x,y,probability
-142.5,-142.5,1.5929682352387656e-05
-140.0,-142.5,1.5929682352387656e-05
-137.5,-142.5,1.5929682352387656e-05
-135.0,-142.5,1.5929682352387656e-05
-132.5,-142.5,1.5929682352387656e-05
-130.0,-142.5,1.5929682352387656e-05
-127.5,-142.5,1.5929682352387656e-05
-125.0,-142.5,1.5929682352387656e-05
-122.5,-142.5,1.5929682352387656e-05
-120.0,-142.5,1.5929682352387656e-05
-117.5,-142.5,1.5929682352387656e-05
-115.0,-142.5,1.5929682352387656e-05
-112.5,-142.5,1.5929682352387656e-05
-110.0,-142.5,1.5929682352387656e-05
-107.5,-142.5,1.5929682352387656e-05
-105.0,-142.5,1.5929682352387656e-05
-102.5,-142.5,1.5929682352387656e-05
-100.0,-142.5,1.5929682352387656e-05
-97.5,-142.5,1.5929682352387656e-05
-95.0,-142.5,1.5929682352387656e-05
-92.5,-142.5,1.5929682352387656e-05
-90.0,-142.5,1.5929682352387656e-05
-87.5,-142.5,1.5929682352387656e-05
-85.0,-142.5,1.5929682352387656e-05
-82.5,-142.5,1.5929682352387656e-05
-80.0,-142.5,1.5929682352387656e-05
-77.5,-142.5,1.5929682352387656e-05
-75.0,-142.5,1.5929682352387656e-05
-72.5,-142.5,1.5929682352387656e-05
-70.0,-142.5,1.5929682352387656e-05
-67.5,-142.5,1.5929682352387656e-05
-65.0,-142.5,1.5929682352387656e-05
-62.5,-142.5,1.5929682352387656e-05
-60.0,-142.5,1.5929682352387656e-05
-57.5,-142.5,1.5929682352387656e-05
-55.0,-142.5,1.5929682352387656e-05
-52.5,-142.5,1.5929682352387656e-05
-50.0,-142.5,1.5929682352387656e-05
-47.5,-142.5,1.5929682352387656e-05
-45.0,-142.5,1.5929682352387656e-05
-42.5,-142.5,1.5929682352387656e-05
-40.0,-142.5,1.5929682352387656e-05
-37.5,-142.5,1.5929682352387656e-05
-35.0,-142.5,1.5929682352387656e-05
-32.5,-142.5,1.5929682352387656e-05
-30.0,-142.5,1.5929682352387656e-05
-27.5,-142.5,1.5929682352387656e-05
-25.0,-142.5,1.5929682352387656e-05
-22.5,-142.5,1.5929682352387656e-05
-20.0,-142.5,1.5929682352387656e-05
-17.5,-142.5,1.5929682352387656e-05
-15.0,-142.5,1.5929682352387656e-05
-12.5,-142.5,1.5929682352387656e-05
-10.0,-142.5,1.5929682352387656e-05
-7.5,-142.5,1.5929682352387656e-05
-5.0,-142.5,1.5929682352387656e-05
-2.5,-142.5,1.5929682352387656e-05
0.0,-142.5,1.5929682352387656e-05
2.5,-142.5,1.5929682352387656e-05
5.0,-142.5,1.5929682352387656e-05
7.5,-142.5,1.5929682352387656e-05
10.0,-142.5,1.5929682352387656e-05
12.5,-142.5,1.5929682352387656e-05
15.0,-142.5,1.5929682352387656e-05
17.5,-142.5,1.5929682352387656e-05
20.0,-142.5,1.5929682352387656e-05
22.5,-142.5,1.5929682352387656e-05
25.0,-142.5,1.5929682352387656e-05
27.5,-142.5,1.5929682352387656e-05
30.0,-142.5,1.5929682352387656e-05
32.5,-142.5,1.5929682352387656e-05
35.0,-142.5,1.5929682352387656e-05
37.5,-142.5,1.5929682352387656e-05
40.0,-142.5,1.5929682352387656e-05
42.5,-142.5,1.5929682352387656e-05
45.0,-142.5,1.5929682352387656e-05
47.5,-142.5,1.5929682352387656e-05
50.0,-142.5,1.5929682352387656e-05
52.5,-142.5,1.5929682352387656e-05
55.0,-142.5,1.5929682352387656e-05
57.5,-142.5,1.5929682352387656e-05
60.0,-142.5,1.5929682352387656e-05
62.5,-142.5,1.5929682352387656e-05
65.0,-142.5,1.5929682352387656e-05
67.5,-142.5,1.5929682352387656e-05
70.0,-142.5,1.5929682352387656e-05
72.5,-142.5,1.5929682352387656e-05
75.0,-142.5,1.5929682352387656e-05
77.5,-142.5,1.5929682352387656e-05
80.0,-142.5,1.5929682352387656e-05
82.5,-142.5,1.5929682352387656e-05
85.0,-142.5,1.5929682352387656e-05
87.5,-142.5,1.5929682352387656e-05
90.0,-142.5,1.5929682352387656e-05
92.5,-142.5,1.5929682352387656e-05
95.0,-142.5,1.5929682352387656e-05
97.5,-142.5,1.5929682352387656e-05
100.0,-142.5,1.5929682352387656e-05
102.5,-142.5,1.5929682352387656e-05
105.0,-142.5,1.5929682352387656e-05
107.5,-142.5,1.5929682352387656e-05
110.0,-142.5,1.5929682352387656e-05
112.5,-142.5,1.5929682352387656e-05
115.0,-142.5,1.5929682352387656e-05
117.5,-142.5,1.5929682352387656e-05
120.0,-142.5,1.5929682352387656e-05
122.5,-142.5,1.5929682352387656e-05
125.0,-142.5,1.5929682352387656e-05
127.5,-142.5,1.5929682352387656e-05
130.0,-142.5,1.5929682352387656e-05
132.5,-142.5,1.5929682352387656e-05
135.0,-142.5,1.5929682352387656e-05
137.5,-142.5,1.5929682352387656e-05
140.0,-142.5,1.5929682352387656e-05
142.5,-142.5,1.5929682352387656e-05
145.0,-142.5,1.5929682352387656e-05
147.5,-142.5,1.5929682352387656e-05
150.0,-142.5,1.5929682352387656e-05
152.5,-142.5,1.5929682352387656e-05
155.0,-142.5,1.5929682352387656e-05
-142.5,-140.0,1.5929682352387656e-05
-140.0,-140.0,1.5929682352387656e-05
-137.5,-140.0,1.5929682352387656e-05
-135.0,-140.0,1.5929682352387656e-05
-132.5,-140.0,1.5929682352387656e-05
-130.0,-140.0,1.5929682352387656e-05
-127.5,-140.0,1.5929682352387656e-05
-125.0,-140.0,1.5929682352387656e-05
-122.5,-140.0,1.5929682352387656e-05
-120.0,-140.0,1.5929682352387656e-05
-117.5,-140.0,1.5929682352387656e-05
-115.0,-140.0,1.5929682352387656e-05
-112.5,-140.0,1.5929682352387656e-05
-110.0,-140.0,1.5929682352387656e-05
-107.5,-140.0,1.5929682352387656e-05
-105.0,-140.0,1.5929682352387656e-05
-102.5,-140.0,1.5929682352387656e-05
-100.0,-140.0,1.5929682352387656e-05
-97.5,-140.0,1.5929682352387656e-05
-95.0,-140.0,1.5929682352387656e-05
-92.5,-140.0,1.5929682352387656e-05
-90.0,-140.0,1.5929682352387656e-05
-87.5,-140.0,1.5929682352387656e-05
-85.0,-140.0,1.5929682352387656e-05
-82.5,-140.0,1.5929682352387656e-05
-80.0,-140.0,1.5929682352387656e-05
-77.5,-140.0,1.5929682352387656e-05
-75.0,-140.0,1.5929682352387656e-05
-72.5,-140.0,1.5929682352387656e-05
-70.0,-140.0,1.5929682352387656e-05
-67.5,-140.0,1.5929682352387656e-05
-65.0,-140.0,1.5929682352387656e-05
-62.5,-140.0,1.5929682352387656e-05
-60.0,-140.0,1.5929682352387656e-05
-57.5,-140.0,1.5929682352387656e-05
-55.0,-140.0,1.5929682352387656e-05
-52.5,-140.0,1.5929682352387656e-05
-50.0,-140.0,1.5929682352387656e-05
-47.5,-140.0,1.5929682352387656e-05
-45.0,-140.0,1.5929682352387656e-05
-42.5,-140.0,1.5929682352387656e-05
-40.0,-140.0,1.5929682352387656e-05
-37.5,-140.0,1.5929682352387656e-05
-35.0,-140.0,1.5929682352387656e-05
-32.5,-140.0,1.5929682352387656e-05
-30.0,-140.0,1.5929682352387656e-05
-27.5,-140.0,1.5929682352387656e-05
-25.0,-140.0,1.5929682352387656e-05
-22.5,-140.0,1.5929682352387656e-05
-20.0,-140.0,1.5929682352387656e-05
-17.5,-140.0,1.5929682352387656e-05
-15.0,-140.0,1.5929682352387656e-05
-12.5,-140.0,1.5929682352387656e-05
-10.0,-140.0,1.5929682352387656e-05
-7.5,-140.0,1.5929682352387656e-05
-5.0,-140.0,1.5929682352387656e-05
-2.5,-140.0,1.5929682352387656e-05
0.0,-140.0,1.5929682352387656e-05
2.5,-140.0,1.5929682352387656e-05
5.0,-140.0,1.5929682352387656e-05
7.5,-140.0,1.5929682352387656e-05
10.0,-140.0,1.5929682352387656e-05
12.5,-140.0,1.5929682352387656e-05
15.0,-140.0,1.5929682352387656e-05
17.5,-140.0,1.5929682352387656e-05
20.0,-140.0,1.5929682352387656e-05
22.5,-140.0,1.5929682352387656e-05
25.0,-140.0,1.5929682352387656e-05
27.5,-140.0,1.5929682352387656e-05
30.0,-140.0,1.5929682352387656e-05
32.5,-140.0,1.5929682352387656e-05
35.0,-140.0,1.5929682352387656e-05
37.5,-140.0,1.5929682352387656e-05
40.0,-140.0,1.5929682352387656e-05
42.5,-140.0,1.5929682352387656e-05
45.0,-140.0,1.5929682352387656e-05
47.5,-140.0,1.5929682352387656e-05
50.0,-140.0,1.5929682352387656e-05
52.5,-140.0,1.5929682352387656e-05
55.0,-140.0,1.5929682352387656e-05
57.5,-140.0,1.5929682352387656e-05
60.0,-140.0,1.5929682352387656e-05
62.5,-140.0,1.5929682352387656e-05
65.0,-140.0,1.5929682352387656e-05
67.5,-140.0,1.5929682352387656e-05
70.0,-140.0,1.5929682352387656e-05
72.5,-140.0,1.5929682352387656e-05
75.0,-140.0,1.5929682352387656e-05
77.5,-140.0,1.5929682352387656e-05
80.0,-140.0,1.5929682352387656e-05
82.5,-140.0,1.5929682352387656e-05
85.0,-140.0,1.5929682352387656e-05
87.5,-140.0,1.5929682352387656e-05
90.0,-140.0,1.5929682352387656e-05
92.5,-140.0,1.5929682352387656e-05
95.0,-140.0,1.5929682352387656e-05
97.5,-140.0,1.5929682352387656e-05
100.0,-140.0,1.5929682352387656e-05
102.5,-140.0,1.5929682352387656e-05
105.0,-140.0,1.5929682352387656e-05
107.5,-140.0,1.5929682352387656e-05
110.0,-140.0,1.5929682352387656e-05
112.5,-140.0,1.5929682352387656e-05
115.0,-140.0,1.5929682352387656e-05
117.5,-140.0,1.5929682352387656e-05
120.0,-140.0,1.5929682352387656e-05
122.5,-140.0,1.5929682352387656e-05
125.0,-140.0,1.5929682352387656e-05
127.5,-140.0,1.5929682352387656e-05
130.0,-140.0,1.5929682352387656e-05
132.5,-140.0,1.5929682352387656e-05
135.0,-140.0,1.5929682352387656e-05
137.5,-140.0,1.5929682352387656e-05
140.0,-140.0,1.5929682352387656e-05
142.5,-140.0,1.5929682352387656e-05
145.0,-140.0,1.5929682352387656e-05
147.5,-140.0,1.5929682352387656e-05
150.0,-140.0,1.5929682352387656e-05
152.5,-140.0,1.5929682352387656e-05
155.0,-140.0,1.5929682352387656e-05
-142.5,-137.5,1.5929682352387656e-05
-140.0,-137.5,1.5929682352387656e-05
-137.5,-137.5,1.5929682352387656e-05
-135.0,-137.5,1.5929682352387656e-05
-132.5,-137.5,1.5929682352387656e-05
-130.0,-137.5,1.5929682352387656e-05
-127.5,-137.5,1.5929682352387656e-05
-125.0,-137.5,1.5929682352387656e-05
-122.5,-137.5,1.5929682352387656e-05
-120.0,-137.5,1.5929682352387656e-05
-117.5,-137.5,1.5929682352387656e-05
-115.0,-137.5,1.5929682352387656e-05
-112.5,-137.5,1.5929682352387656e-05
-110.0,-137.5,1.5929682352387656e-05
-107.5,-137.5,1.5929682352387656e-05
-105.0,-137.5,1.5929682352387656e-05
-102.5,-137.5,1.5929682352387656e-05
-100.0,-137.5,1.5929682352387656e-05
-97.5,-137.5,1.5929682352387656e-05
-95.0,-137.5,1.5929682352387656e-05
-92.5,-137.5,1.5929682352387656e-05
-90.0,-137.5,1.5929682352387656e-05
-87.5,-137.5,1.5929682352387656e-05
-85.0,-137.5,1.5929682352387656e-05
-82.5,-137.5,1.5929682352387656e-05
-80.0,-137.5,1.5929682352387656e-05
-77.5,-137.5,1.5929682352387656e-05
-75.0,-137.5,1.5929682352387656e-05
-72.5,-137.5,1.5929682352387656e-05
-70.0,-137.5,1.5929682352387656e-05
-67.5,-137.5,1.5929682352387656e-05
-65.0,-137.5,1.5929682352387656e-05
-62.5,-137.5,1.5929682352387656e-05
-60.0,-137.5,1.5929682352387656e-05
-57.5,-137.5,1.5929682352387656e-05
-55.0,-137.5,1.5929682352387656e-05
-52.5,-137.5,1.5929682352387656e-05
-50.0,-137.5,1.5929682352387656e-05
-47.5,-137.5,1.5929682352387656e-05
-45.0,-137.5,1.5929682352387656e-05
-42.5,-137.5,1.5929682352387656e-05
-40.0,-137.5,1.5929682352387656e-05
-37.5,-137.5,1.5929682352387656e-05
-35.0,-137.5,1.5929682352387656e-05
-32.5,-137.5,1.5929682352387656e-05
-30.0,-137.5,1.5929682352387656e-05
-27.5,-137.5,1.5929682352387656e-05
-25.0,-137.5,1.5929682352387656e-05
-22.5,-137.5,1.5929682352387656e-05
-20.0,-137.5,1.5929682352387656e-05
-17.5,-137.5,1.5929682352387656e-05
-15.0,-137.5,1.5929682352387656e-05
-12.5,-137.5,1.5929682352387656e-05
-10.0,-137.5,1.5929682352387656e-05
-7.5,-137.5,1.5929682352387656e-05
-5.0,-137.5,1.5929682352387656e-05
-2.5,-137.5,1.5929682352387656e-05
0.0,-137.5,1.5929682352387656e-05
2.5,-137.5,1.5929682352387656e-05
5.0,-137.5,1.5929682352387656e-05
7.5,-137.5,1.5929682352387656e-05
10.0,-137.5,1.5929682352387656e-05
12.5,-137.5,1.5929682352387656e-05
15.0,-137.5,1.5929682352387656e-05
17.5,-137.5,1.5929682352387656e-05
20.0,-137.5,1.5929682352387656e-05
22.5,-137.5,1.5929682352387656e-05
25.0,-137.5,1.5929682352387656e-05
27.5,-137.5,1.5929682352387656e-05
30.0,-137.5,1.5929682352387656e-05
32.5,-137.5,1.5929682352387656e-05
35.0,-137.5,1.5929682352387656e-05
37.5,-137.5,1.5929682352387656e-05
40.0,-137.5,1.5929682352387656e-05
42.5,-137.5,1.5929682352387656e-05
45.0,-137.5,1.5929682352387656e-05
47.5,-137.5,1.5929682352387656e-05
50.0,-137.5,1.5929682352387656e-05
52.5,-137.5,1.5929682352387656e-05
55.0,-137.5,1.5929682352387656e-05
57.5,-137.5,1.5929682352387656e-05
60.0,-137.5,1.5929682352387656e-05
62.5,-137.5,1.5929682352387656e-05
65.0,-137.5,1.5929682352387656e-05
67.5,-137.5,1.5929682352387656e-05
70.0,-137.5,1.5929682352387656e-05
72.5,-137.5,1.5929682352387656e-05
75.0,-137.5,1.5929682352387656e-05
77.5,-137.5,1.5929682352387656e-05
80.0,-137.5,1.5929682352387656e-05
82.5,-137.5,1.5929682352387656e-05
85.0,-137.5,1.5929682352387656e-05
87.5,-137.5,1.5929682352387656e-05
90.0,-137.5,1.5929682352387656e-05
92.5,-137.5,1.5929682352387656e-05
95.0,-137.5,1.5929682352387656e-05
97.5,-137.5,1.5929682352387656e-05
100.0,-137.5,1.5929682352387656e-05
102.5,-137.5,1.5929682352387656e-05
105.0,-137.5,1.5929682352387656e-05
107.5,-137.5,1.5929682352387656e-05
110.0,-137.5,1.5929682352387656e-05
112.5,-137.5,1.5929682352387656e-05
115.0,-137.5,1.5929682352387656e-05
117.5,-137.5,1.5929682352387656e-05
120.0,-137.5,1.5929682352387656e-05
122.5,-137.5,1.5929682352387656e-05
125.0,-137.5,1.5929682352387656e-05
127.5,-137.5,1.5929682352387656e-05
130.0,-137.5,1.5929682352387656e-05
132.5,-137.5,1.5929682352387656e-05
135.0,-137.5,1.5929682352387656e-05
137.5,-137.5,1.5929682352387656e-05
140.0,-137.5,1.5929682352387656e-05
142.5,-137.5,1.5929682352387656e-05
145.0,-137.5,1.5929682352387656e-05
147.5,-137.5,1.5929682352387656e-05
150.0,-137.5,1.5929682352387656e-05
152.5,-137.5,1.5929682352387656e-05
155.0,-137.5,1.5929682352387656e-05
-142.5,-135.0,1.5929682352387656e-05
-140.0,-135.0,1.5929682352387656e-05
-137.5,-135.0,1.5929682352387656e-05
-135.0,-135.0,1.5929682352387656e-05
-132.5,-135.0,1.5929682352387656e-05
-130.0,-135.0,1.5929682352387656e-05
-127.5,-135.0,1.5929682352387656e-05
-125.0,-135.0,1.5929682352387656e-05
-122.5,-135.0,1.5929682352387656e-05
-120.0,-135.0,1.5929682352387656e-05
-117.5,-135.0,1.5929682352387656e-05
-115.0,-135.0,1.5929682352387656e-05
-112.5,-135.0,1.5929682352387656e-05
-110.0,-135.0,1.5929682352387656e-05
-107.5,-135.0,1.5929682352387656e-05
-105.0,-135.0,1.5929682352387656e-05
-102.5,-135.0,1.5929682352387656e-05
-100.0,-135.0,1.5929682352387656e-05
-97.5,-135.0,1.5929682352387656e-05
-95.0,-135.0,1.5929682352387656e-05
-92.5,-135.0,1.5929682352387656e-05
-90.0,-135.0,1.5929682352387656e-05
-87.5,-135.0,1.5929682352387656e-05
-85.0,-135.0,1.5929682352387656e-05
-82.5,-135.0,1.5929682352387656e-05
-80.0,-135.0,1.5929682352387656e-05
-77.5,-135.0,1.5929682352387656e-05
-75.0,-135.0,1.5929682352387656e-05
-72.5,-135.0,1.5929682352387656e-05
-70.0,-135.0,1.5929682352387656e-05
-67.5,-135.0,1.5929682352387656e-05
-65.0,-135.0,1.5929682352387656e-05
-62.5,-135.0,1.5929682352387656e-05
-60.0,-135.0,1.5929682352387656e-05
-57.5,-135.0,1.5929682352387656e-05
-55.0,-135.0,1.5929682352387656e-05
-52.5,-135.0,1.5929682352387656e-05
-50.0,-135.0,1.5929682352387656e-05
-47.5,-135.0,1.5929682352387656e-05
-45.0,-135.0,1.5929682352387656e-05
-42.5,-135.0,1.5929682352387656e-05
-40.0,-135.0,1.5929682352387656e-05
-37.5,-135.0,1.5929682352387656e-05
-35.0,-135.0,1.5929682352387656e-05
-32.5,-135.0,1.5929682352387656e-05
-30.0,-135.0,1.5929682352387656e-05
-27.5,-135.0,1.5929682352387656e-05
-25.0,-135.0,1.5929682352387656e-05
-22.5,-135.0,1.5929682352387656e-05
-20.0,-135.0,1.5929682352387656e-05
-17.5,-135.0,1.5929682352387656e-05
-15.0,-135.0,1.5929682352387656e-05
-12.5,-135.0,1.5929682352387656e-05
-10.0,-135.0,1.5929682352387656e-05
-7.5,-135.0,1.5929682352387656e-05
-5.0,-135.0,1.5929682352387656e-05
-2.5,-135.0,1.5929682352387656e-05
0.0,-135.0,1.5929682352387656e-05
2.5,-135.0,1.5929682352387656e-05
5.0,-135.0,1.5929682352387656e-05
7.5,-135.0,1.5929682352387656e-05
10.0,-135.0,1.5929682352387656e-05
12.5,-135.0,1.5929682352387656e-05
15.0,-135.0,1.5929682352387656e-05
17.5,-135.0,1.5929682352387656e-05
20.0,-135.0,1.5929682352387656e-05
22.5,-135.0,1.5929682352387656e-05
25.0,-135.0,1.5929682352387656e-05
27.5,-135.0,1.5929682352387656e-05
30.0,-135.0,1.5929682352387656e-05
32.5,-135.0,1.5929682352387656e-05
35.0,-135.0,1.5929682352387656e-05
37.5,-135.0,1.5929682352387656e-05
40.0,-135.0,1.5929682352387656e-05
42.5,-135.0,1.5929682352387656e-05
45.0,-135.0,1.5929682352387656e-05
47.5,-135.0,1.5929682352387656e-05
50.0,-135.0,1.5929682352387656e-05
52.5,-135.0,1.5929682352387656e-05
55.0,-135.0,1.5929682352387656e-05
57.5,-135.0,1.5929682352387656e-05
60.0,-135.0,1.5929682352387656e-05
62.5,-135.0,1.5929682352387656e-05
65.0,-135.0,1.5929682352387656e-05
67.5,-135.0,1.5929682352387656e-05
70.0,-135.0,1.5929682352387656e-05
72.5,-135.0,1.5929682352387656e-05
75.0,-135.0,1.5929682352387656e-05
77.5,-135.0,1.5929682352387656e-05
80.0,-135.0,1.5929682352387656e-05
82.5,-135.0,1.5929682352387656e-05
85.0,-135.0,1.5929682352387656e-05
87.5,-135.0,1.5929682352387656e-05
90.0,-135.0,1.5929682352387656e-05
92.5,-135.0,1.5929682352387656e-05
95.0,-135.0,1.5929682352387656e-05
97.5,-135.0,1.5929682352387656e-05
100.0,-135.0,1.5929682352387656e-05
102.5,-135.0,1.5929682352387656e-05
105.0,-135.0,1.5929682352387656e-05
107.5,-135.0,1.5929682352387656e-05
110.0,-135.0,1.5929682352387656e-05
112.5,-135.0,1.5929682352387656e-05
115.0,-135.0,1.5929682352387656e-05
117.5,-135.0,1.5929682352387656e-05
120.0,-135.0,1.5929682352387656e-05
122.5,-135.0,1.5929682352387656e-05
125.0,-135.0,1.5929682352387656e-05
127.5,-135.0,1.5929682352387656e-05
130.0,-135.0,1.5929682352387656e-05
132.5,-135.0,1.5929682352387656e-05
135.0,-135.0,1.5929682352387656e-05
137.5,-135.0,1.5929682352387656e-05
140.0,-135.0,1.5929682352387656e-05
142.5,-135.0,1.5929682352387656e-05
145.0,-135.0,1.5929682352387656e-05
147.5,-135.0,1.5929682352387656e-05
150.0,-135.0,1.5929682352387656e-05
152.5,-135.0,1.5929682352387656e-05
155.0,-135.0,1.5929682352387656e-05
-142.5,-132.5,1.5929682352387656e-05
-140.0,-132.5,1.5929682352387656e-05
-137.5,-132.5,1.5929682352387656e-05
-135.0,-132.5,1.5929682352387656e-05
-132.5,-132.5,1.5929682352387656e-05
-130.0,-132.5,1.5929682352387656e-05
-127.5,-132.5,1.5929682352387656e-05
-125.0,-132.5,1.5929682352387656e-05
-122.5,-132.5,1.5929682352387656e-05
-120.0,-132.5,1.5929682352387656e-05
-117.5,-132.5,1.5929682352387656e-05
-115.0,-132.5,1.5929682352387656e-05
-112.5,-132.5,1.5929682352387656e-05
-110.0,-132.5,1.5929682352387656e-05
-107.5,-132.5,1.5929682352387656e-05
-105.0,-132.5,1.5929682352387656e-05
-102.5,-132.5,1.5929682352387656e-05
-100.0,-132.5,1.5929682352387656e-05
-97.5,-132.5,1.5929682352387656e-05
-95.0,-132.5,1.5929682352387656e-05
-92.5,-132.5,1.5929682352387656e-05
-90.0,-132.5,1.5929682352387656e-05
-87.5,-132.5,1.5929682352387656e-05
-85.0,-132.5,1.5929682352387656e-05
-82.5,-132.5,1.5929682352387656e-05
-80.0,-132.5,1.5929682352387656e-05
-77.5,-132.5,1.5929682352387656e-05
-75.0,-132.5,1.5929682352387656e-05
-72.5,-132.5,1.5929682352387656e-05
-70.0,-132.5,1.5929682352387656e-05
-67.5,-132.5,1.5929682352387656e-05
-65.0,-132.5,1.5929682352387656e-05
-62.5,-132.5,1.5929682352387656e-05
-60.0,-132.5,1.5929682352387656e-05
-57.5,-132.5,1.5929682352387656e-05
-55.0,-132.5,1.5929682352387656e-05
-52.5,-132.5,1.5929682352387656e-05
-50.0,-132.5,1.5929682352387656e-05
-47.5,-132.5,1.5929682352387656e-05
-45.0,-132.5,1.5929682352387656e-05
-42.5,-132.5,1.5929682352387656e-05
-40.0,-132.5,1.5929682352387656e-05
-37.5,-132.5,1.5929682352387656e-05
-35.0,-132.5,1.5929682352387656e-05
-32.5,-132.5,1.5929682352387656e-05
-30.0,-132.5,1.5929682352387656e-05
-27.5,-132.5,1.5929682352387656e-05
-25.0,-132.5,1.5929682352387656e-05
-22.5,-132.5,1.5929682352387656e-05
-20.0,-132.5,1.5929682352387656e-05
-17.5,-132.5,1.5929682352387656e-05
-15.0,-132.5,1.5929682352387656e-05
-12.5,-132.5,1.5929682352387656e-05
-10.0,-132.5,1.5929682352387656e-05
-7.5,-132.5,1.5929682352387656e-05
-5.0,-132.5,1.5929682352387656e-05
-2.5,-132.5,1.5929682352387656e-05
0.0,-132.5,1.5929682352387656e-05
2.5,-132.5,1.5929682352387656e-05
5.0,-132.5,1.5929682352387656e-05
7.5,-132.5,1.5929682352387656e-05
10.0,-132.5,1.5929682352387656e-05
12.5,-132.5,1.5929682352387656e-05
15.0,-132.5,1.5929682352387656e-05
17.5,-132.5,1.5929682352387656e-05
20.0,-132.5,1.5929682352387656e-05
22.5,-132.5,1.5929682352387656e-05
25.0,-132.5,1.5929682352387656e-05
27.5,-132.5,1.5929682352387656e-05
30.0,-132.5,1.5929682352387656e-05
32.5,-132.5,1.5929682352387656e-05
35.0,-132.5,1.5929682352387656e-05
37.5,-132.5,1.5929682352387656e-05
40.0,-132.5,1.5929682352387656e-05
42.5,-132.5,1.5929682352387656e-05
45.0,-132.5,1.5929682352387656e-05
47.5,-132.5,1.5929682352387656e-05
50.0,-132.5,1.5929682352387656e-05
52.5,-132.5,1.5929682352387656e-05
55.0,-132.5,1.5929682352387656e-05
57.5,-132.5,1.5929682352387656e-05
60.0,-132.5,1.5929682352387656e-05
62.5,-132.5,1.5929682352387656e-05
65.0,-132.5,1.5929682352387656e-05
67.5,-132.5,1.5929682352387656e-05
70.0,-132.5,1.5929682352387656e-05
72.5,-132.5,1.5929682352387656e-05
75.0,-132.5,1.5929682352387656e-05
77.5,-132.5,1.5929682352387656e-05
80.0,-132.5,1.5929682352387656e-05
82.5,-132.5,1.5929682352387656e-05
85.0,-132.5,1.5929682352387656e-05
87.5,-132.5,1.5929682352387656e-05
90.0,-132.5,1.5929682352387656e-05
92.5,-132.5,1.5929682352387656e-05
95.0,-132.5,1.5929682352387656e-05
97.5,-132.5,1.5929682352387656e-05
100.0,-132.5,1.5929682352387656e-05
102.5,-132.5,1.5929682352387656e-05
105.0,-132.5,1.5929682352387656e-05
107.5,-132.5,1.5929682352387656e-05
110.0,-132.5,1.5929682352387656e-05
112.5,-132.5,1.5929682352387656e-05
115.0,-132.5,1.5929682352387656e-05
117.5,-132.5,1.5929682352387656e-05
120.0,-132.5,1.5929682352387656e-05
122.5,-132.5,1.5929682352387656e-05
125.0,-132.5,1.5929682352387656e-05
127.5,-132.5,1.5929682352387656e-05
130.0,-132.5,1.5929682352387656e-05
132.5,-132.5,1.5929682352387656e-05
135.0,-132.5,1.5929682352387656e-05
137.5,-132.5,1.5929682352387656e-05
140.0,-132.5,1.5929682352387656e-05
142.5,-132.5,1.5929682352387656e-05
145.0,-132.5,1.5929682352387656e-05
147.5,-132.5,1.5929682352387656e-05
150.0,-132.5,1.5929682352387656e-05
152.5,-132.5,1.5929682352387656e-05
155.0,-132.5,1.5929682352387656e-05
-142.5,-130.0,1.5929682352387656e-05
-140.0,-130.0,1.5929682352387656e-05
-137.5,-130.0,1.5929682352387656e-05
-135.0,-130.0,1.5929682352387656e-05
-132.5,-130.0,1.5929682352387656e-05
-130.0,-130.0,1.5929682352387656e-05
-127.5,-130.0,1.5929682352387656e-05
-125.0,-130.0,1.5929682352387656e-05
-122.5,-130.0,1.5929682352387656e-05
-120.0,-130.0,1.5929682352387656e-05
-117.5,-130.0,1.5929682352387656e-05
-115.0,-130.0,1.5929682352387656e-05
-112.5,-130.0,1.5929682352387656e-05
-110.0,-130.0,1.5929682352387656e-05
-107.5,-130.0,1.5929682352387656e-05
-105.0,-130.0,1.5929682352387656e-05
-102.5,-130.0,1.5929682352387656e-05
-100.0,-130.0,1.5929682352387656e-05
-97.5,-130.0,1.5929682352387656e-05
-95.0,-130.0,1.5929682352387656e-05
-92.5,-130.0,1.5929682352387656e-05
-90.0,-130.0,1.5929682352387656e-05
-87.5,-130.0,1.5929682352387656e-05
-85.0,-130.0,1.5929682352387656e-05
-82.5,-130.0,1.5929682352387656e-05
-80.0,-130.0,1.5929682352387656e-05
-77.5,-130.0,1.5929682352387656e-05
-75.0,-130.0,1.5929682352387656e-05
-72.5,-130.0,1.5929682352387656e-05
-70.0,-130.0,1.5929682352387656e-05
-67.5,-130.0,1.5929682352387656e-05
-65.0,-130.0,1.5929682352387656e-05
-62.5,-130.0,1.5929682352387656e-05
-60.0,-130.0,1.5929682352387656e-05
-57.5,-130.0,1.5929682352387656e-05
-55.0,-130.0,1.5929682352387656e-05
-52.5,-130.0,1.5929682352387656e-05
-50.0,-130.0,1.5929682352387656e-05
-47.5,-130.0,1.5929682352387656e-05
-45.0,-130.0,1.5929682352387656e-05
-42.5,-130.0,1.5929682352387656e-05
-40.0,-130.0,1.5929682352387656e-05
-37.5,-130.0,1.5929682352387656e-05
-35.0,-130.0,1.5929682352387656e-05
-32.5,-130.0,1.5929682352387656e-05
-30.0,-130.0,1.5929682352387656e-05
-27.5,-130.0,1.5929682352387656e-05
-25.0,-130.0,1.5929682352387656e-05
-22.5,-130.0,1.5929682352387656e-05
-20.0,-130.0,1.5929682352387656e-05
-17.5,-130.0,1.5929682352387656e-05
-15.0,-130.0,1.5929682352387656e-05
-12.5,-130.0,1.5929682352387656e-05
-10.0,-130.0,1.5929682352387656e-05
-7.5,-130.0,1.5929682352387656e-05
-5.0,-130.0,1.5929682352387656e-05
-2.5,-130.0,1.5929682352387656e-05
0.0,-130.0,1.5929682352387656e-05
2.5,-130.0,1.5929682353627736e-05
5.0,-130.0,1.59296823550269e-05
7.5,-130.0,1.5929682356426008e-05
10.0,-130.0,1.5929682357093754e-05
12.5,-130.0,1.5929682356648588e-05
15.0,-130.0,1.5929682355313094e-05
17.5,-130.0,1.5929682353754957e-05
20.0,-130.0,1.5929682352673794e-05
22.5,-130.0,1.5929682352387656e-05
25.0,-130.0,1.5929682352387656e-05
27.5,-130.0,1.5929682352387656e-05
30.0,-130.0,1.5929682352387656e-05
32.5,-130.0,1.5929682352387656e-05
35.0,-130.0,1.5929682352387656e-05
37.5,-130.0,1.5929682352387656e-05
40.0,-130.0,1.5929682352387656e-05
42.5,-130.0,1.5929682352387656e-05
45.0,-130.0,1.5929682352387656e-05
47.5,-130.0,1.5929682352387656e-05
50.0,-130.0,1.5929682352387656e-05
52.5,-130.0,1.5929682352387656e-05
55.0,-130.0,1.5929682352387656e-05
57.5,-130.0,1.5929682352387656e-05
60.0,-130.0,1.5929682352387656e-05
62.5,-130.0,1.5929682352387656e-05
65.0,-130.0,1.5929682352387656e-05
67.5,-130.0,1.5929682352387656e-05
70.0,-130.0,1.5929682352387656e-05
72.5,-130.0,1.5929682352387656e-05
75.0,-130.0,1.5929682352387656e-05
77.5,-130.0,1.5929682352387656e-05
80.0,-130.0,1.5929682352387656e-05
82.5,-130.0,1.5929682352387656e-05
85.0,-130.0,1.5929682352387656e-05
87.5,-130.0,1.5929682352387656e-05
90.0,-130.0,1.5929682352387656e-05
92.5,-130.0,1.5929682352387656e-05
95.0,-130.0,1.5929682352387656e-05
97.5,-130.0,1.5929682352387656e-05
100.0,-130.0,1.5929682352387656e-05
102.5,-130.0,1.5929682352387656e-05
105.0,-130.0,1.5929682352387656e-05
107.5,-130.0,1.5929682352387656e-05
110.0,-130.0,1.5929682352387656e-05
112.5,-130.0,1.5929682352387656e-05
115.0,-130.0,1.5929682352387656e-05
117.5,-130.0,1.5929682352387656e-05
120.0,-130.0,1.5929682352387656e-05
122.5,-130.0,1.5929682352387656e-05
125.0,-130.0,1.5929682352387656e-05
127.5,-130.0,1.5929682352387656e-05
130.0,-130.0,1.5929682352387656e-05
132.5,-130.0,1.5929682352387656e-05
135.0,-130.0,1.5929682352387656e-05
137.5,-130.0,1.5929682352387656e-05
140.0,-130.0,1.5929682352387656e-05
142.5,-130.0,1.5929682352387656e-05
145.0,-130.0,1.5929682352387656e-05
147.5,-130.0,1.5929682352387656e-05
150.0,-130.0,1.5929682352387656e-05
152.5,-130.0,1.5929682352387656e-05
155.0,-130.0,1.5929682352387656e-05
-142.5,-127.5,1.5929682352387656e-05
-140.0,-127.5,1.5929682352387656e-05
-137.5,-127.5,1.5929682352387656e-05
-135.0,-127.5,1.5929682352387656e-05
-132.5,-127.5,1.5929682352387656e-05
-130.0,-127.5,1.5929682352387656e-05
-127.5,-127.5,1.5929682352387656e-05
-125.0,-127.5,1.5929682352387656e-05
-122.5,-127.5,1.5929682352387656e-05
-120.0,-127.5,1.5929682352387656e-05
-117.5,-127.5,1.5929682352387656e-05
-115.0,-127.5,1.5929682352387656e-05
-112.5,-127.5,1.5929682352387656e-05
-110.0,-127.5,1.5929682352387656e-05
-107.5,-127.5,1.5929682352387656e-05
-105.0,-127.5,1.5929682352387656e-05
-102.5,-127.5,1.5929682352387656e-05
-100.0,-127.5,1.5929682352387656e-05
-97.5,-127.5,1.5929682352387656e-05
-95.0,-127.5,1.5929682352387656e-05
-92.5,-127.5,1.5929682352387656e-05
-90.0,-127.5,1.5929682352387656e-05
-87.5,-127.5,1.5929682352387656e-05
-85.0,-127.5,1.5929682352387656e-05
-82.5,-127.5,1.5929682352387656e-05
-80.0,-127.5,1.5929682352387656e-05
-77.5,-127.5,1.5929682352387656e-05
-75.0,-127.5,1.5929682352387656e-05
-72.5,-127.5,1.5929682352387656e-05
-70.0,-127.5,1.5929682352387656e-05
-67.5,-127.5,1.5929682352387656e-05
-65.0,-127.5,1.5929682352387656e-05
-62.5,-127.5,1.5929682352387656e-05
-60.0,-127.5,1.5929682352387656e-05
-57.5,-127.5,1.5929682352387656e-05
-55.0,-127.5,1.5929682352387656e-05
-52.5,-127.5,1.5929682352387656e-05
-50.0,-127.5,1.5929682352387656e-05
-47.5,-127.5,1.5929682352387656e-05
-45.0,-127.5,1.5929682352387656e-05
-42.5,-127.5,1.5929682352387656e-05
-40.0,-127.5,1.5929682352387656e-05
-37.5,-127.5,1.5929682352387656e-05
-35.0,-127.5,1.5929682352387656e-05
-32.5,-127.5,1.5929682352387656e-05
-30.0,-127.5,1.5929682352387656e-05
-27.5,-127.5,1.5929682352387656e-05
-25.0,-127.5,1.5929682352387656e-05
-22.5,-127.5,1.5929682352387656e-05
-20.0,-127.5,1.5929682352387656e-05
-17.5,-127.5,1.5929682352387656e-05
-15.0,-127.5,1.5929682352387656e-05
-12.5,-127.5,1.5929682352387656e-05
-10.0,-127.5,1.5929682352387656e-05
-7.5,-127.5,1.5929682352387656e-05
-5.0,-127.5,1.592968235416832e-05
-2.5,-127.5,1.592968235874725e-05
0.0,-127.5,1.5929682369431385e-05
2.5,-127.5,1.5929682389686688e-05
5.0,-127.5,1.5929682419704048e-05
7.5,-127.5,1.5929682450516264e-05
10.0,-127.5,1.592968246539772e-05
12.5,-127.5,1.5929682454872612e-05
15.0,-127.5,1.5929682424759893e-05
17.5,-127.5,1.5929682393725036e-05
20.0,-127.5,1.5929682371848045e-05
22.5,-127.5,1.5929682359923773e-05
25.0,-127.5,1.592968235464529e-05
27.5,-127.5,1.5929682352387656e-05
30.0,-127.5,1.5929682352387656e-05
32.5,-127.5,1.5929682352387656e-05
35.0,-127.5,1.5929682352387656e-05
37.5,-127.5,1.5929682352387656e-05
40.0,-127.5,1.5929682352387656e-05
42.5,-127.5,1.5929682352387656e-05
45.0,-127.5,1.5929682352387656e-05
47.5,-127.5,1.5929682352387656e-05
50.0,-127.5,1.5929682352387656e-05
52.5,-127.5,1.5929682352387656e-05
55.0,-127.5,1.5929682352387656e-05
57.5,-127.5,1.5929682352387656e-05
60.0,-127.5,1.5929682352387656e-05
62.5,-127.5,1.5929682352387656e-05
65.0,-127.5,1.5929682352387656e-05
67.5,-127.5,1.5929682352387656e-05
70.0,-127.5,1.5929682352387656e-05
72.5,-127.5,1.5929682352387656e-05
75.0,-127.5,1.5929682352387656e-05
77.5,-127.5,1.5929682352387656e-05
80.0,-127.5,1.5929682352387656e-05
82.5,-127.5,1.5929682352387656e-05
85.0,-127.5,1.5929682352387656e-05
87.5,-127.5,1.5929682352387656e-05
90.0,-127.5,1.5929682352387656e-05
92.5,-127.5,1.5929682352387656e-05
95.0,-127.5,1.5929682352387656e-05
97.5,-127.5,1.5929682352387656e-05
100.0,-127.5,1.5929682352387656e-05
102.5,-127.5,1.5929682352387656e-05
105.0,-127.5,1.5929682352387656e-05
107.5,-127.5,1.5929682352387656e-05
110.0,-127.5,1.5929682352387656e-05
112.5,-127.5,1.5929682352387656e-05
115.0,-127.5,1.5929682352387656e-05
117.5,-127.5,1.5929682352387656e-05
120.0,-127.5,1.5929682352387656e-05
122.5,-127.5,1.5929682352387656e-05
125.0,-127.5,1.5929682352387656e-05
127.5,-127.5,1.5929682352387656e-05
130.0,-127.5,1.5929682352387656e-05
132.5,-127.5,1.5929682352387656e-05
135.0,-127.5,1.5929682352387656e-05
137.5,-127.5,1.5929682352387656e-05
140.0,-127.5,1.5929682352387656e-05
142.5,-127.5,1.5929682352387656e-05
145.0,-127.5,1.5929682352387656e-05
147.5,-127.5,1.5929682352387656e-05
150.0,-127.5,1.5929682352387656e-05
152.5,-127.5,1.5929682352387656e-05
155.0,-127.5,1.5929682352387656e-05
-142.5,-125.0,1.5929682352387656e-05
-140.0,-125.0,1.5929682352387656e-05
-137.5,-125.0,1.5929682352387656e-05
-135.0,-125.0,1.5929682352387656e-05
-132.5,-125.0,1.5929682352387656e-05
-130.0,-125.0,1.5929682352387656e-05
-127.5,-125.0,1.5929682352387656e-05
-125.0,-125.0,1.5929682352387656e-05
-122.5,-125.0,1.5929682352387656e-05
-120.0,-125.0,1.5929682352387656e-05
-117.5,-125.0,1.5929682352387656e-05
-115.0,-125.0,1.5929682352387656e-05
-112.5,-125.0,1.5929682352387656e-05
-110.0,-125.0,1.5929682352387656e-05
-107.5,-125.0,1.5929682352387656e-05
-105.0,-125.0,1.5929682352387656e-05
-102.5,-125.0,1.5929682352387656e-05
-100.0,-125.0,1.5929682352387656e-05
-97.5,-125.0,1.5929682352387656e-05
-95.0,-125.0,1.5929682352387656e-05
-92.5,-125.0,1.5929682352387656e-05
-90.0,-125.0,1.5929682352387656e-05
-87.5,-125.0,1.5929682352387656e-05
-85.0,-125.0,1.5929682352387656e-05
-82.5,-125.0,1.5929682352387656e-05
-80.0,-125.0,1.5929682352387656e-05
-77.5,-125.0,1.5929682352387656e-05
-75.0,-125.0,1.5929682352387656e-05
-72.5,-125.0,1.5929682352387656e-05
-70.0,-125.0,1.5929682352387656e-05
-67.5,-125.0,1.5929682352387656e-05
-65.0,-125.0,1.5929682352387656e-05
-62.5,-125.0,1.5929682352387656e-05
-60.0,-125.0,1.5929682352387656e-05
-57.5,-125.0,1.5929682352387656e-05
-55.0,-125.0,1.5929682352387656e-05
-52.5,-125.0,1.5929682352387656e-05
-50.0,-125.0,1.5929682352387656e-05
-47.5,-125.0,1.5929682352387656e-05
-45.0,-125.0,1.5929682352387656e-05
-42.5,-125.0,1.5929682352387656e-05
-40.0,-125.0,1.5929682352387656e-05
-37.5,-125.0,1.5929682352387656e-05
-35.0,-125.0,1.5929682352387656e-05
-32.5,-125.0,1.5929682352387656e-05
-30.0,-125.0,1.5929682352387656e-05
-27.5,-125.0,1.5929682352387656e-05
-25.0,-125.0,1.5929682352387656e-05
-22.5,-125.0,1.5929682352387656e-05
-20.0,-125.0,1.5929682352387656e-05
-17.5,-125.0,1.5929682352387656e-05
-15.0,-125.0,1.5929682352387656e-05
-12.5,-125.0,1.5929682352387656e-05
-10.0,-125.0,1.592968235464529e-05
-7.5,-125.0,1.5929682361927073e-05
-5.0,-125.0,1.5929682385076006e-05
-2.5,-125.0,1.592968245197898e-05
0.0,-125.0,1.5929682624260485e-05
2.5,-125.0,1.59296829956929e-05
5.0,-125.0,1.5929683615849288e-05
7.5,-125.0,1.5929684315659673e-05
10.0,-125.0,1.5929684672433193e-05
12.5,-125.0,1.5929684402468214e-05
15.0,-125.0,1.5929683724503066e-05
17.5,-125.0,1.5929683074011372e-05
20.0,-125.0,1.592968266489837e-05
22.5,-125.0,1.5929682468800127e-05
25.0,-125.0,1.5929682390831463e-05
27.5,-125.0,1.592968236367593e-05
30.0,-125.0,1.5929682354995095e-05
32.5,-125.0,1.5929682352387656e-05
35.0,-125.0,1.5929682352387656e-05
37.5,-125.0,1.5929682352387656e-05
40.0,-125.0,1.5929682352387656e-05
42.5,-125.0,1.5929682352387656e-05
45.0,-125.0,1.5929682352387656e-05
47.5,-125.0,1.5929682352387656e-05
50.0,-125.0,1.5929682352387656e-05
52.5,-125.0,1.5929682352387656e-05
55.0,-125.0,1.5929682352387656e-05
57.5,-125.0,1.5929682352387656e-05
60.0,-125.0,1.5929682352387656e-05
62.5,-125.0,1.5929682352387656e-05
65.0,-125.0,1.5929682352387656e-05
67.5,-125.0,1.5929682352387656e-05
70.0,-125.0,1.5929682352387656e-05
72.5,-125.0,1.5929682352387656e-05
75.0,-125.0,1.5929682352387656e-05
77.5,-125.0,1.5929682352387656e-05
80.0,-125.0,1.5929682352387656e-05
82.5,-125.0,1.5929682352387656e-05
85.0,-125.0,1.5929682352387656e-05
87.5,-125.0,1.5929682352387656e-05
90.0,-125.0,1.5929682352387656e-05
92.5,-125.0,1.5929682352387656e-05
95.0,-125.0,1.5929682352387656e-05
97.5,-125.0,1.5929682352387656e-05
100.0,-125.0,1.5929682352387656e-05
102.5,-125.0,1.5929682352387656e-05
105.0,-125.0,1.5929682352387656e-05
107.5,-125.0,1.5929682352387656e-05
110.0,-125.0,1.5929682352387656e-05
112.5,-125.0,1.5929682352387656e-05
115.0,-125.0,1.5929682352387656e-05
117.5,-125.0,1.5929682352387656e-05
120.0,-125.0,1.5929682352387656e-05
122.5,-125.0,1.5929682352387656e-05
125.0,-125.0,1.5929682352387656e-05
127.5,-125.0,1.5929682352387656e-05
130.0,-125.0,1.5929682352387656e-05
132.5,-125.0,1.5929682352387656e-05
135.0,-125.0,1.5929682352387656e-05
137.5,-125.0,1.5929682352387656e-05
140.0,-125.0,1.5929682352387656e-05
142.5,-125.0,1.5929682352387656e-05
145.0,-125.0,1.5929682352387656e-05
147.5,-125.0,1.5929682352387656e-05
150.0,-125.0,1.5929682352387656e-05
152.5,-125.0,1.5929682352387656e-05
155.0,-125.0,1.5929682352387656e-05
-142.5,-122.5,1.5929682352387656e-05
-140.0,-122.5,1.5929682352387656e-05
-137.5,-122.5,1.5929682352387656e-05
-135.0,-122.5,1.5929682352387656e-05
-132.5,-122.5,1.5929682352387656e-05
-130.0,-122.5,1.5929682352387656e-05
-127.5,-122.5,1.5929682352387656e-05
-125.0,-122.5,1.5929682352387656e-05
-122.5,-122.5,1.5929682352387656e-05
-120.0,-122.5,1.5929682352387656e-05
-117.5,-122.5,1.5929682352387656e-05
-115.0,-122.5,1.5929682352387656e-05
-112.5,-122.5,1.5929682352387656e-05
-110.0,-122.5,1.5929682352387656e-05
-107.5,-122.5,1.5929682352387656e-05
-105.0,-122.5,1.5929682352387656e-05
-102.5,-122.5,1.5929682352387656e-05
-100.0,-122.5,1.5929682352387656e-05
-97.5,-122.5,1.5929682352387656e-05
-95.0,-122.5,1.5929682352387656e-05
-92.5,-122.5,1.5929682352387656e-05
-90.0,-122.5,1.5929682352387656e-05
-87.5,-122.5,1.5929682352387656e-05
-85.0,-122.5,1.5929682352387656e-05
-82.5,-122.5,1.5929682352387656e-05
-80.0,-122.5,1.5929682352387656e-05
-77.5,-122.5,1.5929682352387656e-05
-75.0,-122.5,1.5929682352387656e-05
-72.5,-122.5,1.5929682352387656e-05
-70.0,-122.5,1.5929682352387656e-05
-67.5,-122.5,1.5929682352387656e-05
-65.0,-122.5,1.5929682352387656e-05
-62.5,-122.5,1.5929682352387656e-05
-60.0,-122.5,1.5929682352387656e-05
-57.5,-122.5,1.5929682352387656e-05
-55.0,-122.5,1.5929682352387656e-05
-52.5,-122.5,1.5929682352387656e-05
-50.0,-122.5,1.5929682352387656e-05
-47.5,-122.5,1.5929682352387656e-05
-45.0,-122.5,1.5929682352387656e-05
-42.5,-122.5,1.5929682352387656e-05
-40.0,-122.5,1.5929682352387656e-05
-37.5,-122.5,1.5929682352387656e-05
-35.0,-122.5,1.5929682352387656e-05
-32.5,-122.5,1.5929682352387656e-05
-30.0,-122.5,1.5929682352387656e-05
-27.5,-122.5,1.5929682352387656e-05
-25.0,-122.5,1.5929682352387656e-05
-22.5,-122.5,1.5929682352387656e-05
-20.0,-122.5,1.5929682352387656e-05
-17.5,-122.5,1.5929682352387656e-05
-15.0,-122.5,1.5929682353754957e-05
-12.5,-122.5,1.5929682360114606e-05
-10.0,-122.5,1.5929682382627542e-05
-7.5,-122.5,1.5929682461709174e-05
-5.0,-122.5,1.5929682732310122e-05
-2.5,-122.5,1.592968361009383e-05
0.0,-122.5,1.592968619578018e-05
2.5,-122.5,1.5929692692750527e-05
5.0,-122.5,1.59297053548573e-05
7.5,-122.5,1.5929721666444983e-05
10.0,-122.5,1.5929730667250583e-05
12.5,-122.5,1.592972378085992e-05
15.0,-122.5,1.592970771449596e-05
17.5,-122.5,1.5929694151484925e-05
20.0,-122.5,1.5929686836637223e-05
22.5,-122.5,1.592968383347479e-05
25.0,-122.5,1.59296827975596e-05
27.5,-122.5,1.59296824780851e-05
30.0,-122.5,1.592968238618892e-05
32.5,-122.5,1.592968236084591e-05
35.0,-122.5,1.5929682353913928e-05
37.5,-122.5,1.5929682352387656e-05
40.0,-122.5,1.5929682352387656e-05
42.5,-122.5,1.5929682352387656e-05
45.0,-122.5,1.5929682352387656e-05
47.5,-122.5,1.5929682352387656e-05
50.0,-122.5,1.5929682352387656e-05
52.5,-122.5,1.5929682352387656e-05
55.0,-122.5,1.5929682352387656e-05
57.5,-122.5,1.5929682352387656e-05
60.0,-122.5,1.5929682352387656e-05
62.5,-122.5,1.5929682352387656e-05
65.0,-122.5,1.5929682352387656e-05
67.5,-122.5,1.5929682352387656e-05
70.0,-122.5,1.5929682352387656e-05
72.5,-122.5,1.5929682352387656e-05
75.0,-122.5,1.5929682352387656e-05
77.5,-122.5,1.5929682352387656e-05
80.0,-122.5,1.5929682352387656e-05
82.5,-122.5,1.5929682352387656e-05
85.0,-122.5,1.5929682352387656e-05
87.5,-122.5,1.5929682352387656e-05
90.0,-122.5,1.5929682352387656e-05
92.5,-122.5,1.5929682352387656e-05
95.0,-122.5,1.5929682352387656e-05
97.5,-122.5,1.5929682352387656e-05
100.0,-122.5,1.5929682352387656e-05
102.5,-122.5,1.5929682352387656e-05
105.0,-122.5,1.5929682352387656e-05
107.5,-122.5,1.5929682352387656e-05
110.0,-122.5,1.5929682352387656e-05
112.5,-122.5,1.5929682352387656e-05
115.0,-122.5,1.5929682352387656e-05
117.5,-122.5,1.5929682352387656e-05
120.0,-122.5,1.5929682352387656e-05
122.5,-122.5,1.5929682352387656e-05
125.0,-122.5,1.5929682352387656e-05
127.5,-122.5,1.5929682352387656e-05
130.0,-122.5,1.5929682352387656e-05
132.5,-122.5,1.5929682352387656e-05
135.0,-122.5,1.5929682352387656e-05
137.5,-122.5,1.5929682352387656e-05
140.0,-122.5,1.5929682352387656e-05
142.5,-122.5,1.5929682352387656e-05
145.0,-122.5,1.5929682352387656e-05
147.5,-122.5,1.5929682352387656e-05
150.0,-122.5,1.5929682352387656e-05
152.5,-122.5,1.5929682352387656e-05
155.0,-122.5,1.5929682352387656e-05
-142.5,-120.0,1.5929682352387656e-05
-140.0,-120.0,1.5929682352387656e-05
-137.5,-120.0,1.5929682352387656e-05
-135.0,-120.0,1.5929682352387656e-05
-132.5,-120.0,1.5929682352387656e-05
-130.0,-120.0,1.5929682352387656e-05
-127.5,-120.0,1.5929682352387656e-05
-125.0,-120.0,1.5929682352387656e-05
-122.5,-120.0,1.5929682352387656e-05
-120.0,-120.0,1.5929682352387656e-05
-117.5,-120.0,1.5929682352387656e-05
-115.0,-120.0,1.5929682352387656e-05
-112.5,-120.0,1.5929682352387656e-05
-110.0,-120.0,1.5929682352387656e-05
-107.5,-120.0,1.5929682352387656e-05
-105.0,-120.0,1.5929682352387656e-05
-102.5,-120.0,1.5929682352387656e-05
-100.0,-120.0,1.5929682352387656e-05
-97.5,-120.0,1.5929682352387656e-05
-95.0,-120.0,1.5929682352387656e-05
-92.5,-120.0,1.5929682352387656e-05
-90.0,-120.0,1.5929682352387656e-05
-87.5,-120.0,1.5929682352387656e-05
-85.0,-120.0,1.5929682352387656e-05
-82.5,-120.0,1.5929682352387656e-05
-80.0,-120.0,1.5929682352387656e-05
-77.5,-120.0,1.5929682352387656e-05
-75.0,-120.0,1.5929682352387656e-05
-72.5,-120.0,1.5929682352387656e-05
-70.0,-120.0,1.5929682352387656e-05
-67.5,-120.0,1.5929682352387656e-05
-65.0,-120.0,1.5929682352387656e-05
-62.5,-120.0,1.5929682352387656e-05
-60.0,-120.0,1.5929682352387656e-05
-57.5,-120.0,1.5929682352387656e-05
-55.0,-120.0,1.5929682352387656e-05
-52.5,-120.0,1.5929682352387656e-05
-50.0,-120.0,1.5929682352387656e-05
-47.5,-120.0,1.5929682352387656e-05
-45.0,-120.0,1.5929682352387656e-05
-42.5,-120.0,1.5929682352387656e-05
-40.0,-120.0,1.5929682352387656e-05
-37.5,-120.0,1.5929682352387656e-05
-35.0,-120.0,1.5929682352387656e-05
-32.5,-120.0,1.5929682352387656e-05
-30.0,-120.0,1.5929682352387656e-05
-27.5,-120.0,1.5929682352387656e-05
-25.0,-120.0,1.5929682352387656e-05
-22.5,-120.0,1.5929682352387656e-05
-20.0,-120.0,1.5929682352991794e-05
-17.5,-120.0,1.592968235706195e-05
-15.0,-120.0,1.59296823725476e-05
-12.5,-120.0,1.5929682429561407e-05
-10.0,-120.0,1.5929682638696834e-05
-7.5,-120.0,1.5929683405060352e-05
-5.0,-120.0,1.5929686214827213e-05
-2.5,-120.0,1.592969634853799e-05
0.0,-120.0,1.5929730853682976e-05
2.5,-120.0,1.5929834158862324e-05
5.0,-120.0,1.5930076222045604e-05
7.5,-120.0,1.5930439917941242e-05
10.0,-120.0,1.5930658058473993e-05
12.5,-120.0,1.5930489354832943e-05
15.0,-120.0,1.593012483775488e-05
17.5,-120.0,1.5929859165087022e-05
20.0,-120.0,1.5929739835416616e-05
22.5,-120.0,1.5929698891967526e-05
25.0,-120.0,1.5929686803217504e-05
27.5,-120.0,1.592968351469982e-05
30.0,-120.0,1.592968265415062e-05
32.5,-120.0,1.592968243099232e-05
35.0,-120.0,1.5929682372579404e-05
37.5,-120.0,1.5929682357093754e-05
40.0,-120.0,1.5929682353055406e-05
42.5,-120.0,1.5929682352387656e-05
45.0,-120.0,1.5929682352387656e-05
47.5,-120.0,1.5929682352387656e-05
50.0,-120.0,1.5929682352387656e-05
52.5,-120.0,1.5929682352387656e-05
55.0,-120.0,1.5929682352387656e-05
57.5,-120.0,1.5929682352387656e-05
60.0,-120.0,1.5929682352387656e-05
62.5,-120.0,1.5929682352387656e-05
65.0,-120.0,1.5929682352387656e-05
67.5,-120.0,1.5929682352387656e-05
70.0,-120.0,1.5929682352387656e-05
72.5,-120.0,1.5929682352387656e-05
75.0,-120.0,1.5929682352387656e-05
77.5,-120.0,1.5929682352387656e-05
80.0,-120.0,1.5929682352387656e-05
82.5,-120.0,1.5929682352387656e-05
85.0,-120.0,1.5929682352387656e-05
87.5,-120.0,1.5929682352387656e-05
90.0,-120.0,1.5929682352387656e-05
92.5,-120.0,1.5929682352387656e-05
95.0,-120.0,1.5929682352387656e-05
97.5,-120.0,1.5929682352387656e-05
100.0,-120.0,1.5929682352387656e-05
102.5,-120.0,1.5929682352387656e-05
105.0,-120.0,1.5929682352387656e-05
107.5,-120.0,1.5929682352387656e-05
110.0,-120.0,1.5929682352387656e-05
112.5,-120.0,1.5929682352387656e-05
115.0,-120.0,1.5929682352387656e-05
117.5,-120.0,1.5929682352387656e-05
120.0,-120.0,1.5929682352387656e-05
122.5,-120.0,1.5929682352387656e-05
125.0,-120.0,1.5929682352387656e-05
127.5,-120.0,1.5929682352387656e-05
130.0,-120.0,1.5929682352387656e-05
132.5,-120.0,1.5929682352387656e-05
135.0,-120.0,1.5929682352387656e-05
137.5,-120.0,1.5929682352387656e-05
140.0,-120.0,1.5929682352387656e-05
142.5,-120.0,1.5929682352387656e-05
145.0,-120.0,1.5929682352387656e-05
147.5,-120.0,1.5929682352387656e-05
150.0,-120.0,1.5929682352387656e-05
152.5,-120.0,1.5929682352387656e-05
155.0,-120.0,1.5929682352387656e-05
-142.5,-117.5,1.5929682352387656e-05
-140.0,-117.5,1.5929682352387656e-05
-137.5,-117.5,1.5929682352387656e-05
-135.0,-117.5,1.5929682352387656e-05
-132.5,-117.5,1.5929682352387656e-05
-130.0,-117.5,1.5929682352387656e-05
-127.5,-117.5,1.5929682352387656e-05
-125.0,-117.5,1.5929682352387656e-05
-122.5,-117.5,1.5929682352387656e-05
-120.0,-117.5,1.5929682352387656e-05
-117.5,-117.5,1.5929682352387656e-05
-115.0,-117.5,1.5929682352387656e-05
-112.5,-117.5,1.5929682352387656e-05
-110.0,-117.5,1.5929682352387656e-05
-107.5,-117.5,1.5929682352387656e-05
-105.0,-117.5,1.5929682352387656e-05
-102.5,-117.5,1.5929682352387656e-05
-100.0,-117.5,1.5929682352387656e-05
-97.5,-117.5,1.5929682352387656e-05
-95.0,-117.5,1.5929682352387656e-05
-92.5,-117.5,1.5929682352387656e-05
-90.0,-117.5,1.5929682352387656e-05
-87.5,-117.5,1.5929682352387656e-05
-85.0,-117.5,1.5929682352387656e-05
-82.5,-117.5,1.5929682352387656e-05
-80.0,-117.5,1.5929682352387656e-05
-77.5,-117.5,1.5929682352387656e-05
-75.0,-117.5,1.5929682352387656e-05
-72.5,-117.5,1.5929682352387656e-05
-70.0,-117.5,1.5929682352387656e-05
-67.5,-117.5,1.5929682352387656e-05
-65.0,-117.5,1.5929682352387656e-05
-62.5,-117.5,1.5929682352387656e-05
-60.0,-117.5,1.5929682352387656e-05
-57.5,-117.5,1.5929682352387656e-05
-55.0,-117.5,1.5929682352387656e-05
-52.5,-117.5,1.5929682352387656e-05
-50.0,-117.5,1.5929682352387656e-05
-47.5,-117.5,1.5929682352387656e-05
-45.0,-117.5,1.5929682352387656e-05
-42.5,-117.5,1.5929682352387656e-05
-40.0,-117.5,1.5929682352387656e-05
-37.5,-117.5,1.5929682352387656e-05
-35.0,-117.5,1.5929682352387656e-05
-32.5,-117.5,1.5929682352387656e-05
-30.0,-117.5,1.5929682352387656e-05
-27.5,-117.5,1.5929682352387656e-05
-25.0,-117.5,1.5929682352387656e-05
-22.5,-117.5,1.59296823543909e-05
-20.0,-117.5,1.59296823631036e-05
-17.5,-117.5,1.5929682397381833e-05
-15.0,-117.5,1.592968252918448e-05
-12.5,-117.5,1.5929683026028202e-05
-10.0,-117.5,1.592968486948546e-05
-7.5,-117.5,1.592969168605694e-05
-5.0,-117.5,1.592971730040758e-05
-2.5,-117.5,1.592981594732827e-05
0.0,-117.5,1.5930190263322463e-05
2.5,-117.5,1.5931406741566535e-05
5.0,-117.5,1.593347292544724e-05
7.5,-117.5,1.5929267443368707e-05
10.0,-117.5,1.591804687704926e-05
12.5,-117.5,1.592750623061728e-05
15.0,-117.5,1.5933569959624376e-05
17.5,-117.5,1.5931685294128716e-05
20.0,-117.5,1.593028661734479e-05
22.5,-117.5,1.5929837301530515e-05
25.0,-117.5,1.5929720432964942e-05
27.5,-117.5,1.5929691813884983e-05
30.0,-117.5,1.5929684782740474e-05
32.5,-117.5,1.592968299575651e-05
35.0,-117.5,1.5929682524764577e-05
37.5,-117.5,1.592968239798597e-05
40.0,-117.5,1.5929682363803153e-05
42.5,-117.5,1.59296823547089e-05
45.0,-117.5,1.5929682352387656e-05
47.5,-117.5,1.5929682352387656e-05
50.0,-117.5,1.5929682352387656e-05
52.5,-117.5,1.5929682352387656e-05
55.0,-117.5,1.5929682352387656e-05
57.5,-117.5,1.5929682352387656e-05
60.0,-117.5,1.5929682352387656e-05
62.5,-117.5,1.5929682352387656e-05
65.0,-117.5,1.5929682352387656e-05
67.5,-117.5,1.5929682352387656e-05
70.0,-117.5,1.5929682352387656e-05
72.5,-117.5,1.5929682352387656e-05
75.0,-117.5,1.5929682352387656e-05
77.5,-117.5,1.5929682352387656e-05
80.0,-117.5,1.5929682352387656e-05
82.5,-117.5,1.5929682352387656e-05
85.0,-117.5,1.5929682352387656e-05
87.5,-117.5,1.5929682352387656e-05
90.0,-117.5,1.5929682352387656e-05
92.5,-117.5,1.5929682352387656e-05
95.0,-117.5,1.5929682352387656e-05
97.5,-117.5,1.5929682352387656e-05
100.0,-117.5,1.5929682352387656e-05
102.5,-117.5,1.5929682352387656e-05
105.0,-117.5,1.5929682352387656e-05
107.5,-117.5,1.5929682352387656e-05
110.0,-117.5,1.5929682352387656e-05
112.5,-117.5,1.5929682352387656e-05
115.0,-117.5,1.5929682352387656e-05
117.5,-117.5,1.5929682352387656e-05
120.0,-117.5,1.5929682352387656e-05
122.5,-117.5,1.5929682352387656e-05
125.0,-117.5,1.5929682352387656e-05
127.5,-117.5,1.5929682352387656e-05
130.0,-117.5,1.5929682352387656e-05
132.5,-117.5,1.5929682352387656e-05
135.0,-117.5,1.5929682352387656e-05
137.5,-117.5,1.5929682352387656e-05
140.0,-117.5,1.5929682352387656e-05
142.5,-117.5,1.5929682352387656e-05
145.0,-117.5,1.5929682352387656e-05
147.5,-117.5,1.5929682352387656e-05
150.0,-117.5,1.5929682352387656e-05
152.5,-117.5,1.5929682352387656e-05
155.0,-117.5,1.5929682352387656e-05
-142.5,-115.0,1.5929682352387656e-05
-140.0,-115.0,1.5929682352387656e-05
-137.5,-115.0,1.5929682352387656e-05
-135.0,-115.0,1.5929682352387656e-05
-132.5,-115.0,1.5929682352387656e-05
-130.0,-115.0,1.5929682352387656e-05
-127.5,-115.0,1.5929682352387656e-05
-125.0,-115.0,1.5929682352387656e-05
-122.5,-115.0,1.5929682352387656e-05
-120.0,-115.0,1.5929682352387656e-05
-117.5,-115.0,1.5929682352387656e-05
-115.0,-115.0,1.5929682352387656e-05
-112.5,-115.0,1.5929682352387656e-05
-110.0,-115.0,1.5929682352387656e-05
-107.5,-115.0,1.5929682352387656e-05
-105.0,-115.0,1.5929682352387656e-05
-102.5,-115.0,1.5929682352387656e-05
-100.0,-115.0,1.5929682352387656e-05
-97.5,-115.0,1.5929682352387656e-05
-95.0,-115.0,1.5929682352387656e-05
-92.5,-115.0,1.5929682352387656e-05
-90.0,-115.0,1.5929682352387656e-05
-87.5,-115.0,1.5929682352387656e-05
-85.0,-115.0,1.5929682352387656e-05
-82.5,-115.0,1.5929682352387656e-05
-80.0,-115.0,1.5929682352387656e-05
-77.5,-115.0,1.5929682352387656e-05
-75.0,-115.0,1.5929682352387656e-05
-72.5,-115.0,1.5929682352387656e-05
-70.0,-115.0,1.5929682352387656e-05
-67.5,-115.0,1.5929682352387656e-05
-65.0,-115.0,1.5929682352387656e-05
-62.5,-115.0,1.5929682352387656e-05
-60.0,-115.0,1.5929682352387656e-05
-57.5,-115.0,1.5929682352387656e-05
-55.0,-115.0,1.5929682352387656e-05
-52.5,-115.0,1.5929682352387656e-05
-50.0,-115.0,1.5929682352387656e-05
-47.5,-115.0,1.5929682352387656e-05
-45.0,-115.0,1.5929682352387656e-05
-42.5,-115.0,1.5929682352387656e-05
-40.0,-115.0,1.5929682352387656e-05
-37.5,-115.0,1.5929682352387656e-05
-35.0,-115.0,1.5929682352387656e-05
-32.5,-115.0,1.5929682352387656e-05
-30.0,-115.0,1.5929682352387656e-05
-27.5,-115.0,1.592968235245121e-05
-25.0,-115.0,1.592968235629884e-05
-22.5,-115.0,1.5929682371975212e-05
-20.0,-115.0,1.5929682437447274e-05
-17.5,-115.0,1.5929682705313617e-05
-15.0,-115.0,1.5929683782057403e-05
-12.5,-115.0,1.5929688002670236e-05
-10.0,-115.0,1.5929704030468302e-05
-7.5,-115.0,1.5929762912787004e-05
-5.0,-115.0,1.5929975171423554e-05
-2.5,-115.0,1.5930740724498484e-05
0.0,-115.0,1.5933052336402364e-05
2.5,-115.0,1.5925082651657583e-05
5.0,-115.0,1.5590302645414102e-05
7.5,-115.0,1.2608692219243945e-05
10.0,-115.0,8.934843350559954e-06
12.5,-115.0,1.1889303900737994e-05
15.0,-115.0,1.5420198603497032e-05
17.5,-115.0,1.5916480714461877e-05
20.0,-115.0,1.5933226620141504e-05
22.5,-115.0,1.5930791144274036e-05
25.0,-115.0,1.592995817975561e-05
27.5,-115.0,1.592975331637694e-05
30.0,-115.0,1.5929701584403277e-05
32.5,-115.0,1.592968764653253e-05
35.0,-115.0,1.59296837901023e-05
37.5,-115.0,1.592968273304148e-05
40.0,-115.0,1.5929682450198264e-05
42.5,-115.0,1.592968237649053e-05
45.0,-115.0,1.592968235760253e-05
47.5,-115.0,1.5929682353055406e-05
50.0,-115.0,1.5929682352387656e-05
52.5,-115.0,1.5929682352387656e-05
55.0,-115.0,1.5929682352387656e-05
57.5,-115.0,1.5929682352387656e-05
60.0,-115.0,1.5929682352387656e-05
62.5,-115.0,1.5929682352387656e-05
65.0,-115.0,1.5929682352387656e-05
67.5,-115.0,1.5929682352387656e-05
70.0,-115.0,1.5929682352387656e-05
72.5,-115.0,1.5929682352387656e-05
75.0,-115.0,1.5929682352387656e-05
77.5,-115.0,1.5929682352387656e-05
80.0,-115.0,1.5929682352387656e-05
82.5,-115.0,1.5929682352387656e-05
85.0,-115.0,1.5929682352387656e-05
87.5,-115.0,1.5929682352387656e-05
90.0,-115.0,1.5929682352387656e-05
92.5,-115.0,1.5929682352387656e-05
95.0,-115.0,1.5929682352387656e-05
97.5,-115.0,1.5929682352387656e-05
100.0,-115.0,1.5929682352387656e-05
102.5,-115.0,1.5929682352387656e-05
105.0,-115.0,1.5929682352387656e-05
107.5,-115.0,1.5929682352387656e-05
110.0,-115.0,1.5929682352387656e-05
112.5,-115.0,1.5929682352387656e-05
115.0,-115.0,1.5929682352387656e-05
117.5,-115.0,1.5929682352387656e-05
120.0,-115.0,1.5929682352387656e-05
122.5,-115.0,1.5929682352387656e-05
125.0,-115.0,1.5929682352387656e-05
127.5,-115.0,1.5929682352387656e-05
130.0,-115.0,1.5929682352387656e-05
132.5,-115.0,1.5929682352387656e-05
135.0,-115.0,1.5929682352387656e-05
137.5,-115.0,1.5929682352387656e-05
140.0,-115.0,1.5929682352387656e-05
142.5,-115.0,1.5929682352387656e-05
145.0,-115.0,1.5929682352387656e-05
147.5,-115.0,1.5929682352387656e-05
150.0,-115.0,1.5929682352387656e-05
152.5,-115.0,1.5929682352387656e-05
155.0,-115.0,1.5929682352387656e-05
-142.5,-112.5,1.5929682352387656e-05
-140.0,-112.5,1.5929682352387656e-05
-137.5,-112.5,1.5929682352387656e-05
-135.0,-112.5,1.5929682352387656e-05
-132.5,-112.5,1.5929682352387656e-05
-130.0,-112.5,1.5929682352387656e-05
-127.5,-112.5,1.5929682352387656e-05
-125.0,-112.5,1.5929682352387656e-05
-122.5,-112.5,1.5929682352387656e-05
-120.0,-112.5,1.5929682352387656e-05
-117.5,-112.5,1.5929682352387656e-05
-115.0,-112.5,1.5929682352387656e-05
-112.5,-112.5,1.5929682352387656e-05
-110.0,-112.5,1.5929682352387656e-05
-107.5,-112.5,1.5929682352387656e-05
-105.0,-112.5,1.5929682352387656e-05
-102.5,-112.5,1.5929682352387656e-05
-100.0,-112.5,1.5929682352387656e-05
-97.5,-112.5,1.5929682352387656e-05
-95.0,-112.5,1.5929682352387656e-05
-92.5,-112.5,1.5929682352387656e-05
-90.0,-112.5,1.5929682352387656e-05
-87.5,-112.5,1.5929682352387656e-05
-85.0,-112.5,1.5929682352387656e-05
-82.5,-112.5,1.5929682352387656e-05
-80.0,-112.5,1.5929682352387656e-05
-77.5,-112.5,1.5929682352387656e-05
-75.0,-112.5,1.5929682352387656e-05
-72.5,-112.5,1.5929682352387656e-05
-70.0,-112.5,1.5929682352387656e-05
-67.5,-112.5,1.5929682352387656e-05
-65.0,-112.5,1.5929682352387656e-05
-62.5,-112.5,1.5929682352387656e-05
-60.0,-112.5,1.5929682352387656e-05
-57.5,-112.5,1.5929682352387656e-05
-55.0,-112.5,1.5929682352387656e-05
-52.5,-112.5,1.5929682352387656e-05
-50.0,-112.5,1.5929682352387656e-05
-47.5,-112.5,1.5929682352387656e-05
-45.0,-112.5,1.5929682352387656e-05
-42.5,-112.5,1.5929682352387656e-05
-40.0,-112.5,1.5929682352387656e-05
-37.5,-112.5,1.5929682352387656e-05
-35.0,-112.5,1.5929682352387656e-05
-32.5,-112.5,1.5929682352387656e-05
-30.0,-112.5,1.5929682353150765e-05
-27.5,-112.5,1.592968235849286e-05
-25.0,-112.5,1.5929682382118767e-05
-22.5,-112.5,1.592968248501708e-05
-20.0,-112.5,1.592968293079322e-05
-17.5,-112.5,1.59296848509154e-05
-15.0,-112.5,1.5929693029809554e-05
-12.5,-112.5,1.5929727183257823e-05
-10.0,-112.5,1.592986469395299e-05
-7.5,-112.5,1.5930381181590563e-05
-5.0,-112.5,1.593207568630819e-05
-2.5,-112.5,1.593601888983002e-05
0.0,-112.5,1.591762019511269e-05
2.5,-112.5,1.5110232438667268e-05
5.0,-112.5,7.3323547535234485e-06
7.5,-112.5,1.5114223438720434e-06
10.0,-112.5,5.853636879728524e-07
12.5,-112.5,1.2404773200962146e-06
15.0,-112.5,5.918436091383292e-06
17.5,-112.5,1.464746847452801e-05
20.0,-112.5,1.5896701345139674e-05
22.5,-112.5,1.59342711073553e-05
25.0,-112.5,1.5931478780240135e-05
27.5,-112.5,1.593024036035039e-05
30.0,-112.5,1.5929847276124433e-05
32.5,-112.5,1.5929728166423774e-05
35.0,-112.5,1.5929694406600465e-05
37.5,-112.5,1.5929685401052662e-05
40.0,-112.5,1.5929683102470595e-05
42.5,-112.5,1.592968253306386e-05
45.0,-112.5,1.5929682394806202e-05
47.5,-112.5,1.5929682361704436e-05
50.0,-112.5,1.5929682353754957e-05
52.5,-112.5,1.5929682352387656e-05
55.0,-112.5,1.5929682352387656e-05
57.5,-112.5,1.5929682352387656e-05
60.0,-112.5,1.5929682352387656e-05
62.5,-112.5,1.5929682352387656e-05
65.0,-112.5,1.5929682352387656e-05
67.5,-112.5,1.5929682352387656e-05
70.0,-112.5,1.5929682352387656e-05
72.5,-112.5,1.5929682352387656e-05
75.0,-112.5,1.5929682352387656e-05
77.5,-112.5,1.5929682352387656e-05
80.0,-112.5,1.5929682352387656e-05
82.5,-112.5,1.5929682352387656e-05
85.0,-112.5,1.5929682352387656e-05
87.5,-112.5,1.5929682352387656e-05
90.0,-112.5,1.5929682352387656e-05
92.5,-112.5,1.5929682352387656e-05
95.0,-112.5,1.5929682352387656e-05
97.5,-112.5,1.5929682352387656e-05
100.0,-112.5,1.5929682352387656e-05
102.5,-112.5,1.5929682352387656e-05
105.0,-112.5,1.5929682352387656e-05
107.5,-112.5,1.5929682352387656e-05
110.0,-112.5,1.5929682352387656e-05
112.5,-112.5,1.5929682352387656e-05
115.0,-112.5,1.5929682352387656e-05
117.5,-112.5,1.5929682352387656e-05
120.0,-112.5,1.5929682352387656e-05
122.5,-112.5,1.5929682352387656e-05
125.0,-112.5,1.5929682352387656e-05
127.5,-112.5,1.5929682352387656e-05
130.0,-112.5,1.5929682352387656e-05
132.5,-112.5,1.5929682352387656e-05
135.0,-112.5,1.5929682352387656e-05
137.5,-112.5,1.5929682352387656e-05
140.0,-112.5,1.5929682352387656e-05
142.5,-112.5,1.5929682352387656e-05
145.0,-112.5,1.5929682352387656e-05
147.5,-112.5,1.5929682352387656e-05
150.0,-112.5,1.5929682352387656e-05
152.5,-112.5,1.5929682352387656e-05
155.0,-112.5,1.5929682352387656e-05
-142.5,-110.0,1.5929682352387656e-05
-140.0,-110.0,1.5929682352387656e-05
-137.5,-110.0,1.5929682352387656e-05
-135.0,-110.0,1.5929682352387656e-05
-132.5,-110.0,1.5929682352387656e-05
-130.0,-110.0,1.5929682352387656e-05
-127.5,-110.0,1.5929682352387656e-05
-125.0,-110.0,1.5929682352387656e-05
-122.5,-110.0,1.5929682352387656e-05
-120.0,-110.0,1.5929682352387656e-05
-117.5,-110.0,1.5929682352387656e-05
-115.0,-110.0,1.5929682352387656e-05
-112.5,-110.0,1.5929682352387656e-05
-110.0,-110.0,1.5929682352387656e-05
-107.5,-110.0,1.5929682352387656e-05
-105.0,-110.0,1.5929682352387656e-05
-102.5,-110.0,1.5929682352387656e-05
-100.0,-110.0,1.5929682352387656e-05
-97.5,-110.0,1.5929682352387656e-05
-95.0,-110.0,1.5929682352387656e-05
-92.5,-110.0,1.5929682352387656e-05
-90.0,-110.0,1.5929682352387656e-05
-87.5,-110.0,1.5929682352387656e-05
-85.0,-110.0,1.5929682352387656e-05
-82.5,-110.0,1.5929682352387656e-05
-80.0,-110.0,1.5929682352387656e-05
-77.5,-110.0,1.5929682352387656e-05
-75.0,-110.0,1.5929682352387656e-05
-72.5,-110.0,1.5929682352387656e-05
-70.0,-110.0,1.5929682352387656e-05
-67.5,-110.0,1.5929682352387656e-05
-65.0,-110.0,1.5929682352387656e-05
-62.5,-110.0,1.5929682352387656e-05
-60.0,-110.0,1.5929682352387656e-05
-57.5,-110.0,1.5929682352387656e-05
-55.0,-110.0,1.5929682352387656e-05
-52.5,-110.0,1.5929682352387656e-05
-50.0,-110.0,1.5929682352387656e-05
-47.5,-110.0,1.5929682352387656e-05
-45.0,-110.0,1.5929682352387656e-05
-42.5,-110.0,1.5929682352387656e-05
-40.0,-110.0,1.5929682352387656e-05
-37.5,-110.0,1.5929682352387656e-05
-35.0,-110.0,1.5929682352387656e-05
-32.5,-110.0,1.5929682353468765e-05
-30.0,-110.0,1.5929682360146356e-05
-27.5,-110.0,1.592968239022727e-05
-25.0,-110.0,1.5929682524128635e-05
-22.5,-110.0,1.5929683123075704e-05
-20.0,-110.0,1.5929685813472777e-05
-17.5,-110.0,1.5929697937803782e-05
-15.0,-110.0,1.5929752545461727e-05
-12.5,-110.0,1.592999524676667e-05
-10.0,-110.0,1.593100712289797e-05
-7.5,-110.0,1.5934064602338565e-05
-5.0,-110.0,1.5925968575142573e-05
-2.5,-110.0,1.5711718816848295e-05
0.0,-110.0,1.4605915571456153e-05
2.5,-110.0,8.985567149182676e-06
5.0,-110.0,1.9846503987002274e-06
7.5,-110.0,4.717076371606725e-07
10.0,-110.0,2.411345905869403e-07
12.5,-110.0,4.030495753345785e-07
15.0,-110.0,1.590442462250617e-06
17.5,-110.0,7.646266550874567e-06
20.0,-110.0,1.5110981710631489e-05
22.5,-110.0,1.5906651549851933e-05
25.0,-110.0,1.5935682681632683e-05
27.5,-110.0,1.5933838764371538e-05
30.0,-110.0,1.59311234282002e-05
32.5,-110.0,1.5930071075443577e-05
35.0,-110.0,1.592977756932264e-05
37.5,-110.0,1.5929704784177595e-05
40.0,-110.0,1.5929687546686782e-05
42.5,-110.0,1.592968354506693e-05
45.0,-110.0,1.5929682624642097e-05
47.5,-110.0,1.5929682413821367e-05
50.0,-110.0,1.592968236567923e-05
52.5,-110.0,1.59296823547089e-05
55.0,-110.0,1.5929682352387656e-05
57.5,-110.0,1.5929682352387656e-05
60.0,-110.0,1.5929682352387656e-05
62.5,-110.0,1.5929682352387656e-05
65.0,-110.0,1.5929682352387656e-05
67.5,-110.0,1.5929682352387656e-05
70.0,-110.0,1.5929682352387656e-05
72.5,-110.0,1.5929682352387656e-05
75.0,-110.0,1.5929682352387656e-05
77.5,-110.0,1.5929682352387656e-05
80.0,-110.0,1.5929682352387656e-05
82.5,-110.0,1.5929682352387656e-05
85.0,-110.0,1.5929682352387656e-05
87.5,-110.0,1.5929682352387656e-05
90.0,-110.0,1.5929682352387656e-05
92.5,-110.0,1.5929682352387656e-05
95.0,-110.0,1.5929682352387656e-05
97.5,-110.0,1.5929682352387656e-05
100.0,-110.0,1.5929682352387656e-05
102.5,-110.0,1.5929682352387656e-05
105.0,-110.0,1.5929682352387656e-05
107.5,-110.0,1.5929682352387656e-05
110.0,-110.0,1.5929682352387656e-05
112.5,-110.0,1.5929682352387656e-05
115.0,-110.0,1.5929682352387656e-05
117.5,-110.0,1.5929682352387656e-05
120.0,-110.0,1.5929682352387656e-05
122.5,-110.0,1.5929682352387656e-05
125.0,-110.0,1.5929682352387656e-05
127.5,-110.0,1.5929682352387656e-05
130.0,-110.0,1.5929682352387656e-05
132.5,-110.0,1.5929682352387656e-05
135.0,-110.0,1.5929682352387656e-05
137.5,-110.0,1.5929682352387656e-05
140.0,-110.0,1.5929682352387656e-05
142.5,-110.0,1.5929682352387656e-05
145.0,-110.0,1.5929682352387656e-05
147.5,-110.0,1.5929682352387656e-05
150.0,-110.0,1.5929682352387656e-05
152.5,-110.0,1.5929682352387656e-05
155.0,-110.0,1.5929682352387656e-05
-142.5,-107.5,1.5929682352387656e-05
-140.0,-107.5,1.5929682352387656e-05
-137.5,-107.5,1.5929682352387656e-05
-135.0,-107.5,1.5929682352387656e-05
-132.5,-107.5,1.5929682352387656e-05
-130.0,-107.5,1.5929682352387656e-05
-127.5,-107.5,1.5929682352387656e-05
-125.0,-107.5,1.5929682352387656e-05
-122.5,-107.5,1.5929682352387656e-05
-120.0,-107.5,1.5929682352387656e-05
-117.5,-107.5,1.5929682352387656e-05
-115.0,-107.5,1.5929682352387656e-05
-112.5,-107.5,1.5929682352387656e-05
-110.0,-107.5,1.5929682352387656e-05
-107.5,-107.5,1.5929682352387656e-05
-105.0,-107.5,1.5929682352387656e-05
-102.5,-107.5,1.5929682352387656e-05
-100.0,-107.5,1.5929682352387656e-05
-97.5,-107.5,1.5929682352387656e-05
-95.0,-107.5,1.5929682352387656e-05
-92.5,-107.5,1.5929682352387656e-05
-90.0,-107.5,1.5929682352387656e-05
-87.5,-107.5,1.5929682352387656e-05
-85.0,-107.5,1.5929682352387656e-05
-82.5,-107.5,1.5929682352387656e-05
-80.0,-107.5,1.5929682352387656e-05
-77.5,-107.5,1.5929682352387656e-05
-75.0,-107.5,1.5929682352387656e-05
-72.5,-107.5,1.5929682352387656e-05
-70.0,-107.5,1.5929682352387656e-05
-67.5,-107.5,1.5929682352387656e-05
-65.0,-107.5,1.5929682352387656e-05
-62.5,-107.5,1.5929682352387656e-05
-60.0,-107.5,1.5929682352387656e-05
-57.5,-107.5,1.5929682352387656e-05
-55.0,-107.5,1.5929682352387656e-05
-52.5,-107.5,1.5929682352387656e-05
-50.0,-107.5,1.5929682352387656e-05
-47.5,-107.5,1.5929682352387656e-05
-45.0,-107.5,1.5929682352387656e-05
-42.5,-107.5,1.5929682352387656e-05
-40.0,-107.5,1.5929682352387656e-05
-37.5,-107.5,1.5929682352387656e-05
-35.0,-107.5,1.5929682353627736e-05
-32.5,-107.5,1.5929682361100298e-05
-30.0,-107.5,1.5929682394520007e-05
-27.5,-107.5,1.59296825440978e-05
-25.0,-107.5,1.592968321773835e-05
-22.5,-107.5,1.5929686276133774e-05
-20.0,-107.5,1.5929700290127407e-05
-17.5,-107.5,1.5929765054110398e-05
-15.0,-107.5,1.5930063650531296e-05
-12.5,-107.5,1.593134965026816e-05
-10.0,-107.5,1.593427301869402e-05
-7.5,-107.5,1.5870552185839417e-05
-5.0,-107.5,1.4159422058819559e-05
-2.5,-107.5,5.632948658311745e-06
0.0,-107.5,1.9281847891748685e-06
2.5,-107.5,2.0624704437135933e-06
5.0,-107.5,1.0665999724543222e-06
7.5,-107.5,3.920074999531701e-07
10.0,-107.5,2.6667222373649177e-07
12.5,-107.5,3.5613288014615423e-07
15.0,-107.5,9.055051006367522e-07
17.5,-107.5,3.387261025021698e-06
20.0,-107.5,9.398112161750906e-06
22.5,-107.5,1.0417259449227077e-05
25.0,-107.5,1.4123208089351394e-05
27.5,-107.5,1.5792724749276496e-05
30.0,-107.5,1.5932177018197005e-05
32.5,-107.5,1.5932139395942464e-05
35.0,-107.5,1.5930311027635076e-05
37.5,-107.5,1.5929823825277073e-05
40.0,-107.5,1.5929713532048492e-05
42.5,-107.5,1.5929689223618505e-05
45.0,-107.5,1.592968387236371e-05
47.5,-107.5,1.592968268963719e-05
50.0,-107.5,1.5929682426922164e-05
52.5,-107.5,1.5929682368350222e-05
55.0,-107.5,1.5929682355249482e-05
57.5,-107.5,1.5929682352387656e-05
60.0,-107.5,1.5929682352387656e-05
62.5,-107.5,1.5929682352387656e-05
65.0,-107.5,1.5929682352387656e-05
67.5,-107.5,1.5929682352387656e-05
70.0,-107.5,1.5929682352387656e-05
72.5,-107.5,1.5929682352387656e-05
75.0,-107.5,1.5929682352387656e-05
77.5,-107.5,1.5929682352387656e-05
80.0,-107.5,1.5929682352387656e-05
82.5,-107.5,1.5929682352387656e-05
85.0,-107.5,1.5929682352387656e-05
87.5,-107.5,1.5929682352387656e-05
90.0,-107.5,1.5929682352387656e-05
92.5,-107.5,1.5929682352387656e-05
95.0,-107.5,1.5929682352387656e-05
97.5,-107.5,1.5929682352387656e-05
100.0,-107.5,1.5929682352387656e-05
102.5,-107.5,1.5929682352387656e-05
105.0,-107.5,1.5929682352387656e-05
107.5,-107.5,1.5929682352387656e-05
110.0,-107.5,1.5929682352387656e-05
112.5,-107.5,1.5929682352387656e-05
115.0,-107.5,1.5929682352387656e-05
117.5,-107.5,1.5929682352387656e-05
120.0,-107.5,1.5929682352387656e-05
122.5,-107.5,1.5929682352387656e-05
125.0,-107.5,1.5929682352387656e-05
127.5,-107.5,1.5929682352387656e-05
130.0,-107.5,1.5929682352387656e-05
132.5,-107.5,1.5929682352387656e-05
135.0,-107.5,1.5929682352387656e-05
137.5,-107.5,1.5929682352387656e-05
140.0,-107.5,1.5929682352387656e-05
142.5,-107.5,1.5929682352387656e-05
145.0,-107.5,1.5929682352387656e-05
147.5,-107.5,1.5929682352387656e-05
150.0,-107.5,1.5929682352387656e-05
152.5,-107.5,1.5929682352387656e-05
155.0,-107.5,1.5929682352387656e-05
-142.5,-105.0,1.5929682352387656e-05
-140.0,-105.0,1.5929682352387656e-05
-137.5,-105.0,1.5929682352387656e-05
-135.0,-105.0,1.5929682352387656e-05
-132.5,-105.0,1.5929682352387656e-05
-130.0,-105.0,1.5929682352387656e-05
-127.5,-105.0,1.5929682352387656e-05
-125.0,-105.0,1.5929682352387656e-05
-122.5,-105.0,1.5929682352387656e-05
-120.0,-105.0,1.5929682352387656e-05
-117.5,-105.0,1.5929682352387656e-05
-115.0,-105.0,1.5929682352387656e-05
-112.5,-105.0,1.5929682352387656e-05
-110.0,-105.0,1.5929682352387656e-05
-107.5,-105.0,1.5929682352387656e-05
-105.0,-105.0,1.5929682352387656e-05
-102.5,-105.0,1.5929682352387656e-05
-100.0,-105.0,1.5929682352387656e-05
-97.5,-105.0,1.5929682352387656e-05
-95.0,-105.0,1.5929682352387656e-05
-92.5,-105.0,1.5929682352387656e-05
-90.0,-105.0,1.5929682352387656e-05
-87.5,-105.0,1.5929682352387656e-05
-85.0,-105.0,1.5929682352387656e-05
-82.5,-105.0,1.5929682352387656e-05
-80.0,-105.0,1.5929682352387656e-05
-77.5,-105.0,1.5929682352387656e-05
-75.0,-105.0,1.5929682352387656e-05
-72.5,-105.0,1.5929682352387656e-05
-70.0,-105.0,1.5929682352387656e-05
-67.5,-105.0,1.5929682352387656e-05
-65.0,-105.0,1.5929682352387656e-05
-62.5,-105.0,1.5929682352387656e-05
-60.0,-105.0,1.5929682352387656e-05
-57.5,-105.0,1.5929682352387656e-05
-55.0,-105.0,1.5929682352387656e-05
-52.5,-105.0,1.5929682352387656e-05
-50.0,-105.0,1.5929682352387656e-05
-47.5,-105.0,1.5929682352387656e-05
-45.0,-105.0,1.5929682352387656e-05
-42.5,-105.0,1.5929682352387656e-05
-40.0,-105.0,1.5929682352387656e-05
-37.5,-105.0,1.592968235365954e-05
-35.0,-105.0,1.592968236132288e-05
-32.5,-105.0,1.592968239531492e-05
-30.0,-105.0,1.5929682546419042e-05
-27.5,-105.0,1.5929683220854508e-05
-25.0,-105.0,1.5929686248564874e-05
-22.5,-105.0,1.5929699937614307e-05
-20.0,-105.0,1.592976228359571e-05
-17.5,-105.0,1.5930045885773905e-05
-15.0,-105.0,1.5931258587166776e-05
-12.5,-105.0,1.5934104720591455e-05
-10.0,-105.0,1.5875703111262927e-05
-7.5,-105.0,1.4172137279876339e-05
-5.0,-105.0,4.979363431683683e-06
-2.5,-105.0,9.882063886710752e-07
0.0,-105.0,3.1659688902266004e-07
2.5,-105.0,4.109294291675932e-07
5.0,-105.0,7.517970152931564e-07
7.5,-105.0,4.177914820684706e-07
10.0,-105.0,3.2136572083249327e-07
12.5,-105.0,3.911860433308433e-07
15.0,-105.0,7.552477256248525e-07
17.5,-105.0,1.902191267879843e-06
20.0,-105.0,1.1627225439575835e-06
22.5,-105.0,7.933851147146583e-07
25.0,-105.0,2.4026265607060556e-06
27.5,-105.0,1.026619940041492e-05
30.0,-105.0,1.5571549966718783e-05
32.5,-105.0,1.5928003627140076e-05
35.0,-105.0,1.5932442287915472e-05
37.5,-105.0,1.5930390389799438e-05
40.0,-105.0,1.592983832086042e-05
42.5,-105.0,1.5929716134848717e-05
45.0,-105.0,1.5929689702274035e-05
47.5,-105.0,1.5929683962797233e-05
50.0,-105.0,1.5929682707094277e-05
52.5,-105.0,1.5929682430388125e-05
55.0,-105.0,1.5929682369018027e-05
57.5,-105.0,1.592968235534484e-05
60.0,-105.0,1.5929682352387656e-05
62.5,-105.0,1.5929682352387656e-05
65.0,-105.0,1.5929682352387656e-05
67.5,-105.0,1.5929682352387656e-05
70.0,-105.0,1.5929682352387656e-05
72.5,-105.0,1.5929682352387656e-05
75.0,-105.0,1.5929682352387656e-05
77.5,-105.0,1.5929682352387656e-05
80.0,-105.0,1.5929682352387656e-05
82.5,-105.0,1.5929682352387656e-05
85.0,-105.0,1.5929682352387656e-05
87.5,-105.0,1.5929682352387656e-05
90.0,-105.0,1.5929682352387656e-05
92.5,-105.0,1.5929682352387656e-05
95.0,-105.0,1.5929682352387656e-05
97.5,-105.0,1.5929682352387656e-05
100.0,-105.0,1.5929682352387656e-05
102.5,-105.0,1.5929682352387656e-05
105.0,-105.0,1.5929682352387656e-05
107.5,-105.0,1.5929682352387656e-05
110.0,-105.0,1.5929682352387656e-05
112.5,-105.0,1.5929682352387656e-05
115.0,-105.0,1.5929682352387656e-05
117.5,-105.0,1.5929682352387656e-05
120.0,-105.0,1.5929682352387656e-05
122.5,-105.0,1.5929682352387656e-05
125.0,-105.0,1.5929682352387656e-05
127.5,-105.0,1.5929682352387656e-05
130.0,-105.0,1.5929682352387656e-05
132.5,-105.0,1.5929682352387656e-05
135.0,-105.0,1.5929682352387656e-05
137.5,-105.0,1.5929682352387656e-05
140.0,-105.0,1.5929682352387656e-05
142.5,-105.0,1.5929682352387656e-05
145.0,-105.0,1.5929682352387656e-05
147.5,-105.0,1.5929682352387656e-05
150.0,-105.0,1.5929682352387656e-05
152.5,-105.0,1.5929682352387656e-05
155.0,-105.0,1.5929682352387656e-05
-142.5,-102.5,1.5929682352387656e-05
-140.0,-102.5,1.5929682352387656e-05
-137.5,-102.5,1.5929682352387656e-05
-135.0,-102.5,1.5929682352387656e-05
-132.5,-102.5,1.5929682352387656e-05
-130.0,-102.5,1.5929682352387656e-05
-127.5,-102.5,1.5929682352387656e-05
-125.0,-102.5,1.5929682352387656e-05
-122.5,-102.5,1.5929682352387656e-05
-120.0,-102.5,1.5929682352387656e-05
-117.5,-102.5,1.5929682352387656e-05
-115.0,-102.5,1.5929682352387656e-05
-112.5,-102.5,1.5929682352387656e-05
-110.0,-102.5,1.5929682352387656e-05
-107.5,-102.5,1.5929682352387656e-05
-105.0,-102.5,1.5929682352387656e-05
-102.5,-102.5,1.5929682352387656e-05
-100.0,-102.5,1.5929682352387656e-05
-97.5,-102.5,1.5929682352387656e-05
-95.0,-102.5,1.5929682352387656e-05
-92.5,-102.5,1.5929682352387656e-05
-90.0,-102.5,1.5929682352387656e-05
-87.5,-102.5,1.5929682352387656e-05
-85.0,-102.5,1.5929682352387656e-05
-82.5,-102.5,1.5929682352387656e-05
-80.0,-102.5,1.5929682352387656e-05
-77.5,-102.5,1.5929682352387656e-05
-75.0,-102.5,1.5929682352387656e-05
-72.5,-102.5,1.5929682352387656e-05
-70.0,-102.5,1.5929682352387656e-05
-67.5,-102.5,1.5929682352387656e-05
-65.0,-102.5,1.5929682352387656e-05
-62.5,-102.5,1.5929682352387656e-05
-60.0,-102.5,1.5929682352387656e-05
-57.5,-102.5,1.5929682352387656e-05
-55.0,-102.5,1.5929682352387656e-05
-52.5,-102.5,1.5929682352387656e-05
-50.0,-102.5,1.5929682352387656e-05
-47.5,-102.5,1.5929682352387656e-05
-45.0,-102.5,1.5929682352387656e-05
-42.5,-102.5,1.5929682352387656e-05
-40.0,-102.5,1.5929682353627736e-05
-37.5,-102.5,1.5929682361068494e-05
-35.0,-102.5,1.592968239388401e-05
-32.5,-102.5,1.592968253853312e-05
-30.0,-102.5,1.5929683177672853e-05
-27.5,-102.5,1.5929686003879217e-05
-25.0,-102.5,1.59296985176728e-05
-22.5,-102.5,1.592975388082649e-05
-20.0,-102.5,1.5929996612050653e-05
-17.5,-102.5,1.5931006317363893e-05
-15.0,-102.5,1.5933944408892115e-05
-12.5,-102.5,1.591255195429405e-05
-10.0,-102.5,1.5155719774943633e-05
-7.5,-102.5,8.259146909711862e-06
-5.0,-102.5,1.9313158276060423e-06
-2.5,-102.5,5.344052652782644e-07
0.0,-102.5,2.683749151195219e-07
2.5,-102.5,3.0666061710422845e-07
5.0,-102.5,5.59252441402698e-07
7.5,-102.5,4.6275107294575576e-07
10.0,-102.5,3.830295319445972e-07
12.5,-102.5,4.4405939876529036e-07
15.0,-102.5,7.261994619349764e-07
17.5,-102.5,9.948475774762196e-07
20.0,-102.5,3.7157524695818274e-07
22.5,-102.5,2.7819216529562683e-07
25.0,-102.5,6.717055588802745e-07
27.5,-102.5,2.9624748946857725e-06
30.0,-102.5,1.1662893214819023e-05
32.5,-102.5,1.5696828326096174e-05
35.0,-102.5,1.593085528147878e-05
37.5,-102.5,1.5932170332722874e-05
40.0,-102.5,1.5930310250606386e-05
42.5,-102.5,1.5929821922430754e-05
45.0,-102.5,1.5929712896055115e-05
47.5,-102.5,1.592968905728305e-05
50.0,-102.5,1.5929683832552653e-05
52.5,-102.5,1.5929682680447576e-05
55.0,-102.5,1.5929682424887114e-05
57.5,-102.5,1.5929682367841444e-05
60.0,-102.5,1.592968235505865e-05
62.5,-102.5,1.5929682352387656e-05
65.0,-102.5,1.5929682352387656e-05
67.5,-102.5,1.5929682352387656e-05
70.0,-102.5,1.5929682352387656e-05
72.5,-102.5,1.5929682352387656e-05
75.0,-102.5,1.5929682352387656e-05
77.5,-102.5,1.5929682352387656e-05
80.0,-102.5,1.5929682352387656e-05
82.5,-102.5,1.5929682352387656e-05
85.0,-102.5,1.5929682352387656e-05
87.5,-102.5,1.5929682352387656e-05
90.0,-102.5,1.5929682352387656e-05
92.5,-102.5,1.5929682352387656e-05
95.0,-102.5,1.5929682352387656e-05
97.5,-102.5,1.5929682352387656e-05
100.0,-102.5,1.5929682352387656e-05
102.5,-102.5,1.5929682352387656e-05
105.0,-102.5,1.5929682352387656e-05
107.5,-102.5,1.5929682352387656e-05
110.0,-102.5,1.5929682352387656e-05
112.5,-102.5,1.5929682352387656e-05
115.0,-102.5,1.5929682352387656e-05
117.5,-102.5,1.5929682352387656e-05
120.0,-102.5,1.5929682352387656e-05
122.5,-102.5,1.5929682352387656e-05
125.0,-102.5,1.5929682352387656e-05
127.5,-102.5,1.5929682352387656e-05
130.0,-102.5,1.5929682352387656e-05
132.5,-102.5,1.5929682352387656e-05
135.0,-102.5,1.5929682352387656e-05
137.5,-102.5,1.5929682352387656e-05
140.0,-102.5,1.5929682352387656e-05
142.5,-102.5,1.5929682352387656e-05
145.0,-102.5,1.5929682352387656e-05
147.5,-102.5,1.5929682352387656e-05
150.0,-102.5,1.5929682352387656e-05
152.5,-102.5,1.5929682352387656e-05
155.0,-102.5,1.5929682352387656e-05
-142.5,-100.0,1.5929682352387656e-05
-140.0,-100.0,1.5929682352387656e-05
-137.5,-100.0,1.5929682352387656e-05
-135.0,-100.0,1.5929682352387656e-05
-132.5,-100.0,1.5929682352387656e-05
-130.0,-100.0,1.5929682352387656e-05
-127.5,-100.0,1.5929682352387656e-05
-125.0,-100.0,1.5929682352387656e-05
-122.5,-100.0,1.5929682352387656e-05
-120.0,-100.0,1.5929682352387656e-05
-117.5,-100.0,1.5929682352387656e-05
-115.0,-100.0,1.5929682352387656e-05
-112.5,-100.0,1.5929682352387656e-05
-110.0,-100.0,1.5929682352387656e-05
-107.5,-100.0,1.5929682352387656e-05
-105.0,-100.0,1.5929682352387656e-05
-102.5,-100.0,1.5929682352387656e-05
-100.0,-100.0,1.5929682352387656e-05
-97.5,-100.0,1.5929682352387656e-05
-95.0,-100.0,1.5929682352387656e-05
-92.5,-100.0,1.5929682352387656e-05
-90.0,-100.0,1.5929682352387656e-05
-87.5,-100.0,1.5929682352387656e-05
-85.0,-100.0,1.5929682352387656e-05
-82.5,-100.0,1.5929682352387656e-05
-80.0,-100.0,1.5929682352387656e-05
-77.5,-100.0,1.5929682352387656e-05
-75.0,-100.0,1.5929682352387656e-05
-72.5,-100.0,1.5929682352387656e-05
-70.0,-100.0,1.5929682352387656e-05
-67.5,-100.0,1.5929682352387656e-05
-65.0,-100.0,1.5929682352387656e-05
-62.5,-100.0,1.5929682352387656e-05
-60.0,-100.0,1.5929682352387656e-05
-57.5,-100.0,1.5929682352387656e-05
-55.0,-100.0,1.5929682352387656e-05
-52.5,-100.0,1.5929682352387656e-05
-50.0,-100.0,1.5929682352387656e-05
-47.5,-100.0,1.5929682352387656e-05
-45.0,-100.0,1.5929682352387656e-05
-42.5,-100.0,1.5929682353532377e-05
-40.0,-100.0,1.592968236043255e-05
-37.5,-100.0,1.5929682391022242e-05
-35.0,-100.0,1.5929682525432327e-05
-32.5,-100.0,1.5929683116429918e-05
-30.0,-100.0,1.5929685717824366e-05
-27.5,-100.0,1.5929697163744187e-05
-25.0,-100.0,1.592974736153226e-05
-22.5,-100.0,1.5929964971621197e-05
-20.0,-100.0,1.5930869456558784e-05
-17.5,-100.0,1.5933988696915366e-05
-15.0,-100.0,1.5933458397879928e-05
-12.5,-100.0,1.570611769988674e-05
-10.0,-100.0,1.254488437992655e-05
-7.5,-100.0,4.34017818551843e-06
-5.0,-100.0,1.2434817321472235e-06
-2.5,-100.0,4.866948068569244e-07
0.0,-100.0,3.1145366471914765e-07
2.5,-100.0,3.359543545720421e-07
5.0,-100.0,5.002306401737764e-07
7.5,-100.0,5.041966024761743e-07
10.0,-100.0,4.464437834973749e-07
12.5,-100.0,5.028586469095349e-07
15.0,-100.0,7.19881440427091e-07
17.5,-100.0,6.753000690532831e-07
20.0,-100.0,3.358356144319771e-07
22.5,-100.0,2.86051450402225e-07
25.0,-100.0,4.842699362006143e-07
27.5,-100.0,1.4572886967097605e-06
30.0,-100.0,5.80390598953004e-06
32.5,-100.0,1.4118697502462822e-05
35.0,-100.0,1.5851469194530282e-05
37.5,-100.0,1.5933698359978883e-05
40.0,-100.0,1.593162680807421e-05
42.5,-100.0,1.5930162694347423e-05
45.0,-100.0,1.5929791271482557e-05
47.5,-100.0,1.592970671578238e-05
50.0,-100.0,1.592968780364649e-05
52.5,-100.0,1.5929683575338623e-05
55.0,-100.0,1.592968262712231e-05
57.5,-100.0,1.5929682413694203e-05
60.0,-100.0,1.59296823655202e-05
62.5,-100.0,1.5929682354677095e-05
65.0,-100.0,1.5929682352387656e-05
67.5,-100.0,1.5929682352387656e-05
70.0,-100.0,1.5929682352387656e-05
72.5,-100.0,1.5929682352387656e-05
75.0,-100.0,1.5929682352387656e-05
77.5,-100.0,1.5929682352387656e-05
80.0,-100.0,1.5929682352387656e-05
82.5,-100.0,1.5929682352387656e-05
85.0,-100.0,1.5929682352387656e-05
87.5,-100.0,1.5929682352387656e-05
90.0,-100.0,1.5929682352387656e-05
92.5,-100.0,1.5929682352387656e-05
95.0,-100.0,1.5929682352387656e-05
97.5,-100.0,1.5929682352387656e-05
100.0,-100.0,1.5929682352387656e-05
102.5,-100.0,1.5929682352387656e-05
105.0,-100.0,1.5929682352387656e-05
107.5,-100.0,1.5929682352387656e-05
110.0,-100.0,1.5929682352387656e-05
112.5,-100.0,1.5929682352387656e-05
115.0,-100.0,1.5929682352387656e-05
117.5,-100.0,1.5929682352387656e-05
120.0,-100.0,1.5929682352387656e-05
122.5,-100.0,1.5929682352387656e-05
125.0,-100.0,1.5929682352387656e-05
127.5,-100.0,1.5929682352387656e-05
130.0,-100.0,1.5929682352387656e-05
132.5,-100.0,1.5929682352387656e-05
135.0,-100.0,1.5929682352387656e-05
137.5,-100.0,1.5929682352387656e-05
140.0,-100.0,1.5929682352387656e-05
142.5,-100.0,1.5929682352387656e-05
145.0,-100.0,1.5929682352387656e-05
147.5,-100.0,1.5929682352387656e-05
150.0,-100.0,1.5929682352387656e-05
152.5,-100.0,1.5929682352387656e-05
155.0,-100.0,1.5929682352387656e-05
-142.5,-97.5,1.5929682352387656e-05
-140.0,-97.5,1.5929682352387656e-05
-137.5,-97.5,1.5929682352387656e-05
-135.0,-97.5,1.5929682352387656e-05
-132.5,-97.5,1.5929682352387656e-05
-130.0,-97.5,1.5929682352387656e-05
-127.5,-97.5,1.5929682352387656e-05
-125.0,-97.5,1.5929682352387656e-05
-122.5,-97.5,1.5929682352387656e-05
-120.0,-97.5,1.5929682352387656e-05
-117.5,-97.5,1.5929682352387656e-05
-115.0,-97.5,1.5929682352387656e-05
-112.5,-97.5,1.5929682352387656e-05
-110.0,-97.5,1.5929682352387656e-05
-107.5,-97.5,1.5929682352387656e-05
-105.0,-97.5,1.5929682352387656e-05
-102.5,-97.5,1.5929682352387656e-05
-100.0,-97.5,1.5929682352387656e-05
-97.5,-97.5,1.5929682352387656e-05
-95.0,-97.5,1.5929682352387656e-05
-92.5,-97.5,1.5929682352387656e-05
-90.0,-97.5,1.5929682352387656e-05
-87.5,-97.5,1.5929682352387656e-05
-85.0,-97.5,1.5929682352387656e-05
-82.5,-97.5,1.5929682352387656e-05
-80.0,-97.5,1.5929682352387656e-05
-77.5,-97.5,1.5929682352387656e-05
-75.0,-97.5,1.5929682352387656e-05
-72.5,-97.5,1.5929682352387656e-05
-70.0,-97.5,1.5929682352387656e-05
-67.5,-97.5,1.5929682352387656e-05
-65.0,-97.5,1.5929682352387656e-05
-62.5,-97.5,1.5929682352387656e-05
-60.0,-97.5,1.5929682352387656e-05
-57.5,-97.5,1.5929682352387656e-05
-55.0,-97.5,1.5929682352387656e-05
-52.5,-97.5,1.5929682352387656e-05
-50.0,-97.5,1.5929682352387656e-05
-47.5,-97.5,1.5929682352387656e-05
-45.0,-97.5,1.5929682353405153e-05
-42.5,-97.5,1.5929682359637638e-05
-40.0,-97.5,1.5929682387206473e-05
-37.5,-97.5,1.5929682508325043e-05
-35.0,-97.5,1.5929683040337326e-05
-32.5,-97.5,1.59296853841679e-05
-30.0,-97.5,1.5929695741767935e-05
-27.5,-97.5,1.5929741607432293e-05
-25.0,-97.5,1.59299441770702e-05
-22.5,-97.5,1.593081705027646e-05
-20.0,-97.5,1.5934097097642508e-05
-17.5,-97.5,1.5936670930450128e-05
-15.0,-97.5,1.5743158835266684e-05
-12.5,-97.5,1.3161569077472437e-05
-10.0,-97.5,6.664665429355007e-06
-7.5,-97.5,2.7724885485098136e-06
-5.0,-97.5,1.0382190432160968e-06
-2.5,-97.5,5.108798330835402e-07
0.0,-97.5,3.6843050811381927e-07
2.5,-97.5,3.84176134858964e-07
5.0,-97.5,4.999152969572773e-07
7.5,-97.5,5.387443715118535e-07
10.0,-97.5,5.086622814324226e-07
12.5,-97.5,5.626118030531719e-07
15.0,-97.5,7.122950127503194e-07
17.5,-97.5,5.988768707270319e-07
20.0,-97.5,3.735531618947684e-07
22.5,-97.5,3.3339258833006673e-07
25.0,-97.5,4.4807003521995835e-07
27.5,-97.5,9.965350866662053e-07
30.0,-97.5,3.195844818210703e-06
32.5,-97.5,1.0453020964115594e-05
35.0,-97.5,1.5392053382780456e-05
37.5,-97.5,1.5916370204201463e-05
40.0,-97.5,1.593386502699686e-05
42.5,-97.5,1.5931048009683218e-05
45.0,-97.5,1.59300168001245e-05
47.5,-97.5,1.5929759989736687e-05
50.0,-97.5,1.5929700165033905e-05
52.5,-97.5,1.592968642994073e-05
55.0,-97.5,1.5929683285499856e-05
57.5,-97.5,1.5929682565529626e-05
60.0,-97.5,1.5929682400529797e-05
62.5,-97.5,1.5929682362690182e-05
65.0,-97.5,1.5929682354009345e-05
67.5,-97.5,1.5929682352387656e-05
70.0,-97.5,1.5929682352387656e-05
72.5,-97.5,1.5929682352387656e-05
75.0,-97.5,1.5929682352387656e-05
77.5,-97.5,1.5929682352387656e-05
80.0,-97.5,1.5929682352387656e-05
82.5,-97.5,1.5929682352387656e-05
85.0,-97.5,1.5929682352387656e-05
87.5,-97.5,1.5929682352387656e-05
90.0,-97.5,1.5929682352387656e-05
92.5,-97.5,1.5929682352387656e-05
95.0,-97.5,1.5929682352387656e-05
97.5,-97.5,1.5929682352387656e-05
100.0,-97.5,1.5929682352387656e-05
102.5,-97.5,1.5929682352387656e-05
105.0,-97.5,1.5929682352387656e-05
107.5,-97.5,1.5929682352387656e-05
110.0,-97.5,1.5929682352387656e-05
112.5,-97.5,1.5929682352387656e-05
115.0,-97.5,1.5929682352387656e-05
117.5,-97.5,1.5929682352387656e-05
120.0,-97.5,1.5929682352387656e-05
122.5,-97.5,1.5929682352387656e-05
125.0,-97.5,1.5929682352387656e-05
127.5,-97.5,1.5929682352387656e-05
130.0,-97.5,1.5929682352387656e-05
132.5,-97.5,1.5929682352387656e-05
135.0,-97.5,1.5929682352387656e-05
137.5,-97.5,1.5929682352387656e-05
140.0,-97.5,1.5929682352387656e-05
142.5,-97.5,1.5929682352387656e-05
145.0,-97.5,1.5929682352387656e-05
147.5,-97.5,1.5929682352387656e-05
150.0,-97.5,1.5929682352387656e-05
152.5,-97.5,1.5929682352387656e-05
155.0,-97.5,1.5929682352387656e-05
-142.5,-95.0,1.5929682352387656e-05
-140.0,-95.0,1.5929682352387656e-05
-137.5,-95.0,1.5929682352387656e-05
-135.0,-95.0,1.5929682352387656e-05
-132.5,-95.0,1.5929682352387656e-05
-130.0,-95.0,1.5929682352387656e-05
-127.5,-95.0,1.5929682352387656e-05
-125.0,-95.0,1.5929682352387656e-05
-122.5,-95.0,1.5929682352387656e-05
-120.0,-95.0,1.5929682352387656e-05
-117.5,-95.0,1.5929682352387656e-05
-115.0,-95.0,1.5929682352387656e-05
-112.5,-95.0,1.5929682352387656e-05
-110.0,-95.0,1.5929682352387656e-05
-107.5,-95.0,1.5929682352387656e-05
-105.0,-95.0,1.5929682352387656e-05
-102.5,-95.0,1.5929682352387656e-05
-100.0,-95.0,1.5929682352387656e-05
-97.5,-95.0,1.5929682352387656e-05
-95.0,-95.0,1.5929682352387656e-05
-92.5,-95.0,1.5929682352387656e-05
-90.0,-95.0,1.5929682352387656e-05
-87.5,-95.0,1.5929682352387656e-05
-85.0,-95.0,1.5929682352387656e-05
-82.5,-95.0,1.5929682352387656e-05
-80.0,-95.0,1.5929682352387656e-05
-77.5,-95.0,1.5929682352387656e-05
-75.0,-95.0,1.5929682352387656e-05
-72.5,-95.0,1.5929682352387656e-05
-70.0,-95.0,1.5929682352387656e-05
-67.5,-95.0,1.5929682352387656e-05
-65.0,-95.0,1.5929682352387656e-05
-62.5,-95.0,1.5929682352387656e-05
-60.0,-95.0,1.5929682352387656e-05
-57.5,-95.0,1.5929682352387656e-05
-55.0,-95.0,1.5929682352387656e-05
-52.5,-95.0,1.5929682352387656e-05
-50.0,-95.0,1.5929682352387656e-05
-47.5,-95.0,1.5929682353214377e-05
-45.0,-95.0,1.5929682358651888e-05
-42.5,-95.0,1.5929682382945542e-05
-40.0,-95.0,1.5929682488896458e-05
-37.5,-95.0,1.592968295181169e-05
-35.0,-95.0,1.5929684983703872e-05
-32.5,-95.0,1.5929693946196865e-05
-30.0,-95.0,1.5929733709727417e-05
-27.5,-95.0,1.5929910798694524e-05
-25.0,-95.0,1.5930687593173227e-05
-22.5,-95.0,1.5933653697178214e-05
-20.0,-95.0,1.5933115546624845e-05
-17.5,-95.0,1.5598239573106e-05
-15.0,-95.0,1.0318948073730013e-05
-12.5,-95.0,2.357695568635018e-06
-10.0,-95.0,7.102870976366335e-07
-7.5,-95.0,8.702576413511563e-07
-5.0,-95.0,9.420839056561675e-07
-2.5,-95.0,5.558699839632389e-07
0.0,-95.0,4.2859557606226704e-07
2.5,-95.0,4.36100736529164e-07
5.0,-95.0,5.215995967607601e-07
7.5,-95.0,5.711402397064e-07
10.0,-95.0,5.67288483877777e-07
12.5,-95.0,6.193229380697202e-07
15.0,-95.0,7.111293564954337e-07
17.5,-95.0,5.930992003421613e-07
20.0,-95.0,4.1721402380668866e-07
22.5,-95.0,3.189633007310231e-07
25.0,-95.0,2.742061067218335e-07
27.5,-95.0,5.545879195839772e-07
30.0,-95.0,1.7955631330392447e-06
32.5,-95.0,6.353993559228533e-06
35.0,-95.0,1.3964315570856868e-05
37.5,-95.0,1.58060567565499e-05
40.0,-95.0,1.5933322732401487e-05
42.5,-95.0,1.5932824082630314e-05
45.0,-95.0,1.5930571638577916e-05
47.5,-95.0,1.592990222925761e-05
50.0,-95.0,1.5929735381927776e-05
52.5,-95.0,1.5929695222569725e-05
55.0,-95.0,1.592968551314061e-05
57.5,-95.0,1.5929683109911352e-05
60.0,-95.0,1.5929682508166014e-05
62.5,-95.0,1.5929682388001387e-05
65.0,-95.0,1.5929682359987385e-05
67.5,-95.0,1.592968235350057e-05
70.0,-95.0,1.5929682352387656e-05
72.5,-95.0,1.5929682352387656e-05
75.0,-95.0,1.5929682352387656e-05
77.5,-95.0,1.5929682352387656e-05
80.0,-95.0,1.5929682352387656e-05
82.5,-95.0,1.5929682352387656e-05
85.0,-95.0,1.5929682352387656e-05
87.5,-95.0,1.5929682352387656e-05
90.0,-95.0,1.5929682352387656e-05
92.5,-95.0,1.5929682352387656e-05
95.0,-95.0,1.5929682352387656e-05
97.5,-95.0,1.5929682352387656e-05
100.0,-95.0,1.5929682352387656e-05
102.5,-95.0,1.5929682352387656e-05
105.0,-95.0,1.5929682352387656e-05
107.5,-95.0,1.5929682352387656e-05
110.0,-95.0,1.5929682352387656e-05
112.5,-95.0,1.5929682352387656e-05
115.0,-95.0,1.5929682352387656e-05
117.5,-95.0,1.5929682352387656e-05
120.0,-95.0,1.5929682352387656e-05
122.5,-95.0,1.5929682352387656e-05
125.0,-95.0,1.5929682352387656e-05
127.5,-95.0,1.5929682352387656e-05
130.0,-95.0,1.5929682352387656e-05
132.5,-95.0,1.5929682352387656e-05
135.0,-95.0,1.5929682352387656e-05
137.5,-95.0,1.5929682352387656e-05
140.0,-95.0,1.5929682352387656e-05
142.5,-95.0,1.5929682352387656e-05
145.0,-95.0,1.5929682352387656e-05
147.5,-95.0,1.5929682352387656e-05
150.0,-95.0,1.5929682352387656e-05
152.5,-95.0,1.5929682352387656e-05
155.0,-95.0,1.5929682352387656e-05
-142.5,-92.5,1.5929682352387656e-05
-140.0,-92.5,1.5929682352387656e-05
-137.5,-92.5,1.5929682352387656e-05
-135.0,-92.5,1.5929682352387656e-05
-132.5,-92.5,1.5929682352387656e-05
-130.0,-92.5,1.5929682352387656e-05
-127.5,-92.5,1.5929682352387656e-05
-125.0,-92.5,1.5929682352387656e-05
-122.5,-92.5,1.5929682352387656e-05
-120.0,-92.5,1.5929682352387656e-05
-117.5,-92.5,1.5929682352387656e-05
-115.0,-92.5,1.5929682352387656e-05
-112.5,-92.5,1.5929682352387656e-05
-110.0,-92.5,1.5929682352387656e-05
-107.5,-92.5,1.5929682352387656e-05
-105.0,-92.5,1.5929682352387656e-05
-102.5,-92.5,1.5929682352387656e-05
-100.0,-92.5,1.5929682352387656e-05
-97.5,-92.5,1.5929682352387656e-05
-95.0,-92.5,1.5929682352387656e-05
-92.5,-92.5,1.5929682352387656e-05
-90.0,-92.5,1.5929682352387656e-05
-87.5,-92.5,1.5929682352387656e-05
-85.0,-92.5,1.5929682352387656e-05
-82.5,-92.5,1.5929682352387656e-05
-80.0,-92.5,1.5929682352387656e-05
-77.5,-92.5,1.5929682352387656e-05
-75.0,-92.5,1.5929682352387656e-05
-72.5,-92.5,1.5929682352387656e-05
-70.0,-92.5,1.5929682352387656e-05
-67.5,-92.5,1.5929682352387656e-05
-65.0,-92.5,1.5929682352387656e-05
-62.5,-92.5,1.5929682352387656e-05
-60.0,-92.5,1.5929682352387656e-05
-57.5,-92.5,1.5929682352387656e-05
-55.0,-92.5,1.5929682352387656e-05
-52.5,-92.5,1.5929682352387656e-05
-50.0,-92.5,1.592968235295999e-05
-47.5,-92.5,1.5929682357697946e-05
-45.0,-92.5,1.5929682378652803e-05
-42.5,-92.5,1.5929682469531486e-05
-40.0,-92.5,1.5929682863826634e-05
-37.5,-92.5,1.5929684577929564e-05
-35.0,-92.5,1.5929692050271442e-05
-32.5,-92.5,1.5929724726980806e-05
-30.0,-92.5,1.592986785570875e-05
-27.5,-92.5,1.593048625853989e-05
-25.0,-92.5,1.5932867083521973e-05
-22.5,-92.5,1.5934439870082707e-05
-20.0,-92.5,1.573239593926378e-05
-17.5,-92.5,1.1961141893822527e-05
-15.0,-92.5,3.107834607411761e-06
-12.5,-92.5,6.93720358280053e-07
-10.0,-92.5,2.728392232766599e-07
-7.5,-92.5,3.317122920417564e-07
-5.0,-92.5,7.160508648548403e-07
-2.5,-92.5,6.049763156210765e-07
0.0,-92.5,4.889485398809614e-07
2.5,-92.5,4.881855035592405e-07
5.0,-92.5,5.52745333210232e-07
7.5,-92.5,6.043498389100998e-07
10.0,-92.5,6.211512501161375e-07
12.5,-92.5,6.706184058511799e-07
15.0,-92.5,7.198345797880179e-07
17.5,-92.5,6.061415312877429e-07
20.0,-92.5,4.3451720818393616e-07
22.5,-92.5,3.022143542971729e-07
25.0,-92.5,2.660191875143561e-07
27.5,-92.5,4.175717446764307e-07
30.0,-92.5,1.1030912574407475e-06
32.5,-92.5,3.646218666792846e-06
35.0,-92.5,1.1009869902241492e-05
37.5,-92.5,1.5401809061526535e-05
40.0,-92.5,1.591286059957257e-05
42.5,-92.5,1.5935127932295338e-05
45.0,-92.5,1.5931745138148992e-05
47.5,-92.5,1.5930257365176156e-05
50.0,-92.5,1.5929840071014596e-05
52.5,-92.5,1.5929727938304164e-05
55.0,-92.5,1.5929696106554976e-05
57.5,-92.5,1.592968650784586e-05
60.0,-92.5,1.5929683558263086e-05
62.5,-92.5,1.592968266852336e-05
65.0,-92.5,1.5929682401801735e-05
67.5,-92.5,1.5929682357570725e-05
70.0,-92.5,1.592968235295999e-05
72.5,-92.5,1.5929682352387656e-05
75.0,-92.5,1.5929682352387656e-05
77.5,-92.5,1.5929682352387656e-05
80.0,-92.5,1.5929682352387656e-05
82.5,-92.5,1.5929682352387656e-05
85.0,-92.5,1.5929682352387656e-05
87.5,-92.5,1.5929682352387656e-05
90.0,-92.5,1.5929682352387656e-05
92.5,-92.5,1.5929682352387656e-05
95.0,-92.5,1.5929682352387656e-05
97.5,-92.5,1.5929682352387656e-05
100.0,-92.5,1.5929682352387656e-05
102.5,-92.5,1.5929682352387656e-05
105.0,-92.5,1.5929682352387656e-05
107.5,-92.5,1.5929682352387656e-05
110.0,-92.5,1.5929682352387656e-05
112.5,-92.5,1.5929682352387656e-05
115.0,-92.5,1.5929682352387656e-05
117.5,-92.5,1.5929682352387656e-05
120.0,-92.5,1.5929682352387656e-05
122.5,-92.5,1.5929682352387656e-05
125.0,-92.5,1.5929682352387656e-05
127.5,-92.5,1.5929682352387656e-05
130.0,-92.5,1.5929682352387656e-05
132.5,-92.5,1.5929682352387656e-05
135.0,-92.5,1.5929682352387656e-05
137.5,-92.5,1.5929682352387656e-05
140.0,-92.5,1.5929682352387656e-05
142.5,-92.5,1.5929682352387656e-05
145.0,-92.5,1.5929682352387656e-05
147.5,-92.5,1.5929682352387656e-05
150.0,-92.5,1.5929682352387656e-05
152.5,-92.5,1.5929682352387656e-05
155.0,-92.5,1.5929682352387656e-05
-142.5,-90.0,1.5929682352387656e-05
-140.0,-90.0,1.5929682352387656e-05
-137.5,-90.0,1.5929682352387656e-05
-135.0,-90.0,1.5929682352387656e-05
-132.5,-90.0,1.5929682352387656e-05
-130.0,-90.0,1.5929682352387656e-05
-127.5,-90.0,1.5929682352387656e-05
-125.0,-90.0,1.5929682352387656e-05
-122.5,-90.0,1.5929682352387656e-05
-120.0,-90.0,1.5929682352387656e-05
-117.5,-90.0,1.5929682352387656e-05
-115.0,-90.0,1.5929682352387656e-05
-112.5,-90.0,1.5929682352387656e-05
-110.0,-90.0,1.5929682352387656e-05
-107.5,-90.0,1.5929682352387656e-05
-105.0,-90.0,1.5929682352387656e-05
-102.5,-90.0,1.5929682352387656e-05
-100.0,-90.0,1.5929682352387656e-05
-97.5,-90.0,1.5929682352387656e-05
-95.0,-90.0,1.5929682352387656e-05
-92.5,-90.0,1.5929682352387656e-05
-90.0,-90.0,1.5929682352387656e-05
-87.5,-90.0,1.5929682352387656e-05
-85.0,-90.0,1.5929682352387656e-05
-82.5,-90.0,1.5929682352387656e-05
-80.0,-90.0,1.5929682352387656e-05
-77.5,-90.0,1.5929682352387656e-05
-75.0,-90.0,1.5929682352387656e-05
-72.5,-90.0,1.5929682352387656e-05
-70.0,-90.0,1.5929682352387656e-05
-67.5,-90.0,1.5929682352387656e-05
-65.0,-90.0,1.5929682352387656e-05
-62.5,-90.0,1.5929682352387656e-05
-60.0,-90.0,1.5929682352387656e-05
-57.5,-90.0,1.5929682352387656e-05
-55.0,-90.0,1.5929682352387656e-05
-52.5,-90.0,1.592968235264199e-05
-50.0,-90.0,1.592968235690298e-05
-47.5,-90.0,1.5929682374837038e-05
-45.0,-90.0,1.5929682452265173e-05
-42.5,-90.0,1.592968278763863e-05
-40.0,-90.0,1.592968423641906e-05
-37.5,-90.0,1.5929690496683824e-05
-35.0,-90.0,1.592971749946367e-05
-32.5,-90.0,1.592983338641691e-05
-30.0,-90.0,1.5930321348622383e-05
-27.5,-90.0,1.5932206970382343e-05
-25.0,-90.0,1.5936116477255827e-05
-22.5,-90.0,1.587061995288663e-05
-20.0,-90.0,1.4329856025213487e-05
-17.5,-90.0,6.171874141606537e-06
-15.0,-90.0,1.543727641542897e-06
-12.5,-90.0,5.026014234314658e-07
-10.0,-90.0,2.860185481055564e-07
-7.5,-90.0,3.175034541137939e-07
-5.0,-90.0,5.656076532179987e-07
-2.5,-90.0,6.385091904874958e-07
0.0,-90.0,5.478552442240986e-07
2.5,-90.0,5.395000757491545e-07
5.0,-90.0,5.885828718127071e-07
7.5,-90.0,6.391119605573684e-07
10.0,-90.0,6.703065015290481e-07
12.5,-90.0,7.162667009517535e-07
15.0,-90.0,7.352570248839188e-07
17.5,-90.0,6.185221698959675e-07
20.0,-90.0,4.4489189768138116e-07
22.5,-90.0,3.2584753509641117e-07
25.0,-90.0,3.0219860483406885e-07
27.5,-90.0,4.1392739202368825e-07
30.0,-90.0,8.593793705291723e-07
32.5,-90.0,2.389792512517103e-06
35.0,-90.0,7.497838050387039e-06
37.5,-90.0,1.431708849960411e-05
40.0,-90.0,1.5820014665976212e-05
42.5,-90.0,1.593474795223306e-05
45.0,-90.0,1.5934191994005208e-05
47.5,-90.0,1.5931469630591198e-05
50.0,-90.0,1.5930409929281632e-05
52.5,-90.0,1.5929974529510515e-05
55.0,-90.0,1.5929788998605707e-05
57.5,-90.0,1.5929717512564496e-05
60.0,-90.0,1.5929693200247013e-05
62.5,-90.0,1.5929685642876485e-05
65.0,-90.0,1.5929683365344658e-05
67.5,-90.0,1.5929682654118817e-05
70.0,-90.0,1.592968241881366e-05
72.5,-90.0,1.5929682352387656e-05
75.0,-90.0,1.5929682352387656e-05
77.5,-90.0,1.5929682352387656e-05
80.0,-90.0,1.5929682352387656e-05
82.5,-90.0,1.5929682352387656e-05
85.0,-90.0,1.5929682352387656e-05
87.5,-90.0,1.5929682352387656e-05
90.0,-90.0,1.5929682352387656e-05
92.5,-90.0,1.5929682352387656e-05
95.0,-90.0,1.5929682352387656e-05
97.5,-90.0,1.5929682352387656e-05
100.0,-90.0,1.5929682352387656e-05
102.5,-90.0,1.5929682352387656e-05
105.0,-90.0,1.5929682352387656e-05
107.5,-90.0,1.5929682352387656e-05
110.0,-90.0,1.5929682352387656e-05
112.5,-90.0,1.5929682352387656e-05
115.0,-90.0,1.5929682352387656e-05
117.5,-90.0,1.5929682352387656e-05
120.0,-90.0,1.5929682352387656e-05
122.5,-90.0,1.5929682352387656e-05
125.0,-90.0,1.5929682352387656e-05
127.5,-90.0,1.5929682352387656e-05
130.0,-90.0,1.5929682352387656e-05
132.5,-90.0,1.5929682352387656e-05
135.0,-90.0,1.5929682352387656e-05
137.5,-90.0,1.5929682352387656e-05
140.0,-90.0,1.5929682352387656e-05
142.5,-90.0,1.5929682352387656e-05
145.0,-90.0,1.5929682352387656e-05
147.5,-90.0,1.5929682352387656e-05
150.0,-90.0,1.5929682352387656e-05
152.5,-90.0,1.5929682352387656e-05
155.0,-90.0,1.5929682352387656e-05
-142.5,-87.5,1.5929682352387656e-05
-140.0,-87.5,1.5929682352387656e-05
-137.5,-87.5,1.5929682352387656e-05
-135.0,-87.5,1.5929682352387656e-05
-132.5,-87.5,1.5929682352387656e-05
-130.0,-87.5,1.5929682352387656e-05
-127.5,-87.5,1.5929682352387656e-05
-125.0,-87.5,1.5929682352387656e-05
-122.5,-87.5,1.5929682352387656e-05
-120.0,-87.5,1.5929682352387656e-05
-117.5,-87.5,1.5929682352387656e-05
-115.0,-87.5,1.5929682352387656e-05
-112.5,-87.5,1.5929682352387656e-05
-110.0,-87.5,1.5929682352387656e-05
-107.5,-87.5,1.5929682352387656e-05
-105.0,-87.5,1.5929682352387656e-05
-102.5,-87.5,1.5929682352387656e-05
-100.0,-87.5,1.5929682352387656e-05
-97.5,-87.5,1.5929682352387656e-05
-95.0,-87.5,1.5929682352387656e-05
-92.5,-87.5,1.5929682352387656e-05
-90.0,-87.5,1.5929682352387656e-05
-87.5,-87.5,1.5929682352387656e-05
-85.0,-87.5,1.5929682352387656e-05
-82.5,-87.5,1.5929682352387656e-05
-80.0,-87.5,1.5929682352387656e-05
-77.5,-87.5,1.5929682352387656e-05
-75.0,-87.5,1.5929682352387656e-05
-72.5,-87.5,1.5929682352387656e-05
-70.0,-87.5,1.5929682352387656e-05
-67.5,-87.5,1.5929682352387656e-05
-65.0,-87.5,1.5929682352387656e-05
-62.5,-87.5,1.5929682352387656e-05
-60.0,-87.5,1.5929682352387656e-05
-57.5,-87.5,1.5929682352387656e-05
-55.0,-87.5,1.5929682352387656e-05
-52.5,-87.5,1.5929682356044396e-05
-50.0,-87.5,1.5929682371307462e-05
-47.5,-87.5,1.5929682437256495e-05
-45.0,-87.5,1.592968272401084e-05
-42.5,-87.5,1.59296839649277e-05
-40.0,-87.5,1.5929689335960867e-05
-37.5,-87.5,1.5929712586532634e-05
-35.0,-87.5,1.592981293157365e-05
-32.5,-87.5,1.5930239982780604e-05
-30.0,-87.5,1.5931956466303237e-05
-27.5,-87.5,1.5937181498753045e-05
-25.0,-87.5,1.5925563255923915e-05
-22.5,-87.5,1.5437530805619207e-05
-20.0,-87.5,1.0937498777309448e-05
-17.5,-87.5,3.5659258080389763e-06
-15.0,-87.5,1.1352011549421496e-06
-12.5,-87.5,4.960934145997936e-07
-10.0,-87.5,3.369768266566305e-07
-7.5,-87.5,3.588884332961254e-07
-5.0,-87.5,5.31497439951279e-07
-2.5,-87.5,6.529673728267577e-07
0.0,-87.5,6.0291473432245e-07
2.5,-87.5,5.897610030673896e-07
5.0,-87.5,6.270221541734615e-07
7.5,-87.5,6.753123267527229e-07
10.0,-87.5,7.153419260755669e-07
12.5,-87.5,7.528256920987971e-07
15.0,-87.5,7.42942864906289e-07
17.5,-87.5,6.287236930273758e-07
20.0,-87.5,4.6447990622216633e-07
22.5,-87.5,3.6190211931254387e-07
25.0,-87.5,3.461238289588453e-07
27.5,-87.5,4.4210325008121495e-07
30.0,-87.5,7.801007588247063e-07
32.5,-87.5,1.8239286951885402e-06
35.0,-87.5,5.127792896150008e-06
37.5,-87.5,1.2309774250045336e-05
40.0,-87.5,1.553955597727495e-05
42.5,-87.5,1.592513973227663e-05
45.0,-87.5,1.5946930761361355e-05
47.5,-87.5,1.5943567572214545e-05
50.0,-87.5,1.5937800017475687e-05
52.5,-87.5,1.5933171626206097e-05
55.0,-87.5,1.593087972562409e-05
57.5,-87.5,1.593004390367705e-05
60.0,-87.5,1.5929788214968927e-05
62.5,-87.5,1.5929715528968073e-05
65.0,-87.5,1.592969391643393e-05
67.5,-87.5,1.592968656740351e-05
70.0,-87.5,1.592968381833894e-05
72.5,-87.5,1.5929682802074924e-05
75.0,-87.5,1.592968244193079e-05
77.5,-87.5,1.5929682352387656e-05
80.0,-87.5,1.5929682352387656e-05
82.5,-87.5,1.5929682352387656e-05
85.0,-87.5,1.5929682352387656e-05
87.5,-87.5,1.5929682352387656e-05
90.0,-87.5,1.5929682352387656e-05
92.5,-87.5,1.5929682352387656e-05
95.0,-87.5,1.5929682352387656e-05
97.5,-87.5,1.5929682352387656e-05
100.0,-87.5,1.5929682352387656e-05
102.5,-87.5,1.5929682352387656e-05
105.0,-87.5,1.5929682352387656e-05
107.5,-87.5,1.5929682352387656e-05
110.0,-87.5,1.5929682352387656e-05
112.5,-87.5,1.5929682352387656e-05
115.0,-87.5,1.5929682352387656e-05
117.5,-87.5,1.5929682352387656e-05
120.0,-87.5,1.5929682352387656e-05
122.5,-87.5,1.5929682352387656e-05
125.0,-87.5,1.5929682352387656e-05
127.5,-87.5,1.5929682352387656e-05
130.0,-87.5,1.5929682352387656e-05
132.5,-87.5,1.5929682352387656e-05
135.0,-87.5,1.5929682352387656e-05
137.5,-87.5,1.5929682352387656e-05
140.0,-87.5,1.5929682352387656e-05
142.5,-87.5,1.5929682352387656e-05
145.0,-87.5,1.5929682352387656e-05
147.5,-87.5,1.5929682352387656e-05
150.0,-87.5,1.5929682352387656e-05
152.5,-87.5,1.5929682352387656e-05
155.0,-87.5,1.5929682352387656e-05
-142.5,-85.0,1.5929682352387656e-05
-140.0,-85.0,1.5929682352387656e-05
-137.5,-85.0,1.5929682352387656e-05
-135.0,-85.0,1.5929682352387656e-05
-132.5,-85.0,1.5929682352387656e-05
-130.0,-85.0,1.5929682352387656e-05
-127.5,-85.0,1.5929682352387656e-05
-125.0,-85.0,1.5929682352387656e-05
-122.5,-85.0,1.5929682352387656e-05
-120.0,-85.0,1.5929682352387656e-05
-117.5,-85.0,1.5929682352387656e-05
-115.0,-85.0,1.5929682352387656e-05
-112.5,-85.0,1.5929682352387656e-05
-110.0,-85.0,1.5929682352387656e-05
-107.5,-85.0,1.5929682352387656e-05
-105.0,-85.0,1.5929682352387656e-05
-102.5,-85.0,1.5929682352387656e-05
-100.0,-85.0,1.5929682352387656e-05
-97.5,-85.0,1.5929682352387656e-05
-95.0,-85.0,1.5929682352387656e-05
-92.5,-85.0,1.5929682352387656e-05
-90.0,-85.0,1.5929682352387656e-05
-87.5,-85.0,1.5929682352387656e-05
-85.0,-85.0,1.5929682352387656e-05
-82.5,-85.0,1.5929682352387656e-05
-80.0,-85.0,1.5929682352387656e-05
-77.5,-85.0,1.5929682352387656e-05
-75.0,-85.0,1.5929682352387656e-05
-72.5,-85.0,1.5929682352387656e-05
-70.0,-85.0,1.5929682352387656e-05
-67.5,-85.0,1.5929682352387656e-05
-65.0,-85.0,1.5929682352387656e-05
-62.5,-85.0,1.5929682352387656e-05
-60.0,-85.0,1.5929682352387656e-05
-57.5,-85.0,1.5929682352387656e-05
-55.0,-85.0,1.5929682355249482e-05
-52.5,-85.0,1.592968236803228e-05
-50.0,-85.0,1.592968242421931e-05
-47.5,-85.0,1.5929682669063886e-05
-45.0,-85.0,1.592968372987691e-05
-42.5,-85.0,1.5929688340492274e-05
-40.0,-85.0,1.5929708471925843e-05
-37.5,-85.0,1.5929796747053925e-05
-35.0,-85.0,1.5930183029917084e-05
-32.5,-85.0,1.5931808917527892e-05
-30.0,-85.0,1.593699701043979e-05
-27.5,-85.0,1.591495348585583e-05
-25.0,-85.0,1.5011470943974658e-05
-22.5,-85.0,8.284088968766467e-06
-20.0,-85.0,3.248286589888511e-06
-17.5,-85.0,2.1974057102560145e-06
-15.0,-85.0,1.0054297411222793e-06
-12.5,-85.0,5.311124532594386e-07
-10.0,-85.0,3.9582936066940783e-07
-7.5,-85.0,4.109239957098359e-07
-5.0,-85.0,5.41751209907443e-07
-2.5,-85.0,6.64052991629125e-07
0.0,-85.0,6.518107934939592e-07
2.5,-85.0,6.386525418519301e-07
5.0,-85.0,6.670139271671996e-07
7.5,-85.0,7.12275442781041e-07
10.0,-85.0,7.410973506596949e-07
12.5,-85.0,5.902189296771647e-07
15.0,-85.0,4.3199684227646873e-07
17.5,-85.0,5.722539434620899e-07
20.0,-85.0,4.901974446531624e-07
22.5,-85.0,4.019121251514548e-07
25.0,-85.0,3.9156172646708786e-07
27.5,-85.0,4.799402915491384e-07
30.0,-85.0,7.620482036529197e-07
32.5,-85.0,1.551960100028995e-06
35.0,-85.0,3.841718507913145e-06
37.5,-85.0,9.873226574846757e-06
40.0,-85.0,1.4933830472984847e-05
42.5,-85.0,1.5957603892249215e-05
45.0,-85.0,1.610514608093289e-05
47.5,-85.0,1.610842993156798e-05
50.0,-85.0,1.6041694669065402e-05
52.5,-85.0,1.5973393963575173e-05
55.0,-85.0,1.594255644955765e-05
57.5,-85.0,1.59331330080066e-05
60.0,-85.0,1.5930682462826982e-05
62.5,-85.0,1.5930036250241397e-05
65.0,-85.0,1.5929822756885597e-05
67.5,-85.0,1.5929735926979735e-05
70.0,-85.0,1.5929700858517505e-05
72.5,-85.0,1.5929688132565103e-05
75.0,-85.0,1.5929683989602966e-05
77.5,-85.0,1.5929682753296783e-05
80.0,-85.0,1.5929682415474863e-05
82.5,-85.0,1.5929682352387656e-05
85.0,-85.0,1.5929682352387656e-05
87.5,-85.0,1.5929682352387656e-05
90.0,-85.0,1.5929682352387656e-05
92.5,-85.0,1.5929682352387656e-05
95.0,-85.0,1.5929682352387656e-05
97.5,-85.0,1.5929682352387656e-05
100.0,-85.0,1.5929682352387656e-05
102.5,-85.0,1.5929682352387656e-05
105.0,-85.0,1.5929682352387656e-05
107.5,-85.0,1.5929682352387656e-05
110.0,-85.0,1.5929682352387656e-05
112.5,-85.0,1.5929682352387656e-05
115.0,-85.0,1.5929682352387656e-05
117.5,-85.0,1.5929682352387656e-05
120.0,-85.0,1.5929682352387656e-05
122.5,-85.0,1.5929682352387656e-05
125.0,-85.0,1.5929682352387656e-05
127.5,-85.0,1.5929682352387656e-05
130.0,-85.0,1.5929682352387656e-05
132.5,-85.0,1.5929682352387656e-05
135.0,-85.0,1.5929682352387656e-05
137.5,-85.0,1.5929682352387656e-05
140.0,-85.0,1.5929682352387656e-05
142.5,-85.0,1.5929682352387656e-05
145.0,-85.0,1.5929682352387656e-05
147.5,-85.0,1.5929682352387656e-05
150.0,-85.0,1.5929682352387656e-05
152.5,-85.0,1.5929682352387656e-05
155.0,-85.0,1.5929682352387656e-05
-142.5,-82.5,1.5929682352387656e-05
-140.0,-82.5,1.5929682352387656e-05
-137.5,-82.5,1.5929682352387656e-05
-135.0,-82.5,1.5929682352387656e-05
-132.5,-82.5,1.5929682352387656e-05
-130.0,-82.5,1.5929682352387656e-05
-127.5,-82.5,1.5929682352387656e-05
-125.0,-82.5,1.5929682352387656e-05
-122.5,-82.5,1.5929682352387656e-05
-120.0,-82.5,1.5929682352387656e-05
-117.5,-82.5,1.5929682352387656e-05
-115.0,-82.5,1.5929682352387656e-05
-112.5,-82.5,1.5929682352387656e-05
-110.0,-82.5,1.5929682352387656e-05
-107.5,-82.5,1.5929682352387656e-05
-105.0,-82.5,1.5929682352387656e-05
-102.5,-82.5,1.5929682352387656e-05
-100.0,-82.5,1.5929682352387656e-05
-97.5,-82.5,1.5929682352387656e-05
-95.0,-82.5,1.5929682352387656e-05
-92.5,-82.5,1.5929682352387656e-05
-90.0,-82.5,1.5929682352387656e-05
-87.5,-82.5,1.5929682352387656e-05
-85.0,-82.5,1.5929682352387656e-05
-82.5,-82.5,1.5929682352387656e-05
-80.0,-82.5,1.5929682352387656e-05
-77.5,-82.5,1.5929682352387656e-05
-75.0,-82.5,1.5929682352387656e-05
-72.5,-82.5,1.5929682352387656e-05
-70.0,-82.5,1.5929682352387656e-05
-67.5,-82.5,1.5929682352387656e-05
-65.0,-82.5,1.5929682352387656e-05
-62.5,-82.5,1.5929682352387656e-05
-60.0,-82.5,1.5929682352387656e-05
-57.5,-82.5,1.5929682354581678e-05
-55.0,-82.5,1.5929682364852454e-05
-52.5,-82.5,1.592968241315362e-05
-50.0,-82.5,1.592968262120794e-05
-47.5,-82.5,1.5929683519660362e-05
-45.0,-82.5,1.5929687414852176e-05
-42.5,-82.5,1.5929704381137222e-05
-40.0,-82.5,1.5929778698574192e-05
-37.5,-82.5,1.5930104797458473e-05
-35.0,-82.5,1.5931490401061533e-05
-32.5,-82.5,1.593590708511324e-05
-30.0,-82.5,1.5909910444532925e-05
-27.5,-82.5,1.4797350921245735e-05
-25.0,-82.5,6.234852476859878e-06
-22.5,-82.5,1.2326355469725734e-06
-20.0,-82.5,3.880855342851172e-07
-17.5,-82.5,5.510911544100085e-07
-15.0,-82.5,8.931112300237224e-07
-12.5,-82.5,5.797260500705686e-07
-10.0,-82.5,4.566389681858563e-07
-7.5,-82.5,4.6535027639951655e-07
-5.0,-82.5,5.689182241044268e-07
-2.5,-82.5,6.800265814909829e-07
0.0,-82.5,6.943945510280282e-07
2.5,-82.5,6.857247765712626e-07
5.0,-82.5,7.077594336895751e-07
7.5,-82.5,7.441226306379864e-07
10.0,-82.5,6.780261290618315e-07
12.5,-82.5,3.8747403440194803e-07
15.0,-82.5,2.878654417982502e-07
17.5,-82.5,4.287063881603437e-07
20.0,-82.5,5.058158277248314e-07
22.5,-82.5,4.429700123466923e-07
25.0,-82.5,4.370707597166069e-07
27.5,-82.5,5.213382534381627e-07
30.0,-82.5,7.705138561552213e-07
32.5,-82.5,1.413948537816628e-06
35.0,-82.5,3.1317758939547534e-06
37.5,-82.5,7.79673673619838e-06
40.0,-82.5,1.4027733035674563e-05
42.5,-82.5,1.5025661636155907e-05
45.0,-82.5,1.0438877075535603e-05
47.5,-82.5,9.918505700301676e-06
50.0,-82.5,1.4759382223963077e-05
52.5,-82.5,1.6158866687073227e-05
55.0,-82.5,1.6028358040953222e-05
57.5,-82.5,1.5957043477667545e-05
60.0,-82.5,1.593934609380088e-05
62.5,-82.5,1.593409280593991e-05
65.0,-82.5,1.5931575438298442e-05
67.5,-82.5,1.5930365737016574e-05
70.0,-82.5,1.5929895771099843e-05
72.5,-82.5,1.592974271671115e-05
75.0,-82.5,1.5929698327488798e-05
77.5,-82.5,1.5929686367775644e-05
80.0,-82.5,1.5929683292590806e-05
82.5,-82.5,1.5929682525368714e-05
85.0,-82.5,1.5929682352387656e-05
87.5,-82.5,1.5929682352387656e-05
90.0,-82.5,1.5929682352387656e-05
92.5,-82.5,1.5929682352387656e-05
95.0,-82.5,1.5929682352387656e-05
97.5,-82.5,1.5929682352387656e-05
100.0,-82.5,1.5929682352387656e-05
102.5,-82.5,1.5929682352387656e-05
105.0,-82.5,1.5929682352387656e-05
107.5,-82.5,1.5929682352387656e-05
110.0,-82.5,1.5929682352387656e-05
112.5,-82.5,1.5929682352387656e-05
115.0,-82.5,1.5929682352387656e-05
117.5,-82.5,1.5929682352387656e-05
120.0,-82.5,1.5929682352387656e-05
122.5,-82.5,1.5929682352387656e-05
125.0,-82.5,1.5929682352387656e-05
127.5,-82.5,1.5929682352387656e-05
130.0,-82.5,1.5929682352387656e-05
132.5,-82.5,1.5929682352387656e-05
135.0,-82.5,1.5929682352387656e-05
137.5,-82.5,1.5929682352387656e-05
140.0,-82.5,1.5929682352387656e-05
142.5,-82.5,1.5929682352387656e-05
145.0,-82.5,1.5929682352387656e-05
147.5,-82.5,1.5929682352387656e-05
150.0,-82.5,1.5929682352387656e-05
152.5,-82.5,1.5929682352387656e-05
155.0,-82.5,1.5929682352387656e-05
-142.5,-80.0,1.5929682352387656e-05
-140.0,-80.0,1.5929682352387656e-05
-137.5,-80.0,1.5929682352387656e-05
-135.0,-80.0,1.5929682352387656e-05
-132.5,-80.0,1.5929682352387656e-05
-130.0,-80.0,1.5929682352387656e-05
-127.5,-80.0,1.5929682352387656e-05
-125.0,-80.0,1.5929682352387656e-05
-122.5,-80.0,1.5929682352387656e-05
-120.0,-80.0,1.5929682352387656e-05
-117.5,-80.0,1.5929682352387656e-05
-115.0,-80.0,1.5929682352387656e-05
-112.5,-80.0,1.5929682352387656e-05
-110.0,-80.0,1.5929682352387656e-05
-107.5,-80.0,1.5929682352387656e-05
-105.0,-80.0,1.5929682352387656e-05
-102.5,-80.0,1.5929682352387656e-05
-100.0,-80.0,1.5929682352387656e-05
-97.5,-80.0,1.5929682352387656e-05
-95.0,-80.0,1.5929682352387656e-05
-92.5,-80.0,1.5929682352387656e-05
-90.0,-80.0,1.5929682352387656e-05
-87.5,-80.0,1.5929682352387656e-05
-85.0,-80.0,1.5929682352387656e-05
-82.5,-80.0,1.5929682352387656e-05
-80.0,-80.0,1.5929682352387656e-05
-77.5,-80.0,1.5929682352387656e-05
-75.0,-80.0,1.5929682352387656e-05
-72.5,-80.0,1.5929682352387656e-05
-70.0,-80.0,1.5929682352387656e-05
-67.5,-80.0,1.5929682352387656e-05
-65.0,-80.0,1.5929682352387656e-05
-62.5,-80.0,1.5929682352387656e-05
-60.0,-80.0,1.5929682353786765e-05
-57.5,-80.0,1.592968236284921e-05
-55.0,-80.0,1.5929682403805036e-05
-52.5,-80.0,1.5929682580824443e-05
-50.0,-80.0,1.5929683343626635e-05
-47.5,-80.0,1.592968663503786e-05
-45.0,-80.0,1.5929700859662226e-05
-42.5,-80.0,1.5929762362677967e-05
-40.0,-80.0,1.5930027069655265e-05
-37.5,-80.0,1.5931130239883206e-05
-35.0,-80.0,1.5934855212511716e-05
-32.5,-80.0,1.5926511928142072e-05
-30.0,-80.0,1.538330986468831e-05
-27.5,-80.0,9.178448419764485e-06
-25.0,-80.0,2.1162759854084545e-06
-22.5,-80.0,5.444962503692928e-07
-20.0,-80.0,2.6150408962858793e-07
-17.5,-80.0,3.204981615600534e-07
-15.0,-80.0,6.684461295626187e-07
-12.5,-80.0,6.270290892586547e-07
-10.0,-80.0,5.174702888822339e-07
-7.5,-80.0,5.198311513981585e-07
-5.0,-80.0,6.034320416101657e-07
-2.5,-80.0,7.016430696745138e-07
0.0,-80.0,7.322864869862274e-07
2.5,-80.0,7.305932827118362e-07
5.0,-80.0,7.476429374323894e-07
7.5,-80.0,7.580020813020088e-07
10.0,-80.0,6.038102692883226e-07
12.5,-80.0,3.714653117264355e-07
15.0,-80.0,3.078885268490828e-07
17.5,-80.0,3.9623632194568974e-07
20.0,-80.0,5.04549479589905e-07
22.5,-80.0,4.82292581446633e-07
25.0,-80.0,4.821816834354469e-07
27.5,-80.0,5.642075507137596e-07
30.0,-80.0,7.923237042125236e-07
32.5,-80.0,1.3458139913330094e-06
35.0,-80.0,2.7393961486963335e-06
37.5,-80.0,6.464296894064532e-06
40.0,-80.0,1.1120256010026995e-05
42.5,-80.0,3.968150725333005e-06
45.0,-80.0,1.1691854052871195e-06
47.5,-80.0,1.0595398202824836e-06
50.0,-80.0,3.2602048846861887e-06
52.5,-80.0,1.2191562699939596e-05
55.0,-80.0,1.6164699830144854e-05
57.5,-80.0,1.6110284317723204e-05
60.0,-80.0,1.603662840629173e-05
62.5,-80.0,1.5990898976573905e-05
65.0,-80.0,1.5954965098882416e-05
67.5,-80.0,1.5937645429784945e-05
70.0,-80.0,1.5931837499464592e-05
72.5,-80.0,1.593022209177811e-05
75.0,-80.0,1.59298121505753e-05
77.5,-80.0,1.5929712850075158e-05
80.0,-80.0,1.5929689391702815e-05
82.5,-80.0,1.5929683929568354e-05
85.0,-80.0,1.5929682661718545e-05
87.5,-80.0,1.5929682368668222e-05
90.0,-80.0,1.5929682352387656e-05
92.5,-80.0,1.5929682352387656e-05
95.0,-80.0,1.5929682352387656e-05
97.5,-80.0,1.5929682352387656e-05
100.0,-80.0,1.5929682352387656e-05
102.5,-80.0,1.5929682352387656e-05
105.0,-80.0,1.5929682352387656e-05
107.5,-80.0,1.5929682352387656e-05
110.0,-80.0,1.5929682352387656e-05
112.5,-80.0,1.5929682352387656e-05
115.0,-80.0,1.5929682352387656e-05
117.5,-80.0,1.5929682352387656e-05
120.0,-80.0,1.5929682352387656e-05
122.5,-80.0,1.5929682352387656e-05
125.0,-80.0,1.5929682352387656e-05
127.5,-80.0,1.5929682352387656e-05
130.0,-80.0,1.5929682352387656e-05
132.5,-80.0,1.5929682352387656e-05
135.0,-80.0,1.5929682352387656e-05
137.5,-80.0,1.5929682352387656e-05
140.0,-80.0,1.5929682352387656e-05
142.5,-80.0,1.5929682352387656e-05
145.0,-80.0,1.5929682352387656e-05
147.5,-80.0,1.5929682352387656e-05
150.0,-80.0,1.5929682352387656e-05
152.5,-80.0,1.5929682352387656e-05
155.0,-80.0,1.5929682352387656e-05
-142.5,-77.5,1.5929682352387656e-05
-140.0,-77.5,1.5929682352387656e-05
-137.5,-77.5,1.5929682352387656e-05
-135.0,-77.5,1.5929682352387656e-05
-132.5,-77.5,1.5929682352387656e-05
-130.0,-77.5,1.5929682352387656e-05
-127.5,-77.5,1.5929682352387656e-05
-125.0,-77.5,1.5929682352387656e-05
-122.5,-77.5,1.5929682352387656e-05
-120.0,-77.5,1.5929682352387656e-05
-117.5,-77.5,1.5929682352387656e-05
-115.0,-77.5,1.5929682352387656e-05
-112.5,-77.5,1.5929682352387656e-05
-110.0,-77.5,1.5929682352387656e-05
-107.5,-77.5,1.5929682352387656e-05
-105.0,-77.5,1.5929682352387656e-05
-102.5,-77.5,1.5929682352387656e-05
-100.0,-77.5,1.5929682352387656e-05
-97.5,-77.5,1.5929682352387656e-05
-95.0,-77.5,1.5929682352387656e-05
-92.5,-77.5,1.5929682352387656e-05
-90.0,-77.5,1.5929682352387656e-05
-87.5,-77.5,1.5929682352387656e-05
-85.0,-77.5,1.5929682352387656e-05
-82.5,-77.5,1.5929682352387656e-05
-80.0,-77.5,1.5929682352387656e-05
-77.5,-77.5,1.5929682352387656e-05
-75.0,-77.5,1.5929682352387656e-05
-72.5,-77.5,1.5929682352387656e-05
-70.0,-77.5,1.5929682352387656e-05
-67.5,-77.5,1.5929682352387656e-05
-65.0,-77.5,1.5929682352387656e-05
-62.5,-77.5,1.5929682353373403e-05
-60.0,-77.5,1.5929682360909522e-05
-57.5,-77.5,1.5929682395887308e-05
-55.0,-77.5,1.5929682547277567e-05
-52.5,-77.5,1.5929683200281263e-05
-50.0,-77.5,1.5929686023371414e-05
-47.5,-77.5,1.5929698243764538e-05
-45.0,-77.5,1.5929751099121524e-05
-42.5,-77.5,1.592997819701776e-05
-40.0,-77.5,1.5930926479463987e-05
-37.5,-77.5,1.5934406428724507e-05
-35.0,-77.5,1.5938489739717074e-05
-32.5,-77.5,1.5772381135194596e-05
-30.0,-77.5,1.30247733234771e-05
-27.5,-77.5,4.618695762629214e-06
-25.0,-77.5,1.2612073513645765e-06
-22.5,-77.5,4.705973327544506e-07
-20.0,-77.5,2.976682640629532e-07
-17.5,-77.5,3.346552913227539e-07
-15.0,-77.5,5.632894245470352e-07
-12.5,-77.5,6.55374382040676e-07
-10.0,-77.5,5.766756235967075e-07
-7.5,-77.5,5.735738293959194e-07
-5.0,-77.5,6.414745287700278e-07
-2.5,-77.5,7.276844585543484e-07
0.0,-77.5,7.673957000644157e-07
2.5,-77.5,7.729301388404126e-07
5.0,-77.5,7.835943425558176e-07
7.5,-77.5,7.571273807468293e-07
10.0,-77.5,5.790409910216393e-07
12.5,-77.5,3.9979081450713085e-07
15.0,-77.5,3.500919741682154e-07
17.5,-77.5,4.1112152081111097e-07
20.0,-77.5,5.063717598486348e-07
22.5,-77.5,5.173083212792801e-07
25.0,-77.5,5.263964812664141e-07
27.5,-77.5,6.078269743347589e-07
30.0,-77.5,8.232283867016915e-07
32.5,-77.5,1.333244305423339e-06
35.0,-77.5,2.406594181050722e-06
37.5,-77.5,3.6204406094546207e-06
40.0,-77.5,4.656944291620865e-06
42.5,-77.5,1.2939724079996441e-06
45.0,-77.5,4.7249618644753103e-07
47.5,-77.5,4.39246414827817e-07
50.0,-77.5,1.080371935274047e-06
52.5,-77.5,4.355358584964999e-06
55.0,-77.5,1.3895688476264743e-05
57.5,-77.5,1.5196787533613334e-05
60.0,-77.5,1.4143534801577055e-05
62.5,-77.5,1.5674554270822286e-05
65.0,-77.5,1.6107290051586993e-05
67.5,-77.5,1.5998264306840515e-05
70.0,-77.5,1.5946874699439655e-05
72.5,-77.5,1.5933594022171717e-05
75.0,-77.5,1.5930551538613637e-05
77.5,-77.5,1.592987462961876e-05
80.0,-77.5,1.592972490272908e-05
82.5,-77.5,1.5929691754422674e-05
85.0,-77.5,1.5929684393564793e-05
87.5,-77.5,1.5929682751261736e-05
90.0,-77.5,1.5929682397159195e-05
92.5,-77.5,1.5929682352387656e-05
95.0,-77.5,1.5929682352387656e-05
97.5,-77.5,1.5929682352387656e-05
100.0,-77.5,1.5929682352387656e-05
102.5,-77.5,1.5929682352387656e-05
105.0,-77.5,1.5929682352387656e-05
107.5,-77.5,1.5929682352387656e-05
110.0,-77.5,1.5929682352387656e-05
112.5,-77.5,1.5929682352387656e-05
115.0,-77.5,1.5929682352387656e-05
117.5,-77.5,1.5929682352387656e-05
120.0,-77.5,1.5929682352387656e-05
122.5,-77.5,1.5929682352387656e-05
125.0,-77.5,1.5929682352387656e-05
127.5,-77.5,1.5929682352387656e-05
130.0,-77.5,1.5929682352387656e-05
132.5,-77.5,1.5929682352387656e-05
135.0,-77.5,1.5929682352387656e-05
137.5,-77.5,1.5929682352387656e-05
140.0,-77.5,1.5929682352387656e-05
142.5,-77.5,1.5929682352387656e-05
145.0,-77.5,1.5929682352387656e-05
147.5,-77.5,1.5929682352387656e-05
150.0,-77.5,1.5929682352387656e-05
152.5,-77.5,1.5929682352387656e-05
155.0,-77.5,1.5929682352387656e-05
-142.5,-75.0,1.5929682352387656e-05
-140.0,-75.0,1.5929682352387656e-05
-137.5,-75.0,1.5929682352387656e-05
-135.0,-75.0,1.5929682352387656e-05
-132.5,-75.0,1.5929682352387656e-05
-130.0,-75.0,1.5929682352387656e-05
-127.5,-75.0,1.5929682352387656e-05
-125.0,-75.0,1.5929682352387656e-05
-122.5,-75.0,1.5929682352387656e-05
-120.0,-75.0,1.5929682352387656e-05
-117.5,-75.0,1.5929682352387656e-05
-115.0,-75.0,1.5929682352387656e-05
-112.5,-75.0,1.5929682352387656e-05
-110.0,-75.0,1.5929682352387656e-05
-107.5,-75.0,1.5929682352387656e-05
-105.0,-75.0,1.5929682352387656e-05
-102.5,-75.0,1.5929682352387656e-05
-100.0,-75.0,1.5929682352387656e-05
-97.5,-75.0,1.5929682352387656e-05
-95.0,-75.0,1.5929682352387656e-05
-92.5,-75.0,1.5929682352387656e-05
-90.0,-75.0,1.5929682352387656e-05
-87.5,-75.0,1.5929682352387656e-05
-85.0,-75.0,1.5929682352387656e-05
-82.5,-75.0,1.5929682352387656e-05
-80.0,-75.0,1.5929682352387656e-05
-77.5,-75.0,1.5929682352387656e-05
-75.0,-75.0,1.5929682352387656e-05
-72.5,-75.0,1.5929682352387656e-05
-70.0,-75.0,1.5929682352387656e-05
-67.5,-75.0,1.5929682352387656e-05
-65.0,-75.0,1.5929682352801015e-05
-62.5,-75.0,1.592968235928783e-05
-60.0,-75.0,1.5929682389114358e-05
-57.5,-75.0,1.592968251764182e-05
-55.0,-75.0,1.5929683074615564e-05
-52.5,-75.0,1.5929685494570605e-05
-50.0,-75.0,1.5929696053229668e-05
-47.5,-75.0,1.5929742306069605e-05
-45.0,-75.0,1.5929945133926464e-05
-42.5,-75.0,1.5930821959219257e-05
-40.0,-75.0,1.5934277150071502e-05
-37.5,-75.0,1.5940708479011328e-05
-35.0,-75.0,1.5805368197233416e-05
-32.5,-75.0,1.3491442547862892e-05
-30.0,-75.0,6.563538687405072e-06
-27.5,-75.0,2.754057593324144e-06
-25.0,-75.0,1.0207737356520442e-06
-22.5,-75.0,4.900524368517495e-07
-20.0,-75.0,3.533878774754075e-07
-17.5,-75.0,3.805484041633846e-07
-15.0,-75.0,5.456712485838455e-07
-12.5,-75.0,6.6888048969873e-07
-10.0,-75.0,6.316232266267831e-07
-7.5,-75.0,6.261436519446167e-07
-5.0,-75.0,6.813234151812424e-07
-2.5,-75.0,7.569014161087626e-07
0.0,-75.0,7.982985564640626e-07
2.5,-75.0,7.643623580000516e-07
5.0,-75.0,6.952128079754517e-07
7.5,-75.0,7.336906477791292e-07
10.0,-75.0,5.836539766404576e-07
12.5,-75.0,4.384942112077104e-07
15.0,-75.0,3.954692390949052e-07
17.5,-75.0,4.395118964380692e-07
20.0,-75.0,5.178178423845757e-07
22.5,-75.0,5.482224723426536e-07
25.0,-75.0,5.691235480904579e-07
27.5,-75.0,6.524463558736599e-07
30.0,-75.0,8.656388407193774e-07
32.5,-75.0,1.2874828086910769e-06
35.0,-75.0,9.560807571626926e-07
37.5,-75.0,7.285543499033574e-07
40.0,-75.0,1.5347951234198993e-06
42.5,-75.0,8.687478131980348e-07
45.0,-75.0,4.3255719951171156e-07
47.5,-75.0,4.1252829627809025e-07
50.0,-75.0,7.500140747338396e-07
52.5,-75.0,2.227793554696095e-06
55.0,-75.0,6.080874535209746e-06
57.5,-75.0,2.450985306531166e-06
60.0,-75.0,1.6191591590567212e-06
62.5,-75.0,3.914686628919504e-06
65.0,-75.0,1.271972913886292e-05
67.5,-75.0,1.608152660283057e-05
70.0,-75.0,1.6019872311151725e-05
72.5,-75.0,1.595110101559063e-05
75.0,-75.0,1.5934314649701822e-05
77.5,-75.0,1.5930676274919218e-05
80.0,-75.0,1.5929896966153664e-05
82.5,-75.0,1.5929729034989505e-05
85.0,-75.0,1.5929692535890904e-05
87.5,-75.0,1.592968454619515e-05
90.0,-75.0,1.592968278585797e-05
92.5,-75.0,1.59296824032644e-05
95.0,-75.0,1.5929682352387656e-05
97.5,-75.0,1.5929682352387656e-05
100.0,-75.0,1.5929682352387656e-05
102.5,-75.0,1.5929682352387656e-05
105.0,-75.0,1.5929682352387656e-05
107.5,-75.0,1.5929682352387656e-05
110.0,-75.0,1.5929682352387656e-05
112.5,-75.0,1.5929682352387656e-05
115.0,-75.0,1.5929682352387656e-05
117.5,-75.0,1.5929682352387656e-05
120.0,-75.0,1.5929682352387656e-05
122.5,-75.0,1.5929682352387656e-05
125.0,-75.0,1.5929682352387656e-05
127.5,-75.0,1.5929682352387656e-05
130.0,-75.0,1.5929682352387656e-05
132.5,-75.0,1.5929682352387656e-05
135.0,-75.0,1.5929682352387656e-05
137.5,-75.0,1.5929682352387656e-05
140.0,-75.0,1.5929682352387656e-05
142.5,-75.0,1.5929682352387656e-05
145.0,-75.0,1.5929682352387656e-05
147.5,-75.0,1.5929682352387656e-05
150.0,-75.0,1.5929682352387656e-05
152.5,-75.0,1.5929682352387656e-05
155.0,-75.0,1.5929682352387656e-05
-142.5,-72.5,1.5929682352387656e-05
-140.0,-72.5,1.5929682352387656e-05
-137.5,-72.5,1.5929682352387656e-05
-135.0,-72.5,1.5929682352387656e-05
-132.5,-72.5,1.5929682352387656e-05
-130.0,-72.5,1.5929682352387656e-05
-127.5,-72.5,1.5929682352387656e-05
-125.0,-72.5,1.5929682352387656e-05
-122.5,-72.5,1.5929682352387656e-05
-120.0,-72.5,1.5929682352387656e-05
-117.5,-72.5,1.5929682352387656e-05
-115.0,-72.5,1.5929682352387656e-05
-112.5,-72.5,1.5929682352387656e-05
-110.0,-72.5,1.5929682352387656e-05
-107.5,-72.5,1.5929682352387656e-05
-105.0,-72.5,1.5929682352387656e-05
-102.5,-72.5,1.5929682352387656e-05
-100.0,-72.5,1.5929682352387656e-05
-97.5,-72.5,1.5929682352387656e-05
-95.0,-72.5,1.5929682352387656e-05
-92.5,-72.5,1.5929682352387656e-05
-90.0,-72.5,1.5929682352387656e-05
-87.5,-72.5,1.5929682352387656e-05
-85.0,-72.5,1.5929682352387656e-05
-82.5,-72.5,1.5929682352387656e-05
-80.0,-72.5,1.5929682352387656e-05
-77.5,-72.5,1.5929682352387656e-05
-75.0,-72.5,1.5929682352387656e-05
-72.5,-72.5,1.5929682352387656e-05
-70.0,-72.5,1.5929682352387656e-05
-67.5,-72.5,1.5929682352387656e-05
-65.0,-72.5,1.5929682357856917e-05
-62.5,-72.5,1.5929682382850125e-05
-60.0,-72.5,1.59296824908997e-05
-57.5,-72.5,1.5929682958457477e-05
-55.0,-72.5,1.5929684989077717e-05
-52.5,-72.5,1.5929693856685418e-05
-50.0,-72.5,1.5929732848411434e-05
-47.5,-72.5,1.5929905366700002e-05
-45.0,-72.5,1.593066420423469e-05
-42.5,-72.5,1.5933723438009908e-05
-40.0,-72.5,1.5938139502846387e-05
-37.5,-72.5,1.572410621019534e-05
-35.0,-72.5,1.1413826978713118e-05
-32.5,-72.5,2.6526496484580935e-06
-30.0,-72.5,6.461712647217777e-07
-27.5,-72.5,6.247717283333438e-07
-25.0,-72.5,8.846040801331698e-07
-22.5,-72.5,5.33987669158489e-07
-20.0,-72.5,4.1375811851663993e-07
-17.5,-72.5,4.334390860275958e-07
-15.0,-72.5,5.612316733193136e-07
-12.5,-72.5,6.819141652436977e-07
-10.0,-72.5,6.803231081363131e-07
-7.5,-72.5,6.770183622559006e-07
-5.0,-72.5,7.220666376337018e-07
-2.5,-72.5,7.86288549796214e-07
0.0,-72.5,7.725604017969421e-07
2.5,-72.5,4.774354051668846e-07
5.0,-72.5,3.295085934883492e-07
7.5,-72.5,5.330465644011461e-07
10.0,-72.5,5.918042422892532e-07
12.5,-72.5,4.793550293263365e-07
15.0,-72.5,4.3998639680613895e-07
17.5,-72.5,4.720405070691547e-07
20.0,-72.5,5.364356286358442e-07
22.5,-72.5,5.769375961791498e-07
25.0,-72.5,6.102002179651001e-07
27.5,-72.5,6.991707459344548e-07
30.0,-72.5,9.122093552099784e-07
32.5,-72.5,1.0231188058484404e-06
35.0,-72.5,5.524819150411012e-07
37.5,-72.5,4.4605149626837395e-07
40.0,-72.5,8.011735298446449e-07
42.5,-72.5,7.783892681739109e-07
45.0,-72.5,4.776120535461797e-07
47.5,-72.5,4.5957796061378157e-07
50.0,-72.5,7.012624319354388e-07
52.5,-72.5,1.6050668970630895e-06
55.0,-72.5,2.0318157962219733e-06
57.5,-72.5,6.467638178490704e-07
60.0,-72.5,4.5121719674395023e-07
62.5,-72.5,9.957910452372114e-07
65.0,-72.5,4.022688751883361e-06
67.5,-72.5,1.3423571033063195e-05
70.0,-72.5,1.6101339284180822e-05
72.5,-72.5,1.601029660366383e-05
75.0,-72.5,1.5948716971640715e-05
77.5,-72.5,1.5933835636278287e-05
80.0,-72.5,1.593058227940449e-05
82.5,-72.5,1.5929878379995316e-05
85.0,-72.5,1.5929725309077145e-05
87.5,-72.5,1.5929691783203875e-05
90.0,-72.5,1.5929684391708524e-05
92.5,-72.5,1.592968274932997e-05
95.0,-72.5,1.5929682395124144e-05
97.5,-72.5,1.5929682352387656e-05
100.0,-72.5,1.5929682352387656e-05
102.5,-72.5,1.5929682352387656e-05
105.0,-72.5,1.5929682352387656e-05
107.5,-72.5,1.5929682352387656e-05
110.0,-72.5,1.5929682352387656e-05
112.5,-72.5,1.5929682352387656e-05
115.0,-72.5,1.5929682352387656e-05
117.5,-72.5,1.5929682352387656e-05
120.0,-72.5,1.5929682352387656e-05
122.5,-72.5,1.5929682352387656e-05
125.0,-72.5,1.5929682352387656e-05
127.5,-72.5,1.5929682352387656e-05
130.0,-72.5,1.5929682352387656e-05
132.5,-72.5,1.5929682352387656e-05
135.0,-72.5,1.5929682352387656e-05
137.5,-72.5,1.5929682352387656e-05
140.0,-72.5,1.5929682352387656e-05
142.5,-72.5,1.5929682352387656e-05
145.0,-72.5,1.5929682352387656e-05
147.5,-72.5,1.5929682352387656e-05
150.0,-72.5,1.5929682352387656e-05
152.5,-72.5,1.5929682352387656e-05
155.0,-72.5,1.5929682352387656e-05
-142.5,-70.0,1.5929682352387656e-05
-140.0,-70.0,1.5929682352387656e-05
-137.5,-70.0,1.5929682352387656e-05
-135.0,-70.0,1.5929682352387656e-05
-132.5,-70.0,1.5929682352387656e-05
-130.0,-70.0,1.5929682352387656e-05
-127.5,-70.0,1.5929682352387656e-05
-125.0,-70.0,1.5929682352387656e-05
-122.5,-70.0,1.5929682352387656e-05
-120.0,-70.0,1.5929682352387656e-05
-117.5,-70.0,1.5929682352387656e-05
-115.0,-70.0,1.5929682352387656e-05
-112.5,-70.0,1.5929682352387656e-05
-110.0,-70.0,1.5929682352387656e-05
-107.5,-70.0,1.5929682352387656e-05
-105.0,-70.0,1.5929682352387656e-05
-102.5,-70.0,1.5929682352387656e-05
-100.0,-70.0,1.5929682352387656e-05
-97.5,-70.0,1.5929682352387656e-05
-95.0,-70.0,1.5929682352387656e-05
-92.5,-70.0,1.5929682352387656e-05
-90.0,-70.0,1.5929682352387656e-05
-87.5,-70.0,1.5929682352387656e-05
-85.0,-70.0,1.5929682352387656e-05
-82.5,-70.0,1.5929682352387656e-05
-80.0,-70.0,1.5929682352387656e-05
-77.5,-70.0,1.5929682352387656e-05
-75.0,-70.0,1.5929682352387656e-05
-72.5,-70.0,1.5929682352387656e-05
-70.0,-70.0,1.5929682352387656e-05
-67.5,-70.0,1.5929682356616783e-05
-65.0,-70.0,1.5929682377508085e-05
-62.5,-70.0,1.5929682467623602e-05
-60.0,-70.0,1.5929682855908906e-05
-57.5,-70.0,1.592968453252202e-05
-55.0,-70.0,1.5929691795887302e-05
-52.5,-70.0,1.5929723381062336e-05
-50.0,-70.0,1.5929861160475252e-05
-47.5,-70.0,1.593045813917456e-05
-45.0,-70.0,1.5932862459319862e-05
-42.5,-70.0,1.5937602832927372e-05
-40.0,-70.0,1.5817094352661177e-05
-37.5,-70.0,1.2984210742359205e-05
-35.0,-70.0,3.7334718214855045e-06
-32.5,-70.0,7.838797282119995e-07
-30.0,-70.0,2.627303053615977e-07
-27.5,-70.0,2.627311972402414e-07
-25.0,-70.0,5.97933912574406e-07
-22.5,-70.0,5.801946721094279e-07
-20.0,-70.0,4.750760293787031e-07
-17.5,-70.0,4.878319722038289e-07
-15.0,-70.0,5.902794960621587e-07
-12.5,-70.0,7.000420893184096e-07
-10.0,-70.0,7.230394188921459e-07
-7.5,-70.0,7.25614757977235e-07
-5.0,-70.0,7.626059704861036e-07
-2.5,-70.0,8.035264853751671e-07
0.0,-70.0,6.697723195914514e-07
2.5,-70.0,3.8162676327522977e-07
5.0,-70.0,2.986574937309004e-07
7.5,-70.0,4.2124651047456014e-07
10.0,-70.0,5.749265943549106e-07
12.5,-70.0,5.184246862601044e-07
15.0,-70.0,4.826542767856217e-07
17.5,-70.0,5.057523492163127e-07
20.0,-70.0,5.595297697829838e-07
22.5,-70.0,6.051761317671103e-07
25.0,-70.0,6.502741539564322e-07
27.5,-70.0,7.481274787738312e-07
30.0,-70.0,9.358114030308124e-07
32.5,-70.0,8.580814969034189e-07
35.0,-70.0,5.261347318984913e-07
37.5,-70.0,4.608047897970824e-07
40.0,-70.0,6.687015108452682e-07
42.5,-70.0,7.505385262019272e-07
45.0,-70.0,5.451612749561215e-07
47.5,-70.0,5.258695128966944e-07
50.0,-70.0,7.256635221415734e-07
52.5,-70.0,1.335988692356863e-06
55.0,-70.0,1.1228699300425e-06
57.5,-70.0,4.813309283330829e-07
60.0,-70.0,3.8445326082708347e-07
62.5,-70.0,6.415895904323932e-07
65.0,-70.0,1.8825630980107482e-06
67.5,-70.0,7.209828485506006e-06
70.0,-70.0,1.5206980755368406e-05
72.5,-70.0,1.6103085507220385e-05
75.0,-70.0,1.5988233620761794e-05
77.5,-70.0,1.5943622813562933e-05
80.0,-70.0,1.5932817369616065e-05
82.5,-70.0,1.593038104672204e-05
85.0,-70.0,1.5929838207418286e-05
87.5,-70.0,1.592971718753638e-05
90.0,-70.0,1.592969012325988e-05
92.5,-70.0,1.5929684048588274e-05
95.0,-70.0,1.5929682679509537e-05
97.5,-70.0,1.5929682375401443e-05
100.0,-70.0,1.5929682352570453e-05
102.5,-70.0,1.5929682352387656e-05
105.0,-70.0,1.5929682352387656e-05
107.5,-70.0,1.5929682352387656e-05
110.0,-70.0,1.5929682352387656e-05
112.5,-70.0,1.5929682352387656e-05
115.0,-70.0,1.5929682352387656e-05
117.5,-70.0,1.5929682352387656e-05
120.0,-70.0,1.5929682352387656e-05
122.5,-70.0,1.5929682352387656e-05
125.0,-70.0,1.5929682352387656e-05
127.5,-70.0,1.5929682352387656e-05
130.0,-70.0,1.5929682352387656e-05
132.5,-70.0,1.5929682352387656e-05
135.0,-70.0,1.5929682352387656e-05
137.5,-70.0,1.5929682352387656e-05
140.0,-70.0,1.5929682352387656e-05
142.5,-70.0,1.5929682352387656e-05
145.0,-70.0,1.5929682352387656e-05
147.5,-70.0,1.5929682352387656e-05
150.0,-70.0,1.5929682352387656e-05
152.5,-70.0,1.5929682352387656e-05
155.0,-70.0,1.5929682352387656e-05
-142.5,-67.5,1.5929682352387656e-05
-140.0,-67.5,1.5929682352387656e-05
-137.5,-67.5,1.5929682352387656e-05
-135.0,-67.5,1.5929682352387656e-05
-132.5,-67.5,1.5929682352387656e-05
-130.0,-67.5,1.5929682352387656e-05
-127.5,-67.5,1.5929682352387656e-05
-125.0,-67.5,1.5929682352387656e-05
-122.5,-67.5,1.5929682352387656e-05
-120.0,-67.5,1.5929682352387656e-05
-117.5,-67.5,1.5929682352387656e-05
-115.0,-67.5,1.5929682352387656e-05
-112.5,-67.5,1.5929682352387656e-05
-110.0,-67.5,1.5929682352387656e-05
-107.5,-67.5,1.5929682352387656e-05
-105.0,-67.5,1.5929682352387656e-05
-102.5,-67.5,1.5929682352387656e-05
-100.0,-67.5,1.5929682352387656e-05
-97.5,-67.5,1.5929682352387656e-05
-95.0,-67.5,1.5929682352387656e-05
-92.5,-67.5,1.5929682352387656e-05
-90.0,-67.5,1.5929682352387656e-05
-87.5,-67.5,1.5929682352387656e-05
-85.0,-67.5,1.5929682352387656e-05
-82.5,-67.5,1.5929682352387656e-05
-80.0,-67.5,1.5929682352387656e-05
-77.5,-67.5,1.5929682352387656e-05
-75.0,-67.5,1.5929682352387656e-05
-72.5,-67.5,1.5929682352387656e-05
-70.0,-67.5,1.5929682355694646e-05
-67.5,-67.5,1.5929682373056317e-05
-65.0,-67.5,1.5929682448385796e-05
-62.5,-67.5,1.5929682771676067e-05
-60.0,-67.5,1.5929684163728816e-05
-57.5,-67.5,1.5929690160197238e-05
-55.0,-67.5,1.592971599121674e-05
-52.5,-67.5,1.5929826943236445e-05
-50.0,-67.5,1.5930297272070676e-05
-47.5,-67.5,1.593217589993461e-05
-45.0,-67.5,1.5937415136600938e-05
-42.5,-67.5,1.5904041206768262e-05
-40.0,-67.5,1.4835657165546823e-05
-37.5,-67.5,7.332360878928655e-06
-35.0,-67.5,1.809865431767156e-06
-32.5,-67.5,5.497134633892645e-07
-30.0,-67.5,2.816804445116902e-07
-27.5,-67.5,2.8055371694078757e-07
-25.0,-67.5,4.794652856639787e-07
-22.5,-67.5,6.04106615789929e-07
-20.0,-67.5,5.351310136982802e-07
-17.5,-67.5,5.420275081687923e-07
-15.0,-67.5,6.255274166241e-07
-12.5,-67.5,7.23350443696313e-07
-10.0,-67.5,7.614426178298978e-07
-7.5,-67.5,7.714941914706975e-07
-5.0,-67.5,8.005308435362184e-07
-2.5,-67.5,8.006022865108834e-07
0.0,-67.5,6.105526249346498e-07
2.5,-67.5,3.9231477857248365e-07
5.0,-67.5,3.336324147363322e-07
7.5,-67.5,4.1554148340568125e-07
10.0,-67.5,5.552762159973589e-07
12.5,-67.5,5.517632708414929e-07
15.0,-67.5,5.231144541085548e-07
17.5,-67.5,5.396397883627378e-07
20.0,-67.5,5.856132662780499e-07
22.5,-67.5,6.349193224760146e-07
25.0,-67.5,6.934780822768721e-07
27.5,-67.5,8.028134417133796e-07
30.0,-67.5,9.442809094069434e-07
32.5,-67.5,8.115430396324634e-07
35.0,-67.5,5.691599103659332e-07
37.5,-67.5,5.212353207723894e-07
40.0,-67.5,6.631677802877529e-07
42.5,-67.5,7.491349616166164e-07
45.0,-67.5,6.190921642241002e-07
47.5,-67.5,6.009909109897785e-07
50.0,-67.5,7.772003918496534e-07
52.5,-67.5,1.1832926336014347e-06
55.0,-67.5,8.977795620578964e-07
57.5,-67.5,4.876426449262445e-07
60.0,-67.5,4.138356746945411e-07
62.5,-67.5,5.955250557988607e-07
65.0,-67.5,1.3350400893478525e-06
67.5,-67.5,4.095694790170028e-06
70.0,-67.5,1.2095803258790363e-05
72.5,-67.5,1.5990576914161992e-05
75.0,-67.5,1.6059364366848467e-05
77.5,-67.5,1.596726918724359e-05
80.0,-67.5,1.593880671027768e-05
82.5,-67.5,1.5931809147018865e-05
85.0,-67.5,1.5930172649565985e-05
87.5,-67.5,1.5929795029600448e-05
90.0,-67.5,1.5929708217513537e-05
92.5,-67.5,1.592968826570737e-05
95.0,-67.5,1.592968366715535e-05
97.5,-67.5,1.5929682602443085e-05
100.0,-67.5,1.5929682355925208e-05
102.5,-67.5,1.592968235350855e-05
105.0,-67.5,1.5929682352681773e-05
107.5,-67.5,1.5929682352387656e-05
110.0,-67.5,1.5929682352387656e-05
112.5,-67.5,1.5929682352387656e-05
115.0,-67.5,1.5929682352387656e-05
117.5,-67.5,1.5929682352387656e-05
120.0,-67.5,1.5929682352387656e-05
122.5,-67.5,1.5929682352387656e-05
125.0,-67.5,1.5929682352387656e-05
127.5,-67.5,1.5929682352387656e-05
130.0,-67.5,1.5929682352387656e-05
132.5,-67.5,1.5929682352387656e-05
135.0,-67.5,1.5929682352387656e-05
137.5,-67.5,1.5929682352387656e-05
140.0,-67.5,1.5929682352387656e-05
142.5,-67.5,1.5929682352387656e-05
145.0,-67.5,1.5929682352387656e-05
147.5,-67.5,1.5929682352387656e-05
150.0,-67.5,1.5929682352387656e-05
152.5,-67.5,1.5929682352387656e-05
155.0,-67.5,1.5929682352387656e-05
-142.5,-65.0,1.5929682352387656e-05
-140.0,-65.0,1.5929682352387656e-05
-137.5,-65.0,1.5929682352387656e-05
-135.0,-65.0,1.5929682352387656e-05
-132.5,-65.0,1.5929682352387656e-05
-130.0,-65.0,1.5929682352387656e-05
-127.5,-65.0,1.5929682352387656e-05
-125.0,-65.0,1.5929682352387656e-05
-122.5,-65.0,1.5929682352387656e-05
-120.0,-65.0,1.5929682352387656e-05
-117.5,-65.0,1.5929682352387656e-05
-115.0,-65.0,1.5929682352387656e-05
-112.5,-65.0,1.5929682352387656e-05
-110.0,-65.0,1.5929682352387656e-05
-107.5,-65.0,1.5929682352387656e-05
-105.0,-65.0,1.5929682352387656e-05
-102.5,-65.0,1.5929682352387656e-05
-100.0,-65.0,1.5929682352387656e-05
-97.5,-65.0,1.5929682352387656e-05
-95.0,-65.0,1.5929682352387656e-05
-92.5,-65.0,1.5929682352387656e-05
-90.0,-65.0,1.5929682352387656e-05
-87.5,-65.0,1.5929682352387656e-05
-85.0,-65.0,1.5929682352387656e-05
-82.5,-65.0,1.5929682352387656e-05
-80.0,-65.0,1.5929682352387656e-05
-77.5,-65.0,1.5929682352387656e-05
-75.0,-65.0,1.5929682352387656e-05
-72.5,-65.0,1.5929682354613483e-05
-70.0,-65.0,1.592968236933597e-05
-67.5,-65.0,1.5929682432232397e-05
-65.0,-65.0,1.5929682703214954e-05
-62.5,-65.0,1.592968387175957e-05
-60.0,-65.0,1.5929688920519803e-05
-57.5,-65.0,1.5929710778335138e-05
-55.0,-65.0,1.5929805368180853e-05
-52.5,-65.0,1.5930211286685418e-05
-50.0,-65.0,1.5931884339477932e-05
-47.5,-65.0,1.59375545953943e-05
-45.0,-65.0,1.593596884068469e-05
-42.5,-65.0,1.5579293470049454e-05
-40.0,-65.0,1.1868957833694493e-05
-37.5,-65.0,4.1988504593585276e-06
-35.0,-65.0,1.2909549427233588e-06
-32.5,-65.0,5.298621768585121e-07
-30.0,-65.0,3.3424259348118945e-07
-27.5,-65.0,3.309827231490444e-07
-25.0,-65.0,4.698990934827521e-07
-22.5,-65.0,6.115394588501013e-07
-20.0,-65.0,5.905158749696884e-07
-17.5,-65.0,5.952361563611031e-07
-15.0,-65.0,6.638962646642418e-07
-12.5,-65.0,7.506900448485253e-07
-10.0,-65.0,7.97129159480158e-07
-7.5,-65.0,8.108795887071562e-07
-5.0,-65.0,8.235798539803599e-07
-2.5,-65.0,7.894371507581848e-07
0.0,-65.0,5.981146334710676e-07
2.5,-65.0,4.2674051809235184e-07
5.0,-65.0,3.790126114419479e-07
7.5,-65.0,4.3909244836592843e-07
10.0,-65.0,5.519646233585454e-07
12.5,-65.0,5.786311470466251e-07
15.0,-65.0,5.609838960184162e-07
17.5,-65.0,5.735092468057125e-07
20.0,-65.0,6.150121803883404e-07
22.5,-65.0,6.726205810110927e-07
25.0,-65.0,7.390140059691327e-07
27.5,-65.0,8.0052051970717e-07
30.0,-65.0,9.574007404028263e-07
32.5,-65.0,8.242771365229261e-07
35.0,-65.0,6.313410132815181e-07
37.5,-65.0,5.919397635809342e-07
40.0,-65.0,6.938186606750404e-07
42.5,-65.0,7.672209603035086e-07
45.0,-65.0,6.9191242077728e-07
47.5,-65.0,6.811256214075145e-07
50.0,-65.0,8.391158952188172e-07
52.5,-65.0,1.0967410896697404e-06
55.0,-65.0,7.934822085339723e-07
57.5,-65.0,4.3634066541872426e-07
60.0,-65.0,3.5584519503015357e-07
62.5,-65.0,5.341062899530581e-07
65.0,-65.0,1.1072678399194095e-06
67.5,-65.0,2.8653616814426687e-06
70.0,-65.0,8.515620101711586e-06
72.5,-65.0,1.5166683050251063e-05
75.0,-65.0,1.611856700948547e-05
77.5,-65.0,1.60112755643369e-05
80.0,-65.0,1.5952096412632895e-05
82.5,-65.0,1.5935267280916362e-05
85.0,-65.0,1.5931033171661846e-05
87.5,-65.0,1.5930006089740933e-05
90.0,-65.0,1.5929759969743937e-05
92.5,-65.0,1.5929701043558307e-05
95.0,-65.0,1.592968684447544e-05
97.5,-65.0,1.592968339487701e-05
100.0,-65.0,1.5929682553915432e-05
102.5,-65.0,1.592968236526587e-05
105.0,-65.0,1.592968235603251e-05
107.5,-65.0,1.592968235332966e-05
110.0,-65.0,1.5929682352566492e-05
112.5,-65.0,1.5929682352387656e-05
115.0,-65.0,1.5929682352387656e-05
117.5,-65.0,1.5929682352387656e-05
120.0,-65.0,1.5929682352387656e-05
122.5,-65.0,1.5929682352387656e-05
125.0,-65.0,1.5929682352387656e-05
127.5,-65.0,1.5929682352387656e-05
130.0,-65.0,1.5929682352387656e-05
132.5,-65.0,1.5929682352387656e-05
135.0,-65.0,1.5929682352387656e-05
137.5,-65.0,1.5929682352387656e-05
140.0,-65.0,1.5929682352387656e-05
142.5,-65.0,1.5929682352387656e-05
145.0,-65.0,1.5929682352387656e-05
147.5,-65.0,1.5929682352387656e-05
150.0,-65.0,1.5929682352387656e-05
152.5,-65.0,1.5929682352387656e-05
155.0,-65.0,1.5929682352387656e-05
-142.5,-62.5,1.5929682352387656e-05
-140.0,-62.5,1.5929682352387656e-05
-137.5,-62.5,1.5929682352387656e-05
-135.0,-62.5,1.5929682352387656e-05
-132.5,-62.5,1.5929682352387656e-05
-130.0,-62.5,1.5929682352387656e-05
-127.5,-62.5,1.5929682352387656e-05
-125.0,-62.5,1.5929682352387656e-05
-122.5,-62.5,1.5929682352387656e-05
-120.0,-62.5,1.5929682352387656e-05
-117.5,-62.5,1.5929682352387656e-05
-115.0,-62.5,1.5929682352387656e-05
-112.5,-62.5,1.5929682352387656e-05
-110.0,-62.5,1.5929682352387656e-05
-107.5,-62.5,1.5929682352387656e-05
-105.0,-62.5,1.5929682352387656e-05
-102.5,-62.5,1.5929682352387656e-05
-100.0,-62.5,1.5929682352387656e-05
-97.5,-62.5,1.5929682352387656e-05
-95.0,-62.5,1.5929682352387656e-05
-92.5,-62.5,1.5929682352387656e-05
-90.0,-62.5,1.5929682352387656e-05
-87.5,-62.5,1.5929682352387656e-05
-85.0,-62.5,1.5929682352387656e-05
-82.5,-62.5,1.5929682352387656e-05
-80.0,-62.5,1.5929682352387656e-05
-77.5,-62.5,1.5929682352387656e-05
-75.0,-62.5,1.5929682354231928e-05
-72.5,-62.5,1.592968236625156e-05
-70.0,-62.5,1.5929682418686494e-05
-67.5,-62.5,1.5929682645088175e-05
-65.0,-62.5,1.592968362268585e-05
-62.5,-62.5,1.5929687864348864e-05
-60.0,-62.5,1.5929706366735106e-05
-57.5,-62.5,1.5929787537697056e-05
-55.0,-62.5,1.5930144261703994e-05
-52.5,-62.5,1.5931672484343247e-05
-50.0,-62.5,1.5937020955595383e-05
-47.5,-62.5,1.5925395901697074e-05
-45.0,-62.5,1.513710999710496e-05
-42.5,-62.5,7.947160693349125e-06
-40.0,-62.5,2.3744755060598846e-06
-37.5,-62.5,1.7950225091616575e-06
-35.0,-62.5,1.1052648999167803e-06
-32.5,-62.5,5.591971603292244e-07
-30.0,-62.5,3.93931561806912e-07
-27.5,-62.5,3.8742992682444524e-07
-25.0,-62.5,4.932865849983747e-07
-22.5,-62.5,6.218931759366646e-07
-20.0,-62.5,6.386743610208858e-07
-17.5,-62.5,6.466733042795083e-07
-15.0,-62.5,7.038883407003058e-07
-12.5,-62.5,7.806023926939485e-07
-10.0,-62.5,8.146180209531824e-07
-7.5,-62.5,6.404260089291361e-07
-5.0,-62.5,4.6191657135629954e-07
-2.5,-62.5,6.748677379289883e-07
0.0,-62.5,6.061548823066745e-07
2.5,-62.5,4.671969433821423e-07
5.0,-62.5,4.254196366846546e-07
7.5,-62.5,4.710574883497652e-07
10.0,-62.5,5.617365046129329e-07
12.5,-62.5,6.016994985766477e-07
15.0,-62.5,5.961220566040627e-07
17.5,-62.5,6.07860916556109e-07
20.0,-62.5,6.498310424900006e-07
22.5,-62.5,7.044049444509922e-07
25.0,-62.5,5.90687070837979e-07
27.5,-62.5,4.804114385894518e-07
30.0,-62.5,7.585773397147865e-07
32.5,-62.5,8.593523345144441e-07
35.0,-62.5,7.023131668664432e-07
37.5,-62.5,6.64581466779443e-07
40.0,-62.5,7.378494031948528e-07
42.5,-62.5,7.983525556330057e-07
45.0,-62.5,7.613067089188852e-07
47.5,-62.5,7.632525613872622e-07
50.0,-62.5,9.025371891072049e-07
52.5,-62.5,1.0351498914176193e-06
55.0,-62.5,6.970308469166104e-07
57.5,-62.5,4.024878652891539e-07
60.0,-62.5,3.4171972250990533e-07
62.5,-62.5,4.774226990669296e-07
65.0,-62.5,9.369122971185542e-07
67.5,-62.5,2.22003136554378e-06
70.0,-62.5,6.0581437040947286e-06
72.5,-62.5,1.3417244775154087e-05
75.0,-62.5,1.6038972719013607e-05
77.5,-62.5,1.607199966203102e-05
80.0,-62.5,1.5976730813641554e-05
82.5,-62.5,1.5942522153414413e-05
85.0,-62.5,1.5933014779929713e-05
87.5,-62.5,1.5930547350568425e-05
90.0,-62.5,1.592991178776634e-05
92.5,-62.5,1.592974413695603e-05
95.0,-62.5,1.5929698896081432e-05
97.5,-62.5,1.5929686667225365e-05
100.0,-62.5,1.5929683415390722e-05
102.5,-62.5,1.5929682565450114e-05
105.0,-62.5,1.5929682385644375e-05
107.5,-62.5,1.5929682360909522e-05
110.0,-62.5,1.5929682354486316e-05
112.5,-62.5,1.5929682352856648e-05
115.0,-62.5,1.5929682352423425e-05
117.5,-62.5,1.5929682352387656e-05
120.0,-62.5,1.5929682352387656e-05
122.5,-62.5,1.5929682352387656e-05
125.0,-62.5,1.5929682352387656e-05
127.5,-62.5,1.5929682352387656e-05
130.0,-62.5,1.5929682352387656e-05
132.5,-62.5,1.5929682352387656e-05
135.0,-62.5,1.5929682352387656e-05
137.5,-62.5,1.5929682352387656e-05
140.0,-62.5,1.5929682352387656e-05
142.5,-62.5,1.5929682352387656e-05
145.0,-62.5,1.5929682352387656e-05
147.5,-62.5,1.5929682352387656e-05
150.0,-62.5,1.5929682352387656e-05
152.5,-62.5,1.5929682352387656e-05
155.0,-62.5,1.5929682352387656e-05
-142.5,-60.0,1.5929682352387656e-05
-140.0,-60.0,1.5929682352387656e-05
-137.5,-60.0,1.5929682352387656e-05
-135.0,-60.0,1.5929682352387656e-05
-132.5,-60.0,1.5929682352387656e-05
-130.0,-60.0,1.5929682352387656e-05
-127.5,-60.0,1.5929682352387656e-05
-125.0,-60.0,1.5929682352387656e-05
-122.5,-60.0,1.5929682352387656e-05
-120.0,-60.0,1.5929682352387656e-05
-117.5,-60.0,1.5929682352387656e-05
-115.0,-60.0,1.5929682352387656e-05
-112.5,-60.0,1.5929682352387656e-05
-110.0,-60.0,1.5929682352387656e-05
-107.5,-60.0,1.5929682352387656e-05
-105.0,-60.0,1.5929682352387656e-05
-102.5,-60.0,1.5929682352387656e-05
-100.0,-60.0,1.5929682352387656e-05
-97.5,-60.0,1.5929682352387656e-05
-95.0,-60.0,1.5929682352387656e-05
-92.5,-60.0,1.5929682352387656e-05
-90.0,-60.0,1.5929682352387656e-05
-87.5,-60.0,1.5929682352387656e-05
-85.0,-60.0,1.5929682352387656e-05
-82.5,-60.0,1.5929682352387656e-05
-80.0,-60.0,1.5929682352387656e-05
-77.5,-60.0,1.592968235381857e-05
-75.0,-60.0,1.592968236358057e-05
-72.5,-60.0,1.5929682407239192e-05
-70.0,-60.0,1.592968259529254e-05
-67.5,-60.0,1.592968340620507e-05
-65.0,-60.0,1.5929686915051075e-05
-62.5,-60.0,1.5929702178168217e-05
-60.0,-60.0,1.592976897861538e-05
-57.5,-60.0,1.5930062496690486e-05
-55.0,-60.0,1.5931326101348277e-05
-52.5,-60.0,1.5935782024731886e-05
-50.0,-60.0,1.5923788423296122e-05
-47.5,-60.0,1.5117526272401888e-05
-45.0,-60.0,7.093523671993717e-06
-42.5,-60.0,1.2994428096483317e-06
-40.0,-60.0,3.023741407518248e-07
-37.5,-60.0,2.9404724403810793e-07
-35.0,-60.0,7.870921974421584e-07
-32.5,-60.0,6.031152603006396e-07
-30.0,-60.0,4.552840293924078e-07
-27.5,-60.0,4.445538520904073e-07
-25.0,-60.0,5.281732731832996e-07
-22.5,-60.0,6.40089417868816e-07
-20.0,-60.0,6.802308374641178e-07
-17.5,-60.0,6.955431275197068e-07
-15.0,-60.0,7.444623617314736e-07
-12.5,-60.0,8.061371203650202e-07
-10.0,-60.0,7.29873161335811e-07
-7.5,-60.0,3.9219067482000696e-07
-5.0,-60.0,2.804934974505891e-07
-2.5,-60.0,4.50123834164158e-07
0.0,-60.0,5.995620099892853e-07
2.5,-60.0,5.081997432009629e-07
5.0,-60.0,4.7048895568494376e-07
7.5,-60.0,5.054229928668127e-07
10.0,-60.0,5.791879771789413e-07
12.5,-60.0,6.236326238943052e-07
15.0,-60.0,6.290081416163758e-07
17.5,-60.0,6.434568970672338e-07
20.0,-60.0,6.864511696366854e-07
22.5,-60.0,6.869678197339042e-07
25.0,-60.0,5.017514206594092e-07
27.5,-60.0,4.2348953219652545e-07
30.0,-60.0,6.126660075863125e-07
32.5,-60.0,8.544282377015005e-07
35.0,-60.0,7.772787089669653e-07
37.5,-60.0,7.374466240097513e-07
40.0,-60.0,7.881034927624381e-07
42.5,-60.0,8.379981073111114e-07
45.0,-60.0,8.277529558743409e-07
47.5,-60.0,8.448066080780545e-07
50.0,-60.0,9.61216452492672e-07
52.5,-60.0,9.823799127405106e-07
55.0,-60.0,6.522199757119459e-07
57.5,-60.0,4.1986453000253885e-07
60.0,-60.0,3.718736318614903e-07
62.5,-60.0,4.773372099741896e-07
65.0,-60.0,8.381304813470544e-07
67.5,-60.0,1.8189751718613966e-06
70.0,-60.0,4.55493576792262e-06
72.5,-60.0,1.1147932802572667e-05
75.0,-60.0,1.56481487216995e-05
77.5,-60.0,1.6124999183059632e-05
80.0,-60.0,1.6015283100721368e-05
82.5,-60.0,1.595633119359952e-05
85.0,-60.0,1.5937676099205494e-05
87.5,-60.0,1.593229277015085e-05
90.0,-60.0,1.5930586011914434e-05
92.5,-60.0,1.592997584975805e-05
95.0,-60.0,1.5929768401298386e-05
97.5,-60.0,1.5929705645924833e-05
100.0,-60.0,1.5929688311301737e-05
102.5,-60.0,1.5929683793067463e-05
105.0,-60.0,1.5929682661654933e-05
107.5,-60.0,1.592968241677861e-05
110.0,-60.0,1.592968236803228e-05
112.5,-60.0,1.5929682356151755e-05
115.0,-60.0,1.592968235324222e-05
117.5,-60.0,1.5929682352538648e-05
120.0,-60.0,1.5929682352387656e-05
122.5,-60.0,1.5929682352387656e-05
125.0,-60.0,1.5929682352387656e-05
127.5,-60.0,1.5929682352387656e-05
130.0,-60.0,1.5929682352387656e-05
132.5,-60.0,1.5929682352387656e-05
135.0,-60.0,1.5929682352387656e-05
137.5,-60.0,1.5929682352387656e-05
140.0,-60.0,1.5929682352387656e-05
142.5,-60.0,1.5929682352387656e-05
145.0,-60.0,1.5929682352387656e-05
147.5,-60.0,1.5929682352387656e-05
150.0,-60.0,1.5929682352387656e-05
152.5,-60.0,1.5929682352387656e-05
155.0,-60.0,1.5929682352387656e-05
-142.5,-57.5,1.5929682352387656e-05
-140.0,-57.5,1.5929682352387656e-05
-137.5,-57.5,1.5929682352387656e-05
-135.0,-57.5,1.5929682352387656e-05
-132.5,-57.5,1.5929682352387656e-05
-130.0,-57.5,1.5929682352387656e-05
-127.5,-57.5,1.5929682352387656e-05
-125.0,-57.5,1.5929682352387656e-05
-122.5,-57.5,1.5929682352387656e-05
-120.0,-57.5,1.5929682352387656e-05
-117.5,-57.5,1.5929682352387656e-05
-115.0,-57.5,1.5929682352387656e-05
-112.5,-57.5,1.5929682352387656e-05
-110.0,-57.5,1.5929682352387656e-05
-107.5,-57.5,1.5929682352387656e-05
-105.0,-57.5,1.5929682352387656e-05
-102.5,-57.5,1.5929682352387656e-05
-100.0,-57.5,1.5929682352387656e-05
-97.5,-57.5,1.5929682352387656e-05
-95.0,-57.5,1.5929682352387656e-05
-92.5,-57.5,1.5929682352387656e-05
-90.0,-57.5,1.5929682352387656e-05
-87.5,-57.5,1.5929682352387656e-05
-85.0,-57.5,1.5929682352387656e-05
-82.5,-57.5,1.5929682352387656e-05
-80.0,-57.5,1.5929682353532377e-05
-77.5,-57.5,1.592968236116391e-05
-75.0,-57.5,1.5929682397731583e-05
-72.5,-57.5,1.5929682554145937e-05
-70.0,-57.5,1.592968322705513e-05
-67.5,-57.5,1.5929686127573444e-05
-65.0,-57.5,1.592969865399102e-05
-62.5,-57.5,1.592975282611261e-05
-60.0,-57.5,1.5929986534534768e-05
-57.5,-57.5,1.593097190097744e-05
-55.0,-57.5,1.59345549514489e-05
-52.5,-57.5,1.5933872030624778e-05
-50.0,-57.5,1.5581345082537668e-05
-47.5,-57.5,1.0495493513540146e-05
-45.0,-57.5,2.5263122611709628e-06
-42.5,-57.5,6.031093268927776e-07
-40.0,-57.5,2.464031861704488e-07
-37.5,-57.5,2.4323005669590796e-07
-35.0,-57.5,5.09470516601257e-07
-32.5,-57.5,6.325606632388844e-07
-30.0,-57.5,5.16257419732688e-07
-27.5,-57.5,5.009022931035934e-07
-25.0,-57.5,5.677484949318419e-07
-22.5,-57.5,6.646992399398575e-07
-20.0,-57.5,7.174660585153151e-07
-17.5,-57.5,7.413711621508234e-07
-15.0,-57.5,7.838034251878778e-07
-12.5,-57.5,8.118138843597982e-07
-10.0,-57.5,6.315541750061608e-07
-7.5,-57.5,3.6883893596860696e-07
-5.0,-57.5,3.001663746975688e-07
-2.5,-57.5,4.029576602186485e-07
0.0,-57.5,5.708466020239925e-07
2.5,-57.5,5.453017654483042e-07
5.0,-57.5,5.134945356117855e-07
7.5,-57.5,5.401560170485695e-07
10.0,-57.5,6.009878713372322e-07
12.5,-57.5,6.459274567566835e-07
15.0,-57.5,6.605862760128569e-07
17.5,-57.5,6.799406554943023e-07
20.0,-57.5,7.156943188686489e-07
22.5,-57.5,6.674880306526371e-07
25.0,-57.5,5.086555144716254e-07
27.5,-57.5,4.5794938057297625e-07
30.0,-57.5,5.94926538922732e-07
32.5,-57.5,8.31381600521629e-07
35.0,-57.5,8.453661596298454e-07
37.5,-57.5,8.101044521625255e-07
40.0,-57.5,8.422014765336984e-07
42.5,-57.5,8.837922702933166e-07
45.0,-57.5,8.933515900923803e-07
47.5,-57.5,9.234945460038431e-07
50.0,-57.5,1.0069691681263642e-06
52.5,-57.5,9.487568775076293e-07
55.0,-57.5,6.486790331749052e-07
57.5,-57.5,4.563457758681824e-07
60.0,-57.5,4.1501429141574247e-07
62.5,-57.5,5.039425565920182e-07
65.0,-57.5,8.00412448476445e-07
67.5,-57.5,1.5766603360310874e-06
70.0,-57.5,3.626462619208503e-06
72.5,-57.5,8.944748748793418e-06
75.0,-57.5,1.4825054579300131e-05
77.5,-57.5,1.6121783456037865e-05
80.0,-57.5,1.6063004783542145e-05
82.5,-57.5,1.595050354055855e-05
85.0,-57.5,1.5882921044584386e-05
87.5,-57.5,1.590448139126888e-05
90.0,-57.5,1.5929018168492253e-05
92.5,-57.5,1.5931190672234305e-05
95.0,-57.5,1.593024223265474e-05
97.5,-57.5,1.5929832380382868e-05
100.0,-57.5,1.5929719070674948e-05
102.5,-57.5,1.5929691070737466e-05
105.0,-57.5,1.5929684377005956e-05
107.5,-57.5,1.592968278123529e-05
110.0,-57.5,1.5929682455413137e-05
112.5,-57.5,1.592968237721391e-05
115.0,-57.5,1.5929682358349792e-05
117.5,-57.5,1.592968235377884e-05
120.0,-57.5,1.5929682352665873e-05
122.5,-57.5,1.5929682352387656e-05
125.0,-57.5,1.5929682352387656e-05
127.5,-57.5,1.5929682352387656e-05
130.0,-57.5,1.5929682352387656e-05
132.5,-57.5,1.5929682352387656e-05
135.0,-57.5,1.5929682352387656e-05
137.5,-57.5,1.5929682352387656e-05
140.0,-57.5,1.5929682352387656e-05
142.5,-57.5,1.5929682352387656e-05
145.0,-57.5,1.5929682352387656e-05
147.5,-57.5,1.5929682352387656e-05
150.0,-57.5,1.5929682352387656e-05
152.5,-57.5,1.5929682352387656e-05
155.0,-57.5,1.5929682352387656e-05
-142.5,-55.0,1.5929682352387656e-05
-140.0,-55.0,1.5929682352387656e-05
-137.5,-55.0,1.5929682352387656e-05
-135.0,-55.0,1.5929682352387656e-05
-132.5,-55.0,1.5929682352387656e-05
-130.0,-55.0,1.5929682352387656e-05
-127.5,-55.0,1.5929682352387656e-05
-125.0,-55.0,1.5929682352387656e-05
-122.5,-55.0,1.5929682352387656e-05
-120.0,-55.0,1.5929682352387656e-05
-117.5,-55.0,1.5929682352387656e-05
-115.0,-55.0,1.5929682352387656e-05
-112.5,-55.0,1.5929682352387656e-05
-110.0,-55.0,1.5929682352387656e-05
-107.5,-55.0,1.5929682352387656e-05
-105.0,-55.0,1.5929682352387656e-05
-102.5,-55.0,1.5929682352387656e-05
-100.0,-55.0,1.5929682352387656e-05
-97.5,-55.0,1.5929682352387656e-05
-95.0,-55.0,1.5929682352387656e-05
-92.5,-55.0,1.5929682352387656e-05
-90.0,-55.0,1.5929682352387656e-05
-87.5,-55.0,1.5929682352387656e-05
-85.0,-55.0,1.5929682352387656e-05
-82.5,-55.0,1.5929682353309794e-05
-80.0,-55.0,1.5929682359828356e-05
-77.5,-55.0,1.5929682389686688e-05
-75.0,-55.0,1.5929682520281062e-05
-72.5,-55.0,1.5929683082533235e-05
-70.0,-55.0,1.592968550897509e-05
-67.5,-55.0,1.5929696000540356e-05
-65.0,-55.0,1.5929741380870462e-05
-62.5,-55.0,1.5929936882994175e-05
-60.0,-55.0,1.5930761723417765e-05
-57.5,-55.0,1.593392449611273e-05
-55.0,-55.0,1.594027390793229e-05
-52.5,-55.0,1.584277043759347e-05
-50.0,-55.0,1.3869047517025873e-05
-47.5,-55.0,5.6192998906134415e-06
-45.0,-55.0,1.4900009543391581e-06
-42.5,-55.0,5.147651345770698e-07
-40.0,-55.0,2.9063703961164574e-07
-37.5,-55.0,2.870384721830731e-07
-35.0,-55.0,4.5692522711950354e-07
-32.5,-55.0,6.329641231217103e-07
-30.0,-55.0,5.740243988808911e-07
-27.5,-55.0,5.559963569598108e-07
-25.0,-55.0,6.094207108040755e-07
-22.5,-55.0,6.937191573543571e-07
-20.0,-55.0,7.524445960508253e-07
-17.5,-55.0,7.840516156031431e-07
-15.0,-55.0,8.18823978600164e-07
-12.5,-55.0,8.011214531520795e-07
-10.0,-55.0,5.959878277891075e-07
-7.5,-55.0,3.972744631507811e-07
-5.0,-55.0,3.44733835810046e-07
-2.5,-55.0,4.175422443151106e-07
0.0,-55.0,5.551685737358864e-07
2.5,-55.0,5.752170325798199e-07
5.0,-55.0,5.539098528968528e-07
7.5,-55.0,5.745031312899233e-07
10.0,-55.0,6.253884003862926e-07
12.5,-55.0,6.69439929646826e-07
15.0,-55.0,6.909935931601967e-07
17.5,-55.0,7.126264115850726e-07
20.0,-55.0,7.371836347755087e-07
22.5,-55.0,6.696482203917357e-07
25.0,-55.0,5.443892466276333e-07
27.5,-55.0,5.10974890356784e-07
30.0,-55.0,6.209211751412855e-07
32.5,-55.0,8.259957466271843e-07
35.0,-55.0,8.997466692484496e-07
37.5,-55.0,8.808969202199793e-07
40.0,-55.0,8.994131806152615e-07
42.5,-55.0,9.349824470058564e-07
45.0,-55.0,9.455751852514036e-07
47.5,-55.0,8.286044758708386e-07
50.0,-55.0,7.428448826952016e-07
52.5,-55.0,8.729186339150739e-07
55.0,-55.0,6.669130161977012e-07
57.5,-55.0,5.002290760004261e-07
60.0,-55.0,4.627015417593441e-07
62.5,-55.0,5.418071717046279e-07
65.0,-55.0,7.977155371969269e-07
67.5,-55.0,1.4380419060976557e-06
70.0,-55.0,3.0429947461136313e-06
72.5,-55.0,7.178089973965994e-06
75.0,-55.0,1.3581435834071284e-05
77.5,-55.0,1.596217963963226e-05
80.0,-55.0,1.549586563705102e-05
82.5,-55.0,1.1967709402147457e-05
85.0,-55.0,8.866245170732324e-06
87.5,-55.0,1.1607602221761587e-05
90.0,-55.0,1.5212838362436652e-05
92.5,-55.0,1.5890021017081168e-05
95.0,-55.0,1.5930725001702165e-05
97.5,-55.0,1.5930472675614203e-05
100.0,-55.0,1.5929889130149348e-05
102.5,-55.0,1.5929731307513766e-05
105.0,-55.0,1.5929693902093042e-05
107.5,-55.0,1.5929685078537444e-05
110.0,-55.0,1.5929682984992858e-05
112.5,-55.0,1.5929682506182636e-05
115.0,-55.0,1.592968238970259e-05
117.5,-55.0,1.592968236136663e-05
120.0,-55.0,1.5929682354486316e-05
122.5,-55.0,1.5929682352832823e-05
125.0,-55.0,1.5929682352399542e-05
127.5,-55.0,1.5929682352387656e-05
130.0,-55.0,1.5929682352387656e-05
132.5,-55.0,1.5929682352387656e-05
135.0,-55.0,1.5929682352387656e-05
137.5,-55.0,1.5929682352387656e-05
140.0,-55.0,1.5929682352387656e-05
142.5,-55.0,1.5929682352387656e-05
145.0,-55.0,1.5929682352387656e-05
147.5,-55.0,1.5929682352387656e-05
150.0,-55.0,1.5929682352387656e-05
152.5,-55.0,1.5929682352387656e-05
155.0,-55.0,1.5929682352387656e-05
-142.5,-52.5,1.5929682352387656e-05
-140.0,-52.5,1.5929682352387656e-05
-137.5,-52.5,1.5929682352387656e-05
-135.0,-52.5,1.5929682352387656e-05
-132.5,-52.5,1.5929682352387656e-05
-130.0,-52.5,1.5929682352387656e-05
-127.5,-52.5,1.5929682352387656e-05
-125.0,-52.5,1.5929682352387656e-05
-122.5,-52.5,1.5929682352387656e-05
-120.0,-52.5,1.5929682352387656e-05
-117.5,-52.5,1.5929682352387656e-05
-115.0,-52.5,1.5929682352387656e-05
-112.5,-52.5,1.5929682352387656e-05
-110.0,-52.5,1.5929682352387656e-05
-107.5,-52.5,1.5929682352387656e-05
-105.0,-52.5,1.5929682352387656e-05
-102.5,-52.5,1.5929682352387656e-05
-100.0,-52.5,1.5929682352387656e-05
-97.5,-52.5,1.5929682352387656e-05
-95.0,-52.5,1.5929682352387656e-05
-92.5,-52.5,1.5929682352387656e-05
-90.0,-52.5,1.5929682352387656e-05
-87.5,-52.5,1.5929682352387656e-05
-85.0,-52.5,1.5929682353023598e-05
-82.5,-52.5,1.592968235842925e-05
-80.0,-52.5,1.5929682383104513e-05
-77.5,-52.5,1.592968249147209e-05
-75.0,-52.5,1.5929682959506778e-05
-72.5,-52.5,1.5929684987392474e-05
-70.0,-52.5,1.5929693812708762e-05
-67.5,-52.5,1.5929732394079746e-05
-65.0,-52.5,1.5929901508832316e-05
-62.5,-52.5,1.5930636363426792e-05
-60.0,-52.5,1.5933618643431602e-05
-57.5,-52.5,1.5940905813744077e-05
-55.0,-52.5,1.5854146528490287e-05
-52.5,-52.5,1.3913455213177308e-05
-50.0,-52.5,6.609385479709745e-06
-47.5,-52.5,2.968680788987013e-06
-45.0,-52.5,1.1747290224447312e-06
-42.5,-52.5,5.273145005497748e-07
-40.0,-52.5,3.4923720233725764e-07
-37.5,-52.5,3.43929912757593e-07
-35.0,-52.5,4.70254950846745e-07
-32.5,-52.5,6.311649038368204e-07
-30.0,-52.5,6.248684706333232e-07
-27.5,-52.5,6.093802739002182e-07
-25.0,-52.5,6.520487579720987e-07
-22.5,-52.5,7.257040607437074e-07
-20.0,-52.5,7.849514264649012e-07
-17.5,-52.5,7.969284095195669e-07
-15.0,-52.5,7.941224695680533e-07
-12.5,-52.5,7.848242411059158e-07
-10.0,-52.5,5.96789274158853e-07
-7.5,-52.5,4.375083372895877e-07
-5.0,-52.5,3.9303418208964144e-07
-2.5,-52.5,4.480484985381675e-07
0.0,-52.5,5.575559317730877e-07
2.5,-52.5,5.993510113757429e-07
5.0,-52.5,5.911938039851389e-07
7.5,-52.5,6.081695865641781e-07
10.0,-52.5,6.51520831070719e-07
12.5,-52.5,6.88948109967244e-07
15.0,-52.5,6.330681778746764e-07
17.5,-52.5,5.418401501337588e-07
20.0,-52.5,6.923165480782416e-07
22.5,-52.5,6.850254624627518e-07
25.0,-52.5,5.88717827223679e-07
27.5,-52.5,5.674256373694254e-07
30.0,-52.5,6.614130058435774e-07
32.5,-52.5,8.387903963531529e-07
35.0,-52.5,9.434246483215405e-07
37.5,-52.5,9.476645787860263e-07
40.0,-52.5,9.592210889342616e-07
42.5,-52.5,9.840459910799717e-07
45.0,-52.5,8.929487631235514e-07
47.5,-52.5,5.684861816950537e-07
50.0,-52.5,4.6630261947575465e-07
52.5,-52.5,6.709279390966671e-07
55.0,-52.5,6.835876178145423e-07
57.5,-52.5,5.47546408581984e-07
60.0,-52.5,5.124213022607228e-07
62.5,-52.5,5.850670228187638e-07
65.0,-52.5,8.142132701786161e-07
67.5,-52.5,1.3629861072654608e-06
70.0,-52.5,2.670796088152597e-06
72.5,-52.5,5.905185047109979e-06
75.0,-52.5,1.1799707810841688e-05
77.5,-52.5,1.4106175458383078e-05
80.0,-52.5,7.625970734312669e-06
82.5,-52.5,2.2530059060407252e-06
85.0,-52.5,1.2696248717796477e-06
87.5,-52.5,2.1099031415337885e-06
90.0,-52.5,6.992058680132144e-06
92.5,-52.5,1.45733945619545e-05
95.0,-52.5,1.5868034012569367e-05
97.5,-52.5,1.5930468817686493e-05
100.0,-52.5,1.5930575482093028e-05
102.5,-52.5,1.592993168473074e-05
105.0,-52.5,1.592974577793965e-05
107.5,-52.5,1.5929698208118965e-05
110.0,-52.5,1.5929686239880076e-05
112.5,-52.5,1.5929683290861815e-05
115.0,-52.5,1.5929682579218658e-05
117.5,-52.5,1.5929682406678748e-05
120.0,-52.5,1.592968236526587e-05
122.5,-52.5,1.5929682355364706e-05
125.0,-52.5,1.5929682353023598e-05
127.5,-52.5,1.5929682352479054e-05
130.0,-52.5,1.5929682352387656e-05
132.5,-52.5,1.5929682352387656e-05
135.0,-52.5,1.5929682352387656e-05
137.5,-52.5,1.5929682352387656e-05
140.0,-52.5,1.5929682352387656e-05
142.5,-52.5,1.5929682352387656e-05
145.0,-52.5,1.5929682352387656e-05
147.5,-52.5,1.5929682352387656e-05
150.0,-52.5,1.5929682352387656e-05
152.5,-52.5,1.5929682352387656e-05
155.0,-52.5,1.5929682352387656e-05
-142.5,-50.0,1.5929682352387656e-05
-140.0,-50.0,1.5929682352387656e-05
-137.5,-50.0,1.5929682352387656e-05
-135.0,-50.0,1.5929682352387656e-05
-132.5,-50.0,1.5929682352387656e-05
-130.0,-50.0,1.5929682352387656e-05
-127.5,-50.0,1.5929682352387656e-05
-125.0,-50.0,1.5929682352387656e-05
-122.5,-50.0,1.5929682352387656e-05
-120.0,-50.0,1.5929682352387656e-05
-117.5,-50.0,1.5929682352387656e-05
-115.0,-50.0,1.5929682352387656e-05
-112.5,-50.0,1.5929682352387656e-05
-110.0,-50.0,1.5929682352387656e-05
-107.5,-50.0,1.5929682352387656e-05
-105.0,-50.0,1.5929682352387656e-05
-102.5,-50.0,1.5929682352387656e-05
-100.0,-50.0,1.5929682352387656e-05
-97.5,-50.0,1.5929682352387656e-05
-95.0,-50.0,1.5929682352387656e-05
-92.5,-50.0,1.5929682352387656e-05
-90.0,-50.0,1.5929682352387656e-05
-87.5,-50.0,1.592968235264199e-05
-85.0,-50.0,1.592968235728453e-05
-82.5,-50.0,1.5929682377444473e-05
-80.0,-50.0,1.5929682466383468e-05
-77.5,-50.0,1.5929682850662285e-05
-75.0,-50.0,1.5929684514142792e-05
-72.5,-50.0,1.59296917552812e-05
-70.0,-50.0,1.5929723493087054e-05
-67.5,-50.0,1.592986356682515e-05
-65.0,-50.0,1.5930480821207134e-05
-62.5,-50.0,1.5933038247358573e-05
-60.0,-50.0,1.5938752856604958e-05
-57.5,-50.0,1.581400809526321e-05
-55.0,-50.0,1.2601001101126052e-05
-52.5,-50.0,3.147834512335226e-06
-50.0,-50.0,6.216930824584054e-07
-47.5,-50.0,3.8729939048001436e-07
-45.0,-50.0,8.477174100525567e-07
-42.5,-50.0,5.668311315328402e-07
-40.0,-50.0,4.1130617215055765e-07
-37.5,-50.0,4.031363554372126e-07
-35.0,-50.0,5.029824982566907e-07
-32.5,-50.0,6.403309201617104e-07
-30.0,-50.0,6.679344850037693e-07
-27.5,-50.0,6.603780877587537e-07
-25.0,-50.0,6.950254259830812e-07
-22.5,-50.0,7.580353111301161e-07
-20.0,-50.0,7.613106849339176e-07
-17.5,-50.0,4.603776381567308e-07
-15.0,-50.0,3.4796740941036664e-07
-12.5,-50.0,6.272888546438071e-07
-10.0,-50.0,6.098521766200723e-07
-7.5,-50.0,4.803881964245171e-07
-5.0,-50.0,4.405523113126779e-07
-2.5,-50.0,4.829923619647838e-07
0.0,-50.0,5.712013994202537e-07
2.5,-50.0,6.209871256996446e-07
5.0,-50.0,6.252117894849012e-07
7.5,-50.0,6.409890943046518e-07
10.0,-50.0,6.766939212824033e-07
12.5,-50.0,6.649997270464995e-07
15.0,-50.0,4.614718978492089e-07
17.5,-50.0,3.585367612310036e-07
20.0,-50.0,5.250862687941522e-07
22.5,-50.0,6.844587798318139e-07
25.0,-50.0,6.347124701626173e-07
27.5,-50.0,6.232580356959399e-07
30.0,-50.0,7.068935405763767e-07
32.5,-50.0,8.632420819148937e-07
35.0,-50.0,9.818474222198113e-07
37.5,-50.0,1.0094001870939052e-06
40.0,-50.0,1.0191974926145069e-06
42.5,-50.0,1.0096715415064167e-06
45.0,-50.0,7.993484953323745e-07
47.5,-50.0,5.088190264406111e-07
50.0,-50.0,4.3927204719146624e-07
52.5,-50.0,5.792015000108927e-07
55.0,-50.0,6.807979250702142e-07
57.5,-50.0,5.950783625566666e-07
60.0,-50.0,5.632696768532378e-07
62.5,-50.0,6.313110040718092e-07
65.0,-50.0,8.41791682821843e-07
67.5,-50.0,1.3268185894895613e-06
70.0,-50.0,2.4275535389190427e-06
72.5,-50.0,4.658844072407644e-06
75.0,-50.0,4.532575260859952e-06
77.5,-50.0,3.6627161934872064e-06
80.0,-50.0,2.42407415714989e-06
82.5,-50.0,8.685940986203549e-07
85.0,-50.0,5.555647154338216e-07
87.5,-50.0,8.237985778443309e-07
90.0,-50.0,2.3570940737961515e-06
92.5,-50.0,8.642507657855411e-06
95.0,-50.0,1.5087292471619861e-05
97.5,-50.0,1.589518491474179e-05
100.0,-50.0,1.5931593249192854e-05
102.5,-50.0,1.5930868057144237e-05
105.0,-50.0,1.5930045643688802e-05
107.5,-50.0,1.5929778355617165e-05
110.0,-50.0,1.5929706135976615e-05
112.5,-50.0,1.5929688024499582e-05
115.0,-50.0,1.5929683692764694e-05
117.5,-50.0,1.592968266585231e-05
120.0,-50.0,1.5929682425252768e-05
122.5,-50.0,1.5929682369212763e-05
125.0,-50.0,1.592968235621531e-05
127.5,-50.0,1.5929682353206452e-05
130.0,-50.0,1.5929682352522802e-05
132.5,-50.0,1.5929682352387656e-05
135.0,-50.0,1.5929682352387656e-05
137.5,-50.0,1.5929682352387656e-05
140.0,-50.0,1.5929682352387656e-05
142.5,-50.0,1.5929682352387656e-05
145.0,-50.0,1.5929682352387656e-05
147.5,-50.0,1.5929682352387656e-05
150.0,-50.0,1.5929682352387656e-05
152.5,-50.0,1.5929682352387656e-05
155.0,-50.0,1.5929682352387656e-05
-142.5,-47.5,1.5929682352387656e-05
-140.0,-47.5,1.5929682352387656e-05
-137.5,-47.5,1.5929682352387656e-05
-135.0,-47.5,1.5929682352387656e-05
-132.5,-47.5,1.5929682352387656e-05
-130.0,-47.5,1.5929682352387656e-05
-127.5,-47.5,1.5929682352387656e-05
-125.0,-47.5,1.5929682352387656e-05
-122.5,-47.5,1.5929682352387656e-05
-120.0,-47.5,1.5929682352387656e-05
-117.5,-47.5,1.5929682352387656e-05
-115.0,-47.5,1.5929682352387656e-05
-112.5,-47.5,1.5929682352387656e-05
-110.0,-47.5,1.5929682352387656e-05
-107.5,-47.5,1.5929682352387656e-05
-105.0,-47.5,1.5929682352387656e-05
-102.5,-47.5,1.5929682352387656e-05
-100.0,-47.5,1.5929682352387656e-05
-97.5,-47.5,1.5929682352387656e-05
-95.0,-47.5,1.5929682352387656e-05
-92.5,-47.5,1.5929682352387656e-05
-90.0,-47.5,1.5929682352387656e-05
-87.5,-47.5,1.5929682356203424e-05
-85.0,-47.5,1.592968237286554e-05
-82.5,-47.5,1.5929682445237836e-05
-80.0,-47.5,1.5929682757748494e-05
-77.5,-47.5,1.5929684103598788e-05
-75.0,-47.5,1.5929689915479712e-05
-72.5,-47.5,1.5929715116069875e-05
-70.0,-47.5,1.592982480911997e-05
-67.5,-47.5,1.593030081775546e-05
-65.0,-47.5,1.593226215511311e-05
-62.5,-47.5,1.5937401471073176e-05
-60.0,-47.5,1.5873692950165922e-05
-57.5,-47.5,1.3976952583208687e-05
-55.0,-47.5,4.759523578196682e-06
-52.5,-47.5,9.578235373416549e-07
-50.0,-47.5,2.7279434364912547e-07
-47.5,-47.5,2.1727128725631968e-07
-45.0,-47.5,4.58290032570004e-07
-42.5,-47.5,5.963944765071623e-07
-40.0,-47.5,4.738030780652272e-07
-37.5,-47.5,4.6199081343978497e-07
-35.0,-47.5,5.427022599006669e-07
-32.5,-47.5,6.593498434028774e-07
-30.0,-47.5,7.056020958315147e-07
-27.5,-47.5,7.088303314074e-07
-25.0,-47.5,7.38021513733136e-07
-22.5,-47.5,7.772529418470683e-07
-20.0,-47.5,6.307304974306656e-07
-17.5,-47.5,3.343175869547489e-07
-15.0,-47.5,2.7822813389835814e-07
-12.5,-47.5,4.557609892354537e-07
-10.0,-47.5,6.050755465804569e-07
-7.5,-47.5,5.224013247825542e-07
-5.0,-47.5,4.861016865369288e-07
-2.5,-47.5,5.188693434275946e-07
0.0,-47.5,5.910666537255549e-07
2.5,-47.5,6.422802496208237e-07
5.0,-47.5,6.563745344122012e-07
7.5,-47.5,6.72411334678941e-07
10.0,-47.5,6.936290987670494e-07
12.5,-47.5,6.161714721197082e-07
15.0,-47.5,4.2329038343656426e-07
17.5,-47.5,3.569360074445553e-07
20.0,-47.5,4.688616771611312e-07
22.5,-47.5,6.586025039106946e-07
25.0,-47.5,6.763843069702326e-07
27.5,-47.5,6.771266968570302e-07
30.0,-47.5,7.538772728780583e-07
32.5,-47.5,8.946360824997987e-07
35.0,-47.5,1.018881410431306e-06
37.5,-47.5,1.0667644859115772e-06
40.0,-47.5,1.0746783937671977e-06
42.5,-47.5,1.0123601062293585e-06
45.0,-47.5,7.594677325482015e-07
47.5,-47.5,5.260850613507472e-07
50.0,-47.5,4.713448123656198e-07
52.5,-47.5,5.692173699268983e-07
55.0,-47.5,6.763065074171597e-07
57.5,-47.5,6.390862724352107e-07
60.0,-47.5,6.14535152490112e-07
62.5,-47.5,6.794199035391007e-07
65.0,-47.5,8.762406705065386e-07
67.5,-47.5,1.3149325520476765e-06
70.0,-47.5,2.2238314989604688e-06
72.5,-47.5,2.4665748017624383e-06
75.0,-47.5,1.0796745278817046e-06
77.5,-47.5,8.653882520773135e-07
80.0,-47.5,1.1161184552267316e-06
82.5,-47.5,6.430119623375878e-07
85.0,-47.5,4.755374658928101e-07
87.5,-47.5,6.215711022281397e-07
90.0,-47.5,1.3687144856114204e-06
92.5,-47.5,4.2979673064173085e-06
95.0,-47.5,1.1913414413207024e-05
97.5,-47.5,1.5198938580603597e-05
100.0,-47.5,1.5801460441942942e-05
102.5,-47.5,1.592187270087912e-05
105.0,-47.5,1.5930934333700224e-05
107.5,-47.5,1.59302160564399e-05
110.0,-47.5,1.59298204437907e-05
112.5,-47.5,1.5929714741305606e-05
115.0,-47.5,1.5929689749120425e-05
117.5,-47.5,1.5929684034132118e-05
120.0,-47.5,1.5929682734058978e-05
122.5,-47.5,1.592968243901333e-05
125.0,-47.5,1.592968237202292e-05
127.5,-47.5,1.5929682356799637e-05
130.0,-47.5,1.592968235332966e-05
132.5,-47.5,1.5929682352542667e-05
135.0,-47.5,1.5929682352387656e-05
137.5,-47.5,1.5929682352387656e-05
140.0,-47.5,1.5929682352387656e-05
142.5,-47.5,1.5929682352387656e-05
145.0,-47.5,1.5929682352387656e-05
147.5,-47.5,1.5929682352387656e-05
150.0,-47.5,1.5929682352387656e-05
152.5,-47.5,1.5929682352387656e-05
155.0,-47.5,1.5929682352387656e-05
-142.5,-45.0,1.5929682352387656e-05
-140.0,-45.0,1.5929682352387656e-05
-137.5,-45.0,1.5929682352387656e-05
-135.0,-45.0,1.5929682352387656e-05
-132.5,-45.0,1.5929682352387656e-05
-130.0,-45.0,1.5929682352387656e-05
-127.5,-45.0,1.5929682352387656e-05
-125.0,-45.0,1.5929682352387656e-05
-122.5,-45.0,1.5929682352387656e-05
-120.0,-45.0,1.5929682352387656e-05
-117.5,-45.0,1.5929682352387656e-05
-115.0,-45.0,1.5929682352387656e-05
-112.5,-45.0,1.5929682352387656e-05
-110.0,-45.0,1.5929682352387656e-05
-107.5,-45.0,1.5929682352387656e-05
-105.0,-45.0,1.5929682352387656e-05
-102.5,-45.0,1.5929682352387656e-05
-100.0,-45.0,1.5929682352387656e-05
-97.5,-45.0,1.5929682352387656e-05
-95.0,-45.0,1.5929682352387656e-05
-92.5,-45.0,1.5929682352387656e-05
-90.0,-45.0,1.592968235537665e-05
-87.5,-45.0,1.5929682369081635e-05
-85.0,-45.0,1.5929682427971465e-05
-82.5,-45.0,1.5929682683500177e-05
-80.0,-45.0,1.5929683778909443e-05
-77.5,-45.0,1.5929688481802642e-05
-75.0,-45.0,1.5929708679058477e-05
-72.5,-45.0,1.5929795245538254e-05
-70.0,-45.0,1.5930162595401507e-05
-67.5,-45.0,1.593165259786864e-05
-65.0,-45.0,1.593634087915062e-05
-62.5,-45.0,1.5922572349414835e-05
-60.0,-45.0,1.526388405573453e-05
-57.5,-45.0,8.970816216047982e-06
-55.0,-45.0,2.26603813730198e-06
-52.5,-45.0,6.440480603887466e-07
-50.0,-45.0,2.915363787401136e-07
-47.5,-45.0,2.533511262623971e-07
-45.0,-45.0,3.9427928429567983e-07
-42.5,-45.0,5.888935348696324e-07
-40.0,-45.0,5.335424447134904e-07
-37.5,-45.0,5.196892534321423e-07
-35.0,-45.0,5.853980611114706e-07
-32.5,-45.0,6.858544807859903e-07
-30.0,-45.0,7.441523385581526e-07
-27.5,-45.0,7.649581927198684e-07
-25.0,-45.0,7.948262350162158e-07
-22.5,-45.0,7.81829269394727e-07
-20.0,-45.0,5.628262778057837e-07
-17.5,-45.0,3.49444064418207e-07
-15.0,-45.0,3.1132172869767894e-07
-12.5,-45.0,4.26390035537238e-07
-10.0,-45.0,5.848748333182921e-07
-7.5,-45.0,5.599817883950534e-07
-5.0,-45.0,5.293140296862468e-07
-2.5,-45.0,5.544666193521349e-07
0.0,-45.0,6.143660583783227e-07
2.5,-45.0,6.641365348273978e-07
5.0,-45.0,6.85298430010173e-07
7.5,-45.0,7.010737692662866e-07
10.0,-45.0,7.011024339135438e-07
12.5,-45.0,5.936687705846655e-07
15.0,-45.0,4.398892028035352e-07
17.5,-45.0,3.925331679076853e-07
20.0,-45.0,4.758457089100478e-07
22.5,-45.0,6.417839536501895e-07
25.0,-45.0,7.093225008775764e-07
27.5,-45.0,7.279826478644549e-07
30.0,-45.0,8.009741175828181e-07
32.5,-45.0,9.304714409788482e-07
35.0,-45.0,1.0549052305716415e-06
37.5,-45.0,1.078501817697039e-06
40.0,-45.0,1.0299604116183346e-06
42.5,-45.0,9.971018927941694e-07
45.0,-45.0,7.606750274221366e-07
47.5,-45.0,5.666433309202797e-07
50.0,-45.0,5.184194996864141e-07
52.5,-45.0,5.895218636789258e-07
55.0,-45.0,6.825104783551553e-07
57.5,-45.0,6.783746519920192e-07
60.0,-45.0,6.6525644289488e-07
62.5,-45.0,7.28716271633861e-07
65.0,-45.0,9.152169096768896e-07
67.5,-45.0,1.316121355820665e-06
70.0,-45.0,1.9296791959754613e-06
72.5,-45.0,1.314886243653995e-06
75.0,-45.0,6.212401011914569e-07
77.5,-45.0,5.306911914999647e-07
80.0,-45.0,7.120817288883687e-07
82.5,-45.0,5.988660389083312e-07
85.0,-45.0,4.921319776007042e-07
87.5,-45.0,5.974799817190987e-07
90.0,-45.0,1.084140762409971e-06
92.5,-45.0,2.6625574679746746e-06
95.0,-45.0,4.277563744357522e-06
97.5,-45.0,4.7268936744953e-06
100.0,-45.0,9.808163705244976e-06
102.5,-45.0,1.508088213970786e-05
105.0,-45.0,1.5887673689524518e-05
107.5,-45.0,1.593017877469599e-05
110.0,-45.0,1.5930290132783333e-05
112.5,-45.0,1.5929840404499145e-05
115.0,-45.0,1.5929718432252626e-05
117.5,-45.0,1.59296904182699e-05
120.0,-45.0,1.5929684154447748e-05
122.5,-45.0,1.5929682756102976e-05
125.0,-45.0,1.5929682443119254e-05
127.5,-45.0,1.5929682372798026e-05
130.0,-45.0,1.5929682356946723e-05
132.5,-45.0,1.5929682353357502e-05
135.0,-45.0,1.5929682352546627e-05
137.5,-45.0,1.5929682352387656e-05
140.0,-45.0,1.5929682352387656e-05
142.5,-45.0,1.5929682352387656e-05
145.0,-45.0,1.5929682352387656e-05
147.5,-45.0,1.5929682352387656e-05
150.0,-45.0,1.5929682352387656e-05
152.5,-45.0,1.5929682352387656e-05
155.0,-45.0,1.5929682352387656e-05
-142.5,-42.5,1.5929682352387656e-05
-140.0,-42.5,1.5929682352387656e-05
-137.5,-42.5,1.5929682352387656e-05
-135.0,-42.5,1.5929682352387656e-05
-132.5,-42.5,1.5929682352387656e-05
-130.0,-42.5,1.5929682352387656e-05
-127.5,-42.5,1.5929682352387656e-05
-125.0,-42.5,1.5929682352387656e-05
-122.5,-42.5,1.5929682352387656e-05
-120.0,-42.5,1.5929682352387656e-05
-117.5,-42.5,1.5929682352387656e-05
-115.0,-42.5,1.5929682352387656e-05
-112.5,-42.5,1.5929682352387656e-05
-110.0,-42.5,1.5929682352387656e-05
-107.5,-42.5,1.5929682352387656e-05
-105.0,-42.5,1.5929682352387656e-05
-102.5,-42.5,1.5929682352387656e-05
-100.0,-42.5,1.5929682352387656e-05
-97.5,-42.5,1.5929682352387656e-05
-95.0,-42.5,1.5929682352387656e-05
-92.5,-42.5,1.5929682354677095e-05
-90.0,-42.5,1.592968236602898e-05
-87.5,-42.5,1.5929682414616338e-05
-85.0,-42.5,1.592968262438771e-05
-82.5,-42.5,1.592968352719648e-05
-80.0,-42.5,1.5929687414057262e-05
-77.5,-42.5,1.5929704172891783e-05
-75.0,-42.5,1.5929776408050942e-05
-72.5,-42.5,1.5930085652977798e-05
-70.0,-42.5,1.5931368039362357e-05
-67.5,-42.5,1.593596117163053e-05
-65.0,-42.5,1.594021873746185e-05
-62.5,-42.5,1.5740045918740424e-05
-60.0,-42.5,1.3098071324489235e-05
-57.5,-42.5,5.240324748830706e-06
-55.0,-42.5,1.5595487702764251e-06
-52.5,-42.5,5.974290847504524e-07
-50.0,-42.5,3.4377587132747223e-07
-47.5,-42.5,3.0981474634457936e-07
-45.0,-42.5,4.1250030035039937e-07
-42.5,-42.5,5.803841944050453e-07
-40.0,-42.5,5.856916298974308e-07
-37.5,-42.5,5.758000452221362e-07
-35.0,-42.5,6.305957624518769e-07
-32.5,-42.5,7.2549675413235e-07
-30.0,-42.5,8.357872375720754e-07
-27.5,-42.5,1.099042279263989e-06
-25.0,-42.5,1.5395320789363777e-06
-22.5,-42.5,1.0130805860888925e-06
-20.0,-42.5,5.770858263213595e-07
-17.5,-42.5,3.912027869290534e-07
-15.0,-42.5,3.586415204831215e-07
-12.5,-42.5,4.427682335576446e-07
-10.0,-42.5,5.756373126455524e-07
-7.5,-42.5,5.908797587018822e-07
-5.0,-42.5,5.698258710211476e-07
-2.5,-42.5,5.893327357941919e-07
0.0,-42.5,6.3960949943488e-07
2.5,-42.5,6.861321013880875e-07
5.0,-42.5,6.974582301976873e-07
7.5,-42.5,6.673750700511452e-07
10.0,-42.5,6.878744784935807e-07
12.5,-42.5,5.94396399474905e-07
15.0,-42.5,4.7194765368492577e-07
17.5,-42.5,4.3582599403510314e-07
20.0,-42.5,5.028567068703648e-07
22.5,-42.5,6.428291002548062e-07
25.0,-42.5,7.352692286988868e-07
27.5,-42.5,7.747669201499869e-07
30.0,-42.5,8.475573680910201e-07
32.5,-42.5,9.67845729004023e-07
35.0,-42.5,1.035156622534017e-06
37.5,-42.5,7.447603816825262e-07
40.0,-42.5,5.71562222744662e-07
42.5,-42.5,8.023013499729035e-07
45.0,-42.5,7.746343572797538e-07
47.5,-42.5,6.153985955820563e-07
50.0,-42.5,5.696641012823462e-07
52.5,-42.5,6.216335812908104e-07
55.0,-42.5,6.989079676273061e-07
57.5,-42.5,7.14349473652393e-07
60.0,-42.5,7.145341551069788e-07
62.5,-42.5,7.786165147541054e-07
65.0,-42.5,9.57101645379481e-07
67.5,-42.5,1.317681018736732e-06
70.0,-42.5,1.6126903608476377e-06
72.5,-42.5,9.737276429112277e-07
75.0,-42.5,5.552227842970526e-07
77.5,-42.5,4.923170387393981e-07
80.0,-42.5,5.996661520911264e-07
82.5,-42.5,5.928859801728687e-07
85.0,-42.5,5.328304657501323e-07
87.5,-42.5,6.213727783405232e-07
90.0,-42.5,9.88380222973458e-07
92.5,-42.5,1.6235114654100033e-06
95.0,-42.5,1.066445297666195e-06
97.5,-42.5,9.963027455032845e-07
100.0,-42.5,2.305878569205765e-06
102.5,-42.5,8.199563846895507e-06
105.0,-42.5,1.4978224430673245e-05
107.5,-42.5,1.5887820004464628e-05
110.0,-42.5,1.5930154796972453e-05
112.5,-42.5,1.5930249878809117e-05
115.0,-42.5,1.592982919101231e-05
117.5,-42.5,1.5929715863622862e-05
120.0,-42.5,1.5929689857094558e-05
122.5,-42.5,1.5929684031942e-05
125.0,-42.5,1.592968272946816e-05
127.5,-42.5,1.5929682437320107e-05
130.0,-42.5,1.5929682371530045e-05
132.5,-42.5,1.5929682356656512e-05
135.0,-42.5,1.592968235330583e-05
137.5,-42.5,1.5929682352534687e-05
140.0,-42.5,1.5929682352387656e-05
142.5,-42.5,1.5929682352387656e-05
145.0,-42.5,1.5929682352387656e-05
147.5,-42.5,1.5929682352387656e-05
150.0,-42.5,1.5929682352387656e-05
152.5,-42.5,1.5929682352387656e-05
155.0,-42.5,1.5929682352387656e-05
-142.5,-40.0,1.5929682352387656e-05
-140.0,-40.0,1.5929682352387656e-05
-137.5,-40.0,1.5929682352387656e-05
-135.0,-40.0,1.5929682352387656e-05
-132.5,-40.0,1.5929682352387656e-05
-130.0,-40.0,1.5929682352387656e-05
-127.5,-40.0,1.5929682352387656e-05
-125.0,-40.0,1.5929682352387656e-05
-122.5,-40.0,1.5929682352387656e-05
-120.0,-40.0,1.5929682352387656e-05
-117.5,-40.0,1.5929682352387656e-05
-115.0,-40.0,1.5929682352387656e-05
-112.5,-40.0,1.5929682352387656e-05
-110.0,-40.0,1.5929682352387656e-05
-107.5,-40.0,1.5929682352387656e-05
-105.0,-40.0,1.5929682352387656e-05
-102.5,-40.0,1.5929682352387656e-05
-100.0,-40.0,1.5929682352387656e-05
-97.5,-40.0,1.5929682352387656e-05
-95.0,-40.0,1.5929682354072903e-05
-92.5,-40.0,1.5929682363357986e-05
-90.0,-40.0,1.5929682403423427e-05
-87.5,-40.0,1.5929682575291627e-05
-85.0,-40.0,1.592968331904679e-05
-82.5,-40.0,1.592968653439715e-05
-80.0,-40.0,1.5929700508389193e-05
-77.5,-40.0,1.592976156206275e-05
-75.0,-40.0,1.593002895644671e-05
-72.5,-40.0,1.5931179278565237e-05
-70.0,-40.0,1.5935476878670876e-05
-67.5,-40.0,1.59354267224758e-05
-65.0,-40.0,1.5529069218717038e-05
-62.5,-40.0,1.0251419708801294e-05
-60.0,-40.0,3.235675867661155e-06
-57.5,-40.0,2.079242234451681e-06
-55.0,-40.0,1.284416148008842e-06
-52.5,-40.0,6.148627047989405e-07
-50.0,-40.0,4.0339147070509325e-07
-47.5,-40.0,3.7010976693757105e-07
-45.0,-40.0,4.501522776880102e-07
-42.5,-40.0,5.879335853457829e-07
-40.0,-40.0,6.290822031754152e-07
-37.5,-40.0,6.304734996958129e-07
-35.0,-40.0,6.839661050959914e-07
-32.5,-40.0,8.25029618806023e-07
-30.0,-40.0,1.5699602072684107e-06
-27.5,-40.0,3.245663625416514e-05
-25.0,-40.0,0.0002606780959440354
-22.5,-40.0,1.9389335189142765e-05
-20.0,-40.0,8.38301763310044e-07
-17.5,-40.0,4.5336174213516205e-07
-15.0,-40.0,4.09851203323057e-07
-12.5,-40.0,4.7295451503611307e-07
-10.0,-40.0,5.807266738410391e-07
-7.5,-40.0,6.165347223036224e-07
-5.0,-40.0,6.072559324874955e-07
-2.5,-40.0,6.232588763967849e-07
0.0,-40.0,6.654658251250654e-07
2.5,-40.0,6.922421757504166e-07
5.0,-40.0,5.503764591739043e-07
7.5,-40.0,3.792106848971734e-07
10.0,-40.0,5.13983229119045e-07
12.5,-40.0,5.94469341986054e-07
15.0,-40.0,5.082633363341854e-07
17.5,-40.0,4.800246762358399e-07
20.0,-40.0,5.36494244409563e-07
22.5,-40.0,6.562494619491428e-07
25.0,-40.0,7.583938939172709e-07
27.5,-40.0,8.171306980305787e-07
30.0,-40.0,8.928032926329799e-07
32.5,-40.0,9.937400215795263e-07
35.0,-40.0,9.093419007417161e-07
37.5,-40.0,5.519906451515572e-07
40.0,-40.0,4.414476466388887e-07
42.5,-40.0,6.169589105037768e-07
45.0,-40.0,7.628943897186509e-07
47.5,-40.0,6.656130903235216e-07
50.0,-40.0,6.216608078704657e-07
52.5,-40.0,6.588403574340253e-07
55.0,-40.0,7.224407452891248e-07
57.5,-40.0,7.488223572673673e-07
60.0,-40.0,7.619278819162236e-07
62.5,-40.0,8.285503586942488e-07
65.0,-40.0,9.996936125387153e-07
67.5,-40.0,1.308760138370767e-06
70.0,-40.0,1.3946525651673984e-06
72.5,-40.0,8.729127407922162e-07
75.0,-40.0,5.680181738350145e-07
77.5,-40.0,5.1154395033504e-07
80.0,-40.0,5.770356217121599e-07
82.5,-40.0,6.007740991187041e-07
85.0,-40.0,5.794212972910669e-07
87.5,-40.0,6.622820603682751e-07
90.0,-40.0,9.403637752126235e-07
92.5,-40.0,1.0163637747476542e-06
95.0,-40.0,6.069769706550787e-07
97.5,-40.0,5.745302970631656e-07
100.0,-40.0,1.0806061595774966e-06
102.5,-40.0,3.313173391222987e-06
105.0,-40.0,1.0789368555248284e-05
107.5,-40.0,1.545173003544318e-05
110.0,-40.0,1.5910484256355835e-05
112.5,-40.0,1.5930556909809662e-05
115.0,-40.0,1.5930146543057377e-05
117.5,-40.0,1.5929800234982167e-05
120.0,-40.0,1.5929709591961022e-05
122.5,-40.0,1.592968854100659e-05
125.0,-40.0,1.592968375553787e-05
127.5,-40.0,1.592968267098767e-05
130.0,-40.0,1.5929682424839405e-05
132.5,-40.0,1.5929682368855037e-05
135.0,-40.0,1.5929682356084182e-05
137.5,-40.0,1.5929682353170687e-05
140.0,-40.0,1.5929682352510862e-05
142.5,-40.0,1.5929682352387656e-05
145.0,-40.0,1.5929682352387656e-05
147.5,-40.0,1.5929682352387656e-05
150.0,-40.0,1.5929682352387656e-05
152.5,-40.0,1.5929682352387656e-05
155.0,-40.0,1.5929682352387656e-05
-142.5,-37.5,1.5929682352387656e-05
-140.0,-37.5,1.5929682352387656e-05
-137.5,-37.5,1.5929682352387656e-05
-135.0,-37.5,1.5929682352387656e-05
-132.5,-37.5,1.5929682352387656e-05
-130.0,-37.5,1.5929682352387656e-05
-127.5,-37.5,1.5929682352387656e-05
-125.0,-37.5,1.5929682352387656e-05
-122.5,-37.5,1.5929682352387656e-05
-120.0,-37.5,1.5929682352387656e-05
-117.5,-37.5,1.5929682352387656e-05
-115.0,-37.5,1.5929682352387656e-05
-112.5,-37.5,1.5929682352387656e-05
-110.0,-37.5,1.5929682352387656e-05
-107.5,-37.5,1.5929682352387656e-05
-105.0,-37.5,1.5929682352387656e-05
-102.5,-37.5,1.5929682352387656e-05
-100.0,-37.5,1.5929682352387656e-05
-97.5,-37.5,1.5929682353564124e-05
-95.0,-37.5,1.592968236116391e-05
-92.5,-37.5,1.592968239394762e-05
-90.0,-37.5,1.5929682534653798e-05
-87.5,-37.5,1.592968314094615e-05
-85.0,-37.5,1.5929685759288977e-05
-82.5,-37.5,1.5929697120785078e-05
-80.0,-37.5,1.5929746749099577e-05
-77.5,-37.5,1.592996470092038e-05
-75.0,-37.5,1.593090991088185e-05
-72.5,-37.5,1.5934476335712756e-05
-70.0,-37.5,1.5932915219094906e-05
-67.5,-37.5,1.5497863545221703e-05
-65.0,-37.5,9.257941390441162e-06
-62.5,-37.5,1.8386901133226707e-06
-60.0,-37.5,4.065221543558816e-07
-57.5,-37.5,3.056959048220358e-07
-55.0,-37.5,7.984751506806485e-07
-52.5,-37.5,6.506563739048189e-07
-50.0,-37.5,4.649473018997388e-07
-47.5,-37.5,4.302058335581487e-07
-45.0,-37.5,4.937386598729483e-07
-42.5,-37.5,6.079131031325858e-07
-40.0,-37.5,6.673217966028752e-07
-37.5,-37.5,6.866603469607281e-07
-35.0,-37.5,7.659036415084378e-07
-32.5,-37.5,1.1637632609657439e-06
-30.0,-37.5,9.890119936289558e-06
-27.5,-37.5,0.000302961280507863
-25.0,-37.5,0.0005490812983135346
-22.5,-37.5,0.00019379545542241172
-20.0,-37.5,2.860596647059182e-06
-17.5,-37.5,5.813221422630254e-07
-15.0,-37.5,4.6952084593926454e-07
-12.5,-37.5,5.096411982399575e-07
-10.0,-37.5,5.958405258456881e-07
-7.5,-37.5,6.398085136657279e-07
-5.0,-37.5,6.416385315647442e-07
-2.5,-37.5,6.560831177345543e-07
0.0,-37.5,6.879212286865044e-07
2.5,-37.5,6.547917097876868e-07
5.0,-37.5,4.4080811588395546e-07
7.5,-37.5,3.259713023504698e-07
10.0,-37.5,4.126704940139307e-07
12.5,-37.5,5.669801069142724e-07
15.0,-37.5,5.429812729746618e-07
17.5,-37.5,5.230751299662013e-07
20.0,-37.5,5.72228834005403e-07
22.5,-37.5,6.769558531686367e-07
25.0,-37.5,7.814785615302497e-07
27.5,-37.5,8.556561273697715e-07
30.0,-37.5,9.346103860088443e-07
32.5,-37.5,9.961584855332119e-07
35.0,-37.5,8.168043377211694e-07
37.5,-37.5,5.312694323223965e-07
40.0,-37.5,4.5326685939337975e-07
42.5,-37.5,5.723690889703903e-07
45.0,-37.5,7.37731624459303e-07
47.5,-37.5,7.108377411729434e-07
50.0,-37.5,6.729044284564283e-07
52.5,-37.5,6.984194114876381e-07
55.0,-37.5,7.507080033283143e-07
57.5,-37.5,7.830093076577519e-07
60.0,-37.5,8.073415475785777e-07
62.5,-37.5,8.734088260342165e-07
65.0,-37.5,9.79533043666695e-07
67.5,-37.5,1.1297030160635877e-06
70.0,-37.5,1.2286510773690038e-06
72.5,-37.5,8.51206840172066e-07
75.0,-37.5,6.043876815770023e-07
77.5,-37.5,5.472518678065681e-07
80.0,-37.5,5.866244587456888e-07
82.5,-37.5,6.182213081288595e-07
85.0,-37.5,6.255938559185316e-07
87.5,-37.5,7.077029211897451e-07
90.0,-37.5,8.94851688646455e-07
92.5,-37.5,7.999828510676693e-07
95.0,-37.5,5.396462990867708e-07
97.5,-37.5,5.20988015950414e-07
100.0,-37.5,8.166290851491963e-07
102.5,-37.5,1.953865357655627e-06
105.0,-37.5,6.148013991158011e-06
107.5,-37.5,1.3700391916277739e-05
110.0,-37.5,1.5765649177161143e-05
112.5,-37.5,1.592484601999669e-05
115.0,-37.5,1.593064777192567e-05
117.5,-37.5,1.5930024962317778e-05
120.0,-37.5,1.592976812235908e-05
122.5,-37.5,1.5929702519778597e-05
125.0,-37.5,1.5929687025851302e-05
127.5,-37.5,1.5929683431345363e-05
130.0,-37.5,1.5929682601338154e-05
132.5,-37.5,1.5929682409794962e-05
135.0,-37.5,1.5929682365583813e-05
137.5,-37.5,1.592968235537665e-05
140.0,-37.5,1.5929682353015677e-05
142.5,-37.5,1.5929682352471075e-05
145.0,-37.5,1.5929682352387656e-05
147.5,-37.5,1.5929682352387656e-05
150.0,-37.5,1.5929682352387656e-05
152.5,-37.5,1.5929682352387656e-05
155.0,-37.5,1.5929682352387656e-05
-142.5,-35.0,1.5929682352387656e-05
-140.0,-35.0,1.5929682352387656e-05
-137.5,-35.0,1.5929682352387656e-05
-135.0,-35.0,1.5929682352387656e-05
-132.5,-35.0,1.5929682352387656e-05
-130.0,-35.0,1.5929682352387656e-05
-127.5,-35.0,1.5929682352387656e-05
-125.0,-35.0,1.5929682352387656e-05
-122.5,-35.0,1.5929682352387656e-05
-120.0,-35.0,1.5929682352387656e-05
-117.5,-35.0,1.5929682352387656e-05
-115.0,-35.0,1.5929682352387656e-05
-112.5,-35.0,1.5929682352387656e-05
-110.0,-35.0,1.5929682352387656e-05
-107.5,-35.0,1.5929682352387656e-05
-105.0,-35.0,1.5929682352387656e-05
-102.5,-35.0,1.5929682352387656e-05
-100.0,-35.0,1.592968235324618e-05
-97.5,-35.0,1.5929682359383193e-05
-95.0,-35.0,1.5929682386284336e-05
-92.5,-35.0,1.592968250139306e-05
-90.0,-35.0,1.592968299470715e-05
-87.5,-35.0,1.5929685117001122e-05
-85.0,-35.0,1.5929694250122437e-05
-82.5,-35.0,1.5929733646035757e-05
-80.0,-35.0,1.5929903565436864e-05
-77.5,-35.0,1.5930625418850984e-05
-75.0,-35.0,1.593337752357825e-05
-72.5,-35.0,1.593612397934548e-05
-70.0,-35.0,1.5742468536820872e-05
-67.5,-35.0,1.2157862123893527e-05
-65.0,-35.0,3.337234640436753e-06
-62.5,-35.0,7.68129251137551e-07
-60.0,-35.0,2.777805879614731e-07
-57.5,-35.0,2.424836185040564e-07
-55.0,-35.0,4.803950816524878e-07
-52.5,-35.0,6.622281726159989e-07
-50.0,-35.0,5.261664891251105e-07
-47.5,-35.0,4.891093046108738e-07
-45.0,-35.0,5.393865580534466e-07
-42.5,-35.0,6.358834418933093e-07
-40.0,-35.0,7.056635813810738e-07
-37.5,-35.0,7.53150576373069e-07
-35.0,-35.0,9.193367214613775e-07
-32.5,-35.0,2.254451219629531e-06
-30.0,-35.0,4.498928186445383e-05
-27.5,-35.0,0.0004504011572231199
-25.0,-35.0,0.0005855557585592057
-22.5,-35.0,0.00025585158991659536
-20.0,-35.0,1.0267454080158763e-05
-17.5,-35.0,8.821431098162658e-07
-15.0,-35.0,5.523505478013639e-07
-12.5,-35.0,5.537699609992544e-07
-10.0,-35.0,6.183843134483584e-07
-7.5,-35.0,6.633645179162722e-07
-5.0,-35.0,6.749059283610043e-07
-2.5,-35.0,6.900292996573082e-07
0.0,-35.0,7.043627468153876e-07
2.5,-35.0,6.173575004673476e-07
5.0,-35.0,4.3109202219699944e-07
7.5,-35.0,3.513589474954413e-07
10.0,-35.0,4.0927104958398676e-07
12.5,-35.0,5.435429904761737e-07
15.0,-35.0,5.711769300900095e-07
17.5,-35.0,5.639589232780209e-07
20.0,-35.0,6.083282860613705e-07
22.5,-35.0,7.019417510524283e-07
25.0,-35.0,8.058567051182419e-07
27.5,-35.0,8.899340288153177e-07
30.0,-35.0,9.642919688022799e-07
32.5,-35.0,9.857168921864229e-07
35.0,-35.0,7.857531979071058e-07
37.5,-35.0,5.596802039954252e-07
40.0,-35.0,4.965579146075067e-07
42.5,-35.0,5.832793771550171e-07
45.0,-35.0,7.275355827841971e-07
47.5,-35.0,7.480896135934502e-07
50.0,-35.0,7.221351996573083e-07
52.5,-35.0,7.390932170333684e-07
55.0,-35.0,7.821598034438602e-07
57.5,-35.0,8.174394627603009e-07
60.0,-35.0,8.47890986224738e-07
62.5,-35.0,8.613127787635207e-07
65.0,-35.0,7.082010298270818e-07
67.5,-35.0,6.638868043638577e-07
70.0,-35.0,9.283213083066651e-07
72.5,-35.0,8.481291454119106e-07
75.0,-35.0,6.489717977484424e-07
77.5,-35.0,5.887316104648614e-07
80.0,-35.0,6.102511263744203e-07
82.5,-35.0,6.426442112198416e-07
85.0,-35.0,6.695369895338113e-07
87.5,-35.0,7.501863930774342e-07
90.0,-35.0,8.598889526882063e-07
92.5,-35.0,7.33848802607038e-07
95.0,-35.0,5.497268100524851e-07
97.5,-35.0,5.279590125167942e-07
100.0,-35.0,6.790796094195521e-07
102.5,-35.0,1.2824228107203674e-06
105.0,-35.0,3.5106494884292986e-06
107.5,-35.0,1.0252730935471176e-05
110.0,-35.0,1.5190991581221045e-05
112.5,-35.0,1.5884855675358035e-05
115.0,-35.0,1.5929883517154582e-05
117.5,-35.0,1.5930467458087438e-05
120.0,-35.0,1.5929915874128663e-05
122.5,-35.0,1.5929740658503465e-05
125.0,-35.0,1.592969632760298e-05
127.5,-35.0,1.592968566072311e-05
130.0,-35.0,1.5929683131526034e-05
132.5,-35.0,1.5929682535393082e-05
135.0,-35.0,1.592968239525533e-05
137.5,-35.0,1.592968236237224e-05
140.0,-35.0,1.592968235466119e-05
142.5,-35.0,1.5929682352856648e-05
145.0,-35.0,1.592968235240752e-05
147.5,-35.0,1.5929682352387656e-05
150.0,-35.0,1.5929682352387656e-05
152.5,-35.0,1.5929682352387656e-05
155.0,-35.0,1.5929682352387656e-05
-142.5,-32.5,1.5929682352387656e-05
-140.0,-32.5,1.5929682352387656e-05
-137.5,-32.5,1.5929682352387656e-05
-135.0,-32.5,1.5929682352387656e-05
-132.5,-32.5,1.5929682352387656e-05
-130.0,-32.5,1.5929682352387656e-05
-127.5,-32.5,1.5929682352387656e-05
-125.0,-32.5,1.5929682352387656e-05
-122.5,-32.5,1.5929682352387656e-05
-120.0,-32.5,1.5929682352387656e-05
-117.5,-32.5,1.5929682352387656e-05
-115.0,-32.5,1.5929682352387656e-05
-112.5,-32.5,1.5929682352387656e-05
-110.0,-32.5,1.5929682352387656e-05
-107.5,-32.5,1.5929682352387656e-05
-105.0,-32.5,1.5929682352387656e-05
-102.5,-32.5,1.5929682352896435e-05
-100.0,-32.5,1.592968235795228e-05
-97.5,-32.5,1.592968238005191e-05
-95.0,-32.5,1.5929682475000747e-05
-92.5,-32.5,1.5929682880806755e-05
-90.0,-32.5,1.5929684624195632e-05
-87.5,-32.5,1.5929692113199773e-05
-85.0,-32.5,1.59297242716001e-05
-82.5,-32.5,1.59298617799097e-05
-80.0,-32.5,1.5930439285872792e-05
-77.5,-32.5,1.5932684815981624e-05
-75.0,-32.5,1.5938162813043262e-05
-72.5,-32.5,1.5888132905444402e-05
-70.0,-32.5,1.461470282829496e-05
-67.5,-32.5,7.037042121904353e-06
-65.0,-32.5,1.848541974975938e-06
-62.5,-32.5,6.023391336899914e-07
-60.0,-32.5,3.1182566721817447e-07
-57.5,-32.5,2.854048611812232e-07
-55.0,-32.5,4.350534004694621e-07
-52.5,-32.5,6.415590670823509e-07
-50.0,-32.5,5.832970201008145e-07
-47.5,-32.5,5.465352507630055e-07
-45.0,-32.5,5.859968705519774e-07
-42.5,-32.5,6.704260185019755e-07
-40.0,-32.5,7.539129645637808e-07
-37.5,-32.5,8.629569174401332e-07
-35.0,-32.5,1.2800630383566784e-06
-32.5,-32.5,5.861507113703204e-06
-30.0,-32.5,0.0001395893386409947
-27.5,-32.5,0.0005486206496356609
-25.0,-32.5,0.0008757430456376266
-22.5,-32.5,0.0003203397144391995
-20.0,-32.5,2.1234730828923163e-05
-17.5,-32.5,1.5027871132447343e-06
-15.0,-32.5,6.78085654078463e-07
-12.5,-32.5,6.100098752294941e-07
-10.0,-32.5,6.488022044249522e-07
-7.5,-32.5,6.933185446943317e-07
-5.0,-32.5,7.280900340065164e-07
-2.5,-32.5,7.729567788633635e-07
0.0,-32.5,7.55426525332435e-07
2.5,-32.5,6.136675897663998e-07
5.0,-32.5,4.535191517501693e-07
7.5,-32.5,3.9084484967730616e-07
10.0,-32.5,4.3303350222676253e-07
12.5,-32.5,5.4030438350248e-07
15.0,-32.5,5.931950294389356e-07
17.5,-32.5,6.017951928135345e-07
20.0,-32.5,6.440389973570608e-07
22.5,-32.5,7.295404370107022e-07
25.0,-32.5,8.258154781361379e-07
27.5,-32.5,8.169669107044391e-07
30.0,-32.5,7.154751929588358e-07
32.5,-32.5,8.766799215468833e-07
35.0,-32.5,7.858170633693287e-07
37.5,-32.5,6.036635744554347e-07
40.0,-32.5,5.484688883830426e-07
42.5,-32.5,6.14089117167822e-07
45.0,-32.5,7.344696100585934e-07
47.5,-32.5,7.796016198716583e-07
50.0,-32.5,7.683307626746906e-07
52.5,-32.5,7.800926440611344e-07
55.0,-32.5,8.157808931251577e-07
57.5,-32.5,8.514947306928039e-07
60.0,-32.5,8.71760562006612e-07
62.5,-32.5,7.790897482984969e-07
65.0,-32.5,5.613171827528692e-07
67.5,-32.5,5.165678825298165e-07
70.0,-32.5,7.128418144980188e-07
72.5,-32.5,8.229895190209467e-07
75.0,-32.5,6.943766355541416e-07
77.5,-32.5,6.323523722354626e-07
80.0,-32.5,6.410129060024056e-07
82.5,-32.5,6.719245925238333e-07
85.0,-32.5,7.110170166608682e-07
87.5,-32.5,7.867518082539399e-07
90.0,-32.5,8.42849829460629e-07
92.5,-32.5,7.215085441904344e-07
95.0,-32.5,5.713341694595255e-07
97.5,-32.5,5.001257282908887e-07
100.0,-32.5,5.073378875691498e-07
102.5,-32.5,7.985438455626104e-07
105.0,-32.5,1.985778374854822e-06
107.5,-32.5,6.181326893098588e-06
110.0,-32.5,1.3563616706367697e-05
112.5,-32.5,1.5718048535799482e-05
115.0,-32.5,1.5920585122324284e-05
117.5,-32.5,1.5930883317335195e-05
120.0,-32.5,1.593022519031154e-05
122.5,-32.5,1.5929832346959842e-05
125.0,-32.5,1.592972007345556e-05
127.5,-32.5,1.5929691577228233e-05
130.0,-32.5,1.5929684583033175e-05
132.5,-32.5,1.592968288839058e-05
135.0,-32.5,1.592968248060912e-05
137.5,-32.5,1.592968238292166e-05
140.0,-32.5,1.5929682359589872e-05
142.5,-32.5,1.5929682354033173e-05
145.0,-32.5,1.592968235271358e-05
147.5,-32.5,1.5929682352387656e-05
150.0,-32.5,1.5929682352387656e-05
152.5,-32.5,1.5929682352387656e-05
155.0,-32.5,1.5929682352387656e-05
-142.5,-30.0,1.5929682352387656e-05
-140.0,-30.0,1.5929682352387656e-05
-137.5,-30.0,1.5929682352387656e-05
-135.0,-30.0,1.5929682352387656e-05
-132.5,-30.0,1.5929682352387656e-05
-130.0,-30.0,1.5929682352387656e-05
-127.5,-30.0,1.5929682352387656e-05
-125.0,-30.0,1.5929682352387656e-05
-122.5,-30.0,1.5929682352387656e-05
-120.0,-30.0,1.5929682352387656e-05
-117.5,-30.0,1.5929682352387656e-05
-115.0,-30.0,1.5929682352387656e-05
-112.5,-30.0,1.5929682352387656e-05
-110.0,-30.0,1.5929682352387656e-05
-107.5,-30.0,1.5929682352387656e-05
-105.0,-30.0,1.592968235245121e-05
-102.5,-30.0,1.5929682356775812e-05
-100.0,-30.0,1.592968237499601e-05
-97.5,-30.0,1.592968245286931e-05
-95.0,-30.0,1.5929682788687988e-05
-92.5,-30.0,1.5929684234574788e-05
-90.0,-30.0,1.5929690482247526e-05
-87.5,-30.0,1.5929717548750692e-05
-85.0,-30.0,1.5929834921771266e-05
-82.5,-30.0,1.5930339596444737e-05
-80.0,-30.0,1.593240054913323e-05
-77.5,-30.0,1.5938650638679912e-05
-75.0,-30.0,1.5917464879204783e-05
-72.5,-30.0,1.5205064949310078e-05
-70.0,-30.0,1.0439988495785386e-05
-67.5,-30.0,4.127301070003444e-06
-65.0,-30.0,1.3901881359198779e-06
-62.5,-30.0,5.891970915596549e-07
-60.0,-30.0,3.6684337650852956e-07
-57.5,-30.0,3.4251237379736695e-07
-55.0,-30.0,4.5416359675254436e-07
-52.5,-30.0,6.294405319065245e-07
-50.0,-30.0,6.319979531356933e-07
-47.5,-30.0,6.022427707597731e-07
-45.0,-30.0,6.343446957137069e-07
-42.5,-30.0,7.179821027591118e-07
-40.0,-30.0,8.689663069533865e-07
-37.5,-30.0,1.4409592324812642e-06
-35.0,-30.0,4.275732804608884e-06
-32.5,-30.0,3.382286088490311e-05
-30.0,-30.0,0.00012714354172652394
-27.5,-30.0,3.518249217772276e-05
-25.0,-30.0,0.0001246605991660595
-22.5,-30.0,0.00035932810305101885
-20.0,-30.0,3.5622026200555064e-05
-17.5,-30.0,2.5737966231930197e-06
-15.0,-30.0,8.668822365034276e-07
-12.5,-30.0,6.845335700778497e-07
-10.0,-30.0,6.919978025761491e-07
-7.5,-30.0,7.508318974476471e-07
-5.0,-30.0,8.470007229603376e-07
-2.5,-30.0,7.541718131118504e-07
0.0,-30.0,7.945500168703452e-07
2.5,-30.0,6.670497235473311e-07
5.0,-30.0,4.912284519727814e-07
7.5,-30.0,4.332990750298608e-07
10.0,-30.0,4.645355973294286e-07
12.5,-30.0,5.508759854859773e-07
15.0,-30.0,6.12718654332213e-07
17.5,-30.0,6.361996683902646e-07
20.0,-30.0,6.78920298849831e-07
22.5,-30.0,7.567035646484976e-07
25.0,-30.0,7.994555672904815e-07
27.5,-30.0,5.9045797714857e-07
30.0,-30.0,4.48565667817472e-07
32.5,-30.0,6.284850084525745e-07
35.0,-30.0,7.702576329928704e-07
37.5,-30.0,6.520892525400706e-07
40.0,-30.0,6.025193169771487e-07
42.5,-30.0,6.528262874102297e-07
45.0,-30.0,7.530840585814052e-07
47.5,-30.0,8.08751446705939e-07
50.0,-30.0,8.111722517041871e-07
52.5,-30.0,8.208611572897671e-07
55.0,-30.0,8.507494497032241e-07
57.5,-30.0,8.830128690751443e-07
60.0,-30.0,8.746756776460755e-07
62.5,-30.0,7.230245338430713e-07
65.0,-30.0,5.380849285866049e-07
67.5,-30.0,5.045498810958483e-07
70.0,-30.0,6.415041477063716e-07
72.5,-30.0,7.883822749035851e-07
75.0,-30.0,7.344141050626184e-07
77.5,-30.0,6.763835731674291e-07
80.0,-30.0,6.758133882421199e-07
82.5,-30.0,7.044963642630173e-07
85.0,-30.0,7.502073576410879e-07
87.5,-30.0,8.181179425923748e-07
90.0,-30.0,8.405854712902891e-07
92.5,-30.0,7.265083078719335e-07
95.0,-30.0,5.792814993094924e-07
97.5,-30.0,4.7330088580111436e-07
100.0,-30.0,4.529324995240802e-07
102.5,-30.0,6.2849697346962e-07
105.0,-30.0,1.31907876243353e-06
107.5,-30.0,3.675735860047754e-06
110.0,-30.0,1.041871422436988e-05
112.5,-30.0,1.5176875254168094e-05
115.0,-30.0,1.5877103097174082e-05
117.5,-30.0,1.592953331125125e-05
120.0,-30.0,1.5930714039690722e-05
122.5,-30.0,1.593002501505464e-05
125.0,-30.0,1.592977464426428e-05
127.5,-30.0,1.5929705868562856e-05
130.0,-30.0,1.59296882210391e-05
132.5,-30.0,1.592968380091762e-05
135.0,-30.0,1.5929682707352683e-05
137.5,-30.0,1.5929682438838458e-05
140.0,-30.0,1.5929682373306744e-05
142.5,-30.0,1.592968235737995e-05
145.0,-30.0,1.5929682353520434e-05
147.5,-30.0,1.5929682352586414e-05
150.0,-30.0,1.5929682352387656e-05
152.5,-30.0,1.5929682352387656e-05
155.0,-30.0,1.5929682352387656e-05
-142.5,-27.5,1.5929682352387656e-05
-140.0,-27.5,1.5929682352387656e-05
-137.5,-27.5,1.5929682352387656e-05
-135.0,-27.5,1.5929682352387656e-05
-132.5,-27.5,1.5929682352387656e-05
-130.0,-27.5,1.5929682352387656e-05
-127.5,-27.5,1.5929682352387656e-05
-125.0,-27.5,1.5929682352387656e-05
-122.5,-27.5,1.5929682352387656e-05
-120.0,-27.5,1.5929682352387656e-05
-117.5,-27.5,1.5929682352387656e-05
-115.0,-27.5,1.5929682352387656e-05
-112.5,-27.5,1.5929682352387656e-05
-110.0,-27.5,1.5929682352387656e-05
-107.5,-27.5,1.5929682352387656e-05
-105.0,-27.5,1.5929682355790066e-05
-102.5,-27.5,1.5929682370798686e-05
-100.0,-27.5,1.592968243512603e-05
-97.5,-27.5,1.5929682711100878e-05
-95.0,-27.5,1.5929683902667207e-05
-92.5,-27.5,1.5929689061448623e-05
-90.0,-27.5,1.5929711534874887e-05
-87.5,-27.5,1.592981005713088e-05
-85.0,-27.5,1.5930242072259785e-05
-82.5,-27.5,1.5932058321470025e-05
-80.0,-27.5,1.5937372321468056e-05
-77.5,-27.5,1.5891144172379585e-05
-75.0,-27.5,1.428740670100977e-05
-72.5,-27.5,5.271224896794231e-06
-70.0,-27.5,1.2702168802209798e-06
-67.5,-27.5,9.037335273881938e-07
-65.0,-27.5,1.1188891127932623e-06
-62.5,-27.5,6.178309895161826e-07
-60.0,-27.5,4.272119687225313e-07
-57.5,-27.5,4.0236573919296784e-07
-55.0,-27.5,4.908571811435423e-07
-52.5,-27.5,6.352263438311366e-07
-50.0,-27.5,6.724559841333053e-07
-47.5,-27.5,6.563856602313445e-07
-45.0,-27.5,6.890175672115867e-07
-42.5,-27.5,8.07915426822311e-07
-40.0,-27.5,1.2930773847713923e-06
-37.5,-27.5,2.852316353204883e-06
-35.0,-27.5,2.8884651655902186e-06
-32.5,-27.5,4.546514714106472e-05
-30.0,-27.5,0.00011323909138062308
-27.5,-27.5,3.1610821478130634e-05
-25.0,-27.5,6.738411539970897e-05
-22.5,-27.5,0.00022088614381844443
-20.0,-27.5,5.1754248465713186e-05
-17.5,-27.5,4.2319951656483525e-06
-15.0,-27.5,1.1403574285542722e-06
-12.5,-27.5,7.850730571864685e-07
-10.0,-27.5,7.576123231051473e-07
-7.5,-27.5,8.407540662008219e-07
-5.0,-27.5,8.15880098784007e-07
-2.5,-27.5,5.499956167129074e-07
0.0,-27.5,6.145361341682715e-07
2.5,-27.5,7.176462546045113e-07
5.0,-27.5,5.449487594288926e-07
7.5,-27.5,4.778204127761303e-07
10.0,-27.5,4.986733668803116e-07
12.5,-27.5,5.691444437586181e-07
15.0,-27.5,6.323665381433153e-07
17.5,-27.5,6.675436187848363e-07
20.0,-27.5,7.123270682328201e-07
22.5,-27.5,7.76135437008584e-07
25.0,-27.5,7.391872042595321e-07
27.5,-27.5,5.184054592962684e-07
30.0,-27.5,4.240804540888068e-07
32.5,-27.5,5.422963643412776e-07
35.0,-27.5,7.294664642929226e-07
37.5,-27.5,6.967953395491232e-07
40.0,-27.5,6.562137769683043e-07
42.5,-27.5,6.94911257168824e-07
45.0,-27.5,7.789368190313586e-07
47.5,-27.5,8.376720272498471e-07
50.0,-27.5,8.51043904766013e-07
52.5,-27.5,8.608288461618461e-07
55.0,-27.5,8.840327069096991e-07
57.5,-27.5,9.060240316695408e-07
60.0,-27.5,8.696468078725788e-07
62.5,-27.5,7.071014296574508e-07
65.0,-27.5,5.561529390104805e-07
67.5,-27.5,5.292796845053274e-07
70.0,-27.5,6.316135310576388e-07
72.5,-27.5,7.68250952013909e-07
75.0,-27.5,7.665932364711406e-07
77.5,-27.5,7.194854103822245e-07
80.0,-27.5,7.130020775017398e-07
82.5,-27.5,7.392414426582326e-07
85.0,-27.5,7.874144272869608e-07
87.5,-27.5,8.459104657154504e-07
90.0,-27.5,8.465307698378013e-07
92.5,-27.5,7.340190527977328e-07
95.0,-27.5,5.839969468599343e-07
97.5,-27.5,4.7652607571346257e-07
100.0,-27.5,4.581694689162562e-07
102.5,-27.5,5.894933671882463e-07
105.0,-27.5,1.0610431877231287e-06
107.5,-27.5,2.536126013039439e-06
110.0,-27.5,7.149501060173779e-06
112.5,-27.5,1.3868582857503969e-05
115.0,-27.5,1.5728719669587134e-05
117.5,-27.5,1.591986046375983e-05
120.0,-27.5,1.5931038729229737e-05
122.5,-27.5,1.5930367389470312e-05
125.0,-27.5,1.5929887271128212e-05
127.5,-27.5,1.5929737388672288e-05
130.0,-27.5,1.5929696605354827e-05
132.5,-27.5,1.5929685980666665e-05
135.0,-27.5,1.592968326575333e-05
137.5,-27.5,1.5929682580423027e-05
140.0,-27.5,1.592968240889269e-05
142.5,-27.5,1.5929682366263503e-05
145.0,-27.5,1.5929682355734375e-05
147.5,-27.5,1.592968235314284e-05
150.0,-27.5,1.592968235251884e-05
152.5,-27.5,1.5929682352387656e-05
155.0,-27.5,1.5929682352387656e-05
-142.5,-25.0,1.5929682352387656e-05
-140.0,-25.0,1.5929682352387656e-05
-137.5,-25.0,1.5929682352387656e-05
-135.0,-25.0,1.5929682352387656e-05
-132.5,-25.0,1.5929682352387656e-05
-130.0,-25.0,1.5929682352387656e-05
-127.5,-25.0,1.5929682352387656e-05
-125.0,-25.0,1.5929682352387656e-05
-122.5,-25.0,1.5929682352387656e-05
-120.0,-25.0,1.5929682352387656e-05
-117.5,-25.0,1.5929682352387656e-05
-115.0,-25.0,1.5929682352387656e-05
-112.5,-25.0,1.5929682352387656e-05
-110.0,-25.0,1.5929682352387656e-05
-107.5,-25.0,1.5929682354899678e-05
-105.0,-25.0,1.5929682367332726e-05
-102.5,-25.0,1.592968242033999e-05
-100.0,-25.0,1.5929682647155088e-05
-97.5,-25.0,1.5929683621350354e-05
-95.0,-25.0,1.5929687818814145e-05
-92.5,-25.0,1.5929705978258224e-05
-90.0,-25.0,1.592978489650059e-05
-87.5,-25.0,1.5930127860684092e-05
-85.0,-25.0,1.593156474126215e-05
-82.5,-25.0,1.5935958536212296e-05
-80.0,-25.0,1.5906194462536633e-05
-77.5,-25.0,1.4744648471513734e-05
-75.0,-25.0,6.210804868658847e-06
-72.5,-25.0,1.2359135502123689e-06
-70.0,-25.0,3.311256137672899e-07
-67.5,-25.0,2.618681772752205e-07
-65.0,-25.0,6.189619678617881e-07
-62.5,-25.0,6.508231904457295e-07
-60.0,-25.0,4.890225949956589e-07
-57.5,-25.0,4.6209926919563595e-07
-55.0,-25.0,5.335442015930398e-07
-52.5,-25.0,6.536863899020436e-07
-50.0,-25.0,7.085279722031674e-07
-47.5,-25.0,7.109079159959245e-07
-45.0,-25.0,7.606486842260203e-07
-42.5,-25.0,9.895079563802906e-07
-40.0,-25.0,2.0223641575587934e-06
-37.5,-25.0,2.8621946981823653e-06
-35.0,-25.0,3.0039656452855866e-06
-32.5,-25.0,2.7938038281424772e-05
-30.0,-25.0,0.00014626771893035904
-27.5,-25.0,5.565741593841316e-05
-25.0,-25.0,7.636182653191084e-05
-22.5,-25.0,0.00015334749015087152
-20.0,-25.0,6.0340462376209486e-05
-17.5,-25.0,6.563198151008476e-06
-15.0,-25.0,1.5277393882619214e-06
-12.5,-25.0,9.23339279058794e-07
-10.0,-25.0,8.514762086709219e-07
-7.5,-25.0,9.098395353387518e-07
-5.0,-25.0,7.724903253373339e-07
-2.5,-25.0,5.681681660139154e-07
0.0,-25.0,6.041003481605094e-07
2.5,-25.0,7.21193227956225e-07
5.0,-25.0,6.059290426104574e-07
7.5,-25.0,5.257699687587051e-07
10.0,-25.0,5.345002016175652e-07
12.5,-25.0,5.919369585879849e-07
15.0,-25.0,6.532661085821261e-07
17.5,-25.0,6.968038464484538e-07
20.0,-25.0,7.434518444372301e-07
22.5,-25.0,7.858203621056396e-07
25.0,-25.0,7.041920025678258e-07
27.5,-25.0,5.23656097190454e-07
30.0,-25.0,4.55636158945426e-07
32.5,-25.0,5.406650571929674e-07
35.0,-25.0,7.040901742086479e-07
37.5,-25.0,7.324862446390226e-07
40.0,-25.0,7.07844785254046e-07
42.5,-25.0,7.383046341817427e-07
45.0,-25.0,8.092549399792987e-07
47.5,-25.0,8.672929642951792e-07
50.0,-25.0,8.881408706141496e-07
52.5,-25.0,8.886977055189301e-07
55.0,-25.0,8.284813677047738e-07
57.5,-25.0,7.838260137431515e-07
60.0,-25.0,8.331484506788048e-07
62.5,-25.0,7.133779982303803e-07
65.0,-25.0,5.889001405332066e-07
67.5,-25.0,5.659465919836392e-07
70.0,-25.0,6.463310014809746e-07
72.5,-25.0,7.650496744119399e-07
75.0,-25.0,7.930200879535656e-07
77.5,-25.0,7.606134713300011e-07
80.0,-25.0,7.515046849241235e-07
82.5,-25.0,7.752949162134155e-07
85.0,-25.0,8.213585477220108e-07
87.5,-25.0,8.526373313966753e-07
90.0,-25.0,8.133310079036027e-07
92.5,-25.0,7.301674595675073e-07
95.0,-25.0,5.950273313862446e-07
97.5,-25.0,4.971787850279809e-07
100.0,-25.0,4.8389222226176e-07
102.5,-25.0,5.949986319947579e-07
105.0,-25.0,9.596429547182478e-07
107.5,-25.0,1.9999466756190914e-06
110.0,-25.0,5.064507286754196e-06
112.5,-25.0,1.1747992383032188e-05
115.0,-25.0,1.5340698462614662e-05
117.5,-25.0,1.5883832228791134e-05
120.0,-25.0,1.5929654708575846e-05
122.5,-25.0,1.5930831627741818e-05
125.0,-25.0,1.593009355839285e-05
127.5,-25.0,1.5929800886240515e-05
130.0,-25.0,1.5929714432335502e-05
132.5,-25.0,1.592969080566914e-05
135.0,-25.0,1.592968454541212e-05
137.5,-25.0,1.592968291484254e-05
140.0,-25.0,1.5929682495311683e-05
142.5,-25.0,1.5929682388383e-05
145.0,-25.0,1.5929682361346764e-05
147.5,-25.0,1.5929682354557853e-05
150.0,-25.0,1.5929682352864627e-05
152.5,-25.0,1.5929682352427385e-05
155.0,-25.0,1.5929682352387656e-05
-142.5,-22.5,1.5929682352387656e-05
-140.0,-22.5,1.5929682352387656e-05
-137.5,-22.5,1.5929682352387656e-05
-135.0,-22.5,1.5929682352387656e-05
-132.5,-22.5,1.5929682352387656e-05
-130.0,-22.5,1.5929682352387656e-05
-127.5,-22.5,1.5929682352387656e-05
-125.0,-22.5,1.5929682352387656e-05
-122.5,-22.5,1.5929682352387656e-05
-120.0,-22.5,1.5929682352387656e-05
-117.5,-22.5,1.5929682352387656e-05
-115.0,-22.5,1.5929682352387656e-05
-112.5,-22.5,1.5929682352387656e-05
-110.0,-22.5,1.59296823543909e-05
-107.5,-22.5,1.5929682364534454e-05
-105.0,-22.5,1.592968240847933e-05
-102.5,-22.5,1.5929682595960288e-05
-100.0,-22.5,1.5929683399686507e-05
-97.5,-22.5,1.5929686847003365e-05
-95.0,-22.5,1.5929701642275736e-05
-92.5,-22.5,1.5929765064731148e-05
-90.0,-22.5,1.5930034936392112e-05
-87.5,-22.5,1.5931142879982894e-05
-85.0,-22.5,1.5934855648331787e-05
-82.5,-22.5,1.592904681760009e-05
-80.0,-22.5,1.5487584146057242e-05
-77.5,-22.5,1.0173731451683267e-05
-75.0,-22.5,2.619635013878056e-06
-72.5,-22.5,7.032649295629012e-07
-70.0,-22.5,3.019403089966653e-07
-67.5,-22.5,2.664425241818231e-07
-65.0,-22.5,4.5436176394454946e-07
-62.5,-22.5,6.479963724803481e-07
-60.0,-22.5,5.495668373390254e-07
-57.5,-22.5,5.208391928616222e-07
-55.0,-22.5,5.785545789727823e-07
-52.5,-22.5,6.803453624245904e-07
-50.0,-22.5,7.451697400407183e-07
-47.5,-22.5,7.723743980266501e-07
-45.0,-22.5,8.660012584585741e-07
-42.5,-22.5,1.277413190976003e-06
-40.0,-22.5,2.5945518583334025e-06
-37.5,-22.5,3.425722682401425e-06
-35.0,-22.5,5.056404513632043e-06
-32.5,-22.5,3.290401398974834e-05
-30.0,-22.5,0.0001630114792894
-27.5,-22.5,9.907783994952947e-05
-25.0,-22.5,9.704726656203905e-05
-22.5,-22.5,0.00012952252972571883
-20.0,-22.5,6.233536060821835e-05
-17.5,-22.5,9.511212126340345e-06
-15.0,-22.5,2.1240026248159165e-06
-12.5,-22.5,1.158230549171716e-06
-10.0,-22.5,9.962427570095773e-07
-7.5,-22.5,9.645677298058629e-07
-5.0,-22.5,7.888197603407048e-07
-2.5,-22.5,6.332351989218049e-07
0.0,-22.5,6.49054426339918e-07
2.5,-22.5,7.310152141558036e-07
5.0,-22.5,6.603856917567687e-07
7.5,-22.5,5.76486908048761e-07
10.0,-22.5,5.721787708813407e-07
12.5,-22.5,6.179479362826541e-07
15.0,-22.5,6.759348522713927e-07
17.5,-22.5,7.196081069860948e-07
20.0,-22.5,7.504348461360945e-07
22.5,-22.5,7.864122776349714e-07
25.0,-22.5,6.977332908869212e-07
27.5,-22.5,5.531472316156798e-07
30.0,-22.5,5.005345919000885e-07
32.5,-22.5,5.663224125179791e-07
35.0,-22.5,7.016249476801045e-07
37.5,-22.5,7.609587902886013e-07
40.0,-22.5,7.559598435100718e-07
42.5,-22.5,7.818669867560127e-07
45.0,-22.5,8.42354863244155e-07
47.5,-22.5,8.976339253396562e-07
50.0,-22.5,9.17330695058576e-07
52.5,-22.5,8.501042745477715e-07
55.0,-22.5,6.301283313466497e-07
57.5,-22.5,5.521023005508996e-07
60.0,-22.5,7.012789773577882e-07
62.5,-22.5,7.188659740475922e-07
65.0,-22.5,6.268511163340249e-07
67.5,-22.5,6.067917015979401e-07
70.0,-22.5,6.719179330030869e-07
72.5,-22.5,7.740544627897444e-07
75.0,-22.5,8.169111866390393e-07
77.5,-22.5,7.993086866206268e-07
80.0,-22.5,7.904657908678074e-07
82.5,-22.5,8.10874424074863e-07
85.0,-22.5,8.339650932431226e-07
87.5,-22.5,7.474298097718809e-07
90.0,-22.5,6.325108130011126e-07
92.5,-22.5,6.548948962785536e-07
95.0,-22.5,6.058124166501935e-07
97.5,-22.5,5.259669549986312e-07
100.0,-22.5,5.17630800606173e-07
102.5,-22.5,6.180992004828688e-07
105.0,-22.5,9.234941070618598e-07
107.5,-22.5,1.7269623106217576e-06
110.0,-22.5,3.910549929244224e-06
112.5,-22.5,9.433517866754219e-06
115.0,-22.5,1.4569823379044339e-05
117.5,-22.5,1.5784843175710533e-05
120.0,-22.5,1.592218677895465e-05
122.5,-22.5,1.5931103107327113e-05
125.0,-22.5,1.593041841172686e-05
127.5,-22.5,1.5929917290311806e-05
130.0,-22.5,1.5929749464022943e-05
132.5,-22.5,1.592970074117869e-05
135.0,-22.5,1.5929687282306187e-05
137.5,-22.5,1.5929683654297e-05
140.0,-22.5,1.592968269221282e-05
142.5,-22.5,1.592968244017395e-05
145.0,-22.5,1.592968237480523e-05
147.5,-22.5,1.592968235803977e-05
150.0,-22.5,1.5929682353754957e-05
152.5,-22.5,1.5929682352673794e-05
155.0,-22.5,1.5929682352387656e-05
-142.5,-20.0,1.5929682352387656e-05
-140.0,-20.0,1.5929682352387656e-05
-137.5,-20.0,1.5929682352387656e-05
-135.0,-20.0,1.5929682352387656e-05
-132.5,-20.0,1.5929682352387656e-05
-130.0,-20.0,1.5929682352387656e-05
-127.5,-20.0,1.5929682352387656e-05
-125.0,-20.0,1.5929682352387656e-05
-122.5,-20.0,1.5929682352387656e-05
-120.0,-20.0,1.5929682352387656e-05
-117.5,-20.0,1.5929682352387656e-05
-115.0,-20.0,1.5929682352387656e-05
-112.5,-20.0,1.5929682353723153e-05
-110.0,-20.0,1.592968236221321e-05
-107.5,-20.0,1.5929682398558358e-05
-105.0,-20.0,1.5929682554654713e-05
-102.5,-20.0,1.592968322552886e-05
-100.0,-20.0,1.5929686114122954e-05
-97.5,-20.0,1.5929698563716383e-05
-95.0,-20.0,1.592975217886058e-05
-92.5,-20.0,1.592998153433272e-05
-90.0,-20.0,1.5930935459338885e-05
-87.5,-20.0,1.5934445572198387e-05
-85.0,-20.0,1.5939679550341113e-05
-82.5,-20.0,1.5814318471504113e-05
-80.0,-20.0,1.3751637282243172e-05
-77.5,-20.0,5.8375872781165835e-06
-75.0,-20.0,1.670704729452464e-06
-72.5,-20.0,6.131946743665937e-07
-70.0,-20.0,3.4492691290416386e-07
-67.5,-20.0,3.159920496453092e-07
-65.0,-20.0,4.4425430634519904e-07
-62.5,-20.0,6.301943982757325e-07
-60.0,-20.0,6.041266631234658e-07
-57.5,-20.0,5.781333383860933e-07
-55.0,-20.0,6.248589780280822e-07
-52.5,-20.0,7.146707471767264e-07
-50.0,-20.0,7.974567071273152e-07
-47.5,-20.0,8.978039752217296e-07
-45.0,-20.0,1.14520793732459e-06
-42.5,-20.0,1.7890157294542783e-06
-40.0,-20.0,3.186372849635155e-06
-37.5,-20.0,4.504755762627448e-06
-35.0,-20.0,8.533035265315893e-06
-32.5,-20.0,4.3624455572743187e-05
-30.0,-20.0,0.0001728468613790814
-27.5,-20.0,0.00015197460058811896
-25.0,-20.0,0.0001241070366154655
-22.5,-20.0,0.00012291640368356616
-20.0,-20.0,6.394788544306672e-05
-17.5,-20.0,1.4349271453193976e-05
-15.0,-20.0,4.390495786494247e-06
-12.5,-20.0,3.0734116035383504e-06
-10.0,-20.0,1.8735355698288856e-06
-7.5,-20.0,1.1406020392455377e-06
-5.0,-20.0,8.457592579881195e-07
-2.5,-20.0,7.048987950085416e-07
0.0,-20.0,7.038401555469846e-07
2.5,-20.0,7.53624792183792e-07
5.0,-20.0,7.060550832288839e-07
7.5,-20.0,6.273265619700359e-07
10.0,-20.0,6.116650240664453e-07
12.5,-20.0,6.465616488416183e-07
15.0,-20.0,6.91224615147919e-07
17.5,-20.0,6.292155350146525e-07
20.0,-20.0,5.233275521928879e-07
22.5,-20.0,6.733332052246455e-07
25.0,-20.0,7.010242644910027e-07
27.5,-20.0,5.90774147631855e-07
30.0,-20.0,5.484132930087919e-07
32.5,-20.0,6.015050054911459e-07
35.0,-20.0,7.144023834047908e-07
37.5,-20.0,7.865380114928147e-07
40.0,-20.0,7.999296549546143e-07
42.5,-20.0,8.248040537025949e-07
45.0,-20.0,8.77107812910209e-07
47.5,-20.0,9.272933381689784e-07
50.0,-20.0,9.270257192207787e-07
52.5,-20.0,7.752762139436461e-07
55.0,-20.0,5.496749075527948e-07
57.5,-20.0,4.907729910343196e-07
60.0,-20.0,6.110030822769248e-07
62.5,-20.0,7.081060625706643e-07
65.0,-20.0,6.642458087672167e-07
67.5,-20.0,6.487463203725751e-07
70.0,-20.0,7.026977622400715e-07
72.5,-20.0,7.909851955033419e-07
75.0,-20.0,8.404309275173806e-07
77.5,-20.0,8.356711786396526e-07
80.0,-20.0,8.288635676914272e-07
82.5,-20.0,8.40244049300643e-07
85.0,-20.0,8.039486407299404e-07
87.5,-20.0,6.342611094716146e-07
90.0,-20.0,5.278413925498682e-07
92.5,-20.0,5.725491309891527e-07
95.0,-20.0,6.036351919148496e-07
97.5,-20.0,5.571344875276532e-07
100.0,-20.0,5.548302829420082e-07
102.5,-20.0,6.492644131097623e-07
105.0,-20.0,9.182883739894675e-07
107.5,-20.0,1.5798136715863133e-06
110.0,-20.0,3.2496304969873095e-06
112.5,-20.0,7.532843242520803e-06
115.0,-20.0,1.3394064227301816e-05
117.5,-20.0,1.556957088127817e-05
120.0,-20.0,1.5899365323414096e-05
122.5,-20.0,1.5930174007227804e-05
125.0,-20.0,1.5930823464776166e-05
127.5,-20.0,1.593010960530111e-05
130.0,-20.0,1.592981309370563e-05
132.5,-20.0,1.592971981800163e-05
135.0,-20.0,1.5929692763278535e-05
137.5,-20.0,1.5929685190080848e-05
140.0,-20.0,1.5929683114386888e-05
142.5,-20.0,1.592968255453547e-05
145.0,-20.0,1.5929682405410824e-05
147.5,-20.0,1.5929682366120432e-05
150.0,-20.0,1.5929682355873485e-05
152.5,-20.0,1.5929682353218338e-05
155.0,-20.0,1.5929682352538648e-05
-142.5,-17.5,1.5929682352387656e-05
-140.0,-17.5,1.5929682352387656e-05
-137.5,-17.5,1.5929682352387656e-05
-135.0,-17.5,1.5929682352387656e-05
-132.5,-17.5,1.5929682352387656e-05
-130.0,-17.5,1.5929682352387656e-05
-127.5,-17.5,1.5929682352387656e-05
-125.0,-17.5,1.5929682352387656e-05
-122.5,-17.5,1.5929682352387656e-05
-120.0,-17.5,1.5929682352387656e-05
-117.5,-17.5,1.5929682352387656e-05
-115.0,-17.5,1.5929682353405153e-05
-112.5,-17.5,1.5929682360178164e-05
-110.0,-17.5,1.59296823900683e-05
-107.5,-17.5,1.5929682518691178e-05
-105.0,-17.5,1.5929683074647368e-05
-102.5,-17.5,1.5929685484744992e-05
-100.0,-17.5,1.5929695979140262e-05
-97.5,-17.5,1.592974185332748e-05
-95.0,-17.5,1.592994324444941e-05
-92.5,-17.5,1.5930808656564703e-05
-90.0,-17.5,1.593416717623877e-05
-87.5,-17.5,1.5938805420443246e-05
-85.0,-17.5,1.5757399281761397e-05
-82.5,-17.5,1.277252488471081e-05
-80.0,-17.5,5.3642295555820785e-06
-77.5,-17.5,2.8597905826517314e-06
-75.0,-17.5,1.336671580065003e-06
-72.5,-17.5,6.17102027610154e-07
-70.0,-17.5,4.013000398719006e-07
-67.5,-17.5,3.7368931490228364e-07
-65.0,-17.5,4.716212044319603e-07
-62.5,-17.5,6.272303584884927e-07
-60.0,-17.5,6.496782822499719e-07
-57.5,-17.5,6.335261073312908e-07
-55.0,-17.5,6.737265994129442e-07
-52.5,-17.5,7.672008602803941e-07
-50.0,-17.5,9.494079729509836e-07
-47.5,-17.5,1.4901770830226451e-06
-45.0,-17.5,1.9655314934556413e-06
-42.5,-17.5,3.63193639328888e-06
-40.0,-17.5,4.677710474121659e-06
-37.5,-17.5,6.257965835321782e-06
-35.0,-17.5,1.3447104548367686e-05
-32.5,-17.5,5.63649415013386e-05
-30.0,-17.5,0.00018258858842574847
-27.5,-17.5,0.00019949956978945608
-25.0,-17.5,0.0001543361844015036
-22.5,-17.5,0.00012630430191377432
-20.0,-17.5,7.285288970471019e-05
-17.5,-17.5,3.1208839168224394e-05
-15.0,-17.5,1.8591353605732466e-05
-12.5,-17.5,7.96426799912855e-06
-10.0,-17.5,6.068873517037234e-06
-7.5,-17.5,2.063248279632743e-06
-5.0,-17.5,9.854802686147457e-07
-2.5,-17.5,7.831495983290108e-07
0.0,-17.5,7.595847161170355e-07
2.5,-17.5,7.835976050591898e-07
5.0,-17.5,7.461961976880981e-07
7.5,-17.5,6.760858869102754e-07
10.0,-17.5,6.523589968609154e-07
12.5,-17.5,6.748937357676462e-07
15.0,-17.5,6.714734055612356e-07
17.5,-17.5,5.086532886735332e-07
20.0,-17.5,4.1065009147330676e-07
22.5,-17.5,5.356582984042957e-07
25.0,-17.5,6.821668771429056e-07
27.5,-17.5,6.294444775203126e-07
30.0,-17.5,5.960547380835392e-07
32.5,-17.5,6.401014148006751e-07
35.0,-17.5,7.360365414210047e-07
37.5,-17.5,8.120008171639072e-07
40.0,-17.5,8.400830889278371e-07
42.5,-17.5,8.665778306772255e-07
45.0,-17.5,9.125265910566375e-07
47.5,-17.5,9.536602460331384e-07
50.0,-17.5,9.202954468460531e-07
52.5,-17.5,7.339518171630756e-07
55.0,-17.5,5.452342718736807e-07
57.5,-17.5,4.985963739364297e-07
60.0,-17.5,5.866498686215415e-07
62.5,-17.5,6.955632531629697e-07
65.0,-17.5,6.96850738288761e-07
67.5,-17.5,6.900765501704252e-07
70.0,-17.5,7.36010523658099e-07
72.5,-17.5,8.12993936500929e-07
75.0,-17.5,8.646018929670669e-07
77.5,-17.5,8.700073818855271e-07
80.0,-17.5,8.649872471438166e-07
82.5,-17.5,8.575476537146491e-07
85.0,-17.5,7.653579989194501e-07
87.5,-17.5,5.927398254325663e-07
90.0,-17.5,5.084400679444617e-07
92.5,-17.5,5.429630373149951e-07
95.0,-17.5,5.972336484242824e-07
97.5,-17.5,5.863563695137362e-07
100.0,-17.5,5.932006844910008e-07
102.5,-17.5,6.844847234230029e-07
105.0,-17.5,9.294590571072069e-07
107.5,-17.5,1.4990004159078282e-06
110.0,-17.5,2.8479219556979623e-06
112.5,-17.5,6.182600242673557e-06
115.0,-17.5,1.1967600421522001e-05
117.5,-17.5,1.5186064569047935e-05
120.0,-17.5,1.5845883842123487e-05
122.5,-17.5,1.5925772990927466e-05
125.0,-17.5,1.593110315917125e-05
127.5,-17.5,1.593038964870439e-05
130.0,-17.5,1.592991969322279e-05
132.5,-17.5,1.5929754035695065e-05
135.0,-17.5,1.5929703070767295e-05
137.5,-17.5,1.5929688192059145e-05
140.0,-17.5,1.5929683968723604e-05
142.5,-17.5,1.592968279325096e-05
145.0,-17.5,1.5929682471105466e-05
147.5,-17.5,1.5929682383959075e-05
150.0,-17.5,1.5929682360663114e-05
152.5,-17.5,1.5929682354486316e-05
155.0,-17.5,1.5929682352872552e-05
-142.5,-15.0,1.5929682352387656e-05
-140.0,-15.0,1.5929682352387656e-05
-137.5,-15.0,1.5929682352387656e-05
-135.0,-15.0,1.5929682352387656e-05
-132.5,-15.0,1.5929682352387656e-05
-130.0,-15.0,1.5929682352387656e-05
-127.5,-15.0,1.5929682352387656e-05
-125.0,-15.0,1.5929682352387656e-05
-122.5,-15.0,1.5929682352387656e-05
-120.0,-15.0,1.5929682352387656e-05
-117.5,-15.0,1.5929682353023598e-05
-115.0,-15.0,1.592968235842925e-05
-112.5,-15.0,1.5929682382277792e-05
-110.0,-15.0,1.592968248533508e-05
-107.5,-15.0,1.5929682931270193e-05
-105.0,-15.0,1.592968487024857e-05
-102.5,-15.0,1.5929693835953186e-05
-100.0,-15.0,1.5929731749435994e-05
-97.5,-15.0,1.592989823131928e-05
-95.0,-15.0,1.5930622896842946e-05
-92.5,-15.0,1.5933474729402265e-05
-90.0,-15.0,1.593634578718638e-05
-87.5,-15.0,1.571088537590817e-05
-85.0,-15.0,1.1465949783416816e-05
-82.5,-15.0,2.7805670970016717e-06
-80.0,-15.0,6.765162203375077e-07
-77.5,-15.0,4.855480533233443e-07
-75.0,-15.0,9.254456184517652e-07
-72.5,-15.0,6.488664154237194e-07
-70.0,-15.0,4.6149675209062487e-07
-67.5,-15.0,4.3277883959501106e-07
-65.0,-15.0,5.105268692143159e-07
-62.5,-15.0,6.396390914757735e-07
-60.0,-15.0,6.882085115443349e-07
-57.5,-15.0,6.872727036525741e-07
-55.0,-15.0,7.305242325241416e-07
-52.5,-15.0,8.674186170929935e-07
-50.0,-15.0,1.3058457961181238e-06
-47.5,-15.0,1.594671984045053e-06
-45.0,-15.0,1.2149984551760745e-06
-42.5,-15.0,3.1102719728134516e-06
-40.0,-15.0,7.983622257044861e-06
-37.5,-15.0,9.565012159563493e-06
-35.0,-15.0,2.0059006353413993e-05
-32.5,-15.0,6.9946589800159e-05
-30.0,-15.0,0.00019251663110184607
-27.5,-15.0,0.00023525809177833877
-25.0,-15.0,0.0001851369119127201
-22.5,-15.0,0.00014040322839260189
-20.0,-15.0,0.00010036205486918253
-17.5,-15.0,7.591640270760414e-05
-15.0,-15.0,2.615326744482506e-05
-12.5,-15.0,7.468512451517204e-06
-10.0,-15.0,6.559736866360892e-06
-7.5,-15.0,3.887045494359446e-06
-5.0,-15.0,1.3048266101757879e-06
-2.5,-15.0,8.855777639776588e-07
0.0,-15.0,8.18248621882758e-07
2.5,-15.0,8.18087944407821e-07
5.0,-15.0,7.836445175288442e-07
7.5,-15.0,7.219747083365832e-07
10.0,-15.0,6.930064301295748e-07
12.5,-15.0,6.975782344398006e-07
15.0,-15.0,6.418623027675694e-07
17.5,-15.0,4.8374053845889e-07
20.0,-15.0,4.154180956549812e-07
22.5,-15.0,5.026808304949736e-07
25.0,-15.0,6.548418860461235e-07
27.5,-15.0,6.629857144315835e-07
30.0,-15.0,6.420590692670378e-07
32.5,-15.0,6.797182875731979e-07
35.0,-15.0,7.627604608798256e-07
37.5,-15.0,8.38436833957691e-07
40.0,-15.0,8.772436399244947e-07
42.5,-15.0,9.05926077216082e-07
45.0,-15.0,9.364105595105381e-07
47.5,-15.0,9.508128475679735e-07
50.0,-15.0,9.059249014272923e-07
52.5,-15.0,7.251578441573927e-07
55.0,-15.0,5.678324097032843e-07
57.5,-15.0,5.275495705198372e-07
60.0,-15.0,5.935381158885277e-07
62.5,-15.0,6.931219682100602e-07
65.0,-15.0,7.241455232618622e-07
67.5,-15.0,7.294925832753474e-07
70.0,-15.0,7.704072500236238e-07
72.5,-15.0,8.3826777379261e-07
75.0,-15.0,8.892499018525568e-07
77.5,-15.0,8.978810019922463e-07
80.0,-15.0,8.872620049087754e-07
82.5,-15.0,8.622603184648564e-07
85.0,-15.0,7.441939079877477e-07
87.5,-15.0,5.905738239760673e-07
90.0,-15.0,5.20733091337943e-07
92.5,-15.0,5.442757954516219e-07
95.0,-15.0,5.98026810812166e-07
97.5,-15.0,6.123683466376225e-07
100.0,-15.0,6.31139222262792e-07
102.5,-15.0,7.217206617139195e-07
105.0,-15.0,9.500316622683263e-07
107.5,-15.0,1.4562135423889462e-06
110.0,-15.0,2.591739024290423e-06
112.5,-15.0,5.263475604936991e-06
115.0,-15.0,1.0519217832970219e-05
117.5,-15.0,1.4610358373965534e-05
120.0,-15.0,1.5741801758990562e-05
122.5,-15.0,1.5913833088082428e-05
125.0,-15.0,1.593072799794457e-05
127.5,-15.0,1.593073115637108e-05
130.0,-15.0,1.5930083513320027e-05
132.5,-15.0,1.5929811429269286e-05
135.0,-15.0,1.5929721320537256e-05
137.5,-15.0,1.5929693735614415e-05
140.0,-15.0,1.59296856051243e-05
142.5,-15.0,1.5929683265618183e-05
145.0,-15.0,1.5929682605074406e-05
147.5,-15.0,1.5929682421373387e-05
150.0,-15.0,1.5929682370965637e-05
152.5,-15.0,1.5929682357296473e-05
155.0,-15.0,1.5929682353627794e-05
-142.5,-12.5,1.5929682352387656e-05
-140.0,-12.5,1.5929682352387656e-05
-137.5,-12.5,1.5929682352387656e-05
-135.0,-12.5,1.5929682352387656e-05
-132.5,-12.5,1.5929682352387656e-05
-130.0,-12.5,1.5929682352387656e-05
-127.5,-12.5,1.5929682352387656e-05
-125.0,-12.5,1.5929682352387656e-05
-122.5,-12.5,1.5929682352387656e-05
-120.0,-12.5,1.592968235248302e-05
-117.5,-12.5,1.592968235680756e-05
-115.0,-12.5,1.5929682375218647e-05
-112.5,-12.5,1.5929682455413137e-05
-110.0,-12.5,1.5929682796255912e-05
-107.5,-12.5,1.5929684454139988e-05
-105.0,-12.5,1.592969173019256e-05
-102.5,-12.5,1.5929722059119523e-05
-100.0,-12.5,1.592985274653719e-05
-97.5,-12.5,1.5930411278873644e-05
-95.0,-12.5,1.5932609718885324e-05
-92.5,-12.5,1.5936574665069377e-05
-90.0,-12.5,1.5827347283221816e-05
-87.5,-12.5,1.3379108752517456e-05
-85.0,-12.5,4.367910936890106e-06
-82.5,-12.5,1.0062614506018164e-06
-80.0,-12.5,3.4709138444499385e-07
-77.5,-12.5,2.8534911126556945e-07
-75.0,-12.5,5.446355108338631e-07
-72.5,-12.5,6.665156854133146e-07
-70.0,-12.5,5.223485625459866e-07
-67.5,-12.5,4.914001306017684e-07
-65.0,-12.5,5.536825106275305e-07
-62.5,-12.5,6.62180690383359e-07
-60.0,-12.5,7.23789578994662e-07
-57.5,-12.5,7.415621082822041e-07
-55.0,-12.5,8.041661765617099e-07
-52.5,-12.5,1.0320032263578488e-06
-50.0,-12.5,1.595984047137328e-06
-47.5,-12.5,1.547633692720531e-06
-45.0,-12.5,1.3572214539210434e-06
-42.5,-12.5,2.8955881870507956e-06
-40.0,-12.5,1.0046684363381479e-05
-37.5,-12.5,1.5520439209852082e-05
-35.0,-12.5,2.9300176905525433e-05
-32.5,-12.5,8.451783775837652e-05
-30.0,-12.5,0.00020264619331255922
-27.5,-12.5,0.0002612942098857384
-25.0,-12.5,0.00021769982704024718
-22.5,-12.5,0.00017076882190263725
-20.0,-12.5,0.00015501640537641476
-17.5,-12.5,0.00012103061039923422
-15.0,-12.5,2.9958566024848953e-05
-12.5,-12.5,9.476479174417986e-06
-10.0,-12.5,7.3655010045801836e-06
-7.5,-12.5,5.1225255941097805e-06
-5.0,-12.5,1.816042878875828e-06
-2.5,-12.5,1.0323139121610389e-06
0.0,-12.5,8.86030598714317e-07
2.5,-12.5,8.570363320642798e-07
5.0,-12.5,8.203374382286161e-07
7.5,-12.5,7.648256574381915e-07
10.0,-12.5,7.306252076999083e-07
12.5,-12.5,7.141410099701431e-07
15.0,-12.5,6.308839916998767e-07
17.5,-12.5,4.986526132874125e-07
20.0,-12.5,4.480552328566297e-07
22.5,-12.5,5.136849440483087e-07
25.0,-12.5,6.436816189469225e-07
27.5,-12.5,6.894500798360496e-07
30.0,-12.5,6.852664959906841e-07
32.5,-12.5,7.192606484101055e-07
35.0,-12.5,7.924451665024399e-07
37.5,-12.5,8.660457262243416e-07
40.0,-12.5,9.111609068500575e-07
42.5,-12.5,9.216429588784373e-07
45.0,-12.5,8.150748346412039e-07
47.5,-12.5,7.232135735156151e-07
50.0,-12.5,8.154892340090349e-07
52.5,-12.5,7.300547257678231e-07
55.0,-12.5,6.004086656041995e-07
57.5,-12.5,5.635780974780899e-07
60.0,-12.5,6.141015709979861e-07
62.5,-12.5,7.00982888910103e-07
65.0,-12.5,7.482298656291012e-07
67.5,-12.5,7.662639988348067e-07
70.0,-12.5,8.04946922052333e-07
72.5,-12.5,8.650269302000958e-07
75.0,-12.5,9.030939024789115e-07
77.5,-12.5,8.442105607727647e-07
80.0,-12.5,7.700008519004242e-07
82.5,-12.5,8.100138358543117e-07
85.0,-12.5,7.360627591334399e-07
87.5,-12.5,6.056083200163367e-07
90.0,-12.5,5.447335800666817e-07
92.5,-12.5,5.596809493891005e-07
95.0,-12.5,6.072512663829871e-07
97.5,-12.5,6.3640326716051e-07
100.0,-12.5,6.676241137634684e-07
102.5,-12.5,7.597022060955201e-07
105.0,-12.5,9.762758493845187e-07
107.5,-12.5,1.4367416065748509e-06
110.0,-12.5,2.4228377656831846e-06
112.5,-12.5,4.633058976364929e-06
115.0,-12.5,9.219958214172889e-06
117.5,-12.5,1.3862158180861325e-05
120.0,-12.5,1.556689008654241e-05
122.5,-12.5,1.5888312557736624e-05
125.0,-12.5,1.5928663567526916e-05
127.5,-12.5,1.593102634466232e-05
130.0,-12.5,1.5930311524359967e-05
132.5,-12.5,1.5929901426427672e-05
135.0,-12.5,1.592975181008856e-05
137.5,-12.5,1.592970343111869e-05
140.0,-12.5,1.5929688578520296e-05
142.5,-12.5,1.5929684154340445e-05
145.0,-12.5,1.592968286504289e-05
147.5,-12.5,1.5929682496110614e-05
150.0,-12.5,1.5929682392107308e-05
152.5,-12.5,1.5929682363194997e-05
155.0,-12.5,1.5929682355253443e-05
-142.5,-10.0,1.5929682352387656e-05
-140.0,-10.0,1.5929682352387656e-05
-137.5,-10.0,1.5929682352387656e-05
-135.0,-10.0,1.5929682352387656e-05
-132.5,-10.0,1.5929682352387656e-05
-130.0,-10.0,1.5929682352387656e-05
-127.5,-10.0,1.5929682352387656e-05
-125.0,-10.0,1.5929682352387656e-05
-122.5,-10.0,1.5929682352387656e-05
-120.0,-10.0,1.5929682355408453e-05
-117.5,-10.0,1.5929682369081635e-05
-115.0,-10.0,1.5929682427462748e-05
-112.5,-10.0,1.592968267685439e-05
-110.0,-10.0,1.5929684411848602e-05
-107.5,-10.0,1.5929690115425566e-05
-105.0,-10.0,1.59297147833982e-05
-102.5,-10.0,1.5929819851817257e-05
-100.0,-10.0,1.59302607974278e-05
-97.5,-10.0,1.5931997524081806e-05
-95.0,-10.0,1.593676549255175e-05
-92.5,-10.0,1.59091930362772e-05
-90.0,-10.0,1.5045246176032281e-05
-87.5,-10.0,8.38380751600306e-06
-85.0,-10.0,2.246463761547866e-06
-82.5,-10.0,7.099583262496279e-07
-80.0,-10.0,3.503881341868552e-07
-77.5,-10.0,3.10531557395133e-07
-75.0,-10.0,4.655998963894148e-07
-72.5,-10.0,6.504768480169101e-07
-70.0,-10.0,5.801053706243277e-07
-67.5,-10.0,5.488909010021435e-07
-65.0,-10.0,5.986146110020277e-07
-62.5,-10.0,6.915139931503293e-07
-60.0,-10.0,7.612885570446176e-07
-57.5,-10.0,8.039677464890184e-07
-55.0,-10.0,9.070627890720291e-07
-52.5,-10.0,1.2340521684855194e-06
-50.0,-10.0,1.755607787252964e-06
-47.5,-10.0,1.7016354496599684e-06
-45.0,-10.0,1.7351142057793672e-06
-42.5,-10.0,3.353360563422258e-06
-40.0,-10.0,1.1062454719117776e-05
-37.5,-10.0,2.3337166666660806e-05
-35.0,-10.0,4.224376168581195e-05
-32.5,-10.0,0.00010113206879814275
-30.0,-10.0,0.00021480833823159687
-27.5,-10.0,0.00028883505280826355
-25.0,-10.0,0.0002766134845700814
-22.5,-10.0,0.00026148074316001006
-20.0,-10.0,0.00026317250830464647
-17.5,-10.0,0.00015689239418679697
-15.0,-10.0,3.675260537433407e-05
-12.5,-10.0,1.251518796775984e-05
-10.0,-10.0,8.587085650490053e-06
-7.5,-10.0,5.851002984065088e-06
-5.0,-10.0,2.393084318085918e-06
-2.5,-10.0,1.228599321932812e-06
0.0,-10.0,9.687701525794757e-07
2.5,-10.0,9.018553760407226e-07
5.0,-10.0,8.546151150491452e-07
7.5,-10.0,7.591096810297096e-07
10.0,-10.0,6.382043301883232e-07
12.5,-10.0,6.853331012065751e-07
15.0,-10.0,6.348972932760365e-07
17.5,-10.0,5.270212323005837e-07
20.0,-10.0,4.874503566923214e-07
22.5,-10.0,5.396148421734768e-07
25.0,-10.0,6.482880944676263e-07
27.5,-10.0,7.116791229888329e-07
30.0,-10.0,7.248609987244461e-07
32.5,-10.0,7.580701229761456e-07
35.0,-10.0,8.238381041668748e-07
37.5,-10.0,8.943395265079557e-07
40.0,-10.0,9.355267811983846e-07
42.5,-10.0,8.718216550949491e-07
45.0,-10.0,6.4501084538999e-07
47.5,-10.0,5.48633741711908e-07
50.0,-10.0,6.728555023577879e-07
52.5,-10.0,7.236203228197769e-07
55.0,-10.0,6.35609913807643e-07
57.5,-10.0,6.018467568896082e-07
60.0,-10.0,6.410000700097049e-07
62.5,-10.0,7.16265176965095e-07
65.0,-10.0,7.712203846342534e-07
67.5,-10.0,8.003280176004855e-07
70.0,-10.0,8.387705028697264e-07
72.5,-10.0,8.881498963322138e-07
75.0,-10.0,8.7150883185332e-07
77.5,-10.0,6.991393689478972e-07
80.0,-10.0,5.998005553819783e-07
82.5,-10.0,6.871044811338459e-07
85.0,-10.0,7.204704816149985e-07
87.5,-10.0,6.273404241987363e-07
90.0,-10.0,5.732825881258296e-07
92.5,-10.0,5.817051916455974e-07
95.0,-10.0,6.227383080813194e-07
97.5,-10.0,6.599561731161617e-07
100.0,-10.0,7.023148454233378e-07
102.5,-10.0,7.975580865284898e-07
105.0,-10.0,1.0059767615128334e-06
107.5,-10.0,1.4323182750116642e-06
110.0,-10.0,2.3093185693075763e-06
112.5,-10.0,4.190251893710082e-06
115.0,-10.0,8.140135788451563e-06
117.5,-10.0,1.2997915838662762e-05
120.0,-10.0,1.5306383022524784e-05
122.5,-10.0,1.584161157076245e-05
125.0,-10.0,1.5923224269136902e-05
127.5,-10.0,1.5931029353350727e-05
130.0,-10.0,1.5930591449052916e-05
132.5,-10.0,1.5930033074305025e-05
135.0,-10.0,1.5929799960067324e-05
137.5,-10.0,1.592971953582132e-05
140.0,-10.0,1.5929693721698832e-05
142.5,-10.0,1.5929685747066627e-05
145.0,-10.0,1.5929683346345336e-05
147.5,-10.0,1.592968263866107e-05
150.0,-10.0,1.5929682433591776e-05
152.5,-10.0,1.5929682375079482e-05
155.0,-10.0,1.5929682358616123e-05
-142.5,-7.5,1.5929682352387656e-05
-140.0,-7.5,1.5929682352387656e-05
-137.5,-7.5,1.5929682352387656e-05
-135.0,-7.5,1.5929682352387656e-05
-132.5,-7.5,1.5929682352387656e-05
-130.0,-7.5,1.5929682352387656e-05
-127.5,-7.5,1.5929682352387656e-05
-125.0,-7.5,1.5929682352387656e-05
-122.5,-7.5,1.592968235429554e-05
-120.0,-7.5,1.5929682363866762e-05
-117.5,-7.5,1.59296824052677e-05
-115.0,-7.5,1.592968257932992e-05
-112.5,-7.5,1.5929684159690465e-05
-110.0,-7.5,1.5929688880517903e-05
-107.5,-7.5,1.5929709612458752e-05
-105.0,-7.5,1.5929798821638282e-05
-102.5,-7.5,1.5930179536220927e-05
-100.0,-7.5,1.5931735515642837e-05
-97.5,-7.5,1.5936876049866548e-05
-95.0,-7.5,1.5933565734875435e-05
-92.5,-7.5,1.55961310291627e-05
-90.0,-7.5,1.2357877848482923e-05
-87.5,-7.5,4.9919788808787e-06
-85.0,-7.5,1.601602546465755e-06
-82.5,-7.5,6.573373971148302e-07
-80.0,-7.5,3.9582632096335663e-07
-77.5,-7.5,3.6163468361235546e-07
-75.0,-7.5,4.7274625487727066e-07
-72.5,-7.5,6.372766464717111e-07
-70.0,-7.5,6.300402400897881e-07
-67.5,-7.5,6.047035723949943e-07
-65.0,-7.5,6.447953122488375e-07
-62.5,-7.5,7.285291814132275e-07
-60.0,-7.5,8.197013074525067e-07
-57.5,-7.5,9.461213425055739e-07
-55.0,-7.5,1.1737112714066675e-06
-52.5,-7.5,1.5517707223863997e-06
-50.0,-7.5,1.9339724044767786e-06
-47.5,-7.5,1.9461602490200474e-06
-45.0,-7.5,2.198859373353572e-06
-42.5,-7.5,4.083584058736336e-06
-40.0,-7.5,1.2300227044041261e-05
-37.5,-7.5,3.121218729999024e-05
-35.0,-7.5,5.885491133083961e-05
-32.5,-7.5,0.00012144601625040917
-30.0,-7.5,0.00023754616275159003
-27.5,-7.5,0.00037737652658846095
-25.0,-7.5,0.0006585971946780442
-22.5,-7.5,0.000990812939168729
-20.0,-7.5,0.0009373193085655543
-17.5,-7.5,0.0002635433788604731
-15.0,-7.5,4.8422886150953043e-05
-12.5,-7.5,1.626807628979706e-05
-10.0,-7.5,9.97127431236317e-06
-7.5,-7.5,6.423396676860021e-06
-5.0,-7.5,2.9302011781293705e-06
-2.5,-7.5,1.4629248223267648e-06
0.0,-7.5,1.0688693411763064e-06
2.5,-7.5,9.52118859755528e-07
5.0,-7.5,8.545112561099908e-07
7.5,-7.5,5.917901582603708e-07
10.0,-7.5,4.152254626100343e-07
12.5,-7.5,5.277205401565151e-07
15.0,-7.5,6.283661904431365e-07
17.5,-7.5,5.594408721670324e-07
20.0,-7.5,5.278573069930377e-07
22.5,-7.5,5.707908107213638e-07
25.0,-7.5,6.628022625502991e-07
27.5,-7.5,7.327787413421249e-07
30.0,-7.5,7.608012083680777e-07
32.5,-7.5,7.956863275021468e-07
35.0,-7.5,8.560977311985286e-07
37.5,-7.5,9.217660861828421e-07
40.0,-7.5,9.426184124901254e-07
42.5,-7.5,8.091802479045132e-07
45.0,-7.5,5.904907732676886e-07
47.5,-7.5,5.173170052563838e-07
50.0,-7.5,6.098859965886519e-07
52.5,-7.5,7.057656419779303e-07
55.0,-7.5,6.681450927141226e-07
57.5,-7.5,6.402380633132034e-07
60.0,-7.5,6.709645623222525e-07
62.5,-7.5,7.364638844218464e-07
65.0,-7.5,7.94340192537294e-07
67.5,-7.5,8.320324051528809e-07
70.0,-7.5,8.705288605099225e-07
72.5,-7.5,8.996206674403634e-07
75.0,-7.5,8.147596228117907e-07
77.5,-7.5,6.234130068672332e-07
80.0,-7.5,5.430613226152136e-07
82.5,-7.5,6.14988933656422e-07
85.0,-7.5,6.949084058206037e-07
87.5,-7.5,6.491481810993529e-07
90.0,-7.5,6.033323941078347e-07
92.5,-7.5,6.070060504746379e-07
95.0,-7.5,6.424223447087954e-07
97.5,-7.5,6.83889779352754e-07
100.0,-7.5,7.353663619571035e-07
102.5,-7.5,8.347323854894134e-07
105.0,-7.5,1.0377044978642473e-06
107.5,-7.5,1.43796753197524e-06
110.0,-7.5,2.23260548083544e-06
112.5,-7.5,3.871326092559029e-06
115.0,-7.5,7.278254031198931e-06
117.5,-7.5,1.2088366427853124e-05
120.0,-7.5,1.495555301924928e-05
122.5,-7.5,1.5765587029524527e-05
125.0,-7.5,1.5912028050712326e-05
127.5,-7.5,1.5930296824436166e-05
130.0,-7.5,1.593087451544381e-05
132.5,-7.5,1.5930211649235272e-05
135.0,-7.5,1.5929871905375508e-05
137.5,-7.5,1.5929745003964152e-05
140.0,-7.5,1.5929702212212026e-05
142.5,-7.5,1.5929688474803144e-05
145.0,-7.5,1.592968419909218e-05
147.5,-7.5,1.59296828989952e-05
150.0,-7.5,1.592968251156044e-05
152.5,-7.5,1.5929682398025754e-05
155.0,-7.5,1.592968236526587e-05
-142.5,-5.0,1.5929682352387656e-05
-140.0,-5.0,1.5929682352387656e-05
-137.5,-5.0,1.5929682352387656e-05
-135.0,-5.0,1.5929682352387656e-05
-132.5,-5.0,1.5929682352387656e-05
-130.0,-5.0,1.5929682352387656e-05
-127.5,-5.0,1.5929682352387656e-05
-125.0,-5.0,1.5929682353405153e-05
-122.5,-5.0,1.592968236001919e-05
-120.0,-5.0,1.5929682388128608e-05
-117.5,-5.0,1.592968250479547e-05
-115.0,-5.0,1.592968390037777e-05
-112.5,-5.0,1.5929687854459636e-05
-110.0,-5.0,1.5929705114241222e-05
-107.5,-5.0,1.5929780605801945e-05
-105.0,-5.0,1.5930109184593155e-05
-102.5,-5.0,1.5931497957152248e-05
-100.0,-5.0,1.593613744637967e-05
-97.5,-5.0,1.5921957604553483e-05
-95.0,-5.0,1.5179572021572033e-05
-92.5,-5.0,8.450213354844253e-06
-90.0,-5.0,2.5880755516130204e-06
-87.5,-5.0,1.7642969724970457e-06
-85.0,-5.0,1.3118825340417463e-06
-82.5,-5.0,6.692840695548711e-07
-80.0,-5.0,4.5160488673008764e-07
-77.5,-5.0,4.183130675174316e-07
-75.0,-5.0,5.03882746396464e-07
-72.5,-5.0,6.409251916754577e-07
-70.0,-5.0,6.714515290046075e-07
-67.5,-5.0,6.58347293269053e-07
-65.0,-5.0,6.939488383392242e-07
-62.5,-5.0,7.852794179163507e-07
-60.0,-5.0,9.675760494921563e-07
-57.5,-5.0,1.1480300773510712e-06
-55.0,-5.0,1.109193558090381e-06
-52.5,-5.0,2.026479826866479e-06
-50.0,-5.0,2.3353765820168366e-06
-47.5,-5.0,2.2785682276674066e-06
-45.0,-5.0,2.728894441666198e-06
-42.5,-5.0,4.9834615960292276e-06
-40.0,-5.0,1.39652690153536e-05
-37.5,-5.0,3.851947007396924e-05
-35.0,-5.0,7.802189111070784e-05
-32.5,-5.0,0.00014887829570165193
-30.0,-5.0,0.0002979529089406547
-27.5,-5.0,0.0007144089829268824
-25.0,-5.0,0.0011069339058125446
-22.5,-5.0,0.00025971735256229866
-20.0,-5.0,0.000565390213692852
-17.5,-5.0,0.0006000016373404279
-15.0,-5.0,7.544510314774937e-05
-12.5,-5.0,2.1188924461829805e-05
-10.0,-5.0,1.15033257048768e-05
-7.5,-5.0,6.969882692694122e-06
-5.0,-5.0,3.40378207826014e-06
-2.5,-5.0,1.717717365229939e-06
0.0,-5.0,1.1844996260669166e-06
2.5,-5.0,9.998611218611257e-07
5.0,-5.0,8.072955258711221e-07
7.5,-5.0,5.11960434490929e-07
10.0,-5.0,3.8686933056692733e-07
12.5,-5.0,4.6228379138626605e-07
15.0,-5.0,6.01280659533468e-07
17.5,-5.0,5.896900759043175e-07
20.0,-5.0,5.673287846297295e-07
22.5,-5.0,6.036812048867167e-07
25.0,-5.0,6.830492920551885e-07
27.5,-5.0,7.543336602531393e-07
30.0,-5.0,7.936860300982075e-07
32.5,-5.0,8.318382547004994e-07
35.0,-5.0,8.879098702549442e-07
37.5,-5.0,9.441973005320246e-07
40.0,-5.0,9.375848524841695e-07
42.5,-5.0,7.778423931771733e-07
45.0,-5.0,5.92767456830538e-07
47.5,-5.0,5.335530370594986e-07
50.0,-5.0,6.004198798051191e-07
52.5,-5.0,6.949394691695207e-07
55.0,-5.0,6.955432324482142e-07
57.5,-5.0,6.7740906677297e-07
60.0,-5.0,7.023647672419365e-07
62.5,-5.0,7.598714917338585e-07
65.0,-5.0,8.18018490377873e-07
67.5,-5.0,8.610081568651146e-07
70.0,-5.0,8.968984470522251e-07
72.5,-5.0,8.993777120671087e-07
75.0,-5.0,7.765502065414318e-07
77.5,-5.0,6.063471803138366e-07
80.0,-5.0,5.415089006471681e-07
82.5,-5.0,5.945324272939194e-07
85.0,-5.0,6.765879248614625e-07
87.5,-5.0,6.678321804026429e-07
90.0,-5.0,6.331753371559219e-07
92.5,-5.0,6.339406352764569e-07
95.0,-5.0,6.648719604851321e-07
97.5,-5.0,7.085312971140314e-07
100.0,-5.0,7.671384661952142e-07
102.5,-5.0,8.709428335734262e-07
105.0,-5.0,1.0704967181076739e-06
107.5,-5.0,1.4505121303860409e-06
110.0,-5.0,2.1812820055584226e-06
112.5,-5.0,3.6366307452611975e-06
115.0,-5.0,6.601635687395975e-06
117.5,-5.0,1.1196503094120389e-05
120.0,-5.0,1.4521159509183674e-05
122.5,-5.0,1.565290609234122e-05
125.0,-5.0,1.5892095141097294e-05
127.5,-5.0,1.592814093057887e-05
130.0,-5.0,1.5931054827664914e-05
132.5,-5.0,1.593043352495382e-05
135.0,-5.0,1.5929973591925676e-05
137.5,-5.0,1.592978342869085e-05
140.0,-5.0,1.5929715624863017e-05
142.5,-5.0,1.5929692951288316e-05
145.0,-5.0,1.592968564653724e-05
147.5,-5.0,1.5929683355105686e-05
150.0,-5.0,1.592968265221495e-05
152.5,-5.0,1.5929682440575428e-05
155.0,-5.0,1.592968237790554e-05
-142.5,-2.5,1.5929682352387656e-05
-140.0,-2.5,1.5929682352387656e-05
-137.5,-2.5,1.5929682352387656e-05
-135.0,-2.5,1.5929682352387656e-05
-132.5,-2.5,1.5929682352387656e-05
-130.0,-2.5,1.5929682352387656e-05
-127.5,-2.5,1.59296823527056e-05
-125.0,-2.5,1.5929682357157366e-05
-122.5,-2.5,1.5929682375695618e-05
-120.0,-2.5,1.5929682451374844e-05
-117.5,-2.5,1.5929683671559353e-05
-115.0,-2.5,1.5929686875812344e-05
-112.5,-2.5,1.5929700867261792e-05
-110.0,-2.5,1.5929761576148742e-05
-107.5,-2.5,1.5930025610050062e-05
-105.0,-2.5,1.5931143465701816e-05
-102.5,-2.5,1.593493952567542e-05
-100.0,-2.5,1.5923643636245758e-05
-97.5,-2.5,1.526891865017969e-05
-95.0,-2.5,8.340212373343844e-06
-92.5,-2.5,1.82905853115736e-06
-90.0,-2.5,5.192852601071466e-07
-87.5,-2.5,4.1068703233496364e-07
-85.0,-2.5,8.218966044008088e-07
-82.5,-2.5,6.980955311804307e-07
-80.0,-2.5,5.106746914858706e-07
-77.5,-2.5,4.759593371450711e-07
-75.0,-2.5,5.433799985182247e-07
-72.5,-2.5,6.575929714611356e-07
-70.0,-2.5,7.076355052144454e-07
-67.5,-2.5,7.104671742997291e-07
-65.0,-2.5,7.513681771997871e-07
-62.5,-2.5,8.802392868870388e-07
-60.0,-2.5,1.121988634988883e-06
-57.5,-2.5,9.171962078844244e-07
-55.0,-2.5,7.570080561125479e-07
-52.5,-2.5,1.605388123394783e-06
-50.0,-2.5,2.877418945460882e-06
-47.5,-2.5,2.771911932985578e-06
-45.0,-2.5,3.3517529906141948e-06
-42.5,-2.5,6.038492196474535e-06
-40.0,-2.5,1.6040074363106343e-05
-37.5,-2.5,4.5546582846373596e-05
-35.0,-2.5,9.925753947794551e-05
-32.5,-2.5,0.0001912026875594575
-30.0,-2.5,0.00043894662556331844
-27.5,-2.5,0.001175319974999286
-25.0,-2.5,0.0006885230875627046
-22.5,-2.5,0.00014522448529806243
-20.0,-2.5,0.00026940032081887113
-17.5,-2.5,0.0006947991746755767
-15.0,-2.5,0.00013355582306082446
-12.5,-2.5,2.870273375062191e-05
-10.0,-2.5,1.3324370984466308e-05
-7.5,-2.5,7.550566959002113e-06
-5.0,-2.5,3.8294191915563905e-06
-2.5,-2.5,1.9787846521776514e-06
0.0,-2.5,1.3098887371782516e-06
2.5,-2.5,1.037810445866248e-06
5.0,-2.5,7.729182483647355e-07
7.5,-2.5,5.123942258259156e-07
10.0,-2.5,4.1502367471799204e-07
12.5,-2.5,4.652104629731967e-07
15.0,-2.5,5.847099074415986e-07
17.5,-2.5,6.140329452157379e-07
20.0,-2.5,6.04766438052126e-07
22.5,-2.5,6.368442153726846e-07
25.0,-2.5,7.06595153216395e-07
27.5,-2.5,7.768483021613936e-07
30.0,-2.5,8.242515409633372e-07
32.5,-2.5,8.635743704249205e-07
35.0,-2.5,8.812485499765539e-07
37.5,-2.5,8.535840831730201e-07
40.0,-2.5,8.875939312996506e-07
42.5,-2.5,7.704732558646232e-07
45.0,-2.5,6.165913614257763e-07
47.5,-2.5,5.65228496711636e-07
50.0,-2.5,6.140974810673758e-07
52.5,-2.5,6.962599663819878e-07
55.0,-2.5,7.189922872205385e-07
57.5,-2.5,7.124741344366908e-07
60.0,-2.5,7.342465837461487e-07
62.5,-2.5,7.851943831695546e-07
65.0,-2.5,8.385638229200138e-07
67.5,-2.5,8.539430551957512e-07
70.0,-2.5,8.515471974639267e-07
72.5,-2.5,8.742848312053691e-07
75.0,-2.5,7.608007490343522e-07
77.5,-2.5,6.157009018497124e-07
80.0,-2.5,5.604919141299477e-07
82.5,-2.5,5.992028228324226e-07
85.0,-2.5,6.711059773233623e-07
87.5,-2.5,6.840100062557389e-07
90.0,-2.5,6.617694371499813e-07
92.5,-2.5,6.615807120519303e-07
95.0,-2.5,6.891468538184782e-07
97.5,-2.5,7.339243974991917e-07
100.0,-2.5,7.980002425661843e-07
102.5,-2.5,9.061134584299056e-07
105.0,-2.5,1.1037091517048512e-06
107.5,-2.5,1.4678280798924515e-06
110.0,-2.5,2.147996136380499e-06
112.5,-2.5,3.460969396312038e-06
115.0,-2.5,6.071761223464652e-06
117.5,-2.5,1.0365958144228412e-05
120.0,-2.5,1.4019526675739055e-05
122.5,-2.5,1.5498343295513845e-05
125.0,-2.5,1.5860089521245052e-05
127.5,-2.5,1.592361008384119e-05
130.0,-2.5,1.5930948245206434e-05
132.5,-2.5,1.593067940857479e-05
135.0,-2.5,1.5930109324147488e-05
137.5,-2.5,1.5929838823171015e-05
140.0,-2.5,1.592973594958788e-05
142.5,-2.5,1.5929700008400752e-05
145.0,-2.5,1.592968800903379e-05
147.5,-2.5,1.5929684124180015e-05
150.0,-2.5,1.5929682896351998e-05
152.5,-2.5,1.592968251653683e-05
155.0,-2.5,1.592968240109426e-05
-142.5,0.0,1.5929682352387656e-05
-140.0,0.0,1.5929682352387656e-05
-137.5,0.0,1.5929682352387656e-05
-135.0,0.0,1.5929682352387656e-05
-132.5,0.0,1.5929682352387656e-05
-130.0,0.0,1.5929682352387656e-05
-127.5,0.0,1.592968235505865e-05
-125.0,0.0,1.592968236691931e-05
-122.5,0.0,1.5929682414807117e-05
-120.0,0.0,1.592968350175805e-05
-117.5,0.0,1.59296861188608e-05
-115.0,0.0,1.5929697389828136e-05
-112.5,0.0,1.5929745715563294e-05
-110.0,0.0,1.5929951236063025e-05
-107.5,0.0,1.5930801996547723e-05
-105.0,0.0,1.5933809835244208e-05
-102.5,0.0,1.593305622133484e-05
-100.0,0.0,1.565926751096616e-05
-97.5,0.0,1.1617702365941274e-05
-95.0,0.0,3.321416156101478e-06
-92.5,0.0,8.834832450122779e-07
-90.0,0.0,3.672832433465824e-07
-87.5,0.0,3.2019310469936815e-07
-85.0,0.0,5.493795171568486e-07
-82.5,0.0,7.00227817391494e-07
-80.0,0.0,5.697465454291676e-07
-77.5,0.0,5.331384938931445e-07
-75.0,0.0,5.862819731286953e-07
-72.5,0.0,6.828503731474529e-07
-70.0,0.0,7.4349760177152e-07
-67.5,0.0,7.666319181532433e-07
-65.0,0.0,8.28493433513766e-07
-62.5,0.0,1.0043247528706532e-06
-60.0,0.0,1.1586745151831836e-06
-57.5,0.0,8.974794166273267e-07
-55.0,0.0,8.216553354917319e-07
-52.5,0.0,1.4762650307042934e-06
-50.0,0.0,3.0822100957210743e-06
-47.5,0.0,3.437578231586276e-06
-45.0,0.0,4.125217890427581e-06
-42.5,0.0,7.282295918718457e-06
-40.0,0.0,1.855180849493565e-05
-37.5,0.0,5.320348491521415e-05
-35.0,0.0,0.0001268683401979034
-32.5,0.0,0.00027291893231194995
-30.0,0.0,0.0007018603528977825
-27.5,0.0,0.0013780663365164396
-25.0,0.0,0.0006090593481590384
-22.5,0.0,0.00020189975144359738
-20.0,0.0,0.000289423941302931
-17.5,0.0,0.0006297187200678975
-15.0,0.0,0.0002107875511920384
-12.5,0.0,4.053121733780531e-05
-10.0,0.0,1.568169204497011e-05
-7.5,0.0,8.217397029937394e-06
-5.0,0.0,4.2262246908435574e-06
-2.5,0.0,2.2027528470348224e-06
0.0,0.0,1.3795884014782762e-06
2.5,0.0,1.0585831347953668e-06
5.0,0.0,7.685267600819282e-07
7.5,0.0,5.407819115840505e-07
10.0,0.0,4.5663625573786666e-07
12.5,0.0,4.903487802595859e-07
15.0,0.0,5.859063069303004e-07
17.5,0.0,6.34073753459422e-07
20.0,0.0,6.393707514973397e-07
22.5,0.0,6.695732737964627e-07
25.0,0.0,7.320470665212637e-07
27.5,0.0,8.003014950892085e-07
30.0,0.0,8.516668019886978e-07
32.5,0.0,8.665582313262562e-07
35.0,0.0,7.363586876800823e-07
37.5,0.0,6.021731272744564e-07
40.0,0.0,7.113118625955308e-07
42.5,0.0,7.568969679964216e-07
45.0,0.0,6.481054726637335e-07
47.5,0.0,6.021946020869595e-07
50.0,0.0,6.379264779470575e-07
52.5,0.0,7.071160781465367e-07
55.0,0.0,7.40764165041435e-07
57.5,0.0,7.451484565876555e-07
60.0,0.0,7.658915378550315e-07
62.5,0.0,8.09547695985284e-07
65.0,0.0,8.289145552464122e-07
67.5,0.0,7.21344453313954e-07
70.0,0.0,6.530025244284663e-07
72.5,0.0,7.61140349079346e-07
75.0,0.0,7.499504632305991e-07
77.5,0.0,6.362895650889912e-07
80.0,0.0,5.875357429407307e-07
82.5,0.0,6.155209514015814e-07
85.0,0.0,6.758799028603106e-07
87.5,0.0,6.99528227322854e-07
90.0,0.0,6.88713536155176e-07
92.5,0.0,6.893343386072905e-07
95.0,0.0,7.14614982173639e-07
97.5,0.0,7.599921312959674e-07
100.0,0.0,8.282499914225298e-07
102.5,0.0,9.402964464225027e-07
105.0,0.0,1.1369288515985165e-06
107.5,0.0,1.4884512615876705e-06
110.0,0.0,2.1278217724975742e-06
112.5,0.0,3.327835710386116e-06
115.0,0.0,5.654743733820246e-06
117.5,0.0,9.619866889016645e-06
120.0,0.0,1.3472514426934377e-05
122.5,0.0,1.5299665936082672e-05
125.0,0.0,1.5812659082792043e-05
127.5,0.0,1.5915507188111343e-05
130.0,0.0,1.5930275009647977e-05
132.5,0.0,1.5930906432435863e-05
135.0,0.0,1.593027942485896e-05
137.5,0.0,1.5929915192867907e-05
140.0,0.0,1.5929765556521455e-05
142.5,0.0,1.5929710722334764e-05
145.0,0.0,1.5929691724818713e-05
147.5,0.0,1.5929685372764343e-05
150.0,0.0,1.5929683304968224e-05
152.5,0.0,1.5929682647254465e-05
155.0,0.0,1.5929682442089814e-05
-142.5,2.5,1.5929682352387656e-05
-140.0,2.5,1.5929682352387656e-05
-137.5,2.5,1.5929682352387656e-05
-135.0,2.5,1.5929682352387656e-05
-132.5,2.5,1.5929682352387656e-05
-130.0,2.5,1.592968235365954e-05
-127.5,2.5,1.5929682361132102e-05
-125.0,2.5,1.592968239064063e-05
-122.5,2.5,1.592968338617235e-05
-120.0,2.5,1.5929685533077973e-05
-117.5,2.5,1.592969495432145e-05
-115.0,2.5,1.5929735204843548e-05
-112.5,2.5,1.5929905696767956e-05
-110.0,2.5,1.5930609295237597e-05
-107.5,2.5,1.5933224963555266e-05
-105.0,2.5,1.5938239957488777e-05
-102.5,2.5,1.5863989557083357e-05
-100.0,2.5,1.438013106090803e-05
-97.5,2.5,6.882295091694456e-06
-95.0,2.5,1.963090678448984e-06
-92.5,2.5,7.030297909605549e-07
-90.0,2.5,3.851864257045105e-07
-87.5,2.5,3.5103686840542593e-07
-85.0,2.5,4.986528436932398e-07
-82.5,2.5,6.786550791850774e-07
-80.0,2.5,6.242227064104864e-07
-77.5,2.5,5.892608947680538e-07
-75.0,2.5,6.311511087238083e-07
-72.5,2.5,7.166130077842461e-07
-70.0,2.5,7.974486400915938e-07
-67.5,2.5,8.963694497736206e-07
-65.0,2.5,1.0858840861711844e-06
-62.5,2.5,1.259374230693461e-06
-60.0,2.5,1.225604966204265e-06
-57.5,2.5,9.886786378315478e-07
-55.0,2.5,9.794415681137418e-07
-52.5,2.5,1.5744782917431626e-06
-50.0,2.5,3.1476020342543527e-06
-47.5,2.5,4.144763155496256e-06
-45.0,2.5,5.09396248012179e-06
-42.5,2.5,8.793413523440932e-06
-40.0,2.5,2.1809394647135288e-05
-37.5,2.5,6.630855678463493e-05
-35.0,2.5,0.00021909275066922532
-32.5,2.5,0.0008206164413475717
-30.0,2.5,0.002020987716274726
-27.5,2.5,0.0018679381445209408
-25.0,2.5,0.0007231019498671242
-22.5,2.5,0.00032139061633223163
-20.0,2.5,0.0003850075886202851
-17.5,2.5,0.0006151741524261303
-15.0,2.5,0.00027858564149170587
-12.5,2.5,5.7150496515964526e-05
-10.0,2.5,1.8816994482640573e-05
-7.5,2.5,9.005880093846804e-06
-5.0,2.5,4.435025265283783e-06
-2.5,2.5,1.744908180247303e-06
0.0,2.5,7.983412563370881e-07
2.5,2.5,8.558387184068172e-07
5.0,2.5,7.736908673351876e-07
7.5,2.5,5.793948283486564e-07
10.0,2.5,5.015925469119086e-07
12.5,2.5,5.230130292309847e-07
15.0,2.5,5.989595776676466e-07
17.5,2.5,6.530333733341607e-07
20.0,2.5,6.709745664487967e-07
22.5,2.5,7.014426305094037e-07
25.0,2.5,7.58566223227882e-07
27.5,2.5,8.241815346469091e-07
30.0,2.5,8.710902314468389e-07
32.5,2.5,8.281829896213232e-07
35.0,2.5,6.312610967944243e-07
37.5,2.5,5.188435469296257e-07
40.0,2.5,6.042533376966453e-07
42.5,2.5,7.227860074938264e-07
45.0,2.5,6.787833031674002e-07
47.5,2.5,6.405064566334102e-07
50.0,2.5,6.664325016288693e-07
52.5,2.5,7.243038281984595e-07
55.0,2.5,7.624154283776357e-07
57.5,2.5,7.756354236048585e-07
60.0,2.5,7.963284934733171e-07
62.5,2.5,8.260608864040894e-07
65.0,2.5,7.811417101857404e-07
67.5,2.5,6.180772171135087e-07
70.0,2.5,5.536460296415143e-07
72.5,2.5,6.556960031055083e-07
75.0,2.5,7.273843127113948e-07
77.5,2.5,6.599319337334683e-07
80.0,2.5,6.176728164111929e-07
82.5,2.5,6.374736591111362e-07
85.0,2.5,6.875273522186138e-07
87.5,2.5,7.156396523039463e-07
90.0,2.5,7.141157661211315e-07
92.5,2.5,7.168231223136248e-07
95.0,2.5,7.408311487751207e-07
97.5,2.5,7.866157963198711e-07
100.0,2.5,8.581018290706422e-07
102.5,2.5,9.736067675880695e-07
105.0,2.5,1.1699108760403197e-06
107.5,2.5,1.5113561809857536e-06
110.0,2.5,2.1173493518205704e-06
112.5,2.5,3.2260759052124076e-06
115.0,2.5,5.3238257204389484e-06
117.5,2.5,8.965446298105668e-06
120.0,2.5,1.2903141408898117e-05
122.5,2.5,1.505792222974678e-05
125.0,2.5,1.5746805004940696e-05
127.5,2.5,1.5902446672927142e-05
130.0,2.5,1.592865001636184e-05
132.5,2.5,1.593104005181299e-05
135.0,2.5,1.593047769383004e-05
137.5,2.5,1.593001590282032e-05
140.0,2.5,1.5929807088260278e-05
142.5,2.5,1.5929726421418568e-05
145.0,2.5,1.592969736979149e-05
147.5,2.5,1.5929687332105852e-05
150.0,2.5,1.5929683966275136e-05
152.5,2.5,1.592968286474481e-05
155.0,2.5,1.5929682512124907e-05
-142.5,5.0,1.5929682352387656e-05
-140.0,5.0,1.5929682352387656e-05
-137.5,5.0,1.5929682352387656e-05
-135.0,5.0,1.5929682352387656e-05
-132.5,5.0,1.5929682352864627e-05
-130.0,5.0,1.5929682357348142e-05
-127.5,5.0,1.5929682375250397e-05
-125.0,5.0,1.5929683274911134e-05
-122.5,5.0,1.592968507130733e-05
-120.0,5.0,1.59296931461903e-05
-117.5,5.0,1.5929727874961878e-05
-115.0,5.0,1.5929877546461742e-05
-112.5,5.0,1.5930514632679098e-05
-110.0,5.0,1.5933011776846308e-05
-107.5,5.0,1.5938647338803078e-05
-105.0,5.0,1.5874643203804214e-05
-102.5,5.0,1.4658678052280414e-05
-100.0,5.0,9.295748332350686e-06
-97.5,5.0,4.092707938204289e-06
-95.0,5.0,1.5072558477151995e-06
-92.5,5.0,6.760714181903703e-07
-90.0,5.0,4.323629271439313e-07
-87.5,5.0,4.015065333472366e-07
-85.0,5.0,5.100729562923729e-07
-82.5,5.0,6.676314579752199e-07
-80.0,5.0,6.702516722333707e-07
-77.5,5.0,6.440129615450059e-07
-75.0,5.0,6.797262572662242e-07
-72.5,5.0,7.736726373621036e-07
-70.0,5.0,9.906141969045456e-07
-67.5,5.0,2.092133754268645e-06
-65.0,5.0,5.073200274260614e-06
-62.5,5.0,3.8847678691336185e-06
-60.0,5.0,1.64634756426965e-06
-57.5,5.0,1.1562444402161549e-06
-55.0,5.0,1.172290549940877e-06
-52.5,5.0,1.7572471077587973e-06
-50.0,5.0,3.262816092706469e-06
-47.5,5.0,4.791965426858908e-06
-45.0,5.0,6.256388472755981e-06
-42.5,5.0,1.0730177166687849e-05
-40.0,5.0,2.7254195428129805e-05
-37.5,5.0,0.00011145077371922283
-35.0,5.0,0.0008273602407171558
-32.5,5.0,0.0022529946569059198
-30.0,5.0,0.005943557405167154
-27.5,5.0,0.005309791855327362
-25.0,5.0,0.0011572635902109812
-22.5,5.0,0.0005124070343749831
-20.0,5.0,0.0005225645231002101
-17.5,5.0,0.0006445110096372722
-15.0,5.0,0.00033050973593647955
-12.5,5.0,7.72442282767753e-05
-10.0,5.0,2.2834588393194873e-05
-7.5,5.0,9.787612063391204e-06
-5.0,5.0,3.941571569811918e-06
-2.5,5.0,1.0962461295247625e-06
0.0,5.0,5.309868336103244e-07
2.5,5.0,6.200705707691386e-07
5.0,5.0,7.448307259246393e-07
7.5,5.0,6.201911769228521e-07
10.0,5.0,5.468782911758598e-07
12.5,5.0,5.583263446020875e-07
15.0,5.0,6.188622116112928e-07
17.5,5.0,6.727580749924162e-07
20.0,5.0,7.000458863410609e-07
22.5,5.0,7.322260183556322e-07
25.0,5.0,7.855968639057605e-07
27.5,5.0,8.474086573831694e-07
30.0,5.0,8.796914033973435e-07
32.5,5.0,7.90971830095559e-07
35.0,5.0,6.057363402903027e-07
37.5,5.0,5.195267565675343e-07
40.0,5.0,5.801085411817002e-07
42.5,5.0,6.965016170252252e-07
45.0,5.0,7.036234096485299e-07
47.5,5.0,6.779815799922672e-07
50.0,5.0,6.970690644714938e-07
52.5,5.0,7.45537901439838e-07
55.0,5.0,7.846419794836245e-07
57.5,5.0,8.042215218451499e-07
60.0,5.0,8.239736232955029e-07
62.5,5.0,8.317255552173297e-07
65.0,5.0,7.409739054375634e-07
67.5,5.0,5.883074469252432e-07
70.0,5.0,5.369924993773537e-07
72.5,5.0,6.139411667850127e-07
75.0,5.0,7.04325780422157e-07
77.5,5.0,6.814770121816686e-07
80.0,5.0,6.484364280587854e-07
82.5,5.0,6.622131450028409e-07
85.0,5.0,7.036034191548319e-07
87.5,5.0,7.328377491119648e-07
90.0,5.0,7.383257499998419e-07
92.5,5.0,7.438379979394263e-07
95.0,5.0,7.674709226563292e-07
97.5,5.0,8.136683716791667e-07
100.0,5.0,8.876977685133288e-07
102.5,5.0,1.0061783463390127e-06
105.0,5.0,1.2025274403385378e-06
107.5,5.0,1.5358214802916675e-06
110.0,5.0,2.1141580106844987e-06
112.5,5.0,3.1479357239347513e-06
115.0,5.0,5.058790189533092e-06
117.5,5.0,8.399857552721505e-06
120.0,5.0,1.2332174645387405e-05
122.5,5.0,1.4777143729819065e-05
125.0,5.0,1.5660209140869854e-05
127.5,5.0,1.5882942820573232e-05
130.0,5.0,1.592558361079641e-05
132.5,5.0,1.5930966997053752e-05
135.0,5.0,1.5930688121851832e-05
137.5,5.0,1.5930142652839284e-05
140.0,5.0,1.592986326347316e-05
142.5,5.0,1.5929748669120333e-05
145.0,5.0,1.592970567129165e-05
147.5,5.0,1.5929690309004016e-05
150.0,5.0,1.5929685001196732e-05
152.5,5.0,1.5929683215122934e-05
155.0,5.0,1.59296826280286e-05
-142.5,7.5,1.5929682352387656e-05
-140.0,7.5,1.5929682352387656e-05
-137.5,7.5,1.5929682352387656e-05
-135.0,7.5,1.5929682352387656e-05
-132.5,7.5,1.5929682354899678e-05
-130.0,7.5,1.5929682365583813e-05
-127.5,7.5,1.592968318788002e-05
-125.0,7.5,1.5929684742134446e-05
-122.5,7.5,1.5929691551646666e-05
-120.0,7.5,1.5929721243339266e-05
-117.5,7.5,1.5929850103323367e-05
-115.0,7.5,1.593040575007367e-05
-112.5,7.5,1.5932617900119298e-05
-110.0,7.5,1.5936569089316464e-05
-107.5,7.5,1.5818704083806072e-05
-105.0,7.5,1.317908196584552e-05
-102.5,7.5,4.260865446454615e-06
-100.0,7.5,1.2649677584362975e-06
-97.5,7.5,1.0747829222014064e-06
-95.0,7.5,1.220915548071043e-06
-92.5,7.5,6.955206019749156e-07
-90.0,7.5,4.879461026746842e-07
-87.5,7.5,4.568355443239992e-07
-85.0,7.5,5.41162256850004e-07
-82.5,7.5,6.732788605671828e-07
-80.0,7.5,7.089389645299182e-07
-77.5,7.5,6.981536204751861e-07
-75.0,7.5,7.399098007220763e-07
-72.5,7.5,9.025039603944257e-07
-70.0,7.5,1.7426633292514059e-06
-67.5,7.5,5.887048973738111e-06
-65.0,7.5,8.206081987996108e-06
-62.5,7.5,9.775752895650178e-06
-60.0,7.5,3.4551678177636095e-06
-57.5,7.5,1.509367343606757e-06
-55.0,7.5,1.4127343747379745e-06
-52.5,7.5,1.9879370155294042e-06
-50.0,7.5,3.452980822903203e-06
-47.5,7.5,5.385964276199737e-06
-45.0,7.5,7.599915894012094e-06
-42.5,7.5,1.345774422838428e-05
-40.0,7.5,3.899885498066777e-05
-37.5,7.5,0.00025374028537178303
-35.0,7.5,0.0012091472862732408
-32.5,7.5,0.0007475716815720264
-30.0,7.5,0.002010726877262902
-27.5,7.5,0.009060212153827886
-25.0,7.5,0.0025350429626420723
-22.5,7.5,0.0008530785788749935
-20.0,7.5,0.0007037602171409272
-17.5,7.5,0.0007011831418040991
-15.0,7.5,0.00037263253898125266
-12.5,7.5,9.878179531953659e-05
-10.0,7.5,2.755933679815274e-05
-7.5,7.5,1.0227707632921846e-05
-5.0,7.5,3.2751708458528152e-06
-2.5,7.5,9.511689004931055e-07
0.0,7.5,5.360780402612045e-07
2.5,7.5,5.760056965654852e-07
5.0,7.5,7.08142838492322e-07
7.5,7.5,6.563382395018397e-07
10.0,7.5,5.912247142311439e-07
12.5,7.5,5.944807426694275e-07
15.0,7.5,6.427211999053243e-07
17.5,7.5,6.938260570912226e-07
20.0,7.5,7.273268852615583e-07
22.5,7.5,7.617975126755029e-07
25.0,7.5,8.1056405672414e-07
27.5,7.5,8.606952164438746e-07
30.0,7.5,8.78577237110528e-07
32.5,7.5,7.745029987058341e-07
35.0,7.5,6.158187975905105e-07
37.5,7.5,5.461938770116723e-07
40.0,7.5,5.90190044691617e-07
42.5,7.5,6.889486533559146e-07
45.0,7.5,7.236044044041856e-07
47.5,7.5,7.131774887279734e-07
50.0,7.5,7.284584426074344e-07
52.5,7.5,7.692893130366376e-07
55.0,7.5,8.066243629225475e-07
57.5,7.5,8.234814965577095e-07
60.0,7.5,8.354661197186934e-07
62.5,7.5,8.29318171156149e-07
65.0,7.5,7.239520142446534e-07
67.5,7.5,5.932655637026352e-07
70.0,7.5,5.508394559270882e-07
72.5,7.5,6.08441033464332e-07
75.0,7.5,6.926423208634886e-07
77.5,7.5,6.997252920881074e-07
80.0,7.5,6.783145709587945e-07
82.5,7.5,6.882373182640171e-07
85.0,7.5,7.225245426879745e-07
87.5,7.5,7.511796701119347e-07
90.0,7.5,7.617228666639725e-07
92.5,7.5,7.703002455783994e-07
95.0,7.5,7.942974366036249e-07
97.5,7.5,8.410281317078751e-07
100.0,7.5,9.17124989313776e-07
102.5,7.5,1.0381392302594302e-06
105.0,7.5,1.2347277485507767e-06
107.5,7.5,1.5613415900331538e-06
110.0,7.5,2.1164952404411154e-06
112.5,7.5,3.0878879692750494e-06
115.0,7.5,4.844589438020351e-06
117.5,7.5,7.91505422070049e-06
120.0,7.5,1.1776199427702395e-05
122.5,7.5,1.4463628800113896e-05
125.0,7.5,1.5551465465775695e-05
127.5,7.5,1.585551621280988e-05
130.0,7.5,1.592049376665664e-05
132.5,7.5,1.5930530347074415e-05
135.0,7.5,1.5930881646300577e-05
137.5,7.5,1.5930294452003414e-05
140.0,7.5,1.5929936586719512e-05
142.5,7.5,1.59297792140423e-05
145.0,7.5,1.592971751333151e-05
147.5,7.5,1.592969469744912e-05
150.0,7.5,1.5929686573484832e-05
152.5,7.5,1.5929683763125712e-05
155.0,7.5,1.592968281408267e-05
-142.5,10.0,1.5929682352387656e-05
-140.0,10.0,1.5929682352387656e-05
-137.5,10.0,1.5929682352387656e-05
-135.0,10.0,1.592968235350057e-05
-132.5,10.0,1.5929682359828356e-05
-130.0,10.0,1.592968308351898e-05
-127.5,10.0,1.5929684409082192e-05
-125.0,10.0,1.592969023559031e-05
-122.5,10.0,1.5929715307557774e-05
-120.0,10.0,1.592982356554795e-05
-117.5,10.0,1.5930285370789263e-05
-115.0,10.0,1.5932117692378283e-05
-112.5,10.0,1.5936099609785543e-05
-110.0,10.0,1.5864218021140647e-05
-107.5,10.0,1.4033509428413268e-05
-105.0,10.0,5.21794763720819e-06
-102.5,10.0,1.2092412527805198e-06
-100.0,10.0,4.274227592165463e-07
-97.5,10.0,3.935355974181794e-07
-95.0,10.0,7.710832172283974e-07
-92.5,10.0,7.222468370897232e-07
-90.0,10.0,5.463216255080651e-07
-87.5,10.0,5.131688080087137e-07
-85.0,10.0,5.798324823434834e-07
-82.5,10.0,6.910414485115742e-07
-80.0,10.0,7.446135642684707e-07
-77.5,10.0,7.552894762520506e-07
-75.0,10.0,8.271731630382364e-07
-72.5,10.0,1.1713184780582363e-06
-70.0,10.0,3.1412363212905887e-06
-67.5,10.0,7.4248079070216845e-06
-65.0,10.0,8.631175289541363e-06
-62.5,10.0,1.0957080317989578e-05
-60.0,10.0,6.474410389661157e-06
-57.5,10.0,2.253179799829199e-06
-55.0,10.0,1.757374391947152e-06
-52.5,10.0,2.2749531715688566e-06
-50.0,10.0,3.7187108987312592e-06
-47.5,10.0,5.987106844720335e-06
-45.0,10.0,9.194697623842788e-06
-42.5,10.0,1.779028702547676e-05
-40.0,10.0,6.414661279184596e-05
-37.5,10.0,0.00046272496876044266
-35.0,10.0,0.0010477470667943744
-32.5,10.0,0.0006709367200042546
-30.0,10.0,0.0015951195934368553
-27.5,10.0,0.00810026399933155
-25.0,10.0,0.00509380704802664
-22.5,10.0,0.0015144182045951466
-20.0,10.0,0.0009565061021613219
-17.5,10.0,0.0007815177874488262
-15.0,10.0,0.0004110436158253488
-12.5,10.0,0.00011979387578333261
-10.0,10.0,3.225245280366541e-05
-7.5,10.0,1.028771256508573e-05
-5.0,10.0,2.948984211667638e-06
-2.5,10.0,9.860255686835303e-07
0.0,10.0,6.030755806075316e-07
2.5,10.0,6.019413710089688e-07
5.0,10.0,6.982474238253749e-07
7.5,10.0,6.862536315983389e-07
10.0,10.0,6.336421975997456e-07
12.5,10.0,6.307128896001856e-07
15.0,10.0,6.689467155783706e-07
17.5,10.0,7.1624535790899e-07
20.0,10.0,7.533492768468556e-07
22.5,10.0,7.855963459112598e-07
25.0,10.0,7.80826549153749e-07
27.5,10.0,7.250986874141409e-07
30.0,10.0,7.988677719134667e-07
32.5,10.0,7.682821035406762e-07
35.0,10.0,6.402495729376435e-07
37.5,10.0,5.814485408466802e-07
40.0,10.0,6.138747566552786e-07
42.5,10.0,6.955593533645776e-07
45.0,10.0,7.419812539111716e-07
47.5,10.0,7.455403489817829e-07
50.0,10.0,7.596970375978638e-07
52.5,10.0,7.934814780913799e-07
55.0,10.0,8.12122202232989e-07
57.5,10.0,7.501495101952458e-07
60.0,10.0,7.198173944974535e-07
62.5,10.0,7.866422936701619e-07
65.0,10.0,7.211821723439682e-07
67.5,10.0,6.127581979545806e-07
70.0,10.0,5.760736915693807e-07
72.5,10.0,6.197651845081702e-07
75.0,10.0,6.925807807225936e-07
77.5,10.0,7.161396913086298e-07
80.0,10.0,7.064994684682958e-07
82.5,10.0,7.146515002380177e-07
85.0,10.0,7.432686498646291e-07
87.5,10.0,7.705406441131221e-07
90.0,10.0,7.846189377388245e-07
92.5,10.0,7.96217692294393e-07
95.0,10.0,8.211428766218406e-07
97.5,10.0,8.685847507971304e-07
100.0,10.0,9.4643152553017e-07
102.5,10.0,1.0696001945307442e-06
105.0,10.0,1.2665079819777891e-06
107.5,10.0,1.5875651674113084e-06
110.0,10.0,2.1230742332248234e-06
112.5,10.0,3.0419076980091236e-06
115.0,10.0,4.670031557514507e-06
117.5,10.0,7.501024496739883e-06
120.0,10.0,1.1247038284548807e-05
122.5,10.0,1.4125032380304541e-05
125.0,10.0,1.5420188711633862e-05
127.5,10.0,1.5818802761230347e-05
130.0,10.0,1.5912728734939522e-05
132.5,10.0,1.5929527577109064e-05
135.0,10.0,1.5931013073558987e-05
137.5,10.0,1.5930466204511527e-05
140.0,10.0,1.5930028978050596e-05
142.5,10.0,1.592981990088999e-05
145.0,10.0,1.592973392909856e-05
147.5,10.0,1.5929700986639736e-05
150.0,10.0,1.5929688895347752e-05
152.5,10.0,1.5929684594981218e-05
155.0,10.0,1.5929683104322846e-05
-142.5,12.5,1.5929682352387656e-05
-140.0,12.5,1.5929682352387656e-05
-137.5,12.5,1.5929682352514823e-05
-135.0,12.5,1.5929682356171617e-05
-132.5,12.5,1.5929682988442975e-05
-130.0,12.5,1.5929684113392596e-05
-127.5,12.5,1.5929689064532975e-05
-125.0,12.5,1.5929710387600286e-05
-122.5,12.5,1.5929802689807474e-05
-120.0,12.5,1.5930196583206597e-05
-117.5,12.5,1.5931785820640032e-05
-115.0,12.5,1.593647052587577e-05
-112.5,12.5,1.5916658106055794e-05
-110.0,12.5,1.5198307272160746e-05
-107.5,12.5,8.982575869893148e-06
-105.0,12.5,2.4117904833693396e-06
-102.5,12.5,7.482714732337138e-07
-100.0,12.5,3.7261502254201835e-07
-97.5,12.5,3.537570780470059e-07
-95.0,12.5,5.77329752271899e-07
-92.5,12.5,7.210689900341092e-07
-90.0,12.5,6.040987029221933e-07
-87.5,12.5,5.691955419458482e-07
-85.0,12.5,6.219693248956472e-07
-82.5,12.5,7.174808258592204e-07
-80.0,12.5,7.842798537681584e-07
-77.5,12.5,8.298828096692374e-07
-75.0,12.5,9.761189730353034e-07
-72.5,12.5,1.6298934785188076e-06
-70.0,12.5,4.423663986062225e-06
-67.5,12.5,8.115585668719421e-06
-65.0,12.5,9.562298621285635e-06
-62.5,12.5,1.1634498666657191e-05
-60.0,12.5,8.785985355914136e-06
-57.5,12.5,3.4700596310757165e-06
-55.0,12.5,2.280185449738879e-06
-52.5,12.5,2.6517916474260864e-06
-50.0,12.5,4.081129248808207e-06
-47.5,12.5,6.73478760473591e-06
-45.0,12.5,1.1703992100311557e-05
-42.5,12.5,2.8068151446306057e-05
-40.0,12.5,0.00012562399278207804
-37.5,12.5,0.0006780531779379488
-35.0,12.5,0.0010919607030535827
-32.5,12.5,0.0009348206431787425
-30.0,12.5,0.002016603317057336
-27.5,12.5,0.007586963471499281
-25.0,12.5,0.007690833795059864
-22.5,12.5,0.0026566016083680644
-20.0,12.5,0.001325831701284944
-17.5,12.5,0.000890076003087499
-15.0,12.5,0.00044007830938831363
-12.5,12.5,0.00010769778498250282
-10.0,12.5,1.9901940788775308e-05
-7.5,12.5,8.534659650419234e-06
-5.0,12.5,2.8678169739618363e-06
-2.5,12.5,1.086492496038556e-06
0.0,12.5,6.915586455609221e-07
2.5,12.5,6.523974164078209e-07
5.0,12.5,7.115651902102878e-07
7.5,12.5,7.13534818447611e-07
10.0,12.5,6.735311132628049e-07
12.5,12.5,6.666102239193053e-07
15.0,12.5,6.966445832746954e-07
17.5,12.5,7.397809348727249e-07
20.0,12.5,7.768553812319586e-07
22.5,12.5,7.828496175023368e-07
25.0,12.5,6.647663125693865e-07
27.5,12.5,5.507248403292805e-07
30.0,12.5,6.44554578822265e-07
32.5,12.5,7.425612273487998e-07
35.0,12.5,6.687850761072939e-07
37.5,12.5,6.193113709500421e-07
40.0,12.5,6.432545623603873e-07
42.5,12.5,7.109262697082746e-07
45.0,12.5,7.60880949779209e-07
47.5,12.5,7.753021829220046e-07
50.0,12.5,7.898438110733693e-07
52.5,12.5,8.118643616776203e-07
55.0,12.5,7.729756826298835e-07
57.5,12.5,6.264531287850973e-07
60.0,12.5,5.822859941901607e-07
62.5,12.5,6.934847359041757e-07
65.0,12.5,7.158935323074786e-07
67.5,12.5,6.377492889529575e-07
70.0,12.5,6.056576532119962e-07
72.5,12.5,6.390822967185844e-07
75.0,12.5,7.008961130436929e-07
77.5,12.5,7.323485005183638e-07
80.0,12.5,7.328297438656225e-07
82.5,12.5,7.408925999703543e-07
85.0,12.5,7.651549521501027e-07
87.5,12.5,7.907422790694108e-07
90.0,12.5,8.072374360612923e-07
92.5,12.5,8.216455182385031e-07
95.0,12.5,8.478948461500863e-07
97.5,12.5,8.962424996759102e-07
100.0,12.5,9.756385425015872e-07
102.5,12.5,1.1006510440677916e-06
105.0,12.5,1.2978901745794375e-06
107.5,12.5,1.6142506822523622e-06
110.0,12.5,2.132939974987951e-06
112.5,12.5,3.0070103135763176e-06
115.0,12.5,4.526739855192251e-06
117.5,12.5,7.147654326104418e-06
120.0,12.5,1.0752086904960895e-05
122.5,12.5,1.3769470258972755e-05
125.0,12.5,1.5267000545949768e-05
127.5,12.5,1.577165103411079e-05
130.0,12.5,1.5901597572322458e-05
132.5,12.5,1.5927712369585462e-05
135.0,12.5,1.5931018635314768e-05
137.5,12.5,1.5930647388448762e-05
140.0,12.5,1.5930141152551837e-05
142.5,12.5,1.5929872538912422e-05
145.0,12.5,1.5929756079305077e-05
147.5,12.5,1.5929709764509264e-05
150.0,12.5,1.5929692234688085e-05
152.5,12.5,1.5929685825150586e-05
155.0,12.5,1.5929683545551825e-05
-142.5,15.0,1.5929682352387656e-05
-140.0,15.0,1.5929682352387656e-05
-137.5,15.0,1.592968235413651e-05
-135.0,15.0,1.5929682850312478e-05
-132.5,15.0,1.5929683920505908e-05
-130.0,15.0,1.592968801014269e-05
-127.5,15.0,1.5929705981024525e-05
-125.0,15.0,1.592978436588215e-05
-122.5,15.0,1.5930124443733975e-05
-120.0,15.0,1.5931544164062566e-05
-117.5,15.0,1.593626164030289e-05
-115.0,15.0,1.5927678476426763e-05
-112.5,15.0,1.5428036228123388e-05
-110.0,15.0,1.0791285859011094e-05
-107.5,15.0,4.25811403492749e-06
-105.0,15.0,1.6008405181754627e-06
-102.5,15.0,6.608725269918309e-07
-100.0,15.0,4.0443118037326473e-07
-97.5,15.0,3.881772226283101e-07
-95.0,15.0,5.403282145638313e-07
-92.5,15.0,7.050893230072049e-07
-90.0,15.0,6.567828127706067e-07
-87.5,15.0,6.243339141008287e-07
-85.0,15.0,6.666654772145301e-07
-82.5,15.0,7.549746813919716e-07
-80.0,15.0,8.59211671816092e-07
-77.5,15.0,1.0710122184435857e-06
-75.0,15.0,1.6587999481100894e-06
-72.5,15.0,2.9361800825586524e-06
-70.0,15.0,5.862547182699257e-06
-67.5,15.0,8.83790636863984e-06
-65.0,15.0,1.0511756743620417e-05
-62.5,15.0,1.2305087279281147e-05
-60.0,15.0,1.0282606433314224e-05
-57.5,15.0,4.986925896704824e-06
-55.0,15.0,3.033999221197144e-06
-52.5,15.0,3.1658913753116046e-06
-50.0,15.0,4.62534133924415e-06
-47.5,15.0,8.283124537583473e-06
-45.0,15.0,2.2017870360851983e-05
-42.5,15.0,0.00011150937009160303
-40.0,15.0,0.0005915579252883568
-37.5,15.0,0.0014854881874686973
-35.0,15.0,0.0014610160032183736
-32.5,15.0,0.001421646829671273
-30.0,15.0,0.002792806753003569
-27.5,15.0,0.0079276427168792
-25.0,15.0,0.00970710682029077
-22.5,15.0,0.004247936573669519
-20.0,15.0,0.0018495918222531207
-17.5,15.0,0.0010190134769921734
-15.0,15.0,0.0003678006377893738
-12.5,15.0,2.9146899061388013e-05
-10.0,15.0,3.249403069544851e-06
-7.5,15.0,3.3550060492153605e-06
-5.0,15.0,2.6871681740659778e-06
-2.5,15.0,1.2166719639428283e-06
0.0,15.0,7.905637786504392e-07
2.5,15.0,7.136182371886722e-07
5.0,15.0,7.39337503132327e-07
7.5,15.0,7.415292497362443e-07
10.0,15.0,7.110197870950892e-07
12.5,15.0,7.019197193233008e-07
15.0,15.0,7.252750832452324e-07
17.5,15.0,7.63868624153519e-07
20.0,15.0,7.941223147224517e-07
22.5,15.0,7.56090668542606e-07
25.0,15.0,6.015722811286667e-07
27.5,15.0,5.086261501551445e-07
30.0,15.0,5.782395196132319e-07
32.5,15.0,7.052413430083478e-07
35.0,15.0,6.938310975512913e-07
37.5,15.0,6.570998664999884e-07
40.0,15.0,6.74994622518512e-07
42.5,15.0,7.315113922884376e-07
45.0,15.0,7.810692268812055e-07
47.5,15.0,8.02983934182565e-07
50.0,15.0,8.173869871104572e-07
52.5,15.0,8.184412977538928e-07
55.0,15.0,7.265343828501898e-07
57.5,15.0,5.77512416974818e-07
60.0,15.0,5.405863177234698e-07
62.5,15.0,6.342107238109463e-07
65.0,15.0,7.030958749480634e-07
67.5,15.0,6.628261438105255e-07
70.0,15.0,6.365529718855389e-07
72.5,15.0,6.623377600687692e-07
75.0,15.0,7.147260126725878e-07
77.5,15.0,7.492394960621239e-07
80.0,15.0,7.5755537674644e-07
82.5,15.0,7.666307272583057e-07
85.0,15.0,7.877134953998937e-07
87.5,15.0,8.116053501969203e-07
90.0,15.0,8.297250928559236e-07
92.5,15.0,8.466577371515947e-07
95.0,15.0,8.744839836564396e-07
97.5,15.0,9.239216332672901e-07
100.0,15.0,1.0047496974924212e-06
102.5,15.0,1.131361130209106e-06
105.0,15.0,1.3289082129267248e-06
107.5,15.0,1.641234040864429e-06
110.0,15.0,2.1453778480874984e-06
112.5,15.0,2.9809484607763867e-06
115.0,15.0,4.4083852273784195e-06
117.5,15.0,6.845645148341286e-06
120.0,15.0,1.029511378237707e-05
122.5,15.0,1.3404779285631694e-05
125.0,15.0,1.509341479272189e-05
127.5,15.0,1.5713197552128702e-05
130.0,15.0,1.5886405019129583e-05
132.5,15.0,1.592479976761171e-05
135.0,15.0,1.5930814419234463e-05
137.5,15.0,1.5930820605452335e-05
140.0,15.0,1.5930272225051086e-05
142.5,15.0,1.592993875613566e-05
145.0,15.0,1.592978521216413e-05
147.5,15.0,1.592972171568431e-05
150.0,15.0,1.5929696919749936e-05
152.5,15.0,1.5929687599471426e-05
155.0,15.0,1.5929684198372762e-05
-142.5,17.5,1.5929682352387656e-05
-140.0,17.5,1.5929682353023598e-05
-137.5,17.5,1.5929682650334856e-05
-135.0,17.5,1.5929683626692394e-05
-132.5,17.5,1.5929686955021167e-05
-130.0,17.5,1.592970134620398e-05
-127.5,17.5,1.5929764448385845e-05
-125.0,17.5,1.5930040547375423e-05
-122.5,17.5,1.5931211811288825e-05
-120.0,17.5,1.5935193686557077e-05
-117.5,17.5,1.5924849784894693e-05
-115.0,17.5,1.5304287698488105e-05
-112.5,17.5,8.724598653281239e-06
-110.0,17.5,2.1483066177090657e-06
-107.5,17.5,8.362907679124183e-07
-105.0,17.5,8.786696908182751e-07
-102.5,17.5,6.542362844164059e-07
-100.0,17.5,4.550026969557898e-07
-97.5,17.5,4.3790978205018277e-07
-95.0,17.5,5.521696711621477e-07
-92.5,17.5,6.99410527846073e-07
-90.0,17.5,7.016250189554425e-07
-87.5,17.5,6.784029417943188e-07
-85.0,17.5,7.16484466146558e-07
-82.5,17.5,8.221211149966256e-07
-80.0,17.5,1.1041227032523883e-06
-77.5,17.5,2.097779780301671e-06
-75.0,17.5,3.1609807082285445e-06
-72.5,17.5,6.977194154464833e-06
-70.0,17.5,1.0076255186204461e-05
-67.5,17.5,1.0303859031653565e-05
-65.0,17.5,1.1495730368305038e-05
-62.5,17.5,1.2948867028990326e-05
-60.0,17.5,1.1373957866709086e-05
-57.5,17.5,6.576361809278599e-06
-55.0,17.5,4.033359442808235e-06
-52.5,17.5,3.886541234322573e-06
-50.0,17.5,5.618723644780038e-06
-47.5,17.5,1.3089262929532065e-05
-45.0,17.5,6.106721465655825e-05
-42.5,17.5,0.00012471497380169095
-40.0,17.5,0.0004568433561692216
-37.5,17.5,0.0037851611107730565
-35.0,17.5,0.0028416958798213776
-32.5,17.5,0.002282031485610644
-30.0,17.5,0.0038770913889476445
-27.5,17.5,0.008789596472859538
-25.0,17.5,0.011324141362700577
-22.5,17.5,0.006075184481886498
-20.0,17.5,0.002523860350580584
-17.5,17.5,0.0010978286083682099
-15.0,17.5,0.00021243598526662037
-12.5,17.5,1.0673292916969576e-05
-10.0,17.5,1.8462109323318928e-06
-7.5,17.5,1.905186548280242e-06
-5.0,17.5,2.2814398278171e-06
-2.5,17.5,1.3484546507494697e-06
0.0,17.5,8.95749697279269e-07
2.5,17.5,7.807002244120128e-07
5.0,17.5,7.760568827697495e-07
7.5,17.5,7.717272740611129e-07
10.0,17.5,7.467642062564075e-07
12.5,17.5,7.365689612550026e-07
15.0,17.5,7.544765517907858e-07
17.5,17.5,7.874684186442127e-07
20.0,17.5,8.043148822171712e-07
22.5,17.5,7.349843161131688e-07
25.0,17.5,5.91157607821635e-07
27.5,17.5,5.190407813898727e-07
30.0,17.5,5.702117351889543e-07
32.5,17.5,6.838303215468791e-07
35.0,17.5,7.129197266065275e-07
37.5,17.5,6.93055165897761e-07
40.0,17.5,7.074861924157772e-07
42.5,17.5,7.552000636100482e-07
45.0,17.5,8.024080943586269e-07
47.5,17.5,8.276421358603466e-07
50.0,17.5,8.390249925112686e-07
52.5,17.5,8.173069197589893e-07
55.0,17.5,7.035214036684655e-07
57.5,17.5,5.747935805443155e-07
60.0,17.5,5.439866732515532e-07
62.5,17.5,6.157431967193879e-07
65.0,17.5,6.93033298845447e-07
67.5,17.5,6.85128082492922e-07
70.0,17.5,6.671066388287399e-07
72.5,17.5,6.875096341363764e-07
75.0,17.5,7.321136164232758e-07
77.5,17.5,7.671012335901848e-07
80.0,17.5,7.810688697390069e-07
82.5,17.5,7.917136464684206e-07
85.0,17.5,8.106150812695097e-07
87.5,17.5,8.329680283651172e-07
90.0,17.5,8.521710077924808e-07
92.5,17.5,8.713298479861054e-07
95.0,17.5,9.008728320729624e-07
97.5,17.5,9.515585222080451e-07
100.0,17.5,1.033758112851232e-06
102.5,17.5,1.1617818952938577e-06
105.0,17.5,1.3595992247067355e-06
107.5,17.5,1.668404942414155e-06
110.0,17.5,2.159849350906169e-06
112.5,17.5,2.9620077246106305e-06
115.0,17.5,4.310134210871872e-06
117.5,17.5,6.586867573482043e-06
120.0,17.5,9.877183575464473e-06
122.5,17.5,1.3037998425346082e-05
125.0,17.5,1.4901654492717467e-05
127.5,17.5,1.5642913717568042e-05
130.0,17.5,1.5866487142384147e-05
132.5,17.5,1.5920474505587332e-05
135.0,17.5,1.5930295956057203e-05
137.5,17.5,1.593096043571871e-05
140.0,17.5,1.5930418978000418e-05
142.5,17.5,1.593001970074458e-05
145.0,17.5,1.5929822604629246e-05
147.5,17.5,1.5929737612396112e-05
150.0,17.5,1.592970334209214e-05
152.5,17.5,1.5929690099383535e-05
155.0,17.5,1.5929685142193088e-05
-142.5,20.0,1.5929682352387656e-05
-140.0,20.0,1.5929682354677095e-05
-137.5,20.0,1.592968337284897e-05
-135.0,20.0,1.5929685910965463e-05
-132.5,20.0,1.592969674607692e-05
-130.0,20.0,1.5929743847453064e-05
-127.5,20.0,1.5929948440191482e-05
-125.0,20.0,1.5930813635096555e-05
-122.5,20.0,1.5933883679073182e-05
-120.0,20.0,1.5931064567178817e-05
-117.5,20.0,1.558727313375357e-05
-115.0,20.0,1.0834371677206177e-05
-112.5,20.0,2.852294849454411e-06
-110.0,20.0,7.727104865676192e-07
-107.5,20.0,3.779533560982049e-07
-105.0,20.0,4.56021685488782e-07
-102.5,20.0,6.17668315704767e-07
-100.0,20.0,5.100506465775197e-07
-97.5,20.0,4.918651393582409e-07
-95.0,20.0,5.815156319172421e-07
-92.5,20.0,7.075835116948476e-07
-90.0,20.0,7.402220411868256e-07
-87.5,20.0,7.324379799920899e-07
-85.0,20.0,7.791387763792839e-07
-82.5,20.0,9.552945126799351e-07
-80.0,20.0,1.6173618683340674e-06
-77.5,20.0,2.586927815347842e-06
-75.0,20.0,2.7264387996444228e-06
-72.5,20.0,6.525374243644204e-06
-70.0,20.0,1.6546816172016063e-05
-67.5,20.0,1.365263174230157e-05
-65.0,20.0,1.2869166486631298e-05
-62.5,20.0,1.3659716697202026e-05
-60.0,20.0,1.230440085449785e-05
-57.5,20.0,8.127538246097585e-06
-55.0,20.0,5.276118088699115e-06
-52.5,20.0,4.941763191122244e-06
-50.0,20.0,7.625308128320613e-06
-47.5,20.0,2.4269233851719084e-05
-45.0,20.0,8.026035540691266e-05
-42.5,20.0,7.859411370137964e-05
-40.0,20.0,0.00023087627142042151
-37.5,20.0,0.003353052532402408
-35.0,20.0,0.006063982845653731
-32.5,20.0,0.0040221052060165794
-30.0,20.0,0.005417065906686005
-27.5,20.0,0.010055229834468991
-25.0,20.0,0.012793449577441104
-22.5,20.0,0.007915334829379903
-20.0,20.0,0.003262636655903044
-17.5,20.0,0.001063024591975081
-15.0,20.0,0.0001296470168890947
-12.5,20.0,8.298388838000527e-06
-10.0,20.0,1.979641130907248e-06
-7.5,20.0,1.7507569896563978e-06
-5.0,20.0,2.0281764628206105e-06
-2.5,20.0,1.4578328254308766e-06
0.0,20.0,1.0037600835941902e-06
2.5,20.0,8.516042085100253e-07
5.0,20.0,8.187083067094817e-07
7.5,20.0,8.044925226777124e-07
10.0,20.0,7.815634995123769e-07
12.5,20.0,7.70203249789302e-07
15.0,20.0,7.76226984478288e-07
17.5,20.0,7.784260483762246e-07
20.0,20.0,7.944779532176625e-07
22.5,20.0,7.276930474120531e-07
25.0,20.0,6.045403601420404e-07
27.5,20.0,5.465145183247477e-07
30.0,20.0,5.854387319373255e-07
32.5,20.0,6.805576289460996e-07
35.0,20.0,7.288181421163197e-07
37.5,20.0,7.261369702606083e-07
40.0,20.0,7.397862240020931e-07
42.5,20.0,7.803228104953559e-07
45.0,20.0,8.180372541684422e-07
47.5,20.0,8.091187615375958e-07
50.0,20.0,8.017125055932992e-07
52.5,20.0,8.03520876628705e-07
55.0,20.0,7.000236247999584e-07
57.5,20.0,5.913842929228532e-07
60.0,20.0,5.643357585515748e-07
62.5,20.0,6.193313472427686e-07
65.0,20.0,6.912617551240336e-07
67.5,20.0,7.046539377844589e-07
70.0,20.0,6.963253196779651e-07
72.5,20.0,7.134719821677688e-07
75.0,20.0,7.517851794396414e-07
77.5,20.0,7.859155604258115e-07
80.0,20.0,8.037413777199101e-07
82.5,20.0,8.161126497295232e-07
85.0,20.0,8.336327890740995e-07
87.5,20.0,8.5469099051265e-07
90.0,20.0,8.746238927047389e-07
92.5,20.0,8.957298957987768e-07
95.0,20.0,9.270462474466548e-07
97.5,20.0,9.791046410790092e-07
100.0,20.0,1.0626514465558659e-06
102.5,20.0,1.1919500138871578e-06
105.0,20.0,1.3899985355137364e-06
107.5,20.0,1.6956899166004707e-06
110.0,20.0,2.175945938131594e-06
112.5,20.0,2.9488652434486794e-06
115.0,20.0,4.228255749847236e-06
117.5,20.0,6.364413319928775e-06
120.0,20.0,9.497508243571478e-06
122.5,20.0,1.267507329028057e-05
125.0,20.0,1.4694436447172806e-05
127.5,20.0,1.556062351950894e-05
130.0,20.0,1.5841244216729453e-05
132.5,20.0,1.591440184979791e-05
135.0,20.0,1.5929339011707913e-05
137.5,20.0,1.593103244801227e-05
140.0,20.0,1.5930575275957847e-05
142.5,20.0,1.5930115868414013e-05
145.0,20.0,1.5929869483510333e-05
147.5,20.0,1.5929758296903242e-05
150.0,20.0,1.592971195668424e-05
152.5,20.0,1.5929693545199904e-05
155.0,20.0,1.5929686476834822e-05
-142.5,22.5,1.5929682353277986e-05
-140.0,22.5,1.592968325354286e-05
-137.5,22.5,1.592968499616867e-05
-135.0,22.5,1.592969264079253e-05
-132.5,22.5,1.5929725379954765e-05
-130.0,22.5,1.5929864926812348e-05
-127.5,22.5,1.5930447029159473e-05
-125.0,22.5,1.5932603496021314e-05
-122.5,22.5,1.5935097662068732e-05
-120.0,22.5,1.5821535002328084e-05
-117.5,22.5,1.375775451312452e-05
-115.0,22.5,5.563781858214412e-06
-112.5,22.5,1.5415674672642934e-06
-110.0,22.5,5.74891995018087e-07
-107.5,22.5,3.6074992949123856e-07
-105.0,22.5,4.0306275305535704e-07
-102.5,22.5,5.639431579490316e-07
-100.0,22.5,5.588713177069286e-07
-97.5,22.5,5.463724028868706e-07
-95.0,22.5,6.182874933027256e-07
-92.5,22.5,7.262517954381393e-07
-90.0,22.5,7.767201840722093e-07
-87.5,22.5,7.903793780844275e-07
-85.0,22.5,8.665008755932179e-07
-82.5,22.5,1.1706339467706877e-06
-80.0,22.5,2.095057981887681e-06
-77.5,22.5,2.7485552864891484e-06
-75.0,22.5,3.0502786975463345e-06
-72.5,22.5,6.564269173428571e-06
-70.0,22.5,1.8946329245300926e-05
-67.5,22.5,1.8732451694045515e-05
-65.0,22.5,1.5038603191465377e-05
-62.5,22.5,1.4609445567465467e-05
-60.0,22.5,1.3227723891591514e-05
-57.5,22.5,9.649044036348919e-06
-55.0,22.5,6.800602373436405e-06
-52.5,22.5,6.578110940592018e-06
-50.0,22.5,1.1413728495909551e-05
-47.5,22.5,3.898228112722077e-05
-45.0,22.5,8.521175208623821e-05
-42.5,22.5,9.03153121572795e-05
-40.0,22.5,0.00025833962856037216
-37.5,22.5,0.002762252701952121
-35.0,22.5,0.009435188898802802
-32.5,22.5,0.007337174805087026
-30.0,22.5,0.007754777221707872
-27.5,22.5,0.01178542643816263
-25.0,22.5,0.014249752836795925
-22.5,22.5,0.009250273952513238
-20.0,22.5,0.003412100148698187
-17.5,22.5,0.0009143821810893944
-15.0,22.5,9.943175905722806e-05
-12.5,22.5,8.855902939467339e-06
-10.0,22.5,2.4810664898858297e-06
-7.5,22.5,1.9145579530878967e-06
-5.0,22.5,1.9702255834054797e-06
-2.5,22.5,1.5486235294571096e-06
0.0,22.5,1.1111048278565478e-06
2.5,22.5,9.252281594091307e-07
5.0,22.5,8.656344695376461e-07
7.5,22.5,8.397564476286288e-07
10.0,22.5,8.156778719111004e-07
12.5,22.5,7.944903977311313e-07
15.0,22.5,7.231664398755492e-07
17.5,22.5,6.093757573614347e-07
20.0,22.5,6.728880909378592e-07
22.5,22.5,7.154230136041487e-07
25.0,22.5,6.274642174909806e-07
27.5,22.5,5.79691673053967e-07
30.0,22.5,6.100266542001084e-07
32.5,22.5,6.893379326144313e-07
35.0,22.5,7.445969087893261e-07
37.5,22.5,7.562273575983591e-07
40.0,22.5,7.710947600292637e-07
42.5,22.5,8.02549729629046e-07
45.0,22.5,7.973733009678321e-07
47.5,22.5,6.90159184982898e-07
50.0,22.5,6.593435590352073e-07
52.5,22.5,7.419662325803799e-07
55.0,22.5,7.029161885124254e-07
57.5,22.5,6.157841075277795e-07
60.0,22.5,5.912437779337491e-07
62.5,22.5,6.338147056406981e-07
65.0,22.5,6.972281311333785e-07
67.5,22.5,7.227152570737109e-07
70.0,22.5,7.237799143913973e-07
72.5,22.5,7.39534120038465e-07
75.0,22.5,7.729008485046738e-07
77.5,22.5,8.055441094651273e-07
80.0,22.5,8.258614384658623e-07
82.5,22.5,8.398717864679657e-07
85.0,22.5,8.566159954828955e-07
87.5,22.5,8.766582574161177e-07
90.0,22.5,8.971055865534714e-07
92.5,22.5,9.19914731818454e-07
95.0,22.5,9.530036539958034e-07
97.5,22.5,1.0065248844996108e-06
100.0,22.5,1.0914154271588483e-06
102.5,22.5,1.2218906037242092e-06
105.0,22.5,1.4201371875180268e-06
107.5,22.5,1.7230401232551287e-06
110.0,22.5,2.1933554128234783e-06
112.5,22.5,2.9404898380529745e-06
115.0,22.5,4.15983933806896e-06
117.5,22.5,6.172505279439689e-06
120.0,22.5,9.154139215886707e-06
122.5,22.5,1.2320748103677095e-05
125.0,22.5,1.4474754211189081e-05
127.5,22.5,1.5466494327450657e-05
130.0,22.5,1.581016837206962e-05
132.5,22.5,1.5906239707131704e-05
135.0,22.5,1.5927801576603204e-05
137.5,22.5,1.593099262920277e-05
140.0,22.5,1.593073144621782e-05
142.5,22.5,1.593022677973932e-05
145.0,22.5,1.5929926972504452e-05
147.5,22.5,1.5929784655098243e-05
150.0,22.5,1.5929723278298733e-05
152.5,22.5,1.5929698198293288e-05
155.0,22.5,1.5929688324974868e-05
-142.5,25.0,1.5929683071308517e-05
-140.0,25.0,1.5929684252858597e-05
-137.5,25.0,1.5929689380160094e-05
-135.0,25.0,1.5929710828798552e-05
-132.5,25.0,1.5929800226137368e-05
-130.0,25.0,1.593016549591576e-05
-127.5,25.0,1.593154857529369e-05
-125.0,25.0,1.5934925055749646e-05
-122.5,25.0,1.5910316176024613e-05
-120.0,25.0,1.5288644467917993e-05
-117.5,25.0,1.0245704761168365e-05
-115.0,25.0,3.371620671052347e-06
-112.5,25.0,1.1699343715481695e-06
-110.0,25.0,5.567824386727893e-07
-107.5,25.0,3.987893181258254e-07
-105.0,25.0,4.2376410454291936e-07
-102.5,25.0,5.472136989552764e-07
-100.0,25.0,5.955809030810631e-07
-97.5,25.0,5.988826482580873e-07
-95.0,25.0,6.586838457082796e-07
-92.5,25.0,7.533410434513995e-07
-90.0,25.0,8.200224488371816e-07
-87.5,25.0,8.756922652187911e-07
-85.0,25.0,1.0286533841117966e-06
-82.5,25.0,1.489710089456595e-06
-80.0,25.0,2.460526521382826e-06
-77.5,25.0,3.046915881316915e-06
-75.0,25.0,3.7017525033878293e-06
-72.5,25.0,7.40237474065185e-06
-70.0,25.0,1.9456125467528265e-05
-67.5,25.0,2.3575128211497236e-05
-65.0,25.0,1.8067724219876677e-05
-62.5,25.0,1.5961292937223874e-05
-60.0,25.0,1.4289775404077064e-05
-57.5,25.0,1.1286242229201403e-05
-55.0,25.0,8.901207344719158e-06
-52.5,25.0,9.622289285044489e-06
-50.0,25.0,1.8682101150299733e-05
-47.5,25.0,5.5451389833381547e-05
-45.0,25.0,9.875454431737067e-05
-42.5,25.0,0.0001273076027832927
-40.0,25.0,0.0003680661117382052
-37.5,25.0,0.00279317591525694
-35.0,25.0,0.011636213564178228
-32.5,25.0,0.012335002968828892
-30.0,25.0,0.011298345670890704
-27.5,25.0,0.014095511762889973
-25.0,25.0,0.0145590750118778
-22.5,25.0,0.004393769546634999
-20.0,25.0,0.0003965695292670561
-17.5,25.0,0.0002532826041420907
-15.0,25.0,8.144529049242962e-05
-12.5,25.0,1.0522002280908645e-05
-10.0,25.0,3.204169499784139e-06
-7.5,25.0,2.2129401537698906e-06
-5.0,25.0,2.031976408970871e-06
-2.5,25.0,1.6376052794489313e-06
0.0,25.0,1.2156880655190953e-06
2.5,25.0,1.000750136840036e-06
5.0,25.0,9.158732907807074e-07
7.5,25.0,8.771835659680149e-07
10.0,25.0,8.468738252448441e-07
12.5,25.0,7.911376061887598e-07
15.0,25.0,6.342637020985877e-07
17.5,25.0,5.088973592270425e-07
20.0,25.0,5.656122616913191e-07
22.5,25.0,6.796232219824962e-07
25.0,25.0,6.509239877311505e-07
27.5,25.0,6.143002748971757e-07
30.0,25.0,6.384757627519108e-07
32.5,25.0,7.052961694285627e-07
35.0,25.0,7.616877795930815e-07
37.5,25.0,7.838005266831721e-07
40.0,25.0,8.001580049023999e-07
42.5,25.0,8.143884646203051e-07
45.0,25.0,7.497867695187976e-07
47.5,25.0,6.116136071155686e-07
50.0,25.0,5.816585951424518e-07
52.5,25.0,6.744725705034847e-07
55.0,25.0,7.005455207248721e-07
57.5,25.0,6.42234618003114e-07
60.0,25.0,6.205401027416796e-07
62.5,25.0,6.537944300770196e-07
65.0,25.0,7.088588961345408e-07
67.5,25.0,7.404726371087358e-07
70.0,25.0,7.495005719567322e-07
72.5,25.0,7.652667686405413e-07
75.0,25.0,7.948890055803232e-07
77.5,25.0,8.258175548153361e-07
80.0,25.0,8.476313281914082e-07
82.5,25.0,8.630696692910614e-07
85.0,25.0,8.794717675326519e-07
87.5,25.0,8.987754846936367e-07
90.0,25.0,9.19620804357544e-07
92.5,25.0,9.439294684138608e-07
95.0,25.0,9.787533160767578e-07
97.5,25.0,1.033795418285939e-06
100.0,25.0,1.1200361849254973e-06
102.5,25.0,1.251620244562776e-06
105.0,25.0,1.4500410331651341e-06
107.5,25.0,1.7504229662893633e-06
110.0,25.0,2.21183728820563e-06
112.5,25.0,2.936070264022153e-06
115.0,25.0,4.1025919969052534e-06
117.5,25.0,6.006352962599589e-06
120.0,25.0,8.844484808865491e-06
122.5,25.0,1.1978593934168485e-05
125.0,25.0,1.4245682520176096e-05
127.5,25.0,1.5361005791574266e-05
130.0,25.0,1.5772864275283093e-05
132.5,25.0,1.5895651261696515e-05
135.0,25.0,1.59255269631249e-05
137.5,25.0,1.5930787207361212e-05
140.0,25.0,1.5930873783987658e-05
142.5,25.0,1.5930350710872447e-05
145.0,25.0,1.592999583226518e-05
147.5,25.0,1.592981758128719e-05
150.0,25.0,1.592973787409879e-05
152.5,25.0,1.592970436174834e-05
155.0,25.0,1.59296908347723e-05
-142.5,27.5,1.5929683725965784e-05
-140.0,27.5,1.5929686999156828e-05
-137.5,27.5,1.5929700454554977e-05
-135.0,27.5,1.592975512884135e-05
-132.5,27.5,1.5929973353229823e-05
-130.0,27.5,1.5930801783269712e-05
-127.5,27.5,1.5933352136124403e-05
-125.0,27.5,1.5932387805363396e-05
-122.5,27.5,1.5784242720307154e-05
-120.0,27.5,1.3967897288341891e-05
-117.5,27.5,7.155941881501601e-06
-115.0,27.5,2.4982637905302566e-06
-112.5,27.5,1.0461772879864037e-06
-110.0,27.5,5.836075637197813e-07
-107.5,27.5,4.4907062237487435e-07
-105.0,27.5,4.621573532144216e-07
-102.5,27.5,5.571083592032999e-07
-100.0,27.5,6.249323828469863e-07
-97.5,27.5,6.474846777873997e-07
-95.0,27.5,7.017146292597211e-07
-92.5,27.5,7.931197176780315e-07
-90.0,27.5,9.093655080973064e-07
-87.5,27.5,1.1505298016642092e-06
-85.0,27.5,1.560099338005911e-06
-82.5,27.5,2.320327727699866e-06
-80.0,27.5,3.0549350938969587e-06
-77.5,27.5,3.5078088322722855e-06
-75.0,27.5,4.502447190714229e-06
-72.5,27.5,8.53928083680384e-06
-70.0,27.5,1.9922138157955437e-05
-67.5,27.5,2.702837706226851e-05
-65.0,27.5,2.160758584626567e-05
-62.5,27.5,1.7809090694529017e-05
-60.0,27.5,1.5701670383422136e-05
-57.5,27.5,1.3505819894423344e-05
-55.0,27.5,1.2194226533601218e-05
-52.5,27.5,1.0822491774824753e-05
-50.0,27.5,1.836057048562133e-05
-47.5,27.5,7.346107945930847e-05
-45.0,27.5,0.000127329954073505
-42.5,27.5,0.00018788777498542203
-40.0,27.5,0.0005429044396412596
-37.5,27.5,0.003172768250459991
-35.0,27.5,0.013238152122944427
-32.5,27.5,0.018264122405463882
-30.0,27.5,0.016262825544388702
-27.5,27.5,0.016569601693199116
-25.0,27.5,0.009945005735912242
-22.5,27.5,0.0006498372068151422
-20.0,27.5,3.267283249756103e-05
-17.5,27.5,3.5444802561675186e-05
-15.0,27.5,5.013351096201411e-05
-12.5,27.5,1.2588618108939863e-05
-10.0,27.5,4.111173541593454e-06
-7.5,27.5,2.5967042203232897e-06
-5.0,27.5,2.1663824895450606e-06
-2.5,27.5,1.7357584069458843e-06
0.0,27.5,1.3176339192808622e-06
2.5,27.5,1.0775649542032555e-06
5.0,27.5,9.688189635971085e-07
7.5,27.5,9.159917459302821e-07
10.0,27.5,8.713948287131105e-07
12.5,27.5,7.730363481360757e-07
15.0,27.5,5.991904014468968e-07
17.5,27.5,4.980795013363815e-07
20.0,27.5,5.380951994064324e-07
22.5,27.5,6.494265137052305e-07
25.0,27.5,6.692352098167532e-07
27.5,27.5,6.480718367108511e-07
30.0,27.5,6.683744477988136e-07
32.5,27.5,7.254674146545437e-07
35.0,27.5,7.803534488061447e-07
37.5,27.5,8.092152385553626e-07
40.0,27.5,8.251729127787759e-07
42.5,27.5,8.162516322812844e-07
45.0,27.5,7.181663111003726e-07
47.5,27.5,5.925276993733366e-07
50.0,27.5,5.668044923225674e-07
52.5,27.5,6.422819185446535e-07
55.0,27.5,6.953258866066326e-07
57.5,27.5,6.67223132366343e-07
60.0,27.5,6.502321889033969e-07
62.5,27.5,6.765929728128938e-07
65.0,27.5,7.243420389035433e-07
67.5,27.5,7.585590200808938e-07
70.0,27.5,7.737702680157686e-07
72.5,27.5,7.904314519507786e-07
75.0,27.5,8.173501753455331e-07
77.5,27.5,8.465722792066215e-07
80.0,27.5,8.691825550689813e-07
82.5,27.5,8.857938807701522e-07
85.0,27.5,9.021485490515258e-07
87.5,27.5,9.209690537511236e-07
90.0,27.5,9.421634770528062e-07
92.5,27.5,9.678082320044843e-07
95.0,27.5,1.0043080325925559e-06
97.5,27.5,1.060901569700115e-06
100.0,27.5,1.1485016180754906e-06
102.5,27.5,1.2811493884946707e-06
105.0,27.5,1.4797306883735232e-06
107.5,27.5,1.7778162770759556e-06
110.0,27.5,2.231204550920237e-06
112.5,27.5,2.934962500933634e-06
115.0,27.5,4.054690383472067e-06
117.5,27.5,5.861998852769718e-06
120.0,27.5,8.565671973679707e-06
122.5,27.5,1.165112232792917e-05
125.0,27.5,1.4010217021388297e-05
127.5,27.5,1.524490330915306e-05
130.0,27.5,1.5729062093864072e-05
132.5,27.5,1.5882317124378103e-05
135.0,27.5,1.5922347660047338e-05
137.5,27.5,1.593035293367544e-05
140.0,27.5,1.5930984111367228e-05
142.5,27.5,1.593048439034576e-05
145.0,27.5,1.5930076526255674e-05
147.5,27.5,1.5929857941311923e-05
150.0,27.5,1.5929756352296494e-05
152.5,27.5,1.592971237944364e-05
155.0,27.5,1.5929694180961723e-05
-142.5,30.0,1.5929685360065022e-05
-140.0,30.0,1.5929693530755566e-05
-137.5,30.0,1.592972589673763e-05
-135.0,30.0,1.5929851974978782e-05
-132.5,30.0,1.593032601572439e-05
-130.0,30.0,1.5931917335492104e-05
-127.5,30.0,1.5934879681151053e-05
-125.0,30.0,1.5908161609041085e-05
-122.5,30.0,1.5432619847375495e-05
-120.0,30.0,1.199359451778696e-05
-117.5,30.0,5.301342080934357e-06
-115.0,30.0,2.0947304825611596e-06
-112.5,30.0,1.0105950103570934e-06
-110.0,30.0,6.260094628806292e-07
-107.5,30.0,5.026350715400014e-07
-105.0,30.0,5.060029154120619e-07
-102.5,30.0,5.80573410739403e-07
-100.0,30.0,6.528381179436841e-07
-97.5,30.0,6.922432071204027e-07
-95.0,30.0,7.494863580336604e-07
-92.5,30.0,8.616382156508819e-07
-90.0,30.0,1.1086127059918772e-06
-87.5,30.0,1.3683067896643163e-06
-85.0,30.0,1.261312352286846e-06
-82.5,30.0,2.3581399100120076e-06
-80.0,30.0,4.187137464948651e-06
-77.5,30.0,4.291632916638765e-06
-75.0,30.0,5.4496846802495715e-06
-72.5,30.0,9.80243360374345e-06
-70.0,30.0,2.0596152121534344e-05
-67.5,30.0,2.929139182093202e-05
-65.0,30.0,2.5205945857611052e-05
-62.5,30.0,2.0202433994699923e-05
-60.0,30.0,1.7783446369256074e-05
-57.5,30.0,1.6505965327543045e-05
-55.0,30.0,1.179194137903431e-05
-52.5,30.0,4.611983428106429e-06
-50.0,30.0,5.878639417681038e-06
-47.5,30.0,4.877488108555473e-05
-45.0,30.0,0.00016699988752168752
-42.5,30.0,0.000280419122978361
-40.0,30.0,0.0007883719138898523
-37.5,30.0,0.0037828626241337205
-35.0,30.0,0.014790340246924298
-32.5,30.0,0.024275141436150085
-30.0,30.0,0.022335032732806084
-27.5,30.0,0.017644182992932692
-25.0,30.0,0.005069291121625471
-22.5,30.0,0.00022045644488718292
-20.0,30.0,1.89210578414816e-05
-17.5,30.0,1.739841830463514e-05
-15.0,30.0,3.0119075278068817e-05
-12.5,30.0,1.414667796420497e-05
-10.0,30.0,5.1675899705751855e-06
-7.5,30.0,3.0482248082847103e-06
-5.0,30.0,2.350344593009261e-06
-2.5,30.0,1.847320827751061e-06
0.0,30.0,1.418515543786553e-06
2.5,30.0,1.1553995047417394e-06
5.0,30.0,1.0231101546961404e-06
7.5,30.0,9.51006289808059e-07
10.0,30.0,8.873903509414365e-07
12.5,30.0,7.628291043090511e-07
15.0,30.0,6.00951659478068e-07
17.5,30.0,5.181755257302157e-07
20.0,30.0,5.462200623777573e-07
22.5,30.0,6.391322392692661e-07
25.0,30.0,6.833771285558678e-07
27.5,30.0,6.795168480669489e-07
30.0,30.0,6.984810473443433e-07
32.5,30.0,7.480003509940378e-07
35.0,30.0,7.983904824892514e-07
37.5,30.0,8.201935958855693e-07
40.0,30.0,8.301053196297124e-07
42.5,30.0,8.127492641655275e-07
45.0,30.0,7.08651364406896e-07
47.5,30.0,6.013124894384966e-07
50.0,30.0,5.783323451326087e-07
52.5,30.0,6.365804570729473e-07
55.0,30.0,6.941451282350042e-07
57.5,30.0,6.895280738085891e-07
60.0,30.0,6.79174457781263e-07
62.5,30.0,7.007737286426799e-07
65.0,30.0,7.42383323510088e-07
67.5,30.0,7.772105395002734e-07
70.0,30.0,7.969371647006916e-07
72.5,30.0,8.149291801716753e-07
75.0,30.0,8.400044265611962e-07
77.5,30.0,8.676624457575629e-07
80.0,30.0,8.905954696495507e-07
82.5,30.0,9.081271660228822e-07
85.0,30.0,9.246229125372524e-07
87.5,30.0,9.431826197945941e-07
90.0,30.0,9.647223659272808e-07
92.5,30.0,9.915760796224283e-07
95.0,30.0,1.0296825375755192e-06
97.5,30.0,1.087835661683768e-06
100.0,30.0,1.1768021285441886e-06
102.5,30.0,1.310484425862655e-06
105.0,30.0,1.5092221082778256e-06
107.5,30.0,1.8052043804296597e-06
110.0,30.0,2.2513101932571846e-06
112.5,30.0,2.9366509636242233e-06
115.0,30.0,4.014671614316349e-06
117.5,30.0,5.736175751317527e-06
120.0,30.0,8.314784322845112e-06
122.5,30.0,1.1339941565303147e-05
125.0,30.0,1.3771154545316739e-05
127.5,30.0,1.5119142474561078e-05
130.0,30.0,1.5678622773482443e-05
132.5,30.0,1.5865946217216435e-05
135.0,30.0,1.591808980714204e-05
137.5,30.0,1.5929617774736087e-05
140.0,30.0,1.5931039531447205e-05
142.5,30.0,1.593062271099291e-05
145.0,30.0,1.5930168928476373e-05
147.5,30.0,1.5929906531346886e-05
150.0,30.0,1.592977934594937e-05
152.5,30.0,1.5929722633202598e-05
155.0,30.0,1.5929698566121103e-05
-142.5,32.5,1.5929689131181647e-05
-140.0,32.5,1.5929707841179238e-05
-137.5,32.5,1.5929779054713877e-05
-135.0,32.5,1.59300426781834e-05
-132.5,32.5,1.5930953773307225e-05
-130.0,32.5,1.593343596986662e-05
-127.5,32.5,1.5932553576593056e-05
-125.0,32.5,1.583007009968328e-05
-122.5,32.5,1.4755838197916115e-05
-120.0,32.5,9.9484480723559e-06
-117.5,32.5,4.2635050678027575e-06
-115.0,32.5,1.890299933431518e-06
-112.5,32.5,1.0135181383310358e-06
-110.0,32.5,6.747479840768762e-07
-107.5,32.5,5.567275954439767e-07
-105.0,32.5,5.51647453164612e-07
-102.5,32.5,6.110948392533955e-07
-100.0,32.5,6.821885076225402e-07
-97.5,32.5,7.354666340772279e-07
-95.0,32.5,8.073348950484099e-07
-92.5,32.5,9.720590807706234e-07
-90.0,32.5,1.3061025085764276e-06
-87.5,32.5,1.2939203016878632e-06
-85.0,32.5,1.141739238978218e-06
-82.5,32.5,2.000626770823288e-06
-80.0,32.5,4.750273722258364e-06
-77.5,32.5,5.510023147155932e-06
-75.0,32.5,6.644863818459859e-06
-72.5,32.5,1.1179893964787112e-05
-70.0,32.5,2.145799633852762e-05
-67.5,32.5,3.0879585284431374e-05
-65.0,32.5,2.861390194747087e-05
-62.5,32.5,2.320704963708959e-05
-60.0,32.5,2.0700494338398935e-05
-57.5,32.5,1.8500062761599018e-05
-55.0,32.5,9.101159755314703e-06
-52.5,32.5,3.4482916589609154e-06
-50.0,32.5,4.2982323451212025e-06
-47.5,32.5,2.9023031740342068e-05
-45.0,32.5,0.0001817944505993194
-42.5,32.5,0.0004107543615574815
-40.0,32.5,0.0011205011241644132
-37.5,32.5,0.004592083058902453
-35.0,32.5,0.01651305133289835
-32.5,32.5,0.029812506953685092
-30.0,32.5,0.028094227509946997
-27.5,32.5,0.0166190588207385
-25.0,32.5,0.0029837030398649433
-22.5,32.5,0.00016632336054707675
-20.0,32.5,2.2306656184539647e-05
-17.5,32.5,1.6703280836217856e-05
-15.0,32.5,2.325122479755718e-05
-12.5,32.5,1.4985459282888305e-05
-10.0,32.5,6.308375672397049e-06
-7.5,32.5,3.5581713289701287e-06
-5.0,32.5,2.5724165940749323e-06
-2.5,32.5,1.973324288378726e-06
0.0,32.5,1.5201176468215592e-06
2.5,32.5,1.2302022137454334e-06
5.0,32.5,1.0353136969372904e-06
7.5,32.5,8.490359104965704e-07
10.0,32.5,8.207546662169143e-07
12.5,32.5,7.580424987204785e-07
15.0,32.5,6.19561514535663e-07
17.5,32.5,5.487251267444205e-07
20.0,32.5,5.68094122214574e-07
22.5,32.5,6.4376977136875e-07
25.0,32.5,6.968661168944581e-07
27.5,32.5,7.081091023336137e-07
30.0,32.5,7.279635837564863e-07
32.5,32.5,7.700579632315704e-07
35.0,32.5,7.94178647712687e-07
37.5,32.5,7.362162873294701e-07
40.0,32.5,7.26757166184504e-07
42.5,32.5,7.805286462111696e-07
45.0,32.5,7.114957238002737e-07
47.5,32.5,6.21899915994021e-07
50.0,32.5,6.004965613957e-07
52.5,32.5,6.452267750492588e-07
55.0,32.5,6.991105337836859e-07
57.5,32.5,7.097189365768167e-07
60.0,32.5,7.067471944629933e-07
62.5,32.5,7.254880563742349e-07
65.0,32.5,7.620982795299634e-07
67.5,32.5,7.964504954743337e-07
70.0,32.5,8.193136355300951e-07
72.5,32.5,8.387556521897323e-07
75.0,32.5,8.62659630854782e-07
77.5,32.5,8.889644672096752e-07
80.0,32.5,9.119147348498224e-07
82.5,32.5,9.30141519438896e-07
85.0,32.5,9.468908782639997e-07
87.5,32.5,9.653751126867566e-07
90.0,32.5,9.872837298842e-07
92.5,32.5,1.0152505894671646e-06
95.0,32.5,1.054891507998861e-06
97.5,32.5,1.1145952536255388e-06
100.0,32.5,1.2049308272610083e-06
102.5,32.5,1.3396291275643212e-06
105.0,32.5,1.538527185667412e-06
107.5,32.5,1.8325756232262324e-06
110.0,32.5,2.2720372782083544e-06
112.5,32.5,2.9407191660456995e-06
115.0,32.5,3.981352273192786e-06
117.5,32.5,5.62618255122782e-06
120.0,32.5,8.089008457792214e-06
122.5,32.5,1.1045925520858005e-05
125.0,32.5,1.3531013752353522e-05
127.5,32.5,1.4984830561183657e-05
130.0,32.5,1.5621536400372414e-05
132.5,32.5,1.5846284925843397e-05
135.0,32.5,1.5912577959663685e-05
137.5,32.5,1.5928502075978602e-05
140.0,32.5,1.593101230808643e-05
142.5,32.5,1.5930758519619814e-05
145.0,32.5,1.5930272263021703e-05
147.5,32.5,1.5929963917648428e-05
150.0,32.5,1.5929807492142656e-05
152.5,32.5,1.5929735537849665e-05
155.0,32.5,1.592970422053319e-05
-142.5,35.0,1.5929697060750246e-05
-140.0,35.0,1.5929736694014134e-05
-137.5,35.0,1.5929880738744816e-05
-135.0,35.0,1.593038074665137e-05
-132.5,35.0,1.5931917273609923e-05
-130.0,35.0,1.5934690055352608e-05
-127.5,35.0,1.591872249954121e-05
-125.0,35.0,1.5656549949499728e-05
-122.5,35.0,1.37673364119755e-05
-120.0,35.0,8.259002139591135e-06
-117.5,35.0,3.6571020678775423e-06
-115.0,35.0,1.7834181624810435e-06
-112.5,35.0,1.0356875942508083e-06
-110.0,35.0,7.261468523496593e-07
-107.5,35.0,6.103587342119025e-07
-105.0,35.0,5.978055579208673e-07
-102.5,35.0,6.45662202991729e-07
-100.0,35.0,7.142904836824574e-07
-97.5,35.0,7.812735704063707e-07
-95.0,35.0,8.841060859262748e-07
-92.5,35.0,1.129478684088194e-06
-90.0,35.0,1.4612379116230102e-06
-87.5,35.0,1.3484366842685539e-06
-85.0,35.0,1.2828068395717165e-06
-82.5,35.0,2.0723747596782585e-06
-80.0,35.0,4.804733545777661e-06
-77.5,35.0,6.847566407186058e-06
-75.0,35.0,8.17074391854246e-06
-72.5,35.0,1.2737903651197992e-05
-70.0,35.0,2.2515151099644312e-05
-67.5,35.0,3.2225492995414156e-05
-65.0,35.0,3.194899406295727e-05
-62.5,35.0,2.7086200096293384e-05
-60.0,35.0,2.4327112936963275e-05
-57.5,35.0,1.902511702994519e-05
-55.0,35.0,8.314092889712573e-06
-52.5,35.0,3.889021227454144e-06
-50.0,35.0,5.026446963126124e-06
-47.5,35.0,2.4852277443859453e-05
-45.0,35.0,0.0001752971603863437
-42.5,35.0,0.0005598809817860076
-40.0,35.0,0.001554506552002156
-37.5,35.0,0.005604919949527972
-35.0,35.0,0.01815904885997033
-32.5,35.0,0.026382353149464025
-30.0,35.0,0.011514715894635425
-27.5,35.0,0.008290190144289607
-25.0,35.0,0.002129023946239082
-22.5,35.0,0.00017726536083853024
-20.0,35.0,3.1542636807013775e-05
-17.5,35.0,2.0062945963391558e-05
-15.0,35.0,2.188814779863608e-05
-12.5,35.0,1.564266881582933e-05
-10.0,35.0,7.461414208413719e-06
-7.5,35.0,4.117565946353274e-06
-5.0,35.0,2.826506970880371e-06
-2.5,35.0,2.1135408991866e-06
0.0,35.0,1.6208485296920174e-06
2.5,35.0,1.2699598743836647e-06
5.0,35.0,9.046171817403265e-07
7.5,35.0,6.226684524457645e-07
10.0,35.0,6.4101796975769e-07
12.5,35.0,7.24833051999153e-07
15.0,35.0,6.436555485641756e-07
17.5,35.0,5.827748937644929e-07
20.0,35.0,5.954865745343443e-07
22.5,35.0,6.573189203327247e-07
25.0,35.0,7.11748751041464e-07
27.5,35.0,7.341682793175444e-07
30.0,35.0,7.558128533865235e-07
32.5,35.0,7.846045278199212e-07
35.0,35.0,7.505853857330763e-07
37.5,35.0,6.309373436802819e-07
40.0,35.0,6.149581846543705e-07
42.5,35.0,7.139835357296917e-07
45.0,35.0,7.137884094125082e-07
47.5,35.0,6.469333714277347e-07
50.0,35.0,6.26982145982817e-07
52.5,35.0,6.613923365195709e-07
55.0,35.0,7.093856983366597e-07
57.5,35.0,7.288447627459185e-07
60.0,35.0,7.327726202519299e-07
62.5,35.0,7.502069090795951e-07
65.0,35.0,7.828770453706655e-07
67.5,35.0,8.162080681107259e-07
70.0,35.0,8.411427770210914e-07
72.5,35.0,8.619596193581445e-07
75.0,35.0,8.851904018112272e-07
77.5,35.0,9.103764448538652e-07
80.0,35.0,9.331618359626409e-07
82.5,35.0,9.518955038781372e-07
85.0,35.0,9.689587715367296e-07
87.5,35.0,9.875175127110544e-07
90.0,35.0,1.0098335355793367e-06
92.5,35.0,1.0388429989647718e-06
95.0,35.0,1.0799487758555992e-06
97.5,35.0,1.1411815687219959e-06
100.0,35.0,1.2328834820669752e-06
102.5,35.0,1.3685859364424819e-06
105.0,35.0,1.5676547714372697e-06
107.5,35.0,1.859920750459961e-06
110.0,35.0,2.2932914741341437e-06
112.5,35.0,2.946828019578726e-06
115.0,35.0,3.9537672881268865e-06
117.5,35.0,5.529780150699768e-06
120.0,35.0,7.885716111086769e-06
122.5,35.0,1.0769374996316009e-05
125.0,35.0,1.3291990776615541e-05
127.5,35.0,1.4843169653521266e-05
130.0,35.0,1.5557914766148975e-05
132.5,35.0,1.5823124092370617e-05
135.0,35.0,1.5905639776614405e-05
137.5,35.0,1.5926919981354782e-05
140.0,35.0,1.5930869928558556e-05
142.5,35.0,1.593088237282504e-05
145.0,35.0,1.5930384940967094e-05
147.5,35.0,1.593003055007185e-05
150.0,35.0,1.5929841423505923e-05
152.5,35.0,1.5929751533714603e-05
155.0,35.0,1.5929711401271302e-05
-142.5,37.5,1.5929712588154156e-05
-140.0,37.5,1.592979048730474e-05
-137.5,37.5,1.593005912747428e-05
-135.0,37.5,1.593092059557783e-05
-132.5,37.5,1.593314811166416e-05
-130.0,37.5,1.5933975173009873e-05
-127.5,37.5,1.588143137147845e-05
-125.0,37.5,1.5352668542378038e-05
-122.5,37.5,1.2594401635135174e-05
-120.0,37.5,7.010466938389106e-06
-117.5,37.5,3.2830309962442563e-06
-115.0,37.5,1.729735049159315e-06
-112.5,37.5,1.0683580853603502e-06
-110.0,37.5,7.785288723185656e-07
-107.5,37.5,6.631919999872334e-07
-105.0,37.5,6.440445301929077e-07
-102.5,37.5,6.830259680350939e-07
-100.0,37.5,7.505961047833124e-07
-97.5,37.5,8.373406817797385e-07
-95.0,37.5,1.0034846222608583e-06
-92.5,37.5,1.2930944991833102e-06
-90.0,37.5,1.4488882669753252e-06
-87.5,37.5,1.5498813504270491e-06
-85.0,37.5,1.543983606251775e-06
-82.5,37.5,2.3347367569899467e-06
-80.0,37.5,4.924248647997234e-06
-77.5,37.5,7.966096845018134e-06
-75.0,37.5,9.960324917758646e-06
-72.5,37.5,1.4539332926186825e-05
-70.0,37.5,2.3839787817997596e-05
-67.5,37.5,3.3822067428500035e-05
-65.0,37.5,3.597758036745454e-05
-62.5,37.5,3.094959840743826e-05
-60.0,37.5,2.640297339592218e-05
-57.5,37.5,1.9764976585360318e-05
-55.0,37.5,8.931408975231911e-06
-52.5,37.5,5.0425359606312585e-06
-50.0,37.5,6.763649916345907e-06
-47.5,37.5,2.67037626934406e-05
-45.0,37.5,0.00017238785221275441
-42.5,37.5,0.0006990110293779076
-40.0,37.5,0.0020833060407024974
-37.5,37.5,0.00675719783237575
-35.0,37.5,0.015847991387136703
-32.5,37.5,0.004361140181227327
-30.0,37.5,0.00022821690809854045
-27.5,37.5,0.0004269329396389877
-25.0,37.5,0.0011015577626553414
-22.5,37.5,0.0002097109469404302
-20.0,37.5,4.585457311569394e-05
-17.5,37.5,2.5781849955011564e-05
-15.0,37.5,2.300711151022556e-05
-12.5,37.5,1.65165427039459e-05
-10.0,37.5,8.592728358618811e-06
-7.5,37.5,4.716405581229157e-06
-5.0,37.5,3.108832802153354e-06
-2.5,37.5,2.266177378634327e-06
0.0,37.5,1.7098425194061158e-06
2.5,37.5,1.2493660791879847e-06
5.0,37.5,7.952812146954479e-07
7.5,37.5,5.56757207714288e-07
10.0,37.5,5.678807266905687e-07
12.5,37.5,6.785425388744307e-07
15.0,37.5,6.642462473189149e-07
17.5,37.5,6.172763391471516e-07
20.0,37.5,6.250784673207146e-07
22.5,37.5,6.76011499819969e-07
25.0,37.5,7.285375365102233e-07
27.5,37.5,7.582639446682783e-07
30.0,37.5,7.805029914093724e-07
32.5,37.5,7.88165252054992e-07
35.0,37.5,7.106143082402592e-07
37.5,37.5,5.92436459890004e-07
40.0,37.5,5.777660940903678e-07
42.5,37.5,6.676200152458504e-07
45.0,37.5,7.1087276560314e-07
47.5,37.5,6.721236749391769e-07
50.0,37.5,6.549579736547378e-07
52.5,37.5,6.815573186554421e-07
55.0,37.5,7.235591446506294e-07
57.5,37.5,7.476934254403995e-07
60.0,37.5,7.573743738592446e-07
62.5,37.5,7.74609208242826e-07
65.0,37.5,8.042911470121634e-07
67.5,37.5,8.363800884788837e-07
70.0,37.5,8.625967642536473e-07
72.5,37.5,8.846137442479722e-07
75.0,37.5,9.075209118128717e-07
77.5,37.5,9.318176338665241e-07
80.0,37.5,9.543434001348042e-07
82.5,37.5,9.734356672948915e-07
85.0,37.5,9.908395619653056e-07
87.5,37.5,1.009590627631931e-06
90.0,37.5,1.0323588748050309e-06
92.5,37.5,1.06236094117205e-06
95.0,37.5,1.104866503931305e-06
97.5,37.5,1.1675982959981139e-06
100.0,37.5,1.26065814919464e-06
102.5,37.5,1.3973565825594494e-06
105.0,37.5,1.5966112621463144e-06
107.5,37.5,1.8872319060502496e-06
110.0,37.5,2.314995779980206e-06
112.5,37.5,2.9546988798282306e-06
115.0,37.5,3.931123601823474e-06
117.5,37.5,5.445105735214104e-06
120.0,37.5,7.702503647851775e-06
122.5,37.5,1.0510161176791936e-05
125.0,37.5,1.3055943734968475e-05
127.5,37.5,1.4695404976541421e-05
130.0,37.5,1.5487979407446155e-05
132.5,37.5,1.57963037424725e-05
135.0,37.5,1.5897110592219993e-05
137.5,37.5,1.592478108809424e-05
140.0,37.5,1.5930575356720026e-05
142.5,37.5,1.5930982434681402e-05
145.0,37.5,1.5930504404558274e-05
147.5,37.5,1.5930106510168498e-05
150.0,37.5,1.5929881714734125e-05
152.5,37.5,1.5929771077774293e-05
155.0,37.5,1.5929720390160664e-05
-142.5,40.0,1.592974091130676e-05
-140.0,40.0,1.592988372507191e-05
-137.5,40.0,1.5930347377593655e-05
-135.0,40.0,1.5931692774381688e-05
-132.5,40.0,1.593432047639825e-05
-130.0,40.0,1.5928229677230187e-05
-127.5,40.0,1.580620589775028e-05
-125.0,40.0,1.4906427118198942e-05
-122.5,40.0,1.1396470500024982e-05
-120.0,40.0,6.122283166422576e-06
-117.5,40.0,3.0426375410688507e-06
-115.0,40.0,1.7074678020209031e-06
-112.5,40.0,1.1070875906714284e-06
-110.0,40.0,8.310834846558616e-07
-107.5,40.0,7.151881013915161e-07
-105.0,40.0,6.903587950870626e-07
-102.5,40.0,7.23076801808865e-07
-100.0,40.0,7.938019078009437e-07
-97.5,40.0,9.133382368761711e-07
-95.0,40.0,1.1133904781464128e-06
-92.5,40.0,1.006872397836578e-06
-90.0,40.0,8.796325857701395e-07
-87.5,40.0,1.4238702031499249e-06
-85.0,40.0,1.885387913079673e-06
-82.5,40.0,2.72206657212024e-06
-80.0,40.0,5.210849858785644e-06
-77.5,40.0,8.86624881408086e-06
-75.0,40.0,1.1842615211594123e-05
-72.5,40.0,1.65971508652403e-05
-70.0,40.0,2.5582584291237274e-05
-67.5,40.0,3.605702441534715e-05
-65.0,40.0,3.4527168870723696e-05
-62.5,40.0,1.3043951626355999e-05
-60.0,40.0,8.09719061742007e-06
-57.5,40.0,1.5085490344570317e-05
-55.0,40.0,1.048157481917448e-05
-52.5,40.0,6.858409055533441e-06
-50.0,40.0,9.437903883396478e-06
-47.5,40.0,3.184592555091538e-05
-45.0,40.0,0.000179884334605267
-42.5,40.0,0.0008210642756311782
-40.0,40.0,0.0026651938857079126
-37.5,40.0,0.007568983751239219
-35.0,40.0,0.008506026760197504
-32.5,40.0,0.0006576291540948921
-30.0,40.0,4.197843324644648e-05
-27.5,40.0,7.036139217423762e-05
-25.0,40.0,0.00039666954476085344
-22.5,40.0,0.00023164300175797304
-20.0,40.0,6.507014551865568e-05
-17.5,40.0,3.354236077586692e-05
-15.0,40.0,2.558252416780873e-05
-12.5,40.0,1.773801664578196e-05
-10.0,40.0,9.710946608005762e-06
-7.5,40.0,5.346217118891642e-06
-5.0,40.0,3.4164139918296227e-06
-2.5,40.0,2.4263739790129354e-06
0.0,40.0,1.7765701324228415e-06
2.5,40.0,1.2151786568554814e-06
5.0,40.0,7.662896578535578e-07
7.5,40.0,5.665055941358121e-07
10.0,40.0,5.649969250008034e-07
12.5,40.0,6.56068769360892e-07
15.0,40.0,6.79287648944699e-07
17.5,40.0,6.502579774556134e-07
20.0,40.0,6.553394091207652e-07
22.5,40.0,6.976808168321998e-07
25.0,40.0,7.466822645144768e-07
27.5,40.0,7.78782983602949e-07
30.0,40.0,7.988698168696605e-07
32.5,40.0,7.867576012403294e-07
35.0,40.0,6.939874590200786e-07
37.5,40.0,5.92558697606854e-07
40.0,40.0,5.793201980136774e-07
42.5,40.0,6.512089430394475e-07
45.0,40.0,7.084788769019608e-07
47.5,40.0,6.951979798066315e-07
50.0,40.0,6.829109241167917e-07
52.5,40.0,7.038382928783013e-07
55.0,40.0,7.404320205219925e-07
57.5,40.0,7.666865632112789e-07
60.0,40.0,7.808120847518953e-07
62.5,40.0,7.985254174172685e-07
65.0,40.0,8.260361853131236e-07
67.5,40.0,8.56857587780565e-07
70.0,40.0,8.837922355701986e-07
72.5,40.0,9.067968683279986e-07
75.0,40.0,9.296100798437391e-07
77.5,40.0,9.532257270763846e-07
80.0,40.0,9.75457174948347e-07
82.5,40.0,9.947973904240023e-07
85.0,40.0,1.012548502861997e-06
87.5,40.0,1.0315822071288813e-06
90.0,40.0,1.054848492311391e-06
92.5,40.0,1.0858085014458778e-06
95.0,40.0,1.1296551904180902e-06
97.5,40.0,1.1938506571166893e-06
100.0,40.0,1.288254903968216e-06
102.5,40.0,1.425942762120893e-06
105.0,40.0,1.625401304030642e-06
107.5,40.0,1.914502127518242e-06
110.0,40.0,2.337086337229572e-06
112.5,40.0,2.9641008732924447e-06
115.0,40.0,3.912764676121712e-06
117.5,40.0,5.370603134658741e-06
120.0,40.0,7.537203949823181e-06
122.5,40.0,1.0267846594649295e-05
125.0,40.0,1.282439865068569e-05
127.5,40.0,1.4542780662314915e-05
130.0,40.0,1.5412046613357e-05
132.5,40.0,1.5765715614356278e-05
135.0,40.0,1.5886837390753232e-05
137.5,40.0,1.5921992346194033e-05
140.0,40.0,1.5930087398896295e-05
142.5,40.0,1.5931044391254758e-05
145.0,40.0,1.5930627023631288e-05
147.5,40.0,1.59301915619227e-05
150.0,40.0,1.5929928817433667e-05
152.5,40.0,1.592979463116482e-05
155.0,40.0,1.592973149082983e-05
-142.5,42.5,1.5929789576983734e-05
-140.0,42.5,1.5930034728318703e-05
-137.5,42.5,1.5930777441736112e-05
-135.0,42.5,1.593266753907821e-05
-132.5,42.5,1.5934721514513622e-05
-130.0,42.5,1.5913051295831997e-05
-127.5,42.5,1.56794023916451e-05
-125.0,42.5,1.4334428860058997e-05
-122.5,42.5,1.029133368884887e-05
-120.0,42.5,5.491129637562363e-06
-117.5,42.5,2.8842211701817836e-06
-115.0,42.5,1.70490304776005e-06
-112.5,42.5,1.1494414906950804e-06
-110.0,42.5,8.834382711670699e-07
-107.5,42.5,7.664881322725235e-07
-105.0,42.5,7.370648548030339e-07
-102.5,42.5,7.665446510118078e-07
-100.0,42.5,8.465673309706986e-07
-97.5,42.5,9.994096635381676e-07
-95.0,42.5,1.1106603039467722e-06
-92.5,42.5,8.670079710340351e-07
-90.0,42.5,7.861678604729775e-07
-87.5,42.5,1.2495900572054198e-06
-85.0,42.5,2.1122023620372163e-06
-82.5,42.5,3.207271829217891e-06
-80.0,42.5,5.7067897761853786e-06
-77.5,42.5,9.75439604846795e-06
-75.0,42.5,1.3727081954691556e-05
-72.5,42.5,1.890732088369691e-05
-70.0,42.5,2.7849247807313983e-05
-67.5,42.5,3.671748199382856e-05
-65.0,42.5,2.1360852467366762e-05
-62.5,42.5,4.825347329001023e-06
-60.0,42.5,3.1064774341449383e-06
-57.5,42.5,7.873284623195049e-06
-55.0,42.5,1.1591951221111347e-05
-52.5,42.5,9.447236426261033e-06
-50.0,42.5,1.3223064781823877e-05
-47.5,42.5,3.9761812665778246e-05
-45.0,42.5,0.00019759363935501465
-42.5,42.5,0.0009356307060621747
-40.0,42.5,0.003220850691218873
-37.5,42.5,0.007410151010732177
-35.0,42.5,0.0042293504221870655
-32.5,42.5,0.0003183711676221212
-30.0,42.5,3.9759737755504606e-05
-27.5,42.5,5.09756541848472e-05
-25.0,42.5,0.0002062069396914543
-22.5,42.5,0.00022726601878495317
-20.0,42.5,8.771988275268161e-05
-17.5,42.5,4.3250638441559915e-05
-15.0,42.5,2.923046058630169e-05
-12.5,42.5,1.9324071695579025e-05
-10.0,42.5,1.0844511328702192e-05
-7.5,42.5,5.998114214684346e-06
-5.0,42.5,3.7086125357508047e-06
-2.5,42.5,2.48131829665553e-06
0.0,42.5,1.7745464432429351e-06
2.5,42.5,1.2000838210881332e-06
5.0,42.5,7.809958857337018e-07
7.5,42.5,6.018313996601229e-07
10.0,42.5,5.883995140199765e-07
12.5,42.5,6.562689299558699e-07
15.0,42.5,6.928377220180317e-07
17.5,42.5,6.806737981903994e-07
20.0,42.5,6.8538218467897e-07
22.5,42.5,7.204223291130089e-07
25.0,42.5,7.568537762899027e-07
27.5,42.5,7.539198420688913e-07
30.0,42.5,7.675810646925861e-07
32.5,42.5,7.776067297848038e-07
35.0,42.5,6.943477952411678e-07
37.5,42.5,6.092505441485729e-07
40.0,42.5,5.968044717329626e-07
42.5,42.5,6.533940153875477e-07
45.0,42.5,7.109560222391984e-07
47.5,42.5,7.159260838620339e-07
50.0,42.5,7.099614108674052e-07
52.5,42.5,7.271474340632153e-07
55.0,42.5,7.591238575223707e-07
57.5,42.5,7.859905658529977e-07
60.0,42.5,8.033619431768298e-07
62.5,42.5,8.21892385995835e-07
65.0,42.5,8.478982792406119e-07
67.5,42.5,8.775398191270254e-07
70.0,42.5,9.048024297402646e-07
72.5,42.5,9.285814138058201e-07
75.0,42.5,9.514417655699257e-07
77.5,42.5,9.74555201641869e-07
80.0,42.5,9.964973567941748e-07
82.5,42.5,1.0160070715512135e-06
85.0,42.5,1.0341015015372825e-06
87.5,42.5,1.0534859682381476e-06
90.0,42.5,1.0772927986532549e-06
92.5,42.5,1.1091879724281469e-06
95.0,42.5,1.1543238092646685e-06
97.5,42.5,1.2199447441347782e-06
100.0,42.5,1.3156754722585178e-06
102.5,42.5,1.4543463394336898e-06
105.0,42.5,1.6540283676742736e-06
107.5,42.5,1.9417250967358014e-06
110.0,42.5,2.3595095601400823e-06
112.5,42.5,2.9748411728972876e-06
115.0,42.5,3.898143109674338e-06
117.5,42.5,5.304966347538818e-06
120.0,42.5,7.387881975040363e-06
122.5,42.5,1.0041782828228401e-05
125.0,42.5,1.259856989839395e-05
127.5,42.5,1.4386503768025167e-05
130.0,42.5,1.533051071119165e-05
132.5,42.5,1.5731303571301508e-05
135.0,42.5,1.5874682347018468e-05
137.5,42.5,1.591845995772108e-05
140.0,42.5,1.592936127188166e-05
142.5,42.5,1.593105141249657e-05
145.0,42.5,1.5930748004680034e-05
147.5,42.5,1.5930285030569678e-05
150.0,42.5,1.5929983134715103e-05
152.5,42.5,1.5929822666071705e-05
155.0,42.5,1.5929745024199725e-05
-142.5,45.0,1.592986797310692e-05
-140.0,45.0,1.5930263925242753e-05
-137.5,45.0,1.593136936012967e-05
-135.0,45.0,1.5933710857313586e-05
-132.5,45.0,1.5933167397657356e-05
-130.0,45.0,1.588312099365028e-05
-127.5,45.0,1.549179722275272e-05
-125.0,45.0,1.3674572498670549e-05
-122.5,45.0,9.335164816404371e-06
-120.0,45.0,5.036515280772467e-06
-117.5,45.0,2.7788378604442727e-06
-115.0,45.0,1.7152913123023638e-06
-112.5,45.0,1.1940265878931042e-06
-110.0,45.0,9.354783203644785e-07
-107.5,45.0,8.173802978503217e-07
-105.0,45.0,7.847338141152995e-07
-102.5,45.0,8.143815571899851e-07
-100.0,45.0,9.080023839680433e-07
-97.5,45.0,1.0717932640060325e-06
-95.0,45.0,1.0961830981482764e-06
-92.5,45.0,8.854244450691827e-07
-90.0,45.0,8.562715980707127e-07
-87.5,45.0,1.2583808850721874e-06
-85.0,45.0,2.2400617710738527e-06
-82.5,45.0,3.7775574103739493e-06
-80.0,45.0,6.377253983596986e-06
-77.5,45.0,1.0899403531206637e-05
-75.0,45.0,1.589688434084766e-05
-72.5,45.0,2.1587154171043074e-05
-70.0,45.0,3.0367149848495733e-05
-67.5,45.0,3.356192486857495e-05
-65.0,45.0,1.3892086989206952e-05
-62.5,45.0,3.777783200846129e-06
-60.0,45.0,2.7232034800660164e-06
-57.5,45.0,5.699646657617392e-06
-55.0,45.0,1.1523073212442947e-05
-52.5,45.0,1.2705898878481222e-05
-50.0,45.0,1.8387117633027487e-05
-47.5,45.0,5.064438183317227e-05
-45.0,45.0,0.00022488798880315787
-42.5,45.0,0.0010389346035539091
-40.0,45.0,0.0034068655835492157
-37.5,45.0,0.006249343446400205
-35.0,45.0,0.0026595005828157245
-32.5,45.0,0.00029012924546517344
-30.0,45.0,5.81819304418185e-05
-27.5,45.0,6.12471138170462e-05
-25.0,45.0,0.00016154128581802186
-22.5,45.0,0.0002160807599104844
-20.0,45.0,0.00011099731674072502
-17.5,45.0,5.473204261490404e-05
-15.0,45.0,3.3785803814188566e-05
-12.5,45.0,2.126239148034506e-05
-10.0,45.0,1.201171460588721e-05
-7.5,45.0,6.560737489039661e-06
-5.0,45.0,3.4793499967929723e-06
-2.5,45.0,1.7328244918260206e-06
0.0,45.0,1.3464002788899516e-06
2.5,45.0,1.1583496611575016e-06
5.0,45.0,8.153461039044014e-07
7.5,45.0,6.469009975418803e-07
10.0,45.0,6.222085162487023e-07
12.5,45.0,6.701897431758074e-07
15.0,45.0,7.081670510070117e-07
17.5,45.0,7.085797360704364e-07
20.0,45.0,7.143748847991159e-07
22.5,45.0,7.391619434145364e-07
25.0,45.0,7.314309310189267e-07
27.5,45.0,6.529097757094639e-07
30.0,45.0,6.591953545561384e-07
32.5,45.0,7.371424745237473e-07
35.0,45.0,7.0090211061505e-07
37.5,45.0,6.3278598175938e-07
40.0,45.0,6.208881601956299e-07
42.5,45.0,6.656529411193979e-07
45.0,45.0,7.187716838796307e-07
47.5,45.0,7.351336629415548e-07
50.0,45.0,7.357049099294278e-07
52.5,45.0,7.508103562294426e-07
55.0,45.0,7.790086895829909e-07
57.5,45.0,8.05632931882193e-07
60.0,45.0,8.252615824087248e-07
62.5,45.0,8.447141190099622e-07
65.0,45.0,8.697316932957239e-07
67.5,45.0,8.983384862833532e-07
70.0,45.0,9.256717942976358e-07
72.5,45.0,9.500308191453282e-07
75.0,45.0,9.730155431739757e-07
77.5,45.0,9.957737980648212e-07
80.0,45.0,1.0174553818704988e-06
82.5,45.0,1.037083975480289e-06
85.0,45.0,1.0555132377874257e-06
87.5,45.0,1.075298964506913e-06
90.0,45.0,1.0996849016670054e-06
92.5,45.0,1.1324997747422395e-06
95.0,45.0,1.1788794234084152e-06
97.5,45.0,1.2458867165307656e-06
100.0,45.0,1.3429227527588651e-06
102.5,45.0,1.4825695766481422e-06
105.0,45.0,1.6824952352169859e-06
107.5,45.0,1.9688948918159702e-06
110.0,45.0,2.382219882119424e-06
112.5,45.0,2.986757219887412e-06
115.0,45.0,3.8867993498623395e-06
117.5,45.0,5.24709436985632e-06
120.0,45.0,7.252820816494094e-06
122.5,45.0,9.831187188507055e-06
125.0,45.0,1.2379389755813769e-05
127.5,45.0,1.4227716926890697e-05
130.0,45.0,1.524382675170042e-05
132.5,45.0,1.5693062241899074e-05
135.0,45.0,1.5860525573686945e-05
137.5,45.0,1.5914091253832067e-05
140.0,45.0,1.592834922039411e-05
142.5,45.0,1.5930984274378664e-05
145.0,45.0,1.5930861278488397e-05
147.5,45.0,1.5930385722341764e-05
150.0,45.0,1.593004486164924e-05
152.5,45.0,1.5929855606899894e-05
155.0,45.0,1.592976132309435e-05
-142.5,47.5,1.5929988015713344e-05
-140.0,47.5,1.5930590876379937e-05
-137.5,47.5,1.5932117500891618e-05
-135.0,47.5,1.5934542967552593e-05
-132.5,47.5,1.5928008832254326e-05
-130.0,47.5,1.5832966993881975e-05
-127.5,47.5,1.5240854473587714e-05
-125.0,47.5,1.2972442607498324e-05
-122.5,47.5,8.538064892599192e-06
-120.0,47.5,4.703466827071606e-06
-117.5,47.5,2.709311766523082e-06
-115.0,47.5,1.7345358436274085e-06
-112.5,47.5,1.2400447736986384e-06
-110.0,47.5,9.872645737789895e-07
-107.5,47.5,8.682705424966722e-07
-105.0,47.5,8.34027047591489e-07
-102.5,47.5,8.669486944803243e-07
-100.0,47.5,9.737199149011045e-07
-97.5,47.5,1.1279676953361002e-06
-95.0,47.5,1.1149172573789286e-06
-92.5,47.5,9.597534986446588e-07
-90.0,47.5,9.728222293992321e-07
-87.5,47.5,1.3618006561557353e-06
-85.0,47.5,2.40015848523817e-06
-82.5,47.5,3.5610222955064287e-06
-80.0,47.5,3.2191423066849695e-06
-77.5,47.5,6.834450747800837e-06
-75.0,47.5,1.7134393215764866e-05
-72.5,47.5,2.470809586017419e-05
-70.0,47.5,3.180707670386114e-05
-67.5,47.5,2.932194686229287e-05
-65.0,47.5,1.1492517784318972e-05
-62.5,47.5,4.0503112827835386e-06
-60.0,47.5,3.134675204441739e-06
-57.5,47.5,5.478686471644583e-06
-55.0,47.5,1.144478441762735e-05
-52.5,47.5,1.6243887335272354e-05
-50.0,47.5,2.5141079254714826e-05
-47.5,47.5,6.494389884793635e-05
-45.0,47.5,0.0002552599533231967
-42.5,47.5,0.000777963666410412
-40.0,47.5,0.0007971703658811232
-37.5,47.5,0.0016950601971195646
-35.0,47.5,0.0017861943794657564
-32.5,47.5,0.00033634974745335306
-30.0,47.5,9.279068955720967e-05
-27.5,47.5,8.499109566536957e-05
-25.0,47.5,0.00015972608713151975
-22.5,47.5,0.00021250563400612696
-20.0,47.5,0.00013291382838352572
-17.5,47.5,6.763293234070085e-05
-15.0,47.5,3.915475778961065e-05
-12.5,47.5,2.352779328320886e-05
-10.0,47.5,1.3137456332112298e-05
-7.5,47.5,6.625984346071663e-06
-5.0,47.5,2.6581049322540753e-06
-2.5,47.5,1.155778574153865e-06
0.0,47.5,9.654110081107017e-07
2.5,47.5,1.042618364584901e-06
5.0,47.5,8.512332050290857e-07
7.5,47.5,6.957257142580416e-07
10.0,47.5,6.605302770393891e-07
12.5,47.5,6.919517250124136e-07
15.0,47.5,7.262652471759413e-07
17.5,47.5,7.345879016213435e-07
20.0,47.5,7.409879368039038e-07
22.5,47.5,7.47723915043163e-07
25.0,47.5,6.909009473357965e-07
27.5,47.5,5.927250373929022e-07
30.0,47.5,5.953751411418471e-07
32.5,47.5,6.882584035397939e-07
35.0,47.5,7.045324741373329e-07
37.5,47.5,6.582770236862688e-07
40.0,47.5,6.475883726303925e-07
42.5,47.5,6.833352616399236e-07
45.0,47.5,7.308750828822983e-07
47.5,47.5,7.536968478100953e-07
50.0,47.5,7.600989133207291e-07
52.5,47.5,7.744027204849504e-07
55.0,47.5,7.996393098435583e-07
57.5,47.5,8.255748815938349e-07
60.0,47.5,8.466930024316012e-07
62.5,47.5,8.670313468186019e-07
65.0,47.5,8.914411147364647e-07
67.5,47.5,9.19180619195183e-07
70.0,47.5,9.46423750795688e-07
72.5,47.5,9.71197709803403e-07
75.0,47.5,9.943403300379455e-07
77.5,47.5,1.0168604105309153e-06
80.0,47.5,1.0383234193605694e-06
82.5,47.5,1.0580419431074062e-06
85.0,47.5,1.076797245665625e-06
87.5,47.5,1.097021488306153e-06
90.0,47.5,1.1220190297607073e-06
92.5,47.5,1.1557441662409207e-06
95.0,47.5,1.2033280690168247e-06
97.5,47.5,1.2716831012064417e-06
100.0,47.5,1.3700005053494653e-06
102.5,47.5,1.5106151713258359e-06
105.0,47.5,1.71080415936504e-06
107.5,47.5,1.996006070096244e-06
110.0,47.5,2.4051781993184184e-06
112.5,47.5,2.9997110260895575e-06
115.0,47.5,3.878344875544218e-06
117.5,47.5,5.196054203681706e-06
120.0,47.5,7.1305032041713945e-06
122.5,47.5,9.635201004893596e-06
125.0,47.5,1.2167542417487854e-05
127.5,47.5,1.406747879219544e-05
130.0,47.5,1.51524935605449e-05
132.5,47.5,1.565103414732206e-05
135.0,47.5,1.5844267223042484e-05
137.5,47.5,1.5908796556763113e-05
140.0,47.5,1.592700128316035e-05
142.5,47.5,1.593082144786279e-05
145.0,47.5,1.593095948783486e-05
147.5,47.5,1.593049188950854e-05
150.0,47.5,1.5930114022246e-05
152.5,47.5,1.592989380874327e-05
155.0,47.5,1.592978072548881e-05
-142.5,50.0,1.5930162359002292e-05
-140.0,50.0,1.59310305633581e-05
-137.5,50.0,1.5932973912268488e-05
-135.0,50.0,1.593471364896014e-05
-132.5,50.0,1.5917208518613207e-05
-130.0,50.0,1.5757836821783504e-05
-127.5,50.0,1.4931041631363579e-05
-125.0,50.0,1.2269393978911704e-05
-122.5,50.0,7.886147229930682e-06
-120.0,50.0,4.455670164608398e-06
-117.5,50.0,2.6649451797579816e-06
-115.0,50.0,1.7600601294355422e-06
-112.5,50.0,1.2870634206884514e-06
-110.0,50.0,1.0389822558446187e-06
-107.5,50.0,9.196221915617177e-07
-105.0,50.0,8.8547322626285e-07
-102.5,50.0,9.237256948274128e-07
-100.0,50.0,1.0396762544407557e-06
-97.5,50.0,1.177934502696299e-06
-95.0,50.0,1.1598357810330112e-06
-92.5,50.0,1.0565171898905371e-06
-90.0,50.0,1.1093888035000462e-06
-87.5,50.0,1.5177194672893897e-06
-85.0,50.0,2.4822537818450597e-06
-82.5,50.0,2.476948581955176e-06
-80.0,50.0,1.7101332586900224e-06
-77.5,50.0,3.326161953228855e-06
-75.0,50.0,1.3031684397349732e-05
-72.5,50.0,1.814930663959563e-05
-70.0,50.0,1.3100091665546132e-05
-67.5,50.0,1.8758438998757433e-05
-65.0,50.0,1.0933210837297365e-05
-62.5,50.0,4.8068107380727416e-06
-60.0,50.0,3.890277115516895e-06
-57.5,50.0,6.001339773253326e-06
-55.0,50.0,1.19322222797602e-05
-52.5,50.0,1.9840353128171466e-05
-50.0,50.0,3.349835211079992e-05
-47.5,50.0,8.239300558374149e-05
-45.0,50.0,0.00024566365098802685
-42.5,50.0,0.0002273628492513677
-40.0,50.0,6.609476600204234e-05
-37.5,50.0,0.00015494306555203976
-35.0,50.0,0.000762731730795
-32.5,50.0,0.000398881280205433
-30.0,50.0,0.00014568561831560463
-27.5,50.0,0.00012122014425411703
-25.0,50.0,0.00017717816954862024
-22.5,50.0,0.0002188828820095339
-20.0,50.0,0.00015336729545221368
-17.5,50.0,8.151126037604489e-05
-15.0,50.0,4.525462677296978e-05
-12.5,50.0,2.605380434427585e-05
-10.0,50.0,1.4004186024644705e-05
-7.5,50.0,6.1888008205027614e-06
-5.0,50.0,2.1905773228569957e-06
-2.5,50.0,1.030757260475259e-06
0.0,50.0,8.678883658011607e-07
2.5,50.0,9.560110260574847e-07
5.0,50.0,8.770046157484678e-07
7.5,50.0,7.44768767140038e-07
10.0,50.0,7.008763356727595e-07
12.5,50.0,7.183236278785343e-07
15.0,50.0,7.468512241135786e-07
17.5,50.0,7.585435566272557e-07
20.0,50.0,7.630392133931476e-07
22.5,50.0,7.490379123322867e-07
25.0,50.0,6.687622248172472e-07
27.5,50.0,5.802802414471542e-07
30.0,50.0,5.810123914549915e-07
32.5,50.0,6.615932181523919e-07
35.0,50.0,7.053128617928628e-07
37.5,50.0,6.827940759626641e-07
40.0,50.0,6.749638415813923e-07
42.5,50.0,7.03953153802884e-07
45.0,50.0,7.46072769002279e-07
47.5,50.0,7.721805626218274e-07
50.0,50.0,7.833099492093491e-07
52.5,50.0,7.976751024780635e-07
55.0,50.0,8.206934885141871e-07
57.5,50.0,8.457506618515676e-07
60.0,50.0,8.677865918504888e-07
62.5,50.0,8.889006485782343e-07
65.0,50.0,9.129702247162315e-07
67.5,50.0,9.40007168521287e-07
70.0,50.0,9.670696928205807e-07
72.5,50.0,9.921234664166263e-07
75.0,50.0,1.0154303784228811e-06
77.5,50.0,1.0378029968885527e-06
80.0,50.0,1.0590948989307211e-06
82.5,50.0,1.0788907190527363e-06
85.0,50.0,1.0979652203490226e-06
87.5,50.0,1.1186547113025084e-06
90.0,50.0,1.1442912504118463e-06
92.5,50.0,1.1789206526062238e-06
95.0,50.0,1.2276746172708604e-06
97.5,50.0,1.2973398704161988e-06
100.0,50.0,1.3969131358123828e-06
102.5,50.0,1.5384862082261293e-06
105.0,50.0,1.7389573076443522e-06
107.5,50.0,2.023053633461622e-06
110.0,50.0,2.428350580138092e-06
112.5,50.0,3.0135844903957254e-06
115.0,50.0,3.872449362398287e-06
117.5,50.0,5.15105157008495e-06
120.0,50.0,7.019591632984996e-06
122.5,50.0,9.452932632886616e-06
125.0,50.0,1.1963499125993929e-05
127.5,50.0,1.3906751815245157e-05
130.0,50.0,1.5057037931954724e-05
132.5,50.0,1.560530572205779e-05
135.0,50.0,1.5825828831440155e-05
137.5,50.0,1.5902490804544357e-05
140.0,50.0,1.592526607019596e-05
142.5,50.0,1.5930539280477396e-05
145.0,50.0,1.5931033918750265e-05
147.5,50.0,1.5930601157062554e-05
150.0,50.0,1.5930190416927883e-05
152.5,50.0,1.5929937633718202e-05
155.0,50.0,1.592980358714577e-05
-142.5,52.5,1.5930403516206456e-05
-140.0,52.5,1.5931586633770614e-05
-137.5,52.5,1.5933835212154566e-05
-135.0,52.5,1.5933588346372294e-05
-132.5,52.5,1.589855289941158e-05
-130.0,52.5,1.565442312524845e-05
-127.5,52.5,1.4572405329837443e-05
-125.0,52.5,1.1596244521148594e-05
-122.5,52.5,7.357121531242593e-06
-120.0,52.5,4.269064326737272e-06
-117.5,52.5,2.6388111090094105e-06
-115.0,52.5,1.7902098302065942e-06
-112.5,52.5,1.3348894195806857e-06
-110.0,52.5,1.0908932651650268e-06
-107.5,52.5,9.718746808427565e-07
-105.0,52.5,9.393281745670604e-07
-102.5,52.5,9.83672529704935e-07
-100.0,52.5,1.1042198495582778e-06
-97.5,52.5,1.2287150353746065e-06
-95.0,52.5,1.221268557068321e-06
-92.5,52.5,1.164741954438407e-06
-90.0,52.5,1.2591656401487956e-06
-87.5,52.5,1.6951851596096972e-06
-85.0,52.5,2.4329274511897373e-06
-82.5,52.5,2.096538925897473e-06
-80.0,52.5,1.6106770809547298e-06
-77.5,52.5,2.694579623305382e-06
-75.0,52.5,8.22599694559057e-06
-72.5,52.5,6.215051733313581e-06
-70.0,52.5,3.091673995959696e-06
-67.5,52.5,6.635957556011431e-06
-65.0,52.5,9.765358273044963e-06
-62.5,52.5,5.840239302147384e-06
-60.0,52.5,4.905643703503237e-06
-57.5,52.5,6.953708560380585e-06
-55.0,52.5,1.3016568633844345e-05
-52.5,52.5,2.3590745401655943e-05
-50.0,52.5,4.3237546931725196e-05
-47.5,52.5,9.962904339461649e-05
-45.0,52.5,0.00018724974033278041
-42.5,52.5,8.509204326737386e-05
-40.0,52.5,2.6914572487490177e-05
-37.5,52.5,5.278151665671787e-05
-35.0,52.5,0.00031424267623150716
-32.5,52.5,0.00041785248084217404
-30.0,52.5,0.000216388289573045
-27.5,52.5,0.00017075587086214236
-25.0,52.5,0.00020738074707928327
-22.5,52.5,0.0002340505706966786
-20.0,52.5,0.00017328922756686805
-17.5,52.5,9.600558764198343e-05
-15.0,52.5,5.1919609217143565e-05
-12.5,52.5,2.851571616658393e-05
-10.0,52.5,1.4415147023621722e-05
-7.5,52.5,5.751293674683761e-06
-5.0,52.5,2.0623110670374166e-06
-2.5,52.5,1.0611427657029185e-06
0.0,52.5,8.816801250961303e-07
2.5,52.5,9.294851062254039e-07
5.0,52.5,8.969585381973355e-07
7.5,52.5,7.914832003374152e-07
10.0,52.5,7.419289392022444e-07
12.5,52.5,7.472302326930519e-07
15.0,52.5,7.651945678984678e-07
17.5,52.5,7.575770998052921e-07
20.0,52.5,7.528588712888269e-07
22.5,52.5,7.441198063868168e-07
25.0,52.5,6.65259633440514e-07
27.5,52.5,5.904078557877968e-07
30.0,52.5,5.897808432577751e-07
32.5,52.5,6.554422747617447e-07
35.0,52.5,7.077639669923288e-07
37.5,52.5,7.051413270902041e-07
40.0,52.5,7.019175603332467e-07
42.5,52.5,7.261082905356354e-07
45.0,52.5,7.634064487677828e-07
47.5,52.5,7.908596931708091e-07
50.0,52.5,8.055760714405812e-07
52.5,52.5,8.205020327884141e-07
55.0,52.5,8.419401599028943e-07
57.5,52.5,8.660872857508984e-07
60.0,52.5,8.886314778252236e-07
62.5,52.5,9.103812103429124e-07
65.0,52.5,9.342889013753941e-07
67.5,52.5,9.60773145071574e-07
70.0,52.5,9.876121151223282e-07
72.5,52.5,1.0128410817089788e-06
75.0,52.5,1.0363022140214241e-06
77.5,52.5,1.0585949188591533e-06
80.0,52.5,1.0797639746342921e-06
82.5,52.5,1.0996373438272463e-06
85.0,52.5,1.1190269579635094e-06
87.5,52.5,1.140201496062728e-06
90.0,52.5,1.1664988655964403e-06
92.5,52.5,1.2020282663397537e-06
95.0,52.5,1.2519231489046413e-06
97.5,52.5,1.3228628538021888e-06
100.0,52.5,1.4236654644531547e-06
102.5,52.5,1.5661862151177933e-06
105.0,52.5,1.7669567439559064e-06
107.5,52.5,2.0500330263280923e-06
110.0,52.5,2.45170742494904e-06
112.5,52.5,3.028275910037292e-06
115.0,52.5,3.868829888454969e-06
117.5,52.5,5.111406890473491e-06
120.0,52.5,6.918908068256268e-06
122.5,52.5,9.283488302138742e-06
125.0,52.5,1.1767552360374978e-05
127.5,52.5,1.3746395713227983e-05
130.0,52.5,1.4958000252162755e-05
132.5,52.5,1.5556002443339223e-05
135.0,52.5,1.5805153995808278e-05
137.5,52.5,1.5895095046865624e-05
140.0,52.5,1.5923091564893745e-05
142.5,52.5,1.5930112307749253e-05
145.0,52.5,1.593107454688395e-05
147.5,52.5,1.5930710480191906e-05
150.0,52.5,1.5930273558735395e-05
152.5,52.5,1.5929987298730956e-05
155.0,52.5,1.59298302279406e-05
-142.5,55.0,1.5930722267100056e-05
-140.0,55.0,1.5932246352178832e-05
-137.5,55.0,1.593453482289526e-05
-135.0,55.0,1.593037090617649e-05
-132.5,55.0,1.586985756053384e-05
-130.0,55.0,1.5521305239681657e-05
-127.5,55.0,1.4178240909886448e-05
-125.0,55.0,1.097215835407618e-05
-122.5,55.0,6.928359755497934e-06
-120.0,55.0,4.127443364294866e-06
-117.5,55.0,2.6262837885795643e-06
-115.0,55.0,1.8239159309765881e-06
-112.5,55.0,1.383484118087003e-06
-110.0,55.0,1.1432848740172396e-06
-107.5,55.0,1.0253752452329845e-06
-105.0,55.0,9.955699706623533e-07
-102.5,55.0,1.0457378257570864e-06
-100.0,55.0,1.1674741375262818e-06
-97.5,55.0,1.2831133246123285e-06
-95.0,55.0,1.2934899824841503e-06
-92.5,55.0,1.2805993681184026e-06
-90.0,55.0,1.4180592691992401e-06
-87.5,55.0,1.8657423819725985e-06
-85.0,55.0,2.3964657256162668e-06
-82.5,55.0,2.0948531898109036e-06
-80.0,55.0,1.821100547864978e-06
-77.5,55.0,2.7634878902324002e-06
-75.0,55.0,5.566714448419841e-06
-72.5,55.0,3.5227642826206822e-06
-70.0,55.0,2.0951484337899767e-06
-67.5,55.0,3.7891358410267956e-06
-65.0,55.0,7.84499807238942e-06
-62.5,55.0,6.911690879203675e-06
-60.0,55.0,6.1571145928736e-06
-57.5,55.0,8.251670556476307e-06
-55.0,55.0,1.4653967726237735e-05
-52.5,55.0,2.7705863043246738e-05
-50.0,55.0,5.38615962296319e-05
-47.5,55.0,0.0001118721815805592
-45.0,55.0,0.00014087880247367872
-42.5,55.0,5.817133061293087e-05
-40.0,55.0,2.5476476275078514e-05
-37.5,55.0,4.3446371977885496e-05
-35.0,55.0,0.0001940387979391486
-32.5,55.0,0.0003977633448740172
-30.0,55.0,0.0002971705272827972
-27.5,55.0,0.00023394665804269343
-25.0,55.0,0.0002482340983818915
-22.5,55.0,0.0002567269851432895
-20.0,55.0,0.00019367488871402307
-17.5,55.0,0.0001102829291843483
-15.0,55.0,5.486237988633343e-05
-12.5,55.0,2.2765961312838228e-05
-10.0,55.0,1.1372848979660909e-05
-7.5,55.0,5.359181019924296e-06
-5.0,55.0,2.1001865360694153e-06
-2.5,55.0,1.1510304415812e-06
0.0,55.0,9.386376122452843e-07
2.5,55.0,9.420347019576242e-07
5.0,55.0,9.192302795789026e-07
7.5,55.0,8.350277669953142e-07
10.0,55.0,7.826531031867047e-07
12.5,55.0,7.74870478041673e-07
15.0,55.0,7.58133377202538e-07
17.5,55.0,6.774354593966328e-07
20.0,55.0,6.581490549442888e-07
22.5,55.0,7.103011467294641e-07
25.0,55.0,6.701637106892024e-07
27.5,55.0,6.101616229655255e-07
30.0,55.0,6.085731183556699e-07
32.5,55.0,6.618071708129562e-07
35.0,55.0,7.141277617724333e-07
37.5,55.0,7.255301246189928e-07
40.0,55.0,7.278423557248486e-07
42.5,55.0,7.489576910624116e-07
45.0,55.0,7.821722432951158e-07
47.5,55.0,8.098272352769139e-07
50.0,55.0,8.271272415648692e-07
52.5,55.0,8.428428923087587e-07
55.0,55.0,8.632171607316763e-07
57.5,55.0,8.865157348580857e-07
60.0,55.0,9.092852834372826e-07
62.5,55.0,9.315282732210595e-07
65.0,55.0,9.553852614878948e-07
67.5,55.0,9.814455998806171e-07
70.0,55.0,1.008049875606097e-06
72.5,55.0,1.033375299602465e-06
75.0,55.0,1.0569718947348205e-06
77.5,55.0,1.0792350966960667e-06
80.0,55.0,1.1003272231404788e-06
82.5,55.0,1.1202869389138056e-06
85.0,55.0,1.1399907840914314e-06
87.5,55.0,1.1616651870368144e-06
90.0,55.0,1.1886406135319206e-06
92.5,55.0,1.225067024793472e-06
95.0,55.0,1.2760766466105212e-06
97.5,55.0,1.3482572164052852e-06
100.0,55.0,1.4502623551890851e-06
102.5,55.0,1.5937189056630745e-06
105.0,55.0,1.7948046123159964e-06
107.5,55.0,2.0769401610794126e-06
110.0,55.0,2.4752226668544355e-06
112.5,55.0,3.0436970626977166e-06
115.0,55.0,3.867243066422064e-06
117.5,55.0,5.076536045233472e-06
120.0,55.0,6.82741508821971e-06
122.5,55.0,9.125993615427447e-06
125.0,55.0,1.1579847418372682e-05
127.5,55.0,1.3587165906814317e-05
130.0,55.0,1.4855922191461257e-05
132.5,55.0,1.550328350573972e-05
135.0,55.0,1.5782208445735057e-05
137.5,55.0,1.588653767061183e-05
140.0,55.0,1.592042596455849e-05
142.5,55.0,1.5929513486205646e-05
145.0,55.0,1.5931070052361065e-05
147.5,55.0,1.593081611528135e-05
150.0,55.0,1.5930362677050953e-05
152.5,55.0,1.593004295249358e-05
155.0,55.0,1.5929860922171585e-05
-142.5,57.5,1.593112497193965e-05
-140.0,57.5,1.593297551526269e-05
-137.5,57.5,1.5934822579143957e-05
-135.0,57.5,1.592416084237784e-05
-132.5,57.5,1.582919657795145e-05
-130.0,57.5,1.5359033331682042e-05
-127.5,57.5,1.3762726757997662e-05
-125.0,57.5,1.0406514106361364e-05
-122.5,57.5,6.580105797761549e-06
-120.0,57.5,4.019664634255187e-06
-117.5,57.5,2.6241992571170015e-06
-115.0,57.5,1.860492779941184e-06
-112.5,57.5,1.4329016219210388e-06
-110.0,57.5,1.196428272123491e-06
-107.5,57.5,1.0803461897965936e-06
-105.0,57.5,1.0539927980544313e-06
-102.5,57.5,1.1091520434960783e-06
-100.0,57.5,1.2302229175265895e-06
-97.5,57.5,1.3418878158048937e-06
-95.0,57.5,1.3734713478419819e-06
-92.5,57.5,1.402271315366349e-06
-90.0,57.5,1.580802216136258e-06
-87.5,57.5,2.0207543122395384e-06
-85.0,57.5,2.425535161722466e-06
-82.5,57.5,2.2404972099402277e-06
-80.0,57.5,2.1416769288501398e-06
-77.5,57.5,3.0097184159177684e-06
-75.0,57.5,4.4865417080682635e-06
-72.5,57.5,3.085668553926485e-06
-70.0,57.5,2.189456100586588e-06
-67.5,57.5,3.346923260939424e-06
-65.0,57.5,6.695661639258423e-06
-62.5,57.5,7.784048278878767e-06
-60.0,57.5,7.606141105917208e-06
-57.5,57.5,9.879913402239879e-06
-55.0,57.5,1.6817959959541577e-05
-52.5,57.5,3.183278525591276e-05
-50.0,57.5,6.013593142089688e-05
-47.5,57.5,0.0001132302171948741
-45.0,57.5,0.00011839083461946125
-42.5,57.5,5.554851830470844e-05
-40.0,57.5,3.16534650761196e-05
-37.5,57.5,4.940345202204515e-05
-35.0,57.5,0.00016472696216810072
-32.5,57.5,0.00037895113286688144
-30.0,57.5,0.00037712692084294485
-27.5,57.5,0.00030949142633506627
-25.0,57.5,0.00029886311554900967
-22.5,57.5,0.0002860039538159056
-20.0,57.5,0.00021443936989220264
-17.5,57.5,0.00011711678392252516
-15.0,57.5,3.7980420037046146e-05
-12.5,57.5,8.175172303923678e-06
-10.0,57.5,4.728292165172936e-06
-7.5,57.5,4.281084043604935e-06
-5.0,57.5,2.1972316365129584e-06
-2.5,57.5,1.2697805964939202e-06
0.0,57.5,1.015954078509754e-06
2.5,57.5,9.770041634951855e-07
5.0,57.5,9.473161168907543e-07
7.5,57.5,8.760143861159951e-07
10.0,57.5,8.216510882069136e-07
12.5,57.5,7.944325559367226e-07
15.0,57.5,7.258141850854521e-07
17.5,57.5,6.095300189868679e-07
20.0,57.5,5.880428599859857e-07
22.5,57.5,6.621597270819678e-07
25.0,57.5,6.732578605124945e-07
27.5,57.5,6.332519623960224e-07
30.0,57.5,6.31686473638402e-07
32.5,57.5,6.752565395157801e-07
35.0,57.5,7.243919941951208e-07
37.5,57.5,7.447007872049204e-07
40.0,57.5,7.52509385940666e-07
42.5,57.5,7.719687765434819e-07
45.0,57.5,8.018633469215302e-07
47.5,57.5,8.290796953824206e-07
50.0,57.5,8.481517403549539e-07
52.5,57.5,8.647084597995421e-07
55.0,57.5,8.844148935277918e-07
57.5,57.5,9.069740589708685e-07
60.0,57.5,9.297836195531285e-07
62.5,57.5,9.523894120123065e-07
65.0,57.5,9.762595187452384e-07
67.5,57.5,1.002001536746339e-06
70.0,57.5,1.028379636375564e-06
72.5,57.5,1.0537445517760394e-06
75.0,57.5,1.07745587222553e-06
77.5,57.5,1.0997254046664577e-06
80.0,57.5,1.1207824068143504e-06
82.5,57.5,1.140842991788163e-06
85.0,57.5,1.160863562065961e-06
87.5,57.5,1.1830486601966222e-06
90.0,57.5,1.210715408719307e-06
92.5,57.5,1.24803635274714e-06
95.0,57.5,1.3001379693083e-06
97.5,57.5,1.3735278855309127e-06
100.0,57.5,1.4767087627524249e-06
102.5,57.5,1.6210884741869602e-06
105.0,57.5,1.8225031735991059e-06
107.5,57.5,2.103771489790772e-06
110.0,57.5,2.4988733697678898e-06
112.5,57.5,3.059770963380618e-06
115.0,57.5,3.8674780919011415e-06
117.5,57.5,5.045934478920545e-06
120.0,57.5,6.744198667562807e-06
122.5,57.5,8.979607699906022e-06
125.0,57.5,1.1400410704993155e-05
127.5,57.5,1.3429715552521081e-05
130.0,57.5,1.4751336266321993e-05
132.5,57.5,1.5447336266933924e-05
135.0,57.5,1.575697951712804e-05
137.5,57.5,1.5876755401790397e-05
140.0,57.5,1.5917218429702257e-05
142.5,57.5,1.5928714486528543e-05
145.0,57.5,1.5931007880188998e-05
147.5,57.5,1.5930913574190935e-05
150.0,57.5,1.5930456648876537e-05
152.5,57.5,1.5930104603712223e-05
155.0,57.5,1.592989598581573e-05
-142.5,60.0,1.5931611145621462e-05
-140.0,60.0,1.59337149277891e-05
-137.5,60.0,1.5934387286124408e-05
-135.0,60.0,1.5913993231219447e-05
-132.5,60.0,1.577508991718801e-05
-130.0,60.0,1.5169913665269981e-05
-127.5,60.0,1.3339091034932675e-05
-125.0,60.0,9.901730492960438e-06
-122.5,60.0,6.296219885618797e-06
-120.0,60.0,3.937908276938694e-06
-117.5,60.0,2.63035226862877e-06
-115.0,60.0,1.8995055252096206e-06
-112.5,60.0,1.4832417073797238e-06
-110.0,60.0,1.2505485539835922e-06
-107.5,60.0,1.136890914133788e-06
-105.0,60.0,1.11431270152642e-06
-102.5,60.0,1.1734787879333787e-06
-100.0,60.0,1.2932895985800282e-06
-97.5,60.0,1.4050676916521723e-06
-95.0,60.0,1.4595173549911819e-06
-92.5,60.0,1.5281679106652464e-06
-90.0,60.0,1.7426130646021926e-06
-87.5,60.0,2.1657714850499287e-06
-85.0,60.0,2.510925554812767e-06
-82.5,60.0,2.4533041498721657e-06
-80.0,60.0,2.509075211901004e-06
-77.5,60.0,3.299070035997188e-06
-75.0,60.0,4.1456797338994025e-06
-72.5,60.0,3.194233157732459e-06
-70.0,60.0,2.571421901646822e-06
-67.5,60.0,3.527397269160445e-06
-65.0,60.0,6.336875443999549e-06
-62.5,60.0,8.476043226683294e-06
-60.0,60.0,9.184055849195381e-06
-57.5,60.0,1.1827723947499447e-05
-55.0,60.0,1.9015435800768943e-05
-52.5,60.0,2.6975749282622396e-05
-50.0,60.0,2.6518634654072418e-05
-47.5,60.0,5.7726425172732805e-05
-45.0,60.0,9.950821844965113e-05
-42.5,60.0,6.136977315849992e-05
-40.0,60.0,4.2526937581482124e-05
-37.5,60.0,6.26308491052613e-05
-35.0,60.0,0.00016671088986302944
-32.5,60.0,0.0003770878657253334
-30.0,60.0,0.00045094847311913535
-27.5,60.0,0.000394352587683546
-25.0,60.0,0.00035851775978183514
-22.5,60.0,0.00032089607146775623
-20.0,60.0,0.00023177149927447907
-17.5,60.0,0.00010558378361037645
-15.0,60.0,2.1475218896829306e-05
-12.5,60.0,4.340351053361462e-06
-10.0,60.0,2.7671511092943896e-06
-7.5,60.0,3.1715410687094273e-06
-5.0,60.0,2.256058481328371e-06
-2.5,60.0,1.402503015121863e-06
0.0,60.0,1.1047038040730244e-06
2.5,60.0,1.025469535025887e-06
5.0,60.0,9.814677842970302e-07
7.5,60.0,9.153864386265926e-07
10.0,60.0,8.571728912900509e-07
12.5,60.0,8.050426430890395e-07
15.0,60.0,7.025150831743428e-07
17.5,60.0,5.90066200729538e-07
20.0,60.0,5.697812380875007e-07
22.5,60.0,6.348865955884404e-07
25.0,60.0,6.736062044664653e-07
27.5,60.0,6.560796697881924e-07
30.0,60.0,6.564068757771863e-07
32.5,60.0,6.926918416162557e-07
35.0,60.0,7.377698154117479e-07
37.5,60.0,7.633155491472698e-07
40.0,60.0,7.759531229914389e-07
42.5,60.0,7.948102979291457e-07
45.0,60.0,8.221132270990822e-07
47.5,60.0,8.48569688408691e-07
50.0,60.0,8.687905474183906e-07
52.5,60.0,8.861352397421537e-07
55.0,60.0,9.054637164964235e-07
57.5,60.0,9.27410658094845e-07
60.0,60.0,9.501470546188675e-07
62.5,60.0,9.730042645457754e-07
65.0,60.0,9.96918276808e-07
67.5,60.0,1.022425983213833e-06
70.0,60.0,1.048597136928184e-06
72.5,60.0,1.0739631685877998e-06
75.0,60.0,1.0977678454984321e-06
77.5,60.0,1.1200699366847769e-06
80.0,60.0,1.1411291136014745e-06
82.5,60.0,1.161308397183426e-06
85.0,60.0,1.1816509255280977e-06
87.5,60.0,1.2043554002742573e-06
90.0,60.0,1.2327233873210269e-06
92.5,60.0,1.2709359023016928e-06
95.0,60.0,1.3241093361968167e-06
97.5,60.0,1.39867936021434e-06
100.0,60.0,1.5030096903793438e-06
102.5,60.0,1.6482989463089857e-06
105.0,60.0,1.8500548709198912e-06
107.5,60.0,2.1305239225619864e-06
110.0,60.0,2.5226392025167777e-06
112.5,60.0,3.0764300990941963e-06
115.0,60.0,3.8693514943058096e-06
117.5,60.0,5.019164505060211e-06
120.0,60.0,6.6684523846751325e-06
122.5,60.0,8.843531998246418e-06
125.0,60.0,1.1229174661364509e-05
127.5,60.0,1.3274600084979502e-05
130.0,60.0,1.4644757351783008e-05
132.5,60.0,1.5388370671023595e-05
135.0,60.0,1.5729475253544616e-05
137.5,60.0,1.5865694082404664e-05
140.0,60.0,1.5913419846919565e-05
142.5,60.0,1.5927686206797183e-05
145.0,60.0,1.593087435622493e-05
147.5,60.0,1.5930997649475213e-05
150.0,60.0,1.5930554001750096e-05
152.5,60.0,1.5930172141239646e-05
155.0,60.0,1.592993561681669e-05
-142.5,62.5,1.5932174060260606e-05
-140.0,62.5,1.5934365266234133e-05
-137.5,62.5,1.5932859291036295e-05
-135.0,62.5,1.589892206094947e-05
-132.5,62.5,1.5706622890979087e-05
-130.0,62.5,1.4957592790718577e-05
-127.5,62.5,1.291851450625519e-05
-125.0,62.5,9.455893190072099e-06
-122.5,62.5,6.063938542180135e-06
-120.0,62.5,3.876580680622147e-06
-117.5,62.5,2.643182608389375e-06
-115.0,62.5,1.9406839135327633e-06
-112.5,62.5,1.5346171578729375e-06
-110.0,62.5,1.3058108183057136e-06
-107.5,62.5,1.1950185522627354e-06
-105.0,62.5,1.1762509970544323e-06
-102.5,62.5,1.23854738989412e-06
-100.0,62.5,1.3573374599577384e-06
-97.5,62.5,1.4724570425526046e-06
-95.0,62.5,1.550494712077293e-06
-92.5,62.5,1.656670536258837e-06
-90.0,62.5,1.9009047376722632e-06
-87.5,62.5,2.3081869608302718e-06
-85.0,62.5,2.6365091123590485e-06
-82.5,62.5,2.700875166248789e-06
-80.0,62.5,2.8913324922490144e-06
-77.5,62.5,3.6042927218532562e-06
-75.0,62.5,4.148485803689561e-06
-72.5,62.5,3.508562165855713e-06
-70.0,62.5,3.0918273816835343e-06
-67.5,62.5,3.967195792433675e-06
-65.0,62.5,6.4580669958929225e-06
-62.5,62.5,9.137464622146274e-06
-60.0,62.5,1.0826727087533237e-05
-57.5,62.5,1.3950201069765776e-05
-55.0,62.5,1.8972429914738816e-05
-52.5,62.5,1.4194375942068053e-05
-50.0,62.5,8.233369941767118e-06
-47.5,62.5,1.807623559341147e-05
-45.0,62.5,6.497012436039662e-05
-42.5,62.5,6.933419782994345e-05
-40.0,62.5,5.7699672577475116e-05
-37.5,62.5,8.185414104876087e-05
-35.0,62.5,0.00018449051806898042
-32.5,62.5,0.00039243528820706705
-30.0,62.5,0.0005198385136940165
-27.5,62.5,0.0004849612397294939
-25.0,62.5,0.0004261120819506824
-22.5,62.5,0.0003593401587581276
-20.0,62.5,0.0002395689330530245
-17.5,62.5,8.673822691748365e-05
-15.0,62.5,1.5400698649629003e-05
-12.5,62.5,3.7698301747731787e-06
-10.0,62.5,2.451619232220923e-06
-7.5,62.5,2.6792479242489607e-06
-5.0,62.5,2.264364579193954e-06
-2.5,62.5,1.5366069208810942e-06
0.0,62.5,1.2004812980805864e-06
2.5,62.5,1.0827439697820276e-06
5.0,62.5,1.0208483046740745e-06
7.5,62.5,9.537415969282261e-07
10.0,62.5,8.884313129456642e-07
12.5,62.5,8.12948301073827e-07
15.0,62.5,6.974199324283402e-07
17.5,62.5,5.969791569315117e-07
20.0,62.5,5.772861021488269e-07
22.5,62.5,6.289186598384639e-07
25.0,62.5,6.758434974072879e-07
27.5,62.5,6.771195020903097e-07
30.0,62.5,6.812590671693515e-07
32.5,62.5,7.123391901265215e-07
35.0,62.5,7.534239625589591e-07
37.5,62.5,7.817922684130862e-07
40.0,62.5,7.983439283707243e-07
42.5,62.5,8.172924938048057e-07
45.0,62.5,8.426564421443442e-07
47.5,62.5,8.682331067224936e-07
50.0,62.5,8.891430563707641e-07
52.5,62.5,9.071712288094686e-07
55.0,62.5,9.263229919762245e-07
57.5,62.5,9.47784511445141e-07
60.0,62.5,9.703858334716667e-07
62.5,62.5,9.934043907352624e-07
65.0,62.5,1.017372856322764e-06
67.5,62.5,1.0427102168290009e-06
70.0,62.5,1.0686993118878896e-06
72.5,62.5,1.0940414920195978e-06
75.0,62.5,1.1179218467193435e-06
77.5,62.5,1.1402737395230056e-06
80.0,62.5,1.161368241871497e-06
82.5,62.5,1.1816860202595603e-06
85.0,62.5,1.2023572565365114e-06
87.5,62.5,1.2255885008726834e-06
90.0,62.5,1.2546650065601996e-06
92.5,62.5,1.2937658277693732e-06
95.0,62.5,1.3479927772804668e-06
97.5,62.5,1.4237157276982196e-06
100.0,62.5,1.5291699482577758e-06
102.5,62.5,1.6753547228037199e-06
105.0,62.5,1.877462261833524e-06
107.5,62.5,2.1571948660326024e-06
110.0,62.5,2.5465020952333366e-06
112.5,62.5,3.0936150032648463e-06
115.0,62.5,3.872702816538684e-06
117.5,62.5,4.995844698504413e-06
120.0,62.5,6.599463754586522e-06
122.5,62.5,8.717015270770703e-06
125.0,62.5,1.1065998841723269e-05
127.5,62.5,1.3122283927302206e-05
130.0,62.5,1.4536676256910499e-05
132.5,62.5,1.5326613850578955e-05
135.0,62.5,1.5699722940506308e-05
137.5,62.5,1.585330914578091e-05
140.0,62.5,1.5908983506196674e-05
142.5,62.5,1.592639893019705e-05
145.0,62.5,1.5930654775901957e-05
147.5,62.5,1.5931062405362216e-05
150.0,62.5,1.5930652876140867e-05
152.5,62.5,1.5930245263404877e-05
155.0,62.5,1.5929980003657228e-05
-142.5,65.0,1.5932792112455403e-05
-140.0,65.0,1.5934807311164215e-05
-137.5,65.0,1.592982301128066e-05
-135.0,65.0,1.5878079518783457e-05
-132.5,65.0,1.5623497754380515e-05
-130.0,65.0,1.47265587578143e-05
-127.5,65.0,1.2509688129652101e-05
-125.0,65.0,9.064743155875928e-06
-122.5,65.0,5.8733029656649215e-06
-120.0,65.0,3.83160784019298e-06
-117.5,65.0,2.6615696081170065e-06
-115.0,65.0,1.9838610353959968e-06
-112.5,65.0,1.587131541228245e-06
-110.0,65.0,1.3623209766507088e-06
-107.5,65.0,1.25467967598068e-06
-105.0,65.0,1.2395786402696603e-06
-102.5,65.0,1.3043588795655327e-06
-100.0,65.0,1.4228444014565914e-06
-97.5,65.0,1.5437914173977885e-06
-95.0,65.0,1.6454981065394544e-06
-92.5,65.0,1.786390260648637e-06
-90.0,65.0,2.055217045971925e-06
-87.5,65.0,2.452848607034751e-06
-85.0,65.0,2.7903396921243226e-06
-82.5,65.0,2.967180918174731e-06
-80.0,65.0,3.2719379205178042e-06
-77.5,65.0,3.924967257256231e-06
-75.0,65.0,4.3327700804834366e-06
-72.5,65.0,3.930465493474925e-06
-70.0,65.0,3.6993015994684523e-06
-67.5,65.0,4.5593477918751925e-06
-65.0,65.0,6.8775177906196005e-06
-62.5,65.0,9.878501281768608e-06
-60.0,65.0,1.2487765882912904e-05
-57.5,65.0,1.5807139717486556e-05
-55.0,65.0,1.6654920409369912e-05
-52.5,65.0,9.07565265013881e-06
-50.0,65.0,5.458386811953823e-06
-47.5,65.0,1.0376999416451575e-05
-45.0,65.0,4.100111989784736e-05
-42.5,65.0,7.349214930560734e-05
-40.0,65.0,7.654576173687992e-05
-37.5,65.0,0.00010696513113435151
-35.0,65.0,0.00021325666163399547
-32.5,65.0,0.00042240546513016506
-30.0,65.0,0.0005874330264793271
-27.5,65.0,0.0005782949920879536
-25.0,65.0,0.0004958712895277663
-22.5,65.0,0.00038031052863501605
-20.0,65.0,0.00022598087935935264
-17.5,65.0,7.264955829472627e-05
-15.0,65.0,1.3811194050077638e-05
-12.5,65.0,4.013777710981138e-06
-10.0,65.0,2.5782877643397932e-06
-7.5,65.0,2.5593198529357107e-06
-5.0,65.0,2.2768575065620656e-06
-2.5,65.0,1.663735884181845e-06
0.0,65.0,1.3002693719070503e-06
2.5,65.0,1.1461832627705548e-06
5.0,65.0,1.064449583517023e-06
7.5,65.0,9.913644821610295e-07
10.0,65.0,9.16247821831804e-07
12.5,65.0,8.231383121151978e-07
15.0,65.0,7.056096747860601e-07
17.5,65.0,6.159318578354542e-07
20.0,65.0,5.960313141648713e-07
22.5,65.0,6.35966004385294e-07
25.0,65.0,6.82332784443983e-07
27.5,65.0,6.964836103795881e-07
30.0,65.0,7.054401873253376e-07
32.5,65.0,7.331308319204692e-07
35.0,65.0,7.706690904584887e-07
37.5,65.0,8.003423155504876e-07
40.0,65.0,8.198901303188448e-07
42.5,65.0,8.393260372419426e-07
45.0,65.0,8.633032607903586e-07
47.5,65.0,8.880038667110406e-07
50.0,65.0,9.092761413003255e-07
52.5,65.0,9.278649536545515e-07
55.0,65.0,9.469723742166009e-07
57.5,65.0,9.680644756293778e-07
60.0,65.0,9.905042642821061e-07
62.5,65.0,1.0136151669226225e-06
65.0,65.0,1.0376355795809895e-06
67.5,65.0,1.0628505552090155e-06
70.0,65.0,1.088683846640077e-06
72.5,65.0,1.113988075273397e-06
75.0,65.0,1.1379282115564372e-06
77.5,65.0,1.1603431941642792e-06
80.0,65.0,1.1815007799426583e-06
82.5,65.0,1.2019775468915178e-06
85.0,65.0,1.2229865111040841e-06
87.5,65.0,1.2467508091871062e-06
90.0,65.0,1.276540900591986e-06
92.5,65.0,1.3165264845056579e-06
95.0,65.0,1.3717900758832009e-06
97.5,65.0,1.448640544201801e-06
100.0,65.0,1.5551940092686568e-06
102.5,65.0,1.702260012526115e-06
105.0,65.0,1.904728029830448e-06
107.5,65.0,2.1837821532433095e-06
110.0,65.0,2.570446034805608e-06
112.5,65.0,3.111273069557097e-06
115.0,65.0,3.877391169334491e-06
117.5,65.0,4.9756412616573026e-06
120.0,65.0,6.5366022200729145e-06
122.5,65.0,8.599355546415177e-06
125.0,65.0,1.0910687776373167e-05
127.5,65.0,1.2973147777953858e-05
130.0,65.0,1.442755483209607e-05
132.5,65.0,1.5262305096244188e-05
135.0,65.0,1.5667767780713285e-05
137.5,65.0,1.5839565933103523e-05
140.0,65.0,1.59038656808708e-05
142.5,65.0,1.5924822813151305e-05
145.0,65.0,1.593033354528505e-05
147.5,65.0,1.593110114419583e-05
150.0,65.0,1.593075100427218e-05
152.5,65.0,1.593032350251942e-05
155.0,65.0,1.5930029263037213e-05
-142.5,67.5,1.593342774582833e-05
-140.0,67.5,1.593488965687915e-05
-137.5,67.5,1.592484182595703e-05
-135.0,67.5,1.5850737629550487e-05
-132.5,67.5,1.5526015690091486e-05
-130.0,67.5,1.4481665684322102e-05
-127.5,67.5,1.2118848680345228e-05
-125.0,67.5,8.723014548822277e-06
-122.5,67.5,5.716575435370971e-06
-120.0,67.5,3.7999754230528662e-06
-117.5,67.5,2.684696592111496e-06
-115.0,67.5,2.02893243806829e-06
-112.5,67.5,1.6408674983243472e-06
-110.0,67.5,1.420134849536067e-06
-107.5,67.5,1.3157948203498848e-06
-105.0,67.5,1.3041320159769199e-06
-102.5,67.5,1.3710069052353062e-06
-100.0,67.5,1.490133661028268e-06
-97.5,67.5,1.61877848337381e-06
-95.0,67.5,1.7437581461341469e-06
-92.5,67.5,1.9163792050668138e-06
-90.0,67.5,2.20631210582301e-06
-87.5,67.5,2.602178777746943e-06
-85.0,67.5,2.964397295234794e-06
-82.5,67.5,3.2432690782444408e-06
-80.0,67.5,3.6446007141469696e-06
-77.5,67.5,4.263333756574642e-06
-75.0,67.5,4.6265019850351015e-06
-72.5,67.5,4.4222380851171436e-06
-70.0,67.5,4.369564982145444e-06
-67.5,67.5,5.261260753594186e-06
-65.0,67.5,7.506665129907118e-06
-62.5,67.5,1.0743349608302103e-05
-60.0,67.5,1.3982000010492688e-05
-57.5,67.5,1.657427954608702e-05
-55.0,67.5,1.4576606246369685e-05
-52.5,67.5,7.879646424929283e-06
-50.0,67.5,5.441543841244617e-06
-47.5,67.5,9.287164833320524e-06
-45.0,67.5,3.1520237475618e-05
-42.5,67.5,7.377796832274699e-05
-40.0,67.5,9.733671019388873e-05
-37.5,67.5,0.0001378616088092547
-35.0,67.5,0.00025131486189459447
-32.5,67.5,0.0004648977825047958
-30.0,67.5,0.0006566436412702081
-27.5,67.5,0.0006627709919331785
-25.0,67.5,0.0004791954972683616
-22.5,67.5,0.000202874649849822
-20.0,67.5,0.00010505683972712284
-17.5,67.5,5.555106403404388e-05
-15.0,67.5,1.3900031603279591e-05
-12.5,67.5,4.599479174599406e-06
-10.0,67.5,2.8872933678253257e-06
-7.5,67.5,2.6219466109164296e-06
-5.0,67.5,2.324263287943026e-06
-2.5,67.5,1.7831637122544421e-06
0.0,67.5,1.40175329613571e-06
2.5,67.5,1.2140932033904557e-06
5.0,67.5,1.1113613316953667e-06
7.5,67.5,1.0284835881550589e-06
10.0,67.5,9.422019260808725e-07
12.5,67.5,8.372182122933674e-07
15.0,67.5,7.21948082348343e-07
17.5,67.5,6.404180865396353e-07
20.0,67.5,6.197641843711933e-07
22.5,67.5,6.503075714139671e-07
25.0,67.5,6.929824651286993e-07
27.5,67.5,7.148953324968336e-07
30.0,67.5,7.286270225574315e-07
32.5,67.5,7.543984535814051e-07
35.0,67.5,7.889834522326677e-07
37.5,67.5,8.190445228860034e-07
40.0,67.5,8.407846971411585e-07
42.5,67.5,8.608880079636442e-07
45.0,67.5,8.839212307712488e-07
47.5,67.5,9.07820243331273e-07
50.0,67.5,9.292329102738961e-07
52.5,67.5,9.482608421478879e-07
55.0,67.5,9.674057847482647e-07
57.5,67.5,9.882278633772559e-07
60.0,67.5,1.0105034783603518e-06
62.5,67.5,1.0336555220899017e-06
65.0,67.5,1.057718659506823e-06
67.5,67.5,1.0828467913289762e-06
70.0,67.5,1.1085490993226213e-06
72.5,67.5,1.133808537448792e-06
75.0,67.5,1.1577970806210816e-06
77.5,67.5,1.1802842816630144e-06
80.0,67.5,1.2015293098459748e-06
82.5,67.5,1.222185180227053e-06
85.0,67.5,1.2435421068863527e-06
87.5,67.5,1.2678449614420317e-06
90.0,67.5,1.298351839928657e-06
92.5,67.5,1.3392179599730571e-06
95.0,67.5,1.395502835243293e-06
97.5,67.5,1.4734573281978033e-06
100.0,67.5,1.5810862129234973e-06
102.5,67.5,1.729019093575415e-06
105.0,67.5,1.9318549380751855e-06
107.5,67.5,2.210284202791698e-06
110.0,67.5,2.594456734121996e-06
112.5,67.5,3.12935750291495e-06
115.0,67.5,3.883292084166794e-06
117.5,67.5,4.958260896040629e-06
120.0,67.5,6.479308409648136e-06
122.5,67.5,8.489900424451645e-06
125.0,67.5,1.0763005824720037e-05
127.5,67.5,1.2827496870415257e-05
130.0,67.5,1.4317822731014843e-05
132.5,67.5,1.5195691191276009e-05
135.0,67.5,1.5633670853687713e-05
137.5,67.5,1.5824439729588696e-05
140.0,67.5,1.589802610424868e-05
142.5,67.5,1.5922928230054622e-05
145.0,67.5,1.5929894327229317e-05
147.5,67.5,1.5931106539646988e-05
150.0,67.5,1.5930845703811903e-05
152.5,67.5,1.5930406191602985e-05
155.0,67.5,1.593008341990269e-05
-142.5,70.0,1.5934037935557744e-05
-140.0,70.0,1.5934436637207256e-05
-137.5,70.0,1.591747821135817e-05
-135.0,70.0,1.581634425278537e-05
-132.5,70.0,1.5415008679886156e-05
-130.0,70.0,1.4227735297554448e-05
-127.5,70.0,1.1750075720902102e-05
-125.0,70.0,8.425240069513232e-06
-122.5,70.0,5.587733561183828e-06
-120.0,70.0,3.7794174359343604e-06
-117.5,70.0,2.7119577719414422e-06
-115.0,70.0,2.0758286056658933e-06
-112.5,70.0,1.6958827841346818e-06
-110.0,70.0,1.4792692894242234e-06
-107.5,70.0,1.3782774745262438e-06
-105.0,70.0,1.3698109971873958e-06
-102.5,70.0,1.4386249826650423e-06
-100.0,70.0,1.5594067858409252e-06
-97.5,70.0,1.6971180431181786e-06
-95.0,70.0,1.8446413309405508e-06
-92.5,70.0,2.046157287519731e-06
-90.0,70.0,2.3553780010787953e-06
-87.5,70.0,2.7571071608824435e-06
-85.0,70.0,3.1532530257603337e-06
-82.5,70.0,3.524080705750502e-06
-80.0,70.0,4.008813596959489e-06
-77.5,70.0,4.619987899690842e-06
-75.0,70.0,4.9936807380267336e-06
-72.5,70.0,4.966207886066878e-06
-70.0,70.0,5.089966890483487e-06
-67.5,70.0,6.052502097855146e-06
-65.0,70.0,8.294116086648319e-06
-62.5,70.0,1.1481571489331043e-05
-60.0,70.0,1.2330466757798184e-05
-57.5,70.0,1.0107059692854719e-05
-55.0,70.0,1.0731068137175177e-05
-52.5,70.0,7.90867368729917e-06
-50.0,70.0,6.305477602964641e-06
-47.5,70.0,1.0064538010187844e-05
-45.0,70.0,2.8937848580498517e-05
-42.5,70.0,7.385285220181997e-05
-40.0,70.0,0.00011812411322963869
-37.5,70.0,0.0001739537394912888
-35.0,70.0,0.00029792621264138877
-32.5,70.0,0.0005184207152673038
-30.0,70.0,0.00072479159028376
-27.5,70.0,0.0006787431769207056
-25.0,70.0,0.00028353997199567847
-22.5,70.0,5.5946916704497714e-05
-20.0,70.0,2.8684827931529794e-05
-17.5,70.0,3.130092986045387e-05
-15.0,70.0,1.4095842051989745e-05
-12.5,70.0,5.382557034683494e-06
-10.0,70.0,3.3025924954912396e-06
-7.5,70.0,2.784832794489404e-06
-5.0,70.0,2.4101646152867553e-06
-2.5,70.0,1.8987815211332634e-06
0.0,70.0,1.503517530831809e-06
2.5,70.0,1.2852541943168158e-06
5.0,70.0,1.1608316693905768e-06
7.5,70.0,1.0653926937637133e-06
10.0,70.0,9.677057697087734e-07
12.5,70.0,8.550384414115956e-07
15.0,70.0,7.431585244318391e-07
17.5,70.0,6.674747364888599e-07
20.0,70.0,6.457229819796721e-07
22.5,70.0,6.687522255600878e-07
25.0,70.0,7.069064556752691e-07
27.5,70.0,7.329975622723069e-07
30.0,70.0,7.508125048875257e-07
32.5,70.0,7.757289798320272e-07
35.0,70.0,8.079787235676348e-07
37.5,70.0,8.379047522445837e-07
40.0,70.0,8.61184282143758e-07
42.5,70.0,8.819942933783393e-07
45.0,70.0,9.04422357381965e-07
47.5,70.0,9.276291804932379e-07
50.0,70.0,9.490391089499869e-07
52.5,70.0,9.68397442961248e-07
55.0,70.0,9.876255810756636e-07
57.5,70.0,1.008259622321158e-06
60.0,70.0,1.0303824100214374e-06
62.5,70.0,1.0535400231254515e-06
65.0,70.0,1.0776347890148213e-06
67.5,70.0,1.1027005140762243e-06
70.0,70.0,1.1282945253794422e-06
72.5,70.0,1.1535085441215483e-06
75.0,70.0,1.177537362967779e-06
77.5,70.0,1.2001033986296235e-06
80.0,70.0,1.2214567314688435e-06
82.5,70.0,1.242311011512965e-06
85.0,70.0,1.2640264889431318e-06
87.5,70.0,1.2888730855686115e-06
90.0,70.0,1.3200989733916185e-06
92.5,70.0,1.3618409748674691e-06
95.0,70.0,1.4191326859964152e-06
97.5,70.0,1.4981691017784116e-06
100.0,70.0,1.6068508887347945e-06
102.5,70.0,1.7556361857018424e-06
105.0,70.0,1.958845885485811e-06
107.5,70.0,2.2366996419520527e-06
110.0,70.0,2.6185215434606e-06
112.5,70.0,3.1478267007438373e-06
115.0,70.0,3.890295430504285e-06
117.5,70.0,4.94344496966565e-06
120.0,70.0,6.427085166507589e-06
122.5,70.0,8.3880458842692e-06
125.0,70.0,1.0622689252426339e-05
127.5,70.0,1.2685569173361254e-05
130.0,70.0,1.4207875408961668e-05
132.5,70.0,1.5127022289723565e-05
135.0,70.0,1.5597507341975722e-05
137.5,70.0,1.5807915658490778e-05
140.0,70.0,1.5891428445868973e-05
142.5,70.0,1.5920686086251346e-05
145.0,70.0,1.5929320231734877e-05
147.5,70.0,1.59310705966126e-05
150.0,70.0,1.5930933883053268e-05
152.5,70.0,1.5930492447461235e-05
155.0,70.0,1.5930142428686045e-05
-142.5,72.5,1.5934561648145903e-05
-140.0,72.5,1.5933253332444386e-05
-137.5,72.5,1.5907317747055584e-05
-135.0,72.5,1.577455785473431e-05
-132.5,72.5,1.529173910512879e-05
-130.0,72.5,1.3969266167713386e-05
-127.5,72.5,1.1405699082946312e-05
-125.0,72.5,8.16619936409814e-06
-122.5,72.5,5.482068330004367e-06
-120.0,72.5,3.768204110689174e-06
-117.5,72.5,2.742894508457071e-06
-115.0,72.5,2.1244988742027324e-06
-112.5,72.5,1.7522111584405293e-06
-110.0,72.5,1.5397149978793571e-06
-107.5,72.5,1.4420479273002518e-06
-105.0,72.5,1.4365672939486352e-06
-102.5,72.5,1.5073532074249337e-06
-100.0,72.5,1.630776583790156e-06
-97.5,72.5,1.7785186918706524e-06
-95.0,72.5,1.9476612058783365e-06
-92.5,72.5,2.175617924249173e-06
-90.0,72.5,2.503582221087583e-06
-87.5,72.5,2.9177719612557104e-06
-85.0,72.5,3.3531514888205718e-06
-82.5,72.5,3.806984315071123e-06
-80.0,72.5,4.36656260162447e-06
-77.5,72.5,4.9942330816278306e-06
-75.0,72.5,5.414248380544358e-06
-72.5,72.5,5.552852200124122e-06
-70.0,72.5,5.854051624454549e-06
-67.5,72.5,6.9197292422937425e-06
-65.0,72.5,9.129300448214051e-06
-62.5,72.5,1.0895197331590892e-05
-60.0,72.5,7.020716438431951e-06
-57.5,72.5,4.116048382281171e-06
-55.0,72.5,5.6960361285479735e-06
-52.5,72.5,7.603665820085326e-06
-50.0,72.5,7.617640460199521e-06
-47.5,72.5,1.1783312204840972e-05
-45.0,72.5,2.96587563738599e-05
-42.5,72.5,7.579577744805978e-05
-40.0,72.5,0.00013810071042311928
-37.5,72.5,0.00021415650942305155
-35.0,72.5,0.00035249653288161
-32.5,72.5,0.0005810736860478726
-30.0,72.5,0.0007764401450318541
-27.5,72.5,0.0005880202530000178
-25.0,72.5,0.00015255653905844072
-22.5,72.5,2.7621458310155457e-05
-20.0,72.5,1.5041974671823985e-05
-17.5,72.5,1.8812554253236387e-05
-15.0,72.5,1.3538957625549359e-05
-12.5,72.5,6.254660554634533e-06
-10.0,72.5,3.792985265504877e-06
-7.5,72.5,3.0117678699643884e-06
-5.0,72.5,2.5295475962951892e-06
-2.5,72.5,2.0149717957599055e-06
0.0,72.5,1.6050980636450638e-06
2.5,72.5,1.3587534643682497e-06
5.0,72.5,1.2122743703323895e-06
7.5,72.5,1.1024251209243703e-06
10.0,72.5,9.936887665231305e-07
12.5,72.5,8.75945863453649e-07
15.0,72.5,7.673180654029679e-07
17.5,72.5,6.956932959153358e-07
20.0,72.5,6.726275306135134e-07
22.5,72.5,6.895508611887875e-07
25.0,72.5,7.232123496940135e-07
27.5,72.5,7.51175329450152e-07
30.0,72.5,7.721475437881966e-07
32.5,72.5,7.968845372131817e-07
35.0,72.5,8.273711532231621e-07
37.5,72.5,8.568935939499235e-07
40.0,72.5,8.812074555641207e-07
42.5,72.5,9.026804292419593e-07
45.0,72.5,9.24751689159849e-07
47.5,72.5,9.473864859376516e-07
50.0,72.5,9.687092287246663e-07
52.5,72.5,9.883067780708352e-07
55.0,72.5,1.0076392196560407e-06
57.5,72.5,1.0281508417390352e-06
60.0,72.5,1.0501397252028546e-06
62.5,72.5,1.0732801405366588e-06
65.0,72.5,1.0973945111868235e-06
67.5,72.5,1.122414992372547e-06
70.0,72.5,1.1479212824594162e-06
72.5,72.5,1.1730923197261449e-06
75.0,72.5,1.1971559847003575e-06
77.5,72.5,1.2198065817140526e-06
80.0,72.5,1.2412860297009777e-06
82.5,72.5,1.262357131030613e-06
85.0,72.5,1.2844420610871717e-06
87.5,72.5,1.3098375865263155e-06
90.0,72.5,1.341783392680861e-06
92.5,72.5,1.3843961622059454e-06
95.0,72.5,1.4426808655873211e-06
97.5,72.5,1.522778777629331e-06
100.0,72.5,1.6324919684327774e-06
102.5,72.5,1.782115406388734e-06
105.0,72.5,1.9857038373182554e-06
107.5,72.5,2.263027580071577e-06
110.0,72.5,2.6426290956189283e-06
112.5,72.5,3.1666434132003336e-06
115.0,72.5,3.8983032687604204e-06
117.5,72.5,4.930964490017936e-06
120.0,72.5,6.379489565146544e-06
122.5,72.5,8.293234154170954e-06
125.0,72.5,1.0489455798325031e-05
127.5,72.5,1.2547543330750004e-05
130.0,72.5,1.4098073264679296e-05
132.5,72.5,1.5056548285841275e-05
135.0,72.5,1.5559364519547554e-05
137.5,72.5,1.5789988421976825e-05
140.0,72.5,1.588404061248519e-05
142.5,72.5,1.5918068146475007e-05
145.0,72.5,1.5928593909236305e-05
147.5,72.5,1.5930984721415908e-05
150.0,72.5,1.5931012019143717e-05
152.5,72.5,1.59305811568701e-05
155.0,72.5,1.5930206136177282e-05
-142.5,75.0,1.5934926344123947e-05
-140.0,75.0,1.5931133494111883e-05
-137.5,75.0,1.589398835871266e-05
-135.0,75.0,1.5725247179468868e-05
-132.5,75.0,1.5157781784472097e-05
-130.0,75.0,1.3710253203431952e-05
-127.5,75.0,1.1086716379056282e-05
-125.0,75.0,7.941134654217124e-06
-122.5,75.0,5.395870879016418e-06
-120.0,75.0,3.764996706682116e-06
-117.5,75.0,2.7771506110312195e-06
-115.0,75.0,2.174898534345944e-06
-112.5,75.0,1.8098672149382737e-06
-110.0,75.0,1.6014478694461678e-06
-107.5,75.0,1.5070420493971027e-06
-105.0,75.0,1.5043915621089477e-06
-102.5,75.0,1.577319170911248e-06
-100.0,75.0,1.7042908605309251e-06
-97.5,75.0,1.8627110810910171e-06
-95.0,75.0,2.052475282992235e-06
-92.5,75.0,2.304895352062501e-06
-90.0,75.0,2.6518955363579255e-06
-87.5,75.0,3.0839300656705425e-06
-85.0,75.0,3.561473038515573e-06
-82.5,75.0,4.090865855186733e-06
-80.0,75.0,4.720477869588493e-06
-77.5,75.0,5.384818835974215e-06
-75.0,75.0,5.876023931071446e-06
-72.5,75.0,6.176525176443443e-06
-70.0,75.0,6.65814020867459e-06
-67.5,75.0,7.838611240325456e-06
-65.0,75.0,9.757617556613145e-06
-62.5,75.0,9.191616143582263e-06
-60.0,75.0,4.649122242260985e-06
-57.5,75.0,2.832287154004549e-06
-55.0,75.0,3.877058057107624e-06
-52.5,75.0,6.812019170356747e-06
-50.0,75.0,9.009015754027655e-06
-47.5,75.0,1.415994630881304e-05
-45.0,75.0,3.235286153899519e-05
-42.5,75.0,8.010119938508963e-05
-40.0,75.0,0.00015763773637941946
-37.5,75.0,0.00025730349290572824
-35.0,75.0,0.0004140135688390415
-32.5,75.0,0.0006466259675173052
-30.0,75.0,0.0007893617870232432
-27.5,75.0,0.00047284587505090246
-25.0,75.0,0.00010537634441212393
-22.5,75.0,2.2812260418211543e-05
-20.0,75.0,1.2861794081641928e-05
-17.5,75.0,1.461926498766006e-05
-15.0,75.0,1.2786811087442033e-05
-12.5,75.0,7.103934531341947e-06
-10.0,75.0,4.337481296875139e-06
-7.5,75.0,3.2849742900140006e-06
-5.0,75.0,2.6767771676411584e-06
-2.5,75.0,2.134908475428422e-06
0.0,75.0,1.7067134387018836e-06
2.5,75.0,1.4339419553512629e-06
5.0,75.0,1.2652543307743007e-06
7.5,75.0,1.1398885181539988e-06
10.0,75.0,1.0206558440829704e-06
12.5,75.0,8.992816999484767e-07
15.0,75.0,7.93304479463228e-07
17.5,75.0,7.243846060514551e-07
20.0,75.0,6.998630906019475e-07
22.5,75.0,7.117218683007828e-07
25.0,75.0,7.412010737779851e-07
27.5,75.0,7.696059788329717e-07
30.0,75.0,7.928252316110918e-07
32.5,75.0,8.177484600715669e-07
35.0,75.0,8.469556618878245e-07
37.5,75.0,8.759662795815835e-07
40.0,75.0,9.009392292681114e-07
42.5,75.0,9.229904953627079e-07
45.0,75.0,9.448779335431128e-07
47.5,75.0,9.670582580439727e-07
50.0,75.0,9.88250673929194e-07
52.5,75.0,1.0080141859388596e-06
55.0,75.0,1.0274569796938845e-06
57.5,75.0,1.0478967776773771e-06
60.0,75.0,1.0697744752518036e-06
62.5,75.0,1.0928843129288839e-06
65.0,75.0,1.1170080568223727e-06
67.5,75.0,1.141994788171945e-06
70.0,75.0,1.1674306665121389e-06
72.5,75.0,1.192563466733865e-06
75.0,75.0,1.216659618961202e-06
77.5,75.0,1.2393996433172912e-06
80.0,75.0,1.2610207652436513e-06
82.5,75.0,1.282325380335718e-06
85.0,75.0,1.3047910876495793e-06
87.5,75.0,1.330740260475865e-06
90.0,75.0,1.3634061646813163e-06
92.5,75.0,1.406884291187995e-06
95.0,75.0,1.466149049560982e-06
97.5,75.0,1.5472889390861149e-06
100.0,75.0,1.658013005083057e-06
102.5,75.0,1.8084606232346969e-06
105.0,75.0,2.0124317080054534e-06
107.5,75.0,2.2892675072521005e-06
110.0,75.0,2.666769441277448e-06
112.5,75.0,3.1857743467981007e-06
115.0,75.0,3.9072281679046065e-06
117.5,75.0,4.9206160433735795e-06
120.0,75.0,6.336126250036794e-06
122.5,75.0,8.204951358672134e-06
125.0,75.0,1.0363012643396804e-05
127.5,75.0,1.2413546332334605e-05
130.0,75.0,1.3988741691722103e-05
132.5,75.0,1.4984515706136922e-05
135.0,75.0,1.5519339837268327e-05
137.5,75.0,1.5770661834116824e-05
140.0,75.0,1.587583497189302e-05
142.5,75.0,1.591504735862006e-05
145.0,75.0,1.592769781093314e-05
147.5,75.0,1.5930839799026593e-05
150.0,75.0,1.5931076187229218e-05
152.5,75.0,1.593067098876669e-05
155.0,75.0,1.5930274281282763e-05
-142.5,77.5,1.5935047403332903e-05
-140.0,77.5,1.5927867522820807e-05
-137.5,77.5,1.5877177445906717e-05
-135.0,77.5,1.56684933273053e-05
-132.5,77.5,1.5014909185716396e-05
-130.0,77.5,1.3454089782906104e-05
-127.5,77.5,1.0793166732421658e-05
-125.0,77.5,7.745827176527365e-06
-122.5,77.5,5.326197462552806e-06
-120.0,77.5,3.768742187775143e-06
-117.5,77.5,2.8144439597797485e-06
-115.0,77.5,2.226986415354237e-06
-112.5,77.5,1.8688482075262788e-06
-110.0,77.5,1.6644377460644798e-06
-107.5,77.5,1.5732116351626703e-06
-105.0,77.5,1.573299372496298e-06
-102.5,77.5,1.648631877665397e-06
-100.0,77.5,1.779952120956576e-06
-97.5,77.5,1.9494584910077156e-06
-95.0,77.5,2.1588693497353143e-06
-92.5,77.5,2.434254494821844e-06
-90.0,77.5,2.8010575760561587e-06
-87.5,77.5,3.255187655593346e-06
-85.0,77.5,3.776403286140322e-06
-82.5,77.5,4.375506800267247e-06
-80.0,77.5,5.073019506992741e-06
-77.5,77.5,5.790424329564232e-06
-75.0,77.5,6.3711403852720205e-06
-72.5,77.5,6.833497481432052e-06
-70.0,77.5,7.497235232083647e-06
-67.5,77.5,8.758702249962264e-06
-65.0,77.5,1.00419929697208e-05
-62.5,77.5,7.914483401248107e-06
-60.0,77.5,4.044369012039523e-06
-57.5,77.5,2.727763540222469e-06
-55.0,77.5,3.510850715284396e-06
-52.5,77.5,6.224178344514357e-06
-50.0,77.5,9.498369714035543e-06
-47.5,77.5,1.626376517290056e-05
-45.0,77.5,3.623437469395982e-05
-42.5,77.5,8.670148899704392e-05
-40.0,77.5,0.00017758244382656992
-37.5,77.5,0.0003020805988255084
-35.0,77.5,0.00046857020127374986
-32.5,77.5,0.0005963981484747298
-30.0,77.5,0.0005785011150067896
-27.5,77.5,0.0003586650218715422
-25.0,77.5,9.033580675053189e-05
-22.5,77.5,2.3785333076639945e-05
-20.0,77.5,1.3552033443500443e-05
-17.5,77.5,1.3613379082164576e-05
-15.0,77.5,1.2412291317115946e-05
-12.5,77.5,7.877680976375344e-06
-10.0,77.5,4.915863464645644e-06
-7.5,77.5,3.5941206492136398e-06
-5.0,77.5,2.8473836977885907e-06
-2.5,77.5,2.2604970946187127e-06
0.0,77.5,1.8089131643917395e-06
2.5,77.5,1.510410239584629e-06
5.0,77.5,1.3194745740620893e-06
7.5,77.5,1.1780293626322203e-06
10.0,77.5,1.0488344971593668e-06
12.5,77.5,9.245148109700746e-07
15.0,77.5,8.204554816539852e-07
17.5,77.5,7.532085397073682e-07
20.0,77.5,7.271348517015312e-07
22.5,77.5,7.346990891048599e-07
25.0,77.5,7.603686292058155e-07
27.5,77.5,7.883432118477096e-07
30.0,77.5,8.130247607847386e-07
32.5,77.5,8.382807318211309e-07
35.0,77.5,8.665906672078352e-07
37.5,77.5,8.950754422959353e-07
40.0,77.5,9.20438224443589e-07
42.5,77.5,9.429675913210372e-07
45.0,77.5,9.64787341244054e-07
47.5,77.5,9.86618710495546e-07
50.0,77.5,1.0076661429698899e-06
52.5,77.5,1.0275403845927213e-06
55.0,77.5,1.0470903093488785e-06
57.5,77.5,1.0674958050228482e-06
60.0,77.5,1.089286056416052e-06
62.5,77.5,1.112359353894579e-06
65.0,77.5,1.1364838181874287e-06
67.5,77.5,1.161444881491923e-06
70.0,77.5,1.1868245003055705e-06
72.5,77.5,1.2119257277593647e-06
75.0,77.5,1.2360535433429059e-06
77.5,77.5,1.2588878778960549e-06
80.0,77.5,1.2806641678389417e-06
82.5,77.5,1.3022187248091345e-06
85.0,77.5,1.3250751397669197e-06
87.5,77.5,1.3515825247821018e-06
90.0,77.5,1.3849685246089354e-06
92.5,77.5,1.4293062742968212e-06
95.0,77.5,1.4895383888258315e-06
97.5,77.5,1.5717021738544903e-06
100.0,77.5,1.6834175578971175e-06
102.5,77.5,1.834675853101821e-06
105.0,77.5,2.0390323898323343e-06
107.5,77.5,2.3154190456190916e-06
110.0,77.5,2.6909336599558493e-06
112.5,77.5,3.2051894877805213e-06
115.0,77.5,3.916991933855491e-06
117.5,77.5,4.9122183711582935e-06
120.0,77.5,6.296641262977386e-06
122.5,77.5,8.122724590437865e-06
125.0,77.5,1.024306234382893e-05
127.5,77.5,1.2283660601672085e-05
130.0,77.5,1.3880171690021227e-05
132.5,77.5,1.4911165101976243e-05
135.0,77.5,1.5477538985762496e-05
137.5,77.5,1.5749948326158792e-05
140.0,77.5,1.586678853059314e-05
142.5,77.5,1.5911598092823674e-05
145.0,77.5,1.5926614291337835e-05
147.5,77.5,1.5930626247623645e-05
150.0,77.5,1.5931122048728485e-05
152.5,77.5,1.5930760354968307e-05
155.0,77.5,1.5930346485933394e-05
-142.5,80.0,1.593483190965096e-05
-140.0,80.0,1.5923250728378333e-05
-137.5,80.0,1.58566422670888e-05
-135.0,80.0,1.5604563203103347e-05
-132.5,80.0,1.4864985802092721e-05
-130.0,80.0,1.320355587655843e-05
-127.5,80.0,1.0524432283032544e-05
-125.0,80.0,7.576594048528505e-06
-122.5,80.0,5.270689879270033e-06
-120.0,80.0,3.77860072540724e-06
-117.5,80.0,2.8545434937818072e-06
-115.0,80.0,2.280719687133188e-06
-112.5,80.0,1.929142275398884e-06
-110.0,80.0,1.7286524453033647e-06
-107.5,80.0,1.6405258472661353e-06
-105.0,80.0,1.6433225463649156e-06
-102.5,80.0,1.7213771162411792e-06
-100.0,80.0,1.8577360983820827e-06
-97.5,80.0,2.0385644028278765e-06
-95.0,80.0,2.266729921414449e-06
-92.5,80.0,2.5640092977145584e-06
-90.0,80.0,2.951603071646505e-06
-87.5,80.0,3.4311187283978736e-06
-85.0,80.0,3.996707717046842e-06
-82.5,80.0,4.6611658333181434e-06
-80.0,80.0,5.426222491841448e-06
-77.5,80.0,6.209869387657043e-06
-75.0,80.0,6.89427005067047e-06
-72.5,80.0,7.520592226994443e-06
-70.0,80.0,8.36135705447842e-06
-67.5,80.0,9.623595244183319e-06
-65.0,80.0,1.0132437319410686e-05
-62.5,80.0,7.338810368904516e-06
-60.0,80.0,4.080286558583604e-06
-57.5,80.0,2.988656560525928e-06
-55.0,80.0,3.5933681806349617e-06
-52.5,80.0,5.08243148518283e-06
-50.0,80.0,6.129401972428383e-06
-47.5,80.0,1.282385459279678e-05
-45.0,80.0,3.759977142251216e-05
-42.5,80.0,9.459081128291911e-05
-40.0,80.0,0.000198466532101195
-37.5,80.0,0.00034087604200900684
-35.0,80.0,0.0004200796017371841
-32.5,80.0,0.00024376145031310657
-30.0,80.0,0.00015274248158162924
-27.5,80.0,0.00017900776053029224
-25.0,80.0,8.280030084295637e-05
-22.5,80.0,2.7164751110912324e-05
-20.0,80.0,1.5504999740557225e-05
-17.5,80.0,1.3989973347230546e-05
-15.0,80.0,1.2505664330437257e-05
-12.5,80.0,8.594809235212553e-06
-10.0,80.0,5.510804983165247e-06
-7.5,80.0,3.931863576782822e-06
-5.0,80.0,3.038029604154168e-06
-2.5,80.0,2.3927509564713206e-06
0.0,80.0,1.9123258429213544e-06
2.5,80.0,1.5879441112666581e-06
5.0,80.0,1.3747473475198445e-06
7.5,80.0,1.2170215783293816e-06
10.0,80.0,1.0782948868859226e-06
12.5,80.0,9.512497336894424e-07
15.0,80.0,8.483755892650627e-07
17.5,80.0,7.820039373894688e-07
20.0,80.0,7.543054695107115e-07
22.5,80.0,7.58147601196324e-07
25.0,80.0,7.803605055846183e-07
27.5,80.0,8.07379996039483e-07
30.0,80.0,8.328896531603947e-07
32.5,80.0,8.584863964241994e-07
35.0,80.0,8.861815673465034e-07
37.5,80.0,9.141777756813276e-07
40.0,80.0,9.397434501378633e-07
42.5,80.0,9.626520958317473e-07
45.0,80.0,9.844769316710806e-07
47.5,80.0,1.0060501021924838e-06
50.0,80.0,1.02695595565993e-06
52.5,80.0,1.0469010438192894e-06
55.0,80.0,1.0665501245585481e-06
57.5,80.0,1.086949708751893e-06
60.0,80.0,1.1086742747347758e-06
62.5,80.0,1.1317103744260913e-06
65.0,80.0,1.155829520087655e-06
67.5,80.0,1.1807698947058123e-06
70.0,80.0,1.2061056621178055e-06
72.5,80.0,1.2311819508289756e-06
75.0,80.0,1.2553430734135498e-06
77.5,80.0,1.2782763706452233e-06
80.0,80.0,1.3002201161391042e-06
82.5,80.0,1.3220381238227702e-06
85.0,80.0,1.3452962305476103e-06
87.5,80.0,1.3723662428120737e-06
90.0,80.0,1.4064713873102337e-06
92.5,80.0,1.4516627360421523e-06
95.0,80.0,1.512850345796936e-06
97.5,80.0,1.596020824736089e-06
100.0,80.0,1.7087090183676281e-06
102.5,80.0,1.8607645001782922e-06
105.0,80.0,2.0655088807052595e-06
107.5,80.0,2.3414822064503606e-06
110.0,80.0,2.7151138610695057e-06
112.5,80.0,3.2248619855233464e-06
115.0,80.0,3.927524362216258e-06
117.5,80.0,4.905609410286473e-06
120.0,80.0,6.260717171741965e-06
122.5,80.0,8.046119076927887e-06
125.0,80.0,1.0129307697663695e-05
127.5,80.0,1.2157930510818672e-05
130.0,80.0,1.3772621155071135e-05
132.5,80.0,1.4836728977638966e-05
135.0,80.0,1.5434074156960268e-05
137.5,80.0,1.572786834543621e-05
140.0,80.0,1.585688299591608e-05
142.5,80.0,1.5907696384365868e-05
145.0,80.0,1.5925325837848955e-05
147.5,80.0,1.5930334078512855e-05
150.0,80.0,1.5931144916578785e-05
152.5,80.0,1.5930847428793528e-05
155.0,80.0,1.593042224045303e-05
-142.5,82.5,1.593418002245992e-05
-140.0,82.5,1.591709214752287e-05
-137.5,82.5,1.5832222345443652e-05
-135.0,82.5,1.5533891697443255e-05
-132.5,82.5,1.4709874952906912e-05
-130.0,82.5,1.2960836332376616e-05
-127.5,82.5,1.027947316086446e-05
-125.0,82.5,7.4302545385568664e-06
-122.5,82.5,5.2274393715693085e-06
-120.0,82.5,3.7938908269665753e-06
-117.5,82.5,2.8972559293761994e-06
-115.0,82.5,2.336056503068956e-06
-112.5,82.5,1.9907304615782276e-06
-110.0,82.5,1.7940633986921637e-06
-107.5,82.5,1.7089684862154779e-06
-105.0,82.5,1.7144999252504949e-06
-102.5,82.5,1.7956203218487782e-06
-100.0,82.5,1.937601557555474e-06
-97.5,82.5,2.1298697510649825e-06
-95.0,82.5,2.376020103330146e-06
-92.5,82.5,2.6944738316739124e-06
-90.0,82.5,3.103904672266337e-06
-87.5,82.5,3.6113277469227582e-06
-85.0,82.5,4.221570713642083e-06
-82.5,82.5,4.948324606902308e-06
-80.0,82.5,5.781686262674253e-06
-77.5,82.5,6.642192830130892e-06
-75.0,82.5,7.441601768146368e-06
-72.5,82.5,8.234110422296548e-06
-70.0,82.5,9.236008149495506e-06
-67.5,82.5,1.0407757939939317e-05
-65.0,82.5,1.0224670018251824e-05
-62.5,82.5,7.245393005050417e-06
-60.0,82.5,4.404751650446307e-06
-57.5,82.5,3.4083271589070203e-06
-55.0,82.5,3.6734908593730393e-06
-52.5,82.5,3.755239269628368e-06
-50.0,82.5,3.720952914536323e-06
-47.5,82.5,8.003918532133437e-06
-45.0,82.5,3.187881602996623e-05
-42.5,82.5,9.95342476960483e-05
-40.0,82.5,0.0002184813835337138
-37.5,82.5,0.000349872897712603
-35.0,82.5,0.00027145695397888926
-32.5,82.5,8.725656087842048e-05
-30.0,82.5,4.844941156009031e-05
-27.5,82.5,7.621304595925966e-05
-25.0,82.5,7.02827834242477e-05
-22.5,82.5,3.155521319696894e-05
-20.0,82.5,1.826256148887313e-05
-17.5,82.5,1.512561368454563e-05
-15.0,82.5,1.2990867004494683e-05
-12.5,82.5,9.299636553982616e-06
-10.0,82.5,6.112042372741862e-06
-7.5,82.5,4.292343980648483e-06
-5.0,82.5,3.246138953484361e-06
-2.5,82.5,2.5321364737509497e-06
0.0,82.5,2.017526114929859e-06
2.5,82.5,1.66647749658424e-06
5.0,82.5,1.4309753841651778e-06
7.5,82.5,1.256979774170984e-06
10.0,82.5,1.1090261472515145e-06
12.5,82.5,9.792018536505394e-07
15.0,82.5,8.768285432342554e-07
17.5,82.5,8.107028287883812e-07
20.0,82.5,7.813191182662063e-07
22.5,82.5,7.818664380377669e-07
25.0,82.5,8.009313836861511e-07
27.5,82.5,8.266827046789404e-07
30.0,82.5,8.525270911942123e-07
32.5,82.5,8.783942969987795e-07
35.0,82.5,9.056704595484488e-07
37.5,82.5,9.332369665893206e-07
40.0,82.5,9.588805414273987e-07
42.5,82.5,9.820788548487635e-07
45.0,82.5,1.0039506842864251e-06
47.5,82.5,1.0253411629743632e-06
50.0,82.5,1.0461199689668007e-06
52.5,82.5,1.0661081663442503e-06
55.0,82.5,1.0858469197028826e-06
57.5,82.5,1.1062611539697887e-06
60.0,82.5,1.1279406626491814e-06
62.5,82.5,1.1509418269786436e-06
65.0,82.5,1.1750516296073234e-06
67.5,82.5,1.1999753293999132e-06
70.0,82.5,1.2252771702599272e-06
72.5,82.5,1.2503357516547866e-06
75.0,82.5,1.274532981719878e-06
77.5,82.5,1.2975696665203412e-06
80.0,82.5,1.3196912571475802e-06
82.5,82.5,1.3417862464470321e-06
85.0,82.5,1.3654557732480234e-06
87.5,82.5,1.3930925570909182e-06
90.0,82.5,1.4279158812516046e-06
92.5,82.5,1.4739547859673053e-06
95.0,82.5,1.536086143717756e-06
97.5,82.5,1.6202470210240028e-06
100.0,82.5,1.7338904015853957e-06
102.5,82.5,1.8867304543620994e-06
105.0,82.5,2.0918643012633343e-06
107.5,82.5,2.3674572557240982e-06
110.0,82.5,2.7393029399870296e-06
112.5,82.5,3.2447675130736466e-06
115.0,82.5,3.938762294534055e-06
117.5,82.5,4.900643837546442e-06
120.0,82.5,6.228068615330259e-06
122.5,82.5,7.974735259121765e-06
125.0,82.5,1.0021455060902878e-05
127.5,82.5,1.2036368221281812e-05
130.0,82.5,1.3666316509007045e-05
132.5,82.5,1.4761430104648733e-05
135.0,82.5,1.5389062247292235e-05
137.5,82.5,1.5704449636973132e-05
140.0,82.5,1.584610476773809e-05
142.5,82.5,1.5903320099450645e-05
145.0,82.5,1.5923815070335372e-05
147.5,82.5,1.592995304294092e-05
150.0,82.5,1.5931139713923743e-05
152.5,82.5,1.5930930136017153e-05
155.0,82.5,1.593050091304435e-05
-142.5,85.0,1.5932990318103925e-05
-140.0,85.0,1.5909219561297955e-05
-137.5,85.0,1.5803835648756505e-05
-135.0,85.0,1.5457050220936308e-05
-132.5,85.0,1.4551374281871416e-05
-130.0,85.0,1.2727582595097333e-05
-127.5,85.0,1.0057005057419892e-05
-125.0,85.0,7.3040721057097315e-06
-122.5,85.0,5.194891865064994e-06
-120.0,85.0,3.8140554811024967e-06
-117.5,85.0,2.9424171504697193e-06
-115.0,85.0,2.3929537819611077e-06
-112.5,85.0,2.0535899654375616e-06
-110.0,85.0,1.8606465927398588e-06
-107.5,85.0,1.7785346509975567e-06
-105.0,85.0,1.786872586035325e-06
-102.5,85.0,1.8714083291305716e-06
-100.0,85.0,2.019501400610852e-06
-97.5,85.0,2.2232542559637923e-06
-95.0,85.0,2.48675258415358e-06
-92.5,85.0,2.8259369957237985e-06
-90.0,85.0,3.258215541938789e-06
-87.5,85.0,3.7954767544052084e-06
-85.0,85.0,4.4504779246021565e-06
-82.5,85.0,5.237540317447909e-06
-80.0,85.0,6.140642836175146e-06
-77.5,85.0,7.086636551235355e-06
-75.0,85.0,8.010155416821346e-06
-72.5,85.0,8.969360605883812e-06
-70.0,85.0,1.0106927044486115e-05
-67.5,85.0,1.1122899281288002e-05
-65.0,85.0,1.0418069734183847e-05
-62.5,85.0,7.455472803834528e-06
-60.0,85.0,4.8889349029166214e-06
-57.5,85.0,3.8770942072911315e-06
-55.0,85.0,3.6838418983659355e-06
-52.5,85.0,3.2025457110543886e-06
-50.0,85.0,3.1488361638680904e-06
-47.5,85.0,6.273102351902283e-06
-45.0,85.0,2.541756668004579e-05
-42.5,85.0,9.580173948663298e-05
-40.0,85.0,0.000217348055397971
-37.5,85.0,0.0003092159225098116
-35.0,85.0,0.00017429236304535148
-32.5,85.0,5.254284219359802e-05
-30.0,85.0,3.0860276110229094e-05
-27.5,85.0,4.587559668521458e-05
-25.0,85.0,5.7642662487298745e-05
-22.5,85.0,3.569378622808832e-05
-20.0,85.0,2.1587224300551597e-05
-17.5,85.0,1.676937667133832e-05
-15.0,85.0,1.3785676882582012e-05
-12.5,85.0,1.0029353493738462e-05
-10.0,85.0,6.716842914848984e-06
-7.5,85.0,4.67096939612344e-06
-5.0,85.0,3.4696254325685587e-06
-2.5,85.0,2.678793516954398e-06
0.0,85.0,2.1249862443112093e-06
2.5,85.0,1.746046793407449e-06
5.0,85.0,1.4881262225151487e-06
7.5,85.0,1.2979710289353423e-06
10.0,85.0,1.1409824509891113e-06
12.5,85.0,1.0081689314992838e-06
15.0,85.0,9.056743607942422e-07
17.5,85.0,8.392855687713439e-07
20.0,85.0,8.081622316910733e-07
22.5,85.0,8.057343394636054e-07
25.0,85.0,8.219103300960017e-07
27.5,85.0,8.462116733984029e-07
30.0,85.0,8.72013387958048e-07
32.5,85.0,8.980418306354505e-07
35.0,85.0,9.250244221543143e-07
37.5,85.0,9.522242485225368e-07
40.0,85.0,9.778655596148418e-07
42.5,85.0,1.00127718426263e-06
45.0,85.0,1.0232174849067086e-06
47.5,85.0,1.0444846554820094e-06
50.0,85.0,1.0651572595040702e-06
52.5,85.0,1.0851718765091147e-06
55.0,85.0,1.1049911288310054e-06
57.5,85.0,1.1254337691316184e-06
60.0,85.0,1.147085763163965e-06
62.5,85.0,1.1700575051887091e-06
65.0,85.0,1.1941556975223335e-06
67.5,85.0,1.2190653580155693e-06
70.0,85.0,1.2443417576439511e-06
72.5,85.0,1.269389927186868e-06
75.0,85.0,1.293626928104338e-06
77.5,85.0,1.3167722140011107e-06
80.0,85.0,1.3390814772032304e-06
82.5,85.0,1.3614651956971046e-06
85.0,85.0,1.3855552805195303e-06
87.5,85.0,1.4137627799857554e-06
90.0,85.0,1.449303176512321e-06
92.5,85.0,1.4961832783006258e-06
95.0,85.0,1.5592470921563485e-06
97.5,85.0,1.6443827814401774e-06
100.0,85.0,1.7589646446954978e-06
102.5,85.0,1.9125766889386263e-06
105.0,85.0,2.1181009783602377e-06
107.5,85.0,2.393344448386103e-06
110.0,85.0,2.7634947996888404e-06
112.5,85.0,3.264884238634381e-06
115.0,85.0,3.950648750950217e-06
117.5,85.0,4.897190991134793e-06
120.0,85.0,6.198438474615291e-06
122.5,85.0,7.908206128923446e-06
125.0,85.0,9.919217358489808e-06
127.5,85.0,1.1918958857641078e-05
130.0,85.0,1.3561454494750785e-05
132.5,85.0,1.4685480228364088e-05
135.0,85.0,1.53426233549945e-05
137.5,85.0,1.5679726590562483e-05
140.0,85.0,1.5834444904134778e-05
142.5,85.0,1.589844916623904e-05
145.0,85.0,1.5922065220718e-05
147.5,85.0,1.592947261326033e-05
150.0,85.0,1.593110104248796e-05
152.5,85.0,1.593100616303226e-05
155.0,85.0,1.5930581721163798e-05
-142.5,87.5,1.5931159572390966e-05
-140.0,87.5,1.5899484020194555e-05
-137.5,87.5,1.5771482283319182e-05
-135.0,87.5,1.537470663115151e-05
-132.5,87.5,1.4391161243229397e-05
-130.0,87.5,1.2504978242972068e-05
-127.5,87.5,9.855617949931044e-06
-125.0,87.5,7.195701034748209e-06
-122.5,87.5,5.1717634526238645e-06
-120.0,87.5,3.838630176003953e-06
-117.5,87.5,2.9898833113226896e-06
-115.0,87.5,2.4513684624026368e-06
-112.5,87.5,2.1176992245786355e-06
-110.0,87.5,1.928384136052307e-06
-107.5,87.5,1.8492285365906242e-06
-105.0,87.5,1.8604805702310554e-06
-102.5,87.5,1.948773651726346e-06
-100.0,87.5,2.103387229652475e-06
-97.5,87.5,2.3186308473799573e-06
-95.0,87.5,2.598973939394144e-06
-92.5,87.5,2.9586516481060097e-06
-90.0,87.5,3.4147090136768146e-06
-87.5,87.5,3.9832960733868765e-06
-85.0,87.5,4.683126948274632e-06
-82.5,87.5,5.5293621777044556e-06
-80.0,87.5,6.50403845773425e-06
-77.5,87.5,7.542597546402722e-06
-75.0,87.5,8.59733804701886e-06
-72.5,87.5,9.720981581716289e-06
-70.0,87.5,1.0964790817491096e-05
-67.5,87.5,1.1798704817631328e-05
-65.0,87.5,1.0738723712080005e-05
-62.5,87.5,7.864420499757913e-06
-60.0,87.5,5.464743525334307e-06
-57.5,87.5,4.338060980085613e-06
-55.0,87.5,3.7613035543735588e-06
-52.5,87.5,3.1546852630001216e-06
-50.0,87.5,3.23735922491254e-06
-47.5,87.5,6.042331724594255e-06
-45.0,87.5,2.1616759051609793e-05
-42.5,87.5,7.009251581231631e-05
-40.0,87.5,0.00010874243233107778
-37.5,87.5,0.00016969857932176173
-35.0,87.5,0.00012366061076578297
-32.5,87.5,4.534776446202253e-05
-30.0,87.5,2.8585035379757383e-05
-27.5,87.5,3.760033853764869e-05
-25.0,87.5,5.0111947875606505e-05
-22.5,87.5,3.899078162482627e-05
-20.0,87.5,2.5249858591326374e-05
-17.5,87.5,1.8794697645508014e-05
-15.0,87.5,1.483046882982934e-05
-12.5,87.5,1.0807141383291203e-05
-10.0,87.5,7.327503746043106e-06
-7.5,87.5,5.06449234730451e-06
-5.0,87.5,3.7067617601454944e-06
-2.5,87.5,2.8326713789123076e-06
0.0,87.5,2.2350704866363927e-06
2.5,87.5,1.8267469301679181e-06
5.0,87.5,1.5462113685552202e-06
7.5,87.5,1.3400348807008105e-06
10.0,87.5,1.1741036298645844e-06
12.5,87.5,1.0380087484215236e-06
15.0,87.5,9.348322875251401e-07
17.5,87.5,8.677600926642833e-07
20.0,87.5,8.348425865555697e-07
22.5,87.5,8.296794138720807e-07
25.0,87.5,8.431790991827922e-07
27.5,87.5,8.659283333221985e-07
30.0,87.5,8.914019726013834e-07
32.5,87.5,9.174674858737033e-07
35.0,87.5,9.442288914340464e-07
37.5,87.5,9.71118927714662e-07
40.0,87.5,9.967090518980684e-07
42.5,87.5,1.020271637962502e-06
45.0,87.5,1.0422878005734514e-06
47.5,87.5,1.0634787230380069e-06
50.0,87.5,1.0840675653187356e-06
52.5,87.5,1.1040992992882055e-06
55.0,87.5,1.1239913092505941e-06
57.5,87.5,1.1444722322853856e-06
60.0,87.5,1.1661123734953114e-06
62.5,87.5,1.1890609796322463e-06
65.0,87.5,1.2131471479785085e-06
67.5,87.5,1.2380451837911459e-06
70.0,87.5,1.263302944191388e-06
72.5,87.5,1.2883475134398054e-06
75.0,87.5,1.3126290879872746e-06
77.5,87.5,1.335887945852773e-06
80.0,87.5,1.3583936547592202e-06
82.5,87.5,1.3810772710466976e-06
85.0,87.5,1.4055960981311944e-06
87.5,87.5,1.434378321277925e-06
90.0,87.5,1.4706339225400934e-06
92.5,87.5,1.5183491285439566e-06
95.0,87.5,1.5823346134791133e-06
97.5,87.5,1.6684303716403695e-06
100.0,87.5,1.7839347633297224e-06
102.5,87.5,1.9383066412605393e-06
105.0,87.5,2.144222157610117e-06
107.5,87.5,2.4191444196958576e-06
110.0,87.5,2.7876837358127675e-06
112.5,87.5,3.285192296368636e-06
115.0,87.5,3.963132197053634e-06
117.5,87.5,4.895133106717121e-06
120.0,87.5,6.171594603393982e-06
122.5,87.5,7.84619427738559e-06
125.0,87.5,9.822315856109034e-06
127.5,87.5,1.180566525523171e-05
130.0,87.5,1.34582043366632e-05
132.5,87.5,1.4609079218828332e-05
135.0,87.5,1.5294879339058318e-05
137.5,87.5,1.565373944577957e-05
140.0,87.5,1.5821898970061643e-05
142.5,87.5,1.589306562847847e-05
145.0,87.5,1.592005989359592e-05
147.5,87.5,1.592888215621935e-05
150.0,87.5,1.593102322917608e-05
152.5,87.5,1.5931072927215086e-05
155.0,87.5,1.5930663740344982e-05
-142.5,90.0,1.592858976749667e-05
-140.0,90.0,1.5887770226090466e-05
-137.5,90.0,1.5735241521921655e-05
-135.0,90.0,1.5287604351211122e-05
-132.5,90.0,1.4230762201114248e-05
-130.0,90.0,1.2293814407295987e-05
-127.5,90.0,9.673866127566102e-06
-125.0,90.0,7.103126777758952e-06
-122.5,90.0,5.156990106453403e-06
-120.0,90.0,3.867223304021656e-06
-117.5,90.0,3.0395296696119053e-06
-115.0,90.0,2.511258930232102e-06
-112.5,90.0,2.183035689893706e-06
-110.0,90.0,1.997263244334262e-06
-107.5,90.0,1.921060252213587e-06
-105.0,90.0,1.9353599114031183e-06
-102.5,90.0,2.02773798554171e-06
-100.0,90.0,2.1892139559043145e-06
-97.5,90.0,2.415938525277371e-06
-95.0,90.0,2.7127488699473687e-06
-92.5,90.0,3.092833998231796e-06
-90.0,90.0,3.5735026985878676e-06
-87.5,90.0,4.174582005235439e-06
-85.0,90.0,4.919366280704706e-06
-82.5,90.0,5.824307892114633e-06
-80.0,90.0,6.872595567319904e-06
-77.5,90.0,8.009554212058462e-06
-75.0,90.0,9.200717989285754e-06
-72.5,90.0,1.0483764300073657e-05
-70.0,90.0,1.1806702742154843e-05
-67.5,90.0,1.246491618098094e-05
-65.0,90.0,1.1181334602834596e-05
-62.5,90.0,8.409215940388199e-06
-60.0,90.0,6.089584933306571e-06
-57.5,90.0,4.793392474639817e-06
-55.0,90.0,3.962797290612417e-06
-52.5,90.0,3.371416555894083e-06
-50.0,90.0,3.6196804991800054e-06
-47.5,90.0,6.446538030323729e-06
-45.0,90.0,1.87340248443041e-05
-42.5,90.0,3.624501631482442e-05
-40.0,90.0,3.533034725108403e-05
-37.5,90.0,6.141142444784718e-05
-35.0,90.0,8.33219748942609e-05
-32.5,90.0,4.556946389553969e-05
-30.0,90.0,3.101784512641348e-05
-27.5,90.0,3.662550650801407e-05
-25.0,90.0,4.7134548762583084e-05
-22.5,90.0,4.1723091543864516e-05
-20.0,90.0,2.9038388907043612e-05
-17.5,90.0,2.111519207976726e-05
-15.0,90.0,1.608375910639434e-05
-12.5,90.0,1.1645359189785899e-05
-10.0,90.0,7.948551201957765e-06
-7.5,90.0,5.470954680742298e-06
-5.0,90.0,3.956125649069499e-06
-2.5,90.0,2.993603468645515e-06
0.0,90.0,2.3480477587096108e-06
2.5,90.0,1.908705364926844e-06
5.0,90.0,1.6052736660373744e-06
7.5,90.0,1.383190420180981e-06
10.0,90.0,1.2083300932489582e-06
12.5,90.0,1.068621503974728e-06
15.0,90.0,9.642592475679408e-07
17.5,90.0,8.961468772816606e-07
20.0,90.0,8.613802719185865e-07
22.5,90.0,8.536598057700551e-07
25.0,90.0,8.646563165166838e-07
27.5,90.0,8.857989743593748e-07
30.0,90.0,9.10729380741441e-07
32.5,90.0,9.367085525721495e-07
35.0,90.0,9.63280750894371e-07
37.5,90.0,9.899078174656487e-07
40.0,90.0,1.015417949241216e-06
42.5,90.0,1.0390817909285621e-06
45.0,90.0,1.061173139621154e-06
47.5,90.0,1.0823235480503913e-06
50.0,90.0,1.1028512104458514e-06
52.5,90.0,1.1228968168590877e-06
55.0,90.0,1.1428549244656926e-06
57.5,90.0,1.1633815799321233e-06
60.0,90.0,1.1850224036964196e-06
62.5,90.0,1.2079548336275816e-06
65.0,90.0,1.23203044266458e-06
67.5,90.0,1.2569184984474098e-06
70.0,90.0,1.2821642068760338e-06
72.5,90.0,1.307211821408768e-06
75.0,90.0,1.3315422471190589e-06
77.5,90.0,1.354920203857706e-06
80.0,90.0,1.377630590693261e-06
82.5,90.0,1.4006241261879935e-06
85.0,90.0,1.4255801797726278e-06
87.5,90.0,1.4549397442726313e-06
90.0,90.0,1.491909103169764e-06
92.5,90.0,1.5404532349466841e-06
95.0,90.0,1.6053498551404787e-06
97.5,90.0,1.6923913480830264e-06
100.0,90.0,1.8088029434263247e-06
102.5,90.0,1.9639234795007757e-06
105.0,90.0,2.1702303940794614e-06
107.5,90.0,2.4448578463847773e-06
110.0,90.0,2.811865053598022e-06
112.5,90.0,3.305673837165235e-06
115.0,90.0,3.976166002604553e-06
117.5,90.0,4.894363775458077e-06
120.0,90.0,6.147326898429234e-06
122.5,90.0,7.788389694831455e-06
125.0,90.0,9.730481402835304e-06
127.5,90.0,1.1696431950051207e-05
130.0,90.0,1.3356709710884265e-05
132.5,90.0,1.4532414505468089e-05
135.0,90.0,1.5245952567180315e-05
137.5,90.0,1.5626533608087593e-05
140.0,90.0,1.580846688433545e-05
142.5,90.0,1.5887153767687116e-05
145.0,90.0,1.591778344700448e-05
147.5,90.0,1.5928170950085058e-05
150.0,90.0,1.5930900308086778e-05
152.5,90.0,1.593112772342292e-05
155.0,90.0,1.5930745912282893e-05
-142.5,92.5,1.592518803441924e-05
-140.0,92.5,1.5873992475212598e-05
-137.5,92.5,1.5695257424287715e-05
-135.0,92.5,1.5196525716910712e-05
-132.5,92.5,1.4071530724830255e-05
-130.0,92.5,1.2094559490648086e-05
-127.5,92.5,9.510322679106691e-06
-125.0,92.5,7.024620797829324e-06
-122.5,92.5,5.149677449635742e-06
-120.0,92.5,3.899502736353172e-06
-117.5,92.5,3.0912439149433694e-06
-115.0,92.5,2.5725862573159418e-06
-112.5,92.5,2.249580591284732e-06
-110.0,92.5,2.0672775133924724e-06
-107.5,92.5,1.9940441179813136e-06
-105.0,92.5,2.0115435339616094e-06
-102.5,92.5,2.1083127970830973e-06
-100.0,92.5,2.276942452823634e-06
-97.5,92.5,2.5151390727207015e-06
-95.0,92.5,2.828150061389906e-06
-92.5,92.5,3.2286658365466055e-06
-90.0,92.5,3.7346829411698405e-06
-87.5,92.5,4.369190092542894e-06
-85.0,92.5,5.15914134776116e-06
-82.5,92.5,6.122834627566031e-06
-80.0,92.5,7.246871831383974e-06
-77.5,92.5,8.487018266574222e-06
-75.0,92.5,9.817984101142572e-06
-72.5,92.5,1.1253435313697482e-05
-70.0,92.5,1.263493935701287e-05
-67.5,92.5,1.314376234167357e-05
-65.0,92.5,1.1730753990888369e-05
-62.5,92.5,9.049069884656768e-06
-60.0,92.5,6.74265506028993e-06
-57.5,92.5,5.269666359297522e-06
-55.0,92.5,4.286711855788356e-06
-52.5,92.5,3.755708775278954e-06
-50.0,92.5,4.186559758947702e-06
-47.5,92.5,7.127449122181098e-06
-45.0,92.5,1.6082647007380736e-05
-42.5,92.5,2.1363577328683512e-05
-40.0,92.5,1.9054782406248477e-05
-37.5,92.5,3.137161833104619e-05
-35.0,92.5,5.626059929733992e-05
-32.5,92.5,4.704777203675636e-05
-30.0,92.5,3.568285011310382e-05
-27.5,92.5,3.894144501321656e-05
-25.0,92.5,4.719542694949491e-05
-22.5,92.5,4.439231292629779e-05
-20.0,92.5,3.2824011747067873e-05
-17.5,92.5,2.3658790479687437e-05
-15.0,92.5,1.7514523093520755e-05
-12.5,92.5,1.2549610343626225e-05
-10.0,92.5,8.584850200889106e-06
-7.5,92.5,5.889447377061341e-06
-5.0,92.5,4.216592642034939e-06
-2.5,92.5,3.161368528813518e-06
0.0,92.5,2.4641088955380773e-06
2.5,92.5,1.9920601136764236e-06
5.0,92.5,1.6653722433558364e-06
7.5,92.5,1.427448136031725e-06
10.0,92.5,1.2436068878392804e-06
12.5,92.5,1.0999372748593661e-06
15.0,92.5,9.939340996786871e-07
17.5,92.5,9.244736042941524e-07
20.0,92.5,8.877994051783006e-07
22.5,92.5,8.776529982550202e-07
25.0,92.5,8.862853042197426e-07
27.5,92.5,9.057964109482258e-07
30.0,92.5,9.300213534429104e-07
32.5,92.5,9.557975558792341e-07
35.0,92.5,9.821850546612823e-07
37.5,92.5,1.0085831227556757e-06
40.0,92.5,1.033997288118333e-06
42.5,92.5,1.0577241044893735e-06
45.0,92.5,1.0798850981959312e-06
47.5,92.5,1.1010212131003161e-06
50.0,92.5,1.1215093467687574e-06
52.5,92.5,1.1415694859982073e-06
55.0,92.5,1.1615893827266148e-06
57.5,92.5,1.1821662417364953e-06
60.0,92.5,1.2038190896281144e-06
62.5,92.5,1.2267423785261896e-06
65.0,92.5,1.2508090443077306e-06
67.5,92.5,1.2756899679030604e-06
70.0,92.5,1.300928539304782e-06
72.5,92.5,1.32598545985286e-06
75.0,92.5,1.3503705072578661e-06
77.5,92.5,1.3738727767659639e-06
80.0,92.5,1.3967958853025025e-06
82.5,92.5,1.4201076981855207e-06
85.0,92.5,1.4455079745371187e-06
87.5,92.5,1.4754482953689888e-06
90.0,92.5,1.5131298609891723e-06
92.5,92.5,1.5624964519984645e-06
95.0,92.5,1.628293627482011e-06
97.5,92.5,1.7162676820858833e-06
100.0,92.5,1.8335721803046917e-06
102.5,92.5,1.9894299839445684e-06
105.0,92.5,2.196128315538749e-06
107.5,92.5,2.4704854331145518e-06
110.0,92.5,2.836034490842487e-06
112.5,92.5,3.326312584957202e-06
115.0,92.5,3.989707709301331e-06
117.5,92.5,4.894786541369007e-06
120.0,92.5,6.125444976089855e-06
122.5,92.5,7.734507301870488e-06
125.0,92.5,9.6434556540762e-06
127.5,92.5,1.1591188589631014e-05
130.0,92.5,1.325709100903291e-05
132.5,92.5,1.445566064318198e-05
135.0,92.5,1.5195964752642912e-05
137.5,92.5,1.559815888256708e-05
140.0,92.5,1.5794152737835724e-05
142.5,92.5,1.58807001732447e-05
145.0,92.5,1.591522102097427e-05
147.5,92.5,1.5927328313373126e-05
150.0,92.5,1.593072611390331e-05
152.5,92.5,1.593116745943454e-05
155.0,92.5,1.5930827019800148e-05
-142.5,95.0,1.592087089035008e-05
-140.0,95.0,1.585810144161002e-05
-137.5,95.0,1.5651739435634853e-05
-135.0,95.0,1.5102268858624627e-05
-132.5,95.0,1.3914645602005027e-05
-130.0,95.0,1.1907422857923428e-05
-127.5,95.0,9.363614809509038e-06
-125.0,95.0,6.958692256179019e-06
-122.5,95.0,5.149070149786903e-06
-120.0,95.0,3.935182619478348e-06
-117.5,95.0,3.144926886201784e-06
-115.0,95.0,2.635313148376828e-06
-112.5,95.0,2.317317136863947e-06
-110.0,95.0,2.1384230365770165e-06
-107.5,95.0,2.068196641198889e-06
-105.0,95.0,2.08905959582992e-06
-102.5,95.0,2.1905061994036283e-06
-100.0,95.0,2.3665402231600905e-06
-97.5,95.0,2.616212177495346e-06
-95.0,95.0,2.9452529988491687e-06
-92.5,95.0,3.3662960851560353e-06
-90.0,95.0,3.898311687036864e-06
-87.5,95.0,4.567029502418188e-06
-85.0,95.0,5.4024693319769595e-06
-82.5,95.0,6.425349484989788e-06
-80.0,95.0,7.627284119844737e-06
-77.5,95.0,8.974500353419666e-06
-75.0,95.0,1.0447023385152101e-05
-72.5,95.0,1.2027089980468741e-05
-70.0,95.0,1.345467536011909e-05
-67.5,95.0,1.3849204975590436e-05
-65.0,95.0,1.2370405079903748e-05
-62.5,95.0,9.757706711308116e-06
-60.0,95.0,7.420405272259248e-06
-57.5,95.0,5.790847061766895e-06
-55.0,95.0,4.721774106549329e-06
-52.5,95.0,4.270119264528983e-06
-50.0,95.0,4.893929014171061e-06
-47.5,95.0,7.901285306697785e-06
-45.0,95.0,1.4342281091115835e-05
-42.5,95.0,1.6471528897193466e-05
-40.0,95.0,1.553507037317122e-05
-37.5,95.0,2.3671853795487903e-05
-35.0,95.0,4.336322287900198e-05
-32.5,95.0,4.8052162850405775e-05
-30.0,95.0,4.147268408733524e-05
-27.5,95.0,4.317929468034703e-05
-25.0,95.0,4.928778668618134e-05
-22.5,95.0,4.7338798770929594e-05
-20.0,95.0,3.657495230566585e-05
-17.5,95.0,2.6365642184939905e-05
-15.0,95.0,1.909722282918345e-05
-12.5,95.0,1.3521437766649189e-05
-10.0,95.0,9.240686377813492e-06
-7.5,95.0,6.319809113100517e-06
-5.0,95.0,4.487310215196512e-06
-2.5,95.0,3.3357236712129543e-06
0.0,95.0,2.5833861749601666e-06
2.5,95.0,2.0769486075361644e-06
5.0,95.0,1.7265739865895224e-06
7.5,95.0,1.4728134229701427e-06
10.0,95.0,1.2798872967666164e-06
12.5,95.0,1.1319079759113534e-06
15.0,95.0,1.0238517285841017e-06
17.5,95.0,9.527701726923293e-07
20.0,95.0,9.141264822577688e-07
22.5,95.0,9.016493101334754e-07
25.0,95.0,9.080279510503805e-07
27.5,95.0,9.258988025028283e-07
30.0,95.0,9.492953268792787e-07
32.5,95.0,9.747628974041435e-07
35.0,95.0,1.0009506719203736e-06
37.5,95.0,1.0271417311028209e-06
40.0,95.0,1.0524515765991576e-06
42.5,95.0,1.0762116750119767e-06
45.0,95.0,1.0984347229006704e-06
47.5,95.0,1.119575981829271e-06
50.0,95.0,1.1400434162644867e-06
52.5,95.0,1.160121745801395e-06
55.0,95.0,1.180200464032047e-06
57.5,95.0,1.200831284637477e-06
60.0,95.0,1.2225048421131807e-06
62.5,95.0,1.2454261677481763e-06
65.0,95.0,1.269486850410183e-06
67.5,95.0,1.2943628024788152e-06
70.0,95.0,1.319598961842827e-06
72.5,95.0,1.3446712498292207e-06
75.0,95.0,1.3691163308823922e-06
77.5,95.0,1.3927486276770782e-06
80.0,95.0,1.415891419528431e-06
82.5,95.0,1.4395304221727022e-06
85.0,95.0,1.4653811689020652e-06
87.5,95.0,1.4959051645424865e-06
90.0,95.0,1.53429678277152e-06
92.5,95.0,1.584479916071793e-06
95.0,95.0,1.651167652072507e-06
97.5,95.0,1.7400611026554868e-06
100.0,95.0,1.8582444473666336e-06
102.5,95.0,2.0148289171451445e-06
105.0,95.0,2.221918528094785e-06
107.5,95.0,2.4960282733965934e-06
110.0,95.0,2.860187804259281e-06
112.5,95.0,3.3470937157929747e-06
115.0,95.0,4.003718836069756e-06
117.5,95.0,4.8963139160287094e-06
120.0,95.0,6.1057756737412675e-06
122.5,95.0,7.684284756651052e-06
125.0,95.0,9.56099121835894e-06
127.5,95.0,1.1489853192852087e-05
130.0,95.0,1.3159447320006174e-05
132.5,95.0,1.4378979356364342e-05
135.0,95.0,1.5145036032943273e-05
137.5,95.0,1.5568668791179213e-05
140.0,95.0,1.577896449751888e-05
142.5,95.0,1.5873693764628545e-05
145.0,95.0,1.591235862734976e-05
147.5,95.0,1.5926343653324415e-05
150.0,95.0,1.5930494297143884e-05
152.5,95.0,1.5931188959751106e-05
155.0,95.0,1.593090569713321e-05
-142.5,97.5,1.5915565798956826e-05
-140.0,97.5,1.584007727054796e-05
-137.5,97.5,1.5604946976158366e-05
-135.0,97.5,1.500562454091776e-05
-132.5,97.5,1.3761106533355477e-05
-130.0,97.5,1.173241147635539e-05
-127.5,97.5,9.23244526983444e-06
-125.0,97.5,6.904055141106145e-06
-122.5,97.5,5.15452468181402e-06
-120.0,97.5,3.974014882088743e-06
-117.5,97.5,3.2004893623606953e-06
-115.0,97.5,2.6994073128826653e-06
-112.5,97.5,2.386232062744434e-06
-110.0,97.5,2.2107022258660266e-06
-107.5,97.5,2.143535851865255e-06
-105.0,97.5,2.1679315547495097e-06
-102.5,97.5,2.2743215766315138e-06
-100.0,97.5,2.4579807802639966e-06
-97.5,97.5,2.7191504833486208e-06
-95.0,97.5,3.0641315251538715e-06
-92.5,97.5,3.505853679473097e-06
-90.0,97.5,4.064442244756203e-06
-87.5,97.5,4.768050687603435e-06
-85.0,97.5,5.649412413368892e-06
-82.5,97.5,6.7322019480732594e-06
-80.0,97.5,8.01414126555984e-06
-77.5,97.5,9.471508526157403e-06
-75.0,97.5,1.1086011113113248e-05
-72.5,97.5,1.2803240008780299e-05
-70.0,97.5,1.4272010578584446e-05
-67.5,97.5,1.4588709256640201e-05
-65.0,97.5,1.308548264516147e-05
-62.5,97.5,1.0519771234201035e-05
-60.0,97.5,8.128758964286488e-06
-57.5,97.5,6.372670968958692e-06
-55.0,97.5,5.2601184720370585e-06
-52.5,97.5,4.899432148597242e-06
-50.0,97.5,5.714891294822175e-06
-47.5,97.5,8.711468520086575e-06
-45.0,97.5,1.360681793149725e-05
-42.5,97.5,1.5149731562966543e-05
-40.0,97.5,1.5380144697756552e-05
-37.5,97.5,2.213609346439913e-05
-35.0,97.5,3.835500204565865e-05
-32.5,97.5,4.907938868675408e-05
-30.0,97.5,4.768114077784658e-05
-27.5,97.5,4.870364827870815e-05
-25.0,97.5,5.2834175796402e-05
-22.5,97.5,5.072374937379299e-05
-20.0,97.5,4.032119919604741e-05
-17.5,97.5,2.9191516464538537e-05
-15.0,97.5,2.080973264731504e-05
-12.5,97.5,1.4559929825011036e-05
-10.0,97.5,9.91944627986382e-06
-7.5,97.5,6.7623430802122885e-06
-5.0,97.5,4.76767544306495e-06
-2.5,97.5,3.5164347398929123e-06
0.0,97.5,2.705965875739304e-06
2.5,97.5,2.1634993808404295e-06
5.0,97.5,1.7889477224525649e-06
7.5,97.5,1.5192894301238582e-06
10.0,97.5,1.3171319185534765e-06
12.5,97.5,1.1644998228304483e-06
15.0,97.5,1.0540153145635275e-06
17.5,97.5,9.81067435721588e-07
20.0,97.5,9.403881595696959e-07
22.5,97.5,9.256470557361841e-07
25.0,97.5,9.29859543405091e-07
27.5,97.5,9.460900798025673e-07
30.0,97.5,9.685640529997305e-07
32.5,97.5,9.936280325760128e-07
35.0,97.5,1.019589516683124e-06
37.5,97.5,1.0455848847825305e-06
40.0,97.5,1.0707852499898371e-06
42.5,97.5,1.0945559869260582e-06
45.0,97.5,1.11683210096615e-06
47.5,97.5,1.1379922713231945e-06
50.0,97.5,1.1584557369804188e-06
52.5,97.5,1.1785573006163481e-06
55.0,97.5,1.1986935576089054e-06
57.5,97.5,1.2193807976111748e-06
60.0,97.5,1.2410830651165957e-06
62.5,97.5,1.2640092362536679e-06
65.0,97.5,1.2880671743451322e-06
67.5,97.5,1.3129405350588882e-06
70.0,97.5,1.338178766458317e-06
72.5,97.5,1.363272088788218e-06
75.0,97.5,1.3877824323514656e-06
77.5,97.5,1.4115507926066363e-06
80.0,97.5,1.434920115726317e-06
82.5,97.5,1.4588933426376844e-06
85.0,97.5,1.4852011703983174e-06
87.5,97.5,1.516310800152051e-06
90.0,97.5,1.555410624603681e-06
92.5,97.5,1.6064040631094225e-06
95.0,97.5,1.6739728136551069e-06
97.5,97.5,1.7637732408979242e-06
100.0,97.5,1.882822214794683e-06
102.5,97.5,2.040123384152746e-06
105.0,97.5,2.2476034110704215e-06
107.5,97.5,2.5214870233736868e-06
110.0,97.5,2.8843220848844842e-06
112.5,97.5,3.3680039545695826e-06
115.0,97.5,4.018164231705883e-06
117.5,97.5,4.898866371689815e-06
120.0,97.5,6.088161615724974e-06
122.5,97.5,7.637480420380308e-06
125.0,97.5,9.482852286324096e-06
127.5,97.5,1.1392334591231419e-05
130.0,97.5,1.3063858637306596e-05
132.5,97.5,1.430251953071317e-05
135.0,97.5,1.5093284096394151e-05
137.5,97.5,1.5538119854431345e-05
140.0,97.5,1.576291382849688e-05
142.5,97.5,1.5866125772729715e-05
145.0,97.5,1.5909183262988975e-05
147.5,97.5,1.5925206563647383e-05
150.0,97.5,1.593019834908018e-05
152.5,97.5,1.5931188878795813e-05
155.0,97.5,1.5930980416872153e-05
-142.5,100.0,1.5909214108682996e-05
-140.0,100.0,1.5819937282180795e-05
-137.5,100.0,1.5555180906370965e-05
-135.0,100.0,1.4907360418282475e-05
-132.5,100.0,1.3611751001442558e-05
-130.0,100.0,1.1569378464724352e-05
-127.5,100.0,9.115603406788082e-06
-125.0,100.0,6.859595533366019e-06
-122.5,100.0,5.1654889199407996e-06
-120.0,100.0,4.015784672176214e-06
-117.5,100.0,3.257852310426119e-06
-115.0,100.0,2.7648377086975932e-06
-112.5,100.0,2.4563146942898765e-06
-110.0,100.0,2.2841181244800284e-06
-107.5,100.0,2.220079212604504e-06
-105.0,100.0,2.2481803572893326e-06
-102.5,100.0,2.3597605632421566e-06
-100.0,100.0,2.551246153824185e-06
-97.5,100.0,2.823956012442034e-06
-95.0,100.0,3.184856625597915e-06
-92.5,100.0,3.6474435300323005e-06
-90.0,100.0,4.233125792052711e-06
-87.5,100.0,4.972241523713093e-06
-85.0,100.0,5.900060604421766e-06
-82.5,100.0,7.043691455558774e-06
-80.0,100.0,8.407657832938493e-06
-77.5,100.0,9.977558558522337e-06
-75.0,100.0,1.1733506051731084e-05
-72.5,100.0,1.3581575686307326e-05
-70.0,100.0,1.5092693421032971e-05
-67.5,100.0,1.5365386259317618e-05
-65.0,100.0,1.386413906850269e-05
-62.5,100.0,1.132796481507504e-05
-60.0,100.0,8.87686883057901e-06
-57.5,100.0,7.0249059856954965e-06
-55.0,100.0,5.897939044146268e-06
-52.5,100.0,5.636605966336427e-06
-50.0,100.0,6.631372261777748e-06
-47.5,100.0,9.576715707376291e-06
-45.0,100.0,1.3625534113939272e-05
-42.5,100.0,1.5330147769502733e-05
-40.0,100.0,1.6564910569745625e-05
-37.5,100.0,2.297603901350491e-05
-35.0,100.0,3.734545437418334e-05
-32.5,100.0,5.07880723079282e-05
-30.0,100.0,5.396488625238404e-05
-27.5,100.0,5.511806442527512e-05
-25.0,100.0,5.7487014406733524e-05
-22.5,100.0,5.460160139396755e-05
-20.0,100.0,4.4114632770505655e-05
-17.5,100.0,3.2108714842436755e-05
-15.0,100.0,2.263297414120243e-05
-12.5,100.0,1.5662645283303845e-05
-10.0,100.0,1.0623574409833117e-05
-7.5,100.0,7.217590615592484e-06
-5.0,100.0,5.057291297838638e-06
-2.5,100.0,3.7032945273207256e-06
0.0,100.0,2.8319067446236863e-06
2.5,100.0,2.2518297609930667e-06
5.0,100.0,1.852563777629122e-06
7.5,100.0,1.5668812440950578e-06
10.0,100.0,1.35530952196913e-06
12.5,100.0,1.19769066759865e-06
15.0,100.0,1.0844336989325257e-06
17.5,100.0,1.0093946199909285e-06
20.0,100.0,9.666115647371783e-07
22.5,100.0,9.496494712090743e-07
25.0,100.0,9.517627216016049e-07
27.5,100.0,9.663579756110243e-07
30.0,100.0,9.878368060791832e-07
32.5,100.0,1.0124133801046015e-06
35.0,100.0,1.038113984664112e-06
37.5,100.0,1.063915426644412e-06
40.0,100.0,1.089002821815323e-06
42.5,100.0,1.1127666758982245e-06
45.0,100.0,1.1350873255162564e-06
47.5,100.0,1.1562752373548625e-06
50.0,100.0,1.1767489492581296e-06
52.5,100.0,1.1968798184976301e-06
55.0,100.0,1.2170736554879621e-06
57.5,100.0,1.2378198269878424e-06
60.0,100.0,1.2595567591271463e-06
62.5,100.0,1.2824937831057112e-06
65.0,100.0,1.306552745056962e-06
67.5,100.0,1.331426598392817e-06
70.0,100.0,1.3566710748424284e-06
72.5,100.0,1.381790702476882e-06
75.0,100.0,1.406371796528663e-06
77.5,100.0,1.430281548435678e-06
80.0,100.0,1.4538843386292135e-06
82.5,100.0,1.4781988249843993e-06
85.0,100.0,1.5049687716324847e-06
87.5,100.0,1.5366664074376224e-06
90.0,100.0,1.5764721766240733e-06
92.5,100.0,1.628269851203958e-06
95.0,100.0,1.6967102498198415e-06
97.5,100.0,1.7874057207513392e-06
100.0,100.0,1.9073077676341086e-06
102.5,100.0,2.065315287064121e-06
105.0,100.0,2.2731854111402075e-06
107.5,100.0,2.546862759509898e-06
110.0,100.0,2.9084341585825905e-06
112.5,100.0,3.3890310323613544e-06
115.0,100.0,4.033011764861727e-06
117.5,100.0,4.902371297981987e-06
120.0,100.0,6.07245918854607e-06
122.5,100.0,7.593871785520836e-06
125.0,100.0,9.408814454603247e-06
127.5,100.0,1.1298534732534735e-05
130.0,100.0,1.297038757371172e-05
132.5,100.0,1.4226417497864641e-05
135.0,100.0,1.5040823494619953e-05
137.5,100.0,1.550657102014013e-05
140.0,100.0,1.574601571366358e-05
142.5,100.0,1.585798976675463e-05
145.0,100.0,1.5905682979417417e-05
147.5,100.0,1.5923906872178213e-05
150.0,100.0,1.592983170868443e-05
152.5,100.0,1.5931163453356316e-05
155.0,100.0,1.5931049603195626e-05
-142.5,102.5,1.5901769480719237e-05
-140.0,102.5,1.5797728842206926e-05
-137.5,102.5,1.550277258635664e-05
-135.0,102.5,1.4808203531499447e-05
-132.5,102.5,1.3467255381272238e-05
-130.0,102.5,1.1418062210313301e-05
-127.5,102.5,9.011969687427579e-06
-125.0,102.5,6.8243433199523684e-06
-122.5,102.5,5.1814865816767656e-06
-120.0,102.5,4.060302240300108e-06
-117.5,102.5,3.316944112387411e-06
-115.0,102.5,2.8315776487285038e-06
-112.5,102.5,2.5275583758866695e-06
-110.0,102.5,2.358676577777855e-06
-107.5,102.5,2.297843907652574e-06
-105.0,102.5,2.3298235208089896e-06
-102.5,102.5,2.4468236882683633e-06
-100.0,102.5,2.646322852836199e-06
-97.5,102.5,2.9306412389040703e-06
-95.0,102.5,3.307492770486277e-06
-92.5,102.5,3.791158587339725e-06
-90.0,102.5,4.404409832767019e-06
-87.5,102.5,5.179614100084159e-06
-85.0,102.5,6.154521213151626e-06
-82.5,102.5,7.360078092197076e-06
-80.0,102.5,8.807978399107055e-06
-77.5,102.5,1.0492206666836692e-05
-75.0,102.5,1.238847364253033e-05
-72.5,102.5,1.4362648939473568e-05
-70.0,102.5,1.592155034103448e-05
-67.5,102.5,1.6179766604491654e-05
-65.0,102.5,1.4697741947061176e-05
-62.5,102.5,1.2180325986775724e-05
-60.0,102.5,9.673870194916271e-06
-57.5,102.5,7.754017042413476e-06
-55.0,102.5,6.6340288961603265e-06
-52.5,102.5,6.477779802820413e-06
-50.0,102.5,7.634718923477963e-06
-47.5,102.5,1.0533073028165636e-05
-45.0,102.5,1.4180252258357327e-05
-42.5,102.5,1.630884006596038e-05
-40.0,102.5,1.849038930500413e-05
-37.5,102.5,2.5063400022056092e-05
-35.0,102.5,3.857994089322833e-05
-32.5,102.5,5.3437134020306514e-05
-30.0,102.5,6.0275949631889754e-05
-27.5,102.5,6.214542546007332e-05
-25.0,102.5,6.301184598811296e-05
-22.5,102.5,5.897329545379777e-05
-20.0,102.5,4.800526165965552e-05
-17.5,102.5,3.5103376802128174e-05
-15.0,102.5,2.455110865335375e-05
-12.5,102.5,1.682628938390292e-05
-10.0,102.5,1.1354684233045096e-05
-7.5,102.5,7.686170377105132e-06
-5.0,102.5,5.355924748261425e-06
-2.5,102.5,3.896126747166103e-06
0.0,102.5,2.9612459633903468e-06
2.5,102.5,2.3420428557384403e-06
5.0,102.5,1.9174851921613e-06
7.5,102.5,1.6155940641074265e-06
10.0,102.5,1.3943961178188712e-06
12.5,102.5,1.2314670837662248e-06
15.0,102.5,1.1151186834340477e-06
17.5,102.5,1.0377808895039798e-06
20.0,102.5,9.928207483204323e-07
22.5,102.5,9.736629295998823e-07
25.0,102.5,9.737285925696329e-07
27.5,102.5,9.866940188989088e-07
30.0,102.5,1.0071200207847265e-06
32.5,102.5,1.031136527567934e-06
35.0,102.5,1.0565369661083717e-06
37.5,102.5,1.0821385913496797e-06
40.0,102.5,1.1071085647856462e-06
42.5,102.5,1.1308521331956055e-06
45.0,102.5,1.1532083803083055e-06
47.5,102.5,1.1744304558309304e-06
50.0,102.5,1.1949263089125562e-06
52.5,102.5,1.2150926615081331e-06
55.0,102.5,1.235345115885827e-06
57.5,102.5,1.256151698383254e-06
60.0,102.5,1.2779288404086291e-06
62.5,102.5,1.3008828989841489e-06
65.0,102.5,1.324946614729913e-06
67.5,102.5,1.34982415431502e-06
70.0,102.5,1.3750784171575612e-06
72.5,102.5,1.400229766058315e-06
75.0,102.5,1.4248871260129566e-06
77.5,102.5,1.4489437393251789e-06
80.0,102.5,1.4727859965105946e-06
82.5,102.5,1.4974482878521998e-06
85.0,102.5,1.5246855128072812e-06
87.5,102.5,1.556972588070126e-06
90.0,102.5,1.5974825085844146e-06
92.5,102.5,1.650078340488092e-06
95.0,102.5,1.7193811889693834e-06
97.5,102.5,1.810960214794286e-06
100.0,102.5,1.931702869782187e-06
102.5,102.5,2.0904075536125405e-06
105.0,102.5,2.2986669362558307e-06
107.5,102.5,2.572156623549894e-06
110.0,102.5,2.9325214726361483e-06
112.5,102.5,3.4101639210753633e-06
115.0,102.5,4.048232272545166e-06
117.5,102.5,4.906762456910766e-06
120.0,102.5,6.058537176672873e-06
122.5,102.5,7.5532534967847905e-06
125.0,102.5,9.338664782232085e-06
127.5,102.5,1.1208350491255707e-05
130.0,102.5,1.2879081394139179e-05
132.5,102.5,1.4150797362760632e-05
135.0,102.5,1.4987765083069942e-05
137.5,102.5,1.5474082997997843e-05
140.0,102.5,1.572828826325706e-05
142.5,102.5,1.584928156304536e-05
145.0,102.5,1.5901846924793238e-05
147.5,102.5,1.5922434715589173e-05
150.0,102.5,1.592938769892432e-05
152.5,102.5,1.5931109133286345e-05
155.0,102.5,1.5931111391961282e-05
-142.5,105.0,1.5893199947337504e-05
-140.0,105.0,1.5773527567856734e-05
-137.5,105.0,1.544807604582425e-05
-135.0,105.0,1.4708834554450178e-05
-132.5,105.0,1.3328156803484e-05
-130.0,105.0,1.1278118243620296e-05
-127.5,105.0,8.920512773157276e-06
-125.0,105.0,6.797452643376586e-06
-122.5,105.0,5.202103292878679e-06
-120.0,105.0,4.107401294833393e-06
-117.5,105.0,3.3777010013319514e-06
-115.0,105.0,2.899604069020308e-06
-112.5,105.0,2.5999568517072166e-06
-110.0,105.0,2.434386275570178e-06
-107.5,105.0,2.376846138884804e-06
-105.0,105.0,2.4128753493616298e-06
-102.5,105.0,2.5355123429623334e-06
-100.0,105.0,2.7432040424608184e-06
-97.5,105.0,3.039219330654946e-06
-95.0,105.0,3.4321018232657e-06
-92.5,105.0,3.937078358071731e-06
-90.0,105.0,4.578344924593103e-06
-87.5,105.0,5.390206111799752e-06
-85.0,105.0,6.412913159191124e-06
-82.5,105.0,7.681575776408717e-06
-80.0,105.0,9.215193072819741e-06
-77.5,105.0,1.1015070324800583e-05
-75.0,105.0,1.3050268409946669e-05
-72.5,105.0,1.5147532484925037e-05
-70.0,105.0,1.6762322982650766e-05
-67.5,105.0,1.7031121293500624e-05
-65.0,105.0,1.55806095813928e-05
-62.5,105.0,1.307807385805516e-05
-60.0,105.0,1.052774191238992e-05
-57.5,105.0,8.564750276262687e-06
-55.0,105.0,7.46859044717519e-06
-52.5,105.0,7.42095280770456e-06
-50.0,105.0,8.724883022123732e-06
-47.5,105.0,1.1609674742753444e-05
-45.0,105.0,1.5137105416968087e-05
-42.5,105.0,1.78086041142059e-05
-40.0,105.0,2.09325635337685e-05
-37.5,105.0,2.797659187122822e-05
-35.0,105.0,4.12626123735414e-05
-32.5,105.0,5.704568010976781e-05
-30.0,105.0,6.670878395504213e-05
-27.5,105.0,6.960335277718926e-05
-25.0,105.0,6.923384484026726e-05
-22.5,105.0,6.38140002498162e-05
-20.0,105.0,5.2031612678820496e-05
-17.5,105.0,3.8171196339713914e-05
-15.0,105.0,2.6551663504888758e-05
-12.5,105.0,1.804718847913803e-05
-10.0,105.0,1.2113699793257806e-05
-7.5,105.0,8.168681332872083e-06
-5.0,105.0,5.663460116000863e-06
-2.5,105.0,4.094795271328769e-06
0.0,105.0,3.094011709709223e-06
2.5,105.0,2.4342299772819647e-06
5.0,105.0,1.983773077398468e-06
7.5,105.0,1.665435729836177e-06
10.0,105.0,1.434373351081016e-06
12.5,105.0,1.2658205586851265e-06
15.0,105.0,1.1460842970268705e-06
17.5,105.0,1.0662531574582896e-06
20.0,105.0,1.0190396638368282e-06
22.5,105.0,9.976974789699005e-07
25.0,105.0,9.957518128182238e-07
27.5,105.0,1.0070924575719168e-06
30.0,105.0,1.026419811962856e-06
32.5,105.0,1.049811673171943e-06
35.0,105.0,1.074871522082777e-06
37.5,105.0,1.1002617688638998e-06
40.0,105.0,1.1251081549860107e-06
42.5,105.0,1.1488197277914758e-06
45.0,105.0,1.1712037803180078e-06
47.5,105.0,1.192463409242641e-06
50.0,105.0,1.2129910376909428e-06
52.5,105.0,1.2331991854465848e-06
55.0,105.0,1.2535115159642347e-06
57.5,105.0,1.2743807978445642e-06
60.0,105.0,1.2962023653592554e-06
62.5,105.0,1.3191786718548918e-06
65.0,105.0,1.343251464168266e-06
67.5,105.0,1.3681353934276316e-06
70.0,105.0,1.3934037537608016e-06
72.5,105.0,1.418591374523574e-06
75.0,105.0,1.4433307120174483e-06
77.5,105.0,1.4675401804869317e-06
80.0,105.0,1.4916274490072987e-06
82.5,105.0,1.516643602024458e-06
85.0,105.0,1.544352183907753e-06
87.5,105.0,1.5772305998075604e-06
90.0,105.0,1.6184418732667245e-06
92.5,105.0,1.671830198240603e-06
95.0,105.0,1.7419863564430241e-06
97.5,105.0,1.8344380382438945e-06
100.0,105.0,1.9560096139890025e-06
102.5,105.0,2.1154023208216313e-06
105.0,105.0,2.3240500651345494e-06
107.5,105.0,2.5973694878097413e-06
110.0,105.0,2.95658195943361e-06
112.5,105.0,3.4313924225329194e-06
115.0,105.0,4.0637987161650265e-06
117.5,105.0,4.911979209543314e-06
120.0,105.0,6.046275683049411e-06
122.5,105.0,7.515436137060246e-06
125.0,105.0,9.27220109822246e-06
127.5,105.0,1.1121675319113863e-05
130.0,105.0,1.2789973588787187e-05
132.5,105.0,1.4075771520470066e-05
135.0,105.0,1.4934215555438419e-05
137.5,105.0,1.544071770980636e-05
140.0,105.0,1.570975234405957e-05
142.5,105.0,1.5839999186978255e-05
145.0,105.0,1.5897665407960608e-05
147.5,105.0,1.592078062795212e-05
150.0,105.0,1.5928859656935227e-05
152.5,105.0,1.5931021986628037e-05
155.0,105.0,1.593116389064264e-05
-142.5,107.5,1.588349173260719e-05
-140.0,107.5,1.5747435982257068e-05
-137.5,107.5,1.5391457546377954e-05
-135.0,107.5,1.460988017554187e-05
-132.5,107.5,1.3194866633915165e-05
-130.0,107.5,1.1149145193441977e-05
-127.5,107.5,8.840288363659055e-06
-125.0,107.5,6.778182774231217e-06
-122.5,107.5,5.226977621641101e-06
-120.0,107.5,4.156934195197068e-06
-117.5,107.5,3.440066497809866e-06
-115.0,107.5,2.9688976109303506e-06
-112.5,107.5,2.6735082144901405e-06
-110.0,107.5,2.5112556973471045e-06
-107.5,107.5,2.457104323700009e-06
-105.0,107.5,2.497350656839839e-06
-102.5,107.5,2.625829356634082e-06
-100.0,107.5,2.8418863792421245e-06
-97.5,107.5,3.1497099994238824e-06
-95.0,107.5,3.5587399062745048e-06
-92.5,107.5,4.085276448506092e-06
-90.0,107.5,4.754985771676599e-06
-87.5,107.5,5.604070551411821e-06
-85.0,107.5,6.67535565348772e-06
-82.5,107.5,8.008368264286264e-06
-80.0,107.5,9.629356815477054e-06
-77.5,107.5,1.1545841760123172e-05
-75.0,107.5,1.3718599086398504e-05
-72.5,107.5,1.593755626487459e-05
-70.0,107.5,1.7617774445947405e-05
-67.5,107.5,1.7918291691227467e-05
-65.0,107.5,1.6509474296472516e-05
-62.5,107.5,1.4024030846828902e-05
-60.0,107.5,1.1445133794521394e-05
-57.5,107.5,9.460929270246122e-06
-55.0,107.5,8.402598069981113e-06
-52.5,107.5,8.465862832814162e-06
-50.0,107.5,9.907717706130075e-06
-47.5,107.5,1.2826314964776945e-05
-45.0,107.5,1.6420497609263736e-05
-42.5,107.5,1.970680350972241e-05
-40.0,107.5,2.3794977898994145e-05
-37.5,107.5,3.1529445166991055e-05
-35.0,107.5,4.500347601226175e-05
-32.5,107.5,6.155233208333985e-05
-30.0,107.5,7.338511957409691e-05
-27.5,107.5,7.738826349346918e-05
-25.0,107.5,7.601698797891177e-05
-22.5,107.5,6.908660330027857e-05
-20.0,107.5,5.621915672554899e-05
-17.5,107.5,4.131339222350949e-05
-15.0,107.5,2.8625296518319587e-05
-12.5,107.5,1.932165059699737e-05
-10.0,107.5,1.2901004309945256e-05
-7.5,107.5,8.665645253970187e-06
-5.0,107.5,5.979872147926715e-06
-2.5,107.5,4.299200961853854e-06
0.0,107.5,3.230225573791715e-06
2.5,107.5,2.5284716371310707e-06
5.0,107.5,2.0514820633251124e-06
7.5,107.5,1.716414169292281e-06
10.0,107.5,1.475229764660673e-06
12.5,107.5,1.3007477936956024e-06
15.0,107.5,1.1773453879883116e-06
17.5,107.5,1.094836284538672e-06
20.0,107.5,1.045291156315859e-06
22.5,107.5,1.0217621688424641e-06
25.0,107.5,1.0178305129086795e-06
27.5,107.5,1.0275504300696099e-06
30.0,107.5,1.045741368089118e-06
32.5,107.5,1.0684512645413174e-06
35.0,107.5,1.0931292380018208e-06
37.5,107.5,1.1182910767638088e-06
40.0,107.5,1.1430068984516152e-06
42.5,107.5,1.166676389095661e-06
45.0,107.5,1.1890808089328721e-06
47.5,107.5,1.2103799565137583e-06
50.0,107.5,1.2309468304355689e-06
52.5,107.5,1.2512024413472878e-06
55.0,107.5,1.2715769354063777e-06
57.5,107.5,1.2925104088546435e-06
60.0,107.5,1.3143806235918833e-06
62.5,107.5,1.337383987376136e-06
65.0,107.5,1.361469681354551e-06
67.5,107.5,1.3863631022287901e-06
70.0,107.5,1.411649354153003e-06
72.5,107.5,1.4368784548905655e-06
75.0,107.5,1.4617047258323067e-06
77.5,107.5,1.4860725164044278e-06
80.0,107.5,1.510410605991699e-06
82.5,107.5,1.5357859561115454e-06
85.0,107.5,1.563970016870439e-06
87.5,107.5,1.597440572061731e-06
90.0,107.5,1.6393510979601896e-06
92.5,107.5,1.6935262069487467e-06
95.0,107.5,1.7645271637680742e-06
97.5,107.5,1.8578403570996195e-06
100.0,107.5,1.980229997309516e-06
102.5,107.5,2.1403018144629963e-06
105.0,107.5,2.3493368156357884e-06
107.5,107.5,2.6225026389947973e-06
110.0,107.5,2.980612871214667e-06
112.5,107.5,3.452707284003465e-06
115.0,107.5,4.079686682619903e-06
117.5,107.5,4.917966115186324e-06
120.0,107.5,6.035564498740497e-06
122.5,107.5,7.480244737360394e-06
125.0,107.5,9.209232303264145e-06
127.5,107.5,1.103840058956416e-05
130.0,107.5,1.2703085518746529e-05
132.5,107.5,1.4001441114917682e-05
135.0,107.5,1.4880277134291777e-05
137.5,107.5,1.5406537837812892e-05
140.0,107.5,1.5690431328081857e-05
142.5,107.5,1.5830142778275584e-05
145.0,107.5,1.5893129912650087e-05
147.5,107.5,1.5918935536077544e-05
150.0,107.5,1.5928240945020738e-05
152.5,107.5,1.593089802125606e-05
155.0,107.5,1.5931205052894227e-05
-142.5,110.0,1.5872643545722005e-05
-140.0,110.0,1.571957761379961e-05
-137.5,110.0,1.5333286374572016e-05
-135.0,110.0,1.4511908277349349e-05
-132.5,110.0,1.306768720560272e-05
-130.0,110.0,1.103070597217447e-05
-127.5,110.0,8.770435190496337e-06
-125.0,110.0,6.765881585353297e-06
-122.5,110.0,5.2557929252989656e-06
-120.0,110.0,4.208771028281153e-06
-117.5,110.0,3.5039899031364364e-06
-115.0,110.0,3.0394396035355186e-06
-112.5,110.0,2.7482112468287228e-06
-110.0,110.0,2.589295291849415e-06
-107.5,110.0,2.538630534887041e-06
-105.0,110.0,2.583260075477667e-06
-102.5,110.0,2.717775978765707e-06
-100.0,110.0,2.9423721079873216e-06
-97.5,110.0,3.2621331636261367e-06
-95.0,110.0,3.687459710366005e-06
-92.5,110.0,4.2358177705549294e-06
-90.0,110.0,4.934388947949096e-06
-87.5,110.0,5.8212728191003305e-06
-85.0,110.0,6.941972744815185e-06
-82.5,110.0,8.34061015374381e-06
-80.0,110.0,1.0050501026540037e-05
-77.5,110.0,1.2084301222938609e-05
-75.0,110.0,1.4393445331056597e-05
-72.5,110.0,1.6734131577766223e-05
-70.0,110.0,1.848990366991013e-05
-67.5,110.0,1.8840200967281593e-05
-65.0,110.0,1.74829060370097e-05
-62.5,110.0,1.5021686196338582e-05
-60.0,110.0,1.2431543749625014e-05
-57.5,110.0,1.0445851192953713e-05
-55.0,110.0,9.43755552706119e-06
-52.5,110.0,9.614002300159357e-06
-50.0,110.0,1.1192229080733402e-05
-47.5,110.0,1.4196634490703015e-05
-45.0,110.0,1.7988928040922638e-05
-42.5,110.0,2.1945390418250782e-05
-40.0,110.0,2.7033415623203426e-05
-37.5,110.0,3.5629452544149344e-05
-35.0,110.0,4.9593907168506084e-05
-32.5,110.0,6.688271579047828e-05
-30.0,110.0,8.040459348885131e-05
-27.5,110.0,8.54531776197863e-05
-25.0,110.0,8.325589025016856e-05
-22.5,110.0,7.474900971434635e-05
-20.0,110.0,6.0581819692249814e-05
-17.5,110.0,4.453356624519111e-05
-15.0,110.0,3.076534542889302e-05
-12.5,110.0,2.0646227328580014e-05
-10.0,110.0,1.3716584117547639e-05
-7.5,110.0,9.177479666942283e-06
-5.0,110.0,6.305182192547324e-06
-2.5,110.0,4.509279476729023e-06
0.0,110.0,3.369907967471694e-06
2.5,110.0,2.6248373503883786e-06
5.0,110.0,2.1206621695088108e-06
7.5,110.0,1.7685396508588875e-06
10.0,110.0,1.5169566662857048e-06
12.5,110.0,1.336248144839763e-06
15.0,110.0,1.2089169209427171e-06
17.5,110.0,1.1235541464514565e-06
20.0,110.0,1.0715960973329294e-06
22.5,110.0,1.0458684385958738e-06
25.0,110.0,1.0399663718657137e-06
27.5,110.0,1.0480659535753626e-06
30.0,110.0,1.065088664069371e-06
32.5,110.0,1.0870661231438793e-06
35.0,110.0,1.1113216616884628e-06
37.5,110.0,1.1362353294377978e-06
40.0,110.0,1.16081070512052e-06
42.5,110.0,1.1844289257592984e-06
45.0,110.0,1.2068459111630316e-06
47.5,110.0,1.228185232788537e-06
50.0,110.0,1.2487971132038292e-06
52.5,110.0,1.269105556757427e-06
55.0,110.0,1.2895445651212315e-06
57.5,110.0,1.310544115087374e-06
60.0,110.0,1.3324661878823517e-06
62.5,110.0,1.3555011501015452e-06
65.0,110.0,1.379603428993611e-06
67.5,110.0,1.404510256746542e-06
70.0,110.0,1.4298180981576028e-06
72.5,110.0,1.4550928386725508e-06
75.0,110.0,1.4800118217155093e-06
77.5,110.0,1.5045430387476283e-06
80.0,110.0,1.5291378046742291e-06
82.5,110.0,1.5548768607759743e-06
85.0,110.0,1.5835401584843607e-06
87.5,110.0,1.6176035908510558e-06
90.0,110.0,1.66021095759195e-06
92.5,110.0,1.7151672067271426e-06
95.0,110.0,1.7870043509144175e-06
97.5,110.0,1.8811688899511208e-06
100.0,110.0,2.0043658588601055e-06
102.5,110.0,2.165108201986214e-06
105.0,110.0,2.3745297164105066e-06
107.5,110.0,2.647556917485906e-06
110.0,110.0,3.0046131730005114e-06
112.5,110.0,3.474100154238056e-06
115.0,110.0,4.095873326688539e-06
117.5,110.0,4.924672128681439e-06
120.0,110.0,6.026302798679957e-06
122.5,110.0,7.447517384741846e-06
125.0,110.0,9.14957755139657e-06
127.5,110.0,1.0958416839303831e-05
130.0,110.0,1.261842787598872e-05
132.5,110.0,1.3927896605628222e-05
135.0,110.0,1.4826047167965133e-05
137.5,110.0,1.537160628076354e-05
140.0,110.0,1.5670350775285755e-05
142.5,110.0,1.5819714522840877e-05
145.0,110.0,1.588823310374322e-05
147.5,110.0,1.59168908645141e-05
150.0,110.0,1.5927524985577165e-05
152.5,110.0,1.593073316648355e-05
155.0,110.0,1.5931232723520695e-05
-142.5,112.5,1.586066969544269e-05
-140.0,112.5,1.5690095237321637e-05
-137.5,112.5,1.5273932276220335e-05
-135.0,112.5,1.4415423340009134e-05
-132.5,112.5,1.294682660879268e-05
-130.0,112.5,1.0922342167916066e-05
-127.5,112.5,8.71016684740646e-06
-125.0,112.5,6.759976410223878e-06
-122.5,112.5,5.288269410764941e-06
-120.0,112.5,4.262794985333572e-06
-117.5,112.5,3.569426091835778e-06
-115.0,112.5,3.111217387955944e-06
-112.5,112.5,2.8240669026287485e-06
-110.0,112.5,2.6685138652337186e-06
-107.5,112.5,2.621439970588256e-06
-105.0,112.5,2.6706151777758722e-06
-102.5,112.5,2.8113563100414716e-06
-100.0,112.5,3.0446654987883465e-06
-97.5,112.5,3.3765141320059146e-06
-95.0,112.5,3.818310082203872e-06
-92.5,112.5,4.388764788495777e-06
-90.0,112.5,5.116610781752486e-06
-87.5,112.5,6.041885253927409e-06
-85.0,112.5,7.212880340549494e-06
-82.5,112.5,8.678438731682757e-06
-80.0,112.5,1.0478649127051306e-05
-77.5,112.5,1.2630325833173501e-05
-75.0,112.5,1.5075009324154313e-05
-72.5,112.5,1.7538617834174413e-05
-70.0,112.5,1.9380158264960996e-05
-67.5,112.5,1.9796076622328096e-05
-65.0,112.5,1.8500766256925365e-05
-62.5,112.5,1.607465905506511e-05
-60.0,112.5,1.3491559549460015e-05
-57.5,112.5,1.15225144802043e-05
-55.0,112.5,1.0575464384110047e-05
-52.5,112.5,1.0868480765345577e-05
-50.0,112.5,1.2588731979886792e-05
-47.5,112.5,1.5731036070234502e-05
-45.0,112.5,1.982049452633202e-05
-42.5,112.5,2.449661441101176e-05
-40.0,112.5,3.062798631000619e-05
-37.5,112.5,4.0226725297655415e-05
-35.0,112.5,5.491254126928307e-05
-32.5,112.5,7.296976059666569e-05
-30.0,112.5,8.783453335571884e-05
-27.5,112.5,9.378518373993219e-05
-25.0,112.5,9.087121387802395e-05
-22.5,112.5,8.075850336191957e-05
-20.0,112.5,6.512442110278031e-05
-17.5,112.5,4.783571538429999e-05
-15.0,112.5,3.296726596002837e-05
-12.5,112.5,2.2017822955154804e-05
-10.0,112.5,1.4560149451760474e-05
-7.5,112.5,9.704494221417621e-06
-5.0,112.5,6.639448136337522e-06
-2.5,112.5,4.724994076856286e-06
0.0,112.5,3.513081529063406e-06
2.5,112.5,2.7233900860841805e-06
5.0,112.5,2.1913593391815694e-06
7.5,112.5,1.8218240006930395e-06
10.0,112.5,1.5595504569512713e-06
12.5,112.5,1.3723246305336822e-06
15.0,112.5,1.240813923437917e-06
17.5,112.5,1.1524283252913547e-06
20.0,112.5,1.097973825176091e-06
22.5,112.5,1.0700271786467753e-06
25.0,112.5,1.0621613951750432e-06
27.5,112.5,1.0686393519116016e-06
30.0,112.5,1.0844658790856492e-06
32.5,112.5,1.1056657160692786e-06
35.0,112.5,1.1294588167603748e-06
37.5,112.5,1.1541019335646813e-06
40.0,112.5,1.1785253308615528e-06
42.5,112.5,1.2020830520253469e-06
45.0,112.5,1.2245062517318926e-06
47.5,112.5,1.2458841588880212e-06
50.0,112.5,1.2665458055633568e-06
52.5,112.5,1.2869116461668265e-06
55.0,112.5,1.3074173927290592e-06
57.5,112.5,1.328484897245574e-06
60.0,112.5,1.3504617324020335e-06
62.5,112.5,1.3735321996378413e-06
65.0,112.5,1.3976555653161024e-06
67.5,112.5,1.4225790043353562e-06
70.0,112.5,1.4479119243083543e-06
72.5,112.5,1.4732373158864882e-06
75.0,112.5,1.4982535422867687e-06
77.5,112.5,1.5229537852625949e-06
80.0,112.5,1.5478101545481055e-06
82.5,112.5,1.573917885027768e-06
85.0,112.5,1.603063087416758e-06
87.5,112.5,1.6377201641693658e-06
90.0,112.5,1.681021952917137e-06
92.5,112.5,1.7367535495586561e-06
95.0,112.5,1.8094190613296832e-06
97.5,112.5,1.9044248588317858e-06
100.0,112.5,2.0284183911704843e-06
102.5,112.5,2.189823714074009e-06
105.0,112.5,2.3996302963804805e-06
107.5,112.5,2.672533480248117e-06
110.0,112.5,3.028580915652088e-06
112.5,112.5,3.4955632017982263e-06
115.0,112.5,4.1123380106393735e-06
117.5,112.5,4.932050396649923e-06
120.0,112.5,6.0183977535803426e-06
122.5,112.5,7.417104398424397e-06
125.0,112.5,9.093066155933454e-06
127.5,112.5,1.0881614430840164e-05
130.0,112.5,1.253600203985525e-05
132.5,112.5,1.3855218425045592e-05
135.0,112.5,1.477161809450139e-05
137.5,112.5,1.5335985788910342e-05
140.0,112.5,1.5649538152480923e-05
142.5,112.5,1.580871852316017e-05
145.0,112.5,1.5882968877828124e-05
147.5,112.5,1.5914638547769416e-05
150.0,112.5,1.5926705326012788e-05
152.5,112.5,1.5930523262080202e-05
155.0,112.5,1.5931244624189856e-05
-142.5,115.0,1.584759749824104e-05
-140.0,115.0,1.5659146004763937e-05
-137.5,115.0,1.5213755311856738e-05
-135.0,115.0,1.432087364520556e-05
-132.5,115.0,1.2832409955263952e-05
-130.0,115.0,1.0823587038244781e-05
-127.5,115.0,8.658768222969013e-06
-125.0,115.0,6.759958432546795e-06
-122.5,115.0,5.324160399233268e-06
-120.0,115.0,4.318903245576247e-06
-117.5,115.0,3.6363355444311482e-06
-115.0,115.0,3.1842175976008366e-06
-112.5,115.0,2.9010778350854155e-06
-110.0,115.0,2.7489219428035787e-06
-107.5,115.0,2.705546682823557e-06
-105.0,115.0,2.7594262414462678e-06
-102.5,115.0,2.9065768519030873e-06
-100.0,115.0,3.1487746288502556e-06
-97.5,115.0,3.492876064955887e-06
-95.0,115.0,3.95133820517469e-06
-92.5,115.0,4.544176795377809e-06
-90.0,115.0,5.301719757269544e-06
-87.5,115.0,6.265991998041088e-06
-85.0,115.0,7.488196528791011e-06
-82.5,115.0,9.021966835815254e-06
-80.0,115.0,1.0913823981789521e-05
-77.5,115.0,1.3183872640494703e-05
-75.0,115.0,1.5763641477464898e-05
-72.5,115.0,1.83522974023389e-05
-70.0,115.0,2.028964492895635e-05
-67.5,115.0,2.0785567726237917e-05
-65.0,115.0,1.9563762709642174e-05
-62.5,115.0,1.71864266912548e-05
-60.0,115.0,1.4629077692729691e-05
-57.5,115.0,1.2693753088988777e-05
-55.0,115.0,1.1818839355123492e-05
-52.5,115.0,1.2233756170508347e-05
-50.0,115.0,1.4107840246012193e-05
-47.5,115.0,1.743849462415146e-05
-45.0,115.0,2.190481713711532e-05
-42.5,115.0,2.7348304051063454e-05
-40.0,115.0,3.457116408209612e-05
-37.5,115.0,4.5292906990502464e-05
-35.0,115.0,6.08832396045529e-05
-32.5,115.0,7.975715152485568e-05
-30.0,115.0,9.571443345662706e-05
-27.5,115.0,0.00010238825375278092
-25.0,115.0,9.880513854016065e-05
-22.5,115.0,8.707473381596715e-05
-20.0,115.0,6.984510348385189e-05
-17.5,115.0,5.12230459169729e-05
-15.0,115.0,3.5228025064360806e-05
-12.5,115.0,2.343378571451024e-05
-10.0,115.0,1.54312336921552e-05
-7.5,115.0,1.0246889307527021e-05
-5.0,115.0,6.982737993526789e-06
-2.5,115.0,4.946334618860847e-06
0.0,115.0,3.6597729224891754e-06
2.5,115.0,2.8241853381700943e-06
5.0,115.0,2.2636141132854853e-06
7.5,115.0,1.876279489929929e-06
10.0,115.0,1.6030098924859236e-06
12.5,115.0,1.4089807918716004e-06
15.0,115.0,1.2730507735883304e-06
17.5,115.0,1.1814790380988708e-06
20.0,115.0,1.1244434926606188e-06
22.5,115.0,1.0942499689424193e-06
25.0,115.0,1.0844202978379597e-06
27.5,115.0,1.0892719103669131e-06
30.0,115.0,1.1038767196736939e-06
32.5,115.0,1.1242579165650447e-06
35.0,115.0,1.1475507626812522e-06
37.5,115.0,1.171899031875675e-06
40.0,115.0,1.1961573774870153e-06
42.5,115.0,1.2196448909177178e-06
45.0,115.0,1.2420669625441445e-06
47.5,115.0,1.2634826198416075e-06
50.0,115.0,1.284196576193823e-06
52.5,115.0,1.3046236005155958e-06
55.0,115.0,1.3251989075344695e-06
57.5,115.0,1.346335671977422e-06
60.0,115.0,1.3683702675516642e-06
62.5,115.0,1.391479971898948e-06
65.0,115.0,1.415627777947123e-06
67.5,115.0,1.4405710815344471e-06
70.0,115.0,1.4659334523492243e-06
72.5,115.0,1.4913134927413377e-06
75.0,115.0,1.5164324842759168e-06
77.5,115.0,1.5413066257863212e-06
80.0,115.0,1.5664297301797014e-06
82.5,115.0,1.5929101955587007e-06
85.0,115.0,1.6225402311347888e-06
87.5,115.0,1.6577913384258456e-06
90.0,115.0,1.7017849757159849e-06
92.5,115.0,1.758286489309169e-06
95.0,115.0,1.8317720494158238e-06
97.5,115.0,1.9276097198184987e-06
100.0,115.0,2.052390115403414e-06
102.5,115.0,2.2144500623934977e-06
105.0,115.0,2.4246408592060015e-06
107.5,115.0,2.6974336955952445e-06
110.0,115.0,3.0525146629831766e-06
112.5,115.0,3.5170894189642307e-06
115.0,115.0,4.129061751806673e-06
117.5,115.0,4.94005778824218e-06
120.0,115.0,6.011763826828463e-06
122.5,115.0,7.388866961537413e-06
125.0,115.0,9.039536701436178e-06
127.5,115.0,1.0807884132348876e-05
130.0,115.0,1.2455801203486458e-05
132.5,115.0,1.3783477558639442e-05
135.0,115.0,1.4717077261217826e-05
137.5,115.0,1.5299738621757893e-05
140.0,115.0,1.562802256280496e-05
142.5,115.0,1.5797160717868858e-05
145.0,115.0,1.5877332301445387e-05
147.5,115.0,1.5912171065886194e-05
150.0,115.0,1.5925775566948304e-05
152.5,115.0,1.593026409662026e-05
155.0,115.0,1.593123839435193e-05
-142.5,117.5,1.5833467767270534e-05
-140.0,117.5,1.5626899135371862e-05
-137.5,117.5,1.5153105201679147e-05
-135.0,117.5,1.4228647669817303e-05
-132.5,117.5,1.272449547011408e-05
-130.0,117.5,1.0733974047334576e-05
-127.5,117.5,8.61558836408866e-06
-125.0,117.5,6.765377243255872e-06
-122.5,117.5,5.363246934606196e-06
-120.0,117.5,4.3770036511577866e-06
-117.5,117.5,3.704682500786e-06
-115.0,117.5,3.258431436622338e-06
-112.5,117.5,2.9792466550745547e-06
-110.0,117.5,2.8305311195006246e-06
-107.5,117.5,2.7909625612731847e-06
-105.0,117.5,2.849703467180946e-06
-102.5,117.5,3.003443812213454e-06
-100.0,117.5,3.2547112240602274e-06
-97.5,117.5,3.6112443662231483e-06
-95.0,117.5,4.086587525625625e-06
-92.5,117.5,4.702109066301868e-06
-90.0,117.5,5.489777695796276e-06
-87.5,117.5,6.4936741533396356e-06
-85.0,117.5,7.768034102006598e-06
-82.5,117.5,9.371297545978408e-06
-80.0,117.5,1.1356057959792659e-05
-77.5,117.5,1.3744973885678386e-05
-75.0,117.5,1.6459797165797033e-05
-72.5,117.5,1.9176340355806887e-05
-70.0,117.5,2.121926755886797e-05
-67.5,117.5,2.1808701866110612e-05
-65.0,117.5,2.067313846874689e-05
-62.5,117.5,1.8360197417057003e-05
-60.0,117.5,1.5847483066888725e-05
-57.5,117.5,1.3962353231559038e-05
-55.0,117.5,1.3170721792103032e-05
-52.5,117.5,1.3715312904959215e-05
-50.0,117.5,1.5760031826544043e-05
-47.5,117.5,1.9327453708793625e-05
-45.0,117.5,2.423853788157691e-05
-42.5,117.5,3.049692614809905e-05
-40.0,117.5,3.886207370902863e-05
-37.5,117.5,5.081136962891961e-05
-35.0,117.5,6.74549425365976e-05
-32.5,117.5,8.719804976584136e-05
-30.0,117.5,0.00010406336806656141
-27.5,117.5,0.00011127210966834488
-25.0,117.5,0.00010701670021402124
-22.5,117.5,9.366122148937309e-05
-20.0,117.5,7.473764642293727e-05
-17.5,117.5,5.469755471527398e-05
-15.0,117.5,3.754562086773329e-05
-12.5,117.5,2.4891883948311665e-05
-10.0,117.5,1.63292776021612e-05
-7.5,117.5,1.0804781220831464e-05
-5.0,117.5,7.335123386326294e-06
-2.5,117.5,5.173306121557446e-06
0.0,117.5,3.81001115632439e-06
2.5,117.5,2.927274532305438e-06
5.0,117.5,2.3374655568165195e-06
7.5,117.5,1.931919171201423e-06
10.0,117.5,1.6473366934238975e-06
12.5,117.5,1.4462229853754546e-06
15.0,117.5,1.3056427716315413e-06
17.5,117.5,1.2107262355744248e-06
20.0,117.5,1.1510218381488337e-06
22.5,117.5,1.118548289432083e-06
25.0,117.5,1.1067471508670207e-06
27.5,117.5,1.1099654037072155e-06
30.0,117.5,1.1233256958029987e-06
32.5,117.5,1.1428514727551521e-06
35.0,117.5,1.1656062446762642e-06
37.5,117.5,1.1896343007352567e-06
40.0,117.5,1.2137128128233815e-06
42.5,117.5,1.237120269032837e-06
45.0,117.5,1.2595344173965819e-06
47.5,117.5,1.2809844373819982e-06
50.0,117.5,1.3017531332937804e-06
52.5,117.5,1.3222445009756889e-06
55.0,117.5,1.3428913375283e-06
57.5,117.5,1.3640994428641903e-06
60.0,117.5,1.3861940104442741e-06
62.5,117.5,1.4093463069428204e-06
65.0,117.5,1.4335223073684691e-06
67.5,117.5,1.4584894058650945e-06
70.0,117.5,1.483884182321006e-06
72.5,117.5,1.509323789755929e-06
75.0,117.5,1.534550130520275e-06
77.5,117.5,1.5596036609638009e-06
80.0,117.5,1.584997742661426e-06
82.5,117.5,1.6118552310265525e-06
85.0,117.5,1.641972493601819e-06
87.5,117.5,1.6778176257052764e-06
90.0,117.5,1.7225001014193978e-06
92.5,117.5,1.7797662954144328e-06
95.0,117.5,1.8540641906307053e-06
97.5,117.5,1.9507242211430002e-06
100.0,117.5,2.0762818201965485e-06
102.5,117.5,2.2389891485682686e-06
105.0,117.5,2.4495629178445802e-06
107.5,117.5,2.722258295641368e-06
110.0,117.5,3.0764135396445256e-06
112.5,117.5,3.538672299132733e-06
115.0,117.5,4.146026486819421e-06
117.5,117.5,4.9486544714485915e-06
120.0,117.5,6.0063222168482845e-06
122.5,117.5,7.362676475927449e-06
125.0,117.5,8.988837098191416e-06
127.5,117.5,1.0737118207367425e-05
130.0,117.5,1.2377811602588734e-05
132.5,117.5,1.3712736116357587e-05
135.0,117.5,1.4662506916084817e-05
137.5,117.5,1.52629261579142e-05
140.0,117.5,1.560583448097372e-05
142.5,117.5,1.5785048695894324e-05
145.0,117.5,1.5871319679022048e-05
147.5,117.5,1.5909481494645725e-05
150.0,117.5,1.5924729604532842e-05
152.5,117.5,1.5929951444928627e-05
155.0,117.5,1.593121157036666e-05
-142.5,120.0,1.58183330829574e-05
-140.0,120.0,1.5593531727529748e-05
-137.5,120.0,1.5092309529855952e-05
-135.0,120.0,1.4139080696405922e-05
-132.5,120.0,1.2623085565173881e-05
-130.0,120.0,1.0653044729544348e-05
-127.5,120.0,8.58003523500363e-06
-125.0,120.0,6.77583168043426e-06
-122.5,120.0,5.4053344465439344e-06
-120.0,120.0,4.4370140938613286e-06
-117.5,120.0,3.7744366972683373e-06
-115.0,120.0,3.3338512649976293e-06
-112.5,120.0,3.0585784149894777e-06
-110.0,120.0,2.9133511202625748e-06
-107.5,120.0,2.877700577566759e-06
-105.0,120.0,2.9414570541373582e-06
-102.5,120.0,3.1019647543007026e-06
-100.0,120.0,3.362485341328534e-06
-97.5,120.0,3.731644622939204e-06
-95.0,120.0,4.224102347252e-06
-92.5,120.0,4.862619554405178e-06
-90.0,120.0,5.680852281294975e-06
-87.5,120.0,6.725022946835779e-06
-85.0,120.0,8.05250010080285e-06
-82.5,120.0,9.726529313616085e-06
-80.0,120.0,1.1805396355705834e-05
-77.5,120.0,1.4313731519872104e-05
-75.0,120.0,1.716399413269087e-05
-72.5,120.0,2.0011809071157064e-05
-70.0,120.0,2.216983340720157e-05
-67.5,120.0,2.2865861221040557e-05
-65.0,120.0,2.1830424584438157e-05
-62.5,120.0,1.9598904701342542e-05
-60.0,120.0,1.714979734958073e-05
-57.5,120.0,1.5331134048922234e-05
-55.0,120.0,1.4634658584376576e-05
-52.5,120.0,1.531938919293088e-05
-50.0,120.0,1.7555493172219768e-05
-47.5,120.0,2.1406286112544973e-05
-45.0,120.0,2.682273660422446e-05
-42.5,120.0,3.39439550247651e-05
-40.0,120.0,4.350355056232466e-05
-37.5,120.0,5.6772261299582826e-05
-35.0,120.0,7.459133207649557e-05
-32.5,120.0,9.525300241766796e-05
-30.0,120.0,0.00011288638666218422
-27.5,120.0,0.00012044636249578131
-25.0,120.0,0.00011547728595315339
-22.5,120.0,0.00010048624310299432
-20.0,120.0,7.979295245015292e-05
-17.5,120.0,5.8259794145766e-05
-15.0,120.0,3.9918647678339224e-05
-12.5,120.0,2.63902474668801e-05
-10.0,120.0,1.7253674066640743e-05
-7.5,120.0,1.1378214200694357e-05
-5.0,120.0,7.696672271637642e-06
-2.5,120.0,5.405926195152499e-06
0.0,120.0,3.9638265982858704e-06
2.5,120.0,3.0327037890860787e-06
5.0,120.0,2.412947688675646e-06
7.5,120.0,1.988756135070964e-06
10.0,120.0,1.6925350315042173e-06
12.5,120.0,1.4840573674667858e-06
15.0,120.0,1.338603811618838e-06
17.5,120.0,1.2401867412825518e-06
20.0,120.0,1.1777252143890214e-06
22.5,120.0,1.1429325908220317e-06
25.0,120.0,1.1291474826606747e-06
27.5,120.0,1.130722642759557e-06
30.0,120.0,1.142815948333142e-06
32.5,120.0,1.1614518110050632e-06
35.0,120.0,1.1836337237515084e-06
37.5,120.0,1.2073155172649785e-06
40.0,120.0,1.2311976426413546e-06
42.5,120.0,1.2545143164891406e-06
45.0,120.0,1.2769131359874195e-06
47.5,120.0,1.298395138669062e-06
50.0,120.0,1.3192191700596187e-06
52.5,120.0,1.3397777827971755e-06
55.0,120.0,1.3604978488667861e-06
57.5,120.0,1.3817787669251776e-06
60.0,120.0,1.4039356378858423e-06
62.5,120.0,1.4271336868549045e-06
65.0,120.0,1.4513412196934503e-06
67.5,120.0,1.4763353849399815e-06
70.0,120.0,1.501766718614906e-06
72.5,120.0,1.5272698174642584e-06
75.0,120.0,1.552608520972561e-06
77.5,120.0,1.5778459882861848e-06
80.0,120.0,1.6035157136801822e-06
82.5,120.0,1.6307537371630421e-06
85.0,120.0,1.6613604181954923e-06
87.5,120.0,1.6977997372580086e-06
90.0,120.0,1.7431688301239441e-06
92.5,120.0,1.8011939467958502e-06
95.0,120.0,1.8762968318107816e-06
97.5,120.0,1.9737698802578504e-06
100.0,120.0,2.100095448033831e-06
102.5,120.0,2.2634428477719802e-06
105.0,120.0,2.4743983383137195e-06
107.5,120.0,2.747008428638975e-06
110.0,120.0,3.1002762954570195e-06
112.5,120.0,3.5603057637956446e-06
115.0,120.0,4.163216262628019e-06
117.5,120.0,4.9578038813728726e-06
120.0,120.0,6.002000134839352e-06
122.5,120.0,7.3384135271596195e-06
125.0,120.0,8.94082379828592e-06
127.5,120.0,1.0669210672040382e-05
130.0,120.0,1.2302013489627626e-05
132.5,120.0,1.3643048002549592e-05
135.0,120.0,1.4607984160784339e-05
137.5,120.0,1.5225608646468953e-05
140.0,120.0,1.558300548045795e-05
142.5,120.0,1.577239168657462e-05
145.0,120.0,1.5864928416562612e-05
147.5,120.0,1.5906563494955205e-05
150.0,120.0,1.5923561449270017e-05
152.5,120.0,1.592958106727122e-05
155.0,120.0,1.5931161627836637e-05
-142.5,122.5,1.5802255717808225e-05
-140.0,122.5,1.5559225490697706e-05
-137.5,122.5,1.5031682406324015e-05
-135.0,122.5,1.4052453576303485e-05
-132.5,122.5,1.2528133931539261e-05
-130.0,122.5,1.0580352527063205e-05
-127.5,122.5,8.551570882009935e-06
-125.0,122.5,6.790964069196457e-06
-122.5,122.5,5.450248129088751e-06
-120.0,122.5,4.498860462518501e-06
-117.5,122.5,3.8455707950660035e-06
-115.0,122.5,3.4104713169502646e-06
-112.5,122.5,3.139077849771226e-06
-110.0,122.5,2.9973925812133375e-06
-107.5,122.5,2.965772003816265e-06
-105.0,122.5,3.0346976550541906e-06
-102.5,122.5,3.2021496557607466e-06
-100.0,122.5,3.472112145614811e-06
-97.5,122.5,3.8541036063550345e-06
-95.0,122.5,4.363923651771279e-06
-92.5,122.5,5.0257620885538765e-06
-90.0,122.5,5.875013830202896e-06
-87.5,122.5,6.960125729086824e-06
-85.0,122.5,8.341703383248915e-06
-82.5,122.5,1.0087755329240989e-05
-80.0,122.5,1.2261905251678572e-05
-77.5,122.5,1.4890307057860322e-05
-75.0,122.5,1.7876782214895137e-05
-72.5,122.5,2.0859684461122713e-05
-70.0,122.5,2.314213223204583e-05
-67.5,122.5,2.3957699635145646e-05
-65.0,122.5,2.303729418559779e-05
-62.5,122.5,2.0905205381394248e-05
-60.0,122.5,1.853877584993858e-05
-57.5,122.5,1.680300323894652e-05
-55.0,122.5,1.6214661335794664e-05
-52.5,122.5,1.7052716675892587e-05
-50.0,122.5,1.9504135701861415e-05
-47.5,122.5,2.368350280480733e-05
-45.0,122.5,2.966136397826621e-05
-42.5,122.5,3.769389187131102e-05
-40.0,122.5,4.850051826391541e-05
-37.5,122.5,6.316984055613731e-05
-35.0,122.5,8.226530823212082e-05
-32.5,122.5,0.00010388821889439116
-30.0,122.5,0.00012217939429481428
-27.5,122.5,0.00012991763288992445
-25.0,122.5,0.0001241668913354954
-22.5,122.5,0.00010752278032272906
-20.0,122.5,8.500060868009654e-05
-17.5,122.5,6.190909042817799e-05
-15.0,122.5,4.234599445692246e-05
-12.5,122.5,2.7927360225783066e-05
-10.0,122.5,1.820381826937796e-05
-7.5,122.5,1.1967159320967405e-05
-5.0,122.5,8.067443731831473e-06
-2.5,122.5,5.644228014986268e-06
0.0,122.5,4.121255642569746e-06
2.5,122.5,3.140517245650125e-06
5.0,122.5,2.490093027109158e-06
7.5,122.5,2.0468048310017113e-06
10.0,122.5,1.7386102385256249e-06
12.5,122.5,1.5224921331367522e-06
15.0,122.5,1.3719466767268575e-06
17.5,122.5,1.2698773232942899e-06
20.0,122.5,1.2045689214591392e-06
22.5,122.5,1.1674145519957908e-06
25.0,122.5,1.151627891533197e-06
27.5,122.5,1.1515466194442604e-06
30.0,122.5,1.1623519860358094e-06
32.5,122.5,1.1800654436256266e-06
35.0,122.5,1.2016410746469936e-06
37.5,122.5,1.2249497920564036e-06
40.0,122.5,1.2486185347048965e-06
42.5,122.5,1.2718329940436274e-06
45.0,122.5,1.2942086467305772e-06
47.5,122.5,1.315718860078326e-06
50.0,122.5,1.3365981704661593e-06
52.5,122.5,1.3572256335125058e-06
55.0,122.5,1.378021123740136e-06
57.5,122.5,1.3993762018487713e-06
60.0,122.5,1.4215973353681667e-06
62.5,122.5,1.4448438690543756e-06
65.0,122.5,1.4690864353508102e-06
67.5,122.5,1.4941111432268614e-06
70.0,122.5,1.5195823447130088e-06
72.5,122.5,1.54515345138758e-06
75.0,122.5,1.5706092449646294e-06
77.5,122.5,1.596035561412106e-06
80.0,122.5,1.6219853602275702e-06
82.5,122.5,1.6496070968992883e-06
85.0,122.5,1.6807050246839182e-06
87.5,122.5,1.7177380526928895e-06
90.0,122.5,1.7637908428917984e-06
92.5,122.5,1.822569777720869e-06
95.0,122.5,1.8984702202255652e-06
97.5,122.5,1.996747979712228e-06
100.0,122.5,2.1238324187649728e-06
102.5,122.5,2.287812916049158e-06
105.0,122.5,2.4991489808576507e-06
107.5,122.5,2.771685414834487e-06
110.0,122.5,3.124101972479464e-06
112.5,122.5,3.581984432381704e-06
115.0,122.5,4.180615788330438e-06
117.5,122.5,4.967471937698022e-06
120.0,122.5,5.998730396424336e-06
122.5,122.5,7.315967255499998e-06
125.0,122.5,8.895361233402202e-06
127.5,122.5,1.0604057952938684e-05
130.0,122.5,1.2228382002671478e-05
132.5,122.5,1.3574459540104148e-05
135.0,122.5,1.4553581069918962e-05
137.5,122.5,1.5187844990911997e-05
140.0,122.5,1.5559567983515002e-05
142.5,122.5,1.5759200305341533e-05
145.0,122.5,1.5858157101004192e-05
147.5,122.5,1.5903411380631003e-05
150.0,122.5,1.5922265366118915e-05
152.5,122.5,1.5929148731647115e-05
155.0,122.5,1.5931085952779478e-05
-142.5,125.0,1.578530681137747e-05
-140.0,125.0,1.5524165867112446e-05
-137.5,125.0,1.4971513177115344e-05
-135.0,125.0,1.3969002333962364e-05
-132.5,125.0,1.2439560935591175e-05
-130.0,125.0,1.0515466607949002e-05
-127.5,125.0,8.529705684314026e-06
-125.0,125.0,6.810454487884843e-06
-122.5,125.0,5.497833145517124e-06
-120.0,125.0,4.562477108491432e-06
-117.5,125.0,3.918060187932905e-06
-115.0,125.0,3.4882869352596396e-06
-112.5,125.0,3.220750199339802e-06
-110.0,125.0,3.0826658973462976e-06
-107.5,125.0,3.055188951108654e-06
-105.0,125.0,3.1294360950217626e-06
-102.5,125.0,3.3040086499119885e-06
-100.0,125.0,3.5836067406264492e-06
-97.5,125.0,3.978647948014004e-06
-95.0,125.0,4.506092230156162e-06
-92.5,125.0,5.191591850876248e-06
-90.0,125.0,6.072333220864532e-06
-87.5,125.0,7.199075971807622e-06
-85.0,125.0,8.63574365141518e-06
-82.5,125.0,1.0455062859462888e-05
-80.0,125.0,1.272566402733982e-05
-77.5,125.0,1.5474897195105134e-05
-75.0,125.0,1.8598740189779543e-05
-72.5,125.0,2.1720881727255802e-05
-70.0,125.0,2.4136951820542224e-05
-67.5,125.0,2.5085064584826878e-05
-65.0,125.0,2.4295457161316392e-05
-62.5,125.0,2.2281502312937697e-05
-60.0,125.0,2.0017020838451273e-05
-57.5,125.0,1.8380995364014068e-05
-55.0,125.0,1.791514166908071e-05
-52.5,125.0,1.8922388119039928e-05
-50.0,125.0,2.16156024234555e-05
-47.5,125.0,2.616780494517668e-05
-45.0,125.0,3.276029968039574e-05
-42.5,125.0,4.175312399661224e-05
-40.0,125.0,5.3859026893565724e-05
-37.5,125.0,7.000087594439008e-05
-35.0,125.0,9.045567180098793e-05
-32.5,125.0,0.0001130741322100976
-30.0,125.0,0.00013193234523146605
-27.5,125.0,0.0001396887244223927
-25.0,125.0,0.0001330710916920319
-22.5,125.0,0.0001147481790427792
-20.0,125.0,9.034957413498262e-05
-17.5,125.0,6.564366207428444e-05
-15.0,125.0,4.482669618181625e-05
-12.5,125.0,2.950192845404833e-05
-10.0,125.0,1.9179108465167543e-05
-7.5,125.0,1.2571561169628148e-05
-5.0,125.0,8.447482638560345e-06
-2.5,125.0,5.888244523442312e-06
0.0,125.0,4.282336023817747e-06
2.5,125.0,3.250756230154798e-06
5.0,125.0,2.5689308359568387e-06
7.5,125.0,2.106080752475281e-06
10.0,125.0,1.7855687231153492e-06
12.5,125.0,1.561536241251468e-06
15.0,125.0,1.4056851585184256e-06
17.5,125.0,1.299813872404483e-06
20.0,125.0,1.2315673887261995e-06
22.5,125.0,1.1920036929499712e-06
25.0,125.0,1.1741938619764253e-06
27.5,125.0,1.1724418275391015e-06
30.0,125.0,1.1819370087359296e-06
32.5,125.0,1.198698284614325e-06
35.0,125.0,1.2196346882204888e-06
37.5,125.0,1.2425439520132107e-06
40.0,125.0,1.2659809743931286e-06
42.5,125.0,1.2890810181076886e-06
45.0,125.0,1.3114260632562428e-06
47.5,125.0,1.3329597324234777e-06
50.0,125.0,1.353893841874015e-06
52.5,125.0,1.3745914201958714e-06
55.0,125.0,1.39546344622043e-06
57.5,125.0,1.4168942886258379e-06
60.0,125.0,1.4391814013072577e-06
62.5,125.0,1.462479015398242e-06
65.0,125.0,1.4867596395007457e-06
67.5,125.0,1.5118184363137588e-06
70.0,125.0,1.5373339152815264e-06
72.5,125.0,1.5629770949392147e-06
75.0,125.0,1.5885541773082273e-06
77.5,125.0,1.6141737531684045e-06
80.0,125.0,1.640407984731067e-06
82.5,125.0,1.6684164739507385e-06
85.0,125.0,1.7000075485527867e-06
87.5,125.0,1.7376332513599173e-06
90.0,125.0,1.7843669178201678e-06
92.5,125.0,1.8438948011441382e-06
95.0,125.0,1.920585573041074e-06
97.5,125.0,2.0196593807838874e-06
100.0,125.0,2.1474941063692286e-06
102.5,125.0,2.3121008555524507e-06
105.0,125.0,2.523816500538251e-06
107.5,125.0,2.7962900149026515e-06
110.0,125.0,3.1478897899151463e-06
112.5,125.0,3.6037032560887524e-06
115.0,125.0,4.198211199452769e-06
117.5,125.0,4.977627166162699e-06
120.0,125.0,5.996450615306067e-06
122.5,125.0,7.295234384802537e-06
125.0,125.0,8.852321872570658e-06
127.5,125.0,1.0541558377423484e-05
130.0,125.0,1.2156887457627215e-05
132.5,125.0,1.350701000878954e-05
135.0,125.0,1.4499364697685899e-05
137.5,125.0,1.5149692486305921e-05
140.0,125.0,1.5535555120908154e-05
142.5,125.0,1.5745486521150477e-05
145.0,125.0,1.5851005407415687e-05
147.5,125.0,1.5900020071387156e-05
150.0,125.0,1.592083585167833e-05
152.5,125.0,1.5928650251871483e-05
155.0,125.0,1.5930981907357555e-05
-142.5,127.5,1.5767565848487163e-05
-140.0,127.5,1.5488534936537674e-05
-137.5,127.5,1.491207183746708e-05
-135.0,127.5,1.3888916591106827e-05
-132.5,127.5,1.2357252992023261e-05
-130.0,127.5,1.0457973180445472e-05
-127.5,127.5,8.513992793538119e-06
-125.0,127.5,6.834014727250632e-06
-122.5,127.5,5.547949777885476e-06
-120.0,127.5,4.627805924504902e-06
-117.5,127.5,3.991884558481977e-06
-115.0,127.5,3.5672957292877877e-06
-112.5,127.5,3.3036018282422293e-06
-110.0,127.5,3.1691815378851765e-06
-107.5,127.5,3.1459631041546932e-06
-105.0,127.5,3.2256827332901484e-06
-102.5,127.5,3.4075533946643478e-06
-100.0,127.5,3.696986705013518e-06
-97.5,127.5,4.105304769827401e-06
-95.0,127.5,4.650649306234037e-06
-92.5,127.5,5.36016380859312e-06
-90.0,127.5,6.2728806043968375e-06
-87.5,127.5,7.441960623849481e-06
-85.0,127.5,8.934722876351727e-06
-82.5,127.5,1.0828543945651776e-05
-80.0,127.5,1.3196770228612222e-05
-77.5,127.5,1.6067742082122653e-05
-75.0,127.5,1.933044282996044e-05
-72.5,127.5,2.259627639118085e-05
-70.0,127.5,2.5155132071118983e-05
-67.5,127.5,2.624896123848092e-05
-65.0,127.5,2.5606597366837245e-05
-62.5,127.5,2.3730019499918453e-05
-60.0,127.5,2.158702875434243e-05
-57.5,127.5,2.0068287640642755e-05
-55.0,127.5,1.9740852830100465e-05
-52.5,127.5,2.093569230896958e-05
-50.0,127.5,2.3899353818309008e-05
-47.5,127.5,2.8868085712192273e-05
-45.0,127.5,3.6126733706654466e-05
-42.5,127.5,4.612919169766627e-05
-40.0,127.5,5.9585767109448947e-05
-37.5,127.5,7.726372816032591e-05
-35.0,127.5,9.91453304090114e-05
-32.5,127.5,0.00012278451983393452
-30.0,127.5,0.0001421314735519614
-27.5,127.5,0.0001497587456205647
-25.0,127.5,0.00014217888838761854
-22.5,127.5,0.00012214367021481657
-20.0,127.5,9.582907228015026e-05
-17.5,127.5,6.94609562751572e-05
-15.0,127.5,4.735974404138941e-05
-12.5,127.5,3.111285798762038e-05
-10.0,127.5,2.0178982908367394e-05
-7.5,127.5,1.3191320045700495e-05
-5.0,127.5,8.836826261488428e-06
-2.5,127.5,6.138020083464859e-06
0.0,127.5,4.447110365013086e-06
2.5,127.5,3.3634602097554048e-06
5.0,127.5,2.6494901799269893e-06
7.5,127.5,2.166596091703059e-06
10.0,127.5,1.8334193294459146e-06
12.5,127.5,1.6011983916987814e-06
15.0,127.5,1.4398315552324758e-06
17.5,127.5,1.3300108280429836e-06
20.0,127.5,1.2587337965292254e-06
22.5,127.5,1.2167107824614022e-06
25.0,127.5,1.1968522004755029e-06
27.5,127.5,1.1934117505116415e-06
30.0,127.5,1.2015753721375796e-06
32.5,127.5,1.217355656982128e-06
35.0,127.5,1.237622070691591e-06
37.5,127.5,1.260105146522292e-06
40.0,127.5,1.2832912781177837e-06
42.5,127.5,1.3062640551678972e-06
45.0,127.5,1.3285695648955213e-06
47.5,127.5,1.350122222917174e-06
50.0,127.5,1.3711093773875052e-06
52.5,127.5,1.3918775017441934e-06
55.0,127.5,1.4128274122328383e-06
57.5,127.5,1.4343349365159564e-06
60.0,127.5,1.4566898951821157e-06
62.5,127.5,1.480041336151339e-06
65.0,127.5,1.5043628764638034e-06
67.5,127.5,1.5294590932154965e-06
70.0,127.5,1.5550222309317071e-06
72.5,127.5,1.5807415779154917e-06
75.0,127.5,1.606444758465209e-06
77.5,127.5,1.6322623081459822e-06
80.0,127.5,1.658784463262612e-06
82.5,127.5,1.687183017322319e-06
85.0,127.5,1.7192681374074096e-06
87.5,127.5,1.7574867474655878e-06
90.0,127.5,1.8048979262195687e-06
92.5,127.5,1.8651692842945903e-06
95.0,127.5,1.942643467271721e-06
97.5,127.5,2.0425051259116148e-06
100.0,127.5,2.171081839509009e-06
102.5,127.5,2.336308544828019e-06
105.0,127.5,2.5484023127897095e-06
107.5,127.5,2.8208234669474503e-06
110.0,127.5,3.171639481714341e-06
112.5,127.5,3.6254575463737455e-06
115.0,127.5,4.215989507458134e-06
117.5,127.5,4.988240537874797e-06
120.0,127.5,5.99510308934756e-06
122.5,127.5,7.2761191939542344e-06
125.0,127.5,8.811585174249395e-06
127.5,127.5,1.0481613413369776e-05
130.0,127.5,1.2087496943102784e-05
132.5,127.5,1.3440732216782766e-05
135.0,127.5,1.4445397230132725e-05
137.5,127.5,1.5111206724942353e-05
140.0,127.5,1.5511000412446533e-05
142.5,127.5,1.5731263473198776e-05
145.0,127.5,1.5843474068190988e-05
147.5,127.5,1.5896385144146866e-05
150.0,127.5,1.5919267720771477e-05
152.5,127.5,1.592808147914659e-05
155.0,127.5,1.593084678657746e-05
-142.5,130.0,1.574911733914052e-05
-140.0,130.0,1.545251378924073e-05
-137.5,130.0,1.4853603016971999e-05
-135.0,130.0,1.3812348365561119e-05
-132.5,130.0,1.2281074951292299e-05
-130.0,130.0,1.0407480414322194e-05
-127.5,130.0,8.504026179847656e-06
-125.0,130.0,6.861387631256312e-06
-122.5,130.0,5.6004725416147446e-06
-120.0,130.0,4.694792543764959e-06
-117.5,130.0,4.067025196965942e-06
-115.0,130.0,3.647495639534593e-06
-112.5,130.0,3.387638500424717e-06
-110.0,130.0,3.256949830604595e-06
-107.5,130.0,3.2381053544134407e-06
-105.0,130.0,3.323449136923274e-06
-102.5,130.0,3.512796919096867e-06
-100.0,130.0,3.8122688325282414e-06
-97.5,130.0,4.234102335026025e-06
-95.0,130.0,4.797634287559898e-06
-92.5,130.0,5.531533827227518e-06
-90.0,130.0,6.476732114448628e-06
-87.5,130.0,7.688872449313323e-06
-85.0,130.0,9.238742414453499e-06
-82.5,130.0,1.1208297654506882e-05
-80.0,130.0,1.36753399896977e-05
-77.5,130.0,1.666910523642617e-05
-75.0,130.0,2.007246955054839e-05
-72.5,130.0,2.348669241769422e-05
-70.0,130.0,2.61975377357478e-05
-67.5,130.0,2.7450469710269177e-05
-65.0,130.0,2.697235830984393e-05
-62.5,130.0,2.5252810791734334e-05
-60.0,130.0,2.325123689868897e-05
-57.5,130.0,2.186820363478117e-05
-55.0,130.0,2.1696809925662853e-05
-52.5,130.0,2.3100057508755532e-05
-50.0,130.0,2.6364691720974692e-05
-47.5,130.0,3.179344891100869e-05
-45.0,130.0,3.976872674872375e-05
-42.5,130.0,5.0830365933454294e-05
-40.0,130.0,6.5687700983069e-05
-37.5,130.0,8.495773409958564e-05
-35.0,130.0,0.00010832004120294404
-32.5,130.0,0.00013299573358923925
-30.0,130.0,0.0001527607993892793
-27.5,130.0,0.00016012359738595074
-25.0,130.0,0.00015148130490366695
-22.5,130.0,0.00012969361146117437
-20.0,130.0,0.00010142876069140408
-17.5,130.0,7.335780495397683e-05
-15.0,130.0,4.994405241897201e-05
-12.5,130.0,3.275920173722973e-05
-10.0,130.0,2.120292070580808e-05
-7.5,130.0,1.3826323030398169e-05
-5.0,130.0,9.235501863889368e-06
-2.5,130.0,6.39359125451439e-06
0.0,130.0,4.615615477271745e-06
2.5,130.0,3.4786650296653553e-06
5.0,130.0,2.73179860100449e-06
7.5,130.0,2.2283684516754644e-06
10.0,130.0,1.8821702052194776e-06
12.5,130.0,1.6414878552025497e-06
15.0,130.0,1.4743983148576588e-06
17.5,130.0,1.3604819853317706e-06
20.0,130.0,1.286081114284896e-06
22.5,130.0,1.241545375230005e-06
25.0,130.0,1.2196092956682424e-06
27.5,130.0,1.2144602498601682e-06
30.0,130.0,1.2212711621933796e-06
32.5,130.0,1.2360426250167313e-06
35.0,130.0,1.2556089194183358e-06
37.5,130.0,1.277639200534326e-06
40.0,130.0,1.3005548028113123e-06
42.5,130.0,1.3233870189489154e-06
45.0,130.0,1.345644029171321e-06
47.5,130.0,1.3672101964484266e-06
50.0,130.0,1.3882482622568456e-06
52.5,130.0,1.4090870850294349e-06
55.0,130.0,1.4301158770945238e-06
57.5,130.0,1.4517010143397247e-06
60.0,130.0,1.474124997376099e-06
62.5,130.0,1.497532237732821e-06
65.0,130.0,1.5218980132984926e-06
67.5,130.0,1.5470348445881764e-06
70.0,130.0,1.5726493132254842e-06
72.5,130.0,1.5984490093890888e-06
75.0,130.0,1.6242827669309328e-06
77.5,130.0,1.6503022614066065e-06
80.0,130.0,1.6771161496231094e-06
82.5,130.0,1.705907266837654e-06
85.0,130.0,1.7384875802604461e-06
87.5,130.0,1.7772979834511474e-06
90.0,130.0,1.8253840746415357e-06
92.5,130.0,1.8863941968774096e-06
95.0,130.0,1.964644970540431e-06
97.5,130.0,2.0652864643809624e-06
100.0,130.0,2.194597064349106e-06
102.5,130.0,2.3604372523451997e-06
105.0,130.0,2.5729080682381675e-06
107.5,130.0,2.8452865500536437e-06
110.0,130.0,3.1953497239344177e-06
112.5,130.0,3.647242880296375e-06
115.0,130.0,4.23393894722023e-06
117.5,130.0,4.999284792566235e-06
120.0,130.0,5.9946341925460784e-06
122.5,130.0,7.258532105808886e-06
125.0,130.0,8.773037566128148e-06
127.5,130.0,1.0424127326914947e-05
130.0,130.0,1.2020174357089574e-05
132.5,130.0,1.3375653180994945e-05
135.0,130.0,1.4391736160352056e-05
137.5,130.0,1.5072441359360974e-05
140.0,130.0,1.548593765251652e-05
142.5,130.0,1.571654542667546e-05
145.0,130.0,1.583556483519386e-05
147.5,130.0,1.58925028195482e-05
150.0,130.0,1.591755605205537e-05
152.5,130.0,1.592743835670332e-05
155.0,130.0,1.5930677929684163e-05
-142.5,132.5,1.5730052554285326e-05
-140.0,132.5,1.5416279365136052e-05
-137.5,132.5,1.4796330627562926e-05
-135.0,132.5,1.373941221022499e-05
-132.5,132.5,1.2210875138998932e-05
-130.0,132.5,1.0363611948642388e-05
-127.5,132.5,8.499436366172164e-06
-125.0,132.5,6.892340355262235e-06
-122.5,132.5,5.655288881109179e-06
-120.0,132.5,4.7633907667730545e-06
-117.5,132.5,4.1434668728028495e-06
-115.0,132.5,3.72888618685576e-06
-112.5,132.5,3.4728685643584e-06
-110.0,132.5,3.3459810693122816e-06
-107.5,132.5,3.3316277262978524e-06
-105.0,132.5,3.4227468791378967e-06
-102.5,132.5,3.6197527793997614e-06
-100.0,132.5,3.929472803329923e-06
-97.5,132.5,4.365068044964227e-06
-95.0,132.5,4.947088623145834e-06
-92.5,132.5,5.70575658235683e-06
-90.0,132.5,6.6839579075704925e-06
-87.5,132.5,7.939903309279586e-06
-85.0,132.5,9.547899635141912e-06
-82.5,132.5,1.159442031348784e-05
-80.0,132.5,1.416150839249724e-05
-77.5,132.5,1.727927838761331e-05
-75.0,132.5,2.0825404108320775e-05
-72.5,132.5,2.4392961596088325e-05
-70.0,132.5,2.726505783715117e-05
-67.5,132.5,2.8690729991172072e-05
-65.0,132.5,2.8394305108521228e-05
-62.5,132.5,2.6851814620766426e-05
-60.0,132.5,2.5012082685155788e-05
-57.5,132.5,2.378420060158447e-05
-55.0,132.5,2.37882397811177e-05
-52.5,132.5,2.5422987826812206e-05
-50.0,132.5,2.90207888664547e-05
-47.5,132.5,3.495311421563649e-05
-45.0,132.5,4.369493136467576e-05
-42.5,132.5,5.586528314429791e-05
-40.0,132.5,7.217182485257289e-05
-37.5,132.5,9.308288553771927e-05
-35.0,132.5,0.00011796754651523776
-32.5,132.5,0.0001436863155854201
-30.0,132.5,0.00016380317112182574
-27.5,132.5,0.00017077648158215656
-25.0,132.5,0.00016097037944191634
-22.5,132.5,0.00013738488539194666
-20.0,132.5,0.00010713905459610153
-17.5,132.5,7.733071433642357e-05
-15.0,132.5,5.2578436898805e-05
-12.5,132.5,3.44400974984115e-05
-10.0,132.5,2.2250415058184415e-05
-7.5,132.5,1.4476426777145472e-05
-5.0,132.5,9.643523065928667e-06
-2.5,132.5,6.655004972541726e-06
0.0,132.5,4.7878973820501845e-06
2.5,132.5,3.596411480377719e-06
5.0,132.5,2.8158809870723173e-06
7.5,132.5,2.2914105833024943e-06
10.0,132.5,1.931831021032867e-06
12.5,132.5,1.6824142262502308e-06
15.0,132.5,1.5093977312201962e-06
17.5,132.5,1.3912402454718421e-06
20.0,132.5,1.3136213545668672e-06
22.5,132.5,1.2665172152205044e-06
25.0,132.5,1.242471544869034e-06
27.5,132.5,1.2355924780615932e-06
30.0,132.5,1.2410275488258002e-06
32.5,132.5,1.2547639986060985e-06
35.0,132.5,1.2736011133522993e-06
37.5,132.5,1.2951524388462109e-06
40.0,132.5,1.3177775876805093e-06
42.5,132.5,1.3404549442887008e-06
45.0,132.5,1.3626538102831464e-06
47.5,132.5,1.384227627358425e-06
50.0,132.5,1.4053141014338174e-06
52.5,132.5,1.4262227567174917e-06
55.0,132.5,1.4473303161572758e-06
57.5,132.5,1.4689944074505383e-06
60.0,132.5,1.4914887642518076e-06
62.5,132.5,1.5149539412300505e-06
65.0,132.5,1.539366605636015e-06
67.5,132.5,1.5645470559774438e-06
70.0,132.5,1.5902168018208144e-06
72.5,132.5,1.6161006442040457e-06
75.0,132.5,1.642069126952947e-06
77.5,132.5,1.6682949663108968e-06
80.0,132.5,1.6954045557697361e-06
82.5,132.5,1.7245902233803483e-06
85.0,132.5,1.7576669060901808e-06
87.5,132.5,1.797068348897521e-06
90.0,132.5,1.8458260760172955e-06
92.5,132.5,1.9075699490565482e-06
95.0,132.5,1.9865906545145657e-06
97.5,132.5,2.0880040325632794e-06
100.0,132.5,2.218040843705103e-06
102.5,132.5,2.3844883793188284e-06
105.0,132.5,2.5973352285454604e-06
107.5,132.5,2.8696804767392867e-06
110.0,132.5,3.219020488232459e-06
112.5,132.5,3.669055641919578e-06
115.0,132.5,4.252047967633589e-06
117.5,132.5,5.010735021858123e-06
120.0,132.5,5.9949941785551175e-06
122.5,132.5,7.242389761292009e-06
125.0,132.5,8.736572056003518e-06
127.5,132.5,1.036900702530874e-05
130.0,132.5,1.1954881578678357e-05
132.5,132.5,1.3311794564756575e-05
135.0,132.5,1.4338434423990078e-05
137.5,132.5,1.503344810006077e-05
140.0,132.5,1.5460400696562405e-05
142.5,132.5,1.5701347497261788e-05
145.0,132.5,1.5827280423784585e-05
147.5,132.5,1.588836996880499e-05
150.0,132.5,1.5915696238826184e-05
152.5,132.5,1.5926716913581414e-05
155.0,132.5,1.5930472405560086e-05
-142.5,135.0,1.571046385760291e-05
-140.0,135.0,1.538000277033511e-05
-137.5,135.0,1.4740451776388751e-05
-135.0,135.0,1.3670192284578255e-05
-132.5,135.0,1.2146487991507661e-05
-130.0,135.0,1.0326016100638054e-05
-127.5,135.0,8.49988407765479e-06
-125.0,135.0,6.926663838801024e-06
-122.5,135.0,5.7122970105313364e-06
-120.0,135.0,4.833557667423852e-06
-117.5,135.0,4.221194766712439e-06
-115.0,135.0,3.8114674228913404e-06
-112.5,135.0,3.5592994670806645e-06
-110.0,135.0,3.436285052955971e-06
-107.5,135.0,3.426541764816801e-06
-105.0,135.0,3.5235883956379483e-06
-102.5,135.0,3.728433815310837e-06
-100.0,135.0,4.04861839472348e-06
-97.5,135.0,4.498230668312307e-06
-95.0,135.0,5.0990527944380165e-06
-92.5,135.0,5.882887465102484e-06
-90.0,135.0,6.8946332798134194e-06
-87.5,135.0,8.195141506157092e-06
-85.0,135.0,9.862295296309528e-06
-82.5,135.0,1.1987014661143248e-05
-80.0,135.0,1.4655422754263645e-05
-77.5,135.0,1.7898564376981988e-05
-75.0,135.0,2.158982237248439e-05
-72.5,135.0,2.531586839006118e-05
-70.0,135.0,2.8358636225403065e-05
-67.5,135.0,2.997090149420041e-05
-65.0,135.0,2.9873954417312018e-05
-62.5,135.0,2.852887090807952e-05
-60.0,135.0,2.6871981767702282e-05
-57.5,135.0,2.5819846282648205e-05
-55.0,135.0,2.6020531219768828e-05
-52.5,135.0,2.7912004796884183e-05
-50.0,135.0,3.187673865964574e-05
-47.5,135.0,3.835643214736704e-05
-45.0,135.0,4.791439505035838e-05
-42.5,135.0,6.124282498193272e-05
-40.0,135.0,7.904502415943204e-05
-37.5,135.0,0.00010163945685976487
-35.0,135.0,0.00012807714609381601
-32.5,135.0,0.00015483652881231267
-30.0,135.0,0.00017524091210248
-27.5,135.0,0.00018170866796799647
-25.0,135.0,0.0001706385062059808
-22.5,135.0,0.00014520646964832882
-20.0,135.0,0.00011295115819409928
-17.5,135.0,8.13759822632677e-05
-15.0,135.0,5.52615650425198e-05
-12.5,135.0,3.615472110491196e-05
-10.0,135.0,2.3321002678079776e-05
-7.5,135.0,1.5141504654705741e-05
-5.0,135.0,1.0060902611521746e-05
-2.5,135.0,6.922300017474715e-06
0.0,135.0,4.963994035501566e-06
2.5,135.0,3.71673159189355e-06
5.0,135.0,2.9017625040656622e-06
7.5,135.0,2.3557394062126084e-06
10.0,135.0,1.9824120501780825e-06
12.5,135.0,1.72398792824498e-06
15.0,135.0,1.5448404932832843e-06
17.5,135.0,1.422298351952859e-06
20.0,135.0,1.3413664981399584e-06
22.5,135.0,1.291635310890767e-06
25.0,135.0,1.2654449771293252e-06
27.5,135.0,1.256812147065207e-06
30.0,135.0,1.260849511474878e-06
32.5,135.0,1.273523882184744e-06
35.0,135.0,1.2916037191449982e-06
37.5,135.0,1.3126506195854396e-06
40.0,135.0,1.3349647637221277e-06
42.5,135.0,1.3574724876210657e-06
45.0,135.0,1.3796030854994906e-06
47.5,135.0,1.4011782477196358e-06
50.0,135.0,1.4223096835514521e-06
52.5,135.0,1.443287048942832e-06
55.0,135.0,1.4644739300965438e-06
57.5,135.0,1.4862170195876694e-06
60.0,135.0,1.5087831083226442e-06
62.5,135.0,1.5323081433366962e-06
65.0,135.0,1.5567702338825401e-06
67.5,135.0,1.581997926519941e-06
70.0,135.0,1.6077258255333684e-06
72.5,135.0,1.6336984513206823e-06
75.0,135.0,1.65980567842275e-06
77.5,135.0,1.686241860802004e-06
80.0,135.0,1.7136500972749828e-06
82.5,135.0,1.743233468825318e-06
85.0,135.0,1.776807019880022e-06
87.5,135.0,1.8167978311392018e-06
90.0,135.0,1.8662247490547705e-06
92.5,135.0,1.928696617692115e-06
95.0,135.0,2.008480984935494e-06
97.5,135.0,2.1106593092859173e-06
100.0,135.0,2.2414145437908715e-06
102.5,135.0,2.408463640373799e-06
105.0,135.0,2.6216851742099143e-06
107.5,135.0,2.894006145489413e-06
110.0,135.0,3.2426515189401223e-06
112.5,135.0,3.690891919923547e-06
115.0,135.0,4.270306470782695e-06
117.5,135.0,5.022567621070778e-06
120.0,135.0,5.99613676655614e-06
122.5,135.0,7.227614427126224e-06
125.0,135.0,8.702087324729112e-06
127.5,135.0,1.031616287105566e-05
130.0,135.0,1.1891577869391975e-05
132.5,135.0,1.324917253717426e-05
135.0,135.0,1.4285540549894638e-05
137.5,135.0,1.4994276604105798e-05
140.0,135.0,1.543442332284524e-05
142.5,135.0,1.568568575086452e-05
145.0,135.0,1.581862445679408e-05
147.5,135.0,1.5883984078036222e-05
150.0,135.0,1.591368400248374e-05
152.5,135.0,1.592591327574112e-05
155.0,135.0,1.5930227662852784e-05
-142.5,137.5,1.5690445501214384e-05
-140.0,137.5,1.5343847225836313e-05
-137.5,137.5,1.4686147833907999e-05
-135.0,137.5,1.3604745287437392e-05
-132.5,137.5,1.2087739326951722e-05
-130.0,137.5,1.0294358973616388e-05
-127.5,137.5,8.505060882840335e-06
-125.0,137.5,6.964167227216814e-06
-122.5,137.5,5.771405090420156e-06
-120.0,137.5,4.905255120899235e-06
-117.5,137.5,4.300198725052744e-06
-115.0,137.5,3.895241416657572e-06
-112.5,137.5,3.6469367840051226e-06
-110.0,137.5,3.527874891570251e-06
-107.5,137.5,3.5228589029774823e-06
-105.0,137.5,3.6259875114858676e-06
-102.5,137.5,3.838858551487178e-06
-100.0,137.5,4.169725333935723e-06
-97.5,137.5,4.6336188714798225e-06
-95.0,137.5,5.253566762507993e-06
-92.5,137.5,6.062983187174134e-06
-90.0,137.5,7.108830622546791e-06
-87.5,137.5,8.454680829531457e-06
-85.0,137.5,1.0182029441385882e-05
-82.5,137.5,1.238619469840521e-05
-80.0,137.5,1.5157246666266828e-05
-77.5,137.5,1.8527278940692075e-05
-75.0,137.5,2.2366290817804187e-05
-72.5,137.5,2.625621465204658e-05
-70.0,137.5,2.9479211576489723e-05
-67.5,137.5,3.1292147604563146e-05
-65.0,137.5,3.1412742885153495e-05
-62.5,137.5,3.0285775249296398e-05
-60.0,137.5,2.883338721885907e-05
-57.5,137.5,2.7978841150985547e-05
-55.0,137.5,2.8399172589174594e-05
-52.5,137.5,3.0574634173484724e-05
-50.0,137.5,3.494152982597917e-05
-47.5,137.5,4.2012810624865014e-05
-45.0,137.5,5.243640714065862e-05
-42.5,137.5,6.697188950643134e-05
-40.0,137.5,8.631404160043203e-05
-37.5,137.5,0.0001106278940465976
-35.0,137.5,0.00013863921964561035
-32.5,137.5,0.00016642820556519037
-30.0,137.5,0.0001870562957758297
-27.5,137.5,0.00019291001093199405
-25.0,137.5,0.00018047833826384521
-22.5,137.5,0.00015314879856579254
-20.0,137.5,0.00011885713019337877
-17.5,137.5,8.548983496641702e-05
-15.0,137.5,5.799204269266392e-05
-12.5,137.5,3.790232359108208e-05
-10.0,137.5,2.4414261659689684e-05
-7.5,137.5,1.5821402198145705e-05
-5.0,137.5,1.0487637865369041e-05
-2.5,137.5,7.195515857553276e-06
0.0,137.5,5.143950773199876e-06
2.5,137.5,3.839660442681246e-06
5.0,137.5,2.98946794056816e-06
7.5,137.5,2.4213685148762316e-06
10.0,137.5,2.0339237854751803e-06
12.5,137.5,1.7662184939060997e-06
15.0,137.5,1.5807380496667863e-06
17.5,137.5,1.4536677308747989e-06
20.0,137.5,1.369326434287847e-06
22.5,137.5,1.3169081152898199e-06
25.0,137.5,1.2885366587106666e-06
27.5,137.5,1.2781242547422423e-06
30.0,137.5,1.2807402814346352e-06
32.5,137.5,1.2923273524141284e-06
35.0,137.5,1.3096227154152364e-06
37.5,137.5,1.3301390792499937e-06
40.0,137.5,1.3521216780353575e-06
42.5,137.5,1.3744444990556298e-06
45.0,137.5,1.3964960138334499e-06
47.5,137.5,1.4180657954094334e-06
50.0,137.5,1.4392379264532878e-06
52.5,137.5,1.4602828930725675e-06
55.0,137.5,1.4815482918333376e-06
57.5,137.5,1.5033710522484082e-06
60.0,137.5,1.5260096668935882e-06
62.5,137.5,1.5495964460840214e-06
65.0,137.5,1.574110439039934e-06
67.5,137.5,1.5993882766890572e-06
70.0,137.5,1.6251785742461007e-06
72.5,137.5,1.6512435600774292e-06
75.0,137.5,1.6774937372603062e-06
77.5,137.5,1.704144276701838e-06
80.0,137.5,1.7318544660997255e-06
82.5,137.5,1.7618366459170045e-06
85.0,137.5,1.7959077839177725e-06
87.5,137.5,1.8364873406549635e-06
90.0,137.5,1.886580049107007e-06
92.5,137.5,1.949776329157742e-06
95.0,137.5,2.0303172789155406e-06
97.5,137.5,2.1332528279978608e-06
100.0,137.5,2.2647193247963832e-06
102.5,137.5,2.4323643654846413e-06
105.0,137.5,2.645959273146385e-06
107.5,137.5,2.9182646471066985e-06
110.0,137.5,3.266242120369181e-06
112.5,137.5,3.712748290543443e-06
115.0,137.5,4.288704769620326e-06
117.5,137.5,5.034760861311776e-06
120.0,137.5,5.998018949192985e-06
122.5,137.5,7.214133513386601e-06
125.0,137.5,8.669488387344119e-06
127.5,137.5,1.026550801780011e-05
130.0,137.5,1.1830221328774415e-05
132.5,137.5,1.3187799114399424e-05
135.0,137.5,1.4233098866254753e-05
137.5,137.5,1.495497433365919e-05
140.0,137.5,1.540803911303812e-05
142.5,137.5,1.566957686292407e-05
145.0,137.5,1.5809601423939483e-05
147.5,137.5,1.587934329927197e-05
150.0,137.5,1.5911515401841157e-05
152.5,137.5,1.5925023695255275e-05
155.0,137.5,1.592994085603343e-05
-142.5,140.0,1.567009502727869e-05
-140.0,140.0,1.5307966956575134e-05
-137.5,140.0,1.4633572299941544e-05
-135.0,140.0,1.3543100551738238e-05
-132.5,140.0,1.2034449772250973e-05
-130.0,140.0,1.0268326340208563e-05
-127.5,140.0,8.51468416214273e-06
-125.0,140.0,7.004679047172364e-06
-122.5,140.0,5.832529269257773e-06
-120.0,140.0,4.978449056070947e-06
-117.5,140.0,4.3804675211885614e-06
-115.0,140.0,3.980208609487802e-06
-112.5,140.0,3.7357890506196454e-06
-110.0,140.0,3.6207578989453558e-06
-107.5,140.0,3.620591054082502e-06
-105.0,140.0,3.7299562370134715e-06
-102.5,140.0,3.951039610948384e-06
-100.0,140.0,4.292816301782756e-06
-97.5,140.0,4.771263319990662e-06
-95.0,140.0,5.4106726860882625e-06
-92.5,140.0,6.246099982674791e-06
-90.0,140.0,7.3266271948754895e-06
-87.5,140.0,8.718610294126496e-06
-85.0,140.0,1.0507203646821258e-05
-82.5,140.0,1.2792072786475197e-05
-80.0,140.0,1.566715166341732e-05
-77.5,140.0,1.916575559575664e-05
-75.0,140.0,2.3155377207785275e-05
-72.5,140.0,2.7214790100649044e-05
-70.0,140.0,3.062774010959797e-05
-67.5,140.0,3.265562211461684e-05
-65.0,140.0,3.301206109691664e-05
-62.5,140.0,3.212425828991022e-05
-60.0,140.0,3.089876850809086e-05
-57.5,140.0,3.0264934941738006e-05
-55.0,140.0,3.0929737510220844e-05
-52.5,140.0,3.341837540871119e-05
-50.0,140.0,3.822408745524587e-05
-47.5,140.0,4.593168627250904e-05
-45.0,140.0,5.727034762709389e-05
-42.5,140.0,7.30613114530845e-05
-40.0,140.0,9.398533362052169e-05
-37.5,140.0,0.0001200486999379854
-35.0,140.0,0.00014964503995010533
-32.5,140.0,0.0001784443854432067
-30.0,140.0,0.00019923178071437267
-27.5,140.0,0.00020436934490649294
-25.0,140.0,0.00019048231820656397
-22.5,140.0,0.0001612035593717134
-20.0,140.0,0.00012484979858867366
-17.5,140.0,8.966857455041562e-05
-15.0,140.0,6.076840866871982e-05
-12.5,140.0,3.968212966713831e-05
-10.0,140.0,2.5529764873870504e-05
-7.5,140.0,1.6515978807092707e-05
-5.0,140.0,1.0923727169926443e-05
-2.5,140.0,7.474695129797074e-06
0.0,140.0,5.327807940633286e-06
2.5,140.0,3.965232449932919e-06
5.0,140.0,3.0790204551147127e-06
7.5,140.0,2.4883144751900446e-06
10.0,140.0,2.0863771660535854e-06
12.5,140.0,1.8091167188648527e-06
15.0,140.0,1.6171018559949941e-06
17.5,140.0,1.4853596145247645e-06
20.0,140.0,1.3975122614705963e-06
22.5,140.0,1.3423445831177133e-06
25.0,140.0,1.311752986598834e-06
27.5,140.0,1.2995336956249108e-06
30.0,140.0,1.3007035104091653e-06
32.5,140.0,1.3111780978913898e-06
35.0,140.0,1.3276618501183645e-06
37.5,140.0,1.3476234927885355e-06
40.0,140.0,1.3692532405105793e-06
42.5,140.0,1.3913756144764143e-06
45.0,140.0,1.4133369452133392e-06
47.5,140.0,1.4348935839018986e-06
50.0,140.0,1.456102608616316e-06
52.5,140.0,1.477212582260222e-06
55.0,140.0,1.4985559943316623e-06
57.5,140.0,1.5204584659199406e-06
60.0,140.0,1.5431706948667026e-06
62.5,140.0,1.5668205521923963e-06
65.0,140.0,1.5913890647012722e-06
67.5,140.0,1.6167200672880365e-06
70.0,140.0,1.6425760252870399e-06
72.5,140.0,1.6687366786907269e-06
75.0,140.0,1.6951343207385524e-06
77.5,140.0,1.7220026633778064e-06
80.0,140.0,1.7500179050706932e-06
82.5,140.0,1.7804014740269532e-06
85.0,140.0,1.8149706356460272e-06
87.5,140.0,1.8561373092014886e-06
90.0,140.0,1.9068927985292012e-06
92.5,140.0,1.9708082594849618e-06
95.0,140.0,2.052099858535886e-06
97.5,140.0,2.1557855632461986e-06
100.0,140.0,2.287956329754646e-06
102.5,140.0,2.4561914190210168e-06
105.0,140.0,2.670159111262835e-06
107.5,140.0,2.9424567836503737e-06
110.0,140.0,3.2897924547271106e-06
112.5,140.0,3.7346219014282013e-06
115.0,140.0,4.307233765552109e-06
117.5,140.0,5.047294479430619e-06
120.0,140.0,6.0006001265912786e-06
122.5,140.0,7.201878855530194e-06
125.0,140.0,8.638684958109213e-06
127.5,140.0,1.0216958803988262e-05
130.0,140.0,1.177076900236145e-05
132.5,140.0,1.3127682295970739e-05
135.0,140.0,1.4181149727289195e-05
137.5,140.0,1.4915586658248983e-05
140.0,140.0,1.5381281236681113e-05
142.5,140.0,1.5653038190804263e-05
145.0,140.0,1.5800216615101498e-05
147.5,140.0,1.5874446363134955e-05
150.0,140.0,1.590918685976055e-05
152.5,140.0,1.5924044555317276e-05
155.0,140.0,1.5929609282847007e-05
-142.5,142.5,1.5649508000704693e-05
-140.0,142.5,1.527251050684914e-05
-137.5,142.5,1.4582862053191987e-05
-135.0,142.5,1.3485271175509247e-05
-132.5,142.5,1.198643602487797e-05
-130.0,142.5,1.024762377702004e-05
-127.5,142.5,8.528496504389123e-06
-125.0,142.5,7.048042455068018e-06
-122.5,142.5,5.895595220231034e-06
-120.0,142.5,5.053108791418441e-06
-117.5,142.5,4.461994262090636e-06
-115.0,142.5,4.066372880770473e-06
-112.5,142.5,3.825865009219571e-06
-110.0,142.5,3.714946441189614e-06
-107.5,142.5,3.719751240046333e-06
-105.0,142.5,3.83550873410357e-06
-102.5,142.5,4.064996042724696e-06
-100.0,142.5,4.4179125737993326e-06
-97.5,142.5,4.911195424945274e-06
-95.0,142.5,5.570413678231684e-06
-92.5,142.5,6.432294936486525e-06
-90.0,142.5,7.548095264337997e-06
-87.5,142.5,8.98701958171844e-06
-85.0,142.5,1.0837920110853251e-05
-82.5,142.5,1.320477210423071e-05
-80.0,142.5,1.618532363602841e-05
-77.5,142.5,1.9814335605990725e-05
-75.0,142.5,2.3957650607137674e-05
-72.5,142.5,2.819238480944569e-05
-70.0,142.5,3.1805181255947884e-05
-67.5,142.5,3.406246076315474e-05
-65.0,142.5,3.467326153939162e-05
-62.5,142.5,3.4046041224935025e-05
-60.0,142.5,3.307063605200117e-05
-57.5,142.5,3.2681975387593096e-05
-55.0,142.5,3.361783798267814e-05
-52.5,142.5,3.645070028502392e-05
-50.0,142.5,4.173323038525928e-05
-47.5,142.5,5.012247824594923e-05
-45.0,142.5,6.242563126058746e-05
-42.5,142.5,7.951981649223395e-05
-40.0,142.5,0.00010206504674473575
-37.5,142.5,0.00012990232975956809
-35.0,142.5,0.0001610864926443399
-32.5,142.5,0.0001908693475512574
-30.0,142.5,0.00021175039241820033
-27.5,142.5,0.00021607496872871803
-25.0,142.5,0.00020064292278347068
-22.5,142.5,0.00016936331181433088
-20.0,142.5,0.00013092269306334242
-17.5,142.5,9.390853489571685e-05
-15.0,142.5,6.358909038812243e-05
-12.5,142.5,4.1493400955666507e-05
-10.0,142.5,2.666711274038478e-05
-7.5,142.5,1.7225089304287908e-05
-5.0,142.5,1.1369164140222806e-05
-2.5,142.5,7.759870405794811e-06
0.0,142.5,5.515606499446794e-06
2.5,142.5,4.093481163899753e-06
5.0,142.5,3.1704419716687584e-06
7.5,142.5,2.556591183459986e-06
10.0,142.5,2.1397829080649468e-06
12.5,142.5,1.8526923697138226e-06
15.0,142.5,1.6539424057198585e-06
17.5,142.5,1.5173851363785227e-06
20.0,142.5,1.4259338549753942e-06
22.5,142.5,1.3679523166557103e-06
25.0,142.5,1.335099053614535e-06
27.5,142.5,1.3210438832006972e-06
30.0,142.5,1.3207439032318486e-06
32.5,142.5,1.330080518635792e-06
35.0,142.5,1.3457266098928284e-06
37.5,142.5,1.3651079052558262e-06
40.0,142.5,1.3863641226099438e-06
42.5,142.5,1.4082699470660127e-06
45.0,142.5,1.4301297879955238e-06
47.5,142.5,1.451665418745475e-06
50.0,142.5,1.4729062586086291e-06
52.5,142.5,1.4940789219948983e-06
55.0,142.5,1.5154993864399938e-06
57.5,142.5,1.5374812164087886e-06
60.0,142.5,1.560267780967086e-06
62.5,142.5,1.5839822822277637e-06
65.0,142.5,1.608607321322561e-06
67.5,142.5,1.6339944988023275e-06
70.0,142.5,1.6599194781588955e-06
72.5,142.5,1.686180232529366e-06
75.0,142.5,1.712728933737418e-06
77.5,142.5,1.7398187936854923e-06
80.0,142.5,1.7681421160217657e-06
82.5,142.5,1.7989286869333078e-06
85.0,142.5,1.8339956567360937e-06
87.5,142.5,1.8757485161288658e-06
90.0,142.5,1.92716307665084e-06
92.5,142.5,1.991792980281253e-06
95.0,142.5,2.073829538024497e-06
97.5,142.5,2.17825862823197e-06
100.0,142.5,2.3111262797046936e-06
102.5,142.5,2.4799465652746682e-06
105.0,142.5,2.6942857179731917e-06
107.5,142.5,2.9665834646160677e-06
110.0,142.5,3.313301597543124e-06
112.5,142.5,3.7565098135257397e-06
115.0,142.5,4.3258851885609565e-06
117.5,142.5,5.060149551271594e-06
120.0,142.5,6.003843046797061e-06
122.5,142.5,7.190787157367155e-06
125.0,142.5,8.609592281308887e-06
127.5,142.5,1.0170434509947974e-05
130.0,142.5,1.1713176790551971e-05
132.5,142.5,1.306882669973279e-05
135.0,142.5,1.4129730162747166e-05
137.5,142.5,1.4876156667398194e-05
140.0,142.5,1.5354182412786044e-05
142.5,142.5,1.5636087519813774e-05
145.0,142.5,1.579047605633995e-05
147.5,142.5,1.5869292617688645e-05
150.0,142.5,1.5906695106621503e-05
152.5,142.5,1.5922972400626682e-05
155.0,142.5,1.5929230233795048e-05
