x,y,probability
-142.5,-142.5,1.8381199563206836e-07
-140.0,-142.5,1.9148764267526303e-07
-137.5,-142.5,2.0123725566236882e-07
-135.0,-142.5,2.1362042267614164e-07
-132.5,-142.5,2.2993165699356043e-07
-130.0,-142.5,2.525032295142638e-07
-127.5,-142.5,2.8528776819350096e-07
-125.0,-142.5,3.3518436467633677e-07
-122.5,-142.5,4.1518741588038476e-07
-120.0,-142.5,5.521398497916764e-07
-117.5,-142.5,8.062523020424467e-07
-115.0,-142.5,1.3172663180550714e-06
-112.5,-142.5,2.3879780603462475e-06
-110.0,-142.5,4.534252746176521e-06
-107.5,-142.5,8.227567449374503e-06
-105.0,-142.5,1.3087459031764836e-05
-102.5,-142.5,1.714362863719876e-05
-100.0,-142.5,1.7719216086130662e-05
-97.5,-142.5,1.4176623056952793e-05
-95.0,-142.5,9.036241260121886e-06
-92.5,-142.5,5.0517375548836365e-06
-90.0,-142.5,2.8382057030659693e-06
-87.5,-142.5,1.7840943292817622e-06
-85.0,-142.5,1.31058699716823e-06
-82.5,-142.5,1.1293879924842784e-06
-80.0,-142.5,1.1343128606452525e-06
-77.5,-142.5,1.3141928510315512e-06
-75.0,-142.5,1.7109620576251293e-06
-72.5,-142.5,2.3480712816724886e-06
-70.0,-142.5,3.0368838576571916e-06
-67.5,-142.5,3.262606038392245e-06
-65.0,-142.5,2.7304319481978097e-06
-62.5,-142.5,1.8700668938017495e-06
-60.0,-142.5,1.1864299170082107e-06
-57.5,-142.5,7.781228792937559e-07
-55.0,-142.5,5.572620405085391e-07
-52.5,-142.5,4.4218094385560147e-07
-50.0,-142.5,3.8745801949479204e-07
-47.5,-142.5,3.707834335734808e-07
-45.0,-142.5,3.805034867366509e-07
-42.5,-142.5,4.0661839013904465e-07
-40.0,-142.5,4.33229056904967e-07
-37.5,-142.5,4.3709837692958674e-07
-35.0,-142.5,4.018215011464363e-07
-32.5,-142.5,3.363445140962278e-07
-30.0,-142.5,2.6660450427957005e-07
-27.5,-142.5,2.106817085055074e-07
-25.0,-142.5,1.7203211990626432e-07
-22.5,-142.5,1.4720353725775225e-07
-20.0,-142.5,1.31921293238233e-07
-17.5,-142.5,1.2287710474598184e-07
-15.0,-142.5,1.1776418471237072e-07
-12.5,-142.5,1.1507915091859461e-07
-10.0,-142.5,1.1409402969484655e-07
-7.5,-142.5,1.1493795437546135e-07
-5.0,-142.5,1.1862293929427032e-07
-2.5,-142.5,1.2700759029763744e-07
0.0,-142.5,1.4291867535057116e-07
2.5,-142.5,1.706139317746633e-07
5.0,-142.5,2.1594124879042858e-07
7.5,-142.5,2.817052407443594e-07
10.0,-142.5,3.4661048262467447e-07
12.5,-142.5,3.5046849794603923e-07
15.0,-142.5,2.759214454821654e-07
17.5,-142.5,1.8960298802870702e-07
20.0,-142.5,1.3348067182145867e-07
22.5,-142.5,1.0482687134954436e-07
25.0,-142.5,9.36656625066634e-08
27.5,-142.5,9.516867473477495e-08
30.0,-142.5,1.1019430932018033e-07
32.5,-142.5,1.4736929747837474e-07
35.0,-142.5,2.3445503717730535e-07
37.5,-142.5,4.6402009184320235e-07
40.0,-142.5,1.167472567941685e-06
42.5,-142.5,3.2432622185633556e-06
45.0,-142.5,6.862859574358912e-06
47.5,-142.5,8.538641359995429e-06
50.0,-142.5,6.666595312811234e-06
52.5,-142.5,4.0559341963017635e-06
55.0,-142.5,2.332804311222595e-06
57.5,-142.5,1.4172947541061713e-06
60.0,-142.5,9.467462743031587e-07
62.5,-142.5,6.974164931859997e-07
65.0,-142.5,5.613003253038023e-07
67.5,-142.5,4.882450862415522e-07
70.0,-142.5,4.548556596953861e-07
72.5,-142.5,4.507580377136563e-07
75.0,-142.5,4.728533350532018e-07
77.5,-142.5,5.232029187468052e-07
80.0,-142.5,6.088000898482257e-07
82.5,-142.5,7.425913315185229e-07
85.0,-142.5,9.455289611676423e-07
87.5,-142.5,1.2494298632522397e-06
90.0,-142.5,1.7000007818707437e-06
92.5,-142.5,2.3584874756522284e-06
95.0,-142.5,3.299230610509828e-06
97.5,-142.5,4.59979483782607e-06
100.0,-142.5,6.321833645242922e-06
102.5,-142.5,8.485629740697671e-06
105.0,-142.5,1.1047872931285818e-05
107.5,-142.5,1.3895646888937473e-05
110.0,-142.5,1.686457274650327e-05
112.5,-142.5,1.9776462444391074e-05
115.0,-142.5,2.2480450970958644e-05
117.5,-142.5,2.48805854536368e-05
120.0,-142.5,2.6941982388275317e-05
122.5,-142.5,2.867924961487401e-05
125.0,-142.5,3.013690823151932e-05
127.5,-142.5,3.1370562498737814e-05
130.0,-142.5,3.2433491192598144e-05
132.5,-142.5,3.336930070459124e-05
135.0,-142.5,3.4209290076346736e-05
137.5,-142.5,3.497268125047733e-05
140.0,-142.5,3.5668281462889126e-05
142.5,-142.5,3.629657982673253e-05
145.0,-142.5,3.685190875657908e-05
147.5,-142.5,3.732439325673211e-05
150.0,-142.5,3.770171065090136e-05
152.5,-142.5,3.797061026179843e-05
155.0,-142.5,3.8118309001519965e-05
-142.5,-140.0,1.7888347746082807e-07
-140.0,-140.0,1.8516784364669295e-07
-137.5,-140.0,1.9320738581266116e-07
-135.0,-140.0,2.03113957550586e-07
-132.5,-140.0,2.1559387592671184e-07
-130.0,-140.0,2.3217058641190053e-07
-127.5,-140.0,2.5550003213363643e-07
-125.0,-140.0,2.9004540620265776e-07
-122.5,-140.0,3.43690125705132e-07
-120.0,-140.0,4.316635211997424e-07
-117.5,-140.0,5.864915402037831e-07
-115.0,-140.0,8.839227812155841e-07
-112.5,-140.0,1.5060255020321934e-06
-110.0,-140.0,2.85472289668744e-06
-107.5,-140.0,5.596745364162357e-06
-105.0,-140.0,1.0213479062388175e-05
-102.5,-140.0,1.5797321235569217e-05
-100.0,-140.0,1.938567870681274e-05
-97.5,-140.0,1.812921177775007e-05
-95.0,-140.0,1.2899286306602197e-05
-92.5,-140.0,7.4505517820605435e-06
-90.0,-140.0,3.990706927524898e-06
-87.5,-140.0,2.2858546784713143e-06
-85.0,-140.0,1.5199846460722102e-06
-82.5,-140.0,1.1969395184110822e-06
-80.0,-140.0,1.1117823670531202e-06
-77.5,-140.0,1.2093264522917123e-06
-75.0,-140.0,1.5182641016498367e-06
-72.5,-140.0,2.108358480804307e-06
-70.0,-140.0,2.945439405919913e-06
-67.5,-140.0,3.599308559789228e-06
-65.0,-140.0,3.4213978633086003e-06
-62.5,-140.0,2.5091322239416706e-06
-60.0,-140.0,1.5850396607494428e-06
-57.5,-140.0,9.913889008126444e-07
-55.0,-140.0,6.700053904106083e-07
-52.5,-140.0,5.046927753252012e-07
-50.0,-140.0,4.246643498688382e-07
-47.5,-140.0,3.954973314898269e-07
-45.0,-140.0,4.008691274312479e-07
-42.5,-140.0,4.297393348686499e-07
-40.0,-140.0,4.6528276093287095e-07
-37.5,-140.0,4.785549083438428e-07
-35.0,-140.0,4.426702547588818e-07
-32.5,-140.0,3.6330535418702495e-07
-30.0,-140.0,2.756201574080659e-07
-27.5,-140.0,2.063798481846648e-07
-25.0,-140.0,1.6023883814629437e-07
-22.5,-140.0,1.316916443233507e-07
-20.0,-140.0,1.1468740131581708e-07
-17.5,-140.0,1.0501372371850395e-07
-15.0,-140.0,1.000037800328466e-07
-12.5,-140.0,9.79779179921478e-08
-10.0,-140.0,9.797107900840067e-08
-7.5,-140.0,9.973282260027887e-08
-5.0,-140.0,1.0384666489477936e-07
-2.5,-140.0,1.1185018603472839e-07
0.0,-140.0,1.2642960168551119e-07
2.5,-140.0,1.519195084555219e-07
5.0,-140.0,1.948320880459115e-07
7.5,-140.0,2.603976154359134e-07
10.0,-140.0,3.306665974921669e-07
12.5,-140.0,3.399294027957319e-07
15.0,-140.0,2.636693304639669e-07
17.5,-140.0,1.7625893638815374e-07
20.0,-140.0,1.2202004528379093e-07
22.5,-140.0,9.560993986222095e-08
25.0,-140.0,8.613913630536254e-08
27.5,-140.0,8.898961197565045e-08
30.0,-140.0,1.0574106873790545e-07
32.5,-140.0,1.4703396876954524e-07
35.0,-140.0,2.4818330722904975e-07
37.5,-140.0,5.346550500516215e-07
40.0,-140.0,1.4591382307931417e-06
42.5,-140.0,3.921113519199611e-06
45.0,-140.0,6.706287058189038e-06
47.5,-140.0,6.3009274489679805e-06
50.0,-140.0,4.000641386369504e-06
52.5,-140.0,2.252613135816191e-06
55.0,-140.0,1.3260069557648354e-06
57.5,-140.0,8.640904888122026e-07
60.0,-140.0,6.262700313206153e-07
62.5,-140.0,4.992963114658765e-07
65.0,-140.0,4.323717828737409e-07
67.5,-140.0,4.024835342249224e-07
70.0,-140.0,3.9968796698562144e-07
72.5,-140.0,4.211744328232891e-07
75.0,-140.0,4.691641754809254e-07
77.5,-140.0,5.507566810331283e-07
80.0,-140.0,6.790690319690415e-07
82.5,-140.0,8.754587630119607e-07
85.0,-140.0,1.1725878687064863e-06
87.5,-140.0,1.617583385511947e-06
90.0,-140.0,2.273477714700071e-06
92.5,-140.0,3.2158020982879865e-06
95.0,-140.0,4.520727475245542e-06
97.5,-140.0,6.2434197802609865e-06
100.0,-140.0,8.391266973325037e-06
102.5,-140.0,1.0903810454492266e-05
105.0,-140.0,1.3653035208266229e-05
107.5,-140.0,1.6469273165052956e-05
110.0,-140.0,1.9183226649531102e-05
112.5,-140.0,2.1665054215666546e-05
115.0,-140.0,2.3844729013532637e-05
117.5,-140.0,2.57102571475711e-05
120.0,-140.0,2.7291187509031495e-05
122.5,-140.0,2.863809190154322e-05
125.0,-140.0,2.9805624212539296e-05
127.5,-140.0,3.0841885146520605e-05
130.0,-140.0,3.1783532128868066e-05
132.5,-140.0,3.2654767804657076e-05
135.0,-140.0,3.3468406631651716e-05
137.5,-140.0,3.422781568226412e-05
140.0,-140.0,3.492900085676323e-05
142.5,-140.0,3.556259818740948e-05
145.0,-140.0,3.6115672670552115e-05
147.5,-140.0,3.6573314056098215e-05
150.0,-140.0,3.692007559265367e-05
152.5,-140.0,3.714128033240043e-05
155.0,-140.0,3.722418716711709e-05
-142.5,-137.5,1.747226712015672e-07
-140.0,-137.5,1.7979071426100743e-07
-137.5,-137.5,1.8658114692222178e-07
-135.0,-137.5,1.9483895199154706e-07
-132.5,-137.5,2.0476836733044685e-07
-130.0,-137.5,2.172555974717915e-07
-127.5,-137.5,2.3407792811745463e-07
-125.0,-137.5,2.5823647055180556e-07
-122.5,-137.5,2.9475519810050705e-07
-120.0,-137.5,3.526565000247945e-07
-117.5,-137.5,4.498749678441845e-07
-115.0,-137.5,6.260929559344108e-07
-112.5,-137.5,9.773955237250351e-07
-110.0,-137.5,1.742882496926093e-06
-107.5,-137.5,3.4573719941694023e-06
-105.0,-137.5,6.966286737291323e-06
-102.5,-137.5,1.2646563146541153e-05
-100.0,-137.5,1.8700508291041903e-05
-97.5,-137.5,2.1050593663735386e-05
-95.0,-137.5,1.7486084914914508e-05
-92.5,-137.5,1.1016373650767503e-05
-90.0,-137.5,5.869556228430859e-06
-87.5,-137.5,3.108209308099158e-06
-85.0,-137.5,1.8609751357790621e-06
-82.5,-137.5,1.324992217167394e-06
-80.0,-137.5,1.1255623876638433e-06
-77.5,-137.5,1.1334488041233331e-06
-75.0,-137.5,1.3422457244550497e-06
-72.5,-137.5,1.8247270786759645e-06
-70.0,-137.5,2.6574697444330455e-06
-67.5,-137.5,3.6329248309372496e-06
-65.0,-137.5,3.993481118816494e-06
-62.5,-137.5,3.2679377344975645e-06
-60.0,-137.5,2.1285542375932125e-06
-57.5,-137.5,1.2873125380776917e-06
-55.0,-137.5,8.204145492474636e-07
-52.5,-137.5,5.832364743138097e-07
-50.0,-137.5,4.681967051622703e-07
-47.5,-137.5,4.220389260925463e-07
-45.0,-137.5,4.212212813322124e-07
-42.5,-137.5,4.537807618569285e-07
-40.0,-137.5,5.041777980703781e-07
-37.5,-137.5,5.389434045207254e-07
-35.0,-137.5,5.140512843269914e-07
-32.5,-137.5,4.2159094100843156e-07
-30.0,-137.5,3.076784788872905e-07
-27.5,-137.5,2.166873606312017e-07
-25.0,-137.5,1.579055353515595e-07
-22.5,-137.5,1.2289745193399712e-07
-20.0,-137.5,1.025476104893389e-07
-17.5,-137.5,9.099286826899933e-08
-15.0,-137.5,8.487760177143445e-08
-12.5,-137.5,8.229765451457719e-08
-10.0,-137.5,8.220641584556639e-08
-7.5,-137.5,8.420456544848452e-08
-5.0,-137.5,8.856574552116951e-08
-2.5,-137.5,9.64087226226349e-08
0.0,-137.5,1.1003826870116482e-07
2.5,-137.5,1.336161035280081e-07
5.0,-137.5,1.741000082457493e-07
7.5,-137.5,2.3912347625103203e-07
10.0,-137.5,3.150277624339681e-07
12.5,-137.5,3.3051479265330093e-07
15.0,-137.5,2.5189519904256544e-07
17.5,-137.5,1.630981730256152e-07
20.0,-137.5,1.1088080071874395e-07
22.5,-137.5,8.67413433546736e-08
25.0,-137.5,7.891127718201008e-08
27.5,-137.5,8.307336743730122e-08
30.0,-137.5,1.0165933814110151e-07
32.5,-137.5,1.478633029158327e-07
35.0,-137.5,2.6738723249203914e-07
37.5,-137.5,6.319913006124865e-07
40.0,-137.5,1.816000188924224e-06
42.5,-137.5,4.270424726215795e-06
45.0,-137.5,5.396146367129164e-06
47.5,-137.5,3.854106462608454e-06
50.0,-137.5,2.1714506291682405e-06
52.5,-137.5,1.2402007270029583e-06
55.0,-137.5,7.867911176815128e-07
57.5,-137.5,5.601613403359025e-07
60.0,-137.5,4.4201696798296823e-07
62.5,-137.5,3.8093954609657564e-07
65.0,-137.5,3.5432467431077075e-07
67.5,-137.5,3.526668945399197e-07
70.0,-137.5,3.7343653364487356e-07
72.5,-137.5,4.189995955612656e-07
75.0,-137.5,4.965443077159323e-07
77.5,-137.5,6.193471027484503e-07
80.0,-137.5,8.091787644600173e-07
82.5,-137.5,1.0995912614455253e-06
85.0,-137.5,1.5392020428698448e-06
87.5,-137.5,2.192836367872951e-06
90.0,-137.5,3.136920029266653e-06
92.5,-137.5,4.445304085918767e-06
95.0,-137.5,6.164989792864263e-06
97.5,-137.5,8.288623876898907e-06
100.0,-137.5,1.0737962643171437e-05
102.5,-137.5,1.3371819717874328e-05
105.0,-137.5,1.6019694217798936e-05
107.5,-137.5,1.852631585182481e-05
110.0,-137.5,2.078612951448367e-05
112.5,-137.5,2.275508995257403e-05
115.0,-137.5,2.4441405279157814e-05
117.5,-137.5,2.588569331540933e-05
120.0,-137.5,2.7141065088667227e-05
122.5,-137.5,2.825882885680842e-05
125.0,-137.5,2.928074832148183e-05
127.5,-137.5,3.023631349199674e-05
130.0,-137.5,3.114296160717168e-05
132.5,-137.5,3.200767211732608e-05
135.0,-137.5,3.282898006468425e-05
137.5,-137.5,3.3598954545979185e-05
140.0,-137.5,3.430500167675944e-05
142.5,-137.5,3.4931480365424624e-05
145.0,-137.5,3.5461182919073644e-05
147.5,-137.5,3.5876702312554535e-05
150.0,-137.5,3.616169283829563e-05
152.5,-137.5,3.630205476704841e-05
155.0,-137.5,3.628693896715816e-05
-142.5,-135.0,1.7121618636318563e-07
-140.0,-135.0,1.7505727631362856e-07
-137.5,-135.0,1.808146135311927e-07
-135.0,-135.0,1.8796485219715703e-07
-132.5,-135.0,1.9628604450914024e-07
-130.0,-135.0,2.061099342677445e-07
-127.5,-135.0,2.185331394558142e-07
-125.0,-135.0,2.356028429722132e-07
-122.5,-135.0,2.606806037450572e-07
-120.0,-135.0,2.9940560147263e-07
-117.5,-135.0,3.621234556036707e-07
-115.0,-135.0,4.700460839063809e-07
-112.5,-135.0,6.718670417313713e-07
-110.0,-135.0,1.0902638715650998e-06
-107.5,-135.0,2.0407777878882085e-06
-105.0,-135.0,4.2325184493722244e-06
-102.5,-135.0,8.698491409723111e-06
-100.0,-135.0,1.5481387458798064e-05
-97.5,-135.0,2.143895204139948e-05
-95.0,-135.0,2.164385867565555e-05
-92.5,-135.0,1.574247194968588e-05
-90.0,-135.0,8.841080494894022e-06
-87.5,-135.0,4.475468867146503e-06
-85.0,-135.0,2.4223128107255373e-06
-82.5,-135.0,1.5454531427258538e-06
-80.0,-135.0,1.1880400118281844e-06
-77.5,-135.0,1.0951083233550475e-06
-75.0,-135.0,1.2031188933049073e-06
-72.5,-135.0,1.5571815990965539e-06
-70.0,-135.0,2.274949672707274e-06
-67.5,-135.0,3.369420850106392e-06
-65.0,-135.0,4.278378749917774e-06
-62.5,-135.0,4.042612069908966e-06
-60.0,-135.0,2.8339808671877906e-06
-57.5,-135.0,1.697393556814054e-06
-55.0,-135.0,1.0238331769685277e-06
-52.5,-135.0,6.829530826962642e-07
-50.0,-135.0,5.186554315807506e-07
-47.5,-135.0,4.485513582921843e-07
-45.0,-135.0,4.3728024377439954e-07
-42.5,-135.0,4.7099367740074215e-07
-40.0,-135.0,5.384608754613748e-07
-37.5,-135.0,6.080131162771545e-07
-35.0,-135.0,6.161078434464186e-07
-32.5,-135.0,5.213706984595634e-07
-30.0,-135.0,3.7270084880843885e-07
-27.5,-135.0,2.4670645915817973e-07
-25.0,-135.0,1.66860412139409e-07
-22.5,-135.0,1.213479007594201e-07
-20.0,-135.0,9.576769827785724e-08
-17.5,-135.0,8.1290084501308e-08
-15.0,-135.0,7.325271575423354e-08
-12.5,-135.0,6.925295330795979e-08
-10.0,-135.0,6.810231209329548e-08
-7.5,-135.0,6.937184263782121e-08
-5.0,-135.0,7.325234839539861e-08
-2.5,-135.0,8.062536008466325e-08
0.0,-135.0,9.340476875051696e-08
2.5,-135.0,1.1535949694987338e-07
5.0,-135.0,1.53548116428517e-07
7.5,-135.0,2.1779892435627468e-07
10.0,-135.0,2.9974004275791164e-07
12.5,-135.0,3.225898675350436e-07
15.0,-135.0,2.407354379389804e-07
17.5,-135.0,1.5016713542769376e-07
20.0,-135.0,1.0010837738663898e-07
22.5,-135.0,7.824536924665832e-08
25.0,-135.0,7.199247196425833e-08
27.5,-135.0,7.743076200361394e-08
30.0,-135.0,9.80049261438733e-08
32.5,-135.0,1.5021521790269412e-07
35.0,-135.0,2.942211936707797e-07
37.5,-135.0,7.622277206837242e-07
40.0,-135.0,2.1510421168905015e-06
42.5,-135.0,3.90798015079762e-06
45.0,-135.0,3.5119402732270536e-06
47.5,-135.0,2.076286640923739e-06
50.0,-135.0,1.159209296258019e-06
52.5,-135.0,7.148125950938543e-07
55.0,-135.0,4.989988475391072e-07
57.5,-135.0,3.8933227098911355e-07
60.0,-135.0,3.3380467653553897e-07
62.5,-135.0,3.102358470291685e-07
65.0,-135.0,3.095610597566655e-07
67.5,-135.0,3.2952230622849815e-07
70.0,-135.0,3.7261454948152757e-07
72.5,-135.0,4.46098139529413e-07
75.0,-135.0,5.63400035440873e-07
77.5,-135.0,7.467197446755451e-07
80.0,-135.0,1.0305539041618422e-06
82.5,-135.0,1.4650895432211728e-06
85.0,-135.0,2.1169239379023716e-06
87.5,-135.0,3.062962130526557e-06
90.0,-135.0,4.373559919983187e-06
92.5,-135.0,6.085614378211431e-06
95.0,-135.0,8.175218297126134e-06
97.5,-135.0,1.0546337944785093e-05
100.0,-135.0,1.3047619697597569e-05
102.5,-135.0,1.5513027868027342e-05
105.0,-135.0,1.780633089510123e-05
107.5,-135.0,1.9848474674523626e-05
110.0,-135.0,2.1620113393477157e-05
112.5,-135.0,2.314605428092854e-05
115.0,-135.0,2.4473908507773163e-05
117.5,-135.0,2.5656125052634683e-05
120.0,-135.0,2.6738821859275114e-05
122.5,-135.0,2.7756766285497664e-05
125.0,-135.0,2.873239571092119e-05
127.5,-135.0,2.9676899340326567e-05
130.0,-135.0,3.059204589349712e-05
132.5,-135.0,3.1472143948578277e-05
135.0,-135.0,3.2305826430783463e-05
137.5,-135.0,3.3077656533183086e-05
140.0,-135.0,3.376960686923401e-05
142.5,-135.0,3.436241944468818e-05
145.0,-135.0,3.483693330333566e-05
147.5,-135.0,3.51753476675703e-05
150.0,-135.0,3.5362419607090344e-05
152.5,-135.0,3.5386495931670516e-05
155.0,-135.0,3.5240356952173326e-05
-142.5,-132.5,1.68366342029149e-07
-140.0,-132.5,1.708343247763956e-07
-137.5,-132.5,1.755608120604488e-07
-135.0,-132.5,1.818705216708913e-07
-132.5,-132.5,1.8921755380180627e-07
-130.0,-132.5,1.9744452855479934e-07
-127.5,-132.5,2.0704799379646557e-07
-125.0,-132.5,2.1935743663488994e-07
-122.5,-132.5,2.3669471423688355e-07
-120.0,-132.5,2.627915999022709e-07
-117.5,-132.5,3.039640396143483e-07
-115.0,-132.5,3.720955848180151e-07
-112.5,-132.5,4.923575369471542e-07
-110.0,-132.5,7.247388495631126e-07
-107.5,-132.5,1.2264605208288164e-06
-105.0,-132.5,2.414064601098499e-06
-102.5,-132.5,5.215932083112632e-06
-100.0,-132.5,1.081112355256216e-05
-97.5,-132.5,1.851268821597138e-05
-95.0,-132.5,2.3440671134054305e-05
-92.5,-132.5,2.076700797045175e-05
-90.0,-132.5,1.314872833747918e-05
-87.5,-132.5,6.722487427313794e-06
-85.0,-132.5,3.3586607605361847e-06
-82.5,-132.5,1.9132674600754347e-06
-80.0,-132.5,1.3177454823914511e-06
-77.5,-132.5,1.1007120620041715e-06
-75.0,-132.5,1.1080404690808732e-06
-72.5,-132.5,1.3367789847738777e-06
-70.0,-132.5,1.8914514478103066e-06
-67.5,-132.5,2.913410886916253e-06
-65.0,-132.5,4.185805181412448e-06
-62.5,-132.5,4.657521924401948e-06
-60.0,-132.5,3.6781503365028378e-06
-57.5,-132.5,2.2612314552667492e-06
-55.0,-132.5,1.305479879504801e-06
-52.5,-132.5,8.139424223867298e-07
-50.0,-132.5,5.793972404527232e-07
-47.5,-132.5,4.75463117141196e-07
-45.0,-132.5,4.4720438338096117e-07
-42.5,-132.5,4.7556388014584605e-07
-40.0,-132.5,5.547539961878545e-07
-37.5,-132.5,6.651142187828087e-07
-35.0,-132.5,7.355350354678072e-07
-32.5,-132.5,6.702650385695226e-07
-30.0,-132.5,4.866250686339139e-07
-27.5,-132.5,3.065376274238555e-07
-25.0,-132.5,1.9115507372353083e-07
-22.5,-132.5,1.2828297346144605e-07
-20.0,-132.5,9.462123420914202e-08
-17.5,-132.5,7.599745502448105e-08
-15.0,-132.5,6.540158989336025e-08
-12.5,-132.5,5.947775573828144e-08
-10.0,-132.5,5.667657003229006e-08
-7.5,-132.5,5.6456700855159405e-08
-5.0,-132.5,5.897684105768324e-08
-2.5,-132.5,6.50628107590972e-08
0.0,-132.5,7.647189405322568e-08
2.5,-132.5,9.669041618665814e-08
5.0,-132.5,1.3268013074377687e-07
7.5,-132.5,1.9609745866296285e-07
10.0,-132.5,2.847765549468954e-07
12.5,-132.5,3.1667752963251877e-07
15.0,-132.5,2.3037319128346503e-07
17.5,-132.5,1.3751835754728122e-07
20.0,-132.5,8.974828907123466e-08
22.5,-132.5,7.014291215208034e-08
25.0,-132.5,6.539083448314713e-08
27.5,-132.5,7.207422374384065e-08
30.0,-132.5,9.485631880421979e-08
32.5,-132.5,1.5460796722304727e-07
35.0,-132.5,3.314369565378187e-07
37.5,-132.5,9.189925467513681e-07
40.0,-132.5,2.2621794681464763e-06
42.5,-132.5,2.867790449894883e-06
45.0,-132.5,1.9391694090868436e-06
47.5,-132.5,1.0809641733854024e-06
50.0,-132.5,6.480133484047433e-07
52.5,-132.5,4.4266677196278065e-07
55.0,-132.5,3.410951474400879e-07
57.5,-132.5,2.9080811217997177e-07
60.0,-132.5,2.7005932743603384e-07
62.5,-132.5,2.7022265523898615e-07
65.0,-132.5,2.89300623720887e-07
67.5,-132.5,3.299009330720901e-07
70.0,-132.5,3.993407986805652e-07
72.5,-132.5,5.111926904828853e-07
75.0,-132.5,6.88108810808046e-07
77.5,-132.5,9.656009881437084e-07
80.0,-132.5,1.3955126268271026e-06
82.5,-132.5,2.046150393511715e-06
85.0,-132.5,2.9943190159483676e-06
87.5,-132.5,4.3053987379181594e-06
90.0,-132.5,6.003982819678264e-06
92.5,-132.5,8.04799148923309e-06
95.0,-132.5,1.0324500013017662e-05
97.5,-132.5,1.2676213345627227e-05
100.0,-132.5,1.4947471329929419e-05
102.5,-132.5,1.702554432552692e-05
105.0,-132.5,1.8858697662377154e-05
107.5,-132.5,2.0449633178144346e-05
110.0,-132.5,2.183548807208189e-05
112.5,-132.5,2.306688171459334e-05
115.0,-132.5,2.4192921799439078e-05
117.5,-132.5,2.525327936589648e-05
120.0,-132.5,2.627553136882533e-05
122.5,-132.5,2.727546364474139e-05
125.0,-132.5,2.825863749177663e-05
127.5,-132.5,2.9222264096459378e-05
130.0,-132.5,3.015696942930372e-05
132.5,-132.5,3.1048394170496825e-05
135.0,-132.5,3.187860185712196e-05
137.5,-132.5,3.262742027782247e-05
140.0,-132.5,3.3273764290729885e-05
142.5,-132.5,3.379692455846105e-05
145.0,-132.5,3.41778515094068e-05
147.5,-132.5,3.440038192714916e-05
150.0,-132.5,3.4452328773630175e-05
152.5,-132.5,3.4326329246960645e-05
155.0,-132.5,3.402040641875752e-05
-142.5,-130.0,1.6624816851735568e-07
-140.0,-130.0,1.6712353749372835e-07
-137.5,-130.0,1.706638315452361e-07
-135.0,-130.0,1.7615366165646985e-07
-132.5,-130.0,1.8285669876361177e-07
-130.0,-130.0,1.902257147108581e-07
-127.5,-130.0,1.9820686336382752e-07
-125.0,-130.0,2.0749531290024595e-07
-122.5,-130.0,2.1966329585319346e-07
-120.0,-130.0,2.372999826039616e-07
-117.5,-130.0,2.6451363572443894e-07
-115.0,-130.0,3.083667850398647e-07
-112.5,-130.0,3.8252434754594477e-07
-110.0,-130.0,5.169035312239498e-07
-107.5,-130.0,7.855096046334522e-07
-105.0,-130.0,1.3897843292339772e-06
-102.5,-130.0,2.8760848351701626e-06
-100.0,-130.0,6.42865905823452e-06
-97.5,-130.0,1.322924116951934e-05
-95.0,-130.0,2.1294907974472416e-05
-92.5,-130.0,2.402071489376977e-05
-90.0,-130.0,1.835802819338121e-05
-87.5,-130.0,1.0196750131221436e-05
-85.0,-130.0,4.9190458360221665e-06
-82.5,-130.0,2.524181499283935e-06
-80.0,-130.0,1.5461607810210238e-06
-77.5,-130.0,1.1592073334167214e-06
-75.0,-130.0,1.0586062984630997e-06
-72.5,-130.0,1.1724291974676885e-06
-70.0,-130.0,1.5618107537250424e-06
-67.5,-130.0,2.39780226536387e-06
-65.0,-130.0,3.756972994255177e-06
-62.5,-130.0,4.920675560104967e-06
-60.0,-130.0,4.5586407823721725e-06
-57.5,-130.0,3.0153718838735503e-06
-55.0,-130.0,1.7046093294847098e-06
-52.5,-130.0,9.941123897745291e-07
-50.0,-130.0,6.577174931765956e-07
-47.5,-130.0,5.062114775835114e-07
-45.0,-130.0,4.5289722338858576e-07
-42.5,-130.0,4.67190300922219e-07
-40.0,-130.0,5.453243992603357e-07
-37.5,-130.0,6.856540225776595e-07
-35.0,-130.0,8.366682891846803e-07
-32.5,-130.0,8.562885623260225e-07
-30.0,-130.0,6.665241962016955e-07
-27.5,-130.0,4.132773853092119e-07
-25.0,-130.0,2.3864688618261915e-07
-22.5,-130.0,1.4637584494146235e-07
-20.0,-130.0,9.983535836000027e-08
-17.5,-130.0,7.521021811534668e-08
-15.0,-130.0,6.12991261094343e-08
-12.5,-130.0,5.308718868143366e-08
-10.0,-130.0,4.836315571523166e-08
-7.5,-130.0,4.6305743097256765e-08
-5.0,-130.0,4.692066544095294e-08
-2.5,-130.0,5.0911322435008654e-08
0.0,-130.0,5.993960003806669e-08
2.5,-130.0,7.746356577456673e-08
5.0,-130.0,1.106579418322979e-07
7.5,-130.0,1.730684052736763e-07
10.0,-130.0,2.697789292966405e-07
12.5,-130.0,3.135224398139032e-07
15.0,-130.0,2.2106005535694223e-07
17.5,-130.0,1.2521185282068198e-07
20.0,-130.0,7.984494994739169e-08
22.5,-130.0,6.245108910241958e-08
25.0,-130.0,5.911240392478705e-08
27.5,-130.0,6.701980516676425e-08
30.0,-130.0,9.232735615876593e-08
32.5,-130.0,1.6177968543129695e-07
35.0,-130.0,3.8127345398058834e-07
37.5,-130.0,1.057741736407572e-06
40.0,-130.0,1.963637895981731e-06
42.5,-130.0,1.7140586443533385e-06
45.0,-130.0,1.0004004122945828e-06
47.5,-130.0,5.860382820031045e-07
50.0,-130.0,3.9102122782551007e-07
52.5,-130.0,2.9714210768694604e-07
55.0,-130.0,2.51776734238822e-07
57.5,-130.0,2.336243824687292e-07
60.0,-130.0,2.344913264558131e-07
62.5,-130.0,2.5262744680196095e-07
65.0,-130.0,2.907375991424114e-07
67.5,-130.0,3.5618235831863885e-07
70.0,-130.0,4.6268053674965205e-07
72.5,-130.0,6.333733705710478e-07
75.0,-130.0,9.048763245661388e-07
77.5,-130.0,1.3307835912736142e-06
80.0,-130.0,1.9809844553526764e-06
82.5,-130.0,2.9313809294947525e-06
85.0,-130.0,4.2405258803799605e-06
87.5,-130.0,5.918291392170847e-06
90.0,-130.0,7.90324559507834e-06
92.5,-130.0,1.0067680315636383e-05
95.0,-130.0,1.2253852651363771e-05
97.5,-130.0,1.4322638273972632e-05
100.0,-130.0,1.618818217193601e-05
102.5,-130.0,1.7825223808557803e-05
105.0,-130.0,1.925464813719312e-05
107.5,-130.0,2.052132242204574e-05
110.0,-130.0,2.1675273901751925e-05
112.5,-130.0,2.2760251441603445e-05
115.0,-130.0,2.380881525560112e-05
117.5,-130.0,2.484155500994593e-05
120.0,-130.0,2.5868190332887994e-05
122.5,-130.0,2.6889352163655692e-05
125.0,-130.0,2.7898299775266015e-05
127.5,-130.0,2.8882482573428496e-05
130.0,-130.0,2.9824910595798683e-05
132.5,-130.0,3.070542006428182e-05
135.0,-130.0,3.150192361462755e-05
137.5,-130.0,3.2191685056284226e-05
140.0,-130.0,3.2752639548497746e-05
142.5,-130.0,3.316471402809854e-05
145.0,-130.0,3.341108117224523e-05
147.5,-130.0,3.3479312995973895e-05
150.0,-130.0,3.3362222264402734e-05
152.5,-130.0,3.305843034827247e-05
155.0,-130.0,3.257251513079319e-05
-142.5,-127.5,1.6496187363035653e-07
-140.0,-127.5,1.6401154605657555e-07
-137.5,-127.5,1.6612666375803447e-07
-135.0,-127.5,1.7063216505947194e-07
-132.5,-127.5,1.7673848962103021e-07
-130.0,-127.5,1.836558984550305e-07
-127.5,-127.5,1.9086829163141778e-07
-125.0,-127.5,1.9846773535005854e-07
-122.5,-127.5,2.0737208922078008e-07
-120.0,-127.5,2.193895935817386e-07
-117.5,-127.5,2.3735871590487137e-07
-115.0,-127.5,2.657704145034517e-07
-112.5,-127.5,3.125106964222243e-07
-110.0,-127.5,3.932895232360623e-07
-107.5,-127.5,5.436373638063509e-07
-105.0,-127.5,8.546535447712419e-07
-102.5,-127.5,1.5829629154457974e-06
-100.0,-127.5,3.4340128662123083e-06
-97.5,-127.5,7.850986547506483e-06
-95.0,-127.5,1.571120105446845e-05
-92.5,-127.5,2.3133131938923407e-05
-90.0,-127.5,2.2665111702147133e-05
-87.5,-127.5,1.4839591468312195e-05
-85.0,-127.5,7.418459976257829e-06
-82.5,-127.5,3.536268110095928e-06
-80.0,-127.5,1.9274757971742194e-06
-77.5,-127.5,1.286486493966406e-06
-75.0,-127.5,1.056470969052928e-06
-72.5,-127.5,1.0622752600048624e-06
-70.0,-127.5,1.3048551995220764e-06
-67.5,-127.5,1.9224257193213705e-06
-65.0,-127.5,3.1352177928553756e-06
-62.5,-127.5,4.724810643346545e-06
-60.0,-127.5,5.269953153592349e-06
-57.5,-127.5,3.958370996284668e-06
-55.0,-127.5,2.275506794043672e-06
-52.5,-127.5,1.252787668420878e-06
-50.0,-127.5,7.659286067248208e-07
-47.5,-127.5,5.470028672933138e-07
-45.0,-127.5,4.5928003091738827e-07
-42.5,-127.5,4.513075025904836e-07
-40.0,-127.5,5.13990946778322e-07
-37.5,-127.5,6.584806266109447e-07
-35.0,-127.5,8.732458767817238e-07
-32.5,-127.5,1.0261782397837132e-06
-30.0,-127.5,9.083066980251477e-07
-27.5,-127.5,5.876946286327817e-07
-25.0,-127.5,3.221843480378945e-07
-22.5,-127.5,1.803460877241445e-07
-20.0,-127.5,1.1285982269677776e-07
-17.5,-127.5,7.927945462147073e-08
-15.0,-127.5,6.093030491567042e-08
-12.5,-127.5,4.997478877715301e-08
-10.0,-127.5,4.3137497703581863e-08
-7.5,-127.5,3.915881834165337e-08
-5.0,-127.5,3.7768640064597694e-08
-2.5,-127.5,3.9365868917461746e-08
0.0,-127.5,4.525153421837382e-08
2.5,-127.5,5.860315650324469e-08
5.0,-127.5,8.69159405799783e-08
7.5,-127.5,1.4661671374256945e-07
10.0,-127.5,2.5317783873697874e-07
12.5,-127.5,3.141171105739627e-07
15.0,-127.5,2.131545723664471e-07
17.5,-127.5,1.1331771345436835e-07
20.0,-127.5,7.044057389624311e-08
22.5,-127.5,5.5182889268281096e-08
25.0,-127.5,5.316198326220243e-08
27.5,-127.5,6.229065688745752e-08
30.0,-127.5,9.05871134488016e-08
32.5,-127.5,1.7269251231714102e-07
35.0,-127.5,4.409251982637807e-07
37.5,-127.5,1.080534174991741e-06
40.0,-127.5,1.3603241997772994e-06
42.5,-127.5,9.069503209660979e-07
45.0,-127.5,5.280835965270443e-07
47.5,-127.5,3.438796492841233e-07
50.0,-127.5,2.5729473029142216e-07
52.5,-127.5,2.165246226225544e-07
55.0,-127.5,2.0074838210610086e-07
57.5,-127.5,2.0219500404671281e-07
60.0,-127.5,2.1934708814333644e-07
62.5,-127.5,2.5499140764936204e-07
65.0,-127.5,3.165217056992531e-07
67.5,-127.5,4.178118188449615e-07
70.0,-127.5,5.825444794307387e-07
72.5,-127.5,8.485517137094384e-07
75.0,-127.5,1.271277409372562e-06
77.5,-127.5,1.92196661041002e-06
80.0,-127.5,2.8745108094561284e-06
82.5,-127.5,4.17835028754382e-06
85.0,-127.5,5.826109281224568e-06
87.5,-127.5,7.736599925625435e-06
90.0,-127.5,9.770978711239846e-06
92.5,-127.5,1.1777684385135936e-05
95.0,-127.5,1.3639969635181766e-05
97.5,-127.5,1.5300601648976248e-05
100.0,-127.5,1.6758190800002535e-05
102.5,-127.5,1.8047016188655026e-05
105.0,-127.5,1.921515660345212e-05
107.5,-127.5,2.030908512933314e-05
110.0,-127.5,2.1365887134566128e-05
112.5,-127.5,2.2410907296465873e-05
115.0,-127.5,2.3458248587985427e-05
117.5,-127.5,2.451228691987482e-05
120.0,-127.5,2.556939627292552e-05
122.5,-127.5,2.661945626295101e-05
125.0,-127.5,2.7647151229032052e-05
127.5,-127.5,2.863316845008524e-05
130.0,-127.5,2.95553416162262e-05
132.5,-127.5,3.038983632996565e-05
135.0,-127.5,3.111245130325274e-05
137.5,-127.5,3.169995841613583e-05
140.0,-127.5,3.2131489359599536e-05
142.5,-127.5,3.238986252920206e-05
145.0,-127.5,3.2462714123056216e-05
147.5,-127.5,3.234341052430414e-05
150.0,-127.5,3.203153416306656e-05
152.5,-127.5,3.153297443751471e-05
155.0,-127.5,3.0859559311921475e-05
-142.5,-125.0,1.6459026766597921e-07
-140.0,-125.0,1.6161372759732408e-07
-137.5,-125.0,1.620528577001539e-07
-135.0,-125.0,1.6531172643873668e-07
-132.5,-125.0,1.7065031609074665e-07
-130.0,-125.0,1.7720082145364823e-07
-127.5,-125.0,1.8413965420566134e-07
-125.0,-125.0,1.9102396920661216e-07
-122.5,-125.0,1.9813139347127265e-07
-120.0,-125.0,2.0660960702545903e-07
-117.5,-125.0,2.1847895255448488e-07
-115.0,-125.0,2.3680271785082243e-07
-112.5,-125.0,2.6646291148392585e-07
-110.0,-125.0,3.1624965316018293e-07
-107.5,-125.0,4.041861755693824e-07
-105.0,-125.0,5.723124045850837e-07
-102.5,-125.0,9.320343042841032e-07
-100.0,-125.0,1.806107374930516e-06
-97.5,-125.0,4.080055869747203e-06
-95.0,-125.0,9.384663998241715e-06
-92.5,-125.0,1.779412043054511e-05
-90.0,-125.0,2.3260574565315425e-05
-87.5,-125.0,1.9406657653638192e-05
-85.0,-125.0,1.0993967366791732e-05
-82.5,-125.0,5.16833105786198e-06
-80.0,-125.0,2.5504835211590662e-06
-77.5,-125.0,1.5103458883014745e-06
-75.0,-125.0,1.1069647728772124e-06
-72.5,-125.0,1.001914593446318e-06
-70.0,-125.0,1.1186756820830605e-06
-67.5,-125.0,1.53510997214312e-06
-65.0,-125.0,2.48296091967362e-06
-62.5,-125.0,4.125267134972325e-06
-60.0,-125.0,5.553300731852824e-06
-57.5,-125.0,4.985052454729805e-06
-55.0,-125.0,3.075271737059149e-06
-52.5,-125.0,1.634876904734407e-06
-50.0,-125.0,9.230995748434737e-07
-47.5,-125.0,6.064278570633857e-07
-45.0,-125.0,4.7243226313800094e-07
-42.5,-125.0,4.3556669958286255e-07
-40.0,-125.0,4.7285938810589507e-07
-37.5,-125.0,5.959053677019104e-07
-35.0,-125.0,8.261355197637489e-07
-32.5,-125.0,1.0998504084427496e-06
-30.0,-125.0,1.149778859784322e-06
-27.5,-125.0,8.327619958251697e-07
-25.0,-125.0,4.562461223579897e-07
-22.5,-125.0,2.364873825883465e-07
-20.0,-125.0,1.3561466087158772e-07
-17.5,-125.0,8.873413988944546e-08
-15.0,-125.0,6.439801216260144e-08
-12.5,-125.0,5.006505410100695e-08
-10.0,-125.0,4.082294238203688e-08
-7.5,-125.0,3.484558962261627e-08
-5.0,-125.0,3.1556292749408994e-08
-2.5,-125.0,3.095713001132602e-08
0.0,-125.0,3.3729491561802694e-08
2.5,-125.0,4.2136335678879753e-08
5.0,-125.0,6.275299517138473e-08
7.5,-125.0,1.1417393969246217e-07
10.0,-125.0,2.2974762840811016e-07
12.5,-125.0,3.1935761251694197e-07
15.0,-125.0,2.0719229986870491e-07
17.5,-125.0,1.0192182992349145e-07
20.0,-125.0,6.15742856783635e-08
22.5,-125.0,4.83472771714192e-08
25.0,-125.0,4.754430707812933e-08
27.5,-125.0,5.792288899191571e-08
30.0,-125.0,8.98883682789137e-08
32.5,-125.0,1.8821826976559853e-07
35.0,-125.0,4.918993197351308e-07
37.5,-125.0,9.093299088033337e-07
40.0,-125.0,7.833033774336053e-07
42.5,-125.0,4.724221244897111e-07
45.0,-125.0,3.0099632867865e-07
47.5,-125.0,2.2135974935010617e-07
50.0,-125.0,1.848548053153158e-07
52.5,-125.0,1.712386295192619e-07
55.0,-125.0,1.7315164231259797e-07
57.5,-125.0,1.8929336403708913e-07
60.0,-125.0,2.225182615800752e-07
62.5,-125.0,2.802476532122831e-07
65.0,-125.0,3.7652984815411894e-07
67.5,-125.0,5.35663907666374e-07
70.0,-125.0,7.96842740093009e-07
72.5,-125.0,1.2174541945720175e-06
75.0,-125.0,1.8697189351293183e-06
77.5,-125.0,2.8239970521479456e-06
80.0,-125.0,4.117845311187309e-06
82.5,-125.0,5.7242195919569674e-06
85.0,-125.0,7.543021902968879e-06
87.5,-125.0,9.429691232395028e-06
90.0,-125.0,1.1246259432902334e-05
92.5,-125.0,1.29031335959481e-05
95.0,-125.0,1.4371364998585875e-05
97.5,-125.0,1.5669194104673546e-05
100.0,-125.0,1.6839050076952536e-05
102.5,-125.0,1.7928185680761126e-05
105.0,-125.0,1.8977364833209773e-05
107.5,-125.0,2.001643868663709e-05
110.0,-125.0,2.1063875304157217e-05
112.5,-125.0,2.2127991333691802e-05
115.0,-125.0,2.3208587189627242e-05
117.5,-125.0,2.4298415897810484e-05
120.0,-125.0,2.53844617471319e-05
122.5,-125.0,2.644899588672045e-05
125.0,-125.0,2.7470616159106165e-05
127.5,-125.0,2.8425318292276053e-05
130.0,-125.0,2.9287696570919326e-05
132.5,-125.0,3.0032241859176238e-05
135.0,-125.0,3.063478032953316e-05
137.5,-125.0,3.107392501480664e-05
140.0,-125.0,3.1332440692637226e-05
142.5,-125.0,3.139842225870368e-05
145.0,-125.0,3.126616362500327e-05
147.5,-125.0,3.093660109570597e-05
150.0,-125.0,3.0417299189350185e-05
152.5,-125.0,2.9721933652296764e-05
155.0,-125.0,2.8869371752165846e-05
-142.5,-122.5,1.651668534167469e-07
-140.0,-122.5,1.6002763060152375e-07
-137.5,-122.5,1.58579899009785e-07
-135.0,-122.5,1.6031829871800152e-07
-132.5,-122.5,1.6460138074599534e-07
-130.0,-122.5,1.7061314110413466e-07
-127.5,-122.5,1.7741300762941803e-07
-125.0,-122.5,1.8417620532765844e-07
-122.5,-122.5,1.9058134900396448e-07
-120.0,-122.5,1.9711948359441253e-07
-117.5,-122.5,2.0515378275304208e-07
-115.0,-122.5,2.1687862142662937e-07
-112.5,-122.5,2.3555647645773933e-07
-110.0,-122.5,2.6647273491328177e-07
-107.5,-122.5,3.1939927545569365e-07
-105.0,-122.5,4.14922492061443e-07
-102.5,-122.5,6.024328547583977e-07
-100.0,-122.5,1.016575425889601e-06
-97.5,-122.5,2.0546110242631663e-06
-95.0,-122.5,4.779663113263088e-06
-92.5,-122.5,1.0817500979714427e-05
-90.0,-122.5,1.8845262532960364e-05
-87.5,-122.5,2.1245995132187632e-05
-85.0,-122.5,1.4986234029031585e-05
-82.5,-122.5,7.5847933870135886e-06
-80.0,-122.5,3.5412720586972554e-06
-77.5,-122.5,1.8758771769627676e-06
-75.0,-122.5,1.2217664279424935e-06
-72.5,-122.5,9.887936579427802e-07
-70.0,-122.5,9.93828795568942e-07
-67.5,-122.5,1.2439265024267666e-06
-65.0,-122.5,1.9124585451300032e-06
-62.5,-122.5,3.3149570273823275e-06
-60.0,-122.5,5.247346827094146e-06
-57.5,-122.5,5.828026710590341e-06
-55.0,-122.5,4.117608120001099e-06
-52.5,-122.5,2.202191687736937e-06
-50.0,-122.5,1.1581773036772091e-06
-47.5,-122.5,6.959820093984145e-07
-45.0,-122.5,4.984851160514974e-07
-42.5,-122.5,4.2637743374060394e-07
-40.0,-122.5,4.3376111832372087e-07
-37.5,-122.5,5.218225084359079e-07
-35.0,-122.5,7.219018883934596e-07
-32.5,-122.5,1.0407655469064775e-06
-30.0,-122.5,1.2801606830205088e-06
-27.5,-122.5,1.0943537932149743e-06
-25.0,-122.5,6.409229705197151e-07
-22.5,-122.5,3.185190252206825e-07
-20.0,-122.5,1.6883998390153987e-07
-17.5,-122.5,1.0346458052516464e-07
-15.0,-122.5,7.158522737648403e-08
-12.5,-122.5,5.3305993064953605e-08
-10.0,-122.5,4.129535327075022e-08
-7.5,-122.5,3.30962481023833e-08
-5.0,-122.5,2.7947122752251934e-08
-2.5,-122.5,2.550098110151438e-08
0.0,-122.5,2.5768372790516e-08
2.5,-122.5,2.9799374442784032e-08
5.0,-122.5,4.1775833991002223e-08
7.5,-122.5,7.724397401399927e-08
10.0,-122.5,1.877584994522683e-07
12.5,-122.5,3.2770106068554583e-07
15.0,-122.5,2.0402221035324288e-07
17.5,-122.5,9.113645711635757e-08
20.0,-122.5,5.328128872133536e-08
22.5,-122.5,4.194978387145362e-08
25.0,-122.5,4.226629888806601e-08
27.5,-122.5,5.3975780003254905e-08
30.0,-122.5,9.059856311209354e-08
32.5,-122.5,2.076915392656328e-07
35.0,-122.5,4.92698267919848e-07
37.5,-122.5,6.137421947722215e-07
40.0,-122.5,4.156216410331946e-07
42.5,-122.5,2.620110014353105e-07
45.0,-122.5,1.8912969579778656e-07
47.5,-122.5,1.5656126956613024e-07
50.0,-122.5,1.4489422390188536e-07
52.5,-122.5,1.4717106549809493e-07
55.0,-122.5,1.6229125893873325e-07
57.5,-122.5,1.9316495158163932e-07
60.0,-122.5,2.472413545023366e-07
62.5,-122.5,3.3877759836094884e-07
65.0,-122.5,4.927949940492218e-07
67.5,-122.5,7.500307433709215e-07
70.0,-122.5,1.1698916311963874e-06
72.5,-122.5,1.8249538253385288e-06
75.0,-122.5,2.7799698977384713e-06
77.5,-122.5,4.057357380108189e-06
80.0,-122.5,5.608472549178022e-06
82.5,-122.5,7.3169530548595866e-06
85.0,-122.5,9.039798095727676e-06
87.5,-122.5,1.0660114293954932e-05
90.0,-122.5,1.2118325486312614e-05
92.5,-122.5,1.3411129825624766e-05
95.0,-122.5,1.4570898031291802e-05
97.5,-122.5,1.564306479767174e-05
100.0,-122.5,1.667083843945156e-05
102.5,-122.5,1.7688030526954287e-05
105.0,-122.5,1.871729871875898e-05
107.5,-122.5,1.977090176428237e-05
110.0,-122.5,2.0852203563297735e-05
112.5,-122.5,2.195714652248223e-05
115.0,-122.5,2.3075446282748985e-05
117.5,-122.5,2.41915771916088e-05
120.0,-122.5,2.5285670875883634e-05
122.5,-122.5,2.633441459052497e-05
125.0,-122.5,2.731212304623852e-05
127.5,-122.5,2.8191945952253443e-05
130.0,-122.5,2.8947263313618396e-05
132.5,-122.5,2.955319096414439e-05
135.0,-122.5,2.9988124495847237e-05
137.5,-122.5,3.0235135555097496e-05
140.0,-122.5,3.028318326760396e-05
142.5,-122.5,3.0127917091128514e-05
145.0,-122.5,2.9772023496410962e-05
147.5,-122.5,2.9225073686615754e-05
150.0,-122.5,2.8502855583830677e-05
152.5,-122.5,2.762626361356042e-05
155.0,-122.5,2.6619914607420317e-05
-142.5,-120.0,1.6665050425074793e-07
-140.0,-120.0,1.5930315721518834e-07
-137.5,-120.0,1.5582602154325764e-07
-135.0,-120.0,1.5581832057247545e-07
-132.5,-120.0,1.5874474824538885e-07
-130.0,-120.0,1.639052990027754e-07
-127.5,-120.0,1.7040270942385907e-07
-125.0,-120.0,1.7724187897393264e-07
-122.5,-120.0,1.8364243650431692e-07
-120.0,-120.0,1.8945082537340002e-07
-117.5,-120.0,1.9537894670109858e-07
-115.0,-120.0,2.029686995456229e-07
-112.5,-120.0,2.1454274757356757e-07
-110.0,-120.0,2.3354265809372511e-07
-107.5,-120.0,2.65672871524377e-07
-105.0,-120.0,3.2175349482856006e-07
-102.5,-120.0,4.2513884480628875e-07
-100.0,-120.0,6.33242602845074e-07
-97.5,-120.0,1.1059761480017393e-06
-95.0,-120.0,2.316974471781849e-06
-92.5,-120.0,5.461136138600766e-06
-90.0,-120.0,1.1826630694151613e-05
-87.5,-120.0,1.830675996415069e-05
-85.0,-120.0,1.7411796698260908e-05
-82.5,-120.0,1.0525674585382124e-05
-80.0,-120.0,5.015564657938143e-06
-77.5,-120.0,2.4468402048772087e-06
-75.0,-120.0,1.4211191642261554e-06
-72.5,-120.0,1.024316301796331e-06
-70.0,-120.0,9.208075919542282e-07
-67.5,-120.0,1.0372880437311196e-06
-65.0,-120.0,1.4680059382079666e-06
-62.5,-120.0,2.5085142972104965e-06
-60.0,-120.0,4.432761620215482e-06
-57.5,-120.0,6.119419973958227e-06
-55.0,-120.0,5.276350022236385e-06
-52.5,-120.0,3.0189637911688817e-06
-50.0,-120.0,1.513774441662532e-06
-47.5,-120.0,8.318383935459504e-07
-45.0,-120.0,5.439420700344151e-07
-42.5,-120.0,4.2807007100163264e-07
-40.0,-120.0,4.0360759535938847e-07
-37.5,-120.0,4.54317584242531e-07
-35.0,-120.0,6.035775582298776e-07
-32.5,-120.0,8.914685899094258e-07
-30.0,-120.0,1.2386403154250084e-06
-27.5,-120.0,1.266590432704992e-06
-25.0,-120.0,8.396430531515562e-07
-22.5,-120.0,4.190630299030541e-07
-20.0,-120.0,2.087527566459484e-07
-17.5,-120.0,1.209136262588691e-07
-15.0,-120.0,8.106863117022629e-08
-12.5,-120.0,5.9137560819585746e-08
-10.0,-120.0,4.4370818499973706e-08
-7.5,-120.0,3.367046152151852e-08
-5.0,-120.0,2.6520866501379908e-08
-2.5,-120.0,2.2474993278271968e-08
0.0,-120.0,2.0941128196846665e-08
2.5,-120.0,2.1875891447438684e-08
5.0,-120.0,2.699191745212002e-08
7.5,-120.0,4.4785839415922366e-08
10.0,-120.0,1.2095695532079018e-07
12.5,-120.0,3.2540519465605104e-07
15.0,-120.0,2.0510328083569013e-07
17.5,-120.0,8.112009217823948e-08
20.0,-120.0,4.5593020970855515e-08
22.5,-120.0,3.599374533299827e-08
25.0,-120.0,3.7340736746732664e-08
27.5,-120.0,5.0551062954766605e-08
30.0,-120.0,9.318576366100128e-08
32.5,-120.0,2.2494403145037712e-07
35.0,-120.0,4.0970850243089307e-07
37.5,-120.0,3.5195135783494766e-07
40.0,-120.0,2.2634648576158645e-07
42.5,-120.0,1.6038238882314605e-07
45.0,-120.0,1.3143139914930157e-07
47.5,-120.0,1.2150840690960676e-07
50.0,-120.0,1.2405700953509773e-07
52.5,-120.0,1.3815906244250912e-07
55.0,-120.0,1.6677100206556934e-07
57.5,-120.0,2.1737891911667876e-07
60.0,-120.0,3.0450413390854656e-07
62.5,-120.0,4.540391203544933e-07
65.0,-120.0,7.084979780251422e-07
67.5,-120.0,1.1293291213186676e-06
70.0,-120.0,1.7884688389024847e-06
72.5,-120.0,2.742258258210994e-06
75.0,-120.0,3.994344716999955e-06
77.5,-120.0,5.473657408944303e-06
80.0,-120.0,7.052618148320905e-06
82.5,-120.0,8.598619139874524e-06
85.0,-120.0,1.0022338935523161e-05
87.5,-120.0,1.1294419935317103e-05
90.0,-120.0,1.2432333850133213e-05
92.5,-120.0,1.3476502693484579e-05
95.0,-120.0,1.4470882155431642e-05
97.5,-120.0,1.5452451826522645e-05
100.0,-120.0,1.6447681575773353e-05
102.5,-120.0,1.747259503356505e-05
105.0,-120.0,1.8534101363200594e-05
107.5,-120.0,1.963144414920874e-05
110.0,-120.0,2.075736839916407e-05
112.5,-120.0,2.189902514182527e-05
115.0,-120.0,2.303870171223634e-05
117.5,-120.0,2.4154573668182835e-05
120.0,-120.0,2.5221576781519974e-05
122.5,-120.0,2.6212453299130537e-05
125.0,-120.0,2.709906884317025e-05
127.5,-120.0,2.7853895790969233e-05
130.0,-120.0,2.8451620004106702e-05
132.5,-120.0,2.8870747709277868e-05
135.0,-120.0,2.9095088506180353e-05
137.5,-120.0,2.9114883561326523e-05
140.0,-120.0,2.892757414133446e-05
142.5,-120.0,2.8537990371024215e-05
145.0,-120.0,2.7958021063927338e-05
147.5,-120.0,2.720575476842263e-05
150.0,-120.0,2.6304192279692393e-05
152.5,-120.0,2.5279678896946147e-05
155.0,-120.0,2.4160254321354956e-05
-142.5,-117.5,1.688981443493145e-07
-140.0,-117.5,1.594259420749717e-07
-137.5,-117.5,1.538616326339698e-07
-135.0,-117.5,1.519569804566153e-07
-132.5,-117.5,1.5328203112442127e-07
-130.0,-117.5,1.5726084882289383e-07
-127.5,-117.5,1.6312327310692368e-07
-125.0,-117.5,1.6989508907186768e-07
-122.5,-117.5,1.765607130047081e-07
-120.0,-117.5,1.8243856567938495e-07
-117.5,-117.5,1.875767773274059e-07
-115.0,-117.5,1.928885012347588e-07
-112.5,-117.5,2.000395164483477e-07
-110.0,-117.5,2.1143737972993767e-07
-107.5,-117.5,2.3069270299562578e-07
-105.0,-117.5,2.63947053366065e-07
-102.5,-117.5,3.2311593637204104e-07
-100.0,-117.5,4.344542931332582e-07
-97.5,-117.5,6.637796394375245e-07
-95.0,-117.5,1.1966284982835711e-06
-92.5,-117.5,2.573645626621089e-06
-90.0,-117.5,6.01601728338428e-06
-87.5,-117.5,1.2066492632370907e-05
-85.0,-117.5,1.6075064781244162e-05
-82.5,-117.5,1.2815030893496595e-05
-80.0,-117.5,6.901902379995748e-06
-77.5,-117.5,3.2870429205497204e-06
-75.0,-117.5,1.7342312269250286e-06
-72.5,-117.5,1.1148938676072847e-06
-70.0,-117.5,8.932388226395345e-07
-67.5,-117.5,8.986359275396061e-07
-65.0,-117.5,1.1464291990681015e-06
-62.5,-117.5,1.8406975385716242e-06
-60.0,-117.5,3.396408360693805e-06
-57.5,-117.5,5.641775819414786e-06
-55.0,-117.5,6.196579827076708e-06
-52.5,-117.5,4.093681306310521e-06
-50.0,-117.5,2.0455990589366703e-06
-47.5,-117.5,1.0373517187059276e-06
-45.0,-117.5,6.16871199630501e-07
-42.5,-117.5,4.438732815546378e-07
-40.0,-117.5,3.8513482367746064e-07
-37.5,-117.5,4.009159427417153e-07
-35.0,-117.5,4.987119572556732e-07
-32.5,-117.5,7.197376713798294e-07
-30.0,-117.5,1.0695879288240736e-06
-27.5,-117.5,1.2821953212433914e-06
-25.0,-117.5,9.922656778461318e-07
-22.5,-117.5,5.18406621189308e-07
-20.0,-117.5,2.4631897086810297e-07
-17.5,-117.5,1.3525912148255893e-07
-15.0,-117.5,8.89906197822963e-08
-12.5,-117.5,6.540705850381571e-08
-10.0,-117.5,4.917476880419726e-08
-7.5,-117.5,3.6112888481214225e-08
-5.0,-117.5,2.6743214756992612e-08
-2.5,-117.5,2.12373290442994e-08
0.0,-117.5,1.85344752779706e-08
2.5,-117.5,1.7624520319443458e-08
5.0,-117.5,1.849702347663483e-08
7.5,-117.5,2.428446959820034e-08
10.0,-117.5,5.701025365185772e-08
12.5,-117.5,2.730178353501908e-07
15.0,-117.5,2.133601719122283e-07
17.5,-117.5,7.211719405774589e-08
20.0,-117.5,3.853911569725243e-08
22.5,-117.5,3.0482772754594994e-08
25.0,-117.5,3.2793654529071745e-08
27.5,-117.5,4.783202074104715e-08
30.0,-117.5,9.794912356490889e-08
32.5,-117.5,2.2376782038192634e-07
35.0,-117.5,2.753254631898517e-07
37.5,-117.5,1.9303159982559418e-07
40.0,-117.5,1.3487959830888904e-07
42.5,-117.5,1.0924936216392612e-07
45.0,-117.5,1.0087109628049219e-07
47.5,-117.5,1.0360948709469381e-07
50.0,-117.5,1.1671050452472823e-07
52.5,-117.5,1.4317145829098305e-07
55.0,-117.5,1.9053604542379563e-07
57.5,-117.5,2.7367592371271203e-07
60.0,-117.5,4.195633921983027e-07
62.5,-117.5,6.727817840429627e-07
65.0,-117.5,1.096726417498349e-06
67.5,-117.5,1.7611132145875256e-06
70.0,-117.5,2.7101530104759587e-06
72.5,-117.5,3.9250527230003156e-06
75.0,-117.5,5.313493328628602e-06
77.5,-117.5,6.744570625753008e-06
80.0,-117.5,8.105615835684598e-06
82.5,-117.5,9.339068486091986e-06
85.0,-117.5,1.0442839960223523e-05
87.5,-117.5,1.1448665926362387e-05
90.0,-117.5,1.2399139460423952e-05
92.5,-117.5,1.3333346232421015e-05
95.0,-117.5,1.4280995653832424e-05
97.5,-117.5,1.526154053056851e-05
100.0,-117.5,1.628524381082228e-05
102.5,-117.5,1.7354606366915538e-05
105.0,-117.5,1.8465523750938483e-05
107.5,-117.5,1.960811048897321e-05
110.0,-117.5,2.076731741822765e-05
112.5,-117.5,2.1923473810689095e-05
115.0,-117.5,2.3052959673431836e-05
117.5,-117.5,2.4129046179933425e-05
120.0,-117.5,2.5123050851086915e-05
122.5,-117.5,2.6005718959988277e-05
125.0,-117.5,2.6748848381112566e-05
127.5,-117.5,2.732701930006831e-05
130.0,-117.5,2.7719248127122303e-05
132.5,-117.5,2.79105100403075e-05
135.0,-117.5,2.7892800598985568e-05
137.5,-117.5,2.7665775982267755e-05
140.0,-117.5,2.7236766461753262e-05
142.5,-117.5,2.662023864569998e-05
145.0,-117.5,2.5836692092602007e-05
147.5,-117.5,2.4911198938568038e-05
150.0,-117.5,2.3871684196828993e-05
152.5,-117.5,2.2747178324883777e-05
155.0,-117.5,2.1566184056050738e-05
-142.5,-115.0,1.7162935122907618e-07
-140.0,-115.0,1.6030279980654645e-07
-137.5,-115.0,1.5269995200929033e-07
-135.0,-115.0,1.48829076653785e-07
-132.5,-115.0,1.4839030354122637e-07
-130.0,-115.0,1.509204959167392e-07
-127.5,-115.0,1.557894749085515e-07
-125.0,-115.0,1.6215053410574477e-07
-122.5,-115.0,1.6897105584633062e-07
-120.0,-115.0,1.7526501352576955e-07
-117.5,-115.0,1.8050400353376136e-07
-115.0,-115.0,1.849477493444622e-07
-112.5,-115.0,1.896627112124194e-07
-110.0,-115.0,1.9637587429320115e-07
-107.5,-115.0,2.075481016767603e-07
-105.0,-115.0,2.2696298207215218e-07
-102.5,-115.0,2.612170998887975e-07
-100.0,-115.0,3.233438621622934e-07
-97.5,-115.0,4.4254377083638485e-07
-95.0,-115.0,6.930219434457777e-07
-92.5,-115.0,1.2839037585484028e-06
-90.0,-115.0,2.798335908705023e-06
-87.5,-115.0,6.320992133643064e-06
-85.0,-115.0,1.1343152982674193e-05
-82.5,-115.0,1.2707463599562418e-05
-80.0,-115.0,8.63825224916349e-06
-77.5,-115.0,4.3885819191559014e-06
-75.0,-115.0,2.1924634729284013e-06
-72.5,-115.0,1.2721088150324468e-06
-70.0,-115.0,9.089200695658578e-07
-67.5,-115.0,8.136717294940608e-07
-65.0,-115.0,9.248403373550341e-07
-62.5,-115.0,1.348569028187809e-06
-60.0,-115.0,2.431790217277045e-06
-57.5,-115.0,4.557845916138565e-06
-55.0,-115.0,6.403252247588817e-06
-52.5,-115.0,5.260485388642664e-06
-50.0,-115.0,2.8026415097924618e-06
-47.5,-115.0,1.3443421680715026e-06
-45.0,-115.0,7.281821820816198e-07
-42.5,-115.0,4.77134439951876e-07
-40.0,-115.0,3.792132432146991e-07
-37.5,-115.0,3.6267461966850363e-07
-35.0,-115.0,4.161061965860292e-07
-32.5,-115.0,5.669547594945738e-07
-30.0,-115.0,8.551749551419605e-07
-27.5,-115.0,1.1604953510064958e-06
-25.0,-115.0,1.0627494839496762e-06
-22.5,-115.0,6.017038977966774e-07
-20.0,-115.0,2.7503682404850314e-07
-17.5,-115.0,1.4151550247450455e-07
-15.0,-115.0,9.086385856329303e-08
-12.5,-115.0,6.836794811663648e-08
-10.0,-115.0,5.3487021361978886e-08
-7.5,-115.0,3.9270964262244176e-08
-5.0,-115.0,2.757191208754267e-08
-2.5,-115.0,2.0722092366707544e-08
0.0,-115.0,1.7619866820431367e-08
2.5,-115.0,1.6217448092206524e-08
5.0,-115.0,1.4917185477129305e-08
7.5,-115.0,1.4640524406132566e-08
10.0,-115.0,2.367678821145029e-08
12.5,-115.0,1.689649641853619e-07
15.0,-115.0,2.3671658289824893e-07
17.5,-115.0,6.45528407245918e-08
20.0,-115.0,3.215446574364523e-08
22.5,-115.0,2.542575965406778e-08
25.0,-115.0,2.8680963098492517e-08
27.5,-115.0,4.6167288710478813e-08
30.0,-115.0,1.0380160243869936e-07
32.5,-115.0,1.8730791585548383e-07
35.0,-115.0,1.604948579284646e-07
37.5,-115.0,1.1236632360132727e-07
40.0,-115.0,8.980055290087241e-08
42.5,-115.0,8.277195890500341e-08
45.0,-115.0,8.562743054211473e-08
47.5,-115.0,9.775765855134143e-08
50.0,-115.0,1.222004194563744e-07
52.5,-115.0,1.66595335868721e-07
55.0,-115.0,2.462948206168986e-07
57.5,-115.0,3.89647221867901e-07
60.0,-115.0,6.436618616406386e-07
62.5,-115.0,1.0733407896482462e-06
65.0,-115.0,1.743687854927053e-06
67.5,-115.0,2.6820233676812267e-06
70.0,-115.0,3.844142410794508e-06
72.5,-115.0,5.120840394321611e-06
75.0,-115.0,6.388556513054762e-06
77.5,-115.0,7.56325886832385e-06
80.0,-115.0,8.61971836579279e-06
82.5,-115.0,9.577149875174212e-06
85.0,-115.0,1.0474351216288996e-05
87.5,-115.0,1.13512028955076e-05
90.0,-115.0,1.2239918118361308e-05
92.5,-115.0,1.316289307716121e-05
95.0,-115.0,1.4133408856351481e-05
97.5,-115.0,1.515700897982696e-05
100.0,-115.0,1.6232682196503596e-05
102.5,-115.0,1.73536401443851e-05
105.0,-115.0,1.850781506756747e-05
107.5,-115.0,1.9678221435527494e-05
110.0,-115.0,2.0843401242772857e-05
112.5,-115.0,2.1978029719590137e-05
115.0,-115.0,2.305383457794236e-05
117.5,-115.0,2.4040831839175863e-05
120.0,-115.0,2.490885812125041e-05
122.5,-115.0,2.5629331105085835e-05
125.0,-115.0,2.6177079468274263e-05
127.5,-115.0,2.6532085354475406e-05
130.0,-115.0,2.668094739878556e-05
132.5,-115.0,2.6617873336549965e-05
135.0,-115.0,2.6345151041415736e-05
137.5,-115.0,2.587291402927357e-05
140.0,-115.0,2.5218358355671023e-05
142.5,-115.0,2.4404423317889638e-05
145.0,-115.0,2.3458107508612318e-05
147.5,-115.0,2.2408638976959295e-05
150.0,-115.0,2.1285664503403004e-05
152.5,-115.0,2.0117649202510012e-05
155.0,-115.0,1.8930591414874756e-05
-142.5,-112.5,1.743878489492769e-07
-140.0,-112.5,1.6173966278243102e-07
-137.5,-112.5,1.522933671146099e-07
-135.0,-112.5,1.4647637665720416e-07
-132.5,-112.5,1.4419165023368718e-07
-130.0,-112.5,1.4509573221112926e-07
-127.5,-112.5,1.4868164941505396e-07
-125.0,-112.5,1.5425177234307067e-07
-122.5,-112.5,1.6088621402024074e-07
-120.0,-112.5,1.675304859820887e-07
-117.5,-112.5,1.7328972278554347e-07
-115.0,-112.5,1.778305234473204e-07
-112.5,-112.5,1.8160199206482725e-07
-110.0,-112.5,1.8575307905570137e-07
-107.5,-112.5,1.9201460368600135e-07
-105.0,-112.5,2.028897112964534e-07
-102.5,-112.5,2.2235341886723287e-07
-100.0,-112.5,2.5747354138681477e-07
-97.5,-112.5,3.224002819544714e-07
-95.0,-112.5,4.4923975098580184e-07
-92.5,-112.5,7.201252508839308e-07
-90.0,-112.5,1.3628966136710445e-06
-87.5,-112.5,2.962758474189538e-06
-85.0,-112.5,6.282406504342427e-06
-82.5,-112.5,9.771490636139206e-06
-80.0,-112.5,9.151750047303852e-06
-77.5,-112.5,5.528580866198783e-06
-75.0,-112.5,2.8035295822189714e-06
-72.5,-112.5,1.5106128924466008e-06
-70.0,-112.5,9.699683087382625e-07
-67.5,-112.5,7.727616283658346e-07
-65.0,-112.5,7.785578387442259e-07
-62.5,-112.5,1.01057741334914e-06
-60.0,-112.5,1.6889715342480353e-06
-57.5,-112.5,3.29907339632088e-06
-55.0,-112.5,5.6889021921222186e-06
-52.5,-112.5,6.0967740942462495e-06
-50.0,-112.5,3.763520363205826e-06
-47.5,-112.5,1.7877346187271054e-06
-45.0,-112.5,8.920648644285118e-07
-42.5,-112.5,5.320317401948325e-07
-40.0,-112.5,3.86397223730845e-07
-37.5,-112.5,3.3843069452348227e-07
-35.0,-112.5,3.5517768078236525e-07
-32.5,-112.5,4.4621681028161675e-07
-30.0,-112.5,6.519643800141196e-07
-27.5,-112.5,9.586117218025168e-07
-25.0,-112.5,1.04554771108556e-06
-22.5,-112.5,6.690842669473799e-07
-20.0,-112.5,2.9814460733033536e-07
-17.5,-112.5,1.4060984568650065e-07
-15.0,-112.5,8.593757612912577e-08
-12.5,-112.5,6.566881423862601e-08
-10.0,-112.5,5.488902621607805e-08
-7.5,-112.5,4.190787514068467e-08
-5.0,-112.5,2.7795310353567515e-08
-2.5,-112.5,1.9300405944734592e-08
0.0,-112.5,1.633197657890167e-08
2.5,-112.5,1.652308279717758e-08
5.0,-112.5,1.5955164926583614e-08
7.5,-112.5,1.253032959661079e-08
10.0,-112.5,1.3426409789654315e-08
12.5,-112.5,1.295492903440327e-07
15.0,-112.5,3.026491042577198e-07
17.5,-112.5,5.9316374444897524e-08
20.0,-112.5,2.6501518505689502e-08
22.5,-112.5,2.084920340657763e-08
25.0,-112.5,2.513308045402282e-08
27.5,-112.5,4.624895691774244e-08
30.0,-112.5,1.0507773746338188e-07
32.5,-112.5,1.2668796151974515e-07
35.0,-112.5,9.257718635110168e-08
37.5,-112.5,7.287910762377072e-08
40.0,-112.5,6.700400162832185e-08
42.5,-112.5,6.991180633008102e-08
45.0,-112.5,8.111404049739645e-08
47.5,-112.5,1.0369614087552761e-07
50.0,-112.5,1.4545766471606135e-07
52.5,-112.5,2.2243107306261592e-07
55.0,-112.5,3.647637626427771e-07
57.5,-112.5,6.223007606803977e-07
60.0,-112.5,1.0608115740944759e-06
62.5,-112.5,1.7367070288819537e-06
65.0,-112.5,2.654726297999792e-06
67.5,-112.5,3.7443802212619325e-06
70.0,-112.5,4.888297328201143e-06
72.5,-112.5,5.98268605505454e-06
75.0,-112.5,6.9777984240799935e-06
77.5,-112.5,7.87685929703998e-06
80.0,-112.5,8.71229317829088e-06
82.5,-112.5,9.523298004370755e-06
85.0,-112.5,1.0343736218320727e-05
87.5,-112.5,1.1198341053828811e-05
90.0,-112.5,1.2102927814522955e-05
92.5,-112.5,1.3065736379296634e-05
95.0,-112.5,1.4088626993864964e-05
97.5,-112.5,1.5167865151106663e-05
100.0,-112.5,1.629450808880723e-05
102.5,-112.5,1.7454621831563745e-05
105.0,-112.5,1.8629485087660643e-05
107.5,-112.5,1.979594261029942e-05
110.0,-112.5,2.0927058234117193e-05
112.5,-112.5,2.1993123301475754e-05
115.0,-112.5,2.2963023401114895e-05
117.5,-112.5,2.3805935727508268e-05
120.0,-112.5,2.4493242024672212e-05
122.5,-112.5,2.5000449342403856e-05
125.0,-112.5,2.530896496286664e-05
127.5,-112.5,2.540750125360759e-05
130.0,-112.5,2.529293462934661e-05
132.5,-112.5,2.4970520988853915e-05
135.0,-112.5,2.445341567262646e-05
137.5,-112.5,2.3761611665867473e-05
140.0,-112.5,2.2920363566881235e-05
142.5,-112.5,2.195834081843598e-05
145.0,-112.5,2.0905693928250386e-05
147.5,-112.5,1.9792228949660045e-05
150.0,-112.5,1.8645884335877187e-05
152.5,-112.5,1.7491580987274653e-05
155.0,-112.5,1.6350483150445976e-05
-142.5,-110.0,1.7652389669291707e-07
-140.0,-110.0,1.6341091826105992e-07
-137.5,-110.0,1.5252205869787518e-07
-135.0,-110.0,1.4489277447753566e-07
-132.5,-110.0,1.4075626801435778e-07
-130.0,-110.0,1.3993631855852263e-07
-127.5,-110.0,1.4204437070212958e-07
-125.0,-110.0,1.4651467583435554e-07
-122.5,-110.0,1.5257301185736025e-07
-120.0,-110.0,1.5924467968862116e-07
-117.5,-110.0,1.6550813619757583e-07
-115.0,-110.0,1.7062397775541705e-07
-112.5,-110.0,1.7446999758529541e-07
-110.0,-110.0,1.776270767919807e-07
-107.5,-110.0,1.8124576344030895e-07
-105.0,-110.0,1.8702190511571997e-07
-102.5,-110.0,1.9751571037796144e-07
-100.0,-110.0,2.1692540768804406e-07
-97.5,-110.0,2.528041435115903e-07
-95.0,-110.0,3.2040443630565537e-07
-92.5,-110.0,4.546421690276112e-07
-90.0,-110.0,7.447228105827617e-07
-87.5,-110.0,1.4295328968460815e-06
-85.0,-110.0,3.0440345130830365e-06
-82.5,-110.0,5.883772462131367e-06
-80.0,-110.0,7.756229374871063e-06
-77.5,-110.0,6.175744184944163e-06
-75.0,-110.0,3.494560027549956e-06
-72.5,-110.0,1.8400308638043012e-06
-70.0,-110.0,1.0823361370716902e-06
-67.5,-110.0,7.712538763203689e-07
-65.0,-110.0,6.883666745264726e-07
-62.5,-110.0,7.880257697596764e-07
-60.0,-110.0,1.1790930532214495e-06
-57.5,-110.0,2.2277699420412836e-06
-55.0,-110.0,4.369138881634854e-06
-52.5,-110.0,6.119338094817388e-06
-50.0,-110.0,4.734908167398359e-06
-47.5,-110.0,2.3832037209041605e-06
-45.0,-110.0,1.123853610842223e-06
-42.5,-110.0,6.134638979420376e-07
-40.0,-110.0,4.0746185894269546e-07
-37.5,-110.0,3.2681472248883926e-07
-35.0,-110.0,3.127151101683956e-07
-32.5,-110.0,3.568614680938577e-07
-30.0,-110.0,4.852130260901176e-07
-27.5,-110.0,7.314677235381677e-07
-25.0,-110.0,9.417396126876649e-07
-22.5,-110.0,7.203947534217479e-07
-20.0,-110.0,3.2438223946917776e-07
-17.5,-110.0,1.3727423579738673e-07
-15.0,-110.0,7.709836657715394e-08
-12.5,-110.0,5.8207296392611816e-08
-10.0,-110.0,5.248058107307952e-08
-7.5,-110.0,4.4460805146043175e-08
-5.0,-110.0,2.824238927802132e-08
-2.5,-110.0,1.6908401449969813e-08
0.0,-110.0,1.334910577899866e-08
2.5,-110.0,1.5237250626303268e-08
5.0,-110.0,2.294132804310209e-08
7.5,-110.0,2.619321689241197e-08
10.0,-110.0,3.522832276272672e-08
12.5,-110.0,6.611783816344186e-07
15.0,-110.0,5.092150357589622e-07
17.5,-110.0,5.8890557494996256e-08
20.0,-110.0,2.17467406745652e-08
22.5,-110.0,1.683697105440923e-08
25.0,-110.0,2.2505206459716327e-08
27.5,-110.0,4.932077710589064e-08
30.0,-110.0,9.052391947994736e-08
32.5,-110.0,7.527921691588721e-08
35.0,-110.0,5.830264535585066e-08
37.5,-110.0,5.336816556064801e-08
40.0,-110.0,5.626895430123539e-08
42.5,-110.0,6.659909981499774e-08
45.0,-110.0,8.750906586476781e-08
47.5,-110.0,1.270637806086021e-07
50.0,-110.0,2.0228492240786682e-07
52.5,-110.0,3.457305990916299e-07
55.0,-110.0,6.104749608687557e-07
57.5,-110.0,1.061214964637705e-06
60.0,-110.0,1.7398774960624475e-06
62.5,-110.0,2.6227685703734e-06
65.0,-110.0,3.6165872744681937e-06
67.5,-110.0,4.609406052873267e-06
70.0,-110.0,5.5288263513898705e-06
72.5,-110.0,6.359671908325702e-06
75.0,-110.0,7.125575347248643e-06
77.5,-110.0,7.863564779696212e-06
80.0,-110.0,8.608222361444805e-06
82.5,-110.0,9.385926765860573e-06
85.0,-110.0,1.0214456081054456e-05
87.5,-110.0,1.1104256692958245e-05
90.0,-110.0,1.205971526174713e-05
92.5,-110.0,1.3079937133898307e-05
95.0,-110.0,1.4159090661593555e-05
97.5,-110.0,1.52864693089265e-05
100.0,-110.0,1.6446491444689307e-05
102.5,-110.0,1.7618796895729902e-05
105.0,-110.0,1.877861743822087e-05
107.5,-110.0,1.9897487595695e-05
110.0,-110.0,2.0944390460266497e-05
112.5,-110.0,2.1887303002312344e-05
115.0,-110.0,2.2695049258003694e-05
117.5,-110.0,2.3339372883684235e-05
120.0,-110.0,2.379692903152578e-05
122.5,-110.0,2.4051056354011288e-05
125.0,-110.0,2.409305932331825e-05
127.5,-110.0,2.392287797177545e-05
130.0,-110.0,2.3548999917833245e-05
132.5,-110.0,2.2987713999848803e-05
135.0,-110.0,2.226172862616796e-05
137.5,-110.0,2.1398367611085643e-05
140.0,-110.0,2.042758720548026e-05
142.5,-110.0,1.9379974189933274e-05
145.0,-110.0,1.8284981889298712e-05
147.5,-110.0,1.716952068315817e-05
150.0,-110.0,1.605697200520877e-05
152.5,-110.0,1.4966640875556419e-05
155.0,-110.0,1.3913627239340952e-05
-142.5,-107.5,1.772444674966662e-07
-140.0,-107.5,1.6483447357476175e-07
-137.5,-107.5,1.531700851247768e-07
-135.0,-107.5,1.440209921190399e-07
-132.5,-107.5,1.3811534545053777e-07
-130.0,-107.5,1.3553927977305443e-07
-127.5,-107.5,1.3605208458489565e-07
-125.0,-107.5,1.3921050776616102e-07
-122.5,-107.5,1.4437340267943236e-07
-120.0,-107.5,1.506898661153372e-07
-117.5,-107.5,1.5716766084998065e-07
-115.0,-107.5,1.6288802414465753e-07
-112.5,-107.5,1.6732068076764004e-07
-110.0,-107.5,1.7053381060633272e-07
-107.5,-107.5,1.7315356744041826e-07
-105.0,-107.5,1.7625623698618394e-07
-102.5,-107.5,1.814939199670735e-07
-100.0,-107.5,1.9152548807342226e-07
-97.5,-107.5,2.1081427950725757e-07
-95.0,-107.5,2.474130781685334e-07
-92.5,-107.5,3.176702594460467e-07
-90.0,-107.5,4.5922204675665407e-07
-87.5,-107.5,7.672367726174639e-07
-85.0,-107.5,1.481749499168085e-06
-82.5,-107.5,3.0319120087348363e-06
-80.0,-107.5,5.202529930670765e-06
-77.5,-107.5,5.7712263586110225e-06
-75.0,-107.5,4.045883098117007e-06
-72.5,-107.5,2.2450128144307656e-06
-70.0,-107.5,1.2538332647942286e-06
-67.5,-107.5,8.09247021119949e-07
-65.0,-107.5,6.419512498450647e-07
-62.5,-107.5,6.46609726726508e-07
-60.0,-107.5,8.506080442729353e-07
-57.5,-107.5,1.4698279412886361e-06
-55.0,-107.5,2.999393396398248e-06
-52.5,-107.5,5.237009004975902e-06
-50.0,-107.5,5.335030694570912e-06
-47.5,-107.5,3.0819853919024267e-06
-45.0,-107.5,1.4327599795091348e-06
-42.5,-107.5,7.256981013934698e-07
-40.0,-107.5,4.431507455627932e-07
-37.5,-107.5,3.267744512219378e-07
-35.0,-107.5,2.855638296094339e-07
-32.5,-107.5,2.938976170189064e-07
-30.0,-107.5,3.6066322573366447e-07
-27.5,-107.5,5.232902006825914e-07
-25.0,-107.5,7.63250537696208e-07
-22.5,-107.5,7.385922420182047e-07
-20.0,-107.5,3.6192559787901673e-07
-17.5,-107.5,1.361290665355671e-07
-15.0,-107.5,6.744534031293599e-08
-12.5,-107.5,4.830529124293202e-08
-10.0,-107.5,4.594926489514247e-08
-7.5,-107.5,4.7291605188414155e-08
-5.0,-107.5,3.286151848544975e-08
-2.5,-107.5,1.5964530426235294e-08
0.0,-107.5,1.079127592679685e-08
2.5,-107.5,1.2676199509395767e-08
5.0,-107.5,2.9795778113183067e-08
7.5,-107.5,1.185332686302007e-07
10.0,-107.5,7.7622886024143e-07
12.5,-107.5,4.543445991445123e-06
15.0,-107.5,1.352114306842843e-06
17.5,-107.5,7.39609839016053e-08
20.0,-107.5,1.8516672656469223e-08
22.5,-107.5,1.3701316279392209e-08
25.0,-107.5,2.206243891937562e-08
27.5,-107.5,5.523476606922114e-08
30.0,-107.5,6.047400484995138e-08
32.5,-107.5,4.594530836388401e-08
35.0,-107.5,4.1680108278462996e-08
37.5,-107.5,4.4515528074831974e-08
40.0,-107.5,5.404483055758968e-08
42.5,-107.5,7.351677458688195e-08
45.0,-107.5,1.1143718802622189e-07
47.5,-107.5,1.8631358811954647e-07
50.0,-107.5,3.340030207086987e-07
52.5,-107.5,6.109504875389733e-07
55.0,-107.5,1.0769629610764962e-06
57.5,-107.5,1.7510483218403461e-06
60.0,-107.5,2.577303340485005e-06
62.5,-107.5,3.4502921626278166e-06
65.0,-107.5,4.280551761408271e-06
67.5,-107.5,5.033869189183663e-06
70.0,-107.5,5.723268256481397e-06
72.5,-107.5,6.3823137714856785e-06
75.0,-107.5,7.045418910704532e-06
77.5,-107.5,7.739874847901567e-06
80.0,-107.5,8.484758826005897e-06
82.5,-107.5,9.292158299411997e-06
85.0,-107.5,1.0168514813613133e-05
87.5,-107.5,1.1115445049881057e-05
90.0,-107.5,1.2130047939133399e-05
92.5,-107.5,1.3204851022889206e-05
95.0,-107.5,1.4327635002219347e-05
97.5,-107.5,1.5481288689118492e-05
100.0,-107.5,1.664388974900827e-05
102.5,-107.5,1.778910725746495e-05
105.0,-107.5,1.888704346730143e-05
107.5,-107.5,1.9905548040289697e-05
110.0,-107.5,2.0811953511743193e-05
112.5,-107.5,2.1575116469638373e-05
115.0,-107.5,2.216759262486084e-05
117.5,-107.5,2.256769920584489e-05
120.0,-107.5,2.2761203815019615e-05
122.5,-107.5,2.274245544214291e-05
125.0,-107.5,2.251476340025997e-05
127.5,-107.5,2.209002219090116e-05
130.0,-107.5,2.1487603579311713e-05
132.5,-107.5,2.0732705777453327e-05
135.0,-107.5,1.9854347808325787e-05
137.5,-107.5,1.8883264149738468e-05
140.0,-107.5,1.7849935471215273e-05
142.5,-107.5,1.6782909496911346e-05
145.0,-107.5,1.5707569026088287e-05
147.5,-107.5,1.4645347829804816e-05
150.0,-107.5,1.361339759707522e-05
152.5,-107.5,1.262462588232165e-05
155.0,-107.5,1.1688014949812696e-05
-142.5,-105.0,1.7577614099908069e-07
-140.0,-105.0,1.6538706189582068e-07
-137.5,-105.0,1.5389771199405418e-07
-135.0,-105.0,1.4373400586753287e-07
-132.5,-105.0,1.3626349338432553e-07
-130.0,-105.0,1.31968614759842e-07
-127.5,-105.0,1.30824959905327e-07
-125.0,-105.0,1.3253120272233954e-07
-122.5,-105.0,1.3657315489689737e-07
-120.0,-105.0,1.4221988901151388e-07
-117.5,-105.0,1.4855790674348476e-07
-115.0,-105.0,1.546353011999493e-07
-112.5,-105.0,1.597125217291909e-07
-110.0,-105.0,1.634963985891926e-07
-107.5,-105.0,1.661840094374917e-07
-105.0,-105.0,1.683433582258142e-07
-102.5,-105.0,1.709219794736424e-07
-100.0,-105.0,1.7555522680909396e-07
-97.5,-105.0,1.8506666793250038e-07
-95.0,-105.0,2.0423251895212326e-07
-92.5,-105.0,2.4162693030539535e-07
-90.0,-105.0,3.147301238606839e-07
-87.5,-105.0,4.639098537938621e-07
-85.0,-105.0,7.891619101311004e-07
-82.5,-105.0,1.5203757619770628e-06
-80.0,-105.0,2.932235446202593e-06
-77.5,-105.0,4.3778926520284816e-06
-75.0,-105.0,4.125919882841172e-06
-72.5,-105.0,2.651856726272889e-06
-70.0,-105.0,1.4883014157635737e-06
-67.5,-105.0,8.912661458713183e-07
-65.0,-105.0,6.334263587793078e-07
-62.5,-105.0,5.623838381916301e-07
-60.0,-105.0,6.460499469039684e-07
-57.5,-105.0,9.867246702080825e-07
-55.0,-105.0,1.9345547868739997e-06
-52.5,-105.0,3.8821845232832475e-06
-50.0,-105.0,5.22620501773438e-06
-47.5,-105.0,3.73206521504523e-06
-45.0,-105.0,1.8093840328342392e-06
-42.5,-105.0,8.695813558436787e-07
-40.0,-105.0,4.931933139951608e-07
-37.5,-105.0,3.37315670754017e-07
-35.0,-105.0,2.7130780731688593e-07
-32.5,-105.0,2.5201441634900396e-07
-30.0,-105.0,2.7395316777772844e-07
-27.5,-105.0,3.605870648512589e-07
-25.0,-105.0,5.502030727843765e-07
-22.5,-105.0,6.900582236809668e-07
-20.0,-105.0,4.154043815325701e-07
-17.5,-105.0,1.4190650657156133e-07
-15.0,-105.0,5.915443873021955e-08
-12.5,-105.0,3.835274307465789e-08
-10.0,-105.0,3.626292760455569e-08
-7.5,-105.0,4.588873510491439e-08
-5.0,-105.0,4.935294312299911e-08
-2.5,-105.0,2.314791995648324e-08
0.0,-105.0,1.1762781113077251e-08
2.5,-105.0,1.5273370144110155e-08
5.0,-105.0,5.5490952888922255e-08
7.5,-105.0,4.469806086597071e-07
10.0,-105.0,3.4825607750959125e-06
12.5,-105.0,9.223658148375593e-06
15.0,-105.0,5.136528114661915e-06
17.5,-105.0,2.0504083232571828e-07
20.0,-105.0,2.092299354872664e-08
22.5,-105.0,1.3175515143222319e-08
25.0,-105.0,3.037852724947738e-08
27.5,-105.0,4.9439541942200296e-08
30.0,-105.0,3.582497524794793e-08
32.5,-105.0,3.1782862552853696e-08
35.0,-105.0,3.4486598339351826e-08
37.5,-105.0,4.330860745888751e-08
40.0,-105.0,6.165592522167907e-08
42.5,-105.0,9.878210426257219e-08
45.0,-105.0,1.755164421202857e-07
47.5,-105.0,3.3227921728055973e-07
50.0,-105.0,6.280472614675423e-07
52.5,-105.0,1.1101654346186055e-06
55.0,-105.0,1.764285130520332e-06
57.5,-105.0,2.50541161804463e-06
60.0,-105.0,3.2356554769592572e-06
62.5,-105.0,3.903399836659328e-06
65.0,-105.0,4.510356894895924e-06
67.5,-105.0,5.08582725805404e-06
70.0,-105.0,5.663329534087017e-06
72.5,-105.0,6.270325958483045e-06
75.0,-105.0,6.926480063377807e-06
77.5,-105.0,7.644879057718552e-06
80.0,-105.0,8.433481496931162e-06
82.5,-105.0,9.295985729241706e-06
85.0,-105.0,1.0232117657565695e-05
87.5,-105.0,1.1237499120855878e-05
90.0,-105.0,1.2303316227800035e-05
92.5,-105.0,1.3415973331210922e-05
95.0,-105.0,1.4556899216792047e-05
97.5,-105.0,1.5702630098188906e-05
100.0,-105.0,1.6825340885028385e-05
102.5,-105.0,1.789383323164445e-05
105.0,-105.0,1.887505158349391e-05
107.5,-105.0,1.9736018991222642e-05
110.0,-105.0,2.044605287310297e-05
112.5,-105.0,2.097903875965166e-05
115.0,-105.0,2.1315478273196538e-05
117.5,-105.0,2.1444054183247512e-05
120.0,-105.0,2.1362533813419303e-05
122.5,-105.0,2.1077813960306073e-05
125.0,-105.0,2.060519392319778e-05
127.5,-105.0,1.9966949520599047e-05
130.0,-105.0,1.9190390699256687e-05
132.5,-105.0,1.830571699336698e-05
135.0,-105.0,1.734386328261605e-05
137.5,-105.0,1.6334600845239214e-05
140.0,-105.0,1.530503345321781e-05
142.5,-105.0,1.427856527843127e-05
145.0,-105.0,1.3274353850686796e-05
147.5,-105.0,1.2307184199447995e-05
150.0,-105.0,1.1387685467025305e-05
152.5,-105.0,1.052277479034206e-05
155.0,-105.0,9.71623348480869e-06
-142.5,-102.5,1.716271941735212e-07
-140.0,-102.5,1.6440102709185475e-07
-137.5,-102.5,1.5423388000588708e-07
-135.0,-102.5,1.438067241829489e-07
-132.5,-102.5,1.3514324453742525e-07
-130.0,-102.5,1.2926145463824487e-07
-127.5,-102.5,1.2645509923446218e-07
-125.0,-102.5,1.266138121695103e-07
-122.5,-102.5,1.293696489760457e-07
-120.0,-102.5,1.3411724112671243e-07
-117.5,-102.5,1.4002788476963184e-07
-115.0,-102.5,1.4615826869154025e-07
-112.5,-102.5,1.5167359893903018e-07
-110.0,-102.5,1.5608356802871458e-07
-107.5,-102.5,1.5932260417539667e-07
-105.0,-102.5,1.6161807712847602e-07
-102.5,-102.5,1.6337594944156814e-07
-100.0,-102.5,1.653933072939623e-07
-97.5,-102.5,1.6935401622614035e-07
-95.0,-102.5,1.783308128670982e-07
-92.5,-102.5,1.9746316001509386e-07
-90.0,-102.5,2.3588886789592265e-07
-87.5,-102.5,3.123492091807392e-07
-85.0,-102.5,4.701852822533101e-07
-82.5,-102.5,8.13323437383321e-07
-80.0,-102.5,1.5494642606163777e-06
-77.5,-102.5,2.7648113775724815e-06
-75.0,-102.5,3.5504954157243806e-06
-72.5,-102.5,2.9044518867920017e-06
-70.0,-102.5,1.7721251397982557e-06
-67.5,-102.5,1.025332816885458e-06
-65.0,-102.5,6.628981833787691e-07
-62.5,-102.5,5.212802604971353e-07
-60.0,-102.5,5.226755152293403e-07
-57.5,-102.5,6.941024600855754e-07
-55.0,-102.5,1.2339004446197546e-06
-52.5,-102.5,2.5950181864097736e-06
-50.0,-102.5,4.430275825106398e-06
-47.5,-102.5,4.116771951145429e-06
-45.0,-102.5,2.2170998811931983e-06
-42.5,-102.5,1.0400163604285496e-06
-40.0,-102.5,5.548615165548336e-07
-37.5,-102.5,3.566552272511329e-07
-35.0,-102.5,2.6809222695125494e-07
-32.5,-102.5,2.2703922559425396e-07
-30.0,-102.5,2.1720536979097364e-07
-27.5,-102.5,2.4840580862691823e-07
-25.0,-102.5,3.586161796332347e-07
-22.5,-102.5,5.540632218917035e-07
-20.0,-102.5,4.76316125077061e-07
-17.5,-102.5,1.6263437420151613e-07
-15.0,-102.5,5.3964664593015693e-08
-12.5,-102.5,3.000449435357296e-08
-10.0,-102.5,2.6561393444040054e-08
-7.5,-102.5,3.661318951611858e-08
-5.0,-102.5,7.357913729777047e-08
-2.5,-102.5,8.657366454660404e-08
0.0,-102.5,5.114318102024398e-08
2.5,-102.5,7.55727788938118e-08
5.0,-102.5,3.6859813119823954e-07
7.5,-102.5,2.4140445519586368e-06
10.0,-102.5,7.2699488079940425e-06
12.5,-102.5,1.0302300239433291e-05
15.0,-102.5,9.3671169824595e-06
17.5,-102.5,2.6733087595350788e-06
20.0,-102.5,1.349449620858953e-07
22.5,-102.5,5.025745814422042e-08
25.0,-102.5,5.236610368519074e-08
27.5,-102.5,2.8382627240100797e-08
30.0,-102.5,2.3583589447869133e-08
32.5,-102.5,2.6056621359914958e-08
35.0,-102.5,3.430587589543983e-08
37.5,-102.5,5.2006896536868994e-08
40.0,-102.5,8.974257721268464e-08
42.5,-102.5,1.7215795949928845e-07
45.0,-102.5,3.4581080437206277e-07
47.5,-102.5,6.682475243326242e-07
50.0,-102.5,1.1604887561028415e-06
52.5,-102.5,1.7669316162969101e-06
55.0,-102.5,2.3908720218292934e-06
57.5,-102.5,2.9671467407507466e-06
60.0,-102.5,3.487097522601391e-06
62.5,-102.5,3.975821409347772e-06
65.0,-102.5,4.465493371043634e-06
67.5,-102.5,4.983016535971553e-06
70.0,-102.5,5.547872789548312e-06
72.5,-102.5,6.1734624126708025e-06
75.0,-102.5,6.868675468536813e-06
77.5,-102.5,7.638811282743263e-06
80.0,-102.5,8.48584246798095e-06
82.5,-102.5,9.40821505271435e-06
85.0,-102.5,1.0400420637016567e-05
87.5,-102.5,1.145246063848546e-05
90.0,-102.5,1.2549428426212497e-05
92.5,-102.5,1.3671293073179532e-05
95.0,-102.5,1.4793092667189411e-05
97.5,-102.5,1.5885589341298054e-05
100.0,-102.5,1.6916458022961455e-05
102.5,-102.5,1.785203148319622e-05
105.0,-102.5,1.8659428469859916e-05
107.5,-102.5,1.93089196132811e-05
110.0,-102.5,1.977625996814423e-05
112.5,-102.5,2.004465294162913e-05
115.0,-102.5,2.0106132113993492e-05
117.5,-102.5,1.9962150257526202e-05
120.0,-102.5,1.9623265924890667e-05
122.5,-102.5,1.910804119749436e-05
125.0,-102.5,1.844129116230584e-05
127.5,-102.5,1.765192781328195e-05
130.0,-102.5,1.6770717417566628e-05
132.5,-102.5,1.5828155149478556e-05
135.0,-102.5,1.4852716586793402e-05
137.5,-102.5,1.386955988464418e-05
140.0,-102.5,1.2899744960701225e-05
142.5,-102.5,1.1959918284573744e-05
145.0,-102.5,1.1062400994154072e-05
147.5,-102.5,1.0215554378753552e-05
150.0,-102.5,9.424329292505972e-06
152.5,-102.5,8.690885515649493e-06
155.0,-102.5,8.015218468462691e-06
-142.5,-100.0,1.6482854807842064e-07
-140.0,-100.0,1.6135547914782403e-07
-137.5,-100.0,1.5362403452954633e-07
-135.0,-100.0,1.4389639355334394e-07
-132.5,-100.0,1.3461764860131778e-07
-130.0,-100.0,1.2741365813953408e-07
-127.5,-100.0,1.230147538519646e-07
-125.0,-100.0,1.215738906575574e-07
-122.5,-100.0,1.2290784360601255e-07
-120.0,-100.0,1.2656739542668403e-07
-117.5,-100.0,1.3183438509978044e-07
-115.0,-100.0,1.3778523236116032e-07
-112.5,-100.0,1.4350177655244954e-07
-110.0,-100.0,1.483555117385408e-07
-107.5,-100.0,1.5215518742751044e-07
-105.0,-100.0,1.5500948502989462e-07
-102.5,-100.0,1.5705121336251742e-07
-100.0,-100.0,1.5843419078113882e-07
-97.5,-100.0,1.598238305596779e-07
-95.0,-100.0,1.630543298403108e-07
-92.5,-100.0,1.715434434845124e-07
-90.0,-100.0,1.9084527833696907e-07
-87.5,-100.0,2.3074838527588045e-07
-85.0,-100.0,3.1154951724071665e-07
-82.5,-100.0,4.802146574951075e-07
-80.0,-100.0,8.441935400946606e-07
-77.5,-100.0,1.5760584162982267e-06
-75.0,-100.0,2.556865090647484e-06
-72.5,-100.0,2.8157173234666506e-06
-70.0,-100.0,2.0513151378780766e-06
-67.5,-100.0,1.2194315848035602e-06
-65.0,-100.0,7.367253771637343e-07
-62.5,-100.0,5.175761250807575e-07
-60.0,-100.0,4.5398135324007564e-07
-57.5,-100.0,5.212315549592538e-07
-55.0,-100.0,8.115508435529352e-07
-52.5,-100.0,1.646261239311938e-06
-50.0,-100.0,3.3105600957686954e-06
-47.5,-100.0,4.0825234535157835e-06
-45.0,-100.0,2.6022857769421125e-06
-42.5,-100.0,1.2287754034650012e-06
-40.0,-100.0,6.225718793930933e-07
-37.5,-100.0,3.8097342168020613e-07
-35.0,-100.0,2.737852278079533e-07
-32.5,-100.0,2.1623533826401216e-07
-30.0,-100.0,1.8319653535070785e-07
-27.5,-100.0,1.776700708604822e-07
-25.0,-100.0,2.2242858982641048e-07
-22.5,-100.0,3.689467799105598e-07
-20.0,-100.0,4.985185464595602e-07
-17.5,-100.0,2.1644962546032508e-07
-15.0,-100.0,5.472187095640199e-08
-12.5,-100.0,2.397219572999759e-08
-10.0,-100.0,1.8905536123588756e-08
-7.5,-100.0,2.61181097535233e-08
-5.0,-100.0,7.314287566533349e-08
-2.5,-100.0,3.107311089071619e-07
0.0,-100.0,6.41934948088343e-07
2.5,-100.0,1.0301546223391503e-06
5.0,-100.0,2.094718619482487e-06
7.5,-100.0,3.883976453662571e-06
10.0,-100.0,5.739364246642138e-06
12.5,-100.0,6.953764511682836e-06
15.0,-100.0,6.9956277549147525e-06
17.5,-100.0,5.880020826428863e-06
20.0,-100.0,2.8190799086243473e-06
22.5,-100.0,1.809157314215729e-07
25.0,-100.0,2.6488203279964212e-08
27.5,-100.0,1.7256564292091983e-08
30.0,-100.0,1.9223524145916865e-08
32.5,-100.0,2.7123993253244478e-08
35.0,-100.0,4.507630028478425e-08
37.5,-100.0,8.623656881235725e-08
40.0,-100.0,1.8186787497241343e-07
42.5,-100.0,3.852495300173661e-07
45.0,-100.0,7.395895098921313e-07
47.5,-100.0,1.2195408170753276e-06
50.0,-100.0,1.7369336647186632e-06
52.5,-100.0,2.2185103820363515e-06
55.0,-100.0,2.6484134487711125e-06
57.5,-100.0,3.048846789906319e-06
60.0,-100.0,3.4504898306092157e-06
62.5,-100.0,3.878891572484176e-06
65.0,-100.0,4.3524932893198345e-06
67.5,-100.0,4.884283111258046e-06
70.0,-100.0,5.483495792953682e-06
72.5,-100.0,6.1565306834147834e-06
75.0,-100.0,6.907182022879543e-06
77.5,-100.0,7.736390574992445e-06
80.0,-100.0,8.641712759311147e-06
82.5,-100.0,9.616683717895415e-06
85.0,-100.0,1.0650181490732915e-05
87.5,-100.0,1.1725983847280545e-05
90.0,-100.0,1.2822611251314757e-05
92.5,-100.0,1.3913640017499062e-05
95.0,-100.0,1.4968538407175317e-05
97.5,-100.0,1.595410539573922e-05
100.0,-100.0,1.6836410747261524e-05
102.5,-100.0,1.758313740545554e-05
105.0,-100.0,1.8166055425376316e-05
107.5,-100.0,1.8563322085882035e-05
110.0,-100.0,1.8761330464162513e-05
112.5,-100.0,1.8755805998062972e-05
115.0,-100.0,1.8552022767447956e-05
117.5,-100.0,1.8164109484285462e-05
120.0,-100.0,1.761357532177175e-05
122.5,-100.0,1.6927265267609967e-05
125.0,-100.0,1.613506304603039e-05
127.5,-100.0,1.5267622371578398e-05
130.0,-100.0,1.4354361303711943e-05
132.5,-100.0,1.3421908631817523e-05
135.0,-100.0,1.249306743144447e-05
137.5,-100.0,1.1586286722226567e-05
140.0,-100.0,1.0715596432183205e-05
142.5,-100.0,9.89086361815343e-06
145.0,-100.0,9.118294944286183e-06
147.5,-100.0,8.401045879511849e-06
150.0,-100.0,7.739863628567747e-06
152.5,-100.0,7.133700100996864e-06
155.0,-100.0,6.5802451261149505e-06
-142.5,-97.5,1.5598227711617308e-07
-140.0,-97.5,1.5609420521499673e-07
-137.5,-97.5,1.5155676202134012e-07
-135.0,-97.5,1.43558037551473e-07
-132.5,-97.5,1.3444581633304643e-07
-130.0,-97.5,1.263532637108992e-07
-127.5,-97.5,1.2054098505824563e-07
-125.0,-97.5,1.1751426711006402e-07
-122.5,-97.5,1.1732230465056133e-07
-120.0,-97.5,1.1971099593839298e-07
-117.5,-97.5,1.241282583666777e-07
-115.0,-97.5,1.2972264119454928e-07
-112.5,-97.5,1.354946574756812e-07
-110.0,-97.5,1.4062890748509928e-07
-107.5,-97.5,1.447955141351954e-07
-105.0,-97.5,1.481192107196366e-07
-102.5,-97.5,1.5078730417978272e-07
-100.0,-97.5,1.526998012343848e-07
-97.5,-97.5,1.536919313977917e-07
-95.0,-97.5,1.5436069764434291e-07
-92.5,-97.5,1.5682625117232778e-07
-90.0,-97.5,1.6494988174290687e-07
-87.5,-97.5,1.847584259713084e-07
-85.0,-97.5,2.2686045984431112e-07
-82.5,-97.5,3.1367872475787793e-07
-80.0,-97.5,4.97131984877737e-07
-77.5,-97.5,8.884535080853009e-07
-75.0,-97.5,1.6096108005694332e-06
-72.5,-97.5,2.3353188261660627e-06
-70.0,-97.5,2.2130225040769213e-06
-67.5,-97.5,1.4707708089593984e-06
-65.0,-97.5,8.682755230262711e-07
-62.5,-97.5,5.535277854771824e-07
-60.0,-97.5,4.262714205034195e-07
-57.5,-97.5,4.2264927356527967e-07
-55.0,-97.5,5.664906698467603e-07
-52.5,-97.5,1.0416348795148356e-06
-50.0,-97.5,2.2550763073595074e-06
-47.5,-97.5,3.6354815646320215e-06
-45.0,-97.5,2.9175621225496294e-06
-42.5,-97.5,1.4367695713139974e-06
-40.0,-97.5,6.916516314933308e-07
-37.5,-97.5,4.039396111302806e-07
-35.0,-97.5,2.843413438384284e-07
-32.5,-97.5,2.1775148897458436e-07
-30.0,-97.5,1.6732203557287722e-07
-27.5,-97.5,1.362708646421256e-07
-25.0,-97.5,1.3997248833149834e-07
-22.5,-97.5,2.1192785251707273e-07
-20.0,-97.5,4.0940121856572025e-07
-17.5,-97.5,3.3535084324039164e-07
-15.0,-97.5,7.165474695560144e-08
-12.5,-97.5,2.112135602533142e-08
-10.0,-97.5,1.3693032793344901e-08
-7.5,-97.5,1.8900794464355805e-08
-5.0,-97.5,6.85116519563537e-08
-2.5,-97.5,3.724111680986652e-07
0.0,-97.5,7.743302936415673e-07
2.5,-97.5,9.051186602514445e-07
5.0,-97.5,1.055601194944333e-06
7.5,-97.5,1.3733884466174693e-06
10.0,-97.5,1.98366731293656e-06
12.5,-97.5,2.9146485205399334e-06
15.0,-97.5,3.7018488417573363e-06
17.5,-97.5,3.6974076508339734e-06
20.0,-97.5,2.4192435243603612e-06
22.5,-97.5,1.066199483030133e-07
25.0,-97.5,1.5579907691171822e-08
27.5,-97.5,1.4687900664536283e-08
30.0,-97.5,2.263648147679442e-08
32.5,-97.5,4.3132396457528307e-08
35.0,-97.5,9.498077039136115e-08
37.5,-97.5,2.207004302702727e-07
40.0,-97.5,4.7150922919631304e-07
42.5,-97.5,8.441144787839551e-07
45.0,-97.5,1.2603798157284676e-06
47.5,-97.5,1.645677011365707e-06
50.0,-97.5,1.9834431732041673e-06
52.5,-97.5,2.295718625497116e-06
55.0,-97.5,2.611461231339467e-06
57.5,-97.5,2.9537298543241513e-06
60.0,-97.5,3.3388976600734127e-06
62.5,-97.5,3.7787920520900435e-06
65.0,-97.5,4.282425415269824e-06
67.5,-97.5,4.856831792089482e-06
70.0,-97.5,5.507206511607774e-06
72.5,-97.5,6.236597399336854e-06
75.0,-97.5,7.045328288143994e-06
77.5,-97.5,7.930258015847406e-06
80.0,-97.5,8.884026813474865e-06
82.5,-97.5,9.894380468509671e-06
85.0,-97.5,1.0943755120272121e-05
87.5,-97.5,1.2009225827927713e-05
90.0,-97.5,1.3062981217196361e-05
92.5,-97.5,1.4073381770887397e-05
95.0,-97.5,1.5006643681322936e-05
97.5,-97.5,1.582900395502413e-05
100.0,-97.5,1.6509233223894997e-05
102.5,-97.5,1.7021149480604996e-05
105.0,-97.5,1.734584405563178e-05
107.5,-97.5,1.7473301671168982e-05
110.0,-97.5,1.740314507908697e-05
112.5,-97.5,1.7144455874846157e-05
115.0,-97.5,1.6714662911602273e-05
117.5,-97.5,1.6137734463556818e-05
120.0,-97.5,1.544191678154759e-05
122.5,-97.5,1.4657358782623516e-05
125.0,-97.5,1.3813913149481864e-05
127.5,-97.5,1.2939316985727181e-05
130.0,-97.5,1.205789405701427e-05
132.5,-97.5,1.118979278577887e-05
135.0,-97.5,1.0350725034644709e-05
137.5,-97.5,9.552104763298576e-06
140.0,-97.5,8.801468904208194e-06
142.5,-97.5,8.103060383998234e-06
145.0,-97.5,7.4584745259542974e-06
147.5,-97.5,6.867293096036894e-06
150.0,-97.5,6.32765746731869e-06
152.5,-97.5,5.8367528690586585e-06
155.0,-97.5,5.391197212973932e-06
-142.5,-95.0,1.4605947392109697e-07
-140.0,-95.0,1.4893508215773448e-07
-137.5,-95.0,1.4774234513274826e-07
-135.0,-95.0,1.4231989014772262e-07
-132.5,-95.0,1.3428088974312027e-07
-130.0,-95.0,1.2591588818455402e-07
-127.5,-95.0,1.1900880393919135e-07
-125.0,-95.0,1.1450589303892582e-07
-122.5,-95.0,1.1274484891859282e-07
-120.0,-95.0,1.1369690282564773e-07
-117.5,-95.0,1.170292766179024e-07
-115.0,-95.0,1.220589098393257e-07
-112.5,-95.0,1.2778519408227495e-07
-110.0,-95.0,1.331719729949238e-07
-107.5,-95.0,1.3760562833986868e-07
-105.0,-95.0,1.4113849175848453e-07
-102.5,-95.0,1.441882069021462e-07
-100.0,-95.0,1.4688982076512475e-07
-97.5,-95.0,1.4876870725965673e-07
-95.0,-95.0,1.493038559466882e-07
-92.5,-95.0,1.4913535521287143e-07
-90.0,-95.0,1.508346584312974e-07
-87.5,-95.0,1.5880126391834274e-07
-85.0,-95.0,1.7961274532426714e-07
-82.5,-95.0,2.2501251259424995e-07
-80.0,-95.0,3.205791264849877e-07
-77.5,-95.0,5.256412072226279e-07
-75.0,-95.0,9.561410687543611e-07
-72.5,-95.0,1.6612923839084376e-06
-70.0,-95.0,2.1208382488496333e-06
-67.5,-95.0,1.7412584640474979e-06
-65.0,-95.0,1.0771524028391004e-06
-62.5,-95.0,6.412238829594089e-07
-60.0,-95.0,4.362448358141342e-07
-57.5,-95.0,3.732599256612132e-07
-55.0,-95.0,4.2718020800394495e-07
-52.5,-95.0,6.841815875961898e-07
-50.0,-95.0,1.4591097319509251e-06
-47.5,-95.0,2.920883006852731e-06
-45.0,-95.0,3.1235287770046836e-06
-42.5,-95.0,1.689091517973313e-06
-40.0,-95.0,7.676344142665629e-07
-37.5,-95.0,4.1969138489315676e-07
-35.0,-95.0,2.921184145160589e-07
-32.5,-95.0,2.2860091926653e-07
-30.0,-95.0,1.6824900239981138e-07
-27.5,-95.0,1.1558676868589556e-07
-25.0,-95.0,9.398964437826524e-08
-22.5,-95.0,1.1641518805301801e-07
-20.0,-95.0,2.447139841377077e-07
-17.5,-95.0,4.697647960389495e-07
-15.0,-95.0,1.6029115175550678e-07
-12.5,-95.0,2.7256875977329045e-08
-10.0,-95.0,1.1884220024814536e-08
-7.5,-95.0,1.755903442299812e-08
-5.0,-95.0,9.246687255583411e-08
-2.5,-95.0,2.877743993043214e-07
0.0,-95.0,3.086307988531275e-07
2.5,-95.0,2.7937215379293223e-07
5.0,-95.0,2.7539511620444147e-07
7.5,-95.0,3.1409898101189456e-07
10.0,-95.0,4.3670107823795356e-07
12.5,-95.0,7.514184651850052e-07
15.0,-95.0,1.3732971246848556e-06
17.5,-95.0,1.9322906929587738e-06
20.0,-95.0,1.8293005039960326e-06
22.5,-95.0,3.1793299253263654e-07
25.0,-95.0,2.9333456848701902e-08
27.5,-95.0,3.0205804452241554e-08
30.0,-95.0,6.169377368291271e-08
32.5,-95.0,1.491293983199977e-07
35.0,-95.0,3.389149674675886e-07
37.5,-95.0,6.299294289471097e-07
40.0,-95.0,9.487684160577681e-07
42.5,-95.0,1.2322929057508789e-06
45.0,-95.0,1.4749258552613647e-06
47.5,-95.0,1.700978415855728e-06
50.0,-95.0,1.9358037482483507e-06
52.5,-95.0,2.1979435950972165e-06
55.0,-95.0,2.500457587304211e-06
57.5,-95.0,2.853307402624968e-06
60.0,-95.0,3.26481745178999e-06
62.5,-95.0,3.742252060563149e-06
65.0,-95.0,4.291815396165026e-06
67.5,-95.0,4.9182787440913025e-06
70.0,-95.0,5.624366240977179e-06
72.5,-95.0,6.409976681565511e-06
75.0,-95.0,7.271332006528764e-06
77.5,-95.0,8.20016350232861e-06
80.0,-95.0,9.183044974283893e-06
82.5,-95.0,1.0201039628640209e-05
85.0,-95.0,1.1229801984951214e-05
87.5,-95.0,1.2240248967294341e-05
90.0,-95.0,1.3199880696991451e-05
92.5,-95.0,1.407469813450211e-05
95.0,-95.0,1.483159916215884e-05
97.5,-95.0,1.544098361601921e-05
100.0,-95.0,1.587927578384393e-05
102.5,-95.0,1.6130956042815857e-05
105.0,-95.0,1.6189883784197095e-05
107.5,-95.0,1.6059644758254684e-05
110.0,-95.0,1.5752921389512082e-05
112.5,-95.0,1.5290010129656e-05
115.0,-95.0,1.4696708359540859e-05
117.5,-95.0,1.4001943300760725e-05
120.0,-95.0,1.3235400947226835e-05
122.5,-95.0,1.2425482496408925e-05
125.0,-95.0,1.1597732256963757e-05
127.5,-95.0,1.077383115490032e-05
130.0,-95.0,9.971110170547639e-06
132.5,-95.0,9.202541722862443e-06
135.0,-95.0,8.477048201390752e-06
137.5,-95.0,7.800045590243877e-06
140.0,-95.0,7.174067210630066e-06
142.5,-95.0,6.599419419669379e-06
145.0,-95.0,6.074775827083405e-06
147.5,-95.0,5.5977032031015445e-06
150.0,-95.0,5.165081066876349e-06
152.5,-95.0,4.77342917166906e-06
155.0,-95.0,4.4191525719012955e-06
-142.5,-92.5,1.3608011283969073e-07
-140.0,-92.5,1.4057838241972445e-07
-137.5,-92.5,1.422500475018372e-07
-135.0,-92.5,1.3981523449248535e-07
-132.5,-92.5,1.3370978507395838e-07
-130.0,-92.5,1.2583616364563072e-07
-127.5,-92.5,1.1830819199585684e-07
-125.0,-92.5,1.1255841429761147e-07
-122.5,-92.5,1.092784123387873e-07
-120.0,-92.5,1.0868764353299548e-07
-117.5,-92.5,1.1069454988192711e-07
-115.0,-92.5,1.1487025401877604e-07
-112.5,-92.5,1.2036724266900514e-07
-110.0,-92.5,1.2602743716003948e-07
-107.5,-92.5,1.308418863035302e-07
-105.0,-92.5,1.3451492752702047e-07
-102.5,-92.5,1.3754570486865732e-07
-100.0,-92.5,1.4057980428391566e-07
-97.5,-92.5,1.435429221674544e-07
-95.0,-92.5,1.4544348663181072e-07
-92.5,-92.5,1.453973559517252e-07
-90.0,-92.5,1.4425444573175212e-07
-87.5,-92.5,1.452287278662632e-07
-85.0,-92.5,1.533434510688549e-07
-82.5,-92.5,1.7585429077769899e-07
-80.0,-92.5,2.2620489438537555e-07
-77.5,-92.5,3.349609796542109e-07
-75.0,-92.5,5.733078374706252e-07
-72.5,-92.5,1.0629756591907378e-06
-70.0,-92.5,1.7431652979623072e-06
-67.5,-92.5,1.9247682027416572e-06
-65.0,-92.5,1.3792718731848738e-06
-62.5,-92.5,8.074743159127821e-07
-60.0,-92.5,4.918777002866519e-07
-57.5,-92.5,3.6253706850716724e-07
-55.0,-92.5,3.520674640322601e-07
-52.5,-92.5,4.796528029293476e-07
-50.0,-92.5,9.358020617450641e-07
-47.5,-92.5,2.137995137878438e-06
-45.0,-92.5,3.1604421594271045e-06
-42.5,-92.5,2.038049214242585e-06
-40.0,-92.5,8.766689605633028e-07
-37.5,-92.5,4.3005614653479254e-07
-35.0,-92.5,2.8783055940751975e-07
-32.5,-92.5,2.4017756243285154e-07
-30.0,-92.5,1.874390710845679e-07
-27.5,-92.5,1.1295780844433023e-07
-25.0,-92.5,6.994955171820469e-08
-22.5,-92.5,6.657574667571269e-08
-20.0,-92.5,1.222723551314123e-07
-17.5,-92.5,3.8859547968219206e-07
-15.0,-92.5,4.919497549197547e-07
-12.5,-92.5,1.1667089122547394e-07
-10.0,-92.5,3.422890068212454e-08
-7.5,-92.5,5.6144841121331127e-08
-5.0,-92.5,1.611486313271655e-07
-2.5,-92.5,1.6549962840408527e-07
0.0,-92.5,1.287815736706061e-07
2.5,-92.5,1.0401605987739216e-07
5.0,-92.5,9.075485382953518e-08
7.5,-92.5,8.812881345603974e-08
10.0,-92.5,1.0145671642197802e-07
12.5,-92.5,1.556744417109999e-07
15.0,-92.5,3.472783280643951e-07
17.5,-92.5,8.114172178866935e-07
20.0,-92.5,1.128610487623341e-06
22.5,-92.5,1.0003889566684286e-06
25.0,-92.5,5.061581367993564e-07
27.5,-92.5,3.508976218549688e-07
30.0,-92.5,4.404142727701789e-07
32.5,-92.5,6.135899101019867e-07
35.0,-92.5,7.944746614061571e-07
37.5,-92.5,9.532009302418105e-07
40.0,-92.5,1.0966057416884895e-06
42.5,-92.5,1.2422838403309144e-06
45.0,-92.5,1.4053276283411558e-06
47.5,-92.5,1.5968269167727097e-06
50.0,-92.5,1.8254899497393562e-06
52.5,-92.5,2.0990186203812617e-06
55.0,-92.5,2.424785056324357e-06
57.5,-92.5,2.809996588130601e-06
60.0,-92.5,3.2615211513797666e-06
62.5,-92.5,3.7854676197214285e-06
65.0,-92.5,4.386565345724967e-06
67.5,-92.5,5.067388768548524e-06
70.0,-92.5,5.827469584506607e-06
72.5,-92.5,6.662376367660772e-06
75.0,-92.5,7.562876221240643e-06
77.5,-92.5,8.514315969637502e-06
80.0,-92.5,9.49637090159788e-06
82.5,-92.5,1.0483340157713885e-05
85.0,-92.5,1.1445044558986195e-05
87.5,-92.5,1.2348427632489004e-05
90.0,-92.5,1.3159719632273445e-05
92.5,-92.5,1.3846996397557459e-05
95.0,-92.5,1.4382859199814309e-05
97.5,-92.5,1.47468268503985e-05
100.0,-92.5,1.492713571549275e-05
102.5,-92.5,1.492166167600721e-05
105.0,-92.5,1.4737823866219583e-05
107.5,-92.5,1.4391532084127816e-05
110.0,-92.5,1.3905349077030619e-05
112.5,-92.5,1.3306193919683308e-05
115.0,-92.5,1.2622912881518698e-05
117.5,-92.5,1.1884029326673004e-05
120.0,-92.5,1.1115933939020087e-05
122.5,-92.5,1.0341595383338847e-05
125.0,-92.5,9.579853070219815e-06
127.5,-92.5,8.845205010242309e-06
130.0,-92.5,8.147998051006335e-06
132.5,-92.5,7.494887663259006e-06
135.0,-92.5,6.889436573526167e-06
137.5,-92.5,6.332763529397815e-06
140.0,-92.5,5.824165118047266e-06
142.5,-92.5,5.361666084886771e-06
145.0,-92.5,4.942471301046949e-06
147.5,-92.5,4.56332972037077e-06
150.0,-92.5,4.220798795429034e-06
152.5,-92.5,3.911437998651513e-06
155.0,-92.5,3.6319350068185083e-06
-142.5,-90.0,1.2686656545605723e-07
-140.0,-90.0,1.318715406929266e-07
-137.5,-90.0,1.3550634463061058e-07
-135.0,-90.0,1.35917666183496e-07
-132.5,-90.0,1.323409791282608e-07
-130.0,-90.0,1.2576745296405371e-07
-127.5,-90.0,1.1823661540000082e-07
-125.0,-90.0,1.1159898697378385e-07
-122.5,-90.0,1.0696125523204117e-07
-120.0,-90.0,1.0482166695808655e-07
-117.5,-90.0,1.0532177276720249e-07
-115.0,-90.0,1.0831279306682708e-07
-112.5,-90.0,1.1324258269108548e-07
-110.0,-90.0,1.1905972783169831e-07
-107.5,-90.0,1.2445206393292108e-07
-105.0,-90.0,1.2853052021347743e-07
-102.5,-90.0,1.3144615225701512e-07
-100.0,-90.0,1.341813019714279e-07
-97.5,-90.0,1.3750652906981891e-07
-95.0,-90.0,1.409603480984745e-07
-92.5,-90.0,1.4288656620260937e-07
-90.0,-90.0,1.4206523312126422e-07
-87.5,-90.0,1.3979120517270138e-07
-85.0,-90.0,1.4013277539582803e-07
-82.5,-90.0,1.4881279995213805e-07
-80.0,-90.0,1.7399398326394116e-07
-77.5,-90.0,2.318286230003432e-07
-75.0,-90.0,3.6119911425270645e-07
-72.5,-90.0,6.533715625084426e-07
-70.0,-90.0,1.2348955443872653e-06
-67.5,-90.0,1.8665238520731076e-06
-65.0,-90.0,1.7483777324894486e-06
-62.5,-90.0,1.100544758698312e-06
-60.0,-90.0,6.191891829624412e-07
-57.5,-90.0,3.927793577818065e-07
-55.0,-90.0,3.206894860420194e-07
-52.5,-90.0,3.6548277059292005e-07
-50.0,-90.0,6.178269437546469e-07
-47.5,-90.0,1.4537863533409925e-06
-45.0,-90.0,2.9436128600812797e-06
-42.5,-90.0,2.5429535641370404e-06
-40.0,-90.0,1.0755933432802072e-06
-37.5,-90.0,4.5003501647331105e-07
-35.0,-90.0,2.6935255832179716e-07
-32.5,-90.0,2.3558593214047617e-07
-30.0,-90.0,2.2320353761819395e-07
-27.5,-90.0,1.354540231875393e-07
-25.0,-90.0,6.094552507317903e-08
-22.5,-90.0,4.139761243440656e-08
-20.0,-90.0,5.987274300027661e-08
-17.5,-90.0,2.1999508102795302e-07
-15.0,-90.0,6.405696271422291e-07
-12.5,-90.0,4.7002124402549287e-07
-10.0,-90.0,2.620705437431352e-07
-7.5,-90.0,1.9026562282957882e-07
-5.0,-90.0,1.383969507238195e-07
-2.5,-90.0,9.664187835395341e-08
0.0,-90.0,7.030113002720157e-08
2.5,-90.0,5.3852625116506995e-08
5.0,-90.0,4.3379490591115096e-08
7.5,-90.0,3.705465405092065e-08
10.0,-90.0,3.4908044903682476e-08
12.5,-90.0,4.0877261903686915e-08
15.0,-90.0,7.79081801064738e-08
17.5,-90.0,2.6861864062533724e-07
20.0,-90.0,6.362191335335789e-07
22.5,-90.0,7.30561888768052e-07
25.0,-90.0,7.095937844011677e-07
27.5,-90.0,6.927181462212397e-07
30.0,-90.0,7.043412063715925e-07
32.5,-90.0,7.448028443870061e-07
35.0,-90.0,8.075901582377532e-07
37.5,-90.0,8.911440544763563e-07
40.0,-90.0,9.978117395057012e-07
42.5,-90.0,1.1317197994346995e-06
45.0,-90.0,1.2979497061153244e-06
47.5,-90.0,1.502325317202403e-06
50.0,-90.0,1.751319916044321e-06
52.5,-90.0,2.0519120853238413e-06
55.0,-90.0,2.411321614442981e-06
57.5,-90.0,2.836596398433301e-06
60.0,-90.0,3.3340423221739833e-06
62.5,-90.0,3.90848413484576e-06
65.0,-90.0,4.562389989294141e-06
67.5,-90.0,5.294905889786361e-06
70.0,-90.0,6.1008878816208e-06
72.5,-90.0,6.970074600202504e-06
75.0,-90.0,7.88653520499598e-06
77.5,-90.0,8.828573563094154e-06
80.0,-90.0,9.769235227852236e-06
82.5,-90.0,1.0677494345510534e-05
85.0,-90.0,1.1520106090253452e-05
87.5,-90.0,1.2264011643883735e-05
90.0,-90.0,1.2879026025031637e-05
92.5,-90.0,1.334046710131214e-05
95.0,-90.0,1.3631380762650619e-05
97.5,-90.0,1.3743972295865843e-05
100.0,-90.0,1.3680096698601593e-05
102.5,-90.0,1.3450706539849821e-05
105.0,-90.0,1.307439094377308e-05
107.5,-90.0,1.2575287338572223e-05
110.0,-90.0,1.1980657054209601e-05
112.5,-90.0,1.1318535730160745e-05
115.0,-90.0,1.0615684886968931e-05
117.5,-90.0,9.896044282733252e-06
120.0,-90.0,9.179776207572374e-06
122.5,-90.0,8.482831899023856e-06
125.0,-90.0,7.816986223998244e-06
127.5,-90.0,7.19018543437271e-06
130.0,-90.0,6.60709845181824e-06
132.5,-90.0,6.069748339522636e-06
135.0,-90.0,5.578140621662598e-06
137.5,-90.0,5.1308377619825025e-06
140.0,-90.0,4.725442205064969e-06
142.5,-90.0,4.358988872377319e-06
145.0,-90.0,4.0282377085810034e-06
147.5,-90.0,3.729888637650615e-06
150.0,-90.0,3.4607266879503173e-06
152.5,-90.0,3.2177138738862996e-06
155.0,-90.0,2.998043297804422e-06
-142.5,-87.5,1.1895384407849328e-07
-140.0,-87.5,1.2358198146512536e-07
-137.5,-87.5,1.2815194037361595e-07
-135.0,-87.5,1.3079825643373207e-07
-132.5,-87.5,1.2991603372731823e-07
-130.0,-87.5,1.2533504141497327e-07
-127.5,-87.5,1.1851134292964533e-07
-125.0,-87.5,1.114693219865775e-07
-122.5,-87.5,1.0574580188812947e-07
-120.0,-87.5,1.0216638402013125e-07
-117.5,-87.5,1.010944190818257e-07
-115.0,-87.5,1.0262548882684454e-07
-112.5,-87.5,1.0655025447302099e-07
-110.0,-87.5,1.1215461075680889e-07
-107.5,-87.5,1.1813729038885783e-07
-105.0,-87.5,1.2305194053918303e-07
-102.5,-87.5,1.262564109045837e-07
-100.0,-87.5,1.2848362732748422e-07
-97.5,-87.5,1.3120207728869027e-07
-95.0,-87.5,1.3517254820173815e-07
-92.5,-87.5,1.3934636281394996e-07
-90.0,-87.5,1.412356669702781e-07
-87.5,-87.5,1.393573863117909e-07
-85.0,-87.5,1.35776745038731e-07
-82.5,-87.5,1.3563915987910284e-07
-80.0,-87.5,1.4544056176040377e-07
-77.5,-87.5,1.746741708066514e-07
-75.0,-87.5,2.4403147362853666e-07
-72.5,-87.5,4.0708597932224077e-07
-70.0,-87.5,7.911505001619143e-07
-67.5,-87.5,1.5164098430238988e-06
-65.0,-87.5,2.0374660898354304e-06
-62.5,-87.5,1.5833574273365412e-06
-60.0,-87.5,8.807513455878376e-07
-57.5,-87.5,4.847685209778555e-07
-55.0,-87.5,3.280679567262891e-07
-52.5,-87.5,3.0708084120525223e-07
-50.0,-87.5,4.323833002216018e-07
-47.5,-87.5,9.477267613784609e-07
-45.0,-87.5,2.440242171418414e-06
-42.5,-87.5,3.199885235863263e-06
-40.0,-87.5,1.4788549668933754e-06
-37.5,-87.5,5.089716902950159e-07
-35.0,-87.5,2.473270304580318e-07
-32.5,-87.5,2.04095707060622e-07
-30.0,-87.5,2.491704784314304e-07
-27.5,-87.5,2.1181383547730254e-07
-25.0,-87.5,7.117271499577067e-08
-22.5,-87.5,2.956901052554898e-08
-20.0,-87.5,3.05978937537493e-08
-17.5,-87.5,1.1993075604079478e-07
-15.0,-87.5,5.693939514544663e-07
-12.5,-87.5,4.712929759041771e-07
-10.0,-87.5,2.727692636476362e-07
-7.5,-87.5,1.6286756944396139e-07
-5.0,-87.5,1.0313025009240414e-07
-2.5,-87.5,6.958223636366427e-08
0.0,-87.5,4.970648021161689e-08
2.5,-87.5,3.7101976439634355e-08
5.0,-87.5,2.8549036893713397e-08
7.5,-87.5,2.2470342107873248e-08
10.0,-87.5,1.828500121546878e-08
12.5,-87.5,1.664250557711522e-08
15.0,-87.5,2.3432612108808404e-08
17.5,-87.5,8.890921886308527e-08
20.0,-87.5,3.6236406318269393e-07
22.5,-87.5,5.037121815570787e-07
25.0,-87.5,5.21426163047942e-07
27.5,-87.5,5.397336134272036e-07
30.0,-87.5,5.72811528778163e-07
32.5,-87.5,6.227791141130708e-07
35.0,-87.5,6.91684791252775e-07
37.5,-87.5,7.824029721180372e-07
40.0,-87.5,8.987772943508939e-07
42.5,-87.5,1.0456361623906593e-06
45.0,-87.5,1.228745861651558e-06
47.5,-87.5,1.454704980727725e-06
50.0,-87.5,1.730749299784277e-06
52.5,-87.5,2.064430356456566e-06
55.0,-87.5,2.463139567024554e-06
57.5,-87.5,2.933457009829336e-06
60.0,-87.5,3.480326393873261e-06
62.5,-87.5,4.106090830596097e-06
65.0,-87.5,4.809456241536493e-06
67.5,-87.5,5.584499256461694e-06
70.0,-87.5,6.4198569936693994e-06
72.5,-87.5,7.298294615874698e-06
75.0,-87.5,8.19679340868337e-06
77.5,-87.5,9.087317448857462e-06
80.0,-87.5,9.938284416468745e-06
82.5,-87.5,1.0716697422720922e-05
85.0,-87.5,1.1390731428580398e-05
87.5,-87.5,1.1932474435310478e-05
90.0,-87.5,1.2320430932930401e-05
92.5,-87.5,1.2541458351989685e-05
95.0,-87.5,1.2591788219559882e-05
97.5,-87.5,1.247703888013749e-05
100.0,-87.5,1.221121678600739e-05
102.5,-87.5,1.1814930931529688e-05
105.0,-87.5,1.1313119780163235e-05
107.5,-87.5,1.073264058489259e-05
110.0,-87.5,1.010007299087806e-05
112.5,-87.5,9.439928583820912e-06
115.0,-87.5,8.773434385880324e-06
117.5,-87.5,8.117860053840641e-06
120.0,-87.5,7.486368383314602e-06
122.5,-87.5,6.888223087070884e-06
125.0,-87.5,6.329265397707412e-06
127.5,-87.5,5.812503290374835e-06
130.0,-87.5,5.3387382237549466e-06
132.5,-87.5,4.907152794350608e-06
135.0,-87.5,4.515820472577575e-06
137.5,-87.5,4.162122801697656e-06
140.0,-87.5,3.843073863644745e-06
142.5,-87.5,3.555554606026433e-06
145.0,-87.5,3.2964793940751845e-06
147.5,-87.5,3.0629032517384035e-06
150.0,-87.5,2.8520857944684796e-06
152.5,-87.5,2.661523460823452e-06
155.0,-87.5,2.488959952976958e-06
-142.5,-85.0,1.1261671275945422e-07
-140.0,-85.0,1.162789780075924e-07
-137.5,-85.0,1.2085713207243393e-07
-135.0,-85.0,1.248678896380368e-07
-132.5,-85.0,1.2639047285771136e-07
-130.0,-85.0,1.2421416527947783e-07
-127.5,-85.0,1.1880189760824866e-07
-125.0,-85.0,1.1194026203083958e-07
-122.5,-85.0,1.0550142469947622e-07
-120.0,-85.0,1.0069334122297411e-07
-117.5,-85.0,9.811629388856072e-08
-115.0,-85.0,9.805245410122625e-08
-112.5,-85.0,1.0057676062466171e-07
-110.0,-85.0,1.0540675071805391e-07
-107.5,-85.0,1.1161260758158841e-07
-105.0,-85.0,1.1758899617798585e-07
-102.5,-85.0,1.2180013653118972e-07
-100.0,-85.0,1.2401962856643306e-07
-97.5,-85.0,1.2569722598697921e-07
-95.0,-85.0,1.2875271786386436e-07
-92.5,-85.0,1.3377845935563315e-07
-90.0,-85.0,1.3890428291206483e-07
-87.5,-85.0,1.406013166727672e-07
-85.0,-85.0,1.3726897224482427e-07
-82.5,-85.0,1.3219078522922563e-07
-80.0,-85.0,1.3180322263473916e-07
-77.5,-85.0,1.4346770156626953e-07
-75.0,-85.0,1.7879817579299813e-07
-72.5,-85.0,2.664879195263673e-07
-70.0,-85.0,4.87960414502861e-07
-67.5,-85.0,1.0395149836585956e-06
-65.0,-85.0,1.983931086845171e-06
-62.5,-85.0,2.2461468677303163e-06
-60.0,-85.0,1.4134832416553026e-06
-57.5,-85.0,7.009108826037414e-07
-55.0,-85.0,3.869724270231523e-07
-52.5,-85.0,2.8960012672908857e-07
-50.0,-85.0,3.2809368969547415e-07
-47.5,-85.0,6.153352062160934e-07
-45.0,-85.0,1.7665230181262462e-06
-42.5,-85.0,3.779281403241191e-06
-40.0,-85.0,2.3335223528733756e-06
-37.5,-85.0,6.660435488230678e-07
-35.0,-85.0,2.3720979071499155e-07
-32.5,-85.0,1.5977212879778163e-07
-30.0,-85.0,2.169227869911959e-07
-27.5,-85.0,3.775313872245726e-07
-25.0,-85.0,1.585179977704743e-07
-22.5,-85.0,2.972602969629135e-08
-20.0,-85.0,1.8073528178470648e-08
-17.5,-85.0,7.939088448274638e-08
-15.0,-85.0,6.424783783644479e-07
-12.5,-85.0,4.690420198562335e-07
-10.0,-85.0,2.5815307885238256e-07
-7.5,-85.0,1.4860289690428286e-07
-5.0,-85.0,9.204552681226524e-08
-2.5,-85.0,6.146740261444618e-08
0.0,-85.0,4.366884486405763e-08
2.5,-85.0,3.236989165331932e-08
5.0,-85.0,2.4554277804812913e-08
7.5,-85.0,1.8766065961606037e-08
10.0,-85.0,1.4409132009552718e-08
12.5,-85.0,1.1716935633733986e-08
15.0,-85.0,1.341360503643236e-08
17.5,-85.0,5.0382224851725026e-08
20.0,-85.0,2.4616325497026764e-07
22.5,-85.0,3.664844603457184e-07
25.0,-85.0,3.9576850889615836e-07
27.5,-85.0,4.2638023347220476e-07
30.0,-85.0,4.698438436119022e-07
32.5,-85.0,5.291096318419868e-07
35.0,-85.0,6.073166869088269e-07
37.5,-85.0,7.084763335371648e-07
40.0,-85.0,8.375684884992327e-07
42.5,-85.0,1.000548002769869e-06
45.0,-85.0,1.2042599335297123e-06
47.5,-85.0,1.4562487744329622e-06
50.0,-85.0,1.7644459452879386e-06
52.5,-85.0,2.136609496116696e-06
55.0,-85.0,2.579592024769403e-06
57.5,-85.0,3.098438195025136e-06
60.0,-85.0,3.695322244399802e-06
62.5,-85.0,4.368448888333016e-06
65.0,-85.0,5.111031569940219e-06
67.5,-85.0,5.910556546261689e-06
70.0,-85.0,6.748478043623167e-06
72.5,-85.0,7.6005527033078285e-06
75.0,-85.0,8.437880180232605e-06
77.5,-85.0,9.228689937153694e-06
80.0,-85.0,9.94070303592693e-06
82.5,-85.0,1.054385473831305e-05
85.0,-85.0,1.1012989834117451e-05
87.5,-85.0,1.1330167895753944e-05
90.0,-85.0,1.1486192564240545e-05
92.5,-85.0,1.1481197650311818e-05
95.0,-85.0,1.1324165800341396e-05
97.5,-85.0,1.1031548662432805e-05
100.0,-85.0,1.0625230370760426e-05
102.5,-85.0,1.0130192547648488e-05
105.0,-85.0,9.572212376261806e-06
107.5,-85.0,8.975890969531554e-06
110.0,-85.0,8.363178352176782e-06
112.5,-85.0,7.752467076543962e-06
115.0,-85.0,7.1582131307357094e-06
117.5,-85.0,6.590992434166651e-06
120.0,-85.0,6.057858019864318e-06
122.5,-85.0,5.5628760409257046e-06
125.0,-85.0,5.1077242931549996e-06
127.5,-85.0,4.6922887490034564e-06
130.0,-85.0,4.315187945262526e-06
132.5,-85.0,3.974216205458439e-06
135.0,-85.0,3.666693612189463e-06
137.5,-85.0,3.3897256776953643e-06
140.0,-85.0,3.1403905595567677e-06
142.5,-85.0,2.915861006299778e-06
145.0,-85.0,2.7134839473926157e-06
147.5,-85.0,2.530819170177094e-06
150.0,-85.0,2.365659920204434e-06
152.5,-85.0,2.216031012723075e-06
155.0,-85.0,2.080181059820624e-06
-142.5,-82.5,1.079388672319903e-07
-140.0,-82.5,1.1032030803776732e-07
-137.5,-82.5,1.1419424032650164e-07
-135.0,-82.5,1.1865401173238655e-07
-132.5,-82.5,1.219407817621316e-07
-130.0,-82.5,1.222039711764162e-07
-127.5,-82.5,1.1877644769953326e-07
-125.0,-82.5,1.1273739288190077e-07
-122.5,-82.5,1.0603684842349248e-07
-120.0,-82.5,1.0028560253540515e-07
-117.5,-82.5,9.637748626062151e-08
-115.0,-82.5,9.474839893035984e-08
-112.5,-82.5,9.564867922200043e-08
-110.0,-82.5,9.915320344829462e-08
-107.5,-82.5,1.048831515851136e-07
-105.0,-82.5,1.1161745188956961e-07
-102.5,-82.5,1.1738265737456316e-07
-100.0,-82.5,1.2063734086354873e-07
-97.5,-82.5,1.217920258387642e-07
-95.0,-82.5,1.231359876552385e-07
-92.5,-82.5,1.2696667206542737e-07
-90.0,-82.5,1.3353434691822251e-07
-87.5,-82.5,1.3984977288817402e-07
-85.0,-82.5,1.410597995062007e-07
-82.5,-82.5,1.3572372065417572e-07
-80.0,-82.5,1.289516387531889e-07
-77.5,-82.5,1.2863913434036508e-07
-75.0,-82.5,1.4317335296303412e-07
-72.5,-82.5,1.8777979312701687e-07
-70.0,-82.5,3.0613307365800837e-07
-67.5,-82.5,6.373832776277583e-07
-65.0,-82.5,1.5184755957423497e-06
-62.5,-82.5,2.7580808205321457e-06
-60.0,-82.5,2.4467254170293687e-06
-57.5,-82.5,1.2193009110506616e-06
-55.0,-82.5,5.485650136047121e-07
-52.5,-82.5,3.156031445406139e-07
-50.0,-82.5,2.760218299623503e-07
-47.5,-82.5,4.12976472278745e-07
-45.0,-82.5,1.1330751188030804e-06
-42.5,-82.5,3.753587910453555e-06
-40.0,-82.5,4.11113920163136e-06
-37.5,-82.5,1.094784842243471e-06
-35.0,-82.5,2.5610212423968465e-07
-32.5,-82.5,1.216526818091519e-07
-30.0,-82.5,1.4552545250724383e-07
-27.5,-82.5,4.493039315334896e-07
-25.0,-82.5,8.903991494425892e-07
-22.5,-82.5,1.1925341020917078e-07
-20.0,-82.5,2.5050251111767142e-08
-17.5,-82.5,1.9146645531358776e-07
-15.0,-82.5,9.951715549702269e-07
-12.5,-82.5,5.607358746078792e-07
-10.0,-82.5,2.919265195344111e-07
-7.5,-82.5,1.6127881534081756e-07
-5.0,-82.5,9.750713550012478e-08
-2.5,-82.5,6.459895649353511e-08
0.0,-82.5,4.609511041188945e-08
2.5,-82.5,3.462457964437771e-08
5.0,-82.5,2.681506275565141e-08
7.5,-82.5,2.1114677898101136e-08
10.0,-82.5,1.697726498882955e-08
12.5,-82.5,1.495000500455709e-08
15.0,-82.5,1.9931426871850975e-08
17.5,-82.5,6.833047205076645e-08
20.0,-82.5,2.1265449992171693e-07
22.5,-82.5,2.829633563855558e-07
25.0,-82.5,3.144746424603772e-07
27.5,-82.5,3.518799651893347e-07
30.0,-82.5,4.021321240996006e-07
32.5,-82.5,4.6872598732350024e-07
35.0,-82.5,5.557163271488944e-07
37.5,-82.5,6.68137965577887e-07
40.0,-82.5,8.121455665754006e-07
42.5,-82.5,9.95201325918049e-07
45.0,-82.5,1.2252252539970172e-06
47.5,-82.5,1.507750697699131e-06
50.0,-82.5,1.8527110655681722e-06
52.5,-82.5,2.268482306743078e-06
55.0,-82.5,2.7593423646593024e-06
57.5,-82.5,3.3271182116358003e-06
60.0,-82.5,3.9694287729691914e-06
62.5,-82.5,4.67855837801608e-06
65.0,-82.5,5.440791603941303e-06
67.5,-82.5,6.236308267339894e-06
70.0,-82.5,7.0397786246687515e-06
72.5,-82.5,7.821724878267957e-06
75.0,-82.5,8.550588155795347e-06
77.5,-82.5,9.195303572426536e-06
80.0,-82.5,9.728066042766812e-06
82.5,-82.5,1.012689284867967e-05
85.0,-82.5,1.037760261942604e-05
87.5,-82.5,1.04749270544212e-05
90.0,-82.5,1.042258962720845e-05
92.5,-82.5,1.0232396048772165e-05
95.0,-82.5,9.92254125438454e-06
97.5,-82.5,9.515435026390934e-06
100.0,-82.5,9.035405857552917e-06
102.5,-82.5,8.50659442087994e-06
105.0,-82.5,7.95126641187973e-06
107.5,-82.5,7.388658280336951e-06
110.0,-82.5,6.834374714463086e-06
112.5,-82.5,6.3002449589298856e-06
115.0,-82.5,5.794549942800353e-06
117.5,-82.5,5.322465825098687e-06
120.0,-82.5,4.886624261875058e-06
122.5,-82.5,4.4876912444691845e-06
125.0,-82.5,4.124906297299847e-06
127.5,-82.5,3.796543267188358e-06
130.0,-82.5,3.500283909787843e-06
132.5,-82.5,3.233503514740559e-06
135.0,-82.5,2.993478599287277e-06
137.5,-82.5,2.777528096262805e-06
140.0,-82.5,2.5831045595928117e-06
142.5,-82.5,2.4078479606050644e-06
145.0,-82.5,2.2496104214855634e-06
147.5,-82.5,2.1064622476877544e-06
150.0,-82.5,1.9766882427298358e-06
152.5,-82.5,1.858773336446423e-06
155.0,-82.5,1.7513869113594725e-06
-142.5,-80.0,1.0487252503744633e-07
-140.0,-80.0,1.0589120105363911e-07
-137.5,-80.0,1.0859036910549603e-07
-135.0,-80.0,1.1268840254484583e-07
-132.5,-80.0,1.1690877715896339e-07
-130.0,-80.0,1.192661203675889e-07
-127.5,-80.0,1.181488972976297e-07
-125.0,-80.0,1.1356709938305693e-07
-122.5,-80.0,1.071312777932875e-07
-120.0,-80.0,1.0077163252066828e-07
-117.5,-80.0,9.576466569219011e-08
-115.0,-80.0,9.272783776501145e-08
-112.5,-80.0,9.199509018530347e-08
-110.0,-80.0,9.383230895124004e-08
-107.5,-80.0,9.833231429478136e-08
-105.0,-80.0,1.0498169697100024e-07
-102.5,-80.0,1.121597883367548e-07
-100.0,-80.0,1.174511088271725e-07
-97.5,-80.0,1.1945768836860872e-07
-95.0,-80.0,1.1951001832900446e-07
-92.5,-80.0,1.2082644325349099e-07
-90.0,-80.0,1.2597391534225403e-07
-87.5,-80.0,1.346824751239421e-07
-85.0,-80.0,1.424286122785379e-07
-82.5,-80.0,1.426368948013747e-07
-80.0,-80.0,1.3455153379756088e-07
-77.5,-80.0,1.2590660156410269e-07
-75.0,-80.0,1.2611619859176717e-07
-72.5,-80.0,1.449233561205e-07
-70.0,-80.0,2.0404973175977607e-07
-67.5,-80.0,3.77457241007325e-07
-65.0,-80.0,9.3794075965199e-07
-62.5,-80.0,2.5190241727090517e-06
-60.0,-80.0,3.977511453733977e-06
-57.5,-80.0,2.5361542040807454e-06
-55.0,-80.0,9.885522193010014e-07
-52.5,-80.0,4.1798164044628123e-07
-50.0,-80.0,2.6570821430385125e-07
-47.5,-80.0,2.967369016583176e-07
-45.0,-80.0,6.737669293229324e-07
-42.5,-80.0,2.8568030614152845e-06
-40.0,-80.0,7.046512699527616e-06
-37.5,-80.0,2.472483241866585e-06
-35.0,-80.0,3.497914629145726e-07
-32.5,-80.0,9.618174009324082e-08
-30.0,-80.0,8.519040126283465e-08
-27.5,-80.0,3.083397929566255e-07
-25.0,-80.0,2.734943246654654e-06
-22.5,-80.0,4.291628070635504e-06
-20.0,-80.0,2.1492998464911897e-06
-17.5,-80.0,2.6156578005133634e-06
-15.0,-80.0,1.6303051593774085e-06
-12.5,-80.0,7.921678602799637e-07
-10.0,-80.0,3.832554176578032e-07
-7.5,-80.0,1.9927690769676636e-07
-5.0,-80.0,1.16244962789661e-07
-2.5,-80.0,7.627945591949364e-08
0.0,-80.0,5.512503840610696e-08
2.5,-80.0,4.286754301551631e-08
5.0,-80.0,3.535247416520284e-08
7.5,-80.0,3.069198692221186e-08
10.0,-80.0,2.8622320023966366e-08
12.5,-80.0,3.1699447836488285e-08
15.0,-80.0,5.154222568899999e-08
17.5,-80.0,1.1687767492984931e-07
20.0,-80.0,1.9193002111347983e-07
22.5,-80.0,2.292321762114995e-07
25.0,-80.0,2.619958252648543e-07
27.5,-80.0,3.0417526902199856e-07
30.0,-80.0,3.602389686266621e-07
32.5,-80.0,4.34294711155355e-07
35.0,-80.0,5.313941421489572e-07
37.5,-80.0,6.579168800279967e-07
40.0,-80.0,8.231645574233614e-07
42.5,-80.0,1.0236665441401785e-06
45.0,-80.0,1.0530905822427085e-06
47.5,-80.0,1.5476781298792219e-06
50.0,-80.0,2.0021802275908936e-06
52.5,-80.0,2.4600632340852003e-06
55.0,-80.0,2.998782438371584e-06
57.5,-80.0,3.6102246381656267e-06
60.0,-80.0,4.285451334907419e-06
62.5,-80.0,5.009518062380145e-06
65.0,-80.0,5.761394234880187e-06
67.5,-80.0,6.5148551158130856e-06
70.0,-80.0,7.240172017526998e-06
72.5,-80.0,7.906441800899867e-06
75.0,-80.0,8.484300366106872e-06
77.5,-80.0,8.948638277648166e-06
80.0,-80.0,9.28092999288185e-06
82.5,-80.0,9.47082131646917e-06
85.0,-80.0,9.516759760208627e-06
87.5,-80.0,9.425599485776745e-06
90.0,-80.0,9.211325656652312e-06
92.5,-80.0,8.893151328160365e-06
95.0,-80.0,8.493307499944761e-06
97.5,-80.0,8.034888879631842e-06
100.0,-80.0,7.540003584646521e-06
102.5,-80.0,7.028392338853068e-06
105.0,-80.0,6.516589458567321e-06
107.5,-80.0,6.017577937380194e-06
110.0,-80.0,5.540839768060252e-06
112.5,-80.0,5.092693202946731e-06
115.0,-80.0,4.676782109110589e-06
117.5,-80.0,4.294627706640135e-06
120.0,-80.0,3.946164113287993e-06
122.5,-80.0,3.630211186630002e-06
125.0,-80.0,3.34487025882836e-06
127.5,-80.0,3.0878341294929595e-06
130.0,-80.0,2.856613653459202e-06
132.5,-80.0,2.6487020614135883e-06
135.0,-80.0,2.4616796755437576e-06
137.5,-80.0,2.2932803452582873e-06
140.0,-80.0,2.1414256544166517e-06
142.5,-80.0,2.0042394436689466e-06
145.0,-80.0,1.8800468056059994e-06
147.5,-80.0,1.7673648400283376e-06
150.0,-80.0,1.664889114280098e-06
152.5,-80.0,1.5714766287281763e-06
155.0,-80.0,1.4861283478371778e-06
-142.5,-77.5,1.0326788596400956e-07
-140.0,-77.5,1.0304934646894679e-07
-137.5,-77.5,1.0433262928380961e-07
-135.0,-77.5,1.0744139958807937e-07
-132.5,-77.5,1.1173062699441102e-07
-130.0,-77.5,1.1552689564877004e-07
-127.5,-77.5,1.1671387280076017e-07
-125.0,-77.5,1.141316808940295e-07
-122.5,-77.5,1.0855564143754684e-07
-120.0,-77.5,1.0197006575822861e-07
-117.5,-77.5,9.610684212293819e-08
-115.0,-77.5,9.187464102124735e-08
-112.5,-77.5,8.966792531396026e-08
-110.0,-77.5,8.978199877073435e-08
-107.5,-77.5,9.254745083577927e-08
-105.0,-77.5,9.809213549413086e-08
-102.5,-77.5,1.057066829778317e-07
-100.0,-77.5,1.1321157011650105e-07
-97.5,-77.5,1.1767313794763527e-07
-95.0,-77.5,1.180957453491456e-07
-92.5,-77.5,1.1707397838102686e-07
-90.0,-77.5,1.1877626554084085e-07
-87.5,-77.5,1.2591611803094323e-07
-85.0,-77.5,1.375339900667142e-07
-82.5,-77.5,1.469380536572181e-07
-80.0,-77.5,1.4527678492009848e-07
-77.5,-77.5,1.3346332426995704e-07
-75.0,-77.5,1.2282478729727853e-07
-72.5,-77.5,1.241543476066452e-07
-70.0,-77.5,1.4925448500763405e-07
-67.5,-77.5,2.321698754075337e-07
-65.0,-77.5,5.144588087417661e-07
-62.5,-77.5,1.6211589744582684e-06
-60.0,-77.5,4.755966296545701e-06
-57.5,-77.5,5.627551544555211e-06
-55.0,-77.5,2.370584076775814e-06
-52.5,-77.5,7.303558229150757e-07
-50.0,-77.5,3.090775002325123e-07
-47.5,-77.5,2.3757439510560255e-07
-45.0,-77.5,3.9391766150039494e-07
-42.5,-77.5,1.6524909311052242e-06
-40.0,-77.5,9.013072518568687e-06
-37.5,-77.5,7.703096274127226e-06
-35.0,-77.5,7.674095351996477e-07
-32.5,-77.5,8.77938210505373e-08
-30.0,-77.5,4.669679510710506e-08
-27.5,-77.5,1.6664968449791206e-07
-25.0,-77.5,3.920103676434561e-06
-22.5,-77.5,1.3740966849777298e-05
-20.0,-77.5,1.0149219727914761e-05
-17.5,-77.5,5.783505399050658e-06
-15.0,-77.5,2.823536745591707e-06
-12.5,-77.5,1.2340057208218377e-06
-10.0,-77.5,5.293543934784433e-07
-7.5,-77.5,2.4838257123869485e-07
-5.0,-77.5,1.3583061534436948e-07
-2.5,-77.5,8.607221446867115e-08
0.0,-77.5,6.029251627757748e-08
2.5,-77.5,4.5550466697046226e-08
5.0,-77.5,4.035893846664768e-08
7.5,-77.5,4.350026395950256e-08
10.0,-77.5,5.062884042909121e-08
12.5,-77.5,6.485724235349329e-08
15.0,-77.5,9.407586715712123e-08
17.5,-77.5,1.333901482183031e-07
20.0,-77.5,1.653006316541405e-07
22.5,-77.5,1.9396826522752294e-07
25.0,-77.5,2.2919143877342923e-07
27.5,-77.5,2.7598897913836413e-07
30.0,-77.5,3.385534035050581e-07
32.5,-77.5,4.223495863364381e-07
35.0,-77.5,5.361359387514609e-07
37.5,-77.5,6.857672606785924e-07
40.0,-77.5,8.373747663893505e-07
42.5,-77.5,4.5925159275562427e-07
45.0,-77.5,1.1458460384788224e-07
47.5,-77.5,4.732644242380573e-07
50.0,-77.5,2.2016010994023856e-06
52.5,-77.5,2.7104540905738786e-06
55.0,-77.5,3.289221420244468e-06
57.5,-77.5,3.93081555306236e-06
60.0,-77.5,4.616326687583749e-06
62.5,-77.5,5.323811291553092e-06
65.0,-77.5,6.026654350649545e-06
67.5,-77.5,6.695081331166725e-06
70.0,-77.5,7.299271868780428e-06
72.5,-77.5,7.812007463353483e-06
75.0,-77.5,8.21121849541974e-06
77.5,-77.5,8.4819854445873e-06
80.0,-77.5,8.61767190023761e-06
82.5,-77.5,8.620075241198606e-06
85.0,-77.5,8.49861190200703e-06
87.5,-77.5,8.268761079641498e-06
90.0,-77.5,7.950057910349229e-06
92.5,-77.5,7.563958720376075e-06
95.0,-77.5,7.131896148297578e-06
97.5,-77.5,6.673717141125931e-06
100.0,-77.5,6.206610780647783e-06
102.5,-77.5,5.744550496675494e-06
105.0,-77.5,5.298156178725823e-06
107.5,-77.5,4.874886042163186e-06
110.0,-77.5,4.479441092396829e-06
112.5,-77.5,4.1142600931143635e-06
115.0,-77.5,3.780041356007964e-06
117.5,-77.5,3.476217808392732e-06
120.0,-77.5,3.201370548017685e-06
122.5,-77.5,2.9535558338765543e-06
125.0,-77.5,2.7305599952002276e-06
127.5,-77.5,2.5300778992298302e-06
130.0,-77.5,2.349839721018876e-06
132.5,-77.5,2.187688193739834e-06
135.0,-77.5,2.0416258519866163e-06
137.5,-77.5,1.9098354720831895e-06
140.0,-77.5,1.7906871109741905e-06
142.5,-77.5,1.6827325815352409e-06
145.0,-77.5,1.5846942189494634e-06
147.5,-77.5,1.4954510266969683e-06
150.0,-77.5,1.4140226408491712e-06
152.5,-77.5,1.3395530258440766e-06
155.0,-77.5,1.2712959866803301e-06
-142.5,-75.0,1.0286962521623214e-07
-140.0,-75.0,1.01750295690994e-07
-137.5,-75.0,1.0159210223636735e-07
-135.0,-75.0,1.0329519369776622e-07
-132.5,-75.0,1.0687774919399315e-07
-130.0,-75.0,1.112648752625371e-07
-127.5,-75.0,1.1437705696198895e-07
-125.0,-75.0,1.1413230165014916e-07
-122.5,-75.0,1.100650980934541e-07
-120.0,-75.0,1.0372242778777584e-07
-117.5,-75.0,9.723996231646004e-08
-115.0,-75.0,9.199993009517524e-08
-112.5,-75.0,8.854634334629816e-08
-110.0,-75.0,8.711374973429113e-08
-107.5,-75.0,8.802517314845363e-08
-105.0,-75.0,9.17321096570208e-08
-102.5,-75.0,9.84143682360805e-08
-100.0,-75.0,1.0706628880371784e-07
-97.5,-75.0,1.1471260706886654e-07
-95.0,-75.0,1.1784966708418266e-07
-92.5,-75.0,1.1632137553570121e-07
-90.0,-75.0,1.1435709829893272e-07
-87.5,-75.0,1.169840167251861e-07
-85.0,-75.0,1.2697350597130132e-07
-82.5,-75.0,1.4252964208139546e-07
-80.0,-75.0,1.537536032349173e-07
-77.5,-75.0,1.4879166820519986e-07
-75.0,-75.0,1.3203354098455936e-07
-72.5,-75.0,1.193966111062352e-07
-70.0,-75.0,1.2261917762920869e-07
-67.5,-75.0,1.5703027644973047e-07
-65.0,-75.0,2.81546073692789e-07
-62.5,-75.0,8.087814524718206e-07
-60.0,-75.0,3.427019917721733e-06
-57.5,-75.0,9.781172475756328e-06
-55.0,-75.0,7.1509387961070185e-06
-52.5,-75.0,1.8733876446675575e-06
-50.0,-75.0,4.79884334729993e-07
-47.5,-75.0,2.247592364761805e-07
-45.0,-75.0,2.417507677023859e-07
-42.5,-75.0,7.794193156984614e-07
-40.0,-75.0,6.9266781362330725e-06
-37.5,-75.0,2.3657204871153998e-05
-35.0,-75.0,3.9723869042970055e-06
-32.5,-75.0,1.3263609847001888e-07
-30.0,-75.0,2.673200719449034e-08
-27.5,-75.0,8.557525059587696e-08
-25.0,-75.0,7.725390089027806e-06
-22.5,-75.0,2.931877598602292e-05
-20.0,-75.0,2.0891406180794044e-05
-17.5,-75.0,1.1498793606237423e-05
-15.0,-75.0,5.039721521051288e-06
-12.5,-75.0,1.829433880894005e-06
-10.0,-75.0,6.326111930969071e-07
-7.5,-75.0,2.492680421076394e-07
-5.0,-75.0,1.220769858094529e-07
-2.5,-75.0,7.024963969958505e-08
0.0,-75.0,4.119619814187395e-08
2.5,-75.0,2.3310853648547113e-08
5.0,-75.0,1.866291771217909e-08
7.5,-75.0,2.9743997251590964e-08
10.0,-75.0,5.2456931456025756e-08
12.5,-75.0,7.568068504597709e-08
15.0,-75.0,9.770974712767588e-08
17.5,-75.0,1.1948518375846352e-07
20.0,-75.0,1.4297012302891896e-07
22.5,-75.0,1.7216418081044758e-07
25.0,-75.0,2.1100550844806046e-07
27.5,-75.0,2.635332996111421e-07
30.0,-75.0,3.353891130378929e-07
32.5,-75.0,4.389176107142437e-07
35.0,-75.0,4.6568408041585247e-07
37.5,-75.0,4.7534057768892127e-07
40.0,-75.0,5.659385385091852e-07
42.5,-75.0,1.2836059643119328e-07
45.0,-75.0,6.21280914190336e-08
47.5,-75.0,2.98105263012291e-07
50.0,-75.0,2.3151626609733107e-06
52.5,-75.0,3.015145530611162e-06
55.0,-75.0,3.6241663859989664e-06
57.5,-75.0,4.275131358881126e-06
60.0,-75.0,4.948435434782365e-06
62.5,-75.0,5.5800259159570795e-06
65.0,-75.0,6.188930185739786e-06
67.5,-75.0,6.732605233409719e-06
70.0,-75.0,7.18312697760659e-06
72.5,-75.0,7.521622109606319e-06
75.0,-75.0,7.736765833349526e-06
77.5,-75.0,7.825382118833742e-06
80.0,-75.0,7.792130252862886e-06
82.5,-75.0,7.648362667982524e-06
85.0,-75.0,7.410386016570405e-06
87.5,-75.0,7.097456110846024e-06
90.0,-75.0,6.729799269623995e-06
92.5,-75.0,6.326922584174182e-06
95.0,-75.0,5.906344746413297e-06
97.5,-75.0,5.482813989789835e-06
100.0,-75.0,5.067973921145601e-06
102.5,-75.0,4.6703922477913724e-06
105.0,-75.0,4.295843239629785e-06
107.5,-75.0,3.947735827190441e-06
110.0,-75.0,3.627593935031978e-06
112.5,-75.0,3.335530493301991e-06
115.0,-75.0,3.0706627304657358e-06
117.5,-75.0,2.8314633246010904e-06
120.0,-75.0,2.6160316743593e-06
122.5,-75.0,2.4222961182072116e-06
125.0,-75.0,2.24815777002167e-06
127.5,-75.0,2.0915846943334313e-06
130.0,-75.0,1.950669602021354e-06
132.5,-75.0,1.8236616571325307e-06
135.0,-75.0,1.7089789890988926e-06
137.5,-75.0,1.6052096987666988e-06
140.0,-75.0,1.5111032188617705e-06
142.5,-75.0,1.4255600346836784e-06
145.0,-75.0,1.3476163407653116e-06
147.5,-75.0,1.276430774992836e-06
150.0,-75.0,1.2112694308144074e-06
152.5,-75.0,1.151491996120255e-06
155.0,-75.0,1.0965402959336575e-06
-142.5,-72.5,1.0329297764471895e-07
-140.0,-72.5,1.0184118242300679e-07
-137.5,-72.5,1.0044263827282156e-07
-135.0,-72.5,1.005397775911238e-07
-132.5,-72.5,1.0280947552440361e-07
-130.0,-72.5,1.0689097117914686e-07
-127.5,-72.5,1.1120066916473775e-07
-125.0,-72.5,1.132861429247174e-07
-122.5,-72.5,1.1135808425297565e-07
-120.0,-72.5,1.0588158066824672e-07
-117.5,-72.5,9.906377316403725e-08
-115.0,-72.5,9.292984534459543e-08
-112.5,-72.5,8.840633621319136e-08
-110.0,-72.5,8.57050544820155e-08
-107.5,-72.5,8.497027308072351e-08
-105.0,-72.5,8.662754057768965e-08
-102.5,-72.5,9.131897935081676e-08
-100.0,-72.5,9.92914876326657e-08
-97.5,-72.5,1.0907561142804742e-07
-95.0,-72.5,1.165485067235761e-07
-92.5,-72.5,1.1767977257256261e-07
-90.0,-72.5,1.1385188476961563e-07
-87.5,-72.5,1.1122700538883624e-07
-85.0,-72.5,1.1545643061783631e-07
-82.5,-72.5,1.294114571860555e-07
-80.0,-72.5,1.503457540593132e-07
-77.5,-72.5,1.6336131997919777e-07
-75.0,-72.5,1.5279421313092267e-07
-72.5,-72.5,1.2970691784007672e-07
-70.0,-72.5,1.1524313418644076e-07
-67.5,-72.5,1.213166967521309e-07
-65.0,-72.5,1.697549916068588e-07
-62.5,-72.5,3.7388063539525494e-07
-60.0,-72.5,1.5517562198973836e-06
-57.5,-72.5,8.947292245512938e-06
-55.0,-72.5,1.962815241450722e-05
-52.5,-72.5,7.332831968429248e-06
-50.0,-72.5,1.1769328176172001e-06
-47.5,-72.5,2.794330608048814e-07
-45.0,-72.5,1.6842552653232646e-07
-42.5,-72.5,3.3311695854864726e-07
-40.0,-72.5,3.2212152043952957e-06
-37.5,-72.5,3.885422892895807e-05
-35.0,-72.5,3.809788028918507e-05
-32.5,-72.5,1.3496459858794968e-06
-30.0,-72.5,3.001870846651134e-08
-27.5,-72.5,1.0916629629301579e-07
-25.0,-72.5,3.6186312933472906e-05
-22.5,-72.5,6.39068923395552e-05
-20.0,-72.5,4.398540825519978e-05
-17.5,-72.5,2.256519059817444e-05
-15.0,-72.5,8.070350913932714e-06
-12.5,-72.5,2.1054293553549e-06
-10.0,-72.5,5.166242227226053e-07
-7.5,-72.5,1.6471554362108044e-07
-5.0,-72.5,7.529506758549569e-08
-2.5,-72.5,4.25595809261079e-08
0.0,-72.5,2.4200296561595986e-08
2.5,-72.5,1.3723112510719481e-08
5.0,-72.5,1.1414001476866861e-08
7.5,-72.5,1.7812359715036418e-08
10.0,-72.5,3.668881306115141e-08
12.5,-72.5,6.149308513590477e-08
15.0,-72.5,8.3388000685365e-08
17.5,-72.5,1.042350792399326e-07
20.0,-72.5,1.2881475122225364e-07
22.5,-72.5,1.6112123636139935e-07
25.0,-72.5,2.0511323771909328e-07
27.5,-72.5,2.6594991067007285e-07
30.0,-72.5,3.538880845354612e-07
32.5,-72.5,4.1295148291758045e-07
35.0,-72.5,1.3494485622310758e-07
37.5,-72.5,1.0910020002585615e-07
40.0,-72.5,2.500283654839361e-07
42.5,-72.5,8.387478853182007e-08
45.0,-72.5,7.610859676773425e-08
47.5,-72.5,3.9950124140918616e-07
50.0,-72.5,2.4867176478999768e-06
52.5,-72.5,3.3660836332058824e-06
55.0,-72.5,3.325470561634105e-06
57.5,-72.5,8.926180870493025e-07
60.0,-72.5,1.7418964418219484e-06
62.5,-72.5,5.749883113535261e-06
65.0,-72.5,6.211884648630281e-06
67.5,-72.5,6.6026186138197845e-06
70.0,-72.5,6.885587856621562e-06
72.5,-72.5,7.051494652382095e-06
75.0,-72.5,7.100213617911857e-06
77.5,-72.5,7.038718919531892e-06
80.0,-72.5,6.879671976334972e-06
82.5,-72.5,6.639616846596132e-06
85.0,-72.5,6.337058420202621e-06
87.5,-72.5,5.990698776163278e-06
90.0,-72.5,5.618013565334119e-06
92.5,-72.5,5.234263974011389e-06
95.0,-72.5,4.851962264744599e-06
97.5,-72.5,4.48071177626385e-06
100.0,-72.5,4.127353983461536e-06
102.5,-72.5,3.796300137986503e-06
105.0,-72.5,3.489957045054178e-06
107.5,-72.5,3.209176184564505e-06
110.0,-72.5,2.9536722442717645e-06
112.5,-72.5,2.7223828984526743e-06
115.0,-72.5,2.513762618970266e-06
117.5,-72.5,2.326005306300999e-06
120.0,-72.5,2.157205463242754e-06
122.5,-72.5,2.0054719722619285e-06
125.0,-72.5,1.86899865101237e-06
127.5,-72.5,1.7461064447692872e-06
130.0,-72.5,1.6352650144085722e-06
132.5,-72.5,1.5350989610283166e-06
135.0,-72.5,1.4443846968132557e-06
137.5,-72.5,1.3620423190466814e-06
140.0,-72.5,1.2871232090353153e-06
142.5,-72.5,1.2187978998753948e-06
145.0,-72.5,1.1563419015408355e-06
147.5,-72.5,1.0991236957706292e-06
150.0,-72.5,1.0465923183864191e-06
152.5,-72.5,9.982673278396648e-07
155.0,-72.5,9.53728610688168e-07
-142.5,-70.0,1.0401150994759733e-07
-140.0,-70.0,1.0302148300169626e-07
-137.5,-70.0,1.0085555837472347e-07
-135.0,-70.0,9.93780407289406e-08
-132.5,-70.0,9.993643996934815e-08
-130.0,-70.0,1.0290593297840133e-07
-127.5,-70.0,1.0745329871199706e-07
-125.0,-70.0,1.1140060437502554e-07
-122.5,-70.0,1.1203914883254677e-07
-120.0,-70.0,1.082349731218999e-07
-117.5,-70.0,1.0154757464142287e-07
-115.0,-70.0,9.459585779881445e-08
-112.5,-70.0,8.903405877981997e-08
-110.0,-70.0,8.528085525916355e-08
-107.5,-70.0,8.326793468516383e-08
-105.0,-70.0,8.312668110879645e-08
-102.5,-70.0,8.54769757975957e-08
-100.0,-70.0,9.12414916233049e-08
-97.5,-70.0,1.0074182557508721e-07
-95.0,-70.0,1.1176033301221802e-07
-92.5,-70.0,1.1851705092341726e-07
-90.0,-70.0,1.1674900173589377e-07
-87.5,-70.0,1.1039309291935325e-07
-85.0,-70.0,1.0757878154515504e-07
-82.5,-70.0,1.142356310146085e-07
-80.0,-70.0,1.3366542071697296e-07
-77.5,-70.0,1.6209095338374347e-07
-75.0,-70.0,1.763966160385219e-07
-72.5,-70.0,1.566311453159498e-07
-70.0,-70.0,1.2584951945842215e-07
-67.5,-70.0,1.0993691000600576e-07
-65.0,-70.0,1.1999192105920994e-07
-62.5,-70.0,1.9027981753370403e-07
-60.0,-70.0,5.669257611774356e-07
-57.5,-70.0,3.853840723189495e-06
-55.0,-70.0,2.6911555213996367e-05
-52.5,-70.0,3.292142135320785e-05
-50.0,-70.0,5.472662705104556e-06
-47.5,-70.0,5.665464631416396e-07
-45.0,-70.0,1.491203483442759e-07
-42.5,-70.0,1.479175358073081e-07
-40.0,-70.0,9.923838765042402e-07
-37.5,-70.0,3.223332726257404e-05
-35.0,-70.0,0.00012697670413798243
-32.5,-70.0,8.629943071302614e-05
-30.0,-70.0,1.3816607311652014e-05
-27.5,-70.0,4.109417223084061e-05
-25.0,-70.0,0.00014614296496748212
-22.5,-70.0,0.0001313772244788724
-20.0,-70.0,8.892439297218536e-05
-17.5,-70.0,3.98659758850849e-05
-15.0,-70.0,1.016927512529334e-05
-12.5,-70.0,1.614294880399361e-06
-10.0,-70.0,2.667506502682688e-07
-7.5,-70.0,7.758835849516066e-08
-5.0,-70.0,3.925074893281302e-08
-2.5,-70.0,2.6220111267114416e-08
0.0,-70.0,1.8387330951672844e-08
2.5,-70.0,1.3375355978045295e-08
5.0,-70.0,1.2408436667348244e-08
7.5,-70.0,1.675128524062307e-08
10.0,-70.0,2.9314113314215914e-08
12.5,-70.0,4.932503914282587e-08
15.0,-70.0,7.14153402978367e-08
17.5,-70.0,9.457848330720376e-08
20.0,-70.0,1.2251448576160948e-07
22.5,-70.0,1.5977205742217539e-07
25.0,-70.0,2.1146301065481298e-07
27.5,-70.0,2.8544145891015944e-07
30.0,-70.0,3.888574062298208e-07
32.5,-70.0,2.891109346680733e-07
35.0,-70.0,8.4764579952725e-08
37.5,-70.0,7.910110062887323e-08
40.0,-70.0,1.413308478429845e-07
42.5,-70.0,8.642393160015959e-08
45.0,-70.0,1.1916560047656685e-07
47.5,-70.0,6.408317234704499e-07
50.0,-70.0,2.8013269609709934e-06
52.5,-70.0,3.141665279321044e-06
55.0,-70.0,6.84900826796264e-07
57.5,-70.0,1.1868249454315201e-07
60.0,-70.0,4.7066974663031506e-07
62.5,-70.0,5.459540468537056e-06
65.0,-70.0,6.0832690894176294e-06
67.5,-70.0,6.3087377091300676e-06
70.0,-70.0,6.4316695844691635e-06
72.5,-70.0,6.447228535787044e-06
75.0,-70.0,6.3639926052920524e-06
77.5,-70.0,6.195366433173732e-06
80.0,-70.0,5.957655871304923e-06
82.5,-70.0,5.66829726191744e-06
85.0,-70.0,5.344325720417756e-06
87.5,-70.0,5.001216894302706e-06
90.0,-70.0,4.6521483340964865e-06
92.5,-70.0,4.30765468502043e-06
95.0,-70.0,3.975607438903564e-06
97.5,-70.0,3.661435382286768e-06
100.0,-70.0,3.3684706771206885e-06
102.5,-70.0,3.098361318890619e-06
105.0,-70.0,2.8514743641185875e-06
107.5,-70.0,2.627266821742594e-06
110.0,-70.0,2.424590157522489e-06
112.5,-70.0,2.241936319731844e-06
115.0,-70.0,2.0776177879794687e-06
117.5,-70.0,1.929900489714207e-06
120.0,-70.0,1.797088625315437e-06
122.5,-70.0,1.6775806692836761e-06
125.0,-70.0,1.5698999989038566e-06
127.5,-70.0,1.4727075524421209e-06
130.0,-70.0,1.3848054204755752e-06
132.5,-70.0,1.3051303097078321e-06
135.0,-70.0,1.2327463705531995e-06
137.5,-70.0,1.1668324528393012e-06
140.0,-70.0,1.1066707183633748e-06
142.5,-70.0,1.0516349894961116e-06
145.0,-70.0,1.0011790282874144e-06
147.5,-70.0,9.54826202120222e-07
150.0,-70.0,9.121604964200526e-07
152.5,-70.0,8.728180070337265e-07
155.0,-70.0,8.364799368875022e-07
-142.5,-67.5,1.0440743771839499e-07
-140.0,-67.5,1.0479153430720893e-07
-137.5,-67.5,1.0265489189202945e-07
-135.0,-67.5,9.992200067185927e-08
-132.5,-67.5,9.860080484911783e-08
-130.0,-67.5,9.98353540306409e-08
-127.5,-67.5,1.0361443451707415e-07
-125.0,-67.5,1.085060098621058e-07
-122.5,-67.5,1.1166663357162293e-07
-120.0,-67.5,1.1039046814694296e-07
-117.5,-67.5,1.0464147877596489e-07
-115.0,-67.5,9.707607187173537e-08
-112.5,-67.5,9.035683646259529e-08
-110.0,-67.5,8.555459155439099e-08
-107.5,-67.5,8.257735023253398e-08
-105.0,-67.5,8.113917712555145e-08
-102.5,-67.5,8.145122231739867e-08
-100.0,-67.5,8.444801229387904e-08
-97.5,-67.5,9.144852542261838e-08
-95.0,-67.5,1.0283628229820183e-07
-92.5,-67.5,1.1515721807266333e-07
-90.0,-67.5,1.202817223783116e-07
-87.5,-67.5,1.1455412766000902e-07
-85.0,-67.5,1.0571191503264098e-07
-82.5,-67.5,1.0337295550049151e-07
-80.0,-67.5,1.1344097686396499e-07
-77.5,-67.5,1.4050212291473257e-07
-75.0,-67.5,1.7969359029541424e-07
-72.5,-67.5,1.936900571340749e-07
-70.0,-67.5,1.5936931573162734e-07
-67.5,-67.5,1.19845894468563e-07
-65.0,-67.5,1.0303294933922584e-07
-62.5,-67.5,1.1834269175646772e-07
-60.0,-67.5,2.2463080770056603e-07
-57.5,-67.5,1.0456326691110873e-06
-55.0,-67.5,1.2665829935657953e-05
-52.5,-67.5,7.815625771282381e-05
-50.0,-67.5,4.067467027740083e-05
-47.5,-67.5,2.750407031632666e-06
-45.0,-67.5,2.1191769150625597e-07
-42.5,-67.5,8.032367587098841e-08
-40.0,-67.5,2.36442467381815e-07
-37.5,-67.5,1.590786650205688e-05
-35.0,-67.5,0.00019085916988980474
-32.5,-67.5,0.000230398567637546
-30.0,-67.5,0.00024835022832717964
-27.5,-67.5,0.00026962447350849494
-25.0,-67.5,0.0002785985428890795
-22.5,-67.5,0.00025019196765797066
-20.0,-67.5,0.0001648110107704227
-17.5,-67.5,6.043825585355844e-05
-15.0,-67.5,9.701446305674413e-06
-12.5,-67.5,8.642497547657822e-07
-10.0,-67.5,1.0973530253571632e-07
-7.5,-67.5,3.473086188644553e-08
-5.0,-67.5,2.1057484566445204e-08
-2.5,-67.5,1.757408796443094e-08
0.0,-67.5,1.575942650696692e-08
2.5,-67.5,1.4232868331709643e-08
5.0,-67.5,1.4442057136814018e-08
7.5,-67.5,1.8151407676382247e-08
10.0,-67.5,2.7459854697738075e-08
12.5,-67.5,4.351350453097055e-08
15.0,-67.5,6.497099137574613e-08
17.5,-67.5,9.095650909921002e-08
20.0,-67.5,1.2397143465283763e-07
22.5,-67.5,1.689345270327819e-07
25.0,-67.5,2.326603100670497e-07
27.5,-67.5,3.2673194886756157e-07
30.0,-67.5,4.16744231766838e-07
32.5,-67.5,2.2265641647487296e-07
35.0,-67.5,8.41173481957699e-08
37.5,-67.5,8.131312863118577e-08
40.0,-67.5,1.161453615421697e-07
42.5,-67.5,1.0961145869654503e-07
45.0,-67.5,2.0578522698861862e-07
47.5,-67.5,1.0288971599461908e-06
50.0,-67.5,2.940747543726968e-06
52.5,-67.5,1.3220868572183919e-06
55.0,-67.5,1.7812581240459727e-07
57.5,-67.5,9.095777865885844e-08
60.0,-67.5,5.207918993030212e-07
62.5,-67.5,5.040095300950422e-06
65.0,-67.5,5.811360600828389e-06
67.5,-67.5,5.88243827495773e-06
70.0,-67.5,5.870202734679382e-06
72.5,-67.5,5.7704508080796824e-06
75.0,-67.5,5.596387724799222e-06
77.5,-67.5,5.363736903044082e-06
80.0,-67.5,5.088695085952135e-06
82.5,-67.5,4.786623970551844e-06
85.0,-67.5,4.471133545214455e-06
87.5,-67.5,4.153543570897444e-06
90.0,-67.5,3.842697484075768e-06
92.5,-67.5,3.5450329208112534e-06
95.0,-67.5,3.264839310817576e-06
97.5,-67.5,3.004611268540852e-06
100.0,-67.5,2.765426122362515e-06
102.5,-67.5,2.5473109899895692e-06
105.0,-67.5,2.349559849577484e-06
107.5,-67.5,2.1709965615748437e-06
110.0,-67.5,2.0101773240676705e-06
112.5,-67.5,1.8655409620117129e-06
115.0,-67.5,1.7355125211793712e-06
117.5,-67.5,1.6185729575948235e-06
120.0,-67.5,1.5132997297410845e-06
122.5,-67.5,1.418389518929861e-06
125.0,-67.5,1.33266651514383e-06
127.5,-67.5,1.2550812430541768e-06
130.0,-67.5,1.184705616953914e-06
132.5,-67.5,1.1207231957005328e-06
135.0,-67.5,1.0624185209529921e-06
137.5,-67.5,1.0091667425337068e-06
140.0,-67.5,9.604225216518541e-07
142.5,-67.5,9.157100405218388e-07
145.0,-67.5,8.746141972206645e-07
147.5,-67.5,8.36772069074362e-07
150.0,-67.5,8.018661428965879e-07
152.5,-67.5,7.696177812948433e-07
155.0,-67.5,7.397820405931957e-07
-142.5,-65.0,1.0392497270761468e-07
-140.0,-65.0,1.0644609751930573e-07
-137.5,-65.0,1.0543244177459802e-07
-135.0,-65.0,1.0215326461226472e-07
-132.5,-65.0,9.906762964931551e-08
-130.0,-65.0,9.817119192046432e-08
-127.5,-65.0,1.0030328051800846e-07
-125.0,-65.0,1.0496033786787863e-07
-122.5,-65.0,1.0994086286719604e-07
-120.0,-65.0,1.1173020764471676e-07
-117.5,-65.0,1.0809212664852051e-07
-115.0,-65.0,1.0052261064012442e-07
-112.5,-65.0,9.25328555228851e-08
-110.0,-65.0,8.640679587136456e-08
-107.5,-65.0,8.250233231418932e-08
-105.0,-65.0,8.024535130351572e-08
-102.5,-65.0,7.920212078116967e-08
-100.0,-65.0,7.978822649113348e-08
-97.5,-65.0,8.341251675281759e-08
-95.0,-65.0,9.19337345382238e-08
-92.5,-65.0,1.0574150213835627e-07
-90.0,-65.0,1.1930377988243923e-07
-87.5,-65.0,1.213214303092952e-07
-85.0,-65.0,1.1059247062997739e-07
-82.5,-65.0,9.972252005627739e-08
-80.0,-65.0,9.866741832312477e-08
-77.5,-65.0,1.1333574273101117e-07
-75.0,-65.0,1.5134738110726816e-07
-72.5,-65.0,2.0671179865604588e-07
-70.0,-65.0,2.1632767904059856e-07
-67.5,-65.0,1.5991390879747042e-07
-65.0,-65.0,1.1120889431723847e-07
-62.5,-65.0,9.411330816304759e-08
-60.0,-65.0,1.1608971620795767e-07
-57.5,-65.0,2.877077881387581e-07
-55.0,-65.0,2.5630370421063833e-06
-52.5,-65.0,5.046742982354404e-05
-50.0,-65.0,0.0001775178112551041
-47.5,-65.0,3.6333881124227406e-05
-45.0,-65.0,9.060326110276135e-07
-42.5,-65.0,6.784961500444197e-08
-40.0,-65.0,6.024363419622587e-08
-37.5,-65.0,4.688572898189858e-06
-35.0,-65.0,0.00026267496082503093
-32.5,-65.0,0.000333957611136512
-30.0,-65.0,0.0003770338712253976
-27.5,-65.0,0.0004280987641923098
-25.0,-65.0,0.00046654577454170927
-22.5,-65.0,0.0004372604362386087
-20.0,-65.0,0.0002776968175936182
-17.5,-65.0,7.9679817450555e-05
-15.0,-65.0,7.6271306251392774e-06
-12.5,-65.0,4.2351227845136905e-07
-10.0,-65.0,5.138448332941708e-08
-7.5,-65.0,1.7963444877189057e-08
-5.0,-65.0,1.2446585522363834e-08
-2.5,-65.0,1.2606438955501318e-08
0.0,-65.0,1.3785117151469401e-08
2.5,-65.0,1.4595028930675072e-08
5.0,-65.0,1.600790292284122e-08
7.5,-65.0,1.9768645195898428e-08
10.0,-65.0,2.7826645432690324e-08
12.5,-65.0,4.214451982372398e-08
15.0,-65.0,6.390045395301794e-08
17.5,-65.0,9.400989409375184e-08
20.0,-65.0,1.3553893799605864e-07
22.5,-65.0,1.9474639729046787e-07
25.0,-65.0,2.7977870832994893e-07
27.5,-65.0,3.99466757676712e-07
30.0,-65.0,4.343014126420883e-07
32.5,-65.0,2.0381335919052845e-07
35.0,-65.0,9.444998742100838e-08
37.5,-65.0,8.97024954987074e-08
40.0,-65.0,1.1875719171327983e-07
42.5,-65.0,1.5469519238865623e-07
45.0,-65.0,3.6351253289174044e-07
47.5,-65.0,1.4452805050525754e-06
50.0,-65.0,1.6002709516131169e-06
52.5,-65.0,2.885592762866111e-07
55.0,-65.0,7.195042866385541e-08
57.5,-65.0,6.50250367274978e-08
60.0,-65.0,5.801945629703651e-07
62.5,-65.0,4.830651768689305e-06
65.0,-65.0,5.425353865716807e-06
67.5,-65.0,5.372665839073401e-06
70.0,-65.0,5.25915022631246e-06
72.5,-65.0,5.082095823537081e-06
75.0,-65.0,4.8555392526101975e-06
77.5,-65.0,4.594370590232954e-06
80.0,-65.0,4.312374524318025e-06
82.5,-65.0,4.021487868315058e-06
85.0,-65.0,3.7314304430127313e-06
87.5,-65.0,3.449626963416032e-06
90.0,-65.0,3.181344081653763e-06
92.5,-65.0,2.9299670319231794e-06
95.0,-65.0,2.697337903733696e-06
97.5,-65.0,2.484108056892444e-06
100.0,-65.0,2.2900603231222917e-06
102.5,-65.0,2.1143875609931667e-06
105.0,-65.0,1.9559160280962953e-06
107.5,-65.0,1.813274864229294e-06
110.0,-65.0,1.6850197572456802e-06
112.5,-65.0,1.5697175234497058e-06
115.0,-65.0,1.4660000396375692e-06
117.5,-65.0,1.3725965513717832e-06
120.0,-65.0,1.288348770206037e-06
122.5,-65.0,1.2122158052914302e-06
125.0,-65.0,1.143271520666321e-06
127.5,-65.0,1.0806983559662557e-06
130.0,-65.0,1.0237783505243567e-06
132.5,-65.0,9.718825194211113e-07
135.0,-65.0,9.244619849865363e-07
137.5,-65.0,8.810376599775056e-07
140.0,-65.0,8.411912467967405e-07
142.5,-65.0,8.045578785340432e-07
145.0,-65.0,7.708182605470089e-07
147.5,-65.0,7.396926892650986e-07
150.0,-65.0,7.109356399706431e-07
152.5,-65.0,6.843310598588202e-07
155.0,-65.0,6.596880824391544e-07
-142.5,-62.5,1.0229203812358144e-07
-140.0,-62.5,1.071981833492739e-07
-137.5,-62.5,1.0846638870140362e-07
-135.0,-62.5,1.0582154754498103e-07
-132.5,-62.5,1.0149852720655395e-07
-130.0,-62.5,9.834314018446985e-08
-127.5,-62.5,9.817138551255756e-08
-125.0,-62.5,1.0142435182534483e-07
-122.5,-62.5,1.0695421473623905e-07
-120.0,-62.5,1.1157441533750225e-07
-117.5,-62.5,1.1125624899551458e-07
-115.0,-62.5,1.0494207369164925e-07
-112.5,-62.5,9.591603408913362e-08
-110.0,-62.5,8.803390594908986e-08
-107.5,-62.5,8.282607825235435e-08
-105.0,-62.5,7.989628343358064e-08
-102.5,-62.5,7.822220170652846e-08
-100.0,-62.5,7.73097317175277e-08
-97.5,-62.5,7.796193781235128e-08
-95.0,-62.5,8.226400296513749e-08
-92.5,-62.5,9.278400955347645e-08
-90.0,-62.5,1.0978601952860535e-07
-87.5,-62.5,1.2420131593049343e-07
-85.0,-62.5,1.2090851252429427e-07
-82.5,-62.5,1.0452340246044189e-07
-80.0,-62.5,9.254360490032693e-08
-77.5,-62.5,9.36341510069338e-08
-75.0,-62.5,1.1444352968271021e-07
-72.5,-62.5,1.6900736495149675e-07
-70.0,-62.5,2.501475339179397e-07
-67.5,-62.5,2.4579977863127077e-07
-65.0,-62.5,1.5730873286890064e-07
-62.5,-62.5,9.965140719036526e-08
-60.0,-62.5,8.286952954271266e-08
-57.5,-62.5,1.1322551955729605e-07
-55.0,-62.5,4.262295840448629e-07
-52.5,-62.5,9.225238522166064e-06
-50.0,-62.5,0.00018514893158730003
-47.5,-62.5,0.0003003927783735309
-45.0,-62.5,2.858435766866941e-05
-42.5,-62.5,2.2236292908748153e-07
-40.0,-62.5,2.6000645188082526e-08
-37.5,-62.5,1.3770192107502206e-06
-35.0,-62.5,0.0003725050702470054
-32.5,-62.5,0.00045126381666904384
-30.0,-62.5,0.0005252484267444378
-27.5,-62.5,0.0006232949537280554
-25.0,-62.5,0.0007171969352834194
-22.5,-62.5,0.0007044059186188353
-20.0,-62.5,0.0004312714507141848
-17.5,-62.5,9.304328303392942e-05
-15.0,-62.5,5.448175036338314e-06
-12.5,-62.5,2.484024563513762e-07
-10.0,-62.5,3.4369624885222204e-08
-7.5,-62.5,1.2759163776131245e-08
-5.0,-62.5,9.871928720074674e-09
-2.5,-62.5,1.0724909004707848e-08
0.0,-62.5,1.2863006893174348e-08
2.5,-62.5,1.493517247303943e-08
5.0,-62.5,1.736005532037642e-08
7.5,-62.5,2.1644145290013234e-08
10.0,-62.5,2.9783851339883067e-08
12.5,-62.5,4.442235220009121e-08
15.0,-62.5,6.88017745353643e-08
17.5,-62.5,1.0662245232344533e-07
20.0,-62.5,1.5519913871131432e-07
22.5,-62.5,1.7211951596855618e-07
25.0,-62.5,1.8515092362082457e-07
27.5,-62.5,4.808121530308405e-07
30.0,-62.5,4.5535625933365983e-07
32.5,-62.5,2.0616281976338696e-07
35.0,-62.5,1.0850792274648817e-07
37.5,-62.5,1.0202956875724498e-07
40.0,-62.5,1.3775104194826672e-07
42.5,-62.5,2.2898311185984322e-07
45.0,-62.5,5.725619487715492e-07
47.5,-62.5,1.035043856680347e-06
50.0,-62.5,3.431961504219563e-07
52.5,-62.5,8.272991408257353e-08
55.0,-62.5,4.518295694874874e-08
57.5,-62.5,7.42273010373302e-08
60.0,-62.5,9.022118682858215e-07
62.5,-62.5,4.6568604188991064e-06
65.0,-62.5,4.972325492060457e-06
67.5,-62.5,4.831332001249192e-06
70.0,-62.5,4.6507760405621935e-06
72.5,-62.5,4.429718084946764e-06
75.0,-62.5,4.180610394064869e-06
77.5,-62.5,3.9157715037645645e-06
80.0,-62.5,3.6456876861686825e-06
82.5,-62.5,3.3787280129627503e-06
85.0,-62.5,3.121144401317156e-06
87.5,-62.5,2.8772523230545514e-06
90.0,-62.5,2.649712891670701e-06
92.5,-62.5,2.439857181879983e-06
95.0,-62.5,2.2480076552440813e-06
97.5,-62.5,2.0737656291669804e-06
100.0,-62.5,1.9162554798935606e-06
102.5,-62.5,1.7743145699942163e-06
105.0,-62.5,1.6466384004381462e-06
107.5,-62.5,1.531882714026181e-06
110.0,-62.5,1.428731955388279e-06
112.5,-62.5,1.3359425356678597e-06
115.0,-62.5,1.2523670369599466e-06
117.5,-62.5,1.1769651612129194e-06
120.0,-62.5,1.1088053538791189e-06
122.5,-62.5,1.0470610367295677e-06
125.0,-62.5,9.910040291684925e-07
127.5,-62.5,9.399954250179968e-07
130.0,-62.5,8.934765932156373e-07
132.5,-62.5,8.509594785588309e-07
135.0,-62.5,8.120187309797481e-07
137.5,-62.5,7.762825839939857e-07
140.0,-62.5,7.434267265483232e-07
142.5,-62.5,7.131672830782993e-07
145.0,-62.5,6.852553052494352e-07
147.5,-62.5,6.594722072678357e-07
150.0,-62.5,6.356253527501577e-07
152.5,-62.5,6.135445178847868e-07
155.0,-62.5,5.930788906967035e-07
-142.5,-60.0,9.967483475650863e-08
-140.0,-60.0,1.0646481098294221e-07
-137.5,-60.0,1.1075956777610127e-07
-135.0,-60.0,1.1028843754469854e-07
-132.5,-60.0,1.0585738497763942e-07
-130.0,-60.0,1.0070433376633407e-07
-127.5,-60.0,9.782837766187614e-08
-125.0,-60.0,9.87122965425395e-08
-122.5,-60.0,1.033021757146548e-07
-120.0,-60.0,1.0957068628466957e-07
-117.5,-60.0,1.1311796365527052e-07
-115.0,-60.0,1.0987395316710258e-07
-112.5,-60.0,1.00843779554194e-07
-110.0,-60.0,9.095994332914825e-08
-107.5,-60.0,8.373434523635207e-08
-105.0,-60.0,7.971333298499513e-08
-102.5,-60.0,7.775962289370998e-08
-100.0,-60.0,7.641850587250872e-08
-97.5,-60.0,7.527578809712694e-08
-95.0,-60.0,7.579431728990863e-08
-92.5,-60.0,8.095937917831968e-08
-90.0,-60.0,9.4253718486092e-08
-87.5,-60.0,1.1556118182138615e-07
-85.0,-60.0,1.2972641563898236e-07
-82.5,-60.0,1.1818176568053795e-07
-80.0,-60.0,9.63462157479374e-08
-77.5,-60.0,8.448400842918991e-08
-75.0,-60.0,8.856304306938409e-08
-72.5,-60.0,1.1778110417255023e-07
-70.0,-60.0,1.99430574451407e-07
-67.5,-60.0,3.2479724415072687e-07
-65.0,-60.0,2.846386800208588e-07
-62.5,-60.0,1.5112817294971353e-07
-60.0,-60.0,8.513098485780287e-08
-57.5,-60.0,6.927191422576986e-08
-55.0,-60.0,1.1087413919484037e-07
-52.5,-60.0,8.541546210567606e-07
-50.0,-60.0,4.924120811918363e-05
-47.5,-60.0,0.0004198005555346393
-45.0,-60.0,0.0004614397084794495
-42.5,-60.0,5.667782200236078e-05
-40.0,-60.0,2.9702403699655763e-07
-37.5,-60.0,2.7409565170754883e-05
-35.0,-60.0,0.000510474270291556
-32.5,-60.0,0.0005776856086437502
-30.0,-60.0,0.0006873663210617565
-27.5,-60.0,0.0008448117632599701
-25.0,-60.0,0.001022399556870846
-22.5,-60.0,0.0010592236420946203
-20.0,-60.0,0.000613129319590035
-17.5,-60.0,8.711531910673162e-05
-15.0,-60.0,3.1531420213915484e-06
-12.5,-60.0,1.6780311910060752e-07
-10.0,-60.0,3.295222536294435e-08
-7.5,-60.0,1.424047754209129e-08
-5.0,-60.0,1.0750252341387381e-08
-2.5,-60.0,1.1496390147513303e-08
0.0,-60.0,1.3689417206874417e-08
2.5,-60.0,1.6234458976132186e-08
5.0,-60.0,1.942993614872512e-08
7.5,-60.0,2.4620218379717358e-08
10.0,-60.0,3.403260676850236e-08
12.5,-60.0,5.134502259927114e-08
15.0,-60.0,8.162836998813885e-08
17.5,-60.0,1.1887850860617286e-07
20.0,-60.0,1.1915941488513247e-07
22.5,-60.0,9.731258039830121e-08
25.0,-60.0,1.649202727466543e-07
27.5,-60.0,6.096605241097143e-07
30.0,-60.0,4.836066033891418e-07
32.5,-60.0,2.1794218801380955e-07
35.0,-60.0,1.2482920294123329e-07
37.5,-60.0,1.1957968642953283e-07
40.0,-60.0,1.7103987506212507e-07
42.5,-60.0,3.174250207315891e-07
45.0,-60.0,5.535300925641135e-07
47.5,-60.0,3.6262329287841264e-07
50.0,-60.0,1.1617272754595894e-07
52.5,-60.0,5.663705534553023e-08
55.0,-60.0,5.691880135722183e-08
57.5,-60.0,1.7147285275798383e-07
60.0,-60.0,1.6965928135935622e-06
62.5,-60.0,4.4311401196231335e-06
65.0,-60.0,4.499236734549823e-06
67.5,-60.0,4.301517476460942e-06
70.0,-60.0,4.0825791140250094e-06
72.5,-60.0,3.842463064148873e-06
75.0,-60.0,3.5909785816903273e-06
77.5,-60.0,3.3373199409583552e-06
80.0,-60.0,3.0887218665612445e-06
82.5,-60.0,2.850468170864386e-06
85.0,-60.0,2.6260940610725468e-06
87.5,-60.0,2.417669624586133e-06
90.0,-60.0,2.226110060840235e-06
92.5,-60.0,2.051469181801786e-06
95.0,-60.0,1.8931998306847727e-06
97.5,-60.0,1.7503677188494946e-06
100.0,-60.0,1.6218160494068163e-06
102.5,-60.0,1.5062904467266399e-06
105.0,-60.0,1.4025231355597057e-06
107.5,-60.0,1.3092894655963268e-06
110.0,-60.0,1.225443254749823e-06
112.5,-60.0,1.149933229783258e-06
115.0,-60.0,1.0818115792394824e-06
117.5,-60.0,1.0202324222669436e-06
120.0,-60.0,9.644478845994205e-07
122.5,-60.0,9.137999384076307e-07
125.0,-60.0,8.677123022801951e-07
127.5,-60.0,8.256817437861151e-07
130.0,-60.0,7.872688989873176e-07
132.5,-60.0,7.520907197248205e-07
135.0,-60.0,7.198127484257362e-07
137.5,-60.0,6.90143081987054e-07
140.0,-60.0,6.628260539972403e-07
142.5,-60.0,6.376375984340114e-07
145.0,-60.0,6.143805124217144e-07
147.5,-60.0,5.928813031946433e-07
150.0,-60.0,5.729863635704643e-07
152.5,-60.0,5.545594456892964e-07
155.0,-60.0,5.374794540832149e-07
-142.5,-57.5,9.663155263583848e-08
-140.0,-57.5,1.0418059206383461e-07
-137.5,-57.5,1.1133098451886246e-07
-135.0,-57.5,1.1442600326214418e-07
-132.5,-57.5,1.1170463839315932e-07
-130.0,-57.5,1.0546820601173107e-07
-127.5,-57.5,9.982416708100464e-08
-125.0,-57.5,9.763779343607151e-08
-122.5,-57.5,9.994184949117935e-08
-120.0,-57.5,1.060564157711928e-07
-117.5,-57.5,1.1271022807015806e-07
-115.0,-57.5,1.1415402406401282e-07
-112.5,-57.5,1.0724572158095527e-07
-110.0,-57.5,9.585576397293937e-08
-107.5,-57.5,8.58757792313281e-08
-105.0,-57.5,7.981404330185041e-08
-102.5,-57.5,7.718456052254941e-08
-100.0,-57.5,7.610961950185935e-08
-97.5,-57.5,7.469543832315946e-08
-95.0,-57.5,7.287496658868755e-08
-92.5,-57.5,7.31436020239875e-08
-90.0,-57.5,7.95757177974915e-08
-87.5,-57.5,9.687967432955228e-08
-85.0,-57.5,1.240880921153233e-07
-82.5,-57.5,1.3546495292177922e-07
-80.0,-57.5,1.1239245155114185e-07
-77.5,-57.5,8.646924195792285e-08
-75.0,-57.5,7.59547032629875e-08
-72.5,-57.5,8.387360529703575e-08
-70.0,-57.5,1.2540944468358492e-07
-67.5,-57.5,2.5655892997086233e-07
-65.0,-57.5,4.6426214159408343e-07
-62.5,-57.5,3.392506951181422e-07
-60.0,-57.5,1.4178995573978753e-07
-57.5,-57.5,6.799803207826143e-08
-55.0,-57.5,5.388351983746867e-08
-52.5,-57.5,1.150032564963487e-07
-50.0,-57.5,3.4662321874334318e-06
-47.5,-57.5,0.00024074563212373167
-45.0,-57.5,0.0005593778310874114
-42.5,-57.5,0.0006349355198926577
-40.0,-57.5,0.0005998511407377496
-37.5,-57.5,0.0006049013606276895
-35.0,-57.5,0.0006326111326374614
-32.5,-57.5,0.0007136736653941123
-30.0,-57.5,0.0008584149312626348
-27.5,-57.5,0.0010792440258254022
-25.0,-57.5,0.0013650108775860328
-22.5,-57.5,0.0014969014689010073
-20.0,-57.5,0.0007524644908213454
-17.5,-57.5,4.836009656569139e-05
-15.0,-57.5,1.00858582864064e-06
-12.5,-57.5,9.292217580361265e-08
-10.0,-57.5,3.304419561982542e-08
-7.5,-57.5,1.9445351454012528e-08
-5.0,-57.5,1.5182160062189653e-08
-2.5,-57.5,1.500401169569062e-08
0.0,-57.5,1.6692162224955904e-08
2.5,-57.5,1.936613081906639e-08
5.0,-57.5,2.3360555860771494e-08
7.5,-57.5,3.0114177539217754e-08
10.0,-57.5,4.251173187171095e-08
12.5,-57.5,6.519298693041086e-08
15.0,-57.5,9.597093525714096e-08
17.5,-57.5,1.0584459045860305e-07
20.0,-57.5,9.53557371880427e-08
22.5,-57.5,1.2279597220016017e-07
25.0,-57.5,3.785598758902125e-07
27.5,-57.5,8.181222626462933e-07
30.0,-57.5,5.150348470034318e-07
32.5,-57.5,2.3445663594208576e-07
35.0,-57.5,1.4388335720113654e-07
37.5,-57.5,1.4280672994644527e-07
40.0,-57.5,2.086768614327075e-07
42.5,-57.5,3.3554508626687554e-07
45.0,-57.5,3.3353519835807185e-07
47.5,-57.5,1.6664535632727425e-07
50.0,-57.5,8.374514863727113e-08
52.5,-57.5,6.757041130839474e-08
55.0,-57.5,1.0684352940274439e-07
57.5,-57.5,4.4332698390452176e-07
60.0,-57.5,2.452073358396915e-06
62.5,-57.5,4.135926328829714e-06
65.0,-57.5,4.041832755449906e-06
67.5,-57.5,3.81184740263528e-06
70.0,-57.5,3.575399507661626e-06
72.5,-57.5,3.332645716707834e-06
75.0,-57.5,3.090576329013684e-06
77.5,-57.5,2.8554046246256114e-06
80.0,-57.5,2.6315954688696733e-06
82.5,-57.5,2.422024322172197e-06
85.0,-57.5,2.228258746791015e-06
87.5,-57.5,2.050853190202968e-06
90.0,-57.5,1.8896225273948624e-06
92.5,-57.5,1.7438787352305312e-06
95.0,-57.5,1.6126220653857584e-06
97.5,-57.5,1.494684821675154e-06
100.0,-57.5,1.388838423772001e-06
102.5,-57.5,1.2938652851225362e-06
105.0,-57.5,1.2086039545055771e-06
107.5,-57.5,1.1319778070089915e-06
110.0,-57.5,1.0630065481796123e-06
112.5,-57.5,1.0008107590426333e-06
115.0,-57.5,9.446090421197898e-07
117.5,-57.5,8.937127073878523e-07
120.0,-57.5,8.475175487958958e-07
122.5,-57.5,8.054952495707294e-07
125.0,-57.5,7.671851625647306e-07
127.5,-57.5,7.32185572677651e-07
130.0,-57.5,7.001464057831322e-07
132.5,-57.5,6.707624093334819e-07
135.0,-57.5,6.437668191697473e-07
137.5,-57.5,6.189263416947134e-07
140.0,-57.5,5.960363825846516e-07
142.5,-57.5,5.74916963375432e-07
145.0,-57.5,5.55409419185351e-07
147.5,-57.5,5.373735245084182e-07
150.0,-57.5,5.206847299921133e-07
152.5,-57.5,5.052322408847116e-07
155.0,-57.5,4.909171912585521e-07
-142.5,-55.0,9.388997882956143e-08
-140.0,-55.0,1.008835607585349e-07
-137.5,-55.0,1.0971313498268428e-07
-135.0,-55.0,1.16808453024164e-07
-132.5,-55.0,1.1792896908105165e-07
-130.0,-55.0,1.1250103542439248e-07
-127.5,-55.0,1.046307508573893e-07
-125.0,-55.0,9.895605323833409e-08
-122.5,-55.0,9.7926492900476e-08
-120.0,-55.0,1.020540509581219e-07
-117.5,-55.0,1.0980754677054751e-07
-115.0,-55.0,1.1613748231747367e-07
-112.5,-55.0,1.141429581954692e-07
-110.0,-55.0,1.0316846925323348e-07
-107.5,-55.0,9.020212589157888e-08
-105.0,-55.0,8.09308883551133e-08
-102.5,-55.0,7.646744598027184e-08
-100.0,-55.0,7.537456718671893e-08
-97.5,-55.0,7.493662787421596e-08
-95.0,-55.0,7.283511773460614e-08
-92.5,-55.0,6.986593861717473e-08
-90.0,-55.0,6.996377544097627e-08
-87.5,-55.0,7.837473151329195e-08
-85.0,-55.0,1.0169077328932072e-07
-82.5,-55.0,1.3712810550763743e-07
-80.0,-55.0,1.4047807134027123e-07
-77.5,-55.0,1.0330184509637487e-07
-75.0,-55.0,7.557590473722871e-08
-72.5,-55.0,6.736006712906872e-08
-70.0,-55.0,8.018557471928821e-08
-67.5,-55.0,1.419928693405225e-07
-65.0,-55.0,3.7732913336822585e-07
-62.5,-55.0,7.483166602113018e-07
-60.0,-55.0,4.31469683612404e-07
-57.5,-55.0,1.3120108482531513e-07
-55.0,-55.0,4.9405970337181015e-08
-52.5,-55.0,3.836623856264076e-08
-50.0,-55.0,1.6861608700998816e-07
-47.5,-55.0,5.076880133362634e-05
-45.0,-55.0,0.0004327290524182
-42.5,-55.0,0.0006316085458030349
-40.0,-55.0,0.0007164982431247012
-37.5,-55.0,0.000735235185645793
-35.0,-55.0,0.0007723959846894569
-32.5,-55.0,0.0008675793980832315
-30.0,-55.0,0.0010368459265706052
-27.5,-55.0,0.001307301991908256
-25.0,-55.0,0.00170668160631865
-22.5,-55.0,0.001989589885485694
-20.0,-55.0,0.0007580103858654115
-17.5,-55.0,1.126909032436769e-05
-15.0,-55.0,1.550086615229411e-07
-12.5,-55.0,3.935199357567368e-08
-10.0,-55.0,2.8053548966858237e-08
-7.5,-55.0,2.4035041086523873e-08
-5.0,-55.0,2.1670035009328843e-08
-2.5,-55.0,2.122711912214642e-08
0.0,-55.0,2.2597593090784764e-08
2.5,-55.0,2.5644014896320563e-08
5.0,-55.0,3.1057067806509716e-08
7.5,-55.0,4.0849296592983115e-08
10.0,-55.0,5.85467610620883e-08
12.5,-55.0,8.430647031885398e-08
15.0,-55.0,1.0210842983740594e-07
17.5,-55.0,1.0551075417258011e-07
20.0,-55.0,1.3111591451970736e-07
22.5,-55.0,2.90679654074842e-07
25.0,-55.0,8.698395941113621e-07
27.5,-55.0,1.0073350991321202e-06
30.0,-55.0,5.446930569348467e-07
32.5,-55.0,2.530683658106847e-07
35.0,-55.0,1.647144500716672e-07
37.5,-55.0,1.6629763735938894e-07
40.0,-55.0,2.2471793968106624e-07
42.5,-55.0,2.7682897639577457e-07
45.0,-55.0,2.1538256446214443e-07
47.5,-55.0,1.2896777202720462e-07
50.0,-55.0,9.504165807083968e-08
52.5,-55.0,1.0746214107764813e-07
55.0,-55.0,2.2471709324796506e-07
57.5,-55.0,8.943875345347799e-07
60.0,-55.0,2.899180344176543e-06
62.5,-55.0,3.808191681997495e-06
65.0,-55.0,3.621936208151664e-06
67.5,-55.0,3.376771480656903e-06
70.0,-55.0,3.1364298596514473e-06
72.5,-55.0,2.9006149771324394e-06
75.0,-55.0,2.6737430373708912e-06
77.5,-55.0,2.459490448125604e-06
80.0,-55.0,2.260131097015201e-06
82.5,-55.0,2.0767239545217492e-06
85.0,-55.0,1.9095569450217957e-06
87.5,-55.0,1.7583570352959508e-06
90.0,-55.0,1.622045969202341e-06
92.5,-55.0,1.4995819751564385e-06
95.0,-55.0,1.3897881709578753e-06
97.5,-55.0,1.2914344829387469e-06
100.0,-55.0,1.2033233370447007e-06
102.5,-55.0,1.124328552469664e-06
105.0,-55.0,1.0534155324523437e-06
107.5,-55.0,9.896505032351645e-07
110.0,-55.0,9.322001902041757e-07
112.5,-55.0,8.803284519962139e-07
115.0,-55.0,8.333884763570551e-07
117.5,-55.0,7.908146559278954e-07
120.0,-55.0,7.521138865365203e-07
122.5,-55.0,7.168567479696487e-07
125.0,-55.0,6.846697760222906e-07
127.5,-55.0,6.55227483049562e-07
130.0,-55.0,6.282466200568722e-07
132.5,-55.0,6.034798062053436e-07
135.0,-55.0,5.807106101530652e-07
137.5,-55.0,5.597494403131948e-07
140.0,-55.0,5.404296295164491e-07
142.5,-55.0,5.226040511651122e-07
145.0,-55.0,5.061427602092267e-07
147.5,-55.0,4.909304273359733e-07
150.0,-55.0,4.768642246572756e-07
152.5,-55.0,4.638524279751349e-07
155.0,-55.0,4.518126981924978e-07
-142.5,-52.5,9.211912438672981e-08
-140.0,-52.5,9.747182403682163e-08
-137.5,-52.5,1.0629184258375335e-07
-135.0,-52.5,1.1635251490919347e-07
-132.5,-52.5,1.22701556870631e-07
-130.0,-52.5,1.209117965884527e-07
-127.5,-52.5,1.124907270468823e-07
-125.0,-52.5,1.033843593707092e-07
-122.5,-52.5,9.824361403678716e-08
-120.0,-52.5,9.889894768987812e-08
-117.5,-52.5,1.0529818839981436e-07
-115.0,-52.5,1.1463599892422514e-07
-112.5,-52.5,1.193979599140836e-07
-110.0,-52.5,1.1249420641849107e-07
-107.5,-52.5,9.767192615313322e-08
-105.0,-52.5,8.42285325185738e-08
-102.5,-52.5,7.639894487255947e-08
-100.0,-52.5,7.390639968881138e-08
-97.5,-52.5,7.44407315364632e-08
-95.0,-52.5,7.416325499559827e-08
-92.5,-52.5,7.051605973517932e-08
-90.0,-52.5,6.605411255673379e-08
-87.5,-52.5,6.636743609980021e-08
-85.0,-52.5,7.787600066254581e-08
-82.5,-52.5,1.1069617388925876e-07
-80.0,-52.5,1.5782270912384426e-07
-77.5,-52.5,1.4316433759649037e-07
-75.0,-52.5,9.14690546987426e-08
-72.5,-52.5,6.4358292386174e-08
-70.0,-52.5,5.903428302236904e-08
-67.5,-52.5,7.858608434422409e-08
-65.0,-52.5,1.8017280132832355e-07
-62.5,-52.5,6.697589539012721e-07
-60.0,-52.5,1.352812613577169e-06
-57.5,-52.5,6.507234645914395e-07
-55.0,-52.5,1.2718385203375662e-07
-52.5,-52.5,3.203375531161907e-08
-50.0,-52.5,2.700523219063752e-08
-47.5,-52.5,2.806761030118816e-06
-45.0,-52.5,0.0002652623714536743
-42.5,-52.5,0.0005178104174317447
-40.0,-52.5,0.0007493889409746416
-37.5,-52.5,0.0008766959847043209
-35.0,-52.5,0.0009532431736542642
-32.5,-52.5,0.001055824665878668
-30.0,-52.5,0.0012196598150852128
-27.5,-52.5,0.0014915978638157955
-25.0,-52.5,0.0019651130038310784
-22.5,-52.5,0.0024929012787809767
-20.0,-52.5,0.0007828621200426252
-17.5,-52.5,1.614200440096609e-06
-15.0,-52.5,2.8056212230308726e-08
-12.5,-52.5,2.0800491638661607e-08
-10.0,-52.5,2.5913672457209913e-08
-7.5,-52.5,3.044155162251237e-08
-5.0,-52.5,3.192269774713828e-08
-2.5,-52.5,3.2454084727466327e-08
0.0,-52.5,3.420825182763914e-08
2.5,-52.5,3.8468233821090865e-08
5.0,-52.5,4.685607439922004e-08
7.5,-52.5,6.180454844323583e-08
10.0,-52.5,8.292682107428139e-08
12.5,-52.5,9.713496710434336e-08
15.0,-52.5,9.759172251877556e-08
17.5,-52.5,1.427241455282293e-07
20.0,-52.5,2.8829060729013533e-07
22.5,-52.5,7.908251700250039e-07
25.0,-52.5,1.44452529308929e-06
27.5,-52.5,1.1653869032960045e-06
30.0,-52.5,5.631546568375859e-07
32.5,-52.5,2.6838351678571546e-07
35.0,-52.5,1.818306069923689e-07
37.5,-52.5,1.7985583151862008e-07
40.0,-52.5,2.1659589039990817e-07
42.5,-52.5,2.3087463013521818e-07
45.0,-52.5,1.7011068265347244e-07
47.5,-52.5,1.1146489619714626e-07
50.0,-52.5,1.3093933649417642e-07
52.5,-52.5,1.867735735832007e-07
55.0,-52.5,4.2749332265103604e-07
57.5,-52.5,1.3932709939963994e-06
60.0,-52.5,3.083647178258906e-06
62.5,-52.5,3.4832981063987483e-06
65.0,-52.5,3.2494372603467967e-06
67.5,-52.5,3.00009391221957e-06
70.0,-52.5,2.763928579705576e-06
72.5,-52.5,2.5398975123877673e-06
75.0,-52.5,2.3302283138358244e-06
77.5,-52.5,2.1365246086412633e-06
80.0,-52.5,1.958718878693279e-06
82.5,-52.5,1.7858779976507043e-06
85.0,-52.5,1.6130570265530486e-06
87.5,-52.5,1.5205266241412674e-06
90.0,-52.5,1.4083140953455409e-06
92.5,-52.5,1.3045525194929662e-06
95.0,-52.5,1.2117310363870732e-06
97.5,-52.5,1.1287569285562846e-06
100.0,-52.5,1.05451190677971e-06
102.5,-52.5,9.879773578105367e-07
105.0,-52.5,9.282413877310342e-07
107.5,-52.5,8.744965396456977e-07
110.0,-52.5,8.260330071137998e-07
112.5,-52.5,7.822302978822736e-07
115.0,-52.5,7.425478838047657e-07
117.5,-52.5,7.06516102166671e-07
120.0,-52.5,6.737268025728475e-07
122.5,-52.5,6.438260207153423e-07
125.0,-52.5,6.165059154866367e-07
127.5,-52.5,5.914986769092063e-07
130.0,-52.5,5.68570876170906e-07
132.5,-52.5,5.475186364306081e-07
135.0,-52.5,5.281632155830161e-07
137.5,-52.5,5.103476401654035e-07
140.0,-52.5,4.939335597743718e-07
142.5,-52.5,4.787986444406434e-07
145.0,-52.5,4.648343721982274e-07
147.5,-52.5,4.519440129189333e-07
150.0,-52.5,4.400411557574168e-07
152.5,-52.5,4.29048361483829e-07
155.0,-52.5,4.1889584923294206e-07
-142.5,-50.0,9.182863204759916e-08
-140.0,-50.0,9.483781586860587e-08
-137.5,-50.0,1.0213319625609863e-07
-135.0,-50.0,1.1305582758948472e-07
-132.5,-50.0,1.2410585876401705e-07
-130.0,-50.0,1.2864909439128735e-07
-127.5,-50.0,1.229526560359268e-07
-125.0,-50.0,1.115546703757533e-07
-122.5,-50.0,1.0183601495516463e-07
-120.0,-50.0,9.787574360763003e-08
-117.5,-50.0,1.0082287931823077e-07
-115.0,-50.0,1.0998312185524117e-07
-112.5,-50.0,1.204936115821049e-07
-110.0,-50.0,1.2174036696429487e-07
-107.5,-50.0,1.087271074969061e-07
-105.0,-50.0,9.105339615339312e-08
-102.5,-50.0,7.832095633055668e-08
-100.0,-50.0,7.253914503365022e-08
-97.5,-50.0,7.238303862635611e-08
-95.0,-50.0,7.456481889458803e-08
-92.5,-50.0,7.357157720091576e-08
-90.0,-50.0,6.732704148679727e-08
-87.5,-50.0,6.139335447920963e-08
-85.0,-50.0,6.265909852483488e-08
-82.5,-50.0,7.899327977622645e-08
-80.0,-50.0,1.2827681613626552e-07
-77.5,-50.0,1.9210681257281992e-07
-75.0,-50.0,1.41685136673701e-07
-72.5,-50.0,7.806542120108975e-08
-70.0,-50.0,5.33178486133346e-08
-67.5,-50.0,5.126156407259369e-08
-65.0,-50.0,8.162399303029626e-08
-62.5,-50.0,2.8420439648462215e-07
-60.0,-50.0,1.4067202214209633e-06
-57.5,-50.0,2.487292853626594e-06
-55.0,-50.0,1.492239906745048e-06
-52.5,-50.0,1.9775553563967118e-07
-50.0,-50.0,2.461065140132549e-08
-47.5,-50.0,4.390537430366349e-07
-45.0,-50.0,0.0001335490642410744
-42.5,-50.0,0.0003396512108505814
-40.0,-50.0,0.000683905959463798
-37.5,-50.0,0.001015946067147441
-35.0,-50.0,0.001205475895945685
-32.5,-50.0,0.0013077230746175058
-30.0,-50.0,0.0013984065224312589
-27.5,-50.0,0.001566771395785486
-25.0,-50.0,0.002002320810371266
-22.5,-50.0,0.0028638974237737294
-20.0,-50.0,0.0015198633399166937
-17.5,-50.0,2.341520813772884e-06
-15.0,-50.0,2.3832055980841596e-08
-12.5,-50.0,2.5754449726855775e-08
-10.0,-50.0,4.138643388458174e-08
-7.5,-50.0,5.4644549472008953e-08
-5.0,-50.0,5.897943717505625e-08
-2.5,-50.0,5.911414745884324e-08
0.0,-50.0,6.077320492916704e-08
2.5,-50.0,6.701863744581131e-08
5.0,-50.0,7.924838952803571e-08
7.5,-50.0,9.372388223763537e-08
10.0,-50.0,9.279481103227359e-08
12.5,-50.0,6.797696121373381e-08
15.0,-50.0,5.882559197568196e-08
17.5,-50.0,1.9226774899530585e-07
20.0,-50.0,7.70802506073475e-07
22.5,-50.0,1.6775910222345168e-06
25.0,-50.0,1.9584707573225413e-06
27.5,-50.0,1.2499010473471609e-06
30.0,-50.0,5.555045030395827e-07
32.5,-50.0,2.7258450307642476e-07
35.0,-50.0,1.8999234616625206e-07
37.5,-50.0,1.8433189647352398e-07
40.0,-50.0,2.107104036150206e-07
42.5,-50.0,2.012053785891782e-07
45.0,-50.0,1.1844795834701918e-07
47.5,-50.0,1.0138721198283753e-07
50.0,-50.0,1.8716524519733704e-07
52.5,-50.0,3.0774507388278484e-07
55.0,-50.0,6.952078796741166e-07
57.5,-50.0,1.8413644702769024e-06
60.0,-50.0,3.094216753524292e-06
62.5,-50.0,3.181557168412893e-06
65.0,-50.0,2.926026958927075e-06
67.5,-50.0,2.679130766081561e-06
70.0,-50.0,2.45146406785511e-06
72.5,-50.0,2.2411146184083477e-06
75.0,-50.0,2.0484390604208457e-06
77.5,-50.0,1.8726216912172863e-06
80.0,-50.0,1.6855309546093664e-06
82.5,-50.0,1.0097569348419007e-06
85.0,-50.0,5.361620465354356e-07
87.5,-50.0,1.1551100855450223e-06
90.0,-50.0,1.2344140379149756e-06
92.5,-50.0,1.147782859959997e-06
95.0,-50.0,1.068426393036851e-06
97.5,-50.0,9.975578106959346e-07
100.0,-50.0,9.341973782728072e-07
102.5,-50.0,8.774329153310638e-07
105.0,-50.0,8.264615657519792e-07
107.5,-50.0,7.805827114393276e-07
110.0,-50.0,7.391872941362332e-07
112.5,-50.0,7.01747019366874e-07
115.0,-50.0,6.678046446780116e-07
117.5,-50.0,6.369646127120549e-07
120.0,-50.0,6.088842255958417e-07
122.5,-50.0,5.832666017419799e-07
125.0,-50.0,5.59853946895689e-07
127.5,-50.0,5.384218511645801e-07
130.0,-50.0,5.187746163051179e-07
132.5,-50.0,5.007409251688579e-07
135.0,-50.0,4.841704581365334e-07
137.5,-50.0,4.689308385266666e-07
140.0,-50.0,4.549049123046225e-07
142.5,-50.0,4.41989004587855e-07
145.0,-50.0,4.300905721087138e-07
147.5,-50.0,4.1912696692491114e-07
150.0,-50.0,4.0902413456826605e-07
152.5,-50.0,3.9971533977853547e-07
155.0,-50.0,3.911402882832477e-07
-142.5,-47.5,9.339365668895111e-08
-140.0,-47.5,9.365045126034041e-08
-137.5,-47.5,9.844360540497379e-08
-135.0,-47.5,1.0809044200635506e-07
-132.5,-47.5,1.2137581934980787e-07
-130.0,-47.5,1.3283008443795568e-07
-127.5,-47.5,1.3408378150368128e-07
-125.0,-47.5,1.236247975004464e-07
-122.5,-47.5,1.0967819652822839e-07
-120.0,-47.5,1.0015447577074535e-07
-117.5,-47.5,9.808948856873497e-08
-115.0,-47.5,1.0405284770285275e-07
-112.5,-47.5,1.1646363769302433e-07
-110.0,-47.5,1.270387341223952e-07
-107.5,-47.5,1.221221972036606e-07
-105.0,-47.5,1.0268799217066726e-07
-102.5,-47.5,8.380683397869245e-08
-100.0,-47.5,7.28298279494229e-08
-97.5,-47.5,6.9608462712893e-08
-95.0,-47.5,7.224351594201714e-08
-92.5,-47.5,7.593817788206293e-08
-90.0,-47.5,7.269497774423834e-08
-87.5,-47.5,6.287650290030254e-08
-85.0,-47.5,5.607729727921766e-08
-82.5,-47.5,5.9323732319913633e-08
-80.0,-47.5,8.344504589848977e-08
-77.5,-47.5,1.659719231519518e-07
-75.0,-47.5,2.521006769887682e-07
-72.5,-47.5,1.3541953551894465e-07
-70.0,-47.5,6.42865769063057e-08
-67.5,-47.5,4.275367677555652e-08
-65.0,-47.5,4.443205917333269e-08
-62.5,-47.5,9.802910368681606e-08
-60.0,-47.5,6.635462054846947e-07
-57.5,-47.5,2.6390025370161273e-06
-55.0,-47.5,3.6683739706215186e-06
-52.5,-47.5,4.772835795912757e-06
-50.0,-47.5,5.662648833991809e-06
-47.5,-47.5,1.958735008303713e-05
-45.0,-47.5,5.652926501117806e-05
-42.5,-47.5,0.00017239659610433907
-40.0,-47.5,0.0005010626721692299
-37.5,-47.5,0.0010838260791277677
-35.0,-47.5,0.0015655549524800551
-32.5,-47.5,0.0016850746377998075
-30.0,-47.5,0.0015656322666438853
-27.5,-47.5,0.0014539185244091554
-25.0,-47.5,0.0016821233653954155
-22.5,-47.5,0.002746367015069126
-20.0,-47.5,0.003860022057306736
-17.5,-47.5,0.00027278354790003363
-15.0,-47.5,1.568173932111756e-06
-12.5,-47.5,2.9314781745459054e-07
-10.0,-47.5,2.2624381906426463e-07
-7.5,-47.5,1.9290604360126744e-07
-5.0,-47.5,1.5965231069531862e-07
-2.5,-47.5,1.37272875212866e-07
0.0,-47.5,1.280138473556295e-07
2.5,-47.5,1.279459232938105e-07
5.0,-47.5,1.2656661960966326e-07
7.5,-47.5,1.076493644712922e-07
10.0,-47.5,7.509081877476126e-08
12.5,-47.5,5.6881283120768666e-08
15.0,-47.5,8.692913334981075e-08
17.5,-47.5,4.947982380706782e-07
20.0,-47.5,1.8113226497290519e-06
22.5,-47.5,2.6738718221304257e-06
25.0,-47.5,2.3078633223425144e-06
27.5,-47.5,1.2123381129690317e-06
30.0,-47.5,5.159662549421114e-07
32.5,-47.5,2.654464023394635e-07
35.0,-47.5,1.9357905644324293e-07
37.5,-47.5,1.9208752532755382e-07
40.0,-47.5,2.109491449251935e-07
42.5,-47.5,1.5836491825467398e-07
45.0,-47.5,1.0109018340913485e-07
47.5,-47.5,1.3288005743184482e-07
50.0,-47.5,2.7379003598369514e-07
52.5,-47.5,4.6081067168072433e-07
55.0,-47.5,1.0030527799068734e-06
57.5,-47.5,2.190884149755136e-06
60.0,-47.5,3.004208084582927e-06
62.5,-47.5,2.9115392513514147e-06
65.0,-47.5,2.6487415719115365e-06
67.5,-47.5,2.4080357488954033e-06
70.0,-47.5,2.1908482836014385e-06
72.5,-47.5,1.9942342312032164e-06
75.0,-47.5,1.8099596126666133e-06
77.5,-47.5,1.5996052844785412e-06
80.0,-47.5,1.1765114148044318e-06
82.5,-47.5,2.6713043305979335e-07
85.0,-47.5,1.4902061481368528e-07
87.5,-47.5,5.717958371011847e-07
90.0,-47.5,1.0758661067094085e-06
92.5,-47.5,1.0205749758620032e-06
95.0,-47.5,9.521753621326072e-07
97.5,-47.5,8.908862568617292e-07
100.0,-47.5,8.361209365639356e-07
102.5,-47.5,7.870707656878588e-07
105.0,-47.5,7.430265334978659e-07
107.5,-47.5,7.033756466260984e-07
110.0,-47.5,6.675901877289518e-07
112.5,-47.5,6.352149841549188e-07
115.0,-47.5,6.058578602072556e-07
117.5,-47.5,5.791804588567764e-07
120.0,-47.5,5.548904636055442e-07
122.5,-47.5,5.327346477112129e-07
125.0,-47.5,5.124931529033082e-07
127.5,-47.5,4.939746456137622e-07
130.0,-47.5,4.770117558564185e-07
132.5,-47.5,4.6145795320896895e-07
135.0,-47.5,4.471841923463503e-07
137.5,-47.5,4.340764836093198e-07
140.0,-47.5,4.2203384395242305e-07
142.5,-47.5,4.1096633033204317e-07
145.0,-47.5,4.0079367190012974e-07
147.5,-47.5,3.914437861239199e-07
150.0,-47.5,3.8285182079965077e-07
152.5,-47.5,3.749592163287178e-07
155.0,-47.5,3.677128649485994e-07
-142.5,-45.0,9.713286877129556e-08
-140.0,-45.0,9.434553974540375e-08
-137.5,-45.0,9.614458137063032e-08
-135.0,-45.0,1.0309294077552529e-07
-132.5,-45.0,1.1560053797936807e-07
-130.0,-45.0,1.3140481190007201e-07
-127.5,-45.0,1.4212566525733024e-07
-125.0,-45.0,1.3823790494446727e-07
-122.5,-45.0,1.2259219442086876e-07
-120.0,-45.0,1.069686561715685e-07
-117.5,-45.0,9.855772171904072e-08
-115.0,-45.0,9.918337502707191e-08
-112.5,-45.0,1.0906802476136608e-07
-110.0,-45.0,1.2507622682510088e-07
-107.5,-45.0,1.3338738397651862e-07
-105.0,-45.0,1.1942442170495084e-07
-102.5,-45.0,9.469858549920659e-08
-100.0,-45.0,7.647511082256108e-08
-97.5,-45.0,6.803915435330645e-08
-95.0,-45.0,6.791703567065088e-08
-92.5,-45.0,7.403463062072718e-08
-90.0,-45.0,7.868819660609047e-08
-87.5,-45.0,7.07270440337475e-08
-85.0,-45.0,5.702335063079077e-08
-82.5,-45.0,5.0531135261859525e-08
-80.0,-45.0,5.703187913558e-08
-77.5,-45.0,9.520828372336674e-08
-75.0,-45.0,2.637563175850389e-07
-72.5,-45.0,3.6602922794170387e-07
-70.0,-45.0,1.2669610912395897e-07
-67.5,-45.0,5.097115094097061e-08
-65.0,-45.0,3.290826740707112e-08
-62.5,-45.0,3.9674480880862255e-08
-60.0,-45.0,1.808263166195851e-07
-57.5,-45.0,2.1751575384737124e-06
-55.0,-45.0,3.420745467875378e-06
-52.5,-45.0,4.131869001210047e-06
-50.0,-45.0,5.781411998377598e-06
-47.5,-45.0,9.906715644356344e-06
-45.0,-45.0,2.2258730619349125e-05
-42.5,-45.0,6.86671319788844e-05
-40.0,-45.0,0.00026700221565291893
-37.5,-45.0,0.0009462105240923097
-35.0,-45.0,0.0020252706902207907
-32.5,-45.0,0.0023439939850395447
-30.0,-45.0,0.001760009047177565
-27.5,-45.0,0.0011339881955689912
-25.0,-45.0,0.0010455407122286948
-22.5,-45.0,0.002046082664136378
-20.0,-45.0,0.005663637149870717
-17.5,-45.0,0.005643493284720806
-15.0,-45.0,0.0005606792453849605
-12.5,-45.0,2.9057555714866976e-05
-10.0,-45.0,3.7940033188796797e-06
-7.5,-45.0,1.1295444931462458e-06
-5.0,-45.0,5.493121692492087e-07
-2.5,-45.0,3.548206841914874e-07
0.0,-45.0,2.6631842585811846e-07
2.5,-45.0,2.0626157604185803e-07
5.0,-45.0,1.491323508584143e-07
7.5,-45.0,1.0099901156902543e-07
10.0,-45.0,7.670737209476063e-08
12.5,-45.0,9.126207283471947e-08
15.0,-45.0,2.726845002762156e-07
17.5,-45.0,1.534315706733925e-06
20.0,-45.0,3.2419722779358276e-06
22.5,-45.0,3.463143324542138e-06
25.0,-45.0,2.3398932746179323e-06
27.5,-45.0,1.0693667823833646e-06
30.0,-45.0,4.621211699950691e-07
32.5,-45.0,2.5769009409326923e-07
35.0,-45.0,2.0273625255774122e-07
37.5,-45.0,2.0774136212189068e-07
40.0,-45.0,1.979488307918788e-07
42.5,-45.0,1.3447822255325956e-07
45.0,-45.0,1.1828900038779444e-07
47.5,-45.0,2.0322405596485354e-07
50.0,-45.0,3.8237508563083967e-07
52.5,-45.0,6.418718956479623e-07
55.0,-45.0,1.3298254067247618e-06
57.5,-45.0,2.42279620137195e-06
60.0,-45.0,2.8657349803548587e-06
62.5,-45.0,2.674799113737606e-06
65.0,-45.0,2.412505295968508e-06
67.5,-45.0,2.1799326543328617e-06
70.0,-45.0,1.9737909949255192e-06
72.5,-45.0,1.7879812235230907e-06
75.0,-45.0,1.4209655972919547e-06
77.5,-45.0,6.640999643651668e-07
80.0,-45.0,5.092026373713033e-07
82.5,-45.0,1.2161936980343602e-07
85.0,-45.0,9.304088558542465e-08
87.5,-45.0,3.2066907072726e-07
90.0,-45.0,9.05094911661143e-07
92.5,-45.0,9.158537920021016e-07
95.0,-45.0,8.570218285931069e-07
97.5,-45.0,8.033264151081926e-07
100.0,-45.0,7.554561035273681e-07
102.5,-45.0,7.12571126880459e-07
105.0,-45.0,6.740528740262994e-07
107.5,-45.0,6.393806316178057e-07
110.0,-45.0,6.080932392008574e-07
112.5,-45.0,5.797933961177577e-07
115.0,-45.0,5.541396815883623e-07
117.5,-45.0,5.308383540301845e-07
120.0,-45.0,5.09635503086446e-07
122.5,-45.0,4.903113275801062e-07
125.0,-45.0,4.7267498917552037e-07
127.5,-45.0,4.565599967628909e-07
130.0,-45.0,4.418206109674078e-07
132.5,-45.0,4.2832874705693187e-07
135.0,-45.0,4.1597144980910763e-07
137.5,-45.0,4.0464865233681433e-07
140.0,-45.0,3.9427132871620765e-07
142.5,-45.0,3.8476000590752526e-07
145.0,-45.0,3.7604352310251787e-07
147.5,-45.0,3.6805784739071613e-07
150.0,-45.0,3.6074510542062817e-07
152.5,-45.0,3.540529942299326e-07
155.0,-45.0,3.4793401907032823e-07
-142.5,-42.5,1.033872509123335e-07
-140.0,-42.5,9.72175034183796e-08
-137.5,-42.5,9.578548814029852e-08
-135.0,-42.5,9.938634574438531e-08
-132.5,-42.5,1.0897501281360087e-07
-130.0,-42.5,1.2495502774940008e-07
-127.5,-42.5,1.4316176376492299e-07
-125.0,-42.5,1.5122390765400686e-07
-122.5,-42.5,1.4023932606683983e-07
-120.0,-42.5,1.1971563019609468e-07
-117.5,-42.5,1.0364466502766125e-07
-115.0,-42.5,9.730345618040475e-08
-112.5,-42.5,1.0155263837963226e-07
-110.0,-42.5,1.1652870466047489e-07
-107.5,-42.5,1.3595610589902935e-07
-105.0,-42.5,1.37877059643226e-07
-102.5,-42.5,1.1293589309205438e-07
-100.0,-42.5,8.549008954136221e-08
-97.5,-42.5,6.951557785326291e-08
-95.0,-42.5,6.419442722573981e-08
-92.5,-42.5,6.795031130242051e-08
-90.0,-42.5,7.871917747612626e-08
-87.5,-42.5,8.264772896502253e-08
-85.0,-42.5,6.664156335407195e-08
-82.5,-42.5,5.00940376691428e-08
-80.0,-42.5,4.528152873813192e-08
-77.5,-42.5,5.686019723036878e-08
-75.0,-42.5,1.2677395752771846e-07
-72.5,-42.5,6.28859006125796e-07
-70.0,-42.5,6.232604212787639e-07
-67.5,-42.5,1.2182282745994522e-07
-65.0,-42.5,3.8837128661833984e-08
-62.5,-42.5,2.4268372090353122e-08
-60.0,-42.5,4.368742884526504e-08
-57.5,-42.5,1.1818521244334365e-06
-55.0,-42.5,3.8023097265104978e-06
-52.5,-42.5,3.782850421364379e-06
-50.0,-42.5,4.204629386918352e-06
-47.5,-42.5,5.536100291321584e-06
-45.0,-42.5,9.450910747755812e-06
-42.5,-42.5,2.3847366257489883e-05
-40.0,-42.5,9.829380718624088e-05
-37.5,-42.5,0.0005583767066762107
-35.0,-42.5,0.0023081806117500082
-32.5,-42.5,0.003689187950992726
-30.0,-42.5,0.002261879112296344
-27.5,-42.5,0.0007744970726559787
-25.0,-42.5,0.00044058904520471564
-22.5,-42.5,0.0012786660675899242
-20.0,-42.5,0.0072605820308426225
-17.5,-42.5,0.014411725084604383
-15.0,-42.5,0.004240905828095017
-12.5,-42.5,0.0003160820009624693
-10.0,-42.5,2.4405696657457156e-05
-7.5,-42.5,4.177575949317689e-06
-5.0,-42.5,1.407588555944764e-06
-2.5,-42.5,6.832435405617741e-07
0.0,-42.5,3.8281011510941e-07
2.5,-42.5,2.2070267021717536e-07
5.0,-42.5,1.3514310982179974e-07
7.5,-42.5,1.0912484122694155e-07
10.0,-42.5,1.227667511552931e-07
12.5,-42.5,2.52245219289274e-07
15.0,-42.5,1.0750220450413436e-06
17.5,-42.5,3.433059913842e-06
20.0,-42.5,4.4979938918984825e-06
22.5,-42.5,3.733948779601146e-06
25.0,-42.5,2.077551828336438e-06
27.5,-42.5,9.004886337984744e-07
30.0,-42.5,4.195332827526527e-07
32.5,-42.5,2.607125526904834e-07
35.0,-42.5,2.2038453689320904e-07
37.5,-42.5,2.0650511584514475e-07
40.0,-42.5,1.7798100140559706e-07
42.5,-42.5,1.3874867308165525e-07
45.0,-42.5,1.6567109924633353e-07
47.5,-42.5,3.047785864682759e-07
50.0,-42.5,5.042880300103321e-07
52.5,-42.5,8.52823578689224e-07
55.0,-42.5,1.6475144059620975e-06
57.5,-42.5,2.5446883360218712e-06
60.0,-42.5,2.710937459485514e-06
62.5,-42.5,2.4693373811174756e-06
65.0,-42.5,2.211652428871949e-06
67.5,-42.5,1.9880559779061706e-06
70.0,-42.5,1.7925875135057173e-06
72.5,-42.5,1.605618537054977e-06
75.0,-42.5,8.690564861889731e-07
77.5,-42.5,2.2496122770474674e-07
80.0,-42.5,1.846172725951657e-07
82.5,-42.5,8.531058451705186e-08
85.0,-42.5,8.010234925364524e-08
87.5,-42.5,2.348950276559488e-07
90.0,-42.5,7.429410178413949e-07
92.5,-42.5,8.277245227101062e-07
95.0,-42.5,7.744001143431544e-07
97.5,-42.5,7.067046189275373e-07
100.0,-42.5,6.847307248732271e-07
102.5,-42.5,6.503940796317029e-07
105.0,-42.5,6.165127751870895e-07
107.5,-42.5,5.858744396253895e-07
110.0,-42.5,5.58237223471763e-07
112.5,-42.5,5.3325798287095e-07
115.0,-42.5,5.106352097945053e-07
117.5,-42.5,4.901092066107204e-07
120.0,-42.5,4.7145580537016943e-07
122.5,-42.5,4.544807065444578e-07
125.0,-42.5,4.390148734637122e-07
127.5,-42.5,4.249106116652439e-07
130.0,-42.5,4.1203841927516226e-07
132.5,-42.5,4.002841841743638e-07
135.0,-42.5,3.8954688307829e-07
137.5,-42.5,3.7973683775983837e-07
140.0,-42.5,3.7077418292030056e-07
142.5,-42.5,3.6258728682811454e-07
145.0,-42.5,3.551119466968007e-07
147.5,-42.5,3.48290199089553e-07
150.0,-42.5,3.420697553390127e-07
152.5,-42.5,3.364030970071266e-07
155.0,-42.5,3.3124720480020476e-07
-142.5,-40.0,1.1259178773351036e-07
-140.0,-40.0,1.0251130097553446e-07
-137.5,-40.0,9.765567286300938e-08
-135.0,-40.0,9.772260420593266e-08
-132.5,-40.0,1.0345761487523752e-07
-130.0,-40.0,1.1632171020440579e-07
-127.5,-40.0,1.3646471056659554e-07
-125.0,-40.0,1.5639747072085564e-07
-122.5,-40.0,1.5892856791056065e-07
-120.0,-40.0,1.3931979696306442e-07
-117.5,-40.0,1.1512175001702973e-07
-115.0,-40.0,1.0000283281049744e-07
-112.5,-40.0,9.66971029053979e-08
-110.0,-40.0,1.0576532161358844e-07
-107.5,-40.0,1.2734914499192882e-07
-105.0,-40.0,1.4862738784487516e-07
-102.5,-40.0,1.3816681256015287e-07
-100.0,-40.0,1.0288308869738747e-07
-97.5,-40.0,7.592896989139766e-08
-95.0,-40.0,6.325495319311973e-08
-92.5,-40.0,6.158918898600138e-08
-90.0,-40.0,7.064381158542901e-08
-87.5,-40.0,8.814148604338505e-08
-85.0,-40.0,8.682493238776872e-08
-82.5,-40.0,5.979885793345278e-08
-80.0,-40.0,4.2802247935835184e-08
-77.5,-40.0,4.084890687460985e-08
-75.0,-40.0,6.135244313613856e-08
-72.5,-40.0,2.3959070192919026e-07
-70.0,-40.0,3.1041110558327893e-06
-67.5,-40.0,1.5331407021707759e-06
-65.0,-40.0,1.416400067876523e-07
-62.5,-40.0,2.968302331545102e-08
-60.0,-40.0,1.914752135026231e-08
-57.5,-40.0,3.652312274019701e-07
-55.0,-40.0,5.268028861210935e-06
-52.5,-40.0,4.374610497492909e-06
-50.0,-40.0,3.920603105191927e-06
-47.5,-40.0,3.980177811506064e-06
-45.0,-40.0,4.961766939364657e-06
-42.5,-40.0,8.800320992286407e-06
-40.0,-40.0,2.7895491686590182e-05
-37.5,-40.0,0.0001870976542469931
-35.0,-40.0,0.0017147541801636787
-32.5,-40.0,0.006258856360074005
-30.0,-40.0,0.0046203063332955355
-27.5,-40.0,0.000897660599000488
-25.0,-40.0,0.00024588008935345814
-22.5,-40.0,0.001433370999906118
-20.0,-40.0,0.015009791448967547
-17.5,-40.0,0.02672339142643476
-15.0,-40.0,0.00614283127991447
-12.5,-40.0,0.00044809083547600945
-10.0,-40.0,3.723873662780989e-05
-7.5,-40.0,6.317763486890176e-06
-5.0,-40.0,1.8515061234001427e-06
-2.5,-40.0,6.976279923753534e-07
0.0,-40.0,2.78825591410338e-07
2.5,-40.0,1.1205073857857089e-07
5.0,-40.0,5.6894573551292446e-08
7.5,-40.0,8.644700672821319e-08
10.0,-40.0,2.920920879240506e-07
12.5,-40.0,9.135097410074513e-07
15.0,-40.0,3.109387435424765e-06
17.5,-40.0,5.244127524977761e-06
20.0,-40.0,5.063843038004047e-06
22.5,-40.0,3.4486620497662514e-06
25.0,-40.0,1.7217211276389928e-06
27.5,-40.0,7.710760189536091e-07
30.0,-40.0,4.0197458071265057e-07
32.5,-40.0,2.720688893875472e-07
35.0,-40.0,1.9331337094207528e-07
37.5,-40.0,1.3413566914265628e-07
40.0,-40.0,1.6126933266112917e-07
42.5,-40.0,1.676614320684935e-07
45.0,-40.0,2.4360438112173414e-07
47.5,-40.0,4.2016650855354526e-07
50.0,-40.0,6.412100058991858e-07
52.5,-40.0,1.0906911705460738e-06
55.0,-40.0,1.9266272621377177e-06
57.5,-40.0,2.5806259736393794e-06
60.0,-40.0,2.5571497849305002e-06
62.5,-40.0,2.2916551990473807e-06
65.0,-40.0,2.040673384639984e-06
67.5,-40.0,1.826220380251148e-06
70.0,-40.0,1.6403617857523927e-06
72.5,-40.0,1.4331174284384217e-06
75.0,-40.0,5.773869769092582e-07
77.5,-40.0,1.3366189060966903e-07
80.0,-40.0,9.520583654842637e-08
82.5,-40.0,7.081508137463355e-08
85.0,-40.0,7.743385680106431e-08
87.5,-40.0,2.0072342862399976e-07
90.0,-40.0,6.170494528182872e-07
92.5,-40.0,7.509006561566878e-07
95.0,-40.0,6.082058891447061e-07
97.5,-40.0,3.0976636236240007e-07
100.0,-40.0,4.797686959122436e-07
102.5,-40.0,5.915884991300279e-07
105.0,-40.0,5.678259644641121e-07
107.5,-40.0,5.407034428594088e-07
110.0,-40.0,5.160837955600841e-07
112.5,-40.0,4.938539820773419e-07
115.0,-40.0,4.7375253229173354e-07
117.5,-40.0,4.555465051646213e-07
120.0,-40.0,4.3903424961327117e-07
122.5,-40.0,4.240406736987698e-07
125.0,-40.0,4.1041315055689047e-07
127.5,-40.0,3.9801813671584816e-07
130.0,-40.0,3.867382113641425e-07
132.5,-40.0,3.764696677972364e-07
135.0,-40.0,3.671205892904783e-07
137.5,-40.0,3.5860922864460045e-07
140.0,-40.0,3.5086252565660814e-07
142.5,-40.0,3.438149871826871e-07
145.0,-40.0,3.3740783471151337e-07
147.5,-40.0,3.3158797207630366e-07
150.0,-40.0,3.263075184272809e-07
152.5,-40.0,3.215229938644863e-07
155.0,-40.0,3.171950092848576e-07
-142.5,-37.5,1.2537110940902304e-07
-140.0,-37.5,1.1048795262038767e-07
-137.5,-37.5,1.0190904666111343e-07
-135.0,-37.5,9.841962586518179e-08
-132.5,-37.5,1.0015204369065806e-07
-130.0,-37.5,1.084552297182778e-07
-127.5,-37.5,1.2543201610842918e-07
-125.0,-37.5,1.5043541394080998e-07
-122.5,-37.5,1.704232851159552e-07
-120.0,-37.5,1.6371176048187377e-07
-117.5,-37.5,1.3509273804889342e-07
-115.0,-37.5,1.0919382974644105e-07
-112.5,-37.5,9.638400210236771e-08
-110.0,-37.5,9.713670915953443e-08
-107.5,-37.5,1.127203184426481e-07
-105.0,-37.5,1.4276356052813488e-07
-102.5,-37.5,1.6130672815117674e-07
-100.0,-37.5,1.3213908899748597e-07
-97.5,-37.5,9.05011657680975e-08
-95.0,-37.5,6.673727695837162e-08
-92.5,-37.5,5.7941289731699285e-08
-90.0,-37.5,6.074109034795672e-08
-87.5,-37.5,7.811866819328027e-08
-85.0,-37.5,1.0611030186562505e-07
-82.5,-37.5,8.875745583734514e-08
-80.0,-37.5,5.0751175705905216e-08
-77.5,-37.5,3.5863778723955074e-08
-75.0,-37.5,3.7909586609092036e-08
-72.5,-37.5,8.01396316064457e-08
-70.0,-37.5,1.088945450752636e-06
-67.5,-37.5,2.508393894686917e-05
-65.0,-37.5,9.070986898253121e-06
-62.5,-37.5,5.233551653402675e-07
-60.0,-37.5,5.452262647048754e-08
-57.5,-37.5,1.3168535019566602e-06
-55.0,-37.5,9.145261593207677e-06
-52.5,-37.5,6.516452041267432e-06
-50.0,-37.5,4.854595164287542e-06
-47.5,-37.5,3.897936290758753e-06
-45.0,-37.5,3.592919106576476e-06
-42.5,-37.5,4.2929234930843946e-06
-40.0,-37.5,8.409862242721069e-06
-37.5,-37.5,4.041949663001582e-05
-35.0,-37.5,0.0005907937328768314
-32.5,-37.5,0.007915107126531672
-30.0,-37.5,0.016734703840801328
-27.5,-37.5,0.007186434232353025
-25.0,-37.5,0.0032884685546832396
-22.5,-37.5,0.013644963852800356
-20.0,-37.5,0.05963500692033319
-17.5,-37.5,0.03928873648915602
-15.0,-37.5,0.004500038546659389
-12.5,-37.5,0.0002852503522475983
-10.0,-37.5,2.7973327207062238e-05
-7.5,-37.5,4.96866394078029e-06
-5.0,-37.5,1.2506394658061258e-06
-2.5,-37.5,3.7389149268124375e-07
0.0,-37.5,1.2911366224925042e-07
2.5,-37.5,5.8515052635100554e-08
5.0,-37.5,4.796873286860634e-08
7.5,-37.5,1.4327872480819924e-07
10.0,-37.5,8.678031053172572e-07
12.5,-37.5,2.768605849378309e-06
15.0,-37.5,5.48451898857859e-06
17.5,-37.5,6.097105250753289e-06
20.0,-37.5,4.844743357048251e-06
22.5,-37.5,2.9153940670555355e-06
25.0,-37.5,1.4329331439601304e-06
27.5,-37.5,7.000159512603799e-07
30.0,-37.5,3.998491745423457e-07
32.5,-37.5,2.401727254004131e-07
35.0,-37.5,1.2650558675880172e-07
37.5,-37.5,1.1151071933857832e-07
40.0,-37.5,1.7133696866270697e-07
42.5,-37.5,2.2019186716835877e-07
45.0,-37.5,3.4473419153443544e-07
47.5,-37.5,5.364811505564708e-07
50.0,-37.5,7.975776291690764e-07
52.5,-37.5,1.3439811656002575e-06
55.0,-37.5,2.1467064582312883e-06
57.5,-37.5,2.5579932879297108e-06
60.0,-37.5,2.412374399153246e-06
62.5,-37.5,2.1377700266776755e-06
65.0,-37.5,1.8942627709719083e-06
67.5,-37.5,1.6872311902899474e-06
70.0,-37.5,1.5101736460622337e-06
72.5,-37.5,1.2734636321446412e-06
75.0,-37.5,4.454987465407041e-07
77.5,-37.5,1.0550076735127899e-07
80.0,-37.5,6.723235993711503e-08
82.5,-37.5,6.218983628222635e-08
85.0,-37.5,7.791060292661345e-08
87.5,-37.5,1.8534246737514535e-07
90.0,-37.5,5.278068350324172e-07
92.5,-37.5,6.795869268255269e-07
95.0,-37.5,3.921165843922368e-07
97.5,-37.5,1.3054881289917745e-07
100.0,-37.5,1.8793722668622189e-07
102.5,-37.5,4.6146295491300943e-07
105.0,-37.5,5.235204796290478e-07
107.5,-37.5,5.020622549792451e-07
110.0,-37.5,4.800912854473198e-07
112.5,-37.5,4.60191210397552e-07
115.0,-37.5,4.42231440147065e-07
117.5,-37.5,4.260050057396198e-07
120.0,-37.5,4.1132741567868193e-07
122.5,-37.5,3.9803804205859994e-07
125.0,-37.5,3.8599662467250427e-07
127.5,-37.5,3.750801450134656e-07
130.0,-37.5,3.651803490739298e-07
132.5,-37.5,3.56201460976088e-07
135.0,-37.5,3.4805863137855927e-07
137.5,-37.5,3.4067615693397303e-07
140.0,-37.5,3.3398652127523904e-07
142.5,-37.5,3.2792913526540193e-07
145.0,-37.5,3.224497378340862e-07
147.5,-37.5,3.1749931764027357e-07
150.0,-37.5,3.1303369988278686e-07
152.5,-37.5,3.090129821727983e-07
155.0,-37.5,3.054009554759732e-07
-142.5,-35.0,1.4272695239971828e-07
-140.0,-35.0,1.2149912477534074e-07
-137.5,-35.0,1.0863655940877876e-07
-135.0,-35.0,1.0155148173735231e-07
-132.5,-35.0,9.946002428915357e-08
-130.0,-35.0,1.030606362198289e-07
-127.5,-35.0,1.1451961918186724e-07
-125.0,-35.0,1.3673257099004531e-07
-122.5,-35.0,1.6714018243235325e-07
-120.0,-35.0,1.839501115004755e-07
-117.5,-35.0,1.6406400966317683e-07
-115.0,-35.0,1.277704132032814e-07
-112.5,-35.0,1.0248720109462427e-07
-110.0,-35.0,9.31690777628866e-08
-107.5,-35.0,9.922842621979416e-08
-105.0,-35.0,1.2398620741022424e-07
-102.5,-35.0,1.6429355593338677e-07
-100.0,-35.0,1.7025734063033024e-07
-97.5,-35.0,1.194688182696412e-07
-95.0,-35.0,7.744158718265078e-08
-92.5,-35.0,5.8393971654642086e-08
-90.0,-35.0,5.386933025395776e-08
-87.5,-35.0,6.281531877506544e-08
-85.0,-35.0,9.61490138154556e-08
-82.5,-35.0,1.4109710409330075e-07
-80.0,-35.0,8.532447723824842e-08
-77.5,-35.0,4.104200893470083e-08
-75.0,-35.0,2.976291762981538e-08
-72.5,-35.0,3.832637890397652e-08
-70.0,-35.0,1.896719323529763e-07
-67.5,-35.0,1.8789709430449674e-05
-65.0,-35.0,6.871425273829074e-05
-62.5,-35.0,5.201561226864454e-05
-60.0,-35.0,3.568973519471506e-05
-57.5,-35.0,2.7157755603998422e-05
-55.0,-35.0,1.8477963391268283e-05
-52.5,-35.0,1.2355988945286649e-05
-50.0,-35.0,8.19418563609401e-06
-47.5,-35.0,5.523719041646416e-06
-45.0,-35.0,3.974386856139726e-06
-42.5,-35.0,3.312605864694869e-06
-40.0,-35.0,3.825879886305681e-06
-37.5,-35.0,9.528315343228578e-06
-35.0,-35.0,0.00011209908306992064
-32.5,-35.0,0.004681018751830051
-30.0,-35.0,0.05008306492157628
-27.5,-35.0,0.08405036274909539
-25.0,-35.0,0.08880451264078781
-22.5,-35.0,0.134338558141948
-20.0,-35.0,0.09768429244819081
-17.5,-35.0,0.01630185678048851
-15.0,-35.0,0.0010983029941932815
-12.5,-35.0,8.750795847352485e-05
-10.0,-35.0,1.235306370547847e-05
-7.5,-35.0,2.5825067413929018e-06
-5.0,-35.0,6.558499029533408e-07
-2.5,-35.0,2.035441890026513e-07
0.0,-35.0,9.130498017240206e-08
2.5,-35.0,6.756806035575478e-08
5.0,-35.0,1.0804123651811542e-07
7.5,-35.0,5.256739800975647e-07
10.0,-35.0,2.4805777641470545e-06
12.5,-35.0,5.315381055755063e-06
15.0,-35.0,6.670096260223119e-06
17.5,-35.0,5.9412514579392416e-06
20.0,-35.0,4.2101177410051445e-06
22.5,-35.0,2.4311697540363304e-06
25.0,-35.0,1.2549422507440333e-06
27.5,-35.0,6.65340573482288e-07
30.0,-35.0,3.5957979911109245e-07
32.5,-35.0,1.7138269795296173e-07
35.0,-35.0,1.0343432742693569e-07
37.5,-35.0,1.2675930628030809e-07
40.0,-35.0,2.0503179302118733e-07
42.5,-35.0,2.9355817180165715e-07
45.0,-35.0,4.53243988203804e-07
47.5,-35.0,6.52625226444537e-07
50.0,-35.0,9.740818571858778e-07
52.5,-35.0,1.5956515487364319e-06
55.0,-35.0,2.3005468991343045e-06
57.5,-35.0,2.4994863177191066e-06
60.0,-35.0,2.2792136898319063e-06
62.5,-35.0,2.0034719595533797e-06
65.0,-35.0,1.7558269768840875e-06
67.5,-35.0,1.335559691785549e-06
70.0,-35.0,1.2739368029538634e-06
72.5,-35.0,1.1230423132619745e-06
75.0,-35.0,3.716295781716888e-07
77.5,-35.0,9.350744068349336e-08
80.0,-35.0,5.6260356311537014e-08
82.5,-35.0,5.624206920456916e-08
85.0,-35.0,7.853699023812132e-08
87.5,-35.0,1.775416798877175e-07
90.0,-35.0,4.650917511771353e-07
92.5,-35.0,6.123796540632128e-07
95.0,-35.0,2.956845877419657e-07
97.5,-35.0,9.356156058961211e-08
100.0,-35.0,9.801784240173408e-08
102.5,-35.0,2.569604483652821e-07
105.0,-35.0,4.620923737003136e-07
107.5,-35.0,4.6788992643145427e-07
110.0,-35.0,4.4900348724152266e-07
112.5,-35.0,4.31169831025702e-07
115.0,-35.0,4.1507798027274886e-07
117.5,-35.0,4.005817345059567e-07
120.0,-35.0,3.875121625664509e-07
122.5,-35.0,3.757198075973914e-07
125.0,-35.0,3.6507376376184993e-07
127.5,-35.0,3.5545936909012406e-07
130.0,-35.0,3.4677538758033375e-07
132.5,-35.0,3.3893256676078776e-07
135.0,-35.0,3.318515282582559e-07
137.5,-35.0,3.25461927471953e-07
140.0,-35.0,3.197007637858147e-07
142.5,-35.0,3.145119286082778e-07
145.0,-35.0,3.0984498607114543e-07
147.5,-35.0,3.056546741999813e-07
150.0,-35.0,3.019002697812193e-07
152.5,-35.0,2.9854495019460405e-07
155.0,-35.0,2.955556478902621e-07
-142.5,-32.5,1.6643020075906108e-07
-140.0,-32.5,1.361546755734067e-07
-137.5,-32.5,1.1792901918017918e-07
-135.0,-32.5,1.0704832343839043e-07
-132.5,-32.5,1.0139381577462781e-07
-130.0,-32.5,1.007117202731615e-07
-127.5,-32.5,1.0645220449869045e-07
-125.0,-32.5,1.2190954880752266e-07
-122.5,-32.5,1.509186424046624e-07
-120.0,-32.5,1.8679865540141299e-07
-117.5,-32.5,1.9505210576484923e-07
-115.0,-32.5,1.590839994618681e-07
-112.5,-32.5,1.1816792686013819e-07
-110.0,-32.5,9.562336178062208e-08
-107.5,-32.5,9.083225398834e-08
-105.0,-32.5,1.0405454803668386e-07
-102.5,-32.5,1.4258404339192617e-07
-100.0,-32.5,1.933524898333057e-07
-97.5,-32.5,1.7042680463944357e-07
-95.0,-32.5,1.0235786896366068e-07
-92.5,-32.5,6.503736426831555e-08
-90.0,-32.5,5.1212881387886054e-08
-87.5,-32.5,5.160848648482476e-08
-85.0,-32.5,7.098398770571848e-08
-82.5,-32.5,1.4524178016469202e-07
-80.0,-32.5,2.1382239884061853e-07
-77.5,-32.5,7.669418611950437e-08
-75.0,-32.5,3.200225084726355e-08
-72.5,-32.5,2.5041159668587438e-08
-70.0,-32.5,5.344993364147272e-08
-67.5,-32.5,3.9045639553266986e-06
-65.0,-32.5,7.64599503730662e-05
-62.5,-32.5,7.16224162524328e-05
-60.0,-32.5,5.772556749515937e-05
-57.5,-32.5,4.461564950058865e-05
-55.0,-32.5,3.3680768521601165e-05
-52.5,-32.5,2.416943476881094e-05
-50.0,-32.5,1.6181584283076406e-05
-47.5,-32.5,1.0369339037974487e-05
-45.0,-32.5,6.645502344890581e-06
-42.5,-32.5,4.329754112161129e-06
-40.0,-32.5,2.9776464273139795e-06
-37.5,-32.5,3.0329176027164593e-06
-35.0,-32.5,1.2536058586875541e-05
-32.5,-32.5,0.00016072988033396802
-30.0,-32.5,0.000249436178031943
-27.5,-32.5,0.0019114331606230725
-25.0,-32.5,0.0779260745701516
-22.5,-32.5,0.03757413001557227
-20.0,-32.5,0.009272432749169234
-17.5,-32.5,0.0009356510233765296
-15.0,-32.5,8.258257417188928e-05
-12.5,-32.5,1.1022145198746188e-05
-10.0,-32.5,2.3618526632046242e-06
-7.5,-32.5,7.377917473529084e-07
-5.0,-32.5,3.237322994705817e-07
-2.5,-32.5,1.8648846262307942e-07
0.0,-32.5,1.2005414929169192e-07
2.5,-32.5,1.4487800906068693e-07
5.0,-32.5,4.0330993948839445e-07
7.5,-32.5,1.8763618595886553e-06
10.0,-32.5,4.9148521184133405e-06
12.5,-32.5,6.754314884633229e-06
15.0,-32.5,6.571586712546961e-06
17.5,-32.5,5.255783047671662e-06
20.0,-32.5,3.5663965402807855e-06
22.5,-32.5,2.1023197037388683e-06
25.0,-32.5,1.1516092586408336e-06
27.5,-32.5,5.895650520929538e-07
30.0,-32.5,2.6432657744493106e-07
32.5,-32.5,1.316163389201677e-07
35.0,-32.5,1.0847663674143882e-07
37.5,-32.5,1.5967583045944803e-07
40.0,-32.5,2.5478074079910903e-07
42.5,-32.5,3.787043922737218e-07
45.0,-32.5,5.553192305370247e-07
47.5,-32.5,7.726804348229356e-07
50.0,-32.5,1.1664754184622275e-06
52.5,-32.5,1.8279075168770692e-06
55.0,-32.5,2.391606947041e-06
57.5,-32.5,2.420611291311167e-06
60.0,-32.5,2.1571472916105136e-06
62.5,-32.5,1.8839287425101317e-06
65.0,-32.5,1.5375035833657303e-06
67.5,-32.5,5.149484704519458e-07
70.0,-32.5,4.384251098660934e-07
72.5,-32.5,8.183918288191834e-07
75.0,-32.5,3.172024301811576e-07
77.5,-32.5,8.714765753368624e-08
80.0,-32.5,5.149179122808313e-08
82.5,-32.5,5.2277920734028344e-08
85.0,-32.5,7.776810039562155e-08
87.5,-32.5,1.7190310087746633e-07
90.0,-32.5,4.193997117106909e-07
92.5,-32.5,5.540789391885089e-07
95.0,-32.5,2.6245989698535203e-07
97.5,-32.5,8.571141731996721e-08
100.0,-32.5,7.074989399024269e-08
102.5,-32.5,1.416456341662679e-07
105.0,-32.5,3.50020590069381e-07
107.5,-32.5,4.3302055668887877e-07
110.0,-32.5,4.216815146390374e-07
112.5,-32.5,4.059190488153167e-07
115.0,-32.5,3.9151657577760273e-07
117.5,-32.5,3.78572249105704e-07
120.0,-32.5,3.6694502133170565e-07
122.5,-32.5,3.5649531183499654e-07
125.0,-32.5,3.471001197516812e-07
127.5,-32.5,3.3865147478124774e-07
130.0,-32.5,3.3105447204308207e-07
132.5,-32.5,3.2422533577633476e-07
135.0,-32.5,3.1808990234655286e-07
137.5,-32.5,3.1258245418067855e-07
140.0,-32.5,3.076443807421296e-07
142.5,-32.5,3.032236445047943e-07
145.0,-32.5,2.992735565867619e-07
147.5,-32.5,2.957524147721138e-07
150.0,-32.5,2.9262273240634626e-07
152.5,-32.5,2.8985091819390237e-07
155.0,-32.5,2.874066095693195e-07
-142.5,-30.0,1.9978973470422963e-07
-140.0,-30.0,1.557083512779674e-07
-137.5,-30.0,1.300409520737376e-07
-135.0,-30.0,1.1475496769332262e-07
-132.5,-30.0,1.057383664399978e-07
-130.0,-30.0,1.0138396450258191e-07
-127.5,-30.0,1.0211705770222059e-07
-125.0,-30.0,1.1041346977019037e-07
-122.5,-30.0,1.311720809804344e-07
-120.0,-30.0,1.6926150561460946e-07
-117.5,-30.0,2.0956649006538109e-07
-115.0,-30.0,2.0143349247304052e-07
-112.5,-30.0,1.490385940731557e-07
-110.0,-30.0,1.0745667598812929e-07
-107.5,-30.0,8.922837282583322e-08
-105.0,-30.0,9.008572018813738e-08
-102.5,-30.0,1.1382561912816375e-07
-100.0,-30.0,1.7494199964384272e-07
-97.5,-30.0,2.2984947558564357e-07
-95.0,-30.0,1.586260602725513e-07
-92.5,-30.0,8.413193668525212e-08
-90.0,-30.0,5.4015312795273984e-08
-87.5,-30.0,4.549629894256418e-08
-85.0,-30.0,5.2590511202830963e-08
-82.5,-30.0,9.650717507296115e-08
-80.0,-30.0,3.353008064237313e-07
-77.5,-30.0,3.900603255745048e-07
-75.0,-30.0,6.886166041206523e-08
-72.5,-30.0,2.4526422176241304e-08
-70.0,-30.0,2.455919905833727e-08
-67.5,-30.0,6.386793503098607e-07
-65.0,-30.0,5.270172948232807e-05
-62.5,-30.0,5.240893000196172e-05
-60.0,-30.0,4.5242544897219466e-05
-57.5,-30.0,3.8736161230135725e-05
-55.0,-30.0,3.381764860184951e-05
-52.5,-30.0,2.830017657575628e-05
-50.0,-30.0,2.1218461520971294e-05
-47.5,-30.0,1.468656699192517e-05
-45.0,-30.0,1.0285694398526707e-05
-42.5,-30.0,7.170555038865387e-06
-40.0,-30.0,3.9776282869154065e-06
-37.5,-30.0,1.6331244495829911e-06
-35.0,-30.0,1.9719001620439196e-06
-32.5,-30.0,1.0963198227128168e-05
-30.0,-30.0,4.676491204200899e-06
-27.5,-30.0,3.2220277153454666e-05
-25.0,-30.0,0.0038968133399524428
-22.5,-30.0,0.0012309251631152393
-20.0,-30.0,0.0003306162262045202
-17.5,-30.0,5.7797210863813256e-05
-15.0,-30.0,9.226458831730454e-06
-12.5,-30.0,1.8022417099215596e-06
-10.0,-30.0,5.00715119029663e-07
-7.5,-30.0,1.9726292030555907e-07
-5.0,-30.0,1.1236632759865459e-07
-2.5,-30.0,1.3859966850566006e-07
0.0,-30.0,2.660611268577963e-07
2.5,-30.0,4.5794700056504484e-07
5.0,-30.0,1.48885190864915e-06
7.5,-30.0,4.231354517621064e-06
10.0,-30.0,6.470122553841191e-06
12.5,-30.0,6.73829613719287e-06
15.0,-30.0,5.861822924548792e-06
17.5,-30.0,4.517330195339159e-06
20.0,-30.0,3.0924355231181446e-06
22.5,-30.0,1.8948545719545787e-06
25.0,-30.0,9.898357726093703e-07
27.5,-30.0,3.0465634945246125e-07
30.0,-30.0,1.2915230720443184e-07
32.5,-30.0,1.1761199105647207e-07
35.0,-30.0,1.288562376900481e-07
37.5,-30.0,2.0239367893746174e-07
40.0,-30.0,3.1383744411173074e-07
42.5,-30.0,4.6210820249462234e-07
45.0,-30.0,6.460809703949766e-07
47.5,-30.0,8.994491220458262e-07
50.0,-30.0,1.3665199696670398e-06
52.5,-30.0,2.0258681658005495e-06
55.0,-30.0,2.428512978303845e-06
57.5,-30.0,2.330041296371284e-06
60.0,-30.0,2.0436190511506177e-06
62.5,-30.0,1.774320980487394e-06
65.0,-30.0,1.311822256487236e-06
67.5,-30.0,2.922764608688211e-07
70.0,-30.0,1.56801388693993e-07
72.5,-30.0,3.2841874280166487e-07
75.0,-30.0,2.603839608336084e-07
77.5,-30.0,8.316787493271453e-08
80.0,-30.0,4.9540002499123647e-08
82.5,-30.0,4.986644838010816e-08
85.0,-30.0,7.547985836610069e-08
87.5,-30.0,1.6489312150129266e-07
90.0,-30.0,3.833426432933092e-07
92.5,-30.0,5.064986004723253e-07
95.0,-30.0,2.5343160338629663e-07
97.5,-30.0,8.462595628693643e-08
100.0,-30.0,5.631497940704481e-08
102.5,-30.0,8.857380564801547e-08
105.0,-30.0,2.299505497010302e-07
107.5,-30.0,3.84102651682798e-07
110.0,-30.0,3.9660249634108126e-07
112.5,-30.0,3.8373107517511876e-07
115.0,-30.0,3.709490935082931e-07
117.5,-30.0,3.594350064080342e-07
120.0,-30.0,3.4912878053153766e-07
122.5,-30.0,3.399052785998109e-07
125.0,-30.0,3.3164913731870353e-07
127.5,-30.0,3.242588259224563e-07
130.0,-30.0,3.176454136296536e-07
132.5,-30.0,3.117305940462571e-07
135.0,-30.0,3.0644522006629157e-07
137.5,-30.0,3.0172825909327445e-07
140.0,-30.0,2.975256299501196e-07
142.5,-30.0,2.9378915178739355e-07
145.0,-30.0,2.9047602843841884e-07
147.5,-30.0,2.87548066834561e-07
150.0,-30.0,2.8497105496642256e-07
152.5,-30.0,2.827144176082772e-07
155.0,-30.0,2.8075070413684064e-07
-142.5,-27.5,2.4908939703695377e-07
-140.0,-27.5,1.8281570993964617e-07
-137.5,-27.5,1.457995397929488e-07
-135.0,-27.5,1.2459930046443316e-07
-132.5,-27.5,1.1210815853556202e-07
-130.0,-27.5,1.047398806780777e-07
-127.5,-27.5,1.0148173803698343e-07
-125.0,-27.5,1.0367868656156427e-07
-122.5,-27.5,1.1525042170389872e-07
-120.0,-27.5,1.434997358253958e-07
-117.5,-27.5,1.9423692627101935e-07
-115.0,-27.5,2.3547971091531732e-07
-112.5,-27.5,2.0111371982464877e-07
-110.0,-27.5,1.3542131302207895e-07
-107.5,-27.5,9.680583325614409e-08
-105.0,-27.5,8.394384713427824e-08
-102.5,-27.5,9.219679632474226e-08
-100.0,-27.5,1.33652431745532e-07
-97.5,-27.5,2.3599340299630198e-07
-95.0,-27.5,2.6868969161379046e-07
-92.5,-27.5,1.3688897437626123e-07
-90.0,-27.5,6.713453910319723e-08
-87.5,-27.5,4.4623247401402685e-08
-85.0,-27.5,4.177428095800502e-08
-82.5,-27.5,6.14840042970765e-08
-80.0,-27.5,2.016515270417252e-07
-77.5,-27.5,1.5956381420105419e-06
-75.0,-27.5,1.0893415159196004e-06
-72.5,-27.5,8.246606382095022e-08
-70.0,-27.5,2.3640204982555576e-08
-67.5,-27.5,3.451053945435964e-07
-65.0,-27.5,2.951831741436389e-05
-62.5,-27.5,2.7907735784473218e-05
-60.0,-27.5,2.356761184383261e-05
-57.5,-27.5,2.012441437184357e-05
-55.0,-27.5,1.857865829055768e-05
-52.5,-27.5,1.7312814044723644e-05
-50.0,-27.5,1.4071460008857584e-05
-47.5,-27.5,1.001962215137343e-05
-45.0,-27.5,7.802036555752123e-06
-42.5,-27.5,7.848416921802807e-06
-40.0,-27.5,8.17813072661125e-06
-37.5,-27.5,5.214722310816425e-06
-35.0,-27.5,5.1778173611681585e-06
-32.5,-27.5,2.854385358683448e-05
-30.0,-27.5,5.4492709565246525e-05
-27.5,-27.5,0.0003501373636851719
-25.0,-27.5,0.00024088445297710075
-22.5,-27.5,0.00011052741891777263
-20.0,-27.5,4.587399204844194e-05
-17.5,-27.5,1.4856775902367981e-05
-15.0,-27.5,3.9637261327447675e-06
-12.5,-27.5,1.0343453202775027e-06
-10.0,-27.5,3.507749961176156e-07
-7.5,-27.5,1.7991218729093834e-07
-5.0,-27.5,1.5214615238655446e-07
-2.5,-27.5,2.981928720780419e-07
0.0,-27.5,7.080137152707307e-07
2.5,-27.5,1.458796331364138e-06
5.0,-27.5,3.596366591950736e-06
7.5,-27.5,5.940753262728623e-06
10.0,-27.5,6.568850157689484e-06
12.5,-27.5,6.047218944332277e-06
15.0,-27.5,5.085966031670453e-06
17.5,-27.5,3.946633089214745e-06
20.0,-27.5,2.7781822787141392e-06
22.5,-27.5,1.6669710050014989e-06
25.0,-27.5,6.056390340712726e-07
27.5,-27.5,1.2638825317274628e-07
30.0,-27.5,7.762356322894035e-08
32.5,-27.5,1.1335351015678594e-07
35.0,-27.5,1.5864700420830636e-07
37.5,-27.5,2.490123526481047e-07
40.0,-27.5,3.730982130356021e-07
42.5,-27.5,5.324184909401969e-07
45.0,-27.5,7.272137268515109e-07
47.5,-27.5,1.0324594629955142e-06
50.0,-27.5,1.5632275405245553e-06
52.5,-27.5,2.1787641452455143e-06
55.0,-27.5,2.4199028420385445e-06
57.5,-27.5,2.230471313153728e-06
60.0,-27.5,1.9340522205807653e-06
62.5,-27.5,1.6706328699121012e-06
65.0,-27.5,1.1929453992910556e-06
67.5,-27.5,2.6387473269578776e-07
70.0,-27.5,1.0483999018420717e-07
72.5,-27.5,1.4125132642039014e-07
75.0,-27.5,1.8410927590482843e-07
77.5,-27.5,8.006492243407387e-08
80.0,-27.5,4.9076934820548095e-08
82.5,-27.5,4.8628804855566356e-08
85.0,-27.5,7.242828732263627e-08
87.5,-27.5,1.548518549700984e-07
90.0,-27.5,3.508805133126686e-07
92.5,-27.5,4.672414384160753e-07
95.0,-27.5,2.512455801183875e-07
97.5,-27.5,8.275196669280725e-08
100.0,-27.5,4.831381543099499e-08
102.5,-27.5,6.326371538555546e-08
105.0,-27.5,1.4902255567284253e-07
107.5,-27.5,3.124715008067123e-07
110.0,-27.5,3.704681313612226e-07
112.5,-27.5,3.639476260750196e-07
115.0,-27.5,3.5291537553918016e-07
117.5,-27.5,3.4275961743981537e-07
120.0,-27.5,3.336841418102722e-07
122.5,-27.5,3.2559578200050753e-07
125.0,-27.5,3.183889279311226e-07
127.5,-27.5,3.1196919452305597e-07
130.0,-27.5,3.0625383901549656e-07
132.5,-27.5,3.011703173661537e-07
135.0,-27.5,2.9665493024248646e-07
137.5,-27.5,2.926514975520106e-07
140.0,-27.5,2.8911043075607294e-07
142.5,-27.5,2.859878758139955e-07
145.0,-27.5,2.8324478380242684e-07
147.5,-27.5,2.8084656936800175e-07
150.0,-27.5,2.787623583082076e-07
152.5,-27.5,2.769645420101735e-07
155.0,-27.5,2.7542843145758334e-07
-142.5,-25.0,3.2633591642504675e-07
-140.0,-25.0,2.229184603514568e-07
-137.5,-25.0,1.673827616480819e-07
-135.0,-25.0,1.3704533904680615e-07
-132.5,-25.0,1.2011026262550917e-07
-130.0,-25.0,1.1017932799852192e-07
-127.5,-25.0,1.0411700106914466e-07
-125.0,-25.0,1.0168861877358691e-07
-122.5,-25.0,1.0554937799843007e-07
-120.0,-25.0,1.2173262548234557e-07
-117.5,-25.0,1.614560585839073e-07
-115.0,-25.0,2.307173968796912e-07
-112.5,-25.0,2.64057123364792e-07
-110.0,-25.0,1.9325978721521084e-07
-107.5,-25.0,1.2027513368100357e-07
-105.0,-25.0,8.709868961554202e-08
-102.5,-25.0,8.050016468191224e-08
-100.0,-25.0,9.973294295914567e-08
-97.5,-25.0,1.770390287413249e-07
-95.0,-25.0,3.608421236391867e-07
-92.5,-25.0,2.9477953673126436e-07
-90.0,-25.0,1.1074592534143314e-07
-87.5,-25.0,5.211907285288259e-08
-85.0,-25.0,3.6898760300562284e-08
-82.5,-25.0,4.160486138382078e-08
-80.0,-25.0,1.0210401294616491e-07
-77.5,-25.0,9.946499148192822e-07
-75.0,-25.0,6.734286016230143e-06
-72.5,-25.0,6.418631558989362e-06
-70.0,-25.0,2.3641131344687653e-06
-67.5,-25.0,1.1763944688598156e-05
-65.0,-25.0,1.6811782788543765e-05
-62.5,-25.0,1.559437902354209e-05
-60.0,-25.0,1.2826204416761622e-05
-57.5,-25.0,1.0557743967629043e-05
-55.0,-25.0,9.775676864343334e-06
-52.5,-25.0,9.825212370582882e-06
-50.0,-25.0,8.355051007822683e-06
-47.5,-25.0,5.3313124346891165e-06
-45.0,-25.0,3.6591381287089463e-06
-42.5,-25.0,4.295731373678957e-06
-40.0,-25.0,9.075290553387465e-06
-37.5,-25.0,2.417249454395339e-05
-35.0,-25.0,6.310774032191242e-05
-32.5,-25.0,0.0001261271727563271
-30.0,-25.0,0.00016538473519148788
-27.5,-25.0,0.0001041055665669586
-25.0,-25.0,5.5756366131882956e-05
-22.5,-25.0,3.467175462413387e-05
-20.0,-25.0,2.0289669829343388e-05
-17.5,-25.0,1.092915321683748e-05
-15.0,-25.0,5.29026288040749e-06
-12.5,-25.0,2.157676446193987e-06
-10.0,-25.0,8.552336390352106e-07
-7.5,-25.0,5.220203807189209e-07
-5.0,-25.0,5.991848173822907e-07
-2.5,-25.0,1.0367310061908808e-06
0.0,-25.0,1.7453313054548194e-06
2.5,-25.0,3.299697254590281e-06
5.0,-25.0,5.355269887285003e-06
7.5,-25.0,6.217854619593063e-06
10.0,-25.0,5.9526594494993975e-06
12.5,-25.0,5.284270499068305e-06
15.0,-25.0,4.4751326512295685e-06
17.5,-25.0,3.55639522312333e-06
20.0,-25.0,2.494784994592469e-06
22.5,-25.0,1.2448415367186895e-06
25.0,-25.0,3.018524355873581e-07
27.5,-25.0,8.187345321955407e-08
30.0,-25.0,6.82038860646006e-08
32.5,-25.0,1.1732430330222162e-07
35.0,-25.0,1.9210075574505605e-07
37.5,-25.0,2.932160518144265e-07
40.0,-25.0,4.227447225835624e-07
42.5,-25.0,5.850672799807784e-07
45.0,-25.0,8.017811113711263e-07
47.5,-25.0,1.167923092686795e-06
50.0,-25.0,1.7436059675239797e-06
52.5,-25.0,2.2787070056536864e-06
55.0,-25.0,2.3690164915621054e-06
57.5,-25.0,2.0538493217651463e-06
60.0,-25.0,1.7346989558283788e-06
62.5,-25.0,1.5532170784048145e-06
65.0,-25.0,1.137833917207025e-06
67.5,-25.0,2.905962492519345e-07
70.0,-25.0,9.69925003980348e-08
72.5,-25.0,8.994469716209217e-08
75.0,-25.0,1.1923590821560287e-07
77.5,-25.0,7.61972546773201e-08
80.0,-25.0,4.9459192282030236e-08
82.5,-25.0,4.826974054856142e-08
85.0,-25.0,6.940932758368175e-08
87.5,-25.0,1.423981153904314e-07
90.0,-25.0,3.1760247568579696e-07
92.5,-25.0,4.3240788968502954e-07
95.0,-25.0,2.4603634096236364e-07
97.5,-25.0,8.085222491292205e-08
100.0,-25.0,4.514001269298871e-08
102.5,-25.0,5.176074396322898e-08
105.0,-25.0,1.0410369564984857e-07
107.5,-25.0,2.3568146380303288e-07
110.0,-25.0,3.37453565019984e-07
112.5,-25.0,3.456786411070582e-07
115.0,-25.0,3.3704615426867466e-07
117.5,-25.0,3.2823690870769914e-07
120.0,-25.0,3.203241013670748e-07
122.5,-25.0,3.13295588076007e-07
125.0,-25.0,3.0706234045982985e-07
127.5,-25.0,3.0153839740954466e-07
130.0,-25.0,2.966479916548116e-07
132.5,-25.0,2.923249017759356e-07
135.0,-25.0,2.885111873503319e-07
137.5,-25.0,2.85155815318507e-07
140.0,-25.0,2.8221399088934987e-07
142.5,-25.0,2.796461729717598e-07
145.0,-25.0,2.7741726722825165e-07
147.5,-25.0,2.754963028633196e-07
150.0,-25.0,2.738555668433287e-07
152.5,-25.0,2.724705670650292e-07
155.0,-25.0,2.713192945169557e-07
-142.5,-22.5,4.5484921415308197e-07
-140.0,-22.5,2.869664415143599e-07
-137.5,-22.5,1.9964540273791918e-07
-135.0,-22.5,1.5391431814195907e-07
-132.5,-22.5,1.2984728266809557e-07
-130.0,-22.5,1.1695151611506076e-07
-127.5,-22.5,1.0922830620328185e-07
-125.0,-22.5,1.0395706979334185e-07
-122.5,-22.5,1.02070149813827e-07
-120.0,-22.5,1.081445726828271e-07
-117.5,-22.5,1.314906146055935e-07
-115.0,-22.5,1.9045855527810611e-07
-112.5,-22.5,2.8780531239064696e-07
-110.0,-22.5,2.9263761824804486e-07
-107.5,-22.5,1.7841412777188501e-07
-105.0,-22.5,1.0518965326741552e-07
-102.5,-22.5,7.879881344761885e-08
-100.0,-22.5,7.98661385606923e-08
-97.5,-22.5,1.1860865375197703e-07
-95.0,-22.5,2.846755102705956e-07
-92.5,-22.5,6.093221239539279e-07
-90.0,-22.5,2.886757959936816e-07
-87.5,-22.5,8.447631806345685e-08
-85.0,-22.5,3.906665439666963e-08
-82.5,-22.5,3.115976742733984e-08
-80.0,-22.5,5.2808796687330736e-08
-77.5,-22.5,4.39471737857614e-07
-75.0,-22.5,4.780578891094341e-06
-72.5,-22.5,7.09658728489174e-06
-70.0,-22.5,8.382296154548166e-06
-67.5,-22.5,1.0021310831349682e-05
-65.0,-22.5,1.1238974719649957e-05
-62.5,-22.5,1.0806959099663832e-05
-60.0,-22.5,8.89006293471879e-06
-57.5,-22.5,7.078063729736646e-06
-55.0,-22.5,6.48830765625338e-06
-52.5,-22.5,7.1581010237125564e-06
-50.0,-22.5,6.667611693531698e-06
-47.5,-22.5,3.4132170515784823e-06
-45.0,-22.5,1.6818144560769261e-06
-42.5,-22.5,2.0326135787555163e-06
-40.0,-22.5,6.129208414256437e-06
-37.5,-22.5,2.490019429192128e-05
-35.0,-22.5,7.048434960279781e-05
-32.5,-22.5,9.585483633933914e-05
-30.0,-22.5,6.911520429938267e-05
-27.5,-22.5,4.360108717194595e-05
-25.0,-22.5,3.0542458954525805e-05
-22.5,-22.5,2.1565719168209926e-05
-20.0,-22.5,1.4598606150598876e-05
-17.5,-22.5,9.853153308665064e-06
-15.0,-22.5,7.357235360089541e-06
-12.5,-22.5,6.412343100838128e-06
-10.0,-22.5,4.302298776623849e-06
-7.5,-22.5,2.1808849655700004e-06
-5.0,-22.5,1.8090518751113776e-06
-2.5,-22.5,2.2323640556947662e-06
0.0,-22.5,3.339095752360771e-06
2.5,-22.5,4.9179103308321785e-06
5.0,-22.5,5.816776826945695e-06
7.5,-22.5,5.730335394469877e-06
10.0,-22.5,5.2451733166411425e-06
12.5,-22.5,4.678698695620732e-06
15.0,-22.5,4.049849966304625e-06
17.5,-22.5,3.236036029697119e-06
20.0,-22.5,2.056566461350919e-06
22.5,-22.5,7.50815232621823e-07
25.0,-22.5,1.7134223176841423e-07
27.5,-22.5,6.88268459686909e-08
30.0,-22.5,6.968494878257554e-08
32.5,-22.5,1.2754390748832884e-07
35.0,-22.5,2.2303149363738416e-07
37.5,-22.5,3.2851557486263e-07
40.0,-22.5,4.561517302404862e-07
42.5,-22.5,6.21393679834722e-07
45.0,-22.5,8.711080545793197e-07
47.5,-22.5,1.298742018904974e-06
50.0,-22.5,1.8924792626651748e-06
52.5,-22.5,2.3180684437099994e-06
55.0,-22.5,2.2449846020240794e-06
57.5,-22.5,9.588388599236497e-07
60.0,-22.5,4.911338043999759e-07
62.5,-22.5,8.893770159902687e-07
65.0,-22.5,1.0398967325614676e-06
67.5,-22.5,3.415558085400855e-07
70.0,-22.5,1.0442203786405755e-07
72.5,-22.5,7.421567576044606e-08
75.0,-22.5,8.377010567613959e-08
77.5,-22.5,7.013518709099577e-08
80.0,-22.5,5.022176034613528e-08
82.5,-22.5,4.856811042617974e-08
85.0,-22.5,6.689330991841916e-08
87.5,-22.5,1.2937643527069052e-07
90.0,-22.5,2.808682236754828e-07
92.5,-22.5,3.950400042283487e-07
95.0,-22.5,2.3555617866036317e-07
97.5,-22.5,8.026997614412417e-08
100.0,-22.5,4.462033052846249e-08
102.5,-22.5,4.6552034120870195e-08
105.0,-22.5,8.029384360502414e-08
107.5,-22.5,1.74759541059218e-07
110.0,-22.5,2.940392246848645e-07
112.5,-22.5,3.27292519472673e-07
115.0,-22.5,3.2299030028631263e-07
117.5,-22.5,3.156291774838224e-07
120.0,-22.5,3.08831583258393e-07
122.5,-22.5,3.027977601263808e-07
125.0,-22.5,2.974710307454885e-07
127.5,-22.5,2.927769084219707e-07
130.0,-22.5,2.8864743138818597e-07
132.5,-22.5,2.8502319907187716e-07
135.0,-22.5,2.818522989715458e-07
137.5,-22.5,2.7908921964305256e-07
140.0,-22.5,2.7669400400310585e-07
142.5,-22.5,2.7463149860549044e-07
145.0,-22.5,2.728706617086338e-07
147.5,-22.5,2.713839125077819e-07
150.0,-22.5,2.7014689689780435e-07
152.5,-22.5,2.6913787267441774e-07
155.0,-22.5,2.6833749016931414e-07
-142.5,-20.0,6.808473118525558e-07
-140.0,-20.0,3.9751710230191526e-07
-137.5,-20.0,2.527125636736846e-07
-135.0,-20.0,1.7962339788779043e-07
-132.5,-20.0,1.4280213132934355e-07
-130.0,-20.0,1.2468057141403562e-07
-127.5,-20.0,1.1560354881254483e-07
-125.0,-20.0,1.0953592592346309e-07
-122.5,-20.0,1.0428890524857402e-07
-120.0,-20.0,1.0272049496648823e-07
-117.5,-20.0,1.1222232649437455e-07
-115.0,-20.0,1.4763707472878738e-07
-112.5,-20.0,2.417615663527435e-07
-110.0,-20.0,3.7916827367505446e-07
-107.5,-20.0,3.12478269617838e-07
-105.0,-20.0,1.577918828972117e-07
-102.5,-20.0,9.072401676178835e-08
-100.0,-20.0,7.196672484555054e-08
-97.5,-20.0,8.365785842664911e-08
-95.0,-20.0,1.6470633505008807e-07
-92.5,-20.0,5.813294215902431e-07
-90.0,-20.0,9.587642728763437e-07
-87.5,-20.0,2.5426652120152914e-07
-85.0,-20.0,6.0624807723606e-08
-82.5,-20.0,2.8344376141406224e-08
-80.0,-20.0,3.0189338951425836e-08
-77.5,-20.0,1.816064680628576e-07
-75.0,-20.0,3.409665494282303e-06
-72.5,-20.0,5.159574190732299e-06
-70.0,-20.0,6.180866567723432e-06
-67.5,-20.0,7.782565610457451e-06
-65.0,-20.0,9.486247092439036e-06
-62.5,-20.0,9.730459508173772e-06
-60.0,-20.0,7.950479495752023e-06
-57.5,-20.0,5.891255254471648e-06
-55.0,-20.0,5.046863671192118e-06
-52.5,-20.0,5.9374854096792775e-06
-50.0,-20.0,6.69808831909773e-06
-47.5,-20.0,2.510378765443899e-06
-45.0,-20.0,6.787872192240634e-07
-42.5,-20.0,1.060709360767523e-06
-40.0,-20.0,5.777991782077388e-06
-37.5,-20.0,2.786344927341201e-05
-35.0,-20.0,5.978027013698611e-05
-32.5,-20.0,6.105295271383649e-05
-30.0,-20.0,4.633615489248614e-05
-27.5,-20.0,3.539095028221054e-05
-25.0,-20.0,2.7518528248689142e-05
-22.5,-20.0,1.98054817369071e-05
-20.0,-20.0,1.2514748251815728e-05
-17.5,-20.0,7.132782813187547e-06
-15.0,-20.0,4.120107126571087e-06
-12.5,-20.0,4.123938755179644e-06
-10.0,-20.0,1.0020613589564888e-05
-7.5,-20.0,6.243482960115033e-06
-5.0,-20.0,3.537292234002075e-06
-2.5,-20.0,3.7201726303541928e-06
0.0,-20.0,4.723188341176956e-06
2.5,-20.0,5.473347405997984e-06
5.0,-20.0,5.488487128287225e-06
7.5,-20.0,5.109418432517869e-06
10.0,-20.0,4.673861242479094e-06
12.5,-20.0,4.249209150108029e-06
15.0,-20.0,3.6874131184817974e-06
17.5,-20.0,2.3899100244921733e-06
20.0,-20.0,1.2031288666391068e-06
22.5,-20.0,4.15326078143752e-07
25.0,-20.0,1.1736068363193945e-07
27.5,-20.0,6.511503608077094e-08
30.0,-20.0,7.528767342291565e-08
32.5,-20.0,1.4039644482957206e-07
35.0,-20.0,2.463457742784523e-07
37.5,-20.0,3.5007255755632697e-07
40.0,-20.0,4.7205596526655776e-07
42.5,-20.0,6.449545609279806e-07
45.0,-20.0,9.337133356103166e-07
47.5,-20.0,1.413964023824116e-06
50.0,-20.0,1.9916468130819487e-06
52.5,-20.0,2.287870780627628e-06
55.0,-20.0,2.0480679717176223e-06
57.5,-20.0,5.033024119861195e-07
60.0,-20.0,1.401857603488021e-07
62.5,-20.0,1.9455961971684982e-07
65.0,-20.0,5.075456539205858e-07
67.5,-20.0,3.8263625060854896e-07
70.0,-20.0,1.2052236131220275e-07
72.5,-20.0,7.071031393252904e-08
75.0,-20.0,6.693449081387343e-08
77.5,-20.0,6.279084528303507e-08
80.0,-20.0,5.0819712893953664e-08
82.5,-20.0,4.932863013813005e-08
85.0,-20.0,6.505149567000628e-08
87.5,-20.0,1.1734150242287736e-07
90.0,-20.0,2.2972791416576886e-07
92.5,-20.0,2.981514790270479e-07
95.0,-20.0,2.197453737079278e-07
97.5,-20.0,8.100417889473202e-08
100.0,-20.0,4.5575074596390253e-08
102.5,-20.0,4.4403341952771865e-08
105.0,-20.0,6.736988320796802e-08
107.5,-20.0,1.3375986451170106e-07
110.0,-20.0,2.45267575485414e-07
112.5,-20.0,3.062684002748095e-07
115.0,-20.0,3.1027790196089705e-07
117.5,-20.0,3.0473939957152564e-07
120.0,-20.0,2.9903995963240043e-07
122.5,-20.0,2.9394408274007464e-07
125.0,-20.0,2.8946295565512167e-07
127.5,-20.0,2.855390835904628e-07
130.0,-20.0,2.8211364199927796e-07
132.5,-20.0,2.7913437975748657e-07
135.0,-20.0,2.7655567922086917e-07
137.5,-20.0,2.7433753610575584e-07
140.0,-20.0,2.724448724274883e-07
142.5,-20.0,2.708469437081538e-07
145.0,-20.0,2.6951648204154293e-07
147.5,-20.0,2.6842942011547435e-07
150.0,-20.0,2.675644141268605e-07
152.5,-20.0,2.6690254825419487e-07
155.0,-20.0,2.66426822727019e-07
-142.5,-17.5,1.0947023784169027e-06
-140.0,-17.5,6.030049240706579e-07
-137.5,-17.5,3.4818494525525764e-07
-135.0,-17.5,2.2347651648397732e-07
-132.5,-17.5,1.6295363896552388e-07
-130.0,-17.5,1.3436016743810854e-07
-127.5,-17.5,1.2206680899540537e-07
-125.0,-17.5,1.1657608276469636e-07
-122.5,-17.5,1.1119990474586358e-07
-120.0,-17.5,1.0484176578483615e-07
-117.5,-17.5,1.0360014483076037e-07
-115.0,-17.5,1.188456569287983e-07
-112.5,-17.5,1.7572332589816232e-07
-110.0,-17.5,3.372475895038143e-07
-107.5,-17.5,5.103688789108765e-07
-105.0,-17.5,3.0762201841113715e-07
-102.5,-17.5,1.327325200969657e-07
-100.0,-17.5,7.668616542808586e-08
-97.5,-17.5,6.653198069411557e-08
-95.0,-17.5,9.569124171581217e-08
-92.5,-17.5,2.8839135754083774e-07
-90.0,-17.5,1.2947551887869471e-06
-87.5,-17.5,1.2172929806825268e-06
-85.0,-17.5,2.2814324213958424e-07
-82.5,-17.5,4.312571760453613e-08
-80.0,-17.5,2.2786182905632557e-08
-77.5,-17.5,9.317428123691208e-08
-75.0,-17.5,2.967451081391201e-06
-72.5,-17.5,4.286834599352814e-06
-70.0,-17.5,5.433638199553432e-06
-67.5,-17.5,7.527039812600075e-06
-65.0,-17.5,1.0317504417396518e-05
-62.5,-17.5,1.1243454040603286e-05
-60.0,-17.5,8.528072890485894e-06
-57.5,-17.5,5.27762786891405e-06
-55.0,-17.5,3.7737041503890338e-06
-52.5,-17.5,4.220181626469078e-06
-50.0,-17.5,6.637424210218205e-06
-47.5,-17.5,3.1726569783296395e-06
-45.0,-17.5,4.906243164976541e-07
-42.5,-17.5,1.318689380123566e-06
-40.0,-17.5,1.1452695278527041e-05
-37.5,-17.5,4.307909828682777e-05
-35.0,-17.5,6.329978865375448e-05
-32.5,-17.5,5.824170073114336e-05
-30.0,-17.5,4.9052498845669075e-05
-27.5,-17.5,4.281822855891867e-05
-25.0,-17.5,3.58852967404147e-05
-22.5,-17.5,2.500212468044786e-05
-20.0,-17.5,1.4149886233752047e-05
-17.5,-17.5,7.043185595163249e-06
-15.0,-17.5,3.350192379068726e-06
-12.5,-17.5,2.7370862897524958e-06
-10.0,-17.5,1.1169232563102691e-05
-7.5,-17.5,1.008242932056463e-05
-5.0,-17.5,5.298978340433198e-06
-2.5,-17.5,4.936876167724415e-06
0.0,-17.5,5.286173365938218e-06
2.5,-17.5,5.298399999228648e-06
5.0,-17.5,4.974511694798747e-06
7.5,-17.5,4.587497907485412e-06
10.0,-17.5,4.255980956827659e-06
12.5,-17.5,3.880655918998455e-06
15.0,-17.5,2.5204958197865476e-06
17.5,-17.5,5.434930712857748e-07
20.0,-17.5,3.362748986895888e-07
22.5,-17.5,2.3780347512323388e-07
25.0,-17.5,9.25520659113582e-08
27.5,-17.5,6.524794683830047e-08
30.0,-17.5,8.267058311596864e-08
32.5,-17.5,1.5253531819076283e-07
35.0,-17.5,2.5910597818426595e-07
37.5,-17.5,3.565439832052482e-07
40.0,-17.5,4.73407542932107e-07
42.5,-17.5,6.585639887216654e-07
45.0,-17.5,9.850033589889457e-07
47.5,-17.5,1.4979209219636553e-06
50.0,-17.5,2.0196730741744188e-06
52.5,-17.5,2.1793529618331973e-06
55.0,-17.5,1.8765049809546402e-06
57.5,-17.5,5.238541429773227e-07
60.0,-17.5,1.0917781573281798e-07
62.5,-17.5,8.603506577389722e-08
65.0,-17.5,1.5860118313936006e-07
67.5,-17.5,2.8940671686206206e-07
70.0,-17.5,1.3991492508998874e-07
72.5,-17.5,7.29011437544987e-08
75.0,-17.5,5.9411309906738226e-08
77.5,-17.5,5.633135025791356e-08
80.0,-17.5,5.072639831284914e-08
82.5,-17.5,5.030465270255077e-08
85.0,-17.5,6.386518033476475e-08
87.5,-17.5,1.070732591584223e-07
90.0,-17.5,1.763316293479681e-07
92.5,-17.5,1.7475367346306064e-07
95.0,-17.5,1.837586114455658e-07
97.5,-17.5,8.255388483540133e-08
100.0,-17.5,4.7428666541163e-08
102.5,-17.5,4.393784203731045e-08
105.0,-17.5,6.01597536015876e-08
107.5,-17.5,1.077360077465393e-07
110.0,-17.5,2.0028704714847782e-07
112.5,-17.5,2.8052898524115527e-07
115.0,-17.5,2.9812177116675484e-07
117.5,-17.5,2.9537079645284775e-07
120.0,-17.5,2.908158376370906e-07
122.5,-17.5,2.8661273707591816e-07
125.0,-17.5,2.8292194734711317e-07
127.5,-17.5,2.797144048742788e-07
130.0,-17.5,2.769423929402018e-07
132.5,-17.5,2.7456110785399565e-07
135.0,-17.5,2.725312021868111e-07
137.5,-17.5,2.708180840208307e-07
140.0,-17.5,2.693915695199745e-07
142.5,-17.5,2.6822486895476043e-07
145.0,-17.5,2.6729454253516486e-07
147.5,-17.5,2.665798266264968e-07
150.0,-17.5,2.6606216961648796e-07
152.5,-17.5,2.6572516956076623e-07
155.0,-17.5,2.6555416506810215e-07
-142.5,-15.0,1.8497344019896938e-06
-140.0,-15.0,1.00691974315808e-06
-137.5,-15.0,5.345059846515467e-07
-135.0,-15.0,3.053300295576921e-07
-132.5,-15.0,1.9852953346379211e-07
-130.0,-15.0,1.493745183364036e-07
-127.5,-15.0,1.2872435963744662e-07
-125.0,-15.0,1.2246782176528187e-07
-122.5,-15.0,1.2013833345690877e-07
-120.0,-15.0,1.1363122681787175e-07
-117.5,-15.0,1.046381309920308e-07
-115.0,-15.0,1.0428754692532712e-07
-112.5,-15.0,1.2922961792506307e-07
-110.0,-15.0,2.251303002508902e-07
-107.5,-15.0,5.100276170461549e-07
-105.0,-15.0,6.387457740947327e-07
-102.5,-15.0,2.6947389803761223e-07
-100.0,-15.0,1.0527093454322959e-07
-97.5,-15.0,6.304846050217571e-08
-95.0,-15.0,6.30961303537891e-08
-92.5,-15.0,1.2912176910447597e-07
-90.0,-15.0,6.592132933335408e-07
-87.5,-15.0,2.09568793240567e-06
-85.0,-15.0,1.540252230085208e-06
-82.5,-15.0,3.401327369783534e-07
-80.0,-15.0,6.156521325052155e-08
-77.5,-15.0,2.431952100238755e-07
-75.0,-15.0,3.2471585532678626e-06
-72.5,-15.0,4.1673992908209594e-06
-70.0,-15.0,5.767409068729269e-06
-67.5,-15.0,9.041577007994868e-06
-65.0,-15.0,1.4094005922042918e-05
-62.5,-15.0,1.558639870467737e-05
-60.0,-15.0,9.59329170703603e-06
-57.5,-15.0,4.205876314162854e-06
-55.0,-15.0,2.2704518622321393e-06
-52.5,-15.0,2.217069462402674e-06
-50.0,-15.0,4.279731671450039e-06
-47.5,-15.0,8.361393230808902e-06
-45.0,-15.0,5.926783192500236e-06
-42.5,-15.0,1.2149982772021701e-05
-40.0,-15.0,3.9869078609605764e-05
-37.5,-15.0,6.887392030696116e-05
-35.0,-15.0,7.453751921819666e-05
-32.5,-15.0,6.988311573423563e-05
-30.0,-15.0,6.705821091677825e-05
-27.5,-15.0,6.718207288648192e-05
-25.0,-15.0,5.8890436010408523e-05
-22.5,-15.0,3.699471472823496e-05
-20.0,-15.0,1.9473206959031162e-05
-17.5,-15.0,1.128364080187231e-05
-15.0,-15.0,8.211427613774239e-06
-12.5,-15.0,9.747779039748377e-06
-10.0,-15.0,1.5772372555234124e-05
-7.5,-15.0,1.0037286804930983e-05
-5.0,-15.0,6.10867171918001e-06
-2.5,-15.0,5.42415313304449e-06
0.0,-15.0,5.2328606084771215e-06
2.5,-15.0,4.901580079609397e-06
5.0,-15.0,4.508947121763644e-06
7.5,-15.0,4.183510830090543e-06
10.0,-15.0,3.906064543662526e-06
12.5,-15.0,3.096068740565323e-06
15.0,-15.0,8.77622484578241e-07
17.5,-15.0,1.780246016804297e-07
20.0,-15.0,1.7042773352383313e-07
22.5,-15.0,1.5246758550482313e-07
25.0,-15.0,8.015330856446214e-08
27.5,-15.0,6.725725020319412e-08
30.0,-15.0,9.037812660332492e-08
32.5,-15.0,1.6137462132008846e-07
35.0,-15.0,2.609714634341659e-07
37.5,-15.0,3.502071363782147e-07
40.0,-15.0,4.646017436016956e-07
42.5,-15.0,6.630684315538694e-07
45.0,-15.0,1.0168680892734935e-06
47.5,-15.0,1.5165182017259494e-06
50.0,-15.0,1.9023850406803169e-06
52.5,-15.0,1.964261788759452e-06
55.0,-15.0,1.6890397494784749e-06
57.5,-15.0,6.748360334792286e-07
60.0,-15.0,1.3215147348865733e-07
62.5,-15.0,6.998722260299479e-08
65.0,-15.0,8.161330412441528e-08
67.5,-15.0,1.4628492464584174e-07
70.0,-15.0,1.4291174243474402e-07
72.5,-15.0,7.784580575478869e-08
75.0,-15.0,5.674407581785687e-08
77.5,-15.0,5.186681104869997e-08
80.0,-15.0,4.9851310339533316e-08
82.5,-15.0,5.115745285674793e-08
85.0,-15.0,6.31834462411083e-08
87.5,-15.0,9.884889629683654e-08
90.0,-15.0,1.4485866281175212e-07
92.5,-15.0,1.2001909047402827e-07
95.0,-15.0,1.3363543936353253e-07
97.5,-15.0,8.370708534065974e-08
100.0,-15.0,4.986811642971762e-08
102.5,-15.0,4.451579783217736e-08
105.0,-15.0,5.617282220039965e-08
107.5,-15.0,9.13223688029392e-08
110.0,-15.0,1.643142153710159e-07
112.5,-15.0,2.505832109656777e-07
115.0,-15.0,2.8531937387849193e-07
117.5,-15.0,2.8726291896899345e-07
120.0,-15.0,2.840419797245791e-07
122.5,-15.0,2.807067577189032e-07
125.0,-15.0,2.777583184581048e-07
127.5,-15.0,2.7521885213142835e-07
130.0,-15.0,2.7305546118167346e-07
132.5,-15.0,2.7123139605038444e-07
135.0,-15.0,2.697133327541527e-07
137.5,-15.0,2.6847187839362596e-07
140.0,-15.0,2.6748135219259305e-07
142.5,-15.0,2.6671891219711914e-07
145.0,-15.0,2.661646100033551e-07
147.5,-15.0,2.6580052413263753e-07
150.0,-15.0,2.656109353073598e-07
152.5,-15.0,2.655816570290601e-07
155.0,-15.0,2.657001144818573e-07
-142.5,-12.5,3.0854960470834616e-06
-140.0,-12.5,1.7928163850672947e-06
-137.5,-12.5,9.178586569997619e-07
-135.0,-12.5,4.695797213875532e-07
-132.5,-12.5,2.6635825411041543e-07
-130.0,-12.5,1.765223732910469e-07
-127.5,-12.5,1.3818672042441423e-07
-125.0,-12.5,1.2573231542326134e-07
-122.5,-12.5,1.2606505965359755e-07
-120.0,-12.5,1.257004955581934e-07
-117.5,-12.5,1.14813019160069e-07
-115.0,-12.5,1.018519646857234e-07
-112.5,-12.5,1.0403224224574368e-07
-110.0,-12.5,1.4489341809339592e-07
-107.5,-12.5,3.112640319864981e-07
-105.0,-12.5,7.777488449682327e-07
-102.5,-12.5,6.752331939951743e-07
-100.0,-12.5,2.117217839685883e-07
-97.5,-12.5,7.855174194362604e-08
-95.0,-12.5,5.0689903265368796e-08
-92.5,-12.5,6.515731368564883e-08
-90.0,-12.5,2.500436706905729e-07
-87.5,-12.5,1.5178530277233965e-06
-85.0,-12.5,2.197565368928708e-06
-82.5,-12.5,2.184306685693106e-06
-80.0,-12.5,2.106876623976067e-06
-77.5,-12.5,2.769516383499342e-06
-75.0,-12.5,3.531316492159892e-06
-72.5,-12.5,4.712304202751096e-06
-70.0,-12.5,7.2283845392773635e-06
-67.5,-12.5,1.2842728656418245e-05
-65.0,-12.5,2.2109987490326673e-05
-62.5,-12.5,2.2988874806490757e-05
-60.0,-12.5,9.87689661294631e-06
-57.5,-12.5,2.6205612988253374e-06
-55.0,-12.5,1.0560310079964596e-06
-52.5,-12.5,1.0114533319642316e-06
-50.0,-12.5,2.112963710652531e-06
-47.5,-12.5,6.983549444027815e-06
-45.0,-12.5,2.0644859776495815e-05
-42.5,-12.5,4.217761590432895e-05
-40.0,-12.5,6.568519763333729e-05
-37.5,-12.5,8.095959116780585e-05
-35.0,-12.5,8.815185065722224e-05
-32.5,-12.5,9.239992542915001e-05
-30.0,-12.5,9.926685231796406e-05
-27.5,-12.5,0.00010962082880401615
-25.0,-12.5,8.703190668107037e-05
-22.5,-12.5,3.742579829887535e-05
-20.0,-12.5,1.620978163836856e-05
-17.5,-12.5,1.139309719980714e-05
-15.0,-12.5,1.152588363989071e-05
-12.5,-12.5,1.3181846914675025e-05
-10.0,-12.5,1.1922574509077247e-05
-7.5,-12.5,7.973229262191134e-06
-5.0,-12.5,6.0469410278340525e-06
-2.5,-12.5,5.39189361785364e-06
0.0,-12.5,4.943700424643463e-06
2.5,-12.5,4.4918907676053365e-06
5.0,-12.5,4.109646046574478e-06
7.5,-12.5,3.826467330207523e-06
10.0,-12.5,3.3936997757394046e-06
12.5,-12.5,1.704023488351795e-06
15.0,-12.5,3.1676269233149917e-07
17.5,-12.5,1.134556087355816e-07
20.0,-12.5,1.2666683221596723e-07
22.5,-12.5,1.1226313038875984e-07
25.0,-12.5,7.375640156262749e-08
27.5,-12.5,7.012717446288369e-08
30.0,-12.5,9.723387558573435e-08
32.5,-12.5,1.6553235400730327e-07
35.0,-12.5,2.538904901980853e-07
37.5,-12.5,3.353162979461869e-07
40.0,-12.5,4.493248332991033e-07
42.5,-12.5,6.573078482165005e-07
45.0,-12.5,1.0086561523017218e-06
47.5,-12.5,8.557608086944962e-07
50.0,-12.5,5.39309618120794e-07
52.5,-12.5,9.024396401977768e-07
55.0,-12.5,1.2702670360165872e-06
57.5,-12.5,8.109438675772256e-07
60.0,-12.5,1.9131304205241687e-07
62.5,-12.5,7.676096027033514e-08
65.0,-12.5,6.391826342852923e-08
67.5,-12.5,8.56942740084289e-08
70.0,-12.5,1.1412725454153726e-07
72.5,-12.5,8.162853965741056e-08
75.0,-12.5,5.676841848715698e-08
77.5,-12.5,4.941814541689368e-08
80.0,-12.5,4.8605293060240045e-08
82.5,-12.5,5.155843441465657e-08
85.0,-12.5,6.273691984948475e-08
87.5,-12.5,9.251096499295542e-08
90.0,-12.5,1.284896584934977e-07
92.5,-12.5,9.999970485963657e-08
95.0,-12.5,9.992041556462375e-08
97.5,-12.5,8.216021047782442e-08
100.0,-12.5,5.265137403273689e-08
102.5,-12.5,4.5806555973084494e-08
105.0,-12.5,5.416083444672284e-08
107.5,-12.5,8.088949797449028e-08
110.0,-12.5,1.377279739226176e-07
112.5,-12.5,2.195738362191025e-07
115.0,-12.5,2.705555248477619e-07
117.5,-12.5,2.800006127356467e-07
120.0,-12.5,2.785942164756059e-07
122.5,-12.5,2.7614225971712586e-07
125.0,-12.5,2.738984895349607e-07
127.5,-12.5,2.7198478320523546e-07
130.0,-12.5,2.703906660592612e-07
132.5,-12.5,2.6908833283087544e-07
135.0,-12.5,2.680505250453213e-07
137.5,-12.5,2.672526196992748e-07
140.0,-12.5,2.666730688191626e-07
142.5,-12.5,2.6629268551408805e-07
145.0,-12.5,2.6609457641603913e-07
147.5,-12.5,2.6606360019408333e-07
150.0,-12.5,2.661864090549872e-07
152.5,-12.5,2.664508874105388e-07
155.0,-12.5,2.6684634382406767e-07
-142.5,-10.0,4.6023584218404075e-06
-140.0,-10.0,3.0858443482614724e-06
-137.5,-10.0,1.674026595132966e-06
-135.0,-10.0,8.097832451961179e-07
-132.5,-10.0,4.022128560683583e-07
-130.0,-10.0,2.2857126899100542e-07
-127.5,-10.0,1.558820246859467e-07
-125.0,-10.0,1.2839319018920459e-07
-122.5,-10.0,1.2492372163383058e-07
-120.0,-10.0,1.324829128846525e-07
-117.5,-10.0,1.309304893560038e-07
-115.0,-10.0,1.1125768184794683e-07
-112.5,-10.0,9.485060769079066e-08
-110.0,-10.0,1.0260171373523312e-07
-107.5,-10.0,1.6932401867544932e-07
-105.0,-10.0,4.6091166538857914e-07
-102.5,-10.0,1.081186102949669e-06
-100.0,-10.0,6.114642480333995e-07
-97.5,-10.0,1.5555065979825104e-07
-95.0,-10.0,5.591052954029441e-08
-92.5,-10.0,4.174825713414068e-08
-90.0,-10.0,9.25675979999226e-08
-87.5,-10.0,8.814683829249833e-07
-85.0,-10.0,2.045413667195157e-06
-82.5,-10.0,2.2824583628280417e-06
-80.0,-10.0,2.6358929732149438e-06
-77.5,-10.0,3.205057768069813e-06
-75.0,-10.0,4.149403475854519e-06
-72.5,-10.0,5.959080310702183e-06
-70.0,-10.0,1.0025197158298456e-05
-67.5,-10.0,1.9256244544977946e-05
-65.0,-10.0,3.337384191380202e-05
-62.5,-10.0,3.121043415901521e-05
-60.0,-10.0,9.27804412800292e-06
-57.5,-10.0,1.372683210908833e-06
-55.0,-10.0,4.2534839040454687e-07
-52.5,-10.0,4.995548435881297e-07
-50.0,-10.0,1.4432997489351216e-06
-47.5,-10.0,5.488116985453396e-06
-45.0,-10.0,1.7524281561327652e-05
-42.5,-10.0,3.899156481515394e-05
-40.0,-10.0,6.347398442259301e-05
-37.5,-10.0,8.618171551084696e-05
-35.0,-10.0,0.00010482835455388584
-32.5,-10.0,0.00011524029962492263
-30.0,-10.0,0.00012266194024400463
-27.5,-10.0,0.00013436849228798056
-25.0,-10.0,7.709463705155835e-05
-22.5,-10.0,1.4638711882457147e-05
-20.0,-10.0,5.094199901179718e-06
-17.5,-10.0,5.0930708295377486e-06
-15.0,-10.0,6.883194847260903e-06
-12.5,-10.0,8.296346990390807e-06
-10.0,-10.0,7.91806847172714e-06
-7.5,-10.0,6.698087238355139e-06
-5.0,-10.0,5.79836853840504e-06
-2.5,-10.0,5.15055580214544e-06
0.0,-10.0,4.568325273939188e-06
2.5,-10.0,4.063357110992998e-06
5.0,-10.0,3.61069071041514e-06
7.5,-10.0,2.9664329588732283e-06
10.0,-10.0,2.2895719899575686e-06
12.5,-10.0,7.266788799018897e-07
15.0,-10.0,1.64253191163724e-07
17.5,-10.0,9.298338359093692e-08
20.0,-10.0,1.0503054615388609e-07
22.5,-10.0,9.162680559153132e-08
25.0,-10.0,7.054819056869198e-08
27.5,-10.0,7.317919375702813e-08
30.0,-10.0,1.0238495073842596e-07
32.5,-10.0,1.6499875554527388e-07
35.0,-10.0,2.41061137800775e-07
37.5,-10.0,3.161067234232308e-07
40.0,-10.0,4.297720852707735e-07
42.5,-10.0,6.388920985404367e-07
45.0,-10.0,9.244388401337167e-07
47.5,-10.0,3.0477089921271197e-07
50.0,-10.0,1.0604002024431752e-07
52.5,-10.0,1.455253244009445e-07
55.0,-10.0,3.6864160049325596e-07
57.5,-10.0,6.484595367603394e-07
60.0,-10.0,2.8072373626358923e-07
62.5,-10.0,9.870530537857652e-08
65.0,-10.0,6.365211264731894e-08
67.5,-10.0,6.552314420430524e-08
70.0,-10.0,8.348390722316858e-08
72.5,-10.0,7.87850241310526e-08
75.0,-10.0,5.789075432850318e-08
77.5,-10.0,4.85680629754852e-08
80.0,-10.0,4.7268923713327675e-08
82.5,-10.0,5.119966599801752e-08
85.0,-10.0,6.216556867013259e-08
87.5,-10.0,8.757539387392038e-08
90.0,-10.0,1.190678676890852e-07
92.5,-10.0,9.347525152537603e-08
95.0,-10.0,8.277543056671112e-08
97.5,-10.0,7.725878503528447e-08
100.0,-10.0,5.542689944647092e-08
102.5,-10.0,4.761309515675598e-08
105.0,-10.0,5.3457445295613234e-08
107.5,-10.0,7.425989416744856e-08
110.0,-10.0,1.1877836672183966e-07
112.5,-10.0,1.9096269079766684e-07
115.0,-10.0,2.531324972188222e-07
117.5,-10.0,2.729367775299724e-07
120.0,-10.0,2.7430439396335446e-07
122.5,-10.0,2.728323786884276e-07
125.0,-10.0,2.712711523688433e-07
127.5,-10.0,2.6994760194747526e-07
130.0,-10.0,2.688880345824005e-07
132.5,-10.0,2.680762773931835e-07
135.0,-10.0,2.6749096349825085e-07
137.5,-10.0,2.671120881513473e-07
140.0,-10.0,2.669217069002691e-07
142.5,-10.0,2.669039669356767e-07
145.0,-10.0,2.670446908213766e-07
147.5,-10.0,2.673312674662336e-07
150.0,-10.0,2.6775235633078343e-07
152.5,-10.0,2.682978452993426e-07
155.0,-10.0,2.689585380165484e-07
-142.5,-7.5,5.688798569742885e-06
-140.0,-7.5,4.476889610486672e-06
-137.5,-7.5,2.8427159690587597e-06
-135.0,-7.5,1.4582747182447754e-06
-132.5,-7.5,6.758201714766027e-07
-130.0,-7.5,3.306431282323902e-07
-127.5,-7.5,1.9081182136309956e-07
-125.0,-7.5,1.3560575165844831e-07
-122.5,-7.5,1.1917939302340555e-07
-120.0,-7.5,1.2589027725103129e-07
-117.5,-7.5,1.406899682355994e-07
-115.0,-7.5,1.3145408677076332e-07
-112.5,-7.5,1.0020885037687517e-07
-110.0,-7.5,8.405173816637802e-08
-107.5,-7.5,1.0150801826186397e-07
-105.0,-7.5,2.1350990339911354e-07
-102.5,-7.5,7.221443746207412e-07
-100.0,-7.5,1.2983374977306871e-06
-97.5,-7.5,5.436425974991032e-07
-95.0,-7.5,1.1441548252625941e-07
-92.5,-7.5,4.042196118527009e-08
-90.0,-7.5,4.431848800830138e-08
-87.5,-7.5,4.4159056622464284e-07
-85.0,-7.5,2.0536472313613824e-06
-82.5,-7.5,2.4527742342867706e-06
-80.0,-7.5,3.015263303432009e-06
-77.5,-7.5,3.85598603177105e-06
-75.0,-7.5,5.176488078417748e-06
-72.5,-7.5,7.74756171031874e-06
-70.0,-7.5,1.3690295080267576e-05
-67.5,-7.5,2.551184965395777e-05
-65.0,-7.5,3.796033591220628e-05
-62.5,-7.5,3.333157462953226e-05
-60.0,-7.5,9.790980547041997e-06
-57.5,-7.5,8.879469570606985e-07
-55.0,-7.5,1.9709639251325633e-07
-52.5,-7.5,3.570972987122991e-07
-50.0,-7.5,1.7023269005648218e-06
-47.5,-7.5,7.374660873070195e-06
-45.0,-7.5,2.085243672798793e-05
-42.5,-7.5,4.108978098244002e-05
-40.0,-7.5,6.534271639547664e-05
-37.5,-7.5,9.179293984505017e-05
-35.0,-7.5,0.00011180125177410061
-32.5,-7.5,0.00010946457380396701
-30.0,-7.5,9.516809186731002e-05
-27.5,-7.5,9.335350511882548e-05
-25.0,-7.5,4.596390417275702e-05
-22.5,-7.5,4.237533291252887e-06
-20.0,-7.5,1.7115991461274572e-06
-17.5,-7.5,2.8775818282024484e-06
-15.0,-7.5,4.946960742798067e-06
-12.5,-7.5,6.504803970999883e-06
-10.0,-7.5,6.803392129873881e-06
-7.5,-7.5,6.280711968766826e-06
-5.0,-7.5,5.515902880212204e-06
-2.5,-7.5,4.742287805363089e-06
0.0,-7.5,4.031601244265656e-06
2.5,-7.5,3.1220727965763607e-06
5.0,-7.5,1.3623777128176332e-06
7.5,-7.5,3.915200549918461e-07
10.0,-7.5,5.72447751056987e-07
12.5,-7.5,3.2196458854001185e-07
15.0,-7.5,1.1018018269715982e-07
17.5,-7.5,8.254430162195441e-08
20.0,-7.5,9.069603214640867e-08
22.5,-7.5,8.016342565478309e-08
25.0,-7.5,6.911138880467723e-08
27.5,-7.5,7.593464760126086e-08
30.0,-7.5,1.0545112859471071e-07
32.5,-7.5,1.608260994333494e-07
35.0,-7.5,2.2570062225472477e-07
37.5,-7.5,2.9563301179583025e-07
40.0,-7.5,4.0686827780329766e-07
42.5,-7.5,6.059307238298062e-07
45.0,-7.5,8.344950470397552e-07
47.5,-7.5,2.6428477818986037e-07
50.0,-7.5,7.34448037328984e-08
52.5,-7.5,6.344312976209075e-08
55.0,-7.5,1.0566267374828372e-07
57.5,-7.5,2.434464959884918e-07
60.0,-7.5,3.1122577202835975e-07
62.5,-7.5,1.358231437172108e-07
65.0,-7.5,7.322149597069616e-08
67.5,-7.5,6.078047409126812e-08
70.0,-7.5,6.649972849677151e-08
72.5,-7.5,7.001890254831227e-08
75.0,-7.5,5.827410789430145e-08
77.5,-7.5,4.8686333068249204e-08
80.0,-7.5,4.5524186300653614e-08
82.5,-7.5,4.922550670929382e-08
85.0,-7.5,6.096352537090984e-08
87.5,-7.5,8.343804471994657e-08
90.0,-7.5,1.1255262764081994e-07
92.5,-7.5,9.280553601831678e-08
95.0,-7.5,7.501427780641409e-08
97.5,-7.5,7.132877232798289e-08
100.0,-7.5,5.763652080611516e-08
102.5,-7.5,4.977864490822437e-08
105.0,-7.5,5.368136845545492e-08
107.5,-7.5,7.015175008448432e-08
110.0,-7.5,1.054769715240735e-07
112.5,-7.5,1.6674877560579112e-07
115.0,-7.5,2.335268654918663e-07
117.5,-7.5,2.6522267604833997e-07
120.0,-7.5,2.709049585411867e-07
122.5,-7.5,2.706644352827452e-07
125.0,-7.5,2.6978955510962037e-07
127.5,-7.5,2.6902782645028835e-07
130.0,-7.5,2.6847183932398684e-07
132.5,-7.5,2.6812192639040066e-07
135.0,-7.5,2.679634047523354e-07
137.5,-7.5,2.6798051533251423e-07
140.0,-7.5,2.681586791525418e-07
142.5,-7.5,2.6848477961870373e-07
145.0,-7.5,2.6894723451375773e-07
147.5,-7.5,2.695355416607847e-07
150.0,-7.5,2.702402220831535e-07
152.5,-7.5,2.7105282187650524e-07
155.0,-7.5,2.719655542879484e-07
-142.5,-5.0,5.8330944727935e-06
-140.0,-5.0,5.101472418580438e-06
-137.5,-5.0,3.882634922997823e-06
-135.0,-5.0,2.3753259604979716e-06
-132.5,-5.0,1.172080796958916e-06
-130.0,-5.0,5.29220078906088e-07
-127.5,-5.0,2.592940713263592e-07
-125.0,-5.0,1.542203422209859e-07
-122.5,-5.0,1.1582708246479242e-07
-120.0,-5.0,1.1049468295176298e-07
-117.5,-5.0,1.290352221529671e-07
-115.0,-5.0,1.4915766279218892e-07
-112.5,-5.0,1.2250419331490423e-07
-110.0,-5.0,8.283884761818097e-08
-107.5,-5.0,7.209381931232223e-08
-105.0,-5.0,1.0518210930512686e-07
-102.5,-5.0,3.1360751194686085e-07
-100.0,-5.0,1.1358451307106585e-06
-97.5,-5.0,1.4277292200680087e-06
-95.0,-5.0,5.977921590600487e-07
-92.5,-5.0,1.0762940634057033e-07
-90.0,-5.0,4.48849482850783e-08
-87.5,-5.0,3.546119737028423e-07
-85.0,-5.0,2.2756471424160503e-06
-82.5,-5.0,2.8678126658231034e-06
-80.0,-5.0,3.700343723132659e-06
-77.5,-5.0,4.763340158086377e-06
-75.0,-5.0,6.201487130630127e-06
-72.5,-5.0,9.07911106819628e-06
-70.0,-5.0,1.5819960256767635e-05
-67.5,-5.0,2.5191773842062952e-05
-65.0,-5.0,2.747815695813619e-05
-62.5,-5.0,2.2614234333859328e-05
-60.0,-5.0,1.207340722192923e-05
-57.5,-5.0,1.796525299700576e-06
-55.0,-5.0,3.2948136002885155e-07
-52.5,-5.0,8.118009115388685e-07
-50.0,-5.0,4.056090757481439e-06
-47.5,-5.0,1.3003642283282057e-05
-45.0,-5.0,2.6690442841615788e-05
-42.5,-5.0,4.312459681820641e-05
-40.0,-5.0,6.264953442804093e-05
-37.5,-5.0,8.366518446591098e-05
-35.0,-5.0,9.078067826793382e-05
-32.5,-5.0,6.719379471372027e-05
-30.0,-5.0,4.069022026254408e-05
-27.5,-5.0,3.232360854296924e-05
-25.0,-5.0,2.780727950851377e-05
-22.5,-5.0,7.0303080090727855e-06
-20.0,-5.0,3.249969584621042e-06
-17.5,-5.0,4.411727963789851e-06
-15.0,-5.0,6.09938546320653e-06
-12.5,-5.0,6.953599124703863e-06
-10.0,-5.0,6.753209047476344e-06
-7.5,-5.0,5.931096694891092e-06
-5.0,-5.0,4.944761980397903e-06
-2.5,-5.0,3.99066928105274e-06
0.0,-5.0,2.763778448946229e-06
2.5,-5.0,1.0002159299358173e-06
5.0,-5.0,2.1321609090848646e-07
7.5,-5.0,1.1761892088242372e-07
10.0,-5.0,2.733410213500734e-07
12.5,-5.0,1.7150642063608674e-07
15.0,-5.0,8.545233604805255e-08
17.5,-5.0,7.533385759216218e-08
20.0,-5.0,8.070127760889666e-08
22.5,-5.0,7.3527749642842e-08
25.0,-5.0,6.865174542123072e-08
27.5,-5.0,7.810941647401219e-08
30.0,-5.0,1.065532060191741e-07
32.5,-5.0,1.5452715716951568e-07
35.0,-5.0,2.102209154656117e-07
37.5,-5.0,2.754791729319971e-07
40.0,-5.0,3.8055271728448153e-07
42.5,-5.0,5.582596096915292e-07
45.0,-5.0,7.517721662001708e-07
47.5,-5.0,3.3083355238289973e-07
50.0,-5.0,8.423714577292568e-08
52.5,-5.0,5.243988313505648e-08
55.0,-5.0,5.973050951165201e-08
57.5,-5.0,1.0087648708527413e-07
60.0,-5.0,1.909249240719854e-07
62.5,-5.0,1.7029864411427074e-07
65.0,-5.0,9.135906790965672e-08
67.5,-5.0,6.412610377243696e-08
70.0,-5.0,5.976610287200693e-08
72.5,-5.0,6.148184130449676e-08
75.0,-5.0,5.672711950268326e-08
77.5,-5.0,4.902478765728559e-08
80.0,-5.0,4.3983366009129376e-08
82.5,-5.0,4.5938002624493653e-08
85.0,-5.0,5.8367715172811055e-08
87.5,-5.0,7.948500626503581e-08
90.0,-5.0,1.070872341439614e-07
92.5,-5.0,9.473059970349009e-08
95.0,-5.0,7.241929777678348e-08
97.5,-5.0,6.654881361739554e-08
100.0,-5.0,5.879806244870207e-08
102.5,-5.0,5.211207469883088e-08
105.0,-5.0,5.459336567123462e-08
107.5,-5.0,6.779670380758312e-08
110.0,-5.0,9.623521391294812e-08
112.5,-5.0,1.4738084232192509e-07
115.0,-5.0,2.131582917120244e-07
117.5,-5.0,2.5602710401901173e-07
120.0,-5.0,2.6796637729733723e-07
122.5,-5.0,2.694667727380952e-07
125.0,-5.0,2.6932839596822895e-07
127.5,-5.0,2.691091453748502e-07
130.0,-5.0,2.6902825963235446e-07
132.5,-5.0,2.691121100894928e-07
135.0,-5.0,2.6935449333793756e-07
137.5,-5.0,2.6974390046311933e-07
140.0,-5.0,2.702686885585226e-07
142.5,-5.0,2.709184167538208e-07
145.0,-5.0,2.716834981963253e-07
147.5,-5.0,2.7255538478746995e-07
150.0,-5.0,2.73526295758722e-07
152.5,-5.0,2.745891079348586e-07
155.0,-5.0,2.7573747277979176e-07
-142.5,-2.5,5.245592064809952e-06
-140.0,-2.5,4.78147320443237e-06
-137.5,-2.5,4.105480603810415e-06
-135.0,-2.5,3.0734257787999784e-06
-132.5,-2.5,1.8385650741907963e-06
-130.0,-2.5,8.821993194998245e-07
-127.5,-2.5,3.9233844720750926e-07
-125.0,-2.5,1.9492432924248876e-07
-122.5,-2.5,1.210529382890224e-07
-120.0,-2.5,9.753958286495756e-08
-117.5,-2.5,1.032953838957086e-07
-115.0,-2.5,1.3654850695268286e-07
-112.5,-2.5,1.5557803018785835e-07
-110.0,-2.5,1.0268010829577203e-07
-107.5,-2.5,6.388873485328486e-08
-105.0,-2.5,6.227565832989256e-08
-102.5,-2.5,1.2607861135054243e-07
-100.0,-2.5,5.947891006028745e-07
-97.5,-2.5,1.5444722750598663e-06
-95.0,-2.5,1.6149580723417252e-06
-92.5,-2.5,1.1862674711502137e-06
-90.0,-2.5,6.230056546995438e-07
-87.5,-2.5,1.6926594388765806e-06
-85.0,-2.5,2.7056629762787502e-06
-82.5,-2.5,3.5629626386896007e-06
-80.0,-2.5,4.609562359049871e-06
-77.5,-2.5,5.4562011975079576e-06
-75.0,-2.5,6.210175135945581e-06
-72.5,-2.5,8.275424656938753e-06
-70.0,-2.5,1.3729434492692447e-05
-67.5,-2.5,1.774717671469406e-05
-65.0,-2.5,1.3634433457921828e-05
-62.5,-2.5,9.518589711500004e-06
-60.0,-2.5,8.293481337772969e-06
-57.5,-2.5,6.502332620790295e-06
-55.0,-2.5,3.9976428653233485e-06
-52.5,-2.5,5.440893968450972e-06
-50.0,-2.5,1.0729675777115231e-05
-47.5,-2.5,1.8147241815473614e-05
-45.0,-2.5,2.6571138509809142e-05
-42.5,-2.5,3.666657122185392e-05
-40.0,-2.5,4.8073246587351855e-05
-37.5,-2.5,5.8123027979190985e-05
-35.0,-2.5,5.1889511986305366e-05
-32.5,-2.5,2.628383646486501e-05
-30.0,-2.5,1.1302711902949313e-05
-27.5,-2.5,7.34741360391217e-06
-25.0,-2.5,8.283466704762525e-06
-22.5,-2.5,9.611251533208206e-06
-20.0,-2.5,8.247673938581405e-06
-17.5,-2.5,7.69179480945728e-06
-15.0,-2.5,7.550597173668124e-06
-12.5,-2.5,7.036641026584682e-06
-10.0,-2.5,6.081896242973436e-06
-7.5,-2.5,4.952571539770426e-06
-5.0,-2.5,3.839592758297703e-06
-2.5,-2.5,2.5278132194203667e-06
0.0,-2.5,9.665439037210083e-07
2.5,-2.5,2.330290551000188e-07
5.0,-2.5,9.534698656028755e-08
7.5,-2.5,1.1241576484665563e-07
10.0,-2.5,2.014069235778595e-07
12.5,-2.5,1.1044285469342456e-07
15.0,-2.5,7.212149876695989e-08
17.5,-2.5,6.992781997167548e-08
20.0,-2.5,7.391412873365716e-08
22.5,-2.5,6.966421008369676e-08
25.0,-2.5,6.870304709792487e-08
27.5,-2.5,7.962061453723583e-08
30.0,-2.5,1.0617521600801223e-07
32.5,-2.5,1.475190298310646e-07
35.0,-2.5,1.9576896972143716e-07
37.5,-2.5,2.4545954592028485e-07
40.0,-2.5,3.114104518713911e-07
42.5,-2.5,4.7380355330110273e-07
45.0,-2.5,6.445789267395681e-07
47.5,-2.5,4.1448949238168635e-07
50.0,-2.5,1.1727446077475728e-07
52.5,-2.5,5.784328633710034e-08
55.0,-2.5,5.0047432599434864e-08
57.5,-2.5,6.331842602136353e-08
60.0,-2.5,1.034445041291011e-07
62.5,-2.5,1.5123876682909498e-07
65.0,-2.5,1.1308007166931048e-07
67.5,-2.5,7.33573948151899e-08
70.0,-2.5,5.941304527805907e-08
72.5,-2.5,5.639070660526203e-08
75.0,-2.5,5.39927947506896e-08
77.5,-2.5,4.898121440059147e-08
80.0,-2.5,4.3286662673914514e-08
82.5,-2.5,4.3184708499161974e-08
85.0,-2.5,5.4465042484407924e-08
87.5,-2.5,7.511967194390505e-08
90.0,-2.5,1.0177213399273172e-07
92.5,-2.5,9.744725211803626e-08
95.0,-2.5,7.289343670981474e-08
97.5,-2.5,6.363756460990252e-08
100.0,-2.5,5.893696898546239e-08
102.5,-2.5,5.4347227294256526e-08
105.0,-2.5,5.6014572595421795e-08
107.5,-2.5,6.671762322327566e-08
110.0,-2.5,8.9921981158672e-08
112.5,-2.5,1.324238109509511e-07
115.0,-2.5,1.936158089801645e-07
117.5,-2.5,2.448796403049933e-07
120.0,-2.5,2.6486559130222687e-07
122.5,-2.5,2.689661497940442e-07
125.0,-2.5,2.696977191050181e-07
127.5,-2.5,2.70015129364804e-07
130.0,-2.5,2.703825156705792e-07
132.5,-2.5,2.708709476434095e-07
135.0,-2.5,2.7148621657279337e-07
137.5,-2.5,2.7222150963594885e-07
140.0,-2.5,2.730681737213062e-07
142.5,-2.5,2.740178818764839e-07
145.0,-2.5,2.75063001262692e-07
147.5,-2.5,2.76196622625353e-07
150.0,-2.5,2.774123829327228e-07
152.5,-2.5,2.787045463938141e-07
155.0,-2.5,2.800678239898371e-07
-142.5,0.0,4.3915946232132e-06
-140.0,0.0,4.043574939268165e-06
-137.5,0.0,3.6572298008988044e-06
-135.0,0.0,3.13199520661405e-06
-132.5,0.0,2.335447159079705e-06
-130.0,0.0,1.371611784719576e-06
-127.5,0.0,6.381664902437576e-07
-125.0,0.0,2.794462597584801e-07
-122.5,0.0,1.4172527608039455e-07
-120.0,0.0,9.298687990249174e-08
-117.5,0.0,8.188172869108004e-08
-115.0,0.0,9.95932973695751e-08
-112.5,0.0,1.5399037859439935e-07
-110.0,0.0,1.554812422104837e-07
-107.5,0.0,7.705495182899644e-08
-105.0,0.0,4.79685302120167e-08
-102.5,0.0,5.896348563088245e-08
-100.0,0.0,2.2391973828708354e-07
-97.5,0.0,1.2969077892417244e-06
-95.0,0.0,1.754816180567163e-06
-92.5,0.0,1.8683684763637513e-06
-90.0,0.0,2.086913787662458e-06
-87.5,0.0,2.5318381842347713e-06
-85.0,0.0,3.3466898070337755e-06
-82.5,0.0,4.511426045318419e-06
-80.0,0.0,5.3374989183883526e-06
-77.5,0.0,5.11943037007332e-06
-75.0,0.0,4.596710909677498e-06
-72.5,0.0,5.325335670144949e-06
-70.0,0.0,8.778413066619727e-06
-67.5,0.0,9.876818333502556e-06
-65.0,0.0,5.665393683766745e-06
-62.5,0.0,3.59079725738229e-06
-60.0,0.0,3.5599290594929254e-06
-57.5,0.0,4.732840572178045e-06
-55.0,0.0,6.6423593700084575e-06
-52.5,0.0,9.006093949191119e-06
-50.0,0.0,1.1960704835694207e-05
-47.5,0.0,1.5464375418956986e-05
-45.0,0.0,2.001754669580804e-05
-42.5,0.0,2.5176319676846925e-05
-40.0,0.0,2.8374392123088218e-05
-37.5,0.0,2.9836599096828306e-05
-35.0,0.0,2.205196776113727e-05
-32.5,0.0,7.7433586096678e-06
-30.0,0.0,2.8848586471203364e-06
-27.5,0.0,2.0546922338287083e-06
-25.0,0.0,2.3503166241449874e-06
-22.5,0.0,3.4046994942134797e-06
-20.0,0.0,4.7617071826451525e-06
-17.5,0.0,5.600514624094673e-06
-15.0,0.0,5.711054331632659e-06
-12.5,0.0,5.2256110880431775e-06
-10.0,0.0,4.385368544259988e-06
-7.5,0.0,3.4074697041269734e-06
-5.0,0.0,2.2404485137240072e-06
-2.5,0.0,9.526681312136242e-07
0.0,0.0,2.761404644733232e-07
2.5,0.0,1.0656672941726246e-07
5.0,0.0,8.502163087092919e-08
7.5,0.0,1.3307899266393631e-07
10.0,0.0,1.4140430453587895e-07
12.5,0.0,8.185743774855432e-08
15.0,0.0,6.433728152528293e-08
17.5,0.0,6.605156906306347e-08
20.0,0.0,6.951961006095592e-08
22.5,0.0,6.748472484454701e-08
25.0,0.0,6.900334955805413e-08
27.5,0.0,8.055948806468972e-08
30.0,0.0,1.0494689153616584e-07
32.5,0.0,1.408121947232896e-07
35.0,0.0,1.8047375376066437e-07
37.5,0.0,1.452056236490491e-07
40.0,0.0,1.0952916679927237e-07
42.5,0.0,2.0285785085104504e-07
45.0,0.0,4.2789770529786914e-07
47.5,0.0,4.364788403759322e-07
50.0,0.0,1.699066933220792e-07
52.5,0.0,7.399705521545768e-08
55.0,0.0,5.193804877545024e-08
57.5,0.0,5.254721762277676e-08
60.0,0.0,6.954474677395896e-08
62.5,0.0,1.0530335292902123e-07
65.0,0.0,1.1904427603291722e-07
67.5,0.0,8.582643550115917e-08
70.0,0.0,6.280987368014471e-08
72.5,0.0,5.472793106591942e-08
75.0,0.0,5.167683356841289e-08
77.5,0.0,4.845213424129218e-08
80.0,0.0,4.3240650998617504e-08
82.5,0.0,4.161623804096226e-08
85.0,0.0,5.051435512484359e-08
87.5,0.0,7.007067213953627e-08
90.0,0.0,9.615088763558356e-08
92.5,0.0,9.973175536650427e-08
95.0,0.0,7.529890836846283e-08
97.5,0.0,6.252094951919023e-08
100.0,0.0,5.854043326234455e-08
102.5,0.0,5.620069482182647e-08
105.0,0.0,5.776885218117169e-08
107.5,0.0,6.66002121892859e-08
110.0,0.0,8.576133959311574e-08
112.5,0.0,1.211406921235048e-07
115.0,0.0,1.760461947544706e-07
117.5,0.0,2.3190406338296644e-07
120.0,0.0,2.608434419402237e-07
122.5,0.0,2.687465945874096e-07
125.0,0.0,2.7061916684784326e-07
127.5,0.0,2.7149111506637046e-07
130.0,0.0,2.722823035211874e-07
132.5,0.0,2.731442183980782e-07
135.0,0.0,2.741011274454581e-07
137.5,0.0,2.751524119666699e-07
140.0,0.0,2.7629232581125243e-07
142.5,0.0,2.7751462187947434e-07
145.0,0.0,2.788132956032001e-07
147.5,0.0,2.8018294723617476e-07
150.0,0.0,2.8161852877734126e-07
152.5,0.0,2.8311545978543825e-07
155.0,0.0,2.8466950964617617e-07
-142.5,2.5,3.5767378909953514e-06
-140.0,2.5,3.3086296382732356e-06
-137.5,2.5,3.052420714182774e-06
-135.0,2.5,2.778778349838188e-06
-132.5,2.5,2.4018869116711265e-06
-130.0,2.5,1.791171748120674e-06
-127.5,2.5,1.0213955638719624e-06
-125.0,2.5,4.517120958994591e-07
-122.5,2.5,1.92835611283389e-07
-120.0,2.5,1.0036303347997251e-07
-117.5,2.5,7.059933195343264e-08
-115.0,2.5,6.984373393019828e-08
-112.5,2.5,1.0346422578138919e-07
-110.0,2.5,1.9527787929360035e-07
-107.5,2.5,1.4356783121289493e-07
-105.0,2.5,5.4541273106859595e-08
-102.5,2.5,3.814450670640587e-08
-100.0,2.5,8.066201097627246e-08
-97.5,2.5,8.687234259873747e-07
-95.0,2.5,1.8740240097144055e-06
-92.5,2.5,2.056763326125104e-06
-90.0,2.5,2.3844091548324898e-06
-87.5,2.5,3.0487875809094476e-06
-85.0,2.5,4.240732229621827e-06
-82.5,2.5,5.466862801802287e-06
-80.0,2.5,5.190538029646238e-06
-77.5,2.5,3.616072441526859e-06
-75.0,2.5,2.4552877919022213e-06
-72.5,2.5,2.4281803468723914e-06
-70.0,2.5,4.327394243088037e-06
-67.5,2.5,5.1757968746821164e-06
-65.0,2.5,2.3482070084216304e-06
-62.5,2.5,1.6034202695733876e-06
-60.0,2.5,2.029134257801901e-06
-57.5,2.5,3.112806651589939e-06
-55.0,2.5,4.777672419574289e-06
-52.5,2.5,6.781539747273662e-06
-50.0,2.5,8.735312455295173e-06
-47.5,2.5,1.073385122830548e-05
-45.0,2.5,1.3292482407780415e-05
-42.5,2.5,1.4565432214710269e-05
-40.0,2.5,1.2624025423510786e-05
-37.5,2.5,1.1415906910015971e-05
-35.0,2.5,8.609375841533907e-06
-32.5,2.5,2.5032753253953077e-06
-30.0,2.5,9.851382070841797e-07
-27.5,2.5,9.66061448108229e-07
-25.0,2.5,1.2917461250906624e-06
-22.5,2.5,1.8275410804168224e-06
-20.0,2.5,2.5326673399990878e-06
-17.5,2.5,3.1854270210515162e-06
-15.0,2.5,3.467930399951408e-06
-12.5,2.5,3.269470470642599e-06
-10.0,2.5,2.7001590036450148e-06
-7.5,2.5,1.7999668490901822e-06
-5.0,2.5,7.239845893900148e-07
-2.5,2.5,2.0150391898461624e-07
0.0,2.5,1.0742019734579178e-07
2.5,2.5,8.212399715809353e-08
5.0,2.5,9.597532593452491e-08
7.5,2.5,1.3388501229201345e-07
10.0,2.5,9.969856305619176e-08
12.5,2.5,6.708830885769256e-08
15.0,2.5,5.978063888874879e-08
17.5,2.5,6.355803974390681e-08
20.0,2.5,6.686370545886251e-08
22.5,2.5,6.636712601716132e-08
25.0,2.5,6.94333239693533e-08
27.5,2.5,8.112921765112646e-08
30.0,2.5,1.0345530145890485e-07
32.5,2.5,1.3498738370159628e-07
35.0,2.5,1.6495710534298884e-07
37.5,2.5,1.007590313740141e-07
40.0,2.5,5.690928144363766e-08
42.5,2.5,7.487117054711347e-08
45.0,2.5,1.6815999418804113e-07
47.5,2.5,3.211271162502972e-07
50.0,2.5,2.2385295561608836e-07
52.5,2.5,1.0128396910571593e-07
55.0,2.5,6.126524633134026e-08
57.5,2.5,5.1888563596140225e-08
60.0,2.5,5.724885135007691e-08
62.5,2.5,7.642957673775911e-08
65.0,2.5,1.016741745471255e-07
67.5,2.5,9.277801185089605e-08
70.0,2.5,6.406147412919368e-08
72.5,2.5,5.409507172639501e-08
75.0,2.5,5.065941016896435e-08
77.5,2.5,4.7884045558919605e-08
80.0,2.5,4.348544351829035e-08
82.5,2.5,4.099716696021496e-08
85.0,2.5,4.7394463008229566e-08
87.5,2.5,6.473599811952296e-08
90.0,2.5,9.004370579133141e-08
92.5,2.5,1.0070558028543651e-07
95.0,2.5,7.887280865590764e-08
97.5,2.5,6.291861262502325e-08
100.0,2.5,5.81661500116264e-08
102.5,2.5,5.7513038658856874e-08
105.0,2.5,5.964917845587057e-08
107.5,2.5,6.721257025110493e-08
110.0,2.5,8.322061631409342e-08
112.5,2.5,1.1279714621564799e-07
115.0,2.5,1.609948453330118e-07
117.5,2.5,2.177545750704796e-07
120.0,2.5,2.551825794547016e-07
122.5,2.5,2.682359464997085e-07
125.0,2.5,2.717146053117865e-07
127.5,2.5,2.7320201026439855e-07
130.0,2.5,2.743984744417009e-07
132.5,2.5,2.756017494470569e-07
135.0,2.5,2.768665866312786e-07
137.5,2.5,2.7820102975787115e-07
140.0,2.5,2.7960279668315814e-07
142.5,2.5,2.810676042495977e-07
145.0,2.5,2.8259108735213803e-07
147.5,2.5,2.841690459071099e-07
150.0,2.5,2.8579767530071217e-07
152.5,2.5,2.8747344801814025e-07
155.0,2.5,2.891930895516706e-07
-142.5,5.0,2.9209097583887346e-06
-140.0,5.0,2.7239088148741167e-06
-137.5,5.0,2.5461984935862288e-06
-135.0,5.0,2.3810163260500663e-06
-132.5,5.0,2.2038774135845754e-06
-130.0,5.0,1.9349791276612124e-06
-127.5,5.0,1.4343163874233354e-06
-125.0,5.0,7.714785106774163e-07
-122.5,5.0,3.130407306600273e-07
-120.0,5.0,1.289367497193896e-07
-117.5,5.0,6.971563537578241e-08
-115.0,5.0,5.3829791163641553e-08
-112.5,5.0,6.277437917662274e-08
-110.0,5.0,1.267685328461241e-07
-107.5,5.0,3.030854780908053e-07
-105.0,5.0,1.28599524005034e-07
-102.5,5.0,4.234657585642706e-08
-100.0,5.0,4.407520579542171e-08
-97.5,5.0,5.176415584271063e-07
-95.0,5.0,2.0589905304089385e-06
-92.5,5.0,2.308914675057182e-06
-90.0,5.0,2.772244691503046e-06
-87.5,5.0,3.7467998980759154e-06
-85.0,5.0,5.329880416440111e-06
-82.5,5.0,5.909300456077985e-06
-80.0,5.0,3.979077438428175e-06
-77.5,5.0,1.961525771741527e-06
-75.0,5.0,1.064595812026914e-06
-72.5,5.0,8.935295851810874e-07
-70.0,5.0,1.6135964149299482e-06
-67.5,5.0,3.0521275693697387e-06
-65.0,5.0,1.4728521565166922e-06
-62.5,5.0,1.2126329704290688e-06
-60.0,5.0,1.9037599508893404e-06
-57.5,5.0,3.044462552033112e-06
-55.0,5.0,4.3857449029860775e-06
-52.5,5.0,5.557665669853935e-06
-50.0,5.0,6.284104926609591e-06
-47.5,5.0,7.007531310988809e-06
-45.0,5.0,8.059133095034041e-06
-42.5,5.0,6.9910217519960645e-06
-40.0,5.0,4.320225644946861e-06
-37.5,5.0,3.3867072329847394e-06
-35.0,5.0,3.6959377763010667e-06
-32.5,5.0,1.7112895017885457e-06
-30.0,5.0,8.090914892113769e-07
-27.5,5.0,9.231161337554221e-07
-25.0,5.0,1.2724929708519635e-06
-22.5,5.0,1.6938312442529855e-06
-20.0,5.0,2.108959026397196e-06
-17.5,5.0,2.389259632325319e-06
-15.0,5.0,2.3916359109369363e-06
-12.5,5.0,2.062586164688997e-06
-10.0,5.0,1.3649263518909358e-06
-7.5,5.0,4.975544427544544e-07
-5.0,5.0,1.1858190566345183e-07
-2.5,5.0,5.1908930433813565e-08
0.0,5.0,6.066302771179318e-08
2.5,5.0,8.06779853359909e-08
5.0,5.0,1.071232079457786e-07
7.5,5.0,1.1072792733766177e-07
10.0,5.0,7.603993655796567e-08
12.5,5.0,5.9124129076387336e-08
15.0,5.0,5.7359704080210914e-08
17.5,5.0,6.224960980680507e-08
20.0,5.0,6.544211115444046e-08
22.5,5.0,6.594429759816383e-08
25.0,5.0,6.997275090798946e-08
27.5,5.0,8.157085972836545e-08
30.0,5.0,1.0214155635371815e-07
32.5,5.0,1.3033015327356724e-07
35.0,5.0,1.5556368103216857e-07
37.5,5.0,9.940181153717372e-08
40.0,5.0,5.070262724788373e-08
42.5,5.0,4.87539128303966e-08
45.0,5.0,7.946199154382e-08
47.5,5.0,1.6622357878393106e-07
50.0,5.0,2.2686577071551867e-07
52.5,5.0,1.3703374649955855e-07
55.0,5.0,7.79306334336568e-08
57.5,5.0,5.745600677610805e-08
60.0,5.0,5.446395368454808e-08
62.5,5.0,6.306800962796205e-08
65.0,5.0,8.129692514019702e-08
67.5,5.0,8.689040943371869e-08
70.0,5.0,6.130991355704856e-08
72.5,5.0,5.180874053152603e-08
75.0,5.0,5.0592362253779254e-08
77.5,5.0,4.7849333629974426e-08
80.0,5.0,4.390440524880239e-08
82.5,5.0,4.0972656545998896e-08
85.0,5.0,4.523609192378278e-08
87.5,5.0,5.977463575458605e-08
90.0,5.0,8.355627868193228e-08
92.5,5.0,9.983666654839322e-08
95.0,5.0,8.294604423866237e-08
97.5,5.0,6.454700074258448e-08
100.0,5.0,5.819784990466285e-08
102.5,5.0,5.833535508915362e-08
105.0,5.0,6.142880385344697e-08
107.5,5.0,6.834928297012468e-08
110.0,5.0,8.192189495582803e-08
112.5,5.0,1.0677065036253095e-07
115.0,5.0,1.4853901105931112e-07
117.5,5.0,2.0332174658389584e-07
120.0,5.0,2.474514589694352e-07
122.5,5.0,2.6675639224064484e-07
125.0,5.0,2.725203730315286e-07
127.5,5.0,2.7475614681255484e-07
130.0,5.0,2.763528882583964e-07
132.5,5.0,2.7786784126005276e-07
135.0,5.0,2.794069650803707e-07
137.5,5.0,2.8099157953363355e-07
140.0,5.0,2.826239013584399e-07
142.5,5.0,2.843017720922962e-07
145.0,5.0,2.8602218560861954e-07
147.5,5.0,2.877822076872606e-07
150.0,5.0,2.8957909188943967e-07
152.5,5.0,2.914102372341651e-07
155.0,5.0,2.93273296974369e-07
-142.5,7.5,2.4405784521765697e-06
-140.0,7.5,2.304009323362589e-06
-137.5,7.5,2.1846949404061585e-06
-135.0,7.5,2.080564265544536e-06
-132.5,7.5,1.9861887975242393e-06
-130.0,7.5,1.8798485552399238e-06
-127.5,7.5,1.6784855180370281e-06
-125.0,7.5,1.2162224100356837e-06
-122.5,7.5,5.881162804951368e-07
-120.0,7.5,2.0992458409739944e-07
-117.5,7.5,8.37619612005438e-08
-115.0,7.5,4.82773823664725e-08
-112.5,7.5,4.2570986669966116e-08
-110.0,7.5,6.459886926001565e-08
-107.5,7.5,2.2404701298990876e-07
-105.0,7.5,6.587861149251736e-07
-102.5,7.5,1.8311140644164877e-07
-100.0,7.5,7.921454225654671e-08
-97.5,7.5,7.934193072858747e-07
-95.0,7.5,2.3175489811018663e-06
-92.5,7.5,2.6206463429332953e-06
-90.0,7.5,3.254852093566982e-06
-87.5,7.5,4.632218732675943e-06
-85.0,7.5,6.427538009767477e-06
-82.5,7.5,5.476462073447562e-06
-80.0,7.5,2.4606015138963346e-06
-77.5,7.5,9.247379300612368e-07
-75.0,7.5,4.5519910225697796e-07
-72.5,7.5,3.4364253031442344e-07
-70.0,7.5,4.788254475482908e-07
-67.5,7.5,1.379476012810979e-06
-65.0,7.5,2.0472072860739913e-06
-62.5,7.5,2.032923185042888e-06
-60.0,7.5,2.64179561703134e-06
-57.5,7.5,3.462655083940588e-06
-55.0,7.5,4.086759047997005e-06
-52.5,7.5,4.18815557824691e-06
-50.0,7.5,3.907241934564992e-06
-47.5,7.5,3.960817241129605e-06
-45.0,7.5,4.287015952485901e-06
-42.5,7.5,2.8329974079843855e-06
-40.0,7.5,1.3503240019382867e-06
-37.5,7.5,9.517006220866292e-07
-35.0,7.5,1.3031625482704781e-06
-32.5,7.5,1.814623901895881e-06
-30.0,7.5,1.5444374711210152e-06
-27.5,7.5,1.5418602537864812e-06
-25.0,7.5,1.7746964634455265e-06
-22.5,7.5,2.0273371061609826e-06
-20.0,7.5,2.1542022828918487e-06
-17.5,7.5,2.0565933778992122e-06
-15.0,7.5,1.7041437177720604e-06
-12.5,7.5,1.0818182625035453e-06
-10.0,7.5,4.0346890714522873e-07
-7.5,7.5,1.0961983180859572e-07
-5.0,7.5,4.594087946408438e-08
-2.5,7.5,3.851587069375796e-08
0.0,7.5,5.819470403115653e-08
2.5,7.5,8.609803316602691e-08
5.0,7.5,1.0431224938259401e-07
7.5,7.5,8.621803577113877e-08
10.0,7.5,6.323400729478613e-08
12.5,7.5,5.4960456845889324e-08
15.0,7.5,5.6470973212509507e-08
17.5,7.5,6.189234617397884e-08
20.0,7.5,6.488063789888255e-08
22.5,7.5,6.600478111850261e-08
25.0,7.5,7.065975022272832e-08
27.5,7.5,8.20936981151684e-08
30.0,7.5,1.0126030812050866e-07
32.5,7.5,1.268841730160498e-07
35.0,7.5,1.5081335207870661e-07
37.5,7.5,1.1103338997926535e-07
40.0,7.5,5.6266848448488535e-08
42.5,7.5,4.3894292228928603e-08
45.0,7.5,5.4370129824662405e-08
47.5,7.5,9.343536728929447e-08
50.0,7.5,1.6530782417215022e-07
52.5,7.5,1.639917346602043e-07
55.0,7.5,1.0171500596942746e-07
57.5,7.5,6.865305806993674e-08
60.0,7.5,5.743883240500915e-08
62.5,7.5,5.845594829302216e-08
65.0,7.5,6.843244974477623e-08
67.5,7.5,7.56388708577935e-08
70.0,7.5,5.817373179685176e-08
72.5,7.5,4.9297739493882236e-08
75.0,7.5,5.046246686963872e-08
77.5,7.5,4.8631046201091023e-08
80.0,7.5,4.464590037436515e-08
82.5,7.5,4.133301097151133e-08
85.0,7.5,4.3863207936496385e-08
87.5,7.5,5.557871394119186e-08
90.0,7.5,7.703329664835839e-08
92.5,7.5,9.699119942758609e-08
95.0,7.5,8.681827305225201e-08
97.5,7.5,6.714055707780557e-08
100.0,7.5,5.8824831334030673e-08
102.5,7.5,5.8877936531456495e-08
105.0,7.5,6.292052191560932e-08
107.5,7.5,6.979622431164521e-08
110.0,7.5,8.15764458973409e-08
112.5,7.5,1.0256504246211721e-07
115.0,7.5,1.3848897712140675e-07
117.5,7.5,1.894288050557703e-07
120.0,7.5,2.3767467742082628e-07
122.5,7.5,2.636599428185514e-07
125.0,7.5,2.7253793718291514e-07
127.5,7.5,2.7575842643279316e-07
130.0,7.5,2.777768671220549e-07
132.5,7.5,2.795815174527434e-07
135.0,7.5,2.8136585869154474e-07
137.5,7.5,2.831716169230309e-07
140.0,7.5,2.850072871303188e-07
142.5,7.5,2.8687321629791006e-07
145.0,7.5,2.8876788085079245e-07
147.5,7.5,2.9068936214620877e-07
150.0,7.5,2.9263584730813055e-07
152.5,7.5,2.946056607410115e-07
155.0,7.5,2.9659715553777333e-07
-142.5,10.0,2.112168236559385e-06
-140.0,10.0,2.024118761347336e-06
-137.5,10.0,1.9502870804972015e-06
-135.0,10.0,1.889731457871493e-06
-132.5,10.0,1.841063389459751e-06
-130.0,10.0,1.8000289505941762e-06
-127.5,10.0,1.7457657725609431e-06
-125.0,10.0,1.581685307318954e-06
-122.5,10.0,1.0919535182286094e-06
-120.0,10.0,4.4565310194580657e-07
-117.5,10.0,1.358050942444535e-07
-115.0,10.0,5.4029105646742495e-08
-112.5,10.0,3.449183715161632e-08
-110.0,10.0,3.762765934171436e-08
-107.5,10.0,9.631328247465442e-08
-105.0,10.0,7.660294399400471e-07
-102.5,10.0,1.856851306160887e-06
-100.0,10.0,1.772146590050526e-06
-97.5,10.0,2.368936460623482e-06
-95.0,10.0,2.6157706571778047e-06
-92.5,10.0,2.982651145753116e-06
-90.0,10.0,3.814986362641118e-06
-87.5,10.0,5.6602030225660965e-06
-85.0,10.0,7.333822020033495e-06
-82.5,10.0,4.4809543028590324e-06
-80.0,10.0,1.3755494968030687e-06
-77.5,10.0,4.4275342741182144e-07
-75.0,10.0,2.1777690477591275e-07
-72.5,10.0,1.6457826242784932e-07
-70.0,10.0,1.864256328726701e-07
-67.5,10.0,3.517323940697131e-07
-65.0,10.0,9.352306224363362e-07
-62.5,10.0,1.7353921786565072e-06
-60.0,10.0,2.3385411328757608e-06
-57.5,10.0,2.697885357318795e-06
-55.0,10.0,2.673803462396285e-06
-52.5,10.0,2.2818771642408626e-06
-50.0,10.0,1.8688438568386353e-06
-47.5,10.0,1.894891039593369e-06
-45.0,10.0,2.098311503244551e-06
-42.5,10.0,1.1140765729717554e-06
-40.0,10.0,4.929298597402527e-07
-37.5,10.0,3.651714087742137e-07
-35.0,10.0,4.684417684692843e-07
-32.5,10.0,8.947775711106217e-07
-30.0,10.0,1.538786466017221e-06
-27.5,10.0,1.9673370366791793e-06
-25.0,10.0,2.1678066553462263e-06
-22.5,10.0,2.1515588905298395e-06
-20.0,10.0,1.8963961486754742e-06
-17.5,10.0,1.4461199049776505e-06
-15.0,10.0,8.654471971099233e-07
-12.5,10.0,3.443495531201688e-07
-10.0,10.0,1.1162493841870028e-07
-7.5,10.0,4.94867299467131e-08
-5.0,10.0,3.578128848627533e-08
-2.5,10.0,4.144283475154353e-08
0.0,10.0,6.499308383983711e-08
2.5,10.0,8.91731772279997e-08
5.0,10.0,9.007880011822413e-08
7.5,10.0,6.988361776553687e-08
10.0,10.0,5.640139038733188e-08
12.5,10.0,5.316452781672571e-08
15.0,10.0,5.6722663236391265e-08
17.5,10.0,6.224703137265154e-08
20.0,10.0,6.491247374299508e-08
22.5,10.0,6.643631728643569e-08
25.0,10.0,7.152525593625525e-08
27.5,10.0,8.219809166029932e-08
30.0,10.0,9.969834461150547e-08
32.5,10.0,1.2423904817721072e-07
35.0,10.0,1.4776890548123844e-07
37.5,10.0,1.2558472829239312e-07
40.0,10.0,6.804796275561445e-08
42.5,10.0,4.6354653894821625e-08
45.0,10.0,4.692906490653794e-08
47.5,10.0,6.544679503311106e-08
50.0,10.0,1.0992449234855408e-07
52.5,10.0,1.5554739062755506e-07
55.0,10.0,1.272643632246644e-07
57.5,10.0,8.546648814532308e-08
60.0,10.0,6.509015560940818e-08
62.5,10.0,5.9316707261497875e-08
65.0,10.0,6.250816815612344e-08
67.5,10.0,6.660254940282823e-08
70.0,10.0,5.542580164926515e-08
72.5,10.0,4.761138210085852e-08
75.0,10.0,4.988052599971837e-08
77.5,10.0,5.0064133459059204e-08
80.0,10.0,4.594613602360533e-08
82.5,10.0,4.2056758541999376e-08
85.0,10.0,4.310074495666061e-08
87.5,10.0,5.2232454234220366e-08
90.0,10.0,7.087026833881472e-08
92.5,10.0,9.242143419453015e-08
95.0,10.0,8.975284945830998e-08
97.5,10.0,7.041301797702358e-08
100.0,10.0,6.010107847311812e-08
102.5,10.0,5.9392115349680844e-08
105.0,10.0,6.404233887506694e-08
107.5,10.0,7.132492201036114e-08
110.0,10.0,8.193619583794659e-08
112.5,10.0,9.978992603162849e-08
115.0,10.0,1.3054451445871463e-07
117.5,10.0,1.766658979172601e-07
120.0,10.0,2.2632062152745978e-07
122.5,10.0,2.585158923273117e-07
125.0,10.0,2.713197531697529e-07
127.5,10.0,2.7588264714018514e-07
130.0,10.0,2.7838696330364087e-07
132.5,10.0,2.8047406881013154e-07
135.0,10.0,2.824834418247574e-07
137.5,10.0,2.844891745141088e-07
140.0,10.0,2.8650889544564855e-07
142.5,10.0,2.885461792900711e-07
145.0,10.0,2.9060088238600884e-07
147.5,10.0,2.9267213644168105e-07
150.0,10.0,2.947588885714335e-07
152.5,10.0,2.9686022169828473e-07
155.0,10.0,2.9897506192188427e-07
-142.5,12.5,1.9047205870671597e-06
-140.0,12.5,1.8552796535960542e-06
-137.5,12.5,1.817804148634558e-06
-135.0,12.5,1.791887652868246e-06
-132.5,12.5,1.7771385216118716e-06
-130.0,12.5,1.7728047235155033e-06
-127.5,12.5,1.7755314624178314e-06
-125.0,12.5,1.7642738893817754e-06
-122.5,12.5,1.6191089045598744e-06
-120.0,12.5,1.0393206132825078e-06
-117.5,12.5,3.3731923713220214e-07
-115.0,12.5,8.797140470143345e-08
-112.5,12.5,3.633182837974708e-08
-110.0,12.5,2.7352020755419236e-08
-107.5,12.5,4.762430048122993e-08
-105.0,12.5,4.302296087624127e-07
-102.5,12.5,2.2868478526139776e-06
-100.0,12.5,2.5718496620934087e-06
-97.5,12.5,2.7199701770613852e-06
-95.0,12.5,2.936829328660036e-06
-92.5,12.5,3.358515486141772e-06
-90.0,12.5,4.359712296096547e-06
-87.5,12.5,6.6390404261214935e-06
-85.0,12.5,8.059080852872202e-06
-82.5,12.5,3.605284418308681e-06
-80.0,12.5,8.247410052358829e-07
-77.5,12.5,2.409093621185513e-07
-75.0,12.5,1.179326274497359e-07
-72.5,12.5,9.579175249860436e-08
-70.0,12.5,1.1235500776945231e-07
-67.5,12.5,1.6797758414693933e-07
-65.0,12.5,3.111224410229734e-07
-62.5,12.5,6.107120715113018e-07
-60.0,12.5,9.900652782288568e-07
-57.5,12.5,1.2226259644148982e-06
-55.0,12.5,1.1836538727060155e-06
-52.5,12.5,9.714808289081958e-07
-50.0,12.5,7.931307768936235e-07
-47.5,12.5,8.690838410779798e-07
-45.0,12.5,1.0995879316962035e-06
-42.5,12.5,5.174927590361081e-07
-40.0,12.5,2.3996715441568385e-07
-37.5,12.5,2.1595509264237083e-07
-35.0,12.5,2.9182088836180596e-07
-32.5,12.5,4.957141794894369e-07
-30.0,12.5,8.929503603129631e-07
-27.5,12.5,1.3340359356309695e-06
-25.0,12.5,1.5099756927804475e-06
-22.5,12.5,1.351975319239474e-06
-20.0,12.5,1.002484509770255e-06
-17.5,12.5,6.013537608288341e-07
-15.0,12.5,2.73171075552797e-07
-12.5,12.5,1.0941258281801182e-07
-10.0,12.5,5.37055836888087e-08
-7.5,12.5,3.729527843760817e-08
-5.0,12.5,3.6521957150841054e-08
-2.5,12.5,4.8800021570876546e-08
0.0,12.5,7.188234877690942e-08
2.5,12.5,8.503887694923843e-08
5.0,12.5,7.546213504203596e-08
7.5,12.5,6.044445907268863e-08
10.0,12.5,5.302159208419723e-08
12.5,12.5,5.297697725600284e-08
15.0,12.5,5.7816186757867264e-08
17.5,12.5,6.309257534102268e-08
20.0,12.5,6.535978344215629e-08
22.5,12.5,6.7184467709526e-08
25.0,12.5,7.235378400299131e-08
27.5,12.5,7.492293812953563e-08
30.0,12.5,8.183574867318587e-08
32.5,12.5,1.1602396925254538e-07
35.0,12.5,1.4454187547445997e-07
37.5,12.5,1.3779230590229585e-07
40.0,12.5,8.412781243601882e-08
42.5,12.5,5.3244737814553744e-08
45.0,12.5,4.640841968430719e-08
47.5,12.5,5.447802173132647e-08
50.0,12.5,7.993344673262542e-08
52.5,12.5,1.23646472822823e-07
55.0,12.5,1.3968162810685542e-07
57.5,12.5,1.0487735728951475e-07
60.0,12.5,7.438750959154429e-08
62.5,12.5,6.385196250899461e-08
65.0,12.5,6.154702510111525e-08
67.5,12.5,6.151671608579623e-08
70.0,12.5,5.322899087698976e-08
72.5,12.5,4.654851968454995e-08
75.0,12.5,4.900237672636547e-08
77.5,12.5,5.1634032566014336e-08
80.0,12.5,4.7940500846357285e-08
82.5,12.5,4.3247625137815464e-08
85.0,12.5,4.287492519166802e-08
87.5,12.5,4.969154953700269e-08
90.0,12.5,6.536443051905828e-08
92.5,12.5,8.666482662588133e-08
95.0,12.5,9.108379894586637e-08
97.5,12.5,7.400635021941616e-08
100.0,12.5,6.199409896004651e-08
102.5,12.5,6.008328909049585e-08
105.0,12.5,6.483638429353713e-08
107.5,12.5,7.272180767304322e-08
110.0,12.5,8.27626353618201e-08
112.5,12.5,9.813146717643337e-08
115.0,12.5,1.243875146239339e-07
117.5,12.5,1.653659031998482e-07
120.0,12.5,2.1412612075397953e-07
122.5,12.5,2.512619718122446e-07
125.0,12.5,2.685682321330658e-07
127.5,12.5,2.749397622835614e-07
130.0,12.5,2.7805363134635047e-07
132.5,12.5,2.8043752938819496e-07
135.0,12.5,2.8266410226112016e-07
137.5,12.5,2.84859014314323e-07
140.0,12.5,2.8705330275574824e-07
142.5,12.5,2.8925492748065335e-07
145.0,12.5,2.914653563857207e-07
147.5,12.5,2.9368464562217125e-07
150.0,12.5,2.9591237900810474e-07
152.5,12.5,2.9814811947121683e-07
155.0,12.5,3.0039149068289407e-07
-142.5,15.0,1.792492148904199e-06
-140.0,15.0,1.7748475164599598e-06
-137.5,15.0,1.7679406551076376e-06
-135.0,15.0,1.7717383023688474e-06
-132.5,15.0,1.7862770161324158e-06
-130.0,15.0,1.8115818654616689e-06
-127.5,15.0,1.8473398059718072e-06
-125.0,15.0,1.8909380399158122e-06
-122.5,15.0,1.9222194230624694e-06
-120.0,15.0,1.7990038161090328e-06
-117.5,15.0,1.088843543950546e-06
-115.0,15.0,2.7951337431828936e-07
-112.5,15.0,6.397213665497903e-08
-110.0,15.0,2.8553813578653475e-08
-107.5,15.0,3.321596383526986e-08
-105.0,15.0,3.079581805286796e-07
-102.5,15.0,2.5991903145267734e-06
-100.0,15.0,2.870108428710229e-06
-97.5,15.0,3.0122070022070364e-06
-95.0,15.0,3.2229014068744907e-06
-92.5,15.0,3.6431822293410353e-06
-90.0,15.0,4.667751459721355e-06
-87.5,15.0,7.112749304973799e-06
-85.0,15.0,8.722975345229324e-06
-82.5,15.0,3.341539266904329e-06
-80.0,15.0,6.394128355645443e-07
-77.5,15.0,1.659146008299285e-07
-75.0,15.0,7.445486843458587e-08
-72.5,15.0,6.793216616248375e-08
-70.0,15.0,9.362423467986477e-08
-67.5,15.0,1.430697247576244e-07
-65.0,15.0,2.2704773295945904e-07
-62.5,15.0,3.5814503726852677e-07
-60.0,15.0,5.063899825009775e-07
-57.5,15.0,5.85941783927275e-07
-55.0,15.0,5.545207485391579e-07
-52.5,15.0,4.6332825780957915e-07
-50.0,15.0,3.89537614702888e-07
-47.5,15.0,4.260162480192707e-07
-45.0,15.0,6.52662396162626e-07
-42.5,15.0,3.5988549568309315e-07
-40.0,15.0,1.8346894841720212e-07
-37.5,15.0,2.0392804932917764e-07
-35.0,15.0,2.930696911435787e-07
-32.5,15.0,4.223257258024683e-07
-30.0,15.0,5.623626466201497e-07
-27.5,15.0,6.445155325619004e-07
-25.0,15.0,6.114698967215592e-07
-22.5,15.0,4.88819501000764e-07
-20.0,15.0,3.338511802778296e-07
-17.5,15.0,1.9178920933916617e-07
-15.0,15.0,9.949739464526632e-08
-12.5,15.0,5.429288301804569e-08
-10.0,15.0,3.615252472935379e-08
-7.5,15.0,3.520784283560245e-08
-5.0,15.0,4.1285802582551806e-08
-2.5,15.0,5.7028545041220367e-08
0.0,15.0,7.461996036426159e-08
2.5,15.0,7.656094353840113e-08
5.0,15.0,6.520102983932012e-08
7.5,15.0,5.5352903990225023e-08
10.0,15.0,5.1812638048726714e-08
12.5,15.0,5.3942016953842405e-08
15.0,15.0,5.9496996805430056e-08
17.5,15.0,6.424731641466558e-08
20.0,15.0,6.611899791116335e-08
22.5,15.0,6.822800926154994e-08
25.0,15.0,7.291599280076927e-08
27.5,15.0,6.585379151210327e-08
30.0,15.0,5.965935656261039e-08
32.5,15.0,8.969618632312151e-08
35.0,15.0,1.354453208761643e-07
37.5,15.0,1.4496373636030177e-07
40.0,15.0,1.0220675543336844e-07
42.5,15.0,6.382702896025148e-08
45.0,15.0,4.988929639736366e-08
47.5,15.0,5.101088708689473e-08
50.0,15.0,6.529595263457721e-08
52.5,15.0,9.592411366100363e-08
55.0,15.0,1.2985046455381296e-07
57.5,15.0,1.1527677198419312e-07
60.0,15.0,7.651963672824035e-08
62.5,15.0,6.7975097641861e-08
65.0,15.0,6.412147001952738e-08
67.5,15.0,5.996358736489742e-08
70.0,15.0,5.198415827875149e-08
72.5,15.0,4.5893168124162517e-08
75.0,15.0,4.800315511806445e-08
77.5,15.0,5.2753636500143554e-08
80.0,15.0,5.052867079747494e-08
82.5,15.0,4.503183438404217e-08
85.0,15.0,4.320176310173228e-08
87.5,15.0,4.790844160090216e-08
90.0,15.0,6.069368492773306e-08
92.5,15.0,8.039365017672993e-08
95.0,15.0,9.040052849347092e-08
97.5,15.0,7.745563540606543e-08
100.0,15.0,6.440319604583827e-08
102.5,15.0,6.107989464705293e-08
105.0,15.0,6.543153569627552e-08
107.5,15.0,7.383708222815973e-08
110.0,15.0,8.38180333146145e-08
112.5,15.0,9.732567195635556e-08
115.0,15.0,1.1972587779323074e-07
117.5,15.0,1.5565771470406419e-07
120.0,15.0,2.0187488889396208e-07
122.5,15.0,2.42231910473271e-07
125.0,15.0,2.642121739377029e-07
127.5,15.0,2.729162195781542e-07
130.0,15.0,2.7683506567639903e-07
132.5,15.0,2.7955836100062546e-07
135.0,15.0,2.8200823808173983e-07
137.5,15.0,2.8439191647585843e-07
140.0,15.0,2.867607221804725e-07
142.5,15.0,2.8912850235321127e-07
145.0,15.0,2.9149896772755804e-07
147.5,15.0,2.938729809914063e-07
150.0,15.0,2.962506967353904e-07
152.5,15.0,2.986320277983431e-07
155.0,15.0,3.010168594844784e-07
-142.5,17.5,1.7577895084009096e-06
-140.0,17.5,1.7680306309248257e-06
-137.5,17.5,1.7886638320063453e-06
-135.0,17.5,1.8199129996943988e-06
-132.5,17.5,1.8620358087231576e-06
-130.0,17.5,1.915267364678981e-06
-127.5,17.5,1.9797101474126786e-06
-125.0,17.5,2.0550367351128622e-06
-122.5,17.5,2.139061687436673e-06
-120.0,17.5,2.2165154059692384e-06
-117.5,17.5,2.163768741160927e-06
-115.0,17.5,1.427018485986057e-06
-112.5,17.5,3.5985109735244855e-07
-110.0,17.5,8.032645160917435e-08
-107.5,17.5,6.01415905353944e-08
-105.0,17.5,7.604004901945745e-07
-102.5,17.5,2.9675942727672617e-06
-100.0,17.5,3.0940205868824625e-06
-97.5,17.5,3.1994591552803647e-06
-95.0,17.5,3.361105950469219e-06
-92.5,17.5,3.692757841470339e-06
-90.0,17.5,4.506709274538862e-06
-87.5,17.5,6.538409819326214e-06
-85.0,17.5,8.828987653631326e-06
-82.5,17.5,4.063635842514441e-06
-80.0,17.5,7.73932801365681e-07
-77.5,17.5,1.882168916682092e-07
-75.0,17.5,7.916891003792668e-08
-72.5,17.5,7.697293496352879e-08
-70.0,17.5,1.1394014368314294e-07
-67.5,17.5,1.7545194072890411e-07
-65.0,17.5,2.578006604841981e-07
-62.5,17.5,3.446947220682048e-07
-60.0,17.5,3.996235536632804e-07
-57.5,17.5,3.962521771233425e-07
-55.0,17.5,3.4902821996531257e-07
-52.5,17.5,2.881962702009439e-07
-50.0,17.5,2.3519492386558198e-07
-47.5,17.5,2.1811005036905083e-07
-45.0,17.5,3.039383685800204e-07
-42.5,17.5,3.761902065328825e-07
-40.0,17.5,2.777141355561629e-07
-37.5,17.5,2.861097268304073e-07
-35.0,17.5,3.1988930034408897e-07
-32.5,17.5,3.255393416465557e-07
-30.0,17.5,3.022021264039678e-07
-27.5,17.5,2.640967717818254e-07
-25.0,17.5,2.2132923091016967e-07
-22.5,17.5,1.7642288007261505e-07
-20.0,17.5,1.2907445679669497e-07
-17.5,17.5,8.61615146737197e-08
-15.0,17.5,5.605152330090343e-08
-12.5,17.5,3.6048194107478034e-08
-10.0,17.5,2.8069114853015794e-08
-7.5,17.5,3.509041789719906e-08
-5.0,17.5,4.76951152698835e-08
-2.5,17.5,6.336358141538613e-08
0.0,17.5,7.278311806392414e-08
2.5,17.5,6.843242953699739e-08
5.0,17.5,5.900672402124674e-08
7.5,17.5,5.296239539463589e-08
10.0,17.5,5.2085064180889306e-08
12.5,17.5,5.574569534493849e-08
15.0,17.5,6.154584376074299e-08
17.5,17.5,6.558855627487168e-08
20.0,17.5,6.714652988021325e-08
22.5,17.5,6.957578755326201e-08
25.0,17.5,7.388115503230928e-08
27.5,17.5,6.377007929460054e-08
30.0,17.5,5.1405365304199796e-08
32.5,17.5,6.689068094570512e-08
35.0,17.5,1.1337981424563423e-07
37.5,17.5,1.4483910049099317e-07
40.0,17.5,1.1904473743416058e-07
42.5,17.5,7.7537376408927e-08
45.0,17.5,5.650679919453567e-08
47.5,17.5,5.1757534423657435e-08
50.0,17.5,5.8749476774306816e-08
52.5,17.5,7.859959792305443e-08
55.0,17.5,1.0978157868132722e-07
57.5,17.5,1.112161088982708e-07
60.0,17.5,7.413438363171927e-08
62.5,17.5,6.812104829565642e-08
65.0,17.5,6.84864732559467e-08
67.5,17.5,6.129856270446134e-08
70.0,17.5,5.202860196931599e-08
72.5,17.5,4.571347790661554e-08
75.0,17.5,4.7065430234840927e-08
77.5,17.5,5.307516580770518e-08
80.0,17.5,5.331337743953267e-08
82.5,17.5,4.7459949783848276e-08
85.0,17.5,4.4134126342663655e-08
87.5,17.5,4.686425655268112e-08
90.0,17.5,5.694968463036763e-08
92.5,17.5,7.42586683824791e-08
95.0,17.5,8.772561942615187e-08
97.5,17.5,8.020629272383941e-08
100.0,17.5,6.715446212640651e-08
102.5,17.5,6.243440129065997e-08
105.0,17.5,6.598405081449351e-08
107.5,17.5,7.46205943831852e-08
110.0,17.5,8.48819199831262e-08
112.5,17.5,9.71394505953786e-08
115.0,17.5,1.1630820945309611e-07
117.5,17.5,1.4753845146926687e-07
120.0,17.5,1.902333212490673e-07
122.5,17.5,2.3204767867644714e-07
125.0,17.5,2.584263246578917e-07
127.5,17.5,2.699683506435351e-07
130.0,17.5,2.7496400546294516e-07
132.5,17.5,2.781042071601246e-07
135.0,17.5,2.807976956121339e-07
137.5,17.5,2.8337856210578347e-07
140.0,17.5,2.8592873654663847e-07
142.5,17.5,2.884707563797272e-07
145.0,17.5,2.910112467108137e-07
147.5,17.5,2.9355193688844906e-07
150.0,17.5,2.9609349109910705e-07
152.5,17.5,2.9863606989014096e-07
155.0,17.5,3.011797979031402e-07
-142.5,20.0,1.7900088739557019e-06
-140.0,20.0,1.8263995029968456e-06
-137.5,20.0,1.873394797947664e-06
-135.0,20.0,1.931281147997291e-06
-132.5,20.0,2.0002462053326478e-06
-130.0,20.0,2.080268241610078e-06
-127.5,20.0,2.1709581460961374e-06
-125.0,20.0,2.2713417259222107e-06
-122.5,20.0,2.3795399023874366e-06
-120.0,20.0,2.49205616433935e-06
-117.5,20.0,2.6001262922972323e-06
-115.0,20.0,2.661548839432377e-06
-112.5,20.0,2.448695655021684e-06
-110.0,20.0,1.685840113431805e-06
-107.5,20.0,1.6433906592697267e-06
-105.0,20.0,2.9266315873604345e-06
-102.5,20.0,3.098516320316664e-06
-100.0,20.0,3.139090576789614e-06
-97.5,20.0,3.183056228595764e-06
-95.0,20.0,3.257815312221559e-06
-92.5,20.0,3.4262635474649035e-06
-90.0,20.0,3.8613501336783305e-06
-87.5,20.0,5.042845522135078e-06
-85.0,20.0,7.479168026524e-06
-82.5,20.0,6.227136461656097e-06
-80.0,20.0,1.6846231283387261e-06
-77.5,20.0,4.480546675672913e-07
-75.0,20.0,2.0054841813598218e-07
-72.5,20.0,1.7304054294712831e-07
-70.0,20.0,2.1869419857300065e-07
-67.5,20.0,2.953780558045094e-07
-65.0,20.0,3.67753336871106e-07
-62.5,20.0,3.978753352116748e-07
-60.0,20.0,3.750296634926577e-07
-57.5,20.0,3.2300357514939413e-07
-55.0,20.0,2.658165361006789e-07
-52.5,20.0,2.0360332614401243e-07
-50.0,20.0,1.4502556383818923e-07
-47.5,20.0,1.1148929137900481e-07
-45.0,20.0,1.0735175793674362e-07
-42.5,20.0,1.3694833157023174e-07
-40.0,20.0,1.737067453967825e-07
-37.5,20.0,1.795707404806153e-07
-35.0,20.0,1.6668805860390004e-07
-32.5,20.0,1.4892614765650172e-07
-30.0,20.0,1.3277214127206296e-07
-27.5,20.0,1.1945246106574247e-07
-25.0,20.0,1.070550264717602e-07
-22.5,20.0,9.223526403948302e-08
-20.0,20.0,7.39023752309377e-08
-17.5,20.0,5.6034934750544576e-08
-15.0,20.0,4.170753102198224e-08
-12.5,20.0,2.99507134129241e-08
-10.0,20.0,2.6503662339455112e-08
-7.5,20.0,3.607904162786328e-08
-5.0,20.0,5.343439814992609e-08
-2.5,20.0,6.628374976746033e-08
0.0,20.0,6.87596664753735e-08
2.5,20.0,6.25739231343186e-08
5.0,20.0,5.567033788950769e-08
7.5,20.0,5.236043123327058e-08
10.0,20.0,5.343900695408916e-08
12.5,20.0,5.814895624552445e-08
15.0,20.0,6.379239307227214e-08
17.5,20.0,6.704178592633346e-08
20.0,20.0,6.841485457711808e-08
22.5,20.0,7.124991277118381e-08
25.0,20.0,7.567746841033552e-08
27.5,20.0,6.612504904122557e-08
30.0,20.0,5.065672673359082e-08
32.5,20.0,5.6090200615929244e-08
35.0,20.0,8.950603327216939e-08
37.5,20.0,1.342707898015881e-07
40.0,20.0,1.3120941294905722e-07
42.5,20.0,9.316504865728824e-08
45.0,20.0,6.59462673561862e-08
47.5,20.0,5.551402495707437e-08
50.0,20.0,5.68905535667088e-08
52.5,20.0,6.90324371631284e-08
55.0,20.0,9.22171401830994e-08
57.5,20.0,1.0059519478941791e-07
60.0,20.0,7.207373228518615e-08
62.5,20.0,6.641976202243236e-08
65.0,20.0,7.226655285441081e-08
67.5,20.0,6.490567780212536e-08
70.0,20.0,5.3523310022967313e-08
72.5,20.0,4.621086804151912e-08
75.0,20.0,4.643365526979987e-08
77.5,20.0,5.2668166711053235e-08
80.0,20.0,5.5704968599857945e-08
82.5,20.0,5.042477688466298e-08
85.0,20.0,4.57061977998259e-08
87.5,20.0,4.6553853074693474e-08
90.0,20.0,5.416388834304597e-08
92.5,20.0,6.876614680098462e-08
95.0,20.0,8.355214794824997e-08
97.5,20.0,8.172495810099239e-08
100.0,20.0,6.998748127279985e-08
102.5,20.0,6.413127215549679e-08
105.0,20.0,6.663032826452919e-08
107.5,20.0,7.512131543946381e-08
110.0,20.0,8.578489341908352e-08
112.5,20.0,9.736279969744227e-08
115.0,20.0,1.1392292326447972e-07
117.5,20.0,1.409330759501765e-07
120.0,20.0,1.796778081108009e-07
122.5,20.0,2.2144203391030066e-07
125.0,20.0,2.515853889112224e-07
127.5,20.0,2.663775437089476e-07
130.0,20.0,2.727942536262227e-07
132.5,20.0,2.76471313127519e-07
135.0,20.0,2.794439498826646e-07
137.5,20.0,2.8223689577538754e-07
140.0,20.0,2.8497932503950587e-07
142.5,20.0,2.8770653351884855e-07
145.0,20.0,2.9042910068102905e-07
147.5,20.0,2.9315018758477243e-07
150.0,20.0,2.958706928772341e-07
152.5,20.0,2.9859112778120503e-07
155.0,20.0,3.0131168040534084e-07
-142.5,22.5,1.8828799180222018e-06
-140.0,22.5,1.9444589988526385e-06
-137.5,22.5,2.0166143484807414e-06
-135.0,22.5,2.0991695424785126e-06
-132.5,22.5,2.1914986477260474e-06
-130.0,22.5,2.2923157059966077e-06
-127.5,22.5,2.3994527012171974e-06
-125.0,22.5,2.509689261380189e-06
-122.5,22.5,2.6187320729677024e-06
-120.0,22.5,2.721444263123685e-06
-117.5,22.5,2.8123653991214466e-06
-115.0,22.5,2.8863899019418025e-06
-112.5,22.5,2.9394871173765122e-06
-110.0,22.5,2.971571386785459e-06
-107.5,22.5,2.990672123373963e-06
-105.0,22.5,2.9950913006934508e-06
-102.5,22.5,2.983952683734032e-06
-100.0,22.5,2.962931184922353e-06
-97.5,22.5,2.9352414841799322e-06
-95.0,22.5,2.905503598454776e-06
-92.5,22.5,2.8923106500890436e-06
-90.0,22.5,2.9855331006840975e-06
-87.5,22.5,3.623000271982353e-06
-85.0,22.5,5.362754582850454e-06
-82.5,22.5,4.0024151561725935e-06
-80.0,22.5,2.0522187417616136e-06
-77.5,22.5,1.1681867585452363e-06
-75.0,22.5,7.11468506163163e-07
-72.5,22.5,5.4695363002339e-07
-70.0,22.5,5.185472767546085e-07
-67.5,22.5,5.135750137666186e-07
-65.0,22.5,4.77216762942736e-07
-62.5,22.5,4.07773572665417e-07
-60.0,22.5,3.3103265588313494e-07
-57.5,22.5,2.668265155757089e-07
-55.0,22.5,2.0577564173634247e-07
-52.5,22.5,1.2755726560277159e-07
-50.0,22.5,7.473928841555666e-08
-47.5,22.5,5.586898871131767e-08
-45.0,22.5,5.207999780455644e-08
-42.5,22.5,5.523152846771087e-08
-40.0,22.5,6.217248351479278e-08
-37.5,22.5,6.899410808097284e-08
-35.0,22.5,7.312515370912481e-08
-32.5,22.5,7.490301610723847e-08
-30.0,22.5,7.528175556723692e-08
-27.5,22.5,7.438484302812405e-08
-25.0,22.5,7.115422266691802e-08
-22.5,22.5,6.422389214306157e-08
-20.0,22.5,5.4443391082851895e-08
-17.5,22.5,4.4876898615655296e-08
-15.0,22.5,3.6283774352050494e-08
-12.5,22.5,2.865728824266625e-08
-10.0,22.5,2.7704744904790298e-08
-7.5,22.5,3.835082530971343e-08
-5.0,22.5,5.70549018801792e-08
-2.5,22.5,6.631580491347153e-08
0.0,22.5,6.483505546420215e-08
2.5,22.5,5.900116879425079e-08
5.0,22.5,5.4303493911813056e-08
7.5,22.5,5.305135674031965e-08
10.0,22.5,5.562590281170434e-08
12.5,22.5,6.096814721632186e-08
15.0,22.5,6.60983020055904e-08
17.5,22.5,6.760298958485571e-08
20.0,22.5,6.828566712297504e-08
22.5,22.5,7.301876419519237e-08
25.0,22.5,7.819110434102008e-08
27.5,22.5,7.067649240223598e-08
30.0,22.5,5.358090433841477e-08
32.5,22.5,5.240532219784396e-08
35.0,22.5,7.360329911521553e-08
37.5,22.5,1.1624697905685689e-07
40.0,22.5,1.35713778792606e-07
42.5,22.5,1.0863409157776762e-07
45.0,22.5,7.78224886972319e-08
47.5,22.5,6.18071801913478e-08
50.0,22.5,5.8057079540012016e-08
52.5,22.5,6.441585642806685e-08
55.0,22.5,8.035258890612723e-08
57.5,22.5,8.98728124284158e-08
60.0,22.5,7.063926149238481e-08
62.5,22.5,6.488161948958275e-08
65.0,22.5,7.402572276188802e-08
67.5,22.5,6.993483597818214e-08
70.0,22.5,5.6493781084795644e-08
72.5,22.5,4.757239697678439e-08
75.0,22.5,4.6355682812611414e-08
77.5,22.5,5.193472730526032e-08
80.0,22.5,5.723806899819996e-08
82.5,22.5,5.3623191373141096e-08
85.0,22.5,4.788743604544343e-08
87.5,22.5,4.696183013612361e-08
90.0,22.5,5.232113493469891e-08
92.5,22.5,6.42233231498666e-08
95.0,22.5,7.865942634412176e-08
97.5,22.5,8.169700486292839e-08
100.0,22.5,7.255967505892298e-08
102.5,22.5,6.60893021781971e-08
105.0,22.5,6.746138123839041e-08
107.5,22.5,7.545318684634077e-08
110.0,22.5,8.643905181952166e-08
112.5,22.5,9.781262932089035e-08
115.0,22.5,1.1239110377568206e-07
117.5,22.5,1.357336791353568e-07
120.0,22.5,1.704936176921682e-07
122.5,22.5,2.1109605540449859e-07
125.0,22.5,2.4417276706587944e-07
127.5,22.5,2.6248409861942767e-07
130.0,22.5,2.707275991360251e-07
132.5,22.5,2.7511397449916594e-07
135.0,22.5,2.7841925490719714e-07
137.5,22.5,2.814444513643104e-07
140.0,22.5,2.843914003239596e-07
142.5,22.5,2.8731464440990625e-07
145.0,22.5,2.9023067215311526e-07
147.5,22.5,2.931443232151008e-07
150.0,22.5,2.960573006415006e-07
152.5,22.5,2.989700475947658e-07
155.0,22.5,3.0188285825271555e-07
-142.5,25.0,2.0287121137198136e-06
-140.0,25.0,2.1119673377111446e-06
-137.5,25.0,2.2035477078422333e-06
-135.0,25.0,2.301708592987354e-06
-132.5,25.0,2.403768540073199e-06
-130.0,25.0,2.5060197668390125e-06
-127.5,25.0,2.6038284084008275e-06
-125.0,25.0,2.692008221576511e-06
-122.5,25.0,2.7654782350149704e-06
-120.0,25.0,2.8200933731208783e-06
-117.5,25.0,2.85341052750977e-06
-115.0,25.0,2.8651108708013433e-06
-112.5,25.0,2.8568923149151285e-06
-110.0,25.0,2.831817430756165e-06
-107.5,25.0,2.7932287139884892e-06
-105.0,25.0,2.7434968664070797e-06
-102.5,25.0,2.6829224865411073e-06
-100.0,25.0,2.608685747415575e-06
-97.5,25.0,2.514230050894082e-06
-95.0,25.0,2.3909454786265256e-06
-92.5,25.0,2.242246147542386e-06
-90.0,25.0,2.1888718147015495e-06
-87.5,25.0,2.7152797773327017e-06
-85.0,25.0,8.84084480535108e-07
-82.5,25.0,2.85938728493984e-07
-80.0,25.0,2.255768234779467e-07
-77.5,25.0,2.617040471657178e-07
-75.0,25.0,3.3133886733419915e-07
-72.5,25.0,3.849574646787678e-07
-70.0,25.0,3.989272322872479e-07
-67.5,25.0,3.7829224072685666e-07
-65.0,25.0,3.3635610488786717e-07
-62.5,25.0,2.872106394275756e-07
-60.0,25.0,2.40945650732392e-07
-57.5,25.0,2.014480249045923e-07
-55.0,25.0,1.4572554400933746e-07
-52.5,25.0,6.856338220354249e-08
-50.0,25.0,3.6464266821754434e-08
-47.5,25.0,3.088029380266222e-08
-45.0,25.0,3.263035243535387e-08
-42.5,25.0,3.6551643787079417e-08
-40.0,25.0,4.1246248675414706e-08
-37.5,25.0,4.607836795801388e-08
-35.0,25.0,5.054295168737525e-08
-32.5,25.0,5.431306847399274e-08
-30.0,25.0,5.710958754417012e-08
-27.5,25.0,5.830844688826694e-08
-25.0,25.0,5.682803625489237e-08
-22.5,25.0,5.2137105261798696e-08
-20.0,25.0,4.5603037427695645e-08
-17.5,25.0,4.032058780823377e-08
-15.0,25.0,3.47016473550416e-08
-12.5,25.0,2.953783097318058e-08
-10.0,25.0,3.0222847932863814e-08
-7.5,25.0,4.1333169005165665e-08
-5.0,25.0,5.8827593190000874e-08
-2.5,25.0,6.505542053931069e-08
0.0,25.0,6.205104611717862e-08
2.5,25.0,5.7279224214954434e-08
5.0,25.0,5.438895445304197e-08
7.5,25.0,5.4766770057952925e-08
10.0,25.0,5.848553533130912e-08
12.5,25.0,6.407575507193244e-08
15.0,25.0,6.824445115196215e-08
17.5,25.0,6.360365441956813e-08
20.0,25.0,5.903935322310903e-08
22.5,25.0,7.15173881693511e-08
25.0,25.0,8.093321152825509e-08
27.5,25.0,7.628050129874059e-08
30.0,25.0,5.8673410108673285e-08
32.5,25.0,5.260195340022347e-08
35.0,25.0,6.503472560399474e-08
37.5,25.0,9.879380101135077e-08
40.0,25.0,1.315117296612371e-07
42.5,25.0,1.2140369444179642e-07
45.0,25.0,9.134482033818632e-08
47.5,25.0,7.03171699248568e-08
50.0,25.0,6.074169608482787e-08
52.5,25.0,6.21073412245938e-08
55.0,25.0,7.314971473858038e-08
57.5,25.0,8.13955962549889e-08
60.0,25.0,6.928596927319108e-08
62.5,25.0,6.382985502833087e-08
65.0,25.0,7.385745369294172e-08
67.5,25.0,7.514076374962101e-08
70.0,25.0,6.083794702497694e-08
72.5,25.0,4.992362029031219e-08
75.0,25.0,4.702115881148092e-08
77.5,25.0,5.136097927622608e-08
80.0,25.0,5.787114471291996e-08
82.5,25.0,5.663021599583649e-08
85.0,25.0,5.055251180160479e-08
87.5,25.0,4.804277658032324e-08
90.0,25.0,5.1369423341441424e-08
92.5,25.0,6.075418422431583e-08
95.0,25.0,7.381568181237698e-08
97.5,25.0,8.019355065930012e-08
100.0,25.0,7.450070801182357e-08
102.5,25.0,6.815999321465278e-08
105.0,25.0,6.851192075342306e-08
107.5,25.0,7.57484023678733e-08
110.0,25.0,8.684528498508584e-08
112.5,25.0,9.834406037145978e-08
115.0,25.0,1.1155710983176206e-07
117.5,25.0,1.3181999895978104e-07
120.0,25.0,1.6281022166866458e-07
122.5,25.0,2.0154064840628744e-07
125.0,25.0,2.3668007850761503e-07
127.5,25.0,2.586202372554756e-07
130.0,25.0,2.6914233956222865e-07
132.5,25.0,2.744751738859726e-07
135.0,25.0,2.781915021469454e-07
137.5,25.0,2.8147463566656175e-07
140.0,25.0,2.8463827508455875e-07
142.5,25.0,2.877665224259232e-07
145.0,25.0,2.9088436064155896e-07
147.5,25.0,2.93999543114908e-07
150.0,25.0,2.971144980433362e-07
152.5,25.0,3.002300075584817e-07
155.0,25.0,3.033462292349915e-07
-142.5,27.5,2.206607475778379e-06
-140.0,27.5,2.299243224835235e-06
-137.5,27.5,2.3929629752199264e-06
-135.0,27.5,2.4837416412589124e-06
-132.5,27.5,2.566876294300271e-06
-130.0,27.5,2.6374528920589018e-06
-127.5,27.5,2.6910188688648626e-06
-125.0,27.5,2.7243153586378488e-06
-122.5,27.5,2.735855493176046e-06
-120.0,27.5,2.726136203720947e-06
-117.5,27.5,2.697394187087242e-06
-115.0,27.5,2.652966696562214e-06
-112.5,27.5,2.5964360384208008e-06
-110.0,27.5,2.530747774255794e-06
-107.5,27.5,2.457401681090825e-06
-105.0,27.5,2.375691115852366e-06
-102.5,27.5,2.281917116625932e-06
-100.0,27.5,2.168693501882579e-06
-97.5,27.5,2.0252026978387333e-06
-95.0,27.5,1.8415218987139326e-06
-92.5,27.5,1.6313279918583518e-06
-90.0,27.5,1.5786098641195786e-06
-87.5,27.5,1.2428130446563312e-06
-85.0,27.5,1.5258092738533118e-07
-82.5,27.5,6.832771784623046e-08
-80.0,27.5,6.737138172691937e-08
-77.5,27.5,8.228712751046291e-08
-75.0,27.5,1.0539670520796826e-07
-72.5,27.5,1.3261135956874101e-07
-70.0,27.5,1.5713668010354993e-07
-67.5,27.5,1.7298336211412575e-07
-65.0,27.5,1.7865401761528186e-07
-62.5,27.5,1.7452119952442405e-07
-60.0,27.5,1.6044120033845304e-07
-57.5,27.5,1.403856274274402e-07
-55.0,27.5,1.0384206637956543e-07
-52.5,27.5,4.614841706752975e-08
-50.0,27.5,2.4676210546223304e-08
-47.5,27.5,2.3117255098588477e-08
-45.0,27.5,2.6363060173005426e-08
-42.5,27.5,3.0725691107905305e-08
-40.0,27.5,3.528150810794747e-08
-37.5,27.5,3.973921375646625e-08
-35.0,27.5,4.39323911532947e-08
-32.5,27.5,4.76477510882791e-08
-30.0,27.5,5.045497852006549e-08
-27.5,27.5,5.155120460827227e-08
-25.0,27.5,5.0073442653387964e-08
-22.5,27.5,4.497183806229479e-08
-20.0,27.5,3.745407394649731e-08
-17.5,27.5,3.7785561929188904e-08
-15.0,27.5,3.5204576449267473e-08
-12.5,27.5,3.166308924364322e-08
-10.0,27.5,3.349536498476773e-08
-7.5,27.5,4.457139692510984e-08
-5.0,27.5,5.972695746917478e-08
-2.5,27.5,6.384637137789843e-08
0.0,27.5,6.063977350150484e-08
2.5,27.5,5.7042640315733074e-08
5.0,27.5,5.565150421725601e-08
7.5,27.5,5.736553292872484e-08
10.0,27.5,6.191873011340522e-08
12.5,27.5,6.74126932134344e-08
15.0,27.5,7.025267067096911e-08
17.5,27.5,6.053551754085698e-08
20.0,27.5,5.046260044043614e-08
22.5,27.5,6.303902214378646e-08
25.0,27.5,8.178389795455041e-08
27.5,27.5,8.223810786315691e-08
30.0,27.5,6.523380850227493e-08
32.5,27.5,5.5238206164809e-08
35.0,27.5,6.127579831290577e-08
37.5,27.5,8.601558987189852e-08
40.0,27.5,1.2145096442724466e-07
42.5,27.5,1.2924708885533122e-07
45.0,27.5,1.0527563842349861e-07
47.5,27.5,8.071240954467358e-08
50.0,27.5,6.439363225771256e-08
52.5,27.5,5.98522998411624e-08
55.0,27.5,6.834055248339346e-08
57.5,27.5,7.546234434469877e-08
60.0,27.5,6.789044984261691e-08
62.5,27.5,6.306703519176645e-08
65.0,27.5,7.24711723990111e-08
67.5,27.5,7.918449382139341e-08
70.0,27.5,6.626087838268817e-08
72.5,27.5,5.3327333056449626e-08
75.0,27.5,4.855222556499878e-08
77.5,27.5,5.133014419615484e-08
80.0,27.5,5.797444065119789e-08
82.5,27.5,5.910208420478844e-08
85.0,27.5,5.3487851518031465e-08
87.5,27.5,4.970966680202922e-08
90.0,27.5,5.122783129017722e-08
92.5,27.5,5.835192710686345e-08
95.0,27.5,6.956862284206646e-08
97.5,27.5,7.76534404875152e-08
100.0,27.5,7.552756497140142e-08
102.5,27.5,7.013498996816018e-08
105.0,27.5,6.97551729244202e-08
107.5,27.5,7.611671741270735e-08
110.0,27.5,8.707163089168694e-08
112.5,27.5,9.886062452594328e-08
115.0,27.5,1.1128064603512921e-07
117.5,27.5,1.2906651163947763e-07
120.0,27.5,1.5664456683136355e-07
122.5,27.5,1.9312534094767372e-07
125.0,27.5,2.295279741615623e-07
127.5,27.5,2.550568339485836e-07
130.0,27.5,2.6833616040252644e-07
132.5,27.5,2.7493176248883005e-07
135.0,27.5,2.7917366772631703e-07
137.5,27.5,2.8274892501243575e-07
140.0,27.5,2.861409518462187e-07
142.5,27.5,2.894798063320716e-07
145.0,27.5,2.9280361433121477e-07
147.5,27.5,2.961243584132377e-07
150.0,27.5,2.994457749068776e-07
152.5,27.5,3.0276895084348463e-07
155.0,27.5,3.060941443916969e-07
-142.5,30.0,2.368174360749847e-06
-140.0,30.0,2.4451469776266567e-06
-137.5,30.0,2.51175244033282e-06
-135.0,30.0,2.563660445613408e-06
-132.5,30.0,2.597302259495194e-06
-130.0,30.0,2.6104596741750473e-06
-127.5,30.0,2.6026372644930493e-06
-125.0,30.0,2.57509253989076e-06
-122.5,30.0,2.530502639812682e-06
-120.0,30.0,2.4723678253470268e-06
-117.5,30.0,2.4043195031386666e-06
-115.0,30.0,2.3294864119746493e-06
-112.5,30.0,2.2499894140959553e-06
-110.0,30.0,2.166530571950067e-06
-107.5,30.0,2.0779674679133214e-06
-105.0,30.0,1.9807779912336884e-06
-102.5,30.0,1.8685213259414269e-06
-100.0,30.0,1.7319431400639998e-06
-97.5,30.0,1.5614557848730658e-06
-95.0,30.0,1.3561100593543569e-06
-92.5,30.0,1.1495962923932914e-06
-90.0,30.0,1.0856155838091898e-06
-87.5,30.0,7.45028156092051e-07
-85.0,30.0,1.2310794655778079e-07
-82.5,30.0,5.487258631453279e-08
-80.0,30.0,5.094058308603765e-08
-77.5,30.0,5.8330526938983035e-08
-75.0,30.0,6.966379359886067e-08
-72.5,30.0,8.266859564960735e-08
-70.0,30.0,9.569157987084081e-08
-67.5,30.0,1.0743184528342334e-07
-65.0,30.0,1.1674359828239777e-07
-62.5,30.0,1.1916342017956586e-07
-60.0,30.0,1.0830145423337194e-07
-57.5,30.0,9.16686795492457e-08
-55.0,30.0,7.584054528634564e-08
-52.5,30.0,4.84007290373185e-08
-50.0,30.0,2.9563605968729687e-08
-47.5,30.0,2.6064673010835044e-08
-45.0,30.0,2.7972196957609085e-08
-42.5,30.0,3.143344448000238e-08
-40.0,30.0,3.532896142956582e-08
-37.5,30.0,3.9273958795837804e-08
-35.0,30.0,4.304306222785222e-08
-32.5,30.0,4.632366205342413e-08
-30.0,30.0,4.853745525191983e-08
-27.5,30.0,4.8910013336706946e-08
-25.0,30.0,4.674775690653006e-08
-22.5,30.0,3.948975231556209e-08
-20.0,30.0,3.235889976261198e-08
-17.5,30.0,3.5970513265007345e-08
-15.0,30.0,3.696129050672384e-08
-12.5,30.0,3.464370212613989e-08
-10.0,30.0,3.724764080328226e-08
-7.5,30.0,4.7885693358303765e-08
-5.0,30.0,6.05709082738996e-08
-2.5,30.0,6.338702672451199e-08
0.0,30.0,6.054819874171505e-08
2.5,30.0,5.806626441224238e-08
5.0,30.0,5.795790816744165e-08
7.5,30.0,6.078133807269531e-08
10.0,30.0,6.587851021734675e-08
12.5,30.0,7.100108520945632e-08
15.0,30.0,7.261643638625993e-08
17.5,30.0,6.13072622310662e-08
20.0,30.0,4.816794524319015e-08
22.5,30.0,5.511177772880249e-08
25.0,30.0,7.789422880805134e-08
27.5,30.0,8.755647083305719e-08
30.0,30.0,7.284134615869372e-08
32.5,30.0,5.968220714695386e-08
35.0,30.0,6.066478854545898e-08
37.5,30.0,7.801933211595855e-08
40.0,30.0,1.1012946395715461e-07
42.5,30.0,1.312883263661582e-07
45.0,30.0,1.18175588741237e-07
47.5,30.0,9.270146939117892e-08
50.0,30.0,7.00806425200458e-08
52.5,30.0,5.879087348833189e-08
55.0,30.0,6.40453716420667e-08
57.5,30.0,7.141209159071251e-08
60.0,30.0,6.66695090499299e-08
62.5,30.0,6.24588831846567e-08
65.0,30.0,7.053290255474838e-08
67.5,30.0,8.121914539603363e-08
70.0,30.0,7.219448581348624e-08
72.5,30.0,5.7776705999208184e-08
75.0,30.0,5.1022007783323474e-08
77.5,30.0,5.207895595490737e-08
80.0,30.0,5.807034010229506e-08
82.5,30.0,6.096990030180118e-08
85.0,30.0,5.6455590552615314e-08
87.5,30.0,5.1836479242995474e-08
90.0,30.0,5.1792770560967195e-08
92.5,30.0,5.693277818256456e-08
95.0,30.0,6.620152892481446e-08
97.5,30.0,7.46788940637174e-08
100.0,30.0,7.556547037029456e-08
102.5,30.0,7.178154746761888e-08
105.0,30.0,7.110244844370988e-08
107.5,30.0,7.661737539244971e-08
110.0,30.0,8.721307362117823e-08
112.5,30.0,9.93142801548623e-08
115.0,30.0,1.1143077470423996e-07
117.5,30.0,1.2734091889854792e-07
120.0,30.0,1.5193725083541184e-07
122.5,30.0,1.8603184807326196e-07
125.0,30.0,2.2302170420335361e-07
127.5,30.0,2.519702643674982e-07
130.0,30.0,2.6848725657546803e-07
132.5,30.0,2.7675520555809044e-07
135.0,30.0,2.816894934936983e-07
137.5,30.0,2.8560550800030873e-07
140.0,30.0,2.892376888266283e-07
142.5,30.0,2.9278876101292945e-07
145.0,30.0,2.963171823144046e-07
147.5,30.0,2.998414263983649e-07
150.0,30.0,3.0336723927394256e-07
152.5,30.0,3.068963914253977e-07
155.0,30.0,3.1042923194652054e-07
-142.5,32.5,2.4430068760757473e-06
-140.0,32.5,2.476706124524471e-06
-137.5,32.5,2.491897254695108e-06
-135.0,32.5,2.4873872725049147e-06
-132.5,32.5,2.463559125001228e-06
-130.0,32.5,2.4222616690816614e-06
-127.5,32.5,2.3664306691413678e-06
-125.0,32.5,2.299550762607967e-06
-122.5,32.5,2.2250995254907658e-06
-120.0,32.5,2.146091120589288e-06
-117.5,32.5,2.064760234681415e-06
-115.0,32.5,1.9823572534981067e-06
-112.5,32.5,1.8989649472545715e-06
-110.0,32.5,1.813225684398798e-06
-107.5,32.5,1.7219227300186884e-06
-105.0,32.5,1.619541035290592e-06
-102.5,32.5,1.4983554019868294e-06
-100.0,32.5,1.3502272984154427e-06
-97.5,32.5,1.1720234014801585e-06
-95.0,32.5,9.790025483745423e-07
-92.5,32.5,8.163411843222425e-07
-90.0,32.5,5.522101315361991e-07
-87.5,32.5,3.0646283800583667e-07
-85.0,32.5,1.743533483732275e-07
-82.5,32.5,9.245500383945665e-08
-80.0,32.5,6.879407493077433e-08
-77.5,32.5,6.488377351259158e-08
-75.0,32.5,6.755585550745687e-08
-72.5,32.5,7.286983625802343e-08
-70.0,32.5,7.93622275946934e-08
-67.5,32.5,8.650023531097463e-08
-65.0,32.5,9.288380995851291e-08
-62.5,32.5,8.93850775903922e-08
-60.0,32.5,7.080381738532503e-08
-57.5,32.5,5.545888780525305e-08
-55.0,32.5,4.961125355910321e-08
-52.5,32.5,4.626623947572219e-08
-50.0,32.5,3.961295374967255e-08
-47.5,32.5,3.528317474793286e-08
-45.0,32.5,3.491275107295918e-08
-42.5,32.5,3.6709694752131056e-08
-40.0,32.5,3.9478960544246633e-08
-37.5,32.5,4.261057040915157e-08
-35.0,32.5,4.5671076055765635e-08
-32.5,32.5,4.81345566986852e-08
-30.0,32.5,4.931202601617641e-08
-27.5,32.5,4.865223969397305e-08
-25.0,32.5,4.531927513750411e-08
-22.5,32.5,3.693012108378837e-08
-20.0,32.5,3.1543993696252694e-08
-17.5,32.5,3.6146775023610286e-08
-15.0,32.5,3.9526999204018325e-08
-12.5,32.5,3.8265385175766105e-08
-10.0,32.5,4.133197290849731e-08
-7.5,32.5,5.128118364349343e-08
-5.0,32.5,6.183455299247326e-08
-2.5,32.5,6.39272347555288e-08
0.0,32.5,6.167637599876581e-08
2.5,32.5,6.023228885204068e-08
5.0,32.5,6.125556383919892e-08
7.5,32.5,6.495747366823623e-08
10.0,32.5,7.030148720141212e-08
12.5,32.5,7.492612085193481e-08
15.0,32.5,7.566856694625174e-08
17.5,32.5,6.463375140944628e-08
20.0,32.5,4.981548898419028e-08
22.5,32.5,5.143336477163652e-08
25.0,32.5,7.13822761733192e-08
27.5,32.5,9.042347008921106e-08
30.0,32.5,8.110247780433835e-08
32.5,32.5,6.566454820636375e-08
35.0,32.5,6.233271093146483e-08
37.5,32.5,7.378452563927413e-08
40.0,32.5,1.004407595447403e-07
42.5,32.5,1.2853827809659512e-07
45.0,32.5,1.287386460124293e-07
47.5,32.5,1.059203359820663e-07
50.0,32.5,7.845375362868812e-08
52.5,32.5,6.039631023846904e-08
55.0,32.5,6.073380106725832e-08
57.5,32.5,6.819503525168642e-08
60.0,32.5,6.58387465237949e-08
62.5,32.5,6.203378171170604e-08
65.0,32.5,6.85255222463197e-08
67.5,32.5,8.12046812278015e-08
70.0,32.5,7.78185252216411e-08
72.5,32.5,6.316449939953649e-08
75.0,32.5,5.446925627461304e-08
77.5,32.5,5.373475806136873e-08
80.0,32.5,5.8605631948158014e-08
82.5,32.5,6.245822306110186e-08
85.0,32.5,5.929514827464475e-08
87.5,32.5,5.42827693896122e-08
90.0,32.5,5.294610992160669e-08
92.5,32.5,5.637467400916795e-08
95.0,32.5,6.379262022105776e-08
97.5,32.5,7.180802556387727e-08
100.0,32.5,7.478281281028886e-08
102.5,32.5,7.290936326731857e-08
105.0,32.5,7.24144367459605e-08
107.5,32.5,7.724513129946216e-08
110.0,32.5,8.734885967632668e-08
112.5,32.5,9.96910475734623e-08
115.0,32.5,1.1188118949915104e-07
117.5,32.5,1.2649818102458743e-07
120.0,32.5,1.4857667932082733e-07
122.5,32.5,1.803074643847813e-07
125.0,32.5,2.1733935114859643e-07
127.5,32.5,2.4942909255859294e-07
130.0,32.5,2.696320529133683e-07
132.5,32.5,2.8008364328939615e-07
135.0,32.5,2.8595089113412295e-07
137.5,32.5,2.902802510654125e-07
140.0,32.5,2.94166318300932e-07
142.5,32.5,2.979263242821451e-07
145.0,32.5,3.016510570054353e-07
147.5,32.5,3.0536894982661923e-07
150.0,32.5,3.0908903648102304e-07
152.5,32.5,3.128140728350277e-07
155.0,32.5,3.1654474326359724e-07
-142.5,35.0,2.381204639500545e-06
-140.0,35.0,2.36205519802735e-06
-137.5,35.0,2.3257660589555444e-06
-135.0,35.0,2.2745733741000223e-06
-132.5,35.0,2.2114897702079714e-06
-130.0,35.0,2.139837953967391e-06
-127.5,35.0,2.062812323844396e-06
-125.0,35.0,1.983150280111491e-06
-122.5,35.0,1.9029371720847801e-06
-120.0,35.0,1.8235149882975713e-06
-117.5,35.0,1.7454305656160014e-06
-115.0,35.0,1.6683333224048444e-06
-112.5,35.0,1.5907479358086166e-06
-110.0,35.0,1.509702240517548e-06
-107.5,35.0,1.4203492228021864e-06
-105.0,35.0,1.3160515427572502e-06
-102.5,35.0,1.1898437080638565e-06
-100.0,35.0,1.0382765265247605e-06
-97.5,35.0,8.680426257752632e-07
-95.0,35.0,7.100891700855251e-07
-92.5,35.0,5.18515069094221e-07
-90.0,35.0,1.480913047882115e-07
-87.5,35.0,6.812494296687131e-08
-85.0,35.0,5.97569806382032e-08
-82.5,35.0,6.646894288059792e-08
-80.0,35.0,6.974354706420959e-08
-77.5,35.0,6.933387153057215e-08
-75.0,35.0,6.955904724415348e-08
-72.5,35.0,7.138530365173799e-08
-70.0,35.0,7.462144855980116e-08
-67.5,35.0,7.90577551015657e-08
-65.0,35.0,8.166802297726606e-08
-62.5,35.0,6.623009359088204e-08
-60.0,35.0,4.214882450576327e-08
-57.5,35.0,3.2885120404970275e-08
-55.0,35.0,3.254522919565464e-08
-52.5,35.0,3.5787102804363875e-08
-50.0,35.0,3.929022730333319e-08
-47.5,35.0,4.1117004040905754e-08
-45.0,35.0,4.228538539885471e-08
-42.5,35.0,4.388749144668286e-08
-40.0,35.0,4.603629602111828e-08
-37.5,35.0,4.8428324591118095e-08
-35.0,35.0,5.057621963247663e-08
-32.5,35.0,5.1825590951813205e-08
-30.0,35.0,5.154502872504856e-08
-27.5,35.0,4.981140750631066e-08
-25.0,35.0,4.529532685182174e-08
-22.5,35.0,3.68743753820555e-08
-20.0,35.0,3.301001416580149e-08
-17.5,35.0,3.807051710298584e-08
-15.0,35.0,4.271976439870198e-08
-12.5,35.0,4.2353744382577334e-08
-10.0,35.0,4.5656203343583004e-08
-7.5,35.0,5.48285806271648e-08
-5.0,35.0,6.37347429458157e-08
-2.5,35.0,6.551281760022212e-08
0.0,35.0,6.394817256176e-08
2.5,35.0,6.349268035880305e-08
5.0,35.0,6.550827305157472e-08
7.5,35.0,6.877183408546037e-08
10.0,35.0,7.260728203017531e-08
12.5,35.0,7.89424537347422e-08
15.0,35.0,7.951790650951192e-08
17.5,35.0,6.954592925510209e-08
20.0,35.0,5.3870651080573305e-08
22.5,35.0,5.121695723659263e-08
25.0,35.0,6.608543299260526e-08
27.5,35.0,8.977629350327322e-08
30.0,35.0,8.932803784680355e-08
32.5,35.0,7.308332250662194e-08
35.0,35.0,6.58799074037139e-08
37.5,35.0,7.232748041217578e-08
40.0,35.0,9.206126567270671e-08
42.5,35.0,1.2172967892483733e-07
45.0,35.0,1.3593997001532358e-07
47.5,35.0,1.198352840414967e-07
50.0,35.0,8.96304012212707e-08
52.5,35.0,6.497849150236004e-08
55.0,35.0,5.951993556379085e-08
57.5,35.0,6.538056848206011e-08
60.0,35.0,6.536840463521272e-08
62.5,35.0,6.19030897380697e-08
65.0,35.0,6.677302589781224e-08
67.5,35.0,7.971686319284071e-08
70.0,35.0,8.227504505067673e-08
72.5,35.0,6.923355966024987e-08
75.0,35.0,5.889602752720847e-08
77.5,35.0,5.6361688565972445e-08
80.0,35.0,5.987623095719449e-08
82.5,35.0,6.394314635920196e-08
85.0,35.0,6.199753548954112e-08
87.5,35.0,5.6936681456562534e-08
90.0,35.0,5.457011657111137e-08
92.5,35.0,5.654216377004505e-08
95.0,35.0,6.229585216083083e-08
97.5,35.0,6.939713588866999e-08
100.0,35.0,7.350889383630723e-08
102.5,35.0,7.34407936543686e-08
105.0,35.0,7.353300100750959e-08
107.5,35.0,7.793121995982826e-08
110.0,35.0,8.751070537730074e-08
112.5,35.0,9.998593752844135e-08
115.0,35.0,1.1250517187466123e-07
117.5,35.0,1.2637294689761345e-07
120.0,35.0,1.464119309538748e-07
122.5,35.0,1.7589999600736786e-07
125.0,35.0,2.1254276089279684e-07
127.5,35.0,2.473983072448716e-07
130.0,35.0,2.716571966638218e-07
132.5,35.0,2.849009557380086e-07
135.0,35.0,2.9204039461173917e-07
137.5,35.0,2.968941278050587e-07
140.0,35.0,3.010531942536296e-07
142.5,35.0,3.0501322953037224e-07
145.0,35.0,3.0891717194544007e-07
147.5,35.0,3.1280883511314784e-07
150.0,35.0,3.167025776365809e-07
152.5,35.0,3.2060280498312055e-07
155.0,35.0,3.2451073094092066e-07
-142.5,37.5,2.1939374397515828e-06
-140.0,37.5,2.1361543482742675e-06
-137.5,37.5,2.0689983344892946e-06
-135.0,37.5,1.9955331036583505e-06
-132.5,37.5,1.918603616839184e-06
-130.0,37.5,1.8406039894953815e-06
-127.5,37.5,1.7633603897090463e-06
-125.0,37.5,1.6881037528365524e-06
-122.5,37.5,1.6154822012891166e-06
-120.0,37.5,1.545550879445697e-06
-117.5,37.5,1.4776811065079194e-06
-115.0,37.5,1.4103369663231326e-06
-112.5,37.5,1.3407299627265639e-06
-110.0,37.5,1.2644854551954776e-06
-107.5,37.5,1.1757284965390647e-06
-105.0,37.5,1.0683373685795783e-06
-102.5,37.5,9.390811979696138e-07
-100.0,37.5,7.920463119488551e-07
-97.5,37.5,6.42038666582996e-07
-95.0,37.5,5.216589322223095e-07
-92.5,37.5,2.957710138394861e-07
-90.0,37.5,5.9299547217569974e-08
-87.5,37.5,3.167927044856218e-08
-85.0,37.5,3.080350533659742e-08
-82.5,37.5,3.593375426734016e-08
-80.0,37.5,4.441812422426961e-08
-77.5,37.5,5.354323124857794e-08
-75.0,37.5,6.095400039875393e-08
-72.5,37.5,6.639153418317223e-08
-70.0,37.5,7.052613768161523e-08
-67.5,37.5,7.416985226373689e-08
-65.0,37.5,7.346535074014926e-08
-62.5,37.5,4.853714774057933e-08
-60.0,37.5,2.649698920702534e-08
-57.5,37.5,2.2870603667561253e-08
-55.0,37.5,2.551822803307638e-08
-52.5,37.5,3.036900208569621e-08
-50.0,37.5,3.61788807475633e-08
-47.5,37.5,4.179173060622896e-08
-45.0,37.5,4.633891672783488e-08
-42.5,37.5,4.98535869092758e-08
-40.0,37.5,5.2684359843831556e-08
-37.5,37.5,5.489559917774991e-08
-35.0,37.5,5.615915628432327e-08
-32.5,37.5,5.5451784907557776e-08
-30.0,37.5,4.9242092200266264e-08
-27.5,37.5,4.8973581674650335e-08
-25.0,37.5,4.628195014096701e-08
-22.5,37.5,3.846913169343621e-08
-20.0,37.5,3.579413191511867e-08
-17.5,37.5,4.116540807106406e-08
-15.0,37.5,4.6388729277889125e-08
-12.5,37.5,4.6730269951068504e-08
-10.0,37.5,5.014381409653572e-08
-7.5,37.5,5.859305228153074e-08
-5.0,37.5,6.63451511449179e-08
-2.5,37.5,6.812252421358762e-08
0.0,37.5,6.732097709702013e-08
2.5,37.5,6.784014842996459e-08
5.0,37.5,7.061110332506708e-08
7.5,37.5,6.970361803223423e-08
10.0,37.5,6.63885293915779e-08
12.5,37.5,7.966135868235573e-08
15.0,37.5,8.40119912127754e-08
17.5,37.5,7.563055644547252e-08
20.0,37.5,5.968802641177601e-08
22.5,37.5,5.349331509140812e-08
25.0,37.5,6.337845407420323e-08
27.5,37.5,8.68646407952618e-08
30.0,37.5,9.637100414860137e-08
32.5,37.5,8.184792664300177e-08
35.0,37.5,7.117241488408249e-08
37.5,37.5,7.29931417162049e-08
40.0,37.5,8.401693746118531e-08
42.5,37.5,1.0806375201422296e-07
45.0,37.5,1.3785476874143096e-07
47.5,37.5,1.3362899958578692e-07
50.0,37.5,1.0355499184459952e-07
52.5,37.5,7.257587236131041e-08
55.0,37.5,6.081178485239874e-08
57.5,37.5,6.341465713433297e-08
60.0,37.5,6.503852109871666e-08
62.5,37.5,6.214531271604448e-08
65.0,37.5,6.547593990672324e-08
67.5,37.5,7.752052513582064e-08
70.0,37.5,8.500321077064872e-08
72.5,37.5,7.553761272084037e-08
75.0,37.5,6.424475422301557e-08
77.5,37.5,5.99854518540843e-08
80.0,37.5,6.204894367800631e-08
82.5,37.5,6.579513060946005e-08
85.0,37.5,6.470314011812205e-08
87.5,37.5,5.975652935031174e-08
90.0,37.5,5.656982818816391e-08
92.5,37.5,5.7304992103999446e-08
95.0,37.5,6.160458132410149e-08
97.5,37.5,6.7616913165885e-08
100.0,37.5,7.21003218083467e-08
102.5,37.5,7.343832977042742e-08
105.0,37.5,7.432988023998293e-08
107.5,37.5,7.856289028730591e-08
110.0,37.5,8.76697193980493e-08
112.5,37.5,1.001759470501536e-07
115.0,37.5,1.1316834674003002e-07
117.5,37.5,1.2677221059277312e-07
120.0,37.5,1.452565082320355e-07
122.5,37.5,1.7268657866892285e-07
125.0,37.5,2.0860054229300337e-07
127.5,37.5,2.4575786084162286e-07
130.0,37.5,2.743079444189907e-07
132.5,37.5,2.9102220368843325e-07
135.0,37.5,2.9989544142419056e-07
137.5,37.5,3.0544328670415746e-07
140.0,37.5,3.099065728288023e-07
142.5,37.5,3.1405222933997417e-07
145.0,37.5,3.1810726102638084e-07
147.5,37.5,3.2214033091217934e-07
150.0,37.5,3.26173782594124e-07
152.5,37.5,3.302149866932257e-07
155.0,37.5,3.342659350755696e-07
-142.5,40.0,1.9402096015586873e-06
-140.0,40.0,1.8670085851553598e-06
-137.5,40.0,1.7919210315008357e-06
-135.0,40.0,1.716987659011809e-06
-132.5,40.0,1.6437484147202473e-06
-130.0,40.0,1.5732495795931695e-06
-127.5,40.0,1.5060861657896841e-06
-125.0,40.0,1.4424366474051511e-06
-122.5,40.0,1.3820473992277652e-06
-120.0,40.0,1.3241265373635025e-06
-117.5,40.0,1.2671200532991686e-06
-115.0,40.0,1.208388688462441e-06
-112.5,40.0,1.1439122880046916e-06
-110.0,40.0,1.0683792092187836e-06
-107.5,40.0,9.7629162227204e-07
-105.0,40.0,8.646559007642793e-07
-102.5,40.0,7.366379676511135e-07
-100.0,40.0,6.033172455536153e-07
-97.5,40.0,4.808138082351185e-07
-95.0,40.0,3.89269569036644e-07
-92.5,40.0,2.729787028619742e-07
-90.0,40.0,7.459138857335126e-08
-87.5,40.0,3.6746712405942604e-08
-85.0,40.0,3.2004348646506266e-08
-82.5,40.0,3.385207409767846e-08
-80.0,40.0,3.863898935838622e-08
-77.5,40.0,4.569572548807773e-08
-75.0,40.0,5.3183240066932925e-08
-72.5,40.0,5.848524395374598e-08
-70.0,40.0,6.164837566037973e-08
-67.5,40.0,6.416118957230379e-08
-65.0,40.0,6.415061300216546e-08
-62.5,40.0,4.5505616111819335e-08
-60.0,40.0,2.6274577093428468e-08
-57.5,40.0,2.3360426212363305e-08
-55.0,40.0,2.6411727978195623e-08
-52.5,40.0,3.140522062591646e-08
-50.0,40.0,3.727820674538075e-08
-47.5,40.0,4.348069315577378e-08
-45.0,40.0,4.937024764788869e-08
-42.5,40.0,5.437712431025469e-08
-40.0,40.0,5.816318290635405e-08
-37.5,40.0,6.045792315577323e-08
-35.0,40.0,6.079447193089598e-08
-32.5,40.0,5.517294681603754e-08
-30.0,40.0,4.0215283299763836e-08
-27.5,40.0,4.205578101331342e-08
-25.0,40.0,4.708064596196465e-08
-22.5,40.0,4.112027157618344e-08
-20.0,40.0,3.942143240168571e-08
-17.5,40.0,4.496692805699735e-08
-15.0,40.0,5.033083632509772e-08
-12.5,40.0,5.122058426583776e-08
-10.0,40.0,5.47243082760537e-08
-7.5,40.0,6.261305611154045e-08
-5.0,40.0,6.967218025430393e-08
-2.5,40.0,7.172042373086519e-08
0.0,40.0,7.177431774187018e-08
2.5,40.0,7.32850561224374e-08
5.0,40.0,7.652509395994677e-08
7.5,40.0,7.107133353713949e-08
10.0,40.0,6.068173272818157e-08
12.5,40.0,7.409336522769831e-08
15.0,40.0,8.786040209622384e-08
17.5,40.0,8.27108924831969e-08
20.0,40.0,6.702593455864253e-08
22.5,40.0,5.7752625324945255e-08
25.0,40.0,6.317445273160305e-08
27.5,40.0,8.377551478910749e-08
30.0,40.0,1.0117123126801589e-07
32.5,40.0,9.165609222969233e-08
35.0,40.0,7.821571049617674e-08
37.5,40.0,7.560985762095304e-08
40.0,40.0,7.905391871976835e-08
42.5,40.0,9.248369130437913e-08
45.0,40.0,1.301024768576341e-07
47.5,40.0,1.4558134710291948e-07
50.0,40.0,1.2000712123123678e-07
52.5,40.0,8.334538539854919e-08
55.0,40.0,6.466992707849282e-08
57.5,40.0,6.288943306000048e-08
60.0,40.0,6.475795238520533e-08
62.5,40.0,6.272646458590081e-08
65.0,40.0,6.473395747323377e-08
67.5,40.0,7.525164594519729e-08
70.0,40.0,8.595250424112739e-08
72.5,40.0,8.146733701905189e-08
75.0,40.0,7.035650041397106e-08
77.5,40.0,6.459260094998119e-08
80.0,40.0,6.520214468183723e-08
82.5,40.0,6.829565046818418e-08
85.0,40.0,6.763750803311718e-08
87.5,40.0,6.278696645610611e-08
90.0,40.0,5.8895814595205314e-08
92.5,40.0,5.855522428019408e-08
95.0,40.0,6.159382142925408e-08
97.5,40.0,6.650322003356103e-08
100.0,40.0,7.084099094712716e-08
102.5,40.0,7.307140219236942e-08
105.0,40.0,7.475145260780724e-08
107.5,40.0,7.902095402174242e-08
110.0,40.0,8.774659553392072e-08
112.5,40.0,1.0020371745959905e-07
115.0,40.0,1.137218529909207e-07
117.5,40.0,1.2747039677525212e-07
120.0,40.0,1.448869574001877e-07
122.5,40.0,1.7049326210897382e-07
125.0,40.0,2.0541522375474294e-07
127.5,40.0,2.443333233955444e-07
130.0,40.0,2.7721623101119865e-07
132.5,40.0,2.9809142656365233e-07
135.0,40.0,3.0929674396258787e-07
137.5,40.0,3.1579390157116947e-07
140.0,40.0,3.2061631028323414e-07
142.5,40.0,3.249295001542714e-07
145.0,40.0,3.2909522281236593e-07
147.5,40.0,3.3322224420527124e-07
150.0,40.0,3.3734572837188235e-07
152.5,40.0,3.414774074114809e-07
155.0,40.0,3.456208335276932e-07
-142.5,42.5,1.681346119169925e-06
-140.0,42.5,1.6102421537711635e-06
-137.5,42.5,1.541483151200742e-06
-135.0,42.5,1.4759194775323796e-06
-132.5,42.5,1.414039417666243e-06
-130.0,42.5,1.356021977873753e-06
-127.5,42.5,1.3017589348409035e-06
-125.0,42.5,1.2508191472840782e-06
-122.5,42.5,1.2023276876352265e-06
-120.0,42.5,1.1547441213789918e-06
-117.5,42.5,1.1055604809553185e-06
-115.0,42.5,1.051038929586368e-06
-112.5,42.5,9.863073557034874e-07
-110.0,42.5,9.063569361962143e-07
-107.5,42.5,8.084072072966916e-07
-105.0,42.5,6.950653841543673e-07
-102.5,42.5,5.7578892791876e-07
-100.0,42.5,4.6382221639821573e-07
-97.5,42.5,3.6997204406441206e-07
-95.0,42.5,3.005679867854219e-07
-92.5,42.5,2.558445299243775e-07
-90.0,42.5,1.576962932787577e-07
-87.5,42.5,7.909950508000078e-08
-85.0,42.5,5.4924427687782365e-08
-82.5,42.5,4.8410908668908145e-08
-80.0,42.5,4.8583033321798444e-08
-77.5,42.5,4.9389059366153525e-08
-75.0,42.5,4.679645401746969e-08
-72.5,42.5,4.5559527607852995e-08
-70.0,42.5,4.6619838397449615e-08
-67.5,42.5,4.925817270030743e-08
-65.0,42.5,5.2412109601666724e-08
-62.5,42.5,4.967133029248813e-08
-60.0,42.5,3.87272185497352e-08
-57.5,42.5,3.365518820628919e-08
-55.0,42.5,3.4651040282510723e-08
-52.5,42.5,3.833138874982521e-08
-50.0,42.5,4.3239877793475516e-08
-47.5,42.5,4.8754932647286386e-08
-45.0,42.5,5.436311413396628e-08
-42.5,42.5,5.942271923847907e-08
-40.0,42.5,6.319772709059729e-08
-37.5,42.5,6.501044887110174e-08
-35.0,42.5,6.376719591979168e-08
-32.5,42.5,5.25288139152859e-08
-30.0,42.5,3.6798368701137095e-08
-27.5,42.5,3.80647355168412e-08
-25.0,42.5,4.6825727778026484e-08
-22.5,42.5,4.434047355767339e-08
-20.0,42.5,4.35518295876535e-08
-17.5,42.5,4.909479091564897e-08
-15.0,42.5,5.433070000689755e-08
-12.5,42.5,5.567533178086457e-08
-10.0,42.5,5.9333859267124425e-08
-7.5,42.5,6.689565762332763e-08
-5.0,42.5,7.368400360861601e-08
-2.5,42.5,7.625824215994895e-08
0.0,42.5,7.728268374980679e-08
2.5,42.5,7.982650783076104e-08
5.0,42.5,8.339382560426636e-08
7.5,42.5,7.502864851744131e-08
10.0,42.5,5.975845507341839e-08
12.5,42.5,6.786161293114198e-08
15.0,42.5,8.866932093407943e-08
17.5,42.5,9.042874756482645e-08
20.0,42.5,7.579741149850117e-08
22.5,42.5,6.378351198359424e-08
25.0,42.5,6.510994341754282e-08
27.5,42.5,8.177956180465253e-08
30.0,42.5,1.0344775925220242e-07
32.5,42.5,1.0175489528123204e-07
35.0,42.5,8.701755849333003e-08
37.5,42.5,8.02008662307943e-08
40.0,42.5,7.806541831794878e-08
42.5,42.5,8.231583843371417e-08
45.0,42.5,1.1461302618503595e-07
47.5,42.5,1.51569968875433e-07
50.0,42.5,1.3825774555947296e-07
52.5,42.5,9.755025196445643e-08
55.0,42.5,7.118976682967591e-08
57.5,42.5,6.414760619880575e-08
60.0,42.5,6.473215035478133e-08
62.5,42.5,6.351660759085662e-08
65.0,42.5,6.455401089840165e-08
67.5,42.5,7.331226982428179e-08
70.0,42.5,8.55116407157209e-08
72.5,42.5,8.638842234958422e-08
75.0,42.5,7.692396963163911e-08
77.5,42.5,7.010732388391548e-08
80.0,42.5,6.934811244167625e-08
82.5,42.5,7.161959217985594e-08
85.0,42.5,7.1035328050802e-08
87.5,42.5,6.614350127205281e-08
90.0,42.5,6.155685319897308e-08
92.5,42.5,6.02229445485603e-08
95.0,42.5,6.214826947857976e-08
97.5,42.5,6.601520861429025e-08
100.0,42.5,6.990703142870587e-08
102.5,42.5,7.254920679873618e-08
105.0,42.5,7.483451121101181e-08
107.5,42.5,7.922347836202765e-08
110.0,42.5,8.764391706042614e-08
112.5,42.5,9.998161836788163e-08
115.0,42.5,1.1400139074556784e-07
117.5,42.5,1.2820980979098878e-07
120.0,42.5,1.4504000828635374e-07
122.5,42.5,1.6910672431734826e-07
125.0,42.5,2.0284876504617511e-07
127.5,42.5,2.429336345809855e-07
130.0,42.5,2.799529426082041e-07
132.5,42.5,3.0560273310699746e-07
135.0,42.5,3.1986829293282337e-07
137.5,42.5,3.2768565768062577e-07
140.0,42.5,3.3296450438638564e-07
142.5,42.5,3.3742940100884193e-07
145.0,42.5,3.416537315279558e-07
147.5,42.5,3.458115195522509e-07
150.0,42.5,3.4995804849881337e-07
152.5,42.5,3.541119676619949e-07
155.0,42.5,3.582794151949042e-07
-142.5,45.0,1.4540149344971575e-06
-140.0,45.0,1.3933018375969243e-06
-137.5,45.0,1.336409085282862e-06
-135.0,45.0,1.283470324147224e-06
-132.5,45.0,1.2344179327465969e-06
-130.0,45.0,1.188984442375856e-06
-127.5,45.0,1.1466479821169695e-06
-125.0,45.0,1.1065023971448266e-06
-122.5,45.0,1.067040494424134e-06
-120.0,45.0,1.025872808188643e-06
-117.5,45.0,9.794952233150114e-07
-115.0,45.0,9.233917428911138e-07
-112.5,45.0,8.529541549870142e-07
-110.0,45.0,7.656022820838852e-07
-107.5,45.0,6.635680756775388e-07
-105.0,45.0,5.551771077828413e-07
-102.5,45.0,4.5220697462989963e-07
-100.0,45.0,3.642635353130385e-07
-97.5,45.0,2.9500216053443685e-07
-95.0,45.0,2.434711735529881e-07
-92.5,45.0,2.086307060555172e-07
-90.0,45.0,1.8366980174270742e-07
-87.5,45.0,1.4404603865556536e-07
-85.0,45.0,1.0503462760244866e-07
-82.5,45.0,8.372497517209162e-08
-80.0,45.0,6.924299481112237e-08
-77.5,45.0,4.3062375147322815e-08
-75.0,45.0,3.434015018124197e-08
-72.5,45.0,3.4006777526608185e-08
-70.0,45.0,3.63923989247558e-08
-67.5,45.0,3.9751553710138855e-08
-65.0,45.0,4.3706313165062745e-08
-62.5,45.0,4.754006272610817e-08
-60.0,45.0,4.83742186147268e-08
-57.5,45.0,4.7099048487970816e-08
-55.0,45.0,4.728912605818513e-08
-52.5,45.0,4.953849510658551e-08
-50.0,45.0,5.3203432245405114e-08
-47.5,45.0,5.766482960666304e-08
-45.0,45.0,6.231685427162833e-08
-42.5,45.0,6.638495090567893e-08
-40.0,45.0,6.896888376358935e-08
-37.5,45.0,6.933946365857026e-08
-35.0,45.0,6.559676014667556e-08
-32.5,45.0,5.100109250773238e-08
-30.0,45.0,3.681297262373501e-08
-27.5,45.0,3.737327191460553e-08
-25.0,45.0,4.64875916768955e-08
-22.5,45.0,4.7651094158277316e-08
-20.0,45.0,4.787283839096358e-08
-17.5,45.0,5.3227435496919674e-08
-15.0,45.0,5.818891997300876e-08
-12.5,45.0,5.996389577447386e-08
-10.0,45.0,6.389789808961828e-08
-7.5,45.0,7.139920058037772e-08
-5.0,45.0,7.829739449218504e-08
-2.5,45.0,8.158992637752443e-08
0.0,45.0,8.361911188553827e-08
2.5,45.0,8.737301438312811e-08
5.0,45.0,9.128550941830503e-08
7.5,45.0,8.123059867395784e-08
10.0,45.0,6.227156407406796e-08
12.5,45.0,6.449018277412459e-08
15.0,45.0,8.622560366155572e-08
17.5,45.0,9.770872121355708e-08
20.0,45.0,8.58880788255788e-08
22.5,45.0,7.150383552922221e-08
25.0,45.0,6.8854098452091e-08
27.5,45.0,8.068361107575822e-08
30.0,45.0,1.0206092218610114e-07
32.5,45.0,1.1063006684251403e-07
35.0,45.0,9.737519027972184e-08
37.5,45.0,8.674071525196651e-08
40.0,45.0,8.024152420748741e-08
42.5,45.0,7.786028021830374e-08
45.0,45.0,9.990698206185982e-08
47.5,45.0,1.4712524170744614e-07
50.0,45.0,1.5612130301887784e-07
52.5,45.0,1.1535741077764578e-07
55.0,45.0,8.060233533610391e-08
57.5,45.0,6.735822380067461e-08
60.0,45.0,6.532210593098256e-08
62.5,45.0,6.439963225884555e-08
65.0,45.0,6.485607738520218e-08
67.5,45.0,7.189576362318798e-08
70.0,45.0,8.425336639377869e-08
72.5,45.0,8.985504359752715e-08
75.0,45.0,8.347501203757395e-08
77.5,45.0,7.635261049484243e-08
80.0,45.0,7.443002663371113e-08
82.5,45.0,7.584158376896038e-08
85.0,45.0,7.508569097624769e-08
87.5,45.0,6.997668661097693e-08
90.0,45.0,6.461644968898508e-08
92.5,45.0,6.228596856761161e-08
95.0,45.0,6.31815373401816e-08
97.5,45.0,6.608223394279727e-08
100.0,45.0,6.938002193323896e-08
102.5,45.0,7.206076802694754e-08
105.0,45.0,7.468661044269571e-08
107.5,45.0,7.915614395912111e-08
110.0,45.0,8.728918589478189e-08
112.5,45.0,9.941945182381292e-08
115.0,45.0,1.1384146578012231e-07
117.5,45.0,1.2871135475021023e-07
120.0,45.0,1.4541262628658944e-07
122.5,45.0,1.6827959164751735e-07
125.0,45.0,2.0074231910012997e-07
127.5,45.0,2.4138932501041295e-07
130.0,45.0,2.820996362476426e-07
132.5,45.0,3.1295517760875797e-07
135.0,45.0,3.310989684299521e-07
137.5,45.0,3.4075117928946114e-07
140.0,45.0,3.4665360844105774e-07
142.5,45.0,3.5126921595743846e-07
145.0,45.0,3.554930659045934e-07
147.5,45.0,3.5960440732942855e-07
150.0,45.0,3.636909421966194e-07
152.5,45.0,3.6778211612750543e-07
155.0,45.0,3.718879488658261e-07
-142.5,47.5,1.270676690107626e-06
-140.0,47.5,1.222314870893794e-06
-137.5,47.5,1.1777885868760674e-06
-135.0,47.5,1.136898148382301e-06
-132.5,47.5,1.0992976646392066e-06
-130.0,47.5,1.0644277305606288e-06
-127.5,47.5,1.031381193218058e-06
-125.0,47.5,9.986939600417998e-07
-122.5,47.5,9.640829304556221e-07
-120.0,47.5,9.242397926734194e-07
-117.5,47.5,8.749446224483234e-07
-115.0,47.5,8.119278388771302e-07
-112.5,47.5,7.328009765153603e-07
-110.0,47.5,6.395448207588393e-07
-107.5,47.5,5.39639835708743e-07
-105.0,47.5,4.437589723998884e-07
-102.5,47.5,3.6082334025698865e-07
-100.0,47.5,2.944939535000219e-07
-97.5,47.5,2.4370980767898615e-07
-95.0,47.5,2.0551573405602052e-07
-92.5,47.5,1.7744089971381424e-07
-90.0,47.5,1.5817626693439914e-07
-87.5,47.5,1.4474235631780367e-07
-85.0,47.5,1.309893048382681e-07
-82.5,47.5,1.1725454056873778e-07
-80.0,47.5,8.831760709228149e-08
-77.5,47.5,4.481353284464356e-08
-75.0,47.5,3.521847356582853e-08
-72.5,47.5,3.510630185882196e-08
-70.0,47.5,3.578280621056243e-08
-67.5,47.5,3.456463081068493e-08
-65.0,47.5,3.622576566549213e-08
-62.5,47.5,4.079334377290311e-08
-60.0,47.5,4.652651173587634e-08
-57.5,47.5,5.175338306466462e-08
-55.0,47.5,5.606059686866765e-08
-52.5,47.5,6.009016750067617e-08
-50.0,47.5,6.427701454228754e-08
-47.5,47.5,6.852670150808353e-08
-45.0,47.5,7.231268787463699e-08
-42.5,47.5,7.479201173623376e-08
-40.0,47.5,7.490481615874492e-08
-37.5,47.5,7.31488793324435e-08
-35.0,47.5,6.693649769856031e-08
-32.5,47.5,5.0879234032152574e-08
-30.0,47.5,3.817811082731161e-08
-27.5,47.5,3.822068557332862e-08
-25.0,47.5,4.6665093438409054e-08
-22.5,47.5,5.063764522422122e-08
-20.0,47.5,5.2027073475930436e-08
-17.5,47.5,5.705308364345435e-08
-15.0,47.5,6.168995321161966e-08
-12.5,47.5,6.39279867484698e-08
-10.0,47.5,6.82877959234976e-08
-7.5,47.5,7.599660866557477e-08
-5.0,47.5,8.332246706040333e-08
-2.5,47.5,8.674061306898666e-08
0.0,47.5,8.746836048488071e-08
2.5,47.5,9.490829485352392e-08
5.0,47.5,9.99975833947348e-08
7.5,47.5,8.899070439829099e-08
10.0,47.5,6.697018370913855e-08
12.5,47.5,6.389456355164522e-08
15.0,47.5,8.262913316456264e-08
17.5,47.5,1.0287761577438235e-07
20.0,47.5,9.691364636055243e-08
22.5,47.5,8.082653431789267e-08
25.0,47.5,7.401754452399692e-08
27.5,47.5,7.85111753421457e-08
30.0,47.5,9.293550787367834e-08
32.5,47.5,1.1459325047675065e-07
35.0,47.5,1.0853064256310047e-07
37.5,47.5,9.509686701915469e-08
40.0,47.5,8.479038522156708e-08
42.5,47.5,7.742896055912265e-08
45.0,47.5,8.996052854082601e-08
47.5,47.5,1.3430550157543594e-07
50.0,47.5,1.688040519657373e-07
52.5,47.5,1.3637345272985044e-07
55.0,47.5,9.322529711585412e-08
57.5,47.5,7.265545695596758e-08
60.0,47.5,6.685829565828563e-08
62.5,47.5,6.537574876912385e-08
65.0,47.5,6.549995632281194e-08
67.5,47.5,7.104419770200652e-08
70.0,47.5,8.270367887958657e-08
72.5,47.5,9.176468448562569e-08
75.0,47.5,8.943508237428094e-08
77.5,47.5,8.301345060722787e-08
80.0,47.5,8.029981990318156e-08
82.5,47.5,8.093777980225368e-08
85.0,47.5,7.990048105548164e-08
87.5,47.5,7.443273712994016e-08
90.0,47.5,6.8175555624661e-08
92.5,47.5,6.47699404506925e-08
95.0,47.5,6.464737430880349e-08
97.5,47.5,6.66365745639531e-08
100.0,47.5,6.927999910294242e-08
102.5,47.5,7.174569145630764e-08
105.0,47.5,7.444720798154669e-08
107.5,47.5,7.887499692421493e-08
110.0,47.5,8.666932904685192e-08
112.5,47.5,9.846489503775913e-08
115.0,47.5,1.1310831975236906e-07
117.5,47.5,1.2870203860318655e-07
120.0,47.5,1.4567145148546031e-07
122.5,47.5,1.6773209041898656e-07
125.0,47.5,1.9892630253622104e-07
127.5,47.5,2.3957965412581536e-07
130.0,47.5,2.8332543397695995e-07
132.5,47.5,3.195417177722737e-07
135.0,47.5,3.423938171736332e-07
137.5,47.5,3.5455522655083433e-07
140.0,47.5,3.613535003815074e-07
142.5,47.5,3.661545741802048e-07
145.0,47.5,3.703219311351645e-07
147.5,47.5,3.74301971168175e-07
150.0,47.5,3.782342218785019e-07
152.5,47.5,3.821651190835668e-07
155.0,47.5,3.861108616577445e-07
-142.5,50.0,1.12995145248058e-06
-140.0,50.0,1.0929214112871097e-06
-137.5,50.0,1.0591500063638941e-06
-135.0,50.0,1.0282609222456867e-06
-132.5,50.0,9.996872078249127e-07
-130.0,50.0,9.725366468471875e-07
-127.5,50.0,9.453902155369396e-07
-125.0,50.0,9.160582223121471e-07
-122.5,50.0,8.813981664987241e-07
-120.0,50.0,8.374403438004969e-07
-117.5,50.0,7.802077648431089e-07
-115.0,50.0,7.074963105443081e-07
-112.5,50.0,6.21120877698835e-07
-110.0,50.0,5.27914820131214e-07
-107.5,50.0,4.376755417350397e-07
-105.0,50.0,3.5876594381756417e-07
-102.5,50.0,2.9489781402309354e-07
-100.0,50.0,2.4542620764927744e-07
-97.5,50.0,2.077040058664908e-07
-95.0,50.0,1.7899105445591554e-07
-92.5,50.0,1.5721198312064326e-07
-90.0,50.0,1.4107867600169502e-07
-87.5,50.0,1.2981390486037996e-07
-85.0,50.0,1.2243719545259278e-07
-82.5,50.0,1.1804436179346431e-07
-80.0,50.0,1.1375916278702202e-07
-77.5,50.0,8.520557303290477e-08
-75.0,50.0,6.310647730233913e-08
-72.5,50.0,5.344649512746793e-08
-70.0,50.0,3.5099962643594226e-08
-67.5,50.0,2.5317370004129934e-08
-65.0,50.0,2.5996711874450747e-08
-62.5,50.0,3.045096736036672e-08
-60.0,50.0,3.6897248168936436e-08
-57.5,50.0,4.4627987664917495e-08
-55.0,50.0,5.292867480910114e-08
-52.5,50.0,6.110521717010859e-08
-50.0,50.0,6.860699824820821e-08
-47.5,50.0,7.484941993002618e-08
-45.0,50.0,7.905313200821872e-08
-42.5,50.0,7.974887360267097e-08
-40.0,50.0,7.023127095643927e-08
-37.5,50.0,6.683998740485044e-08
-35.0,50.0,6.654139512507964e-08
-32.5,50.0,5.1409797016319823e-08
-30.0,50.0,4.0005395492949164e-08
-27.5,50.0,3.964866051298693e-08
-25.0,50.0,4.715643940698661e-08
-22.5,50.0,5.2908376112235565e-08
-20.0,50.0,5.5527917221689396e-08
-17.5,50.0,6.018919110001283e-08
-15.0,50.0,6.454108675767557e-08
-12.5,50.0,6.732370683641824e-08
-10.0,50.0,7.227151704736538e-08
-7.5,50.0,8.043379669597928e-08
-5.0,50.0,8.840789012941463e-08
-2.5,50.0,9.010080106932843e-08
0.0,50.0,8.379603907523852e-08
2.5,50.0,9.689691803249484e-08
5.0,50.0,1.0856191601149363e-07
7.5,50.0,9.763301001850359e-08
10.0,50.0,7.306324453851273e-08
12.5,50.0,6.528739932562732e-08
15.0,50.0,7.956446116423257e-08
17.5,50.0,1.0484056331803245e-07
20.0,50.0,1.0791925534529928e-07
22.5,50.0,9.153373618775567e-08
25.0,50.0,8.00715888888843e-08
27.5,50.0,7.561732308116196e-08
30.0,50.0,8.14118601134208e-08
32.5,50.0,1.098988730639459e-07
35.0,50.0,1.1864381818544237e-07
37.5,50.0,1.0492445630174918e-07
40.0,50.0,9.118355017378071e-08
42.5,50.0,7.972647297969751e-08
45.0,50.0,8.454594055390611e-08
47.5,50.0,1.1969509044578346e-07
50.0,50.0,1.708967292189063e-07
52.5,50.0,1.5871913399395374e-07
55.0,50.0,1.0930075679733096e-07
57.5,50.0,8.019719589877767e-08
60.0,50.0,6.957668608711062e-08
62.5,50.0,6.65696507491443e-08
65.0,50.0,6.63416030557456e-08
67.5,50.0,7.069811575278721e-08
70.0,50.0,8.123327240883272e-08
72.5,50.0,9.234719766689879e-08
75.0,50.0,9.428096002329371e-08
77.5,50.0,8.963560810623666e-08
80.0,50.0,8.66914336187456e-08
82.5,50.0,8.677587689958524e-08
85.0,50.0,8.549365694984579e-08
87.5,50.0,7.961827204315493e-08
90.0,50.0,7.234778915223724e-08
92.5,50.0,6.773841287955791e-08
95.0,50.0,6.654232678187976e-08
97.5,50.0,6.763309014309521e-08
100.0,50.0,6.959871714086409e-08
102.5,50.0,7.169276989830043e-08
105.0,50.0,7.425188792741567e-08
107.5,50.0,7.848483654408466e-08
110.0,50.0,8.584022755186563e-08
112.5,50.0,9.713618368817846e-08
115.0,50.0,1.1174220806409585e-07
117.5,50.0,1.2796089758021856e-07
120.0,50.0,1.4547942196934913e-07
122.5,50.0,1.6715530908463948e-07
125.0,50.0,1.9721855071491349e-07
127.5,50.0,2.3743876464847713e-07
130.0,50.0,2.8344314870352014e-07
132.5,50.0,3.2485400060151574e-07
135.0,50.0,3.5315288286486827e-07
137.5,50.0,3.68649782338153e-07
140.0,50.0,3.767609472982087e-07
142.5,50.0,3.818484108197523e-07
145.0,50.0,3.8592375268790977e-07
147.5,50.0,3.8969057041830314e-07
150.0,50.0,3.933717763095462e-07
152.5,50.0,3.9704036007747926e-07
155.0,50.0,4.007219855571526e-07
-142.5,52.5,1.0250677837722245e-06
-140.0,52.5,9.97346112743485e-07
-137.5,52.5,9.720862525856221e-07
-135.0,52.5,9.487292485361745e-07
-132.5,52.5,9.264040720477578e-07
-130.0,52.5,9.037342935555768e-07
-127.5,52.5,8.786108472003899e-07
-125.0,52.5,8.480322441727844e-07
-122.5,52.5,8.082439197780492e-07
-120.0,52.5,7.555265618405014e-07
-117.5,52.5,6.878524676277595e-07
-115.0,52.5,6.069293349024835e-07
-112.5,52.5,5.190828113878425e-07
-110.0,52.5,4.3339785266179356e-07
-107.5,52.5,3.57762565930612e-07
-105.0,52.5,2.959052197383734e-07
-102.5,52.5,2.475224827566396e-07
-100.0,52.5,2.1032712104160016e-07
-97.5,52.5,1.8179714406031342e-07
-95.0,52.5,1.5988084502805685e-07
-92.5,52.5,1.430789538151247e-07
-90.0,52.5,1.3036262224256712e-07
-87.5,52.5,1.21083025172023e-07
-85.0,52.5,1.1484903951075861e-07
-82.5,52.5,1.114686763449561e-07
-80.0,52.5,1.1130142586569374e-07
-77.5,52.5,1.1241392138473532e-07
-75.0,52.5,1.068650145029536e-07
-72.5,52.5,8.462268709786499e-08
-70.0,52.5,4.058475759556338e-08
-67.5,52.5,2.4808866783530653e-08
-65.0,52.5,2.2916138907540183e-08
-62.5,52.5,2.517406434507178e-08
-60.0,52.5,2.9514221100064667e-08
-57.5,52.5,3.5485309169517987e-08
-55.0,52.5,4.292203278218939e-08
-52.5,52.5,5.150182257779271e-08
-50.0,52.5,6.048552945336318e-08
-47.5,52.5,6.860998357916993e-08
-45.0,52.5,7.425401966135812e-08
-42.5,52.5,7.285442667054405e-08
-40.0,52.5,5.4815046380099205e-08
-37.5,52.5,5.058663659072524e-08
-35.0,52.5,6.015987259772014e-08
-32.5,52.5,5.142442679415362e-08
-30.0,52.5,4.165302846511542e-08
-27.5,52.5,4.099639444109711e-08
-25.0,52.5,4.743478617012031e-08
-22.5,52.5,5.4006163014500956e-08
-20.0,52.5,5.7747822469660186e-08
-17.5,52.5,6.215061313022663e-08
-15.0,52.5,6.635568340273415e-08
-12.5,52.5,6.980195109786075e-08
-10.0,52.5,7.549313295751447e-08
-7.5,52.5,8.431026268227362e-08
-5.0,52.5,9.307329789336085e-08
-2.5,52.5,9.264132730120405e-08
0.0,52.5,7.920475212210258e-08
2.5,52.5,9.035200036448573e-08
5.0,52.5,1.1360116707988193e-07
7.5,52.5,1.0633237946244936e-07
10.0,52.5,7.99585582376422e-08
12.5,52.5,6.800761451802887e-08
15.0,52.5,7.75972545944396e-08
17.5,52.5,1.0377082525574436e-07
20.0,52.5,1.1709014558416647e-07
22.5,52.5,1.0307911682048585e-07
25.0,52.5,8.658378156158471e-08
27.5,52.5,7.393227542537299e-08
30.0,52.5,7.345704598687745e-08
32.5,52.5,1.0023704370550516e-07
35.0,52.5,1.2481709868781345e-07
37.5,52.5,1.154927341769086e-07
40.0,52.5,9.902076465083391e-08
42.5,52.5,8.39536831027698e-08
45.0,52.5,8.250752838765747e-08
47.5,52.5,1.0758634282440752e-07
50.0,52.5,1.619641826814594e-07
52.5,52.5,1.7798330674495874e-07
55.0,52.5,1.2866225103166114e-07
57.5,52.5,9.014912690656462e-08
60.0,52.5,7.363652243470165e-08
62.5,52.5,6.816687695628523e-08
65.0,52.5,6.72942460932213e-08
67.5,52.5,7.073973493528013e-08
70.0,52.5,8.004516279419779e-08
72.5,52.5,9.201810047087414e-08
75.0,52.5,9.771423191316266e-08
77.5,52.5,9.569472281292983e-08
80.0,52.5,9.321459159534825e-08
82.5,52.5,9.31009226798234e-08
85.0,52.5,9.176230970433415e-08
87.5,52.5,8.556922272393194e-08
90.0,52.5,7.72322970920317e-08
92.5,52.5,7.127587364174456e-08
95.0,52.5,6.889935385781075e-08
97.5,52.5,6.90574239064939e-08
100.0,52.5,7.032460752278652e-08
102.5,52.5,7.195387268103096e-08
105.0,52.5,7.421247904890656e-08
107.5,52.5,7.810823634155599e-08
110.0,52.5,8.490975117740981e-08
112.5,52.5,9.552762583584498e-08
115.0,52.5,1.0978620230141239e-07
117.5,52.5,1.2637141673640413e-07
120.0,52.5,1.4454256813453506e-07
122.5,52.5,1.6622392787254451e-07
125.0,52.5,1.954133914470278e-07
127.5,52.5,2.349338924533996e-07
130.0,52.5,2.8241997281924853e-07
132.5,52.5,3.2856707067425887e-07
135.0,52.5,3.6285861003084025e-07
137.5,52.5,3.826321948571162e-07
140.0,52.5,3.9265480492761476e-07
142.5,52.5,3.982354435164061e-07
145.0,52.5,4.02227571353176e-07
147.5,52.5,4.057175758643165e-07
150.0,52.5,4.09060121450995e-07
152.5,52.5,4.1237029042812113e-07
155.0,52.5,4.156881191496883e-07
-142.5,55.0,9.482715827042675e-07
-140.0,55.0,9.276714335159102e-07
-137.5,55.0,9.085897622700554e-07
-135.0,55.0,8.901774631001e-07
-132.5,55.0,8.710959061541167e-07
-130.0,55.0,8.493047862855312e-07
-127.5,55.0,8.219237955398405e-07
-125.0,55.0,7.853862805687139e-07
-122.5,55.0,7.362033347512245e-07
-120.0,55.0,6.725157251060431e-07
-117.5,55.0,5.959638209118477e-07
-115.0,55.0,5.12465079348066e-07
-112.5,55.0,4.305108012818721e-07
-110.0,55.0,3.575765626934575e-07
-107.5,55.0,2.9738077378568635e-07
-105.0,55.0,2.498902826397728e-07
-102.5,55.0,2.131186983472938e-07
-100.0,55.0,1.8475089830956933e-07
-97.5,55.0,1.6284760675544473e-07
-95.0,55.0,1.4594982798943723e-07
-92.5,55.0,1.3299521571874088e-07
-90.0,55.0,1.23225757914023e-07
-87.5,55.0,1.1612417001803488e-07
-85.0,55.0,1.1137166575720925e-07
-82.5,55.0,1.088237617945827e-07
-80.0,55.0,1.085648829589683e-07
-77.5,55.0,1.1095489981527668e-07
-75.0,55.0,1.1543737551377028e-07
-72.5,55.0,1.0797726502675693e-07
-70.0,55.0,6.305704987252288e-08
-67.5,55.0,3.571748140637563e-08
-65.0,55.0,2.7798747625078563e-08
-62.5,55.0,2.659340442379765e-08
-60.0,55.0,2.819667803059334e-08
-57.5,55.0,3.1516781944799776e-08
-55.0,55.0,3.62288695624859e-08
-52.5,55.0,4.214670634142014e-08
-50.0,55.0,4.887339976645093e-08
-47.5,55.0,5.556369694222302e-08
-45.0,55.0,6.078321529460774e-08
-42.5,55.0,5.8786442148664655e-08
-40.0,55.0,4.4363367602071376e-08
-37.5,55.0,4.0508201229845814e-08
-35.0,55.0,5.011003259812817e-08
-32.5,55.0,4.9629903324904164e-08
-30.0,55.0,4.248780601525259e-08
-27.5,55.0,4.169366634624892e-08
-25.0,55.0,4.6966826535677814e-08
-22.5,55.0,5.353558201660476e-08
-20.0,55.0,5.811312662939763e-08
-17.5,55.0,6.247251421821323e-08
-15.0,55.0,6.674534099027156e-08
-12.5,55.0,7.096901438434529e-08
-10.0,55.0,7.750303014964436e-08
-7.5,55.0,8.710091950754175e-08
-5.0,55.0,9.676208926098004e-08
-2.5,55.0,9.532821667536182e-08
0.0,55.0,7.752949060418888e-08
2.5,55.0,8.203060363988513e-08
5.0,55.0,1.1096655810148356e-07
7.5,55.0,1.1364457718742185e-07
10.0,55.0,8.710887536802761e-08
12.5,55.0,7.156204781616937e-08
15.0,55.0,7.664594740816693e-08
17.5,55.0,9.950013045116182e-08
20.0,55.0,1.1741789633256828e-07
22.5,55.0,1.1313646748370485e-07
25.0,55.0,9.324561786091985e-08
27.5,55.0,7.388589983423421e-08
30.0,55.0,6.90646381456148e-08
32.5,55.0,9.088817224034148e-08
35.0,55.0,1.2519173872556228e-07
37.5,55.0,1.2553682945709335e-07
40.0,55.0,1.078882295504972e-07
42.5,55.0,8.960356887755108e-08
45.0,55.0,8.288112473486446e-08
47.5,55.0,9.904491465182782e-08
50.0,55.0,1.471446451753198e-07
52.5,55.0,1.8817160367775417e-07
55.0,55.0,1.5014266855939155e-07
57.5,55.0,1.0260613209663811e-07
60.0,55.0,7.914862605243791e-08
62.5,55.0,7.034861243072752e-08
65.0,55.0,6.835669746845309e-08
67.5,55.0,7.103782434249116e-08
70.0,55.0,7.920539941728007e-08
72.5,55.0,9.120925667406732e-08
75.0,55.0,9.974190440498647e-08
77.5,55.0,1.0073166834657917e-07
80.0,55.0,9.939726081760335e-08
82.5,55.0,9.953711788300542e-08
85.0,55.0,9.847083885909552e-08
87.5,55.0,9.222076345890887e-08
90.0,55.0,8.288526630984353e-08
92.5,55.0,7.54669220067936e-08
95.0,55.0,7.177480205222218e-08
97.5,55.0,7.092400273660395e-08
100.0,55.0,7.14563266190853e-08
102.5,55.0,7.25604731995817e-08
105.0,55.0,7.441245399002711e-08
107.5,55.0,7.786011899210418e-08
110.0,55.0,8.400725293431725e-08
112.5,55.0,9.378664787608396e-08
115.0,55.0,1.0738247434515096e-07
117.5,55.0,1.239558174339141e-07
120.0,55.0,1.426685520997232e-07
122.5,55.0,1.6462777904832974e-07
125.0,55.0,1.9327143964052016e-07
127.5,55.0,2.3202172947932886e-07
130.0,55.0,2.8033182868998466e-07
132.5,55.0,3.3056527035388785e-07
135.0,55.0,3.711417067695494e-07
137.5,55.0,3.9618653018737667e-07
140.0,55.0,4.089270768248154e-07
142.5,55.0,4.153592195903137e-07
145.0,55.0,4.193522248596693e-07
147.5,55.0,4.2253857735638906e-07
150.0,55.0,4.2547727154905186e-07
152.5,55.0,4.2834989767308154e-07
155.0,55.0,4.3121916053076873e-07
-142.5,57.5,8.925333918835532e-07
-140.0,57.5,8.769311154109974e-07
-137.5,57.5,8.61672311580554e-07
-135.0,57.5,8.454503341184504e-07
-132.5,57.5,8.262834831604471e-07
-130.0,57.5,8.013967970317128e-07
-127.5,57.5,7.673905459350918e-07
-125.0,57.5,7.209844484048814e-07
-122.5,57.5,6.60479764427051e-07
-120.0,57.5,5.874761673681598e-07
-117.5,57.5,5.075549362729564e-07
-115.0,57.5,4.2870198470273894e-07
-112.5,57.5,3.580280426167815e-07
-110.0,57.5,2.9922339134867404e-07
-107.5,57.5,2.5247103291927254e-07
-105.0,57.5,2.1603675798310173e-07
-102.5,57.5,1.8778337767086762e-07
-100.0,57.5,1.6587352050217682e-07
-97.5,57.5,1.489025764490927e-07
-95.0,57.5,1.3583369761818988e-07
-92.5,57.5,1.2590922358729253e-07
-90.0,57.5,1.185821659203195e-07
-87.5,57.5,1.134704867584666e-07
-85.0,57.5,1.1032948109336183e-07
-82.5,57.5,1.090384911189202e-07
-80.0,57.5,1.0960789117570974e-07
-77.5,57.5,1.1221763718272532e-07
-75.0,57.5,1.1707160768605597e-07
-72.5,57.5,1.198601375372227e-07
-70.0,57.5,9.619085246437361e-08
-67.5,57.5,5.995152402177808e-08
-65.0,57.5,4.147811994085836e-08
-62.5,57.5,3.442445554696972e-08
-60.0,57.5,3.2402852479111694e-08
-57.5,57.5,3.2908550800839644e-08
-55.0,57.5,3.4970523589608715e-08
-52.5,57.5,3.811752146689293e-08
-50.0,57.5,4.195411996570097e-08
-47.5,57.5,4.597835358314478e-08
-45.0,57.5,4.9294568614501056e-08
-42.5,57.5,4.762363559334134e-08
-40.0,57.5,3.842976385125738e-08
-37.5,57.5,3.5343408151919944e-08
-35.0,57.5,4.2087140143786864e-08
-32.5,57.5,4.5971061088888456e-08
-30.0,57.5,4.213015956448675e-08
-27.5,57.5,4.141949598121392e-08
-25.0,57.5,4.552861595837995e-08
-22.5,57.5,5.1499834527585335e-08
-20.0,57.5,5.649445483068632e-08
-17.5,57.5,6.099207435037621e-08
-15.0,57.5,6.552053839702655e-08
-12.5,57.5,7.047870892614466e-08
-10.0,57.5,7.737623742765411e-08
-7.5,57.5,8.802096071851448e-08
-5.0,57.5,9.8826802753315e-08
-2.5,57.5,9.778749759746165e-08
0.0,57.5,7.811299282428425e-08
2.5,57.5,7.60572676318549e-08
5.0,57.5,1.0204212986019793e-07
7.5,57.5,1.1713751329264722e-07
10.0,57.5,9.389518141125493e-08
12.5,57.5,7.555391737573665e-08
15.0,57.5,7.63199969612697e-08
17.5,57.5,9.037352773960572e-08
20.0,57.5,9.865603899871299e-08
22.5,57.5,1.1182407287040047e-07
25.0,57.5,9.911870800325655e-08
27.5,57.5,7.511723692112765e-08
30.0,57.5,6.701266568332587e-08
32.5,57.5,8.36841047558653e-08
35.0,57.5,1.2066441685442413e-07
37.5,57.5,1.3339232486671012e-07
40.0,57.5,1.1725087437783155e-07
42.5,57.5,9.631400468107473e-08
45.0,57.5,8.500804779665512e-08
47.5,57.5,9.369329154296122e-08
50.0,57.5,1.319312161936873e-07
52.5,57.5,1.8604303943460925e-07
55.0,57.5,1.7085969888796918e-07
57.5,57.5,1.1743986078642548e-07
60.0,57.5,8.618368661004882e-08
62.5,57.5,7.325838360536665e-08
65.0,57.5,6.959830691555365e-08
67.5,57.5,7.14893819646777e-08
70.0,57.5,7.868585354278809e-08
72.5,57.5,9.0257685773844e-08
75.0,57.5,1.0061855282728771e-07
77.5,57.5,1.0448788510783711e-07
80.0,57.5,1.0478422534821126e-07
82.5,57.5,1.05627988717699e-07
85.0,57.5,1.0525131762329358e-07
87.5,57.5,9.938027877951359e-08
90.0,57.5,8.928902437120006e-08
92.5,57.5,8.037279101502125e-08
95.0,57.5,7.52311064846974e-08
97.5,57.5,7.326683580216793e-08
100.0,57.5,7.300622908391846e-08
102.5,57.5,7.353601388959484e-08
105.0,57.5,7.491118464078056e-08
107.5,57.5,7.783416160819261e-08
110.0,57.5,8.325560423789556e-08
112.5,57.5,9.207686557817934e-08
115.0,57.5,1.0473581091575472e-07
117.5,57.5,1.208692515100593e-07
120.0,57.5,1.3981249646012667e-07
122.5,57.5,1.6212176756468336e-07
125.0,57.5,1.9052545219794185e-07
127.5,57.5,2.2860012803974182e-07
130.0,57.5,2.7727377940386657e-07
132.5,57.5,3.308887818497534e-07
135.0,57.5,3.7779109579329855e-07
137.5,57.5,4.090864959545778e-07
140.0,57.5,4.255707062083194e-07
142.5,57.5,4.3341417287394727e-07
145.0,57.5,4.376044511568059e-07
147.5,57.5,4.405181806304633e-07
150.0,57.5,4.4302338154635323e-07
152.5,57.5,4.454068363850159e-07
155.0,57.5,4.4776612699893636e-07
-142.5,60.0,8.519242062620977e-07
-140.0,60.0,8.391952759271021e-07
-137.5,60.0,8.252411516562577e-07
-135.0,60.0,8.081302110351923e-07
-132.5,60.0,7.851806812748056e-07
-130.0,60.0,7.531431358251308e-07
-127.5,60.0,7.089287748711468e-07
-125.0,60.0,6.509906446376727e-07
-122.5,60.0,5.809053991409985e-07
-120.0,60.0,5.039706886987297e-07
-117.5,60.0,4.277339896036008e-07
-115.0,60.0,3.589788341326684e-07
-112.5,60.0,3.0135455722935264e-07
-110.0,60.0,2.552195356519909e-07
-107.5,60.0,2.1905428378985006e-07
-105.0,60.0,1.9087623999935773e-07
-102.5,60.0,1.6893746176625904e-07
-100.0,60.0,1.5188210109616186e-07
-97.5,60.0,1.3869990515178925e-07
-95.0,60.0,1.2864684241872336e-07
-92.5,60.0,1.2117959875093682e-07
-90.0,60.0,1.1590855935091333e-07
-87.5,60.0,1.1256613256220605e-07
-85.0,60.0,1.1098696599535995e-07
-82.5,60.0,1.1109823212193376e-07
-80.0,60.0,1.1292067474987901e-07
-77.5,60.0,1.1658439893122549e-07
-75.0,60.0,1.223130894562856e-07
-72.5,60.0,1.291785427219086e-07
-70.0,60.0,1.2580900753433748e-07
-67.5,60.0,9.733346842122281e-08
-65.0,60.0,6.767902350106011e-08
-62.5,60.0,5.0934567883875363e-08
-60.0,60.0,4.2916080659325666e-08
-57.5,60.0,3.946035209207659e-08
-55.0,60.0,3.847350365617224e-08
-52.5,60.0,3.890789850053085e-08
-50.0,60.0,4.012188277186429e-08
-47.5,60.0,4.175283183275757e-08
-45.0,60.0,4.321423737673829e-08
-42.5,60.0,4.147793673350298e-08
-40.0,60.0,3.526659399612305e-08
-37.5,60.0,3.271153526013502e-08
-35.0,60.0,3.7102996087596154e-08
-32.5,60.0,4.1908760414170575e-08
-30.0,60.0,4.078928476821321e-08
-27.5,60.0,4.031902046394764e-08
-25.0,60.0,4.33880222591072e-08
-22.5,60.0,4.846405511168345e-08
-20.0,60.0,5.3436068803374465e-08
-17.5,60.0,5.80720964390543e-08
-15.0,60.0,6.287998669564057e-08
-12.5,60.0,6.808652186829835e-08
-10.0,60.0,7.18955913104752e-08
-7.5,60.0,8.354776292023269e-08
-5.0,60.0,9.824735212540425e-08
-2.5,60.0,9.912617874338478e-08
0.0,60.0,7.968985673130314e-08
2.5,60.0,7.25623251370969e-08
5.0,60.0,9.16320239888331e-08
7.5,60.0,1.1478143014108942e-07
10.0,60.0,9.945405626051733e-08
12.5,60.0,7.96144674625406e-08
15.0,60.0,7.621060591988518e-08
17.5,60.0,8.063137796685269e-08
20.0,60.0,7.99695093697063e-08
22.5,60.0,9.70270678072183e-08
25.0,60.0,1.0131669936524466e-07
27.5,60.0,7.708516855868356e-08
30.0,60.0,6.640241465376974e-08
32.5,60.0,7.856083785095703e-08
35.0,60.0,1.1360241048829015e-07
37.5,60.0,1.3760408995875405e-07
40.0,60.0,1.2638070210778402e-07
42.5,60.0,1.037737255844132e-07
45.0,60.0,8.844738069962208e-08
47.5,60.0,9.085424151702818e-08
50.0,60.0,1.1916677667785602e-07
52.5,60.0,1.7407261023182422e-07
55.0,60.0,1.8626308001655984e-07
57.5,60.0,1.3404456460448812e-07
60.0,60.0,9.475313531324544e-08
62.5,60.0,7.699391602116094e-08
65.0,60.0,7.112099383634898e-08
67.5,60.0,7.204460230175287e-08
70.0,60.0,7.840861798881191e-08
72.5,60.0,8.936542658030471e-08
75.0,60.0,1.0070709514214837e-07
77.5,60.0,1.069581415870287e-07
80.0,60.0,1.0905477241964506e-07
82.5,60.0,1.1092286042993819e-07
85.0,60.0,1.1163885830455054e-07
87.5,60.0,1.0671273129688844e-07
90.0,60.0,9.631949585290806e-08
92.5,60.0,8.6004977054523e-08
95.0,60.0,7.93170947982058e-08
97.5,60.0,7.612543682730697e-08
100.0,60.0,7.499609301709707e-08
102.5,60.0,7.490161206343454e-08
105.0,60.0,7.575051312626139e-08
107.5,60.0,7.809979345690063e-08
110.0,60.0,8.275425841895983e-08
112.5,60.0,9.054564499260737e-08
115.0,60.0,1.0206400166905236e-07
117.5,60.0,1.1735412209868402e-07
120.0,60.0,1.3608512539504592e-07
122.5,60.0,1.585798516954703e-07
125.0,60.0,1.8691393210577098e-07
127.5,60.0,2.2448118747645286e-07
130.0,60.0,2.732605783966803e-07
132.5,60.0,3.296152424535832e-07
135.0,60.0,3.826909797798276e-07
137.5,60.0,4.211464562715963e-07
140.0,60.0,4.4261575430074204e-07
142.5,60.0,4.5268431471760677e-07
145.0,60.0,4.57425577779758e-07
147.5,60.0,4.6018028759779e-07
150.0,60.0,4.6227122673654176e-07
152.5,60.0,4.641494805213291e-07
155.0,60.0,4.659678657963497e-07
-142.5,62.5,8.214343364051092e-07
-140.0,62.5,8.092699858968904e-07
-137.5,62.5,7.937605428986156e-07
-135.0,62.5,7.72307688469074e-07
-132.5,62.5,7.417997682319628e-07
-130.0,62.5,6.993246858554992e-07
-127.5,62.5,6.43478954770834e-07
-125.0,62.5,5.758272291791011e-07
-122.5,62.5,5.014223458255422e-07
-120.0,62.5,4.2742509299949384e-07
-117.5,62.5,3.603220007956881e-07
-115.0,62.5,3.037128393812262e-07
-112.5,62.5,2.5810016209177186e-07
-110.0,62.5,2.2215001737085773e-07
-107.5,62.5,1.9401628253770408e-07
-105.0,62.5,1.7203060307884088e-07
-102.5,62.5,1.5488040702228715e-07
-100.0,62.5,1.4157930096464242e-07
-97.5,62.5,1.3139627658353258e-07
-95.0,62.5,1.2379454735089846e-07
-92.5,62.5,1.1838644672677959e-07
-90.0,62.5,1.1490171653388558e-07
-87.5,62.5,1.131663573410448e-07
-85.0,62.5,1.1308924594534969e-07
-82.5,62.5,1.1465566519466251e-07
-80.0,62.5,1.179273598067469e-07
-77.5,62.5,1.230496137069039e-07
-75.0,62.5,1.302526193224921e-07
-72.5,62.5,1.395137590704085e-07
-70.0,62.5,1.4705148700875269e-07
-67.5,62.5,1.3770154901480278e-07
-65.0,62.5,1.0795629937418206e-07
-62.5,62.5,7.984453968317522e-08
-60.0,62.5,6.215825851586154e-08
-57.5,62.5,5.2185890776614194e-08
-55.0,62.5,4.6687736138665087e-08
-52.5,62.5,4.3684293964093516e-08
-50.0,62.5,4.149495889176355e-08
-47.5,62.5,4.053715639791428e-08
-45.0,62.5,4.1235817814896084e-08
-42.5,62.5,3.9119699374504105e-08
-40.0,62.5,3.409366376209602e-08
-37.5,62.5,3.1668780342393276e-08
-35.0,62.5,3.442795815919897e-08
-32.5,62.5,3.8711553907889647e-08
-30.0,62.5,3.912809104558057e-08
-27.5,62.5,3.8895337434399103e-08
-25.0,62.5,4.111360830432074e-08
-22.5,62.5,4.525507373806823e-08
-20.0,62.5,4.9877421378391464e-08
-17.5,62.5,5.4484405601789586e-08
-15.0,62.5,5.9411696431142806e-08
-12.5,62.5,6.443425629421416e-08
-10.0,62.5,6.413751871984149e-08
-7.5,62.5,7.118900357725133e-08
-5.0,62.5,9.201393536699303e-08
-2.5,62.5,9.832948781711116e-08
0.0,62.5,8.119082646615743e-08
2.5,62.5,7.069135726380271e-08
5.0,62.5,8.263199904400834e-08
7.5,62.5,1.0717759498740894e-07
10.0,62.5,1.026000689254108e-07
12.5,62.5,8.33381104858868e-08
15.0,62.5,7.619159788270559e-08
17.5,62.5,7.39205425043164e-08
20.0,62.5,6.940385832147854e-08
22.5,62.5,8.228055289972412e-08
25.0,62.5,9.757433249227048e-08
27.5,62.5,7.906494100963443e-08
30.0,62.5,6.666451238968845e-08
32.5,62.5,7.502870275436677e-08
35.0,62.5,1.0599887147744009e-07
37.5,62.5,1.3762230814285887e-07
40.0,62.5,1.343526192706203e-07
42.5,62.5,1.1164557286593628e-07
45.0,62.5,9.288381643583575e-08
47.5,62.5,8.992834751553579e-08
50.0,62.5,1.0952472939244402e-07
52.5,62.5,1.577730123942773e-07
55.0,62.5,1.9212665582426823e-07
57.5,62.5,1.5099756358073896e-07
60.0,62.5,1.0475703308134259e-07
62.5,62.5,8.160661032492315e-08
65.0,62.5,7.302362286936133e-08
67.5,62.5,7.27074289412013e-08
70.0,62.5,7.828609479171921e-08
72.5,62.5,8.860927372639906e-08
75.0,62.5,1.003467444961513e-07
77.5,62.5,1.0833778544565903e-07
80.0,62.5,1.1209566830162426e-07
82.5,62.5,1.1508386873518211e-07
85.0,62.5,1.1715138865535369e-07
87.5,62.5,1.1375643016568248e-07
90.0,62.5,1.0371857497530483e-07
92.5,62.5,9.229597734080478e-08
95.0,62.5,8.40465948470782e-08
97.5,62.5,7.952884287846512e-08
100.0,62.5,7.744788169008407e-08
102.5,62.5,7.667593099904985e-08
105.0,62.5,7.695963144179318e-08
107.5,62.5,7.870464524399518e-08
110.0,62.5,8.257443042045368e-08
112.5,62.5,8.930629065484568e-08
115.0,62.5,9.955731100958488e-08
117.5,62.5,1.136782231777148e-07
120.0,62.5,1.3171622675990453e-07
122.5,62.5,1.540271900964162e-07
125.0,62.5,1.8223972877140335e-07
127.5,62.5,2.194088793989743e-07
130.0,62.5,2.681610740785585e-07
132.5,62.5,3.267224098572842e-07
135.0,62.5,3.8569651161457075e-07
137.5,62.5,4.32118589512514e-07
140.0,62.5,4.6001656945147333e-07
142.5,62.5,4.7343287777653146e-07
145.0,62.5,4.792931181342888e-07
147.5,62.5,4.821167027179027e-07
150.0,62.5,4.838762586330275e-07
152.5,62.5,4.85277004683993e-07
155.0,62.5,4.865589133832429e-07
-142.5,65.0,7.966115139665154e-07
-140.0,65.0,7.823408447616229e-07
-137.5,65.0,7.620371780190716e-07
-135.0,65.0,7.3271634075238e-07
-132.5,65.0,6.916307715764435e-07
-130.0,65.0,6.375118138663286e-07
-127.5,65.0,5.71918454026053e-07
-125.0,65.0,4.996879991977018e-07
-122.5,65.0,4.276350664964453e-07
-120.0,65.0,3.6197418020918413e-07
-117.5,65.0,3.062499071850164e-07
-115.0,65.0,2.6108464946705596e-07
-112.5,65.0,2.2530699247240906e-07
-110.0,65.0,1.9719301496846063e-07
-107.5,65.0,1.7514616123182627e-07
-105.0,65.0,1.5789293593877495e-07
-102.5,65.0,1.44468263425454e-07
-100.0,65.0,1.3415289436210027e-07
-97.5,65.0,1.2641603919390879e-07
-95.0,65.0,1.2087257826373663e-07
-92.5,65.0,1.1725236304454324e-07
-90.0,65.0,1.1537947784834265e-07
-87.5,65.0,1.1515853350600106e-07
-85.0,65.0,1.1656689914155451e-07
-82.5,65.0,1.1965135374868252e-07
-80.0,65.0,1.2452778846339853e-07
-77.5,65.0,1.3138082343306497e-07
-75.0,65.0,1.404493857464057e-07
-72.5,65.0,1.5187300349142224e-07
-70.0,65.0,1.6438371339219723e-07
-67.5,65.0,1.697553002762567e-07
-65.0,65.0,1.5316040694694919e-07
-62.5,65.0,1.2050694664357425e-07
-60.0,65.0,9.138273706058914e-08
-57.5,65.0,7.182414964392573e-08
-55.0,65.0,5.963523240315745e-08
-52.5,65.0,5.1767909428675644e-08
-50.0,65.0,4.404383349218152e-08
-47.5,65.0,3.947989133692521e-08
-45.0,65.0,4.1122810700673836e-08
-42.5,65.0,3.935935358343357e-08
-40.0,65.0,3.452373491116544e-08
-37.5,65.0,3.1847949781567156e-08
-35.0,65.0,3.3390706869893205e-08
-32.5,65.0,3.6773090167433615e-08
-30.0,65.0,3.777013345067701e-08
-27.5,65.0,3.765990335365022e-08
-25.0,65.0,3.921064914148236e-08
-22.5,65.0,4.2521645332855173e-08
-20.0,65.0,4.663906475000361e-08
-17.5,65.0,5.1024917009821855e-08
-15.0,65.0,5.584793605863559e-08
-12.5,65.0,6.069255711779773e-08
-10.0,65.0,5.910033149206195e-08
-7.5,65.0,6.004390582010536e-08
-5.0,65.0,7.889855095645877e-08
-2.5,65.0,9.395000483977265e-08
0.0,65.0,8.17880314676328e-08
2.5,65.0,6.965057758643383e-08
5.0,65.0,7.568017862890712e-08
7.5,65.0,9.705700903167075e-08
10.0,65.0,1.0225032138212596e-07
12.5,65.0,8.623026822808287e-08
15.0,65.0,7.625793137616322e-08
17.5,65.0,6.990246002275839e-08
20.0,65.0,6.386400547972825e-08
22.5,65.0,7.229850498051689e-08
25.0,65.0,9.002230134161936e-08
27.5,65.0,8.016523264877598e-08
30.0,65.0,6.739403779697823e-08
32.5,65.0,7.262696927356291e-08
35.0,65.0,9.892124383241481e-08
37.5,65.0,1.3395007340257076e-07
40.0,65.0,1.401564941834916e-07
42.5,65.0,1.194897794423534e-07
45.0,65.0,9.805284643809384e-08
47.5,65.0,9.045181996095969e-08
50.0,65.0,1.0270936374430123e-07
52.5,65.0,1.4161645808917606e-07
55.0,65.0,1.8744832554497998e-07
57.5,65.0,1.658525439948271e-07
60.0,65.0,1.1588857202014551e-07
62.5,65.0,8.709623494516742e-08
65.0,65.0,7.538069694061758e-08
67.5,65.0,7.351774546716469e-08
70.0,65.0,7.825112569614645e-08
72.5,65.0,8.797637906369007e-08
75.0,65.0,9.97773056026527e-08
77.5,65.0,1.0891278558856324e-07
80.0,65.0,1.139924921943608e-07
82.5,65.0,1.1796235036363382e-07
85.0,65.0,1.2139773715414103e-07
87.5,65.0,1.199843351744609e-07
90.0,65.0,1.1108601497124223e-07
92.5,65.0,9.907057670836887e-08
95.0,65.0,8.937566416943481e-08
97.5,65.0,8.34785918724781e-08
100.0,65.0,8.03721295468264e-08
102.5,65.0,7.887082010702677e-08
105.0,65.0,7.855708097149248e-08
107.5,65.0,7.967896815166735e-08
110.0,65.0,8.276169591520266e-08
112.5,65.0,8.843471083821702e-08
115.0,65.0,9.735838055786476e-08
117.5,65.0,1.1008318089647268e-07
120.0,65.0,1.2699309952983242e-07
122.5,65.0,1.4863341328142659e-07
125.0,65.0,1.7643188593245324e-07
127.5,65.0,2.1312764849400885e-07
130.0,65.0,2.617036206405025e-07
132.5,65.0,3.2199469156154744e-07
135.0,65.0,3.8649390999749793e-07
137.5,65.0,4.415540497213144e-07
140.0,65.0,4.774994104636941e-07
142.5,65.0,4.957538408467263e-07
145.0,65.0,5.035893635479133e-07
147.5,65.0,5.068690781955092e-07
150.0,65.0,5.084645537789364e-07
152.5,65.0,5.094684993501604e-07
155.0,65.0,5.102593132867966e-07
-142.5,67.5,7.732277338446611e-07
-140.0,67.5,7.537996134646507e-07
-137.5,67.5,7.253991394918336e-07
-135.0,67.5,6.854326932267601e-07
-132.5,67.5,6.327578740514563e-07
-130.0,67.5,5.689312939703759e-07
-127.5,67.5,4.985966488743582e-07
-125.0,67.5,4.2825515859496993e-07
-122.5,67.5,3.63870269617063e-07
-120.0,67.5,3.0892757880269914e-07
-117.5,67.5,2.6415041212854085e-07
-115.0,67.5,2.2851157275247115e-07
-112.5,67.5,2.003979438970205e-07
-110.0,67.5,1.782787060098418e-07
-107.5,67.5,1.609160864827459e-07
-105.0,67.5,1.4736437413600477e-07
-102.5,67.5,1.3691485926484044e-07
-100.0,67.5,1.2904230923643025e-07
-97.5,67.5,1.2336379555911294e-07
-95.0,67.5,1.1960948342475298e-07
-92.5,67.5,1.176023651301827e-07
-90.0,67.5,1.1724495371968721e-07
-87.5,67.5,1.1851187357823601e-07
-85.0,67.5,1.2144602927189857e-07
-82.5,67.5,1.2615773764633083e-07
-80.0,67.5,1.3282197914991075e-07
-77.5,67.5,1.4166308121246285e-07
-75.0,67.5,1.528909428302031e-07
-72.5,67.5,1.6646556252513033e-07
-70.0,67.5,1.811983247794002e-07
-67.5,67.5,1.9177479765919268e-07
-65.0,67.5,1.858613819216785e-07
-62.5,67.5,1.578890595731488e-07
-60.0,67.5,1.2280331649813327e-07
-57.5,67.5,9.450529225734004e-08
-55.0,67.5,7.519927490947563e-08
-52.5,67.5,6.162424702431916e-08
-50.0,67.5,4.755648494523507e-08
-47.5,67.5,3.92821378077607e-08
-45.0,67.5,4.110099573525642e-08
-42.5,67.5,4.122648354062924e-08
-40.0,67.5,3.633353781677855e-08
-37.5,67.5,3.307960959100086e-08
-35.0,67.5,3.35716585682001e-08
-32.5,67.5,3.6011200865624726e-08
-30.0,67.5,3.703624704680909e-08
-27.5,67.5,3.691907045193239e-08
-25.0,67.5,3.794773241891357e-08
-22.5,67.5,4.057479593112661e-08
-20.0,67.5,4.41656462233034e-08
-17.5,67.5,4.822089057544933e-08
-15.0,67.5,5.2775537345412674e-08
-12.5,67.5,5.7459232744365076e-08
-10.0,67.5,5.643585073311294e-08
-7.5,67.5,5.3781303666896936e-08
-5.0,67.5,6.563965756070508e-08
-2.5,67.5,8.492150505879812e-08
0.0,67.5,8.08434729960882e-08
2.5,67.5,6.888072451301624e-08
5.0,67.5,7.050375009385378e-08
7.5,67.5,8.699971701549855e-08
10.0,67.5,9.826138520076722e-08
12.5,67.5,8.773760509810468e-08
15.0,67.5,7.631140870844102e-08
17.5,67.5,6.754251870121732e-08
20.0,67.5,6.083649814249713e-08
22.5,67.5,6.598339324753799e-08
25.0,67.5,8.194261088879535e-08
27.5,67.5,7.974631845264233e-08
30.0,67.5,6.823406330170471e-08
32.5,67.5,7.09915480814084e-08
35.0,67.5,9.27469625425525e-08
37.5,67.5,1.2770503185298992e-07
40.0,67.5,1.4293098929705187e-07
42.5,67.5,1.2670018289923303e-07
45.0,67.5,1.0367394400551716e-07
47.5,67.5,9.206340047561458e-08
50.0,67.5,9.816958990899573e-08
52.5,67.5,1.2775125663640713e-07
55.0,67.5,1.7500922501459146e-07
57.5,67.5,1.7556114391065506e-07
60.0,67.5,1.2749186969019325e-07
62.5,67.5,9.339335678433917e-08
65.0,67.5,7.823255882384343e-08
67.5,67.5,7.452878504279582e-08
70.0,67.5,7.82715301616148e-08
72.5,67.5,8.740804715399363e-08
75.0,67.5,9.912133620470636e-08
77.5,67.5,1.0895771689504431e-07
80.0,67.5,1.1495855386409004e-07
82.5,67.5,1.1960789101849578e-07
85.0,67.5,1.2417048451564572e-07
87.5,67.5,1.2490859795461496e-07
90.0,67.5,1.1790959465150129e-07
92.5,67.5,1.0602670102635893e-07
95.0,67.5,9.518009709471158e-08
97.5,67.5,8.793204635274375e-08
100.0,67.5,8.375589886310278e-08
102.5,67.5,8.148462515548858e-08
105.0,67.5,8.054996161592163e-08
107.5,67.5,8.103905485469766e-08
110.0,67.5,8.334181650512431e-08
112.5,67.5,8.797526755848888e-08
115.0,67.5,9.556080221744117e-08
117.5,67.5,1.0675720956950072e-07
120.0,67.5,1.2220090839743657e-07
122.5,67.5,1.4267007110435635e-07
125.0,67.5,1.6958135818523154e-07
127.5,67.5,2.0548147772076794e-07
130.0,67.5,2.535655511155813e-07
132.5,67.5,3.150275135637923e-07
135.0,67.5,3.8451136822329915e-07
137.5,67.5,4.486668188656523e-07
140.0,67.5,4.943919836489655e-07
142.5,67.5,5.193959384657096e-07
145.0,67.5,5.304491619747415e-07
147.5,67.5,5.347981256324634e-07
150.0,67.5,5.365131269322858e-07
152.5,67.5,5.372682427637582e-07
155.0,67.5,5.376615608142261e-07
-142.5,70.0,7.471550800458363e-07
-140.0,70.0,7.194678048568893e-07
-137.5,70.0,6.804117943820008e-07
-135.0,70.0,6.289622617502921e-07
-132.5,70.0,5.666744813710082e-07
-130.0,70.0,4.980157603334333e-07
-127.5,70.0,4.2920042063556645e-07
-125.0,70.0,3.659588769059887e-07
-122.5,70.0,3.117154868371438e-07
-120.0,70.0,2.6727936844948024e-07
-117.5,70.0,2.3175281171173974e-07
-115.0,70.0,2.036242550021002e-07
-112.5,70.0,1.8142388540672413e-07
-110.0,70.0,1.6394694203744905e-07
-107.5,70.0,1.5026559686237144e-07
-105.0,70.0,1.39680841364788e-07
-102.5,70.0,1.316723194641922e-07
-100.0,70.0,1.258592797856624e-07
-97.5,70.0,1.21972027168069e-07
-95.0,70.0,1.198324688288867e-07
-92.5,70.0,1.1934143175360663e-07
-90.0,70.0,1.2047128054496266e-07
-87.5,70.0,1.232627630841264e-07
-85.0,70.0,1.2782449992270362e-07
-82.5,70.0,1.3433155080956955e-07
-80.0,70.0,1.4301278994671677e-07
-77.5,70.0,1.5409676167474405e-07
-75.0,70.0,1.6762839792279156e-07
-72.5,70.0,1.8294699638212892e-07
-70.0,70.0,1.9750742027943862e-07
-67.5,70.0,2.0529080276151926e-07
-65.0,70.0,1.9783341616889606e-07
-62.5,70.0,1.7268187695097454e-07
-60.0,70.0,1.395563632554783e-07
-57.5,70.0,1.0940228515215783e-07
-55.0,70.0,8.714891454161013e-08
-52.5,70.0,7.050525185971403e-08
-50.0,70.0,5.181966303406096e-08
-47.5,70.0,4.05017780505538e-08
-45.0,70.0,4.11597359390008e-08
-42.5,70.0,4.3622231022617655e-08
-40.0,70.0,3.9302480403111176e-08
-37.5,70.0,3.5249103546230256e-08
-35.0,70.0,3.470164948854979e-08
-32.5,70.0,3.6212949069383164e-08
-30.0,70.0,3.6988560062280175e-08
-27.5,70.0,3.677433038980681e-08
-25.0,70.0,3.7392731137743915e-08
-22.5,70.0,3.946388939758199e-08
-20.0,70.0,4.248923200898309e-08
-17.5,70.0,4.623489794042213e-08
-15.0,70.0,5.051236240938046e-08
-12.5,70.0,5.49849903958569e-08
-10.0,70.0,5.505645862040537e-08
-7.5,70.0,5.0996889184931186e-08
-5.0,70.0,5.6655161219208946e-08
-2.5,70.0,7.360516630384043e-08
0.0,70.0,7.785597534495664e-08
2.5,70.0,6.80488852784036e-08
5.0,70.0,6.668906958642544e-08
7.5,70.0,7.83751798856662e-08
10.0,70.0,9.173208309340516e-08
12.5,70.0,8.743994393079263e-08
15.0,70.0,7.61738786544471e-08
17.5,70.0,6.610735763941019e-08
20.0,70.0,5.905825942211254e-08
22.5,70.0,6.18729399138638e-08
25.0,70.0,7.491714607189963e-08
27.5,70.0,7.778593456112955e-08
30.0,70.0,6.884327881431903e-08
32.5,70.0,6.983434003250892e-08
35.0,70.0,8.749715345298736e-08
37.5,70.0,1.200770878538485e-07
40.0,70.0,1.422349873395276e-07
42.5,70.0,1.3249894750524144e-07
45.0,70.0,1.0938855025484332e-07
47.5,70.0,9.445516729928393e-08
50.0,70.0,9.537234366303516e-08
52.5,70.0,1.166848768501647e-07
55.0,70.0,1.5907214327095552e-07
57.5,70.0,1.7778501039731161e-07
60.0,70.0,1.3842009372978197e-07
62.5,70.0,1.0032414957269233e-07
65.0,70.0,8.158058910162844e-08
67.5,70.0,7.578863697625319e-08
70.0,70.0,7.834977177884861e-08
72.5,70.0,8.683998890474102e-08
75.0,70.0,9.840427556377272e-08
77.5,70.0,1.0867480521346152e-07
80.0,70.0,1.152481444337739e-07
82.5,70.0,1.2021633291768937e-07
85.0,70.0,1.2548091402549854e-07
87.5,70.0,1.2819710706246464e-07
90.0,70.0,1.2364502148698462e-07
92.5,70.0,1.1274127130775876e-07
95.0,70.0,1.0123859176295492e-07
97.5,70.0,9.278716262370011e-08
100.0,70.0,8.755108962727825e-08
102.5,70.0,8.4494513124192e-08
105.0,70.0,8.29309459612171e-08
107.5,70.0,8.278896427712434e-08
110.0,70.0,8.432627994935765e-08
112.5,70.0,8.79497250624067e-08
115.0,70.0,9.421813945451483e-08
117.5,70.0,1.0383056950506575e-07
120.0,70.0,1.1758340474024554e-07
122.5,70.0,1.3645251996649163e-07
125.0,70.0,1.6193255266879092e-07
127.5,70.0,1.9650086156236137e-07
130.0,70.0,2.4352251202068995e-07
132.5,70.0,3.0535441657309995e-07
135.0,70.0,3.7895178466206525e-07
137.5,70.0,4.522642076282203e-07
140.0,70.0,5.09466038568194e-07
142.5,70.0,5.435718929370141e-07
145.0,70.0,5.595919455966605e-07
147.5,70.0,5.65947053344244e-07
150.0,70.0,5.682319680114684e-07
152.5,70.0,5.689756622532094e-07
155.0,70.0,5.691242064908046e-07
-142.5,72.5,7.146282345353702e-07
-140.0,72.5,6.76321723956903e-07
-137.5,72.5,6.259278080013671e-07
-135.0,72.5,5.649998120552835e-07
-132.5,72.5,4.97842060508676e-07
-130.0,72.5,4.304043258711686e-07
-127.5,72.5,3.681994264358872e-07
-125.0,72.5,3.1458937071272524e-07
-122.5,72.5,2.7045705056294725e-07
-120.0,72.5,2.350218319975552e-07
-117.5,72.5,2.0686642131487607e-07
-115.0,72.5,1.8457809730917045e-07
-112.5,72.5,1.6698317018718008e-07
-110.0,72.5,1.5317039068108654e-07
-107.5,72.5,1.4244971080821773e-07
-105.0,72.5,1.3430540317551213e-07
-102.5,72.5,1.283585354450304e-07
-100.0,72.5,1.2433955262569845e-07
-97.5,72.5,1.2206936994219937e-07
-95.0,72.5,1.2144707008148873e-07
-92.5,72.5,1.2244282830245743e-07
-90.0,72.5,1.250951964344372e-07
-87.5,72.5,1.2951130986736445e-07
-85.0,72.5,1.3586668522018556e-07
-82.5,72.5,1.443968685779926e-07
-80.0,72.5,1.5535413531150078e-07
-77.5,72.5,1.6885525438718184e-07
-75.0,72.5,1.8443862494591193e-07
-72.5,72.5,2.000635292583416e-07
-70.0,72.5,2.1083805757411623e-07
-67.5,72.5,2.0985154302154174e-07
-65.0,72.5,1.9363415856011532e-07
-62.5,72.5,1.6674650462180144e-07
-60.0,72.5,1.373429563783227e-07
-57.5,72.5,1.0350923814050819e-07
-55.0,72.5,7.876602159551878e-08
-52.5,72.5,7.279979119096204e-08
-50.0,72.5,5.6039484509355565e-08
-47.5,72.5,4.278740893006142e-08
-45.0,72.5,4.1709689772350394e-08
-42.5,72.5,4.5631766871756204e-08
-40.0,72.5,4.300368034703321e-08
-37.5,72.5,3.82051414248423e-08
-35.0,72.5,3.656066492704448e-08
-32.5,72.5,3.714482816637913e-08
-30.0,72.5,3.75430768475623e-08
-27.5,72.5,3.719464873206512e-08
-25.0,72.5,3.749928676772702e-08
-22.5,72.5,3.9101061990301354e-08
-20.0,72.5,4.124682400456285e-08
-17.5,72.5,4.464652824564138e-08
-15.0,72.5,4.908670937555385e-08
-12.5,72.5,5.3387284821218405e-08
-10.0,72.5,5.444586937708808e-08
-7.5,72.5,5.026266823626901e-08
-5.0,72.5,5.1671815684596e-08
-2.5,72.5,6.378606828961047e-08
0.0,72.5,7.290362018432025e-08
2.5,72.5,6.696932629349349e-08
5.0,72.5,6.3917713078591e-08
7.5,72.5,7.158419022617825e-08
10.0,72.5,8.432673277065729e-08
12.5,72.5,8.532663990770664e-08
15.0,72.5,7.568315645958729e-08
17.5,72.5,6.516593770702855e-08
20.0,72.5,5.7924454912511045e-08
22.5,72.5,5.904668410226605e-08
25.0,72.5,6.923446417206311e-08
27.5,72.5,7.474326634733671e-08
30.0,72.5,6.894510305686469e-08
32.5,72.5,6.89201515795002e-08
35.0,72.5,8.305374496553312e-08
37.5,72.5,1.1201972140034628e-07
40.0,72.5,1.382155427556804e-07
42.5,72.5,1.360487165375875e-07
45.0,72.5,1.14715019967866e-07
47.5,72.5,9.732692309627388e-08
50.0,72.5,9.386818098191521e-08
52.5,72.5,1.081775519806317e-07
55.0,72.5,1.430410320243028e-07
57.5,72.5,1.722838883923034e-07
60.0,72.5,1.4704752509108482e-07
62.5,72.5,1.0755670125683623e-07
65.0,72.5,8.538071570717247e-08
67.5,72.5,7.732887472124322e-08
70.0,72.5,7.851242672644479e-08
72.5,72.5,8.623042217913016e-08
75.0,72.5,9.759268891702153e-08
77.5,72.5,1.0817467490972357e-07
80.0,72.5,1.1508991444613704e-07
82.5,72.5,1.2005254431708163e-07
85.0,72.5,1.2552516252289127e-07
87.5,72.5,1.2975184075693647e-07
90.0,72.5,1.2783332111750716e-07
92.5,72.5,1.1871569619152935e-07
95.0,72.5,1.0723048402078855e-07
97.5,72.5,9.78717243642621e-08
100.0,72.5,9.166470482103623e-08
102.5,72.5,8.78489427918032e-08
105.0,72.5,8.567417822600869e-08
107.5,72.5,8.492009783439354e-08
110.0,72.5,8.571616942763883e-08
112.5,72.5,8.836573523770833e-08
115.0,72.5,9.335657146621089e-08
117.5,72.5,1.0138440188689141e-07
120.0,72.5,1.133268909527208e-07
122.5,72.5,1.3028630779832877e-07
125.0,72.5,1.5383432662477965e-07
127.5,72.5,1.8643400380227752e-07
130.0,72.5,2.3159523070057575e-07
132.5,72.5,2.92667160885917e-07
135.0,72.5,3.689905505046108e-07
137.5,72.5,4.508288637510367e-07
140.0,72.5,5.208557030808675e-07
142.5,72.5,5.667743260321409e-07
145.0,72.5,5.901414544334927e-07
147.5,72.5,5.999020879331418e-07
150.0,72.5,6.034530054500617e-07
152.5,72.5,6.045468764419555e-07
155.0,72.5,6.04677367619251e-07
-142.5,75.0,6.729714549853913e-07
-140.0,75.0,6.235013068202819e-07
-137.5,75.0,5.637916609401951e-07
-135.0,75.0,4.979946767931428e-07
-132.5,75.0,4.318144117383255e-07
-130.0,75.0,3.705596850281272e-07
-127.5,75.0,3.175299565787294e-07
-125.0,75.0,2.7367171400277235e-07
-122.5,75.0,2.383114806167911e-07
-120.0,75.0,2.1011993307666625e-07
-117.5,75.0,1.8773848803223337e-07
-115.0,75.0,1.7002285282747814e-07
-112.5,75.0,1.5607746491392874e-07
-110.0,75.0,1.4522064554185059e-07
-107.5,75.0,1.3694094073508746e-07
-105.0,75.0,1.3086113206156339e-07
-102.5,75.0,1.2671177633651617e-07
-100.0,75.0,1.243127997645945e-07
-97.5,75.0,1.2356154868371328e-07
-95.0,75.0,1.2442600925039214e-07
-92.5,75.0,1.2694242926636173e-07
-90.0,75.0,1.3121594494586272e-07
-87.5,75.0,1.3742181700048275e-07
-85.0,75.0,1.4580039983346606e-07
-82.5,75.0,1.566238409368222e-07
-80.0,75.0,1.7007205866299213e-07
-77.5,75.0,1.85858476571191e-07
-75.0,75.0,2.0233727274413602e-07
-72.5,75.0,2.1518191142139018e-07
-70.0,75.0,2.1757796396106104e-07
-67.5,75.0,2.0499454730007115e-07
-65.0,75.0,1.806774029515858e-07
-62.5,75.0,1.5288473352781762e-07
-60.0,75.0,1.2666818742557158e-07
-57.5,75.0,8.968063245533776e-08
-55.0,75.0,6.093684077442548e-08
-52.5,75.0,6.104561755787063e-08
-50.0,75.0,5.792662046083088e-08
-47.5,75.0,4.5685457578589775e-08
-45.0,75.0,4.285927311101319e-08
-42.5,75.0,4.6966540521729334e-08
-40.0,75.0,4.669566433555774e-08
-37.5,75.0,4.166939985595741e-08
-35.0,75.0,3.8910242797246687e-08
-32.5,75.0,3.8564439825330406e-08
-30.0,75.0,3.8541246818822826e-08
-27.5,75.0,3.8072229425368e-08
-25.0,75.0,3.816420945984597e-08
-22.5,75.0,3.9389406930445264e-08
-20.0,75.0,4.052058461536995e-08
-17.5,75.0,4.293371185788103e-08
-15.0,75.0,4.811460340053862e-08
-12.5,75.0,5.266180955429243e-08
-10.0,75.0,5.447775690961029e-08
-7.5,75.0,5.079624197710146e-08
-5.0,75.0,4.947172160825679e-08
-2.5,75.0,5.69998227941417e-08
0.0,75.0,6.707777271171641e-08
2.5,75.0,6.552477647968848e-08
5.0,75.0,6.197746231989166e-08
7.5,75.0,6.655578438778115e-08
10.0,75.0,7.740700649446801e-08
12.5,75.0,8.188907673050098e-08
15.0,75.0,7.477727744657992e-08
17.5,75.0,6.449229812365616e-08
20.0,75.0,5.715557888318546e-08
22.5,75.0,5.700348152285955e-08
25.0,75.0,6.473384128906531e-08
27.5,75.0,7.119707320200521e-08
30.0,75.0,6.840303056577334e-08
32.5,75.0,6.806224937451557e-08
35.0,75.0,7.926926307286173e-08
37.5,75.0,1.0418113140168364e-07
40.0,75.0,1.3157132154654794e-07
42.5,75.0,1.3669798301127e-07
45.0,75.0,1.190536300206444e-07
47.5,75.0,1.0035150714309733e-07
50.0,75.0,9.328414567136001e-08
52.5,75.0,1.0176695315845779e-07
55.0,75.0,1.2874076197019806e-07
57.5,75.0,1.6103403713284485e-07
60.0,75.0,1.516472916101529e-07
62.5,75.0,1.1454193570481527e-07
65.0,75.0,8.953089997304924e-08
67.5,75.0,7.915774758874843e-08
70.0,75.0,7.879619280894322e-08
72.5,75.0,8.55718392477968e-08
75.0,75.0,9.66352001389924e-08
77.5,75.0,1.0748597320636905e-07
80.0,75.0,1.1464944107550103e-07
82.5,75.0,1.1938208402310536e-07
85.0,75.0,1.2460773437304672e-07
87.5,75.0,1.2971357094011509e-07
90.0,75.0,1.3021419034752087e-07
92.5,75.0,1.2346371732739272e-07
95.0,75.0,1.1275854409047206e-07
97.5,75.0,1.029416816798551e-07
100.0,75.0,9.595292412293234e-08
102.5,75.0,9.146157641450771e-08
105.0,75.0,8.873032768683143e-08
107.5,75.0,8.740919069555913e-08
110.0,75.0,8.750366974352874e-08
112.5,75.0,8.922263067953724e-08
115.0,75.0,9.298590030837137e-08
117.5,75.0,9.946419391872393e-08
120.0,75.0,1.09561060348619e-07
122.5,75.0,1.2443144258216244e-07
125.0,75.0,1.4567103544572084e-07
127.5,75.0,1.7570669062422984e-07
130.0,75.0,2.1811984533956168e-07
132.5,75.0,2.7703816428961127e-07
135.0,75.0,3.5410899211419024e-07
137.5,75.0,4.4282386115546297e-07
140.0,75.0,5.261525328486782e-07
142.5,75.0,5.866506929838838e-07
145.0,75.0,6.204423039810341e-07
147.5,75.0,6.356481809887249e-07
150.0,75.0,6.415279329003731e-07
152.5,75.0,6.435132341912467e-07
155.0,75.0,6.439474474968863e-07
-142.5,77.5,6.215632665571165e-07
-140.0,77.5,5.629595967144429e-07
-137.5,77.5,4.984099369429227e-07
-135.0,77.5,4.3338907593243555e-07
-132.5,77.5,3.7301401456609703e-07
-130.0,77.5,3.205215663088316e-07
-127.5,77.5,2.7691388623588716e-07
-125.0,77.5,2.416158949342583e-07
-122.5,77.5,2.13381155573796e-07
-120.0,77.5,1.9090270417163898e-07
-117.5,77.5,1.7306446728858163e-07
-115.0,77.5,1.5898580554249816e-07
-112.5,77.5,1.4799296549627557e-07
-110.0,77.5,1.3957847814802483e-07
-107.5,77.5,1.3336677736400822e-07
-105.0,77.5,1.2908849315003543e-07
-102.5,77.5,1.265625851217351e-07
-100.0,77.5,1.2568466331275707e-07
-97.5,77.5,1.2642058035584453e-07
-95.0,77.5,1.2880408519713618e-07
-92.5,77.5,1.3293801396350156e-07
-90.0,77.5,1.3899646941172825e-07
-87.5,77.5,1.4722258548964383e-07
-85.0,77.5,1.5790372454463786e-07
-82.5,77.5,1.7127115938871948e-07
-80.0,77.5,1.8718677707254727e-07
-77.5,77.5,2.0435838191300447e-07
-75.0,77.5,2.190218818463464e-07
-72.5,77.5,2.24551088568692e-07
-70.0,77.5,2.1525844191570193e-07
-67.5,77.5,1.9262795312934072e-07
-65.0,77.5,1.6464311619404762e-07
-62.5,77.5,1.3863066109839773e-07
-60.0,77.5,1.1630438883369105e-07
-57.5,77.5,8.428399163554435e-08
-55.0,77.5,5.47025186928537e-08
-52.5,77.5,4.990360018191322e-08
-50.0,77.5,5.4203337673393487e-08
-47.5,77.5,4.8322556260709614e-08
-45.0,77.5,4.452688932194234e-08
-42.5,77.5,4.7829838019565925e-08
-40.0,77.5,4.95801841491324e-08
-37.5,77.5,4.517987114943522e-08
-35.0,77.5,4.146657627154936e-08
-32.5,77.5,4.022342369663828e-08
-30.0,77.5,3.978978545365023e-08
-27.5,77.5,3.925447071922622e-08
-25.0,77.5,3.925156217249194e-08
-22.5,77.5,4.023894984901603e-08
-20.0,77.5,4.06611931144808e-08
-17.5,77.5,4.164097261757166e-08
-15.0,77.5,4.702990198199386e-08
-12.5,77.5,5.260521354723262e-08
-10.0,77.5,5.516050605262693e-08
-7.5,77.5,5.223564722493895e-08
-5.0,77.5,4.9181859237039836e-08
-2.5,77.5,5.303229555045284e-08
0.0,77.5,6.176829696078925e-08
2.5,77.5,6.370677415043775e-08
5.0,77.5,6.070686570966656e-08
7.5,77.5,6.306273529926191e-08
10.0,77.5,7.169946784679885e-08
12.5,77.5,7.789731459517576e-08
15.0,77.5,7.353025700472874e-08
17.5,77.5,6.399681548453868e-08
20.0,77.5,5.6642227806726065e-08
22.5,77.5,5.549236575845323e-08
25.0,77.5,6.119501385022939e-08
27.5,77.5,6.761778872893197e-08
30.0,77.5,6.725260478604368e-08
32.5,77.5,6.713465516527225e-08
35.0,77.5,7.60154513794766e-08
37.5,77.5,9.695295426650702e-08
40.0,77.5,1.2332779326276052e-07
42.5,77.5,1.342649381355079e-07
45.0,77.5,1.217820295594573e-07
47.5,77.5,1.0316203770462488e-07
50.0,77.5,9.330107910915304e-08
52.5,77.5,9.698892152119502e-08
55.0,77.5,1.1678261855899751e-07
57.5,77.5,1.4698402203334463e-07
60.0,77.5,1.511290259070247e-07
62.5,77.5,1.2049533887407972e-07
65.0,77.5,9.385198682394963e-08
67.5,77.5,8.125478706460922e-08
70.0,77.5,7.923474396950775e-08
72.5,77.5,8.488778192403704e-08
75.0,77.5,9.549522000057038e-08
77.5,77.5,1.0658121409934916e-07
80.0,77.5,1.1401636865341071e-07
82.5,77.5,1.1842547467988882e-07
85.0,77.5,1.2305976619759626e-07
87.5,77.5,1.2839710326022918e-07
90.0,77.5,1.307840297888481e-07
92.5,77.5,1.266203271345467e-07
95.0,77.5,1.1740317383343614e-07
97.5,77.5,1.0769455325492548e-07
100.0,77.5,1.002213405093815e-07
102.5,77.5,9.520761539433739e-08
105.0,77.5,9.202219476178169e-08
107.5,77.5,9.021472475066974e-08
110.0,77.5,8.967112600890869e-08
112.5,77.5,9.051438739035049e-08
115.0,77.5,9.310737545406863e-08
117.5,77.5,9.809231314409114e-08
120.0,77.5,1.0636808970857082e-07
122.5,77.5,1.1908553942111872e-07
125.0,77.5,1.3779858068667583e-07
127.5,77.5,1.648295201454145e-07
130.0,77.5,2.0370221934385322e-07
132.5,77.5,2.590257902423662e-07
135.0,77.5,3.3443291939235525e-07
137.5,77.5,4.272083592569834e-07
140.0,77.5,5.227971817312815e-07
142.5,77.5,6.000459157234953e-07
145.0,77.5,6.47907485489822e-07
147.5,77.5,6.714217037951046e-07
150.0,77.5,6.812360949601676e-07
152.5,77.5,6.849240950887252e-07
155.0,77.5,6.861121031431478e-07
-142.5,80.0,5.624323795440886e-07
-140.0,80.0,4.990375741157981e-07
-137.5,80.0,4.3509529916924403e-07
-135.0,80.0,3.755416374312776e-07
-132.5,80.0,3.235516565435126e-07
-130.0,80.0,2.8017584234970466e-07
-127.5,80.0,2.449303169839735e-07
-125.0,80.0,2.1664709263235423e-07
-122.5,80.0,1.9406887158626446e-07
-120.0,80.0,1.7610680742480607e-07
-117.5,80.0,1.6189462225722687e-07
-115.0,80.0,1.5076612754665074e-07
-112.5,80.0,1.422176952220294e-07
-110.0,80.0,1.3587527033945972e-07
-107.5,80.0,1.314695489138461e-07
-105.0,80.0,1.288185514374538e-07
-102.5,80.0,1.2781623788300204e-07
-100.0,80.0,1.2842625237148356e-07
-97.5,80.0,1.3067984355715542e-07
-95.0,80.0,1.346771775160577e-07
-92.5,80.0,1.4059053211088737e-07
-90.0,80.0,1.4866415738589376e-07
-87.5,80.0,1.5919646522812086e-07
-85.0,80.0,1.7245956544493493e-07
-82.5,80.0,1.8843853831534298e-07
-80.0,80.0,2.061495676640391e-07
-77.5,80.0,2.2237622289431723e-07
-75.0,80.0,2.3085185552182803e-07
-72.5,80.0,2.2503207414913172e-07
-70.0,80.0,2.0451311053224136e-07
-67.5,80.0,1.7646037246707197e-07
-65.0,80.0,1.4905452808987474e-07
-62.5,80.0,1.265223944960643e-07
-60.0,80.0,1.0853386921013459e-07
-57.5,80.0,8.402672261920844e-08
-55.0,80.0,5.563847424730936e-08
-52.5,80.0,4.56892651310481e-08
-50.0,80.0,4.843365004838053e-08
-47.5,80.0,4.895583532319632e-08
-45.0,80.0,4.6334420339337464e-08
-42.5,80.0,4.851585792564924e-08
-40.0,80.0,5.1275179317912775e-08
-37.5,80.0,4.817278522312182e-08
-35.0,80.0,4.392279596541064e-08
-32.5,80.0,4.189119992303814e-08
-30.0,80.0,4.107717722469661e-08
-27.5,80.0,4.054878077342447e-08
-25.0,80.0,4.0598963079614675e-08
-22.5,80.0,4.1516807273438655e-08
-20.0,80.0,4.1631865249701685e-08
-17.5,80.0,4.132748714769533e-08
-15.0,80.0,4.5870223654060546e-08
-12.5,80.0,5.2762641361678366e-08
-10.0,80.0,5.6468400036169433e-08
-7.5,80.0,5.443660219392745e-08
-5.0,80.0,5.030897507396475e-08
-2.5,80.0,5.1271578815603785e-08
0.0,80.0,5.7796951993127045e-08
2.5,80.0,6.170103296940244e-08
5.0,80.0,5.994951836973888e-08
7.5,80.0,6.085591997252491e-08
10.0,80.0,6.742180635389213e-08
12.5,80.0,7.406682477119594e-08
15.0,80.0,7.212640496186032e-08
17.5,80.0,6.36770502737972e-08
20.0,80.0,5.636650688993326e-08
22.5,80.0,5.440284940096369e-08
25.0,80.0,5.844636705665558e-08
27.5,80.0,6.431415547826012e-08
30.0,80.0,6.566477531471523e-08
32.5,80.0,6.60853273492983e-08
35.0,80.0,7.320145734163362e-08
37.5,80.0,9.054465453839022e-08
40.0,80.0,1.1454223795775472e-07
42.5,80.0,1.2917358162026714e-07
45.0,80.0,1.2244248653158098e-07
47.5,80.0,1.0537660245087785e-07
50.0,80.0,9.363734390604725e-08
52.5,80.0,9.344713833581239e-08
55.0,80.0,1.0712891746942452e-07
57.5,80.0,1.3268230366917105e-07
60.0,80.0,1.456650350103579e-07
62.5,80.0,1.2449817065997397e-07
65.0,80.0,9.806702266851968e-08
67.5,80.0,8.356463833627407e-08
70.0,80.0,7.98488639181442e-08
72.5,80.0,8.42208658210081e-08
75.0,80.0,9.416897127788155e-08
77.5,80.0,1.05409354467191e-07
80.0,80.0,1.132081464532903e-07
82.5,80.0,1.1733465466889652e-07
85.0,80.0,1.2117703181450207e-07
87.5,80.0,1.261942681455623e-07
90.0,80.0,1.297730586625393e-07
92.5,80.0,1.280289585548331e-07
95.0,80.0,1.208006880695011e-07
97.5,80.0,1.1180166471082769e-07
100.0,80.0,1.0423422349156548e-07
102.5,80.0,9.89243301955514e-08
105.0,80.0,9.544133056582846e-08
107.5,80.0,9.327269253200608e-08
110.0,80.0,9.218810246599035e-08
112.5,80.0,9.222955849214954e-08
115.0,80.0,9.371782320119007e-08
117.5,80.0,9.727729578266582e-08
120.0,80.0,1.0379412551376879e-07
122.5,80.0,1.1438242136863328e-07
125.0,80.0,1.305014897073352e-07
127.5,80.0,1.542944852921487e-07
130.0,80.0,1.8907909629780863e-07
132.5,80.0,2.39593882440031e-07
135.0,80.0,3.1088447709590893e-07
137.5,80.0,4.0398445984641585e-07
140.0,80.0,5.088070018048347e-07
142.5,80.0,6.033803280718731e-07
145.0,80.0,6.689895189543603e-07
147.5,80.0,7.045763862105282e-07
150.0,80.0,7.207001010944852e-07
152.5,80.0,7.273175925827804e-07
155.0,80.0,7.298974389283662e-07
-142.5,82.5,4.998375757986591e-07
-140.0,82.5,4.369067431384728e-07
-137.5,82.5,3.781261833116869e-07
-135.0,82.5,3.2661001396617774e-07
-132.5,82.5,2.8345127427913206e-07
-130.0,82.5,2.482508138293603e-07
-127.5,82.5,2.1991529166843885e-07
-125.0,82.5,1.9723542240837174e-07
-122.5,82.5,1.7914884694356e-07
-120.0,82.5,1.6480323895276213e-07
-117.5,82.5,1.535397234139202e-07
-115.0,82.5,1.448583013461921e-07
-112.5,82.5,1.3838641041708626e-07
-110.0,82.5,1.3385480421429902e-07
-107.5,82.5,1.3108057755013536e-07
-105.0,82.5,1.299561222696331e-07
-102.5,82.5,1.3044283705459468e-07
-100.0,82.5,1.3256936393969866e-07
-97.5,82.5,1.3643308960071708e-07
-95.0,82.5,1.4220384193311121e-07
-92.5,82.5,1.5012568666926554e-07
-90.0,82.5,1.6050461580250916e-07
-87.5,82.5,1.736447958130491e-07
-85.0,82.5,1.8963246944855365e-07
-82.5,82.5,2.077487792305639e-07
-80.0,82.5,2.2529118097818173e-07
-77.5,82.5,2.3647142137175441e-07
-75.0,82.5,2.3421388873906854e-07
-72.5,82.5,2.1629658096175782e-07
-70.0,82.5,1.8865256889659452e-07
-67.5,82.5,1.5997580154931283e-07
-65.0,82.5,1.356314661535876e-07
-62.5,82.5,1.1708725913932344e-07
-60.0,82.5,1.0317813970989741e-07
-57.5,82.5,8.57028499002647e-08
-55.0,82.5,6.01941153496725e-08
-52.5,82.5,4.616700302532132e-08
-50.0,82.5,4.478155687550785e-08
-47.5,82.5,4.6492838924342934e-08
-45.0,82.5,4.705288097036513e-08
-42.5,82.5,4.904370634899714e-08
-40.0,82.5,5.19278319340999e-08
-37.5,82.5,5.02314927224246e-08
-35.0,82.5,4.601378206421867e-08
-32.5,82.5,4.339026475497447e-08
-30.0,82.5,4.2120091331933e-08
-27.5,82.5,4.1549308642494246e-08
-25.0,82.5,4.1977650570427755e-08
-22.5,82.5,4.304777822837013e-08
-20.0,82.5,4.319954258823592e-08
-17.5,82.5,4.2010595230382603e-08
-15.0,82.5,4.510298394093337e-08
-12.5,82.5,5.2697568725226686e-08
-10.0,82.5,5.820946789169167e-08
-7.5,82.5,5.733846213819889e-08
-5.0,82.5,5.259734785068463e-08
-2.5,82.5,5.122312690817867e-08
0.0,82.5,5.537219759026009e-08
2.5,82.5,5.983578845697705e-08
5.0,82.5,5.955288317469068e-08
7.5,82.5,5.97011405592726e-08
10.0,82.5,6.451912990193155e-08
12.5,82.5,7.08704517682193e-08
15.0,82.5,7.079397244023392e-08
17.5,82.5,6.357807631009375e-08
20.0,82.5,5.635668897548282e-08
22.5,82.5,5.369901080092345e-08
25.0,82.5,5.6372804847176514e-08
27.5,82.5,6.146014352928155e-08
30.0,82.5,6.387084891551943e-08
32.5,82.5,6.493537217979425e-08
35.0,82.5,7.077599771921782e-08
37.5,82.5,8.50458989048775e-08
40.0,82.5,1.0607371167311735e-07
42.5,82.5,1.2232167895809622e-07
45.0,82.5,1.2093795327737254e-07
47.5,82.5,1.0666746785509788e-07
50.0,82.5,9.40475900696768e-08
52.5,82.5,9.082459241522844e-08
55.0,82.5,9.948747594334497e-08
57.5,82.5,1.196806021763247e-07
60.0,82.5,1.3663537388356533e-07
62.5,82.5,1.257673014879904e-07
65.0,82.5,1.0179584964280068e-07
67.5,82.5,8.599011498222011e-08
70.0,82.5,8.063966306616777e-08
72.5,82.5,8.361814141979585e-08
75.0,82.5,9.26879560395381e-08
77.5,82.5,1.0392740983079979e-07
80.0,82.5,1.1218649386234027e-07
82.5,82.5,1.1618574328851458e-07
85.0,82.5,1.1918533254582467e-07
87.5,82.5,1.2348572420597367e-07
90.0,82.5,1.2755917616129362e-07
92.5,82.5,1.277678165727243e-07
95.0,82.5,1.2272226089312093e-07
97.5,82.5,1.1495768762356204e-07
100.0,82.5,1.0773507997667184e-07
102.5,82.5,1.0241749889032021e-07
105.0,82.5,9.884715320004996e-08
107.5,82.5,9.64921684693707e-08
110.0,82.5,9.500673829629577e-08
112.5,82.5,9.434879078467809e-08
115.0,82.5,9.48105980768379e-08
117.5,82.5,9.701966445955236e-08
120.0,82.5,1.0185997426203501e-07
122.5,82.5,1.1040011106672469e-07
125.0,82.5,1.2397589473072554e-07
127.5,82.5,1.4449785067444007e-07
130.0,82.5,1.749540398948528e-07
132.5,82.5,2.1988024202940693e-07
135.0,82.5,2.8502674421223003e-07
137.5,82.5,3.7446604404803957e-07
140.0,82.5,4.836446571096341e-07
142.5,82.5,5.934933898056823e-07
145.0,82.5,6.79452401109115e-07
147.5,82.5,7.315198578647587e-07
150.0,82.5,7.573082831712744e-07
152.5,82.5,7.687131845557586e-07
155.0,82.5,7.736200948755111e-07
-142.5,85.0,4.388021066645484e-07
-140.0,85.0,3.80754204155887e-07
-137.5,85.0,3.296883232615514e-07
-135.0,85.0,2.8673499987749464e-07
-132.5,85.0,2.51574155835088e-07
-130.0,85.0,2.2318375933527745e-07
-127.5,85.0,2.0040108428948302e-07
-125.0,85.0,1.821897636677518e-07
-122.5,85.0,1.6771111857939363e-07
-120.0,85.0,1.5631338389248518e-07
-117.5,85.0,1.47500098929633e-07
-115.0,85.0,1.4090007042592113e-07
-112.5,85.0,1.3624417009328365e-07
-110.0,85.0,1.333486082665276e-07
-107.5,85.0,1.3210413617170329e-07
-105.0,85.0,1.3247004840222583e-07
-102.5,85.0,1.3447233319995238e-07
-100.0,85.0,1.3820541164998767e-07
-97.5,85.0,1.4383619294013404e-07
-95.0,85.0,1.516074719873583e-07
-92.5,85.0,1.6183007084646748e-07
-90.0,85.0,1.7483290722146563e-07
-87.5,85.0,1.9078474209449477e-07
-85.0,85.0,2.0919196578910007e-07
-82.5,85.0,2.278222910586602e-07
-80.0,85.0,2.414361547227886e-07
-77.5,85.0,2.427260801357843e-07
-75.0,85.0,2.2783200254993276e-07
-72.5,85.0,2.0112758537315372e-07
-70.0,85.0,1.7146523562286754e-07
-67.5,85.0,1.4529675841652025e-07
-65.0,85.0,1.2491709489039212e-07
-62.5,85.0,1.1020828064664871e-07
-60.0,85.0,9.986840096891449e-08
-57.5,85.0,8.815760007294006e-08
-55.0,85.0,6.680300506223054e-08
-52.5,85.0,4.9733932293935916e-08
-50.0,85.0,4.3938341182996636e-08
-47.5,85.0,4.2858673922796364e-08
-45.0,85.0,4.4802911338448805e-08
-42.5,85.0,4.8671236367318546e-08
-40.0,85.0,5.182736426832063e-08
-37.5,85.0,5.127946215106077e-08
-35.0,85.0,4.75857751604115e-08
-32.5,85.0,4.463690126252625e-08
-30.0,85.0,4.2784036776848386e-08
-27.5,85.0,4.164265625204226e-08
-25.0,85.0,4.286616499405882e-08
-22.5,85.0,4.459933402012854e-08
-20.0,85.0,4.510415208509797e-08
-17.5,85.0,4.347670166571102e-08
-15.0,85.0,4.502404937844907e-08
-12.5,85.0,5.2346953114074454e-08
-10.0,85.0,5.997180353997722e-08
-7.5,85.0,6.085355472133231e-08
-5.0,85.0,5.5916364480212445e-08
-2.5,85.0,5.257308441232869e-08
0.0,85.0,5.44055329844424e-08
2.5,85.0,5.8428924852022384e-08
5.0,85.0,5.94011731058661e-08
7.5,85.0,5.937779509406968e-08
10.0,85.0,6.28297042999923e-08
12.5,85.0,6.853224941163895e-08
15.0,85.0,6.973951066279618e-08
17.5,85.0,6.376103536234626e-08
20.0,85.0,5.665847082973348e-08
22.5,85.0,5.338047309270226e-08
25.0,85.0,5.489955914025754e-08
27.5,85.0,5.9137003421371164e-08
30.0,85.0,6.209288446170964e-08
32.5,85.0,6.375897867066753e-08
35.0,85.0,6.872010186856925e-08
37.5,85.0,8.047130576356498e-08
40.0,85.0,9.848475258081347e-08
42.5,85.0,1.1476022534611926e-07
45.0,85.0,1.1760246291753665e-07
47.5,85.0,1.0685317881430156e-07
50.0,85.0,9.433722330359634e-08
52.5,85.0,8.887862822556192e-08
55.0,85.0,9.351564364637666e-08
57.5,85.0,1.0863128910762642e-07
60.0,85.0,1.2592610336373894e-07
62.5,85.0,1.2400145203229077e-07
65.0,85.0,1.0459173183765892e-07
67.5,85.0,8.838749954580613e-08
70.0,85.0,8.158514361877156e-08
72.5,85.0,8.311981004028892e-08
75.0,85.0,9.111016675566777e-08
77.5,85.0,1.021241109003281e-07
80.0,85.0,1.1088327628861108e-07
82.5,85.0,1.1498402395488112e-07
85.0,85.0,1.1722809978079247e-07
87.5,85.0,1.2058421680273705e-07
90.0,85.0,1.2456386713894845e-07
92.5,85.0,1.261060736341915e-07
95.0,85.0,1.2312206461026916e-07
97.5,85.0,1.1693679852916229e-07
100.0,85.0,1.1047803227757638e-07
102.5,85.0,1.0547495079948434e-07
105.0,85.0,1.0206997452856747e-07
107.5,85.0,9.975161359726987e-08
110.0,85.0,9.80556010549246e-08
112.5,85.0,9.683984191442837e-08
115.0,85.0,9.637389298923728e-08
117.5,85.0,9.731439137939313e-08
120.0,85.0,1.0056907496265867e-07
122.5,85.0,1.0717275662615985e-07
125.0,85.0,1.1833310438013833e-07
127.5,85.0,1.3570574123987287e-07
130.0,85.0,1.6187639189460957e-07
132.5,85.0,2.0093252996841957e-07
135.0,85.0,2.5866262347206867e-07
137.5,85.0,3.410401362698838e-07
140.0,85.0,4.487680683468096e-07
142.5,85.0,5.688331169098078e-07
145.0,85.0,6.751509432497801e-07
147.5,85.0,7.478645160512573e-07
150.0,85.0,7.876642581216051e-07
152.5,85.0,8.066069677023475e-07
155.0,85.0,8.152572989677907e-07
-142.5,87.5,3.8341489204353974e-07
-140.0,87.5,3.327797754150978e-07
-137.5,87.5,2.900227694359166e-07
-135.0,87.5,2.5489765889304e-07
-132.5,87.5,2.2645076286293973e-07
-130.0,87.5,2.0356480376485837e-07
-127.5,87.5,1.852289303650331e-07
-125.0,87.5,1.706179162962049e-07
-122.5,87.5,1.5908691653360893e-07
-120.0,87.5,1.5014291586680964e-07
-117.5,87.5,1.434161752440634e-07
-115.0,87.5,1.386375777566768e-07
-112.5,87.5,1.3562249869913126e-07
-110.0,87.5,1.3426018777373088e-07
-107.5,87.5,1.3450771954888787e-07
-105.0,87.5,1.3638848199062548e-07
-102.5,87.5,1.3999374632450402e-07
-100.0,87.5,1.4548724576074234e-07
-97.5,87.5,1.5310959658213995e-07
-95.0,87.5,1.6317421328088606e-07
-92.5,87.5,1.7602870367485122e-07
-90.0,87.5,1.9190862082957433e-07
-87.5,87.5,2.1051039472643758e-07
-85.0,87.5,2.300237526483362e-07
-82.5,87.5,2.457893702931548e-07
-80.0,87.5,2.5052435817053635e-07
-77.5,87.5,2.3898789457211446e-07
-75.0,87.5,2.1377044703930659e-07
-72.5,87.5,1.8347954105065802e-07
-70.0,87.5,1.555780666584755e-07
-67.5,87.5,1.3327188855994793e-07
-65.0,87.5,1.1686855829824505e-07
-62.5,87.5,1.0561283696281664e-07
-60.0,87.5,9.836948797293095e-08
-57.5,87.5,9.123858844521811e-08
-55.0,87.5,7.472745076205608e-08
-52.5,87.5,5.5726257077376696e-08
-50.0,87.5,4.568401148785615e-08
-47.5,87.5,4.112941294985183e-08
-45.0,87.5,4.116603605877833e-08
-42.5,87.5,4.618094286052324e-08
-40.0,87.5,5.085911761631391e-08
-37.5,87.5,5.146200758926125e-08
-35.0,87.5,4.860323496821927e-08
-32.5,87.5,4.563936550640201e-08
-30.0,87.5,4.336443630047976e-08
-27.5,87.5,4.1276895559594225e-08
-25.0,87.5,4.2661635631116574e-08
-22.5,87.5,4.57542443318371e-08
-20.0,87.5,4.708367190786872e-08
-17.5,87.5,4.547384288937622e-08
-15.0,87.5,4.5669119512183074e-08
-12.5,87.5,5.195923668772622e-08
-10.0,87.5,6.128047912822074e-08
-7.5,87.5,6.474930373201869e-08
-5.0,87.5,6.017659265213808e-08
-2.5,87.5,5.5139503102323876e-08
0.0,87.5,5.4737813426467695e-08
2.5,87.5,5.7690416848586236e-08
5.0,87.5,5.9443845337816664e-08
7.5,87.5,5.967301513515591e-08
10.0,87.5,6.216143895571421e-08
12.5,87.5,6.710300224099048e-08
15.0,87.5,6.91104494715578e-08
17.5,87.5,6.428150250302579e-08
20.0,87.5,5.73173207028947e-08
22.5,87.5,5.346033235571067e-08
25.0,87.5,5.3976206347917776e-08
27.5,87.5,5.736832430033171e-08
30.0,87.5,6.050385795654856e-08
32.5,87.5,6.265308808660805e-08
35.0,87.5,6.703473882600396e-08
37.5,87.5,7.679033808678548e-08
40.0,87.5,9.205848736109006e-08
42.5,87.5,1.0738963675866708e-07
45.0,87.5,1.1308335372166551e-07
47.5,87.5,1.0596361813247444e-07
50.0,87.5,9.438448550522592e-08
52.5,87.5,8.743373832693437e-08
55.0,87.5,8.890539924252019e-08
57.5,87.5,9.962820823474021e-08
60.0,87.5,1.1517738889956061e-07
62.5,87.5,1.1956469655802e-07
65.0,87.5,1.0603987494746326e-07
67.5,87.5,9.057071696216325e-08
70.0,87.5,8.263970224567413e-08
72.5,87.5,8.275274187427756e-08
75.0,87.5,8.950717642037563e-08
77.5,87.5,1.000314079532793e-07
80.0,87.5,1.0923254972547607e-07
82.5,87.5,1.1367940688754044e-07
85.0,87.5,1.1536974725708918e-07
87.5,87.5,1.1771202168313976e-07
90.0,87.5,1.211700165495491e-07
92.5,87.5,1.2341726659512986e-07
95.0,87.5,1.2213464585633272e-07
97.5,87.5,1.1763788961157244e-07
100.0,87.5,1.1226593171840559e-07
102.5,87.5,1.0788824565384839e-07
105.0,87.5,1.0491963860854625e-07
107.5,87.5,1.0289802517673048e-07
110.0,87.5,1.0123334640431866e-07
112.5,87.5,9.965083432801175e-08
115.0,87.5,9.83864996822634e-08
117.5,87.5,9.815094942868199e-08
120.0,87.5,9.991315427087145e-08
122.5,87.5,1.0470283909537068e-07
125.0,87.5,1.1361533285320361e-07
127.5,87.5,1.280569984730558e-07
130.0,87.5,1.5019154355496776e-07
132.5,87.5,1.8352571511009295e-07
135.0,87.5,2.333968251668434e-07
137.5,87.5,3.0650021645554595e-07
140.0,87.5,4.0741586003205474e-07
142.5,87.5,5.304514487879058e-07
145.0,87.5,6.533465626233919e-07
147.5,87.5,7.49012784232091e-07
150.0,87.5,8.076511211237464e-07
152.5,87.5,8.379558692297222e-07
155.0,87.5,8.525077310193788e-07
-142.5,90.0,3.3587884951649927e-07
-140.0,90.0,2.9331101975545663e-07
-137.5,90.0,2.582190924730812e-07
-135.0,90.0,2.2971493730083998e-07
-132.5,90.0,2.0672572300778965e-07
-130.0,90.0,1.8826580702682669e-07
-127.5,90.0,1.7352325427646868e-07
-125.0,90.0,1.6186008243224001e-07
-122.5,90.0,1.5278667762156971e-07
-120.0,90.0,1.4593463607186722e-07
-117.5,90.0,1.410349742589848e-07
-115.0,90.0,1.3790223515645802e-07
-112.5,90.0,1.36424107452151e-07
-110.0,90.0,1.3655563848918602e-07
-107.5,90.0,1.3831748847477558e-07
-105.0,90.0,1.41797750159918e-07
-102.5,90.0,1.4715666712862628e-07
-100.0,90.0,1.5463200038710642e-07
-97.5,90.0,1.645379376669744e-07
-95.0,90.0,1.7723584703613036e-07
-92.5,90.0,1.9301487962248988e-07
-90.0,90.0,2.1173054355606322e-07
-87.5,90.0,2.3194572756069022e-07
-85.0,90.0,2.495830714566354e-07
-82.5,90.0,2.5759004638452784e-07
-80.0,90.0,2.4964774967106286e-07
-77.5,90.0,2.264583646629622e-07
-75.0,90.0,1.9596146509145887e-07
-72.5,90.0,1.6647389256047267e-07
-70.0,90.0,1.4221514891052102e-07
-67.5,90.0,1.240028411679405e-07
-65.0,90.0,1.1123394337468463e-07
-62.5,90.0,1.0304033957924287e-07
-60.0,90.0,9.854682787571381e-08
-57.5,90.0,9.514153313170549e-08
-55.0,90.0,8.36458620422062e-08
-52.5,90.0,6.390996845923649e-08
-50.0,90.0,4.969188013580282e-08
-47.5,90.0,4.1718261691044786e-08
-45.0,90.0,3.889568957085862e-08
-42.5,90.0,4.242974436516433e-08
-40.0,90.0,4.84887386485793e-08
-37.5,90.0,5.0698759073948453e-08
-35.0,90.0,4.8898533494299033e-08
-32.5,90.0,4.6381225029581176e-08
-30.0,90.0,4.405182652844009e-08
-27.5,90.0,4.128954834809462e-08
-25.0,90.0,4.179057283346635e-08
-22.5,90.0,4.5957201663012545e-08
-20.0,90.0,4.881462695216767e-08
-17.5,90.0,4.7755100682989676e-08
-15.0,90.0,4.694251479386053e-08
-12.5,90.0,5.1814171874611534e-08
-10.0,90.0,6.188779820161454e-08
-7.5,90.0,6.856440103366541e-08
-5.0,90.0,6.524692158891198e-08
-2.5,90.0,5.881308436830245e-08
0.0,90.0,5.622802460312168e-08
2.5,90.0,5.771847655744139e-08
5.0,90.0,5.9693413194591e-08
7.5,90.0,6.038628629507943e-08
10.0,90.0,6.231363323110412e-08
12.5,90.0,6.653340394759799e-08
15.0,90.0,6.898674828965415e-08
17.5,90.0,6.517679539883469e-08
20.0,90.0,5.8368120162501705e-08
22.5,90.0,5.3953103559262003e-08
25.0,90.0,5.3565899818712515e-08
27.5,90.0,5.6144504395052684e-08
30.0,90.0,5.9217011215748523e-08
32.5,90.0,6.170988854839832e-08
35.0,90.0,6.572804659835891e-08
37.5,90.0,7.394736282106065e-08
40.0,90.0,8.687410484240535e-08
42.5,90.0,1.0081118207289783e-07
45.0,90.0,1.0811438691044245e-07
47.5,90.0,1.042323607505315e-07
50.0,90.0,9.415668128047627e-08
52.5,90.0,8.637470379948135e-08
55.0,90.0,8.540907719147398e-08
57.5,90.0,9.250294787679377e-08
60.0,90.0,1.0543054998464157e-07
62.5,90.0,1.133431743822018e-07
65.0,90.0,1.0589789562280378e-07
67.5,90.0,9.233196028041413e-08
70.0,90.0,8.373742055463077e-08
72.5,90.0,8.252937332918297e-08
75.0,90.0,8.795242114665531e-08
77.5,90.0,9.77231741262791e-08
80.0,90.0,1.0720175986352737e-07
82.5,90.0,1.1219187685795593e-07
85.0,90.0,1.1360907446916005e-07
87.5,90.0,1.1500279962132069e-07
90.0,90.0,1.176786128052767e-07
92.5,90.0,1.2009070657063093e-07
95.0,90.0,1.2002662843165045e-07
97.5,90.0,1.1710152922427476e-07
100.0,90.0,1.1298602472569845e-07
102.5,90.0,1.09480687683322e-07
105.0,90.0,1.0720164583059466e-07
107.5,90.0,1.0575092922377994e-07
110.0,90.0,1.0440362938272544e-07
112.5,90.0,1.0270200241499361e-07
115.0,90.0,1.008116129453477e-07
117.5,90.0,9.95109301375177e-08
120.0,90.0,9.987505029487421e-08
122.5,90.0,1.0297164041169856e-07
125.0,90.0,1.0981497324016508e-07
127.5,90.0,1.2158818395193532e-07
130.0,90.0,1.4005368599472155e-07
132.5,90.0,1.6810425951220794e-07
135.0,90.0,2.1035615320480045e-07
137.5,90.0,2.733122820399023e-07
140.0,90.0,3.636384608742902e-07
142.5,90.0,4.820739635846869e-07
145.0,90.0,6.141129733508987e-07
147.5,90.0,7.313358727998409e-07
150.0,90.0,8.127925502552157e-07
152.5,90.0,8.591853734383719e-07
155.0,90.0,8.82800414294582e-07
-142.5,92.5,2.965967824395223e-07
-140.0,92.5,2.615365709988389e-07
-137.5,92.5,2.3297513428787547e-07
-135.0,92.5,2.0988312352264606e-07
-132.5,92.5,1.912999366212809e-07
-130.0,92.5,1.7642687665551009e-07
-127.5,92.5,1.646327449069241e-07
-125.0,92.5,1.5543127382186317e-07
-122.5,92.5,1.4845543839268925e-07
-120.0,92.5,1.4343632886870364e-07
-117.5,92.5,1.4018770776895933e-07
-115.0,92.5,1.3859581932020115e-07
-112.5,92.5,1.386136112394628e-07
-110.0,92.5,1.402590635741933e-07
-107.5,92.5,1.4361702356481495e-07
-105.0,92.5,1.4884407143362428e-07
-102.5,92.5,1.5617454356951397e-07
-100.0,92.5,1.6592186569781391e-07
-97.5,92.5,1.7845713674977404e-07
-95.0,92.5,1.9411213773116493e-07
-92.5,92.5,2.1287470237301098e-07
-90.0,92.5,2.3363352651808075e-07
-87.5,92.5,2.5287342028397624e-07
-85.0,92.5,2.6392632876797966e-07
-82.5,92.5,2.597123974139229e-07
-80.0,92.5,2.390607079737743e-07
-77.5,92.5,2.088388537819632e-07
-75.0,92.5,1.7797314062601064e-07
-72.5,92.5,1.5176613072563336e-07
-70.0,92.5,1.3166950104647286e-07
-67.5,92.5,1.1727910625598504e-07
-65.0,92.5,1.077380667477688e-07
-62.5,92.5,1.0229408298541482e-07
-60.0,92.5,1.0033433196572951e-07
-57.5,92.5,1.0012157350099336e-07
-55.0,92.5,9.347844135959905e-08
-52.5,92.5,7.419647410556677e-08
-50.0,92.5,5.578219354584675e-08
-47.5,92.5,4.418007821933001e-08
-45.0,92.5,3.849871854356447e-08
-42.5,92.5,3.939654236294126e-08
-40.0,92.5,4.499561069291625e-08
-37.5,92.5,4.8829665885454584e-08
-35.0,92.5,4.780021173336853e-08
-32.5,92.5,4.640087208654456e-08
-30.0,92.5,4.472617149009672e-08
-27.5,92.5,4.185988986507241e-08
-25.0,92.5,4.11513443759031e-08
-22.5,92.5,4.518970475036538e-08
-20.0,92.5,4.9853928122632975e-08
-17.5,92.5,5.006228708554043e-08
-15.0,92.5,4.8705517790195396e-08
-12.5,92.5,5.208112658339678e-08
-10.0,92.5,6.189566281239169e-08
-7.5,92.5,7.168508883831056e-08
-5.0,92.5,7.085381328907632e-08
-2.5,92.5,6.350126180683356e-08
0.0,92.5,5.8769272500560184e-08
2.5,92.5,5.853724034623132e-08
5.0,92.5,6.019991255405489e-08
7.5,92.5,6.134624199569763e-08
10.0,92.5,6.307709233665762e-08
12.5,92.5,6.671687787595276e-08
15.0,92.5,6.938775551280972e-08
17.5,92.5,6.645967781982632e-08
20.0,92.5,5.982920497516136e-08
22.5,92.5,5.486848416490717e-08
25.0,92.5,5.3638803872652625e-08
27.5,92.5,5.543842416857088e-08
30.0,92.5,5.8292866530752335e-08
32.5,92.5,6.099990216525628e-08
35.0,92.5,6.480515895967864e-08
37.5,92.5,7.187447241186639e-08
40.0,92.5,8.288894194665769e-08
42.5,92.5,9.533148873118672e-08
45.0,92.5,1.0331917439874515e-07
47.5,92.5,1.0201783519970042e-07
50.0,92.5,9.370770490927079e-08
52.5,92.5,8.563838600295483e-08
55.0,92.5,8.283950177572489e-08
57.5,92.5,8.70039108280368e-08
60.0,92.5,9.715998655031506e-08
62.5,92.5,1.063803253802698e-07
65.0,92.5,1.0420495827670977e-07
67.5,92.5,9.348154718903287e-08
70.0,92.5,8.479960927262668e-08
72.5,92.5,8.245017068796057e-08
75.0,92.5,8.651378073390186e-08
77.5,92.5,9.530444121534035e-08
80.0,92.5,1.0481322659417653e-07
82.5,92.5,1.1044405069440893e-07
85.0,92.5,1.118995681203181e-07
87.5,92.5,1.1251702364456696e-07
90.0,92.5,1.1429953797310745e-07
92.5,92.5,1.1646996348232986e-07
95.0,92.5,1.1712764115191231e-07
97.5,92.5,1.1549348591324834e-07
100.0,92.5,1.126322528569253e-07
102.5,92.5,1.1013725353083595e-07
105.0,92.5,1.0874075586974355e-07
107.5,92.5,1.081138987007054e-07
110.0,92.5,1.0739392142775572e-07
112.5,92.5,1.0587752851955677e-07
115.0,92.5,1.0358872378919431e-07
117.5,92.5,1.0136378993181861e-07
120.0,92.5,1.004293916876103e-07
122.5,92.5,1.0194652719911329e-07
125.0,92.5,1.068922432010498e-07
127.5,92.5,1.162653151647665e-07
130.0,92.5,1.3147124106529192e-07
132.5,92.5,1.5482297886137772e-07
135.0,92.5,1.9012970679759152e-07
137.5,92.5,2.4316134613110273e-07
140.0,92.5,3.2111862427446837e-07
142.5,92.5,4.2898730275458606e-07
145.0,92.5,5.609334725051093e-07
147.5,92.5,6.937191834289394e-07
150.0,92.5,7.991245269604837e-07
152.5,92.5,8.663476335678273e-07
155.0,92.5,9.032490083310285e-07
-142.5,95.0,2.648484983964638e-07
-140.0,95.0,2.3623034609095284e-07
-137.5,95.0,2.130364154911951e-07
-135.0,95.0,1.9433100063586636e-07
-132.5,95.0,1.793285936291249e-07
-130.0,95.0,1.6740479359960462e-07
-127.5,95.0,1.5807666200340458e-07
-125.0,95.0,1.5097854688385618e-07
-122.5,95.0,1.4584160946484287e-07
-120.0,95.0,1.4247891362926813e-07
-117.5,95.0,1.407752184267896e-07
-115.0,95.0,1.4068145483920074e-07
-112.5,95.0,1.4221294550370203e-07
-110.0,95.0,1.4545122570578241e-07
-107.5,95.0,1.5054907890239973e-07
-105.0,95.0,1.5773692462928682e-07
-102.5,95.0,1.6732633407370327e-07
-100.0,95.0,1.7969472223635808e-07
-97.5,95.0,1.9520733026098714e-07
-95.0,95.0,2.1396133086991972e-07
-92.5,95.0,2.3512713376012813e-07
-90.0,95.0,2.55717624846105e-07
-87.5,95.0,2.695546943255202e-07
-85.0,95.0,2.6910353634010745e-07
-82.5,95.0,2.5144313348107635e-07
-80.0,95.0,2.2202226366782764e-07
-77.5,95.0,1.9005361411075924e-07
-75.0,95.0,1.619386501620983e-07
-72.5,95.0,1.398943639124395e-07
-70.0,95.0,1.2379718640843068e-07
-67.5,95.0,1.1281804449396604e-07
-65.0,95.0,1.0615598160647008e-07
-62.5,95.0,1.0325028729248763e-07
-60.0,95.0,1.0371762016089723e-07
-57.5,95.0,1.0639427952198502e-07
-55.0,95.0,1.0424917228046633e-07
-52.5,95.0,8.646423735217694e-08
-50.0,95.0,6.388717370021018e-08
-47.5,95.0,4.820878345943755e-08
-45.0,95.0,3.964699492610228e-08
-42.5,95.0,3.783434615767837e-08
-40.0,95.0,4.16023305582724e-08
-37.5,95.0,4.6382510748965996e-08
-35.0,95.0,4.61145643154146e-08
-32.5,95.0,4.500915241933267e-08
-30.0,95.0,4.480111045024144e-08
-27.5,95.0,4.272644444418807e-08
-25.0,95.0,4.113532145620118e-08
-22.5,95.0,4.4104382616476864e-08
-20.0,95.0,4.9881064783990134e-08
-17.5,95.0,5.207521866511567e-08
-15.0,95.0,5.0803574135078024e-08
-12.5,95.0,5.282102142761351e-08
-10.0,95.0,6.162001489756916e-08
-7.5,95.0,7.362753531063607e-08
-5.0,95.0,7.648905285016e-08
-2.5,95.0,6.906780398767985e-08
0.0,95.0,6.227648420004559e-08
2.5,95.0,6.013285209069618e-08
5.0,95.0,6.102320411545638e-08
7.5,95.0,6.243013666587552e-08
10.0,95.0,6.423620559915534e-08
12.5,95.0,6.750664814843977e-08
15.0,95.0,7.028108572831794e-08
17.5,95.0,6.811527397815106e-08
20.0,95.0,6.16983267997375e-08
22.5,95.0,5.620733521433852e-08
25.0,95.0,5.4167804633839264e-08
27.5,95.0,5.521449032996622e-08
30.0,95.0,5.77523167653691e-08
32.5,95.0,6.056585521103592e-08
35.0,95.0,6.426210007376216e-08
37.5,95.0,7.049892049280905e-08
40.0,95.0,8.000136658170287e-08
42.5,95.0,9.104326405513768e-08
45.0,95.0,9.912205864292729e-08
47.5,95.0,9.969909550980224e-08
50.0,95.0,9.315507738021827e-08
52.5,95.0,8.520322364304155e-08
55.0,95.0,8.1060724308226e-08
57.5,95.0,8.288239384391279e-08
60.0,95.0,9.046425173843363e-08
62.5,95.0,9.954947402783616e-08
65.0,95.0,1.0128223970799657e-07
67.5,95.0,9.38984604635963e-08
70.0,95.0,8.574662477476498e-08
72.5,95.0,8.25081192137879e-08
75.0,95.0,8.525021929735976e-08
77.5,95.0,9.289586897742512e-08
80.0,95.0,1.0214950592824785e-07
82.5,95.0,1.083935470515704e-07
85.0,95.0,1.1017452007931465e-07
87.5,95.0,1.102626951880782e-07
90.0,95.0,1.1116289018325316e-07
92.5,95.0,1.12825094032574e-07
95.0,95.0,1.1376799123264607e-07
97.5,95.0,1.1306306065549969e-07
100.0,95.0,1.1130591150000168e-07
102.5,95.0,1.0982848678980631e-07
105.0,95.0,1.0940975030811451e-07
107.5,95.0,1.0979623023488487e-07
110.0,95.0,1.1000227468677824e-07
112.5,95.0,1.090199055615059e-07
115.0,95.0,1.0662469861350474e-07
117.5,95.0,1.0366064859956927e-07
120.0,95.0,1.0154112528167116e-07
122.5,95.0,1.0158556731184242e-07
125.0,95.0,1.0478894354732629e-07
127.5,95.0,1.1201235768804829e-07
130.0,95.0,1.2435962448484872e-07
132.5,95.0,1.4363236844523372e-07
135.0,95.0,1.7286555893688728e-07
137.5,95.0,2.1687863800239454e-07
140.0,95.0,2.823997523796924e-07
142.5,95.0,3.7635368140173043e-07
145.0,95.0,4.998267808034788e-07
147.5,95.0,6.38673762773851e-07
150.0,95.0,7.645731496571951e-07
152.5,95.0,8.556442821122202e-07
155.0,95.0,9.10633448602365e-07
-142.5,97.5,2.3947970399412986e-07
-140.0,97.5,2.1618508484296524e-07
-137.5,97.5,1.9735868969041438e-07
-135.0,97.5,1.8222824237193522e-07
-132.5,97.5,1.7017615044424714e-07
-130.0,97.5,1.607228250100826e-07
-127.5,97.5,1.535039203119472e-07
-125.0,97.5,1.482508076648833e-07
-122.5,97.5,1.4477577630960701e-07
-120.0,97.5,1.4296221566913516e-07
-117.5,97.5,1.4275901090097595e-07
-115.0,97.5,1.4417885311360774e-07
-112.5,97.5,1.4730000216540617e-07
-110.0,97.5,1.5227126277782239e-07
-107.5,97.5,1.5931887676085547e-07
-105.0,97.5,1.6875147657937554e-07
-102.5,97.5,1.8095015707364536e-07
-100.0,97.5,1.9630593554941713e-07
-97.5,97.5,2.1500584510011086e-07
-95.0,97.5,2.3646151520406297e-07
-92.5,97.5,2.581714227883868e-07
-90.0,97.5,2.7451080725401237e-07
-87.5,97.5,2.777657631294392e-07
-85.0,97.5,2.634735949630861e-07
-82.5,97.5,2.3540530650435932e-07
-80.0,97.5,2.0267917689343758e-07
-77.5,97.5,1.72741192380576e-07
-75.0,97.5,1.4870059363513332e-07
-72.5,97.5,1.308133614485407e-07
-70.0,97.5,1.1831907994901754e-07
-67.5,97.5,1.1036877117024723e-07
-65.0,97.5,1.0633361884216081e-07
-62.5,97.5,1.0585143040766404e-07
-60.0,97.5,1.0871795433324791e-07
-57.5,97.5,1.1410036550010711e-07
-55.0,97.5,1.1594175330663986e-07
-52.5,97.5,1.0038917443487582e-07
-50.0,97.5,7.390016908642966e-08
-47.5,97.5,5.36519142265423e-08
-45.0,97.5,4.2032300586663065e-08
-42.5,97.5,3.765554870898958e-08
-40.0,97.5,3.9166584412002446e-08
-37.5,97.5,4.372806683360287e-08
-35.0,97.5,4.504306681384756e-08
-32.5,97.5,4.33927353919814e-08
-30.0,97.5,4.367106688133739e-08
-27.5,97.5,4.328362438143391e-08
-25.0,97.5,4.1646507256184666e-08
-22.5,97.5,4.3314430913821354e-08
-20.0,97.5,4.907223448250673e-08
-17.5,97.5,5.3419973214165874e-08
-15.0,97.5,5.305032886956171e-08
-12.5,97.5,5.402521751073838e-08
-10.0,97.5,6.1392765294578e-08
-7.5,97.5,7.431025755461723e-08
-5.0,97.5,8.142952464312843e-08
-2.5,97.5,7.526026106127911e-08
0.0,97.5,6.666361068074612e-08
2.5,97.5,6.24750507707385e-08
5.0,97.5,6.221661575779329e-08
7.5,97.5,6.3574724860271e-08
10.0,97.5,6.558430668263473e-08
12.5,97.5,6.8722050201531e-08
15.0,97.5,7.158804293662996e-08
17.5,97.5,7.009918499140444e-08
20.0,97.5,6.394927428344952e-08
22.5,97.5,5.795828623141964e-08
25.0,97.5,5.512527353992806e-08
27.5,97.5,5.543318202312956e-08
30.0,97.5,5.758921981570308e-08
32.5,97.5,6.04238905998777e-08
35.0,97.5,6.408291205771004e-08
37.5,97.5,6.974645589389036e-08
40.0,97.5,7.808952423380964e-08
42.5,97.5,8.79137774195705e-08
45.0,97.5,9.575362152164378e-08
47.5,97.5,9.759650569644395e-08
50.0,97.5,9.264566493315228e-08
52.5,97.5,8.507644977831538e-08
55.0,97.5,7.997656966621108e-08
57.5,97.5,7.992512051552618e-08
60.0,97.5,8.524969514475003e-08
62.5,97.5,9.341354938389691e-08
65.0,97.5,9.76196744403246e-08
67.5,97.5,9.357001548498402e-08
70.0,97.5,8.651203663750799e-08
72.5,97.5,8.269345580807819e-08
75.0,97.5,8.421095308273961e-08
77.5,97.5,9.061831715544853e-08
80.0,97.5,9.934149433032781e-08
82.5,97.5,1.060552876518967e-07
85.0,97.5,1.0837370673868725e-07
87.5,97.5,1.0821674924399509e-07
90.0,97.5,1.0833885566843465e-07
92.5,97.5,1.093506707809685e-07
95.0,97.5,1.102381490700836e-07
97.5,97.5,1.1009372968894848e-07
100.0,97.5,1.0919419308293737e-07
102.5,97.5,1.086200821696403e-07
105.0,97.5,1.0915684285797755e-07
107.5,97.5,1.1064299912603686e-07
110.0,97.5,1.1201544053264972e-07
112.5,97.5,1.1193074804616888e-07
115.0,97.5,1.0978564938961321e-07
117.5,97.5,1.063268563553103e-07
120.0,97.5,1.0316224457498672e-07
122.5,97.5,1.0183931012983712e-07
125.0,97.5,1.034372717127312e-07
127.5,97.5,1.0873255324403372e-07
130.0,97.5,1.185849998225215e-07
132.5,97.5,1.343649410745112e-07
135.0,97.5,1.5842428899240802e-07
137.5,97.5,1.9462464185167234e-07
140.0,97.5,2.4873771978465604e-07
142.5,97.5,3.2792910829641435e-07
145.0,97.5,4.3736326680353207e-07
147.5,97.5,5.720635785870206e-07
150.0,97.5,7.103201173543929e-07
152.5,97.5,8.244597347456799e-07
155.0,97.5,9.016077386383999e-07
-142.5,100.0,2.1932870697830567e-07
-140.0,100.0,2.0038274296583317e-07
-137.5,100.0,1.851256824945783e-07
-135.0,100.0,1.7294676904083398e-07
-132.5,100.0,1.6336971478864393e-07
-130.0,100.0,1.5603160076349616e-07
-127.5,100.0,1.5066390233715127e-07
-125.0,100.0,1.4707827918486525e-07
-122.5,100.0,1.4515669755150968e-07
-120.0,100.0,1.4484611425128854e-07
-117.5,100.0,1.461565539987847e-07
-115.0,100.0,1.4916302535961843e-07
-112.5,100.0,1.5401023262442433e-07
-110.0,100.0,1.609200330365416e-07
-107.5,100.0,1.7019732848523926e-07
-105.0,100.0,1.8222458135407787e-07
-102.5,100.0,1.974124039693574e-07
-100.0,100.0,2.1602086729696273e-07
-97.5,100.0,2.376669116432952e-07
-95.0,100.0,2.602876949303506e-07
-92.5,100.0,2.788405933383047e-07
-90.0,100.0,2.8566699551255355e-07
-87.5,100.0,2.750284971714589e-07
-85.0,100.0,2.4886657553555394e-07
-82.5,100.0,2.157973447089485e-07
-80.0,100.0,1.841747772143601e-07
-77.5,100.0,1.5810989741363626e-07
-75.0,100.0,1.3835186411123e-07
-72.5,100.0,1.242627668650778e-07
-70.0,100.0,1.149622373674342e-07
-67.5,100.0,1.0974693675721962e-07
-65.0,100.0,1.0818626179695103e-07
-62.5,100.0,1.1009215602006315e-07
-60.0,100.0,1.1536698891521906e-07
-57.5,100.0,1.232684364794817e-07
-55.0,100.0,1.2835421900090274e-07
-52.5,100.0,1.152752247571903e-07
-50.0,100.0,8.549824712104416e-08
-47.5,100.0,6.039113866471031e-08
-45.0,100.0,4.546887305776087e-08
-42.5,100.0,3.861441247331578e-08
-40.0,100.0,3.7890348351253905e-08
-37.5,100.0,4.1279015771456515e-08
-35.0,100.0,4.4124001910396374e-08
-32.5,100.0,4.283677832608213e-08
-30.0,100.0,4.218959440065414e-08
-27.5,100.0,4.2891857891773177e-08
-25.0,100.0,4.224419464547844e-08
-22.5,100.0,4.3022578889951675e-08
-20.0,100.0,4.7962666249999806e-08
-17.5,100.0,5.3859215404918176e-08
-15.0,100.0,5.519188292893351e-08
-12.5,100.0,5.563645225951242e-08
-10.0,100.0,6.145385035987598e-08
-7.5,100.0,7.405459647900172e-08
-5.0,100.0,8.497067324410296e-08
-2.5,100.0,8.163942495830842e-08
0.0,100.0,7.181399873049191e-08
2.5,100.0,6.552600949607154e-08
5.0,100.0,6.382182823826535e-08
7.5,100.0,6.477394378594874e-08
10.0,100.0,6.695159136584293e-08
12.5,100.0,7.015947892345685e-08
15.0,100.0,7.318644394471772e-08
17.5,100.0,7.233601568742799e-08
20.0,100.0,6.652905442005792e-08
22.5,100.0,6.009423307319101e-08
25.0,100.0,5.6479911031249065e-08
27.5,100.0,5.6052648684575965e-08
30.0,100.0,5.7779796981545366e-08
32.5,100.0,6.056778857965608e-08
35.0,100.0,6.423904820587398e-08
37.5,100.0,6.954172496051051e-08
40.0,100.0,7.7030225023618e-08
42.5,100.0,8.585006627046562e-08
45.0,100.0,9.330067987130782e-08
47.5,100.0,9.593695825107031e-08
50.0,100.0,9.232305565977601e-08
52.5,100.0,8.52810517522854e-08
55.0,100.0,7.951966116899416e-08
57.5,100.0,7.796091332593404e-08
60.0,100.0,8.13511592615513e-08
62.5,100.0,8.824723248885713e-08
65.0,100.0,9.372231162139261e-08
67.5,100.0,9.259915922140188e-08
70.0,100.0,8.705570520258481e-08
72.5,100.0,8.299724397196993e-08
75.0,100.0,8.34358291123727e-08
77.5,100.0,8.858068919255116e-08
80.0,100.0,9.654515423357387e-08
82.5,100.0,1.035059021346313e-07
85.0,100.0,1.0646593864989803e-07
87.5,100.0,1.0634433058033944e-07
90.0,100.0,1.0585731038360475e-07
92.5,100.0,1.061770885208866e-07
95.0,100.0,1.0677085284860502e-07
97.5,100.0,1.068608830946474e-07
100.0,100.0,1.0653463131739036e-07
102.5,100.0,1.066628626324951e-07
105.0,100.0,1.0802208929619333e-07
107.5,100.0,1.1056837815694351e-07
110.0,100.0,1.1324003897143648e-07
112.5,100.0,1.1438331939077547e-07
115.0,100.0,1.1289328183663959e-07
117.5,100.0,1.0925454968727132e-07
120.0,100.0,1.0522725010835219e-07
122.5,100.0,1.0265050246372728e-07
125.0,100.0,1.0276501204512498e-07
127.5,100.0,1.0632208393543856e-07
130.0,100.0,1.1399510105205239e-07
132.5,100.0,1.2680104862146158e-07
135.0,100.0,1.4651784097541992e-07
137.5,100.0,1.7614785761993966e-07
140.0,100.0,2.203819341080343e-07
142.5,100.0,2.85683018323267e-07
145.0,100.0,3.7877566436026027e-07
147.5,100.0,5.013034678284578e-07
150.0,100.0,6.412165556207927e-07
152.5,100.0,7.726964947889533e-07
155.0,100.0,8.733602403428657e-07
-142.5,102.5,2.034029667429005e-07
-140.0,102.5,1.8802082966199924e-07
-137.5,102.5,1.7571659120404493e-07
-135.0,102.5,1.6601734569899782e-07
-132.5,102.5,1.585615609836157e-07
-130.0,102.5,1.530809146686597e-07
-127.5,102.5,1.49386366733308e-07
-125.0,102.5,1.4735860926319468e-07
-122.5,102.5,1.4694262052176623e-07
-120.0,102.5,1.4814583161898204e-07
-117.5,102.5,1.5103993603486318e-07
-115.0,102.5,1.5576563959606916e-07
-112.5,102.5,1.625400062601002e-07
-110.0,102.5,1.7166376696455876e-07
-107.5,102.5,1.8351886600284988e-07
-105.0,102.5,1.985301368121974e-07
-102.5,102.5,2.170168266624913e-07
-100.0,102.5,2.387691411122219e-07
-97.5,102.5,2.6211521618713026e-07
-95.0,102.5,2.825965864554533e-07
-92.5,102.5,2.927972851853917e-07
-90.0,102.5,2.8599859936434624e-07
-87.5,102.5,2.622736024380236e-07
-85.0,102.5,2.2933730847056051e-07
-82.5,102.5,1.9623069863843435e-07
-80.0,102.5,1.6814137688095943e-07
-77.5,102.5,1.4643734720261554e-07
-75.0,102.5,1.3067064128914509e-07
-72.5,102.5,1.1995337743916422e-07
-70.0,102.5,1.1351248423295238e-07
-67.5,102.5,1.1083927201509859e-07
-65.0,102.5,1.1168820983611847e-07
-62.5,102.5,1.1599795109032543e-07
-60.0,102.5,1.2366505929899407e-07
-57.5,102.5,1.3375151629253067e-07
-55.0,102.5,1.409809359896615e-07
-52.5,102.5,1.2997408736127847e-07
-50.0,102.5,9.799488987452441e-08
-47.5,102.5,6.824005821242025e-08
-45.0,102.5,4.9842740994631127e-08
-42.5,102.5,4.0517689834870225e-08
-40.0,102.5,3.7674781519456485e-08
-37.5,102.5,3.9448514870694894e-08
-35.0,102.5,4.2827816068991905e-08
-32.5,102.5,4.30379695603876e-08
-30.0,102.5,4.155967945259049e-08
-27.5,102.5,4.1884467529244774e-08
-25.0,102.5,4.234931346923525e-08
-22.5,102.5,4.304375499296416e-08
-20.0,102.5,4.6993900246444976e-08
-17.5,102.5,5.3490805280802016e-08
-15.0,102.5,5.6916911663085734e-08
-12.5,102.5,5.7541508320897786e-08
-10.0,102.5,6.193180639521182e-08
-7.5,102.5,7.335522981439449e-08
-5.0,102.5,8.676977619649811e-08
-2.5,102.5,8.756955000666036e-08
0.0,102.5,7.754379474890332e-08
2.5,102.5,6.924019715884037e-08
5.0,102.5,6.587026035505565e-08
7.5,102.5,6.606580956838773e-08
10.0,102.5,6.823298920239065e-08
12.5,102.5,7.16174959638484e-08
15.0,102.5,7.491730875328187e-08
17.5,102.5,7.471929908350586e-08
20.0,102.5,6.935669061616548e-08
22.5,102.5,6.256899895151669e-08
25.0,102.5,5.8193917917385236e-08
27.5,102.5,5.702883914837157e-08
30.0,102.5,5.828896403819996e-08
32.5,102.5,6.0974027698738e-08
35.0,102.5,6.468983728696253e-08
37.5,102.5,6.980685967412842e-08
40.0,102.5,7.670521575609874e-08
42.5,102.5,8.473689151562664e-08
45.0,102.5,9.17602970299879e-08
47.5,102.5,9.485493771730787e-08
50.0,102.5,9.230557814734736e-08
52.5,102.5,8.584424650463549e-08
55.0,102.5,7.964213017368327e-08
57.5,102.5,7.685692142778085e-08
60.0,102.5,7.859544640453825e-08
62.5,102.5,8.412731731957061e-08
65.0,102.5,8.999880883716099e-08
67.5,102.5,9.117491514424146e-08
70.0,102.5,8.737140411149981e-08
72.5,102.5,8.341315417098208e-08
75.0,102.5,8.295562916551218e-08
77.5,102.5,8.687226681959409e-08
80.0,102.5,9.391607912842808e-08
82.5,102.5,1.0086974752718074e-07
85.0,102.5,1.0446201180035534e-07
87.5,102.5,1.0461440102017443e-07
90.0,102.5,1.0372392215987592e-07
92.5,102.5,1.0338570904922159e-07
95.0,102.5,1.0353957412219582e-07
97.5,102.5,1.0360432227139095e-07
100.0,102.5,1.035766520008818e-07
102.5,102.5,1.0416582707541182e-07
105.0,102.5,1.0613502187748288e-07
107.5,102.5,1.095807213012491e-07
110.0,102.5,1.1354162248815298e-07
112.5,102.5,1.1615005006465387e-07
115.0,102.5,1.1573034788977717e-07
117.5,102.5,1.1229734470282614e-07
120.0,102.5,1.0764797914090928e-07
122.5,102.5,1.0395229865397443e-07
125.0,102.5,1.0269763950648332e-07
127.5,102.5,1.0467809055372214e-07
130.0,102.5,1.1043756564362399e-07
132.5,102.5,1.207109129033687e-07
135.0,102.5,1.3680704125377478e-07
137.5,102.5,1.6100377498344226e-07
140.0,102.5,1.9697886175000138e-07
142.5,102.5,2.501249097776599e-07
145.0,102.5,3.271095740079323e-07
147.5,102.5,4.330582249049408e-07
150.0,102.5,5.646289732779774e-07
152.5,102.5,7.037065485483133e-07
155.0,102.5,8.247612457935952e-07
-142.5,105.0,1.9091360576310996e-07
-140.0,105.0,1.7848559888761228e-07
-137.5,105.0,1.6866570395204014e-07
-135.0,105.0,1.6109380722114285e-07
-132.5,105.0,1.5550179698203842e-07
-130.0,105.0,1.517000421767366e-07
-127.5,105.0,1.4956785399946653e-07
-125.0,105.0,1.4904837429033103e-07
-122.5,105.0,1.5014644772012508e-07
-120.0,105.0,1.5293048535648982e-07
-117.5,105.0,1.5753705505169329e-07
-115.0,105.0,1.6417848991933184e-07
-112.5,105.0,1.731506262186666e-07
-110.0,105.0,1.8483350037285486e-07
-107.5,105.0,1.9966189588310937e-07
-105.0,105.0,2.1800225093024234e-07
-102.5,105.0,2.3979023821288164e-07
-100.0,105.0,2.6369832077704294e-07
-97.5,105.0,2.8583457728602507e-07
-95.0,105.0,2.9916634286576796e-07
-92.5,105.0,2.9629355170209135e-07
-90.0,105.0,2.754880744057654e-07
-87.5,105.0,2.4320940033755847e-07
-85.0,105.0,2.0888761198562956e-07
-82.5,105.0,1.7881007237352509e-07
-80.0,105.0,1.550944884407712e-07
-77.5,105.0,1.375654821932706e-07
-75.0,105.0,1.2535964448212209e-07
-72.5,105.0,1.1764276108433498e-07
-70.0,105.0,1.138270027647792e-07
-67.5,105.0,1.1359647701249314e-07
-65.0,105.0,1.1685610406539698e-07
-62.5,105.0,1.235918312849768e-07
-60.0,105.0,1.335154528697714e-07
-57.5,105.0,1.4514415179693527e-07
-55.0,105.0,1.529835197830699e-07
-52.5,105.0,1.4304264317062372e-07
-50.0,105.0,1.1033309069705503e-07
-47.5,105.0,7.68795053781529e-08
-45.0,105.0,5.50582323486529e-08
-42.5,105.0,4.3240531136490435e-08
-40.0,105.0,3.8366650435316764e-08
-37.5,105.0,3.8414665870785e-08
-35.0,105.0,4.1319832369622204e-08
-32.5,105.0,4.312184910660029e-08
-30.0,105.0,4.192423918873736e-08
-27.5,105.0,4.1240003899390444e-08
-25.0,105.0,4.188523609277314e-08
-22.5,105.0,4.297672009249381e-08
-20.0,105.0,4.6272092152546487e-08
-17.5,105.0,5.265121519175122e-08
-15.0,105.0,5.7966759330534337e-08
-12.5,105.0,5.9550294396111426e-08
-10.0,105.0,6.285655242592378e-08
-7.5,105.0,7.26542976564327e-08
-5.0,105.0,8.700059447321827e-08
-2.5,105.0,9.234864986661079e-08
0.0,105.0,8.35631741233382e-08
2.5,105.0,7.355714424869787e-08
5.0,105.0,6.838581107990862e-08
7.5,105.0,6.751561442855294e-08
10.0,105.0,6.940134889189828e-08
12.5,105.0,7.29342042987119e-08
15.0,105.0,7.660262596787154e-08
17.5,105.0,7.711506267862022e-08
20.0,105.0,7.232479508672662e-08
22.5,105.0,6.531540516245136e-08
25.0,105.0,6.022051603538164e-08
27.5,105.0,5.831507276755318e-08
30.0,105.0,5.907460084784976e-08
32.5,105.0,6.160661151776974e-08
35.0,105.0,6.538396150367282e-08
37.5,105.0,7.045942717873324e-08
40.0,105.0,7.700029874397933e-08
42.5,105.0,8.445376589554692e-08
45.0,105.0,9.107955835547095e-08
47.5,105.0,9.441064747282155e-08
50.0,105.0,9.267619555621257e-08
52.5,105.0,8.678861501721305e-08
55.0,105.0,8.030763030829536e-08
57.5,105.0,7.651110990353463e-08
60.0,105.0,7.682820521139227e-08
62.5,105.0,8.102141259243552e-08
65.0,105.0,8.672087025918262e-08
67.5,105.0,8.952193606310743e-08
70.0,105.0,8.74868122143206e-08
72.5,105.0,8.393746568691663e-08
75.0,105.0,8.279198200703931e-08
77.5,105.0,8.555971890626575e-08
80.0,105.0,9.15894404464734e-08
82.5,105.0,9.829384950316053e-08
85.0,105.0,1.0241460976979979e-07
87.5,105.0,1.0300998873406025e-07
90.0,105.0,1.0193176778412842e-07
92.5,105.0,1.0102273241176192e-07
95.0,105.0,1.0066531469415701e-07
97.5,105.0,1.0051552364055938e-07
100.0,105.0,1.0055056829697909e-07
102.5,105.0,1.0136078922233248e-07
105.0,105.0,1.0369194026799194e-07
107.5,105.0,1.0778821143711729e-07
110.0,105.0,1.1288054871257496e-07
112.5,105.0,1.1704354250492733e-07
115.0,105.0,1.1806029420142735e-07
117.5,105.0,1.152711099398289e-07
120.0,105.0,1.1030976194492564e-07
122.5,105.0,1.0566604696856985e-07
125.0,105.0,1.031587679496104e-07
127.5,105.0,1.0370208427411738e-07
130.0,105.0,1.0776947688433125e-07
132.5,105.0,1.1587733329409078e-07
135.0,105.0,1.289577030401826e-07
137.5,105.0,1.4869765094305083e-07
140.0,105.0,1.779060892232104e-07
142.5,105.0,2.2087207831831632e-07
145.0,105.0,2.8342336850031443e-07
147.5,105.0,3.7175351510971196e-07
150.0,105.0,4.881946352988119e-07
152.5,105.0,6.239786986326437e-07
155.0,105.0,7.575802567813967e-07
-142.5,107.5,1.8125377949331051e-07
-140.0,107.5,1.713148043688862e-07
-137.5,107.5,1.636283595166632e-07
-135.0,107.5,1.5792657970636498e-07
-132.5,107.5,1.540191994616743e-07
-130.0,107.5,1.5178435830834642e-07
-127.5,107.5,1.511632235256816e-07
-125.0,107.5,1.5215817548525258e-07
-122.5,107.5,1.548342967114212e-07
-120.0,107.5,1.5932413645707147e-07
-117.5,107.5,1.658350226085909e-07
-115.0,107.5,1.746576200135654e-07
-112.5,107.5,1.8616884691519652e-07
-110.0,107.5,2.008097449400122e-07
-107.5,107.5,2.1898409043771116e-07
-105.0,107.5,2.407487278506974e-07
-102.5,107.5,2.6507660028819173e-07
-100.0,107.5,2.886111108990349e-07
-97.5,107.5,3.048002673643492e-07
-95.0,107.5,3.0584502062625973e-07
-92.5,107.5,2.883719759186452e-07
-90.0,107.5,2.573054856956385e-07
-87.5,107.5,2.221090150601894e-07
-85.0,107.5,1.9012504697059885e-07
-82.5,107.5,1.6434724144652166e-07
-80.0,107.5,1.449712808936204e-07
-77.5,107.5,1.3120007240421403e-07
-75.0,107.5,1.2215078350292332e-07
-72.5,107.5,1.1715794780567803e-07
-70.0,107.5,1.1583039723859221e-07
-67.5,107.5,1.1802004260036151e-07
-65.0,107.5,1.2372364555372821e-07
-62.5,107.5,1.3284196003614656e-07
-60.0,107.5,1.446356308406071e-07
-57.5,107.5,1.5672287630539981e-07
-55.0,107.5,1.633237019838776e-07
-52.5,107.5,1.5318107480666977e-07
-50.0,107.5,1.2132168624818394e-07
-47.5,107.5,8.585282076507611e-08
-45.0,107.5,6.100197132727567e-08
-42.5,107.5,4.6702248616043664e-08
-40.0,107.5,3.983967715240529e-08
-37.5,107.5,3.8174311949586176e-08
-35.0,107.5,4.001345830457153e-08
-32.5,107.5,4.26281359366517e-08
-30.0,107.5,4.268477634019993e-08
-27.5,107.5,4.1442190506192033e-08
-25.0,107.5,4.142851339170374e-08
-22.5,107.5,4.2617930036262886e-08
-20.0,107.5,4.562528137924147e-08
-17.5,107.5,5.1620147084537527e-08
-15.0,107.5,5.825601756426476e-08
-12.5,107.5,6.139828790205514e-08
-10.0,107.5,6.416806439713605e-08
-7.5,107.5,7.224006655582594e-08
-5.0,107.5,8.619026614407353e-08
-2.5,107.5,9.546713811026434e-08
0.0,107.5,8.945734104974902e-08
2.5,107.5,7.838675565308908e-08
5.0,107.5,7.138568824429773e-08
7.5,107.5,6.920026109957696e-08
10.0,107.5,7.049975268312376e-08
12.5,107.5,7.40215776815881e-08
15.0,107.5,7.807744108936125e-08
17.5,107.5,7.937269651903225e-08
20.0,107.5,7.530537994945398e-08
22.5,107.5,6.824590036034475e-08
25.0,107.5,6.25027466347262e-08
27.5,107.5,5.986185112139369e-08
30.0,107.5,6.009077841369336e-08
32.5,107.5,6.242167169313689e-08
35.0,107.5,6.62618577520739e-08
37.5,107.5,7.141099511685755e-08
40.0,107.5,7.780137411282958e-08
42.5,107.5,8.487972382513831e-08
45.0,107.5,9.117906574728617e-08
47.5,107.5,9.461059858525213e-08
50.0,107.5,9.348104550466601e-08
52.5,107.5,8.812589370090435e-08
55.0,107.5,8.148478255789402e-08
57.5,107.5,7.684425631057428e-08
60.0,107.5,7.592144381177822e-08
62.5,107.5,7.884972801961301e-08
65.0,107.5,8.403625784673343e-08
67.5,107.5,8.785304841484785e-08
70.0,107.5,8.74559206346918e-08
72.5,107.5,8.45677283477838e-08
75.0,107.5,8.295688135076784e-08
77.5,107.5,8.468760970238912e-08
80.0,107.5,8.966947338309953e-08
82.5,107.5,9.592219209336463e-08
85.0,107.5,1.0040699570923255e-07
87.5,107.5,1.0153258046128064e-07
90.0,107.5,1.0046865168868492e-07
92.5,107.5,9.910971277840171e-08
95.0,107.5,9.822641059886254e-08
97.5,107.5,9.773608142995122e-08
100.0,107.5,9.764839375341193e-08
102.5,107.5,9.846955087656658e-08
105.0,107.5,1.0092071362855021e-07
107.5,107.5,1.0537992053028819e-07
110.0,107.5,1.11328926680362e-07
112.5,107.5,1.1696097379864945e-07
115.0,107.5,1.1966205677033803e-07
117.5,107.5,1.1796470018065267e-07
120.0,107.5,1.1307070020170261e-07
122.5,107.5,1.0769949654664309e-07
125.0,107.5,1.0406967034002961e-07
127.5,107.5,1.0330166619250798e-07
130.0,107.5,1.0586154426976881e-07
132.5,107.5,1.1210567512922287e-07
135.0,107.5,1.2266741071828603e-07
137.5,107.5,1.3876026612479013e-07
140.0,107.5,1.6248182390614571e-07
142.5,107.5,1.971370370337542e-07
145.0,107.5,2.4747306311822645e-07
147.5,107.5,3.193706777920515e-07
150.0,107.5,4.177827154645649e-07
152.5,107.5,5.414170918191986e-07
155.0,107.5,6.769409665778041e-07
-142.5,110.0,1.7396465819368016e-07
-140.0,110.0,1.6616525368291388e-07
-137.5,110.0,1.6035524667504664e-07
-135.0,110.0,1.563438906450934e-07
-132.5,110.0,1.540080415283124e-07
-130.0,110.0,1.5328705460004513e-07
-127.5,110.0,1.5418082874108366e-07
-125.0,110.0,1.5675116975902848e-07
-122.5,110.0,1.61126519306951e-07
-120.0,110.0,1.675092500798348e-07
-117.5,110.0,1.761845312417618e-07
-115.0,110.0,1.8752511227194863e-07
-112.5,110.0,2.0197534179810684e-07
-110.0,110.0,2.1996803016855668e-07
-107.5,110.0,2.4166031562587565e-07
-105.0,110.0,2.66285002020132e-07
-102.5,110.0,2.909814098664925e-07
-100.0,110.0,3.097378388831462e-07
-97.5,110.0,3.1460785051247274e-07
-95.0,110.0,3.007943756537844e-07
-92.5,110.0,2.7150165226426986e-07
-90.0,110.0,2.358408421398805e-07
-87.5,110.0,2.0208706853712552e-07
-85.0,110.0,1.7421778577287206e-07
-82.5,110.0,1.5291284089322096e-07
-80.0,110.0,1.374952770669514e-07
-77.5,110.0,1.270512228931676e-07
-75.0,110.0,1.2084099334793542e-07
-72.5,110.0,1.1839575755444939e-07
-70.0,110.0,1.1950443650979377e-07
-67.5,110.0,1.2414284000865864e-07
-65.0,110.0,1.323015222898503e-07
-62.5,110.0,1.4358487514267002e-07
-60.0,110.0,1.5646677019276295e-07
-57.5,110.0,1.674847822260594e-07
-55.0,110.0,1.7106358945565422e-07
-52.5,110.0,1.5972654128712417e-07
-50.0,110.0,1.3004760250890045e-07
-47.5,110.0,9.46379761125434e-08
-45.0,110.0,6.752613748786038e-08
-42.5,110.0,5.0841936529382694e-08
-40.0,110.0,4.2004140971581805e-08
-37.5,110.0,3.86567123569858e-08
-35.0,110.0,3.9177905890521076e-08
-32.5,110.0,4.170319813512218e-08
-30.0,110.0,4.315122173107665e-08
-27.5,110.0,4.23062959819875e-08
-25.0,110.0,4.1534366498489653e-08
-22.5,110.0,4.2225636032288956e-08
-20.0,110.0,4.490224307899533e-08
-17.5,110.0,5.0468985722139685e-08
-15.0,110.0,5.784502767844844e-08
-12.5,110.0,6.279454804200458e-08
-10.0,110.0,6.571452551476232e-08
-7.5,110.0,7.224052880184533e-08
-5.0,110.0,8.492780313202174e-08
-2.5,110.0,9.682260686962834e-08
0.0,110.0,9.472418054518133e-08
2.5,110.0,8.358823435995128e-08
5.0,110.0,7.487755488528816e-08
7.5,110.0,7.11964994985255e-08
10.0,110.0,7.161834839290362e-08
12.5,110.0,7.487934286768228e-08
15.0,110.0,7.92282870000717e-08
17.5,110.0,8.134535043449238e-08
20.0,110.0,7.816005987427403e-08
22.5,110.0,7.125695671951325e-08
25.0,110.0,6.497410787894202e-08
27.5,110.0,6.161749787271658e-08
30.0,110.0,6.129052452308746e-08
32.5,110.0,6.337209806675067e-08
35.0,110.0,6.725957254605411e-08
37.5,110.0,7.256756293918814e-08
40.0,110.0,7.899053225986406e-08
42.5,110.0,8.589147678658924e-08
45.0,110.0,9.196372458567523e-08
47.5,110.0,9.542354695471457e-08
50.0,110.0,9.473230326514306e-08
52.5,110.0,8.985299151427458e-08
55.0,110.0,8.314139473173412e-08
57.5,110.0,7.77922226435986e-08
60.0,110.0,7.577205571563103e-08
62.5,110.0,7.751993541233986e-08
65.0,110.0,8.20029108964772e-08
67.5,110.0,8.633970824661448e-08
70.0,110.0,8.734720774415626e-08
72.5,110.0,8.530078744441025e-08
75.0,110.0,8.345196938027031e-08
77.5,110.0,8.4280617337847e-08
80.0,110.0,8.822734914372308e-08
82.5,110.0,9.387704107575818e-08
85.0,110.0,9.85363184366274e-08
87.5,110.0,1.0020109876210695e-07
90.0,110.0,9.932130591013492e-08
92.5,110.0,9.765096027306859e-08
95.0,110.0,9.62682173285011e-08
97.5,110.0,9.53627409836821e-08
100.0,110.0,9.501664725211314e-08
102.5,110.0,9.568106991127027e-08
105.0,110.0,9.804461709758562e-08
107.5,110.0,1.0258884286264088e-07
110.0,110.0,1.090591136405574e-07
112.5,110.0,1.1591482922041502e-07
115.0,110.0,1.203746608420968e-07
117.5,110.0,1.2016349616945025e-07
120.0,110.0,1.1576692923078585e-07
122.5,110.0,1.09946655721674e-07
125.0,110.0,1.0534924320117322e-07
127.5,110.0,1.0339064389604027e-07
130.0,110.0,1.0459906507197451e-07
132.5,110.0,1.0922678532854119e-07
135.0,110.0,1.1767463366728519e-07
137.5,110.0,1.3077981994243585e-07
140.0,110.0,1.5007080506581422e-07
142.5,110.0,1.7803480054758934e-07
145.0,110.0,2.1837629454535764e-07
147.5,110.0,2.760797016496823e-07
150.0,110.0,3.566386663146279e-07
152.5,110.0,4.63087106404388e-07
155.0,110.0,5.903652388850211e-07
-142.5,112.5,1.6870441610297927e-07
-140.0,112.5,1.6278780048386601e-07
-137.5,112.5,1.5867405156779796e-07
-135.0,112.5,1.5623885410223582e-07
-132.5,112.5,1.554197458077537e-07
-130.0,112.5,1.5621417984562845e-07
-127.5,112.5,1.586807711048277e-07
-125.0,112.5,1.629438676498233e-07
-122.5,112.5,1.6920080868943738e-07
-120.0,112.5,1.777310258115438e-07
-117.5,112.5,1.8890228728629914e-07
-115.0,112.5,2.0315992891001882e-07
-112.5,112.5,2.2095864886280365e-07
-110.0,112.5,2.4253807448090285e-07
-107.5,112.5,2.673541497218881e-07
-105.0,112.5,2.929980292986839e-07
-102.5,112.5,3.140270155712537e-07
-100.0,112.5,3.225595618853229e-07
-97.5,112.5,3.126371803038044e-07
-95.0,112.5,2.856618677139593e-07
-92.5,112.5,2.5000971960505966e-07
-90.0,112.5,2.146860069270248e-07
-87.5,112.5,1.847252468240351e-07
-85.0,112.5,1.6141539989893138e-07
-82.5,112.5,1.4426738454699198e-07
-80.0,112.5,1.3236048332506968e-07
-77.5,112.5,1.2488653867549074e-07
-75.0,112.5,1.2129819853282042e-07
-72.5,112.5,1.2131502541950006e-07
-70.0,112.5,1.2487270572847332e-07
-67.5,112.5,1.3199870491268732e-07
-65.0,112.5,1.4251537507992395e-07
-62.5,112.5,1.5543130496316498e-07
-60.0,112.5,1.681365602234549e-07
-57.5,112.5,1.763452151317007e-07
-55.0,112.5,1.757021961187213e-07
-52.5,112.5,1.6285005243506956e-07
-50.0,112.5,1.3619778633890548e-07
-47.5,112.5,1.0277417272866714e-07
-45.0,112.5,7.445109079760223e-08
-42.5,112.5,5.5600093658840876e-08
-40.0,112.5,4.47958951457899e-08
-37.5,112.5,3.978311142067996e-08
-35.0,112.5,3.890463776297342e-08
-32.5,112.5,4.072995161536051e-08
-30.0,112.5,4.300385694752332e-08
-27.5,112.5,4.330480239517062e-08
-25.0,112.5,4.232578567409032e-08
-22.5,112.5,4.223632741112822e-08
-20.0,112.5,4.42350266239371e-08
-17.5,112.5,4.9204363398370635e-08
-15.0,112.5,5.6817842593146576e-08
-12.5,112.5,6.347843349765694e-08
-10.0,112.5,6.725039942723786e-08
-7.5,112.5,7.264689530506726e-08
-5.0,112.5,8.366497628086572e-08
-2.5,112.5,9.671620233715832e-08
0.0,112.5,9.888858221443148e-08
2.5,112.5,8.894856970443366e-08
5.0,112.5,7.88515810031725e-08
7.5,112.5,7.357303466088901e-08
10.0,112.5,7.286734272607015e-08
12.5,112.5,7.558185233531389e-08
15.0,112.5,8.002125249523741e-08
17.5,112.5,8.291817778646123e-08
20.0,112.5,8.075455057138359e-08
22.5,112.5,7.42369931903052e-08
25.0,112.5,6.756126970333811e-08
27.5,112.5,6.352967844519306e-08
30.0,112.5,6.262880533129909e-08
32.5,112.5,6.441226426173502e-08
35.0,112.5,6.831389729857773e-08
37.5,112.5,7.383262743116065e-08
40.0,112.5,8.044421369064976e-08
42.5,112.5,8.735987664675936e-08
45.0,112.5,9.332618021207559e-08
47.5,112.5,9.679070001257311e-08
50.0,112.5,9.64121640159261e-08
52.5,112.5,9.194940201085473e-08
55.0,112.5,8.523948542154299e-08
57.5,112.5,7.929877022547219e-08
60.0,112.5,7.629657886910185e-08
62.5,112.5,7.694354958209676e-08
65.0,112.5,8.06234764793978e-08
67.5,112.5,8.510232191078203e-08
70.0,112.5,8.723150159787626e-08
72.5,112.5,8.613106269013451e-08
75.0,112.5,8.426748593195555e-08
77.5,112.5,8.434640028495856e-08
80.0,112.5,8.730463445625061e-08
82.5,112.5,9.22503195877373e-08
85.0,112.5,9.6897465787834e-08
87.5,112.5,9.904702727454141e-08
90.0,112.5,9.847755791625634e-08
92.5,112.5,9.663866268832787e-08
95.0,112.5,9.481154847873081e-08
97.5,112.5,9.345551093243222e-08
100.0,112.5,9.275789734406129e-08
102.5,112.5,9.314114681245733e-08
105.0,112.5,9.525601469214011e-08
107.5,112.5,9.965053479517345e-08
110.0,112.5,1.0630679850254521e-07
112.5,112.5,1.1403470706484373e-07
115.0,112.5,1.2013675886364004e-07
117.5,112.5,1.2168367699144816e-07
120.0,112.5,1.1822560622875843e-07
122.5,112.5,1.1229086630007945e-07
125.0,112.5,1.069145385719053e-07
127.5,112.5,1.038894677227168e-07
130.0,112.5,1.0388188856372533e-07
132.5,112.5,1.0709644831756683e-07
135.0,112.5,1.1375888035611804e-07
137.5,112.5,1.244091662847373e-07
140.0,112.5,1.4012482203054222e-07
142.5,112.5,1.6273739440925388e-07
145.0,112.5,1.9505707469442437e-07
147.5,112.5,2.4105008512276895e-07
150.0,112.5,3.0569015139464615e-07
152.5,112.5,3.9366297372000255e-07
155.0,112.5,5.056753272069249e-07
-142.5,115.0,1.6522423790497554e-07
-140.0,115.0,1.6100964405807326e-07
-137.5,115.0,1.5847669156492353e-07
-135.0,115.0,1.5756116332712714e-07
-132.5,115.0,1.5825805551297528e-07
-130.0,115.0,1.6062287611069225e-07
-127.5,115.0,1.6477585279216137e-07
-125.0,115.0,1.7090927944762543e-07
-122.5,115.0,1.7929675604219006e-07
-120.0,115.0,1.9030039968502357e-07
-117.5,115.0,2.0436441987814876e-07
-115.0,115.0,2.219596663393142e-07
-112.5,115.0,2.4339302738117185e-07
-110.0,115.0,2.68310557778216e-07
-107.5,115.0,2.9470988320363024e-07
-105.0,115.0,3.177214656283941e-07
-102.5,115.0,3.2969874342099426e-07
-100.0,115.0,3.238002106695766e-07
-97.5,115.0,2.9964382671738906e-07
-95.0,115.0,2.6452263230051904e-07
-92.5,115.0,2.2789803679725332e-07
-90.0,115.0,1.958838809063009e-07
-87.5,115.0,1.7050380855339904e-07
-85.0,115.0,1.5153979733003913e-07
-82.5,115.0,1.3809667394906397e-07
-80.0,115.0,1.2930668168526637e-07
-77.5,115.0,1.2454437102969425e-07
-75.0,115.0,1.234559333771294e-07
-72.5,115.0,1.2592408302740005e-07
-70.0,115.0,1.319776113835781e-07
-67.5,115.0,1.4157439031697924e-07
-65.0,115.0,1.5412020929181344e-07
-62.5,115.0,1.6768758783162703e-07
-60.0,115.0,1.7855091493747264e-07
-57.5,115.0,1.8246011697431635e-07
-55.0,115.0,1.7734462716816593e-07
-52.5,115.0,1.63344556865075e-07
-50.0,115.0,1.4006941665051215e-07
-47.5,115.0,1.0997972649410523e-07
-45.0,115.0,8.158393975055767e-08
-42.5,115.0,6.09064724724991e-08
-40.0,115.0,4.816221671591459e-08
-37.5,115.0,4.1484109290212924e-08
-35.0,115.0,3.918843171911463e-08
-32.5,115.0,4.0003729036849654e-08
-30.0,115.0,4.237251179598648e-08
-27.5,115.0,4.392558542178388e-08
-25.0,115.0,4.3546014369613814e-08
-22.5,115.0,4.2895513576402356e-08
-20.0,115.0,4.39521123310037e-08
-17.5,115.0,4.7992843992066995e-08
-15.0,115.0,5.529240287100673e-08
-12.5,115.0,6.325282838966705e-08
-10.0,115.0,6.844178578066052e-08
-7.5,115.0,7.332826725310149e-08
-5.0,115.0,8.265470550847685e-08
-2.5,115.0,9.565775976356498e-08
0.0,115.0,1.0165141390248727e-07
2.5,115.0,9.417576536973155e-08
5.0,115.0,8.326721977321125e-08
7.5,115.0,7.638489215807577e-08
10.0,115.0,7.435533277958523e-08
12.5,115.0,7.624773953059065e-08
15.0,115.0,8.050525194981419e-08
17.5,115.0,8.403499181538206e-08
20.0,115.0,8.297584327277526e-08
22.5,115.0,7.707650777973975e-08
25.0,115.0,7.018852698378601e-08
27.5,115.0,6.554760058604971e-08
30.0,115.0,6.406523487513189e-08
32.5,115.0,6.550241712441326e-08
35.0,115.0,6.936834323988591e-08
37.5,115.0,7.51131113199759e-08
40.0,115.0,8.203493491511026e-08
42.5,115.0,8.914747319911851e-08
45.0,115.0,9.514653070343737e-08
47.5,115.0,9.863125375831093e-08
50.0,115.0,9.84767492887262e-08
52.5,115.0,9.437605428932011e-08
55.0,115.0,8.773107485465746e-08
57.5,115.0,8.130913542631752e-08
60.0,115.0,7.742495746833682e-08
62.5,115.0,7.70414639786259e-08
65.0,115.0,7.987068443429523e-08
67.5,115.0,8.421415579777022e-08
70.0,115.0,8.717242582389063e-08
72.5,115.0,8.704928322795895e-08
75.0,115.0,8.538142028385655e-08
77.5,115.0,8.487755490962623e-08
80.0,115.0,8.691889518409705e-08
82.5,115.0,9.110295717394552e-08
85.0,115.0,9.557187842948946e-08
87.5,115.0,9.81081261612062e-08
90.0,115.0,9.792692584521537e-08
92.5,115.0,9.605624863607716e-08
95.0,115.0,9.385930090739099e-08
97.5,115.0,9.204633829662699e-08
100.0,115.0,9.093740782718614e-08
102.5,115.0,9.095217287077075e-08
105.0,115.0,9.270331872673153e-08
107.5,115.0,9.677096317605451e-08
110.0,115.0,1.0332389985709053e-07
112.5,115.0,1.1153784096991205e-07
115.0,115.0,1.1900446385718012e-07
117.5,115.0,1.2240864018916904e-07
120.0,115.0,1.2028537839602704e-07
122.5,115.0,1.1461137613565883e-07
125.0,115.0,1.0868290611253931e-07
127.5,115.0,1.0472582122377255e-07
130.0,115.0,1.0362414419334043e-07
132.5,115.0,1.055936390528105e-07
135.0,115.0,1.1073703373962496e-07
137.5,115.0,1.193617948426569e-07
140.0,115.0,1.3218893038597166e-07
142.5,115.0,1.505323736677731e-07
145.0,115.0,1.7647862029027194e-07
147.5,115.0,2.1306694185753008e-07
150.0,115.0,2.6437828572441044e-07
152.5,115.0,3.35142582131916e-07
155.0,115.0,4.2890698802485303e-07
-142.5,117.5,1.6335063415758269e-07
-140.0,117.5,1.6072150872252672e-07
-137.5,117.5,1.5971117735537855e-07
-135.0,117.5,1.6031230620795674e-07
-132.5,117.5,1.6257721718998373e-07
-130.0,117.5,1.6662214828225354e-07
-127.5,117.5,1.7263436491397656e-07
-125.0,117.5,1.808813729841435e-07
-122.5,117.5,1.9171927801015714e-07
-120.0,117.5,2.055894806977258e-07
-117.5,117.5,2.2297408136014446e-07
-115.0,117.5,2.442341821001224e-07
-112.5,117.5,2.6917707432107976e-07
-110.0,117.5,2.9616176229019763e-07
-107.5,117.5,3.208778652849886e-07
-105.0,117.5,3.3604211712871157e-07
-102.5,117.5,3.342046570524793e-07
-100.0,117.5,3.1330492284022793e-07
-97.5,117.5,2.7926796193448095e-07
-95.0,117.5,2.4168298106650367e-07
-92.5,117.5,2.0770095903053763e-07
-90.0,117.5,1.8020177415013986e-07
-87.5,117.5,1.5933689492241174e-07
-85.0,117.5,1.442794526993086e-07
-82.5,117.5,1.3411516739871768e-07
-80.0,117.5,1.2814237668667566e-07
-77.5,117.5,1.2593134724917343e-07
-75.0,117.5,1.2730317570510647e-07
-72.5,117.5,1.3226314029697314e-07
-70.0,117.5,1.4084372355805068e-07
-67.5,117.5,1.5273753341130083e-07
-65.0,117.5,1.666061937753207e-07
-62.5,117.5,1.7935929427961444e-07
-60.0,117.5,1.866479364971085e-07
-57.5,117.5,1.8551165005709905e-07
-55.0,117.5,1.7660617868120623e-07
-52.5,117.5,1.6222308402945403e-07
-50.0,117.5,1.4231772098637988e-07
-47.5,117.5,1.1619904117144169e-07
-45.0,117.5,8.874497121073974e-08
-42.5,117.5,6.667311080486037e-08
-40.0,117.5,5.204886155350832e-08
-37.5,117.5,4.3698770794695085e-08
-35.0,117.5,3.99870150685221e-08
-32.5,117.5,3.966602868614147e-08
-30.0,117.5,4.158318067738787e-08
-27.5,117.5,4.39505566882205e-08
-25.0,117.5,4.475076777896965e-08
-22.5,117.5,4.415639493727803e-08
-20.0,117.5,4.432220309677044e-08
-17.5,117.5,4.715717465628496e-08
-15.0,117.5,5.3549874415159024e-08
-12.5,117.5,6.207017735414522e-08
-10.0,117.5,6.889881089372783e-08
-7.5,117.5,7.402752212626254e-08
-5.0,117.5,8.196099543965175e-08
-2.5,117.5,9.414499975455708e-08
0.0,117.5,1.0298029238565914e-07
2.5,117.5,9.892472388879502e-08
5.0,117.5,8.80362317457115e-08
7.5,117.5,7.96681537562538e-08
10.0,117.5,7.617649515045909e-08
12.5,117.5,7.700772421692146e-08
15.0,117.5,8.07905013258705e-08
17.5,117.5,8.471158740429156e-08
20.0,117.5,8.474893237524017e-08
22.5,117.5,7.96782266139051e-08
25.0,117.5,7.27830219832351e-08
27.5,117.5,6.762444203595938e-08
30.0,117.5,6.556631996886013e-08
32.5,117.5,6.661215103860447e-08
35.0,117.5,7.037875618396006e-08
37.5,117.5,7.632734961167318e-08
40.0,117.5,8.363760530534124e-08
42.5,117.5,9.110959027910881e-08
45.0,117.5,9.729239828297715e-08
47.5,117.5,1.008458932797657e-07
50.0,117.5,1.0085997334693534e-07
52.5,117.5,9.70755439315582e-08
55.0,117.5,9.055515283635272e-08
57.5,117.5,8.376430481060157e-08
60.0,117.5,7.909422449878573e-08
62.5,117.5,7.774400011952298e-08
65.0,117.5,7.970326683911631e-08
67.5,117.5,8.371128956357027e-08
70.0,117.5,8.722086057127224e-08
72.5,117.5,8.804216252313109e-08
75.0,117.5,8.675876424027757e-08
77.5,117.5,8.585259350199929e-08
80.0,117.5,8.706894758387309e-08
82.5,117.5,9.046874936410892e-08
85.0,117.5,9.462191353953883e-08
87.5,117.5,9.742237531908533e-08
90.0,117.5,9.766056236398156e-08
92.5,117.5,9.588067370345466e-08
95.0,117.5,9.340128168097194e-08
97.5,117.5,9.114669863253855e-08
100.0,117.5,8.959153403626631e-08
102.5,117.5,8.917918712916056e-08
105.0,117.5,9.048993247211356e-08
107.5,117.5,9.410964675018818e-08
110.0,117.5,1.0033824042191159e-07
112.5,117.5,1.0868056709525898e-07
115.0,117.5,1.1713802483468038e-07
117.5,117.5,1.2231468407735257e-07
120.0,117.5,1.2182045552382976e-07
122.5,117.5,1.1679336518795508e-07
125.0,117.5,1.1057523106348538e-07
127.5,117.5,1.0583579515491967e-07
130.0,117.5,1.037539782613936e-07
132.5,117.5,1.0461857799589702e-07
135.0,117.5,1.0845884714245004e-07
137.5,117.5,1.154039572599167e-07
140.0,117.5,1.2589286861316212e-07
142.5,117.5,1.4083220869680373e-07
145.0,117.5,1.6173872711675352e-07
147.5,117.5,1.9088598890582541e-07
150.0,117.5,2.3144743866576495e-07
152.5,117.5,2.874908268267245e-07
155.0,117.5,3.633059533428156e-07
-142.5,120.0,1.629732353689882e-07
-140.0,120.0,1.6186969488303096e-07
-137.5,120.0,1.6237672236646705e-07
-135.0,120.0,1.6454356278668176e-07
-132.5,120.0,1.6848247376110567e-07
-130.0,120.0,1.7437565825893424e-07
-127.5,120.0,1.8248456170383785e-07
-125.0,120.0,1.9315875122395603e-07
-122.5,120.0,2.0683554948600746e-07
-120.0,120.0,2.2400425018502813e-07
-117.5,120.0,2.45069186035341e-07
-115.0,120.0,2.699733014391627e-07
-112.5,120.0,2.9739404953731754e-07
-110.0,120.0,3.2355333027770046e-07
-107.5,120.0,3.416213550521694e-07
-105.0,120.0,3.437947057004623e-07
-102.5,120.0,3.265089364106945e-07
-100.0,120.0,2.941181535845835e-07
-97.5,120.0,2.559821603427259e-07
-95.0,120.0,2.201742663840281e-07
-92.5,120.0,1.9053064778725743e-07
-90.0,120.0,1.6768357687666267e-07
-87.5,120.0,1.5093002977762915e-07
-85.0,120.0,1.3932743180195863e-07
-82.5,120.0,1.3210178104618987e-07
-80.0,120.0,1.2874612210315818e-07
-77.5,120.0,1.2901404439319933e-07
-75.0,120.0,1.3287014870414853e-07
-72.5,120.0,1.4037654478462623e-07
-70.0,120.0,1.5142053485048624e-07
-67.5,120.0,1.6514417811308909e-07
-65.0,120.0,1.7914253270292279e-07
-62.5,120.0,1.8930536867521033e-07
-60.0,120.0,1.917300332229079e-07
-57.5,120.0,1.8578226484338466e-07
-55.0,120.0,1.743451482787994e-07
-52.5,120.0,1.6039935840182873e-07
-50.0,120.0,1.4366120340599322e-07
-47.5,120.0,1.2156556904153454e-07
-45.0,120.0,9.579058249509119e-08
-42.5,120.0,7.279189927565393e-08
-40.0,120.0,5.638951390887478e-08
-37.5,120.0,4.636788835372756e-08
-35.0,120.0,4.124734368311434e-08
-32.5,120.0,3.9754728077720924e-08
-30.0,120.0,4.0913928953959444e-08
-27.5,120.0,4.349728360420159e-08
-25.0,120.0,4.553821157305285e-08
-22.5,120.0,4.573641080903295e-08
-20.0,120.0,4.5419250024535016e-08
-17.5,120.0,4.699685949323094e-08
-15.0,120.0,5.2022542331254225e-08
-12.5,120.0,6.017686611108228e-08
-10.0,120.0,6.83059478897313e-08
-7.5,120.0,7.436171691407394e-08
-5.0,120.0,8.147516409255117e-08
-2.5,120.0,9.252637754867917e-08
0.0,120.0,1.0308211899750724e-07
2.5,120.0,1.0286178690370361e-07
5.0,120.0,9.300722834069964e-08
7.5,120.0,8.343338389831084e-08
10.0,120.0,7.840518233687231e-08
12.5,120.0,7.798200476558032e-08
15.0,120.0,8.101557437915211e-08
17.5,120.0,8.502899799501256e-08
20.0,120.0,8.604854871464243e-08
22.5,120.0,8.196554484430818e-08
25.0,120.0,7.527913323158735e-08
27.5,120.0,6.971912353408598e-08
30.0,120.0,6.71065570541411e-08
32.5,120.0,6.772221415392523e-08
35.0,120.0,7.131728812062595e-08
37.5,120.0,7.741297451490555e-08
40.0,120.0,8.513908684810571e-08
42.5,120.0,9.310026369244955e-08
45.0,120.0,9.962127003134436e-08
47.5,120.0,1.0332026959662728e-07
50.0,120.0,1.0347786074585431e-07
52.5,120.0,9.997425445308324e-08
55.0,120.0,9.363686021938572e-08
57.5,120.0,8.659684802986967e-08
60.0,120.0,8.124286566352794e-08
62.5,120.0,7.898838643166757e-08
65.0,120.0,8.007462462977934e-08
67.5,120.0,8.360316575856774e-08
70.0,120.0,8.74129899471144e-08
72.5,120.0,8.909279136488464e-08
75.0,120.0,8.835152900116038e-08
77.5,120.0,8.723546248552051e-08
80.0,120.0,8.773829268073122e-08
82.5,120.0,9.035964075810884e-08
85.0,120.0,9.408981640381142e-08
87.5,120.0,9.702332745219136e-08
90.0,120.0,9.767080400435942e-08
92.5,120.0,9.608400039994695e-08
95.0,120.0,9.34174399856712e-08
97.5,120.0,9.075367431070852e-08
100.0,120.0,8.873577241922103e-08
102.5,120.0,8.785830392892518e-08
105.0,120.0,8.86803302799323e-08
107.5,120.0,9.177714793306171e-08
110.0,120.0,9.75302236167299e-08
112.5,120.0,1.0571038248546124e-07
115.0,120.0,1.1476297646810998e-07
117.5,120.0,1.214748515751911e-07
120.0,120.0,1.2276135892915165e-07
122.5,120.0,1.1873968969183024e-07
125.0,120.0,1.1252019678537033e-07
127.5,120.0,1.0716521088816376e-07
130.0,120.0,1.0421348891440329e-07
132.5,120.0,1.0409107881242344e-07
135.0,120.0,1.0680256595992578e-07
137.5,120.0,1.1234613984393933e-07
140.0,120.0,1.2093796131935144e-07
142.5,120.0,1.331623697883887e-07
145.0,120.0,1.5009125771076445e-07
147.5,120.0,1.7339494902602847e-07
150.0,120.0,2.0546829629104776e-07
152.5,120.0,2.495445301347281e-07
155.0,120.0,3.095753168099638e-07
-142.5,122.5,1.6403660141396666e-07
-140.0,122.5,1.644511469441922e-07
-137.5,122.5,1.665216940077424e-07
-135.0,122.5,1.7035652844938124e-07
-132.5,122.5,1.7613284631676401e-07
-130.0,122.5,1.8410594337130314e-07
-127.5,122.5,1.9461861478982482e-07
-125.0,122.5,2.0810297541175509e-07
-122.5,122.5,2.250520845008494e-07
-120.0,122.5,2.45904253242781e-07
-117.5,122.5,2.7071595209994413e-07
-115.0,122.5,2.984427796409392e-07
-112.5,122.5,3.258039054287714e-07
-110.0,122.5,3.464794882765366e-07
-107.5,122.5,3.525377643200168e-07
-105.0,122.5,3.3913203810559115e-07
-102.5,122.5,3.0893415400673564e-07
-100.0,122.5,2.7071720765202506e-07
-97.5,122.5,2.3328949424549237e-07
-95.0,122.5,2.0150766896863164e-07
-92.5,122.5,1.766048025698671e-07
-90.0,122.5,1.5807085916626196e-07
-87.5,122.5,1.4496045966988746e-07
-85.0,122.5,1.3643368835944624e-07
-82.5,122.5,1.3190618599550663e-07
-80.0,122.5,1.3106000447588031e-07
-77.5,122.5,1.3380734185885985e-07
-75.0,122.5,1.402075061248906e-07
-72.5,122.5,1.5026874148155726e-07
-70.0,122.5,1.6350073963887628e-07
-67.5,122.5,1.7815185353430673e-07
-65.0,122.5,1.9063243313796448e-07
-62.5,122.5,1.9653915874396193e-07
-60.0,122.5,1.936901025655531e-07
-57.5,122.5,1.8398620004723704e-07
-55.0,122.5,1.7139946945901906e-07
-52.5,122.5,1.5855052986434938e-07
-50.0,122.5,1.4469895971297754e-07
-47.5,122.5,1.2631674258593371e-07
-45.0,122.5,1.026238404564898e-07
-42.5,122.5,7.913574767662913e-08
-40.0,122.5,6.109820315030268e-08
-37.5,122.5,4.9426617217155276e-08
-35.0,122.5,4.291344980870281e-08
-32.5,122.5,4.0256461583581995e-08
-30.0,122.5,4.052172151729385e-08
-27.5,122.5,4.2841137782940036e-08
-25.0,122.5,4.5742782482249286e-08
-22.5,122.5,4.723249852027781e-08
-20.0,122.5,4.711235772026815e-08
-17.5,122.5,4.7664332275509956e-08
-15.0,122.5,5.111830418146099e-08
-12.5,122.5,5.809969484104298e-08
-10.0,122.5,6.66590034811771e-08
-7.5,122.5,7.390783839173753e-08
-5.0,122.5,8.0924391964751e-08
-2.5,122.5,9.094651062134913e-08
0.0,122.5,1.0228122317389011e-07
2.5,122.5,1.057446725184377e-07
5.0,122.5,9.796039674221994e-08
7.5,122.5,8.765630799942523e-08
10.0,122.5,8.109434520211582e-08
12.5,122.5,7.926934766459871e-08
15.0,122.5,8.131806607386395e-08
17.5,122.5,8.511085859600599e-08
20.0,122.5,8.690209032970526e-08
22.5,122.5,8.388833130341984e-08
25.0,122.5,7.762098501296274e-08
27.5,122.5,7.179675472576901e-08
30.0,122.5,6.866813931957569e-08
32.5,122.5,6.882438122216073e-08
35.0,122.5,7.217352205242301e-08
37.5,122.5,7.833250341591643e-08
40.0,122.5,8.644930599992445e-08
42.5,122.5,9.498267177119841e-08
45.0,122.5,1.0198675665818076e-07
47.5,122.5,1.059302221656471e-07
50.0,122.5,1.0623432277770669e-07
52.5,122.5,1.0298692448189419e-07
55.0,122.5,9.688889440936781e-08
57.5,122.5,8.972843836896117e-08
60.0,122.5,8.380611464537418e-08
62.5,122.5,8.071547742927908e-08
65.0,122.5,8.093686067939463e-08
67.5,122.5,8.38816844616581e-08
70.0,122.5,8.777106217239405e-08
72.5,122.5,9.018198049585843e-08
75.0,122.5,9.009987226789311e-08
77.5,122.5,8.897437734165125e-08
80.0,122.5,8.889645385168209e-08
82.5,122.5,9.077019962340298e-08
85.0,122.5,9.399920482415348e-08
87.5,122.5,9.693728926179751e-08
90.0,122.5,9.795031827033941e-08
92.5,122.5,9.663448508547905e-08
95.0,122.5,9.387977914222662e-08
97.5,122.5,9.085370334213925e-08
100.0,122.5,8.837110464938888e-08
102.5,122.5,8.700489982537934e-08
105.0,122.5,8.730912633583366e-08
107.5,122.5,8.984140665098842e-08
110.0,122.5,9.502671711859693e-08
112.5,122.5,1.0283356708740375e-07
115.0,122.5,1.1212222957049654e-07
117.5,122.5,1.2003925339867588e-07
120.0,122.5,1.2310536928050209e-07
122.5,122.5,1.203815897297209e-07
125.0,122.5,1.144583958331825e-07
127.5,122.5,1.0867078818012189e-07
130.0,122.5,1.0495866721287517e-07
132.5,122.5,1.0394924872243678e-07
135.0,122.5,1.0567146852517265e-07
137.5,122.5,1.1003568581183201e-07
140.0,122.5,1.1708387891467558e-07
142.5,122.5,1.271429082367574e-07
145.0,122.5,1.409349801669065e-07
147.5,122.5,1.5966408923580044e-07
150.0,122.5,1.8510720723344125e-07
152.5,122.5,2.1973352520959862e-07
155.0,122.5,2.667837014455074e-07
-142.5,125.0,1.6653544265494881e-07
-140.0,125.0,1.6851138564645778e-07
-137.5,125.0,1.7224403198703857e-07
-135.0,125.0,1.7790558142967599e-07
-132.5,125.0,1.857451962051118e-07
-130.0,125.0,1.9609862727166632e-07
-127.5,125.0,2.093918532844962e-07
-125.0,125.0,2.2611907638791428e-07
-122.5,125.0,2.467445604441904e-07
-120.0,125.0,2.714191478656554e-07
-117.5,125.0,2.9933983728984517e-07
-115.0,125.0,3.276828231528932e-07
-112.5,125.0,3.506675480791168e-07
-110.0,125.0,3.604229713562555e-07
-107.5,125.0,3.510676540078074e-07
-105.0,125.0,3.2357099918995805e-07
-102.5,125.0,2.857902646960693e-07
-100.0,125.0,2.470173966976343e-07
-97.5,125.0,2.131442232520417e-07
-95.0,125.0,1.8612462325822015e-07
-92.5,125.0,1.6572540332988669e-07
-90.0,125.0,1.5103285907863927e-07
-87.5,125.0,1.411508698196833e-07
-85.0,125.0,1.3541870882317206e-07
-82.5,125.0,1.3344445783637826e-07
-80.0,125.0,1.3507978204985916e-07
-77.5,125.0,1.403583515905263e-07
-75.0,125.0,1.493529332277507e-07
-72.5,125.0,1.6183700657536697e-07
-70.0,125.0,1.7662492314095824e-07
-67.5,125.0,1.907969074255737e-07
-65.0,125.0,1.9992980034503493e-07
-62.5,125.0,2.0054661720894232e-07
-60.0,125.0,1.9299523972230788e-07
-57.5,125.0,1.8099050897796478e-07
-55.0,125.0,1.6843563267867938e-07
-52.5,125.0,1.571153454203553e-07
-50.0,125.0,1.4585452534561554e-07
-47.5,125.0,1.3070867071589467e-07
-45.0,125.0,1.0919016882252086e-07
-42.5,125.0,8.556250004598073e-08
-40.0,125.0,6.606556981499444e-08
-37.5,125.0,5.2798962319813e-08
-35.0,125.0,4.492660437777868e-08
-32.5,125.0,4.113601414449031e-08
-30.0,125.0,4.0468455285321306e-08
-27.5,125.0,4.22330622359882e-08
-25.0,125.0,4.5465350448004305e-08
-22.5,125.0,4.828639628243559e-08
-20.0,125.0,4.910006322494992e-08
-17.5,125.0,4.914248293131162e-08
-15.0,125.0,5.1089279479820026e-08
-12.5,125.0,5.641354895907543e-08
-10.0,125.0,6.437749555336037e-08
-7.5,125.0,7.243386620797025e-08
-5.0,125.0,7.992732250622934e-08
-2.5,125.0,8.933720332581334e-08
0.0,125.0,1.008729896095287e-07
2.5,125.0,1.074728813820545e-07
5.0,125.0,1.0262180447184594e-07
7.5,125.0,9.226633163837554e-08
10.0,125.0,8.427445106829281e-08
12.5,125.0,8.094516388480745e-08
15.0,125.0,8.181710794903045e-08
17.5,125.0,8.509606717480022e-08
20.0,125.0,8.738194171363069e-08
22.5,125.0,8.542602163712391e-08
25.0,125.0,7.976339386563721e-08
27.5,125.0,7.382781389737855e-08
30.0,125.0,7.023940046251303e-08
32.5,125.0,6.99193567985897e-08
35.0,125.0,7.295257980579077e-08
37.5,125.0,7.907474825964687e-08
40.0,125.0,8.750974758691722e-08
42.5,125.0,9.664182041007559e-08
45.0,125.0,1.0424889409149512e-07
47.5,125.0,1.0854947104997158e-07
50.0,125.0,1.0902888470031269e-07
52.5,125.0,1.06023485104483e-07
55.0,125.0,1.0021637569249798e-07
57.5,125.0,9.307031769114445e-08
60.0,125.0,8.671293838229398e-08
62.5,125.0,8.286663272917799e-08
65.0,125.0,8.224207059786144e-08
67.5,125.0,8.452785273233436e-08
70.0,125.0,8.830579981054738e-08
72.5,125.0,9.129018989625582e-08
75.0,125.0,9.193501823791224e-08
77.5,125.0,9.10007284665898e-08
80.0,125.0,9.049836008313257e-08
82.5,125.0,9.16802964318512e-08
85.0,125.0,9.435732678730321e-08
87.5,125.0,9.718161043470854e-08
90.0,125.0,9.849137669052912e-08
92.5,125.0,9.749739287708275e-08
95.0,125.0,9.47531545762734e-08
97.5,125.0,9.142502123084482e-08
100.0,125.0,8.848841707332438e-08
102.5,125.0,8.662029746259592e-08
105.0,125.0,8.638978233587553e-08
107.5,125.0,8.833764734750285e-08
110.0,125.0,9.290642265119509e-08
112.5,125.0,1.0020181381767573e-07
115.0,125.0,1.094363476617184e-07
117.5,125.0,1.1820024926772674e-07
120.0,125.0,1.2291268001656734e-07
122.5,125.0,1.2168532703586024e-07
125.0,125.0,1.1634546461576241e-07
127.5,125.0,1.1032064164233224e-07
130.0,125.0,1.0595882735703076e-07
132.5,125.0,1.0414790826736477e-07
135.0,125.0,1.0499087428196223e-07
137.5,125.0,1.0835096144418934e-07
140.0,125.0,1.1413751273559252e-07
142.5,125.0,1.2247007482055204e-07
145.0,125.0,1.3379132680854356e-07
147.5,125.0,1.4894345437648602e-07
150.0,125.0,1.6923013335890498e-07
152.5,125.0,1.965036445080945e-07
155.0,125.0,2.332800690926636e-07
-142.5,127.5,1.7051243336138777e-07
-140.0,127.5,1.7414470893362486e-07
-137.5,127.5,1.7969356393988488e-07
-135.0,127.5,1.8740196925078736e-07
-132.5,127.5,1.9759848992940036e-07
-130.0,127.5,2.1070228755388851e-07
-127.5,127.5,2.2720631638984166e-07
-125.0,127.5,2.475943251607051e-07
-122.5,127.5,2.720948544327468e-07
-120.0,127.5,3.001130245832805e-07
-117.5,127.5,3.2924008779315466e-07
-115.0,127.5,3.5424161303700576e-07
-112.5,127.5,3.6745913390102475e-07
-110.0,127.5,3.6223021178756716e-07
-107.5,127.5,3.378839062945537e-07
-105.0,127.5,3.0108555033931955e-07
-102.5,127.5,2.6131156023241567e-07
-100.0,127.5,2.2544340492740155e-07
-97.5,127.5,1.9626513054934056e-07
-95.0,127.5,1.739178164125315e-07
-92.5,127.5,1.5756464438250843e-07
-90.0,127.5,1.4626762199240222e-07
-87.5,127.5,1.3929231013978697e-07
-85.0,127.5,1.3617138230202738e-07
-82.5,127.5,1.3669053032825002e-07
-80.0,127.5,1.4084197097476762e-07
-77.5,127.5,1.487212641852134e-07
-75.0,127.5,1.6027821667090665e-07
-72.5,127.5,1.7478155903575424e-07
-70.0,127.5,1.9001054349330495e-07
-67.5,127.5,2.0190875274829777e-07
-65.0,127.5,2.0616907757170755e-07
-62.5,127.5,2.014367730701008e-07
-60.0,127.5,1.90459965661799e-07
-57.5,127.5,1.775845237269269e-07
-55.0,127.5,1.659121033881081e-07
-52.5,127.5,1.5634853341163521e-07
-50.0,127.5,1.4739206011568422e-07
-47.5,127.5,1.3495768060283199e-07
-45.0,127.5,1.1546160927763809e-07
-42.5,127.5,9.192105115180242e-08
-40.0,127.5,7.116034732425621e-08
-37.5,127.5,5.639538846365983e-08
-35.0,127.5,4.722376200643351e-08
-32.5,127.5,4.234922232202179e-08
-30.0,127.5,4.076183748757724e-08
-27.5,127.5,4.1830966404924e-08
-25.0,127.5,4.494449887678031e-08
-22.5,127.5,4.873929131621523e-08
-20.0,127.5,5.0984151917948213e-08
-17.5,127.5,5.125496140495922e-08
-15.0,127.5,5.201440850461543e-08
-12.5,127.5,5.552966515572698e-08
-10.0,127.5,6.210700809957024e-08
-7.5,127.5,7.011885469180906e-08
-5.0,127.5,7.817100268580968e-08
-2.5,127.5,8.746003744753937e-08
0.0,127.5,9.901037637161095e-08
2.5,127.5,1.0807062733498422e-07
5.0,127.5,1.066978771633952e-07
7.5,127.5,9.7135200931851e-08
10.0,127.5,8.79503306164903e-08
12.5,127.5,8.306348136757926e-08
15.0,127.5,8.260710902825345e-08
17.5,127.5,8.511708049598016e-08
20.0,127.5,8.759080197959927e-08
22.5,127.5,8.658832800181811e-08
25.0,127.5,8.167184772656492e-08
27.5,127.5,7.578618433574298e-08
30.0,127.5,7.181205701201419e-08
32.5,127.5,7.101355576782526e-08
35.0,127.5,7.367095813842119e-08
37.5,127.5,7.965164966144562e-08
40.0,127.5,8.829702329373789e-08
42.5,127.5,9.799593261181497e-08
45.0,127.5,1.0628640574846138e-07
47.5,127.5,1.1105935220559922e-07
50.0,127.5,1.1176537298083945e-07
52.5,127.5,1.0899796019957929e-07
55.0,127.5,1.0352436464545197e-07
57.5,127.5,9.652676788200165e-08
60.0,127.5,8.988511235715008e-08
62.5,127.5,8.538128666943021e-08
65.0,127.5,8.394259187768719e-08
67.5,127.5,8.551640760088044e-08
70.0,127.5,8.901945230851745e-08
72.5,127.5,9.239986451598398e-08
75.0,127.5,9.378404060963868e-08
77.5,127.5,9.32292590088221e-08
80.0,127.5,9.248259215672886e-08
82.5,127.5,9.305585024656291e-08
85.0,127.5,9.5156995077208e-08
87.5,127.5,9.776411026030194e-08
90.0,127.5,9.928488016075615e-08
92.5,127.5,9.863562768632903e-08
95.0,127.5,9.599554960010405e-08
97.5,127.5,9.243809194626742e-08
100.0,127.5,8.907100875476016e-08
102.5,127.5,8.669633232894289e-08
105.0,127.5,8.592171505061141e-08
107.5,127.5,8.72781670326831e-08
110.0,127.5,9.121048535959064e-08
112.5,127.5,9.791387619785198e-08
115.0,127.5,1.0688093473344887e-07
117.5,127.5,1.161557107674517e-07
120.0,127.5,1.2229017860386093e-07
122.5,127.5,1.2265306460484463e-07
125.0,127.5,1.1815336913134757e-07
127.5,127.5,1.1209372661216938e-07
130.0,127.5,1.0719538512016248e-07
132.5,127.5,1.0465708012860069e-07
135.0,127.5,1.0470557411220655e-07
137.5,127.5,1.071965903406198e-07
140.0,127.5,1.1194404859896048e-07
142.5,127.5,1.1890062557967907e-07
145.0,127.5,1.2828040531786952e-07
147.5,127.5,1.406388672180403e-07
150.0,127.5,1.5691926231729666e-07
152.5,127.5,1.78503854795338e-07
155.0,127.5,2.0730454189327223e-07
-142.5,130.0,1.7605831942538095e-07
-140.0,130.0,1.8149644862817823e-07
-137.5,130.0,1.890758660812172e-07
-135.0,130.0,1.991178795894365e-07
-132.5,130.0,2.120342257311351e-07
-130.0,130.0,2.283147119819147e-07
-127.5,130.0,2.4845696951414535e-07
-125.0,130.0,2.727531795693914e-07
-122.5,130.0,3.0078672089938906e-07
-120.0,130.0,3.305215851035763e-07
-117.5,130.0,3.572599845887859e-07
-115.0,130.0,3.7367130833699197e-07
-112.5,130.0,3.725568199170658e-07
-110.0,130.0,3.5173470732687707e-07
-107.5,130.0,3.164725261863387e-07
-105.0,130.0,2.761068021474228e-07
-102.5,130.0,2.383975433548942e-07
-100.0,130.0,2.0704505923810113e-07
-97.5,130.0,1.8267236890422688e-07
-95.0,130.0,1.6457709686869913e-07
-92.5,130.0,1.5179982731917097e-07
-90.0,130.0,1.4353712112826822e-07
-87.5,130.0,1.3924576464740588e-07
-85.0,130.0,1.386419047173271e-07
-82.5,130.0,1.4166548077798646e-07
-80.0,130.0,1.484048937435325e-07
-77.5,130.0,1.5891692295805562e-07
-75.0,130.0,1.728119856856116e-07
-72.5,130.0,1.8851301048818384e-07
-70.0,130.0,2.025741732136608e-07
-67.5,130.0,2.1038260761417347e-07
-65.0,130.0,2.0904479916305743e-07
-62.5,130.0,1.9984005569179855e-07
-60.0,130.0,1.869669123003538e-07
-57.5,130.0,1.7436793153404462e-07
-55.0,130.0,1.641089560578123e-07
-52.5,130.0,1.5638036424353637e-07
-50.0,130.0,1.4945426801745732e-07
-47.5,130.0,1.3921185398422445e-07
-45.0,130.0,1.2141710008273283e-07
-42.5,130.0,9.80587555539669e-08
-40.0,130.0,7.623634375758784e-08
-37.5,130.0,6.011466626783384e-08
-35.0,130.0,4.973677076020141e-08
-32.5,130.0,4.3847660507430844e-08
-30.0,130.0,4.138291277596582e-08
-27.5,130.0,4.1710224188102505e-08
-25.0,130.0,4.4412868420939144e-08
-22.5,130.0,4.866736628909944e-08
-20.0,130.0,5.2401619070554446e-08
-17.5,130.0,5.3681342030798124e-08
-15.0,130.0,5.3824669484578375e-08
-12.5,130.0,5.564594877005399e-08
-10.0,130.0,6.041506179187933e-08
-7.5,130.0,6.749862410406426e-08
-5.0,130.0,7.564327166742116e-08
-2.5,130.0,8.50461081056586e-08
0.0,130.0,9.666690003796436e-08
2.5,130.0,1.0760567253213758e-07
5.0,130.0,1.0991361905491961e-07
7.5,130.0,1.0206963961275253e-07
10.0,130.0,9.209470675488235e-08
12.5,130.0,8.565924411532232e-08
15.0,130.0,8.375885422718616e-08
17.5,130.0,8.528752898158516e-08
20.0,130.0,8.764471564013058e-08
22.5,130.0,8.741284720056343e-08
25.0,130.0,8.332315737567867e-08
27.5,130.0,7.764718025833179e-08
30.0,130.0,7.337843945493522e-08
32.5,130.0,7.211542813461118e-08
35.0,130.0,7.435116700485793e-08
37.5,130.0,8.009156418037735e-08
40.0,130.0,8.881986362884576e-08
42.5,130.0,9.900260428906578e-08
45.0,130.0,1.0800800330505105e-07
47.5,130.0,1.1335895067283263e-07
50.0,130.0,1.1436074378575712e-07
52.5,130.0,1.118372492890847e-07
55.0,130.0,1.0672724594698593e-07
57.5,130.0,1.0000166655432809e-07
60.0,130.0,9.323876615756904e-08
62.5,130.0,8.819597981865301e-08
65.0,130.0,8.59907440983325e-08
67.5,130.0,8.681905485708724e-08
70.0,130.0,8.990894787702147e-08
72.5,130.0,9.349799649639758e-08
75.0,130.0,9.55763189974083e-08
77.5,130.0,9.55607250246976e-08
80.0,130.0,9.476968743750112e-08
82.5,130.0,9.484803897096796e-08
85.0,130.0,9.637760028564112e-08
87.5,130.0,9.868273949437138e-08
90.0,130.0,1.0031954494368707e-07
92.5,130.0,1.0001043691311428e-07
95.0,130.0,9.755813326017931e-08
97.5,130.0,9.385534778214788e-08
100.0,130.0,9.009526383357334e-08
102.5,130.0,8.721809102715965e-08
105.0,130.0,8.589516714397408e-08
107.5,130.0,8.666016052785624e-08
110.0,130.0,8.995345346447308e-08
112.5,130.0,9.602512678375606e-08
115.0,130.0,1.045803114910081e-07
117.5,130.0,1.1408139621869371e-07
120.0,130.0,1.2136878441444442e-07
122.5,130.0,1.2331754208962495e-07
125.0,130.0,1.1986943371366513e-07
127.5,130.0,1.139780123443691e-07
130.0,130.0,1.0865974803838667e-07
132.5,130.0,1.0545980245803535e-07
135.0,130.0,1.0477740741073989e-07
137.5,130.0,1.0649974793501756e-07
140.0,130.0,1.1038015543290609e-07
142.5,130.0,1.1623912112621205e-07
145.0,130.0,1.2409999371668695e-07
147.5,130.0,1.3428290003166132e-07
150.0,130.0,1.474509715472266e-07
152.5,130.0,1.6463577757030152e-07
155.0,130.0,1.8728810628330842e-07
-142.5,132.5,1.83313959835011e-07
-140.0,132.5,1.9076664738280693e-07
-137.5,132.5,2.0065650654192496e-07
-135.0,132.5,2.1338758275573174e-07
-132.5,132.5,2.2944483918471292e-07
-130.0,132.5,2.4933533518720783e-07
-127.5,132.5,2.7340253891623786e-07
-125.0,132.5,3.013818179298014e-07
-122.5,132.5,3.315690330109665e-07
-120.0,132.5,3.5978116139119945e-07
-117.5,132.5,3.790978432423833e-07
-115.0,132.5,3.820078111625087e-07
-112.5,132.5,3.649976035745327e-07
-110.0,132.5,3.3181056471650685e-07
-107.5,132.5,2.9131867395180816e-07
-105.0,132.5,2.5198565193219837e-07
-102.5,132.5,2.1847800395411828e-07
-100.0,132.5,1.9201264110455341e-07
-97.5,132.5,1.720925311186986e-07
-95.0,132.5,1.5776480162004316e-07
-92.5,132.5,1.481647282231304e-07
-90.0,132.5,1.4267380732166083e-07
-87.5,132.5,1.4093628075143826e-07
-85.0,132.5,1.4283247094105572e-07
-82.5,132.5,1.484227333587194e-07
-80.0,132.5,1.5781820377705157e-07
-77.5,132.5,1.7087025427549814e-07
-75.0,132.5,1.8654448612751787e-07
-72.5,132.5,2.0210808461286128e-07
-70.0,132.5,2.131088484955291e-07
-67.5,132.5,2.155155245375199e-07
-65.0,132.5,2.0887503386495996e-07
-62.5,132.5,1.9664318228308966e-07
-60.0,132.5,1.8327019311107928e-07
-57.5,132.5,1.7173942247193716e-07
-55.0,132.5,1.6317756247601958e-07
-52.5,132.5,1.5726195226166548e-07
-50.0,132.5,1.5209668302684494e-07
-47.5,132.5,1.4354381686314206e-07
-45.0,132.5,1.2702541195734893e-07
-42.5,132.5,1.0383000904827302e-07
-40.0,132.5,8.114468247702054e-08
-37.5,132.5,6.384989403495605e-08
-35.0,132.5,5.2393607406308665e-08
-32.5,132.5,4.558039484556109e-08
-30.0,132.5,4.230050835064127e-08
-27.5,132.5,4.189379201967263e-08
-25.0,132.5,4.4031290603152996e-08
-22.5,132.5,4.828577135947936e-08
-20.0,132.5,5.3166591633559403e-08
-17.5,132.5,5.600707098861316e-08
-15.0,132.5,5.631469966025459e-08
-12.5,132.5,5.6789530611609546e-08
-10.0,132.5,5.964411640332814e-08
-7.5,132.5,6.518120572210641e-08
-5.0,132.5,7.269602816851477e-08
-2.5,132.5,8.200823417018447e-08
0.0,132.5,9.371596969903262e-08
2.5,132.5,1.0610000013856434e-07
5.0,132.5,1.1202689752330761e-07
7.5,132.5,1.068092562731714e-07
10.0,132.5,9.663766882687615e-08
12.5,132.5,8.87485464114942e-08
15.0,132.5,8.532334523911032e-08
17.5,132.5,8.569839125941965e-08
20.0,132.5,8.765864804479449e-08
22.5,132.5,8.796033789056889e-08
25.0,132.5,8.470703604786291e-08
27.5,132.5,7.938645944835327e-08
30.0,132.5,7.492878117228466e-08
32.5,132.5,7.323212524905901e-08
35.0,132.5,7.501672922615956e-08
37.5,132.5,8.04314752612546e-08
40.0,132.5,8.911121279845946e-08
42.5,132.5,9.965773302484353e-08
45.0,132.5,1.0935905700067576e-07
47.5,132.5,1.1537297534671195e-07
50.0,132.5,1.1675192097688081e-07
52.5,132.5,1.1448850962526033e-07
55.0,132.5,1.0975772311475695e-07
57.5,132.5,1.0340706191087423e-07
60.0,132.5,9.668844156320712e-08
62.5,132.5,9.124456006414853e-08
65.0,132.5,8.833879474544526e-08
67.5,132.5,8.840666980307262e-08
70.0,132.5,9.096883021927156e-08
72.5,132.5,9.457824900798873e-08
75.0,132.5,9.725101719754711e-08
77.5,132.5,9.788804679692803e-08
80.0,132.5,9.726184590996905e-08
82.5,132.5,9.699184037954342e-08
85.0,132.5,9.798515911432082e-08
87.5,132.5,9.992563055301921e-08
90.0,132.5,1.0158120901472439e-07
92.5,132.5,1.0158209800989876e-07
95.0,132.5,9.938580723918506e-08
97.5,132.5,9.56302912122475e-08
100.0,132.5,9.153035088786521e-08
102.5,132.5,8.816494155828105e-08
105.0,132.5,8.629422763028405e-08
107.5,132.5,8.647137311692325e-08
110.0,132.5,8.91323574308457e-08
112.5,132.5,9.455892815149071e-08
115.0,132.5,1.0261235331342637e-07
117.5,132.5,1.1211620864112072e-07
120.0,132.5,1.2028161315431836e-07
122.5,132.5,1.237328647059359e-07
125.0,132.5,1.214934847720545e-07
127.5,132.5,1.1596783658871115e-07
130.0,132.5,1.1035068949260652e-07
132.5,132.5,1.0654962894371875e-07
135.0,132.5,1.0518255447959164e-07
137.5,132.5,1.0620688653747145e-07
140.0,132.5,1.0934877696096991e-07
142.5,132.5,1.1432824064391434e-07
145.0,132.5,1.2100813626262104e-07
147.5,132.5,1.2950737155922104e-07
150.0,132.5,1.402616198758886e-07
152.5,132.5,1.5403785164275317e-07
155.0,132.5,1.7194886552825767e-07
-142.5,135.0,1.9247390088165734e-07
-140.0,135.0,2.0221406409387082e-07
-137.5,135.0,2.1476216217889093e-07
-135.0,135.0,2.3059721679560508e-07
-132.5,135.0,2.502316305504102e-07
-130.0,135.0,2.7405002232811253e-07
-127.5,135.0,3.019164043775926e-07
-125.0,135.0,3.324198488399132e-07
-122.5,135.0,3.618622588236782e-07
-120.0,135.0,3.837866990844515e-07
-117.5,135.0,3.9056555846369756e-07
-115.0,135.0,3.775637973804146e-07
-112.5,135.0,3.4695445634573967e-07
-110.0,135.0,3.0684423643150524e-07
-107.5,135.0,2.661710526695033e-07
-105.0,135.0,2.3057028089424025e-07
-102.5,135.0,2.0196057962496216e-07
-100.0,135.0,1.801339287555381e-07
-97.5,135.0,1.6418132295549235e-07
-95.0,135.0,1.5318834183453572e-07
-92.5,135.0,1.464631088074543e-07
-90.0,135.0,1.435766240686376e-07
-87.5,135.0,1.443447469105494e-07
-85.0,135.0,1.4878535682429402e-07
-82.5,135.0,1.57025433233938e-07
-80.0,135.0,1.690742272882307e-07
-77.5,135.0,1.843236858065373e-07
-75.0,135.0,2.007457693035203e-07
-72.5,135.0,2.1438640894579026e-07
-70.0,135.0,2.205994403878837e-07
-67.5,135.0,2.1722465233835917e-07
-65.0,135.0,2.064264439192627e-07
-62.5,135.0,1.9272426612052785e-07
-60.0,135.0,1.7991901387444736e-07
-57.5,135.0,1.6993506347030462e-07
-55.0,135.0,1.6318512900467407e-07
-52.5,135.0,1.589936318314975e-07
-50.0,135.0,1.5531062274992807e-07
-47.5,135.0,1.4795450340180824e-07
-45.0,135.0,1.322354594003731e-07
-42.5,135.0,1.0910540106516121e-07
-40.0,135.0,8.574875987095776e-08
-37.5,135.0,6.749774466621513e-08
-35.0,135.0,5.512175390678956e-08
-32.5,135.0,4.7495049859871335e-08
-30.0,135.0,4.347773924709292e-08
-27.5,135.0,4.2376051645253455e-08
-25.0,135.0,4.3887888490123776e-08
-22.5,135.0,4.782400986960085e-08
-20.0,135.0,5.332176682000347e-08
-17.5,135.0,5.7838022777228133e-08
-15.0,135.0,5.914557045882984e-08
-12.5,135.0,5.8856856448315497e-08
-10.0,135.0,5.99267224676937e-08
-7.5,135.0,6.361515783580561e-08
-5.0,135.0,6.986131190971658e-08
-2.5,135.0,7.856357419277855e-08
0.0,135.0,9.011229250601458e-08
2.5,135.0,1.0352034639192264e-07
5.0,135.0,1.1281176144883446e-07
7.5,135.0,1.1102546823704881e-07
10.0,135.0,1.014514036877442e-07
12.5,135.0,9.232504462305205e-08
15.0,135.0,8.73352429249984e-08
17.5,135.0,8.641928976211139e-08
20.0,135.0,8.773696512079643e-08
22.5,135.0,8.830778296556061e-08
25.0,135.0,8.582832062395494e-08
27.5,135.0,8.098055985376652e-08
30.0,135.0,7.644962004662261e-08
32.5,135.0,7.436704052042335e-08
35.0,135.0,7.568825811591417e-08
37.5,135.0,8.070970142072816e-08
40.0,135.0,8.921787290252926e-08
42.5,135.0,9.998818651999036e-08
45.0,135.0,1.1032180508284699e-07
47.5,135.0,1.1705549145024302e-07
50.0,135.0,1.1889906613946052e-07
52.5,135.0,1.1692275306631017e-07
55.0,135.0,1.1257336824331945e-07
57.5,135.0,1.0667171655619327e-07
60.0,135.0,1.0015310282421562e-07
62.5,135.0,9.446021512019452e-08
65.0,135.0,9.093944571821815e-08
67.5,135.0,9.025082276300905e-08
70.0,135.0,9.219356399460872e-08
72.5,135.0,9.564251807463601e-08
75.0,135.0,9.876401533769429e-08
77.5,135.0,1.0010581456472709e-07
80.0,135.0,9.984564517316375e-08
82.5,135.0,9.940473462673202e-08
85.0,135.0,9.993180169844523e-08
87.5,135.0,1.0147074601104704e-07
90.0,135.0,1.0305225564686744e-07
92.5,135.0,1.0331092479314815e-07
95.0,135.0,1.0141829551700369e-07
97.5,135.0,9.770681051907708e-08
100.0,135.0,9.333686697544598e-08
102.5,135.0,8.951032740109482e-08
105.0,135.0,8.709822342425271e-08
107.5,135.0,8.669343495146206e-08
110.0,135.0,8.873327162405957e-08
112.5,135.0,9.35170072554892e-08
115.0,135.0,1.010180169620762e-07
117.5,135.0,1.1035889112149684e-07
120.0,135.0,1.1914769868117752e-07
122.5,135.0,1.2396360222250316e-07
125.0,135.0,1.2303376616667503e-07
127.5,135.0,1.1806058320436051e-07
130.0,135.0,1.1227101118773289e-07
132.5,135.0,1.0792757946011905e-07
135.0,135.0,1.0590880997427819e-07
137.5,135.0,1.0628075786778442e-07
140.0,135.0,1.0877502619498755e-07
142.5,135.0,1.1304161144927781e-07
145.0,135.0,1.188096675483643e-07
147.5,135.0,1.2602035908912295e-07
150.0,135.0,1.34913128442196e-07
152.5,135.0,1.460463224937653e-07
155.0,135.0,1.6028655000081119e-07
-142.5,137.5,2.0379021091574441e-07
-140.0,137.5,2.1615779022806513e-07
-137.5,137.5,2.3177208573701412e-07
-135.0,137.5,2.511476609559461e-07
-132.5,137.5,2.747014878375952e-07
-130.0,137.5,3.0240591038187396e-07
-127.5,137.5,3.3310730059255015e-07
-125.0,137.5,3.635576909064945e-07
-122.5,137.5,3.877925822736069e-07
-120.0,137.5,3.982326094132923e-07
-117.5,137.5,3.89344965317042e-07
-115.0,137.5,3.617603944667755e-07
-112.5,137.5,3.225642428248655e-07
-110.0,137.5,2.80899718028747e-07
-107.5,137.5,2.4331869990601723e-07
-105.0,137.5,2.1253520546171625e-07
-102.5,137.5,1.8872438412813936e-07
-100.0,137.5,1.7106933881631534e-07
-97.5,137.5,1.5862254315713474e-07
-95.0,137.5,1.5062267768650861e-07
-92.5,137.5,1.4656690185525407e-07
-90.0,137.5,1.4620342803793598e-07
-87.5,137.5,1.494979073197446e-07
-85.0,137.5,1.5656580112934346e-07
-82.5,137.5,1.675093311496338e-07
-80.0,137.5,1.8203507513072575e-07
-77.5,137.5,1.987414334613668e-07
-75.0,137.5,2.1435948011104635e-07
-72.5,137.5,2.2414911644724036e-07
-70.0,137.5,2.2453964729767323e-07
-67.5,137.5,2.1602106634148546e-07
-65.0,137.5,2.0262973720486083e-07
-62.5,137.5,1.8879393699279342e-07
-60.0,137.5,1.7726687684369097e-07
-57.5,137.5,1.6907766778779102e-07
-55.0,137.5,1.641460470700539e-07
-52.5,137.5,1.615398228026057e-07
-50.0,137.5,1.5903612907114456e-07
-47.5,137.5,1.523821969812647e-07
-45.0,137.5,1.3697555601685498e-07
-42.5,137.5,1.1378056548379822e-07
-40.0,137.5,8.993879208094793e-08
-37.5,137.5,7.096870453918069e-08
-35.0,137.5,5.785316920517145e-08
-32.5,137.5,4.9539498331125135e-08
-30.0,137.5,4.4875106092443817e-08
-27.5,137.5,4.313675872888257e-08
-25.0,137.5,4.40196432480506e-08
-22.5,137.5,4.745596123485247e-08
-20.0,137.5,5.306718325839753e-08
-17.5,137.5,5.894254553498204e-08
-15.0,137.5,6.188148394953402e-08
-12.5,137.5,6.162202223080218e-08
-10.0,137.5,6.124656643750938e-08
-7.5,137.5,6.303363039570936e-08
-5.0,137.5,6.761153140328017e-08
-2.5,137.5,7.51461300738748e-08
0.0,137.5,8.604306521570489e-08
2.5,137.5,9.989233016593694e-08
5.0,137.5,1.120582858033452e-07
7.5,137.5,1.1431663535412607e-07
10.0,137.5,1.0632777046865885e-07
12.5,137.5,9.635088734370276e-08
15.0,137.5,8.981424994564863e-08
17.5,137.5,8.750173748124762e-08
20.0,137.5,8.796869059645667e-08
22.5,137.5,8.854037963708136e-08
25.0,137.5,8.670833962262225e-08
27.5,137.5,8.240929602221868e-08
30.0,137.5,7.792332868454029e-08
32.5,137.5,7.551836622724062e-08
35.0,137.5,7.638105135459156e-08
37.5,137.5,8.096082177398553e-08
40.0,137.5,8.919090685483711e-08
42.5,137.5,1.0004074963903929e-07
45.0,137.5,1.1090955635757603e-07
47.5,137.5,1.1838849754599657e-07
50.0,137.5,1.207844517605661e-07
52.5,137.5,1.1913431514220545e-07
55.0,137.5,1.1515897714881e-07
57.5,137.5,1.0974780114459909e-07
60.0,137.5,1.0356268621046212e-07
62.5,137.5,9.777847488748543e-08
65.0,137.5,9.374665448175764e-08
67.5,137.5,9.232482418393351e-08
70.0,137.5,9.357919603228717e-08
72.5,137.5,9.670143072583893e-08
75.0,137.5,1.0009293079388537e-07
77.5,137.5,1.0212186496041212e-07
80.0,137.5,1.023987802643382e-07
82.5,137.5,1.019871171149952e-07
85.0,137.5,1.021550411868399e-07
87.5,137.5,1.0328582997166322e-07
90.0,137.5,1.0471130833480367e-07
92.5,137.5,1.0515831554114244e-07
95.0,137.5,1.0359222169095294e-07
97.5,137.5,1.0001925353581272e-07
100.0,137.5,9.546546075979783e-08
102.5,137.5,9.122076941751109e-08
105.0,137.5,8.828184487053336e-08
107.5,137.5,8.730375680838699e-08
110.0,137.5,8.873550355999164e-08
112.5,137.5,9.288715366846313e-08
115.0,137.5,9.981148106940948e-08
117.5,137.5,1.0887193144391632e-07
120.0,137.5,1.1806310330310185e-07
122.5,137.5,1.2407484236354814e-07
125.0,137.5,1.245023870912617e-07
127.5,137.5,1.2025307517630267e-07
130.0,137.5,1.1442400784054689e-07
132.5,137.5,1.0959901503106341e-07
135.0,137.5,1.0695256273353107e-07
137.5,137.5,1.0669749983403601e-07
140.0,137.5,1.08602676412907e-07
142.5,137.5,1.1227827423196304e-07
145.0,137.5,1.1734596346962293e-07
147.5,137.5,1.2358761725655532e-07
150.0,137.5,1.310628131586862e-07
152.5,137.5,1.4015254513746724e-07
155.0,137.5,1.515386341745161e-07
-142.5,140.0,2.175742054128322e-07
-140.0,140.0,2.3296962676759687e-07
-137.5,140.0,2.520848705006488e-07
-135.0,140.0,2.753617768167899e-07
-132.5,140.0,3.0286346068421014e-07
-130.0,140.0,3.336608063148427e-07
-127.5,140.0,3.6491833943949874e-07
-125.0,140.0,3.9117405098823864e-07
-122.5,140.0,4.050286969399543e-07
-120.0,140.0,4.002749625083507e-07
-117.5,140.0,3.7609189270813824e-07
-115.0,140.0,3.383468215909339e-07
-112.5,140.0,2.960992945832599e-07
-110.0,140.0,2.56708150215392e-07
-107.5,140.0,2.2375097204351794e-07
-105.0,140.0,1.978865464275036e-07
-102.5,140.0,1.7844978478333355e-07
-100.0,140.0,1.6448346546921406e-07
-97.5,140.0,1.5516300268495005e-07
-95.0,140.0,1.4991227067208247e-07
-92.5,140.0,1.4840972967002743e-07
-90.0,140.0,1.5056233544594958e-07
-87.5,140.0,1.564549778577123e-07
-85.0,140.0,1.6623423324848779e-07
-82.5,140.0,1.7982462100836986e-07
-80.0,140.0,1.9633902044818413e-07
-77.5,140.0,2.13248053620489e-07
-75.0,140.0,2.2614099127793865e-07
-72.5,140.0,2.305176523571154e-07
-70.0,140.0,2.2507192263223206e-07
-67.5,140.0,2.1277759219337662e-07
-65.0,140.0,1.983410906503887e-07
-62.5,140.0,1.8535031855016144e-07
-60.0,140.0,1.7551719691373183e-07
-57.5,140.0,1.6921774487821903e-07
-55.0,140.0,1.6604017873656421e-07
-52.5,140.0,1.648345665892415e-07
-50.0,140.0,1.6316861671106278e-07
-47.5,140.0,1.5671479097015018e-07
-45.0,140.0,1.4116128656945848e-07
-42.5,140.0,1.1778383982696953e-07
-40.0,140.0,9.364200087060975e-08
-37.5,140.0,7.41955417972257e-08
-35.0,140.0,6.052950859334961e-08
-32.5,140.0,5.166425612926408e-08
-30.0,140.0,4.6452158966968943e-08
-27.5,140.0,4.4148315092777534e-08
-25.0,140.0,4.4432911843835517e-08
-22.5,140.0,4.728798412584566e-08
-20.0,140.0,5.264245770206792e-08
-17.5,140.0,5.932330969920057e-08
-15.0,140.0,6.4094549296519e-08
-12.5,140.0,6.47344098953434e-08
-10.0,140.0,6.347485398472019e-08
-7.5,140.0,6.349961538410781e-08
-5.0,140.0,6.624289315485626e-08
-2.5,140.0,7.220584587670784e-08
0.0,140.0,8.190860972529312e-08
2.5,140.0,9.544829574015807e-08
5.0,140.0,1.0966155827140568e-07
7.5,140.0,1.1622080039145075e-07
10.0,140.0,1.1094667789431744e-07
12.5,140.0,1.0073859477593987e-07
15.0,140.0,9.276268232498308e-08
17.5,140.0,8.898212259577637e-08
20.0,140.0,8.842624496447163e-08
22.5,140.0,8.874427892576649e-08
25.0,140.0,8.738454210138605e-08
27.5,140.0,8.365919274462675e-08
30.0,140.0,7.932914727210245e-08
32.5,140.0,7.667852263795687e-08
35.0,140.0,7.710391498855666e-08
37.5,140.0,8.121255592335913e-08
40.0,140.0,8.907843754929263e-08
42.5,140.0,9.987131807843768e-08
45.0,140.0,1.1115722040547475e-07
47.5,140.0,1.1937647781485399e-07
50.0,140.0,1.2240785374798183e-07
52.5,140.0,1.2113582043858192e-07
55.0,140.0,1.1752405186339281e-07
57.5,140.0,1.1261374437623794e-07
60.0,140.0,1.0686374192473915e-07
62.5,140.0,1.0114097421521731e-07
65.0,140.0,9.671682223775447e-08
67.5,140.0,9.460451778526647e-08
70.0,140.0,9.512421419130297e-08
72.5,140.0,9.777377038020942e-08
75.0,140.0,1.0123919091088107e-07
77.5,140.0,1.038686958497791e-07
80.0,140.0,1.0480105908210066e-07
82.5,140.0,1.0462574866383043e-07
85.0,140.0,1.0457776916382781e-07
87.5,140.0,1.0532808005877603e-07
90.0,140.0,1.0653310828755317e-07
92.5,140.0,1.0708817295586715e-07
95.0,140.0,1.0584429384346957e-07
97.5,140.0,1.0249403436813961e-07
100.0,140.0,9.785598410762355e-08
102.5,140.0,9.325440652442261e-08
105.0,140.0,8.981457177873237e-08
107.5,140.0,8.827609175581916e-08
110.0,140.0,8.91141010064376e-08
112.5,140.0,9.264858707794697e-08
115.0,140.0,9.898866781467547e-08
117.5,140.0,1.0768854492523896e-07
120.0,140.0,1.1709834257461434e-07
122.5,140.0,1.2412498582898186e-07
125.0,140.0,1.2591137556630403e-07
127.5,140.0,1.2253864728503702e-07
130.0,140.0,1.1681012248773383e-07
132.5,140.0,1.1157029863646043e-07
135.0,140.0,1.0831568792403494e-07
137.5,140.0,1.0744348934139912e-07
140.0,140.0,1.08791111600044e-07
142.5,140.0,1.1195855595333938e-07
145.0,140.0,1.1648750346894645e-07
147.5,140.0,1.2201841601658565e-07
150.0,140.0,1.2843900813623236e-07
152.5,140.0,1.3596515814739086e-07
155.0,140.0,1.4512911541555756e-07
-142.5,142.5,2.3418985940841385e-07
-140.0,142.5,2.53044302492669e-07
-137.5,142.5,2.7603491982415995e-07
-135.0,142.5,3.0330025643330367e-07
-132.5,142.5,3.341060052822833e-07
-130.0,142.5,3.659912366617495e-07
-127.5,142.5,3.939909693560088e-07
-125.0,142.5,4.1098772652351465e-07
-122.5,142.5,4.1031035861648927e-07
-120.0,142.5,3.8982504627309805e-07
-117.5,142.5,3.5405202591530635e-07
-115.0,142.5,3.1167936171147613e-07
-112.5,142.5,2.707094733497646e-07
-110.0,142.5,2.3561589944069162e-07
-107.5,142.5,2.0764149984480963e-07
-105.0,142.5,1.8634423602445347e-07
-102.5,142.5,1.7078846037252767e-07
-100.0,142.5,1.6009607041916018e-07
-97.5,142.5,1.536192387438584e-07
-95.0,142.5,1.5096557293500128e-07
-92.5,142.5,1.519789723035136e-07
-90.0,142.5,1.5670088654691745e-07
-87.5,142.5,1.6528697985309553e-07
-85.0,142.5,1.7780142716173473e-07
-82.5,142.5,1.93753222906641e-07
-80.0,142.5,2.1131102892647177e-07
-77.5,142.5,2.2667148670604044e-07
-75.0,142.5,2.3494868101108483e-07
-72.5,142.5,2.3320652333726639e-07
-70.0,142.5,2.2287678438362234e-07
-67.5,142.5,2.0844324950284708e-07
-65.0,142.5,1.9422111806457055e-07
-62.5,142.5,1.8270464200305945e-07
-60.0,142.5,1.7477210286201857e-07
-57.5,142.5,1.7036105329741024e-07
-55.0,142.5,1.688213100574935e-07
-52.5,142.5,1.6878154255441251e-07
-50.0,142.5,1.6756265924929385e-07
-47.5,142.5,1.6080525889225765e-07
-45.0,142.5,1.447092957759724e-07
-42.5,142.5,1.2108099436868036e-07
-40.0,142.5,9.682655103834804e-08
-37.5,142.5,7.71379972325049e-08
-35.0,142.5,6.310639064446786e-08
-32.5,142.5,5.38251796099807e-08
-30.0,142.5,4.8168942411003025e-08
-27.5,142.5,4.5379280828180994e-08
-25.0,142.5,4.511684392400965e-08
-22.5,142.5,4.737363012321555e-08
-20.0,142.5,5.224620049598061e-08
-17.5,142.5,5.916796262365503e-08
-15.0,142.5,6.550866868027911e-08
-12.5,142.5,6.775008670355033e-08
-10.0,142.5,6.63745214206468e-08
-7.5,142.5,6.495915397305163e-08
-5.0,142.5,6.588046791194375e-08
-2.5,142.5,7.006626855729579e-08
0.0,142.5,7.81627152348792e-08
2.5,142.5,9.064651316596894e-08
5.0,142.5,1.0577829617622617e-07
7.5,142.5,1.1630742418056054e-07
10.0,142.5,1.1484761045448597e-07
12.5,142.5,1.0531994985843452e-07
15.0,142.5,9.615667315884908e-08
17.5,142.5,9.088286247607599e-08
20.0,142.5,8.916625062968908e-08
22.5,142.5,8.90004902971504e-08
25.0,142.5,8.790789233883643e-08
27.5,142.5,8.472704200472829e-08
30.0,142.5,8.064540040382718e-08
32.5,142.5,7.783465618188332e-08
35.0,142.5,7.785899922616557e-08
37.5,142.5,8.148480714576175e-08
40.0,142.5,8.892147271982723e-08
42.5,142.5,9.953603043319114e-08
45.0,142.5,1.1111160273678687e-07
47.5,142.5,1.2003904396278098e-07
50.0,142.5,1.237798623688544e-07
52.5,142.5,1.2295101588170426e-07
55.0,142.5,1.1969659378015334e-07
57.5,142.5,1.1527271904338983e-07
60.0,142.5,1.1002290230213995e-07
62.5,142.5,1.0449886729986865e-07
65.0,142.5,9.981010781436856e-08
67.5,142.5,9.706845784450713e-08
70.0,142.5,9.682960868348795e-08
72.5,142.5,9.888480158425053e-08
75.0,142.5,1.0222647555184528e-07
77.5,142.5,1.0531162187323501e-07
80.0,142.5,1.0694782430834684e-07
82.5,142.5,1.0720079852864309e-07
85.0,142.5,1.0710986627643646e-07
87.5,142.5,1.0754468702321648e-07
90.0,142.5,1.0848856116746783e-07
92.5,142.5,1.0906799180479429e-07
95.0,142.5,1.0811511747497489e-07
97.5,142.5,1.0505284151066129e-07
100.0,142.5,1.0043765633508554e-07
102.5,142.5,9.555971831422921e-08
105.0,142.5,9.165959155567321e-08
107.5,142.5,8.958042323656447e-08
110.0,142.5,8.984099397199187e-08
112.5,142.5,9.277530274739612e-08
115.0,142.5,9.853375655074915e-08
117.5,142.5,1.0682015649450633e-07
120.0,142.5,1.1629999996603992e-07
122.5,142.5,1.2416156311633876e-07
125.0,142.5,1.2726969682072215e-07
127.5,142.5,1.2490453104777532e-07
130.0,142.5,1.1942366630198996e-07
132.5,142.5,1.1384559396238615e-07
135.0,142.5,1.1000249381232585e-07
137.5,142.5,1.0851242210046733e-07
140.0,142.5,1.0931220091964947e-07
142.5,142.5,1.1202056404654343e-07
145.0,142.5,1.1612820285103777e-07
147.5,142.5,1.2115491890434017e-07
150.0,142.5,1.268218901451966e-07
152.5,142.5,1.3317891781712434e-07
155.0,142.5,1.4062212589822593e-07
