t_sim_s,step,iteration,x,y,z,wind_u,wind_v,wind_w,wind_speed,wind_direction_rad,seed
0.200000,1,345,2.0000,0.0000,0.3000,0.241130,-0.039807,-0.104600,0.244394,-0.163610,2
0.400000,2,346,2.0000,0.0000,0.3000,0.241130,-0.039807,-0.104600,0.244394,-0.163610,2
0.600000,3,347,2.0000,0.0000,0.3000,0.066954,-0.086807,0.073412,0.109628,-0.913804,2
0.800000,4,348,2.0000,0.0000,0.3000,0.066954,-0.086807,0.073412,0.109628,-0.913804,2
1.000000,5,349,2.0000,0.0000,0.3000,0.065400,-0.012730,-0.007192,0.066627,-0.192244,2
1.200000,6,350,2.0000,0.0000,0.3000,0.065400,-0.012730,-0.007192,0.066627,-0.192244,2
1.400000,7,351,2.0000,0.0000,0.3000,0.149390,-0.029809,-0.048974,0.152335,-0.196951,2
1.600000,8,352,2.0000,0.0000,0.3000,0.149390,-0.029809,-0.048974,0.152335,-0.196951,2
1.800000,9,353,2.0000,0.0000,0.3000,0.142640,-0.029805,-0.105450,0.145721,-0.205989,2
2.000000,10,354,2.0000,0.0000,0.3000,0.142640,-0.029805,-0.105450,0.145721,-0.205989,2
2.200000,11,355,2.0000,0.0000,0.3000,0.208710,-0.036840,-0.110010,0.211936,-0.174713,2
2.400000,12,356,2.0000,0.0000,0.3000,0.208710,-0.036840,-0.110010,0.211936,-0.174713,2
2.600000,13,357,2.0000,0.0000,0.3000,0.252400,-0.041945,-0.100610,0.255862,-0.164680,2
2.800000,14,358,2.0000,0.0000,0.3000,0.252400,-0.041945,-0.100610,0.255862,-0.164680,2
3.000000,15,359,2.0000,0.0000,0.3000,0.247560,-0.042286,-0.102460,0.251145,-0.169178,2
3.200000,16,360,2.0000,0.0000,0.3000,0.247560,-0.042286,-0.102460,0.251145,-0.169178,2
3.400000,17,361,2.0000,0.0000,0.3000,0.239280,-0.039961,-0.105520,0.242594,-0.165478,2
3.600000,18,362,2.0000,0.0000,0.3000,0.239280,-0.039961,-0.105520,0.242594,-0.165478,2
3.800000,19,363,2.0000,0.0000,0.3000,0.241180,-0.038973,-0.105300,0.244309,-0.160208,2
4.000000,20,364,2.0000,0.0000,0.3000,0.241180,-0.038973,-0.105300,0.244309,-0.160208,2
4.200000,21,365,2.0000,0.0000,0.3000,0.241130,-0.039807,-0.104600,0.244394,-0.163610,2
4.400000,22,366,2.0000,0.0000,0.3000,0.241130,-0.039807,-0.104600,0.244394,-0.163610,2
4.600000,23,367,2.0000,0.0000,0.3000,0.066954,-0.086807,0.073412,0.109628,-0.913804,2
4.800000,24,368,2.0000,0.0000,0.3000,0.066954,-0.086807,0.073412,0.109628,-0.913804,2
5.000000,25,369,2.0000,0.0000,0.3000,0.065400,-0.012730,-0.007192,0.066627,-0.192244,2
5.200000,26,370,2.0000,0.0000,0.3000,0.065400,-0.012730,-0.007192,0.066627,-0.192244,2
5.400000,27,371,2.0000,0.0000,0.3000,0.149390,-0.029809,-0.048974,0.152335,-0.196951,2
5.600000,28,372,2.0000,0.0000,0.3000,0.149390,-0.029809,-0.048974,0.152335,-0.196951,2
5.800000,29,373,2.0000,0.0000,0.3000,0.142640,-0.029805,-0.105450,0.145721,-0.205989,2
6.000000,30,374,2.0000,0.0000,0.3000,0.142640,-0.029805,-0.105450,0.145721,-0.205989,2
6.200000,31,375,2.0000,0.0000,0.3000,0.208710,-0.036840,-0.110010,0.211936,-0.174713,2
6.400000,32,376,2.0000,0.0000,0.3000,0.208710,-0.036840,-0.110010,0.211936,-0.174713,2
6.600000,33,377,2.0000,0.0000,0.3000,0.252400,-0.041945,-0.100610,0.255862,-0.164680,2
6.800000,34,378,2.0000,0.0000,0.3000,0.252400,-0.041945,-0.100610,0.255862,-0.164680,2
7.000000,35,379,2.0000,0.0000,0.3000,0.247560,-0.042286,-0.102460,0.251145,-0.169178,2
7.200000,36,380,2.0000,0.0000,0.3000,0.247560,-0.042286,-0.102460,0.251145,-0.169178,2
7.400000,37,381,2.0000,0.0000,0.3000,0.239280,-0.039961,-0.105520,0.242594,-0.165478,2
7.600000,38,382,2.0000,0.0000,0.3000,0.239280,-0.039961,-0.105520,0.242594,-0.165478,2
7.800000,39,383,2.0000,0.0000,0.3000,0.241180,-0.038973,-0.105300,0.244309,-0.160208,2
8.000000,40,384,2.0000,0.0000,0.3000,0.241180,-0.038973,-0.105300,0.244309,-0.160208,2
8.200000,41,385,2.0000,0.0000,0.3000,0.241130,-0.039807,-0.104600,0.244394,-0.163610,2
8.400000,42,386,2.0000,0.0000,0.3000,0.241130,-0.039807,-0.104600,0.244394,-0.163610,2
8.600000,43,387,2.0000,0.0000,0.3000,0.066954,-0.086807,0.073412,0.109628,-0.913804,2
8.800000,44,388,2.0000,0.0000,0.3000,0.066954,-0.086807,0.073412,0.109628,-0.913804,2
9.000000,45,389,2.0000,0.0000,0.3000,0.065400,-0.012730,-0.007192,0.066627,-0.192244,2
9.200000,46,390,2.0000,0.0000,0.3000,0.065400,-0.012730,-0.007192,0.066627,-0.192244,2
9.400000,47,391,2.0000,0.0000,0.3000,0.149390,-0.029809,-0.048974,0.152335,-0.196951,2
9.600000,48,392,2.0000,0.0000,0.3000,0.149390,-0.029809,-0.048974,0.152335,-0.196951,2
9.800000,49,393,2.0000,0.0000,0.3000,0.142640,-0.029805,-0.105450,0.145721,-0.205989,2
10.000000,50,394,2.0000,0.0000,0.3000,0.142640,-0.029805,-0.105450,0.145721,-0.205989,2
10.200000,51,395,2.0000,0.0000,0.3000,0.208710,-0.036840,-0.110010,0.211936,-0.174713,2
10.400000,52,396,2.0000,0.0000,0.3000,0.208710,-0.036840,-0.110010,0.211936,-0.174713,2
10.600000,53,397,2.0000,0.0000,0.3000,0.252400,-0.041945,-0.100610,0.255862,-0.164680,2
10.800000,54,398,2.0000,0.0000,0.3000,0.252400,-0.041945,-0.100610,0.255862,-0.164680,2
11.000000,55,399,2.0000,0.0000,0.3000,0.247560,-0.042286,-0.102460,0.251145,-0.169178,2
11.200000,56,400,2.0000,0.0000,0.3000,0.247560,-0.042286,-0.102460,0.251145,-0.169178,2
11.400000,57,401,2.0000,0.0000,0.3000,0.239280,-0.039961,-0.105520,0.242594,-0.165478,2
11.600000,58,402,2.0000,0.0000,0.3000,0.239280,-0.039961,-0.105520,0.242594,-0.165478,2
11.800000,59,403,2.0000,0.0000,0.3000,0.241180,-0.038973,-0.105300,0.244309,-0.160208,2
12.000000,60,404,2.0000,0.0000,0.3000,0.241180,-0.038973,-0.105300,0.244309,-0.160208,2
12.200000,61,405,2.0000,0.0000,0.3000,0.241130,-0.039807,-0.104600,0.244394,-0.163610,2
12.400000,62,406,2.0000,0.0000,0.3000,0.241130,-0.039807,-0.104600,0.244394,-0.163610,2
12.600000,63,407,2.0000,0.0000,0.3000,0.066954,-0.086807,0.073412,0.109628,-0.913804,2
12.800000,64,408,2.0000,0.0000,0.3000,0.066954,-0.086807,0.073412,0.109628,-0.913804,2
13.000000,65,409,2.0000,0.0000,0.3000,0.065400,-0.012730,-0.007192,0.066627,-0.192244,2
13.200000,66,410,2.0000,0.0000,0.3000,0.065400,-0.012730,-0.007192,0.066627,-0.192244,2
13.400000,67,411,2.0000,0.0000,0.3000,0.149390,-0.029809,-0.048974,0.152335,-0.196951,2
13.600000,68,412,2.0000,0.0000,0.3000,0.149390,-0.029809,-0.048974,0.152335,-0.196951,2
13.800000,69,413,2.0000,0.0000,0.3000,0.142640,-0.029805,-0.105450,0.145721,-0.205989,2
14.000000,70,414,2.0000,0.0000,0.3000,0.142640,-0.029805,-0.105450,0.145721,-0.205989,2
14.200000,71,415,2.0000,0.0000,0.3000,0.208710,-0.036840,-0.110010,0.211936,-0.174713,2
14.400000,72,416,2.0000,0.0000,0.3000,0.208710,-0.036840,-0.110010,0.211936,-0.174713,2
14.600000,73,417,2.0000,0.0000,0.3000,0.252400,-0.041945,-0.100610,0.255862,-0.164680,2
14.800000,74,418,2.0000,0.0000,0.3000,0.252400,-0.041945,-0.100610,0.255862,-0.164680,2
15.000000,75,419,2.0000,0.0000,0.3000,0.247560,-0.042286,-0.102460,0.251145,-0.169178,2
15.200000,76,420,2.0000,0.0000,0.3000,0.247560,-0.042286,-0.102460,0.251145,-0.169178,2
15.400000,77,421,2.0000,0.0000,0.3000,0.239280,-0.039961,-0.105520,0.242594,-0.165478,2
15.600000,78,422,2.0000,0.0000,0.3000,0.239280,-0.039961,-0.105520,0.242594,-0.165478,2
15.800000,79,423,2.0000,0.0000,0.3000,0.241180,-0.038973,-0.105300,0.244309,-0.160208,2
16.000000,80,424,2.0000,0.0000,0.3000,0.241180,-0.038973,-0.105300,0.244309,-0.160208,2
16.200000,81,425,2.0000,0.0000,0.3000,0.241130,-0.039807,-0.104600,0.244394,-0.163610,2
16.400000,82,426,2.0000,0.0000,0.3000,0.241130,-0.039807,-0.104600,0.244394,-0.163610,2
16.600000,83,427,2.0000,0.0000,0.3000,0.066954,-0.086807,0.073412,0.109628,-0.913804,2
16.800000,84,428,2.0000,0.0000,0.3000,0.066954,-0.086807,0.073412,0.109628,-0.913804,2
17.000000,85,429,2.0000,0.0000,0.3000,0.065400,-0.012730,-0.007192,0.066627,-0.192244,2
17.200000,86,430,2.0000,0.0000,0.3000,0.065400,-0.012730,-0.007192,0.066627,-0.192244,2
17.400000,87,431,2.0000,0.0000,0.3000,0.149390,-0.029809,-0.048974,0.152335,-0.196951,2
17.600000,88,432,2.0000,0.0000,0.3000,0.149390,-0.029809,-0.048974,0.152335,-0.196951,2
17.800000,89,433,2.0000,0.0000,0.3000,0.142640,-0.029805,-0.105450,0.145721,-0.205989,2
18.000000,90,434,2.0000,0.0000,0.3000,0.142640,-0.029805,-0.105450,0.145721,-0.205989,2
18.200000,91,435,2.0000,0.0000,0.3000,0.208710,-0.036840,-0.110010,0.211936,-0.174713,2
18.400000,92,436,1.7870,0.0870,0.3000,0.206400,-0.030612,-0.096952,0.208658,-0.147241,2
18.600000,93,437,1.4870,0.0870,0.3000,0.256730,-0.117080,-0.051036,0.282167,-0.427868,2
18.800000,94,438,1.2494,0.2376,0.3000,0.165570,-0.197640,-0.033333,0.257827,-0.873466,2
19.000000,95,439,1.1000,0.3870,0.3000,0.118550,-0.226680,-0.038305,0.255808,-1.088931,2
19.200000,96,440,1.1000,0.3870,0.3000,0.118550,-0.226680,-0.038305,0.255808,-1.088931,2
19.400000,97,441,1.1000,0.3870,0.3000,0.122780,-0.226360,-0.040887,0.257515,-1.073799,2
19.600000,98,442,1.1000,0.3870,0.3000,0.122780,-0.226360,-0.040887,0.257515,-1.073799,2
19.800000,99,443,1.1000,0.3870,0.3000,0.119230,-0.227200,-0.042328,0.256585,-1.087522,2
20.000000,100,444,1.1000,0.3870,0.3000,0.119230,-0.227200,-0.042328,0.256585,-1.087522,2
20.200000,101,445,1.1000,0.3870,0.3000,0.122190,-0.226830,-0.041900,0.257648,-1.076681,2
20.400000,102,446,1.1000,0.3870,0.3000,0.122190,-0.226830,-0.041900,0.257648,-1.076681,2
20.600000,103,447,1.1000,0.3870,0.3000,-0.030460,-0.142610,0.110530,0.145827,-1.781224,2
20.800000,104,448,1.1000,0.3870,0.3000,-0.030460,-0.142610,0.110530,0.145827,-1.781224,2
21.000000,105,449,1.1000,0.3870,0.3000,0.039456,-0.103930,-0.045048,0.111168,-1.207964,2
21.200000,106,450,1.1000,0.3870,0.3000,0.039456,-0.103930,-0.045048,0.111168,-1.207964,2
21.400000,107,451,1.1000,0.3870,0.3000,0.046945,-0.158970,-0.016479,0.165757,-1.283650,2
21.600000,108,452,1.1000,0.3870,0.3000,0.046945,-0.158970,-0.016479,0.165757,-1.283650,2
21.800000,109,453,1.1000,0.3870,0.3000,0.072172,-0.192940,-0.052785,0.205997,-1.212846,2
22.000000,110,454,1.1000,0.3870,0.3000,0.072172,-0.192940,-0.052785,0.205997,-1.212846,2
22.200000,111,455,1.1000,0.3870,0.3000,0.118510,-0.221500,-0.042353,0.251211,-1.079516,2
22.400000,112,456,1.1000,0.3870,0.3000,0.118510,-0.221500,-0.042353,0.251211,-1.079516,2
22.600000,113,457,1.1000,0.3870,0.3000,0.128900,-0.231230,-0.031567,0.264731,-1.062249,2
22.800000,114,458,1.1000,0.3870,0.3000,0.128900,-0.231230,-0.031567,0.264731,-1.062249,2
23.000000,115,459,1.1000,0.3870,0.3000,0.118550,-0.226680,-0.038305,0.255808,-1.088931,2
23.200000,116,460,1.1000,0.3870,0.3000,0.118550,-0.226680,-0.038305,0.255808,-1.088931,2
23.400000,117,461,1.1000,0.3870,0.3000,0.122780,-0.226360,-0.040887,0.257515,-1.073799,2
23.600000,118,462,1.1000,0.3870,0.3000,0.122780,-0.226360,-0.040887,0.257515,-1.073799,2
23.800000,119,463,1.1000,0.3870,0.3000,0.119230,-0.227200,-0.042328,0.256585,-1.087522,2
24.000000,120,464,1.1000,0.3870,0.3000,0.119230,-0.227200,-0.042328,0.256585,-1.087522,2
24.200000,121,465,1.1000,0.3870,0.3000,0.122190,-0.226830,-0.041900,0.257648,-1.076681,2
24.400000,122,466,1.1000,0.3870,0.3000,0.122190,-0.226830,-0.041900,0.257648,-1.076681,2
24.600000,123,467,1.1000,0.3870,0.3000,-0.030460,-0.142610,0.110530,0.145827,-1.781224,2
24.800000,124,468,1.1000,0.3870,0.3000,-0.030460,-0.142610,0.110530,0.145827,-1.781224,2
25.000000,125,469,1.1000,0.3870,0.3000,0.039456,-0.103930,-0.045048,0.111168,-1.207964,2
25.200000,126,470,1.1000,0.3870,0.3000,0.039456,-0.103930,-0.045048,0.111168,-1.207964,2
25.400000,127,471,1.1000,0.3870,0.3000,0.046945,-0.158970,-0.016479,0.165757,-1.283650,2
25.600000,128,472,1.1000,0.3870,0.3000,0.046945,-0.158970,-0.016479,0.165757,-1.283650,2
25.800000,129,473,1.1000,0.3870,0.3000,0.072172,-0.192940,-0.052785,0.205997,-1.212846,2
26.000000,130,474,1.1000,0.3870,0.3000,0.072172,-0.192940,-0.052785,0.205997,-1.212846,2
26.200000,131,475,1.1000,0.3870,0.3000,0.118510,-0.221500,-0.042353,0.251211,-1.079516,2
26.400000,132,476,1.1000,0.3870,0.3000,0.118510,-0.221500,-0.042353,0.251211,-1.079516,2
26.600000,133,477,1.1000,0.3870,0.3000,0.128900,-0.231230,-0.031567,0.264731,-1.062249,2
26.800000,134,478,1.1000,0.3870,0.3000,0.128900,-0.231230,-0.031567,0.264731,-1.062249,2
27.000000,135,479,1.1000,0.3870,0.3000,0.118550,-0.226680,-0.038305,0.255808,-1.088931,2
27.200000,136,480,1.1000,0.3870,0.3000,0.118550,-0.226680,-0.038305,0.255808,-1.088931,2
27.400000,137,481,1.1000,0.3870,0.3000,0.122780,-0.226360,-0.040887,0.257515,-1.073799,2
27.600000,138,482,1.1000,0.3870,0.3000,0.122780,-0.226360,-0.040887,0.257515,-1.073799,2
27.800000,139,483,1.1000,0.3870,0.3000,0.119230,-0.227200,-0.042328,0.256585,-1.087522,2
28.000000,140,484,1.1000,0.3870,0.3000,0.119230,-0.227200,-0.042328,0.256585,-1.087522,2
28.200000,141,485,1.1000,0.3870,0.3000,0.122190,-0.226830,-0.041900,0.257648,-1.076681,2
28.400000,142,486,1.1000,0.3870,0.3000,0.122190,-0.226830,-0.041900,0.257648,-1.076681,2
28.600000,143,487,1.1000,0.3870,0.3000,-0.030460,-0.142610,0.110530,0.145827,-1.781224,2
28.800000,144,488,1.1000,0.3870,0.3000,-0.030460,-0.142610,0.110530,0.145827,-1.781224,2
29.000000,145,489,1.1000,0.3870,0.3000,0.039456,-0.103930,-0.045048,0.111168,-1.207964,2
29.200000,146,490,1.1000,0.3870,0.3000,0.039456,-0.103930,-0.045048,0.111168,-1.207964,2
29.400000,147,491,1.1000,0.3870,0.3000,0.046945,-0.158970,-0.016479,0.165757,-1.283650,2
29.600000,148,492,1.1000,0.3870,0.3000,0.046945,-0.158970,-0.016479,0.165757,-1.283650,2
29.800000,149,493,1.1000,0.3870,0.3000,0.072172,-0.192940,-0.052785,0.205997,-1.212846,2
30.000000,150,494,1.1000,0.3870,0.3000,0.072172,-0.192940,-0.052785,0.205997,-1.212846,2
30.200000,151,495,1.1000,0.3870,0.3000,0.118510,-0.221500,-0.042353,0.251211,-1.079516,2
30.400000,152,496,1.1000,0.3870,0.3000,0.118510,-0.221500,-0.042353,0.251211,-1.079516,2
30.600000,153,497,1.1000,0.3870,0.3000,0.128900,-0.231230,-0.031567,0.264731,-1.062249,2
30.800000,154,498,1.1000,0.3870,0.3000,0.128900,-0.231230,-0.031567,0.264731,-1.062249,2
31.000000,155,499,1.1000,0.3870,0.3000,0.118550,-0.226680,-0.038305,0.255808,-1.088931,2
31.200000,156,500,1.1000,0.3870,0.3000,0.118550,-0.226680,-0.038305,0.255808,-1.088931,2
31.400000,157,501,1.1000,0.3870,0.3000,0.122780,-0.226360,-0.040887,0.257515,-1.073799,2
31.600000,158,502,1.1000,0.3870,0.3000,0.122780,-0.226360,-0.040887,0.257515,-1.073799,2
31.800000,159,503,1.1000,0.3870,0.3000,0.119230,-0.227200,-0.042328,0.256585,-1.087522,2
32.000000,160,504,1.1000,0.3870,0.3000,0.119230,-0.227200,-0.042328,0.256585,-1.087522,2
32.200000,161,505,1.1000,0.3870,0.3000,0.122190,-0.226830,-0.041900,0.257648,-1.076681,2
32.400000,162,506,1.1000,0.3870,0.3000,0.122190,-0.226830,-0.041900,0.257648,-1.076681,2
32.600000,163,507,1.1000,0.3870,0.3000,-0.030460,-0.142610,0.110530,0.145827,-1.781224,2
32.800000,164,508,1.1000,0.3870,0.3000,-0.030460,-0.142610,0.110530,0.145827,-1.781224,2
33.000000,165,509,1.1000,0.3870,0.3000,0.039456,-0.103930,-0.045048,0.111168,-1.207964,2
33.200000,166,510,1.1000,0.3870,0.3000,0.039456,-0.103930,-0.045048,0.111168,-1.207964,2
33.400000,167,511,1.1000,0.3870,0.3000,0.046945,-0.158970,-0.016479,0.165757,-1.283650,2
33.600000,168,512,1.1000,0.3870,0.3000,0.046945,-0.158970,-0.016479,0.165757,-1.283650,2
33.800000,169,513,1.1000,0.3870,0.3000,0.072172,-0.192940,-0.052785,0.205997,-1.212846,2
34.000000,170,514,1.1000,0.3870,0.3000,0.072172,-0.192940,-0.052785,0.205997,-1.212846,2
34.200000,171,515,1.1000,0.3870,0.3000,0.118510,-0.221500,-0.042353,0.251211,-1.079516,2
34.400000,172,516,1.1000,0.3870,0.3000,0.118510,-0.221500,-0.042353,0.251211,-1.079516,2
34.600000,173,517,1.1000,0.3870,0.3000,0.128900,-0.231230,-0.031567,0.264731,-1.062249,2
34.800000,174,518,1.1000,0.3870,0.3000,0.128900,-0.231230,-0.031567,0.264731,-1.062249,2
35.000000,175,519,1.1000,0.3870,0.3000,0.118550,-0.226680,-0.038305,0.255808,-1.088931,2
35.200000,176,520,0.8000,0.3870,0.3000,0.326950,-0.718810,-0.014791,0.789673,-1.143917,2
35.400000,177,521,0.5000,0.3870,0.3000,0.303020,-0.994050,0.008044,1.039210,-1.274911,2
35.600000,178,522,0.2000,0.3870,0.3000,0.158920,-0.531400,-0.112060,0.554654,-1.280203,2
35.800000,179,523,0.2000,0.3870,0.3000,0.158980,-0.531880,-0.112340,0.555132,-1.280347,2
36.000000,180,524,0.2000,0.3870,0.3000,0.158980,-0.531880,-0.112340,0.555132,-1.280347,2
36.200000,181,525,0.2000,0.3870,0.3000,0.158910,-0.532330,-0.112480,0.555543,-1.280700,2
36.400000,182,526,0.2000,0.3870,0.3000,0.158910,-0.532330,-0.112480,0.555543,-1.280700,2
36.600000,183,527,0.2000,0.3870,0.3000,0.161630,-0.543120,-0.141460,0.566660,-1.281547,2
36.800000,184,528,0.2000,0.3870,0.3000,0.161630,-0.543120,-0.141460,0.566660,-1.281547,2
37.000000,185,529,0.2000,0.3870,0.3000,0.148980,-0.557750,-0.109580,0.577304,-1.309781,2
37.200000,186,530,0.2000,0.3870,0.3000,0.148980,-0.557750,-0.109580,0.577304,-1.309781,2
37.400000,187,531,0.2000,0.3870,0.3000,0.156400,-0.544430,-0.104130,0.566449,-1.291056,2
37.600000,188,532,0.2000,0.3870,0.3000,0.156400,-0.544430,-0.104130,0.566449,-1.291056,2
37.800000,189,533,0.2000,0.3870,0.3000,0.156930,-0.529260,-0.106280,0.552035,-1.282546,2
38.000000,190,534,0.2000,0.3870,0.3000,0.156930,-0.529260,-0.106280,0.552035,-1.282546,2
38.200000,191,535,0.2000,0.3870,0.3000,0.157880,-0.530450,-0.110460,0.553447,-1.281512,2
38.400000,192,536,0.2000,0.3870,0.3000,0.157880,-0.530450,-0.110460,0.553447,-1.281512,2
38.600000,193,537,0.2000,0.3870,0.3000,0.158550,-0.527540,-0.111880,0.550851,-1.278839,2
38.800000,194,538,0.2000,0.3870,0.3000,0.158550,-0.527540,-0.111880,0.550851,-1.278839,2
39.000000,195,539,0.2000,0.3870,0.3000,0.158820,-0.530850,-0.112060,0.554099,-1.280091,2
39.200000,196,540,0.2000,0.3870,0.3000,0.158820,-0.530850,-0.112060,0.554099,-1.280091,2
39.400000,197,541,0.2000,0.3870,0.3000,0.158920,-0.531400,-0.112060,0.554654,-1.280203,2
39.600000,198,542,0.2000,0.3870,0.3000,0.158920,-0.531400,-0.112060,0.554654,-1.280203,2
39.800000,199,543,0.2000,0.3870,0.3000,0.158980,-0.531880,-0.112340,0.555132,-1.280347,2
40.000000,200,544,0.2000,0.3870,0.3000,0.158980,-0.531880,-0.112340,0.555132,-1.280347,2
40.200000,201,545,0.2000,0.3870,0.3000,0.158910,-0.532330,-0.112480,0.555543,-1.280700,2
40.400000,202,546,0.2000,0.3870,0.3000,0.158910,-0.532330,-0.112480,0.555543,-1.280700,2
40.600000,203,547,0.2000,0.3870,0.3000,0.161630,-0.543120,-0.141460,0.566660,-1.281547,2
40.800000,204,548,0.2000,0.3870,0.3000,0.161630,-0.543120,-0.141460,0.566660,-1.281547,2
41.000000,205,549,0.2000,0.3870,0.3000,0.148980,-0.557750,-0.109580,0.577304,-1.309781,2
41.200000,206,550,0.2000,0.3870,0.3000,0.148980,-0.557750,-0.109580,0.577304,-1.309781,2
41.400000,207,551,0.2000,0.3870,0.3000,0.156400,-0.544430,-0.104130,0.566449,-1.291056,2
41.600000,208,552,0.2000,0.3870,0.3000,0.156400,-0.544430,-0.104130,0.566449,-1.291056,2
41.800000,209,553,0.2000,0.3870,0.3000,0.156930,-0.529260,-0.106280,0.552035,-1.282546,2
42.000000,210,554,0.2000,0.3870,0.3000,0.156930,-0.529260,-0.106280,0.552035,-1.282546,2
42.200000,211,555,0.2000,0.3870,0.3000,0.157880,-0.530450,-0.110460,0.553447,-1.281512,2
42.400000,212,556,0.2000,0.3870,0.3000,0.157880,-0.530450,-0.110460,0.553447,-1.281512,2
42.600000,213,557,0.2000,0.3870,0.3000,0.158550,-0.527540,-0.111880,0.550851,-1.278839,2
42.800000,214,558,0.2000,0.3870,0.3000,0.158550,-0.527540,-0.111880,0.550851,-1.278839,2
43.000000,215,559,0.2000,0.3870,0.3000,0.158820,-0.530850,-0.112060,0.554099,-1.280091,2
43.200000,216,560,0.2000,0.3870,0.3000,0.158820,-0.530850,-0.112060,0.554099,-1.280091,2
43.400000,217,561,0.2000,0.3870,0.3000,0.158920,-0.531400,-0.112060,0.554654,-1.280203,2
43.600000,218,562,0.2000,0.3870,0.3000,0.158920,-0.531400,-0.112060,0.554654,-1.280203,2
43.800000,219,563,0.2000,0.3870,0.3000,0.158980,-0.531880,-0.112340,0.555132,-1.280347,2
44.000000,220,564,0.2000,0.3870,0.3000,0.158980,-0.531880,-0.112340,0.555132,-1.280347,2
44.200000,221,565,0.2000,0.3870,0.3000,0.158910,-0.532330,-0.112480,0.555543,-1.280700,2
44.400000,222,566,0.2000,0.3870,0.3000,0.158910,-0.532330,-0.112480,0.555543,-1.280700,2
44.600000,223,567,0.2000,0.3870,0.3000,0.161630,-0.543120,-0.141460,0.566660,-1.281547,2
44.800000,224,568,0.2000,0.3870,0.3000,0.161630,-0.543120,-0.141460,0.566660,-1.281547,2
45.000000,225,569,0.2000,0.3870,0.3000,0.148980,-0.557750,-0.109580,0.577304,-1.309781,2
45.200000,226,570,0.2000,0.3870,0.3000,0.148980,-0.557750,-0.109580,0.577304,-1.309781,2
45.400000,227,571,0.2000,0.3870,0.3000,0.156400,-0.544430,-0.104130,0.566449,-1.291056,2
45.600000,228,572,0.2000,0.3870,0.3000,0.156400,-0.544430,-0.104130,0.566449,-1.291056,2
45.800000,229,573,0.2000,0.3870,0.3000,0.156930,-0.529260,-0.106280,0.552035,-1.282546,2
46.000000,230,574,0.2000,0.3870,0.3000,0.156930,-0.529260,-0.106280,0.552035,-1.282546,2
46.200000,231,575,0.2000,0.3870,0.3000,0.157880,-0.530450,-0.110460,0.553447,-1.281512,2
46.400000,232,576,0.2000,0.3870,0.3000,0.157880,-0.530450,-0.110460,0.553447,-1.281512,2
46.600000,233,577,0.2000,0.3870,0.3000,0.158550,-0.527540,-0.111880,0.550851,-1.278839,2
46.800000,234,578,0.2000,0.3870,0.3000,0.158550,-0.527540,-0.111880,0.550851,-1.278839,2
47.000000,235,579,0.2000,0.3870,0.3000,0.158820,-0.530850,-0.112060,0.554099,-1.280091,2
47.200000,236,580,0.2000,0.3870,0.3000,0.158820,-0.530850,-0.112060,0.554099,-1.280091,2
47.400000,237,581,0.2000,0.3870,0.3000,0.158920,-0.531400,-0.112060,0.554654,-1.280203,2
47.600000,238,582,0.2000,0.3870,0.3000,0.158920,-0.531400,-0.112060,0.554654,-1.280203,2
47.800000,239,583,0.2000,0.3870,0.3000,0.158980,-0.531880,-0.112340,0.555132,-1.280347,2
48.000000,240,584,0.2000,0.3870,0.3000,0.158980,-0.531880,-0.112340,0.555132,-1.280347,2
48.200000,241,585,0.2000,0.3870,0.3000,0.158910,-0.532330,-0.112480,0.555543,-1.280700,2
48.400000,242,586,0.2000,0.3870,0.3000,0.158910,-0.532330,-0.112480,0.555543,-1.280700,2
48.600000,243,587,0.2000,0.3870,0.3000,0.161630,-0.543120,-0.141460,0.566660,-1.281547,2
48.800000,244,588,0.2000,0.3870,0.3000,0.161630,-0.543120,-0.141460,0.566660,-1.281547,2
49.000000,245,589,0.2000,0.3870,0.3000,0.148980,-0.557750,-0.109580,0.577304,-1.309781,2
49.200000,246,590,0.2000,0.3870,0.3000,0.148980,-0.557750,-0.109580,0.577304,-1.309781,2
49.400000,247,591,0.2000,0.3870,0.3000,0.156400,-0.544430,-0.104130,0.566449,-1.291056,2
49.600000,248,592,0.2000,0.3870,0.3000,0.156400,-0.544430,-0.104130,0.566449,-1.291056,2
49.800000,249,593,0.2000,0.3870,0.3000,0.156930,-0.529260,-0.106280,0.552035,-1.282546,2
50.000000,250,594,0.2000,0.3870,0.3000,0.156930,-0.529260,-0.106280,0.552035,-1.282546,2
50.200000,251,595,0.2000,0.3870,0.3000,0.157880,-0.530450,-0.110460,0.553447,-1.281512,2
50.400000,252,596,0.2000,0.3870,0.3000,0.157880,-0.530450,-0.110460,0.553447,-1.281512,2
50.600000,253,597,0.2000,0.3870,0.3000,0.158550,-0.527540,-0.111880,0.550851,-1.278839,2
50.800000,254,598,0.2000,0.3870,0.3000,0.158550,-0.527540,-0.111880,0.550851,-1.278839,2
51.000000,255,599,0.2000,0.3870,0.3000,0.158820,-0.530850,-0.112060,0.554099,-1.280091,2
51.200000,256,600,0.2000,0.3870,0.3000,0.158820,-0.530850,-0.112060,0.554099,-1.280091,2
51.400000,257,601,0.2000,0.3870,0.3000,0.158920,-0.531400,-0.112060,0.554654,-1.280203,2
51.600000,258,602,0.2000,0.3870,0.3000,0.158920,-0.531400,-0.112060,0.554654,-1.280203,2
51.800000,259,603,0.2000,0.3870,0.3000,0.158980,-0.531880,-0.112340,0.555132,-1.280347,2
52.000000,260,604,0.5000,0.3870,0.3000,0.302960,-0.994230,0.007861,1.039364,-1.275017,2
52.200000,261,605,0.8000,0.3870,0.3000,0.325270,-0.716690,-0.015483,0.787048,-1.144745,2
52.400000,262,606,1.1000,0.3870,0.3000,0.122190,-0.226830,-0.041900,0.257648,-1.076681,2
52.600000,263,607,1.4000,0.3870,0.3000,-0.095115,-0.084908,0.050498,0.127500,-2.412832,2
52.800000,264,608,1.7000,0.3870,0.3000,-0.102150,-0.074853,-0.007433,0.126640,-2.509207,2
53.000000,265,609,2.0000,0.3870,0.3000,-0.003416,0.077860,0.059187,0.077935,1.614641,2
53.200000,266,610,2.2121,0.1749,0.3000,-0.005481,0.056354,0.009659,0.056620,1.667750,2
53.400000,267,611,2.4243,-0.0373,0.3000,0.080288,0.008595,-0.038586,0.080747,0.106641,2
53.600000,268,612,2.6364,-0.2494,0.3000,0.066020,-0.014991,0.011132,0.067701,-0.223282,2
53.800000,269,613,2.8485,-0.4615,0.3000,-0.101940,-0.162110,-0.020167,0.191498,-2.132147,2
54.000000,270,614,2.9000,-0.7402,0.3000,-0.081163,-0.460100,-0.021328,0.467204,-1.745403,2
54.200000,271,615,2.9000,-1.0402,0.3000,0.423460,-1.090300,0.047959,1.169646,-1.200340,2
54.400000,272,616,2.9000,-1.3402,0.3000,0.577960,-1.177300,0.037456,1.311516,-1.114439,2
54.600000,273,617,3.1272,-1.4130,0.3000,0.755210,-1.259200,-0.018068,1.468307,-1.030558,2
54.800000,274,618,3.4272,-1.4130,0.3000,0.384440,-0.322690,-0.123840,0.501919,-0.698294,2
55.000000,275,619,3.7272,-1.4130,0.3000,0.057725,0.043633,0.206450,0.072360,0.647252,2
55.200000,276,620,4.0272,-1.4130,0.3000,0.258950,0.071533,0.203670,0.268649,0.269521,2
55.400000,277,621,4.3272,-1.4130,0.3000,0.433070,0.072229,0.089163,0.439052,0.165263,2
55.600000,278,622,4.6272,-1.4130,0.3000,0.576800,0.078532,-0.008963,0.582122,0.135319,2
55.800000,279,623,4.8607,-1.2523,0.3000,0.408850,0.092844,-0.373410,0.419259,0.223299,2
56.000000,280,624,5.0728,-1.0402,0.3000,0.094047,-0.014186,-0.207380,0.095111,-0.149711,2
56.200000,281,625,5.2849,-0.8281,0.3000,0.100210,-0.090896,-0.099074,0.135293,-0.736699,2
56.400000,282,626,5.4971,-0.6159,0.3000,0.142120,-0.098490,-0.048150,0.172911,-0.606016,2
56.600000,283,627,5.7092,-0.4038,0.3000,0.046404,-0.091227,-0.010922,0.102351,-1.100241,2
56.800000,284,628,5.9000,-0.2130,0.3000,0.022147,-0.084722,-0.013953,0.087569,-1.315110,2
57.000000,285,629,5.9000,-0.2130,0.3000,0.156850,-0.005371,-0.066754,0.156942,-0.034228,2
57.200000,286,630,5.9000,-0.2130,0.3000,0.156850,-0.005371,-0.066754,0.156942,-0.034228,2
57.400000,287,631,5.9000,-0.2130,0.3000,0.061047,0.035451,-0.026462,0.070594,0.526120,2
57.600000,288,632,5.9000,-0.2130,0.3000,0.061047,0.035451,-0.026462,0.070594,0.526120,2
57.800000,289,633,5.9000,-0.2130,0.3000,0.042513,0.030170,-0.000045,0.052130,0.617183,2
58.000000,290,634,5.9000,-0.2130,0.3000,0.042513,0.030170,-0.000045,0.052130,0.617183,2
58.200000,291,635,5.9000,-0.2130,0.3000,0.068702,0.036022,-0.034876,0.077573,0.482916,2
58.400000,292,636,5.9000,-0.2130,0.3000,0.068702,0.036022,-0.034876,0.077573,0.482916,2
58.600000,293,637,5.9000,-0.2130,0.3000,0.069534,0.042497,-0.037164,0.081492,0.548591,2
58.800000,294,638,5.9000,-0.2130,0.3000,0.069534,0.042497,-0.037164,0.081492,0.548591,2
59.000000,295,639,5.9000,-0.2130,0.3000,0.069250,0.028102,-0.038303,0.074735,0.385501,2
59.200000,296,640,5.9000,-0.2130,0.3000,0.069250,0.028102,-0.038303,0.074735,0.385501,2
59.400000,297,641,5.9000,-0.2130,0.3000,0.058907,0.043076,-0.025910,0.072977,0.631396,2
59.600000,298,642,5.9000,-0.2130,0.3000,0.058907,0.043076,-0.025910,0.072977,0.631396,2
59.800000,299,643,5.9000,-0.2130,0.3000,0.063582,0.066959,-0.029277,0.092337,0.811262,2
60.000000,300,644,5.9000,-0.2130,0.3000,0.063582,0.066959,-0.029277,0.092337,0.811262,2
60.200000,301,645,5.9000,-0.2130,0.3000,0.071096,0.044179,-0.034089,0.083704,0.556006,2
60.400000,302,646,5.9000,-0.2130,0.3000,0.071096,0.044179,-0.034089,0.083704,0.556006,2
60.600000,303,647,5.9000,-0.2130,0.3000,0.022147,-0.084722,-0.013953,0.087569,-1.315110,2
60.800000,304,648,5.9000,-0.2130,0.3000,0.022147,-0.084722,-0.013953,0.087569,-1.315110,2
61.000000,305,649,5.9000,-0.2130,0.3000,0.156850,-0.005371,-0.066754,0.156942,-0.034228,2
61.200000,306,650,5.9000,-0.2130,0.3000,0.156850,-0.005371,-0.066754,0.156942,-0.034228,2
61.400000,307,651,5.9000,-0.2130,0.3000,0.061047,0.035451,-0.026462,0.070594,0.526120,2
61.600000,308,652,5.9000,-0.2130,0.3000,0.061047,0.035451,-0.026462,0.070594,0.526120,2
61.800000,309,653,5.9000,-0.2130,0.3000,0.042513,0.030170,-0.000045,0.052130,0.617183,2
62.000000,310,654,5.9000,-0.2130,0.3000,0.042513,0.030170,-0.000045,0.052130,0.617183,2
62.200000,311,655,5.9000,-0.2130,0.3000,0.068702,0.036022,-0.034876,0.077573,0.482916,2
62.400000,312,656,5.9000,-0.2130,0.3000,0.068702,0.036022,-0.034876,0.077573,0.482916,2
62.600000,313,657,5.9000,-0.2130,0.3000,0.069534,0.042497,-0.037164,0.081492,0.548591,2
62.800000,314,658,5.9000,-0.2130,0.3000,0.069534,0.042497,-0.037164,0.081492,0.548591,2
63.000000,315,659,5.9000,-0.2130,0.3000,0.069250,0.028102,-0.038303,0.074735,0.385501,2
63.200000,316,660,5.9000,-0.2130,0.3000,0.069250,0.028102,-0.038303,0.074735,0.385501,2
63.400000,317,661,5.9000,-0.2130,0.3000,0.058907,0.043076,-0.025910,0.072977,0.631396,2
63.600000,318,662,5.9000,-0.2130,0.3000,0.058907,0.043076,-0.025910,0.072977,0.631396,2
63.800000,319,663,5.9000,-0.2130,0.3000,0.063582,0.066959,-0.029277,0.092337,0.811262,2
64.000000,320,664,5.9000,-0.2130,0.3000,0.063582,0.066959,-0.029277,0.092337,0.811262,2
64.200000,321,665,5.9000,-0.2130,0.3000,0.071096,0.044179,-0.034089,0.083704,0.556006,2
64.400000,322,666,5.9000,-0.2130,0.3000,0.071096,0.044179,-0.034089,0.083704,0.556006,2
64.600000,323,667,5.9000,-0.2130,0.3000,0.022147,-0.084722,-0.013953,0.087569,-1.315110,2
64.800000,324,668,5.9000,-0.2130,0.3000,0.022147,-0.084722,-0.013953,0.087569,-1.315110,2
65.000000,325,669,5.9000,-0.2130,0.3000,0.156850,-0.005371,-0.066754,0.156942,-0.034228,2
65.200000,326,670,5.9000,-0.2130,0.3000,0.156850,-0.005371,-0.066754,0.156942,-0.034228,2
65.400000,327,671,5.9000,-0.2130,0.3000,0.061047,0.035451,-0.026462,0.070594,0.526120,2
65.600000,328,672,5.9000,-0.2130,0.3000,0.061047,0.035451,-0.026462,0.070594,0.526120,2
65.800000,329,673,5.9000,-0.2130,0.3000,0.042513,0.030170,-0.000045,0.052130,0.617183,2
66.000000,330,674,5.9000,-0.2130,0.3000,0.042513,0.030170,-0.000045,0.052130,0.617183,2
66.200000,331,675,5.9000,-0.2130,0.3000,0.068702,0.036022,-0.034876,0.077573,0.482916,2
66.400000,332,676,5.9000,-0.2130,0.3000,0.068702,0.036022,-0.034876,0.077573,0.482916,2
66.600000,333,677,5.9000,-0.2130,0.3000,0.069534,0.042497,-0.037164,0.081492,0.548591,2
66.800000,334,678,5.9000,-0.2130,0.3000,0.069534,0.042497,-0.037164,0.081492,0.548591,2
67.000000,335,679,5.9000,-0.2130,0.3000,0.069250,0.028102,-0.038303,0.074735,0.385501,2
67.200000,336,680,5.9000,-0.2130,0.3000,0.069250,0.028102,-0.038303,0.074735,0.385501,2
67.400000,337,681,5.9000,-0.2130,0.3000,0.058907,0.043076,-0.025910,0.072977,0.631396,2
67.600000,338,682,5.9000,-0.2130,0.3000,0.058907,0.043076,-0.025910,0.072977,0.631396,2
67.800000,339,683,5.9000,-0.2130,0.3000,0.063582,0.066959,-0.029277,0.092337,0.811262,2
68.000000,340,684,5.9000,-0.2130,0.3000,0.063582,0.066959,-0.029277,0.092337,0.811262,2
68.200000,341,685,5.9000,-0.2130,0.3000,0.071096,0.044179,-0.034089,0.083704,0.556006,2
68.400000,342,686,5.9000,-0.2130,0.3000,0.071096,0.044179,-0.034089,0.083704,0.556006,2
68.600000,343,687,5.9000,-0.2130,0.3000,0.022147,-0.084722,-0.013953,0.087569,-1.315110,2
68.800000,344,688,5.9000,-0.2130,0.3000,0.022147,-0.084722,-0.013953,0.087569,-1.315110,2
69.000000,345,689,5.9000,-0.2130,0.3000,0.156850,-0.005371,-0.066754,0.156942,-0.034228,2
69.200000,346,690,5.9000,-0.2130,0.3000,0.156850,-0.005371,-0.066754,0.156942,-0.034228,2
69.400000,347,691,5.9000,-0.2130,0.3000,0.061047,0.035451,-0.026462,0.070594,0.526120,2
69.600000,348,692,5.9000,-0.2130,0.3000,0.061047,0.035451,-0.026462,0.070594,0.526120,2
69.800000,349,693,5.9000,-0.2130,0.3000,0.042513,0.030170,-0.000045,0.052130,0.617183,2
70.000000,350,694,5.9000,-0.2130,0.3000,0.042513,0.030170,-0.000045,0.052130,0.617183,2
70.200000,351,695,5.9000,-0.2130,0.3000,0.068702,0.036022,-0.034876,0.077573,0.482916,2
70.400000,352,696,5.9000,-0.2130,0.3000,0.068702,0.036022,-0.034876,0.077573,0.482916,2
70.600000,353,697,5.9000,-0.2130,0.3000,0.069534,0.042497,-0.037164,0.081492,0.548591,2
70.800000,354,698,5.9000,-0.2130,0.3000,0.069534,0.042497,-0.037164,0.081492,0.548591,2
71.000000,355,699,5.9000,-0.2130,0.3000,0.069250,0.028102,-0.038303,0.074735,0.385501,2
71.200000,356,700,5.9000,-0.2130,0.3000,0.069250,0.028102,-0.038303,0.074735,0.385501,2
71.400000,357,701,5.9000,-0.2130,0.3000,0.058907,0.043076,-0.025910,0.072977,0.631396,2
71.600000,358,702,5.9000,-0.2130,0.3000,0.058907,0.043076,-0.025910,0.072977,0.631396,2
71.800000,359,703,5.9000,-0.2130,0.3000,0.063582,0.066959,-0.029277,0.092337,0.811262,2
72.000000,360,704,5.9000,-0.2130,0.3000,0.063582,0.066959,-0.029277,0.092337,0.811262,2
72.200000,361,705,5.9000,-0.2130,0.3000,0.071096,0.044179,-0.034089,0.083704,0.556006,2
72.400000,362,706,5.9000,-0.2130,0.3000,0.071096,0.044179,-0.034089,0.083704,0.556006,2
72.600000,363,707,5.9000,-0.2130,0.3000,0.022147,-0.084722,-0.013953,0.087569,-1.315110,2
72.800000,364,708,5.9000,-0.2130,0.3000,0.022147,-0.084722,-0.013953,0.087569,-1.315110,2
73.000000,365,709,5.6000,-0.2130,0.3000,0.142400,-0.053199,-0.041970,0.152013,-0.357533,2
73.200000,366,710,5.3879,-0.4251,0.3000,0.136460,-0.054811,-0.027331,0.147056,-0.381940,2
73.400000,367,711,5.1757,-0.6373,0.3000,0.106500,-0.046718,-0.050568,0.116296,-0.413389,2
73.600000,368,712,4.9636,-0.8494,0.3000,0.057455,-0.015498,-0.153140,0.059509,-0.263471,2
73.800000,369,713,4.7515,-1.0615,0.3000,0.082124,-0.009487,-0.234190,0.082670,-0.115007,2
74.000000,370,714,4.5393,-1.2737,0.3000,0.380550,0.078189,-0.240360,0.388499,0.202643,2
74.200000,371,715,4.2971,-1.4130,0.3000,0.467240,0.080403,0.088456,0.474107,0.170412,2
74.400000,372,716,3.9971,-1.4130,0.3000,0.293680,0.077929,0.200290,0.303844,0.259376,2
74.600000,373,717,3.6971,-1.4130,0.3000,0.052074,0.041872,0.199090,0.066820,0.677228,2
74.800000,374,718,3.3971,-1.4130,0.3000,0.384440,-0.322690,-0.123840,0.501919,-0.698294,2
75.000000,375,719,3.0971,-1.4130,0.3000,0.751050,-1.263100,-0.016164,1.469523,-1.034351,2
75.200000,376,720,2.9000,-1.3101,0.3000,0.568370,-1.178600,0.016632,1.308489,-1.121456,2
75.400000,377,721,2.9000,-1.0101,0.3000,0.404020,-1.095100,0.012703,1.167252,-1.217354,2
75.600000,378,722,2.9000,-0.7101,0.3000,0.153310,-0.446930,0.036389,0.472494,-1.240345,2
75.800000,379,723,2.7971,-0.5130,0.3000,0.167470,-0.240820,0.011769,0.293327,-0.963154,2
76.000000,380,724,2.4971,-0.5130,0.3000,0.518510,-0.335030,-0.026495,0.617331,-0.573657,2
76.200000,381,725,2.1971,-0.5130,0.3000,0.739500,-0.340950,0.016615,0.814314,-0.432009,2
76.400000,382,726,1.8971,-0.5130,0.3000,0.834060,-0.397460,0.021329,0.923921,-0.444701,2
76.600000,383,727,1.5971,-0.5130,0.3000,0.805340,-0.349580,0.082521,0.877940,-0.409534,2
76.800000,384,728,1.2971,-0.5130,0.3000,0.712780,-0.427860,0.118800,0.831336,-0.540618,2
77.000000,385,729,0.9971,-0.5130,0.3000,0.572780,-0.580930,0.051686,0.815817,-0.792462,2
77.200000,386,730,0.6971,-0.5130,0.3000,0.282150,-0.566290,0.018130,0.632687,-1.108555,2
77.400000,387,731,0.3971,-0.5130,0.3000,-0.062251,-0.391680,0.172060,0.396596,-1.728411,2
77.600000,388,732,0.0971,-0.5130,0.3000,-0.102070,-0.108220,0.263480,0.148761,-2.326957,2
77.800000,389,733,-0.2029,-0.5130,0.3000,0.071178,-0.063865,0.064218,0.095630,-0.731298,2
78.000000,390,734,-0.4000,-0.5130,0.3000,0.098622,-0.003210,0.041432,0.098674,-0.032533,2
78.200000,391,735,-0.4000,-0.5130,0.3000,0.100500,-0.006300,0.043200,0.100697,-0.062607,2
78.400000,392,736,-0.4000,-0.5130,0.3000,0.100500,-0.006300,0.043200,0.100697,-0.062607,2
78.600000,393,737,-0.4000,-0.5130,0.3000,0.099727,-0.004972,0.043374,0.099851,-0.049811,2
78.800000,394,738,-0.4000,-0.5130,0.3000,0.099727,-0.004972,0.043374,0.099851,-0.049811,2
79.000000,395,739,-0.4000,-0.5130,0.3000,0.100130,-0.005159,0.043146,0.100263,-0.051479,2
79.200000,396,740,-0.4000,-0.5130,0.3000,0.100130,-0.005159,0.043146,0.100263,-0.051479,2
79.400000,397,741,-0.4000,-0.5130,0.3000,0.100230,-0.004992,0.043327,0.100354,-0.049762,2
79.600000,398,742,-0.4000,-0.5130,0.3000,0.100230,-0.004992,0.043327,0.100354,-0.049762,2
79.800000,399,743,-0.4000,-0.5130,0.3000,0.100360,-0.005044,0.043410,0.100487,-0.050215,2
80.000000,400,744,-0.4000,-0.5130,0.3000,0.100360,-0.005044,0.043410,0.100487,-0.050215,2
80.200000,401,745,-0.4000,-0.5130,0.3000,0.100280,-0.005155,0.043293,0.100412,-0.051361,2
80.400000,402,746,-0.4000,-0.5130,0.3000,0.100280,-0.005155,0.043293,0.100412,-0.051361,2
80.600000,403,747,-0.4000,-0.5130,0.3000,0.050654,0.042210,0.050611,0.065936,0.694719,2
80.800000,404,748,-0.4000,-0.5130,0.3000,0.050654,0.042210,0.050611,0.065936,0.694719,2
81.000000,405,749,-0.4000,-0.5130,0.3000,0.084307,0.003370,0.034536,0.084374,0.039947,2
81.200000,406,750,-0.4000,-0.5130,0.3000,0.084307,0.003370,0.034536,0.084374,0.039947,2
81.400000,407,751,-0.4000,-0.5130,0.3000,0.099033,-0.002836,0.042344,0.099074,-0.028626,2
81.600000,408,752,-0.4000,-0.5130,0.3000,0.099033,-0.002836,0.042344,0.099074,-0.028626,2
81.800000,409,753,-0.4000,-0.5130,0.3000,0.098622,-0.003210,0.041432,0.098674,-0.032533,2
82.000000,410,754,-0.4000,-0.5130,0.3000,0.098622,-0.003210,0.041432,0.098674,-0.032533,2
82.200000,411,755,-0.4000,-0.5130,0.3000,0.100500,-0.006300,0.043200,0.100697,-0.062607,2
82.400000,412,756,-0.4000,-0.5130,0.3000,0.100500,-0.006300,0.043200,0.100697,-0.062607,2
82.600000,413,757,-0.4000,-0.5130,0.3000,0.099727,-0.004972,0.043374,0.099851,-0.049811,2
82.800000,414,758,-0.4000,-0.5130,0.3000,0.099727,-0.004972,0.043374,0.099851,-0.049811,2
83.000000,415,759,-0.4000,-0.5130,0.3000,0.100130,-0.005159,0.043146,0.100263,-0.051479,2
83.200000,416,760,-0.4000,-0.5130,0.3000,0.100130,-0.005159,0.043146,0.100263,-0.051479,2
83.400000,417,761,-0.4000,-0.5130,0.3000,0.100230,-0.004992,0.043327,0.100354,-0.049762,2
83.600000,418,762,-0.4000,-0.5130,0.3000,0.100230,-0.004992,0.043327,0.100354,-0.049762,2
83.800000,419,763,-0.4000,-0.5130,0.3000,0.100360,-0.005044,0.043410,0.100487,-0.050215,2
84.000000,420,764,-0.4000,-0.5130,0.3000,0.100360,-0.005044,0.043410,0.100487,-0.050215,2
84.200000,421,765,-0.4000,-0.5130,0.3000,0.100280,-0.005155,0.043293,0.100412,-0.051361,2
84.400000,422,766,-0.4000,-0.5130,0.3000,0.100280,-0.005155,0.043293,0.100412,-0.051361,2
84.600000,423,767,-0.4000,-0.5130,0.3000,0.050654,0.042210,0.050611,0.065936,0.694719,2
84.800000,424,768,-0.4000,-0.5130,0.3000,0.050654,0.042210,0.050611,0.065936,0.694719,2
85.000000,425,769,-0.4000,-0.5130,0.3000,0.084307,0.003370,0.034536,0.084374,0.039947,2
85.200000,426,770,-0.4000,-0.5130,0.3000,0.084307,0.003370,0.034536,0.084374,0.039947,2
85.400000,427,771,-0.4000,-0.5130,0.3000,0.099033,-0.002836,0.042344,0.099074,-0.028626,2
85.600000,428,772,-0.4000,-0.5130,0.3000,0.099033,-0.002836,0.042344,0.099074,-0.028626,2
85.800000,429,773,-0.4000,-0.5130,0.3000,0.098622,-0.003210,0.041432,0.098674,-0.032533,2
86.000000,430,774,-0.4000,-0.5130,0.3000,0.098622,-0.003210,0.041432,0.098674,-0.032533,2
86.200000,431,775,-0.4000,-0.5130,0.3000,0.100500,-0.006300,0.043200,0.100697,-0.062607,2
86.400000,432,776,-0.4000,-0.5130,0.3000,0.100500,-0.006300,0.043200,0.100697,-0.062607,2
86.600000,433,777,-0.4000,-0.5130,0.3000,0.099727,-0.004972,0.043374,0.099851,-0.049811,2
86.800000,434,778,-0.4000,-0.5130,0.3000,0.099727,-0.004972,0.043374,0.099851,-0.049811,2
87.000000,435,779,-0.4000,-0.5130,0.3000,0.100130,-0.005159,0.043146,0.100263,-0.051479,2
87.200000,436,780,-0.4000,-0.5130,0.3000,0.100130,-0.005159,0.043146,0.100263,-0.051479,2
87.400000,437,781,-0.4000,-0.5130,0.3000,0.100230,-0.004992,0.043327,0.100354,-0.049762,2
87.600000,438,782,-0.4000,-0.5130,0.3000,0.100230,-0.004992,0.043327,0.100354,-0.049762,2
87.800000,439,783,-0.4000,-0.5130,0.3000,0.100360,-0.005044,0.043410,0.100487,-0.050215,2
88.000000,440,784,-0.4000,-0.5130,0.3000,0.100360,-0.005044,0.043410,0.100487,-0.050215,2
88.200000,441,785,-0.4000,-0.5130,0.3000,0.100280,-0.005155,0.043293,0.100412,-0.051361,2
88.400000,442,786,-0.4000,-0.5130,0.3000,0.100280,-0.005155,0.043293,0.100412,-0.051361,2
88.600000,443,787,-0.4000,-0.5130,0.3000,0.050654,0.042210,0.050611,0.065936,0.694719,2
88.800000,444,788,-0.4000,-0.5130,0.3000,0.050654,0.042210,0.050611,0.065936,0.694719,2
89.000000,445,789,-0.4000,-0.5130,0.3000,0.084307,0.003370,0.034536,0.084374,0.039947,2
89.200000,446,790,-0.4000,-0.5130,0.3000,0.084307,0.003370,0.034536,0.084374,0.039947,2
89.400000,447,791,-0.4000,-0.5130,0.3000,0.099033,-0.002836,0.042344,0.099074,-0.028626,2
89.600000,448,792,-0.4000,-0.5130,0.3000,0.099033,-0.002836,0.042344,0.099074,-0.028626,2
89.800000,449,793,-0.4000,-0.5130,0.3000,0.098622,-0.003210,0.041432,0.098674,-0.032533,2
90.000000,450,794,-0.4000,-0.5130,0.3000,0.098622,-0.003210,0.041432,0.098674,-0.032533,2
90.200000,451,795,-0.4000,-0.5130,0.3000,0.100500,-0.006300,0.043200,0.100697,-0.062607,2
90.400000,452,796,-0.4000,-0.5130,0.3000,0.100500,-0.006300,0.043200,0.100697,-0.062607,2
90.600000,453,797,-0.4000,-0.5130,0.3000,0.099727,-0.004972,0.043374,0.099851,-0.049811,2
90.800000,454,798,-0.4000,-0.5130,0.3000,0.099727,-0.004972,0.043374,0.099851,-0.049811,2
91.000000,455,799,-0.4000,-0.5130,0.3000,0.100130,-0.005159,0.043146,0.100263,-0.051479,2
91.200000,456,800,-0.4000,-0.5130,0.3000,0.100130,-0.005159,0.043146,0.100263,-0.051479,2
91.400000,457,801,-0.4000,-0.5130,0.3000,0.100230,-0.004992,0.043327,0.100354,-0.049762,2
91.600000,458,802,-0.4000,-0.5130,0.3000,0.100230,-0.004992,0.043327,0.100354,-0.049762,2
91.800000,459,803,-0.4000,-0.5130,0.3000,0.100360,-0.005044,0.043410,0.100487,-0.050215,2
92.000000,460,804,-0.4000,-0.5130,0.3000,0.100360,-0.005044,0.043410,0.100487,-0.050215,2
92.200000,461,805,-0.4000,-0.5130,0.3000,0.100280,-0.005155,0.043293,0.100412,-0.051361,2
92.400000,462,806,-0.4000,-0.5130,0.3000,0.100280,-0.005155,0.043293,0.100412,-0.051361,2
92.600000,463,807,-0.4000,-0.5130,0.3000,0.050654,0.042210,0.050611,0.065936,0.694719,2
92.800000,464,808,-0.4000,-0.5130,0.3000,0.050654,0.042210,0.050611,0.065936,0.694719,2
93.000000,465,809,-0.4000,-0.5130,0.3000,0.084307,0.003370,0.034536,0.084374,0.039947,2
93.200000,466,810,-0.4000,-0.5130,0.3000,0.084307,0.003370,0.034536,0.084374,0.039947,2
93.400000,467,811,-0.4000,-0.5130,0.3000,0.099033,-0.002836,0.042344,0.099074,-0.028626,2
93.600000,468,812,-0.4000,-0.5130,0.3000,0.099033,-0.002836,0.042344,0.099074,-0.028626,2
93.800000,469,813,-0.4000,-0.5130,0.3000,0.098622,-0.003210,0.041432,0.098674,-0.032533,2
94.000000,470,814,-0.4000,-0.5130,0.3000,0.098622,-0.003210,0.041432,0.098674,-0.032533,2
94.200000,471,815,-0.4000,-0.5130,0.3000,0.100500,-0.006300,0.043200,0.100697,-0.062607,2
94.400000,472,816,-0.4000,-0.5130,0.3000,0.100500,-0.006300,0.043200,0.100697,-0.062607,2
94.600000,473,817,-0.4000,-0.5130,0.3000,0.099727,-0.004972,0.043374,0.099851,-0.049811,2
94.800000,474,818,-0.4000,-0.5130,0.3000,0.099727,-0.004972,0.043374,0.099851,-0.049811,2
95.000000,475,819,-0.4000,-0.5130,0.3000,0.100130,-0.005159,0.043146,0.100263,-0.051479,2
95.200000,476,820,-0.4000,-0.5130,0.3000,0.100130,-0.005159,0.043146,0.100263,-0.051479,2
95.400000,477,821,-0.4000,-0.5130,0.3000,0.100230,-0.004992,0.043327,0.100354,-0.049762,2
95.600000,478,822,-0.4000,-0.5130,0.3000,0.100230,-0.004992,0.043327,0.100354,-0.049762,2
95.800000,479,823,-0.4000,-0.5130,0.3000,0.100360,-0.005044,0.043410,0.100487,-0.050215,2
96.000000,480,824,-0.4000,-0.5130,0.3000,0.100360,-0.005044,0.043410,0.100487,-0.050215,2
96.200000,481,825,-0.4000,-0.5130,0.3000,0.100280,-0.005155,0.043293,0.100412,-0.051361,2
96.400000,482,826,-0.4000,-0.5130,0.3000,0.100280,-0.005155,0.043293,0.100412,-0.051361,2
96.600000,483,827,-0.4000,-0.5130,0.3000,0.050654,0.042210,0.050611,0.065936,0.694719,2
96.800000,484,828,-0.4000,-0.5130,0.3000,0.050654,0.042210,0.050611,0.065936,0.694719,2
97.000000,485,829,-0.4000,-0.5130,0.3000,0.084307,0.003370,0.034536,0.084374,0.039947,2
97.200000,486,830,-0.4000,-0.5130,0.3000,0.084307,0.003370,0.034536,0.084374,0.039947,2
97.400000,487,831,-0.4000,-0.5130,0.3000,0.099033,-0.002836,0.042344,0.099074,-0.028626,2
97.600000,488,832,-0.4000,-0.5130,0.3000,0.099033,-0.002836,0.042344,0.099074,-0.028626,2
97.800000,489,833,-0.4000,-0.5130,0.3000,0.098622,-0.003210,0.041432,0.098674,-0.032533,2
98.000000,490,834,-0.4000,-0.5130,0.3000,0.098622,-0.003210,0.041432,0.098674,-0.032533,2
98.200000,491,835,-0.4000,-0.5130,0.3000,0.100500,-0.006300,0.043200,0.100697,-0.062607,2
98.400000,492,836,-0.4000,-0.5130,0.3000,0.100500,-0.006300,0.043200,0.100697,-0.062607,2
98.600000,493,837,-0.4000,-0.5130,0.3000,0.099727,-0.004972,0.043374,0.099851,-0.049811,2
98.800000,494,838,-0.4000,-0.5130,0.3000,0.099727,-0.004972,0.043374,0.099851,-0.049811,2
99.000000,495,839,-0.4000,-0.5130,0.3000,0.100130,-0.005159,0.043146,0.100263,-0.051479,2
99.200000,496,840,-0.4000,-0.5130,0.3000,0.100130,-0.005159,0.043146,0.100263,-0.051479,2
99.400000,497,841,-0.4000,-0.5130,0.3000,0.100230,-0.004992,0.043327,0.100354,-0.049762,2
99.600000,498,842,-0.4000,-0.5130,0.3000,0.100230,-0.004992,0.043327,0.100354,-0.049762,2
99.800000,499,843,-0.4000,-0.5130,0.3000,0.100360,-0.005044,0.043410,0.100487,-0.050215,2
100.000000,500,844,-0.4000,-0.5130,0.3000,0.100360,-0.005044,0.043410,0.100487,-0.050215,2
100.200000,501,845,-0.4000,-0.5130,0.3000,0.100280,-0.005155,0.043293,0.100412,-0.051361,2
100.400000,502,846,-0.4000,-0.5130,0.3000,0.100280,-0.005155,0.043293,0.100412,-0.051361,2
100.600000,503,847,-0.4000,-0.5130,0.3000,0.050654,0.042210,0.050611,0.065936,0.694719,2
100.800000,504,848,-0.4000,-0.5130,0.3000,0.050654,0.042210,0.050611,0.065936,0.694719,2
101.000000,505,849,-0.4000,-0.5130,0.3000,0.084307,0.003370,0.034536,0.084374,0.039947,2
101.200000,506,850,-0.4000,-0.5130,0.3000,0.084307,0.003370,0.034536,0.084374,0.039947,2
101.400000,507,851,-0.4000,-0.5130,0.3000,0.099033,-0.002836,0.042344,0.099074,-0.028626,2
101.600000,508,852,-0.4000,-0.5130,0.3000,0.099033,-0.002836,0.042344,0.099074,-0.028626,2
101.800000,509,853,-0.4000,-0.5130,0.3000,0.098622,-0.003210,0.041432,0.098674,-0.032533,2
102.000000,510,854,-0.4000,-0.5130,0.3000,0.098622,-0.003210,0.041432,0.098674,-0.032533,2
102.200000,511,855,-0.4000,-0.5130,0.3000,0.100500,-0.006300,0.043200,0.100697,-0.062607,2
102.400000,512,856,-0.4000,-0.5130,0.3000,0.100500,-0.006300,0.043200,0.100697,-0.062607,2
102.600000,513,857,-0.4000,-0.5130,0.3000,0.099727,-0.004972,0.043374,0.099851,-0.049811,2
102.800000,514,858,-0.4000,-0.5130,0.3000,0.099727,-0.004972,0.043374,0.099851,-0.049811,2
103.000000,515,859,-0.4000,-0.5130,0.3000,0.100130,-0.005159,0.043146,0.100263,-0.051479,2
103.200000,516,860,-0.4000,-0.5130,0.3000,0.100130,-0.005159,0.043146,0.100263,-0.051479,2
103.400000,517,861,-0.4000,-0.5130,0.3000,0.100230,-0.004992,0.043327,0.100354,-0.049762,2
103.600000,518,862,-0.4000,-0.5130,0.3000,0.100230,-0.004992,0.043327,0.100354,-0.049762,2
103.800000,519,863,-0.4000,-0.5130,0.3000,0.100360,-0.005044,0.043410,0.100487,-0.050215,2
104.000000,520,864,-0.4000,-0.5130,0.3000,0.100360,-0.005044,0.043410,0.100487,-0.050215,2
104.200000,521,865,-0.4000,-0.5130,0.3000,0.100280,-0.005155,0.043293,0.100412,-0.051361,2
104.400000,522,866,-0.4000,-0.5130,0.3000,0.100280,-0.005155,0.043293,0.100412,-0.051361,2
104.600000,523,867,-0.4000,-0.5130,0.3000,0.050654,0.042210,0.050611,0.065936,0.694719,2
104.800000,524,868,-0.4000,-0.5130,0.3000,0.050654,0.042210,0.050611,0.065936,0.694719,2
105.000000,525,869,-0.4000,-0.5130,0.3000,0.084307,0.003370,0.034536,0.084374,0.039947,2
105.200000,526,870,-0.4000,-0.5130,0.3000,0.084307,0.003370,0.034536,0.084374,0.039947,2
105.400000,527,871,-0.4000,-0.5130,0.3000,0.099033,-0.002836,0.042344,0.099074,-0.028626,2
105.600000,528,872,-0.4000,-0.5130,0.3000,0.099033,-0.002836,0.042344,0.099074,-0.028626,2
105.800000,529,873,-0.4000,-0.5130,0.3000,0.098622,-0.003210,0.041432,0.098674,-0.032533,2
106.000000,530,874,-0.4000,-0.5130,0.3000,0.098622,-0.003210,0.041432,0.098674,-0.032533,2
106.200000,531,875,-0.4000,-0.5130,0.3000,0.100500,-0.006300,0.043200,0.100697,-0.062607,2
106.400000,532,876,-0.4000,-0.5130,0.3000,0.100500,-0.006300,0.043200,0.100697,-0.062607,2
106.600000,533,877,-0.4000,-0.5130,0.3000,0.099727,-0.004972,0.043374,0.099851,-0.049811,2
106.800000,534,878,-0.4000,-0.5130,0.3000,0.099727,-0.004972,0.043374,0.099851,-0.049811,2
107.000000,535,879,-0.4000,-0.5130,0.3000,0.100130,-0.005159,0.043146,0.100263,-0.051479,2
107.200000,536,880,-0.4000,-0.5130,0.3000,0.100130,-0.005159,0.043146,0.100263,-0.051479,2
107.400000,537,881,-0.4000,-0.5130,0.3000,0.100230,-0.004992,0.043327,0.100354,-0.049762,2
107.600000,538,882,-0.4000,-0.5130,0.3000,0.100230,-0.004992,0.043327,0.100354,-0.049762,2
107.800000,539,883,-0.4000,-0.5130,0.3000,0.100360,-0.005044,0.043410,0.100487,-0.050215,2
108.000000,540,884,-0.4000,-0.5130,0.3000,0.100360,-0.005044,0.043410,0.100487,-0.050215,2
108.200000,541,885,-0.4000,-0.5130,0.3000,0.100280,-0.005155,0.043293,0.100412,-0.051361,2
108.400000,542,886,-0.4000,-0.5130,0.3000,0.100280,-0.005155,0.043293,0.100412,-0.051361,2
108.600000,543,887,-0.4000,-0.5130,0.3000,0.050654,0.042210,0.050611,0.065936,0.694719,2
108.800000,544,888,-0.4000,-0.5130,0.3000,0.050654,0.042210,0.050611,0.065936,0.694719,2
109.000000,545,889,-0.4000,-0.5130,0.3000,0.084307,0.003370,0.034536,0.084374,0.039947,2
109.200000,546,890,-0.4000,-0.5130,0.3000,0.084307,0.003370,0.034536,0.084374,0.039947,2
109.400000,547,891,-0.4000,-0.5130,0.3000,0.099033,-0.002836,0.042344,0.099074,-0.028626,2
109.600000,548,892,-0.4000,-0.5130,0.3000,0.099033,-0.002836,0.042344,0.099074,-0.028626,2
109.800000,549,893,-0.4000,-0.5130,0.3000,0.098622,-0.003210,0.041432,0.098674,-0.032533,2
110.000000,550,894,-0.4000,-0.5130,0.3000,0.098622,-0.003210,0.041432,0.098674,-0.032533,2
110.200000,551,895,-0.4000,-0.5130,0.3000,0.100500,-0.006300,0.043200,0.100697,-0.062607,2
110.400000,552,896,-0.4000,-0.5130,0.3000,0.100500,-0.006300,0.043200,0.100697,-0.062607,2
110.600000,553,897,-0.4000,-0.5130,0.3000,0.099727,-0.004972,0.043374,0.099851,-0.049811,2
110.800000,554,898,-0.4000,-0.5130,0.3000,0.099727,-0.004972,0.043374,0.099851,-0.049811,2
111.000000,555,899,-0.4000,-0.5130,0.3000,0.100130,-0.005159,0.043146,0.100263,-0.051479,2
111.200000,556,900,-0.4000,-0.5130,0.3000,0.100130,-0.005159,0.043146,0.100263,-0.051479,2
111.400000,557,901,-0.4000,-0.5130,0.3000,0.100230,-0.004992,0.043327,0.100354,-0.049762,2
111.600000,558,902,-0.4000,-0.5130,0.3000,0.100230,-0.004992,0.043327,0.100354,-0.049762,2
111.800000,559,903,-0.4000,-0.5130,0.3000,0.100360,-0.005044,0.043410,0.100487,-0.050215,2
112.000000,560,904,-0.4000,-0.5130,0.3000,0.100360,-0.005044,0.043410,0.100487,-0.050215,2
112.200000,561,905,-0.4000,-0.5130,0.3000,0.100280,-0.005155,0.043293,0.100412,-0.051361,2
112.400000,562,906,-0.4000,-0.5130,0.3000,0.100280,-0.005155,0.043293,0.100412,-0.051361,2
112.600000,563,907,-0.4000,-0.5130,0.3000,0.050654,0.042210,0.050611,0.065936,0.694719,2
112.800000,564,908,-0.4000,-0.5130,0.3000,0.050654,0.042210,0.050611,0.065936,0.694719,2
113.000000,565,909,-0.4000,-0.5130,0.3000,0.084307,0.003370,0.034536,0.084374,0.039947,2
113.200000,566,910,-0.4000,-0.5130,0.3000,0.084307,0.003370,0.034536,0.084374,0.039947,2
113.400000,567,911,-0.4000,-0.5130,0.3000,0.099033,-0.002836,0.042344,0.099074,-0.028626,2
113.600000,568,912,-0.4000,-0.5130,0.3000,0.099033,-0.002836,0.042344,0.099074,-0.028626,2
113.800000,569,913,-0.4000,-0.5130,0.3000,0.098622,-0.003210,0.041432,0.098674,-0.032533,2
114.000000,570,914,-0.4000,-0.5130,0.3000,0.098622,-0.003210,0.041432,0.098674,-0.032533,2
114.200000,571,915,-0.4000,-0.5130,0.3000,0.100500,-0.006300,0.043200,0.100697,-0.062607,2
114.400000,572,916,-0.4000,-0.5130,0.3000,0.100500,-0.006300,0.043200,0.100697,-0.062607,2
114.600000,573,917,-0.4000,-0.5130,0.3000,0.099727,-0.004972,0.043374,0.099851,-0.049811,2
114.800000,574,918,-0.4000,-0.5130,0.3000,0.099727,-0.004972,0.043374,0.099851,-0.049811,2
115.000000,575,919,-0.4000,-0.5130,0.3000,0.100130,-0.005159,0.043146,0.100263,-0.051479,2
115.200000,576,920,-0.4000,-0.5130,0.3000,0.100130,-0.005159,0.043146,0.100263,-0.051479,2
115.400000,577,921,-0.4000,-0.5130,0.3000,0.100230,-0.004992,0.043327,0.100354,-0.049762,2
115.600000,578,922,-0.4000,-0.5130,0.3000,0.100230,-0.004992,0.043327,0.100354,-0.049762,2
115.800000,579,923,-0.4000,-0.5130,0.3000,0.100360,-0.005044,0.043410,0.100487,-0.050215,2
116.000000,580,924,-0.4000,-0.5130,0.3000,0.100360,-0.005044,0.043410,0.100487,-0.050215,2
116.200000,581,925,-0.4000,-0.5130,0.3000,0.100280,-0.005155,0.043293,0.100412,-0.051361,2
116.400000,582,926,-0.4000,-0.5130,0.3000,0.100280,-0.005155,0.043293,0.100412,-0.051361,2
116.600000,583,927,-0.4000,-0.5130,0.3000,0.050654,0.042210,0.050611,0.065936,0.694719,2
116.800000,584,928,-0.4000,-0.5130,0.3000,0.050654,0.042210,0.050611,0.065936,0.694719,2
117.000000,585,929,-0.4000,-0.5130,0.3000,0.084307,0.003370,0.034536,0.084374,0.039947,2
117.200000,586,930,-0.4000,-0.5130,0.3000,0.084307,0.003370,0.034536,0.084374,0.039947,2
117.400000,587,931,-0.4000,-0.5130,0.3000,0.099033,-0.002836,0.042344,0.099074,-0.028626,2
117.600000,588,932,-0.4000,-0.5130,0.3000,0.099033,-0.002836,0.042344,0.099074,-0.028626,2
117.800000,589,933,-0.4000,-0.5130,0.3000,0.098622,-0.003210,0.041432,0.098674,-0.032533,2
118.000000,590,934,-0.4000,-0.5130,0.3000,0.098622,-0.003210,0.041432,0.098674,-0.032533,2
118.200000,591,935,-0.4000,-0.5130,0.3000,0.100500,-0.006300,0.043200,0.100697,-0.062607,2
118.400000,592,936,-0.4000,-0.5130,0.3000,0.100500,-0.006300,0.043200,0.100697,-0.062607,2
118.600000,593,937,-0.4000,-0.5130,0.3000,0.099727,-0.004972,0.043374,0.099851,-0.049811,2
118.800000,594,938,-0.4000,-0.5130,0.3000,0.099727,-0.004972,0.043374,0.099851,-0.049811,2
119.000000,595,939,-0.4000,-0.5130,0.3000,0.100130,-0.005159,0.043146,0.100263,-0.051479,2
119.200000,596,940,-0.4000,-0.5130,0.3000,0.100130,-0.005159,0.043146,0.100263,-0.051479,2
119.400000,597,941,-0.4000,-0.5130,0.3000,0.100230,-0.004992,0.043327,0.100354,-0.049762,2
119.600000,598,942,-0.4000,-0.5130,0.3000,0.100230,-0.004992,0.043327,0.100354,-0.049762,2
119.800000,599,943,-0.4000,-0.5130,0.3000,0.100360,-0.005044,0.043410,0.100487,-0.050215,2
120.000000,600,944,-0.4000,-0.5130,0.3000,0.100360,-0.005044,0.043410,0.100487,-0.050215,2
120.200000,601,945,-0.4000,-0.5130,0.3000,0.100280,-0.005155,0.043293,0.100412,-0.051361,2
120.400000,602,946,-0.4000,-0.5130,0.3000,0.100280,-0.005155,0.043293,0.100412,-0.051361,2
120.600000,603,947,-0.4000,-0.5130,0.3000,0.050654,0.042210,0.050611,0.065936,0.694719,2
120.800000,604,948,-0.4000,-0.5130,0.3000,0.050654,0.042210,0.050611,0.065936,0.694719,2
121.000000,605,949,-0.4000,-0.5130,0.3000,0.084307,0.003370,0.034536,0.084374,0.039947,2
121.200000,606,950,-0.4000,-0.5130,0.3000,0.084307,0.003370,0.034536,0.084374,0.039947,2
121.400000,607,951,-0.4000,-0.5130,0.3000,0.099033,-0.002836,0.042344,0.099074,-0.028626,2
121.600000,608,952,-0.4000,-0.5130,0.3000,0.099033,-0.002836,0.042344,0.099074,-0.028626,2
121.800000,609,953,-0.4000,-0.5130,0.3000,0.098622,-0.003210,0.041432,0.098674,-0.032533,2
122.000000,610,954,-0.4000,-0.5130,0.3000,0.098622,-0.003210,0.041432,0.098674,-0.032533,2
122.200000,611,955,-0.4000,-0.5130,0.3000,0.100500,-0.006300,0.043200,0.100697,-0.062607,2
122.400000,612,956,-0.4000,-0.5130,0.3000,0.100500,-0.006300,0.043200,0.100697,-0.062607,2
122.600000,613,957,-0.4000,-0.5130,0.3000,0.099727,-0.004972,0.043374,0.099851,-0.049811,2
122.800000,614,958,-0.4000,-0.5130,0.3000,0.099727,-0.004972,0.043374,0.099851,-0.049811,2
123.000000,615,959,-0.4000,-0.5130,0.3000,0.100130,-0.005159,0.043146,0.100263,-0.051479,2
123.200000,616,960,-0.4000,-0.5130,0.3000,0.100130,-0.005159,0.043146,0.100263,-0.051479,2
123.400000,617,961,-0.4000,-0.5130,0.3000,0.100230,-0.004992,0.043327,0.100354,-0.049762,2
123.600000,618,962,-0.4000,-0.5130,0.3000,0.100230,-0.004992,0.043327,0.100354,-0.049762,2
123.800000,619,963,-0.4000,-0.5130,0.3000,0.100360,-0.005044,0.043410,0.100487,-0.050215,2
124.000000,620,964,-0.4000,-0.5130,0.3000,0.100360,-0.005044,0.043410,0.100487,-0.050215,2
124.200000,621,965,-0.4000,-0.5130,0.3000,0.100280,-0.005155,0.043293,0.100412,-0.051361,2
124.400000,622,966,-0.4000,-0.5130,0.3000,0.100280,-0.005155,0.043293,0.100412,-0.051361,2
124.600000,623,967,-0.4000,-0.5130,0.3000,0.050654,0.042210,0.050611,0.065936,0.694719,2
124.800000,624,968,-0.4000,-0.5130,0.3000,0.050654,0.042210,0.050611,0.065936,0.694719,2
125.000000,625,969,-0.4000,-0.5130,0.3000,0.084307,0.003370,0.034536,0.084374,0.039947,2
125.200000,626,970,-0.4000,-0.5130,0.3000,0.084307,0.003370,0.034536,0.084374,0.039947,2
125.400000,627,971,-0.4000,-0.5130,0.3000,0.099033,-0.002836,0.042344,0.099074,-0.028626,2
125.600000,628,972,-0.4000,-0.5130,0.3000,0.099033,-0.002836,0.042344,0.099074,-0.028626,2
125.800000,629,973,-0.4000,-0.5130,0.3000,0.098622,-0.003210,0.041432,0.098674,-0.032533,2
126.000000,630,974,-0.4000,-0.5130,0.3000,0.098622,-0.003210,0.041432,0.098674,-0.032533,2
126.200000,631,975,-0.4000,-0.5130,0.3000,0.100500,-0.006300,0.043200,0.100697,-0.062607,2
126.400000,632,976,-0.4000,-0.5130,0.3000,0.100500,-0.006300,0.043200,0.100697,-0.062607,2
126.600000,633,977,-0.1000,-0.5130,0.3000,0.030306,-0.041972,0.067630,0.051770,-0.945423,2
126.800000,634,978,0.2000,-0.5130,0.3000,-0.157200,-0.213900,0.324120,0.265453,-2.204578,2
127.000000,635,979,0.5000,-0.5130,0.3000,0.051861,-0.487050,0.082987,0.489803,-1.464716,2
127.200000,636,980,0.8000,-0.5130,0.3000,0.385100,-0.628830,0.017316,0.737380,-1.021304,2
127.400000,637,981,1.1000,-0.5130,0.3000,0.639150,-0.589960,0.080369,0.869808,-0.745399,2
127.600000,638,982,1.4000,-0.5130,0.3000,0.818960,-0.458930,0.095957,0.938782,-0.510779,2
127.800000,639,983,1.7000,-0.5130,0.3000,0.882790,-0.417420,0.049857,0.976503,-0.441686,2
128.000000,640,984,2.0000,-0.5130,0.3000,0.799780,-0.374440,0.020650,0.883093,-0.437868,2
128.200000,641,985,2.3000,-0.5130,0.3000,0.695050,-0.333850,0.006536,0.771071,-0.447784,2
128.400000,642,986,2.6000,-0.5130,0.3000,0.385550,-0.315190,-0.033453,0.497989,-0.685325,2
128.600000,643,987,2.9000,-0.5130,0.3000,0.101810,-0.293720,-0.086932,0.310864,-1.237133,2
128.800000,644,988,2.9000,-0.8130,0.3000,0.286680,-0.597580,0.006576,0.662788,-1.123492,2
129.000000,645,989,2.9000,-1.1130,0.3000,0.481400,-1.238800,-0.028591,1.329049,-1.200154,2
129.200000,646,990,2.9000,-1.4130,0.3000,0.518900,-1.047300,-0.033847,1.168800,-1.110784,2
129.400000,647,991,3.2000,-1.4130,0.3000,0.736670,-1.012800,-0.053277,1.252376,-0.941943,2
129.600000,648,992,3.5000,-1.4130,0.3000,0.208340,-0.077526,-0.011548,0.222297,-0.356237,2
129.800000,649,993,3.8000,-1.4130,0.3000,0.213000,0.099399,0.216430,0.235051,0.436623,2
130.000000,650,994,4.1000,-1.4130,0.3000,0.358570,0.078881,0.164500,0.367144,0.216539,2
130.200000,651,995,4.4000,-1.4130,0.3000,0.516850,0.082273,0.051720,0.523357,0.157857,2
130.400000,652,996,4.7000,-1.4130,0.3000,0.618560,0.081140,-0.043616,0.623859,0.130431,2
130.600000,653,997,5.0000,-1.4130,0.3000,0.729730,0.093661,-0.091559,0.735716,0.127652,2
130.800000,654,998,5.3000,-1.4130,0.3000,0.821150,0.101870,-0.106650,0.827445,0.123427,2
131.000000,655,999,5.6000,-1.4130,0.3000,0.899440,0.106550,-0.118150,0.905729,0.117913,2
131.200000,656,1000,5.9000,-1.4130,0.3000,0.958570,0.108930,-0.119560,0.964739,0.113153,2
131.400000,657,1001,6.2000,-1.4130,0.3000,1.009300,0.113550,-0.109820,1.015667,0.112033,2
131.600000,658,1002,6.5000,-1.4130,0.3000,1.043800,0.118250,-0.114440,1.050477,0.112807,2
131.800000,659,1003,6.7121,-1.2009,0.3000,0.745070,0.165200,-0.174480,0.763165,0.218194,2
132.000000,660,1004,6.9243,-0.9887,0.3000,0.451880,0.170260,-0.198480,0.482891,0.360332,2
132.200000,661,1005,7.1364,-0.7766,0.3000,0.210390,-0.010476,0.002791,0.210651,-0.049752,2
132.400000,662,1006,7.3485,-0.5645,0.3000,0.101230,0.012244,-0.005384,0.101968,0.120368,2
132.600000,663,1007,7.5607,-0.3523,0.3000,0.192160,0.056479,0.061289,0.200288,0.285866,2
132.800000,664,1008,7.7000,-0.2130,0.3000,0.178960,0.077310,0.085369,0.194945,0.407781,2
133.000000,665,1009,7.7000,-0.2130,0.3000,0.144410,0.160990,0.024768,0.216268,0.839634,2
133.200000,666,1010,7.7000,-0.2130,0.3000,0.144410,0.160990,0.024768,0.216268,0.839634,2
133.400000,667,1011,7.7000,-0.2130,0.3000,0.101800,0.134100,0.017113,0.168363,0.921474,2
133.600000,668,1012,7.7000,-0.2130,0.3000,0.101800,0.134100,0.017113,0.168363,0.921474,2
133.800000,669,1013,7.7000,-0.2130,0.3000,0.110350,0.120980,0.026077,0.163748,0.831318,2
134.000000,670,1014,7.7000,-0.2130,0.3000,0.147330,0.151580,0.041252,0.211383,0.799616,2
134.200000,671,1015,7.7000,-0.2130,0.3000,0.147330,0.151580,0.041252,0.211383,0.799616,2
134.400000,672,1016,7.7000,-0.2130,0.3000,0.143980,0.167550,0.034112,0.220915,0.860913,2
134.600000,673,1017,7.7000,-0.2130,0.3000,0.143980,0.167550,0.034112,0.220915,0.860913,2
134.800000,674,1018,7.7000,-0.2130,0.3000,0.132430,0.168000,0.035323,0.213920,0.903246,2
135.000000,675,1019,7.7000,-0.2130,0.3000,0.132430,0.168000,0.035323,0.213920,0.903246,2
135.200000,676,1020,7.7000,-0.2130,0.3000,0.130590,0.155510,0.036369,0.203069,0.872281,2
135.400000,677,1021,7.7000,-0.2130,0.3000,0.130590,0.155510,0.036369,0.203069,0.872281,2
135.600000,678,1022,7.7000,-0.2130,0.3000,0.141250,0.148650,0.033046,0.205057,0.810919,2
135.800000,679,1023,7.7000,-0.2130,0.3000,0.141250,0.148650,0.033046,0.205057,0.810919,2
136.000000,680,1024,7.7000,-0.2130,0.3000,-0.060803,0.071970,-0.005821,0.094216,2.272286,2
136.200000,681,1025,7.7000,-0.2130,0.3000,0.178960,0.077310,0.085369,0.194945,0.407781,2
136.400000,682,1026,7.7000,-0.2130,0.3000,0.178960,0.077310,0.085369,0.194945,0.407781,2
136.600000,683,1027,7.7000,-0.2130,0.3000,0.144410,0.160990,0.024768,0.216268,0.839634,2
136.800000,684,1028,7.7000,-0.2130,0.3000,0.144410,0.160990,0.024768,0.216268,0.839634,2
137.000000,685,1029,7.7000,-0.2130,0.3000,0.101800,0.134100,0.017113,0.168363,0.921474,2
137.200000,686,1030,7.7000,-0.2130,0.3000,0.101800,0.134100,0.017113,0.168363,0.921474,2
137.400000,687,1031,7.7000,-0.2130,0.3000,0.110350,0.120980,0.026077,0.163748,0.831318,2
137.600000,688,1032,7.7000,-0.2130,0.3000,0.110350,0.120980,0.026077,0.163748,0.831318,2
137.800000,689,1033,7.7000,-0.2130,0.3000,0.147330,0.151580,0.041252,0.211383,0.799616,2
138.000000,690,1034,7.7000,-0.2130,0.3000,0.147330,0.151580,0.041252,0.211383,0.799616,2
138.200000,691,1035,7.7000,-0.2130,0.3000,0.143980,0.167550,0.034112,0.220915,0.860913,2
138.400000,692,1036,7.7000,-0.2130,0.3000,0.132430,0.168000,0.035323,0.213920,0.903246,2
138.600000,693,1037,7.7000,-0.2130,0.3000,0.132430,0.168000,0.035323,0.213920,0.903246,2
138.800000,694,1038,7.7000,-0.2130,0.3000,0.130590,0.155510,0.036369,0.203069,0.872281,2
139.000000,695,1039,7.7000,-0.2130,0.3000,0.130590,0.155510,0.036369,0.203069,0.872281,2
139.200000,696,1040,7.7000,-0.2130,0.3000,0.141250,0.148650,0.033046,0.205057,0.810919,2
139.400000,697,1041,7.7000,-0.2130,0.3000,0.141250,0.148650,0.033046,0.205057,0.810919,2
139.600000,698,1042,7.7000,-0.2130,0.3000,-0.060803,0.071970,-0.005821,0.094216,2.272286,2
139.800000,699,1043,7.7000,-0.2130,0.3000,-0.060803,0.071970,-0.005821,0.094216,2.272286,2
140.000000,700,1044,7.7000,-0.2130,0.3000,0.178960,0.077310,0.085369,0.194945,0.407781,2
140.200000,701,1045,7.7000,-0.2130,0.3000,0.178960,0.077310,0.085369,0.194945,0.407781,2
140.400000,702,1046,7.7000,-0.2130,0.3000,0.144410,0.160990,0.024768,0.216268,0.839634,2
140.600000,703,1047,7.7000,-0.2130,0.3000,0.101800,0.134100,0.017113,0.168363,0.921474,2
140.800000,704,1048,7.7000,-0.2130,0.3000,0.101800,0.134100,0.017113,0.168363,0.921474,2
141.000000,705,1049,7.7000,-0.2130,0.3000,0.110350,0.120980,0.026077,0.163748,0.831318,2
141.200000,706,1050,7.7000,-0.2130,0.3000,0.110350,0.120980,0.026077,0.163748,0.831318,2
141.400000,707,1051,7.7000,-0.2130,0.3000,0.147330,0.151580,0.041252,0.211383,0.799616,2
141.600000,708,1052,7.7000,-0.2130,0.3000,0.147330,0.151580,0.041252,0.211383,0.799616,2
141.800000,709,1053,7.7000,-0.2130,0.3000,0.143980,0.167550,0.034112,0.220915,0.860913,2
142.000000,710,1054,7.7000,-0.2130,0.3000,0.143980,0.167550,0.034112,0.220915,0.860913,2
142.200000,711,1055,7.7000,-0.2130,0.3000,0.132430,0.168000,0.035323,0.213920,0.903246,2
142.400000,712,1056,7.7000,-0.2130,0.3000,0.132430,0.168000,0.035323,0.213920,0.903246,2
142.600000,713,1057,7.7000,-0.2130,0.3000,0.130590,0.155510,0.036369,0.203069,0.872281,2
142.800000,714,1058,7.7000,-0.2130,0.3000,0.141250,0.148650,0.033046,0.205057,0.810919,2
143.000000,715,1059,7.7000,-0.2130,0.3000,0.141250,0.148650,0.033046,0.205057,0.810919,2
143.200000,716,1060,7.7000,-0.2130,0.3000,-0.060803,0.071970,-0.005821,0.094216,2.272286,2
143.400000,717,1061,7.7000,-0.2130,0.3000,-0.060803,0.071970,-0.005821,0.094216,2.272286,2
143.600000,718,1062,7.7000,-0.2130,0.3000,0.178960,0.077310,0.085369,0.194945,0.407781,2
143.800000,719,1063,7.7000,-0.2130,0.3000,0.178960,0.077310,0.085369,0.194945,0.407781,2
144.000000,720,1064,7.7000,-0.2130,0.3000,0.144410,0.160990,0.024768,0.216268,0.839634,2
144.200000,721,1065,7.7000,-0.2130,0.3000,0.144410,0.160990,0.024768,0.216268,0.839634,2
144.400000,722,1066,7.7000,-0.2130,0.3000,0.101800,0.134100,0.017113,0.168363,0.921474,2
144.600000,723,1067,7.7000,-0.2130,0.3000,0.101800,0.134100,0.017113,0.168363,0.921474,2
144.800000,724,1068,7.7000,-0.2130,0.3000,0.110350,0.120980,0.026077,0.163748,0.831318,2
145.000000,725,1069,7.7000,-0.2130,0.3000,0.147330,0.151580,0.041252,0.211383,0.799616,2
145.200000,726,1070,7.7000,-0.2130,0.3000,0.147330,0.151580,0.041252,0.211383,0.799616,2
145.400000,727,1071,7.7000,-0.2130,0.3000,0.143980,0.167550,0.034112,0.220915,0.860913,2
145.600000,728,1072,7.7000,-0.2130,0.3000,0.143980,0.167550,0.034112,0.220915,0.860913,2
145.800000,729,1073,7.7000,-0.2130,0.3000,0.132430,0.168000,0.035323,0.213920,0.903246,2
146.000000,730,1074,7.7000,-0.2130,0.3000,0.132430,0.168000,0.035323,0.213920,0.903246,2
146.200000,731,1075,7.7000,-0.2130,0.3000,0.130590,0.155510,0.036369,0.203069,0.872281,2
146.400000,732,1076,7.7000,-0.2130,0.3000,0.130590,0.155510,0.036369,0.203069,0.872281,2
146.600000,733,1077,7.7000,-0.2130,0.3000,0.141250,0.148650,0.033046,0.205057,0.810919,2
146.800000,734,1078,7.7000,-0.2130,0.3000,0.141250,0.148650,0.033046,0.205057,0.810919,2
147.000000,735,1079,7.7000,-0.2130,0.3000,-0.060803,0.071970,-0.005821,0.094216,2.272286,2
147.200000,736,1080,7.7000,-0.2130,0.3000,0.178960,0.077310,0.085369,0.194945,0.407781,2
147.400000,737,1081,7.7000,-0.2130,0.3000,0.178960,0.077310,0.085369,0.194945,0.407781,2
147.600000,738,1082,7.7000,-0.2130,0.3000,0.144410,0.160990,0.024768,0.216268,0.839634,2
147.800000,739,1083,7.7000,-0.2130,0.3000,0.144410,0.160990,0.024768,0.216268,0.839634,2
148.000000,740,1084,7.7000,-0.2130,0.3000,0.101800,0.134100,0.017113,0.168363,0.921474,2
148.200000,741,1085,7.7000,-0.2130,0.3000,0.101800,0.134100,0.017113,0.168363,0.921474,2
148.400000,742,1086,7.7000,-0.2130,0.3000,0.110350,0.120980,0.026077,0.163748,0.831318,2
148.600000,743,1087,7.7000,-0.2130,0.3000,0.110350,0.120980,0.026077,0.163748,0.831318,2
148.800000,744,1088,7.7000,-0.2130,0.3000,0.147330,0.151580,0.041252,0.211383,0.799616,2
149.000000,745,1089,7.4000,-0.2130,0.3000,0.119740,0.089689,0.001291,0.149605,0.642881,2
149.200000,746,1090,7.1000,-0.2130,0.3000,0.117310,0.085214,-0.024231,0.144993,0.628225,2
149.400000,747,1091,6.8000,-0.2130,0.3000,0.102540,0.083816,-0.030806,0.132437,0.685260,2
149.600000,748,1092,6.5000,-0.2130,0.3000,0.094649,0.090717,-0.029294,0.131103,0.764189,2
149.800000,749,1093,6.2000,-0.2130,0.3000,0.083363,0.077956,-0.032281,0.114134,0.751893,2
150.000000,750,1094,5.9000,-0.2130,0.3000,0.063582,0.066959,-0.029277,0.092337,0.811262,2
150.200000,751,1095,5.6000,-0.2130,0.3000,0.055690,-0.003326,-0.029780,0.055789,-0.059645,2
150.400000,752,1096,5.3879,-0.4251,0.3000,0.127680,-0.121920,-0.019037,0.176541,-0.762325,2
150.600000,753,1097,5.1757,-0.6373,0.3000,0.047442,-0.112070,-0.027195,0.121698,-1.170346,2
150.800000,754,1098,4.9636,-0.8494,0.3000,0.055373,-0.098234,-0.049494,0.112766,-1.057507,2
151.000000,755,1099,4.7515,-1.0615,0.3000,0.108440,-0.025300,-0.217810,0.111352,-0.229209,2
151.200000,756,1100,4.5393,-1.2737,0.3000,0.360340,0.070079,-0.178430,0.367091,0.192082,2
151.400000,757,1101,4.2971,-1.4130,0.3000,0.474220,0.096304,0.069956,0.483900,0.200354,2
151.600000,758,1102,3.9971,-1.4130,0.3000,0.331520,0.107200,0.175660,0.348421,0.312747,2
151.800000,759,1103,3.6971,-1.4130,0.3000,0.165960,0.072616,0.187640,0.181151,0.412453,2
152.000000,760,1104,3.3971,-1.4130,0.3000,0.396360,-0.331900,-0.132150,0.516971,-0.697116,2
152.200000,761,1105,3.0971,-1.4130,0.3000,0.766550,-1.240000,-0.014869,1.457806,-1.017112,2
152.400000,762,1106,2.9000,-1.3101,0.3000,0.568760,-1.179800,0.017194,1.309739,-1.121586,2
152.600000,763,1107,2.9000,-1.0101,0.3000,0.413260,-1.099100,0.018698,1.174225,-1.211150,2
152.800000,764,1108,2.9000,-0.7101,0.3000,0.158240,-0.451270,0.028380,0.478210,-1.233538,2
153.000000,765,1109,2.7971,-0.5130,0.3000,0.169960,-0.243380,0.008928,0.296851,-0.961191,2
153.200000,766,1110,2.4971,-0.5130,0.3000,0.516110,-0.334720,-0.026328,0.615148,-0.575351,2
153.400000,767,1111,2.1971,-0.5130,0.3000,0.738710,-0.340400,0.015671,0.813366,-0.431802,2
153.600000,768,1112,1.8971,-0.5130,0.3000,0.834230,-0.397220,0.020942,0.923972,-0.444388,2
153.800000,769,1113,1.5971,-0.5130,0.3000,0.877440,-0.421210,0.066131,0.973303,-0.447556,2
154.000000,770,1114,1.2971,-0.5130,0.3000,0.765910,-0.497680,0.103600,0.913402,-0.576227,2
154.200000,771,1115,0.9971,-0.5130,0.3000,0.529840,-0.558340,0.065872,0.769723,-0.811583,2
154.400000,772,1116,0.6971,-0.5130,0.3000,0.294570,-0.563530,0.006504,0.635875,-1.089136,2
154.600000,773,1117,0.3971,-0.5130,0.3000,-0.068884,-0.360160,0.189000,0.366688,-1.759774,2
154.800000,774,1118,0.0971,-0.5130,0.3000,-0.099933,-0.086999,0.247200,0.132497,-2.425275,2
155.000000,775,1119,-0.2029,-0.5130,0.3000,0.071096,-0.064686,0.064632,0.096119,-0.738225,2
155.200000,776,1120,-0.4000,-0.5130,0.3000,0.099033,-0.002836,0.042344,0.099074,-0.028626,2
155.400000,777,1121,-0.4000,-0.5130,0.3000,0.098622,-0.003210,0.041432,0.098674,-0.032533,2
155.600000,778,1122,-0.4000,-0.5130,0.3000,0.098622,-0.003210,0.041432,0.098674,-0.032533,2
155.800000,779,1123,-0.4000,-0.5130,0.3000,0.100500,-0.006300,0.043200,0.100697,-0.062607,2
156.000000,780,1124,-0.4000,-0.5130,0.3000,0.099727,-0.004972,0.043374,0.099851,-0.049811,2
156.200000,781,1125,-0.4000,-0.5130,0.3000,0.099727,-0.004972,0.043374,0.099851,-0.049811,2
156.400000,782,1126,-0.4000,-0.5130,0.3000,0.100130,-0.005159,0.043146,0.100263,-0.051479,2
156.600000,783,1127,-0.4000,-0.5130,0.3000,0.100130,-0.005159,0.043146,0.100263,-0.051479,2
156.800000,784,1128,-0.4000,-0.5130,0.3000,0.100230,-0.004992,0.043327,0.100354,-0.049762,2
157.000000,785,1129,-0.4000,-0.5130,0.3000,0.100230,-0.004992,0.043327,0.100354,-0.049762,2
157.200000,786,1130,-0.4000,-0.5130,0.3000,0.100360,-0.005044,0.043410,0.100487,-0.050215,2
157.400000,787,1131,-0.4000,-0.5130,0.3000,0.100360,-0.005044,0.043410,0.100487,-0.050215,2
157.600000,788,1132,-0.4000,-0.5130,0.3000,0.100280,-0.005155,0.043293,0.100412,-0.051361,2
157.800000,789,1133,-0.4000,-0.5130,0.3000,0.100280,-0.005155,0.043293,0.100412,-0.051361,2
158.000000,790,1134,-0.4000,-0.5130,0.3000,0.050654,0.042210,0.050611,0.065936,0.694719,2
158.200000,791,1135,-0.4000,-0.5130,0.3000,0.084307,0.003370,0.034536,0.084374,0.039947,2
158.400000,792,1136,-0.4000,-0.5130,0.3000,0.084307,0.003370,0.034536,0.084374,0.039947,2
158.600000,793,1137,-0.4000,-0.5130,0.3000,0.099033,-0.002836,0.042344,0.099074,-0.028626,2
158.800000,794,1138,-0.4000,-0.5130,0.3000,0.099033,-0.002836,0.042344,0.099074,-0.028626,2
159.000000,795,1139,-0.4000,-0.5130,0.3000,0.098622,-0.003210,0.041432,0.098674,-0.032533,2
159.200000,796,1140,-0.4000,-0.5130,0.3000,0.098622,-0.003210,0.041432,0.098674,-0.032533,2
159.400000,797,1141,-0.4000,-0.5130,0.3000,0.100500,-0.006300,0.043200,0.100697,-0.062607,2
159.600000,798,1142,-0.4000,-0.5130,0.3000,0.100500,-0.006300,0.043200,0.100697,-0.062607,2
159.800000,799,1143,-0.4000,-0.5130,0.3000,0.099727,-0.004972,0.043374,0.099851,-0.049811,2
160.000000,800,1144,-0.4000,-0.5130,0.3000,0.099727,-0.004972,0.043374,0.099851,-0.049811,2
160.200000,801,1145,-0.4000,-0.5130,0.3000,0.100130,-0.005159,0.043146,0.100263,-0.051479,2
160.400000,802,1146,-0.4000,-0.5130,0.3000,0.100230,-0.004992,0.043327,0.100354,-0.049762,2
160.600000,803,1147,-0.4000,-0.5130,0.3000,0.100230,-0.004992,0.043327,0.100354,-0.049762,2
160.800000,804,1148,-0.4000,-0.5130,0.3000,0.100360,-0.005044,0.043410,0.100487,-0.050215,2
161.000000,805,1149,-0.4000,-0.5130,0.3000,0.100360,-0.005044,0.043410,0.100487,-0.050215,2
161.200000,806,1150,-0.4000,-0.5130,0.3000,0.100280,-0.005155,0.043293,0.100412,-0.051361,2
161.400000,807,1151,-0.4000,-0.5130,0.3000,0.100280,-0.005155,0.043293,0.100412,-0.051361,2
161.600000,808,1152,-0.4000,-0.5130,0.3000,0.050654,0.042210,0.050611,0.065936,0.694719,2
161.800000,809,1153,-0.4000,-0.5130,0.3000,0.050654,0.042210,0.050611,0.065936,0.694719,2
162.000000,810,1154,-0.4000,-0.5130,0.3000,0.084307,0.003370,0.034536,0.084374,0.039947,2
162.200000,811,1155,-0.4000,-0.5130,0.3000,0.084307,0.003370,0.034536,0.084374,0.039947,2
162.400000,812,1156,-0.4000,-0.5130,0.3000,0.099033,-0.002836,0.042344,0.099074,-0.028626,2
162.600000,813,1157,-0.4000,-0.5130,0.3000,0.098622,-0.003210,0.041432,0.098674,-0.032533,2
162.800000,814,1158,-0.4000,-0.5130,0.3000,0.098622,-0.003210,0.041432,0.098674,-0.032533,2
163.000000,815,1159,-0.4000,-0.5130,0.3000,0.100500,-0.006300,0.043200,0.100697,-0.062607,2
163.200000,816,1160,-0.4000,-0.5130,0.3000,0.100500,-0.006300,0.043200,0.100697,-0.062607,2
163.400000,817,1161,-0.4000,-0.5130,0.3000,0.099727,-0.004972,0.043374,0.099851,-0.049811,2
163.600000,818,1162,-0.4000,-0.5130,0.3000,0.099727,-0.004972,0.043374,0.099851,-0.049811,2
163.800000,819,1163,-0.4000,-0.5130,0.3000,0.100130,-0.005159,0.043146,0.100263,-0.051479,2
164.000000,820,1164,-0.4000,-0.5130,0.3000,0.100130,-0.005159,0.043146,0.100263,-0.051479,2
164.200000,821,1165,-0.4000,-0.5130,0.3000,0.100230,-0.004992,0.043327,0.100354,-0.049762,2
164.400000,822,1166,-0.4000,-0.5130,0.3000,0.100230,-0.004992,0.043327,0.100354,-0.049762,2
164.600000,823,1167,-0.4000,-0.5130,0.3000,0.100360,-0.005044,0.043410,0.100487,-0.050215,2
164.800000,824,1168,-0.4000,-0.5130,0.3000,0.100280,-0.005155,0.043293,0.100412,-0.051361,2
165.000000,825,1169,-0.4000,-0.5130,0.3000,0.100280,-0.005155,0.043293,0.100412,-0.051361,2
165.200000,826,1170,-0.4000,-0.5130,0.3000,0.050654,0.042210,0.050611,0.065936,0.694719,2
165.400000,827,1171,-0.4000,-0.5130,0.3000,0.050654,0.042210,0.050611,0.065936,0.694719,2
165.600000,828,1172,-0.4000,-0.5130,0.3000,0.084307,0.003370,0.034536,0.084374,0.039947,2
165.800000,829,1173,-0.4000,-0.5130,0.3000,0.084307,0.003370,0.034536,0.084374,0.039947,2
166.000000,830,1174,-0.4000,-0.5130,0.3000,0.099033,-0.002836,0.042344,0.099074,-0.028626,2
166.200000,831,1175,-0.4000,-0.5130,0.3000,0.099033,-0.002836,0.042344,0.099074,-0.028626,2
166.400000,832,1176,-0.4000,-0.5130,0.3000,0.098622,-0.003210,0.041432,0.098674,-0.032533,2
166.600000,833,1177,-0.4000,-0.5130,0.3000,0.098622,-0.003210,0.041432,0.098674,-0.032533,2
166.800000,834,1178,-0.4000,-0.5130,0.3000,0.100500,-0.006300,0.043200,0.100697,-0.062607,2
167.000000,835,1179,-0.4000,-0.5130,0.3000,0.099727,-0.004972,0.043374,0.099851,-0.049811,2
167.200000,836,1180,-0.4000,-0.5130,0.3000,0.099727,-0.004972,0.043374,0.099851,-0.049811,2
167.400000,837,1181,-0.4000,-0.5130,0.3000,0.100130,-0.005159,0.043146,0.100263,-0.051479,2
167.600000,838,1182,-0.4000,-0.5130,0.3000,0.100130,-0.005159,0.043146,0.100263,-0.051479,2
167.800000,839,1183,-0.4000,-0.5130,0.3000,0.100230,-0.004992,0.043327,0.100354,-0.049762,2
168.000000,840,1184,-0.4000,-0.5130,0.3000,0.100230,-0.004992,0.043327,0.100354,-0.049762,2
168.200000,841,1185,-0.4000,-0.5130,0.3000,0.100360,-0.005044,0.043410,0.100487,-0.050215,2
168.400000,842,1186,-0.4000,-0.5130,0.3000,0.100360,-0.005044,0.043410,0.100487,-0.050215,2
168.600000,843,1187,-0.4000,-0.5130,0.3000,0.100280,-0.005155,0.043293,0.100412,-0.051361,2
168.800000,844,1188,-0.4000,-0.5130,0.3000,0.100280,-0.005155,0.043293,0.100412,-0.051361,2
169.000000,845,1189,-0.4000,-0.5130,0.3000,0.050654,0.042210,0.050611,0.065936,0.694719,2
169.200000,846,1190,-0.4000,-0.5130,0.3000,0.084307,0.003370,0.034536,0.084374,0.039947,2
169.400000,847,1191,-0.4000,-0.5130,0.3000,0.084307,0.003370,0.034536,0.084374,0.039947,2
169.600000,848,1192,-0.4000,-0.5130,0.3000,0.099033,-0.002836,0.042344,0.099074,-0.028626,2
169.800000,849,1193,-0.4000,-0.5130,0.3000,0.099033,-0.002836,0.042344,0.099074,-0.028626,2
170.000000,850,1194,-0.4000,-0.5130,0.3000,0.098622,-0.003210,0.041432,0.098674,-0.032533,2
170.200000,851,1195,-0.4000,-0.5130,0.3000,0.098622,-0.003210,0.041432,0.098674,-0.032533,2
170.400000,852,1196,-0.4000,-0.5130,0.3000,0.100500,-0.006300,0.043200,0.100697,-0.062607,2
170.600000,853,1197,-0.4000,-0.5130,0.3000,0.100500,-0.006300,0.043200,0.100697,-0.062607,2
170.800000,854,1198,-0.4000,-0.5130,0.3000,0.099727,-0.004972,0.043374,0.099851,-0.049811,2
171.000000,855,1199,-0.4000,-0.5130,0.3000,0.099727,-0.004972,0.043374,0.099851,-0.049811,2
171.200000,856,1200,-0.4000,-0.5130,0.3000,0.100130,-0.005159,0.043146,0.100263,-0.051479,2
171.400000,857,1201,-0.1000,-0.5130,0.3000,0.031251,-0.042800,0.066985,0.052995,-0.940112,2
171.600000,858,1202,0.2000,-0.5130,0.3000,-0.156310,-0.214500,0.324360,0.265411,-2.200537,2
171.800000,859,1203,0.5000,-0.5130,0.3000,0.052550,-0.489420,0.081843,0.492233,-1.463834,2
172.000000,860,1204,0.8000,-0.5130,0.3000,0.386150,-0.630950,0.017510,0.739736,-1.021590,2
172.200000,861,1205,1.1000,-0.5130,0.3000,0.638890,-0.590020,0.080605,0.869657,-0.745652,2
172.400000,862,1206,1.4000,-0.5130,0.3000,0.818710,-0.459140,0.096433,0.938667,-0.511104,2
172.600000,863,1207,1.7000,-0.5130,0.3000,0.805410,-0.345310,0.070725,0.876313,-0.405033,2
172.800000,864,1208,2.0000,-0.5130,0.3000,0.724900,-0.314170,0.074269,0.790052,-0.408962,2
173.000000,865,1209,2.3000,-0.5130,0.3000,0.627290,-0.306390,0.031495,0.698117,-0.454352,2
173.200000,866,1210,2.6000,-0.5130,0.3000,0.214400,-0.315640,0.016448,0.381570,-0.974129,2
173.400000,867,1211,2.9000,-0.5130,0.3000,-0.075943,-0.257440,-0.089344,0.268408,-1.857653,2
173.600000,868,1212,2.9000,-0.8130,0.3000,-0.019688,-0.601470,0.003890,0.601792,-1.603518,2
173.800000,869,1213,2.9000,-1.1130,0.3000,0.396190,-1.226000,0.021196,1.288426,-1.258233,2
174.000000,870,1214,2.9000,-1.4130,0.3000,0.539100,-1.044400,0.039133,1.175330,-1.094287,2
174.200000,871,1215,3.2000,-1.4130,0.3000,0.864120,-1.056900,-0.101010,1.365189,-0.885416,2
174.400000,872,1216,3.5000,-1.4130,0.3000,0.128490,-0.101230,-0.007281,0.163576,-0.667284,2
174.600000,873,1217,3.8000,-1.4130,0.3000,0.115170,0.067651,0.229200,0.133569,0.531104,2
174.800000,874,1218,4.1000,-1.4130,0.3000,0.321050,0.071026,0.167280,0.328813,0.217724,2
175.000000,875,1219,4.4000,-1.4130,0.3000,0.479690,0.071724,0.050998,0.485022,0.148422,2
175.200000,876,1220,4.7000,-1.4130,0.3000,0.618920,0.081766,-0.031382,0.624298,0.131350,2
175.400000,877,1221,5.0000,-1.4130,0.3000,0.728860,0.093774,-0.076209,0.734868,0.127956,2
175.600000,878,1222,5.3000,-1.4130,0.3000,0.814690,0.097420,-0.112480,0.820494,0.119014,2
175.800000,879,1223,5.6000,-1.4130,0.3000,0.896780,0.105030,-0.125580,0.902910,0.116588,2
176.000000,880,1224,5.9000,-1.4130,0.3000,0.959430,0.108710,-0.130370,0.965569,0.112826,2
176.200000,881,1225,6.2000,-1.4130,0.3000,0.780970,0.012837,-0.081066,0.781075,0.016436,2
176.400000,882,1226,6.5000,-1.4130,0.3000,0.823510,0.024835,-0.064767,0.823884,0.030148,2
176.600000,883,1227,6.8000,-1.4130,0.3000,1.044500,0.109230,-0.063944,1.050196,0.104198,2
176.800000,884,1228,7.1000,-1.4130,0.3000,1.063600,0.117210,-0.048429,1.070039,0.109758,2
177.000000,885,1229,7.4000,-1.4130,0.3000,1.117400,0.158150,0.014969,1.128536,0.140600,2
177.200000,886,1230,7.7000,-1.4130,0.3000,1.112100,0.168920,0.067080,1.124856,0.150741,2
177.400000,887,1231,8.0000,-1.4130,0.3000,1.112500,0.159890,0.211710,1.123931,0.142744,2
177.600000,888,1232,8.3000,-1.4130,0.3000,1.094600,0.141860,0.261820,1.103754,0.128881,2
177.800000,889,1233,8.5121,-1.2009,0.3000,0.922690,0.223550,0.298490,0.949385,0.237700,2
178.000000,890,1234,8.7243,-0.9887,0.3000,0.728720,0.271430,0.327940,0.777629,0.356555,2
178.200000,891,1235,8.9364,-0.7766,0.3000,0.408150,0.105040,0.240370,0.421450,0.251890,2
178.400000,892,1236,9.1485,-0.5645,0.3000,0.006834,0.042447,0.158620,0.042994,1.411165,2
178.600000,893,1237,9.3607,-0.3523,0.3000,-0.239630,0.168770,0.234600,0.293097,2.527991,2
178.800000,894,1238,9.5000,-0.2130,0.3000,-0.247640,0.143790,0.186770,0.286358,2.615529,2
179.000000,895,1239,9.5000,-0.2130,0.3000,-0.247640,0.143790,0.186770,0.286358,2.615529,2
179.200000,896,1240,9.5000,-0.2130,0.3000,-0.265230,0.154970,0.196310,0.307185,2.612808,2
179.400000,897,1241,9.5000,-0.2130,0.3000,-0.265230,0.154970,0.196310,0.307185,2.612808,2
179.600000,898,1242,9.5000,-0.2130,0.3000,-0.258700,0.176550,0.186560,0.313202,2.542742,2
179.800000,899,1243,9.5000,-0.2130,0.3000,-0.258700,0.176550,0.186560,0.313202,2.542742,2
180.000000,900,1244,9.5000,-0.2130,0.3000,-0.075280,0.134990,-0.041218,0.154562,2.079510,2
180.200000,901,1245,9.5000,-0.2130,0.3000,-0.224170,0.111360,0.166690,0.250306,2.680536,2
180.400000,902,1246,9.5000,-0.2130,0.3000,-0.224170,0.111360,0.166690,0.250306,2.680536,2
180.600000,903,1247,9.5000,-0.2130,0.3000,-0.212850,0.217150,0.232530,0.304071,2.346195,2
180.800000,904,1248,9.5000,-0.2130,0.3000,-0.212850,0.217150,0.232530,0.304071,2.346195,2
181.000000,905,1249,9.5000,-0.2130,0.3000,-0.241040,0.161110,0.193570,0.289925,2.552394,2
181.200000,906,1250,9.5000,-0.2130,0.3000,-0.241040,0.161110,0.193570,0.289925,2.552394,2
181.400000,907,1251,9.5000,-0.2130,0.3000,-0.246910,0.137380,0.195310,0.282556,2.633851,2
181.600000,908,1252,9.5000,-0.2130,0.3000,-0.246910,0.137380,0.195310,0.282556,2.633851,2
181.800000,909,1253,9.5000,-0.2130,0.3000,-0.258370,0.171650,0.183520,0.310192,2.555191,2
182.000000,910,1254,9.5000,-0.2130,0.3000,-0.258370,0.171650,0.183520,0.310192,2.555191,2
182.200000,911,1255,9.5000,-0.2130,0.3000,-0.255940,0.165670,0.190870,0.304880,2.567118,2
182.400000,912,1256,9.5000,-0.2130,0.3000,-0.247640,0.143790,0.186770,0.286358,2.615529,2
182.600000,913,1257,9.5000,-0.2130,0.3000,-0.247640,0.143790,0.186770,0.286358,2.615529,2
182.800000,914,1258,9.5000,-0.2130,0.3000,-0.265230,0.154970,0.196310,0.307185,2.612808,2
183.000000,915,1259,9.5000,-0.2130,0.3000,-0.265230,0.154970,0.196310,0.307185,2.612808,2
183.200000,916,1260,9.5000,-0.2130,0.3000,-0.258700,0.176550,0.186560,0.313202,2.542742,2
183.400000,917,1261,9.5000,-0.2130,0.3000,-0.258700,0.176550,0.186560,0.313202,2.542742,2
183.600000,918,1262,9.5000,-0.2130,0.3000,-0.075280,0.134990,-0.041218,0.154562,2.079510,2
183.800000,919,1263,9.5000,-0.2130,0.3000,-0.075280,0.134990,-0.041218,0.154562,2.079510,2
184.000000,920,1264,9.5000,-0.2130,0.3000,-0.224170,0.111360,0.166690,0.250306,2.680536,2
184.200000,921,1265,9.5000,-0.2130,0.3000,-0.224170,0.111360,0.166690,0.250306,2.680536,2
184.400000,922,1266,9.5000,-0.2130,0.3000,-0.212850,0.217150,0.232530,0.304071,2.346195,2
184.600000,923,1267,9.5000,-0.2130,0.3000,-0.241040,0.161110,0.193570,0.289925,2.552394,2
184.800000,924,1268,9.5000,-0.2130,0.3000,-0.241040,0.161110,0.193570,0.289925,2.552394,2
185.000000,925,1269,9.5000,-0.2130,0.3000,-0.246910,0.137380,0.195310,0.282556,2.633851,2
185.200000,926,1270,9.5000,-0.2130,0.3000,-0.246910,0.137380,0.195310,0.282556,2.633851,2
185.400000,927,1271,9.5000,-0.2130,0.3000,-0.258370,0.171650,0.183520,0.310192,2.555191,2
185.600000,928,1272,9.5000,-0.2130,0.3000,-0.258370,0.171650,0.183520,0.310192,2.555191,2
185.800000,929,1273,9.5000,-0.2130,0.3000,-0.255940,0.165670,0.190870,0.304880,2.567118,2
186.000000,930,1274,9.5000,-0.2130,0.3000,-0.255940,0.165670,0.190870,0.304880,2.567118,2
186.200000,931,1275,9.5000,-0.2130,0.3000,-0.247640,0.143790,0.186770,0.286358,2.615529,2
186.400000,932,1276,9.5000,-0.2130,0.3000,-0.247640,0.143790,0.186770,0.286358,2.615529,2
186.600000,933,1277,9.5000,-0.2130,0.3000,-0.265230,0.154970,0.196310,0.307185,2.612808,2
186.800000,934,1278,9.5000,-0.2130,0.3000,-0.258700,0.176550,0.186560,0.313202,2.542742,2
187.000000,935,1279,9.5000,-0.2130,0.3000,-0.258700,0.176550,0.186560,0.313202,2.542742,2
187.200000,936,1280,9.5000,-0.2130,0.3000,-0.075280,0.134990,-0.041218,0.154562,2.079510,2
187.400000,937,1281,9.5000,-0.2130,0.3000,-0.075280,0.134990,-0.041218,0.154562,2.079510,2
187.600000,938,1282,9.5000,-0.2130,0.3000,-0.224170,0.111360,0.166690,0.250306,2.680536,2
187.800000,939,1283,9.5000,-0.2130,0.3000,-0.224170,0.111360,0.166690,0.250306,2.680536,2
188.000000,940,1284,9.5000,-0.2130,0.3000,-0.212850,0.217150,0.232530,0.304071,2.346195,2
188.200000,941,1285,9.5000,-0.2130,0.3000,-0.212850,0.217150,0.232530,0.304071,2.346195,2
188.400000,942,1286,9.5000,-0.2130,0.3000,-0.241040,0.161110,0.193570,0.289925,2.552394,2
188.600000,943,1287,9.5000,-0.2130,0.3000,-0.241040,0.161110,0.193570,0.289925,2.552394,2
188.800000,944,1288,9.5000,-0.2130,0.3000,-0.246910,0.137380,0.195310,0.282556,2.633851,2
189.000000,945,1289,9.5000,-0.2130,0.3000,-0.258370,0.171650,0.183520,0.310192,2.555191,2
189.200000,946,1290,9.5000,-0.2130,0.3000,-0.258370,0.171650,0.183520,0.310192,2.555191,2
189.400000,947,1291,9.5000,-0.2130,0.3000,-0.255940,0.165670,0.190870,0.304880,2.567118,2
189.600000,948,1292,9.5000,-0.2130,0.3000,-0.255940,0.165670,0.190870,0.304880,2.567118,2
189.800000,949,1293,9.5000,-0.2130,0.3000,-0.247640,0.143790,0.186770,0.286358,2.615529,2
190.000000,950,1294,9.5000,-0.2130,0.3000,-0.247640,0.143790,0.186770,0.286358,2.615529,2
190.200000,951,1295,9.5000,-0.2130,0.3000,-0.265230,0.154970,0.196310,0.307185,2.612808,2
190.400000,952,1296,9.5000,-0.2130,0.3000,-0.265230,0.154970,0.196310,0.307185,2.612808,2
190.600000,953,1297,9.5000,-0.2130,0.3000,-0.258700,0.176550,0.186560,0.313202,2.542742,2
190.800000,954,1298,9.5000,-0.2130,0.3000,-0.258700,0.176550,0.186560,0.313202,2.542742,2
191.000000,955,1299,9.5000,-0.2130,0.3000,-0.075280,0.134990,-0.041218,0.154562,2.079510,2
191.200000,956,1300,9.5000,-0.2130,0.3000,-0.224170,0.111360,0.166690,0.250306,2.680536,2
191.400000,957,1301,9.5000,-0.2130,0.3000,-0.224170,0.111360,0.166690,0.250306,2.680536,2
191.600000,958,1302,9.5000,-0.2130,0.3000,-0.212850,0.217150,0.232530,0.304071,2.346195,2
191.800000,959,1303,9.5000,-0.2130,0.3000,-0.212850,0.217150,0.232530,0.304071,2.346195,2
192.000000,960,1304,9.5000,-0.2130,0.3000,-0.241040,0.161110,0.193570,0.289925,2.552394,2
192.200000,961,1305,9.5000,-0.2130,0.3000,-0.241040,0.161110,0.193570,0.289925,2.552394,2
192.400000,962,1306,9.5000,-0.2130,0.3000,-0.246910,0.137380,0.195310,0.282556,2.633851,2
192.600000,963,1307,9.5000,-0.2130,0.3000,-0.246910,0.137380,0.195310,0.282556,2.633851,2
192.800000,964,1308,9.5000,-0.2130,0.3000,-0.258370,0.171650,0.183520,0.310192,2.555191,2
193.000000,965,1309,9.5000,-0.2130,0.3000,-0.258370,0.171650,0.183520,0.310192,2.555191,2
193.200000,966,1310,9.5000,-0.2130,0.3000,-0.255940,0.165670,0.190870,0.304880,2.567118,2
193.400000,967,1311,9.5000,-0.2130,0.3000,-0.247640,0.143790,0.186770,0.286358,2.615529,2
193.600000,968,1312,9.5000,-0.2130,0.3000,-0.247640,0.143790,0.186770,0.286358,2.615529,2
193.800000,969,1313,9.5000,-0.2130,0.3000,-0.265230,0.154970,0.196310,0.307185,2.612808,2
194.000000,970,1314,9.5000,-0.2130,0.3000,-0.265230,0.154970,0.196310,0.307185,2.612808,2
194.200000,971,1315,9.5000,-0.2130,0.3000,-0.258700,0.176550,0.186560,0.313202,2.542742,2
194.400000,972,1316,9.5000,-0.2130,0.3000,-0.258700,0.176550,0.186560,0.313202,2.542742,2
194.600000,973,1317,9.5000,-0.2130,0.3000,-0.075280,0.134990,-0.041218,0.154562,2.079510,2
194.800000,974,1318,9.5000,-0.2130,0.3000,-0.075280,0.134990,-0.041218,0.154562,2.079510,2
195.000000,975,1319,9.2000,-0.2130,0.3000,-0.217320,0.174060,0.190610,0.278433,2.466280,2
195.200000,976,1320,8.9000,-0.2130,0.3000,-0.138300,0.173060,0.209430,0.221533,2.245016,2
195.400000,977,1321,8.6000,-0.2130,0.3000,0.334100,0.486950,0.342300,0.590545,0.969455,2
195.600000,978,1322,8.3000,-0.2130,0.3000,0.300280,0.472140,0.311830,0.559539,1.004328,2
195.800000,979,1323,8.0000,-0.2130,0.3000,0.194220,0.265800,0.124260,0.329198,0.939762,2
196.000000,980,1324,7.7000,-0.2130,0.3000,0.110350,0.120980,0.026077,0.163748,0.831318,2
196.200000,981,1325,7.4000,-0.2130,0.3000,0.077929,0.065014,0.003491,0.101488,0.695292,2
196.400000,982,1326,7.1000,-0.2130,0.3000,0.121430,0.085887,-0.012663,0.148734,0.615606,2
196.600000,983,1327,6.8000,-0.2130,0.3000,0.123320,0.093228,-0.015867,0.154594,0.647320,2
196.800000,984,1328,6.5000,-0.2130,0.3000,0.099758,0.084684,-0.022426,0.130855,0.703852,2
197.000000,985,1329,6.2000,-0.2130,0.3000,0.082695,0.061638,-0.033764,0.103139,0.640528,2
197.200000,986,1330,5.9000,-0.2130,0.3000,0.058907,0.043076,-0.025910,0.072977,0.631396,2
197.400000,987,1331,5.6000,-0.2130,0.3000,0.051188,-0.017602,-0.028427,0.054130,-0.331203,2
197.600000,988,1332,5.3879,-0.4251,0.3000,0.101140,-0.047449,-0.038281,0.111717,-0.438658,2
197.800000,989,1333,5.1757,-0.6373,0.3000,0.118150,-0.127080,-0.040081,0.173519,-0.821797,2
198.000000,990,1334,4.9636,-0.8494,0.3000,0.045257,-0.036258,-0.119630,0.057990,-0.675447,2
198.200000,991,1335,4.7515,-1.0615,0.3000,0.091583,-0.039792,-0.083942,0.099854,-0.409882,2
198.400000,992,1336,4.5393,-1.2737,0.3000,0.282240,-0.056022,-0.237700,0.287746,-0.195944,2
198.600000,993,1337,4.2971,-1.4130,0.3000,0.493040,0.115680,0.112820,0.506429,0.230458,2
198.800000,994,1338,3.9971,-1.4130,0.3000,0.328940,0.103860,0.218650,0.344947,0.305835,2
199.000000,995,1339,3.6971,-1.4130,0.3000,0.146770,0.063407,0.184940,0.159881,0.407798,2
199.200000,996,1340,3.3971,-1.4130,0.3000,0.394530,-0.287240,-0.111510,0.488017,-0.629309,2
199.400000,997,1341,3.0971,-1.4130,0.3000,0.574360,-1.271600,-0.019436,1.395298,-1.146544,2
199.600000,998,1342,2.9000,-1.3101,0.3000,0.509430,-1.217200,0.020830,1.319506,-1.174422,2
199.800000,999,1343,2.9000,-1.0101,0.3000,0.423460,-1.090300,0.047959,1.169646,-1.200340,2
200.000000,1000,1344,2.9000,-0.7101,0.3000,0.163820,-0.453690,0.039470,0.482360,-1.224282,2
200.200000,1001,1345,2.7971,-0.5130,0.3000,0.171240,-0.243230,0.024189,0.297463,-0.957374,2
200.400000,1002,1346,2.4971,-0.5130,0.3000,0.523590,-0.339000,-0.024158,0.623753,-0.574583,2
200.600000,1003,1347,2.1971,-0.5130,0.3000,0.742470,-0.343740,0.018414,0.818180,-0.433586,2
200.800000,1004,1348,1.8971,-0.5130,0.3000,0.833600,-0.396970,0.020658,0.923295,-0.444436,2
201.000000,1005,1349,1.5971,-0.5130,0.3000,0.877420,-0.420830,0.065552,0.973121,-0.447213,2
201.200000,1006,1350,1.2971,-0.5130,0.3000,0.766020,-0.497780,0.103460,0.913549,-0.576253,2
201.400000,1007,1351,0.9971,-0.5130,0.3000,0.564360,-0.622000,0.060483,0.839873,-0.833946,2
201.600000,1008,1352,0.6971,-0.5130,0.3000,0.287960,-0.605350,0.010482,0.670350,-1.126784,2
201.800000,1009,1353,0.3971,-0.5130,0.3000,-0.066386,-0.400700,0.170550,0.406162,-1.734980,2
202.000000,1010,1354,0.0971,-0.5130,0.3000,-0.235360,-0.263890,0.330870,0.353599,-2.299111,2
202.200000,1011,1355,-0.2029,-0.5130,0.3000,0.053394,-0.052572,0.070574,0.074932,-0.777641,2
202.400000,1012,1356,-0.4000,-0.5130,0.3000,0.084307,0.003370,0.034536,0.084374,0.039947,2
202.600000,1013,1357,-0.4000,-0.5130,0.3000,0.099033,-0.002836,0.042344,0.099074,-0.028626,2
202.800000,1014,1358,-0.4000,-0.5130,0.3000,0.099033,-0.002836,0.042344,0.099074,-0.028626,2
203.000000,1015,1359,-0.4000,-0.5130,0.3000,0.098622,-0.003210,0.041432,0.098674,-0.032533,2
203.200000,1016,1360,-0.4000,-0.5130,0.3000,0.098622,-0.003210,0.041432,0.098674,-0.032533,2
203.400000,1017,1361,-0.4000,-0.5130,0.3000,0.100500,-0.006300,0.043200,0.100697,-0.062607,2
203.600000,1018,1362,-0.4000,-0.5130,0.3000,0.100500,-0.006300,0.043200,0.100697,-0.062607,2
203.800000,1019,1363,-0.4000,-0.5130,0.3000,0.099727,-0.004972,0.043374,0.099851,-0.049811,2
204.000000,1020,1364,-0.4000,-0.5130,0.3000,0.099727,-0.004972,0.043374,0.099851,-0.049811,2
204.200000,1021,1365,-0.4000,-0.5130,0.3000,0.100130,-0.005159,0.043146,0.100263,-0.051479,2
204.400000,1022,1366,-0.4000,-0.5130,0.3000,0.100230,-0.004992,0.043327,0.100354,-0.049762,2
204.600000,1023,1367,-0.4000,-0.5130,0.3000,0.100230,-0.004992,0.043327,0.100354,-0.049762,2
204.800000,1024,1368,-0.4000,-0.5130,0.3000,0.100360,-0.005044,0.043410,0.100487,-0.050215,2
205.000000,1025,1369,-0.4000,-0.5130,0.3000,0.100360,-0.005044,0.043410,0.100487,-0.050215,2
205.200000,1026,1370,-0.4000,-0.5130,0.3000,0.100280,-0.005155,0.043293,0.100412,-0.051361,2
205.400000,1027,1371,-0.4000,-0.5130,0.3000,0.100280,-0.005155,0.043293,0.100412,-0.051361,2
205.600000,1028,1372,-0.4000,-0.5130,0.3000,0.050654,0.042210,0.050611,0.065936,0.694719,2
205.800000,1029,1373,-0.4000,-0.5130,0.3000,0.050654,0.042210,0.050611,0.065936,0.694719,2
206.000000,1030,1374,-0.4000,-0.5130,0.3000,0.084307,0.003370,0.034536,0.084374,0.039947,2
206.200000,1031,1375,-0.4000,-0.5130,0.3000,0.084307,0.003370,0.034536,0.084374,0.039947,2
206.400000,1032,1376,-0.4000,-0.5130,0.3000,0.099033,-0.002836,0.042344,0.099074,-0.028626,2
206.600000,1033,1377,-0.4000,-0.5130,0.3000,0.098622,-0.003210,0.041432,0.098674,-0.032533,2
206.800000,1034,1378,-0.4000,-0.5130,0.3000,0.098622,-0.003210,0.041432,0.098674,-0.032533,2
207.000000,1035,1379,-0.4000,-0.5130,0.3000,0.100500,-0.006300,0.043200,0.100697,-0.062607,2
207.200000,1036,1380,-0.4000,-0.5130,0.3000,0.100500,-0.006300,0.043200,0.100697,-0.062607,2
207.400000,1037,1381,-0.4000,-0.5130,0.3000,0.099727,-0.004972,0.043374,0.099851,-0.049811,2
207.600000,1038,1382,-0.4000,-0.5130,0.3000,0.099727,-0.004972,0.043374,0.099851,-0.049811,2
207.800000,1039,1383,-0.4000,-0.5130,0.3000,0.100130,-0.005159,0.043146,0.100263,-0.051479,2
208.000000,1040,1384,-0.4000,-0.5130,0.3000,0.100130,-0.005159,0.043146,0.100263,-0.051479,2
208.200000,1041,1385,-0.4000,-0.5130,0.3000,0.100230,-0.004992,0.043327,0.100354,-0.049762,2
208.400000,1042,1386,-0.4000,-0.5130,0.3000,0.100230,-0.004992,0.043327,0.100354,-0.049762,2
208.600000,1043,1387,-0.4000,-0.5130,0.3000,0.100360,-0.005044,0.043410,0.100487,-0.050215,2
208.800000,1044,1388,-0.4000,-0.5130,0.3000,0.100280,-0.005155,0.043293,0.100412,-0.051361,2
209.000000,1045,1389,-0.4000,-0.5130,0.3000,0.100280,-0.005155,0.043293,0.100412,-0.051361,2
209.200000,1046,1390,-0.4000,-0.5130,0.3000,0.050654,0.042210,0.050611,0.065936,0.694719,2
209.400000,1047,1391,-0.4000,-0.5130,0.3000,0.050654,0.042210,0.050611,0.065936,0.694719,2
209.600000,1048,1392,-0.4000,-0.5130,0.3000,0.084307,0.003370,0.034536,0.084374,0.039947,2
209.800000,1049,1393,-0.4000,-0.5130,0.3000,0.084307,0.003370,0.034536,0.084374,0.039947,2
210.000000,1050,1394,-0.4000,-0.5130,0.3000,0.099033,-0.002836,0.042344,0.099074,-0.028626,2
210.200000,1051,1395,-0.4000,-0.5130,0.3000,0.099033,-0.002836,0.042344,0.099074,-0.028626,2
210.400000,1052,1396,-0.4000,-0.5130,0.3000,0.098622,-0.003210,0.041432,0.098674,-0.032533,2
210.600000,1053,1397,-0.4000,-0.5130,0.3000,0.098622,-0.003210,0.041432,0.098674,-0.032533,2
210.800000,1054,1398,-0.4000,-0.5130,0.3000,0.100500,-0.006300,0.043200,0.100697,-0.062607,2
211.000000,1055,1399,-0.4000,-0.5130,0.3000,0.099727,-0.004972,0.043374,0.099851,-0.049811,2
211.200000,1056,1400,-0.4000,-0.5130,0.3000,0.099727,-0.004972,0.043374,0.099851,-0.049811,2
211.400000,1057,1401,-0.4000,-0.5130,0.3000,0.100130,-0.005159,0.043146,0.100263,-0.051479,2
211.600000,1058,1402,-0.4000,-0.5130,0.3000,0.100130,-0.005159,0.043146,0.100263,-0.051479,2
211.800000,1059,1403,-0.4000,-0.5130,0.3000,0.100230,-0.004992,0.043327,0.100354,-0.049762,2
212.000000,1060,1404,-0.4000,-0.5130,0.3000,0.100230,-0.004992,0.043327,0.100354,-0.049762,2
212.200000,1061,1405,-0.4000,-0.5130,0.3000,0.100360,-0.005044,0.043410,0.100487,-0.050215,2
212.400000,1062,1406,-0.4000,-0.5130,0.3000,0.100360,-0.005044,0.043410,0.100487,-0.050215,2
212.600000,1063,1407,-0.4000,-0.5130,0.3000,0.100280,-0.005155,0.043293,0.100412,-0.051361,2
212.800000,1064,1408,-0.4000,-0.5130,0.3000,0.100280,-0.005155,0.043293,0.100412,-0.051361,2
213.000000,1065,1409,-0.4000,-0.5130,0.3000,0.050654,0.042210,0.050611,0.065936,0.694719,2
213.200000,1066,1410,-0.4000,-0.5130,0.3000,0.084307,0.003370,0.034536,0.084374,0.039947,2
213.400000,1067,1411,-0.4000,-0.5130,0.3000,0.084307,0.003370,0.034536,0.084374,0.039947,2
213.600000,1068,1412,-0.4000,-0.5130,0.3000,0.099033,-0.002836,0.042344,0.099074,-0.028626,2
213.800000,1069,1413,-0.4000,-0.5130,0.3000,0.099033,-0.002836,0.042344,0.099074,-0.028626,2
214.000000,1070,1414,-0.4000,-0.5130,0.3000,0.098622,-0.003210,0.041432,0.098674,-0.032533,2
214.200000,1071,1415,-0.4000,-0.5130,0.3000,0.098622,-0.003210,0.041432,0.098674,-0.032533,2
214.400000,1072,1416,-0.4000,-0.5130,0.3000,0.100500,-0.006300,0.043200,0.100697,-0.062607,2
214.600000,1073,1417,-0.4000,-0.5130,0.3000,0.100500,-0.006300,0.043200,0.100697,-0.062607,2
214.800000,1074,1418,-0.4000,-0.5130,0.3000,0.099727,-0.004972,0.043374,0.099851,-0.049811,2
215.000000,1075,1419,-0.4000,-0.5130,0.3000,0.099727,-0.004972,0.043374,0.099851,-0.049811,2
215.200000,1076,1420,-0.4000,-0.5130,0.3000,0.100130,-0.005159,0.043146,0.100263,-0.051479,2
215.400000,1077,1421,-0.4000,-0.5130,0.3000,0.100230,-0.004992,0.043327,0.100354,-0.049762,2
215.600000,1078,1422,-0.4000,-0.5130,0.3000,0.100230,-0.004992,0.043327,0.100354,-0.049762,2
215.800000,1079,1423,-0.4000,-0.5130,0.3000,0.100360,-0.005044,0.043410,0.100487,-0.050215,2
216.000000,1080,1424,-0.4000,-0.5130,0.3000,0.100360,-0.005044,0.043410,0.100487,-0.050215,2
216.200000,1081,1425,-0.4000,-0.5130,0.3000,0.100280,-0.005155,0.043293,0.100412,-0.051361,2
216.400000,1082,1426,-0.4000,-0.5130,0.3000,0.100280,-0.005155,0.043293,0.100412,-0.051361,2
216.600000,1083,1427,-0.4000,-0.5130,0.3000,0.050654,0.042210,0.050611,0.065936,0.694719,2
216.800000,1084,1428,-0.4000,-0.5130,0.3000,0.050654,0.042210,0.050611,0.065936,0.694719,2
217.000000,1085,1429,-0.4000,-0.5130,0.3000,0.084307,0.003370,0.034536,0.084374,0.039947,2
217.200000,1086,1430,-0.4000,-0.5130,0.3000,0.084307,0.003370,0.034536,0.084374,0.039947,2
217.400000,1087,1431,-0.4000,-0.5130,0.3000,0.099033,-0.002836,0.042344,0.099074,-0.028626,2
217.600000,1088,1432,-0.4000,-0.5130,0.3000,0.098622,-0.003210,0.041432,0.098674,-0.032533,2
217.800000,1089,1433,-0.4000,-0.5130,0.3000,0.098622,-0.003210,0.041432,0.098674,-0.032533,2
218.000000,1090,1434,-0.4000,-0.5130,0.3000,0.100500,-0.006300,0.043200,0.100697,-0.062607,2
218.200000,1091,1435,-0.4000,-0.5130,0.3000,0.100500,-0.006300,0.043200,0.100697,-0.062607,2
218.400000,1092,1436,-0.4000,-0.5130,0.3000,0.099727,-0.004972,0.043374,0.099851,-0.049811,2
218.600000,1093,1437,-0.4000,-0.5130,0.3000,0.099727,-0.004972,0.043374,0.099851,-0.049811,2
218.800000,1094,1438,-0.4000,-0.5130,0.3000,0.100130,-0.005159,0.043146,0.100263,-0.051479,2
219.000000,1095,1439,-0.1000,-0.5130,0.3000,0.031586,-0.042790,0.067050,0.053185,-0.934914,2
219.200000,1096,1440,0.2000,-0.5130,0.3000,-0.156310,-0.214500,0.324360,0.265411,-2.200537,2
219.400000,1097,1441,0.5000,-0.5130,0.3000,0.052363,-0.488310,0.082304,0.491110,-1.463971,2
219.600000,1098,1442,0.8000,-0.5130,0.3000,0.386150,-0.630950,0.017510,0.739736,-1.021590,2
219.800000,1099,1443,1.1000,-0.5130,0.3000,0.638890,-0.590020,0.080605,0.869657,-0.745652,2
220.000000,1100,1444,1.4000,-0.5130,0.3000,0.818710,-0.459140,0.096433,0.938667,-0.511104,2
220.200000,1101,1445,1.7000,-0.5130,0.3000,0.805410,-0.345310,0.070725,0.876313,-0.405033,2
220.400000,1102,1446,2.0000,-0.5130,0.3000,0.724900,-0.314170,0.074269,0.790052,-0.408962,2
220.600000,1103,1447,2.3000,-0.5130,0.3000,0.627290,-0.306390,0.031495,0.698117,-0.454352,2
220.800000,1104,1448,2.6000,-0.5130,0.3000,0.214400,-0.315640,0.016448,0.381570,-0.974129,2
221.000000,1105,1449,2.9000,-0.5130,0.3000,-0.075943,-0.257440,-0.089344,0.268408,-1.857653,2
221.200000,1106,1450,2.9000,-0.8130,0.3000,0.120970,-0.618590,0.012537,0.630307,-1.377676,2
221.400000,1107,1451,2.9000,-1.1130,0.3000,0.396190,-1.226000,0.021196,1.288426,-1.258233,2
221.600000,1108,1452,2.9000,-1.4130,0.3000,0.497440,-1.108900,0.025764,1.215362,-1.149117,2
221.800000,1109,1453,3.2000,-1.4130,0.3000,0.864120,-1.056900,-0.101010,1.365189,-0.885416,2
222.000000,1110,1454,3.5000,-1.4130,0.3000,0.128490,-0.101230,-0.007281,0.163576,-0.667284,2
222.200000,1111,1455,3.8000,-1.4130,0.3000,0.115170,0.067651,0.229200,0.133569,0.531104,2
222.400000,1112,1456,4.1000,-1.4130,0.3000,0.321050,0.071026,0.167280,0.328813,0.217724,2
222.600000,1113,1457,4.4000,-1.4130,0.3000,0.479690,0.071724,0.050998,0.485022,0.148422,2
222.800000,1114,1458,4.7000,-1.4130,0.3000,0.618920,0.081766,-0.031382,0.624298,0.131350,2
223.000000,1115,1459,4.9121,-1.2009,0.3000,0.421210,0.095280,-0.367740,0.431852,0.222462,2
223.200000,1116,1460,5.1243,-0.9887,0.3000,0.094047,-0.014186,-0.207380,0.095111,-0.149711,2
223.400000,1117,1461,5.3364,-0.7766,0.3000,0.128030,-0.090432,-0.096020,0.156747,-0.614965,2
223.600000,1118,1462,5.5485,-0.5645,0.3000,0.142120,-0.098490,-0.048150,0.172911,-0.606016,2
223.800000,1119,1463,5.7607,-0.3523,0.3000,0.091798,0.024958,-0.043890,0.095130,0.265463,2
224.000000,1120,1464,5.9728,-0.1402,0.3000,0.009055,-0.081632,-0.015024,0.082133,-1.460322,2
224.200000,1121,1465,6.1849,0.0719,0.3000,0.102020,0.029628,-0.049105,0.106235,0.282639,2
224.400000,1122,1466,6.3971,0.2841,0.3000,0.073704,0.050666,-0.003552,0.089439,0.602237,2
224.600000,1123,1467,6.6092,0.4962,0.3000,0.019363,0.091373,0.069642,0.093402,1.361974,2
224.800000,1124,1468,6.8000,0.6870,0.3000,-0.006978,0.076014,0.104990,0.076334,1.662335,2
225.000000,1125,1469,6.8000,0.6870,0.3000,0.009612,0.051115,0.093151,0.052011,1.384924,2
225.200000,1126,1470,6.8000,0.6870,0.3000,0.009612,0.051115,0.093151,0.052011,1.384924,2
225.400000,1127,1471,6.8000,0.6870,0.3000,0.017347,0.062462,0.085510,0.064826,1.299902,2
225.600000,1128,1472,6.8000,0.6870,0.3000,0.017347,0.062462,0.085510,0.064826,1.299902,2
225.800000,1129,1473,6.8000,0.6870,0.3000,0.007880,0.077344,0.106910,0.077744,1.469265,2
226.000000,1130,1474,6.8000,0.6870,0.3000,0.007880,0.077344,0.106910,0.077744,1.469265,2
226.200000,1131,1475,6.8000,0.6870,0.3000,-0.010138,0.063078,0.130450,0.063888,1.730155,2
226.400000,1132,1476,6.8000,0.6870,0.3000,0.006114,0.054888,0.122160,0.055227,1.459869,2
226.600000,1133,1477,6.8000,0.6870,0.3000,0.006114,0.054888,0.122160,0.055227,1.459869,2
226.800000,1134,1478,6.8000,0.6870,0.3000,0.016432,0.063721,0.113440,0.065806,1.318421,2
227.000000,1135,1479,6.8000,0.6870,0.3000,0.016432,0.063721,0.113440,0.065806,1.318421,2
227.200000,1136,1480,6.8000,0.6870,0.3000,0.002007,0.071134,0.108650,0.071162,1.542594,2
227.400000,1137,1481,6.8000,0.6870,0.3000,0.002007,0.071134,0.108650,0.071162,1.542594,2
227.600000,1138,1482,6.8000,0.6870,0.3000,-0.113330,-0.024108,0.001798,0.115866,-2.931993,2
227.800000,1139,1483,6.8000,0.6870,0.3000,-0.113330,-0.024108,0.001798,0.115866,-2.931993,2
228.000000,1140,1484,6.8000,0.6870,0.3000,0.004500,0.063417,0.158740,0.063576,1.499956,2
228.200000,1141,1485,6.8000,0.6870,0.3000,0.004500,0.063417,0.158740,0.063576,1.499956,2
228.400000,1142,1486,6.8000,0.6870,0.3000,-0.006978,0.076014,0.104990,0.076334,1.662335,2
228.600000,1143,1487,6.8000,0.6870,0.3000,0.009612,0.051115,0.093151,0.052011,1.384924,2
228.800000,1144,1488,6.8000,0.6870,0.3000,0.009612,0.051115,0.093151,0.052011,1.384924,2
229.000000,1145,1489,6.8000,0.6870,0.3000,0.017347,0.062462,0.085510,0.064826,1.299902,2
229.200000,1146,1490,6.8000,0.6870,0.3000,0.017347,0.062462,0.085510,0.064826,1.299902,2
229.400000,1147,1491,6.8000,0.6870,0.3000,0.007880,0.077344,0.106910,0.077744,1.469265,2
229.600000,1148,1492,6.8000,0.6870,0.3000,0.007880,0.077344,0.106910,0.077744,1.469265,2
229.800000,1149,1493,6.8000,0.6870,0.3000,-0.010138,0.063078,0.130450,0.063888,1.730155,2
230.000000,1150,1494,6.8000,0.6870,0.3000,-0.010138,0.063078,0.130450,0.063888,1.730155,2
230.200000,1151,1495,6.8000,0.6870,0.3000,0.006114,0.054888,0.122160,0.055227,1.459869,2
230.400000,1152,1496,6.8000,0.6870,0.3000,0.006114,0.054888,0.122160,0.055227,1.459869,2
230.600000,1153,1497,6.8000,0.6870,0.3000,0.016432,0.063721,0.113440,0.065806,1.318421,2
230.800000,1154,1498,6.8000,0.6870,0.3000,0.002007,0.071134,0.108650,0.071162,1.542594,2
231.000000,1155,1499,6.8000,0.6870,0.3000,0.002007,0.071134,0.108650,0.071162,1.542594,2
231.200000,1156,1500,6.8000,0.6870,0.3000,-0.113330,-0.024108,0.001798,0.115866,-2.931993,2
231.400000,1157,1501,6.8000,0.6870,0.3000,-0.113330,-0.024108,0.001798,0.115866,-2.931993,2
231.600000,1158,1502,6.8000,0.6870,0.3000,0.004500,0.063417,0.158740,0.063576,1.499956,2
231.800000,1159,1503,6.8000,0.6870,0.3000,0.004500,0.063417,0.158740,0.063576,1.499956,2
232.000000,1160,1504,6.8000,0.6870,0.3000,-0.006978,0.076014,0.104990,0.076334,1.662335,2
232.200000,1161,1505,6.8000,0.6870,0.3000,-0.006978,0.076014,0.104990,0.076334,1.662335,2
232.400000,1162,1506,6.8000,0.6870,0.3000,0.009612,0.051115,0.093151,0.052011,1.384924,2
232.600000,1163,1507,6.8000,0.6870,0.3000,0.009612,0.051115,0.093151,0.052011,1.384924,2
232.800000,1164,1508,6.8000,0.6870,0.3000,0.017347,0.062462,0.085510,0.064826,1.299902,2
233.000000,1165,1509,6.8000,0.6870,0.3000,0.007880,0.077344,0.106910,0.077744,1.469265,2
233.200000,1166,1510,6.8000,0.6870,0.3000,0.007880,0.077344,0.106910,0.077744,1.469265,2
233.400000,1167,1511,6.8000,0.6870,0.3000,-0.010138,0.063078,0.130450,0.063888,1.730155,2
233.600000,1168,1512,6.8000,0.6870,0.3000,-0.010138,0.063078,0.130450,0.063888,1.730155,2
233.800000,1169,1513,6.8000,0.6870,0.3000,0.006114,0.054888,0.122160,0.055227,1.459869,2
234.000000,1170,1514,6.8000,0.6870,0.3000,0.006114,0.054888,0.122160,0.055227,1.459869,2
234.200000,1171,1515,6.8000,0.6870,0.3000,0.016432,0.063721,0.113440,0.065806,1.318421,2
234.400000,1172,1516,6.8000,0.6870,0.3000,0.016432,0.063721,0.113440,0.065806,1.318421,2
234.600000,1173,1517,6.8000,0.6870,0.3000,0.002007,0.071134,0.108650,0.071162,1.542594,2
234.800000,1174,1518,6.8000,0.6870,0.3000,0.002007,0.071134,0.108650,0.071162,1.542594,2
235.000000,1175,1519,6.8000,0.6870,0.3000,-0.113330,-0.024108,0.001798,0.115866,-2.931993,2
235.200000,1176,1520,6.8000,0.6870,0.3000,0.004500,0.063417,0.158740,0.063576,1.499956,2
235.400000,1177,1521,6.8000,0.6870,0.3000,0.004500,0.063417,0.158740,0.063576,1.499956,2
235.600000,1178,1522,6.8000,0.6870,0.3000,-0.006978,0.076014,0.104990,0.076334,1.662335,2
235.800000,1179,1523,6.8000,0.6870,0.3000,-0.006978,0.076014,0.104990,0.076334,1.662335,2
236.000000,1180,1524,6.8000,0.6870,0.3000,0.009612,0.051115,0.093151,0.052011,1.384924,2
236.200000,1181,1525,6.8000,0.6870,0.3000,0.009612,0.051115,0.093151,0.052011,1.384924,2
236.400000,1182,1526,6.8000,0.6870,0.3000,0.017347,0.062462,0.085510,0.064826,1.299902,2
236.600000,1183,1527,6.8000,0.6870,0.3000,0.017347,0.062462,0.085510,0.064826,1.299902,2
236.800000,1184,1528,6.8000,0.6870,0.3000,0.007880,0.077344,0.106910,0.077744,1.469265,2
237.000000,1185,1529,6.8000,0.6870,0.3000,0.007880,0.077344,0.106910,0.077744,1.469265,2
237.200000,1186,1530,6.8000,0.6870,0.3000,-0.010138,0.063078,0.130450,0.063888,1.730155,2
237.400000,1187,1531,6.8000,0.6870,0.3000,0.006114,0.054888,0.122160,0.055227,1.459869,2
237.600000,1188,1532,6.8000,0.6870,0.3000,0.006114,0.054888,0.122160,0.055227,1.459869,2
237.800000,1189,1533,6.8000,0.6870,0.3000,0.016432,0.063721,0.113440,0.065806,1.318421,2
238.000000,1190,1534,6.8000,0.6870,0.3000,0.016432,0.063721,0.113440,0.065806,1.318421,2
238.200000,1191,1535,6.8000,0.6870,0.3000,0.002007,0.071134,0.108650,0.071162,1.542594,2
238.400000,1192,1536,6.8000,0.6870,0.3000,0.002007,0.071134,0.108650,0.071162,1.542594,2
238.600000,1193,1537,6.8000,0.6870,0.3000,-0.113330,-0.024108,0.001798,0.115866,-2.931993,2
238.800000,1194,1538,6.8000,0.6870,0.3000,-0.113330,-0.024108,0.001798,0.115866,-2.931993,2
239.000000,1195,1539,6.8000,0.6870,0.3000,0.004500,0.063417,0.158740,0.063576,1.499956,2
239.200000,1196,1540,6.8000,0.6870,0.3000,0.004500,0.063417,0.158740,0.063576,1.499956,2
239.400000,1197,1541,6.8000,0.6870,0.3000,-0.006978,0.076014,0.104990,0.076334,1.662335,2
239.600000,1198,1542,6.8000,0.6870,0.3000,0.009612,0.051115,0.093151,0.052011,1.384924,2
239.800000,1199,1543,6.8000,0.6870,0.3000,0.009612,0.051115,0.093151,0.052011,1.384924,2
240.000000,1200,1544,6.8000,0.6870,0.3000,0.017347,0.062462,0.085510,0.064826,1.299902,2
240.200000,1201,1545,6.8000,0.6870,0.3000,0.017347,0.062462,0.085510,0.064826,1.299902,2
240.400000,1202,1546,6.8000,0.6870,0.3000,0.007880,0.077344,0.106910,0.077744,1.469265,2
240.600000,1203,1547,6.8000,0.6870,0.3000,0.007880,0.077344,0.106910,0.077744,1.469265,2
240.800000,1204,1548,6.8000,0.6870,0.3000,-0.010138,0.063078,0.130450,0.063888,1.730155,2
241.000000,1205,1549,6.5000,0.6870,0.3000,-0.022187,0.072245,0.109430,0.075575,1.868761,2
241.200000,1206,1550,6.2000,0.6870,0.3000,-0.052938,0.010014,0.125190,0.053877,2.954637,2
241.400000,1207,1551,5.9000,0.6870,0.3000,-0.028708,-0.005070,0.099530,0.029152,-2.966789,2
241.600000,1208,1552,5.9000,0.6870,0.3000,-0.035624,0.015504,0.082252,0.038852,2.731104,2
241.800000,1209,1553,5.9000,0.6870,0.3000,-0.020177,0.028081,0.097134,0.034578,2.193850,2
242.000000,1210,1554,5.9000,0.6870,0.3000,-0.020177,0.028081,0.097134,0.034578,2.193850,2
242.200000,1211,1555,5.9000,0.6870,0.3000,-0.124380,-0.084933,0.009462,0.150612,-2.542469,2
242.400000,1212,1556,5.9000,0.6870,0.3000,-0.124380,-0.084933,0.009462,0.150612,-2.542469,2
242.600000,1213,1557,5.9000,0.6870,0.3000,-0.072890,0.017446,0.137180,0.074949,2.906665,2
242.800000,1214,1558,5.9000,0.6870,0.3000,-0.072890,0.017446,0.137180,0.074949,2.906665,2
243.000000,1215,1559,5.9000,0.6870,0.3000,-0.021490,0.030551,0.126640,0.037352,2.183810,2
243.200000,1216,1560,5.9000,0.6870,0.3000,-0.021490,0.030551,0.126640,0.037352,2.183810,2
243.400000,1217,1561,5.9000,0.6870,0.3000,-0.052880,0.043307,0.105830,0.068350,2.455393,2
243.600000,1218,1562,5.9000,0.6870,0.3000,-0.052880,0.043307,0.105830,0.068350,2.455393,2
243.800000,1219,1563,5.9000,0.6870,0.3000,-0.004894,0.022189,0.101200,0.022722,1.787872,2
244.000000,1220,1564,5.9000,0.6870,0.3000,-0.008822,0.024346,0.114620,0.025895,1.918424,2
244.200000,1221,1565,5.9000,0.6870,0.3000,-0.008822,0.024346,0.114620,0.025895,1.918424,2
244.400000,1222,1566,5.9000,0.6870,0.3000,-0.021760,0.000090,0.107070,0.021760,3.137438,2
244.600000,1223,1567,5.9000,0.6870,0.3000,-0.021760,0.000090,0.107070,0.021760,3.137438,2
244.800000,1224,1568,5.9000,0.6870,0.3000,-0.028708,-0.005070,0.099530,0.029152,-2.966789,2
245.000000,1225,1569,5.9000,0.6870,0.3000,-0.028708,-0.005070,0.099530,0.029152,-2.966789,2
245.200000,1226,1570,5.9000,0.6870,0.3000,-0.035624,0.015504,0.082252,0.038852,2.731104,2
245.400000,1227,1571,5.9000,0.6870,0.3000,-0.035624,0.015504,0.082252,0.038852,2.731104,2
245.600000,1228,1572,5.9000,0.6870,0.3000,-0.020177,0.028081,0.097134,0.034578,2.193850,2
245.800000,1229,1573,5.9000,0.6870,0.3000,-0.020177,0.028081,0.097134,0.034578,2.193850,2
246.000000,1230,1574,5.9000,0.6870,0.3000,-0.124380,-0.084933,0.009462,0.150612,-2.542469,2
246.200000,1231,1575,5.9000,0.6870,0.3000,-0.072890,0.017446,0.137180,0.074949,2.906665,2
246.400000,1232,1576,5.9000,0.6870,0.3000,-0.072890,0.017446,0.137180,0.074949,2.906665,2
246.600000,1233,1577,5.9000,0.6870,0.3000,-0.021490,0.030551,0.126640,0.037352,2.183810,2
246.800000,1234,1578,5.9000,0.6870,0.3000,-0.021490,0.030551,0.126640,0.037352,2.183810,2
247.000000,1235,1579,5.9000,0.6870,0.3000,-0.052880,0.043307,0.105830,0.068350,2.455393,2
247.200000,1236,1580,5.9000,0.6870,0.3000,-0.052880,0.043307,0.105830,0.068350,2.455393,2
247.400000,1237,1581,5.9000,0.6870,0.3000,-0.004894,0.022189,0.101200,0.022722,1.787872,2
247.600000,1238,1582,5.9000,0.6870,0.3000,-0.004894,0.022189,0.101200,0.022722,1.787872,2
247.800000,1239,1583,5.9000,0.6870,0.3000,-0.008822,0.024346,0.114620,0.025895,1.918424,2
248.000000,1240,1584,5.9000,0.6870,0.3000,-0.008822,0.024346,0.114620,0.025895,1.918424,2
248.200000,1241,1585,5.9000,0.6870,0.3000,-0.021760,0.000090,0.107070,0.021760,3.137438,2
248.400000,1242,1586,5.9000,0.6870,0.3000,-0.028708,-0.005070,0.099530,0.029152,-2.966789,2
248.600000,1243,1587,5.9000,0.6870,0.3000,-0.028708,-0.005070,0.099530,0.029152,-2.966789,2
248.800000,1244,1588,5.9000,0.6870,0.3000,-0.035624,0.015504,0.082252,0.038852,2.731104,2
249.000000,1245,1589,5.9000,0.6870,0.3000,-0.035624,0.015504,0.082252,0.038852,2.731104,2
249.200000,1246,1590,5.9000,0.6870,0.3000,-0.020177,0.028081,0.097134,0.034578,2.193850,2
249.400000,1247,1591,5.9000,0.6870,0.3000,-0.020177,0.028081,0.097134,0.034578,2.193850,2
249.600000,1248,1592,5.9000,0.6870,0.3000,-0.124380,-0.084933,0.009462,0.150612,-2.542469,2
249.800000,1249,1593,5.9000,0.6870,0.3000,-0.124380,-0.084933,0.009462,0.150612,-2.542469,2
250.000000,1250,1594,5.9000,0.6870,0.3000,-0.072890,0.017446,0.137180,0.074949,2.906665,2
250.200000,1251,1595,5.9000,0.6870,0.3000,-0.072890,0.017446,0.137180,0.074949,2.906665,2
250.400000,1252,1596,5.9000,0.6870,0.3000,-0.021490,0.030551,0.126640,0.037352,2.183810,2
250.600000,1253,1597,5.9000,0.6870,0.3000,-0.052880,0.043307,0.105830,0.068350,2.455393,2
250.800000,1254,1598,5.9000,0.6870,0.3000,-0.052880,0.043307,0.105830,0.068350,2.455393,2
251.000000,1255,1599,5.9000,0.6870,0.3000,-0.004894,0.022189,0.101200,0.022722,1.787872,2
251.200000,1256,1600,5.9000,0.6870,0.3000,-0.004894,0.022189,0.101200,0.022722,1.787872,2
251.400000,1257,1601,5.9000,0.6870,0.3000,-0.008822,0.024346,0.114620,0.025895,1.918424,2
251.600000,1258,1602,5.9000,0.6870,0.3000,-0.008822,0.024346,0.114620,0.025895,1.918424,2
251.800000,1259,1603,5.9000,0.6870,0.3000,-0.021760,0.000090,0.107070,0.021760,3.137438,2
252.000000,1260,1604,5.9000,0.6870,0.3000,-0.021760,0.000090,0.107070,0.021760,3.137438,2
252.200000,1261,1605,5.9000,0.6870,0.3000,-0.028708,-0.005070,0.099530,0.029152,-2.966789,2
252.400000,1262,1606,5.9000,0.6870,0.3000,-0.028708,-0.005070,0.099530,0.029152,-2.966789,2
252.600000,1263,1607,5.9000,0.6870,0.3000,-0.035624,0.015504,0.082252,0.038852,2.731104,2
252.800000,1264,1608,5.9000,0.6870,0.3000,-0.020177,0.028081,0.097134,0.034578,2.193850,2
253.000000,1265,1609,5.9000,0.6870,0.3000,-0.020177,0.028081,0.097134,0.034578,2.193850,2
253.200000,1266,1610,5.9000,0.6870,0.3000,-0.124380,-0.084933,0.009462,0.150612,-2.542469,2
253.400000,1267,1611,5.9000,0.6870,0.3000,-0.124380,-0.084933,0.009462,0.150612,-2.542469,2
253.600000,1268,1612,5.9000,0.6870,0.3000,-0.072890,0.017446,0.137180,0.074949,2.906665,2
253.800000,1269,1613,5.9000,0.6870,0.3000,-0.072890,0.017446,0.137180,0.074949,2.906665,2
254.000000,1270,1614,5.9000,0.6870,0.3000,-0.021490,0.030551,0.126640,0.037352,2.183810,2
254.200000,1271,1615,5.9000,0.6870,0.3000,-0.021490,0.030551,0.126640,0.037352,2.183810,2
254.400000,1272,1616,5.9000,0.6870,0.3000,-0.052880,0.043307,0.105830,0.068350,2.455393,2
254.600000,1273,1617,5.9000,0.6870,0.3000,-0.052880,0.043307,0.105830,0.068350,2.455393,2
254.800000,1274,1618,5.9000,0.6870,0.3000,-0.004894,0.022189,0.101200,0.022722,1.787872,2
255.000000,1275,1619,5.9000,0.6870,0.3000,-0.008822,0.024346,0.114620,0.025895,1.918424,2
255.200000,1276,1620,5.9000,0.6870,0.3000,-0.008822,0.024346,0.114620,0.025895,1.918424,2
255.400000,1277,1621,5.9000,0.6870,0.3000,-0.021760,0.000090,0.107070,0.021760,3.137438,2
255.600000,1278,1622,5.9000,0.6870,0.3000,-0.021760,0.000090,0.107070,0.021760,3.137438,2
255.800000,1279,1623,5.9000,0.6870,0.3000,-0.028708,-0.005070,0.099530,0.029152,-2.966789,2
256.000000,1280,1624,5.9000,0.6870,0.3000,-0.028708,-0.005070,0.099530,0.029152,-2.966789,2
256.200000,1281,1625,5.9000,0.6870,0.3000,-0.035624,0.015504,0.082252,0.038852,2.731104,2
256.400000,1282,1626,5.9000,0.6870,0.3000,-0.035624,0.015504,0.082252,0.038852,2.731104,2
256.600000,1283,1627,5.9000,0.6870,0.3000,-0.020177,0.028081,0.097134,0.034578,2.193850,2
256.800000,1284,1628,5.9000,0.6870,0.3000,-0.020177,0.028081,0.097134,0.034578,2.193850,2
257.000000,1285,1629,5.9000,0.6870,0.3000,-0.124380,-0.084933,0.009462,0.150612,-2.542469,2
257.200000,1286,1630,5.9000,0.6870,0.3000,-0.072890,0.017446,0.137180,0.074949,2.906665,2
257.400000,1287,1631,5.9000,0.6870,0.3000,-0.072890,0.017446,0.137180,0.074949,2.906665,2
257.600000,1288,1632,5.9000,0.6870,0.3000,-0.021490,0.030551,0.126640,0.037352,2.183810,2
257.800000,1289,1633,5.6000,0.6870,0.3000,-0.043735,-0.008985,0.156580,0.044648,-2.938968,2
258.000000,1290,1634,5.3879,0.4749,0.3000,-0.004595,-0.095997,0.048550,0.096107,-1.618625,2
258.200000,1291,1635,5.3000,0.3870,0.3000,-0.005198,-0.132560,0.094597,0.132662,-1.609990,2
258.400000,1292,1636,5.3000,0.3870,0.3000,-0.022280,-0.118250,0.065662,0.120331,-1.757027,2
258.600000,1293,1637,5.3000,0.3870,0.3000,-0.022280,-0.118250,0.065662,0.120331,-1.757027,2
258.800000,1294,1638,5.3000,0.3870,0.3000,-0.029735,-0.133420,0.080794,0.136693,-1.790080,2
259.000000,1295,1639,5.3000,0.3870,0.3000,-0.029735,-0.133420,0.080794,0.136693,-1.790080,2
259.200000,1296,1640,5.3000,0.3870,0.3000,-0.008669,-0.152490,0.074853,0.152736,-1.627587,2
259.400000,1297,1641,5.3000,0.3870,0.3000,-0.011144,-0.150710,0.101030,0.151121,-1.644605,2
259.600000,1298,1642,5.3000,0.3870,0.3000,-0.011144,-0.150710,0.101030,0.151121,-1.644605,2
259.800000,1299,1643,5.3000,0.3870,0.3000,-0.020419,-0.160370,0.146090,0.161665,-1.697439,2
260.000000,1300,1644,5.3000,0.3870,0.3000,-0.020419,-0.160370,0.146090,0.161665,-1.697439,2
260.200000,1301,1645,5.3000,0.3870,0.3000,-0.023321,-0.154260,0.113550,0.156013,-1.720840,2
260.400000,1302,1646,5.3000,0.3870,0.3000,-0.023321,-0.154260,0.113550,0.156013,-1.720840,2
260.600000,1303,1647,5.3000,0.3870,0.3000,-0.101710,-0.167090,-0.001529,0.195612,-2.117598,2
260.800000,1304,1648,5.3000,0.3870,0.3000,-0.101710,-0.167090,-0.001529,0.195612,-2.117598,2
261.000000,1305,1649,5.3000,0.3870,0.3000,-0.102620,-0.227420,0.114800,0.249501,-1.994677,2
261.200000,1306,1650,5.3000,0.3870,0.3000,-0.102620,-0.227420,0.114800,0.249501,-1.994677,2
261.400000,1307,1651,5.3000,0.3870,0.3000,-0.023915,-0.190480,0.163100,0.191975,-1.695694,2
261.600000,1308,1652,5.3000,0.3870,0.3000,-0.005198,-0.132560,0.094597,0.132662,-1.609990,2
261.800000,1309,1653,5.3000,0.3870,0.3000,-0.005198,-0.132560,0.094597,0.132662,-1.609990,2
262.000000,1310,1654,5.3000,0.3870,0.3000,-0.022280,-0.118250,0.065662,0.120331,-1.757027,2
262.200000,1311,1655,5.3000,0.3870,0.3000,-0.022280,-0.118250,0.065662,0.120331,-1.757027,2
262.400000,1312,1656,5.3000,0.3870,0.3000,-0.029735,-0.133420,0.080794,0.136693,-1.790080,2
262.600000,1313,1657,5.3000,0.3870,0.3000,-0.029735,-0.133420,0.080794,0.136693,-1.790080,2
262.800000,1314,1658,5.3000,0.3870,0.3000,-0.008669,-0.152490,0.074853,0.152736,-1.627587,2
263.000000,1315,1659,5.3000,0.3870,0.3000,-0.008669,-0.152490,0.074853,0.152736,-1.627587,2
263.200000,1316,1660,5.3000,0.3870,0.3000,-0.011144,-0.150710,0.101030,0.151121,-1.644605,2
263.400000,1317,1661,5.3000,0.3870,0.3000,-0.011144,-0.150710,0.101030,0.151121,-1.644605,2
263.600000,1318,1662,5.3000,0.3870,0.3000,-0.020419,-0.160370,0.146090,0.161665,-1.697439,2
263.800000,1319,1663,5.3000,0.3870,0.3000,-0.023321,-0.154260,0.113550,0.156013,-1.720840,2
264.000000,1320,1664,5.3000,0.3870,0.3000,-0.023321,-0.154260,0.113550,0.156013,-1.720840,2
264.200000,1321,1665,5.3000,0.3870,0.3000,-0.101710,-0.167090,-0.001529,0.195612,-2.117598,2
264.400000,1322,1666,5.3000,0.3870,0.3000,-0.101710,-0.167090,-0.001529,0.195612,-2.117598,2
264.600000,1323,1667,5.3000,0.3870,0.3000,-0.102620,-0.227420,0.114800,0.249501,-1.994677,2
264.800000,1324,1668,5.3000,0.3870,0.3000,-0.102620,-0.227420,0.114800,0.249501,-1.994677,2
265.000000,1325,1669,5.3000,0.3870,0.3000,-0.023915,-0.190480,0.163100,0.191975,-1.695694,2
265.200000,1326,1670,5.3000,0.3870,0.3000,-0.023915,-0.190480,0.163100,0.191975,-1.695694,2
265.400000,1327,1671,5.3000,0.3870,0.3000,-0.005198,-0.132560,0.094597,0.132662,-1.609990,2
265.600000,1328,1672,5.3000,0.3870,0.3000,-0.005198,-0.132560,0.094597,0.132662,-1.609990,2
265.800000,1329,1673,5.3000,0.3870,0.3000,-0.022280,-0.118250,0.065662,0.120331,-1.757027,2
266.000000,1330,1674,5.3000,0.3870,0.3000,-0.029735,-0.133420,0.080794,0.136693,-1.790080,2
266.200000,1331,1675,5.3000,0.3870,0.3000,-0.029735,-0.133420,0.080794,0.136693,-1.790080,2
266.400000,1332,1676,5.3000,0.3870,0.3000,-0.008669,-0.152490,0.074853,0.152736,-1.627587,2
266.600000,1333,1677,5.3000,0.3870,0.3000,-0.008669,-0.152490,0.074853,0.152736,-1.627587,2
266.800000,1334,1678,5.3000,0.3870,0.3000,-0.011144,-0.150710,0.101030,0.151121,-1.644605,2
267.000000,1335,1679,5.3000,0.3870,0.3000,-0.011144,-0.150710,0.101030,0.151121,-1.644605,2
267.200000,1336,1680,5.3000,0.3870,0.3000,-0.020419,-0.160370,0.146090,0.161665,-1.697439,2
267.400000,1337,1681,5.3000,0.3870,0.3000,-0.020419,-0.160370,0.146090,0.161665,-1.697439,2
267.600000,1338,1682,5.3000,0.3870,0.3000,-0.023321,-0.154260,0.113550,0.156013,-1.720840,2
267.800000,1339,1683,5.3000,0.3870,0.3000,-0.023321,-0.154260,0.113550,0.156013,-1.720840,2
268.000000,1340,1684,5.3000,0.3870,0.3000,-0.101710,-0.167090,-0.001529,0.195612,-2.117598,2
268.200000,1341,1685,5.3000,0.3870,0.3000,-0.102620,-0.227420,0.114800,0.249501,-1.994677,2
268.400000,1342,1686,5.3000,0.3870,0.3000,-0.102620,-0.227420,0.114800,0.249501,-1.994677,2
268.600000,1343,1687,5.3000,0.3870,0.3000,-0.023915,-0.190480,0.163100,0.191975,-1.695694,2
268.800000,1344,1688,5.3000,0.3870,0.3000,-0.023915,-0.190480,0.163100,0.191975,-1.695694,2
269.000000,1345,1689,5.3000,0.3870,0.3000,-0.005198,-0.132560,0.094597,0.132662,-1.609990,2
269.200000,1346,1690,5.3000,0.3870,0.3000,-0.005198,-0.132560,0.094597,0.132662,-1.609990,2
269.400000,1347,1691,5.3000,0.3870,0.3000,-0.022280,-0.118250,0.065662,0.120331,-1.757027,2
269.600000,1348,1692,5.3000,0.3870,0.3000,-0.022280,-0.118250,0.065662,0.120331,-1.757027,2
269.800000,1349,1693,5.3000,0.3870,0.3000,-0.029735,-0.133420,0.080794,0.136693,-1.790080,2
270.000000,1350,1694,5.3000,0.3870,0.3000,-0.029735,-0.133420,0.080794,0.136693,-1.790080,2
270.200000,1351,1695,5.3000,0.3870,0.3000,-0.008669,-0.152490,0.074853,0.152736,-1.627587,2
270.400000,1352,1696,5.3000,0.3870,0.3000,-0.011144,-0.150710,0.101030,0.151121,-1.644605,2
270.600000,1353,1697,5.3000,0.3870,0.3000,-0.011144,-0.150710,0.101030,0.151121,-1.644605,2
270.800000,1354,1698,5.3000,0.3870,0.3000,-0.020419,-0.160370,0.146090,0.161665,-1.697439,2
271.000000,1355,1699,5.3000,0.3870,0.3000,-0.020419,-0.160370,0.146090,0.161665,-1.697439,2
271.200000,1356,1700,5.3000,0.3870,0.3000,-0.023321,-0.154260,0.113550,0.156013,-1.720840,2
271.400000,1357,1701,5.3000,0.3870,0.3000,-0.023321,-0.154260,0.113550,0.156013,-1.720840,2
271.600000,1358,1702,5.3000,0.3870,0.3000,-0.101710,-0.167090,-0.001529,0.195612,-2.117598,2
271.800000,1359,1703,5.3000,0.3870,0.3000,-0.101710,-0.167090,-0.001529,0.195612,-2.117598,2
272.000000,1360,1704,5.3000,0.3870,0.3000,-0.102620,-0.227420,0.114800,0.249501,-1.994677,2
272.200000,1361,1705,5.3000,0.3870,0.3000,-0.102620,-0.227420,0.114800,0.249501,-1.994677,2
272.400000,1362,1706,5.3000,0.3870,0.3000,-0.023915,-0.190480,0.163100,0.191975,-1.695694,2
272.600000,1363,1707,5.3000,0.3870,0.3000,-0.005198,-0.132560,0.094597,0.132662,-1.609990,2
272.800000,1364,1708,5.3000,0.3870,0.3000,-0.005198,-0.132560,0.094597,0.132662,-1.609990,2
273.000000,1365,1709,5.3000,0.3870,0.3000,-0.022280,-0.118250,0.065662,0.120331,-1.757027,2
273.200000,1366,1710,5.3000,0.3870,0.3000,-0.022280,-0.118250,0.065662,0.120331,-1.757027,2
273.400000,1367,1711,5.3000,0.3870,0.3000,-0.029735,-0.133420,0.080794,0.136693,-1.790080,2
273.600000,1368,1712,5.3000,0.3870,0.3000,-0.029735,-0.133420,0.080794,0.136693,-1.790080,2
273.800000,1369,1713,5.3000,0.3870,0.3000,-0.008669,-0.152490,0.074853,0.152736,-1.627587,2
274.000000,1370,1714,5.3000,0.3870,0.3000,-0.008669,-0.152490,0.074853,0.152736,-1.627587,2
274.200000,1371,1715,5.3000,0.3870,0.3000,-0.011144,-0.150710,0.101030,0.151121,-1.644605,2
274.400000,1372,1716,5.6000,0.3870,0.3000,0.033775,-0.050264,0.119510,0.060558,-0.979143,2
274.600000,1373,1717,5.9000,0.3870,0.3000,0.053179,0.025934,0.109650,0.059166,0.453738,2
274.800000,1374,1718,6.2000,0.3870,0.3000,0.069220,0.041050,0.082528,0.080477,0.535284,2
275.000000,1375,1719,6.4121,0.1749,0.3000,0.049427,0.071037,0.045330,0.086541,0.962900,2
275.200000,1376,1720,6.6243,-0.0373,0.3000,-0.003819,-0.043366,-0.013890,0.043534,-1.658639,2
275.400000,1377,1721,6.8364,-0.2494,0.3000,0.020448,-0.032209,-0.012651,0.038152,-1.005143,2
275.600000,1378,1722,7.0485,-0.4615,0.3000,0.188310,0.021481,-0.011055,0.189531,0.113582,2
275.800000,1379,1723,7.2607,-0.6737,0.3000,0.259410,0.049982,-0.032967,0.264181,0.190343,2
276.000000,1380,1724,7.4728,-0.8858,0.3000,0.469880,0.237010,-0.074274,0.526271,0.467166,2
276.200000,1381,1725,7.6849,-1.0979,0.3000,0.753720,0.265990,-0.008245,0.799277,0.339259,2
276.400000,1382,1726,7.7000,-1.1130,0.3000,0.773040,0.238780,0.072222,0.809078,0.299588,2
276.600000,1383,1727,7.7000,-1.1130,0.3000,0.773040,0.238780,0.072222,0.809078,0.299588,2
276.800000,1384,1728,7.7000,-1.1130,0.3000,0.773350,0.237720,0.040018,0.809062,0.298223,2
277.000000,1385,1729,7.7000,-1.1130,0.3000,0.753380,0.276600,-0.008651,0.802552,0.351867,2
277.200000,1386,1730,7.7000,-1.1130,0.3000,0.753380,0.276600,-0.008651,0.802552,0.351867,2
277.400000,1387,1731,7.7000,-1.1130,0.3000,0.802640,0.274450,0.006835,0.848265,0.329471,2
277.600000,1388,1732,7.7000,-1.1130,0.3000,0.802640,0.274450,0.006835,0.848265,0.329471,2
277.800000,1389,1733,7.7000,-1.1130,0.3000,0.762980,0.256410,0.045535,0.804913,0.324206,2
278.000000,1390,1734,7.7000,-1.1130,0.3000,0.762980,0.256410,0.045535,0.804913,0.324206,2
278.200000,1391,1735,7.7000,-1.1130,0.3000,0.755110,0.274420,-0.026454,0.803429,0.348577,2
278.400000,1392,1736,7.7000,-1.1130,0.3000,0.755110,0.274420,-0.026454,0.803429,0.348577,2
278.600000,1393,1737,7.7000,-1.1130,0.3000,0.789520,0.254100,0.063128,0.829403,0.311372,2
278.800000,1394,1738,7.7000,-1.1130,0.3000,0.789520,0.254100,0.063128,0.829403,0.311372,2
279.000000,1395,1739,7.7000,-1.1130,0.3000,0.559450,0.115810,0.026637,0.571311,0.204124,2
279.200000,1396,1740,7.7000,-1.1130,0.3000,0.692960,0.173980,-0.026425,0.714467,0.245983,2
279.400000,1397,1741,7.7000,-1.1130,0.3000,0.692960,0.173980,-0.026425,0.714467,0.245983,2
279.600000,1398,1742,7.7000,-1.1130,0.3000,0.753720,0.265990,-0.008245,0.799277,0.339259,2
279.800000,1399,1743,7.7000,-1.1130,0.3000,0.753720,0.265990,-0.008245,0.799277,0.339259,2
280.000000,1400,1744,7.7000,-1.1130,0.3000,0.773040,0.238780,0.072222,0.809078,0.299588,2
280.200000,1401,1745,7.7000,-1.1130,0.3000,0.773040,0.238780,0.072222,0.809078,0.299588,2
280.400000,1402,1746,7.7000,-1.1130,0.3000,0.773350,0.237720,0.040018,0.809062,0.298223,2
280.600000,1403,1747,7.7000,-1.1130,0.3000,0.773350,0.237720,0.040018,0.809062,0.298223,2
280.800000,1404,1748,7.7000,-1.1130,0.3000,0.753380,0.276600,-0.008651,0.802552,0.351867,2
281.000000,1405,1749,7.7000,-1.1130,0.3000,0.753380,0.276600,-0.008651,0.802552,0.351867,2
281.200000,1406,1750,7.7000,-1.1130,0.3000,0.802640,0.274450,0.006835,0.848265,0.329471,2
281.400000,1407,1751,7.7000,-1.1130,0.3000,0.762980,0.256410,0.045535,0.804913,0.324206,2
281.600000,1408,1752,7.7000,-1.1130,0.3000,0.762980,0.256410,0.045535,0.804913,0.324206,2
281.800000,1409,1753,7.7000,-1.1130,0.3000,0.755110,0.274420,-0.026454,0.803429,0.348577,2
282.000000,1410,1754,7.7000,-1.1130,0.3000,0.755110,0.274420,-0.026454,0.803429,0.348577,2
282.200000,1411,1755,7.7000,-1.1130,0.3000,0.789520,0.254100,0.063128,0.829403,0.311372,2
282.400000,1412,1756,7.7000,-1.1130,0.3000,0.789520,0.254100,0.063128,0.829403,0.311372,2
282.600000,1413,1757,7.7000,-1.1130,0.3000,0.559450,0.115810,0.026637,0.571311,0.204124,2
282.800000,1414,1758,7.7000,-1.1130,0.3000,0.559450,0.115810,0.026637,0.571311,0.204124,2
283.000000,1415,1759,7.7000,-1.1130,0.3000,0.692960,0.173980,-0.026425,0.714467,0.245983,2
283.200000,1416,1760,7.7000,-1.1130,0.3000,0.692960,0.173980,-0.026425,0.714467,0.245983,2
283.400000,1417,1761,7.7000,-1.1130,0.3000,0.753720,0.265990,-0.008245,0.799277,0.339259,2
283.600000,1418,1762,7.7000,-1.1130,0.3000,0.773040,0.238780,0.072222,0.809078,0.299588,2
283.800000,1419,1763,7.7000,-1.1130,0.3000,0.773040,0.238780,0.072222,0.809078,0.299588,2
284.000000,1420,1764,7.7000,-1.1130,0.3000,0.773350,0.237720,0.040018,0.809062,0.298223,2
284.200000,1421,1765,7.7000,-1.1130,0.3000,0.773350,0.237720,0.040018,0.809062,0.298223,2
284.400000,1422,1766,7.7000,-1.1130,0.3000,0.753380,0.276600,-0.008651,0.802552,0.351867,2
284.600000,1423,1767,7.7000,-1.1130,0.3000,0.753380,0.276600,-0.008651,0.802552,0.351867,2
284.800000,1424,1768,7.7000,-1.1130,0.3000,0.802640,0.274450,0.006835,0.848265,0.329471,2
285.000000,1425,1769,7.7000,-1.1130,0.3000,0.802640,0.274450,0.006835,0.848265,0.329471,2
285.200000,1426,1770,7.7000,-1.1130,0.3000,0.762980,0.256410,0.045535,0.804913,0.324206,2
285.400000,1427,1771,7.7000,-1.1130,0.3000,0.762980,0.256410,0.045535,0.804913,0.324206,2
285.600000,1428,1772,7.7000,-1.1130,0.3000,0.755110,0.274420,-0.026454,0.803429,0.348577,2
285.800000,1429,1773,7.7000,-1.1130,0.3000,0.789520,0.254100,0.063128,0.829403,0.311372,2
286.000000,1430,1774,7.7000,-1.1130,0.3000,0.789520,0.254100,0.063128,0.829403,0.311372,2
286.200000,1431,1775,7.7000,-1.1130,0.3000,0.559450,0.115810,0.026637,0.571311,0.204124,2
286.400000,1432,1776,7.7000,-1.1130,0.3000,0.559450,0.115810,0.026637,0.571311,0.204124,2
286.600000,1433,1777,7.7000,-1.1130,0.3000,0.692960,0.173980,-0.026425,0.714467,0.245983,2
286.800000,1434,1778,7.7000,-1.1130,0.3000,0.692960,0.173980,-0.026425,0.714467,0.245983,2
287.000000,1435,1779,7.7000,-1.1130,0.3000,0.753720,0.265990,-0.008245,0.799277,0.339259,2
287.200000,1436,1780,7.7000,-1.1130,0.3000,0.753720,0.265990,-0.008245,0.799277,0.339259,2
287.400000,1437,1781,7.7000,-1.1130,0.3000,0.773040,0.238780,0.072222,0.809078,0.299588,2
287.600000,1438,1782,7.7000,-1.1130,0.3000,0.773040,0.238780,0.072222,0.809078,0.299588,2
287.800000,1439,1783,7.7000,-1.1130,0.3000,0.773350,0.237720,0.040018,0.809062,0.298223,2
288.000000,1440,1784,7.7000,-1.1130,0.3000,0.753380,0.276600,-0.008651,0.802552,0.351867,2
288.200000,1441,1785,7.7000,-1.1130,0.3000,0.753380,0.276600,-0.008651,0.802552,0.351867,2
288.400000,1442,1786,7.7000,-1.1130,0.3000,0.802640,0.274450,0.006835,0.848265,0.329471,2
288.600000,1443,1787,7.7000,-1.1130,0.3000,0.802640,0.274450,0.006835,0.848265,0.329471,2
288.800000,1444,1788,7.7000,-1.1130,0.3000,0.762980,0.256410,0.045535,0.804913,0.324206,2
289.000000,1445,1789,7.7000,-1.1130,0.3000,0.762980,0.256410,0.045535,0.804913,0.324206,2
289.200000,1446,1790,7.7000,-1.1130,0.3000,0.755110,0.274420,-0.026454,0.803429,0.348577,2
289.400000,1447,1791,7.7000,-1.1130,0.3000,0.755110,0.274420,-0.026454,0.803429,0.348577,2
289.600000,1448,1792,7.7000,-1.1130,0.3000,0.789520,0.254100,0.063128,0.829403,0.311372,2
289.800000,1449,1793,7.7000,-1.1130,0.3000,0.789520,0.254100,0.063128,0.829403,0.311372,2
290.000000,1450,1794,7.7000,-1.1130,0.3000,0.559450,0.115810,0.026637,0.571311,0.204124,2
290.200000,1451,1795,7.7000,-1.1130,0.3000,0.692960,0.173980,-0.026425,0.714467,0.245983,2
290.400000,1452,1796,7.7000,-1.1130,0.3000,0.692960,0.173980,-0.026425,0.714467,0.245983,2
290.600000,1453,1797,7.7000,-1.1130,0.3000,0.753720,0.265990,-0.008245,0.799277,0.339259,2
290.800000,1454,1798,7.7000,-1.1130,0.3000,0.753720,0.265990,-0.008245,0.799277,0.339259,2
291.000000,1455,1799,7.7000,-1.1130,0.3000,0.773040,0.238780,0.072222,0.809078,0.299588,2
291.200000,1456,1800,7.7000,-1.1130,0.3000,0.773040,0.238780,0.072222,0.809078,0.299588,2
291.400000,1457,0,7.7000,-1.1130,0.3000,0.143880,0.033516,0.015475,0.147732,0.228863,2
291.600000,1458,1,7.7000,-1.1130,0.3000,0.143880,0.033516,0.015475,0.147732,0.228863,2
291.800000,1459,2,7.7000,-1.1130,0.3000,0.559450,0.115810,0.026637,0.571311,0.204124,2
292.000000,1460,3,7.7000,-1.1130,0.3000,0.559450,0.115810,0.026637,0.571311,0.204124,2
292.200000,1461,4,7.7000,-1.1130,0.3000,0.692960,0.173980,-0.026425,0.714467,0.245983,2
292.400000,1462,5,7.7000,-1.1130,0.3000,0.692960,0.173980,-0.026425,0.714467,0.245983,2
292.600000,1463,6,8.0000,-1.1130,0.3000,0.840340,0.304120,0.100650,0.893678,0.347238,2
292.800000,1464,7,8.3000,-1.1130,0.3000,0.918270,0.311570,0.238780,0.969688,0.327112,2
293.000000,1465,8,8.5121,-1.3251,0.3000,0.998340,0.176940,0.263200,1.013899,0.175413,2
293.200000,1466,9,8.6000,-1.4130,0.3000,1.062800,0.132620,0.262460,1.071042,0.124142,2
293.400000,1467,10,8.6000,-1.4130,0.3000,1.058800,0.133520,0.291190,1.067186,0.125443,2
293.600000,1468,11,8.6000,-1.4130,0.3000,1.058800,0.133520,0.291190,1.067186,0.125443,2
293.800000,1469,12,8.6000,-1.4130,0.3000,1.110700,0.143760,0.289240,1.119965,0.128716,2
294.000000,1470,13,8.6000,-1.4130,0.3000,1.097900,0.136350,0.273390,1.106334,0.123559,2
294.200000,1471,14,8.6000,-1.4130,0.3000,1.097900,0.136350,0.273390,1.106334,0.123559,2
294.400000,1472,15,8.6000,-1.4130,0.3000,1.106000,0.133900,0.253630,1.114076,0.120481,2
294.600000,1473,16,8.6000,-1.4130,0.3000,1.106000,0.133900,0.253630,1.114076,0.120481,2
294.800000,1474,17,8.6000,-1.4130,0.3000,1.115100,0.140620,0.292860,1.123932,0.125443,2
295.000000,1475,18,8.6000,-1.4130,0.3000,1.115100,0.140620,0.292860,1.123932,0.125443,2
295.200000,1476,19,8.6000,-1.4130,0.3000,1.102400,0.131500,0.254920,1.110215,0.118724,2
295.400000,1477,20,8.6000,-1.4130,0.3000,1.102400,0.131500,0.254920,1.110215,0.118724,2
295.600000,1478,21,8.6000,-1.4130,0.3000,0.833840,0.154370,0.255910,0.848009,0.183059,2
295.800000,1479,22,8.6000,-1.4130,0.3000,0.833840,0.154370,0.255910,0.848009,0.183059,2
296.000000,1480,23,8.6000,-1.4130,0.3000,1.116500,0.138670,0.219690,1.125079,0.123568,2
296.200000,1481,24,8.6000,-1.4130,0.3000,1.116500,0.138670,0.219690,1.125079,0.123568,2
296.400000,1482,25,8.6000,-1.4130,0.3000,1.154800,0.160790,0.257000,1.165940,0.138347,2
296.600000,1483,26,8.6000,-1.4130,0.3000,1.154800,0.160790,0.257000,1.165940,0.138347,2
296.800000,1484,27,8.6000,-1.4130,0.3000,1.062800,0.132620,0.262460,1.071042,0.124142,2
297.000000,1485,28,8.6000,-1.4130,0.3000,1.062800,0.132620,0.262460,1.071042,0.124142,2
297.200000,1486,29,8.6000,-1.4130,0.3000,1.058800,0.133520,0.291190,1.067186,0.125443,2
297.400000,1487,30,8.6000,-1.4130,0.3000,1.058800,0.133520,0.291190,1.067186,0.125443,2
297.600000,1488,31,8.6000,-1.4130,0.3000,1.110700,0.143760,0.289240,1.119965,0.128716,2
297.800000,1489,32,8.6000,-1.4130,0.3000,1.110700,0.143760,0.289240,1.119965,0.128716,2
298.000000,1490,33,8.6000,-1.4130,0.3000,1.097900,0.136350,0.273390,1.106334,0.123559,2
298.200000,1491,34,8.6000,-1.4130,0.3000,1.097900,0.136350,0.273390,1.106334,0.123559,2
298.400000,1492,35,8.6000,-1.4130,0.3000,1.106000,0.133900,0.253630,1.114076,0.120481,2
298.600000,1493,36,8.6000,-1.4130,0.3000,1.106000,0.133900,0.253630,1.114076,0.120481,2
298.800000,1494,37,8.6000,-1.4130,0.3000,1.115100,0.140620,0.292860,1.123932,0.125443,2
299.000000,1495,38,8.6000,-1.4130,0.3000,1.115100,0.140620,0.292860,1.123932,0.125443,2
299.200000,1496,39,8.6000,-1.4130,0.3000,1.102400,0.131500,0.254920,1.110215,0.118724,2
299.400000,1497,40,8.6000,-1.4130,0.3000,1.102400,0.131500,0.254920,1.110215,0.118724,2
299.600000,1498,41,8.6000,-1.4130,0.3000,0.833840,0.154370,0.255910,0.848009,0.183059,2
299.800000,1499,42,8.6000,-1.4130,0.3000,0.833840,0.154370,0.255910,0.848009,0.183059,2
300.000000,1500,43,8.6000,-1.4130,0.3000,1.116500,0.138670,0.219690,1.125079,0.123568,2
