frame,physical_snapshot_time_s,post_step_time_s,wind_index,filaments,bytes,SHA256
0,0.0,0.10000000149,0,0,121,43216c4fcb18097584c8f860be1cda6602049691ef6cd79300f85ac3908e15b8
1,0.600000023842,0.700000047684,0,4,189,ad3da45acd3bef2876257e52bc5695651f893de5c0992ed1990ac1a436e50739
2,1.10000014305,1.20000016689,1,8,256,8c07f6769a48e1d55d9b8199d22de9262cf77f31fff31bce5dfcfa391f3677dc
3,1.60000026226,1.7000002861,1,11,308,df3f9451eaa06487e96267de1a2db20381bec888c71ef46670f8e46bda7439a7
4,2.20000004768,2.29999995232,2,16,393,8730d472bf4933d8b23a0bd5cbbf4552321205bc28a85039a686ceafdf443e74
5,2.79999947548,2.89999938011,2,20,461,55d853fd32ab9873d7f84aaef97ac5832ba39e86799d7f0247c00cb969057b09
6,3.39999890327,3.49999880791,3,24,524,19b8f58ca537f32906964d73e6b31e6374606178371e147086274be8a523cf05
7,3.99999833107,4.09999847412,3,28,579,d56bb1f096deabdfba1b05b9b366ea97fa3a9fcb74ab5877bfde3c609171a394
8,4.59999799728,4.69999790192,4,32,642,0d024cfb2d9c4714eae4e4ac3290e8ac7b223542eb4a7eb4e458bdc6cc9674b6
9,5.19999742508,5.29999732971,4,37,711,c0e120ecb2a2a876a892648ba4b69b18b84bb71fed558b3dbfd077c65ca45840
10,5.79999685287,5.89999675751,5,41,775,189dfbd6c9651c4bc7e79d5b103975ec4340bcfd6a8e17b17a3d1f6864645b9c
11,6.39999628067,6.4999961853,5,45,842,d0726932a1916e47ce5b12e2cb4cf733394de4eeba46744b0c3f410b5a178100
12,6.99999570847,7.0999956131,6,49,905,e3b6f2aeda622e84574ae6a553adbf11d90d159434bbc5c3c8c90ffc00c10ade
13,7.59999513626,7.69999504089,7,53,962,4fe0906108fd760fc0db3f0b60be401e59750ea75829297369d3945821f15351
14,8.19999504089,8.29999542236,7,58,1038,7b16f8c404233708ab581208596a49422a363b85178794651bc227a166c2b492
15,8.69999694824,8.79999732971,8,61,1084,9575faa483c3529ded2b2fda9f757e035643d4818e516648c54fd59cb6fd0bf4
16,9.19999885559,9.29999923706,8,65,1142,a681c670eba22c9b11305fc66113c1f8c2bead36f752312add4f0e9a14d1afa3
17,9.70000076294,9.80000114441,9,68,1186,a92d37b7b5467da3c6054867c8febf60cb5da723679a139573f7a2fa2ecf69f7
18,10.2000026703,10.3000030518,9,72,1249,e2315105f50d6198baa69838ac80ce896c4f46be8b296a1b9817d5cf51c92601
19,10.7000045776,10.8000049591,10,75,1284,0d66753acab087b046cbc92a2a8bf0cb0e1fa71685bd9aa7ba06264b129834b1
20,11.200006485,11.3000068665,10,79,1345,4586bc5f55ffe144190b549de81ddfc06c0e353a06a5ce35675161fb12cc3834
21,11.7000083923,11.8000087738,10,82,1390,ba860c451774658c4fff1e4730459a4aa0eccf801444801ae82362bc4da264b6
22,12.2000102997,12.3000106812,10,86,1453,18463d6f981273826da50e224c085a2489bf56e2a8ddb6109d84c3d60f3e2f8c
23,12.700012207,12.8000125885,10,89,1496,dccd4e8ad8c370f1484c832547d1ac5ba87a368b329837abd7c141d78ea8f478
24,13.2000141144,13.3000144958,10,93,1567,ceb24422f806b86934b6f67978d024ac7cc4920801280a3e484f9ee4dc5132f3
25,13.7000160217,13.8000164032,10,96,1606,69e51ef99a7cc0cd572dacc134017a8e0b81651d87f2d7773742b3f68977bc7d
26,14.2000179291,14.3000183105,10,100,1666,434bc96e4c3178ecac2f11910959472b7547e14c6d0e09affb43579818870e3b
27,14.7000198364,14.8000202179,10,103,1712,71443b056c5957b720331c4ac55920ce765ee42851ebe26c44d3a15a271baf99
28,15.2000217438,15.3000221252,10,107,1766,d1a1a399921821a6b1c0693983fa474cfefa8e11e642b1f3f91bf9adc7beb4f5
29,15.7000236511,15.8000240326,10,110,1808,43aa5dc5c13ddcdcf9b7d287e21dcd94d93c9fab7f58eea6bb131f73e46c771a
30,16.2000255585,16.3000259399,10,114,1870,47aa4ce6ee65572db81304292e1ad9f7169e4e7021fe3ee83ee0ae03bbc00984
31,16.7000274658,16.8000278473,10,117,1918,730dfd6733091a392b47390e4f84a61dad2ac8a3bb313cf13a7519d63d91f6f1
32,17.2000293732,17.3000297546,10,121,1966,2bf4277809f5e80cc1d800b4023d578ecb00aab8c2cd01d202c862581feab3a1
33,17.7000312805,17.800031662,10,124,2012,ce845e3767851d2f62f17f73f24e1c5881d1f6b1e0dde2ed6399086137ed4eb7
34,18.2000331879,18.3000335693,10,128,2069,2b06e190a3414911488194545789c3b5721eaae2626a199fc12a56c640e2f44b
35,18.7000350952,18.8000354767,10,131,2120,9e5acc96f7b64eca895b42ca503158456b11fc2eb31384c0f32c9548a4a42be1
36,19.2000370026,19.300037384,10,135,2176,15e9a1cafc3dfd4a5283be47f4d85a3d6967f60a6a86c8e31dc04960c48d830e
37,19.7000389099,19.8000392914,10,138,2223,babe719ef21d590f0f8ccf53a13a462cb52cba426743f28b3665a31d75f55c91
38,20.2000408173,20.3000411987,10,142,2278,de98af11af7fc29a898d646d05588b4e18447911992323f788d532e1bcd076a4
39,20.7000427246,20.8000431061,10,145,2322,85dab84c60d4a655b04d2b2613bb199304347c21110ed88599c37a6b3cc754c1
40,21.200044632,21.3000450134,10,149,2380,e4d683e459652d89e7052b990a89b04d4a6ba6067cd38b1df2dcd5c55443e44e
41,21.7000465393,21.8000469208,10,152,2429,7aa155bb6ba99783997f1a8f59f0bc6cb90803521dba3f653ebfaa8b0b289ea3
42,22.2000484467,22.3000488281,10,156,2483,4bf8b1bb0648b8a058dae3550cdfc2dd88d2bba68f79538272cd2d2daf523f0f
43,22.700050354,22.8000507355,10,159,2527,9fb976f660ee9aa6fcc3701a6fe2ed2e39d7457d18f998ba808a014c078d154f
44,23.2000522614,23.3000526428,10,163,2587,8bfedf39a4116b7f254b0768f897f53eb48a723d06e52d5af313766474037feb
45,23.7000541687,23.8000545502,10,166,2619,229ff66b4a05757c8dc1a59dd43553cb8ce382d901570239ae1dd448dab74527
46,24.200056076,24.3000564575,10,170,2691,ad4bb55c187618bdd511936a8e9ae4b472138b996a205bddb7d6dbca2c7246b5
47,24.7000579834,24.8000583649,10,172,2719,2bc248b8efb6780246b97b419f50e373e0c7efda6b74d057f6bdfe5259a4b95a
48,25.2000598907,25.3000602722,10,176,2780,de71ac34f6924da27c7d20351b157810cee04416eba8634bf09a4791ff954101
49,25.7000617981,25.8000621796,10,179,2830,1058afb507a32b6658a0d451940cf026be8966a416963bad1abaa9e3775d9666
50,26.2000637054,26.3000640869,10,182,2878,028ee40cec491b8c1ed553a0dc4881f5a412aded125741e110084e671ad57e3a
51,26.7000656128,26.8000659943,10,185,2921,0e6c129147a8166056afe1709471570ab8596869fc3004e801b8c22538c5e365
52,27.2000675201,27.3000679016,10,189,2978,278102948d0616b365822b4303187f387f153e4d9a618ae22799f4fe876201da
53,27.7000694275,27.800069809,10,191,3007,9f4d7a0c53e65505df61009365cf25283d5258e0f3079c872a2c30fa4a39ad40
54,28.2000713348,28.3000717163,10,195,3065,2ff4d193f491117002a003cb4b5e1831d05a142469fd3c39752f676468f8bdca
55,28.7000732422,28.8000736237,10,198,3111,0a83c5bfec113674b3ea0b324d523145ca9fe03a1d02d0feddf7cac6dc7f82ff
56,29.2000751495,29.300075531,10,202,3170,cc10bfa26baa54c52026dd0eebfa437019c5413bb49794b33da99dc0234ca3c7
57,29.7000770569,29.8000774384,10,205,3219,0024e21a3c8d2ae17ef2d233df47db086ca41767a339ea36152853ec9817d8e9
58,30.2000789642,30.3000793457,10,209,3279,79c7bda7e7b93687ebfed50a47c3ce2601e7a2d0955955283ca6817d1aea9618
59,30.7000808716,30.8000812531,10,212,3319,5ec989bf27db5e1cad59f512184795be05528a5a0f7a2439e5adc60ea3e622dd
60,31.2000827789,31.3000831604,10,216,3376,ddabf36342bf66fc2620837dc90d8967a1086c26a25d7766252f4cdf1ff6de82
61,31.7000846863,31.8000850677,10,219,3425,b2ed4aa49bcb8fc9eb372324eefdf63233530685bc2edb6a6e86970fdbc8efbb
62,32.3000793457,32.4000778198,10,223,3484,337810f97fcfdb67e721045adcfe8ddc93ea28726c694d3e1e68665215ccb6dc
63,32.9000701904,33.0000686646,10,227,3539,1592af7f4e7f77bc6e358ca41ebc89c6bb8d6e6015b1206941902bc05db641a0
64,33.5000610352,33.6000595093,10,232,3618,37573755a3c343b44a7a36633e9bd0bb3bd4db2c18efb5c9e749877cb922e080
65,34.1000518799,34.200050354,10,236,3671,153cf9c01a3d9a01c8ff501df6c0e4dd8375f6a93ccd136ee7d25840ec99e216
66,34.7000427246,34.8000411987,10,239,3717,a178d08d70e5f0103e4a921cb82cd9151142ac056098ba23d45831ffb989c884
67,35.3000335693,35.4000320435,10,242,3766,958d022718a2522a46f7965f4fb69c3b14f3c2455ca3723627ee1f6501dc2835
68,35.9000244141,36.0000228882,10,245,3811,6c3f91c50830f9a8f0eec6d2d08b9158099004dd384dc03ec1a5e8866502be78
69,36.5000152588,36.6000137329,10,250,3886,66769033b723b400baa50f3d1b23f033d0a82c45109b6744744f50ecbcd45493
70,37.1000061035,37.2000045776,10,254,3943,47d3e57529ccc5e3694f53ac19c49903e94d398a08304e98d2020c16a78867b1
71,37.6999969482,37.7999954224,10,258,4011,d614f440045a9bf3c3ad7ac7bba77ec85d57104cdc88d55bf22389fc297588a7
72,38.299987793,38.3999862671,10,262,4069,df4423aeaecd0d767e3a1a88a3bb43ee13927ce7013a26db8aff79f3e6c4b365
73,38.8999786377,38.9999771118,10,266,4126,39059f2251dba1570bd021a2456e8a2876426f67a4bee2376882fb8999922030
74,39.4999694824,39.5999679565,10,271,4198,060c01495c521ad0867107a47f2ab4312bb89bd9785640a149dfccd5779dc73d
75,40.0999603271,40.1999588013,10,275,4272,d34f70780078f8843a05f216d9c7239c6f86f5a3b11e65be0b70abb9f520dcb8
76,40.6999511719,40.799949646,10,278,4304,b91a7fd18615a7fecc575e90da8de1fb4499f06c09e39770d9df846483556569
77,41.2999420166,41.3999404907,10,282,4372,0aeb62cbaebc4242175171e753f0be402dd2fecc3e03f775d15c211fcea3f06a
78,41.8999328613,41.9999313354,10,285,4415,ec8cd619a9e4e79c7e6e301fefee2ad6040f6d6b00705ddebec14449b4b2575c
79,42.4999237061,42.5999221802,10,290,4491,6721159257a1812973f942e2cae141ac2a9d511615900e09f1a3b51bb3cdb864
80,43.0999145508,43.1999130249,10,291,4499,22bd5ffd5481ef589f743a0de199b7310f44279c0220f4987c11dd14495764fb
81,43.6999053955,43.7999038696,10,295,4568,71e8cda7d34075af6deb769ee68e52b607466f3c18972d371adddb4bba385cd6
82,44.2998962402,44.3998947144,10,299,4618,bb823ff561fa0a9ea1ea8971bbe0bd4be1b2a87718f167079cf10297ab25265f
83,44.899887085,44.9998855591,10,303,4673,644a6476fd6c35fb7933c44c8e9a2938fb2fc55447fe28b4d90318cdfca08421
84,45.4998779297,45.5998764038,10,307,4741,962afa49d70cdbf8c5b1c94fe6e308b24b6743089276332c2016e2fbef1b002a
85,46.0998687744,46.1998672485,10,311,4805,f958f5d63d95102d2398acce465d17e984109b911752af4fb626ed636563ba3d
86,46.6998596191,46.7998580933,10,315,4854,42434cefc60af9b7a06cb9aa2eda23fd6eff57aacc03e08b25a7c41a69bbcb71
87,47.2998504639,47.399848938,10,318,4900,71f5e97a73fe89b1792398f607360f71129bc03597673a98d07ae786dffd8a59
88,47.8998413086,47.9998397827,10,322,4968,d16925d479c2b52647367c622240705781e19fc6718c2257120dc4738b537d87
89,48.4998321533,48.5998306274,10,327,5034,ebd2362a14475d2539e964cdf334c42fddbb0303c1293821f9ce284bcd361340
90,49.099822998,49.1998214722,10,329,5069,6e310c4607e11144038e0a85bdbe7a387c4275be99a3942c8b470c1224bfaa0b
91,49.6998138428,49.7998123169,10,332,5114,a332e06ed9876eb65a52867e58c741f5a21c93aec15da3147d0f85e33c25dc09
92,50.2998046875,50.3998031616,10,336,5168,862e6a9ec7d0a42c558cc77970848a9d427843749b3af5c07cb1f9c6ab7eb903
93,50.8997955322,50.9997940063,10,338,5199,aa1d0fa312a220ec70032005f31d18f683642f3e57e1456e8b383f9a01976202
94,51.499786377,51.5997848511,10,343,5267,c1de4be16b3cb740a71767fb544e961624925c60c78b71b3d7e5f24bf342fbf4
95,52.0997772217,52.1997756958,10,347,5338,d380d4d5fc5ef24da0acc431f308cf131cdd7139a80dcbfff94392d6de5fb32e
96,52.6997680664,52.7997665405,10,350,5388,4ed1d61f7e1661cabe916e6966ea46a28edae154ef897b37d1a8f0e4d362ac5d
97,53.2997589111,53.3997573853,10,354,5446,6040bb7279d1901e2e810aa09d0b08e4384434aef4e14eaeb2d2ad9f762c25fd
98,53.8997497559,53.99974823,10,358,5504,8f36a7603b9974cdbc242c60c76a83d0fa9f6c931d37cb97bdcf5dc4621d2b20
99,54.4997406006,54.5997390747,10,361,5543,021c449db2124564b49330ddf0336dc72a05f76d22403dcdaac7ea4b8e4a8c07
100,55.0997314453,55.1997299194,10,365,5607,61bb49fc191c43407440f3aa6e2492db8a62df2d03e037dc9d27d875d9d4c1c6
101,55.69972229,55.7997207642,10,367,5650,326991c89cc0a80001a05ad8450f56619c6bdc04323159f91b2198fb317767bf
102,56.2997131348,56.3997116089,10,370,5683,9d63b1798748655f67e8a3b505814a85afb1d3cb14385da5b040a8f1adbdaec2
103,56.8997039795,56.9997024536,10,371,5686,7e8f954f663e79b28cb3df38626d0c1914b597184b847480924c1101b27d1a9e
104,57.4996948242,57.5996932983,10,376,5771,f83d026f7f82afbaa9cf9f0ef98d81ac5ab54f9946664194507b129bc6c203a6
105,58.0996856689,58.1996841431,10,380,5830,827beac8713cb95457434b74e9af94ff79a014379a32af49c39d06dc8e59e7f3
106,58.6996765137,58.7996749878,10,383,5874,2edd594aca537187e13c763c704118ef05beefc2d0325e84df8a30c9b35f4c4b
107,59.2996673584,59.3996658325,10,387,5940,590133a168a2e462066c8b04b2ef889ce9cf63727abe09a3f040afaaffa35f40
108,59.8996582031,59.9996566772,10,389,5966,c42aed9f63a05090f92161eb1e3272c913c8b0debb225ccaed5ecfefbe0ccc03
109,60.4996490479,60.599647522,10,392,6013,026b0368863086665fd0a6b389be4436a328469d6f9f9eb1c9feb1cc1d128e97
110,61.0996398926,61.1996383667,10,394,6043,07106d8c1c73d72840697a2a40ff664ad01672e4c4f2905d6fd8acd9c558450c
111,61.6996307373,61.7996292114,10,398,6102,5e3f0b5b26baaff3f088d2c8b3928054abe87fb9e4a6f2f7ac827e6338e46120
112,62.299621582,62.3996200562,10,402,6166,c6a0e8bb6b193be8a3f05aa7c89fb7a9e1a3234b4c69df965d4eadd9fdbec460
113,62.8996124268,62.9996109009,10,406,6226,fceba82cae5dd5b605f85ee2eac9970964b3d964a5b989d34efa58c21620c637
114,63.4996032715,63.5996017456,10,411,6297,19af38f8fc94e5d45eae0acd61c690eb53c39b1019cd2b356fca5717f4c81e71
115,64.0995941162,64.1995925903,10,413,6337,df3c51822f03e8076ea4e7f5f64151ffad39c2d405d407cd5c48344b31bec762
116,64.6995849609,64.7995834351,10,417,6403,c1c79177833028f4dfdc267cce1b4c900a400627f38adf2db624141d4513a603
117,65.2995758057,65.3995742798,10,421,6464,118f77392cbe0b943db783257f79ac17b6a66e2a0bb2a661e32f097ac4e80f0c
118,65.8995666504,65.9995651245,10,425,6517,a7f60551c4b6e26cbabfd1d9ac8b8ad715cff8ced7bf4954363cbc9152ca218e
119,66.4995574951,66.5995559692,10,429,6574,89ac9dbedc68dcc3e8e5a115c380096f3ed446f267790292d0f5850ca508bf83
120,67.0995483398,67.199546814,10,432,6622,63a6753b622ee1aa83bf9c6bda75d7f0861d90e6b9bdae340db78edd7fca158e
121,67.6995391846,67.7995376587,10,436,6694,61ae59de5c9d89d6428a62c409d2bd8305ceaa9fa9b9d178eef66adde7e2efdf
122,68.2995300293,68.3995285034,10,440,6755,7eaf138e035b64c4ae6816e329811d5d14ba060fdefcd716e98eb76aaa46db10
123,68.899520874,68.9995193481,10,442,6774,167a16000c6394200545832562e864d9c52eab54882d4af0c306e377166bd515
124,69.4995117188,69.5995101929,10,446,6833,f2948a32c12af2857b3edc797f0ffcb5db6f2d980d96d8f188cc1f09655a6beb
125,70.0995025635,70.1995010376,10,449,6890,07652e1dd996b5c9cc930b8e3d2bdc8c3fe939be00697b86761a8f7c721ffd91
126,70.6994934082,70.7994918823,10,452,6934,f4d5e9ad0506099e3a4f4c71b7d6f7f2e5be32e4dac6b6570eb4d44de9b74a83
127,71.2994842529,71.3994827271,10,454,6962,b315764f7a9d81b0e6f8f15f2902909cec5f65af8767b05c653a909d27f36c0e
128,71.8994750977,71.9994735718,10,457,7005,879034e50fb2b6c2d273ccd221584366ec9c6dad45de98242c135ce1e096ccde
129,72.4994659424,72.5994644165,10,462,7076,ed49d245fe2d11addd5b5eb05115d973bb046b7b98b1a3145815b70e62bab1bc
130,73.0994567871,73.1994552612,10,466,7141,8e97fe6799b739c3c27b16303ad7351452584d67eb8507548b2a4bb1eb81b390
131,73.6994476318,73.799446106,10,469,7187,85fc0057927bcf53aff13124558b7d13ffe1a3dce2b650a92b593d1815710680
132,74.2994384766,74.3994369507,10,472,7234,e03b49aa08d06b97ef853272f9cd0a71a5131384a750e7607b6f9b376ada59ef
133,74.8994293213,74.9994277954,10,474,7269,a8de121cc0197339c5c04f07568060b9c0796d59c43db28b4b2e711adf296511
134,75.499420166,75.5994186401,10,478,7315,230f37d3eb603ed1b3f274fc9b392eb5e8cf2813348f86540a7cf2145ca2aa3c
135,76.0994110107,76.1994094849,10,480,7359,d3266d709be12b51a7b779417c671ddf9c925dc8acbf4b9f361a325e7cd6b021
136,76.6994018555,76.7994003296,10,483,7390,86137853c70309b1ce681fe6012e06eb9857339e5375370b7645bbb886b2ade9
137,77.2993927002,77.3993911743,10,486,7445,fe8d7257226a0cf049c43a40f9fb63788d6c6cf37cd5ffbe43bc439214881e9f
138,77.8993835449,77.999382019,10,490,7502,5c80fd73713c3d40660f4d7116ff342dede13bc587f04ddab517aeef5550aa29
139,78.4993743896,78.5993728638,10,492,7535,6be0f1c6774520d940df25f879ef823ba40706448d975ed3165f3599864dbf79
140,79.0993652344,79.1993637085,10,495,7584,dacf22d0b86295ce86adbdd61f1c9f56f5ba1554ee2921922de0fd1bfb6fabb9
141,79.6993560791,79.7993545532,10,498,7632,91d8e550be9d7cf7242631c4a335d78e46211b024190861e06e79eaeac9c26c1
142,80.2993469238,80.3993453979,10,502,7692,a231f1aa7c0f951489aa33136a25994a06f9067ba1cea0617b63b67e89e3d2af
143,80.8993377686,80.9993362427,10,506,7740,17b05dca454227ebf07657b4b0c93fd8768a1870c6f7522a60bbfca96fef9147
144,81.4993286133,81.5993270874,10,510,7813,c0cdd9a6d8186f898391b8a94352f5e0f2a77995947d1ad0e3fd9c6c96f1b4cf
145,82.099319458,82.1993179321,10,512,7832,7c4561ae8811e33cf7a52f8c0517746749b68bc2616b0f59882efb7c2d6be1f2
146,82.6993103027,82.7993087769,10,516,7898,bb11a55ef1579bb4ae74fe1f62a68b63d45765554cd946c33d5b7cb97b7b8f35
147,83.2993011475,83.3992996216,10,518,7918,be7c5257034c7691c48b97cb7295407f6fef88949fe3baad189d8e5b40785242
148,83.8992919922,83.9992904663,10,520,7958,9fc1e92e076043bc4e8ca42d4db727ef1e23cf0a0e0ce541b068d37a6dbcb3f1
149,84.4992828369,84.599281311,10,524,8021,0035e6ec749a21858cd36c82034582445af39b147e8cdcc007faa0e750dd0672
150,85.0992736816,85.1992721558,10,526,8058,6a7e492c727f44c48490d5866c960c1a045ade401c11747f8df67e5d701a2fa5
151,85.6992645264,85.7992630005,10,529,8084,55d8033e2e6111b8ef90c507cc14e13d9abb52d7bbe4f57c10158e1a0ec7b46e
152,86.2992553711,86.3992538452,10,533,8151,80c208469b60c5c58a90e4aafa633580c5be54443468cd0dc963b58ada493194
153,86.8992462158,86.9992446899,10,536,8194,7e55ffa6e2d1765b7915aaa57995a389dffeac835d2602bffece8d9f0cc66fb5
154,87.4992370605,87.5992355347,10,540,8256,f19877e2962a5084b057ab993d0c4243c830553777dcc7aa1224d7f111299c44
155,88.0992279053,88.1992263794,10,543,8306,741c72f5f0539960ade95d60ab1bd90b858326da8d4d2c0a336edc4e330df323
156,88.69921875,88.7992172241,10,546,8351,587cf9d0fca66613828dfd8a4b128587f63efbf2fc06806b6c1196aa1fffec8b
157,89.2992095947,89.3992080688,10,548,8379,b0a270b50f29b92d4881136060438d812034f44b107313147bc677ed60d2a14e
158,89.8992004395,89.9991989136,10,552,8429,11a02a24159f5c289187519a5198f97b88d58c304d98af5a21c8c8e61d09b07c
159,90.4991912842,90.5991897583,10,557,8513,cd9a1546fccf51e07b3ad0c1ab183fd34d07615fac926b9063c2428b1fed3966
160,91.0991821289,91.199180603,10,560,8544,efa85c95017598fa6dd76005c90a966a802db28eb1b9b0d96ff0be028347a357
161,91.6991729736,91.7991714478,10,563,8595,bb0d64c0a3f4966c270d4c9083e5d2aa8940da141eec9efcb08f3509c83bdaef
162,92.2991638184,92.3991622925,10,566,8653,2fb49843babe28f8f8b1d941af4efc7c6c42cff5f9d27ee8d43b4b7ed5dda673
163,92.8991546631,92.9991531372,10,570,8704,4fa14450fe7dfeec0bf3c5583f519b164196431bbd3940fc92169de5c309f469
164,93.4991455078,93.5991439819,10,575,8771,0b1b86fe4a2323e207993b1c19ce52534869fcccf7d92754eff1f2104d74dca0
165,94.0991363525,94.1991348267,10,579,8844,d5da5718ebdcfb110a91b3ad63386ff72aa67d103877c55ce71d1a550cb15216
166,94.6991271973,94.7991256714,10,582,8895,cfb3a1fdffb5c7ea234954b0915e5fd6ac26a5974ff2404808fc72de0be08f6a
167,95.299118042,95.3991165161,10,586,8952,f4d46a1135a658c982b309aae8aa346cacb7235dece5d07ec8c707da1de80411
168,95.8991088867,95.9991073608,10,590,8990,cea54872d9b1ba8b959a1c27103daaf1a94fdf870faf6b86422d6045ffdd5a6d
169,96.4990997314,96.5990982056,10,595,9086,0c33fe99b3580cf775bfecc45dbd249479ceb87ddd9bf685ad9cf0525cf3b76b
170,97.0990905762,97.1990890503,10,599,9152,ad8be35fa6eec3aa36e35400234107b79d13e1e815b1bcdcd7b0e2bbf4eda594
171,97.6990814209,97.799079895,10,603,9198,e1fc428845085f11336f83e33bcb2b7b3384fcdf0dec0503afdb0d09d12ba551
172,98.2990722656,98.3990707397,10,607,9256,d0751e477a1370aae545ee700f0b1e59c0df2d78770d357cb96d572f69a32778
173,98.8990631104,98.9990615845,10,610,9297,4fafd125483c6fb868adf818585497912cf3673fed05f4acdf9d8b54775677f4
174,99.4990539551,99.5990524292,10,614,9363,73be98d17dc6e1aa901a3239a0af43e2617c1a25f2bf11462dc65a0672fea0ea
175,100.0990448,100.199043274,10,618,9424,2fc88b77f67c9a9e32efbac0a3facefcb009e670de0c57512310df36d70dc93b
176,100.699035645,100.799034119,10,620,9455,fbd79195b85288c9951aa77d903186c53596ff6ec8925de619e6efc62960d78d
177,101.299026489,101.399024963,10,624,9499,abb63dddd55eb52091c36083643069f4bcaadd8607d40bbf481289699bc0b300
178,101.899017334,101.999015808,10,626,9542,5e9967cab2d27c3bdc70bfe86de418bbcc2fe6db2dc82c58af32bc3947273895
179,102.499008179,102.599006653,10,629,9579,cefc20ab960c7de5c932e579c5034a58694b72f7bea2199a1bfc6226fcc61baf
180,103.098999023,103.198997498,10,631,9628,dd14d97342c416e4989357c6a9cf86b4834d741e9075d5e67e1a5f08666947fa
181,103.698989868,103.798988342,10,634,9661,ac9234b6379a009f762d050c926794cc5d34c2683ee89de46184f2c3938800fe
182,104.298980713,104.398979187,10,638,9728,af7c7645accd8a133ccae3064c5a7b6418f65250682c031df4effd69cdcbb9ea
183,104.898971558,104.998970032,10,639,9738,f526dd09e9e88d3d21068e7d1213f3cf45a9ba4df5f285ac9c3608b4dd19cbda
184,105.498962402,105.598960876,10,643,9794,42ae916e1d14ca689d0d06b9734140a085adfcd89568496279dfcf9149b72362
185,106.098953247,106.198951721,10,647,9852,c50c212a750030890a01a04ff2e16a4490df8dc4883cd93e2952058ca51f7c57
186,106.698944092,106.798942566,10,649,9888,f07b5291f491d13faf7ddc586465a30dd9fb3a2b625b476427b32f9ad0280d57
187,107.298934937,107.398933411,10,652,9935,8553ef4b9f48886614194b37064fd3fa1a92119609bda60444b5f32eb5c39efa
188,107.898925781,107.998924255,10,654,9956,7a0bd18f0ec7ceeb8f10562d1cba497ab65ea66d2a39222d3157f407e6eaf5ce
189,108.498916626,108.5989151,10,659,10026,026d1ba10d58a9b813de55f07ac5f18d37fd158db3873ddcefb0fbe966bb5ded
190,109.098907471,109.198905945,10,662,10090,bc98cc635694dc3dca18e49179cbc54f874e79a5b1f47dfa2a924a397ebe18b4
191,109.698898315,109.79889679,10,664,10127,160e4579c7ec539552c3cd3968d16843718ae618988ee52c03917582f88e851f
192,110.29888916,110.398887634,10,667,10165,9492ce0be7463c8d97d92621b99351fd5b7ad83a73925c9399618bd7e0e192d7
193,110.898880005,110.998878479,10,670,10200,246b51a442a2ffd831662e8d06a3a5ffbf18284e1dc986099904d6f279634fe1
194,111.49887085,111.598869324,10,675,10283,6213a1591c9e7fc6d9f2c44a8107c18de77b518b626a2a702e5ee17e7dc566e5
195,112.098861694,112.198860168,10,678,10336,47ba5d990ebc0613aeadc40053c7898f2fb8ba10d49ab7a827d718070899fd41
196,112.698852539,112.798851013,10,680,10346,691cafb5c6f4806133705b4f5fef65cc7db7b8f9a4fedf6672f774909d9c6424
197,113.298843384,113.398841858,10,684,10411,172fc7363fd717fbd5dbb0439ace4654c6eb4ff63cd4251d9ebe034fdc11a224
198,113.898834229,113.998832703,10,686,10449,062cb9b443768e2ab922e2db56c4b4509b729d7f5c77ba5c8af5243e73a1f6a8
199,114.498825073,114.598823547,10,691,10516,bf1d4406da8dde4a76f5b0f6a57f3c5f5626958e26b033d7009bf5cd2d76e19a
200,115.098815918,115.198814392,10,694,10544,68bf2d2b3fe0d4b05528625764c056e22d5244b0c355592b61908d39a35db4df
201,115.698806763,115.798805237,10,696,10589,63fcc6cb49f10e4ccccef2e052b5c43c58076abed693483944f4bc69d7e6ab88
202,116.298797607,116.398796082,10,698,10620,aa7ce2cfd1a3946d7149e95d147410b1f753977c98dd34a01ccc9e91293ab0cd
203,116.898788452,116.998786926,10,700,10642,e8fa4731dd4280201b63bb49a810f54513b59b9da8e52d1ff1dced5090a9f1e3
204,117.498779297,117.598777771,10,704,10719,1669a65c5de24af8f7e2d0cbe94fa284d0a8a1f41131758f0e6b2c84b64eda05
205,118.098770142,118.198768616,10,706,10751,ecdd2536b919798c70d067c96a14ee80d339d13ed7679937bbadcaae3594f631
206,118.698760986,118.79875946,10,710,10805,c7a5a5220c8aaf2e3c853b571565849b951795c251a5a3e79da8e6e0599da0a3
207,119.298751831,119.398750305,10,714,10856,f5d004f6edadc68c3856345be331f21286f7007cc5cd2c2969b0b1cfc3da888f
208,119.898742676,119.99874115,10,716,10887,70dfc2bb136e9bc596830f809a44fdad0fec830984f865683c198cdf1f11cd1b
209,120.498733521,120.598731995,10,717,10895,6edf7aae117617df96f31b983025c730e0447081c3a9aad8b825cbe75389f5bf
210,121.098724365,121.198722839,10,720,10959,b0c550a68206aec4fa3128ee92f2e8d63fb890f9a61fd50b4b948f7bbe0f4cc2
211,121.69871521,121.798713684,10,724,11022,3c9fdcf690920ea9c5df250127725819a23f1041d5aff2675d1cbd10553d7a81
212,122.298706055,122.398704529,10,727,11048,fdf90c70f02101b4ac2847cafbcbcbd7d88208b8ab29eb9292b51e1cb55d0f3c
213,122.898696899,122.998695374,10,730,11097,efd31f4716201c854ee35f784f755f32b9a842f7a9b02922959d565fddb0cdfb
214,123.498687744,123.598686218,10,734,11156,cffb6e71d49e10246136e2a30cf6342272cb9719a7924ef8945ab1349f1f15d3
215,124.098678589,124.198677063,10,735,11181,49f6508269ad843800d4dc56f2b098d36988b85ec7e567e972659f6af3d56bb1
216,124.698669434,124.798667908,10,735,11171,b8c30cf72586a95fc319a42a3f13c775579539a601fff8ac04676cfe77c6d246
217,125.298660278,125.398658752,10,735,11187,fd39ae44626771e8657033c9beb6658ed60efd4e764cbef78e2b3edb8d90fb91
218,125.898651123,125.998649597,10,738,11229,5d9fd9be75f942045b7afe36fa4e89bfa0cf3a26b9a790cd38cb7cc198794c8a
219,126.498641968,126.598640442,10,742,11292,ec85c3ab436df2ce8b8dd15b1a1438fb659ca3920ac3246e37730cb94de46165
220,127.098632812,127.198631287,10,745,11317,ffcf2376e94b7d3535b9c9b4fa1ec1339b10cf2833b31e1dca258345791d0359
221,127.698623657,127.798622131,10,746,11339,2855f7b5e36cb4279e202a63fa52dfd68f889a36b30a0bb3d7af1d8a4e96877d
222,128.298629761,128.398635864,10,750,11400,8866658cce631af3cfb5d768b8eef1bccf5e51aa8a7cb05eb3bdaeeefc151235
223,128.798660278,128.898666382,10,754,11467,2c733fcc843e3408bc998461918393afc9a692aa4809f34b2953fe32da2d4717
224,129.298690796,129.398696899,10,756,11502,c60c6f43bad877d5c9c84fa32b04b220efd8809afb6e3d5193e31e6db37d8aff
225,129.798721313,129.898727417,10,759,11544,547e0c31ab5302129d9e9f560014dc177d9868933f02337845b7593c4ea3ebfd
226,130.298751831,130.398757935,10,761,11563,52cbe20e8ac670f8acace484fb35176523fda95c524de36889d38527d3f75cb8
227,130.798782349,130.898788452,10,762,11576,3eff75440ae4f1e5268c64a535f8554e8ebc25172b56fdb695a6e76825488255
228,131.298812866,131.39881897,10,765,11618,4fcc2d311d3989ee9dc02537413680c0656895943d50448c7aa18e088c5794df
229,131.798843384,131.898849487,10,767,11660,fda882516c0668ddf6046ed215bf24fa39581a872de5d42fe8ec5c1a50cead7e
230,132.298873901,132.398880005,10,770,11708,096d408857111d641150f71292b86c3c2276000422d7853775d869cb70e6e23c
231,132.798904419,132.898910522,10,773,11760,9ffb40d6fb47f6ef53dfa801ffa7a1c864aac6aae141c1900c50ed9a82976f45
232,133.298934937,133.39894104,10,773,11742,285cce39a18e35224f675649ebca998629f9c94c5cc5a7b1df9d88406ef99a1f
233,133.798965454,133.898971558,10,773,11753,aba039c19faf8329f3c2478ff8c25fad27af212449efe9d30a09e5277b2a8cbd
234,134.298995972,134.399002075,10,775,11774,1a08f55e778373a13ce96c7b5af6c98619722a7d0f6595e985781ee414c3f8d5
235,134.799026489,134.899032593,10,777,11814,1268d7251715d755e4b059176e31cdfc132c8f8300e32c76930effbe59c93c58
236,135.299057007,135.39906311,10,778,11814,69944f615e545b3f7e0b12204746de8e42e65561829eeab99c7bb92de9d7f553
237,135.799087524,135.899093628,10,781,11876,f1a7d8cd37c277114366353ee6194005bb753d839a42268eb85f44f542dcb9cf
238,136.299118042,136.399124146,10,783,11903,f0041c662f172d5a671d3eced4f533d3775c6964929c1c571133483fb9647c85
239,136.79914856,136.899154663,10,787,11953,ee2e723ec6b9c93d41393c6337d33465674b9aa1e92b7df2402624225e1c2660
240,137.299179077,137.399185181,10,790,11973,5c64c70ea3cb6c0fb8f40a6f5df3de126eebb389665f8e266c45e210ed4843f6
241,137.799209595,137.899215698,10,792,12023,afdac38b4d1c4c5f625a3b97d06d79e154adca68e2786684b194cf0db145a970
242,138.299240112,138.399246216,10,792,12025,dc5a56cf6f84f6200a9c5224f1e27054b2c1206caf6dfdaa871919cd378f2369
243,138.79927063,138.899276733,10,796,12085,05e8f4a4297158a00994a28c06758e02341b5110b06b82beaeb3c1511d12594b
244,139.299301147,139.399307251,10,798,12105,c5c287bb8fe0117c5880e3beb677b832815fad7aff7b36e3ee12e9a3bc66fc5e
245,139.799331665,139.899337769,10,799,12129,cd686e63d236362235732c6d0fe1a69e08ce2cda1a010f3c6820041e2c9168b1
246,140.299362183,140.399368286,10,801,12157,84950eeee4e5ee6836f0055c01b547d7c63818715fd3f0a77e17e73ab6414e8f
247,140.7993927,140.899398804,10,804,12219,1fbfc0314e282de3ceabf5f8a75a4486cb2500cb607b2b9e07833d9e6883dd02
248,141.299423218,141.399429321,10,807,12253,0cf2f4d14b8a19de61d03e8ed4efc253f5bc53bc4a206c9441f12cd953da8682
249,141.799453735,141.899459839,10,811,12310,e299e4ee57bbf5667bff9c31c9b211ac82a712c651dbe5e83da991fea2836e61
250,142.299484253,142.399490356,10,812,12334,546ea3eee688e9d1ba36373ce4c814bebd6f8d6cb6ad183a88aae5d3f3a767ba
251,142.799514771,142.899520874,10,814,12348,1dd1cee941aaf0f0998a17d45d8cab6f8fc8bd6c3bfd17fce72ca6bf4f0209ac
252,143.299545288,143.399551392,10,815,12379,cb303bd3f01c2e99fdcd3a67a4d1102f5b81d5ea1dce027599e23d38f9c9669c
253,143.799575806,143.899581909,10,816,12391,9e18de7b31a66d3fb6e19322c3f0f03aeda683887649b51d307ab0a7670c9304
254,144.299606323,144.399612427,10,817,12401,1f79c53cf65a938676db1094271a310a21389520d87d72b1140e4f47c8ef1d7f
255,144.799636841,144.899642944,10,817,12398,20925ba42b51a3dde43b8407494226b664b365135669907b983cebc9812b706d
256,145.299667358,145.399673462,10,820,12454,7d7bafdc75ed2101eba830476981b082a5d174f4387e053c29e5e6e0efafa887
257,145.799697876,145.899703979,10,823,12491,23439dfbde2a4cb88f636344545293094bb49beed41980920f462673beacf2f5
258,146.299728394,146.399734497,10,825,12513,5d29213d0391525a6743856e114e781c9e9de84beda67ef7b9dd3f983b6f1be9
259,146.799758911,146.899765015,10,826,12515,894868032d5b16ad3106900aebbf732ad456fe314b5faade76b39593360d9647
260,147.299789429,147.399795532,10,829,12563,2da55fa356542762c2814020196d448787ff483f8593c9258024dea6900e4858
261,147.799819946,147.89982605,10,833,12637,159d498bc0cf3994d71ae2b4587789af0b2565e5d1b3c36995a8c45ea1ab7fc4
262,148.299850464,148.399856567,10,833,12637,9d169d0fe02a9c19fd11400667dae0166ae6396fa92636cd3af8c6969e62e5cc
263,148.799880981,148.899887085,10,835,12652,70f33e7b483eb4c3ed94f6f47a886d9dbcb8ec163d0f76a7b48c6350f1f64263
264,149.299911499,149.399917603,10,838,12718,5d429eb1d05c576b8dfaa20422bd95a5fb9ed767b92a3c780d9e0fd5d7827018
265,149.799942017,149.89994812,10,841,12754,8d509669b022c8359c0023bdacd5d3514c84ad1820019bbe28dbb860605b7651
266,150.299972534,150.399978638,10,841,12746,97462aba4d8527fcc13680dccb8fa8e762608ec268546b6ff0f3141611da8a9e
267,150.800003052,150.900009155,10,844,12796,6f80fa2991d032b68a6fd969545cf081ee023065bda59c17b04ad9e050fc7f5b
268,151.300033569,151.400039673,10,847,12830,9813db3a451b02ada839e68722d8d4172c74e45138c23868519c18b7af1d3417
269,151.800064087,151.90007019,10,849,12881,ff3d7e7d4f10eb863bded36be758726bf497587455222d02420b63bab37225a5
270,152.300094604,152.400100708,10,852,12901,297d90ea0810abf697b1e9105997c24674b5df46897d3fa620d0a512ef6de295
271,152.800125122,152.900131226,10,856,12985,98f959c7df67d64bab272c9ab7d997114efe4072dc8c75dcc2ffd507840b1499
272,153.30015564,153.400161743,10,857,12968,bb67299708756101d5c2d8aaf30555e5e2d6980c89e8c82f27d2eb39c918a3fe
273,153.800186157,153.900192261,10,859,13005,1845991de2fe99e02f83ca513ff0520cbe5a89113220a784e18d757d2b38afd2
274,154.300216675,154.400222778,10,861,13028,ff161d20e7866f1e41e159250886adc312b75f8cf7b3e314ffcafbed49c413c6
275,154.800247192,154.900253296,10,865,13116,5edb7d474854c898e5978a160493799094e2b6ed9b41a4cb4af94ceb810b73f8
276,155.30027771,155.400283813,10,867,13131,d41932b745af543e275c891c1010d9fea763e6f33ac6293ab4b8f908306f6d3b
277,155.800308228,155.900314331,10,870,13171,16641963a0ff7044a65c66d19477cbb6e2a6ce9097dbedd116ebc28ad61ea97b
278,156.300338745,156.400344849,10,873,13216,5c195707d3be747669d8dd0d92dd78cee79b60ae72ad73b2b53ad6e4c38293d6
279,156.800369263,156.900375366,10,877,13286,a93197ab0f921d5ed3122b03572d95f81bd9adf2cfb5ad919c4103b357458975
280,157.30039978,157.400405884,10,880,13320,7931db0a33ac0ac248bcd013e4cfe1a242bc5b977d2f8545ccd493e355943897
281,157.800430298,157.900436401,10,881,13346,d198b78baaeb3888289c8385ac806935ed4c08ed53ec52f8666424993f3e95ec
282,158.300460815,158.400466919,10,882,13373,441a82582926e89de6591fccf7397631cc0133d5adf79202a0e89879672f8af2
283,158.800491333,158.900497437,10,886,13419,de9ebf8bf7c0def9acf34eb290a5b4571a6ad7bfaf6b95e4ae8948d01cca364f
284,159.300521851,159.400527954,10,885,13391,72f08b87609a1726627b5f986fb02a017418bdc6aa3c52c35d82fc76558fcc74
285,159.800552368,159.900558472,10,888,13439,6be40d13d1b41dc055bf6cf4309f580dd8b164c63976be022f389727a3897242
286,160.300582886,160.400588989,10,887,13437,7bf87a3c11f25173679f5496b50fe681ca10e6895e378d38ee30e6e5ebbef072
287,160.800613403,160.900619507,10,890,13495,0682315c9bfa1c3bace1bdd1e115dbe5d3baa23599e0c320978337cece95f74e
288,161.300643921,161.400650024,10,893,13504,62724dee523c6b02e761ef5a2559822d185f6625f8d8c5bea47217a7c95ecb87
289,161.800674438,161.900680542,10,894,13536,460444740747d791b60094747c3d482896e32b846fbc17db49b31fd2c9b4333e
290,162.300704956,162.40071106,10,896,13571,94b958521e0f0f95e34008fc24d54e947e541355322c2452817eb849ad0a0486
291,162.800735474,162.900741577,10,897,13588,07e0df1d3bfef3e226651dbdddbb20d161606d4550d4fa20b77bad8737bee267
292,163.300765991,163.400772095,10,898,13593,5459a05c5c88df191141a4cd990295221bfe2018e6ec6fc8ac966840b6575f08
293,163.800796509,163.900802612,10,899,13610,e54cae2a45c385d61778477fd8bc43300390848564eca26f9b1d6ec3760ca9f3
294,164.300827026,164.40083313,10,902,13652,afa7f3194a7ddbe6ec86a17454404b882b04bc82c94a6720811c17b5f03e6d00
295,164.800857544,164.900863647,10,904,13703,8c354384cf820399774d956200028066e019b791c2b0566cb7d213a0ff9efcd3
296,165.300888062,165.400894165,10,906,13726,2a50fb03003e9ab49728d7bc25d58853c5853777e0c453f7d2526e239ee5f490
297,165.800918579,165.900924683,10,909,13762,04e7c7eb74accff7c1b314f443503828028dfaa5252d7043dfc014c36945985b
298,166.300949097,166.4009552,10,909,13772,6af675faddb748b4f47567b9a5b9beb5c5a8be0ec0e4b35ed5ff8dfe7f2de173
299,166.800979614,166.900985718,10,910,13788,5dd0b0a3a8adb8bce390a19bc9900f5d8afb97f217a7590282b247fae0f4e1fb
300,167.301010132,167.401016235,10,911,13789,b3a5651c5dfb3f13a374561eaa2883321ab91257f6238d6405de3c9e5aca4459
301,167.801040649,167.901046753,10,912,13813,6bf65d480924a34f9eb1b63533052d2c588d187bc3f22243ed39d2b98def760a
302,168.301071167,168.401077271,10,914,13836,f8a9e0abb7f88ab22ea5a190f4eed9a9d9e4c88f5ebf6e516bdf2e04ae5b4602
303,168.801101685,168.901107788,10,918,13917,1ed05d42452eca1b4412039dde8f1fdca08ee75fab449dc5c527c9e04aa74c24
304,169.301132202,169.401138306,10,920,13927,73f8ab25bbf414b5bdd041ff8100320eabf5fae8cab4a224237ed8cbba83f16a
305,169.80116272,169.901168823,10,921,13941,f7a78939f2181ebcbf8d6f862f4124f54201646987734f2f59a2d4e11cc098be
306,170.301193237,170.401199341,10,923,13980,1a9523d657b6793bc3590b7a3dfc15b91248d0fb52acd784c872d472670a8009
307,170.801223755,170.901229858,10,926,14023,690ed1bc635d8f63aee7479276609ef7f6f783ec338a9e8052f6c9d02fd0a16e
308,171.301254272,171.401260376,10,927,14024,3945515155b5292c3f842248b9db56ba1f39c170a54678c2b7f5be876169c58d
309,171.80128479,171.901290894,10,930,14075,4f010154970cab2d6f5e3fec92b98486892a032eaef34fba7241af2da0325ebc
310,172.301315308,172.401321411,10,930,14068,b5a25e96265ddcd43fee1e113630231f42a4160d65ce4e76040e6645555951ff
311,172.801345825,172.901351929,10,931,14088,d2bca7de1e4cea0d1f26a9240c0cf7dfb52ec02ad6a14fc562af50fe259bddb4
312,173.301376343,173.401382446,10,932,14102,85eb84b0eb4f3919c5206298c27483e15636b8605939ca2efcdc21445343f143
313,173.80140686,173.901412964,10,935,14144,2c5dddd8f91c55f9beb84cc52771532cdcd66919dacde26725b0d5869789d54c
314,174.301437378,174.401443481,10,937,14176,0f56be4a5880432d4196be79c827b63a8850773fdbb281fff3cb333f9b41f7c9
315,174.801467896,174.901473999,10,941,14245,e2c9abb0c85ed8700f405eed7e064922ae181ed202402c120f7a9b4d963928cd
316,175.301498413,175.401504517,10,943,14264,c4ebf4a19e318c080fa5fd091f1edaa4e4f6c42cacb23a9c977aeae7c764fd33
317,175.801528931,175.901535034,10,945,14295,6779ae1d5c6df5b1ba3838f8496935eff878180205d63d6d31e03a78419e74ee
318,176.301559448,176.401565552,10,947,14343,8376f9492e19c182e964b76634ff4381cb736b5aba2481bdd5b42cf01fe99bfe
319,176.801589966,176.901596069,10,949,14354,8ae065aa2cf50db9c8936f6ea65f9c28653e58a919ec1504edc46e61189df8be
320,177.301620483,177.401626587,10,949,14345,4a671a4dce82fc3ad2d7a2891fa3366cb7164490da741b60de57531eb86c2dbc
321,177.801651001,177.901657104,10,950,14368,7a84f41ff6c9de50eb4f1cd41bd7fbe03ca36c16ed7cf5767c84fcf253d6b8ca
322,178.301681519,178.401687622,10,950,14370,83f04a91ce452752e6f5835949d1f97156ba29729e1a0654a407b0bd296593fe
323,178.801712036,178.90171814,10,952,14406,68e59ccf84679768a8ce72e82beee0cef5a72fe42aabbe4bbcc51f6814bcd6c0
324,179.301742554,179.401748657,10,951,14389,59e205000289cb542d0089a5e03525c448c6f821691c6b3825d788546029a397
325,179.801773071,179.901779175,10,954,14424,bbf36c350024ecee84b431f0e33aa9539360a331f3fa80ba977d08b7a6bf7799
326,180.301803589,180.401809692,10,953,14404,28e141395b80f2f42c4ffb06c8ddb7fc3edde962937884824f6e589739a071b4
327,180.801834106,180.90184021,10,955,14445,df3e330ade1c82ed786670fe5c7a17c4ff2f4448ee92d488fca57cf118b72498
328,181.301864624,181.401870728,10,957,14454,4074ed6cc22ac67ca3e03a437b3c47385001f38ab1697962c017af38cc8b2888
329,181.801895142,181.901901245,10,955,14446,87ead5b02da1414da18ef17102b5578baf5ffd66e4523958b72ee1e94a82888d
330,182.301925659,182.401931763,10,955,14437,8fa90daa9645b3ef1f853909e89f66ac9a023ef83ab5db86fc1728dfa74f7fd2
331,182.801956177,182.90196228,10,958,14494,e951e298c1e288666497eb3d880fef4d7d89b63eacad139158ea19f2600735cb
332,183.301986694,183.401992798,10,961,14543,7acdd7024845c29f2588ccdb9e345803576424af02645c173397276c102e424a
333,183.802017212,183.902023315,10,965,14591,82197a72fb7e348e7754e32c5c8d79fad94f8624902148c37495687eda2fdd22
334,184.302047729,184.402053833,10,967,14619,5a86e56aebd73cd07aa4d581572b6f3262d655f463a34aac1c6370407d09f139
335,184.802078247,184.902084351,10,970,14660,8851ac0dd73028c6ad0b46b529b2a3c1f76b8e2d927b9bdbf85681bbcca93d23
336,185.302108765,185.402114868,10,972,14692,bc15e9f5084c939daf36603cdae32b4e699a101f42e375b7882f10d220c360a6
337,185.802139282,185.902145386,10,973,14720,28c6631c570e229b8bf9097a5be8108fc00e5777dec4345a97b01f078a1e53d3
338,186.3021698,186.402175903,10,974,14737,66e60ad4874324b4e0589c065d3f3a94ef7ac207b8058f7e6b72016c3f311867
339,186.802200317,186.902206421,10,976,14779,03d48e0dcf6cdced2463dec7fa481144c2c8eafde3d1c5b445ee05bb2a96d733
340,187.302230835,187.402236938,10,974,14729,8e7c75c83be46d361af964c142208f923a740c0832eec04c3b4a9cde85bbd6ab
341,187.802261353,187.902267456,10,977,14785,3d3227a84ab5ecbfe757d4e72d7b541e4a4e46bc42dd3b6247de4974200634be
342,188.30229187,188.402297974,10,979,14808,a0d9c4c506c9708e5245c55424d0ada4f758a8c717bc344eb5b27c36a0856283
343,188.802322388,188.902328491,10,978,14794,17055f8a335216fcf9730b3c45f20191eb3c38d8af624ee23b31cb799f6dbf3e
344,189.302352905,189.402359009,10,981,14828,fab3c9c8946d89bfb8140f473e33fb050e99a7463ec39a3c53afb7c6af4f70c3
345,189.802383423,189.902389526,10,983,14880,072ce9d4045981cb9e32205967f5ba352133c5dbc9aff17291693996f13a16aa
346,190.30241394,190.402420044,10,986,14915,2c74a196947c3499b29fd56e7f3cfe4c028f32e80c57a15861d748c6c63cb72b
347,190.802444458,190.902450562,10,988,14935,73708cfff972d359fe347e9c6b50d861fafd3c0836ab2b4ca221d3736662f679
348,191.302474976,191.402481079,10,988,14942,adb59790013de952f2fc5345c614f8a051fde0cccb2178f187abd56f64e3805e
349,191.802505493,191.902511597,10,990,14966,7553b9c74f5a73f1c45f02e17efa5037df6e8cdd361a9eb57c15404728f6512c
350,192.302536011,192.402542114,10,991,15003,c32d9f0ac4d44dd198fec0f3c2ce01d0b49569171c3aa7d9b605acb537728471
351,192.802566528,192.902572632,10,992,14997,5cd73c1ee675bef239185a8774f3731155b60cdb9d4ff8b0a1c2f5416fef0242
352,193.302597046,193.402603149,10,995,15053,0fdd17dc689458734c013f03f6b75e4b4360a446908ffdfff1ec483d3b8d7f88
353,193.802627563,193.902633667,10,998,15090,516145bf50f093927563d202a7edc72f92ed978a6df200f9972fa0b28ec5acd5
354,194.302658081,194.402664185,10,998,15089,c939ca81fe74c971c7ab7e110507c2aae902c6ec12c15a5211dcb0a488b91b5d
355,194.802688599,194.902694702,10,1000,15146,1b3d84a8fbb56bd55f95acf97c9da54e89082a05e8e1d785d22e7c1f9a82c38b
356,195.302719116,195.40272522,10,1001,15148,47d85a6bee0a05cf98780075df0a972c7f3cbeab5566f95c805d0c593d8081df
357,195.802749634,195.902755737,10,1002,15172,f880aabc6905b032915bfd38d4dafc6a87ab744cd68e182000d279ef775e01fd
358,196.302780151,196.402786255,10,1000,15135,c909a141752f55191ccf3cbe9e14965821d292fa38ca4e855326751ac3a8704a
359,196.802810669,196.902816772,10,1002,15173,eb169ea2a5b99201d0eeb0bec572fc77ce398c083f3015ee48ed306c7a860a8d
360,197.302841187,197.40284729,10,1004,15191,7ab7f2caa1d2bd4a323b58f78e053ac18edf0a64bd7f305dcd1de77e32ea3b11
361,197.802871704,197.902877808,10,1006,15223,2149a20646b64a9452006393afe0cd12d3a6fd1e5e83eba8cdceb8055cc475b1
362,198.302902222,198.402908325,10,1006,15228,227c2ca99eb2588c55d987b3d94a896fb55c07506c0c48458998330f01e2b672
363,198.802932739,198.902938843,10,1008,15259,216eab47b25cbda13a6b80e617d97bca930df35a19ffc75d22d68871189a06cb
364,199.302963257,199.40296936,10,1010,15278,be0dae61bb446817ef8270689549f0031435ada1b91e02414705f69b6ce0fda3
365,199.802993774,199.902999878,10,1013,15327,5d23558ce4e73667b034511bce041fe6b2ade6b963e254038bbabaac041dab2f
366,200.303024292,200.403030396,10,1016,15369,90f4a4af6ab780078b9153cbd56af260d3350978d18285023c0a92d912f7028b
367,200.80305481,200.903060913,10,1019,15414,292028c69bd4b296f9a48a13e32a310e2acb225b5e397dccdc38fc454fa42ecc
368,201.303085327,201.403091431,10,1018,15411,6179a3785564fb3dc091c923befaa947b0a677fa593de28aef92d74181dc5c66
369,201.803115845,201.903121948,10,1018,15392,1c999c9c90278467d4ac5df150698ee17050424f36e098f0c81ad6d03034500b
370,202.303146362,202.403152466,10,1018,15401,3d6339cff3770a28a05775e2c6830c6214f0dcc8eed71307a2604b821b47544f
371,202.80317688,202.903182983,10,1020,15452,8c5b4bc19d034381c7873eabf7dbe29de74aef71e249d0a4f1bc09d90a2f5cc1
372,203.303207397,203.403213501,10,1023,15471,183b9fa1d85e3b51f28778e800cc1ad3773fc761c768be3eccc32f62a290ca8c
373,203.803237915,203.903244019,10,1027,15537,18be5eadb417c3fbfa869d9a7f1e019b581edb3bbc827c39237a9b1e73d2d9e8
374,204.303268433,204.403274536,10,1029,15548,c76768d3e7be75d057545040079c2ed0fdc25ec6db42d9a4d658a604b1f997e6
375,204.80329895,204.903305054,10,1031,15605,4c3bf206f9d92b7efd7c0f7bd23ccf75f9cc52a908215e9ac5cfa5b8fc99283c
376,205.303329468,205.403335571,10,1032,15624,95ec9358aac2856afbebb963bae6781b2f0dde956b252e12145c48eaf639d445
377,205.803359985,205.903366089,10,1036,15677,745d3a4bc5dc15e9932a0f3eeb3a0bc37b6cd7608b1ff07b09301c65929c644c
378,206.303390503,206.403396606,10,1037,15680,12e141bf71cfc865b6079ea270ab363a097fca9db7a62d286469ca52a6118843
379,206.803421021,206.903427124,10,1037,15697,c3aa149c705172bb139a39afcbbd80ed5c142cd21b8fd1b9d0fe7507359283c6
380,207.303451538,207.403457642,10,1036,15665,296d049e18495dce67ecbe6863af9a7e20d70945f849ece9f59e6520bb8a4084
381,207.803482056,207.903488159,10,1034,15649,4ffd8914d3db4ab32faab617b911149544c264ca3c353260a9f2b1bb09db01a7
382,208.303512573,208.403518677,10,1035,15649,2875ead308b46b6d9c584338aa5137dbca7bc4bdefe7d095c4e4de9f360f5fee
383,208.803543091,208.903549194,10,1038,15699,62062519fe03af1c11fae1d55fcd10d30d35099bcd0aaff060fe9bf40146f1d7
384,209.303573608,209.403579712,10,1038,15708,43b968e57e0de154aa50589b118b2d8d9159357e2a72a6d79bb69f7f83351935
385,209.803604126,209.903610229,10,1039,15728,d45c365d073700d2dba0054665b5bcdf98776d308f9f661d07835ecc5fd8672d
386,210.303634644,210.403640747,10,1038,15718,64e9d18683098bd2fef53abb80834d60d901740c57bba7046adcaccaf72a3027
387,210.803665161,210.903671265,10,1039,15730,4b9e9bb00f7e94d5079c93d41e88e6f3d983db42ecad0738e70ed779de70ba01
388,211.303695679,211.403701782,10,1039,15729,0df0644b4e16633edb66cfc858fa2fdb30918ad1d92b2972950ff4d144bf5c4f
389,211.803726196,211.9037323,10,1039,15719,c2774d4d4d145de386f0291b191c6d13337f70efde72da09011a4d238f2fbba6
390,212.303756714,212.403762817,10,1042,15757,3251ed864922c5bfc86a3c7ffe1e03706ab14a440d0db6e36ea57d1fdc6b332a
391,212.803787231,212.903793335,10,1044,15800,024d4dfba5752a5a235b48011bbe2c9b78f1260bb42d506232ff1abfdb013916
392,213.303817749,213.403823853,10,1046,15849,d95f2d30d8e77cb2c780e095cac9b75f880fd9fcc0faa60642cb7b2fa76a0388
393,213.803848267,213.90385437,10,1047,15854,06865074e43886bb4593ec2f871edb43dd4b251e4b2f9d9811227e572c6b7312
394,214.303878784,214.403884888,10,1044,15805,ee904576ca060234d9ae5e64c07e6d7a616235b080884093e95fe13e439dc840
395,214.803909302,214.903915405,10,1046,15835,1ffe266061b75e8831ad1282a315ec4d28b8f9537c0e101fc81f7dd939931332
396,215.303939819,215.403945923,10,1047,15861,f26f0efae8ebb0af0d1bc875e10dad23261312cfe07e800c4294ad4842066198
397,215.803970337,215.90397644,10,1046,15842,f717213df26cd643474e8b7c2d6d08771d071b77853645f5f69f656a02f5ae36
398,216.304000854,216.404006958,10,1048,15867,9fc079b9533698b9beaa8e113014b3aab31399894ff0d569825bbccc04476772
399,216.804031372,216.904037476,10,1052,15950,dc06f67a7b3a7caf330c3f9c3e0dabc5189fd3620bd0ce54ff10b758b7db14c9
400,217.30406189,217.404067993,10,1053,15963,d5af63ecf5395d0cf4a8cebc1d51d0d7542d0dcce00b0bf79408046a535417d2
401,217.804092407,217.904098511,10,1056,15995,edd37a7b6037ceeef2b995d4dad78b17b3f873ef507e9a4147cafb1c928b5019
402,218.304122925,218.404129028,10,1056,15996,0b40e3b2fd5209b20004fb80113cb08f57ae3eae9f4ab73af84977e45996d648
403,218.804153442,218.904159546,10,1059,16056,73eb9a449d533b9a1ef6d0720515ec85a4ba68e4c5d9157378edef8794916c9e
404,219.30418396,219.404190063,10,1060,16074,f7133bf130735506221aad4a3df39a3e70c02744318ca88ac2fa7cfccc1ef9ed
405,219.804214478,219.904220581,10,1058,16044,2c001a679d59ab172f8b8232ce3590630e2dfe364ba571698c09b8c7611031bb
406,220.304244995,220.404251099,10,1057,16016,056d6c8852397ce02b2f08f7bf722e9a6a94d4ff97fce274196885f67db6b335
407,220.804275513,220.904281616,10,1060,16079,95ee4d2705aa3ba86097a63c3521436f60060c8b6a394da4464b092d51626636
408,221.30430603,221.404312134,10,1063,16112,d6d27299b95f3447218e973557897d941a3113cf0528868906d20536a149879f
409,221.804336548,221.904342651,10,1064,16128,09cca633756e6a6348f96831c72ac0fbfc7db2e34bf59fc8e09e129275061e55
410,222.304367065,222.404373169,10,1065,16144,0dd2586a3a8dac3c40dbffe04bad8c66f28795baaca4511b9a3d09ba1de7e949
411,222.804397583,222.904403687,10,1067,16176,f19e12c05ec31f8e6c289a5a43aef929d58f01b2fd9aec627b134a0b0e21c872
412,223.304428101,223.404434204,10,1066,16141,704c4b1e7c0b6c280dc3a1b262d3c4018925ea59e781378b427f4a6584fc422d
413,223.804458618,223.904464722,10,1070,16219,1cd3f3131287f053aea9321bdebabbd7a8616d9230ac73485af009df0ac358c6
414,224.304489136,224.404495239,10,1071,16233,235f96c14f659b7f887856e9b15fada5da11d17c21da31cc02d438ab41fae76b
415,224.804519653,224.904525757,10,1073,16266,58d44e2655bc0e470278424ebcf25e147837bdf310ca3fb16253f4e18a12cf25
416,225.304550171,225.404556274,10,1074,16285,93b9786b0fd484f53aa7a4b8f52ba844d4eb32b2dd5556c3d6bba8a3ae9d83f2
417,225.804580688,225.904586792,10,1077,16326,a5dc49a0ac7c44b11eda0d0175a61b6c721aa73f926cb3c14c6b1bccac21fca1
418,226.304611206,226.40461731,10,1077,16321,b52aff6a1979c463be9a31ce8b2e3abe8c63d9fa5f844e3c058604d6c61ee941
419,226.804641724,226.904647827,10,1079,16382,4ca5e7d181107ce08c9ee82fc01977a79377d6b9d34f109b6a3b4175af7eefcd
420,227.304672241,227.404678345,10,1080,16379,36e7849e8d2adbcafa504341caa4c2e794ed840386970dbd3a2701994535c311
421,227.804702759,227.904708862,10,1083,16418,d1a1a94b4c78e445cec0067716045fbe77664f13803aaf81b716b95b263159c7
422,228.304733276,228.40473938,10,1082,16385,4027ef07a346bdf1bd2e1e7be483f4f6fa743b92aab046154cb7db07885df953
423,228.804763794,228.904769897,10,1086,16451,3939d2652ef0c807f5b7df3fbeecddeff0b791a6a2536be26ea055b3dbc1ba76
424,229.304794312,229.404800415,10,1087,16456,86577f982a3d819e3d2e4edbab85481771dc21187334e94855e40e392e89a5c4
425,229.804824829,229.904830933,10,1088,16508,52ef199ecb8622cee1fce6eb83ac0c1bb6abfb9daab3a0cb5c80486f4080fe3a
426,230.304855347,230.40486145,10,1090,16518,c6b576f416434b15272366b52c85103e8744bfb2fe8177ff430b0732dc271be5
427,230.804885864,230.904891968,10,1092,16541,faeeec8f81e8a0f662a77f16f90d5141d2642517bae5a76357eee9ff2928949f
428,231.304916382,231.404922485,10,1090,16517,0d90602281540775698963fdf409c7848afeb49df91e3b20047863a93d574866
429,231.804946899,231.904953003,10,1090,16509,b00bd6064999f93982209f613800ec52d013c2bd81819a67e097c9bbb00b784f
430,232.304977417,232.404983521,10,1091,16530,fd54b3ced4cdabe55f1327af1740ce597638e99351e8fdf622095c261d75be20
431,232.805007935,232.905014038,10,1093,16547,524fb1ee44a93d06fe599ae10e31c28f5173a13db476d3be21082bbb12bd4a19
432,233.305038452,233.405044556,10,1094,16571,47f0e7e8c3c007877ac06e0beeae51d9dfa2ea9308db1cb1cf6498a5f5f8bd4d
433,233.80506897,233.905075073,10,1094,16590,86efa00853a4bde045782d9902965943ebdacfbbd6fc28560669396241e929ec
434,234.305099487,234.405105591,10,1095,16591,8e60f5030c70d5d3c16305394284f12451b086d16ce45d9e2f83e05eae83206d
435,234.805130005,234.905136108,10,1098,16624,c959f83a40791cbc2474e8baf22521bb00796d4a9a4f011baafbb6bc0bc30e97
436,235.305160522,235.405166626,10,1100,16656,5bc26ad4229e6630e6e35c413f502f78a28f88f5367dedcb1189db976b58b38d
437,235.80519104,235.905197144,10,1102,16701,63dbc556b61540e2f5cc577408f5b52cfa95bd7f038a9c670c95c932d4497139
438,236.305221558,236.405227661,10,1103,16685,04bc6f63cec99e887ca09f887f4af97a894d6b66868a60f9936448b82d1bc9ad
439,236.805252075,236.905258179,10,1103,16697,71a03f6207c23553c33d70814d7d14f1ce9611b5c7f4391c854e2e2f25b0dc73
440,237.305282593,237.405288696,10,1101,16693,8320f953cd2961a862953990606e89e248b09c2326fcfcae78bc7e6040a2d078
441,237.80531311,237.905319214,10,1104,16718,fdb223da16245c423198d4e80147ed4f120b8edcd343a6cab710597b321f44e5
442,238.305343628,238.405349731,10,1106,16743,6fa7a3612ec62d474cb59d333fa759c76ec73a6e764846561f502bb74fd43db5
443,238.805374146,238.905380249,10,1109,16788,3165b43b748e2b6a9d6e4e6cc79ca4b2eac0e4555abedf62ff375ea70fe218e2
444,239.305404663,239.405410767,10,1106,16746,d30416823dd16b42c8c4a86d7ab930185953fdf7568f958762abff699fd8954d
445,239.805435181,239.905441284,10,1109,16784,423169a0a27df417bce24fb92302a0ecabd6df39b9383b5ce4e8e89c7899b3e8
446,240.305465698,240.405471802,10,1110,16787,7b211bb54d2a7ae060e9df7f7cb72167cb1377c9ab7a86a5f5ef6d473029ba3a
447,240.805496216,240.905502319,10,1112,16834,e89ef0623567ca229e2f5a3e8ebc7850decb6902a97abbcbb30e2ec6aa68de7a
448,241.305526733,241.405532837,10,1109,16798,af7fbfab7ee4fb0eae12cc867723bd12efce53029bec6812befdce0e7b791e8a
449,241.805557251,241.905563354,10,1112,16817,d97c4d406b255a876fc28e145aee27ce07245590cd4732793619f174ce321a8b
450,242.305587769,242.405593872,10,1112,16829,79c2fab59385beaeced1bd22558105b5ea25fa1150102e22153468064c5065a4
451,242.805618286,242.90562439,10,1113,16845,c34643722c528d3d5ab29fc952c616136f26d44dfaf5f5f839433eac6e864d49
452,243.305648804,243.405654907,10,1115,16883,27c8a7b12cdbcd0e3f8d64bd91ff5819443a8bcd777573f15958ddfd61f6e2a8
453,243.805679321,243.905685425,10,1117,16887,8bce1011fafa5ad2d84017427da179c1eb0281a1b79e8faf96518f52e4676676
454,244.305709839,244.405715942,10,1117,16893,bfca4ee1939744ab4ffba223fde4f290b5520787cfca6631a01b60a062e827c9
455,244.805740356,244.90574646,10,1120,16957,62a94df66726884d91318f64c7bc0d61fe765d4d961d3727224d57e670bcf2b1
456,245.305770874,245.405776978,10,1119,16924,af7e545d13da729f1a67b347d383acfc50d9d1fa162136235850eff270a1c980
457,245.805801392,245.905807495,10,1119,16932,95742e7cb420c2bfb8c46a3d755d80b191332c613efc1aa38bae548e60efd98a
458,246.305831909,246.405838013,10,1120,16939,26d8e034a693a241a2dc8a7a4e16a99f6ad71df218a5acae1a884018703353a6
459,246.805862427,246.90586853,10,1123,16982,cf4e23e072b6b824426d071be5b7204cd24ce010ed7291d618b79f32f69c0a8a
460,247.305892944,247.405899048,10,1126,17047,aefd1889dae77cdca1a2d05718da881a07dc73b9b2df7e6157ff6e71251a95ff
461,247.805923462,247.905929565,10,1125,17030,ec5a7bd8e106604db43ca4d16b8d196b248206cb5313add9dd3285b997500c40
462,248.305953979,248.405960083,10,1125,17028,ca5993a311f12bf422429fec35016994196a21e2c6385fd0fb24fedf8c7c8201
463,248.805984497,248.905990601,10,1123,16992,eae6b2ba2553547ef02c8f6e95500adaca488d7e287d2aa2c39782da73f1615d
464,249.306015015,249.406021118,10,1123,17003,9af584758ea094d5e144cbccd39e2b6dad472568ff8ff11d7833a1cd59efacce
465,249.806045532,249.906051636,10,1125,17041,f0d2fbb31dbe9f791bea106933503767db45880e9b9e7a9fdb42c3914cf0e268
466,250.30607605,250.406082153,10,1126,17049,8851b52f9a6ddfa5c76202361b98bec02621d30b7efcb2429ab865ac73c05ee1
467,250.806106567,250.906112671,10,1129,17106,67a45a2083f8c04c9edae54046a11534167fd7d7ccb255826d37e1c1c04a9da2
468,251.306137085,251.406143188,10,1130,17116,5535badc51e51dcffd8c17503cdb3eb197ead6a76a7960257e9478af341ef2d4
469,251.806167603,251.906173706,10,1132,17150,061cf1a86ade4c288af912915bcb73241ae6ab68c162658673a162e9e18cc558
470,252.30619812,252.406204224,10,1133,17149,d5de11c723d6c178f37f2ed72981c0728bba786e16186bea57cfbc99693f65f1
471,252.806228638,252.906234741,10,1136,17193,38826ec3455097a3e68e17f3ba3e6f792f93f0e9db66b64a918ce1c4873eb6cd
472,253.306259155,253.406265259,10,1136,17199,6d62eebeb9f38cc4cf2442b9ecc79ee14a740504fc21ef44eedd3aa70a61ece9
473,253.806289673,253.906295776,10,1139,17229,2e67cee6a4a42074647244223d764895c707a8afee58020d636bcf62ac36f7d4
474,254.30632019,254.406326294,10,1135,17197,710eed7ce53c0d57cda66150841884ec3adf801dd351c79097331de9c3f6840a
475,254.806350708,254.906356812,10,1139,17235,fe078181d4c15ccb1cdc782ab768cdded4dd886dbe127a57ebde604fcd6bccef
476,255.306381226,255.406387329,10,1140,17254,9d2305d03471bde8a5e4e29f3f8c34e96a62369d5b85a3f79174125720ed83cd
477,255.806411743,255.906417847,10,1136,17188,6a754bd183c47297beceee7f38fbea1282ca70e758780647fefb51fa7a8bd5b5
478,256.306427002,256.406433105,10,1137,17218,bc3547a3573cdd1cb3f49baf1315d504fef959bf2b994305fb855953a042196f
479,256.80645752,256.906463623,10,1137,17218,2afdb2271a7526b56e35f15be9e4a4428b7ac6fd614e883c1a193e63ce29e7be
480,257.306488037,257.406494141,10,1137,17214,afe64eb62915458d837621b8cc9769f01d0c0e60d43b3cd1f1e86c3f18db0777
481,257.806518555,257.906524658,10,1137,17217,ec86c09b6288f1cea8095909ba1d9a035b200b9ecfc973185dff07bb070a468d
482,258.306549072,258.406555176,10,1139,17226,8a5fd86ffe0cda2b33a5491e71e504c093aa50aeacb78fa96c5801dee5ae58a7
483,258.80657959,258.906585693,10,1138,17224,54120da89a0d7c7ea9c3a5644901f54f8f4ffab993d72cd2318cbc283bb5e117
484,259.306610107,259.406616211,10,1137,17228,a08da9329c7c9ae6f7ae62e40e4efc54a7d8a089b500096812aa623b0d0631ab
485,259.806640625,259.906646729,10,1140,17265,cff4a5ad8b93bcc3c3e2a001272e6b03d23977dc753899760b47fb13d905ce6e
486,260.306671143,260.406677246,10,1140,17253,71d68112405e83fb6b0e25753302249ff2a29576c0cc4c00b6e6b9d21e899f69
487,260.80670166,260.906707764,10,1142,17277,030c5f80e055d8b8a17c2919a8bda03d257ca0a8c55d1cfedf07065f86897057
488,261.306732178,261.406738281,10,1142,17260,ceae8219117464449887628b24bc01550173f32f2ada1b20326fe61fa5c4fa0c
489,261.806762695,261.906768799,10,1143,17293,ffc9c8ba2457c9b8d652f3f8b1d7d793580e1d3547041178c6aaa0722fb50a20
490,262.306793213,262.406799316,10,1142,17273,f19023531097eaa1795011f93a7858b7052d6032f7e6be1f3aa23d270e9f59b5
491,262.80682373,262.906829834,10,1144,17298,7c456e18dd7ce5febb6c6aedbc4991ebff54f8dd31c51b78d9e1666ea4615de8
492,263.306854248,263.406860352,10,1146,17330,702417aaf754945b905e16e3de06355df8da79841dd6b6383895c4d094d02e37
493,263.806884766,263.906890869,10,1148,17370,d6aaeb39872a05e3912f70c633d1997f2c5bce1f9dcf3e2f73ea6d05042bfa79
494,264.306915283,264.406921387,10,1147,17343,8b4312888c505215b42ed71ea5340d34a0c8f2b83cb5273c0fe66a482e98223c
495,264.806945801,264.906951904,10,1146,17338,958b144c54f6bdde07593e2f2b750b9f3393a189173800ede1de4860cae5baed
496,265.306976318,265.406982422,10,1146,17322,f00379946fa49404e5b443845b04b9f5d4ba8dabcd8dc3bdbd44bbee09e955cd
497,265.807006836,265.907012939,10,1148,17376,4ea5c22a58941bf394d6d9c6bbe1eb0b7b6148d95c5d4dd3dad1951bee422e7a
498,266.307037354,266.407043457,10,1148,17345,0bd78ea67acb1732c4b1a930814c4aba59dea7438546e9e3e63e972dc586c48d
499,266.807067871,266.907073975,10,1148,17370,1a0ecd7f8dfee094c1a69565ec0c1a469569a13a25cb38cc40c59a2e16f636e9
500,267.307098389,267.407104492,10,1146,17337,515b57f7fd7e573a539f7f3348389ce3c0541ef510729ca6b066e64427f84701
501,267.807128906,267.90713501,10,1146,17348,ba22bcf41ab5647c12664f1ed7de26fd8fcb1b92f85103a185d52de922aaffb3
502,268.307159424,268.407165527,10,1147,17365,d42ad5a21088519e5f119f555b0bd69765697be35986a20695fa675c4d563e72
503,268.807189941,268.907196045,10,1148,17375,255c13650d13b6dfee2024e3d1f5103049d5a83f3d681a432a7fed704bda57f4
504,269.307220459,269.407226562,10,1145,17314,4c1ecf90a3fbb8c85d64bde0acc240c1ec48a4f988b33df04e584cf23ff5e1d7
505,269.807250977,269.90725708,10,1146,17329,d404e5a8650beacc6bdec2024d6aedce3ce2c55c6841257ff11b9543e90ce0cf
506,270.307281494,270.407287598,10,1145,17325,6f25228c4c3456ad67bb17b5a3e9972548bcaaedc0e5d6d3f27cf4b1ec3d117f
507,270.807312012,270.907318115,10,1149,17373,171b0187f8b7ad58012e07ea356c60e9eaf879a3d22ffa99bddae63fb35a6f75
508,271.307342529,271.407348633,10,1151,17415,9c8b7e6d4305af6c05da9729b6f6af701ae1d6411af8539a30d02de693a2c398
509,271.807373047,271.90737915,10,1154,17436,21308b1e759f26cba3df9c0f210c79ace64a77b5c0dc6b0b3cd555611df2bc13
510,272.307403564,272.407409668,10,1152,17417,3e7b7e0c072796fd35c9c1e02d93b5bb2c65ac0cf3750b225704c433a399064d
511,272.807434082,272.907440186,10,1156,17476,54359c31f165ce43d1d2fb2c2227d13995d2c4d82707ba4bf0788e96fa85aece
512,273.3074646,273.407470703,10,1155,17449,b813de1021e0397344191840af34198fc9a2b982ff585e28aadc8f945eb3cb8b
513,273.807495117,273.907501221,10,1155,17460,ecd1e197232844d4c1141bd742b81500f1c09aa60ff23dd1e6dbcd34bc4caa79
514,274.307525635,274.407531738,10,1155,17482,45d70b76c9dd0468bbf0d5c18570e32f1ea55b7efa098acb6a350e79c51757ee
515,274.807556152,274.907562256,10,1158,17507,936d7a6feffc5b96bca0ed37d47d13235b46e91b54cf78d31c7ba98dd4b85367
516,275.30758667,275.407592773,10,1158,17503,4e9b98a5ab87bb88ed35983eb7021591c93df93b74050dfca523c7e62e3bc811
517,275.807617188,275.907623291,10,1159,17537,bd8c0b62b5bb0fa1bcc0de1a2a224f02a2fb1aaec9d78629c86a9dbe8a50df8c
518,276.307647705,276.407653809,10,1159,17536,c5ba289f68832ad44d44e67a6ec1d05fafb512de943a25478c8270d1025be38b
519,276.807678223,276.907684326,10,1157,17488,49b1464917a1a0658cc322379d22aa445c41c1e73a8f044397400a8bc72de87c
520,277.30770874,277.407714844,10,1154,17443,3b537d5572259d2ae9e083a7e72e42e091030c9b9fbfd79cb6c730575d2165c7
521,277.807739258,277.907745361,10,1155,17451,91b9d7fe05e5efc5c091f843b6719d01aac1571d609539512a453738a4d45a67
522,278.307769775,278.407775879,10,1156,17464,7c549c33d4f3bbc87c8f34bf7bf16ca491d7cb1bedc3ced4356bb2e00e995fb5
523,278.807800293,278.907806396,10,1158,17514,92ef00db2dff9a4210e1f9823c897d030d688a628aad4b5516c0e6bb807fd753
524,279.307830811,279.407836914,10,1156,17474,860fcb3bb313893dadc1023e2e1027b208ef5cda321ead15b279dd87a68547b2
525,279.807861328,279.907867432,10,1158,17522,fb78734f8d5dcc8e1c43388e8771e1ca62ff91caef35c098a5b4064bfb32195a
526,280.307891846,280.407897949,10,1157,17490,e3aece068e27fa60a4f02cdede6b2a4eb1e82ece3b1f2eaceec3c1ddb2c8d10c
527,280.807922363,280.907928467,10,1158,17520,e744aad84ab07d7a02b239e11d3397c902f896ae834d9c1d18f373b8fac72515
528,281.307952881,281.407958984,10,1158,17505,84670b32dbca22599b5c2843399a7cf43d698e09408447efee72ec9e09ba81cc
529,281.807983398,281.907989502,10,1160,17542,b1958335fc77227d7731b642bfec00d1cd14db447a962c48244e2fcf069cdbfb
530,282.308013916,282.40802002,10,1161,17545,c0776edc92c1b9ad94cef428e6c5dc3c6104bdb1429ab39fef2c0bfb3c1848ad
531,282.808044434,282.908050537,10,1160,17548,2c294d64f7349a87387fdb383f756fe3492dc6e8a832907494feb12388eedfb4
532,283.308074951,283.408081055,10,1158,17519,d208fb58b35efec626dccfeb7e4ef92e8134139c3e3034aa3fde9005fa76ffdb
533,283.808105469,283.908111572,10,1160,17537,b2244daf057e215732cd336d172960a43c148f486cfb97c62d4486f7fd8d8141
534,284.308135986,284.40814209,10,1161,17560,fa5fecbd68f0f4cb57cef4f67c6dcf3d14a6dd1b47e07a297ffd5c64a45a62b2
535,284.808166504,284.908172607,10,1162,17591,3a01242efa5d5f6420220945e983ccf27868440fcd11baaf8bf629ee5193a92d
536,285.308197021,285.408203125,10,1162,17575,3f8fc6ae2ac569a1386a262cc6fbb1c734d119446dd14ee6afcba4a600b95e0f
537,285.808227539,285.908233643,10,1164,17612,7ed8faa0e5427ca7eeb5da62bdaeb5e30ebbb1e065003cee474368e4b0964f45
538,286.308258057,286.40826416,10,1164,17603,38b551d3a39524b7f53bdc41229e29775c78c0fcbd4071bb9ba26dc610e7031c
539,286.808288574,286.908294678,10,1166,17623,98c97ed2f74e5f68e917d5706ee04616992c4a38f18af9fdcb3bc374d1f12fa5
540,287.308319092,287.408325195,10,1167,17643,89873cb55cc63da01a741cb7c3c64e046b434ce904970c73108dda06ff7eb978
541,287.808349609,287.908355713,10,1168,17643,212d659de501b179115d90427d0ac681b374261356fad61419e70cdfb8dd30e1
542,288.308380127,288.40838623,10,1169,17666,b6a92fe5ca14d6e3a651f265bf889c431c13c2270fe5409430bd8820c4e3175f
543,288.808410645,288.908416748,10,1169,17673,b8089ee7f8c32c7797a670953ed686792278add45abc0ef6a69dccfb69c4e1d6
544,289.308441162,289.408447266,10,1168,17648,f61c115a5ffef0c6c43c9c9e1019bccb1f4d46544eca52f1373c19156932cb2f
545,289.80847168,289.908477783,10,1170,17693,a3e90a848509eb226d710b87c946c55b6786e7d1e8f2742ecf1c54b8da1c4315
546,290.308502197,290.408508301,10,1171,17693,1f03992fbe2e2ba9b1a5701c5c50e215689dd92018dc1d3eb4fa0777b1451922
547,290.808532715,290.908538818,10,1168,17659,853fb7b20427c74b80273e5b78dc0c7bf5e558aa666583a7b1a9527079b27c26
548,291.308563232,291.408569336,10,1169,17656,a485473797c8c25dc7f2e4a32efbd6aecc85d3941726e6ea18c7ee12a8fd9c72
549,291.80859375,291.908599854,10,1169,17653,e78bf673d7a41fe5f512e4005c961d020dd00e88b81e66452a48c192410b2295
550,292.308624268,292.408630371,10,1168,17653,d3745411dd45c442eebc150795260ad9e3344879b2bf7d0e43691fcd7a56f026
551,292.808654785,292.908660889,10,1171,17697,1ef605313b2d7683d6ffc7eb0638b2ebaadc812d563116c1ee2377acbf7f3b34
552,293.308685303,293.408691406,10,1173,17758,257feab5741daa4c493dad40ed6e9dc5f2e1bce8f505c30760a954f850b6ea1b
553,293.80871582,293.908721924,10,1174,17739,8b735b80d4caf7adf8fb7bae2380aaee4eda99109d98eac16a722bf8f8f3854a
554,294.308746338,294.408752441,10,1176,17795,9140ff731da7ec2996655b79d6373256ce4c0340c79f0ee824c64ccd661cbda9
555,294.808776855,294.908782959,10,1178,17816,7632f5b92f19a480b2b9067f28e988d885ed0b1cd7ede50020b99a94778d1282
556,295.308807373,295.408813477,10,1177,17778,204ca703b12ccbbe609ec039312e2347a980b6d06dbc032e0395fcf6b7ca8661
557,295.808837891,295.908843994,10,1177,17792,ef515bfd5ad7a49341f76887fe2d433d96f9cdc0ddafd1bde5a11bc4a5461550
558,296.308868408,296.408874512,10,1177,17783,56b7ab8fda801827c30d4779f96735cf3011402656f9c54ec8d061e75d80bd80
559,296.808898926,296.908905029,10,1177,17792,b3c07f1921c371ca5c1fc1d92ce6fb5418d7ee4af823e9e64bb2104185f0416b
560,297.308929443,297.408935547,10,1176,17764,a88bfa768fba57dab15dbbd38da50a67d41f1ca5223b2609defc6ee8a49e8b27
561,297.808959961,297.908966064,10,1176,17773,f3e9f463d52601648515c8c2aa03d178090f246a72ff4e37b8216ce83f8400ed
562,298.308990479,298.408996582,10,1171,17695,f93d13aa31e82ba340500f4c9e72fbb9830d8af9cf9a7ff8ea98b809bf62c132
563,298.809020996,298.9090271,10,1174,17759,5ba05478218d7456c3e5b72ac5d64ab9ff56635680fb308de067bc886f94f59d
564,299.309051514,299.409057617,10,1174,17740,9588dad5689ff3a69166e1f847d78afd5163209944ffb2560ecf86d1928a85d7
565,299.809082031,299.909088135,10,1173,17716,fb715cdf43e33b59b0d6d43dec75b2e4981933e47185594ff345315a4a93c411
566,300.309112549,300.409118652,10,1174,17743,2e6be5be5de65b7ec2b02b80e7cc3ad84ead63435bcc6ea75219fb468c9f02c1
567,300.809143066,300.90914917,10,1177,17776,a59c4a1adf97018c4fda23f18e575e642bf6b7023aa3c4ab9883a66518ef956d
568,301.309173584,301.409179688,10,1174,17757,0166f91d1f59265090528b24ef5bd8379c884a6f9d78a2b89456580ff5d4603f
569,301.809204102,301.909210205,10,1175,17758,1933910cef6839f892e6a4b291614fefc6840b237f25d9233d9414af699bab58
570,302.309234619,302.409240723,10,1175,17755,72720b60ca530dcc3222ab018415bc7dafe41d05c813a2851d671035d2dc9962
571,302.809265137,302.90927124,10,1177,17794,5ddd6e6dcf1afe82a565fe3ecf3f84ca7d68645e5e2156a31db364c5601228f2
572,303.309295654,303.409301758,10,1178,17815,9e523012095079900795da0d1742f8fbfdf7d99f088c5216782818a0546df684
573,303.809326172,303.909332275,10,1179,17816,f484cec1423a5b9cbf801c7bf50e5113ba5740137d707bc49e069da10c0c5e69
574,304.309356689,304.409362793,10,1176,17782,70b7d835d1c0a193a25dd7927b7134d833b31774b02eac3c41fc0f36c677df15
575,304.809387207,304.909393311,10,1177,17787,afb2ecad491a68aab9572af094108a244c92d47e7f959b4b408885842e208114
576,305.309417725,305.409423828,10,1176,17778,aded15262df9c21612204fc920164ff202875b2d4350ae7efdae9c01b1912e00
577,305.809448242,305.909454346,10,1179,17830,a5b0c2ea969a29bab2312e5316fd5e9454334ade5dc6c06ccd204746e8b72de8
578,306.30947876,306.409484863,10,1178,17812,c616c7330eea58ec8919e43741a73b8b097bb24e152138dc328ce045d1daf16c
579,306.809509277,306.909515381,10,1181,17847,bfc198348076dfa70cbf03048d4927ee284909efe573ff1327b38a1bc7ea2436
580,307.309539795,307.409545898,10,1184,17891,34da83b58a95d6daa0dd991b3bb5a44d0842d137f58070761c7532975bc9ba33
581,307.809570312,307.909576416,10,1186,17930,02d058cc65500fb74a326111948083a7cd48132e22975a4616b529a84ffd88ee
582,308.30960083,308.409606934,10,1186,17925,3628fed419c6a0f5454245122f99e607d0090fb8b994346fa9ac3f13241ea55d
583,308.809631348,308.909637451,10,1188,17972,4ef94041d94c0cf7f3aa6c41433964c703607553426e27a764ed67929a8f9e1b
584,309.309661865,309.409667969,10,1187,17943,27173880e7ef9f3bf1860abfd74d2ae57a57a17e859b5bbb93f769d7031b2199
585,309.809692383,309.909698486,10,1188,17954,21970d076c5e599f0a004a33425dfd48c7a5b95543f42cfbe7f6c03b9601e3de
586,310.3097229,310.409729004,10,1189,17977,afcbb93416051697741209048ce09106da9ea30fac1d7d7fcdbcc09558868fee
587,310.809753418,310.909759521,10,1192,18027,ec689da55c60549f394040c99431c01edb90860a514fd30d2ebbf7320bb6e591
588,311.309783936,311.409790039,10,1193,18023,6d1ad5d76e587dd1718474ec744f006089abbf6bc42354ac8228c303d276da0a
589,311.809814453,311.909820557,10,1194,18036,b32af3554960b68f042c63f1a27516f17d8c60739d0936fa50b28938863a8353
590,312.309844971,312.409851074,10,1195,18069,6d69194b0b2ee3945918cc8e2b8a71c8ea4fb4c9490eebabd817699e422e683c
591,312.809875488,312.909881592,10,1197,18072,8ee7e331162f00cfe4dba292d2b0a91067c5e84199531a7e08f47bdc90f88a43
592,313.309906006,313.409912109,10,1198,18113,8ededdd9722ed6216c8d5d00a42299c49147f8304b0071f39248cc897bc692b2
593,313.809936523,313.909942627,10,1200,18149,f3e72701511b638b76d6714ca88b39de766d4fdcb1332b785f0ecfbf9dd560f6
594,314.309967041,314.409973145,10,1202,18176,149bb287507d9333c356356fa86f06fe7c76d9739426a7a8f6059a9101abd0d8
595,314.809997559,314.910003662,10,1203,18177,d71a46d6ef233caa935651e0a77571ae86340ff1c11d325f727189b3f0413cf8
596,315.310028076,315.41003418,10,1204,18179,8492d2d883edf43d504e27b1ce3bfc47c80d3bdeb035278aab28994a7eeb8d1c
597,315.810058594,315.910064697,10,1207,18240,b1b2941ff973c9ad047dd0a40fd5b66ab0e10bc0c30e38e8356ecc78c9449789
598,316.310089111,316.410095215,10,1208,18236,46d20cda15c61bb63bf7ca5e68fa26b780a331795c61935e7494034b77746c74
599,316.810119629,316.910125732,10,1210,18259,f854778f295b043f5bf6e367fd9e3a65552871df9c828e9831a5e54961554d83
600,317.310150146,317.41015625,10,1211,18291,08da06075db6eea1bf8fa6b36d4d8bd3661de386934765526f4f34107d03afff
601,317.810180664,317.910186768,10,1212,18320,a0b74c90016795e8b9eead2ebf31226ab1531aebc490d114494148ca65e5d6d7
602,318.310211182,318.410217285,10,1213,18325,450800f301e2fc391e00b54ab2ca808947a3f8bce6e904de988b367e1f3de006
603,318.810241699,318.910247803,10,1214,18348,990fe652140212b340ea734345a8c404d1d8346e5e92b4cbb7709b8ef927a919
604,319.310272217,319.41027832,10,1215,18334,f5d417688fbd0120a53765a24a7c0084f92dda9cae6c2ab73be62d0e457c05a7
605,319.810302734,319.910308838,10,1212,18307,18bebbd325d8c526fbe88ab7e6192eeca652b03e0d21a5beec3530af0bae8e79
606,320.310333252,320.410339355,10,1208,18239,1652c87a363fc7e2e6d6ade52182bc0f7007bb3221581def4cad5efa71b10800
607,320.81036377,320.910369873,10,1210,18284,33e761473d61ee4665d27d8c05b883eb5295320b5905398bd272f12e1618cb19
608,321.310394287,321.410400391,10,1210,18284,c398604fcf011b18fdf5c78ecd112076c0dba56188084b94d7d7728e143cc620
609,321.810424805,321.910430908,10,1211,18313,afb9d89685accf8ca81e2f6d1cae4e6f2812b85ab56768f3b1d08d3b5fd1bda0
610,322.310455322,322.410461426,10,1213,18319,4d3f03224539e4881073c825be9492574fe59f37134d7456167c48c4b59b61a8
611,322.81048584,322.910491943,10,1212,18306,33aeb38811c686ba8de062b0d05aa21fd720c4ff115baa50b421a151fa6dfd50
612,323.310516357,323.410522461,10,1212,18329,c2ac126ad13ecc08ec249eb9f29224080d88b1d72eeeb6b7d89be4d8c076d62e
613,323.810546875,323.910552979,10,1215,18352,9700db2b2eb4609c4e07614216f9699ffcc51cea8322e41cf90efc26d219570d
614,324.310577393,324.410583496,10,1213,18327,ba9e29480de0b776291d5a24cabe04dee7d3135ffa638d1d69ffb085c2d3f177
615,324.81060791,324.910614014,10,1214,18325,a1b8077bcd043760af0b2f61e2ee725c3851b8f2d622dad795a948f22ce4a0a2
616,325.310638428,325.410644531,10,1212,18324,6b1d6c6e08168800ac2db40057fac5e0d564bdb2a52e61e428fe63cdad1b66e1
617,325.810668945,325.910675049,10,1211,18292,fb381362b76d9201ae8ff5c384d617976fc42a958c85d81b0ca78d29c2819c32
618,326.310699463,326.410705566,10,1214,18329,e20275dc0ced607869c84b48cf46ab0aa21ba8a7a0706b47f0d35b3487d7993c
619,326.81072998,326.910736084,10,1216,18372,a49cc433a406df5ea402775cc0b5168efe99dcfba8d367a33f676aec966564f8
620,327.310760498,327.410766602,10,1211,18295,5e9f35a28c309a34f7f8206c4a79dcc37a94eb1dcb77ef6a0af48ef0bd3e5253
621,327.810791016,327.910797119,10,1214,18341,30250a580b281b71f1bf4142813f7c240c81ab73b5f04b22d84f96621db26fca
622,328.310821533,328.410827637,10,1214,18335,23e6c87828130c5530f9e84bc862b2d3734c6f361182eceab07e868ee82bb06f
623,328.810852051,328.910858154,10,1215,18365,a03799798cdf2b8341219197bb9f8411a26741c42dabf5ac236fe3d153873e57
624,329.310882568,329.410888672,10,1213,18322,9e547c99546bba6dc90f37a83346d94099f039a79ef6c753daf909bb893abada
625,329.810913086,329.910919189,10,1216,18361,28326b93f2aaf60b3327d3cab0f2fbfc57246bdda9eb14c38aaeec4f1038ade4
626,330.310943604,330.410949707,10,1216,18366,cb811d7a1faff3471d85f2d2aab7e032ee309fbe92cef22642bebbc37d0489b4
627,330.810974121,330.910980225,10,1218,18380,eda2f2a1febe9c7f62b4a3b972f0933fff5143a9249006607330e96a474bf971
628,331.311004639,331.411010742,10,1219,18395,0d92e9cc1ce03b2919a9a2de7414df82db4cc7821008db58a4e8812c20700b66
629,331.811035156,331.91104126,10,1221,18436,31ae2c09282936396a70daa7681caab668f8753fc3ca37996e28d997a2211c71
630,332.311065674,332.411071777,10,1219,18396,57f2ccf7b9980594324f30e9e64776bb416095824dab0b892ea4b5462430db66
631,332.811096191,332.911102295,10,1219,18409,dacde76cc57fe27233ad47abbc8cb6c43759c9803319357637da431952cf802f
632,333.311126709,333.411132812,10,1220,18412,df1c4ec5835140b39e6b5374d935464f2b9b668e90143c366bc83adb97013d45
633,333.811157227,333.91116333,10,1222,18448,b9b54f4a83fd3d3960a41055fd417f958bad73b3eb3c8c910eb506547848ff0b
634,334.311187744,334.411193848,10,1221,18445,109772918bf9aad6a49b79337dd2e421b2a28221fed4d48a6ebe0b837865abea
635,334.811218262,334.911224365,10,1220,18403,7512fe4b78c70d57efa6b14bdf41e057b48c75fe22715fe4271e3819037d5237
636,335.311248779,335.411254883,10,1219,18402,2d2f36e0bd65d9aa2c5f912d58545e51954a8dd520525ad099de07ded5ab4cdc
637,335.811279297,335.9112854,10,1218,18383,04683c00ece4a1db53c2993cbae7e6d93f5ea19682af041d153dfa2f0ea63d89
638,336.311309814,336.411315918,10,1216,18351,e0e394db55b3a77ad8d0ff805f365de5842444b1797dd47914539517745b6fcb
639,336.811340332,336.911346436,10,1218,18389,ccb15b4f271746ca119ec6e62d179799b0638aa53cca28929d28587b45d5e7e2
640,337.31137085,337.411376953,10,1216,18360,5fb782fc0ef5a329184e3aff351c1f55c30ec824bf3433df0904df63d87a8d74
641,337.811401367,337.911407471,10,1217,18394,6dff884037aa00b61b671b187df8d24a668d551a0f1a2abc41f802291356ee49
642,338.311431885,338.411437988,10,1219,18392,10d24a54020785614302acf99a1a36a6d98169802116bf7640e7bc2e5e362fa4
643,338.811462402,338.911468506,10,1220,18404,466eb76e1e043565cf9f364566c034c5c8a10661df17960b221658462232b2d0
644,339.31149292,339.411499023,10,1219,18382,161cbf4533491038e8cb751a69a0f50e197596e276cf84d128a2852c1de2207b
645,339.811523438,339.911529541,10,1220,18410,7f6f9550f5174653915bb4fd1e6704d0fc4d6d5b36c839caa9303fa28dd64634
646,340.311553955,340.411560059,10,1221,18428,b714320863e59b54ef47ec2bb0e231cbaf10b61afc27fd6c6f1bd80ed43eb980
647,340.811584473,340.911590576,10,1221,18434,4d5e9097502b84b1be6175b92d5ef422956e3650ada4f5d25e0a7ec1345e226b
648,341.31161499,341.411621094,10,1222,18460,872f35b707da4c62d35f2f09e86acd74bc7d31e8a2f7e371af0058ed01219a45
649,341.811645508,341.911651611,10,1219,18411,1af9faeae4a293df30043cf176351ee77a67a40309b789657b31e05b7b6a1405
650,342.311676025,342.411682129,10,1220,18412,b0b59206cb30970a1d0b2c205cd6a0dfcc1e5adadb11eecf95590014711d2e93
651,342.811706543,342.911712646,10,1221,18423,575e052a2025fe75c39b47ab67e57da6aa1e0e5b0a6f5590f8e904e7d3254eaf
652,343.311737061,343.411743164,10,1223,18441,e7ed7b318a72057ba2c0a1ff97457b3161bbc5df817f2b775a510234333cc560
653,343.811767578,343.911773682,10,1227,18534,6f08dd1a9b146234f22fbec947c413df546d903954fba28f5b5f3918df3d9547
654,344.311798096,344.411804199,10,1226,18512,e761685de33ad5719aee16e3828f8df7aa0cbbd42913217b50e457ce90238e09
655,344.811828613,344.911834717,10,1225,18490,8e31aa3c2862842c18bd57fdd566940e12a0c56dc4a02b0913adb29b2410203d
656,345.311859131,345.411865234,10,1224,18479,38a0fc87436352843f28d6bd8733636d7cab36634190fd7071dc887e9ec645ac
657,345.811889648,345.911895752,10,1225,18484,0a611d17bb3c1c941c02d18d417208ceb27ee2126b509b0fd3cfed73d0c26db8
658,346.311920166,346.41192627,10,1225,18484,4106abd4cabefc6809031419dc0525f86ebf86dccde55588003a30be49125f1f
659,346.811950684,346.911956787,10,1222,18443,3afb0fe9fd5ad5bc50297fc0ad131c5e897827c4c3c01f0975161a5ea7ee5d57
660,347.311981201,347.411987305,10,1224,18477,adbd0bf706e5bf636d0f55f5b5cccf9418d475750bbfae14e0d340720a3312c7
661,347.812011719,347.912017822,10,1228,18549,5dfd3f0459f84c1e400dbbcbaa3b143fbc5b701cd20995007f806613ffe5c6cb
662,348.312042236,348.41204834,10,1228,18522,d5280a2bca1c0110cc0d6068b2faa7cdbe2f7e5b5e94078a4d7d93fb3adef44a
663,348.812072754,348.912078857,10,1231,18583,23f49322aea4eca32c9e2d3f7b9ef807368a6a17d34096df3f6ba7f6c2d53264
664,349.312103271,349.412109375,10,1231,18579,cb3d4188957ec54334eab69de97f5812b957dafbf27bb3912faf5d5c0153a0ff
665,349.812133789,349.912139893,10,1234,18605,a61b34e2d11aa3e9ece0a6e0a6d8a0dec3d408d92c72e26ee60d6e2d9a8f48a1
666,350.312164307,350.41217041,10,1235,18627,473d1aa26c15ee7857d4aeb506a5930b7e06036be1add29d8614ac0774fbc0f5
667,350.812194824,350.912200928,10,1236,18629,3f6e2993ec0268e058a70d6c41cfdc6334e8d7b0dd0dc282068db0ae2ab9fb2f
668,351.312225342,351.412231445,10,1236,18625,dda05ff5832703f00fac4b11539d374a5a2be2e90d976da00c567218a76a6d58
669,351.812255859,351.912261963,10,1237,18661,c1e1d5937ebca9729096b2c1aef6f3a73bcea0af21f6f7cd58ed463289ec481e
670,352.312286377,352.41229248,10,1236,18649,477068da03c7c7a7601eefdefa1eedab3d86844b5f3c6e821331f9bf865476a3
671,352.812316895,352.912322998,10,1236,18634,2f1717308643c54dbeeb90cc35c097af050a202a23c45693cb9ea2dd9e2dd1d7
672,353.312347412,353.412353516,10,1236,18638,fdd6d7c2d2a02984ff89ecbaa0ef1737b695790ff98b415f30b754649d84fba5
673,353.81237793,353.912384033,10,1239,18693,6fa5abb5cc4e17bf3c826681f7339d50de2a02f339c39d82ff91c0e922957c9c
674,354.312408447,354.412414551,10,1239,18701,c34f3f97093e6315aafe96fa197db4278a8f909445716f23b82b5a7220c287bc
675,354.812438965,354.912445068,10,1235,18618,6207fc269f7190b5b4c458a8de688c6f39ec63f81a5394dea4083ef8aec00192
676,355.312469482,355.412475586,10,1233,18596,c0e9fcb1fc566460baff46b19d3993a9f62e329e57bb63cf9df301ad207f6694
677,355.8125,355.912506104,10,1233,18607,68fc7f85a32ce457c296c0f8a4a113cc5773bd1066d1b7d6e1f3c437b1e8d2b7
678,356.312530518,356.412536621,10,1231,18560,d8702f9b25ac463351bdf8f1dd0009cbda126974a4b1560aaeb06b10c4d8fb23
679,356.812561035,356.912567139,10,1233,18610,1ebab7baee5253e490a2fbef709e1797fea237d21a177a1d289c2e6c97445048
680,357.312591553,357.412597656,10,1232,18593,12f528ab88bbe797bafd268fff25c941cd1e277235dcc4020e24cfe123296178
681,357.81262207,357.912628174,10,1232,18596,d6ead4dd2276228f4d8b605ca15f4bf1ac98f015a3fa33b701b4bf84317b2ce6
682,358.312652588,358.412658691,10,1231,18561,c2582e4a14e42764979ea89b5befaaf89e2f207e5a7c83550c2b6906ae138953
683,358.812683105,358.912689209,10,1233,18600,50e85116becf6c94cfe7739f47c5ff7fdf56f33d0d3bb4f860f4245cbcce42cb
684,359.312713623,359.412719727,10,1232,18598,e19be7fc7ddfb607a78792fdee5e8146bfb07e94cfc6e78d2bc752051e50da51
685,359.812744141,359.912750244,10,1236,18642,67b9a283ee1fcf3fb2f1ffec8c4cf2abb090786d205b658fa804f16e8143d0ca
686,360.312774658,360.412780762,10,1235,18624,a97e2d32593651ebfb9f805950ae7cb53bf351e274e46ad23d17321ecb4ff4d0
687,360.812805176,360.912811279,10,1233,18596,54e6d28a603a5c5da4f320e1bac63581e06cd2a668f9126eb43c08ecdff03bf8
688,361.312835693,361.412841797,10,1232,18591,61e5cef01dea2952f5e5d2e9228d41c0ab9ca7dd48618d4e9cc3663581bdabee
689,361.812866211,361.912872314,10,1230,18570,17af2d77ccb4ee7e8f427fb6b0a1200ca63d402ef56665b59f0fe03572a2f983
690,362.312896729,362.412902832,10,1229,18540,ca25603b855a22b8607ddcedb94b51cae4d657c2447774fb547772c0c8790425
691,362.812927246,362.91293335,10,1232,18604,1a288299559a4771ca811af799a7d1ead3190aa5610b6a11d7d25b29870b05e1
692,363.312957764,363.412963867,10,1231,18564,2244de99e197d2adf08aed7556f92ec35071805706e866d96bb2e39feed472b1
693,363.812988281,363.912994385,10,1233,18606,316261a317ba2219be84989da159a4fee56a9539e25f060535af6dc8abd679f7
694,364.313018799,364.413024902,10,1234,18603,16293f8f647bdb8d35e11a06cc199bb374141916ca6e119d98234890c30f9389
695,364.813049316,364.91305542,10,1235,18635,ea0da58b3376fc870b23b1cdfb4c473453aedff1c6f1c46bc425d32033891ab9
696,365.313079834,365.413085938,10,1237,18658,78049cd4787a1f8522150c1c0df5a9576fe8e5db61da28c683d04292319ebd1d
697,365.813110352,365.913116455,10,1239,18690,df0f596df3f65b8983c533636e214713fdc6fd0f36154461c2917116f33d8538
698,366.313140869,366.413146973,10,1241,18695,1fcb9c91664d8d026abe43f0b9efddc9026ce3ce1dbb45937c5f8a47c386b072
699,366.813171387,366.91317749,10,1243,18745,c4b48a0eeaa4c50416233a5010d1052e46fdf56cd0e9bae759057b386a329791
700,367.313201904,367.413208008,10,1241,18710,e3c83a58f6ed7d6d09da98b081383be2368b231979523400a8f0d5a815f0713c
701,367.813232422,367.913238525,10,1244,18761,87a3c8b3929bb4fb1ab956905538cdf952c92865c2b132b3ea199295fed4e049
702,368.313262939,368.413269043,10,1245,18783,3bc89564a471377ab377c71cee7c77bce44093255e69a38815fbbfd9d33102b8
703,368.813293457,368.913299561,10,1246,18809,39ac6ec782881320cbc7254bbf567afae701118e346725db6ed0a498bb6b2c3f
704,369.313323975,369.413330078,10,1244,18770,9ec7ed59b65981501d4f9ebdb899e9f3307d472d372b43758e09ee56957c74dc
705,369.813354492,369.913360596,10,1247,18793,b972bf2f41ec6df37b3e08094d0cf41cb8fb7d2fb8fbd5e2a81b7ff854c30b05
706,370.31338501,370.413391113,10,1247,18821,8ff743a8b222fd878989a2745414d241e2b47ea676daeac8f341badcee1ec527
707,370.813415527,370.913421631,10,1248,18815,05164db73f0af1d7b732bd8ca6ea4772098356765a4252b5e76d4efc306cd93d
708,371.313446045,371.413452148,10,1249,18843,c731a054f66c6b482623ce71e3687aa8e196b14dd71b0a2b63960c8bb954ee42
709,371.813476562,371.913482666,10,1251,18865,66442dae6d1f805965ab5c55f8ff678d924ba75e299f56995aa904601e799357
710,372.31350708,372.413513184,10,1253,18891,369385a845528aa85a28c2871cf5a2e71dd3dac05588a8442461eef2087892b6
711,372.813537598,372.913543701,10,1254,18927,966c4848054f9084c850338abb8a42b2fffb498dcb52afca75a42a22c605b0f6
712,373.313568115,373.413574219,10,1254,18914,f5944f2a90dbeb68faf29d223b891076ca20ff67ea568eb7e45a5cb4b6a31003
713,373.813598633,373.913604736,10,1254,18932,e6609774fe30a38e7c1502d3659a50051b2fc4d28b8db93332a23b6eb9bf0044
714,374.31362915,374.413635254,10,1254,18930,3d3ee57412ffd89df16b422f41f4b0ac887107c9ce755bbac2b55f9c5fda0847
715,374.813659668,374.913665771,10,1255,18934,dcaa5a0718d25f17411dcb8294aaffac85d81a088c2fd400a48e0e7887485a65
716,375.313690186,375.413696289,10,1255,18945,3373e8d5cc699776477c91835652dd10fae2a16008912beeb736d0c92a44e8ed
717,375.813720703,375.913726807,10,1254,18933,6d66b121db39bd842890f90a50a50b4db5f9004c150997da227c4955b7651987
718,376.313751221,376.413757324,10,1257,18970,a4abccb917b710992ab4feeb6086b0254a7e92fe84ed89a88d439ec9873f22a1
719,376.813781738,376.913787842,10,1259,18979,2077cbd7f5f067c4131b8c400237755a5b14deae0a513512e2ce8c00cb9fb86a
720,377.313812256,377.413818359,10,1260,19005,ae5157740953ff5977bd134b1c72e2515891f5f81a489514069ff0dbaf72ebaa
721,377.813842773,377.913848877,10,1261,19047,e91ddafc0aae83b1271e7aa563886b1ccbb3a611ea7e55933f3388ed0d1f3f8a
722,378.313873291,378.413879395,10,1262,19048,4483bdab75053084316245b438ca663dd3896468cd6a71e21c758b0fa9157b1a
723,378.813903809,378.913909912,10,1262,19031,74e797398b51f6f698ec01b13f4295c8aa301f26963293de89e62844c6a634e4
724,379.313934326,379.41394043,10,1262,19042,30d15807d20886373bf3e26d8a0bb86f3ed6a6cc7cb98b5b7ea69206228ef70c
725,379.813964844,379.913970947,10,1259,18994,1a63f9ccde0b5528aec81f69ec6621da0d5f6aa06355498e8a4a3f2f29b1b1a0
726,380.313995361,380.414001465,10,1258,18988,d12295b2298a4f64020dd77771ddfcfa35aaadd18f19bb2630c3d06a861625d4
727,380.814025879,380.914031982,10,1258,18961,b71b1cc68ce065e5e42a37d5f7b7b03ee79f64564fa8609885c3f7b172ca0db9
728,381.314056396,381.4140625,10,1255,18940,59e64cc24422884f59da379c0261cae804e0f3c40b984a06763e1e8cb5e26ae9
729,381.814086914,381.914093018,10,1258,18994,b272b4e6353b1ee05f8b59764109b9a8f13d112c7f85e8d835747e69726c262e
730,382.314117432,382.414123535,10,1260,19012,7779617b13f124c4666425a72f0fe5752ee23c597a149074689695cbe8b6f165
731,382.814147949,382.914154053,10,1263,19036,6c567f03187aabd9de117fbed3889a07628415c227619d240681e07e44c4a558
732,383.314178467,383.41418457,10,1261,19024,00864fbf92741d6202f3d7d9a3e91f09c4b33575fb5bde05531b66737d922d64
733,383.814208984,383.914215088,10,1262,19032,22c444a3ec0d401768be0737ff8af785966b39974f3c5c2da4a97dd5d8830c44
734,384.314239502,384.414245605,10,1261,19000,1567497f4b133dc083af2acafe8205aa78956401aa737e333cf2adc0e11bff67
735,384.81427002,384.914276123,10,1261,19017,2c858881e0aaa94cd248d352a4fb0fc8dce5986177e6e8894a50b361810147fe
736,385.314300537,385.414306641,10,1258,18972,5bbbcd69445aa01b337acca4b8758026802fd9eee12039ed3ad50fc66581d6d6
737,385.814331055,385.914337158,10,1259,18994,2b707cd0c06579235032fe467cf4e3eadc989c8a62f735364df3fb104ec355ce
738,386.314361572,386.414367676,10,1262,19006,fb4597ef3ccaee5b4ddc9c97fc8b5c7a56866d920ab3a1db5f1f2b589504f7d8
739,386.81439209,386.914398193,10,1264,19067,1a2a5873ddce3fbd8f84e31c16f347a3cc563b1a3ffbe3da8ceb00754fc720b5
740,387.314422607,387.414428711,10,1265,19071,ffa743b945e015005e4644fce38789759d68c1838802ae613ef22eb88fd6cec0
741,387.814453125,387.914459229,10,1264,19059,0d299cf6a27ae367e1fc89548eab326874b398c636827e0cc497498da5a3ab4d
742,388.314483643,388.414489746,10,1264,19060,7c47fdc7a91fd2b758ee4eb74c567dcfd48b4d4d7c155a51c538c81a4f866c5b
743,388.81451416,388.914520264,10,1264,19046,eadb837e9b32d27528b7fad01c4f0d5928a34b2a0b92ec41564dc0c41859de20
744,389.314544678,389.414550781,10,1263,19064,04fc8fd8aed2617504e049660423dddc024b8c03f6c728585c5c99f36686e0a4
745,389.814575195,389.914581299,10,1265,19075,71f63f97bfc839bfaf2b00bdd92ef6efb26ebc20e6eef24e7a3f6233abb8d2dd
746,390.314605713,390.414611816,10,1267,19098,32f00e8204b249ac33dbe9ef59a454f2204f79a71c9866b5ce54fd0cdaa91c0f
747,390.81463623,390.914642334,10,1267,19091,23e7ccd4e51c32ca62e721929186d9f3f07ac71edcaf9fb3498a1cccbc92e517
748,391.314666748,391.414672852,10,1267,19101,f1d6bace55ada2040acfcfc1aeb4a9fa772bfb31def66147f6250e509b6d8700
749,391.814697266,391.914703369,10,1263,19029,c576d5dab2f935ac025a464af59c5e4d0228e8badd1efaf968b5e852bb98a81a
750,392.314727783,392.414733887,10,1261,19014,18ba520b42b3c32c0aa29035fd2b39d2755f1e3866764c1a2cc7b90e464872e2
751,392.814758301,392.914764404,10,1259,18980,55412ae7ab88083a398f2335210f75ee19e4e29d7c6fcb44c1e22241abd8049b
752,393.314788818,393.414794922,10,1259,18986,78265123cf6875e5471df230c681719121521268f842912fc77ba4d4d99b31cb
753,393.814819336,393.914825439,10,1261,19006,169f2302332db60d4eb973c10cb50da2a34c7bc1a02de8faac3b663fdf469ce8
754,394.314849854,394.414855957,10,1262,19025,0e4622e3c1a6eef79eb767668244f6ed24d9e95b249665390e1369a076cfb26e
755,394.814880371,394.914886475,10,1261,19019,5de6cd383005c7d3123f2ecef38112cf5ac7f6046235d24edae041c8d83aa857
756,395.314910889,395.414916992,10,1260,18992,f8d6270ea6a16f3f123c42802b584800c65325abd36a2ad3c59f27dc6ddd5ffd
757,395.814941406,395.91494751,10,1264,19064,e971204031aa766fe609d8d3341a2bb4281b2c553aa8be11db6c1524a0dfbd6e
758,396.314971924,396.414978027,10,1265,19073,158732fe2728bfbb2e76f2a309f377d8be1f29a4f897178b77544bc7a575f3b3
759,396.815002441,396.915008545,10,1265,19042,1b8c63abdeed6dbbf229cf17f1d441de4ad6b00c24937117abb5833688815354
760,397.315032959,397.415039062,10,1264,19052,edcbb08272d026ce4123a249935078f12075eb90db8b6e45952084eec90d95b9
761,397.815063477,397.91506958,10,1264,19054,15e12968f61a7ffe7b01281eecba45928d0b3aa4b52d8d6ba792345eaa44c575
762,398.315093994,398.415100098,10,1264,19056,50dbd11015f0a75667eddc82a51a94616cd02ff273f557a1b9cbaeeb62f498c3
763,398.815124512,398.915130615,10,1267,19106,0d557b39bb444472c318a8cd53d9ef0cc46fb9b16d72027fa7cef1125745c3d3
764,399.315155029,399.415161133,10,1268,19140,72e10cd26ff5c08865fefbd559c9de6f551efc4ea8b97f5d0c3efca9f09e7068
765,399.815185547,399.91519165,10,1269,19127,8c59bc9eabf6e6edb8c041f5ac0cca65e44e97bd57474095cec3eea53da27e48
766,400.315216064,400.415222168,10,1268,19100,a47e35e13011c42c9c69fe9f3b5e5653d40aa589beaf583075a652452288a7f9
767,400.815246582,400.915252686,10,1266,19086,6265e5fdc250372b7b2c162b095200d53f74812d62ffa65263745c79484f426f
768,401.3152771,401.415283203,10,1262,19027,d0cba6d2915d426abc67e1aa83c4e0b578549d7af87b9537b4d80a265fdf6037
769,401.815307617,401.915313721,10,1261,19006,8989bd5dc2fc14c7d4a6cf38f80689a39cdab714355e68cd829ce55476136d06
770,402.315338135,402.415344238,10,1261,18982,2d88ad86b747b47dc0c6a1630883cb6da86419ba6e43769b04ea4e818854fdd9
771,402.815368652,402.915374756,10,1264,19040,a700404763d9fcdef2d6a9444734126b16684b3cfe4306bfcb027f65e9f7ff9e
772,403.31539917,403.415405273,10,1266,19064,ed96336ec710033c5d2eb2b1ea73f0eb81008d1f0dd755b8a4927363d019e3ee
773,403.815429688,403.915435791,10,1267,19060,c49fb59db18116bae52797540d440858bc2b2a87bc2d6b25ff6fe102ffdaac71
774,404.315460205,404.415466309,10,1264,19049,42dc4899a427259ee5f65d63c170501fbe4b7b8e9b43ae39f516b38f091992c0
775,404.815490723,404.915496826,10,1265,19077,c76b46f7290d11bbaf4d25df97b55e88cbe3b32ffb38fc2dfe61544890b1f379
776,405.31552124,405.415527344,10,1265,19092,6ad9f5caa7c1f158ee02f83d8c96e7b595087f2b8ddd22619a069fe063ef0dd7
777,405.815551758,405.915557861,10,1269,19155,224fefff1e943c01f0d5be5c88d6dc0266a227ece16ba25ed8200ddf7aeb756d
778,406.315582275,406.415588379,10,1270,19155,a256e7f7826b9a119228161e39b50552383e53966ee61e6b8dfeb8baf4a2bd9d
779,406.815612793,406.915618896,10,1272,19185,c3f7dc04a07330d572a1a60f57d9ec217ea846f6b8ec2dc8b8587aae7beaedef
780,407.315643311,407.415649414,10,1269,19126,3f21d60ef656dff3a3d53bf6ad29f767648d2875ff0ef47fbf6d6ffed01a5138
781,407.815673828,407.915679932,10,1271,19174,f2e9a0d7afc9e231af019e41d6dbdbc5c183b93022a14316cd948ad4daef2214
782,408.315704346,408.415710449,10,1274,19217,be06b31c2f71f93be18def1baa3969053d9e22571a31999774319fe7c9e6c420
783,408.815734863,408.915740967,10,1277,19257,85b713e14fea9f9476af98c79f31681216559e63f905c9c8c23ba5938280c34f
784,409.315765381,409.415771484,10,1279,19286,8145770b5688a352349b512d53ab30a6b2ad5b4ae346d921978e1cece5ddaa9c
785,409.815795898,409.915802002,10,1279,19283,5477ce45e2e45f73a8c59b8d963b2d2f52236c60720f867a25bbf41cfc48bc84
786,410.315826416,410.41583252,10,1274,19214,de2cae63bff11acb62e2ab37cd80707fd2f534d4eb0892bd3454038a34e40c8c
787,410.815856934,410.915863037,10,1273,19211,07e0266daf2368d5a58fd7a5a48c66193fd5bd58bcd008db083fb18db1c0a26a
788,411.315887451,411.415893555,10,1275,19250,f8d0cbcd5991c2e2bffced28085952d607a75e2c1b6c8f2c68afaa1959e9c983
789,411.815917969,411.915924072,10,1274,19230,467bc66194154255c204c657af3d525efe45a0f77bcbf902cc2d76bc71b36cfe
790,412.315948486,412.41595459,10,1277,19238,535a1e1d07be829b8a8b2e1bcf961dc13a8894073e89d109439afd95e2c3ad35
791,412.815979004,412.915985107,10,1280,19305,cbb001ac5b5508989679f866eeb8787f40242fd65b0dabc160314cdb18257577
792,413.316009521,413.416015625,10,1281,19323,7c9347bba968041fc8ce263b6d54fa43ee89684b7a1114248eede4d90edfea71
793,413.816040039,413.916046143,10,1280,19302,9ed5b3a5910bd473d3df30ad7914ff14f7a846e06d332299ebcbaa6f67998ed4
794,414.316070557,414.41607666,10,1282,19321,f404b9102919e29c7a0de16b0ba7a8fd2310b8af655aec2840aafb922513a372
795,414.816101074,414.916107178,10,1281,19311,fc215b3311d11a7ad583831e6784dc1012f6c0093f0ec288b83be77cb0285573
796,415.316131592,415.416137695,10,1279,19287,9dfcf9b6fc3ea809f621b185b567a4533a7a9336cb2dfa10a3e8c4811a7e5a58
797,415.816162109,415.916168213,10,1280,19292,8f5356dc15781f3798aff8c7119b8742aa664bc7f2d85e28f41bc9f8587316b2
798,416.316192627,416.41619873,10,1278,19252,e7ea7cbeb67e8df695ec3ee712d08764b494d3f8df9f12ebb072ca4032cb0c57
799,416.816223145,416.916229248,10,1281,19298,0072733155ed0a6618673e00640f38c37cdf39bf46ee7051b1a90e7b8ff50646
800,417.316253662,417.416259766,10,1283,19332,71faa3d0261fcd34388ee0caf78327a3f9ab53aca54980869b364acb2c7584cb
801,417.81628418,417.916290283,10,1286,19390,ac259f79774010634b0b5527db43e64605d8616370fba9148b1cf0215123d13a
802,418.316314697,418.416320801,10,1288,19396,c0e1312ed3e2bc8750c1cdf11063a593edd27803a7b1784d03e617a26e7de018
803,418.816345215,418.916351318,10,1288,19403,7431bb3e1ddb6381d85cfe748085297a4ed2495f34e082dbb472fb9a53526a62
804,419.316375732,419.416381836,10,1288,19416,fcefa8312eeb791786e8f69de2a8916f1959a271331bd9d5bdc93b572e62dd9d
805,419.81640625,419.916412354,10,1288,19418,781c76b66fe6b1cc73978123eec3483b4547d0268b3ce044dd90a243222ed82a
806,420.316436768,420.416442871,10,1291,19461,e820f39ebbff031e8f1cd2619cf8e36b0c03e190e6f361d10f2d0be01868b7fc
807,420.816467285,420.916473389,10,1289,19425,c3d6e667581370d574bf8712e8e381525114a31a39baa43894ff9aa9ce44e57a
808,421.316497803,421.416503906,10,1286,19367,c6c29b1738c435615f48c61f7c293b989b3b622603cfa24d5de6ead96f2bbf69
809,421.81652832,421.916534424,10,1282,19324,77cddeb42ab434e67b10294ba1d7cfdcde7ccc0ccefe678b58af26c4ec77eb01
810,422.316558838,422.416564941,10,1282,19311,310d5526589d30de0c5bf3207ba8125985e35e4a1125ffbf8ac88e2943fbda90
811,422.816589355,422.916595459,10,1282,19319,7b8dcf52704c4332fff803005bc447333fafc8613ca83e791d5fa4923dcead36
812,423.316619873,423.416625977,10,1284,19349,1477b799c882049e788fdc063bf9f4a6766e803f0874188c76b40f15093cd646
813,423.816650391,423.916656494,10,1286,19372,058ef69e46844eb276a0ec2f842c110f7024dd8df6af9d294823728df1c37cdf
814,424.316680908,424.416687012,10,1287,19382,a873533a3ccbdc7a642e8be77d9b101bd0412a838d5d39dd8dcbd1d4a15cb1c8
815,424.816711426,424.916717529,10,1284,19346,fef34021ebacb8601c312143588252f6b197aa7bd63e47e17a26beda21f11b42
816,425.316741943,425.416748047,10,1285,19354,9fe01bff7a2d13e29bc0bbdc7658b27913cc8eb0c162bb0f5025ef68e04d165f
817,425.816772461,425.916778564,10,1288,19396,b9dd7fa760b7a925b273b8b01fa768acf77b58700c89a6a4f52eb89152ecbe4f
818,426.316802979,426.416809082,10,1284,19347,2f921986ccb7cef48839ad2076d1f38d3d9a6dc2a9449d7312a412567ae16ff9
819,426.816833496,426.9168396,10,1286,19381,a80cbae28d3bb95071b10aa54043eaf6bc80dd1b357f4d9003bd44c4289a7c08
820,427.316864014,427.416870117,10,1287,19399,71239b795d1be940877a59222f568e7ca07669b428b433e6178bea9c5c4bc66e
821,427.816894531,427.916900635,10,1285,19363,f1106851793bbe492117565c1a7aa240ed3611356c3516f58c0f3ef662644a37
822,428.316925049,428.416931152,10,1280,19307,22cdb7f53d4acd7286d383f5b5b071275a06c4effd54d2941d346aca9c617a7e
823,428.816955566,428.91696167,10,1279,19281,435114b31a6cd3d0562070d5af6fadd927530ae21e33c7660b21b77ba7688806
824,429.316986084,429.416992188,10,1277,19241,82915a56b6a9a3a46d0d2e23f6dea7859fbfafe5e7b0c066bf642a3d2336fd4b
825,429.817016602,429.917022705,10,1279,19278,05ade04c8fdf90d4d463bcdf8788ac7a9e70fe24d985d5f05d4b1bd5c2d20579
826,430.317047119,430.417053223,10,1278,19263,d364e9b3adfc23b0c25c642a89eabad895146834611b04454bc96953017e6faf
827,430.817077637,430.91708374,10,1280,19290,625a10d5343fa83b8323188c8cb4ffa5ac3ec3e5c4f6e29eee6047decd97263d
828,431.317108154,431.417114258,10,1279,19268,e692d10b032322845d208c2cf4460eb1b60490716598a4908d043b708019303b
829,431.817138672,431.917144775,10,1278,19274,4091c221c411c2dbdaa7faa36a26df7e5161f522584af13005706c6e33f04ccf
830,432.317169189,432.417175293,10,1280,19298,5ef571eecfa3248f54387c33bc105d6c362bc5e8c8752f0ff4e4d410e81dcde9
831,432.817199707,432.917205811,10,1282,19333,2932ab3905d8c8e21c67c68fd0c4d0d8919f844c8481c7e46cb04205fc9ca2b2
832,433.317230225,433.417236328,10,1278,19270,14403b4a5c90545d53200901df27e1df4055d26409bf14dd5b515f56c881afa0
833,433.817260742,433.917266846,10,1281,19309,e5e0b42edb4a7ee2c9755fb95e4713c1be12e448bc2eda25673cc53157b60769
834,434.31729126,434.417297363,10,1278,19265,42aa3528f6f54c9c360334892ad4456d50e087dd96cac62264e9692f94658929
835,434.817321777,434.917327881,10,1280,19300,ac25da79a391ac4c98746306810c1c50ed74d61b4a5991310b85cb2b9653980c
836,435.317352295,435.417358398,10,1280,19288,f0a120503073cb0aa40cab1bae717bcde04f945b8163c9f7fa8799f5478775f1
837,435.817382812,435.917388916,10,1282,19325,c44c8d501fb04f697fd275710a9841da8ad9f1d62c706aef07ebb4dde1d1891c
838,436.31741333,436.417419434,10,1283,19331,e52a5ca14919fec439f1d2f8426e93003b88b42ed292e1f3cbe6aa0a11d93ce8
839,436.817443848,436.917449951,10,1287,19386,21733fe5be6bf284cd63178b9e31341bce421c0715192cecbc76ccf4b95f396d
840,437.317474365,437.417480469,10,1288,19428,fd3352a1e756449a25f1ff942aab7bea0bca749b739f6e4f7f2b6840a39ba298
841,437.817504883,437.917510986,10,1289,19436,0912141ddbf2356d8f5de7b817bece22ff0a707822513c8aeef0a32030bf20c8
842,438.3175354,438.417541504,10,1290,19424,81fdad1f122a58531fb31fef9f170fb8ff3463bcaf3cfa65f6c75fd715488cc9
843,438.817565918,438.917572021,10,1294,19508,c33c0504bf894ef0529a3995482155c0fa52160650dfef18ee835d5ee2dc3e97
844,439.317596436,439.417602539,10,1292,19467,e18e4f9f97030ace1b19b841ee9fc9ae7e60593e00d7fc9c5faa227d1871b969
845,439.817626953,439.917633057,10,1295,19520,eefc881af393a0a686fef0a59c6749a74c3c1a28819518f97cdf98156180310a
846,440.317657471,440.417663574,10,1292,19453,43a3cd248d596d1a6532ee3ef01ef5631e53b4fe7f8b517f5f9ca84541d8c4f0
847,440.817687988,440.917694092,10,1289,19442,2de2e53d8e66df290173f9f5de75dee964995c90bc87c3d52796fa2e7eac7fcc
848,441.317718506,441.417724609,10,1286,19380,bfd668bb83e0ec57dbfeb422bab8b24fcc97389cfff4e52d17d7aea7dbc4bbbd
849,441.817749023,441.917755127,10,1282,19342,d59808d48e45ca6ae584fc68346bd48860a1d68433148067adc5323f7e5a18f4
850,442.317779541,442.417785645,10,1281,19316,23f57c0643961e3838b5ce783909efed525d0189ab3a1c9e2e4ebd38b7387f00
851,442.817810059,442.917816162,10,1284,19344,12e4ab8f3cc5ed0cae2e9c98784be0c2551079b57d38f6ac4d0425558b669238
852,443.317840576,443.41784668,10,1285,19378,092dd31005d058388e6b06837f98cad5511e4a697d035a816965793ce17d0dd8
853,443.817871094,443.917877197,10,1281,19316,e10f8e5c051dfff26ffd1c73ba1ab125983599dbb142352aed2eaff79c9be513
854,444.317901611,444.417907715,10,1282,19316,6f6264814858e1d5f2d07b8eb67247ad7a8f2b9a7a489f182a8d1970c89d22df
855,444.817932129,444.917938232,10,1281,19309,48feabd8e1ea0bfba1c75fb286a1c5fb0b48aac885738c6538a0b0ea6ce05d7b
856,445.317962646,445.41796875,10,1281,19298,8347a0b0fa1a106c17a526fd040ae045fbc3ef3ddac504e7ba704a4df8be3715
857,445.817993164,445.917999268,10,1284,19345,dbb21ea3b20fb6f7a106d622ec17e6d3f74ed73f39945ddcae70a23531d0c5f5
858,446.318023682,446.418029785,10,1281,19308,9f7b8cd275a870fcac612771d8e9eaaf727c6e40763378f9588494fc14444f92
859,446.818054199,446.918060303,10,1284,19372,2fde34f6d925ba622da40fef8d05744bd702c0855c8d851cd61185adf5c51639
860,447.318084717,447.41809082,10,1285,19377,fba0ee60199edadacee73b632fa534e869a96fd936c58409fbaffae90f64557f
861,447.818115234,447.918121338,10,1288,19406,f2da890bfbce4c689d4f740989b4c65b8461f0b760240f9bd91e7034727d14ee
862,448.318145752,448.418151855,10,1289,19430,3052e7f00e9e9cd29ee075485ddca728d6ef0f369e9deed9ed6f48ba471ba9b0
863,448.81817627,448.918182373,10,1290,19449,a39948d77566824ad02a374d52ae148bd3598ae3b8db7f83c280ce1560daa9ea
864,449.318206787,449.418212891,10,1290,19441,7cdf060ebee9c936e25c9c944a23e04a29a1de399fe2a0fa949a31a718706daf
865,449.818237305,449.918243408,10,1292,19467,43aab5d4baece9b8c83cf719e2b8c9466199c101462d93cf483f5524989cdefc
866,450.318267822,450.418273926,10,1287,19375,15958ad94bd7213b8e6d4edd9ae57f7d5ca06b0b0a7a32c508f7ca91159b48ba
867,450.81829834,450.918304443,10,1286,19387,220ec49e0c15db953a5e0094c173a4013d5a716ceca490ce8204725435868a3a
868,451.318328857,451.418334961,10,1284,19366,7d1f24676367935fa28166f9e5a0ef3760e081eae39638d98aa861bdf22f10cc
869,451.818359375,451.918365479,10,1285,19380,c0157237dd516214346dec622c0d47a799ab1977ce6b79b4719f2f4126cfe1d6
870,452.318389893,452.418395996,10,1285,19387,4bd4e72d8ddbc742d2cf188b7d5ff2e0244bdeaf65f151ee4c6f7156da7290d7
871,452.81842041,452.918426514,10,1287,19389,2620682091c38cd3b87f9a28e5a0c696658a165c61b201d94465b04c374c3fde
872,453.318450928,453.418457031,10,1288,19422,6f90f78b110f498a0fe2ece5340e096dbe448de45449200602d58ad55089f675
873,453.818481445,453.918487549,10,1290,19446,680028e7846b06fc65e0833dba26f6c9369bd17c6c9ce3024589f71c991a8c03
874,454.318511963,454.418518066,10,1289,19417,481785465f39c8b8c28d59704c565cfa3b7a4e5ac7a497dec7c5a4a3df462abb
875,454.81854248,454.918548584,10,1293,19490,38d3a96a53ca7271d3843c09620c147035bf3f48aeac4e127c3387d3f75a3911
876,455.318572998,455.418579102,10,1295,19516,a0e73d978dd354dcc44f69fa54594d1d5aac2b0ec1c9d8a5efdc088692216ee4
877,455.818603516,455.918609619,10,1295,19544,1d5a5902905017bb8cfc5ab03392b228fe25bbd9a20d4f6a46c7f9f2d5643b51
878,456.318634033,456.418640137,10,1293,19488,6ce01adefcf8921a880dcbda9a52c7901874a235f2d9df38d30b5fba73cea579
879,456.818664551,456.918670654,10,1291,19446,6b2fc08441c88f989d03326208222e496fe44fe1e03f682a7d98d2e8f570bda6
880,457.318695068,457.418701172,10,1290,19449,364538da1d581b54f6d8cad7d9d1c691a3b0593072643f888959ae7e4b16c84c
881,457.818725586,457.918731689,10,1289,19445,8cc5535b647733ef96cb2a9a6edf4e579d233efbc350e1e814d1e8eb9ccc6c75
882,458.318756104,458.418762207,10,1290,19447,42e86a885decc7a1f8166ea44faefeacfd9e21dafc7e0bf396340fc11e85aa68
883,458.818786621,458.918792725,10,1288,19409,1c971bb050a93fe8638ca4e73374a44e36c46e187737435a4eb3a66a43049afb
884,459.318817139,459.418823242,10,1289,19434,fbe1f40d68b9a106621bc2bb0accf4d936dac7901a5585d906d489f327a2b11d
885,459.818847656,459.91885376,10,1290,19438,743340d7e83ddfe68cd2023caebcda9ce71018b696b185a9828a5880316980ea
886,460.318878174,460.418884277,10,1291,19453,c5bb44bdda0c44f803684a7c5573313a8b1417668cee1ba78eb13d75f8bd35bc
887,460.818908691,460.918914795,10,1294,19502,73096113242bfb1f9f24274c451656bce053783702ada99467f396697d88c47d
888,461.318939209,461.418945312,10,1295,19530,25c347beb222149406880abcea893a84a9213963aab9ae74fd72e302b90cb558
889,461.818969727,461.91897583,10,1296,19523,aaf3fbf321fd1bb14a13a54af9625660565ea79658120023a4fdfc71e938cd21
890,462.319000244,462.419006348,10,1291,19458,b434dcae0aefba57f264167b522ae23df8f409f4d3ea8ec6fe6f0940d5b405fd
891,462.819030762,462.919036865,10,1290,19439,c9db3c1562802058a4216d11060edb94babe690d5f7b176983970fab5e80292a
892,463.319061279,463.419067383,10,1289,19417,27bc308e5e97b69b0d6aab26cc288707228c814fe37731f3de1b7249ee25006e
893,463.819091797,463.9190979,10,1290,19432,8c0f66fc54a7b12b6e6be018f314af53e123158b001ff7d63db8e61142a0310a
894,464.319122314,464.419128418,10,1290,19438,e6a5c28c1e3f71311b3b9b6294d46cadcdc23a5c98dbaba30316d25dab0591b4
895,464.819152832,464.919158936,10,1289,19449,c1b0a58d1aedb2ff0db95ad0aa4a29b2379dddeee9e8fe485657fb40910a8d32
896,465.31918335,465.419189453,10,1291,19463,c52e0c69f3e1e61d9b2810a77b878f8cd2975d4bb93b6905de8329c2796d5b79
897,465.819213867,465.919219971,10,1292,19490,b3ef98c9d9fa167c7fab4cd2fc9628caa3f4a3662a80ffc847240e3ad5ffb2b4
898,466.319244385,466.419250488,10,1291,19427,37ae68e40cc13a6fe3702334e5f1b370308b470a0b3d2870dda379649c4bc7f0
899,466.819274902,466.919281006,10,1289,19455,e278759d6708f79252ac852e77f7d1381f6ce9bdd160e57544bdc02dace1842c
900,467.31930542,467.419311523,10,1290,19447,57a0cb7e3f868dfb8d2398fda281659ad0de73c05bbd8f96da2213c57d2791e9
901,467.819335938,467.919342041,10,1291,19460,9c613dbf04aedb9168659a769bac417b1257bcca3240303c5273ad719de9e54b
902,468.319366455,468.419372559,10,1289,19441,a58a6b9eee10a475ea1b41c4f4454b0db6ec687bfcf0bde99df937201c4ba1dd
903,468.819396973,468.919403076,10,1291,19465,981645c5c072ebae100373e5754ccec4b33f39b2c6390a1ada3a31f675000d57
904,469.31942749,469.419433594,10,1294,19503,b6a0ea9f4f436ca28222ff89ef8f82fb05e1d9bfa5647c89ef394687a18ee525
905,469.819458008,469.919464111,10,1296,19519,d5abc5f4bcf275246958a1606389e40f5005c426103c05cc75298c6560a2c640
906,470.319488525,470.419494629,10,1297,19518,83b98aae65baf468d066389fd555a6b067607f1d16b5170ac03628735495b1c3
907,470.819519043,470.919525146,10,1297,19552,cc4ae69abf131d13f3e9badde763be0898d9347474cd63c67c7389f6fb622c50
908,471.319549561,471.419555664,10,1298,19573,f687f2521bac2fd5ba7257d91f3e158e43b6157ae9a5668e6ab42743846db72d
909,471.819580078,471.919586182,10,1301,19595,826ddec66792bc70f8db3f08620fdc49c2063296dd36e46453543bfb2580782e
910,472.319610596,472.419616699,10,1301,19604,95cae41cee6202fce42bf498d87858b76374db3d31eadb0dd1ce1dbb5c7f0e48
911,472.819641113,472.919647217,10,1299,19579,ee005a2b88d8a5da718a61a7e7ccd79ef4eccbb2da09217f111480ac5be850ae
912,473.319671631,473.419677734,10,1299,19572,b9bef1fdc8be2af232b12224eabd1479a355d1758fe9f09ddbd48bb27017373c
913,473.819702148,473.919708252,10,1300,19593,20eb6642711a89a77a235fd5adb1639093dc66ae01a609ad77dde55b4f40f073
914,474.319732666,474.41973877,10,1302,19607,afd0c2b26999dbd66237b1355349b018b0988c98913d8b389e627633f4865cd4
915,474.819763184,474.919769287,10,1301,19598,7773b2ba4aa08233f5681f4f9aa9baed57b04376219680598a8b3512f5746b82
916,475.319793701,475.419799805,10,1300,19577,7cfdd4b7db2ccdf45b851f9dcac66c836c072c3d5c26e8673722f5c58269579f
917,475.819824219,475.919830322,10,1298,19567,ee2a3d603f5a84659ee121ea7abed120b38ac5ae4f4300f8f86eea289b282a59
918,476.319854736,476.41986084,10,1297,19545,665d7f10348579b6da7954b376d6d85956d6edc858d67d47c2330441604f7dca
919,476.819885254,476.919891357,10,1297,19553,fd9a19500bb94a806c6ef8e90e33c060d3346a9abe234fa837d2595579504533
920,477.319915771,477.419921875,10,1296,19538,74741364bf217a0094ed6e77164c5c86c5c16519a1cb65da569c68c0ae2b2009
921,477.819946289,477.919952393,10,1298,19561,aaae1f406aaf805ba5666b0e099c7669eed73b41394affe66bd563b45fe037b2
922,478.319976807,478.41998291,10,1300,19597,c209bca6bf264c562fd4f17ee0b77f56d2424877984ace8fc1eaeb9da12c6992
923,478.820007324,478.920013428,10,1301,19606,5a3646ea51ebb6e08dad1480842de2805627b1b1dd45c923532cb79604c30bc8
924,479.320037842,479.420043945,10,1303,19628,32732f4637b57cb767cc8078e351b75411ba230b14e3ac50f141185049d930b1
925,479.820068359,479.920074463,10,1304,19666,a60b8bef587879b81c10a3229d53bb4ebfff0b637a2682b0ee81a9ddc9cc7707
926,480.320098877,480.42010498,10,1303,19640,6875c7b980fa2adb6f11beffff9514a6bb73612c639943f3a2fba42a648b75d5
927,480.820129395,480.920135498,10,1304,19648,7b1be2f4d3b0c0e225859f56a76456bc9b7cade7172006776e6ae5dfd6bb7e40
928,481.320159912,481.420166016,10,1305,19673,c47845d5408f37b5089f6d5d98b6428bd5c4e563eb7a6157a8dc859805484c63
929,481.82019043,481.920196533,10,1307,19692,74873d2b79fefd8038f4325530631fd72c0623fb48b9620e12c7ddd985c58ed6
930,482.320220947,482.420227051,10,1307,19693,6f8f717d7e30cd1c4acd5e01631dd6a8d5be8528a5f1a2b977a12ec39232ad9a
931,482.820251465,482.920257568,10,1308,19715,ed71541116e832af084d1a20134954e3352181ce13298a1a0cfa2917bc92ba20
932,483.320281982,483.420288086,10,1309,19728,9952423591c8967ef2a72f2d80c375542422efc26b24ef6b09a01696e7fd5172
933,483.8203125,483.920318604,10,1311,19730,afa3271e963ab9e7eb8f32cfc589f29169e97e5a08059306d493dac56dfc158c
934,484.320343018,484.420349121,10,1310,19714,71edf1bf3ed246a70e101d58f2c03684920bd67d82ea96901e5c77b162ab2ffb
935,484.820373535,484.920379639,10,1312,19769,14650b1ebe9121ef40ff1cfe7c6cda0c984f3902862932b2ab9dc2b4f2ce486b
936,485.320404053,485.420410156,10,1310,19736,c812d1daa34055d642d2d0479f6883e1359eacdd9ae911975720f44c997a4b85
937,485.82043457,485.920440674,10,1311,19753,e43f2f8a19288b4c3f6c520af4d6c85f37a7cf5158e687accbfc358b6afcf1a9
938,486.320465088,486.420471191,10,1311,19732,b42ba4a79bf8e2c4c47e44779e41cebf02c3031ffd210a29bcb1e336bd9a4a82
939,486.820495605,486.920501709,10,1312,19759,e288095c1df718815eca0559b2e7526512e1a46019883f8702be48795bdb1dea
940,487.320526123,487.420532227,10,1313,19763,a479556c70f812215e6d1f5eaa86b78ca6f93cb217242a2f0f4a3c4c6d9e396f
941,487.820556641,487.920562744,10,1313,19775,ec46f96daed5442a3d27f386089477d91df9cd37e4a20d740f004d123cec39a9
942,488.320587158,488.420593262,10,1311,19758,7a7cf5a72ec523138921281b6a1abf731e37ea7a7475cfda2a7f9a64b1933a2a
943,488.820617676,488.920623779,10,1310,19714,508a40275c45891e10b95245ba61dd0f18f28e45abe89dc901c6fb6a0353aabc
944,489.320648193,489.420654297,10,1305,19647,9bfa088c1a2c0d7c0450b6b38106ceee15c4ef587fa6c0a7a9b191f39f887651
945,489.820678711,489.920684814,10,1301,19592,d2340475da60464e2eef643ba500843b2d91d1176e980db962eaef2602aecca8
946,490.320709229,490.420715332,10,1299,19571,7a8639e4313141ea09a2a3b9169358e0d53b4c2cf7026b7ec1a344e87685f66d
947,490.820739746,490.92074585,10,1301,19611,7e5f8cde78f1e211458eb8533bdb5cb8dd8729443eb63d891507d7f33dd2df1c
948,491.320770264,491.420776367,10,1304,19648,004071acce9d4766be033b2218431a0cee92bf619bf153aa9d1da6e7d8e1d375
949,491.820800781,491.920806885,10,1303,19643,7ee3ed801d44023cb6530c669985c68346105c44240ab7dad6976747c8dc30b2
950,492.320831299,492.420837402,10,1302,19617,e9d0731123484e3a85e40303878b9c2638f5765b83b41f58ba2fabf49413415c
951,492.820861816,492.92086792,10,1304,19666,4d300eb1e4f3074f186e67fe5928ffcfd6543fba29a1cc57018cb3e4b1233f87
952,493.320892334,493.420898438,10,1306,19685,5ba6f2d7e1a725c950a17d9d502b237c44d1b74c2bb962a2af3dc9cf8977bd82
953,493.820922852,493.920928955,10,1306,19667,757075ff7034eb3701edf0570532f6bbfa6eb6b58a1060d44c4b1017735c9122
954,494.320953369,494.420959473,10,1306,19696,e0c9a9d9b9382ca4faada62fafdc0b51375e05cbc1f68a491378c23683be8fbe
955,494.820983887,494.92098999,10,1309,19734,a8635f48a152d4880d8e2d4b958e06892fb9a44025a69c91d27ab14d88b7e3d8
956,495.321014404,495.421020508,10,1312,19756,5a0827555fc5dd3f52cee59266bf58745e0ffcf216b7c6467fac52dd389ee6aa
957,495.821044922,495.921051025,10,1313,19785,93206e975432587a0c1cda1d6131a6fc0e246105c0b5eabcef4caa38651ecd34
958,496.321075439,496.421081543,10,1313,19784,eb736c8f79c1c9db6ddd352e338e6385f8d356489c173edc9c9c9d9cf8b85be0
959,496.821105957,496.921112061,10,1312,19780,6520fafe278b44590ca53fb6baf387608c7f3e6bcf7f67173d4d1041f5d6f3fc
960,497.321136475,497.421142578,10,1314,19781,2087e50bb127b59a3ffd7602ad7590364b06d67f4c769ba7e03d6b58ad00d53b
961,497.821166992,497.921173096,10,1317,19835,5fcb2e1f463dd455e26dafcf02bd15333a0e926649aa3b3b8e6dc27cae87751a
962,498.32119751,498.421203613,10,1318,19875,54587105d1cdff83c1957f5ffd15b38ea9848443c4f844fec1121c30d619483c
963,498.821228027,498.921234131,10,1321,19895,63bc3610a2cd80ff0a250c2ab47e576ca5e655fd17ba64f5f8fe2d7a10db0661
964,499.321258545,499.421264648,10,1322,19915,c0be29508001d3ccf685c0d85a556d4bb999dc53bfe95f8d7879c453e36377fd
965,499.821289062,499.921295166,10,1323,19930,2be0be4296a008e42e2719f58eae35ae1261637e0596aeace2092809967c8850
966,500.32131958,500.421325684,10,1324,19916,35d1a5f2dd86b68c086cfb217d8b1b69c31ecc7b2d30deca731f2777c36f6485
967,500.821350098,500.921356201,10,1323,19952,d7a389db5421405d00648155c9c6427a00c4f6c12ef170635aa4805075e9f878
968,501.321380615,501.421386719,10,1324,19938,1182d55bcdcfdbf23ae60b194dd343c53ed9a619a2b7827af91e14c9e0d1bfcc
969,501.821411133,501.921417236,10,1327,19968,a1a7d1be1a4b73fbd59e967a0f4b6f89b6904d5fa4c21587c316c43e9d3ddcd0
970,502.32144165,502.421447754,10,1325,19959,76694511a0f83f2dd2f702ffe591987f881ae131d703f9f358fd5788a305942c
971,502.821472168,502.921478271,10,1324,19939,d7419db5083c04a02a8bf2740baf89bfa4cd52d09aca9a8b227cb5b2dd3c8107
972,503.321502686,503.421508789,10,1325,19949,7acbf13f09465be0a94de3886819584da2daa5bfb276c33ee767a4cfad4937cd
973,503.821533203,503.921539307,10,1327,19989,619eeca0c01998828a13b176a0430b345df13de39919bcdceac14cdb74325339
974,504.321563721,504.421569824,10,1328,20002,75b98f2159fd3d086379d554887fb95d9597e0542abd569cc4f27c8e544f14dd
975,504.821594238,504.921600342,10,1327,19966,ade9f73645a5670190b4aa74f7f567f5ee1acd8b186132319b1969b5c6763d8d
976,505.321624756,505.421630859,10,1326,19948,84df4d8d8c3467db64677ecfe01894613c65b47139e3d54ca9f396b7d83bbb22
977,505.821655273,505.921661377,10,1330,20010,2484a0df329488d6d19391491da185d85b88b528aedb556c033f9b0d0bc15130
978,506.321685791,506.421691895,10,1329,20004,1ca5c54f77d27cda4ab978c5c1038d58275a21ff747a8a1cff13deb768ef5016
979,506.821716309,506.921722412,10,1331,20037,a1dedfad4457b4eb911845c2fdd76a9a9e2dbde1193562e82f7b05964933b8ca
980,507.321746826,507.42175293,10,1331,20045,aca9b6c46332b8fb7b2a7f1e849ecda1e24e2c5f7197135230f8a486706b1682
981,507.821777344,507.921783447,10,1334,20079,31b772e4ee817cf9f80e3d48109a76ca36956b191ce2d4d9d6bfd466a4af85e3
982,508.321807861,508.421813965,10,1334,20095,bc5d96e4b4af2b12d351154e2b408fb5e1d1bb7a9a43ae0f5ad094389629d12d
983,508.821838379,508.921844482,10,1334,20064,27218ddad43adc7017dacc77a08298b1025ed51db8193f844cbb812719622e3f
984,509.321868896,509.421875,10,1335,20069,137c05d8ffabea0d397bfc237a3a2cf0a0d1b1b0c1d1ca48aa03660828250a33
985,509.821899414,509.921905518,10,1339,20146,a81396da49af7cfde97350a695d387a26647c4009040487680a3204b1d2a1b96
986,510.321929932,510.421936035,10,1339,20144,a25335b315d0f48eab7c391631dabd21bfa6a9a1e67a230063d8e6ec25493e91
987,510.821960449,510.921966553,10,1338,20136,9bd2dd33cff21964d3070dbbe4533a395482924e9e23eaf14b217bcb831dbb4d
988,511.321990967,511.42199707,10,1338,20136,17650145a5eb8051f331c281bdac4b1049015125a0c37c62f180285f420d3241
989,511.822021484,511.922027588,10,1341,20187,a1184b3df8f0184dde3bc31f9255b3390410850b04efbc31a380fcda24d4e6e9
990,512.421936035,512.521911621,10,1339,20143,38d902173162e1431e9ccbbed458035424b057da007fcba961625d631a58be78
991,513.021789551,513.121765137,10,1339,20149,aed85947d9f933a205621a6853454a04e99b9e91f705c10b6e20748727dce53a
992,513.621643066,513.721618652,10,1340,20164,25d487b69d4b73c836dc61204495920e0376ece9353cc9fab3fb9cfc9959166b
993,514.221496582,514.321472168,10,1345,20224,0863eccff005519535dfefa752d17ae9647e9d5de5f6def88b5b84b9e2118102
994,514.821350098,514.921325684,10,1347,20281,5bafbeed08de94bec4a8d13f94d010719378f5286cc71a774ed50172d72f50a3
995,515.421203613,515.521179199,10,1348,20307,32120ac5c7f604af8586855564baf5352716a721bf846b04ac3ed96849c27570
996,516.021057129,516.121032715,10,1347,20279,cc0d4211b977e9f73b5c67ca7a356bb71b65c881d0612038cb79c782a5af0bd3
997,516.620910645,516.72088623,10,1347,20262,514f602af63948de21c376dde305670ff2d9eff83b61b73deeb2e124e3e09a6e
998,517.22076416,517.320739746,10,1349,20298,6381330aa36113dbfeef54c13955b280e57b21d2570d0a7a968ef96b1425ca44
999,517.820617676,517.920593262,10,1349,20268,66d19c25d81ba861a6c4f6ead9ae4ea0c01b73f90fd502de115a659fb0434285
1000,518.420471191,518.520446777,10,1350,20311,cbb5e868fce28fdc5b442b9c485a5afdad1f999b67082b1653f5d28317c8c427
1001,519.020324707,519.120300293,10,1350,20312,6c38ee62925f7e174778b959d003c0376ee0632d34ee2f2d9d447aece75f5a98
1002,519.620178223,519.720153809,10,1354,20350,b610b3724bb6702bf4bba17dd7fd0a4055ce1be585de8c87b139a8b252123097
1003,520.220031738,520.320007324,10,1357,20428,836aba2506df4a60da2f7255e8f6858c002d4ba05e1d7a5da6b246969c28ed39
1004,520.819885254,520.91986084,10,1360,20473,fb7066650df2d602a49ec5787969171aba609eebf29b345827651bb5ec272b97
1005,521.41973877,521.519714355,10,1360,20460,343153941b37de5fd9fc123af19e443a3b557e11ac3dfedb6bf5b2b92a9e98a1
1006,522.019592285,522.119567871,10,1361,20466,bdd21ab4482c7dc7c0c1b0571812b7de086280802c96cb8d733fe21cda9fbee1
1007,522.619445801,522.719421387,10,1360,20455,7d23825926fcfda1739fb412c4d4c347f4a21459da6782f67464ac1328e05f20
1008,523.219299316,523.319274902,10,1361,20487,d189be48a21fe4b520def1ef8c29105a3f359fcd4f838ebc3ee2efcd83f109e6
1009,523.819152832,523.919128418,10,1361,20486,f15d7eefcc20512c694069ad6a5184d012833fe51318c9e721075948d5e1513f
1010,524.419006348,524.518981934,10,1360,20450,5a319db6a69b7d1be9ce8721c5de68c98dde2c6a6236ce5524b2a8be129da6fa
1011,525.018859863,525.118835449,10,1357,20411,6fdb1692d6c5b590cc3440da0bb3333fffe24a65ce1f4b197b11127ad4b16c77
1012,525.618713379,525.718688965,10,1357,20421,ef33b36bd1aa14af3bc2ff02fe6e5265a2bf20dbf1d9ea03e2e5711a0eef677f
1013,526.218566895,526.31854248,10,1362,20476,8d59b0530c973e54d9a44b61cb9342fcd59297ab509898803454e16f5270e778
1014,526.81842041,526.918395996,10,1363,20508,693b0abb3f8a10230686150ed48e7389f1a28e3bfb00f477ccdbf56175b5e948
1015,527.418273926,527.518249512,10,1364,20523,5924690f96f823cae47c571c848603933b735e327974f335bb5a1c7cf96df1bf
1016,528.018127441,528.118103027,10,1364,20511,4d62820377fea81c784211219c26df241715c79aa5567c375d5409a827654b8c
1017,528.617980957,528.717956543,10,1359,20437,0a81762d1d37a89a68a57eca07e01056f250e01633eaadde7159c077d75a0281
1018,529.217834473,529.317810059,10,1359,20467,f609cc37314fd178894f5dcf6cc5cab24b83cc88803311a4718d4cf997e91cd5
1019,529.817687988,529.917663574,10,1359,20443,6efd65241e38da1d7baa1c7feb207efa61536fdc51f5f81d3aceea4b55117c0e
1020,530.417541504,530.51751709,10,1362,20508,5f16bb52037d70bf2adb41546aec842adabfe1a681222c0d612f3c039d707001
1021,531.01739502,531.117370605,10,1362,20479,28af044c742c767e7ddce05052117967916bda482d05d9240329dd8a27b08f28
1022,531.617248535,531.717224121,10,1363,20492,d85bfb5f981d25ca4c1cd4f554081723c5ea7f9edfc4e5186757533085be4338
1023,532.217102051,532.317077637,10,1362,20489,9fddb5f25eeb6c36a0dd8e01a9cf8fa01bf7f4a34594f3f5458f656824a3075b
1024,532.816955566,532.916931152,10,1363,20506,37e9496b73d89ef76525be8133ebed7bf2f2608407ee3219a9b284f4aad1e3b2
1025,533.416809082,533.516784668,10,1360,20462,1eca520bda4384e846687110c73e4927d9c8641b6ae1debb9a629f9589d9bbf9
1026,534.016662598,534.116638184,10,1362,20475,a35454881a9fadc0b35ab331e6aa76bc7792a80b3a66704323479122839a112e
1027,534.616516113,534.716491699,10,1357,20420,0ba8c293d1903714b201786ea96bc94fc5b57adacaa39352b85d3f94c9eb5b52
1028,535.216369629,535.316345215,10,1361,20458,abc8514378e0f0ca5b289f7718ecb116c1e3ec2cae111cec56d1d82011a6b994
1029,535.816223145,535.91619873,10,1360,20447,f6eea7cc56fa0f92c3f3e3c9dddaaf0a3652ff839021eed065caaef04219fa6b
1030,536.41607666,536.516052246,10,1362,20480,0f49c660773c0c07849b71722fac846a5d2ea64c441df2d3c2b27d25615da631
1031,537.015930176,537.115905762,10,1361,20464,1eae648fda3821425589f2c3c1bf1ac62095cb7cdd6cf5d5f89be12f0ecde265
1032,537.615783691,537.715759277,10,1358,20412,7460442a55c6bfa4d6cbffd6edd9bd43e5fa3538cd954e36adfd1d2c887ccca4
1033,538.215637207,538.315612793,10,1361,20474,1f1571132839fbc88e9510c4bd8f86129be5604c462edee9d819666fa58a9b1f
1034,538.815490723,538.915466309,10,1361,20465,83c00d2fd5b7ff0fb9fbdc8d8f821060a0cd494b2395f93e5bb7d86c2a93b722
1035,539.415344238,539.515319824,10,1361,20469,ab572f97761c13f1c62568953ee926782507a5e979bd680e5726e2bd29a3dab7
1036,540.015197754,540.11517334,10,1360,20460,8d9af6b3bf036c2478a5823eccd22527017a7869dde0db2f79847d5f758497f2
1037,540.61505127,540.715026855,10,1360,20448,94b7c28ed482a7f6699c1cfc9c42b13f8345ad2991e4e2a4587339881ba8edc2
1038,541.214904785,541.314880371,10,1359,20445,a413f326799ea606f06fdd35858039cee2552a916e79f437799a1fc34f500608
1039,541.814758301,541.914733887,10,1360,20474,955f4e5f0d0eb2abfab6b3606e5dc2dd760f23fc7a5222f838cefef3399ccda9
1040,542.414611816,542.514587402,10,1361,20459,21a46be2d3e40aa6ea13b49f8d319d2cf4a23fd40acc7e6964d99c1cc1db7198
1041,543.014465332,543.114440918,10,1361,20496,eef6904cd91d6dfb9338be543a66f3693902332d0c64c710b401d2ae25bb4daf
1042,543.614318848,543.714294434,10,1362,20490,f6c73f61c02eac086e8ab1016ac8f063fec672565e3e9cc09e9dbf2905091dc3
1043,544.214172363,544.314147949,10,1364,20510,3c632178fd7844bd337fca112ab8d26f70a43d759618830ebfdc51ddd9ef928f
1044,544.814025879,544.914001465,10,1364,20517,044c5224d809029c30f0799489653ef6944d16e9fab1973119dd1987de8eb78d
1045,545.413879395,545.51385498,10,1365,20523,099f96fb8e1c5822085922f119bf0f959465bce5f04a151bd04ad4f30caefb57
1046,546.01373291,546.113708496,10,1364,20528,618afc8a84902a16f12e995f685ce7de43bfe7c90f73506c0be038fcfcc5524e
1047,546.613586426,546.713562012,10,1362,20483,e6eff074576417ef6529068615d505ea6b867f6a843da3e587030d651d9ac40c
1048,547.213439941,547.313415527,10,1359,20451,b82b17a255ca2306195df0ee367f5244028e780b0deba37842c15d0281f88e2b
1049,547.813293457,547.913269043,10,1360,20455,a0b5133cdb29c4a54241eaba290c037943ae3d636b83bd5144cb1461e59d2eba
1050,548.413146973,548.513122559,10,1357,20429,70dc5a91518b512956a588f5a95c01421ffbf78b730c15b388596f846a5eb685
1051,549.013000488,549.112976074,10,1357,20419,344c643e99504939b55d1c8f0b6f137065e79fd37e30d8ae75c6ec16f8038caa
1052,549.612854004,549.71282959,10,1358,20429,7faa60599e4788bdafc2f0af96388de51c220d1afc2c12ae1a2b0b7b4c4353f7
1053,550.21270752,550.312683105,10,1360,20457,bbdfd9cd32973be1c64a9443274ca021b9798bebeb5fb8948d229286a62094a7
1054,550.812561035,550.912536621,10,1361,20472,675dea29aa5a8959aa1a11c00de9bdd39d7b7e3afa4e3e6e53b0b883fb16d3fa
1055,551.412414551,551.512390137,10,1363,20511,b109ad7a92a0fa51f56bdbde65e6fe94677345c1745946d0280399a6d8b09984
1056,552.012268066,552.112243652,10,1366,20537,bef4d18dec50890ae721bc55845c52e868f8b326bd7fd5259049647b2f544f42
1057,552.612121582,552.712097168,10,1363,20507,74fcd027dd02f66f5c80d6fc2299a532d31b60d6219b7b4016cfe64a19d11294
1058,553.211975098,553.311950684,10,1367,20564,c8ca1fd8029ecaf2de999055c38dbcb4c0beff8cf0555b056f6613718c592ba4
1059,553.811828613,553.911804199,10,1369,20581,c56f2bb180c1a87c34c6502f0547be9ad377ee1c7e4e0b9564ded8d56d950bc6
1060,554.411682129,554.511657715,10,1373,20668,79d0319349b5338c162064fa16b76511002e3181e3b9b3150421f48b72a15968
1061,555.011535645,555.11151123,10,1374,20652,d6ede03f2d300ba26a2687a0c294888224b1ef58b5eed412fb5242ad362732c2
1062,555.61138916,555.711364746,10,1375,20675,5b9bc9e4b54f0ff9dae36d8a94fd0f9903391120fee643cd0842e2086690f6ae
1063,556.211242676,556.311218262,10,1377,20706,5e1d5f686bab3ae19752818ba14b2f8e4e474108c41df4e223765e84c884a696
1064,556.811096191,556.911071777,10,1376,20684,771a1ffc6c9bd15f783db55a2fd098a83321d440457cf763b9ff7a084d26d9dc
1065,557.410949707,557.510925293,10,1376,20688,756cf08d1d60e29e48adeb853eed28b795fa3c11b72d94a54b6d6d1478ca6bcc
1066,558.010803223,558.110778809,10,1375,20662,0dca96a1df1263a46f200ec7c4bda76b921a14a44e8a969fcaf8615c272ce45a
1067,558.610656738,558.710632324,10,1372,20624,b219c5dff849d9cd958eeac29cd9bc7348856c504bc07c9b50dae22535a1cb23
1068,559.210510254,559.31048584,10,1374,20675,691a9351e245fc26de6a2aadcadd437f39acd9d6e5495de23d623bb959f442a7
1069,559.81036377,559.910339355,10,1372,20645,9c287cca1ad3cb934961e1fc9e6d4d6a0b8c6818b442ce5853d9612b5395766f
1070,560.410217285,560.510192871,10,1373,20642,df9d2ec66663de63df5c0460826738b122e77c976c18b01802259c251a5bc915
1071,561.010070801,561.110046387,10,1376,20692,e3ee07c6b1e29fd43d5c7a8f96c804c14aa2d906d019f398d576d151ab84a09c
1072,561.609924316,561.709899902,10,1374,20668,667358c30e053d9a9f43098a6ddb815bbe4d2097ee57730e949cb03f964652da
1073,562.209777832,562.309753418,10,1378,20739,ec285e2b61371b142f8d890a5cb2ee817f8f7db276df1d513d239687b81641fd
1074,562.809631348,562.909606934,10,1377,20701,25358f13b777fb5ac6a2fb363a066feb3bcacfb1da3b231e84d6a03589b6b831
1075,563.409484863,563.509460449,10,1379,20744,529fbcdb7539b4961eb4da9687d6017874336f607125c303abcb51ed69b3d2ea
1076,564.009338379,564.109313965,10,1379,20724,8d58bf80f602c8a8f650cf2e4941a37a5ef38c5234a4fb0833c7fbf180176d7d
1077,564.609191895,564.70916748,10,1380,20745,a86cc500da7920251626c25fbc9e895065996df1c4fa8b1eea55026f941c37b9
1078,565.20904541,565.309020996,10,1381,20760,8bd1d9efd4328ee9e73dda2827958fb9da6b9044e110ebf47aa1a904b1550748
1079,565.808898926,565.908874512,10,1384,20809,006d78a99a2be66be8f28ebf9431b3f925113f87e537b1295d49eb5777a3370a
1080,566.408752441,566.508728027,10,1385,20825,34523dcc511d5a818d20574761b3bc5b02eb7d3dde57c2825e608d47942a154b
1081,567.008605957,567.108581543,10,1383,20783,002d621610a905c1dd20df9a0196945e3c5bc69ca287ec48af7a9d2ee813432b
1082,567.608459473,567.708435059,10,1381,20770,b576c3cc0b7827ac1e6519b5f76c61800ea4e9598c8d2ce6a1c6c81e3c209ab2
1083,568.208312988,568.308288574,10,1383,20805,0e5ab28cc0258a16256ef5c636844c5bbe95b23cf0bc3bf97695072d0034064b
1084,568.808166504,568.90814209,10,1384,20818,9bb45ed6bfa5d515de8e80b2e61a4aab71c4b20b6cbbbfaa2b47ddf20d45f106
1085,569.40802002,569.507995605,10,1385,20826,0b9ef477f93bf790183dffafdbff48f68e103cd204279ed7b955e0a846dcaa12
1086,570.007873535,570.107849121,10,1386,20829,c60b992b6812e204a776c3927eb377c2f8a9564ece5764bba5ad7f0f51388ca3
1087,570.607727051,570.707702637,10,1387,20879,2ad5146dd2bfebd16d0279597031f372e291ffb8acd32cb12ca88ef7a31aeccd
1088,571.207580566,571.307556152,10,1387,20836,753f181d87ade3b91de89cdb672070ec3978348cb72ab3f49a016942b7e68097
1089,571.807434082,571.907409668,10,1388,20891,6ea0344a386412837317baeb560769f719db6a9ed527f142f9bcd4c743567079
1090,572.407287598,572.507263184,10,1387,20862,91a96e9eeeaa81b09f06138e26eb6b72088f629bc72eab44dca1c475abf79286
1091,573.007141113,573.107116699,10,1381,20769,c309eecbf10e85a3d4a2aad8b4b39c9aca8d5f4c02ee206ee39355ee04af59d3
1092,573.606994629,573.706970215,10,1381,20756,2d9a9693006198f18f8f4b7f0750d73975d076b30c5f439820ff55a023591d65
1093,574.206848145,574.30682373,10,1383,20801,a06fdc70346e17fb0393582d8cd1c9a4662e0dff4a8767b8e327fc9c920300fe
1094,574.80670166,574.906677246,10,1384,20837,370de454e54a7006921293cd430b78ff8af80f82b9739b714bea811a8b9d8b88
1095,575.406555176,575.506530762,10,1385,20814,6b7a3063b8a059441930b818906147db89692b33f80aa58522aa0379838336c0
1096,576.006408691,576.106384277,10,1383,20803,09bd580df476d26595262fd8fb86b414f11f1aad47650f9efc963a5262e6e29b
1097,576.606262207,576.706237793,10,1386,20858,04d40969cfb3e01f058415f99c77f241de5a67687b97cee8c06e0fc6572b4176
1098,577.206115723,577.306091309,10,1389,20893,cccc7868b28890a7ea9d7dc3db87314a1ba04b3d312c973e213232ec2caad90c
1099,577.805969238,577.905944824,10,1391,20927,11fa83b9c62ba6fd41d1467019d08c62d3c904966f9accc1609c08d3b84772e9
1100,578.405822754,578.50579834,10,1387,20859,4a39b0a87b8e78e65208e8524098b30e61d0c32dfa50b42aa946d400a7bd3b09
1101,579.00567627,579.105651855,10,1390,20893,a6dc94e07a95789864fb5215945ce3c25070446846dab6e5bf1d2da4fe29d937
1102,579.605529785,579.705505371,10,1389,20877,c2dc62cd61ee73dd26f82a5eceb91666df6ea9f6e45ff7a0a03f9fe9374f6702
1103,580.205383301,580.305358887,10,1389,20873,322c295c00f0ac0ed913143bcbd5f7f40b50017b8fb0d38394736d3a0bc8b9b1
1104,580.805236816,580.905212402,10,1386,20848,c964bd0cf5277112ee1fb43670a0c4c9b7edfc92653a048a8651f0bf188e36a1
1105,581.405090332,581.505065918,10,1385,20836,6a0b0a27032b3b086e8f75bfe7496f0a2be97fbbfc71dde14b1a4f336b123d19
1106,582.004943848,582.104919434,10,1383,20798,6636aa2bac4bc91a91651c79c7f82ef06e4dcee2b265dc8216b06357bc7cde09
1107,582.604797363,582.704772949,10,1379,20749,76f2dac7b694b4d1f96e7437171920d05748c6449213e2301ba6357fa35926dd
1108,583.204650879,583.304626465,10,1379,20743,9b5e77b70ae87e4c22682737002a69c9903e0cfd03b432e870d87ac1f1d1da32
1109,583.804504395,583.90447998,10,1377,20703,1e99a483a4324fee67d62cafa9d5ab31c793c9ddfe604cde6196af0485e3d528
1110,584.40435791,584.504333496,10,1378,20722,cf74871f2dc39d42c6af4805673bd03231c2ae28e16f6559a216bf16a5d78d96
1111,585.004211426,585.104187012,10,1380,20751,10c2fcb0556f4048297165c08410c8fc98f25bdd925cd5c1093e44bc16611da6
1112,585.604064941,585.704040527,10,1381,20773,85fa5108612f8d542950340a826114b4c845476f082bd0d2dd88a130fef0a8a2
1113,586.203918457,586.303894043,10,1382,20771,7f65f71de8faba1ba76546720f05620319a9e147abaa6fbd6b5c7089ffaa7193
1114,586.803771973,586.903747559,10,1384,20809,9da49b210cb0297a416617fd85a5357dd10b8a2f475b8752be48ff905fbf2923
1115,587.403625488,587.503601074,10,1382,20769,d78777bea9fb88de594f428e38cd5e16ec25451b1e5ef8585b6ca793bae94986
1116,588.003479004,588.10345459,10,1385,20827,720f19ae75e941bd5b6f40c5c9fcab8ff25aad89845b176b7f67e353f791eb96
1117,588.60333252,588.703308105,10,1386,20837,b436a35745c0e59edc73e74efa6ea1d62102e15799e121b7a0a999d479b19416
1118,589.203186035,589.303161621,10,1387,20845,1bc4d944e9a65e5b13a976bd423535d23955518203c50e071bfc3449cbc7da54
1119,589.803039551,589.903015137,10,1389,20875,545114b5f8671245075d10ff1c8618da2e5b18536b32dc290981fc7556ccd76e
1120,590.402893066,590.502868652,10,1390,20893,d3e0aecbbf6a773d49bee3c4a4cf9d06a189b8de54c6548188a8cf10e6aefea7
1121,591.002746582,591.102722168,10,1390,20880,4969dca85df7025c2190ca1e36d56418ea572068275ec95d97502f10bc965191
1122,591.602600098,591.702575684,10,1385,20831,0b7da16ebc26674a2b63cb6bf8cc70cb3db7e3bcf6419ec3fc6fd3e1c70865eb
1123,592.202453613,592.302429199,10,1384,20806,7adfa5c6b1a81258d2d8dc58152accb137893ed4de2858c6eecf7eeba48d9e5c
1124,592.802307129,592.902282715,10,1383,20787,60c05d8114ddb45e9ab6bbd9a0f93e80efd57b1559b44e629f2bc66dbae53704
1125,593.402160645,593.50213623,10,1381,20758,c80bbba400253d546af715ce66548adfc33b30f6445fc4b764b3d81827229206
1126,594.00201416,594.101989746,10,1382,20754,7d03fb499e52e4ff725ca710dc44b7e85b7d13dc87504ed0d9b390fa723673f1
1127,594.601867676,594.701843262,10,1385,20807,72d5d068249550e0df1bd66234b9a7e792ae29ba76db573ba91a0b7c8cf8d1fb
1128,595.201721191,595.301696777,10,1386,20838,d8c9d31becc9661dd295f25b37a223649e51449c89c377744e14ab2cd6dd6884
1129,595.801574707,595.901550293,10,1385,20797,f2145ab8be012d30493bf2a0d12af94fe08c6d713d20ed29ff9eca7c843d5b14
1130,596.401428223,596.501403809,10,1387,20833,efe5874263cf66ef1c8fe4e45f4d96b373a4a5ca85e306006ee1a8958d366fd0
1131,597.001281738,597.101257324,10,1390,20891,8790a762b40b2f0d2f4dfa8e294ee48ad6090d4889fa2e13eda44884b1084ee4
1132,597.601135254,597.70111084,10,1388,20866,1b2bc9d8b4324085f64a336dd3c9903dd4a85df975b614d6e2653c5c4b79e2f0
1133,598.20098877,598.300964355,10,1392,20908,3dadf08d12b9f2a6aab4f39f3c2ac617a63878aadfbd4a303b3d573f72fc53db
1134,598.800842285,598.900817871,10,1391,20897,420b3cd421f0e90483680d1e07fb4e6c0879257d804aaf1c117bf3fbd7afc5d9
1135,599.400695801,599.500671387,10,1388,20840,4fa2007b72af7d2bd2c3af589acbec7f4e56be9a9fa74127c9f35a14d190cf22
1136,600.000549316,600.100524902,10,1387,20842,d3f5d49b32a1349b9b376e2cff60fab18fed64729e6492cf2ad38e7aa7f9d05b
1137,600.600402832,600.700378418,10,1386,20843,6b008f66bce3e7bf4c1531b3d27ec072104191f91846308f84d0deae22668b31
1138,601.200256348,601.300231934,10,1386,20845,4f0f2455886bbd9d5ff2213d320f545ac5816c028648ca2eb7b9bff8af4863de
1139,601.800109863,601.900085449,10,1384,20796,7452aeb117d55aa76c17696cd98ea42cbeaf1a580f24f72516bce80a85a397dd
1140,602.399963379,602.499938965,10,1383,20803,9f9c1510bfcfa09bfa724e4b79ca195d5404d321d31da6c9f0c1b1b869511dc8
1141,602.999816895,603.09979248,10,1385,20814,931ac30fd655648295d1b647cc27e5620f05156980632444dee71f583c9fefb2
1142,603.59967041,603.699645996,10,1387,20860,7e8f9112798f0231c4df5ae5e0d5572fd5692ddab2f5932e34d7afba2d9581e3
1143,604.199523926,604.299499512,10,1385,20828,9d480c80237bb3ad1e7b3f4a556bc44795183adba15add566cd503de51d76daa
1144,604.799377441,604.899353027,10,1389,20890,c1ef398c25fc2cf1bf481f9a69e3a75e0787b37f13cfcfbbf84463be70992baa
1145,605.399230957,605.499206543,10,1389,20887,c3a57722a7a1d3f8f21e45ceae7fbaefae14fa64e5a9945d5bf9eaa2c75c2cf0
1146,605.999084473,606.099060059,10,1388,20875,b02d0386ff20a8b411932d36c5a8c2d236beec9326d6a4a7eb54cc55f04d8905
1147,606.598937988,606.698913574,10,1389,20868,4551512b48ba4ac45e9b1edb1ff9db304213d24815fe35d940c4a9a93dacba4a
1148,607.198791504,607.29876709,10,1391,20920,436c99fc3c0f2d92e654549b217013983f8030101b0f6a12d837b5c4f53919fd
1149,607.79864502,607.898620605,10,1393,20940,6291a613b64890025962c852efbcb8d6d628a7f6eed21e8c65f77d22de03901f
1150,608.398498535,608.498474121,10,1389,20879,d144d2dfabd87477fd7c154cac08934fabf8680d70231026e3c603a3e79fadbc
1151,608.998352051,609.098327637,10,1383,20787,24dffd41af04e6c7f6ba407b046a9396a71d18b58cb183c4ea707e451e21a631
1152,609.598205566,609.698181152,10,1384,20811,ade9e07feb08eaa862ffb45a97d41adb53b8875a1494db4b907826f7c01d820c
1153,610.198059082,610.298034668,10,1386,20844,fa353a52b7fa4295c3e28a8abc16596791a227ff084b2f15babf871b1220987c
1154,610.797912598,610.897888184,10,1386,20824,bc9350b9a8d9c2ec60fd4630184e1d7ec85bac87f97568eecb30f808add304e5
1155,611.397766113,611.497741699,10,1389,20863,6f0a2606cc6d0ddf48b9bceb09ed3178d063a7847408bbffbc4e8c2b00ebaf22
1156,611.997619629,612.097595215,10,1386,20829,9ba348b3b2843bd9b40b7c9db0f4119d0492495a3290a4a0b1286e44470d53bb
1157,612.597473145,612.69744873,10,1385,20803,f7eff939ad0ebf9e227ae5e791794978f1ff0e255ab4a7c13670327ee201bae4
1158,613.19732666,613.297302246,10,1386,20838,8c8317d3ad019b15cf979444b048e18c7a6b5e68f58a21f15df4d5ad21916360
1159,613.797180176,613.897155762,10,1388,20846,21cc9c01c8b67990b1a8c7fb0067ba9d9ecd17fa58ed5bb1dcc87feace0d1bc7
1160,614.397033691,614.497009277,10,1387,20857,129839bfa57c5f6efa093205b118b7dac8b846706caaa09848b12e138cbfbfae
1161,614.996887207,615.096862793,10,1386,20823,0360e68775d1b41b2d25b3314c4d40f1e541d35169cc962b62c9f9a109e500f6
1162,615.596740723,615.696716309,10,1390,20870,e93cd9d2fa3e0bcb9e9a4980f2bb19873fa44feed0222ec1a11e24c4d9a31190
1163,616.196594238,616.296569824,10,1394,20951,b616735508d86ad06675521ce411b882528e163a4575b5898c4cff42d6eff8be
1164,616.796447754,616.89642334,10,1389,20856,2dc51dcddbcc52776bf45659fbd790f0eb2af57d7c4fd1d53e32b8e3aa515807
1165,617.39630127,617.496276855,10,1393,20927,0fd59baf845546903e796e4a9b07d1aa485ee697242543f476db88336dd14321
1166,617.996154785,618.096130371,10,1396,20960,7d540f4843be373695e1efecce80312039cb7b12d6e3a4db665bb1754ad5d032
1167,618.596008301,618.695983887,10,1397,20972,ad88e3b8dca7fc8d63e2fe2b589b014c459c7c692e388085a66074705de2b099
1168,619.195861816,619.295837402,10,1399,21016,d453ad8ff2d4eaa545c76cf9e87cb300516450ce55ec44b0dda3c9baab8c39f1
1169,619.795715332,619.895690918,10,1399,21011,4ea55533953a9849743ef0aa3c7ad8d4308b27fc81294f2905bc307ccf1c0112
1170,620.395568848,620.495544434,10,1395,20962,df0f540f076d4f2212058863b70e8c88feb1813ef8b8d45b924dd662758f2394
1171,620.995422363,621.095397949,10,1397,20970,3a83239908b90a03d3124f3b503f8204e69aa1b94402cc9be97f4cf31a59033c
1172,621.595275879,621.695251465,10,1398,21007,8c9c949560d96f85317e0aa197fda87124d40260eb91fadf67130de12c7a3eb3
1173,622.195129395,622.29510498,10,1401,21056,c3a1a24fa9ef2ae18569bfedd278cf4dead1cedcac667d6a1a8adb80885a5b65
1174,622.79498291,622.894958496,10,1404,21096,5b9ab2d11a59ae392941a0a8be7362006e46ef184c25f52a276d25d090670fb9
1175,623.394836426,623.494812012,10,1405,21106,86333be2a71355d079cca078582ed1cb57284e88103304b011fd4dccabfd0593
1176,623.994689941,624.094665527,10,1404,21086,0d13be6371ac964500ef9cffb822b81fd2d21d1ff5e77557e5624a63cc2d6c1e
1177,624.594543457,624.694519043,10,1406,21096,b151ac7636fdd2ab9a5dd7aaebeca725b2899b421d4aa085824a49cb27493ed3
1178,625.194396973,625.294372559,10,1408,21150,450867b57d8e57e283fc879406df037d440d6bac821aeda12530326e779353a3
1179,625.794250488,625.894226074,10,1406,21108,82a534a33bb3504d10f961bd4a9686fe57de41e39221ec0fdb02e4b242928316
1180,626.394104004,626.49407959,10,1405,21106,8fb48d841f27295f4e2a69914db8edefac7388ff108cc05e84ba94ca93067202
1181,626.99395752,627.093933105,10,1405,21106,cfb595ef7421c53bbff964c7f2d15d83ccfe37d7b281cbc654b5a09cea39e0aa
1182,627.593811035,627.693786621,10,1405,21071,5329ad3343f5426e3b2929aebb2b05b7c02f55d8da2a2a36b76564e1c23ad8bc
1183,628.193664551,628.293640137,10,1406,21107,4eed25928eceb09c9b73c45cf34c9b224c2d25374a61c00425bfe87d48df50b9
1184,628.793518066,628.893493652,10,1408,21132,143a2355e13eabfc13b58570beee0a73c27cd91bb2615d9f029d0cfeb214b89e
1185,629.393371582,629.493347168,10,1411,21190,7b260358e54ca27bff832c3fb90634af6a58b11711fffd683127e06f830105bb
1186,629.993225098,630.093200684,10,1412,21191,e1df4e1e4c1aab8c5406a2b58c827323c055490e9a0ed904ab2d42d482eaf98a
1187,630.593078613,630.693054199,10,1409,21157,8035750bdc9648fa0962e70c3ef8401e28ce9a8300195e50934e82a7eaa8312a
1188,631.192932129,631.292907715,10,1411,21203,4de7c6af34fdc9e2e4cf7399fca09aed96e84c3218ffdcb649eded9dd104e23b
1189,631.792785645,631.89276123,10,1408,21160,5bb1065e26e86123f4b108d98fca67b934ffcb4eec6ecbd900308ce48984d80e
1190,632.39263916,632.492614746,10,1409,21165,910c87a4ea2afeb8c7b9430b18cb72d02d45a78bf23cbde70a959db17c3fba78
1191,632.992492676,633.092468262,10,1409,21169,483504067944b0b5ad8358c6b80f15b596813ff9c2e26b1e574230dafe82c1a7
1192,633.592346191,633.692321777,10,1409,21172,06558a82b629546e9f7c49f1e6dd349b20f3e41a063c1d100b5daa3414da1474
1193,634.192199707,634.292175293,10,1410,21163,06eaaee4d0107f9111f52353f6ba222b9fd6d62ebc4725ac27fdfd1490019e68
1194,634.792053223,634.892028809,10,1406,21107,f78f5d2dd7674090277856ae1118926e1589af874dad33c4e23e9b33f0864f1e
1195,635.391906738,635.491882324,10,1407,21137,7d2f154a213802a6606585972c147f870d96375932e6c5e5fe107d02925eb2ff
1196,635.991760254,636.09173584,10,1405,21098,52254275c3c62853274b685c3fb0bcbaff53bbb34d3576d0a6f5466c754b75b1
1197,636.59161377,636.691589355,10,1401,21039,e9d126dcb83c7d8a24c045737d837390ca9ab6ae92c4bbd5645b1409250294db
1198,637.191467285,637.291442871,10,1404,21071,3a2c4ccadaa5a5cc17e3e71b83f57c2b518802180ea2b089851928029192acd4
1199,637.791320801,637.891296387,10,1403,21062,c6b7644b3917eebf3aa8789b9862066de278143e74fdc00bd99b5a4e29ff5303
1200,638.391174316,638.491149902,10,1404,21075,a4c41cd76743933a20f52e9e82a6eb828b7d6d6e08d6634b562ae7027a1e8f12
1201,638.991027832,639.091003418,10,1403,21066,9fcfad03d6501209a32b55f6fe30b6f9c6130ff05468a7fe3da246c3d093033f
1202,639.590881348,639.690856934,10,1401,21037,0eaa382b1fbda45863e28e887c67c7747b8c2428b03adb1f6b4ffb79f949660b
1203,640.190734863,640.290710449,10,1402,21072,6f9c1c94b9d8e9bd7205eef7314219fb8f6da6529cef28f5d03d98f68338e55d
1204,640.790588379,640.890563965,10,1400,21054,3920521909bba1c3e04f2ca0f44e1ec6332ca7dc987d5954bdb8ceeedab6869a
1205,641.390441895,641.49041748,10,1403,21093,f4063b17bb7f0018ce0e11cf3cc02bb253265601eeae57c297f03982dc64fccf
1206,641.99029541,642.090270996,10,1403,21070,e0e43a962fa7c5bb66bed1eef52f9774ecd1bbc9c60e80cfff777d0e2dd1a589
1207,642.590148926,642.690124512,10,1402,21061,6cd30b04328d86cff5417a798a9a368f26e4fab10ab20eab6d995c887ced412e
1208,643.190002441,643.289978027,10,1407,21143,448acb879ec59b99ef4d31c2c2a91a82b63fd1137f83a77ffe2439e0162f5e96
1209,643.789855957,643.889831543,10,1402,21069,28083a48b841f17d4bcf9d1bd5278c0327fea59740b46ab6b81d501b2a181f3c
1210,644.389709473,644.489685059,10,1403,21078,70da4f66e21798dd066db0e2c359af278e7a374f94ab896107d87ae33b9f8a09
1211,644.989562988,645.089538574,10,1401,21058,ea2eef5b80d904d1872509f83a3101c0a0dfa19f037f2cac5a727637ae03404b
1212,645.589416504,645.68939209,10,1402,21049,039063dd6734e2d04dce22451ceeaf88b3828a2d9bbe5accbc72702c7d0f8c61
1213,646.18927002,646.289245605,10,1403,21092,67f6f3ae2cb645ae9d53b01050b1a89ff5cd94b62590e6cb84b77ceac2ffa9eb
1214,646.789123535,646.889099121,10,1400,21041,9f3d3c6ff13e5070a04b0c17bba4e833f29018da292cc5109efc7bace7a1c38e
1215,647.388977051,647.488952637,10,1402,21077,7ee8e94691250294638b7f9e857623c23002fa9101ab20cff49abf30fb1b1707
1216,647.988830566,648.088806152,10,1400,21029,89d6715238b0918b4bf9c3da1fbad5ab0dc096e67e8e28733b9e4539f78c740e
1217,648.588684082,648.688659668,10,1401,21043,5a965d3e840d0c4d7f5de2b0482e2c1dba1d37582b076a874880332740d38ac7
1218,649.188537598,649.288513184,10,1403,21099,89835215ee98bab96b3cf0eed7aab70ebb2e3a0c7e1a470e89f02e50a93d6be2
1219,649.788391113,649.888366699,10,1405,21099,3a548f5ffb3156d78abd8dab5933a0d06e05c03a5ee667d73e5a25ce7f424dbd
1220,650.388244629,650.488220215,10,1403,21078,c574ef0aa8f3d4a8be7ba24542f352eeedfb9655b3b051ea35af50cff6b990a0
1221,650.988098145,651.08807373,10,1403,21102,3087b40dbb1bbb9d87895c0cfe8e64e509488ef4f596eb4cb888915bc72f569b
1222,651.58795166,651.687927246,10,1405,21100,681cbda2d0d316b75475094cffb597d6eb5902435b77b0a3639e30721b06a9d0
1223,652.187805176,652.287780762,10,1406,21123,d82a6fdf772e4e27c0aec7ecf5c90828df81670d754b3e87212a962398fce48e
1224,652.787658691,652.887634277,10,1405,21099,f2770aa7657bc473e9f41ffb2caa5c4184dcb70ade4e1eda835c446a6727c698
1225,653.387512207,653.487487793,10,1406,21148,4cefc53ef3fa78c10a0bcfd4a288eafe0ee0c64e4e09737c28274d14e2993d29
1226,653.987365723,654.087341309,10,1400,21035,f7b9f7a848f6bb640b703d633f764b0cab77eb35b84d988e799d528f8990530f
1227,654.587219238,654.687194824,10,1400,21027,5a7c0fb509dde6947eef6231f5f5f69bb3241af66c27aad175cfb2d9db4625a8
1228,655.187072754,655.28704834,10,1404,21093,7f29ad7155ac67d0b3f77ea8545528dfbb12d23f9135a659c2a1ffd708ac93a4
1229,655.78692627,655.886901855,10,1407,21142,39c4fb27532a1a00c46361597ab243a30355f986c5f27f1c87f0d11de697bbc3
1230,656.386779785,656.486755371,10,1408,21145,dec71b5d6c2167b698010a2e7dc6aaf9488fa9c256365e20e2c3ed2b7421d78d
1231,656.986633301,657.086608887,10,1409,21152,46d552c7df88440a786dc5bd5bdbcbd6abaac0f07c59c5449f107ce08f5812a2
1232,657.586486816,657.686462402,10,1410,21178,348481fe7c7faee10283e7f34d53e34362e84694fb354e2393db2a01bf1a6c94
1233,658.186340332,658.286315918,10,1411,21162,1715a80c2cdf8340e7d1cf80068f6e255c156cc2a1f08eb42d545c61cc9bb40b
1234,658.786193848,658.886169434,10,1406,21145,9012ec2e6c8e6d197bd231098978451c9b16a8d82a5287f9f464b7db122609a4
1235,659.386047363,659.486022949,10,1404,21086,964320f12467d95b6aaa7039fe175d2aede3ab69b4661dcaf4c2a38c7a8d6291
1236,659.985900879,660.085876465,10,1400,21037,649a1e1bd95f3cf25422232576812d3dfdaa19361fd28abc706f6283b89bb529
1237,660.585754395,660.68572998,10,1401,21028,4a50f74a5e13bbbf5d4843386bcf7685c8287d8786e3f7ef301b47b5d400145a
1238,661.18560791,661.285583496,10,1403,21072,cc286b439052ab6499f8e31f614c58d46013ea543f5ce531ce4d69a819e530f8
1239,661.785461426,661.885437012,10,1406,21123,016b92475415d0ad3f74f0179820c021883e174da2a2e41b63a826fa478fd4bd
1240,662.385314941,662.485290527,10,1407,21146,9fe778625c3b47993741c6eba1df85f07d71c7abd34e4dc780e202dc3d5f97d8
1241,662.985168457,663.085144043,10,1408,21127,358cda5faf7bda16fe807dbcfdf7c08ab6e0ffe31b603de5a478f4b28820277c
1242,663.585021973,663.684997559,10,1404,21078,962c80c43e0cb67111e5cdbb9c28ed8b5a07976f6ed186fcda6de109db804b44
1243,664.184875488,664.284851074,10,1408,21147,608a86175bad9abacfa3361f084a55f583cda01bd46cec2f7075aff41bb23605
1244,664.784729004,664.88470459,10,1407,21130,38be12f5da4ee817f5d54ace8f09d452c7beb8b8eb30b63630cf0d6b01ebcc1b
1245,665.38458252,665.484558105,10,1409,21166,6ed762ee9c44681b055de815757cfecb904b9273fef0b6e00790b51d28bac66b
1246,665.984436035,666.084411621,10,1407,21139,130b1e86758313a7cd38aade393196e28d7333f9c37cefb865154b9c7a00ac72
1247,666.584289551,666.684265137,10,1408,21169,071ab36bf23d065ed51a2afffc35ca46ecae10eb668b2e3966a99c378e989a8a
1248,667.184143066,667.284118652,10,1409,21172,f26e25f1e1e3862f90992c94e1a04a858eaf7850cd50a569c30359d5256c8a25
1249,667.783996582,667.883972168,10,1407,21142,df0d7d10e2f783484f12bc02232f8d79f58e0a310e09b50944f9cf11dc220e71
1250,668.383850098,668.483825684,10,1409,21206,d30786d47e3c55df0ea4af9b45fc2b2cc52fa861c5aca41f3866bd382921d6bb
1251,668.983703613,669.083679199,10,1411,21196,7f72e4d20536dae20f677a4079de42acfb0154352856bb9b23b832b6fa42f9bf
1252,669.583557129,669.683532715,10,1411,21184,99e8fbb4d688efd3eca741029c154f81870859b8a2b8d8d6ec0a5b4844f541b3
1253,670.183410645,670.28338623,10,1414,21233,8b908086a526edeebccc915483e8637943a863242ef64991de49ea31e6df6567
1254,670.78326416,670.883239746,10,1415,21263,f1e55d4814357f75e5033a992c9297dd682ce6804285f4aa171c1818632f3a6d
1255,671.383117676,671.483093262,10,1415,21242,d5399c2265d53bb91da18bd9ae8a487727b457aca8b1b3734b1a62b5ebd7fb1a
1256,671.982971191,672.082946777,10,1414,21241,b7a5103092c3d2b40c4a09aad432b93e757721298d45853ae417c7adbbed932a
1257,672.582824707,672.682800293,10,1415,21236,6b1a60f2e34519e11cd1d425cd8585721b8c24b547de5242c85c5d65874df2b9
1258,673.182678223,673.282653809,10,1417,21283,90a0e9093f73adaed22da82f0b8c8bcff90e285b87becaddb43ee81d6b49becf
1259,673.782531738,673.882507324,10,1416,21281,1c496f343a8d460a13242b1cf4833fbb0d4ff6463d68ee2a7dc3ebed82d8ddb8
1260,674.382385254,674.48236084,10,1417,21265,49c65a89391e37131aafdd8faa77d7bcf43973d96f220f26d0fc96155b665303
1261,674.98223877,675.082214355,10,1418,21279,15a692426491d7edc7de93d6b21528f3198db535dbf9e481898b5641cd5f4e24
1262,675.582092285,675.682067871,10,1419,21302,c0fc0621a66df66a7623613ab1ea0463c9e91aba7a838d76574dbedc3580f5fb
1263,676.181945801,676.281921387,10,1422,21373,1e08c97292623a4fae9874aad0327f285a0e6c9b0ff636150ff0ddbad27417e8
1264,676.781799316,676.881774902,10,1420,21328,53f71fcc2cf87579e824ef158e7421a3ed53c627a0acd60df1f984f0d90022a4
1265,677.381652832,677.481628418,10,1422,21361,9126b5e107060bc189ee399c884fd19d413cbd6b43bafdd397c190830842bedc
1266,677.981506348,678.081481934,10,1422,21348,de9c001211093500e254526d646320f3917c9b0fabc782d61d840593cfc6c348
1267,678.581359863,678.681335449,10,1421,21341,5d1778e5a6bf3c8ec6fe03088cd617cda37ffeb9c883a293bdbe4ba87f4d3874
1268,679.181213379,679.281188965,10,1419,21316,f14c123402db7ca8edb86c5dfd5f4b040b7ee9441fc346d094c8617cd560de9d
1269,679.781066895,679.88104248,10,1421,21339,2d8817318442ba5368c77beff971a80a4c5847bfd823639f6023ea70ceb4027e
1270,680.38092041,680.480895996,10,1421,21335,b7bfbf669e323a6b9758a95ce368811b5319d9171a77f46a841202da8d3c7d2f
1271,680.980773926,681.080749512,10,1419,21314,3e24fc511879e72e7e9cb931095d338e631953aebcb52a3993c8359c9adc1613
1272,681.580627441,681.680603027,10,1419,21325,f59f4321249ae6a0f831d3ba2f9ed8f2af1d872002fa799c2dea6772c1601fcf
1273,682.180480957,682.280456543,10,1423,21383,51fea216299e9776d5599fe588d3e24db604e62f03a7ab2d93c205608813c152
1274,682.780334473,682.880310059,10,1423,21378,5900111e01ca2268a7ae2a8941db8196eea8a3e709a158e224959e0aeb4865d6
1275,683.380187988,683.480163574,10,1421,21351,abc9e38592bf4f7200e3e189ce8daf666c028fd1c823e652b1be2e10939bc8c5
1276,683.980041504,684.08001709,10,1423,21359,c553d88919991621569c2ea5ee1ea7b243ca52d7caa7caacda864fa72d12e399
1277,684.57989502,684.679870605,10,1422,21318,631936b4293aaa5941ae0f06053ee9aab8fde48522aa62fce62d553d2100249c
1278,685.179748535,685.279724121,10,1425,21404,94b8af6fd3a068aceb8315632b283bc2f9276aea23ea1ed37f95a3fa19ad805c
1279,685.779602051,685.879577637,10,1422,21340,3ec3476e8c318e60c386fcb78424c2fa08c788dc9a8f3b9ff824db9683c562ce
1280,686.379455566,686.479431152,10,1423,21354,fe8bf7fb64c046013ffc96a942dc8f5f4cefcb779a6fca29f2aa93cfc6cdfe66
1281,686.979309082,687.079284668,10,1425,21406,af8be69a7c78f338a63dd2120ed634e8c79abfc5164e6d6b2a295c374c83b927
1282,687.579162598,687.679138184,10,1425,21380,79868023fea8d1894ed27a9ce320b5c9ea642f01ca0842a5e44e9c1c81e19f08
1283,688.179016113,688.278991699,10,1426,21412,759a585e5069a8413cf4b69da1ca20c36a68702e57da923f45f05be1768aa83e
1284,688.778869629,688.878845215,10,1425,21423,b4b4286c1f75ff3dc5d6c91507cf7f29dde82b34d0f04d02e62a33e5305adc81
1285,689.378723145,689.47869873,10,1424,21388,84d472b9eff5c50b62a3a55df18e9a768308a7288df9ba36aded2bb2c32cb008
1286,689.97857666,690.078552246,10,1423,21383,2249c19dbedea6c4c4a8309742907f7779a1cd657f5f93dec82b54f0ee1c41ac
1287,690.578430176,690.678405762,10,1423,21385,d64d1131fd2f11d44559e8c810a3d610f1ef6989018965fdadf19c90362435e4
1288,691.178283691,691.278259277,10,1423,21374,4615845e9d4f6462de64dc8e4cf96f5ba9ffd952b632c484ee39083907145002
1289,691.778137207,691.878112793,10,1423,21384,5beabea5746011710fb36c3a9101bf1f520aaf1bec2cee51cece16dceea1f0b4
1290,692.377990723,692.477966309,10,1426,21398,6e515dd93e49cd7e0d38c046cc5d7863d6ed260642ec31e77b222a8fb61cda14
1291,692.977844238,693.077819824,10,1424,21399,748f7ba42ee7f00baea0b8ee65e43ba6b22d63cbe30d53037d369847330b42f2
1292,693.577697754,693.67767334,10,1426,21425,fb7b1a27ea062d07f8119e8e5236e3fcfebe5fa2ce5722b5d6002a1b5597dae5
1293,694.17755127,694.277526855,10,1427,21422,624783151df117c3f040a7145d0c93929635be290e3578334a182bdb3cded7df
1294,694.777404785,694.877380371,10,1427,21431,b9497479e95cfb3fb5de575e000aebe359927adf498723ca0b9f230619e254c4
1295,695.377258301,695.477233887,10,1425,21420,c96daa2c693bceeeca4910d187eb43ad7fceea9fc19ec6fd2b24549c651cac72
1296,695.977111816,696.077087402,10,1422,21395,5901fdc7ebbc9f8effc062393a6316888b9f4f9d162e5bf193cbb57c576d9ca6
1297,696.576965332,696.676940918,10,1425,21397,0649dbdcacdf508bb5cdac8443a079a2942a79ec702e847a59f44ad77f71c06f
1298,697.176818848,697.276794434,10,1427,21458,66d2c0aec73d467d89d7b6cc3a179bf7cb51a854e023be54e5a409cdf08919c9
1299,697.776672363,697.876647949,10,1428,21471,3c24be5601a00d0d5edaf068227f5f467feef569c7130bab5f1dbce15e7bdd60
1300,698.376525879,698.476501465,10,1429,21458,087bce6e4995d94ffb1e0346b050e698e2e7c7cb608704b01a8cc5b9902a3b79
1301,698.976379395,699.07635498,10,1429,21466,50897a6f043574d4f4fa3ae85d59fb169ea3344355aae0c2de2db94182198204
1302,699.57623291,699.676208496,10,1429,21466,f852f60c1f2243e3b9cfd375dad2b58261437bf3fb9f4179fa81d87a394a1a65
1303,700.176086426,700.276062012,10,1429,21470,e8ef9abc19fb9ddff570186d495c2138bafbe693f4bdad91eb03806291be52ff
1304,700.775939941,700.875915527,10,1431,21477,d069dc9ad763edd427c5d8a75bf3023db732ffc6af8913e9264f055640a3bcae
1305,701.375793457,701.475769043,10,1433,21523,6184189311abd2c0841a296afe219a412d53cdca44830fd97966a89792959667
1306,701.975646973,702.075622559,10,1433,21512,d254fa803084b6805b803d02af1241506f9b38a4051c4ef040bcb2d4b39d8b1c
1307,702.575500488,702.675476074,10,1435,21549,227c2f604c313aed6b9dc53cf7f09f178f0cb2f98b615cc8dd270130ab8b7562
1308,703.175354004,703.27532959,10,1439,21600,ffcc0ac7821e0ea7ce366f6edb281555a61ee84d89185b49630a3c2a805a7bd6
1309,703.77520752,703.875183105,10,1439,21634,94c794d6f47ce747cfe311d5e4fb129cf9b3adc9d2844cd2ebbb9987b1b789b2
1310,704.375061035,704.475036621,10,1441,21654,10a94a4393b61b0a2d6dd36625a3cf2788087a4146f20501ab88a96c5527f7ee
1311,704.974914551,705.074890137,10,1442,21637,cd0d57a418e686b498b3a5b8fb4d5c808bff5d6b083524589ed5725e6caa5307
1312,705.574768066,705.674743652,10,1442,21645,f472a6771557c820c3102b673c08565ba7b85aab77d1363f1537fe7b3d9cf5bd
1313,706.174621582,706.274597168,10,1445,21702,9d7aa99f668f6a782c9c0c347598e6fca71ed4209cbef7684f65c631a3295077
1314,706.774475098,706.874450684,10,1445,21706,71d32460209e705a6a74490d01566d780c827a578efa6100d6251d79b57e04c2
1315,707.374328613,707.474304199,10,1442,21671,ca0fd2c91db2641a0d75c62077d061de64652800ac40192486ea5dfea4bc2a93
1316,707.974182129,708.074157715,10,1444,21698,0b5a4274ed5b98058c29c17447c40a2707eb60d1ae93e221e16b172638781db1
1317,708.574035645,708.67401123,10,1442,21673,8863cef4861338fabe2f84f6f942c86cddd0771206c5383167a22d0a76066ef7
1318,709.17388916,709.273864746,10,1440,21624,346bcf7cdc3210b6d1df8aeebc177213d54483ae671cd67427f69bfdecf18521
1319,709.773742676,709.873718262,10,1442,21673,4d381f51f28a0e48fee15d71c0c939e7df43f6172f5ad27471944d88843abc34
1320,710.373596191,710.473571777,10,1443,21669,06aa01da0e35dcb4070aaac42cb57474c6fe62f619c4944daae09f470fd76607
1321,710.973449707,711.073425293,10,1442,21658,48ff1aaf88cf5bef3ed0df2b3a80998baa18ee328ea74324feeaea8a4c71310d
1322,711.573303223,711.673278809,10,1445,21694,184725069e9722648015e8a4dadb7afa9f15a0fd7a2ecef2ce1cae4151345944
1323,712.173156738,712.273132324,10,1439,21603,163cc4dd5f231b7343e1dc1d112fa21f1edd6d67ff859ac9fa6dfc27c6f86e3c
1324,712.773010254,712.87298584,10,1438,21582,7261bdf06846291c28bb5fd1703c0ac8ffe3b9891575a0919ec5f88319973478
1325,713.37286377,713.472839355,10,1439,21605,bbfb494b34b13a65fb0ce725f5e7a3a83884fcecdaee34105832e2c0314a97fd
1326,713.972717285,714.072692871,10,1436,21576,ac51ce561c28f65822bd4c20d6221a2052f259e90cc00be8419ab6098c1dfde7
1327,714.572570801,714.672546387,10,1437,21584,ca189eda952fa263a790b4df40ddfd80853a11d04d556ccc1b5ca603f57f54b4
1328,715.172424316,715.272399902,10,1437,21594,011704b9f703ac42880ddae3df60c376a758e1a3e27d42c6f6aa61a1ef4c0e5a
1329,715.772277832,715.872253418,10,1434,21553,14979f45b7a513d6991188bec2dbc47aa3653a9308ee70a83e09eeb7704192c1
1330,716.372131348,716.472106934,10,1436,21582,81d8d8e360953cc8cfc33b412477b767196f7c321343982ada5d2cd1919a4cdf
1331,716.971984863,717.071960449,10,1435,21571,baa5b1760bb74158f313c09fc3fc54de7abb14c89099d09a26d73a95b2dfb627
1332,717.571838379,717.671813965,10,1436,21579,6866cb2acd095832747dd124ac60d1d71f2868f04c5541b1bd6069eb03405298
1333,718.171691895,718.27166748,10,1439,21633,d8b5ab565551298aa715250355bd589b45984f838101ad0155a135e67dd29cec
1334,718.77154541,718.871520996,10,1442,21661,4f63b07552dd5fbf0222c06963261fe1077ae58c4995b29f98d1a46be97dd8fb
1335,719.371398926,719.471374512,10,1443,21688,f71f433856de7014c81dae0c52ae8c3b1dcdbd84385101e6bea574967f29153d
1336,719.971252441,720.071228027,10,1442,21671,e6dbfc83128087f17a80d0be44ef42b7f069da40af929d349a0317fa657a6c1d
1337,720.571105957,720.671081543,10,1440,21628,e4861b61f4ba4450783e1b308700c8ee9a207d9dd428b496ac08d1c7bf15a062
1338,721.170959473,721.270935059,10,1441,21652,5e8b103412f349dfd15177545ce6735b83c263fb6c9a00450b9e9bf140cd9548
1339,721.770812988,721.870788574,10,1439,21629,c6d28576185db745d0de51905b00a336c0a3367356b5263567a8394ad61b2985
1340,722.370666504,722.47064209,10,1441,21676,20af1372c2bd271ae9ffb40115e4e09c52c5b95db54d859ac6f120e35daa682c
1341,722.97052002,723.070495605,10,1437,21586,ab381c30598ade822535c02408119fd1f2d5e1ae50a15193d1fd424b2040f3d3
1342,723.570373535,723.670349121,10,1438,21579,6d94d7cab3b8f7f729bbee03b586cc96f6d8030abd1e26343c0a3409056ab476
1343,724.170227051,724.270202637,10,1439,21623,a1a6f4a066a2a4d67b8a9e89f8adf607ba96ccde6863544553b24920b55e5114
1344,724.770080566,724.870056152,10,1440,21616,6a1890de39b25fbf8f4781e7d5f9dab7b6115cd19a8be151782395aa82ad52e6
1345,725.369934082,725.469909668,10,1442,21654,e80dbbc469e20b87e500c7cf4d891665472a43d8059209c132165a5d31ce6f4d
1346,725.969787598,726.069763184,10,1444,21677,f5bd05480bc8e8f47ec13bef7473ccba5d65e38844a7f146f2f2993a9069386a
1347,726.569641113,726.669616699,10,1444,21685,09a924f1f2f819304d04d25e38c69e4f2a4db73fc00cfc556f66a4466e283b54
1348,727.169494629,727.269470215,10,1444,21689,3b5bee3c336d0e7775bd04fed7dbf71765f6c7a6fe3bdadacbfd7b6518731d62
1349,727.769348145,727.86932373,10,1443,21661,2ed652d714e23a9293ddef69672311d0b94ac15114277f1d192381c1af285b65
1350,728.36920166,728.469177246,10,1445,21702,9e70a920434747f8d2008d66d4ad80296aa35a9dc86d03d75f9f2672000cc86f
1351,728.969055176,729.069030762,10,1443,21663,14bfc81819fe4077a373d303116c3d4906a0ece4f59ebf09b4d2d9a9ff9f532d
1352,729.568908691,729.668884277,10,1441,21658,29605fdb5b960c337c0b720fc61721801d3752caa6ade14e2a72a4ab8d926597
1353,730.168762207,730.268737793,10,1443,21671,4532850035051e179e04c975ebd941a77b04cc08b476f3ed7e6af4343050ff59
1354,730.768615723,730.868591309,10,1444,21694,2a0fa42e319dc5939c11cca820025d0d88d14d905c126d839c50f7228ba6b51e
1355,731.368469238,731.468444824,10,1443,21683,199d11c9d65b0d2653e6446ce8b6faa99fc2494e13ce3f83c86f8711e5c7af08
1356,731.968322754,732.06829834,10,1444,21693,6dc33494333ee4f3fc48257d667c0c2e187d0ec17936e57e57b70b7f3cc9fea8
1357,732.56817627,732.668151855,10,1444,21689,55fbaf065cc19512d08f6e52f81c6231a3a44eefc0f523997a07fe62571699df
1358,733.168029785,733.268005371,10,1445,21690,5e9712f2816d32f34c8d4d123968ac73eb9103d1abb239b8a4912232da380e38
1359,733.767883301,733.867858887,10,1446,21734,b281be60148add164e860815a88cc23525fb1c89826ba899751bcf63ffb449c1
1360,734.367736816,734.467712402,10,1444,21679,faa32ad2e8a9c2b327f1495e75de92062828e9cc453ddffa7d0283957d56757a
1361,734.967590332,735.067565918,10,1445,21687,529ca7739f7ea572dd8216380d69023c0b409cd8ffaf88137df057aee77556e7
1362,735.567443848,735.667419434,10,1446,21712,6e29c2c335f6d27b7a8d130e21d6a4fee42bb5b533340235c08a890740c84a5e
1363,736.167297363,736.267272949,10,1450,21785,0bf089c8ba40ca9bbe4f63be53c5bf057f441f6736dc3fc826fbe515cc91b2cd
1364,736.767150879,736.867126465,10,1451,21817,ee70a8edd66c260b72d2415a1b3aaac1ca48f58bfafcd6029b0e72c8c36995fe
1365,737.367004395,737.46697998,10,1452,21827,58b0cc86352f727864165db7772ea43949dd4d3a21acc825f454b3411c6c375b
1366,737.96685791,738.066833496,10,1455,21842,38a7cf69534005a6a07bf29ef3b483be986b313854c73d223b4ec4d58b1fddd7
1367,738.566711426,738.666687012,10,1452,21804,ff6a87b59c1af5ae05eaebc4276bbb3e83a426094f11b1bb958745deaace0379
1368,739.166564941,739.266540527,10,1453,21816,91f66a9070e67085aa9af980f49048da6c4ec2ce179f926aaca2303c3cc43679
1369,739.766418457,739.866394043,10,1454,21868,0af8bcf32e443bdbc13cc7848f505134b4b0164cdaaee8c2237a757f72165fd4
1370,740.366271973,740.466247559,10,1456,21846,379efaa1326a114bbd72f0af45282e789440f92b860502da3117b71f7b87d42b
1371,740.966125488,741.066101074,10,1454,21843,1e023778597a9aac66077d593dcc9ac75a7267493148aa91c0cc6d5e20a80ce2
1372,741.565979004,741.66595459,10,1456,21863,e17bd32be5e687782b4d83c443a49cf761931d20c7c4e025d45bb018bfc9ee3d
1373,742.16583252,742.265808105,10,1456,21832,1d2649e739a549bcb3a2f1ad530e16b6dd96ddb73a9de574d21398b615066a4b
1374,742.765686035,742.865661621,10,1458,21909,bab19be1f79bc0ab0c40426de560d8b70d72c8e20ca40dc7039d450fc1349a37
1375,743.365539551,743.465515137,10,1458,21917,78bd3f5d38ca70331b579ae428864b2a4b0f5e676248a50c60efe0fc1c3bf641
1376,743.965393066,744.065368652,10,1460,21933,49c8271f014f486d7876ec6f038dcde76d2bac3b46fabdc7c0fcf7c030fa4575
1377,744.565246582,744.665222168,10,1461,21953,30557df67fab02b6b871ecb876806f63693cf2ae511294f4e9286ab7b4a59224
1378,745.165100098,745.265075684,10,1461,21949,3a0148ff9adef00d009fa9a111a6adc9f0b3d830835e87173cfb3f86cf4f6e28
1379,745.764953613,745.864929199,10,1461,21974,7ff97fd37ada9047b82e4dfb0a005b85b75e27fc9083c3abf6a61919cda34d81
1380,746.364807129,746.464782715,10,1457,21871,cff60e63c3815b0301973d7c5eea1585e9f66391c866fcd0e250d470e3d8b129
1381,746.964660645,747.06463623,10,1456,21872,ce384b9d07f3c129ab0aeb78131785fa33bcd33302665c7f3aa5aded6cf9b8e3
1382,747.56451416,747.664489746,10,1457,21870,ccaae9418cb7c4b88414aab4eee33a1efd72627c7c77040632a57706f0db5703
1383,748.164367676,748.264343262,10,1457,21867,7837b117d4a617c11c1794b8a9379240185f7ce1602dc7e52fe8f49a74f391ca
1384,748.764221191,748.864196777,10,1458,21888,c80deddf6da08fa9a5284dc6967c35793c369a542b73676e4da7a5ecb7bdbd3d
1385,749.364074707,749.464050293,10,1458,21898,1ab4504be6fa62243b256cf7945531bd4583f24a9fba199b3af29511095ecdb1
1386,749.963928223,750.063903809,10,1455,21855,5fea9ca59a680fb4b0053444322eeec9a6840b60eda3494bcbc0f6669eff7462
1387,750.563781738,750.663757324,10,1455,21841,187de82646ecbf2932a072c4f67a7013ac05b99dc6797f105dcaa24ed59a7149
1388,751.163635254,751.26361084,10,1458,21907,f0dd6e8119da7ecc1ce5bf1c7c5b457130f421bf7d49a8a691373b3287a4a591
1389,751.76348877,751.863464355,10,1458,21892,d1a9cbee7d6a2221f70aa52cad5d892a361a11882469978ac032af6a6939d639
1390,752.363342285,752.463317871,10,1457,21875,a79cc5725c55885818c69675f8963785fece79a15059f119442fb543ee43ac0a
1391,752.963195801,753.063171387,10,1458,21898,a089eed963da365b93cd50b7597b15264c4e60bd46a9cfa811e2b1dbc9f322bb
1392,753.563049316,753.663024902,10,1458,21878,41efd5dcf6bda1fe03d525bb1cced0a97c52592aad88e9d38b9cd5339259b020
1393,754.162902832,754.262878418,10,1459,21910,c5973c08562854e4f7721e2d54ccb613fcb19adeb0d2d715fa50564697898bdb
1394,754.762756348,754.862731934,10,1461,21949,08e243d4b7afbdf560a5916b95724e3dc6a919b1b63ca59c8b882bdb38a2e26f
1395,755.362609863,755.462585449,10,1461,21927,80c21c4ba6a71e2b5fea60e3eb7c9e7c8b40d93424600b91e68527e331a64f98
1396,755.962463379,756.062438965,10,1461,21949,f9896d04bc1c4f541bf9bfdd0f7d4d29637ff2e29ce0236ebe43b3d4adf1d628
1397,756.562316895,756.66229248,10,1459,21917,864f32b2f6ad5f089d3776ec5009e6a9ff5cd93aa5b5037ed781f53b3eab179d
1398,757.16217041,757.262145996,10,1455,21841,a703aedf8e9b332fa144700f7cea8a3d2f3f55b07f0d3c8388fbaca4317d58ad
1399,757.762023926,757.861999512,10,1456,21885,c4c18109c6906a0d4a14fc2c24c9b9cd822437b08b101ed6ef96f71bca3444f2
1400,758.361877441,758.461853027,10,1455,21838,8725729c39194c534ee949cbb296f5b124bc84165a5792cb35dd46c61dc8d218
1401,758.961730957,759.061706543,10,1455,21849,a984698dbf924420025d8b09e75fa3f27b37ce877eec7ca2023c2be0c15e8d78
1402,759.561584473,759.661560059,10,1457,21891,b78aa939bc5cc3325182da21730be8dad4ac586b27ef3be466e2ab5c913d5637
1403,760.161437988,760.261413574,10,1456,21866,627d8d45647327498745427fdcc1f2853db7ac3418d20c6f1b79f2479014105d
1404,760.761291504,760.86126709,10,1455,21830,041dbe3e1ccf0fa5328237f866b10c87bfc60f207d6d48b8de0bfc9822038808
1405,761.36114502,761.461120605,10,1454,21852,25cf1065c8be3d43fb6bd79b9f5af593f445b122d25984386336173b63b9ce82
1406,761.960998535,762.060974121,10,1456,21862,ac6d6cb8e7b233791c040282a59adb0573375bd2e0262a505ff4a073a1d6c96f
1407,762.560852051,762.660827637,10,1457,21873,67a7494ce2cb1fb26be95d7130dec3d12e7e273604cb48bbb280ae98d8a6fe32
1408,763.160705566,763.260681152,10,1458,21897,a9b45cbab3bbc64248e7ae242509f02d625583d310efe680838292b5bac171c4
1409,763.760559082,763.860534668,10,1461,21963,97adfda1b1083f79964674b9159e409a7e25ae51a02bc87a8abb95a7595bf349
1410,764.360412598,764.460388184,10,1461,21940,0ec13bab146564ac4fa07fc6a857ddc61113eee476fabe0fc25cdd380afe7b20
1411,764.960266113,765.060241699,10,1462,21935,909bdddc65ee4cd553a5a093acc2b6f0bac2c2f6db7d8c15a2b543dbec4b35dc
1412,765.560119629,765.660095215,10,1466,21992,18fd4c9f79d7c4c9f55dc8a3cb5b2059ed603720c1414949428e794b42564fee
1413,766.159973145,766.25994873,10,1464,21969,0db1f77bf8440b47a31d3ee31df3c13372f855c52ccca3ce0da490732f7f09f6
1414,766.75982666,766.859802246,10,1463,21977,cdddceb4b596747fc278eb02cd2c59612187e3277294ed6c849bcef026f4b3b1
1415,767.359680176,767.459655762,10,1463,21970,8364f6951a2181a0bb9e0c8b07f515fdc77d0aee16645cd9309a68e1698c8c61
1416,767.959533691,768.059509277,10,1466,22015,ac1d1e82eedbf3b90a969da7d0c2bc7cc8a3c1da66a62125bd92106adf61e53d
1417,768.559387207,768.659362793,10,1468,22027,451f52ceb8b73f4714c6fe39f87b7b3dd06dd98ee45a6db89cda3e6c93933c03
1418,769.159240723,769.259216309,10,1467,22053,553638847310bfc65dc0fc31c7b1993189a24564f77f469875d2efc54ae22ab8
1419,769.759094238,769.859069824,10,1468,22061,0145754c480f3e2a3eabd74eda710ecf9ebec0a5c9e45c1144e57a17fc78d853
1420,770.358947754,770.45892334,10,1468,22058,86663f3da79c1ae6ef18265d661913d9aecf3ad42673e9abec6310969088fe51
1421,770.95880127,771.058776855,10,1468,22037,8b4ed2a5371846d9bf0dec09da41cd2757710acb44c3145a4bd4608ecfa8e21f
1422,771.558654785,771.658630371,10,1462,21957,e97030422f92c7a7fb99ef2ebed942f1951f96db81e52fddca62eb98b93e95e8
1423,772.158508301,772.258483887,10,1463,21954,0fc2ed760814ff53cbd60042729bee3561a59b9b83eba8c979f4069730be42e1
1424,772.758361816,772.858337402,10,1464,21976,0876d4bd27ad368c76fd92d5cf48b3c477222ac48628405f39cbb5e69d4a05a1
1425,773.358215332,773.458190918,10,1465,21986,1cb4397a16a5f59da154cb17ffc91303dbce60c7a5d9b6fd8e84249c1f9a06fc
1426,773.958068848,774.058044434,10,1468,22036,a33cb2f50c398bd169dcf3e1a33d17fb35ab0c2fdafe7c852c171cc56ae3bcef
1427,774.557922363,774.657897949,10,1470,22072,f0c1b8c616528697657f2e54702914a8d7d8f169e8fe918fa84e239c4d015454
1428,775.157775879,775.257751465,10,1472,22118,7a3006019405668ff9b5887fbbecd7d7c2e3a2fccafff6eaaaff12f7092a7f7f
1429,775.757629395,775.85760498,10,1475,22159,69b4c2b545cdc71f50604f43ab91868514d2c8f0a0775447d6a5f1a57076bc72
1430,776.35748291,776.457458496,10,1475,22127,766d0420beb78cb7ac06d864a9c6b433ad4f582586cb94e8999862f7c12c2055
1431,776.957336426,777.057312012,10,1471,22072,4d034fc0596a84de1bec622d147cbdaf9dfb30d605d8ac9315399de37ec66a02
1432,777.557189941,777.657165527,10,1466,22001,49871eba60cfc384752da31e6bef1c74635a55445ef6f9dbb0a25824a7fd968a
1433,778.157043457,778.257019043,10,1465,21995,e7206a1ab3cf790591aef1d164b7fa893d221ad5b899363fad5200288ea19ae2
1434,778.756896973,778.856872559,10,1465,21994,07e2f4d3e734647b3a916296a881a299dc6f3ec62b0a1deec28da9ba0fd97143
1435,779.356750488,779.456726074,10,1467,22029,d5af8cef553cb16e26a50951959afdacc27f8f7bb1cbc3dcf870c91bc2712465
1436,779.956604004,780.05657959,10,1465,21983,92e0f89daa9dc0578ef6dfc13dc21179996a63fe840562ccc4bd4fe6cfc372ca
1437,780.55645752,780.656433105,10,1464,21996,4e29b5fa9027a6272ba8920603a6b64b564be515f1e1066d8abd2729b13a7f74
1438,781.156311035,781.256286621,10,1468,22052,63dca5d4e6d38ed836133ca9c4cef1ee43ecea9d105790c97a7e128c1c46afce
1439,781.756164551,781.856140137,10,1466,22024,946fe6e1128b17f988d00e22f3e4278b6d6164b98b73ac5a44dee83d40bca686
1440,782.356018066,782.455993652,10,1466,22033,4e99a29d4f935719d561bffe1e1c6893e4b53e12aedca0c4bc60a1c4c5f0644b
1441,782.955871582,783.055847168,10,1463,21967,c576073a1f23b2ff05a7dd7aac853851d0795ca13a26029a7c90250a543f4e33
1442,783.555725098,783.655700684,10,1463,21969,db3da8ac7bee138a89f84ad86ae843e797549e24e662999ad0d0fe7f41f1343b
1443,784.155578613,784.255554199,10,1467,22035,675ae5abec037c2a8fe9a1788b1bbb33a9ec76c643251fadd1b14902483cdc1b
1444,784.755432129,784.855407715,10,1464,21970,f9525b2470485e245e0467b6509fcaba7190b7d3c5d7886927a1964e15d1bc77
1445,785.355285645,785.45526123,10,1468,22042,cd1e9af76eadea180bfe93ce189f8ba5374b1f2a5d5c72b5e8015147fa0c755b
1446,785.95513916,786.055114746,10,1469,22045,59b1886ac97696a5ace69abcd4a779f334eed9dc8819c244911c30ae909babc0
1447,786.554992676,786.654968262,10,1472,22100,db4bb5fa5c03a60f80cc1c8af279c91361c302f85a77d2180f6404d12cfd8e1f
1448,787.154846191,787.254821777,10,1474,22141,384589873b4c62491fd7c9acba6dd5d34b66a26339c524ce0077519d7ea68b10
1449,787.754699707,787.854675293,10,1476,22162,51e54adccc3818921cbfb303cd840a72f4f9cb8a24d880a37c9872ad4518e852
1450,788.354553223,788.454528809,10,1477,22185,18c94ec4f728fca8fd999161fc3a2762b2a5bfe86532662e359a6abfb77f6fa1
1451,788.954406738,789.054382324,10,1478,22202,180815339253810b5ad030878c1dd8e8846b6e8d1948df336482634dbfcfb0c9
1452,789.554260254,789.65423584,10,1479,22229,c397f05bb05e9ca37c6c6e6fcb5374a37c6c87e8842f3cdc2d450fb37ace7cc2
1453,790.15411377,790.254089355,10,1483,22280,a529b925da8f3d1140e388c4b516b78128bbce3338641c3c20f9039cd3eb5fac
1454,790.753967285,790.853942871,10,1480,22226,95f2e79ba93eb969b0de5200d47d8fc8e4f2319381599d0897d7d67876de9c8d
1455,791.353820801,791.453796387,10,1478,22192,d0c8ba475241699a43f68fbd729622885888f9b31c87a2eceba26de845a2423c
1456,791.953674316,792.053649902,10,1476,22148,64247574486adcb55701798aba4af6d5dffadf47ca6ce2593c7a61ca98408889
1457,792.553527832,792.653503418,10,1476,22171,6166df565603b13681257a8443ad93cac50669665c24de97f4aeeea183b205c4
1458,793.153381348,793.253356934,10,1476,22187,df24c98611f39e12049f9d8bb127c597f23f8a83d2c12a3595cd028524473c91
1459,793.753234863,793.853210449,10,1475,22149,28e40e347297c46f146102eaeac3e24f1897bdad26c47c8af5d34dcf9d6bc7db
1460,794.353088379,794.453063965,10,1476,22173,ad96f28dc125dfdd777dde17c48c97a0d41d5ebab5354c9577dfa3f6eb23ffb2
1461,794.952941895,795.05291748,10,1475,22148,1876e7e52ad741b4ecc511fa8e002e0768f3ef1628068c9433b171a7a4909700
1462,795.55279541,795.652770996,10,1476,22181,8a84ce86d323e87bcf9e0bebe3f39b7a0ba1cee63217a87eafef8b94eaa8ff9c
1463,796.152648926,796.252624512,10,1477,22171,f8fe958e125698eb84964f94391a3d5f33a564d51e2f2283d1aa00dbe138101e
1464,796.752502441,796.852478027,10,1475,22167,72292bb62cb8e737a7d817b2a75f410f0a4d9c535cfe1d7e50157754f7fb23ec
1465,797.352355957,797.452331543,10,1474,22157,16a2efc048c0eebc262ad18132ff2589428f0674625bf7b2271b4a9c9aa5c808
1466,797.952209473,798.052185059,10,1476,22185,c1830193d4c06a5c33d01d4b39645f09dcef376559b461e96dd20b0d1c2ae39e
1467,798.552062988,798.652038574,10,1475,22147,7a5b09e25b80b5272f2c904db515463407b02a596e74581e81559933baa093b1
1468,799.151916504,799.25189209,10,1475,22147,7c610aa4a6fdc86307ea912fbf213cf2a7fc5920c0da5f241f28ec54b9a3b540
1469,799.75177002,799.851745605,10,1476,22155,db21f5df67130f6f2eb51cf8b7396d3ef7ad603160deb74e03f072b02bf17114
1470,800.351623535,800.451599121,10,1475,22158,9b10c762f66ba7b3279f7d451dcb06d955bf3619c1f7f78075ff4c0943e6e712
1471,800.951477051,801.051452637,10,1478,22227,2c240a72fc2562227fac5f4c411294638d66902dd01dfae38a64d1e772058aac
1472,801.551330566,801.651306152,10,1479,22222,dc35233b0229cbda1e5c7b276a9f753e814ba37f487fc78d1d4b2e3d8877ce07
1473,802.151184082,802.251159668,10,1477,22200,43bf5576b8a1967b9b99647a747b34cffef1b65597cef456a7a9ca531cd37a71
1474,802.751037598,802.851013184,10,1476,22178,4addf6284fc69427fabd3bf74a32dc7bb1f08790c43d13dd4a87a7713f758872
1475,803.350891113,803.450866699,10,1478,22195,7241974467175c697b9725be1911be716c9a3c5756601d4794861eff04d50bfa
1476,803.950744629,804.050720215,10,1478,22200,0b490a18bd998b9062eae0246c55e642421fa6a82fd5d7d631c5116a25804482
1477,804.550598145,804.65057373,10,1477,22198,e5761999dfea32053d2cfed6b6fdfae315623d5d70817ff78f4bce9722504e30
1478,805.15045166,805.250427246,10,1479,22213,2d8f151b43843b30c1ebfd48f0b9511b1315e80e92c4f2da82a920b7452a8648
1479,805.750305176,805.850280762,10,1476,22180,d67ce8aeb6f368d46c3c31c4ab2fa5857a4a6a40db0a4e9749cd3369a3f4caa2
1480,806.350158691,806.450134277,10,1477,22197,28c9ec7c3e91bc459c42ec813746dee2cdc0ef79dfeba6c8a9bc9a380cecc58a
1481,806.950012207,807.049987793,10,1477,22181,7ee452520c559e17d01180651ee4fadce70b90b62bc08b52c8f218856554c999
1482,807.549865723,807.649841309,10,1478,22212,69e9206b8183cb65e1b835df27dbcb6b17857e36712e0bef785187b6d42504b2
1483,808.149719238,808.249694824,10,1478,22209,213b17c35ed55bf34230822f3c0572e936b72f79ecb933096d770be0c68b76d7
1484,808.749572754,808.84954834,10,1480,22233,c7577110f68fc87cef01fafa93190438cdf17019266adb4ed63daedf350edcb7
1485,809.34942627,809.449401855,10,1479,22236,d82dc5339b7f49226c471cf334aca0ff6ce25c1ec64419e707d96f72693b7dbb
1486,809.949279785,810.049255371,10,1480,22244,63184712616437666abcc6f1f2a96a6b1865fc13668fc580dd602cabfe131e28
1487,810.549133301,810.649108887,10,1481,22253,6ad27255e3eccbec7895ca74d64247f9a6ab096d1d59c65d9b8aac23a3d412bc
1488,811.148986816,811.248962402,10,1482,22254,8849856e5540dbb6d1e7b4db2474c9121c904ae53698e849f17290ae603d21ed
1489,811.748840332,811.848815918,10,1485,22317,e3452dc4af79f43c51f48c160f756d0fd8c0b1b6eb790525abf271dd1aba6019
1490,812.348693848,812.448669434,10,1480,22212,9c19413854fdca7d3f0b3ed98ee076aa0a1a1a97e05eb99e716842a2ce56bd5e
1491,812.948547363,813.048522949,10,1481,22243,5a03afe88560eb31bbfc7a154e8962a5f153127b533bfd7c56a2a266ba3b0d92
1492,813.548400879,813.648376465,10,1481,22261,e1a0806a547fe033070d55933f8d04d942e2f49c97437084091a4a7efab28297
1493,814.148254395,814.24822998,10,1482,22275,970bf4c19fbfb1d2e3368a19a173d0febf388a8619d0e0e1b0912bc0511d2163
1494,814.74810791,814.848083496,10,1485,22297,9d11289d411a530fc91386d0f1bc47b652c834449566cdbc76ac721be5579347
1495,815.347961426,815.447937012,10,1486,22332,9712bc58cbe25c0aed6408f0ef2c5b62de196c96c4b1120c1eb149f839e57886
1496,815.947814941,816.047790527,10,1487,22358,5e4f902e4adadbf13188843317f2ecf35f7dd4e072099f55d9c22c31dc705dd2
1497,816.547668457,816.647644043,10,1486,22334,827a3dcc7a65a7eb425e151fe787a68633201df743a1a0a4ef4a353206aeb505
1498,817.147521973,817.247497559,10,1486,22317,0922c69c7a1831c8999dd36c4fb93933a3dfd351f4f0800505c627e5e669b3a1
1499,817.747375488,817.847351074,10,1484,22304,0a31748ba120d663d4aeea12a5e57019a009903cb1f65d306234e533330ee3b2
1500,818.347229004,818.44720459,10,1481,22257,446369711c6f88b48e9c48fdbb45ba2ada4ae4a23d93a9ae1deee2e40d9a03f3
1501,818.94708252,819.047058105,10,1483,22277,d3c581978df4e44115afd0365db43f5b750ebfa4b3a19af1618c063227edf3c9
1502,819.546936035,819.646911621,10,1483,22254,df3bc797a52ed31f7ee5f39616974399450bbc0d9c8bc775cad068f15e92d875
1503,820.146789551,820.246765137,10,1483,22297,049c26f171945126986070e1360bb4348f00ef9516f5c6a2d4faadb17c953a47
1504,820.746643066,820.846618652,10,1483,22276,8b5511b33fea634040aebea1a697468a07765991f45b05876caeccc2c15ec9ec
1505,821.346496582,821.446472168,10,1483,22278,7052a780f0cfebf7ca3e4d434815968f2ff73725c437270b7283adf4535bac79
1506,821.946350098,822.046325684,10,1486,22301,648a527744268867fad789084acc11bce8d207e37266f130c991d704c1e5c9ae
1507,822.546203613,822.646179199,10,1487,22338,2b5809a84ddc1a6888f14ffff7c57e366aef30b640b085f3f75e0ccdcaad3966
1508,823.146057129,823.246032715,10,1491,22394,c3d0641eb9d717fe04df830ba970a5ea6a4ef25e3b745b7ee132f1e52bc96c23
1509,823.745910645,823.84588623,10,1489,22379,b7db770a52502e4d40a0b6a7fb093cbc2546662927e4258ab54677317c7305b0
1510,824.34576416,824.445739746,10,1491,22399,003e92e0cb8852c539ea0d96d087e8c4cd9718137d613ebdc4b2b1d480770a40
1511,824.945617676,825.045593262,10,1494,22431,72fbf556db48dfca60bf1181b5bec3ff3e8137227b3da26d0bde4904b9a13aac
1512,825.545471191,825.645446777,10,1492,22407,53f06e71cdb974c0b1fc67cbb55dae3cb34ef89f760bb374420cde4250ed1cdc
1513,826.145324707,826.245300293,10,1492,22420,c6a949e6fd3e660c10acf148a44439655931fe4ca3bf151f180ae71dac11b8e0
1514,826.745178223,826.845153809,10,1490,22361,c0ef80087f887670607c5c34de66485f4c997c9fb15d19b06e1fe43529872d5e
1515,827.345031738,827.445007324,10,1488,22340,ed255be50d13a70978c861291c740c29765669b58169ef17ee8ff37adbf044d0
1516,827.944885254,828.04486084,10,1489,22376,5075a66569a5e3c323222f408d9968b0bedbc895d86d821ddbc4ef092ec1b38a
1517,828.54473877,828.644714355,10,1488,22352,485087a024e66913e70751f8b2c1dfbe2a1a55426167004c89efb09bb3d19891
1518,829.144592285,829.244567871,10,1491,22408,8922a1bbde134dc22864149147d246d42eb8fd63c755c14d0b0dc4fccfd9be8d
1519,829.744445801,829.844421387,10,1489,22379,48e0c9f770a6270fcbaf7d13fe4ddb67b1b6fac1e65dc9a387556893d5d4e62d
1520,830.344299316,830.444274902,10,1488,22348,ba54d2f65f79f8a2204968a431fcd00abbf5798bd366c9c518c17eed67b1d8e4
1521,830.944152832,831.044128418,10,1489,22386,4290bcaa4b91a6f233c9006caed2eb4213996516d39475c6c169f583dab6dec0
1522,831.544006348,831.643981934,10,1488,22360,a513ecbc900a6a74286addf8a6eb4358ed0ef508ed99cae50d06c950b5ed330f
1523,832.143859863,832.243835449,10,1490,22405,d007146657530f65c805633e074f27c323070bb5923a88e4fba3d6a176d72d7c
1524,832.743713379,832.843688965,10,1490,22409,91833b755aed04c0f2ba1ece2d1deb975d0910b0d3273e6b5c9fb265610fd9da
1525,833.343566895,833.44354248,10,1487,22362,ae7982bdc1159b5a6fd99f580a35d746883d4eb6ba506bd0b59dc9e3dead5b48
1526,833.94342041,834.043395996,10,1485,22316,ca0dca4d300524d4cce90e72cf0e3490b2f2ef1dda2ead64407127551ff50599
1527,834.543273926,834.643249512,10,1481,22250,2d1df433c1d671542f2c2d533feedfef258e3e7fcb2473d5597087523a96d613
1528,835.143127441,835.243103027,10,1476,22165,5640dd713ba98f26709453899a7c44e4728b3ce930cdfb37103a20500e851b8f
1529,835.742980957,835.842956543,10,1477,22207,2a25eb3c432dc2da50a39463a0b34af3033e61ed2d204d1dbf5cb9d9938a85b4
1530,836.342834473,836.442810059,10,1477,22186,8aeb894f539303651a02858e0875ad210f2807e5d70a4dc09fb439105dfb60f5
1531,836.942687988,837.042663574,10,1479,22222,b7a84342c92b297e0c9360f276d861f6eb55984e40630e2aaf57f7ef35aa805e
1532,837.542541504,837.64251709,10,1477,22174,0db282ccbc6be585d97a08c5e96b9bf6b52f49a2d55ff111fccf0ef4584e416d
1533,838.14239502,838.242370605,10,1481,22246,fd3bbdf3fd2843b51cd325b1c94826db5567a650ac8d714c3fbbe4c85f7d083d
1534,838.742248535,838.842224121,10,1478,22209,fd11950747fcb5ab17b4b93d24b02df42733300446a6f5e9ea3d6e68fb1e156f
1535,839.342102051,839.442077637,10,1481,22250,b9a715beaca23303cec7c390ba712cf65c72351774d0568636de614fba02bf18
1536,839.941955566,840.041931152,10,1483,22279,3ba66cf69e5392468affd424b2e118980ce4d7d9d572d5d9ffff0351d3c5613c
1537,840.541809082,840.641784668,10,1482,22269,48fa7ca23c278c50ef2940b2410c3ea9ee15ee869d05387b94cd8c201ef2b040
1538,841.141662598,841.241638184,10,1484,22284,3c43240df506f744d039b4b2133c3bf7a388c185122cfc765354216ef0d94075
1539,841.741516113,841.841491699,10,1485,22298,2ae5e8c55b9729dd9c4665c0ca20668f67a94e541aaf4b07ffad545c3a59a326
1540,842.341369629,842.441345215,10,1483,22274,82e9f5b3d1104a8148559a0099ecfe0beb6be7727b6606f4eed80ae1d65e2d70
1541,842.941223145,843.04119873,10,1482,22250,6bfba62ff6b2ce5d0d6ed7daa34087a0a48c0c1c1e13d5adc95418f7da1f1c44
1542,843.54107666,843.641052246,10,1482,22273,59c2c70b2d8043c6a120690ad722badc315c84f3cacbec144d060bb6479b730d
1543,844.140930176,844.240905762,10,1479,22215,469c316d8b61737064f6b367d724f36757106b621ea6f988135f91595fe0857f
1544,844.740783691,844.840759277,10,1480,22242,6d3b9b06f834ac6b8723e21c398a30e5f3b0e968ba7c8af50104bb237fb04cec
1545,845.340637207,845.440612793,10,1479,22221,3ad24efa2ceedac874e74d91254d3960272d23713250896ad18bdb12fd46baa1
1546,845.940490723,846.040466309,10,1479,22241,284f61a2b3652d54edb1108ea0ab911369ca5343050587d85f4ef217fd004796
1547,846.540344238,846.640319824,10,1481,22257,aaffdf2fcf02d7c0e7403fcf9d110a831af102ef94097f5df50cda128476ca93
1548,847.140197754,847.24017334,10,1484,22302,81acb655446cdd4d355d13f0ad5aa1a291d23d3bb5e54ee15a49ff6daf910f2b
1549,847.74005127,847.840026855,10,1482,22262,b0ff3847ef5adabb351a9cd2a634cffe5bc05ea56f732aaea742958711d99520
1550,848.339904785,848.439880371,10,1480,22208,f65d7125af461912608bbca48b583a07870824181729a881adc1c19dc0ecefb2
1551,848.939758301,849.039733887,10,1482,22271,1b1684bcec5ee02a9a0bf124feb982181df2585ab4b161ab3c94301a4f26d5b2
1552,849.539611816,849.639587402,10,1483,22267,1897dab934233af0b78671cc9e69234ddc174eeedc1524f4fc29186c4826e349
1553,850.139465332,850.239440918,10,1485,22311,547a7ccc5667cd7b404eec2c146f90b65fa6a21c334f002bd593f3ba946d535d
1554,850.739318848,850.839294434,10,1487,22333,e323d35c692f669b8ad819eb82a9635ea5ec4bafbc0b6a7c3d1cb233b034c76e
1555,851.339172363,851.439147949,10,1489,22357,ec32ac3059eec58a42704987ed685b6d6596f7da233a91caa6b6887182bba559
1556,851.939025879,852.039001465,10,1488,22355,6855f98ec9ec2c16622791468abb667dc648ff9068ca54a9bd15848de7c7095d
1557,852.538879395,852.63885498,10,1489,22358,07ec8b2a28ff58b5a1726706091fc71a10fddfd574f003716de3b4c85635dd82
1558,853.13873291,853.238708496,10,1487,22341,1b6a3735c34786f684e0881765ef8cd177617bb07eb369fa129b1aea2611c6bf
1559,853.738586426,853.838562012,10,1488,22369,f4337d550181af395d0c0f49357353261b90cf8ca3f2f2cc94a78d41fc041e0a
1560,854.338439941,854.438415527,10,1491,22402,8871da80c27383b8df5b352aad13d848042cd6aa2940ca3d2efa98be08de4f7c
1561,854.938293457,855.038269043,10,1489,22356,447a5f99456bfad54260ca9b3b6cabd73c1b4dfe747fb5cdd21e17f103719aa2
1562,855.538146973,855.638122559,10,1489,22352,e2200c012e3daec0928e52339554077528cbab56108bd51016b975bda1411dd1
1563,856.138000488,856.237976074,10,1487,22339,f549c65edb3971e1f91521f8e47d7fee8225deb91996cc8a0db847f9c63c9db6
1564,856.737854004,856.83782959,10,1489,22384,69dd88fcd8eefd6c665e973888e67fa5f5970bcdfe316e10b083d7b4fc2284fc
1565,857.33770752,857.437683105,10,1491,22411,ffd9822f3f4a341e6a861a0bce73e496d933e30153eb45859c525115ad5a10c1
1566,857.937561035,858.037536621,10,1492,22425,82caffdae1d0ac540cbf6fdbd0ba9e626baac29608368c818178401d66059927
1567,858.537414551,858.637390137,10,1489,22364,ac847f9ded25780bc459208708d7252b2cdcada09dabf75bd2aeed5b421f5546
1568,859.137268066,859.237243652,10,1490,22373,6a7c410af8ae79a2e831dfb17db840102c1c04d2edb56cbd2aec2afe3cb34d3f
1569,859.737121582,859.837097168,10,1490,22393,e705f436381ab70316d8f501201fa3d27f68ab02ea631ccc3b7db152e002d073
1570,860.336975098,860.436950684,10,1490,22390,e5e8ad9a95b08f1162d1bb790e8bf449ac8df320e68cb7efb4ca248cce27f784
1571,860.936828613,861.036804199,10,1490,22393,36022fcddc6f265362d1c94174fd14ff18b07740e19128c4e14208279fc3d011
1572,861.536682129,861.636657715,10,1491,22419,6f28230b9fd0fc087b99fb190f23ccbaf43633136b2ed25ce29d14e27519d7e5
1573,862.136535645,862.23651123,10,1492,22429,0fabf8849efe130b5824584368a164a1d43f4946f76eee0d042d78628368be7a
1574,862.73638916,862.836364746,10,1491,22419,24f2dc9e5f912c38372bbd37bc43cf61bb92c571ac3ecd25fd0259999a34a39a
1575,863.336242676,863.436218262,10,1492,22412,d1eea425bb77c8758f1fa34dcfc9d2db7c5209846c45eb728eb274bc98d10b59
1576,863.936096191,864.036071777,10,1489,22377,44d5c8940cff4668f2240570edf72950e53aaf6c0327d320a4b0b2ee0a68ec29
1577,864.535949707,864.635925293,10,1490,22384,eedf2f65084e16f1c7a1a8ee583cf7507abeb6140689aa9a10ab0bb45b3ab055
1578,865.135803223,865.235778809,10,1492,22416,1b7e8e777ef18978a19d48f1ea30b8668186abc3329d8a157425ac3d0c0f856c
1579,865.735656738,865.835632324,10,1489,22371,5755d796d9468cf65687897ec847e36b7cfe7af855697aca714ec739ee3fad5f
1580,866.335510254,866.43548584,10,1492,22427,3b5a6a7e2d47f882d9d135b42d321285302d1e24c6ff3329ff6f435b9043e5e5
1581,866.93536377,867.035339355,10,1493,22445,45ada14ef955885aec467e6e73d69fbdc4ea6d1126de5d26618bd68f32d1c5a7
1582,867.535217285,867.635192871,10,1492,22426,d931c502116226bd27735bf76c7c85e8184044480d695f036e969e922e29f669
1583,868.135070801,868.235046387,10,1495,22468,4e5ee56ffcb096d958acc0c39cf5b1a1597f59f13dd0c06b6d077a857b20e8de
1584,868.734924316,868.834899902,10,1495,22465,e2d550bf02f3dd1e973456197b932b9f782073c36fe0926e693c232b5e774972
1585,869.334777832,869.434753418,10,1496,22495,c33f5771a74a811b02f362817bf953ea1974db049fe95e595524b412196ce9ac
1586,869.934631348,870.034606934,10,1495,22484,64b07836e97c70fd2a43e65d047f11b2e13c59008d72a113d12c475e0d4c8eec
1587,870.534484863,870.634460449,10,1492,22440,e7043159f6ccfbf8ac6e490623e4971302db86edb48427aa20bd7c945284775b
1588,871.134338379,871.234313965,10,1494,22454,9f5eee0a842bc04915741b27b326d262d66bfc10e6d0d1cfaeb0de2c29b90b68
1589,871.734191895,871.83416748,10,1492,22438,aadafe284dea6e23b727289a5b60d8729b56ca0feb21b74f394a5eee0984c617
1590,872.33404541,872.434020996,10,1493,22464,c814d7e55b65a4af23a5a7d94cd1157bc4d8fd070b47c2feba912e6b9255799b
1591,872.933898926,873.033874512,10,1496,22501,42dfc580307b39a74cf87c539a83b8c44e311c5649d7b4c477d6ac1445cfd2c0
1592,873.533752441,873.633728027,10,1496,22487,1ed95bd6c690ef06c939553c4d9a1e428074089b3529cac5b9ac241de8c740d6
1593,874.133605957,874.233581543,10,1495,22468,6b071835c176e44e438c697d1c8b14d8482983192be415df29cef308ecb84017
1594,874.733459473,874.833435059,10,1495,22482,b52e23fc1b343fac949f4daec396a0647abc3e788bf4d36551d56f94f21b991c
1595,875.333312988,875.433288574,10,1497,22494,1ab9197b6d2976c39a96ed85ed345f99eea9c9bd6a769a67a0d509d27d0e5f47
1596,875.933166504,876.03314209,10,1497,22518,dddb7905b65dea27315364d16b107e9d898cbf76a14a788549125c743ac857f3
1597,876.53302002,876.632995605,10,1499,22559,92227dd1844ae18a15bc3e1ec72693d583e2ff5d198fefedad150a8fb1ef46f3
1598,877.132873535,877.232849121,10,1502,22575,c096fc21ac389d6cb4f7b15fa81bf7b29790a2bbed129bd0d0d1a5dd5beec880
1599,877.732727051,877.832702637,10,1496,22497,641d4a69163d6c4bf6640839ef099b9f03c3f3ca0c32db636f8f8f740186ba77
1600,878.332580566,878.432556152,10,1494,22468,92e7c3f1aedcea24abb28da8d1b79ff500ef5e3bba7d3f27c1a5f8672a180962
1601,878.932434082,879.032409668,10,1491,22382,a8b953fe421cdaad763c75d7aec8bb577c02472f05e3bc3c10f194b735cd3fbd
1602,879.532287598,879.632263184,10,1492,22414,2120809c7210f105e4939e903d0b5dac7c7b11ba82ea3cfaadab228f78dc8093
1603,880.132141113,880.232116699,10,1495,22481,053c799653f19a2f0e6caaed02fc1b77b029a266bcbe5663c066f71d32789b2f
1604,880.731994629,880.831970215,10,1497,22508,c06b8ec95454f92b617a2f0266397c788e5d50db99894bcc694f7ac2be8c17a6
1605,881.331848145,881.43182373,10,1496,22495,53fcb3f9d060b3cc0dadc7185ab8a14aef77800998229f65e2ed4bca479d2121
1606,881.93170166,882.031677246,10,1498,22506,6d3b63f151cd05405adc4940af16d8f3cb04126dbc861a23070f7334c8829e9a
1607,882.531555176,882.631530762,10,1498,22527,853aae8647f40fd9eb0436478e50df67cf686b21925c1d9b2b2afa1caa1f508b
1608,883.131408691,883.231384277,10,1502,22574,cb429b8998366b51d11c1216d471798b87cca6ceeb23632710662c641bdf2a41
1609,883.731262207,883.831237793,10,1499,22528,9151b9dfa3ea30900b27d0c5d0caac31b66faf1b623a182e9f536641ae79a0c6
1610,884.331115723,884.431091309,10,1497,22495,2f5883d5472fc29a7a729404300e5162d96baeda60789c17282ac63349e58154
1611,884.930969238,885.030944824,10,1498,22499,32fde2d512f526bf146b21b6425653df2f5b6246f6bc1cdb5ee39f3a89fd5bb6
1612,885.530822754,885.63079834,10,1501,22553,60093ad3a79fcd26dfe2e2352292a2fe393cc9d5f5f871ffa291b14bd8e87fe2
1613,886.13067627,886.230651855,10,1502,22574,c8a278c12c1a2fe179da3ca746ad352cc554fd17f211ffec1a52487344344fa8
1614,886.730529785,886.830505371,10,1497,22493,dc90398109ec587ad08a51d100e3e7f863886d5e9175fc2e856f99f9754c9412
1615,887.330383301,887.430358887,10,1498,22521,dd01b78e912547ddcc3f96672cfcf1bf5b5c11d3676508d107262134438a4b6b
1616,887.930236816,888.030212402,10,1500,22551,75f084a9f7362105f640a8ac7a1b233d0680d628db3b6cae8e72d20ee62bc11d
1617,888.530090332,888.630065918,10,1498,22513,bb3ea406b1fb614e33a45b2a205ee092f222a70bcc62107ee64923b2be447e41
1618,889.129943848,889.229919434,10,1497,22504,abcb37d4c08e1eee809b32aef5dd4a65ef47a10e44e19b8d3aed26d6c44d5778
1619,889.729797363,889.829772949,10,1498,22510,52a789359a02770ec8adba6b68bada15fbc7b8b53b98b7c6a800ce00b6cf980f
1620,890.329650879,890.429626465,10,1501,22551,165ad1eabaceba24855d79746b94162e6b8a52b4237537a3636ae5ebad4e20b5
1621,890.929504395,891.02947998,10,1502,22577,873883cba5f16cb8d7cf234c4dcf36720b542c1560ffbbd25526cfe51f6283f6
1622,891.52935791,891.629333496,10,1502,22572,75fb60434e6ae3d9a8439ccdb156004678380205743127bb84e1b0519a6c803c
1623,892.129211426,892.229187012,10,1502,22580,6020da1618bb787ec93edefb59cd88a247ee9e7864ccfe3eb083182e3a0a60a8
1624,892.729064941,892.829040527,10,1502,22558,5a70be46c42eb69515551ade2e4989162f07d34473ebc6ef86198b8cff05d64f
1625,893.328918457,893.428894043,10,1502,22578,25c4a64c90c500da6e31e3b288accdb553ec1094acc24b4dbaaf0d22bd1ce481
1626,893.928771973,894.028747559,10,1503,22558,a0b7087f7f3618e7bbcc606b97d5d9b937806052851d2d9556265f4dbf0952d0
1627,894.528625488,894.628601074,10,1504,22573,453ee679ea98914db083a0ee225de6976411665fd0e4486bac881139bd695a56
1628,895.128479004,895.22845459,10,1505,22603,410a1de582ab5eb7b9f430579473c4abd0614c5688a3d28d87810a7a5e82ed65
1629,895.72833252,895.828308105,10,1508,22645,81b912ce846fa586070be5b8401345bb769f60b84f6a93b68fa182b1f6c1e18c
1630,896.328186035,896.428161621,10,1511,22713,0f12d40ac448f5dcb78b45de8f65e5c8d4c5ba27fba43bcbb145ef854143caff
1631,896.928039551,897.028015137,10,1512,22697,05cf9d892bcb2ce999181b7368580a48866558a279e1cf73416c97ae0d4805ee
1632,897.527893066,897.627868652,10,1513,22701,be1223364fa0fe07fe02b95a205a866e2b11fa4003abd9573ce4e4d949707a93
1633,898.127746582,898.227722168,10,1513,22712,85ab81de295a56baae5fe71d37945bad2683f61c63aa781d0ddf09068ec46991
1634,898.727600098,898.827575684,10,1513,22745,fb96177f5c0ac22b6e0f4a15089bfd2331beb5f6a26ab407f3f28c1d6aa7b634
1635,899.327453613,899.427429199,10,1513,22736,c702904ab2c90bd3c78bf7c090de04db5d671273672bed5976933d51adc63f9a
1636,899.927307129,900.027282715,10,1509,22691,edb49c1093fdec503eacc5bc1d55d2833ac88d203c3e51c80d5264f979685703
1637,900.527160645,900.62713623,10,1509,22676,fd81191498af30fd91c2cc0155e900808f697cd804d8b9381f7315df954942df
1638,901.12701416,901.226989746,10,1511,22710,f29330b5618f17ed9e26e0a23223032c86ea92daf1d89683e4e8e5480cec8eaa
1639,901.726867676,901.826843262,10,1513,22732,03e7c509fa6be830b677eb85cd95170d1c177d5146f87699f92e970cfaf62131
1640,902.326721191,902.426696777,10,1512,22739,1e20b3b8d2abbcd55c94f66ae6069e2b362df212c83ea4155d7719e0b1dbc7e1
1641,902.926574707,903.026550293,10,1512,22720,d22abdf9d64c61ea26430380fc02611e08368a165ed2579647171446b568bd85
1642,903.526428223,903.626403809,10,1516,22764,1f550a2741899f323df4d6cf96c7e969e0729b3c4eb428ef5cbc7e1dcb1328f5
1643,904.126281738,904.226257324,10,1514,22748,d07dca211310e560a7223b9c6cd54e2a2a6b0d47b3f02c550bad53ca952dee82
1644,904.726135254,904.82611084,10,1516,22813,ed79ec8a8ea72cd2d4839d461895edb108ab0d12647ad3a0d1f11188b4970dad
1645,905.32598877,905.425964355,10,1514,22754,daa9b26575b2c2d4f40620667fa613aca078bf626e0e688ebe9aaa9d33cc13f7
1646,905.925842285,906.025817871,10,1515,22790,a00111c064a2478d6b4ad94dbf4322316f528f1a6f37f703a0647b7b3cb03bc7
1647,906.525695801,906.625671387,10,1510,22676,073b21a9932e94e7a535dcd3e430bf9133326271ffd637412e1e2298deee68ff
1648,907.125549316,907.225524902,10,1513,22747,4cb2639fab2c2bfa891848741e2613b9d12a4bad724f86f21e0a2b68f4349f0f
1649,907.725402832,907.825378418,10,1509,22698,0ec071ecb541119e6f0e1260751d200f3a18d5a8459e120251ca717ef305f913
1650,908.325256348,908.425231934,10,1512,22730,fdf831bd75d00996c2940a0bd3a91c68a1df922b0075005abd15110834179707
1651,908.925109863,909.025085449,10,1512,22718,0b540d4f4120c476e5e7ad9fd2e51e6ca3c885ef190b5c2f14390cf28e42bfb1
1652,909.524963379,909.624938965,10,1512,22732,f1589a444bf63bd2fb6d579fd126e3c31051c9dc0309a88b1032c6c387dc88af
1653,910.124816895,910.22479248,10,1516,22772,bd80a0c3e518ead1862c8f49d0b292e97aeed66a53b8aeb5896267777390351a
1654,910.72467041,910.824645996,10,1518,22808,02e78163e7d81a2e60876eb989e081231e3eed0b871215f620fa00e2d3985cb9
1655,911.324523926,911.424499512,10,1519,22830,d4ba7d1002f129da8c3b4ceb7e94092a7df73a6ee806f7e3d06eb429d1006442
1656,911.924377441,912.024353027,10,1517,22775,cd2c7758596cdcb28ad6f7ad85ef74ff934681a1b7f1333b631af1ee73f83d81
1657,912.524230957,912.624206543,10,1514,22756,1a4ed00534edc2f456699abed492f82007bae8c6e8a66091ee3ebc2cba48e0c5
1658,913.124084473,913.224060059,10,1517,22796,752a8fcfdaa382b8d2d4a2f73596d776bb8349d64bc6b7037b2921f461bcaead
1659,913.723937988,913.823913574,10,1520,22851,d6af5c26b3669b9443985e724f8e7207fa7320908cc2024f87f95b2c73a38810
1660,914.323791504,914.42376709,10,1521,22848,93f6de9aeb200df1cb5c880d2cf83d8e77c8e8231648ea0746ff27b1ac800380
1661,914.92364502,915.023620605,10,1520,22825,cbbf41a6fde96369bca4d827b04ad78a26348ddb14e7f811e6d9865f93ca6709
1662,915.523498535,915.623474121,10,1523,22886,45a580806f65428cb91b1d6cd679efcbb584694ae7c55bb36a339c1c81e1a98b
1663,916.123352051,916.223327637,10,1524,22910,124d122bb3cf25655ebad2d9062b2fd78878811de63eba9bb846f454ca309292
1664,916.723205566,916.823181152,10,1522,22879,53cf09acfba1a627cc48ebe03c2af3e042a48c645c56b0df3e983cb67172c24c
1665,917.323059082,917.423034668,10,1524,22914,b5c30fd48516539e334ec287a3da9a4ef1f56d70770675e00c244cdc551bfc44
1666,917.922912598,918.022888184,10,1524,22902,6421057429f622696b55b333e788fbdaec0ec9513636cac1aa5e4b23cbcd40ee
1667,918.522766113,918.622741699,10,1520,22850,e3d9acb81370fd3ba19d871de9320f9e38cb4aec8081082d9ceddfdf1d1c7a9e
1668,919.122619629,919.222595215,10,1522,22862,de594347d1b568eeb641bbd24f2d6fcd56e5bab84086d98f1adcdea382d0cd38
1669,919.722473145,919.82244873,10,1520,22843,17d881829f7af7b294c62853eb08eed263311bc0f3f1565ab50a5e5f4ed97326
1670,920.32232666,920.422302246,10,1518,22827,a9a78a6d727105835a5caf2d282d1fb55ebcee5e21d48177b0dfd3600f81a96e
1671,920.922180176,921.022155762,10,1514,22753,89c1b889bb8bc97d93b11689cc040e27aa6e3897607af0bbf2507f4bfd8bc3a6
1672,921.522033691,921.622009277,10,1516,22770,201d97e13fff8bcf44a703e8228c58dfceb9a7528ed041631b354d859f0e7ff7
1673,922.121887207,922.221862793,10,1517,22801,0f632013f81c135e93f9ef2015909503490ebbef286e47d356554fb53d88e899
1674,922.721740723,922.821716309,10,1517,22781,f9bd4943cb4def157e163b1721a5868f4407afa79c25d0846a9668a79e426a68
1675,923.321594238,923.421569824,10,1515,22754,4134331351bba16dc28c47e78c44ca1a3dc1e57ccce13b4134c97139d1b42482
1676,923.921447754,924.02142334,10,1517,22795,8809f4a56c1825ffa6173e9b8217491615e6d03a0f3df6607abf2eef67d5fd5e
1677,924.52130127,924.621276855,10,1518,22808,1639d4bac7bd7195ba7f083e72ae26066615aabcd7f21aefc25a8c986b0d4a44
1678,925.121154785,925.221130371,10,1516,22778,2d6312a799e40345c8e345179a3e2f7d4af2ed68b69d4e92e65b60bfa9a146fd
1679,925.721008301,925.820983887,10,1516,22763,37a1ee14a410f9e7b3a98d0bc7b8289e2e78d3aad3bd6a9f983253795bcf44e1
1680,926.320861816,926.420837402,10,1520,22842,356c60d7895ebe85de00567295eaa7d0278817227cec3a9310f0eb4e35c33c48
1681,926.920715332,927.020690918,10,1521,22861,e91f3c8a1dfe19c1d3a9ed758793945e40df602f873befd381303c3c55c37dfd
1682,927.520568848,927.620544434,10,1520,22838,9777b40b0c98ca8017ef8ed045fe1bf2ecbde36f89a32638a2b19abebd31df39
1683,928.120422363,928.220397949,10,1523,22867,dbdcc05760d93fc04636872708726418c141db654e0e23d277cbc63fa0e23bd7
1684,928.720275879,928.820251465,10,1522,22876,bab498a5b3b38ce066aec784e5d65cb50af2258414a708870c33d5f9215dcbcb
1685,929.320129395,929.42010498,10,1519,22834,556dd7c7d2f26415a6450111f530e7a1f59c18aa9306187792eed5e5df06806b
1686,929.91998291,930.019958496,10,1518,22833,8ee77ad122e8a24a5fe48c9f7f81da81625dffa55996fe698314b35049f3718c
1687,930.519836426,930.619812012,10,1518,22798,75abc0c4c579f1d1afb11a57396d9cbeba7b6bc366cc28977dbdf368d311dad3
1688,931.119689941,931.219665527,10,1515,22759,5c2b34d30a6d511edb08abd5edfbbea9356071aa5b91f59b7c3f2e37784a6b27
1689,931.719543457,931.819519043,10,1515,22760,d7d32f34a233c327f3db16689665d5def2fe5ee9fdfb3c01a962d0d12398553b
1690,932.319396973,932.419372559,10,1515,22779,7504e6433016ed68631ce5499515acb56b72422ebcad5d73b133a28041fb1fce
1691,932.919250488,933.019226074,10,1515,22757,d0bf169fb27e4cea781a8a389362c04ab58f299dc67dd703562d104dea8116d7
1692,933.519104004,933.61907959,10,1515,22754,629590b66f166055aa6a110bea021563acaa45a2a7c0d2388500cf42aeee9fb7
1693,934.11895752,934.218933105,10,1518,22802,c807d1bcfaac303bc7887aa8764533d057f46fde19e453ef755a329aafa8bb86
1694,934.718811035,934.818786621,10,1521,22847,11aa8557a6dbfe6057b2f06c6761d84fc29d34c38cbfd49d454d393bbe194b98
1695,935.318664551,935.418640137,10,1522,22874,9d87a25e3324b9fc3f9df8951499f0c055c530ce008004e114fdc4032ff23ae8
1696,935.918518066,936.018493652,10,1523,22874,0a40047d92376bdae3d365d99b76aab81e388c8bbe35895406fe9cf3377256a1
1697,936.518371582,936.618347168,10,1520,22816,9e1c9473c596a8c627115068f522b3db1f832fca9eb8911f916b81fb4ab92ac4
1698,937.118225098,937.218200684,10,1519,22820,2925e2040b0b06b355948c4d912e819ca559b70d807b64faa6cf3d5527ceda9b
1699,937.718078613,937.818054199,10,1517,22774,cf389b012cb3361bde1f18e521892a2a260c1d9c20d9f8b274d4984bedb095c8
1700,938.317932129,938.417907715,10,1513,22717,f5d698ddd2b974f28ce0d57b4c333753583c678bc3e33ae5d3e6f2fb0761ae89
1701,938.917785645,939.01776123,10,1512,22707,6f08d21525f0c3b7d5eaf17a0d2f91b8955e37b391bc7f04a8e9da6523236953
1702,939.51763916,939.617614746,10,1508,22652,c2cb619114495d83881b0d9a75f905338298483cdbaa5b1eb1a7bf0fb8d7d2d0
1703,940.117492676,940.217468262,10,1511,22702,caf215c5f98c7a51e981077188c163e78fa1994ef2cc018cd400e2026a0d6b31
1704,940.717346191,940.817321777,10,1514,22756,c8d6cc84d29d485764ce3b7725cfefbe0d4ce77293914246ada69de8aff45b8d
1705,941.317199707,941.417175293,10,1517,22791,39eea05fe2442c8d81336f4af1bd57d50a15201ffd7cd54c32a6abf0f895aff8
1706,941.917053223,942.017028809,10,1517,22782,dfb373a7a8fc7eb24b1b6dd4477ba5f7334aa4229a27987768178adb058b0d52
1707,942.516906738,942.616882324,10,1516,22805,331dbf8000e1ff20de2708972d0d9eb52441f1e796aff90a1972ccb0f517900d
1708,943.116760254,943.21673584,10,1516,22780,edf6cb618a4f7d027aa27d782c87bbd4777f762cc18b674f1862ef36e44e5647
1709,943.71661377,943.816589355,10,1520,22850,54aa192a44c0fe86ae86d2b0ffa8f3c570dc80059bddb3daf1436b703565a3ca
1710,944.316467285,944.416442871,10,1519,22844,36c981ed8f0e4e7ea613956212d7fea0fe8132e77cbc883c570b066de10a0a77
1711,944.916320801,945.016296387,10,1519,22820,9972442a9badbd96ae866a203de5648afb4757d1c2901fbaf94e282ad20f8607
1712,945.516174316,945.616149902,10,1518,22792,7e5591b716862c56558fbda65e89159a823a356bb311a9fe64c9964be9e2ab22
1713,946.116027832,946.216003418,10,1522,22880,85f431a90ba4e5bfdbb7b5303123eead6c1dc2b4909764eb89e5381f7938c358
1714,946.715881348,946.815856934,10,1519,22815,c34ea66369fa1331facaa81666d1a430ac59961966e78c61eafb1662cf6e9a63
1715,947.315734863,947.415710449,10,1519,22828,0d54d099e0397f001e1228c0937bdc5e9819a38e8844245ec88a83c35a87410c
1716,947.915588379,948.015563965,10,1520,22850,e43dcad9ec5a67779e307da52a449170eab7c023ae3f731097c88794d222623e
1717,948.515441895,948.61541748,10,1520,22825,007e87910b8013f72befc6aa92a092ebd01886f65271252fb85cbe3002b6ce78
1718,949.11529541,949.215270996,10,1522,22851,7ad5a1407cbbef710248229480d198d86d3f22ce5bc77b7a1c3c393503e71e61
1719,949.715148926,949.815124512,10,1520,22840,8b3db5331c4ae5d11e71435fdf23bd45f7d3863127e4a56b8e42518f5e0576a0
1720,950.315002441,950.414978027,10,1523,22871,c664fc00215e0e8722c7caf99bccd971df28184b60d8a25e2c95b0ceab2392f5
1721,950.914855957,951.014831543,10,1524,22871,843e8b69d9f765f44297f6c9ea8d5a90f417eb3801c2826f3a490b95090ee5cd
1722,951.514709473,951.614685059,10,1522,22861,6f730ac39c2ce31259934270ac51ec6b73990d217919058c11512a5fa5ee1864
1723,952.114562988,952.214538574,10,1522,22859,533790b265164993011f33eb7d349e0b5fcc8a96be95e98885153b12478512be
1724,952.714416504,952.81439209,10,1521,22844,ba6100733e2b6f9f52a6abbfb6d08b83b0313c8295ee13a499a72dd60d9df49e
1725,953.31427002,953.414245605,10,1521,22852,ee596cdbd9425401dbea3d4be033cdfcaff79d3898cfe77e5d03156d93da6ea7
1726,953.914123535,954.014099121,10,1525,22907,0812eca43e79664af297b19f4ce16da7968490ca7d54c25ae2d7df53038e81e5
1727,954.513977051,954.613952637,10,1525,22900,793b10953117133cbf09b13c8845c619677cd4f4d86f99ce7984b24157bdaa5c
1728,955.113830566,955.213806152,10,1527,22942,a8f1ad1f307ebabb34969f70ae45295ac83c1bbcb0c14d867b171a490ffe95b9
1729,955.713684082,955.813659668,10,1529,22975,2f5949f3e47fb9bba2072609ab1fc2579ffb0f67095b941b31f91748256ba303
1730,956.313537598,956.413513184,10,1533,23030,9fa7bab45a8d44f15e069698b14500ce21d1ef0fa9f487ae46c1cbc6233b54fb
1731,956.913391113,957.013366699,10,1532,23002,6f4934d73c9d0f4881813360ae8776866321da9751931d4cf936bbba489a9d06
1732,957.513244629,957.613220215,10,1528,22953,0c37e5a76114ae840c0f0f5a14c338d6bf64daeb10ee8d284debecd5a14586d5
1733,958.113098145,958.21307373,10,1529,22973,31b80bf520721fd6620d7fe4c5ee9123d61ead65b762409d0cf1bf69bbdc2c81
1734,958.71295166,958.812927246,10,1530,22977,2c905c73c4b339ffb2bbee3aea025d086980a8f52288e199dcb06b51ef899fd5
1735,959.312805176,959.412780762,10,1533,23031,2615c629acb8bbe835a568112bc6385cd125282328c1bdb6efcff18b6bd8817b
1736,959.912658691,960.012634277,10,1535,23053,c987b8727a8372402c4632e35b00ed6cceb491774f19ee8f9d796c8f9389b5f1
1737,960.512512207,960.612487793,10,1537,23096,14b83f4ac9e2acd7c830a7f480fc2818a5758963b05f9c4114cbace12bf038b8
1738,961.112365723,961.212341309,10,1540,23139,d22562c94e337d10e80c0a11ec215fc7c9dcdfe18ef9d0e1f659021fb11fc70d
1739,961.712219238,961.812194824,10,1540,23135,ee9efbd22b4247ccf886a9614791a4701e61273707e82701a956a9b2c88191f1
1740,962.312072754,962.41204834,10,1535,23064,33b880859c8401b5b3c706bc90f8fe30ffb6a9ee255df25843bde515543a7253
1741,962.91192627,963.011901855,10,1536,23075,8b2a89c9a4a5d9196b2bcafb7eca972a5682c64e46fceedd01bfde0d5f6d06cb
1742,963.511779785,963.611755371,10,1536,23097,fae7f909871a89f34870bc151d12e4a4145797f871ad606eb90f4793377e687b
1743,964.111633301,964.211608887,10,1538,23102,a11d28457ce9db2fe47b4add456ace6f20a87ba8df70f8ed4f938ac7936cb1c6
1744,964.711486816,964.811462402,10,1539,23131,a2e365e0c82d334f3328dc1b7a8af74cbb2aa3884519d171310bb5923141f5e5
1745,965.311340332,965.411315918,10,1539,23121,eca27feb24c5cb286b264fcc6f7ed502d33f0437074710db83a710e8d2be18b6
1746,965.911193848,966.011169434,10,1542,23178,660bf54d79cc84ffce55375727e0483c69c47ff4a20a516673bfac3f1ee32ced
1747,966.511047363,966.611022949,10,1541,23125,9d6106fca561bd597fdb183d3cbba4a8f3c273c630fd6581d58f39f266530ff9
1748,967.110900879,967.210876465,10,1542,23150,3919690688d0b65238ed869a83a3609b159f33190a610138d58f378f759e332b
1749,967.710754395,967.81072998,10,1544,23209,bb762417558e66d0e012146b09e366a2f39917bf9028a7509dc8159b9aca8682
1750,968.31060791,968.410583496,10,1543,23196,b464fd02cef7e7e868297f55eda1bbdf6785c8aa2ebcae7ca438c85d38818bd7
1751,968.910461426,969.010437012,10,1543,23191,64447fb49e9addacef91066ed058d9132fc33b1ee4d8ca48bd10031c3285a061
1752,969.510314941,969.610290527,10,1540,23128,a368de67cfed43b95ff4982b41ec37ed1e9162459cae88c27630b17e8089bb23
1753,970.110168457,970.210144043,10,1538,23093,7f6cacca421833a4b2db475ba99ad4d9e900ac336ab4604896a18952f61d514c
1754,970.710021973,970.809997559,10,1533,23043,8f91d7512a19f8cb38c022c034b5545d6d946f548efcca93a9fa420d610eddab
1755,971.309875488,971.409851074,10,1531,22995,34749654e08bcfd0f77d526891e728c78b215093ceae03b421dad9df0bf492bd
1756,971.909729004,972.00970459,10,1530,22971,ac022a41188320b57865c6241ae3db6ecf563a63dd5480a9e5561dbc279d300c
1757,972.50958252,972.609558105,10,1527,22936,ffbc546d637fb0cd4be82dc0e7a3e44e32ca928f0f5a84a28d69291655eb9beb
1758,973.109436035,973.209411621,10,1528,22941,ce03deab997d81d8dcde2a34f295845396d28a81c218849d9dcd1e0d5b792742
1759,973.709289551,973.809265137,10,1530,22963,06d656ea6512501992487d7074ec8714564cef2f2f777608be52e98d8d0554c3
1760,974.309143066,974.409118652,10,1527,22942,72c3258ab18861637939f27a867ae058bc4b623c0481ca0750dab53ef0cd869d
1761,974.908996582,975.008972168,10,1530,22984,aed95998e82135ef7100fe47d5b20c3ecd323854900f46a43424083b34e2d583
1762,975.508850098,975.608825684,10,1531,22991,443365d70772b1aa4aa8eae124867636ddc2fb6fed87b0eb0578ebf3e3d8289b
1763,976.108703613,976.208679199,10,1534,23050,b81e298f20c3c0d04b787ebbabbfad51b8c47ee63c5156b82c6ba45506d04be9
1764,976.708557129,976.808532715,10,1534,23047,ac648d24561deaa11b383c41a0fc4a8c6d04b84b20a7f99ed9b35aae8e5424d1
1765,977.308410645,977.40838623,10,1534,23040,43dfac3438be6a46134feaef56b2e646707b95efcb63e8f885a52f8f0b239e64
1766,977.90826416,978.008239746,10,1535,23046,5285690c9fb26cbe9a05eff27e90bb2b7330d0493a439cbc84aeb995ff3e1e80
1767,978.508117676,978.608093262,10,1535,23035,7470e54cbf5ab0a1ac1f3343882c3a7bc0177006ecd4d08ba8ceb3c3052a4e99
1768,979.107971191,979.207946777,10,1533,23029,a928deff10a41d37c84a079e0db1f5a66a529dd57c84896aa0289c34104d61ec
1769,979.707824707,979.807800293,10,1536,23058,a27d09a51ceea588288c98cdd5be7fbfae439b5703c45e0a67eb8edf8079ccba
1770,980.307678223,980.407653809,10,1536,23075,677fe8352179a88d02ce6e4b59de4eb286c83dc4c611be90966e7f16505ac4e6
1771,980.907531738,981.007507324,10,1539,23118,cc6debccc8ac7b4100119290612ffb16a4e418005bdc7fbabf74458f95890008
1772,981.507385254,981.60736084,10,1540,23127,332d87a2d688b5c3d34196b991840349822000f24a4ddb1fdf37e947ac8aff27
1773,982.10723877,982.207214355,10,1543,23172,dd41e888fa055172f44b6481ca6333f78f490c4f836221cd9f6a82018eee03c2
1774,982.707092285,982.807067871,10,1542,23162,0de8b413d772844ad6e7b070d61ea5cafd11b95c2c5af931205f2fcd4fa450e0
1775,983.306945801,983.406921387,10,1543,23177,aeb3fdda63c7f895cd041bf8f3c1fdc80abc7b7967f2d9b1368e3100bc57d328
1776,983.906799316,984.006774902,10,1543,23190,5ea455878e43647415b60e12cf78dff7b0ae01dc98d4edf4a3271c3d04d4ca7b
1777,984.506652832,984.606628418,10,1546,23210,f64a9ca40d8005190eb0f5d34a003e6d62239d3c6a3e7dfb08b83b3c40297674
1778,985.106506348,985.206481934,10,1544,23168,fd1e71e98b2e3a53eeca615f7e8f873465a1c9291b629b54507217e8927153e6
1779,985.706359863,985.806335449,10,1543,23176,9f1f99691e29cdf875dab76076d05e6624522562a442e3242dd7281ab068f711
1780,986.306213379,986.406188965,10,1544,23173,379f265d0fb710b08efcb666eef547db1e5971f12387dd8ae9368e1a1ac1c57f
1781,986.906066895,987.00604248,10,1542,23174,bfcffb1c23713c211b9deee0a7076bc348f2eff8e47311f6a48f49f5d65126db
1782,987.50592041,987.605895996,10,1542,23161,bf2ff47ad2f1c690fa85c272668d9de3444ddbab822e55eefef35fcb911f5f80
1783,988.105773926,988.205749512,10,1545,23189,c36410216367f5ec61c4f5bed4080f607a40727284a8c1dc99869782714ec592
1784,988.705627441,988.805603027,10,1546,23199,1d69c8a8e651ee886828c2ab960e71fc4f2f0f26422463771977ec7da6d6f4a2
1785,989.305480957,989.405456543,10,1549,23274,acd12b1959e534f08ec38d456907715898f45b879fcc2e89fda51461e70c1ab0
1786,989.905334473,990.005310059,10,1550,23284,2d7c1a8eea04328c576affdda8e913f9453e52e9829a4a6642334b6c19e89ade
1787,990.505187988,990.605163574,10,1547,23220,7655a0d995d4cfdaacf7854adf1b5d5c2c02d717008b804848c66002dae703e5
1788,991.105041504,991.20501709,10,1551,23279,b9871be6f7926173b720abcad312d8c9cd2043d4a8d435a4c1d6684aca494f84
1789,991.70489502,991.804870605,10,1553,23321,c912ae55d02da503514051a156eb0ea388589b5d2acbd9e9386374fc3d07e9e0
1790,992.304748535,992.404724121,10,1552,23309,c80c574db1b625ef90fd53f8e398a2cca3071c0b0d049de0ca94339499172842
1791,992.904602051,993.004577637,10,1551,23288,3506ab7df1decafb0c55aa9c85e484ae18862af287d95b7c89146b8e9066390a
1792,993.504455566,993.604431152,10,1550,23285,060fa68f0d777279764319ed4244ee55d6f129ab55517aaefc803863d3ecd072
1793,994.104309082,994.204284668,10,1550,23278,1a599a0198b91ef11531ca87d6804c6812b4fd07bab0ccd1652f1b0788f29df1
1794,994.704162598,994.804138184,10,1550,23297,62a852746f936264bc5ee7f845e19af4038494a8caff6a24902959e1c84cba89
1795,995.304016113,995.403991699,10,1549,23303,53f841b3c04b8c59431122499932de173d76bd665d5508fa5d9c32f45371f365
1796,995.903869629,996.003845215,10,1549,23260,4282d6adb1db4933718b472e7331faf228209637432ff506eb2cb0dbe52f6ad7
1797,996.503723145,996.60369873,10,1551,23292,c364ec95fb615278357aadce2a6181039eb6c74a2b6f9d714e6ac2d3b47c040c
1798,997.10357666,997.203552246,10,1554,23327,9f477735ffd60d53173fcac303ed5a414428d164dd4851fae6f521ddb6d86a1e
1799,997.703430176,997.803405762,10,1556,23341,11aa665313638c08528cd31f12f0f1b35fb87ff3c3427c7d1c2d488a948a6bae
1800,998.303283691,998.403259277,10,1558,23403,7a4e0dcd26a7eb01b805ae4c5be1b3c94ad225d9777ea42397f2432b53bc9f8e
1801,998.903137207,999.003112793,10,1559,23442,47f9be53a9d92d354b8af48a925ffe95a8b1d763d5c7cb2f30e56959e2453478
1802,999.502990723,999.602966309,10,1560,23416,fb67d742d8df82fb0a59b5816054170943b0a581a7a59c7090ce8745732b1e27
