t_sim_s,step,iteration,x,y,z,wind_u,wind_v,wind_w,wind_speed,wind_direction_rad,seed
0.200000,1,1050,-0.5000,-2.5000,0.3000,-0.024602,-0.006047,-0.010548,0.025334,-2.900558,12
0.400000,2,1051,-0.5000,-2.5000,0.3000,-0.024602,-0.006047,-0.010548,0.025334,-2.900558,12
0.600000,3,1052,-0.5000,-2.5000,0.3000,-0.022726,-0.003818,-0.015855,0.023044,-2.975158,12
0.800000,4,1053,-0.5000,-2.5000,0.3000,-0.022726,-0.003818,-0.015855,0.023044,-2.975158,12
1.000000,5,1054,-0.5000,-2.5000,0.3000,-0.019853,-0.003457,-0.005584,0.020152,-2.969182,12
1.200000,6,1055,-0.5000,-2.5000,0.3000,-0.019853,-0.003457,-0.005584,0.020152,-2.969182,12
1.400000,7,1056,-0.5000,-2.5000,0.3000,-0.021207,-0.002485,-0.014383,0.021352,-3.024956,12
1.600000,8,1057,-0.5000,-2.5000,0.3000,-0.021207,-0.002485,-0.014383,0.021352,-3.024956,12
1.800000,9,1058,-0.5000,-2.5000,0.3000,-0.019953,-0.002917,-0.003410,0.020165,-2.996418,12
2.000000,10,1059,-0.5000,-2.5000,0.3000,-0.019953,-0.002917,-0.003410,0.020165,-2.996418,12
2.200000,11,1060,-0.5000,-2.5000,0.3000,-0.026518,-0.004942,0.004029,0.026975,-2.957346,12
2.400000,12,1061,-0.5000,-2.5000,0.3000,-0.026518,-0.004942,0.004029,0.026975,-2.957346,12
2.600000,13,1062,-0.5000,-2.5000,0.3000,-0.024636,-0.011362,-0.006768,0.027130,-2.709468,12
2.800000,14,1063,-0.5000,-2.5000,0.3000,-0.024636,-0.011362,-0.006768,0.027130,-2.709468,12
3.000000,15,1064,-0.5000,-2.5000,0.3000,-0.020509,-0.001661,-0.008303,0.020576,-3.060761,12
3.200000,16,1065,-0.5000,-2.5000,0.3000,-0.020509,-0.001661,-0.008303,0.020576,-3.060761,12
3.400000,17,1066,-0.5000,-2.5000,0.3000,-0.012778,0.004388,0.000316,0.013511,2.810779,12
3.600000,18,1067,-0.5000,-2.5000,0.3000,-0.012778,0.004388,0.000316,0.013511,2.810779,12
3.800000,19,1068,-0.5000,-2.5000,0.3000,-0.021484,-0.002286,-0.013509,0.021605,-3.035573,12
4.000000,20,1069,-0.5000,-2.5000,0.3000,-0.021484,-0.002286,-0.013509,0.021605,-3.035573,12
4.200000,21,1070,-0.5000,-2.5000,0.3000,-0.024602,-0.006047,-0.010548,0.025334,-2.900558,12
4.400000,22,1071,-0.5000,-2.5000,0.3000,-0.024602,-0.006047,-0.010548,0.025334,-2.900558,12
4.600000,23,1072,-0.5000,-2.5000,0.3000,-0.022726,-0.003818,-0.015855,0.023044,-2.975158,12
4.800000,24,1073,-0.5000,-2.5000,0.3000,-0.022726,-0.003818,-0.015855,0.023044,-2.975158,12
5.000000,25,1074,-0.5000,-2.5000,0.3000,-0.019853,-0.003457,-0.005584,0.020152,-2.969182,12
5.200000,26,1075,-0.5000,-2.5000,0.3000,-0.019853,-0.003457,-0.005584,0.020152,-2.969182,12
5.400000,27,1076,-0.5000,-2.5000,0.3000,-0.021207,-0.002485,-0.014383,0.021352,-3.024956,12
5.600000,28,1077,-0.5000,-2.5000,0.3000,-0.021207,-0.002485,-0.014383,0.021352,-3.024956,12
5.800000,29,1078,-0.5000,-2.5000,0.3000,-0.019953,-0.002917,-0.003410,0.020165,-2.996418,12
6.000000,30,1079,-0.5000,-2.5000,0.3000,-0.019953,-0.002917,-0.003410,0.020165,-2.996418,12
6.200000,31,1080,-0.5000,-2.5000,0.3000,-0.026518,-0.004942,0.004029,0.026975,-2.957346,12
6.400000,32,1081,-0.5000,-2.5000,0.3000,-0.026518,-0.004942,0.004029,0.026975,-2.957346,12
6.600000,33,1082,-0.5000,-2.5000,0.3000,-0.024636,-0.011362,-0.006768,0.027130,-2.709468,12
6.800000,34,1083,-0.5000,-2.5000,0.3000,-0.024636,-0.011362,-0.006768,0.027130,-2.709468,12
7.000000,35,1084,-0.5000,-2.5000,0.3000,-0.020509,-0.001661,-0.008303,0.020576,-3.060761,12
7.200000,36,1085,-0.5000,-2.5000,0.3000,-0.020509,-0.001661,-0.008303,0.020576,-3.060761,12
7.400000,37,1086,-0.5000,-2.5000,0.3000,-0.012778,0.004388,0.000316,0.013511,2.810779,12
7.600000,38,1087,-0.5000,-2.5000,0.3000,-0.012778,0.004388,0.000316,0.013511,2.810779,12
7.800000,39,1088,-0.5000,-2.5000,0.3000,-0.021484,-0.002286,-0.013509,0.021605,-3.035573,12
8.000000,40,1089,-0.5000,-2.5000,0.3000,-0.021484,-0.002286,-0.013509,0.021605,-3.035573,12
8.200000,41,1090,-0.5000,-2.5000,0.3000,-0.024602,-0.006047,-0.010548,0.025334,-2.900558,12
8.400000,42,1091,-0.5000,-2.5000,0.3000,-0.024602,-0.006047,-0.010548,0.025334,-2.900558,12
8.600000,43,1092,-0.5000,-2.5000,0.3000,-0.022726,-0.003818,-0.015855,0.023044,-2.975158,12
8.800000,44,1093,-0.5000,-2.5000,0.3000,-0.022726,-0.003818,-0.015855,0.023044,-2.975158,12
9.000000,45,1094,-0.5000,-2.5000,0.3000,-0.019853,-0.003457,-0.005584,0.020152,-2.969182,12
9.200000,46,1095,-0.5000,-2.5000,0.3000,-0.019853,-0.003457,-0.005584,0.020152,-2.969182,12
9.400000,47,1096,-0.5000,-2.5000,0.3000,-0.021207,-0.002485,-0.014383,0.021352,-3.024956,12
9.600000,48,1097,-0.5000,-2.5000,0.3000,-0.021207,-0.002485,-0.014383,0.021352,-3.024956,12
9.800000,49,1098,-0.5000,-2.5000,0.3000,-0.019953,-0.002917,-0.003410,0.020165,-2.996418,12
10.000000,50,1099,-0.5000,-2.5000,0.3000,-0.019953,-0.002917,-0.003410,0.020165,-2.996418,12
10.200000,51,1100,-0.5000,-2.5000,0.3000,-0.026518,-0.004942,0.004029,0.026975,-2.957346,12
10.400000,52,1101,-0.5000,-2.5000,0.3000,-0.026518,-0.004942,0.004029,0.026975,-2.957346,12
10.600000,53,1102,-0.5000,-2.5000,0.3000,-0.024636,-0.011362,-0.006768,0.027130,-2.709468,12
10.800000,54,1103,-0.5000,-2.5000,0.3000,-0.024636,-0.011362,-0.006768,0.027130,-2.709468,12
11.000000,55,1104,-0.5000,-2.5000,0.3000,-0.020509,-0.001661,-0.008303,0.020576,-3.060761,12
11.200000,56,1105,-0.5000,-2.5000,0.3000,-0.020509,-0.001661,-0.008303,0.020576,-3.060761,12
11.400000,57,1106,-0.5000,-2.5000,0.3000,-0.012778,0.004388,0.000316,0.013511,2.810779,12
11.600000,58,1107,-0.5000,-2.5000,0.3000,-0.012778,0.004388,0.000316,0.013511,2.810779,12
11.800000,59,1108,-0.5000,-2.5000,0.3000,-0.021484,-0.002286,-0.013509,0.021605,-3.035573,12
12.000000,60,1109,-0.5000,-2.5000,0.3000,-0.021484,-0.002286,-0.013509,0.021605,-3.035573,12
12.200000,61,1110,-0.5000,-2.5000,0.3000,-0.024602,-0.006047,-0.010548,0.025334,-2.900558,12
12.400000,62,1111,-0.5000,-2.5000,0.3000,-0.024602,-0.006047,-0.010548,0.025334,-2.900558,12
12.600000,63,1112,-0.5000,-2.5000,0.3000,-0.022726,-0.003818,-0.015855,0.023044,-2.975158,12
12.800000,64,1113,-0.5000,-2.5000,0.3000,-0.022726,-0.003818,-0.015855,0.023044,-2.975158,12
13.000000,65,1114,-0.5000,-2.5000,0.3000,-0.019853,-0.003457,-0.005584,0.020152,-2.969182,12
13.200000,66,1115,-0.5000,-2.5000,0.3000,-0.019853,-0.003457,-0.005584,0.020152,-2.969182,12
13.400000,67,1116,-0.5000,-2.5000,0.3000,-0.021207,-0.002485,-0.014383,0.021352,-3.024956,12
13.600000,68,1117,-0.5000,-2.5000,0.3000,-0.021207,-0.002485,-0.014383,0.021352,-3.024956,12
13.800000,69,1118,-0.5000,-2.5000,0.3000,-0.019953,-0.002917,-0.003410,0.020165,-2.996418,12
14.000000,70,1119,-0.5000,-2.5000,0.3000,-0.019953,-0.002917,-0.003410,0.020165,-2.996418,12
14.200000,71,1120,-0.5000,-2.5000,0.3000,-0.026518,-0.004942,0.004029,0.026975,-2.957346,12
14.400000,72,1121,-0.5000,-2.5000,0.3000,-0.026518,-0.004942,0.004029,0.026975,-2.957346,12
14.600000,73,1122,-0.5000,-2.5000,0.3000,-0.024636,-0.011362,-0.006768,0.027130,-2.709468,12
14.800000,74,1123,-0.5000,-2.5000,0.3000,-0.024636,-0.011362,-0.006768,0.027130,-2.709468,12
15.000000,75,1124,-0.5000,-2.5000,0.3000,-0.020509,-0.001661,-0.008303,0.020576,-3.060761,12
15.200000,76,1125,-0.5000,-2.5000,0.3000,-0.020509,-0.001661,-0.008303,0.020576,-3.060761,12
15.400000,77,1126,-0.5000,-2.5000,0.3000,-0.012778,0.004388,0.000316,0.013511,2.810779,12
15.600000,78,1127,-0.5000,-2.5000,0.3000,-0.012778,0.004388,0.000316,0.013511,2.810779,12
15.800000,79,1128,-0.5000,-2.5000,0.3000,-0.021484,-0.002286,-0.013509,0.021605,-3.035573,12
16.000000,80,1129,-0.5000,-2.5000,0.3000,-0.021484,-0.002286,-0.013509,0.021605,-3.035573,12
16.200000,81,1130,-0.5000,-2.5000,0.3000,-0.024602,-0.006047,-0.010548,0.025334,-2.900558,12
16.400000,82,1131,-0.5000,-2.5000,0.3000,-0.024602,-0.006047,-0.010548,0.025334,-2.900558,12
16.600000,83,1132,-0.5000,-2.5000,0.3000,-0.022726,-0.003818,-0.015855,0.023044,-2.975158,12
16.800000,84,1133,-0.5000,-2.5000,0.3000,-0.022726,-0.003818,-0.015855,0.023044,-2.975158,12
17.000000,85,1134,-0.5000,-2.5000,0.3000,-0.019853,-0.003457,-0.005584,0.020152,-2.969182,12
17.200000,86,1135,-0.5000,-2.5000,0.3000,-0.019853,-0.003457,-0.005584,0.020152,-2.969182,12
17.400000,87,1136,-0.5000,-2.5000,0.3000,-0.021207,-0.002485,-0.014383,0.021352,-3.024956,12
17.600000,88,1137,-0.5000,-2.5000,0.3000,-0.021207,-0.002485,-0.014383,0.021352,-3.024956,12
17.800000,89,1138,-0.5000,-2.5000,0.3000,-0.019953,-0.002917,-0.003410,0.020165,-2.996418,12
18.000000,90,1139,-0.5000,-2.5000,0.3000,-0.019953,-0.002917,-0.003410,0.020165,-2.996418,12
18.200000,91,1140,-0.5000,-2.5000,0.3000,-0.026518,-0.004942,0.004029,0.026975,-2.957346,12
18.400000,92,1141,-0.5000,-2.5000,0.3000,-0.026518,-0.004942,0.004029,0.026975,-2.957346,12
18.600000,93,1142,-0.5000,-2.5000,0.3000,-0.024636,-0.011362,-0.006768,0.027130,-2.709468,12
18.800000,94,1143,-0.5000,-2.5000,0.3000,-0.024636,-0.011362,-0.006768,0.027130,-2.709468,12
19.000000,95,1144,-0.5000,-2.5000,0.3000,-0.020509,-0.001661,-0.008303,0.020576,-3.060761,12
19.200000,96,1145,-0.5000,-2.5000,0.3000,-0.020509,-0.001661,-0.008303,0.020576,-3.060761,12
19.400000,97,1146,-0.6855,-2.5009,0.3000,-0.014224,0.001904,0.000463,0.014351,3.008553,12
19.600000,98,1147,-0.9855,-2.5009,0.3000,-0.000460,-0.168530,-0.003262,0.168531,-1.573528,12
19.800000,99,1148,-1.2855,-2.5009,0.3000,0.022188,-0.539430,-0.028336,0.539886,-1.529687,12
20.000000,100,1149,-1.5855,-2.5009,0.3000,0.008375,-0.196380,-0.057786,0.196558,-1.528176,12
20.200000,101,1150,-1.6427,-2.5009,0.3000,0.014251,-0.118540,-0.060955,0.119394,-1.451150,12
20.400000,102,1151,-1.6427,-2.5009,0.3000,0.014251,-0.118540,-0.060955,0.119394,-1.451150,12
20.600000,103,1152,-1.6427,-2.5009,0.3000,0.015704,-0.117630,-0.061612,0.118674,-1.438078,12
20.800000,104,1153,-1.6427,-2.5009,0.3000,0.015704,-0.117630,-0.061612,0.118674,-1.438078,12
21.000000,105,1154,-1.6427,-2.5009,0.3000,0.016155,-0.116170,-0.061670,0.117288,-1.432619,12
21.200000,106,1155,-1.6427,-2.5009,0.3000,0.016155,-0.116170,-0.061670,0.117288,-1.432619,12
21.400000,107,1156,-1.6427,-2.5009,0.3000,0.016748,-0.112810,-0.062226,0.114046,-1.423411,12
21.600000,108,1157,-1.6427,-2.5009,0.3000,0.016748,-0.112810,-0.062226,0.114046,-1.423411,12
21.800000,109,1158,-1.6427,-2.5009,0.3000,0.016486,-0.112460,-0.062608,0.113662,-1.425239,12
22.000000,110,1159,-1.6427,-2.5009,0.3000,0.016486,-0.112460,-0.062608,0.113662,-1.425239,12
22.200000,111,1160,-1.6427,-2.5009,0.3000,-0.032476,-0.241420,0.003546,0.243595,-1.704514,12
22.400000,112,1161,-1.6427,-2.5009,0.3000,-0.032476,-0.241420,0.003546,0.243595,-1.704514,12
22.600000,113,1162,-1.6427,-2.5009,0.3000,0.018738,-0.163110,0.001388,0.164183,-1.456418,12
22.800000,114,1163,-1.6427,-2.5009,0.3000,0.018738,-0.163110,0.001388,0.164183,-1.456418,12
23.000000,115,1164,-1.6427,-2.5009,0.3000,0.015067,-0.147080,-0.030045,0.147850,-1.468712,12
23.200000,116,1165,-1.6427,-2.5009,0.3000,0.015067,-0.147080,-0.030045,0.147850,-1.468712,12
23.400000,117,1166,-1.6427,-2.5009,0.3000,0.017066,-0.106880,-0.055731,0.108234,-1.412459,12
23.600000,118,1167,-1.6427,-2.5009,0.3000,0.017066,-0.106880,-0.055731,0.108234,-1.412459,12
23.800000,119,1168,-1.6427,-2.5009,0.3000,0.014589,-0.113870,-0.062484,0.114801,-1.443371,12
24.000000,120,1169,-1.6427,-2.5009,0.3000,0.014589,-0.113870,-0.062484,0.114801,-1.443371,12
24.200000,121,1170,-1.6427,-2.5009,0.3000,0.014251,-0.118540,-0.060955,0.119394,-1.451150,12
24.400000,122,1171,-1.6427,-2.5009,0.3000,0.014251,-0.118540,-0.060955,0.119394,-1.451150,12
24.600000,123,1172,-1.6427,-2.5009,0.3000,0.015704,-0.117630,-0.061612,0.118674,-1.438078,12
24.800000,124,1173,-1.6427,-2.5009,0.3000,0.015704,-0.117630,-0.061612,0.118674,-1.438078,12
25.000000,125,1174,-1.6427,-2.5009,0.3000,0.016155,-0.116170,-0.061670,0.117288,-1.432619,12
25.200000,126,1175,-1.6427,-2.5009,0.3000,0.016155,-0.116170,-0.061670,0.117288,-1.432619,12
25.400000,127,1176,-1.6427,-2.5009,0.3000,0.016748,-0.112810,-0.062226,0.114046,-1.423411,12
25.600000,128,1177,-1.6427,-2.5009,0.3000,0.016748,-0.112810,-0.062226,0.114046,-1.423411,12
25.800000,129,1178,-1.6427,-2.5009,0.3000,0.016486,-0.112460,-0.062608,0.113662,-1.425239,12
26.000000,130,1179,-1.6427,-2.5009,0.3000,0.016486,-0.112460,-0.062608,0.113662,-1.425239,12
26.200000,131,1180,-1.6427,-2.5009,0.3000,-0.032476,-0.241420,0.003546,0.243595,-1.704514,12
26.400000,132,1181,-1.6427,-2.5009,0.3000,-0.032476,-0.241420,0.003546,0.243595,-1.704514,12
26.600000,133,1182,-1.6427,-2.5009,0.3000,0.018738,-0.163110,0.001388,0.164183,-1.456418,12
26.800000,134,1183,-1.6427,-2.5009,0.3000,0.018738,-0.163110,0.001388,0.164183,-1.456418,12
27.000000,135,1184,-1.6427,-2.5009,0.3000,0.015067,-0.147080,-0.030045,0.147850,-1.468712,12
27.200000,136,1185,-1.6427,-2.5009,0.3000,0.015067,-0.147080,-0.030045,0.147850,-1.468712,12
27.400000,137,1186,-1.6427,-2.5009,0.3000,0.017066,-0.106880,-0.055731,0.108234,-1.412459,12
27.600000,138,1187,-1.6427,-2.5009,0.3000,0.017066,-0.106880,-0.055731,0.108234,-1.412459,12
27.800000,139,1188,-1.6427,-2.5009,0.3000,0.014589,-0.113870,-0.062484,0.114801,-1.443371,12
28.000000,140,1189,-1.6427,-2.5009,0.3000,0.014589,-0.113870,-0.062484,0.114801,-1.443371,12
28.200000,141,1190,-1.6427,-2.5009,0.3000,0.014251,-0.118540,-0.060955,0.119394,-1.451150,12
28.400000,142,1191,-1.6427,-2.5009,0.3000,0.014251,-0.118540,-0.060955,0.119394,-1.451150,12
28.600000,143,1192,-1.6427,-2.5009,0.3000,0.015704,-0.117630,-0.061612,0.118674,-1.438078,12
28.800000,144,1193,-1.6427,-2.5009,0.3000,0.015704,-0.117630,-0.061612,0.118674,-1.438078,12
29.000000,145,1194,-1.6427,-2.5009,0.3000,0.016155,-0.116170,-0.061670,0.117288,-1.432619,12
29.200000,146,1195,-1.6427,-2.5009,0.3000,0.016155,-0.116170,-0.061670,0.117288,-1.432619,12
29.400000,147,1196,-1.6427,-2.5009,0.3000,0.016748,-0.112810,-0.062226,0.114046,-1.423411,12
29.600000,148,1197,-1.6427,-2.5009,0.3000,0.016748,-0.112810,-0.062226,0.114046,-1.423411,12
29.800000,149,1198,-1.6427,-2.5009,0.3000,0.016486,-0.112460,-0.062608,0.113662,-1.425239,12
30.000000,150,1199,-1.6427,-2.5009,0.3000,0.016486,-0.112460,-0.062608,0.113662,-1.425239,12
30.200000,151,1200,-1.6427,-2.5009,0.3000,-0.032476,-0.241420,0.003546,0.243595,-1.704514,12
30.400000,152,1201,-1.6427,-2.5009,0.3000,-0.032476,-0.241420,0.003546,0.243595,-1.704514,12
30.600000,153,1202,-1.6427,-2.5009,0.3000,0.018738,-0.163110,0.001388,0.164183,-1.456418,12
30.800000,154,1203,-1.6427,-2.5009,0.3000,0.018738,-0.163110,0.001388,0.164183,-1.456418,12
31.000000,155,1204,-1.6427,-2.5009,0.3000,0.015067,-0.147080,-0.030045,0.147850,-1.468712,12
31.200000,156,1205,-1.6427,-2.5009,0.3000,0.015067,-0.147080,-0.030045,0.147850,-1.468712,12
31.400000,157,1206,-1.6427,-2.5009,0.3000,0.017066,-0.106880,-0.055731,0.108234,-1.412459,12
31.600000,158,1207,-1.6427,-2.5009,0.3000,0.017066,-0.106880,-0.055731,0.108234,-1.412459,12
31.800000,159,1208,-1.6427,-2.5009,0.3000,0.014589,-0.113870,-0.062484,0.114801,-1.443371,12
32.000000,160,1209,-1.6427,-2.5009,0.3000,0.014589,-0.113870,-0.062484,0.114801,-1.443371,12
32.200000,161,1210,-1.6427,-2.5009,0.3000,0.014251,-0.118540,-0.060955,0.119394,-1.451150,12
32.400000,162,1211,-1.6427,-2.5009,0.3000,0.014251,-0.118540,-0.060955,0.119394,-1.451150,12
32.600000,163,1212,-1.6427,-2.5009,0.3000,0.015704,-0.117630,-0.061612,0.118674,-1.438078,12
32.800000,164,1213,-1.6427,-2.5009,0.3000,0.015704,-0.117630,-0.061612,0.118674,-1.438078,12
33.000000,165,1214,-1.6427,-2.5009,0.3000,0.016155,-0.116170,-0.061670,0.117288,-1.432619,12
33.200000,166,1215,-1.6427,-2.5009,0.3000,0.016155,-0.116170,-0.061670,0.117288,-1.432619,12
33.400000,167,1216,-1.6427,-2.5009,0.3000,0.016748,-0.112810,-0.062226,0.114046,-1.423411,12
33.600000,168,1217,-1.6427,-2.5009,0.3000,0.016748,-0.112810,-0.062226,0.114046,-1.423411,12
33.800000,169,1218,-1.6427,-2.5009,0.3000,0.016486,-0.112460,-0.062608,0.113662,-1.425239,12
34.000000,170,1219,-1.6427,-2.5009,0.3000,0.016486,-0.112460,-0.062608,0.113662,-1.425239,12
34.200000,171,1220,-1.6427,-2.5009,0.3000,-0.032476,-0.241420,0.003546,0.243595,-1.704514,12
34.400000,172,1221,-1.6427,-2.5009,0.3000,-0.032476,-0.241420,0.003546,0.243595,-1.704514,12
34.600000,173,1222,-1.6427,-2.5009,0.3000,0.018738,-0.163110,0.001388,0.164183,-1.456418,12
34.800000,174,1223,-1.6427,-2.5009,0.3000,0.018738,-0.163110,0.001388,0.164183,-1.456418,12
35.000000,175,1224,-1.6427,-2.5009,0.3000,0.015067,-0.147080,-0.030045,0.147850,-1.468712,12
35.200000,176,1225,-1.6427,-2.5009,0.3000,0.015067,-0.147080,-0.030045,0.147850,-1.468712,12
35.400000,177,1226,-1.6427,-2.5009,0.3000,0.017066,-0.106880,-0.055731,0.108234,-1.412459,12
35.600000,178,1227,-1.6427,-2.5009,0.3000,0.017066,-0.106880,-0.055731,0.108234,-1.412459,12
35.800000,179,1228,-1.6427,-2.5009,0.3000,0.014589,-0.113870,-0.062484,0.114801,-1.443371,12
36.000000,180,1229,-1.6427,-2.5009,0.3000,0.014589,-0.113870,-0.062484,0.114801,-1.443371,12
36.200000,181,1230,-1.6427,-2.5009,0.3000,0.014251,-0.118540,-0.060955,0.119394,-1.451150,12
36.400000,182,1231,-1.9427,-2.5009,0.3000,0.024142,-0.060602,-0.054303,0.065234,-1.191696,12
36.600000,183,1232,-2.2427,-2.5009,0.3000,0.026101,-0.047318,-0.040612,0.054039,-1.066719,12
36.800000,184,1233,-2.5427,-2.5009,0.3000,0.022580,-0.042281,-0.025436,0.047933,-1.080284,12
37.000000,185,1234,-2.5427,-2.5009,0.3000,0.023001,-0.043281,-0.024857,0.049013,-1.082319,12
37.200000,186,1235,-2.5427,-2.5009,0.3000,0.023001,-0.043281,-0.024857,0.049013,-1.082319,12
37.400000,187,1236,-2.5427,-2.5009,0.3000,0.021066,-0.041361,-0.024535,0.046417,-1.099720,12
37.600000,188,1237,-2.5427,-2.5009,0.3000,0.021066,-0.041361,-0.024535,0.046417,-1.099720,12
37.800000,189,1238,-2.5427,-2.5009,0.3000,0.022363,-0.043052,-0.023941,0.048514,-1.091717,12
38.000000,190,1239,-2.5427,-2.5009,0.3000,0.022363,-0.043052,-0.023941,0.048514,-1.091717,12
38.200000,191,1240,-2.5427,-2.5009,0.3000,-0.012747,0.016465,0.002035,0.020823,2.229599,12
38.400000,192,1241,-2.5427,-2.5009,0.3000,-0.012747,0.016465,0.002035,0.020823,2.229599,12
38.600000,193,1242,-2.5427,-2.5009,0.3000,0.034091,-0.017047,0.015492,0.038116,-0.463683,12
38.800000,194,1243,-2.5427,-2.5009,0.3000,0.034091,-0.017047,0.015492,0.038116,-0.463683,12
39.000000,195,1244,-2.5427,-2.5009,0.3000,0.026765,-0.032234,-0.010826,0.041897,-0.877830,12
39.200000,196,1245,-2.5427,-2.5009,0.3000,0.026765,-0.032234,-0.010826,0.041897,-0.877830,12
39.400000,197,1246,-2.5427,-2.5009,0.3000,0.022694,-0.043787,-0.022819,0.049319,-1.092631,12
39.600000,198,1247,-2.5427,-2.5009,0.3000,0.022694,-0.043787,-0.022819,0.049319,-1.092631,12
39.800000,199,1248,-2.5427,-2.5009,0.3000,0.018978,-0.041651,-0.024121,0.045771,-1.143259,12
40.000000,200,1249,-2.5427,-2.5009,0.3000,0.018978,-0.041651,-0.024121,0.045771,-1.143259,12
40.200000,201,1250,-2.5427,-2.5009,0.3000,0.021962,-0.043241,-0.024691,0.048499,-1.100851,12
40.400000,202,1251,-2.5427,-2.5009,0.3000,0.021962,-0.043241,-0.024691,0.048499,-1.100851,12
40.600000,203,1252,-2.5427,-2.5009,0.3000,0.022580,-0.042281,-0.025436,0.047933,-1.080284,12
40.800000,204,1253,-2.5427,-2.5009,0.3000,0.022580,-0.042281,-0.025436,0.047933,-1.080284,12
41.000000,205,1254,-2.5427,-2.5009,0.3000,0.023001,-0.043281,-0.024857,0.049013,-1.082319,12
41.200000,206,1255,-2.5427,-2.5009,0.3000,0.023001,-0.043281,-0.024857,0.049013,-1.082319,12
41.400000,207,1256,-2.5427,-2.5009,0.3000,0.021066,-0.041361,-0.024535,0.046417,-1.099720,12
41.600000,208,1257,-2.5427,-2.5009,0.3000,0.021066,-0.041361,-0.024535,0.046417,-1.099720,12
41.800000,209,1258,-2.5427,-2.5009,0.3000,0.022363,-0.043052,-0.023941,0.048514,-1.091717,12
42.000000,210,1259,-2.5427,-2.5009,0.3000,0.022363,-0.043052,-0.023941,0.048514,-1.091717,12
42.200000,211,1260,-2.5427,-2.5009,0.3000,-0.012747,0.016465,0.002035,0.020823,2.229599,12
42.400000,212,1261,-2.5427,-2.5009,0.3000,-0.012747,0.016465,0.002035,0.020823,2.229599,12
42.600000,213,1262,-2.5427,-2.5009,0.3000,0.034091,-0.017047,0.015492,0.038116,-0.463683,12
42.800000,214,1263,-2.5427,-2.5009,0.3000,0.034091,-0.017047,0.015492,0.038116,-0.463683,12
43.000000,215,1264,-2.5427,-2.5009,0.3000,0.026765,-0.032234,-0.010826,0.041897,-0.877830,12
43.200000,216,1265,-2.5427,-2.5009,0.3000,0.026765,-0.032234,-0.010826,0.041897,-0.877830,12
43.400000,217,1266,-2.5427,-2.5009,0.3000,0.022694,-0.043787,-0.022819,0.049319,-1.092631,12
43.600000,218,1267,-2.5427,-2.5009,0.3000,0.022694,-0.043787,-0.022819,0.049319,-1.092631,12
43.800000,219,1268,-2.5427,-2.5009,0.3000,0.018978,-0.041651,-0.024121,0.045771,-1.143259,12
44.000000,220,1269,-2.5427,-2.5009,0.3000,0.018978,-0.041651,-0.024121,0.045771,-1.143259,12
44.200000,221,1270,-2.5427,-2.5009,0.3000,0.021962,-0.043241,-0.024691,0.048499,-1.100851,12
44.400000,222,1271,-2.5427,-2.5009,0.3000,0.021962,-0.043241,-0.024691,0.048499,-1.100851,12
44.600000,223,1272,-2.5427,-2.5009,0.3000,0.022580,-0.042281,-0.025436,0.047933,-1.080284,12
44.800000,224,1273,-2.5427,-2.5009,0.3000,0.022580,-0.042281,-0.025436,0.047933,-1.080284,12
45.000000,225,1274,-2.5427,-2.5009,0.3000,0.023001,-0.043281,-0.024857,0.049013,-1.082319,12
45.200000,226,1275,-2.5427,-2.5009,0.3000,0.023001,-0.043281,-0.024857,0.049013,-1.082319,12
45.400000,227,1276,-2.5427,-2.5009,0.3000,0.021066,-0.041361,-0.024535,0.046417,-1.099720,12
45.600000,228,1277,-2.5427,-2.5009,0.3000,0.021066,-0.041361,-0.024535,0.046417,-1.099720,12
45.800000,229,1278,-2.5427,-2.5009,0.3000,0.022363,-0.043052,-0.023941,0.048514,-1.091717,12
46.000000,230,1279,-2.5427,-2.5009,0.3000,0.022363,-0.043052,-0.023941,0.048514,-1.091717,12
46.200000,231,1280,-2.5427,-2.5009,0.3000,-0.012747,0.016465,0.002035,0.020823,2.229599,12
46.400000,232,1281,-2.5427,-2.5009,0.3000,-0.012747,0.016465,0.002035,0.020823,2.229599,12
46.600000,233,1282,-2.5427,-2.5009,0.3000,0.034091,-0.017047,0.015492,0.038116,-0.463683,12
46.800000,234,1283,-2.5427,-2.5009,0.3000,0.034091,-0.017047,0.015492,0.038116,-0.463683,12
47.000000,235,1284,-2.5427,-2.5009,0.3000,0.026765,-0.032234,-0.010826,0.041897,-0.877830,12
47.200000,236,1285,-2.5427,-2.5009,0.3000,0.026765,-0.032234,-0.010826,0.041897,-0.877830,12
47.400000,237,1286,-2.5427,-2.5009,0.3000,0.022694,-0.043787,-0.022819,0.049319,-1.092631,12
47.600000,238,1287,-2.5427,-2.5009,0.3000,0.022694,-0.043787,-0.022819,0.049319,-1.092631,12
47.800000,239,1288,-2.5427,-2.5009,0.3000,0.018978,-0.041651,-0.024121,0.045771,-1.143259,12
48.000000,240,1289,-2.5427,-2.5009,0.3000,0.018978,-0.041651,-0.024121,0.045771,-1.143259,12
48.200000,241,1290,-2.5427,-2.5009,0.3000,0.021962,-0.043241,-0.024691,0.048499,-1.100851,12
48.400000,242,1291,-2.5427,-2.5009,0.3000,0.021962,-0.043241,-0.024691,0.048499,-1.100851,12
48.600000,243,1292,-2.5427,-2.5009,0.3000,0.022580,-0.042281,-0.025436,0.047933,-1.080284,12
48.800000,244,1293,-2.5427,-2.5009,0.3000,0.022580,-0.042281,-0.025436,0.047933,-1.080284,12
49.000000,245,1294,-2.5427,-2.5009,0.3000,0.023001,-0.043281,-0.024857,0.049013,-1.082319,12
49.200000,246,1295,-2.5427,-2.5009,0.3000,0.023001,-0.043281,-0.024857,0.049013,-1.082319,12
49.400000,247,1296,-2.5427,-2.5009,0.3000,0.021066,-0.041361,-0.024535,0.046417,-1.099720,12
49.600000,248,1297,-2.5427,-2.5009,0.3000,0.021066,-0.041361,-0.024535,0.046417,-1.099720,12
49.800000,249,1298,-2.5427,-2.5009,0.3000,0.022363,-0.043052,-0.023941,0.048514,-1.091717,12
50.000000,250,1299,-2.5427,-2.5009,0.3000,0.022363,-0.043052,-0.023941,0.048514,-1.091717,12
50.200000,251,1300,-2.5427,-2.5009,0.3000,-0.012747,0.016465,0.002035,0.020823,2.229599,12
50.400000,252,1301,-2.5427,-2.5009,0.3000,-0.012747,0.016465,0.002035,0.020823,2.229599,12
50.600000,253,1302,-2.5427,-2.5009,0.3000,0.034091,-0.017047,0.015492,0.038116,-0.463683,12
50.800000,254,1303,-2.5427,-2.5009,0.3000,0.034091,-0.017047,0.015492,0.038116,-0.463683,12
51.000000,255,1304,-2.5427,-2.5009,0.3000,0.026765,-0.032234,-0.010826,0.041897,-0.877830,12
51.200000,256,1305,-2.5427,-2.5009,0.3000,0.026765,-0.032234,-0.010826,0.041897,-0.877830,12
51.400000,257,1306,-2.5427,-2.5009,0.3000,0.022694,-0.043787,-0.022819,0.049319,-1.092631,12
51.600000,258,1307,-2.5427,-2.5009,0.3000,0.022694,-0.043787,-0.022819,0.049319,-1.092631,12
51.800000,259,1308,-2.5427,-2.5009,0.3000,0.018978,-0.041651,-0.024121,0.045771,-1.143259,12
52.000000,260,1309,-2.5427,-2.5009,0.3000,0.018978,-0.041651,-0.024121,0.045771,-1.143259,12
52.200000,261,1310,-2.5427,-2.5009,0.3000,0.021962,-0.043241,-0.024691,0.048499,-1.100851,12
52.400000,262,1311,-2.5427,-2.5009,0.3000,0.021962,-0.043241,-0.024691,0.048499,-1.100851,12
52.600000,263,1312,-2.5427,-2.5009,0.3000,0.022580,-0.042281,-0.025436,0.047933,-1.080284,12
52.800000,264,1313,-2.5427,-2.5009,0.3000,0.022580,-0.042281,-0.025436,0.047933,-1.080284,12
53.000000,265,1314,-2.5427,-2.5009,0.3000,0.023001,-0.043281,-0.024857,0.049013,-1.082319,12
53.200000,266,1315,-2.8427,-2.5009,0.3000,0.011682,-0.047012,-0.007191,0.048442,-1.327240,12
53.400000,267,1316,-3.1427,-2.5009,0.3000,-0.007491,-0.043735,0.004612,0.044372,-1.740438,12
53.600000,268,1317,-3.4427,-2.5009,0.3000,-0.020342,-0.033784,0.013827,0.039435,-2.112773,12
53.800000,269,1318,-3.4427,-2.5009,0.3000,-0.019932,-0.035276,0.014199,0.040518,-2.085106,12
54.000000,270,1319,-3.4427,-2.5009,0.3000,-0.019932,-0.035276,0.014199,0.040518,-2.085106,12
54.200000,271,1320,-3.4427,-2.5009,0.3000,0.010689,0.011234,0.003681,0.015507,0.810253,12
54.400000,272,1321,-3.4427,-2.5009,0.3000,0.010689,0.011234,0.003681,0.015507,0.810253,12
54.600000,273,1322,-3.4427,-2.5009,0.3000,0.027040,0.011874,0.016548,0.029532,0.413775,12
54.800000,274,1323,-3.4427,-2.5009,0.3000,0.027040,0.011874,0.016548,0.029532,0.413775,12
55.000000,275,1324,-3.4427,-2.5009,0.3000,0.011294,-0.012375,0.002324,0.016754,-0.831038,12
55.200000,276,1325,-3.4427,-2.5009,0.3000,0.011294,-0.012375,0.002324,0.016754,-0.831038,12
55.400000,277,1326,-3.4427,-2.5009,0.3000,-0.015318,-0.029871,0.012138,0.033570,-2.044635,12
55.600000,278,1327,-3.4427,-2.5009,0.3000,-0.015318,-0.029871,0.012138,0.033570,-2.044635,12
55.800000,279,1328,-3.4427,-2.5009,0.3000,-0.022409,-0.034318,0.017590,0.040986,-2.149264,12
56.000000,280,1329,-3.4427,-2.5009,0.3000,-0.022409,-0.034318,0.017590,0.040986,-2.149264,12
56.200000,281,1330,-3.4427,-2.5009,0.3000,-0.019232,-0.033748,0.011026,0.038843,-2.088767,12
56.400000,282,1331,-3.4427,-2.5009,0.3000,-0.019232,-0.033748,0.011026,0.038843,-2.088767,12
56.600000,283,1332,-3.4427,-2.5009,0.3000,-0.018841,-0.034944,0.012371,0.039700,-2.065292,12
56.800000,284,1333,-3.4427,-2.5009,0.3000,-0.018841,-0.034944,0.012371,0.039700,-2.065292,12
57.000000,285,1334,-3.4427,-2.5009,0.3000,-0.019988,-0.034912,0.013332,0.040229,-2.090769,12
57.200000,286,1335,-3.4427,-2.5009,0.3000,-0.019988,-0.034912,0.013332,0.040229,-2.090769,12
57.400000,287,1336,-3.4427,-2.5009,0.3000,-0.020342,-0.033784,0.013827,0.039435,-2.112773,12
57.600000,288,1337,-3.4427,-2.5009,0.3000,-0.020342,-0.033784,0.013827,0.039435,-2.112773,12
57.800000,289,1338,-3.4427,-2.5009,0.3000,-0.019932,-0.035276,0.014199,0.040518,-2.085106,12
58.000000,290,1339,-3.4427,-2.5009,0.3000,-0.019932,-0.035276,0.014199,0.040518,-2.085106,12
58.200000,291,1340,-3.4427,-2.5009,0.3000,0.010689,0.011234,0.003681,0.015507,0.810253,12
58.400000,292,1341,-3.4427,-2.5009,0.3000,0.010689,0.011234,0.003681,0.015507,0.810253,12
58.600000,293,1342,-3.4427,-2.5009,0.3000,0.027040,0.011874,0.016548,0.029532,0.413775,12
58.800000,294,1343,-3.4427,-2.5009,0.3000,0.027040,0.011874,0.016548,0.029532,0.413775,12
59.000000,295,1344,-3.4427,-2.5009,0.3000,0.011294,-0.012375,0.002324,0.016754,-0.831038,12
59.200000,296,1345,-3.4427,-2.5009,0.3000,0.011294,-0.012375,0.002324,0.016754,-0.831038,12
59.400000,297,1346,-3.4427,-2.5009,0.3000,-0.015318,-0.029871,0.012138,0.033570,-2.044635,12
59.600000,298,1347,-3.4427,-2.5009,0.3000,-0.015318,-0.029871,0.012138,0.033570,-2.044635,12
59.800000,299,1348,-3.4427,-2.5009,0.3000,-0.022409,-0.034318,0.017590,0.040986,-2.149264,12
60.000000,300,1349,-3.4427,-2.5009,0.3000,-0.022409,-0.034318,0.017590,0.040986,-2.149264,12
60.200000,301,1350,-3.4427,-2.5009,0.3000,-0.019232,-0.033748,0.011026,0.038843,-2.088767,12
60.400000,302,1351,-3.4427,-2.5009,0.3000,-0.019232,-0.033748,0.011026,0.038843,-2.088767,12
60.600000,303,1352,-3.4427,-2.5009,0.3000,-0.018841,-0.034944,0.012371,0.039700,-2.065292,12
60.800000,304,1353,-3.4427,-2.5009,0.3000,-0.018841,-0.034944,0.012371,0.039700,-2.065292,12
61.000000,305,1354,-3.4427,-2.5009,0.3000,-0.019988,-0.034912,0.013332,0.040229,-2.090769,12
61.200000,306,1355,-3.4427,-2.5009,0.3000,-0.019988,-0.034912,0.013332,0.040229,-2.090769,12
61.400000,307,1356,-3.4427,-2.5009,0.3000,-0.020342,-0.033784,0.013827,0.039435,-2.112773,12
61.600000,308,1357,-3.4427,-2.5009,0.3000,-0.020342,-0.033784,0.013827,0.039435,-2.112773,12
61.800000,309,1358,-3.4427,-2.5009,0.3000,-0.019932,-0.035276,0.014199,0.040518,-2.085106,12
62.000000,310,1359,-3.4427,-2.5009,0.3000,-0.019932,-0.035276,0.014199,0.040518,-2.085106,12
62.200000,311,1360,-3.4427,-2.5009,0.3000,0.010689,0.011234,0.003681,0.015507,0.810253,12
62.400000,312,1361,-3.4427,-2.5009,0.3000,0.010689,0.011234,0.003681,0.015507,0.810253,12
62.600000,313,1362,-3.4427,-2.5009,0.3000,0.027040,0.011874,0.016548,0.029532,0.413775,12
62.800000,314,1363,-3.4427,-2.5009,0.3000,0.027040,0.011874,0.016548,0.029532,0.413775,12
63.000000,315,1364,-3.4427,-2.5009,0.3000,0.011294,-0.012375,0.002324,0.016754,-0.831038,12
63.200000,316,1365,-3.4427,-2.5009,0.3000,0.011294,-0.012375,0.002324,0.016754,-0.831038,12
63.400000,317,1366,-3.4427,-2.5009,0.3000,-0.015318,-0.029871,0.012138,0.033570,-2.044635,12
63.600000,318,1367,-3.4427,-2.5009,0.3000,-0.015318,-0.029871,0.012138,0.033570,-2.044635,12
63.800000,319,1368,-3.4427,-2.5009,0.3000,-0.022409,-0.034318,0.017590,0.040986,-2.149264,12
64.000000,320,1369,-3.4427,-2.5009,0.3000,-0.022409,-0.034318,0.017590,0.040986,-2.149264,12
64.200000,321,1370,-3.4427,-2.5009,0.3000,-0.019232,-0.033748,0.011026,0.038843,-2.088767,12
64.400000,322,1371,-3.4427,-2.5009,0.3000,-0.019232,-0.033748,0.011026,0.038843,-2.088767,12
64.600000,323,1372,-3.4427,-2.5009,0.3000,-0.018841,-0.034944,0.012371,0.039700,-2.065292,12
64.800000,324,1373,-3.4427,-2.5009,0.3000,-0.018841,-0.034944,0.012371,0.039700,-2.065292,12
65.000000,325,1374,-3.4427,-2.5009,0.3000,-0.019988,-0.034912,0.013332,0.040229,-2.090769,12
65.200000,326,1375,-3.4427,-2.5009,0.3000,-0.019988,-0.034912,0.013332,0.040229,-2.090769,12
65.400000,327,1376,-3.4427,-2.5009,0.3000,-0.020342,-0.033784,0.013827,0.039435,-2.112773,12
65.600000,328,1377,-3.4427,-2.5009,0.3000,-0.020342,-0.033784,0.013827,0.039435,-2.112773,12
65.800000,329,1378,-3.4427,-2.5009,0.3000,-0.019932,-0.035276,0.014199,0.040518,-2.085106,12
66.000000,330,1379,-3.4427,-2.5009,0.3000,-0.019932,-0.035276,0.014199,0.040518,-2.085106,12
66.200000,331,1380,-3.4427,-2.5009,0.3000,0.010689,0.011234,0.003681,0.015507,0.810253,12
66.400000,332,1381,-3.4427,-2.5009,0.3000,0.010689,0.011234,0.003681,0.015507,0.810253,12
66.600000,333,1382,-3.4427,-2.5009,0.3000,0.027040,0.011874,0.016548,0.029532,0.413775,12
66.800000,334,1383,-3.4427,-2.5009,0.3000,0.027040,0.011874,0.016548,0.029532,0.413775,12
67.000000,335,1384,-3.4427,-2.5009,0.3000,0.011294,-0.012375,0.002324,0.016754,-0.831038,12
67.200000,336,1385,-3.4427,-2.5009,0.3000,0.011294,-0.012375,0.002324,0.016754,-0.831038,12
67.400000,337,1386,-3.4427,-2.5009,0.3000,-0.015318,-0.029871,0.012138,0.033570,-2.044635,12
67.600000,338,1387,-3.4427,-2.5009,0.3000,-0.015318,-0.029871,0.012138,0.033570,-2.044635,12
67.800000,339,1388,-3.4427,-2.5009,0.3000,-0.022409,-0.034318,0.017590,0.040986,-2.149264,12
68.000000,340,1389,-3.4427,-2.5009,0.3000,-0.022409,-0.034318,0.017590,0.040986,-2.149264,12
68.200000,341,1390,-3.4427,-2.5009,0.3000,-0.019232,-0.033748,0.011026,0.038843,-2.088767,12
68.400000,342,1391,-3.4427,-2.5009,0.3000,-0.019232,-0.033748,0.011026,0.038843,-2.088767,12
68.600000,343,1392,-3.4427,-2.5009,0.3000,-0.018841,-0.034944,0.012371,0.039700,-2.065292,12
68.800000,344,1393,-3.4427,-2.5009,0.3000,-0.018841,-0.034944,0.012371,0.039700,-2.065292,12
69.000000,345,1394,-3.4427,-2.5009,0.3000,-0.019988,-0.034912,0.013332,0.040229,-2.090769,12
69.200000,346,1395,-3.4427,-2.5009,0.3000,-0.019988,-0.034912,0.013332,0.040229,-2.090769,12
69.400000,347,1396,-3.4427,-2.5009,0.3000,-0.020342,-0.033784,0.013827,0.039435,-2.112773,12
69.600000,348,1397,-3.4427,-2.5009,0.3000,-0.020342,-0.033784,0.013827,0.039435,-2.112773,12
69.800000,349,1398,-3.4427,-2.5009,0.3000,-0.019932,-0.035276,0.014199,0.040518,-2.085106,12
70.000000,350,1399,-3.4427,-2.5009,0.3000,-0.019932,-0.035276,0.014199,0.040518,-2.085106,12
70.200000,351,1400,-3.4427,-2.5009,0.3000,0.010689,0.011234,0.003681,0.015507,0.810253,12
70.400000,352,1401,-3.4427,-2.5009,0.3000,0.010689,0.011234,0.003681,0.015507,0.810253,12
70.600000,353,1402,-3.4427,-2.5009,0.3000,0.027040,0.011874,0.016548,0.029532,0.413775,12
70.800000,354,1403,-3.2306,-2.2887,0.3000,0.034091,0.008164,0.016379,0.035055,0.235061,12
71.000000,355,1404,-3.0185,-2.0766,0.3000,0.033521,-0.019269,-0.000060,0.038665,-0.521709,12
71.200000,356,1405,-2.8063,-1.8645,0.3000,0.040903,-0.021635,-0.003801,0.046272,-0.486526,12
71.400000,357,1406,-2.5942,-1.6524,0.3000,0.060050,-0.033875,-0.018896,0.068946,-0.513614,12
71.600000,358,1407,-2.3821,-1.4402,0.3000,0.068884,-0.024640,-0.038846,0.073158,-0.343520,12
71.800000,359,1408,-2.2427,-1.3009,0.3000,0.054756,-0.030666,-0.039796,0.062758,-0.510525,12
72.000000,360,1409,-2.2427,-1.3009,0.3000,0.054756,-0.030666,-0.039796,0.062758,-0.510525,12
72.200000,361,1410,-2.2427,-1.3009,0.3000,0.057520,-0.028961,-0.038375,0.064399,-0.466439,12
72.400000,362,1411,-2.2427,-1.3009,0.3000,0.057520,-0.028961,-0.038375,0.064399,-0.466439,12
72.600000,363,1412,-2.2427,-1.3009,0.3000,0.058809,-0.028300,-0.039941,0.065264,-0.448510,12
72.800000,364,1413,-2.2427,-1.3009,0.3000,0.058809,-0.028300,-0.039941,0.065264,-0.448510,12
73.000000,365,1414,-2.2427,-1.3009,0.3000,0.058228,-0.029817,-0.038723,0.065418,-0.473259,12
73.200000,366,1415,-2.2427,-1.3009,0.3000,0.058228,-0.029817,-0.038723,0.065418,-0.473259,12
73.400000,367,1416,-2.2427,-1.3009,0.3000,0.054108,-0.028854,-0.038234,0.061321,-0.489906,12
73.600000,368,1417,-2.2427,-1.3009,0.3000,0.054108,-0.028854,-0.038234,0.061321,-0.489906,12
73.800000,369,1418,-2.2427,-1.3009,0.3000,0.053850,-0.028925,-0.038053,0.061127,-0.492916,12
74.000000,370,1419,-2.2427,-1.3009,0.3000,0.053850,-0.028925,-0.038053,0.061127,-0.492916,12
74.200000,371,1420,-2.2427,-1.3009,0.3000,0.053055,-0.014190,0.030153,0.054920,-0.261341,12
74.400000,372,1421,-2.2427,-1.3009,0.3000,0.053055,-0.014190,0.030153,0.054920,-0.261341,12
74.600000,373,1422,-2.2427,-1.3009,0.3000,0.054063,-0.013107,0.008582,0.055629,-0.237850,12
74.800000,374,1423,-2.2427,-1.3009,0.3000,0.054063,-0.013107,0.008582,0.055629,-0.237850,12
75.000000,375,1424,-2.2427,-1.3009,0.3000,0.046588,-0.016254,-0.018612,0.049342,-0.335684,12
75.200000,376,1425,-2.2427,-1.3009,0.3000,0.046588,-0.016254,-0.018612,0.049342,-0.335684,12
75.400000,377,1426,-2.2427,-1.3009,0.3000,0.061613,-0.020143,-0.039642,0.064822,-0.315975,12
75.600000,378,1427,-2.2427,-1.3009,0.3000,0.061613,-0.020143,-0.039642,0.064822,-0.315975,12
75.800000,379,1428,-2.2427,-1.3009,0.3000,0.054756,-0.030666,-0.039796,0.062758,-0.510525,12
76.000000,380,1429,-2.2427,-1.3009,0.3000,0.054756,-0.030666,-0.039796,0.062758,-0.510525,12
76.200000,381,1430,-2.2427,-1.3009,0.3000,0.057520,-0.028961,-0.038375,0.064399,-0.466439,12
76.400000,382,1431,-2.2427,-1.3009,0.3000,0.057520,-0.028961,-0.038375,0.064399,-0.466439,12
76.600000,383,1432,-2.2427,-1.3009,0.3000,0.058809,-0.028300,-0.039941,0.065264,-0.448510,12
76.800000,384,1433,-2.2427,-1.3009,0.3000,0.058809,-0.028300,-0.039941,0.065264,-0.448510,12
77.000000,385,1434,-2.2427,-1.3009,0.3000,0.058228,-0.029817,-0.038723,0.065418,-0.473259,12
77.200000,386,1435,-2.2427,-1.3009,0.3000,0.058228,-0.029817,-0.038723,0.065418,-0.473259,12
77.400000,387,1436,-2.2427,-1.3009,0.3000,0.054108,-0.028854,-0.038234,0.061321,-0.489906,12
77.600000,388,1437,-2.2427,-1.3009,0.3000,0.054108,-0.028854,-0.038234,0.061321,-0.489906,12
77.800000,389,1438,-2.2427,-1.3009,0.3000,0.053850,-0.028925,-0.038053,0.061127,-0.492916,12
78.000000,390,1439,-2.2427,-1.3009,0.3000,0.053850,-0.028925,-0.038053,0.061127,-0.492916,12
78.200000,391,1440,-2.2427,-1.3009,0.3000,0.053055,-0.014190,0.030153,0.054920,-0.261341,12
78.400000,392,1441,-2.2427,-1.3009,0.3000,0.053055,-0.014190,0.030153,0.054920,-0.261341,12
78.600000,393,1442,-2.2427,-1.3009,0.3000,0.054063,-0.013107,0.008582,0.055629,-0.237850,12
78.800000,394,1443,-2.2427,-1.3009,0.3000,0.054063,-0.013107,0.008582,0.055629,-0.237850,12
79.000000,395,1444,-2.2427,-1.3009,0.3000,0.046588,-0.016254,-0.018612,0.049342,-0.335684,12
79.200000,396,1445,-2.2427,-1.3009,0.3000,0.046588,-0.016254,-0.018612,0.049342,-0.335684,12
79.400000,397,1446,-2.2427,-1.3009,0.3000,0.061613,-0.020143,-0.039642,0.064822,-0.315975,12
79.600000,398,1447,-2.2427,-1.3009,0.3000,0.061613,-0.020143,-0.039642,0.064822,-0.315975,12
79.800000,399,1448,-2.2427,-1.3009,0.3000,0.054756,-0.030666,-0.039796,0.062758,-0.510525,12
80.000000,400,1449,-2.2427,-1.3009,0.3000,0.054756,-0.030666,-0.039796,0.062758,-0.510525,12
80.200000,401,1450,-2.2427,-1.3009,0.3000,0.057520,-0.028961,-0.038375,0.064399,-0.466439,12
80.400000,402,1451,-2.2427,-1.3009,0.3000,0.057520,-0.028961,-0.038375,0.064399,-0.466439,12
80.600000,403,1452,-2.2427,-1.3009,0.3000,0.058809,-0.028300,-0.039941,0.065264,-0.448510,12
80.800000,404,1453,-2.2427,-1.3009,0.3000,0.058809,-0.028300,-0.039941,0.065264,-0.448510,12
81.000000,405,1454,-2.2427,-1.3009,0.3000,0.058228,-0.029817,-0.038723,0.065418,-0.473259,12
81.200000,406,1455,-2.2427,-1.3009,0.3000,0.058228,-0.029817,-0.038723,0.065418,-0.473259,12
81.400000,407,1456,-2.2427,-1.3009,0.3000,0.054108,-0.028854,-0.038234,0.061321,-0.489906,12
81.600000,408,1457,-2.2427,-1.3009,0.3000,0.054108,-0.028854,-0.038234,0.061321,-0.489906,12
81.800000,409,1458,-2.2427,-1.3009,0.3000,0.053850,-0.028925,-0.038053,0.061127,-0.492916,12
82.000000,410,1459,-2.2427,-1.3009,0.3000,0.053850,-0.028925,-0.038053,0.061127,-0.492916,12
82.200000,411,1460,-2.2427,-1.3009,0.3000,0.053055,-0.014190,0.030153,0.054920,-0.261341,12
82.400000,412,1461,-2.2427,-1.3009,0.3000,0.053055,-0.014190,0.030153,0.054920,-0.261341,12
82.600000,413,1462,-2.2427,-1.3009,0.3000,0.054063,-0.013107,0.008582,0.055629,-0.237850,12
82.800000,414,1463,-2.2427,-1.3009,0.3000,0.054063,-0.013107,0.008582,0.055629,-0.237850,12
83.000000,415,1464,-2.2427,-1.3009,0.3000,0.046588,-0.016254,-0.018612,0.049342,-0.335684,12
83.200000,416,1465,-2.2427,-1.3009,0.3000,0.046588,-0.016254,-0.018612,0.049342,-0.335684,12
83.400000,417,1466,-2.2427,-1.3009,0.3000,0.061613,-0.020143,-0.039642,0.064822,-0.315975,12
83.600000,418,1467,-2.2427,-1.3009,0.3000,0.061613,-0.020143,-0.039642,0.064822,-0.315975,12
83.800000,419,1468,-2.2427,-1.3009,0.3000,0.054756,-0.030666,-0.039796,0.062758,-0.510525,12
84.000000,420,1469,-2.2427,-1.3009,0.3000,0.054756,-0.030666,-0.039796,0.062758,-0.510525,12
84.200000,421,1470,-2.2427,-1.3009,0.3000,0.057520,-0.028961,-0.038375,0.064399,-0.466439,12
84.400000,422,1471,-2.2427,-1.3009,0.3000,0.057520,-0.028961,-0.038375,0.064399,-0.466439,12
84.600000,423,1472,-2.2427,-1.3009,0.3000,0.058809,-0.028300,-0.039941,0.065264,-0.448510,12
84.800000,424,1473,-2.2427,-1.3009,0.3000,0.058809,-0.028300,-0.039941,0.065264,-0.448510,12
85.000000,425,1474,-2.2427,-1.3009,0.3000,0.058228,-0.029817,-0.038723,0.065418,-0.473259,12
85.200000,426,1475,-2.2427,-1.3009,0.3000,0.058228,-0.029817,-0.038723,0.065418,-0.473259,12
85.400000,427,1476,-2.2427,-1.3009,0.3000,0.054108,-0.028854,-0.038234,0.061321,-0.489906,12
85.600000,428,1477,-2.2427,-1.3009,0.3000,0.054108,-0.028854,-0.038234,0.061321,-0.489906,12
85.800000,429,1478,-2.2427,-1.3009,0.3000,0.053850,-0.028925,-0.038053,0.061127,-0.492916,12
86.000000,430,1479,-2.2427,-1.3009,0.3000,0.053850,-0.028925,-0.038053,0.061127,-0.492916,12
86.200000,431,1480,-2.2427,-1.3009,0.3000,0.053055,-0.014190,0.030153,0.054920,-0.261341,12
86.400000,432,1481,-2.2427,-1.3009,0.3000,0.053055,-0.014190,0.030153,0.054920,-0.261341,12
86.600000,433,1482,-2.2427,-1.3009,0.3000,0.054063,-0.013107,0.008582,0.055629,-0.237850,12
86.800000,434,1483,-2.2427,-1.3009,0.3000,0.054063,-0.013107,0.008582,0.055629,-0.237850,12
87.000000,435,1484,-2.2427,-1.3009,0.3000,0.046588,-0.016254,-0.018612,0.049342,-0.335684,12
87.200000,436,1485,-2.2427,-1.3009,0.3000,0.046588,-0.016254,-0.018612,0.049342,-0.335684,12
87.400000,437,1486,-2.2427,-1.3009,0.3000,0.061613,-0.020143,-0.039642,0.064822,-0.315975,12
87.600000,438,1487,-2.2427,-1.3009,0.3000,0.061613,-0.020143,-0.039642,0.064822,-0.315975,12
87.800000,439,1488,-2.2427,-1.3009,0.3000,0.054756,-0.030666,-0.039796,0.062758,-0.510525,12
88.000000,440,1489,-1.9427,-1.3009,0.3000,0.040600,-0.034190,-0.058555,0.053078,-0.699900,12
88.200000,441,1490,-1.7306,-1.5130,0.3000,0.021643,-0.072293,-0.070447,0.075463,-1.279909,12
88.400000,442,1491,-1.6427,-1.6009,0.3000,0.012459,-0.146190,-0.067410,0.146720,-1.485777,12
88.600000,443,1492,-1.6427,-1.6009,0.3000,0.016251,-0.140560,-0.067092,0.141496,-1.455691,12
88.800000,444,1493,-1.6427,-1.6009,0.3000,0.016251,-0.140560,-0.067092,0.141496,-1.455691,12
89.000000,445,1494,-1.6427,-1.6009,0.3000,0.016310,-0.138190,-0.068326,0.139149,-1.453314,12
89.200000,446,1495,-1.6427,-1.6009,0.3000,0.016310,-0.138190,-0.068326,0.139149,-1.453314,12
89.400000,447,1496,-1.6427,-1.6009,0.3000,0.016537,-0.134930,-0.067524,0.135940,-1.448845,12
89.600000,448,1497,-1.6427,-1.6009,0.3000,0.016537,-0.134930,-0.067524,0.135940,-1.448845,12
89.800000,449,1498,-1.6427,-1.6009,0.3000,0.016264,-0.134910,-0.067972,0.135887,-1.450821,12
90.000000,450,1499,-1.6427,-1.6009,0.3000,0.016264,-0.134910,-0.067972,0.135887,-1.450821,12
90.200000,451,1500,-1.6427,-1.6009,0.3000,0.034105,-0.229020,0.014019,0.231545,-1.422966,12
90.400000,452,1501,-1.6427,-1.6009,0.3000,0.034105,-0.229020,0.014019,0.231545,-1.422966,12
90.600000,453,1502,-1.6427,-1.6009,0.3000,0.024980,-0.192650,-0.008929,0.194263,-1.441851,12
90.800000,454,1503,-1.6427,-1.6009,0.3000,0.024980,-0.192650,-0.008929,0.194263,-1.441851,12
91.000000,455,1504,-1.6427,-1.6009,0.3000,0.017882,-0.166720,-0.049588,0.167676,-1.463947,12
91.200000,456,1505,-1.6427,-1.6009,0.3000,0.017882,-0.166720,-0.049588,0.167676,-1.463947,12
91.400000,457,1506,-1.6427,-1.6009,0.3000,0.010820,-0.132760,-0.072936,0.133200,-1.489476,12
91.600000,458,1507,-1.6427,-1.6009,0.3000,0.010820,-0.132760,-0.072936,0.133200,-1.489476,12
91.800000,459,1508,-1.6427,-1.6009,0.3000,0.009407,-0.148990,-0.067857,0.149287,-1.507741,12
92.000000,460,1509,-1.6427,-1.6009,0.3000,0.009407,-0.148990,-0.067857,0.149287,-1.507741,12
92.200000,461,1510,-1.6427,-1.6009,0.3000,0.012459,-0.146190,-0.067410,0.146720,-1.485777,12
92.400000,462,1511,-1.6427,-1.6009,0.3000,0.012459,-0.146190,-0.067410,0.146720,-1.485777,12
92.600000,463,1512,-1.6427,-1.6009,0.3000,0.016251,-0.140560,-0.067092,0.141496,-1.455691,12
92.800000,464,1513,-1.6427,-1.6009,0.3000,0.016251,-0.140560,-0.067092,0.141496,-1.455691,12
93.000000,465,1514,-1.6427,-1.6009,0.3000,0.016310,-0.138190,-0.068326,0.139149,-1.453314,12
93.200000,466,1515,-1.6427,-1.6009,0.3000,0.016310,-0.138190,-0.068326,0.139149,-1.453314,12
93.400000,467,1516,-1.6427,-1.6009,0.3000,0.016537,-0.134930,-0.067524,0.135940,-1.448845,12
93.600000,468,1517,-1.6427,-1.6009,0.3000,0.016537,-0.134930,-0.067524,0.135940,-1.448845,12
93.800000,469,1518,-1.6427,-1.6009,0.3000,0.016264,-0.134910,-0.067972,0.135887,-1.450821,12
94.000000,470,1519,-1.6427,-1.6009,0.3000,0.016264,-0.134910,-0.067972,0.135887,-1.450821,12
94.200000,471,1520,-1.6427,-1.6009,0.3000,0.034105,-0.229020,0.014019,0.231545,-1.422966,12
94.400000,472,1521,-1.6427,-1.6009,0.3000,0.034105,-0.229020,0.014019,0.231545,-1.422966,12
94.600000,473,1522,-1.6427,-1.6009,0.3000,0.024980,-0.192650,-0.008929,0.194263,-1.441851,12
94.800000,474,1523,-1.6427,-1.6009,0.3000,0.024980,-0.192650,-0.008929,0.194263,-1.441851,12
95.000000,475,1524,-1.6427,-1.6009,0.3000,0.017882,-0.166720,-0.049588,0.167676,-1.463947,12
95.200000,476,1525,-1.6427,-1.6009,0.3000,0.017882,-0.166720,-0.049588,0.167676,-1.463947,12
95.400000,477,1526,-1.6427,-1.6009,0.3000,0.010820,-0.132760,-0.072936,0.133200,-1.489476,12
95.600000,478,1527,-1.6427,-1.6009,0.3000,0.010820,-0.132760,-0.072936,0.133200,-1.489476,12
95.800000,479,1528,-1.6427,-1.6009,0.3000,0.009407,-0.148990,-0.067857,0.149287,-1.507741,12
96.000000,480,1529,-1.6427,-1.6009,0.3000,0.009407,-0.148990,-0.067857,0.149287,-1.507741,12
96.200000,481,1530,-1.6427,-1.6009,0.3000,0.012459,-0.146190,-0.067410,0.146720,-1.485777,12
96.400000,482,1531,-1.6427,-1.6009,0.3000,0.012459,-0.146190,-0.067410,0.146720,-1.485777,12
96.600000,483,1532,-1.6427,-1.6009,0.3000,0.016251,-0.140560,-0.067092,0.141496,-1.455691,12
96.800000,484,1533,-1.6427,-1.6009,0.3000,0.016251,-0.140560,-0.067092,0.141496,-1.455691,12
97.000000,485,1534,-1.6427,-1.6009,0.3000,0.016310,-0.138190,-0.068326,0.139149,-1.453314,12
97.200000,486,1535,-1.6427,-1.6009,0.3000,0.016310,-0.138190,-0.068326,0.139149,-1.453314,12
97.400000,487,1536,-1.6427,-1.6009,0.3000,0.016537,-0.134930,-0.067524,0.135940,-1.448845,12
97.600000,488,1537,-1.6427,-1.6009,0.3000,0.016537,-0.134930,-0.067524,0.135940,-1.448845,12
97.800000,489,1538,-1.6427,-1.6009,0.3000,0.016264,-0.134910,-0.067972,0.135887,-1.450821,12
98.000000,490,1539,-1.6427,-1.6009,0.3000,0.016264,-0.134910,-0.067972,0.135887,-1.450821,12
98.200000,491,1540,-1.6427,-1.6009,0.3000,0.034105,-0.229020,0.014019,0.231545,-1.422966,12
98.400000,492,1541,-1.6427,-1.6009,0.3000,0.034105,-0.229020,0.014019,0.231545,-1.422966,12
98.600000,493,1542,-1.6427,-1.6009,0.3000,0.024980,-0.192650,-0.008929,0.194263,-1.441851,12
98.800000,494,1543,-1.6427,-1.6009,0.3000,0.024980,-0.192650,-0.008929,0.194263,-1.441851,12
99.000000,495,1544,-1.6427,-1.6009,0.3000,0.017882,-0.166720,-0.049588,0.167676,-1.463947,12
99.200000,496,1545,-1.6427,-1.6009,0.3000,0.017882,-0.166720,-0.049588,0.167676,-1.463947,12
99.400000,497,1546,-1.6427,-1.6009,0.3000,0.010820,-0.132760,-0.072936,0.133200,-1.489476,12
99.600000,498,1547,-1.6427,-1.6009,0.3000,0.010820,-0.132760,-0.072936,0.133200,-1.489476,12
99.800000,499,1548,-1.6427,-1.6009,0.3000,0.009407,-0.148990,-0.067857,0.149287,-1.507741,12
100.000000,500,1549,-1.6427,-1.6009,0.3000,0.009407,-0.148990,-0.067857,0.149287,-1.507741,12
100.200000,501,1550,-1.6427,-1.6009,0.3000,0.012459,-0.146190,-0.067410,0.146720,-1.485777,12
100.400000,502,1551,-1.6427,-1.6009,0.3000,0.012459,-0.146190,-0.067410,0.146720,-1.485777,12
100.600000,503,1552,-1.6427,-1.6009,0.3000,0.016251,-0.140560,-0.067092,0.141496,-1.455691,12
100.800000,504,1553,-1.6427,-1.6009,0.3000,0.016251,-0.140560,-0.067092,0.141496,-1.455691,12
101.000000,505,1554,-1.6427,-1.6009,0.3000,0.016310,-0.138190,-0.068326,0.139149,-1.453314,12
101.200000,506,1555,-1.6427,-1.6009,0.3000,0.016310,-0.138190,-0.068326,0.139149,-1.453314,12
101.400000,507,1556,-1.6427,-1.6009,0.3000,0.016537,-0.134930,-0.067524,0.135940,-1.448845,12
101.600000,508,1557,-1.6427,-1.6009,0.3000,0.016537,-0.134930,-0.067524,0.135940,-1.448845,12
101.800000,509,1558,-1.6427,-1.6009,0.3000,0.016264,-0.134910,-0.067972,0.135887,-1.450821,12
102.000000,510,1559,-1.6427,-1.6009,0.3000,0.016264,-0.134910,-0.067972,0.135887,-1.450821,12
102.200000,511,1560,-1.6427,-1.6009,0.3000,0.034105,-0.229020,0.014019,0.231545,-1.422966,12
102.400000,512,1561,-1.6427,-1.6009,0.3000,0.034105,-0.229020,0.014019,0.231545,-1.422966,12
102.600000,513,1562,-1.6427,-1.6009,0.3000,0.024980,-0.192650,-0.008929,0.194263,-1.441851,12
102.800000,514,1563,-1.6427,-1.6009,0.3000,0.024980,-0.192650,-0.008929,0.194263,-1.441851,12
103.000000,515,1564,-1.6427,-1.6009,0.3000,0.017882,-0.166720,-0.049588,0.167676,-1.463947,12
103.200000,516,1565,-1.6427,-1.6009,0.3000,0.017882,-0.166720,-0.049588,0.167676,-1.463947,12
103.400000,517,1566,-1.6427,-1.6009,0.3000,0.010820,-0.132760,-0.072936,0.133200,-1.489476,12
103.600000,518,1567,-1.6427,-1.6009,0.3000,0.010820,-0.132760,-0.072936,0.133200,-1.489476,12
103.800000,519,1568,-1.6427,-1.6009,0.3000,0.009407,-0.148990,-0.067857,0.149287,-1.507741,12
104.000000,520,1569,-1.6427,-1.6009,0.3000,0.009407,-0.148990,-0.067857,0.149287,-1.507741,12
104.200000,521,1570,-1.6427,-1.6009,0.3000,0.012459,-0.146190,-0.067410,0.146720,-1.485777,12
104.400000,522,1571,-1.6427,-1.6009,0.3000,0.012459,-0.146190,-0.067410,0.146720,-1.485777,12
104.600000,523,1572,-1.9427,-1.6009,0.3000,0.039824,-0.048073,-0.063654,0.062426,-0.878973,12
104.800000,524,1573,-2.2427,-1.6009,0.3000,0.050220,-0.037805,-0.048575,0.062859,-0.645283,12
105.000000,525,1574,-2.5427,-1.6009,0.3000,0.050007,-0.031879,-0.025122,0.059304,-0.567531,12
105.200000,526,1575,-2.8427,-1.6009,0.3000,0.035470,-0.025660,-0.001049,0.043778,-0.626277,12
105.400000,527,1576,-3.1427,-1.6009,0.3000,0.017332,-0.030503,-0.001854,0.035083,-1.054083,12
105.600000,528,1577,-3.1427,-1.6009,0.3000,0.017332,-0.030503,-0.001854,0.035083,-1.054083,12
105.800000,529,1578,-3.1427,-1.6009,0.3000,0.015147,-0.031597,-0.001181,0.035040,-1.123780,12
106.000000,530,1579,-3.1427,-1.6009,0.3000,0.015147,-0.031597,-0.001181,0.035040,-1.123780,12
106.200000,531,1580,-3.1427,-1.6009,0.3000,0.017820,0.020449,0.008966,0.027124,0.853988,12
106.400000,532,1581,-3.1427,-1.6009,0.3000,0.017820,0.020449,0.008966,0.027124,0.853988,12
106.600000,533,1582,-3.1427,-1.6009,0.3000,0.047090,0.006200,0.010577,0.047496,0.130901,12
106.800000,534,1583,-3.1427,-1.6009,0.3000,0.047090,0.006200,0.010577,0.047496,0.130901,12
107.000000,535,1584,-3.1427,-1.6009,0.3000,0.045817,-0.014870,0.004800,0.048170,-0.313827,12
107.200000,536,1585,-3.1427,-1.6009,0.3000,0.045817,-0.014870,0.004800,0.048170,-0.313827,12
107.400000,537,1586,-3.1427,-1.6009,0.3000,0.032356,-0.032542,0.000097,0.045890,-0.788264,12
107.600000,538,1587,-3.1427,-1.6009,0.3000,0.032356,-0.032542,0.000097,0.045890,-0.788264,12
107.800000,539,1588,-3.1427,-1.6009,0.3000,0.021474,-0.030660,-0.003169,0.037432,-0.959808,12
108.000000,540,1589,-3.1427,-1.6009,0.3000,0.021474,-0.030660,-0.003169,0.037432,-0.959808,12
108.200000,541,1590,-3.1427,-1.6009,0.3000,0.018843,-0.032438,-0.002944,0.037514,-1.044545,12
108.400000,542,1591,-3.1427,-1.6009,0.3000,0.018843,-0.032438,-0.002944,0.037514,-1.044545,12
108.600000,543,1592,-3.1427,-1.6009,0.3000,0.016518,-0.031306,-0.001593,0.035396,-1.085289,12
108.800000,544,1593,-3.1427,-1.6009,0.3000,0.016518,-0.031306,-0.001593,0.035396,-1.085289,12
109.000000,545,1594,-3.1427,-1.6009,0.3000,0.015979,-0.031487,-0.001690,0.035309,-1.101183,12
109.200000,546,1595,-3.1427,-1.6009,0.3000,0.015979,-0.031487,-0.001690,0.035309,-1.101183,12
109.400000,547,1596,-3.1427,-1.6009,0.3000,0.017332,-0.030503,-0.001854,0.035083,-1.054083,12
109.600000,548,1597,-3.1427,-1.6009,0.3000,0.017332,-0.030503,-0.001854,0.035083,-1.054083,12
109.800000,549,1598,-3.1427,-1.6009,0.3000,0.015147,-0.031597,-0.001181,0.035040,-1.123780,12
110.000000,550,1599,-3.1427,-1.6009,0.3000,0.015147,-0.031597,-0.001181,0.035040,-1.123780,12
110.200000,551,1600,-3.1427,-1.6009,0.3000,0.017820,0.020449,0.008966,0.027124,0.853988,12
110.400000,552,1601,-3.1427,-1.6009,0.3000,0.017820,0.020449,0.008966,0.027124,0.853988,12
110.600000,553,1602,-3.1427,-1.6009,0.3000,0.047090,0.006200,0.010577,0.047496,0.130901,12
110.800000,554,1603,-3.1427,-1.6009,0.3000,0.047090,0.006200,0.010577,0.047496,0.130901,12
111.000000,555,1604,-3.1427,-1.6009,0.3000,0.045817,-0.014870,0.004800,0.048170,-0.313827,12
111.200000,556,1605,-3.1427,-1.6009,0.3000,0.045817,-0.014870,0.004800,0.048170,-0.313827,12
111.400000,557,1606,-3.1427,-1.6009,0.3000,0.032356,-0.032542,0.000097,0.045890,-0.788264,12
111.600000,558,1607,-3.1427,-1.6009,0.3000,0.032356,-0.032542,0.000097,0.045890,-0.788264,12
111.800000,559,1608,-3.1427,-1.6009,0.3000,0.021474,-0.030660,-0.003169,0.037432,-0.959808,12
112.000000,560,1609,-3.1427,-1.6009,0.3000,0.021474,-0.030660,-0.003169,0.037432,-0.959808,12
112.200000,561,1610,-3.1427,-1.6009,0.3000,0.018843,-0.032438,-0.002944,0.037514,-1.044545,12
112.400000,562,1611,-3.1427,-1.6009,0.3000,0.018843,-0.032438,-0.002944,0.037514,-1.044545,12
112.600000,563,1612,-3.1427,-1.6009,0.3000,0.016518,-0.031306,-0.001593,0.035396,-1.085289,12
112.800000,564,1613,-3.1427,-1.6009,0.3000,0.016518,-0.031306,-0.001593,0.035396,-1.085289,12
113.000000,565,1614,-3.1427,-1.6009,0.3000,0.015979,-0.031487,-0.001690,0.035309,-1.101183,12
113.200000,566,1615,-3.1427,-1.6009,0.3000,0.015979,-0.031487,-0.001690,0.035309,-1.101183,12
113.400000,567,1616,-3.1427,-1.6009,0.3000,0.017332,-0.030503,-0.001854,0.035083,-1.054083,12
113.600000,568,1617,-3.1427,-1.6009,0.3000,0.017332,-0.030503,-0.001854,0.035083,-1.054083,12
113.800000,569,1618,-3.1427,-1.6009,0.3000,0.015147,-0.031597,-0.001181,0.035040,-1.123780,12
114.000000,570,1619,-3.1427,-1.6009,0.3000,0.015147,-0.031597,-0.001181,0.035040,-1.123780,12
114.200000,571,1620,-3.1427,-1.6009,0.3000,0.017820,0.020449,0.008966,0.027124,0.853988,12
114.400000,572,1621,-3.1427,-1.6009,0.3000,0.017820,0.020449,0.008966,0.027124,0.853988,12
114.600000,573,1622,-3.1427,-1.6009,0.3000,0.047090,0.006200,0.010577,0.047496,0.130901,12
114.800000,574,1623,-3.1427,-1.6009,0.3000,0.047090,0.006200,0.010577,0.047496,0.130901,12
115.000000,575,1624,-3.1427,-1.6009,0.3000,0.045817,-0.014870,0.004800,0.048170,-0.313827,12
115.200000,576,1625,-3.1427,-1.6009,0.3000,0.045817,-0.014870,0.004800,0.048170,-0.313827,12
115.400000,577,1626,-3.1427,-1.6009,0.3000,0.032356,-0.032542,0.000097,0.045890,-0.788264,12
115.600000,578,1627,-3.1427,-1.6009,0.3000,0.032356,-0.032542,0.000097,0.045890,-0.788264,12
115.800000,579,1628,-3.1427,-1.6009,0.3000,0.021474,-0.030660,-0.003169,0.037432,-0.959808,12
116.000000,580,1629,-3.1427,-1.6009,0.3000,0.021474,-0.030660,-0.003169,0.037432,-0.959808,12
116.200000,581,1630,-3.1427,-1.6009,0.3000,0.018843,-0.032438,-0.002944,0.037514,-1.044545,12
116.400000,582,1631,-3.1427,-1.6009,0.3000,0.018843,-0.032438,-0.002944,0.037514,-1.044545,12
116.600000,583,1632,-3.1427,-1.6009,0.3000,0.016518,-0.031306,-0.001593,0.035396,-1.085289,12
116.800000,584,1633,-3.1427,-1.6009,0.3000,0.016518,-0.031306,-0.001593,0.035396,-1.085289,12
117.000000,585,1634,-3.1427,-1.6009,0.3000,0.015979,-0.031487,-0.001690,0.035309,-1.101183,12
117.200000,586,1635,-3.1427,-1.6009,0.3000,0.015979,-0.031487,-0.001690,0.035309,-1.101183,12
117.400000,587,1636,-3.1427,-1.6009,0.3000,0.017332,-0.030503,-0.001854,0.035083,-1.054083,12
117.600000,588,1637,-3.1427,-1.6009,0.3000,0.017332,-0.030503,-0.001854,0.035083,-1.054083,12
117.800000,589,1638,-3.1427,-1.6009,0.3000,0.015147,-0.031597,-0.001181,0.035040,-1.123780,12
118.000000,590,1639,-3.1427,-1.6009,0.3000,0.015147,-0.031597,-0.001181,0.035040,-1.123780,12
118.200000,591,1640,-3.1427,-1.6009,0.3000,0.017820,0.020449,0.008966,0.027124,0.853988,12
118.400000,592,1641,-3.1427,-1.6009,0.3000,0.017820,0.020449,0.008966,0.027124,0.853988,12
118.600000,593,1642,-3.1427,-1.6009,0.3000,0.047090,0.006200,0.010577,0.047496,0.130901,12
118.800000,594,1643,-3.1427,-1.6009,0.3000,0.047090,0.006200,0.010577,0.047496,0.130901,12
119.000000,595,1644,-3.1427,-1.6009,0.3000,0.045817,-0.014870,0.004800,0.048170,-0.313827,12
119.200000,596,1645,-3.1427,-1.6009,0.3000,0.045817,-0.014870,0.004800,0.048170,-0.313827,12
119.400000,597,1646,-3.1427,-1.6009,0.3000,0.032356,-0.032542,0.000097,0.045890,-0.788264,12
119.600000,598,1647,-3.1427,-1.6009,0.3000,0.032356,-0.032542,0.000097,0.045890,-0.788264,12
119.800000,599,1648,-3.1427,-1.6009,0.3000,0.021474,-0.030660,-0.003169,0.037432,-0.959808,12
120.000000,600,1649,-3.1427,-1.6009,0.3000,0.021474,-0.030660,-0.003169,0.037432,-0.959808,12
120.200000,601,1650,-3.1427,-1.6009,0.3000,0.018843,-0.032438,-0.002944,0.037514,-1.044545,12
120.400000,602,1651,-3.1427,-1.6009,0.3000,0.018843,-0.032438,-0.002944,0.037514,-1.044545,12
120.600000,603,1652,-3.1427,-1.6009,0.3000,0.016518,-0.031306,-0.001593,0.035396,-1.085289,12
120.800000,604,1653,-3.1427,-1.6009,0.3000,0.016518,-0.031306,-0.001593,0.035396,-1.085289,12
121.000000,605,1654,-3.1427,-1.6009,0.3000,0.015979,-0.031487,-0.001690,0.035309,-1.101183,12
121.200000,606,1655,-3.1427,-1.6009,0.3000,0.015979,-0.031487,-0.001690,0.035309,-1.101183,12
121.400000,607,1656,-3.1427,-1.6009,0.3000,0.017332,-0.030503,-0.001854,0.035083,-1.054083,12
121.600000,608,1657,-3.1427,-1.6009,0.3000,0.017332,-0.030503,-0.001854,0.035083,-1.054083,12
121.800000,609,1658,-3.1427,-1.6009,0.3000,0.015147,-0.031597,-0.001181,0.035040,-1.123780,12
122.000000,610,1659,-3.1427,-1.6009,0.3000,0.015147,-0.031597,-0.001181,0.035040,-1.123780,12
122.200000,611,1660,-3.1427,-1.6009,0.3000,0.017820,0.020449,0.008966,0.027124,0.853988,12
122.400000,612,1661,-3.1427,-1.6009,0.3000,0.017820,0.020449,0.008966,0.027124,0.853988,12
122.600000,613,1662,-3.4427,-1.6009,0.3000,0.043946,0.009961,0.008450,0.045061,0.222903,12
122.800000,614,1663,-3.6549,-1.8130,0.3000,0.038731,0.013002,0.009095,0.040855,0.323879,12
123.000000,615,1664,-3.7427,-1.9009,0.3000,0.028015,-0.005114,0.014843,0.028478,-0.180540,12
123.200000,616,1665,-3.7427,-1.9009,0.3000,0.028015,-0.005114,0.014843,0.028478,-0.180540,12
123.400000,617,1666,-3.7427,-1.9009,0.3000,0.011724,-0.019293,0.005912,0.022576,-1.024748,12
123.600000,618,1667,-3.7427,-1.9009,0.3000,0.011724,-0.019293,0.005912,0.022576,-1.024748,12
123.800000,619,1668,-3.7427,-1.9009,0.3000,0.002920,-0.018888,0.004795,0.019112,-1.417410,12
124.000000,620,1669,-3.7427,-1.9009,0.3000,0.002920,-0.018888,0.004795,0.019112,-1.417410,12
124.200000,621,1670,-3.7427,-1.9009,0.3000,0.004796,-0.023451,0.003240,0.023936,-1.369067,12
124.400000,622,1671,-3.7427,-1.9009,0.3000,0.004796,-0.023451,0.003240,0.023936,-1.369067,12
124.600000,623,1672,-3.7427,-1.9009,0.3000,0.003074,-0.024875,0.003280,0.025064,-1.447834,12
124.800000,624,1673,-3.7427,-1.9009,0.3000,0.003074,-0.024875,0.003280,0.025064,-1.447834,12
125.000000,625,1674,-3.7427,-1.9009,0.3000,0.002461,-0.023357,0.004220,0.023486,-1.465802,12
125.200000,626,1675,-3.7427,-1.9009,0.3000,0.002461,-0.023357,0.004220,0.023486,-1.465802,12
125.400000,627,1676,-3.7427,-1.9009,0.3000,0.003073,-0.024477,0.003255,0.024669,-1.445919,12
125.600000,628,1677,-3.7427,-1.9009,0.3000,0.003073,-0.024477,0.003255,0.024669,-1.445919,12
125.800000,629,1678,-3.7427,-1.9009,0.3000,0.002952,-0.024827,0.004662,0.025002,-1.452469,12
126.000000,630,1679,-3.7427,-1.9009,0.3000,0.002952,-0.024827,0.004662,0.025002,-1.452469,12
126.200000,631,1680,-3.7427,-1.9009,0.3000,0.010094,0.010302,0.001601,0.014423,0.795596,12
126.400000,632,1681,-3.7427,-1.9009,0.3000,0.010094,0.010302,0.001601,0.014423,0.795596,12
126.600000,633,1682,-3.7427,-1.9009,0.3000,0.036071,0.014612,0.009474,0.038918,0.384887,12
126.800000,634,1683,-3.7427,-1.9009,0.3000,0.036071,0.014612,0.009474,0.038918,0.384887,12
127.000000,635,1684,-3.7427,-1.9009,0.3000,0.028015,-0.005114,0.014843,0.028478,-0.180540,12
127.200000,636,1685,-3.7427,-1.9009,0.3000,0.028015,-0.005114,0.014843,0.028478,-0.180540,12
127.400000,637,1686,-3.7427,-1.9009,0.3000,0.011724,-0.019293,0.005912,0.022576,-1.024748,12
127.600000,638,1687,-3.7427,-1.9009,0.3000,0.011724,-0.019293,0.005912,0.022576,-1.024748,12
127.800000,639,1688,-3.7427,-1.9009,0.3000,0.002920,-0.018888,0.004795,0.019112,-1.417410,12
128.000000,640,1689,-3.7427,-1.9009,0.3000,0.002920,-0.018888,0.004795,0.019112,-1.417410,12
128.200000,641,1690,-3.7427,-1.9009,0.3000,0.004796,-0.023451,0.003240,0.023936,-1.369067,12
128.400000,642,1691,-3.7427,-1.9009,0.3000,0.004796,-0.023451,0.003240,0.023936,-1.369067,12
128.600000,643,1692,-3.7427,-1.9009,0.3000,0.003074,-0.024875,0.003280,0.025064,-1.447834,12
128.800000,644,1693,-3.7427,-1.9009,0.3000,0.003074,-0.024875,0.003280,0.025064,-1.447834,12
129.000000,645,1694,-3.7427,-1.9009,0.3000,0.002461,-0.023357,0.004220,0.023486,-1.465802,12
129.200000,646,1695,-3.7427,-1.9009,0.3000,0.002461,-0.023357,0.004220,0.023486,-1.465802,12
129.400000,647,1696,-3.7427,-1.9009,0.3000,0.003073,-0.024477,0.003255,0.024669,-1.445919,12
129.600000,648,1697,-3.7427,-1.9009,0.3000,0.003073,-0.024477,0.003255,0.024669,-1.445919,12
129.800000,649,1698,-3.7427,-1.9009,0.3000,0.002952,-0.024827,0.004662,0.025002,-1.452469,12
130.000000,650,1699,-3.7427,-1.9009,0.3000,0.002952,-0.024827,0.004662,0.025002,-1.452469,12
130.200000,651,1700,-3.7427,-1.9009,0.3000,0.010094,0.010302,0.001601,0.014423,0.795596,12
130.400000,652,1701,-3.7427,-1.9009,0.3000,0.010094,0.010302,0.001601,0.014423,0.795596,12
130.600000,653,1702,-3.7427,-1.9009,0.3000,0.036071,0.014612,0.009474,0.038918,0.384887,12
130.800000,654,1703,-3.7427,-1.9009,0.3000,0.036071,0.014612,0.009474,0.038918,0.384887,12
131.000000,655,1704,-3.7427,-1.9009,0.3000,0.028015,-0.005114,0.014843,0.028478,-0.180540,12
131.200000,656,1705,-3.7427,-1.9009,0.3000,0.028015,-0.005114,0.014843,0.028478,-0.180540,12
131.400000,657,1706,-3.7427,-1.9009,0.3000,0.011724,-0.019293,0.005912,0.022576,-1.024748,12
131.600000,658,1707,-3.7427,-1.9009,0.3000,0.011724,-0.019293,0.005912,0.022576,-1.024748,12
131.800000,659,1708,-3.7427,-1.9009,0.3000,0.002920,-0.018888,0.004795,0.019112,-1.417410,12
132.000000,660,1709,-3.7427,-1.9009,0.3000,0.002920,-0.018888,0.004795,0.019112,-1.417410,12
132.200000,661,1710,-3.7427,-1.9009,0.3000,0.004796,-0.023451,0.003240,0.023936,-1.369067,12
132.400000,662,1711,-3.7427,-1.9009,0.3000,0.004796,-0.023451,0.003240,0.023936,-1.369067,12
132.600000,663,1712,-3.7427,-1.9009,0.3000,0.003074,-0.024875,0.003280,0.025064,-1.447834,12
132.800000,664,1713,-3.7427,-1.9009,0.3000,0.003074,-0.024875,0.003280,0.025064,-1.447834,12
133.000000,665,1714,-3.7427,-1.9009,0.3000,0.002461,-0.023357,0.004220,0.023486,-1.465802,12
133.200000,666,1715,-3.7427,-1.9009,0.3000,0.002461,-0.023357,0.004220,0.023486,-1.465802,12
133.400000,667,1716,-3.7427,-1.9009,0.3000,0.003073,-0.024477,0.003255,0.024669,-1.445919,12
133.600000,668,1717,-3.7427,-1.9009,0.3000,0.003073,-0.024477,0.003255,0.024669,-1.445919,12
133.800000,669,1718,-3.7427,-1.9009,0.3000,0.002952,-0.024827,0.004662,0.025002,-1.452469,12
134.000000,670,1719,-3.7427,-1.9009,0.3000,0.002952,-0.024827,0.004662,0.025002,-1.452469,12
134.200000,671,1720,-3.7427,-1.9009,0.3000,0.010094,0.010302,0.001601,0.014423,0.795596,12
134.400000,672,1721,-3.7427,-1.9009,0.3000,0.010094,0.010302,0.001601,0.014423,0.795596,12
134.600000,673,1722,-3.7427,-1.9009,0.3000,0.036071,0.014612,0.009474,0.038918,0.384887,12
134.800000,674,1723,-3.7427,-1.9009,0.3000,0.036071,0.014612,0.009474,0.038918,0.384887,12
135.000000,675,1724,-3.7427,-1.9009,0.3000,0.028015,-0.005114,0.014843,0.028478,-0.180540,12
135.200000,676,1725,-3.7427,-1.9009,0.3000,0.028015,-0.005114,0.014843,0.028478,-0.180540,12
135.400000,677,1726,-3.7427,-1.9009,0.3000,0.011724,-0.019293,0.005912,0.022576,-1.024748,12
135.600000,678,1727,-3.7427,-1.9009,0.3000,0.011724,-0.019293,0.005912,0.022576,-1.024748,12
135.800000,679,1728,-3.7427,-1.9009,0.3000,0.002920,-0.018888,0.004795,0.019112,-1.417410,12
136.000000,680,1729,-3.7427,-1.9009,0.3000,0.002920,-0.018888,0.004795,0.019112,-1.417410,12
136.200000,681,1730,-3.7427,-1.9009,0.3000,0.004796,-0.023451,0.003240,0.023936,-1.369067,12
136.400000,682,1731,-3.7427,-1.9009,0.3000,0.004796,-0.023451,0.003240,0.023936,-1.369067,12
136.600000,683,1732,-3.7427,-1.9009,0.3000,0.003074,-0.024875,0.003280,0.025064,-1.447834,12
136.800000,684,1733,-3.7427,-1.9009,0.3000,0.003074,-0.024875,0.003280,0.025064,-1.447834,12
137.000000,685,1734,-3.7427,-1.9009,0.3000,0.002461,-0.023357,0.004220,0.023486,-1.465802,12
137.200000,686,1735,-3.7427,-1.9009,0.3000,0.002461,-0.023357,0.004220,0.023486,-1.465802,12
137.400000,687,1736,-3.7427,-1.9009,0.3000,0.003073,-0.024477,0.003255,0.024669,-1.445919,12
137.600000,688,1737,-3.7427,-1.9009,0.3000,0.003073,-0.024477,0.003255,0.024669,-1.445919,12
137.800000,689,1738,-3.7427,-1.9009,0.3000,0.002952,-0.024827,0.004662,0.025002,-1.452469,12
138.000000,690,1739,-3.7427,-1.9009,0.3000,0.002952,-0.024827,0.004662,0.025002,-1.452469,12
138.200000,691,1740,-3.7427,-1.9009,0.3000,0.010094,0.010302,0.001601,0.014423,0.795596,12
138.400000,692,1741,-3.7427,-1.9009,0.3000,0.010094,0.010302,0.001601,0.014423,0.795596,12
138.600000,693,1742,-3.7427,-1.9009,0.3000,0.036071,0.014612,0.009474,0.038918,0.384887,12
138.800000,694,1743,-3.7427,-1.9009,0.3000,0.036071,0.014612,0.009474,0.038918,0.384887,12
139.000000,695,1744,-3.7427,-1.9009,0.3000,0.028015,-0.005114,0.014843,0.028478,-0.180540,12
139.200000,696,1745,-3.4427,-1.9009,0.3000,0.033053,-0.012099,0.008569,0.035198,-0.350900,12
139.400000,697,1746,-3.1427,-1.9009,0.3000,0.019370,-0.043311,-0.003334,0.047445,-1.150248,12
139.600000,698,1747,-2.8427,-1.9009,0.3000,0.039176,-0.042924,-0.005366,0.058114,-0.831018,12
139.800000,699,1748,-2.5427,-1.9009,0.3000,0.041071,-0.042176,-0.030615,0.058870,-0.798671,12
140.000000,700,1749,-2.2427,-1.9009,0.3000,0.040381,-0.046969,-0.050226,0.061941,-0.860676,12
140.200000,701,1750,-1.9427,-1.9009,0.3000,0.033953,-0.056127,-0.062791,0.065598,-1.026758,12
140.400000,702,1751,-1.6427,-1.9009,0.3000,0.020006,-0.130380,-0.067937,0.131906,-1.418540,12
140.600000,703,1752,-1.4306,-2.1130,0.3000,0.041967,-0.380250,-0.054213,0.382559,-1.460874,12
140.800000,704,1753,-1.2185,-2.3251,0.3000,0.042829,-0.549070,-0.029121,0.550738,-1.492951,12
141.000000,705,1754,-1.0063,-2.5373,0.3000,0.011230,-0.355660,0.001231,0.355837,-1.539232,12
141.200000,706,1755,-0.7942,-2.7494,0.3000,-0.013029,-0.072912,-0.008595,0.074067,-1.747625,12
141.400000,707,1756,-0.5821,-2.9615,0.3000,-0.014856,-0.002868,-0.003814,0.015130,-2.950905,12
141.600000,708,1757,-0.4427,-3.1009,0.3000,-0.010449,0.001608,0.002389,0.010572,2.988891,12
141.800000,709,1758,-0.4427,-3.1009,0.3000,-0.019061,0.005809,0.014290,0.019926,2.845795,12
142.000000,710,1759,-0.4427,-3.1009,0.3000,-0.019061,0.005809,0.014290,0.019926,2.845795,12
142.200000,711,1760,-0.4427,-3.1009,0.3000,-0.018332,0.002226,-0.018272,0.018467,3.020752,12
142.400000,712,1761,-0.4427,-3.1009,0.3000,-0.018332,0.002226,-0.018272,0.018467,3.020752,12
142.600000,713,1762,-0.4427,-3.1009,0.3000,-0.018627,-0.011853,-0.008016,0.022078,-2.574884,12
142.800000,714,1763,-0.4427,-3.1009,0.3000,-0.018627,-0.011853,-0.008016,0.022078,-2.574884,12
143.000000,715,1764,-0.4427,-3.1009,0.3000,-0.016290,-0.002831,-0.000857,0.016534,-2.969500,12
143.200000,716,1765,-0.4427,-3.1009,0.3000,-0.016290,-0.002831,-0.000857,0.016534,-2.969500,12
143.400000,717,1766,-0.4427,-3.1009,0.3000,-0.009779,0.010499,0.002608,0.014348,2.320728,12
143.600000,718,1767,-0.4427,-3.1009,0.3000,-0.009779,0.010499,0.002608,0.014348,2.320728,12
143.800000,719,1768,-0.4427,-3.1009,0.3000,-0.009937,-0.003185,0.005989,0.010435,-2.831373,12
144.000000,720,1769,-0.4427,-3.1009,0.3000,-0.009937,-0.003185,0.005989,0.010435,-2.831373,12
144.200000,721,1770,-0.4427,-3.1009,0.3000,-0.015052,-0.002113,0.005913,0.015200,-3.002131,12
144.400000,722,1771,-0.4427,-3.1009,0.3000,-0.015052,-0.002113,0.005913,0.015200,-3.002131,12
144.600000,723,1772,-0.4427,-3.1009,0.3000,-0.010909,-0.002699,0.003999,0.011238,-2.899035,12
144.800000,724,1773,-0.4427,-3.1009,0.3000,-0.010909,-0.002699,0.003999,0.011238,-2.899035,12
145.000000,725,1774,-0.4427,-3.1009,0.3000,-0.022379,0.005381,0.012067,0.023017,2.905602,12
145.200000,726,1775,-0.4427,-3.1009,0.3000,-0.022379,0.005381,0.012067,0.023017,2.905602,12
145.400000,727,1776,-0.4427,-3.1009,0.3000,-0.010449,0.001608,0.002389,0.010572,2.988891,12
145.600000,728,1777,-0.4427,-3.1009,0.3000,-0.010449,0.001608,0.002389,0.010572,2.988891,12
145.800000,729,1778,-0.4427,-3.1009,0.3000,-0.019061,0.005809,0.014290,0.019926,2.845795,12
146.000000,730,1779,-0.4427,-3.1009,0.3000,-0.019061,0.005809,0.014290,0.019926,2.845795,12
146.200000,731,1780,-0.4427,-3.1009,0.3000,-0.018332,0.002226,-0.018272,0.018467,3.020752,12
146.400000,732,1781,-0.4427,-3.1009,0.3000,-0.018332,0.002226,-0.018272,0.018467,3.020752,12
146.600000,733,1782,-0.4427,-3.1009,0.3000,-0.018627,-0.011853,-0.008016,0.022078,-2.574884,12
146.800000,734,1783,-0.4427,-3.1009,0.3000,-0.018627,-0.011853,-0.008016,0.022078,-2.574884,12
147.000000,735,1784,-0.4427,-3.1009,0.3000,-0.016290,-0.002831,-0.000857,0.016534,-2.969500,12
147.200000,736,1785,-0.4427,-3.1009,0.3000,-0.016290,-0.002831,-0.000857,0.016534,-2.969500,12
147.400000,737,1786,-0.4427,-3.1009,0.3000,-0.009779,0.010499,0.002608,0.014348,2.320728,12
147.600000,738,1787,-0.4427,-3.1009,0.3000,-0.009779,0.010499,0.002608,0.014348,2.320728,12
147.800000,739,1788,-0.4427,-3.1009,0.3000,-0.009937,-0.003185,0.005989,0.010435,-2.831373,12
148.000000,740,1789,-0.4427,-3.1009,0.3000,-0.009937,-0.003185,0.005989,0.010435,-2.831373,12
148.200000,741,1790,-0.4427,-3.1009,0.3000,-0.015052,-0.002113,0.005913,0.015200,-3.002131,12
148.400000,742,1791,-0.4427,-3.1009,0.3000,-0.015052,-0.002113,0.005913,0.015200,-3.002131,12
148.600000,743,1792,-0.4427,-3.1009,0.3000,-0.010909,-0.002699,0.003999,0.011238,-2.899035,12
148.800000,744,1793,-0.4427,-3.1009,0.3000,-0.010909,-0.002699,0.003999,0.011238,-2.899035,12
149.000000,745,1794,-0.4427,-3.1009,0.3000,-0.022379,0.005381,0.012067,0.023017,2.905602,12
149.200000,746,1795,-0.4427,-3.1009,0.3000,-0.022379,0.005381,0.012067,0.023017,2.905602,12
149.400000,747,1796,-0.4427,-3.1009,0.3000,-0.010449,0.001608,0.002389,0.010572,2.988891,12
149.600000,748,1797,-0.4427,-3.1009,0.3000,-0.010449,0.001608,0.002389,0.010572,2.988891,12
149.800000,749,1798,-0.4427,-3.1009,0.3000,-0.019061,0.005809,0.014290,0.019926,2.845795,12
150.000000,750,1799,-0.4427,-3.1009,0.3000,-0.019061,0.005809,0.014290,0.019926,2.845795,12
150.200000,751,1800,-0.4427,-3.1009,0.3000,-0.018332,0.002226,-0.018272,0.018467,3.020752,12
150.400000,752,1801,-0.4427,-3.1009,0.3000,-0.018332,0.002226,-0.018272,0.018467,3.020752,12
150.600000,753,1802,-0.4427,-3.1009,0.3000,-0.018627,-0.011853,-0.008016,0.022078,-2.574884,12
150.800000,754,1803,-0.4427,-3.1009,0.3000,-0.018627,-0.011853,-0.008016,0.022078,-2.574884,12
151.000000,755,1804,-0.4427,-3.1009,0.3000,-0.016290,-0.002831,-0.000857,0.016534,-2.969500,12
151.200000,756,1805,-0.4427,-3.1009,0.3000,-0.016290,-0.002831,-0.000857,0.016534,-2.969500,12
151.400000,757,1806,-0.4427,-3.1009,0.3000,-0.009779,0.010499,0.002608,0.014348,2.320728,12
151.600000,758,1807,-0.4427,-3.1009,0.3000,-0.009779,0.010499,0.002608,0.014348,2.320728,12
151.800000,759,1808,-0.4427,-3.1009,0.3000,-0.009937,-0.003185,0.005989,0.010435,-2.831373,12
152.000000,760,1809,-0.4427,-3.1009,0.3000,-0.009937,-0.003185,0.005989,0.010435,-2.831373,12
152.200000,761,1810,-0.4427,-3.1009,0.3000,-0.015052,-0.002113,0.005913,0.015200,-3.002131,12
152.400000,762,1811,-0.4427,-3.1009,0.3000,-0.015052,-0.002113,0.005913,0.015200,-3.002131,12
152.600000,763,1812,-0.4427,-3.1009,0.3000,-0.010909,-0.002699,0.003999,0.011238,-2.899035,12
152.800000,764,1813,-0.4427,-3.1009,0.3000,-0.010909,-0.002699,0.003999,0.011238,-2.899035,12
153.000000,765,1814,-0.4427,-3.1009,0.3000,-0.022379,0.005381,0.012067,0.023017,2.905602,12
153.200000,766,1815,-0.4427,-3.1009,0.3000,-0.022379,0.005381,0.012067,0.023017,2.905602,12
153.400000,767,1816,-0.4427,-3.1009,0.3000,-0.010449,0.001608,0.002389,0.010572,2.988891,12
153.600000,768,1817,-0.4427,-3.1009,0.3000,-0.010449,0.001608,0.002389,0.010572,2.988891,12
153.800000,769,1818,-0.4427,-3.1009,0.3000,-0.019061,0.005809,0.014290,0.019926,2.845795,12
154.000000,770,1819,-0.4427,-3.1009,0.3000,-0.019061,0.005809,0.014290,0.019926,2.845795,12
154.200000,771,1820,-0.4427,-3.1009,0.3000,-0.018332,0.002226,-0.018272,0.018467,3.020752,12
154.400000,772,1821,-0.4427,-3.1009,0.3000,-0.018332,0.002226,-0.018272,0.018467,3.020752,12
154.600000,773,1822,-0.4427,-3.1009,0.3000,-0.018627,-0.011853,-0.008016,0.022078,-2.574884,12
154.800000,774,1823,-0.4427,-3.1009,0.3000,-0.018627,-0.011853,-0.008016,0.022078,-2.574884,12
155.000000,775,1824,-0.4427,-3.1009,0.3000,-0.016290,-0.002831,-0.000857,0.016534,-2.969500,12
155.200000,776,1825,-0.4427,-3.1009,0.3000,-0.016290,-0.002831,-0.000857,0.016534,-2.969500,12
155.400000,777,1826,-0.4427,-3.1009,0.3000,-0.009779,0.010499,0.002608,0.014348,2.320728,12
155.600000,778,1827,-0.4427,-3.1009,0.3000,-0.009779,0.010499,0.002608,0.014348,2.320728,12
155.800000,779,1828,-0.4427,-3.1009,0.3000,-0.009937,-0.003185,0.005989,0.010435,-2.831373,12
156.000000,780,1829,-0.4427,-3.1009,0.3000,-0.009937,-0.003185,0.005989,0.010435,-2.831373,12
156.200000,781,1830,-0.4427,-3.1009,0.3000,-0.015052,-0.002113,0.005913,0.015200,-3.002131,12
156.400000,782,1831,-0.4427,-3.1009,0.3000,-0.015052,-0.002113,0.005913,0.015200,-3.002131,12
156.600000,783,1832,-0.4427,-3.1009,0.3000,-0.010909,-0.002699,0.003999,0.011238,-2.899035,12
156.800000,784,1833,-0.4427,-3.1009,0.3000,-0.010909,-0.002699,0.003999,0.011238,-2.899035,12
157.000000,785,1834,-0.4427,-3.1009,0.3000,-0.022379,0.005381,0.012067,0.023017,2.905602,12
157.200000,786,1835,-0.4427,-3.1009,0.3000,-0.022379,0.005381,0.012067,0.023017,2.905602,12
157.400000,787,1836,-0.4427,-3.1009,0.3000,-0.010449,0.001608,0.002389,0.010572,2.988891,12
157.600000,788,1837,-0.4427,-3.1009,0.3000,-0.010449,0.001608,0.002389,0.010572,2.988891,12
157.800000,789,1838,-0.7427,-3.1009,0.3000,-0.017224,-0.028643,0.012281,0.033423,-2.112196,12
158.000000,790,1839,-1.0427,-3.1009,0.3000,-0.026389,-0.317190,-0.001897,0.318286,-1.653801,12
158.200000,791,1840,-1.3427,-3.1009,0.3000,-0.089142,-0.376780,-0.011075,0.387181,-1.803114,12
158.400000,792,1841,-1.3427,-3.1009,0.3000,-0.089142,-0.376780,-0.011075,0.387181,-1.803114,12
158.600000,793,1842,-1.3427,-3.1009,0.3000,-0.033703,-0.404880,-0.005341,0.406280,-1.653847,12
158.800000,794,1843,-1.3427,-3.1009,0.3000,-0.033703,-0.404880,-0.005341,0.406280,-1.653847,12
159.000000,795,1844,-1.3427,-3.1009,0.3000,-0.038978,-0.437500,-0.022414,0.439233,-1.659654,12
159.200000,796,1845,-1.3427,-3.1009,0.3000,-0.038978,-0.437500,-0.022414,0.439233,-1.659654,12
159.400000,797,1846,-1.3427,-3.1009,0.3000,-0.040298,-0.437900,-0.033652,0.439750,-1.662563,12
159.600000,798,1847,-1.3427,-3.1009,0.3000,-0.040298,-0.437900,-0.033652,0.439750,-1.662563,12
159.800000,799,1848,-1.3427,-3.1009,0.3000,-0.041058,-0.442890,-0.029259,0.444789,-1.663237,12
160.000000,800,1849,-1.3427,-3.1009,0.3000,-0.041058,-0.442890,-0.029259,0.444789,-1.663237,12
160.200000,801,1850,-1.3427,-3.1009,0.3000,-0.042923,-0.452880,-0.030215,0.454910,-1.665292,12
160.400000,802,1851,-1.3427,-3.1009,0.3000,-0.042923,-0.452880,-0.030215,0.454910,-1.665292,12
160.600000,803,1852,-1.3427,-3.1009,0.3000,-0.041497,-0.451780,-0.032282,0.453682,-1.662392,12
160.800000,804,1853,-1.3427,-3.1009,0.3000,-0.041497,-0.451780,-0.032282,0.453682,-1.662392,12
161.000000,805,1854,-1.3427,-3.1009,0.3000,-0.042053,-0.450960,-0.032549,0.452917,-1.663780,12
161.200000,806,1855,-1.3427,-3.1009,0.3000,-0.042053,-0.450960,-0.032549,0.452917,-1.663780,12
161.400000,807,1856,-1.3427,-3.1009,0.3000,-0.041125,-0.445820,-0.033329,0.447713,-1.662782,12
161.600000,808,1857,-1.3427,-3.1009,0.3000,-0.041125,-0.445820,-0.033329,0.447713,-1.662782,12
161.800000,809,1858,-1.3427,-3.1009,0.3000,-0.041919,-0.446950,-0.032779,0.448911,-1.664312,12
162.000000,810,1859,-1.3427,-3.1009,0.3000,-0.041919,-0.446950,-0.032779,0.448911,-1.664312,12
162.200000,811,1860,-1.3427,-3.1009,0.3000,-0.089142,-0.376780,-0.011075,0.387181,-1.803114,12
162.400000,812,1861,-1.3427,-3.1009,0.3000,-0.089142,-0.376780,-0.011075,0.387181,-1.803114,12
162.600000,813,1862,-1.3427,-3.1009,0.3000,-0.033703,-0.404880,-0.005341,0.406280,-1.653847,12
162.800000,814,1863,-1.3427,-3.1009,0.3000,-0.033703,-0.404880,-0.005341,0.406280,-1.653847,12
163.000000,815,1864,-1.3427,-3.1009,0.3000,-0.038978,-0.437500,-0.022414,0.439233,-1.659654,12
163.200000,816,1865,-1.3427,-3.1009,0.3000,-0.038978,-0.437500,-0.022414,0.439233,-1.659654,12
163.400000,817,1866,-1.3427,-3.1009,0.3000,-0.040298,-0.437900,-0.033652,0.439750,-1.662563,12
163.600000,818,1867,-1.3427,-3.1009,0.3000,-0.040298,-0.437900,-0.033652,0.439750,-1.662563,12
163.800000,819,1868,-1.3427,-3.1009,0.3000,-0.041058,-0.442890,-0.029259,0.444789,-1.663237,12
164.000000,820,1869,-1.3427,-3.1009,0.3000,-0.041058,-0.442890,-0.029259,0.444789,-1.663237,12
164.200000,821,1870,-1.3427,-3.1009,0.3000,-0.042923,-0.452880,-0.030215,0.454910,-1.665292,12
164.400000,822,1871,-1.3427,-3.1009,0.3000,-0.042923,-0.452880,-0.030215,0.454910,-1.665292,12
164.600000,823,1872,-1.3427,-3.1009,0.3000,-0.041497,-0.451780,-0.032282,0.453682,-1.662392,12
164.800000,824,1873,-1.3427,-3.1009,0.3000,-0.041497,-0.451780,-0.032282,0.453682,-1.662392,12
165.000000,825,1874,-1.3427,-3.1009,0.3000,-0.042053,-0.450960,-0.032549,0.452917,-1.663780,12
165.200000,826,1875,-1.3427,-3.1009,0.3000,-0.042053,-0.450960,-0.032549,0.452917,-1.663780,12
165.400000,827,1876,-1.3427,-3.1009,0.3000,-0.041125,-0.445820,-0.033329,0.447713,-1.662782,12
165.600000,828,1877,-1.3427,-3.1009,0.3000,-0.041125,-0.445820,-0.033329,0.447713,-1.662782,12
165.800000,829,1878,-1.3427,-3.1009,0.3000,-0.041919,-0.446950,-0.032779,0.448911,-1.664312,12
166.000000,830,1879,-1.3427,-3.1009,0.3000,-0.041919,-0.446950,-0.032779,0.448911,-1.664312,12
166.200000,831,1880,-1.3427,-3.1009,0.3000,-0.089142,-0.376780,-0.011075,0.387181,-1.803114,12
166.400000,832,1881,-1.3427,-3.1009,0.3000,-0.089142,-0.376780,-0.011075,0.387181,-1.803114,12
166.600000,833,1882,-1.3427,-3.1009,0.3000,-0.033703,-0.404880,-0.005341,0.406280,-1.653847,12
166.800000,834,1883,-1.3427,-3.1009,0.3000,-0.033703,-0.404880,-0.005341,0.406280,-1.653847,12
167.000000,835,1884,-1.3427,-3.1009,0.3000,-0.038978,-0.437500,-0.022414,0.439233,-1.659654,12
167.200000,836,1885,-1.3427,-3.1009,0.3000,-0.038978,-0.437500,-0.022414,0.439233,-1.659654,12
167.400000,837,1886,-1.3427,-3.1009,0.3000,-0.040298,-0.437900,-0.033652,0.439750,-1.662563,12
167.600000,838,1887,-1.3427,-3.1009,0.3000,-0.040298,-0.437900,-0.033652,0.439750,-1.662563,12
167.800000,839,1888,-1.3427,-3.1009,0.3000,-0.041058,-0.442890,-0.029259,0.444789,-1.663237,12
168.000000,840,1889,-1.3427,-3.1009,0.3000,-0.041058,-0.442890,-0.029259,0.444789,-1.663237,12
168.200000,841,1890,-1.3427,-3.1009,0.3000,-0.042923,-0.452880,-0.030215,0.454910,-1.665292,12
168.400000,842,1891,-1.3427,-3.1009,0.3000,-0.042923,-0.452880,-0.030215,0.454910,-1.665292,12
168.600000,843,1892,-1.3427,-3.1009,0.3000,-0.041497,-0.451780,-0.032282,0.453682,-1.662392,12
168.800000,844,1893,-1.3427,-3.1009,0.3000,-0.041497,-0.451780,-0.032282,0.453682,-1.662392,12
169.000000,845,1894,-1.3427,-3.1009,0.3000,-0.042053,-0.450960,-0.032549,0.452917,-1.663780,12
169.200000,846,1895,-1.3427,-3.1009,0.3000,-0.042053,-0.450960,-0.032549,0.452917,-1.663780,12
169.400000,847,1896,-1.3427,-3.1009,0.3000,-0.041125,-0.445820,-0.033329,0.447713,-1.662782,12
169.600000,848,1897,-1.3427,-3.1009,0.3000,-0.041125,-0.445820,-0.033329,0.447713,-1.662782,12
169.800000,849,1898,-1.3427,-3.1009,0.3000,-0.041919,-0.446950,-0.032779,0.448911,-1.664312,12
170.000000,850,1899,-1.3427,-3.1009,0.3000,-0.041919,-0.446950,-0.032779,0.448911,-1.664312,12
170.200000,851,1900,-1.3427,-3.1009,0.3000,-0.089142,-0.376780,-0.011075,0.387181,-1.803114,12
170.400000,852,1901,-1.3427,-3.1009,0.3000,-0.089142,-0.376780,-0.011075,0.387181,-1.803114,12
170.600000,853,1902,-1.3427,-3.1009,0.3000,-0.033703,-0.404880,-0.005341,0.406280,-1.653847,12
170.800000,854,1903,-1.3427,-3.1009,0.3000,-0.033703,-0.404880,-0.005341,0.406280,-1.653847,12
171.000000,855,1904,-1.3427,-3.1009,0.3000,-0.038978,-0.437500,-0.022414,0.439233,-1.659654,12
171.200000,856,1905,-1.3427,-3.1009,0.3000,-0.038978,-0.437500,-0.022414,0.439233,-1.659654,12
171.400000,857,1906,-1.3427,-3.1009,0.3000,-0.040298,-0.437900,-0.033652,0.439750,-1.662563,12
171.600000,858,1907,-1.3427,-3.1009,0.3000,-0.040298,-0.437900,-0.033652,0.439750,-1.662563,12
171.800000,859,1908,-1.3427,-3.1009,0.3000,-0.041058,-0.442890,-0.029259,0.444789,-1.663237,12
172.000000,860,1909,-1.3427,-3.1009,0.3000,-0.041058,-0.442890,-0.029259,0.444789,-1.663237,12
172.200000,861,1910,-1.3427,-3.1009,0.3000,-0.042923,-0.452880,-0.030215,0.454910,-1.665292,12
172.400000,862,1911,-1.3427,-3.1009,0.3000,-0.042923,-0.452880,-0.030215,0.454910,-1.665292,12
172.600000,863,1912,-1.3427,-3.1009,0.3000,-0.041497,-0.451780,-0.032282,0.453682,-1.662392,12
172.800000,864,1913,-1.3427,-3.1009,0.3000,-0.041497,-0.451780,-0.032282,0.453682,-1.662392,12
173.000000,865,1914,-1.3427,-3.1009,0.3000,-0.042053,-0.450960,-0.032549,0.452917,-1.663780,12
173.200000,866,1915,-1.3427,-3.1009,0.3000,-0.042053,-0.450960,-0.032549,0.452917,-1.663780,12
173.400000,867,1916,-1.3427,-3.1009,0.3000,-0.041125,-0.445820,-0.033329,0.447713,-1.662782,12
173.600000,868,1917,-1.3427,-3.1009,0.3000,-0.041125,-0.445820,-0.033329,0.447713,-1.662782,12
173.800000,869,1918,-1.3427,-3.1009,0.3000,-0.041919,-0.446950,-0.032779,0.448911,-1.664312,12
174.000000,870,1919,-1.3427,-3.1009,0.3000,-0.041919,-0.446950,-0.032779,0.448911,-1.664312,12
174.200000,871,1920,-1.3427,-3.1009,0.3000,-0.089142,-0.376780,-0.011075,0.387181,-1.803114,12
174.400000,872,1921,-1.3427,-3.1009,0.3000,-0.089142,-0.376780,-0.011075,0.387181,-1.803114,12
174.600000,873,1922,-1.3427,-3.1009,0.3000,-0.033703,-0.404880,-0.005341,0.406280,-1.653847,12
174.800000,874,1923,-1.3427,-3.1009,0.3000,-0.033703,-0.404880,-0.005341,0.406280,-1.653847,12
175.000000,875,1924,-1.3427,-3.1009,0.3000,-0.038978,-0.437500,-0.022414,0.439233,-1.659654,12
175.200000,876,1925,-1.3427,-3.1009,0.3000,-0.038978,-0.437500,-0.022414,0.439233,-1.659654,12
175.400000,877,1926,-1.6427,-3.1009,0.3000,-0.003094,-0.133340,-0.046678,0.133376,-1.593993,12
175.600000,878,1927,-1.9427,-3.1009,0.3000,0.010033,-0.048996,-0.037279,0.050013,-1.368817,12
175.800000,879,1928,-2.2427,-3.1009,0.3000,0.002394,-0.029221,-0.019182,0.029319,-1.489048,12
176.000000,880,1929,-2.5427,-3.1009,0.3000,-0.007837,-0.020230,-0.003520,0.021695,-1.940376,12
176.200000,881,1930,-2.8427,-3.1009,0.3000,-0.015184,-0.025859,0.008256,0.029987,-2.101739,12
176.400000,882,1931,-3.1427,-3.1009,0.3000,-0.036662,-0.025407,0.017562,0.044605,-2.535576,12
176.600000,883,1932,-3.3549,-3.3130,0.3000,-0.072079,-0.007535,0.003932,0.072472,-3.037426,12
176.800000,884,1933,-3.4427,-3.4009,0.3000,-0.075164,-0.004789,-0.007243,0.075316,-3.077966,12
177.000000,885,1934,-3.4427,-3.4009,0.3000,-0.074493,-0.005441,-0.007525,0.074691,-3.068682,12
177.200000,886,1935,-3.4427,-3.4009,0.3000,-0.074493,-0.005441,-0.007525,0.074691,-3.068682,12
177.400000,887,1936,-3.4427,-3.4009,0.3000,-0.075642,-0.002633,-0.007294,0.075688,-3.106791,12
177.600000,888,1937,-3.4427,-3.4009,0.3000,-0.075642,-0.002633,-0.007294,0.075688,-3.106791,12
177.800000,889,1938,-3.4427,-3.4009,0.3000,-0.075748,-0.003905,-0.006596,0.075849,-3.090092,12
178.000000,890,1939,-3.4427,-3.4009,0.3000,-0.075748,-0.003905,-0.006596,0.075849,-3.090092,12
178.200000,891,1940,-3.4427,-3.4009,0.3000,0.008218,0.004863,-0.002698,0.009549,0.534301,12
178.400000,892,1941,-3.4427,-3.4009,0.3000,0.008218,0.004863,-0.002698,0.009549,0.534301,12
178.600000,893,1942,-3.4427,-3.4009,0.3000,-0.029177,0.013164,-0.000487,0.032009,2.717760,12
178.800000,894,1943,-3.4427,-3.4009,0.3000,-0.029177,0.013164,-0.000487,0.032009,2.717760,12
179.000000,895,1944,-3.4427,-3.4009,0.3000,-0.047763,-0.001319,-0.026924,0.047781,-3.113978,12
179.200000,896,1945,-3.4427,-3.4009,0.3000,-0.047763,-0.001319,-0.026924,0.047781,-3.113978,12
179.400000,897,1946,-3.4427,-3.4009,0.3000,-0.054776,-0.015115,-0.013066,0.056823,-2.872351,12
179.600000,898,1947,-3.4427,-3.4009,0.3000,-0.054776,-0.015115,-0.013066,0.056823,-2.872351,12
179.800000,899,1948,-3.4427,-3.4009,0.3000,-0.075175,-0.000085,-0.005723,0.075175,-3.140460,12
180.000000,900,1949,-3.4427,-3.4009,0.3000,-0.075175,-0.000085,-0.005723,0.075175,-3.140460,12
180.200000,901,1950,-3.4427,-3.4009,0.3000,-0.075704,-0.005099,-0.006444,0.075876,-3.074335,12
180.400000,902,1951,-3.4427,-3.4009,0.3000,-0.075704,-0.005099,-0.006444,0.075876,-3.074335,12
180.600000,903,1952,-3.4427,-3.4009,0.3000,-0.075164,-0.004789,-0.007243,0.075316,-3.077966,12
180.800000,904,1953,-3.4427,-3.4009,0.3000,-0.075164,-0.004789,-0.007243,0.075316,-3.077966,12
181.000000,905,1954,-3.4427,-3.4009,0.3000,-0.074493,-0.005441,-0.007525,0.074691,-3.068682,12
181.200000,906,1955,-3.4427,-3.4009,0.3000,-0.074493,-0.005441,-0.007525,0.074691,-3.068682,12
181.400000,907,1956,-3.4427,-3.4009,0.3000,-0.075642,-0.002633,-0.007294,0.075688,-3.106791,12
181.600000,908,1957,-3.4427,-3.4009,0.3000,-0.075642,-0.002633,-0.007294,0.075688,-3.106791,12
181.800000,909,1958,-3.4427,-3.4009,0.3000,-0.075748,-0.003905,-0.006596,0.075849,-3.090092,12
182.000000,910,1959,-3.4427,-3.4009,0.3000,-0.075748,-0.003905,-0.006596,0.075849,-3.090092,12
182.200000,911,1960,-3.4427,-3.4009,0.3000,0.008218,0.004863,-0.002698,0.009549,0.534301,12
182.400000,912,1961,-3.4427,-3.4009,0.3000,0.008218,0.004863,-0.002698,0.009549,0.534301,12
182.600000,913,1962,-3.4427,-3.4009,0.3000,-0.029177,0.013164,-0.000487,0.032009,2.717760,12
182.800000,914,1963,-3.4427,-3.4009,0.3000,-0.029177,0.013164,-0.000487,0.032009,2.717760,12
183.000000,915,1964,-3.4427,-3.4009,0.3000,-0.047763,-0.001319,-0.026924,0.047781,-3.113978,12
183.200000,916,1965,-3.4427,-3.4009,0.3000,-0.047763,-0.001319,-0.026924,0.047781,-3.113978,12
183.400000,917,1966,-3.4427,-3.4009,0.3000,-0.054776,-0.015115,-0.013066,0.056823,-2.872351,12
183.600000,918,1967,-3.4427,-3.4009,0.3000,-0.054776,-0.015115,-0.013066,0.056823,-2.872351,12
183.800000,919,1968,-3.4427,-3.4009,0.3000,-0.075175,-0.000085,-0.005723,0.075175,-3.140460,12
184.000000,920,1969,-3.4427,-3.4009,0.3000,-0.075175,-0.000085,-0.005723,0.075175,-3.140460,12
184.200000,921,1970,-3.4427,-3.4009,0.3000,-0.075704,-0.005099,-0.006444,0.075876,-3.074335,12
184.400000,922,1971,-3.4427,-3.4009,0.3000,-0.075704,-0.005099,-0.006444,0.075876,-3.074335,12
184.600000,923,1972,-3.4427,-3.4009,0.3000,-0.075164,-0.004789,-0.007243,0.075316,-3.077966,12
184.800000,924,1973,-3.4427,-3.4009,0.3000,-0.075164,-0.004789,-0.007243,0.075316,-3.077966,12
185.000000,925,1974,-3.4427,-3.4009,0.3000,-0.074493,-0.005441,-0.007525,0.074691,-3.068682,12
185.200000,926,1975,-3.4427,-3.4009,0.3000,-0.074493,-0.005441,-0.007525,0.074691,-3.068682,12
185.400000,927,1976,-3.4427,-3.4009,0.3000,-0.075642,-0.002633,-0.007294,0.075688,-3.106791,12
185.600000,928,1977,-3.4427,-3.4009,0.3000,-0.075642,-0.002633,-0.007294,0.075688,-3.106791,12
185.800000,929,1978,-3.4427,-3.4009,0.3000,-0.075748,-0.003905,-0.006596,0.075849,-3.090092,12
186.000000,930,1979,-3.4427,-3.4009,0.3000,-0.075748,-0.003905,-0.006596,0.075849,-3.090092,12
186.200000,931,1980,-3.4427,-3.4009,0.3000,0.008218,0.004863,-0.002698,0.009549,0.534301,12
186.400000,932,1981,-3.4427,-3.4009,0.3000,0.008218,0.004863,-0.002698,0.009549,0.534301,12
186.600000,933,1982,-3.4427,-3.4009,0.3000,-0.029177,0.013164,-0.000487,0.032009,2.717760,12
186.800000,934,1983,-3.4427,-3.4009,0.3000,-0.029177,0.013164,-0.000487,0.032009,2.717760,12
187.000000,935,1984,-3.4427,-3.4009,0.3000,-0.047763,-0.001319,-0.026924,0.047781,-3.113978,12
187.200000,936,1985,-3.4427,-3.4009,0.3000,-0.047763,-0.001319,-0.026924,0.047781,-3.113978,12
187.400000,937,1986,-3.4427,-3.4009,0.3000,-0.054776,-0.015115,-0.013066,0.056823,-2.872351,12
187.600000,938,1987,-3.4427,-3.4009,0.3000,-0.054776,-0.015115,-0.013066,0.056823,-2.872351,12
187.800000,939,1988,-3.4427,-3.4009,0.3000,-0.075175,-0.000085,-0.005723,0.075175,-3.140460,12
188.000000,940,1989,-3.4427,-3.4009,0.3000,-0.075175,-0.000085,-0.005723,0.075175,-3.140460,12
188.200000,941,1990,-3.4427,-3.4009,0.3000,-0.075704,-0.005099,-0.006444,0.075876,-3.074335,12
188.400000,942,1991,-3.4427,-3.4009,0.3000,-0.075704,-0.005099,-0.006444,0.075876,-3.074335,12
188.600000,943,1992,-3.4427,-3.4009,0.3000,-0.075164,-0.004789,-0.007243,0.075316,-3.077966,12
188.800000,944,1993,-3.4427,-3.4009,0.3000,-0.075164,-0.004789,-0.007243,0.075316,-3.077966,12
189.000000,945,1994,-3.4427,-3.4009,0.3000,-0.074493,-0.005441,-0.007525,0.074691,-3.068682,12
189.200000,946,1995,-3.4427,-3.4009,0.3000,-0.074493,-0.005441,-0.007525,0.074691,-3.068682,12
189.400000,947,1996,-3.4427,-3.4009,0.3000,-0.075642,-0.002633,-0.007294,0.075688,-3.106791,12
189.600000,948,1997,-3.4427,-3.4009,0.3000,-0.075642,-0.002633,-0.007294,0.075688,-3.106791,12
189.800000,949,0,-3.4427,-3.4009,0.3000,-0.004799,0.004146,0.000293,0.006342,2.429088,12
190.000000,950,1,-3.4427,-3.4009,0.3000,-0.004799,0.004146,0.000293,0.006342,2.429088,12
190.200000,951,2,-3.4427,-3.4009,0.3000,0.008218,0.004863,-0.002698,0.009549,0.534301,12
190.400000,952,3,-3.4427,-3.4009,0.3000,0.008218,0.004863,-0.002698,0.009549,0.534301,12
190.600000,953,4,-3.4427,-3.4009,0.3000,0.008218,0.004863,-0.002698,0.009549,0.534301,12
190.800000,954,5,-3.4427,-3.4009,0.3000,-0.029177,0.013164,-0.000487,0.032009,2.717760,12
191.000000,955,6,-3.4427,-3.4009,0.3000,-0.029177,0.013164,-0.000487,0.032009,2.717760,12
191.200000,956,7,-3.4427,-3.4009,0.3000,-0.047763,-0.001319,-0.026924,0.047781,-3.113978,12
191.400000,957,8,-3.4427,-3.4009,0.3000,-0.047763,-0.001319,-0.026924,0.047781,-3.113978,12
191.600000,958,9,-3.4427,-3.4009,0.3000,-0.054776,-0.015115,-0.013066,0.056823,-2.872351,12
191.800000,959,10,-3.4427,-3.4009,0.3000,-0.054776,-0.015115,-0.013066,0.056823,-2.872351,12
192.000000,960,11,-3.4427,-3.4009,0.3000,-0.075175,-0.000085,-0.005723,0.075175,-3.140460,12
192.200000,961,12,-3.4427,-3.4009,0.3000,-0.075175,-0.000085,-0.005723,0.075175,-3.140460,12
192.400000,962,13,-3.4427,-3.4009,0.3000,-0.075704,-0.005099,-0.006444,0.075876,-3.074335,12
192.600000,963,14,-3.4427,-3.4009,0.3000,-0.075704,-0.005099,-0.006444,0.075876,-3.074335,12
192.800000,964,15,-3.4427,-3.4009,0.3000,-0.075164,-0.004789,-0.007243,0.075316,-3.077966,12
193.000000,965,16,-3.4427,-3.1009,0.3000,-0.063386,-0.013222,0.017853,0.064750,-2.935947,12
193.200000,966,17,-3.6549,-2.8887,0.3000,-0.061553,-0.011394,0.029107,0.062599,-2.958556,12
193.400000,967,18,-3.8670,-2.6766,0.3000,-0.059279,-0.001394,0.036656,0.059295,-3.118088,12
193.600000,968,19,-4.0427,-2.5009,0.3000,-0.054946,0.016330,0.040377,0.057321,2.852706,12
193.800000,969,20,-4.0427,-2.5009,0.3000,-0.054946,0.016330,0.040377,0.057321,2.852706,12
194.000000,970,21,-4.0427,-2.5009,0.3000,-0.054946,0.016330,0.040377,0.057321,2.852706,12
194.200000,971,22,-4.0427,-2.5009,0.3000,-0.053611,0.017499,0.040124,0.056395,2.826089,12
194.400000,972,23,-4.0427,-2.5009,0.3000,-0.053611,0.017499,0.040124,0.056395,2.826089,12
194.600000,973,24,-4.0427,-2.5009,0.3000,0.011589,0.005715,0.000116,0.012922,0.458172,12
194.800000,974,25,-4.0427,-2.5009,0.3000,0.011589,0.005715,0.000116,0.012922,0.458172,12
195.000000,975,26,-4.0427,-2.5009,0.3000,0.021318,0.020534,0.013425,0.029599,0.766668,12
195.200000,976,27,-4.0427,-2.5009,0.3000,0.021318,0.020534,0.013425,0.029599,0.766668,12
195.400000,977,28,-4.0427,-2.5009,0.3000,0.003922,0.000176,0.015469,0.003926,0.044879,12
195.600000,978,29,-4.0427,-2.5009,0.3000,0.003922,0.000176,0.015469,0.003926,0.044879,12
195.800000,979,30,-4.0427,-2.5009,0.3000,-0.035693,0.000449,0.026806,0.035696,3.129021,12
196.000000,980,31,-4.0427,-2.5009,0.3000,-0.035693,0.000449,0.026806,0.035696,3.129021,12
196.200000,981,32,-4.0427,-2.5009,0.3000,-0.035693,0.000449,0.026806,0.035696,3.129021,12
196.400000,982,33,-4.0427,-2.5009,0.3000,-0.052036,0.018534,0.037795,0.055238,2.799426,12
196.600000,983,34,-4.0427,-2.5009,0.3000,-0.052036,0.018534,0.037795,0.055238,2.799426,12
196.800000,984,35,-4.0427,-2.5009,0.3000,-0.053090,0.015984,0.038249,0.055444,2.849151,12
197.000000,985,36,-4.0427,-2.5009,0.3000,-0.053090,0.015984,0.038249,0.055444,2.849151,12
197.200000,986,37,-4.0427,-2.5009,0.3000,-0.053687,0.014892,0.039939,0.055714,2.871010,12
197.400000,987,38,-4.0427,-2.5009,0.3000,-0.053687,0.014892,0.039939,0.055714,2.871010,12
197.600000,988,39,-4.0427,-2.5009,0.3000,-0.053912,0.016630,0.039759,0.056419,2.842387,12
197.800000,989,40,-4.0427,-2.5009,0.3000,-0.053912,0.016630,0.039759,0.056419,2.842387,12
198.000000,990,41,-4.0427,-2.5009,0.3000,-0.054946,0.016330,0.040377,0.057321,2.852706,12
198.200000,991,42,-4.0427,-2.5009,0.3000,-0.054946,0.016330,0.040377,0.057321,2.852706,12
198.400000,992,43,-4.0427,-2.5009,0.3000,-0.053611,0.017499,0.040124,0.056395,2.826089,12
198.600000,993,44,-4.0427,-2.5009,0.3000,-0.053611,0.017499,0.040124,0.056395,2.826089,12
198.800000,994,45,-4.0427,-2.5009,0.3000,0.011589,0.005715,0.000116,0.012922,0.458172,12
199.000000,995,46,-4.0427,-2.5009,0.3000,0.011589,0.005715,0.000116,0.012922,0.458172,12
199.200000,996,47,-4.0427,-2.5009,0.3000,0.021318,0.020534,0.013425,0.029599,0.766668,12
199.400000,997,48,-4.0427,-2.5009,0.3000,0.021318,0.020534,0.013425,0.029599,0.766668,12
199.600000,998,49,-4.0427,-2.5009,0.3000,0.003922,0.000176,0.015469,0.003926,0.044879,12
199.800000,999,50,-4.0427,-2.5009,0.3000,0.003922,0.000176,0.015469,0.003926,0.044879,12
200.000000,1000,51,-4.0427,-2.5009,0.3000,-0.035693,0.000449,0.026806,0.035696,3.129021,12
200.200000,1001,52,-4.0427,-2.5009,0.3000,-0.035693,0.000449,0.026806,0.035696,3.129021,12
200.400000,1002,53,-4.0427,-2.5009,0.3000,-0.052036,0.018534,0.037795,0.055238,2.799426,12
200.600000,1003,54,-4.0427,-2.5009,0.3000,-0.052036,0.018534,0.037795,0.055238,2.799426,12
200.800000,1004,55,-4.0427,-2.5009,0.3000,-0.053090,0.015984,0.038249,0.055444,2.849151,12
201.000000,1005,56,-4.0427,-2.5009,0.3000,-0.053090,0.015984,0.038249,0.055444,2.849151,12
201.200000,1006,57,-4.0427,-2.5009,0.3000,-0.053687,0.014892,0.039939,0.055714,2.871010,12
201.400000,1007,58,-4.0427,-2.5009,0.3000,-0.053687,0.014892,0.039939,0.055714,2.871010,12
201.600000,1008,59,-4.0427,-2.5009,0.3000,-0.053912,0.016630,0.039759,0.056419,2.842387,12
201.800000,1009,60,-4.0427,-2.5009,0.3000,-0.053912,0.016630,0.039759,0.056419,2.842387,12
202.000000,1010,61,-4.0427,-2.5009,0.3000,-0.054946,0.016330,0.040377,0.057321,2.852706,12
202.200000,1011,62,-4.0427,-2.5009,0.3000,-0.054946,0.016330,0.040377,0.057321,2.852706,12
202.400000,1012,63,-4.0427,-2.5009,0.3000,-0.053611,0.017499,0.040124,0.056395,2.826089,12
202.600000,1013,64,-4.0427,-2.5009,0.3000,-0.053611,0.017499,0.040124,0.056395,2.826089,12
202.800000,1014,65,-4.0427,-2.5009,0.3000,0.011589,0.005715,0.000116,0.012922,0.458172,12
203.000000,1015,66,-4.0427,-2.5009,0.3000,0.011589,0.005715,0.000116,0.012922,0.458172,12
203.200000,1016,67,-4.0427,-2.5009,0.3000,0.021318,0.020534,0.013425,0.029599,0.766668,12
203.400000,1017,68,-4.0427,-2.5009,0.3000,0.021318,0.020534,0.013425,0.029599,0.766668,12
203.600000,1018,69,-4.0427,-2.5009,0.3000,0.003922,0.000176,0.015469,0.003926,0.044879,12
203.800000,1019,70,-4.0427,-2.5009,0.3000,0.003922,0.000176,0.015469,0.003926,0.044879,12
204.000000,1020,71,-4.0427,-2.5009,0.3000,-0.035693,0.000449,0.026806,0.035696,3.129021,12
204.200000,1021,72,-4.0427,-2.5009,0.3000,-0.035693,0.000449,0.026806,0.035696,3.129021,12
204.400000,1022,73,-4.0427,-2.5009,0.3000,-0.052036,0.018534,0.037795,0.055238,2.799426,12
204.600000,1023,74,-4.0427,-2.5009,0.3000,-0.052036,0.018534,0.037795,0.055238,2.799426,12
204.800000,1024,75,-4.0427,-2.5009,0.3000,-0.053090,0.015984,0.038249,0.055444,2.849151,12
205.000000,1025,76,-4.0427,-2.5009,0.3000,-0.053090,0.015984,0.038249,0.055444,2.849151,12
205.200000,1026,77,-4.0427,-2.5009,0.3000,-0.053687,0.014892,0.039939,0.055714,2.871010,12
205.400000,1027,78,-4.0427,-2.5009,0.3000,-0.053687,0.014892,0.039939,0.055714,2.871010,12
205.600000,1028,79,-4.0427,-2.5009,0.3000,-0.053912,0.016630,0.039759,0.056419,2.842387,12
205.800000,1029,80,-4.0427,-2.5009,0.3000,-0.053912,0.016630,0.039759,0.056419,2.842387,12
206.000000,1030,81,-4.0427,-2.5009,0.3000,-0.054946,0.016330,0.040377,0.057321,2.852706,12
206.200000,1031,82,-4.0427,-2.5009,0.3000,-0.054946,0.016330,0.040377,0.057321,2.852706,12
206.400000,1032,83,-4.0427,-2.5009,0.3000,-0.053611,0.017499,0.040124,0.056395,2.826089,12
206.600000,1033,84,-4.0427,-2.5009,0.3000,-0.053611,0.017499,0.040124,0.056395,2.826089,12
206.800000,1034,85,-4.0427,-2.5009,0.3000,0.011589,0.005715,0.000116,0.012922,0.458172,12
207.000000,1035,86,-4.0427,-2.5009,0.3000,0.011589,0.005715,0.000116,0.012922,0.458172,12
207.200000,1036,87,-4.0427,-2.5009,0.3000,0.021318,0.020534,0.013425,0.029599,0.766668,12
207.400000,1037,88,-4.0427,-2.5009,0.3000,0.021318,0.020534,0.013425,0.029599,0.766668,12
207.600000,1038,89,-4.0427,-2.5009,0.3000,0.003922,0.000176,0.015469,0.003926,0.044879,12
207.800000,1039,90,-4.0427,-2.5009,0.3000,0.003922,0.000176,0.015469,0.003926,0.044879,12
208.000000,1040,91,-4.0427,-2.5009,0.3000,-0.035693,0.000449,0.026806,0.035696,3.129021,12
208.200000,1041,92,-4.0427,-2.5009,0.3000,-0.035693,0.000449,0.026806,0.035696,3.129021,12
208.400000,1042,93,-4.0427,-2.5009,0.3000,-0.052036,0.018534,0.037795,0.055238,2.799426,12
208.600000,1043,94,-4.0427,-2.5009,0.3000,-0.052036,0.018534,0.037795,0.055238,2.799426,12
208.800000,1044,95,-4.0427,-2.5009,0.3000,-0.053090,0.015984,0.038249,0.055444,2.849151,12
209.000000,1045,96,-4.0427,-2.5009,0.3000,-0.053090,0.015984,0.038249,0.055444,2.849151,12
209.200000,1046,97,-4.0427,-2.5009,0.3000,-0.053687,0.014892,0.039939,0.055714,2.871010,12
209.400000,1047,98,-4.0427,-2.5009,0.3000,-0.053687,0.014892,0.039939,0.055714,2.871010,12
209.600000,1048,99,-4.0427,-2.5009,0.3000,-0.053912,0.016630,0.039759,0.056419,2.842387,12
209.800000,1049,100,-4.0427,-2.8009,0.3000,-0.070707,0.019439,0.031216,0.073330,2.873298,12
210.000000,1050,101,-4.0427,-3.1009,0.3000,-0.068826,0.011541,0.012368,0.069787,2.975455,12
210.200000,1051,102,-4.0427,-3.4009,0.3000,-0.046120,-0.001698,-0.004664,0.046151,-3.104792,12
210.400000,1052,103,-4.0427,-3.4009,0.3000,-0.044865,-0.002029,-0.004614,0.044911,-3.096397,12
210.600000,1053,104,-4.0427,-3.4009,0.3000,-0.044865,-0.002029,-0.004614,0.044911,-3.096397,12
210.800000,1054,105,-4.0427,-3.4009,0.3000,0.005712,0.006794,-0.000926,0.008876,0.871697,12
211.000000,1055,106,-4.0427,-3.4009,0.3000,0.005712,0.006794,-0.000926,0.008876,0.871697,12
211.200000,1056,107,-4.0427,-3.4009,0.3000,-0.026917,0.020177,0.006882,0.033640,2.498347,12
211.400000,1057,108,-4.0427,-3.4009,0.3000,-0.026917,0.020177,0.006882,0.033640,2.498347,12
211.600000,1058,109,-4.0427,-3.4009,0.3000,-0.043016,0.000732,-0.017115,0.043022,3.124581,12
211.800000,1059,110,-4.0427,-3.4009,0.3000,-0.043016,0.000732,-0.017115,0.043022,3.124581,12
212.000000,1060,111,-4.0427,-3.4009,0.3000,-0.042660,-0.006689,-0.001550,0.043181,-2.986070,12
212.200000,1061,112,-4.0427,-3.4009,0.3000,-0.042660,-0.006689,-0.001550,0.043181,-2.986070,12
212.400000,1062,113,-4.0427,-3.4009,0.3000,-0.045872,-0.001253,-0.002106,0.045889,-3.114291,12
212.600000,1063,114,-4.0427,-3.4009,0.3000,-0.045872,-0.001253,-0.002106,0.045889,-3.114291,12
212.800000,1064,115,-4.0427,-3.4009,0.3000,-0.048783,-0.000663,-0.005954,0.048788,-3.128008,12
213.000000,1065,116,-4.0427,-3.4009,0.3000,-0.048783,-0.000663,-0.005954,0.048788,-3.128008,12
213.200000,1066,117,-4.0427,-3.4009,0.3000,-0.046427,-0.001730,-0.005062,0.046459,-3.104343,12
213.400000,1067,118,-4.0427,-3.4009,0.3000,-0.046427,-0.001730,-0.005062,0.046459,-3.104343,12
213.600000,1068,119,-4.0427,-3.4009,0.3000,-0.046254,-0.002197,-0.005902,0.046306,-3.094130,12
213.800000,1069,120,-4.0427,-3.4009,0.3000,-0.046254,-0.002197,-0.005902,0.046306,-3.094130,12
214.000000,1070,121,-4.0427,-3.4009,0.3000,-0.046120,-0.001698,-0.004664,0.046151,-3.104792,12
214.200000,1071,122,-4.0427,-3.4009,0.3000,-0.046120,-0.001698,-0.004664,0.046151,-3.104792,12
214.400000,1072,123,-4.0427,-3.4009,0.3000,-0.044865,-0.002029,-0.004614,0.044911,-3.096397,12
214.600000,1073,124,-4.0427,-3.4009,0.3000,-0.044865,-0.002029,-0.004614,0.044911,-3.096397,12
214.800000,1074,125,-4.0427,-3.4009,0.3000,0.005712,0.006794,-0.000926,0.008876,0.871697,12
215.000000,1075,126,-4.0427,-3.4009,0.3000,0.005712,0.006794,-0.000926,0.008876,0.871697,12
215.200000,1076,127,-4.0427,-3.4009,0.3000,-0.026917,0.020177,0.006882,0.033640,2.498347,12
215.400000,1077,128,-4.0427,-3.4009,0.3000,-0.026917,0.020177,0.006882,0.033640,2.498347,12
215.600000,1078,129,-4.0427,-3.4009,0.3000,-0.043016,0.000732,-0.017115,0.043022,3.124581,12
215.800000,1079,130,-4.0427,-3.4009,0.3000,-0.043016,0.000732,-0.017115,0.043022,3.124581,12
216.000000,1080,131,-4.0427,-3.4009,0.3000,-0.042660,-0.006689,-0.001550,0.043181,-2.986070,12
216.200000,1081,132,-4.0427,-3.4009,0.3000,-0.042660,-0.006689,-0.001550,0.043181,-2.986070,12
216.400000,1082,133,-4.0427,-3.4009,0.3000,-0.045872,-0.001253,-0.002106,0.045889,-3.114291,12
216.600000,1083,134,-4.0427,-3.4009,0.3000,-0.045872,-0.001253,-0.002106,0.045889,-3.114291,12
216.800000,1084,135,-4.0427,-3.4009,0.3000,-0.048783,-0.000663,-0.005954,0.048788,-3.128008,12
217.000000,1085,136,-4.0427,-3.4009,0.3000,-0.048783,-0.000663,-0.005954,0.048788,-3.128008,12
217.200000,1086,137,-4.0427,-3.4009,0.3000,-0.048783,-0.000663,-0.005954,0.048788,-3.128008,12
217.400000,1087,138,-4.0427,-3.4009,0.3000,-0.046427,-0.001730,-0.005062,0.046459,-3.104343,12
217.600000,1088,139,-4.0427,-3.4009,0.3000,-0.046427,-0.001730,-0.005062,0.046459,-3.104343,12
217.800000,1089,140,-4.0427,-3.4009,0.3000,-0.046254,-0.002197,-0.005902,0.046306,-3.094130,12
218.000000,1090,141,-4.0427,-3.4009,0.3000,-0.046254,-0.002197,-0.005902,0.046306,-3.094130,12
218.200000,1091,142,-4.0427,-3.4009,0.3000,-0.046120,-0.001698,-0.004664,0.046151,-3.104792,12
218.400000,1092,143,-4.0427,-3.4009,0.3000,-0.046120,-0.001698,-0.004664,0.046151,-3.104792,12
218.600000,1093,144,-4.0427,-3.4009,0.3000,-0.044865,-0.002029,-0.004614,0.044911,-3.096397,12
218.800000,1094,145,-4.0427,-3.4009,0.3000,-0.044865,-0.002029,-0.004614,0.044911,-3.096397,12
219.000000,1095,146,-4.0427,-3.4009,0.3000,0.005712,0.006794,-0.000926,0.008876,0.871697,12
219.200000,1096,147,-4.0427,-3.4009,0.3000,0.005712,0.006794,-0.000926,0.008876,0.871697,12
219.400000,1097,148,-4.0427,-3.4009,0.3000,0.005712,0.006794,-0.000926,0.008876,0.871697,12
219.600000,1098,149,-4.0427,-3.4009,0.3000,-0.026917,0.020177,0.006882,0.033640,2.498347,12
219.800000,1099,150,-4.0427,-3.4009,0.3000,-0.026917,0.020177,0.006882,0.033640,2.498347,12
220.000000,1100,151,-4.0427,-3.4009,0.3000,-0.043016,0.000732,-0.017115,0.043022,3.124581,12
220.200000,1101,152,-4.0427,-3.4009,0.3000,-0.043016,0.000732,-0.017115,0.043022,3.124581,12
220.400000,1102,153,-4.0427,-3.4009,0.3000,-0.042660,-0.006689,-0.001550,0.043181,-2.986070,12
220.600000,1103,154,-4.0427,-3.4009,0.3000,-0.042660,-0.006689,-0.001550,0.043181,-2.986070,12
220.800000,1104,155,-4.0427,-3.4009,0.3000,-0.045872,-0.001253,-0.002106,0.045889,-3.114291,12
221.000000,1105,156,-4.0427,-3.4009,0.3000,-0.045872,-0.001253,-0.002106,0.045889,-3.114291,12
221.200000,1106,157,-4.0427,-3.4009,0.3000,-0.048783,-0.000663,-0.005954,0.048788,-3.128008,12
221.400000,1107,158,-4.0427,-3.4009,0.3000,-0.048783,-0.000663,-0.005954,0.048788,-3.128008,12
221.600000,1108,159,-4.0427,-3.4009,0.3000,-0.046427,-0.001730,-0.005062,0.046459,-3.104343,12
221.800000,1109,160,-4.0427,-3.4009,0.3000,-0.046427,-0.001730,-0.005062,0.046459,-3.104343,12
222.000000,1110,161,-4.0427,-3.4009,0.3000,-0.046427,-0.001730,-0.005062,0.046459,-3.104343,12
222.200000,1111,162,-4.0427,-3.4009,0.3000,-0.046254,-0.002197,-0.005902,0.046306,-3.094130,12
222.400000,1112,163,-4.0427,-3.4009,0.3000,-0.046254,-0.002197,-0.005902,0.046306,-3.094130,12
222.600000,1113,164,-4.0427,-3.4009,0.3000,-0.046120,-0.001698,-0.004664,0.046151,-3.104792,12
222.800000,1114,165,-4.0427,-3.4009,0.3000,-0.046120,-0.001698,-0.004664,0.046151,-3.104792,12
223.000000,1115,166,-4.0427,-3.4009,0.3000,-0.044865,-0.002029,-0.004614,0.044911,-3.096397,12
223.200000,1116,167,-4.0427,-3.4009,0.3000,-0.044865,-0.002029,-0.004614,0.044911,-3.096397,12
223.400000,1117,168,-4.0427,-3.4009,0.3000,0.005712,0.006794,-0.000926,0.008876,0.871697,12
223.600000,1118,169,-4.0427,-3.4009,0.3000,0.005712,0.006794,-0.000926,0.008876,0.871697,12
223.800000,1119,170,-4.0427,-3.4009,0.3000,-0.026917,0.020177,0.006882,0.033640,2.498347,12
224.000000,1120,171,-4.0427,-3.4009,0.3000,-0.026917,0.020177,0.006882,0.033640,2.498347,12
224.200000,1121,172,-4.0427,-3.4009,0.3000,-0.026917,0.020177,0.006882,0.033640,2.498347,12
224.400000,1122,173,-4.0427,-3.4009,0.3000,-0.043016,0.000732,-0.017115,0.043022,3.124581,12
224.600000,1123,174,-4.0427,-3.4009,0.3000,-0.043016,0.000732,-0.017115,0.043022,3.124581,12
224.800000,1124,175,-4.0427,-3.4009,0.3000,-0.042660,-0.006689,-0.001550,0.043181,-2.986070,12
225.000000,1125,176,-4.0427,-3.4009,0.3000,-0.042660,-0.006689,-0.001550,0.043181,-2.986070,12
225.200000,1126,177,-4.0427,-3.4009,0.3000,-0.045872,-0.001253,-0.002106,0.045889,-3.114291,12
225.400000,1127,178,-4.0427,-3.4009,0.3000,-0.045872,-0.001253,-0.002106,0.045889,-3.114291,12
225.600000,1128,179,-4.0427,-3.4009,0.3000,-0.048783,-0.000663,-0.005954,0.048788,-3.128008,12
225.800000,1129,180,-4.0427,-3.4009,0.3000,-0.048783,-0.000663,-0.005954,0.048788,-3.128008,12
226.000000,1130,181,-4.0427,-3.4009,0.3000,-0.046427,-0.001730,-0.005062,0.046459,-3.104343,12
226.200000,1131,182,-4.0427,-3.4009,0.3000,-0.046427,-0.001730,-0.005062,0.046459,-3.104343,12
226.400000,1132,183,-4.0427,-3.4009,0.3000,-0.046427,-0.001730,-0.005062,0.046459,-3.104343,12
226.600000,1133,184,-4.0427,-3.4009,0.3000,-0.046254,-0.002197,-0.005902,0.046306,-3.094130,12
226.800000,1134,185,-4.0427,-3.4009,0.3000,-0.046254,-0.002197,-0.005902,0.046306,-3.094130,12
227.000000,1135,186,-4.0427,-3.4009,0.3000,-0.046120,-0.001698,-0.004664,0.046151,-3.104792,12
227.200000,1136,187,-4.0427,-3.4009,0.3000,-0.046120,-0.001698,-0.004664,0.046151,-3.104792,12
227.400000,1137,188,-3.7427,-3.4009,0.3000,-0.064772,-0.001711,-0.010856,0.064795,-3.115185,12
227.600000,1138,189,-3.4427,-3.4009,0.3000,-0.075748,-0.003905,-0.006596,0.075849,-3.090092,12
227.800000,1139,190,-3.1427,-3.4009,0.3000,0.009159,0.000337,-0.005694,0.009165,0.036767,12
228.000000,1140,191,-2.8427,-3.4009,0.3000,0.008526,-0.010369,-0.010845,0.013424,-0.882612,12
228.200000,1141,192,-2.5427,-3.4009,0.3000,-0.024144,-0.019373,-0.006350,0.030956,-2.465394,12
228.400000,1142,193,-2.2427,-3.4009,0.3000,-0.019655,-0.050526,-0.004101,0.054214,-1.941791,12
228.600000,1143,194,-2.2427,-3.4009,0.3000,-0.019655,-0.050526,-0.004101,0.054214,-1.941791,12
228.800000,1144,195,-2.2427,-3.4009,0.3000,-0.013753,-0.034101,-0.029079,0.036770,-1.954146,12
229.000000,1145,196,-2.2427,-3.4009,0.3000,-0.013753,-0.034101,-0.029079,0.036770,-1.954146,12
229.200000,1146,197,-2.2427,-3.4009,0.3000,-0.009527,-0.018184,-0.023590,0.020528,-2.053389,12
229.400000,1147,198,-2.2427,-3.4009,0.3000,-0.009527,-0.018184,-0.023590,0.020528,-2.053389,12
229.600000,1148,199,-2.2427,-3.4009,0.3000,-0.014240,-0.013868,-0.011165,0.019877,-2.369428,12
229.800000,1149,200,-2.2427,-3.4009,0.3000,-0.014240,-0.013868,-0.011165,0.019877,-2.369428,12
230.000000,1150,201,-2.2427,-3.4009,0.3000,-0.011310,-0.017390,-0.009952,0.020744,-2.147434,12
230.200000,1151,202,-2.2427,-3.4009,0.3000,-0.011310,-0.017390,-0.009952,0.020744,-2.147434,12
230.400000,1152,203,-2.2427,-3.4009,0.3000,-0.010916,-0.017706,-0.009132,0.020801,-2.123270,12
230.600000,1153,204,-2.2427,-3.4009,0.3000,-0.010916,-0.017706,-0.009132,0.020801,-2.123270,12
230.800000,1154,205,-2.2427,-3.4009,0.3000,-0.010916,-0.017706,-0.009132,0.020801,-2.123270,12
231.000000,1155,206,-2.2427,-3.4009,0.3000,-0.010625,-0.017401,-0.009018,0.020388,-2.118971,12
231.200000,1156,207,-2.2427,-3.4009,0.3000,-0.010625,-0.017401,-0.009018,0.020388,-2.118971,12
231.400000,1157,208,-2.2427,-3.4009,0.3000,-0.011443,-0.016438,-0.008474,0.020029,-2.178921,12
231.600000,1158,209,-2.2427,-3.4009,0.3000,-0.011443,-0.016438,-0.008474,0.020029,-2.178921,12
231.800000,1159,210,-2.2427,-3.4009,0.3000,-0.011456,-0.017519,-0.008430,0.020932,-2.149921,12
232.000000,1160,211,-2.2427,-3.4009,0.3000,-0.011456,-0.017519,-0.008430,0.020932,-2.149921,12
232.200000,1161,212,-2.2427,-3.4009,0.3000,-0.014104,-0.065121,-0.023005,0.066631,-1.784084,12
232.400000,1162,213,-2.2427,-3.4009,0.3000,-0.014104,-0.065121,-0.023005,0.066631,-1.784084,12
232.600000,1163,214,-2.2427,-3.4009,0.3000,-0.019655,-0.050526,-0.004101,0.054214,-1.941791,12
232.800000,1164,215,-2.2427,-3.4009,0.3000,-0.019655,-0.050526,-0.004101,0.054214,-1.941791,12
233.000000,1165,216,-2.2427,-3.4009,0.3000,-0.019655,-0.050526,-0.004101,0.054214,-1.941791,12
233.200000,1166,217,-2.2427,-3.4009,0.3000,-0.013753,-0.034101,-0.029079,0.036770,-1.954146,12
233.400000,1167,218,-2.2427,-3.4009,0.3000,-0.013753,-0.034101,-0.029079,0.036770,-1.954146,12
233.600000,1168,219,-2.2427,-3.4009,0.3000,-0.009527,-0.018184,-0.023590,0.020528,-2.053389,12
233.800000,1169,220,-2.2427,-3.4009,0.3000,-0.009527,-0.018184,-0.023590,0.020528,-2.053389,12
234.000000,1170,221,-2.2427,-3.4009,0.3000,-0.014240,-0.013868,-0.011165,0.019877,-2.369428,12
234.200000,1171,222,-2.2427,-3.4009,0.3000,-0.014240,-0.013868,-0.011165,0.019877,-2.369428,12
234.400000,1172,223,-2.2427,-3.4009,0.3000,-0.011310,-0.017390,-0.009952,0.020744,-2.147434,12
234.600000,1173,224,-2.2427,-3.4009,0.3000,-0.011310,-0.017390,-0.009952,0.020744,-2.147434,12
234.800000,1174,225,-2.2427,-3.4009,0.3000,-0.010916,-0.017706,-0.009132,0.020801,-2.123270,12
235.000000,1175,226,-2.2427,-3.4009,0.3000,-0.010916,-0.017706,-0.009132,0.020801,-2.123270,12
235.200000,1176,227,-2.2427,-3.4009,0.3000,-0.010916,-0.017706,-0.009132,0.020801,-2.123270,12
235.400000,1177,228,-2.2427,-3.4009,0.3000,-0.010625,-0.017401,-0.009018,0.020388,-2.118971,12
235.600000,1178,229,-2.2427,-3.4009,0.3000,-0.010625,-0.017401,-0.009018,0.020388,-2.118971,12
235.800000,1179,230,-2.2427,-3.4009,0.3000,-0.011443,-0.016438,-0.008474,0.020029,-2.178921,12
236.000000,1180,231,-2.2427,-3.4009,0.3000,-0.011443,-0.016438,-0.008474,0.020029,-2.178921,12
236.200000,1181,232,-2.2427,-3.4009,0.3000,-0.011456,-0.017519,-0.008430,0.020932,-2.149921,12
236.400000,1182,233,-2.2427,-3.4009,0.3000,-0.011456,-0.017519,-0.008430,0.020932,-2.149921,12
236.600000,1183,234,-2.2427,-3.4009,0.3000,-0.014104,-0.065121,-0.023005,0.066631,-1.784084,12
236.800000,1184,235,-2.2427,-3.4009,0.3000,-0.014104,-0.065121,-0.023005,0.066631,-1.784084,12
237.000000,1185,236,-2.2427,-3.4009,0.3000,-0.019655,-0.050526,-0.004101,0.054214,-1.941791,12
237.200000,1186,237,-2.2427,-3.4009,0.3000,-0.019655,-0.050526,-0.004101,0.054214,-1.941791,12
237.400000,1187,238,-2.2427,-3.4009,0.3000,-0.019655,-0.050526,-0.004101,0.054214,-1.941791,12
237.600000,1188,239,-2.2427,-3.4009,0.3000,-0.013753,-0.034101,-0.029079,0.036770,-1.954146,12
237.800000,1189,240,-2.2427,-3.4009,0.3000,-0.013753,-0.034101,-0.029079,0.036770,-1.954146,12
238.000000,1190,241,-2.2427,-3.4009,0.3000,-0.009527,-0.018184,-0.023590,0.020528,-2.053389,12
238.200000,1191,242,-2.2427,-3.4009,0.3000,-0.009527,-0.018184,-0.023590,0.020528,-2.053389,12
238.400000,1192,243,-2.2427,-3.4009,0.3000,-0.014240,-0.013868,-0.011165,0.019877,-2.369428,12
238.600000,1193,244,-2.2427,-3.4009,0.3000,-0.014240,-0.013868,-0.011165,0.019877,-2.369428,12
238.800000,1194,245,-2.2427,-3.4009,0.3000,-0.011310,-0.017390,-0.009952,0.020744,-2.147434,12
239.000000,1195,246,-2.2427,-3.4009,0.3000,-0.011310,-0.017390,-0.009952,0.020744,-2.147434,12
239.200000,1196,247,-2.2427,-3.4009,0.3000,-0.010916,-0.017706,-0.009132,0.020801,-2.123270,12
239.400000,1197,248,-2.2427,-3.4009,0.3000,-0.010916,-0.017706,-0.009132,0.020801,-2.123270,12
239.600000,1198,249,-2.2427,-3.4009,0.3000,-0.010916,-0.017706,-0.009132,0.020801,-2.123270,12
239.800000,1199,250,-2.2427,-3.4009,0.3000,-0.010625,-0.017401,-0.009018,0.020388,-2.118971,12
240.000000,1200,251,-2.2427,-3.4009,0.3000,-0.010625,-0.017401,-0.009018,0.020388,-2.118971,12
240.200000,1201,252,-2.2427,-3.4009,0.3000,-0.011443,-0.016438,-0.008474,0.020029,-2.178921,12
240.400000,1202,253,-2.2427,-3.4009,0.3000,-0.011443,-0.016438,-0.008474,0.020029,-2.178921,12
240.600000,1203,254,-2.2427,-3.4009,0.3000,-0.011456,-0.017519,-0.008430,0.020932,-2.149921,12
240.800000,1204,255,-2.2427,-3.4009,0.3000,-0.011456,-0.017519,-0.008430,0.020932,-2.149921,12
241.000000,1205,256,-2.2427,-3.4009,0.3000,-0.014104,-0.065121,-0.023005,0.066631,-1.784084,12
241.200000,1206,257,-2.2427,-3.4009,0.3000,-0.014104,-0.065121,-0.023005,0.066631,-1.784084,12
241.400000,1207,258,-2.2427,-3.4009,0.3000,-0.019655,-0.050526,-0.004101,0.054214,-1.941791,12
241.600000,1208,259,-2.2427,-3.4009,0.3000,-0.019655,-0.050526,-0.004101,0.054214,-1.941791,12
241.800000,1209,260,-2.2427,-3.4009,0.3000,-0.019655,-0.050526,-0.004101,0.054214,-1.941791,12
242.000000,1210,261,-2.2427,-3.4009,0.3000,-0.013753,-0.034101,-0.029079,0.036770,-1.954146,12
242.200000,1211,262,-2.2427,-3.4009,0.3000,-0.013753,-0.034101,-0.029079,0.036770,-1.954146,12
242.400000,1212,263,-2.2427,-3.4009,0.3000,-0.009527,-0.018184,-0.023590,0.020528,-2.053389,12
242.600000,1213,264,-2.2427,-3.4009,0.3000,-0.009527,-0.018184,-0.023590,0.020528,-2.053389,12
242.800000,1214,265,-2.2427,-3.4009,0.3000,-0.014240,-0.013868,-0.011165,0.019877,-2.369428,12
243.000000,1215,266,-2.2427,-3.4009,0.3000,-0.014240,-0.013868,-0.011165,0.019877,-2.369428,12
243.200000,1216,267,-2.2427,-3.4009,0.3000,-0.011310,-0.017390,-0.009952,0.020744,-2.147434,12
243.400000,1217,268,-2.2427,-3.4009,0.3000,-0.011310,-0.017390,-0.009952,0.020744,-2.147434,12
243.600000,1218,269,-2.2427,-3.4009,0.3000,-0.010916,-0.017706,-0.009132,0.020801,-2.123270,12
243.800000,1219,270,-2.2427,-3.4009,0.3000,-0.010916,-0.017706,-0.009132,0.020801,-2.123270,12
244.000000,1220,271,-2.2427,-3.4009,0.3000,-0.010916,-0.017706,-0.009132,0.020801,-2.123270,12
244.200000,1221,272,-2.2427,-3.4009,0.3000,-0.010625,-0.017401,-0.009018,0.020388,-2.118971,12
244.400000,1222,273,-2.2427,-3.4009,0.3000,-0.010625,-0.017401,-0.009018,0.020388,-2.118971,12
244.600000,1223,274,-2.2427,-3.4009,0.3000,-0.011443,-0.016438,-0.008474,0.020029,-2.178921,12
244.800000,1224,275,-2.2427,-3.4009,0.3000,-0.011443,-0.016438,-0.008474,0.020029,-2.178921,12
245.000000,1225,276,-2.2427,-3.4009,0.3000,-0.011456,-0.017519,-0.008430,0.020932,-2.149921,12
245.200000,1226,277,-2.2427,-3.4009,0.3000,-0.011456,-0.017519,-0.008430,0.020932,-2.149921,12
245.400000,1227,278,-2.2427,-3.4009,0.3000,-0.014104,-0.065121,-0.023005,0.066631,-1.784084,12
245.600000,1228,279,-2.2427,-3.4009,0.3000,-0.014104,-0.065121,-0.023005,0.066631,-1.784084,12
245.800000,1229,280,-2.2427,-3.4009,0.3000,-0.019655,-0.050526,-0.004101,0.054214,-1.941791,12
246.000000,1230,281,-2.2427,-3.4009,0.3000,-0.019655,-0.050526,-0.004101,0.054214,-1.941791,12
246.200000,1231,282,-2.2427,-3.4009,0.3000,-0.019655,-0.050526,-0.004101,0.054214,-1.941791,12
246.400000,1232,283,-2.2427,-3.4009,0.3000,-0.013753,-0.034101,-0.029079,0.036770,-1.954146,12
246.600000,1233,284,-2.2427,-3.4009,0.3000,-0.013753,-0.034101,-0.029079,0.036770,-1.954146,12
246.800000,1234,285,-2.2427,-3.4009,0.3000,-0.009527,-0.018184,-0.023590,0.020528,-2.053389,12
247.000000,1235,286,-2.2427,-3.4009,0.3000,-0.009527,-0.018184,-0.023590,0.020528,-2.053389,12
247.200000,1236,287,-2.2427,-3.4009,0.3000,-0.014240,-0.013868,-0.011165,0.019877,-2.369428,12
247.400000,1237,288,-2.2427,-3.4009,0.3000,-0.014240,-0.013868,-0.011165,0.019877,-2.369428,12
247.600000,1238,289,-2.2427,-3.4009,0.3000,-0.011310,-0.017390,-0.009952,0.020744,-2.147434,12
247.800000,1239,290,-2.2427,-3.4009,0.3000,-0.011310,-0.017390,-0.009952,0.020744,-2.147434,12
248.000000,1240,291,-2.2427,-3.4009,0.3000,-0.010916,-0.017706,-0.009132,0.020801,-2.123270,12
248.200000,1241,292,-2.2427,-3.4009,0.3000,-0.010916,-0.017706,-0.009132,0.020801,-2.123270,12
248.400000,1242,293,-2.2427,-3.4009,0.3000,-0.010916,-0.017706,-0.009132,0.020801,-2.123270,12
248.600000,1243,294,-2.2427,-3.4009,0.3000,-0.010625,-0.017401,-0.009018,0.020388,-2.118971,12
248.800000,1244,295,-2.2427,-3.4009,0.3000,-0.010625,-0.017401,-0.009018,0.020388,-2.118971,12
249.000000,1245,296,-2.2427,-3.4009,0.3000,-0.011443,-0.016438,-0.008474,0.020029,-2.178921,12
249.200000,1246,297,-2.2427,-3.4009,0.3000,-0.011443,-0.016438,-0.008474,0.020029,-2.178921,12
249.400000,1247,298,-2.2427,-3.4009,0.3000,-0.011456,-0.017519,-0.008430,0.020932,-2.149921,12
249.600000,1248,299,-2.2427,-3.4009,0.3000,-0.011456,-0.017519,-0.008430,0.020932,-2.149921,12
249.800000,1249,300,-2.2427,-3.4009,0.3000,-0.014104,-0.065121,-0.023005,0.066631,-1.784084,12
250.000000,1250,301,-2.2427,-3.4009,0.3000,-0.014104,-0.065121,-0.023005,0.066631,-1.784084,12
250.200000,1251,302,-2.2427,-3.4009,0.3000,-0.019655,-0.050526,-0.004101,0.054214,-1.941791,12
250.400000,1252,303,-2.2427,-3.4009,0.3000,-0.019655,-0.050526,-0.004101,0.054214,-1.941791,12
250.600000,1253,304,-2.2427,-3.4009,0.3000,-0.019655,-0.050526,-0.004101,0.054214,-1.941791,12
250.800000,1254,305,-2.2427,-3.4009,0.3000,-0.013753,-0.034101,-0.029079,0.036770,-1.954146,12
251.000000,1255,306,-2.2427,-3.4009,0.3000,-0.013753,-0.034101,-0.029079,0.036770,-1.954146,12
251.200000,1256,307,-2.2427,-3.4009,0.3000,-0.009527,-0.018184,-0.023590,0.020528,-2.053389,12
251.400000,1257,308,-2.2427,-3.4009,0.3000,-0.009527,-0.018184,-0.023590,0.020528,-2.053389,12
251.600000,1258,309,-2.2427,-3.4009,0.3000,-0.014240,-0.013868,-0.011165,0.019877,-2.369428,12
251.800000,1259,310,-2.2427,-3.4009,0.3000,-0.014240,-0.013868,-0.011165,0.019877,-2.369428,12
252.000000,1260,311,-2.2427,-3.4009,0.3000,-0.011310,-0.017390,-0.009952,0.020744,-2.147434,12
252.200000,1261,312,-2.2427,-3.4009,0.3000,-0.011310,-0.017390,-0.009952,0.020744,-2.147434,12
252.400000,1262,313,-2.2427,-3.4009,0.3000,-0.010916,-0.017706,-0.009132,0.020801,-2.123270,12
252.600000,1263,314,-2.2427,-3.4009,0.3000,-0.010916,-0.017706,-0.009132,0.020801,-2.123270,12
252.800000,1264,315,-2.2427,-3.4009,0.3000,-0.010916,-0.017706,-0.009132,0.020801,-2.123270,12
253.000000,1265,316,-2.2427,-3.4009,0.3000,-0.010625,-0.017401,-0.009018,0.020388,-2.118971,12
253.200000,1266,317,-2.2427,-3.4009,0.3000,-0.010625,-0.017401,-0.009018,0.020388,-2.118971,12
253.400000,1267,318,-2.2427,-3.4009,0.3000,-0.011443,-0.016438,-0.008474,0.020029,-2.178921,12
253.600000,1268,319,-2.2427,-3.4009,0.3000,-0.011443,-0.016438,-0.008474,0.020029,-2.178921,12
253.800000,1269,320,-2.2427,-3.4009,0.3000,-0.011456,-0.017519,-0.008430,0.020932,-2.149921,12
254.000000,1270,321,-2.2427,-3.4009,0.3000,-0.011456,-0.017519,-0.008430,0.020932,-2.149921,12
254.200000,1271,322,-2.2427,-3.4009,0.3000,-0.014104,-0.065121,-0.023005,0.066631,-1.784084,12
254.400000,1272,323,-2.2427,-3.4009,0.3000,-0.014104,-0.065121,-0.023005,0.066631,-1.784084,12
254.600000,1273,324,-2.2427,-3.4009,0.3000,-0.019655,-0.050526,-0.004101,0.054214,-1.941791,12
254.800000,1274,325,-2.2427,-3.4009,0.3000,-0.019655,-0.050526,-0.004101,0.054214,-1.941791,12
255.000000,1275,326,-2.2427,-3.4009,0.3000,-0.019655,-0.050526,-0.004101,0.054214,-1.941791,12
255.200000,1276,327,-2.2427,-3.4009,0.3000,-0.013753,-0.034101,-0.029079,0.036770,-1.954146,12
255.400000,1277,328,-2.2427,-3.4009,0.3000,-0.013753,-0.034101,-0.029079,0.036770,-1.954146,12
255.600000,1278,329,-2.2427,-3.4009,0.3000,-0.009527,-0.018184,-0.023590,0.020528,-2.053389,12
255.800000,1279,330,-2.2427,-3.4009,0.3000,-0.009527,-0.018184,-0.023590,0.020528,-2.053389,12
256.000000,1280,331,-2.2427,-3.4009,0.3000,-0.014240,-0.013868,-0.011165,0.019877,-2.369428,12
256.200000,1281,332,-2.2427,-3.4009,0.3000,-0.014240,-0.013868,-0.011165,0.019877,-2.369428,12
256.400000,1282,333,-2.2427,-3.4009,0.3000,-0.011310,-0.017390,-0.009952,0.020744,-2.147434,12
256.600000,1283,334,-2.2427,-3.4009,0.3000,-0.011310,-0.017390,-0.009952,0.020744,-2.147434,12
256.800000,1284,335,-2.2427,-3.4009,0.3000,-0.010916,-0.017706,-0.009132,0.020801,-2.123270,12
257.000000,1285,336,-2.2427,-3.4009,0.3000,-0.010916,-0.017706,-0.009132,0.020801,-2.123270,12
257.200000,1286,337,-2.2427,-3.4009,0.3000,-0.010916,-0.017706,-0.009132,0.020801,-2.123270,12
257.400000,1287,338,-2.2427,-3.4009,0.3000,-0.010625,-0.017401,-0.009018,0.020388,-2.118971,12
257.600000,1288,339,-2.2427,-3.4009,0.3000,-0.010625,-0.017401,-0.009018,0.020388,-2.118971,12
257.800000,1289,340,-2.2427,-3.4009,0.3000,-0.011443,-0.016438,-0.008474,0.020029,-2.178921,12
258.000000,1290,341,-2.2427,-3.4009,0.3000,-0.011443,-0.016438,-0.008474,0.020029,-2.178921,12
258.200000,1291,342,-2.2427,-3.4009,0.3000,-0.011456,-0.017519,-0.008430,0.020932,-2.149921,12
258.400000,1292,343,-2.2427,-3.4009,0.3000,-0.011456,-0.017519,-0.008430,0.020932,-2.149921,12
258.600000,1293,344,-2.2427,-3.4009,0.3000,-0.014104,-0.065121,-0.023005,0.066631,-1.784084,12
258.800000,1294,345,-2.2427,-3.4009,0.3000,-0.014104,-0.065121,-0.023005,0.066631,-1.784084,12
259.000000,1295,346,-2.2427,-3.4009,0.3000,-0.019655,-0.050526,-0.004101,0.054214,-1.941791,12
259.200000,1296,347,-2.2427,-3.4009,0.3000,-0.019655,-0.050526,-0.004101,0.054214,-1.941791,12
259.400000,1297,348,-2.2427,-3.4009,0.3000,-0.019655,-0.050526,-0.004101,0.054214,-1.941791,12
259.600000,1298,349,-2.2427,-3.4009,0.3000,-0.013753,-0.034101,-0.029079,0.036770,-1.954146,12
259.800000,1299,350,-2.2427,-3.4009,0.3000,-0.013753,-0.034101,-0.029079,0.036770,-1.954146,12
260.000000,1300,351,-2.2427,-3.4009,0.3000,-0.009527,-0.018184,-0.023590,0.020528,-2.053389,12
260.200000,1301,352,-2.2427,-3.4009,0.3000,-0.009527,-0.018184,-0.023590,0.020528,-2.053389,12
260.400000,1302,353,-2.2427,-3.4009,0.3000,-0.014240,-0.013868,-0.011165,0.019877,-2.369428,12
260.600000,1303,354,-2.2427,-3.4009,0.3000,-0.014240,-0.013868,-0.011165,0.019877,-2.369428,12
260.800000,1304,355,-2.2427,-3.4009,0.3000,-0.011310,-0.017390,-0.009952,0.020744,-2.147434,12
261.000000,1305,356,-2.2427,-3.4009,0.3000,-0.011310,-0.017390,-0.009952,0.020744,-2.147434,12
261.200000,1306,357,-2.2427,-3.4009,0.3000,-0.010916,-0.017706,-0.009132,0.020801,-2.123270,12
261.400000,1307,358,-2.2427,-3.4009,0.3000,-0.010916,-0.017706,-0.009132,0.020801,-2.123270,12
261.600000,1308,359,-2.2427,-3.4009,0.3000,-0.010916,-0.017706,-0.009132,0.020801,-2.123270,12
261.800000,1309,360,-2.2427,-3.4009,0.3000,-0.010625,-0.017401,-0.009018,0.020388,-2.118971,12
262.000000,1310,361,-2.2427,-3.4009,0.3000,-0.010625,-0.017401,-0.009018,0.020388,-2.118971,12
262.200000,1311,362,-2.2427,-3.4009,0.3000,-0.011443,-0.016438,-0.008474,0.020029,-2.178921,12
262.400000,1312,363,-2.2427,-3.4009,0.3000,-0.011443,-0.016438,-0.008474,0.020029,-2.178921,12
262.600000,1313,364,-2.2427,-3.4009,0.3000,-0.011456,-0.017519,-0.008430,0.020932,-2.149921,12
262.800000,1314,365,-2.2427,-3.4009,0.3000,-0.011456,-0.017519,-0.008430,0.020932,-2.149921,12
263.000000,1315,366,-2.2427,-3.4009,0.3000,-0.014104,-0.065121,-0.023005,0.066631,-1.784084,12
263.200000,1316,367,-2.2427,-3.4009,0.3000,-0.014104,-0.065121,-0.023005,0.066631,-1.784084,12
263.400000,1317,368,-2.2427,-3.4009,0.3000,-0.019655,-0.050526,-0.004101,0.054214,-1.941791,12
263.600000,1318,369,-2.2427,-3.4009,0.3000,-0.019655,-0.050526,-0.004101,0.054214,-1.941791,12
263.800000,1319,370,-2.2427,-3.4009,0.3000,-0.019655,-0.050526,-0.004101,0.054214,-1.941791,12
264.000000,1320,371,-2.2427,-3.4009,0.3000,-0.013753,-0.034101,-0.029079,0.036770,-1.954146,12
264.200000,1321,372,-2.2427,-3.4009,0.3000,-0.013753,-0.034101,-0.029079,0.036770,-1.954146,12
264.400000,1322,373,-2.2427,-3.4009,0.3000,-0.009527,-0.018184,-0.023590,0.020528,-2.053389,12
264.600000,1323,374,-2.2427,-3.4009,0.3000,-0.009527,-0.018184,-0.023590,0.020528,-2.053389,12
264.800000,1324,375,-2.2427,-3.4009,0.3000,-0.014240,-0.013868,-0.011165,0.019877,-2.369428,12
265.000000,1325,376,-2.2427,-3.4009,0.3000,-0.014240,-0.013868,-0.011165,0.019877,-2.369428,12
265.200000,1326,377,-2.2427,-3.4009,0.3000,-0.011310,-0.017390,-0.009952,0.020744,-2.147434,12
265.400000,1327,378,-2.2427,-3.4009,0.3000,-0.011310,-0.017390,-0.009952,0.020744,-2.147434,12
265.600000,1328,379,-2.2427,-3.4009,0.3000,-0.010916,-0.017706,-0.009132,0.020801,-2.123270,12
265.800000,1329,380,-2.2427,-3.4009,0.3000,-0.010916,-0.017706,-0.009132,0.020801,-2.123270,12
266.000000,1330,381,-2.2427,-3.4009,0.3000,-0.010916,-0.017706,-0.009132,0.020801,-2.123270,12
266.200000,1331,382,-2.2427,-3.4009,0.3000,-0.010625,-0.017401,-0.009018,0.020388,-2.118971,12
266.400000,1332,383,-2.2427,-3.4009,0.3000,-0.010625,-0.017401,-0.009018,0.020388,-2.118971,12
266.600000,1333,384,-2.2427,-3.4009,0.3000,-0.011443,-0.016438,-0.008474,0.020029,-2.178921,12
266.800000,1334,385,-2.2427,-3.4009,0.3000,-0.011443,-0.016438,-0.008474,0.020029,-2.178921,12
267.000000,1335,386,-2.2427,-3.4009,0.3000,-0.011456,-0.017519,-0.008430,0.020932,-2.149921,12
267.200000,1336,387,-2.2427,-3.4009,0.3000,-0.011456,-0.017519,-0.008430,0.020932,-2.149921,12
267.400000,1337,388,-2.2427,-3.4009,0.3000,-0.014104,-0.065121,-0.023005,0.066631,-1.784084,12
267.600000,1338,389,-2.2427,-3.4009,0.3000,-0.014104,-0.065121,-0.023005,0.066631,-1.784084,12
267.800000,1339,390,-2.2427,-3.4009,0.3000,-0.019655,-0.050526,-0.004101,0.054214,-1.941791,12
268.000000,1340,391,-2.2427,-3.4009,0.3000,-0.019655,-0.050526,-0.004101,0.054214,-1.941791,12
268.200000,1341,392,-2.2427,-3.4009,0.3000,-0.019655,-0.050526,-0.004101,0.054214,-1.941791,12
268.400000,1342,393,-2.2427,-3.4009,0.3000,-0.013753,-0.034101,-0.029079,0.036770,-1.954146,12
268.600000,1343,394,-2.2427,-3.4009,0.3000,-0.013753,-0.034101,-0.029079,0.036770,-1.954146,12
268.800000,1344,395,-2.2427,-3.4009,0.3000,-0.009527,-0.018184,-0.023590,0.020528,-2.053389,12
269.000000,1345,396,-2.2427,-3.4009,0.3000,-0.009527,-0.018184,-0.023590,0.020528,-2.053389,12
269.200000,1346,397,-2.2427,-3.4009,0.3000,-0.014240,-0.013868,-0.011165,0.019877,-2.369428,12
269.400000,1347,398,-2.2427,-3.4009,0.3000,-0.014240,-0.013868,-0.011165,0.019877,-2.369428,12
269.600000,1348,399,-2.2427,-3.4009,0.3000,-0.011310,-0.017390,-0.009952,0.020744,-2.147434,12
269.800000,1349,400,-2.2427,-3.4009,0.3000,-0.011310,-0.017390,-0.009952,0.020744,-2.147434,12
270.000000,1350,401,-2.2427,-3.4009,0.3000,-0.010916,-0.017706,-0.009132,0.020801,-2.123270,12
270.200000,1351,402,-2.2427,-3.4009,0.3000,-0.010916,-0.017706,-0.009132,0.020801,-2.123270,12
270.400000,1352,403,-2.2427,-3.4009,0.3000,-0.010916,-0.017706,-0.009132,0.020801,-2.123270,12
270.600000,1353,404,-2.2427,-3.4009,0.3000,-0.010625,-0.017401,-0.009018,0.020388,-2.118971,12
270.800000,1354,405,-2.2427,-3.4009,0.3000,-0.010625,-0.017401,-0.009018,0.020388,-2.118971,12
271.000000,1355,406,-2.2427,-3.4009,0.3000,-0.011443,-0.016438,-0.008474,0.020029,-2.178921,12
271.200000,1356,407,-2.2427,-3.4009,0.3000,-0.011443,-0.016438,-0.008474,0.020029,-2.178921,12
271.400000,1357,408,-2.2427,-3.4009,0.3000,-0.011456,-0.017519,-0.008430,0.020932,-2.149921,12
271.600000,1358,409,-2.2427,-3.4009,0.3000,-0.011456,-0.017519,-0.008430,0.020932,-2.149921,12
271.800000,1359,410,-2.2427,-3.4009,0.3000,-0.014104,-0.065121,-0.023005,0.066631,-1.784084,12
272.000000,1360,411,-2.2427,-3.4009,0.3000,-0.014104,-0.065121,-0.023005,0.066631,-1.784084,12
272.200000,1361,412,-2.2427,-3.4009,0.3000,-0.019655,-0.050526,-0.004101,0.054214,-1.941791,12
272.400000,1362,413,-2.2427,-3.4009,0.3000,-0.019655,-0.050526,-0.004101,0.054214,-1.941791,12
272.600000,1363,414,-2.2427,-3.4009,0.3000,-0.019655,-0.050526,-0.004101,0.054214,-1.941791,12
272.800000,1364,415,-2.2427,-3.4009,0.3000,-0.013753,-0.034101,-0.029079,0.036770,-1.954146,12
273.000000,1365,416,-2.2427,-3.4009,0.3000,-0.013753,-0.034101,-0.029079,0.036770,-1.954146,12
273.200000,1366,417,-2.2427,-3.4009,0.3000,-0.009527,-0.018184,-0.023590,0.020528,-2.053389,12
273.400000,1367,418,-2.2427,-3.4009,0.3000,-0.009527,-0.018184,-0.023590,0.020528,-2.053389,12
273.600000,1368,419,-2.2427,-3.4009,0.3000,-0.014240,-0.013868,-0.011165,0.019877,-2.369428,12
273.800000,1369,420,-2.2427,-3.4009,0.3000,-0.014240,-0.013868,-0.011165,0.019877,-2.369428,12
274.000000,1370,421,-2.2427,-3.4009,0.3000,-0.011310,-0.017390,-0.009952,0.020744,-2.147434,12
274.200000,1371,422,-2.2427,-3.4009,0.3000,-0.011310,-0.017390,-0.009952,0.020744,-2.147434,12
274.400000,1372,423,-2.2427,-3.4009,0.3000,-0.010916,-0.017706,-0.009132,0.020801,-2.123270,12
274.600000,1373,424,-2.2427,-3.4009,0.3000,-0.010916,-0.017706,-0.009132,0.020801,-2.123270,12
274.800000,1374,425,-2.2427,-3.4009,0.3000,-0.010916,-0.017706,-0.009132,0.020801,-2.123270,12
275.000000,1375,426,-2.2427,-3.4009,0.3000,-0.010625,-0.017401,-0.009018,0.020388,-2.118971,12
275.200000,1376,427,-2.2427,-3.4009,0.3000,-0.010625,-0.017401,-0.009018,0.020388,-2.118971,12
275.400000,1377,428,-2.2427,-3.4009,0.3000,-0.011443,-0.016438,-0.008474,0.020029,-2.178921,12
275.600000,1378,429,-2.2427,-3.4009,0.3000,-0.011443,-0.016438,-0.008474,0.020029,-2.178921,12
275.800000,1379,430,-2.2427,-3.4009,0.3000,-0.011456,-0.017519,-0.008430,0.020932,-2.149921,12
276.000000,1380,431,-2.2427,-3.4009,0.3000,-0.011456,-0.017519,-0.008430,0.020932,-2.149921,12
