t_sim_s,step,x,y,z,yaw,vx,vy,vz,wind_id,baseline_angle_deg,baseline_length_m
0.0,1,-1.3298858834336933,-0.19707474875092523,0.4,3.141592653589793,-0.35,0.0,0.0,W_fast,85,2.0
0.2,2,-1.571549185788556,-0.166805876948248,0.4,3.141592653589793,-0.35,0.0,0.0,W_fast,75,2.0
0.4,3,-1.6415491857885558,-0.166805876948248,0.4,3.141592653589793,-0.3499999999999999,0.0,0.0,W_fast,75,2.0
0.6000000000000001,4,-1.7115491857885559,-0.166805876948248,0.4,3.141592653589793,-0.35,0.0,0.0,W_fast,75,2.0
0.8,5,-1.781549185788556,-0.166805876948248,0.4,3.141592653589793,-0.35,0.0,0.0,W_fast,75,2.0
1.0,6,-1.7663783183529658,-0.1856878036713877,0.4,3.141592653589793,-0.3499999999999999,0.0,0.0,W_fast,80,2.0
1.2000000000000002,7,-1.7498858834336932,-0.19707474875092523,0.4,3.141592653589793,-0.35,0.0,0.0,W_fast,85,2.0
1.4000000000000001,8,-1.7327301406860351,-0.2008800506591797,0.4,3.141592653589793,-0.35,0.0,0.0,W_fast,90,2.0
1.6,9,-1.7427301406860352,-0.14088005065917975,0.4,1.5707963267948966,0.0,0.35,0.0,W_fast,90,2.0
1.8,10,-1.7427301406860352,-0.07088005065917968,0.4,1.5707963267948966,0.0,0.35,0.0,W_fast,90,2.0
2.0,11,-1.8298858834336933,0.002925251249074723,0.4,1.5707963267948966,0.0,0.35,0.0,W_fast,85,2.0
2.2,12,-1.8298858834336933,0.07292525124907479,0.4,1.5707963267948966,0.0,0.35,0.0,W_fast,85,2.0
2.4000000000000004,13,-1.7427301406860352,0.1391199493408204,0.4,1.5707963267948966,0.0,0.35,0.0,W_fast,90,2.0
2.6,14,-1.7427301406860352,0.20911994934082023,0.4,1.5707963267948966,0.0,0.35,0.0,W_fast,90,2.0
2.8000000000000003,15,-1.7427301406860352,0.2791199493408203,0.4,1.5707963267948966,0.0,0.35,0.0,W_fast,90,2.0
3.0,16,-1.7798858834336935,0.30292525124907477,0.4,0.0,0.35,0.0,0.0,W_fast,85,2.0
3.2,17,-1.7963783183529656,0.3143121963286123,0.4,0.0,0.3499999999999999,0.0,0.0,W_fast,80,2.0
3.4000000000000004,18,-1.811549185788556,0.333194123051752,0.4,0.0,0.3499999999999999,0.0,0.0,W_fast,75,2.0
3.6,19,-1.7415491857885559,0.333194123051752,0.4,0.0,0.35,0.0,0.0,W_fast,75,2.0
3.8000000000000003,20,-1.7015492334722717,0.3631941707354679,0.4,1.5707963267948966,0.0,0.35,0.0,W_fast,75,2.0
4.0,21,-1.7015492334722717,0.43319417073546773,0.4,1.5707963267948966,0.0,0.35,0.0,W_fast,75,2.0
4.2,22,-1.7847503316954199,0.5294273762386278,0.4,1.5707963267948966,0.0,0.35,0.0,W_fast,70,2.0
4.4,23,-1.7847503316954199,0.5994273762386279,0.4,1.5707963267948966,0.0,0.35,0.0,W_fast,70,2.0
4.6000000000000005,24,-1.7747504747465672,0.6594275192897753,0.4,0.0,0.3499999999999999,0.0,0.0,W_fast,70,2.0
4.800000000000001,25,-1.621549376523419,0.6331943137866153,0.4,0.0,0.3499999999999999,0.0,0.0,W_fast,75,2.0
5.0,26,-1.6015490904211243,0.6831940276843204,0.4,1.5707963267948966,0.0,0.35,0.0,W_fast,75,2.0
5.2,27,-1.6015490904211243,0.7531940276843202,0.4,1.5707963267948966,0.0,0.35,0.0,W_fast,75,2.0
5.4,28,-1.6015490904211243,0.8231940276843203,0.4,1.5707963267948966,0.0,0.35,0.0,W_fast,75,2.0
5.6000000000000005,29,-1.6847501886442724,0.9194272331874803,0.4,1.5707963267948966,0.0,0.35,0.0,W_fast,70,2.0
5.800000000000001,30,-1.6847501886442724,0.9894272331874806,0.4,1.5707963267948966,0.0,0.35,0.0,W_fast,70,2.0
6.0,31,-1.7653482116918717,1.092811971569307,0.4,0.0,0.35,0.0,0.0,W_fast,65,2.0
6.2,32,-1.5315489950536927,1.0331939323168888,0.4,0.0,0.35,0.0,0.0,W_fast,75,2.0
6.4,33,-1.501549185788556,1.0731941230517519,0.4,1.5707963267948966,0.0,0.35,0.0,W_fast,75,2.0
6.6000000000000005,34,-1.501549185788556,1.1431941230517522,0.4,1.5707963267948966,0.0,0.35,0.0,W_fast,75,2.0
6.800000000000001,35,-1.501549185788556,1.213194123051752,0.4,1.5707963267948966,0.0,0.35,0.0,W_fast,75,2.0
7.0,36,-1.451549757993146,1.233194695256342,0.4,0.0,0.35,0.0,0.0,W_fast,75,2.0
7.2,37,-1.4015492811559875,1.2531942184191838,0.4,1.5707963267948966,0.0,0.35,0.0,W_fast,75,2.0
7.4,38,-1.4015492811559875,1.3231942184191836,0.4,1.5707963267948966,0.0,0.35,0.0,W_fast,75,2.0
7.6000000000000005,39,-1.4015492811559875,1.393194218419184,0.4,1.5707963267948966,0.0,0.35,0.0,W_fast,75,2.0
7.800000000000001,40,-1.4547506654814306,1.4594277100246384,0.4,0.0,0.35,0.0,0.0,W_fast,70,2.0
8.0,41,-1.3847506654814308,1.4594277100246384,0.4,0.0,0.35,0.0,0.0,W_fast,70,2.0
8.200000000000001,42,-1.5427303314208984,1.603094736291245,0.4,1.5707963267948966,0.0,0.35,0.0,W_fast,60,2.0
8.4,43,-1.576306386302218,1.6799677143169651,0.4,0.0,0.35,0.0,0.0,W_fast,55,2.0
8.6,44,-1.516306386302218,1.689967714316965,0.4,1.5707963267948966,0.0,0.35,0.0,W_fast,55,2.0
8.8,45,-1.5855175596377111,1.8130753154869792,0.4,1.5707963267948966,0.0,0.35,0.0,W_fast,50,2.0
9.0,46,-1.599837112607446,1.8920133588891361,0.4,0.0,0.35,0.0,0.0,W_fast,45,2.0
9.200000000000001,47,-1.5298371126074457,1.8920133588891361,0.4,0.0,0.35,0.0,0.0,W_fast,45,2.0
9.4,48,-1.4598371126074459,1.8920133588891361,0.4,0.0,0.35,0.0,0.0,W_fast,45,2.0
9.600000000000001,49,-1.508774583805013,2.0163323396542814,0.4,1.5707963267948966,0.0,0.35,0.0,W_fast,40,2.0
9.8,50,-1.4787751560096027,2.056332911858871,0.4,0.0,0.35,0.0,0.0,W_fast,40,2.0
10.0,51,-1.408775156009603,2.056332911858871,0.4,0.0,0.35,0.0,0.0,W_fast,40,2.0
10.200000000000001,52,-1.3387751560096026,2.056332911858871,0.4,0.0,0.35,0.0,0.0,W_fast,40,2.0
10.4,53,-1.2687751560096032,2.056332911858871,0.4,0.0,0.35,0.0,0.0,W_fast,40,2.0
10.600000000000001,54,-1.1987751560096025,2.056332911858871,0.4,0.0,0.35,0.0,0.0,W_fast,40,2.0
10.8,55,-1.128775156009603,2.056332911858871,0.4,0.0,0.35,0.0,0.0,W_fast,40,2.0
11.0,56,-1.1618820896075954,2.1755434176223423,0.4,1.5707963267948966,0.0,0.35,0.0,W_fast,35,2.0
11.200000000000001,57,-1.188755544470474,2.2991199493408203,0.4,0.0,0.35,0.0,0.0,W_fast,30,2.0
11.4,58,-1.1187555444704742,2.2991199493408203,0.4,0.0,0.35,0.0,0.0,W_fast,30,2.0
11.600000000000001,59,-1.1490379277226852,2.4365016876001215,0.4,1.5707963267948966,0.0,0.35,0.0,W_fast,25,2.0
11.8,60,-1.1824227614719436,2.5870998060151513,0.4,1.5707963267948966,0.0,0.35,0.0,W_fast,20,2.0
12.0,61,-1.182422570737081,2.657099615280288,0.4,0.0,0.35,0.0,0.0,W_fast,20,2.0
12.200000000000001,62,-1.1124225707370798,2.657099615280288,0.4,0.0,0.35,0.0,0.0,W_fast,20,2.0
12.4,63,-1.108656062342535,2.780300999605731,0.4,1.5707963267948966,0.0,0.35,0.0,W_fast,15,2.0
12.600000000000001,64,-1.127537989065675,2.9354718670413216,0.4,1.5707963267948966,0.0,0.35,0.0,W_fast,10,2.0
12.8,65,-1.1389249341452123,3.0919643019605934,0.4,1.5707963267948966,0.0,0.35,0.0,W_fast,5,2.0
13.0,66,-1.1389249341452123,3.1619643019605936,0.4,1.5707963267948966,0.0,0.35,0.0,W_fast,5,2.0
13.200000000000001,67,-1.122730140686035,3.2991199493408203,0.4,0.0,0.35,0.0,0.0,W_fast,0,2.0
13.4,68,-1.0527301406860357,3.2991199493408203,0.4,0.0,0.35,0.0,0.0,W_fast,0,2.0
13.600000000000001,69,-0.9827301406860354,3.2991199493408203,0.4,0.0,0.35,0.0,0.0,W_fast,0,2.0
13.8,70,-0.9127301406860351,3.2991199493408203,0.4,0.0,0.35,0.0,0.0,W_fast,0,2.0
14.0,71,-0.8427301406860357,3.2991199493408203,0.4,0.0,0.35,0.0,0.0,W_fast,0,2.0
14.200000000000001,72,-0.7727301406860354,3.2991199493408203,0.4,0.0,0.35,0.0,0.0,W_fast,0,2.0
14.4,73,-0.7027301406860351,3.2991199493408203,0.4,0.0,0.35,0.0,0.0,W_fast,0,2.0
14.600000000000001,74,-0.6327301406860348,3.2991199493408203,0.4,0.0,0.35,0.0,0.0,W_fast,0,2.0
14.8,75,-0.5627301406860354,3.2991199493408203,0.4,0.0,0.35,0.0,0.0,W_fast,0,2.0
15.0,76,-0.49273014068603516,3.2991199493408203,0.4,0.0,0.35,0.0,0.0,W_fast,0,2.0
15.200000000000001,77,-0.42273014068603487,3.2991199493408203,0.4,0.0,0.35,0.0,0.0,W_fast,0,2.0
15.4,78,-0.3527301406860355,3.2991199493408203,0.4,0.0,0.35,0.0,0.0,W_fast,0,2.0
15.600000000000001,79,-0.2827301406860352,3.2991199493408203,0.4,0.0,0.35,0.0,0.0,W_fast,0,2.0
15.8,80,-0.2127301406860349,3.2991199493408203,0.4,0.0,0.35,0.0,0.0,W_fast,0,2.0
16.0,81,-0.1427301406860355,3.2991199493408203,0.4,0.0,0.35,0.0,0.0,W_fast,0,2.0
16.2,82,-0.07273014068603612,3.2991199493408203,0.4,0.0,0.35,0.0,0.0,W_fast,0,2.0
16.400000000000002,83,-0.002730140686034943,3.2991199493408203,0.4,0.0,0.35,0.0,0.0,W_fast,0,2.0
16.6,84,0.06726985931396534,3.2991199493408203,0.4,0.0,0.35,0.0,0.0,W_fast,0,2.0
16.8,85,0.13726985931396474,3.2991199493408203,0.4,0.0,0.35,0.0,0.0,W_fast,0,2.0
17.0,86,0.20726985931396413,3.2991199493408203,0.4,0.0,0.35,0.0,0.0,W_fast,0,2.0
17.2,87,0.2772698593139644,3.2991199493408203,0.4,0.0,0.35,0.0,0.0,W_fast,0,2.0
17.400000000000002,88,0.3472698593139656,3.2991199493408203,0.4,0.0,0.35,0.0,0.0,W_fast,0,2.0
17.6,89,0.417269859313965,3.2991199493408203,0.4,0.0,0.35,0.0,0.0,W_fast,0,2.0
17.8,90,0.4872698593139644,3.2991199493408203,0.4,0.0,0.35,0.0,0.0,W_fast,0,2.0
18.0,91,0.5572698593139647,3.2991199493408203,0.4,0.0,0.35,0.0,0.0,W_fast,0,2.0
18.2,92,0.6272698593139641,3.2991199493408203,0.4,0.0,0.35,0.0,0.0,W_fast,0,2.0
18.400000000000002,93,0.6972698593139652,3.2991199493408203,0.4,0.0,0.35,0.0,0.0,W_fast,0,2.0
18.6,94,0.7572698593139648,3.2891199493408205,0.4,-1.5707963267948966,0.0,-0.35,0.0,W_fast,0,2.0
18.8,95,0.7610751612222193,3.131964206593162,0.4,-1.5707963267948966,0.0,-0.35,0.0,W_fast,5,2.0
19.0,96,0.71107458901763,3.111964778797752,0.4,3.141592653589793,-0.35,0.0,0.0,W_fast,5,2.0
19.200000000000003,97,0.6410745890176288,3.111964778797752,0.4,3.141592653589793,-0.35,0.0,0.0,W_fast,5,2.0
19.400000000000002,98,0.5710745890176294,3.111964778797752,0.4,3.141592653589793,-0.35,0.0,0.0,W_fast,5,2.0
19.6,99,0.5010745890176291,3.111964778797752,0.4,3.141592653589793,-0.35,0.0,0.0,W_fast,5,2.0
19.8,100,0.43107458901762974,3.111964778797752,0.4,3.141592653589793,-0.35,0.0,0.0,W_fast,5,2.0
20.0,101,0.36107458901762945,3.111964778797752,0.4,3.141592653589793,-0.35,0.0,0.0,W_fast,5,2.0
20.200000000000003,102,0.29107458901762917,3.111964778797752,0.4,3.141592653589793,-0.35,0.0,0.0,W_fast,5,2.0
20.400000000000002,103,0.2210745890176289,3.111964778797752,0.4,3.141592653589793,-0.35,0.0,0.0,W_fast,5,2.0
20.6,104,0.1510745890176295,3.111964778797752,0.4,3.141592653589793,-0.35,0.0,0.0,W_fast,5,2.0
20.8,105,0.0810745890176301,3.111964778797752,0.4,3.141592653589793,-0.35,0.0,0.0,W_fast,5,2.0
21.0,106,0.01107458901762981,3.111964778797752,0.4,3.141592653589793,-0.35,0.0,0.0,W_fast,5,2.0
21.200000000000003,107,-0.05892541098237136,3.111964778797752,0.4,3.141592653589793,-0.35,0.0,0.0,W_fast,5,2.0
21.400000000000002,108,-0.12892541098237076,3.111964778797752,0.4,3.141592653589793,-0.35,0.0,0.0,W_fast,5,2.0
21.6,109,-0.19892541098237015,3.111964778797752,0.4,3.141592653589793,-0.35,0.0,0.0,W_fast,5,2.0
21.8,110,-0.26892541098237044,3.111964778797752,0.4,3.141592653589793,-0.35,0.0,0.0,W_fast,5,2.0
22.0,111,-0.33892541098236983,3.111964778797752,0.4,3.141592653589793,-0.35,0.0,0.0,W_fast,5,2.0
22.200000000000003,112,-0.408925410982371,3.111964778797752,0.4,3.141592653589793,-0.35,0.0,0.0,W_fast,5,2.0
22.400000000000002,113,-0.4789254109823704,3.111964778797752,0.4,3.141592653589793,-0.35,0.0,0.0,W_fast,5,2.0
22.6,114,-0.5489254109823707,3.111964778797752,0.4,3.141592653589793,-0.35,0.0,0.0,W_fast,5,2.0
22.8,115,-0.6189254109823701,3.111964778797752,0.4,3.141592653589793,-0.35,0.0,0.0,W_fast,5,2.0
23.0,116,-0.6889254109823695,3.111964778797752,0.4,3.141592653589793,-0.35,0.0,0.0,W_fast,5,2.0
23.200000000000003,117,-0.7589254109823715,3.111964778797752,0.4,3.141592653589793,-0.35,0.0,0.0,W_fast,5,2.0
23.400000000000002,118,-0.82892541098237,3.111964778797752,0.4,3.141592653589793,-0.35,0.0,0.0,W_fast,5,2.0
23.6,119,-0.8989254109823703,3.111964778797752,0.4,3.141592653589793,-0.35,0.0,0.0,W_fast,5,2.0
23.8,120,-0.9689254109823706,3.111964778797752,0.4,3.141592653589793,-0.35,0.0,0.0,W_fast,5,2.0
24.0,121,-1.038925029512644,3.111964397328027,0.4,-1.5707963267948966,0.0,-0.35,0.0,W_fast,5,2.0
24.200000000000003,122,-1.0275380844331066,2.9554719624087524,0.4,-1.5707963267948966,0.0,-0.35,0.0,W_fast,10,2.0
24.400000000000002,123,-0.9875380844331055,2.925471962408753,0.4,0.0,0.35,0.0,0.0,W_fast,10,2.0
24.6,124,-0.917538084433107,2.925471962408753,0.4,0.0,0.35,0.0,0.0,W_fast,10,2.0
24.8,125,-0.8475380844331067,2.925471962408753,0.4,0.0,0.35,0.0,0.0,W_fast,10,2.0
25.0,126,-0.7775380844331065,2.925471962408753,0.4,0.0,0.35,0.0,0.0,W_fast,10,2.0
25.200000000000003,127,-0.7075380844331062,2.925471962408753,0.4,0.0,0.35,0.0,0.0,W_fast,10,2.0
25.400000000000002,128,-0.6375380844331059,2.925471962408753,0.4,0.0,0.35,0.0,0.0,W_fast,10,2.0
25.6,129,-0.5675380844331074,2.925471962408753,0.4,0.0,0.35,0.0,0.0,W_fast,10,2.0
25.8,130,-0.4975380844331071,2.925471962408753,0.4,0.0,0.35,0.0,0.0,W_fast,10,2.0
26.0,131,-0.4275380844331068,2.925471962408753,0.4,0.0,0.35,0.0,0.0,W_fast,10,2.0
26.200000000000003,132,-0.35753808443310653,2.925471962408753,0.4,0.0,0.35,0.0,0.0,W_fast,10,2.0
26.400000000000002,133,-0.28753808443310624,2.925471962408753,0.4,0.0,0.35,0.0,0.0,W_fast,10,2.0
26.6,134,-0.21753808443310596,2.925471962408753,0.4,0.0,0.35,0.0,0.0,W_fast,10,2.0
26.8,135,-0.14753808443310745,2.925471962408753,0.4,0.0,0.35,0.0,0.0,W_fast,10,2.0
27.0,136,-0.07753808443310717,2.925471962408753,0.4,0.0,0.35,0.0,0.0,W_fast,10,2.0
27.200000000000003,137,-0.007538084433106884,2.925471962408753,0.4,0.0,0.35,0.0,0.0,W_fast,10,2.0
27.400000000000002,138,0.0624619155668934,2.925471962408753,0.4,0.0,0.35,0.0,0.0,W_fast,10,2.0
27.6,139,0.13246191556689368,2.925471962408753,0.4,0.0,0.35,0.0,0.0,W_fast,10,2.0
27.8,140,0.20246191556689397,2.925471962408753,0.4,0.0,0.35,0.0,0.0,W_fast,10,2.0
28.0,141,0.2724619155668925,2.925471962408753,0.4,0.0,0.35,0.0,0.0,W_fast,10,2.0
28.200000000000003,142,0.34246191556689454,2.925471962408753,0.4,0.0,0.35,0.0,0.0,W_fast,10,2.0
28.400000000000002,143,0.41246191556689304,2.925471962408753,0.4,0.0,0.35,0.0,0.0,W_fast,10,2.0
28.6,144,0.48246191556689333,2.925471962408753,0.4,0.0,0.35,0.0,0.0,W_fast,10,2.0
28.8,145,0.5524619155668936,2.925471962408753,0.4,0.0,0.35,0.0,0.0,W_fast,10,2.0
29.0,146,0.6224619155668921,2.925471962408753,0.4,0.0,0.35,0.0,0.0,W_fast,10,2.0
29.200000000000003,147,0.6924619155668942,2.925471962408753,0.4,0.0,0.35,0.0,0.0,W_fast,10,2.0
29.400000000000002,148,0.7624619155668945,2.925471962408753,0.4,0.0,0.35,0.0,0.0,W_fast,10,2.0
29.6,149,0.7913440330248965,2.7803012857080267,0.4,-1.5707963267948966,0.0,-0.35,0.0,W_fast,15,2.0
29.8,150,0.7875778107326465,2.657099615280288,0.4,3.141592653589793,-0.35,0.0,0.0,W_fast,20,2.0
30.0,151,0.7175778107326463,2.657099615280288,0.4,3.141592653589793,-0.35,0.0,0.0,W_fast,20,2.0
30.200000000000003,152,0.647577810732646,2.657099615280288,0.4,3.141592653589793,-0.35,0.0,0.0,W_fast,20,2.0
30.400000000000002,153,0.5775778107326457,2.657099615280288,0.4,3.141592653589793,-0.35,0.0,0.0,W_fast,20,2.0
30.6,154,0.5075778107326472,2.657099615280288,0.4,3.141592653589793,-0.35,0.0,0.0,W_fast,20,2.0
30.8,155,0.4375778107326469,2.657099615280288,0.4,3.141592653589793,-0.35,0.0,0.0,W_fast,20,2.0
31.0,156,0.3675778107326466,2.657099615280288,0.4,3.141592653589793,-0.35,0.0,0.0,W_fast,20,2.0
31.200000000000003,157,0.29757781073264633,2.657099615280288,0.4,3.141592653589793,-0.35,0.0,0.0,W_fast,20,2.0
31.400000000000002,158,0.22757781073264605,2.657099615280288,0.4,3.141592653589793,-0.35,0.0,0.0,W_fast,20,2.0
31.6,159,0.15757781073264576,2.657099615280288,0.4,3.141592653589793,-0.35,0.0,0.0,W_fast,20,2.0
31.8,160,0.08757781073264725,2.657099615280288,0.4,3.141592653589793,-0.35,0.0,0.0,W_fast,20,2.0
32.0,161,0.01757781073264697,2.657099615280288,0.4,3.141592653589793,-0.35,0.0,0.0,W_fast,20,2.0
32.2,162,-0.052422189267353314,2.657099615280288,0.4,3.141592653589793,-0.35,0.0,0.0,W_fast,20,2.0
32.4,163,-0.12242218926735182,2.657099615280288,0.4,3.141592653589793,-0.35,0.0,0.0,W_fast,20,2.0
32.6,164,-0.19242218926735388,2.657099615280288,0.4,3.141592653589793,-0.35,0.0,0.0,W_fast,20,2.0
32.800000000000004,165,-0.26242218926735417,2.657099615280288,0.4,3.141592653589793,-0.35,0.0,0.0,W_fast,20,2.0
33.0,166,-0.3324221892673527,2.657099615280288,0.4,3.141592653589793,-0.35,0.0,0.0,W_fast,20,2.0
33.2,167,-0.40242218926735474,2.657099615280288,0.4,3.141592653589793,-0.35,0.0,0.0,W_fast,20,2.0
33.4,168,-0.47242218926735324,2.657099615280288,0.4,3.141592653589793,-0.35,0.0,0.0,W_fast,20,2.0
33.6,169,-0.5424221892673535,2.657099615280288,0.4,3.141592653589793,-0.35,0.0,0.0,W_fast,20,2.0
33.800000000000004,170,-0.6124221892673538,2.657099615280288,0.4,3.141592653589793,-0.35,0.0,0.0,W_fast,20,2.0
34.0,171,-0.6824221892673523,2.657099615280288,0.4,3.141592653589793,-0.35,0.0,0.0,W_fast,20,2.0
34.2,172,-0.7524221892673544,2.657099615280288,0.4,3.141592653589793,-0.35,0.0,0.0,W_fast,20,2.0
34.4,173,-0.8224221892673529,2.657099615280288,0.4,3.141592653589793,-0.35,0.0,0.0,W_fast,20,2.0
34.6,174,-0.8924221892673532,2.657099615280288,0.4,3.141592653589793,-0.35,0.0,0.0,W_fast,20,2.0
34.800000000000004,175,-0.9624221892673552,2.657099615280288,0.4,3.141592653589793,-0.35,0.0,0.0,W_fast,20,2.0
35.0,176,-0.9824229522068069,2.6071003782197413,0.4,-1.5707963267948966,0.0,-0.35,0.0,W_fast,20,2.0
35.2,177,-0.9690379277226854,2.4765020690698476,0.4,3.141592653589793,-0.35,0.0,0.0,W_fast,25,2.0
35.4,178,-1.039037927722684,2.4765020690698476,0.4,3.141592653589793,-0.35,0.0,0.0,W_fast,25,2.0
35.6,179,-1.0087556398379056,2.3391204261779794,0.4,-1.5707963267948966,0.0,-0.35,0.0,W_fast,30,2.0
35.800000000000004,180,-0.9787561166750626,2.2991199493408203,0.4,0.0,0.35,0.0,0.0,W_fast,30,2.0
36.0,181,-0.9087561166750641,2.2991199493408203,0.4,0.0,0.35,0.0,0.0,W_fast,30,2.0
36.2,182,-0.8387561166750638,2.2991199493408203,0.4,0.0,0.35,0.0,0.0,W_fast,30,2.0
36.4,183,-0.8087553537356106,2.3391191864013656,0.4,1.5707963267948966,0.0,0.35,0.0,W_fast,30,2.0
36.6,184,-0.839038881397001,2.4765020690698476,0.4,0.0,0.35,0.0,0.0,W_fast,25,2.0
36.800000000000004,185,-0.7690388813970007,2.4765020690698476,0.4,0.0,0.35,0.0,0.0,W_fast,25,2.0
37.0,186,-0.6990388813970022,2.4765020690698476,0.4,0.0,0.35,0.0,0.0,W_fast,25,2.0
37.2,187,-0.6290388813970019,2.4765020690698476,0.4,0.0,0.35,0.0,0.0,W_fast,25,2.0
37.4,188,-0.5590388813970034,2.4765020690698476,0.4,0.0,0.35,0.0,0.0,W_fast,25,2.0
37.6,189,-0.48903888139700136,2.4765020690698476,0.4,0.0,0.35,0.0,0.0,W_fast,25,2.0
37.800000000000004,190,-0.4190388813970011,2.4765020690698476,0.4,0.0,0.35,0.0,0.0,W_fast,25,2.0
38.0,191,-0.34903888139700256,2.4765020690698476,0.4,0.0,0.35,0.0,0.0,W_fast,25,2.0
38.2,192,-0.2790388813970005,2.4765020690698476,0.4,0.0,0.35,0.0,0.0,W_fast,25,2.0
38.400000000000006,193,-0.20903888139700022,2.4765020690698476,0.4,0.0,0.35,0.0,0.0,W_fast,25,2.0
38.6,194,-0.1390388813970017,2.4765020690698476,0.4,0.0,0.35,0.0,0.0,W_fast,25,2.0
38.800000000000004,195,-0.06903888139700143,2.4765020690698476,0.4,0.0,0.35,0.0,0.0,W_fast,25,2.0
39.0,196,0.0009611186029970797,2.4765020690698476,0.4,0.0,0.35,0.0,0.0,W_fast,25,2.0
39.2,197,0.07096111860299914,2.4765020690698476,0.4,0.0,0.35,0.0,0.0,W_fast,25,2.0
39.400000000000006,198,0.14096111860299942,2.4765020690698476,0.4,0.0,0.35,0.0,0.0,W_fast,25,2.0
39.6,199,0.21096111860299793,2.4765020690698476,0.4,0.0,0.35,0.0,0.0,W_fast,25,2.0
39.800000000000004,200,0.280961118603,2.4765020690698476,0.4,0.0,0.35,0.0,0.0,W_fast,25,2.0
40.0,201,0.3509611186029985,2.4765020690698476,0.4,0.0,0.35,0.0,0.0,W_fast,25,2.0
40.2,202,0.4209611186029988,2.4765020690698476,0.4,0.0,0.35,0.0,0.0,W_fast,25,2.0
40.400000000000006,203,0.49096111860299907,2.4765020690698476,0.4,0.0,0.35,0.0,0.0,W_fast,25,2.0
40.6,204,0.5609611186029976,2.4765020690698476,0.4,0.0,0.35,0.0,0.0,W_fast,25,2.0
40.800000000000004,205,0.6309611186029996,2.4765020690698476,0.4,0.0,0.35,0.0,0.0,W_fast,25,2.0
41.0,206,0.7009611186029981,2.4765020690698476,0.4,0.0,0.35,0.0,0.0,W_fast,25,2.0
41.2,207,0.7709611186029984,2.4765020690698476,0.4,0.0,0.35,0.0,0.0,W_fast,25,2.0
41.400000000000006,208,0.8409611186029987,2.4765020690698476,0.4,0.0,0.35,0.0,0.0,W_fast,25,2.0
41.6,209,0.9109611186029972,2.4765020690698476,0.4,0.0,0.35,0.0,0.0,W_fast,25,2.0
41.800000000000004,210,0.9175771431606248,2.587099329177994,0.4,1.5707963267948966,0.0,0.35,0.0,W_fast,20,2.0
42.0,211,0.9175771431606248,2.6570993291779925,0.4,1.5707963267948966,0.0,0.35,0.0,W_fast,20,2.0
42.2,212,2.8669620986301463,2.657099615280288,0.4,0.0,0.35,0.0,0.0,W_fast,160,2.0
42.400000000000006,213,2.89696228936501,2.61709980601515,0.4,-1.5707963267948966,0.0,-0.35,0.0,W_fast,160,2.0
42.6,214,2.8635774556157516,2.466501687600121,0.4,-1.5707963267948966,0.0,-0.35,0.0,W_fast,155,2.0
42.800000000000004,215,2.8232950723635404,2.31911994934082,0.4,-1.5707963267948966,0.0,-0.35,0.0,W_fast,150,2.0
43.0,216,1.0412442647946638,2.2991199493408203,0.4,3.141592653589793,-0.35,0.0,0.0,W_fast,30,2.0
43.2,217,0.9712442647946636,2.2991199493408203,0.4,3.141592653589793,-0.35,0.0,0.0,W_fast,30,2.0
43.400000000000006,218,0.9012442647946616,2.2991199493408203,0.4,3.141592653589793,-0.35,0.0,0.0,W_fast,30,2.0
43.6,219,0.8312442647946631,2.2991199493408203,0.4,3.141592653589793,-0.35,0.0,0.0,W_fast,30,2.0
43.800000000000004,220,0.7612442647946628,2.2991199493408203,0.4,3.141592653589793,-0.35,0.0,0.0,W_fast,30,2.0
44.0,221,0.6912442647946643,2.2991199493408203,0.4,3.141592653589793,-0.35,0.0,0.0,W_fast,30,2.0
44.2,222,0.6212442647946622,2.2991199493408203,0.4,3.141592653589793,-0.35,0.0,0.0,W_fast,30,2.0
44.400000000000006,223,0.5512442647946619,2.2991199493408203,0.4,3.141592653589793,-0.35,0.0,0.0,W_fast,30,2.0
44.6,224,0.4812442647946634,2.2991199493408203,0.4,3.141592653589793,-0.35,0.0,0.0,W_fast,30,2.0
44.800000000000004,225,0.41124426479466314,2.2991199493408203,0.4,3.141592653589793,-0.35,0.0,0.0,W_fast,30,2.0
45.0,226,0.34124426479466463,2.2991199493408203,0.4,3.141592653589793,-0.35,0.0,0.0,W_fast,30,2.0
45.2,227,0.27124426479466257,2.2991199493408203,0.4,3.141592653589793,-0.35,0.0,0.0,W_fast,30,2.0
45.400000000000006,228,0.2012442647946623,2.2991199493408203,0.4,3.141592653589793,-0.35,0.0,0.0,W_fast,30,2.0
45.6,229,0.13124426479466378,2.2991199493408203,0.4,3.141592653589793,-0.35,0.0,0.0,W_fast,30,2.0
45.800000000000004,230,0.06124426479466172,2.2991199493408203,0.4,3.141592653589793,-0.35,0.0,0.0,W_fast,30,2.0
46.0,231,-0.008755735205335013,2.2991199493408203,0.4,3.141592653589793,-0.35,0.0,0.0,W_fast,30,2.0
46.2,232,-0.07875573520533885,2.2991199493408203,0.4,3.141592653589793,-0.35,0.0,0.0,W_fast,30,2.0
46.400000000000006,233,-0.14875573520533913,2.2991199493408203,0.4,3.141592653589793,-0.35,0.0,0.0,W_fast,30,2.0
46.6,234,-0.21875573520533587,2.2991199493408203,0.4,3.141592653589793,-0.35,0.0,0.0,W_fast,30,2.0
46.800000000000004,235,-0.28875573520533615,2.2991199493408203,0.4,3.141592653589793,-0.35,0.0,0.0,W_fast,30,2.0
47.0,236,-0.35875573520533643,2.2991199493408203,0.4,3.141592653589793,-0.35,0.0,0.0,W_fast,30,2.0
47.2,237,-0.4287557352053367,2.2991199493408203,0.4,3.141592653589793,-0.35,0.0,0.0,W_fast,30,2.0
47.400000000000006,238,-0.498755735205337,2.2991199493408203,0.4,3.141592653589793,-0.35,0.0,0.0,W_fast,30,2.0
47.6,239,-0.5687557352053373,2.2991199493408203,0.4,3.141592653589793,-0.35,0.0,0.0,W_fast,30,2.0
47.800000000000004,240,-0.6387557352053376,2.2991199493408203,0.4,3.141592653589793,-0.35,0.0,0.0,W_fast,30,2.0
48.0,241,-0.7087554491030422,2.2991196632385282,0.4,-1.5707963267948966,0.0,-0.35,0.0,W_fast,30,2.0
48.2,242,-0.6618820896075953,2.1555432268874783,0.4,-1.5707963267948966,0.0,-0.35,0.0,W_fast,35,2.0
48.400000000000006,243,-0.6487753467444676,2.056332911858871,0.4,3.141592653589793,-0.35,0.0,0.0,W_fast,40,2.0
48.6,244,-0.7187753467444643,2.056332911858871,0.4,3.141592653589793,-0.35,0.0,0.0,W_fast,40,2.0
48.800000000000004,245,-0.7887753467444681,2.056332911858871,0.4,3.141592653589793,-0.35,0.0,0.0,W_fast,40,2.0
49.0,246,-0.8587753467444649,2.056332911858871,0.4,3.141592653589793,-0.35,0.0,0.0,W_fast,40,2.0
49.2,247,-0.9287753467444652,2.056332911858871,0.4,3.141592653589793,-0.35,0.0,0.0,W_fast,40,2.0
49.400000000000006,248,-0.9987753467444654,2.056332911858871,0.4,3.141592653589793,-0.35,0.0,0.0,W_fast,40,2.0
49.6,249,-0.9498369218725827,1.9320129774194101,0.4,-1.5707963267948966,0.0,-0.35,0.0,W_fast,45,2.0
49.800000000000004,250,-0.979837303342309,1.8920133588891361,0.4,3.141592653589793,-0.35,0.0,0.0,W_fast,45,2.0
50.0,251,-1.0498373033423092,1.8920133588891361,0.4,3.141592653589793,-0.35,0.0,0.0,W_fast,45,2.0
50.2,252,-1.1198373033423095,1.8920133588891361,0.4,3.141592653589793,-0.35,0.0,0.0,W_fast,45,2.0
50.400000000000006,253,-1.1898373033423097,1.8920133588891361,0.4,3.141592653589793,-0.35,0.0,0.0,W_fast,45,2.0
50.6,254,-1.25983730334231,1.8920133588891361,0.4,3.141592653589793,-0.35,0.0,0.0,W_fast,45,2.0
50.800000000000004,255,-1.3298373033423103,1.8920133588891361,0.4,3.141592653589793,-0.35,0.0,0.0,W_fast,45,2.0
51.0,256,-1.285517845740006,1.783075410854413,0.4,-1.5707963267948966,0.0,-0.35,0.0,W_fast,50,2.0
51.2,257,-1.2363065770370794,1.6799677143169651,0.4,3.141592653589793,-0.35,0.0,0.0,W_fast,55,2.0
51.400000000000006,258,-1.3063065770370832,1.6799677143169651,0.4,3.141592653589793,-0.35,0.0,0.0,W_fast,55,2.0
51.6,259,-1.37630657703708,1.6799677143169651,0.4,3.141592653589793,-0.35,0.0,0.0,W_fast,55,2.0
51.800000000000004,260,-1.3427300453186035,1.6030942594540878,0.4,-1.5707963267948966,0.0,-0.35,0.0,W_fast,60,2.0
52.0,261,-1.1847508562162932,1.4594277100246384,0.4,3.141592653589793,-0.35,0.0,0.0,W_fast,70,2.0
52.2,262,-1.2547508562162935,1.4594277100246384,0.4,3.141592653589793,-0.35,0.0,0.0,W_fast,70,2.0
52.400000000000006,263,-1.2015489950536926,1.3931937415820257,0.4,-1.5707963267948966,0.0,-0.35,0.0,W_fast,75,2.0
52.6,264,-1.2115493765234193,1.3331941230517521,0.4,3.141592653589793,-0.35,0.0,0.0,W_fast,75,2.0
52.800000000000004,265,-1.2815493765234196,1.3331941230517521,0.4,3.141592653589793,-0.35,0.0,0.0,W_fast,75,2.0
53.0,266,-1.3015493765234192,1.283194123051755,0.4,-1.5707963267948966,0.0,-0.35,0.0,W_fast,75,2.0
53.2,267,-1.2815488043188283,1.233194695256342,0.4,0.0,0.35,0.0,0.0,W_fast,75,2.0
53.400000000000006,268,-1.211548804318828,1.233194695256342,0.4,0.0,0.35,0.0,0.0,W_fast,75,2.0
53.6,269,-1.2247499025419795,1.2594279007595017,0.4,0.0,0.35,0.0,0.0,W_fast,70,2.0
53.800000000000004,270,-1.1015490904211243,1.2631949813586387,0.4,1.5707963267948966,0.0,0.35,0.0,W_fast,75,2.0
54.0,271,-1.101548232114241,1.3331941230517521,0.4,0.0,0.35,0.0,0.0,W_fast,75,2.0
54.2,272,-1.0315482321142406,1.3331941230517521,0.4,0.0,0.35,0.0,0.0,W_fast,75,2.0
54.400000000000006,273,-1.001549185788556,1.3731950767260677,0.4,1.5707963267948966,0.0,0.35,0.0,W_fast,75,2.0
54.6,274,-1.0747497118071148,1.4594277100246384,0.4,0.0,0.35,0.0,0.0,W_fast,70,2.0
54.800000000000004,275,-1.0047497118071145,1.4594277100246384,0.4,0.0,0.35,0.0,0.0,W_fast,70,2.0
55.0,276,-0.9347497118071142,1.4594277100246384,0.4,0.0,0.35,0.0,0.0,W_fast,70,2.0
55.2,277,-0.9653485931615979,1.5128133067133502,0.4,1.5707963267948966,0.0,0.35,0.0,W_fast,65,2.0
55.400000000000006,278,-1.1163067677719445,1.6699690494610087,0.4,1.5707963267948966,0.0,0.35,0.0,W_fast,55,2.0
55.6,279,-1.0563054326279007,1.6799677143169651,0.4,0.0,0.35,0.0,0.0,W_fast,55,2.0
55.800000000000004,280,-0.9863054326279004,1.6799677143169651,0.4,0.0,0.35,0.0,0.0,W_fast,55,2.0
56.0,281,-0.9163054326279036,1.6799677143169651,0.4,0.0,0.35,0.0,0.0,W_fast,55,2.0
56.2,282,-0.8463054326279034,1.6799677143169651,0.4,0.0,0.35,0.0,0.0,W_fast,55,2.0
56.400000000000006,283,-0.7763054326278995,1.6799677143169651,0.4,0.0,0.35,0.0,0.0,W_fast,55,2.0
56.6,284,-0.7163066724045128,1.6899689540935752,0.4,1.5707963267948966,0.0,0.35,0.0,W_fast,55,2.0
56.800000000000004,285,-0.7855178457400062,1.8130765552635895,0.4,1.5707963267948966,0.0,0.35,0.0,W_fast,50,2.0
57.0,286,-0.7998361589331303,1.8920133588891361,0.4,0.0,0.35,0.0,0.0,W_fast,45,2.0
57.2,287,-0.72983615893313,1.8920133588891361,0.4,0.0,0.35,0.0,0.0,W_fast,45,2.0
57.400000000000006,288,-0.6598361589331297,1.8920133588891361,0.4,0.0,0.35,0.0,0.0,W_fast,45,2.0
57.6,289,-0.5898361589331295,1.8920133588891361,0.4,0.0,0.35,0.0,0.0,W_fast,45,2.0
57.800000000000004,290,-0.5198361589331292,1.8920133588891361,0.4,0.0,0.35,0.0,0.0,W_fast,45,2.0
58.0,291,-0.44983692187258273,1.8920141218285864,0.4,1.5707963267948966,0.0,0.35,0.0,W_fast,45,2.0
58.2,292,-0.5087745838050132,2.0263332933285985,0.4,1.5707963267948966,0.0,0.35,0.0,W_fast,40,2.0
58.400000000000006,293,-0.46877420233528533,2.056332911858871,0.4,0.0,0.35,0.0,0.0,W_fast,40,2.0
58.6,294,-0.3987742023352886,2.056332911858871,0.4,0.0,0.35,0.0,0.0,W_fast,40,2.0
58.800000000000004,295,-0.32877420233528476,2.056332911858871,0.4,0.0,0.35,0.0,0.0,W_fast,40,2.0
59.0,296,-0.25877420233528803,2.056332911858871,0.4,0.0,0.35,0.0,0.0,W_fast,40,2.0
59.2,297,-0.18877420233528774,2.056332911858871,0.4,0.0,0.35,0.0,0.0,W_fast,40,2.0
59.400000000000006,298,-0.11877420233528746,2.056332911858871,0.4,0.0,0.35,0.0,0.0,W_fast,40,2.0
59.6,299,-0.048774202335287176,2.056332911858871,0.4,0.0,0.35,0.0,0.0,W_fast,40,2.0
59.800000000000004,300,0.02122579766471311,2.056332911858871,0.4,0.0,0.35,0.0,0.0,W_fast,40,2.0
60.0,301,0.09122579766471339,2.056332911858871,0.4,0.0,0.35,0.0,0.0,W_fast,40,2.0
60.2,302,0.16122579766471368,2.056332911858871,0.4,0.0,0.35,0.0,0.0,W_fast,40,2.0
60.400000000000006,303,0.23122579766471396,2.056332911858871,0.4,0.0,0.35,0.0,0.0,W_fast,40,2.0
60.6,304,0.30122579766471425,2.056332911858871,0.4,0.0,0.35,0.0,0.0,W_fast,40,2.0
60.800000000000004,305,0.37122579766471453,2.056332911858871,0.4,0.0,0.35,0.0,0.0,W_fast,40,2.0
61.0,306,0.44122579766471126,2.056332911858871,0.4,0.0,0.35,0.0,0.0,W_fast,40,2.0
61.2,307,0.5112257976647115,2.056332911858871,0.4,0.0,0.35,0.0,0.0,W_fast,40,2.0
61.400000000000006,308,0.5812257976647154,2.056332911858871,0.4,0.0,0.35,0.0,0.0,W_fast,40,2.0
61.6,309,0.6512257976647121,2.056332911858871,0.4,0.0,0.35,0.0,0.0,W_fast,40,2.0
61.800000000000004,310,0.7212257976647124,2.056332911858871,0.4,0.0,0.35,0.0,0.0,W_fast,40,2.0
62.0,311,0.7912257976647127,2.056332911858871,0.4,0.0,0.35,0.0,0.0,W_fast,40,2.0
62.2,312,0.861225797664713,2.056332911858871,0.4,0.0,0.35,0.0,0.0,W_fast,40,2.0
62.400000000000006,313,0.9312257976647133,2.056332911858871,0.4,0.0,0.35,0.0,0.0,W_fast,40,2.0
62.6,314,1.0012257976647136,2.056332911858871,0.4,0.0,0.35,0.0,0.0,W_fast,40,2.0
62.800000000000004,315,1.071225797664714,2.056332911858871,0.4,0.0,0.35,0.0,0.0,W_fast,40,2.0
63.0,316,1.1412257976647107,2.056332911858871,0.4,0.0,0.35,0.0,0.0,W_fast,40,2.0
63.2,317,1.2112257976647145,2.056332911858871,0.4,0.0,0.35,0.0,0.0,W_fast,40,2.0
63.400000000000006,318,2.8133146839026706,2.0563329118588705,0.4,0.0,0.35,0.0,0.0,W_fast,140,2.0
63.6,319,1.3501632688622807,1.9320135496240014,0.4,-1.5707963267948966,0.0,-0.35,0.0,W_fast,45,2.0
63.800000000000004,320,1.320163459597142,1.8920133588891361,0.4,3.141592653589793,-0.35,0.0,0.0,W_fast,45,2.0
64.0,321,1.2501634595971454,1.8920133588891361,0.4,3.141592653589793,-0.35,0.0,0.0,W_fast,45,2.0
64.2,322,1.180163459597145,1.8920133588891361,0.4,3.141592653589793,-0.35,0.0,0.0,W_fast,45,2.0
64.4,323,1.1101634595971448,1.8920133588891361,0.4,3.141592653589793,-0.35,0.0,0.0,W_fast,45,2.0
64.60000000000001,324,1.040163459597141,1.8920133588891361,0.4,3.141592653589793,-0.35,0.0,0.0,W_fast,45,2.0
64.8,325,0.9701634595971477,1.8920133588891361,0.4,3.141592653589793,-0.35,0.0,0.0,W_fast,45,2.0
65.0,326,0.9001634595971438,1.8920133588891361,0.4,3.141592653589793,-0.35,0.0,0.0,W_fast,45,2.0
65.2,327,0.8301634595971435,1.8920133588891361,0.4,3.141592653589793,-0.35,0.0,0.0,W_fast,45,2.0
65.4,328,0.7601634595971433,1.8920133588891361,0.4,3.141592653589793,-0.35,0.0,0.0,W_fast,45,2.0
65.60000000000001,329,0.690163459597143,1.8920133588891361,0.4,3.141592653589793,-0.35,0.0,0.0,W_fast,45,2.0
65.8,330,0.6201634595971462,1.8920133588891361,0.4,3.141592653589793,-0.35,0.0,0.0,W_fast,45,2.0
66.0,331,0.550163459597146,1.8920133588891361,0.4,3.141592653589793,-0.35,0.0,0.0,W_fast,45,2.0
66.2,332,0.4801634595971457,1.8920133588891361,0.4,3.141592653589793,-0.35,0.0,0.0,W_fast,45,2.0
66.4,333,0.41016345959714184,1.8920133588891361,0.4,3.141592653589793,-0.35,0.0,0.0,W_fast,45,2.0
66.60000000000001,334,0.34016345959714156,1.8920133588891361,0.4,3.141592653589793,-0.35,0.0,0.0,W_fast,45,2.0
66.8,335,0.27016345959714483,1.8920133588891361,0.4,3.141592653589793,-0.35,0.0,0.0,W_fast,45,2.0
67.0,336,0.20016345959714454,1.8920133588891361,0.4,3.141592653589793,-0.35,0.0,0.0,W_fast,45,2.0
67.2,337,0.13016345959714426,1.8920133588891361,0.4,3.141592653589793,-0.35,0.0,0.0,W_fast,45,2.0
67.4,338,0.060163459597143976,1.8920133588891361,0.4,3.141592653589793,-0.35,0.0,0.0,W_fast,45,2.0
67.60000000000001,339,-0.009836540402856309,1.8920133588891361,0.4,3.141592653589793,-0.35,0.0,0.0,W_fast,45,2.0
67.8,340,-0.07983654040285304,1.8920133588891361,0.4,3.141592653589793,-0.35,0.0,0.0,W_fast,45,2.0
68.0,341,-0.14983654040285332,1.8920133588891361,0.4,3.141592653589793,-0.35,0.0,0.0,W_fast,45,2.0
68.2,342,-0.21983654040285716,1.8920133588891361,0.4,3.141592653589793,-0.35,0.0,0.0,W_fast,45,2.0
68.4,343,-0.28983654040285745,1.8920133588891361,0.4,3.141592653589793,-0.35,0.0,0.0,W_fast,45,2.0
68.60000000000001,344,-0.34983701724001437,1.8820138357262928,0.4,-1.5707963267948966,0.0,-0.35,0.0,W_fast,45,2.0
68.8,345,-0.21630667240451285,1.6999685726238516,0.4,-1.5707963267948966,0.0,-0.35,0.0,W_fast,55,2.0
69.0,346,-0.26630581409762666,1.6799677143169651,0.4,3.141592653589793,-0.35,0.0,0.0,W_fast,55,2.0
69.2,347,-0.33630581409762694,1.6799677143169651,0.4,3.141592653589793,-0.35,0.0,0.0,W_fast,55,2.0
69.4,348,-0.4063058140976272,1.6799677143169651,0.4,3.141592653589793,-0.35,0.0,0.0,W_fast,55,2.0
69.60000000000001,349,-0.47630581409763106,1.6799677143169651,0.4,3.141592653589793,-0.35,0.0,0.0,W_fast,55,2.0
69.8,350,-0.5463058140976242,1.6799677143169651,0.4,3.141592653589793,-0.35,0.0,0.0,W_fast,55,2.0
70.0,351,-0.6163058140976281,1.6799677143169651,0.4,3.141592653589793,-0.35,0.0,0.0,W_fast,55,2.0
70.2,352,-0.4653485931615979,1.522812925243623,0.4,-1.5707963267948966,0.0,-0.35,0.0,W_fast,65,2.0
70.4,353,-0.42475009327684127,1.4594277100246384,0.4,3.141592653589793,-0.35,0.0,0.0,W_fast,70,2.0
70.60000000000001,354,-0.49475009327684155,1.4594277100246384,0.4,3.141592653589793,-0.35,0.0,0.0,W_fast,70,2.0
70.8,355,-0.5647500932768383,1.4594277100246384,0.4,3.141592653589793,-0.35,0.0,0.0,W_fast,70,2.0
71.0,356,-0.6347500932768386,1.4594277100246384,0.4,3.141592653589793,-0.35,0.0,0.0,W_fast,70,2.0
71.2,357,-0.7047500932768389,1.4594277100246384,0.4,3.141592653589793,-0.35,0.0,0.0,W_fast,70,2.0
71.4,358,-0.7747500932768427,1.4594277100246384,0.4,3.141592653589793,-0.35,0.0,0.0,W_fast,70,2.0
71.60000000000001,359,-0.7015489950536926,1.3731945045214764,0.4,-1.5707963267948966,0.0,-0.35,0.0,W_fast,75,2.0
71.8,360,-0.7315486135839651,1.3331941230517521,0.4,3.141592653589793,-0.35,0.0,0.0,W_fast,75,2.0
72.0,361,-0.8015486135839653,1.3331941230517521,0.4,3.141592653589793,-0.35,0.0,0.0,W_fast,75,2.0
72.2,362,-0.8715486135839656,1.3331941230517521,0.4,3.141592653589793,-0.35,0.0,0.0,W_fast,75,2.0
72.4,363,-0.9015492811559875,1.2931947906237737,0.4,-1.5707963267948966,0.0,-0.35,0.0,W_fast,75,2.0
72.60000000000001,364,-0.9947502840117042,1.2594279007595017,0.4,3.141592653589793,-0.35,0.0,0.0,W_fast,70,2.0
72.8,365,-1.064750284011701,1.2594279007595017,0.4,3.141592653589793,-0.35,0.0,0.0,W_fast,70,2.0
73.0,366,-1.2427301406860352,1.2830951177609744,0.4,-1.5707963267948966,0.0,-0.35,0.0,W_fast,60,2.0
73.2,367,-1.2627297592163096,1.233094736291245,0.4,3.141592653589793,-0.35,0.0,0.0,W_fast,60,2.0
73.4,368,-1.2553480209570094,1.1928123530390335,0.4,3.141592653589793,-0.35,0.0,0.0,W_fast,65,2.0
73.60000000000001,369,-1.244749902541979,1.1594275192897752,0.4,3.141592653589793,-0.35,0.0,0.0,W_fast,70,2.0
73.8,370,-1.2315488043188276,1.1331943137866154,0.4,3.141592653589793,-0.35,0.0,0.0,W_fast,75,2.0
74.0,371,-1.301548804318828,1.1331943137866154,0.4,3.141592653589793,-0.35,0.0,0.0,W_fast,75,2.0
74.2,372,-1.3715488043188282,1.1331943137866154,0.4,3.141592653589793,-0.35,0.0,0.0,W_fast,75,2.0
74.4,373,-1.4015492811559875,1.0931947906237744,0.4,-1.5707963267948966,0.0,-0.35,0.0,W_fast,75,2.0
74.60000000000001,374,-1.3915501394628693,1.0331939323168888,0.4,0.0,0.35,0.0,0.0,W_fast,75,2.0
74.8,375,-1.3215501394628761,1.0331939323168888,0.4,0.0,0.35,0.0,0.0,W_fast,75,2.0
75.0,376,-1.2515501394628723,1.0331939323168888,0.4,0.0,0.35,0.0,0.0,W_fast,75,2.0
75.2,377,-1.2647512376860202,1.0594271378200486,0.4,0.0,0.35,0.0,0.0,W_fast,70,2.0
75.4,378,-1.2753493561010505,1.092811971569307,0.4,0.0,0.35,0.0,0.0,W_fast,65,2.0
75.60000000000001,379,-1.2827310943603507,1.1330943548215184,0.4,0.0,0.35,0.0,0.0,W_fast,60,2.0
75.8,380,-1.2863075307114,1.1799677143169651,0.4,0.0,0.35,0.0,0.0,W_fast,55,2.0
76.0,381,-1.285518704046893,1.2330753154869791,0.4,0.0,0.35,0.0,0.0,W_fast,50,2.0
76.2,382,-1.2163066724045128,1.2499668560100785,0.4,1.5707963267948966,0.0,0.35,0.0,W_fast,55,2.0
76.4,383,-1.1763079121811222,1.2799680957866917,0.4,0.0,0.35,0.0,0.0,W_fast,55,2.0
76.60000000000001,384,-1.1163067677719445,1.2899669513775143,0.4,1.5707963267948966,0.0,0.35,0.0,W_fast,55,2.0
76.80000000000001,385,-0.9653485931615979,1.2728112086298564,0.4,1.5707963267948966,0.0,0.35,0.0,W_fast,65,2.0
77.0,386,-0.8347520006254743,1.2594279007595017,0.4,0.0,0.35,0.0,0.0,W_fast,70,2.0
77.2,387,-0.764752000625474,1.2594279007595017,0.4,0.0,0.35,0.0,0.0,W_fast,70,2.0
77.4,388,-0.6947520006254737,1.2594279007595017,0.4,0.0,0.35,0.0,0.0,W_fast,70,2.0
77.60000000000001,389,-0.6015490904211243,1.293192883275141,0.4,1.5707963267948966,0.0,0.35,0.0,W_fast,75,2.0
77.80000000000001,390,-0.5715503301977316,1.3331941230517521,0.4,0.0,0.35,0.0,0.0,W_fast,75,2.0
78.0,391,-0.5015503301977384,1.3331941230517521,0.4,0.0,0.35,0.0,0.0,W_fast,75,2.0
78.2,392,-0.4315503301977346,1.3331941230517521,0.4,0.0,0.35,0.0,0.0,W_fast,75,2.0
78.4,393,-0.3615503301977343,1.3331941230517521,0.4,0.0,0.35,0.0,0.0,W_fast,75,2.0
78.60000000000001,394,-0.291550330197734,1.3331941230517521,0.4,0.0,0.35,0.0,0.0,W_fast,75,2.0
78.80000000000001,395,-0.22155033019773374,1.3331941230517521,0.4,0.0,0.35,0.0,0.0,W_fast,75,2.0
79.0,396,-0.20154899505369261,1.3831927879077077,0.4,1.5707963267948966,0.0,0.35,0.0,W_fast,75,2.0
79.2,397,-0.26475180989061137,1.4594277100246384,0.4,0.0,0.35,0.0,0.0,W_fast,70,2.0
79.4,398,-0.19475180989061108,1.4594277100246384,0.4,0.0,0.35,0.0,0.0,W_fast,70,2.0
79.60000000000001,399,-0.12475180989060725,1.4594277100246384,0.4,0.0,0.35,0.0,0.0,W_fast,70,2.0
79.80000000000001,400,-0.05475180989060696,1.4594277100246384,0.4,0.0,0.35,0.0,0.0,W_fast,70,2.0
80.0,401,0.01524819010938977,1.4594277100246384,0.4,0.0,0.35,0.0,0.0,W_fast,70,2.0
80.2,402,0.08524819010939005,1.4594277100246384,0.4,0.0,0.35,0.0,0.0,W_fast,70,2.0
80.4,403,0.03465140683840212,1.5328112086298544,0.4,1.5707963267948966,0.0,0.35,0.0,W_fast,65,2.0
80.60000000000001,404,-0.10630753071139676,1.6799677143169651,0.4,0.0,0.35,0.0,0.0,W_fast,55,2.0
80.80000000000001,405,-0.036307530711396474,1.6799677143169651,0.4,0.0,0.35,0.0,0.0,W_fast,55,2.0
81.0,406,0.03369246928860026,1.6799677143169651,0.4,0.0,0.35,0.0,0.0,W_fast,55,2.0
81.2,407,0.10369246928860054,1.6799677143169651,0.4,0.0,0.35,0.0,0.0,W_fast,55,2.0
81.4,408,0.17369246928860083,1.6799677143169651,0.4,0.0,0.35,0.0,0.0,W_fast,55,2.0
81.60000000000001,409,0.24369246928860466,1.6799677143169651,0.4,0.0,0.35,0.0,0.0,W_fast,55,2.0
81.80000000000001,410,0.31369246928860495,1.6799677143169651,0.4,0.0,0.35,0.0,0.0,W_fast,55,2.0
82.0,411,0.3836924692886017,1.6799677143169651,0.4,0.0,0.35,0.0,0.0,W_fast,55,2.0
82.2,412,0.45369246928860196,1.6799677143169651,0.4,0.0,0.35,0.0,0.0,W_fast,55,2.0
82.4,413,0.5236924692886022,1.6799677143169651,0.4,0.0,0.35,0.0,0.0,W_fast,55,2.0
82.60000000000001,414,0.5936924692886025,1.6799677143169651,0.4,0.0,0.35,0.0,0.0,W_fast,55,2.0
82.80000000000001,415,0.6636924692886028,1.6799677143169651,0.4,0.0,0.35,0.0,0.0,W_fast,55,2.0
83.0,416,0.7336924692885995,1.6799677143169651,0.4,0.0,0.35,0.0,0.0,W_fast,55,2.0
83.2,417,0.8036924692885998,1.6799677143169651,0.4,0.0,0.35,0.0,0.0,W_fast,55,2.0
83.4,418,0.8044812959531104,1.7330753154869791,0.4,0.0,0.35,0.0,0.0,W_fast,50,2.0
83.60000000000001,419,0.8744812959531106,1.7330753154869791,0.4,0.0,0.35,0.0,0.0,W_fast,50,2.0
83.80000000000001,420,0.8801621244531027,1.7920129774194096,0.4,0.0,0.35,0.0,0.0,W_fast,45,2.0
84.0,421,0.9501621244530994,1.7920129774194096,0.4,0.0,0.35,0.0,0.0,W_fast,45,2.0
84.2,422,1.0201621244530998,1.7920129774194096,0.4,0.0,0.35,0.0,0.0,W_fast,45,2.0
84.4,423,1.0901621244531001,1.7920129774194096,0.4,0.0,0.35,0.0,0.0,W_fast,45,2.0
84.60000000000001,424,1.1601621244531004,1.7920129774194096,0.4,0.0,0.35,0.0,0.0,W_fast,45,2.0
84.80000000000001,425,1.3636924692886057,1.6799677143169651,0.4,0.0,0.35,0.0,0.0,W_fast,55,2.0
85.0,426,1.4336924692885988,1.6799677143169651,0.4,0.0,0.35,0.0,0.0,W_fast,55,2.0
85.2,427,1.5036924692886027,1.6799677143169651,0.4,0.0,0.35,0.0,0.0,W_fast,55,2.0
85.4,428,1.573692469288603,1.6799677143169651,0.4,0.0,0.35,0.0,0.0,W_fast,55,2.0
85.60000000000001,429,1.5144823449948572,1.793074266445232,0.4,1.5707963267948966,0.0,0.35,0.0,W_fast,50,2.0
85.80000000000001,430,1.5144823449948572,1.8030771274681792,0.4,-1.5707963267948966,0.0,-0.35,0.0,W_fast,50,2.0
86.0,431,1.5836935183303504,1.6799695262981684,0.4,-1.5707963267948966,0.0,-0.35,0.0,W_fast,55,2.0
86.2,432,1.6536917063491474,1.6799677143169651,0.4,0.0,0.35,0.0,0.0,W_fast,55,2.0
86.4,433,1.7572698593139648,1.5930960714352895,0.4,-1.5707963267948966,0.0,-0.35,0.0,W_fast,60,2.0
86.60000000000001,434,1.9052508603974734,1.4594277100246384,0.4,3.141592653589793,-0.35,0.0,0.0,W_fast,70,2.0
86.80000000000001,435,1.835250860397473,1.4594277100246384,0.4,3.141592653589793,-0.35,0.0,0.0,W_fast,70,2.0
87.0,436,1.7652508603974764,1.4594277100246384,0.4,3.141592653589793,-0.35,0.0,0.0,W_fast,70,2.0
87.2,437,1.3301642225365975,1.6920135496239994,0.4,3.141592653589793,-0.35,0.0,0.0,W_fast,45,2.0
87.4,438,1.2012265606041668,1.7563327211240076,0.4,3.141592653589793,-0.35,0.0,0.0,W_fast,40,2.0
87.60000000000001,439,1.1312265606041665,1.7563327211240076,0.4,3.141592653589793,-0.35,0.0,0.0,W_fast,40,2.0
87.80000000000001,440,1.0612265606041662,1.7563327211240076,0.4,3.141592653589793,-0.35,0.0,0.0,W_fast,40,2.0
88.0,441,0.9912265606041694,1.7563327211240076,0.4,3.141592653589793,-0.35,0.0,0.0,W_fast,40,2.0
88.2,442,0.9212265606041691,1.7563327211240076,0.4,3.141592653589793,-0.35,0.0,0.0,W_fast,40,2.0
88.4,443,0.8512265606041652,1.7563327211240076,0.4,3.141592653589793,-0.35,0.0,0.0,W_fast,40,2.0
88.60000000000001,444,0.8401642225365954,1.6920135496239994,0.4,3.141592653589793,-0.35,0.0,0.0,W_fast,45,2.0
88.80000000000001,445,0.7701642225365951,1.6920135496239994,0.4,3.141592653589793,-0.35,0.0,0.0,W_fast,45,2.0
89.0,446,0.7644833940366066,1.633075887691569,0.4,3.141592653589793,-0.35,0.0,0.0,W_fast,50,2.0
89.2,447,0.7636945673720996,1.579968286521555,0.4,3.141592653589793,-0.35,0.0,0.0,W_fast,55,2.0
89.4,448,0.6936945673720993,1.579968286521555,0.4,3.141592653589793,-0.35,0.0,0.0,W_fast,55,2.0
89.60000000000001,449,0.697271003723145,1.5330949270261083,0.4,3.141592653589793,-0.35,0.0,0.0,W_fast,60,2.0
89.80000000000001,450,0.7046527419824418,1.4928125437738968,0.4,3.141592653589793,-0.35,0.0,0.0,W_fast,65,2.0
90.0,451,0.7152508603974792,1.4594277100246384,0.4,3.141592653589793,-0.35,0.0,0.0,W_fast,70,2.0
90.2,452,0.6452508603974754,1.4594277100246384,0.4,3.141592653589793,-0.35,0.0,0.0,W_fast,70,2.0
90.4,453,0.5752508603974751,1.4594277100246384,0.4,3.141592653589793,-0.35,0.0,0.0,W_fast,70,2.0
90.60000000000001,454,0.5052508603974748,1.4594277100246384,0.4,3.141592653589793,-0.35,0.0,0.0,W_fast,70,2.0
90.80000000000001,455,0.43525086039747457,1.4594277100246384,0.4,3.141592653589793,-0.35,0.0,0.0,W_fast,70,2.0
91.0,456,0.36525086039747784,1.4594277100246384,0.4,3.141592653589793,-0.35,0.0,0.0,W_fast,70,2.0
91.2,457,0.29525086039747755,1.4594277100246384,0.4,3.141592653589793,-0.35,0.0,0.0,W_fast,70,2.0
91.4,458,0.22525086039747727,1.4594277100246384,0.4,3.141592653589793,-0.35,0.0,0.0,W_fast,70,2.0
91.60000000000001,459,0.2984510049463074,1.3731954581957928,0.4,-1.5707963267948966,0.0,-0.35,0.0,W_fast,75,2.0
91.80000000000001,460,0.2684523400903478,1.3331941230517521,0.4,3.141592653589793,-0.35,0.0,0.0,W_fast,75,2.0
92.0,461,0.19845234009035462,1.3331941230517521,0.4,3.141592653589793,-0.35,0.0,0.0,W_fast,75,2.0
92.2,462,0.12845234009035433,1.3331941230517521,0.4,3.141592653589793,-0.35,0.0,0.0,W_fast,75,2.0
92.4,463,0.058452340090346944,1.3331941230517521,0.4,3.141592653589793,-0.35,0.0,0.0,W_fast,75,2.0
92.60000000000001,464,-0.01154765990965334,1.3331941230517521,0.4,3.141592653589793,-0.35,0.0,0.0,W_fast,75,2.0
92.80000000000001,465,-0.08154765990965362,1.3331941230517521,0.4,3.141592653589793,-0.35,0.0,0.0,W_fast,75,2.0
93.0,466,-0.10154909042112426,1.2831955535632296,0.4,-1.5707963267948966,0.0,-0.35,0.0,W_fast,75,2.0
93.2,467,-0.20474933033738502,1.2594279007595017,0.4,3.141592653589793,-0.35,0.0,0.0,W_fast,70,2.0
93.4,468,-0.2747493303373853,1.2594279007595017,0.4,3.141592653589793,-0.35,0.0,0.0,W_fast,70,2.0
93.60000000000001,469,-0.3447493303373856,1.2594279007595017,0.4,3.141592653589793,-0.35,0.0,0.0,W_fast,70,2.0
93.80000000000001,470,-0.414749330337393,1.2594279007595017,0.4,3.141592653589793,-0.35,0.0,0.0,W_fast,70,2.0
94.0,471,-0.48474933033738615,1.2594279007595017,0.4,3.141592653589793,-0.35,0.0,0.0,W_fast,70,2.0
94.2,472,-0.5547493303373865,1.2594279007595017,0.4,3.141592653589793,-0.35,0.0,0.0,W_fast,70,2.0
94.4,473,-0.6653484024267347,1.2528136881830774,0.4,-1.5707963267948966,0.0,-0.35,0.0,W_fast,65,2.0
94.60000000000001,474,-0.8263052418930377,1.2799680957866917,0.4,3.141592653589793,-0.35,0.0,0.0,W_fast,55,2.0
94.80000000000001,475,-0.896305241893038,1.2799680957866917,0.4,3.141592653589793,-0.35,0.0,0.0,W_fast,55,2.0
95.0,476,-0.9663052418930382,1.2799680957866917,0.4,3.141592653589793,-0.35,0.0,0.0,W_fast,55,2.0
95.2,477,-1.016306386302218,1.259969240195871,0.4,-1.5707963267948966,0.0,-0.35,0.0,W_fast,55,2.0
95.4,478,-1.1498367311377193,1.3020145032983153,0.4,-1.5707963267948966,0.0,-0.35,0.0,W_fast,45,2.0
95.60000000000001,479,-1.209835205258814,1.2920129774194096,0.4,3.141592653589793,-0.35,0.0,0.0,W_fast,45,2.0
95.80000000000001,480,-1.249837112607446,1.2620148847680412,0.4,-1.5707963267948966,0.0,-0.35,0.0,W_fast,45,2.0
96.0,481,-1.249837112607446,1.192014884768048,0.4,-1.5707963267948966,0.0,-0.35,0.0,W_fast,45,2.0
96.2,482,-1.3198357774634046,1.1920135496239994,0.4,3.141592653589793,-0.35,0.0,0.0,W_fast,45,2.0
96.4,483,-1.3255166059633967,1.133075887691569,0.4,3.141592653589793,-0.35,0.0,0.0,W_fast,50,2.0
96.60000000000001,484,-1.3263054326279038,1.079968286521555,0.4,3.141592653589793,-0.35,0.0,0.0,W_fast,55,2.0
96.80000000000001,485,-1.322728996276858,1.0330949270261083,0.4,3.141592653589793,-0.35,0.0,0.0,W_fast,60,2.0
97.0,486,-1.3153472580175507,0.9928125437738969,0.4,3.141592653589793,-0.35,0.0,0.0,W_fast,65,2.0
97.2,487,-1.3047491396025204,0.9594277100246386,0.4,3.141592653589793,-0.35,0.0,0.0,W_fast,70,2.0
97.4,488,-1.2915480413793725,0.9331945045214786,0.4,3.141592653589793,-0.35,0.0,0.0,W_fast,75,2.0
97.60000000000001,489,-1.36154804137938,0.9331945045214786,0.4,3.141592653589793,-0.35,0.0,0.0,W_fast,75,2.0
97.80000000000001,490,-1.4315480413793802,0.9331945045214786,0.4,3.141592653589793,-0.35,0.0,0.0,W_fast,75,2.0
98.0,491,-1.5015480413793734,0.9331945045214786,0.4,3.141592653589793,-0.35,0.0,0.0,W_fast,75,2.0
98.2,492,-1.501549185788556,0.8631956489306608,0.4,-1.5707963267948966,0.0,-0.35,0.0,W_fast,75,2.0
98.4,493,-1.4615507116674644,0.833194123051752,0.4,0.0,0.35,0.0,0.0,W_fast,75,2.0
98.60000000000001,494,-1.3915507116674641,0.833194123051752,0.4,0.0,0.35,0.0,0.0,W_fast,75,2.0
98.80000000000001,495,-1.3215507116674639,0.833194123051752,0.4,0.0,0.35,0.0,0.0,W_fast,75,2.0
99.0,496,-1.3347518098906117,0.859427328554912,0.4,0.0,0.35,0.0,0.0,W_fast,70,2.0
99.2,497,-1.4227316665649425,0.9330945455563817,0.4,0.0,0.35,0.0,0.0,W_fast,60,2.0
99.4,498,-1.4263081029159883,0.9799679050518285,0.4,0.0,0.35,0.0,0.0,W_fast,55,2.0
99.60000000000001,499,-1.4255192762514812,1.0330755062218424,0.4,0.0,0.35,0.0,0.0,W_fast,50,2.0
99.80000000000001,500,-1.4198384477514892,1.0920131681542729,0.4,0.0,0.35,0.0,0.0,W_fast,45,2.0
100.0,501,-1.3498384477514889,1.0920131681542729,0.4,0.0,0.35,0.0,0.0,W_fast,45,2.0
100.2,502,-1.338776109683919,1.156332339654281,0.4,0.0,0.35,0.0,0.0,W_fast,40,2.0
100.4,503,-1.3218837108539327,1.2255435129897743,0.4,0.0,0.35,0.0,0.0,W_fast,35,2.0
100.60000000000001,504,-1.2618819942401638,1.2355417963760056,0.4,1.5707963267948966,0.0,0.35,0.0,W_fast,35,2.0
100.80000000000001,505,-1.2087743930701498,1.2363306230405127,0.4,1.5707963267948966,0.0,0.35,0.0,W_fast,40,2.0
101.0,506,-1.1587764911536516,1.2563327211240076,0.4,0.0,0.35,0.0,0.0,W_fast,40,2.0
101.2,507,-1.1087744884375814,1.2763307184079449,0.4,1.5707963267948966,0.0,0.35,0.0,W_fast,40,2.0
101.4,508,-1.049836826505151,1.282011546907937,0.4,1.5707963267948966,0.0,0.35,0.0,W_fast,45,2.0
101.60000000000001,509,-0.9898382570166234,1.2920129774194096,0.4,0.0,0.35,0.0,0.0,W_fast,45,2.0
101.80000000000001,510,-0.9198382570166231,1.2920129774194096,0.4,0.0,0.35,0.0,0.0,W_fast,45,2.0
102.0,511,-0.84983825701663,1.2920129774194096,0.4,0.0,0.35,0.0,0.0,W_fast,45,2.0
102.2,512,-0.7163066724045128,1.2499664745403498,0.4,1.5707963267948966,0.0,0.35,0.0,W_fast,55,2.0
102.4,513,-0.6763082936508544,1.2799680957866917,0.4,0.0,0.35,0.0,0.0,W_fast,55,2.0
102.60000000000001,514,-0.606308293650847,1.2799680957866917,0.4,0.0,0.35,0.0,0.0,W_fast,55,2.0
102.80000000000001,515,-0.5363082936508468,1.2799680957866917,0.4,0.0,0.35,0.0,0.0,W_fast,55,2.0
103.0,516,-0.4663082936508536,1.2799680957866917,0.4,0.0,0.35,0.0,0.0,W_fast,55,2.0
103.2,517,-0.3963082936508533,1.2799680957866917,0.4,0.0,0.35,0.0,0.0,W_fast,55,2.0
103.4,518,-0.326308293650853,1.2799680957866917,0.4,0.0,0.35,0.0,0.0,W_fast,55,2.0
103.60000000000001,519,-0.1653484024267346,1.252810636425262,0.4,1.5707963267948966,0.0,0.35,0.0,W_fast,65,2.0
103.80000000000001,520,-0.05475238209520178,1.2594279007595017,0.4,0.0,0.35,0.0,0.0,W_fast,70,2.0
104.0,521,0.015247617904798505,1.2594279007595017,0.4,0.0,0.35,0.0,0.0,W_fast,70,2.0
104.2,522,0.08524761790479879,1.2594279007595017,0.4,0.0,0.35,0.0,0.0,W_fast,70,2.0
104.4,523,0.15524761790479907,1.2594279007595017,0.4,0.0,0.35,0.0,0.0,W_fast,70,2.0
104.60000000000001,524,0.22524761790479936,1.2594279007595017,0.4,0.0,0.35,0.0,0.0,W_fast,70,2.0
104.80000000000001,525,0.29524761790479964,1.2594279007595017,0.4,0.0,0.35,0.0,0.0,W_fast,70,2.0
105.0,526,0.39845090957887574,1.2831925018054142,0.4,1.5707963267948966,0.0,0.35,0.0,W_fast,75,2.0
105.2,527,0.41844928833253814,1.3331941230517521,0.4,0.0,0.35,0.0,0.0,W_fast,75,2.0
105.4,528,0.4884492883325384,1.3331941230517521,0.4,0.0,0.35,0.0,0.0,W_fast,75,2.0
105.60000000000001,529,0.5584492883325387,1.3331941230517521,0.4,0.0,0.35,0.0,0.0,W_fast,75,2.0
105.80000000000001,530,0.628449288332539,1.3331941230517521,0.4,0.0,0.35,0.0,0.0,W_fast,75,2.0
106.0,531,0.6984492883325322,1.3331941230517521,0.4,0.0,0.35,0.0,0.0,W_fast,75,2.0
106.2,532,0.6852481901093914,1.3594273285549119,0.4,0.0,0.35,0.0,0.0,W_fast,70,2.0
106.4,533,0.6746500716943611,1.3928121623041703,0.4,0.0,0.35,0.0,0.0,W_fast,65,2.0
106.60000000000001,534,0.6672683334350608,1.4330945455563817,0.4,0.0,0.35,0.0,0.0,W_fast,60,2.0
106.80000000000001,535,0.6636918970840151,1.4799679050518284,0.4,0.0,0.35,0.0,0.0,W_fast,55,2.0
107.0,536,0.664480723748515,1.5330755062218424,0.4,0.0,0.35,0.0,0.0,W_fast,50,2.0
107.2,537,0.670161552248507,1.5920131681542729,0.4,0.0,0.35,0.0,0.0,W_fast,45,2.0
107.4,538,0.7401615522485073,1.5920131681542729,0.4,0.0,0.35,0.0,0.0,W_fast,45,2.0
107.60000000000001,539,1.776087378537583,1.3331941230517521,0.4,0.0,0.35,0.0,0.0,W_fast,105,2.0
107.80000000000001,540,1.7609165111019929,1.3143121963286122,0.4,0.0,0.35,0.0,0.0,W_fast,100,2.0
108.0,541,1.744424076182714,1.3029252512490748,0.4,0.0,0.35,0.0,0.0,W_fast,95,2.0
108.2,542,1.727268333435056,1.2991199493408203,0.4,0.0,0.35,0.0,0.0,W_fast,90,2.0
108.4,543,1.7101125906873982,1.3029252512490748,0.4,0.0,0.35,0.0,0.0,W_fast,85,2.0
108.60000000000001,544,1.7801125906873985,1.3029252512490748,0.4,0.0,0.35,0.0,0.0,W_fast,85,2.0
108.80000000000001,545,1.7636201557681264,1.3143121963286122,0.4,0.0,0.35,0.0,0.0,W_fast,80,2.0
109.0,546,1.7484492883325364,1.3331941230517521,0.4,0.0,0.35,0.0,0.0,W_fast,75,2.0
109.2,547,1.8184492883325367,1.3331941230517521,0.4,0.0,0.35,0.0,0.0,W_fast,75,2.0
109.4,548,1.888449288332537,1.3331941230517521,0.4,0.0,0.35,0.0,0.0,W_fast,75,2.0
109.60000000000001,549,1.9584492883325373,1.3331941230517521,0.4,0.0,0.35,0.0,0.0,W_fast,75,2.0
109.80000000000001,550,2.0284492883325376,1.3331941230517521,0.4,0.0,0.35,0.0,0.0,W_fast,75,2.0
110.0,551,2.098449288332538,1.3331941230517521,0.4,0.0,0.35,0.0,0.0,W_fast,75,2.0
110.2,552,2.0984507188440125,1.4031926925402778,0.4,1.5707963267948966,0.0,0.35,0.0,W_fast,75,2.0
110.4,553,2.0552478086396637,1.4594277100246384,0.4,0.0,0.35,0.0,0.0,W_fast,70,2.0
110.60000000000001,554,2.1152495252534327,1.4494294266384071,0.4,-1.5707963267948966,0.0,-0.35,0.0,W_fast,70,2.0
110.80000000000001,555,2.198450623476581,1.353196221135247,0.4,-1.5707963267948966,0.0,-0.35,0.0,W_fast,75,2.0
111.0,556,2.248448525393079,1.3331941230517521,0.4,0.0,0.35,0.0,0.0,W_fast,75,2.0
111.2,557,2.4036193928286766,1.3143121963286122,0.4,0.0,0.35,0.0,0.0,W_fast,80,2.0
111.4,558,2.5601118277479493,1.3029252512490748,0.4,0.0,0.35,0.0,0.0,W_fast,85,2.0
111.60000000000001,559,2.6301118277479496,1.3029252512490748,0.4,0.0,0.35,0.0,0.0,W_fast,85,2.0
111.80000000000001,560,2.727273101806638,1.2991199493408203,0.4,3.141592653589793,-0.35,0.0,0.0,W_fast,90,2.0
112.0,561,2.5701173590589868,1.3029252512490748,0.4,3.141592653589793,-0.35,0.0,0.0,W_fast,85,2.0
112.2,562,2.413624924139714,1.3143121963286122,0.4,3.141592653589793,-0.35,0.0,0.0,W_fast,80,2.0
112.4,563,2.2584540567041236,1.3331941230517521,0.4,3.141592653589793,-0.35,0.0,0.0,W_fast,75,2.0
112.60000000000001,564,2.198450623476581,1.3231975562792875,0.4,-1.5707963267948966,0.0,-0.35,0.0,W_fast,75,2.0
112.80000000000001,565,2.198450623476581,1.2531975562792872,0.4,-1.5707963267948966,0.0,-0.35,0.0,W_fast,75,2.0
113.0,566,2.0652523862763847,1.2594279007595017,0.4,3.141592653589793,-0.35,0.0,0.0,W_fast,70,2.0
113.2,567,1.9952523862763845,1.2594279007595017,0.4,3.141592653589793,-0.35,0.0,0.0,W_fast,70,2.0
113.4,568,1.9252523862763842,1.2594279007595017,0.4,3.141592653589793,-0.35,0.0,0.0,W_fast,70,2.0
113.60000000000001,569,1.855252386276384,1.2594279007595017,0.4,3.141592653589793,-0.35,0.0,0.0,W_fast,70,2.0
113.80000000000001,570,1.7852523862763836,1.2594279007595017,0.4,3.141592653589793,-0.35,0.0,0.0,W_fast,70,2.0
114.0,571,1.7152523862763833,1.2594279007595017,0.4,3.141592653589793,-0.35,0.0,0.0,W_fast,70,2.0
114.2,572,2.329292672927721,1.2594279007595017,0.4,3.141592653589793,-0.35,0.0,0.0,W_fast,110,2.0
114.4,573,2.2592926729277205,1.2594279007595017,0.4,3.141592653589793,-0.35,0.0,0.0,W_fast,110,2.0
114.60000000000001,574,2.1892926729277202,1.2594279007595017,0.4,3.141592653589793,-0.35,0.0,0.0,W_fast,110,2.0
114.80000000000001,575,2.11929267292772,1.2594279007595017,0.4,3.141592653589793,-0.35,0.0,0.0,W_fast,110,2.0
115.0,576,2.0492926729277197,1.2594279007595017,0.4,3.141592653589793,-0.35,0.0,0.0,W_fast,110,2.0
115.2,577,1.9792926729277192,1.2594279007595017,0.4,3.141592653589793,-0.35,0.0,0.0,W_fast,110,2.0
115.4,578,1.9092926729277189,1.2594279007595017,0.4,3.141592653589793,-0.35,0.0,0.0,W_fast,110,2.0
115.60000000000001,579,1.8392926729277186,1.2594279007595017,0.4,3.141592653589793,-0.35,0.0,0.0,W_fast,110,2.0
115.80000000000001,580,0.6612280864830716,1.556332911858871,0.4,3.141592653589793,-0.35,0.0,0.0,W_fast,40,2.0
116.0,581,0.6501657484155089,1.4920137403588627,0.4,3.141592653589793,-0.35,0.0,0.0,W_fast,45,2.0
116.2,582,0.5801657484155015,1.4920137403588627,0.4,3.141592653589793,-0.35,0.0,0.0,W_fast,45,2.0
116.4,583,0.5744849199155094,1.4330760784264323,0.4,3.141592653589793,-0.35,0.0,0.0,W_fast,50,2.0
116.60000000000001,584,0.5736960932510025,1.3799684772564182,0.4,3.141592653589793,-0.35,0.0,0.0,W_fast,55,2.0
116.80000000000001,585,0.5772725296020481,1.3330951177609716,0.4,3.141592653589793,-0.35,0.0,0.0,W_fast,60,2.0
117.0,586,0.6652523862763862,1.2594279007595017,0.4,3.141592653589793,-0.35,0.0,0.0,W_fast,70,2.0
117.2,587,0.5952523862763859,1.2594279007595017,0.4,3.141592653589793,-0.35,0.0,0.0,W_fast,70,2.0
117.4,588,0.5252523862763856,1.2594279007595017,0.4,3.141592653589793,-0.35,0.0,0.0,W_fast,70,2.0
117.60000000000001,589,0.45525238627637826,1.2594279007595017,0.4,3.141592653589793,-0.35,0.0,0.0,W_fast,70,2.0
117.80000000000001,590,0.3346515975732654,1.262815404796842,0.4,-1.5707963267948966,0.0,-0.35,0.0,W_fast,65,2.0
118.0,591,0.1836934229629188,1.279971147544507,0.4,-1.5707963267948966,0.0,-0.35,0.0,W_fast,55,2.0
118.2,592,0.11369647472073385,1.2799680957866917,0.4,3.141592653589793,-0.35,0.0,0.0,W_fast,55,2.0
118.4,593,0.04369647472073357,1.2799680957866917,0.4,3.141592653589793,-0.35,0.0,0.0,W_fast,55,2.0
118.60000000000001,594,-0.026303525279266715,1.2799680957866917,0.4,3.141592653589793,-0.35,0.0,0.0,W_fast,55,2.0
118.80000000000001,595,-0.096303525279267,1.2799680957866917,0.4,3.141592653589793,-0.35,0.0,0.0,W_fast,55,2.0
119.0,596,-0.16630352527926728,1.2799680957866917,0.4,3.141592653589793,-0.35,0.0,0.0,W_fast,55,2.0
119.2,597,-0.21630667240451285,1.259971242911937,0.4,-1.5707963267948966,0.0,-0.35,0.0,W_fast,55,2.0
119.4,598,-0.34983701724001437,1.3020165060143811,0.4,-1.5707963267948966,0.0,-0.35,0.0,W_fast,45,2.0
119.60000000000001,599,-0.4098334886450431,1.2920129774194096,0.4,3.141592653589793,-0.35,0.0,0.0,W_fast,45,2.0
119.80000000000001,600,-0.4798334886450434,1.2920129774194096,0.4,3.141592653589793,-0.35,0.0,0.0,W_fast,45,2.0
120.0,601,-0.5498334886450437,1.2920129774194096,0.4,3.141592653589793,-0.35,0.0,0.0,W_fast,45,2.0
120.2,602,-0.619833488645044,1.2920129774194096,0.4,3.141592653589793,-0.35,0.0,0.0,W_fast,45,2.0
120.4,603,-0.6898334886450442,1.2920129774194096,0.4,3.141592653589793,-0.35,0.0,0.0,W_fast,45,2.0
120.60000000000001,604,-0.749837112607446,1.282016601381811,0.4,-1.5707963267948966,0.0,-0.35,0.0,W_fast,45,2.0
120.80000000000001,605,-0.8087747745398765,1.276335772881819,0.4,-1.5707963267948966,0.0,-0.35,0.0,W_fast,40,2.0
121.0,606,-0.8587717227820583,1.2563327211240076,0.4,3.141592653589793,-0.35,0.0,0.0,W_fast,40,2.0
121.2,607,-0.9287717227820657,1.2563327211240076,0.4,3.141592653589793,-0.35,0.0,0.0,W_fast,40,2.0
121.4,608,-0.9987717227820659,1.2563327211240076,0.4,3.141592653589793,-0.35,0.0,0.0,W_fast,40,2.0
121.60000000000001,609,-1.061882184975027,1.2655467554824478,0.4,-1.5707963267948966,0.0,-0.35,0.0,W_fast,35,2.0
121.80000000000001,610,-1.1387523019778008,1.2991199493408203,0.4,3.141592653589793,-0.35,0.0,0.0,W_fast,30,2.0
122.0,611,-1.208752301977794,1.2991199493408203,0.4,3.141592653589793,-0.35,0.0,0.0,W_fast,30,2.0
122.2,612,-1.2490378323552536,1.306504834725369,0.4,-1.5707963267948966,0.0,-0.35,0.0,W_fast,25,2.0
122.4,613,-1.2890352574345956,1.2765022598047107,0.4,3.141592653589793,-0.35,0.0,0.0,W_fast,25,2.0
122.60000000000001,614,-1.3187528741823917,1.1991205215454102,0.4,3.141592653589793,-0.35,0.0,0.0,W_fast,30,2.0
122.80000000000001,615,-1.388752874182392,1.1991205215454102,0.4,3.141592653589793,-0.35,0.0,0.0,W_fast,30,2.0
123.0,616,-1.4118795146869383,1.125544085194364,0.4,3.141592653589793,-0.35,0.0,0.0,W_fast,35,2.0
123.2,617,-1.4287719135169246,1.056332911858871,0.4,3.141592653589793,-0.35,0.0,0.0,W_fast,40,2.0
123.4,618,-1.4987719135169248,1.056332911858871,0.4,3.141592653589793,-0.35,0.0,0.0,W_fast,40,2.0
123.60000000000001,619,-1.5098342515844947,0.9920137403588626,0.4,3.141592653589793,-0.35,0.0,0.0,W_fast,45,2.0
123.80000000000001,620,-1.5155150800844868,0.9330760784264321,0.4,3.141592653589793,-0.35,0.0,0.0,W_fast,50,2.0
124.0,621,-1.4427274703979478,0.8330951177609716,0.4,3.141592653589793,-0.35,0.0,0.0,W_fast,60,2.0
124.2,622,-1.4353457321386476,0.7928127345087602,0.4,3.141592653589793,-0.35,0.0,0.0,W_fast,65,2.0
124.4,623,-1.341546515500469,0.7331946952563418,0.4,3.141592653589793,-0.35,0.0,0.0,W_fast,75,2.0
124.60000000000001,624,-1.4115465155004694,0.7331946952563418,0.4,3.141592653589793,-0.35,0.0,0.0,W_fast,75,2.0
124.80000000000001,625,-1.4815465155004697,0.7331946952563418,0.4,3.141592653589793,-0.35,0.0,0.0,W_fast,75,2.0
125.0,626,-1.501549185788556,0.6831973655444278,0.4,-1.5707963267948966,0.0,-0.35,0.0,W_fast,75,2.0
125.2,627,-1.4815522375463681,0.6331943137866153,0.4,0.0,0.35,0.0,0.0,W_fast,75,2.0
125.4,628,-1.4115522375463678,0.6331943137866153,0.4,0.0,0.35,0.0,0.0,W_fast,75,2.0
125.60000000000001,629,-1.4247533357695157,0.6594275192897753,0.4,0.0,0.35,0.0,0.0,W_fast,70,2.0
125.80000000000001,630,-1.5127331924438465,0.733094736291245,0.4,0.0,0.35,0.0,0.0,W_fast,60,2.0
126.0,631,-1.5163096287948994,0.7799680957866918,0.4,0.0,0.35,0.0,0.0,W_fast,55,2.0
126.2,632,-1.5798399736303934,0.892013358889136,0.4,0.0,0.35,0.0,0.0,W_fast,45,2.0
126.4,633,-1.5687776355628236,0.9563325303891443,0.4,0.0,0.35,0.0,0.0,W_fast,40,2.0
126.60000000000001,634,-1.5518852367328373,1.0255437037246375,0.4,0.0,0.35,0.0,0.0,W_fast,35,2.0
126.80000000000001,635,-1.528758596228284,1.0991201400756836,0.4,0.0,0.35,0.0,0.0,W_fast,30,2.0
127.0,636,-1.4587585962282907,1.0991201400756836,0.4,0.0,0.35,0.0,0.0,W_fast,30,2.0
127.2,637,-1.4290409794805017,1.176501878334984,0.4,0.0,0.35,0.0,0.0,W_fast,25,2.0
127.4,638,-1.3590409794805014,1.176501878334984,0.4,0.0,0.35,0.0,0.0,W_fast,25,2.0
127.60000000000001,639,-1.3224258132297524,1.257099996750015,0.4,0.0,0.35,0.0,0.0,W_fast,20,2.0
127.80000000000001,640,-1.252425813229752,1.257099996750015,0.4,0.0,0.35,0.0,0.0,W_fast,20,2.0
128.0,641,-1.182425813229759,1.257099996750015,0.4,0.0,0.35,0.0,0.0,W_fast,20,2.0
128.20000000000002,642,-1.1824227614719436,1.327096944992207,0.4,1.5707963267948966,0.0,0.35,0.0,W_fast,20,2.0
128.4,643,-1.1090413609502265,1.2765022598047107,0.4,0.0,0.35,0.0,0.0,W_fast,25,2.0
128.6,644,-1.0490380230901168,1.2864989219446012,0.4,1.5707963267948966,0.0,0.35,0.0,W_fast,25,2.0
128.8,645,-1.0087556398379056,1.279117183685301,0.4,1.5707963267948966,0.0,0.35,0.0,W_fast,30,2.0
129.0,646,-0.9587584054934245,1.2991199493408203,0.4,0.0,0.35,0.0,0.0,W_fast,30,2.0
129.20000000000002,647,-0.8887584054934171,1.2991199493408203,0.4,0.0,0.35,0.0,0.0,W_fast,30,2.0
129.4,648,-0.8187584054934239,1.2991199493408203,0.4,0.0,0.35,0.0,0.0,W_fast,30,2.0
129.6,649,-0.7618819942401637,1.285540461231954,0.4,1.5707963267948966,0.0,0.35,0.0,W_fast,35,2.0
129.8,650,-0.6787778262976892,1.2563327211240076,0.4,0.0,0.35,0.0,0.0,W_fast,40,2.0
130.0,651,-0.608777826297689,1.2563327211240076,0.4,0.0,0.35,0.0,0.0,W_fast,40,2.0
130.20000000000002,652,-0.5387778262976887,1.2563327211240076,0.4,0.0,0.35,0.0,0.0,W_fast,40,2.0
130.4,653,-0.4687778262976884,1.2563327211240076,0.4,0.0,0.35,0.0,0.0,W_fast,40,2.0
130.6,654,-0.3987778262976952,1.2563327211240076,0.4,0.0,0.35,0.0,0.0,W_fast,40,2.0
130.8,655,-0.3287778262976878,1.2563327211240076,0.4,0.0,0.35,0.0,0.0,W_fast,40,2.0
131.0,656,-0.30877477453987645,1.3063296693661894,0.4,1.5707963267948966,0.0,0.35,0.0,W_fast,40,2.0
131.20000000000002,657,-0.22983959216066696,1.2920129774194096,0.4,0.0,0.35,0.0,0.0,W_fast,45,2.0
131.4,658,-0.15983959216066668,1.2920129774194096,0.4,0.0,0.35,0.0,0.0,W_fast,45,2.0
131.6,659,-0.0898395921606735,1.2920129774194096,0.4,0.0,0.35,0.0,0.0,W_fast,45,2.0
131.8,660,-0.01983959216066611,1.2920129774194096,0.4,0.0,0.35,0.0,0.0,W_fast,45,2.0
132.0,661,0.05016040783932707,1.2920129774194096,0.4,0.0,0.35,0.0,0.0,W_fast,45,2.0
132.20000000000002,662,0.12016040783933446,1.2920129774194096,0.4,0.0,0.35,0.0,0.0,W_fast,45,2.0
132.4,663,0.21448215425999384,1.2730727405663211,0.4,1.5707963267948966,0.0,0.35,0.0,W_fast,50,2.0
132.6,664,0.2936903712051029,1.2799680957866917,0.4,0.0,0.35,0.0,0.0,W_fast,55,2.0
132.8,665,0.3636903712051103,1.2799680957866917,0.4,0.0,0.35,0.0,0.0,W_fast,55,2.0
133.0,666,0.43369037120510345,1.2799680957866917,0.4,0.0,0.35,0.0,0.0,W_fast,55,2.0
133.20000000000002,667,0.5036903712051108,1.2799680957866917,0.4,0.0,0.35,0.0,0.0,W_fast,55,2.0
133.4,668,0.5044791978696107,1.3330756969567057,0.4,0.0,0.35,0.0,0.0,W_fast,50,2.0
133.6,669,0.5101600263696028,1.3920133588891361,0.4,0.0,0.35,0.0,0.0,W_fast,45,2.0
133.8,670,0.5212223644371726,1.4563325303891443,0.4,0.0,0.35,0.0,0.0,W_fast,40,2.0
134.0,671,0.5381147632671591,1.5255437037246375,0.4,0.0,0.35,0.0,0.0,W_fast,35,2.0
134.20000000000002,672,0.5612414037717196,1.5991201400756836,0.4,0.0,0.35,0.0,0.0,W_fast,30,2.0
134.4,673,0.6312414037717128,1.5991201400756836,0.4,0.0,0.35,0.0,0.0,W_fast,30,2.0
134.6,674,0.6609590205194947,1.676501878334984,0.4,0.0,0.35,0.0,0.0,W_fast,25,2.0
134.8,675,0.7309590205195021,1.676501878334984,0.4,0.0,0.35,0.0,0.0,W_fast,25,2.0
135.0,676,2.2808432439071984,1.279968095786692,0.4,0.0,0.35,0.0,0.0,W_fast,125,2.0
135.20000000000002,677,2.3508432439071987,1.279968095786692,0.4,0.0,0.35,0.0,0.0,W_fast,125,2.0
135.4,678,2.420843243907199,1.279968095786692,0.4,0.0,0.35,0.0,0.0,W_fast,125,2.0
135.6,679,2.490843243907192,1.279968095786692,0.4,0.0,0.35,0.0,0.0,W_fast,125,2.0
135.8,680,2.5608432439071995,1.279968095786692,0.4,0.0,0.35,0.0,0.0,W_fast,125,2.0
136.0,681,2.6308432439071927,1.279968095786692,0.4,0.0,0.35,0.0,0.0,W_fast,125,2.0
136.20000000000002,682,2.7008432439072,1.279968095786692,0.4,0.0,0.35,0.0,0.0,W_fast,125,2.0
136.4,683,2.6908495381576847,1.279968095786692,0.4,3.141592653589793,-0.35,0.0,0.0,W_fast,125,2.0
136.6,684,2.630846486399874,1.2699711475445092,0.4,-1.5707963267948966,0.0,-0.35,0.0,W_fast,125,2.0
136.8,685,2.7000576597353674,1.2530787487145156,0.4,-1.5707963267948966,0.0,-0.35,0.0,W_fast,130,2.0
137.0,686,2.714380264462919,1.2920129774194096,0.4,3.141592653589793,-0.35,0.0,0.0,W_fast,135,2.0
137.20000000000002,687,2.6443802644629115,1.2920129774194096,0.4,3.141592653589793,-0.35,0.0,0.0,W_fast,135,2.0
137.4,688,2.5743802644629183,1.2920129774194096,0.4,3.141592653589793,-0.35,0.0,0.0,W_fast,135,2.0
137.6,689,0.8313476569873023,1.7403007135034363,0.4,3.141592653589793,-0.35,0.0,0.0,W_fast,15,2.0
137.8,690,0.7613476569872949,1.7403007135034363,0.4,3.141592653589793,-0.35,0.0,0.0,W_fast,15,2.0
138.0,691,0.6913476569873017,1.7403007135034363,0.4,3.141592653589793,-0.35,0.0,0.0,W_fast,15,2.0
138.20000000000002,692,0.6475808624904542,1.6570996152802884,0.4,3.141592653589793,-0.35,0.0,0.0,W_fast,20,2.0
138.4,693,0.577580862490461,1.6570996152802884,0.4,3.141592653589793,-0.35,0.0,0.0,W_fast,20,2.0
138.6,694,0.5409656962397192,1.5765014968652575,0.4,3.141592653589793,-0.35,0.0,0.0,W_fast,25,2.0
138.8,695,0.47096569623971896,1.5765014968652575,0.4,3.141592653589793,-0.35,0.0,0.0,W_fast,25,2.0
139.0,696,0.4412480794919299,1.499119758605957,0.4,3.141592653589793,-0.35,0.0,0.0,W_fast,30,2.0
139.20000000000002,697,0.4181214389873694,1.425543322254911,0.4,3.141592653589793,-0.35,0.0,0.0,W_fast,35,2.0
139.4,698,0.40122904015739,1.3563321489194178,0.4,3.141592653589793,-0.35,0.0,0.0,W_fast,40,2.0
139.6,699,0.3901667020898273,1.2920129774194096,0.4,3.141592653589793,-0.35,0.0,0.0,W_fast,45,2.0
139.8,700,0.3201667020898199,1.2920129774194096,0.4,3.141592653589793,-0.35,0.0,0.0,W_fast,45,2.0
140.0,701,0.2501667020898196,1.2920129774194096,0.4,3.141592653589793,-0.35,0.0,0.0,W_fast,45,2.0
140.20000000000002,702,0.19122522546012355,1.2863359636166831,0.4,-1.5707963267948966,0.0,-0.35,0.0,W_fast,40,2.0
140.4,703,0.15122846795279876,1.2563327211240076,0.4,3.141592653589793,-0.35,0.0,0.0,W_fast,40,2.0
140.6,704,0.08122846795280558,1.2563327211240076,0.4,3.141592653589793,-0.35,0.0,0.0,W_fast,40,2.0
140.8,705,0.011228467952798193,1.2563327211240076,0.4,3.141592653589793,-0.35,0.0,0.0,W_fast,40,2.0
141.0,706,-0.058771532047194985,1.2563327211240076,0.4,3.141592653589793,-0.35,0.0,0.0,W_fast,40,2.0
141.20000000000002,707,-0.12877153204720238,1.2563327211240076,0.4,3.141592653589793,-0.35,0.0,0.0,W_fast,40,2.0
141.4,708,-0.19877153204720266,1.2563327211240076,0.4,3.141592653589793,-0.35,0.0,0.0,W_fast,40,2.0
141.6,709,-0.2618819942401637,1.2655467554824549,0.4,-1.5707963267948966,0.0,-0.35,0.0,W_fast,35,2.0
141.8,710,-0.33875211124293736,1.2991199493408203,0.4,3.141592653589793,-0.35,0.0,0.0,W_fast,30,2.0
142.0,711,-0.40875211124293054,1.2991199493408203,0.4,3.141592653589793,-0.35,0.0,0.0,W_fast,30,2.0
142.20000000000002,712,-0.4787521112429379,1.2991199493408203,0.4,3.141592653589793,-0.35,0.0,0.0,W_fast,30,2.0
142.4,713,-0.5487521112429311,1.2991199493408203,0.4,3.141592653589793,-0.35,0.0,0.0,W_fast,30,2.0
142.6,714,-0.6187521112429314,1.2991199493408203,0.4,3.141592653589793,-0.35,0.0,0.0,W_fast,30,2.0
142.8,715,-0.6887521112429388,1.2991199493408203,0.4,3.141592653589793,-0.35,0.0,0.0,W_fast,30,2.0
143.0,716,-0.7087554491030422,1.2491232872009306,0.4,-1.5707963267948966,0.0,-0.35,0.0,W_fast,30,2.0
143.20000000000002,717,-0.7690350666997404,1.2765022598047107,0.4,3.141592653589793,-0.35,0.0,0.0,W_fast,25,2.0
143.4,718,-0.8390350666997336,1.2765022598047107,0.4,3.141592653589793,-0.35,0.0,0.0,W_fast,25,2.0
143.6,719,-0.9090350666997339,1.2765022598047107,0.4,3.141592653589793,-0.35,0.0,0.0,W_fast,25,2.0
143.8,720,-0.9824229522068069,1.3271034299775557,0.4,-1.5707963267948966,0.0,-0.35,0.0,W_fast,20,2.0
144.0,721,-0.9824229522068069,1.2571034299775554,0.4,-1.5707963267948966,0.0,-0.35,0.0,W_fast,20,2.0
144.20000000000002,722,-1.0524195189792738,1.257099996750015,0.4,3.141592653589793,-0.35,0.0,0.0,W_fast,20,2.0
144.4,723,-1.108656062342535,1.3003044328332711,0.4,-1.5707963267948966,0.0,-0.35,0.0,W_fast,15,2.0
144.6,724,-1.1375342697358333,1.3254715809390267,0.4,3.141592653589793,-0.35,0.0,0.0,W_fast,10,2.0
144.8,725,-1.2075342697358407,1.3254715809390267,0.4,3.141592653589793,-0.35,0.0,0.0,W_fast,10,2.0
145.0,726,-1.258652343012701,1.2403007135034363,0.4,3.141592653589793,-0.35,0.0,0.0,W_fast,15,2.0
145.20000000000002,727,-1.3286523430127013,1.2403007135034363,0.4,3.141592653589793,-0.35,0.0,0.0,W_fast,15,2.0
145.4,728,-1.3986523430127016,1.2403007135034363,0.4,3.141592653589793,-0.35,0.0,0.0,W_fast,15,2.0
145.6,729,-1.442419137509535,1.1570996152802884,0.4,3.141592653589793,-0.35,0.0,0.0,W_fast,20,2.0
145.8,730,-1.5124191375095424,1.1570996152802884,0.4,3.141592653589793,-0.35,0.0,0.0,W_fast,20,2.0
146.0,731,-1.5824191375095356,1.1570996152802884,0.4,3.141592653589793,-0.35,0.0,0.0,W_fast,20,2.0
146.20000000000002,732,-1.6190343037602846,1.0765014968652575,0.4,3.141592653589793,-0.35,0.0,0.0,W_fast,25,2.0
146.4,733,-1.6487519205080736,0.999119758605957,0.4,3.141592653589793,-0.35,0.0,0.0,W_fast,30,2.0
146.6,734,-1.67187856101262,0.925543322254911,0.4,3.141592653589793,-0.35,0.0,0.0,W_fast,35,2.0
146.8,735,-1.6887709598426133,0.8563321489194178,0.4,3.141592653589793,-0.35,0.0,0.0,W_fast,40,2.0
147.0,736,-1.6355141264101678,0.733075315486979,0.4,3.141592653589793,-0.35,0.0,0.0,W_fast,50,2.0
147.20000000000002,737,-1.562726516723636,0.6330943548215184,0.4,3.141592653589793,-0.35,0.0,0.0,W_fast,60,2.0
147.4,738,-1.3915455618261499,0.5331939323168887,0.4,3.141592653589793,-0.35,0.0,0.0,W_fast,75,2.0
147.6,739,-1.4615455618261501,0.5331939323168887,0.4,3.141592653589793,-0.35,0.0,0.0,W_fast,75,2.0
147.8,740,-1.5315455618261575,0.5331939323168887,0.4,3.141592653589793,-0.35,0.0,0.0,W_fast,75,2.0
148.0,741,-1.6015455618261507,0.5331939323168887,0.4,3.141592653589793,-0.35,0.0,0.0,W_fast,75,2.0
148.20000000000002,742,-1.6015490904211243,0.4631974609118549,0.4,-1.5707963267948966,0.0,-0.35,0.0,W_fast,75,2.0
148.4,743,-1.5615520468115074,0.43319450452147856,0.4,0.0,0.35,0.0,0.0,W_fast,75,2.0
148.6,744,-1.491552046811507,0.43319450452147856,0.4,0.0,0.35,0.0,0.0,W_fast,75,2.0
148.8,745,-1.4215520468115068,0.43319450452147856,0.4,0.0,0.35,0.0,0.0,W_fast,75,2.0
149.0,746,-1.6663094380600318,0.5799682865215551,0.4,0.0,0.35,0.0,0.0,W_fast,55,2.0
149.20000000000002,747,-1.769834442319366,0.6920135496239993,0.4,3.141592653589793,-0.35,0.0,0.0,W_fast,45,2.0
149.4,748,-1.5553459228735111,0.49281254377389694,0.4,3.141592653589793,-0.35,0.0,0.0,W_fast,65,2.0
149.6,749,-1.4615467062353256,0.43319450452147856,0.4,3.141592653589793,-0.35,0.0,0.0,W_fast,75,2.0
149.8,750,-1.501549185788556,0.4031969840747015,0.4,-1.5707963267948966,0.0,-0.35,0.0,W_fast,75,2.0
150.0,751,-1.501549185788556,0.3331969840747012,0.4,-1.5707963267948966,0.0,-0.35,0.0,W_fast,75,2.0
150.20000000000002,752,-1.571546324765607,0.333194123051752,0.4,3.141592653589793,-0.35,0.0,0.0,W_fast,75,2.0
150.4,753,-1.6015490904211243,0.293196888707269,0.4,-1.5707963267948966,0.0,-0.35,0.0,W_fast,75,2.0
150.6,754,-1.6115468969701903,0.23319469525634184,0.4,3.141592653589793,-0.3499999999999999,0.0,0.0,W_fast,75,2.0
150.8,755,-1.6815468969701977,0.23319469525634184,0.4,3.141592653589793,-0.3499999999999999,0.0,0.0,W_fast,75,2.0
151.0,756,-1.7515468969701908,0.23319469525634184,0.4,3.141592653589793,-0.35,0.0,0.0,W_fast,75,2.0
151.20000000000002,757,-1.8215468969701982,0.23319469525634184,0.4,3.141592653589793,-0.3499999999999999,0.0,0.0,W_fast,75,2.0
151.4,758,-1.8063760295346083,0.21431276853320214,0.4,3.141592653589793,-0.3499999999999999,0.0,0.0,W_fast,80,2.0
151.6,759,-1.8163784137203973,0.15431515271899798,0.4,-1.5707963267948966,0.0,-0.35,0.0,W_fast,80,2.0
151.8,760,-1.8715520468115026,0.13319431378661528,0.4,0.0,0.3499999999999999,0.0,0.0,W_fast,75,2.0
152.0,761,-1.8015520468115094,0.13319431378661528,0.4,0.0,0.3499999999999999,0.0,0.0,W_fast,75,2.0
152.20000000000002,762,-1.731552046811502,0.13319431378661528,0.4,0.0,0.35,0.0,0.0,W_fast,75,2.0
152.4,763,-1.6615520468115088,0.13319431378661528,0.4,0.0,0.3499999999999999,0.0,0.0,W_fast,75,2.0
152.6,764,-1.5915520468115085,0.13319431378661528,0.4,0.0,0.35,0.0,0.0,W_fast,75,2.0
152.8,765,-1.5215520468115011,0.13319431378661528,0.4,0.0,0.35,0.0,0.0,W_fast,75,2.0
153.0,766,-1.501549185788556,0.18319145276366322,0.4,1.5707963267948966,0.0,0.35,0.0,W_fast,75,2.0
153.20000000000002,767,-1.501549185788556,0.21319793774901308,0.4,-1.5707963267948966,0.0,-0.35,0.0,W_fast,75,2.0
153.4,768,-1.501549185788556,0.1431979377490199,0.4,-1.5707963267948966,0.0,-0.35,0.0,W_fast,75,2.0
153.60000000000002,769,-1.4163783183529657,0.0543160110258728,0.4,-1.5707963267948966,0.0,-0.35,0.0,W_fast,80,2.0
153.8,770,-1.5315451803564253,0.03319393231688872,0.4,3.141592653589793,-0.35,0.0,0.0,W_fast,75,2.0
154.0,771,-1.6015451803564256,0.03319393231688872,0.4,3.141592653589793,-0.35,0.0,0.0,W_fast,75,2.0
154.20000000000002,772,-1.671545180356433,0.03319393231688872,0.4,3.141592653589793,-0.3499999999999999,0.0,0.0,W_fast,75,2.0
154.4,773,-1.7415451803564261,0.03319393231688872,0.4,3.141592653589793,-0.35,0.0,0.0,W_fast,75,2.0
154.60000000000002,774,-1.8115451803564335,0.03319393231688872,0.4,3.141592653589793,-0.3499999999999999,0.0,0.0,W_fast,75,2.0
154.8,775,-1.8815451803564267,0.03319393231688872,0.4,3.141592653589793,-0.3499999999999999,0.0,0.0,W_fast,75,2.0
155.0,776,-1.9015492811559875,-0.016801966883550734,0.4,-1.5707963267948966,0.0,-0.35,0.0,W_fast,75,2.0
155.20000000000002,777,-1.964753907974106,-0.04057228997536144,0.4,0.0,0.3499999999999999,0.0,0.0,W_fast,70,2.0
155.4,778,-1.8947539079741058,-0.04057228997536144,0.4,0.0,0.3499999999999999,0.0,0.0,W_fast,70,2.0
155.60000000000002,779,-1.7415528097509503,-0.06680549547852144,0.4,0.0,0.35,0.0,0.0,W_fast,75,2.0
155.8,780,-1.671552809750957,-0.06680549547852144,0.4,0.0,0.3499999999999999,0.0,0.0,W_fast,75,2.0
156.0,781,-1.601552809750964,-0.06680549547852144,0.4,0.0,0.3499999999999999,0.0,0.0,W_fast,75,2.0
156.20000000000002,782,-1.4463819423153663,-0.08568742220166115,0.4,0.0,0.35,0.0,0.0,W_fast,80,2.0
156.4,783,-1.4563746943905653,-0.08568742220166115,0.4,3.141592653589793,-0.35,0.0,0.0,W_fast,80,2.0
156.60000000000002,784,-1.6115455618261558,-0.06680549547852144,0.4,3.141592653589793,-0.3499999999999999,0.0,0.0,W_fast,75,2.0
156.8,785,-1.681545561826156,-0.06680549547852144,0.4,3.141592653589793,-0.3499999999999999,0.0,0.0,W_fast,75,2.0
157.0,786,-1.7515455618261493,-0.06680549547852144,0.4,3.141592653589793,-0.35,0.0,0.0,W_fast,75,2.0
157.20000000000002,787,-1.9047466600493048,-0.04057228997536144,0.4,3.141592653589793,-0.3499999999999999,0.0,0.0,W_fast,70,2.0
157.4,788,-1.974746660049298,-0.04057228997536144,0.4,3.141592653589793,-0.3499999999999999,0.0,0.0,W_fast,70,2.0
157.60000000000002,789,-1.9015492811559875,-0.006809214808351727,0.4,1.5707963267948966,0.0,0.35,0.0,W_fast,75,2.0
157.8,790,-1.8715524282812277,0.03319393231688872,0.4,0.0,0.3499999999999999,0.0,0.0,W_fast,75,2.0
158.0,791,-1.8015524282812345,0.03319393231688872,0.4,0.0,0.3499999999999999,0.0,0.0,W_fast,75,2.0
158.20000000000002,792,-1.7315524282812271,0.03319393231688872,0.4,0.0,0.35,0.0,0.0,W_fast,75,2.0
158.4,793,-1.661552428281234,0.03319393231688872,0.4,0.0,0.3499999999999999,0.0,0.0,W_fast,75,2.0
158.60000000000002,794,-1.5915524282812266,0.03319393231688872,0.4,0.0,0.35,0.0,0.0,W_fast,75,2.0
158.8,795,-1.5215524282812334,0.03319393231688872,0.4,0.0,0.35,0.0,0.0,W_fast,75,2.0
159.0,796,-1.4163783183529657,0.06430876310107181,0.4,1.5707963267948966,0.0,0.35,0.0,W_fast,80,2.0
159.20000000000002,797,-1.5215455618261595,0.13319431378661528,0.4,3.141592653589793,-0.35,0.0,0.0,W_fast,75,2.0
159.4,798,-1.5915455618261527,0.13319431378661528,0.4,3.141592653589793,-0.35,0.0,0.0,W_fast,75,2.0
159.60000000000002,799,-1.66154556182616,0.13319431378661528,0.4,3.141592653589793,-0.3499999999999999,0.0,0.0,W_fast,75,2.0
159.8,800,-1.7315455618261533,0.13319431378661528,0.4,3.141592653589793,-0.35,0.0,0.0,W_fast,75,2.0
160.0,801,-1.8015455618261536,0.13319431378661528,0.4,3.141592653589793,-0.35,0.0,0.0,W_fast,75,2.0
160.20000000000002,802,-1.8715455618261538,0.13319431378661528,0.4,3.141592653589793,-0.3499999999999999,0.0,0.0,W_fast,75,2.0
160.4,803,-1.8163784137203973,0.15430866773364216,0.4,1.5707963267948966,0.0,0.35,0.0,W_fast,80,2.0
160.60000000000002,804,-1.806382514519957,0.21431276853320214,0.4,0.0,0.3499999999999999,0.0,0.0,W_fast,80,2.0
160.8,805,-1.821553381955547,0.23319469525634184,0.4,0.0,0.3499999999999999,0.0,0.0,W_fast,75,2.0
161.0,806,-1.7515533819555538,0.23319469525634184,0.4,0.0,0.35,0.0,0.0,W_fast,75,2.0
161.20000000000002,807,-1.6815533819555464,0.23319469525634184,0.4,0.0,0.3499999999999999,0.0,0.0,W_fast,75,2.0
161.4,808,-1.6115533819555532,0.23319469525634184,0.4,0.0,0.3499999999999999,0.0,0.0,W_fast,75,2.0
161.60000000000002,809,-1.6015490904211243,0.2931904037219203,0.4,1.5707963267948966,0.0,0.35,0.0,W_fast,75,2.0
161.8,810,-1.5715528097509557,0.333194123051752,0.4,0.0,0.35,0.0,0.0,W_fast,75,2.0
162.0,811,-1.5015528097509625,0.333194123051752,0.4,0.0,0.35,0.0,0.0,W_fast,75,2.0
162.20000000000002,812,-1.501549185788556,0.4031904990893528,0.4,1.5707963267948966,0.0,0.35,0.0,W_fast,75,2.0
162.4,813,-1.5415451803564233,0.43319450452147856,0.4,3.141592653589793,-0.35,0.0,0.0,W_fast,75,2.0
162.60000000000002,814,-1.6015490904211243,0.443190594456785,0.4,1.5707963267948966,0.0,0.35,0.0,W_fast,75,2.0
162.8,815,-1.6015490904211243,0.5131905944567782,0.4,1.5707963267948966,0.0,0.35,0.0,W_fast,75,2.0
163.0,816,-1.5515524282812345,0.5331939323168887,0.4,0.0,0.35,0.0,0.0,W_fast,75,2.0
163.20000000000002,817,-1.4815524282812271,0.5331939323168887,0.4,0.0,0.35,0.0,0.0,W_fast,75,2.0
163.4,818,-1.411552428281234,0.5331939323168887,0.4,0.0,0.35,0.0,0.0,W_fast,75,2.0
163.60000000000002,819,-1.5053516449194053,0.5928119715693071,0.4,0.0,0.35,0.0,0.0,W_fast,65,2.0
163.8,820,-1.5863098195297587,0.6799677143169652,0.4,0.0,0.35,0.0,0.0,W_fast,55,2.0
164.0,821,-1.6498401643652598,0.7920129774194095,0.4,0.0,0.35,0.0,0.0,W_fast,45,2.0
164.20000000000002,822,-1.691885427467704,0.925543322254911,0.4,0.0,0.35,0.0,0.0,W_fast,35,2.0
164.4,823,-1.7087554491030423,0.9591230964660653,0.4,-1.5707963267948966,0.0,-0.35,0.0,W_fast,30,2.0
164.60000000000002,824,-1.772425431760023,1.0571001874848782,0.4,0.0,0.35,0.0,0.0,W_fast,20,2.0
164.8,825,-1.7286586372631896,1.1403012857080261,0.4,0.0,0.35,0.0,0.0,W_fast,15,2.0
165.0,826,-1.6586586372631964,1.1403012857080261,0.4,0.0,0.35,0.0,0.0,W_fast,15,2.0
165.20000000000002,827,-1.588658637263189,1.1403012857080261,0.4,0.0,0.35,0.0,0.0,W_fast,15,2.0
165.4,828,-1.5375405639863287,1.2254721531436166,0.4,0.0,0.35,0.0,0.0,W_fast,10,2.0
165.60000000000002,829,-1.4675405639863284,1.2254721531436166,0.4,0.0,0.35,0.0,0.0,W_fast,10,2.0
165.8,830,-1.397540563986328,1.2254721531436166,0.4,0.0,0.35,0.0,0.0,W_fast,10,2.0
166.0,831,-1.327540563986335,1.2254721531436166,0.4,0.0,0.35,0.0,0.0,W_fast,10,2.0
166.20000000000002,832,-1.268927509065865,1.3119645880628887,0.4,0.0,0.35,0.0,0.0,W_fast,5,2.0
166.4,833,-1.2389248387777807,1.2719672583509798,0.4,-1.5707963267948966,0.0,-0.35,0.0,W_fast,5,2.0
166.60000000000002,834,-1.252727088928225,1.2991199493408203,0.4,3.141592653589793,-0.35,0.0,0.0,W_fast,0,2.0
166.8,835,-1.3227270889282252,1.2991199493408203,0.4,3.141592653589793,-0.35,0.0,0.0,W_fast,0,2.0
167.0,836,-1.3927270889282184,1.2991199493408203,0.4,3.141592653589793,-0.35,0.0,0.0,W_fast,0,2.0
167.20000000000002,837,-1.4627270889282258,1.2991199493408203,0.4,3.141592653589793,-0.35,0.0,0.0,W_fast,0,2.0
167.4,838,-1.532727088928219,1.2991199493408203,0.4,3.141592653589793,-0.35,0.0,0.0,W_fast,0,2.0
167.60000000000002,839,-1.6027270889282264,1.2991199493408203,0.4,3.141592653589793,-0.35,0.0,0.0,W_fast,0,2.0
167.8,840,-1.668921787019965,1.2119642065931622,0.4,3.141592653589793,-0.35,0.0,0.0,W_fast,5,2.0
168.0,841,-1.7389217870199654,1.2119642065931622,0.4,3.141592653589793,-0.35,0.0,0.0,W_fast,5,2.0
168.20000000000002,842,-1.6689278905355887,1.2119642065931622,0.4,0.0,0.35,0.0,0.0,W_fast,5,2.0
168.4,843,-1.60273319244385,1.2991199493408203,0.4,0.0,0.35,0.0,0.0,W_fast,0,2.0
168.60000000000002,844,-1.5327331924438425,1.2991199493408203,0.4,0.0,0.35,0.0,0.0,W_fast,0,2.0
168.8,845,-1.4627331924438494,1.2991199493408203,0.4,0.0,0.35,0.0,0.0,W_fast,0,2.0
169.0,846,-1.392733192443849,1.2991199493408203,0.4,0.0,0.35,0.0,0.0,W_fast,0,2.0
169.20000000000002,847,-1.3227331924438488,1.2991199493408203,0.4,0.0,0.35,0.0,0.0,W_fast,0,2.0
169.4,848,-1.2527331924438485,1.2991199493408203,0.4,0.0,0.35,0.0,0.0,W_fast,0,2.0
169.60000000000002,849,-1.2389248387777807,1.2719611548353562,0.4,1.5707963267948966,0.0,0.35,0.0,W_fast,5,2.0
169.8,850,-1.2689214055502414,1.3119645880628887,0.4,3.141592653589793,-0.35,0.0,0.0,W_fast,5,2.0
170.0,851,-1.3275344604706971,1.2254721531436166,0.4,3.141592653589793,-0.35,0.0,0.0,W_fast,10,2.0
170.20000000000002,852,-1.3975344604707045,1.2254721531436166,0.4,3.141592653589793,-0.35,0.0,0.0,W_fast,10,2.0
170.4,853,-1.4675344604707048,1.2254721531436166,0.4,3.141592653589793,-0.35,0.0,0.0,W_fast,10,2.0
170.60000000000002,854,-1.537534460470705,1.2254721531436166,0.4,3.141592653589793,-0.35,0.0,0.0,W_fast,10,2.0
170.8,855,-1.5886525337475654,1.1403012857080261,0.4,3.141592653589793,-0.35,0.0,0.0,W_fast,15,2.0
171.0,856,-1.6586525337475586,1.1403012857080261,0.4,3.141592653589793,-0.35,0.0,0.0,W_fast,15,2.0
171.20000000000002,857,-1.728652533747566,1.1403012857080261,0.4,3.141592653589793,-0.35,0.0,0.0,W_fast,15,2.0
171.4,858,-1.7724193282443994,1.0571001874848782,0.4,3.141592653589793,-0.35,0.0,0.0,W_fast,20,2.0
171.60000000000002,859,-1.7087554491030423,0.9591169929504417,0.4,1.5707963267948966,0.0,0.35,0.0,W_fast,30,2.0
171.8,860,-1.6787582147585574,0.999119758605957,0.4,0.0,0.35,0.0,0.0,W_fast,30,2.0
172.0,861,-1.6490405980107754,1.0765014968652575,0.4,0.0,0.35,0.0,0.0,W_fast,25,2.0
172.20000000000002,862,-1.579040598010768,1.0765014968652575,0.4,0.0,0.35,0.0,0.0,W_fast,25,2.0
172.4,863,-1.5424254317600332,1.1570996152802884,0.4,0.0,0.35,0.0,0.0,W_fast,20,2.0
172.60000000000002,864,-1.4724254317600258,1.1570996152802884,0.4,0.0,0.35,0.0,0.0,W_fast,20,2.0
172.8,865,-1.4286586372631924,1.2403007135034363,0.4,0.0,0.35,0.0,0.0,W_fast,15,2.0
173.0,866,-1.3586586372631921,1.2403007135034363,0.4,0.0,0.35,0.0,0.0,W_fast,15,2.0
173.20000000000002,867,-1.2886586372631847,1.2403007135034363,0.4,0.0,0.35,0.0,0.0,W_fast,15,2.0
173.4,868,-1.2186586372631916,1.2403007135034363,0.4,0.0,0.35,0.0,0.0,W_fast,15,2.0
173.60000000000002,869,-1.167540563986324,1.3254715809390267,0.4,0.0,0.35,0.0,0.0,W_fast,10,2.0
173.8,870,-1.108656062342535,1.2702981385827803,0.4,1.5707963267948966,0.0,0.35,0.0,W_fast,15,2.0
174.0,871,-1.0824228568393752,1.2570970403596327,0.4,1.5707963267948966,0.0,0.35,0.0,W_fast,20,2.0
174.20000000000002,872,-1.0124258132297572,1.257099996750015,0.4,0.0,0.35,0.0,0.0,W_fast,20,2.0
174.4,873,-0.9424258132297569,1.257099996750015,0.4,0.0,0.35,0.0,0.0,W_fast,20,2.0
174.60000000000002,874,-0.8724258132297495,1.257099996750015,0.4,0.0,0.35,0.0,0.0,W_fast,20,2.0
174.8,875,-0.8024258132297564,1.257099996750015,0.4,0.0,0.35,0.0,0.0,W_fast,20,2.0
175.0,876,-0.7324258132297632,1.257099996750015,0.4,0.0,0.35,0.0,0.0,W_fast,20,2.0
175.20000000000002,877,-0.6824227614719436,1.2770969449922027,0.4,1.5707963267948966,0.0,0.35,0.0,W_fast,20,2.0
175.4,878,-0.6490379277226851,1.2664988265771722,0.4,1.5707963267948966,0.0,0.35,0.0,W_fast,25,2.0
175.60000000000002,879,-0.5890413609502233,1.2765022598047107,0.4,0.0,0.35,0.0,0.0,W_fast,25,2.0
175.8,880,-0.519041360950223,1.2765022598047107,0.4,0.0,0.35,0.0,0.0,W_fast,25,2.0
176.0,881,-0.44904136095022984,1.2765022598047107,0.4,0.0,0.35,0.0,0.0,W_fast,25,2.0
176.20000000000002,882,-0.37904136095022245,1.2765022598047107,0.4,0.0,0.35,0.0,0.0,W_fast,25,2.0
176.4,883,-0.30904136095022927,1.2765022598047107,0.4,0.0,0.35,0.0,0.0,W_fast,25,2.0
176.60000000000002,884,-0.24903783235525345,1.2864987312097422,0.4,1.5707963267948966,0.0,0.35,0.0,W_fast,25,2.0
176.8,885,-0.20875544910304222,1.279116992950442,0.4,1.5707963267948966,0.0,0.35,0.0,W_fast,30,2.0
177.0,886,-0.15875840549342735,1.2991199493408203,0.4,0.0,0.35,0.0,0.0,W_fast,30,2.0
177.20000000000002,887,-0.08875840549341996,1.2991199493408203,0.4,0.0,0.35,0.0,0.0,W_fast,30,2.0
177.4,888,-0.018758405493426777,1.2991199493408203,0.4,0.0,0.35,0.0,0.0,W_fast,30,2.0
177.60000000000002,889,0.05124159450658061,1.2991199493408203,0.4,0.0,0.35,0.0,0.0,W_fast,30,2.0
177.8,890,0.12124159450657379,1.2991199493408203,0.4,0.0,0.35,0.0,0.0,W_fast,30,2.0
178.0,891,0.09134117200194447,1.5403009042382996,0.4,0.0,0.35,0.0,0.0,W_fast,15,2.0
178.20000000000002,892,0.23811800575983633,1.2955404612319663,0.4,1.5707963267948966,0.0,0.35,0.0,W_fast,35,2.0
178.4,893,0.3312221737023088,1.2563327211240076,0.4,0.0,0.35,0.0,0.0,W_fast,40,2.0
178.60000000000002,894,0.30124121303685547,1.3991203308105469,0.4,0.0,0.35,0.0,0.0,W_fast,30,2.0
178.8,895,0.3309588297846374,1.4765020690698474,0.4,0.0,0.35,0.0,0.0,W_fast,25,2.0
179.0,896,0.3675739960353792,1.5571001874848782,0.4,0.0,0.35,0.0,0.0,W_fast,20,2.0
179.20000000000002,897,0.4113407905322196,1.6403012857080261,0.4,0.0,0.35,0.0,0.0,W_fast,15,2.0
179.4,898,0.4813407905322199,1.6403012857080261,0.4,0.0,0.35,0.0,0.0,W_fast,15,2.0
179.60000000000002,899,0.5324588638090876,1.7254721531436166,0.4,0.0,0.35,0.0,0.0,W_fast,10,2.0
179.8,900,0.6024588638090808,1.7254721531436166,0.4,0.0,0.35,0.0,0.0,W_fast,10,2.0
180.0,901,0.6724588638090739,1.7254721531436166,0.4,0.0,0.35,0.0,0.0,W_fast,10,2.0
180.20000000000002,902,0.7424588638090813,1.7254721531436166,0.4,0.0,0.35,0.0,0.0,W_fast,10,2.0
180.4,903,2.5633110599402675,1.2563327211240074,0.4,0.0,0.35,0.0,0.0,W_fast,140,2.0
180.60000000000002,904,2.633311059940268,1.2563327211240074,0.4,0.0,0.35,0.0,0.0,W_fast,140,2.0
180.8,905,2.703311059940268,1.2563327211240074,0.4,0.0,0.35,0.0,0.0,W_fast,140,2.0
181.0,906,2.6733171634558976,1.2563327211240074,0.4,3.141592653589793,-0.35,0.0,0.0,W_fast,140,2.0
181.20000000000002,907,0.8610750658547877,1.791967544453268,0.4,-1.5707963267948966,0.0,-0.35,0.0,W_fast,5,2.0
181.4,908,0.8572697639465332,1.8091232872009329,0.4,-1.5707963267948966,0.0,-0.35,0.0,W_fast,0,2.0
181.60000000000002,909,0.7972731018066384,1.7991199493408203,0.4,3.141592653589793,-0.35,0.0,0.0,W_fast,0,2.0
181.8,910,0.7272731018066381,1.7991199493408203,0.4,3.141592653589793,-0.35,0.0,0.0,W_fast,0,2.0
182.0,911,0.6572731018066449,1.7991199493408203,0.4,3.141592653589793,-0.35,0.0,0.0,W_fast,0,2.0
182.20000000000002,912,0.5872731018066375,1.7991199493408203,0.4,3.141592653589793,-0.35,0.0,0.0,W_fast,0,2.0
182.4,913,0.5172731018066443,1.7991199493408203,0.4,3.141592653589793,-0.35,0.0,0.0,W_fast,0,2.0
182.60000000000002,914,0.4510784037148914,1.7119642065931622,0.4,3.141592653589793,-0.35,0.0,0.0,W_fast,5,2.0
182.8,915,0.3810784037148982,1.7119642065931622,0.4,3.141592653589793,-0.35,0.0,0.0,W_fast,5,2.0
183.0,916,0.3110784037148979,1.7119642065931622,0.4,3.141592653589793,-0.35,0.0,0.0,W_fast,5,2.0
183.20000000000002,917,0.24107840371489053,1.7119642065931622,0.4,3.141592653589793,-0.35,0.0,0.0,W_fast,5,2.0
183.4,918,0.18246534879443488,1.62547177167389,0.4,3.141592653589793,-0.35,0.0,0.0,W_fast,10,2.0
183.60000000000002,919,0.22107210946441191,1.7119642065931622,0.4,0.0,0.35,0.0,0.0,W_fast,5,2.0
183.8,920,0.2910721094644051,1.7119642065931622,0.4,0.0,0.35,0.0,0.0,W_fast,5,2.0
184.0,921,0.36107210946439827,1.7119642065931622,0.4,0.0,0.35,0.0,0.0,W_fast,5,2.0
184.20000000000002,922,0.43107210946440566,1.7119642065931622,0.4,0.0,0.35,0.0,0.0,W_fast,5,2.0
184.4,923,0.4972668075561444,1.7991199493408203,0.4,0.0,0.35,0.0,0.0,W_fast,0,2.0
184.60000000000002,924,0.5572700500488281,1.7891231918334967,0.4,-1.5707963267948966,0.0,-0.35,0.0,W_fast,0,2.0
184.8,925,2.463577837085478,1.2965049300927898,0.4,-1.5707963267948966,0.0,-0.35,0.0,W_fast,155,2.0
185.0,926,2.5135751667973922,1.2765022598047107,0.4,0.0,0.35,0.0,0.0,W_fast,155,2.0
185.20000000000002,927,2.5835751667973996,1.2765022598047107,0.4,0.0,0.35,0.0,0.0,W_fast,155,2.0
185.4,928,2.653575166797393,1.2765022598047107,0.4,0.0,0.35,0.0,0.0,W_fast,155,2.0
185.60000000000002,929,2.7235751667974,1.2765022598047107,0.4,0.0,0.35,0.0,0.0,W_fast,155,2.0
185.8,930,2.7969623847324416,1.3271027624055312,0.4,-1.5707963267948966,0.0,-0.35,0.0,W_fast,160,2.0
186.0,931,2.7969623847324416,1.257102762405538,0.4,-1.5707963267948966,0.0,-0.35,0.0,W_fast,160,2.0
186.20000000000002,932,2.7269651503879575,1.2570999967500147,0.4,3.141592653589793,-0.35,0.0,0.0,W_fast,160,2.0
186.4,933,2.736959809811782,1.2570999967500147,0.4,0.0,0.35,0.0,0.0,W_fast,160,2.0
186.60000000000002,934,2.7969623847324416,1.2670974218293627,0.4,1.5707963267948966,0.0,0.35,0.0,W_fast,160,2.0
186.8,935,2.7635775509831833,1.2564993034143253,0.4,1.5707963267948966,0.0,0.35,0.0,W_fast,155,2.0
187.0,936,2.7135805073735613,1.2765022598047107,0.4,3.141592653589793,-0.35,0.0,0.0,W_fast,155,2.0
187.20000000000002,937,2.643580507373568,1.2765022598047107,0.4,3.141592653589793,-0.35,0.0,0.0,W_fast,155,2.0
187.4,938,2.5735805073735607,1.2765022598047107,0.4,3.141592653589793,-0.35,0.0,0.0,W_fast,155,2.0
187.60000000000002,939,2.5035805073735533,1.2765022598047107,0.4,3.141592653589793,-0.35,0.0,0.0,W_fast,155,2.0
187.8,940,2.5534647481405734,1.64196210850967,0.4,1.5707963267948966,0.0,0.35,0.0,W_fast,175,2.0
188.0,941,0.5572700500488281,1.7991178512573214,0.4,1.5707963267948966,0.0,0.35,0.0,W_fast,0,2.0
188.20000000000002,942,0.6272679519653366,1.7991199493408203,0.4,0.0,0.35,0.0,0.0,W_fast,0,2.0
188.4,943,0.6972679519653298,1.7991199493408203,0.4,0.0,0.35,0.0,0.0,W_fast,0,2.0
188.60000000000002,944,0.7672679519653371,1.7991199493408203,0.4,0.0,0.35,0.0,0.0,W_fast,0,2.0
188.8,945,0.8372679519653303,1.7991199493408203,0.4,0.0,0.35,0.0,0.0,W_fast,0,2.0
189.0,946,0.8610750658547877,1.7619623946119525,0.4,1.5707963267948966,0.0,0.35,0.0,W_fast,5,2.0
189.20000000000002,947,2.60331640051644,1.2563327211240074,0.4,3.141592653589793,-0.35,0.0,0.0,W_fast,140,2.0
189.4,948,0.7824642043852609,1.7254721531436166,0.4,3.141592653589793,-0.35,0.0,0.0,W_fast,10,2.0
189.60000000000002,949,0.7124642043852535,1.7254721531436166,0.4,3.141592653589793,-0.35,0.0,0.0,W_fast,10,2.0
189.8,950,0.6424642043852461,1.7254721531436166,0.4,3.141592653589793,-0.35,0.0,0.0,W_fast,10,2.0
190.0,951,0.5724642043852529,1.7254721531436166,0.4,3.141592653589793,-0.35,0.0,0.0,W_fast,10,2.0
190.20000000000002,952,0.5024642043852455,1.7254721531436166,0.4,3.141592653589793,-0.35,0.0,0.0,W_fast,10,2.0
190.4,953,0.45134613110839206,1.6403012857080261,0.4,3.141592653589793,-0.35,0.0,0.0,W_fast,15,2.0
190.60000000000002,954,0.38134613110838467,1.6403012857080261,0.4,3.141592653589793,-0.35,0.0,0.0,W_fast,15,2.0
190.8,955,0.3375793366115514,1.5571001874848782,0.4,3.141592653589793,-0.35,0.0,0.0,W_fast,20,2.0
191.0,956,0.3009641703608167,1.4765020690698474,0.4,3.141592653589793,-0.35,0.0,0.0,W_fast,25,2.0
191.20000000000002,957,0.2712465536130205,1.3991203308105469,0.4,3.141592653589793,-0.35,0.0,0.0,W_fast,30,2.0
191.4,958,0.30122751427848804,1.2563327211240076,0.4,3.141592653589793,-0.35,0.0,0.0,W_fast,40,2.0
191.60000000000002,959,0.19124464626438942,1.3391222381591774,0.4,-1.5707963267948966,0.0,-0.35,0.0,W_fast,30,2.0
191.8,960,0.08757971808128362,1.4570998060151517,0.4,3.141592653589793,-0.35,0.0,0.0,W_fast,20,2.0
192.0,961,0.09124693508276016,1.2991199493408203,0.4,3.141592653589793,-0.35,0.0,0.0,W_fast,30,2.0
192.20000000000002,962,0.02124693508275277,1.2991199493408203,0.4,3.141592653589793,-0.35,0.0,0.0,W_fast,30,2.0
192.4,963,-0.04875306491725462,1.2991199493408203,0.4,3.141592653589793,-0.35,0.0,0.0,W_fast,30,2.0
192.60000000000002,964,-0.10875554447047386,1.2891224288940464,0.4,-1.5707963267948966,0.0,-0.35,0.0,W_fast,30,2.0
192.8,965,-0.1490379277226851,1.2965041671533395,0.4,-1.5707963267948966,0.0,-0.35,0.0,W_fast,25,2.0
193.0,966,-0.1490379277226851,1.326500352456075,0.4,1.5707963267948966,0.0,0.35,0.0,W_fast,25,2.0
193.20000000000002,967,-0.12875420932643544,1.2991199493408203,0.4,3.141592653589793,-0.35,0.0,0.0,W_fast,30,2.0
193.4,968,-0.19875420932642862,1.2991199493408203,0.4,3.141592653589793,-0.35,0.0,0.0,W_fast,30,2.0
193.60000000000002,969,-0.24903783235525345,1.316502927376727,0.4,-1.5707963267948966,0.0,-0.35,0.0,W_fast,25,2.0
193.8,970,-0.27903716478323026,1.2765022598047107,0.4,3.141592653589793,-0.35,0.0,0.0,W_fast,25,2.0
194.0,971,-0.34903716478322344,1.2765022598047107,0.4,3.141592653589793,-0.35,0.0,0.0,W_fast,25,2.0
194.20000000000002,972,-0.41903716478323083,1.2765022598047107,0.4,3.141592653589793,-0.35,0.0,0.0,W_fast,25,2.0
194.4,973,-0.48242295220680687,1.3171013318940659,0.4,-1.5707963267948966,0.0,-0.35,0.0,W_fast,20,2.0
194.60000000000002,974,-0.49242161706276333,1.257099996750015,0.4,3.141592653589793,-0.35,0.0,0.0,W_fast,20,2.0
194.8,975,-0.5624216170627565,1.257099996750015,0.4,3.141592653589793,-0.35,0.0,0.0,W_fast,20,2.0
195.0,976,-0.5324240966159866,1.257099996750015,0.4,0.0,0.35,0.0,0.0,W_fast,20,2.0
195.20000000000002,977,-0.48242295220680687,1.2770988523408426,0.4,1.5707963267948966,0.0,0.35,0.0,W_fast,20,2.0
195.4,978,-0.4490381184575484,1.266500733925805,0.4,1.5707963267948966,0.0,0.35,0.0,W_fast,25,2.0
195.60000000000002,979,-0.5090365925786501,1.2765022598047107,0.4,3.141592653589793,-0.35,0.0,0.0,W_fast,25,2.0
195.8,980,-0.5790365925786433,1.2765022598047107,0.4,3.141592653589793,-0.35,0.0,0.0,W_fast,25,2.0
196.0,981,-0.6490365925786364,1.2765022598047107,0.4,3.141592653589793,-0.35,0.0,0.0,W_fast,25,2.0
196.20000000000002,982,-0.6824227614719436,1.2871017133637828,0.4,-1.5707963267948966,0.0,-0.35,0.0,W_fast,20,2.0
196.4,983,-0.7224210448581689,1.257099996750015,0.4,3.141592653589793,-0.35,0.0,0.0,W_fast,20,2.0
196.60000000000002,984,-0.7924210448581763,1.257099996750015,0.4,3.141592653589793,-0.35,0.0,0.0,W_fast,20,2.0
196.8,985,-0.8624210448581695,1.257099996750015,0.4,3.141592653589793,-0.35,0.0,0.0,W_fast,20,2.0
197.0,986,-0.9324210448581627,1.257099996750015,0.4,3.141592653589793,-0.35,0.0,0.0,W_fast,20,2.0
197.20000000000002,987,-0.9824229522068069,1.2770980894013781,0.4,1.5707963267948966,0.0,0.35,0.0,W_fast,20,2.0
197.4,988,-0.9490381184575484,1.2664999709863547,0.4,1.5707963267948966,0.0,0.35,0.0,W_fast,25,2.0
197.60000000000002,989,-0.8890404072759112,1.2765022598047107,0.4,0.0,0.35,0.0,0.0,W_fast,25,2.0
197.8,990,-0.8190404072759038,1.2765022598047107,0.4,0.0,0.35,0.0,0.0,W_fast,25,2.0
198.0,991,-0.7490404072759106,1.2765022598047107,0.4,0.0,0.35,0.0,0.0,W_fast,25,2.0
198.20000000000002,992,-0.7087554491030422,1.2691179466247604,0.4,1.5707963267948966,0.0,0.35,0.0,W_fast,30,2.0
198.4,993,-0.668757451819109,1.2991199493408203,0.4,0.0,0.35,0.0,0.0,W_fast,30,2.0
198.60000000000002,994,-0.5987574518191016,1.2991199493408203,0.4,0.0,0.35,0.0,0.0,W_fast,30,2.0
198.8,995,-0.5287574518191084,1.2991199493408203,0.4,0.0,0.35,0.0,0.0,W_fast,30,2.0
199.0,996,-0.4587574518191152,1.2991199493408203,0.4,0.0,0.35,0.0,0.0,W_fast,30,2.0
199.20000000000002,997,-0.3887574518191078,1.2991199493408203,0.4,0.0,0.35,0.0,0.0,W_fast,30,2.0
199.4,998,-0.31875745181911463,1.2991199493408203,0.4,0.0,0.35,0.0,0.0,W_fast,30,2.0
199.60000000000002,999,-0.2618819942401637,1.2855414149062776,0.4,1.5707963267948966,0.0,0.35,0.0,W_fast,35,2.0
199.8,1000,-0.17877687262337993,1.2563327211240076,0.4,0.0,0.35,0.0,0.0,W_fast,40,2.0
200.0,1001,-0.10877687262337254,1.2563327211240076,0.4,0.0,0.35,0.0,0.0,W_fast,40,2.0
200.20000000000002,1002,-0.038776872623365155,1.2563327211240076,0.4,0.0,0.35,0.0,0.0,W_fast,40,2.0
200.4,1003,0.031223127376628024,1.2563327211240076,0.4,0.0,0.35,0.0,0.0,W_fast,40,2.0
200.60000000000002,1004,0.10122312737663541,1.2563327211240076,0.4,0.0,0.35,0.0,0.0,W_fast,40,2.0
200.8,1005,0.1712231273766286,1.2563327211240076,0.4,0.0,0.35,0.0,0.0,W_fast,40,2.0
201.0,1006,0.19122522546012355,1.3063306230405058,0.4,1.5707963267948966,0.0,0.35,0.0,W_fast,40,2.0
201.20000000000002,1007,0.27016136151364945,1.2920129774194096,0.4,0.0,0.35,0.0,0.0,W_fast,45,2.0
201.4,1008,0.3401613615136426,1.2920129774194096,0.4,0.0,0.35,0.0,0.0,W_fast,45,2.0
201.60000000000002,1009,0.41016136151365,1.2920129774194096,0.4,0.0,0.35,0.0,0.0,W_fast,45,2.0
201.8,1010,0.42122369958121275,1.3563321489194178,0.4,0.0,0.35,0.0,0.0,W_fast,40,2.0
202.0,1011,0.43811609841119215,1.425543322254911,0.4,0.0,0.35,0.0,0.0,W_fast,35,2.0
202.20000000000002,1012,0.4612427389157526,1.499119758605957,0.4,0.0,0.35,0.0,0.0,W_fast,30,2.0
202.4,1013,0.4909603556635488,1.5765014968652575,0.4,0.0,0.35,0.0,0.0,W_fast,25,2.0
202.60000000000002,1014,0.5275755219142835,1.6570996152802884,0.4,0.0,0.35,0.0,0.0,W_fast,20,2.0
202.8,1015,0.5975755219142909,1.6570996152802884,0.4,0.0,0.35,0.0,0.0,W_fast,20,2.0
203.0,1016,0.667575521914284,1.6570996152802884,0.4,0.0,0.35,0.0,0.0,W_fast,20,2.0
203.20000000000002,1017,0.7113423164111315,1.7403007135034363,0.4,0.0,0.35,0.0,0.0,W_fast,15,2.0
203.4,1018,0.7813423164111247,1.7403007135034363,0.4,0.0,0.35,0.0,0.0,W_fast,15,2.0
203.60000000000002,1019,0.8513423164111321,1.7403007135034363,0.4,0.0,0.35,0.0,0.0,W_fast,15,2.0
203.8,1020,2.594374923886741,1.2920129774194096,0.4,0.0,0.35,0.0,0.0,W_fast,135,2.0
204.0,1021,2.6643749238867342,1.2920129774194096,0.4,0.0,0.35,0.0,0.0,W_fast,135,2.0
204.20000000000002,1022,2.7343749238867416,1.2920129774194096,0.4,0.0,0.35,0.0,0.0,W_fast,135,2.0
204.4,1023,2.7000576597353674,1.2730734081383384,0.4,1.5707963267948966,0.0,0.35,0.0,W_fast,130,2.0
204.60000000000002,1024,2.620848775218234,1.279968095786692,0.4,3.141592653589793,-0.35,0.0,0.0,W_fast,125,2.0
204.8,1025,2.550848775218241,1.279968095786692,0.4,3.141592653589793,-0.35,0.0,0.0,W_fast,125,2.0
205.0,1026,2.4808487752182335,1.279968095786692,0.4,3.141592653589793,-0.35,0.0,0.0,W_fast,125,2.0
205.20000000000002,1027,2.410848775218226,1.279968095786692,0.4,3.141592653589793,-0.35,0.0,0.0,W_fast,125,2.0
205.4,1028,2.340848775218233,1.279968095786692,0.4,3.141592653589793,-0.35,0.0,0.0,W_fast,125,2.0
205.60000000000002,1029,2.2708487752182256,1.279968095786692,0.4,3.141592653589793,-0.35,0.0,0.0,W_fast,125,2.0
205.8,1030,0.7209645518305364,1.676501878334984,0.4,3.141592653589793,-0.35,0.0,0.0,W_fast,25,2.0
206.0,1031,0.6509645518305432,1.676501878334984,0.4,3.141592653589793,-0.35,0.0,0.0,W_fast,25,2.0
206.20000000000002,1032,0.6212469350827471,1.5991201400756836,0.4,3.141592653589793,-0.35,0.0,0.0,W_fast,30,2.0
206.4,1033,0.5981202945782008,1.5255437037246375,0.4,3.141592653589793,-0.35,0.0,0.0,W_fast,35,2.0
206.60000000000002,1034,0.5281202945781934,1.5255437037246375,0.4,3.141592653589793,-0.35,0.0,0.0,W_fast,35,2.0
206.8,1035,0.511227895748214,1.4563325303891443,0.4,3.141592653589793,-0.35,0.0,0.0,W_fast,40,2.0
207.0,1036,0.5001655576806513,1.3920133588891361,0.4,3.141592653589793,-0.35,0.0,0.0,W_fast,45,2.0
207.20000000000002,1037,0.4944847291806521,1.3330756969567057,0.4,3.141592653589793,-0.35,0.0,0.0,W_fast,50,2.0
207.4,1038,0.49369590251613804,1.2799680957866917,0.4,3.141592653589793,-0.35,0.0,0.0,W_fast,55,2.0
207.60000000000002,1039,0.42369590251614486,1.2799680957866917,0.4,3.141592653589793,-0.35,0.0,0.0,W_fast,55,2.0
207.8,1040,0.3536959025161375,1.2799680957866917,0.4,3.141592653589793,-0.35,0.0,0.0,W_fast,55,2.0
208.0,1041,0.2836959025161443,1.2799680957866917,0.4,3.141592653589793,-0.35,0.0,0.0,W_fast,55,2.0
208.20000000000002,1042,0.21448215425999384,1.2630782718773554,0.4,-1.5707963267948966,0.0,-0.35,0.0,W_fast,50,2.0
208.4,1043,0.11016593915036876,1.2920129774194096,0.4,3.141592653589793,-0.35,0.0,0.0,W_fast,45,2.0
208.60000000000002,1044,0.040165939150361374,1.2920129774194096,0.4,3.141592653589793,-0.35,0.0,0.0,W_fast,45,2.0
208.8,1045,-0.029834060849631805,1.2920129774194096,0.4,3.141592653589793,-0.35,0.0,0.0,W_fast,45,2.0
209.0,1046,-0.09983406084962498,1.2920129774194096,0.4,3.141592653589793,-0.35,0.0,0.0,W_fast,45,2.0
209.20000000000002,1047,-0.16983406084963237,1.2920129774194096,0.4,3.141592653589793,-0.35,0.0,0.0,W_fast,45,2.0
209.4,1048,-0.23983406084962555,1.2920129774194096,0.4,3.141592653589793,-0.35,0.0,0.0,W_fast,45,2.0
209.60000000000002,1049,-0.30877477453987645,1.2963352006772308,0.4,-1.5707963267948966,0.0,-0.35,0.0,W_fast,40,2.0
209.8,1050,-0.3387722949866464,1.2563327211240076,0.4,3.141592653589793,-0.35,0.0,0.0,W_fast,40,2.0
210.0,1051,-0.4087722949866538,1.2563327211240076,0.4,3.141592653589793,-0.35,0.0,0.0,W_fast,40,2.0
210.20000000000002,1052,-0.4787722949866612,1.2563327211240076,0.4,3.141592653589793,-0.35,0.0,0.0,W_fast,40,2.0
210.4,1053,-0.5487722949866544,1.2563327211240076,0.4,3.141592653589793,-0.35,0.0,0.0,W_fast,40,2.0
210.60000000000002,1054,-0.6187722949866618,1.2563327211240076,0.4,3.141592653589793,-0.35,0.0,0.0,W_fast,40,2.0
210.8,1055,-0.6887722949866549,1.2563327211240076,0.4,3.141592653589793,-0.35,0.0,0.0,W_fast,40,2.0
211.0,1056,-0.7618819942401637,1.2755459925430026,0.4,-1.5707963267948966,0.0,-0.35,0.0,W_fast,35,2.0
211.20000000000002,1057,-0.8287528741823896,1.2991199493408203,0.4,3.141592653589793,-0.35,0.0,0.0,W_fast,30,2.0
211.4,1058,-0.8987528741823828,1.2991199493408203,0.4,3.141592653589793,-0.35,0.0,0.0,W_fast,30,2.0
211.60000000000002,1059,-0.9687528741823902,1.2991199493408203,0.4,3.141592653589793,-0.35,0.0,0.0,W_fast,30,2.0
211.8,1060,-1.0087556398379056,1.2691227149963424,0.4,-1.5707963267948966,0.0,-0.35,0.0,W_fast,30,2.0
212.0,1061,-1.0490380230901168,1.2765044532556498,0.4,-1.5707963267948966,0.0,-0.35,0.0,W_fast,25,2.0
212.20000000000002,1062,-1.1190358296391851,1.2765022598047107,0.4,3.141592653589793,-0.35,0.0,0.0,W_fast,25,2.0
212.4,1063,-1.1824227614719436,1.3171024763032342,0.4,-1.5707963267948966,0.0,-0.35,0.0,W_fast,20,2.0
212.60000000000002,1064,-1.1924202819187175,1.257099996750015,0.4,3.141592653589793,-0.35,0.0,0.0,W_fast,20,2.0
212.8,1065,-1.262420281918725,1.257099996750015,0.4,3.141592653589793,-0.35,0.0,0.0,W_fast,20,2.0
213.0,1066,-1.332420281918718,1.257099996750015,0.4,3.141592653589793,-0.35,0.0,0.0,W_fast,20,2.0
213.20000000000002,1067,-1.369035448169467,1.176501878334984,0.4,3.141592653589793,-0.35,0.0,0.0,W_fast,25,2.0
213.4,1068,-1.4390354481694603,1.176501878334984,0.4,3.141592653589793,-0.35,0.0,0.0,W_fast,25,2.0
213.60000000000002,1069,-1.4687530649172564,1.0991201400756836,0.4,3.141592653589793,-0.35,0.0,0.0,W_fast,30,2.0
213.8,1070,-1.5387530649172496,1.0991201400756836,0.4,3.141592653589793,-0.35,0.0,0.0,W_fast,30,2.0
214.0,1071,-1.5618797054217959,1.0255437037246375,0.4,3.141592653589793,-0.35,0.0,0.0,W_fast,35,2.0
214.20000000000002,1072,-1.5787721042517893,0.9563325303891443,0.4,3.141592653589793,-0.35,0.0,0.0,W_fast,40,2.0
214.4,1073,-1.589834442319352,0.892013358889136,0.4,3.141592653589793,-0.35,0.0,0.0,W_fast,45,2.0
214.60000000000002,1074,-1.526304097483858,0.7799680957866918,0.4,3.141592653589793,-0.35,0.0,0.0,W_fast,55,2.0
214.8,1075,-1.522727661132805,0.733094736291245,0.4,3.141592653589793,-0.35,0.0,0.0,W_fast,60,2.0
215.0,1076,-1.4347478044584814,0.6594275192897753,0.4,3.141592653589793,-0.35,0.0,0.0,W_fast,70,2.0
215.20000000000002,1077,-1.4215467062353406,0.6331943137866153,0.4,3.141592653589793,-0.35,0.0,0.0,W_fast,75,2.0
215.4,1078,-1.4915467062353338,0.6331943137866153,0.4,3.141592653589793,-0.35,0.0,0.0,W_fast,75,2.0
215.60000000000002,1079,-1.501549185788556,0.6931918342334006,0.4,1.5707963267948966,0.0,0.35,0.0,W_fast,75,2.0
215.8,1080,-1.471552046811504,0.7331946952563418,0.4,0.0,0.35,0.0,0.0,W_fast,75,2.0
216.0,1081,-1.4015520468115108,0.7331946952563418,0.4,0.0,0.35,0.0,0.0,W_fast,75,2.0
216.20000000000002,1082,-1.3315520468115034,0.7331946952563418,0.4,0.0,0.35,0.0,0.0,W_fast,75,2.0
216.4,1083,-1.425351263449689,0.7928127345087602,0.4,0.0,0.35,0.0,0.0,W_fast,65,2.0
216.60000000000002,1084,-1.432733001708982,0.8330951177609716,0.4,0.0,0.35,0.0,0.0,W_fast,60,2.0
216.8,1085,-1.5055206113955282,0.9330760784264321,0.4,0.0,0.35,0.0,0.0,W_fast,50,2.0
217.0,1086,-1.4998397828955432,0.9920137403588626,0.4,0.0,0.35,0.0,0.0,W_fast,45,2.0
217.20000000000002,1087,-1.4887774448279663,1.056332911858871,0.4,0.0,0.35,0.0,0.0,W_fast,40,2.0
217.4,1088,-1.4187774448279589,1.056332911858871,0.4,0.0,0.35,0.0,0.0,W_fast,40,2.0
217.60000000000002,1089,-1.4018850459979797,1.125544085194364,0.4,0.0,0.35,0.0,0.0,W_fast,35,2.0
217.8,1090,-1.3787584054934192,1.1991205215454102,0.4,0.0,0.35,0.0,0.0,W_fast,30,2.0
218.0,1091,-1.308758405493426,1.1991205215454102,0.4,0.0,0.35,0.0,0.0,W_fast,30,2.0
218.20000000000002,1092,-1.2790407887456299,1.2765022598047107,0.4,0.0,0.35,0.0,0.0,W_fast,25,2.0
218.4,1093,-1.2087554491030423,1.239117565155027,0.4,1.5707963267948966,0.0,0.35,0.0,W_fast,30,2.0
218.60000000000002,1094,-1.1987578332888282,1.2991199493408203,0.4,0.0,0.35,0.0,0.0,W_fast,30,2.0
218.8,1095,-1.128757833288835,1.2991199493408203,0.4,0.0,0.35,0.0,0.0,W_fast,30,2.0
219.0,1096,-1.061882184975027,1.2755412241714064,0.4,1.5707963267948966,0.0,0.35,0.0,W_fast,35,2.0
219.20000000000002,1097,-0.9887772540931002,1.2563327211240076,0.4,0.0,0.35,0.0,0.0,W_fast,40,2.0
219.4,1098,-0.9187772540931071,1.2563327211240076,0.4,0.0,0.35,0.0,0.0,W_fast,40,2.0
219.60000000000002,1099,-0.8487772540930997,1.2563327211240076,0.4,0.0,0.35,0.0,0.0,W_fast,40,2.0
219.8,1100,-0.8087747745398765,1.2863302415707776,0.4,1.5707963267948966,0.0,0.35,0.0,W_fast,40,2.0
220.0,1101,-0.749837112607446,1.2920110700707768,0.4,1.5707963267948966,0.0,0.35,0.0,W_fast,45,2.0
220.20000000000002,1102,-0.6798390199560714,1.2920129774194096,0.4,0.0,0.35,0.0,0.0,W_fast,45,2.0
220.4,1103,-0.6098390199560783,1.2920129774194096,0.4,0.0,0.35,0.0,0.0,W_fast,45,2.0
220.60000000000002,1104,-0.5398390199560709,1.2920129774194096,0.4,0.0,0.35,0.0,0.0,W_fast,45,2.0
220.8,1105,-0.4698390199560777,1.2920129774194096,0.4,0.0,0.35,0.0,0.0,W_fast,45,2.0
221.0,1106,-0.3998390199560845,1.2920129774194096,0.4,0.0,0.35,0.0,0.0,W_fast,45,2.0
221.20000000000002,1107,-0.28551784574000616,1.2530733127709164,0.4,1.5707963267948966,0.0,0.35,0.0,W_fast,50,2.0
221.4,1108,-0.21630667240451285,1.2699657116008956,0.4,1.5707963267948966,0.0,0.35,0.0,W_fast,55,2.0
221.60000000000002,1109,-0.1563090565903016,1.2799680957866917,0.4,0.0,0.35,0.0,0.0,W_fast,55,2.0
221.8,1110,-0.08630905659030841,1.2799680957866917,0.4,0.0,0.35,0.0,0.0,W_fast,55,2.0
222.0,1111,-0.01630905659031523,1.2799680957866917,0.4,0.0,0.35,0.0,0.0,W_fast,55,2.0
222.20000000000002,1112,0.05369094340969216,1.2799680957866917,0.4,0.0,0.35,0.0,0.0,W_fast,55,2.0
222.4,1113,0.12369094340969955,1.2799680957866917,0.4,0.0,0.35,0.0,0.0,W_fast,55,2.0
222.60000000000002,1114,0.1836934229629188,1.2899656162334656,0.4,1.5707963267948966,0.0,0.35,0.0,W_fast,55,2.0
222.8,1115,0.3346515975732654,1.2728098734858149,0.4,1.5707963267948966,0.0,0.35,0.0,W_fast,65,2.0
0.0,1,-1.3298858834336933,-0.19707474875092523,0.4,3.141592653589793,-0.35,0.0,0.0,W_slow,85,2.0
0.2,2,-1.4863783183529655,-0.1856878036713877,0.4,3.141592653589793,-0.35,0.0,0.0,W_slow,80,2.0
0.4,3,-1.5563783183529654,-0.1856878036713877,0.4,3.141592653589793,-0.3499999999999999,0.0,0.0,W_slow,80,2.0
0.6000000000000001,4,-1.6263783183529656,-0.1856878036713877,0.4,3.141592653589793,-0.35,0.0,0.0,W_slow,80,2.0
0.8,5,-1.6963783183529655,-0.1856878036713877,0.4,3.141592653589793,-0.35,0.0,0.0,W_slow,80,2.0
1.0,6,-1.7663783183529658,-0.1856878036713877,0.4,3.141592653589793,-0.3499999999999999,0.0,0.0,W_slow,80,2.0
1.2000000000000002,7,-1.7498858834336932,-0.19707474875092523,0.4,3.141592653589793,-0.35,0.0,0.0,W_slow,85,2.0
1.4000000000000001,8,-1.7327301406860351,-0.2008800506591797,0.4,3.141592653589793,-0.35,0.0,0.0,W_slow,90,2.0
1.6,9,-1.7427301406860352,-0.14088005065917975,0.4,1.5707963267948966,0.0,0.35,0.0,W_slow,90,2.0
1.8,10,-1.7427301406860352,-0.07088005065917968,0.4,1.5707963267948966,0.0,0.35,0.0,W_slow,90,2.0
2.0,11,-1.8298858834336933,0.002925251249074723,0.4,1.5707963267948966,0.0,0.35,0.0,W_slow,85,2.0
2.2,12,-1.8298858834336933,0.07292525124907479,0.4,1.5707963267948966,0.0,0.35,0.0,W_slow,85,2.0
2.4000000000000004,13,-1.7427301406860352,0.1391199493408204,0.4,1.5707963267948966,0.0,0.35,0.0,W_slow,90,2.0
2.6,14,-1.7427301406860352,0.20911994934082023,0.4,1.5707963267948966,0.0,0.35,0.0,W_slow,90,2.0
2.8000000000000003,15,-1.7427301406860352,0.2791199493408203,0.4,1.5707963267948966,0.0,0.35,0.0,W_slow,90,2.0
3.0,16,-1.7798858834336935,0.30292525124907477,0.4,0.0,0.35,0.0,0.0,W_slow,85,2.0
3.2,17,-1.7963783183529656,0.3143121963286123,0.4,0.0,0.3499999999999999,0.0,0.0,W_slow,80,2.0
3.4000000000000004,18,-1.7263783183529657,0.3143121963286123,0.4,0.0,0.3499999999999999,0.0,0.0,W_slow,80,2.0
3.6,19,-1.6563783183529655,0.3143121963286123,0.4,0.0,0.35,0.0,0.0,W_slow,80,2.0
3.8000000000000003,20,-1.6163783660366815,0.3443122440123282,0.4,1.5707963267948966,0.0,0.35,0.0,W_slow,80,2.0
4.0,21,-1.7015492334722717,0.43319417073546773,0.4,1.5707963267948966,0.0,0.35,0.0,W_slow,75,2.0
4.2,22,-1.7847503316954199,0.5294273762386278,0.4,1.5707963267948966,0.0,0.35,0.0,W_slow,70,2.0
4.4,23,-1.7847503316954199,0.5994273762386279,0.4,1.5707963267948966,0.0,0.35,0.0,W_slow,70,2.0
4.6000000000000005,24,-1.7747504747465672,0.6594275192897753,0.4,0.0,0.3499999999999999,0.0,0.0,W_slow,70,2.0
4.800000000000001,25,-1.621549376523419,0.6331943137866153,0.4,0.0,0.3499999999999999,0.0,0.0,W_slow,75,2.0
5.0,26,-1.6015490904211243,0.6831940276843204,0.4,1.5707963267948966,0.0,0.35,0.0,W_slow,75,2.0
5.2,27,-1.6015490904211243,0.7531940276843202,0.4,1.5707963267948966,0.0,0.35,0.0,W_slow,75,2.0
5.4,28,-1.6015490904211243,0.8231940276843203,0.4,1.5707963267948966,0.0,0.35,0.0,W_slow,75,2.0
5.6000000000000005,29,-1.6847501886442724,0.9194272331874803,0.4,1.5707963267948966,0.0,0.35,0.0,W_slow,70,2.0
5.800000000000001,30,-1.6847501886442724,0.9894272331874806,0.4,1.5707963267948966,0.0,0.35,0.0,W_slow,70,2.0
6.0,31,-1.7653482116918717,1.092811971569307,0.4,0.0,0.35,0.0,0.0,W_slow,65,2.0
6.2,32,-1.5315489950536927,1.0331939323168888,0.4,0.0,0.35,0.0,0.0,W_slow,75,2.0
6.4,33,-1.4163783183529657,1.054312196328612,0.4,1.5707963267948966,0.0,0.35,0.0,W_slow,80,2.0
6.6000000000000005,34,-1.501549185788556,1.1431941230517522,0.4,1.5707963267948966,0.0,0.35,0.0,W_slow,75,2.0
6.800000000000001,35,-1.501549185788556,1.213194123051752,0.4,1.5707963267948966,0.0,0.35,0.0,W_slow,75,2.0
7.0,36,-1.3663788905575558,1.214312768533202,0.4,0.0,0.35,0.0,0.0,W_slow,80,2.0
7.2,37,-1.3163784137203973,1.2343122916960438,0.4,1.5707963267948966,0.0,0.35,0.0,W_slow,80,2.0
7.4,38,-1.3163784137203973,1.3043122916960437,0.4,1.5707963267948966,0.0,0.35,0.0,W_slow,80,2.0
7.6000000000000005,39,-1.3163784137203973,1.374312291696044,0.4,1.5707963267948966,0.0,0.35,0.0,W_slow,80,2.0
7.800000000000001,40,-1.4547506654814306,1.4594277100246384,0.4,0.0,0.35,0.0,0.0,W_slow,70,2.0
8.0,41,-1.3847506654814308,1.4594277100246384,0.4,0.0,0.35,0.0,0.0,W_slow,70,2.0
8.200000000000001,42,-1.5427303314208984,1.603094736291245,0.4,1.5707963267948966,0.0,0.35,0.0,W_slow,60,2.0
8.4,43,-1.576306386302218,1.6799677143169651,0.4,0.0,0.35,0.0,0.0,W_slow,55,2.0
8.6,44,-1.516306386302218,1.689967714316965,0.4,1.5707963267948966,0.0,0.35,0.0,W_slow,55,2.0
8.8,45,-1.5855175596377111,1.8130753154869792,0.4,1.5707963267948966,0.0,0.35,0.0,W_slow,50,2.0
9.0,46,-1.599837112607446,1.8920133588891361,0.4,0.0,0.35,0.0,0.0,W_slow,45,2.0
9.200000000000001,47,-1.5298371126074457,1.8920133588891361,0.4,0.0,0.35,0.0,0.0,W_slow,45,2.0
9.4,48,-1.4598371126074459,1.8920133588891361,0.4,0.0,0.35,0.0,0.0,W_slow,45,2.0
9.600000000000001,49,-1.508774583805013,2.0163323396542814,0.4,1.5707963267948966,0.0,0.35,0.0,W_slow,40,2.0
9.8,50,-1.4787751560096027,2.056332911858871,0.4,0.0,0.35,0.0,0.0,W_slow,40,2.0
10.0,51,-1.408775156009603,2.056332911858871,0.4,0.0,0.35,0.0,0.0,W_slow,40,2.0
10.200000000000001,52,-1.3387751560096026,2.056332911858871,0.4,0.0,0.35,0.0,0.0,W_slow,40,2.0
10.4,53,-1.2687751560096032,2.056332911858871,0.4,0.0,0.35,0.0,0.0,W_slow,40,2.0
10.600000000000001,54,-1.1987751560096025,2.056332911858871,0.4,0.0,0.35,0.0,0.0,W_slow,40,2.0
10.8,55,-1.128775156009603,2.056332911858871,0.4,0.0,0.35,0.0,0.0,W_slow,40,2.0
11.0,56,-1.1618820896075954,2.1755434176223423,0.4,1.5707963267948966,0.0,0.35,0.0,W_slow,35,2.0
11.200000000000001,57,-1.188755544470474,2.2991199493408203,0.4,0.0,0.35,0.0,0.0,W_slow,30,2.0
11.4,58,-1.1187555444704742,2.2991199493408203,0.4,0.0,0.35,0.0,0.0,W_slow,30,2.0
11.600000000000001,59,-1.1490379277226852,2.4365016876001215,0.4,1.5707963267948966,0.0,0.35,0.0,W_slow,25,2.0
11.8,60,-1.1824227614719436,2.5870998060151513,0.4,1.5707963267948966,0.0,0.35,0.0,W_slow,20,2.0
12.0,61,-1.182422570737081,2.657099615280288,0.4,0.0,0.35,0.0,0.0,W_slow,20,2.0
12.200000000000001,62,-1.1124225707370798,2.657099615280288,0.4,0.0,0.35,0.0,0.0,W_slow,20,2.0
12.4,63,-1.108656062342535,2.780300999605731,0.4,1.5707963267948966,0.0,0.35,0.0,W_slow,15,2.0
12.600000000000001,64,-1.127537989065675,2.9354718670413216,0.4,1.5707963267948966,0.0,0.35,0.0,W_slow,10,2.0
12.8,65,-1.1389249341452123,3.0919643019605934,0.4,1.5707963267948966,0.0,0.35,0.0,W_slow,5,2.0
13.0,66,-1.1389249341452123,3.1619643019605936,0.4,1.5707963267948966,0.0,0.35,0.0,W_slow,5,2.0
13.200000000000001,67,-1.122730140686035,3.2991199493408203,0.4,0.0,0.35,0.0,0.0,W_slow,0,2.0
13.4,68,-1.0527301406860357,3.2991199493408203,0.4,0.0,0.35,0.0,0.0,W_slow,0,2.0
13.600000000000001,69,-0.9827301406860354,3.2991199493408203,0.4,0.0,0.35,0.0,0.0,W_slow,0,2.0
13.8,70,-0.9127301406860351,3.2991199493408203,0.4,0.0,0.35,0.0,0.0,W_slow,0,2.0
14.0,71,-0.8427301406860357,3.2991199493408203,0.4,0.0,0.35,0.0,0.0,W_slow,0,2.0
14.200000000000001,72,-0.7727301406860354,3.2991199493408203,0.4,0.0,0.35,0.0,0.0,W_slow,0,2.0
14.4,73,-0.7027301406860351,3.2991199493408203,0.4,0.0,0.35,0.0,0.0,W_slow,0,2.0
14.600000000000001,74,-0.6327301406860348,3.2991199493408203,0.4,0.0,0.35,0.0,0.0,W_slow,0,2.0
14.8,75,-0.5627301406860354,3.2991199493408203,0.4,0.0,0.35,0.0,0.0,W_slow,0,2.0
15.0,76,-0.49273014068603516,3.2991199493408203,0.4,0.0,0.35,0.0,0.0,W_slow,0,2.0
15.200000000000001,77,-0.42273014068603487,3.2991199493408203,0.4,0.0,0.35,0.0,0.0,W_slow,0,2.0
15.4,78,-0.3527301406860355,3.2991199493408203,0.4,0.0,0.35,0.0,0.0,W_slow,0,2.0
15.600000000000001,79,-0.2827301406860352,3.2991199493408203,0.4,0.0,0.35,0.0,0.0,W_slow,0,2.0
15.8,80,-0.2127301406860349,3.2991199493408203,0.4,0.0,0.35,0.0,0.0,W_slow,0,2.0
16.0,81,-0.1427301406860355,3.2991199493408203,0.4,0.0,0.35,0.0,0.0,W_slow,0,2.0
16.2,82,-0.07273014068603612,3.2991199493408203,0.4,0.0,0.35,0.0,0.0,W_slow,0,2.0
16.400000000000002,83,-0.002730140686034943,3.2991199493408203,0.4,0.0,0.35,0.0,0.0,W_slow,0,2.0
16.6,84,0.06726985931396534,3.2991199493408203,0.4,0.0,0.35,0.0,0.0,W_slow,0,2.0
16.8,85,0.13726985931396474,3.2991199493408203,0.4,0.0,0.35,0.0,0.0,W_slow,0,2.0
17.0,86,0.20726985931396413,3.2991199493408203,0.4,0.0,0.35,0.0,0.0,W_slow,0,2.0
17.2,87,0.2772698593139644,3.2991199493408203,0.4,0.0,0.35,0.0,0.0,W_slow,0,2.0
17.400000000000002,88,0.3472698593139656,3.2991199493408203,0.4,0.0,0.35,0.0,0.0,W_slow,0,2.0
17.6,89,0.417269859313965,3.2991199493408203,0.4,0.0,0.35,0.0,0.0,W_slow,0,2.0
17.8,90,0.4872698593139644,3.2991199493408203,0.4,0.0,0.35,0.0,0.0,W_slow,0,2.0
18.0,91,0.5572698593139647,3.2991199493408203,0.4,0.0,0.35,0.0,0.0,W_slow,0,2.0
18.2,92,0.6272698593139641,3.2991199493408203,0.4,0.0,0.35,0.0,0.0,W_slow,0,2.0
18.400000000000002,93,0.6972698593139652,3.2991199493408203,0.4,0.0,0.35,0.0,0.0,W_slow,0,2.0
18.6,94,0.7572698593139648,3.2891199493408205,0.4,-1.5707963267948966,0.0,-0.35,0.0,W_slow,0,2.0
18.8,95,0.7610751612222193,3.131964206593162,0.4,-1.5707963267948966,0.0,-0.35,0.0,W_slow,5,2.0
19.0,96,0.71107458901763,3.111964778797752,0.4,3.141592653589793,-0.35,0.0,0.0,W_slow,5,2.0
19.200000000000003,97,0.6410745890176288,3.111964778797752,0.4,3.141592653589793,-0.35,0.0,0.0,W_slow,5,2.0
19.400000000000002,98,0.5710745890176294,3.111964778797752,0.4,3.141592653589793,-0.35,0.0,0.0,W_slow,5,2.0
19.6,99,0.5010745890176291,3.111964778797752,0.4,3.141592653589793,-0.35,0.0,0.0,W_slow,5,2.0
19.8,100,0.43107458901762974,3.111964778797752,0.4,3.141592653589793,-0.35,0.0,0.0,W_slow,5,2.0
20.0,101,0.36107458901762945,3.111964778797752,0.4,3.141592653589793,-0.35,0.0,0.0,W_slow,5,2.0
20.200000000000003,102,0.29107458901762917,3.111964778797752,0.4,3.141592653589793,-0.35,0.0,0.0,W_slow,5,2.0
20.400000000000002,103,0.2210745890176289,3.111964778797752,0.4,3.141592653589793,-0.35,0.0,0.0,W_slow,5,2.0
20.6,104,0.1510745890176295,3.111964778797752,0.4,3.141592653589793,-0.35,0.0,0.0,W_slow,5,2.0
20.8,105,0.0810745890176301,3.111964778797752,0.4,3.141592653589793,-0.35,0.0,0.0,W_slow,5,2.0
21.0,106,0.01107458901762981,3.111964778797752,0.4,3.141592653589793,-0.35,0.0,0.0,W_slow,5,2.0
21.200000000000003,107,-0.05892541098237136,3.111964778797752,0.4,3.141592653589793,-0.35,0.0,0.0,W_slow,5,2.0
21.400000000000002,108,-0.12892541098237076,3.111964778797752,0.4,3.141592653589793,-0.35,0.0,0.0,W_slow,5,2.0
21.6,109,-0.19892541098237015,3.111964778797752,0.4,3.141592653589793,-0.35,0.0,0.0,W_slow,5,2.0
21.8,110,-0.26892541098237044,3.111964778797752,0.4,3.141592653589793,-0.35,0.0,0.0,W_slow,5,2.0
22.0,111,-0.33892541098236983,3.111964778797752,0.4,3.141592653589793,-0.35,0.0,0.0,W_slow,5,2.0
22.200000000000003,112,-0.408925410982371,3.111964778797752,0.4,3.141592653589793,-0.35,0.0,0.0,W_slow,5,2.0
22.400000000000002,113,-0.4789254109823704,3.111964778797752,0.4,3.141592653589793,-0.35,0.0,0.0,W_slow,5,2.0
22.6,114,-0.5489254109823707,3.111964778797752,0.4,3.141592653589793,-0.35,0.0,0.0,W_slow,5,2.0
22.8,115,-0.6189254109823701,3.111964778797752,0.4,3.141592653589793,-0.35,0.0,0.0,W_slow,5,2.0
23.0,116,-0.6889254109823695,3.111964778797752,0.4,3.141592653589793,-0.35,0.0,0.0,W_slow,5,2.0
23.200000000000003,117,-0.7589254109823715,3.111964778797752,0.4,3.141592653589793,-0.35,0.0,0.0,W_slow,5,2.0
23.400000000000002,118,-0.82892541098237,3.111964778797752,0.4,3.141592653589793,-0.35,0.0,0.0,W_slow,5,2.0
23.6,119,-0.8989254109823703,3.111964778797752,0.4,3.141592653589793,-0.35,0.0,0.0,W_slow,5,2.0
23.8,120,-0.9689254109823706,3.111964778797752,0.4,3.141592653589793,-0.35,0.0,0.0,W_slow,5,2.0
24.0,121,-1.038925029512644,3.111964397328027,0.4,-1.5707963267948966,0.0,-0.35,0.0,W_slow,5,2.0
24.200000000000003,122,-1.0275380844331066,2.9554719624087524,0.4,-1.5707963267948966,0.0,-0.35,0.0,W_slow,10,2.0
24.400000000000002,123,-0.9875380844331055,2.925471962408753,0.4,0.0,0.35,0.0,0.0,W_slow,10,2.0
24.6,124,-0.917538084433107,2.925471962408753,0.4,0.0,0.35,0.0,0.0,W_slow,10,2.0
24.8,125,-0.8475380844331067,2.925471962408753,0.4,0.0,0.35,0.0,0.0,W_slow,10,2.0
25.0,126,-0.7775380844331065,2.925471962408753,0.4,0.0,0.35,0.0,0.0,W_slow,10,2.0
25.200000000000003,127,-0.7075380844331062,2.925471962408753,0.4,0.0,0.35,0.0,0.0,W_slow,10,2.0
25.400000000000002,128,-0.6375380844331059,2.925471962408753,0.4,0.0,0.35,0.0,0.0,W_slow,10,2.0
25.6,129,-0.5675380844331074,2.925471962408753,0.4,0.0,0.35,0.0,0.0,W_slow,10,2.0
25.8,130,-0.4975380844331071,2.925471962408753,0.4,0.0,0.35,0.0,0.0,W_slow,10,2.0
26.0,131,-0.4275380844331068,2.925471962408753,0.4,0.0,0.35,0.0,0.0,W_slow,10,2.0
26.200000000000003,132,-0.35753808443310653,2.925471962408753,0.4,0.0,0.35,0.0,0.0,W_slow,10,2.0
26.400000000000002,133,-0.28753808443310624,2.925471962408753,0.4,0.0,0.35,0.0,0.0,W_slow,10,2.0
26.6,134,-0.21753808443310596,2.925471962408753,0.4,0.0,0.35,0.0,0.0,W_slow,10,2.0
26.8,135,-0.14753808443310745,2.925471962408753,0.4,0.0,0.35,0.0,0.0,W_slow,10,2.0
27.0,136,-0.07753808443310717,2.925471962408753,0.4,0.0,0.35,0.0,0.0,W_slow,10,2.0
27.200000000000003,137,-0.007538084433106884,2.925471962408753,0.4,0.0,0.35,0.0,0.0,W_slow,10,2.0
27.400000000000002,138,0.0624619155668934,2.925471962408753,0.4,0.0,0.35,0.0,0.0,W_slow,10,2.0
27.6,139,0.13246191556689368,2.925471962408753,0.4,0.0,0.35,0.0,0.0,W_slow,10,2.0
27.8,140,0.20246191556689397,2.925471962408753,0.4,0.0,0.35,0.0,0.0,W_slow,10,2.0
28.0,141,0.2724619155668925,2.925471962408753,0.4,0.0,0.35,0.0,0.0,W_slow,10,2.0
28.200000000000003,142,0.34246191556689454,2.925471962408753,0.4,0.0,0.35,0.0,0.0,W_slow,10,2.0
28.400000000000002,143,0.41246191556689304,2.925471962408753,0.4,0.0,0.35,0.0,0.0,W_slow,10,2.0
28.6,144,0.48246191556689333,2.925471962408753,0.4,0.0,0.35,0.0,0.0,W_slow,10,2.0
28.8,145,0.5524619155668936,2.925471962408753,0.4,0.0,0.35,0.0,0.0,W_slow,10,2.0
29.0,146,0.6224619155668921,2.925471962408753,0.4,0.0,0.35,0.0,0.0,W_slow,10,2.0
29.200000000000003,147,0.6924619155668942,2.925471962408753,0.4,0.0,0.35,0.0,0.0,W_slow,10,2.0
29.400000000000002,148,0.7624619155668945,2.925471962408753,0.4,0.0,0.35,0.0,0.0,W_slow,10,2.0
29.6,149,0.7913440330248965,2.7803012857080267,0.4,-1.5707963267948966,0.0,-0.35,0.0,W_slow,15,2.0
29.8,150,0.7875778107326465,2.657099615280288,0.4,3.141592653589793,-0.35,0.0,0.0,W_slow,20,2.0
30.0,151,0.7175778107326463,2.657099615280288,0.4,3.141592653589793,-0.35,0.0,0.0,W_slow,20,2.0
30.200000000000003,152,0.647577810732646,2.657099615280288,0.4,3.141592653589793,-0.35,0.0,0.0,W_slow,20,2.0
30.400000000000002,153,0.5775778107326457,2.657099615280288,0.4,3.141592653589793,-0.35,0.0,0.0,W_slow,20,2.0
30.6,154,0.5075778107326472,2.657099615280288,0.4,3.141592653589793,-0.35,0.0,0.0,W_slow,20,2.0
30.8,155,0.4375778107326469,2.657099615280288,0.4,3.141592653589793,-0.35,0.0,0.0,W_slow,20,2.0
31.0,156,0.3675778107326466,2.657099615280288,0.4,3.141592653589793,-0.35,0.0,0.0,W_slow,20,2.0
31.200000000000003,157,0.29757781073264633,2.657099615280288,0.4,3.141592653589793,-0.35,0.0,0.0,W_slow,20,2.0
31.400000000000002,158,0.22757781073264605,2.657099615280288,0.4,3.141592653589793,-0.35,0.0,0.0,W_slow,20,2.0
31.6,159,0.15757781073264576,2.657099615280288,0.4,3.141592653589793,-0.35,0.0,0.0,W_slow,20,2.0
31.8,160,0.08757781073264725,2.657099615280288,0.4,3.141592653589793,-0.35,0.0,0.0,W_slow,20,2.0
32.0,161,0.01757781073264697,2.657099615280288,0.4,3.141592653589793,-0.35,0.0,0.0,W_slow,20,2.0
32.2,162,-0.052422189267353314,2.657099615280288,0.4,3.141592653589793,-0.35,0.0,0.0,W_slow,20,2.0
32.4,163,-0.12242218926735182,2.657099615280288,0.4,3.141592653589793,-0.35,0.0,0.0,W_slow,20,2.0
32.6,164,-0.19242218926735388,2.657099615280288,0.4,3.141592653589793,-0.35,0.0,0.0,W_slow,20,2.0
32.800000000000004,165,-0.26242218926735417,2.657099615280288,0.4,3.141592653589793,-0.35,0.0,0.0,W_slow,20,2.0
33.0,166,-0.3324221892673527,2.657099615280288,0.4,3.141592653589793,-0.35,0.0,0.0,W_slow,20,2.0
33.2,167,-0.40242218926735474,2.657099615280288,0.4,3.141592653589793,-0.35,0.0,0.0,W_slow,20,2.0
33.4,168,-0.47242218926735324,2.657099615280288,0.4,3.141592653589793,-0.35,0.0,0.0,W_slow,20,2.0
33.6,169,-0.5424221892673535,2.657099615280288,0.4,3.141592653589793,-0.35,0.0,0.0,W_slow,20,2.0
33.800000000000004,170,-0.6124221892673538,2.657099615280288,0.4,3.141592653589793,-0.35,0.0,0.0,W_slow,20,2.0
34.0,171,-0.6824221892673523,2.657099615280288,0.4,3.141592653589793,-0.35,0.0,0.0,W_slow,20,2.0
34.2,172,-0.7524221892673544,2.657099615280288,0.4,3.141592653589793,-0.35,0.0,0.0,W_slow,20,2.0
34.4,173,-0.8224221892673529,2.657099615280288,0.4,3.141592653589793,-0.35,0.0,0.0,W_slow,20,2.0
34.6,174,-0.8924221892673532,2.657099615280288,0.4,3.141592653589793,-0.35,0.0,0.0,W_slow,20,2.0
34.800000000000004,175,-0.9624221892673552,2.657099615280288,0.4,3.141592653589793,-0.35,0.0,0.0,W_slow,20,2.0
35.0,176,-0.9824229522068069,2.6071003782197413,0.4,-1.5707963267948966,0.0,-0.35,0.0,W_slow,20,2.0
35.2,177,-0.9690379277226854,2.4765020690698476,0.4,3.141592653589793,-0.35,0.0,0.0,W_slow,25,2.0
35.4,178,-1.039037927722684,2.4765020690698476,0.4,3.141592653589793,-0.35,0.0,0.0,W_slow,25,2.0
35.6,179,-1.0087556398379056,2.3391204261779794,0.4,-1.5707963267948966,0.0,-0.35,0.0,W_slow,30,2.0
35.800000000000004,180,-0.9787561166750626,2.2991199493408203,0.4,0.0,0.35,0.0,0.0,W_slow,30,2.0
36.0,181,-0.9087561166750641,2.2991199493408203,0.4,0.0,0.35,0.0,0.0,W_slow,30,2.0
36.2,182,-0.8387561166750638,2.2991199493408203,0.4,0.0,0.35,0.0,0.0,W_slow,30,2.0
36.4,183,-0.8087553537356106,2.3391191864013656,0.4,1.5707963267948966,0.0,0.35,0.0,W_slow,30,2.0
36.6,184,-0.839038881397001,2.4765020690698476,0.4,0.0,0.35,0.0,0.0,W_slow,25,2.0
36.800000000000004,185,-0.7690388813970007,2.4765020690698476,0.4,0.0,0.35,0.0,0.0,W_slow,25,2.0
37.0,186,-0.6990388813970022,2.4765020690698476,0.4,0.0,0.35,0.0,0.0,W_slow,25,2.0
37.2,187,-0.6290388813970019,2.4765020690698476,0.4,0.0,0.35,0.0,0.0,W_slow,25,2.0
37.4,188,-0.5590388813970034,2.4765020690698476,0.4,0.0,0.35,0.0,0.0,W_slow,25,2.0
37.6,189,-0.48903888139700136,2.4765020690698476,0.4,0.0,0.35,0.0,0.0,W_slow,25,2.0
37.800000000000004,190,-0.4190388813970011,2.4765020690698476,0.4,0.0,0.35,0.0,0.0,W_slow,25,2.0
38.0,191,-0.34903888139700256,2.4765020690698476,0.4,0.0,0.35,0.0,0.0,W_slow,25,2.0
38.2,192,-0.2790388813970005,2.4765020690698476,0.4,0.0,0.35,0.0,0.0,W_slow,25,2.0
38.400000000000006,193,-0.20903888139700022,2.4765020690698476,0.4,0.0,0.35,0.0,0.0,W_slow,25,2.0
38.6,194,-0.1390388813970017,2.4765020690698476,0.4,0.0,0.35,0.0,0.0,W_slow,25,2.0
38.800000000000004,195,-0.06903888139700143,2.4765020690698476,0.4,0.0,0.35,0.0,0.0,W_slow,25,2.0
39.0,196,0.0009611186029970797,2.4765020690698476,0.4,0.0,0.35,0.0,0.0,W_slow,25,2.0
39.2,197,0.07096111860299914,2.4765020690698476,0.4,0.0,0.35,0.0,0.0,W_slow,25,2.0
39.400000000000006,198,0.14096111860299942,2.4765020690698476,0.4,0.0,0.35,0.0,0.0,W_slow,25,2.0
39.6,199,0.21096111860299793,2.4765020690698476,0.4,0.0,0.35,0.0,0.0,W_slow,25,2.0
39.800000000000004,200,0.280961118603,2.4765020690698476,0.4,0.0,0.35,0.0,0.0,W_slow,25,2.0
40.0,201,0.3509611186029985,2.4765020690698476,0.4,0.0,0.35,0.0,0.0,W_slow,25,2.0
40.2,202,0.4209611186029988,2.4765020690698476,0.4,0.0,0.35,0.0,0.0,W_slow,25,2.0
40.400000000000006,203,0.49096111860299907,2.4765020690698476,0.4,0.0,0.35,0.0,0.0,W_slow,25,2.0
40.6,204,0.5609611186029976,2.4765020690698476,0.4,0.0,0.35,0.0,0.0,W_slow,25,2.0
40.800000000000004,205,0.6309611186029996,2.4765020690698476,0.4,0.0,0.35,0.0,0.0,W_slow,25,2.0
41.0,206,0.7009611186029981,2.4765020690698476,0.4,0.0,0.35,0.0,0.0,W_slow,25,2.0
41.2,207,0.7709611186029984,2.4765020690698476,0.4,0.0,0.35,0.0,0.0,W_slow,25,2.0
41.400000000000006,208,0.8409611186029987,2.4765020690698476,0.4,0.0,0.35,0.0,0.0,W_slow,25,2.0
41.6,209,0.9109611186029972,2.4765020690698476,0.4,0.0,0.35,0.0,0.0,W_slow,25,2.0
41.800000000000004,210,0.9175771431606248,2.587099329177994,0.4,1.5707963267948966,0.0,0.35,0.0,W_slow,20,2.0
42.0,211,0.9175771431606248,2.6570993291779925,0.4,1.5707963267948966,0.0,0.35,0.0,W_slow,20,2.0
42.2,212,2.8669620986301463,2.657099615280288,0.4,0.0,0.35,0.0,0.0,W_slow,160,2.0
42.400000000000006,213,2.89696228936501,2.61709980601515,0.4,-1.5707963267948966,0.0,-0.35,0.0,W_slow,160,2.0
42.6,214,2.8635774556157516,2.466501687600121,0.4,-1.5707963267948966,0.0,-0.35,0.0,W_slow,155,2.0
42.800000000000004,215,2.8232950723635404,2.31911994934082,0.4,-1.5707963267948966,0.0,-0.35,0.0,W_slow,150,2.0
43.0,216,1.0412442647946638,2.2991199493408203,0.4,3.141592653589793,-0.35,0.0,0.0,W_slow,30,2.0
43.2,217,0.9712442647946636,2.2991199493408203,0.4,3.141592653589793,-0.35,0.0,0.0,W_slow,30,2.0
43.400000000000006,218,0.9012442647946616,2.2991199493408203,0.4,3.141592653589793,-0.35,0.0,0.0,W_slow,30,2.0
43.6,219,0.8312442647946631,2.2991199493408203,0.4,3.141592653589793,-0.35,0.0,0.0,W_slow,30,2.0
43.800000000000004,220,0.7612442647946628,2.2991199493408203,0.4,3.141592653589793,-0.35,0.0,0.0,W_slow,30,2.0
44.0,221,0.6912442647946643,2.2991199493408203,0.4,3.141592653589793,-0.35,0.0,0.0,W_slow,30,2.0
44.2,222,0.6212442647946622,2.2991199493408203,0.4,3.141592653589793,-0.35,0.0,0.0,W_slow,30,2.0
44.400000000000006,223,0.5512442647946619,2.2991199493408203,0.4,3.141592653589793,-0.35,0.0,0.0,W_slow,30,2.0
44.6,224,0.4812442647946634,2.2991199493408203,0.4,3.141592653589793,-0.35,0.0,0.0,W_slow,30,2.0
44.800000000000004,225,0.41124426479466314,2.2991199493408203,0.4,3.141592653589793,-0.35,0.0,0.0,W_slow,30,2.0
45.0,226,0.34124426479466463,2.2991199493408203,0.4,3.141592653589793,-0.35,0.0,0.0,W_slow,30,2.0
45.2,227,0.27124426479466257,2.2991199493408203,0.4,3.141592653589793,-0.35,0.0,0.0,W_slow,30,2.0
45.400000000000006,228,0.2012442647946623,2.2991199493408203,0.4,3.141592653589793,-0.35,0.0,0.0,W_slow,30,2.0
45.6,229,0.13124426479466378,2.2991199493408203,0.4,3.141592653589793,-0.35,0.0,0.0,W_slow,30,2.0
45.800000000000004,230,0.06124426479466172,2.2991199493408203,0.4,3.141592653589793,-0.35,0.0,0.0,W_slow,30,2.0
46.0,231,-0.008755735205335013,2.2991199493408203,0.4,3.141592653589793,-0.35,0.0,0.0,W_slow,30,2.0
46.2,232,-0.07875573520533885,2.2991199493408203,0.4,3.141592653589793,-0.35,0.0,0.0,W_slow,30,2.0
46.400000000000006,233,-0.14875573520533913,2.2991199493408203,0.4,3.141592653589793,-0.35,0.0,0.0,W_slow,30,2.0
46.6,234,-0.21875573520533587,2.2991199493408203,0.4,3.141592653589793,-0.35,0.0,0.0,W_slow,30,2.0
46.800000000000004,235,-0.28875573520533615,2.2991199493408203,0.4,3.141592653589793,-0.35,0.0,0.0,W_slow,30,2.0
47.0,236,-0.35875573520533643,2.2991199493408203,0.4,3.141592653589793,-0.35,0.0,0.0,W_slow,30,2.0
47.2,237,-0.4287557352053367,2.2991199493408203,0.4,3.141592653589793,-0.35,0.0,0.0,W_slow,30,2.0
47.400000000000006,238,-0.498755735205337,2.2991199493408203,0.4,3.141592653589793,-0.35,0.0,0.0,W_slow,30,2.0
47.6,239,-0.5687557352053373,2.2991199493408203,0.4,3.141592653589793,-0.35,0.0,0.0,W_slow,30,2.0
47.800000000000004,240,-0.6387557352053376,2.2991199493408203,0.4,3.141592653589793,-0.35,0.0,0.0,W_slow,30,2.0
48.0,241,-0.7087554491030422,2.2991196632385282,0.4,-1.5707963267948966,0.0,-0.35,0.0,W_slow,30,2.0
48.2,242,-0.6618820896075953,2.1555432268874783,0.4,-1.5707963267948966,0.0,-0.35,0.0,W_slow,35,2.0
48.400000000000006,243,-0.6487753467444676,2.056332911858871,0.4,3.141592653589793,-0.35,0.0,0.0,W_slow,40,2.0
48.6,244,-0.7187753467444643,2.056332911858871,0.4,3.141592653589793,-0.35,0.0,0.0,W_slow,40,2.0
48.800000000000004,245,-0.7887753467444681,2.056332911858871,0.4,3.141592653589793,-0.35,0.0,0.0,W_slow,40,2.0
49.0,246,-0.8587753467444649,2.056332911858871,0.4,3.141592653589793,-0.35,0.0,0.0,W_slow,40,2.0
49.2,247,-0.9287753467444652,2.056332911858871,0.4,3.141592653589793,-0.35,0.0,0.0,W_slow,40,2.0
49.400000000000006,248,-0.9987753467444654,2.056332911858871,0.4,3.141592653589793,-0.35,0.0,0.0,W_slow,40,2.0
49.6,249,-0.9498369218725827,1.9320129774194101,0.4,-1.5707963267948966,0.0,-0.35,0.0,W_slow,45,2.0
49.800000000000004,250,-0.979837303342309,1.8920133588891361,0.4,3.141592653589793,-0.35,0.0,0.0,W_slow,45,2.0
50.0,251,-1.0498373033423092,1.8920133588891361,0.4,3.141592653589793,-0.35,0.0,0.0,W_slow,45,2.0
50.2,252,-1.1198373033423095,1.8920133588891361,0.4,3.141592653589793,-0.35,0.0,0.0,W_slow,45,2.0
50.400000000000006,253,-1.1898373033423097,1.8920133588891361,0.4,3.141592653589793,-0.35,0.0,0.0,W_slow,45,2.0
50.6,254,-1.25983730334231,1.8920133588891361,0.4,3.141592653589793,-0.35,0.0,0.0,W_slow,45,2.0
50.800000000000004,255,-1.3298373033423103,1.8920133588891361,0.4,3.141592653589793,-0.35,0.0,0.0,W_slow,45,2.0
51.0,256,-1.285517845740006,1.783075410854413,0.4,-1.5707963267948966,0.0,-0.35,0.0,W_slow,50,2.0
51.2,257,-1.2363065770370794,1.6799677143169651,0.4,3.141592653589793,-0.35,0.0,0.0,W_slow,55,2.0
51.400000000000006,258,-1.3063065770370832,1.6799677143169651,0.4,3.141592653589793,-0.35,0.0,0.0,W_slow,55,2.0
51.6,259,-1.37630657703708,1.6799677143169651,0.4,3.141592653589793,-0.35,0.0,0.0,W_slow,55,2.0
51.800000000000004,260,-1.3427300453186035,1.6030942594540878,0.4,-1.5707963267948966,0.0,-0.35,0.0,W_slow,60,2.0
52.0,261,-1.1847508562162932,1.4594277100246384,0.4,3.141592653589793,-0.35,0.0,0.0,W_slow,70,2.0
52.2,262,-1.2547508562162935,1.4594277100246384,0.4,3.141592653589793,-0.35,0.0,0.0,W_slow,70,2.0
52.400000000000006,263,-1.1163781276181024,1.3743118148588858,0.4,-1.5707963267948966,0.0,-0.35,0.0,W_slow,80,2.0
52.6,264,-1.126378509087829,1.3143121963286122,0.4,3.141592653589793,-0.35,0.0,0.0,W_slow,80,2.0
52.800000000000004,265,-1.1963785090878294,1.3143121963286122,0.4,3.141592653589793,-0.35,0.0,0.0,W_slow,80,2.0
53.0,266,-1.216378509087829,1.264312196328615,0.4,-1.5707963267948966,0.0,-0.35,0.0,W_slow,80,2.0
53.2,267,-1.2815488043188283,1.233194695256342,0.4,0.0,0.35,0.0,0.0,W_slow,75,2.0
53.400000000000006,268,-1.211548804318828,1.233194695256342,0.4,0.0,0.35,0.0,0.0,W_slow,75,2.0
53.6,269,-1.2247499025419795,1.2594279007595017,0.4,0.0,0.35,0.0,0.0,W_slow,70,2.0
53.800000000000004,270,-1.1015490904211243,1.2631949813586387,0.4,1.5707963267948966,0.0,0.35,0.0,W_slow,75,2.0
54.0,271,-1.0163773646786507,1.3143121963286122,0.4,0.0,0.35,0.0,0.0,W_slow,80,2.0
54.2,272,-0.9463773646786503,1.3143121963286122,0.4,0.0,0.35,0.0,0.0,W_slow,80,2.0
54.400000000000006,273,-0.9163783183529656,1.3543131500029277,0.4,1.5707963267948966,0.0,0.35,0.0,W_slow,80,2.0
54.6,274,-1.0747497118071148,1.4594277100246384,0.4,0.0,0.35,0.0,0.0,W_slow,70,2.0
54.800000000000004,275,-1.0047497118071145,1.4594277100246384,0.4,0.0,0.35,0.0,0.0,W_slow,70,2.0
55.0,276,-0.9347497118071142,1.4594277100246384,0.4,0.0,0.35,0.0,0.0,W_slow,70,2.0
55.2,277,-0.9653485931615979,1.5128133067133502,0.4,1.5707963267948966,0.0,0.35,0.0,W_slow,65,2.0
55.400000000000006,278,-1.1163067677719445,1.6699690494610087,0.4,1.5707963267948966,0.0,0.35,0.0,W_slow,55,2.0
55.6,279,-1.0563054326279007,1.6799677143169651,0.4,0.0,0.35,0.0,0.0,W_slow,55,2.0
55.800000000000004,280,-0.9863054326279004,1.6799677143169651,0.4,0.0,0.35,0.0,0.0,W_slow,55,2.0
56.0,281,-0.9163054326279036,1.6799677143169651,0.4,0.0,0.35,0.0,0.0,W_slow,55,2.0
56.2,282,-0.8463054326279034,1.6799677143169651,0.4,0.0,0.35,0.0,0.0,W_slow,55,2.0
56.400000000000006,283,-0.7763054326278995,1.6799677143169651,0.4,0.0,0.35,0.0,0.0,W_slow,55,2.0
56.6,284,-0.7163066724045128,1.6899689540935752,0.4,1.5707963267948966,0.0,0.35,0.0,W_slow,55,2.0
56.800000000000004,285,-0.7855178457400062,1.8130765552635895,0.4,1.5707963267948966,0.0,0.35,0.0,W_slow,50,2.0
57.0,286,-0.7998361589331303,1.8920133588891361,0.4,0.0,0.35,0.0,0.0,W_slow,45,2.0
57.2,287,-0.72983615893313,1.8920133588891361,0.4,0.0,0.35,0.0,0.0,W_slow,45,2.0
57.400000000000006,288,-0.6598361589331297,1.8920133588891361,0.4,0.0,0.35,0.0,0.0,W_slow,45,2.0
57.6,289,-0.5898361589331295,1.8920133588891361,0.4,0.0,0.35,0.0,0.0,W_slow,45,2.0
57.800000000000004,290,-0.5198361589331292,1.8920133588891361,0.4,0.0,0.35,0.0,0.0,W_slow,45,2.0
58.0,291,-0.44983692187258273,1.8920141218285864,0.4,1.5707963267948966,0.0,0.35,0.0,W_slow,45,2.0
58.2,292,-0.5087745838050132,2.0263332933285985,0.4,1.5707963267948966,0.0,0.35,0.0,W_slow,40,2.0
58.400000000000006,293,-0.46877420233528533,2.056332911858871,0.4,0.0,0.35,0.0,0.0,W_slow,40,2.0
58.6,294,-0.3987742023352886,2.056332911858871,0.4,0.0,0.35,0.0,0.0,W_slow,40,2.0
58.800000000000004,295,-0.32877420233528476,2.056332911858871,0.4,0.0,0.35,0.0,0.0,W_slow,40,2.0
59.0,296,-0.25877420233528803,2.056332911858871,0.4,0.0,0.35,0.0,0.0,W_slow,40,2.0
59.2,297,-0.18877420233528774,2.056332911858871,0.4,0.0,0.35,0.0,0.0,W_slow,40,2.0
59.400000000000006,298,-0.11877420233528746,2.056332911858871,0.4,0.0,0.35,0.0,0.0,W_slow,40,2.0
59.6,299,-0.048774202335287176,2.056332911858871,0.4,0.0,0.35,0.0,0.0,W_slow,40,2.0
59.800000000000004,300,0.02122579766471311,2.056332911858871,0.4,0.0,0.35,0.0,0.0,W_slow,40,2.0
60.0,301,0.09122579766471339,2.056332911858871,0.4,0.0,0.35,0.0,0.0,W_slow,40,2.0
60.2,302,0.16122579766471368,2.056332911858871,0.4,0.0,0.35,0.0,0.0,W_slow,40,2.0
60.400000000000006,303,0.23122579766471396,2.056332911858871,0.4,0.0,0.35,0.0,0.0,W_slow,40,2.0
60.6,304,0.30122579766471425,2.056332911858871,0.4,0.0,0.35,0.0,0.0,W_slow,40,2.0
60.800000000000004,305,0.37122579766471453,2.056332911858871,0.4,0.0,0.35,0.0,0.0,W_slow,40,2.0
61.0,306,0.44122579766471126,2.056332911858871,0.4,0.0,0.35,0.0,0.0,W_slow,40,2.0
61.2,307,0.5112257976647115,2.056332911858871,0.4,0.0,0.35,0.0,0.0,W_slow,40,2.0
61.400000000000006,308,0.5812257976647154,2.056332911858871,0.4,0.0,0.35,0.0,0.0,W_slow,40,2.0
61.6,309,0.6512257976647121,2.056332911858871,0.4,0.0,0.35,0.0,0.0,W_slow,40,2.0
61.800000000000004,310,0.7212257976647124,2.056332911858871,0.4,0.0,0.35,0.0,0.0,W_slow,40,2.0
62.0,311,0.7912257976647127,2.056332911858871,0.4,0.0,0.35,0.0,0.0,W_slow,40,2.0
62.2,312,0.861225797664713,2.056332911858871,0.4,0.0,0.35,0.0,0.0,W_slow,40,2.0
62.400000000000006,313,0.9312257976647133,2.056332911858871,0.4,0.0,0.35,0.0,0.0,W_slow,40,2.0
62.6,314,1.0012257976647136,2.056332911858871,0.4,0.0,0.35,0.0,0.0,W_slow,40,2.0
62.800000000000004,315,1.071225797664714,2.056332911858871,0.4,0.0,0.35,0.0,0.0,W_slow,40,2.0
63.0,316,1.1412257976647107,2.056332911858871,0.4,0.0,0.35,0.0,0.0,W_slow,40,2.0
63.2,317,1.2112257976647145,2.056332911858871,0.4,0.0,0.35,0.0,0.0,W_slow,40,2.0
63.400000000000006,318,2.8133146839026706,2.0563329118588705,0.4,0.0,0.35,0.0,0.0,W_slow,140,2.0
63.6,319,1.3501632688622807,1.9320135496240014,0.4,-1.5707963267948966,0.0,-0.35,0.0,W_slow,45,2.0
63.800000000000004,320,1.320163459597142,1.8920133588891361,0.4,3.141592653589793,-0.35,0.0,0.0,W_slow,45,2.0
64.0,321,1.2501634595971454,1.8920133588891361,0.4,3.141592653589793,-0.35,0.0,0.0,W_slow,45,2.0
64.2,322,1.180163459597145,1.8920133588891361,0.4,3.141592653589793,-0.35,0.0,0.0,W_slow,45,2.0
64.4,323,1.1101634595971448,1.8920133588891361,0.4,3.141592653589793,-0.35,0.0,0.0,W_slow,45,2.0
64.60000000000001,324,1.040163459597141,1.8920133588891361,0.4,3.141592653589793,-0.35,0.0,0.0,W_slow,45,2.0
64.8,325,0.9701634595971477,1.8920133588891361,0.4,3.141592653589793,-0.35,0.0,0.0,W_slow,45,2.0
65.0,326,0.9001634595971438,1.8920133588891361,0.4,3.141592653589793,-0.35,0.0,0.0,W_slow,45,2.0
65.2,327,0.8301634595971435,1.8920133588891361,0.4,3.141592653589793,-0.35,0.0,0.0,W_slow,45,2.0
65.4,328,0.7601634595971433,1.8920133588891361,0.4,3.141592653589793,-0.35,0.0,0.0,W_slow,45,2.0
65.60000000000001,329,0.690163459597143,1.8920133588891361,0.4,3.141592653589793,-0.35,0.0,0.0,W_slow,45,2.0
65.8,330,0.6201634595971462,1.8920133588891361,0.4,3.141592653589793,-0.35,0.0,0.0,W_slow,45,2.0
66.0,331,0.550163459597146,1.8920133588891361,0.4,3.141592653589793,-0.35,0.0,0.0,W_slow,45,2.0
66.2,332,0.4801634595971457,1.8920133588891361,0.4,3.141592653589793,-0.35,0.0,0.0,W_slow,45,2.0
66.4,333,0.41016345959714184,1.8920133588891361,0.4,3.141592653589793,-0.35,0.0,0.0,W_slow,45,2.0
66.60000000000001,334,0.34016345959714156,1.8920133588891361,0.4,3.141592653589793,-0.35,0.0,0.0,W_slow,45,2.0
66.8,335,0.27016345959714483,1.8920133588891361,0.4,3.141592653589793,-0.35,0.0,0.0,W_slow,45,2.0
67.0,336,0.20016345959714454,1.8920133588891361,0.4,3.141592653589793,-0.35,0.0,0.0,W_slow,45,2.0
67.2,337,0.13016345959714426,1.8920133588891361,0.4,3.141592653589793,-0.35,0.0,0.0,W_slow,45,2.0
67.4,338,0.060163459597143976,1.8920133588891361,0.4,3.141592653589793,-0.35,0.0,0.0,W_slow,45,2.0
67.60000000000001,339,-0.009836540402856309,1.8920133588891361,0.4,3.141592653589793,-0.35,0.0,0.0,W_slow,45,2.0
67.8,340,-0.07983654040285304,1.8920133588891361,0.4,3.141592653589793,-0.35,0.0,0.0,W_slow,45,2.0
68.0,341,-0.14983654040285332,1.8920133588891361,0.4,3.141592653589793,-0.35,0.0,0.0,W_slow,45,2.0
68.2,342,-0.21983654040285716,1.8920133588891361,0.4,3.141592653589793,-0.35,0.0,0.0,W_slow,45,2.0
68.4,343,-0.28983654040285745,1.8920133588891361,0.4,3.141592653589793,-0.35,0.0,0.0,W_slow,45,2.0
68.60000000000001,344,-0.34983701724001437,1.8820138357262928,0.4,-1.5707963267948966,0.0,-0.35,0.0,W_slow,45,2.0
68.8,345,-0.21630667240451285,1.6999685726238516,0.4,-1.5707963267948966,0.0,-0.35,0.0,W_slow,55,2.0
69.0,346,-0.26630581409762666,1.6799677143169651,0.4,3.141592653589793,-0.35,0.0,0.0,W_slow,55,2.0
69.2,347,-0.33630581409762694,1.6799677143169651,0.4,3.141592653589793,-0.35,0.0,0.0,W_slow,55,2.0
69.4,348,-0.4063058140976272,1.6799677143169651,0.4,3.141592653589793,-0.35,0.0,0.0,W_slow,55,2.0
69.60000000000001,349,-0.47630581409763106,1.6799677143169651,0.4,3.141592653589793,-0.35,0.0,0.0,W_slow,55,2.0
69.8,350,-0.5463058140976242,1.6799677143169651,0.4,3.141592653589793,-0.35,0.0,0.0,W_slow,55,2.0
70.0,351,-0.6163058140976281,1.6799677143169651,0.4,3.141592653589793,-0.35,0.0,0.0,W_slow,55,2.0
70.2,352,-0.4653485931615979,1.522812925243623,0.4,-1.5707963267948966,0.0,-0.35,0.0,W_slow,65,2.0
70.4,353,-0.42475009327684127,1.4594277100246384,0.4,3.141592653589793,-0.35,0.0,0.0,W_slow,70,2.0
70.60000000000001,354,-0.49475009327684155,1.4594277100246384,0.4,3.141592653589793,-0.35,0.0,0.0,W_slow,70,2.0
70.8,355,-0.5647500932768383,1.4594277100246384,0.4,3.141592653589793,-0.35,0.0,0.0,W_slow,70,2.0
71.0,356,-0.6347500932768386,1.4594277100246384,0.4,3.141592653589793,-0.35,0.0,0.0,W_slow,70,2.0
71.2,357,-0.7047500932768389,1.4594277100246384,0.4,3.141592653589793,-0.35,0.0,0.0,W_slow,70,2.0
71.4,358,-0.7747500932768427,1.4594277100246384,0.4,3.141592653589793,-0.35,0.0,0.0,W_slow,70,2.0
71.60000000000001,359,-0.6163781276181023,1.3543125777983365,0.4,-1.5707963267948966,0.0,-0.35,0.0,W_slow,80,2.0
71.8,360,-0.6463777461483747,1.3143121963286122,0.4,3.141592653589793,-0.35,0.0,0.0,W_slow,80,2.0
72.0,361,-0.716377746148375,1.3143121963286122,0.4,3.141592653589793,-0.35,0.0,0.0,W_slow,80,2.0
72.2,362,-0.7863777461483753,1.3143121963286122,0.4,3.141592653589793,-0.35,0.0,0.0,W_slow,80,2.0
72.4,363,-0.8163784137203972,1.2743128639006338,0.4,-1.5707963267948966,0.0,-0.35,0.0,W_slow,80,2.0
72.60000000000001,364,-0.9947502840117042,1.2594279007595017,0.4,3.141592653589793,-0.35,0.0,0.0,W_slow,70,2.0
72.8,365,-1.064750284011701,1.2594279007595017,0.4,3.141592653589793,-0.35,0.0,0.0,W_slow,70,2.0
73.0,366,-1.2427301406860352,1.2830951177609744,0.4,-1.5707963267948966,0.0,-0.35,0.0,W_slow,60,2.0
73.2,367,-1.2627297592163096,1.233094736291245,0.4,3.141592653589793,-0.35,0.0,0.0,W_slow,60,2.0
73.4,368,-1.2553480209570094,1.1928123530390335,0.4,3.141592653589793,-0.35,0.0,0.0,W_slow,65,2.0
73.60000000000001,369,-1.244749902541979,1.1594275192897752,0.4,3.141592653589793,-0.35,0.0,0.0,W_slow,70,2.0
73.8,370,-1.2315488043188276,1.1331943137866154,0.4,3.141592653589793,-0.35,0.0,0.0,W_slow,75,2.0
74.0,371,-1.2163779368832377,1.1143123870634755,0.4,3.141592653589793,-0.35,0.0,0.0,W_slow,80,2.0
74.2,372,-1.286377936883238,1.1143123870634755,0.4,3.141592653589793,-0.35,0.0,0.0,W_slow,80,2.0
74.4,373,-1.3163784137203973,1.0743128639006345,0.4,-1.5707963267948966,0.0,-0.35,0.0,W_slow,80,2.0
74.60000000000001,374,-1.306379272027279,1.014312005593749,0.4,0.0,0.35,0.0,0.0,W_slow,80,2.0
74.8,375,-1.236379272027286,1.014312005593749,0.4,0.0,0.35,0.0,0.0,W_slow,80,2.0
75.0,376,-1.2515501394628723,1.0331939323168888,0.4,0.0,0.35,0.0,0.0,W_slow,75,2.0
75.2,377,-1.2647512376860202,1.0594271378200486,0.4,0.0,0.35,0.0,0.0,W_slow,70,2.0
75.4,378,-1.2753493561010505,1.092811971569307,0.4,0.0,0.35,0.0,0.0,W_slow,65,2.0
75.60000000000001,379,-1.2827310943603507,1.1330943548215184,0.4,0.0,0.35,0.0,0.0,W_slow,60,2.0
75.8,380,-1.2863075307114,1.1799677143169651,0.4,0.0,0.35,0.0,0.0,W_slow,55,2.0
76.0,381,-1.285518704046893,1.2330753154869791,0.4,0.0,0.35,0.0,0.0,W_slow,50,2.0
76.2,382,-1.2163066724045128,1.2499668560100785,0.4,1.5707963267948966,0.0,0.35,0.0,W_slow,55,2.0
76.4,383,-1.1763079121811222,1.2799680957866917,0.4,0.0,0.35,0.0,0.0,W_slow,55,2.0
76.60000000000001,384,-1.1163067677719445,1.2899669513775143,0.4,1.5707963267948966,0.0,0.35,0.0,W_slow,55,2.0
76.80000000000001,385,-0.9653485931615979,1.2728112086298564,0.4,1.5707963267948966,0.0,0.35,0.0,W_slow,65,2.0
77.0,386,-0.8347520006254743,1.2594279007595017,0.4,0.0,0.35,0.0,0.0,W_slow,70,2.0
77.2,387,-0.764752000625474,1.2594279007595017,0.4,0.0,0.35,0.0,0.0,W_slow,70,2.0
77.4,388,-0.6947520006254737,1.2594279007595017,0.4,0.0,0.35,0.0,0.0,W_slow,70,2.0
77.60000000000001,389,-0.5163782229855339,1.274310956552001,0.4,1.5707963267948966,0.0,0.35,0.0,W_slow,80,2.0
77.80000000000001,390,-0.4863794627621413,1.3143121963286122,0.4,0.0,0.35,0.0,0.0,W_slow,80,2.0
78.0,391,-0.4163794627621481,1.3143121963286122,0.4,0.0,0.35,0.0,0.0,W_slow,80,2.0
78.2,392,-0.34637946276214426,1.3143121963286122,0.4,0.0,0.35,0.0,0.0,W_slow,80,2.0
78.4,393,-0.276379462762144,1.3143121963286122,0.4,0.0,0.35,0.0,0.0,W_slow,80,2.0
78.60000000000001,394,-0.2063794627621437,1.3143121963286122,0.4,0.0,0.35,0.0,0.0,W_slow,80,2.0
78.80000000000001,395,-0.1363794627621434,1.3143121963286122,0.4,0.0,0.35,0.0,0.0,W_slow,80,2.0
79.0,396,-0.11637812761810229,1.3643108611845678,0.4,1.5707963267948966,0.0,0.35,0.0,W_slow,80,2.0
79.2,397,-0.26475180989061137,1.4594277100246384,0.4,0.0,0.35,0.0,0.0,W_slow,70,2.0
79.4,398,-0.19475180989061108,1.4594277100246384,0.4,0.0,0.35,0.0,0.0,W_slow,70,2.0
79.60000000000001,399,-0.12475180989060725,1.4594277100246384,0.4,0.0,0.35,0.0,0.0,W_slow,70,2.0
79.80000000000001,400,-0.05475180989060696,1.4594277100246384,0.4,0.0,0.35,0.0,0.0,W_slow,70,2.0
80.0,401,0.01524819010938977,1.4594277100246384,0.4,0.0,0.35,0.0,0.0,W_slow,70,2.0
80.2,402,0.08524819010939005,1.4594277100246384,0.4,0.0,0.35,0.0,0.0,W_slow,70,2.0
80.4,403,0.03465140683840212,1.5328112086298544,0.4,1.5707963267948966,0.0,0.35,0.0,W_slow,65,2.0
80.60000000000001,404,-0.10630753071139676,1.6799677143169651,0.4,0.0,0.35,0.0,0.0,W_slow,55,2.0
80.80000000000001,405,-0.036307530711396474,1.6799677143169651,0.4,0.0,0.35,0.0,0.0,W_slow,55,2.0
81.0,406,0.03369246928860026,1.6799677143169651,0.4,0.0,0.35,0.0,0.0,W_slow,55,2.0
81.2,407,0.10369246928860054,1.6799677143169651,0.4,0.0,0.35,0.0,0.0,W_slow,55,2.0
81.4,408,0.17369246928860083,1.6799677143169651,0.4,0.0,0.35,0.0,0.0,W_slow,55,2.0
81.60000000000001,409,0.24369246928860466,1.6799677143169651,0.4,0.0,0.35,0.0,0.0,W_slow,55,2.0
81.80000000000001,410,0.31369246928860495,1.6799677143169651,0.4,0.0,0.35,0.0,0.0,W_slow,55,2.0
82.0,411,0.3836924692886017,1.6799677143169651,0.4,0.0,0.35,0.0,0.0,W_slow,55,2.0
82.2,412,0.45369246928860196,1.6799677143169651,0.4,0.0,0.35,0.0,0.0,W_slow,55,2.0
82.4,413,0.5236924692886022,1.6799677143169651,0.4,0.0,0.35,0.0,0.0,W_slow,55,2.0
82.60000000000001,414,0.5936924692886025,1.6799677143169651,0.4,0.0,0.35,0.0,0.0,W_slow,55,2.0
82.80000000000001,415,0.6636924692886028,1.6799677143169651,0.4,0.0,0.35,0.0,0.0,W_slow,55,2.0
83.0,416,0.7336924692885995,1.6799677143169651,0.4,0.0,0.35,0.0,0.0,W_slow,55,2.0
83.2,417,0.8036924692885998,1.6799677143169651,0.4,0.0,0.35,0.0,0.0,W_slow,55,2.0
83.4,418,0.8044812959531104,1.7330753154869791,0.4,0.0,0.35,0.0,0.0,W_slow,50,2.0
83.60000000000001,419,0.8744812959531106,1.7330753154869791,0.4,0.0,0.35,0.0,0.0,W_slow,50,2.0
83.80000000000001,420,0.8801621244531027,1.7920129774194096,0.4,0.0,0.35,0.0,0.0,W_slow,45,2.0
84.0,421,0.9501621244530994,1.7920129774194096,0.4,0.0,0.35,0.0,0.0,W_slow,45,2.0
84.2,422,1.0201621244530998,1.7920129774194096,0.4,0.0,0.35,0.0,0.0,W_slow,45,2.0
84.4,423,1.0901621244531001,1.7920129774194096,0.4,0.0,0.35,0.0,0.0,W_slow,45,2.0
84.60000000000001,424,1.1601621244531004,1.7920129774194096,0.4,0.0,0.35,0.0,0.0,W_slow,45,2.0
84.80000000000001,425,1.3636924692886057,1.6799677143169651,0.4,0.0,0.35,0.0,0.0,W_slow,55,2.0
85.0,426,1.4336924692885988,1.6799677143169651,0.4,0.0,0.35,0.0,0.0,W_slow,55,2.0
85.2,427,1.5036924692886027,1.6799677143169651,0.4,0.0,0.35,0.0,0.0,W_slow,55,2.0
85.4,428,1.573692469288603,1.6799677143169651,0.4,0.0,0.35,0.0,0.0,W_slow,55,2.0
85.60000000000001,429,1.5144823449948572,1.793074266445232,0.4,1.5707963267948966,0.0,0.35,0.0,W_slow,50,2.0
85.80000000000001,430,1.5144823449948572,1.8030771274681792,0.4,-1.5707963267948966,0.0,-0.35,0.0,W_slow,50,2.0
86.0,431,1.5836935183303504,1.6799695262981684,0.4,-1.5707963267948966,0.0,-0.35,0.0,W_slow,55,2.0
86.2,432,1.6536917063491474,1.6799677143169651,0.4,0.0,0.35,0.0,0.0,W_slow,55,2.0
86.4,433,1.7572698593139648,1.5930960714352895,0.4,-1.5707963267948966,0.0,-0.35,0.0,W_slow,60,2.0
86.60000000000001,434,1.9052508603974734,1.4594277100246384,0.4,3.141592653589793,-0.35,0.0,0.0,W_slow,70,2.0
86.80000000000001,435,1.835250860397473,1.4594277100246384,0.4,3.141592653589793,-0.35,0.0,0.0,W_slow,70,2.0
87.0,436,1.7652508603974764,1.4594277100246384,0.4,3.141592653589793,-0.35,0.0,0.0,W_slow,70,2.0
87.2,437,2.379291147048814,1.4594277100246384,0.4,3.141592653589793,-0.35,0.0,0.0,W_slow,110,2.0
87.4,438,2.3092911470488136,1.4594277100246384,0.4,3.141592653589793,-0.35,0.0,0.0,W_slow,110,2.0
87.60000000000001,439,2.2392911470488133,1.4594277100246384,0.4,3.141592653589793,-0.35,0.0,0.0,W_slow,110,2.0
87.80000000000001,440,2.169291147048813,1.4594277100246384,0.4,3.141592653589793,-0.35,0.0,0.0,W_slow,110,2.0
88.0,441,2.0992911470488163,1.4594277100246384,0.4,3.141592653589793,-0.35,0.0,0.0,W_slow,110,2.0
88.2,442,2.029291147048816,1.4594277100246384,0.4,3.141592653589793,-0.35,0.0,0.0,W_slow,110,2.0
88.4,443,1.959291147048812,1.4594277100246384,0.4,3.141592653589793,-0.35,0.0,0.0,W_slow,110,2.0
88.60000000000001,444,1.8892911470488116,1.4594277100246384,0.4,3.141592653589793,-0.35,0.0,0.0,W_slow,110,2.0
88.80000000000001,445,1.8192911470488113,1.4594277100246384,0.4,3.141592653589793,-0.35,0.0,0.0,W_slow,110,2.0
89.0,446,0.7644833940366066,1.633075887691569,0.4,3.141592653589793,-0.35,0.0,0.0,W_slow,50,2.0
89.2,447,0.7636945673720996,1.579968286521555,0.4,3.141592653589793,-0.35,0.0,0.0,W_slow,55,2.0
89.4,448,0.6936945673720993,1.579968286521555,0.4,3.141592653589793,-0.35,0.0,0.0,W_slow,55,2.0
89.60000000000001,449,0.697271003723145,1.5330949270261083,0.4,3.141592653589793,-0.35,0.0,0.0,W_slow,60,2.0
89.80000000000001,450,0.7046527419824418,1.4928125437738968,0.4,3.141592653589793,-0.35,0.0,0.0,W_slow,65,2.0
90.0,451,0.7152508603974792,1.4594277100246384,0.4,3.141592653589793,-0.35,0.0,0.0,W_slow,70,2.0
90.2,452,0.6452508603974754,1.4594277100246384,0.4,3.141592653589793,-0.35,0.0,0.0,W_slow,70,2.0
90.4,453,0.5752508603974751,1.4594277100246384,0.4,3.141592653589793,-0.35,0.0,0.0,W_slow,70,2.0
90.60000000000001,454,0.5052508603974748,1.4594277100246384,0.4,3.141592653589793,-0.35,0.0,0.0,W_slow,70,2.0
90.80000000000001,455,0.43525086039747457,1.4594277100246384,0.4,3.141592653589793,-0.35,0.0,0.0,W_slow,70,2.0
91.0,456,0.36525086039747784,1.4594277100246384,0.4,3.141592653589793,-0.35,0.0,0.0,W_slow,70,2.0
91.2,457,0.29525086039747755,1.4594277100246384,0.4,3.141592653589793,-0.35,0.0,0.0,W_slow,70,2.0
91.4,458,0.22525086039747727,1.4594277100246384,0.4,3.141592653589793,-0.35,0.0,0.0,W_slow,70,2.0
91.60000000000001,459,0.3836218723818977,1.3543135314726529,0.4,-1.5707963267948966,0.0,-0.35,0.0,W_slow,80,2.0
91.80000000000001,460,0.3536232075259381,1.3143121963286122,0.4,3.141592653589793,-0.35,0.0,0.0,W_slow,80,2.0
92.0,461,0.28362320752594494,1.3143121963286122,0.4,3.141592653589793,-0.35,0.0,0.0,W_slow,80,2.0
92.2,462,0.21362320752594466,1.3143121963286122,0.4,3.141592653589793,-0.35,0.0,0.0,W_slow,80,2.0
92.4,463,0.14362320752593727,1.3143121963286122,0.4,3.141592653589793,-0.35,0.0,0.0,W_slow,80,2.0
92.60000000000001,464,0.07362320752593698,1.3143121963286122,0.4,3.141592653589793,-0.35,0.0,0.0,W_slow,80,2.0
92.80000000000001,465,0.0036232075259367003,1.3143121963286122,0.4,3.141592653589793,-0.35,0.0,0.0,W_slow,80,2.0
93.0,466,-0.01637822298553393,1.2643136268400896,0.4,-1.5707963267948966,0.0,-0.35,0.0,W_slow,80,2.0
93.2,467,-0.20474933033738502,1.2594279007595017,0.4,3.141592653589793,-0.35,0.0,0.0,W_slow,70,2.0
93.4,468,-0.2747493303373853,1.2594279007595017,0.4,3.141592653589793,-0.35,0.0,0.0,W_slow,70,2.0
93.60000000000001,469,-0.3447493303373856,1.2594279007595017,0.4,3.141592653589793,-0.35,0.0,0.0,W_slow,70,2.0
93.80000000000001,470,-0.414749330337393,1.2594279007595017,0.4,3.141592653589793,-0.35,0.0,0.0,W_slow,70,2.0
94.0,471,-0.48474933033738615,1.2594279007595017,0.4,3.141592653589793,-0.35,0.0,0.0,W_slow,70,2.0
94.2,472,-0.5547493303373865,1.2594279007595017,0.4,3.141592653589793,-0.35,0.0,0.0,W_slow,70,2.0
94.4,473,-0.6653484024267347,1.2528136881830774,0.4,-1.5707963267948966,0.0,-0.35,0.0,W_slow,65,2.0
94.60000000000001,474,-0.8263052418930377,1.2799680957866917,0.4,3.141592653589793,-0.35,0.0,0.0,W_slow,55,2.0
94.80000000000001,475,-0.896305241893038,1.2799680957866917,0.4,3.141592653589793,-0.35,0.0,0.0,W_slow,55,2.0
95.0,476,-0.9663052418930382,1.2799680957866917,0.4,3.141592653589793,-0.35,0.0,0.0,W_slow,55,2.0
95.2,477,-1.016306386302218,1.259969240195871,0.4,-1.5707963267948966,0.0,-0.35,0.0,W_slow,55,2.0
95.4,478,-1.1498367311377193,1.3020145032983153,0.4,-1.5707963267948966,0.0,-0.35,0.0,W_slow,45,2.0
95.60000000000001,479,-1.209835205258814,1.2920129774194096,0.4,3.141592653589793,-0.35,0.0,0.0,W_slow,45,2.0
95.80000000000001,480,-1.249837112607446,1.2620148847680412,0.4,-1.5707963267948966,0.0,-0.35,0.0,W_slow,45,2.0
96.0,481,-1.249837112607446,1.192014884768048,0.4,-1.5707963267948966,0.0,-0.35,0.0,W_slow,45,2.0
96.2,482,-1.3198357774634046,1.1920135496239994,0.4,3.141592653589793,-0.35,0.0,0.0,W_slow,45,2.0
96.4,483,-1.3255166059633967,1.133075887691569,0.4,3.141592653589793,-0.35,0.0,0.0,W_slow,50,2.0
96.60000000000001,484,-1.3263054326279038,1.079968286521555,0.4,3.141592653589793,-0.35,0.0,0.0,W_slow,55,2.0
96.80000000000001,485,-1.322728996276858,1.0330949270261083,0.4,3.141592653589793,-0.35,0.0,0.0,W_slow,60,2.0
97.0,486,-1.3153472580175507,0.9928125437738969,0.4,3.141592653589793,-0.35,0.0,0.0,W_slow,65,2.0
97.2,487,-1.3047491396025204,0.9594277100246386,0.4,3.141592653589793,-0.35,0.0,0.0,W_slow,70,2.0
97.4,488,-1.2915480413793725,0.9331945045214786,0.4,3.141592653589793,-0.35,0.0,0.0,W_slow,75,2.0
97.60000000000001,489,-1.2763771739437897,0.9143125777983389,0.4,3.141592653589793,-0.35,0.0,0.0,W_slow,80,2.0
97.80000000000001,490,-1.34637717394379,0.9143125777983389,0.4,3.141592653589793,-0.35,0.0,0.0,W_slow,80,2.0
98.0,491,-1.4163771739437832,0.9143125777983389,0.4,3.141592653589793,-0.35,0.0,0.0,W_slow,80,2.0
98.2,492,-1.4163783183529657,0.8443137222075211,0.4,-1.5707963267948966,0.0,-0.35,0.0,W_slow,80,2.0
98.4,493,-1.3763798442318742,0.8143121963286123,0.4,0.0,0.35,0.0,0.0,W_slow,80,2.0
98.60000000000001,494,-1.306379844231874,0.8143121963286123,0.4,0.0,0.35,0.0,0.0,W_slow,80,2.0
98.80000000000001,495,-1.3215507116674639,0.833194123051752,0.4,0.0,0.35,0.0,0.0,W_slow,75,2.0
99.0,496,-1.3347518098906117,0.859427328554912,0.4,0.0,0.35,0.0,0.0,W_slow,70,2.0
99.2,497,-1.4227316665649425,0.9330945455563817,0.4,0.0,0.35,0.0,0.0,W_slow,60,2.0
99.4,498,-1.4263081029159883,0.9799679050518285,0.4,0.0,0.35,0.0,0.0,W_slow,55,2.0
99.60000000000001,499,-1.4255192762514812,1.0330755062218424,0.4,0.0,0.35,0.0,0.0,W_slow,50,2.0
99.80000000000001,500,-1.4198384477514892,1.0920131681542729,0.4,0.0,0.35,0.0,0.0,W_slow,45,2.0
100.0,501,-1.3498384477514889,1.0920131681542729,0.4,0.0,0.35,0.0,0.0,W_slow,45,2.0
100.2,502,-1.338776109683919,1.156332339654281,0.4,0.0,0.35,0.0,0.0,W_slow,40,2.0
100.4,503,-1.3218837108539327,1.2255435129897743,0.4,0.0,0.35,0.0,0.0,W_slow,35,2.0
100.60000000000001,504,-1.2618819942401638,1.2355417963760056,0.4,1.5707963267948966,0.0,0.35,0.0,W_slow,35,2.0
100.80000000000001,505,-1.2087743930701498,1.2363306230405127,0.4,1.5707963267948966,0.0,0.35,0.0,W_slow,40,2.0
101.0,506,-1.1587764911536516,1.2563327211240076,0.4,0.0,0.35,0.0,0.0,W_slow,40,2.0
101.2,507,-1.1087744884375814,1.2763307184079449,0.4,1.5707963267948966,0.0,0.35,0.0,W_slow,40,2.0
101.4,508,-1.049836826505151,1.282011546907937,0.4,1.5707963267948966,0.0,0.35,0.0,W_slow,45,2.0
101.60000000000001,509,-0.9898382570166234,1.2920129774194096,0.4,0.0,0.35,0.0,0.0,W_slow,45,2.0
101.80000000000001,510,-0.9198382570166231,1.2920129774194096,0.4,0.0,0.35,0.0,0.0,W_slow,45,2.0
102.0,511,-0.84983825701663,1.2920129774194096,0.4,0.0,0.35,0.0,0.0,W_slow,45,2.0
102.2,512,-0.7163066724045128,1.2499664745403498,0.4,1.5707963267948966,0.0,0.35,0.0,W_slow,55,2.0
102.4,513,-0.6763082936508544,1.2799680957866917,0.4,0.0,0.35,0.0,0.0,W_slow,55,2.0
102.60000000000001,514,-0.606308293650847,1.2799680957866917,0.4,0.0,0.35,0.0,0.0,W_slow,55,2.0
102.80000000000001,515,-0.5363082936508468,1.2799680957866917,0.4,0.0,0.35,0.0,0.0,W_slow,55,2.0
103.0,516,-0.4663082936508536,1.2799680957866917,0.4,0.0,0.35,0.0,0.0,W_slow,55,2.0
103.2,517,-0.3963082936508533,1.2799680957866917,0.4,0.0,0.35,0.0,0.0,W_slow,55,2.0
103.4,518,-0.326308293650853,1.2799680957866917,0.4,0.0,0.35,0.0,0.0,W_slow,55,2.0
103.60000000000001,519,-0.1653484024267346,1.252810636425262,0.4,1.5707963267948966,0.0,0.35,0.0,W_slow,65,2.0
103.80000000000001,520,-0.05475238209520178,1.2594279007595017,0.4,0.0,0.35,0.0,0.0,W_slow,70,2.0
104.0,521,0.015247617904798505,1.2594279007595017,0.4,0.0,0.35,0.0,0.0,W_slow,70,2.0
104.2,522,0.08524761790479879,1.2594279007595017,0.4,0.0,0.35,0.0,0.0,W_slow,70,2.0
104.4,523,0.15524761790479907,1.2594279007595017,0.4,0.0,0.35,0.0,0.0,W_slow,70,2.0
104.60000000000001,524,0.22524761790479936,1.2594279007595017,0.4,0.0,0.35,0.0,0.0,W_slow,70,2.0
104.80000000000001,525,0.29524761790479964,1.2594279007595017,0.4,0.0,0.35,0.0,0.0,W_slow,70,2.0
105.0,526,0.48362177701446607,1.2643105750822743,0.4,1.5707963267948966,0.0,0.35,0.0,W_slow,80,2.0
105.2,527,0.5036201557681285,1.3143121963286122,0.4,0.0,0.35,0.0,0.0,W_slow,80,2.0
105.4,528,0.5736201557681287,1.3143121963286122,0.4,0.0,0.35,0.0,0.0,W_slow,80,2.0
105.60000000000001,529,0.643620155768129,1.3143121963286122,0.4,0.0,0.35,0.0,0.0,W_slow,80,2.0
105.80000000000001,530,0.7136201557681293,1.3143121963286122,0.4,0.0,0.35,0.0,0.0,W_slow,80,2.0
106.0,531,0.6984492883325322,1.3331941230517521,0.4,0.0,0.35,0.0,0.0,W_slow,75,2.0
106.2,532,0.6852481901093914,1.3594273285549119,0.4,0.0,0.35,0.0,0.0,W_slow,70,2.0
106.4,533,0.6746500716943611,1.3928121623041703,0.4,0.0,0.35,0.0,0.0,W_slow,65,2.0
106.60000000000001,534,0.6672683334350608,1.4330945455563817,0.4,0.0,0.35,0.0,0.0,W_slow,60,2.0
106.80000000000001,535,0.6636918970840151,1.4799679050518284,0.4,0.0,0.35,0.0,0.0,W_slow,55,2.0
107.0,536,0.664480723748515,1.5330755062218424,0.4,0.0,0.35,0.0,0.0,W_slow,50,2.0
107.2,537,0.670161552248507,1.5920131681542729,0.4,0.0,0.35,0.0,0.0,W_slow,45,2.0
107.4,538,1.7892884767607236,1.3594273285549119,0.4,0.0,0.35,0.0,0.0,W_slow,110,2.0
107.60000000000001,539,1.776087378537583,1.3331941230517521,0.4,0.0,0.35,0.0,0.0,W_slow,105,2.0
107.80000000000001,540,1.7609165111019929,1.3143121963286122,0.4,0.0,0.35,0.0,0.0,W_slow,100,2.0
108.0,541,1.744424076182714,1.3029252512490748,0.4,0.0,0.35,0.0,0.0,W_slow,95,2.0
108.2,542,1.727268333435056,1.2991199493408203,0.4,0.0,0.35,0.0,0.0,W_slow,90,2.0
108.4,543,1.7101125906873982,1.3029252512490748,0.4,0.0,0.35,0.0,0.0,W_slow,85,2.0
108.60000000000001,544,1.7801125906873985,1.3029252512490748,0.4,0.0,0.35,0.0,0.0,W_slow,85,2.0
108.80000000000001,545,1.7636201557681264,1.3143121963286122,0.4,0.0,0.35,0.0,0.0,W_slow,80,2.0
109.0,546,1.8336201557681266,1.3143121963286122,0.4,0.0,0.35,0.0,0.0,W_slow,80,2.0
109.2,547,1.903620155768127,1.3143121963286122,0.4,0.0,0.35,0.0,0.0,W_slow,80,2.0
109.4,548,1.9736201557681272,1.3143121963286122,0.4,0.0,0.35,0.0,0.0,W_slow,80,2.0
109.60000000000001,549,2.0436201557681275,1.3143121963286122,0.4,0.0,0.35,0.0,0.0,W_slow,80,2.0
109.80000000000001,550,2.113620155768128,1.3143121963286122,0.4,0.0,0.35,0.0,0.0,W_slow,80,2.0
110.0,551,2.183620155768128,1.3143121963286122,0.4,0.0,0.35,0.0,0.0,W_slow,80,2.0
110.2,552,2.0984507188440125,1.4031926925402778,0.4,1.5707963267948966,0.0,0.35,0.0,W_slow,75,2.0
110.4,553,2.0552478086396637,1.4594277100246384,0.4,0.0,0.35,0.0,0.0,W_slow,70,2.0
110.60000000000001,554,2.1152495252534327,1.4494294266384071,0.4,-1.5707963267948966,0.0,-0.35,0.0,W_slow,70,2.0
110.80000000000001,555,2.283621490912171,1.3343142944121071,0.4,-1.5707963267948966,0.0,-0.35,0.0,W_slow,80,2.0
111.0,556,2.3336193928286693,1.3143121963286122,0.4,0.0,0.35,0.0,0.0,W_slow,80,2.0
111.2,557,2.4036193928286766,1.3143121963286122,0.4,0.0,0.35,0.0,0.0,W_slow,80,2.0
111.4,558,2.5601118277479493,1.3029252512490748,0.4,0.0,0.35,0.0,0.0,W_slow,85,2.0
111.60000000000001,559,2.6301118277479496,1.3029252512490748,0.4,0.0,0.35,0.0,0.0,W_slow,85,2.0
111.80000000000001,560,2.727273101806638,1.2991199493408203,0.4,3.141592653589793,-0.35,0.0,0.0,W_slow,90,2.0
112.0,561,2.5701173590589868,1.3029252512490748,0.4,3.141592653589793,-0.35,0.0,0.0,W_slow,85,2.0
112.2,562,2.413624924139714,1.3143121963286122,0.4,3.141592653589793,-0.35,0.0,0.0,W_slow,80,2.0
112.4,563,2.343624924139714,1.3143121963286122,0.4,3.141592653589793,-0.35,0.0,0.0,W_slow,80,2.0
112.60000000000001,564,2.283621490912171,1.3043156295561475,0.4,-1.5707963267948966,0.0,-0.35,0.0,W_slow,80,2.0
112.80000000000001,565,2.198450623476581,1.2531975562792872,0.4,-1.5707963267948966,0.0,-0.35,0.0,W_slow,75,2.0
113.0,566,2.0652523862763847,1.2594279007595017,0.4,3.141592653589793,-0.35,0.0,0.0,W_slow,70,2.0
113.2,567,1.9952523862763845,1.2594279007595017,0.4,3.141592653589793,-0.35,0.0,0.0,W_slow,70,2.0
113.4,568,1.9252523862763842,1.2594279007595017,0.4,3.141592653589793,-0.35,0.0,0.0,W_slow,70,2.0
113.60000000000001,569,1.855252386276384,1.2594279007595017,0.4,3.141592653589793,-0.35,0.0,0.0,W_slow,70,2.0
113.80000000000001,570,1.7852523862763836,1.2594279007595017,0.4,3.141592653589793,-0.35,0.0,0.0,W_slow,70,2.0
114.0,571,1.7152523862763833,1.2594279007595017,0.4,3.141592653589793,-0.35,0.0,0.0,W_slow,70,2.0
114.2,572,2.329292672927721,1.2594279007595017,0.4,3.141592653589793,-0.35,0.0,0.0,W_slow,110,2.0
114.4,573,2.2592926729277205,1.2594279007595017,0.4,3.141592653589793,-0.35,0.0,0.0,W_slow,110,2.0
114.60000000000001,574,2.1892926729277202,1.2594279007595017,0.4,3.141592653589793,-0.35,0.0,0.0,W_slow,110,2.0
114.80000000000001,575,2.11929267292772,1.2594279007595017,0.4,3.141592653589793,-0.35,0.0,0.0,W_slow,110,2.0
115.0,576,2.0492926729277197,1.2594279007595017,0.4,3.141592653589793,-0.35,0.0,0.0,W_slow,110,2.0
115.2,577,1.9792926729277192,1.2594279007595017,0.4,3.141592653589793,-0.35,0.0,0.0,W_slow,110,2.0
115.4,578,1.9092926729277189,1.2594279007595017,0.4,3.141592653589793,-0.35,0.0,0.0,W_slow,110,2.0
115.60000000000001,579,1.8392926729277186,1.2594279007595017,0.4,3.141592653589793,-0.35,0.0,0.0,W_slow,110,2.0
115.80000000000001,580,1.849890791342749,1.29281273450876,0.4,3.141592653589793,-0.35,0.0,0.0,W_slow,115,2.0
116.0,581,0.6501657484155089,1.4920137403588627,0.4,3.141592653589793,-0.35,0.0,0.0,W_slow,45,2.0
116.2,582,0.5801657484155015,1.4920137403588627,0.4,3.141592653589793,-0.35,0.0,0.0,W_slow,45,2.0
116.4,583,0.5744849199155094,1.4330760784264323,0.4,3.141592653589793,-0.35,0.0,0.0,W_slow,50,2.0
116.60000000000001,584,0.5736960932510025,1.3799684772564182,0.4,3.141592653589793,-0.35,0.0,0.0,W_slow,55,2.0
116.80000000000001,585,0.5772725296020481,1.3330951177609716,0.4,3.141592653589793,-0.35,0.0,0.0,W_slow,60,2.0
117.0,586,0.6652523862763862,1.2594279007595017,0.4,3.141592653589793,-0.35,0.0,0.0,W_slow,70,2.0
117.2,587,0.5952523862763859,1.2594279007595017,0.4,3.141592653589793,-0.35,0.0,0.0,W_slow,70,2.0
117.4,588,0.5252523862763856,1.2594279007595017,0.4,3.141592653589793,-0.35,0.0,0.0,W_slow,70,2.0
117.60000000000001,589,0.45525238627637826,1.2594279007595017,0.4,3.141592653589793,-0.35,0.0,0.0,W_slow,70,2.0
117.80000000000001,590,0.3346515975732654,1.262815404796842,0.4,-1.5707963267948966,0.0,-0.35,0.0,W_slow,65,2.0
118.0,591,0.1836934229629188,1.279971147544507,0.4,-1.5707963267948966,0.0,-0.35,0.0,W_slow,55,2.0
118.2,592,0.11369647472073385,1.2799680957866917,0.4,3.141592653589793,-0.35,0.0,0.0,W_slow,55,2.0
118.4,593,0.04369647472073357,1.2799680957866917,0.4,3.141592653589793,-0.35,0.0,0.0,W_slow,55,2.0
118.60000000000001,594,-0.026303525279266715,1.2799680957866917,0.4,3.141592653589793,-0.35,0.0,0.0,W_slow,55,2.0
118.80000000000001,595,-0.096303525279267,1.2799680957866917,0.4,3.141592653589793,-0.35,0.0,0.0,W_slow,55,2.0
119.0,596,-0.16630352527926728,1.2799680957866917,0.4,3.141592653589793,-0.35,0.0,0.0,W_slow,55,2.0
119.2,597,-0.21630667240451285,1.259971242911937,0.4,-1.5707963267948966,0.0,-0.35,0.0,W_slow,55,2.0
119.4,598,-0.34983701724001437,1.3020165060143811,0.4,-1.5707963267948966,0.0,-0.35,0.0,W_slow,45,2.0
119.60000000000001,599,-0.4098334886450431,1.2920129774194096,0.4,3.141592653589793,-0.35,0.0,0.0,W_slow,45,2.0
119.80000000000001,600,-0.4798334886450434,1.2920129774194096,0.4,3.141592653589793,-0.35,0.0,0.0,W_slow,45,2.0
120.0,601,-0.5498334886450437,1.2920129774194096,0.4,3.141592653589793,-0.35,0.0,0.0,W_slow,45,2.0
120.2,602,-0.619833488645044,1.2920129774194096,0.4,3.141592653589793,-0.35,0.0,0.0,W_slow,45,2.0
120.4,603,-0.6898334886450442,1.2920129774194096,0.4,3.141592653589793,-0.35,0.0,0.0,W_slow,45,2.0
120.60000000000001,604,-0.749837112607446,1.282016601381811,0.4,-1.5707963267948966,0.0,-0.35,0.0,W_slow,45,2.0
120.80000000000001,605,-0.8087747745398765,1.276335772881819,0.4,-1.5707963267948966,0.0,-0.35,0.0,W_slow,40,2.0
121.0,606,-0.8587717227820583,1.2563327211240076,0.4,3.141592653589793,-0.35,0.0,0.0,W_slow,40,2.0
121.2,607,-0.9287717227820657,1.2563327211240076,0.4,3.141592653589793,-0.35,0.0,0.0,W_slow,40,2.0
121.4,608,-0.9987717227820659,1.2563327211240076,0.4,3.141592653589793,-0.35,0.0,0.0,W_slow,40,2.0
121.60000000000001,609,-1.061882184975027,1.2655467554824478,0.4,-1.5707963267948966,0.0,-0.35,0.0,W_slow,35,2.0
121.80000000000001,610,-1.1387523019778008,1.2991199493408203,0.4,3.141592653589793,-0.35,0.0,0.0,W_slow,30,2.0
122.0,611,-1.208752301977794,1.2991199493408203,0.4,3.141592653589793,-0.35,0.0,0.0,W_slow,30,2.0
122.2,612,-1.2490378323552536,1.306504834725369,0.4,-1.5707963267948966,0.0,-0.35,0.0,W_slow,25,2.0
122.4,613,-1.2890352574345956,1.2765022598047107,0.4,3.141592653589793,-0.35,0.0,0.0,W_slow,25,2.0
122.60000000000001,614,-1.3187528741823917,1.1991205215454102,0.4,3.141592653589793,-0.35,0.0,0.0,W_slow,30,2.0
122.80000000000001,615,-1.388752874182392,1.1991205215454102,0.4,3.141592653589793,-0.35,0.0,0.0,W_slow,30,2.0
123.0,616,-1.4118795146869383,1.125544085194364,0.4,3.141592653589793,-0.35,0.0,0.0,W_slow,35,2.0
123.2,617,-1.4287719135169246,1.056332911858871,0.4,3.141592653589793,-0.35,0.0,0.0,W_slow,40,2.0
123.4,618,-1.4987719135169248,1.056332911858871,0.4,3.141592653589793,-0.35,0.0,0.0,W_slow,40,2.0
123.60000000000001,619,-1.5098342515844947,0.9920137403588626,0.4,3.141592653589793,-0.35,0.0,0.0,W_slow,45,2.0
123.80000000000001,620,-1.5155150800844868,0.9330760784264321,0.4,3.141592653589793,-0.35,0.0,0.0,W_slow,50,2.0
124.0,621,-1.4427274703979478,0.8330951177609716,0.4,3.141592653589793,-0.35,0.0,0.0,W_slow,60,2.0
124.2,622,-1.4353457321386476,0.7928127345087602,0.4,3.141592653589793,-0.35,0.0,0.0,W_slow,65,2.0
124.4,623,-1.341546515500469,0.7331946952563418,0.4,3.141592653589793,-0.35,0.0,0.0,W_slow,75,2.0
124.60000000000001,624,-1.3263756480648792,0.7143127685332021,0.4,3.141592653589793,-0.35,0.0,0.0,W_slow,80,2.0
124.80000000000001,625,-1.3963756480648795,0.7143127685332021,0.4,3.141592653589793,-0.35,0.0,0.0,W_slow,80,2.0
125.0,626,-1.4163783183529657,0.6643154388212881,0.4,-1.5707963267948966,0.0,-0.35,0.0,W_slow,80,2.0
125.2,627,-1.396381370110778,0.6143123870634756,0.4,0.0,0.35,0.0,0.0,W_slow,80,2.0
125.4,628,-1.3263813701107776,0.6143123870634756,0.4,0.0,0.35,0.0,0.0,W_slow,80,2.0
125.60000000000001,629,-1.4247533357695157,0.6594275192897753,0.4,0.0,0.35,0.0,0.0,W_slow,70,2.0
125.80000000000001,630,-1.5127331924438465,0.733094736291245,0.4,0.0,0.35,0.0,0.0,W_slow,60,2.0
126.0,631,-1.5163096287948994,0.7799680957866918,0.4,0.0,0.35,0.0,0.0,W_slow,55,2.0
126.2,632,-1.5798399736303934,0.892013358889136,0.4,0.0,0.35,0.0,0.0,W_slow,45,2.0
126.4,633,-1.5687776355628236,0.9563325303891443,0.4,0.0,0.35,0.0,0.0,W_slow,40,2.0
126.60000000000001,634,-1.5518852367328373,1.0255437037246375,0.4,0.0,0.35,0.0,0.0,W_slow,35,2.0
126.80000000000001,635,-1.528758596228284,1.0991201400756836,0.4,0.0,0.35,0.0,0.0,W_slow,30,2.0
127.0,636,-1.4587585962282907,1.0991201400756836,0.4,0.0,0.35,0.0,0.0,W_slow,30,2.0
127.2,637,-1.4290409794805017,1.176501878334984,0.4,0.0,0.35,0.0,0.0,W_slow,25,2.0
127.4,638,-1.3590409794805014,1.176501878334984,0.4,0.0,0.35,0.0,0.0,W_slow,25,2.0
127.60000000000001,639,-1.3224258132297524,1.257099996750015,0.4,0.0,0.35,0.0,0.0,W_slow,20,2.0
127.80000000000001,640,-1.252425813229752,1.257099996750015,0.4,0.0,0.35,0.0,0.0,W_slow,20,2.0
128.0,641,-1.182425813229759,1.257099996750015,0.4,0.0,0.35,0.0,0.0,W_slow,20,2.0
128.20000000000002,642,-1.1824227614719436,1.327096944992207,0.4,1.5707963267948966,0.0,0.35,0.0,W_slow,20,2.0
128.4,643,-1.1090413609502265,1.2765022598047107,0.4,0.0,0.35,0.0,0.0,W_slow,25,2.0
128.6,644,-1.0490380230901168,1.2864989219446012,0.4,1.5707963267948966,0.0,0.35,0.0,W_slow,25,2.0
128.8,645,-1.0087556398379056,1.279117183685301,0.4,1.5707963267948966,0.0,0.35,0.0,W_slow,30,2.0
129.0,646,-0.9587584054934245,1.2991199493408203,0.4,0.0,0.35,0.0,0.0,W_slow,30,2.0
129.20000000000002,647,-0.8887584054934171,1.2991199493408203,0.4,0.0,0.35,0.0,0.0,W_slow,30,2.0
129.4,648,-0.8187584054934239,1.2991199493408203,0.4,0.0,0.35,0.0,0.0,W_slow,30,2.0
129.6,649,-0.7618819942401637,1.285540461231954,0.4,1.5707963267948966,0.0,0.35,0.0,W_slow,35,2.0
129.8,650,-0.6787778262976892,1.2563327211240076,0.4,0.0,0.35,0.0,0.0,W_slow,40,2.0
130.0,651,-0.608777826297689,1.2563327211240076,0.4,0.0,0.35,0.0,0.0,W_slow,40,2.0
130.20000000000002,652,-0.5387778262976887,1.2563327211240076,0.4,0.0,0.35,0.0,0.0,W_slow,40,2.0
130.4,653,-0.4687778262976884,1.2563327211240076,0.4,0.0,0.35,0.0,0.0,W_slow,40,2.0
130.6,654,-0.3987778262976952,1.2563327211240076,0.4,0.0,0.35,0.0,0.0,W_slow,40,2.0
130.8,655,-0.3287778262976878,1.2563327211240076,0.4,0.0,0.35,0.0,0.0,W_slow,40,2.0
131.0,656,-0.30877477453987645,1.3063296693661894,0.4,1.5707963267948966,0.0,0.35,0.0,W_slow,40,2.0
131.20000000000002,657,-0.22983959216066696,1.2920129774194096,0.4,0.0,0.35,0.0,0.0,W_slow,45,2.0
131.4,658,-0.15983959216066668,1.2920129774194096,0.4,0.0,0.35,0.0,0.0,W_slow,45,2.0
131.6,659,-0.0898395921606735,1.2920129774194096,0.4,0.0,0.35,0.0,0.0,W_slow,45,2.0
131.8,660,-0.01983959216066611,1.2920129774194096,0.4,0.0,0.35,0.0,0.0,W_slow,45,2.0
132.0,661,0.05016040783932707,1.2920129774194096,0.4,0.0,0.35,0.0,0.0,W_slow,45,2.0
132.20000000000002,662,0.12016040783933446,1.2920129774194096,0.4,0.0,0.35,0.0,0.0,W_slow,45,2.0
132.4,663,0.21448215425999384,1.2730727405663211,0.4,1.5707963267948966,0.0,0.35,0.0,W_slow,50,2.0
132.6,664,0.2936903712051029,1.2799680957866917,0.4,0.0,0.35,0.0,0.0,W_slow,55,2.0
132.8,665,0.3636903712051103,1.2799680957866917,0.4,0.0,0.35,0.0,0.0,W_slow,55,2.0
133.0,666,0.43369037120510345,1.2799680957866917,0.4,0.0,0.35,0.0,0.0,W_slow,55,2.0
133.20000000000002,667,0.5036903712051108,1.2799680957866917,0.4,0.0,0.35,0.0,0.0,W_slow,55,2.0
133.4,668,0.5044791978696107,1.3330756969567057,0.4,0.0,0.35,0.0,0.0,W_slow,50,2.0
133.6,669,0.5101600263696028,1.3920133588891361,0.4,0.0,0.35,0.0,0.0,W_slow,45,2.0
133.8,670,0.5212223644371726,1.4563325303891443,0.4,0.0,0.35,0.0,0.0,W_slow,40,2.0
134.0,671,0.5381147632671591,1.5255437037246375,0.4,0.0,0.35,0.0,0.0,W_slow,35,2.0
134.20000000000002,672,2.0008432439072044,1.279968095786692,0.4,0.0,0.35,0.0,0.0,W_slow,125,2.0
134.4,673,2.0708432439071975,1.279968095786692,0.4,0.0,0.35,0.0,0.0,W_slow,125,2.0
134.6,674,2.1408432439071907,1.279968095786692,0.4,0.0,0.35,0.0,0.0,W_slow,125,2.0
134.8,675,2.210843243907198,1.279968095786692,0.4,0.0,0.35,0.0,0.0,W_slow,125,2.0
135.0,676,2.2808432439071984,1.279968095786692,0.4,0.0,0.35,0.0,0.0,W_slow,125,2.0
135.20000000000002,677,2.3508432439071987,1.279968095786692,0.4,0.0,0.35,0.0,0.0,W_slow,125,2.0
135.4,678,2.420843243907199,1.279968095786692,0.4,0.0,0.35,0.0,0.0,W_slow,125,2.0
135.6,679,2.490843243907192,1.279968095786692,0.4,0.0,0.35,0.0,0.0,W_slow,125,2.0
135.8,680,2.5608432439071995,1.279968095786692,0.4,0.0,0.35,0.0,0.0,W_slow,125,2.0
136.0,681,2.6308432439071927,1.279968095786692,0.4,0.0,0.35,0.0,0.0,W_slow,125,2.0
136.20000000000002,682,2.7008432439072,1.279968095786692,0.4,0.0,0.35,0.0,0.0,W_slow,125,2.0
136.4,683,2.6908495381576847,1.279968095786692,0.4,3.141592653589793,-0.35,0.0,0.0,W_slow,125,2.0
136.6,684,2.630846486399874,1.2699711475445092,0.4,-1.5707963267948966,0.0,-0.35,0.0,W_slow,125,2.0
136.8,685,2.7000576597353674,1.2530787487145156,0.4,-1.5707963267948966,0.0,-0.35,0.0,W_slow,130,2.0
137.0,686,2.714380264462919,1.2920129774194096,0.4,3.141592653589793,-0.35,0.0,0.0,W_slow,135,2.0
137.20000000000002,687,2.6443802644629115,1.2920129774194096,0.4,3.141592653589793,-0.35,0.0,0.0,W_slow,135,2.0
137.4,688,2.5743802644629183,1.2920129774194096,0.4,3.141592653589793,-0.35,0.0,0.0,W_slow,135,2.0
137.6,689,2.504380264462918,1.2920129774194096,0.4,3.141592653589793,-0.35,0.0,0.0,W_slow,135,2.0
137.8,690,2.4343802644629107,1.2920129774194096,0.4,3.141592653589793,-0.35,0.0,0.0,W_slow,135,2.0
138.0,691,2.3643802644629175,1.2920129774194096,0.4,3.141592653589793,-0.35,0.0,0.0,W_slow,135,2.0
138.20000000000002,692,2.29438026446291,1.2920129774194096,0.4,3.141592653589793,-0.35,0.0,0.0,W_slow,135,2.0
138.4,693,2.224380264462917,1.2920129774194096,0.4,3.141592653589793,-0.35,0.0,0.0,W_slow,135,2.0
138.6,694,0.5409656962397192,1.5765014968652575,0.4,3.141592653589793,-0.35,0.0,0.0,W_slow,25,2.0
138.8,695,0.47096569623971896,1.5765014968652575,0.4,3.141592653589793,-0.35,0.0,0.0,W_slow,25,2.0
139.0,696,0.4412480794919299,1.499119758605957,0.4,3.141592653589793,-0.35,0.0,0.0,W_slow,30,2.0
139.20000000000002,697,0.4181214389873694,1.425543322254911,0.4,3.141592653589793,-0.35,0.0,0.0,W_slow,35,2.0
139.4,698,0.40122904015739,1.3563321489194178,0.4,3.141592653589793,-0.35,0.0,0.0,W_slow,40,2.0
139.6,699,0.3901667020898273,1.2920129774194096,0.4,3.141592653589793,-0.35,0.0,0.0,W_slow,45,2.0
139.8,700,0.3201667020898199,1.2920129774194096,0.4,3.141592653589793,-0.35,0.0,0.0,W_slow,45,2.0
140.0,701,0.2501667020898196,1.2920129774194096,0.4,3.141592653589793,-0.35,0.0,0.0,W_slow,45,2.0
140.20000000000002,702,0.19122522546012355,1.2863359636166831,0.4,-1.5707963267948966,0.0,-0.35,0.0,W_slow,40,2.0
140.4,703,0.15122846795279876,1.2563327211240076,0.4,3.141592653589793,-0.35,0.0,0.0,W_slow,40,2.0
140.6,704,0.08122846795280558,1.2563327211240076,0.4,3.141592653589793,-0.35,0.0,0.0,W_slow,40,2.0
140.8,705,0.011228467952798193,1.2563327211240076,0.4,3.141592653589793,-0.35,0.0,0.0,W_slow,40,2.0
141.0,706,-0.058771532047194985,1.2563327211240076,0.4,3.141592653589793,-0.35,0.0,0.0,W_slow,40,2.0
141.20000000000002,707,-0.12877153204720238,1.2563327211240076,0.4,3.141592653589793,-0.35,0.0,0.0,W_slow,40,2.0
141.4,708,-0.19877153204720266,1.2563327211240076,0.4,3.141592653589793,-0.35,0.0,0.0,W_slow,40,2.0
141.6,709,-0.2618819942401637,1.2655467554824549,0.4,-1.5707963267948966,0.0,-0.35,0.0,W_slow,35,2.0
141.8,710,-0.33875211124293736,1.2991199493408203,0.4,3.141592653589793,-0.35,0.0,0.0,W_slow,30,2.0
142.0,711,-0.40875211124293054,1.2991199493408203,0.4,3.141592653589793,-0.35,0.0,0.0,W_slow,30,2.0
142.20000000000002,712,-0.4787521112429379,1.2991199493408203,0.4,3.141592653589793,-0.35,0.0,0.0,W_slow,30,2.0
142.4,713,-0.5487521112429311,1.2991199493408203,0.4,3.141592653589793,-0.35,0.0,0.0,W_slow,30,2.0
142.6,714,-0.6187521112429314,1.2991199493408203,0.4,3.141592653589793,-0.35,0.0,0.0,W_slow,30,2.0
142.8,715,-0.6887521112429388,1.2991199493408203,0.4,3.141592653589793,-0.35,0.0,0.0,W_slow,30,2.0
143.0,716,-0.7087554491030422,1.2491232872009306,0.4,-1.5707963267948966,0.0,-0.35,0.0,W_slow,30,2.0
143.20000000000002,717,-0.7690350666997404,1.2765022598047107,0.4,3.141592653589793,-0.35,0.0,0.0,W_slow,25,2.0
143.4,718,-0.8390350666997336,1.2765022598047107,0.4,3.141592653589793,-0.35,0.0,0.0,W_slow,25,2.0
143.6,719,-0.9090350666997339,1.2765022598047107,0.4,3.141592653589793,-0.35,0.0,0.0,W_slow,25,2.0
143.8,720,-0.9824229522068069,1.3271034299775557,0.4,-1.5707963267948966,0.0,-0.35,0.0,W_slow,20,2.0
144.0,721,-0.9824229522068069,1.2571034299775554,0.4,-1.5707963267948966,0.0,-0.35,0.0,W_slow,20,2.0
144.20000000000002,722,-1.0524195189792738,1.257099996750015,0.4,3.141592653589793,-0.35,0.0,0.0,W_slow,20,2.0
144.4,723,-1.108656062342535,1.3003044328332711,0.4,-1.5707963267948966,0.0,-0.35,0.0,W_slow,15,2.0
144.6,724,-1.1375342697358333,1.3254715809390267,0.4,3.141592653589793,-0.35,0.0,0.0,W_slow,10,2.0
144.8,725,-1.2075342697358407,1.3254715809390267,0.4,3.141592653589793,-0.35,0.0,0.0,W_slow,10,2.0
145.0,726,-1.258652343012701,1.2403007135034363,0.4,3.141592653589793,-0.35,0.0,0.0,W_slow,15,2.0
145.20000000000002,727,-1.3286523430127013,1.2403007135034363,0.4,3.141592653589793,-0.35,0.0,0.0,W_slow,15,2.0
145.4,728,-1.3986523430127016,1.2403007135034363,0.4,3.141592653589793,-0.35,0.0,0.0,W_slow,15,2.0
145.6,729,-1.442419137509535,1.1570996152802884,0.4,3.141592653589793,-0.35,0.0,0.0,W_slow,20,2.0
145.8,730,-1.5124191375095424,1.1570996152802884,0.4,3.141592653589793,-0.35,0.0,0.0,W_slow,20,2.0
146.0,731,-1.5824191375095356,1.1570996152802884,0.4,3.141592653589793,-0.35,0.0,0.0,W_slow,20,2.0
146.20000000000002,732,-1.6190343037602846,1.0765014968652575,0.4,3.141592653589793,-0.35,0.0,0.0,W_slow,25,2.0
146.4,733,-1.6487519205080736,0.999119758605957,0.4,3.141592653589793,-0.35,0.0,0.0,W_slow,30,2.0
146.6,734,-1.67187856101262,0.925543322254911,0.4,3.141592653589793,-0.35,0.0,0.0,W_slow,35,2.0
146.8,735,-1.6887709598426133,0.8563321489194178,0.4,3.141592653589793,-0.35,0.0,0.0,W_slow,40,2.0
147.0,736,-1.6355141264101678,0.733075315486979,0.4,3.141592653589793,-0.35,0.0,0.0,W_slow,50,2.0
147.20000000000002,737,-1.562726516723636,0.6330943548215184,0.4,3.141592653589793,-0.35,0.0,0.0,W_slow,60,2.0
147.4,738,-1.3915455618261499,0.5331939323168887,0.4,3.141592653589793,-0.35,0.0,0.0,W_slow,75,2.0
147.6,739,-1.37637469439056,0.514312005593749,0.4,3.141592653589793,-0.35,0.0,0.0,W_slow,80,2.0
147.8,740,-1.4463746943905673,0.514312005593749,0.4,3.141592653589793,-0.35,0.0,0.0,W_slow,80,2.0
148.0,741,-1.5163746943905605,0.514312005593749,0.4,3.141592653589793,-0.35,0.0,0.0,W_slow,80,2.0
148.20000000000002,742,-1.516378222985534,0.44431553418871517,0.4,-1.5707963267948966,0.0,-0.35,0.0,W_slow,80,2.0
148.4,743,-1.4763811793759172,0.41431257779833885,0.4,0.0,0.35,0.0,0.0,W_slow,80,2.0
148.6,744,-1.406381179375917,0.41431257779833885,0.4,0.0,0.35,0.0,0.0,W_slow,80,2.0
148.8,745,-1.3363811793759166,0.41431257779833885,0.4,0.0,0.35,0.0,0.0,W_slow,80,2.0
149.0,746,-1.6663094380600318,0.5799682865215551,0.4,0.0,0.35,0.0,0.0,W_slow,55,2.0
149.20000000000002,747,-1.769834442319366,0.6920135496239993,0.4,3.141592653589793,-0.35,0.0,0.0,W_slow,45,2.0
149.4,748,-1.5553459228735111,0.49281254377389694,0.4,3.141592653589793,-0.35,0.0,0.0,W_slow,65,2.0
149.6,749,-1.3763758387997354,0.41431257779833885,0.4,3.141592653589793,-0.35,0.0,0.0,W_slow,80,2.0
149.8,750,-1.4163783183529657,0.3843150573515618,0.4,-1.5707963267948966,0.0,-0.35,0.0,W_slow,80,2.0
150.0,751,-1.4163783183529657,0.3143150573515615,0.4,-1.5707963267948966,0.0,-0.35,0.0,W_slow,80,2.0
150.20000000000002,752,-1.4863754573300167,0.3143121963286123,0.4,3.141592653589793,-0.35,0.0,0.0,W_slow,80,2.0
150.4,753,-1.516378222985534,0.2743149619841293,0.4,-1.5707963267948966,0.0,-0.35,0.0,W_slow,80,2.0
150.6,754,-1.5263760295346,0.21431276853320214,0.4,3.141592653589793,-0.3499999999999999,0.0,0.0,W_slow,80,2.0
150.8,755,-1.5963760295346074,0.21431276853320214,0.4,3.141592653589793,-0.3499999999999999,0.0,0.0,W_slow,80,2.0
151.0,756,-1.6663760295346006,0.21431276853320214,0.4,3.141592653589793,-0.35,0.0,0.0,W_slow,80,2.0
151.20000000000002,757,-1.736376029534608,0.21431276853320214,0.4,3.141592653589793,-0.3499999999999999,0.0,0.0,W_slow,80,2.0
151.4,758,-1.8063760295346083,0.21431276853320214,0.4,3.141592653589793,-0.3499999999999999,0.0,0.0,W_slow,80,2.0
151.6,759,-1.8163784137203973,0.15431515271899798,0.4,-1.5707963267948966,0.0,-0.35,0.0,W_slow,80,2.0
151.8,760,-1.7863811793759123,0.11431238706347557,0.4,0.0,0.3499999999999999,0.0,0.0,W_slow,80,2.0
152.0,761,-1.7163811793759192,0.11431238706347557,0.4,0.0,0.3499999999999999,0.0,0.0,W_slow,80,2.0
152.20000000000002,762,-1.6463811793759118,0.11431238706347557,0.4,0.0,0.35,0.0,0.0,W_slow,80,2.0
152.4,763,-1.5763811793759186,0.11431238706347557,0.4,0.0,0.3499999999999999,0.0,0.0,W_slow,80,2.0
152.6,764,-1.5063811793759183,0.11431238706347557,0.4,0.0,0.35,0.0,0.0,W_slow,80,2.0
152.8,765,-1.436381179375911,0.11431238706347557,0.4,0.0,0.35,0.0,0.0,W_slow,80,2.0
153.0,766,-1.4163783183529657,0.1643095260405235,0.4,1.5707963267948966,0.0,0.35,0.0,W_slow,80,2.0
153.20000000000002,767,-1.4163783183529657,0.19431601102587337,0.4,-1.5707963267948966,0.0,-0.35,0.0,W_slow,80,2.0
153.4,768,-1.4163783183529657,0.12431601102588019,0.4,-1.5707963267948966,0.0,-0.35,0.0,W_slow,80,2.0
153.60000000000002,769,-1.4163783183529657,0.0543160110258728,0.4,-1.5707963267948966,0.0,-0.35,0.0,W_slow,80,2.0
153.8,770,-1.446374312920835,0.014312005593749011,0.4,3.141592653589793,-0.35,0.0,0.0,W_slow,80,2.0
154.0,771,-1.5163743129208354,0.014312005593749011,0.4,3.141592653589793,-0.35,0.0,0.0,W_slow,80,2.0
154.20000000000002,772,-1.5863743129208427,0.014312005593749011,0.4,3.141592653589793,-0.3499999999999999,0.0,0.0,W_slow,80,2.0
154.4,773,-1.656374312920836,0.014312005593749011,0.4,3.141592653589793,-0.35,0.0,0.0,W_slow,80,2.0
154.60000000000002,774,-1.7263743129208433,0.014312005593749011,0.4,3.141592653589793,-0.3499999999999999,0.0,0.0,W_slow,80,2.0
154.8,775,-1.7963743129208365,0.014312005593749011,0.4,3.141592653589793,-0.3499999999999999,0.0,0.0,W_slow,80,2.0
155.0,776,-1.8163784137203973,-0.03568389360669044,0.4,-1.5707963267948966,0.0,-0.35,0.0,W_slow,80,2.0
155.20000000000002,777,-1.7098895073960954,-0.09707436728119867,0.4,0.0,0.3499999999999999,0.0,0.0,W_slow,85,2.0
155.4,778,-1.7263819423153675,-0.08568742220166115,0.4,0.0,0.3499999999999999,0.0,0.0,W_slow,80,2.0
155.60000000000002,779,-1.65638194231536,-0.08568742220166115,0.4,0.0,0.35,0.0,0.0,W_slow,80,2.0
155.8,780,-1.5863819423153669,-0.08568742220166115,0.4,0.0,0.3499999999999999,0.0,0.0,W_slow,80,2.0
156.0,781,-1.5163819423153737,-0.08568742220166115,0.4,0.0,0.3499999999999999,0.0,0.0,W_slow,80,2.0
156.20000000000002,782,-1.4463819423153663,-0.08568742220166115,0.4,0.0,0.35,0.0,0.0,W_slow,80,2.0
156.4,783,-1.4563746943905653,-0.08568742220166115,0.4,3.141592653589793,-0.35,0.0,0.0,W_slow,80,2.0
156.60000000000002,784,-1.5263746943905656,-0.08568742220166115,0.4,3.141592653589793,-0.3499999999999999,0.0,0.0,W_slow,80,2.0
156.8,785,-1.596374694390566,-0.08568742220166115,0.4,3.141592653589793,-0.3499999999999999,0.0,0.0,W_slow,80,2.0
157.0,786,-1.666374694390559,-0.08568742220166115,0.4,3.141592653589793,-0.35,0.0,0.0,W_slow,80,2.0
157.20000000000002,787,-1.7363746943905665,-0.08568742220166115,0.4,3.141592653589793,-0.3499999999999999,0.0,0.0,W_slow,80,2.0
157.4,788,-1.7198822594712873,-0.09707436728119867,0.4,3.141592653589793,-0.3499999999999999,0.0,0.0,W_slow,85,2.0
157.60000000000002,789,-1.8163784137203973,-0.025691141531491435,0.4,1.5707963267948966,0.0,0.35,0.0,W_slow,80,2.0
157.8,790,-1.7863815608456375,0.014312005593749011,0.4,0.0,0.3499999999999999,0.0,0.0,W_slow,80,2.0
158.0,791,-1.7163815608456443,0.014312005593749011,0.4,0.0,0.3499999999999999,0.0,0.0,W_slow,80,2.0
158.20000000000002,792,-1.646381560845637,0.014312005593749011,0.4,0.0,0.35,0.0,0.0,W_slow,80,2.0
158.4,793,-1.5763815608456437,0.014312005593749011,0.4,0.0,0.3499999999999999,0.0,0.0,W_slow,80,2.0
158.60000000000002,794,-1.5063815608456363,0.014312005593749011,0.4,0.0,0.35,0.0,0.0,W_slow,80,2.0
158.8,795,-1.4363815608456432,0.014312005593749011,0.4,0.0,0.35,0.0,0.0,W_slow,80,2.0
159.0,796,-1.4163783183529657,0.06430876310107181,0.4,1.5707963267948966,0.0,0.35,0.0,W_slow,80,2.0
159.20000000000002,797,-1.4363746943905693,0.11431238706347557,0.4,3.141592653589793,-0.35,0.0,0.0,W_slow,80,2.0
159.4,798,-1.5063746943905625,0.11431238706347557,0.4,3.141592653589793,-0.35,0.0,0.0,W_slow,80,2.0
159.60000000000002,799,-1.5763746943905699,0.11431238706347557,0.4,3.141592653589793,-0.3499999999999999,0.0,0.0,W_slow,80,2.0
159.8,800,-1.646374694390563,0.11431238706347557,0.4,3.141592653589793,-0.35,0.0,0.0,W_slow,80,2.0
160.0,801,-1.7163746943905633,0.11431238706347557,0.4,3.141592653589793,-0.35,0.0,0.0,W_slow,80,2.0
160.20000000000002,802,-1.7863746943905636,0.11431238706347557,0.4,3.141592653589793,-0.3499999999999999,0.0,0.0,W_slow,80,2.0
160.4,803,-1.8163784137203973,0.15430866773364216,0.4,1.5707963267948966,0.0,0.35,0.0,W_slow,80,2.0
160.60000000000002,804,-1.806382514519957,0.21431276853320214,0.4,0.0,0.3499999999999999,0.0,0.0,W_slow,80,2.0
160.8,805,-1.7363825145199567,0.21431276853320214,0.4,0.0,0.3499999999999999,0.0,0.0,W_slow,80,2.0
161.0,806,-1.6663825145199636,0.21431276853320214,0.4,0.0,0.35,0.0,0.0,W_slow,80,2.0
161.20000000000002,807,-1.5963825145199562,0.21431276853320214,0.4,0.0,0.3499999999999999,0.0,0.0,W_slow,80,2.0
161.4,808,-1.526382514519963,0.21431276853320214,0.4,0.0,0.3499999999999999,0.0,0.0,W_slow,80,2.0
161.60000000000002,809,-1.516378222985534,0.2743084769987806,0.4,1.5707963267948966,0.0,0.35,0.0,W_slow,80,2.0
161.8,810,-1.4863819423153655,0.3143121963286123,0.4,0.0,0.35,0.0,0.0,W_slow,80,2.0
162.0,811,-1.4163819423153723,0.3143121963286123,0.4,0.0,0.35,0.0,0.0,W_slow,80,2.0
162.20000000000002,812,-1.4163783183529657,0.3843085723662131,0.4,1.5707963267948966,0.0,0.35,0.0,W_slow,80,2.0
162.4,813,-1.456374312920833,0.41431257779833885,0.4,3.141592653589793,-0.35,0.0,0.0,W_slow,80,2.0
162.60000000000002,814,-1.516378222985534,0.4243086677336453,0.4,1.5707963267948966,0.0,0.35,0.0,W_slow,80,2.0
162.8,815,-1.516378222985534,0.49430866773363846,0.4,1.5707963267948966,0.0,0.35,0.0,W_slow,80,2.0
163.0,816,-1.4663815608456443,0.514312005593749,0.4,0.0,0.35,0.0,0.0,W_slow,80,2.0
163.20000000000002,817,-1.396381560845637,0.514312005593749,0.4,0.0,0.35,0.0,0.0,W_slow,80,2.0
163.4,818,-1.3263815608456437,0.514312005593749,0.4,0.0,0.35,0.0,0.0,W_slow,80,2.0
163.60000000000002,819,-1.5053516449194053,0.5928119715693071,0.4,0.0,0.35,0.0,0.0,W_slow,65,2.0
163.8,820,-1.5863098195297587,0.6799677143169652,0.4,0.0,0.35,0.0,0.0,W_slow,55,2.0
164.0,821,-1.6498401643652598,0.7920129774194095,0.4,0.0,0.35,0.0,0.0,W_slow,45,2.0
164.20000000000002,822,-1.691885427467704,0.925543322254911,0.4,0.0,0.35,0.0,0.0,W_slow,35,2.0
164.4,823,-1.7087554491030423,0.9591230964660653,0.4,-1.5707963267948966,0.0,-0.35,0.0,W_slow,30,2.0
164.60000000000002,824,-1.772425431760023,1.0571001874848782,0.4,0.0,0.35,0.0,0.0,W_slow,20,2.0
164.8,825,-1.7286586372631896,1.1403012857080261,0.4,0.0,0.35,0.0,0.0,W_slow,15,2.0
165.0,826,-1.6586586372631964,1.1403012857080261,0.4,0.0,0.35,0.0,0.0,W_slow,15,2.0
165.20000000000002,827,-1.588658637263189,1.1403012857080261,0.4,0.0,0.35,0.0,0.0,W_slow,15,2.0
165.4,828,-1.5375405639863287,1.2254721531436166,0.4,0.0,0.35,0.0,0.0,W_slow,10,2.0
165.60000000000002,829,-1.4675405639863284,1.2254721531436166,0.4,0.0,0.35,0.0,0.0,W_slow,10,2.0
165.8,830,-1.397540563986328,1.2254721531436166,0.4,0.0,0.35,0.0,0.0,W_slow,10,2.0
166.0,831,-1.327540563986335,1.2254721531436166,0.4,0.0,0.35,0.0,0.0,W_slow,10,2.0
166.20000000000002,832,-1.268927509065865,1.3119645880628887,0.4,0.0,0.35,0.0,0.0,W_slow,5,2.0
166.4,833,-1.2389248387777807,1.2719672583509798,0.4,-1.5707963267948966,0.0,-0.35,0.0,W_slow,5,2.0
166.60000000000002,834,-1.252727088928225,1.2991199493408203,0.4,3.141592653589793,-0.35,0.0,0.0,W_slow,0,2.0
166.8,835,-1.3227270889282252,1.2991199493408203,0.4,3.141592653589793,-0.35,0.0,0.0,W_slow,0,2.0
167.0,836,-1.3927270889282184,1.2991199493408203,0.4,3.141592653589793,-0.35,0.0,0.0,W_slow,0,2.0
167.20000000000002,837,-1.4627270889282258,1.2991199493408203,0.4,3.141592653589793,-0.35,0.0,0.0,W_slow,0,2.0
167.4,838,-1.532727088928219,1.2991199493408203,0.4,3.141592653589793,-0.35,0.0,0.0,W_slow,0,2.0
167.60000000000002,839,-1.6027270889282264,1.2991199493408203,0.4,3.141592653589793,-0.35,0.0,0.0,W_slow,0,2.0
167.8,840,-1.668921787019965,1.2119642065931622,0.4,3.141592653589793,-0.35,0.0,0.0,W_slow,5,2.0
168.0,841,-1.7389217870199654,1.2119642065931622,0.4,3.141592653589793,-0.35,0.0,0.0,W_slow,5,2.0
168.20000000000002,842,-1.6689278905355887,1.2119642065931622,0.4,0.0,0.35,0.0,0.0,W_slow,5,2.0
168.4,843,-1.60273319244385,1.2991199493408203,0.4,0.0,0.35,0.0,0.0,W_slow,0,2.0
168.60000000000002,844,-1.5327331924438425,1.2991199493408203,0.4,0.0,0.35,0.0,0.0,W_slow,0,2.0
168.8,845,-1.4627331924438494,1.2991199493408203,0.4,0.0,0.35,0.0,0.0,W_slow,0,2.0
169.0,846,-1.392733192443849,1.2991199493408203,0.4,0.0,0.35,0.0,0.0,W_slow,0,2.0
169.20000000000002,847,-1.3227331924438488,1.2991199493408203,0.4,0.0,0.35,0.0,0.0,W_slow,0,2.0
169.4,848,-1.2527331924438485,1.2991199493408203,0.4,0.0,0.35,0.0,0.0,W_slow,0,2.0
169.60000000000002,849,-1.2389248387777807,1.2719611548353562,0.4,1.5707963267948966,0.0,0.35,0.0,W_slow,5,2.0
169.8,850,-1.2689214055502414,1.3119645880628887,0.4,3.141592653589793,-0.35,0.0,0.0,W_slow,5,2.0
170.0,851,-1.3275344604706971,1.2254721531436166,0.4,3.141592653589793,-0.35,0.0,0.0,W_slow,10,2.0
170.20000000000002,852,-1.3975344604707045,1.2254721531436166,0.4,3.141592653589793,-0.35,0.0,0.0,W_slow,10,2.0
170.4,853,-1.4675344604707048,1.2254721531436166,0.4,3.141592653589793,-0.35,0.0,0.0,W_slow,10,2.0
170.60000000000002,854,-1.537534460470705,1.2254721531436166,0.4,3.141592653589793,-0.35,0.0,0.0,W_slow,10,2.0
170.8,855,-1.5886525337475654,1.1403012857080261,0.4,3.141592653589793,-0.35,0.0,0.0,W_slow,15,2.0
171.0,856,-1.6586525337475586,1.1403012857080261,0.4,3.141592653589793,-0.35,0.0,0.0,W_slow,15,2.0
171.20000000000002,857,-1.728652533747566,1.1403012857080261,0.4,3.141592653589793,-0.35,0.0,0.0,W_slow,15,2.0
171.4,858,-1.7724193282443994,1.0571001874848782,0.4,3.141592653589793,-0.35,0.0,0.0,W_slow,20,2.0
171.60000000000002,859,-1.7087554491030423,0.9591169929504417,0.4,1.5707963267948966,0.0,0.35,0.0,W_slow,30,2.0
171.8,860,-1.6787582147585574,0.999119758605957,0.4,0.0,0.35,0.0,0.0,W_slow,30,2.0
172.0,861,-1.6490405980107754,1.0765014968652575,0.4,0.0,0.35,0.0,0.0,W_slow,25,2.0
172.20000000000002,862,-1.579040598010768,1.0765014968652575,0.4,0.0,0.35,0.0,0.0,W_slow,25,2.0
172.4,863,-1.5424254317600332,1.1570996152802884,0.4,0.0,0.35,0.0,0.0,W_slow,20,2.0
172.60000000000002,864,-1.4724254317600258,1.1570996152802884,0.4,0.0,0.35,0.0,0.0,W_slow,20,2.0
172.8,865,-1.4286586372631924,1.2403007135034363,0.4,0.0,0.35,0.0,0.0,W_slow,15,2.0
173.0,866,-1.3586586372631921,1.2403007135034363,0.4,0.0,0.35,0.0,0.0,W_slow,15,2.0
173.20000000000002,867,-1.2886586372631847,1.2403007135034363,0.4,0.0,0.35,0.0,0.0,W_slow,15,2.0
173.4,868,-1.2186586372631916,1.2403007135034363,0.4,0.0,0.35,0.0,0.0,W_slow,15,2.0
173.60000000000002,869,-1.167540563986324,1.3254715809390267,0.4,0.0,0.35,0.0,0.0,W_slow,10,2.0
173.8,870,-1.108656062342535,1.2702981385827803,0.4,1.5707963267948966,0.0,0.35,0.0,W_slow,15,2.0
174.0,871,-1.0824228568393752,1.2570970403596327,0.4,1.5707963267948966,0.0,0.35,0.0,W_slow,20,2.0
174.20000000000002,872,-1.0124258132297572,1.257099996750015,0.4,0.0,0.35,0.0,0.0,W_slow,20,2.0
174.4,873,-0.9424258132297569,1.257099996750015,0.4,0.0,0.35,0.0,0.0,W_slow,20,2.0
174.60000000000002,874,-0.8724258132297495,1.257099996750015,0.4,0.0,0.35,0.0,0.0,W_slow,20,2.0
174.8,875,-0.8024258132297564,1.257099996750015,0.4,0.0,0.35,0.0,0.0,W_slow,20,2.0
175.0,876,-0.7324258132297632,1.257099996750015,0.4,0.0,0.35,0.0,0.0,W_slow,20,2.0
175.20000000000002,877,-0.6824227614719436,1.2770969449922027,0.4,1.5707963267948966,0.0,0.35,0.0,W_slow,20,2.0
175.4,878,-0.6490379277226851,1.2664988265771722,0.4,1.5707963267948966,0.0,0.35,0.0,W_slow,25,2.0
175.60000000000002,879,-0.5890413609502233,1.2765022598047107,0.4,0.0,0.35,0.0,0.0,W_slow,25,2.0
175.8,880,-0.519041360950223,1.2765022598047107,0.4,0.0,0.35,0.0,0.0,W_slow,25,2.0
176.0,881,-0.44904136095022984,1.2765022598047107,0.4,0.0,0.35,0.0,0.0,W_slow,25,2.0
176.20000000000002,882,-0.37904136095022245,1.2765022598047107,0.4,0.0,0.35,0.0,0.0,W_slow,25,2.0
176.4,883,-0.30904136095022927,1.2765022598047107,0.4,0.0,0.35,0.0,0.0,W_slow,25,2.0
176.60000000000002,884,-0.24903783235525345,1.2864987312097422,0.4,1.5707963267948966,0.0,0.35,0.0,W_slow,25,2.0
176.8,885,-0.20875544910304222,1.279116992950442,0.4,1.5707963267948966,0.0,0.35,0.0,W_slow,30,2.0
177.0,886,-0.15875840549342735,1.2991199493408203,0.4,0.0,0.35,0.0,0.0,W_slow,30,2.0
177.20000000000002,887,-0.08875840549341996,1.2991199493408203,0.4,0.0,0.35,0.0,0.0,W_slow,30,2.0
177.4,888,-0.018758405493426777,1.2991199493408203,0.4,0.0,0.35,0.0,0.0,W_slow,30,2.0
177.60000000000002,889,0.05124159450658061,1.2991199493408203,0.4,0.0,0.35,0.0,0.0,W_slow,30,2.0
177.8,890,0.12124159450657379,1.2991199493408203,0.4,0.0,0.35,0.0,0.0,W_slow,30,2.0
178.0,891,0.09134117200194447,1.5403009042382996,0.4,0.0,0.35,0.0,0.0,W_slow,15,2.0
178.20000000000002,892,0.23811800575983633,1.2955404612319663,0.4,1.5707963267948966,0.0,0.35,0.0,W_slow,35,2.0
178.4,893,0.3312221737023088,1.2563327211240076,0.4,0.0,0.35,0.0,0.0,W_slow,40,2.0
178.60000000000002,894,0.30124121303685547,1.3991203308105469,0.4,0.0,0.35,0.0,0.0,W_slow,30,2.0
178.8,895,0.3309588297846374,1.4765020690698474,0.4,0.0,0.35,0.0,0.0,W_slow,25,2.0
179.0,896,0.3675739960353792,1.5571001874848782,0.4,0.0,0.35,0.0,0.0,W_slow,20,2.0
179.20000000000002,897,2.143311059940266,1.2563327211240074,0.4,0.0,0.35,0.0,0.0,W_slow,140,2.0
179.4,898,2.213311059940266,1.2563327211240074,0.4,0.0,0.35,0.0,0.0,W_slow,140,2.0
179.60000000000002,899,2.2833110599402735,1.2563327211240074,0.4,0.0,0.35,0.0,0.0,W_slow,140,2.0
179.8,900,2.3533110599402667,1.2563327211240074,0.4,0.0,0.35,0.0,0.0,W_slow,140,2.0
180.0,901,2.42331105994026,1.2563327211240074,0.4,0.0,0.35,0.0,0.0,W_slow,140,2.0
180.20000000000002,902,2.4933110599402672,1.2563327211240074,0.4,0.0,0.35,0.0,0.0,W_slow,140,2.0
180.4,903,2.5633110599402675,1.2563327211240074,0.4,0.0,0.35,0.0,0.0,W_slow,140,2.0
180.60000000000002,904,2.633311059940268,1.2563327211240074,0.4,0.0,0.35,0.0,0.0,W_slow,140,2.0
180.8,905,2.703311059940268,1.2563327211240074,0.4,0.0,0.35,0.0,0.0,W_slow,140,2.0
181.0,906,2.6733171634558976,1.2563327211240074,0.4,3.141592653589793,-0.35,0.0,0.0,W_slow,140,2.0
181.20000000000002,907,2.676421808235525,1.30554685084988,0.4,-1.5707963267948966,0.0,-0.35,0.0,W_slow,145,2.0
181.4,908,2.723295167730972,1.3091232872009329,0.4,-1.5707963267948966,0.0,-0.35,0.0,W_slow,150,2.0
181.60000000000002,909,2.663298505591077,1.2991199493408203,0.4,3.141592653589793,-0.35,0.0,0.0,W_slow,150,2.0
181.8,910,2.593298505591077,1.2991199493408203,0.4,3.141592653589793,-0.35,0.0,0.0,W_slow,150,2.0
182.0,911,2.5232985055910837,1.2991199493408203,0.4,3.141592653589793,-0.35,0.0,0.0,W_slow,150,2.0
182.20000000000002,912,2.4532985055910763,1.2991199493408203,0.4,3.141592653589793,-0.35,0.0,0.0,W_slow,150,2.0
182.4,913,2.383298505591083,1.2991199493408203,0.4,3.141592653589793,-0.35,0.0,0.0,W_slow,150,2.0
182.60000000000002,914,2.3132985055910757,1.2991199493408203,0.4,3.141592653589793,-0.35,0.0,0.0,W_slow,150,2.0
182.8,915,2.2432985055910826,1.2991199493408203,0.4,3.141592653589793,-0.35,0.0,0.0,W_slow,150,2.0
183.0,916,0.3110784037148979,1.7119642065931622,0.4,3.141592653589793,-0.35,0.0,0.0,W_slow,5,2.0
183.20000000000002,917,0.24107840371489053,1.7119642065931622,0.4,3.141592653589793,-0.35,0.0,0.0,W_slow,5,2.0
183.4,918,0.18246534879443488,1.62547177167389,0.4,3.141592653589793,-0.35,0.0,0.0,W_slow,10,2.0
183.60000000000002,919,0.22107210946441191,1.7119642065931622,0.4,0.0,0.35,0.0,0.0,W_slow,5,2.0
183.8,920,0.2910721094644051,1.7119642065931622,0.4,0.0,0.35,0.0,0.0,W_slow,5,2.0
184.0,921,2.2232922113405826,1.2991199493408203,0.4,0.0,0.35,0.0,0.0,W_slow,150,2.0
184.20000000000002,922,2.29329221134059,1.2991199493408203,0.4,0.0,0.35,0.0,0.0,W_slow,150,2.0
184.4,923,2.363292211340583,1.2991199493408203,0.4,0.0,0.35,0.0,0.0,W_slow,150,2.0
184.60000000000002,924,2.423295453833267,1.2891231918334967,0.4,-1.5707963267948966,0.0,-0.35,0.0,W_slow,150,2.0
184.8,925,2.463577837085478,1.2965049300927898,0.4,-1.5707963267948966,0.0,-0.35,0.0,W_slow,155,2.0
185.0,926,2.5135751667973922,1.2765022598047107,0.4,0.0,0.35,0.0,0.0,W_slow,155,2.0
185.20000000000002,927,2.5835751667973996,1.2765022598047107,0.4,0.0,0.35,0.0,0.0,W_slow,155,2.0
185.4,928,2.653575166797393,1.2765022598047107,0.4,0.0,0.35,0.0,0.0,W_slow,155,2.0
185.60000000000002,929,2.7235751667974,1.2765022598047107,0.4,0.0,0.35,0.0,0.0,W_slow,155,2.0
185.8,930,2.7969623847324416,1.3271027624055312,0.4,-1.5707963267948966,0.0,-0.35,0.0,W_slow,160,2.0
186.0,931,2.7969623847324416,1.257102762405538,0.4,-1.5707963267948966,0.0,-0.35,0.0,W_slow,160,2.0
186.20000000000002,932,2.7269651503879575,1.2570999967500147,0.4,3.141592653589793,-0.35,0.0,0.0,W_slow,160,2.0
186.4,933,2.736959809811782,1.2570999967500147,0.4,0.0,0.35,0.0,0.0,W_slow,160,2.0
186.60000000000002,934,2.7969623847324416,1.2670974218293627,0.4,1.5707963267948966,0.0,0.35,0.0,W_slow,160,2.0
186.8,935,2.7635775509831833,1.2564993034143253,0.4,1.5707963267948966,0.0,0.35,0.0,W_slow,155,2.0
187.0,936,2.7135805073735613,1.2765022598047107,0.4,3.141592653589793,-0.35,0.0,0.0,W_slow,155,2.0
187.20000000000002,937,2.643580507373568,1.2765022598047107,0.4,3.141592653589793,-0.35,0.0,0.0,W_slow,155,2.0
187.4,938,2.5735805073735607,1.2765022598047107,0.4,3.141592653589793,-0.35,0.0,0.0,W_slow,155,2.0
187.60000000000002,939,2.5035805073735533,1.2765022598047107,0.4,3.141592653589793,-0.35,0.0,0.0,W_slow,155,2.0
187.8,940,2.463577837085478,1.3064995895166287,0.4,1.5707963267948966,0.0,0.35,0.0,W_slow,155,2.0
188.0,941,2.423295453833267,1.2991178512573214,0.4,1.5707963267948966,0.0,0.35,0.0,W_slow,150,2.0
188.20000000000002,942,2.4932933557497754,1.2991199493408203,0.4,0.0,0.35,0.0,0.0,W_slow,150,2.0
188.4,943,2.5632933557497686,1.2991199493408203,0.4,0.0,0.35,0.0,0.0,W_slow,150,2.0
188.60000000000002,944,2.633293355749776,1.2991199493408203,0.4,0.0,0.35,0.0,0.0,W_slow,150,2.0
188.8,945,2.703293355749769,1.2991199493408203,0.4,0.0,0.35,0.0,0.0,W_slow,150,2.0
189.0,946,2.676421808235525,1.2755417010085646,0.4,1.5707963267948966,0.0,0.35,0.0,W_slow,145,2.0
189.20000000000002,947,2.60331640051644,1.2563327211240074,0.4,3.141592653589793,-0.35,0.0,0.0,W_slow,140,2.0
189.4,948,2.533316400516447,1.2563327211240074,0.4,3.141592653589793,-0.35,0.0,0.0,W_slow,140,2.0
189.60000000000002,949,2.4633164005164394,1.2563327211240074,0.4,3.141592653589793,-0.35,0.0,0.0,W_slow,140,2.0
189.8,950,2.393316400516432,1.2563327211240074,0.4,3.141592653589793,-0.35,0.0,0.0,W_slow,140,2.0
190.0,951,2.323316400516439,1.2563327211240074,0.4,3.141592653589793,-0.35,0.0,0.0,W_slow,140,2.0
190.20000000000002,952,2.2533164005164315,1.2563327211240074,0.4,3.141592653589793,-0.35,0.0,0.0,W_slow,140,2.0
190.4,953,2.1833164005164383,1.2563327211240074,0.4,3.141592653589793,-0.35,0.0,0.0,W_slow,140,2.0
190.60000000000002,954,2.113316400516431,1.2563327211240074,0.4,3.141592653589793,-0.35,0.0,0.0,W_slow,140,2.0
190.8,955,0.3375793366115514,1.5571001874848782,0.4,3.141592653589793,-0.35,0.0,0.0,W_slow,20,2.0
191.0,956,0.3009641703608167,1.4765020690698474,0.4,3.141592653589793,-0.35,0.0,0.0,W_slow,25,2.0
191.20000000000002,957,0.2712465536130205,1.3991203308105469,0.4,3.141592653589793,-0.35,0.0,0.0,W_slow,30,2.0
191.4,958,0.30122751427848804,1.2563327211240076,0.4,3.141592653589793,-0.35,0.0,0.0,W_slow,40,2.0
191.60000000000002,959,0.19124464626438942,1.3391222381591774,0.4,-1.5707963267948966,0.0,-0.35,0.0,W_slow,30,2.0
191.8,960,0.08757971808128362,1.4570998060151517,0.4,3.141592653589793,-0.35,0.0,0.0,W_slow,20,2.0
192.0,961,0.09124693508276016,1.2991199493408203,0.4,3.141592653589793,-0.35,0.0,0.0,W_slow,30,2.0
192.20000000000002,962,0.02124693508275277,1.2991199493408203,0.4,3.141592653589793,-0.35,0.0,0.0,W_slow,30,2.0
192.4,963,-0.04875306491725462,1.2991199493408203,0.4,3.141592653589793,-0.35,0.0,0.0,W_slow,30,2.0
192.60000000000002,964,-0.10875554447047386,1.2891224288940464,0.4,-1.5707963267948966,0.0,-0.35,0.0,W_slow,30,2.0
192.8,965,-0.1490379277226851,1.2965041671533395,0.4,-1.5707963267948966,0.0,-0.35,0.0,W_slow,25,2.0
193.0,966,-0.1490379277226851,1.326500352456075,0.4,1.5707963267948966,0.0,0.35,0.0,W_slow,25,2.0
193.20000000000002,967,-0.12875420932643544,1.2991199493408203,0.4,3.141592653589793,-0.35,0.0,0.0,W_slow,30,2.0
193.4,968,-0.19875420932642862,1.2991199493408203,0.4,3.141592653589793,-0.35,0.0,0.0,W_slow,30,2.0
193.60000000000002,969,-0.24903783235525345,1.316502927376727,0.4,-1.5707963267948966,0.0,-0.35,0.0,W_slow,25,2.0
193.8,970,-0.27903716478323026,1.2765022598047107,0.4,3.141592653589793,-0.35,0.0,0.0,W_slow,25,2.0
194.0,971,-0.34903716478322344,1.2765022598047107,0.4,3.141592653589793,-0.35,0.0,0.0,W_slow,25,2.0
194.20000000000002,972,-0.41903716478323083,1.2765022598047107,0.4,3.141592653589793,-0.35,0.0,0.0,W_slow,25,2.0
194.4,973,-0.48242295220680687,1.3171013318940659,0.4,-1.5707963267948966,0.0,-0.35,0.0,W_slow,20,2.0
194.60000000000002,974,-0.49242161706276333,1.257099996750015,0.4,3.141592653589793,-0.35,0.0,0.0,W_slow,20,2.0
194.8,975,-0.5624216170627565,1.257099996750015,0.4,3.141592653589793,-0.35,0.0,0.0,W_slow,20,2.0
195.0,976,-0.5324240966159866,1.257099996750015,0.4,0.0,0.35,0.0,0.0,W_slow,20,2.0
195.20000000000002,977,-0.48242295220680687,1.2770988523408426,0.4,1.5707963267948966,0.0,0.35,0.0,W_slow,20,2.0
195.4,978,-0.4490381184575484,1.266500733925805,0.4,1.5707963267948966,0.0,0.35,0.0,W_slow,25,2.0
195.60000000000002,979,-0.5090365925786501,1.2765022598047107,0.4,3.141592653589793,-0.35,0.0,0.0,W_slow,25,2.0
195.8,980,-0.5790365925786433,1.2765022598047107,0.4,3.141592653589793,-0.35,0.0,0.0,W_slow,25,2.0
196.0,981,-0.6490365925786364,1.2765022598047107,0.4,3.141592653589793,-0.35,0.0,0.0,W_slow,25,2.0
196.20000000000002,982,-0.6824227614719436,1.2871017133637828,0.4,-1.5707963267948966,0.0,-0.35,0.0,W_slow,20,2.0
196.4,983,-0.7224210448581689,1.257099996750015,0.4,3.141592653589793,-0.35,0.0,0.0,W_slow,20,2.0
196.60000000000002,984,-0.7924210448581763,1.257099996750015,0.4,3.141592653589793,-0.35,0.0,0.0,W_slow,20,2.0
196.8,985,-0.8624210448581695,1.257099996750015,0.4,3.141592653589793,-0.35,0.0,0.0,W_slow,20,2.0
197.0,986,-0.9324210448581627,1.257099996750015,0.4,3.141592653589793,-0.35,0.0,0.0,W_slow,20,2.0
197.20000000000002,987,-0.9824229522068069,1.2770980894013781,0.4,1.5707963267948966,0.0,0.35,0.0,W_slow,20,2.0
197.4,988,-0.9490381184575484,1.2664999709863547,0.4,1.5707963267948966,0.0,0.35,0.0,W_slow,25,2.0
197.60000000000002,989,-0.8890404072759112,1.2765022598047107,0.4,0.0,0.35,0.0,0.0,W_slow,25,2.0
197.8,990,-0.8190404072759038,1.2765022598047107,0.4,0.0,0.35,0.0,0.0,W_slow,25,2.0
198.0,991,-0.7490404072759106,1.2765022598047107,0.4,0.0,0.35,0.0,0.0,W_slow,25,2.0
198.20000000000002,992,-0.7087554491030422,1.2691179466247604,0.4,1.5707963267948966,0.0,0.35,0.0,W_slow,30,2.0
198.4,993,-0.668757451819109,1.2991199493408203,0.4,0.0,0.35,0.0,0.0,W_slow,30,2.0
198.60000000000002,994,-0.5987574518191016,1.2991199493408203,0.4,0.0,0.35,0.0,0.0,W_slow,30,2.0
198.8,995,-0.5287574518191084,1.2991199493408203,0.4,0.0,0.35,0.0,0.0,W_slow,30,2.0
199.0,996,-0.4587574518191152,1.2991199493408203,0.4,0.0,0.35,0.0,0.0,W_slow,30,2.0
199.20000000000002,997,-0.3887574518191078,1.2991199493408203,0.4,0.0,0.35,0.0,0.0,W_slow,30,2.0
199.4,998,-0.31875745181911463,1.2991199493408203,0.4,0.0,0.35,0.0,0.0,W_slow,30,2.0
199.60000000000002,999,-0.2618819942401637,1.2855414149062776,0.4,1.5707963267948966,0.0,0.35,0.0,W_slow,35,2.0
199.8,1000,-0.17877687262337993,1.2563327211240076,0.4,0.0,0.35,0.0,0.0,W_slow,40,2.0
200.0,1001,-0.10877687262337254,1.2563327211240076,0.4,0.0,0.35,0.0,0.0,W_slow,40,2.0
200.20000000000002,1002,-0.038776872623365155,1.2563327211240076,0.4,0.0,0.35,0.0,0.0,W_slow,40,2.0
200.4,1003,0.031223127376628024,1.2563327211240076,0.4,0.0,0.35,0.0,0.0,W_slow,40,2.0
200.60000000000002,1004,0.10122312737663541,1.2563327211240076,0.4,0.0,0.35,0.0,0.0,W_slow,40,2.0
200.8,1005,0.1712231273766286,1.2563327211240076,0.4,0.0,0.35,0.0,0.0,W_slow,40,2.0
201.0,1006,0.19122522546012355,1.3063306230405058,0.4,1.5707963267948966,0.0,0.35,0.0,W_slow,40,2.0
201.20000000000002,1007,0.27016136151364945,1.2920129774194096,0.4,0.0,0.35,0.0,0.0,W_slow,45,2.0
201.4,1008,0.3401613615136426,1.2920129774194096,0.4,0.0,0.35,0.0,0.0,W_slow,45,2.0
201.60000000000002,1009,0.41016136151365,1.2920129774194096,0.4,0.0,0.35,0.0,0.0,W_slow,45,2.0
201.8,1010,0.42122369958121275,1.3563321489194178,0.4,0.0,0.35,0.0,0.0,W_slow,40,2.0
202.0,1011,0.43811609841119215,1.425543322254911,0.4,0.0,0.35,0.0,0.0,W_slow,35,2.0
202.20000000000002,1012,0.4612427389157526,1.499119758605957,0.4,0.0,0.35,0.0,0.0,W_slow,30,2.0
202.4,1013,0.4909603556635488,1.5765014968652575,0.4,0.0,0.35,0.0,0.0,W_slow,25,2.0
202.60000000000002,1014,2.1743749238867394,1.2920129774194096,0.4,0.0,0.35,0.0,0.0,W_slow,135,2.0
202.8,1015,2.2443749238867468,1.2920129774194096,0.4,0.0,0.35,0.0,0.0,W_slow,135,2.0
203.0,1016,2.31437492388674,1.2920129774194096,0.4,0.0,0.35,0.0,0.0,W_slow,135,2.0
203.20000000000002,1017,2.3843749238867473,1.2920129774194096,0.4,0.0,0.35,0.0,0.0,W_slow,135,2.0
203.4,1018,2.4543749238867405,1.2920129774194096,0.4,0.0,0.35,0.0,0.0,W_slow,135,2.0
203.60000000000002,1019,2.524374923886748,1.2920129774194096,0.4,0.0,0.35,0.0,0.0,W_slow,135,2.0
203.8,1020,2.594374923886741,1.2920129774194096,0.4,0.0,0.35,0.0,0.0,W_slow,135,2.0
204.0,1021,2.6643749238867342,1.2920129774194096,0.4,0.0,0.35,0.0,0.0,W_slow,135,2.0
204.20000000000002,1022,2.7343749238867416,1.2920129774194096,0.4,0.0,0.35,0.0,0.0,W_slow,135,2.0
204.4,1023,2.7000576597353674,1.2730734081383384,0.4,1.5707963267948966,0.0,0.35,0.0,W_slow,130,2.0
204.60000000000002,1024,2.620848775218234,1.279968095786692,0.4,3.141592653589793,-0.35,0.0,0.0,W_slow,125,2.0
204.8,1025,2.550848775218241,1.279968095786692,0.4,3.141592653589793,-0.35,0.0,0.0,W_slow,125,2.0
205.0,1026,2.4808487752182335,1.279968095786692,0.4,3.141592653589793,-0.35,0.0,0.0,W_slow,125,2.0
205.20000000000002,1027,2.410848775218226,1.279968095786692,0.4,3.141592653589793,-0.35,0.0,0.0,W_slow,125,2.0
205.4,1028,2.340848775218233,1.279968095786692,0.4,3.141592653589793,-0.35,0.0,0.0,W_slow,125,2.0
205.60000000000002,1029,2.2708487752182256,1.279968095786692,0.4,3.141592653589793,-0.35,0.0,0.0,W_slow,125,2.0
205.8,1030,2.2008487752182324,1.279968095786692,0.4,3.141592653589793,-0.35,0.0,0.0,W_slow,125,2.0
206.0,1031,2.1308487752182392,1.279968095786692,0.4,3.141592653589793,-0.35,0.0,0.0,W_slow,125,2.0
206.20000000000002,1032,2.060848775218232,1.279968095786692,0.4,3.141592653589793,-0.35,0.0,0.0,W_slow,125,2.0
206.4,1033,0.5981202945782008,1.5255437037246375,0.4,3.141592653589793,-0.35,0.0,0.0,W_slow,35,2.0
206.60000000000002,1034,0.5281202945781934,1.5255437037246375,0.4,3.141592653589793,-0.35,0.0,0.0,W_slow,35,2.0
206.8,1035,0.511227895748214,1.4563325303891443,0.4,3.141592653589793,-0.35,0.0,0.0,W_slow,40,2.0
207.0,1036,0.5001655576806513,1.3920133588891361,0.4,3.141592653589793,-0.35,0.0,0.0,W_slow,45,2.0
207.20000000000002,1037,0.4944847291806521,1.3330756969567057,0.4,3.141592653589793,-0.35,0.0,0.0,W_slow,50,2.0
207.4,1038,0.49369590251613804,1.2799680957866917,0.4,3.141592653589793,-0.35,0.0,0.0,W_slow,55,2.0
207.60000000000002,1039,0.42369590251614486,1.2799680957866917,0.4,3.141592653589793,-0.35,0.0,0.0,W_slow,55,2.0
207.8,1040,0.3536959025161375,1.2799680957866917,0.4,3.141592653589793,-0.35,0.0,0.0,W_slow,55,2.0
208.0,1041,0.2836959025161443,1.2799680957866917,0.4,3.141592653589793,-0.35,0.0,0.0,W_slow,55,2.0
208.20000000000002,1042,0.21448215425999384,1.2630782718773554,0.4,-1.5707963267948966,0.0,-0.35,0.0,W_slow,50,2.0
208.4,1043,0.11016593915036876,1.2920129774194096,0.4,3.141592653589793,-0.35,0.0,0.0,W_slow,45,2.0
208.60000000000002,1044,0.040165939150361374,1.2920129774194096,0.4,3.141592653589793,-0.35,0.0,0.0,W_slow,45,2.0
208.8,1045,-0.029834060849631805,1.2920129774194096,0.4,3.141592653589793,-0.35,0.0,0.0,W_slow,45,2.0
209.0,1046,-0.09983406084962498,1.2920129774194096,0.4,3.141592653589793,-0.35,0.0,0.0,W_slow,45,2.0
209.20000000000002,1047,-0.16983406084963237,1.2920129774194096,0.4,3.141592653589793,-0.35,0.0,0.0,W_slow,45,2.0
209.4,1048,-0.23983406084962555,1.2920129774194096,0.4,3.141592653589793,-0.35,0.0,0.0,W_slow,45,2.0
209.60000000000002,1049,-0.30877477453987645,1.2963352006772308,0.4,-1.5707963267948966,0.0,-0.35,0.0,W_slow,40,2.0
209.8,1050,-0.3387722949866464,1.2563327211240076,0.4,3.141592653589793,-0.35,0.0,0.0,W_slow,40,2.0
210.0,1051,-0.4087722949866538,1.2563327211240076,0.4,3.141592653589793,-0.35,0.0,0.0,W_slow,40,2.0
210.20000000000002,1052,-0.4787722949866612,1.2563327211240076,0.4,3.141592653589793,-0.35,0.0,0.0,W_slow,40,2.0
210.4,1053,-0.5487722949866544,1.2563327211240076,0.4,3.141592653589793,-0.35,0.0,0.0,W_slow,40,2.0
210.60000000000002,1054,-0.6187722949866618,1.2563327211240076,0.4,3.141592653589793,-0.35,0.0,0.0,W_slow,40,2.0
210.8,1055,-0.6887722949866549,1.2563327211240076,0.4,3.141592653589793,-0.35,0.0,0.0,W_slow,40,2.0
211.0,1056,-0.7618819942401637,1.2755459925430026,0.4,-1.5707963267948966,0.0,-0.35,0.0,W_slow,35,2.0
211.20000000000002,1057,-0.8287528741823896,1.2991199493408203,0.4,3.141592653589793,-0.35,0.0,0.0,W_slow,30,2.0
211.4,1058,-0.8987528741823828,1.2991199493408203,0.4,3.141592653589793,-0.35,0.0,0.0,W_slow,30,2.0
211.60000000000002,1059,-0.9687528741823902,1.2991199493408203,0.4,3.141592653589793,-0.35,0.0,0.0,W_slow,30,2.0
211.8,1060,-1.0087556398379056,1.2691227149963424,0.4,-1.5707963267948966,0.0,-0.35,0.0,W_slow,30,2.0
212.0,1061,-1.0490380230901168,1.2765044532556498,0.4,-1.5707963267948966,0.0,-0.35,0.0,W_slow,25,2.0
212.20000000000002,1062,-1.1190358296391851,1.2765022598047107,0.4,3.141592653589793,-0.35,0.0,0.0,W_slow,25,2.0
212.4,1063,-1.1824227614719436,1.3171024763032342,0.4,-1.5707963267948966,0.0,-0.35,0.0,W_slow,20,2.0
212.60000000000002,1064,-1.1924202819187175,1.257099996750015,0.4,3.141592653589793,-0.35,0.0,0.0,W_slow,20,2.0
212.8,1065,-1.262420281918725,1.257099996750015,0.4,3.141592653589793,-0.35,0.0,0.0,W_slow,20,2.0
213.0,1066,-1.332420281918718,1.257099996750015,0.4,3.141592653589793,-0.35,0.0,0.0,W_slow,20,2.0
213.20000000000002,1067,-1.369035448169467,1.176501878334984,0.4,3.141592653589793,-0.35,0.0,0.0,W_slow,25,2.0
213.4,1068,-1.4390354481694603,1.176501878334984,0.4,3.141592653589793,-0.35,0.0,0.0,W_slow,25,2.0
213.60000000000002,1069,-1.4687530649172564,1.0991201400756836,0.4,3.141592653589793,-0.35,0.0,0.0,W_slow,30,2.0
213.8,1070,-1.5387530649172496,1.0991201400756836,0.4,3.141592653589793,-0.35,0.0,0.0,W_slow,30,2.0
214.0,1071,-1.5618797054217959,1.0255437037246375,0.4,3.141592653589793,-0.35,0.0,0.0,W_slow,35,2.0
214.20000000000002,1072,-1.5787721042517893,0.9563325303891443,0.4,3.141592653589793,-0.35,0.0,0.0,W_slow,40,2.0
214.4,1073,-1.589834442319352,0.892013358889136,0.4,3.141592653589793,-0.35,0.0,0.0,W_slow,45,2.0
214.60000000000002,1074,-1.526304097483858,0.7799680957866918,0.4,3.141592653589793,-0.35,0.0,0.0,W_slow,55,2.0
214.8,1075,-1.522727661132805,0.733094736291245,0.4,3.141592653589793,-0.35,0.0,0.0,W_slow,60,2.0
215.0,1076,-1.4347478044584814,0.6594275192897753,0.4,3.141592653589793,-0.35,0.0,0.0,W_slow,70,2.0
215.20000000000002,1077,-1.3363758387997504,0.6143123870634756,0.4,3.141592653589793,-0.35,0.0,0.0,W_slow,80,2.0
215.4,1078,-1.4063758387997436,0.6143123870634756,0.4,3.141592653589793,-0.35,0.0,0.0,W_slow,80,2.0
215.60000000000002,1079,-1.4163783183529657,0.6743099075102609,0.4,1.5707963267948966,0.0,0.35,0.0,W_slow,80,2.0
215.8,1080,-1.3863811793759138,0.7143127685332021,0.4,0.0,0.35,0.0,0.0,W_slow,80,2.0
216.0,1081,-1.3163811793759206,0.7143127685332021,0.4,0.0,0.35,0.0,0.0,W_slow,80,2.0
216.20000000000002,1082,-1.3315520468115034,0.7331946952563418,0.4,0.0,0.35,0.0,0.0,W_slow,75,2.0
216.4,1083,-1.425351263449689,0.7928127345087602,0.4,0.0,0.35,0.0,0.0,W_slow,65,2.0
216.60000000000002,1084,-1.432733001708982,0.8330951177609716,0.4,0.0,0.35,0.0,0.0,W_slow,60,2.0
216.8,1085,-1.5055206113955282,0.9330760784264321,0.4,0.0,0.35,0.0,0.0,W_slow,50,2.0
217.0,1086,-1.4998397828955432,0.9920137403588626,0.4,0.0,0.35,0.0,0.0,W_slow,45,2.0
217.20000000000002,1087,-1.4887774448279663,1.056332911858871,0.4,0.0,0.35,0.0,0.0,W_slow,40,2.0
217.4,1088,-1.4187774448279589,1.056332911858871,0.4,0.0,0.35,0.0,0.0,W_slow,40,2.0
217.60000000000002,1089,-1.4018850459979797,1.125544085194364,0.4,0.0,0.35,0.0,0.0,W_slow,35,2.0
217.8,1090,-1.3787584054934192,1.1991205215454102,0.4,0.0,0.35,0.0,0.0,W_slow,30,2.0
218.0,1091,-1.308758405493426,1.1991205215454102,0.4,0.0,0.35,0.0,0.0,W_slow,30,2.0
218.20000000000002,1092,-1.2790407887456299,1.2765022598047107,0.4,0.0,0.35,0.0,0.0,W_slow,25,2.0
218.4,1093,-1.2087554491030423,1.239117565155027,0.4,1.5707963267948966,0.0,0.35,0.0,W_slow,30,2.0
218.60000000000002,1094,-1.1987578332888282,1.2991199493408203,0.4,0.0,0.35,0.0,0.0,W_slow,30,2.0
218.8,1095,-1.128757833288835,1.2991199493408203,0.4,0.0,0.35,0.0,0.0,W_slow,30,2.0
219.0,1096,-1.061882184975027,1.2755412241714064,0.4,1.5707963267948966,0.0,0.35,0.0,W_slow,35,2.0
219.20000000000002,1097,-0.9887772540931002,1.2563327211240076,0.4,0.0,0.35,0.0,0.0,W_slow,40,2.0
219.4,1098,-0.9187772540931071,1.2563327211240076,0.4,0.0,0.35,0.0,0.0,W_slow,40,2.0
219.60000000000002,1099,-0.8487772540930997,1.2563327211240076,0.4,0.0,0.35,0.0,0.0,W_slow,40,2.0
219.8,1100,-0.8087747745398765,1.2863302415707776,0.4,1.5707963267948966,0.0,0.35,0.0,W_slow,40,2.0
220.0,1101,-0.749837112607446,1.2920110700707768,0.4,1.5707963267948966,0.0,0.35,0.0,W_slow,45,2.0
220.20000000000002,1102,-0.6798390199560714,1.2920129774194096,0.4,0.0,0.35,0.0,0.0,W_slow,45,2.0
220.4,1103,-0.6098390199560783,1.2920129774194096,0.4,0.0,0.35,0.0,0.0,W_slow,45,2.0
220.60000000000002,1104,-0.5398390199560709,1.2920129774194096,0.4,0.0,0.35,0.0,0.0,W_slow,45,2.0
220.8,1105,-0.4698390199560777,1.2920129774194096,0.4,0.0,0.35,0.0,0.0,W_slow,45,2.0
221.0,1106,-0.3998390199560845,1.2920129774194096,0.4,0.0,0.35,0.0,0.0,W_slow,45,2.0
221.20000000000002,1107,-0.28551784574000616,1.2530733127709164,0.4,1.5707963267948966,0.0,0.35,0.0,W_slow,50,2.0
221.4,1108,-0.21630667240451285,1.2699657116008956,0.4,1.5707963267948966,0.0,0.35,0.0,W_slow,55,2.0
221.60000000000002,1109,-0.1563090565903016,1.2799680957866917,0.4,0.0,0.35,0.0,0.0,W_slow,55,2.0
221.8,1110,-0.08630905659030841,1.2799680957866917,0.4,0.0,0.35,0.0,0.0,W_slow,55,2.0
222.0,1111,-0.01630905659031523,1.2799680957866917,0.4,0.0,0.35,0.0,0.0,W_slow,55,2.0
222.20000000000002,1112,0.05369094340969216,1.2799680957866917,0.4,0.0,0.35,0.0,0.0,W_slow,55,2.0
222.4,1113,0.12369094340969955,1.2799680957866917,0.4,0.0,0.35,0.0,0.0,W_slow,55,2.0
222.60000000000002,1114,0.1836934229629188,1.2899656162334656,0.4,1.5707963267948966,0.0,0.35,0.0,W_slow,55,2.0
222.8,1115,0.3346515975732654,1.2728098734858149,0.4,1.5707963267948966,0.0,0.35,0.0,W_slow,65,2.0
