cell_index,log_odds,confidence,omega,aux_weight,distance_from_robot,propagation_x,propagation_y,probability
0,-0.84729786038720356,0,0,-1,0,0,0,0.30000000000000004
1,-0.84729786038720356,0,0,-1,0,0,0,0.30000000000000004
2,-0.84729786038720356,0,0,-1,0,0,0,0.30000000000000004
3,-0.84729786038720356,0,0,-1,0,0,0,0.30000000000000004
4,-0.84729786038720356,0,0,-1,0,0,0,0.30000000000000004
5,-0.84729786038720356,0,0,-1,0,0,0,0.30000000000000004
6,-0.84729786038720356,0,0,-1,0,0,0,0.30000000000000004
7,-0.84729786038720356,0,0,-1,0,0,0,0.30000000000000004
8,-0.84729786038720356,0,0,-1,0,0,0,0.30000000000000004
9,-0.84729786038720356,0,0,-1,0,0,0,0.30000000000000004
10,-0.84729786038720356,0,0,-1,0,0,0,0.30000000000000004
11,-0.84729786038720356,0,0,-1,0,0,0,0.30000000000000004
12,-0.84729786038720356,0,0,-1,0,0,0,0.30000000000000004
13,-0.84729786038720356,0,0,-1,0,0,0,0.30000000000000004
14,-0.84729786038720356,0,0,-1,0,0,0,0.30000000000000004
15,-0.84729786038720356,0,0,-1,0,0,0,0.30000000000000004
16,-0.84729786038720356,0,0,-1,0,0,0,0.30000000000000004
17,-0.84729509699365868,0,1.1674991194746787e-63,-0.8472977876663208,40.242641448974609,-1,0,0.30000058031296517
18,-0.84729786038720356,0,0,-1,0,0,0,0.30000000000000004
19,-0.84729786038720356,0,0,-1,0,0,0,0.30000000000000004
20,-0.84729786038720356,0,0,-1,0,0,0,0.30000000000000004
21,-0.84729786038720356,0,0,-1,0,0,0,0.30000000000000004
22,-0.84729786038720356,0,0,-1,0,0,0,0.30000000000000004
23,-0.84729786038720356,0,0,-1,0,0,0,0.30000000000000004
24,-0.84729786038720356,0,0,-1,0,0,0,0.30000000000000004
25,-0.84729786038720356,0,0,-1,0,0,0,0.30000000000000004
26,-0.84729786038720356,0,0,-1,0,0,0,0.30000000000000004
27,-0.84729786038720356,0,0,-1,0,0,0,0.30000000000000004
28,-0.84729786038720356,0,0,-1,0,0,0,0.30000000000000004
29,-0.84729786038720356,0,0,-1,0,0,0,0.30000000000000004
30,-0.84729786038720356,0,0,-1,0,0,0,0.30000000000000004
31,-0.84729786038720356,0,0,-1,0,0,0,0.30000000000000004
32,-0.84729786038720356,0,0,-1,0,0,0,0.30000000000000004
33,-0.84729786038720356,0,0,-1,0,0,0,0.30000000000000004
34,-0.84729509699365868,0,2.2775991274227177e-143,-0.8472977876663208,49.485282897949219,-1,0,0.30000058031296517
35,-0.84729786038720356,0,0,-1,0,0,0,0.30000000000000004
36,-0.84729786038720356,0,0,-1,0,0,0,0.30000000000000004
37,-0.84729786038720356,0,0,-1,0,0,0,0.30000000000000004
38,-0.84729786038720356,0,0,-1,0,0,0,0.30000000000000004
39,-0.84729786038720356,0,0,-1,0,0,0,0.30000000000000004
40,-0.84729786038720356,0,0,-1,0,0,0,0.30000000000000004
41,-0.84729786038720356,0,0,-1,0,0,0,0.30000000000000004
42,-0.84729786038720356,0,0,-1,0,0,0,0.30000000000000004
43,-0.84729786038720356,0,0,-1,0,0,0,0.30000000000000004
44,-0.84729786038720356,0,0,-1,0,0,0,0.30000000000000004
45,-0.84729786038720356,0,0,-1,0,0,0,0.30000000000000004
46,-0.84729786038720356,0,0,-1,0,0,0,0.30000000000000004
47,-0.84729786038720356,0,0,-1,0,0,0,0.30000000000000004
48,-0.84729786038720356,0,0,-1,0,0,0,0.30000000000000004
49,-0.84729509699365868,0,1.2993476912154291e-53,-0.8472977876663208,38.828426361083984,-1,0,0.30000058031296517
50,-0.84729509699365868,0,1.824422305651299e-56,-0.8472977876663208,39.242641448974609,-1,0,0.30000058031296517
51,-0.84729786038720356,0,0,-1,0,0,0,0.30000000000000004
52,-0.84729786038720356,0,0,-1,0,0,0,0.30000000000000004
53,-0.84729786038720356,0,0,-1,0,0,0,0.30000000000000004
54,-0.84729786038720356,0,0,-1,0,0,0,0.30000000000000004
55,-0.84729786038720356,0,0,-1,0,0,0,0.30000000000000004
56,-0.84729786038720356,0,0,-1,0,0,0,0.30000000000000004
57,-0.84729786038720356,0,0,-1,0,0,0,0.30000000000000004
58,-0.84729786038720356,0,0,-1,0,0,0,0.30000000000000004
59,-0.84729786038720356,0,0,-1,0,0,0,0.30000000000000004
60,-0.84729786038720356,0,0,-1,0,0,0,0.30000000000000004
61,-0.84729786038720356,0,0,-1,0,0,0,0.30000000000000004
62,-0.84729786038720356,0,0,-1,0,0,0,0.30000000000000004
63,-0.84729786038720356,0,0,-1,0,0,0,0.30000000000000004
64,-0.84729786038720356,0,0,-1,0,0,0,0.30000000000000004
65,-0.84729786038720356,0,0,-1,0,0,0,0.30000000000000004
66,-0.84729786038720356,0,0,-1,0,0,0,0.30000000000000004
67,-0.84729509699365868,0,1.9184902970143376e-132,-0.8472977876663208,48.485282897949219,-1,0,0.30000058031296517
68,-0.84729786038720356,0,0,-1,0,0,0,0.30000000000000004
69,-0.84729786038720356,0,0,-1,0,0,0,0.30000000000000004
70,-0.84729786038720356,0,0,-1,0,0,0,0.30000000000000004
71,-0.84729786038720356,0,0,-1,0,0,0,0.30000000000000004
72,-0.84729786038720356,0,0,-1,0,0,0,0.30000000000000004
73,-0.84729786038720356,0,0,-1,0,0,0,0.30000000000000004
74,-0.84729786038720356,0,0,-1,0,0,0,0.30000000000000004
75,-0.84729786038720356,0,0,-1,0,0,0,0.30000000000000004
76,-0.84729786038720356,0,0,-1,0,0,0,0.30000000000000004
77,-0.84729786038720356,0,0,-1,0,0,0,0.30000000000000004
78,-0.84729786038720356,0,0,-1,0,0,0,0.30000000000000004
79,-0.84729786038720356,0,0,-1,0,0,0,0.30000000000000004
80,-0.84729786038720356,0,0,-1,0,0,0,0.30000000000000004
81,-0.84729786038720356,0,0,-1,0,0,0,0.30000000000000004
82,-0.84729509699365868,0,4.9363824088742936e-47,-0.8472977876663208,37.828426361083984,-1,0,0.30000058031296517
83,-0.84729509699365868,0,1.0488320318278537e-49,-0.8472977876663208,38.242641448974609,-1,0,0.30000058031296517
84,-0.84729786038720356,0,0,-1,0,0,0,0.30000000000000004
85,-0.84729786038720356,0,0,-1,0,0,0,0.30000000000000004
86,-0.84729786038720356,0,0,-1,0,0,0,0.30000000000000004
87,-0.84729786038720356,0,0,-1,0,0,0,0.30000000000000004
88,-0.84729786038720356,0,0,-1,0,0,0,0.30000000000000004
89,-0.84729786038720356,0,0,-1,0,0,0,0.30000000000000004
90,-0.84729786038720356,0,0,-1,0,0,0,0.30000000000000004
91,-0.84729786038720356,0,0,-1,0,0,0,0.30000000000000004
92,-0.84729786038720356,0,0,-1,0,0,0,0.30000000000000004
93,-0.84729786038720356,0,0,-1,0,0,0,0.30000000000000004
94,-0.84729786038720356,0,0,-1,0,0,0,0.30000000000000004
95,-0.84729786038720356,0,0,-1,0,0,0,0.30000000000000004
96,-0.84729786038720356,0,0,-1,0,0,0,0.30000000000000004
97,-0.84729786038720356,0,0,-1,0,0,0,0.30000000000000004
98,-0.84729786038720356,0,0,-1,0,0,0,0.30000000000000004
99,-0.84729786038720356,0,0,-1,0,0,0,0.30000000000000004
100,-0.84729509699365868,0,5.9449395704952672e-122,-0.8472977876663208,47.485282897949219,-1,0,0.30000058031296517
101,-0.84729509699365868,0,9.8295575360024995e-118,-0.8472977876663208,47.071067810058594,-1,0,0.30000058031296517
102,-0.84729509699365868,0,1.3690127037398874e-113,-0.8472977876663208,46.656852722167969,-1,0,0.30000058031296517
103,-0.84729786038720356,0,0,-1,0,0,0,0.30000000000000004
104,-0.84729786038720356,0,0,-1,0,0,0,0.30000000000000004
105,-0.84729786038720356,0,0,-1,0,0,0,0.30000000000000004
106,-0.84729786038720356,0,0,-1,0,0,0,0.30000000000000004
107,-0.84729786038720356,0,0,-1,0,0,0,0.30000000000000004
108,-0.84729786038720356,0,0,-1,0,0,0,0.30000000000000004
109,-0.84729786038720356,0,0,-1,0,0,0,0.30000000000000004
110,-0.84729786038720356,0,0,-1,0,0,0,0.30000000000000004
111,-0.84729786038720356,0,0,-1,0,0,0,0.30000000000000004
112,-0.84729509699365868,0,1.6833071153932475e-39,-0.8472977876663208,37.242637634277344,-1,0,0.30000058031296517
113,-0.84729509699365868,0,3.9994138785034062e-37,-0.8472977876663208,36.828426361083984,-1,0,0.30000058031296517
114,-0.84729509699365868,0,1.807578097677476e-38,-0.8472977876663208,36.414215087890625,-1,0,0.30000058031296517
115,-0.84729509699365868,0,6.8991840537174499e-41,-0.8472977876663208,36.828426361083984,-1,0,0.30000058031296517
116,-0.84729509699365868,0,2.2181217283143173e-43,-0.8472977876663208,37.242641448974609,-1,0,0.30000058031296517
117,-0.84729786038720356,0,0,-1,0,0,0,0.30000000000000004
118,-0.84729786038720356,0,0,-1,0,0,0,0.30000000000000004
119,-0.84729786038720356,0,0,-1,0,0,0,0.30000000000000004
120,-0.84729786038720356,0,0,-1,0,0,0,0.30000000000000004
121,-0.84729786038720356,0,0,-1,0,0,0,0.30000000000000004
122,-0.84729786038720356,0,0,-1,0,0,0,0.30000000000000004
123,-0.84729786038720356,0,0,-1,0,0,0,0.30000000000000004
124,-0.84729786038720356,0,0,-1,0,0,0,0.30000000000000004
125,-0.84729786038720356,0,0,-1,0,0,0,0.30000000000000004
126,-0.84729786038720356,0,0,-1,0,0,0,0.30000000000000004
127,-0.84729786038720356,0,0,-1,0,0,0,0.30000000000000004
128,-0.84729786038720356,0,0,-1,0,0,0,0.30000000000000004
129,-0.84729786038720356,0,0,-1,0,0,0,0.30000000000000004
130,-0.84729786038720356,0,0,-1,0,0,0,0.30000000000000004
131,-0.84729786038720356,0,0,-1,0,0,0,0.30000000000000004
132,-0.84729786038720356,0,0,-1,0,0,0,0.30000000000000004
133,-0.84729509699365868,0,6.7770517182189992e-112,-0.8472977876663208,46.485282897949219,-1,0,0.30000058031296517
134,-0.84729509699365868,0,7.405200570953981e-108,-0.8472977876663208,46.071067810058594,-1,0,0.30000058031296517
135,-0.84729509699365868,0,6.8158470537436816e-104,-0.8472977876663208,45.656852722167969,-1,0,0.30000058031296517
136,-0.84729786038720356,0,0,-1,0,0,0,0.30000000000000004
137,-0.84729786038720356,0,0,-1,0,0,0,0.30000000000000004
138,-0.84729786038720356,0,0,-1,0,0,0,0.30000000000000004
139,-0.84729786038720356,0,0,-1,0,0,0,0.30000000000000004
140,-0.84729786038720356,0,0,-1,0,0,0,0.30000000000000004
141,-0.84729786038720356,0,0,-1,0,0,0,0.30000000000000004
142,-0.84729786038720356,0,0,-1,0,0,0,0.30000000000000004
143,-0.84729786038720356,0,0,-1,0,0,0,0.30000000000000004
144,-0.84729786038720356,0,0,-1,0,0,0,0.30000000000000004
145,-0.84729509699365868,0,6.834942756293182e-34,-0.8472977876663208,36.242637634277344,-1,0,0.30000058031296517
146,-0.84729509699365868,0,1.0731918678315302e-31,-0.8472977876663208,35.828426361083984,-1,0,0.30000058031296517
147,-0.84729509699365868,0,6.141875727758609e-33,-0.8472977876663208,35.414215087890625,-1,0,0.30000058031296517
148,-0.84729509699365868,0,3.5472531592191214e-35,-0.8472977876663208,35.828426361083984,-1,0,0.30000058031296517
149,-0.84729509699365868,0,1.7257199823401343e-37,-0.8472977876663208,36.242641448974609,-1,0,0.30000058031296517
150,-0.84729786038720356,0,0,-1,0,0,0,0.30000000000000004
151,-0.84729786038720356,0,0,-1,0,0,0,0.30000000000000004
152,-0.84729786038720356,0,0,-1,0,0,0,0.30000000000000004
153,-0.84729786038720356,0,0,-1,0,0,0,0.30000000000000004
154,-0.84729786038720356,0,0,-1,0,0,0,0.30000000000000004
155,-0.84729786038720356,0,0,-1,0,0,0,0.30000000000000004
156,-0.84729786038720356,0,0,-1,0,0,0,0.30000000000000004
157,-0.84729786038720356,0,0,-1,0,0,0,0.30000000000000004
158,-0.84729786038720356,0,0,-1,0,0,0,0.30000000000000004
159,-0.84729786038720356,0,0,-1,0,0,0,0.30000000000000004
160,-0.84729786038720356,0,0,-1,0,0,0,0.30000000000000004
161,-0.84729786038720356,0,0,-1,0,0,0,0.30000000000000004
162,-0.84729786038720356,0,0,-1,0,0,0,0.30000000000000004
163,-0.84729786038720356,0,0,-1,0,0,0,0.30000000000000004
164,-0.84729786038720356,0,0,-1,0,0,0,0.30000000000000004
165,-0.84729509699365868,0,3.3152869988591565e-106,-0.8472977876663208,45.899497985839844,-1,0,0.30000058031296517
166,-0.84729509699365868,0,2.8421020867863764e-102,-0.8472977876663208,45.485282897949219,-1,0,0.30000058031296517
167,-0.84729509699365868,0,2.0523205835788376e-98,-0.8472977876663208,45.071067810058594,-1,0,0.30000058031296517
168,-0.84729509699365868,0,1.2483538721053466e-94,-0.8472977876663208,44.656852722167969,-1,0,0.30000058031296517
169,-0.84729786038720356,0,0,-1,0,0,0,0.30000000000000004
170,-0.84729786038720356,0,0,-1,0,0,0,0.30000000000000004
171,-0.84729786038720356,0,0,-1,0,0,0,0.30000000000000004
172,-0.84729786038720356,0,0,-1,0,0,0,0.30000000000000004
173,-0.84729786038720356,0,0,-1,0,0,0,0.30000000000000004
174,-0.84729786038720356,0,0,-1,0,0,0,0.30000000000000004
175,-0.84729786038720356,0,0,-1,0,0,0,0.30000000000000004
176,-0.84729786038720356,0,0,-1,0,0,0,0.30000000000000004
177,-0.84729786038720356,0,0,-1,0,0,0,0.30000000000000004
178,-0.84729509699365868,0,1.0209675107153092e-28,-0.8472977876663208,35.242637634277344,-1,0,0.30000058031296517
179,-0.84729509699365868,0,1.0594096267546769e-26,-0.8472977876663208,34.828426361083984,-1,0,0.30000058031296517
180,-0.84729509699365868,0,7.6773351062252027e-28,-0.8472977876663208,34.414215087890625,-1,0,0.30000058031296517
181,-0.84729509699365868,0,6.7095308700792044e-30,-0.8472977876663208,34.828426361083984,-1,0,0.30000058031296517
182,-0.84729509699365868,0,4.939247602907574e-32,-0.8472977876663208,35.242641448974609,-1,0,0.30000058031296517
183,-0.84729786038720356,0,0,-1,0,0,0,0.30000000000000004
184,-0.84729786038720356,0,0,-1,0,0,0,0.30000000000000004
185,-0.84729786038720356,0,0,-1,0,0,0,0.30000000000000004
186,-0.84729786038720356,0,0,-1,0,0,0,0.30000000000000004
187,-0.84729786038720356,0,0,-1,0,0,0,0.30000000000000004
188,-0.84729786038720356,0,0,-1,0,0,0,0.30000000000000004
189,-0.84729786038720356,0,0,-1,0,0,0,0.30000000000000004
190,-0.84729786038720356,0,0,-1,0,0,0,0.30000000000000004
191,-0.84729786038720356,0,0,-1,0,0,0,0.30000000000000004
192,-0.84729786038720356,0,0,-1,0,0,0,0.30000000000000004
193,-0.84729786038720356,0,0,-1,0,0,0,0.30000000000000004
194,-0.84729786038720356,0,0,-1,0,0,0,0.30000000000000004
195,-0.84729786038720356,0,0,-1,0,0,0,0.30000000000000004
196,-0.84729786038720356,0,0,-1,0,0,0,0.30000000000000004
197,-0.84729786038720356,0,0,-1,0,0,0,0.30000000000000004
198,-0.84729509699365868,0,7.7395555345704756e-97,-0.8472977876663208,44.899497985839844,-1,0,0.30000058031296517
199,-0.84729509699365868,0,4.3847422098428313e-93,-0.8472977876663208,44.485282897949219,-1,0,0.30000058031296517
200,-0.84729509699365868,0,2.0924692953369382e-89,-0.8472977876663208,44.071067810058594,-1,0,0.30000058031296517
201,-0.84729509699365868,0,8.4112609576102979e-86,-0.8472977876663208,43.656852722167969,-1,0,0.30000058031296517
202,-0.84729786038720356,0,0,-1,0,0,0,0.30000000000000004
203,-0.84729786038720356,0,0,-1,0,0,0,0.30000000000000004
204,-0.84729786038720356,0,0,-1,0,0,0,0.30000000000000004
205,-0.84729786038720356,0,0,-1,0,0,0,0.30000000000000004
206,-0.84729786038720356,0,0,-1,0,0,0,0.30000000000000004
207,-0.84729786038720356,0,0,-1,0,0,0,0.30000000000000004
208,-0.84729786038720356,0,0,-1,0,0,0,0.30000000000000004
209,-0.84729786038720356,0,0,-1,0,0,0,0.30000000000000004
210,-0.84729786038720356,0,0,-1,0,0,0,0.30000000000000004
211,-0.84729509699365868,0,5.6104084602577688e-24,-0.8472977876663208,34.242637634277344,-1,0,0.30000058031296517
212,-0.84729509699365868,0,3.8472993133532097e-22,-0.8472977876663208,33.828426361083984,-1,0,0.30000058031296517
213,-0.84729509699365868,0,3.5304127925525834e-23,-0.8472977876663208,33.414215087890625,-1,0,0.30000058031296517
214,-0.84729509699365868,0,4.6687180242303916e-25,-0.8472977876663208,33.828426361083984,-1,0,0.30000058031296517
215,-0.84729786038720356,0,0,-1,0,0,0,0.30000000000000004
216,-0.84729786038720356,0,0,-1,0,0,0,0.30000000000000004
217,-0.84729786038720356,0,0,-1,0,0,0,0.30000000000000004
218,-0.84729786038720356,0,0,-1,0,0,0,0.30000000000000004
219,-0.84729786038720356,0,0,-1,0,0,0,0.30000000000000004
220,-0.84729786038720356,0,0,-1,0,0,0,0.30000000000000004
221,-0.84729786038720356,0,0,-1,0,0,0,0.30000000000000004
222,-0.84729786038720356,0,0,-1,0,0,0,0.30000000000000004
223,-0.84729786038720356,0,0,-1,0,0,0,0.30000000000000004
224,-0.84729786038720356,0,0,-1,0,0,0,0.30000000000000004
225,-0.84729786038720356,0,0,-1,0,0,0,0.30000000000000004
226,-0.84729786038720356,0,0,-1,0,0,0,0.30000000000000004
227,-0.84729786038720356,0,0,-1,0,0,0,0.30000000000000004
228,-0.84729786038720356,0,0,-1,0,0,0,0.30000000000000004
229,-0.84729786038720356,0,0,-1,0,0,0,0.30000000000000004
230,-0.84729786038720356,0,0,-1,0,0,0,0.30000000000000004
231,-0.84729509699365868,0,4.3847422098428313e-93,-0.8472977876663208,44.485282897949219,-1,0,0.30000058031296517
232,-0.84729509699365868,0,2.4885935716278234e-84,-0.8472977876663208,43.485282897949219,-1,0,0.30000058031296517
233,-0.84729509699365868,0,7.8483525794004311e-81,-0.8472977876663208,43.071067810058594,-1,0,0.30000058031296517
234,-0.84729509699365868,0,2.08492299640688e-77,-0.8472977876663208,42.656852722167969,-1,0,0.30000058031296517
235,-0.84729786038720356,0,0,-1,0,0,0,0.30000000000000004
236,-0.84729786038720356,0,0,-1,0,0,0,0.30000000000000004
237,-0.84729786038720356,0,0,-1,0,0,0,0.30000000000000004
238,-0.84729786038720356,0,0,-1,0,0,0,0.30000000000000004
239,-0.84729786038720356,0,0,-1,0,0,0,0.30000000000000004
240,-0.84729786038720356,0,0,-1,0,0,0,0.30000000000000004
241,-0.84729786038720356,0,0,-1,0,0,0,0.30000000000000004
242,-0.84729786038720356,0,0,-1,0,0,0,0.30000000000000004
243,-0.84729786038720356,0,0,-1,0,0,0,0.30000000000000004
244,-0.84729497778436913,0,1.1341814958744111e-19,-0.8472977876663208,33.242637634277344,-1,0,0.30000060534694417
245,-0.84729372608682885,0,5.1398867858344579e-18,-0.8472977876663208,32.828426361083984,-1,0,0.30000086820379657
246,-0.84729509699365868,0,5.9723602584309254e-19,-0.8472977876663208,32.414215087890625,-1,0,0.30000058031296517
247,-0.84729509699365868,0,1.1951121238432386e-20,-0.8472977876663208,32.828426361083984,-1,0,0.30000058031296517
248,-0.84729786038720356,0,0,-1,0,0,0,0.30000000000000004
249,-0.84729786038720356,0,0,-1,0,0,0,0.30000000000000004
250,-0.84729786038720356,0,0,-1,0,0,0,0.30000000000000004
251,-0.84729786038720356,0,0,-1,0,0,0,0.30000000000000004
252,-0.84729786038720356,0,0,-1,0,0,0,0.30000000000000004
253,-0.84729786038720356,0,0,-1,0,0,0,0.30000000000000004
254,-0.84729786038720356,0,0,-1,0,0,0,0.30000000000000004
255,-0.84729786038720356,0,0,-1,0,0,0,0.30000000000000004
256,-0.84729786038720356,0,0,-1,0,0,0,0.30000000000000004
257,-0.84729786038720356,0,0,-1,0,0,0,0.30000000000000004
258,-0.84729786038720356,0,0,-1,0,0,0,0.30000000000000004
259,-0.84729786038720356,0,0,-1,0,0,0,0.30000000000000004
260,-0.84729786038720356,0,0,-1,0,0,0,0.30000000000000004
261,-0.84729786038720356,0,0,-1,0,0,0,0.30000000000000004
262,-0.84729786038720356,0,0,-1,0,0,0,0.30000000000000004
263,-0.84729786038720356,0,0,-1,0,0,0,0.30000000000000004
264,-0.84729786038720356,0,0,-1,0,0,0,0.30000000000000004
265,-0.84729509699365868,0,7.8483525794004311e-81,-0.8472977876663208,43.071067810058594,-1,0,0.30000058031296517
266,-0.84729509699365868,0,1.0829376035981147e-72,-0.8472977876663208,42.071067810058594,-1,0,0.30000058031296517
267,-0.84729509699365868,0,1.9011853109362963e-69,-0.8472977876663208,41.656852722167969,-1,0,0.30000058031296517
268,-0.84729786038720356,0,0,-1,0,0,0,0.30000000000000004
269,-0.84729786038720356,0,0,-1,0,0,0,0.30000000000000004
270,-0.84729786038720356,0,0,-1,0,0,0,0.30000000000000004
271,-0.84729786038720356,0,0,-1,0,0,0,0.30000000000000004
272,-0.84729786038720356,0,0,-1,0,0,0,0.30000000000000004
273,-0.84729786038720356,0,0,-1,0,0,0,0.30000000000000004
274,-0.84729786038720356,0,0,-1,0,0,0,0.30000000000000004
275,-0.84729786038720356,0,0,-1,0,0,0,0.30000000000000004
276,-0.84729786038720356,0,0,-1,0,0,0,0.30000000000000004
277,-0.84728401052973046,8.8817841970012523e-16,8.4348264713382711e-16,-0.8472977876663208,32.242637634277344,-1,0,0.30000290847812572
278,-0.84725444662592186,2.5313084961453569e-14,2.5261355417684463e-14,-0.8472977876663208,31.828426361083984,-1,0,0.3000091169690281
279,-0.84728746759912743,3.6637359812630166e-15,3.7168242311822591e-15,-0.8472977876663208,31.414213180541992,-1,0,0.30000218249003241
280,-0.84729354727289452,1.1102230246251565e-16,1.1254473363618686e-16,-0.8472977876663208,31.828426361083984,-1,0,0.30000090575478622
281,-0.84729786038720356,0,0,-1,0,0,0,0.30000000000000004
282,-0.84729786038720356,0,0,-1,0,0,0,0.30000000000000004
283,-0.84729786038720356,0,0,-1,0,0,0,0.30000000000000004
284,-0.84729786038720356,0,0,-1,0,0,0,0.30000000000000004
285,-0.84729786038720356,0,0,-1,0,0,0,0.30000000000000004
286,-0.84729786038720356,0,0,-1,0,0,0,0.30000000000000004
287,-0.84729786038720356,0,0,-1,0,0,0,0.30000000000000004
288,-0.84729786038720356,0,0,-1,0,0,0,0.30000000000000004
289,-0.84729786038720356,0,0,-1,0,0,0,0.30000000000000004
290,-0.84729786038720356,0,0,-1,0,0,0,0.30000000000000004
291,-0.84729786038720356,0,0,-1,0,0,0,0.30000000000000004
292,-0.84729786038720356,0,0,-1,0,0,0,0.30000000000000004
293,-0.84729786038720356,0,0,-1,0,0,0,0.30000000000000004
294,-0.84729786038720356,0,0,-1,0,0,0,0.30000000000000004
295,-0.84729786038720356,0,0,-1,0,0,0,0.30000000000000004
296,-0.84729786038720356,0,0,-1,0,0,0,0.30000000000000004
297,-0.84729786038720356,0,0,-1,0,0,0,0.30000000000000004
298,-0.84729509699365868,0,2.08492299640688e-77,-0.8472977876663208,42.656852722167969,-1,0,0.30000058031296517
299,-0.84729509699365868,0,1.9011853109362963e-69,-0.8472977876663208,41.656852722167969,-1,0,0.30000058031296517
300,-0.84729509699365868,0,6.37770458463741e-62,-0.8472977876663208,40.656852722167969,-1,0,0.30000058031296517
301,-0.84729786038720356,0,0,-1,0,0,0,0.30000000000000004
302,-0.84729786038720356,0,0,-1,0,0,0,0.30000000000000004
303,-0.84729786038720356,0,0,-1,0,0,0,0.30000000000000004
304,-0.84729786038720356,0,0,-1,0,0,0,0.30000000000000004
305,-0.84729786038720356,0,0,-1,0,0,0,0.30000000000000004
306,-0.84729786038720356,0,0,-1,0,0,0,0.30000000000000004
307,-0.84729786038720356,0,0,-1,0,0,0,0.30000000000000004
308,-0.84729786038720356,0,0,-1,0,0,0,0.30000000000000004
309,-0.84729786038720356,0,0,-1,0,0,0,0.30000000000000004
310,-0.84707157957575097,2.3077095789858504e-12,2.3076701362378897e-12,-0.8472977876663208,31.242639541625977,-1,0,0.30004752112082589
311,-0.8466076766254641,4.5673576032356777e-11,4.5673602041822983e-11,-0.8472977876663208,30.828426361083984,-1,0,0.30014495859382451
312,-0.84711759436151757,8.5095264168444373e-12,8.5094907149183913e-12,-0.8472977876663208,30.414213180541992,-1,0,0.30003785723016607
313,-0.84724318134805932,3.8991032624835498e-13,3.8989317855484022e-13,-0.8472977876663208,30.828426361083984,-1,0,0.3000114827237903
314,-0.84729786038720356,0,0,-1,0,0,0,0.30000000000000004
315,-0.84729786038720356,0,0,-1,0,0,0,0.30000000000000004
316,-0.84729786038720356,0,0,-1,0,0,0,0.30000000000000004
317,-0.84729786038720356,0,0,-1,0,0,0,0.30000000000000004
318,-0.84729786038720356,0,0,-1,0,0,0,0.30000000000000004
319,-0.84729786038720356,0,0,-1,0,0,0,0.30000000000000004
320,-0.84729786038720356,0,0,-1,0,0,0,0.30000000000000004
321,-0.84729786038720356,0,0,-1,0,0,0,0.30000000000000004
322,-0.84729786038720356,0,0,-1,0,0,0,0.30000000000000004
323,-0.84729786038720356,0,0,-1,0,0,0,0.30000000000000004
324,-0.84729786038720356,0,0,-1,0,0,0,0.30000000000000004
325,-0.84729786038720356,0,0,-1,0,0,0,0.30000000000000004
326,-0.84729786038720356,0,0,-1,0,0,0,0.30000000000000004
327,-0.84729786038720356,0,0,-1,0,0,0,0.30000000000000004
328,-0.84729786038720356,0,0,-1,0,0,0,0.30000000000000004
329,-0.84729786038720356,0,0,-1,0,0,0,0.30000000000000004
330,-0.84729786038720356,0,0,-1,0,0,0,0.30000000000000004
331,-0.84729509699365868,0,4.6653960625592974e-74,-0.8472977876663208,42.242637634277344,-1,0,0.30000058031296517
332,-0.84729509699365868,0,2.8114635052943004e-66,-0.8472977876663208,41.242637634277344,-1,0,0.30000058031296517
333,-0.84729509699365868,0,6.2327814743033929e-59,-0.8472977876663208,40.242637634277344,-1,0,0.30000058031296517
334,-0.84729509699365868,0,5.0831961509487859e-52,-0.8472977876663208,39.242637634277344,-1,0,0.30000058031296517
335,-0.84729509699365868,0,1.525096607001306e-45,-0.8472977876663208,38.242637634277344,-1,0,0.30000058031296517
336,-0.84729509699365868,0,1.6833071153932475e-39,-0.8472977876663208,37.242637634277344,-1,0,0.30000058031296517
337,-0.84729509699365868,0,6.834942756293182e-34,-0.8472977876663208,36.242637634277344,-1,0,0.30000058031296517
338,-0.84729509699365868,0,1.0209675107153092e-28,-0.8472977876663208,35.242637634277344,-1,0,0.30000058031296517
339,-0.84729509699365868,0,5.6104084602577688e-24,-0.8472977876663208,34.242637634277344,-1,0,0.30000058031296517
340,-0.84729497778436913,0,1.1341814958744111e-19,-0.8472977876663208,33.242637634277344,-1,0,0.30000060534694417
341,-0.84728401052973046,8.8817841970012523e-16,8.4348264713382711e-16,-0.8472977876663208,32.242637634277344,-1,0,0.30000290847812572
342,-0.84707157957575097,2.3077095789858504e-12,2.3076701362378897e-12,-0.8472977876663208,31.242639541625977,-1,0,0.30004752112082589
343,-0.84427427399179711,2.322622205674918e-09,2.322622174181058e-09,-0.8472977876663208,30.242639541625977,-1,0,0.30063533685818689
344,-0.83933424103281273,3.0379413762382512e-08,3.0379414249116635e-08,-0.8472977876663208,29.828426361083984,-1,0,0.30167501905489569
345,-0.84465908157846703,7.1670532841849877e-09,7.1670532597994493e-09,-0.8472977876663208,29.414213180541992,-1,0,0.30055443583482255
346,-0.84639113295099511,4.9690507264443795e-10,4.9690504463631996e-10,-0.8472977876663208,29.828426361083984,-1,0,0.30019044728531141
347,-0.84729786038720356,0,0,-1,0,0,0,0.30000000000000004
348,-0.84729786038720356,0,0,-1,0,0,0,0.30000000000000004
349,-0.84729786038720356,0,0,-1,0,0,0,0.30000000000000004
350,-0.84729786038720356,0,0,-1,0,0,0,0.30000000000000004
351,-0.84729786038720356,0,0,-1,0,0,0,0.30000000000000004
352,-0.84729786038720356,0,0,-1,0,0,0,0.30000000000000004
353,-0.84729786038720356,0,0,-1,0,0,0,0.30000000000000004
354,-0.84729786038720356,0,0,-1,0,0,0,0.30000000000000004
355,-0.84729786038720356,0,0,-1,0,0,0,0.30000000000000004
356,-0.84729786038720356,0,0,-1,0,0,0,0.30000000000000004
357,-0.84729786038720356,0,0,-1,0,0,0,0.30000000000000004
358,-0.84729786038720356,0,0,-1,0,0,0,0.30000000000000004
359,-0.84729786038720356,0,0,-1,0,0,0,0.30000000000000004
360,-0.84729786038720356,0,0,-1,0,0,0,0.30000000000000004
361,-0.84729786038720356,0,0,-1,0,0,0,0.30000000000000004
362,-0.84729786038720356,0,0,-1,0,0,0,0.30000000000000004
363,-0.84729786038720356,0,0,-1,0,0,0,0.30000000000000004
364,-0.84729786038720356,0,0,-1,0,0,0,0.30000000000000004
365,-0.84729786038720356,0,0,-1,0,0,0,0.30000000000000004
366,-0.84729786038720356,0,0,-1,0,0,0,0.30000000000000004
367,-0.84729786038720356,0,0,-1,0,0,0,0.30000000000000004
368,-0.84729786038720356,0,0,-1,0,0,0,0.30000000000000004
369,-0.84729786038720356,0,0,-1,0,0,0,0.30000000000000004
370,-0.84729786038720356,0,0,-1,0,0,0,0.30000000000000004
371,-0.84729786038720356,0,0,-1,0,0,0,0.30000000000000004
372,-0.84729786038720356,0,0,-1,0,0,0,0.30000000000000004
373,-0.84729786038720356,0,0,-1,0,0,0,0.30000000000000004
374,-0.84729786038720356,0,0,-1,0,0,0,0.30000000000000004
375,-0.84729786038720356,0,0,-1,0,0,0,0.30000000000000004
376,-0.84729786038720356,0,0,-1,0,0,0,0.30000000000000004
377,-0.78403716433069481,7.4335699445926551e-06,7.43359757367436e-06,-0.8472977876663208,28.828426361083984,-1,0,0.31345043765424796
378,-0.82074033367655053,2.2206633795152086e-06,2.2206658451635793e-06,-0.8472977876663208,28.414213180541992,-1,0,0.30560653020338446
379,-0.84729786038720356,0,0,-1,0,0,0,0.30000000000000004
380,-0.84729786038720356,0,0,-1,0,0,0,0.30000000000000004
381,-0.84729786038720356,0,0,-1,0,0,0,0.30000000000000004
382,-0.84729786038720356,0,0,-1,0,0,0,0.30000000000000004
383,-0.84729786038720356,0,0,-1,0,0,0,0.30000000000000004
384,-0.84729786038720356,0,0,-1,0,0,0,0.30000000000000004
385,-0.84729786038720356,0,0,-1,0,0,0,0.30000000000000004
386,-0.84729786038720356,0,0,-1,0,0,0,0.30000000000000004
387,-0.84729786038720356,0,0,-1,0,0,0,0.30000000000000004
388,-0.84729786038720356,0,0,-1,0,0,0,0.30000000000000004
389,-0.84729786038720356,0,0,-1,0,0,0,0.30000000000000004
390,-0.84729786038720356,0,0,-1,0,0,0,0.30000000000000004
391,-0.84729786038720356,0,0,-1,0,0,0,0.30000000000000004
392,-0.84729786038720356,0,0,-1,0,0,0,0.30000000000000004
393,-0.84729786038720356,0,0,-1,0,0,0,0.30000000000000004
394,-0.84729786038720356,0,0,-1,0,0,0,0.30000000000000004
395,-0.84729786038720356,0,0,-1,0,0,0,0.30000000000000004
396,-0.84729786038720356,0,0,-1,0,0,0,0.30000000000000004
397,-0.84729786038720356,0,0,-1,0,0,0,0.30000000000000004
398,-0.84729786038720356,0,0,-1,0,0,0,0.30000000000000004
399,-0.84729786038720356,0,0,-1,0,0,0,0.30000000000000004
400,-0.84729786038720356,0,0,-1,0,0,0,0.30000000000000004
401,-0.84729786038720356,0,0,-1,0,0,0,0.30000000000000004
402,-0.84729786038720356,0,0,-1,0,0,0,0.30000000000000004
403,-0.84729786038720356,0,0,-1,0,0,0,0.30000000000000004
404,-0.84729786038720356,0,0,-1,0,0,0,0.30000000000000004
405,-0.84729786038720356,0,0,-1,0,0,0,0.30000000000000004
406,-0.84729786038720356,0,0,-1,0,0,0,0.30000000000000004
407,-0.84729786038720356,0,0,-1,0,0,0,0.30000000000000004
408,-0.84729786038720356,0,0,-1,0,0,0,0.30000000000000004
409,-0.84729786038720356,0,0,-1,0,0,0,0.30000000000000004
410,-0.50500052320978417,0.00066892729715140042,0.00066915112883947467,-0.8472977876663208,27.828426361083984,-1,0,0.37636624889674086
411,-0.66719805347940697,0.00025309079410662516,0.00025312282698657774,-0.8472977876663208,27.414213180541992,-1,0,0.33912452713034058
412,-0.84729786038720356,0,0,-1,0,0,0,0.30000000000000004
413,-0.84729786038720356,0,0,-1,0,0,0,0.30000000000000004
414,-0.84729786038720356,0,0,-1,0,0,0,0.30000000000000004
415,-0.84729786038720356,0,0,-1,0,0,0,0.30000000000000004
416,-0.84729786038720356,0,0,-1,0,0,0,0.30000000000000004
417,-0.84729786038720356,0,0,-1,0,0,0,0.30000000000000004
418,-0.84729786038720356,0,0,-1,0,0,0,0.30000000000000004
419,-0.84729786038720356,0,0,-1,0,0,0,0.30000000000000004
420,-0.84729786038720356,0,0,-1,0,0,0,0.30000000000000004
421,-0.84729786038720356,0,0,-1,0,0,0,0.30000000000000004
422,-0.84729786038720356,0,0,-1,0,0,0,0.30000000000000004
423,-0.84729786038720356,0,0,-1,0,0,0,0.30000000000000004
424,-0.84729786038720356,0,0,-1,0,0,0,0.30000000000000004
425,-0.84729786038720356,0,0,-1,0,0,0,0.30000000000000004
426,-0.84729786038720356,0,0,-1,0,0,0,0.30000000000000004
427,-0.84729786038720356,0,0,-1,0,0,0,0.30000000000000004
428,-0.84729786038720356,0,0,-1,0,0,0,0.30000000000000004
429,-0.84729786038720356,0,0,-1,0,0,0,0.30000000000000004
430,-0.84607016193887963,4.9690507264443795e-10,4.9690504463631985e-10,-0.8472977876663208,36.313705444335938,-1,0,0.30025787996152309
431,-0.83390544998667016,2.3297356321894114e-07,2.3297359036806816e-07,-0.8472977876663208,35.313705444335938,-1,0,0.30281991713417356
432,-0.84729786038720356,0,0,-1,0,0,0,0.30000000000000004
433,-0.84729786038720356,0,0,-1,0,0,0,0.30000000000000004
434,-0.84729786038720356,0,0,-1,0,0,0,0.30000000000000004
435,-0.84729786038720356,0,0,-1,0,0,0,0.30000000000000004
436,-0.84729786038720356,0,0,-1,0,0,0,0.30000000000000004
437,-0.84729786038720356,0,0,-1,0,0,0,0.30000000000000004
438,-0.84729786038720356,0,0,-1,0,0,0,0.30000000000000004
439,-0.50503843176386132,0.002551814046484413,0.0025550754734999476,-0.8472977876663208,28.485279083251953,-1,0,0.37635735124371283
440,-0.66420488703272118,0.00028630943984941926,0.00028635043422203555,-0.8472977876663208,28.071065902709961,-1,0,0.33979567552237666
441,-0.36005567657968773,0.0025466867573220586,0.0025499350801878829,-0.8472977876663208,27.656852722167969,-1,0,0.4109460882782292
442,-0.0042140399219728897,0.010558004027306889,0.010614135190105671,-0.8472977876663208,27.242639541625977,-1,0,0.49894649157853488
443,0.39683622968175636,0.021915529536606471,0.02215924206007993,-0.8472977876663208,26.828426361083984,-1,0,0.59792729352514695
444,-0.040026596665594716,0.010558003535648286,0.010614134693200741,-0.8472977876663208,26.414213180541992,-1,0,0.4899946866143613
445,-0.39065014469644799,0.0025464543770153947,0.0025497021065975173,-0.8472977876663208,26.828426361083984,-1,0,0.40356080140531403
446,-0.7273483787777163,0.00024613684703644889,0.00024616714368164535,-0.8472977876663208,27.242639541625977,-1,0,0.32577687693827173
447,-0.84729786038720356,0,0,-1,0,0,0,0.30000000000000004
448,-0.84729786038720356,0,0,-1,0,0,0,0.30000000000000004
449,-0.84729786038720356,0,0,-1,0,0,0,0.30000000000000004
450,-0.84729786038720356,0,0,-1,0,0,0,0.30000000000000004
451,-0.84729786038720356,0,0,-1,0,0,0,0.30000000000000004
452,-0.2068938528301455,0.010558003535648175,0.010614134693200628,-0.8472977876663208,32.071067810058594,-1,0,0.4484602526251672
453,0.070021220564629894,0.021915529536225109,0.022159242059690037,-0.8472977876663208,33.071067810058594,-1,0,0.51749815631208573
454,-0.14480899918100609,0.010558003535648175,0.010614134693200628,-0.8472977876663208,34.071067810058594,-1,0,0.46386088019099092
455,-0.46643047678491845,0.0025464543770153947,0.0025497021065975147,-0.8472977876663208,35.071067810058594,-1,0,0.3854614490952224
456,-0.7033082758190371,0.00024613684702134986,0.00024616714366659754,-0.8472977876663208,36.071067810058594,-1,0,0.33107914905644897
457,-0.81967501986047997,5.3733524659760334e-06,5.3733669024324608e-06,-0.8472977876663208,37.071067810058594,-1,0,0.30583264850965797
458,-0.84480618584177269,2.0588133753385307e-08,2.0588133951389095e-08,-0.8472977876663208,38.071067810058594,-1,0,0.30052351226812946
459,-0.84729786038720356,0,0,-1,0,0,0,0.30000000000000004
460,-0.84729786038720356,0,0,-1,0,0,0,0.30000000000000004
461,-0.84729786038720356,0,0,-1,0,0,0,0.30000000000000004
462,-0.84729786038720356,0,0,-1,0,0,0,0.30000000000000004
463,-0.84384202110788598,7.1670532841849877e-09,7.1670532597994468e-09,-0.8472977876663208,35.899490356445312,-1,0,0.30072622747097355
464,-0.81503217566034569,2.2206633795152086e-06,2.2206658451635174e-06,-0.8472977876663208,34.899490356445312,-1,0,0.30681920747406044
465,-0.64238642799875512,0.00025309079410662516,0.00025312282698657486,-0.8472977876663208,33.899490356445312,-1,0,0.34470728349111224
466,0.02264971387365089,0.010558003535648175,0.010614134693200628,-0.8472977876663208,32.899490356445312,-1,0,0.5056621864075127
467,1.5969537283179984,0.15103377084864966,0.16373587066881387,-0.8472977876663208,31.899492263793945,-1,0,0.83159219592644473
468,3.3839431869217829,0.5199251938062861,0.73381334098605977,-0.8472977876663208,30.899492263793945,-1,0,0.96719893414702485
469,4.1101402128932696,0.70175906803170696,1.2098536225961065,-0.8472977876663208,29.899492263793945,-1,0,0.98385932137913612
470,3.0628067972955928,0.51992519404483784,0.73381334148296506,-0.8472977876663208,28.899492263793945,-1,0,0.95533222338431301
471,1.2462303425071464,0.15103396863533713,0.16373610364240429,-0.8472977876663208,27.899492263793945,-1,0,0.77664663335520712
472,-0.18728154051325097,0.010597761772066172,0.010654317983756066,-0.8472977876663208,27.485279083251953,-1,0,0.45331598622474489
473,-0.4589845453502871,0.0027989006869615363,0.0028028249335840891,-0.8472977876663208,27.071065902709961,-1,0,0.3872267455568027
474,0.32355953109243141,0.035877231625116246,0.036536639394328212,-0.8472977876663208,26.656852722167969,-1,0,0.58019149136587123
475,1.5628879452941664,0.15103377693323583,0.16373587783586713,-0.8472977876663208,26.242639541625977,-1,0,0.82676736383819138
476,2.1991205747125395,0.23658602499797432,0.26995483257444985,-0.8472977876663208,25.828426361083984,-1,0,0.90017051039788265
477,1.5130509520766982,0.15103377084865277,0.16373587066881759,-0.8472977876663208,25.414213180541992,-1,0,0.81951291771772028
478,0.26112479817846046,0.035875090628236794,0.036534418728483162,-0.8472977876663208,25.828426361083984,-1,0,0.56491277197930123
479,-0.59143149006387963,0.0025464543774043058,0.0025497021069874077,-0.8472977876663208,26.242639541625977,-1,0,0.35630647146240457
480,-0.81397800791284813,4.0182962282919732e-05,4.0183769639798966e-05,-0.8472977876663208,26.656852722167969,-1,0,0.30704345476205452
481,-0.83936279165766015,4.6594707214797637e-07,4.6594718073613632e-07,-0.8472977876663208,27.656852722167969,-1,0,0.30166900440870281
482,-0.79292660105249657,4.0182980102887456e-05,4.0183787460482663e-05,-0.8472977876663208,28.656852722167969,-1,0,0.31154061711398329
483,-0.49880044806024804,0.0025464543774043058,0.0025497021069874068,-0.8472977876663208,29.656852722167969,-1,0,0.37782260933918843
484,0.25946218621709571,0.035875090628236794,0.036534418728483155,-0.8472977876663208,30.656852722167969,-1,0,0.5645040806699585
485,1.2772981311080693,0.15103377084864966,0.16373587066881387,-0.8472977876663208,31.656852722167969,-1,0,0.78198950759150498
486,1.823339172720694,0.23658602499147796,0.26995483256594033,-0.8472977876663208,32.656852722167969,-1,0,0.86096631907853127
487,1.3699680055377721,0.15103377084864966,0.16373587066881387,-0.8472977876663208,33.656852722167969,-1,0,0.79737498433298115
488,0.36010582101323829,0.035875090628236683,0.036534418728483051,-0.8472977876663208,34.656852722167969,-1,0,0.58906605010054713
489,-0.45492511141321434,0.0025464543770153947,0.0025497021065975147,-0.8472977876663208,35.656852722167969,-1,0,0.38819041678512778
490,-0.78141116249582543,4.0182483217798826e-05,4.0183290555438018e-05,-0.8472977876663208,36.656852722167969,-1,0,0.31401582795615035
491,-0.84018634903452172,2.3297356321894114e-07,2.3297359036806816e-07,-0.8472977876663208,37.656852722167969,-1,0,0.3014955381885347
492,-0.84729786038720356,0,0,-1,0,0,0,0.30000000000000004
493,-0.84729786038720356,0,0,-1,0,0,0,0.30000000000000004
494,-0.84729786038720356,0,0,-1,0,0,0,0.30000000000000004
495,-0.84729786038720356,0,0,-1,0,0,0,0.30000000000000004
496,-0.84315716373941674,3.0379413762382512e-08,3.037941424911643e-08,-0.8472977876663208,35.485279083251953,-1,0,0.30087026575391473
497,-0.80762820589563622,7.4335699445926551e-06,7.4335975736714894e-06,-0.8472977876663208,34.485279083251953,-1,0,0.30839614080209787
498,-0.59450351345560326,0.00066892729713630139,0.00066915112882442681,-0.8472977876663208,33.485279083251953,-1,0,0.35560220766860973
499,0.2031892622707151,0.021915529536225109,0.022159242059690037,-0.8472977876663208,32.485279083251953,-1,0,0.55062326646875004
500,1.9814095432756171,0.23658602499147796,0.26995483256594033,-0.8472977876663208,31.485279083251953,-1,0,0.87883134005043773
501,4.2593644793031435,0.70175906803159172,1.2098536225957202,-0.8472977876663208,30.485279083251953,-1,0,0.9860656302069043
502,5.4165427173373919,0.86394708690196564,1.9947114020156733,-0.8472977876663208,29.485279083251953,-1,0,0.99557716929855611
503,4.259944194078229,0.70175907016909944,1.2098536297627704,-0.8472977876663208,28.485279083251953,-1,0,0.98607359336159617
504,1.9905072982309089,0.23658772027693564,0.26995705323178543,-0.8472977876663208,27.485279083251953,-1,0,0.87979679688617696
505,0.29262758147695289,0.022163073711558123,0.022412364886676611,-0.8472977876663208,26.485279083251953,-1,0,0.57263928634249295
506,-0.054243794560644765,0.011219868296016289,0.011283285822025054,-0.8472977876663208,26.071065902709961,-1,0,0.486442375514203
507,1.1528661335704573,0.15104008169849459,0.16374330426638753,-0.8472977876663208,25.656852722167969,-1,0,0.76003403849877016
508,3.2365450885498621,0.51992520839067735,0.73381337136547409,-0.8472977876663208,25.242639541625977,-1,0,0.96218660811210399
509,4.3583194251058339,0.70175906804521238,1.2098536226413903,-0.8472977876663208,24.828426361083984,-1,0,0.9873618856146158
510,3.1898484677893766,0.51992519380629831,0.73381334098608508,-0.8472977876663208,24.414213180541992,-1,0,0.96045046484364405
511,1.0712205256221541,0.15103377084865277,0.16373587066881759,-0.8472977876663208,24.828426361083984,-1,0,0.74482895675021132
512,-0.33255099403879418,0.010558003544067884,0.010614134701710118,-0.8472977876663208,25.242639541625977,-1,0,0.41762005677887504
513,-0.76429056274912133,0.00025309795934591595,0.00025312999403983465,-0.8472977876663208,26.242639541625977,-1,0,0.31771546429415176
514,-0.82467245209238305,4.4413218276417865e-06,4.4413316903270349e-06,-0.8472977876663208,27.242639541625977,-1,0,0.30477272913241993
515,-0.7227944647075869,0.00025309795934591595,0.0002531299940398346,-0.8472977876663208,28.242639541625977,-1,0,0.32677791982430893
516,-0.19168554890177025,0.010558003544067884,0.010614134701710114,-0.8472977876663208,29.242639541625977,-1,0,0.45222480831722633
517,1.3003588403461217,0.15103377084865288,0.16373587066881762,-0.8472977876663208,30.242639541625977,-1,0,0.78589536909080671
518,3.1920464943049187,0.5199251938062861,0.73381334098605977,-0.8472977876663208,31.242639541625977,-1,0,0.96053387324309503
519,4.1855283911226024,0.7017590680315906,1.2098536225957168,-0.8472977876663208,32.242637634277344,-1,0,0.9850138371628907
520,3.2790565426347489,0.5199251938062861,0.73381334098605977,-0.8472977876663208,33.242637634277344,-1,0,0.96370329662550325
521,1.3939004923103093,0.15103377084864966,0.16373587066881387,-0.8472977876663208,34.242637634277344,-1,0,0.80121420451701353
522,-0.12833659994623436,0.010558003535648175,0.010614134693200628,-0.8472977876663208,35.242637634277344,-1,0,0.46795981385736862
523,-0.70160078156015648,0.00025309079410662516,0.00025312282698657486,-0.8472977876663208,36.242637634277344,-1,0,0.33145740955677827
524,-0.82844572412988915,2.2206633795152086e-06,2.2206658451635174e-06,-0.8472977876663208,37.242637634277344,-1,0,0.30397381389882072
525,-0.84729786038720356,0,0,-1,0,0,0,0.30000000000000004
526,-0.84729786038720356,0,0,-1,0,0,0,0.30000000000000004
527,-0.84729786038720356,0,0,-1,0,0,0,0.30000000000000004
528,-0.84729786038720356,0,0,-1,0,0,0,0.30000000000000004
529,-0.84623401510736718,7.1670532841849877e-09,7.1670532597994468e-09,-0.8472977876663208,35.071067810058594,-1,0,0.30022345503200687
530,-0.8335844193699099,2.2206633795152086e-06,2.2206658451635174e-06,-0.8472977876663208,34.071067810058594,-1,0,0.3028876974127408
531,-0.73156069862863793,0.00025309079410662516,0.00025312282698657486,-0.8472977876663208,33.071067810058594,-1,0,0.32485233632649535
532,-0.22404687750360741,0.010558003535648175,0.010614134693200628,-0.8472977876663208,32.071067810058594,-1,0,0.44422141214888422
533,1.2431541467902885,0.15103377084864966,0.16373587066881387,-0.8472977876663208,31.071065902709961,-1,0,0.7761125619355751
534,3.0626450302896724,0.51992519380629842,0.73381334098608531,-0.8472977876663208,30.071065902709961,-1,0,0.95532531986253733
535,4.1101539815662127,0.70175906804521238,1.2098536226413903,-0.8472977876663208,29.071065902709961,-1,0,0.98385954002636899
536,3.3845207559296564,0.51992520839067713,0.73381337136547375,-0.8472977876663208,28.071065902709961,-1,0,0.96721725267028835
537,1.6071990514991508,0.15104008169849459,0.16374330426638747,-0.8472977876663208,27.071065902709961,-1,0,0.83302214832236443
538,0.13018364560582862,0.011219868296016289,0.011283285822025056,-0.8472977876663208,26.071065902709961,-1,0,0.53250002408555419
539,0.01605493676641212,0.022163073711558123,0.022412364886676611,-0.8472977876663208,25.071065902709961,-1,0,0.50401364797848225
540,1.5006920183894881,0.23658772027693564,0.26995705323178548,-0.8472977876663208,24.656852722167969,-1,0,0.81767766559942012
541,4.0096007819173582,0.70175907016909933,1.2098536297627702,-0.8472977876663208,24.242639541625977,-1,0,0.98218258340515852
542,5.4167730296848067,0.86394708690196564,1.9947114020156729,-0.8472977876663208,23.828426361083984,-1,0,0.99557818331009673
543,4.0061602826116331,0.70175906803159183,1.2098536225957206,-0.8472977876663208,23.414213180541992,-1,0,0.98212227482843917
544,1.4684293354747542,0.23658602499147807,0.26995483256594044,-0.8472977876663208,23.828426361083984,-1,0,0.81281853536699
545,-0.84729786038720356,0,0,-1,0,0,0,0.30000000000000004
546,-0.84729786038720356,0,0,-1,0,0,0,0.30000000000000004
547,-0.84729786038720356,0,0,-1,0,0,0,0.30000000000000004
548,-0.63871293413660302,0.00066892779370897326,0.00066915162572947159,-0.8472977876663208,28.656852722167969,-1,0,0.34553754031156703
549,0.10094887864568458,0.021915529536606471,0.022159242060079933,-0.8472977876663208,29.656852722167969,-1,0,0.52521580945200486
550,1.8617659593818421,0.23658602499147796,0.26995483256594033,-0.8472977876663208,30.656852722167969,-1,0,0.86550265223524536
551,4.2039264823196163,0.7017590680315906,1.2098536225957168,-0.8472977876663208,31.656852722167969,-1,0,0.98528301248412775
552,5.4165197695491543,0.8639470869008079,1.9947114020071635,-0.8472977876663208,32.656852722167969,-1,0,0.99557706825211623
553,4.2039264823196163,0.7017590680315906,1.2098536225957168,-0.8472977876663208,33.656852722167969,-1,0,0.98528301248412775
554,1.8617659593818421,0.23658602499147796,0.26995483256594033,-0.8472977876663208,34.656852722167969,-1,0,0.86550265223524536
555,0.10094530236699806,0.021915529536225109,0.022159242059690037,-0.8472977876663208,35.656852722167969,-1,0,0.52521491765618333
556,-0.6388394151928164,0.00066892729713630139,0.00066915112882442681,-0.8472977876663208,36.656852722167969,-1,0,0.34550893827377327
557,-0.81836723434946312,7.4335699445926551e-06,7.4335975736714894e-06,-0.8472977876663208,37.656852722167969,-1,0,0.30611036059731034
558,-0.84729786038720356,0,0,-1,0,0,0,0.30000000000000004
559,-0.84729786038720356,0,0,-1,0,0,0,0.30000000000000004
560,-0.84729786038720356,0,0,-1,0,0,0,0.30000000000000004
561,-0.84729786038720356,0,0,-1,0,0,0,0.30000000000000004
562,-0.8469695364238955,4.9690507264443795e-10,4.9690504463631985e-10,-0.8472977876663208,34.656852722167969,-1,0,0.30006895255943089
563,-0.84229730713388695,2.3297356321894114e-07,2.3297359036806816e-07,-0.8472977876663208,33.656852722167969,-1,0,0.3010511652743717
564,-0.79686277258417382,4.0182483217798826e-05,4.0183290555438018e-05,-0.8472977876663208,32.656852722167969,-1,0,0.31069700188535965
565,-0.51896475899240746,0.0025464543770153947,0.0025497021065975147,-0.8472977876663208,31.656852722167969,-1,0,0.37309433950497795
566,0.12724561345556007,0.035875090628236683,0.036534418728483051,-0.8472977876663208,30.656852722167969,-1,0,0.53176855002960477
567,1.0653072382209525,0.15103377084865288,0.16373587066881762,-0.8472977876663208,29.656852722167969,-1,0,0.7437034583956279
568,1.6712009991405234,0.23658602499797432,0.26995483257444991,-0.8472977876663208,28.656852722167969,-1,0,0.84173587983602005
569,1.395671048283361,0.15103377693323572,0.16373587783586707,-0.8472977876663208,27.656852722167969,-1,0,0.80149605058532958
570,0.50388956916311012,0.035877231625116246,0.036536639394328219,-0.8472977876663208,26.656852722167969,-1,0,0.62337295806891202
571,-0.26288758862039818,0.0027989006869615363,0.0028028249335840891,-0.8472977876663208,25.656852722167969,-1,0,0.43465400790835751
572,-0.23266439783594384,0.010597761772066172,0.010654317983756064,-0.8472977876663208,24.656852722167969,-1,0,0.44209487866081909
573,1.084608742117668,0.15103396863533713,0.16373610364240423,-0.8472977876663208,23.656852722167969,-1,0,0.74736515378136092
574,3.1910598725897916,0.51992519404483772,0.73381334148296484,-0.8472977876663208,23.242639541625977,-1,0,0.96049645484403723
575,4.358106040477538,0.70175906803170696,1.2098536225961067,-0.8472977876663208,22.828426361083984,-1,0,0.98735922264055387
576,3.2324101951325037,0.51992519380628621,0.73381334098605988,-0.8472977876663208,22.414213180541992,-1,0,0.96203587821102121
577,1.1131992424724348,0.15103377084864966,0.16373587066881387,-0.8472977876663208,22.828426361083984,-1,0,0.75272506790873883
578,-0.84729786038720356,0,0,-1,0,0,0,0.30000000000000004
579,-0.84729786038720356,0,0,-1,0,0,0,0.30000000000000004
580,-0.84729786038720356,0,0,-1,0,0,0,0.30000000000000004
581,-0.84729786038720356,0,0,-1,0,0,0,0.30000000000000004
582,-0.12833618271372094,0.010558003535663052,0.010614134693215677,-0.8472977876663208,30.071065902709961,-1,0,0.46795991773717849
583,1.3939004923103093,0.15103377084864966,0.16373587066881387,-0.8472977876663208,31.071065902709961,-1,0,0.80121420451701353
584,3.2790565426347489,0.5199251938062861,0.73381334098605977,-0.8472977876663208,32.071067810058594,-1,0,0.96370329662550325
585,4.1855283911226024,0.7017590680315906,1.2098536225957168,-0.8472977876663208,33.071067810058594,-1,0,0.9850138371628907
586,3.1920464943049187,0.5199251938062861,0.73381334098605977,-0.8472977876663208,34.071067810058594,-1,0,0.96053387324309503
587,1.3003587211368322,0.15103377084864966,0.16373587066881387,-0.8472977876663208,35.071067810058594,-1,0,0.78589534903219338
588,-0.19170253622553124,0.010558003535648175,0.010614134693200628,-0.8472977876663208,36.071067810058594,-1,0,0.45222060026274036
589,-0.7232633744480349,0.00025309079410662516,0.00025312282698657486,-0.8472977876663208,37.071067810058594,-1,0,0.3266747708230695
590,-0.83256720650217308,2.2206633795152086e-06,2.2206658451635174e-06,-0.8472977876663208,38.071067810058594,-1,0,0.30310252164866769
591,-0.84729786038720356,0,0,-1,0,0,0,0.30000000000000004
592,-0.84729786038720356,0,0,-1,0,0,0,0.30000000000000004
593,-0.84729786038720356,0,0,-1,0,0,0,0.30000000000000004
594,-0.84729786038720356,0,0,-1,0,0,0,0.30000000000000004
595,-0.8472020541431643,2.9019675551467117e-11,2.9019704952553913e-11,-0.8472977876663208,34.242637634277344,-1,0,0.30002011969675146
596,-0.84559964287302269,2.0588133753385307e-08,2.0588133951389095e-08,-0.8472977876663208,33.242637634277344,-1,0,0.3003567467589604
597,-0.82690756666681542,5.3733524659760334e-06,5.3733669024324608e-06,-0.8472977876663208,32.242637634277344,-1,0,0.30429934570721018
598,-0.75738947737238183,0.00024613684702134986,0.00024616714366659754,-0.8472977876663208,31.242639541625977,-1,0,0.31921330705875051
599,-0.59227996218225731,0.0025464543770153947,0.0025497021065975147,-0.8472977876663208,30.242639541625977,-1,0,0.35611189627526263
600,-0.33467756855509057,0.010558003535648286,0.010614134693200741,-0.8472977876663208,29.242639541625977,-1,0,0.41710293583994951
601,-0.044996312737677235,0.021915529536606471,0.022159242060079933,-0.8472977876663208,28.242639541625977,-1,0,0.48875281940225235
602,-0.12274639952204003,0.010558004027306889,0.010614135190105671,-0.8472977876663208,27.242639541625977,-1,0,0.46935187091927788
603,-0.44671641933939232,0.0025466867573220586,0.0025499350801878821,-0.8472977876663208,26.242639541625977,-1,0,0.39014174979753136
604,-0.62600099194071068,0.00028630943984941926,0.00028635043422203555,-0.8472977876663208,25.242639541625977,-1,0,0.34841785282091153
605,-0.54589074003717675,0.002551814046484413,0.0025550754734999471,-0.8472977876663208,24.242639541625977,-1,0,0.3668183131563485
606,0.26633007180669532,0.035875110477769256,0.036534439316616998,-0.8472977876663208,23.242639541625977,-1,0,0.56619172206103852
607,1.5134565616843947,0.1510337708732864,0.16373587069783357,-0.8472977876663208,22.242639541625977,-1,0,0.81957290426641827
608,2.1990879113672026,0.23658602499148951,0.26995483256595537,-0.8472977876663208,21.828426361083984,-1,0,0.9001675751149375
609,1.5618273998496779,0.15103377084864966,0.16373587066881387,-0.8472977876663208,21.414213180541992,-1,0,0.8266154165992976
610,-0.84729786038720356,0,0,-1,0,0,0,0.30000000000000004
611,-0.84729786038720356,0,0,-1,0,0,0,0.30000000000000004
612,-0.84729786038720356,0,0,-1,0,0,0,0.30000000000000004
613,-0.84729786038720356,0,0,-1,0,0,0,0.30000000000000004
614,-0.84729786038720356,0,0,-1,0,0,0,0.30000000000000004
615,-0.45492511141321434,0.0025464543770153947,0.0025497021065975169,-0.8472977876663208,31.071065902709961,-1,0,0.38819041678512778
616,0.36010582101323829,0.035875090628236683,0.036534418728483051,-0.8472977876663208,31.485279083251953,-1,0,0.58906605010054713
617,1.3699680055377721,0.15103377084864966,0.16373587066881387,-0.8472977876663208,32.485279083251953,-1,0,0.79737498433298115
618,1.823339172720694,0.23658602499147796,0.26995483256594033,-0.8472977876663208,33.485279083251953,-1,0,0.86096631907853127
619,1.2772981311080693,0.15103377084864966,0.16373587066881387,-0.8472977876663208,34.485279083251953,-1,0,0.78198950759150498
620,0.25946218621709571,0.035875090628236683,0.036534418728483051,-0.8472977876663208,35.485279083251953,-1,0,0.5645040806699585
621,-0.49880402433893456,0.0025464543770153947,0.0025497021065975147,-0.8472977876663208,36.485279083251953,-1,0,0.37782176865412187
622,-0.79305308210870995,4.0182483217798826e-05,4.0183290555438018e-05,-0.8472977876663208,37.485279083251953,-1,0,0.31151348971654735
623,-0.84196095812341942,2.3297356321894114e-07,2.3297359036806816e-07,-0.8472977876663208,38.485279083251953,-1,0,0.30112194435388429
624,-0.84729786038720356,0,0,-1,0,0,0,0.30000000000000004
625,-0.84729786038720356,0,0,-1,0,0,0,0.30000000000000004
626,-0.84729786038720356,0,0,-1,0,0,0,0.30000000000000004
627,-0.84729786038720356,0,0,-1,0,0,0,0.30000000000000004
628,-0.84727042067072167,1.4275247650630263e-12,1.4275765067027292e-12,-0.8472977876663208,34.656852722167969,-1,0,0.30000576237208443
629,-0.84675937044641747,1.5325479774119799e-09,1.5325480174079825e-09,-0.8472977876663208,33.656852722167969,-1,0,0.30011309506494321
630,-0.84408717501184716,2.2447529390845489e-07,2.2447531907474618e-07,-0.8472977876663208,32.656852722167969,-1,0,0.30067467658409797
631,-0.83496146547815575,5.3733524659760334e-06,5.3733669024324608e-06,-0.8472977876663208,31.656852722167969,-1,0,0.30259701756188151
632,-0.84729786038720356,0,0,-1,0,0,0,0.30000000000000004
633,-0.84729786038720356,0,0,-1,0,0,0,0.30000000000000004
634,-0.84729786038720356,0,0,-1,0,0,0,0.30000000000000004
635,-0.84729786038720356,0,0,-1,0,0,0,0.30000000000000004
636,-0.84729786038720356,0,0,-1,0,0,0,0.30000000000000004
637,-0.84729786038720356,0,0,-1,0,0,0,0.30000000000000004
638,-0.84729786038720356,0,0,-1,0,0,0,0.30000000000000004
639,-0.84729786038720356,0,0,-1,0,0,0,0.30000000000000004
640,-0.84729786038720356,0,0,-1,0,0,0,0.30000000000000004
641,0.39682806384542213,0.021915529536225664,0.022159242059690526,-0.8472977876663208,20.828426361083984,-1,0,0.59792533037286177
642,-0.0045396004917360733,0.010558003535648175,0.010614134693200628,-0.8472977876663208,20.414213180541992,-1,0,0.49886510182606114
643,-0.84729786038720356,0,0,-1,0,0,0,0.30000000000000004
644,-0.84729786038720356,0,0,-1,0,0,0,0.30000000000000004
645,-0.84729786038720356,0,0,-1,0,0,0,0.30000000000000004
646,-0.84729786038720356,0,0,-1,0,0,0,0.30000000000000004
647,-0.84729786038720356,0,0,-1,0,0,0,0.30000000000000004
648,-0.7033082758190371,0.00024613684702134986,0.00024616714366659754,-0.8472977876663208,32.071067810058594,-1,0,0.33107914905644897
649,-0.46643047678491845,0.0025464543770153947,0.0025497021065975147,-0.8472977876663208,32.485279083251953,-1,0,0.3854614490952224
650,-0.14480899918100609,0.010558003535648175,0.010614134693200628,-0.8472977876663208,32.899494171142578,-1,0,0.46386088019099092
651,0.070021220564629894,0.021915529536225109,0.022159242059690037,-0.8472977876663208,33.899494171142578,-1,0,0.51749815631208573
652,-0.2068938528301455,0.010558003535648175,0.010614134693200628,-0.8472977876663208,34.899494171142578,-1,0,0.4484602526251672
653,-0.50916223871729149,0.0025464543770153947,0.0025497021065975147,-0.8472977876663208,35.899494171142578,-1,0,0.37538993685777322
654,-0.72967999327204003,0.00024613684702134986,0.00024616714366659754,-0.8472977876663208,36.899494171142578,-1,0,0.32526495461925831
655,-0.82536732304117455,5.3733524659760334e-06,5.3733669024324608e-06,-0.8472977876663208,37.899494171142578,-1,0,0.30462551546587113
656,-0.84550701725504174,2.0588133753385307e-08,2.0588133951389095e-08,-0.8472977876663208,38.899494171142578,-1,0,0.30037621170443718
657,-0.84729786038720356,0,0,-1,0,0,0,0.30000000000000004
658,-0.84729786038720356,0,0,-1,0,0,0,0.30000000000000004
659,-0.84729786038720356,0,0,-1,0,0,0,0.30000000000000004
660,-0.84729786038720356,0,0,-1,0,0,0,0.30000000000000004
661,-0.84728913652918114,5.9174887212520844e-14,5.9155156107337967e-14,-0.8472977876663208,35.071067810058594,-1,0,0.30000183201338115
662,-0.84724872458002343,2.7702395932749369e-11,2.7702440331821653e-11,-0.8472977876663208,34.071067810058594,-1,0,0.30001031862090843
663,-0.84706323492548241,1.5325479774119799e-09,1.5325480174079825e-09,-0.8472977876663208,33.071067810058594,-1,0,0.30004927365890643
664,-0.84729786038720356,0,0,-1,0,0,0,0.30000000000000004
665,-0.84729786038720356,0,0,-1,0,0,0,0.30000000000000004
666,-0.84729786038720356,0,0,-1,0,0,0,0.30000000000000004
667,-0.84729786038720356,0,0,-1,0,0,0,0.30000000000000004
668,-0.84729786038720356,0,0,-1,0,0,0,0.30000000000000004
669,-0.84729786038720356,0,0,-1,0,0,0,0.30000000000000004
670,-0.84729786038720356,0,0,-1,0,0,0,0.30000000000000004
671,-0.84729786038720356,0,0,-1,0,0,0,0.30000000000000004
672,-0.84729786038720356,0,0,-1,0,0,0,0.30000000000000004
673,-0.84729786038720356,0,0,-1,0,0,0,0.30000000000000004
674,-0.50500362265131249,0.00066892729713630139,0.00066915112882442681,-0.8472977876663208,19.828426361083984,-1,0,0.37636552141254476
675,-0.65367107737085595,0.00025309079410662516,0.00025312282698657486,-0.8472977876663208,19.414213180541992,-1,0,0.34216274591990736
676,-0.84729786038720356,0,0,-1,0,0,0,0.30000000000000004
677,-0.84729786038720356,0,0,-1,0,0,0,0.30000000000000004
678,-0.84729786038720356,0,0,-1,0,0,0,0.30000000000000004
679,-0.84729786038720356,0,0,-1,0,0,0,0.30000000000000004
680,-0.84729786038720356,0,0,-1,0,0,0,0.30000000000000004
681,-0.84729786038720356,0,0,-1,0,0,0,0.30000000000000004
682,-0.84729786038720356,0,0,-1,0,0,0,0.30000000000000004
683,-0.84729786038720356,0,0,-1,0,0,0,0.30000000000000004
684,-0.84729786038720356,0,0,-1,0,0,0,0.30000000000000004
685,-0.84729786038720356,0,0,-1,0,0,0,0.30000000000000004
686,-0.84729786038720356,0,0,-1,0,0,0,0.30000000000000004
687,-0.84729786038720356,0,0,-1,0,0,0,0.30000000000000004
688,-0.84729786038720356,0,0,-1,0,0,0,0.30000000000000004
689,-0.84729786038720356,0,0,-1,0,0,0,0.30000000000000004
690,-0.84729786038720356,0,0,-1,0,0,0,0.30000000000000004
691,-0.84729786038720356,0,0,-1,0,0,0,0.30000000000000004
692,-0.84729786038720356,0,0,-1,0,0,0,0.30000000000000004
693,-0.84729786038720356,0,0,-1,0,0,0,0.30000000000000004
694,-0.84729509699365868,4.4408920985006262e-16,4.6267936981695259e-16,-0.8472977876663208,35.485282897949219,-1,0,0.30000058031296517
695,-0.84729378569147362,5.9174887212520844e-14,5.9155156107337967e-14,-0.8472977876663208,34.485282897949219,-1,0,0.30000085568680068
696,-0.84728746759912743,1.4275247650630263e-12,1.4275765067027292e-12,-0.8472977876663208,34.071067810058594,-1,0,0.30000218249003241
697,-0.84729786038720356,0,0,-1,0,0,0,0.30000000000000004
698,-0.84729786038720356,0,0,-1,0,0,0,0.30000000000000004
699,-0.84729786038720356,0,0,-1,0,0,0,0.30000000000000004
700,-0.84729786038720356,0,0,-1,0,0,0,0.30000000000000004
701,-0.84729786038720356,0,0,-1,0,0,0,0.30000000000000004
702,-0.84729786038720356,0,0,-1,0,0,0,0.30000000000000004
703,-0.84729786038720356,0,0,-1,0,0,0,0.30000000000000004
704,-0.84729786038720356,0,0,-1,0,0,0,0.30000000000000004
705,-0.84729786038720356,0,0,-1,0,0,0,0.30000000000000004
706,-0.84729786038720356,0,0,-1,0,0,0,0.30000000000000004
707,-0.78403716433069481,7.4335699445926551e-06,7.4335975736714894e-06,-0.8472977876663208,18.828426361083984,-1,0,0.31345043765424796
708,-0.81776594269296898,2.2206633795152086e-06,2.2206658451635174e-06,-0.8472977876663208,18.414213180541992,-1,0,0.30623809392642465
709,-0.84729786038720356,0,0,-1,0,0,0,0.30000000000000004
710,-0.84729786038720356,0,0,-1,0,0,0,0.30000000000000004
711,-0.84729786038720356,0,0,-1,0,0,0,0.30000000000000004
712,-0.84729786038720356,0,0,-1,0,0,0,0.30000000000000004
713,-0.84729786038720356,0,0,-1,0,0,0,0.30000000000000004
714,-0.84729786038720356,0,0,-1,0,0,0,0.30000000000000004
715,-0.84729786038720356,0,0,-1,0,0,0,0.30000000000000004
716,-0.84729786038720356,0,0,-1,0,0,0,0.30000000000000004
717,-0.84729786038720356,0,0,-1,0,0,0,0.30000000000000004
718,-0.84729786038720356,0,0,-1,0,0,0,0.30000000000000004
719,-0.84729786038720356,0,0,-1,0,0,0,0.30000000000000004
720,-0.84729786038720356,0,0,-1,0,0,0,0.30000000000000004
721,-0.84729786038720356,0,0,-1,0,0,0,0.30000000000000004
722,-0.84729786038720356,0,0,-1,0,0,0,0.30000000000000004
723,-0.84729786038720356,0,0,-1,0,0,0,0.30000000000000004
724,-0.84729786038720356,0,0,-1,0,0,0,0.30000000000000004
725,-0.84729786038720356,0,0,-1,0,0,0,0.30000000000000004
726,-0.84729786038720356,0,0,-1,0,0,0,0.30000000000000004
727,-0.84729509699365868,0,3.0901813407924308e-19,-0.8472977876663208,35.899497985839844,-1,0,0.30000058031296517
728,-0.84729509699365868,0,1.3396542271387927e-17,-0.8472977876663208,35.485282897949219,-1,0,0.30000058031296517
729,-0.84729509699365868,4.4408920985006262e-16,4.8920621731430353e-16,-0.8472977876663208,35.071067810058594,-1,0,0.30000058031296517
730,-0.84729786038720356,0,0,-1,0,0,0,0.30000000000000004
731,-0.84729786038720356,0,0,-1,0,0,0,0.30000000000000004
732,-0.84729786038720356,0,0,-1,0,0,0,0.30000000000000004
733,-0.84729786038720356,0,0,-1,0,0,0,0.30000000000000004
734,-0.84729786038720356,0,0,-1,0,0,0,0.30000000000000004
735,-0.84729786038720356,0,0,-1,0,0,0,0.30000000000000004
736,-0.84729786038720356,0,0,-1,0,0,0,0.30000000000000004
737,-0.84729786038720356,0,0,-1,0,0,0,0.30000000000000004
738,-0.84729786038720356,0,0,-1,0,0,0,0.30000000000000004
739,-0.84729786038720356,0,0,-1,0,0,0,0.30000000000000004
740,-0.83933424103281273,3.0379413762382512e-08,3.037941424911643e-08,-0.8472977876663208,17.828426361083984,-1,0,0.30167501905489569
741,-0.84425400841257348,7.1670532841849877e-09,7.1670532597994468e-09,-0.8472977876663208,17.414213180541992,-1,0,0.30063959778904636
742,-0.84729786038720356,0,0,-1,0,0,0,0.30000000000000004
743,-0.84729786038720356,0,0,-1,0,0,0,0.30000000000000004
744,-0.84729786038720356,0,0,-1,0,0,0,0.30000000000000004
745,-0.84729786038720356,0,0,-1,0,0,0,0.30000000000000004
746,-0.84729786038720356,0,0,-1,0,0,0,0.30000000000000004
747,-0.84729786038720356,0,0,-1,0,0,0,0.30000000000000004
748,-0.84729786038720356,0,0,-1,0,0,0,0.30000000000000004
749,-0.84729786038720356,0,0,-1,0,0,0,0.30000000000000004
750,-0.84729786038720356,0,0,-1,0,0,0,0.30000000000000004
751,-0.84729786038720356,0,0,-1,0,0,0,0.30000000000000004
752,-0.84729786038720356,0,0,-1,0,0,0,0.30000000000000004
753,-0.84729786038720356,0,0,-1,0,0,0,0.30000000000000004
754,-0.84729786038720356,0,0,-1,0,0,0,0.30000000000000004
755,-0.84729786038720356,0,0,-1,0,0,0,0.30000000000000004
756,-0.84729786038720356,0,0,-1,0,0,0,0.30000000000000004
757,-0.84729786038720356,0,0,-1,0,0,0,0.30000000000000004
758,-0.84729786038720356,0,0,-1,0,0,0,0.30000000000000004
759,-0.84729786038720356,0,0,-1,0,0,0,0.30000000000000004
760,-0.84729509699365868,0,1.7013712873726488e-23,-0.8472977876663208,36.899497985839844,-1,0,0.30000058031296517
761,-0.84729786038720356,0,0,-1,0,0,0,0.30000000000000004
762,-0.84729786038720356,0,0,-1,0,0,0,0.30000000000000004
763,-0.84729786038720356,0,0,-1,0,0,0,0.30000000000000004
764,-0.84729786038720356,0,0,-1,0,0,0,0.30000000000000004
765,-0.84729786038720356,0,0,-1,0,0,0,0.30000000000000004
766,-0.84729786038720356,0,0,-1,0,0,0,0.30000000000000004
767,-0.84729786038720356,0,0,-1,0,0,0,0.30000000000000004
768,-0.84729786038720356,0,0,-1,0,0,0,0.30000000000000004
769,-0.84729786038720356,0,0,-1,0,0,0,0.30000000000000004
770,-0.84729786038720356,0,0,-1,0,0,0,0.30000000000000004
771,-0.84729786038720356,0,0,-1,0,0,0,0.30000000000000004
772,-0.84729786038720356,0,0,-1,0,0,0,0.30000000000000004
773,-0.8466076766254641,4.5673576032356777e-11,4.5673602041822976e-11,-0.8472977876663208,16.828426361083984,-1,0,0.30014495859382451
774,-0.84708195078394188,8.5095264168444373e-12,8.5094907149183913e-12,-0.8472977876663208,16.414213180541992,-1,0,0.30004534297450558
775,-0.84729786038720356,0,0,-1,0,0,0,0.30000000000000004
776,-0.84729786038720356,0,0,-1,0,0,0,0.30000000000000004
777,-0.84729786038720356,0,0,-1,0,0,0,0.30000000000000004
778,-0.84729786038720356,0,0,-1,0,0,0,0.30000000000000004
779,-0.84729786038720356,0,0,-1,0,0,0,0.30000000000000004
780,-0.84729786038720356,0,0,-1,0,0,0,0.30000000000000004
781,-0.84729786038720356,0,0,-1,0,0,0,0.30000000000000004
782,-0.84729786038720356,0,0,-1,0,0,0,0.30000000000000004
783,-0.84729786038720356,0,0,-1,0,0,0,0.30000000000000004
784,-0.84729786038720356,0,0,-1,0,0,0,0.30000000000000004
785,-0.84729786038720356,0,0,-1,0,0,0,0.30000000000000004
786,-0.84729786038720356,0,0,-1,0,0,0,0.30000000000000004
787,-0.84729786038720356,0,0,-1,0,0,0,0.30000000000000004
788,-0.84729786038720356,0,0,-1,0,0,0,0.30000000000000004
789,-0.84729786038720356,0,0,-1,0,0,0,0.30000000000000004
790,-0.84729786038720356,0,0,-1,0,0,0,0.30000000000000004
791,-0.84729786038720356,0,0,-1,0,0,0,0.30000000000000004
792,-0.84729786038720356,0,0,-1,0,0,0,0.30000000000000004
793,-0.84729509699365868,0,3.4460355299198246e-28,-0.8472977876663208,37.899497985839844,-1,0,0.30000058031296517
794,-0.84729786038720356,0,0,-1,0,0,0,0.30000000000000004
795,-0.84729786038720356,0,0,-1,0,0,0,0.30000000000000004
796,-0.84729786038720356,0,0,-1,0,0,0,0.30000000000000004
797,-0.84729786038720356,0,0,-1,0,0,0,0.30000000000000004
798,-0.84729786038720356,0,0,-1,0,0,0,0.30000000000000004
799,-0.84729786038720356,0,0,-1,0,0,0,0.30000000000000004
800,-0.84729786038720356,0,0,-1,0,0,0,0.30000000000000004
801,-0.84729786038720356,0,0,-1,0,0,0,0.30000000000000004
802,-0.84729786038720356,0,0,-1,0,0,0,0.30000000000000004
803,-0.84729786038720356,0,0,-1,0,0,0,0.30000000000000004
804,-0.84729786038720356,0,0,-1,0,0,0,0.30000000000000004
805,-0.84729786038720356,0,0,-1,0,0,0,0.30000000000000004
806,-0.84725444662592186,2.5313084961453569e-14,2.5261355417684463e-14,-0.8472977876663208,15.828426361083984,-1,0,0.3000091169690281
807,-0.84728514301798119,3.6637359812630166e-15,3.7168242311822591e-15,-0.8472977876663208,15.414213180541992,-1,0,0.30000267065432951
808,-0.84729786038720356,0,0,-1,0,0,0,0.30000000000000004
809,-0.84729786038720356,0,0,-1,0,0,0,0.30000000000000004
810,-0.84729786038720356,0,0,-1,0,0,0,0.30000000000000004
811,-0.84729786038720356,0,0,-1,0,0,0,0.30000000000000004
812,-0.84729786038720356,0,0,-1,0,0,0,0.30000000000000004
813,-0.84729786038720356,0,0,-1,0,0,0,0.30000000000000004
814,-0.84729786038720356,0,0,-1,0,0,0,0.30000000000000004
815,-0.84729786038720356,0,0,-1,0,0,0,0.30000000000000004
816,-0.84729786038720356,0,0,-1,0,0,0,0.30000000000000004
817,-0.84729786038720356,0,0,-1,0,0,0,0.30000000000000004
818,-0.84729786038720356,0,0,-1,0,0,0,0.30000000000000004
819,-0.84729786038720356,0,0,-1,0,0,0,0.30000000000000004
820,-0.84729786038720356,0,0,-1,0,0,0,0.30000000000000004
821,-0.84729786038720356,0,0,-1,0,0,0,0.30000000000000004
822,-0.84729786038720356,0,0,-1,0,0,0,0.30000000000000004
823,-0.84729786038720356,0,0,-1,0,0,0,0.30000000000000004
824,-0.84729786038720356,0,0,-1,0,0,0,0.30000000000000004
825,-0.84729786038720356,0,0,-1,0,0,0,0.30000000000000004
826,-0.84729786038720356,0,0,-1,0,0,0,0.30000000000000004
827,-0.84729786038720356,0,0,-1,0,0,0,0.30000000000000004
828,-0.84729786038720356,0,0,-1,0,0,0,0.30000000000000004
829,-0.84729786038720356,0,0,-1,0,0,0,0.30000000000000004
830,-0.84729786038720356,0,0,-1,0,0,0,0.30000000000000004
831,-0.84729786038720356,0,0,-1,0,0,0,0.30000000000000004
832,-0.84729786038720356,0,0,-1,0,0,0,0.30000000000000004
833,-0.84729786038720356,0,0,-1,0,0,0,0.30000000000000004
834,-0.84729786038720356,0,0,-1,0,0,0,0.30000000000000004
835,-0.84729786038720356,0,0,-1,0,0,0,0.30000000000000004
836,-0.84729786038720356,0,0,-1,0,0,0,0.30000000000000004
837,-0.84729786038720356,0,0,-1,0,0,0,0.30000000000000004
838,-0.84729786038720356,0,0,-1,0,0,0,0.30000000000000004
839,-0.84729372608682885,0,5.1398867858344579e-18,-0.8472977876663208,14.828426361083984,-1,0,0.30000086820379657
840,-0.84729497778436913,0,5.9723602584309254e-19,-0.8472977876663208,14.414213180541992,-1,0,0.30000060534694417
841,-0.84729786038720356,0,0,-1,0,0,0,0.30000000000000004
842,-0.84729786038720356,0,0,-1,0,0,0,0.30000000000000004
843,-0.84729786038720356,0,0,-1,0,0,0,0.30000000000000004
844,-0.84729786038720356,0,0,-1,0,0,0,0.30000000000000004
845,-0.84729786038720356,0,0,-1,0,0,0,0.30000000000000004
846,-0.84729786038720356,0,0,-1,0,0,0,0.30000000000000004
847,-0.84729786038720356,0,0,-1,0,0,0,0.30000000000000004
848,-0.84729786038720356,0,0,-1,0,0,0,0.30000000000000004
849,-0.84729786038720356,0,0,-1,0,0,0,0.30000000000000004
850,-0.84729786038720356,0,0,-1,0,0,0,0.30000000000000004
851,-0.84729786038720356,0,0,-1,0,0,0,0.30000000000000004
852,-0.84021644938013329,1.6037227534848597e-07,1.6037228817223e-07,-0.84575742483139038,5.6502814292907715,0.44721359014511108,-0.89442718029022217,0.30148919921466943
853,-0.84484397518656029,1.3885428251647625e-08,1.3885428388241438e-08,-0.84675252437591553,6.0644950866699219,0.44721359014511108,-0.89442718029022217,0.30051556866268714
854,-0.84729786038720356,0,0,-1,0,0,0,0.30000000000000004
855,-0.84729786038720356,0,0,-1,0,0,0,0.30000000000000004
856,-0.84729786038720356,0,0,-1,0,0,0,0.30000000000000004
857,-0.84729786038720356,0,0,-1,0,0,0,0.30000000000000004
858,-0.84729786038720356,0,0,-1,0,0,0,0.30000000000000004
859,-0.84729786038720356,0,0,-1,0,0,0,0.30000000000000004
860,-0.84729786038720356,0,0,-1,0,0,0,0.30000000000000004
861,-0.84729786038720356,0,0,-1,0,0,0,0.30000000000000004
862,-0.84729786038720356,0,0,-1,0,0,0,0.30000000000000004
863,-0.84729786038720356,0,0,-1,0,0,0,0.30000000000000004
864,-0.84729786038720356,0,0,-1,0,0,0,0.30000000000000004
865,-0.84729786038720356,0,0,-1,0,0,0,0.30000000000000004
866,-0.84729786038720356,0,0,-1,0,0,0,0.30000000000000004
867,-0.84729786038720356,0,0,-1,0,0,0,0.30000000000000004
868,-0.84729786038720356,0,0,-1,0,0,0,0.30000000000000004
869,-0.84729786038720356,0,0,-1,0,0,0,0.30000000000000004
870,-0.84729786038720356,0,0,-1,0,0,0,0.30000000000000004
871,-0.84729786038720356,0,0,-1,0,0,0,0.30000000000000004
872,-0.84729509699365868,0,3.8472993138471496e-22,-0.8472977876663208,13.828426361083984,-1,0,0.30000058031296517
873,-0.84729509699365868,0,3.5304134635362993e-23,-0.8472977876663208,13.414213180541992,-1,0,0.30000058031296517
874,-0.84729786038720356,0,0,-1,0,0,0,0.30000000000000004
875,-0.84729786038720356,0,0,-1,0,0,0,0.30000000000000004
876,-0.84729786038720356,0,0,-1,0,0,0,0.30000000000000004
877,-0.84729786038720356,0,0,-1,0,0,0,0.30000000000000004
878,-0.84729786038720356,0,0,-1,0,0,0,0.30000000000000004
879,-0.84729786038720356,0,0,-1,0,0,0,0.30000000000000004
880,-0.84729786038720356,0,0,-1,0,0,0,0.30000000000000004
881,-0.84729786038720356,0,0,-1,0,0,0,0.30000000000000004
882,-0.84729786038720356,0,0,-1,0,0,0,0.30000000000000004
883,-0.84729786038720356,0,0,-1,0,0,0,0.30000000000000004
884,-0.84729786038720356,0,0,-1,0,0,0,0.30000000000000004
885,-0.77889131653330101,2.948290660631514e-05,2.9483341235695274e-05,-0.83337056636810303,4.6502814292907715,0.44721359014511108,-0.89442718029022217,0.31455888190776393
886,-0.82633506405374779,3.2446030117094793e-06,3.2446082754108655e-06,-0.84140163660049438,5.0644950866699219,0.44721359014511108,-0.89442718029022217,0.30442055880556307
887,-0.84729786038720356,0,0,-1,0,0,0,0.30000000000000004
888,-0.84729786038720356,0,0,-1,0,0,0,0.30000000000000004
889,-0.84729786038720356,0,0,-1,0,0,0,0.30000000000000004
890,-0.84729786038720356,0,0,-1,0,0,0,0.30000000000000004
891,-0.84729786038720356,0,0,-1,0,0,0,0.30000000000000004
892,-0.84729786038720356,0,0,-1,0,0,0,0.30000000000000004
893,-0.84729786038720356,0,0,-1,0,0,0,0.30000000000000004
894,-0.84729786038720356,0,0,-1,0,0,0,0.30000000000000004
895,-0.84729786038720356,0,0,-1,0,0,0,0.30000000000000004
896,-0.84729786038720356,0,0,-1,0,0,0,0.30000000000000004
897,-0.84729786038720356,0,0,-1,0,0,0,0.30000000000000004
898,-0.84729786038720356,0,0,-1,0,0,0,0.30000000000000004
899,-0.84729786038720356,0,0,-1,0,0,0,0.30000000000000004
900,-0.84729786038720356,0,0,-1,0,0,0,0.30000000000000004
901,-0.84729786038720356,0,0,-1,0,0,0,0.30000000000000004
902,-0.84729786038720356,0,0,-1,0,0,0,0.30000000000000004
903,-0.84729786038720356,0,0,-1,0,0,0,0.30000000000000004
904,-0.84729786038720356,0,0,-1,0,0,0,0.30000000000000004
905,-0.84729786038720356,0,0,-1,0,0,0,0.30000000000000004
906,-0.84729509699365868,0,4.6768833394203881e-25,-0.8472977876663208,12.414213180541992,-1,0,0.30000058031296517
907,-0.84729786038720356,0,0,-1,0,0,0,0.30000000000000004
908,-0.84729786038720356,0,0,-1,0,0,0,0.30000000000000004
909,-0.84729786038720356,0,0,-1,0,0,0,0.30000000000000004
910,-0.782303980469916,4.0182500628982432e-05,4.0183307967260998e-05,-0.84728443622589111,7.0644950866699219,-0.89442718029022217,-0.44721359014511108,0.31382353807908059
911,-0.458240738988135,0.0025464666984396089,0.0025497144594778857,-0.84701651334762573,6.0644950866699219,-0.89442718029022217,-0.44721359014511108,0.38740325235915407
912,0.3413266028163694,0.035878198981352694,0.036537642748624512,-0.84358042478561401,5.0644950866699219,-0.89442718029022217,-0.44721359014511108,0.584512734585934
913,1.3821708346603168,0.15115915414386716,0.1638835709550138,-0.82836651802062988,4.242640495300293,-0.70710676908493042,-0.70710676908493042,0.7993394195261625
914,1.9686781550643695,0.23775301904988821,0.27148465382989889,-0.79049462080001831,3.6502816677093506,-0.44721359014511108,-0.89442718029022217,0.87746906313173567
915,1.6239053691623462,0.15642321648657487,0.17010435148473427,-0.73544889688491821,3.2360680103302002,-0.44721359014511108,-0.89442718029022217,0.83533302396510623
916,0.81814027678945289,0.048608818467027359,0.049829963964297071,-0.67385798692703247,3,0,-1,0.69384142995064069
917,-0.025231233716223378,0.0088785338825387861,0.0089181829225178904,-0.69958651065826416,3.2360680103302002,0.44721359014511108,-0.89442718029022217,0.49369252618684534
918,-0.53626244413873925,0.001568772724305334,0.001570004536693263,-0.76607984304428101,3.6502816677093506,0.44721359014511108,-0.89442718029022217,0.36905746055292232
919,-0.7337040220501162,0.00014792231820515145,0.00014793325979032659,-0.81250792741775513,4.242640495300293,0.70710676908493042,-0.70710676908493042,0.32438243215051488
920,-0.84729786038720356,0,0,-1,0,0,0,0.30000000000000004
921,-0.84729786038720356,0,0,-1,0,0,0,0.30000000000000004
922,-0.84729786038720356,0,0,-1,0,0,0,0.30000000000000004
923,-0.84729786038720356,0,0,-1,0,0,0,0.30000000000000004
924,-0.84729786038720356,0,0,-1,0,0,0,0.30000000000000004
925,-0.84729786038720356,0,0,-1,0,0,0,0.30000000000000004
926,-0.84729786038720356,0,0,-1,0,0,0,0.30000000000000004
927,-0.84729786038720356,0,0,-1,0,0,0,0.30000000000000004
928,-0.84729786038720356,0,0,-1,0,0,0,0.30000000000000004
929,-0.84729786038720356,0,0,-1,0,0,0,0.30000000000000004
930,-0.84729786038720356,0,0,-1,0,0,0,0.30000000000000004
931,-0.84729786038720356,0,0,-1,0,0,0,0.30000000000000004
932,-0.84729786038720356,0,0,-1,0,0,0,0.30000000000000004
933,-0.84729786038720356,0,0,-1,0,0,0,0.30000000000000004
934,-0.84729786038720356,0,0,-1,0,0,0,0.30000000000000004
935,-0.84729786038720356,0,0,-1,0,0,0,0.30000000000000004
936,-0.84729786038720356,0,0,-1,0,0,0,0.30000000000000004
937,-0.84729786038720356,0,0,-1,0,0,0,0.30000000000000004
938,-0.84729786038720356,0,0,-1,0,0,0,0.30000000000000004
939,-0.84729509699365868,0,1.1953981467539013e-20,-0.8472977876663208,11.414213180541992,-1,0,0.30000058031296517
940,-0.84729786038720356,0,0,-1,0,0,0,0.30000000000000004
941,-0.84729786038720356,0,0,-1,0,0,0,0.30000000000000004
942,-0.84729786038720356,0,0,-1,0,0,0,0.30000000000000004
943,-0.70332579958460106,0.00025309109217419579,0.00025312312512960157,-0.84724783897399902,6.6502814292907715,-0.89442718029022217,-0.44721359014511108,0.33107526815412169
944,-0.13211189854166283,0.010558141843951208,0.010614274477354848,-0.84643071889877319,5.6502814292907715,-0.89442718029022217,-0.44721359014511108,0.46701997962993003
945,1.410739460110451,0.15105423915589811,0.16375998064314712,-0.8378530740737915,4.6502814292907715,-0.89442718029022217,-0.44721359014511108,0.80388254970787132
946,3.4391151443941248,0.52065906096717252,0.73534316225001817,-0.78319156169891357,3.6502816677093506,-0.89442718029022217,-0.44721359014511108,0.96890486776993479
947,4.7694688971040495,0.70822556958774396,1.2317742738328068,-0.64558565616607666,2.8284270763397217,-0.70710676908493042,-0.70710676908493042,0.99158650225278822
948,4.4137754245547312,0.5648458154211452,0.83205486338734824,-0.44804999232292175,2.2360680103302002,-0.44721359014511108,-0.89442718029022217,0.98803550860848799
949,2.9192011142966998,0.27798457078110683,0.32570877020837807,-0.32588040828704834,2,0,-1,0.94878749531348006
950,1.2138488377330563,0.10314013648576048,0.10885565709448894,-0.39338886737823486,2.2360680103302002,0.44721359014511108,-0.89442718029022217,0.77097924795792128
951,0.08128858458974586,0.021929742960765108,0.022173774064076404,-0.58525377511978149,2.8284270763397217,0.70710676908493042,-0.70710676908493042,0.52031096308962788
952,-0.55568521368524804,0.0015308689526595254,0.0015320419298036723,-0.75568908452987671,3.6502816677093506,0.89442718029022217,-0.44721359014511108,0.3645464046071637
953,-0.84729786038720356,0,0,-1,0,0,0,0.30000000000000004
954,-0.84729786038720356,0,0,-1,0,0,0,0.30000000000000004
955,-0.84729786038720356,0,0,-1,0,0,0,0.30000000000000004
956,-0.84729786038720356,0,0,-1,0,0,0,0.30000000000000004
957,-0.84729786038720356,0,0,-1,0,0,0,0.30000000000000004
958,-0.84729786038720356,0,0,-1,0,0,0,0.30000000000000004
959,-0.84729786038720356,0,0,-1,0,0,0,0.30000000000000004
960,-0.84729786038720356,0,0,-1,0,0,0,0.30000000000000004
961,-0.84729786038720356,0,0,-1,0,0,0,0.30000000000000004
962,-0.84729786038720356,0,0,-1,0,0,0,0.30000000000000004
963,-0.84729786038720356,0,0,-1,0,0,0,0.30000000000000004
964,-0.99285160648844017,0.00066894787149807122,0.00066917171695837839,-0.8472977876663208,18.414213180541992,-1,0,0.27034920006790208
965,-0.9493145858051516,0.00025309232626680167,0.00025312435953459239,-0.8472977876663208,17.414213180541992,-1,0,0.27902268519705897
966,-0.89327096092722191,4.0182510919195558e-05,4.0183318257878342e-05,-0.8472977876663208,16.414213180541992,-1,0,0.29043527742523723
967,-0.86659645187876,5.3733525250398984e-06,5.3733669615876155e-06,-0.8472977876663208,15.414213180541992,-1,0,0.29596300275161425
968,-0.85221039402506127,2.2447529390845489e-07,2.2447531908814267e-07,-0.8472977876663208,14.414213180541992,-1,0,0.29896938259723715
969,-0.84729786038720356,0,0,-1,0,0,0,0.30000000000000004
970,-0.84729786038720356,0,0,-1,0,0,0,0.30000000000000004
971,-0.84729786038720356,0,0,-1,0,0,0,0.30000000000000004
972,-0.84729509699365868,1.1102230246251565e-16,1.1260640950590383e-16,-0.8472977876663208,10.414213180541992,-1,0,0.30000058031296517
973,-0.84729786038720356,0,0,-1,0,0,0,0.30000000000000004
974,-0.84729786038720356,0,0,-1,0,0,0,0.30000000000000004
975,-0.84729786038720356,0,0,-1,0,0,0,0.30000000000000004
976,-0.62928002226373925,0.00066893159449177286,0.00066915542905638282,-0.84712541103363037,6.2360677719116211,-0.89442718029022217,-0.44721359014511108,0.3476738084913179
977,0.12982643496968971,0.021916832734623304,0.022160574459197138,-0.84483027458190918,5.2360677719116211,-0.89442718029022217,-0.44721359014511108,0.53241109769938089
978,1.9513031030891193,0.23670195868972466,0.27010670626213235,-0.82516813278198242,4.2360677719116211,-0.89442718029022217,-0.44721359014511108,0.87558866243468458
979,4.5737580443618544,0.70365237454326979,1.2162221034116374,-0.72441011667251587,3.2360680103302002,-0.89442718029022217,-0.44721359014511108,0.989786289278623
980,6.6493055309055098,0.87667756421409149,2.0929529244084515,-0.43034207820892334,2.2360680103302002,-0.89442718029022217,-0.44721359014511108,0.9987067535761075
981,6.577306353568817,0.80797728894163257,1.6501416271873528,-0.057463504374027252,1.4142135381698608,-0.70710676908493042,-0.70710676908493042,0.99861034112956248
982,4.895911865949417,0.63059696902597939,0.99586700612337042,0.15311543643474579,1,0,-1,0.99257840391472529
983,2.6562458985371253,0.3702593724377321,0.46244724665132586,-0.0052304323762655258,1.4142135381698608,0.70710676908493042,-0.70710676908493042,0.93439491111735196
984,0.79095769774892555,0.094176381564050726,0.098910673530112764,-0.37333089113235474,2.2360680103302002,0.89442718029022217,-0.44721359014511108,0.68803692986042009
985,-0.32966833460352196,0.0063556314016668392,0.0063759144134940479,-0.68509930372238159,3.2360680103302002,0.89442718029022217,-0.44721359014511108,0.41832132464582239
986,-0.84729786038720356,0,0,-1,0,0,0,0.30000000000000004
987,-0.84729786038720356,0,0,-1,0,0,0,0.30000000000000004
988,-0.84729786038720356,0,0,-1,0,0,0,0.30000000000000004
989,-0.84729786038720356,0,0,-1,0,0,0,0.30000000000000004
990,-0.84729786038720356,0,0,-1,0,0,0,0.30000000000000004
991,-0.84729786038720356,0,0,-1,0,0,0,0.30000000000000004
992,-0.84729786038720356,0,0,-1,0,0,0,0.30000000000000004
993,-0.84729786038720356,0,0,-1,0,0,0,0.30000000000000004
994,-0.84729786038720356,0,0,-1,0,0,0,0.30000000000000004
995,-0.84729786038720356,0,0,-1,0,0,0,0.30000000000000004
996,-0.84729786038720356,0,0,-1,0,0,0,0.30000000000000004
997,-1.5519257103206883,0.021920785128826448,0.022164615426592472,-0.8472977876663208,18,-1,0,0.1748083097695603
998,-1.3664461289646397,0.010558225640931118,0.010614359168519698,-0.8472977876663208,17,-1,0,0.203194634622611
999,-1.1226072226764927,0.0025464559056608271,0.0025497036391455312,-0.8472977876663208,16,-1,0,0.24552799082843757
1000,-0.94679199802896752,0.00024613684844854156,0.00024616714509417413,-0.8472977876663208,15,-1,0,0.27953043449166648
1001,-0.86495869505426659,5.3733524664201227e-06,5.3733669029216689e-06,-0.8472977876663208,14,-1,0,0.29630437434319568
1002,-0.84886031496546044,2.0588133753385307e-08,2.058813395145077e-08,-0.8472977876663208,13,-1,0,0.29967198710634602
1003,-0.8473856364490725,2.9019675551467117e-11,2.9019704952594739e-11,-0.8472977876663208,12,-1,0,0.29998156735060844
1004,-0.84729897129556908,1.5099033134902129e-14,1.5048449664171532e-14,-0.8472977876663208,11,-1,0,0.29999976670929507
1005,-0.8472940837146975,3.7747582837255322e-15,3.7197062048005197e-15,-0.8472977876663208,10,-1,0,0.30000079310182537
1006,-0.84723030674478783,8.5095264168444373e-12,8.5094937992404512e-12,-0.8472977876663208,9,-1,0,0.3000141864565713
1007,-0.84600203382990136,7.1670683832181226e-09,7.1670684166127009e-09,-0.84729641675949097,8,-1,0,0.30027219408220929
1008,-0.83081059801599755,2.2206907835942147e-06,2.220693249324742e-06,-0.84726053476333618,7,-1,0,0.3034737007735655
1009,-0.71248792755625023,0.00025310901714170608,0.00025314105463512441,-0.84668421745300293,6,-1,0,0.32904933239298451
1010,-0.14569949257395043,0.010562416593981272,0.010618594851744831,-0.84074842929840088,5,-1,0,0.46363942700052896
1011,1.4722369397876514,0.15137455445969283,0.16413736134610851,-0.80215054750442505,4,-1,0,0.81339715178197391
1012,3.7979316516665471,0.52626580575906134,0.74710888622187377,-0.64910602569580078,3,-1,0,0.97807441747348356
1013,5.8136426146028288,0.74635674881783221,1.3718265221352812,-0.29503756761550903,2,-1,0,0.99702236135988831
1014,6.2922536061031469,0.76769997104094978,1.45972551454349,0.16790461540222168,1,-1,0,0.99815283358310536
1015,5.1424920941589125,0.74348360848548767,1.3605627118731118,0.40546518564224243,0,0,0,0.99419083362438365
1016,2.9033885235784309,0.52122585591541271,0.7365263082506307,0.16790461540222168,1,1,0,0.94801368976287814
1017,0.93731052529790626,0.14975099247219947,0.16222602236655076,-0.29503756761550903,2,1,0,0.71855607607448169
1018,-0.24679624187967553,0.013209741221856697,0.013297765901659184,-0.64910602569580078,3,1,0,0.43861220961577141
1019,-0.84729786038720356,0,0,-1,0,0,0,0.30000000000000004
1020,-0.84729786038720356,0,0,-1,0,0,0,0.30000000000000004
1021,-0.84729786038720356,0,0,-1,0,0,0,0.30000000000000004
1022,-0.84729786038720356,0,0,-1,0,0,0,0.30000000000000004
1023,-0.84729786038720356,0,0,-1,0,0,0,0.30000000000000004
1024,-0.90701001036188378,0.00024613734380407593,0.00024616764057164216,-0.8472977876663208,24.236068725585938,-0.89442718029022217,0.44721359014511108,0.28761207106623488
1025,-1.0549251948597176,0.0025466867573220586,0.0025499350801878829,-0.8472977876663208,23.236068725585938,-0.89442718029022217,0.44721359014511108,0.25828045035429326
1026,-1.2855653678180916,0.010597761772066172,0.010654317983756064,-0.8472977876663208,22.236068725585938,-0.89442718029022217,0.44721359014511108,0.21660436411991668
1027,-1.7566169415714512,0.024406177017128328,0.02470894416628755,-0.8472977876663208,21.236068725585938,-0.89442718029022217,0.44721359014511108,0.1472145504684379
1028,-2.2082406197788487,0.046054324830190341,0.047148553421683677,-0.8472977876663208,20.236068725585938,-0.89442718029022217,0.44721359014511108,0.099012915667456736
1029,-2.8168614422085061,0.15319562461881031,0.16628557277541134,-0.8472977876663208,19.236068725585938,-0.89442718029022217,0.44721359014511108,0.056419787271766331
1030,-3.1547927771808877,0.23677392930025853,0.27020099970960687,-0.8472977876663208,18.236068725585938,-0.89442718029022217,0.44721359014511108,0.040902844242639014
1031,-2.6250297342540994,0.15103833264343058,0.16374124403571627,-0.8472977876663208,17.236068725585938,-0.89442718029022217,0.44721359014511108,0.067544818377416771
1032,-1.7322421585323586,0.035875110477769256,0.036534439316616991,-0.8472977876663208,16.236068725585938,-0.89442718029022217,0.44721359014511108,0.15030100772569299
1033,-1.1095716868641148,0.0025464544059611294,0.0025497021356172202,-0.8472977876663208,15.236067771911621,-0.89442718029022217,0.44721359014511108,0.24795074799143269
1034,-0.8897968446018435,4.0182483232897859e-05,4.0183290570485863e-05,-0.8472977876663208,14.236067771911621,-0.89442718029022217,0.44721359014511108,0.29115175335552601
1035,-0.85179596292993798,2.3297356321894114e-07,2.3297359037093868e-07,-0.8472977876663208,13.236067771911621,-0.89442718029022217,0.44721359014511108,0.29905624907494932
1036,-0.84760539877435936,4.9690507264443795e-10,4.969050446367107e-10,-0.8472977876663208,12.236067771911621,-0.89442718029022217,0.44721359014511108,0.29993542091131609
1037,-0.84731047499201073,3.8991032624835498e-13,3.89895894947533e-13,-0.8472977876663208,11.236067771911621,-0.89442718029022217,0.44721359014511108,0.29999735093967395
1038,-0.84729974615595116,3.3306690738754696e-16,3.3140979337955406e-16,-0.8472977876663208,10.236067771911621,-0.89442718029022217,0.44721359014511108,0.29999960398871239
1039,-0.84727995741388573,3.8991032624835498e-13,3.8989625328903273e-13,-0.8472977876663208,9.2360677719116211,-0.89442718029022217,0.44721359014511108,0.30000375963785841
1040,-0.84689622271082177,4.969072930904872e-10,4.9690727473104755e-10,-0.84729647636413574,8.2360677719116211,-0.89442718029022217,0.44721359014511108,0.30008435068658901
1041,-0.84116154062769188,2.3297866891258678e-07,2.3297869606249708e-07,-0.84726643562316895,7.2360677719116211,-0.89442718029022217,0.44721359014511108,0.3012902065249603
1042,-0.78671800243875756,4.0186765457028706e-05,4.018757296671021e-05,-0.8468017578125,6.2360677719116211,-0.89442718029022217,0.44721359014511108,0.3128738119962271
1043,-0.4642454301120974,0.00254778338274253,0.0025510345061046128,-0.8421013355255127,5.2360677719116211,-0.89442718029022217,0.44721359014511108,0.38597917432828632
1044,0.3950731242893003,0.036021504723307451,0.036686292424675006,-0.81135272979736328,4.2360677719116211,-0.89442718029022217,0.44721359014511108,0.59750335183914849
1045,1.7740916098354114,0.15642321648657487,0.17010435148473427,-0.68509930372238159,3.2360680103302002,-0.89442718029022217,0.44721359014511108,0.85496576507896282
1046,3.2180666710136188,0.30801870561628819,0.36819635496722863,-0.37333089113235474,2.2360680103302002,-0.89442718029022217,0.44721359014511108,0.96150852603156978
1047,3.8602450304550779,0.4533922763629602,0.60402387526044976,-0.0052304323762655258,1.4142135381698608,-0.70710676908493042,0.70710676908493042,0.97937165366021028
1048,3.3384862775800488,0.5334763635215003,0.76244659228591316,0.15311543643474579,1,0,1,0.96572577415397132
1049,1.9018095071313641,0.35778857475675285,0.44283770669823341,-0.057463504374027252,1.4142135381698608,0.70710676908493042,0.70710676908493042,0.87009618908180797
1050,0.45044732940175758,0.093606468431182588,0.098281705691843774,-0.43034207820892334,2.2360680103302002,0.89442718029022217,0.44721359014511108,0.61074558525718969
1051,-0.48303656923792138,0.0063484765164356638,0.0063687137895107448,-0.72441011667251587,3.2360680103302002,0.89442718029022217,0.44721359014511108,0.38153534046063964
1052,-0.84729786038720356,0,0,-1,0,0,0,0.30000000000000004
1053,-0.84729786038720356,0,0,-1,0,0,0,0.30000000000000004
1054,-0.84729786038720356,0,0,-1,0,0,0,0.30000000000000004
1055,-0.84729786038720356,0,0,-1,0,0,0,0.30000000000000004
1056,-0.84729786038720356,0,0,-1,0,0,0,0.30000000000000004
1057,-1.0383053933384159,0.0025464615258180556,0.0025497092736507746,-0.8472977876663208,24.650279998779297,-0.89442718029022217,0.44721359014511108,0.26147710173511296
1058,-1.553359142422889,0.035877231625116246,0.036536639394328212,-0.8472977876663208,23.650279998779297,-0.89442718029022217,0.44721359014511108,0.17460163304190279
1059,-2.482619396329139,0.15124863638575525,0.16398899349580043,-0.8472977876663208,22.650279998779297,-0.89442718029022217,0.44721359014511108,0.077085642694148859
1060,-3.4739619408848057,0.24464615243878118,0.28056896725914099,-0.8472977876663208,21.650279998779297,-0.89442718029022217,0.44721359014511108,0.030062241878553553
1061,-4.3311123167278538,0.27925634176053693,0.32747174133762774,-0.8472977876663208,20.650279998779297,-0.89442718029022217,0.44721359014511108,0.012982156030651004
1062,-5.3935609375240574,0.53714792098681885,0.77034775971454306,-0.8472977876663208,19.650279998779297,-0.89442718029022217,0.44721359014511108,0.004525186921354285
1063,-6.0074914609195957,0.70251852495820688,1.2124033247023147,-0.8472977876663208,18.650279998779297,-0.89442718029022217,0.44721359014511108,0.0024542140991329342
1064,-4.5905803357364903,0.51994448440412944,0.73385352427661532,-0.8472977876663208,17.650279998779297,-0.89442718029022217,0.44721359014511108,0.01004504130335937
1065,-2.5761044536831155,0.15103396863533713,0.16373610364240429,-0.8472977876663208,16.650279998779297,-0.89442718029022217,0.44721359014511108,0.070692220546801465
1066,-1.3410762463810215,0.010558004027306889,0.010614135190105671,-0.8472977876663208,15.650280952453613,-0.89442718029022217,0.44721359014511108,0.20733312594992892
1067,-0.94234298813364281,0.00025309079449642446,0.00025312282737646806,-0.8472977876663208,14.650280952453613,-0.89442718029022217,0.44721359014511108,0.28042731294382983
1068,-0.84729786038720356,0,0,-1,0,0,0,0.30000000000000004
1069,-0.84729786038720356,0,0,-1,0,0,0,0.30000000000000004
1070,-0.84729786038720356,0,0,-1,0,0,0,0.30000000000000004
1071,-0.84735160219690575,3.7081449022480228e-13,3.7077058448233479e-13,-0.8472977876663208,10.650280952453613,-0.89442718029022217,0.44721359014511108,0.29998871434126761
1072,-0.84729786038720356,0,0,-1,0,0,0,0.30000000000000004
1073,-0.84729786038720356,0,0,-1,0,0,0,0.30000000000000004
1074,-0.84729786038720356,0,0,-1,0,0,0,0.30000000000000004
1075,-0.8225414072277285,5.37365060737649e-06,5.3736650454592427e-06,-0.84713166952133179,6.6502814292907715,-0.89442718029022217,0.44721359014511108,0.30522445613568805
1076,-0.71643095362207665,0.00024627659675979796,0.00024630692782081845,-0.84523308277130127,5.6502814292907715,-0.89442718029022217,0.44721359014511108,0.32817939490557524
1077,-0.45265816795847191,0.0025705026664959441,0.0025738120809307777,-0.83032160997390747,4.6502814292907715,-0.89442718029022217,0.44721359014511108,0.38872894898965349
1078,0.075566181063439708,0.012070515709665663,0.012143955957159135,-0.75568908452987671,3.6502816677093506,-0.89442718029022217,0.44721359014511108,0.51888256077924855
1079,0.84528047692754493,0.043122493679474405,0.044079893296779867,-0.58525377511978149,2.8284270763397217,-0.70710676908493042,0.70710676908493042,0.69957617861516164
1080,1.2039964879749081,0.10314013648576048,0.10885565709448894,-0.39338886737823486,2.2360680103302002,-0.44721359014511108,0.89442718029022217,0.76923497340200409
1081,1.0906710411308072,0.15170141621676236,0.16452260164616173,-0.32588040828704834,2,0,1,0.74850806196499464
1082,0.48656929385640846,0.093793151635727212,0.098487689544954932,-0.44804999232292175,2.2360680103302002,0.44721359014511108,0.89442718029022217,0.61929791329049522
1083,-0.22349475967905297,0.021687396563304318,0.021926024603992261,-0.64558565616607666,2.8284270763397217,0.70710676908493042,0.70710676908493042,0.4443577280225337
1084,-0.66011690247080101,0.001528672240562523,0.0015298418520924601,-0.78319156169891357,3.6502816677093506,0.89442718029022217,0.44721359014511108,0.34071335151907922
1085,-0.84729786038720356,0,0,-1,0,0,0,0.30000000000000004
1086,-0.84729786038720356,0,0,-1,0,0,0,0.30000000000000004
1087,-0.84729786038720356,0,0,-1,0,0,0,0.30000000000000004
1088,-0.84729786038720356,0,0,-1,0,0,0,0.30000000000000004
1089,-0.84729786038720356,0,0,-1,0,0,0,0.30000000000000004
1090,-1.2313948189022286,0.010558033594316063,0.010614165072614876,-0.8472977876663208,25.064493179321289,-0.89442718029022217,0.44721359014511108,0.22593739304241023
1091,-2.3784557496311409,0.15104008169849459,0.16374330426638753,-0.8472977876663208,24.064493179321289,-0.89442718029022217,0.44721359014511108,0.084830375509360789
1092,-4.4178740297558052,0.52024632894881662,0.73448249211488414,-0.8472977876663208,23.064493179321289,-0.89442718029022217,0.44721359014511108,0.011916137165275176
1093,-6.3587506328823338,0.70829517598505576,1.2320128646554069,-0.8472977876663208,22.064493179321289,-0.89442718029022217,0.44721359014511108,0.0017285356669487495
1094,-6.7847797189953098,0.63350418390221108,1.0037681735520001,-0.8472977876663208,21.064493179321289,-0.89442718029022217,0.44721359014511108,0.001129579389940627
1095,-7.4832082306148777,0.7468035206081951,1.3735894932645309,-0.8472977876663208,20.064493179321289,-0.89442718029022217,0.44721359014511108,0.00056213387620707156
1096,-8.1409041796924804,0.86538353403834445,2.0053255367003642,-0.8472977876663208,19.064493179321289,-0.89442718029022217,0.44721359014511108,0.00029128875112072183
1097,-5.7850360785724888,0.70183455006589757,1.2101067454227032,-0.8472977876663208,18.064493179321289,-0.89442718029022217,0.44721359014511108,0.0030637838781454318
1098,-2.9902338896991982,0.23658772027693564,0.26995705323178543,-0.8472977876663208,17.064495086669922,-0.89442718029022217,0.44721359014511108,0.047869028594977991
1099,-1.4928011809589634,0.021915536546208592,0.02215924922674329,-0.8472977876663208,16.064495086669922,-0.89442718029022217,0.44721359014511108,0.18350165769357785
1100,-0.97772215950510277,0.00066892730564016567,0.00066915113733391767,-0.8472977876663208,15.650280952453613,-0.89442718029022217,0.44721359014511108,0.27334399074082139
1101,-0.84729786038720356,0,0,-1,0,0,0,0.30000000000000004
1102,-0.84729786038720356,0,0,-1,0,0,0,0.30000000000000004
1103,-0.84729786038720356,0,0,-1,0,0,0,0.30000000000000004
1104,-0.84796821224710717,4.7564263638832927e-10,4.7564267527641465e-10,-0.8472977876663208,11.650280952453613,-0.89442718029022217,0.44721359014511108,0.29985924498576821
1105,-0.84729786038720356,0,0,-1,0,0,0,0.30000000000000004
1106,-0.84729786038720356,0,0,-1,0,0,0,0.30000000000000004
1107,-0.84729786038720356,0,0,-1,0,0,0,0.30000000000000004
1108,-0.84729786038720356,0,0,-1,0,0,0,0.30000000000000004
1109,-0.84729786038720356,0,0,-1,0,0,0,0.30000000000000004
1110,-0.84729786038720356,0,0,-1,0,0,0,0.30000000000000004
1111,-0.84729786038720356,0,0,-1,0,0,0,0.30000000000000004
1112,-0.84729786038720356,0,0,-1,0,0,0,0.30000000000000004
1113,-0.84729786038720356,0,0,-1,0,0,0,0.30000000000000004
1114,-0.84729786038720356,0,0,-1,0,0,0,0.30000000000000004
1115,-0.84729786038720356,0,0,-1,0,0,0,0.30000000000000004
1116,-0.84729786038720356,0,0,-1,0,0,0,0.30000000000000004
1117,-0.84729786038720356,0,0,-1,0,0,0,0.30000000000000004
1118,-0.84729786038720356,0,0,-1,0,0,0,0.30000000000000004
1119,-0.84729786038720356,0,0,-1,0,0,0,0.30000000000000004
1120,-0.84729786038720356,0,0,-1,0,0,0,0.30000000000000004
1121,-0.84729786038720356,0,0,-1,0,0,0,0.30000000000000004
1122,-0.9734011803867556,0.00066892730564016567,0.00066915113733391745,-0.8472977876663208,26.478706359863281,-0.89442718029022217,0.44721359014511108,0.27420309413965693
1123,-1.4791709696056587,0.021915536546208592,0.022159249226743297,-0.8472977876663208,25.478706359863281,-0.89442718029022217,0.44721359014511108,0.18555267209322712
1124,-2.9646564041378243,0.23658772027693564,0.26995705323178548,-0.8472977876663208,24.478706359863281,-0.89442718029022217,0.44721359014511108,0.049048362574546034
1125,-5.7520135556461556,0.70183455006589768,1.2101067454227035,-0.8472977876663208,23.478706359863281,-0.89442718029022217,0.44721359014511108,0.0031663211036829786
1126,-8.0902399336101745,0.86538353403834445,2.0053255367003642,-0.8472977876663208,22.478706359863281,-0.89442718029022217,0.44721359014511108,0.00030642228137522931
1127,-7.3797382627727757,0.7468035206081951,1.3735894932645307,-0.8472977876663208,21.478706359863281,-0.89442718029022217,0.44721359014511108,0.00062337528778633189
1128,-6.6440184627773533,0.63350418390221097,1.0037681735519999,-0.8472977876663208,20.478706359863281,-0.89442718029022217,0.44721359014511108,0.0013000930999514937
1129,-6.341809860348917,0.70829517598505576,1.2320128646554074,-0.8472977876663208,19.478706359863281,-0.89442718029022217,0.44721359014511108,0.0017580159210925927
1130,-4.5388747369053135,0.52024632894881651,0.73448249211488403,-0.8472977876663208,18.478708267211914,-0.89442718029022217,0.44721359014511108,0.010572452568685664
1131,-2.485051802277781,0.15104008169849459,0.16374330426638747,-0.8472977876663208,17.478708267211914,-0.89442718029022217,0.44721359014511108,0.076912770870331659
1132,-1.2865962301494847,0.010558033594316063,0.010614165072614881,-0.8472977876663208,17.064495086669922,-0.89442718029022217,0.44721359014511108,0.21642949137573253
1133,-0.92514281618616356,0.00025309083976865487,0.00025312287266017702,-0.8472977876663208,16.650279998779297,-0.89442718029022217,0.44721359014511108,0.28391116995533172
1134,-0.84729786038720356,0,0,-1,0,0,0,0.30000000000000004
1135,-0.84729786038720356,0,0,-1,0,0,0,0.30000000000000004
1136,-0.84729786038720356,0,0,-1,0,0,0,0.30000000000000004
1137,-0.85357122766992821,2.2447529390845489e-07,2.2447531907474618e-07,-0.8472977876663208,12.650280952453613,-0.89442718029022217,0.44721359014511108,0.29868424802483684
1138,-0.84729786038720356,0,0,-1,0,0,0,0.30000000000000004
1139,-0.84729786038720356,0,0,-1,0,0,0,0.30000000000000004
1140,-0.84729786038720356,0,0,-1,0,0,0,0.30000000000000004
1141,-0.84729786038720356,0,0,-1,0,0,0,0.30000000000000004
1142,-0.84729786038720356,0,0,-1,0,0,0,0.30000000000000004
1143,-0.84729786038720356,0,0,-1,0,0,0,0.30000000000000004
1144,-0.84729786038720356,0,0,-1,0,0,0,0.30000000000000004
1145,-0.84729786038720356,0,0,-1,0,0,0,0.30000000000000004
1146,-0.84729786038720356,0,0,-1,0,0,0,0.30000000000000004
1147,-0.84729786038720356,0,0,-1,0,0,0,0.30000000000000004
1148,-0.84729786038720356,0,0,-1,0,0,0,0.30000000000000004
1149,-0.84729786038720356,0,0,-1,0,0,0,0.30000000000000004
1150,-0.84729786038720356,0,0,-1,0,0,0,0.30000000000000004
1151,-0.84729786038720356,0,0,-1,0,0,0,0.30000000000000004
1152,-0.84729786038720356,0,0,-1,0,0,0,0.30000000000000004
1153,-0.84729786038720356,0,0,-1,0,0,0,0.30000000000000004
1154,-0.84729786038720356,0,0,-1,0,0,0,0.30000000000000004
1155,-0.95946734297296776,0.00025309079449642446,0.00025312282737646806,-0.8472977876663208,26.892919540405273,-0.89442718029022217,0.44721359014511108,0.27698485436021003
1156,-1.391580155968879,0.010558004027306889,0.010614135190105671,-0.8472977876663208,25.892919540405273,-0.89442718029022217,0.44721359014511108,0.19915561376586932
1157,-2.6621252213718636,0.15103396863533713,0.16373610364240423,-0.8472977876663208,24.892919540405273,-0.89442718029022217,0.44721359014511108,0.065245599306945068
1158,-4.6998381530048592,0.51994448440412933,0.73385352427661521,-0.8472977876663208,23.892919540405273,-0.89442718029022217,0.44721359014511108,0.0090147443946559935
1159,-5.9768010293247471,0.70251852495820688,1.2124033247023145,-0.8472977876663208,22.892919540405273,-0.89442718029022217,0.44721359014511108,0.0025305091646545819
1160,-5.170272163033701,0.53714792098681885,0.77034775971454283,-0.8472977876663208,21.892919540405273,-0.89442718029022217,0.44721359014511108,0.0056509076682064174
1161,-4.1166660104992161,0.27925634176053693,0.32747174133762774,-0.8472977876663208,20.892919540405273,-0.89442718029022217,0.44721359014511108,0.016037374486023714
1162,-3.4125323807003274,0.24464615243878118,0.28056896725914099,-0.8472977876663208,19.892921447753906,-0.89442718029022217,0.44721359014511108,0.031906084306478233
1163,-2.561040035367228,0.15124863638575525,0.16398899349580043,-0.8472977876663208,18.892921447753906,-0.89442718029022217,0.44721359014511108,0.071688298021457264
1164,-1.639714769005991,0.035877231625116246,0.036536639394328219,-0.8472977876663208,18.478708267211914,-0.89442718029022217,0.44721359014511108,0.16250387774608877
1165,-1.0733305727245579,0.0025464615258180556,0.0025497092736507742,-0.8472977876663208,18.064493179321289,-0.89442718029022217,0.44721359014511108,0.25477021748323714
1166,-0.88071500408670678,4.0182491726992176e-05,4.0183299064928737e-05,-0.8472977876663208,17.650279998779297,-0.89442718029022217,0.44721359014511108,0.29302963440656238
1167,-0.84729786038720356,0,0,-1,0,0,0,0.30000000000000004
1168,-0.84729786038720356,0,0,-1,0,0,0,0.30000000000000004
1169,-0.84729786038720356,0,0,-1,0,0,0,0.30000000000000004
1170,-0.88155870783350243,5.3733524659760334e-06,5.3733669024324608e-06,-0.8472977876663208,13.650280952453613,-0.89442718029022217,0.44721359014511108,0.29285488050753417
1171,-0.94360857355615868,0.00024613684702134986,0.00024616714366659754,-0.8472977876663208,14.064494132995605,-0.89442718029022217,0.44721359014511108,0.28017200418260391
1172,-1.015930346131539,0.0025464543770153947,0.0025497021065975147,-0.8472977876663208,15.064494132995605,-0.89442718029022217,0.44721359014511108,0.26582087744551186
1173,-1.1891214166881801,0.010558003535648175,0.010614134693200628,-0.8472977876663208,16.064495086669922,-0.89442718029022217,0.44721359014511108,0.23341610652152145
1174,-1.240970543503976,0.021915529536225109,0.022159242059690037,-0.8472977876663208,17.064495086669922,-0.89442718029022217,0.44721359014511108,0.22426709376925702
1175,-1.1754729663135768,0.010558003535648175,0.010614134693200628,-0.8472977876663208,18.064495086669922,-0.89442718029022217,0.44721359014511108,0.2358671450210551
1176,-1.0059120570423361,0.0025464543770153947,0.0025497021065975147,-0.8472977876663208,19.064495086669922,-0.89442718029022217,0.44721359014511108,0.26778062946480985
1177,-0.93641977655908837,0.00024613684702134986,0.00024616714366659754,-0.8472977876663208,20.064495086669922,-0.89442718029022217,0.44721359014511108,0.28162409799454358
1178,-0.88230740177652611,5.3733524659760334e-06,5.3733669024324608e-06,-0.8472977876663208,21.064495086669922,-0.89442718029022217,0.44721359014511108,0.29269985685504096
1179,-0.85185085880777611,2.0588133753385307e-08,2.0588133951389095e-08,-0.8472977876663208,22.064495086669922,-0.89442718029022217,0.44721359014511108,0.29904474183965035
1180,-0.84729786038720356,0,0,-1,0,0,0,0.30000000000000004
1181,-0.84729786038720356,0,0,-1,0,0,0,0.30000000000000004
1182,-0.84729786038720356,0,0,-1,0,0,0,0.30000000000000004
1183,-0.84729786038720356,0,0,-1,0,0,0,0.30000000000000004
1184,-0.84729786038720356,0,0,-1,0,0,0,0.30000000000000004
1185,-0.84729786038720356,0,0,-1,0,0,0,0.30000000000000004
1186,-0.84729786038720356,0,0,-1,0,0,0,0.30000000000000004
1187,-0.84729786038720356,0,0,-1,0,0,0,0.30000000000000004
1188,-0.89920662987253441,4.0182483232897859e-05,4.0183290570485877e-05,-0.8472977876663208,27.307132720947266,-0.89442718029022217,0.44721359014511108,0.28921356246221464
1189,-1.1439540897609932,0.0025464544059611294,0.0025497021356172198,-0.8472977876663208,26.307132720947266,-0.89442718029022217,0.44721359014511108,0.24159512523609505
1190,-1.8295991336109383,0.035875110477769256,0.036534439316616998,-0.8472977876663208,25.307132720947266,-0.89442718029022217,0.44721359014511108,0.13828603469092959
1191,-2.7273565446140511,0.15103833264343058,0.1637412440357163,-0.8472977876663208,24.307132720947266,-0.89442718029022217,0.44721359014511108,0.061378278426337696
1192,-3.1354775344135506,0.23677392930025865,0.27020099970960693,-0.8472977876663208,23.307132720947266,-0.89442718029022217,0.44721359014511108,0.041667332773944854
1193,-2.6794063364269505,0.15319562461881031,0.16628557277541137,-0.8472977876663208,22.307132720947266,-0.89442718029022217,0.44721359014511108,0.064199533271380615
1194,-2.0562931810619602,0.046054324830190341,0.047148553421683677,-0.8472977876663208,21.307134628295898,-0.89442718029022217,0.44721359014511108,0.11341803317373633
1195,-1.7167856608631382,0.024406177017128439,0.024708944166287557,-0.8472977876663208,20.307134628295898,-0.89442718029022217,0.44721359014511108,0.15228565429045537
1196,-1.3269084607364903,0.010597761772066172,0.010654317983756066,-0.8472977876663208,19.892921447753906,-0.89442718029022217,0.44721359014511108,0.20967120186385801
1197,-1.0856358324291477,0.0025466867573220586,0.0025499350801878821,-0.8472977876663208,19.478706359863281,-0.89442718029022217,0.44721359014511108,0.25244097007765931
1198,-0.92472397434732689,0.00024613734380407593,0.00024616764057164205,-0.8472977876663208,19.064493179321289,-0.89442718029022217,0.44721359014511108,0.2839963305604134
1199,-0.86058144915125145,5.3733528557753374e-06,5.3733672923256397e-06,-0.8472977876663208,18.650279998779297,-0.89442718029022217,0.44721359014511108,0.29721787858043736
1200,-0.84729786038720356,0,0,-1,0,0,0,0.30000000000000004
1201,-0.84729786038720356,0,0,-1,0,0,0,0.30000000000000004
1202,-0.84729786038720356,0,0,-1,0,0,0,0.30000000000000004
1203,-0.91975908625147118,4.0182483217798826e-05,4.0183290555438018e-05,-0.8472977876663208,14.650280952453613,-0.89442718029022217,0.44721359014511108,0.2850069846788057
1204,-1.2009278451206447,0.0025464543770153947,0.0025497021065975147,-0.8472977876663208,15.064494132995605,-0.89442718029022217,0.44721359014511108,0.23131019913805562
1205,-1.6704636131527186,0.035875090628236683,0.036534418728483051,-0.8472977876663208,15.478707313537598,-0.89442718029022217,0.44721359014511108,0.1583623769650353
1206,-2.2564169679882289,0.15103377084864966,0.16373587066881387,-0.8472977876663208,16.478706359863281,-0.89442718029022217,0.44721359014511108,0.094797385870034945
1207,-2.5269463573696376,0.23658602499147796,0.26995483256594033,-0.8472977876663208,17.478706359863281,-0.89442718029022217,0.44721359014511108,0.073990597965376437
1208,-2.2360686575176478,0.15103377084864966,0.16373587066881387,-0.8472977876663208,18.478706359863281,-0.89442718029022217,0.44721359014511108,0.096557946925782012
1209,-1.6545290862324,0.035875090628236683,0.036534418728483051,-0.8472977876663208,19.478706359863281,-0.89442718029022217,0.44721359014511108,0.16049776976180696
1210,-1.2041168724300624,0.0025464543770153947,0.0025497021065975147,-0.8472977876663208,20.478706359863281,-0.89442718029022217,0.44721359014511108,0.23074365754153081
1211,-0.92124687778970971,4.0182483217798826e-05,4.0183290555438018e-05,-0.8472977876663208,21.478706359863281,-0.89442718029022217,0.44721359014511108,0.28470390249094957
1212,-0.8583339368107058,2.3297356321894114e-07,2.3297359036806816e-07,-0.8472977876663208,22.478706359863281,-0.89442718029022217,0.44721359014511108,0.2976875514930919
1213,-0.84729786038720356,0,0,-1,0,0,0,0.30000000000000004
1214,-0.84729786038720356,0,0,-1,0,0,0,0.30000000000000004
1215,-0.84729786038720356,0,0,-1,0,0,0,0.30000000000000004
1216,-0.84729786038720356,0,0,-1,0,0,0,0.30000000000000004
1217,-0.84729786038720356,0,0,-1,0,0,0,0.30000000000000004
1218,-0.84729786038720356,0,0,-1,0,0,0,0.30000000000000004
1219,-0.84729786038720356,0,0,-1,0,0,0,0.30000000000000004
1220,-0.84729786038720356,0,0,-1,0,0,0,0.30000000000000004
1221,-0.86970447647592797,5.3733524664201227e-06,5.3733669029216672e-06,-0.8472977876663208,27.721345901489258,-0.89442718029022217,0.44721359014511108,0.29531579802063068
1222,-0.97223877060434594,0.00024613684844854156,0.00024616714509417402,-0.8472977876663208,26.721345901489258,-0.89442718029022217,0.44721359014511108,0.27443449271158882
1223,-1.1655893241169197,0.0025464559056608271,0.002549703639145532,-0.8472977876663208,25.721345901489258,-0.89442718029022217,0.44721359014511108,0.2376531597785928
1224,-1.427010527730201,0.010558225640931118,0.010614359168519702,-0.8472977876663208,24.721345901489258,-0.89442718029022217,0.44721359014511108,0.19356490603674459
1225,-1.5502661978008492,0.021920785128826448,0.022164615426592468,-0.8472977876663208,23.721345901489258,-0.89442718029022217,0.44721359014511108,0.17504782425695753
1226,-1.2979407821895821,0.010597761772066172,0.010654317983756064,-0.8472977876663208,22.721347808837891,-0.89442718029022217,0.44721359014511108,0.21451178392618653
1227,-1.1528620635273201,0.0027989006869615363,0.0028028249335840891,-0.8472977876663208,21.721347808837891,-0.89442718029022217,0.44721359014511108,0.23996670380583907
1228,-1.0497226034404976,0.00091489949650191971,0.00091531827249102457,-0.8472977876663208,21.307134628295898,-0.89442718029022217,0.44721359014511108,0.25927837212888616
1229,-0.93958967077753319,0.00025846278662644551,0.00025849619388900743,-0.8472977876663208,20.892919540405273,-0.89442718029022217,0.44721359014511108,0.28098323462554908
1230,-0.88389854776880517,4.0203070524325035e-05,4.0203878689389392e-05,-0.8472977876663208,20.478706359863281,-0.89442718029022217,0.44721359014511108,0.29237055591723582
1231,-0.86180805313608422,5.3733814854295403e-06,5.3733959221374153e-06,-0.8472977876663208,20.064493179321289,-0.89442718029022217,0.44721359014511108,0.29696173000708059
1232,-0.85044287788889183,2.2447530889646572e-07,2.2447533412259843e-07,-0.8472977876663208,19.650279998779297,-0.89442718029022217,0.44721359014511108,0.29933996203487945
1233,-0.84729786038720356,0,0,-1,0,0,0,0.30000000000000004
1234,-0.84729786038720356,0,0,-1,0,0,0,0.30000000000000004
1235,-0.84729786038720356,0,0,-1,0,0,0,0.30000000000000004
1236,-0.99255078184625878,0.00025309079410662516,0.00025312282698657486,-0.8472977876663208,15.650280952453613,-0.89442718029022217,0.44721359014511108,0.2704085449896404
1237,-1.4677051817180873,0.010558003535648175,0.010614134693200628,-0.8472977876663208,16.064495086669922,-0.89442718029022217,0.44721359014511108,0.18729166564941602
1238,-2.7682362114193202,0.15103377084864966,0.16373587066881387,-0.8472977876663208,16.478706359863281,-0.89442718029022217,0.44721359014511108,0.05906496209296197
1239,-4.4299674545528651,0.5199251938062861,0.73381334098605977,-0.8472977876663208,16.892921447753906,-0.89442718029022217,0.44721359014511108,0.011774584707775815
1240,-5.3348124538662196,0.7017590680315906,1.2098536225957168,-0.8472977876663208,17.892919540405273,-0.89442718029022217,0.44721359014511108,0.0047976854028598526
1241,-4.4115713154079677,0.5199251938062861,0.73381334098605977,-0.8472977876663208,18.892919540405273,-0.89442718029022217,0.44721359014511108,0.01199057496739786
1242,-2.7644101892711879,0.15103377084864966,0.16373587066881387,-0.8472977876663208,19.892919540405273,-0.89442718029022217,0.44721359014511108,0.059277957287252603
1243,-1.4703692709209681,0.010558003535648175,0.010614134693200628,-0.8472977876663208,20.892919540405273,-0.89442718029022217,0.44721359014511108,0.18688649309581662
1244,-0.99493610012552514,0.00025309079410662516,0.00025312282698657486,-0.8472977876663208,21.892919540405273,-0.89442718029022217,0.44721359014511108,0.26993820868247775
1245,-0.87255930054209008,2.2206633795152086e-06,2.2206658451635174e-06,-0.8472977876663208,22.892919540405273,-0.89442718029022217,0.44721359014511108,0.29472204399152013
1246,-0.85040020096323266,7.1670532841849877e-09,7.1670532597994468e-09,-0.8472977876663208,23.892919540405273,-0.89442718029022217,0.44721359014511108,0.29934891297996979
1247,-0.84729786038720356,0,0,-1,0,0,0,0.30000000000000004
1248,-0.84729786038720356,0,0,-1,0,0,0,0.30000000000000004
1249,-0.84729786038720356,0,0,-1,0,0,0,0.30000000000000004
1250,-0.84729786038720356,0,0,-1,0,0,0,0.30000000000000004
1251,-0.84729786038720356,0,0,-1,0,0,0,0.30000000000000004
1252,-0.84729786038720356,0,0,-1,0,0,0,0.30000000000000004
1253,-0.84729786038720356,0,0,-1,0,0,0,0.30000000000000004
1254,-0.84729786038720356,0,0,-1,0,0,0,0.30000000000000004
1255,-0.87280850756189599,5.3733525250398984e-06,5.3733669615876172e-06,-0.8472977876663208,27.13555908203125,-0.89442718029022217,0.44721359014511108,0.29467024623102189
1256,-0.84729786038720356,0,0,-1,0,0,0,0.30000000000000004
1257,-0.84729786038720356,0,0,-1,0,0,0,0.30000000000000004
1258,-0.84729786038720356,0,0,-1,0,0,0,0.30000000000000004
1259,-0.84729786038720356,0,0,-1,0,0,0,0.30000000000000004
1260,-0.84729786038720356,0,0,-1,0,0,0,0.30000000000000004
1261,-0.84729786038720356,0,0,-1,0,0,0,0.30000000000000004
1262,-0.84729786038720356,0,0,-1,0,0,0,0.30000000000000004
1263,-0.84729786038720356,0,0,-1,0,0,0,0.30000000000000004
1264,-0.84729786038720356,0,0,-1,0,0,0,0.30000000000000004
1265,-0.84766142714044823,1.5325485325234922e-09,1.5325485066142001e-09,-0.8472977876663208,20.650279998779297,-0.89442718029022217,0.44721359014511108,0.29992365653384878
1266,-0.84729786038720356,0,0,-1,0,0,0,0.30000000000000004
1267,-0.84729786038720356,0,0,-1,0,0,0,0.30000000000000004
1268,-0.84729786038720356,0,0,-1,0,0,0,0.30000000000000004
1269,-1.1127857481243373,0.00066892729713630139,0.00066915112882442681,-0.8472977876663208,16.650279998779297,-0.89442718029022217,0.44721359014511108,0.24735190385331562
1270,-1.8162488256695033,0.021915529536225109,0.022159242059690037,-0.8472977876663208,17.064495086669922,-0.89442718029022217,0.44721359014511108,0.13988459321865954
1271,-3.4391545568706752,0.23658602499147796,0.26995483256594033,-0.8472977876663208,17.478706359863281,-0.89442718029022217,0.44721359014511108,0.031093944824049036
1272,-5.9726576124431849,0.7017590680315906,1.2098536225957168,-0.8472977876663208,17.892919540405273,-0.89442718029022217,0.44721359014511108,0.0025409891734200496
1273,-7.5969292436840297,0.8639470869008079,1.9947114020071635,-0.8472977876663208,18.307134628295898,-0.89442718029022217,0.44721359014511108,0.0005017386916855715
1274,-5.9726576124431849,0.7017590680315906,1.2098536225957168,-0.8472977876663208,19.307132720947266,-0.89442718029022217,0.44721359014511108,0.0025409891734200496
1275,-3.4391545568706752,0.23658602499147796,0.26995483256594033,-0.8472977876663208,20.307132720947266,-0.89442718029022217,0.44721359014511108,0.031093944824049036
1276,-1.8162488256695033,0.021915529536225109,0.022159242059690037,-0.8472977876663208,21.307132720947266,-0.89442718029022217,0.44721359014511108,0.13988459321865954
1277,-1.1127857481243373,0.00066892729713630139,0.00066915112882442681,-0.8472977876663208,22.307132720947266,-0.89442718029022217,0.44721359014511108,0.24735190385331562
1278,-0.84729786038720356,0,0,-1,0,0,0,0.30000000000000004
1279,-0.84729786038720356,0,0,-1,0,0,0,0.30000000000000004
1280,-0.84729786038720356,0,0,-1,0,0,0,0.30000000000000004
1281,-0.84729786038720356,0,0,-1,0,0,0,0.30000000000000004
1282,-0.84729786038720356,0,0,-1,0,0,0,0.30000000000000004
1283,-0.84729786038720356,0,0,-1,0,0,0,0.30000000000000004
1284,-0.84729786038720356,0,0,-1,0,0,0,0.30000000000000004
1285,-0.84729786038720356,0,0,-1,0,0,0,0.30000000000000004
1286,-0.84729786038720356,0,0,-1,0,0,0,0.30000000000000004
1287,-0.84729786038720356,0,0,-1,0,0,0,0.30000000000000004
1288,-0.84994953024408593,2.0588133753385307e-08,2.0588133964785639e-08,-0.8472977876663208,28.13555908203125,-0.89442718029022217,0.44721359014511108,0.29944344481628693
1289,-0.84729786038720356,0,0,-1,0,0,0,0.30000000000000004
1290,-0.84729786038720356,0,0,-1,0,0,0,0.30000000000000004
1291,-0.84729786038720356,0,0,-1,0,0,0,0.30000000000000004
1292,-0.84729786038720356,0,0,-1,0,0,0,0.30000000000000004
1293,-0.84729786038720356,0,0,-1,0,0,0,0.30000000000000004
1294,-0.84729786038720356,0,0,-1,0,0,0,0.30000000000000004
1295,-0.84729786038720356,0,0,-1,0,0,0,0.30000000000000004
1296,-0.84729786038720356,0,0,-1,0,0,0,0.30000000000000004
1297,-0.84729786038720356,0,0,-1,0,0,0,0.30000000000000004
1298,-0.84731113064310326,1.4275247650630263e-12,1.4275765683747974e-12,-0.8472977876663208,21.650279998779297,-0.89442718029022217,0.44721359014511108,0.29999721325365725
1299,-0.84729786038720356,0,0,-1,0,0,0,0.30000000000000004
1300,-0.84729786038720356,0,0,-1,0,0,0,0.30000000000000004
1301,-0.84729786038720356,0,0,-1,0,0,0,0.30000000000000004
1302,-0.84729786038720356,0,0,-1,0,0,0,0.30000000000000004
1303,-0.84729786038720356,0,0,-1,0,0,0,0.30000000000000004
1304,-2.7644101892711879,0.15103377084864966,0.16373587066881387,-0.8472977876663208,18.478706359863281,-0.89442718029022217,0.44721359014511108,0.059277957287252603
1305,-4.4115713154079677,0.5199251938062861,0.73381334098605977,-0.8472977876663208,18.892919540405273,-0.89442718029022217,0.44721359014511108,0.01199057496739786
1306,-5.3348124538662196,0.7017590680315906,1.2098536225957168,-0.8472977876663208,19.307132720947266,-0.89442718029022217,0.44721359014511108,0.0047976854028598526
1307,-4.4299674545528651,0.5199251938062861,0.73381334098605977,-0.8472977876663208,19.721347808837891,-0.89442718029022217,0.44721359014511108,0.011774584707775815
1308,-2.7682362114193202,0.15103377084864966,0.16373587066881387,-0.8472977876663208,20.721345901489258,-0.89442718029022217,0.44721359014511108,0.05906496209296197
1309,-1.4677051817180873,0.010558003535648175,0.010614134693200628,-0.8472977876663208,21.721345901489258,-0.89442718029022217,0.44721359014511108,0.18729166564941602
1310,-0.99255078184625878,0.00025309079410662516,0.00025312282698657486,-0.8472977876663208,22.721345901489258,-0.89442718029022217,0.44721359014511108,0.2704085449896404
1311,-0.84729786038720356,0,0,-1,0,0,0,0.30000000000000004
1312,-0.84729786038720356,0,0,-1,0,0,0,0.30000000000000004
1313,-0.84729786038720356,0,0,-1,0,0,0,0.30000000000000004
1314,-0.84729786038720356,0,0,-1,0,0,0,0.30000000000000004
1315,-0.84729786038720356,0,0,-1,0,0,0,0.30000000000000004
1316,-0.84729786038720356,0,0,-1,0,0,0,0.30000000000000004
1317,-0.84729786038720356,0,0,-1,0,0,0,0.30000000000000004
1318,-0.84729786038720356,0,0,-1,0,0,0,0.30000000000000004
1319,-0.84729786038720356,0,0,-1,0,0,0,0.30000000000000004
1320,-0.84729786038720356,0,0,-1,0,0,0,0.30000000000000004
1321,-0.84729786038720356,0,0,-1,0,0,0,0.30000000000000004
1322,-0.84729786038720356,0,0,-1,0,0,0,0.30000000000000004
1323,-0.84729786038720356,0,0,-1,0,0,0,0.30000000000000004
1324,-0.84729786038720356,0,0,-1,0,0,0,0.30000000000000004
1325,-0.84729786038720356,0,0,-1,0,0,0,0.30000000000000004
1326,-0.84729786038720356,0,0,-1,0,0,0,0.30000000000000004
1327,-0.84729786038720356,0,0,-1,0,0,0,0.30000000000000004
1328,-0.84729786038720356,0,0,-1,0,0,0,0.30000000000000004
1329,-0.84729786038720356,0,0,-1,0,0,0,0.30000000000000004
1330,-0.84729786038720356,0,0,-1,0,0,0,0.30000000000000004
1331,-0.84729599106333031,4.4408920985006262e-16,4.8920622017446517e-16,-0.8472977876663208,22.650279998779297,-0.89442718029022217,0.44721359014511108,0.30000039255816013
1332,-0.84729786038720356,0,0,-1,0,0,0,0.30000000000000004
1333,-0.84729786038720356,0,0,-1,0,0,0,0.30000000000000004
1334,-0.84729786038720356,0,0,-1,0,0,0,0.30000000000000004
1335,-0.84729786038720356,0,0,-1,0,0,0,0.30000000000000004
1336,-0.84729786038720356,0,0,-1,0,0,0,0.30000000000000004
1337,-1.6545290862324,0.035875090628236683,0.036534418728483051,-0.8472977876663208,19.478706359863281,-0.89442718029022217,0.44721359014511108,0.16049776976180696
1338,-2.2360686575176478,0.15103377084864966,0.16373587066881387,-0.8472977876663208,19.892919540405273,-0.89442718029022217,0.44721359014511108,0.096557946925782012
1339,-2.5269463573696376,0.23658602499147796,0.26995483256594033,-0.8472977876663208,20.307132720947266,-0.89442718029022217,0.44721359014511108,0.073990597965376437
1340,-2.2564169679882289,0.15103377084864966,0.16373587066881387,-0.8472977876663208,20.721345901489258,-0.89442718029022217,0.44721359014511108,0.094797385870034945
1341,-1.6704636131527186,0.035875090628236683,0.036534418728483051,-0.8472977876663208,21.135560989379883,-0.89442718029022217,0.44721359014511108,0.1583623769650353
1342,-1.2009278451206447,0.0025464543770153947,0.0025497021065975147,-0.8472977876663208,22.13555908203125,-0.89442718029022217,0.44721359014511108,0.23131019913805562
1343,-0.91975890743753685,4.0182483217798826e-05,4.0183290555438018e-05,-0.8472977876663208,23.13555908203125,-0.89442718029022217,0.44721359014511108,0.28500702111715359
1344,-0.84729786038720356,0,0,-1,0,0,0,0.30000000000000004
1345,-0.84729786038720356,0,0,-1,0,0,0,0.30000000000000004
1346,-0.84729786038720356,0,0,-1,0,0,0,0.30000000000000004
1347,-0.84729786038720356,0,0,-1,0,0,0,0.30000000000000004
1348,-0.84729786038720356,0,0,-1,0,0,0,0.30000000000000004
1349,-0.84729786038720356,0,0,-1,0,0,0,0.30000000000000004
1350,-0.84729786038720356,0,0,-1,0,0,0,0.30000000000000004
1351,-0.84729786038720356,0,0,-1,0,0,0,0.30000000000000004
1352,-0.84729786038720356,0,0,-1,0,0,0,0.30000000000000004
1353,-0.84729786038720356,0,0,-1,0,0,0,0.30000000000000004
1354,-0.84729786038720356,0,0,-1,0,0,0,0.30000000000000004
1355,-0.84729786038720356,0,0,-1,0,0,0,0.30000000000000004
1356,-0.84729786038720356,0,0,-1,0,0,0,0.30000000000000004
1357,-0.84729786038720356,0,0,-1,0,0,0,0.30000000000000004
1358,-0.84729786038720356,0,0,-1,0,0,0,0.30000000000000004
1359,-0.84729786038720356,0,0,-1,0,0,0,0.30000000000000004
1360,-0.84729786038720356,0,0,-1,0,0,0,0.30000000000000004
1361,-0.84729786038720356,0,0,-1,0,0,0,0.30000000000000004
1362,-0.84729786038720356,0,0,-1,0,0,0,0.30000000000000004
1363,-0.84729786038720356,0,0,-1,0,0,0,0.30000000000000004
1364,-0.84729509699365868,0,6.1672068226718339e-20,-0.8472977876663208,23.650279998779297,-0.89442718029022217,0.44721359014511108,0.30000058031296517
1365,-0.84729786038720356,0,0,-1,0,0,0,0.30000000000000004
1366,-0.84729786038720356,0,0,-1,0,0,0,0.30000000000000004
1367,-0.84729786038720356,0,0,-1,0,0,0,0.30000000000000004
1368,-0.84729786038720356,0,0,-1,0,0,0,0.30000000000000004
1369,-0.84729786038720356,0,0,-1,0,0,0,0.30000000000000004
1370,-1.0059120570423361,0.0025464543770153947,0.0025497021065975147,-0.8472977876663208,20.478706359863281,-0.89442718029022217,0.44721359014511108,0.26778062946480985
1371,-1.1754729663135768,0.010558003535648175,0.010614134693200628,-0.8472977876663208,20.892919540405273,-0.89442718029022217,0.44721359014511108,0.2358671450210551
1372,-1.240970543503976,0.021915529536225109,0.022159242059690037,-0.8472977876663208,21.307132720947266,-0.89442718029022217,0.44721359014511108,0.22426709376925702
1373,-1.1891214166881801,0.010558003535648175,0.010614134693200628,-0.8472977876663208,21.721345901489258,-0.89442718029022217,0.44721359014511108,0.23341610652152145
1374,-1.015930346131539,0.0025464543770153947,0.0025497021065975147,-0.8472977876663208,22.13555908203125,-0.89442718029022217,0.44721359014511108,0.26582087744551186
1375,-0.94360857355615868,0.00024613684702134986,0.00024616714366659754,-0.8472977876663208,22.549774169921875,-0.89442718029022217,0.44721359014511108,0.28017200418260391
1376,-0.88155870783350243,5.3733524659760334e-06,5.3733669024324608e-06,-0.8472977876663208,23.549772262573242,-0.89442718029022217,0.44721359014511108,0.29285488050753417
1377,-0.84729786038720356,0,0,-1,0,0,0,0.30000000000000004
1378,-0.84729786038720356,0,0,-1,0,0,0,0.30000000000000004
1379,-0.84729786038720356,0,0,-1,0,0,0,0.30000000000000004
1380,-0.84729786038720356,0,0,-1,0,0,0,0.30000000000000004
1381,-0.84729786038720356,0,0,-1,0,0,0,0.30000000000000004
1382,-0.84729786038720356,0,0,-1,0,0,0,0.30000000000000004
1383,-0.84729786038720356,0,0,-1,0,0,0,0.30000000000000004
1384,-0.84729786038720356,0,0,-1,0,0,0,0.30000000000000004
1385,-0.84729786038720356,0,0,-1,0,0,0,0.30000000000000004
1386,-0.84729786038720356,0,0,-1,0,0,0,0.30000000000000004
1387,-0.84729786038720356,0,0,-1,0,0,0,0.30000000000000004
1388,-0.84729786038720356,0,0,-1,0,0,0,0.30000000000000004
1389,-0.84729786038720356,0,0,-1,0,0,0,0.30000000000000004
1390,-0.84729786038720356,0,0,-1,0,0,0,0.30000000000000004
1391,-0.84729786038720356,0,0,-1,0,0,0,0.30000000000000004
1392,-0.84729786038720356,0,0,-1,0,0,0,0.30000000000000004
1393,-0.84729786038720356,0,0,-1,0,0,0,0.30000000000000004
1394,-0.84729786038720356,0,0,-1,0,0,0,0.30000000000000004
1395,-0.84729786038720356,0,0,-1,0,0,0,0.30000000000000004
1396,-0.84729786038720356,0,0,-1,0,0,0,0.30000000000000004
1397,-0.84729509699365868,0,2.8601616280122734e-24,-0.8472977876663208,24.650279998779297,-0.89442718029022217,0.44721359014511108,0.30000058031296517
1398,-0.84729786038720356,0,0,-1,0,0,0,0.30000000000000004
1399,-0.84729786038720356,0,0,-1,0,0,0,0.30000000000000004
1400,-0.84729786038720356,0,0,-1,0,0,0,0.30000000000000004
1401,-0.84729786038720356,0,0,-1,0,0,0,0.30000000000000004
1402,-0.84729786038720356,0,0,-1,0,0,0,0.30000000000000004
1403,-0.86722200262567772,4.0182483217798826e-05,4.0183290555438018e-05,-0.8472977876663208,21.478706359863281,-0.89442718029022217,0.44721359014511108,0.29583267406705283
1404,-0.84729786038720356,0,0,-1,0,0,0,0.30000000000000004
1405,-0.84729786038720356,0,0,-1,0,0,0,0.30000000000000004
1406,-0.84729786038720356,0,0,-1,0,0,0,0.30000000000000004
1407,-0.84729786038720356,0,0,-1,0,0,0,0.30000000000000004
1408,-0.84729786038720356,0,0,-1,0,0,0,0.30000000000000004
1409,-0.85357122766992821,2.2447529390845489e-07,2.2447531907474618e-07,-0.8472977876663208,23.963987350463867,-0.89442718029022217,0.44721359014511108,0.29868424802483684
1410,-0.84729786038720356,0,0,-1,0,0,0,0.30000000000000004
1411,-0.84729786038720356,0,0,-1,0,0,0,0.30000000000000004
1412,-0.84729786038720356,0,0,-1,0,0,0,0.30000000000000004
1413,-0.84729786038720356,0,0,-1,0,0,0,0.30000000000000004
1414,-0.84729786038720356,0,0,-1,0,0,0,0.30000000000000004
1415,-0.84729786038720356,0,0,-1,0,0,0,0.30000000000000004
1416,-0.84729786038720356,0,0,-1,0,0,0,0.30000000000000004
1417,-0.84729786038720356,0,0,-1,0,0,0,0.30000000000000004
1418,-0.84729786038720356,0,0,-1,0,0,0,0.30000000000000004
1419,-0.84729786038720356,0,0,-1,0,0,0,0.30000000000000004
1420,-0.84729786038720356,0,0,-1,0,0,0,0.30000000000000004
1421,-0.84729786038720356,0,0,-1,0,0,0,0.30000000000000004
1422,-0.84729786038720356,0,0,-1,0,0,0,0.30000000000000004
1423,-0.84729786038720356,0,0,-1,0,0,0,0.30000000000000004
1424,-0.84729786038720356,0,0,-1,0,0,0,0.30000000000000004
1425,-0.84729786038720356,0,0,-1,0,0,0,0.30000000000000004
1426,-0.84729786038720356,0,0,-1,0,0,0,0.30000000000000004
1427,-0.84729786038720356,0,0,-1,0,0,0,0.30000000000000004
1428,-0.84729786038720356,0,0,-1,0,0,0,0.30000000000000004
1429,-0.84729786038720356,0,0,-1,0,0,0,0.30000000000000004
1430,-0.84729509699365868,0,4.8797565639859291e-29,-0.8472977876663208,25.650279998779297,-0.89442718029022217,0.44721359014511108,0.30000058031296517
1431,-0.84729786038720356,0,0,-1,0,0,0,0.30000000000000004
1432,-0.84729786038720356,0,0,-1,0,0,0,0.30000000000000004
1433,-0.84729786038720356,0,0,-1,0,0,0,0.30000000000000004
1434,-0.84729786038720356,0,0,-1,0,0,0,0.30000000000000004
1435,-0.84729786038720356,0,0,-1,0,0,0,0.30000000000000004
1436,-0.84729786038720356,0,0,-1,0,0,0,0.30000000000000004
1437,-0.84729786038720356,0,0,-1,0,0,0,0.30000000000000004
1438,-0.84729786038720356,0,0,-1,0,0,0,0.30000000000000004
1439,-0.84729786038720356,0,0,-1,0,0,0,0.30000000000000004
1440,-0.84729786038720356,0,0,-1,0,0,0,0.30000000000000004
1441,-0.84729786038720356,0,0,-1,0,0,0,0.30000000000000004
1442,-0.84729786038720356,0,0,-1,0,0,0,0.30000000000000004
1443,-0.84729786038720356,0,0,-1,0,0,0,0.30000000000000004
1444,-0.84729786038720356,0,0,-1,0,0,0,0.30000000000000004
1445,-0.84729786038720356,0,0,-1,0,0,0,0.30000000000000004
1446,-0.84729786038720356,0,0,-1,0,0,0,0.30000000000000004
1447,-0.84729786038720356,0,0,-1,0,0,0,0.30000000000000004
1448,-0.84729786038720356,0,0,-1,0,0,0,0.30000000000000004
1449,-0.84729786038720356,0,0,-1,0,0,0,0.30000000000000004
1450,-0.84729786038720356,0,0,-1,0,0,0,0.30000000000000004
1451,-0.84729786038720356,0,0,-1,0,0,0,0.30000000000000004
1452,-0.84729786038720356,0,0,-1,0,0,0,0.30000000000000004
1453,-0.84729786038720356,0,0,-1,0,0,0,0.30000000000000004
1454,-0.84729786038720356,0,0,-1,0,0,0,0.30000000000000004
1455,-0.84729786038720356,0,0,-1,0,0,0,0.30000000000000004
1456,-0.84729786038720356,0,0,-1,0,0,0,0.30000000000000004
1457,-0.84729786038720356,0,0,-1,0,0,0,0.30000000000000004
1458,-0.84729786038720356,0,0,-1,0,0,0,0.30000000000000004
1459,-0.84729786038720356,0,0,-1,0,0,0,0.30000000000000004
1460,-0.84729786038720356,0,0,-1,0,0,0,0.30000000000000004
1461,-0.84729786038720356,0,0,-1,0,0,0,0.30000000000000004
1462,-0.84729786038720356,0,0,-1,0,0,0,0.30000000000000004
1463,-0.84729786038720356,0,0,-1,0,0,0,0.30000000000000004
1464,-0.84729786038720356,0,0,-1,0,0,0,0.30000000000000004
1465,-0.84729786038720356,0,0,-1,0,0,0,0.30000000000000004
1466,-0.84729786038720356,0,0,-1,0,0,0,0.30000000000000004
1467,-0.84729786038720356,0,0,-1,0,0,0,0.30000000000000004
1468,-0.84729786038720356,0,0,-1,0,0,0,0.30000000000000004
1469,-0.84729786038720356,0,0,-1,0,0,0,0.30000000000000004
1470,-0.84729786038720356,0,0,-1,0,0,0,0.30000000000000004
1471,-0.84729786038720356,0,0,-1,0,0,0,0.30000000000000004
1472,-0.84729786038720356,0,0,-1,0,0,0,0.30000000000000004
1473,-0.84729786038720356,0,0,-1,0,0,0,0.30000000000000004
1474,-0.84729786038720356,0,0,-1,0,0,0,0.30000000000000004
1475,-0.84729786038720356,0,0,-1,0,0,0,0.30000000000000004
1476,-0.84729786038720356,0,0,-1,0,0,0,0.30000000000000004
1477,-0.84729786038720356,0,0,-1,0,0,0,0.30000000000000004
1478,-0.84729786038720356,0,0,-1,0,0,0,0.30000000000000004
1479,-0.84729786038720356,0,0,-1,0,0,0,0.30000000000000004
1480,-0.84729786038720356,0,0,-1,0,0,0,0.30000000000000004
1481,-0.84729786038720356,0,0,-1,0,0,0,0.30000000000000004
1482,-0.84729786038720356,0,0,-1,0,0,0,0.30000000000000004
1483,-0.84729786038720356,0,0,-1,0,0,0,0.30000000000000004
1484,-0.84729786038720356,0,0,-1,0,0,0,0.30000000000000004
1485,-0.84729786038720356,0,0,-1,0,0,0,0.30000000000000004
1486,-0.84729786038720356,0,0,-1,0,0,0,0.30000000000000004
1487,-0.84729786038720356,0,0,-1,0,0,0,0.30000000000000004
1488,-0.84729786038720356,0,0,-1,0,0,0,0.30000000000000004
1489,-0.84729786038720356,0,0,-1,0,0,0,0.30000000000000004
1490,-0.84729786038720356,0,0,-1,0,0,0,0.30000000000000004
1491,-0.84729786038720356,0,0,-1,0,0,0,0.30000000000000004
1492,-0.84729786038720356,0,0,-1,0,0,0,0.30000000000000004
1493,-0.84729786038720356,0,0,-1,0,0,0,0.30000000000000004
1494,-0.84729786038720356,0,0,-1,0,0,0,0.30000000000000004
1495,-0.84729786038720356,0,0,-1,0,0,0,0.30000000000000004
1496,-0.84729786038720356,0,0,-1,0,0,0,0.30000000000000004
1497,-0.84729786038720356,0,0,-1,0,0,0,0.30000000000000004
1498,-0.84729786038720356,0,0,-1,0,0,0,0.30000000000000004
1499,-0.84729786038720356,0,0,-1,0,0,0,0.30000000000000004
1500,-0.84729786038720356,0,0,-1,0,0,0,0.30000000000000004
1501,-0.84729786038720356,0,0,-1,0,0,0,0.30000000000000004
1502,-0.84729786038720356,0,0,-1,0,0,0,0.30000000000000004
1503,-0.84729786038720356,0,0,-1,0,0,0,0.30000000000000004
1504,-0.84729786038720356,0,0,-1,0,0,0,0.30000000000000004
1505,-0.84729786038720356,0,0,-1,0,0,0,0.30000000000000004
1506,-0.84729786038720356,0,0,-1,0,0,0,0.30000000000000004
1507,-0.84729786038720356,0,0,-1,0,0,0,0.30000000000000004
1508,-0.84729786038720356,0,0,-1,0,0,0,0.30000000000000004
1509,-0.84729786038720356,0,0,-1,0,0,0,0.30000000000000004
1510,-0.84729786038720356,0,0,-1,0,0,0,0.30000000000000004
1511,-0.84729786038720356,0,0,-1,0,0,0,0.30000000000000004
1512,-0.84729786038720356,0,0,-1,0,0,0,0.30000000000000004
1513,-0.84729786038720356,0,0,-1,0,0,0,0.30000000000000004
1514,-0.84729786038720356,0,0,-1,0,0,0,0.30000000000000004
1515,-0.84729786038720356,0,0,-1,0,0,0,0.30000000000000004
1516,-0.84729786038720356,0,0,-1,0,0,0,0.30000000000000004
1517,-0.84729786038720356,0,0,-1,0,0,0,0.30000000000000004
1518,-0.84729786038720356,0,0,-1,0,0,0,0.30000000000000004
1519,-0.84729786038720356,0,0,-1,0,0,0,0.30000000000000004
1520,-0.84729786038720356,0,0,-1,0,0,0,0.30000000000000004
1521,-0.84729786038720356,0,0,-1,0,0,0,0.30000000000000004
1522,-0.84729786038720356,0,0,-1,0,0,0,0.30000000000000004
1523,-0.84729786038720356,0,0,-1,0,0,0,0.30000000000000004
1524,-0.84729786038720356,0,0,-1,0,0,0,0.30000000000000004
1525,-0.84729786038720356,0,0,-1,0,0,0,0.30000000000000004
1526,-0.84729786038720356,0,0,-1,0,0,0,0.30000000000000004
1527,-0.84729786038720356,0,0,-1,0,0,0,0.30000000000000004
1528,-0.84729786038720356,0,0,-1,0,0,0,0.30000000000000004
1529,-0.84729786038720356,0,0,-1,0,0,0,0.30000000000000004
1530,-0.84729786038720356,0,0,-1,0,0,0,0.30000000000000004
1531,-0.84729786038720356,0,0,-1,0,0,0,0.30000000000000004
1532,-0.84729786038720356,0,0,-1,0,0,0,0.30000000000000004
1533,-0.84729786038720356,0,0,-1,0,0,0,0.30000000000000004
1534,-0.84729786038720356,0,0,-1,0,0,0,0.30000000000000004
1535,-0.84729786038720356,0,0,-1,0,0,0,0.30000000000000004
1536,-0.84729786038720356,0,0,-1,0,0,0,0.30000000000000004
1537,-0.84729786038720356,0,0,-1,0,0,0,0.30000000000000004
1538,-0.84729786038720356,0,0,-1,0,0,0,0.30000000000000004
1539,-0.84729786038720356,0,0,-1,0,0,0,0.30000000000000004
1540,-0.84729786038720356,0,0,-1,0,0,0,0.30000000000000004
1541,-0.84729786038720356,0,0,-1,0,0,0,0.30000000000000004
1542,-0.84729786038720356,0,0,-1,0,0,0,0.30000000000000004
1543,-0.84729786038720356,0,0,-1,0,0,0,0.30000000000000004
1544,-0.84729786038720356,0,0,-1,0,0,0,0.30000000000000004
1545,-0.84729786038720356,0,0,-1,0,0,0,0.30000000000000004
1546,-0.84729786038720356,0,0,-1,0,0,0,0.30000000000000004
1547,-0.84729786038720356,0,0,-1,0,0,0,0.30000000000000004
1548,-0.84729786038720356,0,0,-1,0,0,0,0.30000000000000004
1549,-0.84729786038720356,0,0,-1,0,0,0,0.30000000000000004
1550,-0.84729786038720356,0,0,-1,0,0,0,0.30000000000000004
