cell_index,log_odds,confidence,omega,aux_weight,distance_from_robot,propagation_x,propagation_y,probability
0,-0.84729786038720356,0,0,-1,0,0,0,0.30000000000000004
1,-0.84729786038720356,0,0,-1,0,0,0,0.30000000000000004
2,-0.84729786038720356,0,0,-1,0,0,0,0.30000000000000004
3,-0.84729786038720356,0,0,-1,0,0,0,0.30000000000000004
4,-0.84729786038720356,0,0,-1,0,0,0,0.30000000000000004
5,-0.84729786038720356,0,0,-1,0,0,0,0.30000000000000004
6,-0.84729786038720356,0,0,-1,0,0,0,0.30000000000000004
7,-0.84729786038720356,0,0,-1,0,0,0,0.30000000000000004
8,-0.84729786038720356,0,0,-1,0,0,0,0.30000000000000004
9,-0.84729786038720356,0,0,-1,0,0,0,0.30000000000000004
10,-0.84729786038720356,0,0,-1,0,0,0,0.30000000000000004
11,-0.84729786038720356,0,0,-1,0,0,0,0.30000000000000004
12,-0.84729786038720356,0,0,-1,0,0,0,0.30000000000000004
13,-0.84729786038720356,0,0,-1,0,0,0,0.30000000000000004
14,-0.84729786038720356,0,0,-1,0,0,0,0.30000000000000004
15,-0.84729786038720356,0,0,-1,0,0,0,0.30000000000000004
16,-0.84729786038720356,0,0,-1,0,0,0,0.30000000000000004
17,-0.8472952424354242,0,1.1674991194746787e-63,-0.8472977876663208,40.242641448974609,-1,0,0.30000054977016155
18,-0.84729786038720356,0,0,-1,0,0,0,0.30000000000000004
19,-0.84729786038720356,0,0,-1,0,0,0,0.30000000000000004
20,-0.84729786038720356,0,0,-1,0,0,0,0.30000000000000004
21,-0.84729786038720356,0,0,-1,0,0,0,0.30000000000000004
22,-0.84729786038720356,0,0,-1,0,0,0,0.30000000000000004
23,-0.84729786038720356,0,0,-1,0,0,0,0.30000000000000004
24,-0.84729786038720356,0,0,-1,0,0,0,0.30000000000000004
25,-0.84729786038720356,0,0,-1,0,0,0,0.30000000000000004
26,-0.84729786038720356,0,0,-1,0,0,0,0.30000000000000004
27,-0.84729786038720356,0,0,-1,0,0,0,0.30000000000000004
28,-0.84729786038720356,0,0,-1,0,0,0,0.30000000000000004
29,-0.84729786038720356,0,0,-1,0,0,0,0.30000000000000004
30,-0.84729786038720356,0,0,-1,0,0,0,0.30000000000000004
31,-0.84729786038720356,0,0,-1,0,0,0,0.30000000000000004
32,-0.84729786038720356,0,0,-1,0,0,0,0.30000000000000004
33,-0.84729786038720356,0,0,-1,0,0,0,0.30000000000000004
34,-0.8472952424354242,0,2.2775991274227177e-143,-0.8472977876663208,49.485282897949219,-1,0,0.30000054977016155
35,-0.84729786038720356,0,0,-1,0,0,0,0.30000000000000004
36,-0.84729786038720356,0,0,-1,0,0,0,0.30000000000000004
37,-0.84729786038720356,0,0,-1,0,0,0,0.30000000000000004
38,-0.84729786038720356,0,0,-1,0,0,0,0.30000000000000004
39,-0.84729786038720356,0,0,-1,0,0,0,0.30000000000000004
40,-0.84729786038720356,0,0,-1,0,0,0,0.30000000000000004
41,-0.84729786038720356,0,0,-1,0,0,0,0.30000000000000004
42,-0.84729786038720356,0,0,-1,0,0,0,0.30000000000000004
43,-0.84729786038720356,0,0,-1,0,0,0,0.30000000000000004
44,-0.84729786038720356,0,0,-1,0,0,0,0.30000000000000004
45,-0.84729786038720356,0,0,-1,0,0,0,0.30000000000000004
46,-0.84729786038720356,0,0,-1,0,0,0,0.30000000000000004
47,-0.84729786038720356,0,0,-1,0,0,0,0.30000000000000004
48,-0.84729786038720356,0,0,-1,0,0,0,0.30000000000000004
49,-0.8472952424354242,0,1.2993476912154291e-53,-0.8472977876663208,38.828426361083984,-1,0,0.30000054977016155
50,-0.8472952424354242,0,1.824422305651299e-56,-0.8472977876663208,39.242641448974609,-1,0,0.30000054977016155
51,-0.84729786038720356,0,0,-1,0,0,0,0.30000000000000004
52,-0.84729786038720356,0,0,-1,0,0,0,0.30000000000000004
53,-0.84729786038720356,0,0,-1,0,0,0,0.30000000000000004
54,-0.84729786038720356,0,0,-1,0,0,0,0.30000000000000004
55,-0.84729786038720356,0,0,-1,0,0,0,0.30000000000000004
56,-0.84729786038720356,0,0,-1,0,0,0,0.30000000000000004
57,-0.84729786038720356,0,0,-1,0,0,0,0.30000000000000004
58,-0.84729786038720356,0,0,-1,0,0,0,0.30000000000000004
59,-0.84729786038720356,0,0,-1,0,0,0,0.30000000000000004
60,-0.84729786038720356,0,0,-1,0,0,0,0.30000000000000004
61,-0.84729786038720356,0,0,-1,0,0,0,0.30000000000000004
62,-0.84729786038720356,0,0,-1,0,0,0,0.30000000000000004
63,-0.84729786038720356,0,0,-1,0,0,0,0.30000000000000004
64,-0.84729786038720356,0,0,-1,0,0,0,0.30000000000000004
65,-0.84729786038720356,0,0,-1,0,0,0,0.30000000000000004
66,-0.84729786038720356,0,0,-1,0,0,0,0.30000000000000004
67,-0.8472952424354242,0,1.9184902970143376e-132,-0.8472977876663208,48.485282897949219,-1,0,0.30000054977016155
68,-0.84729786038720356,0,0,-1,0,0,0,0.30000000000000004
69,-0.84729786038720356,0,0,-1,0,0,0,0.30000000000000004
70,-0.84729786038720356,0,0,-1,0,0,0,0.30000000000000004
71,-0.84729786038720356,0,0,-1,0,0,0,0.30000000000000004
72,-0.84729786038720356,0,0,-1,0,0,0,0.30000000000000004
73,-0.84729786038720356,0,0,-1,0,0,0,0.30000000000000004
74,-0.84729786038720356,0,0,-1,0,0,0,0.30000000000000004
75,-0.84729786038720356,0,0,-1,0,0,0,0.30000000000000004
76,-0.84729786038720356,0,0,-1,0,0,0,0.30000000000000004
77,-0.84729786038720356,0,0,-1,0,0,0,0.30000000000000004
78,-0.84729786038720356,0,0,-1,0,0,0,0.30000000000000004
79,-0.84729786038720356,0,0,-1,0,0,0,0.30000000000000004
80,-0.84729786038720356,0,0,-1,0,0,0,0.30000000000000004
81,-0.84729786038720356,0,0,-1,0,0,0,0.30000000000000004
82,-0.8472952424354242,0,4.9363824088742936e-47,-0.8472977876663208,37.828426361083984,-1,0,0.30000054977016155
83,-0.8472952424354242,0,1.0488320318278537e-49,-0.8472977876663208,38.242641448974609,-1,0,0.30000054977016155
84,-0.84729786038720356,0,0,-1,0,0,0,0.30000000000000004
85,-0.84729786038720356,0,0,-1,0,0,0,0.30000000000000004
86,-0.84729786038720356,0,0,-1,0,0,0,0.30000000000000004
87,-0.84729786038720356,0,0,-1,0,0,0,0.30000000000000004
88,-0.84729786038720356,0,0,-1,0,0,0,0.30000000000000004
89,-0.84729786038720356,0,0,-1,0,0,0,0.30000000000000004
90,-0.84729786038720356,0,0,-1,0,0,0,0.30000000000000004
91,-0.84729786038720356,0,0,-1,0,0,0,0.30000000000000004
92,-0.84729786038720356,0,0,-1,0,0,0,0.30000000000000004
93,-0.84729786038720356,0,0,-1,0,0,0,0.30000000000000004
94,-0.84729786038720356,0,0,-1,0,0,0,0.30000000000000004
95,-0.84729786038720356,0,0,-1,0,0,0,0.30000000000000004
96,-0.84729786038720356,0,0,-1,0,0,0,0.30000000000000004
97,-0.84729786038720356,0,0,-1,0,0,0,0.30000000000000004
98,-0.84729786038720356,0,0,-1,0,0,0,0.30000000000000004
99,-0.84729786038720356,0,0,-1,0,0,0,0.30000000000000004
100,-0.8472952424354242,0,5.9449395704952672e-122,-0.8472977876663208,47.485282897949219,-1,0,0.30000054977016155
101,-0.8472952424354242,0,9.8295575360024995e-118,-0.8472977876663208,47.071067810058594,-1,0,0.30000054977016155
102,-0.8472952424354242,0,1.3690127037398874e-113,-0.8472977876663208,46.656852722167969,-1,0,0.30000054977016155
103,-0.84729786038720356,0,0,-1,0,0,0,0.30000000000000004
104,-0.84729786038720356,0,0,-1,0,0,0,0.30000000000000004
105,-0.84729786038720356,0,0,-1,0,0,0,0.30000000000000004
106,-0.84729786038720356,0,0,-1,0,0,0,0.30000000000000004
107,-0.84729786038720356,0,0,-1,0,0,0,0.30000000000000004
108,-0.84729786038720356,0,0,-1,0,0,0,0.30000000000000004
109,-0.84729786038720356,0,0,-1,0,0,0,0.30000000000000004
110,-0.84729786038720356,0,0,-1,0,0,0,0.30000000000000004
111,-0.84729786038720356,0,0,-1,0,0,0,0.30000000000000004
112,-0.8472952424354242,0,1.6833071153932475e-39,-0.8472977876663208,37.242637634277344,-1,0,0.30000054977016155
113,-0.8472952424354242,0,3.9994138785034062e-37,-0.8472977876663208,36.828426361083984,-1,0,0.30000054977016155
114,-0.8472952424354242,0,1.807578097677476e-38,-0.8472977876663208,36.414215087890625,-1,0,0.30000054977016155
115,-0.8472952424354242,0,6.8991840537174499e-41,-0.8472977876663208,36.828426361083984,-1,0,0.30000054977016155
116,-0.8472952424354242,0,2.2181217283143173e-43,-0.8472977876663208,37.242641448974609,-1,0,0.30000054977016155
117,-0.84729786038720356,0,0,-1,0,0,0,0.30000000000000004
118,-0.84729786038720356,0,0,-1,0,0,0,0.30000000000000004
119,-0.84729786038720356,0,0,-1,0,0,0,0.30000000000000004
120,-0.84729786038720356,0,0,-1,0,0,0,0.30000000000000004
121,-0.84729786038720356,0,0,-1,0,0,0,0.30000000000000004
122,-0.84729786038720356,0,0,-1,0,0,0,0.30000000000000004
123,-0.84729786038720356,0,0,-1,0,0,0,0.30000000000000004
124,-0.84729786038720356,0,0,-1,0,0,0,0.30000000000000004
125,-0.84729786038720356,0,0,-1,0,0,0,0.30000000000000004
126,-0.84729786038720356,0,0,-1,0,0,0,0.30000000000000004
127,-0.84729786038720356,0,0,-1,0,0,0,0.30000000000000004
128,-0.84729786038720356,0,0,-1,0,0,0,0.30000000000000004
129,-0.84729786038720356,0,0,-1,0,0,0,0.30000000000000004
130,-0.84729786038720356,0,0,-1,0,0,0,0.30000000000000004
131,-0.84729786038720356,0,0,-1,0,0,0,0.30000000000000004
132,-0.84729786038720356,0,0,-1,0,0,0,0.30000000000000004
133,-0.8472952424354242,0,6.7770517182189992e-112,-0.8472977876663208,46.485282897949219,-1,0,0.30000054977016155
134,-0.8472952424354242,0,7.405200570953981e-108,-0.8472977876663208,46.071067810058594,-1,0,0.30000054977016155
135,-0.8472952424354242,0,6.8158470537436816e-104,-0.8472977876663208,45.656852722167969,-1,0,0.30000054977016155
136,-0.84729786038720356,0,0,-1,0,0,0,0.30000000000000004
137,-0.84729786038720356,0,0,-1,0,0,0,0.30000000000000004
138,-0.84729786038720356,0,0,-1,0,0,0,0.30000000000000004
139,-0.84729786038720356,0,0,-1,0,0,0,0.30000000000000004
140,-0.84729786038720356,0,0,-1,0,0,0,0.30000000000000004
141,-0.84729786038720356,0,0,-1,0,0,0,0.30000000000000004
142,-0.84729786038720356,0,0,-1,0,0,0,0.30000000000000004
143,-0.84729786038720356,0,0,-1,0,0,0,0.30000000000000004
144,-0.84729786038720356,0,0,-1,0,0,0,0.30000000000000004
145,-0.8472952424354242,0,6.834942756293182e-34,-0.8472977876663208,36.242637634277344,-1,0,0.30000054977016155
146,-0.8472952424354242,0,1.0731918678315302e-31,-0.8472977876663208,35.828426361083984,-1,0,0.30000054977016155
147,-0.8472952424354242,0,6.141875727758609e-33,-0.8472977876663208,35.414215087890625,-1,0,0.30000054977016155
148,-0.8472952424354242,0,3.5472531592191214e-35,-0.8472977876663208,35.828426361083984,-1,0,0.30000054977016155
149,-0.8472952424354242,0,1.7257199823401343e-37,-0.8472977876663208,36.242641448974609,-1,0,0.30000054977016155
150,-0.84729786038720356,0,0,-1,0,0,0,0.30000000000000004
151,-0.84729786038720356,0,0,-1,0,0,0,0.30000000000000004
152,-0.84729786038720356,0,0,-1,0,0,0,0.30000000000000004
153,-0.84729786038720356,0,0,-1,0,0,0,0.30000000000000004
154,-0.84729786038720356,0,0,-1,0,0,0,0.30000000000000004
155,-0.84729786038720356,0,0,-1,0,0,0,0.30000000000000004
156,-0.84729786038720356,0,0,-1,0,0,0,0.30000000000000004
157,-0.84729786038720356,0,0,-1,0,0,0,0.30000000000000004
158,-0.84729786038720356,0,0,-1,0,0,0,0.30000000000000004
159,-0.84729786038720356,0,0,-1,0,0,0,0.30000000000000004
160,-0.84729786038720356,0,0,-1,0,0,0,0.30000000000000004
161,-0.84729786038720356,0,0,-1,0,0,0,0.30000000000000004
162,-0.84729786038720356,0,0,-1,0,0,0,0.30000000000000004
163,-0.84729786038720356,0,0,-1,0,0,0,0.30000000000000004
164,-0.84729786038720356,0,0,-1,0,0,0,0.30000000000000004
165,-0.8472952424354242,0,3.3152869988591565e-106,-0.8472977876663208,45.899497985839844,-1,0,0.30000054977016155
166,-0.8472952424354242,0,2.8421020867863764e-102,-0.8472977876663208,45.485282897949219,-1,0,0.30000054977016155
167,-0.8472952424354242,0,2.0523205835788376e-98,-0.8472977876663208,45.071067810058594,-1,0,0.30000054977016155
168,-0.8472952424354242,0,1.2483538721053466e-94,-0.8472977876663208,44.656852722167969,-1,0,0.30000054977016155
169,-0.84729786038720356,0,0,-1,0,0,0,0.30000000000000004
170,-0.84729786038720356,0,0,-1,0,0,0,0.30000000000000004
171,-0.84729786038720356,0,0,-1,0,0,0,0.30000000000000004
172,-0.84729786038720356,0,0,-1,0,0,0,0.30000000000000004
173,-0.84729786038720356,0,0,-1,0,0,0,0.30000000000000004
174,-0.84729786038720356,0,0,-1,0,0,0,0.30000000000000004
175,-0.84729786038720356,0,0,-1,0,0,0,0.30000000000000004
176,-0.84729786038720356,0,0,-1,0,0,0,0.30000000000000004
177,-0.84729786038720356,0,0,-1,0,0,0,0.30000000000000004
178,-0.8472952424354242,0,1.0209675107153092e-28,-0.8472977876663208,35.242637634277344,-1,0,0.30000054977016155
179,-0.8472952424354242,0,1.0594096267546769e-26,-0.8472977876663208,34.828426361083984,-1,0,0.30000054977016155
180,-0.8472952424354242,0,7.6773351062252027e-28,-0.8472977876663208,34.414215087890625,-1,0,0.30000054977016155
181,-0.8472952424354242,0,6.7095308700792044e-30,-0.8472977876663208,34.828426361083984,-1,0,0.30000054977016155
182,-0.8472952424354242,0,4.939247602907574e-32,-0.8472977876663208,35.242641448974609,-1,0,0.30000054977016155
183,-0.84729786038720356,0,0,-1,0,0,0,0.30000000000000004
184,-0.84729786038720356,0,0,-1,0,0,0,0.30000000000000004
185,-0.84729786038720356,0,0,-1,0,0,0,0.30000000000000004
186,-0.84729786038720356,0,0,-1,0,0,0,0.30000000000000004
187,-0.84729786038720356,0,0,-1,0,0,0,0.30000000000000004
188,-0.84729786038720356,0,0,-1,0,0,0,0.30000000000000004
189,-0.84729786038720356,0,0,-1,0,0,0,0.30000000000000004
190,-0.84729786038720356,0,0,-1,0,0,0,0.30000000000000004
191,-0.84729786038720356,0,0,-1,0,0,0,0.30000000000000004
192,-0.84729786038720356,0,0,-1,0,0,0,0.30000000000000004
193,-0.84729786038720356,0,0,-1,0,0,0,0.30000000000000004
194,-0.84729786038720356,0,0,-1,0,0,0,0.30000000000000004
195,-0.84729786038720356,0,0,-1,0,0,0,0.30000000000000004
196,-0.84729786038720356,0,0,-1,0,0,0,0.30000000000000004
197,-0.84729786038720356,0,0,-1,0,0,0,0.30000000000000004
198,-0.8472952424354242,0,7.7395555345704756e-97,-0.8472977876663208,44.899497985839844,-1,0,0.30000054977016155
199,-0.8472952424354242,0,4.3847422098428313e-93,-0.8472977876663208,44.485282897949219,-1,0,0.30000054977016155
200,-0.8472952424354242,0,2.0924692953369382e-89,-0.8472977876663208,44.071067810058594,-1,0,0.30000054977016155
201,-0.8472952424354242,0,8.4112609576102979e-86,-0.8472977876663208,43.656852722167969,-1,0,0.30000054977016155
202,-0.84729786038720356,0,0,-1,0,0,0,0.30000000000000004
203,-0.84729786038720356,0,0,-1,0,0,0,0.30000000000000004
204,-0.84729786038720356,0,0,-1,0,0,0,0.30000000000000004
205,-0.84729786038720356,0,0,-1,0,0,0,0.30000000000000004
206,-0.84729786038720356,0,0,-1,0,0,0,0.30000000000000004
207,-0.84729786038720356,0,0,-1,0,0,0,0.30000000000000004
208,-0.84729786038720356,0,0,-1,0,0,0,0.30000000000000004
209,-0.84729786038720356,0,0,-1,0,0,0,0.30000000000000004
210,-0.84729786038720356,0,0,-1,0,0,0,0.30000000000000004
211,-0.8472952424354242,0,5.6104084602577688e-24,-0.8472977876663208,34.242637634277344,-1,0,0.30000054977016155
212,-0.8472952424354242,0,3.8472993133532097e-22,-0.8472977876663208,33.828426361083984,-1,0,0.30000054977016155
213,-0.8472952424354242,0,3.5304127925525834e-23,-0.8472977876663208,33.414215087890625,-1,0,0.30000054977016155
214,-0.8472952424354242,0,4.6687180242303916e-25,-0.8472977876663208,33.828426361083984,-1,0,0.30000054977016155
215,-0.84729786038720356,0,0,-1,0,0,0,0.30000000000000004
216,-0.84729786038720356,0,0,-1,0,0,0,0.30000000000000004
217,-0.84729786038720356,0,0,-1,0,0,0,0.30000000000000004
218,-0.84729786038720356,0,0,-1,0,0,0,0.30000000000000004
219,-0.84729786038720356,0,0,-1,0,0,0,0.30000000000000004
220,-0.84729786038720356,0,0,-1,0,0,0,0.30000000000000004
221,-0.84729786038720356,0,0,-1,0,0,0,0.30000000000000004
222,-0.84729786038720356,0,0,-1,0,0,0,0.30000000000000004
223,-0.84729786038720356,0,0,-1,0,0,0,0.30000000000000004
224,-0.84729786038720356,0,0,-1,0,0,0,0.30000000000000004
225,-0.84729786038720356,0,0,-1,0,0,0,0.30000000000000004
226,-0.84729786038720356,0,0,-1,0,0,0,0.30000000000000004
227,-0.84729786038720356,0,0,-1,0,0,0,0.30000000000000004
228,-0.84729786038720356,0,0,-1,0,0,0,0.30000000000000004
229,-0.84729786038720356,0,0,-1,0,0,0,0.30000000000000004
230,-0.84729786038720356,0,0,-1,0,0,0,0.30000000000000004
231,-0.8472952424354242,0,4.3847422098428313e-93,-0.8472977876663208,44.485282897949219,-1,0,0.30000054977016155
232,-0.8472952424354242,0,2.4885935716278234e-84,-0.8472977876663208,43.485282897949219,-1,0,0.30000054977016155
233,-0.8472952424354242,0,7.8483525794004311e-81,-0.8472977876663208,43.071067810058594,-1,0,0.30000054977016155
234,-0.8472952424354242,0,2.08492299640688e-77,-0.8472977876663208,42.656852722167969,-1,0,0.30000054977016155
235,-0.84729786038720356,0,0,-1,0,0,0,0.30000000000000004
236,-0.84729786038720356,0,0,-1,0,0,0,0.30000000000000004
237,-0.84729786038720356,0,0,-1,0,0,0,0.30000000000000004
238,-0.84729786038720356,0,0,-1,0,0,0,0.30000000000000004
239,-0.84729786038720356,0,0,-1,0,0,0,0.30000000000000004
240,-0.84729786038720356,0,0,-1,0,0,0,0.30000000000000004
241,-0.84729786038720356,0,0,-1,0,0,0,0.30000000000000004
242,-0.84729786038720356,0,0,-1,0,0,0,0.30000000000000004
243,-0.84729786038720356,0,0,-1,0,0,0,0.30000000000000004
244,-0.84729512322613465,0,1.1341814958744111e-19,-0.8472977876663208,33.242637634277344,-1,0,0.30000057480413922
245,-0.84729387152859437,0,5.1398867858344579e-18,-0.8472977876663208,32.828426361083984,-1,0,0.30000083766097618
246,-0.8472952424354242,0,5.9723602584309254e-19,-0.8472977876663208,32.414215087890625,-1,0,0.30000054977016155
247,-0.8472952424354242,0,1.1951121238432386e-20,-0.8472977876663208,32.828426361083984,-1,0,0.30000054977016155
248,-0.84729786038720356,0,0,-1,0,0,0,0.30000000000000004
249,-0.84729786038720356,0,0,-1,0,0,0,0.30000000000000004
250,-0.84729786038720356,0,0,-1,0,0,0,0.30000000000000004
251,-0.84729786038720356,0,0,-1,0,0,0,0.30000000000000004
252,-0.84729786038720356,0,0,-1,0,0,0,0.30000000000000004
253,-0.84729786038720356,0,0,-1,0,0,0,0.30000000000000004
254,-0.84729786038720356,0,0,-1,0,0,0,0.30000000000000004
255,-0.84729786038720356,0,0,-1,0,0,0,0.30000000000000004
256,-0.84729786038720356,0,0,-1,0,0,0,0.30000000000000004
257,-0.84729786038720356,0,0,-1,0,0,0,0.30000000000000004
258,-0.84729786038720356,0,0,-1,0,0,0,0.30000000000000004
259,-0.84729786038720356,0,0,-1,0,0,0,0.30000000000000004
260,-0.84729786038720356,0,0,-1,0,0,0,0.30000000000000004
261,-0.84729786038720356,0,0,-1,0,0,0,0.30000000000000004
262,-0.84729786038720356,0,0,-1,0,0,0,0.30000000000000004
263,-0.84729786038720356,0,0,-1,0,0,0,0.30000000000000004
264,-0.84729786038720356,0,0,-1,0,0,0,0.30000000000000004
265,-0.8472952424354242,0,7.8483525794004311e-81,-0.8472977876663208,43.071067810058594,-1,0,0.30000054977016155
266,-0.8472952424354242,0,1.0829376035981147e-72,-0.8472977876663208,42.071067810058594,-1,0,0.30000054977016155
267,-0.8472952424354242,0,1.9011853109362963e-69,-0.8472977876663208,41.656852722167969,-1,0,0.30000054977016155
268,-0.84729786038720356,0,0,-1,0,0,0,0.30000000000000004
269,-0.84729786038720356,0,0,-1,0,0,0,0.30000000000000004
270,-0.84729786038720356,0,0,-1,0,0,0,0.30000000000000004
271,-0.84729786038720356,0,0,-1,0,0,0,0.30000000000000004
272,-0.84729786038720356,0,0,-1,0,0,0,0.30000000000000004
273,-0.84729786038720356,0,0,-1,0,0,0,0.30000000000000004
274,-0.84729786038720356,0,0,-1,0,0,0,0.30000000000000004
275,-0.84729786038720356,0,0,-1,0,0,0,0.30000000000000004
276,-0.84729786038720356,0,0,-1,0,0,0,0.30000000000000004
277,-0.84728415597149598,8.8817841970012523e-16,8.4348264713382711e-16,-0.8472977876663208,32.242637634277344,-1,0,0.30000287793518665
278,-0.84725459206768738,2.5313084961453569e-14,2.5261355417684463e-14,-0.8472977876663208,31.828426361083984,-1,0,0.30000908642572788
279,-0.84728761304089295,3.6637359812630166e-15,3.7168242311822591e-15,-0.8472977876663208,31.414213180541992,-1,0,0.30000215194713553
280,-0.84729369271466004,1.1102230246251565e-16,1.1254473363618686e-16,-0.8472977876663208,31.828426361083984,-1,0,0.30000087521196361
281,-0.84729786038720356,0,0,-1,0,0,0,0.30000000000000004
282,-0.84729786038720356,0,0,-1,0,0,0,0.30000000000000004
283,-0.84729786038720356,0,0,-1,0,0,0,0.30000000000000004
284,-0.84729786038720356,0,0,-1,0,0,0,0.30000000000000004
285,-0.84729786038720356,0,0,-1,0,0,0,0.30000000000000004
286,-0.84729786038720356,0,0,-1,0,0,0,0.30000000000000004
287,-0.84729786038720356,0,0,-1,0,0,0,0.30000000000000004
288,-0.84729786038720356,0,0,-1,0,0,0,0.30000000000000004
289,-0.84729786038720356,0,0,-1,0,0,0,0.30000000000000004
290,-0.84729786038720356,0,0,-1,0,0,0,0.30000000000000004
291,-0.84729786038720356,0,0,-1,0,0,0,0.30000000000000004
292,-0.84729786038720356,0,0,-1,0,0,0,0.30000000000000004
293,-0.84729786038720356,0,0,-1,0,0,0,0.30000000000000004
294,-0.84729786038720356,0,0,-1,0,0,0,0.30000000000000004
295,-0.84729786038720356,0,0,-1,0,0,0,0.30000000000000004
296,-0.84729786038720356,0,0,-1,0,0,0,0.30000000000000004
297,-0.84729786038720356,0,0,-1,0,0,0,0.30000000000000004
298,-0.8472952424354242,0,2.08492299640688e-77,-0.8472977876663208,42.656852722167969,-1,0,0.30000054977016155
299,-0.8472952424354242,0,1.9011853109362963e-69,-0.8472977876663208,41.656852722167969,-1,0,0.30000054977016155
300,-0.8472952424354242,0,6.37770458463741e-62,-0.8472977876663208,40.656852722167969,-1,0,0.30000054977016155
301,-0.84729786038720356,0,0,-1,0,0,0,0.30000000000000004
302,-0.84729786038720356,0,0,-1,0,0,0,0.30000000000000004
303,-0.84729786038720356,0,0,-1,0,0,0,0.30000000000000004
304,-0.84729786038720356,0,0,-1,0,0,0,0.30000000000000004
305,-0.84729786038720356,0,0,-1,0,0,0,0.30000000000000004
306,-0.84729786038720356,0,0,-1,0,0,0,0.30000000000000004
307,-0.84729786038720356,0,0,-1,0,0,0,0.30000000000000004
308,-0.84729786038720356,0,0,-1,0,0,0,0.30000000000000004
309,-0.84729786038720356,0,0,-1,0,0,0,0.30000000000000004
310,-0.84707172501751649,2.3077095789858504e-12,2.3076701362378897e-12,-0.8472977876663208,31.242639541625977,-1,0,0.30004749057529168
311,-0.84660782206722962,4.5673576032356777e-11,4.5673602041822983e-11,-0.8472977876663208,30.828426361083984,-1,0,0.30014492804262449
312,-0.84711773980328309,8.5095264168444373e-12,8.5094907149183913e-12,-0.8472977876663208,30.414213180541992,-1,0,0.30003782668519396
313,-0.84724332678982484,3.8991032624835498e-13,3.8989317855484022e-13,-0.8472977876663208,30.828426361083984,-1,0,0.30001145218035241
314,-0.84729786038720356,0,0,-1,0,0,0,0.30000000000000004
315,-0.84729786038720356,0,0,-1,0,0,0,0.30000000000000004
316,-0.84729786038720356,0,0,-1,0,0,0,0.30000000000000004
317,-0.84729786038720356,0,0,-1,0,0,0,0.30000000000000004
318,-0.84729786038720356,0,0,-1,0,0,0,0.30000000000000004
319,-0.84729786038720356,0,0,-1,0,0,0,0.30000000000000004
320,-0.84729786038720356,0,0,-1,0,0,0,0.30000000000000004
321,-0.84729786038720356,0,0,-1,0,0,0,0.30000000000000004
322,-0.84729786038720356,0,0,-1,0,0,0,0.30000000000000004
323,-0.84729786038720356,0,0,-1,0,0,0,0.30000000000000004
324,-0.84729786038720356,0,0,-1,0,0,0,0.30000000000000004
325,-0.84729786038720356,0,0,-1,0,0,0,0.30000000000000004
326,-0.84729786038720356,0,0,-1,0,0,0,0.30000000000000004
327,-0.84729786038720356,0,0,-1,0,0,0,0.30000000000000004
328,-0.84729786038720356,0,0,-1,0,0,0,0.30000000000000004
329,-0.84729786038720356,0,0,-1,0,0,0,0.30000000000000004
330,-0.84729786038720356,0,0,-1,0,0,0,0.30000000000000004
331,-0.8472952424354242,0,4.6653960625592974e-74,-0.8472977876663208,42.242637634277344,-1,0,0.30000054977016155
332,-0.8472952424354242,0,2.8114635052943004e-66,-0.8472977876663208,41.242637634277344,-1,0,0.30000054977016155
333,-0.8472952424354242,0,6.2327814743033929e-59,-0.8472977876663208,40.242637634277344,-1,0,0.30000054977016155
334,-0.8472952424354242,0,5.0831961509487859e-52,-0.8472977876663208,39.242637634277344,-1,0,0.30000054977016155
335,-0.8472952424354242,0,1.525096607001306e-45,-0.8472977876663208,38.242637634277344,-1,0,0.30000054977016155
336,-0.8472952424354242,0,1.6833071153932475e-39,-0.8472977876663208,37.242637634277344,-1,0,0.30000054977016155
337,-0.8472952424354242,0,6.834942756293182e-34,-0.8472977876663208,36.242637634277344,-1,0,0.30000054977016155
338,-0.8472952424354242,0,1.0209675107153092e-28,-0.8472977876663208,35.242637634277344,-1,0,0.30000054977016155
339,-0.8472952424354242,0,5.6104084602577688e-24,-0.8472977876663208,34.242637634277344,-1,0,0.30000054977016155
340,-0.84729512322613465,0,1.1341814958744111e-19,-0.8472977876663208,33.242637634277344,-1,0,0.30000057480413922
341,-0.84728415597149598,8.8817841970012523e-16,8.4348264713382711e-16,-0.8472977876663208,32.242637634277344,-1,0,0.30000287793518665
342,-0.84707172501751649,2.3077095789858504e-12,2.3076701362378897e-12,-0.8472977876663208,31.242639541625977,-1,0,0.30004749057529168
343,-0.84427441943356263,2.322622205674918e-09,2.322622174181058e-09,-0.8472977876663208,30.242639541625977,-1,0,0.30063530627851387
344,-0.83933438647457825,3.0379413762382512e-08,3.0379414249116635e-08,-0.8472977876663208,29.828426361083984,-1,0,0.30167498841508678
345,-0.84465922702023255,7.1670532841849877e-09,7.1670532597994493e-09,-0.8472977876663208,29.414213180541992,-1,0,0.30055440525984212
346,-0.84639127839276063,4.9690507264443795e-10,4.9690504463631996e-10,-0.8472977876663208,29.828426361083984,-1,0,0.30019041673146718
347,-0.84729786038720356,0,0,-1,0,0,0,0.30000000000000004
348,-0.84729786038720356,0,0,-1,0,0,0,0.30000000000000004
349,-0.84729786038720356,0,0,-1,0,0,0,0.30000000000000004
350,-0.84729786038720356,0,0,-1,0,0,0,0.30000000000000004
351,-0.84729786038720356,0,0,-1,0,0,0,0.30000000000000004
352,-0.84729786038720356,0,0,-1,0,0,0,0.30000000000000004
353,-0.84729786038720356,0,0,-1,0,0,0,0.30000000000000004
354,-0.84729786038720356,0,0,-1,0,0,0,0.30000000000000004
355,-0.84729786038720356,0,0,-1,0,0,0,0.30000000000000004
356,-0.84729786038720356,0,0,-1,0,0,0,0.30000000000000004
357,-0.84729786038720356,0,0,-1,0,0,0,0.30000000000000004
358,-0.84729786038720356,0,0,-1,0,0,0,0.30000000000000004
359,-0.84729786038720356,0,0,-1,0,0,0,0.30000000000000004
360,-0.84729786038720356,0,0,-1,0,0,0,0.30000000000000004
361,-0.84729786038720356,0,0,-1,0,0,0,0.30000000000000004
362,-0.84729786038720356,0,0,-1,0,0,0,0.30000000000000004
363,-0.84729786038720356,0,0,-1,0,0,0,0.30000000000000004
364,-0.84729786038720356,0,0,-1,0,0,0,0.30000000000000004
365,-0.84729786038720356,0,0,-1,0,0,0,0.30000000000000004
366,-0.84729786038720356,0,0,-1,0,0,0,0.30000000000000004
367,-0.84729786038720356,0,0,-1,0,0,0,0.30000000000000004
368,-0.84729786038720356,0,0,-1,0,0,0,0.30000000000000004
369,-0.84729786038720356,0,0,-1,0,0,0,0.30000000000000004
370,-0.84729786038720356,0,0,-1,0,0,0,0.30000000000000004
371,-0.84729786038720356,0,0,-1,0,0,0,0.30000000000000004
372,-0.84729786038720356,0,0,-1,0,0,0,0.30000000000000004
373,-0.84729786038720356,0,0,-1,0,0,0,0.30000000000000004
374,-0.84729786038720356,0,0,-1,0,0,0,0.30000000000000004
375,-0.84729786038720356,0,0,-1,0,0,0,0.30000000000000004
376,-0.84729786038720356,0,0,-1,0,0,0,0.30000000000000004
377,-0.78403730977246033,7.4335699445926551e-06,7.43359757367436e-06,-0.8472977876663208,28.828426361083984,-1,0,0.31345040635528842
378,-0.82074047911831605,2.2206633795152086e-06,2.2206658451635793e-06,-0.8472977876663208,28.414213180541992,-1,0,0.30560649933901685
379,-0.84729786038720356,0,0,-1,0,0,0,0.30000000000000004
380,-0.84729786038720356,0,0,-1,0,0,0,0.30000000000000004
381,-0.84729786038720356,0,0,-1,0,0,0,0.30000000000000004
382,-0.84729786038720356,0,0,-1,0,0,0,0.30000000000000004
383,-0.84729786038720356,0,0,-1,0,0,0,0.30000000000000004
384,-0.84729786038720356,0,0,-1,0,0,0,0.30000000000000004
385,-0.84729786038720356,0,0,-1,0,0,0,0.30000000000000004
386,-0.84729786038720356,0,0,-1,0,0,0,0.30000000000000004
387,-0.84729786038720356,0,0,-1,0,0,0,0.30000000000000004
388,-0.84729786038720356,0,0,-1,0,0,0,0.30000000000000004
389,-0.84729786038720356,0,0,-1,0,0,0,0.30000000000000004
390,-0.84729786038720356,0,0,-1,0,0,0,0.30000000000000004
391,-0.84729786038720356,0,0,-1,0,0,0,0.30000000000000004
392,-0.84729786038720356,0,0,-1,0,0,0,0.30000000000000004
393,-0.84729786038720356,0,0,-1,0,0,0,0.30000000000000004
394,-0.84729786038720356,0,0,-1,0,0,0,0.30000000000000004
395,-0.84729786038720356,0,0,-1,0,0,0,0.30000000000000004
396,-0.84729786038720356,0,0,-1,0,0,0,0.30000000000000004
397,-0.84729786038720356,0,0,-1,0,0,0,0.30000000000000004
398,-0.84729786038720356,0,0,-1,0,0,0,0.30000000000000004
399,-0.84729786038720356,0,0,-1,0,0,0,0.30000000000000004
400,-0.84729786038720356,0,0,-1,0,0,0,0.30000000000000004
401,-0.84729786038720356,0,0,-1,0,0,0,0.30000000000000004
402,-0.84729786038720356,0,0,-1,0,0,0,0.30000000000000004
403,-0.84729786038720356,0,0,-1,0,0,0,0.30000000000000004
404,-0.84729786038720356,0,0,-1,0,0,0,0.30000000000000004
405,-0.84729786038720356,0,0,-1,0,0,0,0.30000000000000004
406,-0.84729786038720356,0,0,-1,0,0,0,0.30000000000000004
407,-0.84729786038720356,0,0,-1,0,0,0,0.30000000000000004
408,-0.84729786038720356,0,0,-1,0,0,0,0.30000000000000004
409,-0.84729786038720356,0,0,-1,0,0,0,0.30000000000000004
410,-0.50500066865154969,0.00066892729715140042,0.00066915112883947467,-0.8472977876663208,27.828426361083984,-1,0,0.37636621475942167
411,-0.66719819892117249,0.00025309079410662516,0.00025312282698657774,-0.8472977876663208,27.414213180541992,-1,0,0.33912449453406635
412,-0.84729786038720356,0,0,-1,0,0,0,0.30000000000000004
413,-0.84729786038720356,0,0,-1,0,0,0,0.30000000000000004
414,-0.84729786038720356,0,0,-1,0,0,0,0.30000000000000004
415,-0.84729786038720356,0,0,-1,0,0,0,0.30000000000000004
416,-0.84729786038720356,0,0,-1,0,0,0,0.30000000000000004
417,-0.84729786038720356,0,0,-1,0,0,0,0.30000000000000004
418,-0.84729786038720356,0,0,-1,0,0,0,0.30000000000000004
419,-0.84729786038720356,0,0,-1,0,0,0,0.30000000000000004
420,-0.84729786038720356,0,0,-1,0,0,0,0.30000000000000004
421,-0.84729786038720356,0,0,-1,0,0,0,0.30000000000000004
422,-0.84729786038720356,0,0,-1,0,0,0,0.30000000000000004
423,-0.84729786038720356,0,0,-1,0,0,0,0.30000000000000004
424,-0.84729786038720356,0,0,-1,0,0,0,0.30000000000000004
425,-0.84729786038720356,0,0,-1,0,0,0,0.30000000000000004
426,-0.84729786038720356,0,0,-1,0,0,0,0.30000000000000004
427,-0.84729786038720356,0,0,-1,0,0,0,0.30000000000000004
428,-0.84729786038720356,0,0,-1,0,0,0,0.30000000000000004
429,-0.84729786038720356,0,0,-1,0,0,0,0.30000000000000004
430,-0.84607030738064515,4.9690507264443795e-10,4.9690504463631985e-10,-0.8472977876663208,36.313705444335938,-1,0,0.30025784940376032
431,-0.83390559542843568,2.3297356321894114e-07,2.3297359036806816e-07,-0.8472977876663208,35.313705444335938,-1,0,0.30281988642850677
432,-0.84729786038720356,0,0,-1,0,0,0,0.30000000000000004
433,-0.84729786038720356,0,0,-1,0,0,0,0.30000000000000004
434,-0.84729786038720356,0,0,-1,0,0,0,0.30000000000000004
435,-0.84729786038720356,0,0,-1,0,0,0,0.30000000000000004
436,-0.84729786038720356,0,0,-1,0,0,0,0.30000000000000004
437,-0.84729786038720356,0,0,-1,0,0,0,0.30000000000000004
438,-0.84729786038720356,0,0,-1,0,0,0,0.30000000000000004
439,-0.50503857720562684,0.002551814046484413,0.0025550754734999476,-0.8472977876663208,28.485279083251953,-1,0,0.37635731710671372
440,-0.6642050324744867,0.00028630943984941926,0.00028635043422203555,-0.8472977876663208,28.071065902709961,-1,0,0.33979564289476083
441,-0.36005582202145325,0.0025466867573220586,0.0025499350801878829,-0.8472977876663208,27.656852722167969,-1,0,0.41094605307122856
442,-0.0042141853637384097,0.010558004027306889,0.010614135190105671,-0.8472977876663208,27.242639541625977,-1,0,0.49894645521825487
443,0.39683608423999084,0.021915529536606471,0.02215924206007993,-0.8472977876663208,26.828426361083984,-1,0,0.59792725855945583
444,-0.040026742107360236,0.010558003535648286,0.010614134693200741,-0.8472977876663208,26.414213180541992,-1,0,0.48999465026847955
445,-0.39065029013821351,0.0025464543770153947,0.0025497021065975173,-0.8472977876663208,26.828426361083984,-1,0,0.403560766397557
446,-0.72734852421948182,0.00024613684703644889,0.00024616714368164535,-0.8472977876663208,27.242639541625977,-1,0,0.32577684499252635
447,-0.84729786038720356,0,0,-1,0,0,0,0.30000000000000004
448,-0.84729786038720356,0,0,-1,0,0,0,0.30000000000000004
449,-0.84729786038720356,0,0,-1,0,0,0,0.30000000000000004
450,-0.84729786038720356,0,0,-1,0,0,0,0.30000000000000004
451,-0.84729786038720356,0,0,-1,0,0,0,0.30000000000000004
452,-0.20689399827191102,0.010558003535648175,0.010614134693200628,-0.8472977876663208,32.071067810058594,-1,0,0.44846021665106972
453,0.070021075122864374,0.021915529536225109,0.022159242059690037,-0.8472977876663208,33.071067810058594,-1,0,0.51749811999617656
454,-0.14480914462277161,0.010558003535648175,0.010614134693200628,-0.8472977876663208,34.071067810058594,-1,0,0.46386084402050198
455,-0.46643062222668397,0.0025464543770153947,0.0025497021065975147,-0.8472977876663208,35.071067810058594,-1,0,0.38546141464284378
456,-0.70330842126080262,0.00024613684702134986,0.00024616714366659754,-0.8472977876663208,36.071067810058594,-1,0,0.33107911684608071
457,-0.81967516530224549,5.3733524659760334e-06,5.3733669024324608e-06,-0.8472977876663208,37.071067810058594,-1,0,0.30583261763251157
458,-0.84480633128353821,2.0588133753385307e-08,2.0588133951389095e-08,-0.8472977876663208,38.071067810058594,-1,0,0.30052348169494325
459,-0.84729786038720356,0,0,-1,0,0,0,0.30000000000000004
460,-0.84729786038720356,0,0,-1,0,0,0,0.30000000000000004
461,-0.84729786038720356,0,0,-1,0,0,0,0.30000000000000004
462,-0.84729786038720356,0,0,-1,0,0,0,0.30000000000000004
463,-0.8438421665496515,7.1670532841849877e-09,7.1670532597994468e-09,-0.8472977876663208,35.899490356445312,-1,0,0.30072619688603086
464,-0.81503232110211121,2.2206633795152086e-06,2.2206658451635174e-06,-0.8472977876663208,34.899490356445312,-1,0,0.30681917654133473
465,-0.64238657344052064,0.00025309079410662516,0.00025312282698657486,-0.8472977876663208,33.899490356445312,-1,0,0.34470725063812013
466,0.02264956843188537,0.010558003535648175,0.010614134693200628,-0.8472977876663208,32.899490356445312,-1,0,0.5056621500517342
467,1.5969535828762331,0.15103377084864966,0.16373587066881387,-0.8472977876663208,31.899492263793945,-1,0,0.83159217555781684
468,3.3839430414800176,0.5199251938062861,0.73381334098605977,-0.8472977876663208,30.899492263793945,-1,0,0.9671989295328618
469,4.1101400674515043,0.70175906803170696,1.2098536225961065,-0.8472977876663208,29.899492263793945,-1,0,0.98385931906949786
470,3.0628066518538275,0.51992519404483784,0.73381334148296506,-0.8472977876663208,28.899492263793945,-1,0,0.95533221717793926
471,1.2462301970653811,0.15103396863533713,0.16373610364240429,-0.8472977876663208,27.899492263793945,-1,0,0.7766466081259118
472,-0.18728168595501649,0.010597761772066172,0.010654317983756066,-0.8472977876663208,27.485279083251953,-1,0,0.45331595018127913
473,-0.45898469079205262,0.0027989006869615363,0.0028028249335840891,-0.8472977876663208,27.071065902709961,-1,0,0.38722671104606221
474,0.32355938565066589,0.035877231625116246,0.036536639394328212,-0.8472977876663208,26.656852722167969,-1,0,0.58019145594071819
475,1.5628877998524011,0.15103377693323583,0.16373587783586713,-0.8472977876663208,26.242639541625977,-1,0,0.82676734300757149
476,2.1991204292707742,0.23658602499797432,0.26995483257444985,-0.8472977876663208,25.828426361083984,-1,0,0.90017049732796672
477,1.5130508066349329,0.15103377084865277,0.16373587066881759,-0.8472977876663208,25.414213180541992,-1,0,0.81951289620521028
478,0.26112465273669494,0.035875090628236794,0.036534418728483162,-0.8472977876663208,25.828426361083984,-1,0,0.56491273623170291
479,-0.59143163550564515,0.0025464543774043058,0.0025497021069874077,-0.8472977876663208,26.242639541625977,-1,0,0.35630643810502083
480,-0.81397815335461365,4.0182962282919732e-05,4.0183769639798966e-05,-0.8472977876663208,26.656852722167969,-1,0,0.30704342381673511
481,-0.83936293709942567,4.6594707214797637e-07,4.6594718073613632e-07,-0.8472977876663208,27.656852722167969,-1,0,0.30166897376924084
482,-0.79292674649426209,4.0182980102887456e-05,4.0183787460482663e-05,-0.8472977876663208,28.656852722167969,-1,0,0.31154058591918898
483,-0.49880059350201356,0.0025464543774043058,0.0025497021069874068,-0.8472977876663208,29.656852722167969,-1,0,0.37782257514980266
484,0.25946204077533019,0.035875090628236794,0.036534418728483155,-0.8472977876663208,30.656852722167969,-1,0,0.56450404491466744
485,1.277297985666304,0.15103377084864966,0.16373587066881387,-0.8472977876663208,31.656852722167969,-1,0,0.78198948279631286
486,1.8233390272789287,0.23658602499147796,0.26995483256594033,-0.8472977876663208,32.656852722167969,-1,0,0.86096630166866872
487,1.3699678600960068,0.15103377084864966,0.16373587066881387,-0.8472977876663208,33.656852722167969,-1,0,0.79737496083422776
488,0.36010567557147277,0.035875090628236683,0.036534418728483051,-0.8472977876663208,34.656852722167969,-1,0,0.5890660148938599
489,-0.45492525685497986,0.0025464543770153947,0.0025497021065975147,-0.8472977876663208,35.656852722167969,-1,0,0.38819038224291014
490,-0.78141130793759095,4.0182483217798826e-05,4.0183290555438018e-05,-0.8472977876663208,36.656852722167969,-1,0,0.31401579662655688
491,-0.84018649447628724,2.3297356321894114e-07,2.3297359036806816e-07,-0.8472977876663208,37.656852722167969,-1,0,0.30149550755908472
492,-0.84729786038720356,0,0,-1,0,0,0,0.30000000000000004
493,-0.84729786038720356,0,0,-1,0,0,0,0.30000000000000004
494,-0.84729786038720356,0,0,-1,0,0,0,0.30000000000000004
495,-0.84729786038720356,0,0,-1,0,0,0,0.30000000000000004
496,-0.84315730918118226,3.0379413762382512e-08,3.037941424911643e-08,-0.8472977876663208,35.485279083251953,-1,0,0.30087023516062572
497,-0.80762835133740174,7.4335699445926551e-06,7.4335975736714894e-06,-0.8472977876663208,34.485279083251953,-1,0,0.30839610978112098
498,-0.59450365889736878,0.00066892729713630139,0.00066915112882442681,-0.8472977876663208,33.485279083251953,-1,0,0.35560217434073493
499,0.20318911682894958,0.021915529536225109,0.022159242059690037,-0.8472977876663208,32.485279083251953,-1,0,0.55062323048103423
500,1.9814093978338518,0.23658602499147796,0.26995483256594033,-0.8472977876663208,31.485279083251953,-1,0,0.87883132456280633
501,4.2593643338613782,0.70175906803159172,1.2098536225957202,-0.8472977876663208,30.485279083251953,-1,0,0.98606562820850474
502,5.4165425718956266,0.86394708690196564,1.9947114020156733,-0.8472977876663208,29.485279083251953,-1,0,0.99557716865813684
503,4.2599440486364637,0.70175907016909944,1.2098536297627704,-0.8472977876663208,28.485279083251953,-1,0,0.9860735913643226
504,1.9905071527891436,0.23658772027693564,0.26995705323178543,-0.8472977876663208,27.485279083251953,-1,0,0.87979678150507046
505,0.29262743603518737,0.022163073711558123,0.022412364886676611,-0.8472977876663208,26.485279083251953,-1,0,0.57263925074946964
506,-0.054243940002410285,0.011219868296016289,0.011283285822025054,-0.8472977876663208,26.071065902709961,-1,0,0.48644233918049518
507,1.152865988128692,0.15104008169849459,0.16374330426638753,-0.8472977876663208,25.656852722167969,-1,0,0.76003401197276566
508,3.2365449431080968,0.51992520839067735,0.73381337136547409,-0.8472977876663208,25.242639541625977,-1,0,0.96218660282041746
509,4.3583192796640686,0.70175906804521238,1.2098536226413903,-0.8472977876663208,24.828426361083984,-1,0,0.98736188379973633
510,3.1898483223476113,0.51992519380629831,0.73381334098608508,-0.8472977876663208,24.414213180541992,-1,0,0.96045045931898443
511,1.0712203801803888,0.15103377084865277,0.16373587066881759,-0.8472977876663208,24.828426361083984,-1,0,0.74482892910772558
512,-0.3325511394805597,0.010558003544067884,0.010614134701710118,-0.8472977876663208,25.242639541625977,-1,0,0.41762002140546817
513,-0.76429070819088685,0.00025309795934591595,0.00025312999403983465,-0.8472977876663208,26.242639541625977,-1,0,0.31771543276639957
514,-0.82467259753414857,4.4413218276417865e-06,4.4413316903270349e-06,-0.8472977876663208,27.242639541625977,-1,0,0.3047726983153014
515,-0.72279461014935242,0.00025309795934591595,0.0002531299940398346,-0.8472977876663208,28.242639541625977,-1,0,0.3267778878279779
516,-0.19168569434353577,0.010558003544067884,0.010614134701710114,-0.8472977876663208,29.242639541625977,-1,0,0.45222477228875158
517,1.3003586949043564,0.15103377084865288,0.16373587066881762,-0.8472977876663208,30.242639541625977,-1,0,0.78589534461821597
518,3.1920463488631534,0.5199251938062861,0.73381334098605977,-0.8472977876663208,31.242639541625977,-1,0,0.96053386772960803
519,4.1855282456808371,0.7017590680315906,1.2098536225957168,-0.8472977876663208,32.242637634277344,-1,0,0.98501383501594064
520,3.2790563971929836,0.5199251938062861,0.73381334098605977,-0.8472977876663208,33.242637634277344,-1,0,0.96370329153805856
521,1.393900346868544,0.15103377084864966,0.16373587066881387,-0.8472977876663208,34.242637634277344,-1,0,0.80121418135250211
522,-0.12833674538799988,0.010558003535648175,0.010614134693200628,-0.8472977876663208,35.242637634277344,-1,0,0.46795977764623409
523,-0.701600927001922,0.00025309079410662516,0.00025312282698657486,-0.8472977876663208,36.242637634277344,-1,0,0.33145737732784442
524,-0.82844586957165467,2.2206633795152086e-06,2.2206658451635174e-06,-0.8472977876663208,37.242637634277344,-1,0,0.30397378312716417
525,-0.84729786038720356,0,0,-1,0,0,0,0.30000000000000004
526,-0.84729786038720356,0,0,-1,0,0,0,0.30000000000000004
527,-0.84729786038720356,0,0,-1,0,0,0,0.30000000000000004
528,-0.84729786038720356,0,0,-1,0,0,0,0.30000000000000004
529,-0.8462341605491327,7.1670532841849877e-09,7.1670532597994468e-09,-0.8472977876663208,35.071067810058594,-1,0,0.3002234244762445
530,-0.83358456481167542,2.2206633795152086e-06,2.2206658451635174e-06,-0.8472977876663208,34.071067810058594,-1,0,0.30288766670318701
531,-0.73156084407040345,0.00025309079410662516,0.00025312282698657486,-0.8472977876663208,33.071067810058594,-1,0,0.32485230442772883
532,-0.22404702294537293,0.010558003535648175,0.010614134693200628,-0.8472977876663208,32.071067810058594,-1,0,0.44422137624094893
533,1.2431540013485232,0.15103377084864966,0.16373587066881387,-0.8472977876663208,31.071065902709961,-1,0,0.77611253666334346
534,3.0626448848479071,0.51992519380629842,0.73381334098608531,-0.8472977876663208,30.071065902709961,-1,0,0.9553253136552492
535,4.1101538361244474,0.70175906804521238,1.2098536226413903,-0.8472977876663208,29.071065902709961,-1,0,0.9838595377167616
536,3.3845206104878911,0.51992520839067713,0.73381337136547375,-0.8472977876663208,28.071065902709961,-1,0,0.96721724805861486
537,1.6071989060573855,0.15104008169849459,0.16374330426638747,-0.8472977876663208,27.071065902709961,-1,0,0.83302212809195941
538,0.1301835001640631,0.011219868296016289,0.011283285822025056,-0.8472977876663208,26.071065902709961,-1,0,0.53249998787873576
539,0.0160547913246466,0.022163073711558123,0.022412364886676611,-0.8472977876663208,25.071065902709961,-1,0,0.50401361162038372
540,1.5006918729477228,0.23658772027693564,0.26995705323178548,-0.8472977876663208,24.656852722167969,-1,0,0.81767764391682973
541,4.0096006364755929,0.70175907016909933,1.2098536297627702,-0.8472977876663208,24.242639541625977,-1,0,0.98218258085993371
542,5.4167728842430414,0.86394708690196564,1.9947114020156729,-0.8472977876663208,23.828426361083984,-1,0,0.99557818266982367
543,4.0061601371698679,0.70175906803159183,1.2098536225957206,-0.8472977876663208,23.414213180541992,-1,0,0.98212227227475613
544,1.4684291900329889,0.23658602499147807,0.26995483256594044,-0.8472977876663208,23.828426361083984,-1,0,0.81281851323881504
545,-0.84729786038720356,0,0,-1,0,0,0,0.30000000000000004
546,-0.84729786038720356,0,0,-1,0,0,0,0.30000000000000004
547,-0.84729786038720356,0,0,-1,0,0,0,0.30000000000000004
548,-0.63871307957836854,0.00066892779370897326,0.00066915162572947159,-0.8472977876663208,28.656852722167969,-1,0,0.34553750742117084
549,0.10094873320391906,0.021915529536606471,0.022159242060079933,-0.8472977876663208,29.656852722167969,-1,0,0.52521577318404078
550,1.8617658139400768,0.23658602499147796,0.26995483256594033,-0.8472977876663208,30.656852722167969,-1,0,0.86550263530468685
551,4.203926336877851,0.7017590680315906,1.2098536225957168,-0.8472977876663208,31.656852722167969,-1,0,0.98528301037516408
552,5.416519624107389,0.8639470869008079,1.9947114020071635,-0.8472977876663208,32.656852722167969,-1,0,0.99557706761168241
553,4.203926336877851,0.7017590680315906,1.2098536225957168,-0.8472977876663208,33.656852722167969,-1,0,0.98528301037516408
554,1.8617658139400768,0.23658602499147796,0.26995483256594033,-0.8472977876663208,34.656852722167969,-1,0,0.86550263530468685
555,0.10094515692523254,0.021915529536225109,0.022159242059690037,-0.8472977876663208,35.656852722167969,-1,0,0.52521488138821271
556,-0.63883956063458192,0.00066892729713630139,0.00066915112882442681,-0.8472977876663208,36.656852722167969,-1,0,0.34550890538466217
557,-0.81836737979122864,7.4335699445926551e-06,7.4335975736714894e-06,-0.8472977876663208,37.656852722167969,-1,0,0.30611032970449004
558,-0.84729786038720356,0,0,-1,0,0,0,0.30000000000000004
559,-0.84729786038720356,0,0,-1,0,0,0,0.30000000000000004
560,-0.84729786038720356,0,0,-1,0,0,0,0.30000000000000004
561,-0.84729786038720356,0,0,-1,0,0,0,0.30000000000000004
562,-0.84696968186566102,4.9690507264443795e-10,4.9690504463631985e-10,-0.8472977876663208,34.656852722167969,-1,0,0.30006892201265023
563,-0.84229745257565247,2.3297356321894114e-07,2.3297359036806816e-07,-0.8472977876663208,33.656852722167969,-1,0,0.30105113467060907
564,-0.79686291802593934,4.0182483217798826e-05,4.0183290555438018e-05,-0.8472977876663208,32.656852722167969,-1,0,0.31069697073691571
565,-0.51896490443417298,0.0025464543770153947,0.0025497021065975147,-0.8472977876663208,31.656852722167969,-1,0,0.3730943054868836
566,0.12724546801379455,0.035875090628236683,0.036534418728483051,-0.8472977876663208,30.656852722167969,-1,0,0.53176851381594892
567,1.0653070927791872,0.15103377084865288,0.16373587066881762,-0.8472977876663208,29.656852722167969,-1,0,0.74370343067317224
568,1.6712008536987581,0.23658602499797432,0.26995483257444991,-0.8472977876663208,28.656852722167969,-1,0,0.84173586046076332
569,1.3956709028415957,0.15103377693323572,0.16373587783586707,-0.8472977876663208,27.656852722167969,-1,0,0.80149602744552451
570,0.5038894237213446,0.035877231625116246,0.036536639394328219,-0.8472977876663208,26.656852722167969,-1,0,0.62337292392222277
571,-0.2628877340621637,0.0027989006869615363,0.0028028249335840891,-0.8472977876663208,25.656852722167969,-1,0,0.43465397216896717
572,-0.23266454327770936,0.010597761772066172,0.010654317983756064,-0.8472977876663208,24.656852722167969,-1,0,0.44209484278804478
573,1.0846085966759027,0.15103396863533713,0.16373610364240423,-0.8472977876663208,23.656852722167969,-1,0,0.74736512632043028
574,3.1910597271480263,0.51992519404483772,0.73381334148296484,-0.8472977876663208,23.242639541625977,-1,0,0.96049644932553779
575,4.3581058950357727,0.70175906803170696,1.2098536225961067,-0.8472977876663208,22.828426361083984,-1,0,0.98735922082529681
576,3.2324100496907384,0.51992519380628621,0.73381334098605988,-0.8472977876663208,22.414213180541992,-1,0,0.96203587289907344
577,1.1131990970306695,0.15103377084864966,0.16373587066881387,-0.8472977876663208,22.828426361083984,-1,0,0.75272504083765612
578,-0.84729786038720356,0,0,-1,0,0,0,0.30000000000000004
579,-0.84729786038720356,0,0,-1,0,0,0,0.30000000000000004
580,-0.84729786038720356,0,0,-1,0,0,0,0.30000000000000004
581,-0.84729786038720356,0,0,-1,0,0,0,0.30000000000000004
582,-0.12833632815548646,0.010558003535663052,0.010614134693215677,-0.8472977876663208,30.071065902709961,-1,0,0.46795988152604306
583,1.393900346868544,0.15103377084864966,0.16373587066881387,-0.8472977876663208,31.071065902709961,-1,0,0.80121418135250211
584,3.2790563971929836,0.5199251938062861,0.73381334098605977,-0.8472977876663208,32.071067810058594,-1,0,0.96370329153805856
585,4.1855282456808371,0.7017590680315906,1.2098536225957168,-0.8472977876663208,33.071067810058594,-1,0,0.98501383501594064
586,3.1920463488631534,0.5199251938062861,0.73381334098605977,-0.8472977876663208,34.071067810058594,-1,0,0.96053386772960803
587,1.3003585756950669,0.15103377084864966,0.16373587066881387,-0.8472977876663208,35.071067810058594,-1,0,0.78589532455960109
588,-0.19170268166729676,0.010558003535648175,0.010614134693200628,-0.8472977876663208,36.071067810058594,-1,0,0.45222056423432389
589,-0.72326351988980042,0.00025309079410662516,0.00025312282698657486,-0.8472977876663208,37.071067810058594,-1,0,0.32667473883193743
590,-0.8325673519439386,2.2206633795152086e-06,2.2206658451635174e-06,-0.8472977876663208,38.071067810058594,-1,0,0.30310249092680319
591,-0.84729786038720356,0,0,-1,0,0,0,0.30000000000000004
592,-0.84729786038720356,0,0,-1,0,0,0,0.30000000000000004
593,-0.84729786038720356,0,0,-1,0,0,0,0.30000000000000004
594,-0.84729786038720356,0,0,-1,0,0,0,0.30000000000000004
595,-0.84720219958492982,2.9019675551467117e-11,2.9019704952553913e-11,-0.8472977876663208,34.242637634277344,-1,0,0.30002008915281109
596,-0.84559978831478821,2.0588133753385307e-08,2.0588133951389095e-08,-0.8472977876663208,33.242637634277344,-1,0,0.30035671619545468
597,-0.82690771210858094,5.3733524659760334e-06,5.3733669024324608e-06,-0.8472977876663208,32.242637634277344,-1,0,0.30429931491700679
598,-0.75738962281414735,0.00024613684702134986,0.00024616714366659754,-0.8472977876663208,31.242639541625977,-1,0,0.3192132754519037
599,-0.59228010762402283,0.0025464543770153947,0.0025497021065975147,-0.8472977876663208,30.242639541625977,-1,0,0.35611186292601704
600,-0.33467771399685609,0.010558003535648286,0.010614134693200741,-0.8472977876663208,29.242639541625977,-1,0,0.41710290047897314
601,-0.044996458179442755,0.021915529536606471,0.022159242060079933,-0.8472977876663208,28.242639541625977,-1,0,0.48875278306020931
602,-0.12274654496380555,0.010558004027306889,0.010614135190105671,-0.8472977876663208,27.242639541625977,-1,0,0.46935183469545128
603,-0.44671656478115784,0.0025466867573220586,0.0025499350801878821,-0.8472977876663208,26.242639541625977,-1,0,0.39014171519240315
604,-0.6260011373824762,0.00028630943984941926,0.00028635043422203555,-0.8472977876663208,25.242639541625977,-1,0,0.34841781980230768
605,-0.54589088547894227,0.002551814046484413,0.0025550754734999471,-0.8472977876663208,24.242639541625977,-1,0,0.36681827937566103
606,0.2663299263649298,0.035875110477769256,0.036534439316616998,-0.8472977876663208,23.242639541625977,-1,0,0.56619168633782713
607,1.5134564162426294,0.1510337708732864,0.16373587069783357,-0.8472977876663208,22.242639541625977,-1,0,0.81957288275948403
608,2.1990877659254373,0.23658602499148951,0.26995483256595537,-0.8472977876663208,21.828426361083984,-1,0,0.90016756204467985
609,1.5618272544079126,0.15103377084864966,0.16373587066881387,-0.8472977876663208,21.414213180541992,-1,0,0.82661539575423815
610,-0.84729786038720356,0,0,-1,0,0,0,0.30000000000000004
611,-0.84729786038720356,0,0,-1,0,0,0,0.30000000000000004
612,-0.84729786038720356,0,0,-1,0,0,0,0.30000000000000004
613,-0.84729786038720356,0,0,-1,0,0,0,0.30000000000000004
614,-0.84729786038720356,0,0,-1,0,0,0,0.30000000000000004
615,-0.45492525685497986,0.0025464543770153947,0.0025497021065975169,-0.8472977876663208,31.071065902709961,-1,0,0.38819038224291014
616,0.36010567557147277,0.035875090628236683,0.036534418728483051,-0.8472977876663208,31.485279083251953,-1,0,0.5890660148938599
617,1.3699678600960068,0.15103377084864966,0.16373587066881387,-0.8472977876663208,32.485279083251953,-1,0,0.79737496083422776
618,1.8233390272789287,0.23658602499147796,0.26995483256594033,-0.8472977876663208,33.485279083251953,-1,0,0.86096630166866872
619,1.277297985666304,0.15103377084864966,0.16373587066881387,-0.8472977876663208,34.485279083251953,-1,0,0.78198948279631286
620,0.25946204077533019,0.035875090628236683,0.036534418728483051,-0.8472977876663208,35.485279083251953,-1,0,0.56450404491466744
621,-0.49880416978070008,0.0025464543770153947,0.0025497021065975147,-0.8472977876663208,36.485279083251953,-1,0,0.37782173446476597
622,-0.79305322755047547,4.0182483217798826e-05,4.0183290555438018e-05,-0.8472977876663208,37.485279083251953,-1,0,0.31151345852324031
623,-0.84196110356518494,2.3297356321894114e-07,2.3297359036806816e-07,-0.8472977876663208,38.485279083251953,-1,0,0.30112191374602648
624,-0.84729786038720356,0,0,-1,0,0,0,0.30000000000000004
625,-0.84729786038720356,0,0,-1,0,0,0,0.30000000000000004
626,-0.84729786038720356,0,0,-1,0,0,0,0.30000000000000004
627,-0.84729786038720356,0,0,-1,0,0,0,0.30000000000000004
628,-0.84727056611248719,1.4275247650630263e-12,1.4275765067027292e-12,-0.8472977876663208,34.656852722167969,-1,0,0.30000573182897938
629,-0.84675951588818299,1.5325479774119799e-09,1.5325480174079825e-09,-0.8472977876663208,33.656852722167969,-1,0,0.30011306451559572
630,-0.84408732045361268,2.2447529390845489e-07,2.2447531907474618e-07,-0.8472977876663208,32.656852722167969,-1,0,0.30067464600214378
631,-0.83496161091992127,5.3733524659760334e-06,5.3733669024324608e-06,-0.8472977876663208,31.656852722167969,-1,0,0.3025969868690066
632,-0.84729786038720356,0,0,-1,0,0,0,0.30000000000000004
633,-0.84729786038720356,0,0,-1,0,0,0,0.30000000000000004
634,-0.84729786038720356,0,0,-1,0,0,0,0.30000000000000004
635,-0.84729786038720356,0,0,-1,0,0,0,0.30000000000000004
636,-0.84729786038720356,0,0,-1,0,0,0,0.30000000000000004
637,-0.84729786038720356,0,0,-1,0,0,0,0.30000000000000004
638,-0.84729786038720356,0,0,-1,0,0,0,0.30000000000000004
639,-0.84729786038720356,0,0,-1,0,0,0,0.30000000000000004
640,-0.84729786038720356,0,0,-1,0,0,0,0.30000000000000004
641,0.39682791840365661,0.021915529536225664,0.022159242059690526,-0.8472977876663208,20.828426361083984,-1,0,0.59792529540711481
642,-0.0045397459335015933,0.010558003535648175,0.010614134693200628,-0.8472977876663208,20.414213180541992,-1,0,0.49886506546580711
643,-0.84729786038720356,0,0,-1,0,0,0,0.30000000000000004
644,-0.84729786038720356,0,0,-1,0,0,0,0.30000000000000004
645,-0.84729786038720356,0,0,-1,0,0,0,0.30000000000000004
646,-0.84729786038720356,0,0,-1,0,0,0,0.30000000000000004
647,-0.84729786038720356,0,0,-1,0,0,0,0.30000000000000004
648,-0.70330842126080262,0.00024613684702134986,0.00024616714366659754,-0.8472977876663208,32.071067810058594,-1,0,0.33107911684608071
649,-0.46643062222668397,0.0025464543770153947,0.0025497021065975147,-0.8472977876663208,32.485279083251953,-1,0,0.38546141464284378
650,-0.14480914462277161,0.010558003535648175,0.010614134693200628,-0.8472977876663208,32.899494171142578,-1,0,0.46386084402050198
651,0.070021075122864374,0.021915529536225109,0.022159242059690037,-0.8472977876663208,33.899494171142578,-1,0,0.51749811999617656
652,-0.20689399827191102,0.010558003535648175,0.010614134693200628,-0.8472977876663208,34.899494171142578,-1,0,0.44846021665106972
653,-0.50916238415905701,0.0025464543770153947,0.0025497021065975147,-0.8472977876663208,35.899494171142578,-1,0,0.37538990275570383
654,-0.72968013871380555,0.00024613684702134986,0.00024616714366659754,-0.8472977876663208,36.899494171142578,-1,0,0.32526492269949459
655,-0.82536746848294007,5.3733524659760334e-06,5.3733669024324608e-06,-0.8472977876663208,37.899494171142578,-1,0,0.3046254846571157
656,-0.84550716269680726,2.0588133753385307e-08,2.0588133951389095e-08,-0.8472977876663208,38.899494171142578,-1,0,0.30037618113980113
657,-0.84729786038720356,0,0,-1,0,0,0,0.30000000000000004
658,-0.84729786038720356,0,0,-1,0,0,0,0.30000000000000004
659,-0.84729786038720356,0,0,-1,0,0,0,0.30000000000000004
660,-0.84729786038720356,0,0,-1,0,0,0,0.30000000000000004
661,-0.84728928197094666,5.9174887212520844e-14,5.9155156107337967e-14,-0.8472977876663208,35.071067810058594,-1,0,0.3000018014705047
662,-0.84724887002178895,2.7702395932749369e-11,2.7702440331821653e-11,-0.8472977876663208,34.071067810058594,-1,0,0.30001028807753838
663,-0.84706338036724793,1.5325479774119799e-09,1.5325480174079825e-09,-0.8472977876663208,33.071067810058594,-1,0,0.30004924311327041
664,-0.84729786038720356,0,0,-1,0,0,0,0.30000000000000004
665,-0.84729786038720356,0,0,-1,0,0,0,0.30000000000000004
666,-0.84729786038720356,0,0,-1,0,0,0,0.30000000000000004
667,-0.84729786038720356,0,0,-1,0,0,0,0.30000000000000004
668,-0.84729786038720356,0,0,-1,0,0,0,0.30000000000000004
669,-0.84729786038720356,0,0,-1,0,0,0,0.30000000000000004
670,-0.84729786038720356,0,0,-1,0,0,0,0.30000000000000004
671,-0.84729786038720356,0,0,-1,0,0,0,0.30000000000000004
672,-0.84729786038720356,0,0,-1,0,0,0,0.30000000000000004
673,-0.84729786038720356,0,0,-1,0,0,0,0.30000000000000004
674,-0.50500376809307801,0.00066892729713630139,0.00066915112882442681,-0.8472977876663208,19.828426361083984,-1,0,0.37636548727525188
675,-0.65367122281262147,0.00025309079410662516,0.00025312282698657486,-0.8472977876663208,19.414213180541992,-1,0,0.34216271318279901
676,-0.84729786038720356,0,0,-1,0,0,0,0.30000000000000004
677,-0.84729786038720356,0,0,-1,0,0,0,0.30000000000000004
678,-0.84729786038720356,0,0,-1,0,0,0,0.30000000000000004
679,-0.84729786038720356,0,0,-1,0,0,0,0.30000000000000004
680,-0.84729786038720356,0,0,-1,0,0,0,0.30000000000000004
681,-0.84729786038720356,0,0,-1,0,0,0,0.30000000000000004
682,-0.84729786038720356,0,0,-1,0,0,0,0.30000000000000004
683,-0.84729786038720356,0,0,-1,0,0,0,0.30000000000000004
684,-0.84729786038720356,0,0,-1,0,0,0,0.30000000000000004
685,-0.84729786038720356,0,0,-1,0,0,0,0.30000000000000004
686,-0.84729786038720356,0,0,-1,0,0,0,0.30000000000000004
687,-0.84729786038720356,0,0,-1,0,0,0,0.30000000000000004
688,-0.84729786038720356,0,0,-1,0,0,0,0.30000000000000004
689,-0.84729786038720356,0,0,-1,0,0,0,0.30000000000000004
690,-0.84729786038720356,0,0,-1,0,0,0,0.30000000000000004
691,-0.84729786038720356,0,0,-1,0,0,0,0.30000000000000004
692,-0.84729786038720356,0,0,-1,0,0,0,0.30000000000000004
693,-0.84729786038720356,0,0,-1,0,0,0,0.30000000000000004
694,-0.8472952424354242,4.4408920985006262e-16,4.6267936981695259e-16,-0.8472977876663208,35.485282897949219,-1,0,0.30000054977016155
695,-0.84729393113323914,5.9174887212520844e-14,5.9155156107337967e-14,-0.8472977876663208,34.485282897949219,-1,0,0.30000082514398096
696,-0.84728761304089295,1.4275247650630263e-12,1.4275765067027292e-12,-0.8472977876663208,34.071067810058594,-1,0,0.30000215194713553
697,-0.84729786038720356,0,0,-1,0,0,0,0.30000000000000004
698,-0.84729786038720356,0,0,-1,0,0,0,0.30000000000000004
699,-0.84729786038720356,0,0,-1,0,0,0,0.30000000000000004
700,-0.84729786038720356,0,0,-1,0,0,0,0.30000000000000004
701,-0.84729786038720356,0,0,-1,0,0,0,0.30000000000000004
702,-0.84729786038720356,0,0,-1,0,0,0,0.30000000000000004
703,-0.84729786038720356,0,0,-1,0,0,0,0.30000000000000004
704,-0.84729786038720356,0,0,-1,0,0,0,0.30000000000000004
705,-0.84729786038720356,0,0,-1,0,0,0,0.30000000000000004
706,-0.84729786038720356,0,0,-1,0,0,0,0.30000000000000004
707,-0.78403730977246033,7.4335699445926551e-06,7.4335975736714894e-06,-0.8472977876663208,18.828426361083984,-1,0,0.31345040635528842
708,-0.8177660881347345,2.2206633795152086e-06,2.2206658451635174e-06,-0.8472977876663208,18.414213180541992,-1,0,0.30623806302640277
709,-0.84729786038720356,0,0,-1,0,0,0,0.30000000000000004
710,-0.84729786038720356,0,0,-1,0,0,0,0.30000000000000004
711,-0.84729786038720356,0,0,-1,0,0,0,0.30000000000000004
712,-0.84729786038720356,0,0,-1,0,0,0,0.30000000000000004
713,-0.84729786038720356,0,0,-1,0,0,0,0.30000000000000004
714,-0.84729786038720356,0,0,-1,0,0,0,0.30000000000000004
715,-0.84729786038720356,0,0,-1,0,0,0,0.30000000000000004
716,-0.84729786038720356,0,0,-1,0,0,0,0.30000000000000004
717,-0.84729786038720356,0,0,-1,0,0,0,0.30000000000000004
718,-0.84729786038720356,0,0,-1,0,0,0,0.30000000000000004
719,-0.84729786038720356,0,0,-1,0,0,0,0.30000000000000004
720,-0.84729786038720356,0,0,-1,0,0,0,0.30000000000000004
721,-0.84729786038720356,0,0,-1,0,0,0,0.30000000000000004
722,-0.84729786038720356,0,0,-1,0,0,0,0.30000000000000004
723,-0.84729786038720356,0,0,-1,0,0,0,0.30000000000000004
724,-0.84729786038720356,0,0,-1,0,0,0,0.30000000000000004
725,-0.84729786038720356,0,0,-1,0,0,0,0.30000000000000004
726,-0.84729786038720356,0,0,-1,0,0,0,0.30000000000000004
727,-0.8472952424354242,0,3.0901813407924308e-19,-0.8472977876663208,35.899497985839844,-1,0,0.30000054977016155
728,-0.8472952424354242,0,1.3396542271387927e-17,-0.8472977876663208,35.485282897949219,-1,0,0.30000054977016155
729,-0.8472952424354242,4.4408920985006262e-16,4.8920621731430353e-16,-0.8472977876663208,35.071067810058594,-1,0,0.30000054977016155
730,-0.84729786038720356,0,0,-1,0,0,0,0.30000000000000004
731,-0.84729786038720356,0,0,-1,0,0,0,0.30000000000000004
732,-0.84729786038720356,0,0,-1,0,0,0,0.30000000000000004
733,-0.84729786038720356,0,0,-1,0,0,0,0.30000000000000004
734,-0.84729786038720356,0,0,-1,0,0,0,0.30000000000000004
735,-0.84729786038720356,0,0,-1,0,0,0,0.30000000000000004
736,-0.84729786038720356,0,0,-1,0,0,0,0.30000000000000004
737,-0.84729786038720356,0,0,-1,0,0,0,0.30000000000000004
738,-0.84729786038720356,0,0,-1,0,0,0,0.30000000000000004
739,-0.84729786038720356,0,0,-1,0,0,0,0.30000000000000004
740,-0.83933438647457825,3.0379413762382512e-08,3.037941424911643e-08,-0.8472977876663208,17.828426361083984,-1,0,0.30167498841508678
741,-0.844254153854339,7.1670532841849877e-09,7.1670532597994468e-09,-0.8472977876663208,17.414213180541992,-1,0,0.30063956720912632
742,-0.84729786038720356,0,0,-1,0,0,0,0.30000000000000004
743,-0.84729786038720356,0,0,-1,0,0,0,0.30000000000000004
744,-0.84729786038720356,0,0,-1,0,0,0,0.30000000000000004
745,-0.84729786038720356,0,0,-1,0,0,0,0.30000000000000004
746,-0.84729786038720356,0,0,-1,0,0,0,0.30000000000000004
747,-0.84729786038720356,0,0,-1,0,0,0,0.30000000000000004
748,-0.84729786038720356,0,0,-1,0,0,0,0.30000000000000004
749,-0.84729786038720356,0,0,-1,0,0,0,0.30000000000000004
750,-0.84729786038720356,0,0,-1,0,0,0,0.30000000000000004
751,-0.84729786038720356,0,0,-1,0,0,0,0.30000000000000004
752,-0.84729786038720356,0,0,-1,0,0,0,0.30000000000000004
753,-0.84729786038720356,0,0,-1,0,0,0,0.30000000000000004
754,-0.84729786038720356,0,0,-1,0,0,0,0.30000000000000004
755,-0.84729786038720356,0,0,-1,0,0,0,0.30000000000000004
756,-0.84729786038720356,0,0,-1,0,0,0,0.30000000000000004
757,-0.84729786038720356,0,0,-1,0,0,0,0.30000000000000004
758,-0.84729786038720356,0,0,-1,0,0,0,0.30000000000000004
759,-0.84729786038720356,0,0,-1,0,0,0,0.30000000000000004
760,-0.8472952424354242,0,1.7013712873726488e-23,-0.8472977876663208,36.899497985839844,-1,0,0.30000054977016155
761,-0.84729786038720356,0,0,-1,0,0,0,0.30000000000000004
762,-0.84729786038720356,0,0,-1,0,0,0,0.30000000000000004
763,-0.84729786038720356,0,0,-1,0,0,0,0.30000000000000004
764,-0.84729786038720356,0,0,-1,0,0,0,0.30000000000000004
765,-0.84729786038720356,0,0,-1,0,0,0,0.30000000000000004
766,-0.84729786038720356,0,0,-1,0,0,0,0.30000000000000004
767,-0.84729786038720356,0,0,-1,0,0,0,0.30000000000000004
768,-0.84729786038720356,0,0,-1,0,0,0,0.30000000000000004
769,-0.84729786038720356,0,0,-1,0,0,0,0.30000000000000004
770,-0.84729786038720356,0,0,-1,0,0,0,0.30000000000000004
771,-0.84729786038720356,0,0,-1,0,0,0,0.30000000000000004
772,-0.84729786038720356,0,0,-1,0,0,0,0.30000000000000004
773,-0.84660782206722962,4.5673576032356777e-11,4.5673602041822976e-11,-0.8472977876663208,16.828426361083984,-1,0,0.30014492804262449
774,-0.8470820962257074,8.5095264168444373e-12,8.5094907149183913e-12,-0.8472977876663208,16.414213180541992,-1,0,0.30004531242909804
775,-0.84729786038720356,0,0,-1,0,0,0,0.30000000000000004
776,-0.84729786038720356,0,0,-1,0,0,0,0.30000000000000004
777,-0.84729786038720356,0,0,-1,0,0,0,0.30000000000000004
778,-0.84729786038720356,0,0,-1,0,0,0,0.30000000000000004
779,-0.84729786038720356,0,0,-1,0,0,0,0.30000000000000004
780,-0.84729786038720356,0,0,-1,0,0,0,0.30000000000000004
781,-0.84729786038720356,0,0,-1,0,0,0,0.30000000000000004
782,-0.84729786038720356,0,0,-1,0,0,0,0.30000000000000004
783,-0.84729786038720356,0,0,-1,0,0,0,0.30000000000000004
784,-0.84729786038720356,0,0,-1,0,0,0,0.30000000000000004
785,-0.84729786038720356,0,0,-1,0,0,0,0.30000000000000004
786,-0.84729786038720356,0,0,-1,0,0,0,0.30000000000000004
787,-0.84729786038720356,0,0,-1,0,0,0,0.30000000000000004
788,-0.84729786038720356,0,0,-1,0,0,0,0.30000000000000004
789,-0.84729786038720356,0,0,-1,0,0,0,0.30000000000000004
790,-0.84729786038720356,0,0,-1,0,0,0,0.30000000000000004
791,-0.84729786038720356,0,0,-1,0,0,0,0.30000000000000004
792,-0.84729786038720356,0,0,-1,0,0,0,0.30000000000000004
793,-0.8472952424354242,0,3.4460355299198246e-28,-0.8472977876663208,37.899497985839844,-1,0,0.30000054977016155
794,-0.84729786038720356,0,0,-1,0,0,0,0.30000000000000004
795,-0.84729786038720356,0,0,-1,0,0,0,0.30000000000000004
796,-0.84729786038720356,0,0,-1,0,0,0,0.30000000000000004
797,-0.84729786038720356,0,0,-1,0,0,0,0.30000000000000004
798,-0.84729786038720356,0,0,-1,0,0,0,0.30000000000000004
799,-0.84729786038720356,0,0,-1,0,0,0,0.30000000000000004
800,-0.84729786038720356,0,0,-1,0,0,0,0.30000000000000004
801,-0.84729786038720356,0,0,-1,0,0,0,0.30000000000000004
802,-0.84729786038720356,0,0,-1,0,0,0,0.30000000000000004
803,-0.84729786038720356,0,0,-1,0,0,0,0.30000000000000004
804,-0.84729786038720356,0,0,-1,0,0,0,0.30000000000000004
805,-0.84729786038720356,0,0,-1,0,0,0,0.30000000000000004
806,-0.84725459206768738,2.5313084961453569e-14,2.5261355417684463e-14,-0.8472977876663208,15.828426361083984,-1,0,0.30000908642572788
807,-0.84728528845974671,3.6637359812630166e-15,3.7168242311822591e-15,-0.8472977876663208,15.414213180541992,-1,0,0.30000264011140421
808,-0.84729786038720356,0,0,-1,0,0,0,0.30000000000000004
809,-0.84729786038720356,0,0,-1,0,0,0,0.30000000000000004
810,-0.84729786038720356,0,0,-1,0,0,0,0.30000000000000004
811,-0.84729786038720356,0,0,-1,0,0,0,0.30000000000000004
812,-0.84729786038720356,0,0,-1,0,0,0,0.30000000000000004
813,-0.84729786038720356,0,0,-1,0,0,0,0.30000000000000004
814,-0.84729786038720356,0,0,-1,0,0,0,0.30000000000000004
815,-0.84729786038720356,0,0,-1,0,0,0,0.30000000000000004
816,-0.84729786038720356,0,0,-1,0,0,0,0.30000000000000004
817,-0.84729786038720356,0,0,-1,0,0,0,0.30000000000000004
818,-0.84729786038720356,0,0,-1,0,0,0,0.30000000000000004
819,-0.84729786038720356,0,0,-1,0,0,0,0.30000000000000004
820,-0.84729786038720356,0,0,-1,0,0,0,0.30000000000000004
821,-0.84729786038720356,0,0,-1,0,0,0,0.30000000000000004
822,-0.84729786038720356,0,0,-1,0,0,0,0.30000000000000004
823,-0.84729786038720356,0,0,-1,0,0,0,0.30000000000000004
824,-0.84729786038720356,0,0,-1,0,0,0,0.30000000000000004
825,-0.84729786038720356,0,0,-1,0,0,0,0.30000000000000004
826,-0.84729786038720356,0,0,-1,0,0,0,0.30000000000000004
827,-0.84729786038720356,0,0,-1,0,0,0,0.30000000000000004
828,-0.84729786038720356,0,0,-1,0,0,0,0.30000000000000004
829,-0.84729786038720356,0,0,-1,0,0,0,0.30000000000000004
830,-0.84729786038720356,0,0,-1,0,0,0,0.30000000000000004
831,-0.84729786038720356,0,0,-1,0,0,0,0.30000000000000004
832,-0.84729786038720356,0,0,-1,0,0,0,0.30000000000000004
833,-0.84729786038720356,0,0,-1,0,0,0,0.30000000000000004
834,-0.84729786038720356,0,0,-1,0,0,0,0.30000000000000004
835,-0.84729786038720356,0,0,-1,0,0,0,0.30000000000000004
836,-0.84729786038720356,0,0,-1,0,0,0,0.30000000000000004
837,-0.84729786038720356,0,0,-1,0,0,0,0.30000000000000004
838,-0.84729786038720356,0,0,-1,0,0,0,0.30000000000000004
839,-0.84729387152859437,0,5.1398867858344579e-18,-0.8472977876663208,14.828426361083984,-1,0,0.30000083766097618
840,-0.84729512322613465,0,5.9723602584309254e-19,-0.8472977876663208,14.414213180541992,-1,0,0.30000057480413922
841,-0.84729786038720356,0,0,-1,0,0,0,0.30000000000000004
842,-0.84729786038720356,0,0,-1,0,0,0,0.30000000000000004
843,-0.84729786038720356,0,0,-1,0,0,0,0.30000000000000004
844,-0.84729786038720356,0,0,-1,0,0,0,0.30000000000000004
845,-0.84729786038720356,0,0,-1,0,0,0,0.30000000000000004
846,-0.84729786038720356,0,0,-1,0,0,0,0.30000000000000004
847,-0.84729786038720356,0,0,-1,0,0,0,0.30000000000000004
848,-0.84729786038720356,0,0,-1,0,0,0,0.30000000000000004
849,-0.84729786038720356,0,0,-1,0,0,0,0.30000000000000004
850,-0.84729786038720356,0,0,-1,0,0,0,0.30000000000000004
851,-0.84729786038720356,0,0,-1,0,0,0,0.30000000000000004
852,-0.84353633511730897,6.7182849727842608e-08,6.7182852025002724e-08,-0.84559673070907593,5.6502814292907715,0.44721359014511108,-0.89442718029022217,0.30079051408233071
853,-0.84603341210552918,5.6501747724979623e-09,5.6501748076858012e-09,-0.84668630361557007,6.0644950866699219,0.44721359014511108,-0.89442718029022217,0.30026560127157842
854,-0.84729786038720356,0,0,-1,0,0,0,0.30000000000000004
855,-0.84729786038720356,0,0,-1,0,0,0,0.30000000000000004
856,-0.84729786038720356,0,0,-1,0,0,0,0.30000000000000004
857,-0.84729786038720356,0,0,-1,0,0,0,0.30000000000000004
858,-0.84729786038720356,0,0,-1,0,0,0,0.30000000000000004
859,-0.84729786038720356,0,0,-1,0,0,0,0.30000000000000004
860,-0.84729786038720356,0,0,-1,0,0,0,0.30000000000000004
861,-0.84729786038720356,0,0,-1,0,0,0,0.30000000000000004
862,-0.84729786038720356,0,0,-1,0,0,0,0.30000000000000004
863,-0.84729786038720356,0,0,-1,0,0,0,0.30000000000000004
864,-0.84729786038720356,0,0,-1,0,0,0,0.30000000000000004
865,-0.84729786038720356,0,0,-1,0,0,0,0.30000000000000004
866,-0.84729786038720356,0,0,-1,0,0,0,0.30000000000000004
867,-0.84729786038720356,0,0,-1,0,0,0,0.30000000000000004
868,-0.84729786038720356,0,0,-1,0,0,0,0.30000000000000004
869,-0.84729786038720356,0,0,-1,0,0,0,0.30000000000000004
870,-0.84729786038720356,0,0,-1,0,0,0,0.30000000000000004
871,-0.84729786038720356,0,0,-1,0,0,0,0.30000000000000004
872,-0.8472952424354242,0,3.8472993138471496e-22,-0.8472977876663208,13.828426361083984,-1,0,0.30000054977016155
873,-0.8472952424354242,0,3.5304134635362993e-23,-0.8472977876663208,13.414213180541992,-1,0,0.30000054977016155
874,-0.84729786038720356,0,0,-1,0,0,0,0.30000000000000004
875,-0.84729786038720356,0,0,-1,0,0,0,0.30000000000000004
876,-0.84729786038720356,0,0,-1,0,0,0,0.30000000000000004
877,-0.84729786038720356,0,0,-1,0,0,0,0.30000000000000004
878,-0.84729786038720356,0,0,-1,0,0,0,0.30000000000000004
879,-0.84729786038720356,0,0,-1,0,0,0,0.30000000000000004
880,-0.84729786038720356,0,0,-1,0,0,0,0.30000000000000004
881,-0.84729786038720356,0,0,-1,0,0,0,0.30000000000000004
882,-0.84729786038720356,0,0,-1,0,0,0,0.30000000000000004
883,-0.84729786038720356,0,0,-1,0,0,0,0.30000000000000004
884,-0.84729786038720356,0,0,-1,0,0,0,0.30000000000000004
885,-0.80817260134884583,1.3409935099573111e-05,1.3410025013520066e-05,-0.83240354061126709,4.6502814292907715,0.44721359014511108,-0.89442718029022217,0.30828003991897823
886,-0.83885176766583192,1.0952609146297476e-06,1.0952615144378812e-06,-0.84091216325759888,5.0644950866699219,0.44721359014511108,-0.89442718029022217,0.30177667009378728
887,-0.84729786038720356,0,0,-1,0,0,0,0.30000000000000004
888,-0.84729786038720356,0,0,-1,0,0,0,0.30000000000000004
889,-0.84729786038720356,0,0,-1,0,0,0,0.30000000000000004
890,-0.84729786038720356,0,0,-1,0,0,0,0.30000000000000004
891,-0.84729786038720356,0,0,-1,0,0,0,0.30000000000000004
892,-0.84729786038720356,0,0,-1,0,0,0,0.30000000000000004
893,-0.84729786038720356,0,0,-1,0,0,0,0.30000000000000004
894,-0.84729786038720356,0,0,-1,0,0,0,0.30000000000000004
895,-0.84729786038720356,0,0,-1,0,0,0,0.30000000000000004
896,-0.84729786038720356,0,0,-1,0,0,0,0.30000000000000004
897,-0.84729786038720356,0,0,-1,0,0,0,0.30000000000000004
898,-0.84729786038720356,0,0,-1,0,0,0,0.30000000000000004
899,-0.84729786038720356,0,0,-1,0,0,0,0.30000000000000004
900,-0.84729786038720356,0,0,-1,0,0,0,0.30000000000000004
901,-0.84729786038720356,0,0,-1,0,0,0,0.30000000000000004
902,-0.84729786038720356,0,0,-1,0,0,0,0.30000000000000004
903,-0.84729786038720356,0,0,-1,0,0,0,0.30000000000000004
904,-0.84729786038720356,0,0,-1,0,0,0,0.30000000000000004
905,-0.84729786038720356,0,0,-1,0,0,0,0.30000000000000004
906,-0.8472952424354242,0,4.6768833366864105e-25,-0.8472977876663208,12.414213180541992,-1,0,0.30000054977016155
907,-0.84729786038720356,0,0,-1,0,0,0,0.30000000000000004
908,-0.84729786038720356,0,0,-1,0,0,0,0.30000000000000004
909,-0.84729786038720356,0,0,-1,0,0,0,0.30000000000000004
910,-0.78232856381603944,4.0182489021489687e-05,4.0183296359379011e-05,-0.84728777408599854,7.0644950866699219,-0.89442718029022217,-0.44721359014511108,0.31381824436673167
911,-0.45876677621075379,0.0025464584841567994,0.002549706224224305,-0.84706789255142212,6.0644950866699219,-0.89442718029022217,-0.44721359014511108,0.38727841956465037
912,0.33423630606463683,0.035876126747055537,0.036535493401863538,-0.84406816959381104,5.0644950866699219,-0.89442718029022217,-0.44721359014511108,0.58278977693664535
913,1.3426289082699125,0.15107556733808891,0.16378510409754718,-0.83167988061904907,4.242640495300293,-0.70710676908493042,-0.70710676908493042,0.79292193202459993
914,1.8457612515621489,0.23697522139361249,0.27046477298725985,-0.79890501499176025,3.6502816677093506,-0.44721359014511108,-0.89442718029022217,0.86362865680139955
915,1.3861851514511412,0.15283406769449637,0.165858697607454,-0.74856895208358765,3.2360680103302002,-0.44721359014511108,-0.89442718029022217,0.79998252588051466
916,0.45022169958880676,0.040138491724837078,0.040966267140421057,-0.68377524614334106,3,0,-1,0.61069194371975288
917,-0.32762410033413636,0.0046616297637427362,0.0046725290452376399,-0.69482272863388062,3.2360680103302002,0.44721359014511108,-0.89442718029022217,0.41881882819147165
918,-0.70366229403683411,0.00054997240375898038,0.00055012369405425723,-0.76269441843032837,3.6502816677093506,0.44721359014511108,-0.89442718029022217,0.33100075083682101
919,-0.80087448943325745,4.9465178881380467e-05,4.9466402323687573e-05,-0.80690908432006836,4.242640495300293,0.70710676908493042,-0.70710676908493042,0.30983848818656268
920,-0.84729786038720356,0,0,-1,0,0,0,0.30000000000000004
921,-0.84729786038720356,0,0,-1,0,0,0,0.30000000000000004
922,-0.84729786038720356,0,0,-1,0,0,0,0.30000000000000004
923,-0.84729786038720356,0,0,-1,0,0,0,0.30000000000000004
924,-0.84729786038720356,0,0,-1,0,0,0,0.30000000000000004
925,-0.84729786038720356,0,0,-1,0,0,0,0.30000000000000004
926,-0.84729786038720356,0,0,-1,0,0,0,0.30000000000000004
927,-0.84729786038720356,0,0,-1,0,0,0,0.30000000000000004
928,-0.84729786038720356,0,0,-1,0,0,0,0.30000000000000004
929,-0.84729786038720356,0,0,-1,0,0,0,0.30000000000000004
930,-0.84729786038720356,0,0,-1,0,0,0,0.30000000000000004
931,-0.84729786038720356,0,0,-1,0,0,0,0.30000000000000004
932,-0.84729786038720356,0,0,-1,0,0,0,0.30000000000000004
933,-0.84729786038720356,0,0,-1,0,0,0,0.30000000000000004
934,-0.84729786038720356,0,0,-1,0,0,0,0.30000000000000004
935,-0.84729786038720356,0,0,-1,0,0,0,0.30000000000000004
936,-0.84729786038720356,0,0,-1,0,0,0,0.30000000000000004
937,-0.84729786038720356,0,0,-1,0,0,0,0.30000000000000004
938,-0.84729786038720356,0,0,-1,0,0,0,0.30000000000000004
939,-0.8472952424354242,0,1.1953981426700313e-20,-0.8472977876663208,11.414213180541992,-1,0,0.30000054977016155
940,-0.84729786038720356,0,0,-1,0,0,0,0.30000000000000004
941,-0.84729786038720356,0,0,-1,0,0,0,0.30000000000000004
942,-0.84729786038720356,0,0,-1,0,0,0,0.30000000000000004
943,-0.70341803420254456,0.00025309089346248204,0.00025312292636758376,-0.84725862741470337,6.6502814292907715,-0.89442718029022217,-0.44721359014511108,0.3310548417848459
944,-0.13374723780819642,0.010558049638417999,0.010614181287918701,-0.84656995534896851,5.6502814292907715,-0.89442718029022217,-0.44721359014511108,0.46661294558545319
945,1.3925928593807524,0.15104059367256484,0.16374390732692495,-0.83890795707702637,4.6502814292907715,-0.89442718029022217,-0.44721359014511108,0.80100585578218952
946,3.3140276781477636,0.52016994094668778,0.73432328140737924,-0.78766012191772461,3.6502816677093506,-0.89442718029022217,-0.44721359014511108,0.96490691991390221
947,4.3585198194914163,0.70393033758216772,1.2171605063414135,-0.66165286302566528,2.8284270763397217,-0.70710676908493042,-0.70710676908493042,0.98736438597019938
948,3.5929330428325241,0.53539166336302357,0.76656051511982259,-0.47036054730415344,2.2360680103302002,-0.44721359014511108,-0.89442718029022217,0.97321943238834208
949,1.8500097812347716,0.19565487115795288,0.21772683718200192,-0.33891743421554565,2,0,-1,0.86412825141580085
950,0.29625738870433105,0.042434649256353874,0.043361308826963402,-0.38668355345726013,2.2360680103302002,0.44721359014511108,-0.89442718029022217,0.57352735046729331
951,-0.43485220063397156,0.0075315016008169478,0.0075600065726831849,-0.56793779134750366,2.8284270763397217,0.70710676908493042,-0.70710676908493042,0.39296826805327256
952,-0.72680743325421082,0.00051202995506294258,0.00051216108716466645,-0.74319076538085938,3.6502816677093506,0.89442718029022217,-0.44721359014511108,0.32589570481890739
953,-0.84729786038720356,0,0,-1,0,0,0,0.30000000000000004
954,-0.84729786038720356,0,0,-1,0,0,0,0.30000000000000004
955,-0.84729786038720356,0,0,-1,0,0,0,0.30000000000000004
956,-0.84729786038720356,0,0,-1,0,0,0,0.30000000000000004
957,-0.84729786038720356,0,0,-1,0,0,0,0.30000000000000004
958,-0.84729786038720356,0,0,-1,0,0,0,0.30000000000000004
959,-0.84729786038720356,0,0,-1,0,0,0,0.30000000000000004
960,-0.84729786038720356,0,0,-1,0,0,0,0.30000000000000004
961,-0.84729786038720356,0,0,-1,0,0,0,0.30000000000000004
962,-0.84729786038720356,0,0,-1,0,0,0,0.30000000000000004
963,-0.84729786038720356,0,0,-1,0,0,0,0.30000000000000004
964,-0.99285175193020569,0.00066894787149807122,0.00066917171695837839,-0.8472977876663208,18.414213180541992,-1,0,0.2703491713779862
965,-0.94931473124691712,0.00025309232626680167,0.00025312435953459239,-0.8472977876663208,17.414213180541992,-1,0,0.2790226559386817
966,-0.89327110636898743,4.0182510919195558e-05,4.0183318257878342e-05,-0.8472977876663208,16.414213180541992,-1,0,0.29043524745221705
967,-0.86659659732052552,5.3733525250398984e-06,5.3733669615876155e-06,-0.8472977876663208,15.414213180541992,-1,0,0.29596297244607395
968,-0.85221053946682679,2.2447529390845489e-07,2.2447531908814267e-07,-0.8472977876663208,14.414213180541992,-1,0,0.29896935211457976
969,-0.84729786038720356,0,0,-1,0,0,0,0.30000000000000004
970,-0.84729786038720356,0,0,-1,0,0,0,0.30000000000000004
971,-0.84729786038720356,0,0,-1,0,0,0,0.30000000000000004
972,-0.8472952424354242,1.1102230246251565e-16,1.1260640726174044e-16,-0.8472977876663208,10.414213180541992,-1,0,0.30000054977016155
973,-0.84729786038720356,0,0,-1,0,0,0,0.30000000000000004
974,-0.84729786038720356,0,0,-1,0,0,0,0.30000000000000004
975,-0.84729786038720356,0,0,-1,0,0,0,0.30000000000000004
976,-0.6296012579269098,0.00066892872958812521,0.00066915256223507881,-0.84715855121612549,6.2360677719116211,-0.89442718029022217,-0.44721359014511108,0.34760095685835468
977,0.12513486754229797,0.021915963935884131,0.02215968619285907,-0.84517478942871094,5.2360677719116211,-0.89442718029022217,-0.44721359014511108,0.53124295875355854
978,1.9084948421650236,0.23662467151394107,0.27000545713133767,-0.82723522186279297,4.2360677719116211,-0.89442718029022217,-0.44721359014511108,0.87084995675844268
979,4.3326695085697473,0.70239151039583159,1.211976449534357,-0.73112845420837402,3.2360680103302002,-0.89442718029022217,-0.44721359014511108,0.98703778210862236
980,5.8228044034176172,0.86833027512773808,2.0274585761409263,-0.44101300835609436,2.2360680103302002,-0.89442718029022217,-0.44721359014511108,0.99704943714276284
981,4.9905592919521631,0.74246928663647938,1.3566162907929287,-0.073238670825958252,1.4142135381698608,-0.70710676908493042,-0.70710676908493042,0.99324409352157161
982,2.8824110598497694,0.40065959716850308,0.51192555708508369,0.14668099582195282,1,0,-1,0.94697007217806484
983,0.97846503548404706,0.15542514655567818,0.16892191025690198,0.0081553785130381584,1.4142135381698608,0.70710676908493042,-0.70710676908493042,0.72680353967840827
984,-0.13347475517460572,0.032864167317342652,0.033416325262587206,-0.35103204846382141,2.2360680103302002,0.89442718029022217,-0.44721359014511108,0.46668076312525508
985,-0.63716288197705018,0.0021279931415706388,0.002130260536213797,-0.66815704107284546,3.2360680103302002,0.89442718029022217,-0.44721359014511108,0.34588815507293913
986,-0.84729786038720356,0,0,-1,0,0,0,0.30000000000000004
987,-0.84729786038720356,0,0,-1,0,0,0,0.30000000000000004
988,-0.84729786038720356,0,0,-1,0,0,0,0.30000000000000004
989,-0.84729786038720356,0,0,-1,0,0,0,0.30000000000000004
990,-0.84729786038720356,0,0,-1,0,0,0,0.30000000000000004
991,-0.84729786038720356,0,0,-1,0,0,0,0.30000000000000004
992,-0.84729786038720356,0,0,-1,0,0,0,0.30000000000000004
993,-0.84729786038720356,0,0,-1,0,0,0,0.30000000000000004
994,-0.84729786038720356,0,0,-1,0,0,0,0.30000000000000004
995,-0.84729786038720356,0,0,-1,0,0,0,0.30000000000000004
996,-0.84729786038720356,0,0,-1,0,0,0,0.30000000000000004
997,-1.5519258557624536,0.021920785128826448,0.022164615426592472,-0.8472977876663208,18,-1,0,0.17480828878953369
998,-1.366446274406405,0.010558225640931118,0.010614359168519698,-0.8472977876663208,17,-1,0,0.20319461107463388
999,-1.122607368118258,0.0025464559056608271,0.0025497036391455312,-0.8472977876663208,16,-1,0,0.24552796388622466
1000,-0.94679214347073304,0.00024613684844854156,0.00024616714509417413,-0.8472977876663208,15,-1,0,0.27953040520068917
1001,-0.86495884049603211,5.3733524664201227e-06,5.3733669029216689e-06,-0.8472977876663208,14,-1,0,0.29630434401741146
1002,-0.84886046040722596,2.0588133753385307e-08,2.058813395145077e-08,-0.8472977876663208,13,-1,0,0.29967195658267454
1003,-0.84738578189083802,2.9019675551467117e-11,2.9019704952594739e-11,-0.8472977876663208,12,-1,0,0.29998153680891093
1004,-0.8472991167373346,1.5099033134902129e-14,1.5048449664167298e-14,-0.8472977876663208,11,-1,0,0.29999973616653874
1005,-0.84729422915646302,3.7747582837255322e-15,3.7197060509085467e-15,-0.8472977876663208,10,-1,0,0.30000076255900932
1006,-0.84723045218655335,8.5095264168444373e-12,8.5094917432857367e-12,-0.8472977876663208,9,-1,0,0.30001415591297609
1007,-0.84600408662029969,7.1670582801885985e-09,7.1670583120705331e-09,-0.84729588031768799,8,-1,0,0.30027176277305168
1008,-0.83086826193997132,2.2206725142082107e-06,2.2206749798839256e-06,-0.84725159406661987,7,-1,0,0.30346151206058314
1009,-0.71349425900646912,0.00025309686845165213,0.00025312890286942471,-0.84657984972000122,6,-1,0,0.32882719692569873
1010,-0.15705378640362488,0.010559474557279569,0.010615621412715362,-0.83999472856521606,5,-1,0,0.46081706048755011
1011,1.3900111735992735,0.15114738058838562,0.16386970089457875,-0.7989160418510437,4,-1,0,0.80059402694681225
1012,3.4218533774100846,0.52204810488894882,0.73824518939799777,-0.64144021272659302,3,-1,0,0.96838057066211847
1013,4.7342535824709238,0.71743441303913635,1.263844589108905,-0.28591910004615784,2,-1,0,0.99128756697913223
1014,4.2738542220749558,0.62310327403925059,0.97578406550520314,0.17216642200946808,1,-1,0,0.98626332638953906
1015,2.6369660021000212,0.43031867364782006,0.56267815107024655,0.40546518564224243,0,0,0,0.93320308830190357
1016,0.88498913955024006,0.22320970776998761,0.25258485921234397,0.17216642200946808,1,1,0,0.70785502552885093
1017,-0.14207850683399903,0.052799123354418387,0.054244089340174641,-0.28591910004615784,2,1,0,0.46454000374883009
1018,-0.62287451613613831,0.0044242531070799451,0.0044340690777831711,-0.64144021272659302,3,1,0,0.34912797023575148
1019,-0.84729786038720356,0,0,-1,0,0,0,0.30000000000000004
1020,-0.84729786038720356,0,0,-1,0,0,0,0.30000000000000004
1021,-0.84729786038720356,0,0,-1,0,0,0,0.30000000000000004
1022,-0.84729786038720356,0,0,-1,0,0,0,0.30000000000000004
1023,-0.84729786038720356,0,0,-1,0,0,0,0.30000000000000004
1024,-0.9070101558036493,0.00024613734380407593,0.00024616764057164216,-0.8472977876663208,24.236068725585938,-0.89442718029022217,0.44721359014511108,0.28761204126647355
1025,-1.0549253403014829,0.0025466867573220586,0.0025499350801878829,-0.8472977876663208,23.236068725585938,-0.89442718029022217,0.44721359014511108,0.25828042249177385
1026,-1.2855655132598569,0.010597761772066172,0.010654317983756064,-0.8472977876663208,22.236068725585938,-0.89442718029022217,0.44721359014511108,0.2166043394403534
1027,-1.7566170870132165,0.024406177017128328,0.02470894416628755,-0.8472977876663208,21.236068725585938,-0.89442718029022217,0.44721359014511108,0.14721453220932679
1028,-2.208240765220614,0.046054324830190341,0.047148553421683677,-0.8472977876663208,20.236068725585938,-0.89442718029022217,0.44721359014511108,0.099012902692690918
1029,-2.8168615876502714,0.15319562461881031,0.16628557277541134,-0.8472977876663208,19.236068725585938,-0.89442718029022217,0.44721359014511108,0.056419779528942504
1030,-3.154792922622653,0.23677392930025853,0.27020099970960687,-0.8472977876663208,18.236068725585938,-0.89442718029022217,0.44721359014511108,0.04090283853698784
1031,-2.6250298796958647,0.15103833264343058,0.16374124403571627,-0.8472977876663208,17.236068725585938,-0.89442718029022217,0.44721359014511108,0.067544809217128909
1032,-1.7322423039741239,0.035875110477769256,0.036534439316616991,-0.8472977876663208,16.236068725585938,-0.89442718029022217,0.44721359014511108,0.15030098915123669
1033,-1.1095718323058801,0.0025464544059611294,0.0025497021356172202,-0.8472977876663208,15.236067771911621,-0.89442718029022217,0.44721359014511108,0.24795072087073677
1034,-0.88979699004360902,4.0182483232897859e-05,4.0183290570485863e-05,-0.8472977876663208,14.236067771911621,-0.89442718029022217,0.44721359014511108,0.29115172333890493
1035,-0.8517961083717035,2.3297356321894114e-07,2.3297359037093868e-07,-0.8472977876663208,13.236067771911621,-0.89442718029022217,0.44721359014511108,0.29905621858721332
1036,-0.84760554421612488,4.9690507264443795e-10,4.969050446367107e-10,-0.8472977876663208,12.236067771911621,-0.89442718029022217,0.44721359014511108,0.29993539037230377
1037,-0.84731062043377625,3.8991032624835498e-13,3.8989589494753269e-13,-0.8472977876663208,11.236067771911621,-0.89442718029022217,0.44721359014511108,0.29999732039705818
1038,-0.84729989159771668,3.3306690738754696e-16,3.3140977925790285e-16,-0.8472977876663208,10.236067771911621,-0.89442718029022217,0.44721359014511108,0.29999957344596551
1039,-0.84728010285565125,3.8991032624835498e-13,3.8989601439462236e-13,-0.8472977876663208,9.2360677719116211,-0.89442718029022217,0.44721359014511108,0.30000372909486972
1040,-0.84689821589657532,4.9690573877825273e-10,4.9690578800135509e-10,-0.84729528427124023,8.2360677719116211,-0.89442718029022217,0.44721359014511108,0.3000839320505112
1041,-0.84121080029675233,2.3297526507981559e-07,2.3297529226621113e-07,-0.84724539518356323,7.2360677719116211,-0.89442718029022217,0.44721359014511108,0.30127983675590375
1042,-0.78754015553662049,4.0183898750933977e-05,4.0184706145406288e-05,-0.84657227993011475,6.2360677719116211,-0.89442718029022217,0.44721359014511108,0.31269708960553666
1043,-0.47330792535015809,0.0025468973791211713,0.0025501462397665474,-0.84050655364990234,5.2360677719116211,-0.89442718029022217,0.44721359014511108,0.3838336014749929
1044,0.32947812687686218,0.035923897797331072,0.036585043293880369,-0.80451881885528564,4.2360677719116211,-0.89442718029022217,0.44721359014511108,0.58163239165656289
1045,1.4665970624618834,0.15283406769449637,0.165858697607454,-0.66815704107284546,3.2360680103302002,-0.89442718029022217,0.44721359014511108,0.81253960519236235
1046,2.2936342180900877,0.26118077325013356,0.3027020066997031,-0.35103204846382141,2.2360680103302002,-0.89442718029022217,0.44721359014511108,0.90834845365524641
1047,2.1824641674019998,0.26691860445888127,0.31049853886602585,0.0081553785130381584,1.4142135381698608,-0.70710676908493042,0.70710676908493042,0.89866369761910703
1048,1.3249854714804008,0.24308562525816657,0.27850514324762643,0.14668099582195282,1,0,1,0.79000996323910821
1049,0.31506244551471008,0.13869997167769976,0.14931237030380948,-0.073238670825958252,1.4142135381698608,0.70710676908493042,0.70710676908493042,0.57812046324436916
1050,-0.37605379808613526,0.032255678643504759,0.032787357424318216,-0.44101300835609436,2.2360680103302002,0.89442718029022217,0.44721359014511108,0.40707902445641764
1051,-0.72412510503002869,0.0021208078145963372,0.0021230599122304939,-0.73112845420837402,3.2360680103302002,0.89442718029022217,0.44721359014511108,0.32648525429109398
1052,-0.84729786038720356,0,0,-1,0,0,0,0.30000000000000004
1053,-0.84729786038720356,0,0,-1,0,0,0,0.30000000000000004
1054,-0.84729786038720356,0,0,-1,0,0,0,0.30000000000000004
1055,-0.84729786038720356,0,0,-1,0,0,0,0.30000000000000004
1056,-0.84729786038720356,0,0,-1,0,0,0,0.30000000000000004
1057,-1.0383055387801812,0.0025464615258180556,0.0025497092736507746,-0.8472977876663208,24.650279998779297,-0.89442718029022217,0.44721359014511108,0.26147707364931616
1058,-1.5533592878646543,0.035877231625116246,0.036536639394328212,-0.8472977876663208,23.650279998779297,-0.89442718029022217,0.44721359014511108,0.17460161208143254
1059,-2.4826195417709043,0.15124863638575525,0.16398899349580043,-0.8472977876663208,22.650279998779297,-0.89442718029022217,0.44721359014511108,0.077085632346921007
1060,-3.473962086326571,0.24464615243878118,0.28056896725914099,-0.8472977876663208,21.650279998779297,-0.89442718029022217,0.44721359014511108,0.030062237637689448
1061,-4.3311124621696191,0.27925634176053693,0.32747174133762774,-0.8472977876663208,20.650279998779297,-0.89442718029022217,0.44721359014511108,0.012982154167015647
1062,-5.3935610829658227,0.53714792098681885,0.77034775971454306,-0.8472977876663208,19.650279998779297,-0.89442718029022217,0.44721359014511108,0.0045251862661814801
1063,-6.007491606361361,0.70251852495820688,1.2124033247023147,-0.8472977876663208,18.650279998779297,-0.89442718029022217,0.44721359014511108,0.0024542137430637601
1064,-4.5905804811782556,0.51994448440412944,0.73385352427661532,-0.8472977876663208,17.650279998779297,-0.89442718029022217,0.44721359014511108,0.010045039857066507
1065,-2.5761045991248808,0.15103396863533713,0.16373610364240429,-0.8472977876663208,16.650279998779297,-0.89442718029022217,0.44721359014511108,0.070692210992029936
1066,-1.3410763918227868,0.010558004027306889,0.010614135190105671,-0.8472977876663208,15.650280952453613,-0.89442718029022217,0.44721359014511108,0.20733310204714295
1067,-0.94234313357540833,0.00025309079449642446,0.00025312282737646806,-0.8472977876663208,14.650280952453613,-0.89442718029022217,0.44721359014511108,0.28042728359545177
1068,-0.84729786038720356,0,0,-1,0,0,0,0.30000000000000004
1069,-0.84729786038720356,0,0,-1,0,0,0,0.30000000000000004
1070,-0.84729786038720356,0,0,-1,0,0,0,0.30000000000000004
1071,-0.84735174763867127,3.7081449022480228e-13,3.7077058448214809e-13,-0.8472977876663208,10.650280952453613,-0.89442718029022217,0.44721359014511108,0.29998868379915433
1072,-0.84729786038720356,0,0,-1,0,0,0,0.30000000000000004
1073,-0.84729786038720356,0,0,-1,0,0,0,0.30000000000000004
1074,-0.84729786038720356,0,0,-1,0,0,0,0.30000000000000004
1075,-0.82281066764065491,5.3734518463688374e-06,5.3734662834413881e-06,-0.84704160690307617,6.6502814292907715,-0.89442718029022217,0.44721359014511108,0.30516735909755299
1076,-0.71995862115093934,0.00024618343026960865,0.00024621373838467118,-0.84447735548019409,5.6502814292907715,-0.89442718029022217,0.44721359014511108,0.32740209490198846
1077,-0.48308463681408631,0.0025544705379315635,0.0025577387647086024,-0.82634252309799194,4.6502814292907715,-0.89442718029022217,0.44721359014511108,0.38152399820556926
1078,-0.095556038505523078,0.01106243137919205,0.01112407511452013,-0.74319076538085938,3.6502816677093506,-0.89442718029022217,0.44721359014511108,0.4761291512501491
1079,0.32913969170382751,0.029036232300241438,0.029466125805386649,-0.56793779134750366,2.8284270763397217,-0.70710676908493042,0.70710676908493042,0.58155003586916143
1080,0.28640503894618285,0.042434649256353874,0.043361308826963402,-0.38668355345726013,2.2360680103302002,-0.44721359014511108,0.89442718029022217,0.57111580004178009
1081,0.021479708068878778,0.05497194927285376,0.056540668619785579,-0.33891743421554565,2,0,1,0.50536972056295926
1082,-0.33427308786579835,0.032454997818673559,0.032993341277429374,-0.47036054730415344,2.2360680103302002,0.44721359014511108,0.89442718029022217,0.41720127974817722
1083,-0.63444383729168641,0.007285587604916044,0.0073122571125990429,-0.66165286302566528,2.8284270763397217,0.70710676908493042,0.70710676908493042,0.34650359519321605
1084,-0.78520436871716248,0.00050983100143853211,0.00050996100945345426,-0.78766012191772461,3.6502816677093506,0.89442718029022217,0.44721359014511108,0.313199310842322
1085,-0.84729786038720356,0,0,-1,0,0,0,0.30000000000000004
1086,-0.84729786038720356,0,0,-1,0,0,0,0.30000000000000004
1087,-0.84729786038720356,0,0,-1,0,0,0,0.30000000000000004
1088,-0.84729786038720356,0,0,-1,0,0,0,0.30000000000000004
1089,-0.84729786038720356,0,0,-1,0,0,0,0.30000000000000004
1090,-1.2313949643439939,0.010558033594316063,0.010614165072614876,-0.8472977876663208,25.064493179321289,-0.89442718029022217,0.44721359014511108,0.22593736760614624
1091,-2.3784558950729062,0.15104008169849459,0.16374330426638753,-0.8472977876663208,24.064493179321289,-0.89442718029022217,0.44721359014511108,0.084830364218108745
1092,-4.4178741751975705,0.52024632894881662,0.73448249211488414,-0.8472977876663208,23.064493179321289,-0.89442718029022217,0.44721359014511108,0.011916135452823107
1093,-6.3587507783240991,0.70829517598505576,1.2320128646554069,-0.8472977876663208,22.064493179321289,-0.89442718029022217,0.44721359014511108,0.0017285354159820576
1094,-6.7847798644370751,0.63350418390221108,1.0037681735520001,-0.8472977876663208,21.064493179321289,-0.89442718029022217,0.44721359014511108,0.0011295792258382287
1095,-7.483208376056643,0.7468035206081951,1.3735894932645309,-0.8472977876663208,20.064493179321289,-0.89442718029022217,0.44721359014511108,0.00056213379449532308
1096,-8.1409043251342474,0.86538353403834445,2.0053255367003642,-0.8472977876663208,19.064493179321289,-0.89442718029022217,0.44721359014511108,0.00029128870876760082
1097,-5.7850362240142541,0.70183455006589757,1.2101067454227032,-0.8472977876663208,18.064493179321289,-0.89442718029022217,0.44721359014511108,0.0030637834339084513
1098,-2.9902340351409635,0.23658772027693564,0.26995705323178543,-0.8472977876663208,17.064495086669922,-0.89442718029022217,0.44721359014511108,0.047869021966093994
1099,-1.4928013264007287,0.021915536546208592,0.02215924922674329,-0.8472977876663208,16.064495086669922,-0.89442718029022217,0.44721359014511108,0.18350163590221391
1100,-0.97772230494686829,0.00066892730564016567,0.00066915113733391767,-0.8472977876663208,15.650280952453613,-0.89442718029022217,0.44721359014511108,0.27334396185215315
1101,-0.84729786038720356,0,0,-1,0,0,0,0.30000000000000004
1102,-0.84729786038720356,0,0,-1,0,0,0,0.30000000000000004
1103,-0.84729786038720356,0,0,-1,0,0,0,0.30000000000000004
1104,-0.84796835768887269,4.7564263638832927e-10,4.7564267527641465e-10,-0.8472977876663208,11.650280952453613,-0.89442718029022217,0.44721359014511108,0.2998592144511899
1105,-0.84729786038720356,0,0,-1,0,0,0,0.30000000000000004
1106,-0.84729786038720356,0,0,-1,0,0,0,0.30000000000000004
1107,-0.84729786038720356,0,0,-1,0,0,0,0.30000000000000004
1108,-0.84729786038720356,0,0,-1,0,0,0,0.30000000000000004
1109,-0.84729786038720356,0,0,-1,0,0,0,0.30000000000000004
1110,-0.84729786038720356,0,0,-1,0,0,0,0.30000000000000004
1111,-0.84729786038720356,0,0,-1,0,0,0,0.30000000000000004
1112,-0.84729786038720356,0,0,-1,0,0,0,0.30000000000000004
1113,-0.84729786038720356,0,0,-1,0,0,0,0.30000000000000004
1114,-0.84729786038720356,0,0,-1,0,0,0,0.30000000000000004
1115,-0.84729786038720356,0,0,-1,0,0,0,0.30000000000000004
1116,-0.84729786038720356,0,0,-1,0,0,0,0.30000000000000004
1117,-0.84729786038720356,0,0,-1,0,0,0,0.30000000000000004
1118,-0.84729786038720356,0,0,-1,0,0,0,0.30000000000000004
1119,-0.84729786038720356,0,0,-1,0,0,0,0.30000000000000004
1120,-0.84729786038720356,0,0,-1,0,0,0,0.30000000000000004
1121,-0.84729786038720356,0,0,-1,0,0,0,0.30000000000000004
1122,-0.97340132582852112,0.00066892730564016567,0.00066915113733391745,-0.8472977876663208,26.478706359863281,-0.89442718029022217,0.44721359014511108,0.2742030651944547
1123,-1.479171115047424,0.021915536546208592,0.022159249226743297,-0.8472977876663208,25.478706359863281,-0.89442718029022217,0.44721359014511108,0.18555265011365007
1124,-2.9646565495795896,0.23658772027693564,0.26995705323178548,-0.8472977876663208,24.478706359863281,-0.89442718029022217,0.44721359014511108,0.049048355790761389
1125,-5.7520137010879209,0.70183455006589768,1.2101067454227035,-0.8472977876663208,23.478706359863281,-0.89442718029022217,0.44721359014511108,0.0031663206446256309
1126,-8.0902400790519415,0.86538353403834445,2.0053255367003642,-0.8472977876663208,22.478706359863281,-0.89442718029022217,0.44721359014511108,0.00030642223682242342
1127,-7.379738408214541,0.7468035206081951,1.3735894932645307,-0.8472977876663208,21.478706359863281,-0.89442718029022217,0.44721359014511108,0.00062337519717792222
1128,-6.6440186082191186,0.63350418390221097,1.0037681735519999,-0.8472977876663208,20.478706359863281,-0.89442718029022217,0.44721359014511108,0.0013000929111095516
1129,-6.3418100057906823,0.70829517598505576,1.2320128646554074,-0.8472977876663208,19.478706359863281,-0.89442718029022217,0.44721359014511108,0.0017580156658530965
1130,-4.5388748823470788,0.52024632894881651,0.73448249211488403,-0.8472977876663208,18.478708267211914,-0.89442718029022217,0.44721359014511108,0.010572451047266562
1131,-2.4850519477195463,0.15104008169849459,0.16374330426638747,-0.8472977876663208,17.478708267211914,-0.89442718029022217,0.44721359014511108,0.076912760544374792
1132,-1.28659637559125,0.010558033594316063,0.010614165072614881,-0.8472977876663208,17.064495086669922,-0.89442718029022217,0.44721359014511108,0.21642946671058938
1133,-0.92514296162792908,0.00025309083976865487,0.00025312287266017702,-0.8472977876663208,16.650279998779297,-0.89442718029022217,0.44721359014511108,0.28391114038620469
1134,-0.84729786038720356,0,0,-1,0,0,0,0.30000000000000004
1135,-0.84729786038720356,0,0,-1,0,0,0,0.30000000000000004
1136,-0.84729786038720356,0,0,-1,0,0,0,0.30000000000000004
1137,-0.85357137311169373,2.2447529390845489e-07,2.2447531907474618e-07,-0.8472977876663208,12.650280952453613,-0.89442718029022217,0.44721359014511108,0.29868421755886498
1138,-0.84729786038720356,0,0,-1,0,0,0,0.30000000000000004
1139,-0.84729786038720356,0,0,-1,0,0,0,0.30000000000000004
1140,-0.84729786038720356,0,0,-1,0,0,0,0.30000000000000004
1141,-0.84729786038720356,0,0,-1,0,0,0,0.30000000000000004
1142,-0.84729786038720356,0,0,-1,0,0,0,0.30000000000000004
1143,-0.84729786038720356,0,0,-1,0,0,0,0.30000000000000004
1144,-0.84729786038720356,0,0,-1,0,0,0,0.30000000000000004
1145,-0.84729786038720356,0,0,-1,0,0,0,0.30000000000000004
1146,-0.84729786038720356,0,0,-1,0,0,0,0.30000000000000004
1147,-0.84729786038720356,0,0,-1,0,0,0,0.30000000000000004
1148,-0.84729786038720356,0,0,-1,0,0,0,0.30000000000000004
1149,-0.84729786038720356,0,0,-1,0,0,0,0.30000000000000004
1150,-0.84729786038720356,0,0,-1,0,0,0,0.30000000000000004
1151,-0.84729786038720356,0,0,-1,0,0,0,0.30000000000000004
1152,-0.84729786038720356,0,0,-1,0,0,0,0.30000000000000004
1153,-0.84729786038720356,0,0,-1,0,0,0,0.30000000000000004
1154,-0.84729786038720356,0,0,-1,0,0,0,0.30000000000000004
1155,-0.95946748841473328,0.00025309079449642446,0.00025312282737646806,-0.8472977876663208,26.892919540405273,-0.89442718029022217,0.44721359014511108,0.2769848252334256
1156,-1.3915803014106443,0.010558004027306889,0.010614135190105671,-0.8472977876663208,25.892919540405273,-0.89442718029022217,0.44721359014511108,0.19915559056897714
1157,-2.6621253668136289,0.15103396863533713,0.16373610364240423,-0.8472977876663208,24.892919540405273,-0.89442718029022217,0.44721359014511108,0.065245590436654233
1158,-4.6998382984466245,0.51994448440412933,0.73385352427661521,-0.8472977876663208,23.892919540405273,-0.89442718029022217,0.44721359014511108,0.0090147430953551044
1159,-5.9768011747665124,0.70251852495820688,1.2124033247023145,-0.8472977876663208,22.892919540405273,-0.89442718029022217,0.44721359014511108,0.0025305087975441287
1160,-5.1702723084754663,0.53714792098681885,0.77034775971454283,-0.8472977876663208,21.892919540405273,-0.89442718029022217,0.44721359014511108,0.0056509068509729143
1161,-4.1166661559409814,0.27925634176053693,0.32747174133762774,-0.8472977876663208,20.892919540405273,-0.89442718029022217,0.44721359014511108,0.016037372190926935
1162,-3.4125325261420927,0.24464615243878118,0.28056896725914099,-0.8472977876663208,19.892921447753906,-0.89442718029022217,0.44721359014511108,0.031906079814060684
1163,-2.5610401808089933,0.15124863638575525,0.16398899349580043,-0.8472977876663208,18.892921447753906,-0.89442718029022217,0.44721359014511108,0.071688288342441231
1164,-1.6397149144477563,0.035877231625116246,0.036536639394328219,-0.8472977876663208,18.478708267211914,-0.89442718029022217,0.44721359014511108,0.16250385795199374
1165,-1.0733307181663232,0.0025464615258180556,0.0025497092736507742,-0.8472977876663208,18.064493179321289,-0.89442718029022217,0.44721359014511108,0.25477018986932209
1166,-0.8807151495284723,4.0182491726992176e-05,4.0183299064928737e-05,-0.8472977876663208,17.650279998779297,-0.89442718029022217,0.44721359014511108,0.29302960427637192
1167,-0.84729786038720356,0,0,-1,0,0,0,0.30000000000000004
1168,-0.84729786038720356,0,0,-1,0,0,0,0.30000000000000004
1169,-0.84729786038720356,0,0,-1,0,0,0,0.30000000000000004
1170,-0.88155885327526795,5.3733524659760334e-06,5.3733669024324608e-06,-0.8472977876663208,13.650280952453613,-0.89442718029022217,0.44721359014511108,0.29285485038786918
1171,-0.9436087189979242,0.00024613684702134986,0.00024616714366659754,-0.8472977876663208,14.064494132995605,-0.89442718029022217,0.44721359014511108,0.2801719748505419
1172,-1.0159304915733043,0.0025464543770153947,0.0025497021065975147,-0.8472977876663208,15.064494132995605,-0.89442718029022217,0.44721359014511108,0.26582084906107772
1173,-1.1891215621299454,0.010558003535648175,0.010614134693200628,-0.8472977876663208,16.064495086669922,-0.89442718029022217,0.44721359014511108,0.2334160804971871
1174,-1.2409706889457413,0.021915529536225109,0.022159242059690037,-0.8472977876663208,17.064495086669922,-0.89442718029022217,0.44721359014511108,0.22426706846655564
1175,-1.1754731117553421,0.010558003535648175,0.010614134693200628,-0.8472977876663208,18.064495086669922,-0.89442718029022217,0.44721359014511108,0.23586711880752909
1176,-1.0059122024841014,0.0025464543770153947,0.0025497021065975147,-0.8472977876663208,19.064495086669922,-0.89442718029022217,0.44721359014511108,0.26778060094743827
1177,-0.93641992200085389,0.00024613684702134986,0.00024616714366659754,-0.8472977876663208,20.064495086669922,-0.89442718029022217,0.44721359014511108,0.28162406856993516
1178,-0.88230754721829163,5.3733524659760334e-06,5.3733669024324608e-06,-0.8472977876663208,21.064495086669922,-0.89442718029022217,0.44721359014511108,0.29269982674472028
1179,-0.85185100424954163,2.0588133753385307e-08,2.0588133951389095e-08,-0.8472977876663208,22.064495086669922,-0.89442718029022217,0.44721359014511108,0.29904471135258703
1180,-0.84729786038720356,0,0,-1,0,0,0,0.30000000000000004
1181,-0.84729786038720356,0,0,-1,0,0,0,0.30000000000000004
1182,-0.84729786038720356,0,0,-1,0,0,0,0.30000000000000004
1183,-0.84729786038720356,0,0,-1,0,0,0,0.30000000000000004
1184,-0.84729786038720356,0,0,-1,0,0,0,0.30000000000000004
1185,-0.84729786038720356,0,0,-1,0,0,0,0.30000000000000004
1186,-0.84729786038720356,0,0,-1,0,0,0,0.30000000000000004
1187,-0.84729786038720356,0,0,-1,0,0,0,0.30000000000000004
1188,-0.89920677531429993,4.0182483232897859e-05,4.0183290570485877e-05,-0.8472977876663208,27.307132720947266,-0.89442718029022217,0.44721359014511108,0.28921353256388593
1189,-1.1439542352027585,0.0025464544059611294,0.0025497021356172198,-0.8472977876663208,26.307132720947266,-0.89442718029022217,0.44721359014511108,0.24159509858724926
1190,-1.8295992790527036,0.035875110477769256,0.036534439316616998,-0.8472977876663208,25.307132720947266,-0.89442718029022217,0.44721359014511108,0.13828601735965251
1191,-2.7273566900558164,0.15103833264343058,0.1637412440357163,-0.8472977876663208,24.307132720947266,-0.89442718029022217,0.44721359014511108,0.061378270047294903
1192,-3.1354776798553159,0.23677392930025865,0.27020099970960693,-0.8472977876663208,23.307132720947266,-0.89442718029022217,0.44721359014511108,0.041667326966285945
1193,-2.6794064818687158,0.15319562461881031,0.16628557277541137,-0.8472977876663208,22.307132720947266,-0.89442718029022217,0.44721359014511108,0.0641995245335375
1194,-2.0562933265037255,0.046054324830190341,0.047148553421683677,-0.8472977876663208,21.307134628295898,-0.89442718029022217,0.44721359014511108,0.11341801854893019
1195,-1.7167858063049035,0.024406177017128439,0.024708944166287557,-0.8472977876663208,20.307134628295898,-0.89442718029022217,0.44721359014511108,0.15228563551469032
1196,-1.3269086061782556,0.010597761772066172,0.010654317983756066,-0.8472977876663208,19.892921447753906,-0.89442718029022217,0.44721359014511108,0.20967117776282196
1197,-1.085635977870913,0.0025466867573220586,0.0025499350801878821,-0.8472977876663208,19.478706359863281,-0.89442718029022217,0.44721359014511108,0.25244094263068639
1198,-0.92472411978909241,0.00024613734380407593,0.00024616764057164205,-0.8472977876663208,19.064493179321289,-0.89442718029022217,0.44721359014511108,0.28399630098593454
1199,-0.86058159459301697,5.3733528557753374e-06,5.3733672923256397e-06,-0.8472977876663208,18.650279998779297,-0.89442718029022217,0.44721359014511108,0.29721784820064789
1200,-0.84729786038720356,0,0,-1,0,0,0,0.30000000000000004
1201,-0.84729786038720356,0,0,-1,0,0,0,0.30000000000000004
1202,-0.84729786038720356,0,0,-1,0,0,0,0.30000000000000004
1203,-0.9197592316932367,4.0182483217798826e-05,4.0183290555438018e-05,-0.8472977876663208,14.650280952453613,-0.89442718029022217,0.44721359014511108,0.28500695504097395
1204,-1.20092799056241,0.0025464543770153947,0.0025497021065975147,-0.8472977876663208,15.064494132995605,-0.89442718029022217,0.44721359014511108,0.23131017327766856
1205,-1.6704637585944839,0.035875090628236683,0.036534418728483051,-0.8472977876663208,15.478707313537598,-0.89442718029022217,0.44721359014511108,0.15836235758001471
1206,-2.2564171134299942,0.15103377084864966,0.16373587066881387,-0.8472977876663208,16.478706359863281,-0.89442718029022217,0.44721359014511108,0.094797373389555295
1207,-2.5269465028114029,0.23658602499147796,0.26995483256594033,-0.8472977876663208,17.478706359863281,-0.89442718029022217,0.44721359014511108,0.073990588000290458
1208,-2.2360688029594131,0.15103377084864966,0.16373587066881387,-0.8472977876663208,18.478706359863281,-0.89442718029022217,0.44721359014511108,0.09655793423824155
1209,-1.6545292316741653,0.035875090628236683,0.036534418728483051,-0.8472977876663208,19.478706359863281,-0.89442718029022217,0.44721359014511108,0.16049775016524093
1210,-1.2041170178718277,0.0025464543770153947,0.0025497021065975147,-0.8472977876663208,20.478706359863281,-0.89442718029022217,0.44721359014511108,0.23074363172546986
1211,-0.92124702323147523,4.0182483217798826e-05,4.0183290555438018e-05,-0.8472977876663208,21.478706359863281,-0.89442718029022217,0.44721359014511108,0.28470387287208543
1212,-0.85833408225247132,2.3297356321894114e-07,2.3297359036806816e-07,-0.8472977876663208,22.478706359863281,-0.89442718029022217,0.44721359014511108,0.29768752108563046
1213,-0.84729786038720356,0,0,-1,0,0,0,0.30000000000000004
1214,-0.84729786038720356,0,0,-1,0,0,0,0.30000000000000004
1215,-0.84729786038720356,0,0,-1,0,0,0,0.30000000000000004
1216,-0.84729786038720356,0,0,-1,0,0,0,0.30000000000000004
1217,-0.84729786038720356,0,0,-1,0,0,0,0.30000000000000004
1218,-0.84729786038720356,0,0,-1,0,0,0,0.30000000000000004
1219,-0.84729786038720356,0,0,-1,0,0,0,0.30000000000000004
1220,-0.84729786038720356,0,0,-1,0,0,0,0.30000000000000004
1221,-0.86970462191769349,5.3733524664201227e-06,5.3733669029216672e-06,-0.8472977876663208,27.721345901489258,-0.89442718029022217,0.44721359014511108,0.2953157677535635
1222,-0.97223891604611146,0.00024613684844854156,0.00024616714509417402,-0.8472977876663208,26.721345901489258,-0.89442718029022217,0.44721359014511108,0.27443446375119607
1223,-1.165589469558685,0.0025464559056608271,0.002549703639145532,-0.8472977876663208,25.721345901489258,-0.89442718029022217,0.44721359014511108,0.23765313342830774
1224,-1.4270106731719663,0.010558225640931118,0.010614359168519702,-0.8472977876663208,24.721345901489258,-0.89442718029022217,0.44721359014511108,0.19356488333364463
1225,-1.5502663432426145,0.021920785128826448,0.022164615426592468,-0.8472977876663208,23.721345901489258,-0.89442718029022217,0.44721359014511108,0.17504780325428293
1226,-1.2979409276313474,0.010597761772066172,0.010654317983756064,-0.8472977876663208,22.721347808837891,-0.89442718029022217,0.44721359014511108,0.2145117594197623
1227,-1.1528622089690854,0.0027989006869615363,0.0028028249335840891,-0.8472977876663208,21.721347808837891,-0.89442718029022217,0.44721359014511108,0.23996667727978038
1228,-1.0497227488822629,0.00091489949650191971,0.00091531827249102457,-0.8472977876663208,21.307134628295898,-0.89442718029022217,0.44721359014511108,0.25927834419634554
1229,-0.93958981621929871,0.00025846278662644551,0.00025849619388900743,-0.8472977876663208,20.892919540405273,-0.89442718029022217,0.44721359014511108,0.28098320524170917
1230,-0.88389869321057069,4.0203070524325035e-05,4.0203878689389392e-05,-0.8472977876663208,20.478706359863281,-0.89442718029022217,0.44721359014511108,0.2923705258267878
1231,-0.86180819857784974,5.3733814854295403e-06,5.3733959221374153e-06,-0.8472977876663208,20.064493179321289,-0.89442718029022217,0.44721359014511108,0.29696169964240993
1232,-0.85044302333065735,2.2447530889646572e-07,2.2447533412259843e-07,-0.8472977876663208,19.650279998779297,-0.89442718029022217,0.44721359014511108,0.29933993153057181
1233,-0.84729786038720356,0,0,-1,0,0,0,0.30000000000000004
1234,-0.84729786038720356,0,0,-1,0,0,0,0.30000000000000004
1235,-0.84729786038720356,0,0,-1,0,0,0,0.30000000000000004
1236,-0.9925509272880243,0.00025309079410662516,0.00025312282698657486,-0.8472977876663208,15.650280952453613,-0.89442718029022217,0.44721359014511108,0.27040851629576068
1237,-1.4677053271598526,0.010558003535648175,0.010614134693200628,-0.8472977876663208,16.064495086669922,-0.89442718029022217,0.44721359014511108,0.1872916435112173
1238,-2.7682363568610855,0.15103377084864966,0.16373587066881387,-0.8472977876663208,16.478706359863281,-0.89442718029022217,0.44721359014511108,0.059064954009848347
1239,-4.4299675999946304,0.5199251938062861,0.73381334098605977,-0.8472977876663208,16.892921447753906,-0.89442718029022217,0.44721359014511108,0.011774583015423667
1240,-5.3348125993079849,0.7017590680315906,1.2098536225957168,-0.8472977876663208,17.892919540405273,-0.89442718029022217,0.44721359014511108,0.0047976847084238994
1241,-4.411571460849733,0.5199251938062861,0.73381334098605977,-0.8472977876663208,18.892919540405273,-0.89442718029022217,0.44721359014511108,0.011990573244378355
1242,-2.7644103347129532,0.15103377084864966,0.16373587066881387,-0.8472977876663208,19.892919540405273,-0.89442718029022217,0.44721359014511108,0.059277949176826716
1243,-1.4703694163627334,0.010558003535648175,0.010614134693200628,-0.8472977876663208,20.892919540405273,-0.89442718029022217,0.44721359014511108,0.18688647099449673
1244,-0.99493624556729066,0.00025309079410662516,0.00025312282698657486,-0.8472977876663208,21.892919540405273,-0.89442718029022217,0.44721359014511108,0.26993818002004144
1245,-0.8725594459838556,2.2206633795152086e-06,2.2206658451635174e-06,-0.8472977876663208,22.892919540405273,-0.89442718029022217,0.44721359014511108,0.29472201375985585
1246,-0.85040034640499818,7.1670532841849877e-09,7.1670532597994468e-09,-0.8472977876663208,23.892919540405273,-0.89442718029022217,0.44721359014511108,0.29934888247513969
1247,-0.84729786038720356,0,0,-1,0,0,0,0.30000000000000004
1248,-0.84729786038720356,0,0,-1,0,0,0,0.30000000000000004
1249,-0.84729786038720356,0,0,-1,0,0,0,0.30000000000000004
1250,-0.84729786038720356,0,0,-1,0,0,0,0.30000000000000004
1251,-0.84729786038720356,0,0,-1,0,0,0,0.30000000000000004
1252,-0.84729786038720356,0,0,-1,0,0,0,0.30000000000000004
1253,-0.84729786038720356,0,0,-1,0,0,0,0.30000000000000004
1254,-0.84729786038720356,0,0,-1,0,0,0,0.30000000000000004
1255,-0.87280865300366151,5.3733525250398984e-06,5.3733669615876172e-06,-0.8472977876663208,27.13555908203125,-0.89442718029022217,0.44721359014511108,0.29467021600245091
1256,-0.84729786038720356,0,0,-1,0,0,0,0.30000000000000004
1257,-0.84729786038720356,0,0,-1,0,0,0,0.30000000000000004
1258,-0.84729786038720356,0,0,-1,0,0,0,0.30000000000000004
1259,-0.84729786038720356,0,0,-1,0,0,0,0.30000000000000004
1260,-0.84729786038720356,0,0,-1,0,0,0,0.30000000000000004
1261,-0.84729786038720356,0,0,-1,0,0,0,0.30000000000000004
1262,-0.84729786038720356,0,0,-1,0,0,0,0.30000000000000004
1263,-0.84729786038720356,0,0,-1,0,0,0,0.30000000000000004
1264,-0.84729786038720356,0,0,-1,0,0,0,0.30000000000000004
1265,-0.84766157258221375,1.5325485325234922e-09,1.5325485066142001e-09,-0.8472977876663208,20.650279998779297,-0.89442718029022217,0.44721359014511108,0.29992362599552114
1266,-0.84729786038720356,0,0,-1,0,0,0,0.30000000000000004
1267,-0.84729786038720356,0,0,-1,0,0,0,0.30000000000000004
1268,-0.84729786038720356,0,0,-1,0,0,0,0.30000000000000004
1269,-1.1127858935661026,0.00066892729713630139,0.00066915112882442681,-0.8472977876663208,16.650279998779297,-0.89442718029022217,0.44721359014511108,0.24735187677657733
1270,-1.8162489711112686,0.021915529536225109,0.022159242059690037,-0.8472977876663208,17.064495086669922,-0.89442718029022217,0.44721359014511108,0.13988457571955915
1271,-3.4391547023124405,0.23658602499147796,0.26995483256594033,-0.8472977876663208,17.478706359863281,-0.89442718029022217,0.44721359014511108,0.031093940442308954
1272,-5.9726577578849502,0.7017590680315906,1.2098536225957168,-0.8472977876663208,17.892919540405273,-0.89442718029022217,0.44721359014511108,0.0025409888047931428
1273,-7.596929389125795,0.8639470869008079,1.9947114020071635,-0.8472977876663208,18.307134628295898,-0.89442718029022217,0.44721359014511108,0.00050173861874835968
1274,-5.9726577578849502,0.7017590680315906,1.2098536225957168,-0.8472977876663208,19.307132720947266,-0.89442718029022217,0.44721359014511108,0.0025409888047931428
1275,-3.4391547023124405,0.23658602499147796,0.26995483256594033,-0.8472977876663208,20.307132720947266,-0.89442718029022217,0.44721359014511108,0.031093940442308954
1276,-1.8162489711112686,0.021915529536225109,0.022159242059690037,-0.8472977876663208,21.307132720947266,-0.89442718029022217,0.44721359014511108,0.13988457571955915
1277,-1.1127858935661026,0.00066892729713630139,0.00066915112882442681,-0.8472977876663208,22.307132720947266,-0.89442718029022217,0.44721359014511108,0.24735187677657733
1278,-0.84729786038720356,0,0,-1,0,0,0,0.30000000000000004
1279,-0.84729786038720356,0,0,-1,0,0,0,0.30000000000000004
1280,-0.84729786038720356,0,0,-1,0,0,0,0.30000000000000004
1281,-0.84729786038720356,0,0,-1,0,0,0,0.30000000000000004
1282,-0.84729786038720356,0,0,-1,0,0,0,0.30000000000000004
1283,-0.84729786038720356,0,0,-1,0,0,0,0.30000000000000004
1284,-0.84729786038720356,0,0,-1,0,0,0,0.30000000000000004
1285,-0.84729786038720356,0,0,-1,0,0,0,0.30000000000000004
1286,-0.84729786038720356,0,0,-1,0,0,0,0.30000000000000004
1287,-0.84729786038720356,0,0,-1,0,0,0,0.30000000000000004
1288,-0.84994967568585145,2.0588133753385307e-08,2.0588133964785639e-08,-0.8472977876663208,28.13555908203125,-0.89442718029022217,0.44721359014511108,0.29944341430594057
1289,-0.84729786038720356,0,0,-1,0,0,0,0.30000000000000004
1290,-0.84729786038720356,0,0,-1,0,0,0,0.30000000000000004
1291,-0.84729786038720356,0,0,-1,0,0,0,0.30000000000000004
1292,-0.84729786038720356,0,0,-1,0,0,0,0.30000000000000004
1293,-0.84729786038720356,0,0,-1,0,0,0,0.30000000000000004
1294,-0.84729786038720356,0,0,-1,0,0,0,0.30000000000000004
1295,-0.84729786038720356,0,0,-1,0,0,0,0.30000000000000004
1296,-0.84729786038720356,0,0,-1,0,0,0,0.30000000000000004
1297,-0.84729786038720356,0,0,-1,0,0,0,0.30000000000000004
1298,-0.84731127608486878,1.4275247650630263e-12,1.4275765683747974e-12,-0.8472977876663208,21.650279998779297,-0.89442718029022217,0.44721359014511108,0.29999718271104958
1299,-0.84729786038720356,0,0,-1,0,0,0,0.30000000000000004
1300,-0.84729786038720356,0,0,-1,0,0,0,0.30000000000000004
1301,-0.84729786038720356,0,0,-1,0,0,0,0.30000000000000004
1302,-0.84729786038720356,0,0,-1,0,0,0,0.30000000000000004
1303,-0.84729786038720356,0,0,-1,0,0,0,0.30000000000000004
1304,-2.7644103347129532,0.15103377084864966,0.16373587066881387,-0.8472977876663208,18.478706359863281,-0.89442718029022217,0.44721359014511108,0.059277949176826716
1305,-4.411571460849733,0.5199251938062861,0.73381334098605977,-0.8472977876663208,18.892919540405273,-0.89442718029022217,0.44721359014511108,0.011990573244378355
1306,-5.3348125993079849,0.7017590680315906,1.2098536225957168,-0.8472977876663208,19.307132720947266,-0.89442718029022217,0.44721359014511108,0.0047976847084238994
1307,-4.4299675999946304,0.5199251938062861,0.73381334098605977,-0.8472977876663208,19.721347808837891,-0.89442718029022217,0.44721359014511108,0.011774583015423667
1308,-2.7682363568610855,0.15103377084864966,0.16373587066881387,-0.8472977876663208,20.721345901489258,-0.89442718029022217,0.44721359014511108,0.059064954009848347
1309,-1.4677053271598526,0.010558003535648175,0.010614134693200628,-0.8472977876663208,21.721345901489258,-0.89442718029022217,0.44721359014511108,0.1872916435112173
1310,-0.9925509272880243,0.00025309079410662516,0.00025312282698657486,-0.8472977876663208,22.721345901489258,-0.89442718029022217,0.44721359014511108,0.27040851629576068
1311,-0.84729786038720356,0,0,-1,0,0,0,0.30000000000000004
1312,-0.84729786038720356,0,0,-1,0,0,0,0.30000000000000004
1313,-0.84729786038720356,0,0,-1,0,0,0,0.30000000000000004
1314,-0.84729786038720356,0,0,-1,0,0,0,0.30000000000000004
1315,-0.84729786038720356,0,0,-1,0,0,0,0.30000000000000004
1316,-0.84729786038720356,0,0,-1,0,0,0,0.30000000000000004
1317,-0.84729786038720356,0,0,-1,0,0,0,0.30000000000000004
1318,-0.84729786038720356,0,0,-1,0,0,0,0.30000000000000004
1319,-0.84729786038720356,0,0,-1,0,0,0,0.30000000000000004
1320,-0.84729786038720356,0,0,-1,0,0,0,0.30000000000000004
1321,-0.84729786038720356,0,0,-1,0,0,0,0.30000000000000004
1322,-0.84729786038720356,0,0,-1,0,0,0,0.30000000000000004
1323,-0.84729786038720356,0,0,-1,0,0,0,0.30000000000000004
1324,-0.84729786038720356,0,0,-1,0,0,0,0.30000000000000004
1325,-0.84729786038720356,0,0,-1,0,0,0,0.30000000000000004
1326,-0.84729786038720356,0,0,-1,0,0,0,0.30000000000000004
1327,-0.84729786038720356,0,0,-1,0,0,0,0.30000000000000004
1328,-0.84729786038720356,0,0,-1,0,0,0,0.30000000000000004
1329,-0.84729786038720356,0,0,-1,0,0,0,0.30000000000000004
1330,-0.84729786038720356,0,0,-1,0,0,0,0.30000000000000004
1331,-0.84729613650509583,4.4408920985006262e-16,4.8920622017446517e-16,-0.8472977876663208,22.650279998779297,-0.89442718029022217,0.44721359014511108,0.30000036201536739
1332,-0.84729786038720356,0,0,-1,0,0,0,0.30000000000000004
1333,-0.84729786038720356,0,0,-1,0,0,0,0.30000000000000004
1334,-0.84729786038720356,0,0,-1,0,0,0,0.30000000000000004
1335,-0.84729786038720356,0,0,-1,0,0,0,0.30000000000000004
1336,-0.84729786038720356,0,0,-1,0,0,0,0.30000000000000004
1337,-1.6545292316741653,0.035875090628236683,0.036534418728483051,-0.8472977876663208,19.478706359863281,-0.89442718029022217,0.44721359014511108,0.16049775016524093
1338,-2.2360688029594131,0.15103377084864966,0.16373587066881387,-0.8472977876663208,19.892919540405273,-0.89442718029022217,0.44721359014511108,0.09655793423824155
1339,-2.5269465028114029,0.23658602499147796,0.26995483256594033,-0.8472977876663208,20.307132720947266,-0.89442718029022217,0.44721359014511108,0.073990588000290458
1340,-2.2564171134299942,0.15103377084864966,0.16373587066881387,-0.8472977876663208,20.721345901489258,-0.89442718029022217,0.44721359014511108,0.094797373389555295
1341,-1.6704637585944839,0.035875090628236683,0.036534418728483051,-0.8472977876663208,21.135560989379883,-0.89442718029022217,0.44721359014511108,0.15836235758001471
1342,-1.20092799056241,0.0025464543770153947,0.0025497021065975147,-0.8472977876663208,22.13555908203125,-0.89442718029022217,0.44721359014511108,0.23131017327766856
1343,-0.91975905287930237,4.0182483217798826e-05,4.0183290555438018e-05,-0.8472977876663208,23.13555908203125,-0.89442718029022217,0.44721359014511108,0.28500699147931974
1344,-0.84729786038720356,0,0,-1,0,0,0,0.30000000000000004
1345,-0.84729786038720356,0,0,-1,0,0,0,0.30000000000000004
1346,-0.84729786038720356,0,0,-1,0,0,0,0.30000000000000004
1347,-0.84729786038720356,0,0,-1,0,0,0,0.30000000000000004
1348,-0.84729786038720356,0,0,-1,0,0,0,0.30000000000000004
1349,-0.84729786038720356,0,0,-1,0,0,0,0.30000000000000004
1350,-0.84729786038720356,0,0,-1,0,0,0,0.30000000000000004
1351,-0.84729786038720356,0,0,-1,0,0,0,0.30000000000000004
1352,-0.84729786038720356,0,0,-1,0,0,0,0.30000000000000004
1353,-0.84729786038720356,0,0,-1,0,0,0,0.30000000000000004
1354,-0.84729786038720356,0,0,-1,0,0,0,0.30000000000000004
1355,-0.84729786038720356,0,0,-1,0,0,0,0.30000000000000004
1356,-0.84729786038720356,0,0,-1,0,0,0,0.30000000000000004
1357,-0.84729786038720356,0,0,-1,0,0,0,0.30000000000000004
1358,-0.84729786038720356,0,0,-1,0,0,0,0.30000000000000004
1359,-0.84729786038720356,0,0,-1,0,0,0,0.30000000000000004
1360,-0.84729786038720356,0,0,-1,0,0,0,0.30000000000000004
1361,-0.84729786038720356,0,0,-1,0,0,0,0.30000000000000004
1362,-0.84729786038720356,0,0,-1,0,0,0,0.30000000000000004
1363,-0.84729786038720356,0,0,-1,0,0,0,0.30000000000000004
1364,-0.8472952424354242,0,6.1672068226718339e-20,-0.8472977876663208,23.650279998779297,-0.89442718029022217,0.44721359014511108,0.30000054977016155
1365,-0.84729786038720356,0,0,-1,0,0,0,0.30000000000000004
1366,-0.84729786038720356,0,0,-1,0,0,0,0.30000000000000004
1367,-0.84729786038720356,0,0,-1,0,0,0,0.30000000000000004
1368,-0.84729786038720356,0,0,-1,0,0,0,0.30000000000000004
1369,-0.84729786038720356,0,0,-1,0,0,0,0.30000000000000004
1370,-1.0059122024841014,0.0025464543770153947,0.0025497021065975147,-0.8472977876663208,20.478706359863281,-0.89442718029022217,0.44721359014511108,0.26778060094743827
1371,-1.1754731117553421,0.010558003535648175,0.010614134693200628,-0.8472977876663208,20.892919540405273,-0.89442718029022217,0.44721359014511108,0.23586711880752909
1372,-1.2409706889457413,0.021915529536225109,0.022159242059690037,-0.8472977876663208,21.307132720947266,-0.89442718029022217,0.44721359014511108,0.22426706846655564
1373,-1.1891215621299454,0.010558003535648175,0.010614134693200628,-0.8472977876663208,21.721345901489258,-0.89442718029022217,0.44721359014511108,0.2334160804971871
1374,-1.0159304915733043,0.0025464543770153947,0.0025497021065975147,-0.8472977876663208,22.13555908203125,-0.89442718029022217,0.44721359014511108,0.26582084906107772
1375,-0.9436087189979242,0.00024613684702134986,0.00024616714366659754,-0.8472977876663208,22.549774169921875,-0.89442718029022217,0.44721359014511108,0.2801719748505419
1376,-0.88155885327526795,5.3733524659760334e-06,5.3733669024324608e-06,-0.8472977876663208,23.549772262573242,-0.89442718029022217,0.44721359014511108,0.29285485038786918
1377,-0.84729786038720356,0,0,-1,0,0,0,0.30000000000000004
1378,-0.84729786038720356,0,0,-1,0,0,0,0.30000000000000004
1379,-0.84729786038720356,0,0,-1,0,0,0,0.30000000000000004
1380,-0.84729786038720356,0,0,-1,0,0,0,0.30000000000000004
1381,-0.84729786038720356,0,0,-1,0,0,0,0.30000000000000004
1382,-0.84729786038720356,0,0,-1,0,0,0,0.30000000000000004
1383,-0.84729786038720356,0,0,-1,0,0,0,0.30000000000000004
1384,-0.84729786038720356,0,0,-1,0,0,0,0.30000000000000004
1385,-0.84729786038720356,0,0,-1,0,0,0,0.30000000000000004
1386,-0.84729786038720356,0,0,-1,0,0,0,0.30000000000000004
1387,-0.84729786038720356,0,0,-1,0,0,0,0.30000000000000004
1388,-0.84729786038720356,0,0,-1,0,0,0,0.30000000000000004
1389,-0.84729786038720356,0,0,-1,0,0,0,0.30000000000000004
1390,-0.84729786038720356,0,0,-1,0,0,0,0.30000000000000004
1391,-0.84729786038720356,0,0,-1,0,0,0,0.30000000000000004
1392,-0.84729786038720356,0,0,-1,0,0,0,0.30000000000000004
1393,-0.84729786038720356,0,0,-1,0,0,0,0.30000000000000004
1394,-0.84729786038720356,0,0,-1,0,0,0,0.30000000000000004
1395,-0.84729786038720356,0,0,-1,0,0,0,0.30000000000000004
1396,-0.84729786038720356,0,0,-1,0,0,0,0.30000000000000004
1397,-0.8472952424354242,0,2.8601616280122734e-24,-0.8472977876663208,24.650279998779297,-0.89442718029022217,0.44721359014511108,0.30000054977016155
1398,-0.84729786038720356,0,0,-1,0,0,0,0.30000000000000004
1399,-0.84729786038720356,0,0,-1,0,0,0,0.30000000000000004
1400,-0.84729786038720356,0,0,-1,0,0,0,0.30000000000000004
1401,-0.84729786038720356,0,0,-1,0,0,0,0.30000000000000004
1402,-0.84729786038720356,0,0,-1,0,0,0,0.30000000000000004
1403,-0.86722214806744324,4.0182483217798826e-05,4.0183290555438018e-05,-0.8472977876663208,21.478706359863281,-0.89442718029022217,0.44721359014511108,0.29583264376925
1404,-0.84729786038720356,0,0,-1,0,0,0,0.30000000000000004
1405,-0.84729786038720356,0,0,-1,0,0,0,0.30000000000000004
1406,-0.84729786038720356,0,0,-1,0,0,0,0.30000000000000004
1407,-0.84729786038720356,0,0,-1,0,0,0,0.30000000000000004
1408,-0.84729786038720356,0,0,-1,0,0,0,0.30000000000000004
1409,-0.85357137311169373,2.2447529390845489e-07,2.2447531907474618e-07,-0.8472977876663208,23.963987350463867,-0.89442718029022217,0.44721359014511108,0.29868421755886498
1410,-0.84729786038720356,0,0,-1,0,0,0,0.30000000000000004
1411,-0.84729786038720356,0,0,-1,0,0,0,0.30000000000000004
1412,-0.84729786038720356,0,0,-1,0,0,0,0.30000000000000004
1413,-0.84729786038720356,0,0,-1,0,0,0,0.30000000000000004
1414,-0.84729786038720356,0,0,-1,0,0,0,0.30000000000000004
1415,-0.84729786038720356,0,0,-1,0,0,0,0.30000000000000004
1416,-0.84729786038720356,0,0,-1,0,0,0,0.30000000000000004
1417,-0.84729786038720356,0,0,-1,0,0,0,0.30000000000000004
1418,-0.84729786038720356,0,0,-1,0,0,0,0.30000000000000004
1419,-0.84729786038720356,0,0,-1,0,0,0,0.30000000000000004
1420,-0.84729786038720356,0,0,-1,0,0,0,0.30000000000000004
1421,-0.84729786038720356,0,0,-1,0,0,0,0.30000000000000004
1422,-0.84729786038720356,0,0,-1,0,0,0,0.30000000000000004
1423,-0.84729786038720356,0,0,-1,0,0,0,0.30000000000000004
1424,-0.84729786038720356,0,0,-1,0,0,0,0.30000000000000004
1425,-0.84729786038720356,0,0,-1,0,0,0,0.30000000000000004
1426,-0.84729786038720356,0,0,-1,0,0,0,0.30000000000000004
1427,-0.84729786038720356,0,0,-1,0,0,0,0.30000000000000004
1428,-0.84729786038720356,0,0,-1,0,0,0,0.30000000000000004
1429,-0.84729786038720356,0,0,-1,0,0,0,0.30000000000000004
1430,-0.8472952424354242,0,4.8797565639859291e-29,-0.8472977876663208,25.650279998779297,-0.89442718029022217,0.44721359014511108,0.30000054977016155
1431,-0.84729786038720356,0,0,-1,0,0,0,0.30000000000000004
1432,-0.84729786038720356,0,0,-1,0,0,0,0.30000000000000004
1433,-0.84729786038720356,0,0,-1,0,0,0,0.30000000000000004
1434,-0.84729786038720356,0,0,-1,0,0,0,0.30000000000000004
1435,-0.84729786038720356,0,0,-1,0,0,0,0.30000000000000004
1436,-0.84729786038720356,0,0,-1,0,0,0,0.30000000000000004
1437,-0.84729786038720356,0,0,-1,0,0,0,0.30000000000000004
1438,-0.84729786038720356,0,0,-1,0,0,0,0.30000000000000004
1439,-0.84729786038720356,0,0,-1,0,0,0,0.30000000000000004
1440,-0.84729786038720356,0,0,-1,0,0,0,0.30000000000000004
1441,-0.84729786038720356,0,0,-1,0,0,0,0.30000000000000004
1442,-0.84729786038720356,0,0,-1,0,0,0,0.30000000000000004
1443,-0.84729786038720356,0,0,-1,0,0,0,0.30000000000000004
1444,-0.84729786038720356,0,0,-1,0,0,0,0.30000000000000004
1445,-0.84729786038720356,0,0,-1,0,0,0,0.30000000000000004
1446,-0.84729786038720356,0,0,-1,0,0,0,0.30000000000000004
1447,-0.84729786038720356,0,0,-1,0,0,0,0.30000000000000004
1448,-0.84729786038720356,0,0,-1,0,0,0,0.30000000000000004
1449,-0.84729786038720356,0,0,-1,0,0,0,0.30000000000000004
1450,-0.84729786038720356,0,0,-1,0,0,0,0.30000000000000004
1451,-0.84729786038720356,0,0,-1,0,0,0,0.30000000000000004
1452,-0.84729786038720356,0,0,-1,0,0,0,0.30000000000000004
1453,-0.84729786038720356,0,0,-1,0,0,0,0.30000000000000004
1454,-0.84729786038720356,0,0,-1,0,0,0,0.30000000000000004
1455,-0.84729786038720356,0,0,-1,0,0,0,0.30000000000000004
1456,-0.84729786038720356,0,0,-1,0,0,0,0.30000000000000004
1457,-0.84729786038720356,0,0,-1,0,0,0,0.30000000000000004
1458,-0.84729786038720356,0,0,-1,0,0,0,0.30000000000000004
1459,-0.84729786038720356,0,0,-1,0,0,0,0.30000000000000004
1460,-0.84729786038720356,0,0,-1,0,0,0,0.30000000000000004
1461,-0.84729786038720356,0,0,-1,0,0,0,0.30000000000000004
1462,-0.84729786038720356,0,0,-1,0,0,0,0.30000000000000004
1463,-0.84729786038720356,0,0,-1,0,0,0,0.30000000000000004
1464,-0.84729786038720356,0,0,-1,0,0,0,0.30000000000000004
1465,-0.84729786038720356,0,0,-1,0,0,0,0.30000000000000004
1466,-0.84729786038720356,0,0,-1,0,0,0,0.30000000000000004
1467,-0.84729786038720356,0,0,-1,0,0,0,0.30000000000000004
1468,-0.84729786038720356,0,0,-1,0,0,0,0.30000000000000004
1469,-0.84729786038720356,0,0,-1,0,0,0,0.30000000000000004
1470,-0.84729786038720356,0,0,-1,0,0,0,0.30000000000000004
1471,-0.84729786038720356,0,0,-1,0,0,0,0.30000000000000004
1472,-0.84729786038720356,0,0,-1,0,0,0,0.30000000000000004
1473,-0.84729786038720356,0,0,-1,0,0,0,0.30000000000000004
1474,-0.84729786038720356,0,0,-1,0,0,0,0.30000000000000004
1475,-0.84729786038720356,0,0,-1,0,0,0,0.30000000000000004
1476,-0.84729786038720356,0,0,-1,0,0,0,0.30000000000000004
1477,-0.84729786038720356,0,0,-1,0,0,0,0.30000000000000004
1478,-0.84729786038720356,0,0,-1,0,0,0,0.30000000000000004
1479,-0.84729786038720356,0,0,-1,0,0,0,0.30000000000000004
1480,-0.84729786038720356,0,0,-1,0,0,0,0.30000000000000004
1481,-0.84729786038720356,0,0,-1,0,0,0,0.30000000000000004
1482,-0.84729786038720356,0,0,-1,0,0,0,0.30000000000000004
1483,-0.84729786038720356,0,0,-1,0,0,0,0.30000000000000004
1484,-0.84729786038720356,0,0,-1,0,0,0,0.30000000000000004
1485,-0.84729786038720356,0,0,-1,0,0,0,0.30000000000000004
1486,-0.84729786038720356,0,0,-1,0,0,0,0.30000000000000004
1487,-0.84729786038720356,0,0,-1,0,0,0,0.30000000000000004
1488,-0.84729786038720356,0,0,-1,0,0,0,0.30000000000000004
1489,-0.84729786038720356,0,0,-1,0,0,0,0.30000000000000004
1490,-0.84729786038720356,0,0,-1,0,0,0,0.30000000000000004
1491,-0.84729786038720356,0,0,-1,0,0,0,0.30000000000000004
1492,-0.84729786038720356,0,0,-1,0,0,0,0.30000000000000004
1493,-0.84729786038720356,0,0,-1,0,0,0,0.30000000000000004
1494,-0.84729786038720356,0,0,-1,0,0,0,0.30000000000000004
1495,-0.84729786038720356,0,0,-1,0,0,0,0.30000000000000004
1496,-0.84729786038720356,0,0,-1,0,0,0,0.30000000000000004
1497,-0.84729786038720356,0,0,-1,0,0,0,0.30000000000000004
1498,-0.84729786038720356,0,0,-1,0,0,0,0.30000000000000004
1499,-0.84729786038720356,0,0,-1,0,0,0,0.30000000000000004
1500,-0.84729786038720356,0,0,-1,0,0,0,0.30000000000000004
1501,-0.84729786038720356,0,0,-1,0,0,0,0.30000000000000004
1502,-0.84729786038720356,0,0,-1,0,0,0,0.30000000000000004
1503,-0.84729786038720356,0,0,-1,0,0,0,0.30000000000000004
1504,-0.84729786038720356,0,0,-1,0,0,0,0.30000000000000004
1505,-0.84729786038720356,0,0,-1,0,0,0,0.30000000000000004
1506,-0.84729786038720356,0,0,-1,0,0,0,0.30000000000000004
1507,-0.84729786038720356,0,0,-1,0,0,0,0.30000000000000004
1508,-0.84729786038720356,0,0,-1,0,0,0,0.30000000000000004
1509,-0.84729786038720356,0,0,-1,0,0,0,0.30000000000000004
1510,-0.84729786038720356,0,0,-1,0,0,0,0.30000000000000004
1511,-0.84729786038720356,0,0,-1,0,0,0,0.30000000000000004
1512,-0.84729786038720356,0,0,-1,0,0,0,0.30000000000000004
1513,-0.84729786038720356,0,0,-1,0,0,0,0.30000000000000004
1514,-0.84729786038720356,0,0,-1,0,0,0,0.30000000000000004
1515,-0.84729786038720356,0,0,-1,0,0,0,0.30000000000000004
1516,-0.84729786038720356,0,0,-1,0,0,0,0.30000000000000004
1517,-0.84729786038720356,0,0,-1,0,0,0,0.30000000000000004
1518,-0.84729786038720356,0,0,-1,0,0,0,0.30000000000000004
1519,-0.84729786038720356,0,0,-1,0,0,0,0.30000000000000004
1520,-0.84729786038720356,0,0,-1,0,0,0,0.30000000000000004
1521,-0.84729786038720356,0,0,-1,0,0,0,0.30000000000000004
1522,-0.84729786038720356,0,0,-1,0,0,0,0.30000000000000004
1523,-0.84729786038720356,0,0,-1,0,0,0,0.30000000000000004
1524,-0.84729786038720356,0,0,-1,0,0,0,0.30000000000000004
1525,-0.84729786038720356,0,0,-1,0,0,0,0.30000000000000004
1526,-0.84729786038720356,0,0,-1,0,0,0,0.30000000000000004
1527,-0.84729786038720356,0,0,-1,0,0,0,0.30000000000000004
1528,-0.84729786038720356,0,0,-1,0,0,0,0.30000000000000004
1529,-0.84729786038720356,0,0,-1,0,0,0,0.30000000000000004
1530,-0.84729786038720356,0,0,-1,0,0,0,0.30000000000000004
1531,-0.84729786038720356,0,0,-1,0,0,0,0.30000000000000004
1532,-0.84729786038720356,0,0,-1,0,0,0,0.30000000000000004
1533,-0.84729786038720356,0,0,-1,0,0,0,0.30000000000000004
1534,-0.84729786038720356,0,0,-1,0,0,0,0.30000000000000004
1535,-0.84729786038720356,0,0,-1,0,0,0,0.30000000000000004
1536,-0.84729786038720356,0,0,-1,0,0,0,0.30000000000000004
1537,-0.84729786038720356,0,0,-1,0,0,0,0.30000000000000004
1538,-0.84729786038720356,0,0,-1,0,0,0,0.30000000000000004
1539,-0.84729786038720356,0,0,-1,0,0,0,0.30000000000000004
1540,-0.84729786038720356,0,0,-1,0,0,0,0.30000000000000004
1541,-0.84729786038720356,0,0,-1,0,0,0,0.30000000000000004
1542,-0.84729786038720356,0,0,-1,0,0,0,0.30000000000000004
1543,-0.84729786038720356,0,0,-1,0,0,0,0.30000000000000004
1544,-0.84729786038720356,0,0,-1,0,0,0,0.30000000000000004
1545,-0.84729786038720356,0,0,-1,0,0,0,0.30000000000000004
1546,-0.84729786038720356,0,0,-1,0,0,0,0.30000000000000004
1547,-0.84729786038720356,0,0,-1,0,0,0,0.30000000000000004
1548,-0.84729786038720356,0,0,-1,0,0,0,0.30000000000000004
1549,-0.84729786038720356,0,0,-1,0,0,0,0.30000000000000004
1550,-0.84729786038720356,0,0,-1,0,0,0,0.30000000000000004
