source_index,source_id,replicate_index,seed,run_id,cube_sha256,P_G1A_run_id,P_E2_run_id
0,pmfs_1_12,0,2026105001,pmfs_1_12/rep_01_seed_2026105001,82cdcff42f2c8858b0f4f2e10998a01120fd5eed982f011bfce31659d628d118,/home/zyc/cess_d1r_168x16_reference_20260925/pmfs_1_12/rep_01_seed_2026105001/spatial/concentration.npy,/home/zyc/cess_d1r_168x16_reference_20260925/pmfs_1_12/rep_01_seed_2026105001/spatial/concentration.npy
0,pmfs_1_12,1,2026105002,pmfs_1_12/rep_02_seed_2026105002,f6be1168acbe1b1d44333adec6c77d873e9084160b7535cc970e8aa724c36d1c,/home/zyc/cess_d1r_168x16_reference_20260925/pmfs_1_12/rep_02_seed_2026105002/spatial/concentration.npy,/home/zyc/cess_d1r_168x16_reference_20260925/pmfs_1_12/rep_02_seed_2026105002/spatial/concentration.npy
0,pmfs_1_12,2,2026105003,pmfs_1_12/rep_03_seed_2026105003,2a01d3a8fe7f9694f989fa3a7f4b7e671105663000453affd1440f05b910f7cf,/home/zyc/cess_d1r_168x16_reference_20260925/pmfs_1_12/rep_03_seed_2026105003/spatial/concentration.npy,/home/zyc/cess_d1r_168x16_reference_20260925/pmfs_1_12/rep_03_seed_2026105003/spatial/concentration.npy
0,pmfs_1_12,3,2026105004,pmfs_1_12/rep_04_seed_2026105004,d3d4bea507e952b6d6176023a4a12cae145ab52390c75ff2ba9af5eaf088fe62,/home/zyc/cess_d1r_168x16_reference_20260925/pmfs_1_12/rep_04_seed_2026105004/spatial/concentration.npy,/home/zyc/cess_d1r_168x16_reference_20260925/pmfs_1_12/rep_04_seed_2026105004/spatial/concentration.npy
0,pmfs_1_12,4,2026105005,pmfs_1_12/rep_05_seed_2026105005,00638bca4aede3bf84270862fc24b2217d740a1c7c5f5d06ea7373bf12c979c6,/home/zyc/cess_d1r_168x16_reference_20260925/pmfs_1_12/rep_05_seed_2026105005/spatial/concentration.npy,/home/zyc/cess_d1r_168x16_reference_20260925/pmfs_1_12/rep_05_seed_2026105005/spatial/concentration.npy
0,pmfs_1_12,5,2026105006,pmfs_1_12/rep_06_seed_2026105006,30538e46bba3a8ee4cc7014cdb07f72f7493d3ca34d5498660aabea633715a70,/home/zyc/cess_d1r_168x16_reference_20260925/pmfs_1_12/rep_06_seed_2026105006/spatial/concentration.npy,/home/zyc/cess_d1r_168x16_reference_20260925/pmfs_1_12/rep_06_seed_2026105006/spatial/concentration.npy
0,pmfs_1_12,6,2026105007,pmfs_1_12/rep_07_seed_2026105007,efd75b28b0bc1b057be3b10384259cc90fe5322d09721f459c74f559aa0e8c67,/home/zyc/cess_d1r_168x16_reference_20260925/pmfs_1_12/rep_07_seed_2026105007/spatial/concentration.npy,/home/zyc/cess_d1r_168x16_reference_20260925/pmfs_1_12/rep_07_seed_2026105007/spatial/concentration.npy
0,pmfs_1_12,7,2026105008,pmfs_1_12/rep_08_seed_2026105008,1a59d6f9ad55f9486c3e4dd768d0378cdbd343c3c0f6ddfe1c6053ea133acf86,/home/zyc/cess_d1r_168x16_reference_20260925/pmfs_1_12/rep_08_seed_2026105008/spatial/concentration.npy,/home/zyc/cess_d1r_168x16_reference_20260925/pmfs_1_12/rep_08_seed_2026105008/spatial/concentration.npy
0,pmfs_1_12,8,2026105009,pmfs_1_12/rep_09_seed_2026105009,2c0435bb306296c5e09879224bcda849671d94e7ad263a05c0c60f91ed3bffc8,/home/zyc/cess_d1r_168x16_reference_20260925/pmfs_1_12/rep_09_seed_2026105009/spatial/concentration.npy,/home/zyc/cess_d1r_168x16_reference_20260925/pmfs_1_12/rep_09_seed_2026105009/spatial/concentration.npy
0,pmfs_1_12,9,2026105010,pmfs_1_12/rep_10_seed_2026105010,59ab57fb5f651f01266388dba6dd3062507325b8e1f5283d3b31b63e6ab1adeb,/home/zyc/cess_d1r_168x16_reference_20260925/pmfs_1_12/rep_10_seed_2026105010/spatial/concentration.npy,/home/zyc/cess_d1r_168x16_reference_20260925/pmfs_1_12/rep_10_seed_2026105010/spatial/concentration.npy
0,pmfs_1_12,10,2026105011,pmfs_1_12/rep_11_seed_2026105011,d2d38d9a90e6b0f101d0e093d503c5a0195468401e5f67522cb59661838e5a7e,/home/zyc/cess_d1r_168x16_reference_20260925/pmfs_1_12/rep_11_seed_2026105011/spatial/concentration.npy,/home/zyc/cess_d1r_168x16_reference_20260925/pmfs_1_12/rep_11_seed_2026105011/spatial/concentration.npy
0,pmfs_1_12,11,2026105012,pmfs_1_12/rep_12_seed_2026105012,1085059eade4a0a2ff0db977e2af5667167729e4aff5f343d5cc0442a61fecc8,/home/zyc/cess_d1r_168x16_reference_20260925/pmfs_1_12/rep_12_seed_2026105012/spatial/concentration.npy,/home/zyc/cess_d1r_168x16_reference_20260925/pmfs_1_12/rep_12_seed_2026105012/spatial/concentration.npy
0,pmfs_1_12,12,2026105013,pmfs_1_12/rep_13_seed_2026105013,d5772e87da76fb2c7a9c90b6b6b200293a1d9fdbc875f6fe1c61e66826ab89c6,/home/zyc/cess_d1r_168x16_reference_20260925/pmfs_1_12/rep_13_seed_2026105013/spatial/concentration.npy,/home/zyc/cess_d1r_168x16_reference_20260925/pmfs_1_12/rep_13_seed_2026105013/spatial/concentration.npy
0,pmfs_1_12,13,2026105014,pmfs_1_12/rep_14_seed_2026105014,9a37c7da765fb2c422243234caea67db7be54759b0c85635406ecc47f0e5bf8d,/home/zyc/cess_d1r_168x16_reference_20260925/pmfs_1_12/rep_14_seed_2026105014/spatial/concentration.npy,/home/zyc/cess_d1r_168x16_reference_20260925/pmfs_1_12/rep_14_seed_2026105014/spatial/concentration.npy
0,pmfs_1_12,14,2026105015,pmfs_1_12/rep_15_seed_2026105015,267a2d2a089abaa0a27b2df2a32794ff9dc1669aa110333cb19c2a20d2caf2a9,/home/zyc/cess_d1r_168x16_reference_20260925/pmfs_1_12/rep_15_seed_2026105015/spatial/concentration.npy,/home/zyc/cess_d1r_168x16_reference_20260925/pmfs_1_12/rep_15_seed_2026105015/spatial/concentration.npy
0,pmfs_1_12,15,2026105016,pmfs_1_12/rep_16_seed_2026105016,bbed050c7d345fa6622f2d48dcf7481221b221a53c69679b84d42bd5920e0e3d,/home/zyc/cess_d1r_168x16_reference_20260925/pmfs_1_12/rep_16_seed_2026105016/spatial/concentration.npy,/home/zyc/cess_d1r_168x16_reference_20260925/pmfs_1_12/rep_16_seed_2026105016/spatial/concentration.npy
1,pmfs_1_13,0,2026105017,pmfs_1_13/rep_01_seed_2026105017,332ad6b26bc4e8a8f680d5e313b2a88086a91d1220ac9053027ebc6f606e7d82,/home/zyc/cess_d1r_168x16_reference_20260925/pmfs_1_13/rep_01_seed_2026105017/spatial/concentration.npy,/home/zyc/cess_d1r_168x16_reference_20260925/pmfs_1_13/rep_01_seed_2026105017/spatial/concentration.npy
1,pmfs_1_13,1,2026105018,pmfs_1_13/rep_02_seed_2026105018,89043f206913668cd4792c317f926b64e219684b90603a4dea2cc07aba1397ae,/home/zyc/cess_d1r_168x16_reference_20260925/pmfs_1_13/rep_02_seed_2026105018/spatial/concentration.npy,/home/zyc/cess_d1r_168x16_reference_20260925/pmfs_1_13/rep_02_seed_2026105018/spatial/concentration.npy
1,pmfs_1_13,2,2026105019,pmfs_1_13/rep_03_seed_2026105019,72f236ed1313b72f2e454f52bec6ca1595b8992e5f0439d4877d8690a1655acc,/home/zyc/cess_d1r_168x16_reference_20260925/pmfs_1_13/rep_03_seed_2026105019/spatial/concentration.npy,/home/zyc/cess_d1r_168x16_reference_20260925/pmfs_1_13/rep_03_seed_2026105019/spatial/concentration.npy
1,pmfs_1_13,3,2026105020,pmfs_1_13/rep_04_seed_2026105020,a515fcce135ba1ad4ec4930fe5cf64d0453e83df4d1b247d9f124930cadd0a08,/home/zyc/cess_d1r_168x16_reference_20260925/pmfs_1_13/rep_04_seed_2026105020/spatial/concentration.npy,/home/zyc/cess_d1r_168x16_reference_20260925/pmfs_1_13/rep_04_seed_2026105020/spatial/concentration.npy
1,pmfs_1_13,4,2026105021,pmfs_1_13/rep_05_seed_2026105021,22fc7c578beea30615886cb839f687fa2830197544b7f2c96c271801f70451c8,/home/zyc/cess_d1r_168x16_reference_20260925/pmfs_1_13/rep_05_seed_2026105021/spatial/concentration.npy,/home/zyc/cess_d1r_168x16_reference_20260925/pmfs_1_13/rep_05_seed_2026105021/spatial/concentration.npy
1,pmfs_1_13,5,2026105022,pmfs_1_13/rep_06_seed_2026105022,f91aad91f0962f3e3212b40fd4fb4be52cf21e5b74a436b39c96dadf0aa84258,/home/zyc/cess_d1r_168x16_reference_20260925/pmfs_1_13/rep_06_seed_2026105022/spatial/concentration.npy,/home/zyc/cess_d1r_168x16_reference_20260925/pmfs_1_13/rep_06_seed_2026105022/spatial/concentration.npy
1,pmfs_1_13,6,2026105023,pmfs_1_13/rep_07_seed_2026105023,5e3d2b5c9d70ab3f13b6027c64c86777e036510b3bf650dbbd740a9b9578518b,/home/zyc/cess_d1r_168x16_reference_20260925/pmfs_1_13/rep_07_seed_2026105023/spatial/concentration.npy,/home/zyc/cess_d1r_168x16_reference_20260925/pmfs_1_13/rep_07_seed_2026105023/spatial/concentration.npy
1,pmfs_1_13,7,2026105024,pmfs_1_13/rep_08_seed_2026105024,d9c71ffe0a9665429e3b577322267ab2f0a88c25203e21a0c09843b631ed8cc7,/home/zyc/cess_d1r_168x16_reference_20260925/pmfs_1_13/rep_08_seed_2026105024/spatial/concentration.npy,/home/zyc/cess_d1r_168x16_reference_20260925/pmfs_1_13/rep_08_seed_2026105024/spatial/concentration.npy
1,pmfs_1_13,8,2026105025,pmfs_1_13/rep_09_seed_2026105025,15f3c39d58a0ea5ef1070a1d239fdbe2da630d274c856b88b276e36a850c8b0d,/home/zyc/cess_d1r_168x16_reference_20260925/pmfs_1_13/rep_09_seed_2026105025/spatial/concentration.npy,/home/zyc/cess_d1r_168x16_reference_20260925/pmfs_1_13/rep_09_seed_2026105025/spatial/concentration.npy
1,pmfs_1_13,9,2026105026,pmfs_1_13/rep_10_seed_2026105026,bbfaa7f3346c129927d3699b78811716f240aa604619c2deec0730c7659881e5,/home/zyc/cess_d1r_168x16_reference_20260925/pmfs_1_13/rep_10_seed_2026105026/spatial/concentration.npy,/home/zyc/cess_d1r_168x16_reference_20260925/pmfs_1_13/rep_10_seed_2026105026/spatial/concentration.npy
1,pmfs_1_13,10,2026105027,pmfs_1_13/rep_11_seed_2026105027,b1f8e8fdf0f8a9e17569f0e3347183a63418ecfc293c81256efe25ad126ebc6c,/home/zyc/cess_d1r_168x16_reference_20260925/pmfs_1_13/rep_11_seed_2026105027/spatial/concentration.npy,/home/zyc/cess_d1r_168x16_reference_20260925/pmfs_1_13/rep_11_seed_2026105027/spatial/concentration.npy
1,pmfs_1_13,11,2026105028,pmfs_1_13/rep_12_seed_2026105028,64de3050158abe10ae71ad047605e660add607b5587ff12a579bd5b7ba26d966,/home/zyc/cess_d1r_168x16_reference_20260925/pmfs_1_13/rep_12_seed_2026105028/spatial/concentration.npy,/home/zyc/cess_d1r_168x16_reference_20260925/pmfs_1_13/rep_12_seed_2026105028/spatial/concentration.npy
1,pmfs_1_13,12,2026105029,pmfs_1_13/rep_13_seed_2026105029,c17d0bc5f2a2110021ae827526055c281b4fa2a39d7e0ea42c830212bb1b5ada,/home/zyc/cess_d1r_168x16_reference_20260925/pmfs_1_13/rep_13_seed_2026105029/spatial/concentration.npy,/home/zyc/cess_d1r_168x16_reference_20260925/pmfs_1_13/rep_13_seed_2026105029/spatial/concentration.npy
1,pmfs_1_13,13,2026105030,pmfs_1_13/rep_14_seed_2026105030,ede751437d58d4a55ae04b03a5a8f4fc64722012101f58a542724ac5c9e6de9d,/home/zyc/cess_d1r_168x16_reference_20260925/pmfs_1_13/rep_14_seed_2026105030/spatial/concentration.npy,/home/zyc/cess_d1r_168x16_reference_20260925/pmfs_1_13/rep_14_seed_2026105030/spatial/concentration.npy
1,pmfs_1_13,14,2026105031,pmfs_1_13/rep_15_seed_2026105031,fef7c2f8ba66820e996bb9b5d65c7ccb8e45cf444935f0cecfd9ce0af12f9804,/home/zyc/cess_d1r_168x16_reference_20260925/pmfs_1_13/rep_15_seed_2026105031/spatial/concentration.npy,/home/zyc/cess_d1r_168x16_reference_20260925/pmfs_1_13/rep_15_seed_2026105031/spatial/concentration.npy
1,pmfs_1_13,15,2026105032,pmfs_1_13/rep_16_seed_2026105032,365004a56706c058f459a49fd9f6a2209888059bb6706598ebc425c06a3a493c,/home/zyc/cess_d1r_168x16_reference_20260925/pmfs_1_13/rep_16_seed_2026105032/spatial/concentration.npy,/home/zyc/cess_d1r_168x16_reference_20260925/pmfs_1_13/rep_16_seed_2026105032/spatial/concentration.npy
2,pmfs_1_14,0,2026105033,pmfs_1_14/rep_01_seed_2026105033,e502797d47a1d74f9f2c8d7a40fb2297f3aa7c7bc05b23a31c7b03d7068dc015,/home/zyc/cess_d1r_168x16_reference_20260925/pmfs_1_14/rep_01_seed_2026105033/spatial/concentration.npy,/home/zyc/cess_d1r_168x16_reference_20260925/pmfs_1_14/rep_01_seed_2026105033/spatial/concentration.npy
2,pmfs_1_14,1,2026105034,pmfs_1_14/rep_02_seed_2026105034,444ca995237d205559506600ce8991d8b6068b002a55a6bab64949f0d46de2b5,/home/zyc/cess_d1r_168x16_reference_20260925/pmfs_1_14/rep_02_seed_2026105034/spatial/concentration.npy,/home/zyc/cess_d1r_168x16_reference_20260925/pmfs_1_14/rep_02_seed_2026105034/spatial/concentration.npy
2,pmfs_1_14,2,2026105035,pmfs_1_14/rep_03_seed_2026105035,47d1c95f50a6182636ccde5918e23d21d4c20c39c744e72ad2068b0421154294,/home/zyc/cess_d1r_168x16_reference_20260925/pmfs_1_14/rep_03_seed_2026105035/spatial/concentration.npy,/home/zyc/cess_d1r_168x16_reference_20260925/pmfs_1_14/rep_03_seed_2026105035/spatial/concentration.npy
2,pmfs_1_14,3,2026105036,pmfs_1_14/rep_04_seed_2026105036,3c4d443d5d6b84f17b2d51a2e1c12807cfbf8dbee29d7ca20bc1bb73bd2e7e50,/home/zyc/cess_d1r_168x16_reference_20260925/pmfs_1_14/rep_04_seed_2026105036/spatial/concentration.npy,/home/zyc/cess_d1r_168x16_reference_20260925/pmfs_1_14/rep_04_seed_2026105036/spatial/concentration.npy
2,pmfs_1_14,4,2026105037,pmfs_1_14/rep_05_seed_2026105037,d8cd4b3da432f49c216b76fdcf6a0eed29dce3bf4b8a286d7f2e1ac936dd3246,/home/zyc/cess_d1r_168x16_reference_20260925/pmfs_1_14/rep_05_seed_2026105037/spatial/concentration.npy,/home/zyc/cess_d1r_168x16_reference_20260925/pmfs_1_14/rep_05_seed_2026105037/spatial/concentration.npy
2,pmfs_1_14,5,2026105038,pmfs_1_14/rep_06_seed_2026105038,e42ab9835233347607a2153fc42ff7f694ef421442acc08b0fc47a66ff7f091e,/home/zyc/cess_d1r_168x16_reference_20260925/pmfs_1_14/rep_06_seed_2026105038/spatial/concentration.npy,/home/zyc/cess_d1r_168x16_reference_20260925/pmfs_1_14/rep_06_seed_2026105038/spatial/concentration.npy
2,pmfs_1_14,6,2026105039,pmfs_1_14/rep_07_seed_2026105039,34c9b916e1b463c17f644442a1c653976d3eba625dcf2505cd1e008d164cdb2b,/home/zyc/cess_d1r_168x16_reference_20260925/pmfs_1_14/rep_07_seed_2026105039/spatial/concentration.npy,/home/zyc/cess_d1r_168x16_reference_20260925/pmfs_1_14/rep_07_seed_2026105039/spatial/concentration.npy
2,pmfs_1_14,7,2026105040,pmfs_1_14/rep_08_seed_2026105040,33e7db91e0721ff8b04c8539d6c4e1ae6d1cab5d02c81356292079aa6d758b00,/home/zyc/cess_d1r_168x16_reference_20260925/pmfs_1_14/rep_08_seed_2026105040/spatial/concentration.npy,/home/zyc/cess_d1r_168x16_reference_20260925/pmfs_1_14/rep_08_seed_2026105040/spatial/concentration.npy
2,pmfs_1_14,8,2026105041,pmfs_1_14/rep_09_seed_2026105041,1ed3c305bb3e547bdf090b68ca1acf4600ef9c7535220b530c094b6a99c79d77,/home/zyc/cess_d1r_168x16_reference_20260925/pmfs_1_14/rep_09_seed_2026105041/spatial/concentration.npy,/home/zyc/cess_d1r_168x16_reference_20260925/pmfs_1_14/rep_09_seed_2026105041/spatial/concentration.npy
2,pmfs_1_14,9,2026105042,pmfs_1_14/rep_10_seed_2026105042,c79a83b9dbc26e105033c3e7c85673b6adaec9fdcfe376e3232f335e23c1ef26,/home/zyc/cess_d1r_168x16_reference_20260925/pmfs_1_14/rep_10_seed_2026105042/spatial/concentration.npy,/home/zyc/cess_d1r_168x16_reference_20260925/pmfs_1_14/rep_10_seed_2026105042/spatial/concentration.npy
2,pmfs_1_14,10,2026105043,pmfs_1_14/rep_11_seed_2026105043,be69430ed2f3df9d8959ce6153a27d8d61f751a0b7343528c592067d672505ad,/home/zyc/cess_d1r_168x16_reference_20260925/pmfs_1_14/rep_11_seed_2026105043/spatial/concentration.npy,/home/zyc/cess_d1r_168x16_reference_20260925/pmfs_1_14/rep_11_seed_2026105043/spatial/concentration.npy
2,pmfs_1_14,11,2026105044,pmfs_1_14/rep_12_seed_2026105044,77ca7daa546ec71f5075eca6e1b436b594868fb9c4a8d51d02c3995c28e90410,/home/zyc/cess_d1r_168x16_reference_20260925/pmfs_1_14/rep_12_seed_2026105044/spatial/concentration.npy,/home/zyc/cess_d1r_168x16_reference_20260925/pmfs_1_14/rep_12_seed_2026105044/spatial/concentration.npy
2,pmfs_1_14,12,2026105045,pmfs_1_14/rep_13_seed_2026105045,f5d74a818c74decadf5386b8d02bab1952a2fd36d891068e5b7dbe7488b5f476,/home/zyc/cess_d1r_168x16_reference_20260925/pmfs_1_14/rep_13_seed_2026105045/spatial/concentration.npy,/home/zyc/cess_d1r_168x16_reference_20260925/pmfs_1_14/rep_13_seed_2026105045/spatial/concentration.npy
2,pmfs_1_14,13,2026105046,pmfs_1_14/rep_14_seed_2026105046,d13379c43c155f0723548f34fe181e0412daceebc6e18bd456f5a94158e1513f,/home/zyc/cess_d1r_168x16_reference_20260925/pmfs_1_14/rep_14_seed_2026105046/spatial/concentration.npy,/home/zyc/cess_d1r_168x16_reference_20260925/pmfs_1_14/rep_14_seed_2026105046/spatial/concentration.npy
2,pmfs_1_14,14,2026105047,pmfs_1_14/rep_15_seed_2026105047,92f3ddf1dcd432bb9e83f51d071b5958703b069a7a84d97e8b7cba10fddf6be6,/home/zyc/cess_d1r_168x16_reference_20260925/pmfs_1_14/rep_15_seed_2026105047/spatial/concentration.npy,/home/zyc/cess_d1r_168x16_reference_20260925/pmfs_1_14/rep_15_seed_2026105047/spatial/concentration.npy
2,pmfs_1_14,15,2026105048,pmfs_1_14/rep_16_seed_2026105048,37d93254de77b6724cbdd3f1add9c90bc6835b6c22fab22196c5601f0893fc8b,/home/zyc/cess_d1r_168x16_reference_20260925/pmfs_1_14/rep_16_seed_2026105048/spatial/concentration.npy,/home/zyc/cess_d1r_168x16_reference_20260925/pmfs_1_14/rep_16_seed_2026105048/spatial/concentration.npy
3,pmfs_1_15,0,2026105049,pmfs_1_15/rep_01_seed_2026105049,c34a8d06aa37978423b37883f4bb2480189ca0e3dc21bfc7533b0fffcd4b519b,/home/zyc/cess_d1r_168x16_reference_20260925/pmfs_1_15/rep_01_seed_2026105049/spatial/concentration.npy,/home/zyc/cess_d1r_168x16_reference_20260925/pmfs_1_15/rep_01_seed_2026105049/spatial/concentration.npy
3,pmfs_1_15,1,2026105050,pmfs_1_15/rep_02_seed_2026105050,f96ee5d2ac2de36af8ee546caf609f0c6b49a0d65f44cab6283b6ccad669b6a8,/home/zyc/cess_d1r_168x16_reference_20260925/pmfs_1_15/rep_02_seed_2026105050/spatial/concentration.npy,/home/zyc/cess_d1r_168x16_reference_20260925/pmfs_1_15/rep_02_seed_2026105050/spatial/concentration.npy
3,pmfs_1_15,2,2026105051,pmfs_1_15/rep_03_seed_2026105051,938fa946b3ff29c0ab793e8039455f0f927d6ad8797f3bc96eeb4117cd027e5e,/home/zyc/cess_d1r_168x16_reference_20260925/pmfs_1_15/rep_03_seed_2026105051/spatial/concentration.npy,/home/zyc/cess_d1r_168x16_reference_20260925/pmfs_1_15/rep_03_seed_2026105051/spatial/concentration.npy
3,pmfs_1_15,3,2026105052,pmfs_1_15/rep_04_seed_2026105052,a6e3978eb048e0d26883b422a31bef9317fa5a747d4b2b0cf406824b7bc4f761,/home/zyc/cess_d1r_168x16_reference_20260925/pmfs_1_15/rep_04_seed_2026105052/spatial/concentration.npy,/home/zyc/cess_d1r_168x16_reference_20260925/pmfs_1_15/rep_04_seed_2026105052/spatial/concentration.npy
3,pmfs_1_15,4,2026105053,pmfs_1_15/rep_05_seed_2026105053,df9b26b8ec1533dcb25cd948703d77eccf2e7f69ea7f21113ba138bbe1017ca1,/home/zyc/cess_d1r_168x16_reference_20260925/pmfs_1_15/rep_05_seed_2026105053/spatial/concentration.npy,/home/zyc/cess_d1r_168x16_reference_20260925/pmfs_1_15/rep_05_seed_2026105053/spatial/concentration.npy
3,pmfs_1_15,5,2026105054,pmfs_1_15/rep_06_seed_2026105054,4fc6b56f83b49f6147d72eb65a19350e71febb4f4f31fc1b06b4dff9d1b26579,/home/zyc/cess_d1r_168x16_reference_20260925/pmfs_1_15/rep_06_seed_2026105054/spatial/concentration.npy,/home/zyc/cess_d1r_168x16_reference_20260925/pmfs_1_15/rep_06_seed_2026105054/spatial/concentration.npy
3,pmfs_1_15,6,2026105055,pmfs_1_15/rep_07_seed_2026105055,cedd9e3d8179d961551182137dc6ff7e68ae629bf7753a4347ec921c264cea25,/home/zyc/cess_d1r_168x16_reference_20260925/pmfs_1_15/rep_07_seed_2026105055/spatial/concentration.npy,/home/zyc/cess_d1r_168x16_reference_20260925/pmfs_1_15/rep_07_seed_2026105055/spatial/concentration.npy
3,pmfs_1_15,7,2026105056,pmfs_1_15/rep_08_seed_2026105056,a011d8407e94aba258e85c6f8204e49d823b0d117ca8e23ff0ac98557f478d5c,/home/zyc/cess_d1r_168x16_reference_20260925/pmfs_1_15/rep_08_seed_2026105056/spatial/concentration.npy,/home/zyc/cess_d1r_168x16_reference_20260925/pmfs_1_15/rep_08_seed_2026105056/spatial/concentration.npy
3,pmfs_1_15,8,2026105057,pmfs_1_15/rep_09_seed_2026105057,fe6319bf58393021987418054c031e3417978a464cdd7bacfbcefe5134b92c75,/home/zyc/cess_d1r_168x16_reference_20260925/pmfs_1_15/rep_09_seed_2026105057/spatial/concentration.npy,/home/zyc/cess_d1r_168x16_reference_20260925/pmfs_1_15/rep_09_seed_2026105057/spatial/concentration.npy
3,pmfs_1_15,9,2026105058,pmfs_1_15/rep_10_seed_2026105058,8b86b8e621ede3441c7600b7648e6e45d61533e6b238cb075736d97b3c0257e9,/home/zyc/cess_d1r_168x16_reference_20260925/pmfs_1_15/rep_10_seed_2026105058/spatial/concentration.npy,/home/zyc/cess_d1r_168x16_reference_20260925/pmfs_1_15/rep_10_seed_2026105058/spatial/concentration.npy
3,pmfs_1_15,10,2026105059,pmfs_1_15/rep_11_seed_2026105059,92bb1a4f484f244074c5411ba114c251d305f7327d63b6ffd965451b164c0001,/home/zyc/cess_d1r_168x16_reference_20260925/pmfs_1_15/rep_11_seed_2026105059/spatial/concentration.npy,/home/zyc/cess_d1r_168x16_reference_20260925/pmfs_1_15/rep_11_seed_2026105059/spatial/concentration.npy
3,pmfs_1_15,11,2026105060,pmfs_1_15/rep_12_seed_2026105060,ddd1c6037942d390537b9f0772ff1dd64b3d18d1492b9b9fcb8b4b96a7379e8c,/home/zyc/cess_d1r_168x16_reference_20260925/pmfs_1_15/rep_12_seed_2026105060/spatial/concentration.npy,/home/zyc/cess_d1r_168x16_reference_20260925/pmfs_1_15/rep_12_seed_2026105060/spatial/concentration.npy
3,pmfs_1_15,12,2026105061,pmfs_1_15/rep_13_seed_2026105061,bbf16f2a870624686487414307efd36b2231a8c96aab66b3fb66f20ba162f1b9,/home/zyc/cess_d1r_168x16_reference_20260925/pmfs_1_15/rep_13_seed_2026105061/spatial/concentration.npy,/home/zyc/cess_d1r_168x16_reference_20260925/pmfs_1_15/rep_13_seed_2026105061/spatial/concentration.npy
3,pmfs_1_15,13,2026105062,pmfs_1_15/rep_14_seed_2026105062,15998be6a3b94eceae57cb24a6a20149a27a01575aaa0383090dfbe3b7809441,/home/zyc/cess_d1r_168x16_reference_20260925/pmfs_1_15/rep_14_seed_2026105062/spatial/concentration.npy,/home/zyc/cess_d1r_168x16_reference_20260925/pmfs_1_15/rep_14_seed_2026105062/spatial/concentration.npy
3,pmfs_1_15,14,2026105063,pmfs_1_15/rep_15_seed_2026105063,51ab1f0dcbae3cce9e2134df48e606ff787334e954bc9dd85b78a4dfb651e8df,/home/zyc/cess_d1r_168x16_reference_20260925/pmfs_1_15/rep_15_seed_2026105063/spatial/concentration.npy,/home/zyc/cess_d1r_168x16_reference_20260925/pmfs_1_15/rep_15_seed_2026105063/spatial/concentration.npy
3,pmfs_1_15,15,2026105064,pmfs_1_15/rep_16_seed_2026105064,323f197f808f51abde636e9e4f0cf330eb1a4a10541aaac689999a7b798c3130,/home/zyc/cess_d1r_168x16_reference_20260925/pmfs_1_15/rep_16_seed_2026105064/spatial/concentration.npy,/home/zyc/cess_d1r_168x16_reference_20260925/pmfs_1_15/rep_16_seed_2026105064/spatial/concentration.npy
4,pmfs_1_16,0,2026105065,pmfs_1_16/rep_01_seed_2026105065,71a7db3455189ebdd44469d49c20e28c84442bd38a27b6773eeddfa6a92e3e77,/home/zyc/cess_d1r_168x16_reference_20260925/pmfs_1_16/rep_01_seed_2026105065/spatial/concentration.npy,/home/zyc/cess_d1r_168x16_reference_20260925/pmfs_1_16/rep_01_seed_2026105065/spatial/concentration.npy
4,pmfs_1_16,1,2026105066,pmfs_1_16/rep_02_seed_2026105066,46f02f788d0a3c9462b832a0d78472f64e35ba9342faacd4b560c0b106d74ce2,/home/zyc/cess_d1r_168x16_reference_20260925/pmfs_1_16/rep_02_seed_2026105066/spatial/concentration.npy,/home/zyc/cess_d1r_168x16_reference_20260925/pmfs_1_16/rep_02_seed_2026105066/spatial/concentration.npy
4,pmfs_1_16,2,2026105067,pmfs_1_16/rep_03_seed_2026105067,775c7b1d1d75ac66d4d3b46693d039cd54b6c55a30e7219c1a6d244d79d5f4b1,/home/zyc/cess_d1r_168x16_reference_20260925/pmfs_1_16/rep_03_seed_2026105067/spatial/concentration.npy,/home/zyc/cess_d1r_168x16_reference_20260925/pmfs_1_16/rep_03_seed_2026105067/spatial/concentration.npy
4,pmfs_1_16,3,2026105068,pmfs_1_16/rep_04_seed_2026105068,110159f782b461ae410a04e7c0bc11f14342b137820b1edaa252de50bfc805ac,/home/zyc/cess_d1r_168x16_reference_20260925/pmfs_1_16/rep_04_seed_2026105068/spatial/concentration.npy,/home/zyc/cess_d1r_168x16_reference_20260925/pmfs_1_16/rep_04_seed_2026105068/spatial/concentration.npy
4,pmfs_1_16,4,2026105069,pmfs_1_16/rep_05_seed_2026105069,ce9aad65fa888f8fde000b5b623e635a4cfd18f52dd8f129252a53efbaeac8f3,/home/zyc/cess_d1r_168x16_reference_20260925/pmfs_1_16/rep_05_seed_2026105069/spatial/concentration.npy,/home/zyc/cess_d1r_168x16_reference_20260925/pmfs_1_16/rep_05_seed_2026105069/spatial/concentration.npy
4,pmfs_1_16,5,2026105070,pmfs_1_16/rep_06_seed_2026105070,6d1d71c7585e7d0f96bc7ffdaa7c782e0f3f398bcb32e8a77bcb504dd506284a,/home/zyc/cess_d1r_168x16_reference_20260925/pmfs_1_16/rep_06_seed_2026105070/spatial/concentration.npy,/home/zyc/cess_d1r_168x16_reference_20260925/pmfs_1_16/rep_06_seed_2026105070/spatial/concentration.npy
4,pmfs_1_16,6,2026105071,pmfs_1_16/rep_07_seed_2026105071,416a66b210fc5892c932fece971d59d3dce469089fad188e7a2dcaaff8331c26,/home/zyc/cess_d1r_168x16_reference_20260925/pmfs_1_16/rep_07_seed_2026105071/spatial/concentration.npy,/home/zyc/cess_d1r_168x16_reference_20260925/pmfs_1_16/rep_07_seed_2026105071/spatial/concentration.npy
4,pmfs_1_16,7,2026105072,pmfs_1_16/rep_08_seed_2026105072,eaec9b05a1fea5e44ada2d9b93ade328d41f1b5821db549c7e24d123e2ae23de,/home/zyc/cess_d1r_168x16_reference_20260925/pmfs_1_16/rep_08_seed_2026105072/spatial/concentration.npy,/home/zyc/cess_d1r_168x16_reference_20260925/pmfs_1_16/rep_08_seed_2026105072/spatial/concentration.npy
4,pmfs_1_16,8,2026105073,pmfs_1_16/rep_09_seed_2026105073,ad6cb7ef364a88049e0d7526f2de607dd2c13be890a57e8f2eb7e385d42e0aad,/home/zyc/cess_d1r_168x16_reference_20260925/pmfs_1_16/rep_09_seed_2026105073/spatial/concentration.npy,/home/zyc/cess_d1r_168x16_reference_20260925/pmfs_1_16/rep_09_seed_2026105073/spatial/concentration.npy
4,pmfs_1_16,9,2026105074,pmfs_1_16/rep_10_seed_2026105074,a70156455180aa225758f444520f0a63a603b9d230459573778aed44cb01dde1,/home/zyc/cess_d1r_168x16_reference_20260925/pmfs_1_16/rep_10_seed_2026105074/spatial/concentration.npy,/home/zyc/cess_d1r_168x16_reference_20260925/pmfs_1_16/rep_10_seed_2026105074/spatial/concentration.npy
4,pmfs_1_16,10,2026105075,pmfs_1_16/rep_11_seed_2026105075,6d667ba3817c5cb418752d76ce1934413d1b8862ebaec38f294596a5df4f16b7,/home/zyc/cess_d1r_168x16_reference_20260925/pmfs_1_16/rep_11_seed_2026105075/spatial/concentration.npy,/home/zyc/cess_d1r_168x16_reference_20260925/pmfs_1_16/rep_11_seed_2026105075/spatial/concentration.npy
4,pmfs_1_16,11,2026105076,pmfs_1_16/rep_12_seed_2026105076,4c5a7d9397d8ebb4b86804cce9613ffee5e096a9e59f088024cae5546604e0fa,/home/zyc/cess_d1r_168x16_reference_20260925/pmfs_1_16/rep_12_seed_2026105076/spatial/concentration.npy,/home/zyc/cess_d1r_168x16_reference_20260925/pmfs_1_16/rep_12_seed_2026105076/spatial/concentration.npy
4,pmfs_1_16,12,2026105077,pmfs_1_16/rep_13_seed_2026105077,452f81c7945a71fd44b6842901b3b96c21ef8e2642adf3d1d875abbcb56a826b,/home/zyc/cess_d1r_168x16_reference_20260925/pmfs_1_16/rep_13_seed_2026105077/spatial/concentration.npy,/home/zyc/cess_d1r_168x16_reference_20260925/pmfs_1_16/rep_13_seed_2026105077/spatial/concentration.npy
4,pmfs_1_16,13,2026105078,pmfs_1_16/rep_14_seed_2026105078,7fc7ca025797b2d9553ee5b10f0d55ba91f75747bca7c494821f09759b86dfe5,/home/zyc/cess_d1r_168x16_reference_20260925/pmfs_1_16/rep_14_seed_2026105078/spatial/concentration.npy,/home/zyc/cess_d1r_168x16_reference_20260925/pmfs_1_16/rep_14_seed_2026105078/spatial/concentration.npy
4,pmfs_1_16,14,2026105079,pmfs_1_16/rep_15_seed_2026105079,7e3ddfa28c602ad92de8e03529eb328b957dcba1680382c5391987cb2373cc6d,/home/zyc/cess_d1r_168x16_reference_20260925/pmfs_1_16/rep_15_seed_2026105079/spatial/concentration.npy,/home/zyc/cess_d1r_168x16_reference_20260925/pmfs_1_16/rep_15_seed_2026105079/spatial/concentration.npy
4,pmfs_1_16,15,2026105080,pmfs_1_16/rep_16_seed_2026105080,66663f4d8f308659c7c64fe72629729f4a4c883a2b93ab37e498dc95ec7d2d3b,/home/zyc/cess_d1r_168x16_reference_20260925/pmfs_1_16/rep_16_seed_2026105080/spatial/concentration.npy,/home/zyc/cess_d1r_168x16_reference_20260925/pmfs_1_16/rep_16_seed_2026105080/spatial/concentration.npy
5,pmfs_1_17,0,2026105081,pmfs_1_17/rep_01_seed_2026105081,486b57bf9cda469ecfc0b4a285033dccb41a1531a728a29dcf7ce7a1b0bbeec8,/home/zyc/cess_d1r_168x16_reference_20260925/pmfs_1_17/rep_01_seed_2026105081/spatial/concentration.npy,/home/zyc/cess_d1r_168x16_reference_20260925/pmfs_1_17/rep_01_seed_2026105081/spatial/concentration.npy
5,pmfs_1_17,1,2026105082,pmfs_1_17/rep_02_seed_2026105082,cc5c1d84bb0a7a06a39d03a712e3b69726ffd5389e2687c3e2b2d72e92ea883c,/home/zyc/cess_d1r_168x16_reference_20260925/pmfs_1_17/rep_02_seed_2026105082/spatial/concentration.npy,/home/zyc/cess_d1r_168x16_reference_20260925/pmfs_1_17/rep_02_seed_2026105082/spatial/concentration.npy
5,pmfs_1_17,2,2026105083,pmfs_1_17/rep_03_seed_2026105083,dc18c75992127ecd32deefc3d3b8068713b27dfaab2a7231c5966b31e285f8e2,/home/zyc/cess_d1r_168x16_reference_20260925/pmfs_1_17/rep_03_seed_2026105083/spatial/concentration.npy,/home/zyc/cess_d1r_168x16_reference_20260925/pmfs_1_17/rep_03_seed_2026105083/spatial/concentration.npy
5,pmfs_1_17,3,2026105084,pmfs_1_17/rep_04_seed_2026105084,5a7aae42610f7a1122d4f948c89a78788bdb974a854058d9eb5298849727a99f,/home/zyc/cess_d1r_168x16_reference_20260925/pmfs_1_17/rep_04_seed_2026105084/spatial/concentration.npy,/home/zyc/cess_d1r_168x16_reference_20260925/pmfs_1_17/rep_04_seed_2026105084/spatial/concentration.npy
5,pmfs_1_17,4,2026105085,pmfs_1_17/rep_05_seed_2026105085,57985f79fbf5a055ed0dbdf3bd7b844108f3208a81dbc428a2b653b3a0e0bd16,/home/zyc/cess_d1r_168x16_reference_20260925/pmfs_1_17/rep_05_seed_2026105085/spatial/concentration.npy,/home/zyc/cess_d1r_168x16_reference_20260925/pmfs_1_17/rep_05_seed_2026105085/spatial/concentration.npy
5,pmfs_1_17,5,2026105086,pmfs_1_17/rep_06_seed_2026105086,661d73ea53ac787c7a2f1f0fb2d6a68eb790badbf99cc2f82a9282b4b1a1dc4e,/home/zyc/cess_d1r_168x16_reference_20260925/pmfs_1_17/rep_06_seed_2026105086/spatial/concentration.npy,/home/zyc/cess_d1r_168x16_reference_20260925/pmfs_1_17/rep_06_seed_2026105086/spatial/concentration.npy
5,pmfs_1_17,6,2026105087,pmfs_1_17/rep_07_seed_2026105087,0902f076fc3a7ceefe4b7a5f53ae8d02d41ebb45b7044f50335a6990d36bab37,/home/zyc/cess_d1r_168x16_reference_20260925/pmfs_1_17/rep_07_seed_2026105087/spatial/concentration.npy,/home/zyc/cess_d1r_168x16_reference_20260925/pmfs_1_17/rep_07_seed_2026105087/spatial/concentration.npy
5,pmfs_1_17,7,2026105088,pmfs_1_17/rep_08_seed_2026105088,d776b10fecdbd7d6555a5e8c2a13766dbb0214e80b0edbef9238b1336b0735fd,/home/zyc/cess_d1r_168x16_reference_20260925/pmfs_1_17/rep_08_seed_2026105088/spatial/concentration.npy,/home/zyc/cess_d1r_168x16_reference_20260925/pmfs_1_17/rep_08_seed_2026105088/spatial/concentration.npy
5,pmfs_1_17,8,2026105089,pmfs_1_17/rep_09_seed_2026105089,457c4fd35446fc6592cd1cc86aceeb82c744abfdf956c578f2d445e8a8129128,/home/zyc/cess_d1r_168x16_reference_20260925/pmfs_1_17/rep_09_seed_2026105089/spatial/concentration.npy,/home/zyc/cess_d1r_168x16_reference_20260925/pmfs_1_17/rep_09_seed_2026105089/spatial/concentration.npy
5,pmfs_1_17,9,2026105090,pmfs_1_17/rep_10_seed_2026105090,3966f6f47f8c4b5c4b61c7ae29f9886757ad775b4de9256e9a544a6456287664,/home/zyc/cess_d1r_168x16_reference_20260925/pmfs_1_17/rep_10_seed_2026105090/spatial/concentration.npy,/home/zyc/cess_d1r_168x16_reference_20260925/pmfs_1_17/rep_10_seed_2026105090/spatial/concentration.npy
5,pmfs_1_17,10,2026105091,pmfs_1_17/rep_11_seed_2026105091,4669d2cca1b9fefc3ac6c45c5ad327de972d0e15fcca84938da9d0eae0ecf0a3,/home/zyc/cess_d1r_168x16_reference_20260925/pmfs_1_17/rep_11_seed_2026105091/spatial/concentration.npy,/home/zyc/cess_d1r_168x16_reference_20260925/pmfs_1_17/rep_11_seed_2026105091/spatial/concentration.npy
5,pmfs_1_17,11,2026105092,pmfs_1_17/rep_12_seed_2026105092,92e6a19bb3e44f9864d72e20345cd8b7d66aaaf75fbf016472295f8722c3c96d,/home/zyc/cess_d1r_168x16_reference_20260925/pmfs_1_17/rep_12_seed_2026105092/spatial/concentration.npy,/home/zyc/cess_d1r_168x16_reference_20260925/pmfs_1_17/rep_12_seed_2026105092/spatial/concentration.npy
5,pmfs_1_17,12,2026105093,pmfs_1_17/rep_13_seed_2026105093,5bbaf988eb4007fd9e7f850ca562348c50778451346d4f76f3f06b22c2464fdb,/home/zyc/cess_d1r_168x16_reference_20260925/pmfs_1_17/rep_13_seed_2026105093/spatial/concentration.npy,/home/zyc/cess_d1r_168x16_reference_20260925/pmfs_1_17/rep_13_seed_2026105093/spatial/concentration.npy
5,pmfs_1_17,13,2026105094,pmfs_1_17/rep_14_seed_2026105094,2b9f847adf9beb5125c67d5943fbf2205a3ecea7d6049190b3acb208e0fd3059,/home/zyc/cess_d1r_168x16_reference_20260925/pmfs_1_17/rep_14_seed_2026105094/spatial/concentration.npy,/home/zyc/cess_d1r_168x16_reference_20260925/pmfs_1_17/rep_14_seed_2026105094/spatial/concentration.npy
5,pmfs_1_17,14,2026105095,pmfs_1_17/rep_15_seed_2026105095,87c13b277de5fe37efbca4a4159f6309477d0ee53201d6607d9f3157f51af690,/home/zyc/cess_d1r_168x16_reference_20260925/pmfs_1_17/rep_15_seed_2026105095/spatial/concentration.npy,/home/zyc/cess_d1r_168x16_reference_20260925/pmfs_1_17/rep_15_seed_2026105095/spatial/concentration.npy
5,pmfs_1_17,15,2026105096,pmfs_1_17/rep_16_seed_2026105096,154b55433464a8a042a501e248de9a6e623b05d6ec546651b9f9710f55041f8b,/home/zyc/cess_d1r_168x16_reference_20260925/pmfs_1_17/rep_16_seed_2026105096/spatial/concentration.npy,/home/zyc/cess_d1r_168x16_reference_20260925/pmfs_1_17/rep_16_seed_2026105096/spatial/concentration.npy
6,pmfs_1_18,0,2026105097,pmfs_1_18/rep_01_seed_2026105097,61f536a1d7386672c3a79b5c08e6c479f3399ef7d94bbb16baad61a90e135c53,/home/zyc/cess_d1r_168x16_reference_20260925/pmfs_1_18/rep_01_seed_2026105097/spatial/concentration.npy,/home/zyc/cess_d1r_168x16_reference_20260925/pmfs_1_18/rep_01_seed_2026105097/spatial/concentration.npy
6,pmfs_1_18,1,2026105098,pmfs_1_18/rep_02_seed_2026105098,4bccafd09baafd1d86f6021b760b6bf6546efceeac9386cf4b3203a976d13531,/home/zyc/cess_d1r_168x16_reference_20260925/pmfs_1_18/rep_02_seed_2026105098/spatial/concentration.npy,/home/zyc/cess_d1r_168x16_reference_20260925/pmfs_1_18/rep_02_seed_2026105098/spatial/concentration.npy
6,pmfs_1_18,2,2026105099,pmfs_1_18/rep_03_seed_2026105099,0461e66590e1ccff4ec7c1614d053fff12b33af29fa96fbcf2f0a34fe50c95f5,/home/zyc/cess_d1r_168x16_reference_20260925/pmfs_1_18/rep_03_seed_2026105099/spatial/concentration.npy,/home/zyc/cess_d1r_168x16_reference_20260925/pmfs_1_18/rep_03_seed_2026105099/spatial/concentration.npy
6,pmfs_1_18,3,2026105100,pmfs_1_18/rep_04_seed_2026105100,8cefea5ea99cddd9b79817c17e1e48110a830906a9a84272a2d6b12e57e05687,/home/zyc/cess_d1r_168x16_reference_20260925/pmfs_1_18/rep_04_seed_2026105100/spatial/concentration.npy,/home/zyc/cess_d1r_168x16_reference_20260925/pmfs_1_18/rep_04_seed_2026105100/spatial/concentration.npy
6,pmfs_1_18,4,2026105101,pmfs_1_18/rep_05_seed_2026105101,354478c4a15ba2278ddaaa648b039b30e4bb4a1d46c7be67762574008bcba1e0,/home/zyc/cess_d1r_168x16_reference_20260925/pmfs_1_18/rep_05_seed_2026105101/spatial/concentration.npy,/home/zyc/cess_d1r_168x16_reference_20260925/pmfs_1_18/rep_05_seed_2026105101/spatial/concentration.npy
6,pmfs_1_18,5,2026105102,pmfs_1_18/rep_06_seed_2026105102,bc90adf098e27942b18386c6f92ad75d0425019d7eb2d195a7cb706f735f7b3b,/home/zyc/cess_d1r_168x16_reference_20260925/pmfs_1_18/rep_06_seed_2026105102/spatial/concentration.npy,/home/zyc/cess_d1r_168x16_reference_20260925/pmfs_1_18/rep_06_seed_2026105102/spatial/concentration.npy
6,pmfs_1_18,6,2026105103,pmfs_1_18/rep_07_seed_2026105103,59733fb761d171a492535590c5f1608a0edfa761424595e921d3c23d24a72e50,/home/zyc/cess_d1r_168x16_reference_20260925/pmfs_1_18/rep_07_seed_2026105103/spatial/concentration.npy,/home/zyc/cess_d1r_168x16_reference_20260925/pmfs_1_18/rep_07_seed_2026105103/spatial/concentration.npy
6,pmfs_1_18,7,2026105104,pmfs_1_18/rep_08_seed_2026105104,9e8f48ac45f08d4f539dfee71d8e213414090a5d44ad2e67c98dcd5bc9f19b14,/home/zyc/cess_d1r_168x16_reference_20260925/pmfs_1_18/rep_08_seed_2026105104/spatial/concentration.npy,/home/zyc/cess_d1r_168x16_reference_20260925/pmfs_1_18/rep_08_seed_2026105104/spatial/concentration.npy
6,pmfs_1_18,8,2026105105,pmfs_1_18/rep_09_seed_2026105105,9ac5ce2f6c28adfabd4de5c18944422fe9ebc5dacf4489845483c1dabfe3f19a,/home/zyc/cess_d1r_168x16_reference_20260925/pmfs_1_18/rep_09_seed_2026105105/spatial/concentration.npy,/home/zyc/cess_d1r_168x16_reference_20260925/pmfs_1_18/rep_09_seed_2026105105/spatial/concentration.npy
6,pmfs_1_18,9,2026105106,pmfs_1_18/rep_10_seed_2026105106,941b75938bdfaa95c852037faceee0bd01c58cdc4f4d21245a53bb57954aecb8,/home/zyc/cess_d1r_168x16_reference_20260925/pmfs_1_18/rep_10_seed_2026105106/spatial/concentration.npy,/home/zyc/cess_d1r_168x16_reference_20260925/pmfs_1_18/rep_10_seed_2026105106/spatial/concentration.npy
6,pmfs_1_18,10,2026105107,pmfs_1_18/rep_11_seed_2026105107,ff97a7f02b6b9ee7c96d4a2d18a114de2e316950cbcac733d91d437243e17102,/home/zyc/cess_d1r_168x16_reference_20260925/pmfs_1_18/rep_11_seed_2026105107/spatial/concentration.npy,/home/zyc/cess_d1r_168x16_reference_20260925/pmfs_1_18/rep_11_seed_2026105107/spatial/concentration.npy
6,pmfs_1_18,11,2026105108,pmfs_1_18/rep_12_seed_2026105108,f562ddddfe8e6f8311ec8dd5c57af031a1e984bc5945c3733fe032051461d0bf,/home/zyc/cess_d1r_168x16_reference_20260925/pmfs_1_18/rep_12_seed_2026105108/spatial/concentration.npy,/home/zyc/cess_d1r_168x16_reference_20260925/pmfs_1_18/rep_12_seed_2026105108/spatial/concentration.npy
6,pmfs_1_18,12,2026105109,pmfs_1_18/rep_13_seed_2026105109,493e2bd45e01e70f4b9e06be13eae3921901a482e3fb43f7dc9750f2d8f20c55,/home/zyc/cess_d1r_168x16_reference_20260925/pmfs_1_18/rep_13_seed_2026105109/spatial/concentration.npy,/home/zyc/cess_d1r_168x16_reference_20260925/pmfs_1_18/rep_13_seed_2026105109/spatial/concentration.npy
6,pmfs_1_18,13,2026105110,pmfs_1_18/rep_14_seed_2026105110,f42d8a353b8dd21f6e6c44220273b204308db4d1858d1ec48bc4ee3da00dc4e3,/home/zyc/cess_d1r_168x16_reference_20260925/pmfs_1_18/rep_14_seed_2026105110/spatial/concentration.npy,/home/zyc/cess_d1r_168x16_reference_20260925/pmfs_1_18/rep_14_seed_2026105110/spatial/concentration.npy
6,pmfs_1_18,14,2026105111,pmfs_1_18/rep_15_seed_2026105111,eb48be4a3e03842dcd803f9bab8a4803b720015a55b3624fec4c2dac642216b0,/home/zyc/cess_d1r_168x16_reference_20260925/pmfs_1_18/rep_15_seed_2026105111/spatial/concentration.npy,/home/zyc/cess_d1r_168x16_reference_20260925/pmfs_1_18/rep_15_seed_2026105111/spatial/concentration.npy
6,pmfs_1_18,15,2026105112,pmfs_1_18/rep_16_seed_2026105112,f01af890587ec41ffef615a1686970499da5aad01cd2dcade3175c629ee44cf6,/home/zyc/cess_d1r_168x16_reference_20260925/pmfs_1_18/rep_16_seed_2026105112/spatial/concentration.npy,/home/zyc/cess_d1r_168x16_reference_20260925/pmfs_1_18/rep_16_seed_2026105112/spatial/concentration.npy
7,pmfs_2_12,0,2026105113,pmfs_2_12/rep_01_seed_2026105113,8f84e2b0d6aea5f58b60a832233318024af6f7d1ba223ab35e45fd50b8a8ca38,/home/zyc/cess_d1r_168x16_reference_20260925/pmfs_2_12/rep_01_seed_2026105113/spatial/concentration.npy,/home/zyc/cess_d1r_168x16_reference_20260925/pmfs_2_12/rep_01_seed_2026105113/spatial/concentration.npy
7,pmfs_2_12,1,2026105114,pmfs_2_12/rep_02_seed_2026105114,d5f3af940bf221cd5ed66725edd471b90ae1fbb434ed4901193880c8a69f2f3d,/home/zyc/cess_d1r_168x16_reference_20260925/pmfs_2_12/rep_02_seed_2026105114/spatial/concentration.npy,/home/zyc/cess_d1r_168x16_reference_20260925/pmfs_2_12/rep_02_seed_2026105114/spatial/concentration.npy
7,pmfs_2_12,2,2026105115,pmfs_2_12/rep_03_seed_2026105115,10e2a1d8faef496c091a2b6b5d0d83db581763edee9d8ea20e02244dd045d50b,/home/zyc/cess_d1r_168x16_reference_20260925/pmfs_2_12/rep_03_seed_2026105115/spatial/concentration.npy,/home/zyc/cess_d1r_168x16_reference_20260925/pmfs_2_12/rep_03_seed_2026105115/spatial/concentration.npy
7,pmfs_2_12,3,2026105116,pmfs_2_12/rep_04_seed_2026105116,de367e80ad0bfd2dfd82f577ba9d62cf286de083b63ef4605d0fc0f1bf93fe63,/home/zyc/cess_d1r_168x16_reference_20260925/pmfs_2_12/rep_04_seed_2026105116/spatial/concentration.npy,/home/zyc/cess_d1r_168x16_reference_20260925/pmfs_2_12/rep_04_seed_2026105116/spatial/concentration.npy
7,pmfs_2_12,4,2026105117,pmfs_2_12/rep_05_seed_2026105117,4a5a468487097608134589a38eb2e405872792e743660144313ba30b197f714a,/home/zyc/cess_d1r_168x16_reference_20260925/pmfs_2_12/rep_05_seed_2026105117/spatial/concentration.npy,/home/zyc/cess_d1r_168x16_reference_20260925/pmfs_2_12/rep_05_seed_2026105117/spatial/concentration.npy
7,pmfs_2_12,5,2026105118,pmfs_2_12/rep_06_seed_2026105118,b17ebcd323309f5629bdcce7e3fcee30ea67079a5a1eb7da659045dc05603771,/home/zyc/cess_d1r_168x16_reference_20260925/pmfs_2_12/rep_06_seed_2026105118/spatial/concentration.npy,/home/zyc/cess_d1r_168x16_reference_20260925/pmfs_2_12/rep_06_seed_2026105118/spatial/concentration.npy
7,pmfs_2_12,6,2026105119,pmfs_2_12/rep_07_seed_2026105119,793b635cac735fcd7d8b702893e19a9d74c6b42dbf20328c3eded6af3135a754,/home/zyc/cess_d1r_168x16_reference_20260925/pmfs_2_12/rep_07_seed_2026105119/spatial/concentration.npy,/home/zyc/cess_d1r_168x16_reference_20260925/pmfs_2_12/rep_07_seed_2026105119/spatial/concentration.npy
7,pmfs_2_12,7,2026105120,pmfs_2_12/rep_08_seed_2026105120,88b033180a51d41e81d2aae72637120624851ac3bed6b661f3989426eb6f12de,/home/zyc/cess_d1r_168x16_reference_20260925/pmfs_2_12/rep_08_seed_2026105120/spatial/concentration.npy,/home/zyc/cess_d1r_168x16_reference_20260925/pmfs_2_12/rep_08_seed_2026105120/spatial/concentration.npy
7,pmfs_2_12,8,2026105121,pmfs_2_12/rep_09_seed_2026105121,b9df400c1a05bbd2522b5a631a57e21959a943b736113e2e698c0b6c74504ffd,/home/zyc/cess_d1r_168x16_reference_20260925/pmfs_2_12/rep_09_seed_2026105121/spatial/concentration.npy,/home/zyc/cess_d1r_168x16_reference_20260925/pmfs_2_12/rep_09_seed_2026105121/spatial/concentration.npy
7,pmfs_2_12,9,2026105122,pmfs_2_12/rep_10_seed_2026105122,672b13a5e470cf123c211bd593e958d02a6d8eec10fcfb00393127544668ffdf,/home/zyc/cess_d1r_168x16_reference_20260925/pmfs_2_12/rep_10_seed_2026105122/spatial/concentration.npy,/home/zyc/cess_d1r_168x16_reference_20260925/pmfs_2_12/rep_10_seed_2026105122/spatial/concentration.npy
7,pmfs_2_12,10,2026105123,pmfs_2_12/rep_11_seed_2026105123,42bd7080c900cc803a8b11e5a493ca7da09c60fe0e1dc6ad8d6987b56efb8127,/home/zyc/cess_d1r_168x16_reference_20260925/pmfs_2_12/rep_11_seed_2026105123/spatial/concentration.npy,/home/zyc/cess_d1r_168x16_reference_20260925/pmfs_2_12/rep_11_seed_2026105123/spatial/concentration.npy
7,pmfs_2_12,11,2026105124,pmfs_2_12/rep_12_seed_2026105124,4267a94a014fce83a4c53d4cbd7a1cb7c91988ff268ccab751a7538e701e5685,/home/zyc/cess_d1r_168x16_reference_20260925/pmfs_2_12/rep_12_seed_2026105124/spatial/concentration.npy,/home/zyc/cess_d1r_168x16_reference_20260925/pmfs_2_12/rep_12_seed_2026105124/spatial/concentration.npy
7,pmfs_2_12,12,2026105125,pmfs_2_12/rep_13_seed_2026105125,dbc5aa77f24ee39572dba860a57488d8ded00bbd58ea5fd920d872aee4e4131d,/home/zyc/cess_d1r_168x16_reference_20260925/pmfs_2_12/rep_13_seed_2026105125/spatial/concentration.npy,/home/zyc/cess_d1r_168x16_reference_20260925/pmfs_2_12/rep_13_seed_2026105125/spatial/concentration.npy
7,pmfs_2_12,13,2026105126,pmfs_2_12/rep_14_seed_2026105126,ed60a2a639cdf9726581d0d80f878908d89c3077bdaa9e6eca2baed46ff5a8ea,/home/zyc/cess_d1r_168x16_reference_20260925/pmfs_2_12/rep_14_seed_2026105126/spatial/concentration.npy,/home/zyc/cess_d1r_168x16_reference_20260925/pmfs_2_12/rep_14_seed_2026105126/spatial/concentration.npy
7,pmfs_2_12,14,2026105127,pmfs_2_12/rep_15_seed_2026105127,f87f6a51b3978cc1f379dcfc1fd465c9b28a2f26e398f31bd3179a2ea004c190,/home/zyc/cess_d1r_168x16_reference_20260925/pmfs_2_12/rep_15_seed_2026105127/spatial/concentration.npy,/home/zyc/cess_d1r_168x16_reference_20260925/pmfs_2_12/rep_15_seed_2026105127/spatial/concentration.npy
7,pmfs_2_12,15,2026105128,pmfs_2_12/rep_16_seed_2026105128,7ab212ade7f54049f9fc871491cb6c6f305ac26a00365fc25621192b01821465,/home/zyc/cess_d1r_168x16_reference_20260925/pmfs_2_12/rep_16_seed_2026105128/spatial/concentration.npy,/home/zyc/cess_d1r_168x16_reference_20260925/pmfs_2_12/rep_16_seed_2026105128/spatial/concentration.npy
8,pmfs_2_13,0,2026105129,pmfs_2_13/rep_01_seed_2026105129,4057c6194c7059c832b76b41c7d04cc9b0a0f6479eb18a4179db0287d61fd3a5,/home/zyc/cess_d1r_168x16_reference_20260925/pmfs_2_13/rep_01_seed_2026105129/spatial/concentration.npy,/home/zyc/cess_d1r_168x16_reference_20260925/pmfs_2_13/rep_01_seed_2026105129/spatial/concentration.npy
8,pmfs_2_13,1,2026105130,pmfs_2_13/rep_02_seed_2026105130,4c00135f11943a52f008c36a5263bd43b134ad0d3c563ffa1354e2e1e599cbeb,/home/zyc/cess_d1r_168x16_reference_20260925/pmfs_2_13/rep_02_seed_2026105130/spatial/concentration.npy,/home/zyc/cess_d1r_168x16_reference_20260925/pmfs_2_13/rep_02_seed_2026105130/spatial/concentration.npy
8,pmfs_2_13,2,2026105131,pmfs_2_13/rep_03_seed_2026105131,e81077f79970066fd62747dd311b090e71f975111a471c09f744aac1b71d52db,/home/zyc/cess_d1r_168x16_reference_20260925/pmfs_2_13/rep_03_seed_2026105131/spatial/concentration.npy,/home/zyc/cess_d1r_168x16_reference_20260925/pmfs_2_13/rep_03_seed_2026105131/spatial/concentration.npy
8,pmfs_2_13,3,2026105132,pmfs_2_13/rep_04_seed_2026105132,01ba1ac921280cab4e3ba806a73b6a38ebc94f5f29f28d509e4a00163fb7248f,/home/zyc/cess_d1r_168x16_reference_20260925/pmfs_2_13/rep_04_seed_2026105132/spatial/concentration.npy,/home/zyc/cess_d1r_168x16_reference_20260925/pmfs_2_13/rep_04_seed_2026105132/spatial/concentration.npy
8,pmfs_2_13,4,2026105133,pmfs_2_13/rep_05_seed_2026105133,f2bbb130ddab5c93dfff43c668002287bc0c5f572154b5e97ca9f98d3d25cf26,/home/zyc/cess_d1r_168x16_reference_20260925/pmfs_2_13/rep_05_seed_2026105133/spatial/concentration.npy,/home/zyc/cess_d1r_168x16_reference_20260925/pmfs_2_13/rep_05_seed_2026105133/spatial/concentration.npy
8,pmfs_2_13,5,2026105134,pmfs_2_13/rep_06_seed_2026105134,24a0a1f32363b8f346e3bbf11bccd83a2a039f556ff09b43db1c8a0efebf395e,/home/zyc/cess_d1r_168x16_reference_20260925/pmfs_2_13/rep_06_seed_2026105134/spatial/concentration.npy,/home/zyc/cess_d1r_168x16_reference_20260925/pmfs_2_13/rep_06_seed_2026105134/spatial/concentration.npy
8,pmfs_2_13,6,2026105135,pmfs_2_13/rep_07_seed_2026105135,d74758df9cf37ba9d851b981ec0cde15c3380579becb77ae80b37bb5b6381df7,/home/zyc/cess_d1r_168x16_reference_20260925/pmfs_2_13/rep_07_seed_2026105135/spatial/concentration.npy,/home/zyc/cess_d1r_168x16_reference_20260925/pmfs_2_13/rep_07_seed_2026105135/spatial/concentration.npy
8,pmfs_2_13,7,2026105136,pmfs_2_13/rep_08_seed_2026105136,b6d1c99201fc68e7ce83fbd7f6ad75903f8fe3b6737a4ea8b2ef644e611a0778,/home/zyc/cess_d1r_168x16_reference_20260925/pmfs_2_13/rep_08_seed_2026105136/spatial/concentration.npy,/home/zyc/cess_d1r_168x16_reference_20260925/pmfs_2_13/rep_08_seed_2026105136/spatial/concentration.npy
8,pmfs_2_13,8,2026105137,pmfs_2_13/rep_09_seed_2026105137,1fa3ddc981751a0874c5835cbcbbe622681148d29cca12b265704518535a2f45,/home/zyc/cess_d1r_168x16_reference_20260925/pmfs_2_13/rep_09_seed_2026105137/spatial/concentration.npy,/home/zyc/cess_d1r_168x16_reference_20260925/pmfs_2_13/rep_09_seed_2026105137/spatial/concentration.npy
8,pmfs_2_13,9,2026105138,pmfs_2_13/rep_10_seed_2026105138,645ef59b688f6fd460ab3ce228fb7d980c4b03cc37eb8eb5b2c68b13d31aaf45,/home/zyc/cess_d1r_168x16_reference_20260925/pmfs_2_13/rep_10_seed_2026105138/spatial/concentration.npy,/home/zyc/cess_d1r_168x16_reference_20260925/pmfs_2_13/rep_10_seed_2026105138/spatial/concentration.npy
8,pmfs_2_13,10,2026105139,pmfs_2_13/rep_11_seed_2026105139,892523db9fb1975b171d6379abe81f2fd6c197cc3da52d59cbfafbd764ebd94f,/home/zyc/cess_d1r_168x16_reference_20260925/pmfs_2_13/rep_11_seed_2026105139/spatial/concentration.npy,/home/zyc/cess_d1r_168x16_reference_20260925/pmfs_2_13/rep_11_seed_2026105139/spatial/concentration.npy
8,pmfs_2_13,11,2026105140,pmfs_2_13/rep_12_seed_2026105140,8c23e7383e683b3676daf024516519340bf7a7fd450c92f68c7d17cf6ef0095b,/home/zyc/cess_d1r_168x16_reference_20260925/pmfs_2_13/rep_12_seed_2026105140/spatial/concentration.npy,/home/zyc/cess_d1r_168x16_reference_20260925/pmfs_2_13/rep_12_seed_2026105140/spatial/concentration.npy
8,pmfs_2_13,12,2026105141,pmfs_2_13/rep_13_seed_2026105141,7721221eb2923544df44d9ed01603d2b286ea0d66815cf669942e476c64f119d,/home/zyc/cess_d1r_168x16_reference_20260925/pmfs_2_13/rep_13_seed_2026105141/spatial/concentration.npy,/home/zyc/cess_d1r_168x16_reference_20260925/pmfs_2_13/rep_13_seed_2026105141/spatial/concentration.npy
8,pmfs_2_13,13,2026105142,pmfs_2_13/rep_14_seed_2026105142,57c83adab371ebac919544e706c7eb45195d1269f9286d35ac283e6b925ccc41,/home/zyc/cess_d1r_168x16_reference_20260925/pmfs_2_13/rep_14_seed_2026105142/spatial/concentration.npy,/home/zyc/cess_d1r_168x16_reference_20260925/pmfs_2_13/rep_14_seed_2026105142/spatial/concentration.npy
8,pmfs_2_13,14,2026105143,pmfs_2_13/rep_15_seed_2026105143,ac747e94ef69cbb8d444b17f286b600b0f488b05e9a7260ccab666fba50ca127,/home/zyc/cess_d1r_168x16_reference_20260925/pmfs_2_13/rep_15_seed_2026105143/spatial/concentration.npy,/home/zyc/cess_d1r_168x16_reference_20260925/pmfs_2_13/rep_15_seed_2026105143/spatial/concentration.npy
8,pmfs_2_13,15,2026105144,pmfs_2_13/rep_16_seed_2026105144,b7e13b858cb5f9697937da914c295001526fffab5680a349067fe0d7126f05ea,/home/zyc/cess_d1r_168x16_reference_20260925/pmfs_2_13/rep_16_seed_2026105144/spatial/concentration.npy,/home/zyc/cess_d1r_168x16_reference_20260925/pmfs_2_13/rep_16_seed_2026105144/spatial/concentration.npy
9,pmfs_2_14,0,2026105145,pmfs_2_14/rep_01_seed_2026105145,36678435328d8b1ce0be17c0b4cefd8d712433eb175f0836f16b2c295a1e46fb,/home/zyc/cess_d1r_168x16_reference_20260925/pmfs_2_14/rep_01_seed_2026105145/spatial/concentration.npy,/home/zyc/cess_d1r_168x16_reference_20260925/pmfs_2_14/rep_01_seed_2026105145/spatial/concentration.npy
9,pmfs_2_14,1,2026105146,pmfs_2_14/rep_02_seed_2026105146,5db7205710b36bed000c21ab685bbc89955786247a8cc5679804fe24ef292757,/home/zyc/cess_d1r_168x16_reference_20260925/pmfs_2_14/rep_02_seed_2026105146/spatial/concentration.npy,/home/zyc/cess_d1r_168x16_reference_20260925/pmfs_2_14/rep_02_seed_2026105146/spatial/concentration.npy
9,pmfs_2_14,2,2026105147,pmfs_2_14/rep_03_seed_2026105147,0cd3af4eabb8321060f123584a0e7377c38c6c2f62458a589e387529d0c1bf4e,/home/zyc/cess_d1r_168x16_reference_20260925/pmfs_2_14/rep_03_seed_2026105147/spatial/concentration.npy,/home/zyc/cess_d1r_168x16_reference_20260925/pmfs_2_14/rep_03_seed_2026105147/spatial/concentration.npy
9,pmfs_2_14,3,2026105148,pmfs_2_14/rep_04_seed_2026105148,ad27bfd5c0c5ad434fc80b674b25aaf12125f0ee6c1736dad5c40b192e597682,/home/zyc/cess_d1r_168x16_reference_20260925/pmfs_2_14/rep_04_seed_2026105148/spatial/concentration.npy,/home/zyc/cess_d1r_168x16_reference_20260925/pmfs_2_14/rep_04_seed_2026105148/spatial/concentration.npy
9,pmfs_2_14,4,2026105149,pmfs_2_14/rep_05_seed_2026105149,269209cf84f4ee784dc68a16d52984ac1f2f25dcce4c8315eac65943238a0088,/home/zyc/cess_d1r_168x16_reference_20260925/pmfs_2_14/rep_05_seed_2026105149/spatial/concentration.npy,/home/zyc/cess_d1r_168x16_reference_20260925/pmfs_2_14/rep_05_seed_2026105149/spatial/concentration.npy
9,pmfs_2_14,5,2026105150,pmfs_2_14/rep_06_seed_2026105150,c5f7a5de69a0740820402654165dd7b727ba19d4959a8a0bc8bcd19cb5466505,/home/zyc/cess_d1r_168x16_reference_20260925/pmfs_2_14/rep_06_seed_2026105150/spatial/concentration.npy,/home/zyc/cess_d1r_168x16_reference_20260925/pmfs_2_14/rep_06_seed_2026105150/spatial/concentration.npy
9,pmfs_2_14,6,2026105151,pmfs_2_14/rep_07_seed_2026105151,21bf593c881d8381241e7f753ce4ca5f219f32f9676079fb234987d1c0912a39,/home/zyc/cess_d1r_168x16_reference_20260925/pmfs_2_14/rep_07_seed_2026105151/spatial/concentration.npy,/home/zyc/cess_d1r_168x16_reference_20260925/pmfs_2_14/rep_07_seed_2026105151/spatial/concentration.npy
9,pmfs_2_14,7,2026105152,pmfs_2_14/rep_08_seed_2026105152,550b790c4674767c325ff10ffd58f363ce2a06e30414de7b3560b13dc3314657,/home/zyc/cess_d1r_168x16_reference_20260925/pmfs_2_14/rep_08_seed_2026105152/spatial/concentration.npy,/home/zyc/cess_d1r_168x16_reference_20260925/pmfs_2_14/rep_08_seed_2026105152/spatial/concentration.npy
9,pmfs_2_14,8,2026105153,pmfs_2_14/rep_09_seed_2026105153,5f83baa96e9967b0c04c937ffe241befc62ce82643c0accad523ced52f6a37cf,/home/zyc/cess_d1r_168x16_reference_20260925/pmfs_2_14/rep_09_seed_2026105153/spatial/concentration.npy,/home/zyc/cess_d1r_168x16_reference_20260925/pmfs_2_14/rep_09_seed_2026105153/spatial/concentration.npy
9,pmfs_2_14,9,2026105154,pmfs_2_14/rep_10_seed_2026105154,3da015a070135260f3cbb24405bb66a564b8fc5474dd3c1cff65419b34602cb9,/home/zyc/cess_d1r_168x16_reference_20260925/pmfs_2_14/rep_10_seed_2026105154/spatial/concentration.npy,/home/zyc/cess_d1r_168x16_reference_20260925/pmfs_2_14/rep_10_seed_2026105154/spatial/concentration.npy
9,pmfs_2_14,10,2026105155,pmfs_2_14/rep_11_seed_2026105155,78db26477a78470a5493e48f8fe853da6802b917a8965b907452d57291401e42,/home/zyc/cess_d1r_168x16_reference_20260925/pmfs_2_14/rep_11_seed_2026105155/spatial/concentration.npy,/home/zyc/cess_d1r_168x16_reference_20260925/pmfs_2_14/rep_11_seed_2026105155/spatial/concentration.npy
9,pmfs_2_14,11,2026105156,pmfs_2_14/rep_12_seed_2026105156,8b9ffd3a1971f816881bba9e01fb62ec92b302160ead88c1fc74b732abfbce84,/home/zyc/cess_d1r_168x16_reference_20260925/pmfs_2_14/rep_12_seed_2026105156/spatial/concentration.npy,/home/zyc/cess_d1r_168x16_reference_20260925/pmfs_2_14/rep_12_seed_2026105156/spatial/concentration.npy
9,pmfs_2_14,12,2026105157,pmfs_2_14/rep_13_seed_2026105157,f434601c1b360506aaa35fa7aaf0ad863b59af5a73275a626641dac37762906f,/home/zyc/cess_d1r_168x16_reference_20260925/pmfs_2_14/rep_13_seed_2026105157/spatial/concentration.npy,/home/zyc/cess_d1r_168x16_reference_20260925/pmfs_2_14/rep_13_seed_2026105157/spatial/concentration.npy
9,pmfs_2_14,13,2026105158,pmfs_2_14/rep_14_seed_2026105158,9f575f199bcdbc765a26079209c38d2d59db590c019102370215906034e86754,/home/zyc/cess_d1r_168x16_reference_20260925/pmfs_2_14/rep_14_seed_2026105158/spatial/concentration.npy,/home/zyc/cess_d1r_168x16_reference_20260925/pmfs_2_14/rep_14_seed_2026105158/spatial/concentration.npy
9,pmfs_2_14,14,2026105159,pmfs_2_14/rep_15_seed_2026105159,265201cf51321261e0fa476658b4d4e0af6317af92a3807016830d21f2f8f977,/home/zyc/cess_d1r_168x16_reference_20260925/pmfs_2_14/rep_15_seed_2026105159/spatial/concentration.npy,/home/zyc/cess_d1r_168x16_reference_20260925/pmfs_2_14/rep_15_seed_2026105159/spatial/concentration.npy
9,pmfs_2_14,15,2026105160,pmfs_2_14/rep_16_seed_2026105160,1a6f0dd4628aae95de5c6b39dc4034a48619935130c1bbaba430203534f405da,/home/zyc/cess_d1r_168x16_reference_20260925/pmfs_2_14/rep_16_seed_2026105160/spatial/concentration.npy,/home/zyc/cess_d1r_168x16_reference_20260925/pmfs_2_14/rep_16_seed_2026105160/spatial/concentration.npy
10,pmfs_2_15,0,2026105161,pmfs_2_15/rep_01_seed_2026105161,6ae666ad2b22f9e4a3fdc2001ab8b17c52151d1a524331990f571c73cd3f8aad,/home/zyc/cess_d1r_168x16_reference_20260925/pmfs_2_15/rep_01_seed_2026105161/spatial/concentration.npy,/home/zyc/cess_d1r_168x16_reference_20260925/pmfs_2_15/rep_01_seed_2026105161/spatial/concentration.npy
10,pmfs_2_15,1,2026105162,pmfs_2_15/rep_02_seed_2026105162,e4fc8c839ab8beda834712b0e7f183da69e6a8d1c44bcd264be60642dd568526,/home/zyc/cess_d1r_168x16_reference_20260925/pmfs_2_15/rep_02_seed_2026105162/spatial/concentration.npy,/home/zyc/cess_d1r_168x16_reference_20260925/pmfs_2_15/rep_02_seed_2026105162/spatial/concentration.npy
10,pmfs_2_15,2,2026105163,pmfs_2_15/rep_03_seed_2026105163,35c2b3a5c5644acfdbeed80caf577684bea087f98d0c1f1ce71f0b9ad09e23ef,/home/zyc/cess_d1r_168x16_reference_20260925/pmfs_2_15/rep_03_seed_2026105163/spatial/concentration.npy,/home/zyc/cess_d1r_168x16_reference_20260925/pmfs_2_15/rep_03_seed_2026105163/spatial/concentration.npy
10,pmfs_2_15,3,2026105164,pmfs_2_15/rep_04_seed_2026105164,dba9a843c1f819d699113fa9d641e0d0be2bd0e167784eb619463721dfa542d2,/home/zyc/cess_d1r_168x16_reference_20260925/pmfs_2_15/rep_04_seed_2026105164/spatial/concentration.npy,/home/zyc/cess_d1r_168x16_reference_20260925/pmfs_2_15/rep_04_seed_2026105164/spatial/concentration.npy
10,pmfs_2_15,4,2026105165,pmfs_2_15/rep_05_seed_2026105165,f99d5dd5bb314b3a3d4f289956db7f24fa4aed808a138c106e7a84d350ff94eb,/home/zyc/cess_d1r_168x16_reference_20260925/pmfs_2_15/rep_05_seed_2026105165/spatial/concentration.npy,/home/zyc/cess_d1r_168x16_reference_20260925/pmfs_2_15/rep_05_seed_2026105165/spatial/concentration.npy
10,pmfs_2_15,5,2026105166,pmfs_2_15/rep_06_seed_2026105166,18bb2b513c839fee5a27222048c9ffcf78d75e29e17315c3a8a3b6641619e9e8,/home/zyc/cess_d1r_168x16_reference_20260925/pmfs_2_15/rep_06_seed_2026105166/spatial/concentration.npy,/home/zyc/cess_d1r_168x16_reference_20260925/pmfs_2_15/rep_06_seed_2026105166/spatial/concentration.npy
10,pmfs_2_15,6,2026105167,pmfs_2_15/rep_07_seed_2026105167,881f06c4bf89d55baaa046252ce65a90b930d239dc065bdf13ee2e0aa95e6d90,/home/zyc/cess_d1r_168x16_reference_20260925/pmfs_2_15/rep_07_seed_2026105167/spatial/concentration.npy,/home/zyc/cess_d1r_168x16_reference_20260925/pmfs_2_15/rep_07_seed_2026105167/spatial/concentration.npy
10,pmfs_2_15,7,2026105168,pmfs_2_15/rep_08_seed_2026105168,9cbbf07bace1fa47f230a858cbd628e32f9440afbea87131abc1c3f42838f5dd,/home/zyc/cess_d1r_168x16_reference_20260925/pmfs_2_15/rep_08_seed_2026105168/spatial/concentration.npy,/home/zyc/cess_d1r_168x16_reference_20260925/pmfs_2_15/rep_08_seed_2026105168/spatial/concentration.npy
10,pmfs_2_15,8,2026105169,pmfs_2_15/rep_09_seed_2026105169,2cdfb84fc405df16f285c782937d67039238b8d8ffe907cba03f40398da98b06,/home/zyc/cess_d1r_168x16_reference_20260925/pmfs_2_15/rep_09_seed_2026105169/spatial/concentration.npy,/home/zyc/cess_d1r_168x16_reference_20260925/pmfs_2_15/rep_09_seed_2026105169/spatial/concentration.npy
10,pmfs_2_15,9,2026105170,pmfs_2_15/rep_10_seed_2026105170,081316229bb2544e7c676b89e071a97618667395480eb69f0ae1b5cd19ae0a37,/home/zyc/cess_d1r_168x16_reference_20260925/pmfs_2_15/rep_10_seed_2026105170/spatial/concentration.npy,/home/zyc/cess_d1r_168x16_reference_20260925/pmfs_2_15/rep_10_seed_2026105170/spatial/concentration.npy
10,pmfs_2_15,10,2026105171,pmfs_2_15/rep_11_seed_2026105171,97c8fb32d6fe9b24200f313f2d78395de170c2634ab92159acda4e4dc510de01,/home/zyc/cess_d1r_168x16_reference_20260925/pmfs_2_15/rep_11_seed_2026105171/spatial/concentration.npy,/home/zyc/cess_d1r_168x16_reference_20260925/pmfs_2_15/rep_11_seed_2026105171/spatial/concentration.npy
10,pmfs_2_15,11,2026105172,pmfs_2_15/rep_12_seed_2026105172,d02401db2a2734e3c4cd85c86f8249c1a847f3279a59c4ea314356b6529a1144,/home/zyc/cess_d1r_168x16_reference_20260925/pmfs_2_15/rep_12_seed_2026105172/spatial/concentration.npy,/home/zyc/cess_d1r_168x16_reference_20260925/pmfs_2_15/rep_12_seed_2026105172/spatial/concentration.npy
10,pmfs_2_15,12,2026105173,pmfs_2_15/rep_13_seed_2026105173,e362a18ad3bb743e9d9e992823ce98d1bbb6ae09a4b4f9b254d7ba3824632262,/home/zyc/cess_d1r_168x16_reference_20260925/pmfs_2_15/rep_13_seed_2026105173/spatial/concentration.npy,/home/zyc/cess_d1r_168x16_reference_20260925/pmfs_2_15/rep_13_seed_2026105173/spatial/concentration.npy
10,pmfs_2_15,13,2026105174,pmfs_2_15/rep_14_seed_2026105174,845d47bfc4e329b313defb1e649d4cfdb78eda496c186e16748c17c4047972b3,/home/zyc/cess_d1r_168x16_reference_20260925/pmfs_2_15/rep_14_seed_2026105174/spatial/concentration.npy,/home/zyc/cess_d1r_168x16_reference_20260925/pmfs_2_15/rep_14_seed_2026105174/spatial/concentration.npy
10,pmfs_2_15,14,2026105175,pmfs_2_15/rep_15_seed_2026105175,0b28973a7d0c7df729f73b3971f26b334827fa61182c1cff98d8360b1c83cd5b,/home/zyc/cess_d1r_168x16_reference_20260925/pmfs_2_15/rep_15_seed_2026105175/spatial/concentration.npy,/home/zyc/cess_d1r_168x16_reference_20260925/pmfs_2_15/rep_15_seed_2026105175/spatial/concentration.npy
10,pmfs_2_15,15,2026105176,pmfs_2_15/rep_16_seed_2026105176,c450f5e872e261ea0fac48ce1be98e5b106ea3f70a0caf9b2d4983d2eb722a7c,/home/zyc/cess_d1r_168x16_reference_20260925/pmfs_2_15/rep_16_seed_2026105176/spatial/concentration.npy,/home/zyc/cess_d1r_168x16_reference_20260925/pmfs_2_15/rep_16_seed_2026105176/spatial/concentration.npy
11,pmfs_2_16,0,2026105177,pmfs_2_16/rep_01_seed_2026105177,2502515b36346415e085a87babd4d603d78762e1f08b617e76d0112b9ad839ea,/home/zyc/cess_d1r_168x16_reference_20260925/pmfs_2_16/rep_01_seed_2026105177/spatial/concentration.npy,/home/zyc/cess_d1r_168x16_reference_20260925/pmfs_2_16/rep_01_seed_2026105177/spatial/concentration.npy
11,pmfs_2_16,1,2026105178,pmfs_2_16/rep_02_seed_2026105178,1243380a00e8bea1b92632461781eb892191cec9fb77cd894e071132a50df80c,/home/zyc/cess_d1r_168x16_reference_20260925/pmfs_2_16/rep_02_seed_2026105178/spatial/concentration.npy,/home/zyc/cess_d1r_168x16_reference_20260925/pmfs_2_16/rep_02_seed_2026105178/spatial/concentration.npy
11,pmfs_2_16,2,2026105179,pmfs_2_16/rep_03_seed_2026105179,b00fafbf2ebe21c79afd65b22ea14a021ceab1a7b7a0972aab31a4bb1bb1aeb2,/home/zyc/cess_d1r_168x16_reference_20260925/pmfs_2_16/rep_03_seed_2026105179/spatial/concentration.npy,/home/zyc/cess_d1r_168x16_reference_20260925/pmfs_2_16/rep_03_seed_2026105179/spatial/concentration.npy
11,pmfs_2_16,3,2026105180,pmfs_2_16/rep_04_seed_2026105180,f7b4e95292e18106401dd887112efb4719dd75afc5cb862598913a799e8bf226,/home/zyc/cess_d1r_168x16_reference_20260925/pmfs_2_16/rep_04_seed_2026105180/spatial/concentration.npy,/home/zyc/cess_d1r_168x16_reference_20260925/pmfs_2_16/rep_04_seed_2026105180/spatial/concentration.npy
11,pmfs_2_16,4,2026105181,pmfs_2_16/rep_05_seed_2026105181,534704ec9b529784de44f7e7de0946d7512d07b29262385f17ead60da9b6172a,/home/zyc/cess_d1r_168x16_reference_20260925/pmfs_2_16/rep_05_seed_2026105181/spatial/concentration.npy,/home/zyc/cess_d1r_168x16_reference_20260925/pmfs_2_16/rep_05_seed_2026105181/spatial/concentration.npy
11,pmfs_2_16,5,2026105182,pmfs_2_16/rep_06_seed_2026105182,2236d86e8f63138db07eb423047e8c05386364894dea7c9000a640385da720b3,/home/zyc/cess_d1r_168x16_reference_20260925/pmfs_2_16/rep_06_seed_2026105182/spatial/concentration.npy,/home/zyc/cess_d1r_168x16_reference_20260925/pmfs_2_16/rep_06_seed_2026105182/spatial/concentration.npy
11,pmfs_2_16,6,2026105183,pmfs_2_16/rep_07_seed_2026105183,53fd5bf8e2e0b65de57b9f54ac9a3a5d02655b2364fafb16791236c66ecd0239,/home/zyc/cess_d1r_168x16_reference_20260925/pmfs_2_16/rep_07_seed_2026105183/spatial/concentration.npy,/home/zyc/cess_d1r_168x16_reference_20260925/pmfs_2_16/rep_07_seed_2026105183/spatial/concentration.npy
11,pmfs_2_16,7,2026105184,pmfs_2_16/rep_08_seed_2026105184,94d0fe0a3636585171969c380cd3d6ee64c94cbb5e3effd25a74120fc2f27a45,/home/zyc/cess_d1r_168x16_reference_20260925/pmfs_2_16/rep_08_seed_2026105184/spatial/concentration.npy,/home/zyc/cess_d1r_168x16_reference_20260925/pmfs_2_16/rep_08_seed_2026105184/spatial/concentration.npy
11,pmfs_2_16,8,2026105185,pmfs_2_16/rep_09_seed_2026105185,462715d8c670a0780adf573dc3f029b38222d4c4aef7972a9f9db22d391cea4e,/home/zyc/cess_d1r_168x16_reference_20260925/pmfs_2_16/rep_09_seed_2026105185/spatial/concentration.npy,/home/zyc/cess_d1r_168x16_reference_20260925/pmfs_2_16/rep_09_seed_2026105185/spatial/concentration.npy
11,pmfs_2_16,9,2026105186,pmfs_2_16/rep_10_seed_2026105186,36cf720c0c9f93deee427e50d1114e198f4a8bbd947148748b3ae4ad55691b46,/home/zyc/cess_d1r_168x16_reference_20260925/pmfs_2_16/rep_10_seed_2026105186/spatial/concentration.npy,/home/zyc/cess_d1r_168x16_reference_20260925/pmfs_2_16/rep_10_seed_2026105186/spatial/concentration.npy
11,pmfs_2_16,10,2026105187,pmfs_2_16/rep_11_seed_2026105187,f8ece9f1a8b9a085db414c7e6cffe24cb0dea5e867c71eac394cd0cf73d970a7,/home/zyc/cess_d1r_168x16_reference_20260925/pmfs_2_16/rep_11_seed_2026105187/spatial/concentration.npy,/home/zyc/cess_d1r_168x16_reference_20260925/pmfs_2_16/rep_11_seed_2026105187/spatial/concentration.npy
11,pmfs_2_16,11,2026105188,pmfs_2_16/rep_12_seed_2026105188,02d9422a71365a734ffa1201014c35417334cbf603321901bcdd69cf799d2c4b,/home/zyc/cess_d1r_168x16_reference_20260925/pmfs_2_16/rep_12_seed_2026105188/spatial/concentration.npy,/home/zyc/cess_d1r_168x16_reference_20260925/pmfs_2_16/rep_12_seed_2026105188/spatial/concentration.npy
11,pmfs_2_16,12,2026105189,pmfs_2_16/rep_13_seed_2026105189,9d22e9487a37cc8c88b5ca40f0439b97136e618db09c760aa941f55306dab808,/home/zyc/cess_d1r_168x16_reference_20260925/pmfs_2_16/rep_13_seed_2026105189/spatial/concentration.npy,/home/zyc/cess_d1r_168x16_reference_20260925/pmfs_2_16/rep_13_seed_2026105189/spatial/concentration.npy
11,pmfs_2_16,13,2026105190,pmfs_2_16/rep_14_seed_2026105190,ef085f2e1f97259f9c08408a04c483fcde41fc7fe2b603588d1a364b4b0ce67b,/home/zyc/cess_d1r_168x16_reference_20260925/pmfs_2_16/rep_14_seed_2026105190/spatial/concentration.npy,/home/zyc/cess_d1r_168x16_reference_20260925/pmfs_2_16/rep_14_seed_2026105190/spatial/concentration.npy
11,pmfs_2_16,14,2026105191,pmfs_2_16/rep_15_seed_2026105191,40f653d0d3ab0672d59eee806548e4a5258b896d745655e4be21920390b10cf0,/home/zyc/cess_d1r_168x16_reference_20260925/pmfs_2_16/rep_15_seed_2026105191/spatial/concentration.npy,/home/zyc/cess_d1r_168x16_reference_20260925/pmfs_2_16/rep_15_seed_2026105191/spatial/concentration.npy
11,pmfs_2_16,15,2026105192,pmfs_2_16/rep_16_seed_2026105192,1adc708a593c35d8cae6b242a7a7ef946257953fa1203cda4453d72bfb688718,/home/zyc/cess_d1r_168x16_reference_20260925/pmfs_2_16/rep_16_seed_2026105192/spatial/concentration.npy,/home/zyc/cess_d1r_168x16_reference_20260925/pmfs_2_16/rep_16_seed_2026105192/spatial/concentration.npy
12,pmfs_2_17,0,2026105193,pmfs_2_17/rep_01_seed_2026105193,ea93a74a576ad401dd6b13a3d0dcb2f1fe460b93b035f4b343062f46012ac1d3,/home/zyc/cess_d1r_168x16_reference_20260925/pmfs_2_17/rep_01_seed_2026105193/spatial/concentration.npy,/home/zyc/cess_d1r_168x16_reference_20260925/pmfs_2_17/rep_01_seed_2026105193/spatial/concentration.npy
12,pmfs_2_17,1,2026105194,pmfs_2_17/rep_02_seed_2026105194,b8f4331a6e6e2294cc1e4e7ee256f8736f221824a93a2f59128ee5113e294c62,/home/zyc/cess_d1r_168x16_reference_20260925/pmfs_2_17/rep_02_seed_2026105194/spatial/concentration.npy,/home/zyc/cess_d1r_168x16_reference_20260925/pmfs_2_17/rep_02_seed_2026105194/spatial/concentration.npy
12,pmfs_2_17,2,2026105195,pmfs_2_17/rep_03_seed_2026105195,ba65e3e6ad4d97d5b7f5ce67eeca1d266a4d9b6c96938090c68198d58ee41f67,/home/zyc/cess_d1r_168x16_reference_20260925/pmfs_2_17/rep_03_seed_2026105195/spatial/concentration.npy,/home/zyc/cess_d1r_168x16_reference_20260925/pmfs_2_17/rep_03_seed_2026105195/spatial/concentration.npy
12,pmfs_2_17,3,2026105196,pmfs_2_17/rep_04_seed_2026105196,a24dcdfe46bba675ba26d0ace0df32a4710748e280f4c1a6f9f0b042d5569fe5,/home/zyc/cess_d1r_168x16_reference_20260925/pmfs_2_17/rep_04_seed_2026105196/spatial/concentration.npy,/home/zyc/cess_d1r_168x16_reference_20260925/pmfs_2_17/rep_04_seed_2026105196/spatial/concentration.npy
12,pmfs_2_17,4,2026105197,pmfs_2_17/rep_05_seed_2026105197,da63c1d4a734894fbf1d66d90904fbce69535555ace8b6937efc4af64933536f,/home/zyc/cess_d1r_168x16_reference_20260925/pmfs_2_17/rep_05_seed_2026105197/spatial/concentration.npy,/home/zyc/cess_d1r_168x16_reference_20260925/pmfs_2_17/rep_05_seed_2026105197/spatial/concentration.npy
12,pmfs_2_17,5,2026105198,pmfs_2_17/rep_06_seed_2026105198,bb68687831429e5b282c9765d87887acfb5470cfee82f80b8aeaed05d7f2d43a,/home/zyc/cess_d1r_168x16_reference_20260925/pmfs_2_17/rep_06_seed_2026105198/spatial/concentration.npy,/home/zyc/cess_d1r_168x16_reference_20260925/pmfs_2_17/rep_06_seed_2026105198/spatial/concentration.npy
12,pmfs_2_17,6,2026105199,pmfs_2_17/rep_07_seed_2026105199,d408f59d2f0bf738b33912ea56446d544c62fa7bf908e6b9477f813e6f79e500,/home/zyc/cess_d1r_168x16_reference_20260925/pmfs_2_17/rep_07_seed_2026105199/spatial/concentration.npy,/home/zyc/cess_d1r_168x16_reference_20260925/pmfs_2_17/rep_07_seed_2026105199/spatial/concentration.npy
12,pmfs_2_17,7,2026105200,pmfs_2_17/rep_08_seed_2026105200,181ec985027c926cc8c3827528ff5d21b95fad389d0d2edf89ce68b98faf3409,/home/zyc/cess_d1r_168x16_reference_20260925/pmfs_2_17/rep_08_seed_2026105200/spatial/concentration.npy,/home/zyc/cess_d1r_168x16_reference_20260925/pmfs_2_17/rep_08_seed_2026105200/spatial/concentration.npy
12,pmfs_2_17,8,2026105201,pmfs_2_17/rep_09_seed_2026105201,04f998b0c1fb8c791d65101b465170d18ffe355fe865530189ae7e15ab4ca131,/home/zyc/cess_d1r_168x16_reference_20260925/pmfs_2_17/rep_09_seed_2026105201/spatial/concentration.npy,/home/zyc/cess_d1r_168x16_reference_20260925/pmfs_2_17/rep_09_seed_2026105201/spatial/concentration.npy
12,pmfs_2_17,9,2026105202,pmfs_2_17/rep_10_seed_2026105202,2ee575ab9e632e0f6bdca35024b32902ccf17435b023b0fb76f47139f8a68151,/home/zyc/cess_d1r_168x16_reference_20260925/pmfs_2_17/rep_10_seed_2026105202/spatial/concentration.npy,/home/zyc/cess_d1r_168x16_reference_20260925/pmfs_2_17/rep_10_seed_2026105202/spatial/concentration.npy
12,pmfs_2_17,10,2026105203,pmfs_2_17/rep_11_seed_2026105203,7a0599b4833047d4da63af462082dbab1b65580ce4bc236398b9cfbfe83607e8,/home/zyc/cess_d1r_168x16_reference_20260925/pmfs_2_17/rep_11_seed_2026105203/spatial/concentration.npy,/home/zyc/cess_d1r_168x16_reference_20260925/pmfs_2_17/rep_11_seed_2026105203/spatial/concentration.npy
12,pmfs_2_17,11,2026105204,pmfs_2_17/rep_12_seed_2026105204,80b8d672c3b1e6860f35a9d1420f392fb66eab17f6457aea219b72f8eb4fdee0,/home/zyc/cess_d1r_168x16_reference_20260925/pmfs_2_17/rep_12_seed_2026105204/spatial/concentration.npy,/home/zyc/cess_d1r_168x16_reference_20260925/pmfs_2_17/rep_12_seed_2026105204/spatial/concentration.npy
12,pmfs_2_17,12,2026105205,pmfs_2_17/rep_13_seed_2026105205,fe9c2e97f6a5dd84236b00d3e65ffb21c6f0a7319feab0b0e7a9f66924ad3011,/home/zyc/cess_d1r_168x16_reference_20260925/pmfs_2_17/rep_13_seed_2026105205/spatial/concentration.npy,/home/zyc/cess_d1r_168x16_reference_20260925/pmfs_2_17/rep_13_seed_2026105205/spatial/concentration.npy
12,pmfs_2_17,13,2026105206,pmfs_2_17/rep_14_seed_2026105206,f5a3c1df74b85e652c6054c9d4cd69cc27b89758f6b9db0b95f45d86bb4a5bbe,/home/zyc/cess_d1r_168x16_reference_20260925/pmfs_2_17/rep_14_seed_2026105206/spatial/concentration.npy,/home/zyc/cess_d1r_168x16_reference_20260925/pmfs_2_17/rep_14_seed_2026105206/spatial/concentration.npy
12,pmfs_2_17,14,2026105207,pmfs_2_17/rep_15_seed_2026105207,41a50ab187135f7f33f07507f00cb52347c41afea8f4389741e5277d6ef64002,/home/zyc/cess_d1r_168x16_reference_20260925/pmfs_2_17/rep_15_seed_2026105207/spatial/concentration.npy,/home/zyc/cess_d1r_168x16_reference_20260925/pmfs_2_17/rep_15_seed_2026105207/spatial/concentration.npy
12,pmfs_2_17,15,2026105208,pmfs_2_17/rep_16_seed_2026105208,d224f36e71d094bdfdc1bd64c5fd9297d255721d2579eec7fb1517f80f975c57,/home/zyc/cess_d1r_168x16_reference_20260925/pmfs_2_17/rep_16_seed_2026105208/spatial/concentration.npy,/home/zyc/cess_d1r_168x16_reference_20260925/pmfs_2_17/rep_16_seed_2026105208/spatial/concentration.npy
13,pmfs_2_18,0,2026105209,pmfs_2_18/rep_01_seed_2026105209,45d4994db18f1c387718d02ac15b482a534bcc87bef72ec26c15e139fceb0aff,/home/zyc/cess_d1r_168x16_reference_20260925/pmfs_2_18/rep_01_seed_2026105209/spatial/concentration.npy,/home/zyc/cess_d1r_168x16_reference_20260925/pmfs_2_18/rep_01_seed_2026105209/spatial/concentration.npy
13,pmfs_2_18,1,2026105210,pmfs_2_18/rep_02_seed_2026105210,d38485a904b971484824b996619c9f8c99f2857c86c79bb2e80db45dcdc244b7,/home/zyc/cess_d1r_168x16_reference_20260925/pmfs_2_18/rep_02_seed_2026105210/spatial/concentration.npy,/home/zyc/cess_d1r_168x16_reference_20260925/pmfs_2_18/rep_02_seed_2026105210/spatial/concentration.npy
13,pmfs_2_18,2,2026105211,pmfs_2_18/rep_03_seed_2026105211,1a38c40c2127b437ea3f71c421c2d86b02315f294760839321bee88476ae2a7e,/home/zyc/cess_d1r_168x16_reference_20260925/pmfs_2_18/rep_03_seed_2026105211/spatial/concentration.npy,/home/zyc/cess_d1r_168x16_reference_20260925/pmfs_2_18/rep_03_seed_2026105211/spatial/concentration.npy
13,pmfs_2_18,3,2026105212,pmfs_2_18/rep_04_seed_2026105212,510faa721363488f025bfb7f7bcb72210b679e78d6c4ab9a5258bba44dff2f34,/home/zyc/cess_d1r_168x16_reference_20260925/pmfs_2_18/rep_04_seed_2026105212/spatial/concentration.npy,/home/zyc/cess_d1r_168x16_reference_20260925/pmfs_2_18/rep_04_seed_2026105212/spatial/concentration.npy
13,pmfs_2_18,4,2026105213,pmfs_2_18/rep_05_seed_2026105213,3f74a537bbc345d3cdfb8d2859a754efb477cb92ac9bc18cd394b7998bbd568d,/home/zyc/cess_d1r_168x16_reference_20260925/pmfs_2_18/rep_05_seed_2026105213/spatial/concentration.npy,/home/zyc/cess_d1r_168x16_reference_20260925/pmfs_2_18/rep_05_seed_2026105213/spatial/concentration.npy
13,pmfs_2_18,5,2026105214,pmfs_2_18/rep_06_seed_2026105214,018f5bde76dbb45c0a38abafb190a1d071ca32a8328cdb92a2b738e5984726e3,/home/zyc/cess_d1r_168x16_reference_20260925/pmfs_2_18/rep_06_seed_2026105214/spatial/concentration.npy,/home/zyc/cess_d1r_168x16_reference_20260925/pmfs_2_18/rep_06_seed_2026105214/spatial/concentration.npy
13,pmfs_2_18,6,2026105215,pmfs_2_18/rep_07_seed_2026105215,05777df83f69b92e45f122bf3b3c9b31ae73e096f89448a33d6575071921da2f,/home/zyc/cess_d1r_168x16_reference_20260925/pmfs_2_18/rep_07_seed_2026105215/spatial/concentration.npy,/home/zyc/cess_d1r_168x16_reference_20260925/pmfs_2_18/rep_07_seed_2026105215/spatial/concentration.npy
13,pmfs_2_18,7,2026105216,pmfs_2_18/rep_08_seed_2026105216,3ad2a7c178452903c070e95b26768330b61c734168e7b02b33c8f40d495e56ed,/home/zyc/cess_d1r_168x16_reference_20260925/pmfs_2_18/rep_08_seed_2026105216/spatial/concentration.npy,/home/zyc/cess_d1r_168x16_reference_20260925/pmfs_2_18/rep_08_seed_2026105216/spatial/concentration.npy
13,pmfs_2_18,8,2026105217,pmfs_2_18/rep_09_seed_2026105217,0953f078a2eda11c7470e4f24cc2603aa7526e77c34f95226cf7547311396cc4,/home/zyc/cess_d1r_168x16_reference_20260925/pmfs_2_18/rep_09_seed_2026105217/spatial/concentration.npy,/home/zyc/cess_d1r_168x16_reference_20260925/pmfs_2_18/rep_09_seed_2026105217/spatial/concentration.npy
13,pmfs_2_18,9,2026105218,pmfs_2_18/rep_10_seed_2026105218,9a63b94627827ff4c4a6e26b99370831785410d4d59e7ea7b064fb8b7fe51111,/home/zyc/cess_d1r_168x16_reference_20260925/pmfs_2_18/rep_10_seed_2026105218/spatial/concentration.npy,/home/zyc/cess_d1r_168x16_reference_20260925/pmfs_2_18/rep_10_seed_2026105218/spatial/concentration.npy
13,pmfs_2_18,10,2026105219,pmfs_2_18/rep_11_seed_2026105219,80c194a4f7f8142bdda0e1dd6dd37528b0b58254b48d6bec39c8931ed459f82f,/home/zyc/cess_d1r_168x16_reference_20260925/pmfs_2_18/rep_11_seed_2026105219/spatial/concentration.npy,/home/zyc/cess_d1r_168x16_reference_20260925/pmfs_2_18/rep_11_seed_2026105219/spatial/concentration.npy
13,pmfs_2_18,11,2026105220,pmfs_2_18/rep_12_seed_2026105220,f7f07f9e419cae021296c7aa135a149e32b686b5b13adf05aa80489b60f9c764,/home/zyc/cess_d1r_168x16_reference_20260925/pmfs_2_18/rep_12_seed_2026105220/spatial/concentration.npy,/home/zyc/cess_d1r_168x16_reference_20260925/pmfs_2_18/rep_12_seed_2026105220/spatial/concentration.npy
13,pmfs_2_18,12,2026105221,pmfs_2_18/rep_13_seed_2026105221,96df446c99f701d5a21d5e3a5c0731ce9b8c503a9ce3873a4ae54d388119e164,/home/zyc/cess_d1r_168x16_reference_20260925/pmfs_2_18/rep_13_seed_2026105221/spatial/concentration.npy,/home/zyc/cess_d1r_168x16_reference_20260925/pmfs_2_18/rep_13_seed_2026105221/spatial/concentration.npy
13,pmfs_2_18,13,2026105222,pmfs_2_18/rep_14_seed_2026105222,fb79e694ff9fa705fb0655b7b754a1b53550ad4470d0fb784527d1b0c0606804,/home/zyc/cess_d1r_168x16_reference_20260925/pmfs_2_18/rep_14_seed_2026105222/spatial/concentration.npy,/home/zyc/cess_d1r_168x16_reference_20260925/pmfs_2_18/rep_14_seed_2026105222/spatial/concentration.npy
13,pmfs_2_18,14,2026105223,pmfs_2_18/rep_15_seed_2026105223,814bbbd2caf3589b76352868db5818481d000b59537ca5449b0d5b77a94d3d8b,/home/zyc/cess_d1r_168x16_reference_20260925/pmfs_2_18/rep_15_seed_2026105223/spatial/concentration.npy,/home/zyc/cess_d1r_168x16_reference_20260925/pmfs_2_18/rep_15_seed_2026105223/spatial/concentration.npy
13,pmfs_2_18,15,2026105224,pmfs_2_18/rep_16_seed_2026105224,0ce6a4d4fb8a2dfcd31f4aaa3729bf19ffc9f25ff2f649b1d4b6e16ccc2bde87,/home/zyc/cess_d1r_168x16_reference_20260925/pmfs_2_18/rep_16_seed_2026105224/spatial/concentration.npy,/home/zyc/cess_d1r_168x16_reference_20260925/pmfs_2_18/rep_16_seed_2026105224/spatial/concentration.npy
14,pmfs_3_12,0,2026105225,pmfs_3_12/rep_01_seed_2026105225,6af8e032cf291eb479bb7b3ba158fcad479019e7ad0df34377a9f022fbde12fe,/home/zyc/cess_d1r_168x16_reference_20260925/pmfs_3_12/rep_01_seed_2026105225/spatial/concentration.npy,/home/zyc/cess_d1r_168x16_reference_20260925/pmfs_3_12/rep_01_seed_2026105225/spatial/concentration.npy
14,pmfs_3_12,1,2026105226,pmfs_3_12/rep_02_seed_2026105226,7f3b0d1c25e2057a319c60c0da343942f008ac8f2a7be8f0b78c0957416503c8,/home/zyc/cess_d1r_168x16_reference_20260925/pmfs_3_12/rep_02_seed_2026105226/spatial/concentration.npy,/home/zyc/cess_d1r_168x16_reference_20260925/pmfs_3_12/rep_02_seed_2026105226/spatial/concentration.npy
14,pmfs_3_12,2,2026105227,pmfs_3_12/rep_03_seed_2026105227,70a15012f7d3f7e95dbdff6508ba06f989fdbd3ddaf4ee81e74b703764fa5434,/home/zyc/cess_d1r_168x16_reference_20260925/pmfs_3_12/rep_03_seed_2026105227/spatial/concentration.npy,/home/zyc/cess_d1r_168x16_reference_20260925/pmfs_3_12/rep_03_seed_2026105227/spatial/concentration.npy
14,pmfs_3_12,3,2026105228,pmfs_3_12/rep_04_seed_2026105228,e943f1aeed23bcda48ec64bc42d4a6e48756a7ee1f5d6d7417bd931b5a614438,/home/zyc/cess_d1r_168x16_reference_20260925/pmfs_3_12/rep_04_seed_2026105228/spatial/concentration.npy,/home/zyc/cess_d1r_168x16_reference_20260925/pmfs_3_12/rep_04_seed_2026105228/spatial/concentration.npy
14,pmfs_3_12,4,2026105229,pmfs_3_12/rep_05_seed_2026105229,a4b9ed551b87eab0572cb63f212dc3835c30722b06cc607bac74fbcb30decb3f,/home/zyc/cess_d1r_168x16_reference_20260925/pmfs_3_12/rep_05_seed_2026105229/spatial/concentration.npy,/home/zyc/cess_d1r_168x16_reference_20260925/pmfs_3_12/rep_05_seed_2026105229/spatial/concentration.npy
14,pmfs_3_12,5,2026105230,pmfs_3_12/rep_06_seed_2026105230,0cae4a2d571180c420bf79bee303fa0f08bb3bb183ded3b318c1d9af0da82e61,/home/zyc/cess_d1r_168x16_reference_20260925/pmfs_3_12/rep_06_seed_2026105230/spatial/concentration.npy,/home/zyc/cess_d1r_168x16_reference_20260925/pmfs_3_12/rep_06_seed_2026105230/spatial/concentration.npy
14,pmfs_3_12,6,2026105231,pmfs_3_12/rep_07_seed_2026105231,54e13e4f3392c7b6f09ab9c16851eb351abe18c2ad7e7e1f23a863a55747ecf7,/home/zyc/cess_d1r_168x16_reference_20260925/pmfs_3_12/rep_07_seed_2026105231/spatial/concentration.npy,/home/zyc/cess_d1r_168x16_reference_20260925/pmfs_3_12/rep_07_seed_2026105231/spatial/concentration.npy
14,pmfs_3_12,7,2026105232,pmfs_3_12/rep_08_seed_2026105232,8e340dadea5921aa728f51c096502ced0305ca3f7bbe8ff1c8e52bc6e5c5bb9c,/home/zyc/cess_d1r_168x16_reference_20260925/pmfs_3_12/rep_08_seed_2026105232/spatial/concentration.npy,/home/zyc/cess_d1r_168x16_reference_20260925/pmfs_3_12/rep_08_seed_2026105232/spatial/concentration.npy
14,pmfs_3_12,8,2026105233,pmfs_3_12/rep_09_seed_2026105233,1909bfb0dd97aee58eeb3fc39ef38600fa30dbde6ffa3ba8d85b5156adb67864,/home/zyc/cess_d1r_168x16_reference_20260925/pmfs_3_12/rep_09_seed_2026105233/spatial/concentration.npy,/home/zyc/cess_d1r_168x16_reference_20260925/pmfs_3_12/rep_09_seed_2026105233/spatial/concentration.npy
14,pmfs_3_12,9,2026105234,pmfs_3_12/rep_10_seed_2026105234,6dbd0e2e1c017673e3a028792c52e9fa67783dcc6e39b668f3fcbdc0cdfc3e67,/home/zyc/cess_d1r_168x16_reference_20260925/pmfs_3_12/rep_10_seed_2026105234/spatial/concentration.npy,/home/zyc/cess_d1r_168x16_reference_20260925/pmfs_3_12/rep_10_seed_2026105234/spatial/concentration.npy
14,pmfs_3_12,10,2026105235,pmfs_3_12/rep_11_seed_2026105235,1053a25ca65b04614419561b29a51381d452ef40b10e39c77cfebe753b58c805,/home/zyc/cess_d1r_168x16_reference_20260925/pmfs_3_12/rep_11_seed_2026105235/spatial/concentration.npy,/home/zyc/cess_d1r_168x16_reference_20260925/pmfs_3_12/rep_11_seed_2026105235/spatial/concentration.npy
14,pmfs_3_12,11,2026105236,pmfs_3_12/rep_12_seed_2026105236,c342efcc9f4c4f0fd369526d7883b9cd7e29b87d8229ec80c0ebec4141f27224,/home/zyc/cess_d1r_168x16_reference_20260925/pmfs_3_12/rep_12_seed_2026105236/spatial/concentration.npy,/home/zyc/cess_d1r_168x16_reference_20260925/pmfs_3_12/rep_12_seed_2026105236/spatial/concentration.npy
14,pmfs_3_12,12,2026105237,pmfs_3_12/rep_13_seed_2026105237,492f53d38ad05067d9eefb9028bd5a93dd2b9c9cc731a385e61934dc2e64cf7e,/home/zyc/cess_d1r_168x16_reference_20260925/pmfs_3_12/rep_13_seed_2026105237/spatial/concentration.npy,/home/zyc/cess_d1r_168x16_reference_20260925/pmfs_3_12/rep_13_seed_2026105237/spatial/concentration.npy
14,pmfs_3_12,13,2026105238,pmfs_3_12/rep_14_seed_2026105238,6aa39b7e41180c68ece25b74e5858899100ba5577a83d3ce644c61ba7f2f62e5,/home/zyc/cess_d1r_168x16_reference_20260925/pmfs_3_12/rep_14_seed_2026105238/spatial/concentration.npy,/home/zyc/cess_d1r_168x16_reference_20260925/pmfs_3_12/rep_14_seed_2026105238/spatial/concentration.npy
14,pmfs_3_12,14,2026105239,pmfs_3_12/rep_15_seed_2026105239,a137372ce38ff945a43e8cb4c98b5065307253ba8ba0ea6475ca19c092ed3f53,/home/zyc/cess_d1r_168x16_reference_20260925/pmfs_3_12/rep_15_seed_2026105239/spatial/concentration.npy,/home/zyc/cess_d1r_168x16_reference_20260925/pmfs_3_12/rep_15_seed_2026105239/spatial/concentration.npy
14,pmfs_3_12,15,2026105240,pmfs_3_12/rep_16_seed_2026105240,dd709c10c02f1b36ec44045784d344bb4e48fdf73d266969b0dc8eb065dcd88d,/home/zyc/cess_d1r_168x16_reference_20260925/pmfs_3_12/rep_16_seed_2026105240/spatial/concentration.npy,/home/zyc/cess_d1r_168x16_reference_20260925/pmfs_3_12/rep_16_seed_2026105240/spatial/concentration.npy
15,pmfs_3_13,0,2026105241,pmfs_3_13/rep_01_seed_2026105241,ffda73af31f7f9a853e999b0285e1f5bca79309bbdd05391c0fa91cfd7bf04bb,/home/zyc/cess_d1r_168x16_reference_20260925/pmfs_3_13/rep_01_seed_2026105241/spatial/concentration.npy,/home/zyc/cess_d1r_168x16_reference_20260925/pmfs_3_13/rep_01_seed_2026105241/spatial/concentration.npy
15,pmfs_3_13,1,2026105242,pmfs_3_13/rep_02_seed_2026105242,42acd1cfad6916ca317a9dc5641d5056e2cbfb5ef67e934f3f6a59627fb103e3,/home/zyc/cess_d1r_168x16_reference_20260925/pmfs_3_13/rep_02_seed_2026105242/spatial/concentration.npy,/home/zyc/cess_d1r_168x16_reference_20260925/pmfs_3_13/rep_02_seed_2026105242/spatial/concentration.npy
15,pmfs_3_13,2,2026105243,pmfs_3_13/rep_03_seed_2026105243,f7b2f0c7fbda628cc05acbe5b18d4f68f46a641dd8c5132913dca24c624620e5,/home/zyc/cess_d1r_168x16_reference_20260925/pmfs_3_13/rep_03_seed_2026105243/spatial/concentration.npy,/home/zyc/cess_d1r_168x16_reference_20260925/pmfs_3_13/rep_03_seed_2026105243/spatial/concentration.npy
15,pmfs_3_13,3,2026105244,pmfs_3_13/rep_04_seed_2026105244,af580810a1a53f09697fc6f6e536a8e5d100632f931d1776e7e1bb9de52c6b64,/home/zyc/cess_d1r_168x16_reference_20260925/pmfs_3_13/rep_04_seed_2026105244/spatial/concentration.npy,/home/zyc/cess_d1r_168x16_reference_20260925/pmfs_3_13/rep_04_seed_2026105244/spatial/concentration.npy
15,pmfs_3_13,4,2026105245,pmfs_3_13/rep_05_seed_2026105245,21e4601d0a3f133720300191465ffdfa9ced55f36353142129435eaa615d9cc7,/home/zyc/cess_d1r_168x16_reference_20260925/pmfs_3_13/rep_05_seed_2026105245/spatial/concentration.npy,/home/zyc/cess_d1r_168x16_reference_20260925/pmfs_3_13/rep_05_seed_2026105245/spatial/concentration.npy
15,pmfs_3_13,5,2026105246,pmfs_3_13/rep_06_seed_2026105246,d2ee70b41f9dba5fcaed68e79abc2b294a3dd03c6d9418d9d36d396ee243ca61,/home/zyc/cess_d1r_168x16_reference_20260925/pmfs_3_13/rep_06_seed_2026105246/spatial/concentration.npy,/home/zyc/cess_d1r_168x16_reference_20260925/pmfs_3_13/rep_06_seed_2026105246/spatial/concentration.npy
15,pmfs_3_13,6,2026105247,pmfs_3_13/rep_07_seed_2026105247,281ec64aa99edab9d62e7de8d3472c900353b1a6595bb99939e60332e8420ac8,/home/zyc/cess_d1r_168x16_reference_20260925/pmfs_3_13/rep_07_seed_2026105247/spatial/concentration.npy,/home/zyc/cess_d1r_168x16_reference_20260925/pmfs_3_13/rep_07_seed_2026105247/spatial/concentration.npy
15,pmfs_3_13,7,2026105248,pmfs_3_13/rep_08_seed_2026105248,6360f188f1a76e8ca348e601a81234e2de6d0373cafdc98a1339debf3ebd8f40,/home/zyc/cess_d1r_168x16_reference_20260925/pmfs_3_13/rep_08_seed_2026105248/spatial/concentration.npy,/home/zyc/cess_d1r_168x16_reference_20260925/pmfs_3_13/rep_08_seed_2026105248/spatial/concentration.npy
15,pmfs_3_13,8,2026105249,pmfs_3_13/rep_09_seed_2026105249,0dc0a2b98a3b8ed538aa669e4b05307920938d3c946f74473448b7e6af7e348c,/home/zyc/cess_d1r_168x16_reference_20260925/pmfs_3_13/rep_09_seed_2026105249/spatial/concentration.npy,/home/zyc/cess_d1r_168x16_reference_20260925/pmfs_3_13/rep_09_seed_2026105249/spatial/concentration.npy
15,pmfs_3_13,9,2026105250,pmfs_3_13/rep_10_seed_2026105250,f6e8c8a85b5933ea4f97d0e513b18e04acacc45a53e0225f9870d0edd2498a70,/home/zyc/cess_d1r_168x16_reference_20260925/pmfs_3_13/rep_10_seed_2026105250/spatial/concentration.npy,/home/zyc/cess_d1r_168x16_reference_20260925/pmfs_3_13/rep_10_seed_2026105250/spatial/concentration.npy
15,pmfs_3_13,10,2026105251,pmfs_3_13/rep_11_seed_2026105251,7bc16b9105dcf27de8157c42824e3a4e0d635a9c8377cba41b44a5bbb77e6d54,/home/zyc/cess_d1r_168x16_reference_20260925/pmfs_3_13/rep_11_seed_2026105251/spatial/concentration.npy,/home/zyc/cess_d1r_168x16_reference_20260925/pmfs_3_13/rep_11_seed_2026105251/spatial/concentration.npy
15,pmfs_3_13,11,2026105252,pmfs_3_13/rep_12_seed_2026105252,3f9b899eb1ce4abf6acdbb1817f7bff00262f2a8d6b71fc636d5df7860d90e52,/home/zyc/cess_d1r_168x16_reference_20260925/pmfs_3_13/rep_12_seed_2026105252/spatial/concentration.npy,/home/zyc/cess_d1r_168x16_reference_20260925/pmfs_3_13/rep_12_seed_2026105252/spatial/concentration.npy
15,pmfs_3_13,12,2026105253,pmfs_3_13/rep_13_seed_2026105253,5ca522981bc076b70800a665c3126e2e3172528ff0eab32fe2d7ed177dca2f51,/home/zyc/cess_d1r_168x16_reference_20260925/pmfs_3_13/rep_13_seed_2026105253/spatial/concentration.npy,/home/zyc/cess_d1r_168x16_reference_20260925/pmfs_3_13/rep_13_seed_2026105253/spatial/concentration.npy
15,pmfs_3_13,13,2026105254,pmfs_3_13/rep_14_seed_2026105254,d0626c8926da7b5d5f719793260f81fae9bb8ef86e512cea3e5429ba651ccdb7,/home/zyc/cess_d1r_168x16_reference_20260925/pmfs_3_13/rep_14_seed_2026105254/spatial/concentration.npy,/home/zyc/cess_d1r_168x16_reference_20260925/pmfs_3_13/rep_14_seed_2026105254/spatial/concentration.npy
15,pmfs_3_13,14,2026105255,pmfs_3_13/rep_15_seed_2026105255,8907efb9ae4da44b26381f326bca7b3ce1411298bb49063480080971b9dcad67,/home/zyc/cess_d1r_168x16_reference_20260925/pmfs_3_13/rep_15_seed_2026105255/spatial/concentration.npy,/home/zyc/cess_d1r_168x16_reference_20260925/pmfs_3_13/rep_15_seed_2026105255/spatial/concentration.npy
15,pmfs_3_13,15,2026105256,pmfs_3_13/rep_16_seed_2026105256,d88770cb2f536780d9ca850bad9c049e4ae63c164b026ab718a826be6eb06e7b,/home/zyc/cess_d1r_168x16_reference_20260925/pmfs_3_13/rep_16_seed_2026105256/spatial/concentration.npy,/home/zyc/cess_d1r_168x16_reference_20260925/pmfs_3_13/rep_16_seed_2026105256/spatial/concentration.npy
16,pmfs_3_14,0,2026105257,pmfs_3_14/rep_01_seed_2026105257,e798fc896f9d4892888e9f78a92cb5f13dc3b5195296c0434ffafbf252194923,/home/zyc/cess_d1r_168x16_reference_20260925/pmfs_3_14/rep_01_seed_2026105257/spatial/concentration.npy,/home/zyc/cess_d1r_168x16_reference_20260925/pmfs_3_14/rep_01_seed_2026105257/spatial/concentration.npy
16,pmfs_3_14,1,2026105258,pmfs_3_14/rep_02_seed_2026105258,d5ba3a315f6ca4b5599641aaba436bb8d315c28fd507cf611ab9f1bf2cf05428,/home/zyc/cess_d1r_168x16_reference_20260925/pmfs_3_14/rep_02_seed_2026105258/spatial/concentration.npy,/home/zyc/cess_d1r_168x16_reference_20260925/pmfs_3_14/rep_02_seed_2026105258/spatial/concentration.npy
16,pmfs_3_14,2,2026105259,pmfs_3_14/rep_03_seed_2026105259,55a0546ea59cb907b04c82f2cf77f505b09be12a4fd2acd38e82bac3fe773e9b,/home/zyc/cess_d1r_168x16_reference_20260925/pmfs_3_14/rep_03_seed_2026105259/spatial/concentration.npy,/home/zyc/cess_d1r_168x16_reference_20260925/pmfs_3_14/rep_03_seed_2026105259/spatial/concentration.npy
16,pmfs_3_14,3,2026105260,pmfs_3_14/rep_04_seed_2026105260,4a285aa1e0bcd39ca33af042bbe1d145c84cd41fd5ebd1ce51ec94696345cc1a,/home/zyc/cess_d1r_168x16_reference_20260925/pmfs_3_14/rep_04_seed_2026105260/spatial/concentration.npy,/home/zyc/cess_d1r_168x16_reference_20260925/pmfs_3_14/rep_04_seed_2026105260/spatial/concentration.npy
16,pmfs_3_14,4,2026105261,pmfs_3_14/rep_05_seed_2026105261,6e286b06708c2a279d5865a4b91dd6448ad73dd59e3b6d6e8ea39b4e27e1e8f0,/home/zyc/cess_d1r_168x16_reference_20260925/pmfs_3_14/rep_05_seed_2026105261/spatial/concentration.npy,/home/zyc/cess_d1r_168x16_reference_20260925/pmfs_3_14/rep_05_seed_2026105261/spatial/concentration.npy
16,pmfs_3_14,5,2026105262,pmfs_3_14/rep_06_seed_2026105262,86e5ad3b261b4a2c4462607efdd7da4d563a9dadad6889d2edcccb4d7db18a56,/home/zyc/cess_d1r_168x16_reference_20260925/pmfs_3_14/rep_06_seed_2026105262/spatial/concentration.npy,/home/zyc/cess_d1r_168x16_reference_20260925/pmfs_3_14/rep_06_seed_2026105262/spatial/concentration.npy
16,pmfs_3_14,6,2026105263,pmfs_3_14/rep_07_seed_2026105263,bb048acd6a3cf1c8099664a850496887b76e5a91433fba73d6112a3e62c6df47,/home/zyc/cess_d1r_168x16_reference_20260925/pmfs_3_14/rep_07_seed_2026105263/spatial/concentration.npy,/home/zyc/cess_d1r_168x16_reference_20260925/pmfs_3_14/rep_07_seed_2026105263/spatial/concentration.npy
16,pmfs_3_14,7,2026105264,pmfs_3_14/rep_08_seed_2026105264,114530c49a030877aba5e8a211b81e3633a86150bb7fb11e18a464795641ce5d,/home/zyc/cess_d1r_168x16_reference_20260925/pmfs_3_14/rep_08_seed_2026105264/spatial/concentration.npy,/home/zyc/cess_d1r_168x16_reference_20260925/pmfs_3_14/rep_08_seed_2026105264/spatial/concentration.npy
16,pmfs_3_14,8,2026105265,pmfs_3_14/rep_09_seed_2026105265,38f4f95b0ca866b243fe4b60223eddbe1f81b34ae47c06a22d2d98ef37d90f43,/home/zyc/cess_d1r_168x16_reference_20260925/pmfs_3_14/rep_09_seed_2026105265/spatial/concentration.npy,/home/zyc/cess_d1r_168x16_reference_20260925/pmfs_3_14/rep_09_seed_2026105265/spatial/concentration.npy
16,pmfs_3_14,9,2026105266,pmfs_3_14/rep_10_seed_2026105266,71ad625310bd4ab9647d0b04dfe95cd8f7ef98c0f8d10efc725f397f48d9368a,/home/zyc/cess_d1r_168x16_reference_20260925/pmfs_3_14/rep_10_seed_2026105266/spatial/concentration.npy,/home/zyc/cess_d1r_168x16_reference_20260925/pmfs_3_14/rep_10_seed_2026105266/spatial/concentration.npy
16,pmfs_3_14,10,2026105267,pmfs_3_14/rep_11_seed_2026105267,e9aa5f08ec69d1a4a88b7b7b5985e94217096bc094910b54fda68c02e9ea7c1f,/home/zyc/cess_d1r_168x16_reference_20260925/pmfs_3_14/rep_11_seed_2026105267/spatial/concentration.npy,/home/zyc/cess_d1r_168x16_reference_20260925/pmfs_3_14/rep_11_seed_2026105267/spatial/concentration.npy
16,pmfs_3_14,11,2026105268,pmfs_3_14/rep_12_seed_2026105268,6dcea532ef4fbed64fd3695c5600bc595930346cf744291978614014b602ceb2,/home/zyc/cess_d1r_168x16_reference_20260925/pmfs_3_14/rep_12_seed_2026105268/spatial/concentration.npy,/home/zyc/cess_d1r_168x16_reference_20260925/pmfs_3_14/rep_12_seed_2026105268/spatial/concentration.npy
16,pmfs_3_14,12,2026105269,pmfs_3_14/rep_13_seed_2026105269,9b785761cbbb7c17cc3beff6bc6303c28bdddbc3d23c1d8e9df16eee022c3645,/home/zyc/cess_d1r_168x16_reference_20260925/pmfs_3_14/rep_13_seed_2026105269/spatial/concentration.npy,/home/zyc/cess_d1r_168x16_reference_20260925/pmfs_3_14/rep_13_seed_2026105269/spatial/concentration.npy
16,pmfs_3_14,13,2026105270,pmfs_3_14/rep_14_seed_2026105270,21bcfc8204d3923a54cf4450277d9cd5f2c3893c7aac4845792005483d90c847,/home/zyc/cess_d1r_168x16_reference_20260925/pmfs_3_14/rep_14_seed_2026105270/spatial/concentration.npy,/home/zyc/cess_d1r_168x16_reference_20260925/pmfs_3_14/rep_14_seed_2026105270/spatial/concentration.npy
16,pmfs_3_14,14,2026105271,pmfs_3_14/rep_15_seed_2026105271,622887ff51f3aba04a13aaa11454634e63a79649585aa616a795767d30973332,/home/zyc/cess_d1r_168x16_reference_20260925/pmfs_3_14/rep_15_seed_2026105271/spatial/concentration.npy,/home/zyc/cess_d1r_168x16_reference_20260925/pmfs_3_14/rep_15_seed_2026105271/spatial/concentration.npy
16,pmfs_3_14,15,2026105272,pmfs_3_14/rep_16_seed_2026105272,8585601bfc9a6609e3d6084ff682098e5c2435c91f0b090fb9fb4b3ee210342e,/home/zyc/cess_d1r_168x16_reference_20260925/pmfs_3_14/rep_16_seed_2026105272/spatial/concentration.npy,/home/zyc/cess_d1r_168x16_reference_20260925/pmfs_3_14/rep_16_seed_2026105272/spatial/concentration.npy
17,pmfs_3_15,0,2026105273,pmfs_3_15/rep_01_seed_2026105273,58705c9c94fbfc2e291aa869fbddbc36769c7bf3661742bb14a98916d5a2bf0d,/home/zyc/cess_d1r_168x16_reference_20260925/pmfs_3_15/rep_01_seed_2026105273/spatial/concentration.npy,/home/zyc/cess_d1r_168x16_reference_20260925/pmfs_3_15/rep_01_seed_2026105273/spatial/concentration.npy
17,pmfs_3_15,1,2026105274,pmfs_3_15/rep_02_seed_2026105274,bf01b75c21f0291e2f22ff876e83f5300a920862c426c910a681993780ff2766,/home/zyc/cess_d1r_168x16_reference_20260925/pmfs_3_15/rep_02_seed_2026105274/spatial/concentration.npy,/home/zyc/cess_d1r_168x16_reference_20260925/pmfs_3_15/rep_02_seed_2026105274/spatial/concentration.npy
17,pmfs_3_15,2,2026105275,pmfs_3_15/rep_03_seed_2026105275,fa1019db457d81c5a31003f3ee737910984cf43f63801165806d4042682a3621,/home/zyc/cess_d1r_168x16_reference_20260925/pmfs_3_15/rep_03_seed_2026105275/spatial/concentration.npy,/home/zyc/cess_d1r_168x16_reference_20260925/pmfs_3_15/rep_03_seed_2026105275/spatial/concentration.npy
17,pmfs_3_15,3,2026105276,pmfs_3_15/rep_04_seed_2026105276,fd93b709f1f23c58b1f532e01caa41575b7ea2c09b4a410182d23fb447a7b9b8,/home/zyc/cess_d1r_168x16_reference_20260925/pmfs_3_15/rep_04_seed_2026105276/spatial/concentration.npy,/home/zyc/cess_d1r_168x16_reference_20260925/pmfs_3_15/rep_04_seed_2026105276/spatial/concentration.npy
17,pmfs_3_15,4,2026105277,pmfs_3_15/rep_05_seed_2026105277,35bbda1d4a2f18291b8a54ad7d6d83a82d037a3b905519626d21a3873f0da7a2,/home/zyc/cess_d1r_168x16_reference_20260925/pmfs_3_15/rep_05_seed_2026105277/spatial/concentration.npy,/home/zyc/cess_d1r_168x16_reference_20260925/pmfs_3_15/rep_05_seed_2026105277/spatial/concentration.npy
17,pmfs_3_15,5,2026105278,pmfs_3_15/rep_06_seed_2026105278,8d1d22ec179e57e68ee3ae5c3a166a47561236e33fe1c01fe369aefaa02353db,/home/zyc/cess_d1r_168x16_reference_20260925/pmfs_3_15/rep_06_seed_2026105278/spatial/concentration.npy,/home/zyc/cess_d1r_168x16_reference_20260925/pmfs_3_15/rep_06_seed_2026105278/spatial/concentration.npy
17,pmfs_3_15,6,2026105279,pmfs_3_15/rep_07_seed_2026105279,597d43b9f26033aa8323276e614143a38b68153b73ada17baadefc5e74dab39b,/home/zyc/cess_d1r_168x16_reference_20260925/pmfs_3_15/rep_07_seed_2026105279/spatial/concentration.npy,/home/zyc/cess_d1r_168x16_reference_20260925/pmfs_3_15/rep_07_seed_2026105279/spatial/concentration.npy
17,pmfs_3_15,7,2026105280,pmfs_3_15/rep_08_seed_2026105280,1e079633ee81afe5e7d8d064868065206bab69933506746f27ea078770177444,/home/zyc/cess_d1r_168x16_reference_20260925/pmfs_3_15/rep_08_seed_2026105280/spatial/concentration.npy,/home/zyc/cess_d1r_168x16_reference_20260925/pmfs_3_15/rep_08_seed_2026105280/spatial/concentration.npy
17,pmfs_3_15,8,2026105281,pmfs_3_15/rep_09_seed_2026105281,514b9946db67a81873d30bcce786eecf88699b3ab62d9812c92363e5004d4b39,/home/zyc/cess_d1r_168x16_reference_20260925/pmfs_3_15/rep_09_seed_2026105281/spatial/concentration.npy,/home/zyc/cess_d1r_168x16_reference_20260925/pmfs_3_15/rep_09_seed_2026105281/spatial/concentration.npy
17,pmfs_3_15,9,2026105282,pmfs_3_15/rep_10_seed_2026105282,e45670013f365b1624c13eac67963b563dc70f2a2dd56a9ae24acd29e78b74cf,/home/zyc/cess_d1r_168x16_reference_20260925/pmfs_3_15/rep_10_seed_2026105282/spatial/concentration.npy,/home/zyc/cess_d1r_168x16_reference_20260925/pmfs_3_15/rep_10_seed_2026105282/spatial/concentration.npy
17,pmfs_3_15,10,2026105283,pmfs_3_15/rep_11_seed_2026105283,e2817957015345b3d38f8c6b951efb7892ba77049059ad153cc57592486a98eb,/home/zyc/cess_d1r_168x16_reference_20260925/pmfs_3_15/rep_11_seed_2026105283/spatial/concentration.npy,/home/zyc/cess_d1r_168x16_reference_20260925/pmfs_3_15/rep_11_seed_2026105283/spatial/concentration.npy
17,pmfs_3_15,11,2026105284,pmfs_3_15/rep_12_seed_2026105284,5b2214ca06b3c63152b3f6fab7728dce4a0a2aa8721a44a209ad028c8c3df65b,/home/zyc/cess_d1r_168x16_reference_20260925/pmfs_3_15/rep_12_seed_2026105284/spatial/concentration.npy,/home/zyc/cess_d1r_168x16_reference_20260925/pmfs_3_15/rep_12_seed_2026105284/spatial/concentration.npy
17,pmfs_3_15,12,2026105285,pmfs_3_15/rep_13_seed_2026105285,8eebe7e48496691c5da0d5187f712429830e8c399684d9d6f9e19b9195b2eb32,/home/zyc/cess_d1r_168x16_reference_20260925/pmfs_3_15/rep_13_seed_2026105285/spatial/concentration.npy,/home/zyc/cess_d1r_168x16_reference_20260925/pmfs_3_15/rep_13_seed_2026105285/spatial/concentration.npy
17,pmfs_3_15,13,2026105286,pmfs_3_15/rep_14_seed_2026105286,f2ae79e517d417621fcc3361b431d52dbd25e41baf29b238efa73cd8a65fd90a,/home/zyc/cess_d1r_168x16_reference_20260925/pmfs_3_15/rep_14_seed_2026105286/spatial/concentration.npy,/home/zyc/cess_d1r_168x16_reference_20260925/pmfs_3_15/rep_14_seed_2026105286/spatial/concentration.npy
17,pmfs_3_15,14,2026105287,pmfs_3_15/rep_15_seed_2026105287,76661b447264d38c94235a4db6163d3f68ee65ceab32e809e7434cec65c91b07,/home/zyc/cess_d1r_168x16_reference_20260925/pmfs_3_15/rep_15_seed_2026105287/spatial/concentration.npy,/home/zyc/cess_d1r_168x16_reference_20260925/pmfs_3_15/rep_15_seed_2026105287/spatial/concentration.npy
17,pmfs_3_15,15,2026105288,pmfs_3_15/rep_16_seed_2026105288,c75c15c0261a7d49af721d51d15dc7bdfb70b8b6d6499360cb274a68dea0c56e,/home/zyc/cess_d1r_168x16_reference_20260925/pmfs_3_15/rep_16_seed_2026105288/spatial/concentration.npy,/home/zyc/cess_d1r_168x16_reference_20260925/pmfs_3_15/rep_16_seed_2026105288/spatial/concentration.npy
18,pmfs_3_16,0,2026105289,pmfs_3_16/rep_01_seed_2026105289,e24638ee0f61ebeb40a7050d2e4e92b8b0249709dcf673eb4e4bcbfd28f757da,/home/zyc/cess_d1r_168x16_reference_20260925/pmfs_3_16/rep_01_seed_2026105289/spatial/concentration.npy,/home/zyc/cess_d1r_168x16_reference_20260925/pmfs_3_16/rep_01_seed_2026105289/spatial/concentration.npy
18,pmfs_3_16,1,2026105290,pmfs_3_16/rep_02_seed_2026105290,af8942539c0ec9967b985db13c3ddb1ec3bcbb573aa27b447337c603fd68105d,/home/zyc/cess_d1r_168x16_reference_20260925/pmfs_3_16/rep_02_seed_2026105290/spatial/concentration.npy,/home/zyc/cess_d1r_168x16_reference_20260925/pmfs_3_16/rep_02_seed_2026105290/spatial/concentration.npy
18,pmfs_3_16,2,2026105291,pmfs_3_16/rep_03_seed_2026105291,f4f73b49a6e04fd6152e3f327a85802b89cd61e5d16a84425cfa1d3b2f65f281,/home/zyc/cess_d1r_168x16_reference_20260925/pmfs_3_16/rep_03_seed_2026105291/spatial/concentration.npy,/home/zyc/cess_d1r_168x16_reference_20260925/pmfs_3_16/rep_03_seed_2026105291/spatial/concentration.npy
18,pmfs_3_16,3,2026105292,pmfs_3_16/rep_04_seed_2026105292,d67d2722712a1c106924b52c3d74c1179c94852f3ebefb841da17b9f4058455e,/home/zyc/cess_d1r_168x16_reference_20260925/pmfs_3_16/rep_04_seed_2026105292/spatial/concentration.npy,/home/zyc/cess_d1r_168x16_reference_20260925/pmfs_3_16/rep_04_seed_2026105292/spatial/concentration.npy
18,pmfs_3_16,4,2026105293,pmfs_3_16/rep_05_seed_2026105293,53cf8deff0ee4bf56b99624dfa75c5b70245fbfcf43bf5064ff41f7d110ff1a4,/home/zyc/cess_d1r_168x16_reference_20260925/pmfs_3_16/rep_05_seed_2026105293/spatial/concentration.npy,/home/zyc/cess_d1r_168x16_reference_20260925/pmfs_3_16/rep_05_seed_2026105293/spatial/concentration.npy
18,pmfs_3_16,5,2026105294,pmfs_3_16/rep_06_seed_2026105294,98a2c53bc1ad3736c1cdc3ad146720c93c200ec5064beaa802170335ce92b29e,/home/zyc/cess_d1r_168x16_reference_20260925/pmfs_3_16/rep_06_seed_2026105294/spatial/concentration.npy,/home/zyc/cess_d1r_168x16_reference_20260925/pmfs_3_16/rep_06_seed_2026105294/spatial/concentration.npy
18,pmfs_3_16,6,2026105295,pmfs_3_16/rep_07_seed_2026105295,347138da55fa8dba593c5f7adeb325a823f492fc83068caf5bc82bde57f096b5,/home/zyc/cess_d1r_168x16_reference_20260925/pmfs_3_16/rep_07_seed_2026105295/spatial/concentration.npy,/home/zyc/cess_d1r_168x16_reference_20260925/pmfs_3_16/rep_07_seed_2026105295/spatial/concentration.npy
18,pmfs_3_16,7,2026105296,pmfs_3_16/rep_08_seed_2026105296,6f63c652c8dea116c4ac7b37e558a85b208391ebe28ea9991d5846eab963e6dc,/home/zyc/cess_d1r_168x16_reference_20260925/pmfs_3_16/rep_08_seed_2026105296/spatial/concentration.npy,/home/zyc/cess_d1r_168x16_reference_20260925/pmfs_3_16/rep_08_seed_2026105296/spatial/concentration.npy
18,pmfs_3_16,8,2026105297,pmfs_3_16/rep_09_seed_2026105297,06552ce812c486cbdd5ad3468ac024fbf96c274604630d156b864513cd3c5c24,/home/zyc/cess_d1r_168x16_reference_20260925/pmfs_3_16/rep_09_seed_2026105297/spatial/concentration.npy,/home/zyc/cess_d1r_168x16_reference_20260925/pmfs_3_16/rep_09_seed_2026105297/spatial/concentration.npy
18,pmfs_3_16,9,2026105298,pmfs_3_16/rep_10_seed_2026105298,8885f117a269411d599944703b4ef57477a57fab5413707252276eea7e9dad51,/home/zyc/cess_d1r_168x16_reference_20260925/pmfs_3_16/rep_10_seed_2026105298/spatial/concentration.npy,/home/zyc/cess_d1r_168x16_reference_20260925/pmfs_3_16/rep_10_seed_2026105298/spatial/concentration.npy
18,pmfs_3_16,10,2026105299,pmfs_3_16/rep_11_seed_2026105299,994181038a9525110f8faa6fb08c0771e0f0c81b7c82522d53bcc2165fb98586,/home/zyc/cess_d1r_168x16_reference_20260925/pmfs_3_16/rep_11_seed_2026105299/spatial/concentration.npy,/home/zyc/cess_d1r_168x16_reference_20260925/pmfs_3_16/rep_11_seed_2026105299/spatial/concentration.npy
18,pmfs_3_16,11,2026105300,pmfs_3_16/rep_12_seed_2026105300,081aeaad338f95f027458c9bff3970859f48e1cfaba80b8b421d1a1cd05ba114,/home/zyc/cess_d1r_168x16_reference_20260925/pmfs_3_16/rep_12_seed_2026105300/spatial/concentration.npy,/home/zyc/cess_d1r_168x16_reference_20260925/pmfs_3_16/rep_12_seed_2026105300/spatial/concentration.npy
18,pmfs_3_16,12,2026105301,pmfs_3_16/rep_13_seed_2026105301,bc3155e256b33961a2b95040ea888d437e8617d2dedb09484eafb700950ee505,/home/zyc/cess_d1r_168x16_reference_20260925/pmfs_3_16/rep_13_seed_2026105301/spatial/concentration.npy,/home/zyc/cess_d1r_168x16_reference_20260925/pmfs_3_16/rep_13_seed_2026105301/spatial/concentration.npy
18,pmfs_3_16,13,2026105302,pmfs_3_16/rep_14_seed_2026105302,fe0b34a287e606bb7f19f258cebcbe2904d69008b840d7afcefa02f2f4971e80,/home/zyc/cess_d1r_168x16_reference_20260925/pmfs_3_16/rep_14_seed_2026105302/spatial/concentration.npy,/home/zyc/cess_d1r_168x16_reference_20260925/pmfs_3_16/rep_14_seed_2026105302/spatial/concentration.npy
18,pmfs_3_16,14,2026105303,pmfs_3_16/rep_15_seed_2026105303,040d68edc0f1e2ba9e3764fb3adda52e58493ceca7bef6a54029b0677329fd69,/home/zyc/cess_d1r_168x16_reference_20260925/pmfs_3_16/rep_15_seed_2026105303/spatial/concentration.npy,/home/zyc/cess_d1r_168x16_reference_20260925/pmfs_3_16/rep_15_seed_2026105303/spatial/concentration.npy
18,pmfs_3_16,15,2026105304,pmfs_3_16/rep_16_seed_2026105304,2057f8a0e32f88f319357a0c30e24802114f5f119d51eb05b3dd0883169aed9d,/home/zyc/cess_d1r_168x16_reference_20260925/pmfs_3_16/rep_16_seed_2026105304/spatial/concentration.npy,/home/zyc/cess_d1r_168x16_reference_20260925/pmfs_3_16/rep_16_seed_2026105304/spatial/concentration.npy
19,pmfs_3_17,0,2026105305,pmfs_3_17/rep_01_seed_2026105305,4501262a91ff888dadc9c1bf99c518ace1dea3cb45102b154d8e87296635a7ee,/home/zyc/cess_d1r_168x16_reference_20260925/pmfs_3_17/rep_01_seed_2026105305/spatial/concentration.npy,/home/zyc/cess_d1r_168x16_reference_20260925/pmfs_3_17/rep_01_seed_2026105305/spatial/concentration.npy
19,pmfs_3_17,1,2026105306,pmfs_3_17/rep_02_seed_2026105306,ae290c14eee0e419b3d28049af51937d1dfc23067bb77070845c37065f93173b,/home/zyc/cess_d1r_168x16_reference_20260925/pmfs_3_17/rep_02_seed_2026105306/spatial/concentration.npy,/home/zyc/cess_d1r_168x16_reference_20260925/pmfs_3_17/rep_02_seed_2026105306/spatial/concentration.npy
19,pmfs_3_17,2,2026105307,pmfs_3_17/rep_03_seed_2026105307,9eb67cdcefbac46875f5763d01cb7ec07bb9da349df61d2308e6b3682e4c0061,/home/zyc/cess_d1r_168x16_reference_20260925/pmfs_3_17/rep_03_seed_2026105307/spatial/concentration.npy,/home/zyc/cess_d1r_168x16_reference_20260925/pmfs_3_17/rep_03_seed_2026105307/spatial/concentration.npy
19,pmfs_3_17,3,2026105308,pmfs_3_17/rep_04_seed_2026105308,c91903619ae0b51a5c6a00e550c088d64e91c617aec81279062b40716dfec12a,/home/zyc/cess_d1r_168x16_reference_20260925/pmfs_3_17/rep_04_seed_2026105308/spatial/concentration.npy,/home/zyc/cess_d1r_168x16_reference_20260925/pmfs_3_17/rep_04_seed_2026105308/spatial/concentration.npy
19,pmfs_3_17,4,2026105309,pmfs_3_17/rep_05_seed_2026105309,711e03aae7dc5efcbb847f3e97e0507509f3e9181a7cea1b91249dddce945926,/home/zyc/cess_d1r_168x16_reference_20260925/pmfs_3_17/rep_05_seed_2026105309/spatial/concentration.npy,/home/zyc/cess_d1r_168x16_reference_20260925/pmfs_3_17/rep_05_seed_2026105309/spatial/concentration.npy
19,pmfs_3_17,5,2026105310,pmfs_3_17/rep_06_seed_2026105310,73058c2eb848b387e912c03ab9ea89b520ad117554a32b8e5790f666050e096f,/home/zyc/cess_d1r_168x16_reference_20260925/pmfs_3_17/rep_06_seed_2026105310/spatial/concentration.npy,/home/zyc/cess_d1r_168x16_reference_20260925/pmfs_3_17/rep_06_seed_2026105310/spatial/concentration.npy
19,pmfs_3_17,6,2026105311,pmfs_3_17/rep_07_seed_2026105311,1f0e56e806fbdf39966bfb514ba503cd8e59f4ecb68be97d5c88b39a4083f240,/home/zyc/cess_d1r_168x16_reference_20260925/pmfs_3_17/rep_07_seed_2026105311/spatial/concentration.npy,/home/zyc/cess_d1r_168x16_reference_20260925/pmfs_3_17/rep_07_seed_2026105311/spatial/concentration.npy
19,pmfs_3_17,7,2026105312,pmfs_3_17/rep_08_seed_2026105312,1e8c1f5509ecb9e6390a9b0c68b6ee77f3505b4c8c3b6638a2de2481e9113c53,/home/zyc/cess_d1r_168x16_reference_20260925/pmfs_3_17/rep_08_seed_2026105312/spatial/concentration.npy,/home/zyc/cess_d1r_168x16_reference_20260925/pmfs_3_17/rep_08_seed_2026105312/spatial/concentration.npy
19,pmfs_3_17,8,2026105313,pmfs_3_17/rep_09_seed_2026105313,6b3aab2bf60c6d40135246c6a0fe8163d9bc9b9c83a2dfda32c9c2c1887ecb69,/home/zyc/cess_d1r_168x16_reference_20260925/pmfs_3_17/rep_09_seed_2026105313/spatial/concentration.npy,/home/zyc/cess_d1r_168x16_reference_20260925/pmfs_3_17/rep_09_seed_2026105313/spatial/concentration.npy
19,pmfs_3_17,9,2026105314,pmfs_3_17/rep_10_seed_2026105314,b69f68e49f631ccc43a43fc9877447886c76443c430c7db4867ff95fa8b5b754,/home/zyc/cess_d1r_168x16_reference_20260925/pmfs_3_17/rep_10_seed_2026105314/spatial/concentration.npy,/home/zyc/cess_d1r_168x16_reference_20260925/pmfs_3_17/rep_10_seed_2026105314/spatial/concentration.npy
19,pmfs_3_17,10,2026105315,pmfs_3_17/rep_11_seed_2026105315,30eb009ac28bb3e35edd940a34154433e5af5b6d251e5d3ac13341a8f3cfb2c5,/home/zyc/cess_d1r_168x16_reference_20260925/pmfs_3_17/rep_11_seed_2026105315/spatial/concentration.npy,/home/zyc/cess_d1r_168x16_reference_20260925/pmfs_3_17/rep_11_seed_2026105315/spatial/concentration.npy
19,pmfs_3_17,11,2026105316,pmfs_3_17/rep_12_seed_2026105316,b5f55083f34e5295a30219cea524a41affaf941b5ec8a674183736c0393a68ab,/home/zyc/cess_d1r_168x16_reference_20260925/pmfs_3_17/rep_12_seed_2026105316/spatial/concentration.npy,/home/zyc/cess_d1r_168x16_reference_20260925/pmfs_3_17/rep_12_seed_2026105316/spatial/concentration.npy
19,pmfs_3_17,12,2026105317,pmfs_3_17/rep_13_seed_2026105317,9b6a6cbabc9fd70ad71fc2d8807b094ecd05f3b0f7052d69e50304208703fbb0,/home/zyc/cess_d1r_168x16_reference_20260925/pmfs_3_17/rep_13_seed_2026105317/spatial/concentration.npy,/home/zyc/cess_d1r_168x16_reference_20260925/pmfs_3_17/rep_13_seed_2026105317/spatial/concentration.npy
19,pmfs_3_17,13,2026105318,pmfs_3_17/rep_14_seed_2026105318,9522b35b527281ccf116db8e24fa4070c2df5ab10a271f0353b4dbe3edd94a0f,/home/zyc/cess_d1r_168x16_reference_20260925/pmfs_3_17/rep_14_seed_2026105318/spatial/concentration.npy,/home/zyc/cess_d1r_168x16_reference_20260925/pmfs_3_17/rep_14_seed_2026105318/spatial/concentration.npy
19,pmfs_3_17,14,2026105319,pmfs_3_17/rep_15_seed_2026105319,d27d981a1ac2d9b02a0cb913e41510345bf11598d87c706095fd986d9f121be3,/home/zyc/cess_d1r_168x16_reference_20260925/pmfs_3_17/rep_15_seed_2026105319/spatial/concentration.npy,/home/zyc/cess_d1r_168x16_reference_20260925/pmfs_3_17/rep_15_seed_2026105319/spatial/concentration.npy
19,pmfs_3_17,15,2026105320,pmfs_3_17/rep_16_seed_2026105320,5f25a78020fdb97a3b3bdaa0ed6770dd38cf29a82e8e2f14853411e92fb57056,/home/zyc/cess_d1r_168x16_reference_20260925/pmfs_3_17/rep_16_seed_2026105320/spatial/concentration.npy,/home/zyc/cess_d1r_168x16_reference_20260925/pmfs_3_17/rep_16_seed_2026105320/spatial/concentration.npy
20,pmfs_3_18,0,2026105321,pmfs_3_18/rep_01_seed_2026105321,80eaa93a2fcc25f25e3f4f3eb7f5ad0b5596e86d7daf8cd8128c3825ef1f1836,/home/zyc/cess_d1r_168x16_reference_20260925/pmfs_3_18/rep_01_seed_2026105321/spatial/concentration.npy,/home/zyc/cess_d1r_168x16_reference_20260925/pmfs_3_18/rep_01_seed_2026105321/spatial/concentration.npy
20,pmfs_3_18,1,2026105322,pmfs_3_18/rep_02_seed_2026105322,734dda93926a730a529eea3b90dedd95074f8e1925bb21f8fb4346c7173e4548,/home/zyc/cess_d1r_168x16_reference_20260925/pmfs_3_18/rep_02_seed_2026105322/spatial/concentration.npy,/home/zyc/cess_d1r_168x16_reference_20260925/pmfs_3_18/rep_02_seed_2026105322/spatial/concentration.npy
20,pmfs_3_18,2,2026105323,pmfs_3_18/rep_03_seed_2026105323,c624ae65579dd37d9fc3a89c01b17d2f9e22fe1c01b2f85e47a1e94077d68cbb,/home/zyc/cess_d1r_168x16_reference_20260925/pmfs_3_18/rep_03_seed_2026105323/spatial/concentration.npy,/home/zyc/cess_d1r_168x16_reference_20260925/pmfs_3_18/rep_03_seed_2026105323/spatial/concentration.npy
20,pmfs_3_18,3,2026105324,pmfs_3_18/rep_04_seed_2026105324,355f079dcd9803769676ef6eed629f6ce26e57b0a69c61dce20040ea76272fee,/home/zyc/cess_d1r_168x16_reference_20260925/pmfs_3_18/rep_04_seed_2026105324/spatial/concentration.npy,/home/zyc/cess_d1r_168x16_reference_20260925/pmfs_3_18/rep_04_seed_2026105324/spatial/concentration.npy
20,pmfs_3_18,4,2026105325,pmfs_3_18/rep_05_seed_2026105325,302bb8a5f49ce1f857cbf091a62e75d097f7603e82df161f5af24a9070564faa,/home/zyc/cess_d1r_168x16_reference_20260925/pmfs_3_18/rep_05_seed_2026105325/spatial/concentration.npy,/home/zyc/cess_d1r_168x16_reference_20260925/pmfs_3_18/rep_05_seed_2026105325/spatial/concentration.npy
20,pmfs_3_18,5,2026105326,pmfs_3_18/rep_06_seed_2026105326,906888cb20a73a51c5ea0e14acd0df8e51c9dab4df3172228b85f9cd759f2c44,/home/zyc/cess_d1r_168x16_reference_20260925/pmfs_3_18/rep_06_seed_2026105326/spatial/concentration.npy,/home/zyc/cess_d1r_168x16_reference_20260925/pmfs_3_18/rep_06_seed_2026105326/spatial/concentration.npy
20,pmfs_3_18,6,2026105327,pmfs_3_18/rep_07_seed_2026105327,94a97abc673d9de3bad2fe3970984cd5fcde7cd0b41d0014cca354c47339c3f7,/home/zyc/cess_d1r_168x16_reference_20260925/pmfs_3_18/rep_07_seed_2026105327/spatial/concentration.npy,/home/zyc/cess_d1r_168x16_reference_20260925/pmfs_3_18/rep_07_seed_2026105327/spatial/concentration.npy
20,pmfs_3_18,7,2026105328,pmfs_3_18/rep_08_seed_2026105328,cf6c14814e5b27c7fd61212746bdc9e9679c94f06f3d26f5771fd5488cef4626,/home/zyc/cess_d1r_168x16_reference_20260925/pmfs_3_18/rep_08_seed_2026105328/spatial/concentration.npy,/home/zyc/cess_d1r_168x16_reference_20260925/pmfs_3_18/rep_08_seed_2026105328/spatial/concentration.npy
20,pmfs_3_18,8,2026105329,pmfs_3_18/rep_09_seed_2026105329,f47425439ac0bd0a21f5cd58e288baa458bc8537a64ec57bd46905ba1e8e13f2,/home/zyc/cess_d1r_168x16_reference_20260925/pmfs_3_18/rep_09_seed_2026105329/spatial/concentration.npy,/home/zyc/cess_d1r_168x16_reference_20260925/pmfs_3_18/rep_09_seed_2026105329/spatial/concentration.npy
20,pmfs_3_18,9,2026105330,pmfs_3_18/rep_10_seed_2026105330,76cdcd426a109a7f9b6fe292cef43682290e25c204658de20347f0f52ddf05ca,/home/zyc/cess_d1r_168x16_reference_20260925/pmfs_3_18/rep_10_seed_2026105330/spatial/concentration.npy,/home/zyc/cess_d1r_168x16_reference_20260925/pmfs_3_18/rep_10_seed_2026105330/spatial/concentration.npy
20,pmfs_3_18,10,2026105331,pmfs_3_18/rep_11_seed_2026105331,bab3469dcd24bbfe4aebf661733a7227d56e7a2db947babc0b7d5a37173d53fb,/home/zyc/cess_d1r_168x16_reference_20260925/pmfs_3_18/rep_11_seed_2026105331/spatial/concentration.npy,/home/zyc/cess_d1r_168x16_reference_20260925/pmfs_3_18/rep_11_seed_2026105331/spatial/concentration.npy
20,pmfs_3_18,11,2026105332,pmfs_3_18/rep_12_seed_2026105332,d2e3e1d360352f64ec3fdc6f4fd14884acfba67687693117a58d972b415f4437,/home/zyc/cess_d1r_168x16_reference_20260925/pmfs_3_18/rep_12_seed_2026105332/spatial/concentration.npy,/home/zyc/cess_d1r_168x16_reference_20260925/pmfs_3_18/rep_12_seed_2026105332/spatial/concentration.npy
20,pmfs_3_18,12,2026105333,pmfs_3_18/rep_13_seed_2026105333,be5d59de33e92ecc8d2cdb64b685c6f88615993e0fed1fe0c4c485b0d0d3efa7,/home/zyc/cess_d1r_168x16_reference_20260925/pmfs_3_18/rep_13_seed_2026105333/spatial/concentration.npy,/home/zyc/cess_d1r_168x16_reference_20260925/pmfs_3_18/rep_13_seed_2026105333/spatial/concentration.npy
20,pmfs_3_18,13,2026105334,pmfs_3_18/rep_14_seed_2026105334,2c508034e78cfa4743c0dfc99956433872038d8c19c1925a53cd77fea09c6f30,/home/zyc/cess_d1r_168x16_reference_20260925/pmfs_3_18/rep_14_seed_2026105334/spatial/concentration.npy,/home/zyc/cess_d1r_168x16_reference_20260925/pmfs_3_18/rep_14_seed_2026105334/spatial/concentration.npy
20,pmfs_3_18,14,2026105335,pmfs_3_18/rep_15_seed_2026105335,c9b9e5f399914922339701b41bd089ff9211a293723ff0d4ae00d10988ff1dac,/home/zyc/cess_d1r_168x16_reference_20260925/pmfs_3_18/rep_15_seed_2026105335/spatial/concentration.npy,/home/zyc/cess_d1r_168x16_reference_20260925/pmfs_3_18/rep_15_seed_2026105335/spatial/concentration.npy
20,pmfs_3_18,15,2026105336,pmfs_3_18/rep_16_seed_2026105336,2afc8d74ec12fee64f397a8fdb97de9effb4aa1a396a333a3aa91e368bc8ca1d,/home/zyc/cess_d1r_168x16_reference_20260925/pmfs_3_18/rep_16_seed_2026105336/spatial/concentration.npy,/home/zyc/cess_d1r_168x16_reference_20260925/pmfs_3_18/rep_16_seed_2026105336/spatial/concentration.npy
21,pmfs_4_12,0,2026105337,pmfs_4_12/rep_01_seed_2026105337,5e201326897cf107eb59c948f78f04adb160473b709611c3d43e0df6e98fcfbe,/home/zyc/cess_d1r_168x16_reference_20260925/pmfs_4_12/rep_01_seed_2026105337/spatial/concentration.npy,/home/zyc/cess_d1r_168x16_reference_20260925/pmfs_4_12/rep_01_seed_2026105337/spatial/concentration.npy
21,pmfs_4_12,1,2026105338,pmfs_4_12/rep_02_seed_2026105338,88e837ea4c5c251b5f0aa28e20ead7ff5c7baf03d65c8d11e10e51a4111322b8,/home/zyc/cess_d1r_168x16_reference_20260925/pmfs_4_12/rep_02_seed_2026105338/spatial/concentration.npy,/home/zyc/cess_d1r_168x16_reference_20260925/pmfs_4_12/rep_02_seed_2026105338/spatial/concentration.npy
21,pmfs_4_12,2,2026105339,pmfs_4_12/rep_03_seed_2026105339,af5f234c737cd819893e5efaee54b7b88ee6f23f461e4ba4ea88d6542b8d5778,/home/zyc/cess_d1r_168x16_reference_20260925/pmfs_4_12/rep_03_seed_2026105339/spatial/concentration.npy,/home/zyc/cess_d1r_168x16_reference_20260925/pmfs_4_12/rep_03_seed_2026105339/spatial/concentration.npy
21,pmfs_4_12,3,2026105340,pmfs_4_12/rep_04_seed_2026105340,49375b1f83349e290e4f0cee7a686c494cad2935b4ec92934c261410ce9b52c9,/home/zyc/cess_d1r_168x16_reference_20260925/pmfs_4_12/rep_04_seed_2026105340/spatial/concentration.npy,/home/zyc/cess_d1r_168x16_reference_20260925/pmfs_4_12/rep_04_seed_2026105340/spatial/concentration.npy
21,pmfs_4_12,4,2026105341,pmfs_4_12/rep_05_seed_2026105341,aaf3807fab4de32e898840a794a8c654d2c74a1446a67ec88d501dc841abd6b5,/home/zyc/cess_d1r_168x16_reference_20260925/pmfs_4_12/rep_05_seed_2026105341/spatial/concentration.npy,/home/zyc/cess_d1r_168x16_reference_20260925/pmfs_4_12/rep_05_seed_2026105341/spatial/concentration.npy
21,pmfs_4_12,5,2026105342,pmfs_4_12/rep_06_seed_2026105342,dddd3c8cba4062945aa44922ca56f2f9ddbfc2a8c343ee836dc3fb65a4f11550,/home/zyc/cess_d1r_168x16_reference_20260925/pmfs_4_12/rep_06_seed_2026105342/spatial/concentration.npy,/home/zyc/cess_d1r_168x16_reference_20260925/pmfs_4_12/rep_06_seed_2026105342/spatial/concentration.npy
21,pmfs_4_12,6,2026105343,pmfs_4_12/rep_07_seed_2026105343,d29d76d279158753f203cf24e93f31bd1e438abdcd9c65040ae154a173521724,/home/zyc/cess_d1r_168x16_reference_20260925/pmfs_4_12/rep_07_seed_2026105343/spatial/concentration.npy,/home/zyc/cess_d1r_168x16_reference_20260925/pmfs_4_12/rep_07_seed_2026105343/spatial/concentration.npy
21,pmfs_4_12,7,2026105344,pmfs_4_12/rep_08_seed_2026105344,62afbabb77e35db707c24c4e6d7fb72bd8d6f2991fd521f5daf22037a33e7971,/home/zyc/cess_d1r_168x16_reference_20260925/pmfs_4_12/rep_08_seed_2026105344/spatial/concentration.npy,/home/zyc/cess_d1r_168x16_reference_20260925/pmfs_4_12/rep_08_seed_2026105344/spatial/concentration.npy
21,pmfs_4_12,8,2026105345,pmfs_4_12/rep_09_seed_2026105345,3ddf1f617fbbef7c456148e805746f8662bb209207fd73d04f66904c68433b6d,/home/zyc/cess_d1r_168x16_reference_20260925/pmfs_4_12/rep_09_seed_2026105345/spatial/concentration.npy,/home/zyc/cess_d1r_168x16_reference_20260925/pmfs_4_12/rep_09_seed_2026105345/spatial/concentration.npy
21,pmfs_4_12,9,2026105346,pmfs_4_12/rep_10_seed_2026105346,9a4309bfe45fcb98b9d627bb2f8e1fe12f039fa80dcb76eba03c68de5e9b50e4,/home/zyc/cess_d1r_168x16_reference_20260925/pmfs_4_12/rep_10_seed_2026105346/spatial/concentration.npy,/home/zyc/cess_d1r_168x16_reference_20260925/pmfs_4_12/rep_10_seed_2026105346/spatial/concentration.npy
21,pmfs_4_12,10,2026105347,pmfs_4_12/rep_11_seed_2026105347,d59873e2abb0950ab3cb77594477451f6ce94a9991f7066269285bae541838b9,/home/zyc/cess_d1r_168x16_reference_20260925/pmfs_4_12/rep_11_seed_2026105347/spatial/concentration.npy,/home/zyc/cess_d1r_168x16_reference_20260925/pmfs_4_12/rep_11_seed_2026105347/spatial/concentration.npy
21,pmfs_4_12,11,2026105348,pmfs_4_12/rep_12_seed_2026105348,e433077d978ed220c68664741b1379f8e680805abcae0e4feed9b2dc95def34b,/home/zyc/cess_d1r_168x16_reference_20260925/pmfs_4_12/rep_12_seed_2026105348/spatial/concentration.npy,/home/zyc/cess_d1r_168x16_reference_20260925/pmfs_4_12/rep_12_seed_2026105348/spatial/concentration.npy
21,pmfs_4_12,12,2026105349,pmfs_4_12/rep_13_seed_2026105349,977cb5d6d4c3a3ef89ff26903e85c7d5d43ba97f1ffc23b6f08f039e2c7eac41,/home/zyc/cess_d1r_168x16_reference_20260925/pmfs_4_12/rep_13_seed_2026105349/spatial/concentration.npy,/home/zyc/cess_d1r_168x16_reference_20260925/pmfs_4_12/rep_13_seed_2026105349/spatial/concentration.npy
21,pmfs_4_12,13,2026105350,pmfs_4_12/rep_14_seed_2026105350,3660561143449ff53d490c8b6fe7d0a17072da926e87c5fbfdea5c4614947148,/home/zyc/cess_d1r_168x16_reference_20260925/pmfs_4_12/rep_14_seed_2026105350/spatial/concentration.npy,/home/zyc/cess_d1r_168x16_reference_20260925/pmfs_4_12/rep_14_seed_2026105350/spatial/concentration.npy
21,pmfs_4_12,14,2026105351,pmfs_4_12/rep_15_seed_2026105351,f111b4f4faca9c35d3ccd0f858241f57ab2450e05025364df950914d5a18a544,/home/zyc/cess_d1r_168x16_reference_20260925/pmfs_4_12/rep_15_seed_2026105351/spatial/concentration.npy,/home/zyc/cess_d1r_168x16_reference_20260925/pmfs_4_12/rep_15_seed_2026105351/spatial/concentration.npy
21,pmfs_4_12,15,2026105352,pmfs_4_12/rep_16_seed_2026105352,e3813361092fb1cf9d27e4006e879fc76080a90183cb13e4875fd1d0e233069e,/home/zyc/cess_d1r_168x16_reference_20260925/pmfs_4_12/rep_16_seed_2026105352/spatial/concentration.npy,/home/zyc/cess_d1r_168x16_reference_20260925/pmfs_4_12/rep_16_seed_2026105352/spatial/concentration.npy
22,pmfs_4_13,0,2026105353,pmfs_4_13/rep_01_seed_2026105353,91428fcc5b915b3d07e11366c716f483e7abc45b86fc1fb32158c428206eae93,/home/zyc/cess_d1r_168x16_reference_20260925/pmfs_4_13/rep_01_seed_2026105353/spatial/concentration.npy,/home/zyc/cess_d1r_168x16_reference_20260925/pmfs_4_13/rep_01_seed_2026105353/spatial/concentration.npy
22,pmfs_4_13,1,2026105354,pmfs_4_13/rep_02_seed_2026105354,4776a92828c965f6e2ee562efa67556002127cdb1fd94fd1c7a5e7ed8870f8d4,/home/zyc/cess_d1r_168x16_reference_20260925/pmfs_4_13/rep_02_seed_2026105354/spatial/concentration.npy,/home/zyc/cess_d1r_168x16_reference_20260925/pmfs_4_13/rep_02_seed_2026105354/spatial/concentration.npy
22,pmfs_4_13,2,2026105355,pmfs_4_13/rep_03_seed_2026105355,dac81f17efc829aeaa6637b12deb24ce68d2dd2cb58223c419dec288bbc58232,/home/zyc/cess_d1r_168x16_reference_20260925/pmfs_4_13/rep_03_seed_2026105355/spatial/concentration.npy,/home/zyc/cess_d1r_168x16_reference_20260925/pmfs_4_13/rep_03_seed_2026105355/spatial/concentration.npy
22,pmfs_4_13,3,2026105356,pmfs_4_13/rep_04_seed_2026105356,a20affc6a4f56a5af8dd18af1d71c0c7442e0f0a62611a74f37354e5825df828,/home/zyc/cess_d1r_168x16_reference_20260925/pmfs_4_13/rep_04_seed_2026105356/spatial/concentration.npy,/home/zyc/cess_d1r_168x16_reference_20260925/pmfs_4_13/rep_04_seed_2026105356/spatial/concentration.npy
22,pmfs_4_13,4,2026105357,pmfs_4_13/rep_05_seed_2026105357,5eacefe6f9bfa68d57084b1262784f9d1cb92cc81ab2f3947c9d3b126fbbaa21,/home/zyc/cess_d1r_168x16_reference_20260925/pmfs_4_13/rep_05_seed_2026105357/spatial/concentration.npy,/home/zyc/cess_d1r_168x16_reference_20260925/pmfs_4_13/rep_05_seed_2026105357/spatial/concentration.npy
22,pmfs_4_13,5,2026105358,pmfs_4_13/rep_06_seed_2026105358,c1f8fefc4f29fd3d4343a7a5b6e7d91e9cf8d0026b38be58a3a8f35b2a074a33,/home/zyc/cess_d1r_168x16_reference_20260925/pmfs_4_13/rep_06_seed_2026105358/spatial/concentration.npy,/home/zyc/cess_d1r_168x16_reference_20260925/pmfs_4_13/rep_06_seed_2026105358/spatial/concentration.npy
22,pmfs_4_13,6,2026105359,pmfs_4_13/rep_07_seed_2026105359,241ac59ae29bb7566f7e6648afb4484c950249a0492ba8067fefe6c0b80961f9,/home/zyc/cess_d1r_168x16_reference_20260925/pmfs_4_13/rep_07_seed_2026105359/spatial/concentration.npy,/home/zyc/cess_d1r_168x16_reference_20260925/pmfs_4_13/rep_07_seed_2026105359/spatial/concentration.npy
22,pmfs_4_13,7,2026105360,pmfs_4_13/rep_08_seed_2026105360,6b9da91dc1859a2fb5dcd225324707f9674f86c2cddc86f7596fa1efd8122033,/home/zyc/cess_d1r_168x16_reference_20260925/pmfs_4_13/rep_08_seed_2026105360/spatial/concentration.npy,/home/zyc/cess_d1r_168x16_reference_20260925/pmfs_4_13/rep_08_seed_2026105360/spatial/concentration.npy
22,pmfs_4_13,8,2026105361,pmfs_4_13/rep_09_seed_2026105361,411526fd73fb6884d03ecbdf234fcadbb404da72af391d87aa7e658e6002277a,/home/zyc/cess_d1r_168x16_reference_20260925/pmfs_4_13/rep_09_seed_2026105361/spatial/concentration.npy,/home/zyc/cess_d1r_168x16_reference_20260925/pmfs_4_13/rep_09_seed_2026105361/spatial/concentration.npy
22,pmfs_4_13,9,2026105362,pmfs_4_13/rep_10_seed_2026105362,6493c359d97bbcbec4d954d21ac48b24128b7be7dc801da4ca17770aa751ddbc,/home/zyc/cess_d1r_168x16_reference_20260925/pmfs_4_13/rep_10_seed_2026105362/spatial/concentration.npy,/home/zyc/cess_d1r_168x16_reference_20260925/pmfs_4_13/rep_10_seed_2026105362/spatial/concentration.npy
22,pmfs_4_13,10,2026105363,pmfs_4_13/rep_11_seed_2026105363,97b7531812d77cae87917bd4e00286d1aa804b7a0e31a19a1a86bb034fb5cc03,/home/zyc/cess_d1r_168x16_reference_20260925/pmfs_4_13/rep_11_seed_2026105363/spatial/concentration.npy,/home/zyc/cess_d1r_168x16_reference_20260925/pmfs_4_13/rep_11_seed_2026105363/spatial/concentration.npy
22,pmfs_4_13,11,2026105364,pmfs_4_13/rep_12_seed_2026105364,507c20e7d9f5110aa91f6fd7e6d775000f3fd02109320188ad0ebbbb4720af19,/home/zyc/cess_d1r_168x16_reference_20260925/pmfs_4_13/rep_12_seed_2026105364/spatial/concentration.npy,/home/zyc/cess_d1r_168x16_reference_20260925/pmfs_4_13/rep_12_seed_2026105364/spatial/concentration.npy
22,pmfs_4_13,12,2026105365,pmfs_4_13/rep_13_seed_2026105365,0c6ba50e76ae92e2424be3715b4d223534166401813f72004754c07ff2a6bdcb,/home/zyc/cess_d1r_168x16_reference_20260925/pmfs_4_13/rep_13_seed_2026105365/spatial/concentration.npy,/home/zyc/cess_d1r_168x16_reference_20260925/pmfs_4_13/rep_13_seed_2026105365/spatial/concentration.npy
22,pmfs_4_13,13,2026105366,pmfs_4_13/rep_14_seed_2026105366,15a3d3cccd6fe118b0a3046cfec2c60cb8de8c41fb3a5699dd3c1d80b24c970b,/home/zyc/cess_d1r_168x16_reference_20260925/pmfs_4_13/rep_14_seed_2026105366/spatial/concentration.npy,/home/zyc/cess_d1r_168x16_reference_20260925/pmfs_4_13/rep_14_seed_2026105366/spatial/concentration.npy
22,pmfs_4_13,14,2026105367,pmfs_4_13/rep_15_seed_2026105367,b18ce7f35295aba5dd354a1c43f8aff8b68fe0ac43ba06e2dfd9a79250891ef9,/home/zyc/cess_d1r_168x16_reference_20260925/pmfs_4_13/rep_15_seed_2026105367/spatial/concentration.npy,/home/zyc/cess_d1r_168x16_reference_20260925/pmfs_4_13/rep_15_seed_2026105367/spatial/concentration.npy
22,pmfs_4_13,15,2026105368,pmfs_4_13/rep_16_seed_2026105368,e6dc07132d8e793986abb8620b53b1210bf7a2c1afbdc9aabeba32c012f73fbb,/home/zyc/cess_d1r_168x16_reference_20260925/pmfs_4_13/rep_16_seed_2026105368/spatial/concentration.npy,/home/zyc/cess_d1r_168x16_reference_20260925/pmfs_4_13/rep_16_seed_2026105368/spatial/concentration.npy
23,pmfs_4_14,0,2026105369,pmfs_4_14/rep_01_seed_2026105369,ed3624bc79529b4a09b580830093205bf61b4de4ce3ea18d37b335db2342501b,/home/zyc/cess_d1r_168x16_reference_20260925/pmfs_4_14/rep_01_seed_2026105369/spatial/concentration.npy,/home/zyc/cess_d1r_168x16_reference_20260925/pmfs_4_14/rep_01_seed_2026105369/spatial/concentration.npy
23,pmfs_4_14,1,2026105370,pmfs_4_14/rep_02_seed_2026105370,e489e9c35434b748150d41886b64fef59004427d744b1c4638d23c1d401bea23,/home/zyc/cess_d1r_168x16_reference_20260925/pmfs_4_14/rep_02_seed_2026105370/spatial/concentration.npy,/home/zyc/cess_d1r_168x16_reference_20260925/pmfs_4_14/rep_02_seed_2026105370/spatial/concentration.npy
23,pmfs_4_14,2,2026105371,pmfs_4_14/rep_03_seed_2026105371,89d35556f419835207e73960ab67a8d407e85a2e1c8b86e9636d19844c03de06,/home/zyc/cess_d1r_168x16_reference_20260925/pmfs_4_14/rep_03_seed_2026105371/spatial/concentration.npy,/home/zyc/cess_d1r_168x16_reference_20260925/pmfs_4_14/rep_03_seed_2026105371/spatial/concentration.npy
23,pmfs_4_14,3,2026105372,pmfs_4_14/rep_04_seed_2026105372,853ea60f8f6e0baebdb85062f74927a50896e5053f451fa2884c7bae9706a2d0,/home/zyc/cess_d1r_168x16_reference_20260925/pmfs_4_14/rep_04_seed_2026105372/spatial/concentration.npy,/home/zyc/cess_d1r_168x16_reference_20260925/pmfs_4_14/rep_04_seed_2026105372/spatial/concentration.npy
23,pmfs_4_14,4,2026105373,pmfs_4_14/rep_05_seed_2026105373,843b1481c32eb96e2c50e4b12246e61ee15cc64b15ea0963c517fe520e5855ae,/home/zyc/cess_d1r_168x16_reference_20260925/pmfs_4_14/rep_05_seed_2026105373/spatial/concentration.npy,/home/zyc/cess_d1r_168x16_reference_20260925/pmfs_4_14/rep_05_seed_2026105373/spatial/concentration.npy
23,pmfs_4_14,5,2026105374,pmfs_4_14/rep_06_seed_2026105374,f7927aafab5bf09cea93e32ba5ac352e220fa6ce80521ce7fb2003662d3b299e,/home/zyc/cess_d1r_168x16_reference_20260925/pmfs_4_14/rep_06_seed_2026105374/spatial/concentration.npy,/home/zyc/cess_d1r_168x16_reference_20260925/pmfs_4_14/rep_06_seed_2026105374/spatial/concentration.npy
23,pmfs_4_14,6,2026105375,pmfs_4_14/rep_07_seed_2026105375,061b2c43dd675b77bae60c85daef8c12033074a22b98e0b57c6558db5fde4ab9,/home/zyc/cess_d1r_168x16_reference_20260925/pmfs_4_14/rep_07_seed_2026105375/spatial/concentration.npy,/home/zyc/cess_d1r_168x16_reference_20260925/pmfs_4_14/rep_07_seed_2026105375/spatial/concentration.npy
23,pmfs_4_14,7,2026105376,pmfs_4_14/rep_08_seed_2026105376,ef5cc21f0ecf857e5dd34d615621243c3358a087efd8e77fe3d6df9b51749505,/home/zyc/cess_d1r_168x16_reference_20260925/pmfs_4_14/rep_08_seed_2026105376/spatial/concentration.npy,/home/zyc/cess_d1r_168x16_reference_20260925/pmfs_4_14/rep_08_seed_2026105376/spatial/concentration.npy
23,pmfs_4_14,8,2026105377,pmfs_4_14/rep_09_seed_2026105377,58565389f56728b9aeea2ad2ea7dadf4b17880a1c7057ec3e256c24f89d275cd,/home/zyc/cess_d1r_168x16_reference_20260925/pmfs_4_14/rep_09_seed_2026105377/spatial/concentration.npy,/home/zyc/cess_d1r_168x16_reference_20260925/pmfs_4_14/rep_09_seed_2026105377/spatial/concentration.npy
23,pmfs_4_14,9,2026105378,pmfs_4_14/rep_10_seed_2026105378,26484dc7b40048135a4e226f1ef532591dc76cf8fe7ed8a849feec9a853ea8d4,/home/zyc/cess_d1r_168x16_reference_20260925/pmfs_4_14/rep_10_seed_2026105378/spatial/concentration.npy,/home/zyc/cess_d1r_168x16_reference_20260925/pmfs_4_14/rep_10_seed_2026105378/spatial/concentration.npy
23,pmfs_4_14,10,2026105379,pmfs_4_14/rep_11_seed_2026105379,c0dcfccdda715324ff0a588e56628af37fb7438123a44c7676152153090fcb4b,/home/zyc/cess_d1r_168x16_reference_20260925/pmfs_4_14/rep_11_seed_2026105379/spatial/concentration.npy,/home/zyc/cess_d1r_168x16_reference_20260925/pmfs_4_14/rep_11_seed_2026105379/spatial/concentration.npy
23,pmfs_4_14,11,2026105380,pmfs_4_14/rep_12_seed_2026105380,20c3750ca9786780d57236796e5ea87712e45f0396cc678601389f371e1470e0,/home/zyc/cess_d1r_168x16_reference_20260925/pmfs_4_14/rep_12_seed_2026105380/spatial/concentration.npy,/home/zyc/cess_d1r_168x16_reference_20260925/pmfs_4_14/rep_12_seed_2026105380/spatial/concentration.npy
23,pmfs_4_14,12,2026105381,pmfs_4_14/rep_13_seed_2026105381,d45437e7eea140f0756d9e4be9c0f5ea06cd98764003e2e34c4526926f8a8363,/home/zyc/cess_d1r_168x16_reference_20260925/pmfs_4_14/rep_13_seed_2026105381/spatial/concentration.npy,/home/zyc/cess_d1r_168x16_reference_20260925/pmfs_4_14/rep_13_seed_2026105381/spatial/concentration.npy
23,pmfs_4_14,13,2026105382,pmfs_4_14/rep_14_seed_2026105382,4c5ff5d50e76ba97441a6d35600c1329e6e738b57db1ffc10b4c0c7127136ffd,/home/zyc/cess_d1r_168x16_reference_20260925/pmfs_4_14/rep_14_seed_2026105382/spatial/concentration.npy,/home/zyc/cess_d1r_168x16_reference_20260925/pmfs_4_14/rep_14_seed_2026105382/spatial/concentration.npy
23,pmfs_4_14,14,2026105383,pmfs_4_14/rep_15_seed_2026105383,b9a2d85eca2a92cbc332015759456ba22414c5aa99be8ccba9afe1b5845181a9,/home/zyc/cess_d1r_168x16_reference_20260925/pmfs_4_14/rep_15_seed_2026105383/spatial/concentration.npy,/home/zyc/cess_d1r_168x16_reference_20260925/pmfs_4_14/rep_15_seed_2026105383/spatial/concentration.npy
23,pmfs_4_14,15,2026105384,pmfs_4_14/rep_16_seed_2026105384,a0b10982dc7466bbc8e5aaf668168e1ce27d47366f519a55fd5047ec04aa2ae1,/home/zyc/cess_d1r_168x16_reference_20260925/pmfs_4_14/rep_16_seed_2026105384/spatial/concentration.npy,/home/zyc/cess_d1r_168x16_reference_20260925/pmfs_4_14/rep_16_seed_2026105384/spatial/concentration.npy
24,pmfs_4_15,0,2026105385,pmfs_4_15/rep_01_seed_2026105385,46a909de4bbb6d95cf292714c4f36ec4ff2524c2178ed58eacaeda2e03ea3ab4,/home/zyc/cess_d1r_168x16_reference_20260925/pmfs_4_15/rep_01_seed_2026105385/spatial/concentration.npy,/home/zyc/cess_d1r_168x16_reference_20260925/pmfs_4_15/rep_01_seed_2026105385/spatial/concentration.npy
24,pmfs_4_15,1,2026105386,pmfs_4_15/rep_02_seed_2026105386,995b69cd9a170277a74d302422ce83df1e6521e20432c1ed5d3205a90e370e88,/home/zyc/cess_d1r_168x16_reference_20260925/pmfs_4_15/rep_02_seed_2026105386/spatial/concentration.npy,/home/zyc/cess_d1r_168x16_reference_20260925/pmfs_4_15/rep_02_seed_2026105386/spatial/concentration.npy
24,pmfs_4_15,2,2026105387,pmfs_4_15/rep_03_seed_2026105387,eebff1c43cf97146d1fd93f863367a9d1ab423d1bc7c1f02fad4041fe050b2ca,/home/zyc/cess_d1r_168x16_reference_20260925/pmfs_4_15/rep_03_seed_2026105387/spatial/concentration.npy,/home/zyc/cess_d1r_168x16_reference_20260925/pmfs_4_15/rep_03_seed_2026105387/spatial/concentration.npy
24,pmfs_4_15,3,2026105388,pmfs_4_15/rep_04_seed_2026105388,c2c3aed692debb4e91c3b0312af3389ba0c6342c1046b170a659e90010b344dc,/home/zyc/cess_d1r_168x16_reference_20260925/pmfs_4_15/rep_04_seed_2026105388/spatial/concentration.npy,/home/zyc/cess_d1r_168x16_reference_20260925/pmfs_4_15/rep_04_seed_2026105388/spatial/concentration.npy
24,pmfs_4_15,4,2026105389,pmfs_4_15/rep_05_seed_2026105389,679a7457f00ad0acc7117fe7010868220edc5cfbe151f93d072e5b7087f1171d,/home/zyc/cess_d1r_168x16_reference_20260925/pmfs_4_15/rep_05_seed_2026105389/spatial/concentration.npy,/home/zyc/cess_d1r_168x16_reference_20260925/pmfs_4_15/rep_05_seed_2026105389/spatial/concentration.npy
24,pmfs_4_15,5,2026105390,pmfs_4_15/rep_06_seed_2026105390,3efa4d33c31960fb7950a46ed63297f39e8c800e28b7c3397b2e4ef8c915444f,/home/zyc/cess_d1r_168x16_reference_20260925/pmfs_4_15/rep_06_seed_2026105390/spatial/concentration.npy,/home/zyc/cess_d1r_168x16_reference_20260925/pmfs_4_15/rep_06_seed_2026105390/spatial/concentration.npy
24,pmfs_4_15,6,2026105391,pmfs_4_15/rep_07_seed_2026105391,a899549a5423506f11cd79cb381083bb4072573454c3337f4aafaea2a5030788,/home/zyc/cess_d1r_168x16_reference_20260925/pmfs_4_15/rep_07_seed_2026105391/spatial/concentration.npy,/home/zyc/cess_d1r_168x16_reference_20260925/pmfs_4_15/rep_07_seed_2026105391/spatial/concentration.npy
24,pmfs_4_15,7,2026105392,pmfs_4_15/rep_08_seed_2026105392,612aa01a342bd5d3e87bf20b5edaa4027e165c6e8e76018f43a5d3ef47789073,/home/zyc/cess_d1r_168x16_reference_20260925/pmfs_4_15/rep_08_seed_2026105392/spatial/concentration.npy,/home/zyc/cess_d1r_168x16_reference_20260925/pmfs_4_15/rep_08_seed_2026105392/spatial/concentration.npy
24,pmfs_4_15,8,2026105393,pmfs_4_15/rep_09_seed_2026105393,5c3ae4b2d7b7371e8131cf02a59742bb1de734f3692c2f82aa30adc46749570f,/home/zyc/cess_d1r_168x16_reference_20260925/pmfs_4_15/rep_09_seed_2026105393/spatial/concentration.npy,/home/zyc/cess_d1r_168x16_reference_20260925/pmfs_4_15/rep_09_seed_2026105393/spatial/concentration.npy
24,pmfs_4_15,9,2026105394,pmfs_4_15/rep_10_seed_2026105394,ddde916a04f8e22300e501380ea45479c92b16938d43594d82a60a85e0416c99,/home/zyc/cess_d1r_168x16_reference_20260925/pmfs_4_15/rep_10_seed_2026105394/spatial/concentration.npy,/home/zyc/cess_d1r_168x16_reference_20260925/pmfs_4_15/rep_10_seed_2026105394/spatial/concentration.npy
24,pmfs_4_15,10,2026105395,pmfs_4_15/rep_11_seed_2026105395,b7d1344fb6a69b9da9f1b44da7cd882b646f071b7949f3062a3c114d56502689,/home/zyc/cess_d1r_168x16_reference_20260925/pmfs_4_15/rep_11_seed_2026105395/spatial/concentration.npy,/home/zyc/cess_d1r_168x16_reference_20260925/pmfs_4_15/rep_11_seed_2026105395/spatial/concentration.npy
24,pmfs_4_15,11,2026105396,pmfs_4_15/rep_12_seed_2026105396,acb3ab6213f7a4d175dea43db50dd6da8047d33e1e4c01c6be80eff0afb3913f,/home/zyc/cess_d1r_168x16_reference_20260925/pmfs_4_15/rep_12_seed_2026105396/spatial/concentration.npy,/home/zyc/cess_d1r_168x16_reference_20260925/pmfs_4_15/rep_12_seed_2026105396/spatial/concentration.npy
24,pmfs_4_15,12,2026105397,pmfs_4_15/rep_13_seed_2026105397,77795e89e0576c27c7281821ee23de99d8cc9b9ef41e9d1f9480e1bb4646aa59,/home/zyc/cess_d1r_168x16_reference_20260925/pmfs_4_15/rep_13_seed_2026105397/spatial/concentration.npy,/home/zyc/cess_d1r_168x16_reference_20260925/pmfs_4_15/rep_13_seed_2026105397/spatial/concentration.npy
24,pmfs_4_15,13,2026105398,pmfs_4_15/rep_14_seed_2026105398,3465ff522f590679b3ee8c62ffb90e84a9c8b7482eea64577e3655adc437398b,/home/zyc/cess_d1r_168x16_reference_20260925/pmfs_4_15/rep_14_seed_2026105398/spatial/concentration.npy,/home/zyc/cess_d1r_168x16_reference_20260925/pmfs_4_15/rep_14_seed_2026105398/spatial/concentration.npy
24,pmfs_4_15,14,2026105399,pmfs_4_15/rep_15_seed_2026105399,d8e346fb25908776456d7b65c984ed65009b35408c8f68a63a5294de77244b0c,/home/zyc/cess_d1r_168x16_reference_20260925/pmfs_4_15/rep_15_seed_2026105399/spatial/concentration.npy,/home/zyc/cess_d1r_168x16_reference_20260925/pmfs_4_15/rep_15_seed_2026105399/spatial/concentration.npy
24,pmfs_4_15,15,2026105400,pmfs_4_15/rep_16_seed_2026105400,1bb170b016a57a0282e4d75e6f18d6ed8419169cefe4073ad1a6c775140ac912,/home/zyc/cess_d1r_168x16_reference_20260925/pmfs_4_15/rep_16_seed_2026105400/spatial/concentration.npy,/home/zyc/cess_d1r_168x16_reference_20260925/pmfs_4_15/rep_16_seed_2026105400/spatial/concentration.npy
25,pmfs_4_16,0,2026105401,pmfs_4_16/rep_01_seed_2026105401,f34af259c6177fff046da91b684d36c5fea4ba8169b415a58dfd96e469173c48,/home/zyc/cess_d1r_168x16_reference_20260925/pmfs_4_16/rep_01_seed_2026105401/spatial/concentration.npy,/home/zyc/cess_d1r_168x16_reference_20260925/pmfs_4_16/rep_01_seed_2026105401/spatial/concentration.npy
25,pmfs_4_16,1,2026105402,pmfs_4_16/rep_02_seed_2026105402,1e4171b52f829e704709174d2a38818e96725402ef529f491cc18f6518cea74b,/home/zyc/cess_d1r_168x16_reference_20260925/pmfs_4_16/rep_02_seed_2026105402/spatial/concentration.npy,/home/zyc/cess_d1r_168x16_reference_20260925/pmfs_4_16/rep_02_seed_2026105402/spatial/concentration.npy
25,pmfs_4_16,2,2026105403,pmfs_4_16/rep_03_seed_2026105403,6a75096455aa2472577db7de25736ce39ab5d7e76fc160b9ce23a461436f900f,/home/zyc/cess_d1r_168x16_reference_20260925/pmfs_4_16/rep_03_seed_2026105403/spatial/concentration.npy,/home/zyc/cess_d1r_168x16_reference_20260925/pmfs_4_16/rep_03_seed_2026105403/spatial/concentration.npy
25,pmfs_4_16,3,2026105404,pmfs_4_16/rep_04_seed_2026105404,c1ea42d0dc4ea97ac00d67d827fd02ee59df66abb697d1dda56e8a427e7d179b,/home/zyc/cess_d1r_168x16_reference_20260925/pmfs_4_16/rep_04_seed_2026105404/spatial/concentration.npy,/home/zyc/cess_d1r_168x16_reference_20260925/pmfs_4_16/rep_04_seed_2026105404/spatial/concentration.npy
25,pmfs_4_16,4,2026105405,pmfs_4_16/rep_05_seed_2026105405,d0bedcfd68afed01470a092b55fa7476239597ac84ec3b82aa71e3c14ad3271a,/home/zyc/cess_d1r_168x16_reference_20260925/pmfs_4_16/rep_05_seed_2026105405/spatial/concentration.npy,/home/zyc/cess_d1r_168x16_reference_20260925/pmfs_4_16/rep_05_seed_2026105405/spatial/concentration.npy
25,pmfs_4_16,5,2026105406,pmfs_4_16/rep_06_seed_2026105406,5585a3dbb66bc68851e068371b652c60dcb10cb2f01a744e6540fb209053faca,/home/zyc/cess_d1r_168x16_reference_20260925/pmfs_4_16/rep_06_seed_2026105406/spatial/concentration.npy,/home/zyc/cess_d1r_168x16_reference_20260925/pmfs_4_16/rep_06_seed_2026105406/spatial/concentration.npy
25,pmfs_4_16,6,2026105407,pmfs_4_16/rep_07_seed_2026105407,c0436a2684491cfeea099d58e541518e4b881e70b1c80ca61fde285b9c033fb8,/home/zyc/cess_d1r_168x16_reference_20260925/pmfs_4_16/rep_07_seed_2026105407/spatial/concentration.npy,/home/zyc/cess_d1r_168x16_reference_20260925/pmfs_4_16/rep_07_seed_2026105407/spatial/concentration.npy
25,pmfs_4_16,7,2026105408,pmfs_4_16/rep_08_seed_2026105408,6e7b43bc302be04f8a706d463863db19f9809f38af06a48b7d27a0f2c9a13cfd,/home/zyc/cess_d1r_168x16_reference_20260925/pmfs_4_16/rep_08_seed_2026105408/spatial/concentration.npy,/home/zyc/cess_d1r_168x16_reference_20260925/pmfs_4_16/rep_08_seed_2026105408/spatial/concentration.npy
25,pmfs_4_16,8,2026105409,pmfs_4_16/rep_09_seed_2026105409,a2ec45d5ccf74917bfc6f11505a0a5e83870ff415c1e6ba1e23047dc8fd11216,/home/zyc/cess_d1r_168x16_reference_20260925/pmfs_4_16/rep_09_seed_2026105409/spatial/concentration.npy,/home/zyc/cess_d1r_168x16_reference_20260925/pmfs_4_16/rep_09_seed_2026105409/spatial/concentration.npy
25,pmfs_4_16,9,2026105410,pmfs_4_16/rep_10_seed_2026105410,ce2f28ca74ab1c13f67a844f812eaebff342a5f012c42b9b3535ec7106c1e0d6,/home/zyc/cess_d1r_168x16_reference_20260925/pmfs_4_16/rep_10_seed_2026105410/spatial/concentration.npy,/home/zyc/cess_d1r_168x16_reference_20260925/pmfs_4_16/rep_10_seed_2026105410/spatial/concentration.npy
25,pmfs_4_16,10,2026105411,pmfs_4_16/rep_11_seed_2026105411,9bdbdf73465bf21ca65727a86b72ca2584b3cd6dc9173604ca7f549a5dff7b47,/home/zyc/cess_d1r_168x16_reference_20260925/pmfs_4_16/rep_11_seed_2026105411/spatial/concentration.npy,/home/zyc/cess_d1r_168x16_reference_20260925/pmfs_4_16/rep_11_seed_2026105411/spatial/concentration.npy
25,pmfs_4_16,11,2026105412,pmfs_4_16/rep_12_seed_2026105412,5d28f138fbf32cdbbbef1990aa7c753dac49d79e5c768130952f0257bb1e7057,/home/zyc/cess_d1r_168x16_reference_20260925/pmfs_4_16/rep_12_seed_2026105412/spatial/concentration.npy,/home/zyc/cess_d1r_168x16_reference_20260925/pmfs_4_16/rep_12_seed_2026105412/spatial/concentration.npy
25,pmfs_4_16,12,2026105413,pmfs_4_16/rep_13_seed_2026105413,6f5a654b710fffd57f6b2e421275ce8989aa16e267aac8820b21d8a9e85a4c5d,/home/zyc/cess_d1r_168x16_reference_20260925/pmfs_4_16/rep_13_seed_2026105413/spatial/concentration.npy,/home/zyc/cess_d1r_168x16_reference_20260925/pmfs_4_16/rep_13_seed_2026105413/spatial/concentration.npy
25,pmfs_4_16,13,2026105414,pmfs_4_16/rep_14_seed_2026105414,c6ee355d18913c5ce884f3cca6cca1b20bd498a4090a78574a391f6900aaf209,/home/zyc/cess_d1r_168x16_reference_20260925/pmfs_4_16/rep_14_seed_2026105414/spatial/concentration.npy,/home/zyc/cess_d1r_168x16_reference_20260925/pmfs_4_16/rep_14_seed_2026105414/spatial/concentration.npy
25,pmfs_4_16,14,2026105415,pmfs_4_16/rep_15_seed_2026105415,683489830afb1e8cbf212daa188dc178cf5a982ddda8d7072b59c31862f642ba,/home/zyc/cess_d1r_168x16_reference_20260925/pmfs_4_16/rep_15_seed_2026105415/spatial/concentration.npy,/home/zyc/cess_d1r_168x16_reference_20260925/pmfs_4_16/rep_15_seed_2026105415/spatial/concentration.npy
25,pmfs_4_16,15,2026105416,pmfs_4_16/rep_16_seed_2026105416,0bfd638d6fb7135e30da22b2e8451911c01fea62701089c1d4b0a2fb35bd3c63,/home/zyc/cess_d1r_168x16_reference_20260925/pmfs_4_16/rep_16_seed_2026105416/spatial/concentration.npy,/home/zyc/cess_d1r_168x16_reference_20260925/pmfs_4_16/rep_16_seed_2026105416/spatial/concentration.npy
26,pmfs_4_17,0,2026105417,pmfs_4_17/rep_01_seed_2026105417,281c40362e044f7d5f6931fd535752cebcf04696af95456bfe8eb8fabb9c79d1,/home/zyc/cess_d1r_168x16_reference_20260925/pmfs_4_17/rep_01_seed_2026105417/spatial/concentration.npy,/home/zyc/cess_d1r_168x16_reference_20260925/pmfs_4_17/rep_01_seed_2026105417/spatial/concentration.npy
26,pmfs_4_17,1,2026105418,pmfs_4_17/rep_02_seed_2026105418,acb3b4cfd6e11d29d6655fd3d24d03d6e158d24153f6c26f819912b35a0b54bb,/home/zyc/cess_d1r_168x16_reference_20260925/pmfs_4_17/rep_02_seed_2026105418/spatial/concentration.npy,/home/zyc/cess_d1r_168x16_reference_20260925/pmfs_4_17/rep_02_seed_2026105418/spatial/concentration.npy
26,pmfs_4_17,2,2026105419,pmfs_4_17/rep_03_seed_2026105419,2a41d71aeeb64026c5a837f7a982d8ea3ead01a87b506019088bfd992800f1f9,/home/zyc/cess_d1r_168x16_reference_20260925/pmfs_4_17/rep_03_seed_2026105419/spatial/concentration.npy,/home/zyc/cess_d1r_168x16_reference_20260925/pmfs_4_17/rep_03_seed_2026105419/spatial/concentration.npy
26,pmfs_4_17,3,2026105420,pmfs_4_17/rep_04_seed_2026105420,ab7b5c08037aed2624414ad51bac569302f92c39fedc7355df5c2edee79f3bd0,/home/zyc/cess_d1r_168x16_reference_20260925/pmfs_4_17/rep_04_seed_2026105420/spatial/concentration.npy,/home/zyc/cess_d1r_168x16_reference_20260925/pmfs_4_17/rep_04_seed_2026105420/spatial/concentration.npy
26,pmfs_4_17,4,2026105421,pmfs_4_17/rep_05_seed_2026105421,34f2abe106cfdc07aa1515062206f75a6ca89d4a81097cf45666b1c1fb420bf0,/home/zyc/cess_d1r_168x16_reference_20260925/pmfs_4_17/rep_05_seed_2026105421/spatial/concentration.npy,/home/zyc/cess_d1r_168x16_reference_20260925/pmfs_4_17/rep_05_seed_2026105421/spatial/concentration.npy
26,pmfs_4_17,5,2026105422,pmfs_4_17/rep_06_seed_2026105422,da451bf47b32d6a3d3ebb1a758fc29852faf05d97947cc23300f5615f1e71bf9,/home/zyc/cess_d1r_168x16_reference_20260925/pmfs_4_17/rep_06_seed_2026105422/spatial/concentration.npy,/home/zyc/cess_d1r_168x16_reference_20260925/pmfs_4_17/rep_06_seed_2026105422/spatial/concentration.npy
26,pmfs_4_17,6,2026105423,pmfs_4_17/rep_07_seed_2026105423,c0f260ff871c1652a4eed233e64680348477dd4c0458d0c643c7df6f442f68ba,/home/zyc/cess_d1r_168x16_reference_20260925/pmfs_4_17/rep_07_seed_2026105423/spatial/concentration.npy,/home/zyc/cess_d1r_168x16_reference_20260925/pmfs_4_17/rep_07_seed_2026105423/spatial/concentration.npy
26,pmfs_4_17,7,2026105424,pmfs_4_17/rep_08_seed_2026105424,06b8cedd589e36cdea1f483b992c7b7808d1262cecfd4d69a877d79ae1c51c42,/home/zyc/cess_d1r_168x16_reference_20260925/pmfs_4_17/rep_08_seed_2026105424/spatial/concentration.npy,/home/zyc/cess_d1r_168x16_reference_20260925/pmfs_4_17/rep_08_seed_2026105424/spatial/concentration.npy
26,pmfs_4_17,8,2026105425,pmfs_4_17/rep_09_seed_2026105425,db7941d5b03b35f380e6b1635c2f338f2593ad66d5b1d5ff95a442bc60420a59,/home/zyc/cess_d1r_168x16_reference_20260925/pmfs_4_17/rep_09_seed_2026105425/spatial/concentration.npy,/home/zyc/cess_d1r_168x16_reference_20260925/pmfs_4_17/rep_09_seed_2026105425/spatial/concentration.npy
26,pmfs_4_17,9,2026105426,pmfs_4_17/rep_10_seed_2026105426,e3a04f748bfe54995ce95f2e987c1a263c2ce9801716b2f97f73a1bbef18c8d9,/home/zyc/cess_d1r_168x16_reference_20260925/pmfs_4_17/rep_10_seed_2026105426/spatial/concentration.npy,/home/zyc/cess_d1r_168x16_reference_20260925/pmfs_4_17/rep_10_seed_2026105426/spatial/concentration.npy
26,pmfs_4_17,10,2026105427,pmfs_4_17/rep_11_seed_2026105427,081fc415d1a718bef1371af411769b9f6d062f34decca73b9ed39f5f03131246,/home/zyc/cess_d1r_168x16_reference_20260925/pmfs_4_17/rep_11_seed_2026105427/spatial/concentration.npy,/home/zyc/cess_d1r_168x16_reference_20260925/pmfs_4_17/rep_11_seed_2026105427/spatial/concentration.npy
26,pmfs_4_17,11,2026105428,pmfs_4_17/rep_12_seed_2026105428,2e1a1503369b8bc6b2f1a3e759f55450feb0c4688ccf8fcf33be61c171b40803,/home/zyc/cess_d1r_168x16_reference_20260925/pmfs_4_17/rep_12_seed_2026105428/spatial/concentration.npy,/home/zyc/cess_d1r_168x16_reference_20260925/pmfs_4_17/rep_12_seed_2026105428/spatial/concentration.npy
26,pmfs_4_17,12,2026105429,pmfs_4_17/rep_13_seed_2026105429,e48c0271031918347b5188b94e8a86baa0a55ae178fa030aa035e9986700c023,/home/zyc/cess_d1r_168x16_reference_20260925/pmfs_4_17/rep_13_seed_2026105429/spatial/concentration.npy,/home/zyc/cess_d1r_168x16_reference_20260925/pmfs_4_17/rep_13_seed_2026105429/spatial/concentration.npy
26,pmfs_4_17,13,2026105430,pmfs_4_17/rep_14_seed_2026105430,9bffe4243c71c53ed150dfd45d68e553dd3a5f233559a99536e42962e5cf7660,/home/zyc/cess_d1r_168x16_reference_20260925/pmfs_4_17/rep_14_seed_2026105430/spatial/concentration.npy,/home/zyc/cess_d1r_168x16_reference_20260925/pmfs_4_17/rep_14_seed_2026105430/spatial/concentration.npy
26,pmfs_4_17,14,2026105431,pmfs_4_17/rep_15_seed_2026105431,c157a9d31a5c0b4ac6091233fd914cc16b5888589d4db38e5201cc3e556effbc,/home/zyc/cess_d1r_168x16_reference_20260925/pmfs_4_17/rep_15_seed_2026105431/spatial/concentration.npy,/home/zyc/cess_d1r_168x16_reference_20260925/pmfs_4_17/rep_15_seed_2026105431/spatial/concentration.npy
26,pmfs_4_17,15,2026105432,pmfs_4_17/rep_16_seed_2026105432,5b951473b91386022043a2526f9ba970a3a2f23f2f92b32c20abc5da4cd349ba,/home/zyc/cess_d1r_168x16_reference_20260925/pmfs_4_17/rep_16_seed_2026105432/spatial/concentration.npy,/home/zyc/cess_d1r_168x16_reference_20260925/pmfs_4_17/rep_16_seed_2026105432/spatial/concentration.npy
27,pmfs_4_18,0,2026105433,pmfs_4_18/rep_01_seed_2026105433,10548db10f4db66bb5e828747fea7cbad82a9e146e05e546b08cc662636c332b,/home/zyc/cess_d1r_168x16_reference_20260925/pmfs_4_18/rep_01_seed_2026105433/spatial/concentration.npy,/home/zyc/cess_d1r_168x16_reference_20260925/pmfs_4_18/rep_01_seed_2026105433/spatial/concentration.npy
27,pmfs_4_18,1,2026105434,pmfs_4_18/rep_02_seed_2026105434,4a84b323211107ea0bcf1d3920e2736b9ab70d80a6f74a96652d4e0c6ac0040f,/home/zyc/cess_d1r_168x16_reference_20260925/pmfs_4_18/rep_02_seed_2026105434/spatial/concentration.npy,/home/zyc/cess_d1r_168x16_reference_20260925/pmfs_4_18/rep_02_seed_2026105434/spatial/concentration.npy
27,pmfs_4_18,2,2026105435,pmfs_4_18/rep_03_seed_2026105435,058520c6160dcaf711eb8d64d786d440c44ea3ba4244ba5be3e5a6c4e757e1ac,/home/zyc/cess_d1r_168x16_reference_20260925/pmfs_4_18/rep_03_seed_2026105435/spatial/concentration.npy,/home/zyc/cess_d1r_168x16_reference_20260925/pmfs_4_18/rep_03_seed_2026105435/spatial/concentration.npy
27,pmfs_4_18,3,2026105436,pmfs_4_18/rep_04_seed_2026105436,01892ef950498056dafd44ac0942ce5a4159ed3729c1dc6faee9bd7da4b4a413,/home/zyc/cess_d1r_168x16_reference_20260925/pmfs_4_18/rep_04_seed_2026105436/spatial/concentration.npy,/home/zyc/cess_d1r_168x16_reference_20260925/pmfs_4_18/rep_04_seed_2026105436/spatial/concentration.npy
27,pmfs_4_18,4,2026105437,pmfs_4_18/rep_05_seed_2026105437,6a434438956395cf3ef12194f94f0b7be6a5437c8537430eef8099e6bd81c297,/home/zyc/cess_d1r_168x16_reference_20260925/pmfs_4_18/rep_05_seed_2026105437/spatial/concentration.npy,/home/zyc/cess_d1r_168x16_reference_20260925/pmfs_4_18/rep_05_seed_2026105437/spatial/concentration.npy
27,pmfs_4_18,5,2026105438,pmfs_4_18/rep_06_seed_2026105438,7e444baa606589d28c135c5b5cc7fa5ba5db9c51a3c915a7511d82910dd9377a,/home/zyc/cess_d1r_168x16_reference_20260925/pmfs_4_18/rep_06_seed_2026105438/spatial/concentration.npy,/home/zyc/cess_d1r_168x16_reference_20260925/pmfs_4_18/rep_06_seed_2026105438/spatial/concentration.npy
27,pmfs_4_18,6,2026105439,pmfs_4_18/rep_07_seed_2026105439,8093ce038d3f11f696cdc9181c3712d57a40ffbd5262851643db83efdff36826,/home/zyc/cess_d1r_168x16_reference_20260925/pmfs_4_18/rep_07_seed_2026105439/spatial/concentration.npy,/home/zyc/cess_d1r_168x16_reference_20260925/pmfs_4_18/rep_07_seed_2026105439/spatial/concentration.npy
27,pmfs_4_18,7,2026105440,pmfs_4_18/rep_08_seed_2026105440,bdc00d0074eb5bf4adeb98e7143083318b6801a73536d4fadb818af908d3641a,/home/zyc/cess_d1r_168x16_reference_20260925/pmfs_4_18/rep_08_seed_2026105440/spatial/concentration.npy,/home/zyc/cess_d1r_168x16_reference_20260925/pmfs_4_18/rep_08_seed_2026105440/spatial/concentration.npy
27,pmfs_4_18,8,2026105441,pmfs_4_18/rep_09_seed_2026105441,899657fbe3f8c4924f983574cdb37ae7159eb4732afff8bd6121dd3a2b484190,/home/zyc/cess_d1r_168x16_reference_20260925/pmfs_4_18/rep_09_seed_2026105441/spatial/concentration.npy,/home/zyc/cess_d1r_168x16_reference_20260925/pmfs_4_18/rep_09_seed_2026105441/spatial/concentration.npy
27,pmfs_4_18,9,2026105442,pmfs_4_18/rep_10_seed_2026105442,381faccd701ad8dd257a15dc5f4c189ef925dfb8d70122b662b3a1fe40b250e8,/home/zyc/cess_d1r_168x16_reference_20260925/pmfs_4_18/rep_10_seed_2026105442/spatial/concentration.npy,/home/zyc/cess_d1r_168x16_reference_20260925/pmfs_4_18/rep_10_seed_2026105442/spatial/concentration.npy
27,pmfs_4_18,10,2026105443,pmfs_4_18/rep_11_seed_2026105443,f3c23bf4035a59f0707c67a25b0e78b0101ed51d3cbf402f623a883e46d134fb,/home/zyc/cess_d1r_168x16_reference_20260925/pmfs_4_18/rep_11_seed_2026105443/spatial/concentration.npy,/home/zyc/cess_d1r_168x16_reference_20260925/pmfs_4_18/rep_11_seed_2026105443/spatial/concentration.npy
27,pmfs_4_18,11,2026105444,pmfs_4_18/rep_12_seed_2026105444,91f85a85ffd1be43cbf2e438df39d83b01d300892154a1bd631276acda9cdf92,/home/zyc/cess_d1r_168x16_reference_20260925/pmfs_4_18/rep_12_seed_2026105444/spatial/concentration.npy,/home/zyc/cess_d1r_168x16_reference_20260925/pmfs_4_18/rep_12_seed_2026105444/spatial/concentration.npy
27,pmfs_4_18,12,2026105445,pmfs_4_18/rep_13_seed_2026105445,348441bebead38e22f3a8ee764bdc56142ee973691bb8a08f98f8560a5653921,/home/zyc/cess_d1r_168x16_reference_20260925/pmfs_4_18/rep_13_seed_2026105445/spatial/concentration.npy,/home/zyc/cess_d1r_168x16_reference_20260925/pmfs_4_18/rep_13_seed_2026105445/spatial/concentration.npy
27,pmfs_4_18,13,2026105446,pmfs_4_18/rep_14_seed_2026105446,018bec33b96f651f9cccda7ed25e320221b90a7c03529600540a87c644562f10,/home/zyc/cess_d1r_168x16_reference_20260925/pmfs_4_18/rep_14_seed_2026105446/spatial/concentration.npy,/home/zyc/cess_d1r_168x16_reference_20260925/pmfs_4_18/rep_14_seed_2026105446/spatial/concentration.npy
27,pmfs_4_18,14,2026105447,pmfs_4_18/rep_15_seed_2026105447,0d2d581bfb5633bbcc19cdc1c1a68d29cd5c8373d8aca8db5438d444026dd1d5,/home/zyc/cess_d1r_168x16_reference_20260925/pmfs_4_18/rep_15_seed_2026105447/spatial/concentration.npy,/home/zyc/cess_d1r_168x16_reference_20260925/pmfs_4_18/rep_15_seed_2026105447/spatial/concentration.npy
27,pmfs_4_18,15,2026105448,pmfs_4_18/rep_16_seed_2026105448,4ff25cf023ce852b63ca53b6a10b15a7785a79383779a5fb6bf04adb7d9af456,/home/zyc/cess_d1r_168x16_reference_20260925/pmfs_4_18/rep_16_seed_2026105448/spatial/concentration.npy,/home/zyc/cess_d1r_168x16_reference_20260925/pmfs_4_18/rep_16_seed_2026105448/spatial/concentration.npy
28,pmfs_5_12,0,2026105449,pmfs_5_12/rep_01_seed_2026105449,ee045e4697069289e3a8c161b0252f8cc42889d3cd68a23349db54cd4faae164,/home/zyc/cess_d1r_168x16_reference_20260925/pmfs_5_12/rep_01_seed_2026105449/spatial/concentration.npy,/home/zyc/cess_d1r_168x16_reference_20260925/pmfs_5_12/rep_01_seed_2026105449/spatial/concentration.npy
28,pmfs_5_12,1,2026105450,pmfs_5_12/rep_02_seed_2026105450,fb5135df5338c9394e7327a3b3e05ad6ff8119d977cb8b044e64c16240050dff,/home/zyc/cess_d1r_168x16_reference_20260925/pmfs_5_12/rep_02_seed_2026105450/spatial/concentration.npy,/home/zyc/cess_d1r_168x16_reference_20260925/pmfs_5_12/rep_02_seed_2026105450/spatial/concentration.npy
28,pmfs_5_12,2,2026105451,pmfs_5_12/rep_03_seed_2026105451,eb2744ba5f7b55b2cff488d8562eabc4a9b6518773e3b82f138d255c0a156199,/home/zyc/cess_d1r_168x16_reference_20260925/pmfs_5_12/rep_03_seed_2026105451/spatial/concentration.npy,/home/zyc/cess_d1r_168x16_reference_20260925/pmfs_5_12/rep_03_seed_2026105451/spatial/concentration.npy
28,pmfs_5_12,3,2026105452,pmfs_5_12/rep_04_seed_2026105452,b97f8f25df3c4f0c557b72221f9445bf94c5f78aad16d90d7c8d32a8effa7e13,/home/zyc/cess_d1r_168x16_reference_20260925/pmfs_5_12/rep_04_seed_2026105452/spatial/concentration.npy,/home/zyc/cess_d1r_168x16_reference_20260925/pmfs_5_12/rep_04_seed_2026105452/spatial/concentration.npy
28,pmfs_5_12,4,2026105453,pmfs_5_12/rep_05_seed_2026105453,9cd46b632c865391525d68cf9263199e3b083501d5f3d34f58a4c79cf7baa66e,/home/zyc/cess_d1r_168x16_reference_20260925/pmfs_5_12/rep_05_seed_2026105453/spatial/concentration.npy,/home/zyc/cess_d1r_168x16_reference_20260925/pmfs_5_12/rep_05_seed_2026105453/spatial/concentration.npy
28,pmfs_5_12,5,2026105454,pmfs_5_12/rep_06_seed_2026105454,966a7a39c20c211c47b0c2d327f17b919899121c9a54eba9aadc19489add1871,/home/zyc/cess_d1r_168x16_reference_20260925/pmfs_5_12/rep_06_seed_2026105454/spatial/concentration.npy,/home/zyc/cess_d1r_168x16_reference_20260925/pmfs_5_12/rep_06_seed_2026105454/spatial/concentration.npy
28,pmfs_5_12,6,2026105455,pmfs_5_12/rep_07_seed_2026105455,4604e1514637f07b75f0b8403c9acc7ec86288aebd89f5bf301f5688ef0aa490,/home/zyc/cess_d1r_168x16_reference_20260925/pmfs_5_12/rep_07_seed_2026105455/spatial/concentration.npy,/home/zyc/cess_d1r_168x16_reference_20260925/pmfs_5_12/rep_07_seed_2026105455/spatial/concentration.npy
28,pmfs_5_12,7,2026105456,pmfs_5_12/rep_08_seed_2026105456,9e16d66888b011b0b9912851d870f0ac5de8545a5735dd58cc7ebf8824c8d12d,/home/zyc/cess_d1r_168x16_reference_20260925/pmfs_5_12/rep_08_seed_2026105456/spatial/concentration.npy,/home/zyc/cess_d1r_168x16_reference_20260925/pmfs_5_12/rep_08_seed_2026105456/spatial/concentration.npy
28,pmfs_5_12,8,2026105457,pmfs_5_12/rep_09_seed_2026105457,a9a8088c55f3a09bd9ae1b4c6aceaed87566577def0fa428a079057737e0895f,/home/zyc/cess_d1r_168x16_reference_20260925/pmfs_5_12/rep_09_seed_2026105457/spatial/concentration.npy,/home/zyc/cess_d1r_168x16_reference_20260925/pmfs_5_12/rep_09_seed_2026105457/spatial/concentration.npy
28,pmfs_5_12,9,2026105458,pmfs_5_12/rep_10_seed_2026105458,14975437d4954923b391b7612d33fb7a92e26c5f5d4084757085526df183729d,/home/zyc/cess_d1r_168x16_reference_20260925/pmfs_5_12/rep_10_seed_2026105458/spatial/concentration.npy,/home/zyc/cess_d1r_168x16_reference_20260925/pmfs_5_12/rep_10_seed_2026105458/spatial/concentration.npy
28,pmfs_5_12,10,2026105459,pmfs_5_12/rep_11_seed_2026105459,7cd976c0d803c33c290af9f972ab8909e746ac76c90921b08714c8b6f64fee6a,/home/zyc/cess_d1r_168x16_reference_20260925/pmfs_5_12/rep_11_seed_2026105459/spatial/concentration.npy,/home/zyc/cess_d1r_168x16_reference_20260925/pmfs_5_12/rep_11_seed_2026105459/spatial/concentration.npy
28,pmfs_5_12,11,2026105460,pmfs_5_12/rep_12_seed_2026105460,b848b26f1299feae9a49210fa756e73c047f9df4e7aa390a27eb59aad9c05d08,/home/zyc/cess_d1r_168x16_reference_20260925/pmfs_5_12/rep_12_seed_2026105460/spatial/concentration.npy,/home/zyc/cess_d1r_168x16_reference_20260925/pmfs_5_12/rep_12_seed_2026105460/spatial/concentration.npy
28,pmfs_5_12,12,2026105461,pmfs_5_12/rep_13_seed_2026105461,3b6d6f077f25a72f963445288d9d4434b1e975fcef07901fe3f61747a4cf7f8f,/home/zyc/cess_d1r_168x16_reference_20260925/pmfs_5_12/rep_13_seed_2026105461/spatial/concentration.npy,/home/zyc/cess_d1r_168x16_reference_20260925/pmfs_5_12/rep_13_seed_2026105461/spatial/concentration.npy
28,pmfs_5_12,13,2026105462,pmfs_5_12/rep_14_seed_2026105462,521639847601c91509712117dde41e3cee41aa2acc64d68feda2df059fdffa9e,/home/zyc/cess_d1r_168x16_reference_20260925/pmfs_5_12/rep_14_seed_2026105462/spatial/concentration.npy,/home/zyc/cess_d1r_168x16_reference_20260925/pmfs_5_12/rep_14_seed_2026105462/spatial/concentration.npy
28,pmfs_5_12,14,2026105463,pmfs_5_12/rep_15_seed_2026105463,2f4432c5be52ec22d065546a6e2cd1bc7892c6921204af4e710355f3622abf95,/home/zyc/cess_d1r_168x16_reference_20260925/pmfs_5_12/rep_15_seed_2026105463/spatial/concentration.npy,/home/zyc/cess_d1r_168x16_reference_20260925/pmfs_5_12/rep_15_seed_2026105463/spatial/concentration.npy
28,pmfs_5_12,15,2026105464,pmfs_5_12/rep_16_seed_2026105464,88ac73fdaee9b596a1b8ae37fcf96ce3768299d76ae0c638ad9eba51231609d3,/home/zyc/cess_d1r_168x16_reference_20260925/pmfs_5_12/rep_16_seed_2026105464/spatial/concentration.npy,/home/zyc/cess_d1r_168x16_reference_20260925/pmfs_5_12/rep_16_seed_2026105464/spatial/concentration.npy
29,pmfs_5_13,0,2026105465,pmfs_5_13/rep_01_seed_2026105465,1172815b16a26c60a796369dceb1b814138b4dbe2f46c9bc93599aec4e622130,/home/zyc/cess_d1r_168x16_reference_20260925/pmfs_5_13/rep_01_seed_2026105465/spatial/concentration.npy,/home/zyc/cess_d1r_168x16_reference_20260925/pmfs_5_13/rep_01_seed_2026105465/spatial/concentration.npy
29,pmfs_5_13,1,2026105466,pmfs_5_13/rep_02_seed_2026105466,46853d540449d148ba815f045c9443ba2c04f9574b5c2966edf2d313e99e0396,/home/zyc/cess_d1r_168x16_reference_20260925/pmfs_5_13/rep_02_seed_2026105466/spatial/concentration.npy,/home/zyc/cess_d1r_168x16_reference_20260925/pmfs_5_13/rep_02_seed_2026105466/spatial/concentration.npy
29,pmfs_5_13,2,2026105467,pmfs_5_13/rep_03_seed_2026105467,04362c7568c6c35e2f4b37fe7f7c49ae044a274e41704c8a57f392a5062451fb,/home/zyc/cess_d1r_168x16_reference_20260925/pmfs_5_13/rep_03_seed_2026105467/spatial/concentration.npy,/home/zyc/cess_d1r_168x16_reference_20260925/pmfs_5_13/rep_03_seed_2026105467/spatial/concentration.npy
29,pmfs_5_13,3,2026105468,pmfs_5_13/rep_04_seed_2026105468,a3a395a628064393f851477abf8f25899a8f6d90eb436b4198607dceeb0b6a3e,/home/zyc/cess_d1r_168x16_reference_20260925/pmfs_5_13/rep_04_seed_2026105468/spatial/concentration.npy,/home/zyc/cess_d1r_168x16_reference_20260925/pmfs_5_13/rep_04_seed_2026105468/spatial/concentration.npy
29,pmfs_5_13,4,2026105469,pmfs_5_13/rep_05_seed_2026105469,42c39d610dfb66cac5a841b6d03bf84b513e463a601b6d7a7fbebd26f639d6ab,/home/zyc/cess_d1r_168x16_reference_20260925/pmfs_5_13/rep_05_seed_2026105469/spatial/concentration.npy,/home/zyc/cess_d1r_168x16_reference_20260925/pmfs_5_13/rep_05_seed_2026105469/spatial/concentration.npy
29,pmfs_5_13,5,2026105470,pmfs_5_13/rep_06_seed_2026105470,14acae1c50e9033c8a1a0536c44bfe619fa163ae2012baf1c9c6fd19f22ee439,/home/zyc/cess_d1r_168x16_reference_20260925/pmfs_5_13/rep_06_seed_2026105470/spatial/concentration.npy,/home/zyc/cess_d1r_168x16_reference_20260925/pmfs_5_13/rep_06_seed_2026105470/spatial/concentration.npy
29,pmfs_5_13,6,2026105471,pmfs_5_13/rep_07_seed_2026105471,3d6882d6d0d025b18dfc2c3ee01296e1a2b8e8c5e4d3d93a450e29e95da272df,/home/zyc/cess_d1r_168x16_reference_20260925/pmfs_5_13/rep_07_seed_2026105471/spatial/concentration.npy,/home/zyc/cess_d1r_168x16_reference_20260925/pmfs_5_13/rep_07_seed_2026105471/spatial/concentration.npy
29,pmfs_5_13,7,2026105472,pmfs_5_13/rep_08_seed_2026105472,8aef0cfe93f60229c372c5e2762f692a4e2b43d33c848d249618b3d3b6fa3aae,/home/zyc/cess_d1r_168x16_reference_20260925/pmfs_5_13/rep_08_seed_2026105472/spatial/concentration.npy,/home/zyc/cess_d1r_168x16_reference_20260925/pmfs_5_13/rep_08_seed_2026105472/spatial/concentration.npy
29,pmfs_5_13,8,2026105473,pmfs_5_13/rep_09_seed_2026105473,21a3a48db94ac22e33cd7c6f6be5e69ad403ed127df6fdd703fc7fa80bc16354,/home/zyc/cess_d1r_168x16_reference_20260925/pmfs_5_13/rep_09_seed_2026105473/spatial/concentration.npy,/home/zyc/cess_d1r_168x16_reference_20260925/pmfs_5_13/rep_09_seed_2026105473/spatial/concentration.npy
29,pmfs_5_13,9,2026105474,pmfs_5_13/rep_10_seed_2026105474,4c89e1d5407e2a8255d5def2b23af46559a3514ea2990afc028d711d07c58cb4,/home/zyc/cess_d1r_168x16_reference_20260925/pmfs_5_13/rep_10_seed_2026105474/spatial/concentration.npy,/home/zyc/cess_d1r_168x16_reference_20260925/pmfs_5_13/rep_10_seed_2026105474/spatial/concentration.npy
29,pmfs_5_13,10,2026105475,pmfs_5_13/rep_11_seed_2026105475,e119d1695ff599f3c2f6de4eec2b6607c9518160aff902fcc2ad5c8c4d7dee29,/home/zyc/cess_d1r_168x16_reference_20260925/pmfs_5_13/rep_11_seed_2026105475/spatial/concentration.npy,/home/zyc/cess_d1r_168x16_reference_20260925/pmfs_5_13/rep_11_seed_2026105475/spatial/concentration.npy
29,pmfs_5_13,11,2026105476,pmfs_5_13/rep_12_seed_2026105476,be62e7d1c48216d86638307219ddade432bf138b781796d0fdcad7fdb8a65e6e,/home/zyc/cess_d1r_168x16_reference_20260925/pmfs_5_13/rep_12_seed_2026105476/spatial/concentration.npy,/home/zyc/cess_d1r_168x16_reference_20260925/pmfs_5_13/rep_12_seed_2026105476/spatial/concentration.npy
29,pmfs_5_13,12,2026105477,pmfs_5_13/rep_13_seed_2026105477,5673326f5cf92ca32e1f49730d167877b042e4a3a13b04e705a38154edc41df9,/home/zyc/cess_d1r_168x16_reference_20260925/pmfs_5_13/rep_13_seed_2026105477/spatial/concentration.npy,/home/zyc/cess_d1r_168x16_reference_20260925/pmfs_5_13/rep_13_seed_2026105477/spatial/concentration.npy
29,pmfs_5_13,13,2026105478,pmfs_5_13/rep_14_seed_2026105478,e351902500553bb1e0bec8ffadd3f33ce78068e83728437c6d1497069bd963bf,/home/zyc/cess_d1r_168x16_reference_20260925/pmfs_5_13/rep_14_seed_2026105478/spatial/concentration.npy,/home/zyc/cess_d1r_168x16_reference_20260925/pmfs_5_13/rep_14_seed_2026105478/spatial/concentration.npy
29,pmfs_5_13,14,2026105479,pmfs_5_13/rep_15_seed_2026105479,0306fc09d2f835495abe4f4d2137a7f41378e79c2faf4a5fd1de1840d3d9b093,/home/zyc/cess_d1r_168x16_reference_20260925/pmfs_5_13/rep_15_seed_2026105479/spatial/concentration.npy,/home/zyc/cess_d1r_168x16_reference_20260925/pmfs_5_13/rep_15_seed_2026105479/spatial/concentration.npy
29,pmfs_5_13,15,2026105480,pmfs_5_13/rep_16_seed_2026105480,87bfbb8f8cf11d9810bd07a2dabbcbb972630a4f20430bb881a1ddf65c830e75,/home/zyc/cess_d1r_168x16_reference_20260925/pmfs_5_13/rep_16_seed_2026105480/spatial/concentration.npy,/home/zyc/cess_d1r_168x16_reference_20260925/pmfs_5_13/rep_16_seed_2026105480/spatial/concentration.npy
30,pmfs_5_14,0,2026105481,pmfs_5_14/rep_01_seed_2026105481,d1c06e974cb9c480e74dd95d7c7f897f1031bf483464386a53f384b95a76558e,/home/zyc/cess_d1r_168x16_reference_20260925/pmfs_5_14/rep_01_seed_2026105481/spatial/concentration.npy,/home/zyc/cess_d1r_168x16_reference_20260925/pmfs_5_14/rep_01_seed_2026105481/spatial/concentration.npy
30,pmfs_5_14,1,2026105482,pmfs_5_14/rep_02_seed_2026105482,ac542635b2a7c228173b950e717cfe8e7154ca23cfb34981c9dd8225b3cd3370,/home/zyc/cess_d1r_168x16_reference_20260925/pmfs_5_14/rep_02_seed_2026105482/spatial/concentration.npy,/home/zyc/cess_d1r_168x16_reference_20260925/pmfs_5_14/rep_02_seed_2026105482/spatial/concentration.npy
30,pmfs_5_14,2,2026105483,pmfs_5_14/rep_03_seed_2026105483,a5e4a0420cba414f62912c0c2e26d7457587b839b80e437a0f29c5fff10d5514,/home/zyc/cess_d1r_168x16_reference_20260925/pmfs_5_14/rep_03_seed_2026105483/spatial/concentration.npy,/home/zyc/cess_d1r_168x16_reference_20260925/pmfs_5_14/rep_03_seed_2026105483/spatial/concentration.npy
30,pmfs_5_14,3,2026105484,pmfs_5_14/rep_04_seed_2026105484,c5482e51f39115d24dcbfdfb07aac8a76fd089a8301f383263f0c525a93e6d44,/home/zyc/cess_d1r_168x16_reference_20260925/pmfs_5_14/rep_04_seed_2026105484/spatial/concentration.npy,/home/zyc/cess_d1r_168x16_reference_20260925/pmfs_5_14/rep_04_seed_2026105484/spatial/concentration.npy
30,pmfs_5_14,4,2026105485,pmfs_5_14/rep_05_seed_2026105485,965c0d131f893592f1290974186e9639fb131b6aa4ec1efe6836fff6f5d093d1,/home/zyc/cess_d1r_168x16_reference_20260925/pmfs_5_14/rep_05_seed_2026105485/spatial/concentration.npy,/home/zyc/cess_d1r_168x16_reference_20260925/pmfs_5_14/rep_05_seed_2026105485/spatial/concentration.npy
30,pmfs_5_14,5,2026105486,pmfs_5_14/rep_06_seed_2026105486,9f1ba67e552f3edf042765adfb11a78453f7fde35e6bfe42521868d64ea8bdc7,/home/zyc/cess_d1r_168x16_reference_20260925/pmfs_5_14/rep_06_seed_2026105486/spatial/concentration.npy,/home/zyc/cess_d1r_168x16_reference_20260925/pmfs_5_14/rep_06_seed_2026105486/spatial/concentration.npy
30,pmfs_5_14,6,2026105487,pmfs_5_14/rep_07_seed_2026105487,1733ac83da7bf3343a81d93e6bc0faf406dbac19d619aea13e423c24588e46cc,/home/zyc/cess_d1r_168x16_reference_20260925/pmfs_5_14/rep_07_seed_2026105487/spatial/concentration.npy,/home/zyc/cess_d1r_168x16_reference_20260925/pmfs_5_14/rep_07_seed_2026105487/spatial/concentration.npy
30,pmfs_5_14,7,2026105488,pmfs_5_14/rep_08_seed_2026105488,a0bbc3c1f1cb2909aa0537a9c8238f769766463430cfefaa012f8cf6761ebc66,/home/zyc/cess_d1r_168x16_reference_20260925/pmfs_5_14/rep_08_seed_2026105488/spatial/concentration.npy,/home/zyc/cess_d1r_168x16_reference_20260925/pmfs_5_14/rep_08_seed_2026105488/spatial/concentration.npy
30,pmfs_5_14,8,2026105489,pmfs_5_14/rep_09_seed_2026105489,a2b299ff382f79702c87d84e091bf25319d36815cff209f611b3909269f6a16a,/home/zyc/cess_d1r_168x16_reference_20260925/pmfs_5_14/rep_09_seed_2026105489/spatial/concentration.npy,/home/zyc/cess_d1r_168x16_reference_20260925/pmfs_5_14/rep_09_seed_2026105489/spatial/concentration.npy
30,pmfs_5_14,9,2026105490,pmfs_5_14/rep_10_seed_2026105490,655b68444ea3a198f93f05de46fa0ab5b97d225cfe08b055764f837c3a26c305,/home/zyc/cess_d1r_168x16_reference_20260925/pmfs_5_14/rep_10_seed_2026105490/spatial/concentration.npy,/home/zyc/cess_d1r_168x16_reference_20260925/pmfs_5_14/rep_10_seed_2026105490/spatial/concentration.npy
30,pmfs_5_14,10,2026105491,pmfs_5_14/rep_11_seed_2026105491,cb8cc6faa09797979d131c81bdf6cf529fd455ac8b7b93ac9bead5c95146a5cd,/home/zyc/cess_d1r_168x16_reference_20260925/pmfs_5_14/rep_11_seed_2026105491/spatial/concentration.npy,/home/zyc/cess_d1r_168x16_reference_20260925/pmfs_5_14/rep_11_seed_2026105491/spatial/concentration.npy
30,pmfs_5_14,11,2026105492,pmfs_5_14/rep_12_seed_2026105492,ba7fe88aa84741316426657cf31ffac4eaae15795f9994c3104112ea5b03d1ad,/home/zyc/cess_d1r_168x16_reference_20260925/pmfs_5_14/rep_12_seed_2026105492/spatial/concentration.npy,/home/zyc/cess_d1r_168x16_reference_20260925/pmfs_5_14/rep_12_seed_2026105492/spatial/concentration.npy
30,pmfs_5_14,12,2026105493,pmfs_5_14/rep_13_seed_2026105493,32a955ebaea37c1a3193a64034ee3eea015834189d67295ea8c3ececa70f150a,/home/zyc/cess_d1r_168x16_reference_20260925/pmfs_5_14/rep_13_seed_2026105493/spatial/concentration.npy,/home/zyc/cess_d1r_168x16_reference_20260925/pmfs_5_14/rep_13_seed_2026105493/spatial/concentration.npy
30,pmfs_5_14,13,2026105494,pmfs_5_14/rep_14_seed_2026105494,f2efec244745a0b3a737a5c8fbb27fb4bd65730696fcd5452d52a270740e4b05,/home/zyc/cess_d1r_168x16_reference_20260925/pmfs_5_14/rep_14_seed_2026105494/spatial/concentration.npy,/home/zyc/cess_d1r_168x16_reference_20260925/pmfs_5_14/rep_14_seed_2026105494/spatial/concentration.npy
30,pmfs_5_14,14,2026105495,pmfs_5_14/rep_15_seed_2026105495,b3eed8b44910a4cc891eb9c7af732705ad498042685f3bc1976c7fbefe3a9a82,/home/zyc/cess_d1r_168x16_reference_20260925/pmfs_5_14/rep_15_seed_2026105495/spatial/concentration.npy,/home/zyc/cess_d1r_168x16_reference_20260925/pmfs_5_14/rep_15_seed_2026105495/spatial/concentration.npy
30,pmfs_5_14,15,2026105496,pmfs_5_14/rep_16_seed_2026105496,9fd52052894cf4b8364e2a2d5177d5193c80031b56f19e56810830ea6aad22e4,/home/zyc/cess_d1r_168x16_reference_20260925/pmfs_5_14/rep_16_seed_2026105496/spatial/concentration.npy,/home/zyc/cess_d1r_168x16_reference_20260925/pmfs_5_14/rep_16_seed_2026105496/spatial/concentration.npy
31,pmfs_5_15,0,2026105497,pmfs_5_15/rep_01_seed_2026105497,88c00fcbcc8a6a14559476c0e0ca5500315d785bb06ba2ddb286079b9dc2c84f,/home/zyc/cess_d1r_168x16_reference_20260925/pmfs_5_15/rep_01_seed_2026105497/spatial/concentration.npy,/home/zyc/cess_d1r_168x16_reference_20260925/pmfs_5_15/rep_01_seed_2026105497/spatial/concentration.npy
31,pmfs_5_15,1,2026105498,pmfs_5_15/rep_02_seed_2026105498,f44d43e980a0b1b03b27530997df37256c2e6121c6befca7c2d5020fbb9b0061,/home/zyc/cess_d1r_168x16_reference_20260925/pmfs_5_15/rep_02_seed_2026105498/spatial/concentration.npy,/home/zyc/cess_d1r_168x16_reference_20260925/pmfs_5_15/rep_02_seed_2026105498/spatial/concentration.npy
31,pmfs_5_15,2,2026105499,pmfs_5_15/rep_03_seed_2026105499,245d7811553a9846b2ad53a298a39b76c0acc3467446a0f0412366d2eb6c3880,/home/zyc/cess_d1r_168x16_reference_20260925/pmfs_5_15/rep_03_seed_2026105499/spatial/concentration.npy,/home/zyc/cess_d1r_168x16_reference_20260925/pmfs_5_15/rep_03_seed_2026105499/spatial/concentration.npy
31,pmfs_5_15,3,2026105500,pmfs_5_15/rep_04_seed_2026105500,de404aaf10b9d319727a420b70b73a821431999fe4e6ebd3f4c62bd22b46b012,/home/zyc/cess_d1r_168x16_reference_20260925/pmfs_5_15/rep_04_seed_2026105500/spatial/concentration.npy,/home/zyc/cess_d1r_168x16_reference_20260925/pmfs_5_15/rep_04_seed_2026105500/spatial/concentration.npy
31,pmfs_5_15,4,2026105501,pmfs_5_15/rep_05_seed_2026105501,d0c43d0ad305feb5c6da1b4f6ae78126b9ed166aa35bc59aa4b5e2e48755fb66,/home/zyc/cess_d1r_168x16_reference_20260925/pmfs_5_15/rep_05_seed_2026105501/spatial/concentration.npy,/home/zyc/cess_d1r_168x16_reference_20260925/pmfs_5_15/rep_05_seed_2026105501/spatial/concentration.npy
31,pmfs_5_15,5,2026105502,pmfs_5_15/rep_06_seed_2026105502,dc02aedff09282a97bc141aa6dca89c3ce7a44067c777cbb49a8378011d86671,/home/zyc/cess_d1r_168x16_reference_20260925/pmfs_5_15/rep_06_seed_2026105502/spatial/concentration.npy,/home/zyc/cess_d1r_168x16_reference_20260925/pmfs_5_15/rep_06_seed_2026105502/spatial/concentration.npy
31,pmfs_5_15,6,2026105503,pmfs_5_15/rep_07_seed_2026105503,c699c23a05d758e5c87c88b0953b8f49c8825450f20a411a69402264725b89a8,/home/zyc/cess_d1r_168x16_reference_20260925/pmfs_5_15/rep_07_seed_2026105503/spatial/concentration.npy,/home/zyc/cess_d1r_168x16_reference_20260925/pmfs_5_15/rep_07_seed_2026105503/spatial/concentration.npy
31,pmfs_5_15,7,2026105504,pmfs_5_15/rep_08_seed_2026105504,192caa21ac7b31b833c32247313272af2c194a7037b85bdf7794e68a31aaa74e,/home/zyc/cess_d1r_168x16_reference_20260925/pmfs_5_15/rep_08_seed_2026105504/spatial/concentration.npy,/home/zyc/cess_d1r_168x16_reference_20260925/pmfs_5_15/rep_08_seed_2026105504/spatial/concentration.npy
31,pmfs_5_15,8,2026105505,pmfs_5_15/rep_09_seed_2026105505,f88765745b273a5e61ccfdac97baea925bacf2068abeccfb1e83a5de8652c4b8,/home/zyc/cess_d1r_168x16_reference_20260925/pmfs_5_15/rep_09_seed_2026105505/spatial/concentration.npy,/home/zyc/cess_d1r_168x16_reference_20260925/pmfs_5_15/rep_09_seed_2026105505/spatial/concentration.npy
31,pmfs_5_15,9,2026105506,pmfs_5_15/rep_10_seed_2026105506,a2bb930c79d184c7df7e081d0e96e5bfdd28fcb7af8ec9a970fb1b612267463d,/home/zyc/cess_d1r_168x16_reference_20260925/pmfs_5_15/rep_10_seed_2026105506/spatial/concentration.npy,/home/zyc/cess_d1r_168x16_reference_20260925/pmfs_5_15/rep_10_seed_2026105506/spatial/concentration.npy
31,pmfs_5_15,10,2026105507,pmfs_5_15/rep_11_seed_2026105507,60abd8dfcb037405d0c1fbe8b32e3dd1b8209ea0681106118f40de3df43f204b,/home/zyc/cess_d1r_168x16_reference_20260925/pmfs_5_15/rep_11_seed_2026105507/spatial/concentration.npy,/home/zyc/cess_d1r_168x16_reference_20260925/pmfs_5_15/rep_11_seed_2026105507/spatial/concentration.npy
31,pmfs_5_15,11,2026105508,pmfs_5_15/rep_12_seed_2026105508,721aa3db63eb35af9d25d466b960f84a07a3198887c1fb0ce2f2d8b557a8588a,/home/zyc/cess_d1r_168x16_reference_20260925/pmfs_5_15/rep_12_seed_2026105508/spatial/concentration.npy,/home/zyc/cess_d1r_168x16_reference_20260925/pmfs_5_15/rep_12_seed_2026105508/spatial/concentration.npy
31,pmfs_5_15,12,2026105509,pmfs_5_15/rep_13_seed_2026105509,a95e6b6df58d6a46813d9a3290bc469231b034f0463230f9f29dfca2b5af3174,/home/zyc/cess_d1r_168x16_reference_20260925/pmfs_5_15/rep_13_seed_2026105509/spatial/concentration.npy,/home/zyc/cess_d1r_168x16_reference_20260925/pmfs_5_15/rep_13_seed_2026105509/spatial/concentration.npy
31,pmfs_5_15,13,2026105510,pmfs_5_15/rep_14_seed_2026105510,de042c291ab7cd3c47eebc5bbb0fc5c9bbedc1ce2db143930704148810b70ae7,/home/zyc/cess_d1r_168x16_reference_20260925/pmfs_5_15/rep_14_seed_2026105510/spatial/concentration.npy,/home/zyc/cess_d1r_168x16_reference_20260925/pmfs_5_15/rep_14_seed_2026105510/spatial/concentration.npy
31,pmfs_5_15,14,2026105511,pmfs_5_15/rep_15_seed_2026105511,f0e576a8574905bc22b78d878a5cb6344f18eb2bfffe0b78065843dddabd2fc5,/home/zyc/cess_d1r_168x16_reference_20260925/pmfs_5_15/rep_15_seed_2026105511/spatial/concentration.npy,/home/zyc/cess_d1r_168x16_reference_20260925/pmfs_5_15/rep_15_seed_2026105511/spatial/concentration.npy
31,pmfs_5_15,15,2026105512,pmfs_5_15/rep_16_seed_2026105512,7c25b42c31eaadc7eb96d92edb780ce23d21c36ebaa04d4c737ba2f104a20a8c,/home/zyc/cess_d1r_168x16_reference_20260925/pmfs_5_15/rep_16_seed_2026105512/spatial/concentration.npy,/home/zyc/cess_d1r_168x16_reference_20260925/pmfs_5_15/rep_16_seed_2026105512/spatial/concentration.npy
32,pmfs_5_16,0,2026105513,pmfs_5_16/rep_01_seed_2026105513,f7f69474d3caadce10bf83e0fd891f79354dea4fee0cef45677332a668d9e6b6,/home/zyc/cess_d1r_168x16_reference_20260925/pmfs_5_16/rep_01_seed_2026105513/spatial/concentration.npy,/home/zyc/cess_d1r_168x16_reference_20260925/pmfs_5_16/rep_01_seed_2026105513/spatial/concentration.npy
32,pmfs_5_16,1,2026105514,pmfs_5_16/rep_02_seed_2026105514,985ba4c0420706c685e4992bd6768c961900fc7d2cc24e6baa8920b86c991cc4,/home/zyc/cess_d1r_168x16_reference_20260925/pmfs_5_16/rep_02_seed_2026105514/spatial/concentration.npy,/home/zyc/cess_d1r_168x16_reference_20260925/pmfs_5_16/rep_02_seed_2026105514/spatial/concentration.npy
32,pmfs_5_16,2,2026105515,pmfs_5_16/rep_03_seed_2026105515,aecdd17fcc669620f79081470ca09efbd31687a4593e510863dc56686e835899,/home/zyc/cess_d1r_168x16_reference_20260925/pmfs_5_16/rep_03_seed_2026105515/spatial/concentration.npy,/home/zyc/cess_d1r_168x16_reference_20260925/pmfs_5_16/rep_03_seed_2026105515/spatial/concentration.npy
32,pmfs_5_16,3,2026105516,pmfs_5_16/rep_04_seed_2026105516,777c33b7d31bb047b3a22c1703056bd7dd83c9df3956d5f7f9286b8fd50e01e4,/home/zyc/cess_d1r_168x16_reference_20260925/pmfs_5_16/rep_04_seed_2026105516/spatial/concentration.npy,/home/zyc/cess_d1r_168x16_reference_20260925/pmfs_5_16/rep_04_seed_2026105516/spatial/concentration.npy
32,pmfs_5_16,4,2026105517,pmfs_5_16/rep_05_seed_2026105517,4e12f35806707604e8347333c47f4c2b06e62d34e0efaf796cd3d5479812a8c5,/home/zyc/cess_d1r_168x16_reference_20260925/pmfs_5_16/rep_05_seed_2026105517/spatial/concentration.npy,/home/zyc/cess_d1r_168x16_reference_20260925/pmfs_5_16/rep_05_seed_2026105517/spatial/concentration.npy
32,pmfs_5_16,5,2026105518,pmfs_5_16/rep_06_seed_2026105518,9eb2f07fa8069eefdead2085395e59cea9951e007375afa9632bf8cc17fab13d,/home/zyc/cess_d1r_168x16_reference_20260925/pmfs_5_16/rep_06_seed_2026105518/spatial/concentration.npy,/home/zyc/cess_d1r_168x16_reference_20260925/pmfs_5_16/rep_06_seed_2026105518/spatial/concentration.npy
32,pmfs_5_16,6,2026105519,pmfs_5_16/rep_07_seed_2026105519,b685a7a5c90850945f9a7ea842ab3d19ecbeb0a8fcdcd6a36875254b98003dbc,/home/zyc/cess_d1r_168x16_reference_20260925/pmfs_5_16/rep_07_seed_2026105519/spatial/concentration.npy,/home/zyc/cess_d1r_168x16_reference_20260925/pmfs_5_16/rep_07_seed_2026105519/spatial/concentration.npy
32,pmfs_5_16,7,2026105520,pmfs_5_16/rep_08_seed_2026105520,c757d1b3c8bb0ed640609fc666fcdeb1fb07d9ce7cb1c9ff37d97c4e1c102323,/home/zyc/cess_d1r_168x16_reference_20260925/pmfs_5_16/rep_08_seed_2026105520/spatial/concentration.npy,/home/zyc/cess_d1r_168x16_reference_20260925/pmfs_5_16/rep_08_seed_2026105520/spatial/concentration.npy
32,pmfs_5_16,8,2026105521,pmfs_5_16/rep_09_seed_2026105521,33d21ab6560d22e21ed600dad471173bf2b5c914f0edbdefef6604fd78c83a16,/home/zyc/cess_d1r_168x16_reference_20260925/pmfs_5_16/rep_09_seed_2026105521/spatial/concentration.npy,/home/zyc/cess_d1r_168x16_reference_20260925/pmfs_5_16/rep_09_seed_2026105521/spatial/concentration.npy
32,pmfs_5_16,9,2026105522,pmfs_5_16/rep_10_seed_2026105522,d0d39c36a10ce8e49019d4b812b88cafb15c406b463c9f2be3399fe8ca29da7e,/home/zyc/cess_d1r_168x16_reference_20260925/pmfs_5_16/rep_10_seed_2026105522/spatial/concentration.npy,/home/zyc/cess_d1r_168x16_reference_20260925/pmfs_5_16/rep_10_seed_2026105522/spatial/concentration.npy
32,pmfs_5_16,10,2026105523,pmfs_5_16/rep_11_seed_2026105523,3778f85037af024994d9e11536f1b7992c3d140e8ba3f596237f076e34bfd327,/home/zyc/cess_d1r_168x16_reference_20260925/pmfs_5_16/rep_11_seed_2026105523/spatial/concentration.npy,/home/zyc/cess_d1r_168x16_reference_20260925/pmfs_5_16/rep_11_seed_2026105523/spatial/concentration.npy
32,pmfs_5_16,11,2026105524,pmfs_5_16/rep_12_seed_2026105524,ceb57bce8bdc785d29277d3f901d41382d7c5a7b62ac9ca81dda77690c68081c,/home/zyc/cess_d1r_168x16_reference_20260925/pmfs_5_16/rep_12_seed_2026105524/spatial/concentration.npy,/home/zyc/cess_d1r_168x16_reference_20260925/pmfs_5_16/rep_12_seed_2026105524/spatial/concentration.npy
32,pmfs_5_16,12,2026105525,pmfs_5_16/rep_13_seed_2026105525,5f8b0c75951cd19b6f0772bb656477bf16b8869e19bb1eb602a47ea9a3a7776b,/home/zyc/cess_d1r_168x16_reference_20260925/pmfs_5_16/rep_13_seed_2026105525/spatial/concentration.npy,/home/zyc/cess_d1r_168x16_reference_20260925/pmfs_5_16/rep_13_seed_2026105525/spatial/concentration.npy
32,pmfs_5_16,13,2026105526,pmfs_5_16/rep_14_seed_2026105526,d91840b5e96de93eb6590de6f1a09ecd6336a6f440027af421df91d5fc950c01,/home/zyc/cess_d1r_168x16_reference_20260925/pmfs_5_16/rep_14_seed_2026105526/spatial/concentration.npy,/home/zyc/cess_d1r_168x16_reference_20260925/pmfs_5_16/rep_14_seed_2026105526/spatial/concentration.npy
32,pmfs_5_16,14,2026105527,pmfs_5_16/rep_15_seed_2026105527,026a0911ced5c41e83b5f604687b3b314ef87d5cc101c06f7b66410f12163d93,/home/zyc/cess_d1r_168x16_reference_20260925/pmfs_5_16/rep_15_seed_2026105527/spatial/concentration.npy,/home/zyc/cess_d1r_168x16_reference_20260925/pmfs_5_16/rep_15_seed_2026105527/spatial/concentration.npy
32,pmfs_5_16,15,2026105528,pmfs_5_16/rep_16_seed_2026105528,e4a4e05c5127b573763090b7b80802ca66688b53b20074014b566e31ff09051a,/home/zyc/cess_d1r_168x16_reference_20260925/pmfs_5_16/rep_16_seed_2026105528/spatial/concentration.npy,/home/zyc/cess_d1r_168x16_reference_20260925/pmfs_5_16/rep_16_seed_2026105528/spatial/concentration.npy
33,pmfs_5_17,0,2026105529,pmfs_5_17/rep_01_seed_2026105529,3bbe5e423efeb4178a96c6f327d2298c73743da52580c9e8685792cd8b6bcd68,/home/zyc/cess_d1r_168x16_reference_20260925/pmfs_5_17/rep_01_seed_2026105529/spatial/concentration.npy,/home/zyc/cess_d1r_168x16_reference_20260925/pmfs_5_17/rep_01_seed_2026105529/spatial/concentration.npy
33,pmfs_5_17,1,2026105530,pmfs_5_17/rep_02_seed_2026105530,49f6c330f2c38aeeb377c417db29e1b37b6def7662fa8c3b85557ec307273b3a,/home/zyc/cess_d1r_168x16_reference_20260925/pmfs_5_17/rep_02_seed_2026105530/spatial/concentration.npy,/home/zyc/cess_d1r_168x16_reference_20260925/pmfs_5_17/rep_02_seed_2026105530/spatial/concentration.npy
33,pmfs_5_17,2,2026105531,pmfs_5_17/rep_03_seed_2026105531,a242ec871ac1554162948b3e558f4a17e1de56090e96a27f8557c7bb0a88c4b6,/home/zyc/cess_d1r_168x16_reference_20260925/pmfs_5_17/rep_03_seed_2026105531/spatial/concentration.npy,/home/zyc/cess_d1r_168x16_reference_20260925/pmfs_5_17/rep_03_seed_2026105531/spatial/concentration.npy
33,pmfs_5_17,3,2026105532,pmfs_5_17/rep_04_seed_2026105532,ae72e07ac0b23ca9a102db7d2342fca2fb9f9cca1ad2eccd586513528ad0a909,/home/zyc/cess_d1r_168x16_reference_20260925/pmfs_5_17/rep_04_seed_2026105532/spatial/concentration.npy,/home/zyc/cess_d1r_168x16_reference_20260925/pmfs_5_17/rep_04_seed_2026105532/spatial/concentration.npy
33,pmfs_5_17,4,2026105533,pmfs_5_17/rep_05_seed_2026105533,ce67e2cf625731cc27bffa2e71ebf09d1028fe490457ceefb4e24f495cac38ad,/home/zyc/cess_d1r_168x16_reference_20260925/pmfs_5_17/rep_05_seed_2026105533/spatial/concentration.npy,/home/zyc/cess_d1r_168x16_reference_20260925/pmfs_5_17/rep_05_seed_2026105533/spatial/concentration.npy
33,pmfs_5_17,5,2026105534,pmfs_5_17/rep_06_seed_2026105534,af7388f9ffc20aae9db44fa7bf10c6cbcef029d5d4a42fdad03e58c944501c5e,/home/zyc/cess_d1r_168x16_reference_20260925/pmfs_5_17/rep_06_seed_2026105534/spatial/concentration.npy,/home/zyc/cess_d1r_168x16_reference_20260925/pmfs_5_17/rep_06_seed_2026105534/spatial/concentration.npy
33,pmfs_5_17,6,2026105535,pmfs_5_17/rep_07_seed_2026105535,ce399b263065df5a9acb7148b03957a2154a5228e9885c9ae9fdf3d24833e00e,/home/zyc/cess_d1r_168x16_reference_20260925/pmfs_5_17/rep_07_seed_2026105535/spatial/concentration.npy,/home/zyc/cess_d1r_168x16_reference_20260925/pmfs_5_17/rep_07_seed_2026105535/spatial/concentration.npy
33,pmfs_5_17,7,2026105536,pmfs_5_17/rep_08_seed_2026105536,717b27006a77fe91a8afa971dcfa8cd235996b9f138aabbd5c5d83d2e6185207,/home/zyc/cess_d1r_168x16_reference_20260925/pmfs_5_17/rep_08_seed_2026105536/spatial/concentration.npy,/home/zyc/cess_d1r_168x16_reference_20260925/pmfs_5_17/rep_08_seed_2026105536/spatial/concentration.npy
33,pmfs_5_17,8,2026105537,pmfs_5_17/rep_09_seed_2026105537,7774ab180149189f6b4da6962570aa44dabaa58a883abf18285da8554c0a06d5,/home/zyc/cess_d1r_168x16_reference_20260925/pmfs_5_17/rep_09_seed_2026105537/spatial/concentration.npy,/home/zyc/cess_d1r_168x16_reference_20260925/pmfs_5_17/rep_09_seed_2026105537/spatial/concentration.npy
33,pmfs_5_17,9,2026105538,pmfs_5_17/rep_10_seed_2026105538,ad14ee349ae0aa36a1f93c5e9db388727459be562901cc4a3f4ca5791584be87,/home/zyc/cess_d1r_168x16_reference_20260925/pmfs_5_17/rep_10_seed_2026105538/spatial/concentration.npy,/home/zyc/cess_d1r_168x16_reference_20260925/pmfs_5_17/rep_10_seed_2026105538/spatial/concentration.npy
33,pmfs_5_17,10,2026105539,pmfs_5_17/rep_11_seed_2026105539,270db247b8efe34e373b0ffc8d0895aa7bbe96a1077906115a68a805cb907a20,/home/zyc/cess_d1r_168x16_reference_20260925/pmfs_5_17/rep_11_seed_2026105539/spatial/concentration.npy,/home/zyc/cess_d1r_168x16_reference_20260925/pmfs_5_17/rep_11_seed_2026105539/spatial/concentration.npy
33,pmfs_5_17,11,2026105540,pmfs_5_17/rep_12_seed_2026105540,ed3059bec81b92930335ee0d46e58307198df5ce037ea020a834d9735209c5be,/home/zyc/cess_d1r_168x16_reference_20260925/pmfs_5_17/rep_12_seed_2026105540/spatial/concentration.npy,/home/zyc/cess_d1r_168x16_reference_20260925/pmfs_5_17/rep_12_seed_2026105540/spatial/concentration.npy
33,pmfs_5_17,12,2026105541,pmfs_5_17/rep_13_seed_2026105541,370282f3be05952b7bae6e7bb2f6a9ac889010db56dfda64b6667985bc1f8313,/home/zyc/cess_d1r_168x16_reference_20260925/pmfs_5_17/rep_13_seed_2026105541/spatial/concentration.npy,/home/zyc/cess_d1r_168x16_reference_20260925/pmfs_5_17/rep_13_seed_2026105541/spatial/concentration.npy
33,pmfs_5_17,13,2026105542,pmfs_5_17/rep_14_seed_2026105542,08b5980c0f0b43cbc7fbfe702d45559ce750192ee32c3931b726fc6db5217eb3,/home/zyc/cess_d1r_168x16_reference_20260925/pmfs_5_17/rep_14_seed_2026105542/spatial/concentration.npy,/home/zyc/cess_d1r_168x16_reference_20260925/pmfs_5_17/rep_14_seed_2026105542/spatial/concentration.npy
33,pmfs_5_17,14,2026105543,pmfs_5_17/rep_15_seed_2026105543,308da55bd5f500ede6282435b74e6c7eaa549b00075b88506db9420825d3719a,/home/zyc/cess_d1r_168x16_reference_20260925/pmfs_5_17/rep_15_seed_2026105543/spatial/concentration.npy,/home/zyc/cess_d1r_168x16_reference_20260925/pmfs_5_17/rep_15_seed_2026105543/spatial/concentration.npy
33,pmfs_5_17,15,2026105544,pmfs_5_17/rep_16_seed_2026105544,d844f8a734a421b35006d0dc16db5171917ae864b8054c4d132b1c0108568a82,/home/zyc/cess_d1r_168x16_reference_20260925/pmfs_5_17/rep_16_seed_2026105544/spatial/concentration.npy,/home/zyc/cess_d1r_168x16_reference_20260925/pmfs_5_17/rep_16_seed_2026105544/spatial/concentration.npy
34,pmfs_5_18,0,2026105545,pmfs_5_18/rep_01_seed_2026105545,56580602288c38b1a8dd5058062f4d9d7f78b208265d3912f09607b50488e70a,/home/zyc/cess_d1r_168x16_reference_20260925/pmfs_5_18/rep_01_seed_2026105545/spatial/concentration.npy,/home/zyc/cess_d1r_168x16_reference_20260925/pmfs_5_18/rep_01_seed_2026105545/spatial/concentration.npy
34,pmfs_5_18,1,2026105546,pmfs_5_18/rep_02_seed_2026105546,035ea573cabef9a436f4880de9fdaf485e4cc0b48701768e175a55ac0eea9938,/home/zyc/cess_d1r_168x16_reference_20260925/pmfs_5_18/rep_02_seed_2026105546/spatial/concentration.npy,/home/zyc/cess_d1r_168x16_reference_20260925/pmfs_5_18/rep_02_seed_2026105546/spatial/concentration.npy
34,pmfs_5_18,2,2026105547,pmfs_5_18/rep_03_seed_2026105547,73382b00357babffc81c3dfa13a4059dbced2e2a5382dfd26997f66daed17cf9,/home/zyc/cess_d1r_168x16_reference_20260925/pmfs_5_18/rep_03_seed_2026105547/spatial/concentration.npy,/home/zyc/cess_d1r_168x16_reference_20260925/pmfs_5_18/rep_03_seed_2026105547/spatial/concentration.npy
34,pmfs_5_18,3,2026105548,pmfs_5_18/rep_04_seed_2026105548,d7f761bf5447a0489e31bd992a5fb79c79a6cc2024534b904a8250c89e0af663,/home/zyc/cess_d1r_168x16_reference_20260925/pmfs_5_18/rep_04_seed_2026105548/spatial/concentration.npy,/home/zyc/cess_d1r_168x16_reference_20260925/pmfs_5_18/rep_04_seed_2026105548/spatial/concentration.npy
34,pmfs_5_18,4,2026105549,pmfs_5_18/rep_05_seed_2026105549,ed7c0a264478a18be1948760effcc60bd4badd1fcc78d584fa59404b1d2087f4,/home/zyc/cess_d1r_168x16_reference_20260925/pmfs_5_18/rep_05_seed_2026105549/spatial/concentration.npy,/home/zyc/cess_d1r_168x16_reference_20260925/pmfs_5_18/rep_05_seed_2026105549/spatial/concentration.npy
34,pmfs_5_18,5,2026105550,pmfs_5_18/rep_06_seed_2026105550,fc383277e21d37532d64c5a062be6f1e70bf4f4668a190d20c13b4dda336aa46,/home/zyc/cess_d1r_168x16_reference_20260925/pmfs_5_18/rep_06_seed_2026105550/spatial/concentration.npy,/home/zyc/cess_d1r_168x16_reference_20260925/pmfs_5_18/rep_06_seed_2026105550/spatial/concentration.npy
34,pmfs_5_18,6,2026105551,pmfs_5_18/rep_07_seed_2026105551,21622a4751ae529c76f23217010a8528155cb64c8e2f2ca9888e51e592207944,/home/zyc/cess_d1r_168x16_reference_20260925/pmfs_5_18/rep_07_seed_2026105551/spatial/concentration.npy,/home/zyc/cess_d1r_168x16_reference_20260925/pmfs_5_18/rep_07_seed_2026105551/spatial/concentration.npy
34,pmfs_5_18,7,2026105552,pmfs_5_18/rep_08_seed_2026105552,c4df6d3ca8b31e673517307985d3cf9845a12be22678c8d2bf2e170a543942ed,/home/zyc/cess_d1r_168x16_reference_20260925/pmfs_5_18/rep_08_seed_2026105552/spatial/concentration.npy,/home/zyc/cess_d1r_168x16_reference_20260925/pmfs_5_18/rep_08_seed_2026105552/spatial/concentration.npy
34,pmfs_5_18,8,2026105553,pmfs_5_18/rep_09_seed_2026105553,f0066833cf7c204b611e7a822977ea2b39a45c69ad7634b4840b783a0922d25f,/home/zyc/cess_d1r_168x16_reference_20260925/pmfs_5_18/rep_09_seed_2026105553/spatial/concentration.npy,/home/zyc/cess_d1r_168x16_reference_20260925/pmfs_5_18/rep_09_seed_2026105553/spatial/concentration.npy
34,pmfs_5_18,9,2026105554,pmfs_5_18/rep_10_seed_2026105554,bbf4d6a43cba27a1db4bbbf5a658dd04d0f010ff5694714d5132aea9f13aa6f5,/home/zyc/cess_d1r_168x16_reference_20260925/pmfs_5_18/rep_10_seed_2026105554/spatial/concentration.npy,/home/zyc/cess_d1r_168x16_reference_20260925/pmfs_5_18/rep_10_seed_2026105554/spatial/concentration.npy
34,pmfs_5_18,10,2026105555,pmfs_5_18/rep_11_seed_2026105555,2c53ae4401b892ebc270e17f2530a164e709a60bcb1ac3870ee42318a411948f,/home/zyc/cess_d1r_168x16_reference_20260925/pmfs_5_18/rep_11_seed_2026105555/spatial/concentration.npy,/home/zyc/cess_d1r_168x16_reference_20260925/pmfs_5_18/rep_11_seed_2026105555/spatial/concentration.npy
34,pmfs_5_18,11,2026105556,pmfs_5_18/rep_12_seed_2026105556,1d1878ea74161a9ee65eb6a8d5fc3e6ae0a9952ac8c36081922d76e01331f4ec,/home/zyc/cess_d1r_168x16_reference_20260925/pmfs_5_18/rep_12_seed_2026105556/spatial/concentration.npy,/home/zyc/cess_d1r_168x16_reference_20260925/pmfs_5_18/rep_12_seed_2026105556/spatial/concentration.npy
34,pmfs_5_18,12,2026105557,pmfs_5_18/rep_13_seed_2026105557,cf4180b26fe1cdfe53cf147a22a7ce935e6f71ed76d9446469b9852509708289,/home/zyc/cess_d1r_168x16_reference_20260925/pmfs_5_18/rep_13_seed_2026105557/spatial/concentration.npy,/home/zyc/cess_d1r_168x16_reference_20260925/pmfs_5_18/rep_13_seed_2026105557/spatial/concentration.npy
34,pmfs_5_18,13,2026105558,pmfs_5_18/rep_14_seed_2026105558,36cce758e2649e75c23fe2ada85d0e1fbc316aa06acd4dbb45804ebe2abb4554,/home/zyc/cess_d1r_168x16_reference_20260925/pmfs_5_18/rep_14_seed_2026105558/spatial/concentration.npy,/home/zyc/cess_d1r_168x16_reference_20260925/pmfs_5_18/rep_14_seed_2026105558/spatial/concentration.npy
34,pmfs_5_18,14,2026105559,pmfs_5_18/rep_15_seed_2026105559,728ae1edea1f1603e22db68e636e254cf2fb93a6946126c4a2dce694abc5eea5,/home/zyc/cess_d1r_168x16_reference_20260925/pmfs_5_18/rep_15_seed_2026105559/spatial/concentration.npy,/home/zyc/cess_d1r_168x16_reference_20260925/pmfs_5_18/rep_15_seed_2026105559/spatial/concentration.npy
34,pmfs_5_18,15,2026105560,pmfs_5_18/rep_16_seed_2026105560,59ec9c15f47382f39c3f721f3b192ccf9d876f0f66b4932f02e64600859976b2,/home/zyc/cess_d1r_168x16_reference_20260925/pmfs_5_18/rep_16_seed_2026105560/spatial/concentration.npy,/home/zyc/cess_d1r_168x16_reference_20260925/pmfs_5_18/rep_16_seed_2026105560/spatial/concentration.npy
35,pmfs_6_12,0,2026105561,pmfs_6_12/rep_01_seed_2026105561,1068d7a313810fcaa5959040de6bb6068d9e3eb0e617baf8b156c994d78318e4,/home/zyc/cess_d1r_168x16_reference_20260925/pmfs_6_12/rep_01_seed_2026105561/spatial/concentration.npy,/home/zyc/cess_d1r_168x16_reference_20260925/pmfs_6_12/rep_01_seed_2026105561/spatial/concentration.npy
35,pmfs_6_12,1,2026105562,pmfs_6_12/rep_02_seed_2026105562,1025998e92d15a86ad88d40603b71335675e5195f40bdef8c5c3a3ec437bbf93,/home/zyc/cess_d1r_168x16_reference_20260925/pmfs_6_12/rep_02_seed_2026105562/spatial/concentration.npy,/home/zyc/cess_d1r_168x16_reference_20260925/pmfs_6_12/rep_02_seed_2026105562/spatial/concentration.npy
35,pmfs_6_12,2,2026105563,pmfs_6_12/rep_03_seed_2026105563,fb7faafa22b1f42158c4c12f6672ae4a1f89bfc9f77dccb4ec6901f434b17975,/home/zyc/cess_d1r_168x16_reference_20260925/pmfs_6_12/rep_03_seed_2026105563/spatial/concentration.npy,/home/zyc/cess_d1r_168x16_reference_20260925/pmfs_6_12/rep_03_seed_2026105563/spatial/concentration.npy
35,pmfs_6_12,3,2026105564,pmfs_6_12/rep_04_seed_2026105564,8180c9d678caaf9f3776bb9408ecdbaee0c3c5b7000525a73b6f6d8bbda6195c,/home/zyc/cess_d1r_168x16_reference_20260925/pmfs_6_12/rep_04_seed_2026105564/spatial/concentration.npy,/home/zyc/cess_d1r_168x16_reference_20260925/pmfs_6_12/rep_04_seed_2026105564/spatial/concentration.npy
35,pmfs_6_12,4,2026105565,pmfs_6_12/rep_05_seed_2026105565,88ef6743071cd8524d8e0c96639bbcb1fcf3e2e9f40fd357339eba09fe7a7000,/home/zyc/cess_d1r_168x16_reference_20260925/pmfs_6_12/rep_05_seed_2026105565/spatial/concentration.npy,/home/zyc/cess_d1r_168x16_reference_20260925/pmfs_6_12/rep_05_seed_2026105565/spatial/concentration.npy
35,pmfs_6_12,5,2026105566,pmfs_6_12/rep_06_seed_2026105566,47fc259d009c97866629e9247f85787fac3ab6474c8a76a39abf62a6366c79fa,/home/zyc/cess_d1r_168x16_reference_20260925/pmfs_6_12/rep_06_seed_2026105566/spatial/concentration.npy,/home/zyc/cess_d1r_168x16_reference_20260925/pmfs_6_12/rep_06_seed_2026105566/spatial/concentration.npy
35,pmfs_6_12,6,2026105567,pmfs_6_12/rep_07_seed_2026105567,4a3c96d82b02396bead48a23c086206fded74f0264f387cae5d062eb50c6e32b,/home/zyc/cess_d1r_168x16_reference_20260925/pmfs_6_12/rep_07_seed_2026105567/spatial/concentration.npy,/home/zyc/cess_d1r_168x16_reference_20260925/pmfs_6_12/rep_07_seed_2026105567/spatial/concentration.npy
35,pmfs_6_12,7,2026105568,pmfs_6_12/rep_08_seed_2026105568,0d2b2ccbaff95ef275b992876637c44d135e5e2dabdc91fae37a1059eeb3b769,/home/zyc/cess_d1r_168x16_reference_20260925/pmfs_6_12/rep_08_seed_2026105568/spatial/concentration.npy,/home/zyc/cess_d1r_168x16_reference_20260925/pmfs_6_12/rep_08_seed_2026105568/spatial/concentration.npy
35,pmfs_6_12,8,2026105569,pmfs_6_12/rep_09_seed_2026105569,652f7d23616c10a26b9cd61284c23bde782aa25d2f88cba859e0b62aab9831b5,/home/zyc/cess_d1r_168x16_reference_20260925/pmfs_6_12/rep_09_seed_2026105569/spatial/concentration.npy,/home/zyc/cess_d1r_168x16_reference_20260925/pmfs_6_12/rep_09_seed_2026105569/spatial/concentration.npy
35,pmfs_6_12,9,2026105570,pmfs_6_12/rep_10_seed_2026105570,3a9b4fa783bd4520fdbac1889d5f1bb62fe6826344612af68ad69c28b7be1157,/home/zyc/cess_d1r_168x16_reference_20260925/pmfs_6_12/rep_10_seed_2026105570/spatial/concentration.npy,/home/zyc/cess_d1r_168x16_reference_20260925/pmfs_6_12/rep_10_seed_2026105570/spatial/concentration.npy
35,pmfs_6_12,10,2026105571,pmfs_6_12/rep_11_seed_2026105571,8bba2f2e1122c89d51a024fc76ec233a1b7e5e62f3fbbbb6b741aa55c5156f4f,/home/zyc/cess_d1r_168x16_reference_20260925/pmfs_6_12/rep_11_seed_2026105571/spatial/concentration.npy,/home/zyc/cess_d1r_168x16_reference_20260925/pmfs_6_12/rep_11_seed_2026105571/spatial/concentration.npy
35,pmfs_6_12,11,2026105572,pmfs_6_12/rep_12_seed_2026105572,f3494655323c008eb5f68f500ab2db4bf9f9edefaae06febafa801297756bfd4,/home/zyc/cess_d1r_168x16_reference_20260925/pmfs_6_12/rep_12_seed_2026105572/spatial/concentration.npy,/home/zyc/cess_d1r_168x16_reference_20260925/pmfs_6_12/rep_12_seed_2026105572/spatial/concentration.npy
35,pmfs_6_12,12,2026105573,pmfs_6_12/rep_13_seed_2026105573,8d7cd8ae578b34e10afe83faf33c164633100bd32205c3106936f28c4c1e5d4b,/home/zyc/cess_d1r_168x16_reference_20260925/pmfs_6_12/rep_13_seed_2026105573/spatial/concentration.npy,/home/zyc/cess_d1r_168x16_reference_20260925/pmfs_6_12/rep_13_seed_2026105573/spatial/concentration.npy
35,pmfs_6_12,13,2026105574,pmfs_6_12/rep_14_seed_2026105574,955c170fb2a956389246107fc86e9be198970501cd219eef4d310b02143d925d,/home/zyc/cess_d1r_168x16_reference_20260925/pmfs_6_12/rep_14_seed_2026105574/spatial/concentration.npy,/home/zyc/cess_d1r_168x16_reference_20260925/pmfs_6_12/rep_14_seed_2026105574/spatial/concentration.npy
35,pmfs_6_12,14,2026105575,pmfs_6_12/rep_15_seed_2026105575,eb3f26db50d238a3ee4df5c64f5d4070e8eeb151d583c8a9ac76bfc27594cdf0,/home/zyc/cess_d1r_168x16_reference_20260925/pmfs_6_12/rep_15_seed_2026105575/spatial/concentration.npy,/home/zyc/cess_d1r_168x16_reference_20260925/pmfs_6_12/rep_15_seed_2026105575/spatial/concentration.npy
35,pmfs_6_12,15,2026105576,pmfs_6_12/rep_16_seed_2026105576,a883fce0ebbba6be84a534cff1965264bbec6fa8a14f19f469fa27dbcca1f5eb,/home/zyc/cess_d1r_168x16_reference_20260925/pmfs_6_12/rep_16_seed_2026105576/spatial/concentration.npy,/home/zyc/cess_d1r_168x16_reference_20260925/pmfs_6_12/rep_16_seed_2026105576/spatial/concentration.npy
36,pmfs_6_13,0,2026105577,pmfs_6_13/rep_01_seed_2026105577,80b15d31ab37f69889f9447e2efe14e9e58f213de7409d9a86c7dde077413ed0,/home/zyc/cess_d1r_168x16_reference_20260925/pmfs_6_13/rep_01_seed_2026105577/spatial/concentration.npy,/home/zyc/cess_d1r_168x16_reference_20260925/pmfs_6_13/rep_01_seed_2026105577/spatial/concentration.npy
36,pmfs_6_13,1,2026105578,pmfs_6_13/rep_02_seed_2026105578,75c927eb2165bf1deccb31f7bb4950d270b9d7b72116ad5cf75920787e0eda39,/home/zyc/cess_d1r_168x16_reference_20260925/pmfs_6_13/rep_02_seed_2026105578/spatial/concentration.npy,/home/zyc/cess_d1r_168x16_reference_20260925/pmfs_6_13/rep_02_seed_2026105578/spatial/concentration.npy
36,pmfs_6_13,2,2026105579,pmfs_6_13/rep_03_seed_2026105579,2d220606c68686fc73bf9fb7e7eb2ad749a456b39675d81fcddb3fdf0bca592e,/home/zyc/cess_d1r_168x16_reference_20260925/pmfs_6_13/rep_03_seed_2026105579/spatial/concentration.npy,/home/zyc/cess_d1r_168x16_reference_20260925/pmfs_6_13/rep_03_seed_2026105579/spatial/concentration.npy
36,pmfs_6_13,3,2026105580,pmfs_6_13/rep_04_seed_2026105580,0ba74cc41a7cfd3ab939fb396efba5ed3044af3f62c86ee455d801a07ee8765c,/home/zyc/cess_d1r_168x16_reference_20260925/pmfs_6_13/rep_04_seed_2026105580/spatial/concentration.npy,/home/zyc/cess_d1r_168x16_reference_20260925/pmfs_6_13/rep_04_seed_2026105580/spatial/concentration.npy
36,pmfs_6_13,4,2026105581,pmfs_6_13/rep_05_seed_2026105581,e1a2d3805b90c8dba7abd4f7007594d78d98c4b8e83ebd220f03b6d983b8ed16,/home/zyc/cess_d1r_168x16_reference_20260925/pmfs_6_13/rep_05_seed_2026105581/spatial/concentration.npy,/home/zyc/cess_d1r_168x16_reference_20260925/pmfs_6_13/rep_05_seed_2026105581/spatial/concentration.npy
36,pmfs_6_13,5,2026105582,pmfs_6_13/rep_06_seed_2026105582,628ad78d13f472169c54cd2faf78efca0918a743971679e432ee7577f46417ab,/home/zyc/cess_d1r_168x16_reference_20260925/pmfs_6_13/rep_06_seed_2026105582/spatial/concentration.npy,/home/zyc/cess_d1r_168x16_reference_20260925/pmfs_6_13/rep_06_seed_2026105582/spatial/concentration.npy
36,pmfs_6_13,6,2026105583,pmfs_6_13/rep_07_seed_2026105583,cc9ab6d393e3d8d1b133fe51796d22246d98095885194850b29db609cf3b3f82,/home/zyc/cess_d1r_168x16_reference_20260925/pmfs_6_13/rep_07_seed_2026105583/spatial/concentration.npy,/home/zyc/cess_d1r_168x16_reference_20260925/pmfs_6_13/rep_07_seed_2026105583/spatial/concentration.npy
36,pmfs_6_13,7,2026105584,pmfs_6_13/rep_08_seed_2026105584,f4f2e8829c23ee97393ed60d26c75483e134bb7c4c6ec9c51cf40f871f10aaee,/home/zyc/cess_d1r_168x16_reference_20260925/pmfs_6_13/rep_08_seed_2026105584/spatial/concentration.npy,/home/zyc/cess_d1r_168x16_reference_20260925/pmfs_6_13/rep_08_seed_2026105584/spatial/concentration.npy
36,pmfs_6_13,8,2026105585,pmfs_6_13/rep_09_seed_2026105585,9a7b26be15d94f562e01b5b4ce06e922f2f4387e94c796d6b5a8657b1b011625,/home/zyc/cess_d1r_168x16_reference_20260925/pmfs_6_13/rep_09_seed_2026105585/spatial/concentration.npy,/home/zyc/cess_d1r_168x16_reference_20260925/pmfs_6_13/rep_09_seed_2026105585/spatial/concentration.npy
36,pmfs_6_13,9,2026105586,pmfs_6_13/rep_10_seed_2026105586,d53cc2da1f0371a5099a1fdc2760bf4401df16fe86880c92b05eb001863680c5,/home/zyc/cess_d1r_168x16_reference_20260925/pmfs_6_13/rep_10_seed_2026105586/spatial/concentration.npy,/home/zyc/cess_d1r_168x16_reference_20260925/pmfs_6_13/rep_10_seed_2026105586/spatial/concentration.npy
36,pmfs_6_13,10,2026105587,pmfs_6_13/rep_11_seed_2026105587,3c40308a1173f636a3c15d89cf6722699bce98c8e0cb198fd26d21471f2270ea,/home/zyc/cess_d1r_168x16_reference_20260925/pmfs_6_13/rep_11_seed_2026105587/spatial/concentration.npy,/home/zyc/cess_d1r_168x16_reference_20260925/pmfs_6_13/rep_11_seed_2026105587/spatial/concentration.npy
36,pmfs_6_13,11,2026105588,pmfs_6_13/rep_12_seed_2026105588,636903cd8fe559535641aa2c09449c92ca732f280f6e1500b970c7b08ccd1ac8,/home/zyc/cess_d1r_168x16_reference_20260925/pmfs_6_13/rep_12_seed_2026105588/spatial/concentration.npy,/home/zyc/cess_d1r_168x16_reference_20260925/pmfs_6_13/rep_12_seed_2026105588/spatial/concentration.npy
36,pmfs_6_13,12,2026105589,pmfs_6_13/rep_13_seed_2026105589,17e8bfd1d9cb07871b9268fe8884a8abbafdb5795a9b12b355cf82bddf632860,/home/zyc/cess_d1r_168x16_reference_20260925/pmfs_6_13/rep_13_seed_2026105589/spatial/concentration.npy,/home/zyc/cess_d1r_168x16_reference_20260925/pmfs_6_13/rep_13_seed_2026105589/spatial/concentration.npy
36,pmfs_6_13,13,2026105590,pmfs_6_13/rep_14_seed_2026105590,7828e132eeccad174dfc661d49e8e5256d943f6fd820e6b8b5719b8670d3c37c,/home/zyc/cess_d1r_168x16_reference_20260925/pmfs_6_13/rep_14_seed_2026105590/spatial/concentration.npy,/home/zyc/cess_d1r_168x16_reference_20260925/pmfs_6_13/rep_14_seed_2026105590/spatial/concentration.npy
36,pmfs_6_13,14,2026105591,pmfs_6_13/rep_15_seed_2026105591,7c77f6477467a27d970c7f277d4deb388c560b5d4ca5b59cb27c0c478420a1d3,/home/zyc/cess_d1r_168x16_reference_20260925/pmfs_6_13/rep_15_seed_2026105591/spatial/concentration.npy,/home/zyc/cess_d1r_168x16_reference_20260925/pmfs_6_13/rep_15_seed_2026105591/spatial/concentration.npy
36,pmfs_6_13,15,2026105592,pmfs_6_13/rep_16_seed_2026105592,e2ddc065da79cc373281bfcb0a637431f7b40204951eb7de24f1336a4e203949,/home/zyc/cess_d1r_168x16_reference_20260925/pmfs_6_13/rep_16_seed_2026105592/spatial/concentration.npy,/home/zyc/cess_d1r_168x16_reference_20260925/pmfs_6_13/rep_16_seed_2026105592/spatial/concentration.npy
37,pmfs_6_14,0,2026105593,pmfs_6_14/rep_01_seed_2026105593,cf4d38d8c4866f00da17fdecadf9272bbc16d1a365509ba17ebc0dc133697411,/home/zyc/cess_d1r_168x16_reference_20260925/pmfs_6_14/rep_01_seed_2026105593/spatial/concentration.npy,/home/zyc/cess_d1r_168x16_reference_20260925/pmfs_6_14/rep_01_seed_2026105593/spatial/concentration.npy
37,pmfs_6_14,1,2026105594,pmfs_6_14/rep_02_seed_2026105594,e1ac961527b4456b619541cc12d2f7da45b549adc1e109f57e93a27c99d66485,/home/zyc/cess_d1r_168x16_reference_20260925/pmfs_6_14/rep_02_seed_2026105594/spatial/concentration.npy,/home/zyc/cess_d1r_168x16_reference_20260925/pmfs_6_14/rep_02_seed_2026105594/spatial/concentration.npy
37,pmfs_6_14,2,2026105595,pmfs_6_14/rep_03_seed_2026105595,c8bbca00bd28513fcbf6aa8077a510671119f19c16833b3c5e64f3735afff250,/home/zyc/cess_d1r_168x16_reference_20260925/pmfs_6_14/rep_03_seed_2026105595/spatial/concentration.npy,/home/zyc/cess_d1r_168x16_reference_20260925/pmfs_6_14/rep_03_seed_2026105595/spatial/concentration.npy
37,pmfs_6_14,3,2026105596,pmfs_6_14/rep_04_seed_2026105596,c3e8ae6506d21bfd6af0cf55375c20b5150d097717c8f10860900b03ce931ffa,/home/zyc/cess_d1r_168x16_reference_20260925/pmfs_6_14/rep_04_seed_2026105596/spatial/concentration.npy,/home/zyc/cess_d1r_168x16_reference_20260925/pmfs_6_14/rep_04_seed_2026105596/spatial/concentration.npy
37,pmfs_6_14,4,2026105597,pmfs_6_14/rep_05_seed_2026105597,55829c868504f5148f10004a4535583ab117b108ac1a0354f55f98dafdebbc12,/home/zyc/cess_d1r_168x16_reference_20260925/pmfs_6_14/rep_05_seed_2026105597/spatial/concentration.npy,/home/zyc/cess_d1r_168x16_reference_20260925/pmfs_6_14/rep_05_seed_2026105597/spatial/concentration.npy
37,pmfs_6_14,5,2026105598,pmfs_6_14/rep_06_seed_2026105598,e7e71a7abae1d208442d271224909adbdb407648c183304b97a635aa70ac7e5d,/home/zyc/cess_d1r_168x16_reference_20260925/pmfs_6_14/rep_06_seed_2026105598/spatial/concentration.npy,/home/zyc/cess_d1r_168x16_reference_20260925/pmfs_6_14/rep_06_seed_2026105598/spatial/concentration.npy
37,pmfs_6_14,6,2026105599,pmfs_6_14/rep_07_seed_2026105599,3831d0b6e538d5abbdd6c34ce5367ed271688c56fd5953acef4ff7b15d5163ee,/home/zyc/cess_d1r_168x16_reference_20260925/pmfs_6_14/rep_07_seed_2026105599/spatial/concentration.npy,/home/zyc/cess_d1r_168x16_reference_20260925/pmfs_6_14/rep_07_seed_2026105599/spatial/concentration.npy
37,pmfs_6_14,7,2026105600,pmfs_6_14/rep_08_seed_2026105600,621854cf08af3cb877c2d92a48545c7995729235a9880ca2e35ef31bc03e69eb,/home/zyc/cess_d1r_168x16_reference_20260925/pmfs_6_14/rep_08_seed_2026105600/spatial/concentration.npy,/home/zyc/cess_d1r_168x16_reference_20260925/pmfs_6_14/rep_08_seed_2026105600/spatial/concentration.npy
37,pmfs_6_14,8,2026105601,pmfs_6_14/rep_09_seed_2026105601,31dfc5f810608fefbbf48a9fbf1d315414cdc49beaa17668dc7c2f1c68cc3d8a,/home/zyc/cess_d1r_168x16_reference_20260925/pmfs_6_14/rep_09_seed_2026105601/spatial/concentration.npy,/home/zyc/cess_d1r_168x16_reference_20260925/pmfs_6_14/rep_09_seed_2026105601/spatial/concentration.npy
37,pmfs_6_14,9,2026105602,pmfs_6_14/rep_10_seed_2026105602,75a37eee88213ec70be57c6741d307ccab4aa35171303add9d3bf5885575b7e2,/home/zyc/cess_d1r_168x16_reference_20260925/pmfs_6_14/rep_10_seed_2026105602/spatial/concentration.npy,/home/zyc/cess_d1r_168x16_reference_20260925/pmfs_6_14/rep_10_seed_2026105602/spatial/concentration.npy
37,pmfs_6_14,10,2026105603,pmfs_6_14/rep_11_seed_2026105603,e62dd3648c139ee0a970c34252eb430e65db2a4dec8a5a6ba7c045e82827f34a,/home/zyc/cess_d1r_168x16_reference_20260925/pmfs_6_14/rep_11_seed_2026105603/spatial/concentration.npy,/home/zyc/cess_d1r_168x16_reference_20260925/pmfs_6_14/rep_11_seed_2026105603/spatial/concentration.npy
37,pmfs_6_14,11,2026105604,pmfs_6_14/rep_12_seed_2026105604,997280ad168c86cc576bb070880ab98967e9d8191977bea773a1ad4a20a38333,/home/zyc/cess_d1r_168x16_reference_20260925/pmfs_6_14/rep_12_seed_2026105604/spatial/concentration.npy,/home/zyc/cess_d1r_168x16_reference_20260925/pmfs_6_14/rep_12_seed_2026105604/spatial/concentration.npy
37,pmfs_6_14,12,2026105605,pmfs_6_14/rep_13_seed_2026105605,3f8dbad460a2b18e66c59a3cf76d94342ef027eb617696770f71534079e1c247,/home/zyc/cess_d1r_168x16_reference_20260925/pmfs_6_14/rep_13_seed_2026105605/spatial/concentration.npy,/home/zyc/cess_d1r_168x16_reference_20260925/pmfs_6_14/rep_13_seed_2026105605/spatial/concentration.npy
37,pmfs_6_14,13,2026105606,pmfs_6_14/rep_14_seed_2026105606,27d337775e86b0234be48f052831dab0d29284e5d85a6af8da19814eae57c544,/home/zyc/cess_d1r_168x16_reference_20260925/pmfs_6_14/rep_14_seed_2026105606/spatial/concentration.npy,/home/zyc/cess_d1r_168x16_reference_20260925/pmfs_6_14/rep_14_seed_2026105606/spatial/concentration.npy
37,pmfs_6_14,14,2026105607,pmfs_6_14/rep_15_seed_2026105607,7f51eefb0679ef4b2be578f1456c382e5ca670dbf9feb36161d7774eab6e2add,/home/zyc/cess_d1r_168x16_reference_20260925/pmfs_6_14/rep_15_seed_2026105607/spatial/concentration.npy,/home/zyc/cess_d1r_168x16_reference_20260925/pmfs_6_14/rep_15_seed_2026105607/spatial/concentration.npy
37,pmfs_6_14,15,2026105608,pmfs_6_14/rep_16_seed_2026105608,39ff4e5b6259e603e13062ce6db801a0da2ee26294583e03cc69844462631bd0,/home/zyc/cess_d1r_168x16_reference_20260925/pmfs_6_14/rep_16_seed_2026105608/spatial/concentration.npy,/home/zyc/cess_d1r_168x16_reference_20260925/pmfs_6_14/rep_16_seed_2026105608/spatial/concentration.npy
38,pmfs_6_15,0,2026105609,pmfs_6_15/rep_01_seed_2026105609,3286b841d8444d1e03a88be222c1fbc096fa7a1869a3543815c397472812d4fd,/home/zyc/cess_d1r_168x16_reference_20260925/pmfs_6_15/rep_01_seed_2026105609/spatial/concentration.npy,/home/zyc/cess_d1r_168x16_reference_20260925/pmfs_6_15/rep_01_seed_2026105609/spatial/concentration.npy
38,pmfs_6_15,1,2026105610,pmfs_6_15/rep_02_seed_2026105610,0cbb2eb8a0593f1e2cb269d2ab8841500125de7e6c82185bfc8062494cd9271c,/home/zyc/cess_d1r_168x16_reference_20260925/pmfs_6_15/rep_02_seed_2026105610/spatial/concentration.npy,/home/zyc/cess_d1r_168x16_reference_20260925/pmfs_6_15/rep_02_seed_2026105610/spatial/concentration.npy
38,pmfs_6_15,2,2026105611,pmfs_6_15/rep_03_seed_2026105611,ec9df0beb5c9f278c9e479e9985198a5c01be5187911c8c39e10e77e27ccde9a,/home/zyc/cess_d1r_168x16_reference_20260925/pmfs_6_15/rep_03_seed_2026105611/spatial/concentration.npy,/home/zyc/cess_d1r_168x16_reference_20260925/pmfs_6_15/rep_03_seed_2026105611/spatial/concentration.npy
38,pmfs_6_15,3,2026105612,pmfs_6_15/rep_04_seed_2026105612,b25672eb94515aa7796e880d2f4ae63961aba68e5644eff2e366ee5d5d9955bd,/home/zyc/cess_d1r_168x16_reference_20260925/pmfs_6_15/rep_04_seed_2026105612/spatial/concentration.npy,/home/zyc/cess_d1r_168x16_reference_20260925/pmfs_6_15/rep_04_seed_2026105612/spatial/concentration.npy
38,pmfs_6_15,4,2026105613,pmfs_6_15/rep_05_seed_2026105613,60c791bba74aa9b34434a061dddce89c08e594e484c9bfd2e74e0623e1410457,/home/zyc/cess_d1r_168x16_reference_20260925/pmfs_6_15/rep_05_seed_2026105613/spatial/concentration.npy,/home/zyc/cess_d1r_168x16_reference_20260925/pmfs_6_15/rep_05_seed_2026105613/spatial/concentration.npy
38,pmfs_6_15,5,2026105614,pmfs_6_15/rep_06_seed_2026105614,c2309d7d1d61c88d6b82efc5924a2c3b24c69e6057b42e16e3c8c75ac75b1a19,/home/zyc/cess_d1r_168x16_reference_20260925/pmfs_6_15/rep_06_seed_2026105614/spatial/concentration.npy,/home/zyc/cess_d1r_168x16_reference_20260925/pmfs_6_15/rep_06_seed_2026105614/spatial/concentration.npy
38,pmfs_6_15,6,2026105615,pmfs_6_15/rep_07_seed_2026105615,2918def53301500f80c647a92632c767c7329b07cde0a12950495e51731911e2,/home/zyc/cess_d1r_168x16_reference_20260925/pmfs_6_15/rep_07_seed_2026105615/spatial/concentration.npy,/home/zyc/cess_d1r_168x16_reference_20260925/pmfs_6_15/rep_07_seed_2026105615/spatial/concentration.npy
38,pmfs_6_15,7,2026105616,pmfs_6_15/rep_08_seed_2026105616,7b8a238170bade3f12aecad2333e8e8f0dfa6a810badde6a020019907cb370f3,/home/zyc/cess_d1r_168x16_reference_20260925/pmfs_6_15/rep_08_seed_2026105616/spatial/concentration.npy,/home/zyc/cess_d1r_168x16_reference_20260925/pmfs_6_15/rep_08_seed_2026105616/spatial/concentration.npy
38,pmfs_6_15,8,2026105617,pmfs_6_15/rep_09_seed_2026105617,4c2df14a1cc26ff9e715ab2d74740ec74cf09197793b4986ce5cba204abba456,/home/zyc/cess_d1r_168x16_reference_20260925/pmfs_6_15/rep_09_seed_2026105617/spatial/concentration.npy,/home/zyc/cess_d1r_168x16_reference_20260925/pmfs_6_15/rep_09_seed_2026105617/spatial/concentration.npy
38,pmfs_6_15,9,2026105618,pmfs_6_15/rep_10_seed_2026105618,aae544371ad451dc0f264b70a2f28c0626926f3e24d54badac784c1f575a9c89,/home/zyc/cess_d1r_168x16_reference_20260925/pmfs_6_15/rep_10_seed_2026105618/spatial/concentration.npy,/home/zyc/cess_d1r_168x16_reference_20260925/pmfs_6_15/rep_10_seed_2026105618/spatial/concentration.npy
38,pmfs_6_15,10,2026105619,pmfs_6_15/rep_11_seed_2026105619,bf422207981a81a034f5ef30cb4b8a6b63e3b6b7b48ea2608aa8b46c3b290854,/home/zyc/cess_d1r_168x16_reference_20260925/pmfs_6_15/rep_11_seed_2026105619/spatial/concentration.npy,/home/zyc/cess_d1r_168x16_reference_20260925/pmfs_6_15/rep_11_seed_2026105619/spatial/concentration.npy
38,pmfs_6_15,11,2026105620,pmfs_6_15/rep_12_seed_2026105620,b23aee441b14a9f29a2f66efce1c6335f89582aad3132983645b61e0277da4ec,/home/zyc/cess_d1r_168x16_reference_20260925/pmfs_6_15/rep_12_seed_2026105620/spatial/concentration.npy,/home/zyc/cess_d1r_168x16_reference_20260925/pmfs_6_15/rep_12_seed_2026105620/spatial/concentration.npy
38,pmfs_6_15,12,2026105621,pmfs_6_15/rep_13_seed_2026105621,94ba1a984d2d73cd792075af6c4bf029e1c6f6a075cb62a7ce1f1e26dd7b2d86,/home/zyc/cess_d1r_168x16_reference_20260925/pmfs_6_15/rep_13_seed_2026105621/spatial/concentration.npy,/home/zyc/cess_d1r_168x16_reference_20260925/pmfs_6_15/rep_13_seed_2026105621/spatial/concentration.npy
38,pmfs_6_15,13,2026105622,pmfs_6_15/rep_14_seed_2026105622,af6916acb70aebd9352e04fd1b4587d791091f73c31ce35c6a4ff5eb1aef0849,/home/zyc/cess_d1r_168x16_reference_20260925/pmfs_6_15/rep_14_seed_2026105622/spatial/concentration.npy,/home/zyc/cess_d1r_168x16_reference_20260925/pmfs_6_15/rep_14_seed_2026105622/spatial/concentration.npy
38,pmfs_6_15,14,2026105623,pmfs_6_15/rep_15_seed_2026105623,8cd1c8c29ccef22740397242fc370732891735adb326f8bf49ff67e1faeeb377,/home/zyc/cess_d1r_168x16_reference_20260925/pmfs_6_15/rep_15_seed_2026105623/spatial/concentration.npy,/home/zyc/cess_d1r_168x16_reference_20260925/pmfs_6_15/rep_15_seed_2026105623/spatial/concentration.npy
38,pmfs_6_15,15,2026105624,pmfs_6_15/rep_16_seed_2026105624,72f643deba6eef4170e3bf1940539cd79aae3775e4ae849ff880b6586ea3b672,/home/zyc/cess_d1r_168x16_reference_20260925/pmfs_6_15/rep_16_seed_2026105624/spatial/concentration.npy,/home/zyc/cess_d1r_168x16_reference_20260925/pmfs_6_15/rep_16_seed_2026105624/spatial/concentration.npy
39,pmfs_6_16,0,2026105625,pmfs_6_16/rep_01_seed_2026105625,793f42f09afbebf70785500f7e62a49342fe852ab7e41334ff7daabaf966a48f,/home/zyc/cess_d1r_168x16_reference_20260925/pmfs_6_16/rep_01_seed_2026105625/spatial/concentration.npy,/home/zyc/cess_d1r_168x16_reference_20260925/pmfs_6_16/rep_01_seed_2026105625/spatial/concentration.npy
39,pmfs_6_16,1,2026105626,pmfs_6_16/rep_02_seed_2026105626,53d9a21e45395adcfabd5100d582990e244d4ccba8aa353ae275bad71af4b946,/home/zyc/cess_d1r_168x16_reference_20260925/pmfs_6_16/rep_02_seed_2026105626/spatial/concentration.npy,/home/zyc/cess_d1r_168x16_reference_20260925/pmfs_6_16/rep_02_seed_2026105626/spatial/concentration.npy
39,pmfs_6_16,2,2026105627,pmfs_6_16/rep_03_seed_2026105627,d9606edd4dc903e08ef8c5dd84326e0949bb224a6d6d889699109414b22bb48a,/home/zyc/cess_d1r_168x16_reference_20260925/pmfs_6_16/rep_03_seed_2026105627/spatial/concentration.npy,/home/zyc/cess_d1r_168x16_reference_20260925/pmfs_6_16/rep_03_seed_2026105627/spatial/concentration.npy
39,pmfs_6_16,3,2026105628,pmfs_6_16/rep_04_seed_2026105628,88969cd5e7a09dbd484d32ef1ff8f6a828a4e412b6b33b11a343424fe4e9502b,/home/zyc/cess_d1r_168x16_reference_20260925/pmfs_6_16/rep_04_seed_2026105628/spatial/concentration.npy,/home/zyc/cess_d1r_168x16_reference_20260925/pmfs_6_16/rep_04_seed_2026105628/spatial/concentration.npy
39,pmfs_6_16,4,2026105629,pmfs_6_16/rep_05_seed_2026105629,292806c0264c124a2cc796cfddd201c1ddafa4848aee6a820e2c13c6c224acb1,/home/zyc/cess_d1r_168x16_reference_20260925/pmfs_6_16/rep_05_seed_2026105629/spatial/concentration.npy,/home/zyc/cess_d1r_168x16_reference_20260925/pmfs_6_16/rep_05_seed_2026105629/spatial/concentration.npy
39,pmfs_6_16,5,2026105630,pmfs_6_16/rep_06_seed_2026105630,33e1d715fa9f30f4c1e6e0126df13cdf26322e365c8a1b9a26bda2c67ba4ae65,/home/zyc/cess_d1r_168x16_reference_20260925/pmfs_6_16/rep_06_seed_2026105630/spatial/concentration.npy,/home/zyc/cess_d1r_168x16_reference_20260925/pmfs_6_16/rep_06_seed_2026105630/spatial/concentration.npy
39,pmfs_6_16,6,2026105631,pmfs_6_16/rep_07_seed_2026105631,8e5f1ffba7235d94526fb6068e8e50b22a2b62dc2bf2b6889982c1b0099b683a,/home/zyc/cess_d1r_168x16_reference_20260925/pmfs_6_16/rep_07_seed_2026105631/spatial/concentration.npy,/home/zyc/cess_d1r_168x16_reference_20260925/pmfs_6_16/rep_07_seed_2026105631/spatial/concentration.npy
39,pmfs_6_16,7,2026105632,pmfs_6_16/rep_08_seed_2026105632,361da9f2cfe9035e376affddedee5f402d85abe49efe58194a64ceef1bb7df6d,/home/zyc/cess_d1r_168x16_reference_20260925/pmfs_6_16/rep_08_seed_2026105632/spatial/concentration.npy,/home/zyc/cess_d1r_168x16_reference_20260925/pmfs_6_16/rep_08_seed_2026105632/spatial/concentration.npy
39,pmfs_6_16,8,2026105633,pmfs_6_16/rep_09_seed_2026105633,6bc8454ff603aa7f36503bcac6bbdf7f00f5411eb5a992714764025d0e64504a,/home/zyc/cess_d1r_168x16_reference_20260925/pmfs_6_16/rep_09_seed_2026105633/spatial/concentration.npy,/home/zyc/cess_d1r_168x16_reference_20260925/pmfs_6_16/rep_09_seed_2026105633/spatial/concentration.npy
39,pmfs_6_16,9,2026105634,pmfs_6_16/rep_10_seed_2026105634,7fe26819fa432205328221d80ed8657bb44bbc06a37a19231afb5793095787cc,/home/zyc/cess_d1r_168x16_reference_20260925/pmfs_6_16/rep_10_seed_2026105634/spatial/concentration.npy,/home/zyc/cess_d1r_168x16_reference_20260925/pmfs_6_16/rep_10_seed_2026105634/spatial/concentration.npy
39,pmfs_6_16,10,2026105635,pmfs_6_16/rep_11_seed_2026105635,1811b8f9616a4395a32e007a0429c1201dd47c6581747b39f15a0999d4e7a1a9,/home/zyc/cess_d1r_168x16_reference_20260925/pmfs_6_16/rep_11_seed_2026105635/spatial/concentration.npy,/home/zyc/cess_d1r_168x16_reference_20260925/pmfs_6_16/rep_11_seed_2026105635/spatial/concentration.npy
39,pmfs_6_16,11,2026105636,pmfs_6_16/rep_12_seed_2026105636,e4463865457bb15a33979cb1cd196e6084bd3dcb2280a1d41a6de180d4ef6d87,/home/zyc/cess_d1r_168x16_reference_20260925/pmfs_6_16/rep_12_seed_2026105636/spatial/concentration.npy,/home/zyc/cess_d1r_168x16_reference_20260925/pmfs_6_16/rep_12_seed_2026105636/spatial/concentration.npy
39,pmfs_6_16,12,2026105637,pmfs_6_16/rep_13_seed_2026105637,1db11af365d435bfe71e9a5a9810ddf30876135159bdb6c22c3a01d20c1ad170,/home/zyc/cess_d1r_168x16_reference_20260925/pmfs_6_16/rep_13_seed_2026105637/spatial/concentration.npy,/home/zyc/cess_d1r_168x16_reference_20260925/pmfs_6_16/rep_13_seed_2026105637/spatial/concentration.npy
39,pmfs_6_16,13,2026105638,pmfs_6_16/rep_14_seed_2026105638,a86025c3e2912184470259097aebc0dcbf44e0e0a18dfeeba19b2416a16bfa9d,/home/zyc/cess_d1r_168x16_reference_20260925/pmfs_6_16/rep_14_seed_2026105638/spatial/concentration.npy,/home/zyc/cess_d1r_168x16_reference_20260925/pmfs_6_16/rep_14_seed_2026105638/spatial/concentration.npy
39,pmfs_6_16,14,2026105639,pmfs_6_16/rep_15_seed_2026105639,81bad0fdf7f27185981734b1e5ca7b8ff527965fb3785ef5d0a6199679e9100e,/home/zyc/cess_d1r_168x16_reference_20260925/pmfs_6_16/rep_15_seed_2026105639/spatial/concentration.npy,/home/zyc/cess_d1r_168x16_reference_20260925/pmfs_6_16/rep_15_seed_2026105639/spatial/concentration.npy
39,pmfs_6_16,15,2026105640,pmfs_6_16/rep_16_seed_2026105640,2833c3dd374a4bd6f02e1efe3efaceed2f69a8b92dc44115281b8e5b685c0953,/home/zyc/cess_d1r_168x16_reference_20260925/pmfs_6_16/rep_16_seed_2026105640/spatial/concentration.npy,/home/zyc/cess_d1r_168x16_reference_20260925/pmfs_6_16/rep_16_seed_2026105640/spatial/concentration.npy
40,pmfs_6_17,0,2026105641,pmfs_6_17/rep_01_seed_2026105641,595fad6e2705b06f32701319051742b26336ade49ad1aacc8afd8e7777a9c562,/home/zyc/cess_d1r_168x16_reference_20260925/pmfs_6_17/rep_01_seed_2026105641/spatial/concentration.npy,/home/zyc/cess_d1r_168x16_reference_20260925/pmfs_6_17/rep_01_seed_2026105641/spatial/concentration.npy
40,pmfs_6_17,1,2026105642,pmfs_6_17/rep_02_seed_2026105642,6845f2cc00f4a064b1dc8a5a684ba2f893ae2328f7391cf83c8a3bd269203552,/home/zyc/cess_d1r_168x16_reference_20260925/pmfs_6_17/rep_02_seed_2026105642/spatial/concentration.npy,/home/zyc/cess_d1r_168x16_reference_20260925/pmfs_6_17/rep_02_seed_2026105642/spatial/concentration.npy
40,pmfs_6_17,2,2026105643,pmfs_6_17/rep_03_seed_2026105643,5ce6f05d403a655d88e6c16a24726af8856b7abc0f8d1229d7b0669664ccf5fb,/home/zyc/cess_d1r_168x16_reference_20260925/pmfs_6_17/rep_03_seed_2026105643/spatial/concentration.npy,/home/zyc/cess_d1r_168x16_reference_20260925/pmfs_6_17/rep_03_seed_2026105643/spatial/concentration.npy
40,pmfs_6_17,3,2026105644,pmfs_6_17/rep_04_seed_2026105644,e52a673f4e6669b1406ca39ef760d4d741f9e10e133e0ec4c9f631d3f4c6e9b7,/home/zyc/cess_d1r_168x16_reference_20260925/pmfs_6_17/rep_04_seed_2026105644/spatial/concentration.npy,/home/zyc/cess_d1r_168x16_reference_20260925/pmfs_6_17/rep_04_seed_2026105644/spatial/concentration.npy
40,pmfs_6_17,4,2026105645,pmfs_6_17/rep_05_seed_2026105645,e12d326da482be2b319daa469180f45aad651f756888056e161eaac1d1d54bed,/home/zyc/cess_d1r_168x16_reference_20260925/pmfs_6_17/rep_05_seed_2026105645/spatial/concentration.npy,/home/zyc/cess_d1r_168x16_reference_20260925/pmfs_6_17/rep_05_seed_2026105645/spatial/concentration.npy
40,pmfs_6_17,5,2026105646,pmfs_6_17/rep_06_seed_2026105646,2baaaf5abdaaa138dcc432457bae353b00ba028c1cd8407e145e88739504ecc5,/home/zyc/cess_d1r_168x16_reference_20260925/pmfs_6_17/rep_06_seed_2026105646/spatial/concentration.npy,/home/zyc/cess_d1r_168x16_reference_20260925/pmfs_6_17/rep_06_seed_2026105646/spatial/concentration.npy
40,pmfs_6_17,6,2026105647,pmfs_6_17/rep_07_seed_2026105647,1de0cc4d8bc39fb9f1b88606f9fb8b56e058f68790498e01f0ed3f5ddb25fb19,/home/zyc/cess_d1r_168x16_reference_20260925/pmfs_6_17/rep_07_seed_2026105647/spatial/concentration.npy,/home/zyc/cess_d1r_168x16_reference_20260925/pmfs_6_17/rep_07_seed_2026105647/spatial/concentration.npy
40,pmfs_6_17,7,2026105648,pmfs_6_17/rep_08_seed_2026105648,f56fe5d49f15db8265e8e30e5bc663f74f5d3b9a6eda9febb6a7eb08a970eeef,/home/zyc/cess_d1r_168x16_reference_20260925/pmfs_6_17/rep_08_seed_2026105648/spatial/concentration.npy,/home/zyc/cess_d1r_168x16_reference_20260925/pmfs_6_17/rep_08_seed_2026105648/spatial/concentration.npy
40,pmfs_6_17,8,2026105649,pmfs_6_17/rep_09_seed_2026105649,8ca7fa76ba4c6d3f475f756635d93fc15e6575f1f02842d894ee79c7187a99e9,/home/zyc/cess_d1r_168x16_reference_20260925/pmfs_6_17/rep_09_seed_2026105649/spatial/concentration.npy,/home/zyc/cess_d1r_168x16_reference_20260925/pmfs_6_17/rep_09_seed_2026105649/spatial/concentration.npy
40,pmfs_6_17,9,2026105650,pmfs_6_17/rep_10_seed_2026105650,7aafe87d236288531fc082905ce0069a222604466b199942b4e065a9e869a30d,/home/zyc/cess_d1r_168x16_reference_20260925/pmfs_6_17/rep_10_seed_2026105650/spatial/concentration.npy,/home/zyc/cess_d1r_168x16_reference_20260925/pmfs_6_17/rep_10_seed_2026105650/spatial/concentration.npy
40,pmfs_6_17,10,2026105651,pmfs_6_17/rep_11_seed_2026105651,5caa09693533cc3983b693514e3daf5213c2dca33a06238e9a6e5ad1da17e344,/home/zyc/cess_d1r_168x16_reference_20260925/pmfs_6_17/rep_11_seed_2026105651/spatial/concentration.npy,/home/zyc/cess_d1r_168x16_reference_20260925/pmfs_6_17/rep_11_seed_2026105651/spatial/concentration.npy
40,pmfs_6_17,11,2026105652,pmfs_6_17/rep_12_seed_2026105652,5efb06161a90225d81ca5539565fae775d49c0840d8150c8dbdb08a9e421bf6a,/home/zyc/cess_d1r_168x16_reference_20260925/pmfs_6_17/rep_12_seed_2026105652/spatial/concentration.npy,/home/zyc/cess_d1r_168x16_reference_20260925/pmfs_6_17/rep_12_seed_2026105652/spatial/concentration.npy
40,pmfs_6_17,12,2026105653,pmfs_6_17/rep_13_seed_2026105653,16a125083164775318496e972182a79e24602dca2a2ee524e62d0df16424ed59,/home/zyc/cess_d1r_168x16_reference_20260925/pmfs_6_17/rep_13_seed_2026105653/spatial/concentration.npy,/home/zyc/cess_d1r_168x16_reference_20260925/pmfs_6_17/rep_13_seed_2026105653/spatial/concentration.npy
40,pmfs_6_17,13,2026105654,pmfs_6_17/rep_14_seed_2026105654,563132df1b5ed84e4f0b9683bd3faced93257435d46ff98625d1b60b3fd2b124,/home/zyc/cess_d1r_168x16_reference_20260925/pmfs_6_17/rep_14_seed_2026105654/spatial/concentration.npy,/home/zyc/cess_d1r_168x16_reference_20260925/pmfs_6_17/rep_14_seed_2026105654/spatial/concentration.npy
40,pmfs_6_17,14,2026105655,pmfs_6_17/rep_15_seed_2026105655,e856bcdeb2b49f18f584706002e8938657e02e2484dccb4f2d8096c1f85077ef,/home/zyc/cess_d1r_168x16_reference_20260925/pmfs_6_17/rep_15_seed_2026105655/spatial/concentration.npy,/home/zyc/cess_d1r_168x16_reference_20260925/pmfs_6_17/rep_15_seed_2026105655/spatial/concentration.npy
40,pmfs_6_17,15,2026105656,pmfs_6_17/rep_16_seed_2026105656,99f61291a1a12f91c47fc7e37ca5fbcbf2e13e078de05d97612afe689d13ec5d,/home/zyc/cess_d1r_168x16_reference_20260925/pmfs_6_17/rep_16_seed_2026105656/spatial/concentration.npy,/home/zyc/cess_d1r_168x16_reference_20260925/pmfs_6_17/rep_16_seed_2026105656/spatial/concentration.npy
41,pmfs_6_18,0,2026105657,pmfs_6_18/rep_01_seed_2026105657,25f4647a19e8d98f337603627ffba904d6215d1bc204bf72642c3c58f5345a03,/home/zyc/cess_d1r_168x16_reference_20260925/pmfs_6_18/rep_01_seed_2026105657/spatial/concentration.npy,/home/zyc/cess_d1r_168x16_reference_20260925/pmfs_6_18/rep_01_seed_2026105657/spatial/concentration.npy
41,pmfs_6_18,1,2026105658,pmfs_6_18/rep_02_seed_2026105658,de57ba217994677f67b9e04283182f684ec4f059b8b096ef8106083097b9f9d6,/home/zyc/cess_d1r_168x16_reference_20260925/pmfs_6_18/rep_02_seed_2026105658/spatial/concentration.npy,/home/zyc/cess_d1r_168x16_reference_20260925/pmfs_6_18/rep_02_seed_2026105658/spatial/concentration.npy
41,pmfs_6_18,2,2026105659,pmfs_6_18/rep_03_seed_2026105659,3183ac233fc24c57731d71f2f1fc265661841449136ff368f264967c94629d9e,/home/zyc/cess_d1r_168x16_reference_20260925/pmfs_6_18/rep_03_seed_2026105659/spatial/concentration.npy,/home/zyc/cess_d1r_168x16_reference_20260925/pmfs_6_18/rep_03_seed_2026105659/spatial/concentration.npy
41,pmfs_6_18,3,2026105660,pmfs_6_18/rep_04_seed_2026105660,bbb532603b902ce56a1718b0c9c282aa9c71a511493e37e7b01977583ed9ffbd,/home/zyc/cess_d1r_168x16_reference_20260925/pmfs_6_18/rep_04_seed_2026105660/spatial/concentration.npy,/home/zyc/cess_d1r_168x16_reference_20260925/pmfs_6_18/rep_04_seed_2026105660/spatial/concentration.npy
41,pmfs_6_18,4,2026105661,pmfs_6_18/rep_05_seed_2026105661,3de2431e8cc5b5b29a7297d0742294645bca9ea6c5f3d8cd5fcf42c60df55c39,/home/zyc/cess_d1r_168x16_reference_20260925/pmfs_6_18/rep_05_seed_2026105661/spatial/concentration.npy,/home/zyc/cess_d1r_168x16_reference_20260925/pmfs_6_18/rep_05_seed_2026105661/spatial/concentration.npy
41,pmfs_6_18,5,2026105662,pmfs_6_18/rep_06_seed_2026105662,c3985d72d9d10f06558f7446e56dd73fe32909ba4c6118a2bc41cd5efa3ebe38,/home/zyc/cess_d1r_168x16_reference_20260925/pmfs_6_18/rep_06_seed_2026105662/spatial/concentration.npy,/home/zyc/cess_d1r_168x16_reference_20260925/pmfs_6_18/rep_06_seed_2026105662/spatial/concentration.npy
41,pmfs_6_18,6,2026105663,pmfs_6_18/rep_07_seed_2026105663,008421a73080c6ca23e667741934202909a8e77149bfdfdd40ec3af2dcc7e168,/home/zyc/cess_d1r_168x16_reference_20260925/pmfs_6_18/rep_07_seed_2026105663/spatial/concentration.npy,/home/zyc/cess_d1r_168x16_reference_20260925/pmfs_6_18/rep_07_seed_2026105663/spatial/concentration.npy
41,pmfs_6_18,7,2026105664,pmfs_6_18/rep_08_seed_2026105664,3c305203ecbfc1e4e425e06f6969a000c9d69f6339eb522b5819c710387b7c63,/home/zyc/cess_d1r_168x16_reference_20260925/pmfs_6_18/rep_08_seed_2026105664/spatial/concentration.npy,/home/zyc/cess_d1r_168x16_reference_20260925/pmfs_6_18/rep_08_seed_2026105664/spatial/concentration.npy
41,pmfs_6_18,8,2026105665,pmfs_6_18/rep_09_seed_2026105665,79e36f7b556aa237ed6821d914b093dca4540ae9fbe500f4fe178fdbac123742,/home/zyc/cess_d1r_168x16_reference_20260925/pmfs_6_18/rep_09_seed_2026105665/spatial/concentration.npy,/home/zyc/cess_d1r_168x16_reference_20260925/pmfs_6_18/rep_09_seed_2026105665/spatial/concentration.npy
41,pmfs_6_18,9,2026105666,pmfs_6_18/rep_10_seed_2026105666,20cc24704c93744a25e9a9c2191df37fce80ab6526c102b2a8ea7adbc9656264,/home/zyc/cess_d1r_168x16_reference_20260925/pmfs_6_18/rep_10_seed_2026105666/spatial/concentration.npy,/home/zyc/cess_d1r_168x16_reference_20260925/pmfs_6_18/rep_10_seed_2026105666/spatial/concentration.npy
41,pmfs_6_18,10,2026105667,pmfs_6_18/rep_11_seed_2026105667,8f0f084b8898089d04d3b86c5b8e10dd21497b26d0c5ab3bd7f843c37c2dabfd,/home/zyc/cess_d1r_168x16_reference_20260925/pmfs_6_18/rep_11_seed_2026105667/spatial/concentration.npy,/home/zyc/cess_d1r_168x16_reference_20260925/pmfs_6_18/rep_11_seed_2026105667/spatial/concentration.npy
41,pmfs_6_18,11,2026105668,pmfs_6_18/rep_12_seed_2026105668,7a04404f63636f60a75b5a118e3e51c918556558f28e7da9275ebc3cd09e4bb4,/home/zyc/cess_d1r_168x16_reference_20260925/pmfs_6_18/rep_12_seed_2026105668/spatial/concentration.npy,/home/zyc/cess_d1r_168x16_reference_20260925/pmfs_6_18/rep_12_seed_2026105668/spatial/concentration.npy
41,pmfs_6_18,12,2026105669,pmfs_6_18/rep_13_seed_2026105669,073ca8a0ad5031ae9525cdcc1c993cf27d3e28d4b909db617b43e27c5e8c7221,/home/zyc/cess_d1r_168x16_reference_20260925/pmfs_6_18/rep_13_seed_2026105669/spatial/concentration.npy,/home/zyc/cess_d1r_168x16_reference_20260925/pmfs_6_18/rep_13_seed_2026105669/spatial/concentration.npy
41,pmfs_6_18,13,2026105670,pmfs_6_18/rep_14_seed_2026105670,7481be3e634798f1b98143ec3def148c3dd575f050a5edce93611bf1c1e46592,/home/zyc/cess_d1r_168x16_reference_20260925/pmfs_6_18/rep_14_seed_2026105670/spatial/concentration.npy,/home/zyc/cess_d1r_168x16_reference_20260925/pmfs_6_18/rep_14_seed_2026105670/spatial/concentration.npy
41,pmfs_6_18,14,2026105671,pmfs_6_18/rep_15_seed_2026105671,6d970f3d9c7280a3fe32a56982f15334ccdfda5a894c4ff7d92f7739a5d5e6d3,/home/zyc/cess_d1r_168x16_reference_20260925/pmfs_6_18/rep_15_seed_2026105671/spatial/concentration.npy,/home/zyc/cess_d1r_168x16_reference_20260925/pmfs_6_18/rep_15_seed_2026105671/spatial/concentration.npy
41,pmfs_6_18,15,2026105672,pmfs_6_18/rep_16_seed_2026105672,cee25edf98133a25c2017c0875140883a40d9922cb5114c7d26e78c9f25eab4e,/home/zyc/cess_d1r_168x16_reference_20260925/pmfs_6_18/rep_16_seed_2026105672/spatial/concentration.npy,/home/zyc/cess_d1r_168x16_reference_20260925/pmfs_6_18/rep_16_seed_2026105672/spatial/concentration.npy
42,pmfs_7_12,0,2026105673,pmfs_7_12/rep_01_seed_2026105673,0667ef0189fe8911c58680ef349993e24f6f32e542dd85bcb38f2ced72d52d4d,/home/zyc/cess_d1r_168x16_reference_20260925/pmfs_7_12/rep_01_seed_2026105673/spatial/concentration.npy,/home/zyc/cess_d1r_168x16_reference_20260925/pmfs_7_12/rep_01_seed_2026105673/spatial/concentration.npy
42,pmfs_7_12,1,2026105674,pmfs_7_12/rep_02_seed_2026105674,a9a3f1b4f4200f41708cae4daeba58c39f2b3293da65b7a61984f9bf0d48b681,/home/zyc/cess_d1r_168x16_reference_20260925/pmfs_7_12/rep_02_seed_2026105674/spatial/concentration.npy,/home/zyc/cess_d1r_168x16_reference_20260925/pmfs_7_12/rep_02_seed_2026105674/spatial/concentration.npy
42,pmfs_7_12,2,2026105675,pmfs_7_12/rep_03_seed_2026105675,4030646c4f541e3dea60dad025aed5183ad3ffcb42ea3873fe1e026912e90222,/home/zyc/cess_d1r_168x16_reference_20260925/pmfs_7_12/rep_03_seed_2026105675/spatial/concentration.npy,/home/zyc/cess_d1r_168x16_reference_20260925/pmfs_7_12/rep_03_seed_2026105675/spatial/concentration.npy
42,pmfs_7_12,3,2026105676,pmfs_7_12/rep_04_seed_2026105676,39b2c8ae1750315c6c4f2cc5c04f32d9b3201132ded2268ce32743f864534a10,/home/zyc/cess_d1r_168x16_reference_20260925/pmfs_7_12/rep_04_seed_2026105676/spatial/concentration.npy,/home/zyc/cess_d1r_168x16_reference_20260925/pmfs_7_12/rep_04_seed_2026105676/spatial/concentration.npy
42,pmfs_7_12,4,2026105677,pmfs_7_12/rep_05_seed_2026105677,8c87a3e87da382b231cab8b6acb649a3c0abef0c89aa4198ed1116151a7f7957,/home/zyc/cess_d1r_168x16_reference_20260925/pmfs_7_12/rep_05_seed_2026105677/spatial/concentration.npy,/home/zyc/cess_d1r_168x16_reference_20260925/pmfs_7_12/rep_05_seed_2026105677/spatial/concentration.npy
42,pmfs_7_12,5,2026105678,pmfs_7_12/rep_06_seed_2026105678,102b9781ca37ce0da02d21723e61854b8aabd8e268c5cc33f93bee9af7d1365c,/home/zyc/cess_d1r_168x16_reference_20260925/pmfs_7_12/rep_06_seed_2026105678/spatial/concentration.npy,/home/zyc/cess_d1r_168x16_reference_20260925/pmfs_7_12/rep_06_seed_2026105678/spatial/concentration.npy
42,pmfs_7_12,6,2026105679,pmfs_7_12/rep_07_seed_2026105679,b32c5984b2bf99e2feaba6eb0656604b11dd2b12e870bb6287f73f4d8dd845bc,/home/zyc/cess_d1r_168x16_reference_20260925/pmfs_7_12/rep_07_seed_2026105679/spatial/concentration.npy,/home/zyc/cess_d1r_168x16_reference_20260925/pmfs_7_12/rep_07_seed_2026105679/spatial/concentration.npy
42,pmfs_7_12,7,2026105680,pmfs_7_12/rep_08_seed_2026105680,083f87d6f9bab177aa3b0bedaab0ab0b5967f349c08e97f6910a540d62772a08,/home/zyc/cess_d1r_168x16_reference_20260925/pmfs_7_12/rep_08_seed_2026105680/spatial/concentration.npy,/home/zyc/cess_d1r_168x16_reference_20260925/pmfs_7_12/rep_08_seed_2026105680/spatial/concentration.npy
42,pmfs_7_12,8,2026105681,pmfs_7_12/rep_09_seed_2026105681,3555d3c278743056af0279168729eed44f77cf5c4154bf575a80f0c11f8a9cc8,/home/zyc/cess_d1r_168x16_reference_20260925/pmfs_7_12/rep_09_seed_2026105681/spatial/concentration.npy,/home/zyc/cess_d1r_168x16_reference_20260925/pmfs_7_12/rep_09_seed_2026105681/spatial/concentration.npy
42,pmfs_7_12,9,2026105682,pmfs_7_12/rep_10_seed_2026105682,96cdc7bb0e9b828d2bc5eff948d8cf68be31217aaa36fc6b872145d9eda5404e,/home/zyc/cess_d1r_168x16_reference_20260925/pmfs_7_12/rep_10_seed_2026105682/spatial/concentration.npy,/home/zyc/cess_d1r_168x16_reference_20260925/pmfs_7_12/rep_10_seed_2026105682/spatial/concentration.npy
42,pmfs_7_12,10,2026105683,pmfs_7_12/rep_11_seed_2026105683,144025253c6f4a0b9a97d0d12be30d25664acfe9769e56e2bf9b7e573023e277,/home/zyc/cess_d1r_168x16_reference_20260925/pmfs_7_12/rep_11_seed_2026105683/spatial/concentration.npy,/home/zyc/cess_d1r_168x16_reference_20260925/pmfs_7_12/rep_11_seed_2026105683/spatial/concentration.npy
42,pmfs_7_12,11,2026105684,pmfs_7_12/rep_12_seed_2026105684,b4a2a8eaf8ca2c9d383f78ccdcb0f906abfdca094714198cb7c28c86d0526d91,/home/zyc/cess_d1r_168x16_reference_20260925/pmfs_7_12/rep_12_seed_2026105684/spatial/concentration.npy,/home/zyc/cess_d1r_168x16_reference_20260925/pmfs_7_12/rep_12_seed_2026105684/spatial/concentration.npy
42,pmfs_7_12,12,2026105685,pmfs_7_12/rep_13_seed_2026105685,95c8f2588d18ec146249d7cc9cbf1613a568e96e8d747a9c9208eb20f3879be4,/home/zyc/cess_d1r_168x16_reference_20260925/pmfs_7_12/rep_13_seed_2026105685/spatial/concentration.npy,/home/zyc/cess_d1r_168x16_reference_20260925/pmfs_7_12/rep_13_seed_2026105685/spatial/concentration.npy
42,pmfs_7_12,13,2026105686,pmfs_7_12/rep_14_seed_2026105686,ec317b5ec533308e056199a0f8c64caa24f1de938ba6123ca68648173e4613d9,/home/zyc/cess_d1r_168x16_reference_20260925/pmfs_7_12/rep_14_seed_2026105686/spatial/concentration.npy,/home/zyc/cess_d1r_168x16_reference_20260925/pmfs_7_12/rep_14_seed_2026105686/spatial/concentration.npy
42,pmfs_7_12,14,2026105687,pmfs_7_12/rep_15_seed_2026105687,23c095bbe30648e5abf1e58a812745c949b01c31b31ab58da5541c6d24a61b9d,/home/zyc/cess_d1r_168x16_reference_20260925/pmfs_7_12/rep_15_seed_2026105687/spatial/concentration.npy,/home/zyc/cess_d1r_168x16_reference_20260925/pmfs_7_12/rep_15_seed_2026105687/spatial/concentration.npy
42,pmfs_7_12,15,2026105688,pmfs_7_12/rep_16_seed_2026105688,cfbe8c2dad87ccde7fc40251894795b3178215c83408c1b6ed909546d299ad0d,/home/zyc/cess_d1r_168x16_reference_20260925/pmfs_7_12/rep_16_seed_2026105688/spatial/concentration.npy,/home/zyc/cess_d1r_168x16_reference_20260925/pmfs_7_12/rep_16_seed_2026105688/spatial/concentration.npy
43,pmfs_7_13,0,2026105689,pmfs_7_13/rep_01_seed_2026105689,eec4b2788ef8ed32878118d04bf3ba5c6fb9261d06e4ac8d4dec5e50ea0cf581,/home/zyc/cess_d1r_168x16_reference_20260925/pmfs_7_13/rep_01_seed_2026105689/spatial/concentration.npy,/home/zyc/cess_d1r_168x16_reference_20260925/pmfs_7_13/rep_01_seed_2026105689/spatial/concentration.npy
43,pmfs_7_13,1,2026105690,pmfs_7_13/rep_02_seed_2026105690,7381ecf81004d7142a33739965dfe59dd26c7477de1c5d55e704c8d3928c3dd5,/home/zyc/cess_d1r_168x16_reference_20260925/pmfs_7_13/rep_02_seed_2026105690/spatial/concentration.npy,/home/zyc/cess_d1r_168x16_reference_20260925/pmfs_7_13/rep_02_seed_2026105690/spatial/concentration.npy
43,pmfs_7_13,2,2026105691,pmfs_7_13/rep_03_seed_2026105691,34b3e615dba5ee35a425107949b8732cb93300b734d676e1178acd02d8d50289,/home/zyc/cess_d1r_168x16_reference_20260925/pmfs_7_13/rep_03_seed_2026105691/spatial/concentration.npy,/home/zyc/cess_d1r_168x16_reference_20260925/pmfs_7_13/rep_03_seed_2026105691/spatial/concentration.npy
43,pmfs_7_13,3,2026105692,pmfs_7_13/rep_04_seed_2026105692,42494114f614b490679f12ff3d39fad65feb9f991742e1c465bdbde59d9f408f,/home/zyc/cess_d1r_168x16_reference_20260925/pmfs_7_13/rep_04_seed_2026105692/spatial/concentration.npy,/home/zyc/cess_d1r_168x16_reference_20260925/pmfs_7_13/rep_04_seed_2026105692/spatial/concentration.npy
43,pmfs_7_13,4,2026105693,pmfs_7_13/rep_05_seed_2026105693,eabf60a7a2d39067b64aff6f7afc0da16c2ea093f1a875c5e4e3322667175938,/home/zyc/cess_d1r_168x16_reference_20260925/pmfs_7_13/rep_05_seed_2026105693/spatial/concentration.npy,/home/zyc/cess_d1r_168x16_reference_20260925/pmfs_7_13/rep_05_seed_2026105693/spatial/concentration.npy
43,pmfs_7_13,5,2026105694,pmfs_7_13/rep_06_seed_2026105694,f8f3ee659ab1ba56dd4f401ee05b270b0b886decd82e93fee31c7c7caf998380,/home/zyc/cess_d1r_168x16_reference_20260925/pmfs_7_13/rep_06_seed_2026105694/spatial/concentration.npy,/home/zyc/cess_d1r_168x16_reference_20260925/pmfs_7_13/rep_06_seed_2026105694/spatial/concentration.npy
43,pmfs_7_13,6,2026105695,pmfs_7_13/rep_07_seed_2026105695,1cdcfba8d40788c6939fcdf17d61b5828a42b4ba84509a620ae68bb3116439ec,/home/zyc/cess_d1r_168x16_reference_20260925/pmfs_7_13/rep_07_seed_2026105695/spatial/concentration.npy,/home/zyc/cess_d1r_168x16_reference_20260925/pmfs_7_13/rep_07_seed_2026105695/spatial/concentration.npy
43,pmfs_7_13,7,2026105696,pmfs_7_13/rep_08_seed_2026105696,0c5c66feea2488e793a1990642e48e0a6cff5f4bdb4bf8575d02c6daeb0ccdf1,/home/zyc/cess_d1r_168x16_reference_20260925/pmfs_7_13/rep_08_seed_2026105696/spatial/concentration.npy,/home/zyc/cess_d1r_168x16_reference_20260925/pmfs_7_13/rep_08_seed_2026105696/spatial/concentration.npy
43,pmfs_7_13,8,2026105697,pmfs_7_13/rep_09_seed_2026105697,cbfcdefd897284c5ab4026243b7a16897632339ad4bc2c63614f9879e7db7ac8,/home/zyc/cess_d1r_168x16_reference_20260925/pmfs_7_13/rep_09_seed_2026105697/spatial/concentration.npy,/home/zyc/cess_d1r_168x16_reference_20260925/pmfs_7_13/rep_09_seed_2026105697/spatial/concentration.npy
43,pmfs_7_13,9,2026105698,pmfs_7_13/rep_10_seed_2026105698,f60f7738345ff42c1a313f55fc6518aa7e2491af32432b80dbb6176c8668f546,/home/zyc/cess_d1r_168x16_reference_20260925/pmfs_7_13/rep_10_seed_2026105698/spatial/concentration.npy,/home/zyc/cess_d1r_168x16_reference_20260925/pmfs_7_13/rep_10_seed_2026105698/spatial/concentration.npy
43,pmfs_7_13,10,2026105699,pmfs_7_13/rep_11_seed_2026105699,695e5567dc6f08a9192b55492feca717a0e7e8c541c0f73e16b5d1a55a964b8e,/home/zyc/cess_d1r_168x16_reference_20260925/pmfs_7_13/rep_11_seed_2026105699/spatial/concentration.npy,/home/zyc/cess_d1r_168x16_reference_20260925/pmfs_7_13/rep_11_seed_2026105699/spatial/concentration.npy
43,pmfs_7_13,11,2026105700,pmfs_7_13/rep_12_seed_2026105700,fd32f6563da613dfd560e777ffa01f8cd8e4bef6c4d326f8c7f02328bf5ed5e4,/home/zyc/cess_d1r_168x16_reference_20260925/pmfs_7_13/rep_12_seed_2026105700/spatial/concentration.npy,/home/zyc/cess_d1r_168x16_reference_20260925/pmfs_7_13/rep_12_seed_2026105700/spatial/concentration.npy
43,pmfs_7_13,12,2026105701,pmfs_7_13/rep_13_seed_2026105701,24a713f1a9b915b1199077d81018b6ccbd67636364907b27b15f134b3912f346,/home/zyc/cess_d1r_168x16_reference_20260925/pmfs_7_13/rep_13_seed_2026105701/spatial/concentration.npy,/home/zyc/cess_d1r_168x16_reference_20260925/pmfs_7_13/rep_13_seed_2026105701/spatial/concentration.npy
43,pmfs_7_13,13,2026105702,pmfs_7_13/rep_14_seed_2026105702,9789c99d1b80768f86bb76624619d4296cb1880c330d71615695f6dc546d02e8,/home/zyc/cess_d1r_168x16_reference_20260925/pmfs_7_13/rep_14_seed_2026105702/spatial/concentration.npy,/home/zyc/cess_d1r_168x16_reference_20260925/pmfs_7_13/rep_14_seed_2026105702/spatial/concentration.npy
43,pmfs_7_13,14,2026105703,pmfs_7_13/rep_15_seed_2026105703,a08c04b6aeab6f5027bc2e3316265e8f2f60a56b1498487e60aed934f6180fa8,/home/zyc/cess_d1r_168x16_reference_20260925/pmfs_7_13/rep_15_seed_2026105703/spatial/concentration.npy,/home/zyc/cess_d1r_168x16_reference_20260925/pmfs_7_13/rep_15_seed_2026105703/spatial/concentration.npy
43,pmfs_7_13,15,2026105704,pmfs_7_13/rep_16_seed_2026105704,7d6a805153b502ba6bd800b93b9cd49e7393fbae296b7c9ef0b7ee29b30325e8,/home/zyc/cess_d1r_168x16_reference_20260925/pmfs_7_13/rep_16_seed_2026105704/spatial/concentration.npy,/home/zyc/cess_d1r_168x16_reference_20260925/pmfs_7_13/rep_16_seed_2026105704/spatial/concentration.npy
44,pmfs_7_14,0,2026105705,pmfs_7_14/rep_01_seed_2026105705,aa4c6770e722857dea36131ee10228cfe88accce62184ceac3639c148bf7928b,/home/zyc/cess_d1r_168x16_reference_20260925/pmfs_7_14/rep_01_seed_2026105705/spatial/concentration.npy,/home/zyc/cess_d1r_168x16_reference_20260925/pmfs_7_14/rep_01_seed_2026105705/spatial/concentration.npy
44,pmfs_7_14,1,2026105706,pmfs_7_14/rep_02_seed_2026105706,15c556176b0e9420fe9a1bcf1fd0341a1af68ccb8ef306d9312cf48a482e7a2b,/home/zyc/cess_d1r_168x16_reference_20260925/pmfs_7_14/rep_02_seed_2026105706/spatial/concentration.npy,/home/zyc/cess_d1r_168x16_reference_20260925/pmfs_7_14/rep_02_seed_2026105706/spatial/concentration.npy
44,pmfs_7_14,2,2026105707,pmfs_7_14/rep_03_seed_2026105707,49a4840bfef5765c20c07d9633f223d73fce503656e34f3d4a81758c33b97cc7,/home/zyc/cess_d1r_168x16_reference_20260925/pmfs_7_14/rep_03_seed_2026105707/spatial/concentration.npy,/home/zyc/cess_d1r_168x16_reference_20260925/pmfs_7_14/rep_03_seed_2026105707/spatial/concentration.npy
44,pmfs_7_14,3,2026105708,pmfs_7_14/rep_04_seed_2026105708,a288dbfedba888ff441852468f9697e90b1c2de70677dd13a55fe1ae86aa748f,/home/zyc/cess_d1r_168x16_reference_20260925/pmfs_7_14/rep_04_seed_2026105708/spatial/concentration.npy,/home/zyc/cess_d1r_168x16_reference_20260925/pmfs_7_14/rep_04_seed_2026105708/spatial/concentration.npy
44,pmfs_7_14,4,2026105709,pmfs_7_14/rep_05_seed_2026105709,b34c275d51264720a7ed8b84c1017a120d6df18bf74744d40a3a9cd660766232,/home/zyc/cess_d1r_168x16_reference_20260925/pmfs_7_14/rep_05_seed_2026105709/spatial/concentration.npy,/home/zyc/cess_d1r_168x16_reference_20260925/pmfs_7_14/rep_05_seed_2026105709/spatial/concentration.npy
44,pmfs_7_14,5,2026105710,pmfs_7_14/rep_06_seed_2026105710,9e55bf967c44a7d35a611a7bce79c5a068c2744c4ffc64b773d57f316938180d,/home/zyc/cess_d1r_168x16_reference_20260925/pmfs_7_14/rep_06_seed_2026105710/spatial/concentration.npy,/home/zyc/cess_d1r_168x16_reference_20260925/pmfs_7_14/rep_06_seed_2026105710/spatial/concentration.npy
44,pmfs_7_14,6,2026105711,pmfs_7_14/rep_07_seed_2026105711,7b5e41ecf8f7318605f771fe2dca2210329856477274e19b9a3599c62ae3bcc3,/home/zyc/cess_d1r_168x16_reference_20260925/pmfs_7_14/rep_07_seed_2026105711/spatial/concentration.npy,/home/zyc/cess_d1r_168x16_reference_20260925/pmfs_7_14/rep_07_seed_2026105711/spatial/concentration.npy
44,pmfs_7_14,7,2026105712,pmfs_7_14/rep_08_seed_2026105712,6448193742c2c4171bbe0b90e6804c1ecb4deb7bbeaf8be20f9958cffbc491c3,/home/zyc/cess_d1r_168x16_reference_20260925/pmfs_7_14/rep_08_seed_2026105712/spatial/concentration.npy,/home/zyc/cess_d1r_168x16_reference_20260925/pmfs_7_14/rep_08_seed_2026105712/spatial/concentration.npy
44,pmfs_7_14,8,2026105713,pmfs_7_14/rep_09_seed_2026105713,45c6c647de7abbb10546f26f5c6427c27da513b8c79a9881e2ad6f4a1f434d58,/home/zyc/cess_d1r_168x16_reference_20260925/pmfs_7_14/rep_09_seed_2026105713/spatial/concentration.npy,/home/zyc/cess_d1r_168x16_reference_20260925/pmfs_7_14/rep_09_seed_2026105713/spatial/concentration.npy
44,pmfs_7_14,9,2026105714,pmfs_7_14/rep_10_seed_2026105714,281a6bf901755106f5ce33b2cc3efee366871a386d0426ec452d7df62feec333,/home/zyc/cess_d1r_168x16_reference_20260925/pmfs_7_14/rep_10_seed_2026105714/spatial/concentration.npy,/home/zyc/cess_d1r_168x16_reference_20260925/pmfs_7_14/rep_10_seed_2026105714/spatial/concentration.npy
44,pmfs_7_14,10,2026105715,pmfs_7_14/rep_11_seed_2026105715,8944dd4507f1bbde68ff34f1a7f1e95c9cf001436686f5d20d3c34392018967f,/home/zyc/cess_d1r_168x16_reference_20260925/pmfs_7_14/rep_11_seed_2026105715/spatial/concentration.npy,/home/zyc/cess_d1r_168x16_reference_20260925/pmfs_7_14/rep_11_seed_2026105715/spatial/concentration.npy
44,pmfs_7_14,11,2026105716,pmfs_7_14/rep_12_seed_2026105716,03487a5b26c372b5f5c280da9281a1140618e4b833be80e01616669aa881f8fc,/home/zyc/cess_d1r_168x16_reference_20260925/pmfs_7_14/rep_12_seed_2026105716/spatial/concentration.npy,/home/zyc/cess_d1r_168x16_reference_20260925/pmfs_7_14/rep_12_seed_2026105716/spatial/concentration.npy
44,pmfs_7_14,12,2026105717,pmfs_7_14/rep_13_seed_2026105717,69c63e88bc1bfe5e670f6179f7515056ce1a72d3fb66e0458654e1f18705030e,/home/zyc/cess_d1r_168x16_reference_20260925/pmfs_7_14/rep_13_seed_2026105717/spatial/concentration.npy,/home/zyc/cess_d1r_168x16_reference_20260925/pmfs_7_14/rep_13_seed_2026105717/spatial/concentration.npy
44,pmfs_7_14,13,2026105718,pmfs_7_14/rep_14_seed_2026105718,7fc26a48e5ad31a4f9a09b914cdfc4ffc6905d2129d36368915daf752782cacc,/home/zyc/cess_d1r_168x16_reference_20260925/pmfs_7_14/rep_14_seed_2026105718/spatial/concentration.npy,/home/zyc/cess_d1r_168x16_reference_20260925/pmfs_7_14/rep_14_seed_2026105718/spatial/concentration.npy
44,pmfs_7_14,14,2026105719,pmfs_7_14/rep_15_seed_2026105719,4318838b445ff87cbd02074344a299cdd8063034af1de7eb2f1654cffdd6c7f5,/home/zyc/cess_d1r_168x16_reference_20260925/pmfs_7_14/rep_15_seed_2026105719/spatial/concentration.npy,/home/zyc/cess_d1r_168x16_reference_20260925/pmfs_7_14/rep_15_seed_2026105719/spatial/concentration.npy
44,pmfs_7_14,15,2026105720,pmfs_7_14/rep_16_seed_2026105720,59c60cd7cebb3e0112b7fd58e34b75cb0adc273241a3c1c6e4148f9e59440243,/home/zyc/cess_d1r_168x16_reference_20260925/pmfs_7_14/rep_16_seed_2026105720/spatial/concentration.npy,/home/zyc/cess_d1r_168x16_reference_20260925/pmfs_7_14/rep_16_seed_2026105720/spatial/concentration.npy
45,pmfs_7_15,0,2026105721,pmfs_7_15/rep_01_seed_2026105721,75ea0732a4fcbd96ae5fe1dea782a6cda74bbb088f2186e6caf0bcf3021624ed,/home/zyc/cess_d1r_168x16_reference_20260925/pmfs_7_15/rep_01_seed_2026105721/spatial/concentration.npy,/home/zyc/cess_d1r_168x16_reference_20260925/pmfs_7_15/rep_01_seed_2026105721/spatial/concentration.npy
45,pmfs_7_15,1,2026105722,pmfs_7_15/rep_02_seed_2026105722,f23f3bf6cb4cb40ddd152120f167e01033e24e84b1846738a16e5f436251f41d,/home/zyc/cess_d1r_168x16_reference_20260925/pmfs_7_15/rep_02_seed_2026105722/spatial/concentration.npy,/home/zyc/cess_d1r_168x16_reference_20260925/pmfs_7_15/rep_02_seed_2026105722/spatial/concentration.npy
45,pmfs_7_15,2,2026105723,pmfs_7_15/rep_03_seed_2026105723,5ca1a1e0644ccdd5d6e726a2421f2774af9f63f9e9882a39571592f136b5575f,/home/zyc/cess_d1r_168x16_reference_20260925/pmfs_7_15/rep_03_seed_2026105723/spatial/concentration.npy,/home/zyc/cess_d1r_168x16_reference_20260925/pmfs_7_15/rep_03_seed_2026105723/spatial/concentration.npy
45,pmfs_7_15,3,2026105724,pmfs_7_15/rep_04_seed_2026105724,4c46201b3eee2a8a21a844042e8cab1cda14b30265068032f77010d0812c9177,/home/zyc/cess_d1r_168x16_reference_20260925/pmfs_7_15/rep_04_seed_2026105724/spatial/concentration.npy,/home/zyc/cess_d1r_168x16_reference_20260925/pmfs_7_15/rep_04_seed_2026105724/spatial/concentration.npy
45,pmfs_7_15,4,2026105725,pmfs_7_15/rep_05_seed_2026105725,1a80e5566fb4bc4146711a2b3ab35b2493202327bcb429328d32123e908a63dc,/home/zyc/cess_d1r_168x16_reference_20260925/pmfs_7_15/rep_05_seed_2026105725/spatial/concentration.npy,/home/zyc/cess_d1r_168x16_reference_20260925/pmfs_7_15/rep_05_seed_2026105725/spatial/concentration.npy
45,pmfs_7_15,5,2026105726,pmfs_7_15/rep_06_seed_2026105726,9243c67620a47aa2d3460caab4bd6c8d4f712f20c278a4b19b4b3b91ac8a12b3,/home/zyc/cess_d1r_168x16_reference_20260925/pmfs_7_15/rep_06_seed_2026105726/spatial/concentration.npy,/home/zyc/cess_d1r_168x16_reference_20260925/pmfs_7_15/rep_06_seed_2026105726/spatial/concentration.npy
45,pmfs_7_15,6,2026105727,pmfs_7_15/rep_07_seed_2026105727,1248021b05637f31cb5b26fcd59694c8ef3d7fe659336a4e1191c7e1575f67d0,/home/zyc/cess_d1r_168x16_reference_20260925/pmfs_7_15/rep_07_seed_2026105727/spatial/concentration.npy,/home/zyc/cess_d1r_168x16_reference_20260925/pmfs_7_15/rep_07_seed_2026105727/spatial/concentration.npy
45,pmfs_7_15,7,2026105728,pmfs_7_15/rep_08_seed_2026105728,a0c6695208b47007a79a411f730e7ed068e7c55f894b3229d612446a2bdf0222,/home/zyc/cess_d1r_168x16_reference_20260925/pmfs_7_15/rep_08_seed_2026105728/spatial/concentration.npy,/home/zyc/cess_d1r_168x16_reference_20260925/pmfs_7_15/rep_08_seed_2026105728/spatial/concentration.npy
45,pmfs_7_15,8,2026105729,pmfs_7_15/rep_09_seed_2026105729,563c1ce604c2bebf266d4b71833ffac08ea5750fb0d90e81fef924f96b3ae4e5,/home/zyc/cess_d1r_168x16_reference_20260925/pmfs_7_15/rep_09_seed_2026105729/spatial/concentration.npy,/home/zyc/cess_d1r_168x16_reference_20260925/pmfs_7_15/rep_09_seed_2026105729/spatial/concentration.npy
45,pmfs_7_15,9,2026105730,pmfs_7_15/rep_10_seed_2026105730,9b836439577b12f8bd2c6882704d8c77869c882c508babe3e6fcddd7ea4a747d,/home/zyc/cess_d1r_168x16_reference_20260925/pmfs_7_15/rep_10_seed_2026105730/spatial/concentration.npy,/home/zyc/cess_d1r_168x16_reference_20260925/pmfs_7_15/rep_10_seed_2026105730/spatial/concentration.npy
45,pmfs_7_15,10,2026105731,pmfs_7_15/rep_11_seed_2026105731,00b1f8c7184beb7dc3280a241806d128f5dacb55cc0510face4a9954e5f02333,/home/zyc/cess_d1r_168x16_reference_20260925/pmfs_7_15/rep_11_seed_2026105731/spatial/concentration.npy,/home/zyc/cess_d1r_168x16_reference_20260925/pmfs_7_15/rep_11_seed_2026105731/spatial/concentration.npy
45,pmfs_7_15,11,2026105732,pmfs_7_15/rep_12_seed_2026105732,b3021951b584a98dfa16c35898dfe302bb39104d6283d79d447153877668698a,/home/zyc/cess_d1r_168x16_reference_20260925/pmfs_7_15/rep_12_seed_2026105732/spatial/concentration.npy,/home/zyc/cess_d1r_168x16_reference_20260925/pmfs_7_15/rep_12_seed_2026105732/spatial/concentration.npy
45,pmfs_7_15,12,2026105733,pmfs_7_15/rep_13_seed_2026105733,12edd63486c47006530e1becafa8c1022fd83a47d2d6baf5e8c51dedbb5b3465,/home/zyc/cess_d1r_168x16_reference_20260925/pmfs_7_15/rep_13_seed_2026105733/spatial/concentration.npy,/home/zyc/cess_d1r_168x16_reference_20260925/pmfs_7_15/rep_13_seed_2026105733/spatial/concentration.npy
45,pmfs_7_15,13,2026105734,pmfs_7_15/rep_14_seed_2026105734,7af106cf20d8bd522e0a9347fcd14873fe325755976d7dada373e287e685e540,/home/zyc/cess_d1r_168x16_reference_20260925/pmfs_7_15/rep_14_seed_2026105734/spatial/concentration.npy,/home/zyc/cess_d1r_168x16_reference_20260925/pmfs_7_15/rep_14_seed_2026105734/spatial/concentration.npy
45,pmfs_7_15,14,2026105735,pmfs_7_15/rep_15_seed_2026105735,81f26497907ca4981137e83162a89ba5c5d3992a1ee04f67e0b39da2a306d9e5,/home/zyc/cess_d1r_168x16_reference_20260925/pmfs_7_15/rep_15_seed_2026105735/spatial/concentration.npy,/home/zyc/cess_d1r_168x16_reference_20260925/pmfs_7_15/rep_15_seed_2026105735/spatial/concentration.npy
45,pmfs_7_15,15,2026105736,pmfs_7_15/rep_16_seed_2026105736,fb960e481a79adf0610dde0a7384b63386440c6108db25e285856cac264e38b0,/home/zyc/cess_d1r_168x16_reference_20260925/pmfs_7_15/rep_16_seed_2026105736/spatial/concentration.npy,/home/zyc/cess_d1r_168x16_reference_20260925/pmfs_7_15/rep_16_seed_2026105736/spatial/concentration.npy
46,pmfs_7_16,0,2026105737,pmfs_7_16/rep_01_seed_2026105737,275252fe67565a245f7fc75cb9b011161dd2a330bc65241bb7eae81830426c4c,/home/zyc/cess_d1r_168x16_reference_20260925/pmfs_7_16/rep_01_seed_2026105737/spatial/concentration.npy,/home/zyc/cess_d1r_168x16_reference_20260925/pmfs_7_16/rep_01_seed_2026105737/spatial/concentration.npy
46,pmfs_7_16,1,2026105738,pmfs_7_16/rep_02_seed_2026105738,9e58fe8b82e68c5ea35d80cc67ab7b4169dbfb2bb9762b4f0674f115a20df8f8,/home/zyc/cess_d1r_168x16_reference_20260925/pmfs_7_16/rep_02_seed_2026105738/spatial/concentration.npy,/home/zyc/cess_d1r_168x16_reference_20260925/pmfs_7_16/rep_02_seed_2026105738/spatial/concentration.npy
46,pmfs_7_16,2,2026105739,pmfs_7_16/rep_03_seed_2026105739,e14fd899c1159ee569736ecd36480ee161b8ca3cb183c5d68aeab13731884713,/home/zyc/cess_d1r_168x16_reference_20260925/pmfs_7_16/rep_03_seed_2026105739/spatial/concentration.npy,/home/zyc/cess_d1r_168x16_reference_20260925/pmfs_7_16/rep_03_seed_2026105739/spatial/concentration.npy
46,pmfs_7_16,3,2026105740,pmfs_7_16/rep_04_seed_2026105740,01691e321f111cd599a388b6368de92ded0bd03f38aaf373774686ece1adb006,/home/zyc/cess_d1r_168x16_reference_20260925/pmfs_7_16/rep_04_seed_2026105740/spatial/concentration.npy,/home/zyc/cess_d1r_168x16_reference_20260925/pmfs_7_16/rep_04_seed_2026105740/spatial/concentration.npy
46,pmfs_7_16,4,2026105741,pmfs_7_16/rep_05_seed_2026105741,c0317cdc7a9a82ab3b62b0e67f3ee70837e1f4662d7ae5f604263386a43934ad,/home/zyc/cess_d1r_168x16_reference_20260925/pmfs_7_16/rep_05_seed_2026105741/spatial/concentration.npy,/home/zyc/cess_d1r_168x16_reference_20260925/pmfs_7_16/rep_05_seed_2026105741/spatial/concentration.npy
46,pmfs_7_16,5,2026105742,pmfs_7_16/rep_06_seed_2026105742,9bec159fd60ad98eaf7ef5410ed1b3c9b856235b8860ad6694fbd43e9312c344,/home/zyc/cess_d1r_168x16_reference_20260925/pmfs_7_16/rep_06_seed_2026105742/spatial/concentration.npy,/home/zyc/cess_d1r_168x16_reference_20260925/pmfs_7_16/rep_06_seed_2026105742/spatial/concentration.npy
46,pmfs_7_16,6,2026105743,pmfs_7_16/rep_07_seed_2026105743,addb8343170d1670c1378f1c9a0ebebebb6a9979f0f26ac12808ee2834ba98e8,/home/zyc/cess_d1r_168x16_reference_20260925/pmfs_7_16/rep_07_seed_2026105743/spatial/concentration.npy,/home/zyc/cess_d1r_168x16_reference_20260925/pmfs_7_16/rep_07_seed_2026105743/spatial/concentration.npy
46,pmfs_7_16,7,2026105744,pmfs_7_16/rep_08_seed_2026105744,0186967a1a7c5493e066568d19d0d4612079b8b0a0ad0ed8cdd5a94ed178c788,/home/zyc/cess_d1r_168x16_reference_20260925/pmfs_7_16/rep_08_seed_2026105744/spatial/concentration.npy,/home/zyc/cess_d1r_168x16_reference_20260925/pmfs_7_16/rep_08_seed_2026105744/spatial/concentration.npy
46,pmfs_7_16,8,2026105745,pmfs_7_16/rep_09_seed_2026105745,cec774daa27cd0f89cee4f2b04bdf0e5a57c869e548a564e8eaad91608554099,/home/zyc/cess_d1r_168x16_reference_20260925/pmfs_7_16/rep_09_seed_2026105745/spatial/concentration.npy,/home/zyc/cess_d1r_168x16_reference_20260925/pmfs_7_16/rep_09_seed_2026105745/spatial/concentration.npy
46,pmfs_7_16,9,2026105746,pmfs_7_16/rep_10_seed_2026105746,caa5c56045ceb5c9870027769700a73e9eaa065944e590a73c80dcc53ee05b32,/home/zyc/cess_d1r_168x16_reference_20260925/pmfs_7_16/rep_10_seed_2026105746/spatial/concentration.npy,/home/zyc/cess_d1r_168x16_reference_20260925/pmfs_7_16/rep_10_seed_2026105746/spatial/concentration.npy
46,pmfs_7_16,10,2026105747,pmfs_7_16/rep_11_seed_2026105747,abcf8f34af984112e9931b14bc1a9021abc894a7dbb0bf9e85cb82cd905f1ef9,/home/zyc/cess_d1r_168x16_reference_20260925/pmfs_7_16/rep_11_seed_2026105747/spatial/concentration.npy,/home/zyc/cess_d1r_168x16_reference_20260925/pmfs_7_16/rep_11_seed_2026105747/spatial/concentration.npy
46,pmfs_7_16,11,2026105748,pmfs_7_16/rep_12_seed_2026105748,4c01be97e0b4896c510cc15326e06a4f9a2c8b434d60f87935673627093e72dd,/home/zyc/cess_d1r_168x16_reference_20260925/pmfs_7_16/rep_12_seed_2026105748/spatial/concentration.npy,/home/zyc/cess_d1r_168x16_reference_20260925/pmfs_7_16/rep_12_seed_2026105748/spatial/concentration.npy
46,pmfs_7_16,12,2026105749,pmfs_7_16/rep_13_seed_2026105749,98693470aa6493d59bd26e2839acff3aced89f157eae98a41c36dce7d1559296,/home/zyc/cess_d1r_168x16_reference_20260925/pmfs_7_16/rep_13_seed_2026105749/spatial/concentration.npy,/home/zyc/cess_d1r_168x16_reference_20260925/pmfs_7_16/rep_13_seed_2026105749/spatial/concentration.npy
46,pmfs_7_16,13,2026105750,pmfs_7_16/rep_14_seed_2026105750,861c8f6e7b8e545459b445d5dfa6ca69e35ad59a3e918f32a5285cd278e72993,/home/zyc/cess_d1r_168x16_reference_20260925/pmfs_7_16/rep_14_seed_2026105750/spatial/concentration.npy,/home/zyc/cess_d1r_168x16_reference_20260925/pmfs_7_16/rep_14_seed_2026105750/spatial/concentration.npy
46,pmfs_7_16,14,2026105751,pmfs_7_16/rep_15_seed_2026105751,e2549985906dd436f74c8abe355c13be77f4999dd28df99a8f7432600669c510,/home/zyc/cess_d1r_168x16_reference_20260925/pmfs_7_16/rep_15_seed_2026105751/spatial/concentration.npy,/home/zyc/cess_d1r_168x16_reference_20260925/pmfs_7_16/rep_15_seed_2026105751/spatial/concentration.npy
46,pmfs_7_16,15,2026105752,pmfs_7_16/rep_16_seed_2026105752,908863397029ae39c12a710c19626eebc78154649eabec09089711fc59fed224,/home/zyc/cess_d1r_168x16_reference_20260925/pmfs_7_16/rep_16_seed_2026105752/spatial/concentration.npy,/home/zyc/cess_d1r_168x16_reference_20260925/pmfs_7_16/rep_16_seed_2026105752/spatial/concentration.npy
47,pmfs_7_17,0,2026105753,pmfs_7_17/rep_01_seed_2026105753,26ac876973a556525d562ef1a2dde64958ea7b168c5b457bb0c31b4f6ad7e595,/home/zyc/cess_d1r_168x16_reference_20260925/pmfs_7_17/rep_01_seed_2026105753/spatial/concentration.npy,/home/zyc/cess_d1r_168x16_reference_20260925/pmfs_7_17/rep_01_seed_2026105753/spatial/concentration.npy
47,pmfs_7_17,1,2026105754,pmfs_7_17/rep_02_seed_2026105754,3d9d8971cbf22d4a4d7730ef5d0c8002d26f3e4dce80bcd1dae5202a27b117ff,/home/zyc/cess_d1r_168x16_reference_20260925/pmfs_7_17/rep_02_seed_2026105754/spatial/concentration.npy,/home/zyc/cess_d1r_168x16_reference_20260925/pmfs_7_17/rep_02_seed_2026105754/spatial/concentration.npy
47,pmfs_7_17,2,2026105755,pmfs_7_17/rep_03_seed_2026105755,1b361013640a00a7fbd247e4dc2073acb22eb910e706eac1b611d41a829828f2,/home/zyc/cess_d1r_168x16_reference_20260925/pmfs_7_17/rep_03_seed_2026105755/spatial/concentration.npy,/home/zyc/cess_d1r_168x16_reference_20260925/pmfs_7_17/rep_03_seed_2026105755/spatial/concentration.npy
47,pmfs_7_17,3,2026105756,pmfs_7_17/rep_04_seed_2026105756,c75e49f12f72c65317af90aae3d16dc40421759fef264dcffc3a04679b4d1d7f,/home/zyc/cess_d1r_168x16_reference_20260925/pmfs_7_17/rep_04_seed_2026105756/spatial/concentration.npy,/home/zyc/cess_d1r_168x16_reference_20260925/pmfs_7_17/rep_04_seed_2026105756/spatial/concentration.npy
47,pmfs_7_17,4,2026105757,pmfs_7_17/rep_05_seed_2026105757,7910b68ed03a1d461c5d9d9d0a55562c69a64b5ae59d0e721b723a878d6d70c8,/home/zyc/cess_d1r_168x16_reference_20260925/pmfs_7_17/rep_05_seed_2026105757/spatial/concentration.npy,/home/zyc/cess_d1r_168x16_reference_20260925/pmfs_7_17/rep_05_seed_2026105757/spatial/concentration.npy
47,pmfs_7_17,5,2026105758,pmfs_7_17/rep_06_seed_2026105758,f121c03c6a2318713a4f881d099f3e0262b84038357a3633f92b51de83ed572f,/home/zyc/cess_d1r_168x16_reference_20260925/pmfs_7_17/rep_06_seed_2026105758/spatial/concentration.npy,/home/zyc/cess_d1r_168x16_reference_20260925/pmfs_7_17/rep_06_seed_2026105758/spatial/concentration.npy
47,pmfs_7_17,6,2026105759,pmfs_7_17/rep_07_seed_2026105759,6e7bd2c5d37c4f9d9186c3fd86c67e5026f5e71900d5a8fb686206dbcf79daaa,/home/zyc/cess_d1r_168x16_reference_20260925/pmfs_7_17/rep_07_seed_2026105759/spatial/concentration.npy,/home/zyc/cess_d1r_168x16_reference_20260925/pmfs_7_17/rep_07_seed_2026105759/spatial/concentration.npy
47,pmfs_7_17,7,2026105760,pmfs_7_17/rep_08_seed_2026105760,b731d62c9a5ea2140f8cd74a7c61f4cc40866254e2b30d31d89c74e37aabc5da,/home/zyc/cess_d1r_168x16_reference_20260925/pmfs_7_17/rep_08_seed_2026105760/spatial/concentration.npy,/home/zyc/cess_d1r_168x16_reference_20260925/pmfs_7_17/rep_08_seed_2026105760/spatial/concentration.npy
47,pmfs_7_17,8,2026105761,pmfs_7_17/rep_09_seed_2026105761,ee93e6aa83c7e6be14d80a5c8f7570bffe7e514c6e7750e66fd0d25d263aa055,/home/zyc/cess_d1r_168x16_reference_20260925/pmfs_7_17/rep_09_seed_2026105761/spatial/concentration.npy,/home/zyc/cess_d1r_168x16_reference_20260925/pmfs_7_17/rep_09_seed_2026105761/spatial/concentration.npy
47,pmfs_7_17,9,2026105762,pmfs_7_17/rep_10_seed_2026105762,8ee644179bb61d8047ebbaba2ff165ff5fc9b95464293dc2b3e8cca5b995004b,/home/zyc/cess_d1r_168x16_reference_20260925/pmfs_7_17/rep_10_seed_2026105762/spatial/concentration.npy,/home/zyc/cess_d1r_168x16_reference_20260925/pmfs_7_17/rep_10_seed_2026105762/spatial/concentration.npy
47,pmfs_7_17,10,2026105763,pmfs_7_17/rep_11_seed_2026105763,e9b63a0e8042a5aa9d38526f78980c4ae8c7d08964a2e9d3a0b6d00f62f451af,/home/zyc/cess_d1r_168x16_reference_20260925/pmfs_7_17/rep_11_seed_2026105763/spatial/concentration.npy,/home/zyc/cess_d1r_168x16_reference_20260925/pmfs_7_17/rep_11_seed_2026105763/spatial/concentration.npy
47,pmfs_7_17,11,2026105764,pmfs_7_17/rep_12_seed_2026105764,6080200074cd19e3824723b57e059dc49b336f474d84ad296f662066e2228d8f,/home/zyc/cess_d1r_168x16_reference_20260925/pmfs_7_17/rep_12_seed_2026105764/spatial/concentration.npy,/home/zyc/cess_d1r_168x16_reference_20260925/pmfs_7_17/rep_12_seed_2026105764/spatial/concentration.npy
47,pmfs_7_17,12,2026105765,pmfs_7_17/rep_13_seed_2026105765,94b7846913997696a704d760cab97cc4acfa8661e31c985b81115a717010fb41,/home/zyc/cess_d1r_168x16_reference_20260925/pmfs_7_17/rep_13_seed_2026105765/spatial/concentration.npy,/home/zyc/cess_d1r_168x16_reference_20260925/pmfs_7_17/rep_13_seed_2026105765/spatial/concentration.npy
47,pmfs_7_17,13,2026105766,pmfs_7_17/rep_14_seed_2026105766,2c1830ac0eedb046a95869467c237bf786de01119b00e2f3570617f6314febf2,/home/zyc/cess_d1r_168x16_reference_20260925/pmfs_7_17/rep_14_seed_2026105766/spatial/concentration.npy,/home/zyc/cess_d1r_168x16_reference_20260925/pmfs_7_17/rep_14_seed_2026105766/spatial/concentration.npy
47,pmfs_7_17,14,2026105767,pmfs_7_17/rep_15_seed_2026105767,51e120160a0beabff38c348a8f8ad616073ba94acc5b18e2f2cab0593def3753,/home/zyc/cess_d1r_168x16_reference_20260925/pmfs_7_17/rep_15_seed_2026105767/spatial/concentration.npy,/home/zyc/cess_d1r_168x16_reference_20260925/pmfs_7_17/rep_15_seed_2026105767/spatial/concentration.npy
47,pmfs_7_17,15,2026105768,pmfs_7_17/rep_16_seed_2026105768,861b395d617cc4a696d6e88337d7a0cbc693d16b10ea1ecd2a89938ecf2a7fbf,/home/zyc/cess_d1r_168x16_reference_20260925/pmfs_7_17/rep_16_seed_2026105768/spatial/concentration.npy,/home/zyc/cess_d1r_168x16_reference_20260925/pmfs_7_17/rep_16_seed_2026105768/spatial/concentration.npy
48,pmfs_7_18,0,2026105769,pmfs_7_18/rep_01_seed_2026105769,072fb2c6c381e1fe2b66aefb84400b870890b6a581039e70b3a328f08b6a284b,/home/zyc/cess_d1r_168x16_reference_20260925/pmfs_7_18/rep_01_seed_2026105769/spatial/concentration.npy,/home/zyc/cess_d1r_168x16_reference_20260925/pmfs_7_18/rep_01_seed_2026105769/spatial/concentration.npy
48,pmfs_7_18,1,2026105770,pmfs_7_18/rep_02_seed_2026105770,4fa813175a5e16d5bb63a5e2db8e4483f37a4259f76ba8f9cbb4c0dd38b1751b,/home/zyc/cess_d1r_168x16_reference_20260925/pmfs_7_18/rep_02_seed_2026105770/spatial/concentration.npy,/home/zyc/cess_d1r_168x16_reference_20260925/pmfs_7_18/rep_02_seed_2026105770/spatial/concentration.npy
48,pmfs_7_18,2,2026105771,pmfs_7_18/rep_03_seed_2026105771,50e01d901ec8c3ba29bdf2f8581f44e557ab398d9ee046122340301c04a21ff3,/home/zyc/cess_d1r_168x16_reference_20260925/pmfs_7_18/rep_03_seed_2026105771/spatial/concentration.npy,/home/zyc/cess_d1r_168x16_reference_20260925/pmfs_7_18/rep_03_seed_2026105771/spatial/concentration.npy
48,pmfs_7_18,3,2026105772,pmfs_7_18/rep_04_seed_2026105772,c54864d97066854f64f9920031d384a249faa93fcc58a69f9b9a56bcd82fc2a1,/home/zyc/cess_d1r_168x16_reference_20260925/pmfs_7_18/rep_04_seed_2026105772/spatial/concentration.npy,/home/zyc/cess_d1r_168x16_reference_20260925/pmfs_7_18/rep_04_seed_2026105772/spatial/concentration.npy
48,pmfs_7_18,4,2026105773,pmfs_7_18/rep_05_seed_2026105773,e99c6cfefe7c3f379c30f16b2da1bda3f08d477d0fdaaaed7276e66207b5b550,/home/zyc/cess_d1r_168x16_reference_20260925/pmfs_7_18/rep_05_seed_2026105773/spatial/concentration.npy,/home/zyc/cess_d1r_168x16_reference_20260925/pmfs_7_18/rep_05_seed_2026105773/spatial/concentration.npy
48,pmfs_7_18,5,2026105774,pmfs_7_18/rep_06_seed_2026105774,6d33324f564070c1cab33e40074e18c78e1cdbfb94cfd9c48d4d75cf934387bf,/home/zyc/cess_d1r_168x16_reference_20260925/pmfs_7_18/rep_06_seed_2026105774/spatial/concentration.npy,/home/zyc/cess_d1r_168x16_reference_20260925/pmfs_7_18/rep_06_seed_2026105774/spatial/concentration.npy
48,pmfs_7_18,6,2026105775,pmfs_7_18/rep_07_seed_2026105775,5fc2ba8165048a4f53b17703e3835c87b3e8344ded4a9b0c2b17e19f7389aaf8,/home/zyc/cess_d1r_168x16_reference_20260925/pmfs_7_18/rep_07_seed_2026105775/spatial/concentration.npy,/home/zyc/cess_d1r_168x16_reference_20260925/pmfs_7_18/rep_07_seed_2026105775/spatial/concentration.npy
48,pmfs_7_18,7,2026105776,pmfs_7_18/rep_08_seed_2026105776,9615b7a9a8879c28793ea34bb4ee0f24c9a91f6a1d9ab1a9ada4a8ada1cf4cd8,/home/zyc/cess_d1r_168x16_reference_20260925/pmfs_7_18/rep_08_seed_2026105776/spatial/concentration.npy,/home/zyc/cess_d1r_168x16_reference_20260925/pmfs_7_18/rep_08_seed_2026105776/spatial/concentration.npy
48,pmfs_7_18,8,2026105777,pmfs_7_18/rep_09_seed_2026105777,d7b987885f0aefc27e6f4f6d855d14ab5df7fd415ddc9573bc253acebad9a32c,/home/zyc/cess_d1r_168x16_reference_20260925/pmfs_7_18/rep_09_seed_2026105777/spatial/concentration.npy,/home/zyc/cess_d1r_168x16_reference_20260925/pmfs_7_18/rep_09_seed_2026105777/spatial/concentration.npy
48,pmfs_7_18,9,2026105778,pmfs_7_18/rep_10_seed_2026105778,9717537a00c153b1253f880f8780e1c3701ce56cd423fe27aefeae63454f6858,/home/zyc/cess_d1r_168x16_reference_20260925/pmfs_7_18/rep_10_seed_2026105778/spatial/concentration.npy,/home/zyc/cess_d1r_168x16_reference_20260925/pmfs_7_18/rep_10_seed_2026105778/spatial/concentration.npy
48,pmfs_7_18,10,2026105779,pmfs_7_18/rep_11_seed_2026105779,f54719b15bb81f8d02d4767ab52b0e17ea29fc16d711fbaf614ad78155d7c904,/home/zyc/cess_d1r_168x16_reference_20260925/pmfs_7_18/rep_11_seed_2026105779/spatial/concentration.npy,/home/zyc/cess_d1r_168x16_reference_20260925/pmfs_7_18/rep_11_seed_2026105779/spatial/concentration.npy
48,pmfs_7_18,11,2026105780,pmfs_7_18/rep_12_seed_2026105780,bb6448428bfefbd38334d6c914759117671f01c6f60810ece302eb616efaff61,/home/zyc/cess_d1r_168x16_reference_20260925/pmfs_7_18/rep_12_seed_2026105780/spatial/concentration.npy,/home/zyc/cess_d1r_168x16_reference_20260925/pmfs_7_18/rep_12_seed_2026105780/spatial/concentration.npy
48,pmfs_7_18,12,2026105781,pmfs_7_18/rep_13_seed_2026105781,f5759bb18a099b9910a96a02f3649672e36ef3fe2e7d98f7a41109daf4d2b2e2,/home/zyc/cess_d1r_168x16_reference_20260925/pmfs_7_18/rep_13_seed_2026105781/spatial/concentration.npy,/home/zyc/cess_d1r_168x16_reference_20260925/pmfs_7_18/rep_13_seed_2026105781/spatial/concentration.npy
48,pmfs_7_18,13,2026105782,pmfs_7_18/rep_14_seed_2026105782,a97c747cee948067e43629625438dfa04c522698838a54076661c8fb32296130,/home/zyc/cess_d1r_168x16_reference_20260925/pmfs_7_18/rep_14_seed_2026105782/spatial/concentration.npy,/home/zyc/cess_d1r_168x16_reference_20260925/pmfs_7_18/rep_14_seed_2026105782/spatial/concentration.npy
48,pmfs_7_18,14,2026105783,pmfs_7_18/rep_15_seed_2026105783,0995c66808da72f46839d0512ebe6aa4a3b9c2430692d4f8f42166fb2bf50333,/home/zyc/cess_d1r_168x16_reference_20260925/pmfs_7_18/rep_15_seed_2026105783/spatial/concentration.npy,/home/zyc/cess_d1r_168x16_reference_20260925/pmfs_7_18/rep_15_seed_2026105783/spatial/concentration.npy
48,pmfs_7_18,15,2026105784,pmfs_7_18/rep_16_seed_2026105784,2b7237be0f9a67bafd081d2ec1738dc7e94ed1120226e4bb15a5a2f0609250a6,/home/zyc/cess_d1r_168x16_reference_20260925/pmfs_7_18/rep_16_seed_2026105784/spatial/concentration.npy,/home/zyc/cess_d1r_168x16_reference_20260925/pmfs_7_18/rep_16_seed_2026105784/spatial/concentration.npy
49,pmfs_8_12,0,2026105785,pmfs_8_12/rep_01_seed_2026105785,3a0a20a9221ac8fc9e40afaab4bbbc6e29d0c896281858f35610bde3c4beb3ea,/home/zyc/cess_d1r_168x16_reference_20260925/pmfs_8_12/rep_01_seed_2026105785/spatial/concentration.npy,/home/zyc/cess_d1r_168x16_reference_20260925/pmfs_8_12/rep_01_seed_2026105785/spatial/concentration.npy
49,pmfs_8_12,1,2026105786,pmfs_8_12/rep_02_seed_2026105786,9f328716e14d0e3fc542d8ec6fd1bd0dd7e5a106db2e482133985c1d75cc2d31,/home/zyc/cess_d1r_168x16_reference_20260925/pmfs_8_12/rep_02_seed_2026105786/spatial/concentration.npy,/home/zyc/cess_d1r_168x16_reference_20260925/pmfs_8_12/rep_02_seed_2026105786/spatial/concentration.npy
49,pmfs_8_12,2,2026105787,pmfs_8_12/rep_03_seed_2026105787,5b994bd478722e93dc9dc6082137608fd763fd7535dbcf477485e24abe6921ec,/home/zyc/cess_d1r_168x16_reference_20260925/pmfs_8_12/rep_03_seed_2026105787/spatial/concentration.npy,/home/zyc/cess_d1r_168x16_reference_20260925/pmfs_8_12/rep_03_seed_2026105787/spatial/concentration.npy
49,pmfs_8_12,3,2026105788,pmfs_8_12/rep_04_seed_2026105788,337cea3a41cb30d2789cdff2b50fdd959dd610c804a5807dd12174f8bcebdef4,/home/zyc/cess_d1r_168x16_reference_20260925/pmfs_8_12/rep_04_seed_2026105788/spatial/concentration.npy,/home/zyc/cess_d1r_168x16_reference_20260925/pmfs_8_12/rep_04_seed_2026105788/spatial/concentration.npy
49,pmfs_8_12,4,2026105789,pmfs_8_12/rep_05_seed_2026105789,b99a361dd1c53beffc7ee5e33256277a8e2cc98022243cbc48a7a06386a68dd5,/home/zyc/cess_d1r_168x16_reference_20260925/pmfs_8_12/rep_05_seed_2026105789/spatial/concentration.npy,/home/zyc/cess_d1r_168x16_reference_20260925/pmfs_8_12/rep_05_seed_2026105789/spatial/concentration.npy
49,pmfs_8_12,5,2026105790,pmfs_8_12/rep_06_seed_2026105790,46fc40cef58c94b4de01654f5f67d9a98fd0d2504df5052872d0138a4f2dddbb,/home/zyc/cess_d1r_168x16_reference_20260925/pmfs_8_12/rep_06_seed_2026105790/spatial/concentration.npy,/home/zyc/cess_d1r_168x16_reference_20260925/pmfs_8_12/rep_06_seed_2026105790/spatial/concentration.npy
49,pmfs_8_12,6,2026105791,pmfs_8_12/rep_07_seed_2026105791,2a3b27e8f112a8cd70170f1a91d6a8b2ad7c6cadef99d590e3089d166451043d,/home/zyc/cess_d1r_168x16_reference_20260925/pmfs_8_12/rep_07_seed_2026105791/spatial/concentration.npy,/home/zyc/cess_d1r_168x16_reference_20260925/pmfs_8_12/rep_07_seed_2026105791/spatial/concentration.npy
49,pmfs_8_12,7,2026105792,pmfs_8_12/rep_08_seed_2026105792,cb33f2a6d64858592fa2c0f1a9708301ea5a472a2004fcfb3ab0e3b3b9939e1e,/home/zyc/cess_d1r_168x16_reference_20260925/pmfs_8_12/rep_08_seed_2026105792/spatial/concentration.npy,/home/zyc/cess_d1r_168x16_reference_20260925/pmfs_8_12/rep_08_seed_2026105792/spatial/concentration.npy
49,pmfs_8_12,8,2026105793,pmfs_8_12/rep_09_seed_2026105793,c13b5b2a1f7a6462ea20f036b2c86b98f79d4314c774828e5c1c0f8ee13585cb,/home/zyc/cess_d1r_168x16_reference_20260925/pmfs_8_12/rep_09_seed_2026105793/spatial/concentration.npy,/home/zyc/cess_d1r_168x16_reference_20260925/pmfs_8_12/rep_09_seed_2026105793/spatial/concentration.npy
49,pmfs_8_12,9,2026105794,pmfs_8_12/rep_10_seed_2026105794,671506383c00c5cbea92f21993a567a642334508747c19510f34a2607ee4e510,/home/zyc/cess_d1r_168x16_reference_20260925/pmfs_8_12/rep_10_seed_2026105794/spatial/concentration.npy,/home/zyc/cess_d1r_168x16_reference_20260925/pmfs_8_12/rep_10_seed_2026105794/spatial/concentration.npy
49,pmfs_8_12,10,2026105795,pmfs_8_12/rep_11_seed_2026105795,e397f0068ba78efb918dae3e6622ca6febef2d2947173741c138013898d9804b,/home/zyc/cess_d1r_168x16_reference_20260925/pmfs_8_12/rep_11_seed_2026105795/spatial/concentration.npy,/home/zyc/cess_d1r_168x16_reference_20260925/pmfs_8_12/rep_11_seed_2026105795/spatial/concentration.npy
49,pmfs_8_12,11,2026105796,pmfs_8_12/rep_12_seed_2026105796,04eb30feb15df57cdd835aa6603a67a41ec135b4340ad175a67723136360dc4f,/home/zyc/cess_d1r_168x16_reference_20260925/pmfs_8_12/rep_12_seed_2026105796/spatial/concentration.npy,/home/zyc/cess_d1r_168x16_reference_20260925/pmfs_8_12/rep_12_seed_2026105796/spatial/concentration.npy
49,pmfs_8_12,12,2026105797,pmfs_8_12/rep_13_seed_2026105797,646f91cc64ca84e507b8cab3cfa6ab8d846c321c6216cc743e0f2d9cfcac4cfd,/home/zyc/cess_d1r_168x16_reference_20260925/pmfs_8_12/rep_13_seed_2026105797/spatial/concentration.npy,/home/zyc/cess_d1r_168x16_reference_20260925/pmfs_8_12/rep_13_seed_2026105797/spatial/concentration.npy
49,pmfs_8_12,13,2026105798,pmfs_8_12/rep_14_seed_2026105798,05b062ad0713dd479bd23db977ee194412fd20585c1ec86a2e992a704239f1a9,/home/zyc/cess_d1r_168x16_reference_20260925/pmfs_8_12/rep_14_seed_2026105798/spatial/concentration.npy,/home/zyc/cess_d1r_168x16_reference_20260925/pmfs_8_12/rep_14_seed_2026105798/spatial/concentration.npy
49,pmfs_8_12,14,2026105799,pmfs_8_12/rep_15_seed_2026105799,7e90574a2d093144fe0ad196275ab0bdc0c54a1a624a6b11ad7809b9d7b00e24,/home/zyc/cess_d1r_168x16_reference_20260925/pmfs_8_12/rep_15_seed_2026105799/spatial/concentration.npy,/home/zyc/cess_d1r_168x16_reference_20260925/pmfs_8_12/rep_15_seed_2026105799/spatial/concentration.npy
49,pmfs_8_12,15,2026105800,pmfs_8_12/rep_16_seed_2026105800,09a75f8e48b8ebcdc05738ceb9e25617f1eede654419f4be937c27400da4f709,/home/zyc/cess_d1r_168x16_reference_20260925/pmfs_8_12/rep_16_seed_2026105800/spatial/concentration.npy,/home/zyc/cess_d1r_168x16_reference_20260925/pmfs_8_12/rep_16_seed_2026105800/spatial/concentration.npy
50,pmfs_8_13,0,2026105801,pmfs_8_13/rep_01_seed_2026105801,b7114f72a78905c33cf3f7e18cc6eb5010db41fb702a9a5abdf2231f1be29e0c,/home/zyc/cess_d1r_168x16_reference_20260925/pmfs_8_13/rep_01_seed_2026105801/spatial/concentration.npy,/home/zyc/cess_d1r_168x16_reference_20260925/pmfs_8_13/rep_01_seed_2026105801/spatial/concentration.npy
50,pmfs_8_13,1,2026105802,pmfs_8_13/rep_02_seed_2026105802,af84e703491c6639f3022df95e06204392c13f8e11fe3b1d7aaddd801408f10c,/home/zyc/cess_d1r_168x16_reference_20260925/pmfs_8_13/rep_02_seed_2026105802/spatial/concentration.npy,/home/zyc/cess_d1r_168x16_reference_20260925/pmfs_8_13/rep_02_seed_2026105802/spatial/concentration.npy
50,pmfs_8_13,2,2026105803,pmfs_8_13/rep_03_seed_2026105803,00b10fbd5e4468a73c1847088b8b9eddb339fb03f8cde1202eaf221a978ef281,/home/zyc/cess_d1r_168x16_reference_20260925/pmfs_8_13/rep_03_seed_2026105803/spatial/concentration.npy,/home/zyc/cess_d1r_168x16_reference_20260925/pmfs_8_13/rep_03_seed_2026105803/spatial/concentration.npy
50,pmfs_8_13,3,2026105804,pmfs_8_13/rep_04_seed_2026105804,64aa83ede063f904d53c589af6a65a13092a8e5573a076d884a9ef44aaf4438c,/home/zyc/cess_d1r_168x16_reference_20260925/pmfs_8_13/rep_04_seed_2026105804/spatial/concentration.npy,/home/zyc/cess_d1r_168x16_reference_20260925/pmfs_8_13/rep_04_seed_2026105804/spatial/concentration.npy
50,pmfs_8_13,4,2026105805,pmfs_8_13/rep_05_seed_2026105805,db585fd7eb2dd89468082c1fca4d31094d7521bc9b29da2d1449531384932685,/home/zyc/cess_d1r_168x16_reference_20260925/pmfs_8_13/rep_05_seed_2026105805/spatial/concentration.npy,/home/zyc/cess_d1r_168x16_reference_20260925/pmfs_8_13/rep_05_seed_2026105805/spatial/concentration.npy
50,pmfs_8_13,5,2026105806,pmfs_8_13/rep_06_seed_2026105806,b8c835405ebefe386ea02d00360aafd3baafc7b0653d3aba58cdad03f467a886,/home/zyc/cess_d1r_168x16_reference_20260925/pmfs_8_13/rep_06_seed_2026105806/spatial/concentration.npy,/home/zyc/cess_d1r_168x16_reference_20260925/pmfs_8_13/rep_06_seed_2026105806/spatial/concentration.npy
50,pmfs_8_13,6,2026105807,pmfs_8_13/rep_07_seed_2026105807,e0a024c06f88a0f428f1ead5420342bc63a75e3489231bab8aab994a07a2f6cf,/home/zyc/cess_d1r_168x16_reference_20260925/pmfs_8_13/rep_07_seed_2026105807/spatial/concentration.npy,/home/zyc/cess_d1r_168x16_reference_20260925/pmfs_8_13/rep_07_seed_2026105807/spatial/concentration.npy
50,pmfs_8_13,7,2026105808,pmfs_8_13/rep_08_seed_2026105808,6dfe4cbfb9c498c9547e42a3922fb8d281572bb68e6ab89bf5e91e8f71673d19,/home/zyc/cess_d1r_168x16_reference_20260925/pmfs_8_13/rep_08_seed_2026105808/spatial/concentration.npy,/home/zyc/cess_d1r_168x16_reference_20260925/pmfs_8_13/rep_08_seed_2026105808/spatial/concentration.npy
50,pmfs_8_13,8,2026105809,pmfs_8_13/rep_09_seed_2026105809,eeb5fd54ebfc10590692bd6ed17f8e0d5f6a384cce08e13b81b612bb7737165e,/home/zyc/cess_d1r_168x16_reference_20260925/pmfs_8_13/rep_09_seed_2026105809/spatial/concentration.npy,/home/zyc/cess_d1r_168x16_reference_20260925/pmfs_8_13/rep_09_seed_2026105809/spatial/concentration.npy
50,pmfs_8_13,9,2026105810,pmfs_8_13/rep_10_seed_2026105810,37defdbae89b2546604b19224ee32741d954fec5d77b11e8cdd48d77fc61897b,/home/zyc/cess_d1r_168x16_reference_20260925/pmfs_8_13/rep_10_seed_2026105810/spatial/concentration.npy,/home/zyc/cess_d1r_168x16_reference_20260925/pmfs_8_13/rep_10_seed_2026105810/spatial/concentration.npy
50,pmfs_8_13,10,2026105811,pmfs_8_13/rep_11_seed_2026105811,ce49013eb9235798c855ede1ff6c1e29ae4bc950b2212c04f35e813c28ee6505,/home/zyc/cess_d1r_168x16_reference_20260925/pmfs_8_13/rep_11_seed_2026105811/spatial/concentration.npy,/home/zyc/cess_d1r_168x16_reference_20260925/pmfs_8_13/rep_11_seed_2026105811/spatial/concentration.npy
50,pmfs_8_13,11,2026105812,pmfs_8_13/rep_12_seed_2026105812,84787b9f25ccc1aa8f2f2f82454114ec2a42a43a31f73ee36e22b51c9bd39456,/home/zyc/cess_d1r_168x16_reference_20260925/pmfs_8_13/rep_12_seed_2026105812/spatial/concentration.npy,/home/zyc/cess_d1r_168x16_reference_20260925/pmfs_8_13/rep_12_seed_2026105812/spatial/concentration.npy
50,pmfs_8_13,12,2026105813,pmfs_8_13/rep_13_seed_2026105813,4b526ef455673f7bd54b017918f9dbfdcbf3be89ff581839832e9c757ee8aa10,/home/zyc/cess_d1r_168x16_reference_20260925/pmfs_8_13/rep_13_seed_2026105813/spatial/concentration.npy,/home/zyc/cess_d1r_168x16_reference_20260925/pmfs_8_13/rep_13_seed_2026105813/spatial/concentration.npy
50,pmfs_8_13,13,2026105814,pmfs_8_13/rep_14_seed_2026105814,bc2fe7b8d011bc56598c92c7e93776937c723abe1e89d35f50817cc07a14887e,/home/zyc/cess_d1r_168x16_reference_20260925/pmfs_8_13/rep_14_seed_2026105814/spatial/concentration.npy,/home/zyc/cess_d1r_168x16_reference_20260925/pmfs_8_13/rep_14_seed_2026105814/spatial/concentration.npy
50,pmfs_8_13,14,2026105815,pmfs_8_13/rep_15_seed_2026105815,231eb30743cd9b4465365574980df790bbdb79d61c6f031a56177ea8652cbfff,/home/zyc/cess_d1r_168x16_reference_20260925/pmfs_8_13/rep_15_seed_2026105815/spatial/concentration.npy,/home/zyc/cess_d1r_168x16_reference_20260925/pmfs_8_13/rep_15_seed_2026105815/spatial/concentration.npy
50,pmfs_8_13,15,2026105816,pmfs_8_13/rep_16_seed_2026105816,98c1cb8205e215427a813d6e6deec4e321f3165da732db1aff3b41fb99c33600,/home/zyc/cess_d1r_168x16_reference_20260925/pmfs_8_13/rep_16_seed_2026105816/spatial/concentration.npy,/home/zyc/cess_d1r_168x16_reference_20260925/pmfs_8_13/rep_16_seed_2026105816/spatial/concentration.npy
51,pmfs_8_14,0,2026105817,pmfs_8_14/rep_01_seed_2026105817,e0503f9033aa01d18ad741b384bbcfac9b7428f5165f0917e6ec71635d6f1a14,/home/zyc/cess_d1r_168x16_reference_20260925/pmfs_8_14/rep_01_seed_2026105817/spatial/concentration.npy,/home/zyc/cess_d1r_168x16_reference_20260925/pmfs_8_14/rep_01_seed_2026105817/spatial/concentration.npy
51,pmfs_8_14,1,2026105818,pmfs_8_14/rep_02_seed_2026105818,df6936d7a1e99447315b5bc2a1a8fb20adcc7cc3c2eb1955783fc430a065f096,/home/zyc/cess_d1r_168x16_reference_20260925/pmfs_8_14/rep_02_seed_2026105818/spatial/concentration.npy,/home/zyc/cess_d1r_168x16_reference_20260925/pmfs_8_14/rep_02_seed_2026105818/spatial/concentration.npy
51,pmfs_8_14,2,2026105819,pmfs_8_14/rep_03_seed_2026105819,70b09bff3b4918fe27a920ca77be127eebbd1c34b2a1bc5035cc2857cb474b5a,/home/zyc/cess_d1r_168x16_reference_20260925/pmfs_8_14/rep_03_seed_2026105819/spatial/concentration.npy,/home/zyc/cess_d1r_168x16_reference_20260925/pmfs_8_14/rep_03_seed_2026105819/spatial/concentration.npy
51,pmfs_8_14,3,2026105820,pmfs_8_14/rep_04_seed_2026105820,ae940284d1fe0b270034abb0d0d761c69ce9dd50819d84759597b33ef3e93d3e,/home/zyc/cess_d1r_168x16_reference_20260925/pmfs_8_14/rep_04_seed_2026105820/spatial/concentration.npy,/home/zyc/cess_d1r_168x16_reference_20260925/pmfs_8_14/rep_04_seed_2026105820/spatial/concentration.npy
51,pmfs_8_14,4,2026105821,pmfs_8_14/rep_05_seed_2026105821,42b6ac60789ee6973612398932dbec17ad83732e7b04c391eebf5812aae4c200,/home/zyc/cess_d1r_168x16_reference_20260925/pmfs_8_14/rep_05_seed_2026105821/spatial/concentration.npy,/home/zyc/cess_d1r_168x16_reference_20260925/pmfs_8_14/rep_05_seed_2026105821/spatial/concentration.npy
51,pmfs_8_14,5,2026105822,pmfs_8_14/rep_06_seed_2026105822,7e1c69c9592e1d12ab507d6fd79fed1351638a0c3af86d49ae622eb677dffca5,/home/zyc/cess_d1r_168x16_reference_20260925/pmfs_8_14/rep_06_seed_2026105822/spatial/concentration.npy,/home/zyc/cess_d1r_168x16_reference_20260925/pmfs_8_14/rep_06_seed_2026105822/spatial/concentration.npy
51,pmfs_8_14,6,2026105823,pmfs_8_14/rep_07_seed_2026105823,c2d592faba2be68074cd460d57eea33990182da8ff474953b81a6fd8576a3dc0,/home/zyc/cess_d1r_168x16_reference_20260925/pmfs_8_14/rep_07_seed_2026105823/spatial/concentration.npy,/home/zyc/cess_d1r_168x16_reference_20260925/pmfs_8_14/rep_07_seed_2026105823/spatial/concentration.npy
51,pmfs_8_14,7,2026105824,pmfs_8_14/rep_08_seed_2026105824,fec2664713c93eb4df8b7b4814b285171a494d224dba70ac950147032e87638a,/home/zyc/cess_d1r_168x16_reference_20260925/pmfs_8_14/rep_08_seed_2026105824/spatial/concentration.npy,/home/zyc/cess_d1r_168x16_reference_20260925/pmfs_8_14/rep_08_seed_2026105824/spatial/concentration.npy
51,pmfs_8_14,8,2026105825,pmfs_8_14/rep_09_seed_2026105825,636162427ac18400b97c212b01be3ac00de5d2c08f4f53238e9ac958c6bae01b,/home/zyc/cess_d1r_168x16_reference_20260925/pmfs_8_14/rep_09_seed_2026105825/spatial/concentration.npy,/home/zyc/cess_d1r_168x16_reference_20260925/pmfs_8_14/rep_09_seed_2026105825/spatial/concentration.npy
51,pmfs_8_14,9,2026105826,pmfs_8_14/rep_10_seed_2026105826,dc17aabdd17ba61e1b5d014bc021e5ff00fe8e6869ba5c53bad5bedf72b7d28d,/home/zyc/cess_d1r_168x16_reference_20260925/pmfs_8_14/rep_10_seed_2026105826/spatial/concentration.npy,/home/zyc/cess_d1r_168x16_reference_20260925/pmfs_8_14/rep_10_seed_2026105826/spatial/concentration.npy
51,pmfs_8_14,10,2026105827,pmfs_8_14/rep_11_seed_2026105827,4b531eb365f3fb3be3b6c4b24afaf2030265e73446d7b13895bb41ad2c796fb0,/home/zyc/cess_d1r_168x16_reference_20260925/pmfs_8_14/rep_11_seed_2026105827/spatial/concentration.npy,/home/zyc/cess_d1r_168x16_reference_20260925/pmfs_8_14/rep_11_seed_2026105827/spatial/concentration.npy
51,pmfs_8_14,11,2026105828,pmfs_8_14/rep_12_seed_2026105828,e08ba54d731cc8f75196679335caa484433d2544a32b59c7d4af8cf8665af273,/home/zyc/cess_d1r_168x16_reference_20260925/pmfs_8_14/rep_12_seed_2026105828/spatial/concentration.npy,/home/zyc/cess_d1r_168x16_reference_20260925/pmfs_8_14/rep_12_seed_2026105828/spatial/concentration.npy
51,pmfs_8_14,12,2026105829,pmfs_8_14/rep_13_seed_2026105829,9720a483743c8e7f89cb1b793af89a134066867f79fc0629bee3f305c642dbe6,/home/zyc/cess_d1r_168x16_reference_20260925/pmfs_8_14/rep_13_seed_2026105829/spatial/concentration.npy,/home/zyc/cess_d1r_168x16_reference_20260925/pmfs_8_14/rep_13_seed_2026105829/spatial/concentration.npy
51,pmfs_8_14,13,2026105830,pmfs_8_14/rep_14_seed_2026105830,485b519eae122112e707c082fbdae6100fd756a80128d77a9e139bbedd57ee34,/home/zyc/cess_d1r_168x16_reference_20260925/pmfs_8_14/rep_14_seed_2026105830/spatial/concentration.npy,/home/zyc/cess_d1r_168x16_reference_20260925/pmfs_8_14/rep_14_seed_2026105830/spatial/concentration.npy
51,pmfs_8_14,14,2026105831,pmfs_8_14/rep_15_seed_2026105831,b61fa667f313e3a8440e2e0ccdfc4fe560016757bd7d5bfc0fbdb75e02bc87a6,/home/zyc/cess_d1r_168x16_reference_20260925/pmfs_8_14/rep_15_seed_2026105831/spatial/concentration.npy,/home/zyc/cess_d1r_168x16_reference_20260925/pmfs_8_14/rep_15_seed_2026105831/spatial/concentration.npy
51,pmfs_8_14,15,2026105832,pmfs_8_14/rep_16_seed_2026105832,6099fab99834984f2054db89d8506a95f1b60c9ae059907f5078ada0554027c3,/home/zyc/cess_d1r_168x16_reference_20260925/pmfs_8_14/rep_16_seed_2026105832/spatial/concentration.npy,/home/zyc/cess_d1r_168x16_reference_20260925/pmfs_8_14/rep_16_seed_2026105832/spatial/concentration.npy
52,pmfs_8_15,0,2026105833,pmfs_8_15/rep_01_seed_2026105833,c4f844808e2f43ee1d6992e3f779efa072986f8b0ad5d90362ceafdacff30cae,/home/zyc/cess_d1r_168x16_reference_20260925/pmfs_8_15/rep_01_seed_2026105833/spatial/concentration.npy,/home/zyc/cess_d1r_168x16_reference_20260925/pmfs_8_15/rep_01_seed_2026105833/spatial/concentration.npy
52,pmfs_8_15,1,2026105834,pmfs_8_15/rep_02_seed_2026105834,4545c08e8b0efb0ead1486c02a2b7fe307775670e7290510e3ae2e5dba1e2c1d,/home/zyc/cess_d1r_168x16_reference_20260925/pmfs_8_15/rep_02_seed_2026105834/spatial/concentration.npy,/home/zyc/cess_d1r_168x16_reference_20260925/pmfs_8_15/rep_02_seed_2026105834/spatial/concentration.npy
52,pmfs_8_15,2,2026105835,pmfs_8_15/rep_03_seed_2026105835,6ba88b2668d3bd14e0cb6ddf9a28748263716aba240f3a402a9940a7cfeda157,/home/zyc/cess_d1r_168x16_reference_20260925/pmfs_8_15/rep_03_seed_2026105835/spatial/concentration.npy,/home/zyc/cess_d1r_168x16_reference_20260925/pmfs_8_15/rep_03_seed_2026105835/spatial/concentration.npy
52,pmfs_8_15,3,2026105836,pmfs_8_15/rep_04_seed_2026105836,1ecee8ccb47a17b8fe9cf40d8b41d02b9dbc69efe88ffb432e123573da231942,/home/zyc/cess_d1r_168x16_reference_20260925/pmfs_8_15/rep_04_seed_2026105836/spatial/concentration.npy,/home/zyc/cess_d1r_168x16_reference_20260925/pmfs_8_15/rep_04_seed_2026105836/spatial/concentration.npy
52,pmfs_8_15,4,2026105837,pmfs_8_15/rep_05_seed_2026105837,b8e28d1cbb0b99e825ef33f9dd416715ffb1de44593eaa33a77e59c958385171,/home/zyc/cess_d1r_168x16_reference_20260925/pmfs_8_15/rep_05_seed_2026105837/spatial/concentration.npy,/home/zyc/cess_d1r_168x16_reference_20260925/pmfs_8_15/rep_05_seed_2026105837/spatial/concentration.npy
52,pmfs_8_15,5,2026105838,pmfs_8_15/rep_06_seed_2026105838,aaabdd52075586e66ce6519d7f9fdcafe98fe8f216f949eb27fa1b40bcb6d1ce,/home/zyc/cess_d1r_168x16_reference_20260925/pmfs_8_15/rep_06_seed_2026105838/spatial/concentration.npy,/home/zyc/cess_d1r_168x16_reference_20260925/pmfs_8_15/rep_06_seed_2026105838/spatial/concentration.npy
52,pmfs_8_15,6,2026105839,pmfs_8_15/rep_07_seed_2026105839,4c47f00e094452233508b78fb73c943d6804b6f9dfa8445dd25de93f60744aaa,/home/zyc/cess_d1r_168x16_reference_20260925/pmfs_8_15/rep_07_seed_2026105839/spatial/concentration.npy,/home/zyc/cess_d1r_168x16_reference_20260925/pmfs_8_15/rep_07_seed_2026105839/spatial/concentration.npy
52,pmfs_8_15,7,2026105840,pmfs_8_15/rep_08_seed_2026105840,1bb016df524e3b3a1b01e25e785f5821ef8dc51f52e859cc3fea8561562b02de,/home/zyc/cess_d1r_168x16_reference_20260925/pmfs_8_15/rep_08_seed_2026105840/spatial/concentration.npy,/home/zyc/cess_d1r_168x16_reference_20260925/pmfs_8_15/rep_08_seed_2026105840/spatial/concentration.npy
52,pmfs_8_15,8,2026105841,pmfs_8_15/rep_09_seed_2026105841,96aa62f709f4c02b80ff25016feaee4403940f25b87c35e8f3dbbedb12d01428,/home/zyc/cess_d1r_168x16_reference_20260925/pmfs_8_15/rep_09_seed_2026105841/spatial/concentration.npy,/home/zyc/cess_d1r_168x16_reference_20260925/pmfs_8_15/rep_09_seed_2026105841/spatial/concentration.npy
52,pmfs_8_15,9,2026105842,pmfs_8_15/rep_10_seed_2026105842,3f3a75ffbcc6b59c2af4f594a98162d435ff17fe3ca54e30f13fbbd158d609e1,/home/zyc/cess_d1r_168x16_reference_20260925/pmfs_8_15/rep_10_seed_2026105842/spatial/concentration.npy,/home/zyc/cess_d1r_168x16_reference_20260925/pmfs_8_15/rep_10_seed_2026105842/spatial/concentration.npy
52,pmfs_8_15,10,2026105843,pmfs_8_15/rep_11_seed_2026105843,be7ec67abc81e0b2ebfefa36c95b107073e3a9bcdf050ac4e381a3ad9f3ec2e0,/home/zyc/cess_d1r_168x16_reference_20260925/pmfs_8_15/rep_11_seed_2026105843/spatial/concentration.npy,/home/zyc/cess_d1r_168x16_reference_20260925/pmfs_8_15/rep_11_seed_2026105843/spatial/concentration.npy
52,pmfs_8_15,11,2026105844,pmfs_8_15/rep_12_seed_2026105844,7ba5eae65d8bdd4d6a0765dfa750783f3af6f7a2b71100edb1c97e5e0f3d1a51,/home/zyc/cess_d1r_168x16_reference_20260925/pmfs_8_15/rep_12_seed_2026105844/spatial/concentration.npy,/home/zyc/cess_d1r_168x16_reference_20260925/pmfs_8_15/rep_12_seed_2026105844/spatial/concentration.npy
52,pmfs_8_15,12,2026105845,pmfs_8_15/rep_13_seed_2026105845,52740c26eace8f58e9d3cc06a8b0e3faff3787be9b8206a09cdeebbc21beb84a,/home/zyc/cess_d1r_168x16_reference_20260925/pmfs_8_15/rep_13_seed_2026105845/spatial/concentration.npy,/home/zyc/cess_d1r_168x16_reference_20260925/pmfs_8_15/rep_13_seed_2026105845/spatial/concentration.npy
52,pmfs_8_15,13,2026105846,pmfs_8_15/rep_14_seed_2026105846,3fcb099d45f8a5b58d682d116ebc9b8d785b197a81efc4a7674ff834adebed2f,/home/zyc/cess_d1r_168x16_reference_20260925/pmfs_8_15/rep_14_seed_2026105846/spatial/concentration.npy,/home/zyc/cess_d1r_168x16_reference_20260925/pmfs_8_15/rep_14_seed_2026105846/spatial/concentration.npy
52,pmfs_8_15,14,2026105847,pmfs_8_15/rep_15_seed_2026105847,c6184ea4d233dd9d72b456de1afd815babac9a90f74a895d758fdb9e60e0af02,/home/zyc/cess_d1r_168x16_reference_20260925/pmfs_8_15/rep_15_seed_2026105847/spatial/concentration.npy,/home/zyc/cess_d1r_168x16_reference_20260925/pmfs_8_15/rep_15_seed_2026105847/spatial/concentration.npy
52,pmfs_8_15,15,2026105848,pmfs_8_15/rep_16_seed_2026105848,b86380674943e9492223c7f672502fdb7f4b98b4b78ceb605aced258e1f4b482,/home/zyc/cess_d1r_168x16_reference_20260925/pmfs_8_15/rep_16_seed_2026105848/spatial/concentration.npy,/home/zyc/cess_d1r_168x16_reference_20260925/pmfs_8_15/rep_16_seed_2026105848/spatial/concentration.npy
53,pmfs_8_16,0,2026105849,pmfs_8_16/rep_01_seed_2026105849,04796b1bc2787a308bc7f8df961f947e865142e4a7806916aac02ae26070168b,/home/zyc/cess_d1r_168x16_reference_20260925/pmfs_8_16/rep_01_seed_2026105849/spatial/concentration.npy,/home/zyc/cess_d1r_168x16_reference_20260925/pmfs_8_16/rep_01_seed_2026105849/spatial/concentration.npy
53,pmfs_8_16,1,2026105850,pmfs_8_16/rep_02_seed_2026105850,1e3dc8dcb51a5d1d4db9534e34263449b88dc6794b9ab94b8d56049cafde8fee,/home/zyc/cess_d1r_168x16_reference_20260925/pmfs_8_16/rep_02_seed_2026105850/spatial/concentration.npy,/home/zyc/cess_d1r_168x16_reference_20260925/pmfs_8_16/rep_02_seed_2026105850/spatial/concentration.npy
53,pmfs_8_16,2,2026105851,pmfs_8_16/rep_03_seed_2026105851,1e507ca8daf5b7ce1e33443d61ddf2b20b01343cc995b30087976aa03c0bff73,/home/zyc/cess_d1r_168x16_reference_20260925/pmfs_8_16/rep_03_seed_2026105851/spatial/concentration.npy,/home/zyc/cess_d1r_168x16_reference_20260925/pmfs_8_16/rep_03_seed_2026105851/spatial/concentration.npy
53,pmfs_8_16,3,2026105852,pmfs_8_16/rep_04_seed_2026105852,6095353bb4b66bc09be2372753f73fdbf398d636f4d3235e505470c053e9b46e,/home/zyc/cess_d1r_168x16_reference_20260925/pmfs_8_16/rep_04_seed_2026105852/spatial/concentration.npy,/home/zyc/cess_d1r_168x16_reference_20260925/pmfs_8_16/rep_04_seed_2026105852/spatial/concentration.npy
53,pmfs_8_16,4,2026105853,pmfs_8_16/rep_05_seed_2026105853,6ddc5edaba7b22efc5dde7760865ce707108b891901717dbb48852263e149797,/home/zyc/cess_d1r_168x16_reference_20260925/pmfs_8_16/rep_05_seed_2026105853/spatial/concentration.npy,/home/zyc/cess_d1r_168x16_reference_20260925/pmfs_8_16/rep_05_seed_2026105853/spatial/concentration.npy
53,pmfs_8_16,5,2026105854,pmfs_8_16/rep_06_seed_2026105854,6a97a32d5eb67d6296201803e0ad5ec54f7e095e1cfb456a570c973ff7986276,/home/zyc/cess_d1r_168x16_reference_20260925/pmfs_8_16/rep_06_seed_2026105854/spatial/concentration.npy,/home/zyc/cess_d1r_168x16_reference_20260925/pmfs_8_16/rep_06_seed_2026105854/spatial/concentration.npy
53,pmfs_8_16,6,2026105855,pmfs_8_16/rep_07_seed_2026105855,8be8fa4952f7512a501b44a49ae18c468a334a956af51a3e71e24159bf5fcfcc,/home/zyc/cess_d1r_168x16_reference_20260925/pmfs_8_16/rep_07_seed_2026105855/spatial/concentration.npy,/home/zyc/cess_d1r_168x16_reference_20260925/pmfs_8_16/rep_07_seed_2026105855/spatial/concentration.npy
53,pmfs_8_16,7,2026105856,pmfs_8_16/rep_08_seed_2026105856,523a613a27d82fb5a1922811d6d19ad51a112ab14bc22f65be613dc905ec351b,/home/zyc/cess_d1r_168x16_reference_20260925/pmfs_8_16/rep_08_seed_2026105856/spatial/concentration.npy,/home/zyc/cess_d1r_168x16_reference_20260925/pmfs_8_16/rep_08_seed_2026105856/spatial/concentration.npy
53,pmfs_8_16,8,2026105857,pmfs_8_16/rep_09_seed_2026105857,bb1dd5f8e1f2dcc6ac5b9a62b809aea82f2d56e42498540b04fb9ad4045c16ce,/home/zyc/cess_d1r_168x16_reference_20260925/pmfs_8_16/rep_09_seed_2026105857/spatial/concentration.npy,/home/zyc/cess_d1r_168x16_reference_20260925/pmfs_8_16/rep_09_seed_2026105857/spatial/concentration.npy
53,pmfs_8_16,9,2026105858,pmfs_8_16/rep_10_seed_2026105858,089db585f9beda514e27bcdc624e438e5201943e2bc1629015a1e9fedc6fe551,/home/zyc/cess_d1r_168x16_reference_20260925/pmfs_8_16/rep_10_seed_2026105858/spatial/concentration.npy,/home/zyc/cess_d1r_168x16_reference_20260925/pmfs_8_16/rep_10_seed_2026105858/spatial/concentration.npy
53,pmfs_8_16,10,2026105859,pmfs_8_16/rep_11_seed_2026105859,baf3ecfe18fd484cf16a83aeb064f34d9e06112d97bbceca03b40352500529be,/home/zyc/cess_d1r_168x16_reference_20260925/pmfs_8_16/rep_11_seed_2026105859/spatial/concentration.npy,/home/zyc/cess_d1r_168x16_reference_20260925/pmfs_8_16/rep_11_seed_2026105859/spatial/concentration.npy
53,pmfs_8_16,11,2026105860,pmfs_8_16/rep_12_seed_2026105860,db2f7063cbf0ac298470f6a2a906ba74075faae6c8aee185dd1edf8b7e81abaa,/home/zyc/cess_d1r_168x16_reference_20260925/pmfs_8_16/rep_12_seed_2026105860/spatial/concentration.npy,/home/zyc/cess_d1r_168x16_reference_20260925/pmfs_8_16/rep_12_seed_2026105860/spatial/concentration.npy
53,pmfs_8_16,12,2026105861,pmfs_8_16/rep_13_seed_2026105861,73581a57bc517f8e67b001286da8bfb64a8499da8c0f1f29dbb5857fc8f7af6e,/home/zyc/cess_d1r_168x16_reference_20260925/pmfs_8_16/rep_13_seed_2026105861/spatial/concentration.npy,/home/zyc/cess_d1r_168x16_reference_20260925/pmfs_8_16/rep_13_seed_2026105861/spatial/concentration.npy
53,pmfs_8_16,13,2026105862,pmfs_8_16/rep_14_seed_2026105862,c6387d239b2240ccafe492868cdb5b6533a88ee9d2aadfa1bd64c148abc0d860,/home/zyc/cess_d1r_168x16_reference_20260925/pmfs_8_16/rep_14_seed_2026105862/spatial/concentration.npy,/home/zyc/cess_d1r_168x16_reference_20260925/pmfs_8_16/rep_14_seed_2026105862/spatial/concentration.npy
53,pmfs_8_16,14,2026105863,pmfs_8_16/rep_15_seed_2026105863,60db440a0f08414915cfdc71625f03098491e983102a351b01b264f5dae86330,/home/zyc/cess_d1r_168x16_reference_20260925/pmfs_8_16/rep_15_seed_2026105863/spatial/concentration.npy,/home/zyc/cess_d1r_168x16_reference_20260925/pmfs_8_16/rep_15_seed_2026105863/spatial/concentration.npy
53,pmfs_8_16,15,2026105864,pmfs_8_16/rep_16_seed_2026105864,8c4fc0df652aff58c90c18f0a6298745616e5b0e03aa3a5bc4ddcd33bebadce5,/home/zyc/cess_d1r_168x16_reference_20260925/pmfs_8_16/rep_16_seed_2026105864/spatial/concentration.npy,/home/zyc/cess_d1r_168x16_reference_20260925/pmfs_8_16/rep_16_seed_2026105864/spatial/concentration.npy
54,pmfs_8_17,0,2026105865,pmfs_8_17/rep_01_seed_2026105865,934d45b427431b876f5b7fb6ccfa4cec164bdb383a6f9ad55d195e8aee2fdcf9,/home/zyc/cess_d1r_168x16_reference_20260925/pmfs_8_17/rep_01_seed_2026105865/spatial/concentration.npy,/home/zyc/cess_d1r_168x16_reference_20260925/pmfs_8_17/rep_01_seed_2026105865/spatial/concentration.npy
54,pmfs_8_17,1,2026105866,pmfs_8_17/rep_02_seed_2026105866,19b01b0367d24b39dfbda740b78e8979398a65f07a2b59d8c3bc894a44171354,/home/zyc/cess_d1r_168x16_reference_20260925/pmfs_8_17/rep_02_seed_2026105866/spatial/concentration.npy,/home/zyc/cess_d1r_168x16_reference_20260925/pmfs_8_17/rep_02_seed_2026105866/spatial/concentration.npy
54,pmfs_8_17,2,2026105867,pmfs_8_17/rep_03_seed_2026105867,f78b2a2cb800ff14ad79d797e4dd2f6e81ddb5442a03f8b681a4b8e4c075fa12,/home/zyc/cess_d1r_168x16_reference_20260925/pmfs_8_17/rep_03_seed_2026105867/spatial/concentration.npy,/home/zyc/cess_d1r_168x16_reference_20260925/pmfs_8_17/rep_03_seed_2026105867/spatial/concentration.npy
54,pmfs_8_17,3,2026105868,pmfs_8_17/rep_04_seed_2026105868,130ce523d9efca064528c16afdd6d029289b544f797ffacfaaa79ae87a9d2c73,/home/zyc/cess_d1r_168x16_reference_20260925/pmfs_8_17/rep_04_seed_2026105868/spatial/concentration.npy,/home/zyc/cess_d1r_168x16_reference_20260925/pmfs_8_17/rep_04_seed_2026105868/spatial/concentration.npy
54,pmfs_8_17,4,2026105869,pmfs_8_17/rep_05_seed_2026105869,5163550a47a04453213277638cb58fe5a12a63c935852f849f8604db1814bcce,/home/zyc/cess_d1r_168x16_reference_20260925/pmfs_8_17/rep_05_seed_2026105869/spatial/concentration.npy,/home/zyc/cess_d1r_168x16_reference_20260925/pmfs_8_17/rep_05_seed_2026105869/spatial/concentration.npy
54,pmfs_8_17,5,2026105870,pmfs_8_17/rep_06_seed_2026105870,2603127c1e70fa91975fb3ac96ce8043db1fcaf2791aa3a3ea6368fbb5877aa9,/home/zyc/cess_d1r_168x16_reference_20260925/pmfs_8_17/rep_06_seed_2026105870/spatial/concentration.npy,/home/zyc/cess_d1r_168x16_reference_20260925/pmfs_8_17/rep_06_seed_2026105870/spatial/concentration.npy
54,pmfs_8_17,6,2026105871,pmfs_8_17/rep_07_seed_2026105871,2733899a98b75d5fb8444116941ac4dc8149e4e884c5f8fd751d4cb791b924d0,/home/zyc/cess_d1r_168x16_reference_20260925/pmfs_8_17/rep_07_seed_2026105871/spatial/concentration.npy,/home/zyc/cess_d1r_168x16_reference_20260925/pmfs_8_17/rep_07_seed_2026105871/spatial/concentration.npy
54,pmfs_8_17,7,2026105872,pmfs_8_17/rep_08_seed_2026105872,834945bf106e2a7f7e3c2e9d3e23c5cf02adc5bd4842ab279abe74c631d3651e,/home/zyc/cess_d1r_168x16_reference_20260925/pmfs_8_17/rep_08_seed_2026105872/spatial/concentration.npy,/home/zyc/cess_d1r_168x16_reference_20260925/pmfs_8_17/rep_08_seed_2026105872/spatial/concentration.npy
54,pmfs_8_17,8,2026105873,pmfs_8_17/rep_09_seed_2026105873,bf7ee383f737217c58ac9c6e225b8988c299e7c2d744436a6fb7af3e77c153a7,/home/zyc/cess_d1r_168x16_reference_20260925/pmfs_8_17/rep_09_seed_2026105873/spatial/concentration.npy,/home/zyc/cess_d1r_168x16_reference_20260925/pmfs_8_17/rep_09_seed_2026105873/spatial/concentration.npy
54,pmfs_8_17,9,2026105874,pmfs_8_17/rep_10_seed_2026105874,777bae46720f1b4ae21f54c9bf5081c81156112ee27dc9d8bb253a52932fbb98,/home/zyc/cess_d1r_168x16_reference_20260925/pmfs_8_17/rep_10_seed_2026105874/spatial/concentration.npy,/home/zyc/cess_d1r_168x16_reference_20260925/pmfs_8_17/rep_10_seed_2026105874/spatial/concentration.npy
54,pmfs_8_17,10,2026105875,pmfs_8_17/rep_11_seed_2026105875,93b6dd6b70daed5609356f91f7dbd693424496b12e1cba386da5a01aa8f6ec03,/home/zyc/cess_d1r_168x16_reference_20260925/pmfs_8_17/rep_11_seed_2026105875/spatial/concentration.npy,/home/zyc/cess_d1r_168x16_reference_20260925/pmfs_8_17/rep_11_seed_2026105875/spatial/concentration.npy
54,pmfs_8_17,11,2026105876,pmfs_8_17/rep_12_seed_2026105876,a4095307ff8dd7ffedf2c7a20bcf950ea984253a411f8b5e3e06eb526204e5e2,/home/zyc/cess_d1r_168x16_reference_20260925/pmfs_8_17/rep_12_seed_2026105876/spatial/concentration.npy,/home/zyc/cess_d1r_168x16_reference_20260925/pmfs_8_17/rep_12_seed_2026105876/spatial/concentration.npy
54,pmfs_8_17,12,2026105877,pmfs_8_17/rep_13_seed_2026105877,efad4b935c1fdde09a8fc0cf8e9f5d095d6900d994ef6016131191bd4f827277,/home/zyc/cess_d1r_168x16_reference_20260925/pmfs_8_17/rep_13_seed_2026105877/spatial/concentration.npy,/home/zyc/cess_d1r_168x16_reference_20260925/pmfs_8_17/rep_13_seed_2026105877/spatial/concentration.npy
54,pmfs_8_17,13,2026105878,pmfs_8_17/rep_14_seed_2026105878,0f4d2a92d63b25e4d9442814e27385474b765d925ce126f81fdd11477ce9e68b,/home/zyc/cess_d1r_168x16_reference_20260925/pmfs_8_17/rep_14_seed_2026105878/spatial/concentration.npy,/home/zyc/cess_d1r_168x16_reference_20260925/pmfs_8_17/rep_14_seed_2026105878/spatial/concentration.npy
54,pmfs_8_17,14,2026105879,pmfs_8_17/rep_15_seed_2026105879,0acbb1da3029ba3cf5cdeedf034e0e6059b1bb16cce28b5e69050699b4646101,/home/zyc/cess_d1r_168x16_reference_20260925/pmfs_8_17/rep_15_seed_2026105879/spatial/concentration.npy,/home/zyc/cess_d1r_168x16_reference_20260925/pmfs_8_17/rep_15_seed_2026105879/spatial/concentration.npy
54,pmfs_8_17,15,2026105880,pmfs_8_17/rep_16_seed_2026105880,471730cbe8df13a91f0e8eefef40e1dd0225bf5c0e40f0a6cc3909eacb0ca5d9,/home/zyc/cess_d1r_168x16_reference_20260925/pmfs_8_17/rep_16_seed_2026105880/spatial/concentration.npy,/home/zyc/cess_d1r_168x16_reference_20260925/pmfs_8_17/rep_16_seed_2026105880/spatial/concentration.npy
55,pmfs_8_18,0,2026105881,pmfs_8_18/rep_01_seed_2026105881,bd84742c3921bc2fb75e233c336728ea19769bb309057e0ad3d70a01793a905e,/home/zyc/cess_d1r_168x16_reference_20260925/pmfs_8_18/rep_01_seed_2026105881/spatial/concentration.npy,/home/zyc/cess_d1r_168x16_reference_20260925/pmfs_8_18/rep_01_seed_2026105881/spatial/concentration.npy
55,pmfs_8_18,1,2026105882,pmfs_8_18/rep_02_seed_2026105882,691e362db6527d0b8a9dc6d16fda015f463ae23154048bef86239edcb68b8523,/home/zyc/cess_d1r_168x16_reference_20260925/pmfs_8_18/rep_02_seed_2026105882/spatial/concentration.npy,/home/zyc/cess_d1r_168x16_reference_20260925/pmfs_8_18/rep_02_seed_2026105882/spatial/concentration.npy
55,pmfs_8_18,2,2026105883,pmfs_8_18/rep_03_seed_2026105883,928355a7c97863a11142249792ffc0521a498ef07081ddf93036fb889589bf01,/home/zyc/cess_d1r_168x16_reference_20260925/pmfs_8_18/rep_03_seed_2026105883/spatial/concentration.npy,/home/zyc/cess_d1r_168x16_reference_20260925/pmfs_8_18/rep_03_seed_2026105883/spatial/concentration.npy
55,pmfs_8_18,3,2026105884,pmfs_8_18/rep_04_seed_2026105884,1fe830082d4343e96966efef1b2f0f93e6d4bff840719e3f005ebfafb88610e5,/home/zyc/cess_d1r_168x16_reference_20260925/pmfs_8_18/rep_04_seed_2026105884/spatial/concentration.npy,/home/zyc/cess_d1r_168x16_reference_20260925/pmfs_8_18/rep_04_seed_2026105884/spatial/concentration.npy
55,pmfs_8_18,4,2026105885,pmfs_8_18/rep_05_seed_2026105885,2df1508126b12894aca42a677716d69f97e73103e1440035afbf1e81dbdb0777,/home/zyc/cess_d1r_168x16_reference_20260925/pmfs_8_18/rep_05_seed_2026105885/spatial/concentration.npy,/home/zyc/cess_d1r_168x16_reference_20260925/pmfs_8_18/rep_05_seed_2026105885/spatial/concentration.npy
55,pmfs_8_18,5,2026105886,pmfs_8_18/rep_06_seed_2026105886,d1d01af85bd541b2c0c025cfc6436958ac9b0fdc30d1c2b655d52ceb35aee9f3,/home/zyc/cess_d1r_168x16_reference_20260925/pmfs_8_18/rep_06_seed_2026105886/spatial/concentration.npy,/home/zyc/cess_d1r_168x16_reference_20260925/pmfs_8_18/rep_06_seed_2026105886/spatial/concentration.npy
55,pmfs_8_18,6,2026105887,pmfs_8_18/rep_07_seed_2026105887,231560caa4c3983168f91d1535e326c7f41a2ca5c67e3f87a881e1b9b2db608a,/home/zyc/cess_d1r_168x16_reference_20260925/pmfs_8_18/rep_07_seed_2026105887/spatial/concentration.npy,/home/zyc/cess_d1r_168x16_reference_20260925/pmfs_8_18/rep_07_seed_2026105887/spatial/concentration.npy
55,pmfs_8_18,7,2026105888,pmfs_8_18/rep_08_seed_2026105888,d4ec10acdd44f9b035c3bec21dec6521e0120e88662e425161870c8640b7efac,/home/zyc/cess_d1r_168x16_reference_20260925/pmfs_8_18/rep_08_seed_2026105888/spatial/concentration.npy,/home/zyc/cess_d1r_168x16_reference_20260925/pmfs_8_18/rep_08_seed_2026105888/spatial/concentration.npy
55,pmfs_8_18,8,2026105889,pmfs_8_18/rep_09_seed_2026105889,40055a913a3ddc6139ff30f6c43f6e78fdf5d98a11907a393952ce22ab8a8e40,/home/zyc/cess_d1r_168x16_reference_20260925/pmfs_8_18/rep_09_seed_2026105889/spatial/concentration.npy,/home/zyc/cess_d1r_168x16_reference_20260925/pmfs_8_18/rep_09_seed_2026105889/spatial/concentration.npy
55,pmfs_8_18,9,2026105890,pmfs_8_18/rep_10_seed_2026105890,0e1ae8e92ec66dc1d3947f1ff1eff0e030a667a5d6d343f07365e3c668d50089,/home/zyc/cess_d1r_168x16_reference_20260925/pmfs_8_18/rep_10_seed_2026105890/spatial/concentration.npy,/home/zyc/cess_d1r_168x16_reference_20260925/pmfs_8_18/rep_10_seed_2026105890/spatial/concentration.npy
55,pmfs_8_18,10,2026105891,pmfs_8_18/rep_11_seed_2026105891,44b83ecdcb53fb0c4a435ecfc2ec76c0f8f8064457c8b35debc817e85481d6ef,/home/zyc/cess_d1r_168x16_reference_20260925/pmfs_8_18/rep_11_seed_2026105891/spatial/concentration.npy,/home/zyc/cess_d1r_168x16_reference_20260925/pmfs_8_18/rep_11_seed_2026105891/spatial/concentration.npy
55,pmfs_8_18,11,2026105892,pmfs_8_18/rep_12_seed_2026105892,9d0db1b886fa583b6eb6dc8f804c40c57e99da21bdb9e844e28cf3b6d91d8956,/home/zyc/cess_d1r_168x16_reference_20260925/pmfs_8_18/rep_12_seed_2026105892/spatial/concentration.npy,/home/zyc/cess_d1r_168x16_reference_20260925/pmfs_8_18/rep_12_seed_2026105892/spatial/concentration.npy
55,pmfs_8_18,12,2026105893,pmfs_8_18/rep_13_seed_2026105893,1c0a4539923705ca62b79cdf581d24e7c1f1ed6d7cc158196c607542b40b91c3,/home/zyc/cess_d1r_168x16_reference_20260925/pmfs_8_18/rep_13_seed_2026105893/spatial/concentration.npy,/home/zyc/cess_d1r_168x16_reference_20260925/pmfs_8_18/rep_13_seed_2026105893/spatial/concentration.npy
55,pmfs_8_18,13,2026105894,pmfs_8_18/rep_14_seed_2026105894,d46fab196ca7fa801b388a5709365f6dee2b9dd1be2e1a24ce1809a5a868c6d0,/home/zyc/cess_d1r_168x16_reference_20260925/pmfs_8_18/rep_14_seed_2026105894/spatial/concentration.npy,/home/zyc/cess_d1r_168x16_reference_20260925/pmfs_8_18/rep_14_seed_2026105894/spatial/concentration.npy
55,pmfs_8_18,14,2026105895,pmfs_8_18/rep_15_seed_2026105895,f1e69ed7363663087aa3e60828599d7d5b44b2083838be0cb270c65e8f8f117f,/home/zyc/cess_d1r_168x16_reference_20260925/pmfs_8_18/rep_15_seed_2026105895/spatial/concentration.npy,/home/zyc/cess_d1r_168x16_reference_20260925/pmfs_8_18/rep_15_seed_2026105895/spatial/concentration.npy
55,pmfs_8_18,15,2026105896,pmfs_8_18/rep_16_seed_2026105896,6adf121cfa84f6db27b5d8e7cf69974cd5f8886f2168764181c26a769f3b6b85,/home/zyc/cess_d1r_168x16_reference_20260925/pmfs_8_18/rep_16_seed_2026105896/spatial/concentration.npy,/home/zyc/cess_d1r_168x16_reference_20260925/pmfs_8_18/rep_16_seed_2026105896/spatial/concentration.npy
56,pmfs_9_12,0,2026105897,pmfs_9_12/rep_01_seed_2026105897,9a5273403e8824b37f3fa4bbbfc3171c2988737a4ccf11137fa5c821fa3bc7d5,/home/zyc/cess_d1r_168x16_reference_20260925/pmfs_9_12/rep_01_seed_2026105897/spatial/concentration.npy,/home/zyc/cess_d1r_168x16_reference_20260925/pmfs_9_12/rep_01_seed_2026105897/spatial/concentration.npy
56,pmfs_9_12,1,2026105898,pmfs_9_12/rep_02_seed_2026105898,067e551a9ba75095600d7181861b42c9cd9bf46c7954262882be1540dc9c54b0,/home/zyc/cess_d1r_168x16_reference_20260925/pmfs_9_12/rep_02_seed_2026105898/spatial/concentration.npy,/home/zyc/cess_d1r_168x16_reference_20260925/pmfs_9_12/rep_02_seed_2026105898/spatial/concentration.npy
56,pmfs_9_12,2,2026105899,pmfs_9_12/rep_03_seed_2026105899,da08fac58cae1e5379500e4ea9dc1291921b8bcf8801d5741a0c5649a83043d5,/home/zyc/cess_d1r_168x16_reference_20260925/pmfs_9_12/rep_03_seed_2026105899/spatial/concentration.npy,/home/zyc/cess_d1r_168x16_reference_20260925/pmfs_9_12/rep_03_seed_2026105899/spatial/concentration.npy
56,pmfs_9_12,3,2026105900,pmfs_9_12/rep_04_seed_2026105900,56aded08aef7fbb1addde51b2dd04727d91638886b54583150eeb150ba9353f0,/home/zyc/cess_d1r_168x16_reference_20260925/pmfs_9_12/rep_04_seed_2026105900/spatial/concentration.npy,/home/zyc/cess_d1r_168x16_reference_20260925/pmfs_9_12/rep_04_seed_2026105900/spatial/concentration.npy
56,pmfs_9_12,4,2026105901,pmfs_9_12/rep_05_seed_2026105901,b8efc84bfc1775d05d1d3448ea08d449d255467e5957bfb3d7c8107a2b19130d,/home/zyc/cess_d1r_168x16_reference_20260925/pmfs_9_12/rep_05_seed_2026105901/spatial/concentration.npy,/home/zyc/cess_d1r_168x16_reference_20260925/pmfs_9_12/rep_05_seed_2026105901/spatial/concentration.npy
56,pmfs_9_12,5,2026105902,pmfs_9_12/rep_06_seed_2026105902,03e9e659b7b25f123191597626c277bf7753009e88e1e6edeb6be3a131bd8209,/home/zyc/cess_d1r_168x16_reference_20260925/pmfs_9_12/rep_06_seed_2026105902/spatial/concentration.npy,/home/zyc/cess_d1r_168x16_reference_20260925/pmfs_9_12/rep_06_seed_2026105902/spatial/concentration.npy
56,pmfs_9_12,6,2026105903,pmfs_9_12/rep_07_seed_2026105903,96c4225d30e22f3f974137f74f8d2263841ce6cfe21e2c9bed980da9c6b4eb61,/home/zyc/cess_d1r_168x16_reference_20260925/pmfs_9_12/rep_07_seed_2026105903/spatial/concentration.npy,/home/zyc/cess_d1r_168x16_reference_20260925/pmfs_9_12/rep_07_seed_2026105903/spatial/concentration.npy
56,pmfs_9_12,7,2026105904,pmfs_9_12/rep_08_seed_2026105904,2697efb7496614f01dca8cbc57d62e2924e55f73d3183d0d27ac3f91905e748b,/home/zyc/cess_d1r_168x16_reference_20260925/pmfs_9_12/rep_08_seed_2026105904/spatial/concentration.npy,/home/zyc/cess_d1r_168x16_reference_20260925/pmfs_9_12/rep_08_seed_2026105904/spatial/concentration.npy
56,pmfs_9_12,8,2026105905,pmfs_9_12/rep_09_seed_2026105905,5f9fde73cfb6ef3f58ea8847873af103bc9c77848a0136262de34e79c831fcc2,/home/zyc/cess_d1r_168x16_reference_20260925/pmfs_9_12/rep_09_seed_2026105905/spatial/concentration.npy,/home/zyc/cess_d1r_168x16_reference_20260925/pmfs_9_12/rep_09_seed_2026105905/spatial/concentration.npy
56,pmfs_9_12,9,2026105906,pmfs_9_12/rep_10_seed_2026105906,80b5463004dd697cb5a06e4839f27f507dc3baa05aa74fbb6547e722ead50656,/home/zyc/cess_d1r_168x16_reference_20260925/pmfs_9_12/rep_10_seed_2026105906/spatial/concentration.npy,/home/zyc/cess_d1r_168x16_reference_20260925/pmfs_9_12/rep_10_seed_2026105906/spatial/concentration.npy
56,pmfs_9_12,10,2026105907,pmfs_9_12/rep_11_seed_2026105907,ce26076132f2b746a5f50787b3f9103d481746ec9fdd553692dac7fde3b9a09b,/home/zyc/cess_d1r_168x16_reference_20260925/pmfs_9_12/rep_11_seed_2026105907/spatial/concentration.npy,/home/zyc/cess_d1r_168x16_reference_20260925/pmfs_9_12/rep_11_seed_2026105907/spatial/concentration.npy
56,pmfs_9_12,11,2026105908,pmfs_9_12/rep_12_seed_2026105908,8c7546b329c5154f8826b240a8d02c3ee5f195e2434ce18b6a492cd7619ee4c8,/home/zyc/cess_d1r_168x16_reference_20260925/pmfs_9_12/rep_12_seed_2026105908/spatial/concentration.npy,/home/zyc/cess_d1r_168x16_reference_20260925/pmfs_9_12/rep_12_seed_2026105908/spatial/concentration.npy
56,pmfs_9_12,12,2026105909,pmfs_9_12/rep_13_seed_2026105909,08f03d47ac525dd26eb2c3a0e7839e3a94cf66a91211c9992f14ebfa14617937,/home/zyc/cess_d1r_168x16_reference_20260925/pmfs_9_12/rep_13_seed_2026105909/spatial/concentration.npy,/home/zyc/cess_d1r_168x16_reference_20260925/pmfs_9_12/rep_13_seed_2026105909/spatial/concentration.npy
56,pmfs_9_12,13,2026105910,pmfs_9_12/rep_14_seed_2026105910,63aaf82601b17bf99b0a3db1da37d695f46226ac7f395d90fb3d4087ba85e14b,/home/zyc/cess_d1r_168x16_reference_20260925/pmfs_9_12/rep_14_seed_2026105910/spatial/concentration.npy,/home/zyc/cess_d1r_168x16_reference_20260925/pmfs_9_12/rep_14_seed_2026105910/spatial/concentration.npy
56,pmfs_9_12,14,2026105911,pmfs_9_12/rep_15_seed_2026105911,c0ad5d42df886082ab27038d703c4aa984207acbbed6f4db1b18c6ff5488128f,/home/zyc/cess_d1r_168x16_reference_20260925/pmfs_9_12/rep_15_seed_2026105911/spatial/concentration.npy,/home/zyc/cess_d1r_168x16_reference_20260925/pmfs_9_12/rep_15_seed_2026105911/spatial/concentration.npy
56,pmfs_9_12,15,2026105912,pmfs_9_12/rep_16_seed_2026105912,0d859ce581524b9b2b02b73c80ee59615bbe7c6e7c09d87b892de80e8ab1cfbf,/home/zyc/cess_d1r_168x16_reference_20260925/pmfs_9_12/rep_16_seed_2026105912/spatial/concentration.npy,/home/zyc/cess_d1r_168x16_reference_20260925/pmfs_9_12/rep_16_seed_2026105912/spatial/concentration.npy
57,pmfs_9_13,0,2026105913,pmfs_9_13/rep_01_seed_2026105913,7fee45125ae84ccbd20e9574f94817e3bfd972fc7513050b8f43dbc4b5776bc4,/home/zyc/cess_d1r_168x16_reference_20260925/pmfs_9_13/rep_01_seed_2026105913/spatial/concentration.npy,/home/zyc/cess_d1r_168x16_reference_20260925/pmfs_9_13/rep_01_seed_2026105913/spatial/concentration.npy
57,pmfs_9_13,1,2026105914,pmfs_9_13/rep_02_seed_2026105914,dace9b30812150eb26da0f6a3a65e545ef3998d975548b4052842239c6be25f1,/home/zyc/cess_d1r_168x16_reference_20260925/pmfs_9_13/rep_02_seed_2026105914/spatial/concentration.npy,/home/zyc/cess_d1r_168x16_reference_20260925/pmfs_9_13/rep_02_seed_2026105914/spatial/concentration.npy
57,pmfs_9_13,2,2026105915,pmfs_9_13/rep_03_seed_2026105915,f48a9766945e849bb4279fc414c5b68edb3c167e0a104f372297e3f1f1dd0f40,/home/zyc/cess_d1r_168x16_reference_20260925/pmfs_9_13/rep_03_seed_2026105915/spatial/concentration.npy,/home/zyc/cess_d1r_168x16_reference_20260925/pmfs_9_13/rep_03_seed_2026105915/spatial/concentration.npy
57,pmfs_9_13,3,2026105916,pmfs_9_13/rep_04_seed_2026105916,3d61ce89b10c7d46c675e82037ade1b941c5ef2446af91f4e2d640a93fa936c6,/home/zyc/cess_d1r_168x16_reference_20260925/pmfs_9_13/rep_04_seed_2026105916/spatial/concentration.npy,/home/zyc/cess_d1r_168x16_reference_20260925/pmfs_9_13/rep_04_seed_2026105916/spatial/concentration.npy
57,pmfs_9_13,4,2026105917,pmfs_9_13/rep_05_seed_2026105917,3a023b6630c76da0fd7b2a00b98309d0c4ba2dda7e00e0009a3c5dd79b3c22f1,/home/zyc/cess_d1r_168x16_reference_20260925/pmfs_9_13/rep_05_seed_2026105917/spatial/concentration.npy,/home/zyc/cess_d1r_168x16_reference_20260925/pmfs_9_13/rep_05_seed_2026105917/spatial/concentration.npy
57,pmfs_9_13,5,2026105918,pmfs_9_13/rep_06_seed_2026105918,1ad07b162b8323b0407c772a87da81df784cf1e9e5be1581df4bcb6269df8068,/home/zyc/cess_d1r_168x16_reference_20260925/pmfs_9_13/rep_06_seed_2026105918/spatial/concentration.npy,/home/zyc/cess_d1r_168x16_reference_20260925/pmfs_9_13/rep_06_seed_2026105918/spatial/concentration.npy
57,pmfs_9_13,6,2026105919,pmfs_9_13/rep_07_seed_2026105919,8bfee871a2878209dcde3e1df5015914ba56c748728fe2d5de2e224650ce2e21,/home/zyc/cess_d1r_168x16_reference_20260925/pmfs_9_13/rep_07_seed_2026105919/spatial/concentration.npy,/home/zyc/cess_d1r_168x16_reference_20260925/pmfs_9_13/rep_07_seed_2026105919/spatial/concentration.npy
57,pmfs_9_13,7,2026105920,pmfs_9_13/rep_08_seed_2026105920,181e712cb8d7ff7d121e52444609a395d7c14bc6decf9bcf7768bdd363217dd8,/home/zyc/cess_d1r_168x16_reference_20260925/pmfs_9_13/rep_08_seed_2026105920/spatial/concentration.npy,/home/zyc/cess_d1r_168x16_reference_20260925/pmfs_9_13/rep_08_seed_2026105920/spatial/concentration.npy
57,pmfs_9_13,8,2026105921,pmfs_9_13/rep_09_seed_2026105921,c7bde80d6288873fd008c5465544636f740d090388e49bf7d354fa2c49b3c3b4,/home/zyc/cess_d1r_168x16_reference_20260925/pmfs_9_13/rep_09_seed_2026105921/spatial/concentration.npy,/home/zyc/cess_d1r_168x16_reference_20260925/pmfs_9_13/rep_09_seed_2026105921/spatial/concentration.npy
57,pmfs_9_13,9,2026105922,pmfs_9_13/rep_10_seed_2026105922,6d27979c69efa7746de2c51f4b2112abca5f459fb2bfac57bda5f58cc1676dae,/home/zyc/cess_d1r_168x16_reference_20260925/pmfs_9_13/rep_10_seed_2026105922/spatial/concentration.npy,/home/zyc/cess_d1r_168x16_reference_20260925/pmfs_9_13/rep_10_seed_2026105922/spatial/concentration.npy
57,pmfs_9_13,10,2026105923,pmfs_9_13/rep_11_seed_2026105923,7047bc813870a876dfa2cf274633d3d5f22f876b91e62e0134e65a8c065cee75,/home/zyc/cess_d1r_168x16_reference_20260925/pmfs_9_13/rep_11_seed_2026105923/spatial/concentration.npy,/home/zyc/cess_d1r_168x16_reference_20260925/pmfs_9_13/rep_11_seed_2026105923/spatial/concentration.npy
57,pmfs_9_13,11,2026105924,pmfs_9_13/rep_12_seed_2026105924,85be975afbe6dbacf2c7618c2d2bf2e9fa17f15d829dcb0d30d292e3906a1720,/home/zyc/cess_d1r_168x16_reference_20260925/pmfs_9_13/rep_12_seed_2026105924/spatial/concentration.npy,/home/zyc/cess_d1r_168x16_reference_20260925/pmfs_9_13/rep_12_seed_2026105924/spatial/concentration.npy
57,pmfs_9_13,12,2026105925,pmfs_9_13/rep_13_seed_2026105925,178f5a3d3170c2649efab9eb006ef878618de989e12b135c19251f9eed58c30f,/home/zyc/cess_d1r_168x16_reference_20260925/pmfs_9_13/rep_13_seed_2026105925/spatial/concentration.npy,/home/zyc/cess_d1r_168x16_reference_20260925/pmfs_9_13/rep_13_seed_2026105925/spatial/concentration.npy
57,pmfs_9_13,13,2026105926,pmfs_9_13/rep_14_seed_2026105926,3cc42b190360877b8c7642e9ffa2e3d8b47639b12332058859ff4672cd8a6377,/home/zyc/cess_d1r_168x16_reference_20260925/pmfs_9_13/rep_14_seed_2026105926/spatial/concentration.npy,/home/zyc/cess_d1r_168x16_reference_20260925/pmfs_9_13/rep_14_seed_2026105926/spatial/concentration.npy
57,pmfs_9_13,14,2026105927,pmfs_9_13/rep_15_seed_2026105927,e5f1490bc01b3d122d3ce23bd70872dc3cc60e1c4365a1a6c2d1536d38a3188e,/home/zyc/cess_d1r_168x16_reference_20260925/pmfs_9_13/rep_15_seed_2026105927/spatial/concentration.npy,/home/zyc/cess_d1r_168x16_reference_20260925/pmfs_9_13/rep_15_seed_2026105927/spatial/concentration.npy
57,pmfs_9_13,15,2026105928,pmfs_9_13/rep_16_seed_2026105928,966c15c01a9df62b80b8ef74fdcd0ca856cfab66bb0b6e72371bb8a6b186fba4,/home/zyc/cess_d1r_168x16_reference_20260925/pmfs_9_13/rep_16_seed_2026105928/spatial/concentration.npy,/home/zyc/cess_d1r_168x16_reference_20260925/pmfs_9_13/rep_16_seed_2026105928/spatial/concentration.npy
58,pmfs_9_14,0,2026105929,pmfs_9_14/rep_01_seed_2026105929,4465a0b0410cd196fe19dfd27f36ee30c9af7905158d0085bcd617294330a3f4,/home/zyc/cess_d1r_168x16_reference_20260925/pmfs_9_14/rep_01_seed_2026105929/spatial/concentration.npy,/home/zyc/cess_d1r_168x16_reference_20260925/pmfs_9_14/rep_01_seed_2026105929/spatial/concentration.npy
58,pmfs_9_14,1,2026105930,pmfs_9_14/rep_02_seed_2026105930,6b9c702df3c4926e589600fa82dcf9707a439b69aa2e250e5edff82e9843b1a1,/home/zyc/cess_d1r_168x16_reference_20260925/pmfs_9_14/rep_02_seed_2026105930/spatial/concentration.npy,/home/zyc/cess_d1r_168x16_reference_20260925/pmfs_9_14/rep_02_seed_2026105930/spatial/concentration.npy
58,pmfs_9_14,2,2026105931,pmfs_9_14/rep_03_seed_2026105931,133858273a352a4db94518ab104ea3548f6b955264972ed93f56abcd42cc6cdc,/home/zyc/cess_d1r_168x16_reference_20260925/pmfs_9_14/rep_03_seed_2026105931/spatial/concentration.npy,/home/zyc/cess_d1r_168x16_reference_20260925/pmfs_9_14/rep_03_seed_2026105931/spatial/concentration.npy
58,pmfs_9_14,3,2026105932,pmfs_9_14/rep_04_seed_2026105932,8f9a8f23d45b9cdb8b2161abffa9f9b46decd7eff92e5cca0cf91009f34c4256,/home/zyc/cess_d1r_168x16_reference_20260925/pmfs_9_14/rep_04_seed_2026105932/spatial/concentration.npy,/home/zyc/cess_d1r_168x16_reference_20260925/pmfs_9_14/rep_04_seed_2026105932/spatial/concentration.npy
58,pmfs_9_14,4,2026105933,pmfs_9_14/rep_05_seed_2026105933,4ac9fd0366066f79b36fef601c685dcbc3c8fc12d8a635506afb07e44f3cfcaf,/home/zyc/cess_d1r_168x16_reference_20260925/pmfs_9_14/rep_05_seed_2026105933/spatial/concentration.npy,/home/zyc/cess_d1r_168x16_reference_20260925/pmfs_9_14/rep_05_seed_2026105933/spatial/concentration.npy
58,pmfs_9_14,5,2026105934,pmfs_9_14/rep_06_seed_2026105934,15ab240728e4b33a68fd4b004336ff50155251510e1077a18dc281c6d7074ba0,/home/zyc/cess_d1r_168x16_reference_20260925/pmfs_9_14/rep_06_seed_2026105934/spatial/concentration.npy,/home/zyc/cess_d1r_168x16_reference_20260925/pmfs_9_14/rep_06_seed_2026105934/spatial/concentration.npy
58,pmfs_9_14,6,2026105935,pmfs_9_14/rep_07_seed_2026105935,7a55441c68c6d46087fee78124243cc6a1508c6ebaafc4a3d518d8f8d38a6b69,/home/zyc/cess_d1r_168x16_reference_20260925/pmfs_9_14/rep_07_seed_2026105935/spatial/concentration.npy,/home/zyc/cess_d1r_168x16_reference_20260925/pmfs_9_14/rep_07_seed_2026105935/spatial/concentration.npy
58,pmfs_9_14,7,2026105936,pmfs_9_14/rep_08_seed_2026105936,aa60b10dd40086273c3a6fada0bbd3e5d64e79f9b1dd3da5d78b178e37679eeb,/home/zyc/cess_d1r_168x16_reference_20260925/pmfs_9_14/rep_08_seed_2026105936/spatial/concentration.npy,/home/zyc/cess_d1r_168x16_reference_20260925/pmfs_9_14/rep_08_seed_2026105936/spatial/concentration.npy
58,pmfs_9_14,8,2026105937,pmfs_9_14/rep_09_seed_2026105937,ef432547e491b1d944ab4584af717317b33f007f5555b94aa771c0f7cb219014,/home/zyc/cess_d1r_168x16_reference_20260925/pmfs_9_14/rep_09_seed_2026105937/spatial/concentration.npy,/home/zyc/cess_d1r_168x16_reference_20260925/pmfs_9_14/rep_09_seed_2026105937/spatial/concentration.npy
58,pmfs_9_14,9,2026105938,pmfs_9_14/rep_10_seed_2026105938,43fe1a7c1e59340a78ec390d5863c3462e1aa0a0de65ed8893c1235966c8afc4,/home/zyc/cess_d1r_168x16_reference_20260925/pmfs_9_14/rep_10_seed_2026105938/spatial/concentration.npy,/home/zyc/cess_d1r_168x16_reference_20260925/pmfs_9_14/rep_10_seed_2026105938/spatial/concentration.npy
58,pmfs_9_14,10,2026105939,pmfs_9_14/rep_11_seed_2026105939,4148b7e892617401b9d7f2cb2b6e51c3db31441fb919887810eb62cd8d8b5bc0,/home/zyc/cess_d1r_168x16_reference_20260925/pmfs_9_14/rep_11_seed_2026105939/spatial/concentration.npy,/home/zyc/cess_d1r_168x16_reference_20260925/pmfs_9_14/rep_11_seed_2026105939/spatial/concentration.npy
58,pmfs_9_14,11,2026105940,pmfs_9_14/rep_12_seed_2026105940,3113c7c0ddbd36d2819205ffacb275c41272ef42cd084224142d84d123fa58f2,/home/zyc/cess_d1r_168x16_reference_20260925/pmfs_9_14/rep_12_seed_2026105940/spatial/concentration.npy,/home/zyc/cess_d1r_168x16_reference_20260925/pmfs_9_14/rep_12_seed_2026105940/spatial/concentration.npy
58,pmfs_9_14,12,2026105941,pmfs_9_14/rep_13_seed_2026105941,207ccfe2a66b2e058ae7c08345d94b79a1facaddf7e403875192bfe9f201b1f1,/home/zyc/cess_d1r_168x16_reference_20260925/pmfs_9_14/rep_13_seed_2026105941/spatial/concentration.npy,/home/zyc/cess_d1r_168x16_reference_20260925/pmfs_9_14/rep_13_seed_2026105941/spatial/concentration.npy
58,pmfs_9_14,13,2026105942,pmfs_9_14/rep_14_seed_2026105942,e0c5a193b0d258b388aed827cfa842a752717670c09110074c8decd0dac373f1,/home/zyc/cess_d1r_168x16_reference_20260925/pmfs_9_14/rep_14_seed_2026105942/spatial/concentration.npy,/home/zyc/cess_d1r_168x16_reference_20260925/pmfs_9_14/rep_14_seed_2026105942/spatial/concentration.npy
58,pmfs_9_14,14,2026105943,pmfs_9_14/rep_15_seed_2026105943,cbffed07eb10bedadca05e88b882cfe3caefc37186eaa0940e9b0b49eae1844c,/home/zyc/cess_d1r_168x16_reference_20260925/pmfs_9_14/rep_15_seed_2026105943/spatial/concentration.npy,/home/zyc/cess_d1r_168x16_reference_20260925/pmfs_9_14/rep_15_seed_2026105943/spatial/concentration.npy
58,pmfs_9_14,15,2026105944,pmfs_9_14/rep_16_seed_2026105944,964dd3fcb4643c88c9d38ed9ed43bbf5f0e223db09cc39ff8187cc217110c112,/home/zyc/cess_d1r_168x16_reference_20260925/pmfs_9_14/rep_16_seed_2026105944/spatial/concentration.npy,/home/zyc/cess_d1r_168x16_reference_20260925/pmfs_9_14/rep_16_seed_2026105944/spatial/concentration.npy
59,pmfs_9_15,0,2026105945,pmfs_9_15/rep_01_seed_2026105945,ad06ddeb522aca9b893a48517864e541a05a09a6ddc24128523a56857e337d4c,/home/zyc/cess_d1r_168x16_reference_20260925/pmfs_9_15/rep_01_seed_2026105945/spatial/concentration.npy,/home/zyc/cess_d1r_168x16_reference_20260925/pmfs_9_15/rep_01_seed_2026105945/spatial/concentration.npy
59,pmfs_9_15,1,2026105946,pmfs_9_15/rep_02_seed_2026105946,f67c75b08644859d9b7e513945d6d73e7e81ceb230b2e69e459bebb8435893ff,/home/zyc/cess_d1r_168x16_reference_20260925/pmfs_9_15/rep_02_seed_2026105946/spatial/concentration.npy,/home/zyc/cess_d1r_168x16_reference_20260925/pmfs_9_15/rep_02_seed_2026105946/spatial/concentration.npy
59,pmfs_9_15,2,2026105947,pmfs_9_15/rep_03_seed_2026105947,4f3922fe49c9d896fd4dce32587f7afbbef3412cf26c72013a4fa0c3491cd8b2,/home/zyc/cess_d1r_168x16_reference_20260925/pmfs_9_15/rep_03_seed_2026105947/spatial/concentration.npy,/home/zyc/cess_d1r_168x16_reference_20260925/pmfs_9_15/rep_03_seed_2026105947/spatial/concentration.npy
59,pmfs_9_15,3,2026105948,pmfs_9_15/rep_04_seed_2026105948,dae99a5be64d9df5b720e534e1ee4b62999ca61d38bc2143563f72df3f3567dc,/home/zyc/cess_d1r_168x16_reference_20260925/pmfs_9_15/rep_04_seed_2026105948/spatial/concentration.npy,/home/zyc/cess_d1r_168x16_reference_20260925/pmfs_9_15/rep_04_seed_2026105948/spatial/concentration.npy
59,pmfs_9_15,4,2026105949,pmfs_9_15/rep_05_seed_2026105949,9dbb22b8da3f6b21386db0171677438d578dd68af8b104aa010cfe81aac44e8a,/home/zyc/cess_d1r_168x16_reference_20260925/pmfs_9_15/rep_05_seed_2026105949/spatial/concentration.npy,/home/zyc/cess_d1r_168x16_reference_20260925/pmfs_9_15/rep_05_seed_2026105949/spatial/concentration.npy
59,pmfs_9_15,5,2026105950,pmfs_9_15/rep_06_seed_2026105950,b1161b8285e8867bb32f29007d6e98739df96f5614758f5fd3da8ad16851032e,/home/zyc/cess_d1r_168x16_reference_20260925/pmfs_9_15/rep_06_seed_2026105950/spatial/concentration.npy,/home/zyc/cess_d1r_168x16_reference_20260925/pmfs_9_15/rep_06_seed_2026105950/spatial/concentration.npy
59,pmfs_9_15,6,2026105951,pmfs_9_15/rep_07_seed_2026105951,3312dc866f23f4a635af2a8183e63d91029af1e283e228a9a5f394319bcc10e9,/home/zyc/cess_d1r_168x16_reference_20260925/pmfs_9_15/rep_07_seed_2026105951/spatial/concentration.npy,/home/zyc/cess_d1r_168x16_reference_20260925/pmfs_9_15/rep_07_seed_2026105951/spatial/concentration.npy
59,pmfs_9_15,7,2026105952,pmfs_9_15/rep_08_seed_2026105952,710f7e6cfd7c3c2a87641e085238bbd0564fc32d78963894c70c49abeb8de800,/home/zyc/cess_d1r_168x16_reference_20260925/pmfs_9_15/rep_08_seed_2026105952/spatial/concentration.npy,/home/zyc/cess_d1r_168x16_reference_20260925/pmfs_9_15/rep_08_seed_2026105952/spatial/concentration.npy
59,pmfs_9_15,8,2026105953,pmfs_9_15/rep_09_seed_2026105953,bc3bf5ee3c5bbefd68413f5a39fa5742229a068dc0b815c940dec5d3403a194a,/home/zyc/cess_d1r_168x16_reference_20260925/pmfs_9_15/rep_09_seed_2026105953/spatial/concentration.npy,/home/zyc/cess_d1r_168x16_reference_20260925/pmfs_9_15/rep_09_seed_2026105953/spatial/concentration.npy
59,pmfs_9_15,9,2026105954,pmfs_9_15/rep_10_seed_2026105954,0a92a963d69e3ade57487f7135e97b2dd7cff5e3cb1d19a20c89d95c7b0c9b70,/home/zyc/cess_d1r_168x16_reference_20260925/pmfs_9_15/rep_10_seed_2026105954/spatial/concentration.npy,/home/zyc/cess_d1r_168x16_reference_20260925/pmfs_9_15/rep_10_seed_2026105954/spatial/concentration.npy
59,pmfs_9_15,10,2026105955,pmfs_9_15/rep_11_seed_2026105955,f8b5bfbf011b25d2b8c247a012587fdfd5f13fecd7819ae993df53a442c40b5c,/home/zyc/cess_d1r_168x16_reference_20260925/pmfs_9_15/rep_11_seed_2026105955/spatial/concentration.npy,/home/zyc/cess_d1r_168x16_reference_20260925/pmfs_9_15/rep_11_seed_2026105955/spatial/concentration.npy
59,pmfs_9_15,11,2026105956,pmfs_9_15/rep_12_seed_2026105956,80ae09c6316786eff4c92fb6f35c45d1dcc3ebcf8ad48b0fd03b29687f1090f7,/home/zyc/cess_d1r_168x16_reference_20260925/pmfs_9_15/rep_12_seed_2026105956/spatial/concentration.npy,/home/zyc/cess_d1r_168x16_reference_20260925/pmfs_9_15/rep_12_seed_2026105956/spatial/concentration.npy
59,pmfs_9_15,12,2026105957,pmfs_9_15/rep_13_seed_2026105957,2a07aaba0e6ad75d5497accbf3c855adbd0839f407bfe149ca3fb47de7890e3e,/home/zyc/cess_d1r_168x16_reference_20260925/pmfs_9_15/rep_13_seed_2026105957/spatial/concentration.npy,/home/zyc/cess_d1r_168x16_reference_20260925/pmfs_9_15/rep_13_seed_2026105957/spatial/concentration.npy
59,pmfs_9_15,13,2026105958,pmfs_9_15/rep_14_seed_2026105958,81639d09e802dcc2b066856ece2a37c3e045e5a8dc13aea164b998613617ca0a,/home/zyc/cess_d1r_168x16_reference_20260925/pmfs_9_15/rep_14_seed_2026105958/spatial/concentration.npy,/home/zyc/cess_d1r_168x16_reference_20260925/pmfs_9_15/rep_14_seed_2026105958/spatial/concentration.npy
59,pmfs_9_15,14,2026105959,pmfs_9_15/rep_15_seed_2026105959,0d1f0d2531e2333556e0e09e1aaf83d396284882645be115d4b4be28ce1ddfe2,/home/zyc/cess_d1r_168x16_reference_20260925/pmfs_9_15/rep_15_seed_2026105959/spatial/concentration.npy,/home/zyc/cess_d1r_168x16_reference_20260925/pmfs_9_15/rep_15_seed_2026105959/spatial/concentration.npy
59,pmfs_9_15,15,2026105960,pmfs_9_15/rep_16_seed_2026105960,72fe1dffc7b0475bf79040c8d112531da23f2966f81c23602cee229da41564c1,/home/zyc/cess_d1r_168x16_reference_20260925/pmfs_9_15/rep_16_seed_2026105960/spatial/concentration.npy,/home/zyc/cess_d1r_168x16_reference_20260925/pmfs_9_15/rep_16_seed_2026105960/spatial/concentration.npy
60,pmfs_9_16,0,2026105961,pmfs_9_16/rep_01_seed_2026105961,3deed8da228a92a0e40baba0da471353011cb3179653c4eac30a9aeb64cf5368,/home/zyc/cess_d1r_168x16_reference_20260925/pmfs_9_16/rep_01_seed_2026105961/spatial/concentration.npy,/home/zyc/cess_d1r_168x16_reference_20260925/pmfs_9_16/rep_01_seed_2026105961/spatial/concentration.npy
60,pmfs_9_16,1,2026105962,pmfs_9_16/rep_02_seed_2026105962,8dae082a8f657474101eaef1b92b3327ba04628cc65e99ca0dec0a4a2556faeb,/home/zyc/cess_d1r_168x16_reference_20260925/pmfs_9_16/rep_02_seed_2026105962/spatial/concentration.npy,/home/zyc/cess_d1r_168x16_reference_20260925/pmfs_9_16/rep_02_seed_2026105962/spatial/concentration.npy
60,pmfs_9_16,2,2026105963,pmfs_9_16/rep_03_seed_2026105963,afa23be43143e524deb0d1f921ef08e29e4f1c529437ad04d279a078a59c5e79,/home/zyc/cess_d1r_168x16_reference_20260925/pmfs_9_16/rep_03_seed_2026105963/spatial/concentration.npy,/home/zyc/cess_d1r_168x16_reference_20260925/pmfs_9_16/rep_03_seed_2026105963/spatial/concentration.npy
60,pmfs_9_16,3,2026105964,pmfs_9_16/rep_04_seed_2026105964,1fd766bc0a3562a60a9c5ef9c7508e168a59d184e88949b323a6168bb68500e6,/home/zyc/cess_d1r_168x16_reference_20260925/pmfs_9_16/rep_04_seed_2026105964/spatial/concentration.npy,/home/zyc/cess_d1r_168x16_reference_20260925/pmfs_9_16/rep_04_seed_2026105964/spatial/concentration.npy
60,pmfs_9_16,4,2026105965,pmfs_9_16/rep_05_seed_2026105965,6a02524c7beb491b9a7ced3697663ef9f68d32d79fc85254eea1984b56cd63d5,/home/zyc/cess_d1r_168x16_reference_20260925/pmfs_9_16/rep_05_seed_2026105965/spatial/concentration.npy,/home/zyc/cess_d1r_168x16_reference_20260925/pmfs_9_16/rep_05_seed_2026105965/spatial/concentration.npy
60,pmfs_9_16,5,2026105966,pmfs_9_16/rep_06_seed_2026105966,2486ee305cf5f6a5c65b24271f6fd66b70c31cc1704b142dfba77dcb190484e3,/home/zyc/cess_d1r_168x16_reference_20260925/pmfs_9_16/rep_06_seed_2026105966/spatial/concentration.npy,/home/zyc/cess_d1r_168x16_reference_20260925/pmfs_9_16/rep_06_seed_2026105966/spatial/concentration.npy
60,pmfs_9_16,6,2026105967,pmfs_9_16/rep_07_seed_2026105967,5f79916ccd7d9a2fcef73318318c29e4a5a3b199b52a3ca798103bc4655e6ec9,/home/zyc/cess_d1r_168x16_reference_20260925/pmfs_9_16/rep_07_seed_2026105967/spatial/concentration.npy,/home/zyc/cess_d1r_168x16_reference_20260925/pmfs_9_16/rep_07_seed_2026105967/spatial/concentration.npy
60,pmfs_9_16,7,2026105968,pmfs_9_16/rep_08_seed_2026105968,0e7a6ae67041089195073d269e7ee0261bb765c766d023d964bd4c4288e0dc0c,/home/zyc/cess_d1r_168x16_reference_20260925/pmfs_9_16/rep_08_seed_2026105968/spatial/concentration.npy,/home/zyc/cess_d1r_168x16_reference_20260925/pmfs_9_16/rep_08_seed_2026105968/spatial/concentration.npy
60,pmfs_9_16,8,2026105969,pmfs_9_16/rep_09_seed_2026105969,fc6a5e08299a71595ad10520d0b35a448e639e54d69aa0fd709c3f346c007ea0,/home/zyc/cess_d1r_168x16_reference_20260925/pmfs_9_16/rep_09_seed_2026105969/spatial/concentration.npy,/home/zyc/cess_d1r_168x16_reference_20260925/pmfs_9_16/rep_09_seed_2026105969/spatial/concentration.npy
60,pmfs_9_16,9,2026105970,pmfs_9_16/rep_10_seed_2026105970,7f033e08405225af1ca6483c19ab36caad17aaf90eca1a0a1fa74325b57d02bb,/home/zyc/cess_d1r_168x16_reference_20260925/pmfs_9_16/rep_10_seed_2026105970/spatial/concentration.npy,/home/zyc/cess_d1r_168x16_reference_20260925/pmfs_9_16/rep_10_seed_2026105970/spatial/concentration.npy
60,pmfs_9_16,10,2026105971,pmfs_9_16/rep_11_seed_2026105971,5ceccb6ef4531c857fab2bcf3026fdd63fdf8a6cba079eba03fc2b2693d589c2,/home/zyc/cess_d1r_168x16_reference_20260925/pmfs_9_16/rep_11_seed_2026105971/spatial/concentration.npy,/home/zyc/cess_d1r_168x16_reference_20260925/pmfs_9_16/rep_11_seed_2026105971/spatial/concentration.npy
60,pmfs_9_16,11,2026105972,pmfs_9_16/rep_12_seed_2026105972,08a430418698c3787d6598adad2671859cea4955eb69bc3a3779ef159bba42cb,/home/zyc/cess_d1r_168x16_reference_20260925/pmfs_9_16/rep_12_seed_2026105972/spatial/concentration.npy,/home/zyc/cess_d1r_168x16_reference_20260925/pmfs_9_16/rep_12_seed_2026105972/spatial/concentration.npy
60,pmfs_9_16,12,2026105973,pmfs_9_16/rep_13_seed_2026105973,1b5001998083ded068b1840dd7ecec273370a48e72127da067d6d41832ed1b6d,/home/zyc/cess_d1r_168x16_reference_20260925/pmfs_9_16/rep_13_seed_2026105973/spatial/concentration.npy,/home/zyc/cess_d1r_168x16_reference_20260925/pmfs_9_16/rep_13_seed_2026105973/spatial/concentration.npy
60,pmfs_9_16,13,2026105974,pmfs_9_16/rep_14_seed_2026105974,0e84eb4e4c2ff940688a8a76cad7f551d9e72064d65e3944e82a014e0c22215c,/home/zyc/cess_d1r_168x16_reference_20260925/pmfs_9_16/rep_14_seed_2026105974/spatial/concentration.npy,/home/zyc/cess_d1r_168x16_reference_20260925/pmfs_9_16/rep_14_seed_2026105974/spatial/concentration.npy
60,pmfs_9_16,14,2026105975,pmfs_9_16/rep_15_seed_2026105975,2463757ea47424a035c2f94ec24c9de133df4aafed71d3f13703cb08d0fdc309,/home/zyc/cess_d1r_168x16_reference_20260925/pmfs_9_16/rep_15_seed_2026105975/spatial/concentration.npy,/home/zyc/cess_d1r_168x16_reference_20260925/pmfs_9_16/rep_15_seed_2026105975/spatial/concentration.npy
60,pmfs_9_16,15,2026105976,pmfs_9_16/rep_16_seed_2026105976,690ba91db6504d31af5815418a021e841606c87cc9d3b46d9437add8eeee9ad3,/home/zyc/cess_d1r_168x16_reference_20260925/pmfs_9_16/rep_16_seed_2026105976/spatial/concentration.npy,/home/zyc/cess_d1r_168x16_reference_20260925/pmfs_9_16/rep_16_seed_2026105976/spatial/concentration.npy
61,pmfs_9_17,0,2026105977,pmfs_9_17/rep_01_seed_2026105977,dfd09f15c9325efe1ec802c38f76a4fa40a6aecf9ed3d6e4e3b38b2b87db541d,/home/zyc/cess_d1r_168x16_reference_20260925/pmfs_9_17/rep_01_seed_2026105977/spatial/concentration.npy,/home/zyc/cess_d1r_168x16_reference_20260925/pmfs_9_17/rep_01_seed_2026105977/spatial/concentration.npy
61,pmfs_9_17,1,2026105978,pmfs_9_17/rep_02_seed_2026105978,316f2687b55225770d37d99103aced0760826e60c11cc184a1b6372a297a7208,/home/zyc/cess_d1r_168x16_reference_20260925/pmfs_9_17/rep_02_seed_2026105978/spatial/concentration.npy,/home/zyc/cess_d1r_168x16_reference_20260925/pmfs_9_17/rep_02_seed_2026105978/spatial/concentration.npy
61,pmfs_9_17,2,2026105979,pmfs_9_17/rep_03_seed_2026105979,f6122c2287198c97d9b812eab20f24d2fc8cc34f50c58bfb036a3403043950b7,/home/zyc/cess_d1r_168x16_reference_20260925/pmfs_9_17/rep_03_seed_2026105979/spatial/concentration.npy,/home/zyc/cess_d1r_168x16_reference_20260925/pmfs_9_17/rep_03_seed_2026105979/spatial/concentration.npy
61,pmfs_9_17,3,2026105980,pmfs_9_17/rep_04_seed_2026105980,c6e3573d956f0e87aea8e04a5456ece63b23e058c76f6fac029b3e1a31a08f1d,/home/zyc/cess_d1r_168x16_reference_20260925/pmfs_9_17/rep_04_seed_2026105980/spatial/concentration.npy,/home/zyc/cess_d1r_168x16_reference_20260925/pmfs_9_17/rep_04_seed_2026105980/spatial/concentration.npy
61,pmfs_9_17,4,2026105981,pmfs_9_17/rep_05_seed_2026105981,b42def8cbe12e79219ec18e2731abdc999d4158c8c7070b51097cea4af0987cf,/home/zyc/cess_d1r_168x16_reference_20260925/pmfs_9_17/rep_05_seed_2026105981/spatial/concentration.npy,/home/zyc/cess_d1r_168x16_reference_20260925/pmfs_9_17/rep_05_seed_2026105981/spatial/concentration.npy
61,pmfs_9_17,5,2026105982,pmfs_9_17/rep_06_seed_2026105982,1a6c01a9ea49317f308331e717a07baeee18966e64237e347444f2c30304d292,/home/zyc/cess_d1r_168x16_reference_20260925/pmfs_9_17/rep_06_seed_2026105982/spatial/concentration.npy,/home/zyc/cess_d1r_168x16_reference_20260925/pmfs_9_17/rep_06_seed_2026105982/spatial/concentration.npy
61,pmfs_9_17,6,2026105983,pmfs_9_17/rep_07_seed_2026105983,95a95f2a9f2f370d70ffcfbed7136a3f504c42de80138ffcc9a61612135b5ea8,/home/zyc/cess_d1r_168x16_reference_20260925/pmfs_9_17/rep_07_seed_2026105983/spatial/concentration.npy,/home/zyc/cess_d1r_168x16_reference_20260925/pmfs_9_17/rep_07_seed_2026105983/spatial/concentration.npy
61,pmfs_9_17,7,2026105984,pmfs_9_17/rep_08_seed_2026105984,dbb6d03a24cf11645aff9eb81bb2d392be837381f265c7f29cb7765812d9b1be,/home/zyc/cess_d1r_168x16_reference_20260925/pmfs_9_17/rep_08_seed_2026105984/spatial/concentration.npy,/home/zyc/cess_d1r_168x16_reference_20260925/pmfs_9_17/rep_08_seed_2026105984/spatial/concentration.npy
61,pmfs_9_17,8,2026105985,pmfs_9_17/rep_09_seed_2026105985,3c1c64da74eccbe3c6ca3ec44201f0ca8b5a5827efd4e14cadaf805ed6c211f8,/home/zyc/cess_d1r_168x16_reference_20260925/pmfs_9_17/rep_09_seed_2026105985/spatial/concentration.npy,/home/zyc/cess_d1r_168x16_reference_20260925/pmfs_9_17/rep_09_seed_2026105985/spatial/concentration.npy
61,pmfs_9_17,9,2026105986,pmfs_9_17/rep_10_seed_2026105986,2f15bf92b14284f96ae0ce5f1acdcc63ebb8bcf3a5509287bf13a048d81abc4c,/home/zyc/cess_d1r_168x16_reference_20260925/pmfs_9_17/rep_10_seed_2026105986/spatial/concentration.npy,/home/zyc/cess_d1r_168x16_reference_20260925/pmfs_9_17/rep_10_seed_2026105986/spatial/concentration.npy
61,pmfs_9_17,10,2026105987,pmfs_9_17/rep_11_seed_2026105987,314c136bb7f99f645efeb342484dd93a26215b32c3db85d9a0fe0cddd58cdb15,/home/zyc/cess_d1r_168x16_reference_20260925/pmfs_9_17/rep_11_seed_2026105987/spatial/concentration.npy,/home/zyc/cess_d1r_168x16_reference_20260925/pmfs_9_17/rep_11_seed_2026105987/spatial/concentration.npy
61,pmfs_9_17,11,2026105988,pmfs_9_17/rep_12_seed_2026105988,dcc1c6cd1f1fbf9583c7e8855c20995c7304289717ecdba3dd4c35a81b17c723,/home/zyc/cess_d1r_168x16_reference_20260925/pmfs_9_17/rep_12_seed_2026105988/spatial/concentration.npy,/home/zyc/cess_d1r_168x16_reference_20260925/pmfs_9_17/rep_12_seed_2026105988/spatial/concentration.npy
61,pmfs_9_17,12,2026105989,pmfs_9_17/rep_13_seed_2026105989,4844b78c6b7fececfdc4e88b79877c0d1a11365104d9edf87bb751de0bcae5e8,/home/zyc/cess_d1r_168x16_reference_20260925/pmfs_9_17/rep_13_seed_2026105989/spatial/concentration.npy,/home/zyc/cess_d1r_168x16_reference_20260925/pmfs_9_17/rep_13_seed_2026105989/spatial/concentration.npy
61,pmfs_9_17,13,2026105990,pmfs_9_17/rep_14_seed_2026105990,79e90cca20487def4b83c7fbbe2664f28914a4f187fc03d1059c1a43643bd60e,/home/zyc/cess_d1r_168x16_reference_20260925/pmfs_9_17/rep_14_seed_2026105990/spatial/concentration.npy,/home/zyc/cess_d1r_168x16_reference_20260925/pmfs_9_17/rep_14_seed_2026105990/spatial/concentration.npy
61,pmfs_9_17,14,2026105991,pmfs_9_17/rep_15_seed_2026105991,4184003b23d8d6bd77bbdd778233ec6c11f32ba54ab631dbf264f8dec21c1f9d,/home/zyc/cess_d1r_168x16_reference_20260925/pmfs_9_17/rep_15_seed_2026105991/spatial/concentration.npy,/home/zyc/cess_d1r_168x16_reference_20260925/pmfs_9_17/rep_15_seed_2026105991/spatial/concentration.npy
61,pmfs_9_17,15,2026105992,pmfs_9_17/rep_16_seed_2026105992,f887859cd174abefcec92ff284ee9a44fbaa9e9007423fa54a2ba3469c9a87ae,/home/zyc/cess_d1r_168x16_reference_20260925/pmfs_9_17/rep_16_seed_2026105992/spatial/concentration.npy,/home/zyc/cess_d1r_168x16_reference_20260925/pmfs_9_17/rep_16_seed_2026105992/spatial/concentration.npy
62,pmfs_9_18,0,2026105993,pmfs_9_18/rep_01_seed_2026105993,8573f68a9c09db1cfedce0117dd1e3540bb6eb3c4cea90425f2617f579a77e66,/home/zyc/cess_d1r_168x16_reference_20260925/pmfs_9_18/rep_01_seed_2026105993/spatial/concentration.npy,/home/zyc/cess_d1r_168x16_reference_20260925/pmfs_9_18/rep_01_seed_2026105993/spatial/concentration.npy
62,pmfs_9_18,1,2026105994,pmfs_9_18/rep_02_seed_2026105994,77ff8c096423aec8ca1797a06f82dd85fd509321a34c07bec57f0caccf4db27d,/home/zyc/cess_d1r_168x16_reference_20260925/pmfs_9_18/rep_02_seed_2026105994/spatial/concentration.npy,/home/zyc/cess_d1r_168x16_reference_20260925/pmfs_9_18/rep_02_seed_2026105994/spatial/concentration.npy
62,pmfs_9_18,2,2026105995,pmfs_9_18/rep_03_seed_2026105995,92465f647f51ee9fcf5945f6202dd7ba67052ae85750515d8073028f63b55093,/home/zyc/cess_d1r_168x16_reference_20260925/pmfs_9_18/rep_03_seed_2026105995/spatial/concentration.npy,/home/zyc/cess_d1r_168x16_reference_20260925/pmfs_9_18/rep_03_seed_2026105995/spatial/concentration.npy
62,pmfs_9_18,3,2026105996,pmfs_9_18/rep_04_seed_2026105996,69d5f7bf7a88aa279b85bc5d9a5cf01aed207b3137cb232d2ee67d59d8571bb4,/home/zyc/cess_d1r_168x16_reference_20260925/pmfs_9_18/rep_04_seed_2026105996/spatial/concentration.npy,/home/zyc/cess_d1r_168x16_reference_20260925/pmfs_9_18/rep_04_seed_2026105996/spatial/concentration.npy
62,pmfs_9_18,4,2026105997,pmfs_9_18/rep_05_seed_2026105997,964d80e23582fb11ac0f163d66cb15748d928de66b1ad1bb2d8d000c0e404a19,/home/zyc/cess_d1r_168x16_reference_20260925/pmfs_9_18/rep_05_seed_2026105997/spatial/concentration.npy,/home/zyc/cess_d1r_168x16_reference_20260925/pmfs_9_18/rep_05_seed_2026105997/spatial/concentration.npy
62,pmfs_9_18,5,2026105998,pmfs_9_18/rep_06_seed_2026105998,2d86d15c7b591ada7954885ee07d46c61b254871907444c6d667d62b63047886,/home/zyc/cess_d1r_168x16_reference_20260925/pmfs_9_18/rep_06_seed_2026105998/spatial/concentration.npy,/home/zyc/cess_d1r_168x16_reference_20260925/pmfs_9_18/rep_06_seed_2026105998/spatial/concentration.npy
62,pmfs_9_18,6,2026105999,pmfs_9_18/rep_07_seed_2026105999,71d3b6c611e090caacf098f4c5d1f96db1b07c9e018b2ed54a1994fa518aa55b,/home/zyc/cess_d1r_168x16_reference_20260925/pmfs_9_18/rep_07_seed_2026105999/spatial/concentration.npy,/home/zyc/cess_d1r_168x16_reference_20260925/pmfs_9_18/rep_07_seed_2026105999/spatial/concentration.npy
62,pmfs_9_18,7,2026106000,pmfs_9_18/rep_08_seed_2026106000,310fcdfef2f42e5ed780148287c6c45fe940cb2ad62b6fb6cd1493083bce7b6e,/home/zyc/cess_d1r_168x16_reference_20260925/pmfs_9_18/rep_08_seed_2026106000/spatial/concentration.npy,/home/zyc/cess_d1r_168x16_reference_20260925/pmfs_9_18/rep_08_seed_2026106000/spatial/concentration.npy
62,pmfs_9_18,8,2026106001,pmfs_9_18/rep_09_seed_2026106001,45b923c6d347bbc6cc19c6f5161656d2128b6a2ea933673ed6cf1964b54a8c1f,/home/zyc/cess_d1r_168x16_reference_20260925/pmfs_9_18/rep_09_seed_2026106001/spatial/concentration.npy,/home/zyc/cess_d1r_168x16_reference_20260925/pmfs_9_18/rep_09_seed_2026106001/spatial/concentration.npy
62,pmfs_9_18,9,2026106002,pmfs_9_18/rep_10_seed_2026106002,c7daa70e005ae5fd7ecbdd8d1a3253f07f46812c1067cd833d514700b56649db,/home/zyc/cess_d1r_168x16_reference_20260925/pmfs_9_18/rep_10_seed_2026106002/spatial/concentration.npy,/home/zyc/cess_d1r_168x16_reference_20260925/pmfs_9_18/rep_10_seed_2026106002/spatial/concentration.npy
62,pmfs_9_18,10,2026106003,pmfs_9_18/rep_11_seed_2026106003,4188b4ad0aecf9ea1ed5777564dbfaad4b9e19ba63f3fe68de6037df98b189b4,/home/zyc/cess_d1r_168x16_reference_20260925/pmfs_9_18/rep_11_seed_2026106003/spatial/concentration.npy,/home/zyc/cess_d1r_168x16_reference_20260925/pmfs_9_18/rep_11_seed_2026106003/spatial/concentration.npy
62,pmfs_9_18,11,2026106004,pmfs_9_18/rep_12_seed_2026106004,44ca0cad125a295f3271b5372b12886d5da933ceb36de3a3de57b23b4f0f187a,/home/zyc/cess_d1r_168x16_reference_20260925/pmfs_9_18/rep_12_seed_2026106004/spatial/concentration.npy,/home/zyc/cess_d1r_168x16_reference_20260925/pmfs_9_18/rep_12_seed_2026106004/spatial/concentration.npy
62,pmfs_9_18,12,2026106005,pmfs_9_18/rep_13_seed_2026106005,43c99443f9856727d808120f41c8c58d60ac104a72a55c1e5dff834e7f030e82,/home/zyc/cess_d1r_168x16_reference_20260925/pmfs_9_18/rep_13_seed_2026106005/spatial/concentration.npy,/home/zyc/cess_d1r_168x16_reference_20260925/pmfs_9_18/rep_13_seed_2026106005/spatial/concentration.npy
62,pmfs_9_18,13,2026106006,pmfs_9_18/rep_14_seed_2026106006,712ae2c850d9fcf1217e79751d8ea4a596d0080ab51856838e74c4d2db547d01,/home/zyc/cess_d1r_168x16_reference_20260925/pmfs_9_18/rep_14_seed_2026106006/spatial/concentration.npy,/home/zyc/cess_d1r_168x16_reference_20260925/pmfs_9_18/rep_14_seed_2026106006/spatial/concentration.npy
62,pmfs_9_18,14,2026106007,pmfs_9_18/rep_15_seed_2026106007,a82d00e1731c385b57dd44ba5e97c02b9bad8b05fd96b85fe8f920e39e213d6d,/home/zyc/cess_d1r_168x16_reference_20260925/pmfs_9_18/rep_15_seed_2026106007/spatial/concentration.npy,/home/zyc/cess_d1r_168x16_reference_20260925/pmfs_9_18/rep_15_seed_2026106007/spatial/concentration.npy
62,pmfs_9_18,15,2026106008,pmfs_9_18/rep_16_seed_2026106008,0b3078d09f2dc700f0614b43bce9be3e4e8d0ee0a093826cae28f12ea669053a,/home/zyc/cess_d1r_168x16_reference_20260925/pmfs_9_18/rep_16_seed_2026106008/spatial/concentration.npy,/home/zyc/cess_d1r_168x16_reference_20260925/pmfs_9_18/rep_16_seed_2026106008/spatial/concentration.npy
63,pmfs_10_12,0,2026106009,pmfs_10_12/rep_01_seed_2026106009,5a8a6d12f90aed8e95d418179c31459c7b16f3baba0631e82b8d1e2f8deece9e,/home/zyc/cess_d1r_168x16_reference_20260925/pmfs_10_12/rep_01_seed_2026106009/spatial/concentration.npy,/home/zyc/cess_d1r_168x16_reference_20260925/pmfs_10_12/rep_01_seed_2026106009/spatial/concentration.npy
63,pmfs_10_12,1,2026106010,pmfs_10_12/rep_02_seed_2026106010,0f17c9aa6369127c9863408ba382db75ae1d11071397ba0c7d7bad1cce15e275,/home/zyc/cess_d1r_168x16_reference_20260925/pmfs_10_12/rep_02_seed_2026106010/spatial/concentration.npy,/home/zyc/cess_d1r_168x16_reference_20260925/pmfs_10_12/rep_02_seed_2026106010/spatial/concentration.npy
63,pmfs_10_12,2,2026106011,pmfs_10_12/rep_03_seed_2026106011,ae9cf6714ea915e7fea85d478235d94c6f3065cfe2de18a903ddffa1e46c0b5a,/home/zyc/cess_d1r_168x16_reference_20260925/pmfs_10_12/rep_03_seed_2026106011/spatial/concentration.npy,/home/zyc/cess_d1r_168x16_reference_20260925/pmfs_10_12/rep_03_seed_2026106011/spatial/concentration.npy
63,pmfs_10_12,3,2026106012,pmfs_10_12/rep_04_seed_2026106012,f85eb17c33da29c2792ad52f0da64a7c80a1fda4a6b72e0515213f2ab67002b2,/home/zyc/cess_d1r_168x16_reference_20260925/pmfs_10_12/rep_04_seed_2026106012/spatial/concentration.npy,/home/zyc/cess_d1r_168x16_reference_20260925/pmfs_10_12/rep_04_seed_2026106012/spatial/concentration.npy
63,pmfs_10_12,4,2026106013,pmfs_10_12/rep_05_seed_2026106013,6867587e62534a55efde313ab63189bef0b907538b098d0e6205d7e6f73978e5,/home/zyc/cess_d1r_168x16_reference_20260925/pmfs_10_12/rep_05_seed_2026106013/spatial/concentration.npy,/home/zyc/cess_d1r_168x16_reference_20260925/pmfs_10_12/rep_05_seed_2026106013/spatial/concentration.npy
63,pmfs_10_12,5,2026106014,pmfs_10_12/rep_06_seed_2026106014,8ce55d5f965a4e1c4a20eeb91f5c992775e7606afddbe04da2565c4a5a914552,/home/zyc/cess_d1r_168x16_reference_20260925/pmfs_10_12/rep_06_seed_2026106014/spatial/concentration.npy,/home/zyc/cess_d1r_168x16_reference_20260925/pmfs_10_12/rep_06_seed_2026106014/spatial/concentration.npy
63,pmfs_10_12,6,2026106015,pmfs_10_12/rep_07_seed_2026106015,f90bd201c6427ac6a47a595eb86ea6ab37bcad949418d2e14ca962760ddcf777,/home/zyc/cess_d1r_168x16_reference_20260925/pmfs_10_12/rep_07_seed_2026106015/spatial/concentration.npy,/home/zyc/cess_d1r_168x16_reference_20260925/pmfs_10_12/rep_07_seed_2026106015/spatial/concentration.npy
63,pmfs_10_12,7,2026106016,pmfs_10_12/rep_08_seed_2026106016,16bf9f39bacd45a761965422425cc24f0200f2ff64c803947bb5752e528885ae,/home/zyc/cess_d1r_168x16_reference_20260925/pmfs_10_12/rep_08_seed_2026106016/spatial/concentration.npy,/home/zyc/cess_d1r_168x16_reference_20260925/pmfs_10_12/rep_08_seed_2026106016/spatial/concentration.npy
63,pmfs_10_12,8,2026106017,pmfs_10_12/rep_09_seed_2026106017,ccf745dddd1d6f021e5717cf95a0b6614a5d46a6dc7f88ce2cb9e160192663bb,/home/zyc/cess_d1r_168x16_reference_20260925/pmfs_10_12/rep_09_seed_2026106017/spatial/concentration.npy,/home/zyc/cess_d1r_168x16_reference_20260925/pmfs_10_12/rep_09_seed_2026106017/spatial/concentration.npy
63,pmfs_10_12,9,2026106018,pmfs_10_12/rep_10_seed_2026106018,381d3f82fbe4dc5f95f143ab022e502f51873a152231515666ca0635c6604dbd,/home/zyc/cess_d1r_168x16_reference_20260925/pmfs_10_12/rep_10_seed_2026106018/spatial/concentration.npy,/home/zyc/cess_d1r_168x16_reference_20260925/pmfs_10_12/rep_10_seed_2026106018/spatial/concentration.npy
63,pmfs_10_12,10,2026106019,pmfs_10_12/rep_11_seed_2026106019,dbcc154b4f0377fe4893391b1d4e3cfd7eb49e7e3562ea431e2b999491bd1ba7,/home/zyc/cess_d1r_168x16_reference_20260925/pmfs_10_12/rep_11_seed_2026106019/spatial/concentration.npy,/home/zyc/cess_d1r_168x16_reference_20260925/pmfs_10_12/rep_11_seed_2026106019/spatial/concentration.npy
63,pmfs_10_12,11,2026106020,pmfs_10_12/rep_12_seed_2026106020,a518a372d4b270679645fcd5deda43dd5587da8dbcbe615a5705acf66b0b6e49,/home/zyc/cess_d1r_168x16_reference_20260925/pmfs_10_12/rep_12_seed_2026106020/spatial/concentration.npy,/home/zyc/cess_d1r_168x16_reference_20260925/pmfs_10_12/rep_12_seed_2026106020/spatial/concentration.npy
63,pmfs_10_12,12,2026106021,pmfs_10_12/rep_13_seed_2026106021,da7474a0ca8465fb67138ff7abdeed732aeb0e80254f04bdd5b251a488202c0c,/home/zyc/cess_d1r_168x16_reference_20260925/pmfs_10_12/rep_13_seed_2026106021/spatial/concentration.npy,/home/zyc/cess_d1r_168x16_reference_20260925/pmfs_10_12/rep_13_seed_2026106021/spatial/concentration.npy
63,pmfs_10_12,13,2026106022,pmfs_10_12/rep_14_seed_2026106022,d6b39558531d68025f5f6b68a99e2da646b32c6de3b00947b6892b02e1799d63,/home/zyc/cess_d1r_168x16_reference_20260925/pmfs_10_12/rep_14_seed_2026106022/spatial/concentration.npy,/home/zyc/cess_d1r_168x16_reference_20260925/pmfs_10_12/rep_14_seed_2026106022/spatial/concentration.npy
63,pmfs_10_12,14,2026106023,pmfs_10_12/rep_15_seed_2026106023,07c7cfe4ba3597c79d830964f39102134b79bdf1588dd9075a8e0a85e62eec60,/home/zyc/cess_d1r_168x16_reference_20260925/pmfs_10_12/rep_15_seed_2026106023/spatial/concentration.npy,/home/zyc/cess_d1r_168x16_reference_20260925/pmfs_10_12/rep_15_seed_2026106023/spatial/concentration.npy
63,pmfs_10_12,15,2026106024,pmfs_10_12/rep_16_seed_2026106024,70ae3b188c12ac4982575e37a73a0e01bdc9899f339eea7229d7a513851ce498,/home/zyc/cess_d1r_168x16_reference_20260925/pmfs_10_12/rep_16_seed_2026106024/spatial/concentration.npy,/home/zyc/cess_d1r_168x16_reference_20260925/pmfs_10_12/rep_16_seed_2026106024/spatial/concentration.npy
64,pmfs_10_13,0,2026106025,pmfs_10_13/rep_01_seed_2026106025,2558cdbaf85e5c2b0f3b8f351162ab3ffe8fe3edae183b5826947f7dce627761,/home/zyc/cess_d1r_168x16_reference_20260925/pmfs_10_13/rep_01_seed_2026106025/spatial/concentration.npy,/home/zyc/cess_d1r_168x16_reference_20260925/pmfs_10_13/rep_01_seed_2026106025/spatial/concentration.npy
64,pmfs_10_13,1,2026106026,pmfs_10_13/rep_02_seed_2026106026,ccabb82b51b9eaabe93b05d5f96298b0485540a92883b42756cf5c1ec3c89c90,/home/zyc/cess_d1r_168x16_reference_20260925/pmfs_10_13/rep_02_seed_2026106026/spatial/concentration.npy,/home/zyc/cess_d1r_168x16_reference_20260925/pmfs_10_13/rep_02_seed_2026106026/spatial/concentration.npy
64,pmfs_10_13,2,2026106027,pmfs_10_13/rep_03_seed_2026106027,f3cc08df12e62a0047b44b183caac9f85c7fbd3841d1690d22a64096108f4176,/home/zyc/cess_d1r_168x16_reference_20260925/pmfs_10_13/rep_03_seed_2026106027/spatial/concentration.npy,/home/zyc/cess_d1r_168x16_reference_20260925/pmfs_10_13/rep_03_seed_2026106027/spatial/concentration.npy
64,pmfs_10_13,3,2026106028,pmfs_10_13/rep_04_seed_2026106028,bf74c01f098d72fbead1e03a75c2897682c0169b45bee6abb11ed9c64e9c61b1,/home/zyc/cess_d1r_168x16_reference_20260925/pmfs_10_13/rep_04_seed_2026106028/spatial/concentration.npy,/home/zyc/cess_d1r_168x16_reference_20260925/pmfs_10_13/rep_04_seed_2026106028/spatial/concentration.npy
64,pmfs_10_13,4,2026106029,pmfs_10_13/rep_05_seed_2026106029,8ef2130b6a3bdcc86164f33d6fac559512f0a0f757c7b6f6fdbc5ee10176323d,/home/zyc/cess_d1r_168x16_reference_20260925/pmfs_10_13/rep_05_seed_2026106029/spatial/concentration.npy,/home/zyc/cess_d1r_168x16_reference_20260925/pmfs_10_13/rep_05_seed_2026106029/spatial/concentration.npy
64,pmfs_10_13,5,2026106030,pmfs_10_13/rep_06_seed_2026106030,7f6139ea8e65773192e65be3732068d99024885eb1281a66f3aa03b022d5483d,/home/zyc/cess_d1r_168x16_reference_20260925/pmfs_10_13/rep_06_seed_2026106030/spatial/concentration.npy,/home/zyc/cess_d1r_168x16_reference_20260925/pmfs_10_13/rep_06_seed_2026106030/spatial/concentration.npy
64,pmfs_10_13,6,2026106031,pmfs_10_13/rep_07_seed_2026106031,fc50f0976062f8b7adfa2e89e0b30427bd588f70cf1ee37bf078dd299406e936,/home/zyc/cess_d1r_168x16_reference_20260925/pmfs_10_13/rep_07_seed_2026106031/spatial/concentration.npy,/home/zyc/cess_d1r_168x16_reference_20260925/pmfs_10_13/rep_07_seed_2026106031/spatial/concentration.npy
64,pmfs_10_13,7,2026106032,pmfs_10_13/rep_08_seed_2026106032,363f79c55c11511421607a60abc7aa20013d7d50a5059e7b06b48fdd73ccfa02,/home/zyc/cess_d1r_168x16_reference_20260925/pmfs_10_13/rep_08_seed_2026106032/spatial/concentration.npy,/home/zyc/cess_d1r_168x16_reference_20260925/pmfs_10_13/rep_08_seed_2026106032/spatial/concentration.npy
64,pmfs_10_13,8,2026106033,pmfs_10_13/rep_09_seed_2026106033,2fb5e4d60c5e37ba169fef45c6c94263ac3845b0874cceddb99261d3d04a71cf,/home/zyc/cess_d1r_168x16_reference_20260925/pmfs_10_13/rep_09_seed_2026106033/spatial/concentration.npy,/home/zyc/cess_d1r_168x16_reference_20260925/pmfs_10_13/rep_09_seed_2026106033/spatial/concentration.npy
64,pmfs_10_13,9,2026106034,pmfs_10_13/rep_10_seed_2026106034,59a9ddcc0f4bb9ea7d6f5755a77d7418c8a79e013bc94352e5839dfb36ed789f,/home/zyc/cess_d1r_168x16_reference_20260925/pmfs_10_13/rep_10_seed_2026106034/spatial/concentration.npy,/home/zyc/cess_d1r_168x16_reference_20260925/pmfs_10_13/rep_10_seed_2026106034/spatial/concentration.npy
64,pmfs_10_13,10,2026106035,pmfs_10_13/rep_11_seed_2026106035,42c4ccbe27819813abd3036844ffa72175f48037a245c5075c5239ff72aff134,/home/zyc/cess_d1r_168x16_reference_20260925/pmfs_10_13/rep_11_seed_2026106035/spatial/concentration.npy,/home/zyc/cess_d1r_168x16_reference_20260925/pmfs_10_13/rep_11_seed_2026106035/spatial/concentration.npy
64,pmfs_10_13,11,2026106036,pmfs_10_13/rep_12_seed_2026106036,2cbf16c147cbe6d7270ac418f92b30f40c7fbbdeb995bbe7912fd538d9d44e52,/home/zyc/cess_d1r_168x16_reference_20260925/pmfs_10_13/rep_12_seed_2026106036/spatial/concentration.npy,/home/zyc/cess_d1r_168x16_reference_20260925/pmfs_10_13/rep_12_seed_2026106036/spatial/concentration.npy
64,pmfs_10_13,12,2026106037,pmfs_10_13/rep_13_seed_2026106037,fbcba0fd56bd03afb813c83e3574837df3e7b251c8417f51051749d5576c9ee3,/home/zyc/cess_d1r_168x16_reference_20260925/pmfs_10_13/rep_13_seed_2026106037/spatial/concentration.npy,/home/zyc/cess_d1r_168x16_reference_20260925/pmfs_10_13/rep_13_seed_2026106037/spatial/concentration.npy
64,pmfs_10_13,13,2026106038,pmfs_10_13/rep_14_seed_2026106038,db958d2a822b414b65f85eba2efa68a2f58c4c6336dffa838277f0b0ebae517c,/home/zyc/cess_d1r_168x16_reference_20260925/pmfs_10_13/rep_14_seed_2026106038/spatial/concentration.npy,/home/zyc/cess_d1r_168x16_reference_20260925/pmfs_10_13/rep_14_seed_2026106038/spatial/concentration.npy
64,pmfs_10_13,14,2026106039,pmfs_10_13/rep_15_seed_2026106039,30929c061b8cfebe70f50f5088babb2c92da999472ea2d4c8bd039e6b92fe2f9,/home/zyc/cess_d1r_168x16_reference_20260925/pmfs_10_13/rep_15_seed_2026106039/spatial/concentration.npy,/home/zyc/cess_d1r_168x16_reference_20260925/pmfs_10_13/rep_15_seed_2026106039/spatial/concentration.npy
64,pmfs_10_13,15,2026106040,pmfs_10_13/rep_16_seed_2026106040,176d21451d1b270c0ec994dcbf04fbf0fce13b18dda55ce896b3f6c7d8cba206,/home/zyc/cess_d1r_168x16_reference_20260925/pmfs_10_13/rep_16_seed_2026106040/spatial/concentration.npy,/home/zyc/cess_d1r_168x16_reference_20260925/pmfs_10_13/rep_16_seed_2026106040/spatial/concentration.npy
65,pmfs_10_14,0,2026106041,pmfs_10_14/rep_01_seed_2026106041,108642310cb756959b8185f766ba7df56a630550d0c0bf38f1067541d94c3bf7,/home/zyc/cess_d1r_168x16_reference_20260925/pmfs_10_14/rep_01_seed_2026106041/spatial/concentration.npy,/home/zyc/cess_d1r_168x16_reference_20260925/pmfs_10_14/rep_01_seed_2026106041/spatial/concentration.npy
65,pmfs_10_14,1,2026106042,pmfs_10_14/rep_02_seed_2026106042,b69ca578c2d6f850182420f18ae63e7cb8b81de0850710e57933bfc2562c23f9,/home/zyc/cess_d1r_168x16_reference_20260925/pmfs_10_14/rep_02_seed_2026106042/spatial/concentration.npy,/home/zyc/cess_d1r_168x16_reference_20260925/pmfs_10_14/rep_02_seed_2026106042/spatial/concentration.npy
65,pmfs_10_14,2,2026106043,pmfs_10_14/rep_03_seed_2026106043,b5b0465345c37465053af90853a9d7034d8cb99db446f12dda1b02bac40183db,/home/zyc/cess_d1r_168x16_reference_20260925/pmfs_10_14/rep_03_seed_2026106043/spatial/concentration.npy,/home/zyc/cess_d1r_168x16_reference_20260925/pmfs_10_14/rep_03_seed_2026106043/spatial/concentration.npy
65,pmfs_10_14,3,2026106044,pmfs_10_14/rep_04_seed_2026106044,45501312ede88b89f110536b9554bd31d6e84091e9304af1723d7e52f5e071e2,/home/zyc/cess_d1r_168x16_reference_20260925/pmfs_10_14/rep_04_seed_2026106044/spatial/concentration.npy,/home/zyc/cess_d1r_168x16_reference_20260925/pmfs_10_14/rep_04_seed_2026106044/spatial/concentration.npy
65,pmfs_10_14,4,2026106045,pmfs_10_14/rep_05_seed_2026106045,ec66e2e85ef6a85465e9cfbd0e766fabc36d0b518e0d5d1227a088711bbd17b0,/home/zyc/cess_d1r_168x16_reference_20260925/pmfs_10_14/rep_05_seed_2026106045/spatial/concentration.npy,/home/zyc/cess_d1r_168x16_reference_20260925/pmfs_10_14/rep_05_seed_2026106045/spatial/concentration.npy
65,pmfs_10_14,5,2026106046,pmfs_10_14/rep_06_seed_2026106046,c19e754d1bdbacf77a032e9291a593341a07d9157c3c7b6891454a1792143476,/home/zyc/cess_d1r_168x16_reference_20260925/pmfs_10_14/rep_06_seed_2026106046/spatial/concentration.npy,/home/zyc/cess_d1r_168x16_reference_20260925/pmfs_10_14/rep_06_seed_2026106046/spatial/concentration.npy
65,pmfs_10_14,6,2026106047,pmfs_10_14/rep_07_seed_2026106047,5770a9999bf210e6174cb7c98e971396d993e513daf03b6d852aa6ed11cc3838,/home/zyc/cess_d1r_168x16_reference_20260925/pmfs_10_14/rep_07_seed_2026106047/spatial/concentration.npy,/home/zyc/cess_d1r_168x16_reference_20260925/pmfs_10_14/rep_07_seed_2026106047/spatial/concentration.npy
65,pmfs_10_14,7,2026106048,pmfs_10_14/rep_08_seed_2026106048,ba0efd74ec8fb28dfd63ec8e84984e37e5d2614265de50ff70b0c241f6576623,/home/zyc/cess_d1r_168x16_reference_20260925/pmfs_10_14/rep_08_seed_2026106048/spatial/concentration.npy,/home/zyc/cess_d1r_168x16_reference_20260925/pmfs_10_14/rep_08_seed_2026106048/spatial/concentration.npy
65,pmfs_10_14,8,2026106049,pmfs_10_14/rep_09_seed_2026106049,409e26e1dc972d3a9555cf9dc311f39e0f28c110fec954188e6b8e0fdb19f893,/home/zyc/cess_d1r_168x16_reference_20260925/pmfs_10_14/rep_09_seed_2026106049/spatial/concentration.npy,/home/zyc/cess_d1r_168x16_reference_20260925/pmfs_10_14/rep_09_seed_2026106049/spatial/concentration.npy
65,pmfs_10_14,9,2026106050,pmfs_10_14/rep_10_seed_2026106050,2d396cbc8244f2d4c4dae1e3282d33b4fb65b06b4289f4c886672ec9d46ce1f7,/home/zyc/cess_d1r_168x16_reference_20260925/pmfs_10_14/rep_10_seed_2026106050/spatial/concentration.npy,/home/zyc/cess_d1r_168x16_reference_20260925/pmfs_10_14/rep_10_seed_2026106050/spatial/concentration.npy
65,pmfs_10_14,10,2026106051,pmfs_10_14/rep_11_seed_2026106051,2e1b68991a237678474e7b68e12dec5dc6f5f6feb0c1d5283c66a345016be39c,/home/zyc/cess_d1r_168x16_reference_20260925/pmfs_10_14/rep_11_seed_2026106051/spatial/concentration.npy,/home/zyc/cess_d1r_168x16_reference_20260925/pmfs_10_14/rep_11_seed_2026106051/spatial/concentration.npy
65,pmfs_10_14,11,2026106052,pmfs_10_14/rep_12_seed_2026106052,5e3596aa42906e5ad178861ec271fe2e9e99c95f4e9d9899f71ace178d3d2c61,/home/zyc/cess_d1r_168x16_reference_20260925/pmfs_10_14/rep_12_seed_2026106052/spatial/concentration.npy,/home/zyc/cess_d1r_168x16_reference_20260925/pmfs_10_14/rep_12_seed_2026106052/spatial/concentration.npy
65,pmfs_10_14,12,2026106053,pmfs_10_14/rep_13_seed_2026106053,3f0df74060b7c70e287ac50172a79e5a6f84c096f3e8013912cf37f21a641098,/home/zyc/cess_d1r_168x16_reference_20260925/pmfs_10_14/rep_13_seed_2026106053/spatial/concentration.npy,/home/zyc/cess_d1r_168x16_reference_20260925/pmfs_10_14/rep_13_seed_2026106053/spatial/concentration.npy
65,pmfs_10_14,13,2026106054,pmfs_10_14/rep_14_seed_2026106054,56c1d60f049ba1c90b1e9f450b3e8879816d88446f195b9ca8c626e47756c204,/home/zyc/cess_d1r_168x16_reference_20260925/pmfs_10_14/rep_14_seed_2026106054/spatial/concentration.npy,/home/zyc/cess_d1r_168x16_reference_20260925/pmfs_10_14/rep_14_seed_2026106054/spatial/concentration.npy
65,pmfs_10_14,14,2026106055,pmfs_10_14/rep_15_seed_2026106055,60083080e0f0d79a6a4df6826f72872dd9b003f280842fba30a0053a6ae17080,/home/zyc/cess_d1r_168x16_reference_20260925/pmfs_10_14/rep_15_seed_2026106055/spatial/concentration.npy,/home/zyc/cess_d1r_168x16_reference_20260925/pmfs_10_14/rep_15_seed_2026106055/spatial/concentration.npy
65,pmfs_10_14,15,2026106056,pmfs_10_14/rep_16_seed_2026106056,4889fa8225ac44ccaa3b0f52a4812d62f9ec3defdd81a8670fb17eeee7669399,/home/zyc/cess_d1r_168x16_reference_20260925/pmfs_10_14/rep_16_seed_2026106056/spatial/concentration.npy,/home/zyc/cess_d1r_168x16_reference_20260925/pmfs_10_14/rep_16_seed_2026106056/spatial/concentration.npy
66,pmfs_10_15,0,2026106057,pmfs_10_15/rep_01_seed_2026106057,102843c09e857952031da37bc12d64806946af52b8dd3053aa7cb69d3837a49f,/home/zyc/cess_d1r_168x16_reference_20260925/pmfs_10_15/rep_01_seed_2026106057/spatial/concentration.npy,/home/zyc/cess_d1r_168x16_reference_20260925/pmfs_10_15/rep_01_seed_2026106057/spatial/concentration.npy
66,pmfs_10_15,1,2026106058,pmfs_10_15/rep_02_seed_2026106058,72be13f576022174103d18ff63b55d32f9c423d503dc28fbcd3546c31fb7aac0,/home/zyc/cess_d1r_168x16_reference_20260925/pmfs_10_15/rep_02_seed_2026106058/spatial/concentration.npy,/home/zyc/cess_d1r_168x16_reference_20260925/pmfs_10_15/rep_02_seed_2026106058/spatial/concentration.npy
66,pmfs_10_15,2,2026106059,pmfs_10_15/rep_03_seed_2026106059,cba3204ae9263410c47ed9f1b015c6313eec950dcf695d2e34c1cc4ab6570235,/home/zyc/cess_d1r_168x16_reference_20260925/pmfs_10_15/rep_03_seed_2026106059/spatial/concentration.npy,/home/zyc/cess_d1r_168x16_reference_20260925/pmfs_10_15/rep_03_seed_2026106059/spatial/concentration.npy
66,pmfs_10_15,3,2026106060,pmfs_10_15/rep_04_seed_2026106060,66b26cbd476010e3ce47e68057568d1aa321f636ed93114035585b1525dc58fd,/home/zyc/cess_d1r_168x16_reference_20260925/pmfs_10_15/rep_04_seed_2026106060/spatial/concentration.npy,/home/zyc/cess_d1r_168x16_reference_20260925/pmfs_10_15/rep_04_seed_2026106060/spatial/concentration.npy
66,pmfs_10_15,4,2026106061,pmfs_10_15/rep_05_seed_2026106061,ffc3ace294de4d2e606a68bac5055346347c3a2cce4100ebf099e334a72c3344,/home/zyc/cess_d1r_168x16_reference_20260925/pmfs_10_15/rep_05_seed_2026106061/spatial/concentration.npy,/home/zyc/cess_d1r_168x16_reference_20260925/pmfs_10_15/rep_05_seed_2026106061/spatial/concentration.npy
66,pmfs_10_15,5,2026106062,pmfs_10_15/rep_06_seed_2026106062,96239ef08378e94b9504080da55188224982d31a92cc109a7326e03318483f22,/home/zyc/cess_d1r_168x16_reference_20260925/pmfs_10_15/rep_06_seed_2026106062/spatial/concentration.npy,/home/zyc/cess_d1r_168x16_reference_20260925/pmfs_10_15/rep_06_seed_2026106062/spatial/concentration.npy
66,pmfs_10_15,6,2026106063,pmfs_10_15/rep_07_seed_2026106063,c2b7ca470f20a822087afbd13aceffa2cdb6f3972698abae3bb96644e9c6c99b,/home/zyc/cess_d1r_168x16_reference_20260925/pmfs_10_15/rep_07_seed_2026106063/spatial/concentration.npy,/home/zyc/cess_d1r_168x16_reference_20260925/pmfs_10_15/rep_07_seed_2026106063/spatial/concentration.npy
66,pmfs_10_15,7,2026106064,pmfs_10_15/rep_08_seed_2026106064,f13b3dcaf2111bf8d45ab99b136325f951f5f8789956bb97bae1f085c6a5a231,/home/zyc/cess_d1r_168x16_reference_20260925/pmfs_10_15/rep_08_seed_2026106064/spatial/concentration.npy,/home/zyc/cess_d1r_168x16_reference_20260925/pmfs_10_15/rep_08_seed_2026106064/spatial/concentration.npy
66,pmfs_10_15,8,2026106065,pmfs_10_15/rep_09_seed_2026106065,5fa372a7aa0b0d18166fe58c25501d7c386cefeb65602980e23fc75e70405060,/home/zyc/cess_d1r_168x16_reference_20260925/pmfs_10_15/rep_09_seed_2026106065/spatial/concentration.npy,/home/zyc/cess_d1r_168x16_reference_20260925/pmfs_10_15/rep_09_seed_2026106065/spatial/concentration.npy
66,pmfs_10_15,9,2026106066,pmfs_10_15/rep_10_seed_2026106066,405fcffa79e1f2bc1a8cf4ca259776b512f1bd5806e0a96fdc2fc62a209f7fc2,/home/zyc/cess_d1r_168x16_reference_20260925/pmfs_10_15/rep_10_seed_2026106066/spatial/concentration.npy,/home/zyc/cess_d1r_168x16_reference_20260925/pmfs_10_15/rep_10_seed_2026106066/spatial/concentration.npy
66,pmfs_10_15,10,2026106067,pmfs_10_15/rep_11_seed_2026106067,b6e15d8b34a09195976ac6ee90d1d3b570e2a5a06e3eb5970e40af4139de1726,/home/zyc/cess_d1r_168x16_reference_20260925/pmfs_10_15/rep_11_seed_2026106067/spatial/concentration.npy,/home/zyc/cess_d1r_168x16_reference_20260925/pmfs_10_15/rep_11_seed_2026106067/spatial/concentration.npy
66,pmfs_10_15,11,2026106068,pmfs_10_15/rep_12_seed_2026106068,12a57043b68f8c0f4d63f548b4a8ba319c70c0b68a876d2df84613d911c98c32,/home/zyc/cess_d1r_168x16_reference_20260925/pmfs_10_15/rep_12_seed_2026106068/spatial/concentration.npy,/home/zyc/cess_d1r_168x16_reference_20260925/pmfs_10_15/rep_12_seed_2026106068/spatial/concentration.npy
66,pmfs_10_15,12,2026106069,pmfs_10_15/rep_13_seed_2026106069,fd3fff9e357907f7527d3ce335742394154ca9ed4013340cea8d3dfc0bee0516,/home/zyc/cess_d1r_168x16_reference_20260925/pmfs_10_15/rep_13_seed_2026106069/spatial/concentration.npy,/home/zyc/cess_d1r_168x16_reference_20260925/pmfs_10_15/rep_13_seed_2026106069/spatial/concentration.npy
66,pmfs_10_15,13,2026106070,pmfs_10_15/rep_14_seed_2026106070,eea33a0fc9895ef055c927e5ed1418638e4ba3cd373c98eb33d0f45b813a2bdd,/home/zyc/cess_d1r_168x16_reference_20260925/pmfs_10_15/rep_14_seed_2026106070/spatial/concentration.npy,/home/zyc/cess_d1r_168x16_reference_20260925/pmfs_10_15/rep_14_seed_2026106070/spatial/concentration.npy
66,pmfs_10_15,14,2026106071,pmfs_10_15/rep_15_seed_2026106071,a42abe554dad275c6ddd65526eaa01451fc28da14765f8fcf522a313abfc693e,/home/zyc/cess_d1r_168x16_reference_20260925/pmfs_10_15/rep_15_seed_2026106071/spatial/concentration.npy,/home/zyc/cess_d1r_168x16_reference_20260925/pmfs_10_15/rep_15_seed_2026106071/spatial/concentration.npy
66,pmfs_10_15,15,2026106072,pmfs_10_15/rep_16_seed_2026106072,f1bf1bfe9381810644bf0f9ebddac97588da0464c997e477c6453a8e64e6a53d,/home/zyc/cess_d1r_168x16_reference_20260925/pmfs_10_15/rep_16_seed_2026106072/spatial/concentration.npy,/home/zyc/cess_d1r_168x16_reference_20260925/pmfs_10_15/rep_16_seed_2026106072/spatial/concentration.npy
67,pmfs_10_16,0,2026106073,pmfs_10_16/rep_01_seed_2026106073,cc94518e7bd2ff1a7aafdbb14105f6a5aedf42be51501ce34dc7f4148f65d9b1,/home/zyc/cess_d1r_168x16_reference_20260925/pmfs_10_16/rep_01_seed_2026106073/spatial/concentration.npy,/home/zyc/cess_d1r_168x16_reference_20260925/pmfs_10_16/rep_01_seed_2026106073/spatial/concentration.npy
67,pmfs_10_16,1,2026106074,pmfs_10_16/rep_02_seed_2026106074,601e2e4c9c475f83350baa2f2958cf9f388324866739ced6605020ab915b75b3,/home/zyc/cess_d1r_168x16_reference_20260925/pmfs_10_16/rep_02_seed_2026106074/spatial/concentration.npy,/home/zyc/cess_d1r_168x16_reference_20260925/pmfs_10_16/rep_02_seed_2026106074/spatial/concentration.npy
67,pmfs_10_16,2,2026106075,pmfs_10_16/rep_03_seed_2026106075,dcbc558c363484857796c0a4ca312c1c25dcd3807902c01f7fb16889e56ebb5d,/home/zyc/cess_d1r_168x16_reference_20260925/pmfs_10_16/rep_03_seed_2026106075/spatial/concentration.npy,/home/zyc/cess_d1r_168x16_reference_20260925/pmfs_10_16/rep_03_seed_2026106075/spatial/concentration.npy
67,pmfs_10_16,3,2026106076,pmfs_10_16/rep_04_seed_2026106076,0c77c84ae6db034fed2e20ad044c2d6061e4cd9e65a0fbec55d57b73bce9d0f9,/home/zyc/cess_d1r_168x16_reference_20260925/pmfs_10_16/rep_04_seed_2026106076/spatial/concentration.npy,/home/zyc/cess_d1r_168x16_reference_20260925/pmfs_10_16/rep_04_seed_2026106076/spatial/concentration.npy
67,pmfs_10_16,4,2026106077,pmfs_10_16/rep_05_seed_2026106077,594112bb4dcb55e9a7779ae72821c16f8efef6521dfbf99fc214e43541f4b7c7,/home/zyc/cess_d1r_168x16_reference_20260925/pmfs_10_16/rep_05_seed_2026106077/spatial/concentration.npy,/home/zyc/cess_d1r_168x16_reference_20260925/pmfs_10_16/rep_05_seed_2026106077/spatial/concentration.npy
67,pmfs_10_16,5,2026106078,pmfs_10_16/rep_06_seed_2026106078,24c4d2223aa1cfd6a0e52450a7a487bb92eb5b04877c9bef399cf8f189ffa470,/home/zyc/cess_d1r_168x16_reference_20260925/pmfs_10_16/rep_06_seed_2026106078/spatial/concentration.npy,/home/zyc/cess_d1r_168x16_reference_20260925/pmfs_10_16/rep_06_seed_2026106078/spatial/concentration.npy
67,pmfs_10_16,6,2026106079,pmfs_10_16/rep_07_seed_2026106079,3f2e340be805f3cfd60e3f53e54930b4973c015486aa8b64e232e94310abc40a,/home/zyc/cess_d1r_168x16_reference_20260925/pmfs_10_16/rep_07_seed_2026106079/spatial/concentration.npy,/home/zyc/cess_d1r_168x16_reference_20260925/pmfs_10_16/rep_07_seed_2026106079/spatial/concentration.npy
67,pmfs_10_16,7,2026106080,pmfs_10_16/rep_08_seed_2026106080,e45b47df63df7b4d4b06b371804c9e1d1050034551b7a2bdc8cadd7d1e6d645b,/home/zyc/cess_d1r_168x16_reference_20260925/pmfs_10_16/rep_08_seed_2026106080/spatial/concentration.npy,/home/zyc/cess_d1r_168x16_reference_20260925/pmfs_10_16/rep_08_seed_2026106080/spatial/concentration.npy
67,pmfs_10_16,8,2026106081,pmfs_10_16/rep_09_seed_2026106081,c6f286524798ab6896bd9257f660368912754511e1b2effacd0f68fff8189f7e,/home/zyc/cess_d1r_168x16_reference_20260925/pmfs_10_16/rep_09_seed_2026106081/spatial/concentration.npy,/home/zyc/cess_d1r_168x16_reference_20260925/pmfs_10_16/rep_09_seed_2026106081/spatial/concentration.npy
67,pmfs_10_16,9,2026106082,pmfs_10_16/rep_10_seed_2026106082,ecee04a41d7f99d21cbe7acc796eac281c0adad5b4c7308fea9fafd77418f40b,/home/zyc/cess_d1r_168x16_reference_20260925/pmfs_10_16/rep_10_seed_2026106082/spatial/concentration.npy,/home/zyc/cess_d1r_168x16_reference_20260925/pmfs_10_16/rep_10_seed_2026106082/spatial/concentration.npy
67,pmfs_10_16,10,2026106083,pmfs_10_16/rep_11_seed_2026106083,86b6f2aa3486086d3f2503216289bcccd672eb3993cebea94ac2977964e53305,/home/zyc/cess_d1r_168x16_reference_20260925/pmfs_10_16/rep_11_seed_2026106083/spatial/concentration.npy,/home/zyc/cess_d1r_168x16_reference_20260925/pmfs_10_16/rep_11_seed_2026106083/spatial/concentration.npy
67,pmfs_10_16,11,2026106084,pmfs_10_16/rep_12_seed_2026106084,a55b664c91b7165904e611ca90c29a15ce3a191f5200fc672668e8ed38fad374,/home/zyc/cess_d1r_168x16_reference_20260925/pmfs_10_16/rep_12_seed_2026106084/spatial/concentration.npy,/home/zyc/cess_d1r_168x16_reference_20260925/pmfs_10_16/rep_12_seed_2026106084/spatial/concentration.npy
67,pmfs_10_16,12,2026106085,pmfs_10_16/rep_13_seed_2026106085,608d7eeffc45a069d710c09198e449ca97e830ef9621ed6a831f8ed4cb0a759a,/home/zyc/cess_d1r_168x16_reference_20260925/pmfs_10_16/rep_13_seed_2026106085/spatial/concentration.npy,/home/zyc/cess_d1r_168x16_reference_20260925/pmfs_10_16/rep_13_seed_2026106085/spatial/concentration.npy
67,pmfs_10_16,13,2026106086,pmfs_10_16/rep_14_seed_2026106086,4f61525022dea191b61d45b69b8f95c39b04d884d6f589d0248d86c1249bde2d,/home/zyc/cess_d1r_168x16_reference_20260925/pmfs_10_16/rep_14_seed_2026106086/spatial/concentration.npy,/home/zyc/cess_d1r_168x16_reference_20260925/pmfs_10_16/rep_14_seed_2026106086/spatial/concentration.npy
67,pmfs_10_16,14,2026106087,pmfs_10_16/rep_15_seed_2026106087,73711de5c321eed360d0246b262d5f282c1dd641fc4e39737ef15daf2db94d9b,/home/zyc/cess_d1r_168x16_reference_20260925/pmfs_10_16/rep_15_seed_2026106087/spatial/concentration.npy,/home/zyc/cess_d1r_168x16_reference_20260925/pmfs_10_16/rep_15_seed_2026106087/spatial/concentration.npy
67,pmfs_10_16,15,2026106088,pmfs_10_16/rep_16_seed_2026106088,fbf53afa1b5bddd19a914fb51b48802f5bba5d08a68b962d5b68ef4a3924be54,/home/zyc/cess_d1r_168x16_reference_20260925/pmfs_10_16/rep_16_seed_2026106088/spatial/concentration.npy,/home/zyc/cess_d1r_168x16_reference_20260925/pmfs_10_16/rep_16_seed_2026106088/spatial/concentration.npy
68,pmfs_10_17,0,2026106089,pmfs_10_17/rep_01_seed_2026106089,ce7e01297f1e0490280d8b3132e9d4d26c7f070e928d04b4802866fe9d7e9a98,/home/zyc/cess_d1r_168x16_reference_20260925/pmfs_10_17/rep_01_seed_2026106089/spatial/concentration.npy,/home/zyc/cess_d1r_168x16_reference_20260925/pmfs_10_17/rep_01_seed_2026106089/spatial/concentration.npy
68,pmfs_10_17,1,2026106090,pmfs_10_17/rep_02_seed_2026106090,56c44887b4473de655eae381380a49fc34c651a1b851b07e8994ec31f7f6c517,/home/zyc/cess_d1r_168x16_reference_20260925/pmfs_10_17/rep_02_seed_2026106090/spatial/concentration.npy,/home/zyc/cess_d1r_168x16_reference_20260925/pmfs_10_17/rep_02_seed_2026106090/spatial/concentration.npy
68,pmfs_10_17,2,2026106091,pmfs_10_17/rep_03_seed_2026106091,0a2e0e47a7b4428da677adf8b09ccd55a0bd6463977237b9ca7ca72ed6056196,/home/zyc/cess_d1r_168x16_reference_20260925/pmfs_10_17/rep_03_seed_2026106091/spatial/concentration.npy,/home/zyc/cess_d1r_168x16_reference_20260925/pmfs_10_17/rep_03_seed_2026106091/spatial/concentration.npy
68,pmfs_10_17,3,2026106092,pmfs_10_17/rep_04_seed_2026106092,c92f893a87d12f30ba29905b255126a1a65418b997e6e3872832612f2020673a,/home/zyc/cess_d1r_168x16_reference_20260925/pmfs_10_17/rep_04_seed_2026106092/spatial/concentration.npy,/home/zyc/cess_d1r_168x16_reference_20260925/pmfs_10_17/rep_04_seed_2026106092/spatial/concentration.npy
68,pmfs_10_17,4,2026106093,pmfs_10_17/rep_05_seed_2026106093,62cda095fb92e35b9db351ccafb894dcbeceddee7d7282ba18839da2f68106de,/home/zyc/cess_d1r_168x16_reference_20260925/pmfs_10_17/rep_05_seed_2026106093/spatial/concentration.npy,/home/zyc/cess_d1r_168x16_reference_20260925/pmfs_10_17/rep_05_seed_2026106093/spatial/concentration.npy
68,pmfs_10_17,5,2026106094,pmfs_10_17/rep_06_seed_2026106094,0437420eb87c800e53f036677e71664280e136b1d82fa92f088cf01f1da1efd6,/home/zyc/cess_d1r_168x16_reference_20260925/pmfs_10_17/rep_06_seed_2026106094/spatial/concentration.npy,/home/zyc/cess_d1r_168x16_reference_20260925/pmfs_10_17/rep_06_seed_2026106094/spatial/concentration.npy
68,pmfs_10_17,6,2026106095,pmfs_10_17/rep_07_seed_2026106095,e1e9d3c139a76654abd5e0fc85d5f650f060c87099f3812d257774f97c8c2d6f,/home/zyc/cess_d1r_168x16_reference_20260925/pmfs_10_17/rep_07_seed_2026106095/spatial/concentration.npy,/home/zyc/cess_d1r_168x16_reference_20260925/pmfs_10_17/rep_07_seed_2026106095/spatial/concentration.npy
68,pmfs_10_17,7,2026106096,pmfs_10_17/rep_08_seed_2026106096,3d07b3fccb48fbc6d8af0671f12b7cea496236c4b5c47713ea8c18323804a41e,/home/zyc/cess_d1r_168x16_reference_20260925/pmfs_10_17/rep_08_seed_2026106096/spatial/concentration.npy,/home/zyc/cess_d1r_168x16_reference_20260925/pmfs_10_17/rep_08_seed_2026106096/spatial/concentration.npy
68,pmfs_10_17,8,2026106097,pmfs_10_17/rep_09_seed_2026106097,498d912d4937dfc5e3f318f1de4bfb7557e0463199ffed26cf4cc41eca2012cf,/home/zyc/cess_d1r_168x16_reference_20260925/pmfs_10_17/rep_09_seed_2026106097/spatial/concentration.npy,/home/zyc/cess_d1r_168x16_reference_20260925/pmfs_10_17/rep_09_seed_2026106097/spatial/concentration.npy
68,pmfs_10_17,9,2026106098,pmfs_10_17/rep_10_seed_2026106098,61befe0add95db5629bf39afe2a07101613983a29bd3d88a2f2ff6422661a41d,/home/zyc/cess_d1r_168x16_reference_20260925/pmfs_10_17/rep_10_seed_2026106098/spatial/concentration.npy,/home/zyc/cess_d1r_168x16_reference_20260925/pmfs_10_17/rep_10_seed_2026106098/spatial/concentration.npy
68,pmfs_10_17,10,2026106099,pmfs_10_17/rep_11_seed_2026106099,59d3c131c3fa288a1be25276878e81e570b087e9dd3e5469f388c4260b526938,/home/zyc/cess_d1r_168x16_reference_20260925/pmfs_10_17/rep_11_seed_2026106099/spatial/concentration.npy,/home/zyc/cess_d1r_168x16_reference_20260925/pmfs_10_17/rep_11_seed_2026106099/spatial/concentration.npy
68,pmfs_10_17,11,2026106100,pmfs_10_17/rep_12_seed_2026106100,0e3f75ba7f33b7ed791551d7e60bf2a70457c305110d5e57df6ac6e0c2318e7c,/home/zyc/cess_d1r_168x16_reference_20260925/pmfs_10_17/rep_12_seed_2026106100/spatial/concentration.npy,/home/zyc/cess_d1r_168x16_reference_20260925/pmfs_10_17/rep_12_seed_2026106100/spatial/concentration.npy
68,pmfs_10_17,12,2026106101,pmfs_10_17/rep_13_seed_2026106101,ddddf54c5f2373687e7575343ab655ef2b57f50aaf20d277736f7e1ea9e6ebf2,/home/zyc/cess_d1r_168x16_reference_20260925/pmfs_10_17/rep_13_seed_2026106101/spatial/concentration.npy,/home/zyc/cess_d1r_168x16_reference_20260925/pmfs_10_17/rep_13_seed_2026106101/spatial/concentration.npy
68,pmfs_10_17,13,2026106102,pmfs_10_17/rep_14_seed_2026106102,6a4f26773653c1b7f42fd019d2b149adf631b1be6de33b21af8c4c2d4f93332f,/home/zyc/cess_d1r_168x16_reference_20260925/pmfs_10_17/rep_14_seed_2026106102/spatial/concentration.npy,/home/zyc/cess_d1r_168x16_reference_20260925/pmfs_10_17/rep_14_seed_2026106102/spatial/concentration.npy
68,pmfs_10_17,14,2026106103,pmfs_10_17/rep_15_seed_2026106103,8c47a0c1be5ed71a4cd213c968fa7a883f7ccb0a0f3b0d43645ef0d857e7e329,/home/zyc/cess_d1r_168x16_reference_20260925/pmfs_10_17/rep_15_seed_2026106103/spatial/concentration.npy,/home/zyc/cess_d1r_168x16_reference_20260925/pmfs_10_17/rep_15_seed_2026106103/spatial/concentration.npy
68,pmfs_10_17,15,2026106104,pmfs_10_17/rep_16_seed_2026106104,3eaa72d49028ff6df1075248400270c3ec230784875d510aeb6826ba812fbf73,/home/zyc/cess_d1r_168x16_reference_20260925/pmfs_10_17/rep_16_seed_2026106104/spatial/concentration.npy,/home/zyc/cess_d1r_168x16_reference_20260925/pmfs_10_17/rep_16_seed_2026106104/spatial/concentration.npy
69,pmfs_10_18,0,2026106105,pmfs_10_18/rep_01_seed_2026106105,da13a09765e49cca0b3b625f2a1411ecdb2c17d13e4e3b7f8da299cad1137065,/home/zyc/cess_d1r_168x16_reference_20260925/pmfs_10_18/rep_01_seed_2026106105/spatial/concentration.npy,/home/zyc/cess_d1r_168x16_reference_20260925/pmfs_10_18/rep_01_seed_2026106105/spatial/concentration.npy
69,pmfs_10_18,1,2026106106,pmfs_10_18/rep_02_seed_2026106106,84e047ddabba9a7695f9e1bd5fef5c33d5cd4813b3ae4742c732c688d9701770,/home/zyc/cess_d1r_168x16_reference_20260925/pmfs_10_18/rep_02_seed_2026106106/spatial/concentration.npy,/home/zyc/cess_d1r_168x16_reference_20260925/pmfs_10_18/rep_02_seed_2026106106/spatial/concentration.npy
69,pmfs_10_18,2,2026106107,pmfs_10_18/rep_03_seed_2026106107,8208958731db7e070d6bd518521dcaaf752221f154e03dd5e462fd8bb969d2ba,/home/zyc/cess_d1r_168x16_reference_20260925/pmfs_10_18/rep_03_seed_2026106107/spatial/concentration.npy,/home/zyc/cess_d1r_168x16_reference_20260925/pmfs_10_18/rep_03_seed_2026106107/spatial/concentration.npy
69,pmfs_10_18,3,2026106108,pmfs_10_18/rep_04_seed_2026106108,4c0d867465f49360c929c0a012476bd3fd8e736e40beb42948e5d023c58c1e55,/home/zyc/cess_d1r_168x16_reference_20260925/pmfs_10_18/rep_04_seed_2026106108/spatial/concentration.npy,/home/zyc/cess_d1r_168x16_reference_20260925/pmfs_10_18/rep_04_seed_2026106108/spatial/concentration.npy
69,pmfs_10_18,4,2026106109,pmfs_10_18/rep_05_seed_2026106109,1c60286fcaf45bdfcf4dbe803f32b9380901907356a11fb344777936755f0b4f,/home/zyc/cess_d1r_168x16_reference_20260925/pmfs_10_18/rep_05_seed_2026106109/spatial/concentration.npy,/home/zyc/cess_d1r_168x16_reference_20260925/pmfs_10_18/rep_05_seed_2026106109/spatial/concentration.npy
69,pmfs_10_18,5,2026106110,pmfs_10_18/rep_06_seed_2026106110,f757ef1bd147b97b7f42c4e12b9f0ce87fe2de1c9820b47a060cd909cc0ddff1,/home/zyc/cess_d1r_168x16_reference_20260925/pmfs_10_18/rep_06_seed_2026106110/spatial/concentration.npy,/home/zyc/cess_d1r_168x16_reference_20260925/pmfs_10_18/rep_06_seed_2026106110/spatial/concentration.npy
69,pmfs_10_18,6,2026106111,pmfs_10_18/rep_07_seed_2026106111,76f836bd9913aeee9d3d16000f856e1634440155737bdb840c30f71020d77318,/home/zyc/cess_d1r_168x16_reference_20260925/pmfs_10_18/rep_07_seed_2026106111/spatial/concentration.npy,/home/zyc/cess_d1r_168x16_reference_20260925/pmfs_10_18/rep_07_seed_2026106111/spatial/concentration.npy
69,pmfs_10_18,7,2026106112,pmfs_10_18/rep_08_seed_2026106112,6614b1334af191d296cf7e1a509895966378a36025acfef5dd4e6ba6781dc188,/home/zyc/cess_d1r_168x16_reference_20260925/pmfs_10_18/rep_08_seed_2026106112/spatial/concentration.npy,/home/zyc/cess_d1r_168x16_reference_20260925/pmfs_10_18/rep_08_seed_2026106112/spatial/concentration.npy
69,pmfs_10_18,8,2026106113,pmfs_10_18/rep_09_seed_2026106113,ae64740c6371817e388c76a024dd9850575371d7f56b689f2f8c7fe279152c46,/home/zyc/cess_d1r_168x16_reference_20260925/pmfs_10_18/rep_09_seed_2026106113/spatial/concentration.npy,/home/zyc/cess_d1r_168x16_reference_20260925/pmfs_10_18/rep_09_seed_2026106113/spatial/concentration.npy
69,pmfs_10_18,9,2026106114,pmfs_10_18/rep_10_seed_2026106114,cfab0590c8f60b92ed01c957d74d21632d282408d59452b1a0cd6b30fef4f36c,/home/zyc/cess_d1r_168x16_reference_20260925/pmfs_10_18/rep_10_seed_2026106114/spatial/concentration.npy,/home/zyc/cess_d1r_168x16_reference_20260925/pmfs_10_18/rep_10_seed_2026106114/spatial/concentration.npy
69,pmfs_10_18,10,2026106115,pmfs_10_18/rep_11_seed_2026106115,bdf1a3e3c907bb649e6642e684722e90ffe66ba1c02e7fcf5cf197b1f954a8e8,/home/zyc/cess_d1r_168x16_reference_20260925/pmfs_10_18/rep_11_seed_2026106115/spatial/concentration.npy,/home/zyc/cess_d1r_168x16_reference_20260925/pmfs_10_18/rep_11_seed_2026106115/spatial/concentration.npy
69,pmfs_10_18,11,2026106116,pmfs_10_18/rep_12_seed_2026106116,c737c913ef0356feb3287567a04f5257e914279641554b82a175781c93de6b49,/home/zyc/cess_d1r_168x16_reference_20260925/pmfs_10_18/rep_12_seed_2026106116/spatial/concentration.npy,/home/zyc/cess_d1r_168x16_reference_20260925/pmfs_10_18/rep_12_seed_2026106116/spatial/concentration.npy
69,pmfs_10_18,12,2026106117,pmfs_10_18/rep_13_seed_2026106117,6e62f860f71ced1ac46a17c6334f400dede6e3ad8b98f92bf3a59f030e3c4cf6,/home/zyc/cess_d1r_168x16_reference_20260925/pmfs_10_18/rep_13_seed_2026106117/spatial/concentration.npy,/home/zyc/cess_d1r_168x16_reference_20260925/pmfs_10_18/rep_13_seed_2026106117/spatial/concentration.npy
69,pmfs_10_18,13,2026106118,pmfs_10_18/rep_14_seed_2026106118,61ba9ca24edd2a52f7b7d0194b2a5b107151e814896cb27675c115d0a50b1de0,/home/zyc/cess_d1r_168x16_reference_20260925/pmfs_10_18/rep_14_seed_2026106118/spatial/concentration.npy,/home/zyc/cess_d1r_168x16_reference_20260925/pmfs_10_18/rep_14_seed_2026106118/spatial/concentration.npy
69,pmfs_10_18,14,2026106119,pmfs_10_18/rep_15_seed_2026106119,3dedabc3ab12be5c93abcc843315d7d46cf3748a69d82e3bda8038341c52e0d8,/home/zyc/cess_d1r_168x16_reference_20260925/pmfs_10_18/rep_15_seed_2026106119/spatial/concentration.npy,/home/zyc/cess_d1r_168x16_reference_20260925/pmfs_10_18/rep_15_seed_2026106119/spatial/concentration.npy
69,pmfs_10_18,15,2026106120,pmfs_10_18/rep_16_seed_2026106120,9bb61c890f88c36fb87eb5f835c07d8080430a6a0745f889987ca4e1fee88ca6,/home/zyc/cess_d1r_168x16_reference_20260925/pmfs_10_18/rep_16_seed_2026106120/spatial/concentration.npy,/home/zyc/cess_d1r_168x16_reference_20260925/pmfs_10_18/rep_16_seed_2026106120/spatial/concentration.npy
70,pmfs_11_12,0,2026106121,pmfs_11_12/rep_01_seed_2026106121,7541dde982a0698d033dbe7f97846363dedeb835eae55aa918b7ca3b7b6692ae,/home/zyc/cess_d1r_168x16_reference_20260925/pmfs_11_12/rep_01_seed_2026106121/spatial/concentration.npy,/home/zyc/cess_d1r_168x16_reference_20260925/pmfs_11_12/rep_01_seed_2026106121/spatial/concentration.npy
70,pmfs_11_12,1,2026106122,pmfs_11_12/rep_02_seed_2026106122,ef383599a4746d1829f2fe18edba8f8bf8a5f83c490a673287e1da795f8cfcad,/home/zyc/cess_d1r_168x16_reference_20260925/pmfs_11_12/rep_02_seed_2026106122/spatial/concentration.npy,/home/zyc/cess_d1r_168x16_reference_20260925/pmfs_11_12/rep_02_seed_2026106122/spatial/concentration.npy
70,pmfs_11_12,2,2026106123,pmfs_11_12/rep_03_seed_2026106123,b66e0c4184850fb7b83892c5d0d3b6f4955717eceefdac93b3c4075849552638,/home/zyc/cess_d1r_168x16_reference_20260925/pmfs_11_12/rep_03_seed_2026106123/spatial/concentration.npy,/home/zyc/cess_d1r_168x16_reference_20260925/pmfs_11_12/rep_03_seed_2026106123/spatial/concentration.npy
70,pmfs_11_12,3,2026106124,pmfs_11_12/rep_04_seed_2026106124,281d71411fac1974c7167e94bd284f49990e1d0fa9844903f187b15c7c8c51cc,/home/zyc/cess_d1r_168x16_reference_20260925/pmfs_11_12/rep_04_seed_2026106124/spatial/concentration.npy,/home/zyc/cess_d1r_168x16_reference_20260925/pmfs_11_12/rep_04_seed_2026106124/spatial/concentration.npy
70,pmfs_11_12,4,2026106125,pmfs_11_12/rep_05_seed_2026106125,aab53bf4a8819c9bbdab819fe667af6591ac43effbcdb6e798612226e89b294f,/home/zyc/cess_d1r_168x16_reference_20260925/pmfs_11_12/rep_05_seed_2026106125/spatial/concentration.npy,/home/zyc/cess_d1r_168x16_reference_20260925/pmfs_11_12/rep_05_seed_2026106125/spatial/concentration.npy
70,pmfs_11_12,5,2026106126,pmfs_11_12/rep_06_seed_2026106126,abf54e6b053c97871289cb997f3632ad0b15dda1e50cbb0ad781286d5c205397,/home/zyc/cess_d1r_168x16_reference_20260925/pmfs_11_12/rep_06_seed_2026106126/spatial/concentration.npy,/home/zyc/cess_d1r_168x16_reference_20260925/pmfs_11_12/rep_06_seed_2026106126/spatial/concentration.npy
70,pmfs_11_12,6,2026106127,pmfs_11_12/rep_07_seed_2026106127,59ffff83a0c8844819555234b11c7005307bea8927b3589479aa3021d16d9f76,/home/zyc/cess_d1r_168x16_reference_20260925/pmfs_11_12/rep_07_seed_2026106127/spatial/concentration.npy,/home/zyc/cess_d1r_168x16_reference_20260925/pmfs_11_12/rep_07_seed_2026106127/spatial/concentration.npy
70,pmfs_11_12,7,2026106128,pmfs_11_12/rep_08_seed_2026106128,df880038a42016999aaa887be401722e98a1c18ba483e1633595c155547a0e67,/home/zyc/cess_d1r_168x16_reference_20260925/pmfs_11_12/rep_08_seed_2026106128/spatial/concentration.npy,/home/zyc/cess_d1r_168x16_reference_20260925/pmfs_11_12/rep_08_seed_2026106128/spatial/concentration.npy
70,pmfs_11_12,8,2026106129,pmfs_11_12/rep_09_seed_2026106129,677d1593de937a070e0c4cbf8d6d9c7fb65ad8b204f54eb0b6ccd1243f8ed9ee,/home/zyc/cess_d1r_168x16_reference_20260925/pmfs_11_12/rep_09_seed_2026106129/spatial/concentration.npy,/home/zyc/cess_d1r_168x16_reference_20260925/pmfs_11_12/rep_09_seed_2026106129/spatial/concentration.npy
70,pmfs_11_12,9,2026106130,pmfs_11_12/rep_10_seed_2026106130,3577869aa1056022d538c0fd1b04acd3de1236084d04b89392fcfc25205b3ec5,/home/zyc/cess_d1r_168x16_reference_20260925/pmfs_11_12/rep_10_seed_2026106130/spatial/concentration.npy,/home/zyc/cess_d1r_168x16_reference_20260925/pmfs_11_12/rep_10_seed_2026106130/spatial/concentration.npy
70,pmfs_11_12,10,2026106131,pmfs_11_12/rep_11_seed_2026106131,420c6fc4d63b4085a7c89bbec283e44f22b2be71c1fa2e15b36a9500a0598f47,/home/zyc/cess_d1r_168x16_reference_20260925/pmfs_11_12/rep_11_seed_2026106131/spatial/concentration.npy,/home/zyc/cess_d1r_168x16_reference_20260925/pmfs_11_12/rep_11_seed_2026106131/spatial/concentration.npy
70,pmfs_11_12,11,2026106132,pmfs_11_12/rep_12_seed_2026106132,21ac70c724259bdac58167de311707148aa02c00b598bff7ffe89463bd15f3a0,/home/zyc/cess_d1r_168x16_reference_20260925/pmfs_11_12/rep_12_seed_2026106132/spatial/concentration.npy,/home/zyc/cess_d1r_168x16_reference_20260925/pmfs_11_12/rep_12_seed_2026106132/spatial/concentration.npy
70,pmfs_11_12,12,2026106133,pmfs_11_12/rep_13_seed_2026106133,d95b7043b08316c377940fddd1212837ebf0cf794499196fa27ba964ad4d3af3,/home/zyc/cess_d1r_168x16_reference_20260925/pmfs_11_12/rep_13_seed_2026106133/spatial/concentration.npy,/home/zyc/cess_d1r_168x16_reference_20260925/pmfs_11_12/rep_13_seed_2026106133/spatial/concentration.npy
70,pmfs_11_12,13,2026106134,pmfs_11_12/rep_14_seed_2026106134,5e687a94d12ce4446e5538f779cb1edcd604e606e61cefe52ac59147a5842daa,/home/zyc/cess_d1r_168x16_reference_20260925/pmfs_11_12/rep_14_seed_2026106134/spatial/concentration.npy,/home/zyc/cess_d1r_168x16_reference_20260925/pmfs_11_12/rep_14_seed_2026106134/spatial/concentration.npy
70,pmfs_11_12,14,2026106135,pmfs_11_12/rep_15_seed_2026106135,3634c9c044999d6c33673ab7729a69cb8de1fbbad3e907352e4b4095b1462038,/home/zyc/cess_d1r_168x16_reference_20260925/pmfs_11_12/rep_15_seed_2026106135/spatial/concentration.npy,/home/zyc/cess_d1r_168x16_reference_20260925/pmfs_11_12/rep_15_seed_2026106135/spatial/concentration.npy
70,pmfs_11_12,15,2026106136,pmfs_11_12/rep_16_seed_2026106136,9d0f26eceadfbca68d6201c1d866117cd7790959b3849c251dd20e8be5bb94c5,/home/zyc/cess_d1r_168x16_reference_20260925/pmfs_11_12/rep_16_seed_2026106136/spatial/concentration.npy,/home/zyc/cess_d1r_168x16_reference_20260925/pmfs_11_12/rep_16_seed_2026106136/spatial/concentration.npy
71,pmfs_11_13,0,2026106137,pmfs_11_13/rep_01_seed_2026106137,2539ad263685039cc0c99584cc0bf3065c632284a68dc1e40812a171e20b72a9,/home/zyc/cess_d1r_168x16_reference_20260925/pmfs_11_13/rep_01_seed_2026106137/spatial/concentration.npy,/home/zyc/cess_d1r_168x16_reference_20260925/pmfs_11_13/rep_01_seed_2026106137/spatial/concentration.npy
71,pmfs_11_13,1,2026106138,pmfs_11_13/rep_02_seed_2026106138,58200bf19308c1c2c48bc9ce5a8bbb3dd66f78a9689ecf67af367f2af5243375,/home/zyc/cess_d1r_168x16_reference_20260925/pmfs_11_13/rep_02_seed_2026106138/spatial/concentration.npy,/home/zyc/cess_d1r_168x16_reference_20260925/pmfs_11_13/rep_02_seed_2026106138/spatial/concentration.npy
71,pmfs_11_13,2,2026106139,pmfs_11_13/rep_03_seed_2026106139,f447779bd3f6f6832557ff62f087b789878bd66c0b0899e32bf8dc971450aa9c,/home/zyc/cess_d1r_168x16_reference_20260925/pmfs_11_13/rep_03_seed_2026106139/spatial/concentration.npy,/home/zyc/cess_d1r_168x16_reference_20260925/pmfs_11_13/rep_03_seed_2026106139/spatial/concentration.npy
71,pmfs_11_13,3,2026106140,pmfs_11_13/rep_04_seed_2026106140,9f1f2745163e31b5ff14be2e587b71c8b6b3b65517523f448d3478481fd027bb,/home/zyc/cess_d1r_168x16_reference_20260925/pmfs_11_13/rep_04_seed_2026106140/spatial/concentration.npy,/home/zyc/cess_d1r_168x16_reference_20260925/pmfs_11_13/rep_04_seed_2026106140/spatial/concentration.npy
71,pmfs_11_13,4,2026106141,pmfs_11_13/rep_05_seed_2026106141,790b146649f5f8b015b551910be9bc763cf6d72655218e65fb642671cf787a4c,/home/zyc/cess_d1r_168x16_reference_20260925/pmfs_11_13/rep_05_seed_2026106141/spatial/concentration.npy,/home/zyc/cess_d1r_168x16_reference_20260925/pmfs_11_13/rep_05_seed_2026106141/spatial/concentration.npy
71,pmfs_11_13,5,2026106142,pmfs_11_13/rep_06_seed_2026106142,d844ec6bba35dadada806e8c2599541a0e0d72cf20d89a1a3231e5aa6f79e6f9,/home/zyc/cess_d1r_168x16_reference_20260925/pmfs_11_13/rep_06_seed_2026106142/spatial/concentration.npy,/home/zyc/cess_d1r_168x16_reference_20260925/pmfs_11_13/rep_06_seed_2026106142/spatial/concentration.npy
71,pmfs_11_13,6,2026106143,pmfs_11_13/rep_07_seed_2026106143,45e7593dd17bce7b0947928e4e6010a4e231455301c56f235ab6ca5997aefee1,/home/zyc/cess_d1r_168x16_reference_20260925/pmfs_11_13/rep_07_seed_2026106143/spatial/concentration.npy,/home/zyc/cess_d1r_168x16_reference_20260925/pmfs_11_13/rep_07_seed_2026106143/spatial/concentration.npy
71,pmfs_11_13,7,2026106144,pmfs_11_13/rep_08_seed_2026106144,7d6cf6b6ab11382b9f25b0f9074364091269196ad354cb24232a22809bbbbee6,/home/zyc/cess_d1r_168x16_reference_20260925/pmfs_11_13/rep_08_seed_2026106144/spatial/concentration.npy,/home/zyc/cess_d1r_168x16_reference_20260925/pmfs_11_13/rep_08_seed_2026106144/spatial/concentration.npy
71,pmfs_11_13,8,2026106145,pmfs_11_13/rep_09_seed_2026106145,968971739a83b597d150ae7b084fc7faa25a489370b50749c856a58f28379f20,/home/zyc/cess_d1r_168x16_reference_20260925/pmfs_11_13/rep_09_seed_2026106145/spatial/concentration.npy,/home/zyc/cess_d1r_168x16_reference_20260925/pmfs_11_13/rep_09_seed_2026106145/spatial/concentration.npy
71,pmfs_11_13,9,2026106146,pmfs_11_13/rep_10_seed_2026106146,290cb7d137eafbd3273be013e7f688ef73471ad1d23015e44857bfd38cf45c2f,/home/zyc/cess_d1r_168x16_reference_20260925/pmfs_11_13/rep_10_seed_2026106146/spatial/concentration.npy,/home/zyc/cess_d1r_168x16_reference_20260925/pmfs_11_13/rep_10_seed_2026106146/spatial/concentration.npy
71,pmfs_11_13,10,2026106147,pmfs_11_13/rep_11_seed_2026106147,89d5a5dd3e448dfc41336354f32915d25faf826dc445ffd2b2582ce43c573fa5,/home/zyc/cess_d1r_168x16_reference_20260925/pmfs_11_13/rep_11_seed_2026106147/spatial/concentration.npy,/home/zyc/cess_d1r_168x16_reference_20260925/pmfs_11_13/rep_11_seed_2026106147/spatial/concentration.npy
71,pmfs_11_13,11,2026106148,pmfs_11_13/rep_12_seed_2026106148,6746cc5d868b08cfc360982b379778bfcbd23241f2de9017aa2ad599d05bf086,/home/zyc/cess_d1r_168x16_reference_20260925/pmfs_11_13/rep_12_seed_2026106148/spatial/concentration.npy,/home/zyc/cess_d1r_168x16_reference_20260925/pmfs_11_13/rep_12_seed_2026106148/spatial/concentration.npy
71,pmfs_11_13,12,2026106149,pmfs_11_13/rep_13_seed_2026106149,67c27bf5e7e6540c910bce9ea50fc4a7ca0d97c593660d94e96fac76faae7c64,/home/zyc/cess_d1r_168x16_reference_20260925/pmfs_11_13/rep_13_seed_2026106149/spatial/concentration.npy,/home/zyc/cess_d1r_168x16_reference_20260925/pmfs_11_13/rep_13_seed_2026106149/spatial/concentration.npy
71,pmfs_11_13,13,2026106150,pmfs_11_13/rep_14_seed_2026106150,232b88160abd9e7cfae9a7f90c30a881d9fcd32d11bf6f512f7e3d01381700b9,/home/zyc/cess_d1r_168x16_reference_20260925/pmfs_11_13/rep_14_seed_2026106150/spatial/concentration.npy,/home/zyc/cess_d1r_168x16_reference_20260925/pmfs_11_13/rep_14_seed_2026106150/spatial/concentration.npy
71,pmfs_11_13,14,2026106151,pmfs_11_13/rep_15_seed_2026106151,ae57ee237176a2e13459a297f779366be02ca1b5aba7d813bbf20f9d6d0f47d5,/home/zyc/cess_d1r_168x16_reference_20260925/pmfs_11_13/rep_15_seed_2026106151/spatial/concentration.npy,/home/zyc/cess_d1r_168x16_reference_20260925/pmfs_11_13/rep_15_seed_2026106151/spatial/concentration.npy
71,pmfs_11_13,15,2026106152,pmfs_11_13/rep_16_seed_2026106152,07e648449df88d7f15ff4b481d483af243ad07cfa1badeeb0d20a97bd027806e,/home/zyc/cess_d1r_168x16_reference_20260925/pmfs_11_13/rep_16_seed_2026106152/spatial/concentration.npy,/home/zyc/cess_d1r_168x16_reference_20260925/pmfs_11_13/rep_16_seed_2026106152/spatial/concentration.npy
72,pmfs_11_14,0,2026106153,pmfs_11_14/rep_01_seed_2026106153,f1a36b06254170a8201eca52d251bf4934b91d8d166a05cd55efc945f3147023,/home/zyc/cess_d1r_168x16_reference_20260925/pmfs_11_14/rep_01_seed_2026106153/spatial/concentration.npy,/home/zyc/cess_d1r_168x16_reference_20260925/pmfs_11_14/rep_01_seed_2026106153/spatial/concentration.npy
72,pmfs_11_14,1,2026106154,pmfs_11_14/rep_02_seed_2026106154,83761cbcb7c3b2a8ac13302ab69f8be4c869149f66d5b9f6be5803f797d65995,/home/zyc/cess_d1r_168x16_reference_20260925/pmfs_11_14/rep_02_seed_2026106154/spatial/concentration.npy,/home/zyc/cess_d1r_168x16_reference_20260925/pmfs_11_14/rep_02_seed_2026106154/spatial/concentration.npy
72,pmfs_11_14,2,2026106155,pmfs_11_14/rep_03_seed_2026106155,be4a711b893fe193e9a4b8224e7e9c671ee863dd6ae52ba37ad3cba6e5f2daf4,/home/zyc/cess_d1r_168x16_reference_20260925/pmfs_11_14/rep_03_seed_2026106155/spatial/concentration.npy,/home/zyc/cess_d1r_168x16_reference_20260925/pmfs_11_14/rep_03_seed_2026106155/spatial/concentration.npy
72,pmfs_11_14,3,2026106156,pmfs_11_14/rep_04_seed_2026106156,0a8ea0b5734812fe5de64db35930568145cdea4067d387a6c1b847a95c2fad77,/home/zyc/cess_d1r_168x16_reference_20260925/pmfs_11_14/rep_04_seed_2026106156/spatial/concentration.npy,/home/zyc/cess_d1r_168x16_reference_20260925/pmfs_11_14/rep_04_seed_2026106156/spatial/concentration.npy
72,pmfs_11_14,4,2026106157,pmfs_11_14/rep_05_seed_2026106157,af86671d9ad1169fd3ca3bfa6fea7d6a9b477830cb4378791344cb14c9745e6d,/home/zyc/cess_d1r_168x16_reference_20260925/pmfs_11_14/rep_05_seed_2026106157/spatial/concentration.npy,/home/zyc/cess_d1r_168x16_reference_20260925/pmfs_11_14/rep_05_seed_2026106157/spatial/concentration.npy
72,pmfs_11_14,5,2026106158,pmfs_11_14/rep_06_seed_2026106158,626226d4862c4a8f3e741252e8feaf2e395d4dbfc9ec7f175620c8efbf26a412,/home/zyc/cess_d1r_168x16_reference_20260925/pmfs_11_14/rep_06_seed_2026106158/spatial/concentration.npy,/home/zyc/cess_d1r_168x16_reference_20260925/pmfs_11_14/rep_06_seed_2026106158/spatial/concentration.npy
72,pmfs_11_14,6,2026106159,pmfs_11_14/rep_07_seed_2026106159,36452d3ac407c5da650ec560f904f3e156326f442e69d23356571babb52736b3,/home/zyc/cess_d1r_168x16_reference_20260925/pmfs_11_14/rep_07_seed_2026106159/spatial/concentration.npy,/home/zyc/cess_d1r_168x16_reference_20260925/pmfs_11_14/rep_07_seed_2026106159/spatial/concentration.npy
72,pmfs_11_14,7,2026106160,pmfs_11_14/rep_08_seed_2026106160,d90d93a4eed1516c96064d5d37adf147d46c39de32eea9650cdf75de653b90c1,/home/zyc/cess_d1r_168x16_reference_20260925/pmfs_11_14/rep_08_seed_2026106160/spatial/concentration.npy,/home/zyc/cess_d1r_168x16_reference_20260925/pmfs_11_14/rep_08_seed_2026106160/spatial/concentration.npy
72,pmfs_11_14,8,2026106161,pmfs_11_14/rep_09_seed_2026106161,a606a26b790be2ecfa2519c56fbb145b03a236b0d000b9476d811f369c8f3e6e,/home/zyc/cess_d1r_168x16_reference_20260925/pmfs_11_14/rep_09_seed_2026106161/spatial/concentration.npy,/home/zyc/cess_d1r_168x16_reference_20260925/pmfs_11_14/rep_09_seed_2026106161/spatial/concentration.npy
72,pmfs_11_14,9,2026106162,pmfs_11_14/rep_10_seed_2026106162,611df67f8deaba0882ede7bdb77d74f7fe697ab666ab3d7c746f1f17a33fe78b,/home/zyc/cess_d1r_168x16_reference_20260925/pmfs_11_14/rep_10_seed_2026106162/spatial/concentration.npy,/home/zyc/cess_d1r_168x16_reference_20260925/pmfs_11_14/rep_10_seed_2026106162/spatial/concentration.npy
72,pmfs_11_14,10,2026106163,pmfs_11_14/rep_11_seed_2026106163,1ab514a4a5f2d5bc9d1b3726f739f60ebf6e97fbc0e6b5d0c3d8d7bf40e23e56,/home/zyc/cess_d1r_168x16_reference_20260925/pmfs_11_14/rep_11_seed_2026106163/spatial/concentration.npy,/home/zyc/cess_d1r_168x16_reference_20260925/pmfs_11_14/rep_11_seed_2026106163/spatial/concentration.npy
72,pmfs_11_14,11,2026106164,pmfs_11_14/rep_12_seed_2026106164,dd537e87149219ab85b59193b53afa16f304736d2a9af969ab18477f7aef2f61,/home/zyc/cess_d1r_168x16_reference_20260925/pmfs_11_14/rep_12_seed_2026106164/spatial/concentration.npy,/home/zyc/cess_d1r_168x16_reference_20260925/pmfs_11_14/rep_12_seed_2026106164/spatial/concentration.npy
72,pmfs_11_14,12,2026106165,pmfs_11_14/rep_13_seed_2026106165,0f2f1737db081f13652b43bc33bbc515868e271888dadc8c8eb9e6a6c83afda4,/home/zyc/cess_d1r_168x16_reference_20260925/pmfs_11_14/rep_13_seed_2026106165/spatial/concentration.npy,/home/zyc/cess_d1r_168x16_reference_20260925/pmfs_11_14/rep_13_seed_2026106165/spatial/concentration.npy
72,pmfs_11_14,13,2026106166,pmfs_11_14/rep_14_seed_2026106166,c199356c95db58daf52db8a93ff8bc7ba9993c12e2e2e75397175ff9866088e2,/home/zyc/cess_d1r_168x16_reference_20260925/pmfs_11_14/rep_14_seed_2026106166/spatial/concentration.npy,/home/zyc/cess_d1r_168x16_reference_20260925/pmfs_11_14/rep_14_seed_2026106166/spatial/concentration.npy
72,pmfs_11_14,14,2026106167,pmfs_11_14/rep_15_seed_2026106167,8675b8e8f9efa5e0e85dfbcbdcca5ccd374274462017056c0c750a0622c67b63,/home/zyc/cess_d1r_168x16_reference_20260925/pmfs_11_14/rep_15_seed_2026106167/spatial/concentration.npy,/home/zyc/cess_d1r_168x16_reference_20260925/pmfs_11_14/rep_15_seed_2026106167/spatial/concentration.npy
72,pmfs_11_14,15,2026106168,pmfs_11_14/rep_16_seed_2026106168,9290d444c6344053d16b36f277331036802826db04d402900a75542bfc47e3c2,/home/zyc/cess_d1r_168x16_reference_20260925/pmfs_11_14/rep_16_seed_2026106168/spatial/concentration.npy,/home/zyc/cess_d1r_168x16_reference_20260925/pmfs_11_14/rep_16_seed_2026106168/spatial/concentration.npy
73,pmfs_11_15,0,2026106169,pmfs_11_15/rep_01_seed_2026106169,b0d326c113f6500a846a90368dcf11ebc0df43f99448cb61308d11f404477560,/home/zyc/cess_d1r_168x16_reference_20260925/pmfs_11_15/rep_01_seed_2026106169/spatial/concentration.npy,/home/zyc/cess_d1r_168x16_reference_20260925/pmfs_11_15/rep_01_seed_2026106169/spatial/concentration.npy
73,pmfs_11_15,1,2026106170,pmfs_11_15/rep_02_seed_2026106170,ede7241f8d251e9e16c72b0bd092a116a58435a7fc986ac2e0ac587600166e87,/home/zyc/cess_d1r_168x16_reference_20260925/pmfs_11_15/rep_02_seed_2026106170/spatial/concentration.npy,/home/zyc/cess_d1r_168x16_reference_20260925/pmfs_11_15/rep_02_seed_2026106170/spatial/concentration.npy
73,pmfs_11_15,2,2026106171,pmfs_11_15/rep_03_seed_2026106171,11fa84aba429987d6809bf2fdf75f009653fdd474e8ff7592d0361a8970860ff,/home/zyc/cess_d1r_168x16_reference_20260925/pmfs_11_15/rep_03_seed_2026106171/spatial/concentration.npy,/home/zyc/cess_d1r_168x16_reference_20260925/pmfs_11_15/rep_03_seed_2026106171/spatial/concentration.npy
73,pmfs_11_15,3,2026106172,pmfs_11_15/rep_04_seed_2026106172,4a5bc2c5c3edc751b742b56d5f9c4285e1ba25c412eb6152d6997faa0c25c331,/home/zyc/cess_d1r_168x16_reference_20260925/pmfs_11_15/rep_04_seed_2026106172/spatial/concentration.npy,/home/zyc/cess_d1r_168x16_reference_20260925/pmfs_11_15/rep_04_seed_2026106172/spatial/concentration.npy
73,pmfs_11_15,4,2026106173,pmfs_11_15/rep_05_seed_2026106173,3801a6c17e6f1b4b6d8ac333b9ff0370c9bf9dbaf91936157611cd7564afab9a,/home/zyc/cess_d1r_168x16_reference_20260925/pmfs_11_15/rep_05_seed_2026106173/spatial/concentration.npy,/home/zyc/cess_d1r_168x16_reference_20260925/pmfs_11_15/rep_05_seed_2026106173/spatial/concentration.npy
73,pmfs_11_15,5,2026106174,pmfs_11_15/rep_06_seed_2026106174,3197b94efeb67b97afcf2b1055a044bf9bd93d91a355d281eb745b48066d1d4e,/home/zyc/cess_d1r_168x16_reference_20260925/pmfs_11_15/rep_06_seed_2026106174/spatial/concentration.npy,/home/zyc/cess_d1r_168x16_reference_20260925/pmfs_11_15/rep_06_seed_2026106174/spatial/concentration.npy
73,pmfs_11_15,6,2026106175,pmfs_11_15/rep_07_seed_2026106175,ee659fdb4abfa2b0d8cab1228e0694f3cf79851987b36d0c1385a0e5ab8613fe,/home/zyc/cess_d1r_168x16_reference_20260925/pmfs_11_15/rep_07_seed_2026106175/spatial/concentration.npy,/home/zyc/cess_d1r_168x16_reference_20260925/pmfs_11_15/rep_07_seed_2026106175/spatial/concentration.npy
73,pmfs_11_15,7,2026106176,pmfs_11_15/rep_08_seed_2026106176,63192d16039c6fea8efa3dac9c8a469de642436e340b07c897397b394c6d1899,/home/zyc/cess_d1r_168x16_reference_20260925/pmfs_11_15/rep_08_seed_2026106176/spatial/concentration.npy,/home/zyc/cess_d1r_168x16_reference_20260925/pmfs_11_15/rep_08_seed_2026106176/spatial/concentration.npy
73,pmfs_11_15,8,2026106177,pmfs_11_15/rep_09_seed_2026106177,7f61646eaaf33b0b600da615f398354ccf2ca15c091a5918a175669c342f64f5,/home/zyc/cess_d1r_168x16_reference_20260925/pmfs_11_15/rep_09_seed_2026106177/spatial/concentration.npy,/home/zyc/cess_d1r_168x16_reference_20260925/pmfs_11_15/rep_09_seed_2026106177/spatial/concentration.npy
73,pmfs_11_15,9,2026106178,pmfs_11_15/rep_10_seed_2026106178,f13283e168284507256693c94ef1bea0b378abcd8fe9addc08e36f4460dce0db,/home/zyc/cess_d1r_168x16_reference_20260925/pmfs_11_15/rep_10_seed_2026106178/spatial/concentration.npy,/home/zyc/cess_d1r_168x16_reference_20260925/pmfs_11_15/rep_10_seed_2026106178/spatial/concentration.npy
73,pmfs_11_15,10,2026106179,pmfs_11_15/rep_11_seed_2026106179,d8d84d083f7ee031cb0d44ea50d8e95c29b70b4f1aae7763405a68aa57708cd1,/home/zyc/cess_d1r_168x16_reference_20260925/pmfs_11_15/rep_11_seed_2026106179/spatial/concentration.npy,/home/zyc/cess_d1r_168x16_reference_20260925/pmfs_11_15/rep_11_seed_2026106179/spatial/concentration.npy
73,pmfs_11_15,11,2026106180,pmfs_11_15/rep_12_seed_2026106180,58d7e6b9417a85d62f148629e487459d29496569c033f41eb1ec4ae1165c385f,/home/zyc/cess_d1r_168x16_reference_20260925/pmfs_11_15/rep_12_seed_2026106180/spatial/concentration.npy,/home/zyc/cess_d1r_168x16_reference_20260925/pmfs_11_15/rep_12_seed_2026106180/spatial/concentration.npy
73,pmfs_11_15,12,2026106181,pmfs_11_15/rep_13_seed_2026106181,4c3223052d9f4a2362f24bef9062e9924e38234ca5fc65345f1c8cfabb609309,/home/zyc/cess_d1r_168x16_reference_20260925/pmfs_11_15/rep_13_seed_2026106181/spatial/concentration.npy,/home/zyc/cess_d1r_168x16_reference_20260925/pmfs_11_15/rep_13_seed_2026106181/spatial/concentration.npy
73,pmfs_11_15,13,2026106182,pmfs_11_15/rep_14_seed_2026106182,40c438833e3d3e1fb54efb4fcf89f4381392280798132cf1c02b1240b26a9a27,/home/zyc/cess_d1r_168x16_reference_20260925/pmfs_11_15/rep_14_seed_2026106182/spatial/concentration.npy,/home/zyc/cess_d1r_168x16_reference_20260925/pmfs_11_15/rep_14_seed_2026106182/spatial/concentration.npy
73,pmfs_11_15,14,2026106183,pmfs_11_15/rep_15_seed_2026106183,b14f59ee6e20206a0d8f99b0ef9bb1e5b92550d383541780e46ce8cc923580c1,/home/zyc/cess_d1r_168x16_reference_20260925/pmfs_11_15/rep_15_seed_2026106183/spatial/concentration.npy,/home/zyc/cess_d1r_168x16_reference_20260925/pmfs_11_15/rep_15_seed_2026106183/spatial/concentration.npy
73,pmfs_11_15,15,2026106184,pmfs_11_15/rep_16_seed_2026106184,b7ad909789dcad844401b531817a24d33fbb678936f402bcb2ae86f25d5f52d2,/home/zyc/cess_d1r_168x16_reference_20260925/pmfs_11_15/rep_16_seed_2026106184/spatial/concentration.npy,/home/zyc/cess_d1r_168x16_reference_20260925/pmfs_11_15/rep_16_seed_2026106184/spatial/concentration.npy
74,pmfs_11_16,0,2026106185,pmfs_11_16/rep_01_seed_2026106185,20d681d2d01416214ad4599e95576fe292536f2c21455bbeabb14f2adef38aef,/home/zyc/cess_d1r_168x16_reference_20260925/pmfs_11_16/rep_01_seed_2026106185/spatial/concentration.npy,/home/zyc/cess_d1r_168x16_reference_20260925/pmfs_11_16/rep_01_seed_2026106185/spatial/concentration.npy
74,pmfs_11_16,1,2026106186,pmfs_11_16/rep_02_seed_2026106186,c561b1a0829a6f9bd1631d795009fbb6ef032c1bcc3c5cf360c18a3ac28a9d02,/home/zyc/cess_d1r_168x16_reference_20260925/pmfs_11_16/rep_02_seed_2026106186/spatial/concentration.npy,/home/zyc/cess_d1r_168x16_reference_20260925/pmfs_11_16/rep_02_seed_2026106186/spatial/concentration.npy
74,pmfs_11_16,2,2026106187,pmfs_11_16/rep_03_seed_2026106187,81dc441b4dc6098b1fd6a3196cef70128febd4d62e6d0df343a98cb70acf38d4,/home/zyc/cess_d1r_168x16_reference_20260925/pmfs_11_16/rep_03_seed_2026106187/spatial/concentration.npy,/home/zyc/cess_d1r_168x16_reference_20260925/pmfs_11_16/rep_03_seed_2026106187/spatial/concentration.npy
74,pmfs_11_16,3,2026106188,pmfs_11_16/rep_04_seed_2026106188,b40be9b01f0631066dc14ef1f87d518455d218e1fc7dd1ffb63c3d3918afab1e,/home/zyc/cess_d1r_168x16_reference_20260925/pmfs_11_16/rep_04_seed_2026106188/spatial/concentration.npy,/home/zyc/cess_d1r_168x16_reference_20260925/pmfs_11_16/rep_04_seed_2026106188/spatial/concentration.npy
74,pmfs_11_16,4,2026106189,pmfs_11_16/rep_05_seed_2026106189,d2383c3acb8762c62793e7aa24dcc891be71f15c263e9d3b618bba5e7e8874ae,/home/zyc/cess_d1r_168x16_reference_20260925/pmfs_11_16/rep_05_seed_2026106189/spatial/concentration.npy,/home/zyc/cess_d1r_168x16_reference_20260925/pmfs_11_16/rep_05_seed_2026106189/spatial/concentration.npy
74,pmfs_11_16,5,2026106190,pmfs_11_16/rep_06_seed_2026106190,051dbee5c5f8ed2fe0172c4b2c83570dd4729c27f232f83b8a0d9831d4494e83,/home/zyc/cess_d1r_168x16_reference_20260925/pmfs_11_16/rep_06_seed_2026106190/spatial/concentration.npy,/home/zyc/cess_d1r_168x16_reference_20260925/pmfs_11_16/rep_06_seed_2026106190/spatial/concentration.npy
74,pmfs_11_16,6,2026106191,pmfs_11_16/rep_07_seed_2026106191,f085f6d8fa2eec6184a04136086603f053842a52cae9f22fb4533153f88c995c,/home/zyc/cess_d1r_168x16_reference_20260925/pmfs_11_16/rep_07_seed_2026106191/spatial/concentration.npy,/home/zyc/cess_d1r_168x16_reference_20260925/pmfs_11_16/rep_07_seed_2026106191/spatial/concentration.npy
74,pmfs_11_16,7,2026106192,pmfs_11_16/rep_08_seed_2026106192,8ff8fbc9a2ac0ddc2215a3734269de0174051de4ac4f7af3280bd89e54cb4d22,/home/zyc/cess_d1r_168x16_reference_20260925/pmfs_11_16/rep_08_seed_2026106192/spatial/concentration.npy,/home/zyc/cess_d1r_168x16_reference_20260925/pmfs_11_16/rep_08_seed_2026106192/spatial/concentration.npy
74,pmfs_11_16,8,2026106193,pmfs_11_16/rep_09_seed_2026106193,802453dcd50f4677f94c7bea5f773344ad15ae3dca5b28e62cf1d4cc74b73bbf,/home/zyc/cess_d1r_168x16_reference_20260925/pmfs_11_16/rep_09_seed_2026106193/spatial/concentration.npy,/home/zyc/cess_d1r_168x16_reference_20260925/pmfs_11_16/rep_09_seed_2026106193/spatial/concentration.npy
74,pmfs_11_16,9,2026106194,pmfs_11_16/rep_10_seed_2026106194,4989bb9bb50015258671f268cb92ae90be064b224bf79295329c8e47b0c94827,/home/zyc/cess_d1r_168x16_reference_20260925/pmfs_11_16/rep_10_seed_2026106194/spatial/concentration.npy,/home/zyc/cess_d1r_168x16_reference_20260925/pmfs_11_16/rep_10_seed_2026106194/spatial/concentration.npy
74,pmfs_11_16,10,2026106195,pmfs_11_16/rep_11_seed_2026106195,926cb87d0e4d226672fabb26bd1d1e8baa5b0858e70a25102352dc5afc8c6532,/home/zyc/cess_d1r_168x16_reference_20260925/pmfs_11_16/rep_11_seed_2026106195/spatial/concentration.npy,/home/zyc/cess_d1r_168x16_reference_20260925/pmfs_11_16/rep_11_seed_2026106195/spatial/concentration.npy
74,pmfs_11_16,11,2026106196,pmfs_11_16/rep_12_seed_2026106196,383beaa39a3854e896c1011bb91c7dbbe28d8178b96fe59c008039601f5b6678,/home/zyc/cess_d1r_168x16_reference_20260925/pmfs_11_16/rep_12_seed_2026106196/spatial/concentration.npy,/home/zyc/cess_d1r_168x16_reference_20260925/pmfs_11_16/rep_12_seed_2026106196/spatial/concentration.npy
74,pmfs_11_16,12,2026106197,pmfs_11_16/rep_13_seed_2026106197,bd6cbab459ed9eb2e7530390e10495bf43484fa81791559563b14fe5770fb346,/home/zyc/cess_d1r_168x16_reference_20260925/pmfs_11_16/rep_13_seed_2026106197/spatial/concentration.npy,/home/zyc/cess_d1r_168x16_reference_20260925/pmfs_11_16/rep_13_seed_2026106197/spatial/concentration.npy
74,pmfs_11_16,13,2026106198,pmfs_11_16/rep_14_seed_2026106198,cf519ec30156b7a73420dbf01545b1d4fcf1f08c4e1a26412035dd619ff8b7a0,/home/zyc/cess_d1r_168x16_reference_20260925/pmfs_11_16/rep_14_seed_2026106198/spatial/concentration.npy,/home/zyc/cess_d1r_168x16_reference_20260925/pmfs_11_16/rep_14_seed_2026106198/spatial/concentration.npy
74,pmfs_11_16,14,2026106199,pmfs_11_16/rep_15_seed_2026106199,1c93314015abf2bd78f7ec56bd4075336670bb0530ed92d60e2190aa3279d7cd,/home/zyc/cess_d1r_168x16_reference_20260925/pmfs_11_16/rep_15_seed_2026106199/spatial/concentration.npy,/home/zyc/cess_d1r_168x16_reference_20260925/pmfs_11_16/rep_15_seed_2026106199/spatial/concentration.npy
74,pmfs_11_16,15,2026106200,pmfs_11_16/rep_16_seed_2026106200,722f9239751fac209a5deefb6b0c1fa002f5b1f1b20554ef4b6121aad0c7cadd,/home/zyc/cess_d1r_168x16_reference_20260925/pmfs_11_16/rep_16_seed_2026106200/spatial/concentration.npy,/home/zyc/cess_d1r_168x16_reference_20260925/pmfs_11_16/rep_16_seed_2026106200/spatial/concentration.npy
75,pmfs_11_17,0,2026106201,pmfs_11_17/rep_01_seed_2026106201,b741c2284a580be438213139aae9dff9ace4f7a7c086893eba816bfd66110618,/home/zyc/cess_d1r_168x16_reference_20260925/pmfs_11_17/rep_01_seed_2026106201/spatial/concentration.npy,/home/zyc/cess_d1r_168x16_reference_20260925/pmfs_11_17/rep_01_seed_2026106201/spatial/concentration.npy
75,pmfs_11_17,1,2026106202,pmfs_11_17/rep_02_seed_2026106202,375e8367a4e1fbcdb3397bac9d3626ce3b4ad43c215c077fcbff6fbdab4daef7,/home/zyc/cess_d1r_168x16_reference_20260925/pmfs_11_17/rep_02_seed_2026106202/spatial/concentration.npy,/home/zyc/cess_d1r_168x16_reference_20260925/pmfs_11_17/rep_02_seed_2026106202/spatial/concentration.npy
75,pmfs_11_17,2,2026106203,pmfs_11_17/rep_03_seed_2026106203,b106932f129bdc97bb0023151deb5d99d4cd4d016fd6824229408a39e1a80449,/home/zyc/cess_d1r_168x16_reference_20260925/pmfs_11_17/rep_03_seed_2026106203/spatial/concentration.npy,/home/zyc/cess_d1r_168x16_reference_20260925/pmfs_11_17/rep_03_seed_2026106203/spatial/concentration.npy
75,pmfs_11_17,3,2026106204,pmfs_11_17/rep_04_seed_2026106204,ad607e128dc4d90ebcd90677e25c0196282ce3ddc557eaf1cb32db64b66952c3,/home/zyc/cess_d1r_168x16_reference_20260925/pmfs_11_17/rep_04_seed_2026106204/spatial/concentration.npy,/home/zyc/cess_d1r_168x16_reference_20260925/pmfs_11_17/rep_04_seed_2026106204/spatial/concentration.npy
75,pmfs_11_17,4,2026106205,pmfs_11_17/rep_05_seed_2026106205,4ace0769007effda9334be6513393587c948f8f0e43bf6fcd520b50ebf99ffe5,/home/zyc/cess_d1r_168x16_reference_20260925/pmfs_11_17/rep_05_seed_2026106205/spatial/concentration.npy,/home/zyc/cess_d1r_168x16_reference_20260925/pmfs_11_17/rep_05_seed_2026106205/spatial/concentration.npy
75,pmfs_11_17,5,2026106206,pmfs_11_17/rep_06_seed_2026106206,3974d24d98df426161dfbab0fa62ff7665ed54637b0533e867a081d08bb0c76d,/home/zyc/cess_d1r_168x16_reference_20260925/pmfs_11_17/rep_06_seed_2026106206/spatial/concentration.npy,/home/zyc/cess_d1r_168x16_reference_20260925/pmfs_11_17/rep_06_seed_2026106206/spatial/concentration.npy
75,pmfs_11_17,6,2026106207,pmfs_11_17/rep_07_seed_2026106207,1298285f3984a3abf3edfecfee8e4375eb9a986433f834296d2c365052e805cf,/home/zyc/cess_d1r_168x16_reference_20260925/pmfs_11_17/rep_07_seed_2026106207/spatial/concentration.npy,/home/zyc/cess_d1r_168x16_reference_20260925/pmfs_11_17/rep_07_seed_2026106207/spatial/concentration.npy
75,pmfs_11_17,7,2026106208,pmfs_11_17/rep_08_seed_2026106208,146bc2d2fa10bbf96402d29a339825e8c4d37faa6743cefab0c0f55de30418f2,/home/zyc/cess_d1r_168x16_reference_20260925/pmfs_11_17/rep_08_seed_2026106208/spatial/concentration.npy,/home/zyc/cess_d1r_168x16_reference_20260925/pmfs_11_17/rep_08_seed_2026106208/spatial/concentration.npy
75,pmfs_11_17,8,2026106209,pmfs_11_17/rep_09_seed_2026106209,44c89bdf76bf2f09ab75116873e97bb877848d07e9fbb95c89efbc3c4d894b5d,/home/zyc/cess_d1r_168x16_reference_20260925/pmfs_11_17/rep_09_seed_2026106209/spatial/concentration.npy,/home/zyc/cess_d1r_168x16_reference_20260925/pmfs_11_17/rep_09_seed_2026106209/spatial/concentration.npy
75,pmfs_11_17,9,2026106210,pmfs_11_17/rep_10_seed_2026106210,77cf23f204adc903462f7c3fd8f6cafef145649b99214ddc714ca1225d13e8a0,/home/zyc/cess_d1r_168x16_reference_20260925/pmfs_11_17/rep_10_seed_2026106210/spatial/concentration.npy,/home/zyc/cess_d1r_168x16_reference_20260925/pmfs_11_17/rep_10_seed_2026106210/spatial/concentration.npy
75,pmfs_11_17,10,2026106211,pmfs_11_17/rep_11_seed_2026106211,ef06446e8ad25e4d03c8f33dd66fea2f77a42b39a8cc91142755f938c6f43d6a,/home/zyc/cess_d1r_168x16_reference_20260925/pmfs_11_17/rep_11_seed_2026106211/spatial/concentration.npy,/home/zyc/cess_d1r_168x16_reference_20260925/pmfs_11_17/rep_11_seed_2026106211/spatial/concentration.npy
75,pmfs_11_17,11,2026106212,pmfs_11_17/rep_12_seed_2026106212,4cd29ea59412680a5e3ac59bf38862971fc88b7b94b2060d6c26800d50b75a4f,/home/zyc/cess_d1r_168x16_reference_20260925/pmfs_11_17/rep_12_seed_2026106212/spatial/concentration.npy,/home/zyc/cess_d1r_168x16_reference_20260925/pmfs_11_17/rep_12_seed_2026106212/spatial/concentration.npy
75,pmfs_11_17,12,2026106213,pmfs_11_17/rep_13_seed_2026106213,67c2c58ca6c02831e56d111764ca51dce93ccb4dcd9a4fe722bc138bd890e0d5,/home/zyc/cess_d1r_168x16_reference_20260925/pmfs_11_17/rep_13_seed_2026106213/spatial/concentration.npy,/home/zyc/cess_d1r_168x16_reference_20260925/pmfs_11_17/rep_13_seed_2026106213/spatial/concentration.npy
75,pmfs_11_17,13,2026106214,pmfs_11_17/rep_14_seed_2026106214,28ee9c9b5eaa4093258fa969ecdb13b63b6dcd9773c7702b91b5b23844575c05,/home/zyc/cess_d1r_168x16_reference_20260925/pmfs_11_17/rep_14_seed_2026106214/spatial/concentration.npy,/home/zyc/cess_d1r_168x16_reference_20260925/pmfs_11_17/rep_14_seed_2026106214/spatial/concentration.npy
75,pmfs_11_17,14,2026106215,pmfs_11_17/rep_15_seed_2026106215,ba957dcb2bf9300448d305684e13cdfa32aa5ad28871a184446d4dbd44890a58,/home/zyc/cess_d1r_168x16_reference_20260925/pmfs_11_17/rep_15_seed_2026106215/spatial/concentration.npy,/home/zyc/cess_d1r_168x16_reference_20260925/pmfs_11_17/rep_15_seed_2026106215/spatial/concentration.npy
75,pmfs_11_17,15,2026106216,pmfs_11_17/rep_16_seed_2026106216,752c654bceabed1e97b79769b80323b593ab0b6c6d83d0415ab68fe8b68be541,/home/zyc/cess_d1r_168x16_reference_20260925/pmfs_11_17/rep_16_seed_2026106216/spatial/concentration.npy,/home/zyc/cess_d1r_168x16_reference_20260925/pmfs_11_17/rep_16_seed_2026106216/spatial/concentration.npy
76,pmfs_11_18,0,2026106217,pmfs_11_18/rep_01_seed_2026106217,15786b1f54d1b1cb147196bc4cb6edc28175ad14d6c4f3683117ef54b4bc0201,/home/zyc/cess_d1r_168x16_reference_20260925/pmfs_11_18/rep_01_seed_2026106217/spatial/concentration.npy,/home/zyc/cess_d1r_168x16_reference_20260925/pmfs_11_18/rep_01_seed_2026106217/spatial/concentration.npy
76,pmfs_11_18,1,2026106218,pmfs_11_18/rep_02_seed_2026106218,02f5d5c07c7ecf86bfd57e340bed2cdd14b945247477fd609f07415b5d544600,/home/zyc/cess_d1r_168x16_reference_20260925/pmfs_11_18/rep_02_seed_2026106218/spatial/concentration.npy,/home/zyc/cess_d1r_168x16_reference_20260925/pmfs_11_18/rep_02_seed_2026106218/spatial/concentration.npy
76,pmfs_11_18,2,2026106219,pmfs_11_18/rep_03_seed_2026106219,6abb67ec6afe4e60bbdb362afdb520d6f052694b52f76e20c0e9cd70a83e9c62,/home/zyc/cess_d1r_168x16_reference_20260925/pmfs_11_18/rep_03_seed_2026106219/spatial/concentration.npy,/home/zyc/cess_d1r_168x16_reference_20260925/pmfs_11_18/rep_03_seed_2026106219/spatial/concentration.npy
76,pmfs_11_18,3,2026106220,pmfs_11_18/rep_04_seed_2026106220,670a8cabdf3ed22e3687a46d62b2fab8fc68141f095e6f631110e9cee3e0c686,/home/zyc/cess_d1r_168x16_reference_20260925/pmfs_11_18/rep_04_seed_2026106220/spatial/concentration.npy,/home/zyc/cess_d1r_168x16_reference_20260925/pmfs_11_18/rep_04_seed_2026106220/spatial/concentration.npy
76,pmfs_11_18,4,2026106221,pmfs_11_18/rep_05_seed_2026106221,c47e11123b1840a8bf56de7cf671e57c3268e8721db5a59feb529a499920bcd9,/home/zyc/cess_d1r_168x16_reference_20260925/pmfs_11_18/rep_05_seed_2026106221/spatial/concentration.npy,/home/zyc/cess_d1r_168x16_reference_20260925/pmfs_11_18/rep_05_seed_2026106221/spatial/concentration.npy
76,pmfs_11_18,5,2026106222,pmfs_11_18/rep_06_seed_2026106222,8b3bea612041dc57d4a6b7cb570169a8d3adc6bb8e04d31fbc99f520974e8fec,/home/zyc/cess_d1r_168x16_reference_20260925/pmfs_11_18/rep_06_seed_2026106222/spatial/concentration.npy,/home/zyc/cess_d1r_168x16_reference_20260925/pmfs_11_18/rep_06_seed_2026106222/spatial/concentration.npy
76,pmfs_11_18,6,2026106223,pmfs_11_18/rep_07_seed_2026106223,57aef082c56cf77e68bc1f8d7c2d15a6970307ea01fb0f0e926e7752dd94132c,/home/zyc/cess_d1r_168x16_reference_20260925/pmfs_11_18/rep_07_seed_2026106223/spatial/concentration.npy,/home/zyc/cess_d1r_168x16_reference_20260925/pmfs_11_18/rep_07_seed_2026106223/spatial/concentration.npy
76,pmfs_11_18,7,2026106224,pmfs_11_18/rep_08_seed_2026106224,e2e4b8101688b74f9b5227d34bd56d8520c1b90350896bc815e570a09a14ba87,/home/zyc/cess_d1r_168x16_reference_20260925/pmfs_11_18/rep_08_seed_2026106224/spatial/concentration.npy,/home/zyc/cess_d1r_168x16_reference_20260925/pmfs_11_18/rep_08_seed_2026106224/spatial/concentration.npy
76,pmfs_11_18,8,2026106225,pmfs_11_18/rep_09_seed_2026106225,31fbf6e26bbca364b0d65c66d10686d46f043a140530979da8515ee2b8e4b4c6,/home/zyc/cess_d1r_168x16_reference_20260925/pmfs_11_18/rep_09_seed_2026106225/spatial/concentration.npy,/home/zyc/cess_d1r_168x16_reference_20260925/pmfs_11_18/rep_09_seed_2026106225/spatial/concentration.npy
76,pmfs_11_18,9,2026106226,pmfs_11_18/rep_10_seed_2026106226,27250d1c3da77f282f0112d0f13f4cc235bd1eab4956c22d265b97e7276652c9,/home/zyc/cess_d1r_168x16_reference_20260925/pmfs_11_18/rep_10_seed_2026106226/spatial/concentration.npy,/home/zyc/cess_d1r_168x16_reference_20260925/pmfs_11_18/rep_10_seed_2026106226/spatial/concentration.npy
76,pmfs_11_18,10,2026106227,pmfs_11_18/rep_11_seed_2026106227,4d97346baa928ec256427c8d7a924f36b945ac449a075c8aec99421e9e49794f,/home/zyc/cess_d1r_168x16_reference_20260925/pmfs_11_18/rep_11_seed_2026106227/spatial/concentration.npy,/home/zyc/cess_d1r_168x16_reference_20260925/pmfs_11_18/rep_11_seed_2026106227/spatial/concentration.npy
76,pmfs_11_18,11,2026106228,pmfs_11_18/rep_12_seed_2026106228,3e199b04f7f2957d9fe91a8eb3d12cd842a5c419d265926cdaaf700ad14e3268,/home/zyc/cess_d1r_168x16_reference_20260925/pmfs_11_18/rep_12_seed_2026106228/spatial/concentration.npy,/home/zyc/cess_d1r_168x16_reference_20260925/pmfs_11_18/rep_12_seed_2026106228/spatial/concentration.npy
76,pmfs_11_18,12,2026106229,pmfs_11_18/rep_13_seed_2026106229,4f4eb3783f06067aa8b4d7f847a990244de9eda3a259e1f31cff740f2d703638,/home/zyc/cess_d1r_168x16_reference_20260925/pmfs_11_18/rep_13_seed_2026106229/spatial/concentration.npy,/home/zyc/cess_d1r_168x16_reference_20260925/pmfs_11_18/rep_13_seed_2026106229/spatial/concentration.npy
76,pmfs_11_18,13,2026106230,pmfs_11_18/rep_14_seed_2026106230,62f26ec52b0f798b0ff2dbc86dd3d04fdc2afc7523c7858eabc6aef727fb61a9,/home/zyc/cess_d1r_168x16_reference_20260925/pmfs_11_18/rep_14_seed_2026106230/spatial/concentration.npy,/home/zyc/cess_d1r_168x16_reference_20260925/pmfs_11_18/rep_14_seed_2026106230/spatial/concentration.npy
76,pmfs_11_18,14,2026106231,pmfs_11_18/rep_15_seed_2026106231,2ff7f2454b4104562f4f175dc70531c3add75b4e8658cefb25aea306ab7b8f02,/home/zyc/cess_d1r_168x16_reference_20260925/pmfs_11_18/rep_15_seed_2026106231/spatial/concentration.npy,/home/zyc/cess_d1r_168x16_reference_20260925/pmfs_11_18/rep_15_seed_2026106231/spatial/concentration.npy
76,pmfs_11_18,15,2026106232,pmfs_11_18/rep_16_seed_2026106232,4ac7195a1679b97e4cf4dd8153d306519ddb006461824e72aa56733b5a916d8d,/home/zyc/cess_d1r_168x16_reference_20260925/pmfs_11_18/rep_16_seed_2026106232/spatial/concentration.npy,/home/zyc/cess_d1r_168x16_reference_20260925/pmfs_11_18/rep_16_seed_2026106232/spatial/concentration.npy
77,pmfs_12_12,0,2026106233,pmfs_12_12/rep_01_seed_2026106233,7554bda16d445c97a017ff9013c3cb468832cb050ba66d26d7b1d65ec391f94b,/home/zyc/cess_d1r_168x16_reference_20260925/pmfs_12_12/rep_01_seed_2026106233/spatial/concentration.npy,/home/zyc/cess_d1r_168x16_reference_20260925/pmfs_12_12/rep_01_seed_2026106233/spatial/concentration.npy
77,pmfs_12_12,1,2026106234,pmfs_12_12/rep_02_seed_2026106234,434a9d56d04cc0fd03206c75e367b8e8cbe2e0b0cb374eb43e51bd8ac8d77b73,/home/zyc/cess_d1r_168x16_reference_20260925/pmfs_12_12/rep_02_seed_2026106234/spatial/concentration.npy,/home/zyc/cess_d1r_168x16_reference_20260925/pmfs_12_12/rep_02_seed_2026106234/spatial/concentration.npy
77,pmfs_12_12,2,2026106235,pmfs_12_12/rep_03_seed_2026106235,5de886803b249f328e8023a4bb005971414bec63cca71a2508c9abeebc8dde86,/home/zyc/cess_d1r_168x16_reference_20260925/pmfs_12_12/rep_03_seed_2026106235/spatial/concentration.npy,/home/zyc/cess_d1r_168x16_reference_20260925/pmfs_12_12/rep_03_seed_2026106235/spatial/concentration.npy
77,pmfs_12_12,3,2026106236,pmfs_12_12/rep_04_seed_2026106236,c89ab4e206d0661a69dd9fef13d429457e345486b22807a9b0cef993983fadfe,/home/zyc/cess_d1r_168x16_reference_20260925/pmfs_12_12/rep_04_seed_2026106236/spatial/concentration.npy,/home/zyc/cess_d1r_168x16_reference_20260925/pmfs_12_12/rep_04_seed_2026106236/spatial/concentration.npy
77,pmfs_12_12,4,2026106237,pmfs_12_12/rep_05_seed_2026106237,1d813482fcda6377be01353e25eb8a4f32b62d974ffee2b3d547c986102c10a3,/home/zyc/cess_d1r_168x16_reference_20260925/pmfs_12_12/rep_05_seed_2026106237/spatial/concentration.npy,/home/zyc/cess_d1r_168x16_reference_20260925/pmfs_12_12/rep_05_seed_2026106237/spatial/concentration.npy
77,pmfs_12_12,5,2026106238,pmfs_12_12/rep_06_seed_2026106238,fdb1916312f6b98afce6a5f3fbc3ca93fb80490691f333125748f1874aae265a,/home/zyc/cess_d1r_168x16_reference_20260925/pmfs_12_12/rep_06_seed_2026106238/spatial/concentration.npy,/home/zyc/cess_d1r_168x16_reference_20260925/pmfs_12_12/rep_06_seed_2026106238/spatial/concentration.npy
77,pmfs_12_12,6,2026106239,pmfs_12_12/rep_07_seed_2026106239,800112bfba8a7870da9499b80b653a5f3248e56bc34b6f2d12839e8b80233eab,/home/zyc/cess_d1r_168x16_reference_20260925/pmfs_12_12/rep_07_seed_2026106239/spatial/concentration.npy,/home/zyc/cess_d1r_168x16_reference_20260925/pmfs_12_12/rep_07_seed_2026106239/spatial/concentration.npy
77,pmfs_12_12,7,2026106240,pmfs_12_12/rep_08_seed_2026106240,e7f005b0a0a6fa60145d461a956681a2d8caa65b4ed052bb01981ab488854cb8,/home/zyc/cess_d1r_168x16_reference_20260925/pmfs_12_12/rep_08_seed_2026106240/spatial/concentration.npy,/home/zyc/cess_d1r_168x16_reference_20260925/pmfs_12_12/rep_08_seed_2026106240/spatial/concentration.npy
77,pmfs_12_12,8,2026106241,pmfs_12_12/rep_09_seed_2026106241,bc113090356c6d2d89c77601bfb2429a1ea370a19b5c650283410ce57012b151,/home/zyc/cess_d1r_168x16_reference_20260925/pmfs_12_12/rep_09_seed_2026106241/spatial/concentration.npy,/home/zyc/cess_d1r_168x16_reference_20260925/pmfs_12_12/rep_09_seed_2026106241/spatial/concentration.npy
77,pmfs_12_12,9,2026106242,pmfs_12_12/rep_10_seed_2026106242,ee07a2dc0a42ab108c3b678a2e7f7dc8bd942c96bf78a66f3e159128b973df0d,/home/zyc/cess_d1r_168x16_reference_20260925/pmfs_12_12/rep_10_seed_2026106242/spatial/concentration.npy,/home/zyc/cess_d1r_168x16_reference_20260925/pmfs_12_12/rep_10_seed_2026106242/spatial/concentration.npy
77,pmfs_12_12,10,2026106243,pmfs_12_12/rep_11_seed_2026106243,7b9fd636e56b2eb5f016046583bbc04a8892599a0aa663473bfb122a8c9c4ecd,/home/zyc/cess_d1r_168x16_reference_20260925/pmfs_12_12/rep_11_seed_2026106243/spatial/concentration.npy,/home/zyc/cess_d1r_168x16_reference_20260925/pmfs_12_12/rep_11_seed_2026106243/spatial/concentration.npy
77,pmfs_12_12,11,2026106244,pmfs_12_12/rep_12_seed_2026106244,be69869a7330d8f7e58c11fd49d21d29e610794b24c3d1d6c8c87392e3f557c4,/home/zyc/cess_d1r_168x16_reference_20260925/pmfs_12_12/rep_12_seed_2026106244/spatial/concentration.npy,/home/zyc/cess_d1r_168x16_reference_20260925/pmfs_12_12/rep_12_seed_2026106244/spatial/concentration.npy
77,pmfs_12_12,12,2026106245,pmfs_12_12/rep_13_seed_2026106245,c383c7c3ed05b5d524b85c26968266a0c5e3da7eea31343a2ebaa86509b065c1,/home/zyc/cess_d1r_168x16_reference_20260925/pmfs_12_12/rep_13_seed_2026106245/spatial/concentration.npy,/home/zyc/cess_d1r_168x16_reference_20260925/pmfs_12_12/rep_13_seed_2026106245/spatial/concentration.npy
77,pmfs_12_12,13,2026106246,pmfs_12_12/rep_14_seed_2026106246,dd9f007cb8178fe55f1229afd4890c3f0b226c24eabeb686ee75945730e83c8d,/home/zyc/cess_d1r_168x16_reference_20260925/pmfs_12_12/rep_14_seed_2026106246/spatial/concentration.npy,/home/zyc/cess_d1r_168x16_reference_20260925/pmfs_12_12/rep_14_seed_2026106246/spatial/concentration.npy
77,pmfs_12_12,14,2026106247,pmfs_12_12/rep_15_seed_2026106247,dd74eae162d78cc3a7e2a8346f17aafa0d2a520f2da86ba748feae5900b8d31e,/home/zyc/cess_d1r_168x16_reference_20260925/pmfs_12_12/rep_15_seed_2026106247/spatial/concentration.npy,/home/zyc/cess_d1r_168x16_reference_20260925/pmfs_12_12/rep_15_seed_2026106247/spatial/concentration.npy
77,pmfs_12_12,15,2026106248,pmfs_12_12/rep_16_seed_2026106248,18b8f38405bbf295d408276ea15a3d13b4ce33bc81dc55cd44f617152b020f0c,/home/zyc/cess_d1r_168x16_reference_20260925/pmfs_12_12/rep_16_seed_2026106248/spatial/concentration.npy,/home/zyc/cess_d1r_168x16_reference_20260925/pmfs_12_12/rep_16_seed_2026106248/spatial/concentration.npy
78,pmfs_12_13,0,2026106249,pmfs_12_13/rep_01_seed_2026106249,31002c673a35d82ce9740043417a5626e04e47ca182c0e1560b41a1d13812db7,/home/zyc/cess_d1r_168x16_reference_20260925/pmfs_12_13/rep_01_seed_2026106249/spatial/concentration.npy,/home/zyc/cess_d1r_168x16_reference_20260925/pmfs_12_13/rep_01_seed_2026106249/spatial/concentration.npy
78,pmfs_12_13,1,2026106250,pmfs_12_13/rep_02_seed_2026106250,7ef34454e5665e20ea2c964ba2b37d7c91b8c8ca81e05a2d31c0916a606a0a9b,/home/zyc/cess_d1r_168x16_reference_20260925/pmfs_12_13/rep_02_seed_2026106250/spatial/concentration.npy,/home/zyc/cess_d1r_168x16_reference_20260925/pmfs_12_13/rep_02_seed_2026106250/spatial/concentration.npy
78,pmfs_12_13,2,2026106251,pmfs_12_13/rep_03_seed_2026106251,0a6f44e278671e27aa11d9cc94ab9a5f5b2afee4aeffe6ec382efd0a912c3faa,/home/zyc/cess_d1r_168x16_reference_20260925/pmfs_12_13/rep_03_seed_2026106251/spatial/concentration.npy,/home/zyc/cess_d1r_168x16_reference_20260925/pmfs_12_13/rep_03_seed_2026106251/spatial/concentration.npy
78,pmfs_12_13,3,2026106252,pmfs_12_13/rep_04_seed_2026106252,80050d926b7bdd2ab3a6dd295ba8f7a676fd8066ba0ec517ae3dc8938a1f22f5,/home/zyc/cess_d1r_168x16_reference_20260925/pmfs_12_13/rep_04_seed_2026106252/spatial/concentration.npy,/home/zyc/cess_d1r_168x16_reference_20260925/pmfs_12_13/rep_04_seed_2026106252/spatial/concentration.npy
78,pmfs_12_13,4,2026106253,pmfs_12_13/rep_05_seed_2026106253,0bc9d94a2d92430838aa4c92f30defb403ecbce4f734ec95e8dc22adcfb7ac14,/home/zyc/cess_d1r_168x16_reference_20260925/pmfs_12_13/rep_05_seed_2026106253/spatial/concentration.npy,/home/zyc/cess_d1r_168x16_reference_20260925/pmfs_12_13/rep_05_seed_2026106253/spatial/concentration.npy
78,pmfs_12_13,5,2026106254,pmfs_12_13/rep_06_seed_2026106254,f7ebd2a8254c36cf9e7233dae45a8910c4badddc3f700656cf2598a74a5c3f32,/home/zyc/cess_d1r_168x16_reference_20260925/pmfs_12_13/rep_06_seed_2026106254/spatial/concentration.npy,/home/zyc/cess_d1r_168x16_reference_20260925/pmfs_12_13/rep_06_seed_2026106254/spatial/concentration.npy
78,pmfs_12_13,6,2026106255,pmfs_12_13/rep_07_seed_2026106255,596cd3998f56c47aed100d8c9183f64c7849e761e90576569212db80d0478303,/home/zyc/cess_d1r_168x16_reference_20260925/pmfs_12_13/rep_07_seed_2026106255/spatial/concentration.npy,/home/zyc/cess_d1r_168x16_reference_20260925/pmfs_12_13/rep_07_seed_2026106255/spatial/concentration.npy
78,pmfs_12_13,7,2026106256,pmfs_12_13/rep_08_seed_2026106256,7f7a2a917d954930418744187d3b9a0822a4faeff8d3a2da5e057e2381ab9278,/home/zyc/cess_d1r_168x16_reference_20260925/pmfs_12_13/rep_08_seed_2026106256/spatial/concentration.npy,/home/zyc/cess_d1r_168x16_reference_20260925/pmfs_12_13/rep_08_seed_2026106256/spatial/concentration.npy
78,pmfs_12_13,8,2026106257,pmfs_12_13/rep_09_seed_2026106257,468bc715dadb4c91c383fb3e7982579a21b8e0470ebe34f71550fa05d1e1f8c8,/home/zyc/cess_d1r_168x16_reference_20260925/pmfs_12_13/rep_09_seed_2026106257/spatial/concentration.npy,/home/zyc/cess_d1r_168x16_reference_20260925/pmfs_12_13/rep_09_seed_2026106257/spatial/concentration.npy
78,pmfs_12_13,9,2026106258,pmfs_12_13/rep_10_seed_2026106258,b2df1e922765724c5e48f16c77a1cc12c683f616fbfd0d7095dd12e5125517b5,/home/zyc/cess_d1r_168x16_reference_20260925/pmfs_12_13/rep_10_seed_2026106258/spatial/concentration.npy,/home/zyc/cess_d1r_168x16_reference_20260925/pmfs_12_13/rep_10_seed_2026106258/spatial/concentration.npy
78,pmfs_12_13,10,2026106259,pmfs_12_13/rep_11_seed_2026106259,0c8b258799eea08543ffc35ded84a63e9d88b3c142f0fe78ce9669d5b21f2289,/home/zyc/cess_d1r_168x16_reference_20260925/pmfs_12_13/rep_11_seed_2026106259/spatial/concentration.npy,/home/zyc/cess_d1r_168x16_reference_20260925/pmfs_12_13/rep_11_seed_2026106259/spatial/concentration.npy
78,pmfs_12_13,11,2026106260,pmfs_12_13/rep_12_seed_2026106260,660dd514ce658cd74424d83aae3cda996562df81cf99d8e12248559783e4116c,/home/zyc/cess_d1r_168x16_reference_20260925/pmfs_12_13/rep_12_seed_2026106260/spatial/concentration.npy,/home/zyc/cess_d1r_168x16_reference_20260925/pmfs_12_13/rep_12_seed_2026106260/spatial/concentration.npy
78,pmfs_12_13,12,2026106261,pmfs_12_13/rep_13_seed_2026106261,50a6c372314771b56287d485344794de75844be9ef600c13ced6b27b015df9d9,/home/zyc/cess_d1r_168x16_reference_20260925/pmfs_12_13/rep_13_seed_2026106261/spatial/concentration.npy,/home/zyc/cess_d1r_168x16_reference_20260925/pmfs_12_13/rep_13_seed_2026106261/spatial/concentration.npy
78,pmfs_12_13,13,2026106262,pmfs_12_13/rep_14_seed_2026106262,dda7e96a1e0e7651537f3158cd6bf5ac23bab8403bf729cfa5c84fa40376b8cd,/home/zyc/cess_d1r_168x16_reference_20260925/pmfs_12_13/rep_14_seed_2026106262/spatial/concentration.npy,/home/zyc/cess_d1r_168x16_reference_20260925/pmfs_12_13/rep_14_seed_2026106262/spatial/concentration.npy
78,pmfs_12_13,14,2026106263,pmfs_12_13/rep_15_seed_2026106263,f6f37548f02d277e783c99a1f52fd0fcd934de290b3d2f4063f749fa9822e371,/home/zyc/cess_d1r_168x16_reference_20260925/pmfs_12_13/rep_15_seed_2026106263/spatial/concentration.npy,/home/zyc/cess_d1r_168x16_reference_20260925/pmfs_12_13/rep_15_seed_2026106263/spatial/concentration.npy
78,pmfs_12_13,15,2026106264,pmfs_12_13/rep_16_seed_2026106264,7e2329b76737f654fb6f1f8cf407300bf4486744d14d9ed4779afd600d72fa02,/home/zyc/cess_d1r_168x16_reference_20260925/pmfs_12_13/rep_16_seed_2026106264/spatial/concentration.npy,/home/zyc/cess_d1r_168x16_reference_20260925/pmfs_12_13/rep_16_seed_2026106264/spatial/concentration.npy
79,pmfs_12_14,0,2026106265,pmfs_12_14/rep_01_seed_2026106265,fd4da00f91e94870195211961ae3446e9e1a5762dad1d05c4dbae85c4f4a4bce,/home/zyc/cess_d1r_168x16_reference_20260925/pmfs_12_14/rep_01_seed_2026106265/spatial/concentration.npy,/home/zyc/cess_d1r_168x16_reference_20260925/pmfs_12_14/rep_01_seed_2026106265/spatial/concentration.npy
79,pmfs_12_14,1,2026106266,pmfs_12_14/rep_02_seed_2026106266,b08e1c4f5b4867738c57622e593fda099dd7a334e45b1f43fd70aaef0d07a398,/home/zyc/cess_d1r_168x16_reference_20260925/pmfs_12_14/rep_02_seed_2026106266/spatial/concentration.npy,/home/zyc/cess_d1r_168x16_reference_20260925/pmfs_12_14/rep_02_seed_2026106266/spatial/concentration.npy
79,pmfs_12_14,2,2026106267,pmfs_12_14/rep_03_seed_2026106267,c5638701beff64510c1a568f9841a3831259c0302a3054d62abb2a7a2c3ef730,/home/zyc/cess_d1r_168x16_reference_20260925/pmfs_12_14/rep_03_seed_2026106267/spatial/concentration.npy,/home/zyc/cess_d1r_168x16_reference_20260925/pmfs_12_14/rep_03_seed_2026106267/spatial/concentration.npy
79,pmfs_12_14,3,2026106268,pmfs_12_14/rep_04_seed_2026106268,160534e0c41fbac586766f64962c0581a5bbdddfa353f787e82f51f68563c8b4,/home/zyc/cess_d1r_168x16_reference_20260925/pmfs_12_14/rep_04_seed_2026106268/spatial/concentration.npy,/home/zyc/cess_d1r_168x16_reference_20260925/pmfs_12_14/rep_04_seed_2026106268/spatial/concentration.npy
79,pmfs_12_14,4,2026106269,pmfs_12_14/rep_05_seed_2026106269,110a6dbbeeac7bfdabeb41463575c66be7b331eec04dc5c4abe89ad712a8824d,/home/zyc/cess_d1r_168x16_reference_20260925/pmfs_12_14/rep_05_seed_2026106269/spatial/concentration.npy,/home/zyc/cess_d1r_168x16_reference_20260925/pmfs_12_14/rep_05_seed_2026106269/spatial/concentration.npy
79,pmfs_12_14,5,2026106270,pmfs_12_14/rep_06_seed_2026106270,a0540341ae1af51c544df007dc905e9b8051888de037d43a27f29b981ba76db3,/home/zyc/cess_d1r_168x16_reference_20260925/pmfs_12_14/rep_06_seed_2026106270/spatial/concentration.npy,/home/zyc/cess_d1r_168x16_reference_20260925/pmfs_12_14/rep_06_seed_2026106270/spatial/concentration.npy
79,pmfs_12_14,6,2026106271,pmfs_12_14/rep_07_seed_2026106271,364894ac56f77ec0caa63e2506307ed87951d460ecbabb27e8c2024c6c0b5e05,/home/zyc/cess_d1r_168x16_reference_20260925/pmfs_12_14/rep_07_seed_2026106271/spatial/concentration.npy,/home/zyc/cess_d1r_168x16_reference_20260925/pmfs_12_14/rep_07_seed_2026106271/spatial/concentration.npy
79,pmfs_12_14,7,2026106272,pmfs_12_14/rep_08_seed_2026106272,5c2c7e14d8227bda0e6489d2cb9bb67cebc7edd7ea0d58c09da7d3b2150d4d38,/home/zyc/cess_d1r_168x16_reference_20260925/pmfs_12_14/rep_08_seed_2026106272/spatial/concentration.npy,/home/zyc/cess_d1r_168x16_reference_20260925/pmfs_12_14/rep_08_seed_2026106272/spatial/concentration.npy
79,pmfs_12_14,8,2026106273,pmfs_12_14/rep_09_seed_2026106273,a468d4d32a76459316cb6676d0c7ac3e7565fef094fe0c8a6c32af69d150be28,/home/zyc/cess_d1r_168x16_reference_20260925/pmfs_12_14/rep_09_seed_2026106273/spatial/concentration.npy,/home/zyc/cess_d1r_168x16_reference_20260925/pmfs_12_14/rep_09_seed_2026106273/spatial/concentration.npy
79,pmfs_12_14,9,2026106274,pmfs_12_14/rep_10_seed_2026106274,de80edf3083cbf9952578a9f91f21f7eef970806b33dfa0133a10442058eb078,/home/zyc/cess_d1r_168x16_reference_20260925/pmfs_12_14/rep_10_seed_2026106274/spatial/concentration.npy,/home/zyc/cess_d1r_168x16_reference_20260925/pmfs_12_14/rep_10_seed_2026106274/spatial/concentration.npy
79,pmfs_12_14,10,2026106275,pmfs_12_14/rep_11_seed_2026106275,7745a46e58f2c892244d5e0ef45e9df3f6e59a986964e6bfa48dce8d64a04bfe,/home/zyc/cess_d1r_168x16_reference_20260925/pmfs_12_14/rep_11_seed_2026106275/spatial/concentration.npy,/home/zyc/cess_d1r_168x16_reference_20260925/pmfs_12_14/rep_11_seed_2026106275/spatial/concentration.npy
79,pmfs_12_14,11,2026106276,pmfs_12_14/rep_12_seed_2026106276,64873442de682980fec6937bbcec9fb344dbb21c75095085622f70031bfa8ec2,/home/zyc/cess_d1r_168x16_reference_20260925/pmfs_12_14/rep_12_seed_2026106276/spatial/concentration.npy,/home/zyc/cess_d1r_168x16_reference_20260925/pmfs_12_14/rep_12_seed_2026106276/spatial/concentration.npy
79,pmfs_12_14,12,2026106277,pmfs_12_14/rep_13_seed_2026106277,7a2a9709961a9f9dde9c69214f55a2daf90ecbb2a602dbab0290b1f0bed04de1,/home/zyc/cess_d1r_168x16_reference_20260925/pmfs_12_14/rep_13_seed_2026106277/spatial/concentration.npy,/home/zyc/cess_d1r_168x16_reference_20260925/pmfs_12_14/rep_13_seed_2026106277/spatial/concentration.npy
79,pmfs_12_14,13,2026106278,pmfs_12_14/rep_14_seed_2026106278,da74fd755efe6ffa85659798ee21e1fcabe13adfbadd07a8dea0a36d97a9f8b6,/home/zyc/cess_d1r_168x16_reference_20260925/pmfs_12_14/rep_14_seed_2026106278/spatial/concentration.npy,/home/zyc/cess_d1r_168x16_reference_20260925/pmfs_12_14/rep_14_seed_2026106278/spatial/concentration.npy
79,pmfs_12_14,14,2026106279,pmfs_12_14/rep_15_seed_2026106279,bdeeb2bc37b5a405182485d3d34e2743ff43ff3f2455ebe7c530be14efeba10f,/home/zyc/cess_d1r_168x16_reference_20260925/pmfs_12_14/rep_15_seed_2026106279/spatial/concentration.npy,/home/zyc/cess_d1r_168x16_reference_20260925/pmfs_12_14/rep_15_seed_2026106279/spatial/concentration.npy
79,pmfs_12_14,15,2026106280,pmfs_12_14/rep_16_seed_2026106280,bccb59726ff2f0e25d3f94ec9daed28830926da0ea94b52284087caf5a79f513,/home/zyc/cess_d1r_168x16_reference_20260925/pmfs_12_14/rep_16_seed_2026106280/spatial/concentration.npy,/home/zyc/cess_d1r_168x16_reference_20260925/pmfs_12_14/rep_16_seed_2026106280/spatial/concentration.npy
80,pmfs_12_15,0,2026106281,pmfs_12_15/rep_01_seed_2026106281,59f3cfa76445de508cfc30a7c1a5297d489c87d27b2d50e0a00155be3d6b9646,/home/zyc/cess_d1r_168x16_reference_20260925/pmfs_12_15/rep_01_seed_2026106281/spatial/concentration.npy,/home/zyc/cess_d1r_168x16_reference_20260925/pmfs_12_15/rep_01_seed_2026106281/spatial/concentration.npy
80,pmfs_12_15,1,2026106282,pmfs_12_15/rep_02_seed_2026106282,44c811136fc7372be812341d20642b84fa020ad3ead649b3ffd1520d6b52ff8a,/home/zyc/cess_d1r_168x16_reference_20260925/pmfs_12_15/rep_02_seed_2026106282/spatial/concentration.npy,/home/zyc/cess_d1r_168x16_reference_20260925/pmfs_12_15/rep_02_seed_2026106282/spatial/concentration.npy
80,pmfs_12_15,2,2026106283,pmfs_12_15/rep_03_seed_2026106283,62bcb863c32b902581c5baa6eb2e7fabeae6576dbab68bebbd1cc27928802632,/home/zyc/cess_d1r_168x16_reference_20260925/pmfs_12_15/rep_03_seed_2026106283/spatial/concentration.npy,/home/zyc/cess_d1r_168x16_reference_20260925/pmfs_12_15/rep_03_seed_2026106283/spatial/concentration.npy
80,pmfs_12_15,3,2026106284,pmfs_12_15/rep_04_seed_2026106284,c9d5c371f5b97a23d1e09bdbc0b8167597110612931d05ee7f6e904d3582272b,/home/zyc/cess_d1r_168x16_reference_20260925/pmfs_12_15/rep_04_seed_2026106284/spatial/concentration.npy,/home/zyc/cess_d1r_168x16_reference_20260925/pmfs_12_15/rep_04_seed_2026106284/spatial/concentration.npy
80,pmfs_12_15,4,2026106285,pmfs_12_15/rep_05_seed_2026106285,faff5d0bed9af99596d0aac06f3fcedf8a5b0df35af53f77999a303b711d421d,/home/zyc/cess_d1r_168x16_reference_20260925/pmfs_12_15/rep_05_seed_2026106285/spatial/concentration.npy,/home/zyc/cess_d1r_168x16_reference_20260925/pmfs_12_15/rep_05_seed_2026106285/spatial/concentration.npy
80,pmfs_12_15,5,2026106286,pmfs_12_15/rep_06_seed_2026106286,6bc7d254e04cec791b6e714d8077deeff0a823d895572b1aba80c48207b11669,/home/zyc/cess_d1r_168x16_reference_20260925/pmfs_12_15/rep_06_seed_2026106286/spatial/concentration.npy,/home/zyc/cess_d1r_168x16_reference_20260925/pmfs_12_15/rep_06_seed_2026106286/spatial/concentration.npy
80,pmfs_12_15,6,2026106287,pmfs_12_15/rep_07_seed_2026106287,be4f1c580f7d9bfddb2434dc0960d08390c8e671baa2db6c25ae0b60abc41b4d,/home/zyc/cess_d1r_168x16_reference_20260925/pmfs_12_15/rep_07_seed_2026106287/spatial/concentration.npy,/home/zyc/cess_d1r_168x16_reference_20260925/pmfs_12_15/rep_07_seed_2026106287/spatial/concentration.npy
80,pmfs_12_15,7,2026106288,pmfs_12_15/rep_08_seed_2026106288,1f29a273b18b348e0f388b24e9652d39adc3a12868ce3ab5153e209de405af78,/home/zyc/cess_d1r_168x16_reference_20260925/pmfs_12_15/rep_08_seed_2026106288/spatial/concentration.npy,/home/zyc/cess_d1r_168x16_reference_20260925/pmfs_12_15/rep_08_seed_2026106288/spatial/concentration.npy
80,pmfs_12_15,8,2026106289,pmfs_12_15/rep_09_seed_2026106289,db035ec9903404653b11120a49efafe3e985349e8d3fa9f57e52eb4058a2180e,/home/zyc/cess_d1r_168x16_reference_20260925/pmfs_12_15/rep_09_seed_2026106289/spatial/concentration.npy,/home/zyc/cess_d1r_168x16_reference_20260925/pmfs_12_15/rep_09_seed_2026106289/spatial/concentration.npy
80,pmfs_12_15,9,2026106290,pmfs_12_15/rep_10_seed_2026106290,01c1eba0687851a0c16ae7f69efcee64445fff067ba3b0a68576a1ef70e5b2c0,/home/zyc/cess_d1r_168x16_reference_20260925/pmfs_12_15/rep_10_seed_2026106290/spatial/concentration.npy,/home/zyc/cess_d1r_168x16_reference_20260925/pmfs_12_15/rep_10_seed_2026106290/spatial/concentration.npy
80,pmfs_12_15,10,2026106291,pmfs_12_15/rep_11_seed_2026106291,52c708fa51aef741bc9661fcdb1761f5c69428005570ec1d0f5329f47dead6d1,/home/zyc/cess_d1r_168x16_reference_20260925/pmfs_12_15/rep_11_seed_2026106291/spatial/concentration.npy,/home/zyc/cess_d1r_168x16_reference_20260925/pmfs_12_15/rep_11_seed_2026106291/spatial/concentration.npy
80,pmfs_12_15,11,2026106292,pmfs_12_15/rep_12_seed_2026106292,0d4ea72ec430d7a16e2a104123da5b35ab7b1c5bda2b7b0a9f0b88e4f44a4d01,/home/zyc/cess_d1r_168x16_reference_20260925/pmfs_12_15/rep_12_seed_2026106292/spatial/concentration.npy,/home/zyc/cess_d1r_168x16_reference_20260925/pmfs_12_15/rep_12_seed_2026106292/spatial/concentration.npy
80,pmfs_12_15,12,2026106293,pmfs_12_15/rep_13_seed_2026106293,ce220fba53ea29ad8cc7f6a4962a13657e1ab7e880cb044372b2d15a4bed5f7d,/home/zyc/cess_d1r_168x16_reference_20260925/pmfs_12_15/rep_13_seed_2026106293/spatial/concentration.npy,/home/zyc/cess_d1r_168x16_reference_20260925/pmfs_12_15/rep_13_seed_2026106293/spatial/concentration.npy
80,pmfs_12_15,13,2026106294,pmfs_12_15/rep_14_seed_2026106294,cfb58144ca4c71bf723dba7b853b30c0d8630b883622f242a2811e5e39f6f006,/home/zyc/cess_d1r_168x16_reference_20260925/pmfs_12_15/rep_14_seed_2026106294/spatial/concentration.npy,/home/zyc/cess_d1r_168x16_reference_20260925/pmfs_12_15/rep_14_seed_2026106294/spatial/concentration.npy
80,pmfs_12_15,14,2026106295,pmfs_12_15/rep_15_seed_2026106295,49fad1b0938280b18989cc1cb33ffaecbcf45fd369c1bbb507c024801a7ec54d,/home/zyc/cess_d1r_168x16_reference_20260925/pmfs_12_15/rep_15_seed_2026106295/spatial/concentration.npy,/home/zyc/cess_d1r_168x16_reference_20260925/pmfs_12_15/rep_15_seed_2026106295/spatial/concentration.npy
80,pmfs_12_15,15,2026106296,pmfs_12_15/rep_16_seed_2026106296,62157919956b97bb6db75edf0c967547a00bf6925cb2d55916b1e2ac5e0dfee6,/home/zyc/cess_d1r_168x16_reference_20260925/pmfs_12_15/rep_16_seed_2026106296/spatial/concentration.npy,/home/zyc/cess_d1r_168x16_reference_20260925/pmfs_12_15/rep_16_seed_2026106296/spatial/concentration.npy
81,pmfs_12_16,0,2026106297,pmfs_12_16/rep_01_seed_2026106297,10645aefbc1c4f93cd112290b315826af9faee13cab9e9c8da0276be2ffddb10,/home/zyc/cess_d1r_168x16_reference_20260925/pmfs_12_16/rep_01_seed_2026106297/spatial/concentration.npy,/home/zyc/cess_d1r_168x16_reference_20260925/pmfs_12_16/rep_01_seed_2026106297/spatial/concentration.npy
81,pmfs_12_16,1,2026106298,pmfs_12_16/rep_02_seed_2026106298,7c3df9733818779eaf980a42fc202bf19d745cbb1e854b46a0233915d7e1e1c8,/home/zyc/cess_d1r_168x16_reference_20260925/pmfs_12_16/rep_02_seed_2026106298/spatial/concentration.npy,/home/zyc/cess_d1r_168x16_reference_20260925/pmfs_12_16/rep_02_seed_2026106298/spatial/concentration.npy
81,pmfs_12_16,2,2026106299,pmfs_12_16/rep_03_seed_2026106299,04845b76202f66da2178d4009cb954ae0a4946771a323291f39cf0ee260fa0ea,/home/zyc/cess_d1r_168x16_reference_20260925/pmfs_12_16/rep_03_seed_2026106299/spatial/concentration.npy,/home/zyc/cess_d1r_168x16_reference_20260925/pmfs_12_16/rep_03_seed_2026106299/spatial/concentration.npy
81,pmfs_12_16,3,2026106300,pmfs_12_16/rep_04_seed_2026106300,e4b98ebfcd52afccc07fd5be96a95b05f6c3b8bc8f73a63f1f85d2788e4757b9,/home/zyc/cess_d1r_168x16_reference_20260925/pmfs_12_16/rep_04_seed_2026106300/spatial/concentration.npy,/home/zyc/cess_d1r_168x16_reference_20260925/pmfs_12_16/rep_04_seed_2026106300/spatial/concentration.npy
81,pmfs_12_16,4,2026106301,pmfs_12_16/rep_05_seed_2026106301,0de98e61189c4057f3adb94ab7bb037e02e8901a2a4db96d4038ae7af97ce87e,/home/zyc/cess_d1r_168x16_reference_20260925/pmfs_12_16/rep_05_seed_2026106301/spatial/concentration.npy,/home/zyc/cess_d1r_168x16_reference_20260925/pmfs_12_16/rep_05_seed_2026106301/spatial/concentration.npy
81,pmfs_12_16,5,2026106302,pmfs_12_16/rep_06_seed_2026106302,f602edbd93d29057118e44e3c077622720158e8dec82695c6e9eabba385f845e,/home/zyc/cess_d1r_168x16_reference_20260925/pmfs_12_16/rep_06_seed_2026106302/spatial/concentration.npy,/home/zyc/cess_d1r_168x16_reference_20260925/pmfs_12_16/rep_06_seed_2026106302/spatial/concentration.npy
81,pmfs_12_16,6,2026106303,pmfs_12_16/rep_07_seed_2026106303,3f1a500dad12e45427d036b1a3d4078e406c48f35a262c80b3e17b27f0639692,/home/zyc/cess_d1r_168x16_reference_20260925/pmfs_12_16/rep_07_seed_2026106303/spatial/concentration.npy,/home/zyc/cess_d1r_168x16_reference_20260925/pmfs_12_16/rep_07_seed_2026106303/spatial/concentration.npy
81,pmfs_12_16,7,2026106304,pmfs_12_16/rep_08_seed_2026106304,388a59d48b606cf0a0711665dff2661dae234795b060db30581a8ad6b5597e2d,/home/zyc/cess_d1r_168x16_reference_20260925/pmfs_12_16/rep_08_seed_2026106304/spatial/concentration.npy,/home/zyc/cess_d1r_168x16_reference_20260925/pmfs_12_16/rep_08_seed_2026106304/spatial/concentration.npy
81,pmfs_12_16,8,2026106305,pmfs_12_16/rep_09_seed_2026106305,b0b4f5c8ff7e833180fead252be2e8ec160f8edc86293bc62f0e3dd8499f57c2,/home/zyc/cess_d1r_168x16_reference_20260925/pmfs_12_16/rep_09_seed_2026106305/spatial/concentration.npy,/home/zyc/cess_d1r_168x16_reference_20260925/pmfs_12_16/rep_09_seed_2026106305/spatial/concentration.npy
81,pmfs_12_16,9,2026106306,pmfs_12_16/rep_10_seed_2026106306,f10a6b4487cc932bc0e4cb1df1a87c01da0cd7c1f199eecd07ccde38a78df620,/home/zyc/cess_d1r_168x16_reference_20260925/pmfs_12_16/rep_10_seed_2026106306/spatial/concentration.npy,/home/zyc/cess_d1r_168x16_reference_20260925/pmfs_12_16/rep_10_seed_2026106306/spatial/concentration.npy
81,pmfs_12_16,10,2026106307,pmfs_12_16/rep_11_seed_2026106307,5229fd07692070417e986047c86404380715642b043d34c2cb49518d59888fc4,/home/zyc/cess_d1r_168x16_reference_20260925/pmfs_12_16/rep_11_seed_2026106307/spatial/concentration.npy,/home/zyc/cess_d1r_168x16_reference_20260925/pmfs_12_16/rep_11_seed_2026106307/spatial/concentration.npy
81,pmfs_12_16,11,2026106308,pmfs_12_16/rep_12_seed_2026106308,1956d5f1be1c1a3b780f64313e66293489940e68e20a5868317b972f33de3c74,/home/zyc/cess_d1r_168x16_reference_20260925/pmfs_12_16/rep_12_seed_2026106308/spatial/concentration.npy,/home/zyc/cess_d1r_168x16_reference_20260925/pmfs_12_16/rep_12_seed_2026106308/spatial/concentration.npy
81,pmfs_12_16,12,2026106309,pmfs_12_16/rep_13_seed_2026106309,2b7bbe0a07bd9dd907d1913f41c909757c3dd8332ab7c0fae7f2d6bf12e93c85,/home/zyc/cess_d1r_168x16_reference_20260925/pmfs_12_16/rep_13_seed_2026106309/spatial/concentration.npy,/home/zyc/cess_d1r_168x16_reference_20260925/pmfs_12_16/rep_13_seed_2026106309/spatial/concentration.npy
81,pmfs_12_16,13,2026106310,pmfs_12_16/rep_14_seed_2026106310,e1380c3b13ab19dc6fea6706058a52b360426d02922ff0347b3014d08e83af20,/home/zyc/cess_d1r_168x16_reference_20260925/pmfs_12_16/rep_14_seed_2026106310/spatial/concentration.npy,/home/zyc/cess_d1r_168x16_reference_20260925/pmfs_12_16/rep_14_seed_2026106310/spatial/concentration.npy
81,pmfs_12_16,14,2026106311,pmfs_12_16/rep_15_seed_2026106311,18e775a251b2ef2d1d4a653c784ed3ff80d1ec5e8cc5fd5848ec954192aa046a,/home/zyc/cess_d1r_168x16_reference_20260925/pmfs_12_16/rep_15_seed_2026106311/spatial/concentration.npy,/home/zyc/cess_d1r_168x16_reference_20260925/pmfs_12_16/rep_15_seed_2026106311/spatial/concentration.npy
81,pmfs_12_16,15,2026106312,pmfs_12_16/rep_16_seed_2026106312,59b182e845aec352187609c26ccf9e140b021c8b841c50e99167a701be38584a,/home/zyc/cess_d1r_168x16_reference_20260925/pmfs_12_16/rep_16_seed_2026106312/spatial/concentration.npy,/home/zyc/cess_d1r_168x16_reference_20260925/pmfs_12_16/rep_16_seed_2026106312/spatial/concentration.npy
82,pmfs_12_17,0,2026106313,pmfs_12_17/rep_01_seed_2026106313,82f5c56e3ee4e6efbf5fdf3827b0452d3facbf4e87c505e222a5b1bd2a537b5c,/home/zyc/cess_d1r_168x16_reference_20260925/pmfs_12_17/rep_01_seed_2026106313/spatial/concentration.npy,/home/zyc/cess_d1r_168x16_reference_20260925/pmfs_12_17/rep_01_seed_2026106313/spatial/concentration.npy
82,pmfs_12_17,1,2026106314,pmfs_12_17/rep_02_seed_2026106314,bd949686639cf80183ed4cd944adbfb187b197f7d255f1cdece809352e7810a4,/home/zyc/cess_d1r_168x16_reference_20260925/pmfs_12_17/rep_02_seed_2026106314/spatial/concentration.npy,/home/zyc/cess_d1r_168x16_reference_20260925/pmfs_12_17/rep_02_seed_2026106314/spatial/concentration.npy
82,pmfs_12_17,2,2026106315,pmfs_12_17/rep_03_seed_2026106315,ca44a93fd2ab049df260032443c8566b4da59996ab59730ccaab3a617029d583,/home/zyc/cess_d1r_168x16_reference_20260925/pmfs_12_17/rep_03_seed_2026106315/spatial/concentration.npy,/home/zyc/cess_d1r_168x16_reference_20260925/pmfs_12_17/rep_03_seed_2026106315/spatial/concentration.npy
82,pmfs_12_17,3,2026106316,pmfs_12_17/rep_04_seed_2026106316,141d44e18aaef406221692b8abe41c1dc39e77e37c3dbb329e2a6d2ae61442df,/home/zyc/cess_d1r_168x16_reference_20260925/pmfs_12_17/rep_04_seed_2026106316/spatial/concentration.npy,/home/zyc/cess_d1r_168x16_reference_20260925/pmfs_12_17/rep_04_seed_2026106316/spatial/concentration.npy
82,pmfs_12_17,4,2026106317,pmfs_12_17/rep_05_seed_2026106317,de985e7d5efa72ed290c68ab8b29d1c824623bb9b59a421d56e47a233e687203,/home/zyc/cess_d1r_168x16_reference_20260925/pmfs_12_17/rep_05_seed_2026106317/spatial/concentration.npy,/home/zyc/cess_d1r_168x16_reference_20260925/pmfs_12_17/rep_05_seed_2026106317/spatial/concentration.npy
82,pmfs_12_17,5,2026106318,pmfs_12_17/rep_06_seed_2026106318,482713315e01d72840015ea8bd80977ed63727a3cf02836b05be734e4ef1fb89,/home/zyc/cess_d1r_168x16_reference_20260925/pmfs_12_17/rep_06_seed_2026106318/spatial/concentration.npy,/home/zyc/cess_d1r_168x16_reference_20260925/pmfs_12_17/rep_06_seed_2026106318/spatial/concentration.npy
82,pmfs_12_17,6,2026106319,pmfs_12_17/rep_07_seed_2026106319,1b6644a5c5fbc67bc9293e835982d8d23b52136633485ca89d4f904a4281e16e,/home/zyc/cess_d1r_168x16_reference_20260925/pmfs_12_17/rep_07_seed_2026106319/spatial/concentration.npy,/home/zyc/cess_d1r_168x16_reference_20260925/pmfs_12_17/rep_07_seed_2026106319/spatial/concentration.npy
82,pmfs_12_17,7,2026106320,pmfs_12_17/rep_08_seed_2026106320,09be25466b62a515e48eb7ddcfde61ffa500b60880a337ac5565b3ec03ac68c5,/home/zyc/cess_d1r_168x16_reference_20260925/pmfs_12_17/rep_08_seed_2026106320/spatial/concentration.npy,/home/zyc/cess_d1r_168x16_reference_20260925/pmfs_12_17/rep_08_seed_2026106320/spatial/concentration.npy
82,pmfs_12_17,8,2026106321,pmfs_12_17/rep_09_seed_2026106321,e1b5d89c0f67a43b447519c8884cd9e15511afc62b476bbf1b3539c9cae76468,/home/zyc/cess_d1r_168x16_reference_20260925/pmfs_12_17/rep_09_seed_2026106321/spatial/concentration.npy,/home/zyc/cess_d1r_168x16_reference_20260925/pmfs_12_17/rep_09_seed_2026106321/spatial/concentration.npy
82,pmfs_12_17,9,2026106322,pmfs_12_17/rep_10_seed_2026106322,af8002855cd3dcadbfb6f57bd5ac8cc6b0e58285f618f474b1355c718e8395f2,/home/zyc/cess_d1r_168x16_reference_20260925/pmfs_12_17/rep_10_seed_2026106322/spatial/concentration.npy,/home/zyc/cess_d1r_168x16_reference_20260925/pmfs_12_17/rep_10_seed_2026106322/spatial/concentration.npy
82,pmfs_12_17,10,2026106323,pmfs_12_17/rep_11_seed_2026106323,dc85ddd4cf4808d734f72d9a43fed853e67ddf689a7b5beae72b54f6c4de4810,/home/zyc/cess_d1r_168x16_reference_20260925/pmfs_12_17/rep_11_seed_2026106323/spatial/concentration.npy,/home/zyc/cess_d1r_168x16_reference_20260925/pmfs_12_17/rep_11_seed_2026106323/spatial/concentration.npy
82,pmfs_12_17,11,2026106324,pmfs_12_17/rep_12_seed_2026106324,d9734e959b3260a99862db0069469ee293fb32e5c950d6d058813eba45d55a46,/home/zyc/cess_d1r_168x16_reference_20260925/pmfs_12_17/rep_12_seed_2026106324/spatial/concentration.npy,/home/zyc/cess_d1r_168x16_reference_20260925/pmfs_12_17/rep_12_seed_2026106324/spatial/concentration.npy
82,pmfs_12_17,12,2026106325,pmfs_12_17/rep_13_seed_2026106325,c1f6ea3ac74916471cebe9c2d0f28d3b4f8a82a0d5a74064f4ed1606371bd196,/home/zyc/cess_d1r_168x16_reference_20260925/pmfs_12_17/rep_13_seed_2026106325/spatial/concentration.npy,/home/zyc/cess_d1r_168x16_reference_20260925/pmfs_12_17/rep_13_seed_2026106325/spatial/concentration.npy
82,pmfs_12_17,13,2026106326,pmfs_12_17/rep_14_seed_2026106326,4c08f208a2d4e4d691b1e4a0527350bc7eac8d4532aace9ee62cc13b45ea0f0f,/home/zyc/cess_d1r_168x16_reference_20260925/pmfs_12_17/rep_14_seed_2026106326/spatial/concentration.npy,/home/zyc/cess_d1r_168x16_reference_20260925/pmfs_12_17/rep_14_seed_2026106326/spatial/concentration.npy
82,pmfs_12_17,14,2026106327,pmfs_12_17/rep_15_seed_2026106327,1d771b6a72415d7d8e26656c6581e07d54524145ba89f149978930df7e1f27ee,/home/zyc/cess_d1r_168x16_reference_20260925/pmfs_12_17/rep_15_seed_2026106327/spatial/concentration.npy,/home/zyc/cess_d1r_168x16_reference_20260925/pmfs_12_17/rep_15_seed_2026106327/spatial/concentration.npy
82,pmfs_12_17,15,2026106328,pmfs_12_17/rep_16_seed_2026106328,6d7c1d6dbc4acbbd17a8b8d207da4bd4c1c195c60c053cc592e44be303719c2e,/home/zyc/cess_d1r_168x16_reference_20260925/pmfs_12_17/rep_16_seed_2026106328/spatial/concentration.npy,/home/zyc/cess_d1r_168x16_reference_20260925/pmfs_12_17/rep_16_seed_2026106328/spatial/concentration.npy
83,pmfs_12_18,0,2026106329,pmfs_12_18/rep_01_seed_2026106329,b6bef7eb9e2834079de85280d44f3b9174b1e4441e288a88776016348eb593fd,/home/zyc/cess_d1r_168x16_reference_20260925/pmfs_12_18/rep_01_seed_2026106329/spatial/concentration.npy,/home/zyc/cess_d1r_168x16_reference_20260925/pmfs_12_18/rep_01_seed_2026106329/spatial/concentration.npy
83,pmfs_12_18,1,2026106330,pmfs_12_18/rep_02_seed_2026106330,f6329974d54586a4faa95b225d344d16c127b83d2d8c08979fce798595a2641c,/home/zyc/cess_d1r_168x16_reference_20260925/pmfs_12_18/rep_02_seed_2026106330/spatial/concentration.npy,/home/zyc/cess_d1r_168x16_reference_20260925/pmfs_12_18/rep_02_seed_2026106330/spatial/concentration.npy
83,pmfs_12_18,2,2026106331,pmfs_12_18/rep_03_seed_2026106331,7183b1cc9183cc899ae2eac65462635471b1878a16ea62ca00e149c8866861f0,/home/zyc/cess_d1r_168x16_reference_20260925/pmfs_12_18/rep_03_seed_2026106331/spatial/concentration.npy,/home/zyc/cess_d1r_168x16_reference_20260925/pmfs_12_18/rep_03_seed_2026106331/spatial/concentration.npy
83,pmfs_12_18,3,2026106332,pmfs_12_18/rep_04_seed_2026106332,523e4a80b52b7dabcf563db8f55838497abb89140468ce113453c6cbcab923e7,/home/zyc/cess_d1r_168x16_reference_20260925/pmfs_12_18/rep_04_seed_2026106332/spatial/concentration.npy,/home/zyc/cess_d1r_168x16_reference_20260925/pmfs_12_18/rep_04_seed_2026106332/spatial/concentration.npy
83,pmfs_12_18,4,2026106333,pmfs_12_18/rep_05_seed_2026106333,c368d2d810dbe2675e65acbea9d4251405fea39da92ebeb4d5a2fd18acde442c,/home/zyc/cess_d1r_168x16_reference_20260925/pmfs_12_18/rep_05_seed_2026106333/spatial/concentration.npy,/home/zyc/cess_d1r_168x16_reference_20260925/pmfs_12_18/rep_05_seed_2026106333/spatial/concentration.npy
83,pmfs_12_18,5,2026106334,pmfs_12_18/rep_06_seed_2026106334,74539d31b51f9dd0379a4fe9dadb758c484a8e35b90714712d9e4ada2f88ddb6,/home/zyc/cess_d1r_168x16_reference_20260925/pmfs_12_18/rep_06_seed_2026106334/spatial/concentration.npy,/home/zyc/cess_d1r_168x16_reference_20260925/pmfs_12_18/rep_06_seed_2026106334/spatial/concentration.npy
83,pmfs_12_18,6,2026106335,pmfs_12_18/rep_07_seed_2026106335,1c3944c22021c97400f9dc379b8465e764141aad218e2eefedc13cb3c9fef537,/home/zyc/cess_d1r_168x16_reference_20260925/pmfs_12_18/rep_07_seed_2026106335/spatial/concentration.npy,/home/zyc/cess_d1r_168x16_reference_20260925/pmfs_12_18/rep_07_seed_2026106335/spatial/concentration.npy
83,pmfs_12_18,7,2026106336,pmfs_12_18/rep_08_seed_2026106336,47e3185f9be95b2b4d914f163cca1347b8e0d3d4162276f8e6773f150542b3d0,/home/zyc/cess_d1r_168x16_reference_20260925/pmfs_12_18/rep_08_seed_2026106336/spatial/concentration.npy,/home/zyc/cess_d1r_168x16_reference_20260925/pmfs_12_18/rep_08_seed_2026106336/spatial/concentration.npy
83,pmfs_12_18,8,2026106337,pmfs_12_18/rep_09_seed_2026106337,3e3f0775f1077c8ca7b6b8497363932ccaab7a43bd7b6f2d4b47c1a2e055f195,/home/zyc/cess_d1r_168x16_reference_20260925/pmfs_12_18/rep_09_seed_2026106337/spatial/concentration.npy,/home/zyc/cess_d1r_168x16_reference_20260925/pmfs_12_18/rep_09_seed_2026106337/spatial/concentration.npy
83,pmfs_12_18,9,2026106338,pmfs_12_18/rep_10_seed_2026106338,8bb784f3cbda6765d5bc601a403b611b9242ed24804d5a0095b4f6192a6ebce7,/home/zyc/cess_d1r_168x16_reference_20260925/pmfs_12_18/rep_10_seed_2026106338/spatial/concentration.npy,/home/zyc/cess_d1r_168x16_reference_20260925/pmfs_12_18/rep_10_seed_2026106338/spatial/concentration.npy
83,pmfs_12_18,10,2026106339,pmfs_12_18/rep_11_seed_2026106339,9dc6d46db227ba55ee13ea2f815c3688900b40d843b985ff80f77a8a3343c2d0,/home/zyc/cess_d1r_168x16_reference_20260925/pmfs_12_18/rep_11_seed_2026106339/spatial/concentration.npy,/home/zyc/cess_d1r_168x16_reference_20260925/pmfs_12_18/rep_11_seed_2026106339/spatial/concentration.npy
83,pmfs_12_18,11,2026106340,pmfs_12_18/rep_12_seed_2026106340,2eb7de8a8fe65c4080e808030ea1d0755bffb8341faa8ebec054555355db979c,/home/zyc/cess_d1r_168x16_reference_20260925/pmfs_12_18/rep_12_seed_2026106340/spatial/concentration.npy,/home/zyc/cess_d1r_168x16_reference_20260925/pmfs_12_18/rep_12_seed_2026106340/spatial/concentration.npy
83,pmfs_12_18,12,2026106341,pmfs_12_18/rep_13_seed_2026106341,14b69e6f26264aec7ca694eaf0e4316d7e1d913c3f6808dce0ec0f95746ba98d,/home/zyc/cess_d1r_168x16_reference_20260925/pmfs_12_18/rep_13_seed_2026106341/spatial/concentration.npy,/home/zyc/cess_d1r_168x16_reference_20260925/pmfs_12_18/rep_13_seed_2026106341/spatial/concentration.npy
83,pmfs_12_18,13,2026106342,pmfs_12_18/rep_14_seed_2026106342,a0b37162beb6a753aecac70e59c7e052759cabcff17781dd688766624464417e,/home/zyc/cess_d1r_168x16_reference_20260925/pmfs_12_18/rep_14_seed_2026106342/spatial/concentration.npy,/home/zyc/cess_d1r_168x16_reference_20260925/pmfs_12_18/rep_14_seed_2026106342/spatial/concentration.npy
83,pmfs_12_18,14,2026106343,pmfs_12_18/rep_15_seed_2026106343,d0985098e6f191244311e77a9a33c50b26fc54bbbb7d26119a35129f0fb53a0c,/home/zyc/cess_d1r_168x16_reference_20260925/pmfs_12_18/rep_15_seed_2026106343/spatial/concentration.npy,/home/zyc/cess_d1r_168x16_reference_20260925/pmfs_12_18/rep_15_seed_2026106343/spatial/concentration.npy
83,pmfs_12_18,15,2026106344,pmfs_12_18/rep_16_seed_2026106344,24b7cb02387c82cbe8937c9fa0d51751c1c011afa17a4e72f03f002f4b29a43d,/home/zyc/cess_d1r_168x16_reference_20260925/pmfs_12_18/rep_16_seed_2026106344/spatial/concentration.npy,/home/zyc/cess_d1r_168x16_reference_20260925/pmfs_12_18/rep_16_seed_2026106344/spatial/concentration.npy
84,pmfs_13_12,0,2026106345,pmfs_13_12/rep_01_seed_2026106345,c71d76e506548bfb4a21d88f36d927015141d0890a479ce6604713776f93833a,/home/zyc/cess_d1r_168x16_reference_20260925/pmfs_13_12/rep_01_seed_2026106345/spatial/concentration.npy,/home/zyc/cess_d1r_168x16_reference_20260925/pmfs_13_12/rep_01_seed_2026106345/spatial/concentration.npy
84,pmfs_13_12,1,2026106346,pmfs_13_12/rep_02_seed_2026106346,4d9d4d1b224c474ca9f551c6eb35c884c11097e6014e02bd041be04ae60f82e6,/home/zyc/cess_d1r_168x16_reference_20260925/pmfs_13_12/rep_02_seed_2026106346/spatial/concentration.npy,/home/zyc/cess_d1r_168x16_reference_20260925/pmfs_13_12/rep_02_seed_2026106346/spatial/concentration.npy
84,pmfs_13_12,2,2026106347,pmfs_13_12/rep_03_seed_2026106347,918a2b7b85c33e2673ae3c9db3fa624ff7d7b494dff93dba9e091a9bace4db05,/home/zyc/cess_d1r_168x16_reference_20260925/pmfs_13_12/rep_03_seed_2026106347/spatial/concentration.npy,/home/zyc/cess_d1r_168x16_reference_20260925/pmfs_13_12/rep_03_seed_2026106347/spatial/concentration.npy
84,pmfs_13_12,3,2026106348,pmfs_13_12/rep_04_seed_2026106348,b7a804292d3ef314c7147e1cb6779c1fe2ff43715ec8b97ac53629ae3149f919,/home/zyc/cess_d1r_168x16_reference_20260925/pmfs_13_12/rep_04_seed_2026106348/spatial/concentration.npy,/home/zyc/cess_d1r_168x16_reference_20260925/pmfs_13_12/rep_04_seed_2026106348/spatial/concentration.npy
84,pmfs_13_12,4,2026106349,pmfs_13_12/rep_05_seed_2026106349,506161a600df895405bfc5fe2770e8c0cfebb0e12c60f50780da0d2772932d9b,/home/zyc/cess_d1r_168x16_reference_20260925/pmfs_13_12/rep_05_seed_2026106349/spatial/concentration.npy,/home/zyc/cess_d1r_168x16_reference_20260925/pmfs_13_12/rep_05_seed_2026106349/spatial/concentration.npy
84,pmfs_13_12,5,2026106350,pmfs_13_12/rep_06_seed_2026106350,a2531cd41f9ed714942229d39f14f1af458f5b499fc637f7a3c2689abe35c372,/home/zyc/cess_d1r_168x16_reference_20260925/pmfs_13_12/rep_06_seed_2026106350/spatial/concentration.npy,/home/zyc/cess_d1r_168x16_reference_20260925/pmfs_13_12/rep_06_seed_2026106350/spatial/concentration.npy
84,pmfs_13_12,6,2026106351,pmfs_13_12/rep_07_seed_2026106351,eef40111b459cc2e3003fb6bb35af8fd5213d4d3c7e32c9cd10524b19a1fb5b6,/home/zyc/cess_d1r_168x16_reference_20260925/pmfs_13_12/rep_07_seed_2026106351/spatial/concentration.npy,/home/zyc/cess_d1r_168x16_reference_20260925/pmfs_13_12/rep_07_seed_2026106351/spatial/concentration.npy
84,pmfs_13_12,7,2026106352,pmfs_13_12/rep_08_seed_2026106352,d13bbe58b152923bd571f2430220577bcdb23e8d285c0492006f268d7264faaf,/home/zyc/cess_d1r_168x16_reference_20260925/pmfs_13_12/rep_08_seed_2026106352/spatial/concentration.npy,/home/zyc/cess_d1r_168x16_reference_20260925/pmfs_13_12/rep_08_seed_2026106352/spatial/concentration.npy
84,pmfs_13_12,8,2026106353,pmfs_13_12/rep_09_seed_2026106353,54c782c975cc0a282a5397c42b9b672db90b108e21d6b6be0de4a704cedd5564,/home/zyc/cess_d1r_168x16_reference_20260925/pmfs_13_12/rep_09_seed_2026106353/spatial/concentration.npy,/home/zyc/cess_d1r_168x16_reference_20260925/pmfs_13_12/rep_09_seed_2026106353/spatial/concentration.npy
84,pmfs_13_12,9,2026106354,pmfs_13_12/rep_10_seed_2026106354,0adc9732da556adbd9516f1440ec6f3bd85d10ed9b3b8f4bb1e837b2634f3d63,/home/zyc/cess_d1r_168x16_reference_20260925/pmfs_13_12/rep_10_seed_2026106354/spatial/concentration.npy,/home/zyc/cess_d1r_168x16_reference_20260925/pmfs_13_12/rep_10_seed_2026106354/spatial/concentration.npy
84,pmfs_13_12,10,2026106355,pmfs_13_12/rep_11_seed_2026106355,7939e6e4c0e73359ee7764474822a279ce5b90891e06d5429e669e059b3283a7,/home/zyc/cess_d1r_168x16_reference_20260925/pmfs_13_12/rep_11_seed_2026106355/spatial/concentration.npy,/home/zyc/cess_d1r_168x16_reference_20260925/pmfs_13_12/rep_11_seed_2026106355/spatial/concentration.npy
84,pmfs_13_12,11,2026106356,pmfs_13_12/rep_12_seed_2026106356,34d45e8b23f62a1a19e18ab476567d10337e3610e7257748d4ee1ad4c6463eeb,/home/zyc/cess_d1r_168x16_reference_20260925/pmfs_13_12/rep_12_seed_2026106356/spatial/concentration.npy,/home/zyc/cess_d1r_168x16_reference_20260925/pmfs_13_12/rep_12_seed_2026106356/spatial/concentration.npy
84,pmfs_13_12,12,2026106357,pmfs_13_12/rep_13_seed_2026106357,4d499b40da83fd3b5d91c01708a69e10a3581e040bc3d4ae221346eb35128ee7,/home/zyc/cess_d1r_168x16_reference_20260925/pmfs_13_12/rep_13_seed_2026106357/spatial/concentration.npy,/home/zyc/cess_d1r_168x16_reference_20260925/pmfs_13_12/rep_13_seed_2026106357/spatial/concentration.npy
84,pmfs_13_12,13,2026106358,pmfs_13_12/rep_14_seed_2026106358,b38a278b7c5dedd19636e6a2d396044ac48c834644fe9ac70fee2cacaaaea987,/home/zyc/cess_d1r_168x16_reference_20260925/pmfs_13_12/rep_14_seed_2026106358/spatial/concentration.npy,/home/zyc/cess_d1r_168x16_reference_20260925/pmfs_13_12/rep_14_seed_2026106358/spatial/concentration.npy
84,pmfs_13_12,14,2026106359,pmfs_13_12/rep_15_seed_2026106359,3300e4d5967d406028257c4782c7db30db1b22b775bc41542509d476e5a0d98e,/home/zyc/cess_d1r_168x16_reference_20260925/pmfs_13_12/rep_15_seed_2026106359/spatial/concentration.npy,/home/zyc/cess_d1r_168x16_reference_20260925/pmfs_13_12/rep_15_seed_2026106359/spatial/concentration.npy
84,pmfs_13_12,15,2026106360,pmfs_13_12/rep_16_seed_2026106360,f338f8714593e6d38d31366fe09536f1b0b87d7615d4b59f11fc9926ff6748f7,/home/zyc/cess_d1r_168x16_reference_20260925/pmfs_13_12/rep_16_seed_2026106360/spatial/concentration.npy,/home/zyc/cess_d1r_168x16_reference_20260925/pmfs_13_12/rep_16_seed_2026106360/spatial/concentration.npy
85,pmfs_13_13,0,2026106361,pmfs_13_13/rep_01_seed_2026106361,e3529ef735b839a7c8c9397e17dc7178d47deac40b68c3e45d8543afb6afa220,/home/zyc/cess_d1r_168x16_reference_20260925/pmfs_13_13/rep_01_seed_2026106361/spatial/concentration.npy,/home/zyc/cess_d1r_168x16_reference_20260925/pmfs_13_13/rep_01_seed_2026106361/spatial/concentration.npy
85,pmfs_13_13,1,2026106362,pmfs_13_13/rep_02_seed_2026106362,01c85528a802365c10b50e03cd37056cd96d201f772f7ad51a5a295193c44082,/home/zyc/cess_d1r_168x16_reference_20260925/pmfs_13_13/rep_02_seed_2026106362/spatial/concentration.npy,/home/zyc/cess_d1r_168x16_reference_20260925/pmfs_13_13/rep_02_seed_2026106362/spatial/concentration.npy
85,pmfs_13_13,2,2026106363,pmfs_13_13/rep_03_seed_2026106363,cf96dc01ca29afbf43207670af479978eb3b1ac0235f0920909b872c800e4c02,/home/zyc/cess_d1r_168x16_reference_20260925/pmfs_13_13/rep_03_seed_2026106363/spatial/concentration.npy,/home/zyc/cess_d1r_168x16_reference_20260925/pmfs_13_13/rep_03_seed_2026106363/spatial/concentration.npy
85,pmfs_13_13,3,2026106364,pmfs_13_13/rep_04_seed_2026106364,62158d888015f5744e9b532bfb0d9115795b7168dee3041c9fa28a5bf9ed3c42,/home/zyc/cess_d1r_168x16_reference_20260925/pmfs_13_13/rep_04_seed_2026106364/spatial/concentration.npy,/home/zyc/cess_d1r_168x16_reference_20260925/pmfs_13_13/rep_04_seed_2026106364/spatial/concentration.npy
85,pmfs_13_13,4,2026106365,pmfs_13_13/rep_05_seed_2026106365,d76c2d4930a8b7afcecc0647ae0538d3446d261db1b56d88cab4125931614c29,/home/zyc/cess_d1r_168x16_reference_20260925/pmfs_13_13/rep_05_seed_2026106365/spatial/concentration.npy,/home/zyc/cess_d1r_168x16_reference_20260925/pmfs_13_13/rep_05_seed_2026106365/spatial/concentration.npy
85,pmfs_13_13,5,2026106366,pmfs_13_13/rep_06_seed_2026106366,a47bc931efa28aba5df5b217cf097c7f21cca870a2f3d97e095c031b0cbe3030,/home/zyc/cess_d1r_168x16_reference_20260925/pmfs_13_13/rep_06_seed_2026106366/spatial/concentration.npy,/home/zyc/cess_d1r_168x16_reference_20260925/pmfs_13_13/rep_06_seed_2026106366/spatial/concentration.npy
85,pmfs_13_13,6,2026106367,pmfs_13_13/rep_07_seed_2026106367,f3be8fe591451b460e5bad53da192eed4a1adc1e149e006539781a4ad3dcced8,/home/zyc/cess_d1r_168x16_reference_20260925/pmfs_13_13/rep_07_seed_2026106367/spatial/concentration.npy,/home/zyc/cess_d1r_168x16_reference_20260925/pmfs_13_13/rep_07_seed_2026106367/spatial/concentration.npy
85,pmfs_13_13,7,2026106368,pmfs_13_13/rep_08_seed_2026106368,75caf96b70d35f066dcdcdeded0284bd7088e13d85c5ab5c13aaccbc04b60b8f,/home/zyc/cess_d1r_168x16_reference_20260925/pmfs_13_13/rep_08_seed_2026106368/spatial/concentration.npy,/home/zyc/cess_d1r_168x16_reference_20260925/pmfs_13_13/rep_08_seed_2026106368/spatial/concentration.npy
85,pmfs_13_13,8,2026106369,pmfs_13_13/rep_09_seed_2026106369,b967a8e68fee4dda65e5115fc701776074bebaf8847b006e468f3083926dd6f2,/home/zyc/cess_d1r_168x16_reference_20260925/pmfs_13_13/rep_09_seed_2026106369/spatial/concentration.npy,/home/zyc/cess_d1r_168x16_reference_20260925/pmfs_13_13/rep_09_seed_2026106369/spatial/concentration.npy
85,pmfs_13_13,9,2026106370,pmfs_13_13/rep_10_seed_2026106370,2abdccc2ad22dcb2edd577873927971e7dc6e63764d6c25d00d59a05ecc36a09,/home/zyc/cess_d1r_168x16_reference_20260925/pmfs_13_13/rep_10_seed_2026106370/spatial/concentration.npy,/home/zyc/cess_d1r_168x16_reference_20260925/pmfs_13_13/rep_10_seed_2026106370/spatial/concentration.npy
85,pmfs_13_13,10,2026106371,pmfs_13_13/rep_11_seed_2026106371,24d9987c1768a90e772811bf7380703c9be29b482eba021a14de2651f14e6bda,/home/zyc/cess_d1r_168x16_reference_20260925/pmfs_13_13/rep_11_seed_2026106371/spatial/concentration.npy,/home/zyc/cess_d1r_168x16_reference_20260925/pmfs_13_13/rep_11_seed_2026106371/spatial/concentration.npy
85,pmfs_13_13,11,2026106372,pmfs_13_13/rep_12_seed_2026106372,6d70b446209ac4fa8c75b32e721753cb9c7a5cf3c50d1412c11179f6a3e996e4,/home/zyc/cess_d1r_168x16_reference_20260925/pmfs_13_13/rep_12_seed_2026106372/spatial/concentration.npy,/home/zyc/cess_d1r_168x16_reference_20260925/pmfs_13_13/rep_12_seed_2026106372/spatial/concentration.npy
85,pmfs_13_13,12,2026106373,pmfs_13_13/rep_13_seed_2026106373,4a8a1a3bfc942165c4dbc8623ea7778b3e71cb491b741577e0281772e4b5058e,/home/zyc/cess_d1r_168x16_reference_20260925/pmfs_13_13/rep_13_seed_2026106373/spatial/concentration.npy,/home/zyc/cess_d1r_168x16_reference_20260925/pmfs_13_13/rep_13_seed_2026106373/spatial/concentration.npy
85,pmfs_13_13,13,2026106374,pmfs_13_13/rep_14_seed_2026106374,5b4c5c4ff6babfa2fcc34e615a5be3d7751f3781c4b6cda9add882be194d9679,/home/zyc/cess_d1r_168x16_reference_20260925/pmfs_13_13/rep_14_seed_2026106374/spatial/concentration.npy,/home/zyc/cess_d1r_168x16_reference_20260925/pmfs_13_13/rep_14_seed_2026106374/spatial/concentration.npy
85,pmfs_13_13,14,2026106375,pmfs_13_13/rep_15_seed_2026106375,4d0cfc7a8d0abfce20806039fed8ef41a54c1c115f540381c7499e64c21f33fd,/home/zyc/cess_d1r_168x16_reference_20260925/pmfs_13_13/rep_15_seed_2026106375/spatial/concentration.npy,/home/zyc/cess_d1r_168x16_reference_20260925/pmfs_13_13/rep_15_seed_2026106375/spatial/concentration.npy
85,pmfs_13_13,15,2026106376,pmfs_13_13/rep_16_seed_2026106376,bf978e804adaee5d82cd45120bfd0b9e0cb9ec76ef5d52e84d13280c3f6a8ca6,/home/zyc/cess_d1r_168x16_reference_20260925/pmfs_13_13/rep_16_seed_2026106376/spatial/concentration.npy,/home/zyc/cess_d1r_168x16_reference_20260925/pmfs_13_13/rep_16_seed_2026106376/spatial/concentration.npy
86,pmfs_13_14,0,2026106377,pmfs_13_14/rep_01_seed_2026106377,fd4a0c9b1e1a6757c02bbc1e8d7394e861a48b54b0a3678b60fb38fdb354a159,/home/zyc/cess_d1r_168x16_reference_20260925/pmfs_13_14/rep_01_seed_2026106377/spatial/concentration.npy,/home/zyc/cess_d1r_168x16_reference_20260925/pmfs_13_14/rep_01_seed_2026106377/spatial/concentration.npy
86,pmfs_13_14,1,2026106378,pmfs_13_14/rep_02_seed_2026106378,c1943ca77e050b22b6c80f7d8c51f539f93647d2b66a9a02885ea6f78c4f89c3,/home/zyc/cess_d1r_168x16_reference_20260925/pmfs_13_14/rep_02_seed_2026106378/spatial/concentration.npy,/home/zyc/cess_d1r_168x16_reference_20260925/pmfs_13_14/rep_02_seed_2026106378/spatial/concentration.npy
86,pmfs_13_14,2,2026106379,pmfs_13_14/rep_03_seed_2026106379,e28fa49ede98cfe9a6de9aba5c2cd5688e96245d549cd7c53f0d911a0f29fe50,/home/zyc/cess_d1r_168x16_reference_20260925/pmfs_13_14/rep_03_seed_2026106379/spatial/concentration.npy,/home/zyc/cess_d1r_168x16_reference_20260925/pmfs_13_14/rep_03_seed_2026106379/spatial/concentration.npy
86,pmfs_13_14,3,2026106380,pmfs_13_14/rep_04_seed_2026106380,6c27612800b2ded415d7f6f920a4c88d537294908278cc3531e4ec70860db550,/home/zyc/cess_d1r_168x16_reference_20260925/pmfs_13_14/rep_04_seed_2026106380/spatial/concentration.npy,/home/zyc/cess_d1r_168x16_reference_20260925/pmfs_13_14/rep_04_seed_2026106380/spatial/concentration.npy
86,pmfs_13_14,4,2026106381,pmfs_13_14/rep_05_seed_2026106381,a7ec5773f3dc5f08684fddbba13d4d015904d499d52a27d8139790d4b2727e56,/home/zyc/cess_d1r_168x16_reference_20260925/pmfs_13_14/rep_05_seed_2026106381/spatial/concentration.npy,/home/zyc/cess_d1r_168x16_reference_20260925/pmfs_13_14/rep_05_seed_2026106381/spatial/concentration.npy
86,pmfs_13_14,5,2026106382,pmfs_13_14/rep_06_seed_2026106382,b03aa48f10be419a035eaeee0ca6807b7854587bf4c112189a0f6c6ac1df034e,/home/zyc/cess_d1r_168x16_reference_20260925/pmfs_13_14/rep_06_seed_2026106382/spatial/concentration.npy,/home/zyc/cess_d1r_168x16_reference_20260925/pmfs_13_14/rep_06_seed_2026106382/spatial/concentration.npy
86,pmfs_13_14,6,2026106383,pmfs_13_14/rep_07_seed_2026106383,2b13e54124cfc780ac7f1270a0b1831f550a51a4a9a7b6384ec33295c10a7561,/home/zyc/cess_d1r_168x16_reference_20260925/pmfs_13_14/rep_07_seed_2026106383/spatial/concentration.npy,/home/zyc/cess_d1r_168x16_reference_20260925/pmfs_13_14/rep_07_seed_2026106383/spatial/concentration.npy
86,pmfs_13_14,7,2026106384,pmfs_13_14/rep_08_seed_2026106384,fe5dcfe6acb30dbbd150a655bd6dea5f0a79d4420af6ee7c981066d8074274ac,/home/zyc/cess_d1r_168x16_reference_20260925/pmfs_13_14/rep_08_seed_2026106384/spatial/concentration.npy,/home/zyc/cess_d1r_168x16_reference_20260925/pmfs_13_14/rep_08_seed_2026106384/spatial/concentration.npy
86,pmfs_13_14,8,2026106385,pmfs_13_14/rep_09_seed_2026106385,ff50789954bc79fa5a093371e81ffcdf7e941cfe8b4523e22fef5c98fa0f5409,/home/zyc/cess_d1r_168x16_reference_20260925/pmfs_13_14/rep_09_seed_2026106385/spatial/concentration.npy,/home/zyc/cess_d1r_168x16_reference_20260925/pmfs_13_14/rep_09_seed_2026106385/spatial/concentration.npy
86,pmfs_13_14,9,2026106386,pmfs_13_14/rep_10_seed_2026106386,ba23b28e75bd32b6402c9bda7bd15eb51aa371e1c0d96f2372c2a1f5d3a391b5,/home/zyc/cess_d1r_168x16_reference_20260925/pmfs_13_14/rep_10_seed_2026106386/spatial/concentration.npy,/home/zyc/cess_d1r_168x16_reference_20260925/pmfs_13_14/rep_10_seed_2026106386/spatial/concentration.npy
86,pmfs_13_14,10,2026106387,pmfs_13_14/rep_11_seed_2026106387,99e9ea69f1f831e693a777113fd10b621849a987159341e6c2e6a70bb724ac1e,/home/zyc/cess_d1r_168x16_reference_20260925/pmfs_13_14/rep_11_seed_2026106387/spatial/concentration.npy,/home/zyc/cess_d1r_168x16_reference_20260925/pmfs_13_14/rep_11_seed_2026106387/spatial/concentration.npy
86,pmfs_13_14,11,2026106388,pmfs_13_14/rep_12_seed_2026106388,23eaa106a1837226ad109052334ebc1ce0e25b6b61ef981a8751c689c363fd89,/home/zyc/cess_d1r_168x16_reference_20260925/pmfs_13_14/rep_12_seed_2026106388/spatial/concentration.npy,/home/zyc/cess_d1r_168x16_reference_20260925/pmfs_13_14/rep_12_seed_2026106388/spatial/concentration.npy
86,pmfs_13_14,12,2026106389,pmfs_13_14/rep_13_seed_2026106389,84265d1c2c08fcf50354ba3bcdb67d562ac570e1c05cfddc7ea39c4df492ca57,/home/zyc/cess_d1r_168x16_reference_20260925/pmfs_13_14/rep_13_seed_2026106389/spatial/concentration.npy,/home/zyc/cess_d1r_168x16_reference_20260925/pmfs_13_14/rep_13_seed_2026106389/spatial/concentration.npy
86,pmfs_13_14,13,2026106390,pmfs_13_14/rep_14_seed_2026106390,57bb0161cf1db47874d2bebc0e034650c20149bf8c0224ef0e6de398afb5e974,/home/zyc/cess_d1r_168x16_reference_20260925/pmfs_13_14/rep_14_seed_2026106390/spatial/concentration.npy,/home/zyc/cess_d1r_168x16_reference_20260925/pmfs_13_14/rep_14_seed_2026106390/spatial/concentration.npy
86,pmfs_13_14,14,2026106391,pmfs_13_14/rep_15_seed_2026106391,794af8d7f4926293dd15aea869dfbe27b115f5ed71a1f1de04fa01cf2ebfa1cd,/home/zyc/cess_d1r_168x16_reference_20260925/pmfs_13_14/rep_15_seed_2026106391/spatial/concentration.npy,/home/zyc/cess_d1r_168x16_reference_20260925/pmfs_13_14/rep_15_seed_2026106391/spatial/concentration.npy
86,pmfs_13_14,15,2026106392,pmfs_13_14/rep_16_seed_2026106392,3c96cbc3cc72e6ca2c82ab350b18f5a0fe02ab4fe299ad29f3bc1d822aa4768e,/home/zyc/cess_d1r_168x16_reference_20260925/pmfs_13_14/rep_16_seed_2026106392/spatial/concentration.npy,/home/zyc/cess_d1r_168x16_reference_20260925/pmfs_13_14/rep_16_seed_2026106392/spatial/concentration.npy
87,pmfs_13_15,0,2026106393,pmfs_13_15/rep_01_seed_2026106393,853c1e45fa050212f2504e43956f6ac3af729534790bed92ac633a1a5179fa78,/home/zyc/cess_d1r_168x16_reference_20260925/pmfs_13_15/rep_01_seed_2026106393/spatial/concentration.npy,/home/zyc/cess_d1r_168x16_reference_20260925/pmfs_13_15/rep_01_seed_2026106393/spatial/concentration.npy
87,pmfs_13_15,1,2026106394,pmfs_13_15/rep_02_seed_2026106394,144fa91154cf6cba46bac34f021650c0a9c36b3a07ac119ebddd580fcba6ab74,/home/zyc/cess_d1r_168x16_reference_20260925/pmfs_13_15/rep_02_seed_2026106394/spatial/concentration.npy,/home/zyc/cess_d1r_168x16_reference_20260925/pmfs_13_15/rep_02_seed_2026106394/spatial/concentration.npy
87,pmfs_13_15,2,2026106395,pmfs_13_15/rep_03_seed_2026106395,f7a983e69445874833ba7139dad5c6d8e1ba707d657017a2ad0063616e74e933,/home/zyc/cess_d1r_168x16_reference_20260925/pmfs_13_15/rep_03_seed_2026106395/spatial/concentration.npy,/home/zyc/cess_d1r_168x16_reference_20260925/pmfs_13_15/rep_03_seed_2026106395/spatial/concentration.npy
87,pmfs_13_15,3,2026106396,pmfs_13_15/rep_04_seed_2026106396,f13659ba89b8b11745cfb430dba38cf38030bfd021fc5db266f485e2c914c676,/home/zyc/cess_d1r_168x16_reference_20260925/pmfs_13_15/rep_04_seed_2026106396/spatial/concentration.npy,/home/zyc/cess_d1r_168x16_reference_20260925/pmfs_13_15/rep_04_seed_2026106396/spatial/concentration.npy
87,pmfs_13_15,4,2026106397,pmfs_13_15/rep_05_seed_2026106397,d02ede0c9f093b4db9a762115b682e3df53c3201d111611297484b65a2108434,/home/zyc/cess_d1r_168x16_reference_20260925/pmfs_13_15/rep_05_seed_2026106397/spatial/concentration.npy,/home/zyc/cess_d1r_168x16_reference_20260925/pmfs_13_15/rep_05_seed_2026106397/spatial/concentration.npy
87,pmfs_13_15,5,2026106398,pmfs_13_15/rep_06_seed_2026106398,15818f87ce0f830a1cf3c0fafacce2bf2a8a44f45c1e5ca158e32c80aed620f5,/home/zyc/cess_d1r_168x16_reference_20260925/pmfs_13_15/rep_06_seed_2026106398/spatial/concentration.npy,/home/zyc/cess_d1r_168x16_reference_20260925/pmfs_13_15/rep_06_seed_2026106398/spatial/concentration.npy
87,pmfs_13_15,6,2026106399,pmfs_13_15/rep_07_seed_2026106399,097cd59b4a160fea3d518108460cbebb18c6d7bf124229dc16055670cee27828,/home/zyc/cess_d1r_168x16_reference_20260925/pmfs_13_15/rep_07_seed_2026106399/spatial/concentration.npy,/home/zyc/cess_d1r_168x16_reference_20260925/pmfs_13_15/rep_07_seed_2026106399/spatial/concentration.npy
87,pmfs_13_15,7,2026106400,pmfs_13_15/rep_08_seed_2026106400,94135bea23afc81d28ade9a19fba627c5b69b20b9d00f0394cfcc931766f79f4,/home/zyc/cess_d1r_168x16_reference_20260925/pmfs_13_15/rep_08_seed_2026106400/spatial/concentration.npy,/home/zyc/cess_d1r_168x16_reference_20260925/pmfs_13_15/rep_08_seed_2026106400/spatial/concentration.npy
87,pmfs_13_15,8,2026106401,pmfs_13_15/rep_09_seed_2026106401,abb2cbf519496444ea67b1daba1b1910f72557aa12a28a6e4dd0f3f94d8c8bf8,/home/zyc/cess_d1r_168x16_reference_20260925/pmfs_13_15/rep_09_seed_2026106401/spatial/concentration.npy,/home/zyc/cess_d1r_168x16_reference_20260925/pmfs_13_15/rep_09_seed_2026106401/spatial/concentration.npy
87,pmfs_13_15,9,2026106402,pmfs_13_15/rep_10_seed_2026106402,e0d8e6271ac651dc4c044f1b61a42d359e2ff78ffb2609da9dbaf9039dc3a404,/home/zyc/cess_d1r_168x16_reference_20260925/pmfs_13_15/rep_10_seed_2026106402/spatial/concentration.npy,/home/zyc/cess_d1r_168x16_reference_20260925/pmfs_13_15/rep_10_seed_2026106402/spatial/concentration.npy
87,pmfs_13_15,10,2026106403,pmfs_13_15/rep_11_seed_2026106403,a41af331a655d597ce0099b3919ab9c6d318b871a773819910cb56cedfafed0d,/home/zyc/cess_d1r_168x16_reference_20260925/pmfs_13_15/rep_11_seed_2026106403/spatial/concentration.npy,/home/zyc/cess_d1r_168x16_reference_20260925/pmfs_13_15/rep_11_seed_2026106403/spatial/concentration.npy
87,pmfs_13_15,11,2026106404,pmfs_13_15/rep_12_seed_2026106404,4e50db0316be570125761e3c04adce9d54c5502cdf98654b3368d5725d887cd9,/home/zyc/cess_d1r_168x16_reference_20260925/pmfs_13_15/rep_12_seed_2026106404/spatial/concentration.npy,/home/zyc/cess_d1r_168x16_reference_20260925/pmfs_13_15/rep_12_seed_2026106404/spatial/concentration.npy
87,pmfs_13_15,12,2026106405,pmfs_13_15/rep_13_seed_2026106405,a26e205bd4767dd122d6c10cb0f11bed04735d2575c5e730b69e7a14a1758e05,/home/zyc/cess_d1r_168x16_reference_20260925/pmfs_13_15/rep_13_seed_2026106405/spatial/concentration.npy,/home/zyc/cess_d1r_168x16_reference_20260925/pmfs_13_15/rep_13_seed_2026106405/spatial/concentration.npy
87,pmfs_13_15,13,2026106406,pmfs_13_15/rep_14_seed_2026106406,0a836e1de2404ae93ae5a5ccca362e5fe7369146c24ce714dc4e8de9fce3c9b5,/home/zyc/cess_d1r_168x16_reference_20260925/pmfs_13_15/rep_14_seed_2026106406/spatial/concentration.npy,/home/zyc/cess_d1r_168x16_reference_20260925/pmfs_13_15/rep_14_seed_2026106406/spatial/concentration.npy
87,pmfs_13_15,14,2026106407,pmfs_13_15/rep_15_seed_2026106407,767b9f567b3bd38b267655d385d6a96ccc4294a4443a800e3d704402381a8b9c,/home/zyc/cess_d1r_168x16_reference_20260925/pmfs_13_15/rep_15_seed_2026106407/spatial/concentration.npy,/home/zyc/cess_d1r_168x16_reference_20260925/pmfs_13_15/rep_15_seed_2026106407/spatial/concentration.npy
87,pmfs_13_15,15,2026106408,pmfs_13_15/rep_16_seed_2026106408,efc29bc7720057bd14093117fc79cb3168dd6ca9df80f9e7d4ca46d8f673e686,/home/zyc/cess_d1r_168x16_reference_20260925/pmfs_13_15/rep_16_seed_2026106408/spatial/concentration.npy,/home/zyc/cess_d1r_168x16_reference_20260925/pmfs_13_15/rep_16_seed_2026106408/spatial/concentration.npy
88,pmfs_13_16,0,2026106409,pmfs_13_16/rep_01_seed_2026106409,5fe92afbd297e9b6b6d5dcec29c825b237c241235e0ae87b440ecc7129a5e575,/home/zyc/cess_d1r_168x16_reference_20260925/pmfs_13_16/rep_01_seed_2026106409/spatial/concentration.npy,/home/zyc/cess_d1r_168x16_reference_20260925/pmfs_13_16/rep_01_seed_2026106409/spatial/concentration.npy
88,pmfs_13_16,1,2026106410,pmfs_13_16/rep_02_seed_2026106410,7b9912860a7b42facc26b2529b94c8fa9898f4a4197690889b6719da47d8f573,/home/zyc/cess_d1r_168x16_reference_20260925/pmfs_13_16/rep_02_seed_2026106410/spatial/concentration.npy,/home/zyc/cess_d1r_168x16_reference_20260925/pmfs_13_16/rep_02_seed_2026106410/spatial/concentration.npy
88,pmfs_13_16,2,2026106411,pmfs_13_16/rep_03_seed_2026106411,f5f480bb1a80ec6d336059b1c332300ac64fedbb2fe94a4a385f9ee5873dc456,/home/zyc/cess_d1r_168x16_reference_20260925/pmfs_13_16/rep_03_seed_2026106411/spatial/concentration.npy,/home/zyc/cess_d1r_168x16_reference_20260925/pmfs_13_16/rep_03_seed_2026106411/spatial/concentration.npy
88,pmfs_13_16,3,2026106412,pmfs_13_16/rep_04_seed_2026106412,524d497ad8c1bb62aa6f081662dffd8a40f2d6b2dbb8e424756f8a650c68ce29,/home/zyc/cess_d1r_168x16_reference_20260925/pmfs_13_16/rep_04_seed_2026106412/spatial/concentration.npy,/home/zyc/cess_d1r_168x16_reference_20260925/pmfs_13_16/rep_04_seed_2026106412/spatial/concentration.npy
88,pmfs_13_16,4,2026106413,pmfs_13_16/rep_05_seed_2026106413,9268cd6ab3a3d2dc2639ee6e66ff57d6f80c7a3bcf5cebe957b2334067fd8505,/home/zyc/cess_d1r_168x16_reference_20260925/pmfs_13_16/rep_05_seed_2026106413/spatial/concentration.npy,/home/zyc/cess_d1r_168x16_reference_20260925/pmfs_13_16/rep_05_seed_2026106413/spatial/concentration.npy
88,pmfs_13_16,5,2026106414,pmfs_13_16/rep_06_seed_2026106414,8630645e6f37a31fe445657246fc6969feaf625e2ddde7aac1fd28047a8d0675,/home/zyc/cess_d1r_168x16_reference_20260925/pmfs_13_16/rep_06_seed_2026106414/spatial/concentration.npy,/home/zyc/cess_d1r_168x16_reference_20260925/pmfs_13_16/rep_06_seed_2026106414/spatial/concentration.npy
88,pmfs_13_16,6,2026106415,pmfs_13_16/rep_07_seed_2026106415,2de47af90536735c0c993d4b4ef5fb5ce7707e9b37534e2c91e3b25ed7ee84c4,/home/zyc/cess_d1r_168x16_reference_20260925/pmfs_13_16/rep_07_seed_2026106415/spatial/concentration.npy,/home/zyc/cess_d1r_168x16_reference_20260925/pmfs_13_16/rep_07_seed_2026106415/spatial/concentration.npy
88,pmfs_13_16,7,2026106416,pmfs_13_16/rep_08_seed_2026106416,76b828d2e262fcbcc0d69694522a0f86acdf2d6034f9e13ec1abf53e62292098,/home/zyc/cess_d1r_168x16_reference_20260925/pmfs_13_16/rep_08_seed_2026106416/spatial/concentration.npy,/home/zyc/cess_d1r_168x16_reference_20260925/pmfs_13_16/rep_08_seed_2026106416/spatial/concentration.npy
88,pmfs_13_16,8,2026106417,pmfs_13_16/rep_09_seed_2026106417,8324c680b73b08096eb2a9374faecaddff9b740e361926ccb4e47486640f3d76,/home/zyc/cess_d1r_168x16_reference_20260925/pmfs_13_16/rep_09_seed_2026106417/spatial/concentration.npy,/home/zyc/cess_d1r_168x16_reference_20260925/pmfs_13_16/rep_09_seed_2026106417/spatial/concentration.npy
88,pmfs_13_16,9,2026106418,pmfs_13_16/rep_10_seed_2026106418,4eb678cf3d36969c3c0e32dd46cf152b9e9c1dfe665d521bbdddbfd9b0686ed1,/home/zyc/cess_d1r_168x16_reference_20260925/pmfs_13_16/rep_10_seed_2026106418/spatial/concentration.npy,/home/zyc/cess_d1r_168x16_reference_20260925/pmfs_13_16/rep_10_seed_2026106418/spatial/concentration.npy
88,pmfs_13_16,10,2026106419,pmfs_13_16/rep_11_seed_2026106419,a37bbe7a6922c20751bd7a65c235303463cd901ab1d3aa4bf88b05e1737528de,/home/zyc/cess_d1r_168x16_reference_20260925/pmfs_13_16/rep_11_seed_2026106419/spatial/concentration.npy,/home/zyc/cess_d1r_168x16_reference_20260925/pmfs_13_16/rep_11_seed_2026106419/spatial/concentration.npy
88,pmfs_13_16,11,2026106420,pmfs_13_16/rep_12_seed_2026106420,6c609400c1da6171b647760266d424251c771617353ef3738edec873a2b9f407,/home/zyc/cess_d1r_168x16_reference_20260925/pmfs_13_16/rep_12_seed_2026106420/spatial/concentration.npy,/home/zyc/cess_d1r_168x16_reference_20260925/pmfs_13_16/rep_12_seed_2026106420/spatial/concentration.npy
88,pmfs_13_16,12,2026106421,pmfs_13_16/rep_13_seed_2026106421,14c9c1e5c7006526ca8175cd8459867a4d199a9c4974361472e217952282d6ec,/home/zyc/cess_d1r_168x16_reference_20260925/pmfs_13_16/rep_13_seed_2026106421/spatial/concentration.npy,/home/zyc/cess_d1r_168x16_reference_20260925/pmfs_13_16/rep_13_seed_2026106421/spatial/concentration.npy
88,pmfs_13_16,13,2026106422,pmfs_13_16/rep_14_seed_2026106422,cd9f786128cd63a687981a565a3bc1817ae3c123dde4a0f4d7084081bc514499,/home/zyc/cess_d1r_168x16_reference_20260925/pmfs_13_16/rep_14_seed_2026106422/spatial/concentration.npy,/home/zyc/cess_d1r_168x16_reference_20260925/pmfs_13_16/rep_14_seed_2026106422/spatial/concentration.npy
88,pmfs_13_16,14,2026106423,pmfs_13_16/rep_15_seed_2026106423,2aeb4efafb658873e6ecaf848f74081be45d2d1b50023126c4551e4e2403d61a,/home/zyc/cess_d1r_168x16_reference_20260925/pmfs_13_16/rep_15_seed_2026106423/spatial/concentration.npy,/home/zyc/cess_d1r_168x16_reference_20260925/pmfs_13_16/rep_15_seed_2026106423/spatial/concentration.npy
88,pmfs_13_16,15,2026106424,pmfs_13_16/rep_16_seed_2026106424,12fe232dcb7f388c2deaf7d042a7399fe417544f5b17d956de8a155670673da8,/home/zyc/cess_d1r_168x16_reference_20260925/pmfs_13_16/rep_16_seed_2026106424/spatial/concentration.npy,/home/zyc/cess_d1r_168x16_reference_20260925/pmfs_13_16/rep_16_seed_2026106424/spatial/concentration.npy
89,pmfs_13_17,0,2026106425,pmfs_13_17/rep_01_seed_2026106425,119e72b35d5126708d40994c9c0c2efac180ac9140c70f8edd5ff388e07da040,/home/zyc/cess_d1r_168x16_reference_20260925/pmfs_13_17/rep_01_seed_2026106425/spatial/concentration.npy,/home/zyc/cess_d1r_168x16_reference_20260925/pmfs_13_17/rep_01_seed_2026106425/spatial/concentration.npy
89,pmfs_13_17,1,2026106426,pmfs_13_17/rep_02_seed_2026106426,4ea4c831d59eafca1bffd72f8518ff19fc7a4566d2c70fd933b32bccb8f3d0e2,/home/zyc/cess_d1r_168x16_reference_20260925/pmfs_13_17/rep_02_seed_2026106426/spatial/concentration.npy,/home/zyc/cess_d1r_168x16_reference_20260925/pmfs_13_17/rep_02_seed_2026106426/spatial/concentration.npy
89,pmfs_13_17,2,2026106427,pmfs_13_17/rep_03_seed_2026106427,03154bad53e81b97650f556c042b543bff2bd8e4d14b9e0bac12d63f9c734049,/home/zyc/cess_d1r_168x16_reference_20260925/pmfs_13_17/rep_03_seed_2026106427/spatial/concentration.npy,/home/zyc/cess_d1r_168x16_reference_20260925/pmfs_13_17/rep_03_seed_2026106427/spatial/concentration.npy
89,pmfs_13_17,3,2026106428,pmfs_13_17/rep_04_seed_2026106428,62ef8feb3aecd27d1362a17f68f19666101f4d643befa83c999c49b9e95607a1,/home/zyc/cess_d1r_168x16_reference_20260925/pmfs_13_17/rep_04_seed_2026106428/spatial/concentration.npy,/home/zyc/cess_d1r_168x16_reference_20260925/pmfs_13_17/rep_04_seed_2026106428/spatial/concentration.npy
89,pmfs_13_17,4,2026106429,pmfs_13_17/rep_05_seed_2026106429,9f8569664a03322cfdad5c8969bd52876c56a2357ad4bbba42f2835b1b675356,/home/zyc/cess_d1r_168x16_reference_20260925/pmfs_13_17/rep_05_seed_2026106429/spatial/concentration.npy,/home/zyc/cess_d1r_168x16_reference_20260925/pmfs_13_17/rep_05_seed_2026106429/spatial/concentration.npy
89,pmfs_13_17,5,2026106430,pmfs_13_17/rep_06_seed_2026106430,f0d3678da5c23ae748c731c8aa1ffd4ae07771ae147c08c32405b26802721b88,/home/zyc/cess_d1r_168x16_reference_20260925/pmfs_13_17/rep_06_seed_2026106430/spatial/concentration.npy,/home/zyc/cess_d1r_168x16_reference_20260925/pmfs_13_17/rep_06_seed_2026106430/spatial/concentration.npy
89,pmfs_13_17,6,2026106431,pmfs_13_17/rep_07_seed_2026106431,19be489c7d1e92a9bb5df477ff0ac95ef279a79a8e912a6bc81706ff64fcb891,/home/zyc/cess_d1r_168x16_reference_20260925/pmfs_13_17/rep_07_seed_2026106431/spatial/concentration.npy,/home/zyc/cess_d1r_168x16_reference_20260925/pmfs_13_17/rep_07_seed_2026106431/spatial/concentration.npy
89,pmfs_13_17,7,2026106432,pmfs_13_17/rep_08_seed_2026106432,78226522ac917e17cb3995289fdacdaedefb695d39c51d3392a7db5a662c31a1,/home/zyc/cess_d1r_168x16_reference_20260925/pmfs_13_17/rep_08_seed_2026106432/spatial/concentration.npy,/home/zyc/cess_d1r_168x16_reference_20260925/pmfs_13_17/rep_08_seed_2026106432/spatial/concentration.npy
89,pmfs_13_17,8,2026106433,pmfs_13_17/rep_09_seed_2026106433,88922eed64fcf3a695d11dd6515bbe9043ca89bc218d345c38af96c5e7de08e2,/home/zyc/cess_d1r_168x16_reference_20260925/pmfs_13_17/rep_09_seed_2026106433/spatial/concentration.npy,/home/zyc/cess_d1r_168x16_reference_20260925/pmfs_13_17/rep_09_seed_2026106433/spatial/concentration.npy
89,pmfs_13_17,9,2026106434,pmfs_13_17/rep_10_seed_2026106434,e34e10368d3e6a69c00b39b6f5e4b5daef9a652728c5c0a6a72b90794bdb6d08,/home/zyc/cess_d1r_168x16_reference_20260925/pmfs_13_17/rep_10_seed_2026106434/spatial/concentration.npy,/home/zyc/cess_d1r_168x16_reference_20260925/pmfs_13_17/rep_10_seed_2026106434/spatial/concentration.npy
89,pmfs_13_17,10,2026106435,pmfs_13_17/rep_11_seed_2026106435,a605d4c3ba65422dc599ca0e27f4a7f200f4116fe1f69bc5f4d552dfadf8210e,/home/zyc/cess_d1r_168x16_reference_20260925/pmfs_13_17/rep_11_seed_2026106435/spatial/concentration.npy,/home/zyc/cess_d1r_168x16_reference_20260925/pmfs_13_17/rep_11_seed_2026106435/spatial/concentration.npy
89,pmfs_13_17,11,2026106436,pmfs_13_17/rep_12_seed_2026106436,b17c1f3641a8a75a5ab259019a333a6595fe389b3fb338e1cec7d1ac49f71934,/home/zyc/cess_d1r_168x16_reference_20260925/pmfs_13_17/rep_12_seed_2026106436/spatial/concentration.npy,/home/zyc/cess_d1r_168x16_reference_20260925/pmfs_13_17/rep_12_seed_2026106436/spatial/concentration.npy
89,pmfs_13_17,12,2026106437,pmfs_13_17/rep_13_seed_2026106437,a1ca0be8e58aab570f75b28a6523f451141e6d24cda38779ca1317f005f582a2,/home/zyc/cess_d1r_168x16_reference_20260925/pmfs_13_17/rep_13_seed_2026106437/spatial/concentration.npy,/home/zyc/cess_d1r_168x16_reference_20260925/pmfs_13_17/rep_13_seed_2026106437/spatial/concentration.npy
89,pmfs_13_17,13,2026106438,pmfs_13_17/rep_14_seed_2026106438,b5aaea5fdcbcd9608232e2ea7d8ab1834dc1faddb028ba25ba8cb62da06c7425,/home/zyc/cess_d1r_168x16_reference_20260925/pmfs_13_17/rep_14_seed_2026106438/spatial/concentration.npy,/home/zyc/cess_d1r_168x16_reference_20260925/pmfs_13_17/rep_14_seed_2026106438/spatial/concentration.npy
89,pmfs_13_17,14,2026106439,pmfs_13_17/rep_15_seed_2026106439,51563c84d63a9a9ddf796db33bf9322e549c51c25a0860cb16f12e51ad8d4495,/home/zyc/cess_d1r_168x16_reference_20260925/pmfs_13_17/rep_15_seed_2026106439/spatial/concentration.npy,/home/zyc/cess_d1r_168x16_reference_20260925/pmfs_13_17/rep_15_seed_2026106439/spatial/concentration.npy
89,pmfs_13_17,15,2026106440,pmfs_13_17/rep_16_seed_2026106440,835e405313ff472f61957ae285becf0de0e76a8e9929fc012a13df3a13ecc680,/home/zyc/cess_d1r_168x16_reference_20260925/pmfs_13_17/rep_16_seed_2026106440/spatial/concentration.npy,/home/zyc/cess_d1r_168x16_reference_20260925/pmfs_13_17/rep_16_seed_2026106440/spatial/concentration.npy
90,pmfs_13_18,0,2026106441,pmfs_13_18/rep_01_seed_2026106441,2189659a9d109e986429f84b3d36b5640c1688e192bcc0e993e9f7ef4790cb5a,/home/zyc/cess_d1r_168x16_reference_20260925/pmfs_13_18/rep_01_seed_2026106441/spatial/concentration.npy,/home/zyc/cess_d1r_168x16_reference_20260925/pmfs_13_18/rep_01_seed_2026106441/spatial/concentration.npy
90,pmfs_13_18,1,2026106442,pmfs_13_18/rep_02_seed_2026106442,292a66c5c9abfa70fe327d8d53ab4ad64f09a9192d15ef93d86f02eeca00a167,/home/zyc/cess_d1r_168x16_reference_20260925/pmfs_13_18/rep_02_seed_2026106442/spatial/concentration.npy,/home/zyc/cess_d1r_168x16_reference_20260925/pmfs_13_18/rep_02_seed_2026106442/spatial/concentration.npy
90,pmfs_13_18,2,2026106443,pmfs_13_18/rep_03_seed_2026106443,ad3eef41429c4f520e58f1a2e653c3c0129a3381e0cbba7053746cd986720e86,/home/zyc/cess_d1r_168x16_reference_20260925/pmfs_13_18/rep_03_seed_2026106443/spatial/concentration.npy,/home/zyc/cess_d1r_168x16_reference_20260925/pmfs_13_18/rep_03_seed_2026106443/spatial/concentration.npy
90,pmfs_13_18,3,2026106444,pmfs_13_18/rep_04_seed_2026106444,15b63b041afebcd1410848655d100c8f4f0e6bf9a341291ce8e8bb1827ee4aba,/home/zyc/cess_d1r_168x16_reference_20260925/pmfs_13_18/rep_04_seed_2026106444/spatial/concentration.npy,/home/zyc/cess_d1r_168x16_reference_20260925/pmfs_13_18/rep_04_seed_2026106444/spatial/concentration.npy
90,pmfs_13_18,4,2026106445,pmfs_13_18/rep_05_seed_2026106445,847a091ff7cb131f0a1844c28f9ea2017f7a551a1c5f71e7932bad76f06480ea,/home/zyc/cess_d1r_168x16_reference_20260925/pmfs_13_18/rep_05_seed_2026106445/spatial/concentration.npy,/home/zyc/cess_d1r_168x16_reference_20260925/pmfs_13_18/rep_05_seed_2026106445/spatial/concentration.npy
90,pmfs_13_18,5,2026106446,pmfs_13_18/rep_06_seed_2026106446,8e629c37496ac9a2f991244a18d2ddfb0ccddf3696a9ccef848046199cfdb048,/home/zyc/cess_d1r_168x16_reference_20260925/pmfs_13_18/rep_06_seed_2026106446/spatial/concentration.npy,/home/zyc/cess_d1r_168x16_reference_20260925/pmfs_13_18/rep_06_seed_2026106446/spatial/concentration.npy
90,pmfs_13_18,6,2026106447,pmfs_13_18/rep_07_seed_2026106447,90a30b8e27b4f697c1782a0b59219e055e3ad801e2c5da6157f81bd3057550ca,/home/zyc/cess_d1r_168x16_reference_20260925/pmfs_13_18/rep_07_seed_2026106447/spatial/concentration.npy,/home/zyc/cess_d1r_168x16_reference_20260925/pmfs_13_18/rep_07_seed_2026106447/spatial/concentration.npy
90,pmfs_13_18,7,2026106448,pmfs_13_18/rep_08_seed_2026106448,dfa70ca268f2751beb2e7687caacbd4e1e92af1dad80ef3a94db1880da0e3474,/home/zyc/cess_d1r_168x16_reference_20260925/pmfs_13_18/rep_08_seed_2026106448/spatial/concentration.npy,/home/zyc/cess_d1r_168x16_reference_20260925/pmfs_13_18/rep_08_seed_2026106448/spatial/concentration.npy
90,pmfs_13_18,8,2026106449,pmfs_13_18/rep_09_seed_2026106449,9c4446990dbad68360b75b2cfd49bf1b2c0e0e66b7c55744f0caeaaa22bc5267,/home/zyc/cess_d1r_168x16_reference_20260925/pmfs_13_18/rep_09_seed_2026106449/spatial/concentration.npy,/home/zyc/cess_d1r_168x16_reference_20260925/pmfs_13_18/rep_09_seed_2026106449/spatial/concentration.npy
90,pmfs_13_18,9,2026106450,pmfs_13_18/rep_10_seed_2026106450,c1a6f6fb3099afe3876675ac02643e3ec44e7be5f5c43eb8499913caead45576,/home/zyc/cess_d1r_168x16_reference_20260925/pmfs_13_18/rep_10_seed_2026106450/spatial/concentration.npy,/home/zyc/cess_d1r_168x16_reference_20260925/pmfs_13_18/rep_10_seed_2026106450/spatial/concentration.npy
90,pmfs_13_18,10,2026106451,pmfs_13_18/rep_11_seed_2026106451,075a19985a9370ab6dbc86db6a1855c887c769e53e78bf9325171e790e0b7264,/home/zyc/cess_d1r_168x16_reference_20260925/pmfs_13_18/rep_11_seed_2026106451/spatial/concentration.npy,/home/zyc/cess_d1r_168x16_reference_20260925/pmfs_13_18/rep_11_seed_2026106451/spatial/concentration.npy
90,pmfs_13_18,11,2026106452,pmfs_13_18/rep_12_seed_2026106452,1350476cf21c724401bea34d9371c541d99da3c028ace6dc7132ced2c9211705,/home/zyc/cess_d1r_168x16_reference_20260925/pmfs_13_18/rep_12_seed_2026106452/spatial/concentration.npy,/home/zyc/cess_d1r_168x16_reference_20260925/pmfs_13_18/rep_12_seed_2026106452/spatial/concentration.npy
90,pmfs_13_18,12,2026106453,pmfs_13_18/rep_13_seed_2026106453,bc5cd7a955e301500937731a079e4046007565af247f212b7a5850f1fad6a9ec,/home/zyc/cess_d1r_168x16_reference_20260925/pmfs_13_18/rep_13_seed_2026106453/spatial/concentration.npy,/home/zyc/cess_d1r_168x16_reference_20260925/pmfs_13_18/rep_13_seed_2026106453/spatial/concentration.npy
90,pmfs_13_18,13,2026106454,pmfs_13_18/rep_14_seed_2026106454,78174de5655534421499df0076337ccce463f354b0e9d1ba74a893773e0411d0,/home/zyc/cess_d1r_168x16_reference_20260925/pmfs_13_18/rep_14_seed_2026106454/spatial/concentration.npy,/home/zyc/cess_d1r_168x16_reference_20260925/pmfs_13_18/rep_14_seed_2026106454/spatial/concentration.npy
90,pmfs_13_18,14,2026106455,pmfs_13_18/rep_15_seed_2026106455,0209f1f494bf40775903a7e4b9b1cc010cf409d530f26d5348e636a0480b5559,/home/zyc/cess_d1r_168x16_reference_20260925/pmfs_13_18/rep_15_seed_2026106455/spatial/concentration.npy,/home/zyc/cess_d1r_168x16_reference_20260925/pmfs_13_18/rep_15_seed_2026106455/spatial/concentration.npy
90,pmfs_13_18,15,2026106456,pmfs_13_18/rep_16_seed_2026106456,a3600de1eed0ef674a3b537ec236abfb7fb49b848b0e37bf15e774f83278a12c,/home/zyc/cess_d1r_168x16_reference_20260925/pmfs_13_18/rep_16_seed_2026106456/spatial/concentration.npy,/home/zyc/cess_d1r_168x16_reference_20260925/pmfs_13_18/rep_16_seed_2026106456/spatial/concentration.npy
91,pmfs_14_12,0,2026106457,pmfs_14_12/rep_01_seed_2026106457,6affcaab9a8295177c9e935221893835b97045a79a2a8fff1f12fc2acda93d2d,/home/zyc/cess_d1r_168x16_reference_20260925/pmfs_14_12/rep_01_seed_2026106457/spatial/concentration.npy,/home/zyc/cess_d1r_168x16_reference_20260925/pmfs_14_12/rep_01_seed_2026106457/spatial/concentration.npy
91,pmfs_14_12,1,2026106458,pmfs_14_12/rep_02_seed_2026106458,710c86ff1df7fff7e3cf32f5d64fd1620d40dee726107acdc67138e041028cb0,/home/zyc/cess_d1r_168x16_reference_20260925/pmfs_14_12/rep_02_seed_2026106458/spatial/concentration.npy,/home/zyc/cess_d1r_168x16_reference_20260925/pmfs_14_12/rep_02_seed_2026106458/spatial/concentration.npy
91,pmfs_14_12,2,2026106459,pmfs_14_12/rep_03_seed_2026106459,c9101ef9eb9b606178db43dccb6414f0593c54a669f71293d5517b80525e7bf9,/home/zyc/cess_d1r_168x16_reference_20260925/pmfs_14_12/rep_03_seed_2026106459/spatial/concentration.npy,/home/zyc/cess_d1r_168x16_reference_20260925/pmfs_14_12/rep_03_seed_2026106459/spatial/concentration.npy
91,pmfs_14_12,3,2026106460,pmfs_14_12/rep_04_seed_2026106460,d1aaf129e56ce38574079590ec218228c442cbc9e8e2d8d2785b8b291c350bf6,/home/zyc/cess_d1r_168x16_reference_20260925/pmfs_14_12/rep_04_seed_2026106460/spatial/concentration.npy,/home/zyc/cess_d1r_168x16_reference_20260925/pmfs_14_12/rep_04_seed_2026106460/spatial/concentration.npy
91,pmfs_14_12,4,2026106461,pmfs_14_12/rep_05_seed_2026106461,4882f9a1bf5e375041eb872efcef898bfae388c1e29f679d88983b762521f697,/home/zyc/cess_d1r_168x16_reference_20260925/pmfs_14_12/rep_05_seed_2026106461/spatial/concentration.npy,/home/zyc/cess_d1r_168x16_reference_20260925/pmfs_14_12/rep_05_seed_2026106461/spatial/concentration.npy
91,pmfs_14_12,5,2026106462,pmfs_14_12/rep_06_seed_2026106462,b7301733cefc49b35a22acfca793216c4fb1176f878fc3290bcbcbdf16935d76,/home/zyc/cess_d1r_168x16_reference_20260925/pmfs_14_12/rep_06_seed_2026106462/spatial/concentration.npy,/home/zyc/cess_d1r_168x16_reference_20260925/pmfs_14_12/rep_06_seed_2026106462/spatial/concentration.npy
91,pmfs_14_12,6,2026106463,pmfs_14_12/rep_07_seed_2026106463,7ee2abced84e15481c8f0b6b4ad81cb6fce7a6e9fedf39272863ef5d2241e7c2,/home/zyc/cess_d1r_168x16_reference_20260925/pmfs_14_12/rep_07_seed_2026106463/spatial/concentration.npy,/home/zyc/cess_d1r_168x16_reference_20260925/pmfs_14_12/rep_07_seed_2026106463/spatial/concentration.npy
91,pmfs_14_12,7,2026106464,pmfs_14_12/rep_08_seed_2026106464,ea3f55462face52e3f381b7c86cc3d27ce82cd328200d972a6d71225dc517aea,/home/zyc/cess_d1r_168x16_reference_20260925/pmfs_14_12/rep_08_seed_2026106464/spatial/concentration.npy,/home/zyc/cess_d1r_168x16_reference_20260925/pmfs_14_12/rep_08_seed_2026106464/spatial/concentration.npy
91,pmfs_14_12,8,2026106465,pmfs_14_12/rep_09_seed_2026106465,e2d6a4b2860dca013ed8d4b94be8ced45ca5d0b3505141477f0a81366714f50d,/home/zyc/cess_d1r_168x16_reference_20260925/pmfs_14_12/rep_09_seed_2026106465/spatial/concentration.npy,/home/zyc/cess_d1r_168x16_reference_20260925/pmfs_14_12/rep_09_seed_2026106465/spatial/concentration.npy
91,pmfs_14_12,9,2026106466,pmfs_14_12/rep_10_seed_2026106466,509ca975e34bb1062c6224f118015b7cb401eeb9970d63295b67c901fb4d4da0,/home/zyc/cess_d1r_168x16_reference_20260925/pmfs_14_12/rep_10_seed_2026106466/spatial/concentration.npy,/home/zyc/cess_d1r_168x16_reference_20260925/pmfs_14_12/rep_10_seed_2026106466/spatial/concentration.npy
91,pmfs_14_12,10,2026106467,pmfs_14_12/rep_11_seed_2026106467,fca24ef73322741759e151d4a79bbe3642f613560de7caedba45aba41aeae13f,/home/zyc/cess_d1r_168x16_reference_20260925/pmfs_14_12/rep_11_seed_2026106467/spatial/concentration.npy,/home/zyc/cess_d1r_168x16_reference_20260925/pmfs_14_12/rep_11_seed_2026106467/spatial/concentration.npy
91,pmfs_14_12,11,2026106468,pmfs_14_12/rep_12_seed_2026106468,2ea49a58905d8cc3ec969b096214cae131d8734e943cbc26be7c89523bd6d12b,/home/zyc/cess_d1r_168x16_reference_20260925/pmfs_14_12/rep_12_seed_2026106468/spatial/concentration.npy,/home/zyc/cess_d1r_168x16_reference_20260925/pmfs_14_12/rep_12_seed_2026106468/spatial/concentration.npy
91,pmfs_14_12,12,2026106469,pmfs_14_12/rep_13_seed_2026106469,0c773b47ef4290caa4aa6d08bb7f50f6046ba378e9d4f5c987587aad6a59886b,/home/zyc/cess_d1r_168x16_reference_20260925/pmfs_14_12/rep_13_seed_2026106469/spatial/concentration.npy,/home/zyc/cess_d1r_168x16_reference_20260925/pmfs_14_12/rep_13_seed_2026106469/spatial/concentration.npy
91,pmfs_14_12,13,2026106470,pmfs_14_12/rep_14_seed_2026106470,e8cdf274cef949db86d84c7557a24e52c12267ec67c901bb7022e250c023f6e5,/home/zyc/cess_d1r_168x16_reference_20260925/pmfs_14_12/rep_14_seed_2026106470/spatial/concentration.npy,/home/zyc/cess_d1r_168x16_reference_20260925/pmfs_14_12/rep_14_seed_2026106470/spatial/concentration.npy
91,pmfs_14_12,14,2026106471,pmfs_14_12/rep_15_seed_2026106471,25ae617c50e41c34c4d1e4ac5768e88478fecdef81debb351fc92293cf5bd42a,/home/zyc/cess_d1r_168x16_reference_20260925/pmfs_14_12/rep_15_seed_2026106471/spatial/concentration.npy,/home/zyc/cess_d1r_168x16_reference_20260925/pmfs_14_12/rep_15_seed_2026106471/spatial/concentration.npy
91,pmfs_14_12,15,2026106472,pmfs_14_12/rep_16_seed_2026106472,99b5d8833f904f66c22de73ed8b40fbc6f54a0f8c7850a343e0eef1a2884c111,/home/zyc/cess_d1r_168x16_reference_20260925/pmfs_14_12/rep_16_seed_2026106472/spatial/concentration.npy,/home/zyc/cess_d1r_168x16_reference_20260925/pmfs_14_12/rep_16_seed_2026106472/spatial/concentration.npy
92,pmfs_14_13,0,2026106473,pmfs_14_13/rep_01_seed_2026106473,0db18b28fc1b10109ee2f7061a1a7a24f9246bd465cd319e84370bdf48945e85,/home/zyc/cess_d1r_168x16_reference_20260925/pmfs_14_13/rep_01_seed_2026106473/spatial/concentration.npy,/home/zyc/cess_d1r_168x16_reference_20260925/pmfs_14_13/rep_01_seed_2026106473/spatial/concentration.npy
92,pmfs_14_13,1,2026106474,pmfs_14_13/rep_02_seed_2026106474,2fb9e4a54026a8b22e15b55c96cc1e9e371c4c203acf93a6e7dc3ab1911e0f14,/home/zyc/cess_d1r_168x16_reference_20260925/pmfs_14_13/rep_02_seed_2026106474/spatial/concentration.npy,/home/zyc/cess_d1r_168x16_reference_20260925/pmfs_14_13/rep_02_seed_2026106474/spatial/concentration.npy
92,pmfs_14_13,2,2026106475,pmfs_14_13/rep_03_seed_2026106475,155407ab743ff97b38a00218f990044add8eb598078086c21acbf8382eb39456,/home/zyc/cess_d1r_168x16_reference_20260925/pmfs_14_13/rep_03_seed_2026106475/spatial/concentration.npy,/home/zyc/cess_d1r_168x16_reference_20260925/pmfs_14_13/rep_03_seed_2026106475/spatial/concentration.npy
92,pmfs_14_13,3,2026106476,pmfs_14_13/rep_04_seed_2026106476,682c19c1cb10a50d1b606d5df1daf5e4b22a4e4903b6edbab0b600d6ea714498,/home/zyc/cess_d1r_168x16_reference_20260925/pmfs_14_13/rep_04_seed_2026106476/spatial/concentration.npy,/home/zyc/cess_d1r_168x16_reference_20260925/pmfs_14_13/rep_04_seed_2026106476/spatial/concentration.npy
92,pmfs_14_13,4,2026106477,pmfs_14_13/rep_05_seed_2026106477,47f95a0e7a9f68f4f132e66c81eb58f072c492b66e4d27c4b341accd03647d80,/home/zyc/cess_d1r_168x16_reference_20260925/pmfs_14_13/rep_05_seed_2026106477/spatial/concentration.npy,/home/zyc/cess_d1r_168x16_reference_20260925/pmfs_14_13/rep_05_seed_2026106477/spatial/concentration.npy
92,pmfs_14_13,5,2026106478,pmfs_14_13/rep_06_seed_2026106478,0763434aac2e2896ce262d3841f1da016b95b28325841a3a9349943feff79c97,/home/zyc/cess_d1r_168x16_reference_20260925/pmfs_14_13/rep_06_seed_2026106478/spatial/concentration.npy,/home/zyc/cess_d1r_168x16_reference_20260925/pmfs_14_13/rep_06_seed_2026106478/spatial/concentration.npy
92,pmfs_14_13,6,2026106479,pmfs_14_13/rep_07_seed_2026106479,a12ff5b9560ca694224164bbd96d182400e428e51f2d3d9abdb5a80341e41e67,/home/zyc/cess_d1r_168x16_reference_20260925/pmfs_14_13/rep_07_seed_2026106479/spatial/concentration.npy,/home/zyc/cess_d1r_168x16_reference_20260925/pmfs_14_13/rep_07_seed_2026106479/spatial/concentration.npy
92,pmfs_14_13,7,2026106480,pmfs_14_13/rep_08_seed_2026106480,2e9c58a85bc7a505584b90d44c9723156b6d3a3f9c8367989ffedaf75e0ca45f,/home/zyc/cess_d1r_168x16_reference_20260925/pmfs_14_13/rep_08_seed_2026106480/spatial/concentration.npy,/home/zyc/cess_d1r_168x16_reference_20260925/pmfs_14_13/rep_08_seed_2026106480/spatial/concentration.npy
92,pmfs_14_13,8,2026106481,pmfs_14_13/rep_09_seed_2026106481,bc2bdd32ac2e037e44b065bc60957894d0bb7746713c67e0b9e66438cae4528f,/home/zyc/cess_d1r_168x16_reference_20260925/pmfs_14_13/rep_09_seed_2026106481/spatial/concentration.npy,/home/zyc/cess_d1r_168x16_reference_20260925/pmfs_14_13/rep_09_seed_2026106481/spatial/concentration.npy
92,pmfs_14_13,9,2026106482,pmfs_14_13/rep_10_seed_2026106482,68e8fca2937c9b86d96e1bee5a1fb0b1bddf8130330664704f394d3308a2db15,/home/zyc/cess_d1r_168x16_reference_20260925/pmfs_14_13/rep_10_seed_2026106482/spatial/concentration.npy,/home/zyc/cess_d1r_168x16_reference_20260925/pmfs_14_13/rep_10_seed_2026106482/spatial/concentration.npy
92,pmfs_14_13,10,2026106483,pmfs_14_13/rep_11_seed_2026106483,91d1d6d0940308f2a0e68ea9e4f39134b030d2aecb68551105a48992914255f7,/home/zyc/cess_d1r_168x16_reference_20260925/pmfs_14_13/rep_11_seed_2026106483/spatial/concentration.npy,/home/zyc/cess_d1r_168x16_reference_20260925/pmfs_14_13/rep_11_seed_2026106483/spatial/concentration.npy
92,pmfs_14_13,11,2026106484,pmfs_14_13/rep_12_seed_2026106484,e19e5cffda75d39a2e188abafb983a4ea3342e9f7344089430ea40f3b9704419,/home/zyc/cess_d1r_168x16_reference_20260925/pmfs_14_13/rep_12_seed_2026106484/spatial/concentration.npy,/home/zyc/cess_d1r_168x16_reference_20260925/pmfs_14_13/rep_12_seed_2026106484/spatial/concentration.npy
92,pmfs_14_13,12,2026106485,pmfs_14_13/rep_13_seed_2026106485,37e655e2ad31063a00c2e7f716ce5bebeea5ee9b5e243cb760c8c3e7f7ff8788,/home/zyc/cess_d1r_168x16_reference_20260925/pmfs_14_13/rep_13_seed_2026106485/spatial/concentration.npy,/home/zyc/cess_d1r_168x16_reference_20260925/pmfs_14_13/rep_13_seed_2026106485/spatial/concentration.npy
92,pmfs_14_13,13,2026106486,pmfs_14_13/rep_14_seed_2026106486,81ea93fa66b9e3b2f0bc5b186a67b55fb83e4dbe828ce1bc6941bfe9eea96b3d,/home/zyc/cess_d1r_168x16_reference_20260925/pmfs_14_13/rep_14_seed_2026106486/spatial/concentration.npy,/home/zyc/cess_d1r_168x16_reference_20260925/pmfs_14_13/rep_14_seed_2026106486/spatial/concentration.npy
92,pmfs_14_13,14,2026106487,pmfs_14_13/rep_15_seed_2026106487,758c7435352e5fd7104459e57bfeadf203c4240e06e5bd4ddf51faadd709028a,/home/zyc/cess_d1r_168x16_reference_20260925/pmfs_14_13/rep_15_seed_2026106487/spatial/concentration.npy,/home/zyc/cess_d1r_168x16_reference_20260925/pmfs_14_13/rep_15_seed_2026106487/spatial/concentration.npy
92,pmfs_14_13,15,2026106488,pmfs_14_13/rep_16_seed_2026106488,89b68d592419aa18bdbb413a1d88ced209aec7f0df52ac6305bdefa3991b399e,/home/zyc/cess_d1r_168x16_reference_20260925/pmfs_14_13/rep_16_seed_2026106488/spatial/concentration.npy,/home/zyc/cess_d1r_168x16_reference_20260925/pmfs_14_13/rep_16_seed_2026106488/spatial/concentration.npy
93,pmfs_14_14,0,2026106489,pmfs_14_14/rep_01_seed_2026106489,ed8a8d71f602c7edb64981f7ee8e793dedc24ca5aafee16933a5e42849a67080,/home/zyc/cess_d1r_168x16_reference_20260925/pmfs_14_14/rep_01_seed_2026106489/spatial/concentration.npy,/home/zyc/cess_d1r_168x16_reference_20260925/pmfs_14_14/rep_01_seed_2026106489/spatial/concentration.npy
93,pmfs_14_14,1,2026106490,pmfs_14_14/rep_02_seed_2026106490,9276bae72e1342da367529e10d8f9bba9ab8882610a93949cf95f9ee311b4598,/home/zyc/cess_d1r_168x16_reference_20260925/pmfs_14_14/rep_02_seed_2026106490/spatial/concentration.npy,/home/zyc/cess_d1r_168x16_reference_20260925/pmfs_14_14/rep_02_seed_2026106490/spatial/concentration.npy
93,pmfs_14_14,2,2026106491,pmfs_14_14/rep_03_seed_2026106491,af07cd01186f074c0607187e0585fba94dacd33f322329e408194742c75b29ee,/home/zyc/cess_d1r_168x16_reference_20260925/pmfs_14_14/rep_03_seed_2026106491/spatial/concentration.npy,/home/zyc/cess_d1r_168x16_reference_20260925/pmfs_14_14/rep_03_seed_2026106491/spatial/concentration.npy
93,pmfs_14_14,3,2026106492,pmfs_14_14/rep_04_seed_2026106492,4fab36f8c5e0fe44602508e395b8c104af289a8523c6b758900cb83e9bc8127b,/home/zyc/cess_d1r_168x16_reference_20260925/pmfs_14_14/rep_04_seed_2026106492/spatial/concentration.npy,/home/zyc/cess_d1r_168x16_reference_20260925/pmfs_14_14/rep_04_seed_2026106492/spatial/concentration.npy
93,pmfs_14_14,4,2026106493,pmfs_14_14/rep_05_seed_2026106493,9e1b48ec428222d77144d412fb05fb2cc4b8fa79e347abf2dec8c3d2f10472b8,/home/zyc/cess_d1r_168x16_reference_20260925/pmfs_14_14/rep_05_seed_2026106493/spatial/concentration.npy,/home/zyc/cess_d1r_168x16_reference_20260925/pmfs_14_14/rep_05_seed_2026106493/spatial/concentration.npy
93,pmfs_14_14,5,2026106494,pmfs_14_14/rep_06_seed_2026106494,1595f7a05856dfc894c9866f68a205ab957e048390233de965dc75681a377a30,/home/zyc/cess_d1r_168x16_reference_20260925/pmfs_14_14/rep_06_seed_2026106494/spatial/concentration.npy,/home/zyc/cess_d1r_168x16_reference_20260925/pmfs_14_14/rep_06_seed_2026106494/spatial/concentration.npy
93,pmfs_14_14,6,2026106495,pmfs_14_14/rep_07_seed_2026106495,5a652a3ff19246543700d149c55badf6e078f444442839c9eb8e3fee10d14639,/home/zyc/cess_d1r_168x16_reference_20260925/pmfs_14_14/rep_07_seed_2026106495/spatial/concentration.npy,/home/zyc/cess_d1r_168x16_reference_20260925/pmfs_14_14/rep_07_seed_2026106495/spatial/concentration.npy
93,pmfs_14_14,7,2026106496,pmfs_14_14/rep_08_seed_2026106496,a86004bfe4fa3841d280ec19ebf0237c8c6fbab3246684950047deed2294f23d,/home/zyc/cess_d1r_168x16_reference_20260925/pmfs_14_14/rep_08_seed_2026106496/spatial/concentration.npy,/home/zyc/cess_d1r_168x16_reference_20260925/pmfs_14_14/rep_08_seed_2026106496/spatial/concentration.npy
93,pmfs_14_14,8,2026106497,pmfs_14_14/rep_09_seed_2026106497,6cda5422baf94863a6a9d7294b5cca2ff860f55c9efed7f9515aee4432cbfdcb,/home/zyc/cess_d1r_168x16_reference_20260925/pmfs_14_14/rep_09_seed_2026106497/spatial/concentration.npy,/home/zyc/cess_d1r_168x16_reference_20260925/pmfs_14_14/rep_09_seed_2026106497/spatial/concentration.npy
93,pmfs_14_14,9,2026106498,pmfs_14_14/rep_10_seed_2026106498,8c9779d7840f21db2c1599c8a0b7239bae074075ed9cb0081c3d45ad8d49071c,/home/zyc/cess_d1r_168x16_reference_20260925/pmfs_14_14/rep_10_seed_2026106498/spatial/concentration.npy,/home/zyc/cess_d1r_168x16_reference_20260925/pmfs_14_14/rep_10_seed_2026106498/spatial/concentration.npy
93,pmfs_14_14,10,2026106499,pmfs_14_14/rep_11_seed_2026106499,2b1c970da6471cf2cd7e16088469adeb774a5a25ea4950f4f2f7a0cc2cdf18bc,/home/zyc/cess_d1r_168x16_reference_20260925/pmfs_14_14/rep_11_seed_2026106499/spatial/concentration.npy,/home/zyc/cess_d1r_168x16_reference_20260925/pmfs_14_14/rep_11_seed_2026106499/spatial/concentration.npy
93,pmfs_14_14,11,2026106500,pmfs_14_14/rep_12_seed_2026106500,58dba0beecc3d7922bc918d953272fbe064963f52e266057ba1441da7fd38148,/home/zyc/cess_d1r_168x16_reference_20260925/pmfs_14_14/rep_12_seed_2026106500/spatial/concentration.npy,/home/zyc/cess_d1r_168x16_reference_20260925/pmfs_14_14/rep_12_seed_2026106500/spatial/concentration.npy
93,pmfs_14_14,12,2026106501,pmfs_14_14/rep_13_seed_2026106501,a1608d7ed5a9cfb83bca7cb77e540b7b21454a0efefe993e89cc12ed1b19ae78,/home/zyc/cess_d1r_168x16_reference_20260925/pmfs_14_14/rep_13_seed_2026106501/spatial/concentration.npy,/home/zyc/cess_d1r_168x16_reference_20260925/pmfs_14_14/rep_13_seed_2026106501/spatial/concentration.npy
93,pmfs_14_14,13,2026106502,pmfs_14_14/rep_14_seed_2026106502,fcadb4e00f2eda6b984e3d6fafecad2a809488d03138d9e9c8ea5ef1609cec3a,/home/zyc/cess_d1r_168x16_reference_20260925/pmfs_14_14/rep_14_seed_2026106502/spatial/concentration.npy,/home/zyc/cess_d1r_168x16_reference_20260925/pmfs_14_14/rep_14_seed_2026106502/spatial/concentration.npy
93,pmfs_14_14,14,2026106503,pmfs_14_14/rep_15_seed_2026106503,5f0fe399b012ddaeb2a07ffac90cbade63ce3cdcdbc70518fcaf7752b087cfae,/home/zyc/cess_d1r_168x16_reference_20260925/pmfs_14_14/rep_15_seed_2026106503/spatial/concentration.npy,/home/zyc/cess_d1r_168x16_reference_20260925/pmfs_14_14/rep_15_seed_2026106503/spatial/concentration.npy
93,pmfs_14_14,15,2026106504,pmfs_14_14/rep_16_seed_2026106504,cdc058f090c851bcd7588c777e73648fb09bf6ffa0d65a5850655781e52f05ed,/home/zyc/cess_d1r_168x16_reference_20260925/pmfs_14_14/rep_16_seed_2026106504/spatial/concentration.npy,/home/zyc/cess_d1r_168x16_reference_20260925/pmfs_14_14/rep_16_seed_2026106504/spatial/concentration.npy
94,pmfs_14_15,0,2026106505,pmfs_14_15/rep_01_seed_2026106505,c86d5a8556b051bd7df22c20cd017e4f771084fc6342aa005458ebec1e51f003,/home/zyc/cess_d1r_168x16_reference_20260925/pmfs_14_15/rep_01_seed_2026106505/spatial/concentration.npy,/home/zyc/cess_d1r_168x16_reference_20260925/pmfs_14_15/rep_01_seed_2026106505/spatial/concentration.npy
94,pmfs_14_15,1,2026106506,pmfs_14_15/rep_02_seed_2026106506,6ceba4d8eb3e0669b47b73732c6b7b8e43d5b4ece62e7874e70bf80746255ed5,/home/zyc/cess_d1r_168x16_reference_20260925/pmfs_14_15/rep_02_seed_2026106506/spatial/concentration.npy,/home/zyc/cess_d1r_168x16_reference_20260925/pmfs_14_15/rep_02_seed_2026106506/spatial/concentration.npy
94,pmfs_14_15,2,2026106507,pmfs_14_15/rep_03_seed_2026106507,9b23d128ef8394fd1437e82bc8d337fd62c61ebc7aa9fd147f31bf7829184b07,/home/zyc/cess_d1r_168x16_reference_20260925/pmfs_14_15/rep_03_seed_2026106507/spatial/concentration.npy,/home/zyc/cess_d1r_168x16_reference_20260925/pmfs_14_15/rep_03_seed_2026106507/spatial/concentration.npy
94,pmfs_14_15,3,2026106508,pmfs_14_15/rep_04_seed_2026106508,42c7bf2830efa1e654835ba7086962d0e6037b599867767e6d291a90fde67b6b,/home/zyc/cess_d1r_168x16_reference_20260925/pmfs_14_15/rep_04_seed_2026106508/spatial/concentration.npy,/home/zyc/cess_d1r_168x16_reference_20260925/pmfs_14_15/rep_04_seed_2026106508/spatial/concentration.npy
94,pmfs_14_15,4,2026106509,pmfs_14_15/rep_05_seed_2026106509,b44efb47368254c4c3bd620bd0ed062d613e19b20b845ca70b45c038de92ae91,/home/zyc/cess_d1r_168x16_reference_20260925/pmfs_14_15/rep_05_seed_2026106509/spatial/concentration.npy,/home/zyc/cess_d1r_168x16_reference_20260925/pmfs_14_15/rep_05_seed_2026106509/spatial/concentration.npy
94,pmfs_14_15,5,2026106510,pmfs_14_15/rep_06_seed_2026106510,bbb2709df7dae2c1d93794da276920924ba84084e4eb68aad85f3d72bc1c80a9,/home/zyc/cess_d1r_168x16_reference_20260925/pmfs_14_15/rep_06_seed_2026106510/spatial/concentration.npy,/home/zyc/cess_d1r_168x16_reference_20260925/pmfs_14_15/rep_06_seed_2026106510/spatial/concentration.npy
94,pmfs_14_15,6,2026106511,pmfs_14_15/rep_07_seed_2026106511,18eabef2e4b3d728cfd07bee7dc5dc35c009e84b4127529ae5eabc8a58105dee,/home/zyc/cess_d1r_168x16_reference_20260925/pmfs_14_15/rep_07_seed_2026106511/spatial/concentration.npy,/home/zyc/cess_d1r_168x16_reference_20260925/pmfs_14_15/rep_07_seed_2026106511/spatial/concentration.npy
94,pmfs_14_15,7,2026106512,pmfs_14_15/rep_08_seed_2026106512,78260403bd4f7e21ccbf62abd97f48b0131ce9e0dc0dc1ac27dbdaae8fa0e554,/home/zyc/cess_d1r_168x16_reference_20260925/pmfs_14_15/rep_08_seed_2026106512/spatial/concentration.npy,/home/zyc/cess_d1r_168x16_reference_20260925/pmfs_14_15/rep_08_seed_2026106512/spatial/concentration.npy
94,pmfs_14_15,8,2026106513,pmfs_14_15/rep_09_seed_2026106513,f7cef1c604a4b515ec76be0b5c52ddc1bb6d7a54e67dc3613755b5d1771aa93c,/home/zyc/cess_d1r_168x16_reference_20260925/pmfs_14_15/rep_09_seed_2026106513/spatial/concentration.npy,/home/zyc/cess_d1r_168x16_reference_20260925/pmfs_14_15/rep_09_seed_2026106513/spatial/concentration.npy
94,pmfs_14_15,9,2026106514,pmfs_14_15/rep_10_seed_2026106514,52832473770217a6150bc1310c37d80f4fb5e7aacace557bc7e3c29ae15c3910,/home/zyc/cess_d1r_168x16_reference_20260925/pmfs_14_15/rep_10_seed_2026106514/spatial/concentration.npy,/home/zyc/cess_d1r_168x16_reference_20260925/pmfs_14_15/rep_10_seed_2026106514/spatial/concentration.npy
94,pmfs_14_15,10,2026106515,pmfs_14_15/rep_11_seed_2026106515,f37d891c7083cf229bca062d8ab0f5122b6e8b66f504e05010bd1a8b18b26da6,/home/zyc/cess_d1r_168x16_reference_20260925/pmfs_14_15/rep_11_seed_2026106515/spatial/concentration.npy,/home/zyc/cess_d1r_168x16_reference_20260925/pmfs_14_15/rep_11_seed_2026106515/spatial/concentration.npy
94,pmfs_14_15,11,2026106516,pmfs_14_15/rep_12_seed_2026106516,ddeecc407175432b487845f261860490bc9d8476609f2795163e6db1f6aa639a,/home/zyc/cess_d1r_168x16_reference_20260925/pmfs_14_15/rep_12_seed_2026106516/spatial/concentration.npy,/home/zyc/cess_d1r_168x16_reference_20260925/pmfs_14_15/rep_12_seed_2026106516/spatial/concentration.npy
94,pmfs_14_15,12,2026106517,pmfs_14_15/rep_13_seed_2026106517,ac889776067791a421c5a74466b0f05c2365c7675879b3e1d86957b70e57fff1,/home/zyc/cess_d1r_168x16_reference_20260925/pmfs_14_15/rep_13_seed_2026106517/spatial/concentration.npy,/home/zyc/cess_d1r_168x16_reference_20260925/pmfs_14_15/rep_13_seed_2026106517/spatial/concentration.npy
94,pmfs_14_15,13,2026106518,pmfs_14_15/rep_14_seed_2026106518,305dcca39f65639ca29b049a3de4c69202b55c3ca2b60c7ba219b8db2ae1e7d0,/home/zyc/cess_d1r_168x16_reference_20260925/pmfs_14_15/rep_14_seed_2026106518/spatial/concentration.npy,/home/zyc/cess_d1r_168x16_reference_20260925/pmfs_14_15/rep_14_seed_2026106518/spatial/concentration.npy
94,pmfs_14_15,14,2026106519,pmfs_14_15/rep_15_seed_2026106519,96b4913e218346d6d0bc3280d898c27abeec650793002fe56f6f4b675e62d352,/home/zyc/cess_d1r_168x16_reference_20260925/pmfs_14_15/rep_15_seed_2026106519/spatial/concentration.npy,/home/zyc/cess_d1r_168x16_reference_20260925/pmfs_14_15/rep_15_seed_2026106519/spatial/concentration.npy
94,pmfs_14_15,15,2026106520,pmfs_14_15/rep_16_seed_2026106520,3bf1fdcd584a9eed2077c38b774e49764430605dd3bc8cff360f63ad92f2d488,/home/zyc/cess_d1r_168x16_reference_20260925/pmfs_14_15/rep_16_seed_2026106520/spatial/concentration.npy,/home/zyc/cess_d1r_168x16_reference_20260925/pmfs_14_15/rep_16_seed_2026106520/spatial/concentration.npy
95,pmfs_14_16,0,2026106521,pmfs_14_16/rep_01_seed_2026106521,4d0e775bc483ea90f311c6bc8d4e3619ee9de00b4a1cc025cfaa9156181ab284,/home/zyc/cess_d1r_168x16_reference_20260925/pmfs_14_16/rep_01_seed_2026106521/spatial/concentration.npy,/home/zyc/cess_d1r_168x16_reference_20260925/pmfs_14_16/rep_01_seed_2026106521/spatial/concentration.npy
95,pmfs_14_16,1,2026106522,pmfs_14_16/rep_02_seed_2026106522,aef5c05860123556c579500010fcae38fe6f4fdfd044eab8d4a2de2a8a77207c,/home/zyc/cess_d1r_168x16_reference_20260925/pmfs_14_16/rep_02_seed_2026106522/spatial/concentration.npy,/home/zyc/cess_d1r_168x16_reference_20260925/pmfs_14_16/rep_02_seed_2026106522/spatial/concentration.npy
95,pmfs_14_16,2,2026106523,pmfs_14_16/rep_03_seed_2026106523,9a819d8ba3be72609cea098381f6836ab184a34d10445f4ecbad9f85e4f050fd,/home/zyc/cess_d1r_168x16_reference_20260925/pmfs_14_16/rep_03_seed_2026106523/spatial/concentration.npy,/home/zyc/cess_d1r_168x16_reference_20260925/pmfs_14_16/rep_03_seed_2026106523/spatial/concentration.npy
95,pmfs_14_16,3,2026106524,pmfs_14_16/rep_04_seed_2026106524,084fe59db17b75140596eef9b41a5ce8ed484dc5e4f9522fad4b71c39aa60e6e,/home/zyc/cess_d1r_168x16_reference_20260925/pmfs_14_16/rep_04_seed_2026106524/spatial/concentration.npy,/home/zyc/cess_d1r_168x16_reference_20260925/pmfs_14_16/rep_04_seed_2026106524/spatial/concentration.npy
95,pmfs_14_16,4,2026106525,pmfs_14_16/rep_05_seed_2026106525,f456d72767965a30d168aa279566bcfdf664bce4333ea16e6bd8bc3ffed107b8,/home/zyc/cess_d1r_168x16_reference_20260925/pmfs_14_16/rep_05_seed_2026106525/spatial/concentration.npy,/home/zyc/cess_d1r_168x16_reference_20260925/pmfs_14_16/rep_05_seed_2026106525/spatial/concentration.npy
95,pmfs_14_16,5,2026106526,pmfs_14_16/rep_06_seed_2026106526,c7a099ef0733f14c685db34ca54f2aef183227a05bd1cded55c5c57530561f7d,/home/zyc/cess_d1r_168x16_reference_20260925/pmfs_14_16/rep_06_seed_2026106526/spatial/concentration.npy,/home/zyc/cess_d1r_168x16_reference_20260925/pmfs_14_16/rep_06_seed_2026106526/spatial/concentration.npy
95,pmfs_14_16,6,2026106527,pmfs_14_16/rep_07_seed_2026106527,01558459d5bb4ba39cf015077df0b64ac0faa11e6ca5b3eed042242b400117fb,/home/zyc/cess_d1r_168x16_reference_20260925/pmfs_14_16/rep_07_seed_2026106527/spatial/concentration.npy,/home/zyc/cess_d1r_168x16_reference_20260925/pmfs_14_16/rep_07_seed_2026106527/spatial/concentration.npy
95,pmfs_14_16,7,2026106528,pmfs_14_16/rep_08_seed_2026106528,c442710123a39b05875ab105348f437505c9efa3b04002786191df05455fa5fb,/home/zyc/cess_d1r_168x16_reference_20260925/pmfs_14_16/rep_08_seed_2026106528/spatial/concentration.npy,/home/zyc/cess_d1r_168x16_reference_20260925/pmfs_14_16/rep_08_seed_2026106528/spatial/concentration.npy
95,pmfs_14_16,8,2026106529,pmfs_14_16/rep_09_seed_2026106529,06dac3e8fdc51daf6e92694965367f5351909bea7327412fd7d19cfb50e21813,/home/zyc/cess_d1r_168x16_reference_20260925/pmfs_14_16/rep_09_seed_2026106529/spatial/concentration.npy,/home/zyc/cess_d1r_168x16_reference_20260925/pmfs_14_16/rep_09_seed_2026106529/spatial/concentration.npy
95,pmfs_14_16,9,2026106530,pmfs_14_16/rep_10_seed_2026106530,488a1d3aa1c744f0f5b522c4a999533fde9301f87c450be2d2985356c3c1aec2,/home/zyc/cess_d1r_168x16_reference_20260925/pmfs_14_16/rep_10_seed_2026106530/spatial/concentration.npy,/home/zyc/cess_d1r_168x16_reference_20260925/pmfs_14_16/rep_10_seed_2026106530/spatial/concentration.npy
95,pmfs_14_16,10,2026106531,pmfs_14_16/rep_11_seed_2026106531,780c35d886d5193f9f743430f373711aaed5969a5adc92042a5334ab6133536c,/home/zyc/cess_d1r_168x16_reference_20260925/pmfs_14_16/rep_11_seed_2026106531/spatial/concentration.npy,/home/zyc/cess_d1r_168x16_reference_20260925/pmfs_14_16/rep_11_seed_2026106531/spatial/concentration.npy
95,pmfs_14_16,11,2026106532,pmfs_14_16/rep_12_seed_2026106532,0dfbda0babff3d366be6ec09617d4d7c555c3f05e505311d16287b444806fa72,/home/zyc/cess_d1r_168x16_reference_20260925/pmfs_14_16/rep_12_seed_2026106532/spatial/concentration.npy,/home/zyc/cess_d1r_168x16_reference_20260925/pmfs_14_16/rep_12_seed_2026106532/spatial/concentration.npy
95,pmfs_14_16,12,2026106533,pmfs_14_16/rep_13_seed_2026106533,4f0a93968189b0d746d8533b0b7d555b0d3e45d596f19766880d32a6a6eccd52,/home/zyc/cess_d1r_168x16_reference_20260925/pmfs_14_16/rep_13_seed_2026106533/spatial/concentration.npy,/home/zyc/cess_d1r_168x16_reference_20260925/pmfs_14_16/rep_13_seed_2026106533/spatial/concentration.npy
95,pmfs_14_16,13,2026106534,pmfs_14_16/rep_14_seed_2026106534,6a2afb8d0b6d44b40e4fe0842eab4d2aeb4c3d68cf14c2d3360bee66bfccfd1e,/home/zyc/cess_d1r_168x16_reference_20260925/pmfs_14_16/rep_14_seed_2026106534/spatial/concentration.npy,/home/zyc/cess_d1r_168x16_reference_20260925/pmfs_14_16/rep_14_seed_2026106534/spatial/concentration.npy
95,pmfs_14_16,14,2026106535,pmfs_14_16/rep_15_seed_2026106535,3d2b6fb8a3d1957cdfbacd2355ea7bf09c4ac7a6d94d47949a720d191bec5976,/home/zyc/cess_d1r_168x16_reference_20260925/pmfs_14_16/rep_15_seed_2026106535/spatial/concentration.npy,/home/zyc/cess_d1r_168x16_reference_20260925/pmfs_14_16/rep_15_seed_2026106535/spatial/concentration.npy
95,pmfs_14_16,15,2026106536,pmfs_14_16/rep_16_seed_2026106536,35fbe78dd28d82fcc925f059c91b82131c0a07976fd3dbcbdab7e46eab529a23,/home/zyc/cess_d1r_168x16_reference_20260925/pmfs_14_16/rep_16_seed_2026106536/spatial/concentration.npy,/home/zyc/cess_d1r_168x16_reference_20260925/pmfs_14_16/rep_16_seed_2026106536/spatial/concentration.npy
96,pmfs_14_17,0,2026106537,pmfs_14_17/rep_01_seed_2026106537,5b43f906abdc29b74ea4588b0e6db851754e4d13d9123df00250f74c74910cfb,/home/zyc/cess_d1r_168x16_reference_20260925/pmfs_14_17/rep_01_seed_2026106537/spatial/concentration.npy,/home/zyc/cess_d1r_168x16_reference_20260925/pmfs_14_17/rep_01_seed_2026106537/spatial/concentration.npy
96,pmfs_14_17,1,2026106538,pmfs_14_17/rep_02_seed_2026106538,a330b5124cd326c830c56554aa955b8deab3ccb2157b53006b8070937b277855,/home/zyc/cess_d1r_168x16_reference_20260925/pmfs_14_17/rep_02_seed_2026106538/spatial/concentration.npy,/home/zyc/cess_d1r_168x16_reference_20260925/pmfs_14_17/rep_02_seed_2026106538/spatial/concentration.npy
96,pmfs_14_17,2,2026106539,pmfs_14_17/rep_03_seed_2026106539,536d95c4d366a235cc0ef5d3d322429b2e8013cebfb6c06ada71b464ed99a0f6,/home/zyc/cess_d1r_168x16_reference_20260925/pmfs_14_17/rep_03_seed_2026106539/spatial/concentration.npy,/home/zyc/cess_d1r_168x16_reference_20260925/pmfs_14_17/rep_03_seed_2026106539/spatial/concentration.npy
96,pmfs_14_17,3,2026106540,pmfs_14_17/rep_04_seed_2026106540,93e5254d1e11588f24e7ad92f4e7e4371f78775019479d217d53cdc66cbbf86f,/home/zyc/cess_d1r_168x16_reference_20260925/pmfs_14_17/rep_04_seed_2026106540/spatial/concentration.npy,/home/zyc/cess_d1r_168x16_reference_20260925/pmfs_14_17/rep_04_seed_2026106540/spatial/concentration.npy
96,pmfs_14_17,4,2026106541,pmfs_14_17/rep_05_seed_2026106541,b94a3b94aa399b7e00188a4fa40739692aa798a7c68c34e3beae34f1bc6e500d,/home/zyc/cess_d1r_168x16_reference_20260925/pmfs_14_17/rep_05_seed_2026106541/spatial/concentration.npy,/home/zyc/cess_d1r_168x16_reference_20260925/pmfs_14_17/rep_05_seed_2026106541/spatial/concentration.npy
96,pmfs_14_17,5,2026106542,pmfs_14_17/rep_06_seed_2026106542,5c5b5a779453f297171bcb27875ba2b9a8adb569635ddeeb1ff152e18b3a6ab0,/home/zyc/cess_d1r_168x16_reference_20260925/pmfs_14_17/rep_06_seed_2026106542/spatial/concentration.npy,/home/zyc/cess_d1r_168x16_reference_20260925/pmfs_14_17/rep_06_seed_2026106542/spatial/concentration.npy
96,pmfs_14_17,6,2026106543,pmfs_14_17/rep_07_seed_2026106543,b8da8df0ac2994787d9cff6f22cbba13c38e5d5785be4cf4e336328772b29e74,/home/zyc/cess_d1r_168x16_reference_20260925/pmfs_14_17/rep_07_seed_2026106543/spatial/concentration.npy,/home/zyc/cess_d1r_168x16_reference_20260925/pmfs_14_17/rep_07_seed_2026106543/spatial/concentration.npy
96,pmfs_14_17,7,2026106544,pmfs_14_17/rep_08_seed_2026106544,59426d75d1d2a4f6b57746059e1bf1c1bb325e8dad0064874a8dff5e50eff9d0,/home/zyc/cess_d1r_168x16_reference_20260925/pmfs_14_17/rep_08_seed_2026106544/spatial/concentration.npy,/home/zyc/cess_d1r_168x16_reference_20260925/pmfs_14_17/rep_08_seed_2026106544/spatial/concentration.npy
96,pmfs_14_17,8,2026106545,pmfs_14_17/rep_09_seed_2026106545,0c7f76dfa031a84dd5ba780c9aecf757a48bf0781d1cd669c4c5a3d775241ff4,/home/zyc/cess_d1r_168x16_reference_20260925/pmfs_14_17/rep_09_seed_2026106545/spatial/concentration.npy,/home/zyc/cess_d1r_168x16_reference_20260925/pmfs_14_17/rep_09_seed_2026106545/spatial/concentration.npy
96,pmfs_14_17,9,2026106546,pmfs_14_17/rep_10_seed_2026106546,1dcc5e9752891bbf5e3258f5fd6e8220fb0fc0ddc800b23f19faf7c77ba492e9,/home/zyc/cess_d1r_168x16_reference_20260925/pmfs_14_17/rep_10_seed_2026106546/spatial/concentration.npy,/home/zyc/cess_d1r_168x16_reference_20260925/pmfs_14_17/rep_10_seed_2026106546/spatial/concentration.npy
96,pmfs_14_17,10,2026106547,pmfs_14_17/rep_11_seed_2026106547,f1b9f0102ed09935324f64c672ff479e2eb95f18ba73d1a8ab6dd8fc84d68bb0,/home/zyc/cess_d1r_168x16_reference_20260925/pmfs_14_17/rep_11_seed_2026106547/spatial/concentration.npy,/home/zyc/cess_d1r_168x16_reference_20260925/pmfs_14_17/rep_11_seed_2026106547/spatial/concentration.npy
96,pmfs_14_17,11,2026106548,pmfs_14_17/rep_12_seed_2026106548,a76403bf79d263ba00a11d0823f13e26935ac34ab39793f9169a8749fe31cab0,/home/zyc/cess_d1r_168x16_reference_20260925/pmfs_14_17/rep_12_seed_2026106548/spatial/concentration.npy,/home/zyc/cess_d1r_168x16_reference_20260925/pmfs_14_17/rep_12_seed_2026106548/spatial/concentration.npy
96,pmfs_14_17,12,2026106549,pmfs_14_17/rep_13_seed_2026106549,95a9953132ee89009524c127d35f6ce7178f6873e576bb9c68c5919f12cb14fa,/home/zyc/cess_d1r_168x16_reference_20260925/pmfs_14_17/rep_13_seed_2026106549/spatial/concentration.npy,/home/zyc/cess_d1r_168x16_reference_20260925/pmfs_14_17/rep_13_seed_2026106549/spatial/concentration.npy
96,pmfs_14_17,13,2026106550,pmfs_14_17/rep_14_seed_2026106550,bd49cf73c6e59f803b084b5ebe6b193d528fcf0eb570ec6426eb0c586b869f57,/home/zyc/cess_d1r_168x16_reference_20260925/pmfs_14_17/rep_14_seed_2026106550/spatial/concentration.npy,/home/zyc/cess_d1r_168x16_reference_20260925/pmfs_14_17/rep_14_seed_2026106550/spatial/concentration.npy
96,pmfs_14_17,14,2026106551,pmfs_14_17/rep_15_seed_2026106551,ad6b68adea02558bb305f6f721b84430e4e60244e309d8ef02b51e7d6da84a33,/home/zyc/cess_d1r_168x16_reference_20260925/pmfs_14_17/rep_15_seed_2026106551/spatial/concentration.npy,/home/zyc/cess_d1r_168x16_reference_20260925/pmfs_14_17/rep_15_seed_2026106551/spatial/concentration.npy
96,pmfs_14_17,15,2026106552,pmfs_14_17/rep_16_seed_2026106552,e5f722fdf5b37efa01c68dbe22eeda80befe957fd35d9744b76e2b675e2dcced,/home/zyc/cess_d1r_168x16_reference_20260925/pmfs_14_17/rep_16_seed_2026106552/spatial/concentration.npy,/home/zyc/cess_d1r_168x16_reference_20260925/pmfs_14_17/rep_16_seed_2026106552/spatial/concentration.npy
97,pmfs_14_18,0,2026106553,pmfs_14_18/rep_01_seed_2026106553,86adacbe7a0229e1cc1c84c1a0b2bfd136daaf8a78117c914ca0f6d3bbd3d64b,/home/zyc/cess_d1r_168x16_reference_20260925/pmfs_14_18/rep_01_seed_2026106553/spatial/concentration.npy,/home/zyc/cess_d1r_168x16_reference_20260925/pmfs_14_18/rep_01_seed_2026106553/spatial/concentration.npy
97,pmfs_14_18,1,2026106554,pmfs_14_18/rep_02_seed_2026106554,b270c95032f2478a9c4c6498cc4bfb23e335b3dd3369f704d948b4e8df63c6ea,/home/zyc/cess_d1r_168x16_reference_20260925/pmfs_14_18/rep_02_seed_2026106554/spatial/concentration.npy,/home/zyc/cess_d1r_168x16_reference_20260925/pmfs_14_18/rep_02_seed_2026106554/spatial/concentration.npy
97,pmfs_14_18,2,2026106555,pmfs_14_18/rep_03_seed_2026106555,24e6d2485f46b426cbf230528198a14209c50e1c2c8f4a52a0379547bd06a07e,/home/zyc/cess_d1r_168x16_reference_20260925/pmfs_14_18/rep_03_seed_2026106555/spatial/concentration.npy,/home/zyc/cess_d1r_168x16_reference_20260925/pmfs_14_18/rep_03_seed_2026106555/spatial/concentration.npy
97,pmfs_14_18,3,2026106556,pmfs_14_18/rep_04_seed_2026106556,170067bdbf9af9895c842394245ccb4b8ab8c1f166e16d294c08f5293beb9032,/home/zyc/cess_d1r_168x16_reference_20260925/pmfs_14_18/rep_04_seed_2026106556/spatial/concentration.npy,/home/zyc/cess_d1r_168x16_reference_20260925/pmfs_14_18/rep_04_seed_2026106556/spatial/concentration.npy
97,pmfs_14_18,4,2026106557,pmfs_14_18/rep_05_seed_2026106557,4eabae72f17baec95200408b39bc3f14c26474e317f143043c8df71e552a0a52,/home/zyc/cess_d1r_168x16_reference_20260925/pmfs_14_18/rep_05_seed_2026106557/spatial/concentration.npy,/home/zyc/cess_d1r_168x16_reference_20260925/pmfs_14_18/rep_05_seed_2026106557/spatial/concentration.npy
97,pmfs_14_18,5,2026106558,pmfs_14_18/rep_06_seed_2026106558,80d106eee7d7baeba944d73825699b85619fcef417f95494962bb8bf775deb1b,/home/zyc/cess_d1r_168x16_reference_20260925/pmfs_14_18/rep_06_seed_2026106558/spatial/concentration.npy,/home/zyc/cess_d1r_168x16_reference_20260925/pmfs_14_18/rep_06_seed_2026106558/spatial/concentration.npy
97,pmfs_14_18,6,2026106559,pmfs_14_18/rep_07_seed_2026106559,5191ff7aa032accc4b04cece099c95864208822905f5e4ba6440a9e7e4a568a1,/home/zyc/cess_d1r_168x16_reference_20260925/pmfs_14_18/rep_07_seed_2026106559/spatial/concentration.npy,/home/zyc/cess_d1r_168x16_reference_20260925/pmfs_14_18/rep_07_seed_2026106559/spatial/concentration.npy
97,pmfs_14_18,7,2026106560,pmfs_14_18/rep_08_seed_2026106560,81b1764c3695b679a090e24a826a3e478223633d825389e79c3630729a43c9fc,/home/zyc/cess_d1r_168x16_reference_20260925/pmfs_14_18/rep_08_seed_2026106560/spatial/concentration.npy,/home/zyc/cess_d1r_168x16_reference_20260925/pmfs_14_18/rep_08_seed_2026106560/spatial/concentration.npy
97,pmfs_14_18,8,2026106561,pmfs_14_18/rep_09_seed_2026106561,84e4c85c558a94efc188d46f23b290ff967ddb01a4fc066915e4b6935464b86b,/home/zyc/cess_d1r_168x16_reference_20260925/pmfs_14_18/rep_09_seed_2026106561/spatial/concentration.npy,/home/zyc/cess_d1r_168x16_reference_20260925/pmfs_14_18/rep_09_seed_2026106561/spatial/concentration.npy
97,pmfs_14_18,9,2026106562,pmfs_14_18/rep_10_seed_2026106562,1eaaddf31c2857e7ce64e98d9b2fad691dc8100450c0676b3dbd9c81b1d9b9ee,/home/zyc/cess_d1r_168x16_reference_20260925/pmfs_14_18/rep_10_seed_2026106562/spatial/concentration.npy,/home/zyc/cess_d1r_168x16_reference_20260925/pmfs_14_18/rep_10_seed_2026106562/spatial/concentration.npy
97,pmfs_14_18,10,2026106563,pmfs_14_18/rep_11_seed_2026106563,7dff6c03eec65b1be42a1cdcd8da8ca4d39a1e2de6ed17b485f1899d62a4dbd2,/home/zyc/cess_d1r_168x16_reference_20260925/pmfs_14_18/rep_11_seed_2026106563/spatial/concentration.npy,/home/zyc/cess_d1r_168x16_reference_20260925/pmfs_14_18/rep_11_seed_2026106563/spatial/concentration.npy
97,pmfs_14_18,11,2026106564,pmfs_14_18/rep_12_seed_2026106564,128f78364ac8817ed7be383487d1b387f9f864c03ff3bc627c0faa8d858ed60e,/home/zyc/cess_d1r_168x16_reference_20260925/pmfs_14_18/rep_12_seed_2026106564/spatial/concentration.npy,/home/zyc/cess_d1r_168x16_reference_20260925/pmfs_14_18/rep_12_seed_2026106564/spatial/concentration.npy
97,pmfs_14_18,12,2026106565,pmfs_14_18/rep_13_seed_2026106565,d8d7983475e023eb7d2da854262685cbd8c9e1b42d536629f2cd02e00299ec2f,/home/zyc/cess_d1r_168x16_reference_20260925/pmfs_14_18/rep_13_seed_2026106565/spatial/concentration.npy,/home/zyc/cess_d1r_168x16_reference_20260925/pmfs_14_18/rep_13_seed_2026106565/spatial/concentration.npy
97,pmfs_14_18,13,2026106566,pmfs_14_18/rep_14_seed_2026106566,4bd62a7404a04c9aade3df77e63d46666f1349e0037e1683758a2abb55831cf4,/home/zyc/cess_d1r_168x16_reference_20260925/pmfs_14_18/rep_14_seed_2026106566/spatial/concentration.npy,/home/zyc/cess_d1r_168x16_reference_20260925/pmfs_14_18/rep_14_seed_2026106566/spatial/concentration.npy
97,pmfs_14_18,14,2026106567,pmfs_14_18/rep_15_seed_2026106567,dbc70dd6faf61f51499b4ce29850a737f4893eb8efb98381c5d883e5a661c2d9,/home/zyc/cess_d1r_168x16_reference_20260925/pmfs_14_18/rep_15_seed_2026106567/spatial/concentration.npy,/home/zyc/cess_d1r_168x16_reference_20260925/pmfs_14_18/rep_15_seed_2026106567/spatial/concentration.npy
97,pmfs_14_18,15,2026106568,pmfs_14_18/rep_16_seed_2026106568,6213db8fd7356f5e4d50e641699f143f054058cdd4b380ac76d1a6bcf8126245,/home/zyc/cess_d1r_168x16_reference_20260925/pmfs_14_18/rep_16_seed_2026106568/spatial/concentration.npy,/home/zyc/cess_d1r_168x16_reference_20260925/pmfs_14_18/rep_16_seed_2026106568/spatial/concentration.npy
98,pmfs_15_12,0,2026106569,pmfs_15_12/rep_01_seed_2026106569,fe44bf8d3801be8ef3ba53a9bef67f0bb21e69997c7ad5ff2eff43426d34b230,/home/zyc/cess_d1r_168x16_reference_20260925/pmfs_15_12/rep_01_seed_2026106569/spatial/concentration.npy,/home/zyc/cess_d1r_168x16_reference_20260925/pmfs_15_12/rep_01_seed_2026106569/spatial/concentration.npy
98,pmfs_15_12,1,2026106570,pmfs_15_12/rep_02_seed_2026106570,6947dd6772c5a53534f8ec6f69438d6c88513d11b723cfd089f9073192389843,/home/zyc/cess_d1r_168x16_reference_20260925/pmfs_15_12/rep_02_seed_2026106570/spatial/concentration.npy,/home/zyc/cess_d1r_168x16_reference_20260925/pmfs_15_12/rep_02_seed_2026106570/spatial/concentration.npy
98,pmfs_15_12,2,2026106571,pmfs_15_12/rep_03_seed_2026106571,006b3bbcb4fc4f5256691768a0396f054eb489415f0d9ba77c6c9281ce7df7aa,/home/zyc/cess_d1r_168x16_reference_20260925/pmfs_15_12/rep_03_seed_2026106571/spatial/concentration.npy,/home/zyc/cess_d1r_168x16_reference_20260925/pmfs_15_12/rep_03_seed_2026106571/spatial/concentration.npy
98,pmfs_15_12,3,2026106572,pmfs_15_12/rep_04_seed_2026106572,0171f120db6234179f12a0dd2fabf1e99cbb860b1223a2a557b1df754d95dc22,/home/zyc/cess_d1r_168x16_reference_20260925/pmfs_15_12/rep_04_seed_2026106572/spatial/concentration.npy,/home/zyc/cess_d1r_168x16_reference_20260925/pmfs_15_12/rep_04_seed_2026106572/spatial/concentration.npy
98,pmfs_15_12,4,2026106573,pmfs_15_12/rep_05_seed_2026106573,5a76f8087b76c5d45849f6070c8b0978d389175594f2d016b6ae4129ba22fd2d,/home/zyc/cess_d1r_168x16_reference_20260925/pmfs_15_12/rep_05_seed_2026106573/spatial/concentration.npy,/home/zyc/cess_d1r_168x16_reference_20260925/pmfs_15_12/rep_05_seed_2026106573/spatial/concentration.npy
98,pmfs_15_12,5,2026106574,pmfs_15_12/rep_06_seed_2026106574,6ab531dcf645bad2384736b22a22cdbf040e8ae639a7afabc4fa2b703b6f2635,/home/zyc/cess_d1r_168x16_reference_20260925/pmfs_15_12/rep_06_seed_2026106574/spatial/concentration.npy,/home/zyc/cess_d1r_168x16_reference_20260925/pmfs_15_12/rep_06_seed_2026106574/spatial/concentration.npy
98,pmfs_15_12,6,2026106575,pmfs_15_12/rep_07_seed_2026106575,9a87fd954e38130a5ccacead2572b67855f561ccd3ef9138a997ba1300dd8837,/home/zyc/cess_d1r_168x16_reference_20260925/pmfs_15_12/rep_07_seed_2026106575/spatial/concentration.npy,/home/zyc/cess_d1r_168x16_reference_20260925/pmfs_15_12/rep_07_seed_2026106575/spatial/concentration.npy
98,pmfs_15_12,7,2026106576,pmfs_15_12/rep_08_seed_2026106576,5eb2573b81f472798f7b1fdcc7ab934ac11b5964906de392993cea2442978819,/home/zyc/cess_d1r_168x16_reference_20260925/pmfs_15_12/rep_08_seed_2026106576/spatial/concentration.npy,/home/zyc/cess_d1r_168x16_reference_20260925/pmfs_15_12/rep_08_seed_2026106576/spatial/concentration.npy
98,pmfs_15_12,8,2026106577,pmfs_15_12/rep_09_seed_2026106577,18a650a38ca0d786abdabf510ef2ae75956e24acd20eb2d083dd6ea842ae35cc,/home/zyc/cess_d1r_168x16_reference_20260925/pmfs_15_12/rep_09_seed_2026106577/spatial/concentration.npy,/home/zyc/cess_d1r_168x16_reference_20260925/pmfs_15_12/rep_09_seed_2026106577/spatial/concentration.npy
98,pmfs_15_12,9,2026106578,pmfs_15_12/rep_10_seed_2026106578,4fd705212fb3639b62e905fb706d78c5fbada468aae5434639b1c6a94b3752e2,/home/zyc/cess_d1r_168x16_reference_20260925/pmfs_15_12/rep_10_seed_2026106578/spatial/concentration.npy,/home/zyc/cess_d1r_168x16_reference_20260925/pmfs_15_12/rep_10_seed_2026106578/spatial/concentration.npy
98,pmfs_15_12,10,2026106579,pmfs_15_12/rep_11_seed_2026106579,e127ef2ba3a3992ec67a284c2ff464df51e7efc2f6b64322316d731081093efd,/home/zyc/cess_d1r_168x16_reference_20260925/pmfs_15_12/rep_11_seed_2026106579/spatial/concentration.npy,/home/zyc/cess_d1r_168x16_reference_20260925/pmfs_15_12/rep_11_seed_2026106579/spatial/concentration.npy
98,pmfs_15_12,11,2026106580,pmfs_15_12/rep_12_seed_2026106580,6bbe987680e6d71760247dc8bc6402e101cb819344032924c6e4ac7a05bf0052,/home/zyc/cess_d1r_168x16_reference_20260925/pmfs_15_12/rep_12_seed_2026106580/spatial/concentration.npy,/home/zyc/cess_d1r_168x16_reference_20260925/pmfs_15_12/rep_12_seed_2026106580/spatial/concentration.npy
98,pmfs_15_12,12,2026106581,pmfs_15_12/rep_13_seed_2026106581,832e1399db35c168794b64a6fc675751351b69568de9738503cc20f30d55d201,/home/zyc/cess_d1r_168x16_reference_20260925/pmfs_15_12/rep_13_seed_2026106581/spatial/concentration.npy,/home/zyc/cess_d1r_168x16_reference_20260925/pmfs_15_12/rep_13_seed_2026106581/spatial/concentration.npy
98,pmfs_15_12,13,2026106582,pmfs_15_12/rep_14_seed_2026106582,4423c55050f536951d1bcad5c30abb8f4e5ddd8e938c00a2f0c08ff2c971ea9e,/home/zyc/cess_d1r_168x16_reference_20260925/pmfs_15_12/rep_14_seed_2026106582/spatial/concentration.npy,/home/zyc/cess_d1r_168x16_reference_20260925/pmfs_15_12/rep_14_seed_2026106582/spatial/concentration.npy
98,pmfs_15_12,14,2026106583,pmfs_15_12/rep_15_seed_2026106583,d34d92d7f59a2d8f5c9cae2134a9d87d6e7ca7738ce3fcfd496698983c6bc085,/home/zyc/cess_d1r_168x16_reference_20260925/pmfs_15_12/rep_15_seed_2026106583/spatial/concentration.npy,/home/zyc/cess_d1r_168x16_reference_20260925/pmfs_15_12/rep_15_seed_2026106583/spatial/concentration.npy
98,pmfs_15_12,15,2026106584,pmfs_15_12/rep_16_seed_2026106584,a146f6a6ad53cf4973b72db3e54e55d21d96c8bcda04c055cb0ea46345ed7c2a,/home/zyc/cess_d1r_168x16_reference_20260925/pmfs_15_12/rep_16_seed_2026106584/spatial/concentration.npy,/home/zyc/cess_d1r_168x16_reference_20260925/pmfs_15_12/rep_16_seed_2026106584/spatial/concentration.npy
99,pmfs_15_13,0,2026106585,pmfs_15_13/rep_01_seed_2026106585,896514a222ba46617730b5d4f06f4fab603a9569a86dcac350265943788f35a6,/home/zyc/cess_d1r_168x16_reference_20260925/pmfs_15_13/rep_01_seed_2026106585/spatial/concentration.npy,/home/zyc/cess_d1r_168x16_reference_20260925/pmfs_15_13/rep_01_seed_2026106585/spatial/concentration.npy
99,pmfs_15_13,1,2026106586,pmfs_15_13/rep_02_seed_2026106586,5ec5b7cdca15c4570a69430a74d547850d6a5484eeb93c408757344434d3a51f,/home/zyc/cess_d1r_168x16_reference_20260925/pmfs_15_13/rep_02_seed_2026106586/spatial/concentration.npy,/home/zyc/cess_d1r_168x16_reference_20260925/pmfs_15_13/rep_02_seed_2026106586/spatial/concentration.npy
99,pmfs_15_13,2,2026106587,pmfs_15_13/rep_03_seed_2026106587,a171dffdca19eae31c0aa581359d430b9c78fba20058bcdaece9eb683f0988fb,/home/zyc/cess_d1r_168x16_reference_20260925/pmfs_15_13/rep_03_seed_2026106587/spatial/concentration.npy,/home/zyc/cess_d1r_168x16_reference_20260925/pmfs_15_13/rep_03_seed_2026106587/spatial/concentration.npy
99,pmfs_15_13,3,2026106588,pmfs_15_13/rep_04_seed_2026106588,5894a72335fa497bfe1fac4187a975f6f73eed9e712429e7289d3da3246c0861,/home/zyc/cess_d1r_168x16_reference_20260925/pmfs_15_13/rep_04_seed_2026106588/spatial/concentration.npy,/home/zyc/cess_d1r_168x16_reference_20260925/pmfs_15_13/rep_04_seed_2026106588/spatial/concentration.npy
99,pmfs_15_13,4,2026106589,pmfs_15_13/rep_05_seed_2026106589,189bf0ef4d8bac177773621137348897d98e10ecd27142c46f26a2e91efeb2cf,/home/zyc/cess_d1r_168x16_reference_20260925/pmfs_15_13/rep_05_seed_2026106589/spatial/concentration.npy,/home/zyc/cess_d1r_168x16_reference_20260925/pmfs_15_13/rep_05_seed_2026106589/spatial/concentration.npy
99,pmfs_15_13,5,2026106590,pmfs_15_13/rep_06_seed_2026106590,5459d407ecc227e17beb02491a038f9021aebd6ac7642908601c1d5f18618c34,/home/zyc/cess_d1r_168x16_reference_20260925/pmfs_15_13/rep_06_seed_2026106590/spatial/concentration.npy,/home/zyc/cess_d1r_168x16_reference_20260925/pmfs_15_13/rep_06_seed_2026106590/spatial/concentration.npy
99,pmfs_15_13,6,2026106591,pmfs_15_13/rep_07_seed_2026106591,7e52ed8abf1b5aea292dc3758418e937810b88c6391ce462d90d41b616f9888d,/home/zyc/cess_d1r_168x16_reference_20260925/pmfs_15_13/rep_07_seed_2026106591/spatial/concentration.npy,/home/zyc/cess_d1r_168x16_reference_20260925/pmfs_15_13/rep_07_seed_2026106591/spatial/concentration.npy
99,pmfs_15_13,7,2026106592,pmfs_15_13/rep_08_seed_2026106592,ea7db42078ca24e4a1c237011c5ca9f0a27e9a73177232412639379374848872,/home/zyc/cess_d1r_168x16_reference_20260925/pmfs_15_13/rep_08_seed_2026106592/spatial/concentration.npy,/home/zyc/cess_d1r_168x16_reference_20260925/pmfs_15_13/rep_08_seed_2026106592/spatial/concentration.npy
99,pmfs_15_13,8,2026106593,pmfs_15_13/rep_09_seed_2026106593,f1eecbb78115a5290d0c93a148e1fd09282dfaa2bf9bc0921e226f63f4e4ce6a,/home/zyc/cess_d1r_168x16_reference_20260925/pmfs_15_13/rep_09_seed_2026106593/spatial/concentration.npy,/home/zyc/cess_d1r_168x16_reference_20260925/pmfs_15_13/rep_09_seed_2026106593/spatial/concentration.npy
99,pmfs_15_13,9,2026106594,pmfs_15_13/rep_10_seed_2026106594,b3ee37a6c9c8df1149146430aed89171621823cd4e26bbd9dfaeb4983038156e,/home/zyc/cess_d1r_168x16_reference_20260925/pmfs_15_13/rep_10_seed_2026106594/spatial/concentration.npy,/home/zyc/cess_d1r_168x16_reference_20260925/pmfs_15_13/rep_10_seed_2026106594/spatial/concentration.npy
99,pmfs_15_13,10,2026106595,pmfs_15_13/rep_11_seed_2026106595,3e9412cc6b53ccf652cbb505b984c3e978893a60f3184e4222ed623fdcc8fa61,/home/zyc/cess_d1r_168x16_reference_20260925/pmfs_15_13/rep_11_seed_2026106595/spatial/concentration.npy,/home/zyc/cess_d1r_168x16_reference_20260925/pmfs_15_13/rep_11_seed_2026106595/spatial/concentration.npy
99,pmfs_15_13,11,2026106596,pmfs_15_13/rep_12_seed_2026106596,3138caac9b2ceddb6bea8438add86f57e79ea2366e87db96c6c0857f60323899,/home/zyc/cess_d1r_168x16_reference_20260925/pmfs_15_13/rep_12_seed_2026106596/spatial/concentration.npy,/home/zyc/cess_d1r_168x16_reference_20260925/pmfs_15_13/rep_12_seed_2026106596/spatial/concentration.npy
99,pmfs_15_13,12,2026106597,pmfs_15_13/rep_13_seed_2026106597,a78e4870be13da0a4570ac538ad2197be230363352680aa4fe713e1643f26acc,/home/zyc/cess_d1r_168x16_reference_20260925/pmfs_15_13/rep_13_seed_2026106597/spatial/concentration.npy,/home/zyc/cess_d1r_168x16_reference_20260925/pmfs_15_13/rep_13_seed_2026106597/spatial/concentration.npy
99,pmfs_15_13,13,2026106598,pmfs_15_13/rep_14_seed_2026106598,b7af30ee782dd17954542add2d0a5d00b5dd266e9feaf8b80b5a1e117140e170,/home/zyc/cess_d1r_168x16_reference_20260925/pmfs_15_13/rep_14_seed_2026106598/spatial/concentration.npy,/home/zyc/cess_d1r_168x16_reference_20260925/pmfs_15_13/rep_14_seed_2026106598/spatial/concentration.npy
99,pmfs_15_13,14,2026106599,pmfs_15_13/rep_15_seed_2026106599,a210481009f5f1a8c06cf8337138117506ca5dde2182895834b49782e5f473c3,/home/zyc/cess_d1r_168x16_reference_20260925/pmfs_15_13/rep_15_seed_2026106599/spatial/concentration.npy,/home/zyc/cess_d1r_168x16_reference_20260925/pmfs_15_13/rep_15_seed_2026106599/spatial/concentration.npy
99,pmfs_15_13,15,2026106600,pmfs_15_13/rep_16_seed_2026106600,90acc7c89c4b049adb3c9bc022ad923e51bdbdaed42b937ca0d63578eefaa7f4,/home/zyc/cess_d1r_168x16_reference_20260925/pmfs_15_13/rep_16_seed_2026106600/spatial/concentration.npy,/home/zyc/cess_d1r_168x16_reference_20260925/pmfs_15_13/rep_16_seed_2026106600/spatial/concentration.npy
100,pmfs_15_14,0,2026106601,pmfs_15_14/rep_01_seed_2026106601,f369b2defd51582acfef50255d3099e3c7b80f1f659c3d6f4b690300f211b1bf,/home/zyc/cess_d1r_168x16_reference_20260925/pmfs_15_14/rep_01_seed_2026106601/spatial/concentration.npy,/home/zyc/cess_d1r_168x16_reference_20260925/pmfs_15_14/rep_01_seed_2026106601/spatial/concentration.npy
100,pmfs_15_14,1,2026106602,pmfs_15_14/rep_02_seed_2026106602,73c2c59ef943371c88fac672fdcd5bf452c1b0cd7a1ae2c4442f6a84427ed082,/home/zyc/cess_d1r_168x16_reference_20260925/pmfs_15_14/rep_02_seed_2026106602/spatial/concentration.npy,/home/zyc/cess_d1r_168x16_reference_20260925/pmfs_15_14/rep_02_seed_2026106602/spatial/concentration.npy
100,pmfs_15_14,2,2026106603,pmfs_15_14/rep_03_seed_2026106603,19baade7772bbfed9efe7d33f0475c9dbc3dd469fcd80e683545dd9059e1986c,/home/zyc/cess_d1r_168x16_reference_20260925/pmfs_15_14/rep_03_seed_2026106603/spatial/concentration.npy,/home/zyc/cess_d1r_168x16_reference_20260925/pmfs_15_14/rep_03_seed_2026106603/spatial/concentration.npy
100,pmfs_15_14,3,2026106604,pmfs_15_14/rep_04_seed_2026106604,952d9de47f91be6f7b940abfcf3a3ebc759b04f07fa66c818afd74190ca13054,/home/zyc/cess_d1r_168x16_reference_20260925/pmfs_15_14/rep_04_seed_2026106604/spatial/concentration.npy,/home/zyc/cess_d1r_168x16_reference_20260925/pmfs_15_14/rep_04_seed_2026106604/spatial/concentration.npy
100,pmfs_15_14,4,2026106605,pmfs_15_14/rep_05_seed_2026106605,3482dad90e0d839e992a02fa166fd755ea3b96e4366a9598ac359c4a66f796ed,/home/zyc/cess_d1r_168x16_reference_20260925/pmfs_15_14/rep_05_seed_2026106605/spatial/concentration.npy,/home/zyc/cess_d1r_168x16_reference_20260925/pmfs_15_14/rep_05_seed_2026106605/spatial/concentration.npy
100,pmfs_15_14,5,2026106606,pmfs_15_14/rep_06_seed_2026106606,bea005ac9d1f5ee48dbf2027f9d1953c164275d45e24cda995dbb56c705887ce,/home/zyc/cess_d1r_168x16_reference_20260925/pmfs_15_14/rep_06_seed_2026106606/spatial/concentration.npy,/home/zyc/cess_d1r_168x16_reference_20260925/pmfs_15_14/rep_06_seed_2026106606/spatial/concentration.npy
100,pmfs_15_14,6,2026106607,pmfs_15_14/rep_07_seed_2026106607,6c443730905255257f175fc7e925bb30bee0519253ca07c1fe357fef42476083,/home/zyc/cess_d1r_168x16_reference_20260925/pmfs_15_14/rep_07_seed_2026106607/spatial/concentration.npy,/home/zyc/cess_d1r_168x16_reference_20260925/pmfs_15_14/rep_07_seed_2026106607/spatial/concentration.npy
100,pmfs_15_14,7,2026106608,pmfs_15_14/rep_08_seed_2026106608,6cc6d2f1fd5681e5c2ef32a7bf0bc0f80ae1b5fa741c9ccc9de6441e04879c75,/home/zyc/cess_d1r_168x16_reference_20260925/pmfs_15_14/rep_08_seed_2026106608/spatial/concentration.npy,/home/zyc/cess_d1r_168x16_reference_20260925/pmfs_15_14/rep_08_seed_2026106608/spatial/concentration.npy
100,pmfs_15_14,8,2026106609,pmfs_15_14/rep_09_seed_2026106609,1fe4550d55b4e305e33187bed3b0e273987b3cf6f05f3fd070784dd2e339be8e,/home/zyc/cess_d1r_168x16_reference_20260925/pmfs_15_14/rep_09_seed_2026106609/spatial/concentration.npy,/home/zyc/cess_d1r_168x16_reference_20260925/pmfs_15_14/rep_09_seed_2026106609/spatial/concentration.npy
100,pmfs_15_14,9,2026106610,pmfs_15_14/rep_10_seed_2026106610,b8c96e1452b1f9b8397fc27c9ecbbfc067052c282089ad489fca61be3338e2f5,/home/zyc/cess_d1r_168x16_reference_20260925/pmfs_15_14/rep_10_seed_2026106610/spatial/concentration.npy,/home/zyc/cess_d1r_168x16_reference_20260925/pmfs_15_14/rep_10_seed_2026106610/spatial/concentration.npy
100,pmfs_15_14,10,2026106611,pmfs_15_14/rep_11_seed_2026106611,3084426cb8c1f1f9d5d67f792cfd53f5a23f719530efb331cf5966568137b2f5,/home/zyc/cess_d1r_168x16_reference_20260925/pmfs_15_14/rep_11_seed_2026106611/spatial/concentration.npy,/home/zyc/cess_d1r_168x16_reference_20260925/pmfs_15_14/rep_11_seed_2026106611/spatial/concentration.npy
100,pmfs_15_14,11,2026106612,pmfs_15_14/rep_12_seed_2026106612,fb425dd0aebfc51e1d83d8db6e63e8564d28f6b59ceba74944d2f51315b0b5cc,/home/zyc/cess_d1r_168x16_reference_20260925/pmfs_15_14/rep_12_seed_2026106612/spatial/concentration.npy,/home/zyc/cess_d1r_168x16_reference_20260925/pmfs_15_14/rep_12_seed_2026106612/spatial/concentration.npy
100,pmfs_15_14,12,2026106613,pmfs_15_14/rep_13_seed_2026106613,6f2d0b804b97401b8ee1c59016e85309c2ac35a4ce908af5bbd7561f94badf66,/home/zyc/cess_d1r_168x16_reference_20260925/pmfs_15_14/rep_13_seed_2026106613/spatial/concentration.npy,/home/zyc/cess_d1r_168x16_reference_20260925/pmfs_15_14/rep_13_seed_2026106613/spatial/concentration.npy
100,pmfs_15_14,13,2026106614,pmfs_15_14/rep_14_seed_2026106614,5cf2a8df92b5d159d3ec859e83a4da36663fb02219f3ec79e11198299d3190be,/home/zyc/cess_d1r_168x16_reference_20260925/pmfs_15_14/rep_14_seed_2026106614/spatial/concentration.npy,/home/zyc/cess_d1r_168x16_reference_20260925/pmfs_15_14/rep_14_seed_2026106614/spatial/concentration.npy
100,pmfs_15_14,14,2026106615,pmfs_15_14/rep_15_seed_2026106615,3b19ca3dc58851b26403da7651c14643a941627f5f74b78fd78f1ccfaf5d280a,/home/zyc/cess_d1r_168x16_reference_20260925/pmfs_15_14/rep_15_seed_2026106615/spatial/concentration.npy,/home/zyc/cess_d1r_168x16_reference_20260925/pmfs_15_14/rep_15_seed_2026106615/spatial/concentration.npy
100,pmfs_15_14,15,2026106616,pmfs_15_14/rep_16_seed_2026106616,5fc17e8823435591ab8af31875c8ad2be608607a997e3014c48c68fabfb0f5fb,/home/zyc/cess_d1r_168x16_reference_20260925/pmfs_15_14/rep_16_seed_2026106616/spatial/concentration.npy,/home/zyc/cess_d1r_168x16_reference_20260925/pmfs_15_14/rep_16_seed_2026106616/spatial/concentration.npy
101,pmfs_15_15,0,2026106617,pmfs_15_15/rep_01_seed_2026106617,a354cc90478b288a7cacd7a3fe5170e6e7aeb2f76cb5e2686c5523b2e2a2a2b6,/home/zyc/cess_d1r_168x16_reference_20260925/pmfs_15_15/rep_01_seed_2026106617/spatial/concentration.npy,/home/zyc/cess_d1r_168x16_reference_20260925/pmfs_15_15/rep_01_seed_2026106617/spatial/concentration.npy
101,pmfs_15_15,1,2026106618,pmfs_15_15/rep_02_seed_2026106618,accd9d5aef6688d176134f6429d3892aea56fde39bf57da6466fe3fbb4a701ad,/home/zyc/cess_d1r_168x16_reference_20260925/pmfs_15_15/rep_02_seed_2026106618/spatial/concentration.npy,/home/zyc/cess_d1r_168x16_reference_20260925/pmfs_15_15/rep_02_seed_2026106618/spatial/concentration.npy
101,pmfs_15_15,2,2026106619,pmfs_15_15/rep_03_seed_2026106619,993ef2983ff0ca8169d9c8ccfd36c308185adc29a17855fa389d3e37cf1eda11,/home/zyc/cess_d1r_168x16_reference_20260925/pmfs_15_15/rep_03_seed_2026106619/spatial/concentration.npy,/home/zyc/cess_d1r_168x16_reference_20260925/pmfs_15_15/rep_03_seed_2026106619/spatial/concentration.npy
101,pmfs_15_15,3,2026106620,pmfs_15_15/rep_04_seed_2026106620,3a618ecb96c7cd1a68b281b10aa9a167283a9e0a88543a78d2a64f6c9c14051e,/home/zyc/cess_d1r_168x16_reference_20260925/pmfs_15_15/rep_04_seed_2026106620/spatial/concentration.npy,/home/zyc/cess_d1r_168x16_reference_20260925/pmfs_15_15/rep_04_seed_2026106620/spatial/concentration.npy
101,pmfs_15_15,4,2026106621,pmfs_15_15/rep_05_seed_2026106621,787dca22c50cba4fbd23b5813a3b0a00339b3a803817c69a40fe263faa38bebc,/home/zyc/cess_d1r_168x16_reference_20260925/pmfs_15_15/rep_05_seed_2026106621/spatial/concentration.npy,/home/zyc/cess_d1r_168x16_reference_20260925/pmfs_15_15/rep_05_seed_2026106621/spatial/concentration.npy
101,pmfs_15_15,5,2026106622,pmfs_15_15/rep_06_seed_2026106622,2fe54363accf914d7b50ee10e090301da62f54bf583a72567f3b5b7c063e57b3,/home/zyc/cess_d1r_168x16_reference_20260925/pmfs_15_15/rep_06_seed_2026106622/spatial/concentration.npy,/home/zyc/cess_d1r_168x16_reference_20260925/pmfs_15_15/rep_06_seed_2026106622/spatial/concentration.npy
101,pmfs_15_15,6,2026106623,pmfs_15_15/rep_07_seed_2026106623,f9795d34106b9276527ac28f3a6751fecb9122af814f82e82bbf54e738e69f43,/home/zyc/cess_d1r_168x16_reference_20260925/pmfs_15_15/rep_07_seed_2026106623/spatial/concentration.npy,/home/zyc/cess_d1r_168x16_reference_20260925/pmfs_15_15/rep_07_seed_2026106623/spatial/concentration.npy
101,pmfs_15_15,7,2026106624,pmfs_15_15/rep_08_seed_2026106624,df10eb312b8665fc664a096c0635a032efdfcc0394594776bb0bd3a40f773278,/home/zyc/cess_d1r_168x16_reference_20260925/pmfs_15_15/rep_08_seed_2026106624/spatial/concentration.npy,/home/zyc/cess_d1r_168x16_reference_20260925/pmfs_15_15/rep_08_seed_2026106624/spatial/concentration.npy
101,pmfs_15_15,8,2026106625,pmfs_15_15/rep_09_seed_2026106625,437b72ba9d13d8a40c72361412ff9bc9d5f5155d127d3afccd7ef4b85d81a595,/home/zyc/cess_d1r_168x16_reference_20260925/pmfs_15_15/rep_09_seed_2026106625/spatial/concentration.npy,/home/zyc/cess_d1r_168x16_reference_20260925/pmfs_15_15/rep_09_seed_2026106625/spatial/concentration.npy
101,pmfs_15_15,9,2026106626,pmfs_15_15/rep_10_seed_2026106626,3a29a5d9163ce7a25d195fa9bb35f731c349e892d707b8b8f874e6d98047a8b2,/home/zyc/cess_d1r_168x16_reference_20260925/pmfs_15_15/rep_10_seed_2026106626/spatial/concentration.npy,/home/zyc/cess_d1r_168x16_reference_20260925/pmfs_15_15/rep_10_seed_2026106626/spatial/concentration.npy
101,pmfs_15_15,10,2026106627,pmfs_15_15/rep_11_seed_2026106627,d2eac88065e06468041a9c9529f50a1d97c3152e4c8ab3b7c57078efe79ee84b,/home/zyc/cess_d1r_168x16_reference_20260925/pmfs_15_15/rep_11_seed_2026106627/spatial/concentration.npy,/home/zyc/cess_d1r_168x16_reference_20260925/pmfs_15_15/rep_11_seed_2026106627/spatial/concentration.npy
101,pmfs_15_15,11,2026106628,pmfs_15_15/rep_12_seed_2026106628,be87062ddb418f1c630c052cc1c08398d0572c1bcaf357239515b842d08ed2fb,/home/zyc/cess_d1r_168x16_reference_20260925/pmfs_15_15/rep_12_seed_2026106628/spatial/concentration.npy,/home/zyc/cess_d1r_168x16_reference_20260925/pmfs_15_15/rep_12_seed_2026106628/spatial/concentration.npy
101,pmfs_15_15,12,2026106629,pmfs_15_15/rep_13_seed_2026106629,7f56ba56cfdd544094c274548472f4d35fafe4ec66b980fedea1cc458fcbaa24,/home/zyc/cess_d1r_168x16_reference_20260925/pmfs_15_15/rep_13_seed_2026106629/spatial/concentration.npy,/home/zyc/cess_d1r_168x16_reference_20260925/pmfs_15_15/rep_13_seed_2026106629/spatial/concentration.npy
101,pmfs_15_15,13,2026106630,pmfs_15_15/rep_14_seed_2026106630,b8c1ebe199bdb70ceaa387fcf1d75603fb8d01b2644d8fb7f33ab6413ad51c3e,/home/zyc/cess_d1r_168x16_reference_20260925/pmfs_15_15/rep_14_seed_2026106630/spatial/concentration.npy,/home/zyc/cess_d1r_168x16_reference_20260925/pmfs_15_15/rep_14_seed_2026106630/spatial/concentration.npy
101,pmfs_15_15,14,2026106631,pmfs_15_15/rep_15_seed_2026106631,5113fb16f7917b9a3baff14dc4815025c876b5bea156f9195b67a79f6cf394b0,/home/zyc/cess_d1r_168x16_reference_20260925/pmfs_15_15/rep_15_seed_2026106631/spatial/concentration.npy,/home/zyc/cess_d1r_168x16_reference_20260925/pmfs_15_15/rep_15_seed_2026106631/spatial/concentration.npy
101,pmfs_15_15,15,2026106632,pmfs_15_15/rep_16_seed_2026106632,025e0562256273e81b99e0cb0b688337205e7f5bf264f48f376dd73ce3a2ea83,/home/zyc/cess_d1r_168x16_reference_20260925/pmfs_15_15/rep_16_seed_2026106632/spatial/concentration.npy,/home/zyc/cess_d1r_168x16_reference_20260925/pmfs_15_15/rep_16_seed_2026106632/spatial/concentration.npy
102,pmfs_15_16,0,2026106633,pmfs_15_16/rep_01_seed_2026106633,2927863a37a5baac30733cfa7989e9ca1b5d86083f15e8ae17e6c9ba3b470781,/home/zyc/cess_d1r_168x16_reference_20260925/pmfs_15_16/rep_01_seed_2026106633/spatial/concentration.npy,/home/zyc/cess_d1r_168x16_reference_20260925/pmfs_15_16/rep_01_seed_2026106633/spatial/concentration.npy
102,pmfs_15_16,1,2026106634,pmfs_15_16/rep_02_seed_2026106634,f3c59f02ca46ec54ee08ecbeb000d081fe52c6d2934d83fc743c51ff11e475f4,/home/zyc/cess_d1r_168x16_reference_20260925/pmfs_15_16/rep_02_seed_2026106634/spatial/concentration.npy,/home/zyc/cess_d1r_168x16_reference_20260925/pmfs_15_16/rep_02_seed_2026106634/spatial/concentration.npy
102,pmfs_15_16,2,2026106635,pmfs_15_16/rep_03_seed_2026106635,af52648e029236919a8370de414369b40b8f07c2d32654848faa4ffa591648a8,/home/zyc/cess_d1r_168x16_reference_20260925/pmfs_15_16/rep_03_seed_2026106635/spatial/concentration.npy,/home/zyc/cess_d1r_168x16_reference_20260925/pmfs_15_16/rep_03_seed_2026106635/spatial/concentration.npy
102,pmfs_15_16,3,2026106636,pmfs_15_16/rep_04_seed_2026106636,4a9a155a003b60209ea7a836ae0bb94afff5509fa79ce0be0e49e28546af232e,/home/zyc/cess_d1r_168x16_reference_20260925/pmfs_15_16/rep_04_seed_2026106636/spatial/concentration.npy,/home/zyc/cess_d1r_168x16_reference_20260925/pmfs_15_16/rep_04_seed_2026106636/spatial/concentration.npy
102,pmfs_15_16,4,2026106637,pmfs_15_16/rep_05_seed_2026106637,e30adce0ac9f3d783b7e8eeaf7107f105a55891b2d08e51629535707cb3aa190,/home/zyc/cess_d1r_168x16_reference_20260925/pmfs_15_16/rep_05_seed_2026106637/spatial/concentration.npy,/home/zyc/cess_d1r_168x16_reference_20260925/pmfs_15_16/rep_05_seed_2026106637/spatial/concentration.npy
102,pmfs_15_16,5,2026106638,pmfs_15_16/rep_06_seed_2026106638,9576fa257fedf8f9ae7a843aba56d9a3a7b87a75b06eb2a9c578dd07d6131ba6,/home/zyc/cess_d1r_168x16_reference_20260925/pmfs_15_16/rep_06_seed_2026106638/spatial/concentration.npy,/home/zyc/cess_d1r_168x16_reference_20260925/pmfs_15_16/rep_06_seed_2026106638/spatial/concentration.npy
102,pmfs_15_16,6,2026106639,pmfs_15_16/rep_07_seed_2026106639,05970915279341a87efe8aae970b53715b317ef976ca73a92084b1eb73f042c1,/home/zyc/cess_d1r_168x16_reference_20260925/pmfs_15_16/rep_07_seed_2026106639/spatial/concentration.npy,/home/zyc/cess_d1r_168x16_reference_20260925/pmfs_15_16/rep_07_seed_2026106639/spatial/concentration.npy
102,pmfs_15_16,7,2026106640,pmfs_15_16/rep_08_seed_2026106640,e5053f2cb498273cd6ec3368efbdef4d8437ff189e0662fd6d5fbfe38d0efac1,/home/zyc/cess_d1r_168x16_reference_20260925/pmfs_15_16/rep_08_seed_2026106640/spatial/concentration.npy,/home/zyc/cess_d1r_168x16_reference_20260925/pmfs_15_16/rep_08_seed_2026106640/spatial/concentration.npy
102,pmfs_15_16,8,2026106641,pmfs_15_16/rep_09_seed_2026106641,193d37f3585498e8dd4fc99aab9eeed9786a93793a55492ce4b73cfe088baa56,/home/zyc/cess_d1r_168x16_reference_20260925/pmfs_15_16/rep_09_seed_2026106641/spatial/concentration.npy,/home/zyc/cess_d1r_168x16_reference_20260925/pmfs_15_16/rep_09_seed_2026106641/spatial/concentration.npy
102,pmfs_15_16,9,2026106642,pmfs_15_16/rep_10_seed_2026106642,91f0b0df52eac86397751f41d46417c0c7fc6bb332806d780d394af643bdf7b3,/home/zyc/cess_d1r_168x16_reference_20260925/pmfs_15_16/rep_10_seed_2026106642/spatial/concentration.npy,/home/zyc/cess_d1r_168x16_reference_20260925/pmfs_15_16/rep_10_seed_2026106642/spatial/concentration.npy
102,pmfs_15_16,10,2026106643,pmfs_15_16/rep_11_seed_2026106643,a3eefafb79ef52a5d32bab7981d04a5332c623d9346e7c261ea3399ce451f0de,/home/zyc/cess_d1r_168x16_reference_20260925/pmfs_15_16/rep_11_seed_2026106643/spatial/concentration.npy,/home/zyc/cess_d1r_168x16_reference_20260925/pmfs_15_16/rep_11_seed_2026106643/spatial/concentration.npy
102,pmfs_15_16,11,2026106644,pmfs_15_16/rep_12_seed_2026106644,4e6cd4c4cb31de440e4ebc65e002a52044082a1d09b2404e5e0fea0b446656c6,/home/zyc/cess_d1r_168x16_reference_20260925/pmfs_15_16/rep_12_seed_2026106644/spatial/concentration.npy,/home/zyc/cess_d1r_168x16_reference_20260925/pmfs_15_16/rep_12_seed_2026106644/spatial/concentration.npy
102,pmfs_15_16,12,2026106645,pmfs_15_16/rep_13_seed_2026106645,885cdacbe7c3bbc9456260f53134a92756377fda25d0706cb468eccde539da0b,/home/zyc/cess_d1r_168x16_reference_20260925/pmfs_15_16/rep_13_seed_2026106645/spatial/concentration.npy,/home/zyc/cess_d1r_168x16_reference_20260925/pmfs_15_16/rep_13_seed_2026106645/spatial/concentration.npy
102,pmfs_15_16,13,2026106646,pmfs_15_16/rep_14_seed_2026106646,f6e4bc335e4e676f8c569cf1e2394171e2969f3ac32060b99c0ab6f654e807cf,/home/zyc/cess_d1r_168x16_reference_20260925/pmfs_15_16/rep_14_seed_2026106646/spatial/concentration.npy,/home/zyc/cess_d1r_168x16_reference_20260925/pmfs_15_16/rep_14_seed_2026106646/spatial/concentration.npy
102,pmfs_15_16,14,2026106647,pmfs_15_16/rep_15_seed_2026106647,824eaff96618f818fd1fe0a99ddf7af053a51858c94403ea1d5e34f7bdc3a3e1,/home/zyc/cess_d1r_168x16_reference_20260925/pmfs_15_16/rep_15_seed_2026106647/spatial/concentration.npy,/home/zyc/cess_d1r_168x16_reference_20260925/pmfs_15_16/rep_15_seed_2026106647/spatial/concentration.npy
102,pmfs_15_16,15,2026106648,pmfs_15_16/rep_16_seed_2026106648,a08fe8532dacc9e0f7a9a2245672145bf31bf6b3ad291e4f8d15f30e2b3b28da,/home/zyc/cess_d1r_168x16_reference_20260925/pmfs_15_16/rep_16_seed_2026106648/spatial/concentration.npy,/home/zyc/cess_d1r_168x16_reference_20260925/pmfs_15_16/rep_16_seed_2026106648/spatial/concentration.npy
103,pmfs_15_17,0,2026106649,pmfs_15_17/rep_01_seed_2026106649,a2249706a2c7cf94862161ec0793ff51f0bf1827fd9ebb4816e6c8aeccb1f3a5,/home/zyc/cess_d1r_168x16_reference_20260925/pmfs_15_17/rep_01_seed_2026106649/spatial/concentration.npy,/home/zyc/cess_d1r_168x16_reference_20260925/pmfs_15_17/rep_01_seed_2026106649/spatial/concentration.npy
103,pmfs_15_17,1,2026106650,pmfs_15_17/rep_02_seed_2026106650,534df7950e7712a7893a5c3ee4634d1f3b1ff332d9b0c23214f41ec53ab55013,/home/zyc/cess_d1r_168x16_reference_20260925/pmfs_15_17/rep_02_seed_2026106650/spatial/concentration.npy,/home/zyc/cess_d1r_168x16_reference_20260925/pmfs_15_17/rep_02_seed_2026106650/spatial/concentration.npy
103,pmfs_15_17,2,2026106651,pmfs_15_17/rep_03_seed_2026106651,fa526f610801bd6f65ac753ad3255f97eb4b951463d11e94a2c802629f2460d3,/home/zyc/cess_d1r_168x16_reference_20260925/pmfs_15_17/rep_03_seed_2026106651/spatial/concentration.npy,/home/zyc/cess_d1r_168x16_reference_20260925/pmfs_15_17/rep_03_seed_2026106651/spatial/concentration.npy
103,pmfs_15_17,3,2026106652,pmfs_15_17/rep_04_seed_2026106652,be297a9a83645d2deba248a76d91877d8718e4cddf82fb00a918914878115108,/home/zyc/cess_d1r_168x16_reference_20260925/pmfs_15_17/rep_04_seed_2026106652/spatial/concentration.npy,/home/zyc/cess_d1r_168x16_reference_20260925/pmfs_15_17/rep_04_seed_2026106652/spatial/concentration.npy
103,pmfs_15_17,4,2026106653,pmfs_15_17/rep_05_seed_2026106653,8a20937f383759c956145da1dc187854f2043bc992a144cc8dde92a4f2cfa5dd,/home/zyc/cess_d1r_168x16_reference_20260925/pmfs_15_17/rep_05_seed_2026106653/spatial/concentration.npy,/home/zyc/cess_d1r_168x16_reference_20260925/pmfs_15_17/rep_05_seed_2026106653/spatial/concentration.npy
103,pmfs_15_17,5,2026106654,pmfs_15_17/rep_06_seed_2026106654,1e4fde579f2603a8bfbe1708b34ae9e0c20761205a3f0b677d04cc6af2a0a688,/home/zyc/cess_d1r_168x16_reference_20260925/pmfs_15_17/rep_06_seed_2026106654/spatial/concentration.npy,/home/zyc/cess_d1r_168x16_reference_20260925/pmfs_15_17/rep_06_seed_2026106654/spatial/concentration.npy
103,pmfs_15_17,6,2026106655,pmfs_15_17/rep_07_seed_2026106655,5e892beb69570d2561da0d4badd130788428d843bfc1d054d51031a84e4b690c,/home/zyc/cess_d1r_168x16_reference_20260925/pmfs_15_17/rep_07_seed_2026106655/spatial/concentration.npy,/home/zyc/cess_d1r_168x16_reference_20260925/pmfs_15_17/rep_07_seed_2026106655/spatial/concentration.npy
103,pmfs_15_17,7,2026106656,pmfs_15_17/rep_08_seed_2026106656,4a801d2e63970bf344087d9429e26eb46defaa74ef1672f8041e5f2c3559825c,/home/zyc/cess_d1r_168x16_reference_20260925/pmfs_15_17/rep_08_seed_2026106656/spatial/concentration.npy,/home/zyc/cess_d1r_168x16_reference_20260925/pmfs_15_17/rep_08_seed_2026106656/spatial/concentration.npy
103,pmfs_15_17,8,2026106657,pmfs_15_17/rep_09_seed_2026106657,eb1347180d40d87286ad812033fddbdad3f6324ffa16130b39351ccef1d2099c,/home/zyc/cess_d1r_168x16_reference_20260925/pmfs_15_17/rep_09_seed_2026106657/spatial/concentration.npy,/home/zyc/cess_d1r_168x16_reference_20260925/pmfs_15_17/rep_09_seed_2026106657/spatial/concentration.npy
103,pmfs_15_17,9,2026106658,pmfs_15_17/rep_10_seed_2026106658,008e755d4a48da92706a71508c3744bc7e155f3fdaae5fa7a195ae3036a65fad,/home/zyc/cess_d1r_168x16_reference_20260925/pmfs_15_17/rep_10_seed_2026106658/spatial/concentration.npy,/home/zyc/cess_d1r_168x16_reference_20260925/pmfs_15_17/rep_10_seed_2026106658/spatial/concentration.npy
103,pmfs_15_17,10,2026106659,pmfs_15_17/rep_11_seed_2026106659,f6039fa47d359f24d0278c697e098f4d48cccfb8de74fcce071e0b78947517d1,/home/zyc/cess_d1r_168x16_reference_20260925/pmfs_15_17/rep_11_seed_2026106659/spatial/concentration.npy,/home/zyc/cess_d1r_168x16_reference_20260925/pmfs_15_17/rep_11_seed_2026106659/spatial/concentration.npy
103,pmfs_15_17,11,2026106660,pmfs_15_17/rep_12_seed_2026106660,b7caeb4c97ef47e53e3bf4349ea78fa85732c6bfca097367932d30ba51894a2d,/home/zyc/cess_d1r_168x16_reference_20260925/pmfs_15_17/rep_12_seed_2026106660/spatial/concentration.npy,/home/zyc/cess_d1r_168x16_reference_20260925/pmfs_15_17/rep_12_seed_2026106660/spatial/concentration.npy
103,pmfs_15_17,12,2026106661,pmfs_15_17/rep_13_seed_2026106661,bd9f3748490e3dcc01fe7dc8f0de65c384aaf63dba65a03aea7c77cbef07cc7f,/home/zyc/cess_d1r_168x16_reference_20260925/pmfs_15_17/rep_13_seed_2026106661/spatial/concentration.npy,/home/zyc/cess_d1r_168x16_reference_20260925/pmfs_15_17/rep_13_seed_2026106661/spatial/concentration.npy
103,pmfs_15_17,13,2026106662,pmfs_15_17/rep_14_seed_2026106662,4bf8b3e333b9605d6e50fd6c20ea51cb4bbd7f15be652a73c9624bc6bf080ebb,/home/zyc/cess_d1r_168x16_reference_20260925/pmfs_15_17/rep_14_seed_2026106662/spatial/concentration.npy,/home/zyc/cess_d1r_168x16_reference_20260925/pmfs_15_17/rep_14_seed_2026106662/spatial/concentration.npy
103,pmfs_15_17,14,2026106663,pmfs_15_17/rep_15_seed_2026106663,7fb00b61e270e5555533b3d11f74f2a5462adda475b57757f0f2e11a742683e3,/home/zyc/cess_d1r_168x16_reference_20260925/pmfs_15_17/rep_15_seed_2026106663/spatial/concentration.npy,/home/zyc/cess_d1r_168x16_reference_20260925/pmfs_15_17/rep_15_seed_2026106663/spatial/concentration.npy
103,pmfs_15_17,15,2026106664,pmfs_15_17/rep_16_seed_2026106664,dec6dbb87ba94179f4c684f9506a0e7c561556b2236ccb2405160f9b78623ddd,/home/zyc/cess_d1r_168x16_reference_20260925/pmfs_15_17/rep_16_seed_2026106664/spatial/concentration.npy,/home/zyc/cess_d1r_168x16_reference_20260925/pmfs_15_17/rep_16_seed_2026106664/spatial/concentration.npy
104,pmfs_15_18,0,2026106665,pmfs_15_18/rep_01_seed_2026106665,3a09607eb1901fcdf3a48b4b175b996428411b96102c3346f716f6d3f3cb22f4,/home/zyc/cess_d1r_168x16_reference_20260925/pmfs_15_18/rep_01_seed_2026106665/spatial/concentration.npy,/home/zyc/cess_d1r_168x16_reference_20260925/pmfs_15_18/rep_01_seed_2026106665/spatial/concentration.npy
104,pmfs_15_18,1,2026106666,pmfs_15_18/rep_02_seed_2026106666,14ff9c8837b84fdf852d673ebdb870bca6c14657537bd2ff81db5ba1c07d5712,/home/zyc/cess_d1r_168x16_reference_20260925/pmfs_15_18/rep_02_seed_2026106666/spatial/concentration.npy,/home/zyc/cess_d1r_168x16_reference_20260925/pmfs_15_18/rep_02_seed_2026106666/spatial/concentration.npy
104,pmfs_15_18,2,2026106667,pmfs_15_18/rep_03_seed_2026106667,58155a11746292091d95f55fceb3bcb9a4956f9102f4edfa7b7324fd3b5e1b66,/home/zyc/cess_d1r_168x16_reference_20260925/pmfs_15_18/rep_03_seed_2026106667/spatial/concentration.npy,/home/zyc/cess_d1r_168x16_reference_20260925/pmfs_15_18/rep_03_seed_2026106667/spatial/concentration.npy
104,pmfs_15_18,3,2026106668,pmfs_15_18/rep_04_seed_2026106668,ad4107adbf640320f37cff611f3075c9b7bc02a31fabdbc0f11bfbeaec3365a6,/home/zyc/cess_d1r_168x16_reference_20260925/pmfs_15_18/rep_04_seed_2026106668/spatial/concentration.npy,/home/zyc/cess_d1r_168x16_reference_20260925/pmfs_15_18/rep_04_seed_2026106668/spatial/concentration.npy
104,pmfs_15_18,4,2026106669,pmfs_15_18/rep_05_seed_2026106669,5f6ab4e47e52f81d67ba983a07d917ecf7f0b6a5efd46bdeec4709a08c67867a,/home/zyc/cess_d1r_168x16_reference_20260925/pmfs_15_18/rep_05_seed_2026106669/spatial/concentration.npy,/home/zyc/cess_d1r_168x16_reference_20260925/pmfs_15_18/rep_05_seed_2026106669/spatial/concentration.npy
104,pmfs_15_18,5,2026106670,pmfs_15_18/rep_06_seed_2026106670,2977a4345629356222d127205ffb53e3f1845027a92c3102f86ca78462401ffe,/home/zyc/cess_d1r_168x16_reference_20260925/pmfs_15_18/rep_06_seed_2026106670/spatial/concentration.npy,/home/zyc/cess_d1r_168x16_reference_20260925/pmfs_15_18/rep_06_seed_2026106670/spatial/concentration.npy
104,pmfs_15_18,6,2026106671,pmfs_15_18/rep_07_seed_2026106671,1edc36800de86afae2645bf7f95f39a46730fce4c977a870b93aa6c424b1b21e,/home/zyc/cess_d1r_168x16_reference_20260925/pmfs_15_18/rep_07_seed_2026106671/spatial/concentration.npy,/home/zyc/cess_d1r_168x16_reference_20260925/pmfs_15_18/rep_07_seed_2026106671/spatial/concentration.npy
104,pmfs_15_18,7,2026106672,pmfs_15_18/rep_08_seed_2026106672,80831f9091f5bd7b5ead9b4840c9bbd096fa948f0727e94c54789c9c4e2bae92,/home/zyc/cess_d1r_168x16_reference_20260925/pmfs_15_18/rep_08_seed_2026106672/spatial/concentration.npy,/home/zyc/cess_d1r_168x16_reference_20260925/pmfs_15_18/rep_08_seed_2026106672/spatial/concentration.npy
104,pmfs_15_18,8,2026106673,pmfs_15_18/rep_09_seed_2026106673,d1f9fd664f36ae61ea0ca6fc597b49e737970824d458ab109a8bb5770b2d5ee7,/home/zyc/cess_d1r_168x16_reference_20260925/pmfs_15_18/rep_09_seed_2026106673/spatial/concentration.npy,/home/zyc/cess_d1r_168x16_reference_20260925/pmfs_15_18/rep_09_seed_2026106673/spatial/concentration.npy
104,pmfs_15_18,9,2026106674,pmfs_15_18/rep_10_seed_2026106674,7a36c86e4e7e6226a4a7732c414ffeb241a443f5c74836e0c8712d8885613d06,/home/zyc/cess_d1r_168x16_reference_20260925/pmfs_15_18/rep_10_seed_2026106674/spatial/concentration.npy,/home/zyc/cess_d1r_168x16_reference_20260925/pmfs_15_18/rep_10_seed_2026106674/spatial/concentration.npy
104,pmfs_15_18,10,2026106675,pmfs_15_18/rep_11_seed_2026106675,b581d570304d6ff1d7c3903613a38624990efd4cb62ef9cba61b3ff3e077d377,/home/zyc/cess_d1r_168x16_reference_20260925/pmfs_15_18/rep_11_seed_2026106675/spatial/concentration.npy,/home/zyc/cess_d1r_168x16_reference_20260925/pmfs_15_18/rep_11_seed_2026106675/spatial/concentration.npy
104,pmfs_15_18,11,2026106676,pmfs_15_18/rep_12_seed_2026106676,717832089395f97e58e5f20d30d9ae09d6baa49c915ed5c3150b935e216c94d8,/home/zyc/cess_d1r_168x16_reference_20260925/pmfs_15_18/rep_12_seed_2026106676/spatial/concentration.npy,/home/zyc/cess_d1r_168x16_reference_20260925/pmfs_15_18/rep_12_seed_2026106676/spatial/concentration.npy
104,pmfs_15_18,12,2026106677,pmfs_15_18/rep_13_seed_2026106677,1e1775e02512ca1658068ce7ec6181adfeb20a0235afd5bb88ebdc41f183893f,/home/zyc/cess_d1r_168x16_reference_20260925/pmfs_15_18/rep_13_seed_2026106677/spatial/concentration.npy,/home/zyc/cess_d1r_168x16_reference_20260925/pmfs_15_18/rep_13_seed_2026106677/spatial/concentration.npy
104,pmfs_15_18,13,2026106678,pmfs_15_18/rep_14_seed_2026106678,cf46ac12a186cbffa600ac37b01e2500df6d17e396fb0adca4883beb8f068dc6,/home/zyc/cess_d1r_168x16_reference_20260925/pmfs_15_18/rep_14_seed_2026106678/spatial/concentration.npy,/home/zyc/cess_d1r_168x16_reference_20260925/pmfs_15_18/rep_14_seed_2026106678/spatial/concentration.npy
104,pmfs_15_18,14,2026106679,pmfs_15_18/rep_15_seed_2026106679,6c06a0398033431c7d374ae3b0ad59d619165146787499519a225244b538d9c0,/home/zyc/cess_d1r_168x16_reference_20260925/pmfs_15_18/rep_15_seed_2026106679/spatial/concentration.npy,/home/zyc/cess_d1r_168x16_reference_20260925/pmfs_15_18/rep_15_seed_2026106679/spatial/concentration.npy
104,pmfs_15_18,15,2026106680,pmfs_15_18/rep_16_seed_2026106680,6d8cb02d7ec9d9a2c5f1e17747c584778a37159706580a15b31f769fe5010edf,/home/zyc/cess_d1r_168x16_reference_20260925/pmfs_15_18/rep_16_seed_2026106680/spatial/concentration.npy,/home/zyc/cess_d1r_168x16_reference_20260925/pmfs_15_18/rep_16_seed_2026106680/spatial/concentration.npy
105,pmfs_16_12,0,2026106681,pmfs_16_12/rep_01_seed_2026106681,2e61e7334b91acba356f925c01f134b3baf012d2ed0a444d01f4d32144caeba4,/home/zyc/cess_d1r_168x16_reference_20260925/pmfs_16_12/rep_01_seed_2026106681/spatial/concentration.npy,/home/zyc/cess_d1r_168x16_reference_20260925/pmfs_16_12/rep_01_seed_2026106681/spatial/concentration.npy
105,pmfs_16_12,1,2026106682,pmfs_16_12/rep_02_seed_2026106682,dc137c4d5fc923429adb7655a03d1c8d55219b2b13f14b16081c5e5fb9ac7d3d,/home/zyc/cess_d1r_168x16_reference_20260925/pmfs_16_12/rep_02_seed_2026106682/spatial/concentration.npy,/home/zyc/cess_d1r_168x16_reference_20260925/pmfs_16_12/rep_02_seed_2026106682/spatial/concentration.npy
105,pmfs_16_12,2,2026106683,pmfs_16_12/rep_03_seed_2026106683,a5ff84f0b5afea3285cf3d9a4d1c34730a8fafb088a154d349c7a490a7db8941,/home/zyc/cess_d1r_168x16_reference_20260925/pmfs_16_12/rep_03_seed_2026106683/spatial/concentration.npy,/home/zyc/cess_d1r_168x16_reference_20260925/pmfs_16_12/rep_03_seed_2026106683/spatial/concentration.npy
105,pmfs_16_12,3,2026106684,pmfs_16_12/rep_04_seed_2026106684,5b9a25b6048517f7e95e37b4c98f2cc79f54962c7427d6400e24abdb6f8b0cc4,/home/zyc/cess_d1r_168x16_reference_20260925/pmfs_16_12/rep_04_seed_2026106684/spatial/concentration.npy,/home/zyc/cess_d1r_168x16_reference_20260925/pmfs_16_12/rep_04_seed_2026106684/spatial/concentration.npy
105,pmfs_16_12,4,2026106685,pmfs_16_12/rep_05_seed_2026106685,be89fed83690cf57f307ab2dd907a55c9f08d8e3bf8b8672ed0ad594bfde5390,/home/zyc/cess_d1r_168x16_reference_20260925/pmfs_16_12/rep_05_seed_2026106685/spatial/concentration.npy,/home/zyc/cess_d1r_168x16_reference_20260925/pmfs_16_12/rep_05_seed_2026106685/spatial/concentration.npy
105,pmfs_16_12,5,2026106686,pmfs_16_12/rep_06_seed_2026106686,cdb6d97f0e14da6fe6951127edb859ddc63c27d8d1e46e91f107ef95bae02e98,/home/zyc/cess_d1r_168x16_reference_20260925/pmfs_16_12/rep_06_seed_2026106686/spatial/concentration.npy,/home/zyc/cess_d1r_168x16_reference_20260925/pmfs_16_12/rep_06_seed_2026106686/spatial/concentration.npy
105,pmfs_16_12,6,2026106687,pmfs_16_12/rep_07_seed_2026106687,4c72a2f2c9c9a9717fa3b65def7b5d97c4e4d17758d4da17f29229b5f3f8c8c3,/home/zyc/cess_d1r_168x16_reference_20260925/pmfs_16_12/rep_07_seed_2026106687/spatial/concentration.npy,/home/zyc/cess_d1r_168x16_reference_20260925/pmfs_16_12/rep_07_seed_2026106687/spatial/concentration.npy
105,pmfs_16_12,7,2026106688,pmfs_16_12/rep_08_seed_2026106688,a9f22a2666ad78831a1c84fc43d8c0bdd61f737a936aac75a2336eed24decba2,/home/zyc/cess_d1r_168x16_reference_20260925/pmfs_16_12/rep_08_seed_2026106688/spatial/concentration.npy,/home/zyc/cess_d1r_168x16_reference_20260925/pmfs_16_12/rep_08_seed_2026106688/spatial/concentration.npy
105,pmfs_16_12,8,2026106689,pmfs_16_12/rep_09_seed_2026106689,bbc1bb5aee6756e5d0454706f617bcf6ee2ae547ae2ab925b0d4110dcd54fb50,/home/zyc/cess_d1r_168x16_reference_20260925/pmfs_16_12/rep_09_seed_2026106689/spatial/concentration.npy,/home/zyc/cess_d1r_168x16_reference_20260925/pmfs_16_12/rep_09_seed_2026106689/spatial/concentration.npy
105,pmfs_16_12,9,2026106690,pmfs_16_12/rep_10_seed_2026106690,45292e49fd91b57e7b2da8223de3c7c7d4ce8f4a49bbaa21e4b20f53e89f28a9,/home/zyc/cess_d1r_168x16_reference_20260925/pmfs_16_12/rep_10_seed_2026106690/spatial/concentration.npy,/home/zyc/cess_d1r_168x16_reference_20260925/pmfs_16_12/rep_10_seed_2026106690/spatial/concentration.npy
105,pmfs_16_12,10,2026106691,pmfs_16_12/rep_11_seed_2026106691,762defbfe07203706a358e8cae7a5684227993eecebe106b757c8dab9f65c888,/home/zyc/cess_d1r_168x16_reference_20260925/pmfs_16_12/rep_11_seed_2026106691/spatial/concentration.npy,/home/zyc/cess_d1r_168x16_reference_20260925/pmfs_16_12/rep_11_seed_2026106691/spatial/concentration.npy
105,pmfs_16_12,11,2026106692,pmfs_16_12/rep_12_seed_2026106692,85198963ef37a467f13f7f508633196d340fd69b95691b0a6d496be4e4abb5c6,/home/zyc/cess_d1r_168x16_reference_20260925/pmfs_16_12/rep_12_seed_2026106692/spatial/concentration.npy,/home/zyc/cess_d1r_168x16_reference_20260925/pmfs_16_12/rep_12_seed_2026106692/spatial/concentration.npy
105,pmfs_16_12,12,2026106693,pmfs_16_12/rep_13_seed_2026106693,6a03615a4843815ece1b04f8251f844a426439cc27a91e61487a1d55e03dadb0,/home/zyc/cess_d1r_168x16_reference_20260925/pmfs_16_12/rep_13_seed_2026106693/spatial/concentration.npy,/home/zyc/cess_d1r_168x16_reference_20260925/pmfs_16_12/rep_13_seed_2026106693/spatial/concentration.npy
105,pmfs_16_12,13,2026106694,pmfs_16_12/rep_14_seed_2026106694,84048d5d6204f4eeac9fdc6f5a4f32c262853b1f9510774f43049f84f93ffb0c,/home/zyc/cess_d1r_168x16_reference_20260925/pmfs_16_12/rep_14_seed_2026106694/spatial/concentration.npy,/home/zyc/cess_d1r_168x16_reference_20260925/pmfs_16_12/rep_14_seed_2026106694/spatial/concentration.npy
105,pmfs_16_12,14,2026106695,pmfs_16_12/rep_15_seed_2026106695,ed942ad4894be991944cfdb0216212622c0589cfa00a2c64a60ee7fafae0d55a,/home/zyc/cess_d1r_168x16_reference_20260925/pmfs_16_12/rep_15_seed_2026106695/spatial/concentration.npy,/home/zyc/cess_d1r_168x16_reference_20260925/pmfs_16_12/rep_15_seed_2026106695/spatial/concentration.npy
105,pmfs_16_12,15,2026106696,pmfs_16_12/rep_16_seed_2026106696,dff9f6601c0331e6f384f313e6bdbc9e288f6c71e815038c7ac68aa60c5dffce,/home/zyc/cess_d1r_168x16_reference_20260925/pmfs_16_12/rep_16_seed_2026106696/spatial/concentration.npy,/home/zyc/cess_d1r_168x16_reference_20260925/pmfs_16_12/rep_16_seed_2026106696/spatial/concentration.npy
106,pmfs_16_13,0,2026106697,pmfs_16_13/rep_01_seed_2026106697,6919ba7075e844a1b91e86864a326d9e1580f00fea0f3a7715ba4fd4e6b58cca,/home/zyc/cess_d1r_168x16_reference_20260925/pmfs_16_13/rep_01_seed_2026106697/spatial/concentration.npy,/home/zyc/cess_d1r_168x16_reference_20260925/pmfs_16_13/rep_01_seed_2026106697/spatial/concentration.npy
106,pmfs_16_13,1,2026106698,pmfs_16_13/rep_02_seed_2026106698,e3534240dfe3e12dfa6206787532aa9b7eb85a0c62b2bd860b1f0389178a4705,/home/zyc/cess_d1r_168x16_reference_20260925/pmfs_16_13/rep_02_seed_2026106698/spatial/concentration.npy,/home/zyc/cess_d1r_168x16_reference_20260925/pmfs_16_13/rep_02_seed_2026106698/spatial/concentration.npy
106,pmfs_16_13,2,2026106699,pmfs_16_13/rep_03_seed_2026106699,0f56556639037ba22bab10858a180fa1308e0d52b5928b5ee14f6e2c41d1fbdc,/home/zyc/cess_d1r_168x16_reference_20260925/pmfs_16_13/rep_03_seed_2026106699/spatial/concentration.npy,/home/zyc/cess_d1r_168x16_reference_20260925/pmfs_16_13/rep_03_seed_2026106699/spatial/concentration.npy
106,pmfs_16_13,3,2026106700,pmfs_16_13/rep_04_seed_2026106700,263a4978fd9e4deab972bb379482003985710d350fb5b43a37d859ee1e9661cf,/home/zyc/cess_d1r_168x16_reference_20260925/pmfs_16_13/rep_04_seed_2026106700/spatial/concentration.npy,/home/zyc/cess_d1r_168x16_reference_20260925/pmfs_16_13/rep_04_seed_2026106700/spatial/concentration.npy
106,pmfs_16_13,4,2026106701,pmfs_16_13/rep_05_seed_2026106701,91135368482bb74318a350b5be35276915eba6ebe2982acc24ca8b064d11ef61,/home/zyc/cess_d1r_168x16_reference_20260925/pmfs_16_13/rep_05_seed_2026106701/spatial/concentration.npy,/home/zyc/cess_d1r_168x16_reference_20260925/pmfs_16_13/rep_05_seed_2026106701/spatial/concentration.npy
106,pmfs_16_13,5,2026106702,pmfs_16_13/rep_06_seed_2026106702,1a69bdc80a5421654a59211610fa8d27c35ef9b95a7e38bae9e4ffeabf4d0e28,/home/zyc/cess_d1r_168x16_reference_20260925/pmfs_16_13/rep_06_seed_2026106702/spatial/concentration.npy,/home/zyc/cess_d1r_168x16_reference_20260925/pmfs_16_13/rep_06_seed_2026106702/spatial/concentration.npy
106,pmfs_16_13,6,2026106703,pmfs_16_13/rep_07_seed_2026106703,afd112d5d196fb4cb74244ced0e5c9fba74d8815022a0df761476272593eddc5,/home/zyc/cess_d1r_168x16_reference_20260925/pmfs_16_13/rep_07_seed_2026106703/spatial/concentration.npy,/home/zyc/cess_d1r_168x16_reference_20260925/pmfs_16_13/rep_07_seed_2026106703/spatial/concentration.npy
106,pmfs_16_13,7,2026106704,pmfs_16_13/rep_08_seed_2026106704,8dbb4a4ad3f13abead956c84435904f388cc362d200da9735da9f4567c48efe1,/home/zyc/cess_d1r_168x16_reference_20260925/pmfs_16_13/rep_08_seed_2026106704/spatial/concentration.npy,/home/zyc/cess_d1r_168x16_reference_20260925/pmfs_16_13/rep_08_seed_2026106704/spatial/concentration.npy
106,pmfs_16_13,8,2026106705,pmfs_16_13/rep_09_seed_2026106705,601b6ae64c212b302f4db3ee4a673731e4be21746194336e9129e833f2ffaa5e,/home/zyc/cess_d1r_168x16_reference_20260925/pmfs_16_13/rep_09_seed_2026106705/spatial/concentration.npy,/home/zyc/cess_d1r_168x16_reference_20260925/pmfs_16_13/rep_09_seed_2026106705/spatial/concentration.npy
106,pmfs_16_13,9,2026106706,pmfs_16_13/rep_10_seed_2026106706,29e0e6d73c052f7faed027cd88e3d6a15fb1a3db67dce3646bc194de42bdfd99,/home/zyc/cess_d1r_168x16_reference_20260925/pmfs_16_13/rep_10_seed_2026106706/spatial/concentration.npy,/home/zyc/cess_d1r_168x16_reference_20260925/pmfs_16_13/rep_10_seed_2026106706/spatial/concentration.npy
106,pmfs_16_13,10,2026106707,pmfs_16_13/rep_11_seed_2026106707,53a4b0363cf4fd4312063081d830e022ead56cb4980c40fc1ea58b93e49178ae,/home/zyc/cess_d1r_168x16_reference_20260925/pmfs_16_13/rep_11_seed_2026106707/spatial/concentration.npy,/home/zyc/cess_d1r_168x16_reference_20260925/pmfs_16_13/rep_11_seed_2026106707/spatial/concentration.npy
106,pmfs_16_13,11,2026106708,pmfs_16_13/rep_12_seed_2026106708,03571c39311616527c5651ba65e64020cfe5508f7a83b75a98992f8878af4cd6,/home/zyc/cess_d1r_168x16_reference_20260925/pmfs_16_13/rep_12_seed_2026106708/spatial/concentration.npy,/home/zyc/cess_d1r_168x16_reference_20260925/pmfs_16_13/rep_12_seed_2026106708/spatial/concentration.npy
106,pmfs_16_13,12,2026106709,pmfs_16_13/rep_13_seed_2026106709,fe263277d5a839c581b8de7d95cf95941806fec9dd090d5dffd2d68e24aabe61,/home/zyc/cess_d1r_168x16_reference_20260925/pmfs_16_13/rep_13_seed_2026106709/spatial/concentration.npy,/home/zyc/cess_d1r_168x16_reference_20260925/pmfs_16_13/rep_13_seed_2026106709/spatial/concentration.npy
106,pmfs_16_13,13,2026106710,pmfs_16_13/rep_14_seed_2026106710,0ea39f3589f0e3a5798ef636f4116fa575e50d173da64d82719538b30c413308,/home/zyc/cess_d1r_168x16_reference_20260925/pmfs_16_13/rep_14_seed_2026106710/spatial/concentration.npy,/home/zyc/cess_d1r_168x16_reference_20260925/pmfs_16_13/rep_14_seed_2026106710/spatial/concentration.npy
106,pmfs_16_13,14,2026106711,pmfs_16_13/rep_15_seed_2026106711,48474773434461acf14d9ac7545176bd7a2d9796150246b58d3015c2254b50c6,/home/zyc/cess_d1r_168x16_reference_20260925/pmfs_16_13/rep_15_seed_2026106711/spatial/concentration.npy,/home/zyc/cess_d1r_168x16_reference_20260925/pmfs_16_13/rep_15_seed_2026106711/spatial/concentration.npy
106,pmfs_16_13,15,2026106712,pmfs_16_13/rep_16_seed_2026106712,587c31cd91a867c1e5ceb80ca62dee882e197b5ecb0634275598ddabc5cb09c0,/home/zyc/cess_d1r_168x16_reference_20260925/pmfs_16_13/rep_16_seed_2026106712/spatial/concentration.npy,/home/zyc/cess_d1r_168x16_reference_20260925/pmfs_16_13/rep_16_seed_2026106712/spatial/concentration.npy
107,pmfs_16_14,0,2026106713,pmfs_16_14/rep_01_seed_2026106713,fd123e648240b2f788cccdfb201df669f9e925325ff102d1e95a88483a7a86b5,/home/zyc/cess_d1r_168x16_reference_20260925/pmfs_16_14/rep_01_seed_2026106713/spatial/concentration.npy,/home/zyc/cess_d1r_168x16_reference_20260925/pmfs_16_14/rep_01_seed_2026106713/spatial/concentration.npy
107,pmfs_16_14,1,2026106714,pmfs_16_14/rep_02_seed_2026106714,1b8649ac5a664c33a25510d2be1a75c5b418fd15ad6c28b6ba9eb301cf2b8d77,/home/zyc/cess_d1r_168x16_reference_20260925/pmfs_16_14/rep_02_seed_2026106714/spatial/concentration.npy,/home/zyc/cess_d1r_168x16_reference_20260925/pmfs_16_14/rep_02_seed_2026106714/spatial/concentration.npy
107,pmfs_16_14,2,2026106715,pmfs_16_14/rep_03_seed_2026106715,e61afece4594358ae66388761a60643e85498afbe3f0502718890996123d1566,/home/zyc/cess_d1r_168x16_reference_20260925/pmfs_16_14/rep_03_seed_2026106715/spatial/concentration.npy,/home/zyc/cess_d1r_168x16_reference_20260925/pmfs_16_14/rep_03_seed_2026106715/spatial/concentration.npy
107,pmfs_16_14,3,2026106716,pmfs_16_14/rep_04_seed_2026106716,d4dd179f459342998bc57984c4525184c82f2e6320f79bc47cd7f7fe18af323f,/home/zyc/cess_d1r_168x16_reference_20260925/pmfs_16_14/rep_04_seed_2026106716/spatial/concentration.npy,/home/zyc/cess_d1r_168x16_reference_20260925/pmfs_16_14/rep_04_seed_2026106716/spatial/concentration.npy
107,pmfs_16_14,4,2026106717,pmfs_16_14/rep_05_seed_2026106717,9e7d53fac3f225ba7f8601bd30c8551a9c85f3bdd232cd472d9687be42bc54ed,/home/zyc/cess_d1r_168x16_reference_20260925/pmfs_16_14/rep_05_seed_2026106717/spatial/concentration.npy,/home/zyc/cess_d1r_168x16_reference_20260925/pmfs_16_14/rep_05_seed_2026106717/spatial/concentration.npy
107,pmfs_16_14,5,2026106718,pmfs_16_14/rep_06_seed_2026106718,36b4cf839100189f80e084cd3bd4391c947f9bccfa05f89dea502f1e78d7ddd7,/home/zyc/cess_d1r_168x16_reference_20260925/pmfs_16_14/rep_06_seed_2026106718/spatial/concentration.npy,/home/zyc/cess_d1r_168x16_reference_20260925/pmfs_16_14/rep_06_seed_2026106718/spatial/concentration.npy
107,pmfs_16_14,6,2026106719,pmfs_16_14/rep_07_seed_2026106719,65cbbf0a38b76b1b6e011bbf5afda585bf43bcb3e46f1f46a4db1cebb6a3d283,/home/zyc/cess_d1r_168x16_reference_20260925/pmfs_16_14/rep_07_seed_2026106719/spatial/concentration.npy,/home/zyc/cess_d1r_168x16_reference_20260925/pmfs_16_14/rep_07_seed_2026106719/spatial/concentration.npy
107,pmfs_16_14,7,2026106720,pmfs_16_14/rep_08_seed_2026106720,348a9a1a0e910604fd7c6b61c4a1e5bac430710a433ba40221499d9335898a58,/home/zyc/cess_d1r_168x16_reference_20260925/pmfs_16_14/rep_08_seed_2026106720/spatial/concentration.npy,/home/zyc/cess_d1r_168x16_reference_20260925/pmfs_16_14/rep_08_seed_2026106720/spatial/concentration.npy
107,pmfs_16_14,8,2026106721,pmfs_16_14/rep_09_seed_2026106721,92ebf0927bfa1e193a0eb66a7fcc6ef7fb22f78696f1529ed3d7f546c319fdc2,/home/zyc/cess_d1r_168x16_reference_20260925/pmfs_16_14/rep_09_seed_2026106721/spatial/concentration.npy,/home/zyc/cess_d1r_168x16_reference_20260925/pmfs_16_14/rep_09_seed_2026106721/spatial/concentration.npy
107,pmfs_16_14,9,2026106722,pmfs_16_14/rep_10_seed_2026106722,1a6465864d19f99cab4bbe87be7b5fe23005f0b75d5e0c524055d0763c2c5714,/home/zyc/cess_d1r_168x16_reference_20260925/pmfs_16_14/rep_10_seed_2026106722/spatial/concentration.npy,/home/zyc/cess_d1r_168x16_reference_20260925/pmfs_16_14/rep_10_seed_2026106722/spatial/concentration.npy
107,pmfs_16_14,10,2026106723,pmfs_16_14/rep_11_seed_2026106723,f88e44ad102acf7de8f52da2a71ccb7f143ad55fe51a6ed3fd1843d485c5040b,/home/zyc/cess_d1r_168x16_reference_20260925/pmfs_16_14/rep_11_seed_2026106723/spatial/concentration.npy,/home/zyc/cess_d1r_168x16_reference_20260925/pmfs_16_14/rep_11_seed_2026106723/spatial/concentration.npy
107,pmfs_16_14,11,2026106724,pmfs_16_14/rep_12_seed_2026106724,3ebc630dc5b68a4e028bb58d870fea308de516cf36fa601756e285984bf25d82,/home/zyc/cess_d1r_168x16_reference_20260925/pmfs_16_14/rep_12_seed_2026106724/spatial/concentration.npy,/home/zyc/cess_d1r_168x16_reference_20260925/pmfs_16_14/rep_12_seed_2026106724/spatial/concentration.npy
107,pmfs_16_14,12,2026106725,pmfs_16_14/rep_13_seed_2026106725,26254dc4f3acf3a14ddabd9c17e7102b908d12aed658a4a6678f8609e9d0ecab,/home/zyc/cess_d1r_168x16_reference_20260925/pmfs_16_14/rep_13_seed_2026106725/spatial/concentration.npy,/home/zyc/cess_d1r_168x16_reference_20260925/pmfs_16_14/rep_13_seed_2026106725/spatial/concentration.npy
107,pmfs_16_14,13,2026106726,pmfs_16_14/rep_14_seed_2026106726,c69521912151e023e2a9afacef08f464c922031d684af0d840c25e7e3c1283a0,/home/zyc/cess_d1r_168x16_reference_20260925/pmfs_16_14/rep_14_seed_2026106726/spatial/concentration.npy,/home/zyc/cess_d1r_168x16_reference_20260925/pmfs_16_14/rep_14_seed_2026106726/spatial/concentration.npy
107,pmfs_16_14,14,2026106727,pmfs_16_14/rep_15_seed_2026106727,e43cb3a65dca9c1a102ad51f64e101a41939d5a05c9cbb9352d0b218aaae3a22,/home/zyc/cess_d1r_168x16_reference_20260925/pmfs_16_14/rep_15_seed_2026106727/spatial/concentration.npy,/home/zyc/cess_d1r_168x16_reference_20260925/pmfs_16_14/rep_15_seed_2026106727/spatial/concentration.npy
107,pmfs_16_14,15,2026106728,pmfs_16_14/rep_16_seed_2026106728,a07dc8c88465f35e36c2d9f0d8a18a1ce251278dc5b21373336f535c2c835a5c,/home/zyc/cess_d1r_168x16_reference_20260925/pmfs_16_14/rep_16_seed_2026106728/spatial/concentration.npy,/home/zyc/cess_d1r_168x16_reference_20260925/pmfs_16_14/rep_16_seed_2026106728/spatial/concentration.npy
108,pmfs_16_15,0,2026106729,pmfs_16_15/rep_01_seed_2026106729,8195a082cc35957dfb9d3cc13c7aab4d562a1416ab699079da434f56ad096b3b,/home/zyc/cess_d1r_168x16_reference_20260925/pmfs_16_15/rep_01_seed_2026106729/spatial/concentration.npy,/home/zyc/cess_d1r_168x16_reference_20260925/pmfs_16_15/rep_01_seed_2026106729/spatial/concentration.npy
108,pmfs_16_15,1,2026106730,pmfs_16_15/rep_02_seed_2026106730,7a9ea4b10467fb84f053a72a08f8a3afb04409a15d9efa37ded2fede473dbac4,/home/zyc/cess_d1r_168x16_reference_20260925/pmfs_16_15/rep_02_seed_2026106730/spatial/concentration.npy,/home/zyc/cess_d1r_168x16_reference_20260925/pmfs_16_15/rep_02_seed_2026106730/spatial/concentration.npy
108,pmfs_16_15,2,2026106731,pmfs_16_15/rep_03_seed_2026106731,f51074ab52c36b293036039a5b57590d483da376b5d008e7488b288b2c6ddfda,/home/zyc/cess_d1r_168x16_reference_20260925/pmfs_16_15/rep_03_seed_2026106731/spatial/concentration.npy,/home/zyc/cess_d1r_168x16_reference_20260925/pmfs_16_15/rep_03_seed_2026106731/spatial/concentration.npy
108,pmfs_16_15,3,2026106732,pmfs_16_15/rep_04_seed_2026106732,2ef13c090c9af4916a42c57c2d5f57fad748776a04f5fa99279f665e86cc44a4,/home/zyc/cess_d1r_168x16_reference_20260925/pmfs_16_15/rep_04_seed_2026106732/spatial/concentration.npy,/home/zyc/cess_d1r_168x16_reference_20260925/pmfs_16_15/rep_04_seed_2026106732/spatial/concentration.npy
108,pmfs_16_15,4,2026106733,pmfs_16_15/rep_05_seed_2026106733,eb4bbec289df154336b1ee1aa0768f2afdafe28e1c5cba263237f93994f1cddc,/home/zyc/cess_d1r_168x16_reference_20260925/pmfs_16_15/rep_05_seed_2026106733/spatial/concentration.npy,/home/zyc/cess_d1r_168x16_reference_20260925/pmfs_16_15/rep_05_seed_2026106733/spatial/concentration.npy
108,pmfs_16_15,5,2026106734,pmfs_16_15/rep_06_seed_2026106734,110f4d2455cb2919044cb7a36578ca43649a6a7bf499077993f6293a8d76a023,/home/zyc/cess_d1r_168x16_reference_20260925/pmfs_16_15/rep_06_seed_2026106734/spatial/concentration.npy,/home/zyc/cess_d1r_168x16_reference_20260925/pmfs_16_15/rep_06_seed_2026106734/spatial/concentration.npy
108,pmfs_16_15,6,2026106735,pmfs_16_15/rep_07_seed_2026106735,042d2e19fd325d9991c4783dbaebb70b96cdf38dea8ae01e07c485eeb367c78c,/home/zyc/cess_d1r_168x16_reference_20260925/pmfs_16_15/rep_07_seed_2026106735/spatial/concentration.npy,/home/zyc/cess_d1r_168x16_reference_20260925/pmfs_16_15/rep_07_seed_2026106735/spatial/concentration.npy
108,pmfs_16_15,7,2026106736,pmfs_16_15/rep_08_seed_2026106736,f7a7bb51158f9d85f0e3a29865e93f8054bb0613436d74c2e9efb149dd936360,/home/zyc/cess_d1r_168x16_reference_20260925/pmfs_16_15/rep_08_seed_2026106736/spatial/concentration.npy,/home/zyc/cess_d1r_168x16_reference_20260925/pmfs_16_15/rep_08_seed_2026106736/spatial/concentration.npy
108,pmfs_16_15,8,2026106737,pmfs_16_15/rep_09_seed_2026106737,286574991e975e46e9fc14d16297266d556feb9167dc87f64f796d4abe896631,/home/zyc/cess_d1r_168x16_reference_20260925/pmfs_16_15/rep_09_seed_2026106737/spatial/concentration.npy,/home/zyc/cess_d1r_168x16_reference_20260925/pmfs_16_15/rep_09_seed_2026106737/spatial/concentration.npy
108,pmfs_16_15,9,2026106738,pmfs_16_15/rep_10_seed_2026106738,c3df403a4a52f80481bdc81f1a4d548614c753526213075aecc592156d95a285,/home/zyc/cess_d1r_168x16_reference_20260925/pmfs_16_15/rep_10_seed_2026106738/spatial/concentration.npy,/home/zyc/cess_d1r_168x16_reference_20260925/pmfs_16_15/rep_10_seed_2026106738/spatial/concentration.npy
108,pmfs_16_15,10,2026106739,pmfs_16_15/rep_11_seed_2026106739,f6bdbe7337283736fb21f6f2a3ed452f0eea667bae3af0f92ef949bfe02a0d59,/home/zyc/cess_d1r_168x16_reference_20260925/pmfs_16_15/rep_11_seed_2026106739/spatial/concentration.npy,/home/zyc/cess_d1r_168x16_reference_20260925/pmfs_16_15/rep_11_seed_2026106739/spatial/concentration.npy
108,pmfs_16_15,11,2026106740,pmfs_16_15/rep_12_seed_2026106740,0b3d65f412b7dbf4c1da8b223c5cc55069f9380a12dd300ce1b486900dcd9229,/home/zyc/cess_d1r_168x16_reference_20260925/pmfs_16_15/rep_12_seed_2026106740/spatial/concentration.npy,/home/zyc/cess_d1r_168x16_reference_20260925/pmfs_16_15/rep_12_seed_2026106740/spatial/concentration.npy
108,pmfs_16_15,12,2026106741,pmfs_16_15/rep_13_seed_2026106741,47e3bca0f43bd78baec9a9da706aac98ddda541ea743b5db0e0c2637d37c0237,/home/zyc/cess_d1r_168x16_reference_20260925/pmfs_16_15/rep_13_seed_2026106741/spatial/concentration.npy,/home/zyc/cess_d1r_168x16_reference_20260925/pmfs_16_15/rep_13_seed_2026106741/spatial/concentration.npy
108,pmfs_16_15,13,2026106742,pmfs_16_15/rep_14_seed_2026106742,b39085617e88b6124637b744b045c6dd3075a946a35030a8abbd1d10611bd66a,/home/zyc/cess_d1r_168x16_reference_20260925/pmfs_16_15/rep_14_seed_2026106742/spatial/concentration.npy,/home/zyc/cess_d1r_168x16_reference_20260925/pmfs_16_15/rep_14_seed_2026106742/spatial/concentration.npy
108,pmfs_16_15,14,2026106743,pmfs_16_15/rep_15_seed_2026106743,f0b93b52afb86eb5dd318a245eff4f26e533e696e9b4a1e10bbdfa76f3bbac96,/home/zyc/cess_d1r_168x16_reference_20260925/pmfs_16_15/rep_15_seed_2026106743/spatial/concentration.npy,/home/zyc/cess_d1r_168x16_reference_20260925/pmfs_16_15/rep_15_seed_2026106743/spatial/concentration.npy
108,pmfs_16_15,15,2026106744,pmfs_16_15/rep_16_seed_2026106744,6fb131e3f610d961e4a5e0a3da7f53a87420626023b059b9df1b9d8d86c9e6d4,/home/zyc/cess_d1r_168x16_reference_20260925/pmfs_16_15/rep_16_seed_2026106744/spatial/concentration.npy,/home/zyc/cess_d1r_168x16_reference_20260925/pmfs_16_15/rep_16_seed_2026106744/spatial/concentration.npy
109,pmfs_16_16,0,2026106745,pmfs_16_16/rep_01_seed_2026106745,361ac9cc48c8ecf0b3f65a844294c1fa7a4395fc3ec0f6901bce01f6c76c2c98,/home/zyc/cess_d1r_168x16_reference_20260925/pmfs_16_16/rep_01_seed_2026106745/spatial/concentration.npy,/home/zyc/cess_d1r_168x16_reference_20260925/pmfs_16_16/rep_01_seed_2026106745/spatial/concentration.npy
109,pmfs_16_16,1,2026106746,pmfs_16_16/rep_02_seed_2026106746,c7e868921c6d6a1cd1d84b22c4dd2fd12efc5ecc13978a8d546649aea8e62bd2,/home/zyc/cess_d1r_168x16_reference_20260925/pmfs_16_16/rep_02_seed_2026106746/spatial/concentration.npy,/home/zyc/cess_d1r_168x16_reference_20260925/pmfs_16_16/rep_02_seed_2026106746/spatial/concentration.npy
109,pmfs_16_16,2,2026106747,pmfs_16_16/rep_03_seed_2026106747,f3e9c92841071251557b5c75d1fcdd8ca32712848c5d9a5323179b49582e9085,/home/zyc/cess_d1r_168x16_reference_20260925/pmfs_16_16/rep_03_seed_2026106747/spatial/concentration.npy,/home/zyc/cess_d1r_168x16_reference_20260925/pmfs_16_16/rep_03_seed_2026106747/spatial/concentration.npy
109,pmfs_16_16,3,2026106748,pmfs_16_16/rep_04_seed_2026106748,090d730be10b64d7493a2664df4f63ef23a98225b4c305a735c3e08dbf14e975,/home/zyc/cess_d1r_168x16_reference_20260925/pmfs_16_16/rep_04_seed_2026106748/spatial/concentration.npy,/home/zyc/cess_d1r_168x16_reference_20260925/pmfs_16_16/rep_04_seed_2026106748/spatial/concentration.npy
109,pmfs_16_16,4,2026106749,pmfs_16_16/rep_05_seed_2026106749,5dcfb3b4c4c3c0157d3640287a3538d2c37b664dd73ee8fb7ea34653bfcde4f2,/home/zyc/cess_d1r_168x16_reference_20260925/pmfs_16_16/rep_05_seed_2026106749/spatial/concentration.npy,/home/zyc/cess_d1r_168x16_reference_20260925/pmfs_16_16/rep_05_seed_2026106749/spatial/concentration.npy
109,pmfs_16_16,5,2026106750,pmfs_16_16/rep_06_seed_2026106750,0fe24ca278c1dcda06893369cf4fdbd2c83b03b88539bda1ea01eb4b63d5e4c3,/home/zyc/cess_d1r_168x16_reference_20260925/pmfs_16_16/rep_06_seed_2026106750/spatial/concentration.npy,/home/zyc/cess_d1r_168x16_reference_20260925/pmfs_16_16/rep_06_seed_2026106750/spatial/concentration.npy
109,pmfs_16_16,6,2026106751,pmfs_16_16/rep_07_seed_2026106751,3ef15baad00c2aece0f0f9dca6581f1da53b524b82de07d83d895c134dd55549,/home/zyc/cess_d1r_168x16_reference_20260925/pmfs_16_16/rep_07_seed_2026106751/spatial/concentration.npy,/home/zyc/cess_d1r_168x16_reference_20260925/pmfs_16_16/rep_07_seed_2026106751/spatial/concentration.npy
109,pmfs_16_16,7,2026106752,pmfs_16_16/rep_08_seed_2026106752,5cd470e9213ea92af9d1602dc22dc67c54e76d70fc129a74328bf40bd854c2ff,/home/zyc/cess_d1r_168x16_reference_20260925/pmfs_16_16/rep_08_seed_2026106752/spatial/concentration.npy,/home/zyc/cess_d1r_168x16_reference_20260925/pmfs_16_16/rep_08_seed_2026106752/spatial/concentration.npy
109,pmfs_16_16,8,2026106753,pmfs_16_16/rep_09_seed_2026106753,e3cced16c09741ab94fbd8b5b8414644e48a61ce47836b65c2921c4d31feded3,/home/zyc/cess_d1r_168x16_reference_20260925/pmfs_16_16/rep_09_seed_2026106753/spatial/concentration.npy,/home/zyc/cess_d1r_168x16_reference_20260925/pmfs_16_16/rep_09_seed_2026106753/spatial/concentration.npy
109,pmfs_16_16,9,2026106754,pmfs_16_16/rep_10_seed_2026106754,c1a930fa82dd1e00b72b5e2d70ee72d6750da2c282ae889f17aaaabc5bafdd31,/home/zyc/cess_d1r_168x16_reference_20260925/pmfs_16_16/rep_10_seed_2026106754/spatial/concentration.npy,/home/zyc/cess_d1r_168x16_reference_20260925/pmfs_16_16/rep_10_seed_2026106754/spatial/concentration.npy
109,pmfs_16_16,10,2026106755,pmfs_16_16/rep_11_seed_2026106755,cdc689dc5817b894760bdf8cd0cc6ce73bd0531042056405bd59b12a83ec1f20,/home/zyc/cess_d1r_168x16_reference_20260925/pmfs_16_16/rep_11_seed_2026106755/spatial/concentration.npy,/home/zyc/cess_d1r_168x16_reference_20260925/pmfs_16_16/rep_11_seed_2026106755/spatial/concentration.npy
109,pmfs_16_16,11,2026106756,pmfs_16_16/rep_12_seed_2026106756,4ef59b8aa7a633128ea4a0560ad976c589e3471dcb370272375dce2e06b80128,/home/zyc/cess_d1r_168x16_reference_20260925/pmfs_16_16/rep_12_seed_2026106756/spatial/concentration.npy,/home/zyc/cess_d1r_168x16_reference_20260925/pmfs_16_16/rep_12_seed_2026106756/spatial/concentration.npy
109,pmfs_16_16,12,2026106757,pmfs_16_16/rep_13_seed_2026106757,05c8ca6ca465e32293cc85130e1a84a30373e87f33a37ae7d38ac65edad4399e,/home/zyc/cess_d1r_168x16_reference_20260925/pmfs_16_16/rep_13_seed_2026106757/spatial/concentration.npy,/home/zyc/cess_d1r_168x16_reference_20260925/pmfs_16_16/rep_13_seed_2026106757/spatial/concentration.npy
109,pmfs_16_16,13,2026106758,pmfs_16_16/rep_14_seed_2026106758,a2689864ae1ab14044339aa9f18f913759794a557aafba530625e69a16870805,/home/zyc/cess_d1r_168x16_reference_20260925/pmfs_16_16/rep_14_seed_2026106758/spatial/concentration.npy,/home/zyc/cess_d1r_168x16_reference_20260925/pmfs_16_16/rep_14_seed_2026106758/spatial/concentration.npy
109,pmfs_16_16,14,2026106759,pmfs_16_16/rep_15_seed_2026106759,f841a8a216d2474f70ac9446fb8c6c39c8a5627d09100ae3fb903f4af744607b,/home/zyc/cess_d1r_168x16_reference_20260925/pmfs_16_16/rep_15_seed_2026106759/spatial/concentration.npy,/home/zyc/cess_d1r_168x16_reference_20260925/pmfs_16_16/rep_15_seed_2026106759/spatial/concentration.npy
109,pmfs_16_16,15,2026106760,pmfs_16_16/rep_16_seed_2026106760,cc317338c4147f68e079c81808c3d410c8b902c6bf3fc0b8158aaffe0162a686,/home/zyc/cess_d1r_168x16_reference_20260925/pmfs_16_16/rep_16_seed_2026106760/spatial/concentration.npy,/home/zyc/cess_d1r_168x16_reference_20260925/pmfs_16_16/rep_16_seed_2026106760/spatial/concentration.npy
110,pmfs_16_17,0,2026106761,pmfs_16_17/rep_01_seed_2026106761,72b785964158a02da081baa9715ce0ba3c41e07fa1835f1de1c2a30b96e63c84,/home/zyc/cess_d1r_168x16_reference_20260925/pmfs_16_17/rep_01_seed_2026106761/spatial/concentration.npy,/home/zyc/cess_d1r_168x16_reference_20260925/pmfs_16_17/rep_01_seed_2026106761/spatial/concentration.npy
110,pmfs_16_17,1,2026106762,pmfs_16_17/rep_02_seed_2026106762,cd51aa553af054dbc6c30526fa90a0fa7b4d48b7705f1935e06a68e5acecba09,/home/zyc/cess_d1r_168x16_reference_20260925/pmfs_16_17/rep_02_seed_2026106762/spatial/concentration.npy,/home/zyc/cess_d1r_168x16_reference_20260925/pmfs_16_17/rep_02_seed_2026106762/spatial/concentration.npy
110,pmfs_16_17,2,2026106763,pmfs_16_17/rep_03_seed_2026106763,433773e80a7872d364d434c8eada3d6ed37d6be069779a4fcabbe5081c9f9cb2,/home/zyc/cess_d1r_168x16_reference_20260925/pmfs_16_17/rep_03_seed_2026106763/spatial/concentration.npy,/home/zyc/cess_d1r_168x16_reference_20260925/pmfs_16_17/rep_03_seed_2026106763/spatial/concentration.npy
110,pmfs_16_17,3,2026106764,pmfs_16_17/rep_04_seed_2026106764,5462c15ec8b39ccb2bdda7fa482b12d7c52844bfce187798d20863c5774333b9,/home/zyc/cess_d1r_168x16_reference_20260925/pmfs_16_17/rep_04_seed_2026106764/spatial/concentration.npy,/home/zyc/cess_d1r_168x16_reference_20260925/pmfs_16_17/rep_04_seed_2026106764/spatial/concentration.npy
110,pmfs_16_17,4,2026106765,pmfs_16_17/rep_05_seed_2026106765,f2c26c4264bf3e632dede9975541c469204e3cccd38c114e09f7a0dd7ed2f584,/home/zyc/cess_d1r_168x16_reference_20260925/pmfs_16_17/rep_05_seed_2026106765/spatial/concentration.npy,/home/zyc/cess_d1r_168x16_reference_20260925/pmfs_16_17/rep_05_seed_2026106765/spatial/concentration.npy
110,pmfs_16_17,5,2026106766,pmfs_16_17/rep_06_seed_2026106766,493123fe159ee89ca0a589af4bfae75ca91e70183260acd89c42a7e8ab982dbe,/home/zyc/cess_d1r_168x16_reference_20260925/pmfs_16_17/rep_06_seed_2026106766/spatial/concentration.npy,/home/zyc/cess_d1r_168x16_reference_20260925/pmfs_16_17/rep_06_seed_2026106766/spatial/concentration.npy
110,pmfs_16_17,6,2026106767,pmfs_16_17/rep_07_seed_2026106767,59ecb46861eb20c2463232dfd5fa018dc4eeada4a514cb659fcef60fee6180df,/home/zyc/cess_d1r_168x16_reference_20260925/pmfs_16_17/rep_07_seed_2026106767/spatial/concentration.npy,/home/zyc/cess_d1r_168x16_reference_20260925/pmfs_16_17/rep_07_seed_2026106767/spatial/concentration.npy
110,pmfs_16_17,7,2026106768,pmfs_16_17/rep_08_seed_2026106768,1a14a782204838e0781b1791db9f27a743b81b2eb6ab4f68587178f141d9ec0e,/home/zyc/cess_d1r_168x16_reference_20260925/pmfs_16_17/rep_08_seed_2026106768/spatial/concentration.npy,/home/zyc/cess_d1r_168x16_reference_20260925/pmfs_16_17/rep_08_seed_2026106768/spatial/concentration.npy
110,pmfs_16_17,8,2026106769,pmfs_16_17/rep_09_seed_2026106769,bb60f7f8fe5ad616caeaad873e93ab481d984d8dab96db81ecf8816b1369c19a,/home/zyc/cess_d1r_168x16_reference_20260925/pmfs_16_17/rep_09_seed_2026106769/spatial/concentration.npy,/home/zyc/cess_d1r_168x16_reference_20260925/pmfs_16_17/rep_09_seed_2026106769/spatial/concentration.npy
110,pmfs_16_17,9,2026106770,pmfs_16_17/rep_10_seed_2026106770,8cb400afa02f57084370ee9a3fd9742948907f57d13b9a5322d4b06bd21d2c86,/home/zyc/cess_d1r_168x16_reference_20260925/pmfs_16_17/rep_10_seed_2026106770/spatial/concentration.npy,/home/zyc/cess_d1r_168x16_reference_20260925/pmfs_16_17/rep_10_seed_2026106770/spatial/concentration.npy
110,pmfs_16_17,10,2026106771,pmfs_16_17/rep_11_seed_2026106771,062a63725caec4fc20bca31c87ded3503752ef5acf1e9dbe575da050a03aaeab,/home/zyc/cess_d1r_168x16_reference_20260925/pmfs_16_17/rep_11_seed_2026106771/spatial/concentration.npy,/home/zyc/cess_d1r_168x16_reference_20260925/pmfs_16_17/rep_11_seed_2026106771/spatial/concentration.npy
110,pmfs_16_17,11,2026106772,pmfs_16_17/rep_12_seed_2026106772,09bb8b120cf8bfa8362348243be9e882ef87b1afc4cef7c715af6a97615e2ce0,/home/zyc/cess_d1r_168x16_reference_20260925/pmfs_16_17/rep_12_seed_2026106772/spatial/concentration.npy,/home/zyc/cess_d1r_168x16_reference_20260925/pmfs_16_17/rep_12_seed_2026106772/spatial/concentration.npy
110,pmfs_16_17,12,2026106773,pmfs_16_17/rep_13_seed_2026106773,f8d0ac9c8f75d475200f08e52d19f0d78175cf15ba59e528ddf096d9ee797099,/home/zyc/cess_d1r_168x16_reference_20260925/pmfs_16_17/rep_13_seed_2026106773/spatial/concentration.npy,/home/zyc/cess_d1r_168x16_reference_20260925/pmfs_16_17/rep_13_seed_2026106773/spatial/concentration.npy
110,pmfs_16_17,13,2026106774,pmfs_16_17/rep_14_seed_2026106774,e32a8dc3db5d8393408281184d7b8ca419df3eb2c7ea63d6672946e31cba1b6d,/home/zyc/cess_d1r_168x16_reference_20260925/pmfs_16_17/rep_14_seed_2026106774/spatial/concentration.npy,/home/zyc/cess_d1r_168x16_reference_20260925/pmfs_16_17/rep_14_seed_2026106774/spatial/concentration.npy
110,pmfs_16_17,14,2026106775,pmfs_16_17/rep_15_seed_2026106775,04d08059b9555a60caad02d79742cf3dea415d5f74b71fd0b6728532267c4015,/home/zyc/cess_d1r_168x16_reference_20260925/pmfs_16_17/rep_15_seed_2026106775/spatial/concentration.npy,/home/zyc/cess_d1r_168x16_reference_20260925/pmfs_16_17/rep_15_seed_2026106775/spatial/concentration.npy
110,pmfs_16_17,15,2026106776,pmfs_16_17/rep_16_seed_2026106776,fdda47ea178be5092417259866830daafc29b946618e4466074f7d3b6e4f135d,/home/zyc/cess_d1r_168x16_reference_20260925/pmfs_16_17/rep_16_seed_2026106776/spatial/concentration.npy,/home/zyc/cess_d1r_168x16_reference_20260925/pmfs_16_17/rep_16_seed_2026106776/spatial/concentration.npy
111,pmfs_16_18,0,2026106777,pmfs_16_18/rep_01_seed_2026106777,cbe464e0c9370e33e4114c17d851209c2af717fbed3830ce137f95c6000ce3e9,/home/zyc/cess_d1r_168x16_reference_20260925/pmfs_16_18/rep_01_seed_2026106777/spatial/concentration.npy,/home/zyc/cess_d1r_168x16_reference_20260925/pmfs_16_18/rep_01_seed_2026106777/spatial/concentration.npy
111,pmfs_16_18,1,2026106778,pmfs_16_18/rep_02_seed_2026106778,8233b2376df2c7fdebc04eca32974f37ea445009f6b71c241deb866c10bf4b47,/home/zyc/cess_d1r_168x16_reference_20260925/pmfs_16_18/rep_02_seed_2026106778/spatial/concentration.npy,/home/zyc/cess_d1r_168x16_reference_20260925/pmfs_16_18/rep_02_seed_2026106778/spatial/concentration.npy
111,pmfs_16_18,2,2026106779,pmfs_16_18/rep_03_seed_2026106779,d0839bf59092e17a376bad94caad9e2d77389a8dc04f7877d6758ce0dd615f59,/home/zyc/cess_d1r_168x16_reference_20260925/pmfs_16_18/rep_03_seed_2026106779/spatial/concentration.npy,/home/zyc/cess_d1r_168x16_reference_20260925/pmfs_16_18/rep_03_seed_2026106779/spatial/concentration.npy
111,pmfs_16_18,3,2026106780,pmfs_16_18/rep_04_seed_2026106780,a1bc160ced381b96c800e3cc7720a6a8cd213688ea58374f2080dd4f98d29bd1,/home/zyc/cess_d1r_168x16_reference_20260925/pmfs_16_18/rep_04_seed_2026106780/spatial/concentration.npy,/home/zyc/cess_d1r_168x16_reference_20260925/pmfs_16_18/rep_04_seed_2026106780/spatial/concentration.npy
111,pmfs_16_18,4,2026106781,pmfs_16_18/rep_05_seed_2026106781,96ad566bc635be8009415cb51188e1d2d9775d7c3927e2431134d05e92bec3fc,/home/zyc/cess_d1r_168x16_reference_20260925/pmfs_16_18/rep_05_seed_2026106781/spatial/concentration.npy,/home/zyc/cess_d1r_168x16_reference_20260925/pmfs_16_18/rep_05_seed_2026106781/spatial/concentration.npy
111,pmfs_16_18,5,2026106782,pmfs_16_18/rep_06_seed_2026106782,c9933e3125293f6c4edbdef5f2610a6f07493a84fb4df9036fa0f580e72655ca,/home/zyc/cess_d1r_168x16_reference_20260925/pmfs_16_18/rep_06_seed_2026106782/spatial/concentration.npy,/home/zyc/cess_d1r_168x16_reference_20260925/pmfs_16_18/rep_06_seed_2026106782/spatial/concentration.npy
111,pmfs_16_18,6,2026106783,pmfs_16_18/rep_07_seed_2026106783,125b19933ec52c164c831db281967d717bbf1ae4d14942b50628393a9ac3c856,/home/zyc/cess_d1r_168x16_reference_20260925/pmfs_16_18/rep_07_seed_2026106783/spatial/concentration.npy,/home/zyc/cess_d1r_168x16_reference_20260925/pmfs_16_18/rep_07_seed_2026106783/spatial/concentration.npy
111,pmfs_16_18,7,2026106784,pmfs_16_18/rep_08_seed_2026106784,ddffc43d41de23083088048ab579f7583830c5075dd17912f009ad8dc8e0dd12,/home/zyc/cess_d1r_168x16_reference_20260925/pmfs_16_18/rep_08_seed_2026106784/spatial/concentration.npy,/home/zyc/cess_d1r_168x16_reference_20260925/pmfs_16_18/rep_08_seed_2026106784/spatial/concentration.npy
111,pmfs_16_18,8,2026106785,pmfs_16_18/rep_09_seed_2026106785,fa3c66d0f59ab57ba3986bbf10b0ce60217b203ee2bf3619736a3ee0cc69b1e5,/home/zyc/cess_d1r_168x16_reference_20260925/pmfs_16_18/rep_09_seed_2026106785/spatial/concentration.npy,/home/zyc/cess_d1r_168x16_reference_20260925/pmfs_16_18/rep_09_seed_2026106785/spatial/concentration.npy
111,pmfs_16_18,9,2026106786,pmfs_16_18/rep_10_seed_2026106786,d8f92ad37f9a41b373e5abdcd55a8dd4322c7723791f8ce61cdab49bac37f2cd,/home/zyc/cess_d1r_168x16_reference_20260925/pmfs_16_18/rep_10_seed_2026106786/spatial/concentration.npy,/home/zyc/cess_d1r_168x16_reference_20260925/pmfs_16_18/rep_10_seed_2026106786/spatial/concentration.npy
111,pmfs_16_18,10,2026106787,pmfs_16_18/rep_11_seed_2026106787,31e616d211e5e9ae9d9ebd2c6dece6de69fe2f3a6d86e34ff3821af7af614396,/home/zyc/cess_d1r_168x16_reference_20260925/pmfs_16_18/rep_11_seed_2026106787/spatial/concentration.npy,/home/zyc/cess_d1r_168x16_reference_20260925/pmfs_16_18/rep_11_seed_2026106787/spatial/concentration.npy
111,pmfs_16_18,11,2026106788,pmfs_16_18/rep_12_seed_2026106788,a46c4c6f3a87e4f4286dba40c49a065efbcf844409693bc40de14461a1a1edd4,/home/zyc/cess_d1r_168x16_reference_20260925/pmfs_16_18/rep_12_seed_2026106788/spatial/concentration.npy,/home/zyc/cess_d1r_168x16_reference_20260925/pmfs_16_18/rep_12_seed_2026106788/spatial/concentration.npy
111,pmfs_16_18,12,2026106789,pmfs_16_18/rep_13_seed_2026106789,18e7d38638a21c7f04e7111e02c658eabc955ba73b1429c8c980a7d7f243bccb,/home/zyc/cess_d1r_168x16_reference_20260925/pmfs_16_18/rep_13_seed_2026106789/spatial/concentration.npy,/home/zyc/cess_d1r_168x16_reference_20260925/pmfs_16_18/rep_13_seed_2026106789/spatial/concentration.npy
111,pmfs_16_18,13,2026106790,pmfs_16_18/rep_14_seed_2026106790,d83d953d21d0a712dc203bec6b1f1061f91d31a8e1480f003fcbf2f28976792d,/home/zyc/cess_d1r_168x16_reference_20260925/pmfs_16_18/rep_14_seed_2026106790/spatial/concentration.npy,/home/zyc/cess_d1r_168x16_reference_20260925/pmfs_16_18/rep_14_seed_2026106790/spatial/concentration.npy
111,pmfs_16_18,14,2026106791,pmfs_16_18/rep_15_seed_2026106791,77f69de7fe3e06fd2373d14b6365819174e441b0649df34aeef681a95ef4ee09,/home/zyc/cess_d1r_168x16_reference_20260925/pmfs_16_18/rep_15_seed_2026106791/spatial/concentration.npy,/home/zyc/cess_d1r_168x16_reference_20260925/pmfs_16_18/rep_15_seed_2026106791/spatial/concentration.npy
111,pmfs_16_18,15,2026106792,pmfs_16_18/rep_16_seed_2026106792,530a57d3670fd6652e13cdad43e3e9855ac7f55870b496b6c7e04eb8dc4ff0b6,/home/zyc/cess_d1r_168x16_reference_20260925/pmfs_16_18/rep_16_seed_2026106792/spatial/concentration.npy,/home/zyc/cess_d1r_168x16_reference_20260925/pmfs_16_18/rep_16_seed_2026106792/spatial/concentration.npy
112,pmfs_17_12,0,2026106793,pmfs_17_12/rep_01_seed_2026106793,6aacf1347e900762125d28cabcd760a63908f74aa56cad3e7968b4e9c688740e,/home/zyc/cess_d1r_168x16_reference_20260925/pmfs_17_12/rep_01_seed_2026106793/spatial/concentration.npy,/home/zyc/cess_d1r_168x16_reference_20260925/pmfs_17_12/rep_01_seed_2026106793/spatial/concentration.npy
112,pmfs_17_12,1,2026106794,pmfs_17_12/rep_02_seed_2026106794,3b14ad3e23626e12c511486142f461ffa99118975839890418d815433290f4f6,/home/zyc/cess_d1r_168x16_reference_20260925/pmfs_17_12/rep_02_seed_2026106794/spatial/concentration.npy,/home/zyc/cess_d1r_168x16_reference_20260925/pmfs_17_12/rep_02_seed_2026106794/spatial/concentration.npy
112,pmfs_17_12,2,2026106795,pmfs_17_12/rep_03_seed_2026106795,a1ae3c80b358e6cac7d5868b3968b935dd793baf3ea285144a4c05a490c217a6,/home/zyc/cess_d1r_168x16_reference_20260925/pmfs_17_12/rep_03_seed_2026106795/spatial/concentration.npy,/home/zyc/cess_d1r_168x16_reference_20260925/pmfs_17_12/rep_03_seed_2026106795/spatial/concentration.npy
112,pmfs_17_12,3,2026106796,pmfs_17_12/rep_04_seed_2026106796,3a191278e60453b11a5db110a9d3388ee889aed4ad4484ce3ca813fe07e59460,/home/zyc/cess_d1r_168x16_reference_20260925/pmfs_17_12/rep_04_seed_2026106796/spatial/concentration.npy,/home/zyc/cess_d1r_168x16_reference_20260925/pmfs_17_12/rep_04_seed_2026106796/spatial/concentration.npy
112,pmfs_17_12,4,2026106797,pmfs_17_12/rep_05_seed_2026106797,08f7332156360c241a21de439d498d5434436d1c8600878debad992078fed7f2,/home/zyc/cess_d1r_168x16_reference_20260925/pmfs_17_12/rep_05_seed_2026106797/spatial/concentration.npy,/home/zyc/cess_d1r_168x16_reference_20260925/pmfs_17_12/rep_05_seed_2026106797/spatial/concentration.npy
112,pmfs_17_12,5,2026106798,pmfs_17_12/rep_06_seed_2026106798,a18342e828bd23bde36525fb7b3c5ac17e4515f5eb128d0250f67ebb8b9faaee,/home/zyc/cess_d1r_168x16_reference_20260925/pmfs_17_12/rep_06_seed_2026106798/spatial/concentration.npy,/home/zyc/cess_d1r_168x16_reference_20260925/pmfs_17_12/rep_06_seed_2026106798/spatial/concentration.npy
112,pmfs_17_12,6,2026106799,pmfs_17_12/rep_07_seed_2026106799,6e500194994f71f9018ec3f156352d890b652aac5d047600d8cb78e5fbe69df6,/home/zyc/cess_d1r_168x16_reference_20260925/pmfs_17_12/rep_07_seed_2026106799/spatial/concentration.npy,/home/zyc/cess_d1r_168x16_reference_20260925/pmfs_17_12/rep_07_seed_2026106799/spatial/concentration.npy
112,pmfs_17_12,7,2026106800,pmfs_17_12/rep_08_seed_2026106800,39a2bfb906e07f469edaa25b920aac9b221157188f9cdbb973d3080272a6d35d,/home/zyc/cess_d1r_168x16_reference_20260925/pmfs_17_12/rep_08_seed_2026106800/spatial/concentration.npy,/home/zyc/cess_d1r_168x16_reference_20260925/pmfs_17_12/rep_08_seed_2026106800/spatial/concentration.npy
112,pmfs_17_12,8,2026106801,pmfs_17_12/rep_09_seed_2026106801,9d7b900933277cc4e56e8a40f6ea75d3d9021df01affeda79459ceb1bb027bd8,/home/zyc/cess_d1r_168x16_reference_20260925/pmfs_17_12/rep_09_seed_2026106801/spatial/concentration.npy,/home/zyc/cess_d1r_168x16_reference_20260925/pmfs_17_12/rep_09_seed_2026106801/spatial/concentration.npy
112,pmfs_17_12,9,2026106802,pmfs_17_12/rep_10_seed_2026106802,cf6bed6fc5969fbe2462dfacffa74fe67b3a7e11398670d2a5344a29e5f75747,/home/zyc/cess_d1r_168x16_reference_20260925/pmfs_17_12/rep_10_seed_2026106802/spatial/concentration.npy,/home/zyc/cess_d1r_168x16_reference_20260925/pmfs_17_12/rep_10_seed_2026106802/spatial/concentration.npy
112,pmfs_17_12,10,2026106803,pmfs_17_12/rep_11_seed_2026106803,e194b521fe592ba8f079a196cbe1714b6efede549e66fe5779a2490d1d4c7206,/home/zyc/cess_d1r_168x16_reference_20260925/pmfs_17_12/rep_11_seed_2026106803/spatial/concentration.npy,/home/zyc/cess_d1r_168x16_reference_20260925/pmfs_17_12/rep_11_seed_2026106803/spatial/concentration.npy
112,pmfs_17_12,11,2026106804,pmfs_17_12/rep_12_seed_2026106804,5c1dd0c41ce1e8a467b762180380024e516e8d6a0c1851c11ec9dbd6622f359c,/home/zyc/cess_d1r_168x16_reference_20260925/pmfs_17_12/rep_12_seed_2026106804/spatial/concentration.npy,/home/zyc/cess_d1r_168x16_reference_20260925/pmfs_17_12/rep_12_seed_2026106804/spatial/concentration.npy
112,pmfs_17_12,12,2026106805,pmfs_17_12/rep_13_seed_2026106805,931f04474bce510a6a6ea270a48beda96c913d18fba2e026515c07a9aa1826cb,/home/zyc/cess_d1r_168x16_reference_20260925/pmfs_17_12/rep_13_seed_2026106805/spatial/concentration.npy,/home/zyc/cess_d1r_168x16_reference_20260925/pmfs_17_12/rep_13_seed_2026106805/spatial/concentration.npy
112,pmfs_17_12,13,2026106806,pmfs_17_12/rep_14_seed_2026106806,fe5f59d91e6ed04887df291dce8a8b0501d0bca6d920eb7cf372a66679e4507c,/home/zyc/cess_d1r_168x16_reference_20260925/pmfs_17_12/rep_14_seed_2026106806/spatial/concentration.npy,/home/zyc/cess_d1r_168x16_reference_20260925/pmfs_17_12/rep_14_seed_2026106806/spatial/concentration.npy
112,pmfs_17_12,14,2026106807,pmfs_17_12/rep_15_seed_2026106807,a41136a50e574ff32d55dc26a8bb28f8b81951aa549079cdb199320e3ce96bc4,/home/zyc/cess_d1r_168x16_reference_20260925/pmfs_17_12/rep_15_seed_2026106807/spatial/concentration.npy,/home/zyc/cess_d1r_168x16_reference_20260925/pmfs_17_12/rep_15_seed_2026106807/spatial/concentration.npy
112,pmfs_17_12,15,2026106808,pmfs_17_12/rep_16_seed_2026106808,c382084d24ae08156a792b0e8c06e19ae881b0f3de0e9c780e7703e499e27b1b,/home/zyc/cess_d1r_168x16_reference_20260925/pmfs_17_12/rep_16_seed_2026106808/spatial/concentration.npy,/home/zyc/cess_d1r_168x16_reference_20260925/pmfs_17_12/rep_16_seed_2026106808/spatial/concentration.npy
113,pmfs_17_13,0,2026106809,pmfs_17_13/rep_01_seed_2026106809,d406816e0dd91d826c196b9f084fd918bdf38e686e307ce1330cdf3882603748,/home/zyc/cess_d1r_168x16_reference_20260925/pmfs_17_13/rep_01_seed_2026106809/spatial/concentration.npy,/home/zyc/cess_d1r_168x16_reference_20260925/pmfs_17_13/rep_01_seed_2026106809/spatial/concentration.npy
113,pmfs_17_13,1,2026106810,pmfs_17_13/rep_02_seed_2026106810,82287ee73160250258d34caf29f57aa4477311708121ad6eb4454ba27e1581ec,/home/zyc/cess_d1r_168x16_reference_20260925/pmfs_17_13/rep_02_seed_2026106810/spatial/concentration.npy,/home/zyc/cess_d1r_168x16_reference_20260925/pmfs_17_13/rep_02_seed_2026106810/spatial/concentration.npy
113,pmfs_17_13,2,2026106811,pmfs_17_13/rep_03_seed_2026106811,f20b0b4f12bbda133b4f753dec0dbe3c8ba2f0dde65b3f5f5839acec94f1a931,/home/zyc/cess_d1r_168x16_reference_20260925/pmfs_17_13/rep_03_seed_2026106811/spatial/concentration.npy,/home/zyc/cess_d1r_168x16_reference_20260925/pmfs_17_13/rep_03_seed_2026106811/spatial/concentration.npy
113,pmfs_17_13,3,2026106812,pmfs_17_13/rep_04_seed_2026106812,1c030411b371fce75daacb140d5f79dd358fdf8e8252d6893103bf049fa0d319,/home/zyc/cess_d1r_168x16_reference_20260925/pmfs_17_13/rep_04_seed_2026106812/spatial/concentration.npy,/home/zyc/cess_d1r_168x16_reference_20260925/pmfs_17_13/rep_04_seed_2026106812/spatial/concentration.npy
113,pmfs_17_13,4,2026106813,pmfs_17_13/rep_05_seed_2026106813,cae0a0d4c75603c68ece438bb6b5d907cd4b901e4b230e53634ce2bc73d3d672,/home/zyc/cess_d1r_168x16_reference_20260925/pmfs_17_13/rep_05_seed_2026106813/spatial/concentration.npy,/home/zyc/cess_d1r_168x16_reference_20260925/pmfs_17_13/rep_05_seed_2026106813/spatial/concentration.npy
113,pmfs_17_13,5,2026106814,pmfs_17_13/rep_06_seed_2026106814,fe7dbe6b8683af12f35368bf8afd9637f3c270a36f8daec221d80425f0c1eee2,/home/zyc/cess_d1r_168x16_reference_20260925/pmfs_17_13/rep_06_seed_2026106814/spatial/concentration.npy,/home/zyc/cess_d1r_168x16_reference_20260925/pmfs_17_13/rep_06_seed_2026106814/spatial/concentration.npy
113,pmfs_17_13,6,2026106815,pmfs_17_13/rep_07_seed_2026106815,857531dc426b1453f4c0f76587fe743d4658cf671803817c27265d387525f99d,/home/zyc/cess_d1r_168x16_reference_20260925/pmfs_17_13/rep_07_seed_2026106815/spatial/concentration.npy,/home/zyc/cess_d1r_168x16_reference_20260925/pmfs_17_13/rep_07_seed_2026106815/spatial/concentration.npy
113,pmfs_17_13,7,2026106816,pmfs_17_13/rep_08_seed_2026106816,f481b8e93748a5c1baadcf2aa3e92d0a5a0a3492671c65d150ed35dc207098e4,/home/zyc/cess_d1r_168x16_reference_20260925/pmfs_17_13/rep_08_seed_2026106816/spatial/concentration.npy,/home/zyc/cess_d1r_168x16_reference_20260925/pmfs_17_13/rep_08_seed_2026106816/spatial/concentration.npy
113,pmfs_17_13,8,2026106817,pmfs_17_13/rep_09_seed_2026106817,f5f5340592a9e3fb9b1323e95d50ecc11fe3c752b6848f241b1ddba5be8db4bd,/home/zyc/cess_d1r_168x16_reference_20260925/pmfs_17_13/rep_09_seed_2026106817/spatial/concentration.npy,/home/zyc/cess_d1r_168x16_reference_20260925/pmfs_17_13/rep_09_seed_2026106817/spatial/concentration.npy
113,pmfs_17_13,9,2026106818,pmfs_17_13/rep_10_seed_2026106818,ccce3d2a208cb93ea28dacff4b068c614e620b3baeb62267fe2e2918c0fc7f7d,/home/zyc/cess_d1r_168x16_reference_20260925/pmfs_17_13/rep_10_seed_2026106818/spatial/concentration.npy,/home/zyc/cess_d1r_168x16_reference_20260925/pmfs_17_13/rep_10_seed_2026106818/spatial/concentration.npy
113,pmfs_17_13,10,2026106819,pmfs_17_13/rep_11_seed_2026106819,700e7a093508410db281ce37a0cc89f2f692f114b41f59e8a00da846acbee43f,/home/zyc/cess_d1r_168x16_reference_20260925/pmfs_17_13/rep_11_seed_2026106819/spatial/concentration.npy,/home/zyc/cess_d1r_168x16_reference_20260925/pmfs_17_13/rep_11_seed_2026106819/spatial/concentration.npy
113,pmfs_17_13,11,2026106820,pmfs_17_13/rep_12_seed_2026106820,b11fffe186faf65e3c92a168f5f286da681f5214ea4257d8dcc5f235256f7bbd,/home/zyc/cess_d1r_168x16_reference_20260925/pmfs_17_13/rep_12_seed_2026106820/spatial/concentration.npy,/home/zyc/cess_d1r_168x16_reference_20260925/pmfs_17_13/rep_12_seed_2026106820/spatial/concentration.npy
113,pmfs_17_13,12,2026106821,pmfs_17_13/rep_13_seed_2026106821,7377f86061c2a8d3e40717a11d88fcc2995715b736c638629de0e09bb2d6c545,/home/zyc/cess_d1r_168x16_reference_20260925/pmfs_17_13/rep_13_seed_2026106821/spatial/concentration.npy,/home/zyc/cess_d1r_168x16_reference_20260925/pmfs_17_13/rep_13_seed_2026106821/spatial/concentration.npy
113,pmfs_17_13,13,2026106822,pmfs_17_13/rep_14_seed_2026106822,5f1924edef3640288f1aba4f7cc2878ddfbad394689a8c7b5c4e42b096e40c0f,/home/zyc/cess_d1r_168x16_reference_20260925/pmfs_17_13/rep_14_seed_2026106822/spatial/concentration.npy,/home/zyc/cess_d1r_168x16_reference_20260925/pmfs_17_13/rep_14_seed_2026106822/spatial/concentration.npy
113,pmfs_17_13,14,2026106823,pmfs_17_13/rep_15_seed_2026106823,1c04b77c1af597edcbf692b3cb5fdf7c06a75537daa70db4bb3bb4d2d1a5b6f5,/home/zyc/cess_d1r_168x16_reference_20260925/pmfs_17_13/rep_15_seed_2026106823/spatial/concentration.npy,/home/zyc/cess_d1r_168x16_reference_20260925/pmfs_17_13/rep_15_seed_2026106823/spatial/concentration.npy
113,pmfs_17_13,15,2026106824,pmfs_17_13/rep_16_seed_2026106824,fa94025c7413fb2a237f8064474f4ed52e195bce3acb76fdb0691a0caab331ce,/home/zyc/cess_d1r_168x16_reference_20260925/pmfs_17_13/rep_16_seed_2026106824/spatial/concentration.npy,/home/zyc/cess_d1r_168x16_reference_20260925/pmfs_17_13/rep_16_seed_2026106824/spatial/concentration.npy
114,pmfs_17_14,0,2026106825,pmfs_17_14/rep_01_seed_2026106825,532de1c7a86da85ba3b37fcc5f7838fe9010a1b85b0e048fcff3ac21817d1484,/home/zyc/cess_d1r_168x16_reference_20260925/pmfs_17_14/rep_01_seed_2026106825/spatial/concentration.npy,/home/zyc/cess_d1r_168x16_reference_20260925/pmfs_17_14/rep_01_seed_2026106825/spatial/concentration.npy
114,pmfs_17_14,1,2026106826,pmfs_17_14/rep_02_seed_2026106826,96b4843993d7dc182d6ee769989fb23667dae952e9a4e2e5adc2afc2ed19e680,/home/zyc/cess_d1r_168x16_reference_20260925/pmfs_17_14/rep_02_seed_2026106826/spatial/concentration.npy,/home/zyc/cess_d1r_168x16_reference_20260925/pmfs_17_14/rep_02_seed_2026106826/spatial/concentration.npy
114,pmfs_17_14,2,2026106827,pmfs_17_14/rep_03_seed_2026106827,a238690b666fe7f807ebf245f23af58c4b51bd12a328269edc74b752bc39f2d5,/home/zyc/cess_d1r_168x16_reference_20260925/pmfs_17_14/rep_03_seed_2026106827/spatial/concentration.npy,/home/zyc/cess_d1r_168x16_reference_20260925/pmfs_17_14/rep_03_seed_2026106827/spatial/concentration.npy
114,pmfs_17_14,3,2026106828,pmfs_17_14/rep_04_seed_2026106828,d5433037c33e9d1b0578b95b90c6bd207f336990f0d4288c1423fb2240cfc9d8,/home/zyc/cess_d1r_168x16_reference_20260925/pmfs_17_14/rep_04_seed_2026106828/spatial/concentration.npy,/home/zyc/cess_d1r_168x16_reference_20260925/pmfs_17_14/rep_04_seed_2026106828/spatial/concentration.npy
114,pmfs_17_14,4,2026106829,pmfs_17_14/rep_05_seed_2026106829,af40e27ba518895f7a5bad33c8477b55f841ad0eda7c00ec5e9fee6c85c4703a,/home/zyc/cess_d1r_168x16_reference_20260925/pmfs_17_14/rep_05_seed_2026106829/spatial/concentration.npy,/home/zyc/cess_d1r_168x16_reference_20260925/pmfs_17_14/rep_05_seed_2026106829/spatial/concentration.npy
114,pmfs_17_14,5,2026106830,pmfs_17_14/rep_06_seed_2026106830,d0efc6b7a949b704ff8df67b5fc27c26897128bd1ec284d885557ae66255ca90,/home/zyc/cess_d1r_168x16_reference_20260925/pmfs_17_14/rep_06_seed_2026106830/spatial/concentration.npy,/home/zyc/cess_d1r_168x16_reference_20260925/pmfs_17_14/rep_06_seed_2026106830/spatial/concentration.npy
114,pmfs_17_14,6,2026106831,pmfs_17_14/rep_07_seed_2026106831,3446061ae4a33332f6dc0f56f60294b1ed7311d1a3998ab034611e2bdd02826b,/home/zyc/cess_d1r_168x16_reference_20260925/pmfs_17_14/rep_07_seed_2026106831/spatial/concentration.npy,/home/zyc/cess_d1r_168x16_reference_20260925/pmfs_17_14/rep_07_seed_2026106831/spatial/concentration.npy
114,pmfs_17_14,7,2026106832,pmfs_17_14/rep_08_seed_2026106832,c6740fcc01f74d1c5b4fe696143be2d411ebbad1b0c8f31fbad3e6f51371fc0a,/home/zyc/cess_d1r_168x16_reference_20260925/pmfs_17_14/rep_08_seed_2026106832/spatial/concentration.npy,/home/zyc/cess_d1r_168x16_reference_20260925/pmfs_17_14/rep_08_seed_2026106832/spatial/concentration.npy
114,pmfs_17_14,8,2026106833,pmfs_17_14/rep_09_seed_2026106833,0b2a8e732c89737dceb19436495adbf9360f2f6e8bbbf6f0137ec9a822358d48,/home/zyc/cess_d1r_168x16_reference_20260925/pmfs_17_14/rep_09_seed_2026106833/spatial/concentration.npy,/home/zyc/cess_d1r_168x16_reference_20260925/pmfs_17_14/rep_09_seed_2026106833/spatial/concentration.npy
114,pmfs_17_14,9,2026106834,pmfs_17_14/rep_10_seed_2026106834,6e072e71a102b1324c67473e55bfd5ab838c24c27a5cfdb67e8dd3552d74fcd8,/home/zyc/cess_d1r_168x16_reference_20260925/pmfs_17_14/rep_10_seed_2026106834/spatial/concentration.npy,/home/zyc/cess_d1r_168x16_reference_20260925/pmfs_17_14/rep_10_seed_2026106834/spatial/concentration.npy
114,pmfs_17_14,10,2026106835,pmfs_17_14/rep_11_seed_2026106835,18bc080f39cc5c3a73d04de159bc3aee0aec120b7b469f387e3e9ce79d662b48,/home/zyc/cess_d1r_168x16_reference_20260925/pmfs_17_14/rep_11_seed_2026106835/spatial/concentration.npy,/home/zyc/cess_d1r_168x16_reference_20260925/pmfs_17_14/rep_11_seed_2026106835/spatial/concentration.npy
114,pmfs_17_14,11,2026106836,pmfs_17_14/rep_12_seed_2026106836,db656edc1ae310614b46fe8db46a32f58cb19d74aa1003e4491a8e0fadecc7ac,/home/zyc/cess_d1r_168x16_reference_20260925/pmfs_17_14/rep_12_seed_2026106836/spatial/concentration.npy,/home/zyc/cess_d1r_168x16_reference_20260925/pmfs_17_14/rep_12_seed_2026106836/spatial/concentration.npy
114,pmfs_17_14,12,2026106837,pmfs_17_14/rep_13_seed_2026106837,5f72a2e0c586f0c7bbb7907d4a8caae9b88fdef13ea36f9c719bd62872b8cf96,/home/zyc/cess_d1r_168x16_reference_20260925/pmfs_17_14/rep_13_seed_2026106837/spatial/concentration.npy,/home/zyc/cess_d1r_168x16_reference_20260925/pmfs_17_14/rep_13_seed_2026106837/spatial/concentration.npy
114,pmfs_17_14,13,2026106838,pmfs_17_14/rep_14_seed_2026106838,27391273eced3d27b109d1f8980ca821ec9dc064d56845b38c453197720d0d92,/home/zyc/cess_d1r_168x16_reference_20260925/pmfs_17_14/rep_14_seed_2026106838/spatial/concentration.npy,/home/zyc/cess_d1r_168x16_reference_20260925/pmfs_17_14/rep_14_seed_2026106838/spatial/concentration.npy
114,pmfs_17_14,14,2026106839,pmfs_17_14/rep_15_seed_2026106839,0335a6b52b4b7b86478ea921bffd85430814b09382f1b1ded4cc8d8ca16330c3,/home/zyc/cess_d1r_168x16_reference_20260925/pmfs_17_14/rep_15_seed_2026106839/spatial/concentration.npy,/home/zyc/cess_d1r_168x16_reference_20260925/pmfs_17_14/rep_15_seed_2026106839/spatial/concentration.npy
114,pmfs_17_14,15,2026106840,pmfs_17_14/rep_16_seed_2026106840,53f4a0a3a6a7a7dcbbf1fa7f54e09f95b57b2d19b4b464ab6750944ced1de233,/home/zyc/cess_d1r_168x16_reference_20260925/pmfs_17_14/rep_16_seed_2026106840/spatial/concentration.npy,/home/zyc/cess_d1r_168x16_reference_20260925/pmfs_17_14/rep_16_seed_2026106840/spatial/concentration.npy
115,pmfs_17_15,0,2026106841,pmfs_17_15/rep_01_seed_2026106841,e58edf71ad8ca06f577bbcaa1f804cbf8e614d1ab0333191017e4ff3c38b58a6,/home/zyc/cess_d1r_168x16_reference_20260925/pmfs_17_15/rep_01_seed_2026106841/spatial/concentration.npy,/home/zyc/cess_d1r_168x16_reference_20260925/pmfs_17_15/rep_01_seed_2026106841/spatial/concentration.npy
115,pmfs_17_15,1,2026106842,pmfs_17_15/rep_02_seed_2026106842,7fee2f1fbb9100091cf5d5876575f92ad7749c957c21d503d77061782c6fd964,/home/zyc/cess_d1r_168x16_reference_20260925/pmfs_17_15/rep_02_seed_2026106842/spatial/concentration.npy,/home/zyc/cess_d1r_168x16_reference_20260925/pmfs_17_15/rep_02_seed_2026106842/spatial/concentration.npy
115,pmfs_17_15,2,2026106843,pmfs_17_15/rep_03_seed_2026106843,243bad837075f97798bb0a864aff331dc66cd7b6dcba9c6522e748ae56dd7581,/home/zyc/cess_d1r_168x16_reference_20260925/pmfs_17_15/rep_03_seed_2026106843/spatial/concentration.npy,/home/zyc/cess_d1r_168x16_reference_20260925/pmfs_17_15/rep_03_seed_2026106843/spatial/concentration.npy
115,pmfs_17_15,3,2026106844,pmfs_17_15/rep_04_seed_2026106844,05272237603e78bfb3b4c12ea79f22a4f1bfeebdddf842d9c9492a036bceefae,/home/zyc/cess_d1r_168x16_reference_20260925/pmfs_17_15/rep_04_seed_2026106844/spatial/concentration.npy,/home/zyc/cess_d1r_168x16_reference_20260925/pmfs_17_15/rep_04_seed_2026106844/spatial/concentration.npy
115,pmfs_17_15,4,2026106845,pmfs_17_15/rep_05_seed_2026106845,21d019f3fe0b99bc5b7ab110a388173631f88afe055060d2bb64328d09fad89f,/home/zyc/cess_d1r_168x16_reference_20260925/pmfs_17_15/rep_05_seed_2026106845/spatial/concentration.npy,/home/zyc/cess_d1r_168x16_reference_20260925/pmfs_17_15/rep_05_seed_2026106845/spatial/concentration.npy
115,pmfs_17_15,5,2026106846,pmfs_17_15/rep_06_seed_2026106846,f03252c80ad7369da39fa3744e6d6bb650a67da1470019aeb8a50aef7e7abf0c,/home/zyc/cess_d1r_168x16_reference_20260925/pmfs_17_15/rep_06_seed_2026106846/spatial/concentration.npy,/home/zyc/cess_d1r_168x16_reference_20260925/pmfs_17_15/rep_06_seed_2026106846/spatial/concentration.npy
115,pmfs_17_15,6,2026106847,pmfs_17_15/rep_07_seed_2026106847,d63a7461dc0a2a5c99aaef3f866a3bf123e22f617359be2665f74f466bbcf2df,/home/zyc/cess_d1r_168x16_reference_20260925/pmfs_17_15/rep_07_seed_2026106847/spatial/concentration.npy,/home/zyc/cess_d1r_168x16_reference_20260925/pmfs_17_15/rep_07_seed_2026106847/spatial/concentration.npy
115,pmfs_17_15,7,2026106848,pmfs_17_15/rep_08_seed_2026106848,816ecec48cb43fdc0c948b3126c1d3260e6688eb7755f80177cb9ea87b75da6a,/home/zyc/cess_d1r_168x16_reference_20260925/pmfs_17_15/rep_08_seed_2026106848/spatial/concentration.npy,/home/zyc/cess_d1r_168x16_reference_20260925/pmfs_17_15/rep_08_seed_2026106848/spatial/concentration.npy
115,pmfs_17_15,8,2026106849,pmfs_17_15/rep_09_seed_2026106849,77a9995c2ff0dbe1e787109f9fb0b51d49a42591eb5ee66091ad70161f96c5fd,/home/zyc/cess_d1r_168x16_reference_20260925/pmfs_17_15/rep_09_seed_2026106849/spatial/concentration.npy,/home/zyc/cess_d1r_168x16_reference_20260925/pmfs_17_15/rep_09_seed_2026106849/spatial/concentration.npy
115,pmfs_17_15,9,2026106850,pmfs_17_15/rep_10_seed_2026106850,ec1242dd9aed651fa5be9f127ec7051de2541161d47c2f08a712c1c47837ca6d,/home/zyc/cess_d1r_168x16_reference_20260925/pmfs_17_15/rep_10_seed_2026106850/spatial/concentration.npy,/home/zyc/cess_d1r_168x16_reference_20260925/pmfs_17_15/rep_10_seed_2026106850/spatial/concentration.npy
115,pmfs_17_15,10,2026106851,pmfs_17_15/rep_11_seed_2026106851,d9b661dbf97070c42bab8de235a801cdaf8d8d2e3f04156bad1bf432a3af3bce,/home/zyc/cess_d1r_168x16_reference_20260925/pmfs_17_15/rep_11_seed_2026106851/spatial/concentration.npy,/home/zyc/cess_d1r_168x16_reference_20260925/pmfs_17_15/rep_11_seed_2026106851/spatial/concentration.npy
115,pmfs_17_15,11,2026106852,pmfs_17_15/rep_12_seed_2026106852,f2f6f38456a9af1f3a3a79d29687a046cfc563f0955328da085153809c89e7c1,/home/zyc/cess_d1r_168x16_reference_20260925/pmfs_17_15/rep_12_seed_2026106852/spatial/concentration.npy,/home/zyc/cess_d1r_168x16_reference_20260925/pmfs_17_15/rep_12_seed_2026106852/spatial/concentration.npy
115,pmfs_17_15,12,2026106853,pmfs_17_15/rep_13_seed_2026106853,aa356d8c666cac2bb3bbd5c094b0770fe54f7aac42bfa77770aad819ce88791b,/home/zyc/cess_d1r_168x16_reference_20260925/pmfs_17_15/rep_13_seed_2026106853/spatial/concentration.npy,/home/zyc/cess_d1r_168x16_reference_20260925/pmfs_17_15/rep_13_seed_2026106853/spatial/concentration.npy
115,pmfs_17_15,13,2026106854,pmfs_17_15/rep_14_seed_2026106854,3958a3ecad8e51c18f1b8c03b174831fb05c3496d91dbfc5242e2d2470d75923,/home/zyc/cess_d1r_168x16_reference_20260925/pmfs_17_15/rep_14_seed_2026106854/spatial/concentration.npy,/home/zyc/cess_d1r_168x16_reference_20260925/pmfs_17_15/rep_14_seed_2026106854/spatial/concentration.npy
115,pmfs_17_15,14,2026106855,pmfs_17_15/rep_15_seed_2026106855,fa443edf5f82a279b70f38bed57f92caac2dfe8409b3e0708e47eb817609e429,/home/zyc/cess_d1r_168x16_reference_20260925/pmfs_17_15/rep_15_seed_2026106855/spatial/concentration.npy,/home/zyc/cess_d1r_168x16_reference_20260925/pmfs_17_15/rep_15_seed_2026106855/spatial/concentration.npy
115,pmfs_17_15,15,2026106856,pmfs_17_15/rep_16_seed_2026106856,b962dd6dfe0072dfcba019e953d6c2903c40c85a096460c29b9ec0cfd7c29c74,/home/zyc/cess_d1r_168x16_reference_20260925/pmfs_17_15/rep_16_seed_2026106856/spatial/concentration.npy,/home/zyc/cess_d1r_168x16_reference_20260925/pmfs_17_15/rep_16_seed_2026106856/spatial/concentration.npy
116,pmfs_17_16,0,2026106857,pmfs_17_16/rep_01_seed_2026106857,b2f4be7501407d3909df88cbf51a8cc1692674437659b797125873346a65a30b,/home/zyc/cess_d1r_168x16_reference_20260925/pmfs_17_16/rep_01_seed_2026106857/spatial/concentration.npy,/home/zyc/cess_d1r_168x16_reference_20260925/pmfs_17_16/rep_01_seed_2026106857/spatial/concentration.npy
116,pmfs_17_16,1,2026106858,pmfs_17_16/rep_02_seed_2026106858,a081454daee52c6cfaf4010e6e37cec6ffb7c13cf33dbbabfdc38fe9ab8c4bf2,/home/zyc/cess_d1r_168x16_reference_20260925/pmfs_17_16/rep_02_seed_2026106858/spatial/concentration.npy,/home/zyc/cess_d1r_168x16_reference_20260925/pmfs_17_16/rep_02_seed_2026106858/spatial/concentration.npy
116,pmfs_17_16,2,2026106859,pmfs_17_16/rep_03_seed_2026106859,d34ce6d77645d29f9241f129d4df98bb3ae0abe86f7268307bda775920e4f359,/home/zyc/cess_d1r_168x16_reference_20260925/pmfs_17_16/rep_03_seed_2026106859/spatial/concentration.npy,/home/zyc/cess_d1r_168x16_reference_20260925/pmfs_17_16/rep_03_seed_2026106859/spatial/concentration.npy
116,pmfs_17_16,3,2026106860,pmfs_17_16/rep_04_seed_2026106860,3641299d283e93994fe724deedf5cc2c9d5f1617fe193ffd705c6f6ed195ef16,/home/zyc/cess_d1r_168x16_reference_20260925/pmfs_17_16/rep_04_seed_2026106860/spatial/concentration.npy,/home/zyc/cess_d1r_168x16_reference_20260925/pmfs_17_16/rep_04_seed_2026106860/spatial/concentration.npy
116,pmfs_17_16,4,2026106861,pmfs_17_16/rep_05_seed_2026106861,069cb0491dfaf9d9a44007cadb3b6074849f98ba5f9c8bca1c80de57328d1f70,/home/zyc/cess_d1r_168x16_reference_20260925/pmfs_17_16/rep_05_seed_2026106861/spatial/concentration.npy,/home/zyc/cess_d1r_168x16_reference_20260925/pmfs_17_16/rep_05_seed_2026106861/spatial/concentration.npy
116,pmfs_17_16,5,2026106862,pmfs_17_16/rep_06_seed_2026106862,4db4eb70f6a6e20b35b0dc3eb524876f23b9d23555fd3ffecb382dad3a5b4550,/home/zyc/cess_d1r_168x16_reference_20260925/pmfs_17_16/rep_06_seed_2026106862/spatial/concentration.npy,/home/zyc/cess_d1r_168x16_reference_20260925/pmfs_17_16/rep_06_seed_2026106862/spatial/concentration.npy
116,pmfs_17_16,6,2026106863,pmfs_17_16/rep_07_seed_2026106863,7b8f8beb0268a7348f2c794318e96199edd65c94637f3770b8869f5dd365f2c6,/home/zyc/cess_d1r_168x16_reference_20260925/pmfs_17_16/rep_07_seed_2026106863/spatial/concentration.npy,/home/zyc/cess_d1r_168x16_reference_20260925/pmfs_17_16/rep_07_seed_2026106863/spatial/concentration.npy
116,pmfs_17_16,7,2026106864,pmfs_17_16/rep_08_seed_2026106864,f3021951f1d30be2c38915213b4da3a3ab9b7619d4f792a4278b7446325ec021,/home/zyc/cess_d1r_168x16_reference_20260925/pmfs_17_16/rep_08_seed_2026106864/spatial/concentration.npy,/home/zyc/cess_d1r_168x16_reference_20260925/pmfs_17_16/rep_08_seed_2026106864/spatial/concentration.npy
116,pmfs_17_16,8,2026106865,pmfs_17_16/rep_09_seed_2026106865,17a144e0f95a5a41733ef15ad4c42e921750e7711d00bed8bf84e0b915f1cc2d,/home/zyc/cess_d1r_168x16_reference_20260925/pmfs_17_16/rep_09_seed_2026106865/spatial/concentration.npy,/home/zyc/cess_d1r_168x16_reference_20260925/pmfs_17_16/rep_09_seed_2026106865/spatial/concentration.npy
116,pmfs_17_16,9,2026106866,pmfs_17_16/rep_10_seed_2026106866,77a041cfd0e30c3e278c3433c0be7178b437298b616fe5fa20b417832ab8192e,/home/zyc/cess_d1r_168x16_reference_20260925/pmfs_17_16/rep_10_seed_2026106866/spatial/concentration.npy,/home/zyc/cess_d1r_168x16_reference_20260925/pmfs_17_16/rep_10_seed_2026106866/spatial/concentration.npy
116,pmfs_17_16,10,2026106867,pmfs_17_16/rep_11_seed_2026106867,df5195d89aa46e2fb8752c121d43296dabc34f2fcb13c010d9d5b2e3bcda03bb,/home/zyc/cess_d1r_168x16_reference_20260925/pmfs_17_16/rep_11_seed_2026106867/spatial/concentration.npy,/home/zyc/cess_d1r_168x16_reference_20260925/pmfs_17_16/rep_11_seed_2026106867/spatial/concentration.npy
116,pmfs_17_16,11,2026106868,pmfs_17_16/rep_12_seed_2026106868,784696d96ac1c9685f8b334dbc742ea95f93f2139e60fd0252e53506ad905f14,/home/zyc/cess_d1r_168x16_reference_20260925/pmfs_17_16/rep_12_seed_2026106868/spatial/concentration.npy,/home/zyc/cess_d1r_168x16_reference_20260925/pmfs_17_16/rep_12_seed_2026106868/spatial/concentration.npy
116,pmfs_17_16,12,2026106869,pmfs_17_16/rep_13_seed_2026106869,e3c0d611eb005275e6ab58021b5dec99576d18c416384b8c6181a771fdafb9d8,/home/zyc/cess_d1r_168x16_reference_20260925/pmfs_17_16/rep_13_seed_2026106869/spatial/concentration.npy,/home/zyc/cess_d1r_168x16_reference_20260925/pmfs_17_16/rep_13_seed_2026106869/spatial/concentration.npy
116,pmfs_17_16,13,2026106870,pmfs_17_16/rep_14_seed_2026106870,cbc79aebf6ff991a6fb8a83939a758de5d1373b7dd070b7d590e4b2d2beaf5eb,/home/zyc/cess_d1r_168x16_reference_20260925/pmfs_17_16/rep_14_seed_2026106870/spatial/concentration.npy,/home/zyc/cess_d1r_168x16_reference_20260925/pmfs_17_16/rep_14_seed_2026106870/spatial/concentration.npy
116,pmfs_17_16,14,2026106871,pmfs_17_16/rep_15_seed_2026106871,c53845a5ac9a76f1ea65eb2d8214ef69ca8f705520d43d9ac04a5e954685ba0c,/home/zyc/cess_d1r_168x16_reference_20260925/pmfs_17_16/rep_15_seed_2026106871/spatial/concentration.npy,/home/zyc/cess_d1r_168x16_reference_20260925/pmfs_17_16/rep_15_seed_2026106871/spatial/concentration.npy
116,pmfs_17_16,15,2026106872,pmfs_17_16/rep_16_seed_2026106872,cebbb66f867f0147f0782457b9156dad20de410089a719071300c3b07d1916de,/home/zyc/cess_d1r_168x16_reference_20260925/pmfs_17_16/rep_16_seed_2026106872/spatial/concentration.npy,/home/zyc/cess_d1r_168x16_reference_20260925/pmfs_17_16/rep_16_seed_2026106872/spatial/concentration.npy
117,pmfs_17_17,0,2026106873,pmfs_17_17/rep_01_seed_2026106873,37363b866a7bafc79f525760204a99cc95c263deba69f949fd2e21dba60dd2c9,/home/zyc/cess_d1r_168x16_reference_20260925/pmfs_17_17/rep_01_seed_2026106873/spatial/concentration.npy,/home/zyc/cess_d1r_168x16_reference_20260925/pmfs_17_17/rep_01_seed_2026106873/spatial/concentration.npy
117,pmfs_17_17,1,2026106874,pmfs_17_17/rep_02_seed_2026106874,62b6460435a019ad8784102a25be9c094996da59d22c2bb1dcb46d0a0441efcc,/home/zyc/cess_d1r_168x16_reference_20260925/pmfs_17_17/rep_02_seed_2026106874/spatial/concentration.npy,/home/zyc/cess_d1r_168x16_reference_20260925/pmfs_17_17/rep_02_seed_2026106874/spatial/concentration.npy
117,pmfs_17_17,2,2026106875,pmfs_17_17/rep_03_seed_2026106875,aa48ee1005d2833b726f175ab9f5fc86a5e4502c6b41a5f258abd52ae3e0f414,/home/zyc/cess_d1r_168x16_reference_20260925/pmfs_17_17/rep_03_seed_2026106875/spatial/concentration.npy,/home/zyc/cess_d1r_168x16_reference_20260925/pmfs_17_17/rep_03_seed_2026106875/spatial/concentration.npy
117,pmfs_17_17,3,2026106876,pmfs_17_17/rep_04_seed_2026106876,0a3e0e851b34f52dfbf473e231764b17218ec9ec33dd428078f8f609dca1fca6,/home/zyc/cess_d1r_168x16_reference_20260925/pmfs_17_17/rep_04_seed_2026106876/spatial/concentration.npy,/home/zyc/cess_d1r_168x16_reference_20260925/pmfs_17_17/rep_04_seed_2026106876/spatial/concentration.npy
117,pmfs_17_17,4,2026106877,pmfs_17_17/rep_05_seed_2026106877,2455f1f6319add455674cc9d4f6efcdfb18c9d14a34b85137ffe20da41cf8d09,/home/zyc/cess_d1r_168x16_reference_20260925/pmfs_17_17/rep_05_seed_2026106877/spatial/concentration.npy,/home/zyc/cess_d1r_168x16_reference_20260925/pmfs_17_17/rep_05_seed_2026106877/spatial/concentration.npy
117,pmfs_17_17,5,2026106878,pmfs_17_17/rep_06_seed_2026106878,20e69e59e18a8bc67c5c78857985b87113022fab039ba47789fccb01eb283bc9,/home/zyc/cess_d1r_168x16_reference_20260925/pmfs_17_17/rep_06_seed_2026106878/spatial/concentration.npy,/home/zyc/cess_d1r_168x16_reference_20260925/pmfs_17_17/rep_06_seed_2026106878/spatial/concentration.npy
117,pmfs_17_17,6,2026106879,pmfs_17_17/rep_07_seed_2026106879,6b704d171f0df72f0f02045f741cb2569959cdd7685045cb87d0d5fcd20225db,/home/zyc/cess_d1r_168x16_reference_20260925/pmfs_17_17/rep_07_seed_2026106879/spatial/concentration.npy,/home/zyc/cess_d1r_168x16_reference_20260925/pmfs_17_17/rep_07_seed_2026106879/spatial/concentration.npy
117,pmfs_17_17,7,2026106880,pmfs_17_17/rep_08_seed_2026106880,a1a6fc4e5ab5bd6050219da7d9f7d966791c0186b915e9c3c1c776709a600d50,/home/zyc/cess_d1r_168x16_reference_20260925/pmfs_17_17/rep_08_seed_2026106880/spatial/concentration.npy,/home/zyc/cess_d1r_168x16_reference_20260925/pmfs_17_17/rep_08_seed_2026106880/spatial/concentration.npy
117,pmfs_17_17,8,2026106881,pmfs_17_17/rep_09_seed_2026106881,669cd3c0be2f66a7028f6fdefb41f15dda4065df8ae5e7a113decdcb0dced2da,/home/zyc/cess_d1r_168x16_reference_20260925/pmfs_17_17/rep_09_seed_2026106881/spatial/concentration.npy,/home/zyc/cess_d1r_168x16_reference_20260925/pmfs_17_17/rep_09_seed_2026106881/spatial/concentration.npy
117,pmfs_17_17,9,2026106882,pmfs_17_17/rep_10_seed_2026106882,bacf602d1c31642c246b99dafe92e46d84140ee66c4891e87a9b0bb02ca4ce17,/home/zyc/cess_d1r_168x16_reference_20260925/pmfs_17_17/rep_10_seed_2026106882/spatial/concentration.npy,/home/zyc/cess_d1r_168x16_reference_20260925/pmfs_17_17/rep_10_seed_2026106882/spatial/concentration.npy
117,pmfs_17_17,10,2026106883,pmfs_17_17/rep_11_seed_2026106883,e6239d8218a1b6862ac8bbace5d687366c96449bb89ad3565f4f8584155aa477,/home/zyc/cess_d1r_168x16_reference_20260925/pmfs_17_17/rep_11_seed_2026106883/spatial/concentration.npy,/home/zyc/cess_d1r_168x16_reference_20260925/pmfs_17_17/rep_11_seed_2026106883/spatial/concentration.npy
117,pmfs_17_17,11,2026106884,pmfs_17_17/rep_12_seed_2026106884,7c3cfa4549aea4edb7ed0ea9cb9f1360305dd9c6934a883120259739457eb4f9,/home/zyc/cess_d1r_168x16_reference_20260925/pmfs_17_17/rep_12_seed_2026106884/spatial/concentration.npy,/home/zyc/cess_d1r_168x16_reference_20260925/pmfs_17_17/rep_12_seed_2026106884/spatial/concentration.npy
117,pmfs_17_17,12,2026106885,pmfs_17_17/rep_13_seed_2026106885,da831d7573465f8cda6a5cc5281b41c7bdada17ccd00554246fb99c95fd0f528,/home/zyc/cess_d1r_168x16_reference_20260925/pmfs_17_17/rep_13_seed_2026106885/spatial/concentration.npy,/home/zyc/cess_d1r_168x16_reference_20260925/pmfs_17_17/rep_13_seed_2026106885/spatial/concentration.npy
117,pmfs_17_17,13,2026106886,pmfs_17_17/rep_14_seed_2026106886,18d814f3c90451d71db4895e2f363d501c43d112e736a456574c5de85e42fb3e,/home/zyc/cess_d1r_168x16_reference_20260925/pmfs_17_17/rep_14_seed_2026106886/spatial/concentration.npy,/home/zyc/cess_d1r_168x16_reference_20260925/pmfs_17_17/rep_14_seed_2026106886/spatial/concentration.npy
117,pmfs_17_17,14,2026106887,pmfs_17_17/rep_15_seed_2026106887,de16a2479d5754629dd1b2c4eafc66d609128014e120e1384ec5d7972c6bc261,/home/zyc/cess_d1r_168x16_reference_20260925/pmfs_17_17/rep_15_seed_2026106887/spatial/concentration.npy,/home/zyc/cess_d1r_168x16_reference_20260925/pmfs_17_17/rep_15_seed_2026106887/spatial/concentration.npy
117,pmfs_17_17,15,2026106888,pmfs_17_17/rep_16_seed_2026106888,123260967e8b6d31f13e77be5301db67b9d3ee0f10bd934c2699923ceb1a391f,/home/zyc/cess_d1r_168x16_reference_20260925/pmfs_17_17/rep_16_seed_2026106888/spatial/concentration.npy,/home/zyc/cess_d1r_168x16_reference_20260925/pmfs_17_17/rep_16_seed_2026106888/spatial/concentration.npy
118,pmfs_17_18,0,2026106889,pmfs_17_18/rep_01_seed_2026106889,b99ad8d2f14bf78d54424e394a99021cff3b5c815f2c020e6fe18d1b0406b374,/home/zyc/cess_d1r_168x16_reference_20260925/pmfs_17_18/rep_01_seed_2026106889/spatial/concentration.npy,/home/zyc/cess_d1r_168x16_reference_20260925/pmfs_17_18/rep_01_seed_2026106889/spatial/concentration.npy
118,pmfs_17_18,1,2026106890,pmfs_17_18/rep_02_seed_2026106890,69e146868646bbe0e63fcefcfc1c21a9075c7b3499333de8fca4cd1e9bcb0a9f,/home/zyc/cess_d1r_168x16_reference_20260925/pmfs_17_18/rep_02_seed_2026106890/spatial/concentration.npy,/home/zyc/cess_d1r_168x16_reference_20260925/pmfs_17_18/rep_02_seed_2026106890/spatial/concentration.npy
118,pmfs_17_18,2,2026106891,pmfs_17_18/rep_03_seed_2026106891,d0b32d197ea96eb12667ecb7942e37018bb110fc80849981b3fa4829ec286064,/home/zyc/cess_d1r_168x16_reference_20260925/pmfs_17_18/rep_03_seed_2026106891/spatial/concentration.npy,/home/zyc/cess_d1r_168x16_reference_20260925/pmfs_17_18/rep_03_seed_2026106891/spatial/concentration.npy
118,pmfs_17_18,3,2026106892,pmfs_17_18/rep_04_seed_2026106892,3764f12ab35d83cf9602618bb9f8062a6e29a279cbc32a4f432df91a71c0344f,/home/zyc/cess_d1r_168x16_reference_20260925/pmfs_17_18/rep_04_seed_2026106892/spatial/concentration.npy,/home/zyc/cess_d1r_168x16_reference_20260925/pmfs_17_18/rep_04_seed_2026106892/spatial/concentration.npy
118,pmfs_17_18,4,2026106893,pmfs_17_18/rep_05_seed_2026106893,c57aa574d23eeffc4f18e31c76ed04d54a38553c55f8d847f27629f514dbc8d8,/home/zyc/cess_d1r_168x16_reference_20260925/pmfs_17_18/rep_05_seed_2026106893/spatial/concentration.npy,/home/zyc/cess_d1r_168x16_reference_20260925/pmfs_17_18/rep_05_seed_2026106893/spatial/concentration.npy
118,pmfs_17_18,5,2026106894,pmfs_17_18/rep_06_seed_2026106894,3f05f6a1d040f29493f4160521a3a8f95bc8cc42925a8de7839414a529aa1cf5,/home/zyc/cess_d1r_168x16_reference_20260925/pmfs_17_18/rep_06_seed_2026106894/spatial/concentration.npy,/home/zyc/cess_d1r_168x16_reference_20260925/pmfs_17_18/rep_06_seed_2026106894/spatial/concentration.npy
118,pmfs_17_18,6,2026106895,pmfs_17_18/rep_07_seed_2026106895,7807f78e72b10014e3cd11201597ec3758c341040a7ee415aece9de12e1a4dfe,/home/zyc/cess_d1r_168x16_reference_20260925/pmfs_17_18/rep_07_seed_2026106895/spatial/concentration.npy,/home/zyc/cess_d1r_168x16_reference_20260925/pmfs_17_18/rep_07_seed_2026106895/spatial/concentration.npy
118,pmfs_17_18,7,2026106896,pmfs_17_18/rep_08_seed_2026106896,77483ae58a44ea042b98545188e44232c87aab4088de05ba68f58ee2cd692b5a,/home/zyc/cess_d1r_168x16_reference_20260925/pmfs_17_18/rep_08_seed_2026106896/spatial/concentration.npy,/home/zyc/cess_d1r_168x16_reference_20260925/pmfs_17_18/rep_08_seed_2026106896/spatial/concentration.npy
118,pmfs_17_18,8,2026106897,pmfs_17_18/rep_09_seed_2026106897,800f2a4fa448492fabcbd83b7f599c6a2556f47bdba476723f0e11933a2b9cbc,/home/zyc/cess_d1r_168x16_reference_20260925/pmfs_17_18/rep_09_seed_2026106897/spatial/concentration.npy,/home/zyc/cess_d1r_168x16_reference_20260925/pmfs_17_18/rep_09_seed_2026106897/spatial/concentration.npy
118,pmfs_17_18,9,2026106898,pmfs_17_18/rep_10_seed_2026106898,015e846e1519044c68ff387ece1ce35de273de038624c0dce925bb43e747fdaf,/home/zyc/cess_d1r_168x16_reference_20260925/pmfs_17_18/rep_10_seed_2026106898/spatial/concentration.npy,/home/zyc/cess_d1r_168x16_reference_20260925/pmfs_17_18/rep_10_seed_2026106898/spatial/concentration.npy
118,pmfs_17_18,10,2026106899,pmfs_17_18/rep_11_seed_2026106899,10282c73a11610f238e00be265de9c9409ee962e039158fc9e54ef1187439157,/home/zyc/cess_d1r_168x16_reference_20260925/pmfs_17_18/rep_11_seed_2026106899/spatial/concentration.npy,/home/zyc/cess_d1r_168x16_reference_20260925/pmfs_17_18/rep_11_seed_2026106899/spatial/concentration.npy
118,pmfs_17_18,11,2026106900,pmfs_17_18/rep_12_seed_2026106900,76bbe56ec71623bdf1204d2ac951a6ebda40f1a228ad09a434d85375d1549a67,/home/zyc/cess_d1r_168x16_reference_20260925/pmfs_17_18/rep_12_seed_2026106900/spatial/concentration.npy,/home/zyc/cess_d1r_168x16_reference_20260925/pmfs_17_18/rep_12_seed_2026106900/spatial/concentration.npy
118,pmfs_17_18,12,2026106901,pmfs_17_18/rep_13_seed_2026106901,0d4e890125118fbd096744f022d020164bf04ff59bdedfc3f973ad3bb04e30ef,/home/zyc/cess_d1r_168x16_reference_20260925/pmfs_17_18/rep_13_seed_2026106901/spatial/concentration.npy,/home/zyc/cess_d1r_168x16_reference_20260925/pmfs_17_18/rep_13_seed_2026106901/spatial/concentration.npy
118,pmfs_17_18,13,2026106902,pmfs_17_18/rep_14_seed_2026106902,ef8ad3a40398f88c51fea00c588c044caefabae14512e4d54b01cfde9ce4a804,/home/zyc/cess_d1r_168x16_reference_20260925/pmfs_17_18/rep_14_seed_2026106902/spatial/concentration.npy,/home/zyc/cess_d1r_168x16_reference_20260925/pmfs_17_18/rep_14_seed_2026106902/spatial/concentration.npy
118,pmfs_17_18,14,2026106903,pmfs_17_18/rep_15_seed_2026106903,11caa35bb258dacf1cdbb79cf797a48330c236b02c80e8b21defba5d04a923f8,/home/zyc/cess_d1r_168x16_reference_20260925/pmfs_17_18/rep_15_seed_2026106903/spatial/concentration.npy,/home/zyc/cess_d1r_168x16_reference_20260925/pmfs_17_18/rep_15_seed_2026106903/spatial/concentration.npy
118,pmfs_17_18,15,2026106904,pmfs_17_18/rep_16_seed_2026106904,96e0a4ea8c9a44aaecae86c0819a79602998483aab8cea81be97d1a5d228aea8,/home/zyc/cess_d1r_168x16_reference_20260925/pmfs_17_18/rep_16_seed_2026106904/spatial/concentration.npy,/home/zyc/cess_d1r_168x16_reference_20260925/pmfs_17_18/rep_16_seed_2026106904/spatial/concentration.npy
119,pmfs_18_12,0,2026106905,pmfs_18_12/rep_01_seed_2026106905,c8fcbd5754ee1af5f28ecdc6f5966d53733e61f43cdf5763ca6a074e405be55b,/home/zyc/cess_d1r_168x16_reference_20260925/pmfs_18_12/rep_01_seed_2026106905/spatial/concentration.npy,/home/zyc/cess_d1r_168x16_reference_20260925/pmfs_18_12/rep_01_seed_2026106905/spatial/concentration.npy
119,pmfs_18_12,1,2026106906,pmfs_18_12/rep_02_seed_2026106906,0a9ab7b73dd66e0a11f869a1024bc9aa1aa70180143a5f8219fec12ea7690f8c,/home/zyc/cess_d1r_168x16_reference_20260925/pmfs_18_12/rep_02_seed_2026106906/spatial/concentration.npy,/home/zyc/cess_d1r_168x16_reference_20260925/pmfs_18_12/rep_02_seed_2026106906/spatial/concentration.npy
119,pmfs_18_12,2,2026106907,pmfs_18_12/rep_03_seed_2026106907,b809722cdad4c97d450501587a88a71470954b97cee57eb5a69b474c630f9ca4,/home/zyc/cess_d1r_168x16_reference_20260925/pmfs_18_12/rep_03_seed_2026106907/spatial/concentration.npy,/home/zyc/cess_d1r_168x16_reference_20260925/pmfs_18_12/rep_03_seed_2026106907/spatial/concentration.npy
119,pmfs_18_12,3,2026106908,pmfs_18_12/rep_04_seed_2026106908,396f14ed031b232adc04365257a66e2050f660e768cd2e436b5bc9090b6d9856,/home/zyc/cess_d1r_168x16_reference_20260925/pmfs_18_12/rep_04_seed_2026106908/spatial/concentration.npy,/home/zyc/cess_d1r_168x16_reference_20260925/pmfs_18_12/rep_04_seed_2026106908/spatial/concentration.npy
119,pmfs_18_12,4,2026106909,pmfs_18_12/rep_05_seed_2026106909,62506c7af274f82874f83b2ca3482fae777bddcf7ac417b4cc0983684006ed3a,/home/zyc/cess_d1r_168x16_reference_20260925/pmfs_18_12/rep_05_seed_2026106909/spatial/concentration.npy,/home/zyc/cess_d1r_168x16_reference_20260925/pmfs_18_12/rep_05_seed_2026106909/spatial/concentration.npy
119,pmfs_18_12,5,2026106910,pmfs_18_12/rep_06_seed_2026106910,2d133e37f35b518b62f6d02f57c6148404463c0aaaba8de60c32d3da5ad2dd78,/home/zyc/cess_d1r_168x16_reference_20260925/pmfs_18_12/rep_06_seed_2026106910/spatial/concentration.npy,/home/zyc/cess_d1r_168x16_reference_20260925/pmfs_18_12/rep_06_seed_2026106910/spatial/concentration.npy
119,pmfs_18_12,6,2026106911,pmfs_18_12/rep_07_seed_2026106911,ecf676ab26dc22b2b7ae1b3e368584177816e69968e8938ba547ec9bc4fd9a61,/home/zyc/cess_d1r_168x16_reference_20260925/pmfs_18_12/rep_07_seed_2026106911/spatial/concentration.npy,/home/zyc/cess_d1r_168x16_reference_20260925/pmfs_18_12/rep_07_seed_2026106911/spatial/concentration.npy
119,pmfs_18_12,7,2026106912,pmfs_18_12/rep_08_seed_2026106912,999145d7993b490f82827ba66d20c358c68fce57f9252a5bb165a79f3e98fa66,/home/zyc/cess_d1r_168x16_reference_20260925/pmfs_18_12/rep_08_seed_2026106912/spatial/concentration.npy,/home/zyc/cess_d1r_168x16_reference_20260925/pmfs_18_12/rep_08_seed_2026106912/spatial/concentration.npy
119,pmfs_18_12,8,2026106913,pmfs_18_12/rep_09_seed_2026106913,5f6721d2c4337d8f18a9ab1f8f72630b31c9f68dba6d1ee34ae2d9bf15fe97b6,/home/zyc/cess_d1r_168x16_reference_20260925/pmfs_18_12/rep_09_seed_2026106913/spatial/concentration.npy,/home/zyc/cess_d1r_168x16_reference_20260925/pmfs_18_12/rep_09_seed_2026106913/spatial/concentration.npy
119,pmfs_18_12,9,2026106914,pmfs_18_12/rep_10_seed_2026106914,d7d8f2270e935bc65eca117778d665a7912f13ab15c9abff1128ff4f99f28c2f,/home/zyc/cess_d1r_168x16_reference_20260925/pmfs_18_12/rep_10_seed_2026106914/spatial/concentration.npy,/home/zyc/cess_d1r_168x16_reference_20260925/pmfs_18_12/rep_10_seed_2026106914/spatial/concentration.npy
119,pmfs_18_12,10,2026106915,pmfs_18_12/rep_11_seed_2026106915,73db5723913ee5a0c7fe67f75c18ca3aec46e2a59820cc525063e8648f546ec1,/home/zyc/cess_d1r_168x16_reference_20260925/pmfs_18_12/rep_11_seed_2026106915/spatial/concentration.npy,/home/zyc/cess_d1r_168x16_reference_20260925/pmfs_18_12/rep_11_seed_2026106915/spatial/concentration.npy
119,pmfs_18_12,11,2026106916,pmfs_18_12/rep_12_seed_2026106916,6de8ef1d67be762ab810d4d5e10f8ff2d92b7aa9c9ebc44f9851c519858ff04c,/home/zyc/cess_d1r_168x16_reference_20260925/pmfs_18_12/rep_12_seed_2026106916/spatial/concentration.npy,/home/zyc/cess_d1r_168x16_reference_20260925/pmfs_18_12/rep_12_seed_2026106916/spatial/concentration.npy
119,pmfs_18_12,12,2026106917,pmfs_18_12/rep_13_seed_2026106917,79570562fe17c3d5395595e3cafefd3ed5dadf9d3dc1b8e7f46176fe16f4f1fd,/home/zyc/cess_d1r_168x16_reference_20260925/pmfs_18_12/rep_13_seed_2026106917/spatial/concentration.npy,/home/zyc/cess_d1r_168x16_reference_20260925/pmfs_18_12/rep_13_seed_2026106917/spatial/concentration.npy
119,pmfs_18_12,13,2026106918,pmfs_18_12/rep_14_seed_2026106918,99c476054966b7797223843cf3a982f5bb112c12ce8b46e2951b86f754415e28,/home/zyc/cess_d1r_168x16_reference_20260925/pmfs_18_12/rep_14_seed_2026106918/spatial/concentration.npy,/home/zyc/cess_d1r_168x16_reference_20260925/pmfs_18_12/rep_14_seed_2026106918/spatial/concentration.npy
119,pmfs_18_12,14,2026106919,pmfs_18_12/rep_15_seed_2026106919,eaf9fe44e59eca801e8bd97a74fa0c139cc4c4fb02ca0f99cb1d7d976b9e2ced,/home/zyc/cess_d1r_168x16_reference_20260925/pmfs_18_12/rep_15_seed_2026106919/spatial/concentration.npy,/home/zyc/cess_d1r_168x16_reference_20260925/pmfs_18_12/rep_15_seed_2026106919/spatial/concentration.npy
119,pmfs_18_12,15,2026106920,pmfs_18_12/rep_16_seed_2026106920,c67c15d9b5d4fa2c08c71e0b46fa0098b17e0a5a904adb3ac3949065229c0611,/home/zyc/cess_d1r_168x16_reference_20260925/pmfs_18_12/rep_16_seed_2026106920/spatial/concentration.npy,/home/zyc/cess_d1r_168x16_reference_20260925/pmfs_18_12/rep_16_seed_2026106920/spatial/concentration.npy
120,pmfs_18_13,0,2026106921,pmfs_18_13/rep_01_seed_2026106921,adc1e4db6560deabb6411a2111276541d4c653b5b1b0a5371f65dc42e0855d1b,/home/zyc/cess_d1r_168x16_reference_20260925/pmfs_18_13/rep_01_seed_2026106921/spatial/concentration.npy,/home/zyc/cess_d1r_168x16_reference_20260925/pmfs_18_13/rep_01_seed_2026106921/spatial/concentration.npy
120,pmfs_18_13,1,2026106922,pmfs_18_13/rep_02_seed_2026106922,8141740e57ab85e49184f113f1464c486c9751d63905e1594cb22f339567cd1c,/home/zyc/cess_d1r_168x16_reference_20260925/pmfs_18_13/rep_02_seed_2026106922/spatial/concentration.npy,/home/zyc/cess_d1r_168x16_reference_20260925/pmfs_18_13/rep_02_seed_2026106922/spatial/concentration.npy
120,pmfs_18_13,2,2026106923,pmfs_18_13/rep_03_seed_2026106923,55e418d37c2ae74ce0698a511bc7bc36a6f4062b79242decf6582082a40b38fa,/home/zyc/cess_d1r_168x16_reference_20260925/pmfs_18_13/rep_03_seed_2026106923/spatial/concentration.npy,/home/zyc/cess_d1r_168x16_reference_20260925/pmfs_18_13/rep_03_seed_2026106923/spatial/concentration.npy
120,pmfs_18_13,3,2026106924,pmfs_18_13/rep_04_seed_2026106924,35812ba327e458951ca9eaa9d72627b02ac376737739fecc63faf35ac80d7328,/home/zyc/cess_d1r_168x16_reference_20260925/pmfs_18_13/rep_04_seed_2026106924/spatial/concentration.npy,/home/zyc/cess_d1r_168x16_reference_20260925/pmfs_18_13/rep_04_seed_2026106924/spatial/concentration.npy
120,pmfs_18_13,4,2026106925,pmfs_18_13/rep_05_seed_2026106925,6207f1b812f417490a1cfa75f18147d7ba2009333b924a85b0413aef04facdb9,/home/zyc/cess_d1r_168x16_reference_20260925/pmfs_18_13/rep_05_seed_2026106925/spatial/concentration.npy,/home/zyc/cess_d1r_168x16_reference_20260925/pmfs_18_13/rep_05_seed_2026106925/spatial/concentration.npy
120,pmfs_18_13,5,2026106926,pmfs_18_13/rep_06_seed_2026106926,620b93914d2ef9780d1b3ae1437cd782a7a677f0ac6bcea3157b7e028e651020,/home/zyc/cess_d1r_168x16_reference_20260925/pmfs_18_13/rep_06_seed_2026106926/spatial/concentration.npy,/home/zyc/cess_d1r_168x16_reference_20260925/pmfs_18_13/rep_06_seed_2026106926/spatial/concentration.npy
120,pmfs_18_13,6,2026106927,pmfs_18_13/rep_07_seed_2026106927,fdbdfb089ae6a507097b7e248003576585d1e2e8546e07421bb03788668a2098,/home/zyc/cess_d1r_168x16_reference_20260925/pmfs_18_13/rep_07_seed_2026106927/spatial/concentration.npy,/home/zyc/cess_d1r_168x16_reference_20260925/pmfs_18_13/rep_07_seed_2026106927/spatial/concentration.npy
120,pmfs_18_13,7,2026106928,pmfs_18_13/rep_08_seed_2026106928,8e4d717b0f8ad7a2ce6ea655cc5ee5798e99325e44aaff0592e05fe13ea543ef,/home/zyc/cess_d1r_168x16_reference_20260925/pmfs_18_13/rep_08_seed_2026106928/spatial/concentration.npy,/home/zyc/cess_d1r_168x16_reference_20260925/pmfs_18_13/rep_08_seed_2026106928/spatial/concentration.npy
120,pmfs_18_13,8,2026106929,pmfs_18_13/rep_09_seed_2026106929,384a73343b19fba61655f20c25a386491444a91c658a19f9b473c2041016d17a,/home/zyc/cess_d1r_168x16_reference_20260925/pmfs_18_13/rep_09_seed_2026106929/spatial/concentration.npy,/home/zyc/cess_d1r_168x16_reference_20260925/pmfs_18_13/rep_09_seed_2026106929/spatial/concentration.npy
120,pmfs_18_13,9,2026106930,pmfs_18_13/rep_10_seed_2026106930,174d22648e5eb7da4bf48a0cc2354712f6912a38e1c70ffa55c370eb18e6babc,/home/zyc/cess_d1r_168x16_reference_20260925/pmfs_18_13/rep_10_seed_2026106930/spatial/concentration.npy,/home/zyc/cess_d1r_168x16_reference_20260925/pmfs_18_13/rep_10_seed_2026106930/spatial/concentration.npy
120,pmfs_18_13,10,2026106931,pmfs_18_13/rep_11_seed_2026106931,752f98433e9e75a167ee3ead653f2474f0652cd793deca55174a12b5a497a82a,/home/zyc/cess_d1r_168x16_reference_20260925/pmfs_18_13/rep_11_seed_2026106931/spatial/concentration.npy,/home/zyc/cess_d1r_168x16_reference_20260925/pmfs_18_13/rep_11_seed_2026106931/spatial/concentration.npy
120,pmfs_18_13,11,2026106932,pmfs_18_13/rep_12_seed_2026106932,8d3c4f216d1f0fc68d1aef9a82efba446f349cd5eccdf99665b380839592d624,/home/zyc/cess_d1r_168x16_reference_20260925/pmfs_18_13/rep_12_seed_2026106932/spatial/concentration.npy,/home/zyc/cess_d1r_168x16_reference_20260925/pmfs_18_13/rep_12_seed_2026106932/spatial/concentration.npy
120,pmfs_18_13,12,2026106933,pmfs_18_13/rep_13_seed_2026106933,3e7491487396e5fd2a10f946a847d6d93a81b76b35e00bf5562a6764f2bf151b,/home/zyc/cess_d1r_168x16_reference_20260925/pmfs_18_13/rep_13_seed_2026106933/spatial/concentration.npy,/home/zyc/cess_d1r_168x16_reference_20260925/pmfs_18_13/rep_13_seed_2026106933/spatial/concentration.npy
120,pmfs_18_13,13,2026106934,pmfs_18_13/rep_14_seed_2026106934,338c3f01b6dda37e28c05853d16027cea62065c17cb1defffbbd0c1ba4fe1cb0,/home/zyc/cess_d1r_168x16_reference_20260925/pmfs_18_13/rep_14_seed_2026106934/spatial/concentration.npy,/home/zyc/cess_d1r_168x16_reference_20260925/pmfs_18_13/rep_14_seed_2026106934/spatial/concentration.npy
120,pmfs_18_13,14,2026106935,pmfs_18_13/rep_15_seed_2026106935,3b9857526d17d55a2c08cd20225015766a320a24d5eb429d90dc890a82238a9b,/home/zyc/cess_d1r_168x16_reference_20260925/pmfs_18_13/rep_15_seed_2026106935/spatial/concentration.npy,/home/zyc/cess_d1r_168x16_reference_20260925/pmfs_18_13/rep_15_seed_2026106935/spatial/concentration.npy
120,pmfs_18_13,15,2026106936,pmfs_18_13/rep_16_seed_2026106936,9ddbbec93d543039d2e83c5d8a4f53e5be7a48aa53f149b50831f2493c40328c,/home/zyc/cess_d1r_168x16_reference_20260925/pmfs_18_13/rep_16_seed_2026106936/spatial/concentration.npy,/home/zyc/cess_d1r_168x16_reference_20260925/pmfs_18_13/rep_16_seed_2026106936/spatial/concentration.npy
121,pmfs_18_14,0,2026106937,pmfs_18_14/rep_01_seed_2026106937,b763c0c6aae73a70c90041f88f38abf6d0bfc311b55aab5b5f5d358f1f93c60a,/home/zyc/cess_d1r_168x16_reference_20260925/pmfs_18_14/rep_01_seed_2026106937/spatial/concentration.npy,/home/zyc/cess_d1r_168x16_reference_20260925/pmfs_18_14/rep_01_seed_2026106937/spatial/concentration.npy
121,pmfs_18_14,1,2026106938,pmfs_18_14/rep_02_seed_2026106938,2cd505c9192a50977106b5c51c2e476a79c580893cf3825dbdc22d68dc64f10c,/home/zyc/cess_d1r_168x16_reference_20260925/pmfs_18_14/rep_02_seed_2026106938/spatial/concentration.npy,/home/zyc/cess_d1r_168x16_reference_20260925/pmfs_18_14/rep_02_seed_2026106938/spatial/concentration.npy
121,pmfs_18_14,2,2026106939,pmfs_18_14/rep_03_seed_2026106939,8a97e6db0649f182765211cc489e5a242c17c16716cfeef00b52c211872a603d,/home/zyc/cess_d1r_168x16_reference_20260925/pmfs_18_14/rep_03_seed_2026106939/spatial/concentration.npy,/home/zyc/cess_d1r_168x16_reference_20260925/pmfs_18_14/rep_03_seed_2026106939/spatial/concentration.npy
121,pmfs_18_14,3,2026106940,pmfs_18_14/rep_04_seed_2026106940,2365587809a25a5b8a6e0a9a969d577bc197b72cafd40858e9d4c02841434fb1,/home/zyc/cess_d1r_168x16_reference_20260925/pmfs_18_14/rep_04_seed_2026106940/spatial/concentration.npy,/home/zyc/cess_d1r_168x16_reference_20260925/pmfs_18_14/rep_04_seed_2026106940/spatial/concentration.npy
121,pmfs_18_14,4,2026106941,pmfs_18_14/rep_05_seed_2026106941,f30e54c2a9b76e100e37ade07d72cbd6581d08e4e05dfbdfbf4e3d1cdde70bb1,/home/zyc/cess_d1r_168x16_reference_20260925/pmfs_18_14/rep_05_seed_2026106941/spatial/concentration.npy,/home/zyc/cess_d1r_168x16_reference_20260925/pmfs_18_14/rep_05_seed_2026106941/spatial/concentration.npy
121,pmfs_18_14,5,2026106942,pmfs_18_14/rep_06_seed_2026106942,7c2f90440afbcc39a804637a27cca6db62789e6e7056c120150ceb1b45fdf460,/home/zyc/cess_d1r_168x16_reference_20260925/pmfs_18_14/rep_06_seed_2026106942/spatial/concentration.npy,/home/zyc/cess_d1r_168x16_reference_20260925/pmfs_18_14/rep_06_seed_2026106942/spatial/concentration.npy
121,pmfs_18_14,6,2026106943,pmfs_18_14/rep_07_seed_2026106943,98361c4312f56a0301e01962dfe808e899c581f7c763cfb872835f970d76343e,/home/zyc/cess_d1r_168x16_reference_20260925/pmfs_18_14/rep_07_seed_2026106943/spatial/concentration.npy,/home/zyc/cess_d1r_168x16_reference_20260925/pmfs_18_14/rep_07_seed_2026106943/spatial/concentration.npy
121,pmfs_18_14,7,2026106944,pmfs_18_14/rep_08_seed_2026106944,6fd067a384612c8c70137bb4982ba572fac7e670ab4213f13db916998dd99a1e,/home/zyc/cess_d1r_168x16_reference_20260925/pmfs_18_14/rep_08_seed_2026106944/spatial/concentration.npy,/home/zyc/cess_d1r_168x16_reference_20260925/pmfs_18_14/rep_08_seed_2026106944/spatial/concentration.npy
121,pmfs_18_14,8,2026106945,pmfs_18_14/rep_09_seed_2026106945,486445e46264b9d01e30be33af123dd713817fecae4f20eee43c304497d34fb3,/home/zyc/cess_d1r_168x16_reference_20260925/pmfs_18_14/rep_09_seed_2026106945/spatial/concentration.npy,/home/zyc/cess_d1r_168x16_reference_20260925/pmfs_18_14/rep_09_seed_2026106945/spatial/concentration.npy
121,pmfs_18_14,9,2026106946,pmfs_18_14/rep_10_seed_2026106946,e60bb4e12fa025ff16e12afcb61c0f03638b0818ed0674bf84be7c2076ecfbba,/home/zyc/cess_d1r_168x16_reference_20260925/pmfs_18_14/rep_10_seed_2026106946/spatial/concentration.npy,/home/zyc/cess_d1r_168x16_reference_20260925/pmfs_18_14/rep_10_seed_2026106946/spatial/concentration.npy
121,pmfs_18_14,10,2026106947,pmfs_18_14/rep_11_seed_2026106947,d34a1f192ea5a0717ca3ab575aedab048b16a99a3a24f0351af894621bccc58e,/home/zyc/cess_d1r_168x16_reference_20260925/pmfs_18_14/rep_11_seed_2026106947/spatial/concentration.npy,/home/zyc/cess_d1r_168x16_reference_20260925/pmfs_18_14/rep_11_seed_2026106947/spatial/concentration.npy
121,pmfs_18_14,11,2026106948,pmfs_18_14/rep_12_seed_2026106948,1fb898e3776a55e74b22aa0da2e3ae8c601fc04c0b93a979b6ec3fb0ddefe2ea,/home/zyc/cess_d1r_168x16_reference_20260925/pmfs_18_14/rep_12_seed_2026106948/spatial/concentration.npy,/home/zyc/cess_d1r_168x16_reference_20260925/pmfs_18_14/rep_12_seed_2026106948/spatial/concentration.npy
121,pmfs_18_14,12,2026106949,pmfs_18_14/rep_13_seed_2026106949,28af77696df61a323bed8597959acb6950b85a37a743d716a09bb40c130e6fa6,/home/zyc/cess_d1r_168x16_reference_20260925/pmfs_18_14/rep_13_seed_2026106949/spatial/concentration.npy,/home/zyc/cess_d1r_168x16_reference_20260925/pmfs_18_14/rep_13_seed_2026106949/spatial/concentration.npy
121,pmfs_18_14,13,2026106950,pmfs_18_14/rep_14_seed_2026106950,ceb605aba44f1d0be457f7f04511b0ff46694431b31fd2cb3264e506848c91ee,/home/zyc/cess_d1r_168x16_reference_20260925/pmfs_18_14/rep_14_seed_2026106950/spatial/concentration.npy,/home/zyc/cess_d1r_168x16_reference_20260925/pmfs_18_14/rep_14_seed_2026106950/spatial/concentration.npy
121,pmfs_18_14,14,2026106951,pmfs_18_14/rep_15_seed_2026106951,00d58f9118c169830aa47f9a5c0437241523619582cce2e84a9d850e21336844,/home/zyc/cess_d1r_168x16_reference_20260925/pmfs_18_14/rep_15_seed_2026106951/spatial/concentration.npy,/home/zyc/cess_d1r_168x16_reference_20260925/pmfs_18_14/rep_15_seed_2026106951/spatial/concentration.npy
121,pmfs_18_14,15,2026106952,pmfs_18_14/rep_16_seed_2026106952,e1e702e0f7a6df100e2ab6948e4c04d1472eecca2266ab96480b2f7aa030ea90,/home/zyc/cess_d1r_168x16_reference_20260925/pmfs_18_14/rep_16_seed_2026106952/spatial/concentration.npy,/home/zyc/cess_d1r_168x16_reference_20260925/pmfs_18_14/rep_16_seed_2026106952/spatial/concentration.npy
122,pmfs_18_15,0,2026106953,pmfs_18_15/rep_01_seed_2026106953,05c0ae48b62210bb63df72f52bbac7d0b459a7fbf78f1d4e9f3bb8940271e7f5,/home/zyc/cess_d1r_168x16_reference_20260925/pmfs_18_15/rep_01_seed_2026106953/spatial/concentration.npy,/home/zyc/cess_d1r_168x16_reference_20260925/pmfs_18_15/rep_01_seed_2026106953/spatial/concentration.npy
122,pmfs_18_15,1,2026106954,pmfs_18_15/rep_02_seed_2026106954,ba9d35c2734f5f0a89c2385de0a631b8ff1ae70bcf664d72100154149a54028e,/home/zyc/cess_d1r_168x16_reference_20260925/pmfs_18_15/rep_02_seed_2026106954/spatial/concentration.npy,/home/zyc/cess_d1r_168x16_reference_20260925/pmfs_18_15/rep_02_seed_2026106954/spatial/concentration.npy
122,pmfs_18_15,2,2026106955,pmfs_18_15/rep_03_seed_2026106955,37e3cff863e1327a9f30cb48214f717c279a78f682dd6b5006942770baa089e1,/home/zyc/cess_d1r_168x16_reference_20260925/pmfs_18_15/rep_03_seed_2026106955/spatial/concentration.npy,/home/zyc/cess_d1r_168x16_reference_20260925/pmfs_18_15/rep_03_seed_2026106955/spatial/concentration.npy
122,pmfs_18_15,3,2026106956,pmfs_18_15/rep_04_seed_2026106956,fa2e370c2b258d597108e4c6908cf783eb422f52804d01e318bd754e83573b59,/home/zyc/cess_d1r_168x16_reference_20260925/pmfs_18_15/rep_04_seed_2026106956/spatial/concentration.npy,/home/zyc/cess_d1r_168x16_reference_20260925/pmfs_18_15/rep_04_seed_2026106956/spatial/concentration.npy
122,pmfs_18_15,4,2026106957,pmfs_18_15/rep_05_seed_2026106957,14d12efba7c71145f889a59acc2726134c9a0613d700b8de5c0c2ebe5280ef63,/home/zyc/cess_d1r_168x16_reference_20260925/pmfs_18_15/rep_05_seed_2026106957/spatial/concentration.npy,/home/zyc/cess_d1r_168x16_reference_20260925/pmfs_18_15/rep_05_seed_2026106957/spatial/concentration.npy
122,pmfs_18_15,5,2026106958,pmfs_18_15/rep_06_seed_2026106958,1bdc6b3fa4bec714f105102b831b04b3e221b338a731af29b82019c381b4b67f,/home/zyc/cess_d1r_168x16_reference_20260925/pmfs_18_15/rep_06_seed_2026106958/spatial/concentration.npy,/home/zyc/cess_d1r_168x16_reference_20260925/pmfs_18_15/rep_06_seed_2026106958/spatial/concentration.npy
122,pmfs_18_15,6,2026106959,pmfs_18_15/rep_07_seed_2026106959,7ebbe88cf7b41d6752fa9cd2204807a9b0b870f28388d3e49e9910f3fc5f0e76,/home/zyc/cess_d1r_168x16_reference_20260925/pmfs_18_15/rep_07_seed_2026106959/spatial/concentration.npy,/home/zyc/cess_d1r_168x16_reference_20260925/pmfs_18_15/rep_07_seed_2026106959/spatial/concentration.npy
122,pmfs_18_15,7,2026106960,pmfs_18_15/rep_08_seed_2026106960,6574e67f8b800b2cf7d6e5b3cb3c7ad52c486b026fcf93e193bccff9b80b5304,/home/zyc/cess_d1r_168x16_reference_20260925/pmfs_18_15/rep_08_seed_2026106960/spatial/concentration.npy,/home/zyc/cess_d1r_168x16_reference_20260925/pmfs_18_15/rep_08_seed_2026106960/spatial/concentration.npy
122,pmfs_18_15,8,2026106961,pmfs_18_15/rep_09_seed_2026106961,55b8b4d64f7b14ec26a8dfbdbb20675fa121712274bf18c30e4e3e556f87bef2,/home/zyc/cess_d1r_168x16_reference_20260925/pmfs_18_15/rep_09_seed_2026106961/spatial/concentration.npy,/home/zyc/cess_d1r_168x16_reference_20260925/pmfs_18_15/rep_09_seed_2026106961/spatial/concentration.npy
122,pmfs_18_15,9,2026106962,pmfs_18_15/rep_10_seed_2026106962,fb939af18d136a0e3df3597ed60e8c90a0277a9075ed1227c2a774940bf78e8d,/home/zyc/cess_d1r_168x16_reference_20260925/pmfs_18_15/rep_10_seed_2026106962/spatial/concentration.npy,/home/zyc/cess_d1r_168x16_reference_20260925/pmfs_18_15/rep_10_seed_2026106962/spatial/concentration.npy
122,pmfs_18_15,10,2026106963,pmfs_18_15/rep_11_seed_2026106963,2627042dbabffe4df0cade77881f9737ecd0343e2afccdca16f22b9cad70e1de,/home/zyc/cess_d1r_168x16_reference_20260925/pmfs_18_15/rep_11_seed_2026106963/spatial/concentration.npy,/home/zyc/cess_d1r_168x16_reference_20260925/pmfs_18_15/rep_11_seed_2026106963/spatial/concentration.npy
122,pmfs_18_15,11,2026106964,pmfs_18_15/rep_12_seed_2026106964,7675405055b0ab03fad7ec04d4633d3e6911b0e038982458bea8e286c5b20e72,/home/zyc/cess_d1r_168x16_reference_20260925/pmfs_18_15/rep_12_seed_2026106964/spatial/concentration.npy,/home/zyc/cess_d1r_168x16_reference_20260925/pmfs_18_15/rep_12_seed_2026106964/spatial/concentration.npy
122,pmfs_18_15,12,2026106965,pmfs_18_15/rep_13_seed_2026106965,5831a9b9b0d253b4275c3bc34d2dd739b9a1ea800f0694914cbb6a36925abc48,/home/zyc/cess_d1r_168x16_reference_20260925/pmfs_18_15/rep_13_seed_2026106965/spatial/concentration.npy,/home/zyc/cess_d1r_168x16_reference_20260925/pmfs_18_15/rep_13_seed_2026106965/spatial/concentration.npy
122,pmfs_18_15,13,2026106966,pmfs_18_15/rep_14_seed_2026106966,9c7a7e8db2fbfcc34b517fc1be3e09b10329d12a18465f84c28458a08ce5afa2,/home/zyc/cess_d1r_168x16_reference_20260925/pmfs_18_15/rep_14_seed_2026106966/spatial/concentration.npy,/home/zyc/cess_d1r_168x16_reference_20260925/pmfs_18_15/rep_14_seed_2026106966/spatial/concentration.npy
122,pmfs_18_15,14,2026106967,pmfs_18_15/rep_15_seed_2026106967,90639ff7e9741b1e5273a6751cb5919f886d8b2b424d95928e30debe9e103e0f,/home/zyc/cess_d1r_168x16_reference_20260925/pmfs_18_15/rep_15_seed_2026106967/spatial/concentration.npy,/home/zyc/cess_d1r_168x16_reference_20260925/pmfs_18_15/rep_15_seed_2026106967/spatial/concentration.npy
122,pmfs_18_15,15,2026106968,pmfs_18_15/rep_16_seed_2026106968,69a22446866768fce2441be5a95f7d93d818ef55532af8d12adce73e9adb30e8,/home/zyc/cess_d1r_168x16_reference_20260925/pmfs_18_15/rep_16_seed_2026106968/spatial/concentration.npy,/home/zyc/cess_d1r_168x16_reference_20260925/pmfs_18_15/rep_16_seed_2026106968/spatial/concentration.npy
123,pmfs_18_16,0,2026106969,pmfs_18_16/rep_01_seed_2026106969,6432acc71968949ce65791350b8fac234160f460c86aea9fb3242bd61b17c200,/home/zyc/cess_d1r_168x16_reference_20260925/pmfs_18_16/rep_01_seed_2026106969/spatial/concentration.npy,/home/zyc/cess_d1r_168x16_reference_20260925/pmfs_18_16/rep_01_seed_2026106969/spatial/concentration.npy
123,pmfs_18_16,1,2026106970,pmfs_18_16/rep_02_seed_2026106970,8f8b26fc716a1f62473d1ac8c7659057d8619142ad5a74c1dee1ff585a13bd01,/home/zyc/cess_d1r_168x16_reference_20260925/pmfs_18_16/rep_02_seed_2026106970/spatial/concentration.npy,/home/zyc/cess_d1r_168x16_reference_20260925/pmfs_18_16/rep_02_seed_2026106970/spatial/concentration.npy
123,pmfs_18_16,2,2026106971,pmfs_18_16/rep_03_seed_2026106971,13903369922dce0596d69958254bc5665cea73d1c075a5710c456db2d05601a4,/home/zyc/cess_d1r_168x16_reference_20260925/pmfs_18_16/rep_03_seed_2026106971/spatial/concentration.npy,/home/zyc/cess_d1r_168x16_reference_20260925/pmfs_18_16/rep_03_seed_2026106971/spatial/concentration.npy
123,pmfs_18_16,3,2026106972,pmfs_18_16/rep_04_seed_2026106972,c5cc031e93939c23f418acab309ad25aec6f2f99e7acbda2604842ff63991d67,/home/zyc/cess_d1r_168x16_reference_20260925/pmfs_18_16/rep_04_seed_2026106972/spatial/concentration.npy,/home/zyc/cess_d1r_168x16_reference_20260925/pmfs_18_16/rep_04_seed_2026106972/spatial/concentration.npy
123,pmfs_18_16,4,2026106973,pmfs_18_16/rep_05_seed_2026106973,328e154e86627c84fa2f234902560cb0b1523d839dbc9e345d084ce14bf3a49c,/home/zyc/cess_d1r_168x16_reference_20260925/pmfs_18_16/rep_05_seed_2026106973/spatial/concentration.npy,/home/zyc/cess_d1r_168x16_reference_20260925/pmfs_18_16/rep_05_seed_2026106973/spatial/concentration.npy
123,pmfs_18_16,5,2026106974,pmfs_18_16/rep_06_seed_2026106974,b74c626cc35459777aa47e41ae8ab15cacea55068d4316c489ab0f33ff7478df,/home/zyc/cess_d1r_168x16_reference_20260925/pmfs_18_16/rep_06_seed_2026106974/spatial/concentration.npy,/home/zyc/cess_d1r_168x16_reference_20260925/pmfs_18_16/rep_06_seed_2026106974/spatial/concentration.npy
123,pmfs_18_16,6,2026106975,pmfs_18_16/rep_07_seed_2026106975,42b171d507daf11926c5ea65125e8563c2a7dea12162c0fd4bc01e81b06bb29d,/home/zyc/cess_d1r_168x16_reference_20260925/pmfs_18_16/rep_07_seed_2026106975/spatial/concentration.npy,/home/zyc/cess_d1r_168x16_reference_20260925/pmfs_18_16/rep_07_seed_2026106975/spatial/concentration.npy
123,pmfs_18_16,7,2026106976,pmfs_18_16/rep_08_seed_2026106976,258afb38ec21406f91c4c0af139ea521655bc5199d0767d786ea913eb82e83aa,/home/zyc/cess_d1r_168x16_reference_20260925/pmfs_18_16/rep_08_seed_2026106976/spatial/concentration.npy,/home/zyc/cess_d1r_168x16_reference_20260925/pmfs_18_16/rep_08_seed_2026106976/spatial/concentration.npy
123,pmfs_18_16,8,2026106977,pmfs_18_16/rep_09_seed_2026106977,7b6427b3995f5f783232ca594f36124ca6882c696225ee1f4507b6e51961a21f,/home/zyc/cess_d1r_168x16_reference_20260925/pmfs_18_16/rep_09_seed_2026106977/spatial/concentration.npy,/home/zyc/cess_d1r_168x16_reference_20260925/pmfs_18_16/rep_09_seed_2026106977/spatial/concentration.npy
123,pmfs_18_16,9,2026106978,pmfs_18_16/rep_10_seed_2026106978,48c2b6b28317efd10aef8da9f2431f1331c18a318b1aed47619fc3090cdb5955,/home/zyc/cess_d1r_168x16_reference_20260925/pmfs_18_16/rep_10_seed_2026106978/spatial/concentration.npy,/home/zyc/cess_d1r_168x16_reference_20260925/pmfs_18_16/rep_10_seed_2026106978/spatial/concentration.npy
123,pmfs_18_16,10,2026106979,pmfs_18_16/rep_11_seed_2026106979,509bb6f89bc5b85f8a676a09997fb1bb60eece5bf5ef617372487290460b7a53,/home/zyc/cess_d1r_168x16_reference_20260925/pmfs_18_16/rep_11_seed_2026106979/spatial/concentration.npy,/home/zyc/cess_d1r_168x16_reference_20260925/pmfs_18_16/rep_11_seed_2026106979/spatial/concentration.npy
123,pmfs_18_16,11,2026106980,pmfs_18_16/rep_12_seed_2026106980,471d4d01b8906da5971f89ff18ab05f3ed6d52c6a3a5e7b68a1ce463836f8927,/home/zyc/cess_d1r_168x16_reference_20260925/pmfs_18_16/rep_12_seed_2026106980/spatial/concentration.npy,/home/zyc/cess_d1r_168x16_reference_20260925/pmfs_18_16/rep_12_seed_2026106980/spatial/concentration.npy
123,pmfs_18_16,12,2026106981,pmfs_18_16/rep_13_seed_2026106981,16e4e1f6342ffab777b0b047d903ac5fb41995a4e218558fe06088272d88d5ee,/home/zyc/cess_d1r_168x16_reference_20260925/pmfs_18_16/rep_13_seed_2026106981/spatial/concentration.npy,/home/zyc/cess_d1r_168x16_reference_20260925/pmfs_18_16/rep_13_seed_2026106981/spatial/concentration.npy
123,pmfs_18_16,13,2026106982,pmfs_18_16/rep_14_seed_2026106982,297ee9882addea6fc994082fa26bfa4ccc2f102f6414ff98d56e81e2abbab765,/home/zyc/cess_d1r_168x16_reference_20260925/pmfs_18_16/rep_14_seed_2026106982/spatial/concentration.npy,/home/zyc/cess_d1r_168x16_reference_20260925/pmfs_18_16/rep_14_seed_2026106982/spatial/concentration.npy
123,pmfs_18_16,14,2026106983,pmfs_18_16/rep_15_seed_2026106983,0e41e0e64492e6f80543a785cf052052487ea88ed4b82bf22e20bc291aab46fd,/home/zyc/cess_d1r_168x16_reference_20260925/pmfs_18_16/rep_15_seed_2026106983/spatial/concentration.npy,/home/zyc/cess_d1r_168x16_reference_20260925/pmfs_18_16/rep_15_seed_2026106983/spatial/concentration.npy
123,pmfs_18_16,15,2026106984,pmfs_18_16/rep_16_seed_2026106984,f779f32ccbd1a36c6a4861695a46721d4eb5364c9dc9a532c3c07541dc7e095c,/home/zyc/cess_d1r_168x16_reference_20260925/pmfs_18_16/rep_16_seed_2026106984/spatial/concentration.npy,/home/zyc/cess_d1r_168x16_reference_20260925/pmfs_18_16/rep_16_seed_2026106984/spatial/concentration.npy
124,pmfs_18_17,0,2026106985,pmfs_18_17/rep_01_seed_2026106985,abffc6671a378651070ad24e6d855493b2d3588496965a999d91898fae2f01cb,/home/zyc/cess_d1r_168x16_reference_20260925/pmfs_18_17/rep_01_seed_2026106985/spatial/concentration.npy,/home/zyc/cess_d1r_168x16_reference_20260925/pmfs_18_17/rep_01_seed_2026106985/spatial/concentration.npy
124,pmfs_18_17,1,2026106986,pmfs_18_17/rep_02_seed_2026106986,ba12cf9ed540886ba48baa636a179806a4310c885cc6d338856217afb6e2d210,/home/zyc/cess_d1r_168x16_reference_20260925/pmfs_18_17/rep_02_seed_2026106986/spatial/concentration.npy,/home/zyc/cess_d1r_168x16_reference_20260925/pmfs_18_17/rep_02_seed_2026106986/spatial/concentration.npy
124,pmfs_18_17,2,2026106987,pmfs_18_17/rep_03_seed_2026106987,4766a8e3fb502035c608d0f67830d03864310b6aef20484e4bd07d32b2f9dabf,/home/zyc/cess_d1r_168x16_reference_20260925/pmfs_18_17/rep_03_seed_2026106987/spatial/concentration.npy,/home/zyc/cess_d1r_168x16_reference_20260925/pmfs_18_17/rep_03_seed_2026106987/spatial/concentration.npy
124,pmfs_18_17,3,2026106988,pmfs_18_17/rep_04_seed_2026106988,2fdccc3c48054d91358aed901bdd3e8969af35fbd72331097c6c7833bcc79102,/home/zyc/cess_d1r_168x16_reference_20260925/pmfs_18_17/rep_04_seed_2026106988/spatial/concentration.npy,/home/zyc/cess_d1r_168x16_reference_20260925/pmfs_18_17/rep_04_seed_2026106988/spatial/concentration.npy
124,pmfs_18_17,4,2026106989,pmfs_18_17/rep_05_seed_2026106989,04d4ec4a26b53ee67a054d35445f41c6dd8fbc8757f3532c0532d60261a2bec8,/home/zyc/cess_d1r_168x16_reference_20260925/pmfs_18_17/rep_05_seed_2026106989/spatial/concentration.npy,/home/zyc/cess_d1r_168x16_reference_20260925/pmfs_18_17/rep_05_seed_2026106989/spatial/concentration.npy
124,pmfs_18_17,5,2026106990,pmfs_18_17/rep_06_seed_2026106990,4dd7b06c8230ec07c734d4f1b67c373bfa6036dfb3b7da7c2a6ca97a28d80b7a,/home/zyc/cess_d1r_168x16_reference_20260925/pmfs_18_17/rep_06_seed_2026106990/spatial/concentration.npy,/home/zyc/cess_d1r_168x16_reference_20260925/pmfs_18_17/rep_06_seed_2026106990/spatial/concentration.npy
124,pmfs_18_17,6,2026106991,pmfs_18_17/rep_07_seed_2026106991,6f37456959277b0646c6cd396e6cc7a1de47931fadc3bc96ca12499f7fe7b487,/home/zyc/cess_d1r_168x16_reference_20260925/pmfs_18_17/rep_07_seed_2026106991/spatial/concentration.npy,/home/zyc/cess_d1r_168x16_reference_20260925/pmfs_18_17/rep_07_seed_2026106991/spatial/concentration.npy
124,pmfs_18_17,7,2026106992,pmfs_18_17/rep_08_seed_2026106992,2daa86a844ca1eabab235de08d595efca12a88e8ea1e178a24332d0886882401,/home/zyc/cess_d1r_168x16_reference_20260925/pmfs_18_17/rep_08_seed_2026106992/spatial/concentration.npy,/home/zyc/cess_d1r_168x16_reference_20260925/pmfs_18_17/rep_08_seed_2026106992/spatial/concentration.npy
124,pmfs_18_17,8,2026106993,pmfs_18_17/rep_09_seed_2026106993,7f2f59c2c1dea54d6db57d4ae214fac11320338ce9503c15992a0200f4bc958e,/home/zyc/cess_d1r_168x16_reference_20260925/pmfs_18_17/rep_09_seed_2026106993/spatial/concentration.npy,/home/zyc/cess_d1r_168x16_reference_20260925/pmfs_18_17/rep_09_seed_2026106993/spatial/concentration.npy
124,pmfs_18_17,9,2026106994,pmfs_18_17/rep_10_seed_2026106994,5bb102777c8080419bd6fa514a53627edb6081f1b15daa3980931740a4b6004d,/home/zyc/cess_d1r_168x16_reference_20260925/pmfs_18_17/rep_10_seed_2026106994/spatial/concentration.npy,/home/zyc/cess_d1r_168x16_reference_20260925/pmfs_18_17/rep_10_seed_2026106994/spatial/concentration.npy
124,pmfs_18_17,10,2026106995,pmfs_18_17/rep_11_seed_2026106995,0827ee836aaa01b580cdfae2d0edc6bd7205bb13f2cf304bbce919ce52a2575c,/home/zyc/cess_d1r_168x16_reference_20260925/pmfs_18_17/rep_11_seed_2026106995/spatial/concentration.npy,/home/zyc/cess_d1r_168x16_reference_20260925/pmfs_18_17/rep_11_seed_2026106995/spatial/concentration.npy
124,pmfs_18_17,11,2026106996,pmfs_18_17/rep_12_seed_2026106996,f77cb91edf7645838df45f242ce10c52d6751f58bb79c90c5f357e559232a9c1,/home/zyc/cess_d1r_168x16_reference_20260925/pmfs_18_17/rep_12_seed_2026106996/spatial/concentration.npy,/home/zyc/cess_d1r_168x16_reference_20260925/pmfs_18_17/rep_12_seed_2026106996/spatial/concentration.npy
124,pmfs_18_17,12,2026106997,pmfs_18_17/rep_13_seed_2026106997,e628d4c56f1dfb95586455e170ee540656d6d4443795c71f6fe85bcaeb5ab92b,/home/zyc/cess_d1r_168x16_reference_20260925/pmfs_18_17/rep_13_seed_2026106997/spatial/concentration.npy,/home/zyc/cess_d1r_168x16_reference_20260925/pmfs_18_17/rep_13_seed_2026106997/spatial/concentration.npy
124,pmfs_18_17,13,2026106998,pmfs_18_17/rep_14_seed_2026106998,a28c56e5ebf640525b64e1d505a1a8cb26513237e70aaa5473d42976c9d56c88,/home/zyc/cess_d1r_168x16_reference_20260925/pmfs_18_17/rep_14_seed_2026106998/spatial/concentration.npy,/home/zyc/cess_d1r_168x16_reference_20260925/pmfs_18_17/rep_14_seed_2026106998/spatial/concentration.npy
124,pmfs_18_17,14,2026106999,pmfs_18_17/rep_15_seed_2026106999,5c462c4795df296b578ed3ac5342930e1ca915d2f817a4d5b56f1ab387b49393,/home/zyc/cess_d1r_168x16_reference_20260925/pmfs_18_17/rep_15_seed_2026106999/spatial/concentration.npy,/home/zyc/cess_d1r_168x16_reference_20260925/pmfs_18_17/rep_15_seed_2026106999/spatial/concentration.npy
124,pmfs_18_17,15,2026107000,pmfs_18_17/rep_16_seed_2026107000,abe6176e6004e631586ce794b76a83376f099471b1a6020942fb6482a6ab0e76,/home/zyc/cess_d1r_168x16_reference_20260925/pmfs_18_17/rep_16_seed_2026107000/spatial/concentration.npy,/home/zyc/cess_d1r_168x16_reference_20260925/pmfs_18_17/rep_16_seed_2026107000/spatial/concentration.npy
125,pmfs_18_18,0,2026107001,pmfs_18_18/rep_01_seed_2026107001,021699e3dfbb202ab4976fc5e4aa286f64e89cc1d49046cc2741d2321b470b52,/home/zyc/cess_d1r_168x16_reference_20260925/pmfs_18_18/rep_01_seed_2026107001/spatial/concentration.npy,/home/zyc/cess_d1r_168x16_reference_20260925/pmfs_18_18/rep_01_seed_2026107001/spatial/concentration.npy
125,pmfs_18_18,1,2026107002,pmfs_18_18/rep_02_seed_2026107002,c64181e01c60857c0179a66f2ce4c62a0dbf1e0767dbac33caa8d26977a992ce,/home/zyc/cess_d1r_168x16_reference_20260925/pmfs_18_18/rep_02_seed_2026107002/spatial/concentration.npy,/home/zyc/cess_d1r_168x16_reference_20260925/pmfs_18_18/rep_02_seed_2026107002/spatial/concentration.npy
125,pmfs_18_18,2,2026107003,pmfs_18_18/rep_03_seed_2026107003,6929e1579d6f7c604e0b89c88dd946b2bf2e96b924f8f02c5113fb90673211e3,/home/zyc/cess_d1r_168x16_reference_20260925/pmfs_18_18/rep_03_seed_2026107003/spatial/concentration.npy,/home/zyc/cess_d1r_168x16_reference_20260925/pmfs_18_18/rep_03_seed_2026107003/spatial/concentration.npy
125,pmfs_18_18,3,2026107004,pmfs_18_18/rep_04_seed_2026107004,9df94836fac7ebac4ca92f52b31de1a5a6a928bbb65f6edcd4f009e2ea238072,/home/zyc/cess_d1r_168x16_reference_20260925/pmfs_18_18/rep_04_seed_2026107004/spatial/concentration.npy,/home/zyc/cess_d1r_168x16_reference_20260925/pmfs_18_18/rep_04_seed_2026107004/spatial/concentration.npy
125,pmfs_18_18,4,2026107005,pmfs_18_18/rep_05_seed_2026107005,67689f90696aaa5c645770b7baa4187977a5915dae1309c3d8e0f9a97e03b44f,/home/zyc/cess_d1r_168x16_reference_20260925/pmfs_18_18/rep_05_seed_2026107005/spatial/concentration.npy,/home/zyc/cess_d1r_168x16_reference_20260925/pmfs_18_18/rep_05_seed_2026107005/spatial/concentration.npy
125,pmfs_18_18,5,2026107006,pmfs_18_18/rep_06_seed_2026107006,b594c05956c8430b51a696822e5f5fa5f947e1df77c5fded57b941236b89ad49,/home/zyc/cess_d1r_168x16_reference_20260925/pmfs_18_18/rep_06_seed_2026107006/spatial/concentration.npy,/home/zyc/cess_d1r_168x16_reference_20260925/pmfs_18_18/rep_06_seed_2026107006/spatial/concentration.npy
125,pmfs_18_18,6,2026107007,pmfs_18_18/rep_07_seed_2026107007,0451cfaf40154f32abbb36c8bc3803b017bd534e186d73c65107f4184b588745,/home/zyc/cess_d1r_168x16_reference_20260925/pmfs_18_18/rep_07_seed_2026107007/spatial/concentration.npy,/home/zyc/cess_d1r_168x16_reference_20260925/pmfs_18_18/rep_07_seed_2026107007/spatial/concentration.npy
125,pmfs_18_18,7,2026107008,pmfs_18_18/rep_08_seed_2026107008,646d3b9cfdf0b2e738690832dac9abeb5d3ace212aa250b563992af0468424a4,/home/zyc/cess_d1r_168x16_reference_20260925/pmfs_18_18/rep_08_seed_2026107008/spatial/concentration.npy,/home/zyc/cess_d1r_168x16_reference_20260925/pmfs_18_18/rep_08_seed_2026107008/spatial/concentration.npy
125,pmfs_18_18,8,2026107009,pmfs_18_18/rep_09_seed_2026107009,fd197add558ad44a5f7773dbcc8f0652c2fa5bc778880d31e823ead7316f4f7d,/home/zyc/cess_d1r_168x16_reference_20260925/pmfs_18_18/rep_09_seed_2026107009/spatial/concentration.npy,/home/zyc/cess_d1r_168x16_reference_20260925/pmfs_18_18/rep_09_seed_2026107009/spatial/concentration.npy
125,pmfs_18_18,9,2026107010,pmfs_18_18/rep_10_seed_2026107010,6410c425bed46ad22cf9d3f652b824aa892103a81dbab1cdb94f67411f38e709,/home/zyc/cess_d1r_168x16_reference_20260925/pmfs_18_18/rep_10_seed_2026107010/spatial/concentration.npy,/home/zyc/cess_d1r_168x16_reference_20260925/pmfs_18_18/rep_10_seed_2026107010/spatial/concentration.npy
125,pmfs_18_18,10,2026107011,pmfs_18_18/rep_11_seed_2026107011,12ab6e656c0d191344a7a52d20ef31b124c560c6a7d4bea66fd80fbe7fa616e5,/home/zyc/cess_d1r_168x16_reference_20260925/pmfs_18_18/rep_11_seed_2026107011/spatial/concentration.npy,/home/zyc/cess_d1r_168x16_reference_20260925/pmfs_18_18/rep_11_seed_2026107011/spatial/concentration.npy
125,pmfs_18_18,11,2026107012,pmfs_18_18/rep_12_seed_2026107012,21d12e79f9a76e4ced17ca2265755db4a1f93a698f86fe23e7c74495550556a5,/home/zyc/cess_d1r_168x16_reference_20260925/pmfs_18_18/rep_12_seed_2026107012/spatial/concentration.npy,/home/zyc/cess_d1r_168x16_reference_20260925/pmfs_18_18/rep_12_seed_2026107012/spatial/concentration.npy
125,pmfs_18_18,12,2026107013,pmfs_18_18/rep_13_seed_2026107013,d16c264c4445cd1da3badb44143ea71f56262a15af7dbbce34090966b6502cff,/home/zyc/cess_d1r_168x16_reference_20260925/pmfs_18_18/rep_13_seed_2026107013/spatial/concentration.npy,/home/zyc/cess_d1r_168x16_reference_20260925/pmfs_18_18/rep_13_seed_2026107013/spatial/concentration.npy
125,pmfs_18_18,13,2026107014,pmfs_18_18/rep_14_seed_2026107014,786eea20565e6f34f395d71a4c5e6a0f777e415553a84df80729a90c7780510b,/home/zyc/cess_d1r_168x16_reference_20260925/pmfs_18_18/rep_14_seed_2026107014/spatial/concentration.npy,/home/zyc/cess_d1r_168x16_reference_20260925/pmfs_18_18/rep_14_seed_2026107014/spatial/concentration.npy
125,pmfs_18_18,14,2026107015,pmfs_18_18/rep_15_seed_2026107015,cf1d27875d7b162223f190cb571c5fb5b2c301e9428c8b6a6ad7b670c693c75c,/home/zyc/cess_d1r_168x16_reference_20260925/pmfs_18_18/rep_15_seed_2026107015/spatial/concentration.npy,/home/zyc/cess_d1r_168x16_reference_20260925/pmfs_18_18/rep_15_seed_2026107015/spatial/concentration.npy
125,pmfs_18_18,15,2026107016,pmfs_18_18/rep_16_seed_2026107016,f61f8ac9c482daaa9218e09622ce897278698b5934c9e461ae7b4dc07167609a,/home/zyc/cess_d1r_168x16_reference_20260925/pmfs_18_18/rep_16_seed_2026107016/spatial/concentration.npy,/home/zyc/cess_d1r_168x16_reference_20260925/pmfs_18_18/rep_16_seed_2026107016/spatial/concentration.npy
126,pmfs_19_12,0,2026107017,pmfs_19_12/rep_01_seed_2026107017,bc8288d03dae7e7a47727b8132bacc953003cc79133d88902771391f11e8ec8a,/home/zyc/cess_d1r_168x16_reference_20260925/pmfs_19_12/rep_01_seed_2026107017/spatial/concentration.npy,/home/zyc/cess_d1r_168x16_reference_20260925/pmfs_19_12/rep_01_seed_2026107017/spatial/concentration.npy
126,pmfs_19_12,1,2026107018,pmfs_19_12/rep_02_seed_2026107018,deb592f9021b1197a0e0a45a503d629761003ea94abf387585730db5c1552a02,/home/zyc/cess_d1r_168x16_reference_20260925/pmfs_19_12/rep_02_seed_2026107018/spatial/concentration.npy,/home/zyc/cess_d1r_168x16_reference_20260925/pmfs_19_12/rep_02_seed_2026107018/spatial/concentration.npy
126,pmfs_19_12,2,2026107019,pmfs_19_12/rep_03_seed_2026107019,6ad7dab99c055efd1ef1d79bf83df6aecadc572f192f0f24e9d53ef6b6bbc08a,/home/zyc/cess_d1r_168x16_reference_20260925/pmfs_19_12/rep_03_seed_2026107019/spatial/concentration.npy,/home/zyc/cess_d1r_168x16_reference_20260925/pmfs_19_12/rep_03_seed_2026107019/spatial/concentration.npy
126,pmfs_19_12,3,2026107020,pmfs_19_12/rep_04_seed_2026107020,2c6f11417ec4bff2a838eab56abff99dcbf9dbfdcbfa5c110de97d5640835a7b,/home/zyc/cess_d1r_168x16_reference_20260925/pmfs_19_12/rep_04_seed_2026107020/spatial/concentration.npy,/home/zyc/cess_d1r_168x16_reference_20260925/pmfs_19_12/rep_04_seed_2026107020/spatial/concentration.npy
126,pmfs_19_12,4,2026107021,pmfs_19_12/rep_05_seed_2026107021,84ea32c6d419118a210c434349e7033fa2799d54386c20b206e0912468b41804,/home/zyc/cess_d1r_168x16_reference_20260925/pmfs_19_12/rep_05_seed_2026107021/spatial/concentration.npy,/home/zyc/cess_d1r_168x16_reference_20260925/pmfs_19_12/rep_05_seed_2026107021/spatial/concentration.npy
126,pmfs_19_12,5,2026107022,pmfs_19_12/rep_06_seed_2026107022,8b14472a7eda13f92d659c98b136db98e912cb0bc28da42318fec5a731df3f06,/home/zyc/cess_d1r_168x16_reference_20260925/pmfs_19_12/rep_06_seed_2026107022/spatial/concentration.npy,/home/zyc/cess_d1r_168x16_reference_20260925/pmfs_19_12/rep_06_seed_2026107022/spatial/concentration.npy
126,pmfs_19_12,6,2026107023,pmfs_19_12/rep_07_seed_2026107023,381bd8b280ac5a43eb935d0e2141e49fdc590910f5acdb6bc368101f3a50ac71,/home/zyc/cess_d1r_168x16_reference_20260925/pmfs_19_12/rep_07_seed_2026107023/spatial/concentration.npy,/home/zyc/cess_d1r_168x16_reference_20260925/pmfs_19_12/rep_07_seed_2026107023/spatial/concentration.npy
126,pmfs_19_12,7,2026107024,pmfs_19_12/rep_08_seed_2026107024,7bbe7a9765a08bd8556f3aae13836ec3323ac69ab8b27a64a118749ec997f1c6,/home/zyc/cess_d1r_168x16_reference_20260925/pmfs_19_12/rep_08_seed_2026107024/spatial/concentration.npy,/home/zyc/cess_d1r_168x16_reference_20260925/pmfs_19_12/rep_08_seed_2026107024/spatial/concentration.npy
126,pmfs_19_12,8,2026107025,pmfs_19_12/rep_09_seed_2026107025,417887a60293c4bfd07c3b9fab6371bc0286c1026d9ff7feb5b4f92336056346,/home/zyc/cess_d1r_168x16_reference_20260925/pmfs_19_12/rep_09_seed_2026107025/spatial/concentration.npy,/home/zyc/cess_d1r_168x16_reference_20260925/pmfs_19_12/rep_09_seed_2026107025/spatial/concentration.npy
126,pmfs_19_12,9,2026107026,pmfs_19_12/rep_10_seed_2026107026,63c12801292eceb9878d1192510cb45c877bf3f025281586b8ddedf04efa0690,/home/zyc/cess_d1r_168x16_reference_20260925/pmfs_19_12/rep_10_seed_2026107026/spatial/concentration.npy,/home/zyc/cess_d1r_168x16_reference_20260925/pmfs_19_12/rep_10_seed_2026107026/spatial/concentration.npy
126,pmfs_19_12,10,2026107027,pmfs_19_12/rep_11_seed_2026107027,92eaa168ed7705568ffe245c322b8ba3b2d616ba9e2097324e40681eb594ed81,/home/zyc/cess_d1r_168x16_reference_20260925/pmfs_19_12/rep_11_seed_2026107027/spatial/concentration.npy,/home/zyc/cess_d1r_168x16_reference_20260925/pmfs_19_12/rep_11_seed_2026107027/spatial/concentration.npy
126,pmfs_19_12,11,2026107028,pmfs_19_12/rep_12_seed_2026107028,e4fa4bff90e3815f47a35ba36d6c49e1ae7b04f39dcb390b2ac36de99016c3d7,/home/zyc/cess_d1r_168x16_reference_20260925/pmfs_19_12/rep_12_seed_2026107028/spatial/concentration.npy,/home/zyc/cess_d1r_168x16_reference_20260925/pmfs_19_12/rep_12_seed_2026107028/spatial/concentration.npy
126,pmfs_19_12,12,2026107029,pmfs_19_12/rep_13_seed_2026107029,f32da7603cb86d57c7cfa516852b3151848ecfddf143dd25c552c2fa082a746d,/home/zyc/cess_d1r_168x16_reference_20260925/pmfs_19_12/rep_13_seed_2026107029/spatial/concentration.npy,/home/zyc/cess_d1r_168x16_reference_20260925/pmfs_19_12/rep_13_seed_2026107029/spatial/concentration.npy
126,pmfs_19_12,13,2026107030,pmfs_19_12/rep_14_seed_2026107030,5682afa343bad60f584ae9f2d0f2e943590e91eaf16c728d2cf292035d6c1b78,/home/zyc/cess_d1r_168x16_reference_20260925/pmfs_19_12/rep_14_seed_2026107030/spatial/concentration.npy,/home/zyc/cess_d1r_168x16_reference_20260925/pmfs_19_12/rep_14_seed_2026107030/spatial/concentration.npy
126,pmfs_19_12,14,2026107031,pmfs_19_12/rep_15_seed_2026107031,50a1bafa42c1c7df2ce7e3c556db5b2ab2ea1fe523520399a4a20aad1ba76154,/home/zyc/cess_d1r_168x16_reference_20260925/pmfs_19_12/rep_15_seed_2026107031/spatial/concentration.npy,/home/zyc/cess_d1r_168x16_reference_20260925/pmfs_19_12/rep_15_seed_2026107031/spatial/concentration.npy
126,pmfs_19_12,15,2026107032,pmfs_19_12/rep_16_seed_2026107032,192e62656e353f785f604d2cea375a37b1a7197538f684fad5b5b5376ed80449,/home/zyc/cess_d1r_168x16_reference_20260925/pmfs_19_12/rep_16_seed_2026107032/spatial/concentration.npy,/home/zyc/cess_d1r_168x16_reference_20260925/pmfs_19_12/rep_16_seed_2026107032/spatial/concentration.npy
127,pmfs_19_13,0,2026107033,pmfs_19_13/rep_01_seed_2026107033,95feb087a8814d77666b5fc99cb6955202471596ac6cbb8c958c14be8406fff8,/home/zyc/cess_d1r_168x16_reference_20260925/pmfs_19_13/rep_01_seed_2026107033/spatial/concentration.npy,/home/zyc/cess_d1r_168x16_reference_20260925/pmfs_19_13/rep_01_seed_2026107033/spatial/concentration.npy
127,pmfs_19_13,1,2026107034,pmfs_19_13/rep_02_seed_2026107034,6ef9c8722b013b7a29ecbbbaca221efa0e62f8cfb93c8bfc5f30656343db918b,/home/zyc/cess_d1r_168x16_reference_20260925/pmfs_19_13/rep_02_seed_2026107034/spatial/concentration.npy,/home/zyc/cess_d1r_168x16_reference_20260925/pmfs_19_13/rep_02_seed_2026107034/spatial/concentration.npy
127,pmfs_19_13,2,2026107035,pmfs_19_13/rep_03_seed_2026107035,fc3864192defa50dc4efa23cd79ce76f989b78ec6869114d7b1559d651bf84be,/home/zyc/cess_d1r_168x16_reference_20260925/pmfs_19_13/rep_03_seed_2026107035/spatial/concentration.npy,/home/zyc/cess_d1r_168x16_reference_20260925/pmfs_19_13/rep_03_seed_2026107035/spatial/concentration.npy
127,pmfs_19_13,3,2026107036,pmfs_19_13/rep_04_seed_2026107036,fc153bb462000b9cfa64b66ab63cac137f01612473f52d7204712395ac04c867,/home/zyc/cess_d1r_168x16_reference_20260925/pmfs_19_13/rep_04_seed_2026107036/spatial/concentration.npy,/home/zyc/cess_d1r_168x16_reference_20260925/pmfs_19_13/rep_04_seed_2026107036/spatial/concentration.npy
127,pmfs_19_13,4,2026107037,pmfs_19_13/rep_05_seed_2026107037,8aff844d370782c69dec26ed99de2a1805fc90521b554eeea6949b7add4fa156,/home/zyc/cess_d1r_168x16_reference_20260925/pmfs_19_13/rep_05_seed_2026107037/spatial/concentration.npy,/home/zyc/cess_d1r_168x16_reference_20260925/pmfs_19_13/rep_05_seed_2026107037/spatial/concentration.npy
127,pmfs_19_13,5,2026107038,pmfs_19_13/rep_06_seed_2026107038,004578aec936a756d63c19eeb9dea331707ee158bf688a5b694ea37a9000776d,/home/zyc/cess_d1r_168x16_reference_20260925/pmfs_19_13/rep_06_seed_2026107038/spatial/concentration.npy,/home/zyc/cess_d1r_168x16_reference_20260925/pmfs_19_13/rep_06_seed_2026107038/spatial/concentration.npy
127,pmfs_19_13,6,2026107039,pmfs_19_13/rep_07_seed_2026107039,069c8c0d3c4291eae5cb1faeb5c3a927a0a4996ae1d4356af71e06f05728d787,/home/zyc/cess_d1r_168x16_reference_20260925/pmfs_19_13/rep_07_seed_2026107039/spatial/concentration.npy,/home/zyc/cess_d1r_168x16_reference_20260925/pmfs_19_13/rep_07_seed_2026107039/spatial/concentration.npy
127,pmfs_19_13,7,2026107040,pmfs_19_13/rep_08_seed_2026107040,b31add9e1b648c6bec06fadb310123efa7abd1e2e64a252fc7293fc617e50dca,/home/zyc/cess_d1r_168x16_reference_20260925/pmfs_19_13/rep_08_seed_2026107040/spatial/concentration.npy,/home/zyc/cess_d1r_168x16_reference_20260925/pmfs_19_13/rep_08_seed_2026107040/spatial/concentration.npy
127,pmfs_19_13,8,2026107041,pmfs_19_13/rep_09_seed_2026107041,12d3df39dea5286df945afa38c448d4004cbb5060df04754f05d3bfed433e939,/home/zyc/cess_d1r_168x16_reference_20260925/pmfs_19_13/rep_09_seed_2026107041/spatial/concentration.npy,/home/zyc/cess_d1r_168x16_reference_20260925/pmfs_19_13/rep_09_seed_2026107041/spatial/concentration.npy
127,pmfs_19_13,9,2026107042,pmfs_19_13/rep_10_seed_2026107042,43a1ebf5d7b478861ab515a51de3302451c5aa6612f0d2af4498ec81f435f26f,/home/zyc/cess_d1r_168x16_reference_20260925/pmfs_19_13/rep_10_seed_2026107042/spatial/concentration.npy,/home/zyc/cess_d1r_168x16_reference_20260925/pmfs_19_13/rep_10_seed_2026107042/spatial/concentration.npy
127,pmfs_19_13,10,2026107043,pmfs_19_13/rep_11_seed_2026107043,32470b43a59896d8a89132042d913c441d52816d40a7f24586054c33b27f0e44,/home/zyc/cess_d1r_168x16_reference_20260925/pmfs_19_13/rep_11_seed_2026107043/spatial/concentration.npy,/home/zyc/cess_d1r_168x16_reference_20260925/pmfs_19_13/rep_11_seed_2026107043/spatial/concentration.npy
127,pmfs_19_13,11,2026107044,pmfs_19_13/rep_12_seed_2026107044,84a1cf0db19759fdccabc04eb134079c07293bb36ed0156a65c8c382bd62299f,/home/zyc/cess_d1r_168x16_reference_20260925/pmfs_19_13/rep_12_seed_2026107044/spatial/concentration.npy,/home/zyc/cess_d1r_168x16_reference_20260925/pmfs_19_13/rep_12_seed_2026107044/spatial/concentration.npy
127,pmfs_19_13,12,2026107045,pmfs_19_13/rep_13_seed_2026107045,0138e0f50c2256e0ed7bea3769edc2df488454704fe06e2532e2c3e522615cc8,/home/zyc/cess_d1r_168x16_reference_20260925/pmfs_19_13/rep_13_seed_2026107045/spatial/concentration.npy,/home/zyc/cess_d1r_168x16_reference_20260925/pmfs_19_13/rep_13_seed_2026107045/spatial/concentration.npy
127,pmfs_19_13,13,2026107046,pmfs_19_13/rep_14_seed_2026107046,d4812287eb0443e3499d11b0d0043b89adac25a42b62c231d7d649bf4e560b7f,/home/zyc/cess_d1r_168x16_reference_20260925/pmfs_19_13/rep_14_seed_2026107046/spatial/concentration.npy,/home/zyc/cess_d1r_168x16_reference_20260925/pmfs_19_13/rep_14_seed_2026107046/spatial/concentration.npy
127,pmfs_19_13,14,2026107047,pmfs_19_13/rep_15_seed_2026107047,22de20dfd0de590dec67ca99dee915c7a527387d37aa4fe1cb2c100673bca701,/home/zyc/cess_d1r_168x16_reference_20260925/pmfs_19_13/rep_15_seed_2026107047/spatial/concentration.npy,/home/zyc/cess_d1r_168x16_reference_20260925/pmfs_19_13/rep_15_seed_2026107047/spatial/concentration.npy
127,pmfs_19_13,15,2026107048,pmfs_19_13/rep_16_seed_2026107048,4add20d8eebfd24e90494e94cf23d844c38cd7fd797f60ae5054b3d5735f0a59,/home/zyc/cess_d1r_168x16_reference_20260925/pmfs_19_13/rep_16_seed_2026107048/spatial/concentration.npy,/home/zyc/cess_d1r_168x16_reference_20260925/pmfs_19_13/rep_16_seed_2026107048/spatial/concentration.npy
128,pmfs_19_14,0,2026107049,pmfs_19_14/rep_01_seed_2026107049,df75b000f5ac237069b49059b7ca4e4e36e077d87b79220b029a44921f8f3db0,/home/zyc/cess_d1r_168x16_reference_20260925/pmfs_19_14/rep_01_seed_2026107049/spatial/concentration.npy,/home/zyc/cess_d1r_168x16_reference_20260925/pmfs_19_14/rep_01_seed_2026107049/spatial/concentration.npy
128,pmfs_19_14,1,2026107050,pmfs_19_14/rep_02_seed_2026107050,2b5bedfd05d3f10f020acd69bd223cd80f26b5d59be4961f1f0483370c014cfd,/home/zyc/cess_d1r_168x16_reference_20260925/pmfs_19_14/rep_02_seed_2026107050/spatial/concentration.npy,/home/zyc/cess_d1r_168x16_reference_20260925/pmfs_19_14/rep_02_seed_2026107050/spatial/concentration.npy
128,pmfs_19_14,2,2026107051,pmfs_19_14/rep_03_seed_2026107051,5b9b8b6cbe9cb137498baeecba2cff01302f2ee9c62ad8227b131efffcfaaa17,/home/zyc/cess_d1r_168x16_reference_20260925/pmfs_19_14/rep_03_seed_2026107051/spatial/concentration.npy,/home/zyc/cess_d1r_168x16_reference_20260925/pmfs_19_14/rep_03_seed_2026107051/spatial/concentration.npy
128,pmfs_19_14,3,2026107052,pmfs_19_14/rep_04_seed_2026107052,79eb21d85d86c1322ee293068c6a0fb8d2b10f24e77b4948eaf406e42bf9fcf7,/home/zyc/cess_d1r_168x16_reference_20260925/pmfs_19_14/rep_04_seed_2026107052/spatial/concentration.npy,/home/zyc/cess_d1r_168x16_reference_20260925/pmfs_19_14/rep_04_seed_2026107052/spatial/concentration.npy
128,pmfs_19_14,4,2026107053,pmfs_19_14/rep_05_seed_2026107053,56d885770a0783235a5ff79b30a92bf575f10e176836c5294c812312d17b14e7,/home/zyc/cess_d1r_168x16_reference_20260925/pmfs_19_14/rep_05_seed_2026107053/spatial/concentration.npy,/home/zyc/cess_d1r_168x16_reference_20260925/pmfs_19_14/rep_05_seed_2026107053/spatial/concentration.npy
128,pmfs_19_14,5,2026107054,pmfs_19_14/rep_06_seed_2026107054,5e62f4ce3d1b1e00a29b6f1f40b3235a6657732b74e5fc0e1711d0a362052fca,/home/zyc/cess_d1r_168x16_reference_20260925/pmfs_19_14/rep_06_seed_2026107054/spatial/concentration.npy,/home/zyc/cess_d1r_168x16_reference_20260925/pmfs_19_14/rep_06_seed_2026107054/spatial/concentration.npy
128,pmfs_19_14,6,2026107055,pmfs_19_14/rep_07_seed_2026107055,a5006e2bf942fe25fef8c9cf5417e1079881bde1a77ef67bdde903c225b44418,/home/zyc/cess_d1r_168x16_reference_20260925/pmfs_19_14/rep_07_seed_2026107055/spatial/concentration.npy,/home/zyc/cess_d1r_168x16_reference_20260925/pmfs_19_14/rep_07_seed_2026107055/spatial/concentration.npy
128,pmfs_19_14,7,2026107056,pmfs_19_14/rep_08_seed_2026107056,4be2712f018460133a2b35e7a1d21cdb12bdacbc7a581b88a7ae0e63dfa6a4ff,/home/zyc/cess_d1r_168x16_reference_20260925/pmfs_19_14/rep_08_seed_2026107056/spatial/concentration.npy,/home/zyc/cess_d1r_168x16_reference_20260925/pmfs_19_14/rep_08_seed_2026107056/spatial/concentration.npy
128,pmfs_19_14,8,2026107057,pmfs_19_14/rep_09_seed_2026107057,70f33e23469571a57816beca0f51e57048c9ab2be1a3ca9cbe64b5656ce44832,/home/zyc/cess_d1r_168x16_reference_20260925/pmfs_19_14/rep_09_seed_2026107057/spatial/concentration.npy,/home/zyc/cess_d1r_168x16_reference_20260925/pmfs_19_14/rep_09_seed_2026107057/spatial/concentration.npy
128,pmfs_19_14,9,2026107058,pmfs_19_14/rep_10_seed_2026107058,3add3a13fa84af70a8f0405b01c7a1d6f34ed1f0e79a284264d21a827cdca2da,/home/zyc/cess_d1r_168x16_reference_20260925/pmfs_19_14/rep_10_seed_2026107058/spatial/concentration.npy,/home/zyc/cess_d1r_168x16_reference_20260925/pmfs_19_14/rep_10_seed_2026107058/spatial/concentration.npy
128,pmfs_19_14,10,2026107059,pmfs_19_14/rep_11_seed_2026107059,916b7aac3d3a6375378f8e58909415e1a74a51eff7d7603f7dec57dfe383c807,/home/zyc/cess_d1r_168x16_reference_20260925/pmfs_19_14/rep_11_seed_2026107059/spatial/concentration.npy,/home/zyc/cess_d1r_168x16_reference_20260925/pmfs_19_14/rep_11_seed_2026107059/spatial/concentration.npy
128,pmfs_19_14,11,2026107060,pmfs_19_14/rep_12_seed_2026107060,ecf2d3393af8aaeef607cc2c0efbdcd61ca35c9fe2890fb15118d87d99083fc9,/home/zyc/cess_d1r_168x16_reference_20260925/pmfs_19_14/rep_12_seed_2026107060/spatial/concentration.npy,/home/zyc/cess_d1r_168x16_reference_20260925/pmfs_19_14/rep_12_seed_2026107060/spatial/concentration.npy
128,pmfs_19_14,12,2026107061,pmfs_19_14/rep_13_seed_2026107061,30d84c6550ed51e49075ef9fb33963a999974f5a13813da59458a72073f97563,/home/zyc/cess_d1r_168x16_reference_20260925/pmfs_19_14/rep_13_seed_2026107061/spatial/concentration.npy,/home/zyc/cess_d1r_168x16_reference_20260925/pmfs_19_14/rep_13_seed_2026107061/spatial/concentration.npy
128,pmfs_19_14,13,2026107062,pmfs_19_14/rep_14_seed_2026107062,585ddcb3f76f09448e6a361a9041cdcc7a526db3f5d798a8453cef9b1c2a1abf,/home/zyc/cess_d1r_168x16_reference_20260925/pmfs_19_14/rep_14_seed_2026107062/spatial/concentration.npy,/home/zyc/cess_d1r_168x16_reference_20260925/pmfs_19_14/rep_14_seed_2026107062/spatial/concentration.npy
128,pmfs_19_14,14,2026107063,pmfs_19_14/rep_15_seed_2026107063,5abc842e392fbf5f3cb1526bf66ae29ce06eaf0515d1d9bb92b39a18e9b4c3bd,/home/zyc/cess_d1r_168x16_reference_20260925/pmfs_19_14/rep_15_seed_2026107063/spatial/concentration.npy,/home/zyc/cess_d1r_168x16_reference_20260925/pmfs_19_14/rep_15_seed_2026107063/spatial/concentration.npy
128,pmfs_19_14,15,2026107064,pmfs_19_14/rep_16_seed_2026107064,3d2741182e68ae713f544350a7ca21aa6b9a89e8a5d2d7c07073dc743a5701e1,/home/zyc/cess_d1r_168x16_reference_20260925/pmfs_19_14/rep_16_seed_2026107064/spatial/concentration.npy,/home/zyc/cess_d1r_168x16_reference_20260925/pmfs_19_14/rep_16_seed_2026107064/spatial/concentration.npy
129,pmfs_19_15,0,2026107065,pmfs_19_15/rep_01_seed_2026107065,7c472b7550d7edae6611266489bdc3560e3bdd3dc16dd16abfec9a6d2351d70f,/home/zyc/cess_d1r_168x16_reference_20260925/pmfs_19_15/rep_01_seed_2026107065/spatial/concentration.npy,/home/zyc/cess_d1r_168x16_reference_20260925/pmfs_19_15/rep_01_seed_2026107065/spatial/concentration.npy
129,pmfs_19_15,1,2026107066,pmfs_19_15/rep_02_seed_2026107066,50550bf4258427d4a376e2c0375c9e930a4a526e68304751a32bd0f60e0f8e7a,/home/zyc/cess_d1r_168x16_reference_20260925/pmfs_19_15/rep_02_seed_2026107066/spatial/concentration.npy,/home/zyc/cess_d1r_168x16_reference_20260925/pmfs_19_15/rep_02_seed_2026107066/spatial/concentration.npy
129,pmfs_19_15,2,2026107067,pmfs_19_15/rep_03_seed_2026107067,014f64112d9cefa0d9342372360c1f055fd1cb09061e9a99c04dba0a7f32a9a3,/home/zyc/cess_d1r_168x16_reference_20260925/pmfs_19_15/rep_03_seed_2026107067/spatial/concentration.npy,/home/zyc/cess_d1r_168x16_reference_20260925/pmfs_19_15/rep_03_seed_2026107067/spatial/concentration.npy
129,pmfs_19_15,3,2026107068,pmfs_19_15/rep_04_seed_2026107068,c736ac4275d060da04e97499a8d2602d5e856d1ffd393b2f0743d163f0d1f893,/home/zyc/cess_d1r_168x16_reference_20260925/pmfs_19_15/rep_04_seed_2026107068/spatial/concentration.npy,/home/zyc/cess_d1r_168x16_reference_20260925/pmfs_19_15/rep_04_seed_2026107068/spatial/concentration.npy
129,pmfs_19_15,4,2026107069,pmfs_19_15/rep_05_seed_2026107069,26107ce05b03fe6ccad0ddc35917fbbe7e5ad53f0e2bc7d6390c2403cea963f3,/home/zyc/cess_d1r_168x16_reference_20260925/pmfs_19_15/rep_05_seed_2026107069/spatial/concentration.npy,/home/zyc/cess_d1r_168x16_reference_20260925/pmfs_19_15/rep_05_seed_2026107069/spatial/concentration.npy
129,pmfs_19_15,5,2026107070,pmfs_19_15/rep_06_seed_2026107070,47713cc069bb41f6d6c611b610b0269152107fe7a192aed35a61a39234d15e16,/home/zyc/cess_d1r_168x16_reference_20260925/pmfs_19_15/rep_06_seed_2026107070/spatial/concentration.npy,/home/zyc/cess_d1r_168x16_reference_20260925/pmfs_19_15/rep_06_seed_2026107070/spatial/concentration.npy
129,pmfs_19_15,6,2026107071,pmfs_19_15/rep_07_seed_2026107071,da7e125c799462d0c0ed3e8f81b82df15a5f8bc0624596319207053c22ada3f0,/home/zyc/cess_d1r_168x16_reference_20260925/pmfs_19_15/rep_07_seed_2026107071/spatial/concentration.npy,/home/zyc/cess_d1r_168x16_reference_20260925/pmfs_19_15/rep_07_seed_2026107071/spatial/concentration.npy
129,pmfs_19_15,7,2026107072,pmfs_19_15/rep_08_seed_2026107072,0211ab7c15777e28dbfa29d22afdce7137e67cfe95a08972895b873bd02eef2d,/home/zyc/cess_d1r_168x16_reference_20260925/pmfs_19_15/rep_08_seed_2026107072/spatial/concentration.npy,/home/zyc/cess_d1r_168x16_reference_20260925/pmfs_19_15/rep_08_seed_2026107072/spatial/concentration.npy
129,pmfs_19_15,8,2026107073,pmfs_19_15/rep_09_seed_2026107073,c32fa5da180ce28f4081c9ac347b4545b71744582943b663ff7aa76872843960,/home/zyc/cess_d1r_168x16_reference_20260925/pmfs_19_15/rep_09_seed_2026107073/spatial/concentration.npy,/home/zyc/cess_d1r_168x16_reference_20260925/pmfs_19_15/rep_09_seed_2026107073/spatial/concentration.npy
129,pmfs_19_15,9,2026107074,pmfs_19_15/rep_10_seed_2026107074,b58d4964fb0f5b14883a102abcc9477d9374e57b832a17e162a7d63dd9ca2e04,/home/zyc/cess_d1r_168x16_reference_20260925/pmfs_19_15/rep_10_seed_2026107074/spatial/concentration.npy,/home/zyc/cess_d1r_168x16_reference_20260925/pmfs_19_15/rep_10_seed_2026107074/spatial/concentration.npy
129,pmfs_19_15,10,2026107075,pmfs_19_15/rep_11_seed_2026107075,bc60e6b6efe4215296e09d5bec88b6c045043f2037fa9b98b05a069ce24ec7d3,/home/zyc/cess_d1r_168x16_reference_20260925/pmfs_19_15/rep_11_seed_2026107075/spatial/concentration.npy,/home/zyc/cess_d1r_168x16_reference_20260925/pmfs_19_15/rep_11_seed_2026107075/spatial/concentration.npy
129,pmfs_19_15,11,2026107076,pmfs_19_15/rep_12_seed_2026107076,c9416d730b9b7fe6111fc629a5f8ee269b8d4c90085bf0845785b7479e3c3045,/home/zyc/cess_d1r_168x16_reference_20260925/pmfs_19_15/rep_12_seed_2026107076/spatial/concentration.npy,/home/zyc/cess_d1r_168x16_reference_20260925/pmfs_19_15/rep_12_seed_2026107076/spatial/concentration.npy
129,pmfs_19_15,12,2026107077,pmfs_19_15/rep_13_seed_2026107077,db472c83b14660a68ee954248fbe31d29ca46c4f0cc0900cf7f6556ec67c38bc,/home/zyc/cess_d1r_168x16_reference_20260925/pmfs_19_15/rep_13_seed_2026107077/spatial/concentration.npy,/home/zyc/cess_d1r_168x16_reference_20260925/pmfs_19_15/rep_13_seed_2026107077/spatial/concentration.npy
129,pmfs_19_15,13,2026107078,pmfs_19_15/rep_14_seed_2026107078,34a0b3b7e3954b709cf3e1d3530c173914bed8adc024358b700c3858f1a91247,/home/zyc/cess_d1r_168x16_reference_20260925/pmfs_19_15/rep_14_seed_2026107078/spatial/concentration.npy,/home/zyc/cess_d1r_168x16_reference_20260925/pmfs_19_15/rep_14_seed_2026107078/spatial/concentration.npy
129,pmfs_19_15,14,2026107079,pmfs_19_15/rep_15_seed_2026107079,827c35ed050fa420f4676b7168e23bcb389eb4f1deffc344c0fff3b117d65c7a,/home/zyc/cess_d1r_168x16_reference_20260925/pmfs_19_15/rep_15_seed_2026107079/spatial/concentration.npy,/home/zyc/cess_d1r_168x16_reference_20260925/pmfs_19_15/rep_15_seed_2026107079/spatial/concentration.npy
129,pmfs_19_15,15,2026107080,pmfs_19_15/rep_16_seed_2026107080,559f3b5ec3d908fb5ff7206b48c768fcf79ede6ec5711a5cedc7cac50ddf5e48,/home/zyc/cess_d1r_168x16_reference_20260925/pmfs_19_15/rep_16_seed_2026107080/spatial/concentration.npy,/home/zyc/cess_d1r_168x16_reference_20260925/pmfs_19_15/rep_16_seed_2026107080/spatial/concentration.npy
130,pmfs_19_16,0,2026107081,pmfs_19_16/rep_01_seed_2026107081,7202a9a676e322a9f1aec98510e251a9a2a3cb1c745f2fae6a1ed6b9e93b7b8d,/home/zyc/cess_d1r_168x16_reference_20260925/pmfs_19_16/rep_01_seed_2026107081/spatial/concentration.npy,/home/zyc/cess_d1r_168x16_reference_20260925/pmfs_19_16/rep_01_seed_2026107081/spatial/concentration.npy
130,pmfs_19_16,1,2026107082,pmfs_19_16/rep_02_seed_2026107082,569af5c2d0e1a03bf9b79fde5189e7cd463b6b27a3d3a1c795b087b093348dfd,/home/zyc/cess_d1r_168x16_reference_20260925/pmfs_19_16/rep_02_seed_2026107082/spatial/concentration.npy,/home/zyc/cess_d1r_168x16_reference_20260925/pmfs_19_16/rep_02_seed_2026107082/spatial/concentration.npy
130,pmfs_19_16,2,2026107083,pmfs_19_16/rep_03_seed_2026107083,4ab96d12c6378b2c1ae9105f5596337b4478f246a5e1c63b8f61f2d210fee456,/home/zyc/cess_d1r_168x16_reference_20260925/pmfs_19_16/rep_03_seed_2026107083/spatial/concentration.npy,/home/zyc/cess_d1r_168x16_reference_20260925/pmfs_19_16/rep_03_seed_2026107083/spatial/concentration.npy
130,pmfs_19_16,3,2026107084,pmfs_19_16/rep_04_seed_2026107084,9def56a903dc323cc26e58093e9556d3359b25249f1f62db52494104d428825d,/home/zyc/cess_d1r_168x16_reference_20260925/pmfs_19_16/rep_04_seed_2026107084/spatial/concentration.npy,/home/zyc/cess_d1r_168x16_reference_20260925/pmfs_19_16/rep_04_seed_2026107084/spatial/concentration.npy
130,pmfs_19_16,4,2026107085,pmfs_19_16/rep_05_seed_2026107085,ad391ea2508858624ad2afc28e2bfb08250172a95dcc53825c95ea5f437f8cdc,/home/zyc/cess_d1r_168x16_reference_20260925/pmfs_19_16/rep_05_seed_2026107085/spatial/concentration.npy,/home/zyc/cess_d1r_168x16_reference_20260925/pmfs_19_16/rep_05_seed_2026107085/spatial/concentration.npy
130,pmfs_19_16,5,2026107086,pmfs_19_16/rep_06_seed_2026107086,24b8904b3ee47b7560e65b58b64c7e59f9b39085b4c4e1541a91a60522b259f4,/home/zyc/cess_d1r_168x16_reference_20260925/pmfs_19_16/rep_06_seed_2026107086/spatial/concentration.npy,/home/zyc/cess_d1r_168x16_reference_20260925/pmfs_19_16/rep_06_seed_2026107086/spatial/concentration.npy
130,pmfs_19_16,6,2026107087,pmfs_19_16/rep_07_seed_2026107087,037be0fe3b0e3e22a5b0a274dee150d876342f999a576254d71396a11abc91b2,/home/zyc/cess_d1r_168x16_reference_20260925/pmfs_19_16/rep_07_seed_2026107087/spatial/concentration.npy,/home/zyc/cess_d1r_168x16_reference_20260925/pmfs_19_16/rep_07_seed_2026107087/spatial/concentration.npy
130,pmfs_19_16,7,2026107088,pmfs_19_16/rep_08_seed_2026107088,2ea406af545dafc57ef9d36440729c96f1dbd239957f10a7a17343035f3b74fd,/home/zyc/cess_d1r_168x16_reference_20260925/pmfs_19_16/rep_08_seed_2026107088/spatial/concentration.npy,/home/zyc/cess_d1r_168x16_reference_20260925/pmfs_19_16/rep_08_seed_2026107088/spatial/concentration.npy
130,pmfs_19_16,8,2026107089,pmfs_19_16/rep_09_seed_2026107089,c45543f467230bb64f8d7f1f2de5e590810d5ef3db072a54a2426cacb786faac,/home/zyc/cess_d1r_168x16_reference_20260925/pmfs_19_16/rep_09_seed_2026107089/spatial/concentration.npy,/home/zyc/cess_d1r_168x16_reference_20260925/pmfs_19_16/rep_09_seed_2026107089/spatial/concentration.npy
130,pmfs_19_16,9,2026107090,pmfs_19_16/rep_10_seed_2026107090,696454323a971165fdbe575a62886c55364de6c367b164d7746623d8425630ec,/home/zyc/cess_d1r_168x16_reference_20260925/pmfs_19_16/rep_10_seed_2026107090/spatial/concentration.npy,/home/zyc/cess_d1r_168x16_reference_20260925/pmfs_19_16/rep_10_seed_2026107090/spatial/concentration.npy
130,pmfs_19_16,10,2026107091,pmfs_19_16/rep_11_seed_2026107091,0596d06758d4f57ddb222ffe057d63f9125c0b7373319bd7ea34c0e5e42f31ed,/home/zyc/cess_d1r_168x16_reference_20260925/pmfs_19_16/rep_11_seed_2026107091/spatial/concentration.npy,/home/zyc/cess_d1r_168x16_reference_20260925/pmfs_19_16/rep_11_seed_2026107091/spatial/concentration.npy
130,pmfs_19_16,11,2026107092,pmfs_19_16/rep_12_seed_2026107092,84db3351b772b26aa31baacabdf665c3506652718ac7b5fa212d09cbebcfde00,/home/zyc/cess_d1r_168x16_reference_20260925/pmfs_19_16/rep_12_seed_2026107092/spatial/concentration.npy,/home/zyc/cess_d1r_168x16_reference_20260925/pmfs_19_16/rep_12_seed_2026107092/spatial/concentration.npy
130,pmfs_19_16,12,2026107093,pmfs_19_16/rep_13_seed_2026107093,6886a4f0d0ecef620c8644683f1fe941cbb9530ec377ed5f047fde239a98b943,/home/zyc/cess_d1r_168x16_reference_20260925/pmfs_19_16/rep_13_seed_2026107093/spatial/concentration.npy,/home/zyc/cess_d1r_168x16_reference_20260925/pmfs_19_16/rep_13_seed_2026107093/spatial/concentration.npy
130,pmfs_19_16,13,2026107094,pmfs_19_16/rep_14_seed_2026107094,9ee4adab0820fb9045b4e08a0405086826fe3a26c14d71534a1dbd03b62ebc6d,/home/zyc/cess_d1r_168x16_reference_20260925/pmfs_19_16/rep_14_seed_2026107094/spatial/concentration.npy,/home/zyc/cess_d1r_168x16_reference_20260925/pmfs_19_16/rep_14_seed_2026107094/spatial/concentration.npy
130,pmfs_19_16,14,2026107095,pmfs_19_16/rep_15_seed_2026107095,bd2f4ec33369736e56ef50daa3f3f345e754f2ae305e242f0678a43843998cd0,/home/zyc/cess_d1r_168x16_reference_20260925/pmfs_19_16/rep_15_seed_2026107095/spatial/concentration.npy,/home/zyc/cess_d1r_168x16_reference_20260925/pmfs_19_16/rep_15_seed_2026107095/spatial/concentration.npy
130,pmfs_19_16,15,2026107096,pmfs_19_16/rep_16_seed_2026107096,491ce3586d33d6a800d13753173634c9bd7966f4d6b533b0741f788286884e81,/home/zyc/cess_d1r_168x16_reference_20260925/pmfs_19_16/rep_16_seed_2026107096/spatial/concentration.npy,/home/zyc/cess_d1r_168x16_reference_20260925/pmfs_19_16/rep_16_seed_2026107096/spatial/concentration.npy
131,pmfs_19_17,0,2026107097,pmfs_19_17/rep_01_seed_2026107097,b04a14cc7fe4040d1aed58e460514a756929774243d4e85a8ca0784add93f28f,/home/zyc/cess_d1r_168x16_reference_20260925/pmfs_19_17/rep_01_seed_2026107097/spatial/concentration.npy,/home/zyc/cess_d1r_168x16_reference_20260925/pmfs_19_17/rep_01_seed_2026107097/spatial/concentration.npy
131,pmfs_19_17,1,2026107098,pmfs_19_17/rep_02_seed_2026107098,ea07c22493461e504e6eda4e6cd841980228676d8a18daa5f3e859f43a370bf9,/home/zyc/cess_d1r_168x16_reference_20260925/pmfs_19_17/rep_02_seed_2026107098/spatial/concentration.npy,/home/zyc/cess_d1r_168x16_reference_20260925/pmfs_19_17/rep_02_seed_2026107098/spatial/concentration.npy
131,pmfs_19_17,2,2026107099,pmfs_19_17/rep_03_seed_2026107099,9562444a67b64192d18b178fd8269efd23fe9fd6c851ab87d24733a16a23e9f8,/home/zyc/cess_d1r_168x16_reference_20260925/pmfs_19_17/rep_03_seed_2026107099/spatial/concentration.npy,/home/zyc/cess_d1r_168x16_reference_20260925/pmfs_19_17/rep_03_seed_2026107099/spatial/concentration.npy
131,pmfs_19_17,3,2026107100,pmfs_19_17/rep_04_seed_2026107100,2bb2f79dd087019de447e8973286fc83f0d141345b3dab34660d9b110486aac8,/home/zyc/cess_d1r_168x16_reference_20260925/pmfs_19_17/rep_04_seed_2026107100/spatial/concentration.npy,/home/zyc/cess_d1r_168x16_reference_20260925/pmfs_19_17/rep_04_seed_2026107100/spatial/concentration.npy
131,pmfs_19_17,4,2026107101,pmfs_19_17/rep_05_seed_2026107101,48f7c2ff4428b2969ae3c6c9b6ae3a48082a975c2fdbfc5ed4a3a6bd2c84fcae,/home/zyc/cess_d1r_168x16_reference_20260925/pmfs_19_17/rep_05_seed_2026107101/spatial/concentration.npy,/home/zyc/cess_d1r_168x16_reference_20260925/pmfs_19_17/rep_05_seed_2026107101/spatial/concentration.npy
131,pmfs_19_17,5,2026107102,pmfs_19_17/rep_06_seed_2026107102,9ffa548682b316194f46bd0dea24395d5941ad795e336cac6b09b08595751cb7,/home/zyc/cess_d1r_168x16_reference_20260925/pmfs_19_17/rep_06_seed_2026107102/spatial/concentration.npy,/home/zyc/cess_d1r_168x16_reference_20260925/pmfs_19_17/rep_06_seed_2026107102/spatial/concentration.npy
131,pmfs_19_17,6,2026107103,pmfs_19_17/rep_07_seed_2026107103,b015047000cfdb6a7dc5888e3467f8d2bf9c3b30174ba1f6b4e3fa15a656b784,/home/zyc/cess_d1r_168x16_reference_20260925/pmfs_19_17/rep_07_seed_2026107103/spatial/concentration.npy,/home/zyc/cess_d1r_168x16_reference_20260925/pmfs_19_17/rep_07_seed_2026107103/spatial/concentration.npy
131,pmfs_19_17,7,2026107104,pmfs_19_17/rep_08_seed_2026107104,53c7bdebfe6f35cfe7b4b59fd7313db430d316dc4cf897e92a92f6700f0571cb,/home/zyc/cess_d1r_168x16_reference_20260925/pmfs_19_17/rep_08_seed_2026107104/spatial/concentration.npy,/home/zyc/cess_d1r_168x16_reference_20260925/pmfs_19_17/rep_08_seed_2026107104/spatial/concentration.npy
131,pmfs_19_17,8,2026107105,pmfs_19_17/rep_09_seed_2026107105,877ff386dc1a50159bc2557b62460418a5f66dd36455cdc3a891cb3bfb8e35e1,/home/zyc/cess_d1r_168x16_reference_20260925/pmfs_19_17/rep_09_seed_2026107105/spatial/concentration.npy,/home/zyc/cess_d1r_168x16_reference_20260925/pmfs_19_17/rep_09_seed_2026107105/spatial/concentration.npy
131,pmfs_19_17,9,2026107106,pmfs_19_17/rep_10_seed_2026107106,17a50d1746b2ccf8907cd9b32be21abfbc8c6557e728bbe091cf0fb14c962b86,/home/zyc/cess_d1r_168x16_reference_20260925/pmfs_19_17/rep_10_seed_2026107106/spatial/concentration.npy,/home/zyc/cess_d1r_168x16_reference_20260925/pmfs_19_17/rep_10_seed_2026107106/spatial/concentration.npy
131,pmfs_19_17,10,2026107107,pmfs_19_17/rep_11_seed_2026107107,bdf7858b770763f5bf51c77b1d7d4a527c1f38a4d00c72c49d48e71950833c50,/home/zyc/cess_d1r_168x16_reference_20260925/pmfs_19_17/rep_11_seed_2026107107/spatial/concentration.npy,/home/zyc/cess_d1r_168x16_reference_20260925/pmfs_19_17/rep_11_seed_2026107107/spatial/concentration.npy
131,pmfs_19_17,11,2026107108,pmfs_19_17/rep_12_seed_2026107108,2f91203b3c95fa18bcd62dfdcfab552cba4476fcb80e55e9b61034a8b115ad30,/home/zyc/cess_d1r_168x16_reference_20260925/pmfs_19_17/rep_12_seed_2026107108/spatial/concentration.npy,/home/zyc/cess_d1r_168x16_reference_20260925/pmfs_19_17/rep_12_seed_2026107108/spatial/concentration.npy
131,pmfs_19_17,12,2026107109,pmfs_19_17/rep_13_seed_2026107109,6b4eebcb461b414c8da391621c8e84eec0ec213a6b6bffe07a719ce88deb6c09,/home/zyc/cess_d1r_168x16_reference_20260925/pmfs_19_17/rep_13_seed_2026107109/spatial/concentration.npy,/home/zyc/cess_d1r_168x16_reference_20260925/pmfs_19_17/rep_13_seed_2026107109/spatial/concentration.npy
131,pmfs_19_17,13,2026107110,pmfs_19_17/rep_14_seed_2026107110,954f469fd25d55ae7d0d67bed711fbb4ce5990cbd48e6f2aee74277a373d7eee,/home/zyc/cess_d1r_168x16_reference_20260925/pmfs_19_17/rep_14_seed_2026107110/spatial/concentration.npy,/home/zyc/cess_d1r_168x16_reference_20260925/pmfs_19_17/rep_14_seed_2026107110/spatial/concentration.npy
131,pmfs_19_17,14,2026107111,pmfs_19_17/rep_15_seed_2026107111,ac76d2734d856552acdba697eb107cb50e3e77b91b659acfa8f305cc1d22ab03,/home/zyc/cess_d1r_168x16_reference_20260925/pmfs_19_17/rep_15_seed_2026107111/spatial/concentration.npy,/home/zyc/cess_d1r_168x16_reference_20260925/pmfs_19_17/rep_15_seed_2026107111/spatial/concentration.npy
131,pmfs_19_17,15,2026107112,pmfs_19_17/rep_16_seed_2026107112,7f2fe2b39eac4075c5670d64ce863900a65056a2552dbc405e4b39d66599d4a2,/home/zyc/cess_d1r_168x16_reference_20260925/pmfs_19_17/rep_16_seed_2026107112/spatial/concentration.npy,/home/zyc/cess_d1r_168x16_reference_20260925/pmfs_19_17/rep_16_seed_2026107112/spatial/concentration.npy
132,pmfs_19_18,0,2026107113,pmfs_19_18/rep_01_seed_2026107113,bc886a508e0e48f51b1a8e3b48d1d81cff132f38c95bd4f963b35cd362456be3,/home/zyc/cess_d1r_168x16_reference_20260925/pmfs_19_18/rep_01_seed_2026107113/spatial/concentration.npy,/home/zyc/cess_d1r_168x16_reference_20260925/pmfs_19_18/rep_01_seed_2026107113/spatial/concentration.npy
132,pmfs_19_18,1,2026107114,pmfs_19_18/rep_02_seed_2026107114,020121e4026e5770d926f40306c3cc1c214ed4a277ec3d78f1181164bbf0ea51,/home/zyc/cess_d1r_168x16_reference_20260925/pmfs_19_18/rep_02_seed_2026107114/spatial/concentration.npy,/home/zyc/cess_d1r_168x16_reference_20260925/pmfs_19_18/rep_02_seed_2026107114/spatial/concentration.npy
132,pmfs_19_18,2,2026107115,pmfs_19_18/rep_03_seed_2026107115,51c7f57aa48a9c1bc71f030277bd39b0dfc29a3d182ef0f1609be47784310b95,/home/zyc/cess_d1r_168x16_reference_20260925/pmfs_19_18/rep_03_seed_2026107115/spatial/concentration.npy,/home/zyc/cess_d1r_168x16_reference_20260925/pmfs_19_18/rep_03_seed_2026107115/spatial/concentration.npy
132,pmfs_19_18,3,2026107116,pmfs_19_18/rep_04_seed_2026107116,c93debd8b6e0cc1d004c07a6e61c46d75f63d3ccc1aa5ac7c9e3ff20b9725308,/home/zyc/cess_d1r_168x16_reference_20260925/pmfs_19_18/rep_04_seed_2026107116/spatial/concentration.npy,/home/zyc/cess_d1r_168x16_reference_20260925/pmfs_19_18/rep_04_seed_2026107116/spatial/concentration.npy
132,pmfs_19_18,4,2026107117,pmfs_19_18/rep_05_seed_2026107117,2bdb1c649320e4a1b61fd62f8d1099c5cb3b6e8dcd8248ed2780bef9de854828,/home/zyc/cess_d1r_168x16_reference_20260925/pmfs_19_18/rep_05_seed_2026107117/spatial/concentration.npy,/home/zyc/cess_d1r_168x16_reference_20260925/pmfs_19_18/rep_05_seed_2026107117/spatial/concentration.npy
132,pmfs_19_18,5,2026107118,pmfs_19_18/rep_06_seed_2026107118,0bf10046ce77d4567a25c1a7c0ac92841fc513e8ed8540a8016090d3a56257bd,/home/zyc/cess_d1r_168x16_reference_20260925/pmfs_19_18/rep_06_seed_2026107118/spatial/concentration.npy,/home/zyc/cess_d1r_168x16_reference_20260925/pmfs_19_18/rep_06_seed_2026107118/spatial/concentration.npy
132,pmfs_19_18,6,2026107119,pmfs_19_18/rep_07_seed_2026107119,c00c1e66080676e77609676983513fec2a1529105494b7f13ac0bcc03b9768ab,/home/zyc/cess_d1r_168x16_reference_20260925/pmfs_19_18/rep_07_seed_2026107119/spatial/concentration.npy,/home/zyc/cess_d1r_168x16_reference_20260925/pmfs_19_18/rep_07_seed_2026107119/spatial/concentration.npy
132,pmfs_19_18,7,2026107120,pmfs_19_18/rep_08_seed_2026107120,07780aec96a0a015bfde4305e7ea807dd87ff20c3314dde0b08ce20761351939,/home/zyc/cess_d1r_168x16_reference_20260925/pmfs_19_18/rep_08_seed_2026107120/spatial/concentration.npy,/home/zyc/cess_d1r_168x16_reference_20260925/pmfs_19_18/rep_08_seed_2026107120/spatial/concentration.npy
132,pmfs_19_18,8,2026107121,pmfs_19_18/rep_09_seed_2026107121,346824ad08d36f86f932cf66e68534acab8a181dadec538ddcd6c5db43edb252,/home/zyc/cess_d1r_168x16_reference_20260925/pmfs_19_18/rep_09_seed_2026107121/spatial/concentration.npy,/home/zyc/cess_d1r_168x16_reference_20260925/pmfs_19_18/rep_09_seed_2026107121/spatial/concentration.npy
132,pmfs_19_18,9,2026107122,pmfs_19_18/rep_10_seed_2026107122,945051e6e064749ea757ca2248dc69b7f528933ee35fad2e19eb10fa3ca8446c,/home/zyc/cess_d1r_168x16_reference_20260925/pmfs_19_18/rep_10_seed_2026107122/spatial/concentration.npy,/home/zyc/cess_d1r_168x16_reference_20260925/pmfs_19_18/rep_10_seed_2026107122/spatial/concentration.npy
132,pmfs_19_18,10,2026107123,pmfs_19_18/rep_11_seed_2026107123,0af6fca96875b89747410d028f8ff02096b15568ab426e0dde495ed8046a87d7,/home/zyc/cess_d1r_168x16_reference_20260925/pmfs_19_18/rep_11_seed_2026107123/spatial/concentration.npy,/home/zyc/cess_d1r_168x16_reference_20260925/pmfs_19_18/rep_11_seed_2026107123/spatial/concentration.npy
132,pmfs_19_18,11,2026107124,pmfs_19_18/rep_12_seed_2026107124,06993635ed928c7d5eee960011c58cf3bfa5ef8255290c81a38a8b4a1a8b1621,/home/zyc/cess_d1r_168x16_reference_20260925/pmfs_19_18/rep_12_seed_2026107124/spatial/concentration.npy,/home/zyc/cess_d1r_168x16_reference_20260925/pmfs_19_18/rep_12_seed_2026107124/spatial/concentration.npy
132,pmfs_19_18,12,2026107125,pmfs_19_18/rep_13_seed_2026107125,da96f7b58eae502d486b8efe8f7a05a9c504e4acc2b4294079b0fe33a9841fe1,/home/zyc/cess_d1r_168x16_reference_20260925/pmfs_19_18/rep_13_seed_2026107125/spatial/concentration.npy,/home/zyc/cess_d1r_168x16_reference_20260925/pmfs_19_18/rep_13_seed_2026107125/spatial/concentration.npy
132,pmfs_19_18,13,2026107126,pmfs_19_18/rep_14_seed_2026107126,fca46e1f508bba702e3a597342a0eb2df425e0a2d3804ba6c6342942032127d2,/home/zyc/cess_d1r_168x16_reference_20260925/pmfs_19_18/rep_14_seed_2026107126/spatial/concentration.npy,/home/zyc/cess_d1r_168x16_reference_20260925/pmfs_19_18/rep_14_seed_2026107126/spatial/concentration.npy
132,pmfs_19_18,14,2026107127,pmfs_19_18/rep_15_seed_2026107127,2638f0b760fa48e0fb594a7a02b05406ba268acfcde296f9196a046a23d7c3f7,/home/zyc/cess_d1r_168x16_reference_20260925/pmfs_19_18/rep_15_seed_2026107127/spatial/concentration.npy,/home/zyc/cess_d1r_168x16_reference_20260925/pmfs_19_18/rep_15_seed_2026107127/spatial/concentration.npy
132,pmfs_19_18,15,2026107128,pmfs_19_18/rep_16_seed_2026107128,11fd35dd4698ca5c608a31eb26135eca805a9b87d1ddde4b85208a0e28c25eb4,/home/zyc/cess_d1r_168x16_reference_20260925/pmfs_19_18/rep_16_seed_2026107128/spatial/concentration.npy,/home/zyc/cess_d1r_168x16_reference_20260925/pmfs_19_18/rep_16_seed_2026107128/spatial/concentration.npy
133,pmfs_20_12,0,2026107129,pmfs_20_12/rep_01_seed_2026107129,7d01e11400aecd5aa875e178057c47b393f132e99ae3071b9c6389978c1cd1b2,/home/zyc/cess_d1r_168x16_reference_20260925/pmfs_20_12/rep_01_seed_2026107129/spatial/concentration.npy,/home/zyc/cess_d1r_168x16_reference_20260925/pmfs_20_12/rep_01_seed_2026107129/spatial/concentration.npy
133,pmfs_20_12,1,2026107130,pmfs_20_12/rep_02_seed_2026107130,1b6547f1dc22edb8423419285892fef80e57cbe38679b2aaffccc60d82f0f123,/home/zyc/cess_d1r_168x16_reference_20260925/pmfs_20_12/rep_02_seed_2026107130/spatial/concentration.npy,/home/zyc/cess_d1r_168x16_reference_20260925/pmfs_20_12/rep_02_seed_2026107130/spatial/concentration.npy
133,pmfs_20_12,2,2026107131,pmfs_20_12/rep_03_seed_2026107131,f7abb993d5cee341732c3db0849415fd16b0f81a76ddff1777399ab1d75b5cef,/home/zyc/cess_d1r_168x16_reference_20260925/pmfs_20_12/rep_03_seed_2026107131/spatial/concentration.npy,/home/zyc/cess_d1r_168x16_reference_20260925/pmfs_20_12/rep_03_seed_2026107131/spatial/concentration.npy
133,pmfs_20_12,3,2026107132,pmfs_20_12/rep_04_seed_2026107132,733a33c311adb664cb1572af0ebfc2997129361a161de4cd28fd37244dd1fd1e,/home/zyc/cess_d1r_168x16_reference_20260925/pmfs_20_12/rep_04_seed_2026107132/spatial/concentration.npy,/home/zyc/cess_d1r_168x16_reference_20260925/pmfs_20_12/rep_04_seed_2026107132/spatial/concentration.npy
133,pmfs_20_12,4,2026107133,pmfs_20_12/rep_05_seed_2026107133,bf00bcf68c5a10549dcb4920adadeb519552244698bb1b1ebd7ac106250180e0,/home/zyc/cess_d1r_168x16_reference_20260925/pmfs_20_12/rep_05_seed_2026107133/spatial/concentration.npy,/home/zyc/cess_d1r_168x16_reference_20260925/pmfs_20_12/rep_05_seed_2026107133/spatial/concentration.npy
133,pmfs_20_12,5,2026107134,pmfs_20_12/rep_06_seed_2026107134,06a1c6a5107998744d8616f40cf3f6037228d7930d533128d7728d1a97289f3a,/home/zyc/cess_d1r_168x16_reference_20260925/pmfs_20_12/rep_06_seed_2026107134/spatial/concentration.npy,/home/zyc/cess_d1r_168x16_reference_20260925/pmfs_20_12/rep_06_seed_2026107134/spatial/concentration.npy
133,pmfs_20_12,6,2026107135,pmfs_20_12/rep_07_seed_2026107135,0d2f89335d1c36e7ed97a74b433000a64db2a00a7e77e18d98160555d252725c,/home/zyc/cess_d1r_168x16_reference_20260925/pmfs_20_12/rep_07_seed_2026107135/spatial/concentration.npy,/home/zyc/cess_d1r_168x16_reference_20260925/pmfs_20_12/rep_07_seed_2026107135/spatial/concentration.npy
133,pmfs_20_12,7,2026107136,pmfs_20_12/rep_08_seed_2026107136,15df3e09ef6fc4696a47a5c7357b242d2b78dd2fa0cc3f9e113d545609b89303,/home/zyc/cess_d1r_168x16_reference_20260925/pmfs_20_12/rep_08_seed_2026107136/spatial/concentration.npy,/home/zyc/cess_d1r_168x16_reference_20260925/pmfs_20_12/rep_08_seed_2026107136/spatial/concentration.npy
133,pmfs_20_12,8,2026107137,pmfs_20_12/rep_09_seed_2026107137,348898e4e30b5ea05f104a94fc393f063b6f42ed57d33514932869c4602c0f33,/home/zyc/cess_d1r_168x16_reference_20260925/pmfs_20_12/rep_09_seed_2026107137/spatial/concentration.npy,/home/zyc/cess_d1r_168x16_reference_20260925/pmfs_20_12/rep_09_seed_2026107137/spatial/concentration.npy
133,pmfs_20_12,9,2026107138,pmfs_20_12/rep_10_seed_2026107138,fbcac21ab8000442db1976fbb0fd9d086436aa297f6bc5c93da00b24a283a597,/home/zyc/cess_d1r_168x16_reference_20260925/pmfs_20_12/rep_10_seed_2026107138/spatial/concentration.npy,/home/zyc/cess_d1r_168x16_reference_20260925/pmfs_20_12/rep_10_seed_2026107138/spatial/concentration.npy
133,pmfs_20_12,10,2026107139,pmfs_20_12/rep_11_seed_2026107139,7f3d0f933eb9518c8d7dab1d615222db3fde3fa08a8b31f2e0078f43f976985c,/home/zyc/cess_d1r_168x16_reference_20260925/pmfs_20_12/rep_11_seed_2026107139/spatial/concentration.npy,/home/zyc/cess_d1r_168x16_reference_20260925/pmfs_20_12/rep_11_seed_2026107139/spatial/concentration.npy
133,pmfs_20_12,11,2026107140,pmfs_20_12/rep_12_seed_2026107140,0df9f3cf0c01f86905348c72f8caec46a49f81b9575b6037dde17d9500b0cedc,/home/zyc/cess_d1r_168x16_reference_20260925/pmfs_20_12/rep_12_seed_2026107140/spatial/concentration.npy,/home/zyc/cess_d1r_168x16_reference_20260925/pmfs_20_12/rep_12_seed_2026107140/spatial/concentration.npy
133,pmfs_20_12,12,2026107141,pmfs_20_12/rep_13_seed_2026107141,fd3f03dbf845c3bae1d80506c47caa1fd98977298dd1e45c8d39d9d626af0201,/home/zyc/cess_d1r_168x16_reference_20260925/pmfs_20_12/rep_13_seed_2026107141/spatial/concentration.npy,/home/zyc/cess_d1r_168x16_reference_20260925/pmfs_20_12/rep_13_seed_2026107141/spatial/concentration.npy
133,pmfs_20_12,13,2026107142,pmfs_20_12/rep_14_seed_2026107142,ba66336174b97c1cd7c69686119a53219b60d6519641171b62de15c1b79c011a,/home/zyc/cess_d1r_168x16_reference_20260925/pmfs_20_12/rep_14_seed_2026107142/spatial/concentration.npy,/home/zyc/cess_d1r_168x16_reference_20260925/pmfs_20_12/rep_14_seed_2026107142/spatial/concentration.npy
133,pmfs_20_12,14,2026107143,pmfs_20_12/rep_15_seed_2026107143,fa2f0c55d2f41895ec64cae0d97d511cfc76a8f17ae38fab079934521181d57a,/home/zyc/cess_d1r_168x16_reference_20260925/pmfs_20_12/rep_15_seed_2026107143/spatial/concentration.npy,/home/zyc/cess_d1r_168x16_reference_20260925/pmfs_20_12/rep_15_seed_2026107143/spatial/concentration.npy
133,pmfs_20_12,15,2026107144,pmfs_20_12/rep_16_seed_2026107144,5f5194ad2960cd33a5385a4e8063cdce3dbec83adf49f818c2d428ef4424c91e,/home/zyc/cess_d1r_168x16_reference_20260925/pmfs_20_12/rep_16_seed_2026107144/spatial/concentration.npy,/home/zyc/cess_d1r_168x16_reference_20260925/pmfs_20_12/rep_16_seed_2026107144/spatial/concentration.npy
134,pmfs_20_13,0,2026107145,pmfs_20_13/rep_01_seed_2026107145,409d8665d4be89c148c06f056b5522e4287ed441e1ed09becdfca0837352cc2a,/home/zyc/cess_d1r_168x16_reference_20260925/pmfs_20_13/rep_01_seed_2026107145/spatial/concentration.npy,/home/zyc/cess_d1r_168x16_reference_20260925/pmfs_20_13/rep_01_seed_2026107145/spatial/concentration.npy
134,pmfs_20_13,1,2026107146,pmfs_20_13/rep_02_seed_2026107146,2b7aae849b8062fe68d75e4cd4474820f0cbb251a78fae3a023a05384ecdbf69,/home/zyc/cess_d1r_168x16_reference_20260925/pmfs_20_13/rep_02_seed_2026107146/spatial/concentration.npy,/home/zyc/cess_d1r_168x16_reference_20260925/pmfs_20_13/rep_02_seed_2026107146/spatial/concentration.npy
134,pmfs_20_13,2,2026107147,pmfs_20_13/rep_03_seed_2026107147,1e5cb6dcb16fe7cf6ef2ab2b87a8e0a5dae00cc30909c6a69795968b65462969,/home/zyc/cess_d1r_168x16_reference_20260925/pmfs_20_13/rep_03_seed_2026107147/spatial/concentration.npy,/home/zyc/cess_d1r_168x16_reference_20260925/pmfs_20_13/rep_03_seed_2026107147/spatial/concentration.npy
134,pmfs_20_13,3,2026107148,pmfs_20_13/rep_04_seed_2026107148,3b80b545664673537af7aff70770069fe814dd02e42b8784f6b95ad536301f4d,/home/zyc/cess_d1r_168x16_reference_20260925/pmfs_20_13/rep_04_seed_2026107148/spatial/concentration.npy,/home/zyc/cess_d1r_168x16_reference_20260925/pmfs_20_13/rep_04_seed_2026107148/spatial/concentration.npy
134,pmfs_20_13,4,2026107149,pmfs_20_13/rep_05_seed_2026107149,11d02b0ff94cca89eadb6737a4262aa800b1b1034d7a4aa85606f32e28d1b335,/home/zyc/cess_d1r_168x16_reference_20260925/pmfs_20_13/rep_05_seed_2026107149/spatial/concentration.npy,/home/zyc/cess_d1r_168x16_reference_20260925/pmfs_20_13/rep_05_seed_2026107149/spatial/concentration.npy
134,pmfs_20_13,5,2026107150,pmfs_20_13/rep_06_seed_2026107150,0a62d73385f760772a87aa9f812e2235bb1239518f2bb27e1a72bcc37ca15dca,/home/zyc/cess_d1r_168x16_reference_20260925/pmfs_20_13/rep_06_seed_2026107150/spatial/concentration.npy,/home/zyc/cess_d1r_168x16_reference_20260925/pmfs_20_13/rep_06_seed_2026107150/spatial/concentration.npy
134,pmfs_20_13,6,2026107151,pmfs_20_13/rep_07_seed_2026107151,0312b98845981f35e96c8620094cabb6eeb6df8c43592029d2b5f7c171f779c3,/home/zyc/cess_d1r_168x16_reference_20260925/pmfs_20_13/rep_07_seed_2026107151/spatial/concentration.npy,/home/zyc/cess_d1r_168x16_reference_20260925/pmfs_20_13/rep_07_seed_2026107151/spatial/concentration.npy
134,pmfs_20_13,7,2026107152,pmfs_20_13/rep_08_seed_2026107152,5c4e14abd05c8a53d928f8843fd63cf6df852491c4e937585ab6d9f0ccee86e1,/home/zyc/cess_d1r_168x16_reference_20260925/pmfs_20_13/rep_08_seed_2026107152/spatial/concentration.npy,/home/zyc/cess_d1r_168x16_reference_20260925/pmfs_20_13/rep_08_seed_2026107152/spatial/concentration.npy
134,pmfs_20_13,8,2026107153,pmfs_20_13/rep_09_seed_2026107153,67d879138222de894ad2a41893ca4acf66db4e1aa2012902fe95ec90c6cfa035,/home/zyc/cess_d1r_168x16_reference_20260925/pmfs_20_13/rep_09_seed_2026107153/spatial/concentration.npy,/home/zyc/cess_d1r_168x16_reference_20260925/pmfs_20_13/rep_09_seed_2026107153/spatial/concentration.npy
134,pmfs_20_13,9,2026107154,pmfs_20_13/rep_10_seed_2026107154,289bdbcb40bf958581b6c84a426bb15a4504794736d8d3ad3bc4b46c45708e7a,/home/zyc/cess_d1r_168x16_reference_20260925/pmfs_20_13/rep_10_seed_2026107154/spatial/concentration.npy,/home/zyc/cess_d1r_168x16_reference_20260925/pmfs_20_13/rep_10_seed_2026107154/spatial/concentration.npy
134,pmfs_20_13,10,2026107155,pmfs_20_13/rep_11_seed_2026107155,fbd5be852854c8437daada5bb9d932bf64bc1464e2d03f4d2180982c06bf179c,/home/zyc/cess_d1r_168x16_reference_20260925/pmfs_20_13/rep_11_seed_2026107155/spatial/concentration.npy,/home/zyc/cess_d1r_168x16_reference_20260925/pmfs_20_13/rep_11_seed_2026107155/spatial/concentration.npy
134,pmfs_20_13,11,2026107156,pmfs_20_13/rep_12_seed_2026107156,d21851e7720f881e3c47ae452a60cd65f7ba745d181f2c282dcba4d3834c2ae8,/home/zyc/cess_d1r_168x16_reference_20260925/pmfs_20_13/rep_12_seed_2026107156/spatial/concentration.npy,/home/zyc/cess_d1r_168x16_reference_20260925/pmfs_20_13/rep_12_seed_2026107156/spatial/concentration.npy
134,pmfs_20_13,12,2026107157,pmfs_20_13/rep_13_seed_2026107157,94b21eb1c45ad2c03f3f526ebe5f67375b6cefc6aa699175eeadb9386d07c41b,/home/zyc/cess_d1r_168x16_reference_20260925/pmfs_20_13/rep_13_seed_2026107157/spatial/concentration.npy,/home/zyc/cess_d1r_168x16_reference_20260925/pmfs_20_13/rep_13_seed_2026107157/spatial/concentration.npy
134,pmfs_20_13,13,2026107158,pmfs_20_13/rep_14_seed_2026107158,4414c63cae55317aea6434fdc60803ed7d2050989805b4c54ef317c22adfbc06,/home/zyc/cess_d1r_168x16_reference_20260925/pmfs_20_13/rep_14_seed_2026107158/spatial/concentration.npy,/home/zyc/cess_d1r_168x16_reference_20260925/pmfs_20_13/rep_14_seed_2026107158/spatial/concentration.npy
134,pmfs_20_13,14,2026107159,pmfs_20_13/rep_15_seed_2026107159,ed5ff0440db74763519555a78af88e7f53b8b97bd13de77535a2cf9586a52640,/home/zyc/cess_d1r_168x16_reference_20260925/pmfs_20_13/rep_15_seed_2026107159/spatial/concentration.npy,/home/zyc/cess_d1r_168x16_reference_20260925/pmfs_20_13/rep_15_seed_2026107159/spatial/concentration.npy
134,pmfs_20_13,15,2026107160,pmfs_20_13/rep_16_seed_2026107160,cade85e7a44e09ad47890d1b84719c7000784db3009b07f3ff790abbd3cc911c,/home/zyc/cess_d1r_168x16_reference_20260925/pmfs_20_13/rep_16_seed_2026107160/spatial/concentration.npy,/home/zyc/cess_d1r_168x16_reference_20260925/pmfs_20_13/rep_16_seed_2026107160/spatial/concentration.npy
135,pmfs_20_14,0,2026107161,pmfs_20_14/rep_01_seed_2026107161,a69519e55ccf3c0ad30b3d4af52e4a1e313c03998796b2c67a9320d8006b0659,/home/zyc/cess_d1r_168x16_reference_20260925/pmfs_20_14/rep_01_seed_2026107161/spatial/concentration.npy,/home/zyc/cess_d1r_168x16_reference_20260925/pmfs_20_14/rep_01_seed_2026107161/spatial/concentration.npy
135,pmfs_20_14,1,2026107162,pmfs_20_14/rep_02_seed_2026107162,8136adf9ce2a22bd901ba25690b461603d2d808b8909ea4208146d283fc87b94,/home/zyc/cess_d1r_168x16_reference_20260925/pmfs_20_14/rep_02_seed_2026107162/spatial/concentration.npy,/home/zyc/cess_d1r_168x16_reference_20260925/pmfs_20_14/rep_02_seed_2026107162/spatial/concentration.npy
135,pmfs_20_14,2,2026107163,pmfs_20_14/rep_03_seed_2026107163,3fa98a1f257a7920b3e522eb1e5ae1d03d97ad2a6d0934125320fe7e73befd0e,/home/zyc/cess_d1r_168x16_reference_20260925/pmfs_20_14/rep_03_seed_2026107163/spatial/concentration.npy,/home/zyc/cess_d1r_168x16_reference_20260925/pmfs_20_14/rep_03_seed_2026107163/spatial/concentration.npy
135,pmfs_20_14,3,2026107164,pmfs_20_14/rep_04_seed_2026107164,0da724121050a473e41a937b49c4f76c3300a0ef79760c873c5b9c32cd271aec,/home/zyc/cess_d1r_168x16_reference_20260925/pmfs_20_14/rep_04_seed_2026107164/spatial/concentration.npy,/home/zyc/cess_d1r_168x16_reference_20260925/pmfs_20_14/rep_04_seed_2026107164/spatial/concentration.npy
135,pmfs_20_14,4,2026107165,pmfs_20_14/rep_05_seed_2026107165,111b57f24e85b1c5f55dba4d5cc89d3fce51372ef3d647e6be85f12a61ed3110,/home/zyc/cess_d1r_168x16_reference_20260925/pmfs_20_14/rep_05_seed_2026107165/spatial/concentration.npy,/home/zyc/cess_d1r_168x16_reference_20260925/pmfs_20_14/rep_05_seed_2026107165/spatial/concentration.npy
135,pmfs_20_14,5,2026107166,pmfs_20_14/rep_06_seed_2026107166,e427987f5c964a65c0fa0fcdb9ef52ee4b995572007a756516d5413728029d25,/home/zyc/cess_d1r_168x16_reference_20260925/pmfs_20_14/rep_06_seed_2026107166/spatial/concentration.npy,/home/zyc/cess_d1r_168x16_reference_20260925/pmfs_20_14/rep_06_seed_2026107166/spatial/concentration.npy
135,pmfs_20_14,6,2026107167,pmfs_20_14/rep_07_seed_2026107167,fbf11b08e709924594c3b34c3d166979986f18bfb47f913420b2b3562100fc3b,/home/zyc/cess_d1r_168x16_reference_20260925/pmfs_20_14/rep_07_seed_2026107167/spatial/concentration.npy,/home/zyc/cess_d1r_168x16_reference_20260925/pmfs_20_14/rep_07_seed_2026107167/spatial/concentration.npy
135,pmfs_20_14,7,2026107168,pmfs_20_14/rep_08_seed_2026107168,c1a54e3deac448b57a3ae827d0b8bc601c48359172dd382c0214d21b197d07db,/home/zyc/cess_d1r_168x16_reference_20260925/pmfs_20_14/rep_08_seed_2026107168/spatial/concentration.npy,/home/zyc/cess_d1r_168x16_reference_20260925/pmfs_20_14/rep_08_seed_2026107168/spatial/concentration.npy
135,pmfs_20_14,8,2026107169,pmfs_20_14/rep_09_seed_2026107169,ac9a6bfe55b9c950638ced37fe91c83afeee2ee2779a0b30a7fc0f8ea113b8f9,/home/zyc/cess_d1r_168x16_reference_20260925/pmfs_20_14/rep_09_seed_2026107169/spatial/concentration.npy,/home/zyc/cess_d1r_168x16_reference_20260925/pmfs_20_14/rep_09_seed_2026107169/spatial/concentration.npy
135,pmfs_20_14,9,2026107170,pmfs_20_14/rep_10_seed_2026107170,61fb2ec7613fa3dd0680f45642871290e939888ea094864632c47ce142702bda,/home/zyc/cess_d1r_168x16_reference_20260925/pmfs_20_14/rep_10_seed_2026107170/spatial/concentration.npy,/home/zyc/cess_d1r_168x16_reference_20260925/pmfs_20_14/rep_10_seed_2026107170/spatial/concentration.npy
135,pmfs_20_14,10,2026107171,pmfs_20_14/rep_11_seed_2026107171,c966942970743f094a28cbfe66457aae76952ab609a802b214220bdbd1b8cbc5,/home/zyc/cess_d1r_168x16_reference_20260925/pmfs_20_14/rep_11_seed_2026107171/spatial/concentration.npy,/home/zyc/cess_d1r_168x16_reference_20260925/pmfs_20_14/rep_11_seed_2026107171/spatial/concentration.npy
135,pmfs_20_14,11,2026107172,pmfs_20_14/rep_12_seed_2026107172,c6369579ad915d05815fc49911679097387f3ba963f3baaff2afcda3dec77ea2,/home/zyc/cess_d1r_168x16_reference_20260925/pmfs_20_14/rep_12_seed_2026107172/spatial/concentration.npy,/home/zyc/cess_d1r_168x16_reference_20260925/pmfs_20_14/rep_12_seed_2026107172/spatial/concentration.npy
135,pmfs_20_14,12,2026107173,pmfs_20_14/rep_13_seed_2026107173,17df0a38706c62ef6caeab85f693e7b6bcbc85aae6abf28e4be27c1d751b742e,/home/zyc/cess_d1r_168x16_reference_20260925/pmfs_20_14/rep_13_seed_2026107173/spatial/concentration.npy,/home/zyc/cess_d1r_168x16_reference_20260925/pmfs_20_14/rep_13_seed_2026107173/spatial/concentration.npy
135,pmfs_20_14,13,2026107174,pmfs_20_14/rep_14_seed_2026107174,28c9321055ab60631206ee0c1a9343758014d60ae32554e20db7dc7fe63fe9c6,/home/zyc/cess_d1r_168x16_reference_20260925/pmfs_20_14/rep_14_seed_2026107174/spatial/concentration.npy,/home/zyc/cess_d1r_168x16_reference_20260925/pmfs_20_14/rep_14_seed_2026107174/spatial/concentration.npy
135,pmfs_20_14,14,2026107175,pmfs_20_14/rep_15_seed_2026107175,f81a0d31613b42db6700f0be8a79efa062cff110b03eb2c897989e5127f2c61d,/home/zyc/cess_d1r_168x16_reference_20260925/pmfs_20_14/rep_15_seed_2026107175/spatial/concentration.npy,/home/zyc/cess_d1r_168x16_reference_20260925/pmfs_20_14/rep_15_seed_2026107175/spatial/concentration.npy
135,pmfs_20_14,15,2026107176,pmfs_20_14/rep_16_seed_2026107176,06358bfeaca246427d05f10e9697358398e8e6e2ef512683ab9b2ee4b0a51292,/home/zyc/cess_d1r_168x16_reference_20260925/pmfs_20_14/rep_16_seed_2026107176/spatial/concentration.npy,/home/zyc/cess_d1r_168x16_reference_20260925/pmfs_20_14/rep_16_seed_2026107176/spatial/concentration.npy
136,pmfs_20_15,0,2026107177,pmfs_20_15/rep_01_seed_2026107177,2e6f598e066295da4b8e78d0ab90ff7c9cbba026546800831bebf7f44dc3a8a6,/home/zyc/cess_d1r_168x16_reference_20260925/pmfs_20_15/rep_01_seed_2026107177/spatial/concentration.npy,/home/zyc/cess_d1r_168x16_reference_20260925/pmfs_20_15/rep_01_seed_2026107177/spatial/concentration.npy
136,pmfs_20_15,1,2026107178,pmfs_20_15/rep_02_seed_2026107178,39a640fe83279c02ad22e4625e6a138c422aaf5898846b1e3410586a2fceeba6,/home/zyc/cess_d1r_168x16_reference_20260925/pmfs_20_15/rep_02_seed_2026107178/spatial/concentration.npy,/home/zyc/cess_d1r_168x16_reference_20260925/pmfs_20_15/rep_02_seed_2026107178/spatial/concentration.npy
136,pmfs_20_15,2,2026107179,pmfs_20_15/rep_03_seed_2026107179,23a2eafa7f15db85b63eceadcd4c334d6ed8e0c0302e79ca368f31abf93d40c2,/home/zyc/cess_d1r_168x16_reference_20260925/pmfs_20_15/rep_03_seed_2026107179/spatial/concentration.npy,/home/zyc/cess_d1r_168x16_reference_20260925/pmfs_20_15/rep_03_seed_2026107179/spatial/concentration.npy
136,pmfs_20_15,3,2026107180,pmfs_20_15/rep_04_seed_2026107180,abfcffc56664bdf41ce9bd1b6651187a47c1da53ceb867d693995f5408bab8e4,/home/zyc/cess_d1r_168x16_reference_20260925/pmfs_20_15/rep_04_seed_2026107180/spatial/concentration.npy,/home/zyc/cess_d1r_168x16_reference_20260925/pmfs_20_15/rep_04_seed_2026107180/spatial/concentration.npy
136,pmfs_20_15,4,2026107181,pmfs_20_15/rep_05_seed_2026107181,ebb7e530ef318ae48cb40302b5a33b456d74006e0b03b66661cd95e13afec327,/home/zyc/cess_d1r_168x16_reference_20260925/pmfs_20_15/rep_05_seed_2026107181/spatial/concentration.npy,/home/zyc/cess_d1r_168x16_reference_20260925/pmfs_20_15/rep_05_seed_2026107181/spatial/concentration.npy
136,pmfs_20_15,5,2026107182,pmfs_20_15/rep_06_seed_2026107182,1b6bce1c36a48e81bb251251af6fe027417852c73cc360beaf143db64e444a2e,/home/zyc/cess_d1r_168x16_reference_20260925/pmfs_20_15/rep_06_seed_2026107182/spatial/concentration.npy,/home/zyc/cess_d1r_168x16_reference_20260925/pmfs_20_15/rep_06_seed_2026107182/spatial/concentration.npy
136,pmfs_20_15,6,2026107183,pmfs_20_15/rep_07_seed_2026107183,2623e3ac0a7e9f90abd68d256985318551c7a3e912d8187a64ea7dc210a95dd4,/home/zyc/cess_d1r_168x16_reference_20260925/pmfs_20_15/rep_07_seed_2026107183/spatial/concentration.npy,/home/zyc/cess_d1r_168x16_reference_20260925/pmfs_20_15/rep_07_seed_2026107183/spatial/concentration.npy
136,pmfs_20_15,7,2026107184,pmfs_20_15/rep_08_seed_2026107184,fa698923268764af7b6fe18cb1fcb10d072ed0e125b4b179606424ef2236305f,/home/zyc/cess_d1r_168x16_reference_20260925/pmfs_20_15/rep_08_seed_2026107184/spatial/concentration.npy,/home/zyc/cess_d1r_168x16_reference_20260925/pmfs_20_15/rep_08_seed_2026107184/spatial/concentration.npy
136,pmfs_20_15,8,2026107185,pmfs_20_15/rep_09_seed_2026107185,1a46df780175e24b919a162b2d0a77ed437b7d9cfec710277d4faba1a622a71b,/home/zyc/cess_d1r_168x16_reference_20260925/pmfs_20_15/rep_09_seed_2026107185/spatial/concentration.npy,/home/zyc/cess_d1r_168x16_reference_20260925/pmfs_20_15/rep_09_seed_2026107185/spatial/concentration.npy
136,pmfs_20_15,9,2026107186,pmfs_20_15/rep_10_seed_2026107186,15c00979cb31b5dd4bd9de2bf3ca18689fa39a10d6bb597f7c47e82673bc5d31,/home/zyc/cess_d1r_168x16_reference_20260925/pmfs_20_15/rep_10_seed_2026107186/spatial/concentration.npy,/home/zyc/cess_d1r_168x16_reference_20260925/pmfs_20_15/rep_10_seed_2026107186/spatial/concentration.npy
136,pmfs_20_15,10,2026107187,pmfs_20_15/rep_11_seed_2026107187,e58cf4d1920e2fff5afe9f2700745c928420cd152a19f9d36949b1452b85b820,/home/zyc/cess_d1r_168x16_reference_20260925/pmfs_20_15/rep_11_seed_2026107187/spatial/concentration.npy,/home/zyc/cess_d1r_168x16_reference_20260925/pmfs_20_15/rep_11_seed_2026107187/spatial/concentration.npy
136,pmfs_20_15,11,2026107188,pmfs_20_15/rep_12_seed_2026107188,01bef6ba6fab52d3dc5f629996a0e1d48266cc0da7ea44cbbd60c6d172452768,/home/zyc/cess_d1r_168x16_reference_20260925/pmfs_20_15/rep_12_seed_2026107188/spatial/concentration.npy,/home/zyc/cess_d1r_168x16_reference_20260925/pmfs_20_15/rep_12_seed_2026107188/spatial/concentration.npy
136,pmfs_20_15,12,2026107189,pmfs_20_15/rep_13_seed_2026107189,41b2a44f81c066aa6f24b44bb639f5c2493660095a4f4979b6406451ad78ce2e,/home/zyc/cess_d1r_168x16_reference_20260925/pmfs_20_15/rep_13_seed_2026107189/spatial/concentration.npy,/home/zyc/cess_d1r_168x16_reference_20260925/pmfs_20_15/rep_13_seed_2026107189/spatial/concentration.npy
136,pmfs_20_15,13,2026107190,pmfs_20_15/rep_14_seed_2026107190,83b84ba3ae921b56a671c656a2f1fd02ef5d4b826b96c5e25a5b3d1197a122e8,/home/zyc/cess_d1r_168x16_reference_20260925/pmfs_20_15/rep_14_seed_2026107190/spatial/concentration.npy,/home/zyc/cess_d1r_168x16_reference_20260925/pmfs_20_15/rep_14_seed_2026107190/spatial/concentration.npy
136,pmfs_20_15,14,2026107191,pmfs_20_15/rep_15_seed_2026107191,dd8ac3c4e1fe3c93564de556e575cd671c29a43ad4231fcc9cb69f96f41c0f7b,/home/zyc/cess_d1r_168x16_reference_20260925/pmfs_20_15/rep_15_seed_2026107191/spatial/concentration.npy,/home/zyc/cess_d1r_168x16_reference_20260925/pmfs_20_15/rep_15_seed_2026107191/spatial/concentration.npy
136,pmfs_20_15,15,2026107192,pmfs_20_15/rep_16_seed_2026107192,5ca0f860149eb839b82b19012635937dfeb88aaeefbfc3cbcc04774d7bee6e76,/home/zyc/cess_d1r_168x16_reference_20260925/pmfs_20_15/rep_16_seed_2026107192/spatial/concentration.npy,/home/zyc/cess_d1r_168x16_reference_20260925/pmfs_20_15/rep_16_seed_2026107192/spatial/concentration.npy
137,pmfs_20_16,0,2026107193,pmfs_20_16/rep_01_seed_2026107193,f3a2734b1dd367eb615fa7a2b8dea002037cb288b80ff3990f207c38de0c5f1a,/home/zyc/cess_d1r_168x16_reference_20260925/pmfs_20_16/rep_01_seed_2026107193/spatial/concentration.npy,/home/zyc/cess_d1r_168x16_reference_20260925/pmfs_20_16/rep_01_seed_2026107193/spatial/concentration.npy
137,pmfs_20_16,1,2026107194,pmfs_20_16/rep_02_seed_2026107194,d7164fdadc81d1036e6e61dcd93620fc56c267281aefc247bf647f0d0b5b02ab,/home/zyc/cess_d1r_168x16_reference_20260925/pmfs_20_16/rep_02_seed_2026107194/spatial/concentration.npy,/home/zyc/cess_d1r_168x16_reference_20260925/pmfs_20_16/rep_02_seed_2026107194/spatial/concentration.npy
137,pmfs_20_16,2,2026107195,pmfs_20_16/rep_03_seed_2026107195,f9aa1ef387b0d9288200ebbe839e11dd16999273c93eb82d091313e86996ca38,/home/zyc/cess_d1r_168x16_reference_20260925/pmfs_20_16/rep_03_seed_2026107195/spatial/concentration.npy,/home/zyc/cess_d1r_168x16_reference_20260925/pmfs_20_16/rep_03_seed_2026107195/spatial/concentration.npy
137,pmfs_20_16,3,2026107196,pmfs_20_16/rep_04_seed_2026107196,44fc45cbcb2abb84d450bb0ff0be62c608e1249f740c2768a068f3a72cc4066e,/home/zyc/cess_d1r_168x16_reference_20260925/pmfs_20_16/rep_04_seed_2026107196/spatial/concentration.npy,/home/zyc/cess_d1r_168x16_reference_20260925/pmfs_20_16/rep_04_seed_2026107196/spatial/concentration.npy
137,pmfs_20_16,4,2026107197,pmfs_20_16/rep_05_seed_2026107197,c5c78e089e62a7349c2285a1a0596f52fbad15430f11da3415c1160cf35d1fc8,/home/zyc/cess_d1r_168x16_reference_20260925/pmfs_20_16/rep_05_seed_2026107197/spatial/concentration.npy,/home/zyc/cess_d1r_168x16_reference_20260925/pmfs_20_16/rep_05_seed_2026107197/spatial/concentration.npy
137,pmfs_20_16,5,2026107198,pmfs_20_16/rep_06_seed_2026107198,19b85d807d98abf82047027e62f6412f226b5c8acdc525fcb5aa76d5ac9e3e01,/home/zyc/cess_d1r_168x16_reference_20260925/pmfs_20_16/rep_06_seed_2026107198/spatial/concentration.npy,/home/zyc/cess_d1r_168x16_reference_20260925/pmfs_20_16/rep_06_seed_2026107198/spatial/concentration.npy
137,pmfs_20_16,6,2026107199,pmfs_20_16/rep_07_seed_2026107199,5b063d015805608cbb9b6f6565d90912df4c06b4aed326254b8cb3d38f73307d,/home/zyc/cess_d1r_168x16_reference_20260925/pmfs_20_16/rep_07_seed_2026107199/spatial/concentration.npy,/home/zyc/cess_d1r_168x16_reference_20260925/pmfs_20_16/rep_07_seed_2026107199/spatial/concentration.npy
137,pmfs_20_16,7,2026107200,pmfs_20_16/rep_08_seed_2026107200,541a7da4c6feec5caeea5bf303f3d48cff322b543a38228a8068e04c6613928c,/home/zyc/cess_d1r_168x16_reference_20260925/pmfs_20_16/rep_08_seed_2026107200/spatial/concentration.npy,/home/zyc/cess_d1r_168x16_reference_20260925/pmfs_20_16/rep_08_seed_2026107200/spatial/concentration.npy
137,pmfs_20_16,8,2026107201,pmfs_20_16/rep_09_seed_2026107201,eddb6e7013d7bb48fd282efd949a68cdefd0a41033998210ae6ad27b078a5501,/home/zyc/cess_d1r_168x16_reference_20260925/pmfs_20_16/rep_09_seed_2026107201/spatial/concentration.npy,/home/zyc/cess_d1r_168x16_reference_20260925/pmfs_20_16/rep_09_seed_2026107201/spatial/concentration.npy
137,pmfs_20_16,9,2026107202,pmfs_20_16/rep_10_seed_2026107202,58a2a858e4d278249bb2d0a2b7bd44c8e8d4db7455478a0a9b70307f24337e70,/home/zyc/cess_d1r_168x16_reference_20260925/pmfs_20_16/rep_10_seed_2026107202/spatial/concentration.npy,/home/zyc/cess_d1r_168x16_reference_20260925/pmfs_20_16/rep_10_seed_2026107202/spatial/concentration.npy
137,pmfs_20_16,10,2026107203,pmfs_20_16/rep_11_seed_2026107203,bd8a5a7e0a2290cdd0d6c81b13431e670f10ae60a7622ef1f554553cd0d44852,/home/zyc/cess_d1r_168x16_reference_20260925/pmfs_20_16/rep_11_seed_2026107203/spatial/concentration.npy,/home/zyc/cess_d1r_168x16_reference_20260925/pmfs_20_16/rep_11_seed_2026107203/spatial/concentration.npy
137,pmfs_20_16,11,2026107204,pmfs_20_16/rep_12_seed_2026107204,25d4efb388314762c1a814c987ec2057ad2737f64b25c7d9eb9b2530b3815ecc,/home/zyc/cess_d1r_168x16_reference_20260925/pmfs_20_16/rep_12_seed_2026107204/spatial/concentration.npy,/home/zyc/cess_d1r_168x16_reference_20260925/pmfs_20_16/rep_12_seed_2026107204/spatial/concentration.npy
137,pmfs_20_16,12,2026107205,pmfs_20_16/rep_13_seed_2026107205,b088fc0cf322c4e0ec4ae5c69b521a6f48e3eeca011f2d8bcfec9257dd7c9e37,/home/zyc/cess_d1r_168x16_reference_20260925/pmfs_20_16/rep_13_seed_2026107205/spatial/concentration.npy,/home/zyc/cess_d1r_168x16_reference_20260925/pmfs_20_16/rep_13_seed_2026107205/spatial/concentration.npy
137,pmfs_20_16,13,2026107206,pmfs_20_16/rep_14_seed_2026107206,f3087c37540533f7e1377730a928364c62e65602d086c382316059a04dbb05f0,/home/zyc/cess_d1r_168x16_reference_20260925/pmfs_20_16/rep_14_seed_2026107206/spatial/concentration.npy,/home/zyc/cess_d1r_168x16_reference_20260925/pmfs_20_16/rep_14_seed_2026107206/spatial/concentration.npy
137,pmfs_20_16,14,2026107207,pmfs_20_16/rep_15_seed_2026107207,d0b1e0dadeb6ac5c062e0abe2e459f64c284b125993e607ce56f1af96861eabf,/home/zyc/cess_d1r_168x16_reference_20260925/pmfs_20_16/rep_15_seed_2026107207/spatial/concentration.npy,/home/zyc/cess_d1r_168x16_reference_20260925/pmfs_20_16/rep_15_seed_2026107207/spatial/concentration.npy
137,pmfs_20_16,15,2026107208,pmfs_20_16/rep_16_seed_2026107208,91d29d114013e79d6eb3e5e33d38354383b72b07f2b754a171b636b4d8254f96,/home/zyc/cess_d1r_168x16_reference_20260925/pmfs_20_16/rep_16_seed_2026107208/spatial/concentration.npy,/home/zyc/cess_d1r_168x16_reference_20260925/pmfs_20_16/rep_16_seed_2026107208/spatial/concentration.npy
138,pmfs_20_17,0,2026107209,pmfs_20_17/rep_01_seed_2026107209,a5778c5d5091bd7f24265c5864ff5d192d13661e67f23610342e253660ee8005,/home/zyc/cess_d1r_168x16_reference_20260925/pmfs_20_17/rep_01_seed_2026107209/spatial/concentration.npy,/home/zyc/cess_d1r_168x16_reference_20260925/pmfs_20_17/rep_01_seed_2026107209/spatial/concentration.npy
138,pmfs_20_17,1,2026107210,pmfs_20_17/rep_02_seed_2026107210,1de1c3f7584572263f6d27ac46d4b55f463ffd94d1178ac3b539f2744ab84796,/home/zyc/cess_d1r_168x16_reference_20260925/pmfs_20_17/rep_02_seed_2026107210/spatial/concentration.npy,/home/zyc/cess_d1r_168x16_reference_20260925/pmfs_20_17/rep_02_seed_2026107210/spatial/concentration.npy
138,pmfs_20_17,2,2026107211,pmfs_20_17/rep_03_seed_2026107211,5d26f186097789b9db335f064906eac9245af5ffb35532f7080f8a486c62a85f,/home/zyc/cess_d1r_168x16_reference_20260925/pmfs_20_17/rep_03_seed_2026107211/spatial/concentration.npy,/home/zyc/cess_d1r_168x16_reference_20260925/pmfs_20_17/rep_03_seed_2026107211/spatial/concentration.npy
138,pmfs_20_17,3,2026107212,pmfs_20_17/rep_04_seed_2026107212,0f7ab210b90f7a0724268e712ae871231a6c4e221b7f3b8d0e3fceb56e9d0ddd,/home/zyc/cess_d1r_168x16_reference_20260925/pmfs_20_17/rep_04_seed_2026107212/spatial/concentration.npy,/home/zyc/cess_d1r_168x16_reference_20260925/pmfs_20_17/rep_04_seed_2026107212/spatial/concentration.npy
138,pmfs_20_17,4,2026107213,pmfs_20_17/rep_05_seed_2026107213,a7094ff61b62569c7be246378a40b03b11bb1dbf2eb2497e2f3cb278600930ef,/home/zyc/cess_d1r_168x16_reference_20260925/pmfs_20_17/rep_05_seed_2026107213/spatial/concentration.npy,/home/zyc/cess_d1r_168x16_reference_20260925/pmfs_20_17/rep_05_seed_2026107213/spatial/concentration.npy
138,pmfs_20_17,5,2026107214,pmfs_20_17/rep_06_seed_2026107214,f6512859b3c84c86d2ff59f5192116fc3eee8e74150fff1aead482c04090ce31,/home/zyc/cess_d1r_168x16_reference_20260925/pmfs_20_17/rep_06_seed_2026107214/spatial/concentration.npy,/home/zyc/cess_d1r_168x16_reference_20260925/pmfs_20_17/rep_06_seed_2026107214/spatial/concentration.npy
138,pmfs_20_17,6,2026107215,pmfs_20_17/rep_07_seed_2026107215,75e3bb67b2c1e9633e33ab1d2a6ddb0d227e82700b04e6b1f4e09c9fbf4f1e74,/home/zyc/cess_d1r_168x16_reference_20260925/pmfs_20_17/rep_07_seed_2026107215/spatial/concentration.npy,/home/zyc/cess_d1r_168x16_reference_20260925/pmfs_20_17/rep_07_seed_2026107215/spatial/concentration.npy
138,pmfs_20_17,7,2026107216,pmfs_20_17/rep_08_seed_2026107216,5616d13df3a1c3a14dbf28dbd204dac85aa3f8af94f1b8ce7e2fef39b7d588dd,/home/zyc/cess_d1r_168x16_reference_20260925/pmfs_20_17/rep_08_seed_2026107216/spatial/concentration.npy,/home/zyc/cess_d1r_168x16_reference_20260925/pmfs_20_17/rep_08_seed_2026107216/spatial/concentration.npy
138,pmfs_20_17,8,2026107217,pmfs_20_17/rep_09_seed_2026107217,ab8a47201b34cdac6de7a5597d401e976f5f0753a37b0d0f3ccccc1a3af85898,/home/zyc/cess_d1r_168x16_reference_20260925/pmfs_20_17/rep_09_seed_2026107217/spatial/concentration.npy,/home/zyc/cess_d1r_168x16_reference_20260925/pmfs_20_17/rep_09_seed_2026107217/spatial/concentration.npy
138,pmfs_20_17,9,2026107218,pmfs_20_17/rep_10_seed_2026107218,f5ea0b441e85114a3210b6c5e93a112c3e971904c08607dad33646c138fa8711,/home/zyc/cess_d1r_168x16_reference_20260925/pmfs_20_17/rep_10_seed_2026107218/spatial/concentration.npy,/home/zyc/cess_d1r_168x16_reference_20260925/pmfs_20_17/rep_10_seed_2026107218/spatial/concentration.npy
138,pmfs_20_17,10,2026107219,pmfs_20_17/rep_11_seed_2026107219,2442efb8aa5818c9cdc393a91fba9ec101475117241bd0583a4eeb58c78479c7,/home/zyc/cess_d1r_168x16_reference_20260925/pmfs_20_17/rep_11_seed_2026107219/spatial/concentration.npy,/home/zyc/cess_d1r_168x16_reference_20260925/pmfs_20_17/rep_11_seed_2026107219/spatial/concentration.npy
138,pmfs_20_17,11,2026107220,pmfs_20_17/rep_12_seed_2026107220,1ee376e86480ab567d69dc0aad3b48995f4cdb52662a4b579bebb4845cef1d2a,/home/zyc/cess_d1r_168x16_reference_20260925/pmfs_20_17/rep_12_seed_2026107220/spatial/concentration.npy,/home/zyc/cess_d1r_168x16_reference_20260925/pmfs_20_17/rep_12_seed_2026107220/spatial/concentration.npy
138,pmfs_20_17,12,2026107221,pmfs_20_17/rep_13_seed_2026107221,36a109780725cfe18bf2707d95fe180773000053785e7ded533d20519e8dc0d5,/home/zyc/cess_d1r_168x16_reference_20260925/pmfs_20_17/rep_13_seed_2026107221/spatial/concentration.npy,/home/zyc/cess_d1r_168x16_reference_20260925/pmfs_20_17/rep_13_seed_2026107221/spatial/concentration.npy
138,pmfs_20_17,13,2026107222,pmfs_20_17/rep_14_seed_2026107222,fd390be2463aad52a65d5b9654175dc3375900864538dbec6ee00857a4879b34,/home/zyc/cess_d1r_168x16_reference_20260925/pmfs_20_17/rep_14_seed_2026107222/spatial/concentration.npy,/home/zyc/cess_d1r_168x16_reference_20260925/pmfs_20_17/rep_14_seed_2026107222/spatial/concentration.npy
138,pmfs_20_17,14,2026107223,pmfs_20_17/rep_15_seed_2026107223,98d7126282256af5489dd3310da80a632e5dbf9512cb4cc1a7a08a51fdd609b7,/home/zyc/cess_d1r_168x16_reference_20260925/pmfs_20_17/rep_15_seed_2026107223/spatial/concentration.npy,/home/zyc/cess_d1r_168x16_reference_20260925/pmfs_20_17/rep_15_seed_2026107223/spatial/concentration.npy
138,pmfs_20_17,15,2026107224,pmfs_20_17/rep_16_seed_2026107224,11dfc5e3b3687e858e9c77dfd6cf8fa05d3dca4579058bde3d20f0d08c720bcc,/home/zyc/cess_d1r_168x16_reference_20260925/pmfs_20_17/rep_16_seed_2026107224/spatial/concentration.npy,/home/zyc/cess_d1r_168x16_reference_20260925/pmfs_20_17/rep_16_seed_2026107224/spatial/concentration.npy
139,pmfs_20_18,0,2026107225,pmfs_20_18/rep_01_seed_2026107225,401342eb3aa9db6636c5a7714596002f40ffcecdf475354055a44d28012de6e7,/home/zyc/cess_d1r_168x16_reference_20260925/pmfs_20_18/rep_01_seed_2026107225/spatial/concentration.npy,/home/zyc/cess_d1r_168x16_reference_20260925/pmfs_20_18/rep_01_seed_2026107225/spatial/concentration.npy
139,pmfs_20_18,1,2026107226,pmfs_20_18/rep_02_seed_2026107226,b4adb35f4b84dcb41ce73ff764503aea47b62eef683a3d8b6c25edf01f6a1dee,/home/zyc/cess_d1r_168x16_reference_20260925/pmfs_20_18/rep_02_seed_2026107226/spatial/concentration.npy,/home/zyc/cess_d1r_168x16_reference_20260925/pmfs_20_18/rep_02_seed_2026107226/spatial/concentration.npy
139,pmfs_20_18,2,2026107227,pmfs_20_18/rep_03_seed_2026107227,1602458262193742d71b37fbed632de4a560db0d27dcdccb92647ddd01685c37,/home/zyc/cess_d1r_168x16_reference_20260925/pmfs_20_18/rep_03_seed_2026107227/spatial/concentration.npy,/home/zyc/cess_d1r_168x16_reference_20260925/pmfs_20_18/rep_03_seed_2026107227/spatial/concentration.npy
139,pmfs_20_18,3,2026107228,pmfs_20_18/rep_04_seed_2026107228,286e31378b14e263be621d814a19498d3b27cbcdc4d601def99558d17cfcd4c8,/home/zyc/cess_d1r_168x16_reference_20260925/pmfs_20_18/rep_04_seed_2026107228/spatial/concentration.npy,/home/zyc/cess_d1r_168x16_reference_20260925/pmfs_20_18/rep_04_seed_2026107228/spatial/concentration.npy
139,pmfs_20_18,4,2026107229,pmfs_20_18/rep_05_seed_2026107229,8c29e1b4cc0e8c2a52372c902ebb6e47b42d60aab2214482ec1e64b6fed02c84,/home/zyc/cess_d1r_168x16_reference_20260925/pmfs_20_18/rep_05_seed_2026107229/spatial/concentration.npy,/home/zyc/cess_d1r_168x16_reference_20260925/pmfs_20_18/rep_05_seed_2026107229/spatial/concentration.npy
139,pmfs_20_18,5,2026107230,pmfs_20_18/rep_06_seed_2026107230,7a23f543403a0a8e16acaab30e0866f3d2df30380efc7875f322e32c92e44359,/home/zyc/cess_d1r_168x16_reference_20260925/pmfs_20_18/rep_06_seed_2026107230/spatial/concentration.npy,/home/zyc/cess_d1r_168x16_reference_20260925/pmfs_20_18/rep_06_seed_2026107230/spatial/concentration.npy
139,pmfs_20_18,6,2026107231,pmfs_20_18/rep_07_seed_2026107231,a850d1a5fdb77f73c3041e1172c4bc1b381b911b02943757d864e778c74ecbf9,/home/zyc/cess_d1r_168x16_reference_20260925/pmfs_20_18/rep_07_seed_2026107231/spatial/concentration.npy,/home/zyc/cess_d1r_168x16_reference_20260925/pmfs_20_18/rep_07_seed_2026107231/spatial/concentration.npy
139,pmfs_20_18,7,2026107232,pmfs_20_18/rep_08_seed_2026107232,de106a0b092f0e53295becd30e4ee6e2c6c5b029cd239eaf570679377f8d188e,/home/zyc/cess_d1r_168x16_reference_20260925/pmfs_20_18/rep_08_seed_2026107232/spatial/concentration.npy,/home/zyc/cess_d1r_168x16_reference_20260925/pmfs_20_18/rep_08_seed_2026107232/spatial/concentration.npy
139,pmfs_20_18,8,2026107233,pmfs_20_18/rep_09_seed_2026107233,2244ff3cb2617bb9f32187e751b8284c9387165468e3c5e658e16483238a2fb4,/home/zyc/cess_d1r_168x16_reference_20260925/pmfs_20_18/rep_09_seed_2026107233/spatial/concentration.npy,/home/zyc/cess_d1r_168x16_reference_20260925/pmfs_20_18/rep_09_seed_2026107233/spatial/concentration.npy
139,pmfs_20_18,9,2026107234,pmfs_20_18/rep_10_seed_2026107234,99bedb7f97696ab0754199be2255b5bc6833fac9c479656d75368df9bbcee827,/home/zyc/cess_d1r_168x16_reference_20260925/pmfs_20_18/rep_10_seed_2026107234/spatial/concentration.npy,/home/zyc/cess_d1r_168x16_reference_20260925/pmfs_20_18/rep_10_seed_2026107234/spatial/concentration.npy
139,pmfs_20_18,10,2026107235,pmfs_20_18/rep_11_seed_2026107235,be3333761a239db300529db56fb5c912111405e9c8b3f4f696ce8cd7b863ed8c,/home/zyc/cess_d1r_168x16_reference_20260925/pmfs_20_18/rep_11_seed_2026107235/spatial/concentration.npy,/home/zyc/cess_d1r_168x16_reference_20260925/pmfs_20_18/rep_11_seed_2026107235/spatial/concentration.npy
139,pmfs_20_18,11,2026107236,pmfs_20_18/rep_12_seed_2026107236,3eedb1d1b28b4560cd140e75c3a9848b62d55d5084dbbf97c3ca4654d4aa9022,/home/zyc/cess_d1r_168x16_reference_20260925/pmfs_20_18/rep_12_seed_2026107236/spatial/concentration.npy,/home/zyc/cess_d1r_168x16_reference_20260925/pmfs_20_18/rep_12_seed_2026107236/spatial/concentration.npy
139,pmfs_20_18,12,2026107237,pmfs_20_18/rep_13_seed_2026107237,9929146835522fe32728b7153295802c4e81bf35c3c88db64ab5a7833efb86bb,/home/zyc/cess_d1r_168x16_reference_20260925/pmfs_20_18/rep_13_seed_2026107237/spatial/concentration.npy,/home/zyc/cess_d1r_168x16_reference_20260925/pmfs_20_18/rep_13_seed_2026107237/spatial/concentration.npy
139,pmfs_20_18,13,2026107238,pmfs_20_18/rep_14_seed_2026107238,92e6c5466a0abae8855ac650052686a73d1f610155a0a22740369c2257199c0f,/home/zyc/cess_d1r_168x16_reference_20260925/pmfs_20_18/rep_14_seed_2026107238/spatial/concentration.npy,/home/zyc/cess_d1r_168x16_reference_20260925/pmfs_20_18/rep_14_seed_2026107238/spatial/concentration.npy
139,pmfs_20_18,14,2026107239,pmfs_20_18/rep_15_seed_2026107239,811a9dcae2ca5a27bef79818f251105d8fd316b40a0051711025a58504848caa,/home/zyc/cess_d1r_168x16_reference_20260925/pmfs_20_18/rep_15_seed_2026107239/spatial/concentration.npy,/home/zyc/cess_d1r_168x16_reference_20260925/pmfs_20_18/rep_15_seed_2026107239/spatial/concentration.npy
139,pmfs_20_18,15,2026107240,pmfs_20_18/rep_16_seed_2026107240,d4421fc13c1ae91e211485db9d0b21791229ac6c838b14e76cb49e4e20261406,/home/zyc/cess_d1r_168x16_reference_20260925/pmfs_20_18/rep_16_seed_2026107240/spatial/concentration.npy,/home/zyc/cess_d1r_168x16_reference_20260925/pmfs_20_18/rep_16_seed_2026107240/spatial/concentration.npy
140,pmfs_21_12,0,2026107241,pmfs_21_12/rep_01_seed_2026107241,ac043cd0086a89048e791798bb23b0d61eb60207c333052cb8812f54a9abed8c,/home/zyc/cess_d1r_168x16_reference_20260925/pmfs_21_12/rep_01_seed_2026107241/spatial/concentration.npy,/home/zyc/cess_d1r_168x16_reference_20260925/pmfs_21_12/rep_01_seed_2026107241/spatial/concentration.npy
140,pmfs_21_12,1,2026107242,pmfs_21_12/rep_02_seed_2026107242,fa41b0b52ff0961bdf77996d9cddd8e604af2c9056c4ab31adaecfb56e406417,/home/zyc/cess_d1r_168x16_reference_20260925/pmfs_21_12/rep_02_seed_2026107242/spatial/concentration.npy,/home/zyc/cess_d1r_168x16_reference_20260925/pmfs_21_12/rep_02_seed_2026107242/spatial/concentration.npy
140,pmfs_21_12,2,2026107243,pmfs_21_12/rep_03_seed_2026107243,3a59b8894a4258257c218f378e905a2bbc052b869c8a3f08ac18c4b2cf888b83,/home/zyc/cess_d1r_168x16_reference_20260925/pmfs_21_12/rep_03_seed_2026107243/spatial/concentration.npy,/home/zyc/cess_d1r_168x16_reference_20260925/pmfs_21_12/rep_03_seed_2026107243/spatial/concentration.npy
140,pmfs_21_12,3,2026107244,pmfs_21_12/rep_04_seed_2026107244,0384374bccc35c9cf15d57ff1eef1782177a658bfbdfa7adf344086e31d02308,/home/zyc/cess_d1r_168x16_reference_20260925/pmfs_21_12/rep_04_seed_2026107244/spatial/concentration.npy,/home/zyc/cess_d1r_168x16_reference_20260925/pmfs_21_12/rep_04_seed_2026107244/spatial/concentration.npy
140,pmfs_21_12,4,2026107245,pmfs_21_12/rep_05_seed_2026107245,211181e7883859d230cd520dd0140ba3cf26648ec3d17b2898b2227f553370cf,/home/zyc/cess_d1r_168x16_reference_20260925/pmfs_21_12/rep_05_seed_2026107245/spatial/concentration.npy,/home/zyc/cess_d1r_168x16_reference_20260925/pmfs_21_12/rep_05_seed_2026107245/spatial/concentration.npy
140,pmfs_21_12,5,2026107246,pmfs_21_12/rep_06_seed_2026107246,5c1522fdb8822a3c85676edc6a35dee67789e1cdd1d5e824e04f0994e28cedbf,/home/zyc/cess_d1r_168x16_reference_20260925/pmfs_21_12/rep_06_seed_2026107246/spatial/concentration.npy,/home/zyc/cess_d1r_168x16_reference_20260925/pmfs_21_12/rep_06_seed_2026107246/spatial/concentration.npy
140,pmfs_21_12,6,2026107247,pmfs_21_12/rep_07_seed_2026107247,8254ecc04c6461c834993301159174aa8074826c60768725f117acd968844ef8,/home/zyc/cess_d1r_168x16_reference_20260925/pmfs_21_12/rep_07_seed_2026107247/spatial/concentration.npy,/home/zyc/cess_d1r_168x16_reference_20260925/pmfs_21_12/rep_07_seed_2026107247/spatial/concentration.npy
140,pmfs_21_12,7,2026107248,pmfs_21_12/rep_08_seed_2026107248,cc2cc95556e507e8a07bdd34f3b661ba95e24d09adc33160398a74bedea6ed06,/home/zyc/cess_d1r_168x16_reference_20260925/pmfs_21_12/rep_08_seed_2026107248/spatial/concentration.npy,/home/zyc/cess_d1r_168x16_reference_20260925/pmfs_21_12/rep_08_seed_2026107248/spatial/concentration.npy
140,pmfs_21_12,8,2026107249,pmfs_21_12/rep_09_seed_2026107249,f911cd2db0fd938a79cef1c28b00dc62216a6a78841242a65157507f0ee609e3,/home/zyc/cess_d1r_168x16_reference_20260925/pmfs_21_12/rep_09_seed_2026107249/spatial/concentration.npy,/home/zyc/cess_d1r_168x16_reference_20260925/pmfs_21_12/rep_09_seed_2026107249/spatial/concentration.npy
140,pmfs_21_12,9,2026107250,pmfs_21_12/rep_10_seed_2026107250,7ee2688f79a401af5e37c3a8c55087ef5a3168aae9f55397706debad3c1ecdfe,/home/zyc/cess_d1r_168x16_reference_20260925/pmfs_21_12/rep_10_seed_2026107250/spatial/concentration.npy,/home/zyc/cess_d1r_168x16_reference_20260925/pmfs_21_12/rep_10_seed_2026107250/spatial/concentration.npy
140,pmfs_21_12,10,2026107251,pmfs_21_12/rep_11_seed_2026107251,76047f699419b15cd1e54c5c8a401b8eb070717acf8f27737b7eb83db527cc06,/home/zyc/cess_d1r_168x16_reference_20260925/pmfs_21_12/rep_11_seed_2026107251/spatial/concentration.npy,/home/zyc/cess_d1r_168x16_reference_20260925/pmfs_21_12/rep_11_seed_2026107251/spatial/concentration.npy
140,pmfs_21_12,11,2026107252,pmfs_21_12/rep_12_seed_2026107252,15aac3b137a7afacec96a0e4325ffc0ecda2e0b333c26e1faeb483616905d8da,/home/zyc/cess_d1r_168x16_reference_20260925/pmfs_21_12/rep_12_seed_2026107252/spatial/concentration.npy,/home/zyc/cess_d1r_168x16_reference_20260925/pmfs_21_12/rep_12_seed_2026107252/spatial/concentration.npy
140,pmfs_21_12,12,2026107253,pmfs_21_12/rep_13_seed_2026107253,27752de93c22078399656dfb6f1374170c7450dfe2fc063e40ac21b1d6387b0f,/home/zyc/cess_d1r_168x16_reference_20260925/pmfs_21_12/rep_13_seed_2026107253/spatial/concentration.npy,/home/zyc/cess_d1r_168x16_reference_20260925/pmfs_21_12/rep_13_seed_2026107253/spatial/concentration.npy
140,pmfs_21_12,13,2026107254,pmfs_21_12/rep_14_seed_2026107254,fe571208db71d2fe22e0e1970aca105005e00c9df59d2e518e751ec4591492d0,/home/zyc/cess_d1r_168x16_reference_20260925/pmfs_21_12/rep_14_seed_2026107254/spatial/concentration.npy,/home/zyc/cess_d1r_168x16_reference_20260925/pmfs_21_12/rep_14_seed_2026107254/spatial/concentration.npy
140,pmfs_21_12,14,2026107255,pmfs_21_12/rep_15_seed_2026107255,8cc47f5b6f3af87f9ce05b60d60345eb1bb171d432222695eb32098afc60ce10,/home/zyc/cess_d1r_168x16_reference_20260925/pmfs_21_12/rep_15_seed_2026107255/spatial/concentration.npy,/home/zyc/cess_d1r_168x16_reference_20260925/pmfs_21_12/rep_15_seed_2026107255/spatial/concentration.npy
140,pmfs_21_12,15,2026107256,pmfs_21_12/rep_16_seed_2026107256,54cb29efa5e97c2bec52f3bfbe5ef3da426285816066d076fd08cc5fd8c64853,/home/zyc/cess_d1r_168x16_reference_20260925/pmfs_21_12/rep_16_seed_2026107256/spatial/concentration.npy,/home/zyc/cess_d1r_168x16_reference_20260925/pmfs_21_12/rep_16_seed_2026107256/spatial/concentration.npy
141,pmfs_21_13,0,2026107257,pmfs_21_13/rep_01_seed_2026107257,92063229d2ab040016ca1ef6b5d9c5289166c587bd34040ce013f897395728f3,/home/zyc/cess_d1r_168x16_reference_20260925/pmfs_21_13/rep_01_seed_2026107257/spatial/concentration.npy,/home/zyc/cess_d1r_168x16_reference_20260925/pmfs_21_13/rep_01_seed_2026107257/spatial/concentration.npy
141,pmfs_21_13,1,2026107258,pmfs_21_13/rep_02_seed_2026107258,5dd9f7c697382543f5a0195b82be9cd3ca54da9f09d41281875126d9bc31f485,/home/zyc/cess_d1r_168x16_reference_20260925/pmfs_21_13/rep_02_seed_2026107258/spatial/concentration.npy,/home/zyc/cess_d1r_168x16_reference_20260925/pmfs_21_13/rep_02_seed_2026107258/spatial/concentration.npy
141,pmfs_21_13,2,2026107259,pmfs_21_13/rep_03_seed_2026107259,6685dcae1864d8224d6edfc877919c088f8be42400cef6d7267757d5d9c342b8,/home/zyc/cess_d1r_168x16_reference_20260925/pmfs_21_13/rep_03_seed_2026107259/spatial/concentration.npy,/home/zyc/cess_d1r_168x16_reference_20260925/pmfs_21_13/rep_03_seed_2026107259/spatial/concentration.npy
141,pmfs_21_13,3,2026107260,pmfs_21_13/rep_04_seed_2026107260,e395f14c9b8b6bf591fa4c8178c70533f6813450a1a6c4aefc36f4ce90a766d8,/home/zyc/cess_d1r_168x16_reference_20260925/pmfs_21_13/rep_04_seed_2026107260/spatial/concentration.npy,/home/zyc/cess_d1r_168x16_reference_20260925/pmfs_21_13/rep_04_seed_2026107260/spatial/concentration.npy
141,pmfs_21_13,4,2026107261,pmfs_21_13/rep_05_seed_2026107261,e01e0e05e7ff9ee498544a8a3616d5e5ad2247beca91f445c18b912ea31fd1a0,/home/zyc/cess_d1r_168x16_reference_20260925/pmfs_21_13/rep_05_seed_2026107261/spatial/concentration.npy,/home/zyc/cess_d1r_168x16_reference_20260925/pmfs_21_13/rep_05_seed_2026107261/spatial/concentration.npy
141,pmfs_21_13,5,2026107262,pmfs_21_13/rep_06_seed_2026107262,efb2ef5439dd5f04bccf07275633114e375cf155bae1a96dd34bf5e178f98ef9,/home/zyc/cess_d1r_168x16_reference_20260925/pmfs_21_13/rep_06_seed_2026107262/spatial/concentration.npy,/home/zyc/cess_d1r_168x16_reference_20260925/pmfs_21_13/rep_06_seed_2026107262/spatial/concentration.npy
141,pmfs_21_13,6,2026107263,pmfs_21_13/rep_07_seed_2026107263,b904a79fa448695b08d824e37aa134588bb2b50cda7d366b9645868c219a60d9,/home/zyc/cess_d1r_168x16_reference_20260925/pmfs_21_13/rep_07_seed_2026107263/spatial/concentration.npy,/home/zyc/cess_d1r_168x16_reference_20260925/pmfs_21_13/rep_07_seed_2026107263/spatial/concentration.npy
141,pmfs_21_13,7,2026107264,pmfs_21_13/rep_08_seed_2026107264,9fbd1e7b26bcde6f5f1a11e5da1e5fa3435d3a79ef391950ae17b17f1ff2df48,/home/zyc/cess_d1r_168x16_reference_20260925/pmfs_21_13/rep_08_seed_2026107264/spatial/concentration.npy,/home/zyc/cess_d1r_168x16_reference_20260925/pmfs_21_13/rep_08_seed_2026107264/spatial/concentration.npy
141,pmfs_21_13,8,2026107265,pmfs_21_13/rep_09_seed_2026107265,fec2e0b8db51606ce8715d74ab46003b70a58c9d55aa420e80e004f19e2af10e,/home/zyc/cess_d1r_168x16_reference_20260925/pmfs_21_13/rep_09_seed_2026107265/spatial/concentration.npy,/home/zyc/cess_d1r_168x16_reference_20260925/pmfs_21_13/rep_09_seed_2026107265/spatial/concentration.npy
141,pmfs_21_13,9,2026107266,pmfs_21_13/rep_10_seed_2026107266,d4e9fdeffe5c616465869ea72c183b630e123017226cb6957a67db304a2727ec,/home/zyc/cess_d1r_168x16_reference_20260925/pmfs_21_13/rep_10_seed_2026107266/spatial/concentration.npy,/home/zyc/cess_d1r_168x16_reference_20260925/pmfs_21_13/rep_10_seed_2026107266/spatial/concentration.npy
141,pmfs_21_13,10,2026107267,pmfs_21_13/rep_11_seed_2026107267,7fc38dafd8a2147600fb38936139d0bd9c419ae0aa774eb58a5fccec01f3a7b7,/home/zyc/cess_d1r_168x16_reference_20260925/pmfs_21_13/rep_11_seed_2026107267/spatial/concentration.npy,/home/zyc/cess_d1r_168x16_reference_20260925/pmfs_21_13/rep_11_seed_2026107267/spatial/concentration.npy
141,pmfs_21_13,11,2026107268,pmfs_21_13/rep_12_seed_2026107268,381903ab65f22cf6d619f53bf5f556d05e54864a1f4ace5973e94a7664809735,/home/zyc/cess_d1r_168x16_reference_20260925/pmfs_21_13/rep_12_seed_2026107268/spatial/concentration.npy,/home/zyc/cess_d1r_168x16_reference_20260925/pmfs_21_13/rep_12_seed_2026107268/spatial/concentration.npy
141,pmfs_21_13,12,2026107269,pmfs_21_13/rep_13_seed_2026107269,901c1806722fc256fdc47c73fe1f943f9a397ac97336de10df8cccb73f238a9f,/home/zyc/cess_d1r_168x16_reference_20260925/pmfs_21_13/rep_13_seed_2026107269/spatial/concentration.npy,/home/zyc/cess_d1r_168x16_reference_20260925/pmfs_21_13/rep_13_seed_2026107269/spatial/concentration.npy
141,pmfs_21_13,13,2026107270,pmfs_21_13/rep_14_seed_2026107270,5afddb4ffb3d36f93d4ba81ce501ea06c50e25344b24ed9d0defc1fca713c262,/home/zyc/cess_d1r_168x16_reference_20260925/pmfs_21_13/rep_14_seed_2026107270/spatial/concentration.npy,/home/zyc/cess_d1r_168x16_reference_20260925/pmfs_21_13/rep_14_seed_2026107270/spatial/concentration.npy
141,pmfs_21_13,14,2026107271,pmfs_21_13/rep_15_seed_2026107271,61c03713621d0461bd07aa23f17e54d6b95ad74e5c2d3ca06a4da268324b89c6,/home/zyc/cess_d1r_168x16_reference_20260925/pmfs_21_13/rep_15_seed_2026107271/spatial/concentration.npy,/home/zyc/cess_d1r_168x16_reference_20260925/pmfs_21_13/rep_15_seed_2026107271/spatial/concentration.npy
141,pmfs_21_13,15,2026107272,pmfs_21_13/rep_16_seed_2026107272,b158f3dbe8a08a033a74e19d58d373ae90d859edcc4240985b48b0250349ef4a,/home/zyc/cess_d1r_168x16_reference_20260925/pmfs_21_13/rep_16_seed_2026107272/spatial/concentration.npy,/home/zyc/cess_d1r_168x16_reference_20260925/pmfs_21_13/rep_16_seed_2026107272/spatial/concentration.npy
142,pmfs_21_14,0,2026107273,pmfs_21_14/rep_01_seed_2026107273,181b34f5dbc38e052b9f1b0e2cad8eb1d51bf149311ed9108e24a92a85a17c09,/home/zyc/cess_d1r_168x16_reference_20260925/pmfs_21_14/rep_01_seed_2026107273/spatial/concentration.npy,/home/zyc/cess_d1r_168x16_reference_20260925/pmfs_21_14/rep_01_seed_2026107273/spatial/concentration.npy
142,pmfs_21_14,1,2026107274,pmfs_21_14/rep_02_seed_2026107274,e9d51f869e9d8e0975e4d238f27338544a48c5e216fce0b9ef8313c6957ceded,/home/zyc/cess_d1r_168x16_reference_20260925/pmfs_21_14/rep_02_seed_2026107274/spatial/concentration.npy,/home/zyc/cess_d1r_168x16_reference_20260925/pmfs_21_14/rep_02_seed_2026107274/spatial/concentration.npy
142,pmfs_21_14,2,2026107275,pmfs_21_14/rep_03_seed_2026107275,5459be1716d6a8bab488d0c5d99be5a944075b0a830c590ef1a3517951d76051,/home/zyc/cess_d1r_168x16_reference_20260925/pmfs_21_14/rep_03_seed_2026107275/spatial/concentration.npy,/home/zyc/cess_d1r_168x16_reference_20260925/pmfs_21_14/rep_03_seed_2026107275/spatial/concentration.npy
142,pmfs_21_14,3,2026107276,pmfs_21_14/rep_04_seed_2026107276,24317258c131480746a529131a077d3b8f79fe23a4d3241f8511873e7d8513c1,/home/zyc/cess_d1r_168x16_reference_20260925/pmfs_21_14/rep_04_seed_2026107276/spatial/concentration.npy,/home/zyc/cess_d1r_168x16_reference_20260925/pmfs_21_14/rep_04_seed_2026107276/spatial/concentration.npy
142,pmfs_21_14,4,2026107277,pmfs_21_14/rep_05_seed_2026107277,73c85dc2460650826b1ed961778ff58ebe37fefedbb39dc2d68f4c067f0babaf,/home/zyc/cess_d1r_168x16_reference_20260925/pmfs_21_14/rep_05_seed_2026107277/spatial/concentration.npy,/home/zyc/cess_d1r_168x16_reference_20260925/pmfs_21_14/rep_05_seed_2026107277/spatial/concentration.npy
142,pmfs_21_14,5,2026107278,pmfs_21_14/rep_06_seed_2026107278,f6d1762cb019bc2a241101f01015374ac9c73116982d3075e7f44ff6286850b3,/home/zyc/cess_d1r_168x16_reference_20260925/pmfs_21_14/rep_06_seed_2026107278/spatial/concentration.npy,/home/zyc/cess_d1r_168x16_reference_20260925/pmfs_21_14/rep_06_seed_2026107278/spatial/concentration.npy
142,pmfs_21_14,6,2026107279,pmfs_21_14/rep_07_seed_2026107279,6bf3d4c41d96b1752b55bec669d1775d74d601e9be638c39cd21f1adf7bf29b7,/home/zyc/cess_d1r_168x16_reference_20260925/pmfs_21_14/rep_07_seed_2026107279/spatial/concentration.npy,/home/zyc/cess_d1r_168x16_reference_20260925/pmfs_21_14/rep_07_seed_2026107279/spatial/concentration.npy
142,pmfs_21_14,7,2026107280,pmfs_21_14/rep_08_seed_2026107280,a8671c946aac766b5c369fb37a24c15f50f15a6417b8ae8091adfcff69da3b00,/home/zyc/cess_d1r_168x16_reference_20260925/pmfs_21_14/rep_08_seed_2026107280/spatial/concentration.npy,/home/zyc/cess_d1r_168x16_reference_20260925/pmfs_21_14/rep_08_seed_2026107280/spatial/concentration.npy
142,pmfs_21_14,8,2026107281,pmfs_21_14/rep_09_seed_2026107281,b43f9ab5f971ecd3598ed0a76541f1bb09c2bb8abfa528f3114d9e0932bcebde,/home/zyc/cess_d1r_168x16_reference_20260925/pmfs_21_14/rep_09_seed_2026107281/spatial/concentration.npy,/home/zyc/cess_d1r_168x16_reference_20260925/pmfs_21_14/rep_09_seed_2026107281/spatial/concentration.npy
142,pmfs_21_14,9,2026107282,pmfs_21_14/rep_10_seed_2026107282,0f775f3e8ab34de6618fe4a9951f26e2946cbd1eabf11b4cae2b5b54080fb65b,/home/zyc/cess_d1r_168x16_reference_20260925/pmfs_21_14/rep_10_seed_2026107282/spatial/concentration.npy,/home/zyc/cess_d1r_168x16_reference_20260925/pmfs_21_14/rep_10_seed_2026107282/spatial/concentration.npy
142,pmfs_21_14,10,2026107283,pmfs_21_14/rep_11_seed_2026107283,a7683e695be5838b8c5f2258439ff2025b50d1e1417117f4edced659bb53fffa,/home/zyc/cess_d1r_168x16_reference_20260925/pmfs_21_14/rep_11_seed_2026107283/spatial/concentration.npy,/home/zyc/cess_d1r_168x16_reference_20260925/pmfs_21_14/rep_11_seed_2026107283/spatial/concentration.npy
142,pmfs_21_14,11,2026107284,pmfs_21_14/rep_12_seed_2026107284,b6213ccf9c6fef1928e44f760e3652e66f16558796172501db145c73688a3a64,/home/zyc/cess_d1r_168x16_reference_20260925/pmfs_21_14/rep_12_seed_2026107284/spatial/concentration.npy,/home/zyc/cess_d1r_168x16_reference_20260925/pmfs_21_14/rep_12_seed_2026107284/spatial/concentration.npy
142,pmfs_21_14,12,2026107285,pmfs_21_14/rep_13_seed_2026107285,5712fe4b192438c70a62e356cce6dbea7cf28f668b8e4c5ba072c6a112de162f,/home/zyc/cess_d1r_168x16_reference_20260925/pmfs_21_14/rep_13_seed_2026107285/spatial/concentration.npy,/home/zyc/cess_d1r_168x16_reference_20260925/pmfs_21_14/rep_13_seed_2026107285/spatial/concentration.npy
142,pmfs_21_14,13,2026107286,pmfs_21_14/rep_14_seed_2026107286,bb17852e2431bf0e1e1dc9fbc2fc429324ed0ff8f0f91f9ac10eaac229ce6ca3,/home/zyc/cess_d1r_168x16_reference_20260925/pmfs_21_14/rep_14_seed_2026107286/spatial/concentration.npy,/home/zyc/cess_d1r_168x16_reference_20260925/pmfs_21_14/rep_14_seed_2026107286/spatial/concentration.npy
142,pmfs_21_14,14,2026107287,pmfs_21_14/rep_15_seed_2026107287,c6d9ba13cec3a684a630af6ca97b56afc04c64066d73227eeecbeee406c3d664,/home/zyc/cess_d1r_168x16_reference_20260925/pmfs_21_14/rep_15_seed_2026107287/spatial/concentration.npy,/home/zyc/cess_d1r_168x16_reference_20260925/pmfs_21_14/rep_15_seed_2026107287/spatial/concentration.npy
142,pmfs_21_14,15,2026107288,pmfs_21_14/rep_16_seed_2026107288,ab12117df994ed9b6c1e9c806698dc551cabb26878ae115060694fbc122c5f9c,/home/zyc/cess_d1r_168x16_reference_20260925/pmfs_21_14/rep_16_seed_2026107288/spatial/concentration.npy,/home/zyc/cess_d1r_168x16_reference_20260925/pmfs_21_14/rep_16_seed_2026107288/spatial/concentration.npy
143,pmfs_21_15,0,2026107289,pmfs_21_15/rep_01_seed_2026107289,9db1cae29816c2129bdc341654e8f51390d72b32fbca1d4cd3083ee43b020879,/home/zyc/cess_d1r_168x16_reference_20260925/pmfs_21_15/rep_01_seed_2026107289/spatial/concentration.npy,/home/zyc/cess_d1r_168x16_reference_20260925/pmfs_21_15/rep_01_seed_2026107289/spatial/concentration.npy
143,pmfs_21_15,1,2026107290,pmfs_21_15/rep_02_seed_2026107290,5ee9aeef2a8b7c69d916179cbd7dbb8bc31542739b3ddb39f2fba98ed6fbf135,/home/zyc/cess_d1r_168x16_reference_20260925/pmfs_21_15/rep_02_seed_2026107290/spatial/concentration.npy,/home/zyc/cess_d1r_168x16_reference_20260925/pmfs_21_15/rep_02_seed_2026107290/spatial/concentration.npy
143,pmfs_21_15,2,2026107291,pmfs_21_15/rep_03_seed_2026107291,1eff8404ad0ccb71b85ca23642eac9c9188aa38d703d473330970e15ea7da109,/home/zyc/cess_d1r_168x16_reference_20260925/pmfs_21_15/rep_03_seed_2026107291/spatial/concentration.npy,/home/zyc/cess_d1r_168x16_reference_20260925/pmfs_21_15/rep_03_seed_2026107291/spatial/concentration.npy
143,pmfs_21_15,3,2026107292,pmfs_21_15/rep_04_seed_2026107292,5f38fc344a1a5250cb9151626614ebd75fcb635909957f7ae596787a3104850b,/home/zyc/cess_d1r_168x16_reference_20260925/pmfs_21_15/rep_04_seed_2026107292/spatial/concentration.npy,/home/zyc/cess_d1r_168x16_reference_20260925/pmfs_21_15/rep_04_seed_2026107292/spatial/concentration.npy
143,pmfs_21_15,4,2026107293,pmfs_21_15/rep_05_seed_2026107293,bc626bfa7a392208b94e3a1fe9c0aee01143c47e95bf39a72e92cbd4e9304093,/home/zyc/cess_d1r_168x16_reference_20260925/pmfs_21_15/rep_05_seed_2026107293/spatial/concentration.npy,/home/zyc/cess_d1r_168x16_reference_20260925/pmfs_21_15/rep_05_seed_2026107293/spatial/concentration.npy
143,pmfs_21_15,5,2026107294,pmfs_21_15/rep_06_seed_2026107294,9d0578fd3f9801bc4dadbafde5be4fb8cdcbe410b2de99e38a6ab7c7a0107432,/home/zyc/cess_d1r_168x16_reference_20260925/pmfs_21_15/rep_06_seed_2026107294/spatial/concentration.npy,/home/zyc/cess_d1r_168x16_reference_20260925/pmfs_21_15/rep_06_seed_2026107294/spatial/concentration.npy
143,pmfs_21_15,6,2026107295,pmfs_21_15/rep_07_seed_2026107295,11a5827eb478ba2398010aeac98195e94a3e4dcf9f92e810fd44fd3136d1983c,/home/zyc/cess_d1r_168x16_reference_20260925/pmfs_21_15/rep_07_seed_2026107295/spatial/concentration.npy,/home/zyc/cess_d1r_168x16_reference_20260925/pmfs_21_15/rep_07_seed_2026107295/spatial/concentration.npy
143,pmfs_21_15,7,2026107296,pmfs_21_15/rep_08_seed_2026107296,bf6c050143d82b6fded739dc2fd18a5b60dfaee68b401ba2fb2eb7bfe42fcf65,/home/zyc/cess_d1r_168x16_reference_20260925/pmfs_21_15/rep_08_seed_2026107296/spatial/concentration.npy,/home/zyc/cess_d1r_168x16_reference_20260925/pmfs_21_15/rep_08_seed_2026107296/spatial/concentration.npy
143,pmfs_21_15,8,2026107297,pmfs_21_15/rep_09_seed_2026107297,00c1f58453ecac8c055d6636e8caf70302feb3224cccc5855f67b972623c422f,/home/zyc/cess_d1r_168x16_reference_20260925/pmfs_21_15/rep_09_seed_2026107297/spatial/concentration.npy,/home/zyc/cess_d1r_168x16_reference_20260925/pmfs_21_15/rep_09_seed_2026107297/spatial/concentration.npy
143,pmfs_21_15,9,2026107298,pmfs_21_15/rep_10_seed_2026107298,040566bd71a2b1b3bfd8d4decd1b43638763c3419880da368ff275e8c7d81ab6,/home/zyc/cess_d1r_168x16_reference_20260925/pmfs_21_15/rep_10_seed_2026107298/spatial/concentration.npy,/home/zyc/cess_d1r_168x16_reference_20260925/pmfs_21_15/rep_10_seed_2026107298/spatial/concentration.npy
143,pmfs_21_15,10,2026107299,pmfs_21_15/rep_11_seed_2026107299,cb9807b5b33f8cb823dbb933447d599fa9c55555f90b1dad93d33d310af1b665,/home/zyc/cess_d1r_168x16_reference_20260925/pmfs_21_15/rep_11_seed_2026107299/spatial/concentration.npy,/home/zyc/cess_d1r_168x16_reference_20260925/pmfs_21_15/rep_11_seed_2026107299/spatial/concentration.npy
143,pmfs_21_15,11,2026107300,pmfs_21_15/rep_12_seed_2026107300,48d7e7d191b65224344e10c92cd96ee466e992e51d1ad7292b5a647b4b764b83,/home/zyc/cess_d1r_168x16_reference_20260925/pmfs_21_15/rep_12_seed_2026107300/spatial/concentration.npy,/home/zyc/cess_d1r_168x16_reference_20260925/pmfs_21_15/rep_12_seed_2026107300/spatial/concentration.npy
143,pmfs_21_15,12,2026107301,pmfs_21_15/rep_13_seed_2026107301,c7c84ff7a32c6116e95dff3bb399735894aec55a62ea8923815adc9c1a3a9283,/home/zyc/cess_d1r_168x16_reference_20260925/pmfs_21_15/rep_13_seed_2026107301/spatial/concentration.npy,/home/zyc/cess_d1r_168x16_reference_20260925/pmfs_21_15/rep_13_seed_2026107301/spatial/concentration.npy
143,pmfs_21_15,13,2026107302,pmfs_21_15/rep_14_seed_2026107302,e1275377e6b67981c149532206f02a8c2aa13d8e6b5981fbd4e67eed2929d413,/home/zyc/cess_d1r_168x16_reference_20260925/pmfs_21_15/rep_14_seed_2026107302/spatial/concentration.npy,/home/zyc/cess_d1r_168x16_reference_20260925/pmfs_21_15/rep_14_seed_2026107302/spatial/concentration.npy
143,pmfs_21_15,14,2026107303,pmfs_21_15/rep_15_seed_2026107303,73e9d5dab71c91733ecf93b6157f7a67d6cd0a1f1c5c08848ca569f81bf48ec2,/home/zyc/cess_d1r_168x16_reference_20260925/pmfs_21_15/rep_15_seed_2026107303/spatial/concentration.npy,/home/zyc/cess_d1r_168x16_reference_20260925/pmfs_21_15/rep_15_seed_2026107303/spatial/concentration.npy
143,pmfs_21_15,15,2026107304,pmfs_21_15/rep_16_seed_2026107304,7ec709ce76731ce3b4af66f4b20c51f032f32a6bc3d2fd1a2791277dd338cee2,/home/zyc/cess_d1r_168x16_reference_20260925/pmfs_21_15/rep_16_seed_2026107304/spatial/concentration.npy,/home/zyc/cess_d1r_168x16_reference_20260925/pmfs_21_15/rep_16_seed_2026107304/spatial/concentration.npy
144,pmfs_21_16,0,2026107305,pmfs_21_16/rep_01_seed_2026107305,c9a6ea9cbc9007da61b95f1765f5daea7876c335b73801d085ff0426fd692d6b,/home/zyc/cess_d1r_168x16_reference_20260925/pmfs_21_16/rep_01_seed_2026107305/spatial/concentration.npy,/home/zyc/cess_d1r_168x16_reference_20260925/pmfs_21_16/rep_01_seed_2026107305/spatial/concentration.npy
144,pmfs_21_16,1,2026107306,pmfs_21_16/rep_02_seed_2026107306,12f5e9087c5c837c19f56f7f2e94cb434b64bd3bc3b6e5c28c209e57539cd510,/home/zyc/cess_d1r_168x16_reference_20260925/pmfs_21_16/rep_02_seed_2026107306/spatial/concentration.npy,/home/zyc/cess_d1r_168x16_reference_20260925/pmfs_21_16/rep_02_seed_2026107306/spatial/concentration.npy
144,pmfs_21_16,2,2026107307,pmfs_21_16/rep_03_seed_2026107307,1efa8bf2f8846d0130d20a9ae6610a66e8724891e1c13fe00343746b5941487d,/home/zyc/cess_d1r_168x16_reference_20260925/pmfs_21_16/rep_03_seed_2026107307/spatial/concentration.npy,/home/zyc/cess_d1r_168x16_reference_20260925/pmfs_21_16/rep_03_seed_2026107307/spatial/concentration.npy
144,pmfs_21_16,3,2026107308,pmfs_21_16/rep_04_seed_2026107308,7e13711386b131d508cb602a1c84f582ef9ec68c434bfb873cc49e5e5eb6bb08,/home/zyc/cess_d1r_168x16_reference_20260925/pmfs_21_16/rep_04_seed_2026107308/spatial/concentration.npy,/home/zyc/cess_d1r_168x16_reference_20260925/pmfs_21_16/rep_04_seed_2026107308/spatial/concentration.npy
144,pmfs_21_16,4,2026107309,pmfs_21_16/rep_05_seed_2026107309,610d504607a267c20819b9ad90b626c2220240c805b373dab95200af2b613258,/home/zyc/cess_d1r_168x16_reference_20260925/pmfs_21_16/rep_05_seed_2026107309/spatial/concentration.npy,/home/zyc/cess_d1r_168x16_reference_20260925/pmfs_21_16/rep_05_seed_2026107309/spatial/concentration.npy
144,pmfs_21_16,5,2026107310,pmfs_21_16/rep_06_seed_2026107310,a778feeff9de889851423511345362851b3479d719a94fb8d00b9621527857f5,/home/zyc/cess_d1r_168x16_reference_20260925/pmfs_21_16/rep_06_seed_2026107310/spatial/concentration.npy,/home/zyc/cess_d1r_168x16_reference_20260925/pmfs_21_16/rep_06_seed_2026107310/spatial/concentration.npy
144,pmfs_21_16,6,2026107311,pmfs_21_16/rep_07_seed_2026107311,768c6ed603771d85ff004b81c83fa73ad32a7e8ab101569c195df334064fdbdf,/home/zyc/cess_d1r_168x16_reference_20260925/pmfs_21_16/rep_07_seed_2026107311/spatial/concentration.npy,/home/zyc/cess_d1r_168x16_reference_20260925/pmfs_21_16/rep_07_seed_2026107311/spatial/concentration.npy
144,pmfs_21_16,7,2026107312,pmfs_21_16/rep_08_seed_2026107312,a6339d845c2939989d30f5024ab6f967539a9adea8a3c39794fcd6be62ad6b04,/home/zyc/cess_d1r_168x16_reference_20260925/pmfs_21_16/rep_08_seed_2026107312/spatial/concentration.npy,/home/zyc/cess_d1r_168x16_reference_20260925/pmfs_21_16/rep_08_seed_2026107312/spatial/concentration.npy
144,pmfs_21_16,8,2026107313,pmfs_21_16/rep_09_seed_2026107313,89078d918331ccded2be3797595c0b3ec5d8307c8f4b24d2ef507828af060c40,/home/zyc/cess_d1r_168x16_reference_20260925/pmfs_21_16/rep_09_seed_2026107313/spatial/concentration.npy,/home/zyc/cess_d1r_168x16_reference_20260925/pmfs_21_16/rep_09_seed_2026107313/spatial/concentration.npy
144,pmfs_21_16,9,2026107314,pmfs_21_16/rep_10_seed_2026107314,cbca7d68d72317de78bf463cc71a56b29caccaa5cf9cdea143787a2aab566f19,/home/zyc/cess_d1r_168x16_reference_20260925/pmfs_21_16/rep_10_seed_2026107314/spatial/concentration.npy,/home/zyc/cess_d1r_168x16_reference_20260925/pmfs_21_16/rep_10_seed_2026107314/spatial/concentration.npy
144,pmfs_21_16,10,2026107315,pmfs_21_16/rep_11_seed_2026107315,fa54761ca0cff038ed9978bcc654fb93677ce4baa37e56a800c6a04847774dde,/home/zyc/cess_d1r_168x16_reference_20260925/pmfs_21_16/rep_11_seed_2026107315/spatial/concentration.npy,/home/zyc/cess_d1r_168x16_reference_20260925/pmfs_21_16/rep_11_seed_2026107315/spatial/concentration.npy
144,pmfs_21_16,11,2026107316,pmfs_21_16/rep_12_seed_2026107316,3a5f520d3f3b9e670036249a82c971bf59e09cce96ff716c41c7b2f4c3c5e0ed,/home/zyc/cess_d1r_168x16_reference_20260925/pmfs_21_16/rep_12_seed_2026107316/spatial/concentration.npy,/home/zyc/cess_d1r_168x16_reference_20260925/pmfs_21_16/rep_12_seed_2026107316/spatial/concentration.npy
144,pmfs_21_16,12,2026107317,pmfs_21_16/rep_13_seed_2026107317,cae0868367056b2a4cf10858c514ce327c8eb4cf8daa122a7057023001b83013,/home/zyc/cess_d1r_168x16_reference_20260925/pmfs_21_16/rep_13_seed_2026107317/spatial/concentration.npy,/home/zyc/cess_d1r_168x16_reference_20260925/pmfs_21_16/rep_13_seed_2026107317/spatial/concentration.npy
144,pmfs_21_16,13,2026107318,pmfs_21_16/rep_14_seed_2026107318,349811d3709d12bc55e35bc9f8ba37abe9db7afb5764171ee0e7af85812d3487,/home/zyc/cess_d1r_168x16_reference_20260925/pmfs_21_16/rep_14_seed_2026107318/spatial/concentration.npy,/home/zyc/cess_d1r_168x16_reference_20260925/pmfs_21_16/rep_14_seed_2026107318/spatial/concentration.npy
144,pmfs_21_16,14,2026107319,pmfs_21_16/rep_15_seed_2026107319,fdaaf554f3b7fdc2305cd8bc8d0ad90d52dd9587a2cf1e2842cd721cbd01aba8,/home/zyc/cess_d1r_168x16_reference_20260925/pmfs_21_16/rep_15_seed_2026107319/spatial/concentration.npy,/home/zyc/cess_d1r_168x16_reference_20260925/pmfs_21_16/rep_15_seed_2026107319/spatial/concentration.npy
144,pmfs_21_16,15,2026107320,pmfs_21_16/rep_16_seed_2026107320,d6ad0543e05e5b810c12a8699228f4c600f7cfa2c20f1d488c7b45771576e1ff,/home/zyc/cess_d1r_168x16_reference_20260925/pmfs_21_16/rep_16_seed_2026107320/spatial/concentration.npy,/home/zyc/cess_d1r_168x16_reference_20260925/pmfs_21_16/rep_16_seed_2026107320/spatial/concentration.npy
145,pmfs_21_17,0,2026107321,pmfs_21_17/rep_01_seed_2026107321,9b3e2c9219543dd68a603f576a079b9afd3a11d4e264ee14be9de5f868c117e4,/home/zyc/cess_d1r_168x16_reference_20260925/pmfs_21_17/rep_01_seed_2026107321/spatial/concentration.npy,/home/zyc/cess_d1r_168x16_reference_20260925/pmfs_21_17/rep_01_seed_2026107321/spatial/concentration.npy
145,pmfs_21_17,1,2026107322,pmfs_21_17/rep_02_seed_2026107322,baff5ac9aed35a1dc5ff981c3363bf275250f25f753dcef110cbae5958d744f8,/home/zyc/cess_d1r_168x16_reference_20260925/pmfs_21_17/rep_02_seed_2026107322/spatial/concentration.npy,/home/zyc/cess_d1r_168x16_reference_20260925/pmfs_21_17/rep_02_seed_2026107322/spatial/concentration.npy
145,pmfs_21_17,2,2026107323,pmfs_21_17/rep_03_seed_2026107323,3134f8f009418432667f1b578274d381d9614fead94ab4d049755d9183349f8d,/home/zyc/cess_d1r_168x16_reference_20260925/pmfs_21_17/rep_03_seed_2026107323/spatial/concentration.npy,/home/zyc/cess_d1r_168x16_reference_20260925/pmfs_21_17/rep_03_seed_2026107323/spatial/concentration.npy
145,pmfs_21_17,3,2026107324,pmfs_21_17/rep_04_seed_2026107324,c7731d872d47f76a0adb68553630bb0040d958fb45ffdca793e4dbc7f81e1fb1,/home/zyc/cess_d1r_168x16_reference_20260925/pmfs_21_17/rep_04_seed_2026107324/spatial/concentration.npy,/home/zyc/cess_d1r_168x16_reference_20260925/pmfs_21_17/rep_04_seed_2026107324/spatial/concentration.npy
145,pmfs_21_17,4,2026107325,pmfs_21_17/rep_05_seed_2026107325,76dd238ada29abf7d12f003c7e80fa05d3b573e77f5bbea0d24973c70917ddf0,/home/zyc/cess_d1r_168x16_reference_20260925/pmfs_21_17/rep_05_seed_2026107325/spatial/concentration.npy,/home/zyc/cess_d1r_168x16_reference_20260925/pmfs_21_17/rep_05_seed_2026107325/spatial/concentration.npy
145,pmfs_21_17,5,2026107326,pmfs_21_17/rep_06_seed_2026107326,c863c87a0810d134919820bc78b6f0f74c5345227cb5a2723f844ac760794b73,/home/zyc/cess_d1r_168x16_reference_20260925/pmfs_21_17/rep_06_seed_2026107326/spatial/concentration.npy,/home/zyc/cess_d1r_168x16_reference_20260925/pmfs_21_17/rep_06_seed_2026107326/spatial/concentration.npy
145,pmfs_21_17,6,2026107327,pmfs_21_17/rep_07_seed_2026107327,d48a34053200dbc3a9d008c83e1a07bcf4088bc1c54a965426fbe2dc96417b5f,/home/zyc/cess_d1r_168x16_reference_20260925/pmfs_21_17/rep_07_seed_2026107327/spatial/concentration.npy,/home/zyc/cess_d1r_168x16_reference_20260925/pmfs_21_17/rep_07_seed_2026107327/spatial/concentration.npy
145,pmfs_21_17,7,2026107328,pmfs_21_17/rep_08_seed_2026107328,32ab0d7d6381e08397d34a407fd17ccf2dbc5b9d415edd90b409f4169fbccca9,/home/zyc/cess_d1r_168x16_reference_20260925/pmfs_21_17/rep_08_seed_2026107328/spatial/concentration.npy,/home/zyc/cess_d1r_168x16_reference_20260925/pmfs_21_17/rep_08_seed_2026107328/spatial/concentration.npy
145,pmfs_21_17,8,2026107329,pmfs_21_17/rep_09_seed_2026107329,77de79522a071cddc6129ec0f1c19f8819c9d6bfad595b6cdaa7d1cbc4d789cd,/home/zyc/cess_d1r_168x16_reference_20260925/pmfs_21_17/rep_09_seed_2026107329/spatial/concentration.npy,/home/zyc/cess_d1r_168x16_reference_20260925/pmfs_21_17/rep_09_seed_2026107329/spatial/concentration.npy
145,pmfs_21_17,9,2026107330,pmfs_21_17/rep_10_seed_2026107330,c281bc6e92a2bfddff0c40814c55cc4a520f1c8331e05b62e01ba74ef4507080,/home/zyc/cess_d1r_168x16_reference_20260925/pmfs_21_17/rep_10_seed_2026107330/spatial/concentration.npy,/home/zyc/cess_d1r_168x16_reference_20260925/pmfs_21_17/rep_10_seed_2026107330/spatial/concentration.npy
145,pmfs_21_17,10,2026107331,pmfs_21_17/rep_11_seed_2026107331,82238279d302ce6f3ba40ad26645a96db39c45efcaf2024b1ea412c61ead43f7,/home/zyc/cess_d1r_168x16_reference_20260925/pmfs_21_17/rep_11_seed_2026107331/spatial/concentration.npy,/home/zyc/cess_d1r_168x16_reference_20260925/pmfs_21_17/rep_11_seed_2026107331/spatial/concentration.npy
145,pmfs_21_17,11,2026107332,pmfs_21_17/rep_12_seed_2026107332,714b8eea8ac1f57c1958d00cf15bae784d1ede82076a9a1f13aaaffa00cb991a,/home/zyc/cess_d1r_168x16_reference_20260925/pmfs_21_17/rep_12_seed_2026107332/spatial/concentration.npy,/home/zyc/cess_d1r_168x16_reference_20260925/pmfs_21_17/rep_12_seed_2026107332/spatial/concentration.npy
145,pmfs_21_17,12,2026107333,pmfs_21_17/rep_13_seed_2026107333,79a1acd7e929ce75f82cbfdcf2181dde6ed6789a29f6e13c7b37d31481526bbe,/home/zyc/cess_d1r_168x16_reference_20260925/pmfs_21_17/rep_13_seed_2026107333/spatial/concentration.npy,/home/zyc/cess_d1r_168x16_reference_20260925/pmfs_21_17/rep_13_seed_2026107333/spatial/concentration.npy
145,pmfs_21_17,13,2026107334,pmfs_21_17/rep_14_seed_2026107334,f83362ef2953d647b154dd0ab4db08155093b9ccef5a2afbc3aef48b9baf1202,/home/zyc/cess_d1r_168x16_reference_20260925/pmfs_21_17/rep_14_seed_2026107334/spatial/concentration.npy,/home/zyc/cess_d1r_168x16_reference_20260925/pmfs_21_17/rep_14_seed_2026107334/spatial/concentration.npy
145,pmfs_21_17,14,2026107335,pmfs_21_17/rep_15_seed_2026107335,c7e3d59933f062939f548361b0f21d0576ac5eb994c6c5a600449517432ed8cd,/home/zyc/cess_d1r_168x16_reference_20260925/pmfs_21_17/rep_15_seed_2026107335/spatial/concentration.npy,/home/zyc/cess_d1r_168x16_reference_20260925/pmfs_21_17/rep_15_seed_2026107335/spatial/concentration.npy
145,pmfs_21_17,15,2026107336,pmfs_21_17/rep_16_seed_2026107336,35c50a91710468d0a3ad9ad7e38531969b4a6314d91253b95d942e2023d81a55,/home/zyc/cess_d1r_168x16_reference_20260925/pmfs_21_17/rep_16_seed_2026107336/spatial/concentration.npy,/home/zyc/cess_d1r_168x16_reference_20260925/pmfs_21_17/rep_16_seed_2026107336/spatial/concentration.npy
146,pmfs_21_18,0,2026107337,pmfs_21_18/rep_01_seed_2026107337,774f19a90b4319c48c1357e412931f868da178644388e6d45cfcefe86a6651d1,/home/zyc/cess_d1r_168x16_reference_20260925/pmfs_21_18/rep_01_seed_2026107337/spatial/concentration.npy,/home/zyc/cess_d1r_168x16_reference_20260925/pmfs_21_18/rep_01_seed_2026107337/spatial/concentration.npy
146,pmfs_21_18,1,2026107338,pmfs_21_18/rep_02_seed_2026107338,48658b7889da54bb49192a6fea56bb6ccb7f8c22a6e35b3aa5ead02c6209381e,/home/zyc/cess_d1r_168x16_reference_20260925/pmfs_21_18/rep_02_seed_2026107338/spatial/concentration.npy,/home/zyc/cess_d1r_168x16_reference_20260925/pmfs_21_18/rep_02_seed_2026107338/spatial/concentration.npy
146,pmfs_21_18,2,2026107339,pmfs_21_18/rep_03_seed_2026107339,3d6ba0fad44c4815255fb24d829ab5ccc9570c406401c2a392d8d72fa7156f4f,/home/zyc/cess_d1r_168x16_reference_20260925/pmfs_21_18/rep_03_seed_2026107339/spatial/concentration.npy,/home/zyc/cess_d1r_168x16_reference_20260925/pmfs_21_18/rep_03_seed_2026107339/spatial/concentration.npy
146,pmfs_21_18,3,2026107340,pmfs_21_18/rep_04_seed_2026107340,ddaace1e3208ea0d1f338829dfed54b2c1d821e2023ebfd8b1745fcc9c8168a1,/home/zyc/cess_d1r_168x16_reference_20260925/pmfs_21_18/rep_04_seed_2026107340/spatial/concentration.npy,/home/zyc/cess_d1r_168x16_reference_20260925/pmfs_21_18/rep_04_seed_2026107340/spatial/concentration.npy
146,pmfs_21_18,4,2026107341,pmfs_21_18/rep_05_seed_2026107341,3dd96ee909b126e47296d060de988150a8f190836a99b02d19e9f7c98c2100ce,/home/zyc/cess_d1r_168x16_reference_20260925/pmfs_21_18/rep_05_seed_2026107341/spatial/concentration.npy,/home/zyc/cess_d1r_168x16_reference_20260925/pmfs_21_18/rep_05_seed_2026107341/spatial/concentration.npy
146,pmfs_21_18,5,2026107342,pmfs_21_18/rep_06_seed_2026107342,b35bfd33440a61b8588b7ffc64adf3cf15ff5aa48beaffe7e44f79be2f43f9e6,/home/zyc/cess_d1r_168x16_reference_20260925/pmfs_21_18/rep_06_seed_2026107342/spatial/concentration.npy,/home/zyc/cess_d1r_168x16_reference_20260925/pmfs_21_18/rep_06_seed_2026107342/spatial/concentration.npy
146,pmfs_21_18,6,2026107343,pmfs_21_18/rep_07_seed_2026107343,912172acfd98f570c41f71846b72232971d181675d4936c3773b2fd713552b2e,/home/zyc/cess_d1r_168x16_reference_20260925/pmfs_21_18/rep_07_seed_2026107343/spatial/concentration.npy,/home/zyc/cess_d1r_168x16_reference_20260925/pmfs_21_18/rep_07_seed_2026107343/spatial/concentration.npy
146,pmfs_21_18,7,2026107344,pmfs_21_18/rep_08_seed_2026107344,d59260a97ffa67ebfae2608ad7ba99d718ffe46f956f8937634aa0e8eb353bd8,/home/zyc/cess_d1r_168x16_reference_20260925/pmfs_21_18/rep_08_seed_2026107344/spatial/concentration.npy,/home/zyc/cess_d1r_168x16_reference_20260925/pmfs_21_18/rep_08_seed_2026107344/spatial/concentration.npy
146,pmfs_21_18,8,2026107345,pmfs_21_18/rep_09_seed_2026107345,43c8aa7f25ada8a3598b9ad71c677776e1f1d069daaa7602182bee5f2c7a975a,/home/zyc/cess_d1r_168x16_reference_20260925/pmfs_21_18/rep_09_seed_2026107345/spatial/concentration.npy,/home/zyc/cess_d1r_168x16_reference_20260925/pmfs_21_18/rep_09_seed_2026107345/spatial/concentration.npy
146,pmfs_21_18,9,2026107346,pmfs_21_18/rep_10_seed_2026107346,ec4462743e86ff837972fab0c48b66b794cc968fa25344b000fcd760094d7ab0,/home/zyc/cess_d1r_168x16_reference_20260925/pmfs_21_18/rep_10_seed_2026107346/spatial/concentration.npy,/home/zyc/cess_d1r_168x16_reference_20260925/pmfs_21_18/rep_10_seed_2026107346/spatial/concentration.npy
146,pmfs_21_18,10,2026107347,pmfs_21_18/rep_11_seed_2026107347,4eed644582376c91fb2ec91d9acdc5819a110b7353444778120dab5f8ea97083,/home/zyc/cess_d1r_168x16_reference_20260925/pmfs_21_18/rep_11_seed_2026107347/spatial/concentration.npy,/home/zyc/cess_d1r_168x16_reference_20260925/pmfs_21_18/rep_11_seed_2026107347/spatial/concentration.npy
146,pmfs_21_18,11,2026107348,pmfs_21_18/rep_12_seed_2026107348,d759c71b832e5effe83159d87653881c0bdc5451c9ad46351c0fde21f6050a0a,/home/zyc/cess_d1r_168x16_reference_20260925/pmfs_21_18/rep_12_seed_2026107348/spatial/concentration.npy,/home/zyc/cess_d1r_168x16_reference_20260925/pmfs_21_18/rep_12_seed_2026107348/spatial/concentration.npy
146,pmfs_21_18,12,2026107349,pmfs_21_18/rep_13_seed_2026107349,1013f7348f1fb20ab87e245ec97c11bf33c34f3ee17ec88685e02b0f345310dc,/home/zyc/cess_d1r_168x16_reference_20260925/pmfs_21_18/rep_13_seed_2026107349/spatial/concentration.npy,/home/zyc/cess_d1r_168x16_reference_20260925/pmfs_21_18/rep_13_seed_2026107349/spatial/concentration.npy
146,pmfs_21_18,13,2026107350,pmfs_21_18/rep_14_seed_2026107350,a563dad154689165141f102522350643497bd0510009d430b6150f33412f6cf2,/home/zyc/cess_d1r_168x16_reference_20260925/pmfs_21_18/rep_14_seed_2026107350/spatial/concentration.npy,/home/zyc/cess_d1r_168x16_reference_20260925/pmfs_21_18/rep_14_seed_2026107350/spatial/concentration.npy
146,pmfs_21_18,14,2026107351,pmfs_21_18/rep_15_seed_2026107351,c5294d5fc40250fa339d5e1854de04c2a562d8fb54585aa0f512976c54642030,/home/zyc/cess_d1r_168x16_reference_20260925/pmfs_21_18/rep_15_seed_2026107351/spatial/concentration.npy,/home/zyc/cess_d1r_168x16_reference_20260925/pmfs_21_18/rep_15_seed_2026107351/spatial/concentration.npy
146,pmfs_21_18,15,2026107352,pmfs_21_18/rep_16_seed_2026107352,7f7291146837dfa17ec0c6e3ec2164aad0ceffb473131f9eab4437a1ae7e4592,/home/zyc/cess_d1r_168x16_reference_20260925/pmfs_21_18/rep_16_seed_2026107352/spatial/concentration.npy,/home/zyc/cess_d1r_168x16_reference_20260925/pmfs_21_18/rep_16_seed_2026107352/spatial/concentration.npy
147,pmfs_22_12,0,2026107353,pmfs_22_12/rep_01_seed_2026107353,827f12e2f53de77e7630fbdfc951ea52f61f1c6bea63ff3c80d395b7553eca86,/home/zyc/cess_d1r_168x16_reference_20260925/pmfs_22_12/rep_01_seed_2026107353/spatial/concentration.npy,/home/zyc/cess_d1r_168x16_reference_20260925/pmfs_22_12/rep_01_seed_2026107353/spatial/concentration.npy
147,pmfs_22_12,1,2026107354,pmfs_22_12/rep_02_seed_2026107354,1d4a7d52336ed74a5f0d32ae57ac1e88064fea243a85e51e1ad7a22779fd3cd5,/home/zyc/cess_d1r_168x16_reference_20260925/pmfs_22_12/rep_02_seed_2026107354/spatial/concentration.npy,/home/zyc/cess_d1r_168x16_reference_20260925/pmfs_22_12/rep_02_seed_2026107354/spatial/concentration.npy
147,pmfs_22_12,2,2026107355,pmfs_22_12/rep_03_seed_2026107355,167b49fbc29c194771cc73ecf7237c3c43fb2e5924fac4ed65fbbce757759523,/home/zyc/cess_d1r_168x16_reference_20260925/pmfs_22_12/rep_03_seed_2026107355/spatial/concentration.npy,/home/zyc/cess_d1r_168x16_reference_20260925/pmfs_22_12/rep_03_seed_2026107355/spatial/concentration.npy
147,pmfs_22_12,3,2026107356,pmfs_22_12/rep_04_seed_2026107356,fcf0fc1217f05e5fecbcfdc1c0a66ff86c883a0e01d472bf6318be697a5dae57,/home/zyc/cess_d1r_168x16_reference_20260925/pmfs_22_12/rep_04_seed_2026107356/spatial/concentration.npy,/home/zyc/cess_d1r_168x16_reference_20260925/pmfs_22_12/rep_04_seed_2026107356/spatial/concentration.npy
147,pmfs_22_12,4,2026107357,pmfs_22_12/rep_05_seed_2026107357,1afc3326d8968a5a8078f38ce4bed9c9d0e173d9d6bd663c7d3f185ca012b7d3,/home/zyc/cess_d1r_168x16_reference_20260925/pmfs_22_12/rep_05_seed_2026107357/spatial/concentration.npy,/home/zyc/cess_d1r_168x16_reference_20260925/pmfs_22_12/rep_05_seed_2026107357/spatial/concentration.npy
147,pmfs_22_12,5,2026107358,pmfs_22_12/rep_06_seed_2026107358,5803196fcbc75ca3ccf9489112ba9e6249f1ac4bbf999780c48084c9abd44e21,/home/zyc/cess_d1r_168x16_reference_20260925/pmfs_22_12/rep_06_seed_2026107358/spatial/concentration.npy,/home/zyc/cess_d1r_168x16_reference_20260925/pmfs_22_12/rep_06_seed_2026107358/spatial/concentration.npy
147,pmfs_22_12,6,2026107359,pmfs_22_12/rep_07_seed_2026107359,d13b39c6c5ced1760dfc1ca2b126cd62d4c55518dbd880c6bce9db0e83ca4d2c,/home/zyc/cess_d1r_168x16_reference_20260925/pmfs_22_12/rep_07_seed_2026107359/spatial/concentration.npy,/home/zyc/cess_d1r_168x16_reference_20260925/pmfs_22_12/rep_07_seed_2026107359/spatial/concentration.npy
147,pmfs_22_12,7,2026107360,pmfs_22_12/rep_08_seed_2026107360,307beed04b00bca8fd7d5054ea0fd82763cc6a70ae6af22c13df1bb8f743e470,/home/zyc/cess_d1r_168x16_reference_20260925/pmfs_22_12/rep_08_seed_2026107360/spatial/concentration.npy,/home/zyc/cess_d1r_168x16_reference_20260925/pmfs_22_12/rep_08_seed_2026107360/spatial/concentration.npy
147,pmfs_22_12,8,2026107361,pmfs_22_12/rep_09_seed_2026107361,6b4d07fc59607419d9105867e1932abd07cb3853daf4542e75c5d08a9a72b636,/home/zyc/cess_d1r_168x16_reference_20260925/pmfs_22_12/rep_09_seed_2026107361/spatial/concentration.npy,/home/zyc/cess_d1r_168x16_reference_20260925/pmfs_22_12/rep_09_seed_2026107361/spatial/concentration.npy
147,pmfs_22_12,9,2026107362,pmfs_22_12/rep_10_seed_2026107362,8ec6460e94f620025ce3b1a5edf7ece11d322a8e2de6cc1f74211f342e02088a,/home/zyc/cess_d1r_168x16_reference_20260925/pmfs_22_12/rep_10_seed_2026107362/spatial/concentration.npy,/home/zyc/cess_d1r_168x16_reference_20260925/pmfs_22_12/rep_10_seed_2026107362/spatial/concentration.npy
147,pmfs_22_12,10,2026107363,pmfs_22_12/rep_11_seed_2026107363,ca826000fcb0ae33e747a36096e9c8aea69884bc14390e028e57b18619fb1769,/home/zyc/cess_d1r_168x16_reference_20260925/pmfs_22_12/rep_11_seed_2026107363/spatial/concentration.npy,/home/zyc/cess_d1r_168x16_reference_20260925/pmfs_22_12/rep_11_seed_2026107363/spatial/concentration.npy
147,pmfs_22_12,11,2026107364,pmfs_22_12/rep_12_seed_2026107364,4749cbce07cb7ab17eeceb17414d49767aaa322328278aa997b34a0551d535f8,/home/zyc/cess_d1r_168x16_reference_20260925/pmfs_22_12/rep_12_seed_2026107364/spatial/concentration.npy,/home/zyc/cess_d1r_168x16_reference_20260925/pmfs_22_12/rep_12_seed_2026107364/spatial/concentration.npy
147,pmfs_22_12,12,2026107365,pmfs_22_12/rep_13_seed_2026107365,6c25f2075980a19ab1cd5e49a031ca4a8ff3c60dd8bff15a413b2a7ac8d41a22,/home/zyc/cess_d1r_168x16_reference_20260925/pmfs_22_12/rep_13_seed_2026107365/spatial/concentration.npy,/home/zyc/cess_d1r_168x16_reference_20260925/pmfs_22_12/rep_13_seed_2026107365/spatial/concentration.npy
147,pmfs_22_12,13,2026107366,pmfs_22_12/rep_14_seed_2026107366,6cac4b854bd33a124ad2bee35554e8ceafd76a4dc9b99fd7065b55d0a27192fd,/home/zyc/cess_d1r_168x16_reference_20260925/pmfs_22_12/rep_14_seed_2026107366/spatial/concentration.npy,/home/zyc/cess_d1r_168x16_reference_20260925/pmfs_22_12/rep_14_seed_2026107366/spatial/concentration.npy
147,pmfs_22_12,14,2026107367,pmfs_22_12/rep_15_seed_2026107367,f97dc97ae18afe8acc50e341c3cb247c67b3e5477c9a32686e0101031eb2f81f,/home/zyc/cess_d1r_168x16_reference_20260925/pmfs_22_12/rep_15_seed_2026107367/spatial/concentration.npy,/home/zyc/cess_d1r_168x16_reference_20260925/pmfs_22_12/rep_15_seed_2026107367/spatial/concentration.npy
147,pmfs_22_12,15,2026107368,pmfs_22_12/rep_16_seed_2026107368,0be4a1a115057a6c6ecd0b3488793a333e86dfc10a48929809e97036c7ca4a2f,/home/zyc/cess_d1r_168x16_reference_20260925/pmfs_22_12/rep_16_seed_2026107368/spatial/concentration.npy,/home/zyc/cess_d1r_168x16_reference_20260925/pmfs_22_12/rep_16_seed_2026107368/spatial/concentration.npy
148,pmfs_22_13,0,2026107369,pmfs_22_13/rep_01_seed_2026107369,0256a32b65c6d965dbfcc2f39cc1bae8543864ffaeb603eb35e7cad06cb38100,/home/zyc/cess_d1r_168x16_reference_20260925/pmfs_22_13/rep_01_seed_2026107369/spatial/concentration.npy,/home/zyc/cess_d1r_168x16_reference_20260925/pmfs_22_13/rep_01_seed_2026107369/spatial/concentration.npy
148,pmfs_22_13,1,2026107370,pmfs_22_13/rep_02_seed_2026107370,7c0b69ddfbaece528a63f22be1ad3e168efe0b2833a391489ba25e2a0e60326f,/home/zyc/cess_d1r_168x16_reference_20260925/pmfs_22_13/rep_02_seed_2026107370/spatial/concentration.npy,/home/zyc/cess_d1r_168x16_reference_20260925/pmfs_22_13/rep_02_seed_2026107370/spatial/concentration.npy
148,pmfs_22_13,2,2026107371,pmfs_22_13/rep_03_seed_2026107371,7455548e48939cbcdebab1808fe90911e65056e7aafc5b0a9e88aba74c28d922,/home/zyc/cess_d1r_168x16_reference_20260925/pmfs_22_13/rep_03_seed_2026107371/spatial/concentration.npy,/home/zyc/cess_d1r_168x16_reference_20260925/pmfs_22_13/rep_03_seed_2026107371/spatial/concentration.npy
148,pmfs_22_13,3,2026107372,pmfs_22_13/rep_04_seed_2026107372,2bc8186c98c731ba01d436441e5326ecf0f5982e15795ba1e674634855530bf0,/home/zyc/cess_d1r_168x16_reference_20260925/pmfs_22_13/rep_04_seed_2026107372/spatial/concentration.npy,/home/zyc/cess_d1r_168x16_reference_20260925/pmfs_22_13/rep_04_seed_2026107372/spatial/concentration.npy
148,pmfs_22_13,4,2026107373,pmfs_22_13/rep_05_seed_2026107373,583c6226e440f25d2e6464e3776d0a0580f0ddaf05c4e22838719bdddfbbc7d2,/home/zyc/cess_d1r_168x16_reference_20260925/pmfs_22_13/rep_05_seed_2026107373/spatial/concentration.npy,/home/zyc/cess_d1r_168x16_reference_20260925/pmfs_22_13/rep_05_seed_2026107373/spatial/concentration.npy
148,pmfs_22_13,5,2026107374,pmfs_22_13/rep_06_seed_2026107374,944d339766c3d451dc62ffa29111bb18023be73d76312204d2d3e43be409d688,/home/zyc/cess_d1r_168x16_reference_20260925/pmfs_22_13/rep_06_seed_2026107374/spatial/concentration.npy,/home/zyc/cess_d1r_168x16_reference_20260925/pmfs_22_13/rep_06_seed_2026107374/spatial/concentration.npy
148,pmfs_22_13,6,2026107375,pmfs_22_13/rep_07_seed_2026107375,94e89bedcb868b2e1168ef5e3c84742abac1256da134d3af2298bd317dc275b4,/home/zyc/cess_d1r_168x16_reference_20260925/pmfs_22_13/rep_07_seed_2026107375/spatial/concentration.npy,/home/zyc/cess_d1r_168x16_reference_20260925/pmfs_22_13/rep_07_seed_2026107375/spatial/concentration.npy
148,pmfs_22_13,7,2026107376,pmfs_22_13/rep_08_seed_2026107376,288f91d8889e9bb4ed73e0930de4fc179f33971d6970c35dfcdd2c14e6505ddd,/home/zyc/cess_d1r_168x16_reference_20260925/pmfs_22_13/rep_08_seed_2026107376/spatial/concentration.npy,/home/zyc/cess_d1r_168x16_reference_20260925/pmfs_22_13/rep_08_seed_2026107376/spatial/concentration.npy
148,pmfs_22_13,8,2026107377,pmfs_22_13/rep_09_seed_2026107377,0654f844a4406cadec671c07819710424b715f922d560bc0c0910a508d04e96b,/home/zyc/cess_d1r_168x16_reference_20260925/pmfs_22_13/rep_09_seed_2026107377/spatial/concentration.npy,/home/zyc/cess_d1r_168x16_reference_20260925/pmfs_22_13/rep_09_seed_2026107377/spatial/concentration.npy
148,pmfs_22_13,9,2026107378,pmfs_22_13/rep_10_seed_2026107378,edf71c24c4eabd771d91483db4017aa741d1d03a26d237281803febd2486afbb,/home/zyc/cess_d1r_168x16_reference_20260925/pmfs_22_13/rep_10_seed_2026107378/spatial/concentration.npy,/home/zyc/cess_d1r_168x16_reference_20260925/pmfs_22_13/rep_10_seed_2026107378/spatial/concentration.npy
148,pmfs_22_13,10,2026107379,pmfs_22_13/rep_11_seed_2026107379,4acb34044b9d4011d85c1d16b99ef016f372f6d814630ae5bddd9bdd5532bd3e,/home/zyc/cess_d1r_168x16_reference_20260925/pmfs_22_13/rep_11_seed_2026107379/spatial/concentration.npy,/home/zyc/cess_d1r_168x16_reference_20260925/pmfs_22_13/rep_11_seed_2026107379/spatial/concentration.npy
148,pmfs_22_13,11,2026107380,pmfs_22_13/rep_12_seed_2026107380,41bc059e21209d26f453c1d48c936d5eb42371fb30b40b1a4d851a04b72c6c5b,/home/zyc/cess_d1r_168x16_reference_20260925/pmfs_22_13/rep_12_seed_2026107380/spatial/concentration.npy,/home/zyc/cess_d1r_168x16_reference_20260925/pmfs_22_13/rep_12_seed_2026107380/spatial/concentration.npy
148,pmfs_22_13,12,2026107381,pmfs_22_13/rep_13_seed_2026107381,cbd1f9a7ab233b5cfceaf378fa45c28a8655e81e6637237e50ac505d8cb93fe1,/home/zyc/cess_d1r_168x16_reference_20260925/pmfs_22_13/rep_13_seed_2026107381/spatial/concentration.npy,/home/zyc/cess_d1r_168x16_reference_20260925/pmfs_22_13/rep_13_seed_2026107381/spatial/concentration.npy
148,pmfs_22_13,13,2026107382,pmfs_22_13/rep_14_seed_2026107382,f0c4eeb0344714c1f60526f4a74d90fa2e136475e2c5054f11a4cb3d1ae4b414,/home/zyc/cess_d1r_168x16_reference_20260925/pmfs_22_13/rep_14_seed_2026107382/spatial/concentration.npy,/home/zyc/cess_d1r_168x16_reference_20260925/pmfs_22_13/rep_14_seed_2026107382/spatial/concentration.npy
148,pmfs_22_13,14,2026107383,pmfs_22_13/rep_15_seed_2026107383,bce9f4af0809bfe880586c72ef71d685a0f720e7442d34cf55945dd739d0744a,/home/zyc/cess_d1r_168x16_reference_20260925/pmfs_22_13/rep_15_seed_2026107383/spatial/concentration.npy,/home/zyc/cess_d1r_168x16_reference_20260925/pmfs_22_13/rep_15_seed_2026107383/spatial/concentration.npy
148,pmfs_22_13,15,2026107384,pmfs_22_13/rep_16_seed_2026107384,044482f49db697b103c086a152e2115f49dc7dd09838ef08e02ac060f2cfef90,/home/zyc/cess_d1r_168x16_reference_20260925/pmfs_22_13/rep_16_seed_2026107384/spatial/concentration.npy,/home/zyc/cess_d1r_168x16_reference_20260925/pmfs_22_13/rep_16_seed_2026107384/spatial/concentration.npy
149,pmfs_22_14,0,2026107385,pmfs_22_14/rep_01_seed_2026107385,e208c502ad9a96080110d8571251572cd7d18f609aa71191e7d01c821fd16976,/home/zyc/cess_d1r_168x16_reference_20260925/pmfs_22_14/rep_01_seed_2026107385/spatial/concentration.npy,/home/zyc/cess_d1r_168x16_reference_20260925/pmfs_22_14/rep_01_seed_2026107385/spatial/concentration.npy
149,pmfs_22_14,1,2026107386,pmfs_22_14/rep_02_seed_2026107386,34404c068ad371a351c0832d85163dcc5cc0e4758a1cbf9e1a1bf48e4ba2fde8,/home/zyc/cess_d1r_168x16_reference_20260925/pmfs_22_14/rep_02_seed_2026107386/spatial/concentration.npy,/home/zyc/cess_d1r_168x16_reference_20260925/pmfs_22_14/rep_02_seed_2026107386/spatial/concentration.npy
149,pmfs_22_14,2,2026107387,pmfs_22_14/rep_03_seed_2026107387,65e894b3795e118d019544128a69332dec74b85cc86bc012d5aa61306dd7cf36,/home/zyc/cess_d1r_168x16_reference_20260925/pmfs_22_14/rep_03_seed_2026107387/spatial/concentration.npy,/home/zyc/cess_d1r_168x16_reference_20260925/pmfs_22_14/rep_03_seed_2026107387/spatial/concentration.npy
149,pmfs_22_14,3,2026107388,pmfs_22_14/rep_04_seed_2026107388,c8d8a32d424592ea6b1db94617d526e0d5172703a7ec789275f841492696e755,/home/zyc/cess_d1r_168x16_reference_20260925/pmfs_22_14/rep_04_seed_2026107388/spatial/concentration.npy,/home/zyc/cess_d1r_168x16_reference_20260925/pmfs_22_14/rep_04_seed_2026107388/spatial/concentration.npy
149,pmfs_22_14,4,2026107389,pmfs_22_14/rep_05_seed_2026107389,24384da5e1e98561bf45883dc2544dffc164c7f66039112d932e592df0df6aa3,/home/zyc/cess_d1r_168x16_reference_20260925/pmfs_22_14/rep_05_seed_2026107389/spatial/concentration.npy,/home/zyc/cess_d1r_168x16_reference_20260925/pmfs_22_14/rep_05_seed_2026107389/spatial/concentration.npy
149,pmfs_22_14,5,2026107390,pmfs_22_14/rep_06_seed_2026107390,a392d96a66d9f974a3048bfc449de8fd5b0568744540a653718412ecd9292ff3,/home/zyc/cess_d1r_168x16_reference_20260925/pmfs_22_14/rep_06_seed_2026107390/spatial/concentration.npy,/home/zyc/cess_d1r_168x16_reference_20260925/pmfs_22_14/rep_06_seed_2026107390/spatial/concentration.npy
149,pmfs_22_14,6,2026107391,pmfs_22_14/rep_07_seed_2026107391,551df4fa7c3635437af17aa02aa13667e6e8d7209f9c196b5799d89c66ea64eb,/home/zyc/cess_d1r_168x16_reference_20260925/pmfs_22_14/rep_07_seed_2026107391/spatial/concentration.npy,/home/zyc/cess_d1r_168x16_reference_20260925/pmfs_22_14/rep_07_seed_2026107391/spatial/concentration.npy
149,pmfs_22_14,7,2026107392,pmfs_22_14/rep_08_seed_2026107392,47c63597bfc065db159de355a8aac61022c1de5bccda4e609cf4d300f336622e,/home/zyc/cess_d1r_168x16_reference_20260925/pmfs_22_14/rep_08_seed_2026107392/spatial/concentration.npy,/home/zyc/cess_d1r_168x16_reference_20260925/pmfs_22_14/rep_08_seed_2026107392/spatial/concentration.npy
149,pmfs_22_14,8,2026107393,pmfs_22_14/rep_09_seed_2026107393,4e47eba752c7bca8963525711aae5ed8cb5bf57dfff8bc085b747d159f400121,/home/zyc/cess_d1r_168x16_reference_20260925/pmfs_22_14/rep_09_seed_2026107393/spatial/concentration.npy,/home/zyc/cess_d1r_168x16_reference_20260925/pmfs_22_14/rep_09_seed_2026107393/spatial/concentration.npy
149,pmfs_22_14,9,2026107394,pmfs_22_14/rep_10_seed_2026107394,38ae861d0c801051be7adc40f93720f7d150c9c9406246568a8983184f3d5e0e,/home/zyc/cess_d1r_168x16_reference_20260925/pmfs_22_14/rep_10_seed_2026107394/spatial/concentration.npy,/home/zyc/cess_d1r_168x16_reference_20260925/pmfs_22_14/rep_10_seed_2026107394/spatial/concentration.npy
149,pmfs_22_14,10,2026107395,pmfs_22_14/rep_11_seed_2026107395,4503d492339fe1c7043d0c113cad6eacc41940a6c82917e6bb20f276c2985356,/home/zyc/cess_d1r_168x16_reference_20260925/pmfs_22_14/rep_11_seed_2026107395/spatial/concentration.npy,/home/zyc/cess_d1r_168x16_reference_20260925/pmfs_22_14/rep_11_seed_2026107395/spatial/concentration.npy
149,pmfs_22_14,11,2026107396,pmfs_22_14/rep_12_seed_2026107396,7cdb6be951f0a5d4ec7062665e8ba0b28009583c379e8a9e88d3c855766ae4bc,/home/zyc/cess_d1r_168x16_reference_20260925/pmfs_22_14/rep_12_seed_2026107396/spatial/concentration.npy,/home/zyc/cess_d1r_168x16_reference_20260925/pmfs_22_14/rep_12_seed_2026107396/spatial/concentration.npy
149,pmfs_22_14,12,2026107397,pmfs_22_14/rep_13_seed_2026107397,02e860122a0488d3dac63c2ce9f300511c79e43550254a6827826e4c28ea750e,/home/zyc/cess_d1r_168x16_reference_20260925/pmfs_22_14/rep_13_seed_2026107397/spatial/concentration.npy,/home/zyc/cess_d1r_168x16_reference_20260925/pmfs_22_14/rep_13_seed_2026107397/spatial/concentration.npy
149,pmfs_22_14,13,2026107398,pmfs_22_14/rep_14_seed_2026107398,64f1c4db6d845bbe44acf56c5760cd270598063d70ff44d9e4747612eec2f5ac,/home/zyc/cess_d1r_168x16_reference_20260925/pmfs_22_14/rep_14_seed_2026107398/spatial/concentration.npy,/home/zyc/cess_d1r_168x16_reference_20260925/pmfs_22_14/rep_14_seed_2026107398/spatial/concentration.npy
149,pmfs_22_14,14,2026107399,pmfs_22_14/rep_15_seed_2026107399,27d2ed103ec62262cc543ee9c99597f7dfe061766d03c5e09e9f26a71263eecf,/home/zyc/cess_d1r_168x16_reference_20260925/pmfs_22_14/rep_15_seed_2026107399/spatial/concentration.npy,/home/zyc/cess_d1r_168x16_reference_20260925/pmfs_22_14/rep_15_seed_2026107399/spatial/concentration.npy
149,pmfs_22_14,15,2026107400,pmfs_22_14/rep_16_seed_2026107400,f904409a3076b8f7d0216d31182de81a564933593ef162baba651c7bb406cb24,/home/zyc/cess_d1r_168x16_reference_20260925/pmfs_22_14/rep_16_seed_2026107400/spatial/concentration.npy,/home/zyc/cess_d1r_168x16_reference_20260925/pmfs_22_14/rep_16_seed_2026107400/spatial/concentration.npy
150,pmfs_22_15,0,2026107401,pmfs_22_15/rep_01_seed_2026107401,dfbd6b7664eeee90ff91b6fe934bfc45418d649f2833fce259299b533ea3f86f,/home/zyc/cess_d1r_168x16_reference_20260925/pmfs_22_15/rep_01_seed_2026107401/spatial/concentration.npy,/home/zyc/cess_d1r_168x16_reference_20260925/pmfs_22_15/rep_01_seed_2026107401/spatial/concentration.npy
150,pmfs_22_15,1,2026107402,pmfs_22_15/rep_02_seed_2026107402,69d4163e1da2f5b06c78614373ee0b8faaee99986d92ba33234c393f0f7018cc,/home/zyc/cess_d1r_168x16_reference_20260925/pmfs_22_15/rep_02_seed_2026107402/spatial/concentration.npy,/home/zyc/cess_d1r_168x16_reference_20260925/pmfs_22_15/rep_02_seed_2026107402/spatial/concentration.npy
150,pmfs_22_15,2,2026107403,pmfs_22_15/rep_03_seed_2026107403,982dc6f64e55d289b35ddc2848f5483066efa6a9b3f8f90c00eaed0892afebb5,/home/zyc/cess_d1r_168x16_reference_20260925/pmfs_22_15/rep_03_seed_2026107403/spatial/concentration.npy,/home/zyc/cess_d1r_168x16_reference_20260925/pmfs_22_15/rep_03_seed_2026107403/spatial/concentration.npy
150,pmfs_22_15,3,2026107404,pmfs_22_15/rep_04_seed_2026107404,5150f6f1c9487231cb1b02cd6a3fc10bc48433873c69e34bb2aaf10ef8d51c49,/home/zyc/cess_d1r_168x16_reference_20260925/pmfs_22_15/rep_04_seed_2026107404/spatial/concentration.npy,/home/zyc/cess_d1r_168x16_reference_20260925/pmfs_22_15/rep_04_seed_2026107404/spatial/concentration.npy
150,pmfs_22_15,4,2026107405,pmfs_22_15/rep_05_seed_2026107405,a53c09859c65be9e02b2d4b0ac093755d01d1fff77874d13d9e91ca441736f46,/home/zyc/cess_d1r_168x16_reference_20260925/pmfs_22_15/rep_05_seed_2026107405/spatial/concentration.npy,/home/zyc/cess_d1r_168x16_reference_20260925/pmfs_22_15/rep_05_seed_2026107405/spatial/concentration.npy
150,pmfs_22_15,5,2026107406,pmfs_22_15/rep_06_seed_2026107406,e0ff706f87e866d1a903f1f5c49c94c9482fd5f83a27bd162dc36b7baab3ac2c,/home/zyc/cess_d1r_168x16_reference_20260925/pmfs_22_15/rep_06_seed_2026107406/spatial/concentration.npy,/home/zyc/cess_d1r_168x16_reference_20260925/pmfs_22_15/rep_06_seed_2026107406/spatial/concentration.npy
150,pmfs_22_15,6,2026107407,pmfs_22_15/rep_07_seed_2026107407,1a28b5defaa11112305866b27adf0c40f6446e310d8b952bf27cbba439aae38e,/home/zyc/cess_d1r_168x16_reference_20260925/pmfs_22_15/rep_07_seed_2026107407/spatial/concentration.npy,/home/zyc/cess_d1r_168x16_reference_20260925/pmfs_22_15/rep_07_seed_2026107407/spatial/concentration.npy
150,pmfs_22_15,7,2026107408,pmfs_22_15/rep_08_seed_2026107408,133fc835741e2c30319df3099f5b277ef9fcb64507ba6c36903490477564f71f,/home/zyc/cess_d1r_168x16_reference_20260925/pmfs_22_15/rep_08_seed_2026107408/spatial/concentration.npy,/home/zyc/cess_d1r_168x16_reference_20260925/pmfs_22_15/rep_08_seed_2026107408/spatial/concentration.npy
150,pmfs_22_15,8,2026107409,pmfs_22_15/rep_09_seed_2026107409,90f2fb5b4121573e6cf5c208e7a5147a437575d6ddae0040413a83b7a2ad0d13,/home/zyc/cess_d1r_168x16_reference_20260925/pmfs_22_15/rep_09_seed_2026107409/spatial/concentration.npy,/home/zyc/cess_d1r_168x16_reference_20260925/pmfs_22_15/rep_09_seed_2026107409/spatial/concentration.npy
150,pmfs_22_15,9,2026107410,pmfs_22_15/rep_10_seed_2026107410,48fd5ee207a393955df5c967f82b4243dbec6586756a765c190a1e4593e8e83d,/home/zyc/cess_d1r_168x16_reference_20260925/pmfs_22_15/rep_10_seed_2026107410/spatial/concentration.npy,/home/zyc/cess_d1r_168x16_reference_20260925/pmfs_22_15/rep_10_seed_2026107410/spatial/concentration.npy
150,pmfs_22_15,10,2026107411,pmfs_22_15/rep_11_seed_2026107411,cb0231132e89e82e9617860552585409f781dfdd478276d0d770e89562cd3061,/home/zyc/cess_d1r_168x16_reference_20260925/pmfs_22_15/rep_11_seed_2026107411/spatial/concentration.npy,/home/zyc/cess_d1r_168x16_reference_20260925/pmfs_22_15/rep_11_seed_2026107411/spatial/concentration.npy
150,pmfs_22_15,11,2026107412,pmfs_22_15/rep_12_seed_2026107412,18a6f1aee012f74b4ee6c52cd47e8c56f72a609ffb7fef9f445b21ced5faf1cc,/home/zyc/cess_d1r_168x16_reference_20260925/pmfs_22_15/rep_12_seed_2026107412/spatial/concentration.npy,/home/zyc/cess_d1r_168x16_reference_20260925/pmfs_22_15/rep_12_seed_2026107412/spatial/concentration.npy
150,pmfs_22_15,12,2026107413,pmfs_22_15/rep_13_seed_2026107413,5ff244437c8125221d795bac869d02bfa7b9c9a9ff1162bdcbceb137660a754c,/home/zyc/cess_d1r_168x16_reference_20260925/pmfs_22_15/rep_13_seed_2026107413/spatial/concentration.npy,/home/zyc/cess_d1r_168x16_reference_20260925/pmfs_22_15/rep_13_seed_2026107413/spatial/concentration.npy
150,pmfs_22_15,13,2026107414,pmfs_22_15/rep_14_seed_2026107414,cfd26e181ff7731d698e433ec9afc466d715f711455d22735d0eca9ff6f1a674,/home/zyc/cess_d1r_168x16_reference_20260925/pmfs_22_15/rep_14_seed_2026107414/spatial/concentration.npy,/home/zyc/cess_d1r_168x16_reference_20260925/pmfs_22_15/rep_14_seed_2026107414/spatial/concentration.npy
150,pmfs_22_15,14,2026107415,pmfs_22_15/rep_15_seed_2026107415,055cbb3714d6bd800eb18fd9108025f9ba87b7d8f1aff8b76cab14be9c408dd2,/home/zyc/cess_d1r_168x16_reference_20260925/pmfs_22_15/rep_15_seed_2026107415/spatial/concentration.npy,/home/zyc/cess_d1r_168x16_reference_20260925/pmfs_22_15/rep_15_seed_2026107415/spatial/concentration.npy
150,pmfs_22_15,15,2026107416,pmfs_22_15/rep_16_seed_2026107416,59c23e71744ea446aea710ec94ce7be866ab27922405f014a8aee2727369da96,/home/zyc/cess_d1r_168x16_reference_20260925/pmfs_22_15/rep_16_seed_2026107416/spatial/concentration.npy,/home/zyc/cess_d1r_168x16_reference_20260925/pmfs_22_15/rep_16_seed_2026107416/spatial/concentration.npy
151,pmfs_22_16,0,2026107417,pmfs_22_16/rep_01_seed_2026107417,66809918cc0955b135c9436a04a6d5afef7a2c7528edc48e477b88fb52e79d06,/home/zyc/cess_d1r_168x16_reference_20260925/pmfs_22_16/rep_01_seed_2026107417/spatial/concentration.npy,/home/zyc/cess_d1r_168x16_reference_20260925/pmfs_22_16/rep_01_seed_2026107417/spatial/concentration.npy
151,pmfs_22_16,1,2026107418,pmfs_22_16/rep_02_seed_2026107418,73eeb37bef10d0010b6e23d7ab57ea2b2fe902efd696f9ac5a5eb9e9c36328a2,/home/zyc/cess_d1r_168x16_reference_20260925/pmfs_22_16/rep_02_seed_2026107418/spatial/concentration.npy,/home/zyc/cess_d1r_168x16_reference_20260925/pmfs_22_16/rep_02_seed_2026107418/spatial/concentration.npy
151,pmfs_22_16,2,2026107419,pmfs_22_16/rep_03_seed_2026107419,e9affb51d34a302f78fca3b9f5939917a00fe251f07f41ed389782f4795f0dda,/home/zyc/cess_d1r_168x16_reference_20260925/pmfs_22_16/rep_03_seed_2026107419/spatial/concentration.npy,/home/zyc/cess_d1r_168x16_reference_20260925/pmfs_22_16/rep_03_seed_2026107419/spatial/concentration.npy
151,pmfs_22_16,3,2026107420,pmfs_22_16/rep_04_seed_2026107420,3650a06deceb2a6cdaa9a08717db438533a9df054692b43e718a05190f4aa540,/home/zyc/cess_d1r_168x16_reference_20260925/pmfs_22_16/rep_04_seed_2026107420/spatial/concentration.npy,/home/zyc/cess_d1r_168x16_reference_20260925/pmfs_22_16/rep_04_seed_2026107420/spatial/concentration.npy
151,pmfs_22_16,4,2026107421,pmfs_22_16/rep_05_seed_2026107421,fcb110bf47e93d4f0d486f5b328c20bfb224d3f35325fef7596c45ecc11c4625,/home/zyc/cess_d1r_168x16_reference_20260925/pmfs_22_16/rep_05_seed_2026107421/spatial/concentration.npy,/home/zyc/cess_d1r_168x16_reference_20260925/pmfs_22_16/rep_05_seed_2026107421/spatial/concentration.npy
151,pmfs_22_16,5,2026107422,pmfs_22_16/rep_06_seed_2026107422,0d3bb8664545d59d2ec34719336938490158e67eedf7435698c4fde0a639b5b1,/home/zyc/cess_d1r_168x16_reference_20260925/pmfs_22_16/rep_06_seed_2026107422/spatial/concentration.npy,/home/zyc/cess_d1r_168x16_reference_20260925/pmfs_22_16/rep_06_seed_2026107422/spatial/concentration.npy
151,pmfs_22_16,6,2026107423,pmfs_22_16/rep_07_seed_2026107423,1073abdcb66bb51de6d38d1a5ac4cf935f9eec6fd61f07232f66bc95f614be02,/home/zyc/cess_d1r_168x16_reference_20260925/pmfs_22_16/rep_07_seed_2026107423/spatial/concentration.npy,/home/zyc/cess_d1r_168x16_reference_20260925/pmfs_22_16/rep_07_seed_2026107423/spatial/concentration.npy
151,pmfs_22_16,7,2026107424,pmfs_22_16/rep_08_seed_2026107424,b6d71b9bf8cfb2d9f9cb89be72093af1357cd54f933606706d493b6e7152db16,/home/zyc/cess_d1r_168x16_reference_20260925/pmfs_22_16/rep_08_seed_2026107424/spatial/concentration.npy,/home/zyc/cess_d1r_168x16_reference_20260925/pmfs_22_16/rep_08_seed_2026107424/spatial/concentration.npy
151,pmfs_22_16,8,2026107425,pmfs_22_16/rep_09_seed_2026107425,cfe9119d2667e1873621007c3473bbf9cb4009d5314bdda0794ed2797cb5234f,/home/zyc/cess_d1r_168x16_reference_20260925/pmfs_22_16/rep_09_seed_2026107425/spatial/concentration.npy,/home/zyc/cess_d1r_168x16_reference_20260925/pmfs_22_16/rep_09_seed_2026107425/spatial/concentration.npy
151,pmfs_22_16,9,2026107426,pmfs_22_16/rep_10_seed_2026107426,711e9cb70feaa434a4aa5df1f46528347cc27e34665fa4cbe1ac992e25b1ccc2,/home/zyc/cess_d1r_168x16_reference_20260925/pmfs_22_16/rep_10_seed_2026107426/spatial/concentration.npy,/home/zyc/cess_d1r_168x16_reference_20260925/pmfs_22_16/rep_10_seed_2026107426/spatial/concentration.npy
151,pmfs_22_16,10,2026107427,pmfs_22_16/rep_11_seed_2026107427,94aa0f6e70722acbcc0534af8eb7e1440de2abce05e8323e30842c6359c7c675,/home/zyc/cess_d1r_168x16_reference_20260925/pmfs_22_16/rep_11_seed_2026107427/spatial/concentration.npy,/home/zyc/cess_d1r_168x16_reference_20260925/pmfs_22_16/rep_11_seed_2026107427/spatial/concentration.npy
151,pmfs_22_16,11,2026107428,pmfs_22_16/rep_12_seed_2026107428,e5a907911fd81bff94a07457343eab3b3232491694f676131c99baeab092a8fa,/home/zyc/cess_d1r_168x16_reference_20260925/pmfs_22_16/rep_12_seed_2026107428/spatial/concentration.npy,/home/zyc/cess_d1r_168x16_reference_20260925/pmfs_22_16/rep_12_seed_2026107428/spatial/concentration.npy
151,pmfs_22_16,12,2026107429,pmfs_22_16/rep_13_seed_2026107429,ee948c4f5a06327f11461d443eed0e67687e7c86c9046d6e4736ce6b9130206c,/home/zyc/cess_d1r_168x16_reference_20260925/pmfs_22_16/rep_13_seed_2026107429/spatial/concentration.npy,/home/zyc/cess_d1r_168x16_reference_20260925/pmfs_22_16/rep_13_seed_2026107429/spatial/concentration.npy
151,pmfs_22_16,13,2026107430,pmfs_22_16/rep_14_seed_2026107430,6e83e257f830d533fe43c94bd7a1fd284a42235fa3855b880e757502babeade2,/home/zyc/cess_d1r_168x16_reference_20260925/pmfs_22_16/rep_14_seed_2026107430/spatial/concentration.npy,/home/zyc/cess_d1r_168x16_reference_20260925/pmfs_22_16/rep_14_seed_2026107430/spatial/concentration.npy
151,pmfs_22_16,14,2026107431,pmfs_22_16/rep_15_seed_2026107431,f283e29f8309baf2c2a33531ce71884dbadff94172e26be5a7fa72e1113cd9c7,/home/zyc/cess_d1r_168x16_reference_20260925/pmfs_22_16/rep_15_seed_2026107431/spatial/concentration.npy,/home/zyc/cess_d1r_168x16_reference_20260925/pmfs_22_16/rep_15_seed_2026107431/spatial/concentration.npy
151,pmfs_22_16,15,2026107432,pmfs_22_16/rep_16_seed_2026107432,3af73b94569ac9968788df72c35e66150a78f965d8458a677a64304dfd53d5ef,/home/zyc/cess_d1r_168x16_reference_20260925/pmfs_22_16/rep_16_seed_2026107432/spatial/concentration.npy,/home/zyc/cess_d1r_168x16_reference_20260925/pmfs_22_16/rep_16_seed_2026107432/spatial/concentration.npy
152,pmfs_22_17,0,2026107433,pmfs_22_17/rep_01_seed_2026107433,a0689c1a154bab25a85a52f252d1508391a4f678e9502751edb4db9b02fd4567,/home/zyc/cess_d1r_168x16_reference_20260925/pmfs_22_17/rep_01_seed_2026107433/spatial/concentration.npy,/home/zyc/cess_d1r_168x16_reference_20260925/pmfs_22_17/rep_01_seed_2026107433/spatial/concentration.npy
152,pmfs_22_17,1,2026107434,pmfs_22_17/rep_02_seed_2026107434,0762e23351bef6d0eab1ff653b04c86a5e46982bf949ada982be5de5f3435687,/home/zyc/cess_d1r_168x16_reference_20260925/pmfs_22_17/rep_02_seed_2026107434/spatial/concentration.npy,/home/zyc/cess_d1r_168x16_reference_20260925/pmfs_22_17/rep_02_seed_2026107434/spatial/concentration.npy
152,pmfs_22_17,2,2026107435,pmfs_22_17/rep_03_seed_2026107435,19958dce440d857f1333448fa7a19856e0723059fbd0ed823c5388eedab8f8f0,/home/zyc/cess_d1r_168x16_reference_20260925/pmfs_22_17/rep_03_seed_2026107435/spatial/concentration.npy,/home/zyc/cess_d1r_168x16_reference_20260925/pmfs_22_17/rep_03_seed_2026107435/spatial/concentration.npy
152,pmfs_22_17,3,2026107436,pmfs_22_17/rep_04_seed_2026107436,8cebb37055e95e4692552e31ceac2e9b8c603d33d69a756ef5a24a69ff29090a,/home/zyc/cess_d1r_168x16_reference_20260925/pmfs_22_17/rep_04_seed_2026107436/spatial/concentration.npy,/home/zyc/cess_d1r_168x16_reference_20260925/pmfs_22_17/rep_04_seed_2026107436/spatial/concentration.npy
152,pmfs_22_17,4,2026107437,pmfs_22_17/rep_05_seed_2026107437,72864796c30b71686a160144fc6fb34f5f08eeb22f89e384d232e8c23f401e09,/home/zyc/cess_d1r_168x16_reference_20260925/pmfs_22_17/rep_05_seed_2026107437/spatial/concentration.npy,/home/zyc/cess_d1r_168x16_reference_20260925/pmfs_22_17/rep_05_seed_2026107437/spatial/concentration.npy
152,pmfs_22_17,5,2026107438,pmfs_22_17/rep_06_seed_2026107438,41492583fa641406f8cc427df3908713a1ce178a291f52f2c9914a3e5ea7baac,/home/zyc/cess_d1r_168x16_reference_20260925/pmfs_22_17/rep_06_seed_2026107438/spatial/concentration.npy,/home/zyc/cess_d1r_168x16_reference_20260925/pmfs_22_17/rep_06_seed_2026107438/spatial/concentration.npy
152,pmfs_22_17,6,2026107439,pmfs_22_17/rep_07_seed_2026107439,db37a675c348d185480697d9b5ffb8a432224843ee0aa2f7ac4ff8d5e56f07a5,/home/zyc/cess_d1r_168x16_reference_20260925/pmfs_22_17/rep_07_seed_2026107439/spatial/concentration.npy,/home/zyc/cess_d1r_168x16_reference_20260925/pmfs_22_17/rep_07_seed_2026107439/spatial/concentration.npy
152,pmfs_22_17,7,2026107440,pmfs_22_17/rep_08_seed_2026107440,a7e99750ddd16257c9b035e98ec2fdbdf3bb7e647d627302ce074f7fe37249c3,/home/zyc/cess_d1r_168x16_reference_20260925/pmfs_22_17/rep_08_seed_2026107440/spatial/concentration.npy,/home/zyc/cess_d1r_168x16_reference_20260925/pmfs_22_17/rep_08_seed_2026107440/spatial/concentration.npy
152,pmfs_22_17,8,2026107441,pmfs_22_17/rep_09_seed_2026107441,04cf6cea851dc9cfe7a84e235a9a7f74440215e301580d9584bbf916d5dc55fe,/home/zyc/cess_d1r_168x16_reference_20260925/pmfs_22_17/rep_09_seed_2026107441/spatial/concentration.npy,/home/zyc/cess_d1r_168x16_reference_20260925/pmfs_22_17/rep_09_seed_2026107441/spatial/concentration.npy
152,pmfs_22_17,9,2026107442,pmfs_22_17/rep_10_seed_2026107442,cd5214c34f69beb71eacd1019fd591b8cb97a36aac5310867bdcdeee52299afb,/home/zyc/cess_d1r_168x16_reference_20260925/pmfs_22_17/rep_10_seed_2026107442/spatial/concentration.npy,/home/zyc/cess_d1r_168x16_reference_20260925/pmfs_22_17/rep_10_seed_2026107442/spatial/concentration.npy
152,pmfs_22_17,10,2026107443,pmfs_22_17/rep_11_seed_2026107443,2412f3c1d46454bb8fbd5b0f725ad3a83dd18c386e62277855e2d96a77f31cb4,/home/zyc/cess_d1r_168x16_reference_20260925/pmfs_22_17/rep_11_seed_2026107443/spatial/concentration.npy,/home/zyc/cess_d1r_168x16_reference_20260925/pmfs_22_17/rep_11_seed_2026107443/spatial/concentration.npy
152,pmfs_22_17,11,2026107444,pmfs_22_17/rep_12_seed_2026107444,6c980c402961ee60e14c0e3bb979bb3d4ce33af4938f1d6f20498c7412bece2e,/home/zyc/cess_d1r_168x16_reference_20260925/pmfs_22_17/rep_12_seed_2026107444/spatial/concentration.npy,/home/zyc/cess_d1r_168x16_reference_20260925/pmfs_22_17/rep_12_seed_2026107444/spatial/concentration.npy
152,pmfs_22_17,12,2026107445,pmfs_22_17/rep_13_seed_2026107445,d3b6e41ea57897c703be0d61bacccbc0b6c695655a6ab3abf789f6a2c631f8f6,/home/zyc/cess_d1r_168x16_reference_20260925/pmfs_22_17/rep_13_seed_2026107445/spatial/concentration.npy,/home/zyc/cess_d1r_168x16_reference_20260925/pmfs_22_17/rep_13_seed_2026107445/spatial/concentration.npy
152,pmfs_22_17,13,2026107446,pmfs_22_17/rep_14_seed_2026107446,77c1e5871073334a8ada5979522a66d6b4758d5f470c77d9651e351180199a29,/home/zyc/cess_d1r_168x16_reference_20260925/pmfs_22_17/rep_14_seed_2026107446/spatial/concentration.npy,/home/zyc/cess_d1r_168x16_reference_20260925/pmfs_22_17/rep_14_seed_2026107446/spatial/concentration.npy
152,pmfs_22_17,14,2026107447,pmfs_22_17/rep_15_seed_2026107447,14a25d6066f0aead9e70aa4cb3d235668b764efbc31168ce6883a3ac3fedeec0,/home/zyc/cess_d1r_168x16_reference_20260925/pmfs_22_17/rep_15_seed_2026107447/spatial/concentration.npy,/home/zyc/cess_d1r_168x16_reference_20260925/pmfs_22_17/rep_15_seed_2026107447/spatial/concentration.npy
152,pmfs_22_17,15,2026107448,pmfs_22_17/rep_16_seed_2026107448,fe8ecf7be4e23a42d7d759d5f48fbe2e1e7252511a46b5fdb4ea9ec0ba4c1fb4,/home/zyc/cess_d1r_168x16_reference_20260925/pmfs_22_17/rep_16_seed_2026107448/spatial/concentration.npy,/home/zyc/cess_d1r_168x16_reference_20260925/pmfs_22_17/rep_16_seed_2026107448/spatial/concentration.npy
153,pmfs_22_18,0,2026107449,pmfs_22_18/rep_01_seed_2026107449,781507c10e90cd54356cdeb8943a3d8cc188357aa547eeda925bf673165ec756,/home/zyc/cess_d1r_168x16_reference_20260925/pmfs_22_18/rep_01_seed_2026107449/spatial/concentration.npy,/home/zyc/cess_d1r_168x16_reference_20260925/pmfs_22_18/rep_01_seed_2026107449/spatial/concentration.npy
153,pmfs_22_18,1,2026107450,pmfs_22_18/rep_02_seed_2026107450,a724eab87bfe005852e00d07821318a6eaa2c1f63efa1519acbda468a3547ca6,/home/zyc/cess_d1r_168x16_reference_20260925/pmfs_22_18/rep_02_seed_2026107450/spatial/concentration.npy,/home/zyc/cess_d1r_168x16_reference_20260925/pmfs_22_18/rep_02_seed_2026107450/spatial/concentration.npy
153,pmfs_22_18,2,2026107451,pmfs_22_18/rep_03_seed_2026107451,525807c4329ca769123b683e538e11de61e735b1fc9caa1d56bfb98c07927fda,/home/zyc/cess_d1r_168x16_reference_20260925/pmfs_22_18/rep_03_seed_2026107451/spatial/concentration.npy,/home/zyc/cess_d1r_168x16_reference_20260925/pmfs_22_18/rep_03_seed_2026107451/spatial/concentration.npy
153,pmfs_22_18,3,2026107452,pmfs_22_18/rep_04_seed_2026107452,be9abfc98a49fa3ba8a137f592b9157e7edff3eaba32235add283b724495622f,/home/zyc/cess_d1r_168x16_reference_20260925/pmfs_22_18/rep_04_seed_2026107452/spatial/concentration.npy,/home/zyc/cess_d1r_168x16_reference_20260925/pmfs_22_18/rep_04_seed_2026107452/spatial/concentration.npy
153,pmfs_22_18,4,2026107453,pmfs_22_18/rep_05_seed_2026107453,9d7db0465ba6036df04873d47055cfa2f5b0f312edfcfb1f41bc8eb26d7c94bb,/home/zyc/cess_d1r_168x16_reference_20260925/pmfs_22_18/rep_05_seed_2026107453/spatial/concentration.npy,/home/zyc/cess_d1r_168x16_reference_20260925/pmfs_22_18/rep_05_seed_2026107453/spatial/concentration.npy
153,pmfs_22_18,5,2026107454,pmfs_22_18/rep_06_seed_2026107454,6898e20790020afdba92c28c32ac2dc036edd5ef9905b26a3de0ce0b5507e610,/home/zyc/cess_d1r_168x16_reference_20260925/pmfs_22_18/rep_06_seed_2026107454/spatial/concentration.npy,/home/zyc/cess_d1r_168x16_reference_20260925/pmfs_22_18/rep_06_seed_2026107454/spatial/concentration.npy
153,pmfs_22_18,6,2026107455,pmfs_22_18/rep_07_seed_2026107455,7b5d48c6bd52c6f2cdd6ab63c2cc70f964f8cc994953dee8c43687b48324d324,/home/zyc/cess_d1r_168x16_reference_20260925/pmfs_22_18/rep_07_seed_2026107455/spatial/concentration.npy,/home/zyc/cess_d1r_168x16_reference_20260925/pmfs_22_18/rep_07_seed_2026107455/spatial/concentration.npy
153,pmfs_22_18,7,2026107456,pmfs_22_18/rep_08_seed_2026107456,b83412b50cc464b7da66a4c4738f780aa163bb6efc67e98834e9319b500ae35c,/home/zyc/cess_d1r_168x16_reference_20260925/pmfs_22_18/rep_08_seed_2026107456/spatial/concentration.npy,/home/zyc/cess_d1r_168x16_reference_20260925/pmfs_22_18/rep_08_seed_2026107456/spatial/concentration.npy
153,pmfs_22_18,8,2026107457,pmfs_22_18/rep_09_seed_2026107457,c8ffb348ba71f82929f0131d3e713a1c3cb142979d9a06dfa449fa0b668f88a1,/home/zyc/cess_d1r_168x16_reference_20260925/pmfs_22_18/rep_09_seed_2026107457/spatial/concentration.npy,/home/zyc/cess_d1r_168x16_reference_20260925/pmfs_22_18/rep_09_seed_2026107457/spatial/concentration.npy
153,pmfs_22_18,9,2026107458,pmfs_22_18/rep_10_seed_2026107458,b40933de758b4b67c27ed0370569312f58ddbb4cf4b6644cfaf9aff9f0ae1eac,/home/zyc/cess_d1r_168x16_reference_20260925/pmfs_22_18/rep_10_seed_2026107458/spatial/concentration.npy,/home/zyc/cess_d1r_168x16_reference_20260925/pmfs_22_18/rep_10_seed_2026107458/spatial/concentration.npy
153,pmfs_22_18,10,2026107459,pmfs_22_18/rep_11_seed_2026107459,a9a40b1e70ad68adf03783726d0aa6c52c301acea7ddaf38f34882dd16d50d78,/home/zyc/cess_d1r_168x16_reference_20260925/pmfs_22_18/rep_11_seed_2026107459/spatial/concentration.npy,/home/zyc/cess_d1r_168x16_reference_20260925/pmfs_22_18/rep_11_seed_2026107459/spatial/concentration.npy
153,pmfs_22_18,11,2026107460,pmfs_22_18/rep_12_seed_2026107460,96b755947df83d1ef93766ea57533724da0c2c6f77359892aeb00fdcc1ab01a9,/home/zyc/cess_d1r_168x16_reference_20260925/pmfs_22_18/rep_12_seed_2026107460/spatial/concentration.npy,/home/zyc/cess_d1r_168x16_reference_20260925/pmfs_22_18/rep_12_seed_2026107460/spatial/concentration.npy
153,pmfs_22_18,12,2026107461,pmfs_22_18/rep_13_seed_2026107461,3a2594ed96406667ff591cef4bb5590e17aa5470c2900da8954162212f2e9fd7,/home/zyc/cess_d1r_168x16_reference_20260925/pmfs_22_18/rep_13_seed_2026107461/spatial/concentration.npy,/home/zyc/cess_d1r_168x16_reference_20260925/pmfs_22_18/rep_13_seed_2026107461/spatial/concentration.npy
153,pmfs_22_18,13,2026107462,pmfs_22_18/rep_14_seed_2026107462,485ca0284321aae7991b7148a15c9dbfd6ba2a3e6a7af0d7a303446f26a6e17d,/home/zyc/cess_d1r_168x16_reference_20260925/pmfs_22_18/rep_14_seed_2026107462/spatial/concentration.npy,/home/zyc/cess_d1r_168x16_reference_20260925/pmfs_22_18/rep_14_seed_2026107462/spatial/concentration.npy
153,pmfs_22_18,14,2026107463,pmfs_22_18/rep_15_seed_2026107463,b98784b69c7cc9d9e4619c21c3dfd07416f3f7adb61b59a8658c8794b19c8366,/home/zyc/cess_d1r_168x16_reference_20260925/pmfs_22_18/rep_15_seed_2026107463/spatial/concentration.npy,/home/zyc/cess_d1r_168x16_reference_20260925/pmfs_22_18/rep_15_seed_2026107463/spatial/concentration.npy
153,pmfs_22_18,15,2026107464,pmfs_22_18/rep_16_seed_2026107464,cc4924b5133ab8cefd565fca8117aa592e9fe288a02820b2872c02415378c618,/home/zyc/cess_d1r_168x16_reference_20260925/pmfs_22_18/rep_16_seed_2026107464/spatial/concentration.npy,/home/zyc/cess_d1r_168x16_reference_20260925/pmfs_22_18/rep_16_seed_2026107464/spatial/concentration.npy
154,pmfs_23_12,0,2026107465,pmfs_23_12/rep_01_seed_2026107465,7877a7243dfd2d0c454d8dd4b7ceb35606dacbca8f9466ecaa2f8c559d25e5bd,/home/zyc/cess_d1r_168x16_reference_20260925/pmfs_23_12/rep_01_seed_2026107465/spatial/concentration.npy,/home/zyc/cess_d1r_168x16_reference_20260925/pmfs_23_12/rep_01_seed_2026107465/spatial/concentration.npy
154,pmfs_23_12,1,2026107466,pmfs_23_12/rep_02_seed_2026107466,e0bf48bd6cef0dab899153be0dac9e768b3d32a7ceb3d1550a8ff1307f5ede9d,/home/zyc/cess_d1r_168x16_reference_20260925/pmfs_23_12/rep_02_seed_2026107466/spatial/concentration.npy,/home/zyc/cess_d1r_168x16_reference_20260925/pmfs_23_12/rep_02_seed_2026107466/spatial/concentration.npy
154,pmfs_23_12,2,2026107467,pmfs_23_12/rep_03_seed_2026107467,1dd403eb84d144774704f0e92f80280f65e489a9b7bf4021ab0961e43469a1de,/home/zyc/cess_d1r_168x16_reference_20260925/pmfs_23_12/rep_03_seed_2026107467/spatial/concentration.npy,/home/zyc/cess_d1r_168x16_reference_20260925/pmfs_23_12/rep_03_seed_2026107467/spatial/concentration.npy
154,pmfs_23_12,3,2026107468,pmfs_23_12/rep_04_seed_2026107468,bf3171abbc355128615385cc5ef58eb7aecfdfb527928c5ce906799f8fefbc24,/home/zyc/cess_d1r_168x16_reference_20260925/pmfs_23_12/rep_04_seed_2026107468/spatial/concentration.npy,/home/zyc/cess_d1r_168x16_reference_20260925/pmfs_23_12/rep_04_seed_2026107468/spatial/concentration.npy
154,pmfs_23_12,4,2026107469,pmfs_23_12/rep_05_seed_2026107469,c6906d4b43fdefd1c6563f406bdd665a76c1f07434675397362a17b5f3e3c073,/home/zyc/cess_d1r_168x16_reference_20260925/pmfs_23_12/rep_05_seed_2026107469/spatial/concentration.npy,/home/zyc/cess_d1r_168x16_reference_20260925/pmfs_23_12/rep_05_seed_2026107469/spatial/concentration.npy
154,pmfs_23_12,5,2026107470,pmfs_23_12/rep_06_seed_2026107470,6b2aa5ff8c490749000df58ca837cdf332ce779159279cc9843cc5bc3e653472,/home/zyc/cess_d1r_168x16_reference_20260925/pmfs_23_12/rep_06_seed_2026107470/spatial/concentration.npy,/home/zyc/cess_d1r_168x16_reference_20260925/pmfs_23_12/rep_06_seed_2026107470/spatial/concentration.npy
154,pmfs_23_12,6,2026107471,pmfs_23_12/rep_07_seed_2026107471,14eb0bfb88f401e68be193865396ab8fb7c42233324be03fb6a6f5c1bca48582,/home/zyc/cess_d1r_168x16_reference_20260925/pmfs_23_12/rep_07_seed_2026107471/spatial/concentration.npy,/home/zyc/cess_d1r_168x16_reference_20260925/pmfs_23_12/rep_07_seed_2026107471/spatial/concentration.npy
154,pmfs_23_12,7,2026107472,pmfs_23_12/rep_08_seed_2026107472,70d406e7b46150014dcfeed63a9b4d0b6f2add93fc7f74f4d7e31767924aea36,/home/zyc/cess_d1r_168x16_reference_20260925/pmfs_23_12/rep_08_seed_2026107472/spatial/concentration.npy,/home/zyc/cess_d1r_168x16_reference_20260925/pmfs_23_12/rep_08_seed_2026107472/spatial/concentration.npy
154,pmfs_23_12,8,2026107473,pmfs_23_12/rep_09_seed_2026107473,a8defcf809a253c923e65fd0f7cfcb227ad7dc2b0941c670041fbb530b80f043,/home/zyc/cess_d1r_168x16_reference_20260925/pmfs_23_12/rep_09_seed_2026107473/spatial/concentration.npy,/home/zyc/cess_d1r_168x16_reference_20260925/pmfs_23_12/rep_09_seed_2026107473/spatial/concentration.npy
154,pmfs_23_12,9,2026107474,pmfs_23_12/rep_10_seed_2026107474,05fefb240019ac3b3e56bf7dfc2f046524984d6b982e3b68020ead87f150b8fe,/home/zyc/cess_d1r_168x16_reference_20260925/pmfs_23_12/rep_10_seed_2026107474/spatial/concentration.npy,/home/zyc/cess_d1r_168x16_reference_20260925/pmfs_23_12/rep_10_seed_2026107474/spatial/concentration.npy
154,pmfs_23_12,10,2026107475,pmfs_23_12/rep_11_seed_2026107475,5caaac9e0d8d2a93f347a6eaa65c51033a4566bdd8d765ef5713bffdfb79b270,/home/zyc/cess_d1r_168x16_reference_20260925/pmfs_23_12/rep_11_seed_2026107475/spatial/concentration.npy,/home/zyc/cess_d1r_168x16_reference_20260925/pmfs_23_12/rep_11_seed_2026107475/spatial/concentration.npy
154,pmfs_23_12,11,2026107476,pmfs_23_12/rep_12_seed_2026107476,bada65c32e1dab60f0325a19dd2cc61ac3485a7be37a6de6dc44da0cc63cefbf,/home/zyc/cess_d1r_168x16_reference_20260925/pmfs_23_12/rep_12_seed_2026107476/spatial/concentration.npy,/home/zyc/cess_d1r_168x16_reference_20260925/pmfs_23_12/rep_12_seed_2026107476/spatial/concentration.npy
154,pmfs_23_12,12,2026107477,pmfs_23_12/rep_13_seed_2026107477,c2d257eda2ced2c3b14b76b608db24b018c2b02f39adf812982fb90db3e37cca,/home/zyc/cess_d1r_168x16_reference_20260925/pmfs_23_12/rep_13_seed_2026107477/spatial/concentration.npy,/home/zyc/cess_d1r_168x16_reference_20260925/pmfs_23_12/rep_13_seed_2026107477/spatial/concentration.npy
154,pmfs_23_12,13,2026107478,pmfs_23_12/rep_14_seed_2026107478,0b79f72969fadf75c215445c1a1f11b6512e7560b6a8b650ed1146c6b7a477e5,/home/zyc/cess_d1r_168x16_reference_20260925/pmfs_23_12/rep_14_seed_2026107478/spatial/concentration.npy,/home/zyc/cess_d1r_168x16_reference_20260925/pmfs_23_12/rep_14_seed_2026107478/spatial/concentration.npy
154,pmfs_23_12,14,2026107479,pmfs_23_12/rep_15_seed_2026107479,74caf9c75e6ceae543b4e7d53ff502e0bb4c6c31c62dea6b9c85eeef917f0b10,/home/zyc/cess_d1r_168x16_reference_20260925/pmfs_23_12/rep_15_seed_2026107479/spatial/concentration.npy,/home/zyc/cess_d1r_168x16_reference_20260925/pmfs_23_12/rep_15_seed_2026107479/spatial/concentration.npy
154,pmfs_23_12,15,2026107480,pmfs_23_12/rep_16_seed_2026107480,4d60757ee5ef2eb9bda8835629d427e955d6d6501727efea013104e448387e79,/home/zyc/cess_d1r_168x16_reference_20260925/pmfs_23_12/rep_16_seed_2026107480/spatial/concentration.npy,/home/zyc/cess_d1r_168x16_reference_20260925/pmfs_23_12/rep_16_seed_2026107480/spatial/concentration.npy
155,pmfs_23_13,0,2026107481,pmfs_23_13/rep_01_seed_2026107481,d5142931166f02849f8c790ab14aab7ecad3b06bcd9db1e12080f10f39fb2322,/home/zyc/cess_d1r_168x16_reference_20260925/pmfs_23_13/rep_01_seed_2026107481/spatial/concentration.npy,/home/zyc/cess_d1r_168x16_reference_20260925/pmfs_23_13/rep_01_seed_2026107481/spatial/concentration.npy
155,pmfs_23_13,1,2026107482,pmfs_23_13/rep_02_seed_2026107482,8bfb7ef7743942d830d728060badd9c1a6229209a38575d3c11232a034d0bdfa,/home/zyc/cess_d1r_168x16_reference_20260925/pmfs_23_13/rep_02_seed_2026107482/spatial/concentration.npy,/home/zyc/cess_d1r_168x16_reference_20260925/pmfs_23_13/rep_02_seed_2026107482/spatial/concentration.npy
155,pmfs_23_13,2,2026107483,pmfs_23_13/rep_03_seed_2026107483,ec42c064f1b067efcc611f56e44f46a3680c50443fbe11b92b2d09719c2d96a3,/home/zyc/cess_d1r_168x16_reference_20260925/pmfs_23_13/rep_03_seed_2026107483/spatial/concentration.npy,/home/zyc/cess_d1r_168x16_reference_20260925/pmfs_23_13/rep_03_seed_2026107483/spatial/concentration.npy
155,pmfs_23_13,3,2026107484,pmfs_23_13/rep_04_seed_2026107484,c99d2d4f4d83ac284ad1c0404567e6877f075e214e3653cfcb78cfa0486b0dfc,/home/zyc/cess_d1r_168x16_reference_20260925/pmfs_23_13/rep_04_seed_2026107484/spatial/concentration.npy,/home/zyc/cess_d1r_168x16_reference_20260925/pmfs_23_13/rep_04_seed_2026107484/spatial/concentration.npy
155,pmfs_23_13,4,2026107485,pmfs_23_13/rep_05_seed_2026107485,15c68671ea1bc8ac0dd556b4447904af7523c52a293a05dffa339faaa23e3012,/home/zyc/cess_d1r_168x16_reference_20260925/pmfs_23_13/rep_05_seed_2026107485/spatial/concentration.npy,/home/zyc/cess_d1r_168x16_reference_20260925/pmfs_23_13/rep_05_seed_2026107485/spatial/concentration.npy
155,pmfs_23_13,5,2026107486,pmfs_23_13/rep_06_seed_2026107486,a508a18a0cfcec9c6ca84fdf87dd71dfd709a806b5ab20fab50b38cd21284fd5,/home/zyc/cess_d1r_168x16_reference_20260925/pmfs_23_13/rep_06_seed_2026107486/spatial/concentration.npy,/home/zyc/cess_d1r_168x16_reference_20260925/pmfs_23_13/rep_06_seed_2026107486/spatial/concentration.npy
155,pmfs_23_13,6,2026107487,pmfs_23_13/rep_07_seed_2026107487,546adbf8aba28f440e5a842ca4949b07861c580b3d4174d9bb561a6f968cefff,/home/zyc/cess_d1r_168x16_reference_20260925/pmfs_23_13/rep_07_seed_2026107487/spatial/concentration.npy,/home/zyc/cess_d1r_168x16_reference_20260925/pmfs_23_13/rep_07_seed_2026107487/spatial/concentration.npy
155,pmfs_23_13,7,2026107488,pmfs_23_13/rep_08_seed_2026107488,1c659da9ba2ec86fc64fb2bdc45c4f218cb9d8a086f62c43fa4a52ede7f6edf4,/home/zyc/cess_d1r_168x16_reference_20260925/pmfs_23_13/rep_08_seed_2026107488/spatial/concentration.npy,/home/zyc/cess_d1r_168x16_reference_20260925/pmfs_23_13/rep_08_seed_2026107488/spatial/concentration.npy
155,pmfs_23_13,8,2026107489,pmfs_23_13/rep_09_seed_2026107489,970dc345843dadb54b4769c8587432025d4dacdcc3c6b51f845a1333df34f788,/home/zyc/cess_d1r_168x16_reference_20260925/pmfs_23_13/rep_09_seed_2026107489/spatial/concentration.npy,/home/zyc/cess_d1r_168x16_reference_20260925/pmfs_23_13/rep_09_seed_2026107489/spatial/concentration.npy
155,pmfs_23_13,9,2026107490,pmfs_23_13/rep_10_seed_2026107490,36efabe595da9b6411223ee1882bc0fc34975b9578896a10655141af92215e7b,/home/zyc/cess_d1r_168x16_reference_20260925/pmfs_23_13/rep_10_seed_2026107490/spatial/concentration.npy,/home/zyc/cess_d1r_168x16_reference_20260925/pmfs_23_13/rep_10_seed_2026107490/spatial/concentration.npy
155,pmfs_23_13,10,2026107491,pmfs_23_13/rep_11_seed_2026107491,464767e87ba143d4ebd9eced33fbc7b193042e06e811d8f1048556d1400d1d80,/home/zyc/cess_d1r_168x16_reference_20260925/pmfs_23_13/rep_11_seed_2026107491/spatial/concentration.npy,/home/zyc/cess_d1r_168x16_reference_20260925/pmfs_23_13/rep_11_seed_2026107491/spatial/concentration.npy
155,pmfs_23_13,11,2026107492,pmfs_23_13/rep_12_seed_2026107492,552ce32c5ba569391fb0a90f971549019efc49354d967d435e62d202b3e6f8b9,/home/zyc/cess_d1r_168x16_reference_20260925/pmfs_23_13/rep_12_seed_2026107492/spatial/concentration.npy,/home/zyc/cess_d1r_168x16_reference_20260925/pmfs_23_13/rep_12_seed_2026107492/spatial/concentration.npy
155,pmfs_23_13,12,2026107493,pmfs_23_13/rep_13_seed_2026107493,a253e68ee7dd7837a8de65c7c681106aa3bf0bfe317a8a0993e53f2a23936c20,/home/zyc/cess_d1r_168x16_reference_20260925/pmfs_23_13/rep_13_seed_2026107493/spatial/concentration.npy,/home/zyc/cess_d1r_168x16_reference_20260925/pmfs_23_13/rep_13_seed_2026107493/spatial/concentration.npy
155,pmfs_23_13,13,2026107494,pmfs_23_13/rep_14_seed_2026107494,79f72d3c38436fe23e7640bbef35da09079442d21661239544f51598688e4c4e,/home/zyc/cess_d1r_168x16_reference_20260925/pmfs_23_13/rep_14_seed_2026107494/spatial/concentration.npy,/home/zyc/cess_d1r_168x16_reference_20260925/pmfs_23_13/rep_14_seed_2026107494/spatial/concentration.npy
155,pmfs_23_13,14,2026107495,pmfs_23_13/rep_15_seed_2026107495,a0bcd9353b3de352104d74cea967b1a53476419f51aaa508396c17151e232652,/home/zyc/cess_d1r_168x16_reference_20260925/pmfs_23_13/rep_15_seed_2026107495/spatial/concentration.npy,/home/zyc/cess_d1r_168x16_reference_20260925/pmfs_23_13/rep_15_seed_2026107495/spatial/concentration.npy
155,pmfs_23_13,15,2026107496,pmfs_23_13/rep_16_seed_2026107496,b0231902c4459787c816ec35c621d119e37c89f1b1f2ea442ced880f8c903936,/home/zyc/cess_d1r_168x16_reference_20260925/pmfs_23_13/rep_16_seed_2026107496/spatial/concentration.npy,/home/zyc/cess_d1r_168x16_reference_20260925/pmfs_23_13/rep_16_seed_2026107496/spatial/concentration.npy
156,pmfs_23_14,0,2026107497,pmfs_23_14/rep_01_seed_2026107497,e42f75742bd3f3d8d2be1a5f4740de577f361ca71ea16e4abf8e577411f8eb6c,/home/zyc/cess_d1r_168x16_reference_20260925/pmfs_23_14/rep_01_seed_2026107497/spatial/concentration.npy,/home/zyc/cess_d1r_168x16_reference_20260925/pmfs_23_14/rep_01_seed_2026107497/spatial/concentration.npy
156,pmfs_23_14,1,2026107498,pmfs_23_14/rep_02_seed_2026107498,3c09312a666e113b720d90d9bcf174eb9f1f8101d6b91888966e5a1feca0e6c4,/home/zyc/cess_d1r_168x16_reference_20260925/pmfs_23_14/rep_02_seed_2026107498/spatial/concentration.npy,/home/zyc/cess_d1r_168x16_reference_20260925/pmfs_23_14/rep_02_seed_2026107498/spatial/concentration.npy
156,pmfs_23_14,2,2026107499,pmfs_23_14/rep_03_seed_2026107499,86e26e64b3015e6f615fad6f5e0c8435ebb4fb9b9841bcfbc267e44baf28c2a2,/home/zyc/cess_d1r_168x16_reference_20260925/pmfs_23_14/rep_03_seed_2026107499/spatial/concentration.npy,/home/zyc/cess_d1r_168x16_reference_20260925/pmfs_23_14/rep_03_seed_2026107499/spatial/concentration.npy
156,pmfs_23_14,3,2026107500,pmfs_23_14/rep_04_seed_2026107500,457a6897819b27faf918e193a3272fe130959d485d67b51e9bd91b0a931cc2da,/home/zyc/cess_d1r_168x16_reference_20260925/pmfs_23_14/rep_04_seed_2026107500/spatial/concentration.npy,/home/zyc/cess_d1r_168x16_reference_20260925/pmfs_23_14/rep_04_seed_2026107500/spatial/concentration.npy
156,pmfs_23_14,4,2026107501,pmfs_23_14/rep_05_seed_2026107501,4551f0e91635848a65ece45fab3efcd6e2bbb1120b196acbf1319a5e5de4df11,/home/zyc/cess_d1r_168x16_reference_20260925/pmfs_23_14/rep_05_seed_2026107501/spatial/concentration.npy,/home/zyc/cess_d1r_168x16_reference_20260925/pmfs_23_14/rep_05_seed_2026107501/spatial/concentration.npy
156,pmfs_23_14,5,2026107502,pmfs_23_14/rep_06_seed_2026107502,27425600cb312591588a19fe1c451cebce2f75c724f76ee6496737de83cd69d8,/home/zyc/cess_d1r_168x16_reference_20260925/pmfs_23_14/rep_06_seed_2026107502/spatial/concentration.npy,/home/zyc/cess_d1r_168x16_reference_20260925/pmfs_23_14/rep_06_seed_2026107502/spatial/concentration.npy
156,pmfs_23_14,6,2026107503,pmfs_23_14/rep_07_seed_2026107503,a89369e8736e05d4ac099db898bfe7e4a0838d65e3a354a24582b308f1c2ecce,/home/zyc/cess_d1r_168x16_reference_20260925/pmfs_23_14/rep_07_seed_2026107503/spatial/concentration.npy,/home/zyc/cess_d1r_168x16_reference_20260925/pmfs_23_14/rep_07_seed_2026107503/spatial/concentration.npy
156,pmfs_23_14,7,2026107504,pmfs_23_14/rep_08_seed_2026107504,94f6f055baa5d283a0e16da70d765a3ba79055ab6b82676a2d1dc6cdf9ee9a88,/home/zyc/cess_d1r_168x16_reference_20260925/pmfs_23_14/rep_08_seed_2026107504/spatial/concentration.npy,/home/zyc/cess_d1r_168x16_reference_20260925/pmfs_23_14/rep_08_seed_2026107504/spatial/concentration.npy
156,pmfs_23_14,8,2026107505,pmfs_23_14/rep_09_seed_2026107505,dd4c2110d99555444668b38aac510788677414502f8609c0b783021aa8808e96,/home/zyc/cess_d1r_168x16_reference_20260925/pmfs_23_14/rep_09_seed_2026107505/spatial/concentration.npy,/home/zyc/cess_d1r_168x16_reference_20260925/pmfs_23_14/rep_09_seed_2026107505/spatial/concentration.npy
156,pmfs_23_14,9,2026107506,pmfs_23_14/rep_10_seed_2026107506,a2b83f7fafcf899721d14d783455e213c8bfdc8fe60eb5f7aa46be4146d729ae,/home/zyc/cess_d1r_168x16_reference_20260925/pmfs_23_14/rep_10_seed_2026107506/spatial/concentration.npy,/home/zyc/cess_d1r_168x16_reference_20260925/pmfs_23_14/rep_10_seed_2026107506/spatial/concentration.npy
156,pmfs_23_14,10,2026107507,pmfs_23_14/rep_11_seed_2026107507,38e35a2dd326da541f7a19b4c6c8ae4c1ba1db69683bc0c085cafc528e6a5c8c,/home/zyc/cess_d1r_168x16_reference_20260925/pmfs_23_14/rep_11_seed_2026107507/spatial/concentration.npy,/home/zyc/cess_d1r_168x16_reference_20260925/pmfs_23_14/rep_11_seed_2026107507/spatial/concentration.npy
156,pmfs_23_14,11,2026107508,pmfs_23_14/rep_12_seed_2026107508,9e5a976aa3fd545ef39ba714755aa5bf72f0b5afa217ec28cdb2ebfb2b5c74e4,/home/zyc/cess_d1r_168x16_reference_20260925/pmfs_23_14/rep_12_seed_2026107508/spatial/concentration.npy,/home/zyc/cess_d1r_168x16_reference_20260925/pmfs_23_14/rep_12_seed_2026107508/spatial/concentration.npy
156,pmfs_23_14,12,2026107509,pmfs_23_14/rep_13_seed_2026107509,dd7a369c9172fe6a954ea8b55c9f3e89052cee5ac4e9d6ed69e2afe8da48b47f,/home/zyc/cess_d1r_168x16_reference_20260925/pmfs_23_14/rep_13_seed_2026107509/spatial/concentration.npy,/home/zyc/cess_d1r_168x16_reference_20260925/pmfs_23_14/rep_13_seed_2026107509/spatial/concentration.npy
156,pmfs_23_14,13,2026107510,pmfs_23_14/rep_14_seed_2026107510,1422babe983e6d13c25e9b7dc21fbdda4f2cb650537ac1df7beb37ba37346c73,/home/zyc/cess_d1r_168x16_reference_20260925/pmfs_23_14/rep_14_seed_2026107510/spatial/concentration.npy,/home/zyc/cess_d1r_168x16_reference_20260925/pmfs_23_14/rep_14_seed_2026107510/spatial/concentration.npy
156,pmfs_23_14,14,2026107511,pmfs_23_14/rep_15_seed_2026107511,78969f8f66e0d7019862e57ba0de7b5a6a3d1db89849222d13ecde36b3cfad0e,/home/zyc/cess_d1r_168x16_reference_20260925/pmfs_23_14/rep_15_seed_2026107511/spatial/concentration.npy,/home/zyc/cess_d1r_168x16_reference_20260925/pmfs_23_14/rep_15_seed_2026107511/spatial/concentration.npy
156,pmfs_23_14,15,2026107512,pmfs_23_14/rep_16_seed_2026107512,6506ce8cfd16adc5bbda81adfc588795bb5d51594af017d56d9947767127c628,/home/zyc/cess_d1r_168x16_reference_20260925/pmfs_23_14/rep_16_seed_2026107512/spatial/concentration.npy,/home/zyc/cess_d1r_168x16_reference_20260925/pmfs_23_14/rep_16_seed_2026107512/spatial/concentration.npy
157,pmfs_23_15,0,2026107513,pmfs_23_15/rep_01_seed_2026107513,c92221e2b33a10ca81f42f51b40361815dca032c042e3109c57094c18d235ec0,/home/zyc/cess_d1r_168x16_reference_20260925/pmfs_23_15/rep_01_seed_2026107513/spatial/concentration.npy,/home/zyc/cess_d1r_168x16_reference_20260925/pmfs_23_15/rep_01_seed_2026107513/spatial/concentration.npy
157,pmfs_23_15,1,2026107514,pmfs_23_15/rep_02_seed_2026107514,b836ff7ea23287ee14d832aa6e01a2aa1248bd91754d7399c2993f28df5fee98,/home/zyc/cess_d1r_168x16_reference_20260925/pmfs_23_15/rep_02_seed_2026107514/spatial/concentration.npy,/home/zyc/cess_d1r_168x16_reference_20260925/pmfs_23_15/rep_02_seed_2026107514/spatial/concentration.npy
157,pmfs_23_15,2,2026107515,pmfs_23_15/rep_03_seed_2026107515,8962d5855f9abe8b050e267590e967e66f25c7dc931060aba53d3cf188a56744,/home/zyc/cess_d1r_168x16_reference_20260925/pmfs_23_15/rep_03_seed_2026107515/spatial/concentration.npy,/home/zyc/cess_d1r_168x16_reference_20260925/pmfs_23_15/rep_03_seed_2026107515/spatial/concentration.npy
157,pmfs_23_15,3,2026107516,pmfs_23_15/rep_04_seed_2026107516,86390f789204f2df40f594a6ecde0caabb999e2f415f22f17346c167db85a7c6,/home/zyc/cess_d1r_168x16_reference_20260925/pmfs_23_15/rep_04_seed_2026107516/spatial/concentration.npy,/home/zyc/cess_d1r_168x16_reference_20260925/pmfs_23_15/rep_04_seed_2026107516/spatial/concentration.npy
157,pmfs_23_15,4,2026107517,pmfs_23_15/rep_05_seed_2026107517,e8fa4f166fc9b7d2f34a5aac4f7196c15809dcb5cf014d9d204ac5dcbb0bd18b,/home/zyc/cess_d1r_168x16_reference_20260925/pmfs_23_15/rep_05_seed_2026107517/spatial/concentration.npy,/home/zyc/cess_d1r_168x16_reference_20260925/pmfs_23_15/rep_05_seed_2026107517/spatial/concentration.npy
157,pmfs_23_15,5,2026107518,pmfs_23_15/rep_06_seed_2026107518,a38b6a180e62fc820841d8a39c19d7e4e25fcfa8ae3136eadf1dc902e1f33818,/home/zyc/cess_d1r_168x16_reference_20260925/pmfs_23_15/rep_06_seed_2026107518/spatial/concentration.npy,/home/zyc/cess_d1r_168x16_reference_20260925/pmfs_23_15/rep_06_seed_2026107518/spatial/concentration.npy
157,pmfs_23_15,6,2026107519,pmfs_23_15/rep_07_seed_2026107519,bdfbbbe761a38dacb656717988c2dd6dcda0b7f352b4410b95803478b1090d92,/home/zyc/cess_d1r_168x16_reference_20260925/pmfs_23_15/rep_07_seed_2026107519/spatial/concentration.npy,/home/zyc/cess_d1r_168x16_reference_20260925/pmfs_23_15/rep_07_seed_2026107519/spatial/concentration.npy
157,pmfs_23_15,7,2026107520,pmfs_23_15/rep_08_seed_2026107520,b27b45d25e8444e0c163fbb2376320b20f0542f5c006e2785e8544cf66226044,/home/zyc/cess_d1r_168x16_reference_20260925/pmfs_23_15/rep_08_seed_2026107520/spatial/concentration.npy,/home/zyc/cess_d1r_168x16_reference_20260925/pmfs_23_15/rep_08_seed_2026107520/spatial/concentration.npy
157,pmfs_23_15,8,2026107521,pmfs_23_15/rep_09_seed_2026107521,16978b4c32693c92ca44af074cbc0ec1906c6d5a08d875a04de87eef8c68530d,/home/zyc/cess_d1r_168x16_reference_20260925/pmfs_23_15/rep_09_seed_2026107521/spatial/concentration.npy,/home/zyc/cess_d1r_168x16_reference_20260925/pmfs_23_15/rep_09_seed_2026107521/spatial/concentration.npy
157,pmfs_23_15,9,2026107522,pmfs_23_15/rep_10_seed_2026107522,c37841989399713121d09d37b650bc74fb2d4ce5968cc4074e264e53f46d59b6,/home/zyc/cess_d1r_168x16_reference_20260925/pmfs_23_15/rep_10_seed_2026107522/spatial/concentration.npy,/home/zyc/cess_d1r_168x16_reference_20260925/pmfs_23_15/rep_10_seed_2026107522/spatial/concentration.npy
157,pmfs_23_15,10,2026107523,pmfs_23_15/rep_11_seed_2026107523,9f6f20604a3a0589d3243165afb7252edda7ab181387bd6ec9d2d364185c6fad,/home/zyc/cess_d1r_168x16_reference_20260925/pmfs_23_15/rep_11_seed_2026107523/spatial/concentration.npy,/home/zyc/cess_d1r_168x16_reference_20260925/pmfs_23_15/rep_11_seed_2026107523/spatial/concentration.npy
157,pmfs_23_15,11,2026107524,pmfs_23_15/rep_12_seed_2026107524,d2f4ebad93353e29b1cac8f5fa6cbe1ad5d90b3a89771ad405ad95991526c9e4,/home/zyc/cess_d1r_168x16_reference_20260925/pmfs_23_15/rep_12_seed_2026107524/spatial/concentration.npy,/home/zyc/cess_d1r_168x16_reference_20260925/pmfs_23_15/rep_12_seed_2026107524/spatial/concentration.npy
157,pmfs_23_15,12,2026107525,pmfs_23_15/rep_13_seed_2026107525,1a1cd65739f43a4035f05604f7f92ec733db6f1f8b4982626d408fb93fa75807,/home/zyc/cess_d1r_168x16_reference_20260925/pmfs_23_15/rep_13_seed_2026107525/spatial/concentration.npy,/home/zyc/cess_d1r_168x16_reference_20260925/pmfs_23_15/rep_13_seed_2026107525/spatial/concentration.npy
157,pmfs_23_15,13,2026107526,pmfs_23_15/rep_14_seed_2026107526,1ed36c1bfe9bfd908da698099f0d4b2c381aeaf1305f82eaf6ce783f5c9560f6,/home/zyc/cess_d1r_168x16_reference_20260925/pmfs_23_15/rep_14_seed_2026107526/spatial/concentration.npy,/home/zyc/cess_d1r_168x16_reference_20260925/pmfs_23_15/rep_14_seed_2026107526/spatial/concentration.npy
157,pmfs_23_15,14,2026107527,pmfs_23_15/rep_15_seed_2026107527,d6043f895794240e58606f8aec755e967d05cd170f68f1051eb78611dbfe2dc3,/home/zyc/cess_d1r_168x16_reference_20260925/pmfs_23_15/rep_15_seed_2026107527/spatial/concentration.npy,/home/zyc/cess_d1r_168x16_reference_20260925/pmfs_23_15/rep_15_seed_2026107527/spatial/concentration.npy
157,pmfs_23_15,15,2026107528,pmfs_23_15/rep_16_seed_2026107528,49d5a98525697ac24d5b9b8dccd9d54ba6112244ed256c60834a49501ab1eb06,/home/zyc/cess_d1r_168x16_reference_20260925/pmfs_23_15/rep_16_seed_2026107528/spatial/concentration.npy,/home/zyc/cess_d1r_168x16_reference_20260925/pmfs_23_15/rep_16_seed_2026107528/spatial/concentration.npy
158,pmfs_23_16,0,2026107529,pmfs_23_16/rep_01_seed_2026107529,1c93270ad9c7ad89e5698c259cae9c535bc1d012141510f7fdf251d88a0e2114,/home/zyc/cess_d1r_168x16_reference_20260925/pmfs_23_16/rep_01_seed_2026107529/spatial/concentration.npy,/home/zyc/cess_d1r_168x16_reference_20260925/pmfs_23_16/rep_01_seed_2026107529/spatial/concentration.npy
158,pmfs_23_16,1,2026107530,pmfs_23_16/rep_02_seed_2026107530,41f2d5b3249bf79826a952b86cc4487325202c8e4599f538cafebc08ecd6236d,/home/zyc/cess_d1r_168x16_reference_20260925/pmfs_23_16/rep_02_seed_2026107530/spatial/concentration.npy,/home/zyc/cess_d1r_168x16_reference_20260925/pmfs_23_16/rep_02_seed_2026107530/spatial/concentration.npy
158,pmfs_23_16,2,2026107531,pmfs_23_16/rep_03_seed_2026107531,2c4fc098ee5a286013bad0eba2a2558ad158f81621c402b23f97dc12ec3af624,/home/zyc/cess_d1r_168x16_reference_20260925/pmfs_23_16/rep_03_seed_2026107531/spatial/concentration.npy,/home/zyc/cess_d1r_168x16_reference_20260925/pmfs_23_16/rep_03_seed_2026107531/spatial/concentration.npy
158,pmfs_23_16,3,2026107532,pmfs_23_16/rep_04_seed_2026107532,ca4ec70bb3863fd4fec261dbdfa71ef2bf74587771196cf416d37a7ef5f3d4cb,/home/zyc/cess_d1r_168x16_reference_20260925/pmfs_23_16/rep_04_seed_2026107532/spatial/concentration.npy,/home/zyc/cess_d1r_168x16_reference_20260925/pmfs_23_16/rep_04_seed_2026107532/spatial/concentration.npy
158,pmfs_23_16,4,2026107533,pmfs_23_16/rep_05_seed_2026107533,7473b21ec8882421d107f13d623bf59d90734a30ea4b97ede5942d1e94055f7b,/home/zyc/cess_d1r_168x16_reference_20260925/pmfs_23_16/rep_05_seed_2026107533/spatial/concentration.npy,/home/zyc/cess_d1r_168x16_reference_20260925/pmfs_23_16/rep_05_seed_2026107533/spatial/concentration.npy
158,pmfs_23_16,5,2026107534,pmfs_23_16/rep_06_seed_2026107534,af8f501d2e6da3787b4fd8e9671e2d88dccfee810933ba5e5502eb1063a2e3ff,/home/zyc/cess_d1r_168x16_reference_20260925/pmfs_23_16/rep_06_seed_2026107534/spatial/concentration.npy,/home/zyc/cess_d1r_168x16_reference_20260925/pmfs_23_16/rep_06_seed_2026107534/spatial/concentration.npy
158,pmfs_23_16,6,2026107535,pmfs_23_16/rep_07_seed_2026107535,04fb287ff34e9dfebdd47b2180254b359582a145a7ac3c0d33ed8ce21d885fab,/home/zyc/cess_d1r_168x16_reference_20260925/pmfs_23_16/rep_07_seed_2026107535/spatial/concentration.npy,/home/zyc/cess_d1r_168x16_reference_20260925/pmfs_23_16/rep_07_seed_2026107535/spatial/concentration.npy
158,pmfs_23_16,7,2026107536,pmfs_23_16/rep_08_seed_2026107536,f50b918f2ecd619daf43247a363e668a776355db1e28ff8ffb235e4a9cda1ae0,/home/zyc/cess_d1r_168x16_reference_20260925/pmfs_23_16/rep_08_seed_2026107536/spatial/concentration.npy,/home/zyc/cess_d1r_168x16_reference_20260925/pmfs_23_16/rep_08_seed_2026107536/spatial/concentration.npy
158,pmfs_23_16,8,2026107537,pmfs_23_16/rep_09_seed_2026107537,24cbbc2db0db659dbe29eea3f517e253d947e29ae270e08790dba972c2e7c99d,/home/zyc/cess_d1r_168x16_reference_20260925/pmfs_23_16/rep_09_seed_2026107537/spatial/concentration.npy,/home/zyc/cess_d1r_168x16_reference_20260925/pmfs_23_16/rep_09_seed_2026107537/spatial/concentration.npy
158,pmfs_23_16,9,2026107538,pmfs_23_16/rep_10_seed_2026107538,423fb0612520f94bcc8d40d2028c475756455305f1372a6efca44399b09b0d98,/home/zyc/cess_d1r_168x16_reference_20260925/pmfs_23_16/rep_10_seed_2026107538/spatial/concentration.npy,/home/zyc/cess_d1r_168x16_reference_20260925/pmfs_23_16/rep_10_seed_2026107538/spatial/concentration.npy
158,pmfs_23_16,10,2026107539,pmfs_23_16/rep_11_seed_2026107539,63f36f8736815d9aaee0e0839d40882b8341a91ddf18bf960316476e2325cc83,/home/zyc/cess_d1r_168x16_reference_20260925/pmfs_23_16/rep_11_seed_2026107539/spatial/concentration.npy,/home/zyc/cess_d1r_168x16_reference_20260925/pmfs_23_16/rep_11_seed_2026107539/spatial/concentration.npy
158,pmfs_23_16,11,2026107540,pmfs_23_16/rep_12_seed_2026107540,c819d1f90003ef5a6110d0873d1e82d1543365741966d076e6733ef31341600e,/home/zyc/cess_d1r_168x16_reference_20260925/pmfs_23_16/rep_12_seed_2026107540/spatial/concentration.npy,/home/zyc/cess_d1r_168x16_reference_20260925/pmfs_23_16/rep_12_seed_2026107540/spatial/concentration.npy
158,pmfs_23_16,12,2026107541,pmfs_23_16/rep_13_seed_2026107541,582edf6aa99d52ad294207cb91ff960f557f17defa9717fdfd8cc01f84a66cb8,/home/zyc/cess_d1r_168x16_reference_20260925/pmfs_23_16/rep_13_seed_2026107541/spatial/concentration.npy,/home/zyc/cess_d1r_168x16_reference_20260925/pmfs_23_16/rep_13_seed_2026107541/spatial/concentration.npy
158,pmfs_23_16,13,2026107542,pmfs_23_16/rep_14_seed_2026107542,7a572a7b5d419b24122fa4ee8fc3d8705417e98c121200f73b1cc3a32011047c,/home/zyc/cess_d1r_168x16_reference_20260925/pmfs_23_16/rep_14_seed_2026107542/spatial/concentration.npy,/home/zyc/cess_d1r_168x16_reference_20260925/pmfs_23_16/rep_14_seed_2026107542/spatial/concentration.npy
158,pmfs_23_16,14,2026107543,pmfs_23_16/rep_15_seed_2026107543,2dea0524ee36e6970e874eb03641a20ba2a5a1df9458cd4d07d8bdbb1948b203,/home/zyc/cess_d1r_168x16_reference_20260925/pmfs_23_16/rep_15_seed_2026107543/spatial/concentration.npy,/home/zyc/cess_d1r_168x16_reference_20260925/pmfs_23_16/rep_15_seed_2026107543/spatial/concentration.npy
158,pmfs_23_16,15,2026107544,pmfs_23_16/rep_16_seed_2026107544,914d2db6625cb5289385458ab75aa4ac8e03b62da79a2434b4213d710c207c81,/home/zyc/cess_d1r_168x16_reference_20260925/pmfs_23_16/rep_16_seed_2026107544/spatial/concentration.npy,/home/zyc/cess_d1r_168x16_reference_20260925/pmfs_23_16/rep_16_seed_2026107544/spatial/concentration.npy
159,pmfs_23_17,0,2026107545,pmfs_23_17/rep_01_seed_2026107545,94384b06ae353d6fe1c7bec5c58a9a6b667e8028178f24cf585d7429a872a8c2,/home/zyc/cess_d1r_168x16_reference_20260925/pmfs_23_17/rep_01_seed_2026107545/spatial/concentration.npy,/home/zyc/cess_d1r_168x16_reference_20260925/pmfs_23_17/rep_01_seed_2026107545/spatial/concentration.npy
159,pmfs_23_17,1,2026107546,pmfs_23_17/rep_02_seed_2026107546,8f0d9f66a811a3379d5e6b6b0a31dcd579b92707543ba3ead511b94e525c102e,/home/zyc/cess_d1r_168x16_reference_20260925/pmfs_23_17/rep_02_seed_2026107546/spatial/concentration.npy,/home/zyc/cess_d1r_168x16_reference_20260925/pmfs_23_17/rep_02_seed_2026107546/spatial/concentration.npy
159,pmfs_23_17,2,2026107547,pmfs_23_17/rep_03_seed_2026107547,9a7b479527f8674e3da6370f2fe9368c5aebb5399f77b97caa06dd983a56103b,/home/zyc/cess_d1r_168x16_reference_20260925/pmfs_23_17/rep_03_seed_2026107547/spatial/concentration.npy,/home/zyc/cess_d1r_168x16_reference_20260925/pmfs_23_17/rep_03_seed_2026107547/spatial/concentration.npy
159,pmfs_23_17,3,2026107548,pmfs_23_17/rep_04_seed_2026107548,2b6e92fe5c33c20f93bf2f30a0b93f782d165ce79c8bff84e8f68155895a38ce,/home/zyc/cess_d1r_168x16_reference_20260925/pmfs_23_17/rep_04_seed_2026107548/spatial/concentration.npy,/home/zyc/cess_d1r_168x16_reference_20260925/pmfs_23_17/rep_04_seed_2026107548/spatial/concentration.npy
159,pmfs_23_17,4,2026107549,pmfs_23_17/rep_05_seed_2026107549,f15dbd472f782ebf772c0fd077df9c092f30b5b2b98fb5ec3a900dcb43b294a9,/home/zyc/cess_d1r_168x16_reference_20260925/pmfs_23_17/rep_05_seed_2026107549/spatial/concentration.npy,/home/zyc/cess_d1r_168x16_reference_20260925/pmfs_23_17/rep_05_seed_2026107549/spatial/concentration.npy
159,pmfs_23_17,5,2026107550,pmfs_23_17/rep_06_seed_2026107550,5a5fdc2e08e4f68a4545161ab46b6242549b9ce4d0b0a6c13317a3155e41d2a0,/home/zyc/cess_d1r_168x16_reference_20260925/pmfs_23_17/rep_06_seed_2026107550/spatial/concentration.npy,/home/zyc/cess_d1r_168x16_reference_20260925/pmfs_23_17/rep_06_seed_2026107550/spatial/concentration.npy
159,pmfs_23_17,6,2026107551,pmfs_23_17/rep_07_seed_2026107551,bad4271d7ff9a535c31d2c701885f8c3ebcfdfb4119ff6273a314fdae6c7b5ea,/home/zyc/cess_d1r_168x16_reference_20260925/pmfs_23_17/rep_07_seed_2026107551/spatial/concentration.npy,/home/zyc/cess_d1r_168x16_reference_20260925/pmfs_23_17/rep_07_seed_2026107551/spatial/concentration.npy
159,pmfs_23_17,7,2026107552,pmfs_23_17/rep_08_seed_2026107552,b5c782ccc9f2e7ed30fe1532e6b8dc5b26aac956c19f73e70e04254a7c089262,/home/zyc/cess_d1r_168x16_reference_20260925/pmfs_23_17/rep_08_seed_2026107552/spatial/concentration.npy,/home/zyc/cess_d1r_168x16_reference_20260925/pmfs_23_17/rep_08_seed_2026107552/spatial/concentration.npy
159,pmfs_23_17,8,2026107553,pmfs_23_17/rep_09_seed_2026107553,7d18c0962c70ff889215d791de35dccf7c50ab587d725a90d4f2b21114884190,/home/zyc/cess_d1r_168x16_reference_20260925/pmfs_23_17/rep_09_seed_2026107553/spatial/concentration.npy,/home/zyc/cess_d1r_168x16_reference_20260925/pmfs_23_17/rep_09_seed_2026107553/spatial/concentration.npy
159,pmfs_23_17,9,2026107554,pmfs_23_17/rep_10_seed_2026107554,af3645c76001a7f1f42f449a0180b96929e50990257b9e067012052a123acd43,/home/zyc/cess_d1r_168x16_reference_20260925/pmfs_23_17/rep_10_seed_2026107554/spatial/concentration.npy,/home/zyc/cess_d1r_168x16_reference_20260925/pmfs_23_17/rep_10_seed_2026107554/spatial/concentration.npy
159,pmfs_23_17,10,2026107555,pmfs_23_17/rep_11_seed_2026107555,8dde49e4a0425221a52e6f283565e04a16585a476bea6696cfce2f2fdff94e26,/home/zyc/cess_d1r_168x16_reference_20260925/pmfs_23_17/rep_11_seed_2026107555/spatial/concentration.npy,/home/zyc/cess_d1r_168x16_reference_20260925/pmfs_23_17/rep_11_seed_2026107555/spatial/concentration.npy
159,pmfs_23_17,11,2026107556,pmfs_23_17/rep_12_seed_2026107556,66eca743c6542d0f699d01444889b5cef09efae862ae6c952f0c18b67977a0e4,/home/zyc/cess_d1r_168x16_reference_20260925/pmfs_23_17/rep_12_seed_2026107556/spatial/concentration.npy,/home/zyc/cess_d1r_168x16_reference_20260925/pmfs_23_17/rep_12_seed_2026107556/spatial/concentration.npy
159,pmfs_23_17,12,2026107557,pmfs_23_17/rep_13_seed_2026107557,6ed04ace9892072bb4a6e832f760de2381020c17730f6e26d02310284d6f52b3,/home/zyc/cess_d1r_168x16_reference_20260925/pmfs_23_17/rep_13_seed_2026107557/spatial/concentration.npy,/home/zyc/cess_d1r_168x16_reference_20260925/pmfs_23_17/rep_13_seed_2026107557/spatial/concentration.npy
159,pmfs_23_17,13,2026107558,pmfs_23_17/rep_14_seed_2026107558,4c8ea78ef10073142efb692928b268bf17ae7bc4b23c29e44af16c8f87ee59e4,/home/zyc/cess_d1r_168x16_reference_20260925/pmfs_23_17/rep_14_seed_2026107558/spatial/concentration.npy,/home/zyc/cess_d1r_168x16_reference_20260925/pmfs_23_17/rep_14_seed_2026107558/spatial/concentration.npy
159,pmfs_23_17,14,2026107559,pmfs_23_17/rep_15_seed_2026107559,e932296f06d579436ce6a8f73e50b419836b45a5d46d263f32bb162f97500b79,/home/zyc/cess_d1r_168x16_reference_20260925/pmfs_23_17/rep_15_seed_2026107559/spatial/concentration.npy,/home/zyc/cess_d1r_168x16_reference_20260925/pmfs_23_17/rep_15_seed_2026107559/spatial/concentration.npy
159,pmfs_23_17,15,2026107560,pmfs_23_17/rep_16_seed_2026107560,7e23d8bb11d86e1ef6629b5df81ffb2c96a520af05ea70763999c7218b941d73,/home/zyc/cess_d1r_168x16_reference_20260925/pmfs_23_17/rep_16_seed_2026107560/spatial/concentration.npy,/home/zyc/cess_d1r_168x16_reference_20260925/pmfs_23_17/rep_16_seed_2026107560/spatial/concentration.npy
160,pmfs_23_18,0,2026107561,pmfs_23_18/rep_01_seed_2026107561,98c7c618cf552a7a86b760b1e8479e60a50e72fa4c50457179b33e277ed0b6ab,/home/zyc/cess_d1r_168x16_reference_20260925/pmfs_23_18/rep_01_seed_2026107561/spatial/concentration.npy,/home/zyc/cess_d1r_168x16_reference_20260925/pmfs_23_18/rep_01_seed_2026107561/spatial/concentration.npy
160,pmfs_23_18,1,2026107562,pmfs_23_18/rep_02_seed_2026107562,c39ca4e35f99bc480f95f3ac1da15a109f1e34e53ffe021a60d3db6e6214da6d,/home/zyc/cess_d1r_168x16_reference_20260925/pmfs_23_18/rep_02_seed_2026107562/spatial/concentration.npy,/home/zyc/cess_d1r_168x16_reference_20260925/pmfs_23_18/rep_02_seed_2026107562/spatial/concentration.npy
160,pmfs_23_18,2,2026107563,pmfs_23_18/rep_03_seed_2026107563,fe0718cba0fc7e21e7fbffc2f020ec603fe531475e555be1ca30b258339b9cb4,/home/zyc/cess_d1r_168x16_reference_20260925/pmfs_23_18/rep_03_seed_2026107563/spatial/concentration.npy,/home/zyc/cess_d1r_168x16_reference_20260925/pmfs_23_18/rep_03_seed_2026107563/spatial/concentration.npy
160,pmfs_23_18,3,2026107564,pmfs_23_18/rep_04_seed_2026107564,b334271e7958eeab8671022e363a776c2c52a62f16223ea124ad17ddc7e264c1,/home/zyc/cess_d1r_168x16_reference_20260925/pmfs_23_18/rep_04_seed_2026107564/spatial/concentration.npy,/home/zyc/cess_d1r_168x16_reference_20260925/pmfs_23_18/rep_04_seed_2026107564/spatial/concentration.npy
160,pmfs_23_18,4,2026107565,pmfs_23_18/rep_05_seed_2026107565,e42104fa6a28dbf1194e6f2bac0c98b26bd9fb4b843a4e3f49004b52ea7b1a38,/home/zyc/cess_d1r_168x16_reference_20260925/pmfs_23_18/rep_05_seed_2026107565/spatial/concentration.npy,/home/zyc/cess_d1r_168x16_reference_20260925/pmfs_23_18/rep_05_seed_2026107565/spatial/concentration.npy
160,pmfs_23_18,5,2026107566,pmfs_23_18/rep_06_seed_2026107566,a387825455d74d49ea59a5d6e04fd5aba0cea65691495516dc2464333df1cd55,/home/zyc/cess_d1r_168x16_reference_20260925/pmfs_23_18/rep_06_seed_2026107566/spatial/concentration.npy,/home/zyc/cess_d1r_168x16_reference_20260925/pmfs_23_18/rep_06_seed_2026107566/spatial/concentration.npy
160,pmfs_23_18,6,2026107567,pmfs_23_18/rep_07_seed_2026107567,40c5b6f8b17c42a678c0f3c93c2b3c90bf6ae7b6e13f8c6f64f177fa57529df5,/home/zyc/cess_d1r_168x16_reference_20260925/pmfs_23_18/rep_07_seed_2026107567/spatial/concentration.npy,/home/zyc/cess_d1r_168x16_reference_20260925/pmfs_23_18/rep_07_seed_2026107567/spatial/concentration.npy
160,pmfs_23_18,7,2026107568,pmfs_23_18/rep_08_seed_2026107568,26378edbc188c9152208b7e76fb7340181b5b01cc5010e712f6bc415fc6d99d8,/home/zyc/cess_d1r_168x16_reference_20260925/pmfs_23_18/rep_08_seed_2026107568/spatial/concentration.npy,/home/zyc/cess_d1r_168x16_reference_20260925/pmfs_23_18/rep_08_seed_2026107568/spatial/concentration.npy
160,pmfs_23_18,8,2026107569,pmfs_23_18/rep_09_seed_2026107569,93c46ac7826323af1a023000cba630ce9587cba18d8a85cab097735cc2e7a7d8,/home/zyc/cess_d1r_168x16_reference_20260925/pmfs_23_18/rep_09_seed_2026107569/spatial/concentration.npy,/home/zyc/cess_d1r_168x16_reference_20260925/pmfs_23_18/rep_09_seed_2026107569/spatial/concentration.npy
160,pmfs_23_18,9,2026107570,pmfs_23_18/rep_10_seed_2026107570,1e1a58dc0bc3e0cdfe1a22da7f794d2ddb0bfbd8d6b12d3c1337478aba0afb8c,/home/zyc/cess_d1r_168x16_reference_20260925/pmfs_23_18/rep_10_seed_2026107570/spatial/concentration.npy,/home/zyc/cess_d1r_168x16_reference_20260925/pmfs_23_18/rep_10_seed_2026107570/spatial/concentration.npy
160,pmfs_23_18,10,2026107571,pmfs_23_18/rep_11_seed_2026107571,fc02fb90290ed4d768f931dca0e22dbfe689925a462e46a016ba7e4750b453fa,/home/zyc/cess_d1r_168x16_reference_20260925/pmfs_23_18/rep_11_seed_2026107571/spatial/concentration.npy,/home/zyc/cess_d1r_168x16_reference_20260925/pmfs_23_18/rep_11_seed_2026107571/spatial/concentration.npy
160,pmfs_23_18,11,2026107572,pmfs_23_18/rep_12_seed_2026107572,4a070b21202a9f7f7af4c14a469872008890dd87806aff1c2a522ce492d042b4,/home/zyc/cess_d1r_168x16_reference_20260925/pmfs_23_18/rep_12_seed_2026107572/spatial/concentration.npy,/home/zyc/cess_d1r_168x16_reference_20260925/pmfs_23_18/rep_12_seed_2026107572/spatial/concentration.npy
160,pmfs_23_18,12,2026107573,pmfs_23_18/rep_13_seed_2026107573,6054b74da21f373bb2d28e4cf6aac3f94fab33fcaec0cc19456f67cf1ad43074,/home/zyc/cess_d1r_168x16_reference_20260925/pmfs_23_18/rep_13_seed_2026107573/spatial/concentration.npy,/home/zyc/cess_d1r_168x16_reference_20260925/pmfs_23_18/rep_13_seed_2026107573/spatial/concentration.npy
160,pmfs_23_18,13,2026107574,pmfs_23_18/rep_14_seed_2026107574,50e64da15e9c4f1479019390f4ca1c5d57cd243de30de0e3e6b93824f18999bc,/home/zyc/cess_d1r_168x16_reference_20260925/pmfs_23_18/rep_14_seed_2026107574/spatial/concentration.npy,/home/zyc/cess_d1r_168x16_reference_20260925/pmfs_23_18/rep_14_seed_2026107574/spatial/concentration.npy
160,pmfs_23_18,14,2026107575,pmfs_23_18/rep_15_seed_2026107575,099ddfe15762e31cca94be47960151c7464604ad09803d8c3d7357c19db86893,/home/zyc/cess_d1r_168x16_reference_20260925/pmfs_23_18/rep_15_seed_2026107575/spatial/concentration.npy,/home/zyc/cess_d1r_168x16_reference_20260925/pmfs_23_18/rep_15_seed_2026107575/spatial/concentration.npy
160,pmfs_23_18,15,2026107576,pmfs_23_18/rep_16_seed_2026107576,538cff73b1f51c440a32031c81a319c0e1fcc194be7319e30007c98028095ac0,/home/zyc/cess_d1r_168x16_reference_20260925/pmfs_23_18/rep_16_seed_2026107576/spatial/concentration.npy,/home/zyc/cess_d1r_168x16_reference_20260925/pmfs_23_18/rep_16_seed_2026107576/spatial/concentration.npy
161,pmfs_24_12,0,2026107577,pmfs_24_12/rep_01_seed_2026107577,56cd1a1fc45a0fe96af4f90cf353a5ffbad2f70f96d4281ebb4a69308dad81fa,/home/zyc/cess_d1r_168x16_reference_20260925/pmfs_24_12/rep_01_seed_2026107577/spatial/concentration.npy,/home/zyc/cess_d1r_168x16_reference_20260925/pmfs_24_12/rep_01_seed_2026107577/spatial/concentration.npy
161,pmfs_24_12,1,2026107578,pmfs_24_12/rep_02_seed_2026107578,de0c929519890daac363098b2f83533498a6f11147d921fe7de26208983b6dde,/home/zyc/cess_d1r_168x16_reference_20260925/pmfs_24_12/rep_02_seed_2026107578/spatial/concentration.npy,/home/zyc/cess_d1r_168x16_reference_20260925/pmfs_24_12/rep_02_seed_2026107578/spatial/concentration.npy
161,pmfs_24_12,2,2026107579,pmfs_24_12/rep_03_seed_2026107579,43a1219fde6e65db7f390dbb64c8d78e0d8af3ddcb25aa1f498253cfd63bf042,/home/zyc/cess_d1r_168x16_reference_20260925/pmfs_24_12/rep_03_seed_2026107579/spatial/concentration.npy,/home/zyc/cess_d1r_168x16_reference_20260925/pmfs_24_12/rep_03_seed_2026107579/spatial/concentration.npy
161,pmfs_24_12,3,2026107580,pmfs_24_12/rep_04_seed_2026107580,c426826317b50a77cb64d3c9921c5689560e8bc1ab6dbf7ad41e1fd7459c6769,/home/zyc/cess_d1r_168x16_reference_20260925/pmfs_24_12/rep_04_seed_2026107580/spatial/concentration.npy,/home/zyc/cess_d1r_168x16_reference_20260925/pmfs_24_12/rep_04_seed_2026107580/spatial/concentration.npy
161,pmfs_24_12,4,2026107581,pmfs_24_12/rep_05_seed_2026107581,2af9a9d9bc0cb6c1313bc5cd32adf75f0230e20b39e228927431ce5ab582a7dc,/home/zyc/cess_d1r_168x16_reference_20260925/pmfs_24_12/rep_05_seed_2026107581/spatial/concentration.npy,/home/zyc/cess_d1r_168x16_reference_20260925/pmfs_24_12/rep_05_seed_2026107581/spatial/concentration.npy
161,pmfs_24_12,5,2026107582,pmfs_24_12/rep_06_seed_2026107582,69c535347daf628ef86bed8777f5c5acf9c96c396b8e654eb8ffe295b32f7059,/home/zyc/cess_d1r_168x16_reference_20260925/pmfs_24_12/rep_06_seed_2026107582/spatial/concentration.npy,/home/zyc/cess_d1r_168x16_reference_20260925/pmfs_24_12/rep_06_seed_2026107582/spatial/concentration.npy
161,pmfs_24_12,6,2026107583,pmfs_24_12/rep_07_seed_2026107583,5154af9405d604e757beb9d870b91464e8c326dbf20c1fa9fe16b8dde431eae6,/home/zyc/cess_d1r_168x16_reference_20260925/pmfs_24_12/rep_07_seed_2026107583/spatial/concentration.npy,/home/zyc/cess_d1r_168x16_reference_20260925/pmfs_24_12/rep_07_seed_2026107583/spatial/concentration.npy
161,pmfs_24_12,7,2026107584,pmfs_24_12/rep_08_seed_2026107584,edf052a233ea3d65c438ee6a56b4e979053724055c92253b312c0614e97fa2f6,/home/zyc/cess_d1r_168x16_reference_20260925/pmfs_24_12/rep_08_seed_2026107584/spatial/concentration.npy,/home/zyc/cess_d1r_168x16_reference_20260925/pmfs_24_12/rep_08_seed_2026107584/spatial/concentration.npy
161,pmfs_24_12,8,2026107585,pmfs_24_12/rep_09_seed_2026107585,b1bdd4d16762198b7ffda45fff6c2e351030bbaca7925c728baa0724cc358cfe,/home/zyc/cess_d1r_168x16_reference_20260925/pmfs_24_12/rep_09_seed_2026107585/spatial/concentration.npy,/home/zyc/cess_d1r_168x16_reference_20260925/pmfs_24_12/rep_09_seed_2026107585/spatial/concentration.npy
161,pmfs_24_12,9,2026107586,pmfs_24_12/rep_10_seed_2026107586,d93bcf021f7045164c43783c9e64b9e547c1533d4cd9251968510ebb6d5d7ac0,/home/zyc/cess_d1r_168x16_reference_20260925/pmfs_24_12/rep_10_seed_2026107586/spatial/concentration.npy,/home/zyc/cess_d1r_168x16_reference_20260925/pmfs_24_12/rep_10_seed_2026107586/spatial/concentration.npy
161,pmfs_24_12,10,2026107587,pmfs_24_12/rep_11_seed_2026107587,80ea2f2112269d4be49e94e73f3cb12688b299b6526885876f4569167d17da17,/home/zyc/cess_d1r_168x16_reference_20260925/pmfs_24_12/rep_11_seed_2026107587/spatial/concentration.npy,/home/zyc/cess_d1r_168x16_reference_20260925/pmfs_24_12/rep_11_seed_2026107587/spatial/concentration.npy
161,pmfs_24_12,11,2026107588,pmfs_24_12/rep_12_seed_2026107588,eccdbd6c4104bd6cb31868e4637b678c54d83bc507d7985de08b5199d6391dd3,/home/zyc/cess_d1r_168x16_reference_20260925/pmfs_24_12/rep_12_seed_2026107588/spatial/concentration.npy,/home/zyc/cess_d1r_168x16_reference_20260925/pmfs_24_12/rep_12_seed_2026107588/spatial/concentration.npy
161,pmfs_24_12,12,2026107589,pmfs_24_12/rep_13_seed_2026107589,10a463bf9a3934369b72285378d8fbb9ab1cc7a63c3a2f6cfc5def264d2e83b6,/home/zyc/cess_d1r_168x16_reference_20260925/pmfs_24_12/rep_13_seed_2026107589/spatial/concentration.npy,/home/zyc/cess_d1r_168x16_reference_20260925/pmfs_24_12/rep_13_seed_2026107589/spatial/concentration.npy
161,pmfs_24_12,13,2026107590,pmfs_24_12/rep_14_seed_2026107590,a06616e64e4b036f07bc3ef5f4640560c2f1e5c4b371238615967f5ee8472ccc,/home/zyc/cess_d1r_168x16_reference_20260925/pmfs_24_12/rep_14_seed_2026107590/spatial/concentration.npy,/home/zyc/cess_d1r_168x16_reference_20260925/pmfs_24_12/rep_14_seed_2026107590/spatial/concentration.npy
161,pmfs_24_12,14,2026107591,pmfs_24_12/rep_15_seed_2026107591,1cc0bafd17338079cb9ac47033e7fcebc5c9648ba2ad5fe45be5d2506155db95,/home/zyc/cess_d1r_168x16_reference_20260925/pmfs_24_12/rep_15_seed_2026107591/spatial/concentration.npy,/home/zyc/cess_d1r_168x16_reference_20260925/pmfs_24_12/rep_15_seed_2026107591/spatial/concentration.npy
161,pmfs_24_12,15,2026107592,pmfs_24_12/rep_16_seed_2026107592,8e3bf406824b3b935ce8de10eb923a95fe9ac747e88bca2bcae33da5114e46eb,/home/zyc/cess_d1r_168x16_reference_20260925/pmfs_24_12/rep_16_seed_2026107592/spatial/concentration.npy,/home/zyc/cess_d1r_168x16_reference_20260925/pmfs_24_12/rep_16_seed_2026107592/spatial/concentration.npy
162,pmfs_24_13,0,2026107593,pmfs_24_13/rep_01_seed_2026107593,b5f22433b775b6238ca4ff5fb659f4a21e75e78363741bacbc7f3231d4e86b4b,/home/zyc/cess_d1r_168x16_reference_20260925/pmfs_24_13/rep_01_seed_2026107593/spatial/concentration.npy,/home/zyc/cess_d1r_168x16_reference_20260925/pmfs_24_13/rep_01_seed_2026107593/spatial/concentration.npy
162,pmfs_24_13,1,2026107594,pmfs_24_13/rep_02_seed_2026107594,c31b1073d11b814d96a5a903f8876b0230d5d8e602673be536b7ad073db20f1b,/home/zyc/cess_d1r_168x16_reference_20260925/pmfs_24_13/rep_02_seed_2026107594/spatial/concentration.npy,/home/zyc/cess_d1r_168x16_reference_20260925/pmfs_24_13/rep_02_seed_2026107594/spatial/concentration.npy
162,pmfs_24_13,2,2026107595,pmfs_24_13/rep_03_seed_2026107595,5fb4ab5bc6b10a76f4d7e782335e0f7235dc5f866665c8c62cb79519bc3be16f,/home/zyc/cess_d1r_168x16_reference_20260925/pmfs_24_13/rep_03_seed_2026107595/spatial/concentration.npy,/home/zyc/cess_d1r_168x16_reference_20260925/pmfs_24_13/rep_03_seed_2026107595/spatial/concentration.npy
162,pmfs_24_13,3,2026107596,pmfs_24_13/rep_04_seed_2026107596,d123fc93299e5e0d0a7fe3e8baf9ae6b0974cff2a386bded221521f3114bf0de,/home/zyc/cess_d1r_168x16_reference_20260925/pmfs_24_13/rep_04_seed_2026107596/spatial/concentration.npy,/home/zyc/cess_d1r_168x16_reference_20260925/pmfs_24_13/rep_04_seed_2026107596/spatial/concentration.npy
162,pmfs_24_13,4,2026107597,pmfs_24_13/rep_05_seed_2026107597,b565695363ed8a21a77c183f352abb0b8bd443e643207f596d6a772dcb636b7a,/home/zyc/cess_d1r_168x16_reference_20260925/pmfs_24_13/rep_05_seed_2026107597/spatial/concentration.npy,/home/zyc/cess_d1r_168x16_reference_20260925/pmfs_24_13/rep_05_seed_2026107597/spatial/concentration.npy
162,pmfs_24_13,5,2026107598,pmfs_24_13/rep_06_seed_2026107598,71308c4ab7d9e556b4cbf63fd60020591d0dbeee1992217fffed8cc74d82cf0e,/home/zyc/cess_d1r_168x16_reference_20260925/pmfs_24_13/rep_06_seed_2026107598/spatial/concentration.npy,/home/zyc/cess_d1r_168x16_reference_20260925/pmfs_24_13/rep_06_seed_2026107598/spatial/concentration.npy
162,pmfs_24_13,6,2026107599,pmfs_24_13/rep_07_seed_2026107599,89532e7e35a4064aedc8f756e4ea6b8b74b20a21db41859bf0edf46713c700e2,/home/zyc/cess_d1r_168x16_reference_20260925/pmfs_24_13/rep_07_seed_2026107599/spatial/concentration.npy,/home/zyc/cess_d1r_168x16_reference_20260925/pmfs_24_13/rep_07_seed_2026107599/spatial/concentration.npy
162,pmfs_24_13,7,2026107600,pmfs_24_13/rep_08_seed_2026107600,f1fb32db46cc6516d8b1b86c0b2be8ab014d3cf9fd3da1d4892491acdca03848,/home/zyc/cess_d1r_168x16_reference_20260925/pmfs_24_13/rep_08_seed_2026107600/spatial/concentration.npy,/home/zyc/cess_d1r_168x16_reference_20260925/pmfs_24_13/rep_08_seed_2026107600/spatial/concentration.npy
162,pmfs_24_13,8,2026107601,pmfs_24_13/rep_09_seed_2026107601,f7c893c4f08b167f479e51c97c021ffd1c4d5e1a17703432b64305f8d22fe38a,/home/zyc/cess_d1r_168x16_reference_20260925/pmfs_24_13/rep_09_seed_2026107601/spatial/concentration.npy,/home/zyc/cess_d1r_168x16_reference_20260925/pmfs_24_13/rep_09_seed_2026107601/spatial/concentration.npy
162,pmfs_24_13,9,2026107602,pmfs_24_13/rep_10_seed_2026107602,2304cf9f0a8185e6a117a34b2ed8bdc34b0cd8b76ac0818118d5a7a652a8b72f,/home/zyc/cess_d1r_168x16_reference_20260925/pmfs_24_13/rep_10_seed_2026107602/spatial/concentration.npy,/home/zyc/cess_d1r_168x16_reference_20260925/pmfs_24_13/rep_10_seed_2026107602/spatial/concentration.npy
162,pmfs_24_13,10,2026107603,pmfs_24_13/rep_11_seed_2026107603,c5f9869e020a829e5fac85aa604b0fb976be6c2980f4b582677d9fcc9ea527dd,/home/zyc/cess_d1r_168x16_reference_20260925/pmfs_24_13/rep_11_seed_2026107603/spatial/concentration.npy,/home/zyc/cess_d1r_168x16_reference_20260925/pmfs_24_13/rep_11_seed_2026107603/spatial/concentration.npy
162,pmfs_24_13,11,2026107604,pmfs_24_13/rep_12_seed_2026107604,719d578745ed1cc132533eca4f522ecbb08732f25a4b828bc53c715038f44fb2,/home/zyc/cess_d1r_168x16_reference_20260925/pmfs_24_13/rep_12_seed_2026107604/spatial/concentration.npy,/home/zyc/cess_d1r_168x16_reference_20260925/pmfs_24_13/rep_12_seed_2026107604/spatial/concentration.npy
162,pmfs_24_13,12,2026107605,pmfs_24_13/rep_13_seed_2026107605,81f8cae1ec4a8064cf2c2c975de1ec9bbd5a2c2a9640f205127f3c4a24fbda1c,/home/zyc/cess_d1r_168x16_reference_20260925/pmfs_24_13/rep_13_seed_2026107605/spatial/concentration.npy,/home/zyc/cess_d1r_168x16_reference_20260925/pmfs_24_13/rep_13_seed_2026107605/spatial/concentration.npy
162,pmfs_24_13,13,2026107606,pmfs_24_13/rep_14_seed_2026107606,192c686afca3ef40b5593779ce3074dbc24aee4f0d91846dfb7aa7b51d417604,/home/zyc/cess_d1r_168x16_reference_20260925/pmfs_24_13/rep_14_seed_2026107606/spatial/concentration.npy,/home/zyc/cess_d1r_168x16_reference_20260925/pmfs_24_13/rep_14_seed_2026107606/spatial/concentration.npy
162,pmfs_24_13,14,2026107607,pmfs_24_13/rep_15_seed_2026107607,5be4c7007b70cd837ea4aba438b3e164dbfebc5f8ca31b5bc86a85ed70047d00,/home/zyc/cess_d1r_168x16_reference_20260925/pmfs_24_13/rep_15_seed_2026107607/spatial/concentration.npy,/home/zyc/cess_d1r_168x16_reference_20260925/pmfs_24_13/rep_15_seed_2026107607/spatial/concentration.npy
162,pmfs_24_13,15,2026107608,pmfs_24_13/rep_16_seed_2026107608,fdc15fa1d81d409f2c48d3154b36f483951c10f550ca17998555eabd1af1a2e7,/home/zyc/cess_d1r_168x16_reference_20260925/pmfs_24_13/rep_16_seed_2026107608/spatial/concentration.npy,/home/zyc/cess_d1r_168x16_reference_20260925/pmfs_24_13/rep_16_seed_2026107608/spatial/concentration.npy
163,pmfs_24_14,0,2026107609,pmfs_24_14/rep_01_seed_2026107609,8a7679ee0df10d7b62ba3deb695cececa06540379caa9cfb88d84e21fc0ef205,/home/zyc/cess_d1r_168x16_reference_20260925/pmfs_24_14/rep_01_seed_2026107609/spatial/concentration.npy,/home/zyc/cess_d1r_168x16_reference_20260925/pmfs_24_14/rep_01_seed_2026107609/spatial/concentration.npy
163,pmfs_24_14,1,2026107610,pmfs_24_14/rep_02_seed_2026107610,9fd38c33db9e73bcfacbd6de480efbca8e71b3705e22a918dab3e436fb23b9b4,/home/zyc/cess_d1r_168x16_reference_20260925/pmfs_24_14/rep_02_seed_2026107610/spatial/concentration.npy,/home/zyc/cess_d1r_168x16_reference_20260925/pmfs_24_14/rep_02_seed_2026107610/spatial/concentration.npy
163,pmfs_24_14,2,2026107611,pmfs_24_14/rep_03_seed_2026107611,6c83cfaf4de679f1b66274db33579291ad3c8f0452901adb119ccf05475a4f8a,/home/zyc/cess_d1r_168x16_reference_20260925/pmfs_24_14/rep_03_seed_2026107611/spatial/concentration.npy,/home/zyc/cess_d1r_168x16_reference_20260925/pmfs_24_14/rep_03_seed_2026107611/spatial/concentration.npy
163,pmfs_24_14,3,2026107612,pmfs_24_14/rep_04_seed_2026107612,2c5f28c029d957181ad775783244f4e6d5438ec91db6658cde264af71477a2e4,/home/zyc/cess_d1r_168x16_reference_20260925/pmfs_24_14/rep_04_seed_2026107612/spatial/concentration.npy,/home/zyc/cess_d1r_168x16_reference_20260925/pmfs_24_14/rep_04_seed_2026107612/spatial/concentration.npy
163,pmfs_24_14,4,2026107613,pmfs_24_14/rep_05_seed_2026107613,62cce7356d28d37f64c3ade27e96f38018a7c3e2e11255f455b7942b80ff24f2,/home/zyc/cess_d1r_168x16_reference_20260925/pmfs_24_14/rep_05_seed_2026107613/spatial/concentration.npy,/home/zyc/cess_d1r_168x16_reference_20260925/pmfs_24_14/rep_05_seed_2026107613/spatial/concentration.npy
163,pmfs_24_14,5,2026107614,pmfs_24_14/rep_06_seed_2026107614,c7a5229150c025362058d44b29dc5f4bbdd1566e3daa50b85521687452687ae9,/home/zyc/cess_d1r_168x16_reference_20260925/pmfs_24_14/rep_06_seed_2026107614/spatial/concentration.npy,/home/zyc/cess_d1r_168x16_reference_20260925/pmfs_24_14/rep_06_seed_2026107614/spatial/concentration.npy
163,pmfs_24_14,6,2026107615,pmfs_24_14/rep_07_seed_2026107615,6f755b3f6c325e15c3ff804d922f52150ea798677aa5693f4b8379831490b76c,/home/zyc/cess_d1r_168x16_reference_20260925/pmfs_24_14/rep_07_seed_2026107615/spatial/concentration.npy,/home/zyc/cess_d1r_168x16_reference_20260925/pmfs_24_14/rep_07_seed_2026107615/spatial/concentration.npy
163,pmfs_24_14,7,2026107616,pmfs_24_14/rep_08_seed_2026107616,bb5e339960848481677bbaf210182907a7230c8218b53025d274f6a64459e69d,/home/zyc/cess_d1r_168x16_reference_20260925/pmfs_24_14/rep_08_seed_2026107616/spatial/concentration.npy,/home/zyc/cess_d1r_168x16_reference_20260925/pmfs_24_14/rep_08_seed_2026107616/spatial/concentration.npy
163,pmfs_24_14,8,2026107617,pmfs_24_14/rep_09_seed_2026107617,5cadf7bdd83010ee3561851b87e48c0a4a12514d97f5a704cb9b95edb98d4448,/home/zyc/cess_d1r_168x16_reference_20260925/pmfs_24_14/rep_09_seed_2026107617/spatial/concentration.npy,/home/zyc/cess_d1r_168x16_reference_20260925/pmfs_24_14/rep_09_seed_2026107617/spatial/concentration.npy
163,pmfs_24_14,9,2026107618,pmfs_24_14/rep_10_seed_2026107618,d8a6284d99d9eed13148173c8207b83b5da98fc28c94acf445bb105e624976cb,/home/zyc/cess_d1r_168x16_reference_20260925/pmfs_24_14/rep_10_seed_2026107618/spatial/concentration.npy,/home/zyc/cess_d1r_168x16_reference_20260925/pmfs_24_14/rep_10_seed_2026107618/spatial/concentration.npy
163,pmfs_24_14,10,2026107619,pmfs_24_14/rep_11_seed_2026107619,55fcdb3e74e9971e2b40936159685539373bc35d33f867abe30c6b852b413415,/home/zyc/cess_d1r_168x16_reference_20260925/pmfs_24_14/rep_11_seed_2026107619/spatial/concentration.npy,/home/zyc/cess_d1r_168x16_reference_20260925/pmfs_24_14/rep_11_seed_2026107619/spatial/concentration.npy
163,pmfs_24_14,11,2026107620,pmfs_24_14/rep_12_seed_2026107620,1abfce954e8f53b2c9f18d77cd7956848dfb35bbb289dd95aa94a01c60872abb,/home/zyc/cess_d1r_168x16_reference_20260925/pmfs_24_14/rep_12_seed_2026107620/spatial/concentration.npy,/home/zyc/cess_d1r_168x16_reference_20260925/pmfs_24_14/rep_12_seed_2026107620/spatial/concentration.npy
163,pmfs_24_14,12,2026107621,pmfs_24_14/rep_13_seed_2026107621,1a1abd2402112d676489dabcc584d14f1c2472322bcddc68185e956eb607ae49,/home/zyc/cess_d1r_168x16_reference_20260925/pmfs_24_14/rep_13_seed_2026107621/spatial/concentration.npy,/home/zyc/cess_d1r_168x16_reference_20260925/pmfs_24_14/rep_13_seed_2026107621/spatial/concentration.npy
163,pmfs_24_14,13,2026107622,pmfs_24_14/rep_14_seed_2026107622,c98657d525d1a3e609e1a2f9e07da81017651317c915f312500060d096106349,/home/zyc/cess_d1r_168x16_reference_20260925/pmfs_24_14/rep_14_seed_2026107622/spatial/concentration.npy,/home/zyc/cess_d1r_168x16_reference_20260925/pmfs_24_14/rep_14_seed_2026107622/spatial/concentration.npy
163,pmfs_24_14,14,2026107623,pmfs_24_14/rep_15_seed_2026107623,d0d78099704a2c9991f318fdf31c32bb762ee62678eeb1367e7386754875d486,/home/zyc/cess_d1r_168x16_reference_20260925/pmfs_24_14/rep_15_seed_2026107623/spatial/concentration.npy,/home/zyc/cess_d1r_168x16_reference_20260925/pmfs_24_14/rep_15_seed_2026107623/spatial/concentration.npy
163,pmfs_24_14,15,2026107624,pmfs_24_14/rep_16_seed_2026107624,594308fdc8a4119e228ae293f7cd048187124c2a56d8c71ba3d24e79467a5b7a,/home/zyc/cess_d1r_168x16_reference_20260925/pmfs_24_14/rep_16_seed_2026107624/spatial/concentration.npy,/home/zyc/cess_d1r_168x16_reference_20260925/pmfs_24_14/rep_16_seed_2026107624/spatial/concentration.npy
164,pmfs_24_15,0,2026107625,pmfs_24_15/rep_01_seed_2026107625,81a6c453f8f60d24251d512fa8239feeac74d0185ce1be3b96a2b5e3c8f2f818,/home/zyc/cess_d1r_168x16_reference_20260925/pmfs_24_15/rep_01_seed_2026107625/spatial/concentration.npy,/home/zyc/cess_d1r_168x16_reference_20260925/pmfs_24_15/rep_01_seed_2026107625/spatial/concentration.npy
164,pmfs_24_15,1,2026107626,pmfs_24_15/rep_02_seed_2026107626,9fa80873531c054d60501b17e84acfefca69e46fef6cb853ec8c603b149c6ebc,/home/zyc/cess_d1r_168x16_reference_20260925/pmfs_24_15/rep_02_seed_2026107626/spatial/concentration.npy,/home/zyc/cess_d1r_168x16_reference_20260925/pmfs_24_15/rep_02_seed_2026107626/spatial/concentration.npy
164,pmfs_24_15,2,2026107627,pmfs_24_15/rep_03_seed_2026107627,2d639f03898ffc90344edad453c083fe4bef39a518dd9845e642b9a567630d12,/home/zyc/cess_d1r_168x16_reference_20260925/pmfs_24_15/rep_03_seed_2026107627/spatial/concentration.npy,/home/zyc/cess_d1r_168x16_reference_20260925/pmfs_24_15/rep_03_seed_2026107627/spatial/concentration.npy
164,pmfs_24_15,3,2026107628,pmfs_24_15/rep_04_seed_2026107628,5e48f6add5572a2ae93ba9420f0167ce5f15586258df236c3f1604a798bbc6f3,/home/zyc/cess_d1r_168x16_reference_20260925/pmfs_24_15/rep_04_seed_2026107628/spatial/concentration.npy,/home/zyc/cess_d1r_168x16_reference_20260925/pmfs_24_15/rep_04_seed_2026107628/spatial/concentration.npy
164,pmfs_24_15,4,2026107629,pmfs_24_15/rep_05_seed_2026107629,f276b07f84da512db878097cbdf25b79fa23e6adf506278e780a80058942c97a,/home/zyc/cess_d1r_168x16_reference_20260925/pmfs_24_15/rep_05_seed_2026107629/spatial/concentration.npy,/home/zyc/cess_d1r_168x16_reference_20260925/pmfs_24_15/rep_05_seed_2026107629/spatial/concentration.npy
164,pmfs_24_15,5,2026107630,pmfs_24_15/rep_06_seed_2026107630,e1460a4bae617de43beeee859f0f7764e6b94e8ea572431728d423a17e9d55ba,/home/zyc/cess_d1r_168x16_reference_20260925/pmfs_24_15/rep_06_seed_2026107630/spatial/concentration.npy,/home/zyc/cess_d1r_168x16_reference_20260925/pmfs_24_15/rep_06_seed_2026107630/spatial/concentration.npy
164,pmfs_24_15,6,2026107631,pmfs_24_15/rep_07_seed_2026107631,911acc6365d64a0497ab9c47c204b70414cf0ad4f3f30f2d8c0ecd9214921859,/home/zyc/cess_d1r_168x16_reference_20260925/pmfs_24_15/rep_07_seed_2026107631/spatial/concentration.npy,/home/zyc/cess_d1r_168x16_reference_20260925/pmfs_24_15/rep_07_seed_2026107631/spatial/concentration.npy
164,pmfs_24_15,7,2026107632,pmfs_24_15/rep_08_seed_2026107632,13a823ede78981f564fd5614cdf05ad2ae9c13bcde830839e01bbe3b0e2b2e26,/home/zyc/cess_d1r_168x16_reference_20260925/pmfs_24_15/rep_08_seed_2026107632/spatial/concentration.npy,/home/zyc/cess_d1r_168x16_reference_20260925/pmfs_24_15/rep_08_seed_2026107632/spatial/concentration.npy
164,pmfs_24_15,8,2026107633,pmfs_24_15/rep_09_seed_2026107633,70c5ebdefa7b346e902c23499a263d7830ef02e124eec2a83ac370109f904681,/home/zyc/cess_d1r_168x16_reference_20260925/pmfs_24_15/rep_09_seed_2026107633/spatial/concentration.npy,/home/zyc/cess_d1r_168x16_reference_20260925/pmfs_24_15/rep_09_seed_2026107633/spatial/concentration.npy
164,pmfs_24_15,9,2026107634,pmfs_24_15/rep_10_seed_2026107634,4a6a44ed1ceee033f08f321a6966bcc74e14688e6e3102b90f70d3f5e6addb6b,/home/zyc/cess_d1r_168x16_reference_20260925/pmfs_24_15/rep_10_seed_2026107634/spatial/concentration.npy,/home/zyc/cess_d1r_168x16_reference_20260925/pmfs_24_15/rep_10_seed_2026107634/spatial/concentration.npy
164,pmfs_24_15,10,2026107635,pmfs_24_15/rep_11_seed_2026107635,a92ab556418c82af1fed4adcbf0cbf6084e6d9c6329c4a88fa1fa1baef623c00,/home/zyc/cess_d1r_168x16_reference_20260925/pmfs_24_15/rep_11_seed_2026107635/spatial/concentration.npy,/home/zyc/cess_d1r_168x16_reference_20260925/pmfs_24_15/rep_11_seed_2026107635/spatial/concentration.npy
164,pmfs_24_15,11,2026107636,pmfs_24_15/rep_12_seed_2026107636,ecf897359eabd66e756d5f2faef7afabfe1bfbb37dc2b1a06a9494e34d35693f,/home/zyc/cess_d1r_168x16_reference_20260925/pmfs_24_15/rep_12_seed_2026107636/spatial/concentration.npy,/home/zyc/cess_d1r_168x16_reference_20260925/pmfs_24_15/rep_12_seed_2026107636/spatial/concentration.npy
164,pmfs_24_15,12,2026107637,pmfs_24_15/rep_13_seed_2026107637,7a77963358c7209fba17440d12231d164b405f88ef84cde2034c743e188ef3f2,/home/zyc/cess_d1r_168x16_reference_20260925/pmfs_24_15/rep_13_seed_2026107637/spatial/concentration.npy,/home/zyc/cess_d1r_168x16_reference_20260925/pmfs_24_15/rep_13_seed_2026107637/spatial/concentration.npy
164,pmfs_24_15,13,2026107638,pmfs_24_15/rep_14_seed_2026107638,e077fb77065a3aeb2122ebc0994ef3af5a1d4e65685f15909e06d919e6fcc8ef,/home/zyc/cess_d1r_168x16_reference_20260925/pmfs_24_15/rep_14_seed_2026107638/spatial/concentration.npy,/home/zyc/cess_d1r_168x16_reference_20260925/pmfs_24_15/rep_14_seed_2026107638/spatial/concentration.npy
164,pmfs_24_15,14,2026107639,pmfs_24_15/rep_15_seed_2026107639,f75a98456335f80efee3ce05d545e17861b3456d8b4b3702285d290327e8910f,/home/zyc/cess_d1r_168x16_reference_20260925/pmfs_24_15/rep_15_seed_2026107639/spatial/concentration.npy,/home/zyc/cess_d1r_168x16_reference_20260925/pmfs_24_15/rep_15_seed_2026107639/spatial/concentration.npy
164,pmfs_24_15,15,2026107640,pmfs_24_15/rep_16_seed_2026107640,0f8ba413db96fd46a5bb7693908788bf54a6f87633f0e616f19475902f6fbf9e,/home/zyc/cess_d1r_168x16_reference_20260925/pmfs_24_15/rep_16_seed_2026107640/spatial/concentration.npy,/home/zyc/cess_d1r_168x16_reference_20260925/pmfs_24_15/rep_16_seed_2026107640/spatial/concentration.npy
165,pmfs_24_16,0,2026107641,pmfs_24_16/rep_01_seed_2026107641,fc42f30f15db2cf48f8f22630ebe7682a1e02ad1f5d78fe499f3f8925411df2e,/home/zyc/cess_d1r_168x16_reference_20260925/pmfs_24_16/rep_01_seed_2026107641/spatial/concentration.npy,/home/zyc/cess_d1r_168x16_reference_20260925/pmfs_24_16/rep_01_seed_2026107641/spatial/concentration.npy
165,pmfs_24_16,1,2026107642,pmfs_24_16/rep_02_seed_2026107642,2673b4c4776baf0dd7a03c6b7e68c36c2040c78a4165ec4f079ccbf703ba20ca,/home/zyc/cess_d1r_168x16_reference_20260925/pmfs_24_16/rep_02_seed_2026107642/spatial/concentration.npy,/home/zyc/cess_d1r_168x16_reference_20260925/pmfs_24_16/rep_02_seed_2026107642/spatial/concentration.npy
165,pmfs_24_16,2,2026107643,pmfs_24_16/rep_03_seed_2026107643,9a735295a54f7cad04700daa41a0d3a909b09972274000762030f5e35912f8f1,/home/zyc/cess_d1r_168x16_reference_20260925/pmfs_24_16/rep_03_seed_2026107643/spatial/concentration.npy,/home/zyc/cess_d1r_168x16_reference_20260925/pmfs_24_16/rep_03_seed_2026107643/spatial/concentration.npy
165,pmfs_24_16,3,2026107644,pmfs_24_16/rep_04_seed_2026107644,43fa1b09fd699265d0a15e663f54dfff0b8ffd88f724edd98c47dd3d854a4d5b,/home/zyc/cess_d1r_168x16_reference_20260925/pmfs_24_16/rep_04_seed_2026107644/spatial/concentration.npy,/home/zyc/cess_d1r_168x16_reference_20260925/pmfs_24_16/rep_04_seed_2026107644/spatial/concentration.npy
165,pmfs_24_16,4,2026107645,pmfs_24_16/rep_05_seed_2026107645,8ee72515e9107e79b4741878ccde00ae3b977a3375d1b31d6540fb26ae18d7fc,/home/zyc/cess_d1r_168x16_reference_20260925/pmfs_24_16/rep_05_seed_2026107645/spatial/concentration.npy,/home/zyc/cess_d1r_168x16_reference_20260925/pmfs_24_16/rep_05_seed_2026107645/spatial/concentration.npy
165,pmfs_24_16,5,2026107646,pmfs_24_16/rep_06_seed_2026107646,b498532d8e4d3c3ff4e0c36e591bfb730dc8d879c2faad9effcefa0e11ea084a,/home/zyc/cess_d1r_168x16_reference_20260925/pmfs_24_16/rep_06_seed_2026107646/spatial/concentration.npy,/home/zyc/cess_d1r_168x16_reference_20260925/pmfs_24_16/rep_06_seed_2026107646/spatial/concentration.npy
165,pmfs_24_16,6,2026107647,pmfs_24_16/rep_07_seed_2026107647,1a91030ae619785719af2013a7907696babbc4d8ad22164eaf93cda4d843a905,/home/zyc/cess_d1r_168x16_reference_20260925/pmfs_24_16/rep_07_seed_2026107647/spatial/concentration.npy,/home/zyc/cess_d1r_168x16_reference_20260925/pmfs_24_16/rep_07_seed_2026107647/spatial/concentration.npy
165,pmfs_24_16,7,2026107648,pmfs_24_16/rep_08_seed_2026107648,11ebcbf83eeca51f4fb411fb721f12917a948a64bd9f6791e376b7100a9d7295,/home/zyc/cess_d1r_168x16_reference_20260925/pmfs_24_16/rep_08_seed_2026107648/spatial/concentration.npy,/home/zyc/cess_d1r_168x16_reference_20260925/pmfs_24_16/rep_08_seed_2026107648/spatial/concentration.npy
165,pmfs_24_16,8,2026107649,pmfs_24_16/rep_09_seed_2026107649,57dfa0604d65ebe472de718e70430be3630da3d50817f095eeec5256dd9b4bf5,/home/zyc/cess_d1r_168x16_reference_20260925/pmfs_24_16/rep_09_seed_2026107649/spatial/concentration.npy,/home/zyc/cess_d1r_168x16_reference_20260925/pmfs_24_16/rep_09_seed_2026107649/spatial/concentration.npy
165,pmfs_24_16,9,2026107650,pmfs_24_16/rep_10_seed_2026107650,fe5afa6ae28759da733022a0f297c16d5b280fd7372081e394509ac18c24c9ac,/home/zyc/cess_d1r_168x16_reference_20260925/pmfs_24_16/rep_10_seed_2026107650/spatial/concentration.npy,/home/zyc/cess_d1r_168x16_reference_20260925/pmfs_24_16/rep_10_seed_2026107650/spatial/concentration.npy
165,pmfs_24_16,10,2026107651,pmfs_24_16/rep_11_seed_2026107651,7c16b0e7908591f1c928a6595e24e1b0d9db971d48b27eda7443c5a4556e3ab7,/home/zyc/cess_d1r_168x16_reference_20260925/pmfs_24_16/rep_11_seed_2026107651/spatial/concentration.npy,/home/zyc/cess_d1r_168x16_reference_20260925/pmfs_24_16/rep_11_seed_2026107651/spatial/concentration.npy
165,pmfs_24_16,11,2026107652,pmfs_24_16/rep_12_seed_2026107652,d84dfa7181f3fa67f592fb156bc6c6518769d9625d15e70aea0a31ece39d8782,/home/zyc/cess_d1r_168x16_reference_20260925/pmfs_24_16/rep_12_seed_2026107652/spatial/concentration.npy,/home/zyc/cess_d1r_168x16_reference_20260925/pmfs_24_16/rep_12_seed_2026107652/spatial/concentration.npy
165,pmfs_24_16,12,2026107653,pmfs_24_16/rep_13_seed_2026107653,d7a299466e1a262b5f226286faa4f3ffa272ae5d4c86b88fc0091ea62ed5810b,/home/zyc/cess_d1r_168x16_reference_20260925/pmfs_24_16/rep_13_seed_2026107653/spatial/concentration.npy,/home/zyc/cess_d1r_168x16_reference_20260925/pmfs_24_16/rep_13_seed_2026107653/spatial/concentration.npy
165,pmfs_24_16,13,2026107654,pmfs_24_16/rep_14_seed_2026107654,44cb75e9ffd4ec15a2dd884388a3ddc49370c6a361f732d5e9ada452b9f602e7,/home/zyc/cess_d1r_168x16_reference_20260925/pmfs_24_16/rep_14_seed_2026107654/spatial/concentration.npy,/home/zyc/cess_d1r_168x16_reference_20260925/pmfs_24_16/rep_14_seed_2026107654/spatial/concentration.npy
165,pmfs_24_16,14,2026107655,pmfs_24_16/rep_15_seed_2026107655,21e428f88ffdf55beca1ef1b90c0ac92347db79f416ec44f1a5d223d2cce92d0,/home/zyc/cess_d1r_168x16_reference_20260925/pmfs_24_16/rep_15_seed_2026107655/spatial/concentration.npy,/home/zyc/cess_d1r_168x16_reference_20260925/pmfs_24_16/rep_15_seed_2026107655/spatial/concentration.npy
165,pmfs_24_16,15,2026107656,pmfs_24_16/rep_16_seed_2026107656,d3f5ce49dae41efd3db88b7448ee308558b1fb5e6e0b7300382846f3364f8f9e,/home/zyc/cess_d1r_168x16_reference_20260925/pmfs_24_16/rep_16_seed_2026107656/spatial/concentration.npy,/home/zyc/cess_d1r_168x16_reference_20260925/pmfs_24_16/rep_16_seed_2026107656/spatial/concentration.npy
166,pmfs_24_17,0,2026107657,pmfs_24_17/rep_01_seed_2026107657,aa6dad91993e0eb79ecc3449f3e7cdd8bbd1773f9a2573735c5c7855f0116ace,/home/zyc/cess_d1r_168x16_reference_20260925/pmfs_24_17/rep_01_seed_2026107657/spatial/concentration.npy,/home/zyc/cess_d1r_168x16_reference_20260925/pmfs_24_17/rep_01_seed_2026107657/spatial/concentration.npy
166,pmfs_24_17,1,2026107658,pmfs_24_17/rep_02_seed_2026107658,af8e265adbd4da363700bd6ff5496eb0a8f1f48adf1943642593bb30f40bd633,/home/zyc/cess_d1r_168x16_reference_20260925/pmfs_24_17/rep_02_seed_2026107658/spatial/concentration.npy,/home/zyc/cess_d1r_168x16_reference_20260925/pmfs_24_17/rep_02_seed_2026107658/spatial/concentration.npy
166,pmfs_24_17,2,2026107659,pmfs_24_17/rep_03_seed_2026107659,1c80e1c7e568b1bd508d80886c8f46081e8e35209d1007626ad33c7c0c7b9477,/home/zyc/cess_d1r_168x16_reference_20260925/pmfs_24_17/rep_03_seed_2026107659/spatial/concentration.npy,/home/zyc/cess_d1r_168x16_reference_20260925/pmfs_24_17/rep_03_seed_2026107659/spatial/concentration.npy
166,pmfs_24_17,3,2026107660,pmfs_24_17/rep_04_seed_2026107660,f6261d5baf8e56f959e509d1f883201cb81264f9fe2c95011f41b119ae952b90,/home/zyc/cess_d1r_168x16_reference_20260925/pmfs_24_17/rep_04_seed_2026107660/spatial/concentration.npy,/home/zyc/cess_d1r_168x16_reference_20260925/pmfs_24_17/rep_04_seed_2026107660/spatial/concentration.npy
166,pmfs_24_17,4,2026107661,pmfs_24_17/rep_05_seed_2026107661,264028ae7410f279711878edb8f691d592b0bb547ed4b74c702b0ae280df82b1,/home/zyc/cess_d1r_168x16_reference_20260925/pmfs_24_17/rep_05_seed_2026107661/spatial/concentration.npy,/home/zyc/cess_d1r_168x16_reference_20260925/pmfs_24_17/rep_05_seed_2026107661/spatial/concentration.npy
166,pmfs_24_17,5,2026107662,pmfs_24_17/rep_06_seed_2026107662,b59354e0c0981bee30c89aabc1821d8e38ccf242a47aa388bdc6ff370c47d987,/home/zyc/cess_d1r_168x16_reference_20260925/pmfs_24_17/rep_06_seed_2026107662/spatial/concentration.npy,/home/zyc/cess_d1r_168x16_reference_20260925/pmfs_24_17/rep_06_seed_2026107662/spatial/concentration.npy
166,pmfs_24_17,6,2026107663,pmfs_24_17/rep_07_seed_2026107663,cda1301e850468a9c899a90f120c1ebe32d232843853040b1e5991c7d89322c7,/home/zyc/cess_d1r_168x16_reference_20260925/pmfs_24_17/rep_07_seed_2026107663/spatial/concentration.npy,/home/zyc/cess_d1r_168x16_reference_20260925/pmfs_24_17/rep_07_seed_2026107663/spatial/concentration.npy
166,pmfs_24_17,7,2026107664,pmfs_24_17/rep_08_seed_2026107664,1cd1a8104213c5a4065dd6d6000dab96bd6e613781b175d5c8df68ef118a86e1,/home/zyc/cess_d1r_168x16_reference_20260925/pmfs_24_17/rep_08_seed_2026107664/spatial/concentration.npy,/home/zyc/cess_d1r_168x16_reference_20260925/pmfs_24_17/rep_08_seed_2026107664/spatial/concentration.npy
166,pmfs_24_17,8,2026107665,pmfs_24_17/rep_09_seed_2026107665,c8485d2c9bad6bc716ddff0b7d521cf31084ff77453258b01e442f2a605f8b2c,/home/zyc/cess_d1r_168x16_reference_20260925/pmfs_24_17/rep_09_seed_2026107665/spatial/concentration.npy,/home/zyc/cess_d1r_168x16_reference_20260925/pmfs_24_17/rep_09_seed_2026107665/spatial/concentration.npy
166,pmfs_24_17,9,2026107666,pmfs_24_17/rep_10_seed_2026107666,158ec6c37e39096f1c6069efeb77d4dbb2e722cc4192f92b4d0e86b470671ad2,/home/zyc/cess_d1r_168x16_reference_20260925/pmfs_24_17/rep_10_seed_2026107666/spatial/concentration.npy,/home/zyc/cess_d1r_168x16_reference_20260925/pmfs_24_17/rep_10_seed_2026107666/spatial/concentration.npy
166,pmfs_24_17,10,2026107667,pmfs_24_17/rep_11_seed_2026107667,e27c511103256e8c3db1865d5792d109ec2fc017240673f4911812875d903d5a,/home/zyc/cess_d1r_168x16_reference_20260925/pmfs_24_17/rep_11_seed_2026107667/spatial/concentration.npy,/home/zyc/cess_d1r_168x16_reference_20260925/pmfs_24_17/rep_11_seed_2026107667/spatial/concentration.npy
166,pmfs_24_17,11,2026107668,pmfs_24_17/rep_12_seed_2026107668,989fe642eccbc06d0fae0f95584a56e6b7c424d0b829ae236dae1c648c7dc40e,/home/zyc/cess_d1r_168x16_reference_20260925/pmfs_24_17/rep_12_seed_2026107668/spatial/concentration.npy,/home/zyc/cess_d1r_168x16_reference_20260925/pmfs_24_17/rep_12_seed_2026107668/spatial/concentration.npy
166,pmfs_24_17,12,2026107669,pmfs_24_17/rep_13_seed_2026107669,dc89ab4eff037d164e2999a02c5278fa7306593363328578d247e5f8aee30172,/home/zyc/cess_d1r_168x16_reference_20260925/pmfs_24_17/rep_13_seed_2026107669/spatial/concentration.npy,/home/zyc/cess_d1r_168x16_reference_20260925/pmfs_24_17/rep_13_seed_2026107669/spatial/concentration.npy
166,pmfs_24_17,13,2026107670,pmfs_24_17/rep_14_seed_2026107670,70b7fbe8c9332039a5d9898a5bb5e1f0781699327fe61292df51e2977e8bdcc4,/home/zyc/cess_d1r_168x16_reference_20260925/pmfs_24_17/rep_14_seed_2026107670/spatial/concentration.npy,/home/zyc/cess_d1r_168x16_reference_20260925/pmfs_24_17/rep_14_seed_2026107670/spatial/concentration.npy
166,pmfs_24_17,14,2026107671,pmfs_24_17/rep_15_seed_2026107671,d47f9b83b6c717e8bb08ed2efb7692c6067d797b16f7c87ba03f1a751c38de68,/home/zyc/cess_d1r_168x16_reference_20260925/pmfs_24_17/rep_15_seed_2026107671/spatial/concentration.npy,/home/zyc/cess_d1r_168x16_reference_20260925/pmfs_24_17/rep_15_seed_2026107671/spatial/concentration.npy
166,pmfs_24_17,15,2026107672,pmfs_24_17/rep_16_seed_2026107672,f12419dfff07b2cebfdff4e073d59689b1f292200fa44d32c1f2ec7a45439141,/home/zyc/cess_d1r_168x16_reference_20260925/pmfs_24_17/rep_16_seed_2026107672/spatial/concentration.npy,/home/zyc/cess_d1r_168x16_reference_20260925/pmfs_24_17/rep_16_seed_2026107672/spatial/concentration.npy
167,pmfs_24_18,0,2026107673,pmfs_24_18/rep_01_seed_2026107673,0a6c872c0daeb9c10e736fd8660afb86607d2dfda40153e425559630303de0fb,/home/zyc/cess_d1r_168x16_reference_20260925/pmfs_24_18/rep_01_seed_2026107673/spatial/concentration.npy,/home/zyc/cess_d1r_168x16_reference_20260925/pmfs_24_18/rep_01_seed_2026107673/spatial/concentration.npy
167,pmfs_24_18,1,2026107674,pmfs_24_18/rep_02_seed_2026107674,c0ebb2609f64ce0c8a9286d6c67edc264ab35732a4c7f57933bd5b275e2f6ce8,/home/zyc/cess_d1r_168x16_reference_20260925/pmfs_24_18/rep_02_seed_2026107674/spatial/concentration.npy,/home/zyc/cess_d1r_168x16_reference_20260925/pmfs_24_18/rep_02_seed_2026107674/spatial/concentration.npy
167,pmfs_24_18,2,2026107675,pmfs_24_18/rep_03_seed_2026107675,6fca8fe446306e0d70f7e316c014d654145a8589cf97f4a4ac73313c4edab374,/home/zyc/cess_d1r_168x16_reference_20260925/pmfs_24_18/rep_03_seed_2026107675/spatial/concentration.npy,/home/zyc/cess_d1r_168x16_reference_20260925/pmfs_24_18/rep_03_seed_2026107675/spatial/concentration.npy
167,pmfs_24_18,3,2026107676,pmfs_24_18/rep_04_seed_2026107676,b88941834e2301810a1c68a001fbca7b7562203dd563e65332414539c0df70cc,/home/zyc/cess_d1r_168x16_reference_20260925/pmfs_24_18/rep_04_seed_2026107676/spatial/concentration.npy,/home/zyc/cess_d1r_168x16_reference_20260925/pmfs_24_18/rep_04_seed_2026107676/spatial/concentration.npy
167,pmfs_24_18,4,2026107677,pmfs_24_18/rep_05_seed_2026107677,4768883d64c7d1c855f34dd3b2895edc4d9b1e90bd628963951cc5c745e4e7f4,/home/zyc/cess_d1r_168x16_reference_20260925/pmfs_24_18/rep_05_seed_2026107677/spatial/concentration.npy,/home/zyc/cess_d1r_168x16_reference_20260925/pmfs_24_18/rep_05_seed_2026107677/spatial/concentration.npy
167,pmfs_24_18,5,2026107678,pmfs_24_18/rep_06_seed_2026107678,70599e5fce2b2167c9c7bba85407eb477c09ec231f386301e1da0d0466298e57,/home/zyc/cess_d1r_168x16_reference_20260925/pmfs_24_18/rep_06_seed_2026107678/spatial/concentration.npy,/home/zyc/cess_d1r_168x16_reference_20260925/pmfs_24_18/rep_06_seed_2026107678/spatial/concentration.npy
167,pmfs_24_18,6,2026107679,pmfs_24_18/rep_07_seed_2026107679,544522eb42e7081a0008339d66b1fc5ab8294a0ea941f8923ebc672ccbf296fb,/home/zyc/cess_d1r_168x16_reference_20260925/pmfs_24_18/rep_07_seed_2026107679/spatial/concentration.npy,/home/zyc/cess_d1r_168x16_reference_20260925/pmfs_24_18/rep_07_seed_2026107679/spatial/concentration.npy
167,pmfs_24_18,7,2026107680,pmfs_24_18/rep_08_seed_2026107680,0c5dac45e175003f03fe2f3becb7d350b5e9858acc692ca6262e84fb4d673c29,/home/zyc/cess_d1r_168x16_reference_20260925/pmfs_24_18/rep_08_seed_2026107680/spatial/concentration.npy,/home/zyc/cess_d1r_168x16_reference_20260925/pmfs_24_18/rep_08_seed_2026107680/spatial/concentration.npy
167,pmfs_24_18,8,2026107681,pmfs_24_18/rep_09_seed_2026107681,9fce84b913900948fbc4c9aefb4404e2a63df43264b91cb2a62b201a062bdb8e,/home/zyc/cess_d1r_168x16_reference_20260925/pmfs_24_18/rep_09_seed_2026107681/spatial/concentration.npy,/home/zyc/cess_d1r_168x16_reference_20260925/pmfs_24_18/rep_09_seed_2026107681/spatial/concentration.npy
167,pmfs_24_18,9,2026107682,pmfs_24_18/rep_10_seed_2026107682,8298c7edd2ef5ec8a4b11822687e51e7a88ff659785e936803a43a9a9c65c013,/home/zyc/cess_d1r_168x16_reference_20260925/pmfs_24_18/rep_10_seed_2026107682/spatial/concentration.npy,/home/zyc/cess_d1r_168x16_reference_20260925/pmfs_24_18/rep_10_seed_2026107682/spatial/concentration.npy
167,pmfs_24_18,10,2026107683,pmfs_24_18/rep_11_seed_2026107683,b4eb297411de9035323064b0357c1564a6216961d6e78bbf4dda87d57d72ef1d,/home/zyc/cess_d1r_168x16_reference_20260925/pmfs_24_18/rep_11_seed_2026107683/spatial/concentration.npy,/home/zyc/cess_d1r_168x16_reference_20260925/pmfs_24_18/rep_11_seed_2026107683/spatial/concentration.npy
167,pmfs_24_18,11,2026107684,pmfs_24_18/rep_12_seed_2026107684,516d33c9d28376b767735d996ee51504cf34164bc2e4e2d3cc65ddd65c07dfcc,/home/zyc/cess_d1r_168x16_reference_20260925/pmfs_24_18/rep_12_seed_2026107684/spatial/concentration.npy,/home/zyc/cess_d1r_168x16_reference_20260925/pmfs_24_18/rep_12_seed_2026107684/spatial/concentration.npy
167,pmfs_24_18,12,2026107685,pmfs_24_18/rep_13_seed_2026107685,281a737a6d5e49902028365bab19c46eee1a3b6fdd9131f430dc861e6e8fe35e,/home/zyc/cess_d1r_168x16_reference_20260925/pmfs_24_18/rep_13_seed_2026107685/spatial/concentration.npy,/home/zyc/cess_d1r_168x16_reference_20260925/pmfs_24_18/rep_13_seed_2026107685/spatial/concentration.npy
167,pmfs_24_18,13,2026107686,pmfs_24_18/rep_14_seed_2026107686,11d505252ca2cb57476b36a2c9202dde51d00b5862366729d3369c5f0d81553d,/home/zyc/cess_d1r_168x16_reference_20260925/pmfs_24_18/rep_14_seed_2026107686/spatial/concentration.npy,/home/zyc/cess_d1r_168x16_reference_20260925/pmfs_24_18/rep_14_seed_2026107686/spatial/concentration.npy
167,pmfs_24_18,14,2026107687,pmfs_24_18/rep_15_seed_2026107687,572a8e231cc44b114547c3ba112732f52166b21f9c960e9ea3a250859ba7f29e,/home/zyc/cess_d1r_168x16_reference_20260925/pmfs_24_18/rep_15_seed_2026107687/spatial/concentration.npy,/home/zyc/cess_d1r_168x16_reference_20260925/pmfs_24_18/rep_15_seed_2026107687/spatial/concentration.npy
167,pmfs_24_18,15,2026107688,pmfs_24_18/rep_16_seed_2026107688,d0b24ba9fc975184258ce24c24bc3e0be574be6bfca5872f3f21992d5f116d6c,/home/zyc/cess_d1r_168x16_reference_20260925/pmfs_24_18/rep_16_seed_2026107688/spatial/concentration.npy,/home/zyc/cess_d1r_168x16_reference_20260925/pmfs_24_18/rep_16_seed_2026107688/spatial/concentration.npy
