path,bytes,sha256
E1_REFERENCE_HASHES.csv,48987,458a21535810ee6a32392beef08642288af9462255ea3ae765fffed0d3767b22
E2_ASSET_MANIFEST.json,10734,c1cf5ed05d4a2c62870e2718ef688087ea650708988f30dc5dea6423a5e7ab3f
E2_COMPLETED_RUNS.json,11249,5eaf2fd2743c2be2e588cc5877503fa8a58377ae3739b3b12ce61e98dfdfcc03
E2_EXECUTION_SEAL.json,1059,3dca6758765efa41f078aef6ea0c0255a968c7b338286a43a36569bae2b75d91
E2_POST_RESOURCE_AND_PARENT_VERIFICATION.json,259,2d8562c43dcb0c65087e2fbe201a51c703dbb280c605e5e9453e49811021809b
E2_PREQUALIFICATION.json,2719,c5dd7e6ec990124d4bac4a6d11fc06996e5feecf8e575f0e4f400b8cd49b6b47
E2_PROGRESS.json,202,e500fbb90d80f7627d17a238a558d9200df836287ef4a175fe2df3d8b8985e50
M0_E0_E1_REVIEW_AND_E2_SENTINEL_AUTHORIZATION_PLAN_20261007.md,4610,c4e5998e5fc6613cd883773fc05a33c0955f07fec8479eec4b31fbfab0487d78
M0_E2_AUTHORIZATION.json,3767,4a5bffd284289b9dfabf560675535960a1e17390b1aaeed32f04625e3ac17091
M0_UAV_ROUTE_POINTS.csv,3766,1ecb1c3576ab1b7aa773a571e7d90befbfcd8ef6b8de19611a04e6db15c8643d
PARENT_ASSET_MANIFEST.json,15477,65683ec2c1e1b492b2ca8ec1971969bfbefb6be775b09ea17f342e3cb650c858
PARENT_E0_QUALIFICATION.json,5459,653dadb7ebc15b850258738b46590c26c40a03a67ccd0a1774e30d6b062c472d
PARENT_E1_DECISION.json,1487,d1a96aa664b3a8ebedfb65026264352f07a0f112a758b32fc6d8f9e684f646b4
PARENT_E1_EVIDENCE_SEAL.json,562,744bf6bca9171fc86ec0ffdb6dec7c1a91226d4eec223e7a99a857b08262d870
PARENT_E1_HELPER_BUILD.json,3250,a52cc905086efa82edf458e2ab056bd1c79a97d74f63103d6c28d0f8b33f61f0
RUNTIME_DEPENDENCY_SHA256.json,7988,7453de84ecac2f497ecad433d8f331eb4b0135b505a53e9b15a408cbabd1642f
RUNTIME_LDD.json,9984,603362b2484ab6983653fb94fb6e6b85642240c2e66f45d110d1b68f58373d70
analyze_e2.py,13231,212c71618842ff6dd24e77122a96364f59f61fd1d593409e7ce104304225a363
audit/m0r0_A_off_S0_r01/RAW_OUTPUT_SHA256.csv,40557,8cec417bb868648c968f0a41950ba25e405a2a609c4cf79fe36b47ee29dc6768
audit/m0r0_A_off_S0_r01/RUN_MANIFEST.json,2692,f4b145f19f0f8ee5d26265ec59e2c48878456a58ff8e86e33eb023bc8593d51c
audit/m0r0_A_off_S0_r01/extraction.stdout.log,28,7ae8ca040ce5e6b98db303aba667599882776364a0cdc3b8fa235876024e4a2b
audit/m0r0_A_off_S0_r01/extraction.time.txt,1152,c5e72e8c6d1289854f691bc467b6803a13a158f9d8ac4fd53a8242e6f7f931d0
audit/m0r0_A_off_S0_r01/filament_states.f32,2728272,75647076ecf1981b6f7e52f3a2caec19273bf64783193dad254a1407a0b14dfd
audit/m0r0_A_off_S0_r01/native_frames.csv,8026,9497b249fc03ad5576a842b4430baf104a6fecf6215be0e4b0c2117a5fd2ebc8
audit/m0r0_A_off_S0_r01/roi_column_t100.f32,5120,9500ff71f91c88690181a6c8c0c1e1bf9c20d6802fa21b267ec5c1e134ba39d5
audit/m0r0_A_off_S0_r01/roi_column_t102.f32,5120,8883310887096464def01f452fded808000907e936598211e35ce723163df3b5
audit/m0r0_A_off_S0_r01/roi_column_t104.f32,5120,8b42da03d9b07973ea907eb64a2c629ce9994786e226979a2dee3e2ff61ac991
audit/m0r0_A_off_S0_r01/roi_column_t106.f32,5120,a9ad5b6906784cd58b6ff21556c73f2a8814cd1cff094b5ba46ee805dde564cc
audit/m0r0_A_off_S0_r01/roi_column_t108.f32,5120,40f19e2e11e0bfa4b7556c91009788b32148424a4cdf8c00f96a6a1497380a2f
audit/m0r0_A_off_S0_r01/roi_column_t110.f32,5120,a296b40f9b39e8cc5b4899c895c8441663e0819364e25bb1a24a62d04cef8d58
audit/m0r0_A_off_S0_r01/roi_column_t112.f32,5120,201864e754734f4edab8d7b36ba804eef88aa3402cd9f338f05be269d47799e8
audit/m0r0_A_off_S0_r01/roi_column_t114.f32,5120,b4da15f7fcd2bceda7f62675cdc6b499d66e02a9df8cacb1ce400b37f9711c16
audit/m0r0_A_off_S0_r01/roi_column_t116.f32,5120,4989c132bcd9cfcda284930a0278b09d13587dd249da885d419646b05ffe43fe
audit/m0r0_A_off_S0_r01/roi_column_t118.f32,5120,4a7c17890e53d9a6388648e4efa600f51c539cfdb58b9fe54ed5d0e9fecf8930
audit/m0r0_A_off_S0_r01/roi_column_t120.f32,5120,704bec957dafc98c317213eac2bed4b1bbf45bdbbc86de9266a3176536d609b2
audit/m0r0_A_off_S0_r01/roi_column_t20.f32,5120,d9b963c01e845f7bedd7df7d91357dec368602179c77031c340cc87a131452c7
audit/m0r0_A_off_S0_r01/roi_column_t22.f32,5120,290d0f94f464c3b1e30c32bd709dcd986d3f0117d22a50c3c862547454ad7354
audit/m0r0_A_off_S0_r01/roi_column_t24.f32,5120,5566e413a07d159e1b6547a1449acd41f148dcc62a1247141760d47af2bb9f5d
audit/m0r0_A_off_S0_r01/roi_column_t26.f32,5120,2267d51df75feb6edca302df9cfe5f819464acb7562f5719b57cbb92bd60b1db
audit/m0r0_A_off_S0_r01/roi_column_t28.f32,5120,00b8d35e45b3a3b3240012027e693b1763580741baca53c8974c075945fb5a61
audit/m0r0_A_off_S0_r01/roi_column_t30.f32,5120,a77771a43e773a267f832610c6068f40e84f31e233e56c947cb9c0f6536a3b31
audit/m0r0_A_off_S0_r01/roi_column_t32.f32,5120,e8e87c4d10761978b314d96ed4cfcd4457844b3b52593bf65cf421ff0df78743
audit/m0r0_A_off_S0_r01/roi_column_t34.f32,5120,b5fe404420ffe4db47eb071eef15b6a4e3ea0906d0569b671ef4c25fe4de8879
audit/m0r0_A_off_S0_r01/roi_column_t36.f32,5120,9f451985c046a4528fa31b55606ddb5ac6262e38acfe5b8b4aa3ac08907e97c4
audit/m0r0_A_off_S0_r01/roi_column_t38.f32,5120,e1d4ebaeb1cc37f593865dfb7d9f7ffaa5d83c2a86376ae82bc670705f5c2848
audit/m0r0_A_off_S0_r01/roi_column_t40.f32,5120,86f6b65c0ee40b0264b6576072cf04abd615ef79923cda2bb512020d81a661be
audit/m0r0_A_off_S0_r01/roi_column_t42.f32,5120,00c2fd79c93c5f36e5bc8c67ddfaa15aa3516ae67a5c9d5c5018f517108212f3
audit/m0r0_A_off_S0_r01/roi_column_t44.f32,5120,a8b37b5909fd12794d74163689719a5f399149bda5bc0942298cbfb66b515569
audit/m0r0_A_off_S0_r01/roi_column_t46.f32,5120,a371a49ab39f6319062a9b612f58e55ff4e04e9a1b769695e82a6f761cc7c2f1
audit/m0r0_A_off_S0_r01/roi_column_t48.f32,5120,1c3726a4bff5756e11519f041e84934faa3c9fc2d020dffeafbbda07f5097b9f
audit/m0r0_A_off_S0_r01/roi_column_t50.f32,5120,39fe01ef3beaaba9654010e7896d04b50de83d23cbddb38d34b0680ff17a34a6
audit/m0r0_A_off_S0_r01/roi_column_t52.f32,5120,785ea20c7c3a88c4e2417af6a8ac8297de96793f848c12d8fe5d8eeb37ae00a4
audit/m0r0_A_off_S0_r01/roi_column_t54.f32,5120,2fc5faf75b1c7c9b23c35d9ef067b1853fc8f18322752545f48b5e51c4f22fe8
audit/m0r0_A_off_S0_r01/roi_column_t56.f32,5120,a15b6efa9b6d92366176de2d6bd4fa82b7782d5d2dc66aceb9e5e645e3b010a5
audit/m0r0_A_off_S0_r01/roi_column_t58.f32,5120,941b0f519ac5fa8bf2ce213c0a0a3e9f450ad8d7d4ed4443d53557b9241bf0ae
audit/m0r0_A_off_S0_r01/roi_column_t60.f32,5120,ba25bb2c5132309235f74d956e596f97dc5fa4b28df73cc736c6f84b48fe8d66
audit/m0r0_A_off_S0_r01/roi_column_t62.f32,5120,d785d75f42e203b9c3807f5bca73af5c4dad8e786d03dfc2f5d2587f9d448d7c
audit/m0r0_A_off_S0_r01/roi_column_t64.f32,5120,2ec3dcc2aca9b9767edbe8f162763a20c52561ad423a98c6b1ef4f18aa7c4aca
audit/m0r0_A_off_S0_r01/roi_column_t66.f32,5120,ecc63dc7de5ac8ea9470fc8f082e713c62d76807c5ab8c23ac38fe96ca522ff7
audit/m0r0_A_off_S0_r01/roi_column_t68.f32,5120,c230aabc8fd5c2e1e9627b19cbd91554d07e59a5f37a7b5b508fe2bc34a90dff
audit/m0r0_A_off_S0_r01/roi_column_t70.f32,5120,6f72092c1736510d9cf90d0f990222e86fba29f3e6c8352d177eb3ef6480eee7
audit/m0r0_A_off_S0_r01/roi_column_t72.f32,5120,b19089e33746aa7e3d5b6e63bbd6b183148a2009bbd2e43b5951687a46b3fd2b
audit/m0r0_A_off_S0_r01/roi_column_t74.f32,5120,8ab34a5b9f6ae41b243c6d5793d8cabfda70c669a4aa111d76d0c83ca8021889
audit/m0r0_A_off_S0_r01/roi_column_t76.f32,5120,08c76eb701decd9c64951b7e1219fe81ee3d67edbc362d5f1e253301fa8f6578
audit/m0r0_A_off_S0_r01/roi_column_t78.f32,5120,ec62c3c8a8fa42acfc2977df96a90b5fffb6191a6fdc520924db54c9de63195a
audit/m0r0_A_off_S0_r01/roi_column_t80.f32,5120,c7e297c3c3b830191cc1db8804aa4665f867586bec3d4de397fa95c27ec3721b
audit/m0r0_A_off_S0_r01/roi_column_t82.f32,5120,a3a881e37ff16587baa37f9ae895992bc5294b50dedf002cda7ce23b74db0ae8
audit/m0r0_A_off_S0_r01/roi_column_t84.f32,5120,26f5f9cf40ad530d685596e46a94f2f36c078f83f61a0c06355c48a31f6768b2
audit/m0r0_A_off_S0_r01/roi_column_t86.f32,5120,819e0a9450e18a7a007a2c6b627c25ca1eafacae1ee06d7da7692785b0713c8d
audit/m0r0_A_off_S0_r01/roi_column_t88.f32,5120,d3160f2ee21bb58fabff330655223946251663743f8cd778141440628d30e900
audit/m0r0_A_off_S0_r01/roi_column_t90.f32,5120,623fea7eef6cc458bc1e102c711951f00d8167668f6a87497ec785de9015a270
audit/m0r0_A_off_S0_r01/roi_column_t92.f32,5120,c632775a63f4951816f4464f82ade5039755ee23bc35f8cc4fe922a3f3f95f8f
audit/m0r0_A_off_S0_r01/roi_column_t94.f32,5120,f0d78d2aba566a5d03b0b02781aa981cf9c90b29864a75322ea6178134dc316e
audit/m0r0_A_off_S0_r01/roi_column_t96.f32,5120,08d7ebd919621b4e9662ee3258095ae0f6bea9108e7ad1b7128506aa43286481
audit/m0r0_A_off_S0_r01/roi_column_t98.f32,5120,54caeaccb83f7a8df856039dc6af1f96ac13c406d974046371bf0cde04c7c471
audit/m0r0_A_off_S0_r01/ros_logs/filament_simulator_52915_1791434045236.log,382,b52bea908c2195da68e895f8c3911480e70b138957937bb9192d5a8fb8d0ddce
audit/m0r0_A_off_S0_r01/route.csv,1681,fabd22992ebdbf867aac088ffb506c35bcb31a0c6043270aa62db93c3e8a7fe4
audit/m0r0_A_off_S0_r01/sampling_parity.csv,102501,ec59fa8032c921a539ad3f50809d88661fbf719d2c7eff290b368b363bbbb384
audit/m0r0_A_off_S0_r01/simulation.stdout.log,382,b52bea908c2195da68e895f8c3911480e70b138957937bb9192d5a8fb8d0ddce
audit/m0r0_A_off_S0_r01/simulation.time.txt,1057,75efc48ed6ab3f38f406802b66e55cd52dd80c39df1cf2b2425d9533ca68c932
audit/m0r0_A_on_S0_r01/RAW_OUTPUT_SHA256.csv,40002,b0b41651b388b7fc385200825292e6c28990bf97494360cd26e2eb083789bc20
audit/m0r0_A_on_S0_r01/RUN_MANIFEST.json,2678,c6a944150740848ad2c4fa69d9f7d1135f43a6f9aecb696a8b1ffc4dd173ef65
audit/m0r0_A_on_S0_r01/extraction.stdout.log,28,7ae8ca040ce5e6b98db303aba667599882776364a0cdc3b8fa235876024e4a2b
audit/m0r0_A_on_S0_r01/extraction.time.txt,1148,e85bab752c9d429353cf1ac2837fdbab630c1387b4b546c5f049c0bfe33a4ea7
audit/m0r0_A_on_S0_r01/filament_states.f32,2728272,8080bfc0d4a077ef26a94f4805fe767429df52f7d1cb3dd5dbe20f4bff10ce52
audit/m0r0_A_on_S0_r01/native_frames.csv,8026,9497b249fc03ad5576a842b4430baf104a6fecf6215be0e4b0c2117a5fd2ebc8
audit/m0r0_A_on_S0_r01/roi_column_t100.f32,5120,2053b675d53ee950dd39626ab8802425d10e9d28d1d9c4d5f90fc3f6bd244e69
audit/m0r0_A_on_S0_r01/roi_column_t102.f32,5120,92eec9354c6877680845240d312611d43a6072fdd60cc836ffb2e55e0504fc54
audit/m0r0_A_on_S0_r01/roi_column_t104.f32,5120,0d256ac422d8a8f3fd4fb27a04b3bae9521082e90a273742e053ee32209c8d2c
audit/m0r0_A_on_S0_r01/roi_column_t106.f32,5120,64d46c9a756a693d7fb255527f258a3b266b5c9de89b33ad856837cad9cf90f5
audit/m0r0_A_on_S0_r01/roi_column_t108.f32,5120,5357596d468f0faa21f236d78c10e3919971600c5715dd95c9037b0ccfae3993
audit/m0r0_A_on_S0_r01/roi_column_t110.f32,5120,c7bb91d7f19d53dba450c504f1702aeac59552c484f5c940b550a67fdd0da518
audit/m0r0_A_on_S0_r01/roi_column_t112.f32,5120,31f072211340c3fb2c8bcdc65520dcfa932dacff54f734d208d1e8f11afcb2b1
audit/m0r0_A_on_S0_r01/roi_column_t114.f32,5120,4dd699dd6e35dc2110bc8fd3a2fe8cbed5cc15f754d4d25884abb7ad767a5bd3
audit/m0r0_A_on_S0_r01/roi_column_t116.f32,5120,3396c15d0e235c2c8bc5f8aa74d0ded9306bbf889a1d5cefdc6ef04cf4dd4023
audit/m0r0_A_on_S0_r01/roi_column_t118.f32,5120,f621c4e37329693486de55b871d7580bed5600aa24cd5fa74b34291bfc97cb78
audit/m0r0_A_on_S0_r01/roi_column_t120.f32,5120,698a8c46816cefe79e722cfaf2261938b2bcad2060aa55b5f2999c0c9281e682
audit/m0r0_A_on_S0_r01/roi_column_t20.f32,5120,5f7e72978a3dcda879679b260e25fe26d2aebc459ae856b043caebfc3db2d12c
audit/m0r0_A_on_S0_r01/roi_column_t22.f32,5120,634c754f7b2a4ab8ff1e01f03625c5d60e28c05a22b8a96b928a8d8077f90462
audit/m0r0_A_on_S0_r01/roi_column_t24.f32,5120,1331a7f64961ef9a9f72e5f009c070042b31de588c7b789bf8ad33a238dcae38
audit/m0r0_A_on_S0_r01/roi_column_t26.f32,5120,95ebcc497cff908fd0f67c9ee36a6827578b01d808f73e16881c286ecf306398
audit/m0r0_A_on_S0_r01/roi_column_t28.f32,5120,8d045354cf83ea8a683a92a71e5047dc83e5f7c3c4bd7aec48909eaa7cb91df8
audit/m0r0_A_on_S0_r01/roi_column_t30.f32,5120,0c08085a6b70620fa8c8cff323e911a62e4177645ccb2219661a1f448927dae5
audit/m0r0_A_on_S0_r01/roi_column_t32.f32,5120,13e7945964b5243a0ee2c65d949064621d5abfd405c067d64d616e9c1e469dcf
audit/m0r0_A_on_S0_r01/roi_column_t34.f32,5120,e2b4d98faf03d00852bda8827cc064584d411a6e6cf381dc5c0552c4a7df6602
audit/m0r0_A_on_S0_r01/roi_column_t36.f32,5120,4e588bc6e73c9242c888b7465dcd594613b0beddc091b84dd733878d389f9213
audit/m0r0_A_on_S0_r01/roi_column_t38.f32,5120,9ee40123cd910c38b866e847c72a9f7e8d5cef6b8a7257dc0490dd405dcc0d10
audit/m0r0_A_on_S0_r01/roi_column_t40.f32,5120,9c9a481b1fcf132a9df56180ce051af73c70a9caa67e8a46677d911eec3b0404
audit/m0r0_A_on_S0_r01/roi_column_t42.f32,5120,a0bd67c8dacb49cc5260ec708e5e95fa90e1789ec54e804df9e3f1299b462830
audit/m0r0_A_on_S0_r01/roi_column_t44.f32,5120,7a075d46ff715784fa51b3c9d4fbf03b23ec0533ac30735d274efb0f24469a14
audit/m0r0_A_on_S0_r01/roi_column_t46.f32,5120,23b9fb63c1605cb4099a002ac01dd42531c8c59d0cbc57a89ae3c1acf0f37488
audit/m0r0_A_on_S0_r01/roi_column_t48.f32,5120,af62871f21716d3476ba65cd443267d0dfac8e953fc27366211da0bb91d486a3
audit/m0r0_A_on_S0_r01/roi_column_t50.f32,5120,6969da4c8704a0f15b5b1562442a346fb47f39fc968399207825aec1716de737
audit/m0r0_A_on_S0_r01/roi_column_t52.f32,5120,d93d72d9c57514d85576c5a6567f911c86defa11b21639815636493de783f334
audit/m0r0_A_on_S0_r01/roi_column_t54.f32,5120,8702fda35568f900c539cde534af2e4eb6bb971164c716ee49ac96d6cfe88b1a
audit/m0r0_A_on_S0_r01/roi_column_t56.f32,5120,1260f3cf987b0ace87fd02b8b374789a220bd84353564f401f12693609e6ff52
audit/m0r0_A_on_S0_r01/roi_column_t58.f32,5120,c56d253b44ce53f1c0692216658a9f7917a3aea222120b9531cbe80458fb557b
audit/m0r0_A_on_S0_r01/roi_column_t60.f32,5120,ef5d89a2dcb25143525cba07c5b1740107fdfd70e394a1b960043b510074b514
audit/m0r0_A_on_S0_r01/roi_column_t62.f32,5120,af8a90689103b7335cd98b8615e6206aa5bf4991df759bad5ddf289c66a2b2ad
audit/m0r0_A_on_S0_r01/roi_column_t64.f32,5120,cd32d95a5546cc26674aa2facf61283b877429755fa45cf852659711e7324e1b
audit/m0r0_A_on_S0_r01/roi_column_t66.f32,5120,2561faa72c4627ae082c170ccf3bab568b16068719bed44ef485009957255610
audit/m0r0_A_on_S0_r01/roi_column_t68.f32,5120,bf6e6d7cb609ce5e5edb5c7bfb051503a515451fcec3ba71897ea94eb7877db5
audit/m0r0_A_on_S0_r01/roi_column_t70.f32,5120,841024c25f8c39f5f7daebf10af5119f93121980dd882e8ae53b768d3eef4a1f
audit/m0r0_A_on_S0_r01/roi_column_t72.f32,5120,ccec3d7a23a0cd638bd88c1d90433ab6990229f47b2c5325b5a5a4a413ea5327
audit/m0r0_A_on_S0_r01/roi_column_t74.f32,5120,adc9e12e93e42a504c3e9056aa2c60e167389bae0288cbf789c9e8c511b08bdc
audit/m0r0_A_on_S0_r01/roi_column_t76.f32,5120,d0f1a7e6ebd97dc6f97ce60c04a822ae260ba366382dfa8853b52c7c58986304
audit/m0r0_A_on_S0_r01/roi_column_t78.f32,5120,603444716ae689184ffe086d754967c95d17f438be4962ccc473ec8d6d78b152
audit/m0r0_A_on_S0_r01/roi_column_t80.f32,5120,fd5af93c24d0ad88a0b6d5270c0c280fff42eb34aa88c1f7547419ac077a78e1
audit/m0r0_A_on_S0_r01/roi_column_t82.f32,5120,359c3c542250b3693c707bac8fdb422a88e6cc85d4deecf771e94db11c7f1ad0
audit/m0r0_A_on_S0_r01/roi_column_t84.f32,5120,278165fff15c2f82c17eaac851ecc2460308d368e6e21f3b5bbde6316f0707f4
audit/m0r0_A_on_S0_r01/roi_column_t86.f32,5120,98b0679bb329184c0581e7f86935b3b99f9a4c23018c5f7a9d1d02c1ed4159bb
audit/m0r0_A_on_S0_r01/roi_column_t88.f32,5120,cb26c4b6b06b6fc3be51f50c1a6ec26c169d9d2a4a6990c896bcd3817d64989a
audit/m0r0_A_on_S0_r01/roi_column_t90.f32,5120,eb26e5477345cbc4fadbfcd7ad5efca0eb717208979da3a2c397041474954ec0
audit/m0r0_A_on_S0_r01/roi_column_t92.f32,5120,1b7c988a68953abba6a5aa28d664d3e7b529c2f05d2d966cf933c67ec3463873
audit/m0r0_A_on_S0_r01/roi_column_t94.f32,5120,200cc433e4951af704c34372b7b8097061a7ab73dca6af4d99af6de75448a502
audit/m0r0_A_on_S0_r01/roi_column_t96.f32,5120,80c6c5735cdc53859f98bec57be6a73c7b78c98a7cdd3f0394c117e5fcdfd0a1
audit/m0r0_A_on_S0_r01/roi_column_t98.f32,5120,354e5bcdcf94780313dcefa492900d12d08ba46523a5a87797872e147c0300cf
audit/m0r0_A_on_S0_r01/ros_logs/filament_simulator_52902_1791434043309.log,379,949458df80b04b6c8a7aedb137dcd86411c07a2641071c6d029ddc6c955fe572
audit/m0r0_A_on_S0_r01/route.csv,1701,a64228e35777b09e321cab32a7b8322559949fdb673b812356e3e705deb9c597
audit/m0r0_A_on_S0_r01/sampling_parity.csv,102503,0594086fb063645e8d6c1d697abc3f2d441d0aa0b61058e20a48c0bea72470b2
audit/m0r0_A_on_S0_r01/simulation.stdout.log,379,949458df80b04b6c8a7aedb137dcd86411c07a2641071c6d029ddc6c955fe572
audit/m0r0_A_on_S0_r01/simulation.time.txt,1055,24fceb210aa5ab2b51a9bc4ac29f60dc81d04d472a0b45d90a398344054c0a5a
audit/m0r0_B_shear_S0_r01/RAW_OUTPUT_SHA256.csv,41668,78cd5abb91d37a39f1a1bd04b273805c193d2d54c1218d00a551d6fc2241cbff
audit/m0r0_B_shear_S0_r01/RUN_MANIFEST.json,2720,eb77d76827dd82dc43656a492a6dd99aaed2c2012d6b9f20949ae359402d2ec3
audit/m0r0_B_shear_S0_r01/extraction.stdout.log,28,7ae8ca040ce5e6b98db303aba667599882776364a0cdc3b8fa235876024e4a2b
audit/m0r0_B_shear_S0_r01/extraction.time.txt,1160,e970273f302c4a9f6bfc9c322bb9aa249a085ccc7a63c21e62dedf1c22fed42c
audit/m0r0_B_shear_S0_r01/filament_states.f32,2728272,6168196fcd8b3febf4e8cfefcf9824af838a56e90e2c28bdeddf50add57b187e
audit/m0r0_B_shear_S0_r01/native_frames.csv,8026,9497b249fc03ad5576a842b4430baf104a6fecf6215be0e4b0c2117a5fd2ebc8
audit/m0r0_B_shear_S0_r01/roi_column_t100.f32,5120,75b73e9db9510bd14012539ce586d9a83559380e83e88f866ac61de4c6962d7b
audit/m0r0_B_shear_S0_r01/roi_column_t102.f32,5120,0f7c464e2519497aa6a2278048a42c81cc24fe181e40dea22e66f994f5f68bec
audit/m0r0_B_shear_S0_r01/roi_column_t104.f32,5120,a29c428f9e6e62123ba541282b099f73daf5c164e15ea9faf09739f478befa91
audit/m0r0_B_shear_S0_r01/roi_column_t106.f32,5120,2dccd0965562ca683ce75bbf21da5a12aab5d4bb3c681ff8db553433aa7f81dd
audit/m0r0_B_shear_S0_r01/roi_column_t108.f32,5120,f5260e48afe0b2f59494c0a0f46a99384067acc07c1b3a49819f56d16a787254
audit/m0r0_B_shear_S0_r01/roi_column_t110.f32,5120,de9f636baec48a4faa366d3ea9be347cda8a1ee248701dcc3f8afcc387395ddd
audit/m0r0_B_shear_S0_r01/roi_column_t112.f32,5120,3449107f53eaf12263bf021f830505f8a74d01e4d67b2f3ef20adf3ea70b965b
audit/m0r0_B_shear_S0_r01/roi_column_t114.f32,5120,a8bf026c261aa7be1113fe42bbbb385570f3322156ac081dc20275492653f54f
audit/m0r0_B_shear_S0_r01/roi_column_t116.f32,5120,6900026e63c754d9cddff76b018b63186deea019ccc1c4b408d316e219505517
audit/m0r0_B_shear_S0_r01/roi_column_t118.f32,5120,b248528a94b348718d29fa3b1602c75a1314675c5e6c35e89610197bec104100
audit/m0r0_B_shear_S0_r01/roi_column_t120.f32,5120,8b078491a280f373f6b56836d2497c6655740223c96f1ea672dc57fcbc97739b
audit/m0r0_B_shear_S0_r01/roi_column_t20.f32,5120,2862ad415bf2ddc46ed7faf7ab10d3db3b1c4bc7145e77e476691e5d51afc243
audit/m0r0_B_shear_S0_r01/roi_column_t22.f32,5120,c2d8de0f40f61f23e97d0273f570ccb59764e670af39956d79f55340d2355f97
audit/m0r0_B_shear_S0_r01/roi_column_t24.f32,5120,dd7f9489216df6fb16d959254f359e7159a2fb7b0d0efcacc189c8acae671527
audit/m0r0_B_shear_S0_r01/roi_column_t26.f32,5120,997e7bcd92e09f5e9144debc519f40c0febbe54c08f472cbccb32172bf56ef8a
audit/m0r0_B_shear_S0_r01/roi_column_t28.f32,5120,900c00a6f093b94c49915c1fc93f5ad2fe2bbf8942df2eb5fd98826ed25264f7
audit/m0r0_B_shear_S0_r01/roi_column_t30.f32,5120,ae15baa3817ae6e33f14b3806a53b9ac31ab2bff9f2d15d1fb524558adbdb976
audit/m0r0_B_shear_S0_r01/roi_column_t32.f32,5120,c6c70a5ae6b931ed0a7ce06e7b23cd961cb7e80bd6248e9f4309782eb3124714
audit/m0r0_B_shear_S0_r01/roi_column_t34.f32,5120,fd9326b3dc6e6fb3c92621b20b6f1acb95a26cc0d438977e29e0bd942337c870
audit/m0r0_B_shear_S0_r01/roi_column_t36.f32,5120,4a1a733cf891c6d62e4eba8ec4d5a5bce43d0a6079dedbe2489dafe34ebd86ed
audit/m0r0_B_shear_S0_r01/roi_column_t38.f32,5120,ed56719de8bcb43c6d796660ded42fa907e0c784fcf23e936568ac60babc4c61
audit/m0r0_B_shear_S0_r01/roi_column_t40.f32,5120,bb525b67132b8d7307cddbaba3d9e35893f1f33de58efbec9045ebafca7e8c94
audit/m0r0_B_shear_S0_r01/roi_column_t42.f32,5120,480fe385b15bdf33c44554adc81b974abf393aa473d3a3a7103c639135444965
audit/m0r0_B_shear_S0_r01/roi_column_t44.f32,5120,ce0e14327ebccd2d3f0090d881aed58bb4cce126b5694562f5a20af9a331887b
audit/m0r0_B_shear_S0_r01/roi_column_t46.f32,5120,dd8eac3b74b8acefc0459d51d1188204c72f39f951f159cee5d22870c51ccb3b
audit/m0r0_B_shear_S0_r01/roi_column_t48.f32,5120,3ff6eac10b5fe3a3083d60a6a6472c8a52e1cedcca6abe74a4e267f997e2e1a1
audit/m0r0_B_shear_S0_r01/roi_column_t50.f32,5120,2891e242b6ff6528697736976308ea3451a18a35aa3dd31e630c8a356e3eb7d3
audit/m0r0_B_shear_S0_r01/roi_column_t52.f32,5120,4ac3859dd27510c2a4fe39d4412fc2b9afde2abb9c73e4e0da94365aafbb4e5d
audit/m0r0_B_shear_S0_r01/roi_column_t54.f32,5120,45b7b6939761f7cc1ee558fc9d9809f5cf68168c6510d64c443e57eb5b28a424
audit/m0r0_B_shear_S0_r01/roi_column_t56.f32,5120,91b2828a279539f28f12f32ed5605a839f6ba0e62eeffed138cbeecc243656c5
audit/m0r0_B_shear_S0_r01/roi_column_t58.f32,5120,d36dd6b5307d1211cf63ca2cec5aa318a518291c5702de395f4cfc349949081e
audit/m0r0_B_shear_S0_r01/roi_column_t60.f32,5120,d96b8d20cc5675953791d936ec4b9a14611e649e26d4fc340d81586d92e89268
audit/m0r0_B_shear_S0_r01/roi_column_t62.f32,5120,d80e9a6f9dc138ffbad70d1416b5fcb35f154a7d758aeb86dcd0edc75cb52755
audit/m0r0_B_shear_S0_r01/roi_column_t64.f32,5120,5b4fb88c2c1eaf3a8d15149599179c251079ca4d0bc0201c7e92a00d5ea5594f
audit/m0r0_B_shear_S0_r01/roi_column_t66.f32,5120,50a3ddb385e4b8586a87021afa8b52f945816b7d6b23ed54a9aac6b54668d425
audit/m0r0_B_shear_S0_r01/roi_column_t68.f32,5120,faf258299ebfa15ea592287b1adc32100aaac81516b49364c509681fb3011800
audit/m0r0_B_shear_S0_r01/roi_column_t70.f32,5120,2516fa46ca266d07af3baa018a9dc1c8abecf6bc936472dd84800ab94f286a43
audit/m0r0_B_shear_S0_r01/roi_column_t72.f32,5120,5bc8926437d0c3c53946187b56d053b4381082de961951a55776a20f26c10701
audit/m0r0_B_shear_S0_r01/roi_column_t74.f32,5120,352323aa7451be33dbb3043a9dbabf5000b29b92716f5fb20e5d686e968f94b1
audit/m0r0_B_shear_S0_r01/roi_column_t76.f32,5120,9a510dc3eabd3fccf10171bcabca25635f163be088e0e76e0b4d965620b80946
audit/m0r0_B_shear_S0_r01/roi_column_t78.f32,5120,5cf129f2e02ac589d3ba2610052e83ce267871f1f15fa1cf6d62e3fac2d164da
audit/m0r0_B_shear_S0_r01/roi_column_t80.f32,5120,92872d7a26b13b59c57db82461000888b7b1d329ab8b2a936b67e771bc32b4f3
audit/m0r0_B_shear_S0_r01/roi_column_t82.f32,5120,f09ccb9348f2595abaaf6632cc847f67d74549be42a8deb76f9265b63ac2b556
audit/m0r0_B_shear_S0_r01/roi_column_t84.f32,5120,5befa54529d11a5ecf77ddeff1c75d78e6d3ce0f49c8a27d8b14c085580931eb
audit/m0r0_B_shear_S0_r01/roi_column_t86.f32,5120,aaf8fb1376be82be51747ffd2a0cc8fca10adf23dcca32b887a2329392f3cc23
audit/m0r0_B_shear_S0_r01/roi_column_t88.f32,5120,870438d290605a102d22013dff0335afe8d9e5a9c037f2f9896dbbd725c8b2e5
audit/m0r0_B_shear_S0_r01/roi_column_t90.f32,5120,eef596d3ecd5339247a4dd51bf93849c1f0be2dec163661f1f9e5f8dbd7f3104
audit/m0r0_B_shear_S0_r01/roi_column_t92.f32,5120,5f97d39c1c0aa0fb2aef201b3d1997e3136dca2265246a89937cefd91b3a1447
audit/m0r0_B_shear_S0_r01/roi_column_t94.f32,5120,5acd9db3414d8d4af067700806bf713049c690485e8dacfb8de95f5cb32ae570
audit/m0r0_B_shear_S0_r01/roi_column_t96.f32,5120,6222d9bcb82960843f933f8d1f0932e2b4b20dad4fb21d9709a73985748a76d7
audit/m0r0_B_shear_S0_r01/roi_column_t98.f32,5120,f3a61aac132ce79c39353849f462b2e9ef16a0fda6f572bcbc0655582b51c502
audit/m0r0_B_shear_S0_r01/ros_logs/filament_simulator_52928_1791434047041.log,388,796b3742d3ab1625c259f198c712283855ae336497121c0864937de4ad32d5ce
audit/m0r0_B_shear_S0_r01/route.csv,1683,be2a292809e9e3fcc307c9380390bb92991eab08e643485393f34de15f8c4ecd
audit/m0r0_B_shear_S0_r01/sampling_parity.csv,102431,13eb669d0a71f4be06daf43dffe0adfe900b01a78c4511db247d7ef30c133b09
audit/m0r0_B_shear_S0_r01/simulation.stdout.log,388,796b3742d3ab1625c259f198c712283855ae336497121c0864937de4ad32d5ce
audit/m0r0_B_shear_S0_r01/simulation.time.txt,1063,37f8c19d363e59c040605e492f82c729dc25c6ff906d7eff3280c36b43a2cedc
audit/m0r0_B_speed_S0_r01/RAW_OUTPUT_SHA256.csv,41667,b7a1f040dab06046a1d8bf7b656e15178f785f9cd70663bb749914a3de9df2d2
audit/m0r0_B_speed_S0_r01/RUN_MANIFEST.json,2720,677b61829162f2f975ba286ef7bb5314e1eb66735e36a1a47c8c95735a70f773
audit/m0r0_B_speed_S0_r01/extraction.stdout.log,28,7ae8ca040ce5e6b98db303aba667599882776364a0cdc3b8fa235876024e4a2b
audit/m0r0_B_speed_S0_r01/extraction.time.txt,1161,5f87b036888e14aa41a7054b893549374b644b2e6898bedbae2ca6f3dbb0bfdb
audit/m0r0_B_speed_S0_r01/filament_states.f32,2728272,173750563408bc69878e541dcb0e762443ae1b468f191d187db0faa4611aa990
audit/m0r0_B_speed_S0_r01/native_frames.csv,8026,9497b249fc03ad5576a842b4430baf104a6fecf6215be0e4b0c2117a5fd2ebc8
audit/m0r0_B_speed_S0_r01/roi_column_t100.f32,5120,fd1c764d68c2041f57252c4ebbd91edd45bb5f2dc8948c4ff4a3522f50f487c9
audit/m0r0_B_speed_S0_r01/roi_column_t102.f32,5120,dd983a5e83f1c5a2bbaba1ddb0de0a9361c20af1e9451a6d3aa6bf6557263eda
audit/m0r0_B_speed_S0_r01/roi_column_t104.f32,5120,a60a8bdef99288d8871778a7ea666737789fc54228dd1be3433cf68648278abe
audit/m0r0_B_speed_S0_r01/roi_column_t106.f32,5120,90cde3cc8ddbd61c27ab8f2b1bfc644992dfbbc172eaf579530247a2e46f8987
audit/m0r0_B_speed_S0_r01/roi_column_t108.f32,5120,72ac3119827e418416b5ef8365e041984ef8617d4aa41e1748b6652a07ed3008
audit/m0r0_B_speed_S0_r01/roi_column_t110.f32,5120,f4b9af37125d3ce916b4f8042d5424724ec058a4c22b2688c592630186d0326f
audit/m0r0_B_speed_S0_r01/roi_column_t112.f32,5120,516462943421bd518cb5a1c98fee19a79e2617db8ebe8ed473aa6cdda8ff8ca7
audit/m0r0_B_speed_S0_r01/roi_column_t114.f32,5120,f05b162c8162bfae5bfcb307fa58fd93c967b8ce7228f3ef7eb614ea51543a54
audit/m0r0_B_speed_S0_r01/roi_column_t116.f32,5120,4d7a02d303e5b0bca4baee977a1f14b48df7650b2edab086a52776c131179074
audit/m0r0_B_speed_S0_r01/roi_column_t118.f32,5120,e56775883e8900c952fb488a555ff94a7aa094a9f562d4fdffeff71869cb3d36
audit/m0r0_B_speed_S0_r01/roi_column_t120.f32,5120,243c3419f135d436f51c9a4928cef8db9cd955e6a40bd64c260c1f4d5a92b3b7
audit/m0r0_B_speed_S0_r01/roi_column_t20.f32,5120,dab984ff98f91cd2dd79bbe632ff1fba80ad7172e7ce23e965e5eab558c46a17
audit/m0r0_B_speed_S0_r01/roi_column_t22.f32,5120,a3efc908796fa20b0059cdcfcfccf2abcfcd11ae1479d8abaedc80ebf28142cc
audit/m0r0_B_speed_S0_r01/roi_column_t24.f32,5120,3efcf6e04bc0ecd0aedb7a251a99b0652c95955975ddb530975dde90cbf60a2a
audit/m0r0_B_speed_S0_r01/roi_column_t26.f32,5120,f30014263647c0a9d42fd76793483a3ab6cb476d522c52f80c9d8a063ba6cff7
audit/m0r0_B_speed_S0_r01/roi_column_t28.f32,5120,2f3971c87b04985784d7146fbe9b6984f0dd645d7e02b66315e43703eeb339d0
audit/m0r0_B_speed_S0_r01/roi_column_t30.f32,5120,e05ea8fc7472c88156eeef1dc0f01cb001a283eec099c5c9f742ddf330182ad2
audit/m0r0_B_speed_S0_r01/roi_column_t32.f32,5120,6c2945c5e6420d1317403baff8682d090062088496396476bf9d6e2e60525cc9
audit/m0r0_B_speed_S0_r01/roi_column_t34.f32,5120,b14335980f1cf07117721fec8a0ae0e532812e3f04fad4e9365820fe3a2cb961
audit/m0r0_B_speed_S0_r01/roi_column_t36.f32,5120,5f4d88bdffc810ae3b5fbaf27dca76c87ef3add08caf1165b9a098ac235867b6
audit/m0r0_B_speed_S0_r01/roi_column_t38.f32,5120,7c767d7a8796ee9781ed10651d75764eb74ef623377c0ba2de220d100122d48d
audit/m0r0_B_speed_S0_r01/roi_column_t40.f32,5120,f6b76820dbdbb1f395027584dcc61d09b2c744ca58d7f37eeee8e02ef674a73d
audit/m0r0_B_speed_S0_r01/roi_column_t42.f32,5120,13cfb6698278174e868229f793fa4ce48820b257f2146b8969132df2a088e4c0
audit/m0r0_B_speed_S0_r01/roi_column_t44.f32,5120,8f341e47cf16f100d3b82effa7ee5d05d7ecea559fecbcc869be7bb691f476e8
audit/m0r0_B_speed_S0_r01/roi_column_t46.f32,5120,e466977e26ddd44f4b3c9c9d4b205e1e16c3157d9f76ecfb43be9ba5d8994fac
audit/m0r0_B_speed_S0_r01/roi_column_t48.f32,5120,d6586d84f898cd3737aa8462683e07db8bb55c8c2d6a272b7ab9f2a51e8f8d9d
audit/m0r0_B_speed_S0_r01/roi_column_t50.f32,5120,d1bb3e988fd980009b946c1204ecadf9d094b6614d29c3dc51aa2e5deaf193c4
audit/m0r0_B_speed_S0_r01/roi_column_t52.f32,5120,ce0ec20aefb1e8198b101f21de0237daa5ace9ab7bf4fccdf4218b1636ffd8af
audit/m0r0_B_speed_S0_r01/roi_column_t54.f32,5120,5480b98c2eddc2f564ff50d1ee05a04d0d3f4589e82c92001a29a3ab01c239dc
audit/m0r0_B_speed_S0_r01/roi_column_t56.f32,5120,905b6c2e13d14160e87af91dbf93e30ca5fd3f8340d15147ad8256ed98a7059d
audit/m0r0_B_speed_S0_r01/roi_column_t58.f32,5120,8b06d9573e472138754a73ef6455973415075172648ed64253a8d650cb37b845
audit/m0r0_B_speed_S0_r01/roi_column_t60.f32,5120,86ba7d4f2b192684e5b242a4678c5d0e2e5794c669fce8f3a4ccca9eb1a6d50a
audit/m0r0_B_speed_S0_r01/roi_column_t62.f32,5120,451e4dfe2b56d432afa96b8d6030f1e30997ad100ea4377ebdcf51214fff4a54
audit/m0r0_B_speed_S0_r01/roi_column_t64.f32,5120,cc6023b78fe473c79b6caa0455865baf2dcf849351d2fef6bf48bb7a4729d925
audit/m0r0_B_speed_S0_r01/roi_column_t66.f32,5120,8f3e5554403792662f2e2b332ebcafa6912c9552a0904cf30d949a952b999332
audit/m0r0_B_speed_S0_r01/roi_column_t68.f32,5120,675fc19b381b6968dcef32f24814887cdf9e96c99d4bb5f86c94596865e71227
audit/m0r0_B_speed_S0_r01/roi_column_t70.f32,5120,5574a6ffe26e7106ad4b00927274b77102c0f45c8df1b3615cbd7ba2b1b8663b
audit/m0r0_B_speed_S0_r01/roi_column_t72.f32,5120,c25a5d3a42d49e6e7899a86e2b02223c0aab0110c96c940c2a07601d618965dc
audit/m0r0_B_speed_S0_r01/roi_column_t74.f32,5120,a3d5845f586a7f7697b9842637626f821c1a1e179e2855e78e92b2f639474581
audit/m0r0_B_speed_S0_r01/roi_column_t76.f32,5120,be11ece6b0bcbbc39081247af46a4e45e6d51b7d4bfe3b8faf485320f10dc6f5
audit/m0r0_B_speed_S0_r01/roi_column_t78.f32,5120,5ac6b4c82d052612e56e16342ac54143e79df69a8205d29cd441264d94e8d1f5
audit/m0r0_B_speed_S0_r01/roi_column_t80.f32,5120,311d92fa540909a40d9f41f39fec322c6871b7d3dc24ffab5fbf85a4542d3246
audit/m0r0_B_speed_S0_r01/roi_column_t82.f32,5120,109d262a89463efd5b1af2826b50938a864095d0fea845f9342495fc6ce2913e
audit/m0r0_B_speed_S0_r01/roi_column_t84.f32,5120,21ab45ce79b6034ccd4cf72a73a0b838c59d8e6bdcea354e2a4e8b58df6cb9b5
audit/m0r0_B_speed_S0_r01/roi_column_t86.f32,5120,ba574dc6aaf146741bca2ed278c925295c6afb7a4076aa9be7e69a4545d35c6f
audit/m0r0_B_speed_S0_r01/roi_column_t88.f32,5120,1f5b904472d7c122411395fd0297f472c416db7f19bd3f64e248f102eba67cce
audit/m0r0_B_speed_S0_r01/roi_column_t90.f32,5120,bb6db1d1c1a77c630f6a33be3b05cebe2110ec613f0bdd9f19867e7442a5bc67
audit/m0r0_B_speed_S0_r01/roi_column_t92.f32,5120,4fbf09157e7c010ac77a5537dafec1c8230797f0c2af7d6e6151b06c451034b1
audit/m0r0_B_speed_S0_r01/roi_column_t94.f32,5120,a51224125662add857e2674c61cfc0028e8edd96951cd92540a4b5cb591abfe1
audit/m0r0_B_speed_S0_r01/roi_column_t96.f32,5120,78edc3be5a2cd60f21a0db28cf366e0ad60edf7e47959f72d7e6f2ba23a03879
audit/m0r0_B_speed_S0_r01/roi_column_t98.f32,5120,5997e54c9de5220538fcfa20f87914d5675ca0c28e69fe9d7aff7bab8df1b2ed
audit/m0r0_B_speed_S0_r01/ros_logs/filament_simulator_52941_1791434048884.log,388,849300af70f6bbb6e6f37ff432471385262b2e666d6805cb09073ce81e0a7f14
audit/m0r0_B_speed_S0_r01/route.csv,1720,bf953d6610a4b176ac102da428aded29ad59fe8097e24f0a069d9e79d700d961
audit/m0r0_B_speed_S0_r01/sampling_parity.csv,102455,0ddddcfcd694bdc535ea66bc5fb9371e0a09ba28f6e64f3be1c1d866bf4413bd
audit/m0r0_B_speed_S0_r01/simulation.stdout.log,388,849300af70f6bbb6e6f37ff432471385262b2e666d6805cb09073ce81e0a7f14
audit/m0r0_B_speed_S0_r01/simulation.time.txt,1063,be688dfea2d66c4a50b2e2f4d44c40c5c2536d9269c03070174be66589052c0a
bin/native_audit,63312,a17d966daff29ced2e2e80c419961c37fb41ac524677edbeac64a2df76b4b3e0
bin/native_e1_audit,63312,4642c703d1f5d7d279e0b6bcd00e7155bfcae141bbe033070cacc6d8ef9d9350
initialize_local.py,3194,519914733c285b6b7ec1c9786a864cbc77d42bcf3fcb8d3556c23541203d03b5
native_audit.cpp,7424,a96cb0afec23b635ea09fe082b23d656c559a3cc7806f0eb7af4f14fdb38a373
native_e1_audit.cpp,7457,0bf5bdd7e9ea43f618b1c32536b307e6819f168caf3b21c2d9776547a553747d
native_readback/A_off/effective_params.tsv,344,c804eadcc744311e4580beae0d7575a445fc3fb75462e59f59b8b469ab1f6964
native_readback/A_off/native_readback.wind,44236808,efbc306f925bece4340d3bc3ed04fdc8c9bb8b475740e5c91b53f2fb81641a23
native_readback/A_on/effective_params.tsv,341,c2d0740c16a4bfc8aa6f997b9bb09a22494ee40e7299920aec4451da20225eb3
native_readback/A_on/native_readback.wind,44236808,a85b27480e3afe1bed492dab302d13c19cddadae79054d7f5221f2594266e5a9
native_readback/B_shear/effective_params.tsv,350,928f6c7268352bf84d404c70d2d3946f64f989b3e9cab80eae3b0f8338cdad87
native_readback/B_shear/native_readback.wind,44236808,4d9e803e829c24e14309df09d4b51b6834734b6fdca6fc3e30a1094da6d71f64
native_readback/B_speed/effective_params.tsv,350,61a868c3149a4929856f4694568b169bf74deb33c4a14bc3c036d234101a1c40
native_readback/B_speed/native_readback.wind,44236808,f963e306dce94f661b5bc45349f2f536fe935a0e561be1d5def1a642fc21ce48
noise/A_off,4000,5d4022ce0bb79ec31a27333c8e60b26a59a4988d6e0209a6835c578d1317e3bd
noise/A_on,4000,5d4022ce0bb79ec31a27333c8e60b26a59a4988d6e0209a6835c578d1317e3bd
noise/B_shear,4000,5d4022ce0bb79ec31a27333c8e60b26a59a4988d6e0209a6835c578d1317e3bd
noise/B_speed,4000,5d4022ce0bb79ec31a27333c8e60b26a59a4988d6e0209a6835c578d1317e3bd
noise_A_off.log,29,6b76400eca77265f50175557dc35f8a159293fe52cc1b9d70e23d21fe5f8d04f
noise_A_on.log,29,6b76400eca77265f50175557dc35f8a159293fe52cc1b9d70e23d21fe5f8d04f
noise_B_shear.log,29,6b76400eca77265f50175557dc35f8a159293fe52cc1b9d70e23d21fe5f8d04f
noise_B_speed.log,29,6b76400eca77265f50175557dc35f8a159293fe52cc1b9d70e23d21fe5f8d04f
pack_e2_vm.py,2160,c04b65cd037ec407af2da9f8822bf4d1a3270dad5b81e59a4200b521090498ec
prepare_e2_vm.py,9038,cb994cde93b52c922bbd5dfaf96a6c2f260084dabce9c8bee9a58223269f9ce6
projects/A_off/OccupancyGrid3D.csv,7373075,b4084d847ab3a33d8aacbe9e4123c22f34429c0cb0a3057768efa6f731b573ef
projects/A_off/config.yaml,115,eae4708d38c3d59f82721641211a0878a335449d879648aea81216bcd7a5e332
projects/A_off/simulations/m0r0_A_off_S0_r01/result/RECORD_TIMELINE.tsv,4087,dac132ae8b0d3d173a2f2226a4f323f1a68165a76c326632b22355a21c0b19d1
projects/A_off/simulations/m0r0_A_off_S0_r01/result/iteration_0,122,d8a2b80b596eee33481cc56ded1d091ba33da6965dd20d5cfdcb11913a98a283
projects/A_off/simulations/m0r0_A_off_S0_r01/result/iteration_1,222,442e5b781c0fc86235ca57d11046868b774fb5b7cf2a9378cbf892fd9b32dde1
projects/A_off/simulations/m0r0_A_off_S0_r01/result/iteration_10,1026,b7677bd3a75839995070ecce372d811bc29ac7d3199a5f74389a08c615a98da7
projects/A_off/simulations/m0r0_A_off_S0_r01/result/iteration_100,8158,b69bdaf40ca90cdfa863ba7acf51efe64d25acc2b2805298abb52a29803ea409
projects/A_off/simulations/m0r0_A_off_S0_r01/result/iteration_101,8245,8ae09d55f964669eb11fc6c043cee3498c76357d4dd33eb19906680c40c357c2
projects/A_off/simulations/m0r0_A_off_S0_r01/result/iteration_102,8327,7a50b7e1c4306f8545d50e18b7986c47bc6dc7c6282cb893c39f41de39f820bd
projects/A_off/simulations/m0r0_A_off_S0_r01/result/iteration_103,8427,c78c20c3363f095f3eb03bdf7b9e0d5286faface9815710e4ea1e19480590958
projects/A_off/simulations/m0r0_A_off_S0_r01/result/iteration_104,8513,ddb5f72b90a21dc6b7f5f784445b341311b54831f1d2ed4dfb857baf462a071a
projects/A_off/simulations/m0r0_A_off_S0_r01/result/iteration_105,8593,c88ff13cbce1afbab889e3bf74c3ac71e56f24bccd16ae919e9370dbec1e8e75
projects/A_off/simulations/m0r0_A_off_S0_r01/result/iteration_106,8683,2875dc5f31da8d9772a98e6194a6b318b70b093fb980fb3fb56b952ebe22c268
projects/A_off/simulations/m0r0_A_off_S0_r01/result/iteration_107,8783,849ff94fd841e9791380cc481d081cdcd75db63ff4a47502c1807bac3e8f8c59
projects/A_off/simulations/m0r0_A_off_S0_r01/result/iteration_108,8856,b865e38a2b5cb46f418f154ef7997549a144ed88b2f6fb1e7c041a898c59af0a
projects/A_off/simulations/m0r0_A_off_S0_r01/result/iteration_109,8957,65c2f1c797cecc137c0772dae97b6b617787bd005d4cf05d1b5c341fb694f3ce
projects/A_off/simulations/m0r0_A_off_S0_r01/result/iteration_11,1112,a0536f347f5baafee9d287c57900fcbce6f9a18e9d2f75510f5e2e8652503367
projects/A_off/simulations/m0r0_A_off_S0_r01/result/iteration_110,9040,4c437c58f5b4268719b9d11b3336c25ae3fd4470e3a41db1a4edd990ec886d98
projects/A_off/simulations/m0r0_A_off_S0_r01/result/iteration_111,9128,2a96bf77bfae615479b6f3f10775ecf48698b4ac95569e9f93dfa23522fc8ee3
projects/A_off/simulations/m0r0_A_off_S0_r01/result/iteration_112,9213,8fa1b3e7b633403144b5eaacfa3a173f7e08ca5996b198e58038b34025ba5d56
projects/A_off/simulations/m0r0_A_off_S0_r01/result/iteration_113,9300,c386f7941bc8fb3d6335abf31fb6f067085e2ba25a87b17876dd1191f58c5df7
projects/A_off/simulations/m0r0_A_off_S0_r01/result/iteration_114,9381,05c1f9dce2cd6240d51ff67c14fd5b06e1b306c9a95161e9f00d5bd0f4ee3771
projects/A_off/simulations/m0r0_A_off_S0_r01/result/iteration_115,9488,04b636a39a4eb331a0ccba321a17ffd962db962959ef455f7c6484c3e5a03d71
projects/A_off/simulations/m0r0_A_off_S0_r01/result/iteration_116,9571,01830b11b38ce69a2849f67be7b80f4272aca95776e4d3abba88350aa4eb8a24
projects/A_off/simulations/m0r0_A_off_S0_r01/result/iteration_117,9661,105dda2f15bd159682ec1f606597221e2706a6fff925aa9ca792a82996bd9245
projects/A_off/simulations/m0r0_A_off_S0_r01/result/iteration_118,9751,75558e1235fc72a4eedde134ac8f8987247a5e7f84b15788c37123b4f2e5047f
projects/A_off/simulations/m0r0_A_off_S0_r01/result/iteration_119,9841,e222728d1eaaa889daf355f15fb6da113e4cd0c4c0a4168df1989fc5346a403d
projects/A_off/simulations/m0r0_A_off_S0_r01/result/iteration_12,1198,d468b12bdb272e40cdcdeb2ae29a4f0bb2a211a5fc85765f578a264b7e274cfe
projects/A_off/simulations/m0r0_A_off_S0_r01/result/iteration_120,9921,a817eabc7216d0411872263ac541733401b79b27affcc5b6ae4947473893d0ce
projects/A_off/simulations/m0r0_A_off_S0_r01/result/iteration_121,9998,3877f6052f32a95c066ee73993d7cf0a4f07a5b95debb918543adcd5e7c5b50e
projects/A_off/simulations/m0r0_A_off_S0_r01/result/iteration_122,10116,099fbb9631fa79ca5918584c52d1351e87ac3b3f9c51dddbcfa9a0dc5d04627d
projects/A_off/simulations/m0r0_A_off_S0_r01/result/iteration_123,10187,95414e59cf74f9de23ee5d78ad155cdf4fa42dde801f7d4dc75f6e2fa368d498
projects/A_off/simulations/m0r0_A_off_S0_r01/result/iteration_124,10287,9e6a388045394173f2a7ebc50f29adba71bb7dbda3b2bffc45a696495d4764c8
projects/A_off/simulations/m0r0_A_off_S0_r01/result/iteration_125,10367,016a6556196cdf625d07b2482e3d7144d7ec44cc52b8c1dc4bfa46614d6ba55f
projects/A_off/simulations/m0r0_A_off_S0_r01/result/iteration_126,10460,db45af159fcfdb50b42622c2d9b0bc945f7738a384963bac9918ddb6c97cb370
projects/A_off/simulations/m0r0_A_off_S0_r01/result/iteration_127,10535,ab8159154c15c1066d36c36e832e85cb3e77ecb6563ec6b9a90a061685cda144
projects/A_off/simulations/m0r0_A_off_S0_r01/result/iteration_128,10639,192cec5a12c5b25eb60747afcbadb79e75f167e6c35ff46eecaf10ab8425b3d5
projects/A_off/simulations/m0r0_A_off_S0_r01/result/iteration_129,10725,6f9f2bce902fa2b43c89247489b455de387a759b309aed95d4dbf4cfcb0f86b1
projects/A_off/simulations/m0r0_A_off_S0_r01/result/iteration_13,1290,a8da27beaed9d94c5fe08e32eda2112d7944458460571ec9ad0885cb90ffdb06
projects/A_off/simulations/m0r0_A_off_S0_r01/result/iteration_130,10799,14a121e51ca5640e12a1b579b630102dd9704ee8e87c83c59bac27bd5df85061
projects/A_off/simulations/m0r0_A_off_S0_r01/result/iteration_131,10895,0dc602e6df8d15bebad1c627e53d39f63d83929ac349702a12082cf9be8893eb
projects/A_off/simulations/m0r0_A_off_S0_r01/result/iteration_132,10974,0ec025b2c8462339dbb89d38f815a62e51b4f441fb6bb0efe5dd3ca4b4f4a6fb
projects/A_off/simulations/m0r0_A_off_S0_r01/result/iteration_133,11068,5c35b42abaca95c035a877cbca2b0c3c62ab499dcbedb7039be8d6dfb65431e7
projects/A_off/simulations/m0r0_A_off_S0_r01/result/iteration_134,11162,a774ea94c965277d0747900f35dbdabb66bdc317f625675557bfb9545715f8e6
projects/A_off/simulations/m0r0_A_off_S0_r01/result/iteration_135,11252,592bc2fe3c8cadb88570ca8aa8dc0aaa22dda1da70a592c893874093d74eb9af
projects/A_off/simulations/m0r0_A_off_S0_r01/result/iteration_136,11338,7744601a0df71494bc9e566436d3cab2ee73809034ae3c9d8e43e973ecb5fc39
projects/A_off/simulations/m0r0_A_off_S0_r01/result/iteration_137,11423,065bd5eb4cd9a9c2760f495a2fe846ce7641591ee190de1350ee99fd7d109657
projects/A_off/simulations/m0r0_A_off_S0_r01/result/iteration_138,11521,f66e86dd509a217c1c2cb2afd9d01a636b5bf52003f433ebfa9b97f54e968ae0
projects/A_off/simulations/m0r0_A_off_S0_r01/result/iteration_139,11597,b66f10a28ff550cd430cc367197b6a8ff1d096a1e96178f2c254e22302291e12
projects/A_off/simulations/m0r0_A_off_S0_r01/result/iteration_14,1375,72becbaf047705c7847c60a856422c5cbe4176da11bb8b50ba3f9866b83b5b22
projects/A_off/simulations/m0r0_A_off_S0_r01/result/iteration_140,11692,03c650a8873191fd1eaf36a334db08b2d12f248f1c395546994ef8a247b3e825
projects/A_off/simulations/m0r0_A_off_S0_r01/result/iteration_141,11791,dab55ac80a546bafc6b00558d43a6908ed869b6890ec12c85598b776a51f440c
projects/A_off/simulations/m0r0_A_off_S0_r01/result/iteration_142,11874,4ac61b1017364d95f4d2bc1eb918eba7528c48b059947bfd26b24773b511a2cd
projects/A_off/simulations/m0r0_A_off_S0_r01/result/iteration_143,11966,dc89b533c4b9b396f46df99d173ea6910da5aaf21f168314c268dc61918073ee
projects/A_off/simulations/m0r0_A_off_S0_r01/result/iteration_144,12045,b0f51ece4ef44560e981adb2a1053c0114dea263e77ed1f0290df417a81d67f0
projects/A_off/simulations/m0r0_A_off_S0_r01/result/iteration_145,12147,7a11a1c8b1d42dae19f48d34f1cfe7f73b350b7c78241ba7e132f29adcc02dc4
projects/A_off/simulations/m0r0_A_off_S0_r01/result/iteration_146,12236,0aa874b90d32dca1336559a78a62d93a1ccbf7165964753284239263165940ce
projects/A_off/simulations/m0r0_A_off_S0_r01/result/iteration_147,12319,6ef332c3a6081ccf5681a28ff90ab985a22fc64b3c9c3e2b8175a8aec3e303a8
projects/A_off/simulations/m0r0_A_off_S0_r01/result/iteration_148,12407,48fc2401dea04bc984f5229d4a4f8c6700f015fba4094d785d0958aaace4ff6e
projects/A_off/simulations/m0r0_A_off_S0_r01/result/iteration_149,12494,25551c94ba185dc29b420422b4da65cc4502a5f36e4e39a39ceb1282db0a2734
projects/A_off/simulations/m0r0_A_off_S0_r01/result/iteration_15,1447,5852451840aab52e6658cd307d7fa234390a07369ef7393a7330c8789a5d88fe
projects/A_off/simulations/m0r0_A_off_S0_r01/result/iteration_150,12577,fe4e3a1e6521413c2bafe77de35fde426ad1fbd01e1ffc5b981274132f2b8c29
projects/A_off/simulations/m0r0_A_off_S0_r01/result/iteration_151,12685,26cd4141da0e3207ce3593c22c6c2edb59ccf0129ad04e884a03ca33f5a61b58
projects/A_off/simulations/m0r0_A_off_S0_r01/result/iteration_152,12768,e4b53231d03919d58a2af8d17bc6847a0b17556d3c36d376c2ad3c4f2d7bfbc4
projects/A_off/simulations/m0r0_A_off_S0_r01/result/iteration_153,12845,a546e4d8a588d118767dc680e0ed96ca66e800f1d63683d3f4c5371fd8a2bf33
projects/A_off/simulations/m0r0_A_off_S0_r01/result/iteration_154,12935,f2aa4cef1ea1b685f2b25fefa1b5c5a387b38fc2859fdaea504252cc096fdeda
projects/A_off/simulations/m0r0_A_off_S0_r01/result/iteration_155,13027,ae194d0ee6376fbc308985e5c90290d2df8e7f18b7652a5e1b0d56ca575838d3
projects/A_off/simulations/m0r0_A_off_S0_r01/result/iteration_156,13112,13363ba8b371d491cd837a38cff8a663b3dd53124b5da33c454da133399297f3
projects/A_off/simulations/m0r0_A_off_S0_r01/result/iteration_157,13186,673d1cd90ebb1b5d93d339f41353a8923af82decbcdbac2e5429b874f0aa233b
projects/A_off/simulations/m0r0_A_off_S0_r01/result/iteration_158,13274,d30e9bd1752c0841e1d0a77eae33db310c4fdcd0dd7c5f3ae54f3c857e93d372
projects/A_off/simulations/m0r0_A_off_S0_r01/result/iteration_159,13379,46587f026923fdfadb6e304b4588b262565d935e26b90e2b0ab3ca6c7c8baff4
projects/A_off/simulations/m0r0_A_off_S0_r01/result/iteration_16,1528,0a788e601b81021cd69bff931a97225afdf9afba5cdbca56280b494b93792248
projects/A_off/simulations/m0r0_A_off_S0_r01/result/iteration_160,13483,7cb1016fc8c6a7ce6c32b3fe030981e43001cbdc0e36303b055d408a940cfc18
projects/A_off/simulations/m0r0_A_off_S0_r01/result/iteration_161,13572,125b30350818ef7d6cd2e5e2d6ba45f24b1c751e17f8f92ce8e4463fbb388555
projects/A_off/simulations/m0r0_A_off_S0_r01/result/iteration_162,13642,da1b53fd55a47f44a56f003a21b90af5216fe250cce4388e3f221d78da393bd0
projects/A_off/simulations/m0r0_A_off_S0_r01/result/iteration_163,13742,899244e98088c0a5a8e4aa873aa5d816a2338d8a063d67948c9f8e067cfbab58
projects/A_off/simulations/m0r0_A_off_S0_r01/result/iteration_164,13836,160d2cd42146d2f4e7187a4f115f95da0af4d4fa094a72b94e89656e7d3884f4
projects/A_off/simulations/m0r0_A_off_S0_r01/result/iteration_165,13923,983e32c50d7c350e9d346d6e9e9e5625eb2a1f3fd6a81bb4a49172b996648143
projects/A_off/simulations/m0r0_A_off_S0_r01/result/iteration_166,14009,6600ff9e5d36ede93ecb7a68c94c0f077fec9de64ebf641d7ae226080351d4ce
projects/A_off/simulations/m0r0_A_off_S0_r01/result/iteration_167,14089,8588d4ba446fd1fad895f4be19f9493a2a0545d6b9ea23a45e1f14ef1433d995
projects/A_off/simulations/m0r0_A_off_S0_r01/result/iteration_168,14169,2ec534aa9fcff264c4a4ca0398ade87852a41e0d41d2f3eb48dfb335a147b6fb
projects/A_off/simulations/m0r0_A_off_S0_r01/result/iteration_169,14265,fba5b4f0ef501bfe909735bc909c8cccde0c2d91dbcf20c376878ebc4152693b
projects/A_off/simulations/m0r0_A_off_S0_r01/result/iteration_17,1598,df15c6e6c5958f2189772ebb52a577130846a4bcef600ba91d0f7c1992502e7f
projects/A_off/simulations/m0r0_A_off_S0_r01/result/iteration_170,14340,efb0540b906106ad3ff4a2f6189dc955956380d05b017757c0893c2ca6bcc76e
projects/A_off/simulations/m0r0_A_off_S0_r01/result/iteration_171,14435,d387ad87b2cd12a840de6148d31661a441f4da0fd982370ba632640edcf27e3d
projects/A_off/simulations/m0r0_A_off_S0_r01/result/iteration_172,14522,a6a8cfabde9e756e78a3ca0ced4cc1269d18f34151a13f5e6cf11e0be16e40a7
projects/A_off/simulations/m0r0_A_off_S0_r01/result/iteration_173,14619,6426f91ae87c3050a37a7d6f1387e1bd6a69eec14238f534409b92d4e1d65e34
projects/A_off/simulations/m0r0_A_off_S0_r01/result/iteration_174,14714,07b2535c392166db93584e2aabb47d3f139b75ed1ddc5ebb62b2ba4d2033e916
projects/A_off/simulations/m0r0_A_off_S0_r01/result/iteration_175,14792,e3328998870d0f7a55f5e356c9966ded338e8126362d4b2421a74749f6702d3f
projects/A_off/simulations/m0r0_A_off_S0_r01/result/iteration_176,14894,b3ead7cd804b474dc397b10dcd712e56c027d0cab0e0e5cb775ae2ed81aa7cd0
projects/A_off/simulations/m0r0_A_off_S0_r01/result/iteration_177,14978,15af59742a396bb3ba7b285f47465746cc02da0bb902e601f1365afdb5e4174c
projects/A_off/simulations/m0r0_A_off_S0_r01/result/iteration_178,15062,632c1de8f0c61ea3af8401f7ccbe6b6c8a0d02236a34a28207d361f4e1859df5
projects/A_off/simulations/m0r0_A_off_S0_r01/result/iteration_179,15144,1570d86bc1f7b1959cffc4f75c0c48486f30f5eb766481187e28082f88f87eae
projects/A_off/simulations/m0r0_A_off_S0_r01/result/iteration_18,1679,33ae260cbfa0772c96d776743fa219ed516b273971c7826e7b7268cbf996e12e
projects/A_off/simulations/m0r0_A_off_S0_r01/result/iteration_180,15231,6113627f57f8febe3da41f97921ffc8b906bff8bfa331befd9877eaa82fe38e5
projects/A_off/simulations/m0r0_A_off_S0_r01/result/iteration_181,15318,3241158d30098ae38a6d7e9ad5e7d8a49e54b188def645ec0b4a83342ff3cf40
projects/A_off/simulations/m0r0_A_off_S0_r01/result/iteration_182,15428,2c09f57b9c6e6865338524ad2e940e461a0de0463ce0e4f0623914e9cab42a6a
projects/A_off/simulations/m0r0_A_off_S0_r01/result/iteration_183,15520,1ca27ca8c86bc894334eb0915926e2523f8dc043c13f31dc82ee0eefd744704e
projects/A_off/simulations/m0r0_A_off_S0_r01/result/iteration_184,15614,1fd8e58cfcaac29e7611f0d2f93eff92419ea6d0dfc9043b9f2e6a2ca73ee69b
projects/A_off/simulations/m0r0_A_off_S0_r01/result/iteration_185,15727,f7e54cfefcd99b1a9c0542f628f08fb19041380f97be8dc5f4175287b247d5f5
projects/A_off/simulations/m0r0_A_off_S0_r01/result/iteration_186,15791,0094fa70474ecf3bf443e218ef33b1ff3f56a0480db674ec84d009ff3f71a268
projects/A_off/simulations/m0r0_A_off_S0_r01/result/iteration_187,15913,f25020ce853d0b066d52f55524b81d7e3d7a3119058c80ffe2188c85e4df3a2d
projects/A_off/simulations/m0r0_A_off_S0_r01/result/iteration_188,15968,c6b4b2e2cfca5a077aa9103e3b2f655f40333a5275e7ad17a8b18d933c7aaac7
projects/A_off/simulations/m0r0_A_off_S0_r01/result/iteration_189,16078,59c6353226b3dbfdb7fcb405192fa77b303f8311ee287788d3140eda64ef905a
projects/A_off/simulations/m0r0_A_off_S0_r01/result/iteration_19,1744,2f392e7acbd2ec3aece9ae2e90a75f22e37e0acfe71052c7043b9cd366296ea4
projects/A_off/simulations/m0r0_A_off_S0_r01/result/iteration_190,16162,937c0fd7e46aae9c30d221652351440fa34d8b932f0b2ae2ba93f592a5625175
projects/A_off/simulations/m0r0_A_off_S0_r01/result/iteration_191,16261,766dd1285106e61695b9aceb500b66eccdf0d6f36d79915b67374d10dd7d493d
projects/A_off/simulations/m0r0_A_off_S0_r01/result/iteration_192,16349,80e1c598ebfa2fa666b2976955bbafbfa60257833e0352f17e068781c44660e7
projects/A_off/simulations/m0r0_A_off_S0_r01/result/iteration_193,16424,b3deb0163bb9f0f093c44bb3eae4654a019ec6699e082243586b212947d2d30c
projects/A_off/simulations/m0r0_A_off_S0_r01/result/iteration_194,16522,10cba326c9b747756723a809a5b5532373c49e542d4c36c920576224dbaef688
projects/A_off/simulations/m0r0_A_off_S0_r01/result/iteration_195,16607,84c76a4380f89b7baecad5390855c4677ea3e8d2418749aa62ed7e90cc462f98
projects/A_off/simulations/m0r0_A_off_S0_r01/result/iteration_196,16690,81b5984f86e4a65bcfcafa5dd49a451ab70fc05ef37f350cca611c174bfd4e38
projects/A_off/simulations/m0r0_A_off_S0_r01/result/iteration_197,16771,0a483e2a608115135ff79e92d39f8d9b3469236c8c833fb499ddf9665a5fbb77
projects/A_off/simulations/m0r0_A_off_S0_r01/result/iteration_198,16852,bc75f6ec407314a4fab2bc51ae8c2145bff93051ee53ca26009e84ec842372cb
projects/A_off/simulations/m0r0_A_off_S0_r01/result/iteration_199,16949,e43193dfef7421d4d1eefca363be138c91bc854d46f2a9ddfe2bf958d85da3b6
projects/A_off/simulations/m0r0_A_off_S0_r01/result/iteration_2,307,16b3b4fd1547052441117b2fe55a3d9d3b00e374a85315e46dc51c69205df988
projects/A_off/simulations/m0r0_A_off_S0_r01/result/iteration_20,1814,f12701de3f5d5358000baf2f3ac18cac28101d3c859bf109186d8d908e2a7164
projects/A_off/simulations/m0r0_A_off_S0_r01/result/iteration_200,17046,26cddb91ea5d90d6919e928fa38aacd9428d1cb704942de22c62bc0f4ec2de69
projects/A_off/simulations/m0r0_A_off_S0_r01/result/iteration_201,17129,bcafcc62323cf9ea93b4823d35ce71f32e84a637cfcfd41019c22dc42b187bd9
projects/A_off/simulations/m0r0_A_off_S0_r01/result/iteration_202,17223,9cbe7110632c1c84fdd769f76b05aa65898cfb26c21681feaf1a04da5acfe9f3
projects/A_off/simulations/m0r0_A_off_S0_r01/result/iteration_203,17306,4f25e9c31cd2da30b7a450520fc7917789ee95a6e78c9874a2b355fa27baba5e
projects/A_off/simulations/m0r0_A_off_S0_r01/result/iteration_204,17368,7b2ea8da1cf662bf7d238331c9e5032add9f1e47deca8d9693a6c53b97555cb2
projects/A_off/simulations/m0r0_A_off_S0_r01/result/iteration_205,17470,e7496d41f96f064dca7a253abac3574dde63d1484a84478ae04c9c856be8fcae
projects/A_off/simulations/m0r0_A_off_S0_r01/result/iteration_206,17550,aac40beaa814e3d7ff3b2484ad27784c37012147d7a5ce1ddc1026f8e59d80ad
projects/A_off/simulations/m0r0_A_off_S0_r01/result/iteration_207,17621,2c461b49f25267b6736226a8c96d75f3e3c720b586cd82673e2a2fca23a0537a
projects/A_off/simulations/m0r0_A_off_S0_r01/result/iteration_208,17732,089125b2ef30c60c52609bb2ed227400d5c629f255a5f1a373178bbac9e0cb2f
projects/A_off/simulations/m0r0_A_off_S0_r01/result/iteration_209,17831,659b9dd250abf313acad2202850c0f707f71e570b9fab8345980e413f0071954
projects/A_off/simulations/m0r0_A_off_S0_r01/result/iteration_21,1886,aa152ef935979276914e5a5e7a6bf1903ef9a93584ce6ba5e7996e460874c292
projects/A_off/simulations/m0r0_A_off_S0_r01/result/iteration_210,17893,969446b115986803aed2811623c03d4a582ca53d66a4eee30a37f2d5b406444b
projects/A_off/simulations/m0r0_A_off_S0_r01/result/iteration_211,17985,e87bc7ea4d058ab4cc67be3802441196bb5a4575ddbb9436ae3e3ec1b0951291
projects/A_off/simulations/m0r0_A_off_S0_r01/result/iteration_212,18069,8af71d810aeba7e675cb7786c2b7dc429f0bd0c66fb1f727caefa690e2b52c07
projects/A_off/simulations/m0r0_A_off_S0_r01/result/iteration_213,18155,434ac69478505c371f01aae7f486d33f1bfcf8e7c2c4cdb36802a30047f18f69
projects/A_off/simulations/m0r0_A_off_S0_r01/result/iteration_214,18263,3d17cd26d7447f46ec9bb1d291d8532718aafff96e42c5001a28a9eeef4c0f2b
projects/A_off/simulations/m0r0_A_off_S0_r01/result/iteration_215,18328,f154ee00ee50c29836ed716604e569b96b9d19ac7a22d8620e6131ef7c190676
projects/A_off/simulations/m0r0_A_off_S0_r01/result/iteration_216,18424,7eb46d1ce2c902fa8722c76fc8f63e21e6265542a35ee7f0574ec80122ca628a
projects/A_off/simulations/m0r0_A_off_S0_r01/result/iteration_217,18481,22ad07e1d2232a626fc834c0e30361773459cb12326afb17985e2e2cd7cb1a0d
projects/A_off/simulations/m0r0_A_off_S0_r01/result/iteration_218,18577,a1e5316289400f6620fd3610f407905d603d8597b420d1f63546b6ae15774a32
projects/A_off/simulations/m0r0_A_off_S0_r01/result/iteration_219,18672,0284092bc4f96f9ea70a2024db39f8af45c0e4d3e8d60cb86574f3ffe482b413
projects/A_off/simulations/m0r0_A_off_S0_r01/result/iteration_22,1959,9215f7ec1bedd2c5674e2fe73c3c26058673e511973fff028f363610c02cd0af
projects/A_off/simulations/m0r0_A_off_S0_r01/result/iteration_220,18760,b67fed9c70079153b6af053d2f0c29cf45d3343d1502a8e0594180527a68be16
projects/A_off/simulations/m0r0_A_off_S0_r01/result/iteration_221,18848,8b13900e7b0f19ecbe08d3cebddf7b8877f1d0d0d4ac6e0ff2ae2dd4215b31ef
projects/A_off/simulations/m0r0_A_off_S0_r01/result/iteration_222,18918,f08e2c5b2ebb6b399e33a66e56c02bdb29117b642ec2e952128221914b5400ac
projects/A_off/simulations/m0r0_A_off_S0_r01/result/iteration_223,19009,42eb288f413b82c84873c274a08cfaf422bc3fe33a4ad6ee7975033adf1cf667
projects/A_off/simulations/m0r0_A_off_S0_r01/result/iteration_224,19086,b26ab7342fa27e90ea5f371d491e7f10af895f1ac90093d08d594155a794a4cc
projects/A_off/simulations/m0r0_A_off_S0_r01/result/iteration_225,19166,f3e642c56e722c2a2eb87e10a5b21c19808ba35513821059742455f7062dcb5a
projects/A_off/simulations/m0r0_A_off_S0_r01/result/iteration_226,19233,490bc51158fb1986549044a9fd6ab7d49890f1463a49da6c76d8358c41f7f41e
projects/A_off/simulations/m0r0_A_off_S0_r01/result/iteration_227,19293,ac9de9626fffb3f27f2a6eed885033ee4f72e33505ac88381e58c315b4192f89
projects/A_off/simulations/m0r0_A_off_S0_r01/result/iteration_228,19387,1067c74606455d386852bf51c1b9dd2557f778b73e44a7fd5316497ad8002c6a
projects/A_off/simulations/m0r0_A_off_S0_r01/result/iteration_229,19450,cf803d11419bf7c1df11b2cb2ffd1fbb20de10c921208ea5872345521d784125
projects/A_off/simulations/m0r0_A_off_S0_r01/result/iteration_23,2031,20b5b0b4ebd63897557ccd39de7d0f5eeab60d7dec1cd6db9fe0e3f4ef00503f
projects/A_off/simulations/m0r0_A_off_S0_r01/result/iteration_230,19547,ca34917c8065dad6cb37af1fe9b1da9a898b89f710cd18dd4d1bf8b352155182
projects/A_off/simulations/m0r0_A_off_S0_r01/result/iteration_231,19610,0a12c221e424babdcd988b74f649a732d4bddbbf266eecd91131bed7654aa66d
projects/A_off/simulations/m0r0_A_off_S0_r01/result/iteration_232,19683,6d29479cc946bfc7479e4fe9403e92acefe0528ddca0b2c5bd2e0f817fb4db2b
projects/A_off/simulations/m0r0_A_off_S0_r01/result/iteration_233,19766,604f577f45ece440f78d8560a22b67f077d7409741e72a1fc054ca0807993c2b
projects/A_off/simulations/m0r0_A_off_S0_r01/result/iteration_234,19854,9c94eb59a81fd5fd9e79ce1d3e7e7e06c881a18b0e3a8bbb1bc60e3894c13799
projects/A_off/simulations/m0r0_A_off_S0_r01/result/iteration_235,19888,cb7b0825927b8f46a96c175625ae2d7806699bda9834ccbbceedee86f8d6eb3f
projects/A_off/simulations/m0r0_A_off_S0_r01/result/iteration_236,19967,a41560a8e8f3d9c31796e25d76f28e25d374d3743a8a46c4690f5aa42be23dd3
projects/A_off/simulations/m0r0_A_off_S0_r01/result/iteration_237,20070,4a61af070e9026658689a2e09ee2fbe54027fa4b2e1800e64debc4ef05e1628f
projects/A_off/simulations/m0r0_A_off_S0_r01/result/iteration_238,20137,0fddea0fa6250cccc2199dbb6f012eb55b22c0a38b54347d0e463b1cf310f5e6
projects/A_off/simulations/m0r0_A_off_S0_r01/result/iteration_239,20198,7b2288b4e5057bc71eecd18b743244d6597baa461b418c3816ff4258123eec99
projects/A_off/simulations/m0r0_A_off_S0_r01/result/iteration_24,2099,59ed2e26bb16f10f991f34a9caa87ab5ffecdcb8adfcb2d41ff7cc7ba781a077
projects/A_off/simulations/m0r0_A_off_S0_r01/result/iteration_240,20261,7fffe61afc7662dd5ffdb92c8d7895518ff18a49831922e863d2d65acfe4a928
projects/A_off/simulations/m0r0_A_off_S0_r01/result/iteration_241,20350,56caf57312a69d3918b2ac97eb75dbd00d929727304ed3dbe0242a9eb16c0b94
projects/A_off/simulations/m0r0_A_off_S0_r01/result/iteration_242,20425,399aebf9aa3066fc8642db1df5e02e4dc95d476af412bbe4583cbdffa37a586c
projects/A_off/simulations/m0r0_A_off_S0_r01/result/iteration_243,20510,2e772bd0fba71ef659a5323d3b047bcfefc5d4442cec97c7ba67aa79630702ea
projects/A_off/simulations/m0r0_A_off_S0_r01/result/iteration_244,20575,a5a3fcd36f54ccbce049b73e4c88421ff07a5d2559320e67d172a019921c4301
projects/A_off/simulations/m0r0_A_off_S0_r01/result/iteration_245,20650,2831094442197cf128f2da4c75b8b82b076c62b2c200f3a3b1e1f701a21853a3
projects/A_off/simulations/m0r0_A_off_S0_r01/result/iteration_25,2178,026a9e78c4631c787132878ab785dc040668d471adcd5c5d13ea84b849325f6a
projects/A_off/simulations/m0r0_A_off_S0_r01/result/iteration_26,2254,152189a07bbdf847bc8357c183530c9838e0b78ce5998a66849d949526c20a6a
projects/A_off/simulations/m0r0_A_off_S0_r01/result/iteration_27,2321,6ab5c433f9c60fa85e3dc1c9eca0ce0b296cdb6a6b52ca16bd6ebf648f480577
projects/A_off/simulations/m0r0_A_off_S0_r01/result/iteration_28,2393,f6c1a421c8fbd8c279af96752e3a5de20d619dec1c909522107356b21a54d505
projects/A_off/simulations/m0r0_A_off_S0_r01/result/iteration_29,2470,4927a9a820afdffff6aec1432a8ad52cdbe0c6a6f9b716b93a434b78cf4b095e
projects/A_off/simulations/m0r0_A_off_S0_r01/result/iteration_3,390,6a50299af8c89ad5c7fe64cdd5e78285d19b6e71ab2b77dccf8e49fbf3482d42
projects/A_off/simulations/m0r0_A_off_S0_r01/result/iteration_30,2542,ae4e2c6113365b822d6429ba3086ff80d05d84ed51ce8c7e82e3942609917ff1
projects/A_off/simulations/m0r0_A_off_S0_r01/result/iteration_31,2610,904547c365cfcc97bef8ecb5657fd5848969b28db0a22ce7779fed869e9277e9
projects/A_off/simulations/m0r0_A_off_S0_r01/result/iteration_32,2674,70d90fb2cd435fad16e73dd10506ac4deb5b68365507b02a9c9927b5a02dba42
projects/A_off/simulations/m0r0_A_off_S0_r01/result/iteration_33,2764,adc2827aba4c5930f0b41fe35b408ed8f9ee009da6be90354356f169574e6f03
projects/A_off/simulations/m0r0_A_off_S0_r01/result/iteration_34,2830,737b27bb1e546aede69e0808ad99c1e1277d2a5ecce20f9aa3118fbe374bd105
projects/A_off/simulations/m0r0_A_off_S0_r01/result/iteration_35,2899,70238e55bb1da41b222e4092b4239fe3e1df47cc05ff8a9b6e727e84a0235f4f
projects/A_off/simulations/m0r0_A_off_S0_r01/result/iteration_36,2970,1807cf223feb5c0f9d1df7538afb45a98fcdfbd7512dfeca3ae096108f50f655
projects/A_off/simulations/m0r0_A_off_S0_r01/result/iteration_37,3045,360571d9f7ebeb521a8f09463452c74d1cf2c012be80cb44d2c496fd0d072876
projects/A_off/simulations/m0r0_A_off_S0_r01/result/iteration_38,3123,618b70b9175854bee7da9f12f4a6c0ecf1830a04bb4db79878dc49ab81588648
projects/A_off/simulations/m0r0_A_off_S0_r01/result/iteration_39,3184,62c6fbeb3d8c01edd885bdf60ff9e06d113b978839b514c4346a39e5acc899ea
projects/A_off/simulations/m0r0_A_off_S0_r01/result/iteration_4,490,2c3250ff5fdd589eccc4e94e38dc5ccefeed8e13f9de4fe5ebea650339318fd3
projects/A_off/simulations/m0r0_A_off_S0_r01/result/iteration_40,3266,cabd1268328c49f11d071f5472951bbbcf1af04e43a54f575ef960fe55942714
projects/A_off/simulations/m0r0_A_off_S0_r01/result/iteration_41,3338,2adf2770c6229a1020561a394d44024a5da392ee77293a0d36dcc9b0932a7d3a
projects/A_off/simulations/m0r0_A_off_S0_r01/result/iteration_42,3397,bc464086d8766fad00bed398bc3ad4028f7eb6fc9c150ee6b566ec6cdf82eb40
projects/A_off/simulations/m0r0_A_off_S0_r01/result/iteration_43,3480,c8ab6dd9dc81c2e50239c640882d7598e57101f09d02e30bea239310cdd97e97
projects/A_off/simulations/m0r0_A_off_S0_r01/result/iteration_44,3546,24d52cddc432c5b745ef74d69fb9550d4afac5b797cb0fe858466d6f3fc53e04
projects/A_off/simulations/m0r0_A_off_S0_r01/result/iteration_45,3631,f724117669c0bcccadf31a3b88d4eab4182c91184c41cb5d1963bd73950d6ff3
projects/A_off/simulations/m0r0_A_off_S0_r01/result/iteration_46,3701,555ef25d6d81a95ff45e10d0b5979fb9be23cae28382f12f02dc1a6a6079205e
projects/A_off/simulations/m0r0_A_off_S0_r01/result/iteration_47,3769,78d4459f3076836ea0f5c9fb84a6526c6665fda5bcd50ef3fd9556e0ddf9cfab
projects/A_off/simulations/m0r0_A_off_S0_r01/result/iteration_48,3839,a8688e7ef501bc61f89db5435a5181a8e8b3242070ccb27decc27c0f5817eb9d
projects/A_off/simulations/m0r0_A_off_S0_r01/result/iteration_49,3916,3be92296f6c2a7152afc5c0217fed7febb94e8663493a003895ee07269ba9bc7
projects/A_off/simulations/m0r0_A_off_S0_r01/result/iteration_5,578,0177dd79c950d584a5b98ae30a0a5a3bc03ce8ef481ccb00a7e9d257ef559fab
projects/A_off/simulations/m0r0_A_off_S0_r01/result/iteration_50,3977,203794fc018060879baf2892bb0179212bd2f9d8a032c3e5cee309acf680bd4b
projects/A_off/simulations/m0r0_A_off_S0_r01/result/iteration_51,4052,7617ed712e73a96246da092bec5f855583c7ddc69575768084c57b2a6ce097e9
projects/A_off/simulations/m0r0_A_off_S0_r01/result/iteration_52,4127,397c62060d767651eb795317c28d48d2f31537f5d4b5df22c1e9ff9207cd5e3a
projects/A_off/simulations/m0r0_A_off_S0_r01/result/iteration_53,4194,9bce6d061fc5026bf0e14faf4f143e8ca261225a25d5d250e5fa96a4a75c2dbe
projects/A_off/simulations/m0r0_A_off_S0_r01/result/iteration_54,4274,05c0549320be019cc9e1c0c4ff0b0f0e1de23ab974ef0612e11c145f155309c7
projects/A_off/simulations/m0r0_A_off_S0_r01/result/iteration_55,4347,aa8db13241e6b666a9752748807f3459de8b07243a7c874b0c85f76df4543bc1
projects/A_off/simulations/m0r0_A_off_S0_r01/result/iteration_56,4416,01d3940d428be7ced7a9a6d5f09477f627611945afb1d019c7ee483e378f77b0
projects/A_off/simulations/m0r0_A_off_S0_r01/result/iteration_57,4492,c08aba4b1a627b2c20648c3f9ac0df2d13a2ba404c322a56ba95864bdf0b38d6
projects/A_off/simulations/m0r0_A_off_S0_r01/result/iteration_58,4567,794a17c742b95e6e7ab779cc713d9e5ab0775ae2a80874fb7f2bec1e89c8d975
projects/A_off/simulations/m0r0_A_off_S0_r01/result/iteration_59,4630,342b5f57c6fdf1a8359c0fba368feb18ced38d9fa625ad56c1b7f60a7da962f1
projects/A_off/simulations/m0r0_A_off_S0_r01/result/iteration_6,666,e71f8c25a135ee524171c4674cd21f6a77657b0e6fa19c434e91993976e1ec81
projects/A_off/simulations/m0r0_A_off_S0_r01/result/iteration_60,4707,a2199975b93cc5ad1b4fc976890e2dd681ada1c67a7eadc51fc45a85a8d2148b
projects/A_off/simulations/m0r0_A_off_S0_r01/result/iteration_61,4785,07f15b453fe3b19b538b45384a40df1059bcb542e43b2cbfafc122d5bfbfc093
projects/A_off/simulations/m0r0_A_off_S0_r01/result/iteration_62,4862,af247ee46008450422156af3e43f3c46a767aa1ed4a21608c03e947af36c7209
projects/A_off/simulations/m0r0_A_off_S0_r01/result/iteration_63,4956,adfe4eb7be0841be40c56543156a084c3e6c99efe77a113615c0be0dfbc20f3e
projects/A_off/simulations/m0r0_A_off_S0_r01/result/iteration_64,5039,6a506bd098fda5594101776d362b3332390414640a43cead8df9b419c7dceed8
projects/A_off/simulations/m0r0_A_off_S0_r01/result/iteration_65,5124,60041c2bbc44ddb4ca537bb92f575e340f8d5d2fa1670885bf58f4f67789602e
projects/A_off/simulations/m0r0_A_off_S0_r01/result/iteration_66,5209,64fdcd0d5080334247f27d187f730bee5df7e65cfe33e5e5dc93af7e249b41e8
projects/A_off/simulations/m0r0_A_off_S0_r01/result/iteration_67,5307,9948cbcff842f59aa21deec8019743e8d1fa7a06714e7a842ba57691b02dd25e
projects/A_off/simulations/m0r0_A_off_S0_r01/result/iteration_68,5386,1c4df117a67c3cd5b0db5f1e63a069281677d6f78b34cfa10de8ae17a03a6823
projects/A_off/simulations/m0r0_A_off_S0_r01/result/iteration_69,5470,654973cb6966a23de65da565492ae9084e261bf0b4bd918531b3af7cd7d1ce12
projects/A_off/simulations/m0r0_A_off_S0_r01/result/iteration_7,756,ccbe1ef5c21a424edc5a0f906c19e4e22aa622af2659c5f3c4d2e3d2a8e6b943
projects/A_off/simulations/m0r0_A_off_S0_r01/result/iteration_70,5562,56cbd55b0d2c35d298545b7729e9314c8e8cbf95ea6bbc55dd8fd4ef979b27ff
projects/A_off/simulations/m0r0_A_off_S0_r01/result/iteration_71,5645,50501c1d79af4a4ff46196be92965e0e6ca3d85f3f6ccfc8263fc468a8485f44
projects/A_off/simulations/m0r0_A_off_S0_r01/result/iteration_72,5739,3c92a7ce5cff61bf81dcc34d44eac85f625caaa0c8e920e4383ce2400c0d1d7f
projects/A_off/simulations/m0r0_A_off_S0_r01/result/iteration_73,5824,876896639781267fa8ae9f30765e11533be5fa38af1d646a03c01e07e2b66ad1
projects/A_off/simulations/m0r0_A_off_S0_r01/result/iteration_74,5911,7e9fd003804edd81042255ac89d0db46d6357b27e320606910fa5e4452aab3c4
projects/A_off/simulations/m0r0_A_off_S0_r01/result/iteration_75,5994,a9e33de571277e65c847d284fe2b8c4bf323656ae9b3126f6af2d1ef8f48b334
projects/A_off/simulations/m0r0_A_off_S0_r01/result/iteration_76,6067,cfe9f0a599164580511e3e907167b19113a4cb3bee2d96f6169b370cea32e7fa
projects/A_off/simulations/m0r0_A_off_S0_r01/result/iteration_77,6161,818e975057088922df2a9d6c6fd0c68986d2cc34e5ee054a110816d53050430b
projects/A_off/simulations/m0r0_A_off_S0_r01/result/iteration_78,6251,db5dc46dfbed0663610265d4d100810ee466461e23bdf57296733d0a79c9055c
projects/A_off/simulations/m0r0_A_off_S0_r01/result/iteration_79,6345,e18208d93d2aba43bcebc772f1760d7dba3fc37bc52463fa5c910de2194a1324
projects/A_off/simulations/m0r0_A_off_S0_r01/result/iteration_8,853,26649fc8631b083a590045ae9efa1d757b503a70761106f0520c95befb772faf
projects/A_off/simulations/m0r0_A_off_S0_r01/result/iteration_80,6434,ad7b82e89ab517d7235f504358b9c1053afdccb434254a1f47cee76d6ebc6dbf
projects/A_off/simulations/m0r0_A_off_S0_r01/result/iteration_81,6521,c0845137ceef25eff99d0aa09e1441d4b5f6638740c0692663d3179e72deebb0
projects/A_off/simulations/m0r0_A_off_S0_r01/result/iteration_82,6595,6e68aa0abfd45ed8fe2a0d0f3afb5c0002f5f00ecb7c4a7e5d8f6be5e563fc3f
projects/A_off/simulations/m0r0_A_off_S0_r01/result/iteration_83,6684,11c4ace2f6c3a0bee67e0a59cdd3149e21fafcb2d230f00c0c6233d15aaf8b22
projects/A_off/simulations/m0r0_A_off_S0_r01/result/iteration_84,6775,6f6c47ac41ae5165d64bbc1a849fc0ae653940568e5f22104f90ad6eb6265ca8
projects/A_off/simulations/m0r0_A_off_S0_r01/result/iteration_85,6869,ef794b93d90832f0f7a6949354f0b5f887548015d3d15a4dd5e33ced62b13ea9
projects/A_off/simulations/m0r0_A_off_S0_r01/result/iteration_86,6944,0499b587303c3cb43d209c0e2161a453a8f28ecc1fba32290cbdfa86fc0b9c0f
projects/A_off/simulations/m0r0_A_off_S0_r01/result/iteration_87,7030,e2a60ce60b1f7555e97440507696cf7335e652a37659350d092800a9c0c86f59
projects/A_off/simulations/m0r0_A_off_S0_r01/result/iteration_88,7124,0a13e42b6e215c5de61c1539348c4a04dcc5db5c598d5c7ff1d9830a2d4de82e
projects/A_off/simulations/m0r0_A_off_S0_r01/result/iteration_89,7213,c110ff82769e1369607cda0348919280d0de4ca63b2329c4fa84fee8f5be5da7
projects/A_off/simulations/m0r0_A_off_S0_r01/result/iteration_9,937,a41228e978ea0de4bd2d6de5863db2023a9f9384211d0bd445b43c7e3bb8bc22
projects/A_off/simulations/m0r0_A_off_S0_r01/result/iteration_90,7307,1885af83e2fba5abbd429c0b36d0f46b32fe79251cf0c13a0f58489e0bf98fc4
projects/A_off/simulations/m0r0_A_off_S0_r01/result/iteration_91,7384,5e35f9a1fd934620ac8023e7e1cdb597314cbb826bd4a9f6a24c144168066b45
projects/A_off/simulations/m0r0_A_off_S0_r01/result/iteration_92,7467,3075477a74d5c400964f144b99f0dc0ab216bfa44edcbe450caffb93362ec584
projects/A_off/simulations/m0r0_A_off_S0_r01/result/iteration_93,7555,580422805540edc2ac7524643f5a5d175d45793a5e200e9282e222a6a8e15e6c
projects/A_off/simulations/m0r0_A_off_S0_r01/result/iteration_94,7642,ca0781b9389d694da9d5837f3340f40a0b7f74e1703173f52889030010f301e3
projects/A_off/simulations/m0r0_A_off_S0_r01/result/iteration_95,7731,1954df0ee03d51dcc025597700cba2dafbd60cde54e06118fef47e39f8d328da
projects/A_off/simulations/m0r0_A_off_S0_r01/result/iteration_96,7812,a559d9e6b10f7adb69c5d35fec7d4cfe994c72f6d8ac374edf77716c16356db4
projects/A_off/simulations/m0r0_A_off_S0_r01/result/iteration_97,7905,d854d03afa524087e731febbdbc17d3ebd71a0315a2b524ef49228562b2f4f68
projects/A_off/simulations/m0r0_A_off_S0_r01/result/iteration_98,7990,f391fa05c9c4312264f537c67ca54930f597b8a7a5f1bd732280783be0b0c866
projects/A_off/simulations/m0r0_A_off_S0_r01/result/iteration_99,8087,8675e9ff921f76ad1906734df12c99da73719960b0e0f9bf5c387b7038c47a2a
projects/A_off/simulations/m0r0_A_off_S0_r01/sim.yaml,415,fc955d290874a77d6947194fae93b27ceda165cac2538eb292dc990706c62fd6
projects/A_off/wind/wind_iteration_0,44236808,efbc306f925bece4340d3bc3ed04fdc8c9bb8b475740e5c91b53f2fb81641a23
projects/A_on/OccupancyGrid3D.csv,7373075,b4084d847ab3a33d8aacbe9e4123c22f34429c0cb0a3057768efa6f731b573ef
projects/A_on/config.yaml,115,eae4708d38c3d59f82721641211a0878a335449d879648aea81216bcd7a5e332
projects/A_on/simulations/m0r0_A_on_S0_r01/result/RECORD_TIMELINE.tsv,4087,dac132ae8b0d3d173a2f2226a4f323f1a68165a76c326632b22355a21c0b19d1
projects/A_on/simulations/m0r0_A_on_S0_r01/result/iteration_0,122,448ab90b11f8a75bf16e9075de4877396775143fa1a8ab8bb4679ec02a267894
projects/A_on/simulations/m0r0_A_on_S0_r01/result/iteration_1,222,1316e745333e65a9095a56db8db055de06a4c64f113da1bf6c17b71abd45a52c
projects/A_on/simulations/m0r0_A_on_S0_r01/result/iteration_10,1027,1601afa4dcd00499ced7a97ce72f7ad74e0fcf1bbac16f363225d6745cfcbae8
projects/A_on/simulations/m0r0_A_on_S0_r01/result/iteration_100,8144,e637dbcc37ced4a23a75d290c28c3fb0a7811e4bfb4023480d0679a83bfdbfe7
projects/A_on/simulations/m0r0_A_on_S0_r01/result/iteration_101,8227,eaf0cd3eb81c1160e0785c387590b24ad133862fd75f5359156fb73db46bbdee
projects/A_on/simulations/m0r0_A_on_S0_r01/result/iteration_102,8306,ed0669d4b8816a1a16d4106ff17efd681996bc8cd628cec91c09b933491b8771
projects/A_on/simulations/m0r0_A_on_S0_r01/result/iteration_103,8399,c564622121ff2eae5c3a3f3e87fba3577341de3627a3b9301787547a7475ee9b
projects/A_on/simulations/m0r0_A_on_S0_r01/result/iteration_104,8493,5d8bf8052031d6e98337c997a3a443fd0d0c830ef8ad1506e01425fc6b23b559
projects/A_on/simulations/m0r0_A_on_S0_r01/result/iteration_105,8572,ce67721bcb54888a0e637f59b9b95f749e526ed7a2ed9ea4ae69a1576ace780e
projects/A_on/simulations/m0r0_A_on_S0_r01/result/iteration_106,8659,fa74de370399d3be59955114c13f2df5a42bee13a4cb3138f4701349e7657169
projects/A_on/simulations/m0r0_A_on_S0_r01/result/iteration_107,8750,284775b3e51945bc222d2bf6828676d940587a34ebe02d20ecb444eac4d0fd53
projects/A_on/simulations/m0r0_A_on_S0_r01/result/iteration_108,8840,16ffd07f2440e4f36667eafdfabb09726983805540adb0cbe61252942cf6c9f4
projects/A_on/simulations/m0r0_A_on_S0_r01/result/iteration_109,8918,d808f5c1f146e38923779c0acbd5e1ec8d721b15a6e12ed6ad57ebe5252023ef
projects/A_on/simulations/m0r0_A_on_S0_r01/result/iteration_11,1112,9ae4db1d351cfe1ad934fbfe2320f3e88b82728eba4a911366c86f8d789a6b69
projects/A_on/simulations/m0r0_A_on_S0_r01/result/iteration_110,8995,f714edc04a31be9231ed70db1384786ae80b475988bf4b8fde8c0c558410585b
projects/A_on/simulations/m0r0_A_on_S0_r01/result/iteration_111,9084,fadb0c812e63e4193df79c07510b394ce1e7fe8dda1fd57c75eb02b9b1984810
projects/A_on/simulations/m0r0_A_on_S0_r01/result/iteration_112,9167,b60104371800c9caa888a791dad6faa946336fc3d7a0e3c68f8036353902fbb5
projects/A_on/simulations/m0r0_A_on_S0_r01/result/iteration_113,9277,f1f2fda425d7d7831c66ae0bd574aaf97002c61b516ff66689229d18d5b3af6e
projects/A_on/simulations/m0r0_A_on_S0_r01/result/iteration_114,9360,5dacdfa97554a92fa2fb62268a97901ebe49cc67fd04a0c01b6d52e80ac158ce
projects/A_on/simulations/m0r0_A_on_S0_r01/result/iteration_115,9457,f06d01bfb5ab33d9f7c9538b448a7d498260be7f5cfa88020d38256cf4947481
projects/A_on/simulations/m0r0_A_on_S0_r01/result/iteration_116,9536,3a53a3470aadcd8fa11882940180b8981688682a58e7008c820806c5a1878499
projects/A_on/simulations/m0r0_A_on_S0_r01/result/iteration_117,9629,91dce47eab6cdf9b7bdb19d1dd65a2f322ef6d3974abaf3e54909f666f363bca
projects/A_on/simulations/m0r0_A_on_S0_r01/result/iteration_118,9713,e6e96d8fbb0708c75c63a60bef9abaa90829c59b658ed59b582f2aab434d14df
projects/A_on/simulations/m0r0_A_on_S0_r01/result/iteration_119,9811,556e325aedef3c19347e027bc1dec0f3a0bb72677a5ef635b0ef72a5ec81655d
projects/A_on/simulations/m0r0_A_on_S0_r01/result/iteration_12,1200,4fd5805795cf4d7d318ae684493cf20bdd3fb5606def23a35bc408570cf0da8f
projects/A_on/simulations/m0r0_A_on_S0_r01/result/iteration_120,9904,08646e5fc721e2b3fc5e482f8622708b5a240914a68e416f3c2a5243ded1c4ae
projects/A_on/simulations/m0r0_A_on_S0_r01/result/iteration_121,9980,9604ea482f29a0ba10f4a8aa0f26b4af18e669398d2a4c0cfc9d7940bde60e27
projects/A_on/simulations/m0r0_A_on_S0_r01/result/iteration_122,10062,9f61b42712db8e79e0ea327908133f7b5b379ae16b20857b215153c4976e95a5
projects/A_on/simulations/m0r0_A_on_S0_r01/result/iteration_123,10170,51ee32788866fac66798b79c34e25c24552ea2d2e22fdcb4b1403058c73dc6bd
projects/A_on/simulations/m0r0_A_on_S0_r01/result/iteration_124,10256,ab6d42b5786eb6463a2d3d301481dc1ce56ea8b69abd85ed6835cb4b4c9e6d8b
projects/A_on/simulations/m0r0_A_on_S0_r01/result/iteration_125,10342,a5c13421276fec6514c88ae5bbe98754d60b194bb1506239760f769c0cbcbfcf
projects/A_on/simulations/m0r0_A_on_S0_r01/result/iteration_126,10438,4656eea60c2e5f22ba63fd277c22ac6f878744e6bb8dd0385831911bbad43f47
projects/A_on/simulations/m0r0_A_on_S0_r01/result/iteration_127,10507,987abffa01b4c90f79c776107592c1567b0b64b5264cbe302cd1184c1bce8f5b
projects/A_on/simulations/m0r0_A_on_S0_r01/result/iteration_128,10617,a670bb429108216b0ef10f4612f4a765e586cdc4b133060ae574b46096e92ed7
projects/A_on/simulations/m0r0_A_on_S0_r01/result/iteration_129,10688,8286f4c4d311d727df5790621f2100cf1624626f5d2e0194a3752e829bbcfb91
projects/A_on/simulations/m0r0_A_on_S0_r01/result/iteration_13,1288,bbaa210f912eee28359a9fe4aa2436e187855f45e9c717f34101507af60f2f5b
projects/A_on/simulations/m0r0_A_on_S0_r01/result/iteration_130,10777,b478d42e8a9c27ff58761df70ed0d6d5354574d9a7ff98b9d8552e0748076004
projects/A_on/simulations/m0r0_A_on_S0_r01/result/iteration_131,10874,392120abfbaa218eab81c756b74079f51547c13e8c36b1cfc548e35a02c78dd3
projects/A_on/simulations/m0r0_A_on_S0_r01/result/iteration_132,10965,53dc5f802ac96d74284522698c794ebb4341ca72624a4f9903516176a5d145c2
projects/A_on/simulations/m0r0_A_on_S0_r01/result/iteration_133,11042,da2eaf108271bdd09776ef3a8a3141013fa8f596b633b6d976f84988d7c0bf32
projects/A_on/simulations/m0r0_A_on_S0_r01/result/iteration_134,11139,360a18b0f56199bad21992aa397e065ed1742c177de1a2427bfdd7df9325238d
projects/A_on/simulations/m0r0_A_on_S0_r01/result/iteration_135,11215,64d14057cbca54631239cfbfa165117f27549e156a7a74dadfd08bb3ecce155e
projects/A_on/simulations/m0r0_A_on_S0_r01/result/iteration_136,11306,ff73ff86bea35c46c277a8e6e82ab6eaf75d7803fa6d02add623b7cac1224f57
projects/A_on/simulations/m0r0_A_on_S0_r01/result/iteration_137,11400,43c0fb8c24189e7b76267660c2fccbe98f87a6f6dcb8ee314bbc00ed243ca5d7
projects/A_on/simulations/m0r0_A_on_S0_r01/result/iteration_138,11498,43001daffb0aec20b00d6680321ff646fdc153889eef922659a899ab1cc32106
projects/A_on/simulations/m0r0_A_on_S0_r01/result/iteration_139,11575,e0a905e08fea1e261e4636780fb22b294b93b88cdd772a5349d62a23753a2ad9
projects/A_on/simulations/m0r0_A_on_S0_r01/result/iteration_14,1377,21bc89576fb393a1a35ee4c3108f03fcd8adbd9fee8c59501741ca23afd0709f
projects/A_on/simulations/m0r0_A_on_S0_r01/result/iteration_140,11658,95ca826b9b592c86c032a266dc12bae11c25ff867e587d5b75d37e91f42f4c32
projects/A_on/simulations/m0r0_A_on_S0_r01/result/iteration_141,11758,170a6a21600288125f1e2daa52c3c661385ddca374d0ce0e4088d6b10f16a45e
projects/A_on/simulations/m0r0_A_on_S0_r01/result/iteration_142,11839,278c9dc82065fb5b147a5bae47b76bb45b6c4fe3f214773a713c0fac7f51a8b1
projects/A_on/simulations/m0r0_A_on_S0_r01/result/iteration_143,11935,94994dde9466cd6404ebc70a1a806d8638073e9672d8d5cfa1e298b124e38452
projects/A_on/simulations/m0r0_A_on_S0_r01/result/iteration_144,12016,4388fed40b76ed57abdfa18e86d65056b77f3dd8fb15c78be226082a39a34fe8
projects/A_on/simulations/m0r0_A_on_S0_r01/result/iteration_145,12099,31a200e0f5b3c73a3d6ac64eca309fad638002c05bc9bff0a361c28bc293b296
projects/A_on/simulations/m0r0_A_on_S0_r01/result/iteration_146,12202,c492b50d00a6816964036ee2fadd3c9bf3a4fbe3c01692dd272dd5c7d74da0c5
projects/A_on/simulations/m0r0_A_on_S0_r01/result/iteration_147,12285,49888ff751d8336000830ab15f63dbe70136fc0b0687e50bb8561e4a2ba91e69
projects/A_on/simulations/m0r0_A_on_S0_r01/result/iteration_148,12379,e8946dc35da6c01309da57438b8684681bb6b4699c98ff285e693523f612fc50
projects/A_on/simulations/m0r0_A_on_S0_r01/result/iteration_149,12462,5adb7360b645de22680b254f25cfb41f128615f3d9d079ab1a2c5f3678ce6bd7
projects/A_on/simulations/m0r0_A_on_S0_r01/result/iteration_15,1445,2a27ab46bff93f8a761e8c3e46072cdc476c1d607fbb174dbaa08913ace2e41c
projects/A_on/simulations/m0r0_A_on_S0_r01/result/iteration_150,12544,9c6994f593b1e0a285c32e363136b2ed1df0b594ff0bed49d205a8c3a83abdd0
projects/A_on/simulations/m0r0_A_on_S0_r01/result/iteration_151,12656,809dac8de93f644bc91455b5e80cca6e427947d595a926af7691082ac2463a07
projects/A_on/simulations/m0r0_A_on_S0_r01/result/iteration_152,12731,8b075817af6979e3f91b3c937ae5bed1102806838e819a2ec6e85938adda5454
projects/A_on/simulations/m0r0_A_on_S0_r01/result/iteration_153,12820,8a6cd2253a819b04eeb13db6b8808ca442c3578d30b362bf10695936c4659d74
projects/A_on/simulations/m0r0_A_on_S0_r01/result/iteration_154,12909,218c267ea42c86fed3817d5f6f8de3509c4a5c78a6de99eb374cb58b17b51897
projects/A_on/simulations/m0r0_A_on_S0_r01/result/iteration_155,13003,4af2ea99c4c21e5c2271baf3737176572ffc4e11ae519969a5808fc3c74b1fb5
projects/A_on/simulations/m0r0_A_on_S0_r01/result/iteration_156,13080,a86feb9c31d9cc3033dd9018f9cccf3fa3c108e515c39a2755f45ddd7b3416cb
projects/A_on/simulations/m0r0_A_on_S0_r01/result/iteration_157,13172,64a03d5207d4511031f2906b2e0e04467ccf6fa13b2283796c778097e54a59f4
projects/A_on/simulations/m0r0_A_on_S0_r01/result/iteration_158,13249,7b476912322e734210af2d06b039fc08b4287f4694844a79f45654a366dd3464
projects/A_on/simulations/m0r0_A_on_S0_r01/result/iteration_159,13357,3b43317bcd3fe93e5d02beb5e142a7060bc81147f074f029db5753f480609592
projects/A_on/simulations/m0r0_A_on_S0_r01/result/iteration_16,1529,ae47288cf63e536a132a0f543e10fc7aeb19adca11756c840a7a30802701a421
projects/A_on/simulations/m0r0_A_on_S0_r01/result/iteration_160,13446,e26cef3f80270429c377d5df4c9b1222fd5687457c05c3e3b2c8dc80c21b1ff5
projects/A_on/simulations/m0r0_A_on_S0_r01/result/iteration_161,13524,d5b2e4342db3fcf2b35fc3be88645fdc785e2518c57da724b822c3ab634c301d
projects/A_on/simulations/m0r0_A_on_S0_r01/result/iteration_162,13612,d7adb5fcb482d3cc09e263972f450b31d6055b312d4538f50912b413cd3f3894
projects/A_on/simulations/m0r0_A_on_S0_r01/result/iteration_163,13708,eaf698c3a318b71e3d32ae52f94f2547614b034faa2aab84da3c465a26865052
projects/A_on/simulations/m0r0_A_on_S0_r01/result/iteration_164,13800,c97ec9e186113ef767bdd5aa3e621143b9936fddcb6ce703f4249c1059ed5a8a
projects/A_on/simulations/m0r0_A_on_S0_r01/result/iteration_165,13902,2b426bb39ebbe83edb239cc85d8d576277947a1d200c7c7dc262e599445ab1dd
projects/A_on/simulations/m0r0_A_on_S0_r01/result/iteration_166,13985,5fa758c137c2917a2493c17e2f82769c8e7c5f46de3fd8579da8340687b75383
projects/A_on/simulations/m0r0_A_on_S0_r01/result/iteration_167,14063,ce54d2abbd4d8cd4dad83f5d387c07c60eadbc7ba0c5b491b206589a5d51a425
projects/A_on/simulations/m0r0_A_on_S0_r01/result/iteration_168,14148,36bf6ea5374a477c0e277f735f0bd97acb08269cfeb2f7dc9fadb65f21899990
projects/A_on/simulations/m0r0_A_on_S0_r01/result/iteration_169,14216,4c4a7b091834d9a78a2dbdca9592479c64f32a04bffebf8e6dbbea249db9926a
projects/A_on/simulations/m0r0_A_on_S0_r01/result/iteration_17,1601,34597026a6142610785f06e36931ef85f929a5bdc8c9f724aa693ff126160a06
projects/A_on/simulations/m0r0_A_on_S0_r01/result/iteration_170,14330,10f70e396275742a5deba57d68c653c27d10c58eb8465cd65aca5c4672e24679
projects/A_on/simulations/m0r0_A_on_S0_r01/result/iteration_171,14428,ff712d4aca097059fd7cbe374e0fc56cd81d7f5a3a2d804e618b7809928e2ea5
projects/A_on/simulations/m0r0_A_on_S0_r01/result/iteration_172,14513,e20d9aa1ca77a0a3484af88127e4aed3339dd042cba91aa787b0e77445e806ab
projects/A_on/simulations/m0r0_A_on_S0_r01/result/iteration_173,14595,b4558c6b8e7c89c31d15d751657ac57e4e35ac64df16315826f3db8d186419b2
projects/A_on/simulations/m0r0_A_on_S0_r01/result/iteration_174,14663,0a13899306375b043ad800dc33a9c532494de629906d5eaf54925d321637d0aa
projects/A_on/simulations/m0r0_A_on_S0_r01/result/iteration_175,14782,876008d5321c92e9e9fc540f374a49f5790dde61459ed7b5b241a4d472743a5d
projects/A_on/simulations/m0r0_A_on_S0_r01/result/iteration_176,14872,267413e24d1aeaf568a5d87d38f028a7745fed731f6ac65aac4e93cb47d05408
projects/A_on/simulations/m0r0_A_on_S0_r01/result/iteration_177,14942,94e7c741c232f3214b001c340bc9dcba2f23b9b173e8e3753f033a959892585b
projects/A_on/simulations/m0r0_A_on_S0_r01/result/iteration_178,15023,7324bda7723902b3d9bd031da3cd52ecb376fb733e9328b9e3f7d77405258b73
projects/A_on/simulations/m0r0_A_on_S0_r01/result/iteration_179,15139,97346ab8eda5f609cde2cac5d4e9a0879e3cba4b64bfbc47dd2934b8874fcca3
projects/A_on/simulations/m0r0_A_on_S0_r01/result/iteration_18,1673,9dbed5c67a0f87ce26d6f9ee90cce0b9d09a2e2bfbdad36f11a5b939e4228fc5
projects/A_on/simulations/m0r0_A_on_S0_r01/result/iteration_180,15207,ae4dc352085a54e3390df6c999752b48b3497218b87e15e8ed905a557a6950f1
projects/A_on/simulations/m0r0_A_on_S0_r01/result/iteration_181,15311,bfa3d2b18fb141ce2d7dc63db53b804bbcb1c6dd5e94a894f72d46f20c8b47a4
projects/A_on/simulations/m0r0_A_on_S0_r01/result/iteration_182,15402,8eba3459f50aa23bcd8b3faf946a5381f37011ce0aead877589e42edffc686e9
projects/A_on/simulations/m0r0_A_on_S0_r01/result/iteration_183,15522,402af06761631bdd9c9f3c18402a05c9f07e757d08cb3a9220891d023cbcaa42
projects/A_on/simulations/m0r0_A_on_S0_r01/result/iteration_184,15590,634efa0e48cad45139808e0f3462fc7d3ceb69d000c562b4bdf554a1713a4dbc
projects/A_on/simulations/m0r0_A_on_S0_r01/result/iteration_185,15690,282de95e0581483fbae25c932c9eca513229510cd41314a3553ab520f7b4ca45
projects/A_on/simulations/m0r0_A_on_S0_r01/result/iteration_186,15785,957b6beeee61a0bad1268b3ae41c86b8d280eb3cd0eecc6373b2e7a34b1a03cb
projects/A_on/simulations/m0r0_A_on_S0_r01/result/iteration_187,15876,506521cadfa6e2b10a3df6c502a06ccc929c7239f3b8d73e5c83a1abfd608c5b
projects/A_on/simulations/m0r0_A_on_S0_r01/result/iteration_188,15962,fc44be43128b7b6285453d716b14c3bb2b83bb223d50e648edb617fa6001c46a
projects/A_on/simulations/m0r0_A_on_S0_r01/result/iteration_189,16054,4bea44016f33375ea195c81908128c273e5524e15b630d6c9663a2bf25e8d614
projects/A_on/simulations/m0r0_A_on_S0_r01/result/iteration_19,1744,403e5a9c5238028dc498b4275223674664d046c9fc97681bd966968cee58b557
projects/A_on/simulations/m0r0_A_on_S0_r01/result/iteration_190,16134,810b936bc77818d9aa4a2bda41cd636e252cb36ca6fc9c301cbd3d9e160b9c49
projects/A_on/simulations/m0r0_A_on_S0_r01/result/iteration_191,16237,d8105f0aed205116e4c79384a53dc7b437623ddb986957b6663cfeca5bb08047
projects/A_on/simulations/m0r0_A_on_S0_r01/result/iteration_192,16340,e900b8ed5d5b5fb23ab52d5934bfe0c4b995497dac1293a75f0627579cd2f75e
projects/A_on/simulations/m0r0_A_on_S0_r01/result/iteration_193,16417,3051afb62fd488ef25c62b2ce47a25b71afe6c02b49a9a9f28afbb7d238cda36
projects/A_on/simulations/m0r0_A_on_S0_r01/result/iteration_194,16497,ac685927c4f85b6d128a13aac5ca9b29a3e18c0df331f3de2847520c2d41b269
projects/A_on/simulations/m0r0_A_on_S0_r01/result/iteration_195,16584,bda4c2cb6380f345beadb8ade96d65dde20a703255838d916a793acff77a1d7e
projects/A_on/simulations/m0r0_A_on_S0_r01/result/iteration_196,16687,c7c0057925f4328cef6dc44970a66f0f246eef98f4e4a3cece8f7d376faf2e77
projects/A_on/simulations/m0r0_A_on_S0_r01/result/iteration_197,16758,b9a629be426c89c1e2b9bf6df810889fe4b28527cd0f80f1671d64b599f44725
projects/A_on/simulations/m0r0_A_on_S0_r01/result/iteration_198,16861,3fb82d8ab3ab73ea814fdc1a65e4c76bd81107f1dce5641f07485ab21f4eb893
projects/A_on/simulations/m0r0_A_on_S0_r01/result/iteration_199,16951,81b133d1ad2abc71e670f1831ea89630077ec62387f652b7a9cc2f3edd2bd172
projects/A_on/simulations/m0r0_A_on_S0_r01/result/iteration_2,307,2c0444dadb0ecdf410c322da640099e43464cc70940a8310ef01d77e2e0862cd
projects/A_on/simulations/m0r0_A_on_S0_r01/result/iteration_20,1817,f8b79245f55e86dbcb9d4de259a76af17f0d5ef9117aba88e34fb146ea9b09a6
projects/A_on/simulations/m0r0_A_on_S0_r01/result/iteration_200,17022,12998d7fb2386584e7d6c7efedc27a445376184316422e058d26701615e71e33
projects/A_on/simulations/m0r0_A_on_S0_r01/result/iteration_201,17117,da9c66d8271627ca32237befe7a94839ca79de0df83d88bd8aa7d6c1cd3a154d
projects/A_on/simulations/m0r0_A_on_S0_r01/result/iteration_202,17204,2bcf14693be26d3582b70390fae27ae0daae7774d889edf97ab8bc47f719c6eb
projects/A_on/simulations/m0r0_A_on_S0_r01/result/iteration_203,17297,bf99ba30e34bd35d706d9aa0d0d6c3c61bcb919fcd64a95ae843330c01b8ccaf
projects/A_on/simulations/m0r0_A_on_S0_r01/result/iteration_204,17374,0b3865e75aad9f9c9ec8cc1a271f8de87730897d3df93cbbb600c0820b5d039c
projects/A_on/simulations/m0r0_A_on_S0_r01/result/iteration_205,17460,1262f2242ee92fbbc0c6efd9bc5268d1f3211a9f065fda29a0b033fc6070306e
projects/A_on/simulations/m0r0_A_on_S0_r01/result/iteration_206,17537,3c46ac72ddac3eb22f324f4d932e69c6dffd7464c6da49a2ce7f991f6662ea55
projects/A_on/simulations/m0r0_A_on_S0_r01/result/iteration_207,17639,fcea0ffdf166a5df1902d624a1ba6f8a06893235480ef11058c71af2159eb452
projects/A_on/simulations/m0r0_A_on_S0_r01/result/iteration_208,17709,bf984fc84ff0894d215da853387e5921285567e5fe58cfb4debe8cefc01af99a
projects/A_on/simulations/m0r0_A_on_S0_r01/result/iteration_209,17787,8227ab42378bad9d2a97fd503b5a5af022f57ad716ed26a2ff05735ca29c051c
projects/A_on/simulations/m0r0_A_on_S0_r01/result/iteration_21,1887,f2f89ae065e840f9258b905296d07db25f97703757c3b1dbf4b92572bb92dd6c
projects/A_on/simulations/m0r0_A_on_S0_r01/result/iteration_210,17880,ccbaa1b63b77aaf5cffab1d86511bc8d201ea2c2d36fd25099737585ffae4d81
projects/A_on/simulations/m0r0_A_on_S0_r01/result/iteration_211,17952,9625a69ab6d66b85631ad97378fe86023058287d5f3fc87beac44e1c4e4dd07a
projects/A_on/simulations/m0r0_A_on_S0_r01/result/iteration_212,18070,62c4e800ad531915d6c5957553a8fc24f8f572527a2daca163119f29d22119c9
projects/A_on/simulations/m0r0_A_on_S0_r01/result/iteration_213,18141,8f73977960500e7ad12c64eee26ef0713f4db497a486ca9d1e74ed77dc3b359d
projects/A_on/simulations/m0r0_A_on_S0_r01/result/iteration_214,18219,11924f1a5af72b724ff76f65a10497a233c037274926f93739be4cef8b59d5ec
projects/A_on/simulations/m0r0_A_on_S0_r01/result/iteration_215,18318,b1c4f7cd8ad016b1d9113a94ee37b41295abfade8001e1cfa9a58134c9b036b1
projects/A_on/simulations/m0r0_A_on_S0_r01/result/iteration_216,18405,44c473caa80bce4d1772d0ae3aea84996da4adb1d81af328d6b017a247dc483b
projects/A_on/simulations/m0r0_A_on_S0_r01/result/iteration_217,18483,a40f0c5944e3d202f855ba5c740a00ac439965d9f7b9687eda3ef4143a3b267f
projects/A_on/simulations/m0r0_A_on_S0_r01/result/iteration_218,18574,ce7725a58abb58738d6a6776c97de90008c2d305cd51897e496d1cfdeaaca02d
projects/A_on/simulations/m0r0_A_on_S0_r01/result/iteration_219,18644,44dfbbc09cf2dc0d1b521d1ad472a6b48038f8a813b578a96788e3aee8153ff9
projects/A_on/simulations/m0r0_A_on_S0_r01/result/iteration_22,1957,9e13e7444300eddb372798724e5027657a02393f9a49df0647e4e90e30d1a96c
projects/A_on/simulations/m0r0_A_on_S0_r01/result/iteration_220,18737,6370f50af91c42022b25ee2b5bfab7c970ccafc792011d0ddd8b8cfc881b2129
projects/A_on/simulations/m0r0_A_on_S0_r01/result/iteration_221,18833,14cc37fad26b2581a319f4f24d89418e17b284c34318cf27f2ccddae66a3d2a2
projects/A_on/simulations/m0r0_A_on_S0_r01/result/iteration_222,18925,b176017cb988dd745e411e7616a32daf9e4127b917943fc650ff9b0d7e74d2b9
projects/A_on/simulations/m0r0_A_on_S0_r01/result/iteration_223,18992,166409604d3f33a47b3d17f1786f44215ecf3610f2b88df74464f52acf4b3406
projects/A_on/simulations/m0r0_A_on_S0_r01/result/iteration_224,19086,9730bc7641de6212edd91a4c8ce98bc2f962a3d061e64a5eb3de16a2ce0531dd
projects/A_on/simulations/m0r0_A_on_S0_r01/result/iteration_225,19158,1bf364c08cb4eb78c3a9c2ab9be997ae411864a1f5697f74e294b6317786e67d
projects/A_on/simulations/m0r0_A_on_S0_r01/result/iteration_226,19240,3cac7dd90de93cf70948d88feaa9c9eb66701de19e71e865a29f59ca5216deb1
projects/A_on/simulations/m0r0_A_on_S0_r01/result/iteration_227,19303,77ee198c857389fc46667b5c4d4275dc203f0a1a478a204f422a34dcede943ca
projects/A_on/simulations/m0r0_A_on_S0_r01/result/iteration_228,19381,862529770bc5509326ea468f90597c3092ece0713877588850010f4ec77f993f
projects/A_on/simulations/m0r0_A_on_S0_r01/result/iteration_229,19431,3d83766f71e5b8ed6bc0ec86ee9fbecbecac1d4761615781549dc6e304f67f3f
projects/A_on/simulations/m0r0_A_on_S0_r01/result/iteration_23,2035,181db2e3725dd15e8d2e0cf2de4db31e0054eed21e32ec92796ba8f4ee45c0e4
projects/A_on/simulations/m0r0_A_on_S0_r01/result/iteration_230,19514,31f36557a5c5a0906689362cf251ea6d839cca73e96fc1eaa4a54d06b38cf602
projects/A_on/simulations/m0r0_A_on_S0_r01/result/iteration_231,19589,0564217e38948b17c97567af71beb50048d6834be9a5619639a578819ad5dd7b
projects/A_on/simulations/m0r0_A_on_S0_r01/result/iteration_232,19670,668d86abbc5a96bb59c92b99020e786fd0f00d82c98466549c2e144f55a7cd94
projects/A_on/simulations/m0r0_A_on_S0_r01/result/iteration_233,19746,44ddc0aca55ece17d85702a4d52b7bff4ba8e22c790c431dd3da7bfdad4a43b7
projects/A_on/simulations/m0r0_A_on_S0_r01/result/iteration_234,19823,4dc78756cc41d93d306523e03eba7125b0d677f83520df98741256f7365ebd81
projects/A_on/simulations/m0r0_A_on_S0_r01/result/iteration_235,19880,75cfc0aa4c1cda86987c8ec69572db205eee5096ecb8e5a6ab4314da73a52127
projects/A_on/simulations/m0r0_A_on_S0_r01/result/iteration_236,19961,62312abe605c1c4cc6d9fb699c92a0716e763e78e74bd49736146c64f3d10fd9
projects/A_on/simulations/m0r0_A_on_S0_r01/result/iteration_237,20023,54a68e099eee974f6a11f1f6c62016bf7c7a92f7aac8fe72432c3791cf0aee58
projects/A_on/simulations/m0r0_A_on_S0_r01/result/iteration_238,20128,96adf7e18f604468e8baa66860c6b96fd35004009accfb80eadd3adddae46892
projects/A_on/simulations/m0r0_A_on_S0_r01/result/iteration_239,20187,9a4b21dc69e82f77fd168c8249aef538b6736f3164f99057a4236a4ef19cfcf5
projects/A_on/simulations/m0r0_A_on_S0_r01/result/iteration_24,2104,84aad8d0624fbb90c81adbfc6b9dfa67cdabb255d81656d5b924077e88732703
projects/A_on/simulations/m0r0_A_on_S0_r01/result/iteration_240,20271,d5dad1456e1c8bd18ddacf259bec6f6b84e9f425c873a5f1fc4038910678c8fe
projects/A_on/simulations/m0r0_A_on_S0_r01/result/iteration_241,20320,db0c4c7490e224ff1d14e223e3dc528ed18fce943804a184539f56c0d4007e67
projects/A_on/simulations/m0r0_A_on_S0_r01/result/iteration_242,20382,2291f7fa59682c094ac5cce10cf48b4d8f015aa5c7fb29f955d9b4fd178d5abe
projects/A_on/simulations/m0r0_A_on_S0_r01/result/iteration_243,20477,fb97e183af19d658ba469f6a737fe54c536c98ccfe084c81b6d96b86360891a5
projects/A_on/simulations/m0r0_A_on_S0_r01/result/iteration_244,20552,c0f95e757025dc7eb533eb9ddeb01f50bb7e9ffd9342b041a76868a4410723d9
projects/A_on/simulations/m0r0_A_on_S0_r01/result/iteration_245,20602,80c4d2343fc2180028db54cf27708e38eacdd8b591bda70cc0b1ed71433b3b2a
projects/A_on/simulations/m0r0_A_on_S0_r01/result/iteration_25,2173,964e5bd59ac64c5363c141ddf232b0d6a7dc45e5aa7db370fe7f8572cd6ecfc0
projects/A_on/simulations/m0r0_A_on_S0_r01/result/iteration_26,2256,50abe152c4d909248f8d44067ea35308e6afdf6f39a4e545f375f06f827d61e7
projects/A_on/simulations/m0r0_A_on_S0_r01/result/iteration_27,2320,394dc88cc381d4c5c61fb605a63cdac4aa52fbfd8568a573cdd4dead385401fa
projects/A_on/simulations/m0r0_A_on_S0_r01/result/iteration_28,2396,256eebf3243af831bd620eeec0c1816bafe82443e3cf46f45a69b3ee517bd4c1
projects/A_on/simulations/m0r0_A_on_S0_r01/result/iteration_29,2469,c6362262138cf3a512131abfdcbf4e3b8abfbfdd187be404a315302e9b4bf63b
projects/A_on/simulations/m0r0_A_on_S0_r01/result/iteration_3,388,5e3ab251f0b219cbb1f731398462a09a4444bc8534213ae2d4ce5680a6d3d261
projects/A_on/simulations/m0r0_A_on_S0_r01/result/iteration_30,2542,5b6dccdc340c6ff5f023277e33aa76a0ff7d1e1048f8d4616028f4ce6186d8a6
projects/A_on/simulations/m0r0_A_on_S0_r01/result/iteration_31,2619,0fe2a2b61a000f9b2f2fd3ece88425a29d3515a421eadeeb7a3ef183599ee5ec
projects/A_on/simulations/m0r0_A_on_S0_r01/result/iteration_32,2678,3ab647f6ff62818ef0d83a338e5d48b15566c4a6723ba048f1f36173c6ba9920
projects/A_on/simulations/m0r0_A_on_S0_r01/result/iteration_33,2764,608872094f0b758ed5c727857fa7c917a41458d249851feee89b86a4936227f1
projects/A_on/simulations/m0r0_A_on_S0_r01/result/iteration_34,2828,434abd39872e718305ecf645c58f2aec59d33a3e5376aeb65b1f2decfed0761e
projects/A_on/simulations/m0r0_A_on_S0_r01/result/iteration_35,2892,4bf1f8299ca63f66118e05246c5b994e15c776195a4f557421d314f421333fd4
projects/A_on/simulations/m0r0_A_on_S0_r01/result/iteration_36,2966,e654aa3aa5643a5a025e818edbc0b3e0fb7a386f6febb82df3444a97268671ce
projects/A_on/simulations/m0r0_A_on_S0_r01/result/iteration_37,3049,0a42286e6df9d40bb1b9b7c8f074373c8dfc2676d04ea9c6b9f4e8b572fdbe93
projects/A_on/simulations/m0r0_A_on_S0_r01/result/iteration_38,3125,1ccfe44aad7fe8b09e113798f7334c59af17dac7fdd90f595c66e59d28feb85f
projects/A_on/simulations/m0r0_A_on_S0_r01/result/iteration_39,3191,8bd88443d5cf7b44198805a4b6487317863c097e80c529a29d2115c362bfca8b
projects/A_on/simulations/m0r0_A_on_S0_r01/result/iteration_4,490,c75a5a820b5c067a24b53b015476657ae056ead3b4d1be20eae769c264b502e7
projects/A_on/simulations/m0r0_A_on_S0_r01/result/iteration_40,3269,09738b1689a9110e356b9d95043eb18a42383f93c147a2eee9c65d502a03f8fb
projects/A_on/simulations/m0r0_A_on_S0_r01/result/iteration_41,3334,49efe066ac9769583281fa1c1c90c1c6309ed6ec92e52d0f94e4d17a304ee706
projects/A_on/simulations/m0r0_A_on_S0_r01/result/iteration_42,3404,255bb10d158d01eb99bd16d21ed768a88fbe75910ceca408a94b65a5d5c6bf57
projects/A_on/simulations/m0r0_A_on_S0_r01/result/iteration_43,3480,e8a47681052db40ca94e816d61e7fe5cc0ade3a35a2847ce7aac1f2dc5bde183
projects/A_on/simulations/m0r0_A_on_S0_r01/result/iteration_44,3551,b108e01793bd141f86f36525f1955aca256b8d1572ed98e2768791f1a3a7e151
projects/A_on/simulations/m0r0_A_on_S0_r01/result/iteration_45,3631,226c83ba0b68ce123f4730ce15ecc9edd74ba68bce33d1545f87d2488021437b
projects/A_on/simulations/m0r0_A_on_S0_r01/result/iteration_46,3700,5d56e1edbd2991fb9b3462be29962854c27d00159310df214866976323e3ca2d
projects/A_on/simulations/m0r0_A_on_S0_r01/result/iteration_47,3761,da44671fb26de71a82aa1e563e0119d97ef7f3137d79771e99b4f3d932d24a24
projects/A_on/simulations/m0r0_A_on_S0_r01/result/iteration_48,3841,dd8a76d71b2544928253cc5df90df06d95177da477ea199a074d97f4407be04d
projects/A_on/simulations/m0r0_A_on_S0_r01/result/iteration_49,3910,cdde43a7f29f049b759ab8570ec3ea18ecfe79d1a5131830afc5e250a435fe37
projects/A_on/simulations/m0r0_A_on_S0_r01/result/iteration_5,580,dbf630cb1da24fd5f6fe6f871fd76a8d91afe0eeef58578c82e59a87bb94f528
projects/A_on/simulations/m0r0_A_on_S0_r01/result/iteration_50,3985,9b9cccbb9505bb7480c0cf4245b6b846792b07c127ac1d8348a7f77531fcb8c0
projects/A_on/simulations/m0r0_A_on_S0_r01/result/iteration_51,4050,2ffc2a54ee4ec456868ca67c81e5a920cbe05e526a67308bf4458ffc80cf2b4d
projects/A_on/simulations/m0r0_A_on_S0_r01/result/iteration_52,4124,fd92f033c4738406041195825efc8da5863fb3c994cedf5f81bc459e90cc782c
projects/A_on/simulations/m0r0_A_on_S0_r01/result/iteration_53,4189,d397b220f88be129ae2b3362be07feb81a574aea77d863e187ee190645927ddc
projects/A_on/simulations/m0r0_A_on_S0_r01/result/iteration_54,4270,5abff7267976e2510612b410269589a4a9aba85e77c5c126b3ab58bc57249a6d
projects/A_on/simulations/m0r0_A_on_S0_r01/result/iteration_55,4339,b62e69cb76efaeab338604be7c1adcac703d8ef3dd05d4f6b897e8f32e73ff93
projects/A_on/simulations/m0r0_A_on_S0_r01/result/iteration_56,4410,9fa67933f2886d844716f2c5f5f10d19fa8ceaa1dfd8dbde47be80e8f0f61068
projects/A_on/simulations/m0r0_A_on_S0_r01/result/iteration_57,4484,40873cf6925eafdf736902d878f95418cbc6431c3ee2bc6d6c7f73c4db8b97ac
projects/A_on/simulations/m0r0_A_on_S0_r01/result/iteration_58,4557,e37dc55011305f2f96f369bd222ccf6b8076db7e277e7c0be33d2a25db7c342d
projects/A_on/simulations/m0r0_A_on_S0_r01/result/iteration_59,4628,63b16c1dfdaebe5aa7da59150a33b7548d5d281d220ebd28b18fa63fc28d1e5a
projects/A_on/simulations/m0r0_A_on_S0_r01/result/iteration_6,665,012f8f0798d5e1252f8295b561c3451141d6595e88c3dc712cb16654c1e05723
projects/A_on/simulations/m0r0_A_on_S0_r01/result/iteration_60,4697,b334e081d8169bfd1638061918853fa257112a34f5c733f5fbcd1a3ef4ac1099
projects/A_on/simulations/m0r0_A_on_S0_r01/result/iteration_61,4781,fd1d3fbb410486a8ce3e3b3c3a25c1bb8e15fd6d1783a92e0b75a42ece17de9a
projects/A_on/simulations/m0r0_A_on_S0_r01/result/iteration_62,4858,d19297d84ad8b094c13994d92011b2076d3f046bd06bb34dc017aeab239f58e9
projects/A_on/simulations/m0r0_A_on_S0_r01/result/iteration_63,4946,46a4bfa47aa76989d432e420910e0f546e48ac2f14701f3902156949ae77f094
projects/A_on/simulations/m0r0_A_on_S0_r01/result/iteration_64,5024,29d802e362f5716f34ddf7f1c6bd89c88889c91afa5667d64b5716241da6bff4
projects/A_on/simulations/m0r0_A_on_S0_r01/result/iteration_65,5114,2eec0640177a06fc371b35679f3914f4f0af708f9932836e1d411b55895aed45
projects/A_on/simulations/m0r0_A_on_S0_r01/result/iteration_66,5203,3ae96c42368074a355227c5914e1b0851ae9da797d719bc63af1473aa7a79023
projects/A_on/simulations/m0r0_A_on_S0_r01/result/iteration_67,5293,6e06e0df0a451ede8b4ff8682803e4e6bb8920ab246c83f8e36c8f42906b2421
projects/A_on/simulations/m0r0_A_on_S0_r01/result/iteration_68,5374,e1addd95841ff7802c6e02a32b43ed85cd97046667cb7b62ce03702473c68146
projects/A_on/simulations/m0r0_A_on_S0_r01/result/iteration_69,5449,aaa1e05e16ed33b61d98f1022fbf6ddef91e315317510748496e43bb0c33328d
projects/A_on/simulations/m0r0_A_on_S0_r01/result/iteration_7,755,e1e031316344f866435a0025545047d36e5e6769e2a644e81e43708b45dc4a44
projects/A_on/simulations/m0r0_A_on_S0_r01/result/iteration_70,5560,84c1011d49d4d3d95ab0169aec76d1e25cd6589552c31c014f77827851fe08cf
projects/A_on/simulations/m0r0_A_on_S0_r01/result/iteration_71,5637,c4edc0449041b49790a5f199437e6909189213afb667f7c5dcc56eefde292eaf
projects/A_on/simulations/m0r0_A_on_S0_r01/result/iteration_72,5723,f2703fa029d1d73be930d9e379ec066fcb70d411697ee60dc1cf3def020f4a08
projects/A_on/simulations/m0r0_A_on_S0_r01/result/iteration_73,5815,1e9cd6ef3a23307d341d00a5cb57837446675774682db3a425d26af8ab467f01
projects/A_on/simulations/m0r0_A_on_S0_r01/result/iteration_74,5894,2b4e73913ab560a1d289eff60fbc3bf7eb4b4828ee7c5c9744e1857844363294
projects/A_on/simulations/m0r0_A_on_S0_r01/result/iteration_75,5978,326339adb4f9eb5ba0d6f5f4f1bb0db4c987673879f5479f8656c2214d3a9d69
projects/A_on/simulations/m0r0_A_on_S0_r01/result/iteration_76,6070,f88c1f452f3fcf8c61a26ced21d89048150537499c64bc65a934d4016a7cccf8
projects/A_on/simulations/m0r0_A_on_S0_r01/result/iteration_77,6159,f6a3bba5f80b2e75e2787b2a5ca244fa90f064d2e087dc4a2d6d92bbb6964f73
projects/A_on/simulations/m0r0_A_on_S0_r01/result/iteration_78,6235,5d8a1f58766bf6f48210dc741d7a9290df6e39cc05540eec14bb2bc19b515177
projects/A_on/simulations/m0r0_A_on_S0_r01/result/iteration_79,6338,4beb257ee976ab3f53ca027274c04bdc9b0375385cc8d8a3378283973ee7413b
projects/A_on/simulations/m0r0_A_on_S0_r01/result/iteration_8,850,83f49a098ec8cb36d26515aad583507a592c46015511c387b90e9b8463450e01
projects/A_on/simulations/m0r0_A_on_S0_r01/result/iteration_80,6419,f959541766f6cb5c7750752229266282e85c3464cd63aae3b95bea931c55aaa3
projects/A_on/simulations/m0r0_A_on_S0_r01/result/iteration_81,6506,de6f8d5fc4795149de835b6a7eab50389a29e1247134e701f65043afb05d4a6e
projects/A_on/simulations/m0r0_A_on_S0_r01/result/iteration_82,6592,db5b7cc0ad9cf1187218daf76f098a948ce000ac257af2058b1feaf85f5a14e7
projects/A_on/simulations/m0r0_A_on_S0_r01/result/iteration_83,6672,743044c36dc3bf43bb18b9848443fee7c8faa658ba2e1c75d8e35891048e5c20
projects/A_on/simulations/m0r0_A_on_S0_r01/result/iteration_84,6761,74d8ed6966e8278a34ba9a3ed1b8e2ea742ceaa7cb79426910a41ecafd8db25a
projects/A_on/simulations/m0r0_A_on_S0_r01/result/iteration_85,6856,61f36aa54f2aed44105dc599a2974f41ccb5756b9aa2ac76b1ee51c0b68b2af9
projects/A_on/simulations/m0r0_A_on_S0_r01/result/iteration_86,6927,6415dbe76998a4a028435b3bf2c71ee3cd70eaab3fcc8f74a6c015eb80edbb58
projects/A_on/simulations/m0r0_A_on_S0_r01/result/iteration_87,7030,6ac6254da62b4f082525289041d36cd9bd5930aae6aca12e6426717e4ea8544f
projects/A_on/simulations/m0r0_A_on_S0_r01/result/iteration_88,7102,cb84c9e56faefb940ba089c4979c1384d30275086f416224d33a7f71699d0eee
projects/A_on/simulations/m0r0_A_on_S0_r01/result/iteration_89,7190,c4f2a878662af30e0a3fd5799816b6ff5db4ba9c40546fb1f729244d68febab4
projects/A_on/simulations/m0r0_A_on_S0_r01/result/iteration_9,936,d23fdfd3ffb5eceb786e374b25c1c564173f7a51d1122e0e93acee872e962cee
projects/A_on/simulations/m0r0_A_on_S0_r01/result/iteration_90,7285,5da603a38dd5105217f47a1e25798d96d16b7d166f99b26cd60479baf79c6525
projects/A_on/simulations/m0r0_A_on_S0_r01/result/iteration_91,7369,da226d9efe601d28be808e2be12556e0ead744c4c9cb5bfae18dc97515e47840
projects/A_on/simulations/m0r0_A_on_S0_r01/result/iteration_92,7453,f0a1c9e8140f781dd41dcd110a4ece98682182a73f0e329b4215d0f911b93025
projects/A_on/simulations/m0r0_A_on_S0_r01/result/iteration_93,7533,49d1f52a0cbad4f6bb4fb8c2a661c4b187f7b6c5896825f55fa436ba80bad859
projects/A_on/simulations/m0r0_A_on_S0_r01/result/iteration_94,7617,0d77eb425ce619733734644a00ad7ad9afaa2bf472212c5b36965aacd1b84486
projects/A_on/simulations/m0r0_A_on_S0_r01/result/iteration_95,7698,71e4cafb69f56455d830039f5ad8e53b14c340d1ec913ce49d76696e11095af3
projects/A_on/simulations/m0r0_A_on_S0_r01/result/iteration_96,7795,ceb35c505c80abca488d20f0a190c598de7836901563bd93ebcc0a45836f3ae2
projects/A_on/simulations/m0r0_A_on_S0_r01/result/iteration_97,7865,052d52164d458c42f7b17703ea24edbc89cf75cb7a0409366d16db4df85b3274
projects/A_on/simulations/m0r0_A_on_S0_r01/result/iteration_98,7955,580b904bde681b6a1f8018003c9487961eec748c793097ab4998217622858ba9
projects/A_on/simulations/m0r0_A_on_S0_r01/result/iteration_99,8051,aa373aebd471ac4c71ab5e841f199044c0f3797c24ee224f4299dab2c62736d6
projects/A_on/simulations/m0r0_A_on_S0_r01/sim.yaml,415,fc955d290874a77d6947194fae93b27ceda165cac2538eb292dc990706c62fd6
projects/A_on/wind/wind_iteration_0,44236808,a85b27480e3afe1bed492dab302d13c19cddadae79054d7f5221f2594266e5a9
projects/B_shear/OccupancyGrid3D.csv,7373075,b4084d847ab3a33d8aacbe9e4123c22f34429c0cb0a3057768efa6f731b573ef
projects/B_shear/config.yaml,115,eae4708d38c3d59f82721641211a0878a335449d879648aea81216bcd7a5e332
projects/B_shear/simulations/m0r0_B_shear_S0_r01/result/RECORD_TIMELINE.tsv,4087,dac132ae8b0d3d173a2f2226a4f323f1a68165a76c326632b22355a21c0b19d1
projects/B_shear/simulations/m0r0_B_shear_S0_r01/result/iteration_0,122,06fb6892437aff306f66b9119e532e8ccfa166a84be55d74f044f2193c81184d
projects/B_shear/simulations/m0r0_B_shear_S0_r01/result/iteration_1,223,9cded2437d40c0205d269f9b430fc69bd8a26b6c45d75ed26bf3c21587ef09aa
projects/B_shear/simulations/m0r0_B_shear_S0_r01/result/iteration_10,1028,4e1af6bda82632e51c109f33121bcdd9b2b15e18657fd4e21609b37990d4f99b
projects/B_shear/simulations/m0r0_B_shear_S0_r01/result/iteration_100,8171,5bde34f7a90685f2d5e867d76b394491094c0326fe94c313cf0fad9038cd0f23
projects/B_shear/simulations/m0r0_B_shear_S0_r01/result/iteration_101,8262,bb9c9c3e6250aa6ec1cdb59dc1bbe932fe048e38d15bede6794d12c97c6d189d
projects/B_shear/simulations/m0r0_B_shear_S0_r01/result/iteration_102,8333,ef73599ab35a5fe7d9b34dda6e3ac9fd6ad839a0e171fc198ba8ca6c4f8a3d67
projects/B_shear/simulations/m0r0_B_shear_S0_r01/result/iteration_103,8428,d2602aed1633ec929a4c614402585cb493ecabc7697816b53a33d9eb54c5c7f7
projects/B_shear/simulations/m0r0_B_shear_S0_r01/result/iteration_104,8517,bfe780354e00d78510e39c2eff8d5464a4100bac8e3e50d7e861fedbe04fc78c
projects/B_shear/simulations/m0r0_B_shear_S0_r01/result/iteration_105,8607,4068bfa0ba5c5143db70cf5e4590d32d661d2539c701cfc3460344fbc6230165
projects/B_shear/simulations/m0r0_B_shear_S0_r01/result/iteration_106,8692,d089375bf08b90fac39b65ccdb77291d677ab3b7acfb8e4e7524138ef6967fa9
projects/B_shear/simulations/m0r0_B_shear_S0_r01/result/iteration_107,8789,45a01040d119267f471c8f9a06293c0305a09b14f614fd739279323362f23c90
projects/B_shear/simulations/m0r0_B_shear_S0_r01/result/iteration_108,8855,45456d7495e23a7abea83edee50c00bc58b962a3194441125e9e55f6dde6cdca
projects/B_shear/simulations/m0r0_B_shear_S0_r01/result/iteration_109,8960,a9b742063b704f47f77bec7374eb597b5e963b6f70540deeed45f677f675fb66
projects/B_shear/simulations/m0r0_B_shear_S0_r01/result/iteration_11,1114,7bbb52be18771aca9d2947b4d8a46e4abc474074b0291bea3091bf0f8e1e5031
projects/B_shear/simulations/m0r0_B_shear_S0_r01/result/iteration_110,9040,2f3ff340d8bf52f491f60381236532990a9081e0d57f8ec2cce009ded7a6bd7e
projects/B_shear/simulations/m0r0_B_shear_S0_r01/result/iteration_111,9131,34cada7b3b0498fc744bdc0bbf2742754acf08802a714588a387e1357baf639a
projects/B_shear/simulations/m0r0_B_shear_S0_r01/result/iteration_112,9216,843b52c8dae6e1c7dc3b771b942507469d63762b95764d6ac0618cd394c8e141
projects/B_shear/simulations/m0r0_B_shear_S0_r01/result/iteration_113,9301,39bacee2f65b98fb647cb33fd70aea902cdc1ebe5847134bb9c814b00b488195
projects/B_shear/simulations/m0r0_B_shear_S0_r01/result/iteration_114,9395,91fbd19b35d36d76d3af831aa31e5bbd09a265c46e62ca2b6ff0f65f97b60f09
projects/B_shear/simulations/m0r0_B_shear_S0_r01/result/iteration_115,9492,88eba5b2c8822d2f2f12bc80b0a2f8b00368c2a5aff9c558adc3537cb7e23339
projects/B_shear/simulations/m0r0_B_shear_S0_r01/result/iteration_116,9575,ab711c6346b9cf72fd629f0ac4679d20c044f31e7e03099e8910a53a47756553
projects/B_shear/simulations/m0r0_B_shear_S0_r01/result/iteration_117,9667,1a376c846d928c49d8ae87cef668768b7fdbd6732763619fa8b7004417a110b3
projects/B_shear/simulations/m0r0_B_shear_S0_r01/result/iteration_118,9757,111e46c997e74559528cfc09dbf28886e3a6c1903fb54358c05c37ea20c1c3b9
projects/B_shear/simulations/m0r0_B_shear_S0_r01/result/iteration_119,9837,1e462b286046390204296ad4dc343dae714c4873825bc3b3a6c8f40572b24b74
projects/B_shear/simulations/m0r0_B_shear_S0_r01/result/iteration_12,1201,fc30fdcf593e0c96f2c6aee5efa8c56a98b0bcacad2e1b87869be515922df217
projects/B_shear/simulations/m0r0_B_shear_S0_r01/result/iteration_120,9928,3fb3232a7aa9b11c6875d0612db5a78b2b0ddc39a1fd6ddd3917c2b91eb9fa5c
projects/B_shear/simulations/m0r0_B_shear_S0_r01/result/iteration_121,10005,55b59b097d0a2a013dcee98970b4cc9435468ae62910977383479a96937e2045
projects/B_shear/simulations/m0r0_B_shear_S0_r01/result/iteration_122,10110,6ee9dfa0505a6356a35d7edd166617553b9373d7f71c777d19a61ecc726731d6
projects/B_shear/simulations/m0r0_B_shear_S0_r01/result/iteration_123,10200,05375b6b860682450d811fca78ae10b2216f01fbdb1d93dbcda4e4d8319e759a
projects/B_shear/simulations/m0r0_B_shear_S0_r01/result/iteration_124,10287,96c51eb655180a3d80770e3f33c5bf1b0c09fbebddf29dc7dad5fe1426ad8a0f
projects/B_shear/simulations/m0r0_B_shear_S0_r01/result/iteration_125,10370,b71c50b4cdf921cd60149b90363dcc019eeb6abff272d8123afd5d114e9b6978
projects/B_shear/simulations/m0r0_B_shear_S0_r01/result/iteration_126,10470,876625b0e65b5ebfb41a952552d79c41b72f65241eb082c64b34ff2977fdee55
projects/B_shear/simulations/m0r0_B_shear_S0_r01/result/iteration_127,10538,fffebc5c0f170d3eba4e30cb1d23c724f3b431175c744c8941c1003c53ce34f4
projects/B_shear/simulations/m0r0_B_shear_S0_r01/result/iteration_128,10640,744b575ec8003ea0b588e8f6a798d10f49c75da75b11a788b51b9094212450e4
projects/B_shear/simulations/m0r0_B_shear_S0_r01/result/iteration_129,10721,61e9c0e586a0b67c73c02428d63583c25a77f43a3190cb3276e5b50ba550d30b
projects/B_shear/simulations/m0r0_B_shear_S0_r01/result/iteration_13,1287,1392b6e898471c27330857d7eea73697bf0d4d5764146d7c61b7c208fa391178
projects/B_shear/simulations/m0r0_B_shear_S0_r01/result/iteration_130,10816,09610bfa312f01f28e0a45575ade0f70a1804f53fc272a71919f073b588279e0
projects/B_shear/simulations/m0r0_B_shear_S0_r01/result/iteration_131,10897,523e7531a5a62d85466affdb350f510e8d5d3827674d62b5ef271aa366c2038d
projects/B_shear/simulations/m0r0_B_shear_S0_r01/result/iteration_132,10982,4193acddce9dde580b7c0fcd31a8120245183b78a592d49506eb9b395e3ef370
projects/B_shear/simulations/m0r0_B_shear_S0_r01/result/iteration_133,11076,90fbfcd62b62e42900c0306fc6a390f4b5e5b37fecebee70ffd4eb79045a2181
projects/B_shear/simulations/m0r0_B_shear_S0_r01/result/iteration_134,11164,733af7cc1f0f72ca93e0619b3cfb1330f36cd5e6c6e7479a761f8c97288533ef
projects/B_shear/simulations/m0r0_B_shear_S0_r01/result/iteration_135,11248,d9470eb129bbef5990970c5047656f8a6fefbabf1fbe7d81965a4cdb10acf386
projects/B_shear/simulations/m0r0_B_shear_S0_r01/result/iteration_136,11330,998efb13cacb335169a90d24ce9bc2d7108d7888eb13ec393e76add03d14163c
projects/B_shear/simulations/m0r0_B_shear_S0_r01/result/iteration_137,11422,064344771563664c33be058776ac0914961cee56494520cac3d26f8ca580c92b
projects/B_shear/simulations/m0r0_B_shear_S0_r01/result/iteration_138,11523,33e4ab30aca904056b1454d5ee1f93ed7d9b772e19f7b649259ff8702c2cd345
projects/B_shear/simulations/m0r0_B_shear_S0_r01/result/iteration_139,11598,5c53ba05eec29544c3af140b6efb04d6246b5e9797586c8a1138739861e2b742
projects/B_shear/simulations/m0r0_B_shear_S0_r01/result/iteration_14,1377,2c24198550faa36117e6ec5203a3c369d8e99b8cd92d1e5892dbff17e57081dd
projects/B_shear/simulations/m0r0_B_shear_S0_r01/result/iteration_140,11689,37b17b2af41a52f477b610335416f7fb4015d9441ae249992af4b1c32008a8a7
projects/B_shear/simulations/m0r0_B_shear_S0_r01/result/iteration_141,11795,9c37d06c97123a09cafa809aecc44799ce7b9a9294efa545c23e64d68389a9c3
projects/B_shear/simulations/m0r0_B_shear_S0_r01/result/iteration_142,11860,0102b14347dee3942ed579eb9745791000f63249d899001645c1c6bbcb585cfc
projects/B_shear/simulations/m0r0_B_shear_S0_r01/result/iteration_143,11964,61ec04f70d557460f1307eba5cd8ff69ffb8ee8348cc2ed1c69649d19b3496ff
projects/B_shear/simulations/m0r0_B_shear_S0_r01/result/iteration_144,12045,298d2990485fdb405b81fe141cf03935d01e0be8d55afffdd39ba96ab445977e
projects/B_shear/simulations/m0r0_B_shear_S0_r01/result/iteration_145,12134,6e3a2b1fbfe3e4adeb0dd343149db407bf9a8f8eb9b23ff03d81c24249f397f8
projects/B_shear/simulations/m0r0_B_shear_S0_r01/result/iteration_146,12227,2f1a6dd641ddcd2a876670759e09cb69be62c1aaf7a9231a48cfb47b9346f8b3
projects/B_shear/simulations/m0r0_B_shear_S0_r01/result/iteration_147,12321,c64f29576e9054f4f45491c35fc50bce3f4b51177f63c4b73328bdaf1ef5cd40
projects/B_shear/simulations/m0r0_B_shear_S0_r01/result/iteration_148,12412,fe7a165eac7c5a0975f6076f047dc842821969392a37e058e8c292d2621aa7aa
projects/B_shear/simulations/m0r0_B_shear_S0_r01/result/iteration_149,12499,976473f3729f979a4082b13bfa813f34bb1eb898ee8501f1f7d75be14a01b9c1
projects/B_shear/simulations/m0r0_B_shear_S0_r01/result/iteration_15,1445,cd8a02d4db18c5f54c42e8dc54bddf8b23cc928e3ce78cb450b58286ff3983b1
projects/B_shear/simulations/m0r0_B_shear_S0_r01/result/iteration_150,12580,fa8e66d17c264a3733810c1488279fee1b681634ebaf757f0abb48462cab4297
projects/B_shear/simulations/m0r0_B_shear_S0_r01/result/iteration_151,12680,28423b189e21513aa1e63532e81d4b85a5bac236482d478740703efd7512f097
projects/B_shear/simulations/m0r0_B_shear_S0_r01/result/iteration_152,12773,0cebc3cac9e8f6c5dd3a7a06b9e2d33c198ea4dcd1025635d32847517b1e8c73
projects/B_shear/simulations/m0r0_B_shear_S0_r01/result/iteration_153,12833,7b066b224809f84b4bc3cdd3fe2980d48b26080b2a7174a934ba8d980dddd268
projects/B_shear/simulations/m0r0_B_shear_S0_r01/result/iteration_154,12936,1dd82b66b6139b126b8a6320b261c75398579a7cd86890bae472935b0e10a45f
projects/B_shear/simulations/m0r0_B_shear_S0_r01/result/iteration_155,13028,e5148c83a91fd7ba56a804e7287325f2171c593034b663bb54bf396011f21336
projects/B_shear/simulations/m0r0_B_shear_S0_r01/result/iteration_156,13109,01eef6bd54068c1a487a679db8ed696c4e5df6a15437a97ebf68c6383fb5cb93
projects/B_shear/simulations/m0r0_B_shear_S0_r01/result/iteration_157,13195,e5f83308e365db6291ee4c9e56158dfac7dc94026de01362b33f81087714f72a
projects/B_shear/simulations/m0r0_B_shear_S0_r01/result/iteration_158,13285,d260160d0fdbcd62530c4313968029d0a20f5d568aa7a05ad60a11d58a9fe47a
projects/B_shear/simulations/m0r0_B_shear_S0_r01/result/iteration_159,13372,7d59e38b0e01c24b8d5a4ea33780e7492934255ac03f30f5fa6fcd0aaa3338f9
projects/B_shear/simulations/m0r0_B_shear_S0_r01/result/iteration_16,1531,b4f14703d8dcb73b1e69e221024f6597ebe1fdcbda2c8f9a4d99247072930c1d
projects/B_shear/simulations/m0r0_B_shear_S0_r01/result/iteration_160,13476,e8eabc1b74f53aa65bc344496d66f980c46620a7a2f9d5bd3e08b7d0d757152a
projects/B_shear/simulations/m0r0_B_shear_S0_r01/result/iteration_161,13561,ab1106b45ac6423d2f140caeb2e17c58e3aaf34694fd936e1272a14ac710882e
projects/B_shear/simulations/m0r0_B_shear_S0_r01/result/iteration_162,13645,0b6d119b9f8eb36030bd339e611e7f29047382d6c8a6a6dfccb92dbd7956588a
projects/B_shear/simulations/m0r0_B_shear_S0_r01/result/iteration_163,13733,106147b220e15ea4e7ba70f58e81cb817ca65f2f30270fb15dffe9ea38b37b51
projects/B_shear/simulations/m0r0_B_shear_S0_r01/result/iteration_164,13828,3ef7f22bb423c2550ab8e4cf02770bb8a26d9d583a1cdab649e90926b52316f4
projects/B_shear/simulations/m0r0_B_shear_S0_r01/result/iteration_165,13929,c5652eb37d135af8dddbd4572fd9042a4d897aa40bb36d0692a02bf0884df10d
projects/B_shear/simulations/m0r0_B_shear_S0_r01/result/iteration_166,14006,ea6841d67d94256a84d8dd63b07632501bbd5bedbf52b5a84cf19eb42c9745b0
projects/B_shear/simulations/m0r0_B_shear_S0_r01/result/iteration_167,14083,4c2784da3cdea604d3038d3b5d6a41a71c62827b258bf1c7ff60fad5a1b60928
projects/B_shear/simulations/m0r0_B_shear_S0_r01/result/iteration_168,14171,64bd23d7754b639421b0381dc02ade1a3d679ff3265f27586f101dfcc979019b
projects/B_shear/simulations/m0r0_B_shear_S0_r01/result/iteration_169,14247,4b520552e54d072453342258b0147249b26a8de2c0daf5f5c5c7447a3104de05
projects/B_shear/simulations/m0r0_B_shear_S0_r01/result/iteration_17,1601,e4c7755830f75c23f742ce811ad25d16655a2e27a438ad6b78eab70fa541ec2b
projects/B_shear/simulations/m0r0_B_shear_S0_r01/result/iteration_170,14344,a2bf1625805d3aa622f703e389a6c6bfb0c6118ac7ab7d25aefc64b20c162b06
projects/B_shear/simulations/m0r0_B_shear_S0_r01/result/iteration_171,14436,631ecb7033ec95884bd98ed2527c0d5c28cbe4e01f16615a6bc2f08ceb22baae
projects/B_shear/simulations/m0r0_B_shear_S0_r01/result/iteration_172,14514,0ae4f9bd4177f3c6f3f7c59cbed34153acf49a98f422247ce4876ba6cc0c1e13
projects/B_shear/simulations/m0r0_B_shear_S0_r01/result/iteration_173,14613,f51939a10f8db5a52deb71f702aa0e14e34c1b1acf449206db8e209de320f72a
projects/B_shear/simulations/m0r0_B_shear_S0_r01/result/iteration_174,14692,5a17e42c748b8e0b7d12697c003d8fe4b296285a879804bc24bd7df63fd7f7fc
projects/B_shear/simulations/m0r0_B_shear_S0_r01/result/iteration_175,14788,ff3f264aecb31bb712d0134a4f7693cd6c72ed740e11e02d54992e1daca54224
projects/B_shear/simulations/m0r0_B_shear_S0_r01/result/iteration_176,14891,b3c44bff8f7fd9a7e25bee00d16847edff21c48e6d399323bfcf0a9fda62ff32
projects/B_shear/simulations/m0r0_B_shear_S0_r01/result/iteration_177,14978,9912661e805db1d810e0029103f97b9a449333bf6d234c2630eee105c6212644
projects/B_shear/simulations/m0r0_B_shear_S0_r01/result/iteration_178,15054,202bf4fa922360696c130a50a46a71f29051aa4a9d0f639fe99e29ca18b5d927
projects/B_shear/simulations/m0r0_B_shear_S0_r01/result/iteration_179,15146,d435419d95c4d5fdb01a0cb2e84f61a6aa9412419d0b327024970bf8e1d61365
projects/B_shear/simulations/m0r0_B_shear_S0_r01/result/iteration_18,1674,5dc902ad82bf97ef7d9adafa280e85ac605fa14275ad0b899e767fbe457c3309
projects/B_shear/simulations/m0r0_B_shear_S0_r01/result/iteration_180,15236,a2bb8e4d10a50421ef28fdec30c5ec79f93b480bd09ac0f496c05abf1c85fa81
projects/B_shear/simulations/m0r0_B_shear_S0_r01/result/iteration_181,15332,71cc95a9198a2b9d6e32a5c50e8cdca8ed48f96d0541f2713f3e15e7e4b4f10d
projects/B_shear/simulations/m0r0_B_shear_S0_r01/result/iteration_182,15426,463e3852ca4a168e3d9a2c7115f550fa2b3b8825a70e7d02962173fc564c02c9
projects/B_shear/simulations/m0r0_B_shear_S0_r01/result/iteration_183,15519,fcfd4bcab003dc465dc78506667321211b508910e7f3d08e357a457a8ca77ca7
projects/B_shear/simulations/m0r0_B_shear_S0_r01/result/iteration_184,15609,99ae7df187ef8e75e5c2c5740a245726f16901f99d595d5779d9ee5adfbc23e2
projects/B_shear/simulations/m0r0_B_shear_S0_r01/result/iteration_185,15712,bfed55261ef4fb4af412b35f89209046618d1fd9723938d7302cccfb524570ef
projects/B_shear/simulations/m0r0_B_shear_S0_r01/result/iteration_186,15788,492f23375ac876adacbe6defb66f28f480b98efffc969d4a43e70f92bf493ce4
projects/B_shear/simulations/m0r0_B_shear_S0_r01/result/iteration_187,15891,c649270f53982fe47a9372a788e3f920ebce1d17e1b958eb616bf7af0b3ea7ab
projects/B_shear/simulations/m0r0_B_shear_S0_r01/result/iteration_188,15972,7e2b2c0fca9d05b7c0a3a4737b91cd722464e680936093e3b0505f50b038b462
projects/B_shear/simulations/m0r0_B_shear_S0_r01/result/iteration_189,16062,07077e96f85dcb394167d82f133c6981c7941cea5c2dfd3d045cf4a8d5b30e1d
projects/B_shear/simulations/m0r0_B_shear_S0_r01/result/iteration_19,1746,ed43b01f4cc8cafdca59cc6aacdac158a183d40081b52ddcbefb881a2efc8eea
projects/B_shear/simulations/m0r0_B_shear_S0_r01/result/iteration_190,16157,c3397c5dcf2f1477865e1669617b90084ecbe58ca72cd7f8aedca2c587f9de20
projects/B_shear/simulations/m0r0_B_shear_S0_r01/result/iteration_191,16253,ea6ca457e0c8cf20db0c8e02c77eddaa3cabea63df64f136b963d0fbcee224c9
projects/B_shear/simulations/m0r0_B_shear_S0_r01/result/iteration_192,16339,1180e4e758a67e9f954787c904308023e2d76850c4f749f3b04ef0b86cf595e7
projects/B_shear/simulations/m0r0_B_shear_S0_r01/result/iteration_193,16421,564650da4dc302db6bc5afc1a713e7fb59b4a1c1070ddab6856cd8d15cbde3fe
projects/B_shear/simulations/m0r0_B_shear_S0_r01/result/iteration_194,16516,ccdf85c5dfce20c4ac667f70213a2afee6f280baa6f7ed213303b2cd150ce846
projects/B_shear/simulations/m0r0_B_shear_S0_r01/result/iteration_195,16598,7f2c4a64d7a2117987041a1c726f09ac9fae25c39c43a8b5fefd4f0821e658bc
projects/B_shear/simulations/m0r0_B_shear_S0_r01/result/iteration_196,16676,7d1589f216f06c4895e5e31e5348f2424bf7b3183c515e6c0e2e3c3abc4499c4
projects/B_shear/simulations/m0r0_B_shear_S0_r01/result/iteration_197,16773,491ebbf290f155509eb0ab5633fb9b5d9a352f04bbfbe56cfb4c92509eb9db6b
projects/B_shear/simulations/m0r0_B_shear_S0_r01/result/iteration_198,16849,6a5128724a851ee3c8dccb453f86936bc45fc91ce3314ccd84ccdc13bbba0702
projects/B_shear/simulations/m0r0_B_shear_S0_r01/result/iteration_199,16947,85da278e9b5dd87c9f8d9ff9e46f7eeddb2fa9f834ea981ff88fc542e39f178e
projects/B_shear/simulations/m0r0_B_shear_S0_r01/result/iteration_2,307,571e7c81df7ba0cc370257103213488fb5b16a4ac21e27f3ddd89e29b95131ca
projects/B_shear/simulations/m0r0_B_shear_S0_r01/result/iteration_20,1816,cf10d8f9a3d453f908f12ad379783513d2dcf4a9ac3912d80b23d380fe75c93a
projects/B_shear/simulations/m0r0_B_shear_S0_r01/result/iteration_200,17022,9ee81b4e64334133d78515b1d4c374219f785c6db34c53d6593350eda591f897
projects/B_shear/simulations/m0r0_B_shear_S0_r01/result/iteration_201,17115,a243bb3f8741d16434d446ea418813cea06ec8394d2487488a23775a377f273f
projects/B_shear/simulations/m0r0_B_shear_S0_r01/result/iteration_202,17204,9a81737a150bd57be2e30521da38a02b98b105a383b683d7dcdb284973d06a92
projects/B_shear/simulations/m0r0_B_shear_S0_r01/result/iteration_203,17298,62a3d00e08987e47a008c722899bab7989a16eeee4e23c801940bc33b4ff2da1
projects/B_shear/simulations/m0r0_B_shear_S0_r01/result/iteration_204,17371,e9d4f7ac7ad1eaa9906105f23308a3ee531eef0e7d824ba7b1a3fda98dc8f9aa
projects/B_shear/simulations/m0r0_B_shear_S0_r01/result/iteration_205,17462,451ca86ce200117cb4745e9e79d40a68eede9e54db7d51aba0abe0b61f8b34de
projects/B_shear/simulations/m0r0_B_shear_S0_r01/result/iteration_206,17556,bf311529a88008ab24d77f634472c644ba886c1d3e7282388f348b6bf274983b
projects/B_shear/simulations/m0r0_B_shear_S0_r01/result/iteration_207,17626,ea8dd847f0ad0d3ea3414c7531678a3a4362126bc9260fee4b53d42678205161
projects/B_shear/simulations/m0r0_B_shear_S0_r01/result/iteration_208,17726,3767ebed7d6729cd0f4033452563d45513f665a4979f308ba80e36b0bb5033f0
projects/B_shear/simulations/m0r0_B_shear_S0_r01/result/iteration_209,17819,e998022d82e0f4d40655fe3e042ce8f7ab7aabcc643a364d98b5186961041113
projects/B_shear/simulations/m0r0_B_shear_S0_r01/result/iteration_21,1890,6ec58b95e6179e1bafb32b7bc8a3b8a43590bff63660145ca06a8621017aac83
projects/B_shear/simulations/m0r0_B_shear_S0_r01/result/iteration_210,17884,8d6751ae8dbf827462f02bc77dbb09901bac7fbf1fa685ba3fd626447914b436
projects/B_shear/simulations/m0r0_B_shear_S0_r01/result/iteration_211,17975,6176e998a89ddeaee42fec599fbce5f78c59da72b1bd1565580ea2f770dcfbf2
projects/B_shear/simulations/m0r0_B_shear_S0_r01/result/iteration_212,18059,a347bc4a75f551de9148fb4d0d2f2b427a6adccf5b8ae6fe008a15eae499820f
projects/B_shear/simulations/m0r0_B_shear_S0_r01/result/iteration_213,18140,d1b12b0b31923b498ef279813f2438a4564c1c83f1e935ed7bad08501002889b
projects/B_shear/simulations/m0r0_B_shear_S0_r01/result/iteration_214,18247,a6af0b7dad51c230cc600b95ff132d09b10e2dc4be9d673a83daba7e21b4c981
projects/B_shear/simulations/m0r0_B_shear_S0_r01/result/iteration_215,18327,36f5172b58fa62c8f9eaa72d11b2b8524c5acfcd35fda9fb93feeb5ae7c7c79e
projects/B_shear/simulations/m0r0_B_shear_S0_r01/result/iteration_216,18406,81ef94ca18a569117c8cc2ab7326c2b98bf13feaddb0f6788a110c5eec9fd49a
projects/B_shear/simulations/m0r0_B_shear_S0_r01/result/iteration_217,18474,4239a0894f7cb7c914e3cf38d863c11b3c93e0031c5168b873340e4d49a54fbc
projects/B_shear/simulations/m0r0_B_shear_S0_r01/result/iteration_218,18571,7036ba19c6a300458a89a2493f236f7f4f84b1a8a575dc8f10577f6632f70b1b
projects/B_shear/simulations/m0r0_B_shear_S0_r01/result/iteration_219,18656,a2ffdc650c8c2e1706064e1f75dd000025058b1d567b48648e99f4bc2ac725c1
projects/B_shear/simulations/m0r0_B_shear_S0_r01/result/iteration_22,1953,daf6d47ad01e4c2428af9812ec60f5aa9d23c906e923466609fd395bdd9bae67
projects/B_shear/simulations/m0r0_B_shear_S0_r01/result/iteration_220,18750,8edbfbef44f2f47c6950c5998a28caa8b0710ed275bc772df8e80a1630ade4e5
projects/B_shear/simulations/m0r0_B_shear_S0_r01/result/iteration_221,18843,ac301e65fdbf6bb706e0a2d3ea9c0e757b27d3aa506d4eaf652f764fdbe96e18
projects/B_shear/simulations/m0r0_B_shear_S0_r01/result/iteration_222,18910,bd7e57495b05fe5e902f1a4263bebe3eb8e7f0d404d152be3eb489ab0d9d9ca4
projects/B_shear/simulations/m0r0_B_shear_S0_r01/result/iteration_223,19000,d6d62240e8fa999e0f4811240b33a9d9d5092dbcedbc6cc0e10a5aba1dd02acb
projects/B_shear/simulations/m0r0_B_shear_S0_r01/result/iteration_224,19066,290df07acbafd21f7d89016398c16fcc8dbda62ecbfd7a05a0b9d89b9d85e6a2
projects/B_shear/simulations/m0r0_B_shear_S0_r01/result/iteration_225,19157,8973cf10e33094d76bda93b353937552a00b17d448220fabb5c570f6a499e53e
projects/B_shear/simulations/m0r0_B_shear_S0_r01/result/iteration_226,19224,22a61c4d17cd7a3bd421259e5dc23c3f262eb0e68e7d283d2afb770e77edb91b
projects/B_shear/simulations/m0r0_B_shear_S0_r01/result/iteration_227,19294,dccba7f074ed5d13f3942faf6c8e1c78834ca568f9dbb3e769cda911e901cf31
projects/B_shear/simulations/m0r0_B_shear_S0_r01/result/iteration_228,19384,eb4e3165262cc242ac6fc74129ba443cf122f920aa9880331b0c652638f53934
projects/B_shear/simulations/m0r0_B_shear_S0_r01/result/iteration_229,19444,28e0263f3a4e31bb2951d359c544b53ade60bae2883d77cf86ffa85ce3fd7812
projects/B_shear/simulations/m0r0_B_shear_S0_r01/result/iteration_23,2033,ed7a18fc354e192f43f167b4a6738edfed0938ebca7a44bf8b1d7fb0670920e8
projects/B_shear/simulations/m0r0_B_shear_S0_r01/result/iteration_230,19530,e66087b61fe3ca7ef0cc07842078a5494317ae7bd08ce8e7664cf6822bf69a17
projects/B_shear/simulations/m0r0_B_shear_S0_r01/result/iteration_231,19603,f0217f3f692822d1fb922cbb056418e187e3f0ad0ea4d6c55abfbae168c85a1c
projects/B_shear/simulations/m0r0_B_shear_S0_r01/result/iteration_232,19670,80644a7d009c731eb42757450a31c26801d5ab0a58206e985a8ffe8fd2f2dc83
projects/B_shear/simulations/m0r0_B_shear_S0_r01/result/iteration_233,19754,77d7f8cac7a91db8120e1a65ee6dab3f5f4b56621026230b71a2dfb97ac0438d
projects/B_shear/simulations/m0r0_B_shear_S0_r01/result/iteration_234,19829,eb55231524f571d48c72bfd33069cf5b1f171d25317e9e71ffe2d38120773cec
projects/B_shear/simulations/m0r0_B_shear_S0_r01/result/iteration_235,19872,e84ee8fee172a963e2692f93f6a5d3fde2ae70878566e97e190500b488f6063a
projects/B_shear/simulations/m0r0_B_shear_S0_r01/result/iteration_236,19959,d8d7b4dab3e5878944e3f569b6f42ec6c438e7ca482559457847e5b470d5053f
projects/B_shear/simulations/m0r0_B_shear_S0_r01/result/iteration_237,20050,1be29f7ce8c01b46e616a2ad80fe7ef7ae287acecf4b9ed8d4edbf369824d5e4
projects/B_shear/simulations/m0r0_B_shear_S0_r01/result/iteration_238,20125,5476bbf88fd397268a464b3a8e7546e4c6919bf032580cdaf5c493722c114eb4
projects/B_shear/simulations/m0r0_B_shear_S0_r01/result/iteration_239,20181,b15aa3c51ebd28fd9dc316335d06edf509c03cb14ad5b20ad1d3a42f35ba86ae
projects/B_shear/simulations/m0r0_B_shear_S0_r01/result/iteration_24,2101,f5738c474623777def16c6ea7f804022d3c883c4f4966cdd81c6cad60efae980
projects/B_shear/simulations/m0r0_B_shear_S0_r01/result/iteration_240,20252,bd11b5e243173db87b01338d523a1a63873fd8fca1462e1701176dd0e1d90871
projects/B_shear/simulations/m0r0_B_shear_S0_r01/result/iteration_241,20337,b07bbab55a7325cd4e510bd167b6066c4c439ebd5b46b9e1ce031d7cdb0def62
projects/B_shear/simulations/m0r0_B_shear_S0_r01/result/iteration_242,20402,89f5d2cfd27da0493e185a5d496b86365579575ee02859e6c5eb91aaeb3a17e3
projects/B_shear/simulations/m0r0_B_shear_S0_r01/result/iteration_243,20486,7d0c1a226543f8d53021839877c15b1adf070f8d5efcc99e9ea6f3366453877d
projects/B_shear/simulations/m0r0_B_shear_S0_r01/result/iteration_244,20556,2d0c03de7ad4bca31f18b043d59783744758b14827e4a39558e2acc10e2546bf
projects/B_shear/simulations/m0r0_B_shear_S0_r01/result/iteration_245,20642,371b10f102772935669667a52b7b75ac32fd5ac4ec405ba9bfc7e7c7c2583c39
projects/B_shear/simulations/m0r0_B_shear_S0_r01/result/iteration_25,2177,5aec27ec6cc3a6fbb70853570f33d1ff978512a0d20f5746057d62b63fa2e29d
projects/B_shear/simulations/m0r0_B_shear_S0_r01/result/iteration_26,2255,8b90feb464ef3444b494909f5fde1cf7ca40c341df386ef18809bdb2bbbdc8e3
projects/B_shear/simulations/m0r0_B_shear_S0_r01/result/iteration_27,2320,5138e2efb513936b0ce53982af581627b9bd0dccc65b3d34d3cc31cdc12ac116
projects/B_shear/simulations/m0r0_B_shear_S0_r01/result/iteration_28,2392,e6a6ebc481b3f8665a183d065edefecf5fe57c8d4005de6d796b0ff89d359ecb
projects/B_shear/simulations/m0r0_B_shear_S0_r01/result/iteration_29,2466,414e3888ea5239cb3a7959821387256136afd00751e8a16faaff053a035ffc1b
projects/B_shear/simulations/m0r0_B_shear_S0_r01/result/iteration_3,390,44264a748103f5f579400a557b675c93a9a128e0ed592710cc3e03ff3bba0474
projects/B_shear/simulations/m0r0_B_shear_S0_r01/result/iteration_30,2543,b38aab6299ec21d2de277a50a0ccc2ba5cf316ea672c2fb808ebfd93a0e31e59
projects/B_shear/simulations/m0r0_B_shear_S0_r01/result/iteration_31,2613,1cdc7aabf6665e3c48c4614360f7cc6094c40ea047c133c27c8b9aa5096b9f8f
projects/B_shear/simulations/m0r0_B_shear_S0_r01/result/iteration_32,2674,8b9c8b219babc09684365c8e0ee9ea6698dae305b6f12ef35f13e4daf11bf95f
projects/B_shear/simulations/m0r0_B_shear_S0_r01/result/iteration_33,2762,cb075ef3b3efd4979d592dfdca95b9ded136bbc689362c7c202ddeca69b01529
projects/B_shear/simulations/m0r0_B_shear_S0_r01/result/iteration_34,2832,7ee0f2119da3ec910002cefba3adc88eb7cc336d100828f0ae8fac89103b5ac6
projects/B_shear/simulations/m0r0_B_shear_S0_r01/result/iteration_35,2900,003f2052ebcc04a357d0f13d46de116249d71a2ea16ed18185e5b5d9c6f51d46
projects/B_shear/simulations/m0r0_B_shear_S0_r01/result/iteration_36,2966,5cf7f12731036e569c161d10a247b781eb24d1757b1b45f28d5ad33f85891c47
projects/B_shear/simulations/m0r0_B_shear_S0_r01/result/iteration_37,3042,e9dcec31451bca6ad12ce1c443c92ffc9b50cbac8f12a86959a6ccd0bd115510
projects/B_shear/simulations/m0r0_B_shear_S0_r01/result/iteration_38,3120,b63d111d6f45f2f1df3e1bc4eeaf747ea7b77d800d6a5111e688e5f1b596bc39
projects/B_shear/simulations/m0r0_B_shear_S0_r01/result/iteration_39,3184,255563ad95108cacf480271345f70534ac74059c0b767a77aebd47c02412c6c4
projects/B_shear/simulations/m0r0_B_shear_S0_r01/result/iteration_4,491,bfefd320e947a21ea1eb871cf18991c2fde0cebea2e7b84c868d8f41ab9723d9
projects/B_shear/simulations/m0r0_B_shear_S0_r01/result/iteration_40,3267,b329ad108c226ac82d7d05bb1a06b47c09fb62aaa4e47c3564b5823f91241751
projects/B_shear/simulations/m0r0_B_shear_S0_r01/result/iteration_41,3332,0f054249b345d83bf0a6d3801b79882608d2832ee3e4b1856cf3878a74d6edce
projects/B_shear/simulations/m0r0_B_shear_S0_r01/result/iteration_42,3405,04970cb6b9f2df67234399add66cf8101a51a9a80ce3111820e99d9026013eb7
projects/B_shear/simulations/m0r0_B_shear_S0_r01/result/iteration_43,3483,ba4d68c51ae5180783955fa66a1f31e488fe9b735729f35ecdfd38c93283fe5d
projects/B_shear/simulations/m0r0_B_shear_S0_r01/result/iteration_44,3547,d50aa820bc81351512c53e0e9ceb34389a49e5d3da3d4611b6a85358ef092bc0
projects/B_shear/simulations/m0r0_B_shear_S0_r01/result/iteration_45,3621,1ccb63f56ab40e10c590593e424ad50c8bde37d68c2f47486c905dc5a98765d4
projects/B_shear/simulations/m0r0_B_shear_S0_r01/result/iteration_46,3703,013c4e04044e159eebd17763dde385b5644d276c46195b9ce324e0f7cfa756cb
projects/B_shear/simulations/m0r0_B_shear_S0_r01/result/iteration_47,3766,ab2b41fe0f5e437fce194e319bc7975080513152f5d81b7581c7a402833db9ab
projects/B_shear/simulations/m0r0_B_shear_S0_r01/result/iteration_48,3836,0893373f770eb7e9ba0f470125e738dac37df19ba344e7f2f8b0564a99166d79
projects/B_shear/simulations/m0r0_B_shear_S0_r01/result/iteration_49,3919,80dc2ec490967a712a5e2c91d688096792b6c1c12b50119a6f59f4ee7ce8bb11
projects/B_shear/simulations/m0r0_B_shear_S0_r01/result/iteration_5,576,c2fea4cf653fbb20f9c237580adbd31856f7c1b5bc7851be13d8ea24fa130ddf
projects/B_shear/simulations/m0r0_B_shear_S0_r01/result/iteration_50,3984,2b6794ac630c881921f30c7eb480f6c912c1b52a49cb55024b6c6d81d1826a7e
projects/B_shear/simulations/m0r0_B_shear_S0_r01/result/iteration_51,4050,03188ba39b92d093c1651f4df75ca177146680554ed67ad6f770f96cb9e8fbbd
projects/B_shear/simulations/m0r0_B_shear_S0_r01/result/iteration_52,4127,6aef69cc79fb4c4579784b92716e5375c45f96ee5c6e6d8cf5165f7899452d04
projects/B_shear/simulations/m0r0_B_shear_S0_r01/result/iteration_53,4193,5827a58aee2da7b15faa9dba29816f71e34c56c87760b46cc8c645f42f241060
projects/B_shear/simulations/m0r0_B_shear_S0_r01/result/iteration_54,4271,01c4d76dc24d5ab87ce58c6b47c05d4c8aab256937edcc669b74f753052c7b66
projects/B_shear/simulations/m0r0_B_shear_S0_r01/result/iteration_55,4349,1f098e78cf7498d0e22998f0a6ad4149944946cfc552e5b0a6465333d630c5f1
projects/B_shear/simulations/m0r0_B_shear_S0_r01/result/iteration_56,4416,b2b630526497cc9783250c24e10f3f6c78fba3f43c4606ce0d3ec922cee267f3
projects/B_shear/simulations/m0r0_B_shear_S0_r01/result/iteration_57,4487,2e40ba1e402a062a9732e5749b5bd055a8d79971ae4c492e833acc30f1661914
projects/B_shear/simulations/m0r0_B_shear_S0_r01/result/iteration_58,4574,263aed5620b2cedcbbbfd6c13d9ae132464293cd1c6bc88d0ce0429c60e5d369
projects/B_shear/simulations/m0r0_B_shear_S0_r01/result/iteration_59,4633,3c79da6c26f54f91dd823ca94cadcea85d7fd1e79c45e74d085e5cdd79bb38be
projects/B_shear/simulations/m0r0_B_shear_S0_r01/result/iteration_6,665,a8853cc615e8d09f775709b3daed3427b6d838443fb8d3d0ce47733a0002b561
projects/B_shear/simulations/m0r0_B_shear_S0_r01/result/iteration_60,4703,c0fd0b28650ccfe76db5569cdb3ee93ce8a1dfddc2077bdff94699812ed11de1
projects/B_shear/simulations/m0r0_B_shear_S0_r01/result/iteration_61,4787,9065789af93710cc28c70399d811572cb19e4219586dba1060f7c42ff0eeb196
projects/B_shear/simulations/m0r0_B_shear_S0_r01/result/iteration_62,4866,45e9fd4972e4af0d9578a977233eef4e4d5450e84183e7d0752f04a2ca9e3187
projects/B_shear/simulations/m0r0_B_shear_S0_r01/result/iteration_63,4956,1c4203d3e9799fb10a702ceb5fa2e41ea0ea00c8a548fa095a585a9b0b36d814
projects/B_shear/simulations/m0r0_B_shear_S0_r01/result/iteration_64,5039,c6814916372f0a9a1dd652a30630e3686492bc5bc358436e703d0ba11da22fcb
projects/B_shear/simulations/m0r0_B_shear_S0_r01/result/iteration_65,5132,d15b2248efd01fc9ff6a3425c31bf19fb99e7cc5538a3939abd261a26728d9a2
projects/B_shear/simulations/m0r0_B_shear_S0_r01/result/iteration_66,5207,971197a40ea7d2dce8b727d34f4f1918d68cb33a01f4ba2be4094bf10405fe1b
projects/B_shear/simulations/m0r0_B_shear_S0_r01/result/iteration_67,5304,f25ebcc6ee7464e7f3b4ef959942c26bbacc86c5075bd9c273a2522e0479486e
projects/B_shear/simulations/m0r0_B_shear_S0_r01/result/iteration_68,5389,230ff03d448ad0e793adf87ee92b0b138d8539d9f3d7317832573cd9b527a2c5
projects/B_shear/simulations/m0r0_B_shear_S0_r01/result/iteration_69,5467,7a949fa84ee737fec3264b1dfd9dc2f2564b8fd63360663b173400362ee920b2
projects/B_shear/simulations/m0r0_B_shear_S0_r01/result/iteration_7,754,7364c435465e2f324e87cbebcc3cc6a067364037eedc9a76031251f8c7e193e9
projects/B_shear/simulations/m0r0_B_shear_S0_r01/result/iteration_70,5564,495d9af55d3c6d6d4ff992d60e63e6b4884f26d9322f8fe6c05735ec6b893e45
projects/B_shear/simulations/m0r0_B_shear_S0_r01/result/iteration_71,5635,35cc05debb8c623b80b039671d5c02adfb39f822988b3864f925ba87fcc1ab70
projects/B_shear/simulations/m0r0_B_shear_S0_r01/result/iteration_72,5732,6a1d2c24a6c6d3e6cfd1265f4a913ee14345f0dc992df3ebba6607547c824bf6
projects/B_shear/simulations/m0r0_B_shear_S0_r01/result/iteration_73,5824,4f7dc180828bd5493ab356527b7f57678923ac615fe5e0f8a5a8a4d7d3a3540e
projects/B_shear/simulations/m0r0_B_shear_S0_r01/result/iteration_74,5915,a0b6a814132e2b3d6f92499f258fe6dcfdccafbdbbfaf5057182f88550df2132
projects/B_shear/simulations/m0r0_B_shear_S0_r01/result/iteration_75,5987,816b2f88f2b018ba6217e7ac602c5ad9cea5874cc929717025041f7df73d5833
projects/B_shear/simulations/m0r0_B_shear_S0_r01/result/iteration_76,6075,b0915f35be1d26892983d946261128ea47cc2ce5a97cc931cca9a9b5de8f3d3c
projects/B_shear/simulations/m0r0_B_shear_S0_r01/result/iteration_77,6163,be9940a092391ad7a52eaf798c3436b1b07b77598c5b0aae529c04008c28ba9d
projects/B_shear/simulations/m0r0_B_shear_S0_r01/result/iteration_78,6255,187a790f4158f3006bfa347cc67474233a4335478e05e737585c0cdb080a9396
projects/B_shear/simulations/m0r0_B_shear_S0_r01/result/iteration_79,6354,c3fd69fe669266e7cc3bd5020bd256dc7737513411a61a87162d2d580d210280
projects/B_shear/simulations/m0r0_B_shear_S0_r01/result/iteration_8,857,284795a400e83c6f7d70e2d3f0d046c384e7653a914395413908134224a94856
projects/B_shear/simulations/m0r0_B_shear_S0_r01/result/iteration_80,6433,e29f03f5939f3859f8d7ff0434b84bc5e16655aa9ae012760cf29b74d0f9637b
projects/B_shear/simulations/m0r0_B_shear_S0_r01/result/iteration_81,6526,cfafc0402b9b95c8f21d1f50805a611e48a43e3f96b75e7358c8ef65ef8cee59
projects/B_shear/simulations/m0r0_B_shear_S0_r01/result/iteration_82,6597,71bed3adc20f5f506bdd7290ded3f4e78e318f6df2e7a5ef16f4e4b491b3c749
projects/B_shear/simulations/m0r0_B_shear_S0_r01/result/iteration_83,6691,e829647a0f50e1c7666cb9dee65c8d90254705237ede5d4e2b7c97bad034c985
projects/B_shear/simulations/m0r0_B_shear_S0_r01/result/iteration_84,6777,5dbf770cee2617c898e617db78e97bf829ececa70a02c24be8bcae115d448460
projects/B_shear/simulations/m0r0_B_shear_S0_r01/result/iteration_85,6870,f67ef3c7a446bdbcc15234e4ec638f548a268f4cfbc0082bedfe8f0e03aacb32
projects/B_shear/simulations/m0r0_B_shear_S0_r01/result/iteration_86,6953,40af41542f2aee0bdbe0e84162fa9c5589618cd7637ce6186119965b45adb9d5
projects/B_shear/simulations/m0r0_B_shear_S0_r01/result/iteration_87,7037,5ab4949364f6fb3945f2904cde1e1efd2d7f1a8f9da78da72ba44c17a2d51b5a
projects/B_shear/simulations/m0r0_B_shear_S0_r01/result/iteration_88,7128,f5050bdfc17830aea64d5ef8c1aef872f40a3c9c88b233351d1edaf4bbe14170
projects/B_shear/simulations/m0r0_B_shear_S0_r01/result/iteration_89,7208,d4b659b310ed241b07d3ea11e4489a4bc4e9fd6311719a27ffdcb914a935e5a0
projects/B_shear/simulations/m0r0_B_shear_S0_r01/result/iteration_9,935,1e739f2c3acac23e0d2bababeced72f2ea0639d9dc3cc0ad4a02b40159f2c48f
projects/B_shear/simulations/m0r0_B_shear_S0_r01/result/iteration_90,7313,1c012a46d015190e634d9da7d6b57e6e8d84cc11647d30e60b1c190f2c8f832c
projects/B_shear/simulations/m0r0_B_shear_S0_r01/result/iteration_91,7381,807455be4d1e043f2e50e6ddfeaa6e72a86a6ac2b0b0c8de80f2205fc3957809
projects/B_shear/simulations/m0r0_B_shear_S0_r01/result/iteration_92,7471,f4372dda8e23bebc907dcb0d48c8cbf8a53af8bc0146fd5182bac4ed32129ca4
projects/B_shear/simulations/m0r0_B_shear_S0_r01/result/iteration_93,7556,cf505e57f049c83a584074277230b0411802e358f06a37bc406fa37dac3032c3
projects/B_shear/simulations/m0r0_B_shear_S0_r01/result/iteration_94,7644,5d1b396733d733e2542948c74e31e53b8f35ef5a64a8157bbfa76bc0c43fa93b
projects/B_shear/simulations/m0r0_B_shear_S0_r01/result/iteration_95,7737,58fe736229c24dd3736b46880505119e501b44196641967988083dcbc9d45d5d
projects/B_shear/simulations/m0r0_B_shear_S0_r01/result/iteration_96,7819,5cbd35951dfd2826c38044cf2cca1e23a3bac5e98e0cffc56c19308e72a2c14a
projects/B_shear/simulations/m0r0_B_shear_S0_r01/result/iteration_97,7909,50a4df10dfce1e77288e382e9e74b37b886035badd6566a6ce12a84d27b6a405
projects/B_shear/simulations/m0r0_B_shear_S0_r01/result/iteration_98,7998,933133931ab5802187ae9fca4b5140f31e1bb128cd82f0516ed5008e8027ee5c
projects/B_shear/simulations/m0r0_B_shear_S0_r01/result/iteration_99,8087,0dab481161396003ece274748830de4e5baab374f75ecaf83ca2f6e9a6b12508
projects/B_shear/simulations/m0r0_B_shear_S0_r01/sim.yaml,415,fc955d290874a77d6947194fae93b27ceda165cac2538eb292dc990706c62fd6
projects/B_shear/wind/wind_iteration_0,44236808,4d9e803e829c24e14309df09d4b51b6834734b6fdca6fc3e30a1094da6d71f64
projects/B_speed/OccupancyGrid3D.csv,7373075,b4084d847ab3a33d8aacbe9e4123c22f34429c0cb0a3057768efa6f731b573ef
projects/B_speed/config.yaml,115,eae4708d38c3d59f82721641211a0878a335449d879648aea81216bcd7a5e332
projects/B_speed/simulations/m0r0_B_speed_S0_r01/result/RECORD_TIMELINE.tsv,4087,dac132ae8b0d3d173a2f2226a4f323f1a68165a76c326632b22355a21c0b19d1
projects/B_speed/simulations/m0r0_B_speed_S0_r01/result/iteration_0,122,3c3aa71607b5996d6d7512ad3675f66b155176bce7a2524877bbad019bf1d50d
projects/B_speed/simulations/m0r0_B_speed_S0_r01/result/iteration_1,222,ed47fbd739377f587795a7ca0ff4ef3f40c1c0e539813e078dd6b0f3300889ae
projects/B_speed/simulations/m0r0_B_speed_S0_r01/result/iteration_10,1031,791edc051a0150cfab770d496e1a3b2c79a294f727c98f803b60380886401704
projects/B_speed/simulations/m0r0_B_speed_S0_r01/result/iteration_100,8133,1bdae7e7c9f9278550e106e5129b78f5c73022cf03a8c06620faa6facc210a8c
projects/B_speed/simulations/m0r0_B_speed_S0_r01/result/iteration_101,8232,adfe0fe7084fe41de60e08142a86edc61310274a76561b4c488c2b8432296ee7
projects/B_speed/simulations/m0r0_B_speed_S0_r01/result/iteration_102,8306,b69fcbec38b7975ead1fcd1123de0aeb39b7b742bdc2a0ddbdcc0dee5c60d720
projects/B_speed/simulations/m0r0_B_speed_S0_r01/result/iteration_103,8396,9c9336b54b8a91a2f1d638b536802771cb8b0dc3ae19de83f0c9826a253e9f10
projects/B_speed/simulations/m0r0_B_speed_S0_r01/result/iteration_104,8499,3ca2f5b93ec22b6caf91d867d9d8814331cde64c42cf57971369169c7cda2400
projects/B_speed/simulations/m0r0_B_speed_S0_r01/result/iteration_105,8568,ca927c39291b07205eedf0e680d57df3d3e8a481857d75af2159919ffb3891f1
projects/B_speed/simulations/m0r0_B_speed_S0_r01/result/iteration_106,8655,2054a4e3028341563e5c3e20925fa5d9f7fedab921d47d8dbe665d6dfcad5250
projects/B_speed/simulations/m0r0_B_speed_S0_r01/result/iteration_107,8758,89552647c606639327edc0b896deb756d37dfe32f133f0b36b69e61b833fde11
projects/B_speed/simulations/m0r0_B_speed_S0_r01/result/iteration_108,8831,8a344720ae860969ba8e4e5e7a596995ea80b338be1161f5a95efd31e496ed64
projects/B_speed/simulations/m0r0_B_speed_S0_r01/result/iteration_109,8930,10b238d3148ec2c3d3e5dd8634584e8559e9148a331e201a7e56b5cab8cdc0bd
projects/B_speed/simulations/m0r0_B_speed_S0_r01/result/iteration_11,1114,b427e20fe358d250d32505acb393618a36d8c4c0413b77afa4315fe990058a49
projects/B_speed/simulations/m0r0_B_speed_S0_r01/result/iteration_110,9020,42b79271157b46d7a68dfeaa3b8d70366353794729925002685bf58b5113fa8f
projects/B_speed/simulations/m0r0_B_speed_S0_r01/result/iteration_111,9103,09604fbbbef08c7bf4b40c63e262d91d9c236328bf2917d79366f36527f2292d
projects/B_speed/simulations/m0r0_B_speed_S0_r01/result/iteration_112,9199,d10c0df58ed51d54c93c1a9d1af93b3a9b5049feca2d5270042ebf02d934a3f8
projects/B_speed/simulations/m0r0_B_speed_S0_r01/result/iteration_113,9277,8e93757bc8f06bf762d4e59078c26c4968739ad8cac2651aa22f588dc67623fc
projects/B_speed/simulations/m0r0_B_speed_S0_r01/result/iteration_114,9373,2e81eff702a90d4f6c3fef18a17332349be83e155725fb3a165dc17b85d3be29
projects/B_speed/simulations/m0r0_B_speed_S0_r01/result/iteration_115,9465,addfac1b03ce620bfe3b110200f33a1b0bcfecf59aaac998bda4a66a76f8849b
projects/B_speed/simulations/m0r0_B_speed_S0_r01/result/iteration_116,9558,154f255139391c544554fa08bd5a0f2067b08c06725387214b4d7b0c648e3f36
projects/B_speed/simulations/m0r0_B_speed_S0_r01/result/iteration_117,9644,285dc1e2e03ce2858c2c0829a6eaaf9dc105b16dde2cf95b70b24df6dc9251ee
projects/B_speed/simulations/m0r0_B_speed_S0_r01/result/iteration_118,9737,02b3e01fadf39b5a087f010cc63bca7cb0efbd014ea618d60cfe8fd9eebe9d50
projects/B_speed/simulations/m0r0_B_speed_S0_r01/result/iteration_119,9816,329fd0767f352d8768a245f4f78803847796784899485d5bf19f0814bccce927
projects/B_speed/simulations/m0r0_B_speed_S0_r01/result/iteration_12,1204,3242dd1b4b0065fed7e34296c0d62d7d01b411aa69e6324c91596886b989e61f
projects/B_speed/simulations/m0r0_B_speed_S0_r01/result/iteration_120,9905,160055b3775a2547cf73fe72af5a12b55cc65eb247a723e1c5d09cb6321cd928
projects/B_speed/simulations/m0r0_B_speed_S0_r01/result/iteration_121,9996,14d7a0644c4f3cc84d3b68ebf5becad74cc38131067d15f1f4768214d7c101cb
projects/B_speed/simulations/m0r0_B_speed_S0_r01/result/iteration_122,10094,178c6f2ce0e40e97b8fb1254d6e4af33dff018fd34d856b67e097e5ad7a9dc6d
projects/B_speed/simulations/m0r0_B_speed_S0_r01/result/iteration_123,10181,b8f3ae11845a5c4414a65d9defe84ed2c891ac7b9ee082aca60c4e838efcce84
projects/B_speed/simulations/m0r0_B_speed_S0_r01/result/iteration_124,10271,5cd90c9aec836095ed3c119c21af28557f1a963d1abcad731a07b789a939724c
projects/B_speed/simulations/m0r0_B_speed_S0_r01/result/iteration_125,10352,a7a9f0b688d187edd3ac85c7eb6a213c095e3952b7ace4bb06e6a873432ce3d9
projects/B_speed/simulations/m0r0_B_speed_S0_r01/result/iteration_126,10433,341564b03cfb134abc4a552a9f9534f30ab7f94d2e44cdf92036d867f0c1140f
projects/B_speed/simulations/m0r0_B_speed_S0_r01/result/iteration_127,10524,743cba5b3f94f40f851a2d70122fbaf1ae3aa8ed14164aece4bb6ddecc10ec70
projects/B_speed/simulations/m0r0_B_speed_S0_r01/result/iteration_128,10616,105abbdd6731284b5a4d0d84827eb00d794d3923fa744b54d6c748478388cad2
projects/B_speed/simulations/m0r0_B_speed_S0_r01/result/iteration_129,10714,2e2af5d8fc3c0582473a2ee04b0c37e8125f86c99239fabb65c0e5720c33dc55
projects/B_speed/simulations/m0r0_B_speed_S0_r01/result/iteration_13,1284,92822d933536b1094442df39cca493b3dd250ba5f1e1ffb1df9d8bd327c8175f
projects/B_speed/simulations/m0r0_B_speed_S0_r01/result/iteration_130,10785,e538151d563fc92ff9c43cde71d0a4aa8b4699e3dd8f3d649eaf325e0c2893eb
projects/B_speed/simulations/m0r0_B_speed_S0_r01/result/iteration_131,10882,5f0d30abd4c2b0bcd160669f7d3acf9fc55dbcddfb5b3d5059c6a95c4e64948d
projects/B_speed/simulations/m0r0_B_speed_S0_r01/result/iteration_132,10978,47d715a6082440cea7d74e373c1d57d7eed14404d78f419d9e6e502f8249225a
projects/B_speed/simulations/m0r0_B_speed_S0_r01/result/iteration_133,11071,e622963721e230c6f1e79f435aec231bbe744c10537a06106b0f064ab6aa5ccc
projects/B_speed/simulations/m0r0_B_speed_S0_r01/result/iteration_134,11139,15d3f80106a04ecb1ebde86575d6278794c60d98a218f1954bb154e42b69c225
projects/B_speed/simulations/m0r0_B_speed_S0_r01/result/iteration_135,11237,c672ca7f3514aefdc80f94eeb519ac5ed048809249ffb098793052ff9573adee
projects/B_speed/simulations/m0r0_B_speed_S0_r01/result/iteration_136,11322,cb5d6ba667557d621ca6c0bda0d26d5553b2e3073ce6a6588094501f6795354f
projects/B_speed/simulations/m0r0_B_speed_S0_r01/result/iteration_137,11417,4cc0060be1b2d8aa653c2a243415f64e990ebb0550e53d95f76a236fbce78282
projects/B_speed/simulations/m0r0_B_speed_S0_r01/result/iteration_138,11515,74515dc49cf381a5a067e15b2dba97b9cbcaf332242cdabf1e18713794009892
projects/B_speed/simulations/m0r0_B_speed_S0_r01/result/iteration_139,11591,d1ac5c45f65f2daa7d3866276e14c60c35575505103a4f211f13affc9c3be186
projects/B_speed/simulations/m0r0_B_speed_S0_r01/result/iteration_14,1371,4d3ea0589c89d56272c20510bc376a6cdfa6472a82680ae209ab6305e68c2aa5
projects/B_speed/simulations/m0r0_B_speed_S0_r01/result/iteration_140,11682,86a870fe5e1cc7da69b4af45883492064a72c3a35afaeb632d68cdba85eff4b3
projects/B_speed/simulations/m0r0_B_speed_S0_r01/result/iteration_141,11776,56fbbdf9379a4016b6c27a47a449ba34057603cf12ae6f7df3161cf98d74c793
projects/B_speed/simulations/m0r0_B_speed_S0_r01/result/iteration_142,11873,46cc7cf6f5c140d6c362f6623a48fa04d7a080931d4e39b1c3d661c2fe36c3ad
projects/B_speed/simulations/m0r0_B_speed_S0_r01/result/iteration_143,11959,42bc76481bc8eb2658bde55ba1dcb2407cef72eb0b4dd90ac3fd558867762563
projects/B_speed/simulations/m0r0_B_speed_S0_r01/result/iteration_144,12025,766b97832a13c4422a7feae865886c510cfed0963a58a758090d034c98aa3dfe
projects/B_speed/simulations/m0r0_B_speed_S0_r01/result/iteration_145,12133,8a4066ecfd3c6b73b948a131af694c13ef2feabbc414d625612b8c630376bf08
projects/B_speed/simulations/m0r0_B_speed_S0_r01/result/iteration_146,12224,f839c7f7fd9ca1049654b660a3a6f50d543aebbafe782a0f800c97cad68b32ba
projects/B_speed/simulations/m0r0_B_speed_S0_r01/result/iteration_147,12304,19c40366ffad7e00bac03956506342eb14cca40a5e40e3130adbc7718fc94210
projects/B_speed/simulations/m0r0_B_speed_S0_r01/result/iteration_148,12394,bf9bd4bb9b3e256e88a86e0d80b4b7f5339f4f13626413d61ae463da2f46fd88
projects/B_speed/simulations/m0r0_B_speed_S0_r01/result/iteration_149,12484,bd15d3b10e685b67728a6de77ae3d7a76e2a4b98e4779f7e2413bd3569027fa6
projects/B_speed/simulations/m0r0_B_speed_S0_r01/result/iteration_15,1443,5a64a87d29a7ed2a18af6a8545039f584b7b85b89ce2cec481c9ee4ea5c0704c
projects/B_speed/simulations/m0r0_B_speed_S0_r01/result/iteration_150,12571,1c003a84589a1ed0bcbf369fe39e962455a609a7b637e43e6187123c246a9126
projects/B_speed/simulations/m0r0_B_speed_S0_r01/result/iteration_151,12673,e175b13be840bbe7778cb17bde205c406d484025eb03cfae3c5f6ae8a2e607b3
projects/B_speed/simulations/m0r0_B_speed_S0_r01/result/iteration_152,12768,b5e70062dbfb2b22d68f4e9d26acef06db04c5a2b94b39ad8cc479a995efda63
projects/B_speed/simulations/m0r0_B_speed_S0_r01/result/iteration_153,12831,d91641dae7f92dc6f21b9496397e57cabbd9234fc16eabc86498c5b28685c8df
projects/B_speed/simulations/m0r0_B_speed_S0_r01/result/iteration_154,12921,4b26b7af40f605d1fd5d67a382350bd103f996d89b1d9c27e601345f2a6d77cf
projects/B_speed/simulations/m0r0_B_speed_S0_r01/result/iteration_155,13025,754d7d232a2d63ac648145ea5c6433f2ef2691b045cac80dbaf99f4f61b89283
projects/B_speed/simulations/m0r0_B_speed_S0_r01/result/iteration_156,13104,fe82d8441f9bd2e308cb1be05eb1d08589b2930d7d50f347d5a11933c83560c4
projects/B_speed/simulations/m0r0_B_speed_S0_r01/result/iteration_157,13187,39600e69156d47bd23b6f00eedbd03b55b946adc42d4b16bed3278d9bc86e698
projects/B_speed/simulations/m0r0_B_speed_S0_r01/result/iteration_158,13282,a02d77dce0852a98ea775404eac82f2d7dddab8bba7cbd447f4e9a80d7e0f6f6
projects/B_speed/simulations/m0r0_B_speed_S0_r01/result/iteration_159,13380,a5cebcdae7e26c76287b7dee7a26f8c11c743c06f3a466d3681b582ab67946d4
projects/B_speed/simulations/m0r0_B_speed_S0_r01/result/iteration_16,1522,6a82f348e5cfa282fee27734a96789408eed0d924610cbfd47f4ee1fba12091a
projects/B_speed/simulations/m0r0_B_speed_S0_r01/result/iteration_160,13469,9bc458ac166c466d56eb598790442a23748671182948c0cfc89d6a7e04e115c2
projects/B_speed/simulations/m0r0_B_speed_S0_r01/result/iteration_161,13570,cea45753250dc1c88922ca9e6e0c55a5bcdb57e297550bf3bf40e923837b4b19
projects/B_speed/simulations/m0r0_B_speed_S0_r01/result/iteration_162,13643,c6b7aea026f32d43e7c2b3adeba0bcde86f8feadcf092af1de71f90fc19bd71d
projects/B_speed/simulations/m0r0_B_speed_S0_r01/result/iteration_163,13733,67ee414e1f0f07efda3e0c70a67da9a63428ebfedf2216867f32eee734523f22
projects/B_speed/simulations/m0r0_B_speed_S0_r01/result/iteration_164,13847,c91ff76dd80d62de377bf12c093a0479d94ccb3478baa84feb8fef136b63e431
projects/B_speed/simulations/m0r0_B_speed_S0_r01/result/iteration_165,13919,db42f04db3e90d9e63cd8439a6c960c5f8d281bbe61caa4461ed33405d3993cd
projects/B_speed/simulations/m0r0_B_speed_S0_r01/result/iteration_166,14015,257d4823c0b417047e2c465863c1ebaf1e7052bc030afd24bb743764e0397c77
projects/B_speed/simulations/m0r0_B_speed_S0_r01/result/iteration_167,14079,95d7b88585545dd1c9487ea5c0f21913496a0f0863d92ba42a1844b596ad393a
projects/B_speed/simulations/m0r0_B_speed_S0_r01/result/iteration_168,14172,e703f7b09b84f82bcfd8b24910edf16ce6c4c83b71db0aceebaac570140dc67b
projects/B_speed/simulations/m0r0_B_speed_S0_r01/result/iteration_169,14260,cd8ba778a47070b1acc510882af8b45f3f873e2fe10762d958fb54e55f9744aa
projects/B_speed/simulations/m0r0_B_speed_S0_r01/result/iteration_17,1603,1f8ea83df6f453279760be957929dcf0b1a79c5ade419e2580eca65f71101085
projects/B_speed/simulations/m0r0_B_speed_S0_r01/result/iteration_170,14341,47d97b1db13415f5d99435687104d91157ece8fe7bb008dbc3d582938241195a
projects/B_speed/simulations/m0r0_B_speed_S0_r01/result/iteration_171,14452,67a2c0bdf53074598ee8bbd8390ecfa81ae66a25f068d28691f9b1cd61d506a8
projects/B_speed/simulations/m0r0_B_speed_S0_r01/result/iteration_172,14511,0f9eaef5e1384d0a75c7422727dc504d4ef5b13baa15a2218421c728db93a626
projects/B_speed/simulations/m0r0_B_speed_S0_r01/result/iteration_173,14629,0f5a103fffce388dc8c86751958c236982afc8da4bff5277ce724abb0871adf9
projects/B_speed/simulations/m0r0_B_speed_S0_r01/result/iteration_174,14700,faae87ede77386a66d1862cb4f592fd1ab7a12cb97055c3cd3414b069ae65b88
projects/B_speed/simulations/m0r0_B_speed_S0_r01/result/iteration_175,14794,6b08be036600805db0700b556fb820f1e37c72a261b2fce4a981a43a2b1eceac
projects/B_speed/simulations/m0r0_B_speed_S0_r01/result/iteration_176,14890,df123f9036842c94e901293436c89303eea149948b178793aa8a0a943cd24007
projects/B_speed/simulations/m0r0_B_speed_S0_r01/result/iteration_177,14969,ef5425bc9fa3823efca1aa2d2bfeee6cb22fb999dd00a38fc3cfe838e153100c
projects/B_speed/simulations/m0r0_B_speed_S0_r01/result/iteration_178,15045,afb1acf2c4b7d4153eed67a366d2473ffdcd09c7225163bda8077b846227efd4
projects/B_speed/simulations/m0r0_B_speed_S0_r01/result/iteration_179,15144,adfb0e858f722a7bef76532add6d678111a7ca88fe78b89c15120af271988f96
projects/B_speed/simulations/m0r0_B_speed_S0_r01/result/iteration_18,1674,d8473c5be82563d4ab8a64fba2d789a1ec059f01287efee0ab1a7edd6d13119c
projects/B_speed/simulations/m0r0_B_speed_S0_r01/result/iteration_180,15244,e75e7fbba2f1a1f80834608bb0bc3e071ae5a8a8f55e6cf590b0ef200317fa9d
projects/B_speed/simulations/m0r0_B_speed_S0_r01/result/iteration_181,15333,eba8862897b1d926c72c53cd8b4e685a5fcbd9135aec7928881b678431568700
projects/B_speed/simulations/m0r0_B_speed_S0_r01/result/iteration_182,15430,44247fdd462fd17c21135b828cfc9761be3662abbead90b0d4b37249705e792e
projects/B_speed/simulations/m0r0_B_speed_S0_r01/result/iteration_183,15537,4f383976a7916bc05043923572e84ec63930d8bceb3782026eefb46f70799fbf
projects/B_speed/simulations/m0r0_B_speed_S0_r01/result/iteration_184,15626,f5b39ca7d614657724a2f34fa35116071c12449909aa202bb2ef8efd89de068a
projects/B_speed/simulations/m0r0_B_speed_S0_r01/result/iteration_185,15714,42d2743d5881027a91e1ad69d8618bb2bdfaaebd65216d2f0fb17ceb68301547
projects/B_speed/simulations/m0r0_B_speed_S0_r01/result/iteration_186,15806,21d6bbd2a420f66cc46d2a4557d212658f5edf283fecc4e2ca3e650c70bfa1ff
projects/B_speed/simulations/m0r0_B_speed_S0_r01/result/iteration_187,15906,fc7ceb2aa7b38529724af24fa4d573f1d227a043809cc58f176486c981d1cb9d
projects/B_speed/simulations/m0r0_B_speed_S0_r01/result/iteration_188,15977,56ff9aeb7a21e8c48aed523ef0f130badeac1b87a5ee1b26d9a554e4ed76b019
projects/B_speed/simulations/m0r0_B_speed_S0_r01/result/iteration_189,16080,4461859c79bbc3925cc892e1f23240892f11985abb413d3c2100d0a52e227c88
projects/B_speed/simulations/m0r0_B_speed_S0_r01/result/iteration_19,1745,4a60e1aef4e6c7dece1ae44cef561fe13eab73bcb5ac5f8318872796890a8403
projects/B_speed/simulations/m0r0_B_speed_S0_r01/result/iteration_190,16163,71ba46c1be5c57743e54d7ff72aa0dc627f94f8a418b87001dae817f352be576
projects/B_speed/simulations/m0r0_B_speed_S0_r01/result/iteration_191,16273,b62b8171d8d4e62d31891b7ab3b0a3ba1843228fa68c3485fbd7e07f1e27a180
projects/B_speed/simulations/m0r0_B_speed_S0_r01/result/iteration_192,16344,ade05d27b6b19ab0a16f2aad595caa73443c7c610b46337987614177281cab1c
projects/B_speed/simulations/m0r0_B_speed_S0_r01/result/iteration_193,16437,0eae745317a3b6d8c1c816ba77c05f75548645a91e74173f5f2d6f223933e372
projects/B_speed/simulations/m0r0_B_speed_S0_r01/result/iteration_194,16532,fe7ff5ed46b686afd69aa27fef7d089b90fd819a686e345a4073a0424002e544
projects/B_speed/simulations/m0r0_B_speed_S0_r01/result/iteration_195,16608,cd4c7a8852a5cc579efcd764ae7cf65709008e7a80f5551adb336d9ac6e1d865
projects/B_speed/simulations/m0r0_B_speed_S0_r01/result/iteration_196,16677,046d5aca2b699741919f76cce52946484470d2c7ab24b53e1761bbd7584e1bb7
projects/B_speed/simulations/m0r0_B_speed_S0_r01/result/iteration_197,16777,c1a5c737199f73d677641751ef65703c2493a46933189182e0d1bd03a7e8515d
projects/B_speed/simulations/m0r0_B_speed_S0_r01/result/iteration_198,16856,21fe47d0552ff1da0b545ed3e630b4f69273d753998c26ecd67e2085cc60dc63
projects/B_speed/simulations/m0r0_B_speed_S0_r01/result/iteration_199,16945,18deeb2dbf8f335e85fa06e99867434edf3b721679b7499c54a795a6a8d0518e
projects/B_speed/simulations/m0r0_B_speed_S0_r01/result/iteration_2,306,01b1f4c8b5af362e3d1cabb20f95d3296f893e677a43db6bd98a31e3ba0113fc
projects/B_speed/simulations/m0r0_B_speed_S0_r01/result/iteration_20,1815,e73a77b8e64d9a837452f96fe7db9588526fc41b3fe6843e5e453ef60287f4ae
projects/B_speed/simulations/m0r0_B_speed_S0_r01/result/iteration_200,17036,45c53073f6d286ea2d71738d1a27ec4ca97bca4a0c4d51ea75ca24d3bfcbf188
projects/B_speed/simulations/m0r0_B_speed_S0_r01/result/iteration_201,17105,aaf9a22c5f317ddee1240232e351576f98cb7cd4a82f84bdeacd8f15d9c63e67
projects/B_speed/simulations/m0r0_B_speed_S0_r01/result/iteration_202,17213,03739b972982bd591d8e5052013c28d568f47da52ab203eb271f24bdb0448df5
projects/B_speed/simulations/m0r0_B_speed_S0_r01/result/iteration_203,17302,8dc06c717d525258a694e71fe470ca2f0d3e153570ecdfd700781f643dcb4418
projects/B_speed/simulations/m0r0_B_speed_S0_r01/result/iteration_204,17375,ddeff4b14bf57aea6288834ab43fa4265d9d4b2ddaac37c1889636fb62cdc169
projects/B_speed/simulations/m0r0_B_speed_S0_r01/result/iteration_205,17463,51a68d064fd3776653a417813b36227f694f5a5ac029e7b12382d38c02952c3a
projects/B_speed/simulations/m0r0_B_speed_S0_r01/result/iteration_206,17553,020c0f732ccb892d42e2ba0994e6383edc6bf40a9a9911e819422128b514eb9c
projects/B_speed/simulations/m0r0_B_speed_S0_r01/result/iteration_207,17641,6d1102c9939e30c089bebd27fc14d5a6977282e634deb93b880d60f301638095
projects/B_speed/simulations/m0r0_B_speed_S0_r01/result/iteration_208,17737,5fc45ae5453cb4efd88a1341bd51d1837bbf5d407ec6db4a25c39b332b9214fb
projects/B_speed/simulations/m0r0_B_speed_S0_r01/result/iteration_209,17820,5bf1d788ad679a354f7a37affbaff7a3fa12d0a2fb14a501ec7b28857dd4591d
projects/B_speed/simulations/m0r0_B_speed_S0_r01/result/iteration_21,1888,36a4cd371a3a2dcc2491a9625f0565e698588289f897f2df1b754bb7706a6a5b
projects/B_speed/simulations/m0r0_B_speed_S0_r01/result/iteration_210,17900,1931af3e78c0593104807e99a68f527a51e182cee2c823addab5fbb29085dc66
projects/B_speed/simulations/m0r0_B_speed_S0_r01/result/iteration_211,17980,0619a62d358e296476935f537b388c8972ed5f625458e48c0fb1ee98c0ba8e43
projects/B_speed/simulations/m0r0_B_speed_S0_r01/result/iteration_212,18064,1515d2ff1626dafb6f25df358dc56a6e29eba4c8165a7e2b869d80c0bc36ebd0
projects/B_speed/simulations/m0r0_B_speed_S0_r01/result/iteration_213,18150,64c2a19d994449f95db21a6e8fd84b90a4a55d5ff9eb128e9e0d27d9ad90596f
projects/B_speed/simulations/m0r0_B_speed_S0_r01/result/iteration_214,18244,3c360ba440d9a22d8129a858123f5668c2ae6728c22003bf95407ad9e739eb76
projects/B_speed/simulations/m0r0_B_speed_S0_r01/result/iteration_215,18323,3264bd0ccd46e91cf4a1df9b515432c48c78886ac10294d6656f5994d971ccf4
projects/B_speed/simulations/m0r0_B_speed_S0_r01/result/iteration_216,18416,0a28f9f74eb1fcce7fad9406fa0bd1576eba424286fb9ceafdcc7936f45c7ebe
projects/B_speed/simulations/m0r0_B_speed_S0_r01/result/iteration_217,18473,93bd72f72994c02cddc8e657f2ae23f3995acd64f1c937dec79278163cbe4ec1
projects/B_speed/simulations/m0r0_B_speed_S0_r01/result/iteration_218,18585,3fe84921b8345bc9634e76b24c0a2edf02afd3c16bbca671ec2a349a0dbef25d
projects/B_speed/simulations/m0r0_B_speed_S0_r01/result/iteration_219,18683,842c32d91fdb2ce9065ba21a612beac4f0488b560ca13f30da3674fbb730b1ac
projects/B_speed/simulations/m0r0_B_speed_S0_r01/result/iteration_22,1956,e1d465518743b3f81b4ae0b250a5654195676b7dcca1676bf8911a36f027cf82
projects/B_speed/simulations/m0r0_B_speed_S0_r01/result/iteration_220,18777,c13d3a91af5ee59c14e65e3755d11b1602d146abec3b5f605ee5e1a15346ac7a
projects/B_speed/simulations/m0r0_B_speed_S0_r01/result/iteration_221,18849,2dcbf7e71a2db37217f43888d58dd0756f9fb2fd0cc420b9b2d49e4de710c6a4
projects/B_speed/simulations/m0r0_B_speed_S0_r01/result/iteration_222,18945,974d472f0932273b198d7f2fcfaee462355081abe1f45a8b103b6f07e4ad17f4
projects/B_speed/simulations/m0r0_B_speed_S0_r01/result/iteration_223,19036,f41a33e7de8bc6662be99a65a197b26b9fe64203320de882c8dd23180765c73d
projects/B_speed/simulations/m0r0_B_speed_S0_r01/result/iteration_224,19099,41dde42e7d6297ca84b49a42d792ef496b69a8149a3573d599aff77355dc4d55
projects/B_speed/simulations/m0r0_B_speed_S0_r01/result/iteration_225,19177,194f38d38ec23a6c60548a8b29b5990a418d2a96edd626db486e0a8dc8a1edff
projects/B_speed/simulations/m0r0_B_speed_S0_r01/result/iteration_226,19263,426c02ea30bc93f99bbf6b5c29c71afec2a2e5357a92b8360e502acea3d4b30f
projects/B_speed/simulations/m0r0_B_speed_S0_r01/result/iteration_227,19319,586dc31f9341f3b6169d10be699bd2788b815ae23dbddde40ddfa0928172837e
projects/B_speed/simulations/m0r0_B_speed_S0_r01/result/iteration_228,19410,73971283762f53d16cee1c9ec863b409bb2340c697d75b7b1e90f3af15a88da9
projects/B_speed/simulations/m0r0_B_speed_S0_r01/result/iteration_229,19463,753ac53a55a203f64b2f868f1d2899db636da183a350cdcc13c97c8b50625dd2
projects/B_speed/simulations/m0r0_B_speed_S0_r01/result/iteration_23,2030,b7d7a9a39ff6bafb49e7d0f2023210abf4e095b0f322f6f8d0eca4322a888118
projects/B_speed/simulations/m0r0_B_speed_S0_r01/result/iteration_230,19542,c4eb92e6a9371c1bb0c8e05a920f9fd8f8f5662a014c4b0a561214c23fddefe3
projects/B_speed/simulations/m0r0_B_speed_S0_r01/result/iteration_231,19623,959002c72a00e6479d6bf271008f82f88a7fc6612fbdb25e8e08fbd878911856
projects/B_speed/simulations/m0r0_B_speed_S0_r01/result/iteration_232,19694,d60705897d542d9fbc8d6f08c9e96bf20299c7386eec8241aa2cee180e095b66
projects/B_speed/simulations/m0r0_B_speed_S0_r01/result/iteration_233,19767,9a5943b1bea0f36fea4120ef547cba3116abc16f691acbf537051ce5eb5e9579
projects/B_speed/simulations/m0r0_B_speed_S0_r01/result/iteration_234,19851,648acea37458aa06476aac071d816c15a094c56a53bc46a660d43e350f528f0c
projects/B_speed/simulations/m0r0_B_speed_S0_r01/result/iteration_235,19903,fd8140ec5eae9b8b77d60c34e75d8013ed5617202d52cc937cb47ab17576d897
projects/B_speed/simulations/m0r0_B_speed_S0_r01/result/iteration_236,19981,d1b08517e1014e911b7966b1b333a78b37dd9bf7d4d4af31c3cfa989cf483141
projects/B_speed/simulations/m0r0_B_speed_S0_r01/result/iteration_237,20071,576855a2f2335f8b50b455c6108a37ee33416b30ad9ed025b8aadeac6a366c11
projects/B_speed/simulations/m0r0_B_speed_S0_r01/result/iteration_238,20132,1da66276560983fe32b27592dcc14bf4e082f0204940948d2b2e8a8781c3a7f7
projects/B_speed/simulations/m0r0_B_speed_S0_r01/result/iteration_239,20208,c2b9289a8a5189343b96150cd95dc8d88d2e704ff2d744b042e000e284ba5af2
projects/B_speed/simulations/m0r0_B_speed_S0_r01/result/iteration_24,2098,188296e9fdb50a99834274a5ea5f5b810d85f21265324e20f06c237780bc5521
projects/B_speed/simulations/m0r0_B_speed_S0_r01/result/iteration_240,20273,51c8291985db44e7a3e2012bf4bc5c6eb438e702fca23aab4c42c3cd865af557
projects/B_speed/simulations/m0r0_B_speed_S0_r01/result/iteration_241,20356,80a389ab05b19ce7cffa19315e702e0620d2e0c6fb90bbd41d6154a76bd0f259
projects/B_speed/simulations/m0r0_B_speed_S0_r01/result/iteration_242,20404,b4bed73212cf4962774e298e119e6b83a425aad979aa651d467267592431ac25
projects/B_speed/simulations/m0r0_B_speed_S0_r01/result/iteration_243,20488,14ccdb88d887c767c8618e7df398e1d911fc36ff336e8d9b8a8c238a60ec05e6
projects/B_speed/simulations/m0r0_B_speed_S0_r01/result/iteration_244,20585,68ce2109f72ab982ceb17919c0fcd3927536c066c92733b283f9bdd8f925560d
projects/B_speed/simulations/m0r0_B_speed_S0_r01/result/iteration_245,20638,9a2e32354047227e9a1561a1f66bee2b7e815235008bdc78f9262b12e742453f
projects/B_speed/simulations/m0r0_B_speed_S0_r01/result/iteration_25,2176,505576aed31e94bafa862efbe88e5329a920953257e8cbac69e3bfba2270284a
projects/B_speed/simulations/m0r0_B_speed_S0_r01/result/iteration_26,2247,c08c7e2dcc30406158a59d9b8a7b8a16ac0cd34e4389807d80140825641d84ef
projects/B_speed/simulations/m0r0_B_speed_S0_r01/result/iteration_27,2317,c991025d897e2c2798a0a3520d191417889b0775f3563af43943549b3cb4179a
projects/B_speed/simulations/m0r0_B_speed_S0_r01/result/iteration_28,2391,639ac8f57cf50e1243f6d484688f84dfef45a8046ea96000c5028dc5e17f9efc
projects/B_speed/simulations/m0r0_B_speed_S0_r01/result/iteration_29,2468,767da11606bbd5b8bc286f538d64aed47a21a7fdae1e7bccddf0b7c6c65d9812
projects/B_speed/simulations/m0r0_B_speed_S0_r01/result/iteration_3,390,a141a2cff04302274f4ded8f2a68d3d9e58e4b2420b80e7d572a0a20fea68e82
projects/B_speed/simulations/m0r0_B_speed_S0_r01/result/iteration_30,2545,50dd022a4623517242e668d23b8f0e02fec5037b29d2f6c5c3ac31b9aab0171d
projects/B_speed/simulations/m0r0_B_speed_S0_r01/result/iteration_31,2609,d632289620ba4564eb06b594c5ee0a039175d0993a34fced96d591ed1c72eda1
projects/B_speed/simulations/m0r0_B_speed_S0_r01/result/iteration_32,2673,b419a7a1bf786e27192a22896113082317c92ff9dc081dcea260000cba56c74f
projects/B_speed/simulations/m0r0_B_speed_S0_r01/result/iteration_33,2755,c058290ec77beb0060f0e2445871967e221185b46b282330f24bdb2dd965b97d
projects/B_speed/simulations/m0r0_B_speed_S0_r01/result/iteration_34,2828,91c0aba8e24e91670e2475755b4d925270f4d3836be84fbc74a8c883649ca41a
projects/B_speed/simulations/m0r0_B_speed_S0_r01/result/iteration_35,2895,a3630602878649dca2a6750bcc4737b02decadc63d3ce4e0c8603d0896ba467e
projects/B_speed/simulations/m0r0_B_speed_S0_r01/result/iteration_36,2968,f629694056cf239cb058fc60e456be10c8e7dd9eea3d4fb32a41ed00a95348ee
projects/B_speed/simulations/m0r0_B_speed_S0_r01/result/iteration_37,3047,0dc3b9e9fb676e9c97b932389def3dd4689081f5745a4e5ac18aac9eb0d78aed
projects/B_speed/simulations/m0r0_B_speed_S0_r01/result/iteration_38,3118,71e9af4c72cbb38fc71b432deda7e31ff85f2cb6d48202e596ee732089c18771
projects/B_speed/simulations/m0r0_B_speed_S0_r01/result/iteration_39,3185,0506b5ebbc8d0aba8330ed8f018fc7cd035d44a4b5ad04d71ccde3941e8f9c8f
projects/B_speed/simulations/m0r0_B_speed_S0_r01/result/iteration_4,490,2086659a112d8d53361fde180f906b380c2af949ec08c4880a9b3cdf3ad9d428
projects/B_speed/simulations/m0r0_B_speed_S0_r01/result/iteration_40,3265,be4727bcbec08a0887503c84c38263c8ea0de881fa7aeed0079e7dc36bfc8da1
projects/B_speed/simulations/m0r0_B_speed_S0_r01/result/iteration_41,3325,f64b9def498a77d9b3119122b194d45c7d8436175a6cdb835d3e971f7d1a7cc7
projects/B_speed/simulations/m0r0_B_speed_S0_r01/result/iteration_42,3397,089a43a6c36e6f7a209802a53547939f6b4e8c9f2fed12065b37c26c6aefd242
projects/B_speed/simulations/m0r0_B_speed_S0_r01/result/iteration_43,3478,ac39225a281d0bdbbfc5f3182fc7949caec9da8643b09e36ff2b83fb06cb20fd
projects/B_speed/simulations/m0r0_B_speed_S0_r01/result/iteration_44,3543,ce8a7fafba68bcf5d3ba002f5c2ceeeb9b81f179a825dce1a1502b40b48f68c0
projects/B_speed/simulations/m0r0_B_speed_S0_r01/result/iteration_45,3624,b32fd62706ee33df6d06e64afd61941e0324bc30cf69825f5e60247dcd66e0a3
projects/B_speed/simulations/m0r0_B_speed_S0_r01/result/iteration_46,3699,a3599741ee04e887cd462faad4171c70c9289551462b0c22195f7c70a927dc4b
projects/B_speed/simulations/m0r0_B_speed_S0_r01/result/iteration_47,3763,c1f0ff1818a8bf2576eacf49250aff3f02b683933ea895dc43e152bb2dc9ce89
projects/B_speed/simulations/m0r0_B_speed_S0_r01/result/iteration_48,3833,36d27e43cdea66f23b2cedee444f2afe95c4c838fedfb509ece41654566aa16e
projects/B_speed/simulations/m0r0_B_speed_S0_r01/result/iteration_49,3908,05d55112dce4a1a6e28a6bf4b97a9367e5a3fe52c2636d3384d0a9954d495f6c
projects/B_speed/simulations/m0r0_B_speed_S0_r01/result/iteration_5,577,f20f5f9a1b28da3f9b0c836173021a37eb0b55e93258aba9b5774e44246f191e
projects/B_speed/simulations/m0r0_B_speed_S0_r01/result/iteration_50,3973,280e42f14cce33918aa95e4f3f0ba3678a636c4e1a6d40893b1c03767cc3b054
projects/B_speed/simulations/m0r0_B_speed_S0_r01/result/iteration_51,4042,33323bd1d1cff0a7ab92b9b7871930366d1f77a270f5ce659ef18ebbea3fb4c5
projects/B_speed/simulations/m0r0_B_speed_S0_r01/result/iteration_52,4122,c034e36bbdf7e94eee18fb37fc5d1f284f82d4316cf9d963285c3c4ba3a12a90
projects/B_speed/simulations/m0r0_B_speed_S0_r01/result/iteration_53,4196,1b70d41876fdc7fcb1973c56b8c4c4285bbc3acad5d48ebd050504a29883dd39
projects/B_speed/simulations/m0r0_B_speed_S0_r01/result/iteration_54,4262,8d5bc0cca96bd4d300db9dd21034c538190baa4e1c229271564bc66ffada4a47
projects/B_speed/simulations/m0r0_B_speed_S0_r01/result/iteration_55,4341,560f81c6a7522e13cb22e178e44b4b0069974a2588d60043de6827e67be80b9f
projects/B_speed/simulations/m0r0_B_speed_S0_r01/result/iteration_56,4399,e420af214d0c8ea053befe9055b3f871e0c4e137aa87c662f376d68fd91f0342
projects/B_speed/simulations/m0r0_B_speed_S0_r01/result/iteration_57,4475,38057b731cd6815f3fac1caef56dd7deb574b7e9bd913f0f1aba8cddcb22e9bb
projects/B_speed/simulations/m0r0_B_speed_S0_r01/result/iteration_58,4550,ac0ddc48f7c61930755e27e897e624d8dc2ec407253c32d845f55774ed2792e9
projects/B_speed/simulations/m0r0_B_speed_S0_r01/result/iteration_59,4617,c9a8ed2d4b4be57f805b0274875482eaf479ee6d373feadba3177ae8b5402f2d
projects/B_speed/simulations/m0r0_B_speed_S0_r01/result/iteration_6,664,b770f073dca314685deb0373bae1c6c58c8c779919628c1b75d09bc4e2983499
projects/B_speed/simulations/m0r0_B_speed_S0_r01/result/iteration_60,4694,bff8552d73de05316b8ce6e9ac64f6191132d07838464611eee21bf2730325ec
projects/B_speed/simulations/m0r0_B_speed_S0_r01/result/iteration_61,4775,a9bc4432f0a4407b54b039901e8b8f24062c0abe51076fc420105d4e701f693c
projects/B_speed/simulations/m0r0_B_speed_S0_r01/result/iteration_62,4856,33416535f8928a6b5718e728dde0d491ce337a1d08211f9dafa55f0651df0961
projects/B_speed/simulations/m0r0_B_speed_S0_r01/result/iteration_63,4946,a161aab41441dc5f2afea21896f8d2e48dd8ac7d17137e91cd565e109c35bb89
projects/B_speed/simulations/m0r0_B_speed_S0_r01/result/iteration_64,5026,f76510bd9cda2b65c8dc87496657a671812957a4a476d4eaafbc1bd1b45ccd81
projects/B_speed/simulations/m0r0_B_speed_S0_r01/result/iteration_65,5121,65994813e7fa4edf7c806cd653e8dbb164d2ed0544c268bde0b08ad9638310aa
projects/B_speed/simulations/m0r0_B_speed_S0_r01/result/iteration_66,5200,618a6eefe2e2e6e12b5c46125f0f023e7a7aca979b0b8081dfa662806ab7b2f2
projects/B_speed/simulations/m0r0_B_speed_S0_r01/result/iteration_67,5288,561b73a9d8df5eea4e060db55fdd0280c72f86214c4c976e45f7180ebf47601f
projects/B_speed/simulations/m0r0_B_speed_S0_r01/result/iteration_68,5372,6fc48e2527c690bc7206191c285d57642edb4ad9d606ce9c1dfda0fb0abce93a
projects/B_speed/simulations/m0r0_B_speed_S0_r01/result/iteration_69,5458,87f477a78093517e427c69ef7340d65388239654dc2acf90101740430920bc85
projects/B_speed/simulations/m0r0_B_speed_S0_r01/result/iteration_7,755,f75f95c0249e10374e68b2781c07ee23b3e8721e87a59f674d7c9d1be7a2878b
projects/B_speed/simulations/m0r0_B_speed_S0_r01/result/iteration_70,5560,e734cbd1f591df0fb3c453e85f46fb35923098b897ef4ed085a6fd4d60783cc8
projects/B_speed/simulations/m0r0_B_speed_S0_r01/result/iteration_71,5630,748d35f79fe76da6ee32fbd3aed7692dd3bc18cf115a845eeed8e20fd1434d58
projects/B_speed/simulations/m0r0_B_speed_S0_r01/result/iteration_72,5719,a1f52e8848b291618e9bf45b03fef89f634464f49c4f9b2a60e14614ac14dfe3
projects/B_speed/simulations/m0r0_B_speed_S0_r01/result/iteration_73,5808,a3e24f34108b7e6d6e8ce399023782d4af43581fe57b16a74d07592902bcbcf1
projects/B_speed/simulations/m0r0_B_speed_S0_r01/result/iteration_74,5896,f79c407eb0cb479babfd700290004b52d5e3c3e8f2d85ca9e6b8c8f789830d5e
projects/B_speed/simulations/m0r0_B_speed_S0_r01/result/iteration_75,5987,eccceb5483d162498e33fcf071de3276acf4a05d2ec449162e87424ea84de2b7
projects/B_speed/simulations/m0r0_B_speed_S0_r01/result/iteration_76,6063,bc7c98bf55b7454071cd407246e1f04970a688f7f9f9b547b665e2d7eada4385
projects/B_speed/simulations/m0r0_B_speed_S0_r01/result/iteration_77,6150,411fa990f20f4f6424ff8b367809c91584113a8d4254448bc359625e6ab6e577
projects/B_speed/simulations/m0r0_B_speed_S0_r01/result/iteration_78,6238,814fa38683ec2da8c6e8b175d0702b0dcafa6123ae85cd71ccb86f1d08810a58
projects/B_speed/simulations/m0r0_B_speed_S0_r01/result/iteration_79,6329,bf8b40488115a4ef9d1f6a1693b04f04c767b23aaf4cf15918eac269272d2086
projects/B_speed/simulations/m0r0_B_speed_S0_r01/result/iteration_8,854,741e47a83cd8f1e5c32b0d2b9d4b1b7fb8ce3c4be6afa65686a8e0e77f310179
projects/B_speed/simulations/m0r0_B_speed_S0_r01/result/iteration_80,6411,7a6234541b99bbd3f9b7b7cc8d19646489af94d79882af8eb17702ff577c0dd1
projects/B_speed/simulations/m0r0_B_speed_S0_r01/result/iteration_81,6501,1cc8a2ee9b265a20b27a5e81a1ee6ed0a945734e5df650d0ec2e60ab06a11995
projects/B_speed/simulations/m0r0_B_speed_S0_r01/result/iteration_82,6589,d76cc403181ac05595bd92cf4cc44e009d26e753c027359508c030cde021fd7e
projects/B_speed/simulations/m0r0_B_speed_S0_r01/result/iteration_83,6673,c4c9f2ac0c0e3ab890f64493986c8c31b6647de68aedd26a1eb34f547339f3db
projects/B_speed/simulations/m0r0_B_speed_S0_r01/result/iteration_84,6756,5b47b3f1d6bb3399de5c24ce85176b945a0d36e6678ffc2f71a93dfbd2d6e7ad
projects/B_speed/simulations/m0r0_B_speed_S0_r01/result/iteration_85,6846,ee1d0fd31fdc9d7a176a19f13a753e6b7df32940f5c6cc77e58280bed8ed749e
projects/B_speed/simulations/m0r0_B_speed_S0_r01/result/iteration_86,6923,21b728f8bc885321a62fdc3eaa9288e1a7589dc09ce5eb6579927b93ab17ac6c
projects/B_speed/simulations/m0r0_B_speed_S0_r01/result/iteration_87,7014,a506b4d789b6023e6ec446b1b6408e4db0d5b09b1881b9324f20d849787ff7e1
projects/B_speed/simulations/m0r0_B_speed_S0_r01/result/iteration_88,7101,bb1519c89280180def87954ed418c1b4a7836f11c015aece53203c76e5e67c38
projects/B_speed/simulations/m0r0_B_speed_S0_r01/result/iteration_89,7189,f77a6bf258801b4fcd7c45882a3954f8c4a6f62051ab0c973939e893d718292c
projects/B_speed/simulations/m0r0_B_speed_S0_r01/result/iteration_9,935,ee7614ec67b8e4862cdc96f59bc1bab08a6838cdd7a160719741cee0c6935795
projects/B_speed/simulations/m0r0_B_speed_S0_r01/result/iteration_90,7282,5f7917a89dc3a107f28011d4732d3ba8e215d8a4110090e9be4cb2dc309b7b71
projects/B_speed/simulations/m0r0_B_speed_S0_r01/result/iteration_91,7355,fe45dda24df0088d3a608709a845470b6407925d01959b11098a9be19fffcfd8
projects/B_speed/simulations/m0r0_B_speed_S0_r01/result/iteration_92,7435,84c9d2ae5c9834e5680d657709b5a927431848cf1afc669605e36dfb80c7cb3e
projects/B_speed/simulations/m0r0_B_speed_S0_r01/result/iteration_93,7528,470ff4c5a43b95f72102234bb6a64161a4546f287028e1b14d433499c8d1a572
projects/B_speed/simulations/m0r0_B_speed_S0_r01/result/iteration_94,7619,09900fab443d03d5aca565da976352ae071b9eb1ff00bd05aaa6c7dff94d4fe4
projects/B_speed/simulations/m0r0_B_speed_S0_r01/result/iteration_95,7706,62878d10b001c912fac63768af9657e714f5906b5aa6f508c3c4105cbc550d1f
projects/B_speed/simulations/m0r0_B_speed_S0_r01/result/iteration_96,7791,0ab31f5bf639350bf3d4d8d90429d2b70ba0082bc808932fb94fceb81e4f346b
projects/B_speed/simulations/m0r0_B_speed_S0_r01/result/iteration_97,7884,98390dbde36550b935f7adf631b1eb24700a0760e435f369c3fa958a4535c604
projects/B_speed/simulations/m0r0_B_speed_S0_r01/result/iteration_98,7971,dd87d93b119010041ea4eadfdc4a9e52219ba811c941b984f37c66b1a66d2f72
projects/B_speed/simulations/m0r0_B_speed_S0_r01/result/iteration_99,8057,fad829f021177f1817949da50ebd71479cec765a1ee6462623cfa2035e14e5f1
projects/B_speed/simulations/m0r0_B_speed_S0_r01/sim.yaml,415,fc955d290874a77d6947194fae93b27ceda165cac2538eb292dc990706c62fd6
projects/B_speed/wind/wind_iteration_0,44236808,f963e306dce94f661b5bc45349f2f536fe935a0e561be1d5def1a642fc21ce48
readback_A_off.log,145,79a0334c3f3862c752cd02cd5ef87b301d77ded709fe82d4e34c3e8e4c086d5d
readback_A_on.log,144,07ba0c6c2aa44a8a0561d903a4c0c36670f4734a948dcf3ffce5b1f9b7e33bc2
readback_B_shear.log,147,6b20117b94889430c288056389a1f6aaf564258f879b019fba88fbe695fbc2b7
readback_B_speed.log,147,bd044f632b4f16024ed12929d98cbc3eb221b8c899dbbcc5e1a1b750f78b5302
reference/audit/RAW_OUTPUT_SHA256.csv,39075,97e896fb86de3303afaf57cfc235ec3e5b687f9770aa30d395614b62be6a8d26
reference/audit/RUN_MANIFEST.json,2456,1a853f3e740466894e3d85f02cfc18efc86e498cbfbf368561e3e3b3e108ef5e
reference/audit/extraction.stdout.log,28,7ae8ca040ce5e6b98db303aba667599882776364a0cdc3b8fa235876024e4a2b
reference/audit/extraction.time.txt,1084,33c71b1b20dbb9a5345047a52187766edf06df612ea16a28905237349ed8096b
reference/audit/filament_states.f32,2728272,75647076ecf1981b6f7e52f3a2caec19273bf64783193dad254a1407a0b14dfd
reference/audit/native_frames.csv,8026,9497b249fc03ad5576a842b4430baf104a6fecf6215be0e4b0c2117a5fd2ebc8
reference/audit/roi_column_t100.f32,5120,9500ff71f91c88690181a6c8c0c1e1bf9c20d6802fa21b267ec5c1e134ba39d5
reference/audit/roi_column_t102.f32,5120,8883310887096464def01f452fded808000907e936598211e35ce723163df3b5
reference/audit/roi_column_t104.f32,5120,8b42da03d9b07973ea907eb64a2c629ce9994786e226979a2dee3e2ff61ac991
reference/audit/roi_column_t106.f32,5120,a9ad5b6906784cd58b6ff21556c73f2a8814cd1cff094b5ba46ee805dde564cc
reference/audit/roi_column_t108.f32,5120,40f19e2e11e0bfa4b7556c91009788b32148424a4cdf8c00f96a6a1497380a2f
reference/audit/roi_column_t110.f32,5120,a296b40f9b39e8cc5b4899c895c8441663e0819364e25bb1a24a62d04cef8d58
reference/audit/roi_column_t112.f32,5120,201864e754734f4edab8d7b36ba804eef88aa3402cd9f338f05be269d47799e8
reference/audit/roi_column_t114.f32,5120,b4da15f7fcd2bceda7f62675cdc6b499d66e02a9df8cacb1ce400b37f9711c16
reference/audit/roi_column_t116.f32,5120,4989c132bcd9cfcda284930a0278b09d13587dd249da885d419646b05ffe43fe
reference/audit/roi_column_t118.f32,5120,4a7c17890e53d9a6388648e4efa600f51c539cfdb58b9fe54ed5d0e9fecf8930
reference/audit/roi_column_t120.f32,5120,704bec957dafc98c317213eac2bed4b1bbf45bdbbc86de9266a3176536d609b2
reference/audit/roi_column_t20.f32,5120,d9b963c01e845f7bedd7df7d91357dec368602179c77031c340cc87a131452c7
reference/audit/roi_column_t22.f32,5120,290d0f94f464c3b1e30c32bd709dcd986d3f0117d22a50c3c862547454ad7354
reference/audit/roi_column_t24.f32,5120,5566e413a07d159e1b6547a1449acd41f148dcc62a1247141760d47af2bb9f5d
reference/audit/roi_column_t26.f32,5120,2267d51df75feb6edca302df9cfe5f819464acb7562f5719b57cbb92bd60b1db
reference/audit/roi_column_t28.f32,5120,00b8d35e45b3a3b3240012027e693b1763580741baca53c8974c075945fb5a61
reference/audit/roi_column_t30.f32,5120,a77771a43e773a267f832610c6068f40e84f31e233e56c947cb9c0f6536a3b31
reference/audit/roi_column_t32.f32,5120,e8e87c4d10761978b314d96ed4cfcd4457844b3b52593bf65cf421ff0df78743
reference/audit/roi_column_t34.f32,5120,b5fe404420ffe4db47eb071eef15b6a4e3ea0906d0569b671ef4c25fe4de8879
reference/audit/roi_column_t36.f32,5120,9f451985c046a4528fa31b55606ddb5ac6262e38acfe5b8b4aa3ac08907e97c4
reference/audit/roi_column_t38.f32,5120,e1d4ebaeb1cc37f593865dfb7d9f7ffaa5d83c2a86376ae82bc670705f5c2848
reference/audit/roi_column_t40.f32,5120,86f6b65c0ee40b0264b6576072cf04abd615ef79923cda2bb512020d81a661be
reference/audit/roi_column_t42.f32,5120,00c2fd79c93c5f36e5bc8c67ddfaa15aa3516ae67a5c9d5c5018f517108212f3
reference/audit/roi_column_t44.f32,5120,a8b37b5909fd12794d74163689719a5f399149bda5bc0942298cbfb66b515569
reference/audit/roi_column_t46.f32,5120,a371a49ab39f6319062a9b612f58e55ff4e04e9a1b769695e82a6f761cc7c2f1
reference/audit/roi_column_t48.f32,5120,1c3726a4bff5756e11519f041e84934faa3c9fc2d020dffeafbbda07f5097b9f
reference/audit/roi_column_t50.f32,5120,39fe01ef3beaaba9654010e7896d04b50de83d23cbddb38d34b0680ff17a34a6
reference/audit/roi_column_t52.f32,5120,785ea20c7c3a88c4e2417af6a8ac8297de96793f848c12d8fe5d8eeb37ae00a4
reference/audit/roi_column_t54.f32,5120,2fc5faf75b1c7c9b23c35d9ef067b1853fc8f18322752545f48b5e51c4f22fe8
reference/audit/roi_column_t56.f32,5120,a15b6efa9b6d92366176de2d6bd4fa82b7782d5d2dc66aceb9e5e645e3b010a5
reference/audit/roi_column_t58.f32,5120,941b0f519ac5fa8bf2ce213c0a0a3e9f450ad8d7d4ed4443d53557b9241bf0ae
reference/audit/roi_column_t60.f32,5120,ba25bb2c5132309235f74d956e596f97dc5fa4b28df73cc736c6f84b48fe8d66
reference/audit/roi_column_t62.f32,5120,d785d75f42e203b9c3807f5bca73af5c4dad8e786d03dfc2f5d2587f9d448d7c
reference/audit/roi_column_t64.f32,5120,2ec3dcc2aca9b9767edbe8f162763a20c52561ad423a98c6b1ef4f18aa7c4aca
reference/audit/roi_column_t66.f32,5120,ecc63dc7de5ac8ea9470fc8f082e713c62d76807c5ab8c23ac38fe96ca522ff7
reference/audit/roi_column_t68.f32,5120,c230aabc8fd5c2e1e9627b19cbd91554d07e59a5f37a7b5b508fe2bc34a90dff
reference/audit/roi_column_t70.f32,5120,6f72092c1736510d9cf90d0f990222e86fba29f3e6c8352d177eb3ef6480eee7
reference/audit/roi_column_t72.f32,5120,b19089e33746aa7e3d5b6e63bbd6b183148a2009bbd2e43b5951687a46b3fd2b
reference/audit/roi_column_t74.f32,5120,8ab34a5b9f6ae41b243c6d5793d8cabfda70c669a4aa111d76d0c83ca8021889
reference/audit/roi_column_t76.f32,5120,08c76eb701decd9c64951b7e1219fe81ee3d67edbc362d5f1e253301fa8f6578
reference/audit/roi_column_t78.f32,5120,ec62c3c8a8fa42acfc2977df96a90b5fffb6191a6fdc520924db54c9de63195a
reference/audit/roi_column_t80.f32,5120,c7e297c3c3b830191cc1db8804aa4665f867586bec3d4de397fa95c27ec3721b
reference/audit/roi_column_t82.f32,5120,a3a881e37ff16587baa37f9ae895992bc5294b50dedf002cda7ce23b74db0ae8
reference/audit/roi_column_t84.f32,5120,26f5f9cf40ad530d685596e46a94f2f36c078f83f61a0c06355c48a31f6768b2
reference/audit/roi_column_t86.f32,5120,819e0a9450e18a7a007a2c6b627c25ca1eafacae1ee06d7da7692785b0713c8d
reference/audit/roi_column_t88.f32,5120,d3160f2ee21bb58fabff330655223946251663743f8cd778141440628d30e900
reference/audit/roi_column_t90.f32,5120,623fea7eef6cc458bc1e102c711951f00d8167668f6a87497ec785de9015a270
reference/audit/roi_column_t92.f32,5120,c632775a63f4951816f4464f82ade5039755ee23bc35f8cc4fe922a3f3f95f8f
reference/audit/roi_column_t94.f32,5120,f0d78d2aba566a5d03b0b02781aa981cf9c90b29864a75322ea6178134dc316e
reference/audit/roi_column_t96.f32,5120,08d7ebd919621b4e9662ee3258095ae0f6bea9108e7ad1b7128506aa43286481
reference/audit/roi_column_t98.f32,5120,54caeaccb83f7a8df856039dc6af1f96ac13c406d974046371bf0cde04c7c471
reference/audit/ros_logs/filament_simulator_42837_1791422723884.log,963,7276035bdf13553f0d094599a83d158079dbf6d52bab267fcdeb61d9805bf8fd
reference/audit/route.csv,1681,fabd22992ebdbf867aac088ffb506c35bcb31a0c6043270aa62db93c3e8a7fe4
reference/audit/sampling_parity.csv,102501,ec59fa8032c921a539ad3f50809d88661fbf719d2c7eff290b368b363bbbb384
reference/audit/simulation.stdout.log,963,7276035bdf13553f0d094599a83d158079dbf6d52bab267fcdeb61d9805bf8fd
reference/audit/simulation.time.txt,1041,e7021b62bdc95d08d0b6cf6ea323afd2a8e5acc610e2d55323b0ebb0457317ed
reference/result/RECORD_TIMELINE.tsv,4087,dac132ae8b0d3d173a2f2226a4f323f1a68165a76c326632b22355a21c0b19d1
reference/result/iteration_0,122,d8a2b80b596eee33481cc56ded1d091ba33da6965dd20d5cfdcb11913a98a283
reference/result/iteration_1,222,442e5b781c0fc86235ca57d11046868b774fb5b7cf2a9378cbf892fd9b32dde1
reference/result/iteration_10,1026,b7677bd3a75839995070ecce372d811bc29ac7d3199a5f74389a08c615a98da7
reference/result/iteration_100,8158,b69bdaf40ca90cdfa863ba7acf51efe64d25acc2b2805298abb52a29803ea409
reference/result/iteration_101,8245,8ae09d55f964669eb11fc6c043cee3498c76357d4dd33eb19906680c40c357c2
reference/result/iteration_102,8327,7a50b7e1c4306f8545d50e18b7986c47bc6dc7c6282cb893c39f41de39f820bd
reference/result/iteration_103,8427,c78c20c3363f095f3eb03bdf7b9e0d5286faface9815710e4ea1e19480590958
reference/result/iteration_104,8513,ddb5f72b90a21dc6b7f5f784445b341311b54831f1d2ed4dfb857baf462a071a
reference/result/iteration_105,8593,c88ff13cbce1afbab889e3bf74c3ac71e56f24bccd16ae919e9370dbec1e8e75
reference/result/iteration_106,8683,2875dc5f31da8d9772a98e6194a6b318b70b093fb980fb3fb56b952ebe22c268
reference/result/iteration_107,8783,849ff94fd841e9791380cc481d081cdcd75db63ff4a47502c1807bac3e8f8c59
reference/result/iteration_108,8856,b865e38a2b5cb46f418f154ef7997549a144ed88b2f6fb1e7c041a898c59af0a
reference/result/iteration_109,8957,65c2f1c797cecc137c0772dae97b6b617787bd005d4cf05d1b5c341fb694f3ce
reference/result/iteration_11,1112,a0536f347f5baafee9d287c57900fcbce6f9a18e9d2f75510f5e2e8652503367
reference/result/iteration_110,9040,4c437c58f5b4268719b9d11b3336c25ae3fd4470e3a41db1a4edd990ec886d98
reference/result/iteration_111,9128,2a96bf77bfae615479b6f3f10775ecf48698b4ac95569e9f93dfa23522fc8ee3
reference/result/iteration_112,9213,8fa1b3e7b633403144b5eaacfa3a173f7e08ca5996b198e58038b34025ba5d56
reference/result/iteration_113,9300,c386f7941bc8fb3d6335abf31fb6f067085e2ba25a87b17876dd1191f58c5df7
reference/result/iteration_114,9381,05c1f9dce2cd6240d51ff67c14fd5b06e1b306c9a95161e9f00d5bd0f4ee3771
reference/result/iteration_115,9488,04b636a39a4eb331a0ccba321a17ffd962db962959ef455f7c6484c3e5a03d71
reference/result/iteration_116,9571,01830b11b38ce69a2849f67be7b80f4272aca95776e4d3abba88350aa4eb8a24
reference/result/iteration_117,9661,105dda2f15bd159682ec1f606597221e2706a6fff925aa9ca792a82996bd9245
reference/result/iteration_118,9751,75558e1235fc72a4eedde134ac8f8987247a5e7f84b15788c37123b4f2e5047f
reference/result/iteration_119,9841,e222728d1eaaa889daf355f15fb6da113e4cd0c4c0a4168df1989fc5346a403d
reference/result/iteration_12,1198,d468b12bdb272e40cdcdeb2ae29a4f0bb2a211a5fc85765f578a264b7e274cfe
reference/result/iteration_120,9921,a817eabc7216d0411872263ac541733401b79b27affcc5b6ae4947473893d0ce
reference/result/iteration_121,9998,3877f6052f32a95c066ee73993d7cf0a4f07a5b95debb918543adcd5e7c5b50e
reference/result/iteration_122,10116,099fbb9631fa79ca5918584c52d1351e87ac3b3f9c51dddbcfa9a0dc5d04627d
reference/result/iteration_123,10187,95414e59cf74f9de23ee5d78ad155cdf4fa42dde801f7d4dc75f6e2fa368d498
reference/result/iteration_124,10287,9e6a388045394173f2a7ebc50f29adba71bb7dbda3b2bffc45a696495d4764c8
reference/result/iteration_125,10367,016a6556196cdf625d07b2482e3d7144d7ec44cc52b8c1dc4bfa46614d6ba55f
reference/result/iteration_126,10460,db45af159fcfdb50b42622c2d9b0bc945f7738a384963bac9918ddb6c97cb370
reference/result/iteration_127,10535,ab8159154c15c1066d36c36e832e85cb3e77ecb6563ec6b9a90a061685cda144
reference/result/iteration_128,10639,192cec5a12c5b25eb60747afcbadb79e75f167e6c35ff46eecaf10ab8425b3d5
reference/result/iteration_129,10725,6f9f2bce902fa2b43c89247489b455de387a759b309aed95d4dbf4cfcb0f86b1
reference/result/iteration_13,1290,a8da27beaed9d94c5fe08e32eda2112d7944458460571ec9ad0885cb90ffdb06
reference/result/iteration_130,10799,14a121e51ca5640e12a1b579b630102dd9704ee8e87c83c59bac27bd5df85061
reference/result/iteration_131,10895,0dc602e6df8d15bebad1c627e53d39f63d83929ac349702a12082cf9be8893eb
reference/result/iteration_132,10974,0ec025b2c8462339dbb89d38f815a62e51b4f441fb6bb0efe5dd3ca4b4f4a6fb
reference/result/iteration_133,11068,5c35b42abaca95c035a877cbca2b0c3c62ab499dcbedb7039be8d6dfb65431e7
reference/result/iteration_134,11162,a774ea94c965277d0747900f35dbdabb66bdc317f625675557bfb9545715f8e6
reference/result/iteration_135,11252,592bc2fe3c8cadb88570ca8aa8dc0aaa22dda1da70a592c893874093d74eb9af
reference/result/iteration_136,11338,7744601a0df71494bc9e566436d3cab2ee73809034ae3c9d8e43e973ecb5fc39
reference/result/iteration_137,11423,065bd5eb4cd9a9c2760f495a2fe846ce7641591ee190de1350ee99fd7d109657
reference/result/iteration_138,11521,f66e86dd509a217c1c2cb2afd9d01a636b5bf52003f433ebfa9b97f54e968ae0
reference/result/iteration_139,11597,b66f10a28ff550cd430cc367197b6a8ff1d096a1e96178f2c254e22302291e12
reference/result/iteration_14,1375,72becbaf047705c7847c60a856422c5cbe4176da11bb8b50ba3f9866b83b5b22
reference/result/iteration_140,11692,03c650a8873191fd1eaf36a334db08b2d12f248f1c395546994ef8a247b3e825
reference/result/iteration_141,11791,dab55ac80a546bafc6b00558d43a6908ed869b6890ec12c85598b776a51f440c
reference/result/iteration_142,11874,4ac61b1017364d95f4d2bc1eb918eba7528c48b059947bfd26b24773b511a2cd
reference/result/iteration_143,11966,dc89b533c4b9b396f46df99d173ea6910da5aaf21f168314c268dc61918073ee
reference/result/iteration_144,12045,b0f51ece4ef44560e981adb2a1053c0114dea263e77ed1f0290df417a81d67f0
reference/result/iteration_145,12147,7a11a1c8b1d42dae19f48d34f1cfe7f73b350b7c78241ba7e132f29adcc02dc4
reference/result/iteration_146,12236,0aa874b90d32dca1336559a78a62d93a1ccbf7165964753284239263165940ce
reference/result/iteration_147,12319,6ef332c3a6081ccf5681a28ff90ab985a22fc64b3c9c3e2b8175a8aec3e303a8
reference/result/iteration_148,12407,48fc2401dea04bc984f5229d4a4f8c6700f015fba4094d785d0958aaace4ff6e
reference/result/iteration_149,12494,25551c94ba185dc29b420422b4da65cc4502a5f36e4e39a39ceb1282db0a2734
reference/result/iteration_15,1447,5852451840aab52e6658cd307d7fa234390a07369ef7393a7330c8789a5d88fe
reference/result/iteration_150,12577,fe4e3a1e6521413c2bafe77de35fde426ad1fbd01e1ffc5b981274132f2b8c29
reference/result/iteration_151,12685,26cd4141da0e3207ce3593c22c6c2edb59ccf0129ad04e884a03ca33f5a61b58
reference/result/iteration_152,12768,e4b53231d03919d58a2af8d17bc6847a0b17556d3c36d376c2ad3c4f2d7bfbc4
reference/result/iteration_153,12845,a546e4d8a588d118767dc680e0ed96ca66e800f1d63683d3f4c5371fd8a2bf33
reference/result/iteration_154,12935,f2aa4cef1ea1b685f2b25fefa1b5c5a387b38fc2859fdaea504252cc096fdeda
reference/result/iteration_155,13027,ae194d0ee6376fbc308985e5c90290d2df8e7f18b7652a5e1b0d56ca575838d3
reference/result/iteration_156,13112,13363ba8b371d491cd837a38cff8a663b3dd53124b5da33c454da133399297f3
reference/result/iteration_157,13186,673d1cd90ebb1b5d93d339f41353a8923af82decbcdbac2e5429b874f0aa233b
reference/result/iteration_158,13274,d30e9bd1752c0841e1d0a77eae33db310c4fdcd0dd7c5f3ae54f3c857e93d372
reference/result/iteration_159,13379,46587f026923fdfadb6e304b4588b262565d935e26b90e2b0ab3ca6c7c8baff4
reference/result/iteration_16,1528,0a788e601b81021cd69bff931a97225afdf9afba5cdbca56280b494b93792248
reference/result/iteration_160,13483,7cb1016fc8c6a7ce6c32b3fe030981e43001cbdc0e36303b055d408a940cfc18
reference/result/iteration_161,13572,125b30350818ef7d6cd2e5e2d6ba45f24b1c751e17f8f92ce8e4463fbb388555
reference/result/iteration_162,13642,da1b53fd55a47f44a56f003a21b90af5216fe250cce4388e3f221d78da393bd0
reference/result/iteration_163,13742,899244e98088c0a5a8e4aa873aa5d816a2338d8a063d67948c9f8e067cfbab58
reference/result/iteration_164,13836,160d2cd42146d2f4e7187a4f115f95da0af4d4fa094a72b94e89656e7d3884f4
reference/result/iteration_165,13923,983e32c50d7c350e9d346d6e9e9e5625eb2a1f3fd6a81bb4a49172b996648143
reference/result/iteration_166,14009,6600ff9e5d36ede93ecb7a68c94c0f077fec9de64ebf641d7ae226080351d4ce
reference/result/iteration_167,14089,8588d4ba446fd1fad895f4be19f9493a2a0545d6b9ea23a45e1f14ef1433d995
reference/result/iteration_168,14169,2ec534aa9fcff264c4a4ca0398ade87852a41e0d41d2f3eb48dfb335a147b6fb
reference/result/iteration_169,14265,fba5b4f0ef501bfe909735bc909c8cccde0c2d91dbcf20c376878ebc4152693b
reference/result/iteration_17,1598,df15c6e6c5958f2189772ebb52a577130846a4bcef600ba91d0f7c1992502e7f
reference/result/iteration_170,14340,efb0540b906106ad3ff4a2f6189dc955956380d05b017757c0893c2ca6bcc76e
reference/result/iteration_171,14435,d387ad87b2cd12a840de6148d31661a441f4da0fd982370ba632640edcf27e3d
reference/result/iteration_172,14522,a6a8cfabde9e756e78a3ca0ced4cc1269d18f34151a13f5e6cf11e0be16e40a7
reference/result/iteration_173,14619,6426f91ae87c3050a37a7d6f1387e1bd6a69eec14238f534409b92d4e1d65e34
reference/result/iteration_174,14714,07b2535c392166db93584e2aabb47d3f139b75ed1ddc5ebb62b2ba4d2033e916
reference/result/iteration_175,14792,e3328998870d0f7a55f5e356c9966ded338e8126362d4b2421a74749f6702d3f
reference/result/iteration_176,14894,b3ead7cd804b474dc397b10dcd712e56c027d0cab0e0e5cb775ae2ed81aa7cd0
reference/result/iteration_177,14978,15af59742a396bb3ba7b285f47465746cc02da0bb902e601f1365afdb5e4174c
reference/result/iteration_178,15062,632c1de8f0c61ea3af8401f7ccbe6b6c8a0d02236a34a28207d361f4e1859df5
reference/result/iteration_179,15144,1570d86bc1f7b1959cffc4f75c0c48486f30f5eb766481187e28082f88f87eae
reference/result/iteration_18,1679,33ae260cbfa0772c96d776743fa219ed516b273971c7826e7b7268cbf996e12e
reference/result/iteration_180,15231,6113627f57f8febe3da41f97921ffc8b906bff8bfa331befd9877eaa82fe38e5
reference/result/iteration_181,15318,3241158d30098ae38a6d7e9ad5e7d8a49e54b188def645ec0b4a83342ff3cf40
reference/result/iteration_182,15428,2c09f57b9c6e6865338524ad2e940e461a0de0463ce0e4f0623914e9cab42a6a
reference/result/iteration_183,15520,1ca27ca8c86bc894334eb0915926e2523f8dc043c13f31dc82ee0eefd744704e
reference/result/iteration_184,15614,1fd8e58cfcaac29e7611f0d2f93eff92419ea6d0dfc9043b9f2e6a2ca73ee69b
reference/result/iteration_185,15727,f7e54cfefcd99b1a9c0542f628f08fb19041380f97be8dc5f4175287b247d5f5
reference/result/iteration_186,15791,0094fa70474ecf3bf443e218ef33b1ff3f56a0480db674ec84d009ff3f71a268
reference/result/iteration_187,15913,f25020ce853d0b066d52f55524b81d7e3d7a3119058c80ffe2188c85e4df3a2d
reference/result/iteration_188,15968,c6b4b2e2cfca5a077aa9103e3b2f655f40333a5275e7ad17a8b18d933c7aaac7
reference/result/iteration_189,16078,59c6353226b3dbfdb7fcb405192fa77b303f8311ee287788d3140eda64ef905a
reference/result/iteration_19,1744,2f392e7acbd2ec3aece9ae2e90a75f22e37e0acfe71052c7043b9cd366296ea4
reference/result/iteration_190,16162,937c0fd7e46aae9c30d221652351440fa34d8b932f0b2ae2ba93f592a5625175
reference/result/iteration_191,16261,766dd1285106e61695b9aceb500b66eccdf0d6f36d79915b67374d10dd7d493d
reference/result/iteration_192,16349,80e1c598ebfa2fa666b2976955bbafbfa60257833e0352f17e068781c44660e7
reference/result/iteration_193,16424,b3deb0163bb9f0f093c44bb3eae4654a019ec6699e082243586b212947d2d30c
reference/result/iteration_194,16522,10cba326c9b747756723a809a5b5532373c49e542d4c36c920576224dbaef688
reference/result/iteration_195,16607,84c76a4380f89b7baecad5390855c4677ea3e8d2418749aa62ed7e90cc462f98
reference/result/iteration_196,16690,81b5984f86e4a65bcfcafa5dd49a451ab70fc05ef37f350cca611c174bfd4e38
reference/result/iteration_197,16771,0a483e2a608115135ff79e92d39f8d9b3469236c8c833fb499ddf9665a5fbb77
reference/result/iteration_198,16852,bc75f6ec407314a4fab2bc51ae8c2145bff93051ee53ca26009e84ec842372cb
reference/result/iteration_199,16949,e43193dfef7421d4d1eefca363be138c91bc854d46f2a9ddfe2bf958d85da3b6
reference/result/iteration_2,307,16b3b4fd1547052441117b2fe55a3d9d3b00e374a85315e46dc51c69205df988
reference/result/iteration_20,1814,f12701de3f5d5358000baf2f3ac18cac28101d3c859bf109186d8d908e2a7164
reference/result/iteration_200,17046,26cddb91ea5d90d6919e928fa38aacd9428d1cb704942de22c62bc0f4ec2de69
reference/result/iteration_201,17129,bcafcc62323cf9ea93b4823d35ce71f32e84a637cfcfd41019c22dc42b187bd9
reference/result/iteration_202,17223,9cbe7110632c1c84fdd769f76b05aa65898cfb26c21681feaf1a04da5acfe9f3
reference/result/iteration_203,17306,4f25e9c31cd2da30b7a450520fc7917789ee95a6e78c9874a2b355fa27baba5e
reference/result/iteration_204,17368,7b2ea8da1cf662bf7d238331c9e5032add9f1e47deca8d9693a6c53b97555cb2
reference/result/iteration_205,17470,e7496d41f96f064dca7a253abac3574dde63d1484a84478ae04c9c856be8fcae
reference/result/iteration_206,17550,aac40beaa814e3d7ff3b2484ad27784c37012147d7a5ce1ddc1026f8e59d80ad
reference/result/iteration_207,17621,2c461b49f25267b6736226a8c96d75f3e3c720b586cd82673e2a2fca23a0537a
reference/result/iteration_208,17732,089125b2ef30c60c52609bb2ed227400d5c629f255a5f1a373178bbac9e0cb2f
reference/result/iteration_209,17831,659b9dd250abf313acad2202850c0f707f71e570b9fab8345980e413f0071954
reference/result/iteration_21,1886,aa152ef935979276914e5a5e7a6bf1903ef9a93584ce6ba5e7996e460874c292
reference/result/iteration_210,17893,969446b115986803aed2811623c03d4a582ca53d66a4eee30a37f2d5b406444b
reference/result/iteration_211,17985,e87bc7ea4d058ab4cc67be3802441196bb5a4575ddbb9436ae3e3ec1b0951291
reference/result/iteration_212,18069,8af71d810aeba7e675cb7786c2b7dc429f0bd0c66fb1f727caefa690e2b52c07
reference/result/iteration_213,18155,434ac69478505c371f01aae7f486d33f1bfcf8e7c2c4cdb36802a30047f18f69
reference/result/iteration_214,18263,3d17cd26d7447f46ec9bb1d291d8532718aafff96e42c5001a28a9eeef4c0f2b
reference/result/iteration_215,18328,f154ee00ee50c29836ed716604e569b96b9d19ac7a22d8620e6131ef7c190676
reference/result/iteration_216,18424,7eb46d1ce2c902fa8722c76fc8f63e21e6265542a35ee7f0574ec80122ca628a
reference/result/iteration_217,18481,22ad07e1d2232a626fc834c0e30361773459cb12326afb17985e2e2cd7cb1a0d
reference/result/iteration_218,18577,a1e5316289400f6620fd3610f407905d603d8597b420d1f63546b6ae15774a32
reference/result/iteration_219,18672,0284092bc4f96f9ea70a2024db39f8af45c0e4d3e8d60cb86574f3ffe482b413
reference/result/iteration_22,1959,9215f7ec1bedd2c5674e2fe73c3c26058673e511973fff028f363610c02cd0af
reference/result/iteration_220,18760,b67fed9c70079153b6af053d2f0c29cf45d3343d1502a8e0594180527a68be16
reference/result/iteration_221,18848,8b13900e7b0f19ecbe08d3cebddf7b8877f1d0d0d4ac6e0ff2ae2dd4215b31ef
reference/result/iteration_222,18918,f08e2c5b2ebb6b399e33a66e56c02bdb29117b642ec2e952128221914b5400ac
reference/result/iteration_223,19009,42eb288f413b82c84873c274a08cfaf422bc3fe33a4ad6ee7975033adf1cf667
reference/result/iteration_224,19086,b26ab7342fa27e90ea5f371d491e7f10af895f1ac90093d08d594155a794a4cc
reference/result/iteration_225,19166,f3e642c56e722c2a2eb87e10a5b21c19808ba35513821059742455f7062dcb5a
reference/result/iteration_226,19233,490bc51158fb1986549044a9fd6ab7d49890f1463a49da6c76d8358c41f7f41e
reference/result/iteration_227,19293,ac9de9626fffb3f27f2a6eed885033ee4f72e33505ac88381e58c315b4192f89
reference/result/iteration_228,19387,1067c74606455d386852bf51c1b9dd2557f778b73e44a7fd5316497ad8002c6a
reference/result/iteration_229,19450,cf803d11419bf7c1df11b2cb2ffd1fbb20de10c921208ea5872345521d784125
reference/result/iteration_23,2031,20b5b0b4ebd63897557ccd39de7d0f5eeab60d7dec1cd6db9fe0e3f4ef00503f
reference/result/iteration_230,19547,ca34917c8065dad6cb37af1fe9b1da9a898b89f710cd18dd4d1bf8b352155182
reference/result/iteration_231,19610,0a12c221e424babdcd988b74f649a732d4bddbbf266eecd91131bed7654aa66d
reference/result/iteration_232,19683,6d29479cc946bfc7479e4fe9403e92acefe0528ddca0b2c5bd2e0f817fb4db2b
reference/result/iteration_233,19766,604f577f45ece440f78d8560a22b67f077d7409741e72a1fc054ca0807993c2b
reference/result/iteration_234,19854,9c94eb59a81fd5fd9e79ce1d3e7e7e06c881a18b0e3a8bbb1bc60e3894c13799
reference/result/iteration_235,19888,cb7b0825927b8f46a96c175625ae2d7806699bda9834ccbbceedee86f8d6eb3f
reference/result/iteration_236,19967,a41560a8e8f3d9c31796e25d76f28e25d374d3743a8a46c4690f5aa42be23dd3
reference/result/iteration_237,20070,4a61af070e9026658689a2e09ee2fbe54027fa4b2e1800e64debc4ef05e1628f
reference/result/iteration_238,20137,0fddea0fa6250cccc2199dbb6f012eb55b22c0a38b54347d0e463b1cf310f5e6
reference/result/iteration_239,20198,7b2288b4e5057bc71eecd18b743244d6597baa461b418c3816ff4258123eec99
reference/result/iteration_24,2099,59ed2e26bb16f10f991f34a9caa87ab5ffecdcb8adfcb2d41ff7cc7ba781a077
reference/result/iteration_240,20261,7fffe61afc7662dd5ffdb92c8d7895518ff18a49831922e863d2d65acfe4a928
reference/result/iteration_241,20350,56caf57312a69d3918b2ac97eb75dbd00d929727304ed3dbe0242a9eb16c0b94
reference/result/iteration_242,20425,399aebf9aa3066fc8642db1df5e02e4dc95d476af412bbe4583cbdffa37a586c
reference/result/iteration_243,20510,2e772bd0fba71ef659a5323d3b047bcfefc5d4442cec97c7ba67aa79630702ea
reference/result/iteration_244,20575,a5a3fcd36f54ccbce049b73e4c88421ff07a5d2559320e67d172a019921c4301
reference/result/iteration_245,20650,2831094442197cf128f2da4c75b8b82b076c62b2c200f3a3b1e1f701a21853a3
reference/result/iteration_25,2178,026a9e78c4631c787132878ab785dc040668d471adcd5c5d13ea84b849325f6a
reference/result/iteration_26,2254,152189a07bbdf847bc8357c183530c9838e0b78ce5998a66849d949526c20a6a
reference/result/iteration_27,2321,6ab5c433f9c60fa85e3dc1c9eca0ce0b296cdb6a6b52ca16bd6ebf648f480577
reference/result/iteration_28,2393,f6c1a421c8fbd8c279af96752e3a5de20d619dec1c909522107356b21a54d505
reference/result/iteration_29,2470,4927a9a820afdffff6aec1432a8ad52cdbe0c6a6f9b716b93a434b78cf4b095e
reference/result/iteration_3,390,6a50299af8c89ad5c7fe64cdd5e78285d19b6e71ab2b77dccf8e49fbf3482d42
reference/result/iteration_30,2542,ae4e2c6113365b822d6429ba3086ff80d05d84ed51ce8c7e82e3942609917ff1
reference/result/iteration_31,2610,904547c365cfcc97bef8ecb5657fd5848969b28db0a22ce7779fed869e9277e9
reference/result/iteration_32,2674,70d90fb2cd435fad16e73dd10506ac4deb5b68365507b02a9c9927b5a02dba42
reference/result/iteration_33,2764,adc2827aba4c5930f0b41fe35b408ed8f9ee009da6be90354356f169574e6f03
reference/result/iteration_34,2830,737b27bb1e546aede69e0808ad99c1e1277d2a5ecce20f9aa3118fbe374bd105
reference/result/iteration_35,2899,70238e55bb1da41b222e4092b4239fe3e1df47cc05ff8a9b6e727e84a0235f4f
reference/result/iteration_36,2970,1807cf223feb5c0f9d1df7538afb45a98fcdfbd7512dfeca3ae096108f50f655
reference/result/iteration_37,3045,360571d9f7ebeb521a8f09463452c74d1cf2c012be80cb44d2c496fd0d072876
reference/result/iteration_38,3123,618b70b9175854bee7da9f12f4a6c0ecf1830a04bb4db79878dc49ab81588648
reference/result/iteration_39,3184,62c6fbeb3d8c01edd885bdf60ff9e06d113b978839b514c4346a39e5acc899ea
reference/result/iteration_4,490,2c3250ff5fdd589eccc4e94e38dc5ccefeed8e13f9de4fe5ebea650339318fd3
reference/result/iteration_40,3266,cabd1268328c49f11d071f5472951bbbcf1af04e43a54f575ef960fe55942714
reference/result/iteration_41,3338,2adf2770c6229a1020561a394d44024a5da392ee77293a0d36dcc9b0932a7d3a
reference/result/iteration_42,3397,bc464086d8766fad00bed398bc3ad4028f7eb6fc9c150ee6b566ec6cdf82eb40
reference/result/iteration_43,3480,c8ab6dd9dc81c2e50239c640882d7598e57101f09d02e30bea239310cdd97e97
reference/result/iteration_44,3546,24d52cddc432c5b745ef74d69fb9550d4afac5b797cb0fe858466d6f3fc53e04
reference/result/iteration_45,3631,f724117669c0bcccadf31a3b88d4eab4182c91184c41cb5d1963bd73950d6ff3
reference/result/iteration_46,3701,555ef25d6d81a95ff45e10d0b5979fb9be23cae28382f12f02dc1a6a6079205e
reference/result/iteration_47,3769,78d4459f3076836ea0f5c9fb84a6526c6665fda5bcd50ef3fd9556e0ddf9cfab
reference/result/iteration_48,3839,a8688e7ef501bc61f89db5435a5181a8e8b3242070ccb27decc27c0f5817eb9d
reference/result/iteration_49,3916,3be92296f6c2a7152afc5c0217fed7febb94e8663493a003895ee07269ba9bc7
reference/result/iteration_5,578,0177dd79c950d584a5b98ae30a0a5a3bc03ce8ef481ccb00a7e9d257ef559fab
reference/result/iteration_50,3977,203794fc018060879baf2892bb0179212bd2f9d8a032c3e5cee309acf680bd4b
reference/result/iteration_51,4052,7617ed712e73a96246da092bec5f855583c7ddc69575768084c57b2a6ce097e9
reference/result/iteration_52,4127,397c62060d767651eb795317c28d48d2f31537f5d4b5df22c1e9ff9207cd5e3a
reference/result/iteration_53,4194,9bce6d061fc5026bf0e14faf4f143e8ca261225a25d5d250e5fa96a4a75c2dbe
reference/result/iteration_54,4274,05c0549320be019cc9e1c0c4ff0b0f0e1de23ab974ef0612e11c145f155309c7
reference/result/iteration_55,4347,aa8db13241e6b666a9752748807f3459de8b07243a7c874b0c85f76df4543bc1
reference/result/iteration_56,4416,01d3940d428be7ced7a9a6d5f09477f627611945afb1d019c7ee483e378f77b0
reference/result/iteration_57,4492,c08aba4b1a627b2c20648c3f9ac0df2d13a2ba404c322a56ba95864bdf0b38d6
reference/result/iteration_58,4567,794a17c742b95e6e7ab779cc713d9e5ab0775ae2a80874fb7f2bec1e89c8d975
reference/result/iteration_59,4630,342b5f57c6fdf1a8359c0fba368feb18ced38d9fa625ad56c1b7f60a7da962f1
reference/result/iteration_6,666,e71f8c25a135ee524171c4674cd21f6a77657b0e6fa19c434e91993976e1ec81
reference/result/iteration_60,4707,a2199975b93cc5ad1b4fc976890e2dd681ada1c67a7eadc51fc45a85a8d2148b
reference/result/iteration_61,4785,07f15b453fe3b19b538b45384a40df1059bcb542e43b2cbfafc122d5bfbfc093
reference/result/iteration_62,4862,af247ee46008450422156af3e43f3c46a767aa1ed4a21608c03e947af36c7209
reference/result/iteration_63,4956,adfe4eb7be0841be40c56543156a084c3e6c99efe77a113615c0be0dfbc20f3e
reference/result/iteration_64,5039,6a506bd098fda5594101776d362b3332390414640a43cead8df9b419c7dceed8
reference/result/iteration_65,5124,60041c2bbc44ddb4ca537bb92f575e340f8d5d2fa1670885bf58f4f67789602e
reference/result/iteration_66,5209,64fdcd0d5080334247f27d187f730bee5df7e65cfe33e5e5dc93af7e249b41e8
reference/result/iteration_67,5307,9948cbcff842f59aa21deec8019743e8d1fa7a06714e7a842ba57691b02dd25e
reference/result/iteration_68,5386,1c4df117a67c3cd5b0db5f1e63a069281677d6f78b34cfa10de8ae17a03a6823
reference/result/iteration_69,5470,654973cb6966a23de65da565492ae9084e261bf0b4bd918531b3af7cd7d1ce12
reference/result/iteration_7,756,ccbe1ef5c21a424edc5a0f906c19e4e22aa622af2659c5f3c4d2e3d2a8e6b943
reference/result/iteration_70,5562,56cbd55b0d2c35d298545b7729e9314c8e8cbf95ea6bbc55dd8fd4ef979b27ff
reference/result/iteration_71,5645,50501c1d79af4a4ff46196be92965e0e6ca3d85f3f6ccfc8263fc468a8485f44
reference/result/iteration_72,5739,3c92a7ce5cff61bf81dcc34d44eac85f625caaa0c8e920e4383ce2400c0d1d7f
reference/result/iteration_73,5824,876896639781267fa8ae9f30765e11533be5fa38af1d646a03c01e07e2b66ad1
reference/result/iteration_74,5911,7e9fd003804edd81042255ac89d0db46d6357b27e320606910fa5e4452aab3c4
reference/result/iteration_75,5994,a9e33de571277e65c847d284fe2b8c4bf323656ae9b3126f6af2d1ef8f48b334
reference/result/iteration_76,6067,cfe9f0a599164580511e3e907167b19113a4cb3bee2d96f6169b370cea32e7fa
reference/result/iteration_77,6161,818e975057088922df2a9d6c6fd0c68986d2cc34e5ee054a110816d53050430b
reference/result/iteration_78,6251,db5dc46dfbed0663610265d4d100810ee466461e23bdf57296733d0a79c9055c
reference/result/iteration_79,6345,e18208d93d2aba43bcebc772f1760d7dba3fc37bc52463fa5c910de2194a1324
reference/result/iteration_8,853,26649fc8631b083a590045ae9efa1d757b503a70761106f0520c95befb772faf
reference/result/iteration_80,6434,ad7b82e89ab517d7235f504358b9c1053afdccb434254a1f47cee76d6ebc6dbf
reference/result/iteration_81,6521,c0845137ceef25eff99d0aa09e1441d4b5f6638740c0692663d3179e72deebb0
reference/result/iteration_82,6595,6e68aa0abfd45ed8fe2a0d0f3afb5c0002f5f00ecb7c4a7e5d8f6be5e563fc3f
reference/result/iteration_83,6684,11c4ace2f6c3a0bee67e0a59cdd3149e21fafcb2d230f00c0c6233d15aaf8b22
reference/result/iteration_84,6775,6f6c47ac41ae5165d64bbc1a849fc0ae653940568e5f22104f90ad6eb6265ca8
reference/result/iteration_85,6869,ef794b93d90832f0f7a6949354f0b5f887548015d3d15a4dd5e33ced62b13ea9
reference/result/iteration_86,6944,0499b587303c3cb43d209c0e2161a453a8f28ecc1fba32290cbdfa86fc0b9c0f
reference/result/iteration_87,7030,e2a60ce60b1f7555e97440507696cf7335e652a37659350d092800a9c0c86f59
reference/result/iteration_88,7124,0a13e42b6e215c5de61c1539348c4a04dcc5db5c598d5c7ff1d9830a2d4de82e
reference/result/iteration_89,7213,c110ff82769e1369607cda0348919280d0de4ca63b2329c4fa84fee8f5be5da7
reference/result/iteration_9,937,a41228e978ea0de4bd2d6de5863db2023a9f9384211d0bd445b43c7e3bb8bc22
reference/result/iteration_90,7307,1885af83e2fba5abbd429c0b36d0f46b32fe79251cf0c13a0f58489e0bf98fc4
reference/result/iteration_91,7384,5e35f9a1fd934620ac8023e7e1cdb597314cbb826bd4a9f6a24c144168066b45
reference/result/iteration_92,7467,3075477a74d5c400964f144b99f0dc0ab216bfa44edcbe450caffb93362ec584
reference/result/iteration_93,7555,580422805540edc2ac7524643f5a5d175d45793a5e200e9282e222a6a8e15e6c
reference/result/iteration_94,7642,ca0781b9389d694da9d5837f3340f40a0b7f74e1703173f52889030010f301e3
reference/result/iteration_95,7731,1954df0ee03d51dcc025597700cba2dafbd60cde54e06118fef47e39f8d328da
reference/result/iteration_96,7812,a559d9e6b10f7adb69c5d35fec7d4cfe994c72f6d8ac374edf77716c16356db4
reference/result/iteration_97,7905,d854d03afa524087e731febbdbc17d3ebd71a0315a2b524ef49228562b2f4f68
reference/result/iteration_98,7990,f391fa05c9c4312264f537c67ca54930f597b8a7a5f1bd732280783be0b0c866
reference/result/iteration_99,8087,8675e9ff921f76ad1906734df12c99da73719960b0e0f9bf5c387b7038c47a2a
remote_env.sh,330,9a9688c4f50352a429ce2425132fb7017d4c6b88e280b997c382607bc1080d51
run_e2_vm.py,5728,d013013d43d4d1fe99078cbe2841cb171feef9aab78ce8a02224d503829673fc
runtime_source_actual/Environment.cpp,12499,16a177d0ce73dfe83c7a3ae6f1b1f0bc53343a7f6a8982d5e6c5b51416b75462
runtime_source_actual/EnvironmentConfigMetadata.cpp,9572,151cad7eb8f9b49135f6131e1007944b38bfeb29fc934cbd56a9047f050efe93
runtime_source_actual/EnvironmentConfiguration.cpp,2355,d91f952a46abcc56f2521e3856254486c7a3edcd06b8bd08058f3efaabb84290
runtime_source_actual/GasSource.cpp,6836,ddd52fffd847cc09467bb3225994ca88a660ac5b752353dc66238604a3c38306
runtime_source_actual/GasTypes.hpp,3078,78796997860074bfd913ac9a05bdd1db9eb43480eeec5a7a8ea772788acf4f7e
runtime_source_actual/MathUtils.hpp,2821,0a30c798bd4c413adc30748e70cb643f32a65c570d08b41ac0df2c5aabb2cfff
runtime_source_actual/PointSource.hpp,309,47015b78915a56585aec23c8f62e5595f8d80e174c68f4daa539f1473394a0d9
runtime_source_actual/RunningSimulation.cpp,24788,98b9ab100d7cf220524ecb5c15a150da91016407fe5452a4700201164910f995
runtime_source_actual/Simulation.cpp,3993,d7617d52326ac5dc699567826916ade9a0ba43e4aaf75847fadf512fd10704fb
runtime_source_actual/WindSequence.cpp,8738,24dc07fbf42799fa2d5f9e1fff175ef8d374bcdf528f9e9a6712a05be918124c
runtime_source_actual/filament_simulator.cpp,11857,6d2bf5cd234205c6981846aca18a190f47a5ce2143d6204da5d09901f61643a8
verify_e2_independent.py,7960,d2b4b981212bf70f6d9db79e4971922198ff27e48402959cfd9ab196137088ed
