[WARN] [1788860389.674952031] [GadenPlayer]: 
--- Deprecation notice ---
You are using ROS parameters to specify the Gaden configuration. This is now considered deprecated (though, for now, still valid).
You should update your configuration to use a gaden project (see test_env for examples).
You can easily configure a gaden project with 'ros2 run gaden_common gaden_gui
----
[INFO] [1788860389.675551508] [GadenPlayer]: num_simulators: 1
[INFO] [1788860389.675953643] [GadenPlayer]: simulation_data_0: /mnt/hgfs/workspace/GADEN_files/scenarios/House02/gas_simulations/3,5-1_fast/FilamentSimulation_gasType_10_sourcePosition_0.00_-1.00_0.20
[INFO] [1788860389.686204827] [GadenPlayer]: Looking for wind files in:
	-'/mnt/hgfs/workspace/GADEN_files/scenarios/House02/wind'
	-'/mnt/hgfs/workspace/GADEN_files/scenarios/House02/gas_simulations/3,5-1_fast/FilamentSimulation_gasType_10_sourcePosition_0.00_-1.00_0.20/wind'
[INFO] [1788860389.687691297] [GadenPlayer]: Found wind files at '/mnt/hgfs/workspace/GADEN_files/scenarios/House02/gas_simulations/3,5-1_fast/FilamentSimulation_gasType_10_sourcePosition_0.00_-1.00_0.20/wind'
[INFO] [1788860389.973150381] [GadenPlayer]: Loaded environment: min=(-5.39,-7.45,-1.00) max=(2.91,4.40,1.55) dimensions=(83,119,26) cell_size=0.1
[INFO] [1788860389.974779112] [GadenPlayer]: player_freq 1.00 Hz
[WARN] [1788860389.976161969] [GADEN]: You are reading a log file that was generated with an old version of gaden. While it should work correctly, if you experience any bugs, this is likely the cause. You can just re-run the filament simulator node to generate an updated version of the simulation
[INFO] [1788860389.976304911] [GADEN]: Legacy V1 coordinate format=NATIVE_DOUBLE double_score=5.257415771620089e-07 float_slot_score=6.383697007539665e+36
[INFO] [1788860393.717960133] [GADEN]: Legacy V1 coordinate format=NATIVE_DOUBLE double_score=5.257415771620089e-07 float_slot_score=6.383697007539665e+36
[INFO] [1788860401.569901840] [GADEN]: Legacy V1 coordinate format=NATIVE_DOUBLE double_score=5.257415771620089e-07 float_slot_score=6.383697007539665e+36
[INFO] [1788860401.787397605] [GADEN]: Legacy V1 coordinate format=NATIVE_DOUBLE double_score=5.257415771620089e-07 float_slot_score=6.383697007539665e+36
[INFO] [1788860401.970716354] [GADEN]: Legacy V1 coordinate format=NATIVE_DOUBLE double_score=5.257415771620089e-07 float_slot_score=6.383697007539665e+36
[INFO] [1788860402.171075105] [GADEN]: Legacy V1 coordinate format=NATIVE_DOUBLE double_score=5.257415771620089e-07 float_slot_score=6.383697007539665e+36
[INFO] [1788860402.368072477] [GADEN]: Legacy V1 coordinate format=NATIVE_DOUBLE double_score=5.257415771620089e-07 float_slot_score=6.383697007539665e+36
[INFO] [1788860402.574183365] [GADEN]: Legacy V1 coordinate format=NATIVE_DOUBLE double_score=5.257415771620089e-07 float_slot_score=6.383697007539665e+36
[INFO] [1788860402.799026493] [GADEN]: Legacy V1 coordinate format=NATIVE_DOUBLE double_score=5.257415771620089e-07 float_slot_score=6.383697007539665e+36
[INFO] [1788860402.969691295] [GADEN]: Legacy V1 coordinate format=NATIVE_DOUBLE double_score=5.257415771620089e-07 float_slot_score=6.383697007539665e+36
[INFO] [1788860403.171391429] [GADEN]: Legacy V1 coordinate format=NATIVE_DOUBLE double_score=5.257415771620089e-07 float_slot_score=6.383697007539665e+36
[INFO] [1788860403.367474247] [GADEN]: Legacy V1 coordinate format=NATIVE_DOUBLE double_score=5.257415771620089e-07 float_slot_score=6.383697007539665e+36
[INFO] [1788860403.567528637] [GADEN]: Legacy V1 coordinate format=NATIVE_DOUBLE double_score=5.257415771620089e-07 float_slot_score=6.383697007539665e+36
[INFO] [1788860403.792764904] [GADEN]: Legacy V1 coordinate format=NATIVE_DOUBLE double_score=5.257415771620089e-07 float_slot_score=6.383697007539665e+36
[INFO] [1788860403.968047448] [GADEN]: Legacy V1 coordinate format=NATIVE_DOUBLE double_score=5.257415771620089e-07 float_slot_score=6.383697007539665e+36
[INFO] [1788860404.171278462] [GADEN]: Legacy V1 coordinate format=NATIVE_DOUBLE double_score=5.257415771620089e-07 float_slot_score=6.383697007539665e+36
[INFO] [1788860404.367727186] [GADEN]: Legacy V1 coordinate format=NATIVE_DOUBLE double_score=5.257415771620089e-07 float_slot_score=6.383697007539665e+36
[INFO] [1788860404.570239238] [GADEN]: Legacy V1 coordinate format=NATIVE_DOUBLE double_score=5.257415771620089e-07 float_slot_score=6.383697007539665e+36
[INFO] [1788860404.788084047] [GADEN]: Legacy V1 coordinate format=NATIVE_DOUBLE double_score=5.257415771620089e-07 float_slot_score=6.383697007539665e+36
[INFO] [1788860404.971438896] [GADEN]: Legacy V1 coordinate format=NATIVE_DOUBLE double_score=5.257415771620089e-07 float_slot_score=6.383697007539665e+36
[INFO] [1788860405.167545488] [GADEN]: Legacy V1 coordinate format=NATIVE_DOUBLE double_score=5.257415771620089e-07 float_slot_score=6.383697007539665e+36
[INFO] [1788860405.367840711] [GADEN]: Legacy V1 coordinate format=NATIVE_DOUBLE double_score=5.257415771620089e-07 float_slot_score=6.383697007539665e+36
[INFO] [1788860405.571710175] [GADEN]: Legacy V1 coordinate format=NATIVE_DOUBLE double_score=5.257415771620089e-07 float_slot_score=6.383697007539665e+36
[INFO] [1788860405.777613401] [GADEN]: Legacy V1 coordinate format=NATIVE_DOUBLE double_score=5.257415771620089e-07 float_slot_score=6.383697007539665e+36
[INFO] [1788860405.975212644] [GADEN]: Legacy V1 coordinate format=NATIVE_DOUBLE double_score=5.257415771620089e-07 float_slot_score=6.383697007539665e+36
[INFO] [1788860406.169623246] [GADEN]: Legacy V1 coordinate format=NATIVE_DOUBLE double_score=5.257415771620089e-07 float_slot_score=6.383697007539665e+36
[INFO] [1788860406.370780493] [GADEN]: Legacy V1 coordinate format=NATIVE_DOUBLE double_score=5.257415771620089e-07 float_slot_score=6.383697007539665e+36
[INFO] [1788860406.569407245] [GADEN]: Legacy V1 coordinate format=NATIVE_DOUBLE double_score=5.257415771620089e-07 float_slot_score=6.383697007539665e+36
[INFO] [1788860406.788522872] [GADEN]: Legacy V1 coordinate format=NATIVE_DOUBLE double_score=5.257415771620089e-07 float_slot_score=6.383697007539665e+36
[INFO] [1788860406.967661686] [GADEN]: Legacy V1 coordinate format=NATIVE_DOUBLE double_score=5.257415771620089e-07 float_slot_score=6.383697007539665e+36
[INFO] [1788860407.174959891] [GADEN]: Legacy V1 coordinate format=NATIVE_DOUBLE double_score=5.257415771620089e-07 float_slot_score=6.383697007539665e+36
[INFO] [1788860407.369693020] [GADEN]: Legacy V1 coordinate format=NATIVE_DOUBLE double_score=5.257415771620089e-07 float_slot_score=6.383697007539665e+36
[INFO] [1788860407.567973433] [GADEN]: Legacy V1 coordinate format=NATIVE_DOUBLE double_score=5.257415771620089e-07 float_slot_score=6.383697007539665e+36
[INFO] [1788860407.787519514] [GADEN]: Legacy V1 coordinate format=NATIVE_DOUBLE double_score=5.257415771620089e-07 float_slot_score=6.383697007539665e+36
[INFO] [1788860407.967264670] [GADEN]: Legacy V1 coordinate format=NATIVE_DOUBLE double_score=5.257415771620089e-07 float_slot_score=6.383697007539665e+36
[INFO] [1788860408.167743514] [GADEN]: Legacy V1 coordinate format=NATIVE_DOUBLE double_score=5.257415771620089e-07 float_slot_score=6.383697007539665e+36
[INFO] [1788860408.367997323] [GADEN]: Legacy V1 coordinate format=NATIVE_DOUBLE double_score=5.257415771620089e-07 float_slot_score=6.383697007539665e+36
[INFO] [1788860408.567592587] [GADEN]: Legacy V1 coordinate format=NATIVE_DOUBLE double_score=5.257415771620089e-07 float_slot_score=6.383697007539665e+36
[INFO] [1788860408.777243349] [GADEN]: Legacy V1 coordinate format=NATIVE_DOUBLE double_score=5.257415771620089e-07 float_slot_score=6.383697007539665e+36
[INFO] [1788860408.967560681] [GADEN]: Legacy V1 coordinate format=NATIVE_DOUBLE double_score=5.257415771620089e-07 float_slot_score=6.383697007539665e+36
[INFO] [1788860409.167920138] [GADEN]: Legacy V1 coordinate format=NATIVE_DOUBLE double_score=5.257415771620089e-07 float_slot_score=6.383697007539665e+36
[INFO] [1788860409.368025580] [GADEN]: Legacy V1 coordinate format=NATIVE_DOUBLE double_score=5.257415771620089e-07 float_slot_score=6.383697007539665e+36
[INFO] [1788860409.569781382] [GADEN]: Legacy V1 coordinate format=NATIVE_DOUBLE double_score=5.257415771620089e-07 float_slot_score=6.383697007539665e+36
[INFO] [1788860409.788290900] [GADEN]: Legacy V1 coordinate format=NATIVE_DOUBLE double_score=5.257415771620089e-07 float_slot_score=6.383697007539665e+36
[INFO] [1788860409.970637991] [GADEN]: Legacy V1 coordinate format=NATIVE_DOUBLE double_score=5.257415771620089e-07 float_slot_score=6.383697007539665e+36
[INFO] [1788860410.167480293] [GADEN]: Legacy V1 coordinate format=NATIVE_DOUBLE double_score=5.257415771620089e-07 float_slot_score=6.383697007539665e+36
[INFO] [1788860410.369883528] [GADEN]: Legacy V1 coordinate format=NATIVE_DOUBLE double_score=5.257415771620089e-07 float_slot_score=6.383697007539665e+36
[INFO] [1788860410.567227997] [GADEN]: Legacy V1 coordinate format=NATIVE_DOUBLE double_score=5.257415771620089e-07 float_slot_score=6.383697007539665e+36
[INFO] [1788860410.778573875] [GADEN]: Legacy V1 coordinate format=NATIVE_DOUBLE double_score=5.257415771620089e-07 float_slot_score=6.383697007539665e+36
[INFO] [1788860410.969505049] [GADEN]: Legacy V1 coordinate format=NATIVE_DOUBLE double_score=5.257415771620089e-07 float_slot_score=6.383697007539665e+36
[INFO] [1788860411.169804319] [GADEN]: Legacy V1 coordinate format=NATIVE_DOUBLE double_score=5.257415771620089e-07 float_slot_score=6.383697007539665e+36
[INFO] [1788860411.367546486] [GADEN]: Legacy V1 coordinate format=NATIVE_DOUBLE double_score=5.257415771620089e-07 float_slot_score=6.383697007539665e+36
[INFO] [1788860411.567824647] [GADEN]: Legacy V1 coordinate format=NATIVE_DOUBLE double_score=5.257415771620089e-07 float_slot_score=6.383697007539665e+36
[INFO] [1788860411.777721156] [GADEN]: Legacy V1 coordinate format=NATIVE_DOUBLE double_score=5.257415771620089e-07 float_slot_score=6.383697007539665e+36
[INFO] [1788860411.969962035] [GADEN]: Legacy V1 coordinate format=NATIVE_DOUBLE double_score=5.257415771620089e-07 float_slot_score=6.383697007539665e+36
[INFO] [1788860412.167655176] [GADEN]: Legacy V1 coordinate format=NATIVE_DOUBLE double_score=5.257415771620089e-07 float_slot_score=6.383697007539665e+36
[INFO] [1788860412.367518989] [GADEN]: Legacy V1 coordinate format=NATIVE_DOUBLE double_score=5.257415771620089e-07 float_slot_score=6.383697007539665e+36
[INFO] [1788860412.568079862] [GADEN]: Legacy V1 coordinate format=NATIVE_DOUBLE double_score=5.257415771620089e-07 float_slot_score=6.383697007539665e+36
[INFO] [1788860412.777726843] [GADEN]: Legacy V1 coordinate format=NATIVE_DOUBLE double_score=5.257415771620089e-07 float_slot_score=6.383697007539665e+36
[INFO] [1788860412.967562776] [GADEN]: Legacy V1 coordinate format=NATIVE_DOUBLE double_score=5.257415771620089e-07 float_slot_score=6.383697007539665e+36
[INFO] [1788860413.169822973] [GADEN]: Legacy V1 coordinate format=NATIVE_DOUBLE double_score=5.257415771620089e-07 float_slot_score=6.383697007539665e+36
[INFO] [1788860413.367569405] [GADEN]: Legacy V1 coordinate format=NATIVE_DOUBLE double_score=5.257415771620089e-07 float_slot_score=6.383697007539665e+36
[INFO] [1788860413.568084131] [GADEN]: Legacy V1 coordinate format=NATIVE_DOUBLE double_score=5.257415771620089e-07 float_slot_score=6.383697007539665e+36
[INFO] [1788860413.777457488] [GADEN]: Legacy V1 coordinate format=NATIVE_DOUBLE double_score=5.257415771620089e-07 float_slot_score=6.383697007539665e+36
[INFO] [1788860413.967465537] [GADEN]: Legacy V1 coordinate format=NATIVE_DOUBLE double_score=5.257415771620089e-07 float_slot_score=6.383697007539665e+36
[INFO] [1788860414.167382050] [GADEN]: Legacy V1 coordinate format=NATIVE_DOUBLE double_score=5.257415771620089e-07 float_slot_score=6.383697007539665e+36
[INFO] [1788860414.367725261] [GADEN]: Legacy V1 coordinate format=NATIVE_DOUBLE double_score=5.257415771620089e-07 float_slot_score=6.383697007539665e+36
[INFO] [1788860414.569952650] [GADEN]: Legacy V1 coordinate format=NATIVE_DOUBLE double_score=5.257415771620089e-07 float_slot_score=6.383697007539665e+36
[INFO] [1788860414.790488534] [GADEN]: Legacy V1 coordinate format=NATIVE_DOUBLE double_score=5.257415771620089e-07 float_slot_score=6.383697007539665e+36
[INFO] [1788860414.971841118] [GADEN]: Legacy V1 coordinate format=NATIVE_DOUBLE double_score=5.257415771620089e-07 float_slot_score=6.383697007539665e+36
[INFO] [1788860415.168660078] [GADEN]: Legacy V1 coordinate format=NATIVE_DOUBLE double_score=5.257415771620089e-07 float_slot_score=6.383697007539665e+36
[INFO] [1788860415.367644329] [GADEN]: Legacy V1 coordinate format=NATIVE_DOUBLE double_score=5.257415771620089e-07 float_slot_score=6.383697007539665e+36
[INFO] [1788860415.574434193] [GADEN]: Legacy V1 coordinate format=NATIVE_DOUBLE double_score=5.257415771620089e-07 float_slot_score=6.383697007539665e+36
[INFO] [1788860415.778289890] [GADEN]: Legacy V1 coordinate format=NATIVE_DOUBLE double_score=5.257415771620089e-07 float_slot_score=6.383697007539665e+36
[INFO] [1788860415.967856553] [GADEN]: Legacy V1 coordinate format=NATIVE_DOUBLE double_score=5.257415771620089e-07 float_slot_score=6.383697007539665e+36
[INFO] [1788860416.169183960] [GADEN]: Legacy V1 coordinate format=NATIVE_DOUBLE double_score=5.257415771620089e-07 float_slot_score=6.383697007539665e+36
[INFO] [1788860416.368251301] [GADEN]: Legacy V1 coordinate format=NATIVE_DOUBLE double_score=5.257415771620089e-07 float_slot_score=6.383697007539665e+36
[INFO] [1788860416.569111352] [GADEN]: Legacy V1 coordinate format=NATIVE_DOUBLE double_score=5.257415771620089e-07 float_slot_score=6.383697007539665e+36
[INFO] [1788860416.789799907] [GADEN]: Legacy V1 coordinate format=NATIVE_DOUBLE double_score=5.257415771620089e-07 float_slot_score=6.383697007539665e+36
[INFO] [1788860416.969579536] [GADEN]: Legacy V1 coordinate format=NATIVE_DOUBLE double_score=5.257415771620089e-07 float_slot_score=6.383697007539665e+36
[INFO] [1788860417.167604072] [GADEN]: Legacy V1 coordinate format=NATIVE_DOUBLE double_score=5.257415771620089e-07 float_slot_score=6.383697007539665e+36
[INFO] [1788860417.369730495] [GADEN]: Legacy V1 coordinate format=NATIVE_DOUBLE double_score=5.257415771620089e-07 float_slot_score=6.383697007539665e+36
[INFO] [1788860417.570353215] [GADEN]: Legacy V1 coordinate format=NATIVE_DOUBLE double_score=5.257415771620089e-07 float_slot_score=6.383697007539665e+36
[INFO] [1788860417.777787963] [GADEN]: Legacy V1 coordinate format=NATIVE_DOUBLE double_score=5.257415771620089e-07 float_slot_score=6.383697007539665e+36
[INFO] [1788860417.971146494] [GADEN]: Legacy V1 coordinate format=NATIVE_DOUBLE double_score=5.257415771620089e-07 float_slot_score=6.383697007539665e+36
[INFO] [1788860418.170144296] [GADEN]: Legacy V1 coordinate format=NATIVE_DOUBLE double_score=5.257415771620089e-07 float_slot_score=6.383697007539665e+36
[INFO] [1788860418.370380386] [GADEN]: Legacy V1 coordinate format=NATIVE_DOUBLE double_score=5.257415771620089e-07 float_slot_score=6.383697007539665e+36
[INFO] [1788860418.570229051] [GADEN]: Legacy V1 coordinate format=NATIVE_DOUBLE double_score=5.257415771620089e-07 float_slot_score=6.383697007539665e+36
[INFO] [1788860418.777855739] [GADEN]: Legacy V1 coordinate format=NATIVE_DOUBLE double_score=5.257415771620089e-07 float_slot_score=6.383697007539665e+36
[INFO] [1788860418.970656170] [GADEN]: Legacy V1 coordinate format=NATIVE_DOUBLE double_score=5.257415771620089e-07 float_slot_score=6.383697007539665e+36
[INFO] [1788860419.170893266] [GADEN]: Legacy V1 coordinate format=NATIVE_DOUBLE double_score=5.257415771620089e-07 float_slot_score=6.383697007539665e+36
[INFO] [1788860419.370321449] [GADEN]: Legacy V1 coordinate format=NATIVE_DOUBLE double_score=5.257415771620089e-07 float_slot_score=6.383697007539665e+36
[INFO] [1788860419.569716327] [GADEN]: Legacy V1 coordinate format=NATIVE_DOUBLE double_score=5.257415771620089e-07 float_slot_score=6.383697007539665e+36
[INFO] [1788860419.789768836] [GADEN]: Legacy V1 coordinate format=NATIVE_DOUBLE double_score=5.257415771620089e-07 float_slot_score=6.383697007539665e+36
[INFO] [1788860419.971966919] [GADEN]: Legacy V1 coordinate format=NATIVE_DOUBLE double_score=5.257415771620089e-07 float_slot_score=6.383697007539665e+36
[INFO] [1788860420.167501523] [GADEN]: Legacy V1 coordinate format=NATIVE_DOUBLE double_score=5.257415771620089e-07 float_slot_score=6.383697007539665e+36
[INFO] [1788860420.369163806] [GADEN]: Legacy V1 coordinate format=NATIVE_DOUBLE double_score=5.257415771620089e-07 float_slot_score=6.383697007539665e+36
[INFO] [1788860420.569707110] [GADEN]: Legacy V1 coordinate format=NATIVE_DOUBLE double_score=5.257415771620089e-07 float_slot_score=6.383697007539665e+36
[INFO] [1788860420.787624636] [GADEN]: Legacy V1 coordinate format=NATIVE_DOUBLE double_score=5.257415771620089e-07 float_slot_score=6.383697007539665e+36
[INFO] [1788860420.969730865] [GADEN]: Legacy V1 coordinate format=NATIVE_DOUBLE double_score=5.257415771620089e-07 float_slot_score=6.383697007539665e+36
[INFO] [1788860421.174283297] [GADEN]: Legacy V1 coordinate format=NATIVE_DOUBLE double_score=5.257415771620089e-07 float_slot_score=6.383697007539665e+36
[INFO] [1788860421.372058141] [GADEN]: Legacy V1 coordinate format=NATIVE_DOUBLE double_score=5.257415771620089e-07 float_slot_score=6.383697007539665e+36
[INFO] [1788860421.569578012] [GADEN]: Legacy V1 coordinate format=NATIVE_DOUBLE double_score=5.257415771620089e-07 float_slot_score=6.383697007539665e+36
[INFO] [1788860421.777451637] [GADEN]: Legacy V1 coordinate format=NATIVE_DOUBLE double_score=5.257415771620089e-07 float_slot_score=6.383697007539665e+36
[INFO] [1788860421.967844377] [GADEN]: Legacy V1 coordinate format=NATIVE_DOUBLE double_score=5.257415771620089e-07 float_slot_score=6.383697007539665e+36
[INFO] [1788860422.167918386] [GADEN]: Legacy V1 coordinate format=NATIVE_DOUBLE double_score=5.257415771620089e-07 float_slot_score=6.383697007539665e+36
[INFO] [1788860422.367548061] [GADEN]: Legacy V1 coordinate format=NATIVE_DOUBLE double_score=5.257415771620089e-07 float_slot_score=6.383697007539665e+36
[INFO] [1788860422.569851653] [GADEN]: Legacy V1 coordinate format=NATIVE_DOUBLE double_score=5.257415771620089e-07 float_slot_score=6.383697007539665e+36
[INFO] [1788860422.777451079] [GADEN]: Legacy V1 coordinate format=NATIVE_DOUBLE double_score=5.257415771620089e-07 float_slot_score=6.383697007539665e+36
[INFO] [1788860422.970167850] [GADEN]: Legacy V1 coordinate format=NATIVE_DOUBLE double_score=5.257415771620089e-07 float_slot_score=6.383697007539665e+36
[INFO] [1788860423.168147483] [GADEN]: Legacy V1 coordinate format=NATIVE_DOUBLE double_score=5.257415771620089e-07 float_slot_score=6.383697007539665e+36
[INFO] [1788860423.372107144] [GADEN]: Legacy V1 coordinate format=NATIVE_DOUBLE double_score=5.257415771620089e-07 float_slot_score=6.383697007539665e+36
[INFO] [1788860423.576066599] [GADEN]: Legacy V1 coordinate format=NATIVE_DOUBLE double_score=5.257415771620089e-07 float_slot_score=6.383697007539665e+36
[INFO] [1788860423.788046805] [GADEN]: Legacy V1 coordinate format=NATIVE_DOUBLE double_score=5.257415771620089e-07 float_slot_score=6.383697007539665e+36
[INFO] [1788860423.968059400] [GADEN]: Legacy V1 coordinate format=NATIVE_DOUBLE double_score=5.257415771620089e-07 float_slot_score=6.383697007539665e+36
[INFO] [1788860424.171257571] [GADEN]: Legacy V1 coordinate format=NATIVE_DOUBLE double_score=5.257415771620089e-07 float_slot_score=6.383697007539665e+36
[INFO] [1788860424.371011133] [GADEN]: Legacy V1 coordinate format=NATIVE_DOUBLE double_score=5.257415771620089e-07 float_slot_score=6.383697007539665e+36
[INFO] [1788860424.568963739] [GADEN]: Legacy V1 coordinate format=NATIVE_DOUBLE double_score=5.257415771620089e-07 float_slot_score=6.383697007539665e+36
[INFO] [1788860424.802114063] [GADEN]: Legacy V1 coordinate format=NATIVE_DOUBLE double_score=5.257415771620089e-07 float_slot_score=6.383697007539665e+36
[INFO] [1788860424.968323590] [GADEN]: Legacy V1 coordinate format=NATIVE_DOUBLE double_score=5.257415771620089e-07 float_slot_score=6.383697007539665e+36
[INFO] [1788860425.170426535] [GADEN]: Legacy V1 coordinate format=NATIVE_DOUBLE double_score=5.257415771620089e-07 float_slot_score=6.383697007539665e+36
[INFO] [1788860425.371463036] [GADEN]: Legacy V1 coordinate format=NATIVE_DOUBLE double_score=5.257415771620089e-07 float_slot_score=6.383697007539665e+36
[INFO] [1788860425.572036961] [GADEN]: Legacy V1 coordinate format=NATIVE_DOUBLE double_score=5.257415771620089e-07 float_slot_score=6.383697007539665e+36
[INFO] [1788860425.788606299] [GADEN]: Legacy V1 coordinate format=NATIVE_DOUBLE double_score=5.257415771620089e-07 float_slot_score=6.383697007539665e+36
[INFO] [1788860425.975368038] [GADEN]: Legacy V1 coordinate format=NATIVE_DOUBLE double_score=5.257415771620089e-07 float_slot_score=6.383697007539665e+36
[INFO] [1788860426.171969687] [GADEN]: Legacy V1 coordinate format=NATIVE_DOUBLE double_score=5.257415771620089e-07 float_slot_score=6.383697007539665e+36
[INFO] [1788860426.369999656] [GADEN]: Legacy V1 coordinate format=NATIVE_DOUBLE double_score=5.257415771620089e-07 float_slot_score=6.383697007539665e+36
[INFO] [1788860426.569416236] [GADEN]: Legacy V1 coordinate format=NATIVE_DOUBLE double_score=5.257415771620089e-07 float_slot_score=6.383697007539665e+36
[INFO] [1788860426.800391832] [GADEN]: Legacy V1 coordinate format=NATIVE_DOUBLE double_score=5.257415771620089e-07 float_slot_score=6.383697007539665e+36
[INFO] [1788860426.972804363] [GADEN]: Legacy V1 coordinate format=NATIVE_DOUBLE double_score=5.257415771620089e-07 float_slot_score=6.383697007539665e+36
[INFO] [1788860427.171874152] [GADEN]: Legacy V1 coordinate format=NATIVE_DOUBLE double_score=5.257415771620089e-07 float_slot_score=6.383697007539665e+36
[INFO] [1788860427.370185839] [GADEN]: Legacy V1 coordinate format=NATIVE_DOUBLE double_score=5.257415771620089e-07 float_slot_score=6.383697007539665e+36
[INFO] [1788860427.569666694] [GADEN]: Legacy V1 coordinate format=NATIVE_DOUBLE double_score=5.257415771620089e-07 float_slot_score=6.383697007539665e+36
[INFO] [1788860427.788403226] [GADEN]: Legacy V1 coordinate format=NATIVE_DOUBLE double_score=5.257415771620089e-07 float_slot_score=6.383697007539665e+36
[INFO] [1788860427.970734436] [GADEN]: Legacy V1 coordinate format=NATIVE_DOUBLE double_score=5.257415771620089e-07 float_slot_score=6.383697007539665e+36
[INFO] [1788860428.172044927] [GADEN]: Legacy V1 coordinate format=NATIVE_DOUBLE double_score=5.257415771620089e-07 float_slot_score=6.383697007539665e+36
[INFO] [1788860428.367929625] [GADEN]: Legacy V1 coordinate format=NATIVE_DOUBLE double_score=5.257415771620089e-07 float_slot_score=6.383697007539665e+36
[INFO] [1788860428.571985864] [GADEN]: Legacy V1 coordinate format=NATIVE_DOUBLE double_score=5.257415771620089e-07 float_slot_score=6.383697007539665e+36
[INFO] [1788860428.777964864] [GADEN]: Legacy V1 coordinate format=NATIVE_DOUBLE double_score=5.257415771620089e-07 float_slot_score=6.383697007539665e+36
[INFO] [1788860428.970823504] [GADEN]: Legacy V1 coordinate format=NATIVE_DOUBLE double_score=5.257415771620089e-07 float_slot_score=6.383697007539665e+36
[INFO] [1788860429.174815922] [GADEN]: Legacy V1 coordinate format=NATIVE_DOUBLE double_score=5.257415771620089e-07 float_slot_score=6.383697007539665e+36
[INFO] [1788860429.368388198] [GADEN]: Legacy V1 coordinate format=NATIVE_DOUBLE double_score=5.257415771620089e-07 float_slot_score=6.383697007539665e+36
[INFO] [1788860429.571067094] [GADEN]: Legacy V1 coordinate format=NATIVE_DOUBLE double_score=5.257415771620089e-07 float_slot_score=6.383697007539665e+36
[INFO] [1788860429.788382016] [GADEN]: Legacy V1 coordinate format=NATIVE_DOUBLE double_score=5.257415771620089e-07 float_slot_score=6.383697007539665e+36
[INFO] [1788860429.970497479] [GADEN]: Legacy V1 coordinate format=NATIVE_DOUBLE double_score=5.257415771620089e-07 float_slot_score=6.383697007539665e+36
[INFO] [1788860430.171961876] [GADEN]: Legacy V1 coordinate format=NATIVE_DOUBLE double_score=5.257415771620089e-07 float_slot_score=6.383697007539665e+36
[INFO] [1788860430.369362697] [GADEN]: Legacy V1 coordinate format=NATIVE_DOUBLE double_score=5.257415771620089e-07 float_slot_score=6.383697007539665e+36
[INFO] [1788860430.573151271] [GADEN]: Legacy V1 coordinate format=NATIVE_DOUBLE double_score=5.257415771620089e-07 float_slot_score=6.383697007539665e+36
[INFO] [1788860430.788196294] [GADEN]: Legacy V1 coordinate format=NATIVE_DOUBLE double_score=5.257415771620089e-07 float_slot_score=6.383697007539665e+36
[INFO] [1788860430.969990211] [GADEN]: Legacy V1 coordinate format=NATIVE_DOUBLE double_score=5.257415771620089e-07 float_slot_score=6.383697007539665e+36
[INFO] [1788860431.170639544] [GADEN]: Legacy V1 coordinate format=NATIVE_DOUBLE double_score=5.257415771620089e-07 float_slot_score=6.383697007539665e+36
[INFO] [1788860431.374351924] [GADEN]: Legacy V1 coordinate format=NATIVE_DOUBLE double_score=5.257415771620089e-07 float_slot_score=6.383697007539665e+36
[INFO] [1788860431.569613285] [GADEN]: Legacy V1 coordinate format=NATIVE_DOUBLE double_score=5.257415771620089e-07 float_slot_score=6.383697007539665e+36
[INFO] [1788860431.788160302] [GADEN]: Legacy V1 coordinate format=NATIVE_DOUBLE double_score=5.257415771620089e-07 float_slot_score=6.383697007539665e+36
[INFO] [1788860431.970691323] [GADEN]: Legacy V1 coordinate format=NATIVE_DOUBLE double_score=5.257415771620089e-07 float_slot_score=6.383697007539665e+36
[INFO] [1788860432.170335047] [GADEN]: Legacy V1 coordinate format=NATIVE_DOUBLE double_score=5.257415771620089e-07 float_slot_score=6.383697007539665e+36
[INFO] [1788860432.369619347] [GADEN]: Legacy V1 coordinate format=NATIVE_DOUBLE double_score=5.257415771620089e-07 float_slot_score=6.383697007539665e+36
[INFO] [1788860432.572061970] [GADEN]: Legacy V1 coordinate format=NATIVE_DOUBLE double_score=5.257415771620089e-07 float_slot_score=6.383697007539665e+36
[INFO] [1788860432.788090144] [GADEN]: Legacy V1 coordinate format=NATIVE_DOUBLE double_score=5.257415771620089e-07 float_slot_score=6.383697007539665e+36
[INFO] [1788860432.970163848] [GADEN]: Legacy V1 coordinate format=NATIVE_DOUBLE double_score=5.257415771620089e-07 float_slot_score=6.383697007539665e+36
[INFO] [1788860433.171880091] [GADEN]: Legacy V1 coordinate format=NATIVE_DOUBLE double_score=5.257415771620089e-07 float_slot_score=6.383697007539665e+36
[INFO] [1788860433.371896081] [GADEN]: Legacy V1 coordinate format=NATIVE_DOUBLE double_score=5.257415771620089e-07 float_slot_score=6.383697007539665e+36
[INFO] [1788860433.570622424] [GADEN]: Legacy V1 coordinate format=NATIVE_DOUBLE double_score=5.257415771620089e-07 float_slot_score=6.383697007539665e+36
[INFO] [1788860433.792347906] [GADEN]: Legacy V1 coordinate format=NATIVE_DOUBLE double_score=5.257415771620089e-07 float_slot_score=6.383697007539665e+36
[INFO] [1788860433.970356836] [GADEN]: Legacy V1 coordinate format=NATIVE_DOUBLE double_score=5.257415771620089e-07 float_slot_score=6.383697007539665e+36
[INFO] [1788860434.172443456] [GADEN]: Legacy V1 coordinate format=NATIVE_DOUBLE double_score=5.257415771620089e-07 float_slot_score=6.383697007539665e+36
[INFO] [1788860434.368368983] [GADEN]: Legacy V1 coordinate format=NATIVE_DOUBLE double_score=5.257415771620089e-07 float_slot_score=6.383697007539665e+36
[INFO] [1788860434.569529146] [GADEN]: Legacy V1 coordinate format=NATIVE_DOUBLE double_score=5.257415771620089e-07 float_slot_score=6.383697007539665e+36
[INFO] [1788860434.778148210] [GADEN]: Legacy V1 coordinate format=NATIVE_DOUBLE double_score=5.257415771620089e-07 float_slot_score=6.383697007539665e+36
[INFO] [1788860434.972584118] [GADEN]: Legacy V1 coordinate format=NATIVE_DOUBLE double_score=5.257415771620089e-07 float_slot_score=6.383697007539665e+36
[INFO] [1788860435.168016428] [GADEN]: Legacy V1 coordinate format=NATIVE_DOUBLE double_score=5.257415771620089e-07 float_slot_score=6.383697007539665e+36
[INFO] [1788860435.370893288] [GADEN]: Legacy V1 coordinate format=NATIVE_DOUBLE double_score=5.257415771620089e-07 float_slot_score=6.383697007539665e+36
[INFO] [1788860435.568038253] [GADEN]: Legacy V1 coordinate format=NATIVE_DOUBLE double_score=5.257415771620089e-07 float_slot_score=6.383697007539665e+36
[INFO] [1788860435.789855626] [GADEN]: Legacy V1 coordinate format=NATIVE_DOUBLE double_score=5.257415771620089e-07 float_slot_score=6.383697007539665e+36
[INFO] [1788860435.967625782] [GADEN]: Legacy V1 coordinate format=NATIVE_DOUBLE double_score=5.257415771620089e-07 float_slot_score=6.383697007539665e+36
[INFO] [1788860436.169312253] [GADEN]: Legacy V1 coordinate format=NATIVE_DOUBLE double_score=5.257415771620089e-07 float_slot_score=6.383697007539665e+36
[INFO] [1788860436.369388671] [GADEN]: Legacy V1 coordinate format=NATIVE_DOUBLE double_score=5.257415771620089e-07 float_slot_score=6.383697007539665e+36
[INFO] [1788860436.568154844] [GADEN]: Legacy V1 coordinate format=NATIVE_DOUBLE double_score=5.257415771620089e-07 float_slot_score=6.383697007539665e+36
[INFO] [1788860436.777418910] [GADEN]: Legacy V1 coordinate format=NATIVE_DOUBLE double_score=5.257415771620089e-07 float_slot_score=6.383697007539665e+36
[INFO] [1788860436.973145397] [GADEN]: Legacy V1 coordinate format=NATIVE_DOUBLE double_score=5.257415771620089e-07 float_slot_score=6.383697007539665e+36
[INFO] [1788860437.170105696] [GADEN]: Legacy V1 coordinate format=NATIVE_DOUBLE double_score=5.257415771620089e-07 float_slot_score=6.383697007539665e+36
[INFO] [1788860437.368159276] [GADEN]: Legacy V1 coordinate format=NATIVE_DOUBLE double_score=5.257415771620089e-07 float_slot_score=6.383697007539665e+36
[INFO] [1788860437.570414287] [GADEN]: Legacy V1 coordinate format=NATIVE_DOUBLE double_score=5.257415771620089e-07 float_slot_score=6.383697007539665e+36
[INFO] [1788860437.788500759] [GADEN]: Legacy V1 coordinate format=NATIVE_DOUBLE double_score=5.257415771620089e-07 float_slot_score=6.383697007539665e+36
[INFO] [1788860437.967787815] [GADEN]: Legacy V1 coordinate format=NATIVE_DOUBLE double_score=5.257415771620089e-07 float_slot_score=6.383697007539665e+36
[INFO] [1788860438.171778813] [GADEN]: Legacy V1 coordinate format=NATIVE_DOUBLE double_score=5.257415771620089e-07 float_slot_score=6.383697007539665e+36
[INFO] [1788860438.368385918] [GADEN]: Legacy V1 coordinate format=NATIVE_DOUBLE double_score=5.257415771620089e-07 float_slot_score=6.383697007539665e+36
[INFO] [1788860438.571901494] [GADEN]: Legacy V1 coordinate format=NATIVE_DOUBLE double_score=5.257415771620089e-07 float_slot_score=6.383697007539665e+36
[INFO] [1788860438.778164552] [GADEN]: Legacy V1 coordinate format=NATIVE_DOUBLE double_score=5.257415771620089e-07 float_slot_score=6.383697007539665e+36
[INFO] [1788860438.968574571] [GADEN]: Legacy V1 coordinate format=NATIVE_DOUBLE double_score=5.257415771620089e-07 float_slot_score=6.383697007539665e+36
[INFO] [1788860439.167709837] [GADEN]: Legacy V1 coordinate format=NATIVE_DOUBLE double_score=5.257415771620089e-07 float_slot_score=6.383697007539665e+36
[INFO] [1788860439.368176620] [GADEN]: Legacy V1 coordinate format=NATIVE_DOUBLE double_score=5.257415771620089e-07 float_slot_score=6.383697007539665e+36
[INFO] [1788860439.569829828] [GADEN]: Legacy V1 coordinate format=NATIVE_DOUBLE double_score=5.257415771620089e-07 float_slot_score=6.383697007539665e+36
[INFO] [1788860439.788301517] [GADEN]: Legacy V1 coordinate format=NATIVE_DOUBLE double_score=5.257415771620089e-07 float_slot_score=6.383697007539665e+36
[INFO] [1788860439.970687478] [GADEN]: Legacy V1 coordinate format=NATIVE_DOUBLE double_score=5.257415771620089e-07 float_slot_score=6.383697007539665e+36
[INFO] [1788860440.169296761] [GADEN]: Legacy V1 coordinate format=NATIVE_DOUBLE double_score=5.257415771620089e-07 float_slot_score=6.383697007539665e+36
[INFO] [1788860440.371843453] [GADEN]: Legacy V1 coordinate format=NATIVE_DOUBLE double_score=5.257415771620089e-07 float_slot_score=6.383697007539665e+36
[INFO] [1788860440.567603957] [GADEN]: Legacy V1 coordinate format=NATIVE_DOUBLE double_score=5.257415771620089e-07 float_slot_score=6.383697007539665e+36
[INFO] [1788860440.792889671] [GADEN]: Legacy V1 coordinate format=NATIVE_DOUBLE double_score=5.257415771620089e-07 float_slot_score=6.383697007539665e+36
[INFO] [1788860440.970210786] [GADEN]: Legacy V1 coordinate format=NATIVE_DOUBLE double_score=5.257415771620089e-07 float_slot_score=6.383697007539665e+36
[INFO] [1788860441.167619677] [GADEN]: Legacy V1 coordinate format=NATIVE_DOUBLE double_score=5.257415771620089e-07 float_slot_score=6.383697007539665e+36
[INFO] [1788860441.370158995] [GADEN]: Legacy V1 coordinate format=NATIVE_DOUBLE double_score=5.257415771620089e-07 float_slot_score=6.383697007539665e+36
[INFO] [1788860441.570525665] [GADEN]: Legacy V1 coordinate format=NATIVE_DOUBLE double_score=5.257415771620089e-07 float_slot_score=6.383697007539665e+36
[INFO] [1788860441.778244115] [GADEN]: Legacy V1 coordinate format=NATIVE_DOUBLE double_score=5.257415771620089e-07 float_slot_score=6.383697007539665e+36
[INFO] [1788860441.973401440] [GADEN]: Legacy V1 coordinate format=NATIVE_DOUBLE double_score=5.257415771620089e-07 float_slot_score=6.383697007539665e+36
[INFO] [1788860442.170627499] [GADEN]: Legacy V1 coordinate format=NATIVE_DOUBLE double_score=5.257415771620089e-07 float_slot_score=6.383697007539665e+36
[INFO] [1788860442.371481972] [GADEN]: Legacy V1 coordinate format=NATIVE_DOUBLE double_score=5.257415771620089e-07 float_slot_score=6.383697007539665e+36
[INFO] [1788860442.574684332] [GADEN]: Legacy V1 coordinate format=NATIVE_DOUBLE double_score=5.257415771620089e-07 float_slot_score=6.383697007539665e+36
[INFO] [1788860442.788743265] [GADEN]: Legacy V1 coordinate format=NATIVE_DOUBLE double_score=5.257415771620089e-07 float_slot_score=6.383697007539665e+36
[INFO] [1788860442.971077999] [GADEN]: Legacy V1 coordinate format=NATIVE_DOUBLE double_score=5.257415771620089e-07 float_slot_score=6.383697007539665e+36
[INFO] [1788860443.175605415] [GADEN]: Legacy V1 coordinate format=NATIVE_DOUBLE double_score=5.257415771620089e-07 float_slot_score=6.383697007539665e+36
[INFO] [1788860443.369954108] [GADEN]: Legacy V1 coordinate format=NATIVE_DOUBLE double_score=5.257415771620089e-07 float_slot_score=6.383697007539665e+36
[INFO] [1788860443.571432673] [GADEN]: Legacy V1 coordinate format=NATIVE_DOUBLE double_score=5.257415771620089e-07 float_slot_score=6.383697007539665e+36
[INFO] [1788860443.777995310] [GADEN]: Legacy V1 coordinate format=NATIVE_DOUBLE double_score=5.257415771620089e-07 float_slot_score=6.383697007539665e+36
[INFO] [1788860443.970658710] [GADEN]: Legacy V1 coordinate format=NATIVE_DOUBLE double_score=5.257415771620089e-07 float_slot_score=6.383697007539665e+36
[INFO] [1788860444.170636486] [GADEN]: Legacy V1 coordinate format=NATIVE_DOUBLE double_score=5.257415771620089e-07 float_slot_score=6.383697007539665e+36
[INFO] [1788860444.370853235] [GADEN]: Legacy V1 coordinate format=NATIVE_DOUBLE double_score=5.257415771620089e-07 float_slot_score=6.383697007539665e+36
[INFO] [1788860444.571134668] [GADEN]: Legacy V1 coordinate format=NATIVE_DOUBLE double_score=5.257415771620089e-07 float_slot_score=6.383697007539665e+36
[INFO] [1788860444.777604042] [GADEN]: Legacy V1 coordinate format=NATIVE_DOUBLE double_score=5.257415771620089e-07 float_slot_score=6.383697007539665e+36
[INFO] [1788860444.973247667] [GADEN]: Legacy V1 coordinate format=NATIVE_DOUBLE double_score=5.257415771620089e-07 float_slot_score=6.383697007539665e+36
[INFO] [1788860445.171116468] [GADEN]: Legacy V1 coordinate format=NATIVE_DOUBLE double_score=5.257415771620089e-07 float_slot_score=6.383697007539665e+36
[INFO] [1788860445.375432816] [GADEN]: Legacy V1 coordinate format=NATIVE_DOUBLE double_score=5.257415771620089e-07 float_slot_score=6.383697007539665e+36
[INFO] [1788860445.572126351] [GADEN]: Legacy V1 coordinate format=NATIVE_DOUBLE double_score=5.257415771620089e-07 float_slot_score=6.383697007539665e+36
[INFO] [1788860445.788581633] [GADEN]: Legacy V1 coordinate format=NATIVE_DOUBLE double_score=5.257415771620089e-07 float_slot_score=6.383697007539665e+36
[INFO] [1788860445.970383438] [GADEN]: Legacy V1 coordinate format=NATIVE_DOUBLE double_score=5.257415771620089e-07 float_slot_score=6.383697007539665e+36
[INFO] [1788860446.170291156] [GADEN]: Legacy V1 coordinate format=NATIVE_DOUBLE double_score=5.257415771620089e-07 float_slot_score=6.383697007539665e+36
[INFO] [1788860446.371469041] [GADEN]: Legacy V1 coordinate format=NATIVE_DOUBLE double_score=5.257415771620089e-07 float_slot_score=6.383697007539665e+36
[INFO] [1788860446.570551767] [GADEN]: Legacy V1 coordinate format=NATIVE_DOUBLE double_score=5.257415771620089e-07 float_slot_score=6.383697007539665e+36
[INFO] [1788860446.777871249] [GADEN]: Legacy V1 coordinate format=NATIVE_DOUBLE double_score=5.257415771620089e-07 float_slot_score=6.383697007539665e+36
[INFO] [1788860446.972049996] [GADEN]: Legacy V1 coordinate format=NATIVE_DOUBLE double_score=5.257415771620089e-07 float_slot_score=6.383697007539665e+36
[INFO] [1788860447.170754095] [GADEN]: Legacy V1 coordinate format=NATIVE_DOUBLE double_score=5.257415771620089e-07 float_slot_score=6.383697007539665e+36
[INFO] [1788860447.369834149] [GADEN]: Legacy V1 coordinate format=NATIVE_DOUBLE double_score=5.257415771620089e-07 float_slot_score=6.383697007539665e+36
[INFO] [1788860447.574469052] [GADEN]: Legacy V1 coordinate format=NATIVE_DOUBLE double_score=5.257415771620089e-07 float_slot_score=6.383697007539665e+36
[INFO] [1788860447.787660639] [GADEN]: Legacy V1 coordinate format=NATIVE_DOUBLE double_score=5.257415771620089e-07 float_slot_score=6.383697007539665e+36
[INFO] [1788860447.970411570] [GADEN]: Legacy V1 coordinate format=NATIVE_DOUBLE double_score=5.257415771620089e-07 float_slot_score=6.383697007539665e+36
[INFO] [1788860448.170950641] [GADEN]: Legacy V1 coordinate format=NATIVE_DOUBLE double_score=5.257415771620089e-07 float_slot_score=6.383697007539665e+36
[INFO] [1788860448.371399542] [GADEN]: Legacy V1 coordinate format=NATIVE_DOUBLE double_score=5.257415771620089e-07 float_slot_score=6.383697007539665e+36
[INFO] [1788860448.570519006] [GADEN]: Legacy V1 coordinate format=NATIVE_DOUBLE double_score=5.257415771620089e-07 float_slot_score=6.383697007539665e+36
[INFO] [1788860448.789737788] [GADEN]: Legacy V1 coordinate format=NATIVE_DOUBLE double_score=5.257415771620089e-07 float_slot_score=6.383697007539665e+36
[INFO] [1788860448.972100568] [GADEN]: Legacy V1 coordinate format=NATIVE_DOUBLE double_score=5.257415771620089e-07 float_slot_score=6.383697007539665e+36
[INFO] [1788860449.170994176] [GADEN]: Legacy V1 coordinate format=NATIVE_DOUBLE double_score=5.257415771620089e-07 float_slot_score=6.383697007539665e+36
[INFO] [1788860449.370123837] [GADEN]: Legacy V1 coordinate format=NATIVE_DOUBLE double_score=5.257415771620089e-07 float_slot_score=6.383697007539665e+36
[INFO] [1788860449.569100668] [GADEN]: Legacy V1 coordinate format=NATIVE_DOUBLE double_score=5.257415771620089e-07 float_slot_score=6.383697007539665e+36
[INFO] [1788860449.790240769] [GADEN]: Legacy V1 coordinate format=NATIVE_DOUBLE double_score=5.257415771620089e-07 float_slot_score=6.383697007539665e+36
[INFO] [1788860449.970978163] [GADEN]: Legacy V1 coordinate format=NATIVE_DOUBLE double_score=5.257415771620089e-07 float_slot_score=6.383697007539665e+36
[INFO] [1788860450.170587552] [GADEN]: Legacy V1 coordinate format=NATIVE_DOUBLE double_score=5.257415771620089e-07 float_slot_score=6.383697007539665e+36
[INFO] [1788860450.367670313] [GADEN]: Legacy V1 coordinate format=NATIVE_DOUBLE double_score=5.257415771620089e-07 float_slot_score=6.383697007539665e+36
[INFO] [1788860450.571631021] [GADEN]: Legacy V1 coordinate format=NATIVE_DOUBLE double_score=5.257415771620089e-07 float_slot_score=6.383697007539665e+36
[INFO] [1788860450.799535664] [GADEN]: Legacy V1 coordinate format=NATIVE_DOUBLE double_score=5.257415771620089e-07 float_slot_score=6.383697007539665e+36
[INFO] [1788860450.970249138] [GADEN]: Legacy V1 coordinate format=NATIVE_DOUBLE double_score=5.257415771620089e-07 float_slot_score=6.383697007539665e+36
[INFO] [1788860451.169063869] [GADEN]: Legacy V1 coordinate format=NATIVE_DOUBLE double_score=5.257415771620089e-07 float_slot_score=6.383697007539665e+36
[INFO] [1788860451.367838340] [GADEN]: Legacy V1 coordinate format=NATIVE_DOUBLE double_score=5.257415771620089e-07 float_slot_score=6.383697007539665e+36
[INFO] [1788860451.570797101] [GADEN]: Legacy V1 coordinate format=NATIVE_DOUBLE double_score=5.257415771620089e-07 float_slot_score=6.383697007539665e+36
[INFO] [1788860451.803907816] [GADEN]: Legacy V1 coordinate format=NATIVE_DOUBLE double_score=5.257415771620089e-07 float_slot_score=6.383697007539665e+36
[INFO] [1788860451.970722038] [GADEN]: Legacy V1 coordinate format=NATIVE_DOUBLE double_score=5.257415771620089e-07 float_slot_score=6.383697007539665e+36
[INFO] [1788860452.170099239] [GADEN]: Legacy V1 coordinate format=NATIVE_DOUBLE double_score=5.257415771620089e-07 float_slot_score=6.383697007539665e+36
[INFO] [1788860452.367584909] [GADEN]: Legacy V1 coordinate format=NATIVE_DOUBLE double_score=5.257415771620089e-07 float_slot_score=6.383697007539665e+36
[INFO] [1788860452.572455088] [GADEN]: Legacy V1 coordinate format=NATIVE_DOUBLE double_score=5.257415771620089e-07 float_slot_score=6.383697007539665e+36
[INFO] [1788860452.788990273] [GADEN]: Legacy V1 coordinate format=NATIVE_DOUBLE double_score=5.257415771620089e-07 float_slot_score=6.383697007539665e+36
[INFO] [1788860452.971585512] [GADEN]: Legacy V1 coordinate format=NATIVE_DOUBLE double_score=5.257415771620089e-07 float_slot_score=6.383697007539665e+36
[INFO] [1788860453.167605842] [GADEN]: Legacy V1 coordinate format=NATIVE_DOUBLE double_score=5.257415771620089e-07 float_slot_score=6.383697007539665e+36
[INFO] [1788860453.367907908] [GADEN]: Legacy V1 coordinate format=NATIVE_DOUBLE double_score=5.257415771620089e-07 float_slot_score=6.383697007539665e+36
[INFO] [1788860453.570870815] [GADEN]: Legacy V1 coordinate format=NATIVE_DOUBLE double_score=5.257415771620089e-07 float_slot_score=6.383697007539665e+36
[INFO] [1788860453.799392169] [GADEN]: Legacy V1 coordinate format=NATIVE_DOUBLE double_score=5.257415771620089e-07 float_slot_score=6.383697007539665e+36
[INFO] [1788860453.968089461] [GADEN]: Legacy V1 coordinate format=NATIVE_DOUBLE double_score=5.257415771620089e-07 float_slot_score=6.383697007539665e+36
[INFO] [1788860454.169726026] [GADEN]: Legacy V1 coordinate format=NATIVE_DOUBLE double_score=5.257415771620089e-07 float_slot_score=6.383697007539665e+36
[INFO] [1788860454.367451951] [GADEN]: Legacy V1 coordinate format=NATIVE_DOUBLE double_score=5.257415771620089e-07 float_slot_score=6.383697007539665e+36
[INFO] [1788860454.569089708] [GADEN]: Legacy V1 coordinate format=NATIVE_DOUBLE double_score=5.257415771620089e-07 float_slot_score=6.383697007539665e+36
[INFO] [1788860454.788089199] [GADEN]: Legacy V1 coordinate format=NATIVE_DOUBLE double_score=5.257415771620089e-07 float_slot_score=6.383697007539665e+36
[INFO] [1788860454.967525897] [GADEN]: Legacy V1 coordinate format=NATIVE_DOUBLE double_score=5.257415771620089e-07 float_slot_score=6.383697007539665e+36
[INFO] [1788860455.171960541] [GADEN]: Legacy V1 coordinate format=NATIVE_DOUBLE double_score=5.257415771620089e-07 float_slot_score=6.383697007539665e+36
[INFO] [1788860455.368023562] [GADEN]: Legacy V1 coordinate format=NATIVE_DOUBLE double_score=5.257415771620089e-07 float_slot_score=6.383697007539665e+36
[INFO] [1788860455.570380733] [GADEN]: Legacy V1 coordinate format=NATIVE_DOUBLE double_score=5.257415771620089e-07 float_slot_score=6.383697007539665e+36
[INFO] [1788860455.790231628] [GADEN]: Legacy V1 coordinate format=NATIVE_DOUBLE double_score=5.257415771620089e-07 float_slot_score=6.383697007539665e+36
[INFO] [1788860455.968337109] [GADEN]: Legacy V1 coordinate format=NATIVE_DOUBLE double_score=5.257415771620089e-07 float_slot_score=6.383697007539665e+36
[INFO] [1788860456.171654801] [GADEN]: Legacy V1 coordinate format=NATIVE_DOUBLE double_score=5.257415771620089e-07 float_slot_score=6.383697007539665e+36
[INFO] [1788860456.370581466] [GADEN]: Legacy V1 coordinate format=NATIVE_DOUBLE double_score=5.257415771620089e-07 float_slot_score=6.383697007539665e+36
[INFO] [1788860456.570900124] [GADEN]: Legacy V1 coordinate format=NATIVE_DOUBLE double_score=5.257415771620089e-07 float_slot_score=6.383697007539665e+36
[INFO] [1788860456.788684571] [GADEN]: Legacy V1 coordinate format=NATIVE_DOUBLE double_score=5.257415771620089e-07 float_slot_score=6.383697007539665e+36
[INFO] [1788860456.970426177] [GADEN]: Legacy V1 coordinate format=NATIVE_DOUBLE double_score=5.257415771620089e-07 float_slot_score=6.383697007539665e+36
[INFO] [1788860457.171229302] [GADEN]: Legacy V1 coordinate format=NATIVE_DOUBLE double_score=5.257415771620089e-07 float_slot_score=6.383697007539665e+36
[INFO] [1788860457.371295175] [GADEN]: Legacy V1 coordinate format=NATIVE_DOUBLE double_score=5.257415771620089e-07 float_slot_score=6.383697007539665e+36
[INFO] [1788860457.570894729] [GADEN]: Legacy V1 coordinate format=NATIVE_DOUBLE double_score=5.257415771620089e-07 float_slot_score=6.383697007539665e+36
[INFO] [1788860457.787759682] [GADEN]: Legacy V1 coordinate format=NATIVE_DOUBLE double_score=5.257415771620089e-07 float_slot_score=6.383697007539665e+36
[INFO] [1788860457.970122096] [GADEN]: Legacy V1 coordinate format=NATIVE_DOUBLE double_score=5.257415771620089e-07 float_slot_score=6.383697007539665e+36
[INFO] [1788860458.167605500] [GADEN]: Legacy V1 coordinate format=NATIVE_DOUBLE double_score=5.257415771620089e-07 float_slot_score=6.383697007539665e+36
[INFO] [1788860458.372183596] [GADEN]: Legacy V1 coordinate format=NATIVE_DOUBLE double_score=5.257415771620089e-07 float_slot_score=6.383697007539665e+36
[INFO] [1788860458.575598767] [GADEN]: Legacy V1 coordinate format=NATIVE_DOUBLE double_score=5.257415771620089e-07 float_slot_score=6.383697007539665e+36
[INFO] [1788860458.788492066] [GADEN]: Legacy V1 coordinate format=NATIVE_DOUBLE double_score=5.257415771620089e-07 float_slot_score=6.383697007539665e+36
[INFO] [1788860458.970194181] [GADEN]: Legacy V1 coordinate format=NATIVE_DOUBLE double_score=5.257415771620089e-07 float_slot_score=6.383697007539665e+36
[INFO] [1788860459.168051345] [GADEN]: Legacy V1 coordinate format=NATIVE_DOUBLE double_score=5.257415771620089e-07 float_slot_score=6.383697007539665e+36
[INFO] [1788860459.367571268] [GADEN]: Legacy V1 coordinate format=NATIVE_DOUBLE double_score=5.257415771620089e-07 float_slot_score=6.383697007539665e+36
[INFO] [1788860459.569282271] [GADEN]: Legacy V1 coordinate format=NATIVE_DOUBLE double_score=5.257415771620089e-07 float_slot_score=6.383697007539665e+36
[INFO] [1788860459.799782946] [GADEN]: Legacy V1 coordinate format=NATIVE_DOUBLE double_score=5.257415771620089e-07 float_slot_score=6.383697007539665e+36
[INFO] [1788860459.971028442] [GADEN]: Legacy V1 coordinate format=NATIVE_DOUBLE double_score=5.257415771620089e-07 float_slot_score=6.383697007539665e+36
[INFO] [1788860460.176439555] [GADEN]: Legacy V1 coordinate format=NATIVE_DOUBLE double_score=5.257415771620089e-07 float_slot_score=6.383697007539665e+36
[INFO] [1788860460.367879604] [GADEN]: Legacy V1 coordinate format=NATIVE_DOUBLE double_score=5.257415771620089e-07 float_slot_score=6.383697007539665e+36
[INFO] [1788860460.570276664] [GADEN]: Legacy V1 coordinate format=NATIVE_DOUBLE double_score=5.257415771620089e-07 float_slot_score=6.383697007539665e+36
[INFO] [1788860460.787783476] [GADEN]: Legacy V1 coordinate format=NATIVE_DOUBLE double_score=5.257415771620089e-07 float_slot_score=6.383697007539665e+36
[INFO] [1788860460.969998204] [GADEN]: Legacy V1 coordinate format=NATIVE_DOUBLE double_score=5.257415771620089e-07 float_slot_score=6.383697007539665e+36
[INFO] [1788860461.167640871] [GADEN]: Legacy V1 coordinate format=NATIVE_DOUBLE double_score=5.257415771620089e-07 float_slot_score=6.383697007539665e+36
[INFO] [1788860461.370124658] [GADEN]: Legacy V1 coordinate format=NATIVE_DOUBLE double_score=5.257415771620089e-07 float_slot_score=6.383697007539665e+36
[INFO] [1788860461.570936220] [GADEN]: Legacy V1 coordinate format=NATIVE_DOUBLE double_score=5.257415771620089e-07 float_slot_score=6.383697007539665e+36
[INFO] [1788860461.800030978] [GADEN]: Legacy V1 coordinate format=NATIVE_DOUBLE double_score=5.257415771620089e-07 float_slot_score=6.383697007539665e+36
[INFO] [1788860461.967622274] [GADEN]: Legacy V1 coordinate format=NATIVE_DOUBLE double_score=5.257415771620089e-07 float_slot_score=6.383697007539665e+36
[INFO] [1788860462.169638313] [GADEN]: Legacy V1 coordinate format=NATIVE_DOUBLE double_score=5.257415771620089e-07 float_slot_score=6.383697007539665e+36
[INFO] [1788860462.371082544] [GADEN]: Legacy V1 coordinate format=NATIVE_DOUBLE double_score=5.257415771620089e-07 float_slot_score=6.383697007539665e+36
[INFO] [1788860462.571367705] [GADEN]: Legacy V1 coordinate format=NATIVE_DOUBLE double_score=5.257415771620089e-07 float_slot_score=6.383697007539665e+36
[INFO] [1788860462.788230234] [GADEN]: Legacy V1 coordinate format=NATIVE_DOUBLE double_score=5.257415771620089e-07 float_slot_score=6.383697007539665e+36
[INFO] [1788860462.971479713] [GADEN]: Legacy V1 coordinate format=NATIVE_DOUBLE double_score=5.257415771620089e-07 float_slot_score=6.383697007539665e+36
[INFO] [1788860463.169015296] [GADEN]: Legacy V1 coordinate format=NATIVE_DOUBLE double_score=5.257415771620089e-07 float_slot_score=6.383697007539665e+36
[INFO] [1788860463.372470122] [GADEN]: Legacy V1 coordinate format=NATIVE_DOUBLE double_score=5.257415771620089e-07 float_slot_score=6.383697007539665e+36
[INFO] [1788860463.572008514] [GADEN]: Legacy V1 coordinate format=NATIVE_DOUBLE double_score=5.257415771620089e-07 float_slot_score=6.383697007539665e+36
[INFO] [1788860463.787794095] [GADEN]: Legacy V1 coordinate format=NATIVE_DOUBLE double_score=5.257415771620089e-07 float_slot_score=6.383697007539665e+36
[INFO] [1788860463.970310187] [GADEN]: Legacy V1 coordinate format=NATIVE_DOUBLE double_score=5.257415771620089e-07 float_slot_score=6.383697007539665e+36
[INFO] [1788860464.171733520] [GADEN]: Legacy V1 coordinate format=NATIVE_DOUBLE double_score=5.257415771620089e-07 float_slot_score=6.383697007539665e+36
[INFO] [1788860464.370418115] [GADEN]: Legacy V1 coordinate format=NATIVE_DOUBLE double_score=5.257415771620089e-07 float_slot_score=6.383697007539665e+36
[INFO] [1788860464.570507942] [GADEN]: Legacy V1 coordinate format=NATIVE_DOUBLE double_score=5.257415771620089e-07 float_slot_score=6.383697007539665e+36
[INFO] [1788860464.778461115] [GADEN]: Legacy V1 coordinate format=NATIVE_DOUBLE double_score=5.257415771620089e-07 float_slot_score=6.383697007539665e+36
[INFO] [1788860464.968524625] [GADEN]: Legacy V1 coordinate format=NATIVE_DOUBLE double_score=5.257415771620089e-07 float_slot_score=6.383697007539665e+36
[INFO] [1788860465.168602100] [GADEN]: Legacy V1 coordinate format=NATIVE_DOUBLE double_score=5.257415771620089e-07 float_slot_score=6.383697007539665e+36
[INFO] [1788860465.367619754] [GADEN]: Legacy V1 coordinate format=NATIVE_DOUBLE double_score=5.257415771620089e-07 float_slot_score=6.383697007539665e+36
[INFO] [1788860465.569362879] [GADEN]: Legacy V1 coordinate format=NATIVE_DOUBLE double_score=5.257415771620089e-07 float_slot_score=6.383697007539665e+36
[INFO] [1788860465.787676222] [GADEN]: Legacy V1 coordinate format=NATIVE_DOUBLE double_score=5.257415771620089e-07 float_slot_score=6.383697007539665e+36
[INFO] [1788860465.970486857] [GADEN]: Legacy V1 coordinate format=NATIVE_DOUBLE double_score=5.257415771620089e-07 float_slot_score=6.383697007539665e+36
[INFO] [1788860466.170794032] [GADEN]: Legacy V1 coordinate format=NATIVE_DOUBLE double_score=5.257415771620089e-07 float_slot_score=6.383697007539665e+36
[INFO] [1788860466.368115555] [GADEN]: Legacy V1 coordinate format=NATIVE_DOUBLE double_score=5.257415771620089e-07 float_slot_score=6.383697007539665e+36
[INFO] [1788860466.575152080] [GADEN]: Legacy V1 coordinate format=NATIVE_DOUBLE double_score=5.257415771620089e-07 float_slot_score=6.383697007539665e+36
[INFO] [1788860466.789867068] [GADEN]: Legacy V1 coordinate format=NATIVE_DOUBLE double_score=5.257415771620089e-07 float_slot_score=6.383697007539665e+36
[INFO] [1788860466.969943647] [GADEN]: Legacy V1 coordinate format=NATIVE_DOUBLE double_score=5.257415771620089e-07 float_slot_score=6.383697007539665e+36
[INFO] [1788860467.169892690] [GADEN]: Legacy V1 coordinate format=NATIVE_DOUBLE double_score=5.257415771620089e-07 float_slot_score=6.383697007539665e+36
[INFO] [1788860467.370513874] [GADEN]: Legacy V1 coordinate format=NATIVE_DOUBLE double_score=5.257415771620089e-07 float_slot_score=6.383697007539665e+36
[INFO] [1788860467.571186387] [GADEN]: Legacy V1 coordinate format=NATIVE_DOUBLE double_score=5.257415771620089e-07 float_slot_score=6.383697007539665e+36
[INFO] [1788860467.788859367] [GADEN]: Legacy V1 coordinate format=NATIVE_DOUBLE double_score=5.257415771620089e-07 float_slot_score=6.383697007539665e+36
[INFO] [1788860467.969939113] [GADEN]: Legacy V1 coordinate format=NATIVE_DOUBLE double_score=5.257415771620089e-07 float_slot_score=6.383697007539665e+36
[INFO] [1788860468.170549086] [GADEN]: Legacy V1 coordinate format=NATIVE_DOUBLE double_score=5.257415771620089e-07 float_slot_score=6.383697007539665e+36
[INFO] [1788860468.370255522] [GADEN]: Legacy V1 coordinate format=NATIVE_DOUBLE double_score=5.257415771620089e-07 float_slot_score=6.383697007539665e+36
[INFO] [1788860468.570579614] [GADEN]: Legacy V1 coordinate format=NATIVE_DOUBLE double_score=5.257415771620089e-07 float_slot_score=6.383697007539665e+36
[INFO] [1788860468.777335295] [GADEN]: Legacy V1 coordinate format=NATIVE_DOUBLE double_score=5.257415771620089e-07 float_slot_score=6.383697007539665e+36
[INFO] [1788860468.977174167] [GADEN]: Legacy V1 coordinate format=NATIVE_DOUBLE double_score=5.257415771620089e-07 float_slot_score=6.383697007539665e+36
[INFO] [1788860469.170245700] [GADEN]: Legacy V1 coordinate format=NATIVE_DOUBLE double_score=5.257415771620089e-07 float_slot_score=6.383697007539665e+36
[INFO] [1788860469.372713818] [GADEN]: Legacy V1 coordinate format=NATIVE_DOUBLE double_score=5.257415771620089e-07 float_slot_score=6.383697007539665e+36
[INFO] [1788860469.568854215] [GADEN]: Legacy V1 coordinate format=NATIVE_DOUBLE double_score=5.257415771620089e-07 float_slot_score=6.383697007539665e+36
[INFO] [1788860469.788451869] [GADEN]: Legacy V1 coordinate format=NATIVE_DOUBLE double_score=5.257415771620089e-07 float_slot_score=6.383697007539665e+36
[INFO] [1788860469.970346260] [GADEN]: Legacy V1 coordinate format=NATIVE_DOUBLE double_score=5.257415771620089e-07 float_slot_score=6.383697007539665e+36
[INFO] [1788860470.175337688] [GADEN]: Legacy V1 coordinate format=NATIVE_DOUBLE double_score=5.257415771620089e-07 float_slot_score=6.383697007539665e+36
[INFO] [1788860470.370084433] [GADEN]: Legacy V1 coordinate format=NATIVE_DOUBLE double_score=5.257415771620089e-07 float_slot_score=6.383697007539665e+36
[INFO] [1788860470.569905914] [GADEN]: Legacy V1 coordinate format=NATIVE_DOUBLE double_score=5.257415771620089e-07 float_slot_score=6.383697007539665e+36
[INFO] [1788860470.787728429] [GADEN]: Legacy V1 coordinate format=NATIVE_DOUBLE double_score=5.257415771620089e-07 float_slot_score=6.383697007539665e+36
[INFO] [1788860470.971759462] [GADEN]: Legacy V1 coordinate format=NATIVE_DOUBLE double_score=5.257415771620089e-07 float_slot_score=6.383697007539665e+36
[INFO] [1788860471.171367616] [GADEN]: Legacy V1 coordinate format=NATIVE_DOUBLE double_score=5.257415771620089e-07 float_slot_score=6.383697007539665e+36
[INFO] [1788860471.373088989] [GADEN]: Legacy V1 coordinate format=NATIVE_DOUBLE double_score=5.257415771620089e-07 float_slot_score=6.383697007539665e+36
[INFO] [1788860471.570798604] [GADEN]: Legacy V1 coordinate format=NATIVE_DOUBLE double_score=5.257415771620089e-07 float_slot_score=6.383697007539665e+36
[INFO] [1788860471.789856911] [GADEN]: Legacy V1 coordinate format=NATIVE_DOUBLE double_score=5.257415771620089e-07 float_slot_score=6.383697007539665e+36
[INFO] [1788860471.967785729] [GADEN]: Legacy V1 coordinate format=NATIVE_DOUBLE double_score=5.257415771620089e-07 float_slot_score=6.383697007539665e+36
[INFO] [1788860472.167990476] [GADEN]: Legacy V1 coordinate format=NATIVE_DOUBLE double_score=5.257415771620089e-07 float_slot_score=6.383697007539665e+36
[INFO] [1788860472.368005301] [GADEN]: Legacy V1 coordinate format=NATIVE_DOUBLE double_score=5.257415771620089e-07 float_slot_score=6.383697007539665e+36
[INFO] [1788860472.570279634] [GADEN]: Legacy V1 coordinate format=NATIVE_DOUBLE double_score=5.257415771620089e-07 float_slot_score=6.383697007539665e+36
[INFO] [1788860472.787742438] [GADEN]: Legacy V1 coordinate format=NATIVE_DOUBLE double_score=5.257415771620089e-07 float_slot_score=6.383697007539665e+36
[INFO] [1788860472.970131688] [GADEN]: Legacy V1 coordinate format=NATIVE_DOUBLE double_score=5.257415771620089e-07 float_slot_score=6.383697007539665e+36
[INFO] [1788860473.170556841] [GADEN]: Legacy V1 coordinate format=NATIVE_DOUBLE double_score=5.257415771620089e-07 float_slot_score=6.383697007539665e+36
[INFO] [1788860473.369326769] [GADEN]: Legacy V1 coordinate format=NATIVE_DOUBLE double_score=5.257415771620089e-07 float_slot_score=6.383697007539665e+36
[INFO] [1788860473.567777614] [GADEN]: Legacy V1 coordinate format=NATIVE_DOUBLE double_score=5.257415771620089e-07 float_slot_score=6.383697007539665e+36
[INFO] [1788860473.778039847] [GADEN]: Legacy V1 coordinate format=NATIVE_DOUBLE double_score=5.257415771620089e-07 float_slot_score=6.383697007539665e+36
[INFO] [1788860473.967763027] [GADEN]: Legacy V1 coordinate format=NATIVE_DOUBLE double_score=5.257415771620089e-07 float_slot_score=6.383697007539665e+36
[INFO] [1788860474.168017240] [GADEN]: Legacy V1 coordinate format=NATIVE_DOUBLE double_score=5.257415771620089e-07 float_slot_score=6.383697007539665e+36
[INFO] [1788860474.367798301] [GADEN]: Legacy V1 coordinate format=NATIVE_DOUBLE double_score=5.257415771620089e-07 float_slot_score=6.383697007539665e+36
[INFO] [1788860474.568760481] [GADEN]: Legacy V1 coordinate format=NATIVE_DOUBLE double_score=5.257415771620089e-07 float_slot_score=6.383697007539665e+36
[INFO] [1788860474.777707580] [GADEN]: Legacy V1 coordinate format=NATIVE_DOUBLE double_score=5.257415771620089e-07 float_slot_score=6.383697007539665e+36
[INFO] [1788860474.976686739] [GADEN]: Legacy V1 coordinate format=NATIVE_DOUBLE double_score=5.257415771620089e-07 float_slot_score=6.383697007539665e+36
[INFO] [1788860475.170478725] [GADEN]: Legacy V1 coordinate format=NATIVE_DOUBLE double_score=5.257415771620089e-07 float_slot_score=6.383697007539665e+36
[INFO] [1788860475.368051848] [GADEN]: Legacy V1 coordinate format=NATIVE_DOUBLE double_score=5.257415771620089e-07 float_slot_score=6.383697007539665e+36
[INFO] [1788860475.568645424] [GADEN]: Legacy V1 coordinate format=NATIVE_DOUBLE double_score=5.257415771620089e-07 float_slot_score=6.383697007539665e+36
[INFO] [1788860475.778016942] [GADEN]: Legacy V1 coordinate format=NATIVE_DOUBLE double_score=5.257415771620089e-07 float_slot_score=6.383697007539665e+36
[INFO] [1788860475.971031178] [GADEN]: Legacy V1 coordinate format=NATIVE_DOUBLE double_score=5.257415771620089e-07 float_slot_score=6.383697007539665e+36
[INFO] [1788860476.177257876] [GADEN]: Legacy V1 coordinate format=NATIVE_DOUBLE double_score=5.257415771620089e-07 float_slot_score=6.383697007539665e+36
[INFO] [1788860476.371527077] [GADEN]: Legacy V1 coordinate format=NATIVE_DOUBLE double_score=5.257415771620089e-07 float_slot_score=6.383697007539665e+36
[INFO] [1788860476.571447458] [GADEN]: Legacy V1 coordinate format=NATIVE_DOUBLE double_score=5.257415771620089e-07 float_slot_score=6.383697007539665e+36
[INFO] [1788860476.789069289] [GADEN]: Legacy V1 coordinate format=NATIVE_DOUBLE double_score=5.257415771620089e-07 float_slot_score=6.383697007539665e+36
[INFO] [1788860476.971953815] [GADEN]: Legacy V1 coordinate format=NATIVE_DOUBLE double_score=5.257415771620089e-07 float_slot_score=6.383697007539665e+36
[INFO] [1788860477.176917093] [GADEN]: Legacy V1 coordinate format=NATIVE_DOUBLE double_score=5.257415771620089e-07 float_slot_score=6.383697007539665e+36
[INFO] [1788860477.368321492] [GADEN]: Legacy V1 coordinate format=NATIVE_DOUBLE double_score=5.257415771620089e-07 float_slot_score=6.383697007539665e+36
[INFO] [1788860477.570844280] [GADEN]: Legacy V1 coordinate format=NATIVE_DOUBLE double_score=5.257415771620089e-07 float_slot_score=6.383697007539665e+36
[INFO] [1788860477.788260460] [GADEN]: Legacy V1 coordinate format=NATIVE_DOUBLE double_score=5.257415771620089e-07 float_slot_score=6.383697007539665e+36
[INFO] [1788860477.968072943] [GADEN]: Legacy V1 coordinate format=NATIVE_DOUBLE double_score=5.257415771620089e-07 float_slot_score=6.383697007539665e+36
[INFO] [1788860478.173671727] [GADEN]: Legacy V1 coordinate format=NATIVE_DOUBLE double_score=5.257415771620089e-07 float_slot_score=6.383697007539665e+36
[INFO] [1788860478.376002593] [GADEN]: Legacy V1 coordinate format=NATIVE_DOUBLE double_score=5.257415771620089e-07 float_slot_score=6.383697007539665e+36
[INFO] [1788860478.568240264] [GADEN]: Legacy V1 coordinate format=NATIVE_DOUBLE double_score=5.257415771620089e-07 float_slot_score=6.383697007539665e+36
[INFO] [1788860478.777651869] [GADEN]: Legacy V1 coordinate format=NATIVE_DOUBLE double_score=5.257415771620089e-07 float_slot_score=6.383697007539665e+36
[INFO] [1788860478.972090288] [GADEN]: Legacy V1 coordinate format=NATIVE_DOUBLE double_score=5.257415771620089e-07 float_slot_score=6.383697007539665e+36
[INFO] [1788860479.170257843] [GADEN]: Legacy V1 coordinate format=NATIVE_DOUBLE double_score=5.257415771620089e-07 float_slot_score=6.383697007539665e+36
[INFO] [1788860479.368312640] [GADEN]: Legacy V1 coordinate format=NATIVE_DOUBLE double_score=5.257415771620089e-07 float_slot_score=6.383697007539665e+36
[INFO] [1788860479.570006979] [GADEN]: Legacy V1 coordinate format=NATIVE_DOUBLE double_score=5.257415771620089e-07 float_slot_score=6.383697007539665e+36
[INFO] [1788860479.778629043] [GADEN]: Legacy V1 coordinate format=NATIVE_DOUBLE double_score=5.257415771620089e-07 float_slot_score=6.383697007539665e+36
[INFO] [1788860479.969802213] [GADEN]: Legacy V1 coordinate format=NATIVE_DOUBLE double_score=5.257415771620089e-07 float_slot_score=6.383697007539665e+36
[INFO] [1788860480.170247078] [GADEN]: Legacy V1 coordinate format=NATIVE_DOUBLE double_score=5.257415771620089e-07 float_slot_score=6.383697007539665e+36
[INFO] [1788860480.371751727] [GADEN]: Legacy V1 coordinate format=NATIVE_DOUBLE double_score=5.257415771620089e-07 float_slot_score=6.383697007539665e+36
[INFO] [1788860480.576197171] [GADEN]: Legacy V1 coordinate format=NATIVE_DOUBLE double_score=5.257415771620089e-07 float_slot_score=6.383697007539665e+36
[INFO] [1788860480.789355309] [GADEN]: Legacy V1 coordinate format=NATIVE_DOUBLE double_score=5.257415771620089e-07 float_slot_score=6.383697007539665e+36
[INFO] [1788860480.970026635] [GADEN]: Legacy V1 coordinate format=NATIVE_DOUBLE double_score=5.257415771620089e-07 float_slot_score=6.383697007539665e+36
[INFO] [1788860481.170944003] [GADEN]: Legacy V1 coordinate format=NATIVE_DOUBLE double_score=5.257415771620089e-07 float_slot_score=6.383697007539665e+36
[INFO] [1788860481.372293109] [GADEN]: Legacy V1 coordinate format=NATIVE_DOUBLE double_score=5.257415771620089e-07 float_slot_score=6.383697007539665e+36
[INFO] [1788860481.570138566] [GADEN]: Legacy V1 coordinate format=NATIVE_DOUBLE double_score=5.257415771620089e-07 float_slot_score=6.383697007539665e+36
[INFO] [1788860481.788851983] [GADEN]: Legacy V1 coordinate format=NATIVE_DOUBLE double_score=5.257415771620089e-07 float_slot_score=6.383697007539665e+36
[INFO] [1788860481.971622572] [GADEN]: Legacy V1 coordinate format=NATIVE_DOUBLE double_score=5.257415771620089e-07 float_slot_score=6.383697007539665e+36
[INFO] [1788860482.167833786] [GADEN]: Legacy V1 coordinate format=NATIVE_DOUBLE double_score=5.257415771620089e-07 float_slot_score=6.383697007539665e+36
[INFO] [1788860482.371597916] [GADEN]: Legacy V1 coordinate format=NATIVE_DOUBLE double_score=5.257415771620089e-07 float_slot_score=6.383697007539665e+36
[INFO] [1788860482.569608450] [GADEN]: Legacy V1 coordinate format=NATIVE_DOUBLE double_score=5.257415771620089e-07 float_slot_score=6.383697007539665e+36
[INFO] [1788860482.778358831] [GADEN]: Legacy V1 coordinate format=NATIVE_DOUBLE double_score=5.257415771620089e-07 float_slot_score=6.383697007539665e+36
[INFO] [1788860482.972608352] [GADEN]: Legacy V1 coordinate format=NATIVE_DOUBLE double_score=5.257415771620089e-07 float_slot_score=6.383697007539665e+36
[INFO] [1788860483.169475425] [GADEN]: Legacy V1 coordinate format=NATIVE_DOUBLE double_score=5.257415771620089e-07 float_slot_score=6.383697007539665e+36
[INFO] [1788860483.371818123] [GADEN]: Legacy V1 coordinate format=NATIVE_DOUBLE double_score=5.257415771620089e-07 float_slot_score=6.383697007539665e+36
[INFO] [1788860483.570995317] [GADEN]: Legacy V1 coordinate format=NATIVE_DOUBLE double_score=5.257415771620089e-07 float_slot_score=6.383697007539665e+36
[INFO] [1788860483.789135175] [GADEN]: Legacy V1 coordinate format=NATIVE_DOUBLE double_score=5.257415771620089e-07 float_slot_score=6.383697007539665e+36
[INFO] [1788860483.971103131] [GADEN]: Legacy V1 coordinate format=NATIVE_DOUBLE double_score=5.257415771620089e-07 float_slot_score=6.383697007539665e+36
[INFO] [1788860484.175933705] [GADEN]: Legacy V1 coordinate format=NATIVE_DOUBLE double_score=5.257415771620089e-07 float_slot_score=6.383697007539665e+36
[INFO] [1788860484.369586992] [GADEN]: Legacy V1 coordinate format=NATIVE_DOUBLE double_score=5.257415771620089e-07 float_slot_score=6.383697007539665e+36
[INFO] [1788860484.572998488] [GADEN]: Legacy V1 coordinate format=NATIVE_DOUBLE double_score=5.257415771620089e-07 float_slot_score=6.383697007539665e+36
[INFO] [1788860484.777552145] [GADEN]: Legacy V1 coordinate format=NATIVE_DOUBLE double_score=5.257415771620089e-07 float_slot_score=6.383697007539665e+36
[INFO] [1788860484.967477792] [GADEN]: Legacy V1 coordinate format=NATIVE_DOUBLE double_score=5.257415771620089e-07 float_slot_score=6.383697007539665e+36
[INFO] [1788860485.167623045] [GADEN]: Legacy V1 coordinate format=NATIVE_DOUBLE double_score=5.257415771620089e-07 float_slot_score=6.383697007539665e+36
[INFO] [1788860485.368890766] [GADEN]: Legacy V1 coordinate format=NATIVE_DOUBLE double_score=5.257415771620089e-07 float_slot_score=6.383697007539665e+36
[INFO] [1788860485.572135359] [GADEN]: Legacy V1 coordinate format=NATIVE_DOUBLE double_score=5.257415771620089e-07 float_slot_score=6.383697007539665e+36
[INFO] [1788860485.778060814] [GADEN]: Legacy V1 coordinate format=NATIVE_DOUBLE double_score=5.257415771620089e-07 float_slot_score=6.383697007539665e+36
[INFO] [1788860485.967792641] [GADEN]: Legacy V1 coordinate format=NATIVE_DOUBLE double_score=5.257415771620089e-07 float_slot_score=6.383697007539665e+36
[INFO] [1788860486.168142886] [GADEN]: Legacy V1 coordinate format=NATIVE_DOUBLE double_score=5.257415771620089e-07 float_slot_score=6.383697007539665e+36
[INFO] [1788860486.368130942] [GADEN]: Legacy V1 coordinate format=NATIVE_DOUBLE double_score=5.257415771620089e-07 float_slot_score=6.383697007539665e+36
[INFO] [1788860486.575455197] [GADEN]: Legacy V1 coordinate format=NATIVE_DOUBLE double_score=5.257415771620089e-07 float_slot_score=6.383697007539665e+36
[INFO] [1788860486.788694572] [GADEN]: Legacy V1 coordinate format=NATIVE_DOUBLE double_score=5.257415771620089e-07 float_slot_score=6.383697007539665e+36
[INFO] [1788860486.967741625] [GADEN]: Legacy V1 coordinate format=NATIVE_DOUBLE double_score=5.257415771620089e-07 float_slot_score=6.383697007539665e+36
[INFO] [1788860487.170731242] [GADEN]: Legacy V1 coordinate format=NATIVE_DOUBLE double_score=5.257415771620089e-07 float_slot_score=6.383697007539665e+36
[INFO] [1788860487.368565746] [GADEN]: Legacy V1 coordinate format=NATIVE_DOUBLE double_score=5.257415771620089e-07 float_slot_score=6.383697007539665e+36
[INFO] [1788860487.570579654] [GADEN]: Legacy V1 coordinate format=NATIVE_DOUBLE double_score=5.257415771620089e-07 float_slot_score=6.383697007539665e+36
[INFO] [1788860487.788133738] [GADEN]: Legacy V1 coordinate format=NATIVE_DOUBLE double_score=5.257415771620089e-07 float_slot_score=6.383697007539665e+36
[INFO] [1788860487.970411698] [GADEN]: Legacy V1 coordinate format=NATIVE_DOUBLE double_score=5.257415771620089e-07 float_slot_score=6.383697007539665e+36
[INFO] [1788860488.170661494] [GADEN]: Legacy V1 coordinate format=NATIVE_DOUBLE double_score=5.257415771620089e-07 float_slot_score=6.383697007539665e+36
[INFO] [1788860488.368336536] [GADEN]: Legacy V1 coordinate format=NATIVE_DOUBLE double_score=5.257415771620089e-07 float_slot_score=6.383697007539665e+36
[INFO] [1788860488.570312317] [GADEN]: Legacy V1 coordinate format=NATIVE_DOUBLE double_score=5.257415771620089e-07 float_slot_score=6.383697007539665e+36
[INFO] [1788860488.778390779] [GADEN]: Legacy V1 coordinate format=NATIVE_DOUBLE double_score=5.257415771620089e-07 float_slot_score=6.383697007539665e+36
[INFO] [1788860488.974838024] [GADEN]: Legacy V1 coordinate format=NATIVE_DOUBLE double_score=5.257415771620089e-07 float_slot_score=6.383697007539665e+36
[INFO] [1788860489.170340456] [GADEN]: Legacy V1 coordinate format=NATIVE_DOUBLE double_score=5.257415771620089e-07 float_slot_score=6.383697007539665e+36
[INFO] [1788860489.367727997] [GADEN]: Legacy V1 coordinate format=NATIVE_DOUBLE double_score=5.257415771620089e-07 float_slot_score=6.383697007539665e+36
[INFO] [1788860489.571828682] [GADEN]: Legacy V1 coordinate format=NATIVE_DOUBLE double_score=5.257415771620089e-07 float_slot_score=6.383697007539665e+36
[INFO] [1788860489.799561611] [GADEN]: Legacy V1 coordinate format=NATIVE_DOUBLE double_score=5.257415771620089e-07 float_slot_score=6.383697007539665e+36
[INFO] [1788860489.970864232] [GADEN]: Legacy V1 coordinate format=NATIVE_DOUBLE double_score=5.257415771620089e-07 float_slot_score=6.383697007539665e+36
[INFO] [1788860490.169717401] [GADEN]: Legacy V1 coordinate format=NATIVE_DOUBLE double_score=5.257415771620089e-07 float_slot_score=6.383697007539665e+36
[INFO] [1788860490.368468794] [GADEN]: Legacy V1 coordinate format=NATIVE_DOUBLE double_score=5.257415771620089e-07 float_slot_score=6.383697007539665e+36
[INFO] [1788860490.572380340] [GADEN]: Legacy V1 coordinate format=NATIVE_DOUBLE double_score=5.257415771620089e-07 float_slot_score=6.383697007539665e+36
[INFO] [1788860490.788675187] [GADEN]: Legacy V1 coordinate format=NATIVE_DOUBLE double_score=5.257415771620089e-07 float_slot_score=6.383697007539665e+36
[INFO] [1788860490.970437549] [GADEN]: Legacy V1 coordinate format=NATIVE_DOUBLE double_score=5.257415771620089e-07 float_slot_score=6.383697007539665e+36
[INFO] [1788860491.173870762] [GADEN]: Legacy V1 coordinate format=NATIVE_DOUBLE double_score=5.257415771620089e-07 float_slot_score=6.383697007539665e+36
[INFO] [1788860491.368405832] [GADEN]: Legacy V1 coordinate format=NATIVE_DOUBLE double_score=5.257415771620089e-07 float_slot_score=6.383697007539665e+36
[INFO] [1788860491.572082376] [GADEN]: Legacy V1 coordinate format=NATIVE_DOUBLE double_score=5.257415771620089e-07 float_slot_score=6.383697007539665e+36
[INFO] [1788860491.789733594] [GADEN]: Legacy V1 coordinate format=NATIVE_DOUBLE double_score=5.257415771620089e-07 float_slot_score=6.383697007539665e+36
[INFO] [1788860491.969876936] [GADEN]: Legacy V1 coordinate format=NATIVE_DOUBLE double_score=5.257415771620089e-07 float_slot_score=6.383697007539665e+36
[INFO] [1788860492.171080544] [GADEN]: Legacy V1 coordinate format=NATIVE_DOUBLE double_score=5.257415771620089e-07 float_slot_score=6.383697007539665e+36
[INFO] [1788860492.370367956] [GADEN]: Legacy V1 coordinate format=NATIVE_DOUBLE double_score=5.257415771620089e-07 float_slot_score=6.383697007539665e+36
[INFO] [1788860492.568011683] [GADEN]: Legacy V1 coordinate format=NATIVE_DOUBLE double_score=5.257415771620089e-07 float_slot_score=6.383697007539665e+36
[INFO] [1788860492.799037503] [GADEN]: Legacy V1 coordinate format=NATIVE_DOUBLE double_score=5.257415771620089e-07 float_slot_score=6.383697007539665e+36
[INFO] [1788860492.970582084] [GADEN]: Legacy V1 coordinate format=NATIVE_DOUBLE double_score=5.257415771620089e-07 float_slot_score=6.383697007539665e+36
[INFO] [1788860493.169313937] [GADEN]: Legacy V1 coordinate format=NATIVE_DOUBLE double_score=5.257415771620089e-07 float_slot_score=6.383697007539665e+36
[INFO] [1788860493.367604686] [GADEN]: Legacy V1 coordinate format=NATIVE_DOUBLE double_score=5.257415771620089e-07 float_slot_score=6.383697007539665e+36
[INFO] [1788860493.572563333] [GADEN]: Legacy V1 coordinate format=NATIVE_DOUBLE double_score=5.257415771620089e-07 float_slot_score=6.383697007539665e+36
[INFO] [1788860493.787791203] [GADEN]: Legacy V1 coordinate format=NATIVE_DOUBLE double_score=5.257415771620089e-07 float_slot_score=6.383697007539665e+36
[INFO] [1788860493.971849680] [GADEN]: Legacy V1 coordinate format=NATIVE_DOUBLE double_score=5.257415771620089e-07 float_slot_score=6.383697007539665e+36
[INFO] [1788860494.172023346] [GADEN]: Legacy V1 coordinate format=NATIVE_DOUBLE double_score=5.257415771620089e-07 float_slot_score=6.383697007539665e+36
[INFO] [1788860494.369746443] [GADEN]: Legacy V1 coordinate format=NATIVE_DOUBLE double_score=5.257415771620089e-07 float_slot_score=6.383697007539665e+36
[INFO] [1788860494.576195312] [GADEN]: Legacy V1 coordinate format=NATIVE_DOUBLE double_score=5.257415771620089e-07 float_slot_score=6.383697007539665e+36
[INFO] [1788860494.788673066] [GADEN]: Legacy V1 coordinate format=NATIVE_DOUBLE double_score=5.257415771620089e-07 float_slot_score=6.383697007539665e+36
[INFO] [1788860494.972522196] [GADEN]: Legacy V1 coordinate format=NATIVE_DOUBLE double_score=5.257415771620089e-07 float_slot_score=6.383697007539665e+36
[INFO] [1788860495.170171767] [GADEN]: Legacy V1 coordinate format=NATIVE_DOUBLE double_score=5.257415771620089e-07 float_slot_score=6.383697007539665e+36
[INFO] [1788860495.368285802] [GADEN]: Legacy V1 coordinate format=NATIVE_DOUBLE double_score=5.257415771620089e-07 float_slot_score=6.383697007539665e+36
[INFO] [1788860495.571756040] [GADEN]: Legacy V1 coordinate format=NATIVE_DOUBLE double_score=5.257415771620089e-07 float_slot_score=6.383697007539665e+36
[INFO] [1788860495.778675957] [GADEN]: Legacy V1 coordinate format=NATIVE_DOUBLE double_score=5.257415771620089e-07 float_slot_score=6.383697007539665e+36
[INFO] [1788860495.968679380] [GADEN]: Legacy V1 coordinate format=NATIVE_DOUBLE double_score=5.257415771620089e-07 float_slot_score=6.383697007539665e+36
[INFO] [1788860496.168563165] [GADEN]: Legacy V1 coordinate format=NATIVE_DOUBLE double_score=5.257415771620089e-07 float_slot_score=6.383697007539665e+36
[INFO] [1788860496.368008437] [GADEN]: Legacy V1 coordinate format=NATIVE_DOUBLE double_score=5.257415771620089e-07 float_slot_score=6.383697007539665e+36
[INFO] [1788860496.567405153] [GADEN]: Legacy V1 coordinate format=NATIVE_DOUBLE double_score=5.257415771620089e-07 float_slot_score=6.383697007539665e+36
[INFO] [1788860496.777650949] [GADEN]: Legacy V1 coordinate format=NATIVE_DOUBLE double_score=5.257415771620089e-07 float_slot_score=6.383697007539665e+36
[INFO] [1788860496.969417785] [GADEN]: Legacy V1 coordinate format=NATIVE_DOUBLE double_score=5.257415771620089e-07 float_slot_score=6.383697007539665e+36
[INFO] [1788860497.168517138] [GADEN]: Legacy V1 coordinate format=NATIVE_DOUBLE double_score=5.257415771620089e-07 float_slot_score=6.383697007539665e+36
[INFO] [1788860497.368028681] [GADEN]: Legacy V1 coordinate format=NATIVE_DOUBLE double_score=5.257415771620089e-07 float_slot_score=6.383697007539665e+36
[INFO] [1788860497.567553615] [GADEN]: Legacy V1 coordinate format=NATIVE_DOUBLE double_score=5.257415771620089e-07 float_slot_score=6.383697007539665e+36
[INFO] [1788860497.787629248] [GADEN]: Legacy V1 coordinate format=NATIVE_DOUBLE double_score=5.257415771620089e-07 float_slot_score=6.383697007539665e+36
[INFO] [1788860497.969282358] [GADEN]: Legacy V1 coordinate format=NATIVE_DOUBLE double_score=5.257415771620089e-07 float_slot_score=6.383697007539665e+36
[INFO] [1788860498.171585109] [GADEN]: Legacy V1 coordinate format=NATIVE_DOUBLE double_score=5.257415771620089e-07 float_slot_score=6.383697007539665e+36
[INFO] [1788860498.371072457] [GADEN]: Legacy V1 coordinate format=NATIVE_DOUBLE double_score=5.257415771620089e-07 float_slot_score=6.383697007539665e+36
[INFO] [1788860498.573080544] [GADEN]: Legacy V1 coordinate format=NATIVE_DOUBLE double_score=5.257415771620089e-07 float_slot_score=6.383697007539665e+36
[INFO] [1788860498.789043483] [GADEN]: Legacy V1 coordinate format=NATIVE_DOUBLE double_score=5.257415771620089e-07 float_slot_score=6.383697007539665e+36
[INFO] [1788860498.970629136] [GADEN]: Legacy V1 coordinate format=NATIVE_DOUBLE double_score=5.257415771620089e-07 float_slot_score=6.383697007539665e+36
[INFO] [1788860499.170994729] [GADEN]: Legacy V1 coordinate format=NATIVE_DOUBLE double_score=5.257415771620089e-07 float_slot_score=6.383697007539665e+36
[INFO] [1788860499.371735890] [GADEN]: Legacy V1 coordinate format=NATIVE_DOUBLE double_score=5.257415771620089e-07 float_slot_score=6.383697007539665e+36
[INFO] [1788860499.569339866] [GADEN]: Legacy V1 coordinate format=NATIVE_DOUBLE double_score=5.257415771620089e-07 float_slot_score=6.383697007539665e+36
[INFO] [1788860499.787675497] [GADEN]: Legacy V1 coordinate format=NATIVE_DOUBLE double_score=5.257415771620089e-07 float_slot_score=6.383697007539665e+36
[INFO] [1788860499.973146607] [GADEN]: Legacy V1 coordinate format=NATIVE_DOUBLE double_score=5.257415771620089e-07 float_slot_score=6.383697007539665e+36
[INFO] [1788860500.169569926] [GADEN]: Legacy V1 coordinate format=NATIVE_DOUBLE double_score=5.257415771620089e-07 float_slot_score=6.383697007539665e+36
[INFO] [1788860500.377346834] [GADEN]: Legacy V1 coordinate format=NATIVE_DOUBLE double_score=5.257415771620089e-07 float_slot_score=6.383697007539665e+36
[INFO] [1788860500.570130999] [GADEN]: Legacy V1 coordinate format=NATIVE_DOUBLE double_score=5.257415771620089e-07 float_slot_score=6.383697007539665e+36
[INFO] [1788860500.788132015] [GADEN]: Legacy V1 coordinate format=NATIVE_DOUBLE double_score=5.257415771620089e-07 float_slot_score=6.383697007539665e+36
[INFO] [1788860500.971229355] [GADEN]: Legacy V1 coordinate format=NATIVE_DOUBLE double_score=5.257415771620089e-07 float_slot_score=6.383697007539665e+36
[INFO] [1788860501.173556217] [GADEN]: Legacy V1 coordinate format=NATIVE_DOUBLE double_score=5.257415771620089e-07 float_slot_score=6.383697007539665e+36
[INFO] [1788860501.372238775] [GADEN]: Legacy V1 coordinate format=NATIVE_DOUBLE double_score=5.257415771620089e-07 float_slot_score=6.383697007539665e+36
[INFO] [1788860501.571934500] [GADEN]: Legacy V1 coordinate format=NATIVE_DOUBLE double_score=5.257415771620089e-07 float_slot_score=6.383697007539665e+36
[INFO] [1788860501.788007752] [GADEN]: Legacy V1 coordinate format=NATIVE_DOUBLE double_score=5.257415771620089e-07 float_slot_score=6.383697007539665e+36
[INFO] [1788860501.967739383] [GADEN]: Legacy V1 coordinate format=NATIVE_DOUBLE double_score=5.257415771620089e-07 float_slot_score=6.383697007539665e+36
[INFO] [1788860502.171458115] [GADEN]: Legacy V1 coordinate format=NATIVE_DOUBLE double_score=5.257415771620089e-07 float_slot_score=6.383697007539665e+36
[INFO] [1788860502.370651465] [GADEN]: Legacy V1 coordinate format=NATIVE_DOUBLE double_score=5.257415771620089e-07 float_slot_score=6.383697007539665e+36
[INFO] [1788860502.576462101] [GADEN]: Legacy V1 coordinate format=NATIVE_DOUBLE double_score=5.257415771620089e-07 float_slot_score=6.383697007539665e+36
[INFO] [1788860502.788344431] [GADEN]: Legacy V1 coordinate format=NATIVE_DOUBLE double_score=5.257415771620089e-07 float_slot_score=6.383697007539665e+36
[INFO] [1788860502.970908822] [GADEN]: Legacy V1 coordinate format=NATIVE_DOUBLE double_score=5.257415771620089e-07 float_slot_score=6.383697007539665e+36
[INFO] [1788860503.171568900] [GADEN]: Legacy V1 coordinate format=NATIVE_DOUBLE double_score=5.257415771620089e-07 float_slot_score=6.383697007539665e+36
[INFO] [1788860503.371993488] [GADEN]: Legacy V1 coordinate format=NATIVE_DOUBLE double_score=5.257415771620089e-07 float_slot_score=6.383697007539665e+36
[INFO] [1788860503.569472755] [GADEN]: Legacy V1 coordinate format=NATIVE_DOUBLE double_score=5.257415771620089e-07 float_slot_score=6.383697007539665e+36
[INFO] [1788860503.778273176] [GADEN]: Legacy V1 coordinate format=NATIVE_DOUBLE double_score=5.257415771620089e-07 float_slot_score=6.383697007539665e+36
[INFO] [1788860503.967714582] [GADEN]: Legacy V1 coordinate format=NATIVE_DOUBLE double_score=5.257415771620089e-07 float_slot_score=6.383697007539665e+36
[INFO] [1788860504.168466430] [GADEN]: Legacy V1 coordinate format=NATIVE_DOUBLE double_score=5.257415771620089e-07 float_slot_score=6.383697007539665e+36
[INFO] [1788860504.367551762] [GADEN]: Legacy V1 coordinate format=NATIVE_DOUBLE double_score=5.257415771620089e-07 float_slot_score=6.383697007539665e+36
[INFO] [1788860504.571427065] [GADEN]: Legacy V1 coordinate format=NATIVE_DOUBLE double_score=5.257415771620089e-07 float_slot_score=6.383697007539665e+36
[INFO] [1788860504.802654277] [GADEN]: Legacy V1 coordinate format=NATIVE_DOUBLE double_score=5.257415771620089e-07 float_slot_score=6.383697007539665e+36
[INFO] [1788860504.971131394] [GADEN]: Legacy V1 coordinate format=NATIVE_DOUBLE double_score=5.257415771620089e-07 float_slot_score=6.383697007539665e+36
[INFO] [1788860505.171538959] [GADEN]: Legacy V1 coordinate format=NATIVE_DOUBLE double_score=5.257415771620089e-07 float_slot_score=6.383697007539665e+36
[INFO] [1788860505.369231696] [GADEN]: Legacy V1 coordinate format=NATIVE_DOUBLE double_score=5.257415771620089e-07 float_slot_score=6.383697007539665e+36
[INFO] [1788860505.571865599] [GADEN]: Legacy V1 coordinate format=NATIVE_DOUBLE double_score=5.257415771620089e-07 float_slot_score=6.383697007539665e+36
[INFO] [1788860505.777486947] [GADEN]: Legacy V1 coordinate format=NATIVE_DOUBLE double_score=5.257415771620089e-07 float_slot_score=6.383697007539665e+36
[INFO] [1788860505.978724244] [GADEN]: Legacy V1 coordinate format=NATIVE_DOUBLE double_score=5.257415771620089e-07 float_slot_score=6.383697007539665e+36
[INFO] [1788860506.171438642] [GADEN]: Legacy V1 coordinate format=NATIVE_DOUBLE double_score=5.257415771620089e-07 float_slot_score=6.383697007539665e+36
[INFO] [1788860506.367798219] [GADEN]: Legacy V1 coordinate format=NATIVE_DOUBLE double_score=5.257415771620089e-07 float_slot_score=6.383697007539665e+36
[INFO] [1788860506.569819534] [GADEN]: Legacy V1 coordinate format=NATIVE_DOUBLE double_score=5.257415771620089e-07 float_slot_score=6.383697007539665e+36
[INFO] [1788860506.777579693] [GADEN]: Legacy V1 coordinate format=NATIVE_DOUBLE double_score=5.257415771620089e-07 float_slot_score=6.383697007539665e+36
[INFO] [1788860506.977367065] [GADEN]: Legacy V1 coordinate format=NATIVE_DOUBLE double_score=5.257415771620089e-07 float_slot_score=6.383697007539665e+36
[INFO] [1788860507.171198228] [GADEN]: Legacy V1 coordinate format=NATIVE_DOUBLE double_score=5.257415771620089e-07 float_slot_score=6.383697007539665e+36
[INFO] [1788860507.371068752] [GADEN]: Legacy V1 coordinate format=NATIVE_DOUBLE double_score=5.257415771620089e-07 float_slot_score=6.383697007539665e+36
[INFO] [1788860507.571106015] [GADEN]: Legacy V1 coordinate format=NATIVE_DOUBLE double_score=5.257415771620089e-07 float_slot_score=6.383697007539665e+36
[INFO] [1788860507.777447824] [GADEN]: Legacy V1 coordinate format=NATIVE_DOUBLE double_score=5.257415771620089e-07 float_slot_score=6.383697007539665e+36
[INFO] [1788860507.969296156] [GADEN]: Legacy V1 coordinate format=NATIVE_DOUBLE double_score=5.257415771620089e-07 float_slot_score=6.383697007539665e+36
[INFO] [1788860508.175796253] [GADEN]: Legacy V1 coordinate format=NATIVE_DOUBLE double_score=5.257415771620089e-07 float_slot_score=6.383697007539665e+36
[INFO] [1788860508.369895731] [GADEN]: Legacy V1 coordinate format=NATIVE_DOUBLE double_score=5.257415771620089e-07 float_slot_score=6.383697007539665e+36
[INFO] [1788860508.571127311] [GADEN]: Legacy V1 coordinate format=NATIVE_DOUBLE double_score=5.257415771620089e-07 float_slot_score=6.383697007539665e+36
[INFO] [1788860508.788706677] [GADEN]: Legacy V1 coordinate format=NATIVE_DOUBLE double_score=5.257415771620089e-07 float_slot_score=6.383697007539665e+36
[INFO] [1788860508.972003596] [GADEN]: Legacy V1 coordinate format=NATIVE_DOUBLE double_score=5.257415771620089e-07 float_slot_score=6.383697007539665e+36
[INFO] [1788860509.170348629] [GADEN]: Legacy V1 coordinate format=NATIVE_DOUBLE double_score=5.257415771620089e-07 float_slot_score=6.383697007539665e+36
[INFO] [1788860509.371222386] [GADEN]: Legacy V1 coordinate format=NATIVE_DOUBLE double_score=5.257415771620089e-07 float_slot_score=6.383697007539665e+36
[INFO] [1788860509.571367967] [GADEN]: Legacy V1 coordinate format=NATIVE_DOUBLE double_score=5.257415771620089e-07 float_slot_score=6.383697007539665e+36
[INFO] [1788860509.790287520] [GADEN]: Legacy V1 coordinate format=NATIVE_DOUBLE double_score=5.257415771620089e-07 float_slot_score=6.383697007539665e+36
[INFO] [1788860509.971109499] [GADEN]: Legacy V1 coordinate format=NATIVE_DOUBLE double_score=5.257415771620089e-07 float_slot_score=6.383697007539665e+36
[INFO] [1788860510.169482834] [GADEN]: Legacy V1 coordinate format=NATIVE_DOUBLE double_score=5.257415771620089e-07 float_slot_score=6.383697007539665e+36
[INFO] [1788860510.377818123] [GADEN]: Legacy V1 coordinate format=NATIVE_DOUBLE double_score=5.257415771620089e-07 float_slot_score=6.383697007539665e+36
[INFO] [1788860510.571216811] [GADEN]: Legacy V1 coordinate format=NATIVE_DOUBLE double_score=5.257415771620089e-07 float_slot_score=6.383697007539665e+36
[INFO] [1788860510.777807823] [GADEN]: Legacy V1 coordinate format=NATIVE_DOUBLE double_score=5.257415771620089e-07 float_slot_score=6.383697007539665e+36
[INFO] [1788860510.971559574] [GADEN]: Legacy V1 coordinate format=NATIVE_DOUBLE double_score=5.257415771620089e-07 float_slot_score=6.383697007539665e+36
[INFO] [1788860511.169413096] [GADEN]: Legacy V1 coordinate format=NATIVE_DOUBLE double_score=5.257415771620089e-07 float_slot_score=6.383697007539665e+36
[INFO] [1788860511.371201189] [GADEN]: Legacy V1 coordinate format=NATIVE_DOUBLE double_score=5.257415771620089e-07 float_slot_score=6.383697007539665e+36
[INFO] [1788860511.574039750] [GADEN]: Legacy V1 coordinate format=NATIVE_DOUBLE double_score=5.257415771620089e-07 float_slot_score=6.383697007539665e+36
[INFO] [1788860511.788260556] [GADEN]: Legacy V1 coordinate format=NATIVE_DOUBLE double_score=5.257415771620089e-07 float_slot_score=6.383697007539665e+36
[INFO] [1788860511.971383000] [GADEN]: Legacy V1 coordinate format=NATIVE_DOUBLE double_score=5.257415771620089e-07 float_slot_score=6.383697007539665e+36
[INFO] [1788860512.167610375] [GADEN]: Legacy V1 coordinate format=NATIVE_DOUBLE double_score=5.257415771620089e-07 float_slot_score=6.383697007539665e+36
[INFO] [1788860512.368893338] [GADEN]: Legacy V1 coordinate format=NATIVE_DOUBLE double_score=5.257415771620089e-07 float_slot_score=6.383697007539665e+36
[INFO] [1788860512.567770977] [GADEN]: Legacy V1 coordinate format=NATIVE_DOUBLE double_score=5.257415771620089e-07 float_slot_score=6.383697007539665e+36
[INFO] [1788860512.793204413] [GADEN]: Legacy V1 coordinate format=NATIVE_DOUBLE double_score=5.257415771620089e-07 float_slot_score=6.383697007539665e+36
[INFO] [1788860512.968442733] [GADEN]: Legacy V1 coordinate format=NATIVE_DOUBLE double_score=5.257415771620089e-07 float_slot_score=6.383697007539665e+36
[INFO] [1788860513.168164976] [GADEN]: Legacy V1 coordinate format=NATIVE_DOUBLE double_score=5.257415771620089e-07 float_slot_score=6.383697007539665e+36
[INFO] [1788860513.370521656] [GADEN]: Legacy V1 coordinate format=NATIVE_DOUBLE double_score=5.257415771620089e-07 float_slot_score=6.383697007539665e+36
[INFO] [1788860513.570770626] [GADEN]: Legacy V1 coordinate format=NATIVE_DOUBLE double_score=5.257415771620089e-07 float_slot_score=6.383697007539665e+36
[INFO] [1788860513.787508134] [GADEN]: Legacy V1 coordinate format=NATIVE_DOUBLE double_score=5.257415771620089e-07 float_slot_score=6.383697007539665e+36
[INFO] [1788860513.968165607] [GADEN]: Legacy V1 coordinate format=NATIVE_DOUBLE double_score=5.257415771620089e-07 float_slot_score=6.383697007539665e+36
[INFO] [1788860514.167954987] [GADEN]: Legacy V1 coordinate format=NATIVE_DOUBLE double_score=5.257415771620089e-07 float_slot_score=6.383697007539665e+36
[INFO] [1788860514.370679744] [GADEN]: Legacy V1 coordinate format=NATIVE_DOUBLE double_score=5.257415771620089e-07 float_slot_score=6.383697007539665e+36
[INFO] [1788860514.570088058] [GADEN]: Legacy V1 coordinate format=NATIVE_DOUBLE double_score=5.257415771620089e-07 float_slot_score=6.383697007539665e+36
[INFO] [1788860514.787815903] [GADEN]: Legacy V1 coordinate format=NATIVE_DOUBLE double_score=5.257415771620089e-07 float_slot_score=6.383697007539665e+36
[INFO] [1788860514.968460887] [GADEN]: Legacy V1 coordinate format=NATIVE_DOUBLE double_score=5.257415771620089e-07 float_slot_score=6.383697007539665e+36
[INFO] [1788860515.172086858] [GADEN]: Legacy V1 coordinate format=NATIVE_DOUBLE double_score=5.257415771620089e-07 float_slot_score=6.383697007539665e+36
[INFO] [1788860515.371110578] [GADEN]: Legacy V1 coordinate format=NATIVE_DOUBLE double_score=5.257415771620089e-07 float_slot_score=6.383697007539665e+36
[INFO] [1788860515.570510669] [GADEN]: Legacy V1 coordinate format=NATIVE_DOUBLE double_score=5.257415771620089e-07 float_slot_score=6.383697007539665e+36
[INFO] [1788860515.788547228] [GADEN]: Legacy V1 coordinate format=NATIVE_DOUBLE double_score=5.257415771620089e-07 float_slot_score=6.383697007539665e+36
[INFO] [1788860515.969567660] [GADEN]: Legacy V1 coordinate format=NATIVE_DOUBLE double_score=5.257415771620089e-07 float_slot_score=6.383697007539665e+36
[INFO] [1788860516.168980150] [GADEN]: Legacy V1 coordinate format=NATIVE_DOUBLE double_score=5.257415771620089e-07 float_slot_score=6.383697007539665e+36
[INFO] [1788860516.371065115] [GADEN]: Legacy V1 coordinate format=NATIVE_DOUBLE double_score=5.257415771620089e-07 float_slot_score=6.383697007539665e+36
[INFO] [1788860516.570737385] [GADEN]: Legacy V1 coordinate format=NATIVE_DOUBLE double_score=5.257415771620089e-07 float_slot_score=6.383697007539665e+36
[INFO] [1788860516.778717012] [GADEN]: Legacy V1 coordinate format=NATIVE_DOUBLE double_score=5.257415771620089e-07 float_slot_score=6.383697007539665e+36
[INFO] [1788860516.972074565] [GADEN]: Legacy V1 coordinate format=NATIVE_DOUBLE double_score=5.257415771620089e-07 float_slot_score=6.383697007539665e+36
[INFO] [1788860517.170537438] [GADEN]: Legacy V1 coordinate format=NATIVE_DOUBLE double_score=5.257415771620089e-07 float_slot_score=6.383697007539665e+36
[INFO] [1788860517.375716236] [GADEN]: Legacy V1 coordinate format=NATIVE_DOUBLE double_score=5.257415771620089e-07 float_slot_score=6.383697007539665e+36
[INFO] [1788860517.571393100] [GADEN]: Legacy V1 coordinate format=NATIVE_DOUBLE double_score=5.257415771620089e-07 float_slot_score=6.383697007539665e+36
[INFO] [1788860517.788449802] [GADEN]: Legacy V1 coordinate format=NATIVE_DOUBLE double_score=5.257415771620089e-07 float_slot_score=6.383697007539665e+36
[INFO] [1788860517.971144309] [GADEN]: Legacy V1 coordinate format=NATIVE_DOUBLE double_score=5.257415771620089e-07 float_slot_score=6.383697007539665e+36
[INFO] [1788860518.168139611] [GADEN]: Legacy V1 coordinate format=NATIVE_DOUBLE double_score=5.257415771620089e-07 float_slot_score=6.383697007539665e+36
[INFO] [1788860518.370380332] [GADEN]: Legacy V1 coordinate format=NATIVE_DOUBLE double_score=5.257415771620089e-07 float_slot_score=6.383697007539665e+36
[INFO] [1788860518.568515524] [GADEN]: Legacy V1 coordinate format=NATIVE_DOUBLE double_score=5.257415771620089e-07 float_slot_score=6.383697007539665e+36
[INFO] [1788860518.777692032] [GADEN]: Legacy V1 coordinate format=NATIVE_DOUBLE double_score=5.257415771620089e-07 float_slot_score=6.383697007539665e+36
[INFO] [1788860518.968112201] [GADEN]: Legacy V1 coordinate format=NATIVE_DOUBLE double_score=5.257415771620089e-07 float_slot_score=6.383697007539665e+36
[INFO] [1788860519.167959704] [GADEN]: Legacy V1 coordinate format=NATIVE_DOUBLE double_score=5.257415771620089e-07 float_slot_score=6.383697007539665e+36
[INFO] [1788860519.876068245] [GADEN]: Legacy V1 coordinate format=NATIVE_DOUBLE double_score=5.257415771620089e-07 float_slot_score=6.383697007539665e+36
[INFO] [1788860519.961042441] [GADEN]: Legacy V1 coordinate format=NATIVE_DOUBLE double_score=5.257415771620089e-07 float_slot_score=6.383697007539665e+36
[INFO] [1788860520.164434282] [GADEN]: Legacy V1 coordinate format=NATIVE_DOUBLE double_score=5.257415771620089e-07 float_slot_score=6.383697007539665e+36
[INFO] [1788860520.361646203] [GADEN]: Legacy V1 coordinate format=NATIVE_DOUBLE double_score=5.257415771620089e-07 float_slot_score=6.383697007539665e+36
[INFO] [1788860520.575628260] [GADEN]: Legacy V1 coordinate format=NATIVE_DOUBLE double_score=5.257415771620089e-07 float_slot_score=6.383697007539665e+36
[INFO] [1788860520.792836120] [GADEN]: Legacy V1 coordinate format=NATIVE_DOUBLE double_score=5.257415771620089e-07 float_slot_score=6.383697007539665e+36
[INFO] [1788860520.961291791] [GADEN]: Legacy V1 coordinate format=NATIVE_DOUBLE double_score=5.257415771620089e-07 float_slot_score=6.383697007539665e+36
[INFO] [1788860521.161483273] [GADEN]: Legacy V1 coordinate format=NATIVE_DOUBLE double_score=5.257415771620089e-07 float_slot_score=6.383697007539665e+36
[INFO] [1788860521.362378369] [GADEN]: Legacy V1 coordinate format=NATIVE_DOUBLE double_score=5.257415771620089e-07 float_slot_score=6.383697007539665e+36
[INFO] [1788860521.564117311] [GADEN]: Legacy V1 coordinate format=NATIVE_DOUBLE double_score=5.257415771620089e-07 float_slot_score=6.383697007539665e+36
[INFO] [1788860521.782614522] [GADEN]: Legacy V1 coordinate format=NATIVE_DOUBLE double_score=5.257415771620089e-07 float_slot_score=6.383697007539665e+36
[INFO] [1788860521.964326915] [GADEN]: Legacy V1 coordinate format=NATIVE_DOUBLE double_score=5.257415771620089e-07 float_slot_score=6.383697007539665e+36
[INFO] [1788860522.164308136] [GADEN]: Legacy V1 coordinate format=NATIVE_DOUBLE double_score=5.257415771620089e-07 float_slot_score=6.383697007539665e+36
[INFO] [1788860522.365522478] [GADEN]: Legacy V1 coordinate format=NATIVE_DOUBLE double_score=5.257415771620089e-07 float_slot_score=6.383697007539665e+36
[INFO] [1788860522.562981536] [GADEN]: Legacy V1 coordinate format=NATIVE_DOUBLE double_score=5.257415771620089e-07 float_slot_score=6.383697007539665e+36
[INFO] [1788860522.782547437] [GADEN]: Legacy V1 coordinate format=NATIVE_DOUBLE double_score=5.257415771620089e-07 float_slot_score=6.383697007539665e+36
[INFO] [1788860522.965392748] [GADEN]: Legacy V1 coordinate format=NATIVE_DOUBLE double_score=5.257415771620089e-07 float_slot_score=6.383697007539665e+36
[INFO] [1788860523.164490883] [GADEN]: Legacy V1 coordinate format=NATIVE_DOUBLE double_score=5.257415771620089e-07 float_slot_score=6.383697007539665e+36
[INFO] [1788860523.364240183] [GADEN]: Legacy V1 coordinate format=NATIVE_DOUBLE double_score=5.257415771620089e-07 float_slot_score=6.383697007539665e+36
[INFO] [1788860523.562997133] [GADEN]: Legacy V1 coordinate format=NATIVE_DOUBLE double_score=5.257415771620089e-07 float_slot_score=6.383697007539665e+36
[INFO] [1788860523.794377905] [GADEN]: Legacy V1 coordinate format=NATIVE_DOUBLE double_score=5.257415771620089e-07 float_slot_score=6.383697007539665e+36
[INFO] [1788860523.964314793] [GADEN]: Legacy V1 coordinate format=NATIVE_DOUBLE double_score=5.257415771620089e-07 float_slot_score=6.383697007539665e+36
[INFO] [1788860524.165676054] [GADEN]: Legacy V1 coordinate format=NATIVE_DOUBLE double_score=5.257415771620089e-07 float_slot_score=6.383697007539665e+36
[INFO] [1788860524.361917641] [GADEN]: Legacy V1 coordinate format=NATIVE_DOUBLE double_score=5.257415771620089e-07 float_slot_score=6.383697007539665e+36
[INFO] [1788860524.574693131] [GADEN]: Legacy V1 coordinate format=NATIVE_DOUBLE double_score=5.257415771620089e-07 float_slot_score=6.383697007539665e+36
[INFO] [1788860524.802101841] [GADEN]: Legacy V1 coordinate format=NATIVE_DOUBLE double_score=5.257415771620089e-07 float_slot_score=6.383697007539665e+36
[INFO] [1788860524.971153900] [GADEN]: Legacy V1 coordinate format=NATIVE_DOUBLE double_score=5.257415771620089e-07 float_slot_score=6.383697007539665e+36
[INFO] [1788860525.162739389] [GADEN]: Legacy V1 coordinate format=NATIVE_DOUBLE double_score=5.257415771620089e-07 float_slot_score=6.383697007539665e+36
[INFO] [1788860525.361902731] [GADEN]: Legacy V1 coordinate format=NATIVE_DOUBLE double_score=5.257415771620089e-07 float_slot_score=6.383697007539665e+36
[INFO] [1788860525.561587421] [GADEN]: Legacy V1 coordinate format=NATIVE_DOUBLE double_score=5.257415771620089e-07 float_slot_score=6.383697007539665e+36
[INFO] [1788860525.782009447] [GADEN]: Legacy V1 coordinate format=NATIVE_DOUBLE double_score=5.257415771620089e-07 float_slot_score=6.383697007539665e+36
[INFO] [1788860525.964662284] [GADEN]: Legacy V1 coordinate format=NATIVE_DOUBLE double_score=5.257415771620089e-07 float_slot_score=6.383697007539665e+36
[INFO] [1788860526.162730212] [GADEN]: Legacy V1 coordinate format=NATIVE_DOUBLE double_score=5.257415771620089e-07 float_slot_score=6.383697007539665e+36
[INFO] [1788860526.364120369] [GADEN]: Legacy V1 coordinate format=NATIVE_DOUBLE double_score=5.257415771620089e-07 float_slot_score=6.383697007539665e+36
[INFO] [1788860526.561392371] [GADEN]: Legacy V1 coordinate format=NATIVE_DOUBLE double_score=5.257415771620089e-07 float_slot_score=6.383697007539665e+36
[INFO] [1788860526.795932515] [GADEN]: Legacy V1 coordinate format=NATIVE_DOUBLE double_score=5.257415771620089e-07 float_slot_score=6.383697007539665e+36
[INFO] [1788860526.965719882] [GADEN]: Legacy V1 coordinate format=NATIVE_DOUBLE double_score=5.257415771620089e-07 float_slot_score=6.383697007539665e+36
[INFO] [1788860527.163353431] [GADEN]: Legacy V1 coordinate format=NATIVE_DOUBLE double_score=5.257415771620089e-07 float_slot_score=6.383697007539665e+36
[INFO] [1788860527.361207099] [GADEN]: Legacy V1 coordinate format=NATIVE_DOUBLE double_score=5.257415771620089e-07 float_slot_score=6.383697007539665e+36
[INFO] [1788860527.561302000] [GADEN]: Legacy V1 coordinate format=NATIVE_DOUBLE double_score=5.257415771620089e-07 float_slot_score=6.383697007539665e+36
[INFO] [1788860527.793419769] [GADEN]: Legacy V1 coordinate format=NATIVE_DOUBLE double_score=5.257415771620089e-07 float_slot_score=6.383697007539665e+36
[INFO] [1788860527.964811242] [GADEN]: Legacy V1 coordinate format=NATIVE_DOUBLE double_score=5.257415771620089e-07 float_slot_score=6.383697007539665e+36
[INFO] [1788860528.164245578] [GADEN]: Legacy V1 coordinate format=NATIVE_DOUBLE double_score=5.257415771620089e-07 float_slot_score=6.383697007539665e+36
[INFO] [1788860528.365419192] [GADEN]: Legacy V1 coordinate format=NATIVE_DOUBLE double_score=5.257415771620089e-07 float_slot_score=6.383697007539665e+36
[INFO] [1788860528.561920340] [GADEN]: Legacy V1 coordinate format=NATIVE_DOUBLE double_score=5.257415771620089e-07 float_slot_score=6.383697007539665e+36
[INFO] [1788860528.793755301] [GADEN]: Legacy V1 coordinate format=NATIVE_DOUBLE double_score=5.257415771620089e-07 float_slot_score=6.383697007539665e+36
[INFO] [1788860528.967501700] [GADEN]: Legacy V1 coordinate format=NATIVE_DOUBLE double_score=5.257415771620089e-07 float_slot_score=6.383697007539665e+36
[INFO] [1788860529.163774860] [GADEN]: Legacy V1 coordinate format=NATIVE_DOUBLE double_score=5.257415771620089e-07 float_slot_score=6.383697007539665e+36
[INFO] [1788860529.364438045] [GADEN]: Legacy V1 coordinate format=NATIVE_DOUBLE double_score=5.257415771620089e-07 float_slot_score=6.383697007539665e+36
[INFO] [1788860529.563368933] [GADEN]: Legacy V1 coordinate format=NATIVE_DOUBLE double_score=5.257415771620089e-07 float_slot_score=6.383697007539665e+36
[INFO] [1788860529.795152006] [GADEN]: Legacy V1 coordinate format=NATIVE_DOUBLE double_score=5.257415771620089e-07 float_slot_score=6.383697007539665e+36
[INFO] [1788860529.965711877] [GADEN]: Legacy V1 coordinate format=NATIVE_DOUBLE double_score=5.257415771620089e-07 float_slot_score=6.383697007539665e+36
[INFO] [1788860530.166385968] [GADEN]: Legacy V1 coordinate format=NATIVE_DOUBLE double_score=5.257415771620089e-07 float_slot_score=6.383697007539665e+36
[INFO] [1788860530.361475070] [GADEN]: Legacy V1 coordinate format=NATIVE_DOUBLE double_score=5.257415771620089e-07 float_slot_score=6.383697007539665e+36
[INFO] [1788860530.564317131] [GADEN]: Legacy V1 coordinate format=NATIVE_DOUBLE double_score=5.257415771620089e-07 float_slot_score=6.383697007539665e+36
[INFO] [1788860530.793426017] [GADEN]: Legacy V1 coordinate format=NATIVE_DOUBLE double_score=5.257415771620089e-07 float_slot_score=6.383697007539665e+36
[INFO] [1788860530.962407729] [GADEN]: Legacy V1 coordinate format=NATIVE_DOUBLE double_score=5.257415771620089e-07 float_slot_score=6.383697007539665e+36
[INFO] [1788860531.164267647] [GADEN]: Legacy V1 coordinate format=NATIVE_DOUBLE double_score=5.257415771620089e-07 float_slot_score=6.383697007539665e+36
[INFO] [1788860531.361894904] [GADEN]: Legacy V1 coordinate format=NATIVE_DOUBLE double_score=5.257415771620089e-07 float_slot_score=6.383697007539665e+36
[INFO] [1788860531.561630278] [GADEN]: Legacy V1 coordinate format=NATIVE_DOUBLE double_score=5.257415771620089e-07 float_slot_score=6.383697007539665e+36
[INFO] [1788860531.792459607] [GADEN]: Legacy V1 coordinate format=NATIVE_DOUBLE double_score=5.257415771620089e-07 float_slot_score=6.383697007539665e+36
[INFO] [1788860531.965100418] [GADEN]: Legacy V1 coordinate format=NATIVE_DOUBLE double_score=5.257415771620089e-07 float_slot_score=6.383697007539665e+36
[INFO] [1788860532.161474694] [GADEN]: Legacy V1 coordinate format=NATIVE_DOUBLE double_score=5.257415771620089e-07 float_slot_score=6.383697007539665e+36
[INFO] [1788860532.369199626] [GADEN]: Legacy V1 coordinate format=NATIVE_DOUBLE double_score=5.257415771620089e-07 float_slot_score=6.383697007539665e+36
[INFO] [1788860532.564524927] [GADEN]: Legacy V1 coordinate format=NATIVE_DOUBLE double_score=5.257415771620089e-07 float_slot_score=6.383697007539665e+36
[INFO] [1788860532.791743142] [GADEN]: Legacy V1 coordinate format=NATIVE_DOUBLE double_score=5.257415771620089e-07 float_slot_score=6.383697007539665e+36
[INFO] [1788860532.964383710] [GADEN]: Legacy V1 coordinate format=NATIVE_DOUBLE double_score=5.257415771620089e-07 float_slot_score=6.383697007539665e+36
[INFO] [1788860533.163164989] [GADEN]: Legacy V1 coordinate format=NATIVE_DOUBLE double_score=5.257415771620089e-07 float_slot_score=6.383697007539665e+36
[INFO] [1788860533.363644834] [GADEN]: Legacy V1 coordinate format=NATIVE_DOUBLE double_score=5.257415771620089e-07 float_slot_score=6.383697007539665e+36
[INFO] [1788860533.565477477] [GADEN]: Legacy V1 coordinate format=NATIVE_DOUBLE double_score=5.257415771620089e-07 float_slot_score=6.383697007539665e+36
[INFO] [1788860533.782906790] [GADEN]: Legacy V1 coordinate format=NATIVE_DOUBLE double_score=5.257415771620089e-07 float_slot_score=6.383697007539665e+36
[INFO] [1788860533.961494214] [GADEN]: Legacy V1 coordinate format=NATIVE_DOUBLE double_score=5.257415771620089e-07 float_slot_score=6.383697007539665e+36
[INFO] [1788860534.161279238] [GADEN]: Legacy V1 coordinate format=NATIVE_DOUBLE double_score=5.257415771620089e-07 float_slot_score=6.383697007539665e+36
[INFO] [1788860534.365298494] [GADEN]: Legacy V1 coordinate format=NATIVE_DOUBLE double_score=5.257415771620089e-07 float_slot_score=6.383697007539665e+36
[INFO] [1788860534.568629411] [GADEN]: Legacy V1 coordinate format=NATIVE_DOUBLE double_score=5.257415771620089e-07 float_slot_score=6.383697007539665e+36
[INFO] [1788860534.793152617] [GADEN]: Legacy V1 coordinate format=NATIVE_DOUBLE double_score=5.257415771620089e-07 float_slot_score=6.383697007539665e+36
[INFO] [1788860534.963936001] [GADEN]: Legacy V1 coordinate format=NATIVE_DOUBLE double_score=5.257415771620089e-07 float_slot_score=6.383697007539665e+36
[INFO] [1788860535.164352395] [GADEN]: Legacy V1 coordinate format=NATIVE_DOUBLE double_score=5.257415771620089e-07 float_slot_score=6.383697007539665e+36
[INFO] [1788860535.375039479] [GADEN]: Legacy V1 coordinate format=NATIVE_DOUBLE double_score=5.257415771620089e-07 float_slot_score=6.383697007539665e+36
[INFO] [1788860535.561508986] [GADEN]: Legacy V1 coordinate format=NATIVE_DOUBLE double_score=5.257415771620089e-07 float_slot_score=6.383697007539665e+36
[INFO] [1788860535.794113469] [GADEN]: Legacy V1 coordinate format=NATIVE_DOUBLE double_score=5.257415771620089e-07 float_slot_score=6.383697007539665e+36
[INFO] [1788860535.975061983] [GADEN]: Legacy V1 coordinate format=NATIVE_DOUBLE double_score=5.257415771620089e-07 float_slot_score=6.383697007539665e+36
[INFO] [1788860536.165934696] [GADEN]: Legacy V1 coordinate format=NATIVE_DOUBLE double_score=5.257415771620089e-07 float_slot_score=6.383697007539665e+36
[INFO] [1788860536.361908231] [GADEN]: Legacy V1 coordinate format=NATIVE_DOUBLE double_score=5.257415771620089e-07 float_slot_score=6.383697007539665e+36
[INFO] [1788860536.565684301] [GADEN]: Legacy V1 coordinate format=NATIVE_DOUBLE double_score=5.257415771620089e-07 float_slot_score=6.383697007539665e+36
[INFO] [1788860536.794754193] [GADEN]: Legacy V1 coordinate format=NATIVE_DOUBLE double_score=5.257415771620089e-07 float_slot_score=6.383697007539665e+36
[INFO] [1788860536.965396661] [GADEN]: Legacy V1 coordinate format=NATIVE_DOUBLE double_score=5.257415771620089e-07 float_slot_score=6.383697007539665e+36
[INFO] [1788860537.163334845] [GADEN]: Legacy V1 coordinate format=NATIVE_DOUBLE double_score=5.257415771620089e-07 float_slot_score=6.383697007539665e+36
[INFO] [1788860537.364145683] [GADEN]: Legacy V1 coordinate format=NATIVE_DOUBLE double_score=5.257415771620089e-07 float_slot_score=6.383697007539665e+36
[INFO] [1788860537.564263439] [GADEN]: Legacy V1 coordinate format=NATIVE_DOUBLE double_score=5.257415771620089e-07 float_slot_score=6.383697007539665e+36
[INFO] [1788860537.781767262] [GADEN]: Legacy V1 coordinate format=NATIVE_DOUBLE double_score=5.257415771620089e-07 float_slot_score=6.383697007539665e+36
[INFO] [1788860537.965261643] [GADEN]: Legacy V1 coordinate format=NATIVE_DOUBLE double_score=5.257415771620089e-07 float_slot_score=6.383697007539665e+36
[INFO] [1788860538.161366615] [GADEN]: Legacy V1 coordinate format=NATIVE_DOUBLE double_score=5.257415771620089e-07 float_slot_score=6.383697007539665e+36
[INFO] [1788860538.361482434] [GADEN]: Legacy V1 coordinate format=NATIVE_DOUBLE double_score=5.257415771620089e-07 float_slot_score=6.383697007539665e+36
[INFO] [1788860538.561319623] [GADEN]: Legacy V1 coordinate format=NATIVE_DOUBLE double_score=5.257415771620089e-07 float_slot_score=6.383697007539665e+36
[INFO] [1788860538.781359379] [GADEN]: Legacy V1 coordinate format=NATIVE_DOUBLE double_score=5.257415771620089e-07 float_slot_score=6.383697007539665e+36
[INFO] [1788860538.960891530] [GADEN]: Legacy V1 coordinate format=NATIVE_DOUBLE double_score=5.257415771620089e-07 float_slot_score=6.383697007539665e+36
[INFO] [1788860539.163333834] [GADEN]: Legacy V1 coordinate format=NATIVE_DOUBLE double_score=5.257415771620089e-07 float_slot_score=6.383697007539665e+36
[INFO] [1788860539.364252008] [GADEN]: Legacy V1 coordinate format=NATIVE_DOUBLE double_score=5.257415771620089e-07 float_slot_score=6.383697007539665e+36
[INFO] [1788860539.564561300] [GADEN]: Legacy V1 coordinate format=NATIVE_DOUBLE double_score=5.257415771620089e-07 float_slot_score=6.383697007539665e+36
[INFO] [1788860539.781758260] [GADEN]: Legacy V1 coordinate format=NATIVE_DOUBLE double_score=5.257415771620089e-07 float_slot_score=6.383697007539665e+36
[INFO] [1788860539.965588379] [GADEN]: Legacy V1 coordinate format=NATIVE_DOUBLE double_score=5.257415771620089e-07 float_slot_score=6.383697007539665e+36
[INFO] [1788860540.164331153] [GADEN]: Legacy V1 coordinate format=NATIVE_DOUBLE double_score=5.257415771620089e-07 float_slot_score=6.383697007539665e+36
[INFO] [1788860540.365454466] [GADEN]: Legacy V1 coordinate format=NATIVE_DOUBLE double_score=5.257415771620089e-07 float_slot_score=6.383697007539665e+36
[INFO] [1788860540.561198437] [GADEN]: Legacy V1 coordinate format=NATIVE_DOUBLE double_score=5.257415771620089e-07 float_slot_score=6.383697007539665e+36
[INFO] [1788860540.791890845] [GADEN]: Legacy V1 coordinate format=NATIVE_DOUBLE double_score=5.257415771620089e-07 float_slot_score=6.383697007539665e+36
[INFO] [1788860540.964036329] [GADEN]: Legacy V1 coordinate format=NATIVE_DOUBLE double_score=5.257415771620089e-07 float_slot_score=6.383697007539665e+36
[INFO] [1788860541.161434457] [GADEN]: Legacy V1 coordinate format=NATIVE_DOUBLE double_score=5.257415771620089e-07 float_slot_score=6.383697007539665e+36
[INFO] [1788860541.363376858] [GADEN]: Legacy V1 coordinate format=NATIVE_DOUBLE double_score=5.257415771620089e-07 float_slot_score=6.383697007539665e+36
[INFO] [1788860541.561000589] [GADEN]: Legacy V1 coordinate format=NATIVE_DOUBLE double_score=5.257415771620089e-07 float_slot_score=6.383697007539665e+36
[INFO] [1788860541.781320340] [GADEN]: Legacy V1 coordinate format=NATIVE_DOUBLE double_score=5.257415771620089e-07 float_slot_score=6.383697007539665e+36
[INFO] [1788860541.962537591] [GADEN]: Legacy V1 coordinate format=NATIVE_DOUBLE double_score=5.257415771620089e-07 float_slot_score=6.383697007539665e+36
[INFO] [1788860542.161462803] [GADEN]: Legacy V1 coordinate format=NATIVE_DOUBLE double_score=5.257415771620089e-07 float_slot_score=6.383697007539665e+36
[INFO] [1788860542.361269036] [GADEN]: Legacy V1 coordinate format=NATIVE_DOUBLE double_score=5.257415771620089e-07 float_slot_score=6.383697007539665e+36
[INFO] [1788860542.561384684] [GADEN]: Legacy V1 coordinate format=NATIVE_DOUBLE double_score=5.257415771620089e-07 float_slot_score=6.383697007539665e+36
[INFO] [1788860542.780880101] [GADEN]: Legacy V1 coordinate format=NATIVE_DOUBLE double_score=5.257415771620089e-07 float_slot_score=6.383697007539665e+36
[INFO] [1788860542.963577842] [GADEN]: Legacy V1 coordinate format=NATIVE_DOUBLE double_score=5.257415771620089e-07 float_slot_score=6.383697007539665e+36
[INFO] [1788860543.176147654] [GADEN]: Legacy V1 coordinate format=NATIVE_DOUBLE double_score=5.257415771620089e-07 float_slot_score=6.383697007539665e+36
[INFO] [1788860543.364588471] [GADEN]: Legacy V1 coordinate format=NATIVE_DOUBLE double_score=5.257415771620089e-07 float_slot_score=6.383697007539665e+36
[INFO] [1788860543.568617095] [GADEN]: Legacy V1 coordinate format=NATIVE_DOUBLE double_score=5.257415771620089e-07 float_slot_score=6.383697007539665e+36
[INFO] [1788860543.792662432] [GADEN]: Legacy V1 coordinate format=NATIVE_DOUBLE double_score=5.257415771620089e-07 float_slot_score=6.383697007539665e+36
[INFO] [1788860543.964388042] [GADEN]: Legacy V1 coordinate format=NATIVE_DOUBLE double_score=5.257415771620089e-07 float_slot_score=6.383697007539665e+36
[INFO] [1788860544.176734545] [GADEN]: Legacy V1 coordinate format=NATIVE_DOUBLE double_score=5.257415771620089e-07 float_slot_score=6.383697007539665e+36
[INFO] [1788860544.363872413] [GADEN]: Legacy V1 coordinate format=NATIVE_DOUBLE double_score=5.257415771620089e-07 float_slot_score=6.383697007539665e+36
[INFO] [1788860544.564467817] [GADEN]: Legacy V1 coordinate format=NATIVE_DOUBLE double_score=5.257415771620089e-07 float_slot_score=6.383697007539665e+36
[INFO] [1788860544.784335434] [GADEN]: Legacy V1 coordinate format=NATIVE_DOUBLE double_score=5.257415771620089e-07 float_slot_score=6.383697007539665e+36
[INFO] [1788860544.965199454] [GADEN]: Legacy V1 coordinate format=NATIVE_DOUBLE double_score=5.257415771620089e-07 float_slot_score=6.383697007539665e+36
[INFO] [1788860545.165845182] [GADEN]: Legacy V1 coordinate format=NATIVE_DOUBLE double_score=5.257415771620089e-07 float_slot_score=6.383697007539665e+36
[INFO] [1788860545.365933261] [GADEN]: Legacy V1 coordinate format=NATIVE_DOUBLE double_score=5.257415771620089e-07 float_slot_score=6.383697007539665e+36
[INFO] [1788860545.564731684] [GADEN]: Legacy V1 coordinate format=NATIVE_DOUBLE double_score=5.257415771620089e-07 float_slot_score=6.383697007539665e+36
[INFO] [1788860545.781609738] [GADEN]: Legacy V1 coordinate format=NATIVE_DOUBLE double_score=5.257415771620089e-07 float_slot_score=6.383697007539665e+36
[INFO] [1788860545.969457217] [GADEN]: Legacy V1 coordinate format=NATIVE_DOUBLE double_score=5.257415771620089e-07 float_slot_score=6.383697007539665e+36
[INFO] [1788860546.168852562] [GADEN]: Legacy V1 coordinate format=NATIVE_DOUBLE double_score=5.257415771620089e-07 float_slot_score=6.383697007539665e+36
[INFO] [1788860546.362447471] [GADEN]: Legacy V1 coordinate format=NATIVE_DOUBLE double_score=5.257415771620089e-07 float_slot_score=6.383697007539665e+36
[INFO] [1788860546.561452532] [GADEN]: Legacy V1 coordinate format=NATIVE_DOUBLE double_score=5.257415771620089e-07 float_slot_score=6.383697007539665e+36
[INFO] [1788860546.791794783] [GADEN]: Legacy V1 coordinate format=NATIVE_DOUBLE double_score=5.257415771620089e-07 float_slot_score=6.383697007539665e+36
[INFO] [1788860546.963672981] [GADEN]: Legacy V1 coordinate format=NATIVE_DOUBLE double_score=5.257415771620089e-07 float_slot_score=6.383697007539665e+36
[INFO] [1788860547.170571281] [GADEN]: Legacy V1 coordinate format=NATIVE_DOUBLE double_score=5.257415771620089e-07 float_slot_score=6.383697007539665e+36
[INFO] [1788860547.363503410] [GADEN]: Legacy V1 coordinate format=NATIVE_DOUBLE double_score=5.257415771620089e-07 float_slot_score=6.383697007539665e+36
[INFO] [1788860547.561636548] [GADEN]: Legacy V1 coordinate format=NATIVE_DOUBLE double_score=5.257415771620089e-07 float_slot_score=6.383697007539665e+36
[INFO] [1788860547.781169108] [GADEN]: Legacy V1 coordinate format=NATIVE_DOUBLE double_score=5.257415771620089e-07 float_slot_score=6.383697007539665e+36
[INFO] [1788860547.961667626] [GADEN]: Legacy V1 coordinate format=NATIVE_DOUBLE double_score=5.257415771620089e-07 float_slot_score=6.383697007539665e+36
[INFO] [1788860548.165073119] [GADEN]: Legacy V1 coordinate format=NATIVE_DOUBLE double_score=5.257415771620089e-07 float_slot_score=6.383697007539665e+36
[INFO] [1788860548.361939123] [GADEN]: Legacy V1 coordinate format=NATIVE_DOUBLE double_score=5.257415771620089e-07 float_slot_score=6.383697007539665e+36
[INFO] [1788860548.564949100] [GADEN]: Legacy V1 coordinate format=NATIVE_DOUBLE double_score=5.257415771620089e-07 float_slot_score=6.383697007539665e+36
[INFO] [1788860548.791544346] [GADEN]: Legacy V1 coordinate format=NATIVE_DOUBLE double_score=5.257415771620089e-07 float_slot_score=6.383697007539665e+36
[INFO] [1788860548.961565743] [GADEN]: Legacy V1 coordinate format=NATIVE_DOUBLE double_score=5.257415771620089e-07 float_slot_score=6.383697007539665e+36
[INFO] [1788860549.161731681] [GADEN]: Legacy V1 coordinate format=NATIVE_DOUBLE double_score=5.257415771620089e-07 float_slot_score=6.383697007539665e+36
[INFO] [1788860549.363389217] [GADEN]: Legacy V1 coordinate format=NATIVE_DOUBLE double_score=5.257415771620089e-07 float_slot_score=6.383697007539665e+36
[INFO] [1788860549.561379625] [GADEN]: Legacy V1 coordinate format=NATIVE_DOUBLE double_score=5.257415771620089e-07 float_slot_score=6.383697007539665e+36
[INFO] [1788860549.781272209] [GADEN]: Legacy V1 coordinate format=NATIVE_DOUBLE double_score=5.257415771620089e-07 float_slot_score=6.383697007539665e+36
[INFO] [1788860549.961427418] [GADEN]: Legacy V1 coordinate format=NATIVE_DOUBLE double_score=5.257415771620089e-07 float_slot_score=6.383697007539665e+36
[INFO] [1788860550.165687705] [GADEN]: Legacy V1 coordinate format=NATIVE_DOUBLE double_score=5.257415771620089e-07 float_slot_score=6.383697007539665e+36
[INFO] [1788860550.361207341] [GADEN]: Legacy V1 coordinate format=NATIVE_DOUBLE double_score=5.257415771620089e-07 float_slot_score=6.383697007539665e+36
[INFO] [1788860550.564066438] [GADEN]: Legacy V1 coordinate format=NATIVE_DOUBLE double_score=5.257415771620089e-07 float_slot_score=6.383697007539665e+36
[INFO] [1788860550.781528333] [GADEN]: Legacy V1 coordinate format=NATIVE_DOUBLE double_score=5.257415771620089e-07 float_slot_score=6.383697007539665e+36
[INFO] [1788860550.963868213] [GADEN]: Legacy V1 coordinate format=NATIVE_DOUBLE double_score=5.257415771620089e-07 float_slot_score=6.383697007539665e+36
[INFO] [1788860551.164488564] [GADEN]: Legacy V1 coordinate format=NATIVE_DOUBLE double_score=5.257415771620089e-07 float_slot_score=6.383697007539665e+36
[INFO] [1788860551.362128204] [GADEN]: Legacy V1 coordinate format=NATIVE_DOUBLE double_score=5.257415771620089e-07 float_slot_score=6.383697007539665e+36
[INFO] [1788860551.568220099] [GADEN]: Legacy V1 coordinate format=NATIVE_DOUBLE double_score=5.257415771620089e-07 float_slot_score=6.383697007539665e+36
[INFO] [1788860551.781489462] [GADEN]: Legacy V1 coordinate format=NATIVE_DOUBLE double_score=5.257415771620089e-07 float_slot_score=6.383697007539665e+36
[INFO] [1788860551.964695248] [GADEN]: Legacy V1 coordinate format=NATIVE_DOUBLE double_score=5.257415771620089e-07 float_slot_score=6.383697007539665e+36
[INFO] [1788860552.163851329] [GADEN]: Legacy V1 coordinate format=NATIVE_DOUBLE double_score=5.257415771620089e-07 float_slot_score=6.383697007539665e+36
[INFO] [1788860552.363007170] [GADEN]: Legacy V1 coordinate format=NATIVE_DOUBLE double_score=5.257415771620089e-07 float_slot_score=6.383697007539665e+36
[INFO] [1788860552.565518242] [GADEN]: Legacy V1 coordinate format=NATIVE_DOUBLE double_score=5.257415771620089e-07 float_slot_score=6.383697007539665e+36
[INFO] [1788860552.782241504] [GADEN]: Legacy V1 coordinate format=NATIVE_DOUBLE double_score=5.257415771620089e-07 float_slot_score=6.383697007539665e+36
[INFO] [1788860552.961157612] [GADEN]: Legacy V1 coordinate format=NATIVE_DOUBLE double_score=5.257415771620089e-07 float_slot_score=6.383697007539665e+36
[INFO] [1788860553.164331485] [GADEN]: Legacy V1 coordinate format=NATIVE_DOUBLE double_score=5.257415771620089e-07 float_slot_score=6.383697007539665e+36
[INFO] [1788860553.361592866] [GADEN]: Legacy V1 coordinate format=NATIVE_DOUBLE double_score=5.257415771620089e-07 float_slot_score=6.383697007539665e+36
[INFO] [1788860553.566193970] [GADEN]: Legacy V1 coordinate format=NATIVE_DOUBLE double_score=5.257415771620089e-07 float_slot_score=6.383697007539665e+36
[INFO] [1788860553.782744318] [GADEN]: Legacy V1 coordinate format=NATIVE_DOUBLE double_score=5.257415771620089e-07 float_slot_score=6.383697007539665e+36
[INFO] [1788860553.964105326] [GADEN]: Legacy V1 coordinate format=NATIVE_DOUBLE double_score=5.257415771620089e-07 float_slot_score=6.383697007539665e+36
[INFO] [1788860554.165706296] [GADEN]: Legacy V1 coordinate format=NATIVE_DOUBLE double_score=5.257415771620089e-07 float_slot_score=6.383697007539665e+36
[INFO] [1788860554.364268530] [GADEN]: Legacy V1 coordinate format=NATIVE_DOUBLE double_score=5.257415771620089e-07 float_slot_score=6.383697007539665e+36
[INFO] [1788860554.565190881] [GADEN]: Legacy V1 coordinate format=NATIVE_DOUBLE double_score=5.257415771620089e-07 float_slot_score=6.383697007539665e+36
[INFO] [1788860554.781921188] [GADEN]: Legacy V1 coordinate format=NATIVE_DOUBLE double_score=5.257415771620089e-07 float_slot_score=6.383697007539665e+36
[INFO] [1788860554.965121431] [GADEN]: Legacy V1 coordinate format=NATIVE_DOUBLE double_score=5.257415771620089e-07 float_slot_score=6.383697007539665e+36
[INFO] [1788860555.165031841] [GADEN]: Legacy V1 coordinate format=NATIVE_DOUBLE double_score=5.257415771620089e-07 float_slot_score=6.383697007539665e+36
[INFO] [1788860555.364436463] [GADEN]: Legacy V1 coordinate format=NATIVE_DOUBLE double_score=5.257415771620089e-07 float_slot_score=6.383697007539665e+36
[INFO] [1788860555.564827782] [GADEN]: Legacy V1 coordinate format=NATIVE_DOUBLE double_score=5.257415771620089e-07 float_slot_score=6.383697007539665e+36
[INFO] [1788860555.781912109] [GADEN]: Legacy V1 coordinate format=NATIVE_DOUBLE double_score=5.257415771620089e-07 float_slot_score=6.383697007539665e+36
[INFO] [1788860555.978435269] [GADEN]: Legacy V1 coordinate format=NATIVE_DOUBLE double_score=5.257415771620089e-07 float_slot_score=6.383697007539665e+36
[INFO] [1788860556.164547690] [GADEN]: Legacy V1 coordinate format=NATIVE_DOUBLE double_score=5.257415771620089e-07 float_slot_score=6.383697007539665e+36
[INFO] [1788860556.363675536] [GADEN]: Legacy V1 coordinate format=NATIVE_DOUBLE double_score=5.257415771620089e-07 float_slot_score=6.383697007539665e+36
[INFO] [1788860556.564348765] [GADEN]: Legacy V1 coordinate format=NATIVE_DOUBLE double_score=5.257415771620089e-07 float_slot_score=6.383697007539665e+36
[INFO] [1788860556.781335016] [GADEN]: Legacy V1 coordinate format=NATIVE_DOUBLE double_score=5.257415771620089e-07 float_slot_score=6.383697007539665e+36
[INFO] [1788860556.961737298] [GADEN]: Legacy V1 coordinate format=NATIVE_DOUBLE double_score=5.257415771620089e-07 float_slot_score=6.383697007539665e+36
[INFO] [1788860557.170257065] [GADEN]: Legacy V1 coordinate format=NATIVE_DOUBLE double_score=5.257415771620089e-07 float_slot_score=6.383697007539665e+36
[INFO] [1788860557.363501313] [GADEN]: Legacy V1 coordinate format=NATIVE_DOUBLE double_score=5.257415771620089e-07 float_slot_score=6.383697007539665e+36
[INFO] [1788860557.576238143] [GADEN]: Legacy V1 coordinate format=NATIVE_DOUBLE double_score=5.257415771620089e-07 float_slot_score=6.383697007539665e+36
[INFO] [1788860557.792136201] [GADEN]: Legacy V1 coordinate format=NATIVE_DOUBLE double_score=5.257415771620089e-07 float_slot_score=6.383697007539665e+36
[INFO] [1788860557.964466105] [GADEN]: Legacy V1 coordinate format=NATIVE_DOUBLE double_score=5.257415771620089e-07 float_slot_score=6.383697007539665e+36
[INFO] [1788860558.163514171] [GADEN]: Legacy V1 coordinate format=NATIVE_DOUBLE double_score=5.257415771620089e-07 float_slot_score=6.383697007539665e+36
[INFO] [1788860558.364899456] [GADEN]: Legacy V1 coordinate format=NATIVE_DOUBLE double_score=5.257415771620089e-07 float_slot_score=6.383697007539665e+36
[INFO] [1788860558.561565395] [GADEN]: Legacy V1 coordinate format=NATIVE_DOUBLE double_score=5.257415771620089e-07 float_slot_score=6.383697007539665e+36
[INFO] [1788860558.781724142] [GADEN]: Legacy V1 coordinate format=NATIVE_DOUBLE double_score=5.257415771620089e-07 float_slot_score=6.383697007539665e+36
[INFO] [1788860558.960910085] [GADEN]: Legacy V1 coordinate format=NATIVE_DOUBLE double_score=5.257415771620089e-07 float_slot_score=6.383697007539665e+36
[INFO] [1788860559.165606927] [GADEN]: Legacy V1 coordinate format=NATIVE_DOUBLE double_score=5.257415771620089e-07 float_slot_score=6.383697007539665e+36
[INFO] [1788860559.361176383] [GADEN]: Legacy V1 coordinate format=NATIVE_DOUBLE double_score=5.257415771620089e-07 float_slot_score=6.383697007539665e+36
[INFO] [1788860559.568049011] [GADEN]: Legacy V1 coordinate format=NATIVE_DOUBLE double_score=5.257415771620089e-07 float_slot_score=6.383697007539665e+36
[INFO] [1788860559.781629081] [GADEN]: Legacy V1 coordinate format=NATIVE_DOUBLE double_score=5.257415771620089e-07 float_slot_score=6.383697007539665e+36
[INFO] [1788860559.961300254] [GADEN]: Legacy V1 coordinate format=NATIVE_DOUBLE double_score=5.257415771620089e-07 float_slot_score=6.383697007539665e+36
[INFO] [1788860560.162157052] [GADEN]: Legacy V1 coordinate format=NATIVE_DOUBLE double_score=5.257415771620089e-07 float_slot_score=6.383697007539665e+36
[INFO] [1788860560.366843952] [GADEN]: Legacy V1 coordinate format=NATIVE_DOUBLE double_score=5.257415771620089e-07 float_slot_score=6.383697007539665e+36
[INFO] [1788860560.564535030] [GADEN]: Legacy V1 coordinate format=NATIVE_DOUBLE double_score=5.257415771620089e-07 float_slot_score=6.383697007539665e+36
[INFO] [1788860560.792678262] [GADEN]: Legacy V1 coordinate format=NATIVE_DOUBLE double_score=5.257415771620089e-07 float_slot_score=6.383697007539665e+36
[INFO] [1788860560.964413093] [GADEN]: Legacy V1 coordinate format=NATIVE_DOUBLE double_score=5.257415771620089e-07 float_slot_score=6.383697007539665e+36
[INFO] [1788860561.164771918] [GADEN]: Legacy V1 coordinate format=NATIVE_DOUBLE double_score=5.257415771620089e-07 float_slot_score=6.383697007539665e+36
[INFO] [1788860561.366193610] [GADEN]: Legacy V1 coordinate format=NATIVE_DOUBLE double_score=5.257415771620089e-07 float_slot_score=6.383697007539665e+36
[INFO] [1788860561.563658562] [GADEN]: Legacy V1 coordinate format=NATIVE_DOUBLE double_score=5.257415771620089e-07 float_slot_score=6.383697007539665e+36
[INFO] [1788860561.781245033] [GADEN]: Legacy V1 coordinate format=NATIVE_DOUBLE double_score=5.257415771620089e-07 float_slot_score=6.383697007539665e+36
[INFO] [1788860561.967658231] [GADEN]: Legacy V1 coordinate format=NATIVE_DOUBLE double_score=5.257415771620089e-07 float_slot_score=6.383697007539665e+36
[INFO] [1788860562.165718745] [GADEN]: Legacy V1 coordinate format=NATIVE_DOUBLE double_score=5.257415771620089e-07 float_slot_score=6.383697007539665e+36
[INFO] [1788860562.365646734] [GADEN]: Legacy V1 coordinate format=NATIVE_DOUBLE double_score=5.257415771620089e-07 float_slot_score=6.383697007539665e+36
[INFO] [1788860562.564516771] [GADEN]: Legacy V1 coordinate format=NATIVE_DOUBLE double_score=5.257415771620089e-07 float_slot_score=6.383697007539665e+36
[INFO] [1788860562.791606103] [GADEN]: Legacy V1 coordinate format=NATIVE_DOUBLE double_score=5.257415771620089e-07 float_slot_score=6.383697007539665e+36
[INFO] [1788860562.963462795] [GADEN]: Legacy V1 coordinate format=NATIVE_DOUBLE double_score=5.257415771620089e-07 float_slot_score=6.383697007539665e+36
[INFO] [1788860563.164916872] [GADEN]: Legacy V1 coordinate format=NATIVE_DOUBLE double_score=5.257415771620089e-07 float_slot_score=6.383697007539665e+36
[INFO] [1788860563.364242429] [GADEN]: Legacy V1 coordinate format=NATIVE_DOUBLE double_score=5.257415771620089e-07 float_slot_score=6.383697007539665e+36
[INFO] [1788860563.566888871] [GADEN]: Legacy V1 coordinate format=NATIVE_DOUBLE double_score=5.257415771620089e-07 float_slot_score=6.383697007539665e+36
[INFO] [1788860563.792038237] [GADEN]: Legacy V1 coordinate format=NATIVE_DOUBLE double_score=5.257415771620089e-07 float_slot_score=6.383697007539665e+36
[INFO] [1788860563.961469853] [GADEN]: Legacy V1 coordinate format=NATIVE_DOUBLE double_score=5.257415771620089e-07 float_slot_score=6.383697007539665e+36
[INFO] [1788860564.166604333] [GADEN]: Legacy V1 coordinate format=NATIVE_DOUBLE double_score=5.257415771620089e-07 float_slot_score=6.383697007539665e+36
[INFO] [1788860564.361422388] [GADEN]: Legacy V1 coordinate format=NATIVE_DOUBLE double_score=5.257415771620089e-07 float_slot_score=6.383697007539665e+36
[INFO] [1788860564.565240210] [GADEN]: Legacy V1 coordinate format=NATIVE_DOUBLE double_score=5.257415771620089e-07 float_slot_score=6.383697007539665e+36
[INFO] [1788860564.794425131] [GADEN]: Legacy V1 coordinate format=NATIVE_DOUBLE double_score=5.257415771620089e-07 float_slot_score=6.383697007539665e+36
[INFO] [1788860564.964287657] [GADEN]: Legacy V1 coordinate format=NATIVE_DOUBLE double_score=5.257415771620089e-07 float_slot_score=6.383697007539665e+36
[INFO] [1788860565.164413669] [GADEN]: Legacy V1 coordinate format=NATIVE_DOUBLE double_score=5.257415771620089e-07 float_slot_score=6.383697007539665e+36
[INFO] [1788860565.367674078] [GADEN]: Legacy V1 coordinate format=NATIVE_DOUBLE double_score=5.257415771620089e-07 float_slot_score=6.383697007539665e+36
[INFO] [1788860565.561338643] [GADEN]: Legacy V1 coordinate format=NATIVE_DOUBLE double_score=5.257415771620089e-07 float_slot_score=6.383697007539665e+36
[INFO] [1788860565.794037471] [GADEN]: Legacy V1 coordinate format=NATIVE_DOUBLE double_score=5.257415771620089e-07 float_slot_score=6.383697007539665e+36
[INFO] [1788860565.964608025] [GADEN]: Legacy V1 coordinate format=NATIVE_DOUBLE double_score=5.257415771620089e-07 float_slot_score=6.383697007539665e+36
[INFO] [1788860566.161777918] [GADEN]: Legacy V1 coordinate format=NATIVE_DOUBLE double_score=5.257415771620089e-07 float_slot_score=6.383697007539665e+36
[INFO] [1788860566.365131808] [GADEN]: Legacy V1 coordinate format=NATIVE_DOUBLE double_score=5.257415771620089e-07 float_slot_score=6.383697007539665e+36
[INFO] [1788860566.565312289] [GADEN]: Legacy V1 coordinate format=NATIVE_DOUBLE double_score=5.257415771620089e-07 float_slot_score=6.383697007539665e+36
[INFO] [1788860566.791791214] [GADEN]: Legacy V1 coordinate format=NATIVE_DOUBLE double_score=5.257415771620089e-07 float_slot_score=6.383697007539665e+36
[INFO] [1788860566.965532688] [GADEN]: Legacy V1 coordinate format=NATIVE_DOUBLE double_score=5.257415771620089e-07 float_slot_score=6.383697007539665e+36
[INFO] [1788860567.161203881] [GADEN]: Legacy V1 coordinate format=NATIVE_DOUBLE double_score=5.257415771620089e-07 float_slot_score=6.383697007539665e+36
[INFO] [1788860567.361550744] [GADEN]: Legacy V1 coordinate format=NATIVE_DOUBLE double_score=5.257415771620089e-07 float_slot_score=6.383697007539665e+36
[INFO] [1788860567.569257471] [GADEN]: Legacy V1 coordinate format=NATIVE_DOUBLE double_score=5.257415771620089e-07 float_slot_score=6.383697007539665e+36
[INFO] [1788860567.793442756] [GADEN]: Legacy V1 coordinate format=NATIVE_DOUBLE double_score=5.257415771620089e-07 float_slot_score=6.383697007539665e+36
[INFO] [1788860567.966598696] [GADEN]: Legacy V1 coordinate format=NATIVE_DOUBLE double_score=5.257415771620089e-07 float_slot_score=6.383697007539665e+36
[INFO] [1788860568.165365460] [GADEN]: Legacy V1 coordinate format=NATIVE_DOUBLE double_score=5.257415771620089e-07 float_slot_score=6.383697007539665e+36
[INFO] [1788860568.372118515] [GADEN]: Legacy V1 coordinate format=NATIVE_DOUBLE double_score=5.257415771620089e-07 float_slot_score=6.383697007539665e+36
[INFO] [1788860568.563869906] [GADEN]: Legacy V1 coordinate format=NATIVE_DOUBLE double_score=5.257415771620089e-07 float_slot_score=6.383697007539665e+36
[INFO] [1788860568.782519938] [GADEN]: Legacy V1 coordinate format=NATIVE_DOUBLE double_score=5.257415771620089e-07 float_slot_score=6.383697007539665e+36
[INFO] [1788860568.972392511] [GADEN]: Legacy V1 coordinate format=NATIVE_DOUBLE double_score=5.257415771620089e-07 float_slot_score=6.383697007539665e+36
[INFO] [1788860569.172925572] [GADEN]: Legacy V1 coordinate format=NATIVE_DOUBLE double_score=5.257415771620089e-07 float_slot_score=6.383697007539665e+36
[INFO] [1788860569.371943083] [GADEN]: Legacy V1 coordinate format=NATIVE_DOUBLE double_score=5.257415771620089e-07 float_slot_score=6.383697007539665e+36
[INFO] [1788860569.562691292] [GADEN]: Legacy V1 coordinate format=NATIVE_DOUBLE double_score=5.257415771620089e-07 float_slot_score=6.383697007539665e+36
[INFO] [1788860569.794361185] [GADEN]: Legacy V1 coordinate format=NATIVE_DOUBLE double_score=5.257415771620089e-07 float_slot_score=6.383697007539665e+36
[INFO] [1788860569.976227078] [GADEN]: Legacy V1 coordinate format=NATIVE_DOUBLE double_score=5.257415771620089e-07 float_slot_score=6.383697007539665e+36
[INFO] [1788860570.174219640] [GADEN]: Legacy V1 coordinate format=NATIVE_DOUBLE double_score=5.257415771620089e-07 float_slot_score=6.383697007539665e+36
[INFO] [1788860570.371577600] [GADEN]: Legacy V1 coordinate format=NATIVE_DOUBLE double_score=5.257415771620089e-07 float_slot_score=6.383697007539665e+36
[INFO] [1788860570.566009806] [GADEN]: Legacy V1 coordinate format=NATIVE_DOUBLE double_score=5.257415771620089e-07 float_slot_score=6.383697007539665e+36
[INFO] [1788860570.793079705] [GADEN]: Legacy V1 coordinate format=NATIVE_DOUBLE double_score=5.257415771620089e-07 float_slot_score=6.383697007539665e+36
[INFO] [1788860570.974694866] [GADEN]: Legacy V1 coordinate format=NATIVE_DOUBLE double_score=5.257415771620089e-07 float_slot_score=6.383697007539665e+36
[INFO] [1788860571.176938812] [GADEN]: Legacy V1 coordinate format=NATIVE_DOUBLE double_score=5.257415771620089e-07 float_slot_score=6.383697007539665e+36
[INFO] [1788860571.361840346] [GADEN]: Legacy V1 coordinate format=NATIVE_DOUBLE double_score=5.257415771620089e-07 float_slot_score=6.383697007539665e+36
[INFO] [1788860571.564257477] [GADEN]: Legacy V1 coordinate format=NATIVE_DOUBLE double_score=5.257415771620089e-07 float_slot_score=6.383697007539665e+36
[INFO] [1788860571.791691198] [GADEN]: Legacy V1 coordinate format=NATIVE_DOUBLE double_score=5.257415771620089e-07 float_slot_score=6.383697007539665e+36
[INFO] [1788860571.978548208] [GADEN]: Legacy V1 coordinate format=NATIVE_DOUBLE double_score=5.257415771620089e-07 float_slot_score=6.383697007539665e+36
[INFO] [1788860572.164658512] [GADEN]: Legacy V1 coordinate format=NATIVE_DOUBLE double_score=5.257415771620089e-07 float_slot_score=6.383697007539665e+36
[INFO] [1788860572.374728203] [GADEN]: Legacy V1 coordinate format=NATIVE_DOUBLE double_score=5.257415771620089e-07 float_slot_score=6.383697007539665e+36
[INFO] [1788860572.564147880] [GADEN]: Legacy V1 coordinate format=NATIVE_DOUBLE double_score=5.257415771620089e-07 float_slot_score=6.383697007539665e+36
[INFO] [1788860572.792887382] [GADEN]: Legacy V1 coordinate format=NATIVE_DOUBLE double_score=5.257415771620089e-07 float_slot_score=6.383697007539665e+36
[INFO] [1788860572.973710010] [GADEN]: Legacy V1 coordinate format=NATIVE_DOUBLE double_score=5.257415771620089e-07 float_slot_score=6.383697007539665e+36
[INFO] [1788860573.177484354] [GADEN]: Legacy V1 coordinate format=NATIVE_DOUBLE double_score=5.257415771620089e-07 float_slot_score=6.383697007539665e+36
[INFO] [1788860573.371518159] [GADEN]: Legacy V1 coordinate format=NATIVE_DOUBLE double_score=5.257415771620089e-07 float_slot_score=6.383697007539665e+36
[INFO] [1788860573.564612049] [GADEN]: Legacy V1 coordinate format=NATIVE_DOUBLE double_score=5.257415771620089e-07 float_slot_score=6.383697007539665e+36
[INFO] [1788860573.791453669] [GADEN]: Legacy V1 coordinate format=NATIVE_DOUBLE double_score=5.257415771620089e-07 float_slot_score=6.383697007539665e+36
[INFO] [1788860573.973326531] [GADEN]: Legacy V1 coordinate format=NATIVE_DOUBLE double_score=5.257415771620089e-07 float_slot_score=6.383697007539665e+36
[INFO] [1788860574.176771386] [GADEN]: Legacy V1 coordinate format=NATIVE_DOUBLE double_score=5.257415771620089e-07 float_slot_score=6.383697007539665e+36
[INFO] [1788860574.362476477] [GADEN]: Legacy V1 coordinate format=NATIVE_DOUBLE double_score=5.257415771620089e-07 float_slot_score=6.383697007539665e+36
[INFO] [1788860574.561330424] [GADEN]: Legacy V1 coordinate format=NATIVE_DOUBLE double_score=5.257415771620089e-07 float_slot_score=6.383697007539665e+36
[INFO] [1788860574.781891329] [GADEN]: Legacy V1 coordinate format=NATIVE_DOUBLE double_score=5.257415771620089e-07 float_slot_score=6.383697007539665e+36
[INFO] [1788860574.961738647] [GADEN]: Legacy V1 coordinate format=NATIVE_DOUBLE double_score=5.257415771620089e-07 float_slot_score=6.383697007539665e+36
[INFO] [1788860575.172728668] [GADEN]: Legacy V1 coordinate format=NATIVE_DOUBLE double_score=5.257415771620089e-07 float_slot_score=6.383697007539665e+36
[INFO] [1788860575.372358294] [GADEN]: Legacy V1 coordinate format=NATIVE_DOUBLE double_score=5.257415771620089e-07 float_slot_score=6.383697007539665e+36
[INFO] [1788860575.560942555] [GADEN]: Legacy V1 coordinate format=NATIVE_DOUBLE double_score=5.257415771620089e-07 float_slot_score=6.383697007539665e+36
[INFO] [1788860575.811869326] [GADEN]: Legacy V1 coordinate format=NATIVE_DOUBLE double_score=5.257415771620089e-07 float_slot_score=6.383697007539665e+36
[INFO] [1788860575.961861651] [GADEN]: Legacy V1 coordinate format=NATIVE_DOUBLE double_score=5.257415771620089e-07 float_slot_score=6.383697007539665e+36
[INFO] [1788860576.168642700] [GADEN]: Legacy V1 coordinate format=NATIVE_DOUBLE double_score=5.257415771620089e-07 float_slot_score=6.383697007539665e+36
[INFO] [1788860576.363413766] [GADEN]: Legacy V1 coordinate format=NATIVE_DOUBLE double_score=5.257415771620089e-07 float_slot_score=6.383697007539665e+36
[INFO] [1788860576.568983675] [GADEN]: Legacy V1 coordinate format=NATIVE_DOUBLE double_score=5.257415771620089e-07 float_slot_score=6.383697007539665e+36
[INFO] [1788860576.792162177] [GADEN]: Legacy V1 coordinate format=NATIVE_DOUBLE double_score=5.257415771620089e-07 float_slot_score=6.383697007539665e+36
[INFO] [1788860576.972888167] [GADEN]: Legacy V1 coordinate format=NATIVE_DOUBLE double_score=5.257415771620089e-07 float_slot_score=6.383697007539665e+36
[INFO] [1788860577.165417576] [GADEN]: Legacy V1 coordinate format=NATIVE_DOUBLE double_score=5.257415771620089e-07 float_slot_score=6.383697007539665e+36
[INFO] [1788860577.361785973] [GADEN]: Legacy V1 coordinate format=NATIVE_DOUBLE double_score=5.257415771620089e-07 float_slot_score=6.383697007539665e+36
[INFO] [1788860577.563870091] [GADEN]: Legacy V1 coordinate format=NATIVE_DOUBLE double_score=5.257415771620089e-07 float_slot_score=6.383697007539665e+36
[INFO] [1788860577.796207236] [GADEN]: Legacy V1 coordinate format=NATIVE_DOUBLE double_score=5.257415771620089e-07 float_slot_score=6.383697007539665e+36
[INFO] [1788860577.963822779] [GADEN]: Legacy V1 coordinate format=NATIVE_DOUBLE double_score=5.257415771620089e-07 float_slot_score=6.383697007539665e+36
[INFO] [1788860578.163893074] [GADEN]: Legacy V1 coordinate format=NATIVE_DOUBLE double_score=5.257415771620089e-07 float_slot_score=6.383697007539665e+36
[INFO] [1788860578.363299857] [GADEN]: Legacy V1 coordinate format=NATIVE_DOUBLE double_score=5.257415771620089e-07 float_slot_score=6.383697007539665e+36
[INFO] [1788860578.564136747] [GADEN]: Legacy V1 coordinate format=NATIVE_DOUBLE double_score=5.257415771620089e-07 float_slot_score=6.383697007539665e+36
[INFO] [1788860578.781403553] [GADEN]: Legacy V1 coordinate format=NATIVE_DOUBLE double_score=5.257415771620089e-07 float_slot_score=6.383697007539665e+36
[INFO] [1788860578.962077315] [GADEN]: Legacy V1 coordinate format=NATIVE_DOUBLE double_score=5.257415771620089e-07 float_slot_score=6.383697007539665e+36
[INFO] [1788860579.161229938] [GADEN]: Legacy V1 coordinate format=NATIVE_DOUBLE double_score=5.257415771620089e-07 float_slot_score=6.383697007539665e+36
[INFO] [1788860579.363707737] [GADEN]: Legacy V1 coordinate format=NATIVE_DOUBLE double_score=5.257415771620089e-07 float_slot_score=6.383697007539665e+36
[INFO] [1788860579.566081516] [GADEN]: Legacy V1 coordinate format=NATIVE_DOUBLE double_score=5.257415771620089e-07 float_slot_score=6.383697007539665e+36
[INFO] [1788860579.781784398] [GADEN]: Legacy V1 coordinate format=NATIVE_DOUBLE double_score=5.257415771620089e-07 float_slot_score=6.383697007539665e+36
[INFO] [1788860579.964606803] [GADEN]: Legacy V1 coordinate format=NATIVE_DOUBLE double_score=5.257415771620089e-07 float_slot_score=6.383697007539665e+36
[INFO] [1788860580.164088244] [GADEN]: Legacy V1 coordinate format=NATIVE_DOUBLE double_score=5.257415771620089e-07 float_slot_score=6.383697007539665e+36
[INFO] [1788860580.361756605] [GADEN]: Legacy V1 coordinate format=NATIVE_DOUBLE double_score=5.257415771620089e-07 float_slot_score=6.383697007539665e+36
[INFO] [1788860580.561933608] [GADEN]: Legacy V1 coordinate format=NATIVE_DOUBLE double_score=5.257415771620089e-07 float_slot_score=6.383697007539665e+36
[INFO] [1788860580.781613053] [GADEN]: Legacy V1 coordinate format=NATIVE_DOUBLE double_score=5.257415771620089e-07 float_slot_score=6.383697007539665e+36
[INFO] [1788860580.961708856] [GADEN]: Legacy V1 coordinate format=NATIVE_DOUBLE double_score=5.257415771620089e-07 float_slot_score=6.383697007539665e+36
[INFO] [1788860581.161650937] [GADEN]: Legacy V1 coordinate format=NATIVE_DOUBLE double_score=5.257415771620089e-07 float_slot_score=6.383697007539665e+36
[INFO] [1788860581.362621328] [GADEN]: Legacy V1 coordinate format=NATIVE_DOUBLE double_score=5.257415771620089e-07 float_slot_score=6.383697007539665e+36
[INFO] [1788860581.563771031] [GADEN]: Legacy V1 coordinate format=NATIVE_DOUBLE double_score=5.257415771620089e-07 float_slot_score=6.383697007539665e+36
[INFO] [1788860581.781301182] [GADEN]: Legacy V1 coordinate format=NATIVE_DOUBLE double_score=5.257415771620089e-07 float_slot_score=6.383697007539665e+36
[INFO] [1788860581.964084812] [GADEN]: Legacy V1 coordinate format=NATIVE_DOUBLE double_score=5.257415771620089e-07 float_slot_score=6.383697007539665e+36
[INFO] [1788860582.163352621] [GADEN]: Legacy V1 coordinate format=NATIVE_DOUBLE double_score=5.257415771620089e-07 float_slot_score=6.383697007539665e+36
[INFO] [1788860582.366945190] [GADEN]: Legacy V1 coordinate format=NATIVE_DOUBLE double_score=5.257415771620089e-07 float_slot_score=6.383697007539665e+36
[INFO] [1788860582.562506466] [GADEN]: Legacy V1 coordinate format=NATIVE_DOUBLE double_score=5.257415771620089e-07 float_slot_score=6.383697007539665e+36
[INFO] [1788860582.781660879] [GADEN]: Legacy V1 coordinate format=NATIVE_DOUBLE double_score=5.257415771620089e-07 float_slot_score=6.383697007539665e+36
[INFO] [1788860582.961979025] [GADEN]: Legacy V1 coordinate format=NATIVE_DOUBLE double_score=5.257415771620089e-07 float_slot_score=6.383697007539665e+36
[INFO] [1788860583.162454346] [GADEN]: Legacy V1 coordinate format=NATIVE_DOUBLE double_score=5.257415771620089e-07 float_slot_score=6.383697007539665e+36
[INFO] [1788860583.364974158] [GADEN]: Legacy V1 coordinate format=NATIVE_DOUBLE double_score=5.257415771620089e-07 float_slot_score=6.383697007539665e+36
[INFO] [1788860583.566205917] [GADEN]: Legacy V1 coordinate format=NATIVE_DOUBLE double_score=5.257415771620089e-07 float_slot_score=6.383697007539665e+36
[INFO] [1788860583.791495058] [GADEN]: Legacy V1 coordinate format=NATIVE_DOUBLE double_score=5.257415771620089e-07 float_slot_score=6.383697007539665e+36
[INFO] [1788860583.965895645] [GADEN]: Legacy V1 coordinate format=NATIVE_DOUBLE double_score=5.257415771620089e-07 float_slot_score=6.383697007539665e+36
[INFO] [1788860584.163127486] [GADEN]: Legacy V1 coordinate format=NATIVE_DOUBLE double_score=5.257415771620089e-07 float_slot_score=6.383697007539665e+36
[INFO] [1788860584.362769158] [GADEN]: Legacy V1 coordinate format=NATIVE_DOUBLE double_score=5.257415771620089e-07 float_slot_score=6.383697007539665e+36
[INFO] [1788860584.568166734] [GADEN]: Legacy V1 coordinate format=NATIVE_DOUBLE double_score=5.257415771620089e-07 float_slot_score=6.383697007539665e+36
[INFO] [1788860584.792859433] [GADEN]: Legacy V1 coordinate format=NATIVE_DOUBLE double_score=5.257415771620089e-07 float_slot_score=6.383697007539665e+36
[INFO] [1788860584.962138061] [GADEN]: Legacy V1 coordinate format=NATIVE_DOUBLE double_score=5.257415771620089e-07 float_slot_score=6.383697007539665e+36
[INFO] [1788860585.179423609] [GADEN]: Legacy V1 coordinate format=NATIVE_DOUBLE double_score=5.257415771620089e-07 float_slot_score=6.383697007539665e+36
[INFO] [1788860585.362948553] [GADEN]: Legacy V1 coordinate format=NATIVE_DOUBLE double_score=5.257415771620089e-07 float_slot_score=6.383697007539665e+36
[INFO] [1788860585.562713259] [GADEN]: Legacy V1 coordinate format=NATIVE_DOUBLE double_score=5.257415771620089e-07 float_slot_score=6.383697007539665e+36
[INFO] [1788860585.794184846] [GADEN]: Legacy V1 coordinate format=NATIVE_DOUBLE double_score=5.257415771620089e-07 float_slot_score=6.383697007539665e+36
[INFO] [1788860585.965952989] [GADEN]: Legacy V1 coordinate format=NATIVE_DOUBLE double_score=5.257415771620089e-07 float_slot_score=6.383697007539665e+36
[INFO] [1788860586.165247913] [GADEN]: Legacy V1 coordinate format=NATIVE_DOUBLE double_score=5.257415771620089e-07 float_slot_score=6.383697007539665e+36
[INFO] [1788860586.361525416] [GADEN]: Legacy V1 coordinate format=NATIVE_DOUBLE double_score=5.257415771620089e-07 float_slot_score=6.383697007539665e+36
[INFO] [1788860586.565266192] [GADEN]: Legacy V1 coordinate format=NATIVE_DOUBLE double_score=5.257415771620089e-07 float_slot_score=6.383697007539665e+36
[INFO] [1788860586.792684177] [GADEN]: Legacy V1 coordinate format=NATIVE_DOUBLE double_score=5.257415771620089e-07 float_slot_score=6.383697007539665e+36
[INFO] [1788860586.966884159] [GADEN]: Legacy V1 coordinate format=NATIVE_DOUBLE double_score=5.257415771620089e-07 float_slot_score=6.383697007539665e+36
[INFO] [1788860587.160891344] [GADEN]: Legacy V1 coordinate format=NATIVE_DOUBLE double_score=5.257415771620089e-07 float_slot_score=6.383697007539665e+36
[INFO] [1788860587.361580074] [GADEN]: Legacy V1 coordinate format=NATIVE_DOUBLE double_score=5.257415771620089e-07 float_slot_score=6.383697007539665e+36
[INFO] [1788860587.562938927] [GADEN]: Legacy V1 coordinate format=NATIVE_DOUBLE double_score=5.257415771620089e-07 float_slot_score=6.383697007539665e+36
[INFO] [1788860587.791891840] [GADEN]: Legacy V1 coordinate format=NATIVE_DOUBLE double_score=5.257415771620089e-07 float_slot_score=6.383697007539665e+36
[INFO] [1788860587.961347394] [GADEN]: Legacy V1 coordinate format=NATIVE_DOUBLE double_score=5.257415771620089e-07 float_slot_score=6.383697007539665e+36
[INFO] [1788860588.167899808] [GADEN]: Legacy V1 coordinate format=NATIVE_DOUBLE double_score=5.257415771620089e-07 float_slot_score=6.383697007539665e+36
[INFO] [1788860588.361718751] [GADEN]: Legacy V1 coordinate format=NATIVE_DOUBLE double_score=5.257415771620089e-07 float_slot_score=6.383697007539665e+36
[INFO] [1788860588.561325124] [GADEN]: Legacy V1 coordinate format=NATIVE_DOUBLE double_score=5.257415771620089e-07 float_slot_score=6.383697007539665e+36
[INFO] [1788860588.781276954] [GADEN]: Legacy V1 coordinate format=NATIVE_DOUBLE double_score=5.257415771620089e-07 float_slot_score=6.383697007539665e+36
[INFO] [1788860588.961600861] [GADEN]: Legacy V1 coordinate format=NATIVE_DOUBLE double_score=5.257415771620089e-07 float_slot_score=6.383697007539665e+36
[INFO] [1788860589.161327178] [GADEN]: Legacy V1 coordinate format=NATIVE_DOUBLE double_score=5.257415771620089e-07 float_slot_score=6.383697007539665e+36
[INFO] [1788860589.362609789] [GADEN]: Legacy V1 coordinate format=NATIVE_DOUBLE double_score=5.257415771620089e-07 float_slot_score=6.383697007539665e+36
[INFO] [1788860589.561554074] [GADEN]: Legacy V1 coordinate format=NATIVE_DOUBLE double_score=5.257415771620089e-07 float_slot_score=6.383697007539665e+36
[INFO] [1788860589.782259932] [GADEN]: Legacy V1 coordinate format=NATIVE_DOUBLE double_score=5.257415771620089e-07 float_slot_score=6.383697007539665e+36
[INFO] [1788860589.961620583] [GADEN]: Legacy V1 coordinate format=NATIVE_DOUBLE double_score=5.257415771620089e-07 float_slot_score=6.383697007539665e+36
[INFO] [1788860590.161870186] [GADEN]: Legacy V1 coordinate format=NATIVE_DOUBLE double_score=5.257415771620089e-07 float_slot_score=6.383697007539665e+36
[INFO] [1788860590.362007561] [GADEN]: Legacy V1 coordinate format=NATIVE_DOUBLE double_score=5.257415771620089e-07 float_slot_score=6.383697007539665e+36
[INFO] [1788860590.563136226] [GADEN]: Legacy V1 coordinate format=NATIVE_DOUBLE double_score=5.257415771620089e-07 float_slot_score=6.383697007539665e+36
[INFO] [1788860590.781818424] [GADEN]: Legacy V1 coordinate format=NATIVE_DOUBLE double_score=5.257415771620089e-07 float_slot_score=6.383697007539665e+36
[INFO] [1788860590.961258453] [GADEN]: Legacy V1 coordinate format=NATIVE_DOUBLE double_score=5.257415771620089e-07 float_slot_score=6.383697007539665e+36
[INFO] [1788860591.161540791] [GADEN]: Legacy V1 coordinate format=NATIVE_DOUBLE double_score=5.257415771620089e-07 float_slot_score=6.383697007539665e+36
[INFO] [1788860591.362140609] [GADEN]: Legacy V1 coordinate format=NATIVE_DOUBLE double_score=5.257415771620089e-07 float_slot_score=6.383697007539665e+36
[INFO] [1788860591.559984005] [GADEN]: Legacy V1 coordinate format=NATIVE_DOUBLE double_score=5.257415771620089e-07 float_slot_score=6.383697007539665e+36
[INFO] [1788860591.790733589] [GADEN]: Legacy V1 coordinate format=NATIVE_DOUBLE double_score=5.257415771620089e-07 float_slot_score=6.383697007539665e+36
[INFO] [1788860591.960233874] [GADEN]: Legacy V1 coordinate format=NATIVE_DOUBLE double_score=5.257415771620089e-07 float_slot_score=6.383697007539665e+36
[INFO] [1788860592.160181847] [GADEN]: Legacy V1 coordinate format=NATIVE_DOUBLE double_score=5.257415771620089e-07 float_slot_score=6.383697007539665e+36
[INFO] [1788860592.360261492] [GADEN]: Legacy V1 coordinate format=NATIVE_DOUBLE double_score=5.257415771620089e-07 float_slot_score=6.383697007539665e+36
[INFO] [1788860592.560802253] [GADEN]: Legacy V1 coordinate format=NATIVE_DOUBLE double_score=5.257415771620089e-07 float_slot_score=6.383697007539665e+36
[INFO] [1788860592.792916352] [GADEN]: Legacy V1 coordinate format=NATIVE_DOUBLE double_score=5.257415771620089e-07 float_slot_score=6.383697007539665e+36
[INFO] [1788860592.960754757] [GADEN]: Legacy V1 coordinate format=NATIVE_DOUBLE double_score=5.257415771620089e-07 float_slot_score=6.383697007539665e+36
[INFO] [1788860593.161533281] [GADEN]: Legacy V1 coordinate format=NATIVE_DOUBLE double_score=5.257415771620089e-07 float_slot_score=6.383697007539665e+36
[INFO] [1788860593.360841259] [GADEN]: Legacy V1 coordinate format=NATIVE_DOUBLE double_score=5.257415771620089e-07 float_slot_score=6.383697007539665e+36
[INFO] [1788860593.562419417] [GADEN]: Legacy V1 coordinate format=NATIVE_DOUBLE double_score=5.257415771620089e-07 float_slot_score=6.383697007539665e+36
[INFO] [1788860593.779634140] [GADEN]: Legacy V1 coordinate format=NATIVE_DOUBLE double_score=5.257415771620089e-07 float_slot_score=6.383697007539665e+36
[INFO] [1788860593.960655067] [GADEN]: Legacy V1 coordinate format=NATIVE_DOUBLE double_score=5.257415771620089e-07 float_slot_score=6.383697007539665e+36
[INFO] [1788860594.159898895] [GADEN]: Legacy V1 coordinate format=NATIVE_DOUBLE double_score=5.257415771620089e-07 float_slot_score=6.383697007539665e+36
[INFO] [1788860594.359595183] [GADEN]: Legacy V1 coordinate format=NATIVE_DOUBLE double_score=5.257415771620089e-07 float_slot_score=6.383697007539665e+36
[INFO] [1788860594.560017174] [GADEN]: Legacy V1 coordinate format=NATIVE_DOUBLE double_score=5.257415771620089e-07 float_slot_score=6.383697007539665e+36
[INFO] [1788860594.781110895] [GADEN]: Legacy V1 coordinate format=NATIVE_DOUBLE double_score=5.257415771620089e-07 float_slot_score=6.383697007539665e+36
[INFO] [1788860594.960019377] [GADEN]: Legacy V1 coordinate format=NATIVE_DOUBLE double_score=5.257415771620089e-07 float_slot_score=6.383697007539665e+36
[INFO] [1788860595.161673947] [GADEN]: Legacy V1 coordinate format=NATIVE_DOUBLE double_score=5.257415771620089e-07 float_slot_score=6.383697007539665e+36
[INFO] [1788860595.359733428] [GADEN]: Legacy V1 coordinate format=NATIVE_DOUBLE double_score=5.257415771620089e-07 float_slot_score=6.383697007539665e+36
[INFO] [1788860595.560495013] [GADEN]: Legacy V1 coordinate format=NATIVE_DOUBLE double_score=5.257415771620089e-07 float_slot_score=6.383697007539665e+36
[INFO] [1788860595.780284309] [GADEN]: Legacy V1 coordinate format=NATIVE_DOUBLE double_score=5.257415771620089e-07 float_slot_score=6.383697007539665e+36
[INFO] [1788860595.961938199] [GADEN]: Legacy V1 coordinate format=NATIVE_DOUBLE double_score=5.257415771620089e-07 float_slot_score=6.383697007539665e+36
[INFO] [1788860596.160064435] [GADEN]: Legacy V1 coordinate format=NATIVE_DOUBLE double_score=5.257415771620089e-07 float_slot_score=6.383697007539665e+36
[INFO] [1788860596.360129224] [GADEN]: Legacy V1 coordinate format=NATIVE_DOUBLE double_score=5.257415771620089e-07 float_slot_score=6.383697007539665e+36
[INFO] [1788860596.559898996] [GADEN]: Legacy V1 coordinate format=NATIVE_DOUBLE double_score=5.257415771620089e-07 float_slot_score=6.383697007539665e+36
[INFO] [1788860596.779951281] [GADEN]: Legacy V1 coordinate format=NATIVE_DOUBLE double_score=5.257415771620089e-07 float_slot_score=6.383697007539665e+36
[INFO] [1788860596.960104070] [GADEN]: Legacy V1 coordinate format=NATIVE_DOUBLE double_score=5.257415771620089e-07 float_slot_score=6.383697007539665e+36
[INFO] [1788860597.161286345] [GADEN]: Legacy V1 coordinate format=NATIVE_DOUBLE double_score=5.257415771620089e-07 float_slot_score=6.383697007539665e+36
[INFO] [1788860597.360933621] [GADEN]: Legacy V1 coordinate format=NATIVE_DOUBLE double_score=5.257415771620089e-07 float_slot_score=6.383697007539665e+36
[INFO] [1788860597.560017443] [GADEN]: Legacy V1 coordinate format=NATIVE_DOUBLE double_score=5.257415771620089e-07 float_slot_score=6.383697007539665e+36
[INFO] [1788860597.780258364] [GADEN]: Legacy V1 coordinate format=NATIVE_DOUBLE double_score=5.257415771620089e-07 float_slot_score=6.383697007539665e+36
[INFO] [1788860597.959707795] [GADEN]: Legacy V1 coordinate format=NATIVE_DOUBLE double_score=5.257415771620089e-07 float_slot_score=6.383697007539665e+36
[INFO] [1788860598.160020492] [GADEN]: Legacy V1 coordinate format=NATIVE_DOUBLE double_score=5.257415771620089e-07 float_slot_score=6.383697007539665e+36
[INFO] [1788860598.360095837] [GADEN]: Legacy V1 coordinate format=NATIVE_DOUBLE double_score=5.257415771620089e-07 float_slot_score=6.383697007539665e+36
[INFO] [1788860598.559983184] [GADEN]: Legacy V1 coordinate format=NATIVE_DOUBLE double_score=5.257415771620089e-07 float_slot_score=6.383697007539665e+36
[INFO] [1788860598.780367954] [GADEN]: Legacy V1 coordinate format=NATIVE_DOUBLE double_score=5.257415771620089e-07 float_slot_score=6.383697007539665e+36
[INFO] [1788860598.959888218] [GADEN]: Legacy V1 coordinate format=NATIVE_DOUBLE double_score=5.257415771620089e-07 float_slot_score=6.383697007539665e+36
[INFO] [1788860599.159730146] [GADEN]: Legacy V1 coordinate format=NATIVE_DOUBLE double_score=5.257415771620089e-07 float_slot_score=6.383697007539665e+36
[INFO] [1788860599.361308917] [GADEN]: Legacy V1 coordinate format=NATIVE_DOUBLE double_score=5.257415771620089e-07 float_slot_score=6.383697007539665e+36
[INFO] [1788860599.564206861] [GADEN]: Legacy V1 coordinate format=NATIVE_DOUBLE double_score=5.257415771620089e-07 float_slot_score=6.383697007539665e+36
[INFO] [1788860599.781229792] [GADEN]: Legacy V1 coordinate format=NATIVE_DOUBLE double_score=5.257415771620089e-07 float_slot_score=6.383697007539665e+36
[INFO] [1788860599.961549046] [GADEN]: Legacy V1 coordinate format=NATIVE_DOUBLE double_score=5.257415771620089e-07 float_slot_score=6.383697007539665e+36
[INFO] [1788860600.160348162] [GADEN]: Legacy V1 coordinate format=NATIVE_DOUBLE double_score=5.257415771620089e-07 float_slot_score=6.383697007539665e+36
[INFO] [1788860600.371437909] [GADEN]: Legacy V1 coordinate format=NATIVE_DOUBLE double_score=5.257415771620089e-07 float_slot_score=6.383697007539665e+36
[INFO] [1788860600.573001161] [GADEN]: Legacy V1 coordinate format=NATIVE_DOUBLE double_score=5.257415771620089e-07 float_slot_score=6.383697007539665e+36
[INFO] [1788860600.790697421] [GADEN]: Legacy V1 coordinate format=NATIVE_DOUBLE double_score=5.257415771620089e-07 float_slot_score=6.383697007539665e+36
[INFO] [1788860600.971397785] [GADEN]: Legacy V1 coordinate format=NATIVE_DOUBLE double_score=5.257415771620089e-07 float_slot_score=6.383697007539665e+36
[INFO] [1788860601.171739270] [GADEN]: Legacy V1 coordinate format=NATIVE_DOUBLE double_score=5.257415771620089e-07 float_slot_score=6.383697007539665e+36
[INFO] [1788860601.360787182] [GADEN]: Legacy V1 coordinate format=NATIVE_DOUBLE double_score=5.257415771620089e-07 float_slot_score=6.383697007539665e+36
[INFO] [1788860601.574819025] [GADEN]: Legacy V1 coordinate format=NATIVE_DOUBLE double_score=5.257415771620089e-07 float_slot_score=6.383697007539665e+36
[INFO] [1788860601.789998096] [GADEN]: Legacy V1 coordinate format=NATIVE_DOUBLE double_score=5.257415771620089e-07 float_slot_score=6.383697007539665e+36
[INFO] [1788860601.971316170] [GADEN]: Legacy V1 coordinate format=NATIVE_DOUBLE double_score=5.257415771620089e-07 float_slot_score=6.383697007539665e+36
[INFO] [1788860602.173169750] [GADEN]: Legacy V1 coordinate format=NATIVE_DOUBLE double_score=5.257415771620089e-07 float_slot_score=6.383697007539665e+36
[INFO] [1788860602.371304783] [GADEN]: Legacy V1 coordinate format=NATIVE_DOUBLE double_score=5.257415771620089e-07 float_slot_score=6.383697007539665e+36
[INFO] [1788860602.570306577] [GADEN]: Legacy V1 coordinate format=NATIVE_DOUBLE double_score=5.257415771620089e-07 float_slot_score=6.383697007539665e+36
[INFO] [1788860602.791945565] [GADEN]: Legacy V1 coordinate format=NATIVE_DOUBLE double_score=5.257415771620089e-07 float_slot_score=6.383697007539665e+36
[INFO] [1788860602.971409029] [GADEN]: Legacy V1 coordinate format=NATIVE_DOUBLE double_score=5.257415771620089e-07 float_slot_score=6.383697007539665e+36
[INFO] [1788860603.170748891] [GADEN]: Legacy V1 coordinate format=NATIVE_DOUBLE double_score=5.257415771620089e-07 float_slot_score=6.383697007539665e+36
[INFO] [1788860603.370773086] [GADEN]: Legacy V1 coordinate format=NATIVE_DOUBLE double_score=5.257415771620089e-07 float_slot_score=6.383697007539665e+36
[INFO] [1788860603.572577467] [GADEN]: Legacy V1 coordinate format=NATIVE_DOUBLE double_score=5.257415771620089e-07 float_slot_score=6.383697007539665e+36
[INFO] [1788860603.793616055] [GADEN]: Legacy V1 coordinate format=NATIVE_DOUBLE double_score=5.257415771620089e-07 float_slot_score=6.383697007539665e+36
[INFO] [1788860603.971438361] [GADEN]: Legacy V1 coordinate format=NATIVE_DOUBLE double_score=5.257415771620089e-07 float_slot_score=6.383697007539665e+36
[INFO] [1788860604.162602346] [GADEN]: Legacy V1 coordinate format=NATIVE_DOUBLE double_score=5.257415771620089e-07 float_slot_score=6.383697007539665e+36
[INFO] [1788860604.360953006] [GADEN]: Legacy V1 coordinate format=NATIVE_DOUBLE double_score=5.257415771620089e-07 float_slot_score=6.383697007539665e+36
[INFO] [1788860604.560093951] [GADEN]: Legacy V1 coordinate format=NATIVE_DOUBLE double_score=5.257415771620089e-07 float_slot_score=6.383697007539665e+36
[INFO] [1788860604.780075587] [GADEN]: Legacy V1 coordinate format=NATIVE_DOUBLE double_score=5.257415771620089e-07 float_slot_score=6.383697007539665e+36
[INFO] [1788860604.970617089] [GADEN]: Legacy V1 coordinate format=NATIVE_DOUBLE double_score=5.257415771620089e-07 float_slot_score=6.383697007539665e+36
[INFO] [1788860605.159970777] [GADEN]: Legacy V1 coordinate format=NATIVE_DOUBLE double_score=5.257415771620089e-07 float_slot_score=6.383697007539665e+36
[INFO] [1788860605.370746354] [GADEN]: Legacy V1 coordinate format=NATIVE_DOUBLE double_score=5.257415771620089e-07 float_slot_score=6.383697007539665e+36
[INFO] [1788860605.571569093] [GADEN]: Legacy V1 coordinate format=NATIVE_DOUBLE double_score=5.257415771620089e-07 float_slot_score=6.383697007539665e+36
[INFO] [1788860605.791147022] [GADEN]: Legacy V1 coordinate format=NATIVE_DOUBLE double_score=5.257415771620089e-07 float_slot_score=6.383697007539665e+36
[INFO] [1788860605.978475819] [GADEN]: Legacy V1 coordinate format=NATIVE_DOUBLE double_score=5.257415771620089e-07 float_slot_score=6.383697007539665e+36
[INFO] [1788860606.161560061] [GADEN]: Legacy V1 coordinate format=NATIVE_DOUBLE double_score=5.257415771620089e-07 float_slot_score=6.383697007539665e+36
[INFO] [1788860606.371773292] [GADEN]: Legacy V1 coordinate format=NATIVE_DOUBLE double_score=5.257415771620089e-07 float_slot_score=6.383697007539665e+36
[INFO] [1788860606.569909004] [GADEN]: Legacy V1 coordinate format=NATIVE_DOUBLE double_score=5.257415771620089e-07 float_slot_score=6.383697007539665e+36
[INFO] [1788860606.790512892] [GADEN]: Legacy V1 coordinate format=NATIVE_DOUBLE double_score=5.257415771620089e-07 float_slot_score=6.383697007539665e+36
[INFO] [1788860606.962074905] [GADEN]: Legacy V1 coordinate format=NATIVE_DOUBLE double_score=5.257415771620089e-07 float_slot_score=6.383697007539665e+36
[INFO] [1788860607.177150824] [GADEN]: Legacy V1 coordinate format=NATIVE_DOUBLE double_score=5.257415771620089e-07 float_slot_score=6.383697007539665e+36
[INFO] [1788860607.361951315] [GADEN]: Legacy V1 coordinate format=NATIVE_DOUBLE double_score=5.257415771620089e-07 float_slot_score=6.383697007539665e+36
[INFO] [1788860607.573952681] [GADEN]: Legacy V1 coordinate format=NATIVE_DOUBLE double_score=5.257415771620089e-07 float_slot_score=6.383697007539665e+36
[INFO] [1788860607.790688146] [GADEN]: Legacy V1 coordinate format=NATIVE_DOUBLE double_score=5.257415771620089e-07 float_slot_score=6.383697007539665e+36
[INFO] [1788860607.962183118] [GADEN]: Legacy V1 coordinate format=NATIVE_DOUBLE double_score=5.257415771620089e-07 float_slot_score=6.383697007539665e+36
[INFO] [1788860608.161950895] [GADEN]: Legacy V1 coordinate format=NATIVE_DOUBLE double_score=5.257415771620089e-07 float_slot_score=6.383697007539665e+36
[INFO] [1788860608.371129434] [GADEN]: Legacy V1 coordinate format=NATIVE_DOUBLE double_score=5.257415771620089e-07 float_slot_score=6.383697007539665e+36
[INFO] [1788860608.560295289] [GADEN]: Legacy V1 coordinate format=NATIVE_DOUBLE double_score=5.257415771620089e-07 float_slot_score=6.383697007539665e+36
[INFO] [1788860608.780194045] [GADEN]: Legacy V1 coordinate format=NATIVE_DOUBLE double_score=5.257415771620089e-07 float_slot_score=6.383697007539665e+36
[INFO] [1788860608.959828731] [GADEN]: Legacy V1 coordinate format=NATIVE_DOUBLE double_score=5.257415771620089e-07 float_slot_score=6.383697007539665e+36
[INFO] [1788860609.160322888] [GADEN]: Legacy V1 coordinate format=NATIVE_DOUBLE double_score=5.257415771620089e-07 float_slot_score=6.383697007539665e+36
[INFO] [1788860609.361892691] [GADEN]: Legacy V1 coordinate format=NATIVE_DOUBLE double_score=5.257415771620089e-07 float_slot_score=6.383697007539665e+36
[INFO] [1788860609.568352470] [GADEN]: Legacy V1 coordinate format=NATIVE_DOUBLE double_score=5.257415771620089e-07 float_slot_score=6.383697007539665e+36
[INFO] [1788860609.780720091] [GADEN]: Legacy V1 coordinate format=NATIVE_DOUBLE double_score=5.257415771620089e-07 float_slot_score=6.383697007539665e+36
[INFO] [1788860609.961619371] [GADEN]: Legacy V1 coordinate format=NATIVE_DOUBLE double_score=5.257415771620089e-07 float_slot_score=6.383697007539665e+36
[INFO] [1788860610.162437775] [GADEN]: Legacy V1 coordinate format=NATIVE_DOUBLE double_score=5.257415771620089e-07 float_slot_score=6.383697007539665e+36
[INFO] [1788860610.360245052] [GADEN]: Legacy V1 coordinate format=NATIVE_DOUBLE double_score=5.257415771620089e-07 float_slot_score=6.383697007539665e+36
[INFO] [1788860610.570372764] [GADEN]: Legacy V1 coordinate format=NATIVE_DOUBLE double_score=5.257415771620089e-07 float_slot_score=6.383697007539665e+36
[INFO] [1788860610.780170933] [GADEN]: Legacy V1 coordinate format=NATIVE_DOUBLE double_score=5.257415771620089e-07 float_slot_score=6.383697007539665e+36
[INFO] [1788860610.961829857] [GADEN]: Legacy V1 coordinate format=NATIVE_DOUBLE double_score=5.257415771620089e-07 float_slot_score=6.383697007539665e+36
[INFO] [1788860611.161502459] [GADEN]: Legacy V1 coordinate format=NATIVE_DOUBLE double_score=5.257415771620089e-07 float_slot_score=6.383697007539665e+36
[INFO] [1788860611.360174857] [GADEN]: Legacy V1 coordinate format=NATIVE_DOUBLE double_score=5.257415771620089e-07 float_slot_score=6.383697007539665e+36
[INFO] [1788860611.562200108] [GADEN]: Legacy V1 coordinate format=NATIVE_DOUBLE double_score=5.257415771620089e-07 float_slot_score=6.383697007539665e+36
[INFO] [1788860611.794665167] [GADEN]: Legacy V1 coordinate format=NATIVE_DOUBLE double_score=5.257415771620089e-07 float_slot_score=6.383697007539665e+36
[INFO] [1788860611.962397999] [GADEN]: Legacy V1 coordinate format=NATIVE_DOUBLE double_score=5.257415771620089e-07 float_slot_score=6.383697007539665e+36
[INFO] [1788860612.160805916] [GADEN]: Legacy V1 coordinate format=NATIVE_DOUBLE double_score=5.257415771620089e-07 float_slot_score=6.383697007539665e+36
[INFO] [1788860612.361373720] [GADEN]: Legacy V1 coordinate format=NATIVE_DOUBLE double_score=5.257415771620089e-07 float_slot_score=6.383697007539665e+36
[INFO] [1788860612.561411428] [GADEN]: Legacy V1 coordinate format=NATIVE_DOUBLE double_score=5.257415771620089e-07 float_slot_score=6.383697007539665e+36
[INFO] [1788860612.791179867] [GADEN]: Legacy V1 coordinate format=NATIVE_DOUBLE double_score=5.257415771620089e-07 float_slot_score=6.383697007539665e+36
[INFO] [1788860612.962946504] [GADEN]: Legacy V1 coordinate format=NATIVE_DOUBLE double_score=5.257415771620089e-07 float_slot_score=6.383697007539665e+36
[INFO] [1788860613.161932402] [GADEN]: Legacy V1 coordinate format=NATIVE_DOUBLE double_score=5.257415771620089e-07 float_slot_score=6.383697007539665e+36
[INFO] [1788860613.363240643] [GADEN]: Legacy V1 coordinate format=NATIVE_DOUBLE double_score=5.257415771620089e-07 float_slot_score=6.383697007539665e+36
[INFO] [1788860613.561524227] [GADEN]: Legacy V1 coordinate format=NATIVE_DOUBLE double_score=5.257415771620089e-07 float_slot_score=6.383697007539665e+36
[INFO] [1788860613.780163867] [GADEN]: Legacy V1 coordinate format=NATIVE_DOUBLE double_score=5.257415771620089e-07 float_slot_score=6.383697007539665e+36
[INFO] [1788860613.966964529] [GADEN]: Legacy V1 coordinate format=NATIVE_DOUBLE double_score=5.257415771620089e-07 float_slot_score=6.383697007539665e+36
[INFO] [1788860614.162075731] [GADEN]: Legacy V1 coordinate format=NATIVE_DOUBLE double_score=5.257415771620089e-07 float_slot_score=6.383697007539665e+36
[INFO] [1788860614.362093970] [GADEN]: Legacy V1 coordinate format=NATIVE_DOUBLE double_score=5.257415771620089e-07 float_slot_score=6.383697007539665e+36
[INFO] [1788860614.561361266] [GADEN]: Legacy V1 coordinate format=NATIVE_DOUBLE double_score=5.257415771620089e-07 float_slot_score=6.383697007539665e+36
[INFO] [1788860614.790225735] [GADEN]: Legacy V1 coordinate format=NATIVE_DOUBLE double_score=5.257415771620089e-07 float_slot_score=6.383697007539665e+36
[INFO] [1788860614.973278542] [GADEN]: Legacy V1 coordinate format=NATIVE_DOUBLE double_score=5.257415771620089e-07 float_slot_score=6.383697007539665e+36
[INFO] [1788860615.160166353] [GADEN]: Legacy V1 coordinate format=NATIVE_DOUBLE double_score=5.257415771620089e-07 float_slot_score=6.383697007539665e+36
[INFO] [1788860615.363815055] [GADEN]: Legacy V1 coordinate format=NATIVE_DOUBLE double_score=5.257415771620089e-07 float_slot_score=6.383697007539665e+36
[INFO] [1788860615.562722451] [GADEN]: Legacy V1 coordinate format=NATIVE_DOUBLE double_score=5.257415771620089e-07 float_slot_score=6.383697007539665e+36
[INFO] [1788860615.790346977] [GADEN]: Legacy V1 coordinate format=NATIVE_DOUBLE double_score=5.257415771620089e-07 float_slot_score=6.383697007539665e+36
[INFO] [1788860615.962597165] [GADEN]: Legacy V1 coordinate format=NATIVE_DOUBLE double_score=5.257415771620089e-07 float_slot_score=6.383697007539665e+36
[INFO] [1788860616.166225252] [GADEN]: Legacy V1 coordinate format=NATIVE_DOUBLE double_score=5.257415771620089e-07 float_slot_score=6.383697007539665e+36
[INFO] [1788860616.371899292] [GADEN]: Legacy V1 coordinate format=NATIVE_DOUBLE double_score=5.257415771620089e-07 float_slot_score=6.383697007539665e+36
[INFO] [1788860616.562219295] [GADEN]: Legacy V1 coordinate format=NATIVE_DOUBLE double_score=5.257415771620089e-07 float_slot_score=6.383697007539665e+36
[INFO] [1788860616.779926962] [GADEN]: Legacy V1 coordinate format=NATIVE_DOUBLE double_score=5.257415771620089e-07 float_slot_score=6.383697007539665e+36
[INFO] [1788860616.962743257] [GADEN]: Legacy V1 coordinate format=NATIVE_DOUBLE double_score=5.257415771620089e-07 float_slot_score=6.383697007539665e+36
[INFO] [1788860617.161778959] [GADEN]: Legacy V1 coordinate format=NATIVE_DOUBLE double_score=5.257415771620089e-07 float_slot_score=6.383697007539665e+36
[INFO] [1788860617.360166283] [GADEN]: Legacy V1 coordinate format=NATIVE_DOUBLE double_score=5.257415771620089e-07 float_slot_score=6.383697007539665e+36
[INFO] [1788860617.561059115] [GADEN]: Legacy V1 coordinate format=NATIVE_DOUBLE double_score=5.257415771620089e-07 float_slot_score=6.383697007539665e+36
[INFO] [1788860617.779814258] [GADEN]: Legacy V1 coordinate format=NATIVE_DOUBLE double_score=5.257415771620089e-07 float_slot_score=6.383697007539665e+36
[INFO] [1788860617.960628391] [GADEN]: Legacy V1 coordinate format=NATIVE_DOUBLE double_score=5.257415771620089e-07 float_slot_score=6.383697007539665e+36
[INFO] [1788860618.160812344] [GADEN]: Legacy V1 coordinate format=NATIVE_DOUBLE double_score=5.257415771620089e-07 float_slot_score=6.383697007539665e+36
[INFO] [1788860618.366913142] [GADEN]: Legacy V1 coordinate format=NATIVE_DOUBLE double_score=5.257415771620089e-07 float_slot_score=6.383697007539665e+36
[INFO] [1788860618.574659435] [GADEN]: Legacy V1 coordinate format=NATIVE_DOUBLE double_score=5.257415771620089e-07 float_slot_score=6.383697007539665e+36
[INFO] [1788860618.779964462] [GADEN]: Legacy V1 coordinate format=NATIVE_DOUBLE double_score=5.257415771620089e-07 float_slot_score=6.383697007539665e+36
[INFO] [1788860618.960130264] [GADEN]: Legacy V1 coordinate format=NATIVE_DOUBLE double_score=5.257415771620089e-07 float_slot_score=6.383697007539665e+36
[INFO] [1788860619.163028506] [GADEN]: Legacy V1 coordinate format=NATIVE_DOUBLE double_score=5.257415771620089e-07 float_slot_score=6.383697007539665e+36
[INFO] [1788860619.361629854] [GADEN]: Legacy V1 coordinate format=NATIVE_DOUBLE double_score=5.257415771620089e-07 float_slot_score=6.383697007539665e+36
[INFO] [1788860619.561280957] [GADEN]: Legacy V1 coordinate format=NATIVE_DOUBLE double_score=5.257415771620089e-07 float_slot_score=6.383697007539665e+36
[INFO] [1788860619.790535991] [GADEN]: Legacy V1 coordinate format=NATIVE_DOUBLE double_score=5.257415771620089e-07 float_slot_score=6.383697007539665e+36
[INFO] [1788860619.962276403] [GADEN]: Legacy V1 coordinate format=NATIVE_DOUBLE double_score=5.257415771620089e-07 float_slot_score=6.383697007539665e+36
[INFO] [1788860620.159882737] [GADEN]: Legacy V1 coordinate format=NATIVE_DOUBLE double_score=5.257415771620089e-07 float_slot_score=6.383697007539665e+36
[INFO] [1788860620.360075337] [GADEN]: Legacy V1 coordinate format=NATIVE_DOUBLE double_score=5.257415771620089e-07 float_slot_score=6.383697007539665e+36
[INFO] [1788860620.563519989] [GADEN]: Legacy V1 coordinate format=NATIVE_DOUBLE double_score=5.257415771620089e-07 float_slot_score=6.383697007539665e+36
[INFO] [1788860620.780277343] [GADEN]: Legacy V1 coordinate format=NATIVE_DOUBLE double_score=5.257415771620089e-07 float_slot_score=6.383697007539665e+36
[INFO] [1788860620.960684100] [GADEN]: Legacy V1 coordinate format=NATIVE_DOUBLE double_score=5.257415771620089e-07 float_slot_score=6.383697007539665e+36
[INFO] [1788860621.161950991] [GADEN]: Legacy V1 coordinate format=NATIVE_DOUBLE double_score=5.257415771620089e-07 float_slot_score=6.383697007539665e+36
[INFO] [1788860621.363068266] [GADEN]: Legacy V1 coordinate format=NATIVE_DOUBLE double_score=5.257415771620089e-07 float_slot_score=6.383697007539665e+36
[INFO] [1788860621.560203364] [GADEN]: Legacy V1 coordinate format=NATIVE_DOUBLE double_score=5.257415771620089e-07 float_slot_score=6.383697007539665e+36
[INFO] [1788860621.791390129] [GADEN]: Legacy V1 coordinate format=NATIVE_DOUBLE double_score=5.257415771620089e-07 float_slot_score=6.383697007539665e+36
[INFO] [1788860621.961904261] [GADEN]: Legacy V1 coordinate format=NATIVE_DOUBLE double_score=5.257415771620089e-07 float_slot_score=6.383697007539665e+36
[INFO] [1788860622.162440269] [GADEN]: Legacy V1 coordinate format=NATIVE_DOUBLE double_score=5.257415771620089e-07 float_slot_score=6.383697007539665e+36
[INFO] [1788860622.361872684] [GADEN]: Legacy V1 coordinate format=NATIVE_DOUBLE double_score=5.257415771620089e-07 float_slot_score=6.383697007539665e+36
[INFO] [1788860622.560871591] [GADEN]: Legacy V1 coordinate format=NATIVE_DOUBLE double_score=5.257415771620089e-07 float_slot_score=6.383697007539665e+36
[INFO] [1788860622.796430743] [GADEN]: Legacy V1 coordinate format=NATIVE_DOUBLE double_score=5.257415771620089e-07 float_slot_score=6.383697007539665e+36
[INFO] [1788860622.961322517] [GADEN]: Legacy V1 coordinate format=NATIVE_DOUBLE double_score=5.257415771620089e-07 float_slot_score=6.383697007539665e+36
[INFO] [1788860623.162569631] [GADEN]: Legacy V1 coordinate format=NATIVE_DOUBLE double_score=5.257415771620089e-07 float_slot_score=6.383697007539665e+36
[INFO] [1788860623.361314132] [GADEN]: Legacy V1 coordinate format=NATIVE_DOUBLE double_score=5.257415771620089e-07 float_slot_score=6.383697007539665e+36
[INFO] [1788860623.561885793] [GADEN]: Legacy V1 coordinate format=NATIVE_DOUBLE double_score=5.257415771620089e-07 float_slot_score=6.383697007539665e+36
[INFO] [1788860623.790758729] [GADEN]: Legacy V1 coordinate format=NATIVE_DOUBLE double_score=5.257415771620089e-07 float_slot_score=6.383697007539665e+36
[INFO] [1788860623.962546291] [GADEN]: Legacy V1 coordinate format=NATIVE_DOUBLE double_score=5.257415771620089e-07 float_slot_score=6.383697007539665e+36
[INFO] [1788860624.161442791] [GADEN]: Legacy V1 coordinate format=NATIVE_DOUBLE double_score=5.257415771620089e-07 float_slot_score=6.383697007539665e+36
[INFO] [1788860624.361299841] [GADEN]: Legacy V1 coordinate format=NATIVE_DOUBLE double_score=5.257415771620089e-07 float_slot_score=6.383697007539665e+36
[INFO] [1788860624.562239159] [GADEN]: Legacy V1 coordinate format=NATIVE_DOUBLE double_score=5.257415771620089e-07 float_slot_score=6.383697007539665e+36
[INFO] [1788860624.791471375] [GADEN]: Legacy V1 coordinate format=NATIVE_DOUBLE double_score=5.257415771620089e-07 float_slot_score=6.383697007539665e+36
[INFO] [1788860624.966830854] [GADEN]: Legacy V1 coordinate format=NATIVE_DOUBLE double_score=5.257415771620089e-07 float_slot_score=6.383697007539665e+36
[INFO] [1788860625.162344641] [GADEN]: Legacy V1 coordinate format=NATIVE_DOUBLE double_score=5.257415771620089e-07 float_slot_score=6.383697007539665e+36
[INFO] [1788860625.361214102] [GADEN]: Legacy V1 coordinate format=NATIVE_DOUBLE double_score=5.257415771620089e-07 float_slot_score=6.383697007539665e+36
[INFO] [1788860625.560278548] [GADEN]: Legacy V1 coordinate format=NATIVE_DOUBLE double_score=5.257415771620089e-07 float_slot_score=6.383697007539665e+36
[INFO] [1788860625.791611558] [GADEN]: Legacy V1 coordinate format=NATIVE_DOUBLE double_score=5.257415771620089e-07 float_slot_score=6.383697007539665e+36
[INFO] [1788860625.961053220] [GADEN]: Legacy V1 coordinate format=NATIVE_DOUBLE double_score=5.257415771620089e-07 float_slot_score=6.383697007539665e+36
[INFO] [1788860626.165184414] [GADEN]: Legacy V1 coordinate format=NATIVE_DOUBLE double_score=5.257415771620089e-07 float_slot_score=6.383697007539665e+36
[INFO] [1788860626.360465126] [GADEN]: Legacy V1 coordinate format=NATIVE_DOUBLE double_score=5.257415771620089e-07 float_slot_score=6.383697007539665e+36
[INFO] [1788860626.560507449] [GADEN]: Legacy V1 coordinate format=NATIVE_DOUBLE double_score=5.257415771620089e-07 float_slot_score=6.383697007539665e+36
[INFO] [1788860626.813448274] [GADEN]: Legacy V1 coordinate format=NATIVE_DOUBLE double_score=5.257415771620089e-07 float_slot_score=6.383697007539665e+36
[INFO] [1788860626.960367610] [GADEN]: Legacy V1 coordinate format=NATIVE_DOUBLE double_score=5.257415771620089e-07 float_slot_score=6.383697007539665e+36
[INFO] [1788860627.160404483] [GADEN]: Legacy V1 coordinate format=NATIVE_DOUBLE double_score=5.257415771620089e-07 float_slot_score=6.383697007539665e+36
[INFO] [1788860627.370637410] [GADEN]: Legacy V1 coordinate format=NATIVE_DOUBLE double_score=5.257415771620089e-07 float_slot_score=6.383697007539665e+36
[INFO] [1788860627.560937455] [GADEN]: Legacy V1 coordinate format=NATIVE_DOUBLE double_score=5.257415771620089e-07 float_slot_score=6.383697007539665e+36
[INFO] [1788860627.791115872] [GADEN]: Legacy V1 coordinate format=NATIVE_DOUBLE double_score=5.257415771620089e-07 float_slot_score=6.383697007539665e+36
[INFO] [1788860627.961266957] [GADEN]: Legacy V1 coordinate format=NATIVE_DOUBLE double_score=5.257415771620089e-07 float_slot_score=6.383697007539665e+36
[INFO] [1788860628.165202745] [GADEN]: Legacy V1 coordinate format=NATIVE_DOUBLE double_score=5.257415771620089e-07 float_slot_score=6.383697007539665e+36
[INFO] [1788860628.360762506] [GADEN]: Legacy V1 coordinate format=NATIVE_DOUBLE double_score=5.257415771620089e-07 float_slot_score=6.383697007539665e+36
[INFO] [1788860628.569114094] [GADEN]: Legacy V1 coordinate format=NATIVE_DOUBLE double_score=5.257415771620089e-07 float_slot_score=6.383697007539665e+36
[INFO] [1788860628.780073373] [GADEN]: Legacy V1 coordinate format=NATIVE_DOUBLE double_score=5.257415771620089e-07 float_slot_score=6.383697007539665e+36
[INFO] [1788860628.961170322] [GADEN]: Legacy V1 coordinate format=NATIVE_DOUBLE double_score=5.257415771620089e-07 float_slot_score=6.383697007539665e+36
[INFO] [1788860629.160231943] [GADEN]: Legacy V1 coordinate format=NATIVE_DOUBLE double_score=5.257415771620089e-07 float_slot_score=6.383697007539665e+36
[INFO] [1788860629.360298328] [GADEN]: Legacy V1 coordinate format=NATIVE_DOUBLE double_score=5.257415771620089e-07 float_slot_score=6.383697007539665e+36
[INFO] [1788860629.560322579] [GADEN]: Legacy V1 coordinate format=NATIVE_DOUBLE double_score=5.257415771620089e-07 float_slot_score=6.383697007539665e+36
[INFO] [1788860629.791008672] [GADEN]: Legacy V1 coordinate format=NATIVE_DOUBLE double_score=5.257415771620089e-07 float_slot_score=6.383697007539665e+36
[INFO] [1788860629.962061980] [GADEN]: Legacy V1 coordinate format=NATIVE_DOUBLE double_score=5.257415771620089e-07 float_slot_score=6.383697007539665e+36
[INFO] [1788860630.160298860] [GADEN]: Legacy V1 coordinate format=NATIVE_DOUBLE double_score=5.257415771620089e-07 float_slot_score=6.383697007539665e+36
[INFO] [1788860630.360132968] [GADEN]: Legacy V1 coordinate format=NATIVE_DOUBLE double_score=5.257415771620089e-07 float_slot_score=6.383697007539665e+36
[INFO] [1788860630.562949256] [GADEN]: Legacy V1 coordinate format=NATIVE_DOUBLE double_score=5.257415771620089e-07 float_slot_score=6.383697007539665e+36
[INFO] [1788860630.780784147] [GADEN]: Legacy V1 coordinate format=NATIVE_DOUBLE double_score=5.257415771620089e-07 float_slot_score=6.383697007539665e+36
[INFO] [1788860630.965821434] [GADEN]: Legacy V1 coordinate format=NATIVE_DOUBLE double_score=5.257415771620089e-07 float_slot_score=6.383697007539665e+36
[INFO] [1788860631.160021752] [GADEN]: Legacy V1 coordinate format=NATIVE_DOUBLE double_score=5.257415771620089e-07 float_slot_score=6.383697007539665e+36
[INFO] [1788860631.360533245] [GADEN]: Legacy V1 coordinate format=NATIVE_DOUBLE double_score=5.257415771620089e-07 float_slot_score=6.383697007539665e+36
[INFO] [1788860631.560364338] [GADEN]: Legacy V1 coordinate format=NATIVE_DOUBLE double_score=5.257415771620089e-07 float_slot_score=6.383697007539665e+36
[INFO] [1788860631.780112008] [GADEN]: Legacy V1 coordinate format=NATIVE_DOUBLE double_score=5.257415771620089e-07 float_slot_score=6.383697007539665e+36
[INFO] [1788860631.960559473] [GADEN]: Legacy V1 coordinate format=NATIVE_DOUBLE double_score=5.257415771620089e-07 float_slot_score=6.383697007539665e+36
[INFO] [1788860632.173520656] [GADEN]: Legacy V1 coordinate format=NATIVE_DOUBLE double_score=5.257415771620089e-07 float_slot_score=6.383697007539665e+36
[INFO] [1788860632.370701290] [GADEN]: Legacy V1 coordinate format=NATIVE_DOUBLE double_score=5.257415771620089e-07 float_slot_score=6.383697007539665e+36
[INFO] [1788860632.560857911] [GADEN]: Legacy V1 coordinate format=NATIVE_DOUBLE double_score=5.257415771620089e-07 float_slot_score=6.383697007539665e+36
[INFO] [1788860632.780843284] [GADEN]: Legacy V1 coordinate format=NATIVE_DOUBLE double_score=5.257415771620089e-07 float_slot_score=6.383697007539665e+36
[INFO] [1788860632.960761745] [GADEN]: Legacy V1 coordinate format=NATIVE_DOUBLE double_score=5.257415771620089e-07 float_slot_score=6.383697007539665e+36
[INFO] [1788860633.170852031] [GADEN]: Legacy V1 coordinate format=NATIVE_DOUBLE double_score=5.257415771620089e-07 float_slot_score=6.383697007539665e+36
[INFO] [1788860633.371339698] [GADEN]: Legacy V1 coordinate format=NATIVE_DOUBLE double_score=5.257415771620089e-07 float_slot_score=6.383697007539665e+36
[INFO] [1788860633.562296447] [GADEN]: Legacy V1 coordinate format=NATIVE_DOUBLE double_score=5.257415771620089e-07 float_slot_score=6.383697007539665e+36
[INFO] [1788860633.781194973] [GADEN]: Legacy V1 coordinate format=NATIVE_DOUBLE double_score=5.257415771620089e-07 float_slot_score=6.383697007539665e+36
[INFO] [1788860633.962854032] [GADEN]: Legacy V1 coordinate format=NATIVE_DOUBLE double_score=5.257415771620089e-07 float_slot_score=6.383697007539665e+36
[INFO] [1788860634.172893859] [GADEN]: Legacy V1 coordinate format=NATIVE_DOUBLE double_score=5.257415771620089e-07 float_slot_score=6.383697007539665e+36
[INFO] [1788860634.375544504] [GADEN]: Legacy V1 coordinate format=NATIVE_DOUBLE double_score=5.257415771620089e-07 float_slot_score=6.383697007539665e+36
[INFO] [1788860634.562465074] [GADEN]: Legacy V1 coordinate format=NATIVE_DOUBLE double_score=5.257415771620089e-07 float_slot_score=6.383697007539665e+36
[INFO] [1788860634.791507290] [GADEN]: Legacy V1 coordinate format=NATIVE_DOUBLE double_score=5.257415771620089e-07 float_slot_score=6.383697007539665e+36
[INFO] [1788860634.963044576] [GADEN]: Legacy V1 coordinate format=NATIVE_DOUBLE double_score=5.257415771620089e-07 float_slot_score=6.383697007539665e+36
[INFO] [1788860635.162798194] [GADEN]: Legacy V1 coordinate format=NATIVE_DOUBLE double_score=5.257415771620089e-07 float_slot_score=6.383697007539665e+36
[INFO] [1788860635.371839180] [GADEN]: Legacy V1 coordinate format=NATIVE_DOUBLE double_score=5.257415771620089e-07 float_slot_score=6.383697007539665e+36
[INFO] [1788860635.563807887] [GADEN]: Legacy V1 coordinate format=NATIVE_DOUBLE double_score=5.257415771620089e-07 float_slot_score=6.383697007539665e+36
[INFO] [1788860635.780889320] [GADEN]: Legacy V1 coordinate format=NATIVE_DOUBLE double_score=5.257415771620089e-07 float_slot_score=6.383697007539665e+36
[INFO] [1788860635.963276975] [GADEN]: Legacy V1 coordinate format=NATIVE_DOUBLE double_score=5.257415771620089e-07 float_slot_score=6.383697007539665e+36
[INFO] [1788860636.162614367] [GADEN]: Legacy V1 coordinate format=NATIVE_DOUBLE double_score=5.257415771620089e-07 float_slot_score=6.383697007539665e+36
[INFO] [1788860636.373187837] [GADEN]: Legacy V1 coordinate format=NATIVE_DOUBLE double_score=5.257415771620089e-07 float_slot_score=6.383697007539665e+36
[INFO] [1788860636.564861920] [GADEN]: Legacy V1 coordinate format=NATIVE_DOUBLE double_score=5.257415771620089e-07 float_slot_score=6.383697007539665e+36
[INFO] [1788860636.791115728] [GADEN]: Legacy V1 coordinate format=NATIVE_DOUBLE double_score=5.257415771620089e-07 float_slot_score=6.383697007539665e+36
[INFO] [1788860636.962264724] [GADEN]: Legacy V1 coordinate format=NATIVE_DOUBLE double_score=5.257415771620089e-07 float_slot_score=6.383697007539665e+36
[INFO] [1788860637.173385462] [GADEN]: Legacy V1 coordinate format=NATIVE_DOUBLE double_score=5.257415771620089e-07 float_slot_score=6.383697007539665e+36
[INFO] [1788860637.360628894] [GADEN]: Legacy V1 coordinate format=NATIVE_DOUBLE double_score=5.257415771620089e-07 float_slot_score=6.383697007539665e+36
[INFO] [1788860637.561311000] [GADEN]: Legacy V1 coordinate format=NATIVE_DOUBLE double_score=5.257415771620089e-07 float_slot_score=6.383697007539665e+36
[INFO] [1788860637.790944361] [GADEN]: Legacy V1 coordinate format=NATIVE_DOUBLE double_score=5.257415771620089e-07 float_slot_score=6.383697007539665e+36
[INFO] [1788860637.972685535] [GADEN]: Legacy V1 coordinate format=NATIVE_DOUBLE double_score=5.257415771620089e-07 float_slot_score=6.383697007539665e+36
[INFO] [1788860638.173816050] [GADEN]: Legacy V1 coordinate format=NATIVE_DOUBLE double_score=5.257415771620089e-07 float_slot_score=6.383697007539665e+36
[INFO] [1788860638.372888145] [GADEN]: Legacy V1 coordinate format=NATIVE_DOUBLE double_score=5.257415771620089e-07 float_slot_score=6.383697007539665e+36
[INFO] [1788860638.563444423] [GADEN]: Legacy V1 coordinate format=NATIVE_DOUBLE double_score=5.257415771620089e-07 float_slot_score=6.383697007539665e+36
[INFO] [1788860638.781070549] [GADEN]: Legacy V1 coordinate format=NATIVE_DOUBLE double_score=5.257415771620089e-07 float_slot_score=6.383697007539665e+36
[INFO] [1788860638.963581666] [GADEN]: Legacy V1 coordinate format=NATIVE_DOUBLE double_score=5.257415771620089e-07 float_slot_score=6.383697007539665e+36
[INFO] [1788860639.162485047] [GADEN]: Legacy V1 coordinate format=NATIVE_DOUBLE double_score=5.257415771620089e-07 float_slot_score=6.383697007539665e+36
[INFO] [1788860639.360252339] [GADEN]: Legacy V1 coordinate format=NATIVE_DOUBLE double_score=5.257415771620089e-07 float_slot_score=6.383697007539665e+36
[INFO] [1788860639.562358181] [GADEN]: Legacy V1 coordinate format=NATIVE_DOUBLE double_score=5.257415771620089e-07 float_slot_score=6.383697007539665e+36
[INFO] [1788860639.792785039] [GADEN]: Legacy V1 coordinate format=NATIVE_DOUBLE double_score=5.257415771620089e-07 float_slot_score=6.383697007539665e+36
[INFO] [1788860639.960206595] [GADEN]: Legacy V1 coordinate format=NATIVE_DOUBLE double_score=5.257415771620089e-07 float_slot_score=6.383697007539665e+36
[INFO] [1788860640.162847781] [GADEN]: Legacy V1 coordinate format=NATIVE_DOUBLE double_score=5.257415771620089e-07 float_slot_score=6.383697007539665e+36
[INFO] [1788860640.363484402] [GADEN]: Legacy V1 coordinate format=NATIVE_DOUBLE double_score=5.257415771620089e-07 float_slot_score=6.383697007539665e+36
[INFO] [1788860640.560487959] [GADEN]: Legacy V1 coordinate format=NATIVE_DOUBLE double_score=5.257415771620089e-07 float_slot_score=6.383697007539665e+36
[INFO] [1788860640.781272369] [GADEN]: Legacy V1 coordinate format=NATIVE_DOUBLE double_score=5.257415771620089e-07 float_slot_score=6.383697007539665e+36
[INFO] [1788860640.960140294] [GADEN]: Legacy V1 coordinate format=NATIVE_DOUBLE double_score=5.257415771620089e-07 float_slot_score=6.383697007539665e+36
[INFO] [1788860641.160196976] [GADEN]: Legacy V1 coordinate format=NATIVE_DOUBLE double_score=5.257415771620089e-07 float_slot_score=6.383697007539665e+36
[INFO] [1788860641.364669844] [GADEN]: Legacy V1 coordinate format=NATIVE_DOUBLE double_score=5.257415771620089e-07 float_slot_score=6.383697007539665e+36
[INFO] [1788860641.562186714] [GADEN]: Legacy V1 coordinate format=NATIVE_DOUBLE double_score=5.257415771620089e-07 float_slot_score=6.383697007539665e+36
[INFO] [1788860641.781025274] [GADEN]: Legacy V1 coordinate format=NATIVE_DOUBLE double_score=5.257415771620089e-07 float_slot_score=6.383697007539665e+36
[INFO] [1788860641.962288066] [GADEN]: Legacy V1 coordinate format=NATIVE_DOUBLE double_score=5.257415771620089e-07 float_slot_score=6.383697007539665e+36
[INFO] [1788860642.161819931] [GADEN]: Legacy V1 coordinate format=NATIVE_DOUBLE double_score=5.257415771620089e-07 float_slot_score=6.383697007539665e+36
[INFO] [1788860642.365086736] [GADEN]: Legacy V1 coordinate format=NATIVE_DOUBLE double_score=5.257415771620089e-07 float_slot_score=6.383697007539665e+36
[INFO] [1788860642.560286339] [GADEN]: Legacy V1 coordinate format=NATIVE_DOUBLE double_score=5.257415771620089e-07 float_slot_score=6.383697007539665e+36
[INFO] [1788860642.791336474] [GADEN]: Legacy V1 coordinate format=NATIVE_DOUBLE double_score=5.257415771620089e-07 float_slot_score=6.383697007539665e+36
[INFO] [1788860642.962000272] [GADEN]: Legacy V1 coordinate format=NATIVE_DOUBLE double_score=5.257415771620089e-07 float_slot_score=6.383697007539665e+36
[INFO] [1788860643.163294682] [GADEN]: Legacy V1 coordinate format=NATIVE_DOUBLE double_score=5.257415771620089e-07 float_slot_score=6.383697007539665e+36
[INFO] [1788860643.362234027] [GADEN]: Legacy V1 coordinate format=NATIVE_DOUBLE double_score=5.257415771620089e-07 float_slot_score=6.383697007539665e+36
[INFO] [1788860643.561240588] [GADEN]: Legacy V1 coordinate format=NATIVE_DOUBLE double_score=5.257415771620089e-07 float_slot_score=6.383697007539665e+36
[INFO] [1788860643.780775322] [GADEN]: Legacy V1 coordinate format=NATIVE_DOUBLE double_score=5.257415771620089e-07 float_slot_score=6.383697007539665e+36
[INFO] [1788860643.961264989] [GADEN]: Legacy V1 coordinate format=NATIVE_DOUBLE double_score=5.257415771620089e-07 float_slot_score=6.383697007539665e+36
[INFO] [1788860644.160636864] [GADEN]: Legacy V1 coordinate format=NATIVE_DOUBLE double_score=5.257415771620089e-07 float_slot_score=6.383697007539665e+36
[INFO] [1788860644.360509330] [GADEN]: Legacy V1 coordinate format=NATIVE_DOUBLE double_score=5.257415771620089e-07 float_slot_score=6.383697007539665e+36
[INFO] [1788860644.566035293] [GADEN]: Legacy V1 coordinate format=NATIVE_DOUBLE double_score=5.257415771620089e-07 float_slot_score=6.383697007539665e+36
[INFO] [1788860644.792901717] [GADEN]: Legacy V1 coordinate format=NATIVE_DOUBLE double_score=5.257415771620089e-07 float_slot_score=6.383697007539665e+36
[INFO] [1788860644.960871907] [GADEN]: Legacy V1 coordinate format=NATIVE_DOUBLE double_score=5.257415771620089e-07 float_slot_score=6.383697007539665e+36
[INFO] [1788860645.161538622] [GADEN]: Legacy V1 coordinate format=NATIVE_DOUBLE double_score=5.257415771620089e-07 float_slot_score=6.383697007539665e+36
[INFO] [1788860645.361436092] [GADEN]: Legacy V1 coordinate format=NATIVE_DOUBLE double_score=5.257415771620089e-07 float_slot_score=6.383697007539665e+36
[INFO] [1788860645.560158231] [GADEN]: Legacy V1 coordinate format=NATIVE_DOUBLE double_score=5.257415771620089e-07 float_slot_score=6.383697007539665e+36
[INFO] [1788860645.791410727] [GADEN]: Legacy V1 coordinate format=NATIVE_DOUBLE double_score=5.257415771620089e-07 float_slot_score=6.383697007539665e+36
[INFO] [1788860645.960276305] [GADEN]: Legacy V1 coordinate format=NATIVE_DOUBLE double_score=5.257415771620089e-07 float_slot_score=6.383697007539665e+36
[INFO] [1788860646.161684539] [GADEN]: Legacy V1 coordinate format=NATIVE_DOUBLE double_score=5.257415771620089e-07 float_slot_score=6.383697007539665e+36
[INFO] [1788860646.362262073] [GADEN]: Legacy V1 coordinate format=NATIVE_DOUBLE double_score=5.257415771620089e-07 float_slot_score=6.383697007539665e+36
[INFO] [1788860646.562356500] [GADEN]: Legacy V1 coordinate format=NATIVE_DOUBLE double_score=5.257415771620089e-07 float_slot_score=6.383697007539665e+36
[INFO] [1788860646.780877705] [GADEN]: Legacy V1 coordinate format=NATIVE_DOUBLE double_score=5.257415771620089e-07 float_slot_score=6.383697007539665e+36
[INFO] [1788860646.969938697] [GADEN]: Legacy V1 coordinate format=NATIVE_DOUBLE double_score=5.257415771620089e-07 float_slot_score=6.383697007539665e+36
[INFO] [1788860647.161258560] [GADEN]: Legacy V1 coordinate format=NATIVE_DOUBLE double_score=5.257415771620089e-07 float_slot_score=6.383697007539665e+36
[INFO] [1788860647.360116468] [GADEN]: Legacy V1 coordinate format=NATIVE_DOUBLE double_score=5.257415771620089e-07 float_slot_score=6.383697007539665e+36
[INFO] [1788860647.561519560] [GADEN]: Legacy V1 coordinate format=NATIVE_DOUBLE double_score=5.257415771620089e-07 float_slot_score=6.383697007539665e+36
[INFO] [1788860647.790902867] [GADEN]: Legacy V1 coordinate format=NATIVE_DOUBLE double_score=5.257415771620089e-07 float_slot_score=6.383697007539665e+36
[INFO] [1788860647.961362899] [GADEN]: Legacy V1 coordinate format=NATIVE_DOUBLE double_score=5.257415771620089e-07 float_slot_score=6.383697007539665e+36
[INFO] [1788860648.165873523] [GADEN]: Legacy V1 coordinate format=NATIVE_DOUBLE double_score=5.257415771620089e-07 float_slot_score=6.383697007539665e+36
[INFO] [1788860648.360329683] [GADEN]: Legacy V1 coordinate format=NATIVE_DOUBLE double_score=5.257415771620089e-07 float_slot_score=6.383697007539665e+36
[INFO] [1788860648.560937036] [GADEN]: Legacy V1 coordinate format=NATIVE_DOUBLE double_score=5.257415771620089e-07 float_slot_score=6.383697007539665e+36
[INFO] [1788860648.780075314] [GADEN]: Legacy V1 coordinate format=NATIVE_DOUBLE double_score=5.257415771620089e-07 float_slot_score=6.383697007539665e+36
[INFO] [1788860648.960632441] [GADEN]: Legacy V1 coordinate format=NATIVE_DOUBLE double_score=5.257415771620089e-07 float_slot_score=6.383697007539665e+36
[INFO] [1788860649.160646583] [GADEN]: Legacy V1 coordinate format=NATIVE_DOUBLE double_score=5.257415771620089e-07 float_slot_score=6.383697007539665e+36
[INFO] [1788860649.360365841] [GADEN]: Legacy V1 coordinate format=NATIVE_DOUBLE double_score=5.257415771620089e-07 float_slot_score=6.383697007539665e+36
[INFO] [1788860649.559953769] [GADEN]: Legacy V1 coordinate format=NATIVE_DOUBLE double_score=5.257415771620089e-07 float_slot_score=6.383697007539665e+36
[INFO] [1788860649.780278924] [GADEN]: Legacy V1 coordinate format=NATIVE_DOUBLE double_score=5.257415771620089e-07 float_slot_score=6.383697007539665e+36
[INFO] [1788860649.961256899] [GADEN]: Legacy V1 coordinate format=NATIVE_DOUBLE double_score=5.257415771620089e-07 float_slot_score=6.383697007539665e+36
[INFO] [1788860650.161670767] [GADEN]: Legacy V1 coordinate format=NATIVE_DOUBLE double_score=5.257415771620089e-07 float_slot_score=6.383697007539665e+36
[INFO] [1788860650.367115854] [GADEN]: Legacy V1 coordinate format=NATIVE_DOUBLE double_score=5.257415771620089e-07 float_slot_score=6.383697007539665e+36
[INFO] [1788860650.561416016] [GADEN]: Legacy V1 coordinate format=NATIVE_DOUBLE double_score=5.257415771620089e-07 float_slot_score=6.383697007539665e+36
[INFO] [1788860650.780365561] [GADEN]: Legacy V1 coordinate format=NATIVE_DOUBLE double_score=5.257415771620089e-07 float_slot_score=6.383697007539665e+36
[INFO] [1788860650.962963826] [GADEN]: Legacy V1 coordinate format=NATIVE_DOUBLE double_score=5.257415771620089e-07 float_slot_score=6.383697007539665e+36
[INFO] [1788860651.160645626] [GADEN]: Legacy V1 coordinate format=NATIVE_DOUBLE double_score=5.257415771620089e-07 float_slot_score=6.383697007539665e+36
[INFO] [1788860651.362840877] [GADEN]: Legacy V1 coordinate format=NATIVE_DOUBLE double_score=5.257415771620089e-07 float_slot_score=6.383697007539665e+36
[INFO] [1788860651.561353386] [GADEN]: Legacy V1 coordinate format=NATIVE_DOUBLE double_score=5.257415771620089e-07 float_slot_score=6.383697007539665e+36
[INFO] [1788860651.780668458] [GADEN]: Legacy V1 coordinate format=NATIVE_DOUBLE double_score=5.257415771620089e-07 float_slot_score=6.383697007539665e+36
[INFO] [1788860651.962869798] [GADEN]: Legacy V1 coordinate format=NATIVE_DOUBLE double_score=5.257415771620089e-07 float_slot_score=6.383697007539665e+36
[INFO] [1788860652.162439261] [GADEN]: Legacy V1 coordinate format=NATIVE_DOUBLE double_score=5.257415771620089e-07 float_slot_score=6.383697007539665e+36
[INFO] [1788860652.362739631] [GADEN]: Legacy V1 coordinate format=NATIVE_DOUBLE double_score=5.257415771620089e-07 float_slot_score=6.383697007539665e+36
[INFO] [1788860652.567939191] [GADEN]: Legacy V1 coordinate format=NATIVE_DOUBLE double_score=5.257415771620089e-07 float_slot_score=6.383697007539665e+36
[INFO] [1788860652.790283185] [GADEN]: Legacy V1 coordinate format=NATIVE_DOUBLE double_score=5.257415771620089e-07 float_slot_score=6.383697007539665e+36
[INFO] [1788860652.961743849] [GADEN]: Legacy V1 coordinate format=NATIVE_DOUBLE double_score=5.257415771620089e-07 float_slot_score=6.383697007539665e+36
[INFO] [1788860653.162813259] [GADEN]: Legacy V1 coordinate format=NATIVE_DOUBLE double_score=5.257415771620089e-07 float_slot_score=6.383697007539665e+36
[INFO] [1788860653.362744383] [GADEN]: Legacy V1 coordinate format=NATIVE_DOUBLE double_score=5.257415771620089e-07 float_slot_score=6.383697007539665e+36
[INFO] [1788860653.560373474] [GADEN]: Legacy V1 coordinate format=NATIVE_DOUBLE double_score=5.257415771620089e-07 float_slot_score=6.383697007539665e+36
[INFO] [1788860653.791884085] [GADEN]: Legacy V1 coordinate format=NATIVE_DOUBLE double_score=5.257415771620089e-07 float_slot_score=6.383697007539665e+36
[INFO] [1788860653.961907614] [GADEN]: Legacy V1 coordinate format=NATIVE_DOUBLE double_score=5.257415771620089e-07 float_slot_score=6.383697007539665e+36
[INFO] [1788860654.162687532] [GADEN]: Legacy V1 coordinate format=NATIVE_DOUBLE double_score=5.257415771620089e-07 float_slot_score=6.383697007539665e+36
[INFO] [1788860654.363040387] [GADEN]: Legacy V1 coordinate format=NATIVE_DOUBLE double_score=5.257415771620089e-07 float_slot_score=6.383697007539665e+36
[INFO] [1788860654.561790874] [GADEN]: Legacy V1 coordinate format=NATIVE_DOUBLE double_score=5.257415771620089e-07 float_slot_score=6.383697007539665e+36
[INFO] [1788860654.793051014] [GADEN]: Legacy V1 coordinate format=NATIVE_DOUBLE double_score=5.257415771620089e-07 float_slot_score=6.383697007539665e+36
[INFO] [1788860654.963462630] [GADEN]: Legacy V1 coordinate format=NATIVE_DOUBLE double_score=5.257415771620089e-07 float_slot_score=6.383697007539665e+36
[INFO] [1788860655.162538821] [GADEN]: Legacy V1 coordinate format=NATIVE_DOUBLE double_score=5.257415771620089e-07 float_slot_score=6.383697007539665e+36
[INFO] [1788860655.363140114] [GADEN]: Legacy V1 coordinate format=NATIVE_DOUBLE double_score=5.257415771620089e-07 float_slot_score=6.383697007539665e+36
[INFO] [1788860655.562608811] [GADEN]: Legacy V1 coordinate format=NATIVE_DOUBLE double_score=5.257415771620089e-07 float_slot_score=6.383697007539665e+36
[INFO] [1788860655.780710921] [GADEN]: Legacy V1 coordinate format=NATIVE_DOUBLE double_score=5.257415771620089e-07 float_slot_score=6.383697007539665e+36
[INFO] [1788860655.962807319] [GADEN]: Legacy V1 coordinate format=NATIVE_DOUBLE double_score=5.257415771620089e-07 float_slot_score=6.383697007539665e+36
[INFO] [1788860656.161803295] [GADEN]: Legacy V1 coordinate format=NATIVE_DOUBLE double_score=5.257415771620089e-07 float_slot_score=6.383697007539665e+36
[INFO] [1788860656.363174698] [GADEN]: Legacy V1 coordinate format=NATIVE_DOUBLE double_score=5.257415771620089e-07 float_slot_score=6.383697007539665e+36
[INFO] [1788860656.562851033] [GADEN]: Legacy V1 coordinate format=NATIVE_DOUBLE double_score=5.257415771620089e-07 float_slot_score=6.383697007539665e+36
[INFO] [1788860656.790667503] [GADEN]: Legacy V1 coordinate format=NATIVE_DOUBLE double_score=5.257415771620089e-07 float_slot_score=6.383697007539665e+36
[INFO] [1788860656.961303622] [GADEN]: Legacy V1 coordinate format=NATIVE_DOUBLE double_score=5.257415771620089e-07 float_slot_score=6.383697007539665e+36
[INFO] [1788860657.162172965] [GADEN]: Legacy V1 coordinate format=NATIVE_DOUBLE double_score=5.257415771620089e-07 float_slot_score=6.383697007539665e+36
[INFO] [1788860657.360324300] [GADEN]: Legacy V1 coordinate format=NATIVE_DOUBLE double_score=5.257415771620089e-07 float_slot_score=6.383697007539665e+36
[INFO] [1788860657.561667996] [GADEN]: Legacy V1 coordinate format=NATIVE_DOUBLE double_score=5.257415771620089e-07 float_slot_score=6.383697007539665e+36
[INFO] [1788860657.790838816] [GADEN]: Legacy V1 coordinate format=NATIVE_DOUBLE double_score=5.257415771620089e-07 float_slot_score=6.383697007539665e+36
[INFO] [1788860657.962686837] [GADEN]: Legacy V1 coordinate format=NATIVE_DOUBLE double_score=5.257415771620089e-07 float_slot_score=6.383697007539665e+36
[INFO] [1788860658.164569907] [GADEN]: Legacy V1 coordinate format=NATIVE_DOUBLE double_score=5.257415771620089e-07 float_slot_score=6.383697007539665e+36
[INFO] [1788860658.361721114] [GADEN]: Legacy V1 coordinate format=NATIVE_DOUBLE double_score=5.257415771620089e-07 float_slot_score=6.383697007539665e+36
[INFO] [1788860658.562749609] [GADEN]: Legacy V1 coordinate format=NATIVE_DOUBLE double_score=5.257415771620089e-07 float_slot_score=6.383697007539665e+36
[INFO] [1788860658.791455487] [GADEN]: Legacy V1 coordinate format=NATIVE_DOUBLE double_score=5.257415771620089e-07 float_slot_score=6.383697007539665e+36
[INFO] [1788860658.961866259] [GADEN]: Legacy V1 coordinate format=NATIVE_DOUBLE double_score=5.257415771620089e-07 float_slot_score=6.383697007539665e+36
[INFO] [1788860659.160968006] [GADEN]: Legacy V1 coordinate format=NATIVE_DOUBLE double_score=5.257415771620089e-07 float_slot_score=6.383697007539665e+36
[INFO] [1788860659.363653138] [GADEN]: Legacy V1 coordinate format=NATIVE_DOUBLE double_score=5.257415771620089e-07 float_slot_score=6.383697007539665e+36
[INFO] [1788860659.563137659] [GADEN]: Legacy V1 coordinate format=NATIVE_DOUBLE double_score=5.257415771620089e-07 float_slot_score=6.383697007539665e+36
[INFO] [1788860659.791061742] [GADEN]: Legacy V1 coordinate format=NATIVE_DOUBLE double_score=5.257415771620089e-07 float_slot_score=6.383697007539665e+36
[INFO] [1788860659.970973832] [GADEN]: Legacy V1 coordinate format=NATIVE_DOUBLE double_score=5.257415771620089e-07 float_slot_score=6.383697007539665e+36
[INFO] [1788860660.163561174] [GADEN]: Legacy V1 coordinate format=NATIVE_DOUBLE double_score=5.257415771620089e-07 float_slot_score=6.383697007539665e+36
[INFO] [1788860660.361473145] [GADEN]: Legacy V1 coordinate format=NATIVE_DOUBLE double_score=5.257415771620089e-07 float_slot_score=6.383697007539665e+36
[INFO] [1788860660.562931875] [GADEN]: Legacy V1 coordinate format=NATIVE_DOUBLE double_score=5.257415771620089e-07 float_slot_score=6.383697007539665e+36
[INFO] [1788860660.780369128] [GADEN]: Legacy V1 coordinate format=NATIVE_DOUBLE double_score=5.257415771620089e-07 float_slot_score=6.383697007539665e+36
[INFO] [1788860660.960928618] [GADEN]: Legacy V1 coordinate format=NATIVE_DOUBLE double_score=5.257415771620089e-07 float_slot_score=6.383697007539665e+36
[INFO] [1788860661.162371871] [GADEN]: Legacy V1 coordinate format=NATIVE_DOUBLE double_score=5.257415771620089e-07 float_slot_score=6.383697007539665e+36
[INFO] [1788860661.360383749] [GADEN]: Legacy V1 coordinate format=NATIVE_DOUBLE double_score=5.257415771620089e-07 float_slot_score=6.383697007539665e+36
[INFO] [1788860661.564830476] [GADEN]: Legacy V1 coordinate format=NATIVE_DOUBLE double_score=5.257415771620089e-07 float_slot_score=6.383697007539665e+36
[INFO] [1788860661.790982217] [GADEN]: Legacy V1 coordinate format=NATIVE_DOUBLE double_score=5.257415771620089e-07 float_slot_score=6.383697007539665e+36
[INFO] [1788860661.962373495] [GADEN]: Legacy V1 coordinate format=NATIVE_DOUBLE double_score=5.257415771620089e-07 float_slot_score=6.383697007539665e+36
[INFO] [1788860662.162644578] [GADEN]: Legacy V1 coordinate format=NATIVE_DOUBLE double_score=5.257415771620089e-07 float_slot_score=6.383697007539665e+36
[INFO] [1788860662.360051807] [GADEN]: Legacy V1 coordinate format=NATIVE_DOUBLE double_score=5.257415771620089e-07 float_slot_score=6.383697007539665e+36
[INFO] [1788860662.563889887] [GADEN]: Legacy V1 coordinate format=NATIVE_DOUBLE double_score=5.257415771620089e-07 float_slot_score=6.383697007539665e+36
[INFO] [1788860662.780921386] [GADEN]: Legacy V1 coordinate format=NATIVE_DOUBLE double_score=5.257415771620089e-07 float_slot_score=6.383697007539665e+36
[INFO] [1788860662.961725467] [GADEN]: Legacy V1 coordinate format=NATIVE_DOUBLE double_score=5.257415771620089e-07 float_slot_score=6.383697007539665e+36
[INFO] [1788860663.170665633] [GADEN]: Legacy V1 coordinate format=NATIVE_DOUBLE double_score=5.257415771620089e-07 float_slot_score=6.383697007539665e+36
[INFO] [1788860663.360950097] [GADEN]: Legacy V1 coordinate format=NATIVE_DOUBLE double_score=5.257415771620089e-07 float_slot_score=6.383697007539665e+36
[INFO] [1788860663.562916792] [GADEN]: Legacy V1 coordinate format=NATIVE_DOUBLE double_score=5.257415771620089e-07 float_slot_score=6.383697007539665e+36
[INFO] [1788860663.782558122] [GADEN]: Legacy V1 coordinate format=NATIVE_DOUBLE double_score=5.257415771620089e-07 float_slot_score=6.383697007539665e+36
[INFO] [1788860663.961697142] [GADEN]: Legacy V1 coordinate format=NATIVE_DOUBLE double_score=5.257415771620089e-07 float_slot_score=6.383697007539665e+36
[INFO] [1788860664.169579962] [GADEN]: Legacy V1 coordinate format=NATIVE_DOUBLE double_score=5.257415771620089e-07 float_slot_score=6.383697007539665e+36
[INFO] [1788860664.361227188] [GADEN]: Legacy V1 coordinate format=NATIVE_DOUBLE double_score=5.257415771620089e-07 float_slot_score=6.383697007539665e+36
[INFO] [1788860664.564452068] [GADEN]: Legacy V1 coordinate format=NATIVE_DOUBLE double_score=5.257415771620089e-07 float_slot_score=6.383697007539665e+36
[INFO] [1788860664.793489593] [GADEN]: Legacy V1 coordinate format=NATIVE_DOUBLE double_score=5.257415771620089e-07 float_slot_score=6.383697007539665e+36
[INFO] [1788860664.963164980] [GADEN]: Legacy V1 coordinate format=NATIVE_DOUBLE double_score=5.257415771620089e-07 float_slot_score=6.383697007539665e+36
[INFO] [1788860665.162655227] [GADEN]: Legacy V1 coordinate format=NATIVE_DOUBLE double_score=5.257415771620089e-07 float_slot_score=6.383697007539665e+36
[INFO] [1788860665.360476430] [GADEN]: Legacy V1 coordinate format=NATIVE_DOUBLE double_score=5.257415771620089e-07 float_slot_score=6.383697007539665e+36
[INFO] [1788860665.563172257] [GADEN]: Legacy V1 coordinate format=NATIVE_DOUBLE double_score=5.257415771620089e-07 float_slot_score=6.383697007539665e+36
[INFO] [1788860665.791176838] [GADEN]: Legacy V1 coordinate format=NATIVE_DOUBLE double_score=5.257415771620089e-07 float_slot_score=6.383697007539665e+36
[INFO] [1788860665.978660749] [GADEN]: Legacy V1 coordinate format=NATIVE_DOUBLE double_score=5.257415771620089e-07 float_slot_score=6.383697007539665e+36
[INFO] [1788860666.161880005] [GADEN]: Legacy V1 coordinate format=NATIVE_DOUBLE double_score=5.257415771620089e-07 float_slot_score=6.383697007539665e+36
[INFO] [1788860666.361380047] [GADEN]: Legacy V1 coordinate format=NATIVE_DOUBLE double_score=5.257415771620089e-07 float_slot_score=6.383697007539665e+36
[INFO] [1788860666.573740457] [GADEN]: Legacy V1 coordinate format=NATIVE_DOUBLE double_score=5.257415771620089e-07 float_slot_score=6.383697007539665e+36
[INFO] [1788860666.781171348] [GADEN]: Legacy V1 coordinate format=NATIVE_DOUBLE double_score=5.257415771620089e-07 float_slot_score=6.383697007539665e+36
[INFO] [1788860666.974643884] [GADEN]: Legacy V1 coordinate format=NATIVE_DOUBLE double_score=5.257415771620089e-07 float_slot_score=6.383697007539665e+36
[INFO] [1788860667.161329665] [GADEN]: Legacy V1 coordinate format=NATIVE_DOUBLE double_score=5.257415771620089e-07 float_slot_score=6.383697007539665e+36
[INFO] [1788860667.363358834] [GADEN]: Legacy V1 coordinate format=NATIVE_DOUBLE double_score=5.257415771620089e-07 float_slot_score=6.383697007539665e+36
[INFO] [1788860667.562330947] [GADEN]: Legacy V1 coordinate format=NATIVE_DOUBLE double_score=5.257415771620089e-07 float_slot_score=6.383697007539665e+36
[INFO] [1788860667.780734157] [GADEN]: Legacy V1 coordinate format=NATIVE_DOUBLE double_score=5.257415771620089e-07 float_slot_score=6.383697007539665e+36
[INFO] [1788860667.963060702] [GADEN]: Legacy V1 coordinate format=NATIVE_DOUBLE double_score=5.257415771620089e-07 float_slot_score=6.383697007539665e+36
[INFO] [1788860668.164975246] [GADEN]: Legacy V1 coordinate format=NATIVE_DOUBLE double_score=5.257415771620089e-07 float_slot_score=6.383697007539665e+36
[INFO] [1788860668.374565877] [GADEN]: Legacy V1 coordinate format=NATIVE_DOUBLE double_score=5.257415771620089e-07 float_slot_score=6.383697007539665e+36
[INFO] [1788860668.560821738] [GADEN]: Legacy V1 coordinate format=NATIVE_DOUBLE double_score=5.257415771620089e-07 float_slot_score=6.383697007539665e+36
[INFO] [1788860668.781221586] [GADEN]: Legacy V1 coordinate format=NATIVE_DOUBLE double_score=5.257415771620089e-07 float_slot_score=6.383697007539665e+36
[INFO] [1788860668.960911150] [GADEN]: Legacy V1 coordinate format=NATIVE_DOUBLE double_score=5.257415771620089e-07 float_slot_score=6.383697007539665e+36
[INFO] [1788860669.160593460] [GADEN]: Legacy V1 coordinate format=NATIVE_DOUBLE double_score=5.257415771620089e-07 float_slot_score=6.383697007539665e+36
[INFO] [1788860669.363204114] [GADEN]: Legacy V1 coordinate format=NATIVE_DOUBLE double_score=5.257415771620089e-07 float_slot_score=6.383697007539665e+36
[INFO] [1788860669.561679154] [GADEN]: Legacy V1 coordinate format=NATIVE_DOUBLE double_score=5.257415771620089e-07 float_slot_score=6.383697007539665e+36
[INFO] [1788860669.780899027] [GADEN]: Legacy V1 coordinate format=NATIVE_DOUBLE double_score=5.257415771620089e-07 float_slot_score=6.383697007539665e+36
[INFO] [1788860669.973445116] [GADEN]: Legacy V1 coordinate format=NATIVE_DOUBLE double_score=5.257415771620089e-07 float_slot_score=6.383697007539665e+36
[INFO] [1788860670.162757022] [GADEN]: Legacy V1 coordinate format=NATIVE_DOUBLE double_score=5.257415771620089e-07 float_slot_score=6.383697007539665e+36
[INFO] [1788860670.362922096] [GADEN]: Legacy V1 coordinate format=NATIVE_DOUBLE double_score=5.257415771620089e-07 float_slot_score=6.383697007539665e+36
[INFO] [1788860670.561510387] [GADEN]: Legacy V1 coordinate format=NATIVE_DOUBLE double_score=5.257415771620089e-07 float_slot_score=6.383697007539665e+36
[INFO] [1788860670.780854904] [GADEN]: Legacy V1 coordinate format=NATIVE_DOUBLE double_score=5.257415771620089e-07 float_slot_score=6.383697007539665e+36
[INFO] [1788860670.972902028] [GADEN]: Legacy V1 coordinate format=NATIVE_DOUBLE double_score=5.257415771620089e-07 float_slot_score=6.383697007539665e+36
[INFO] [1788860671.161432602] [GADEN]: Legacy V1 coordinate format=NATIVE_DOUBLE double_score=5.257415771620089e-07 float_slot_score=6.383697007539665e+36
[INFO] [1788860671.361943802] [GADEN]: Legacy V1 coordinate format=NATIVE_DOUBLE double_score=5.257415771620089e-07 float_slot_score=6.383697007539665e+36
[INFO] [1788860671.564644665] [GADEN]: Legacy V1 coordinate format=NATIVE_DOUBLE double_score=5.257415771620089e-07 float_slot_score=6.383697007539665e+36
[INFO] [1788860671.790938515] [GADEN]: Legacy V1 coordinate format=NATIVE_DOUBLE double_score=5.257415771620089e-07 float_slot_score=6.383697007539665e+36
[INFO] [1788860671.960730227] [GADEN]: Legacy V1 coordinate format=NATIVE_DOUBLE double_score=5.257415771620089e-07 float_slot_score=6.383697007539665e+36
[INFO] [1788860672.163178544] [GADEN]: Legacy V1 coordinate format=NATIVE_DOUBLE double_score=5.257415771620089e-07 float_slot_score=6.383697007539665e+36
[INFO] [1788860672.361961545] [GADEN]: Legacy V1 coordinate format=NATIVE_DOUBLE double_score=5.257415771620089e-07 float_slot_score=6.383697007539665e+36
[INFO] [1788860672.563685075] [GADEN]: Legacy V1 coordinate format=NATIVE_DOUBLE double_score=5.257415771620089e-07 float_slot_score=6.383697007539665e+36
[INFO] [1788860672.780879816] [GADEN]: Legacy V1 coordinate format=NATIVE_DOUBLE double_score=5.257415771620089e-07 float_slot_score=6.383697007539665e+36
[INFO] [1788860672.960513143] [GADEN]: Legacy V1 coordinate format=NATIVE_DOUBLE double_score=5.257415771620089e-07 float_slot_score=6.383697007539665e+36
[INFO] [1788860673.161590256] [GADEN]: Legacy V1 coordinate format=NATIVE_DOUBLE double_score=5.257415771620089e-07 float_slot_score=6.383697007539665e+36
[INFO] [1788860673.362447980] [GADEN]: Legacy V1 coordinate format=NATIVE_DOUBLE double_score=5.257415771620089e-07 float_slot_score=6.383697007539665e+36
[INFO] [1788860673.560618363] [GADEN]: Legacy V1 coordinate format=NATIVE_DOUBLE double_score=5.257415771620089e-07 float_slot_score=6.383697007539665e+36
[INFO] [1788860673.793059535] [GADEN]: Legacy V1 coordinate format=NATIVE_DOUBLE double_score=5.257415771620089e-07 float_slot_score=6.383697007539665e+36
[INFO] [1788860673.963380669] [GADEN]: Legacy V1 coordinate format=NATIVE_DOUBLE double_score=5.257415771620089e-07 float_slot_score=6.383697007539665e+36
[INFO] [1788860674.163150066] [GADEN]: Legacy V1 coordinate format=NATIVE_DOUBLE double_score=5.257415771620089e-07 float_slot_score=6.383697007539665e+36
[INFO] [1788860674.362586885] [GADEN]: Legacy V1 coordinate format=NATIVE_DOUBLE double_score=5.257415771620089e-07 float_slot_score=6.383697007539665e+36
[INFO] [1788860674.563278017] [GADEN]: Legacy V1 coordinate format=NATIVE_DOUBLE double_score=5.257415771620089e-07 float_slot_score=6.383697007539665e+36
[INFO] [1788860674.795302191] [GADEN]: Legacy V1 coordinate format=NATIVE_DOUBLE double_score=5.257415771620089e-07 float_slot_score=6.383697007539665e+36
[INFO] [1788860674.961075994] [GADEN]: Legacy V1 coordinate format=NATIVE_DOUBLE double_score=5.257415771620089e-07 float_slot_score=6.383697007539665e+36
[INFO] [1788860675.160731343] [GADEN]: Legacy V1 coordinate format=NATIVE_DOUBLE double_score=5.257415771620089e-07 float_slot_score=6.383697007539665e+36
[INFO] [1788860675.361063053] [GADEN]: Legacy V1 coordinate format=NATIVE_DOUBLE double_score=5.257415771620089e-07 float_slot_score=6.383697007539665e+36
[INFO] [1788860675.562192068] [GADEN]: Legacy V1 coordinate format=NATIVE_DOUBLE double_score=5.257415771620089e-07 float_slot_score=6.383697007539665e+36
[INFO] [1788860675.780753961] [GADEN]: Legacy V1 coordinate format=NATIVE_DOUBLE double_score=5.257415771620089e-07 float_slot_score=6.383697007539665e+36
[INFO] [1788860675.962979440] [GADEN]: Legacy V1 coordinate format=NATIVE_DOUBLE double_score=5.257415771620089e-07 float_slot_score=6.383697007539665e+36
[INFO] [1788860676.160502461] [GADEN]: Legacy V1 coordinate format=NATIVE_DOUBLE double_score=5.257415771620089e-07 float_slot_score=6.383697007539665e+36
[INFO] [1788860676.360487197] [GADEN]: Legacy V1 coordinate format=NATIVE_DOUBLE double_score=5.257415771620089e-07 float_slot_score=6.383697007539665e+36
[INFO] [1788860676.560344793] [GADEN]: Legacy V1 coordinate format=NATIVE_DOUBLE double_score=5.257415771620089e-07 float_slot_score=6.383697007539665e+36
[INFO] [1788860676.791762730] [GADEN]: Legacy V1 coordinate format=NATIVE_DOUBLE double_score=5.257415771620089e-07 float_slot_score=6.383697007539665e+36
[INFO] [1788860676.982389939] [GADEN]: Legacy V1 coordinate format=NATIVE_DOUBLE double_score=5.257415771620089e-07 float_slot_score=6.383697007539665e+36
[INFO] [1788860677.175291672] [GADEN]: Legacy V1 coordinate format=NATIVE_DOUBLE double_score=5.257415771620089e-07 float_slot_score=6.383697007539665e+36
[INFO] [1788860677.383762352] [GADEN]: Legacy V1 coordinate format=NATIVE_DOUBLE double_score=5.257415771620089e-07 float_slot_score=6.383697007539665e+36
[INFO] [1788860677.578689146] [GADEN]: Legacy V1 coordinate format=NATIVE_DOUBLE double_score=5.257415771620089e-07 float_slot_score=6.383697007539665e+36
[INFO] [1788860677.797243929] [GADEN]: Legacy V1 coordinate format=NATIVE_DOUBLE double_score=5.257415771620089e-07 float_slot_score=6.383697007539665e+36
[INFO] [1788860677.986376092] [GADEN]: Legacy V1 coordinate format=NATIVE_DOUBLE double_score=5.257415771620089e-07 float_slot_score=6.383697007539665e+36
[INFO] [1788860678.178252868] [GADEN]: Legacy V1 coordinate format=NATIVE_DOUBLE double_score=5.257415771620089e-07 float_slot_score=6.383697007539665e+36
[INFO] [1788860683.387276028] [rclcpp]: signal_handler(signum=15)
