[WARN] [1788891705.906604880] [GadenPlayer]: 
--- Deprecation notice ---
You are using ROS parameters to specify the Gaden configuration. This is now considered deprecated (though, for now, still valid).
You should update your configuration to use a gaden project (see test_env for examples).
You can easily configure a gaden project with 'ros2 run gaden_common gaden_gui
----
[INFO] [1788891705.907153471] [GadenPlayer]: num_simulators: 1
[INFO] [1788891705.907393792] [GadenPlayer]: simulation_data_0: /mnt/hgfs/workspace/GADEN_files/scenarios/House03/gas_simulations/1-2,5_fast/FilamentSimulation_gasType_10_sourcePosition_-0.45_1.90_-0.10
[INFO] [1788891705.919645831] [GadenPlayer]: Looking for wind files in:
	-'/mnt/hgfs/workspace/GADEN_files/scenarios/House03/wind'
	-'/mnt/hgfs/workspace/GADEN_files/scenarios/House03/gas_simulations/1-2,5_fast/FilamentSimulation_gasType_10_sourcePosition_-0.45_1.90_-0.10/wind'
[INFO] [1788891705.920896646] [GadenPlayer]: Found wind files at '/mnt/hgfs/workspace/GADEN_files/scenarios/House03/gas_simulations/1-2,5_fast/FilamentSimulation_gasType_10_sourcePosition_-0.45_1.90_-0.10/wind'
[INFO] [1788891706.250985254] [GadenPlayer]: Loaded environment: min=(-0.85,-1.86,-0.95) max=(12.90,6.39,1.55) dimensions=(138,83,25) cell_size=0.1
[INFO] [1788891706.254494902] [GadenPlayer]: player_freq 1.00 Hz
[WARN] [1788891706.257198435] [GADEN]: You are reading a log file that was generated with an old version of gaden. While it should work correctly, if you experience any bugs, this is likely the cause. You can just re-run the filament simulator node to generate an updated version of the simulation
[INFO] [1788891706.257540336] [GADEN]: Legacy V1 coordinate format=NATIVE_DOUBLE double_score=5.474090585266822e-07 float_slot_score=1.4222739657895211e+35
[INFO] [1788891711.808198745] [GADEN]: Legacy V1 coordinate format=NATIVE_DOUBLE double_score=5.474090585266822e-07 float_slot_score=1.4222739657895211e+35
[INFO] [1788891721.451304200] [GADEN]: Legacy V1 coordinate format=NATIVE_DOUBLE double_score=5.474090585266822e-07 float_slot_score=1.4222739657895211e+35
[INFO] [1788891721.649379434] [GADEN]: Legacy V1 coordinate format=NATIVE_DOUBLE double_score=5.474090585266822e-07 float_slot_score=1.4222739657895211e+35
[INFO] [1788891721.868243171] [GADEN]: Legacy V1 coordinate format=NATIVE_DOUBLE double_score=5.474090585266822e-07 float_slot_score=1.4222739657895211e+35
[INFO] [1788891722.050708874] [GADEN]: Legacy V1 coordinate format=NATIVE_DOUBLE double_score=5.474090585266822e-07 float_slot_score=1.4222739657895211e+35
[INFO] [1788891722.250312853] [GADEN]: Legacy V1 coordinate format=NATIVE_DOUBLE double_score=5.474090585266822e-07 float_slot_score=1.4222739657895211e+35
[INFO] [1788891722.451124773] [GADEN]: Legacy V1 coordinate format=NATIVE_DOUBLE double_score=5.474090585266822e-07 float_slot_score=1.4222739657895211e+35
[INFO] [1788891722.648151557] [GADEN]: Legacy V1 coordinate format=NATIVE_DOUBLE double_score=5.474090585266822e-07 float_slot_score=1.4222739657895211e+35
[INFO] [1788891722.878406537] [GADEN]: Legacy V1 coordinate format=NATIVE_DOUBLE double_score=5.474090585266822e-07 float_slot_score=1.4222739657895211e+35
[INFO] [1788891723.050428769] [GADEN]: Legacy V1 coordinate format=NATIVE_DOUBLE double_score=5.474090585266822e-07 float_slot_score=1.4222739657895211e+35
[INFO] [1788891723.248987739] [GADEN]: Legacy V1 coordinate format=NATIVE_DOUBLE double_score=5.474090585266822e-07 float_slot_score=1.4222739657895211e+35
[INFO] [1788891723.450989467] [GADEN]: Legacy V1 coordinate format=NATIVE_DOUBLE double_score=5.474090585266822e-07 float_slot_score=1.4222739657895211e+35
[INFO] [1788891723.650133160] [GADEN]: Legacy V1 coordinate format=NATIVE_DOUBLE double_score=5.474090585266822e-07 float_slot_score=1.4222739657895211e+35
[INFO] [1788891723.879803452] [GADEN]: Legacy V1 coordinate format=NATIVE_DOUBLE double_score=5.474090585266822e-07 float_slot_score=1.4222739657895211e+35
[INFO] [1788891724.049011007] [GADEN]: Legacy V1 coordinate format=NATIVE_DOUBLE double_score=5.474090585266822e-07 float_slot_score=1.4222739657895211e+35
[INFO] [1788891724.250810983] [GADEN]: Legacy V1 coordinate format=NATIVE_DOUBLE double_score=5.474090585266822e-07 float_slot_score=1.4222739657895211e+35
[INFO] [1788891724.451078236] [GADEN]: Legacy V1 coordinate format=NATIVE_DOUBLE double_score=5.474090585266822e-07 float_slot_score=1.4222739657895211e+35
[INFO] [1788891724.650934297] [GADEN]: Legacy V1 coordinate format=NATIVE_DOUBLE double_score=5.474090585266822e-07 float_slot_score=1.4222739657895211e+35
[INFO] [1788891724.867964612] [GADEN]: Legacy V1 coordinate format=NATIVE_DOUBLE double_score=5.474090585266822e-07 float_slot_score=1.4222739657895211e+35
[INFO] [1788891725.049488770] [GADEN]: Legacy V1 coordinate format=NATIVE_DOUBLE double_score=5.474090585266822e-07 float_slot_score=1.4222739657895211e+35
[INFO] [1788891725.250326040] [GADEN]: Legacy V1 coordinate format=NATIVE_DOUBLE double_score=5.474090585266822e-07 float_slot_score=1.4222739657895211e+35
[INFO] [1788891725.448929078] [GADEN]: Legacy V1 coordinate format=NATIVE_DOUBLE double_score=5.474090585266822e-07 float_slot_score=1.4222739657895211e+35
[INFO] [1788891725.649111794] [GADEN]: Legacy V1 coordinate format=NATIVE_DOUBLE double_score=5.474090585266822e-07 float_slot_score=1.4222739657895211e+35
[INFO] [1788891725.872245237] [GADEN]: Legacy V1 coordinate format=NATIVE_DOUBLE double_score=5.474090585266822e-07 float_slot_score=1.4222739657895211e+35
[INFO] [1788891726.050280090] [GADEN]: Legacy V1 coordinate format=NATIVE_DOUBLE double_score=5.474090585266822e-07 float_slot_score=1.4222739657895211e+35
[INFO] [1788891726.250200545] [GADEN]: Legacy V1 coordinate format=NATIVE_DOUBLE double_score=5.474090585266822e-07 float_slot_score=1.4222739657895211e+35
[INFO] [1788891726.450267877] [GADEN]: Legacy V1 coordinate format=NATIVE_DOUBLE double_score=5.474090585266822e-07 float_slot_score=1.4222739657895211e+35
[INFO] [1788891726.648733845] [GADEN]: Legacy V1 coordinate format=NATIVE_DOUBLE double_score=5.474090585266822e-07 float_slot_score=1.4222739657895211e+35
[INFO] [1788891726.869112068] [GADEN]: Legacy V1 coordinate format=NATIVE_DOUBLE double_score=5.474090585266822e-07 float_slot_score=1.4222739657895211e+35
[INFO] [1788891727.053748242] [GADEN]: Legacy V1 coordinate format=NATIVE_DOUBLE double_score=5.474090585266822e-07 float_slot_score=1.4222739657895211e+35
[INFO] [1788891727.250733675] [GADEN]: Legacy V1 coordinate format=NATIVE_DOUBLE double_score=5.474090585266822e-07 float_slot_score=1.4222739657895211e+35
[INFO] [1788891727.447268250] [GADEN]: Legacy V1 coordinate format=NATIVE_DOUBLE double_score=5.474090585266822e-07 float_slot_score=1.4222739657895211e+35
[INFO] [1788891727.648437268] [GADEN]: Legacy V1 coordinate format=NATIVE_DOUBLE double_score=5.474090585266822e-07 float_slot_score=1.4222739657895211e+35
[INFO] [1788891727.880422597] [GADEN]: Legacy V1 coordinate format=NATIVE_DOUBLE double_score=5.474090585266822e-07 float_slot_score=1.4222739657895211e+35
[INFO] [1788891728.049352369] [GADEN]: Legacy V1 coordinate format=NATIVE_DOUBLE double_score=5.474090585266822e-07 float_slot_score=1.4222739657895211e+35
[INFO] [1788891728.249233506] [GADEN]: Legacy V1 coordinate format=NATIVE_DOUBLE double_score=5.474090585266822e-07 float_slot_score=1.4222739657895211e+35
[INFO] [1788891728.448588511] [GADEN]: Legacy V1 coordinate format=NATIVE_DOUBLE double_score=5.474090585266822e-07 float_slot_score=1.4222739657895211e+35
[INFO] [1788891728.647730290] [GADEN]: Legacy V1 coordinate format=NATIVE_DOUBLE double_score=5.474090585266822e-07 float_slot_score=1.4222739657895211e+35
[INFO] [1788891728.868584685] [GADEN]: Legacy V1 coordinate format=NATIVE_DOUBLE double_score=5.474090585266822e-07 float_slot_score=1.4222739657895211e+35
[INFO] [1788891729.048939773] [GADEN]: Legacy V1 coordinate format=NATIVE_DOUBLE double_score=5.474090585266822e-07 float_slot_score=1.4222739657895211e+35
[INFO] [1788891729.254270735] [GADEN]: Legacy V1 coordinate format=NATIVE_DOUBLE double_score=5.474090585266822e-07 float_slot_score=1.4222739657895211e+35
[INFO] [1788891729.449595640] [GADEN]: Legacy V1 coordinate format=NATIVE_DOUBLE double_score=5.474090585266822e-07 float_slot_score=1.4222739657895211e+35
[INFO] [1788891729.650135084] [GADEN]: Legacy V1 coordinate format=NATIVE_DOUBLE double_score=5.474090585266822e-07 float_slot_score=1.4222739657895211e+35
[INFO] [1788891729.868133221] [GADEN]: Legacy V1 coordinate format=NATIVE_DOUBLE double_score=5.474090585266822e-07 float_slot_score=1.4222739657895211e+35
[INFO] [1788891730.047700676] [GADEN]: Legacy V1 coordinate format=NATIVE_DOUBLE double_score=5.474090585266822e-07 float_slot_score=1.4222739657895211e+35
[INFO] [1788891730.247163596] [GADEN]: Legacy V1 coordinate format=NATIVE_DOUBLE double_score=5.474090585266822e-07 float_slot_score=1.4222739657895211e+35
[INFO] [1788891730.450215352] [GADEN]: Legacy V1 coordinate format=NATIVE_DOUBLE double_score=5.474090585266822e-07 float_slot_score=1.4222739657895211e+35
[INFO] [1788891730.649991256] [GADEN]: Legacy V1 coordinate format=NATIVE_DOUBLE double_score=5.474090585266822e-07 float_slot_score=1.4222739657895211e+35
[INFO] [1788891730.867634745] [GADEN]: Legacy V1 coordinate format=NATIVE_DOUBLE double_score=5.474090585266822e-07 float_slot_score=1.4222739657895211e+35
[INFO] [1788891731.050306572] [GADEN]: Legacy V1 coordinate format=NATIVE_DOUBLE double_score=5.474090585266822e-07 float_slot_score=1.4222739657895211e+35
[INFO] [1788891731.249643998] [GADEN]: Legacy V1 coordinate format=NATIVE_DOUBLE double_score=5.474090585266822e-07 float_slot_score=1.4222739657895211e+35
[INFO] [1788891731.452812239] [GADEN]: Legacy V1 coordinate format=NATIVE_DOUBLE double_score=5.474090585266822e-07 float_slot_score=1.4222739657895211e+35
[INFO] [1788891731.648688880] [GADEN]: Legacy V1 coordinate format=NATIVE_DOUBLE double_score=5.474090585266822e-07 float_slot_score=1.4222739657895211e+35
[INFO] [1788891731.879359305] [GADEN]: Legacy V1 coordinate format=NATIVE_DOUBLE double_score=5.474090585266822e-07 float_slot_score=1.4222739657895211e+35
[INFO] [1788891732.048708661] [GADEN]: Legacy V1 coordinate format=NATIVE_DOUBLE double_score=5.474090585266822e-07 float_slot_score=1.4222739657895211e+35
[INFO] [1788891732.248035171] [GADEN]: Legacy V1 coordinate format=NATIVE_DOUBLE double_score=5.474090585266822e-07 float_slot_score=1.4222739657895211e+35
[INFO] [1788891732.449815682] [GADEN]: Legacy V1 coordinate format=NATIVE_DOUBLE double_score=5.474090585266822e-07 float_slot_score=1.4222739657895211e+35
[INFO] [1788891732.649262428] [GADEN]: Legacy V1 coordinate format=NATIVE_DOUBLE double_score=5.474090585266822e-07 float_slot_score=1.4222739657895211e+35
[INFO] [1788891732.869198875] [GADEN]: Legacy V1 coordinate format=NATIVE_DOUBLE double_score=5.474090585266822e-07 float_slot_score=1.4222739657895211e+35
[INFO] [1788891733.051468568] [GADEN]: Legacy V1 coordinate format=NATIVE_DOUBLE double_score=5.474090585266822e-07 float_slot_score=1.4222739657895211e+35
[INFO] [1788891733.250125550] [GADEN]: Legacy V1 coordinate format=NATIVE_DOUBLE double_score=5.474090585266822e-07 float_slot_score=1.4222739657895211e+35
[INFO] [1788891733.451361652] [GADEN]: Legacy V1 coordinate format=NATIVE_DOUBLE double_score=5.474090585266822e-07 float_slot_score=1.4222739657895211e+35
[INFO] [1788891733.655124615] [GADEN]: Legacy V1 coordinate format=NATIVE_DOUBLE double_score=5.474090585266822e-07 float_slot_score=1.4222739657895211e+35
[INFO] [1788891733.869519805] [GADEN]: Legacy V1 coordinate format=NATIVE_DOUBLE double_score=5.474090585266822e-07 float_slot_score=1.4222739657895211e+35
[INFO] [1788891734.049930261] [GADEN]: Legacy V1 coordinate format=NATIVE_DOUBLE double_score=5.474090585266822e-07 float_slot_score=1.4222739657895211e+35
[INFO] [1788891734.250695250] [GADEN]: Legacy V1 coordinate format=NATIVE_DOUBLE double_score=5.474090585266822e-07 float_slot_score=1.4222739657895211e+35
[INFO] [1788891734.449733899] [GADEN]: Legacy V1 coordinate format=NATIVE_DOUBLE double_score=5.474090585266822e-07 float_slot_score=1.4222739657895211e+35
[INFO] [1788891734.648819154] [GADEN]: Legacy V1 coordinate format=NATIVE_DOUBLE double_score=5.474090585266822e-07 float_slot_score=1.4222739657895211e+35
[INFO] [1788891734.870449409] [GADEN]: Legacy V1 coordinate format=NATIVE_DOUBLE double_score=5.474090585266822e-07 float_slot_score=1.4222739657895211e+35
[INFO] [1788891735.048707278] [GADEN]: Legacy V1 coordinate format=NATIVE_DOUBLE double_score=5.474090585266822e-07 float_slot_score=1.4222739657895211e+35
[INFO] [1788891735.250439574] [GADEN]: Legacy V1 coordinate format=NATIVE_DOUBLE double_score=5.474090585266822e-07 float_slot_score=1.4222739657895211e+35
[INFO] [1788891735.449795145] [GADEN]: Legacy V1 coordinate format=NATIVE_DOUBLE double_score=5.474090585266822e-07 float_slot_score=1.4222739657895211e+35
[INFO] [1788891735.649777673] [GADEN]: Legacy V1 coordinate format=NATIVE_DOUBLE double_score=5.474090585266822e-07 float_slot_score=1.4222739657895211e+35
[INFO] [1788891735.881068799] [GADEN]: Legacy V1 coordinate format=NATIVE_DOUBLE double_score=5.474090585266822e-07 float_slot_score=1.4222739657895211e+35
[INFO] [1788891736.050801283] [GADEN]: Legacy V1 coordinate format=NATIVE_DOUBLE double_score=5.474090585266822e-07 float_slot_score=1.4222739657895211e+35
[INFO] [1788891736.248993438] [GADEN]: Legacy V1 coordinate format=NATIVE_DOUBLE double_score=5.474090585266822e-07 float_slot_score=1.4222739657895211e+35
[INFO] [1788891736.447915535] [GADEN]: Legacy V1 coordinate format=NATIVE_DOUBLE double_score=5.474090585266822e-07 float_slot_score=1.4222739657895211e+35
[INFO] [1788891736.647012531] [GADEN]: Legacy V1 coordinate format=NATIVE_DOUBLE double_score=5.474090585266822e-07 float_slot_score=1.4222739657895211e+35
[INFO] [1788891736.867499778] [GADEN]: Legacy V1 coordinate format=NATIVE_DOUBLE double_score=5.474090585266822e-07 float_slot_score=1.4222739657895211e+35
[INFO] [1788891737.049974931] [GADEN]: Legacy V1 coordinate format=NATIVE_DOUBLE double_score=5.474090585266822e-07 float_slot_score=1.4222739657895211e+35
[INFO] [1788891737.248579492] [GADEN]: Legacy V1 coordinate format=NATIVE_DOUBLE double_score=5.474090585266822e-07 float_slot_score=1.4222739657895211e+35
[INFO] [1788891737.447905090] [GADEN]: Legacy V1 coordinate format=NATIVE_DOUBLE double_score=5.474090585266822e-07 float_slot_score=1.4222739657895211e+35
[INFO] [1788891737.649607026] [GADEN]: Legacy V1 coordinate format=NATIVE_DOUBLE double_score=5.474090585266822e-07 float_slot_score=1.4222739657895211e+35
[INFO] [1788891737.868765021] [GADEN]: Legacy V1 coordinate format=NATIVE_DOUBLE double_score=5.474090585266822e-07 float_slot_score=1.4222739657895211e+35
[INFO] [1788891738.052998058] [GADEN]: Legacy V1 coordinate format=NATIVE_DOUBLE double_score=5.474090585266822e-07 float_slot_score=1.4222739657895211e+35
[INFO] [1788891738.247499748] [GADEN]: Legacy V1 coordinate format=NATIVE_DOUBLE double_score=5.474090585266822e-07 float_slot_score=1.4222739657895211e+35
[INFO] [1788891738.448582020] [GADEN]: Legacy V1 coordinate format=NATIVE_DOUBLE double_score=5.474090585266822e-07 float_slot_score=1.4222739657895211e+35
[INFO] [1788891738.650345736] [GADEN]: Legacy V1 coordinate format=NATIVE_DOUBLE double_score=5.474090585266822e-07 float_slot_score=1.4222739657895211e+35
[INFO] [1788891738.868152802] [GADEN]: Legacy V1 coordinate format=NATIVE_DOUBLE double_score=5.474090585266822e-07 float_slot_score=1.4222739657895211e+35
[INFO] [1788891739.047556206] [GADEN]: Legacy V1 coordinate format=NATIVE_DOUBLE double_score=5.474090585266822e-07 float_slot_score=1.4222739657895211e+35
[INFO] [1788891739.252026345] [GADEN]: Legacy V1 coordinate format=NATIVE_DOUBLE double_score=5.474090585266822e-07 float_slot_score=1.4222739657895211e+35
[INFO] [1788891739.449743465] [GADEN]: Legacy V1 coordinate format=NATIVE_DOUBLE double_score=5.474090585266822e-07 float_slot_score=1.4222739657895211e+35
[INFO] [1788891739.649357215] [GADEN]: Legacy V1 coordinate format=NATIVE_DOUBLE double_score=5.474090585266822e-07 float_slot_score=1.4222739657895211e+35
[INFO] [1788891739.868096961] [GADEN]: Legacy V1 coordinate format=NATIVE_DOUBLE double_score=5.474090585266822e-07 float_slot_score=1.4222739657895211e+35
[INFO] [1788891740.048211670] [GADEN]: Legacy V1 coordinate format=NATIVE_DOUBLE double_score=5.474090585266822e-07 float_slot_score=1.4222739657895211e+35
[INFO] [1788891740.251206557] [GADEN]: Legacy V1 coordinate format=NATIVE_DOUBLE double_score=5.474090585266822e-07 float_slot_score=1.4222739657895211e+35
[INFO] [1788891740.449510502] [GADEN]: Legacy V1 coordinate format=NATIVE_DOUBLE double_score=5.474090585266822e-07 float_slot_score=1.4222739657895211e+35
[INFO] [1788891740.648381108] [GADEN]: Legacy V1 coordinate format=NATIVE_DOUBLE double_score=5.474090585266822e-07 float_slot_score=1.4222739657895211e+35
[INFO] [1788891740.880493175] [GADEN]: Legacy V1 coordinate format=NATIVE_DOUBLE double_score=5.474090585266822e-07 float_slot_score=1.4222739657895211e+35
[INFO] [1788891741.049166420] [GADEN]: Legacy V1 coordinate format=NATIVE_DOUBLE double_score=5.474090585266822e-07 float_slot_score=1.4222739657895211e+35
[INFO] [1788891741.249706841] [GADEN]: Legacy V1 coordinate format=NATIVE_DOUBLE double_score=5.474090585266822e-07 float_slot_score=1.4222739657895211e+35
[INFO] [1788891741.452913877] [GADEN]: Legacy V1 coordinate format=NATIVE_DOUBLE double_score=5.474090585266822e-07 float_slot_score=1.4222739657895211e+35
[INFO] [1788891741.650387356] [GADEN]: Legacy V1 coordinate format=NATIVE_DOUBLE double_score=5.474090585266822e-07 float_slot_score=1.4222739657895211e+35
[INFO] [1788891741.868811474] [GADEN]: Legacy V1 coordinate format=NATIVE_DOUBLE double_score=5.474090585266822e-07 float_slot_score=1.4222739657895211e+35
[INFO] [1788891742.048586020] [GADEN]: Legacy V1 coordinate format=NATIVE_DOUBLE double_score=5.474090585266822e-07 float_slot_score=1.4222739657895211e+35
[INFO] [1788891742.247390359] [GADEN]: Legacy V1 coordinate format=NATIVE_DOUBLE double_score=5.474090585266822e-07 float_slot_score=1.4222739657895211e+35
[INFO] [1788891742.448387952] [GADEN]: Legacy V1 coordinate format=NATIVE_DOUBLE double_score=5.474090585266822e-07 float_slot_score=1.4222739657895211e+35
[INFO] [1788891742.650586345] [GADEN]: Legacy V1 coordinate format=NATIVE_DOUBLE double_score=5.474090585266822e-07 float_slot_score=1.4222739657895211e+35
[INFO] [1788891742.881103676] [GADEN]: Legacy V1 coordinate format=NATIVE_DOUBLE double_score=5.474090585266822e-07 float_slot_score=1.4222739657895211e+35
[INFO] [1788891743.049601785] [GADEN]: Legacy V1 coordinate format=NATIVE_DOUBLE double_score=5.474090585266822e-07 float_slot_score=1.4222739657895211e+35
[INFO] [1788891743.257104548] [GADEN]: Legacy V1 coordinate format=NATIVE_DOUBLE double_score=5.474090585266822e-07 float_slot_score=1.4222739657895211e+35
[INFO] [1788891743.450613287] [GADEN]: Legacy V1 coordinate format=NATIVE_DOUBLE double_score=5.474090585266822e-07 float_slot_score=1.4222739657895211e+35
[INFO] [1788891743.650443842] [GADEN]: Legacy V1 coordinate format=NATIVE_DOUBLE double_score=5.474090585266822e-07 float_slot_score=1.4222739657895211e+35
[INFO] [1788891743.869543270] [GADEN]: Legacy V1 coordinate format=NATIVE_DOUBLE double_score=5.474090585266822e-07 float_slot_score=1.4222739657895211e+35
[INFO] [1788891744.049592407] [GADEN]: Legacy V1 coordinate format=NATIVE_DOUBLE double_score=5.474090585266822e-07 float_slot_score=1.4222739657895211e+35
[INFO] [1788891744.255112336] [GADEN]: Legacy V1 coordinate format=NATIVE_DOUBLE double_score=5.474090585266822e-07 float_slot_score=1.4222739657895211e+35
[INFO] [1788891744.448906571] [GADEN]: Legacy V1 coordinate format=NATIVE_DOUBLE double_score=5.474090585266822e-07 float_slot_score=1.4222739657895211e+35
[INFO] [1788891744.651209175] [GADEN]: Legacy V1 coordinate format=NATIVE_DOUBLE double_score=5.474090585266822e-07 float_slot_score=1.4222739657895211e+35
[INFO] [1788891744.880591918] [GADEN]: Legacy V1 coordinate format=NATIVE_DOUBLE double_score=5.474090585266822e-07 float_slot_score=1.4222739657895211e+35
[INFO] [1788891745.050362014] [GADEN]: Legacy V1 coordinate format=NATIVE_DOUBLE double_score=5.474090585266822e-07 float_slot_score=1.4222739657895211e+35
[INFO] [1788891745.254996965] [GADEN]: Legacy V1 coordinate format=NATIVE_DOUBLE double_score=5.474090585266822e-07 float_slot_score=1.4222739657895211e+35
[INFO] [1788891745.449004313] [GADEN]: Legacy V1 coordinate format=NATIVE_DOUBLE double_score=5.474090585266822e-07 float_slot_score=1.4222739657895211e+35
[INFO] [1788891745.651582248] [GADEN]: Legacy V1 coordinate format=NATIVE_DOUBLE double_score=5.474090585266822e-07 float_slot_score=1.4222739657895211e+35
[INFO] [1788891745.868065943] [GADEN]: Legacy V1 coordinate format=NATIVE_DOUBLE double_score=5.474090585266822e-07 float_slot_score=1.4222739657895211e+35
[INFO] [1788891746.053200018] [GADEN]: Legacy V1 coordinate format=NATIVE_DOUBLE double_score=5.474090585266822e-07 float_slot_score=1.4222739657895211e+35
[INFO] [1788891746.249510474] [GADEN]: Legacy V1 coordinate format=NATIVE_DOUBLE double_score=5.474090585266822e-07 float_slot_score=1.4222739657895211e+35
[INFO] [1788891746.449782213] [GADEN]: Legacy V1 coordinate format=NATIVE_DOUBLE double_score=5.474090585266822e-07 float_slot_score=1.4222739657895211e+35
[INFO] [1788891746.650390079] [GADEN]: Legacy V1 coordinate format=NATIVE_DOUBLE double_score=5.474090585266822e-07 float_slot_score=1.4222739657895211e+35
[INFO] [1788891746.869086366] [GADEN]: Legacy V1 coordinate format=NATIVE_DOUBLE double_score=5.474090585266822e-07 float_slot_score=1.4222739657895211e+35
[INFO] [1788891747.049890968] [GADEN]: Legacy V1 coordinate format=NATIVE_DOUBLE double_score=5.474090585266822e-07 float_slot_score=1.4222739657895211e+35
[INFO] [1788891747.260217594] [GADEN]: Legacy V1 coordinate format=NATIVE_DOUBLE double_score=5.474090585266822e-07 float_slot_score=1.4222739657895211e+35
[INFO] [1788891747.450048175] [GADEN]: Legacy V1 coordinate format=NATIVE_DOUBLE double_score=5.474090585266822e-07 float_slot_score=1.4222739657895211e+35
[INFO] [1788891747.649096686] [GADEN]: Legacy V1 coordinate format=NATIVE_DOUBLE double_score=5.474090585266822e-07 float_slot_score=1.4222739657895211e+35
[INFO] [1788891747.869470584] [GADEN]: Legacy V1 coordinate format=NATIVE_DOUBLE double_score=5.474090585266822e-07 float_slot_score=1.4222739657895211e+35
[INFO] [1788891748.048672601] [GADEN]: Legacy V1 coordinate format=NATIVE_DOUBLE double_score=5.474090585266822e-07 float_slot_score=1.4222739657895211e+35
[INFO] [1788891748.249286273] [GADEN]: Legacy V1 coordinate format=NATIVE_DOUBLE double_score=5.474090585266822e-07 float_slot_score=1.4222739657895211e+35
[INFO] [1788891748.452189920] [GADEN]: Legacy V1 coordinate format=NATIVE_DOUBLE double_score=5.474090585266822e-07 float_slot_score=1.4222739657895211e+35
[INFO] [1788891748.647332215] [GADEN]: Legacy V1 coordinate format=NATIVE_DOUBLE double_score=5.474090585266822e-07 float_slot_score=1.4222739657895211e+35
[INFO] [1788891748.867666212] [GADEN]: Legacy V1 coordinate format=NATIVE_DOUBLE double_score=5.474090585266822e-07 float_slot_score=1.4222739657895211e+35
[INFO] [1788891749.047288742] [GADEN]: Legacy V1 coordinate format=NATIVE_DOUBLE double_score=5.474090585266822e-07 float_slot_score=1.4222739657895211e+35
[INFO] [1788891749.247354706] [GADEN]: Legacy V1 coordinate format=NATIVE_DOUBLE double_score=5.474090585266822e-07 float_slot_score=1.4222739657895211e+35
[INFO] [1788891749.448023239] [GADEN]: Legacy V1 coordinate format=NATIVE_DOUBLE double_score=5.474090585266822e-07 float_slot_score=1.4222739657895211e+35
[INFO] [1788891749.648476831] [GADEN]: Legacy V1 coordinate format=NATIVE_DOUBLE double_score=5.474090585266822e-07 float_slot_score=1.4222739657895211e+35
[INFO] [1788891749.867144390] [GADEN]: Legacy V1 coordinate format=NATIVE_DOUBLE double_score=5.474090585266822e-07 float_slot_score=1.4222739657895211e+35
[INFO] [1788891750.047619771] [GADEN]: Legacy V1 coordinate format=NATIVE_DOUBLE double_score=5.474090585266822e-07 float_slot_score=1.4222739657895211e+35
[INFO] [1788891750.248400355] [GADEN]: Legacy V1 coordinate format=NATIVE_DOUBLE double_score=5.474090585266822e-07 float_slot_score=1.4222739657895211e+35
[INFO] [1788891750.447328444] [GADEN]: Legacy V1 coordinate format=NATIVE_DOUBLE double_score=5.474090585266822e-07 float_slot_score=1.4222739657895211e+35
[INFO] [1788891750.648555848] [GADEN]: Legacy V1 coordinate format=NATIVE_DOUBLE double_score=5.474090585266822e-07 float_slot_score=1.4222739657895211e+35
[INFO] [1788891750.870968191] [GADEN]: Legacy V1 coordinate format=NATIVE_DOUBLE double_score=5.474090585266822e-07 float_slot_score=1.4222739657895211e+35
[INFO] [1788891751.047796621] [GADEN]: Legacy V1 coordinate format=NATIVE_DOUBLE double_score=5.474090585266822e-07 float_slot_score=1.4222739657895211e+35
[INFO] [1788891751.248666396] [GADEN]: Legacy V1 coordinate format=NATIVE_DOUBLE double_score=5.474090585266822e-07 float_slot_score=1.4222739657895211e+35
[INFO] [1788891751.447254284] [GADEN]: Legacy V1 coordinate format=NATIVE_DOUBLE double_score=5.474090585266822e-07 float_slot_score=1.4222739657895211e+35
[INFO] [1788891751.648509297] [GADEN]: Legacy V1 coordinate format=NATIVE_DOUBLE double_score=5.474090585266822e-07 float_slot_score=1.4222739657895211e+35
[INFO] [1788891751.867485140] [GADEN]: Legacy V1 coordinate format=NATIVE_DOUBLE double_score=5.474090585266822e-07 float_slot_score=1.4222739657895211e+35
[INFO] [1788891752.051230553] [GADEN]: Legacy V1 coordinate format=NATIVE_DOUBLE double_score=5.474090585266822e-07 float_slot_score=1.4222739657895211e+35
[INFO] [1788891752.248925403] [GADEN]: Legacy V1 coordinate format=NATIVE_DOUBLE double_score=5.474090585266822e-07 float_slot_score=1.4222739657895211e+35
[INFO] [1788891752.448450910] [GADEN]: Legacy V1 coordinate format=NATIVE_DOUBLE double_score=5.474090585266822e-07 float_slot_score=1.4222739657895211e+35
[INFO] [1788891752.648654521] [GADEN]: Legacy V1 coordinate format=NATIVE_DOUBLE double_score=5.474090585266822e-07 float_slot_score=1.4222739657895211e+35
[INFO] [1788891752.868748775] [GADEN]: Legacy V1 coordinate format=NATIVE_DOUBLE double_score=5.474090585266822e-07 float_slot_score=1.4222739657895211e+35
[INFO] [1788891753.049329712] [GADEN]: Legacy V1 coordinate format=NATIVE_DOUBLE double_score=5.474090585266822e-07 float_slot_score=1.4222739657895211e+35
[INFO] [1788891753.256950273] [GADEN]: Legacy V1 coordinate format=NATIVE_DOUBLE double_score=5.474090585266822e-07 float_slot_score=1.4222739657895211e+35
[INFO] [1788891753.449073448] [GADEN]: Legacy V1 coordinate format=NATIVE_DOUBLE double_score=5.474090585266822e-07 float_slot_score=1.4222739657895211e+35
[INFO] [1788891753.649394726] [GADEN]: Legacy V1 coordinate format=NATIVE_DOUBLE double_score=5.474090585266822e-07 float_slot_score=1.4222739657895211e+35
[INFO] [1788891753.869057699] [GADEN]: Legacy V1 coordinate format=NATIVE_DOUBLE double_score=5.474090585266822e-07 float_slot_score=1.4222739657895211e+35
[INFO] [1788891754.048578607] [GADEN]: Legacy V1 coordinate format=NATIVE_DOUBLE double_score=5.474090585266822e-07 float_slot_score=1.4222739657895211e+35
[INFO] [1788891754.262680530] [GADEN]: Legacy V1 coordinate format=NATIVE_DOUBLE double_score=5.474090585266822e-07 float_slot_score=1.4222739657895211e+35
[INFO] [1788891754.450397659] [GADEN]: Legacy V1 coordinate format=NATIVE_DOUBLE double_score=5.474090585266822e-07 float_slot_score=1.4222739657895211e+35
[INFO] [1788891754.648343069] [GADEN]: Legacy V1 coordinate format=NATIVE_DOUBLE double_score=5.474090585266822e-07 float_slot_score=1.4222739657895211e+35
[INFO] [1788891754.870222490] [GADEN]: Legacy V1 coordinate format=NATIVE_DOUBLE double_score=5.474090585266822e-07 float_slot_score=1.4222739657895211e+35
[INFO] [1788891755.049389902] [GADEN]: Legacy V1 coordinate format=NATIVE_DOUBLE double_score=5.474090585266822e-07 float_slot_score=1.4222739657895211e+35
[INFO] [1788891755.251251061] [GADEN]: Legacy V1 coordinate format=NATIVE_DOUBLE double_score=5.474090585266822e-07 float_slot_score=1.4222739657895211e+35
[INFO] [1788891755.448282239] [GADEN]: Legacy V1 coordinate format=NATIVE_DOUBLE double_score=5.474090585266822e-07 float_slot_score=1.4222739657895211e+35
[INFO] [1788891755.649181944] [GADEN]: Legacy V1 coordinate format=NATIVE_DOUBLE double_score=5.474090585266822e-07 float_slot_score=1.4222739657895211e+35
[INFO] [1788891755.869093081] [GADEN]: Legacy V1 coordinate format=NATIVE_DOUBLE double_score=5.474090585266822e-07 float_slot_score=1.4222739657895211e+35
[INFO] [1788891756.050224535] [GADEN]: Legacy V1 coordinate format=NATIVE_DOUBLE double_score=5.474090585266822e-07 float_slot_score=1.4222739657895211e+35
[INFO] [1788891756.249197533] [GADEN]: Legacy V1 coordinate format=NATIVE_DOUBLE double_score=5.474090585266822e-07 float_slot_score=1.4222739657895211e+35
[INFO] [1788891756.453722952] [GADEN]: Legacy V1 coordinate format=NATIVE_DOUBLE double_score=5.474090585266822e-07 float_slot_score=1.4222739657895211e+35
[INFO] [1788891756.648736377] [GADEN]: Legacy V1 coordinate format=NATIVE_DOUBLE double_score=5.474090585266822e-07 float_slot_score=1.4222739657895211e+35
[INFO] [1788891756.868909744] [GADEN]: Legacy V1 coordinate format=NATIVE_DOUBLE double_score=5.474090585266822e-07 float_slot_score=1.4222739657895211e+35
[INFO] [1788891757.048364470] [GADEN]: Legacy V1 coordinate format=NATIVE_DOUBLE double_score=5.474090585266822e-07 float_slot_score=1.4222739657895211e+35
[INFO] [1788891757.248158014] [GADEN]: Legacy V1 coordinate format=NATIVE_DOUBLE double_score=5.474090585266822e-07 float_slot_score=1.4222739657895211e+35
[INFO] [1788891757.448957113] [GADEN]: Legacy V1 coordinate format=NATIVE_DOUBLE double_score=5.474090585266822e-07 float_slot_score=1.4222739657895211e+35
[INFO] [1788891757.647770301] [GADEN]: Legacy V1 coordinate format=NATIVE_DOUBLE double_score=5.474090585266822e-07 float_slot_score=1.4222739657895211e+35
[INFO] [1788891757.880019769] [GADEN]: Legacy V1 coordinate format=NATIVE_DOUBLE double_score=5.474090585266822e-07 float_slot_score=1.4222739657895211e+35
[INFO] [1788891758.050513054] [GADEN]: Legacy V1 coordinate format=NATIVE_DOUBLE double_score=5.474090585266822e-07 float_slot_score=1.4222739657895211e+35
[INFO] [1788891758.251717649] [GADEN]: Legacy V1 coordinate format=NATIVE_DOUBLE double_score=5.474090585266822e-07 float_slot_score=1.4222739657895211e+35
[INFO] [1788891758.450227549] [GADEN]: Legacy V1 coordinate format=NATIVE_DOUBLE double_score=5.474090585266822e-07 float_slot_score=1.4222739657895211e+35
[INFO] [1788891758.650792009] [GADEN]: Legacy V1 coordinate format=NATIVE_DOUBLE double_score=5.474090585266822e-07 float_slot_score=1.4222739657895211e+35
[INFO] [1788891758.880000517] [GADEN]: Legacy V1 coordinate format=NATIVE_DOUBLE double_score=5.474090585266822e-07 float_slot_score=1.4222739657895211e+35
[INFO] [1788891759.050542061] [GADEN]: Legacy V1 coordinate format=NATIVE_DOUBLE double_score=5.474090585266822e-07 float_slot_score=1.4222739657895211e+35
[INFO] [1788891759.247911863] [GADEN]: Legacy V1 coordinate format=NATIVE_DOUBLE double_score=5.474090585266822e-07 float_slot_score=1.4222739657895211e+35
[INFO] [1788891759.449815156] [GADEN]: Legacy V1 coordinate format=NATIVE_DOUBLE double_score=5.474090585266822e-07 float_slot_score=1.4222739657895211e+35
[INFO] [1788891759.650794453] [GADEN]: Legacy V1 coordinate format=NATIVE_DOUBLE double_score=5.474090585266822e-07 float_slot_score=1.4222739657895211e+35
[INFO] [1788891759.869723672] [GADEN]: Legacy V1 coordinate format=NATIVE_DOUBLE double_score=5.474090585266822e-07 float_slot_score=1.4222739657895211e+35
[INFO] [1788891760.048820772] [GADEN]: Legacy V1 coordinate format=NATIVE_DOUBLE double_score=5.474090585266822e-07 float_slot_score=1.4222739657895211e+35
[INFO] [1788891760.251590432] [GADEN]: Legacy V1 coordinate format=NATIVE_DOUBLE double_score=5.474090585266822e-07 float_slot_score=1.4222739657895211e+35
[INFO] [1788891760.452009625] [GADEN]: Legacy V1 coordinate format=NATIVE_DOUBLE double_score=5.474090585266822e-07 float_slot_score=1.4222739657895211e+35
[INFO] [1788891760.651234003] [GADEN]: Legacy V1 coordinate format=NATIVE_DOUBLE double_score=5.474090585266822e-07 float_slot_score=1.4222739657895211e+35
[INFO] [1788891760.880964671] [GADEN]: Legacy V1 coordinate format=NATIVE_DOUBLE double_score=5.474090585266822e-07 float_slot_score=1.4222739657895211e+35
[INFO] [1788891761.049294448] [GADEN]: Legacy V1 coordinate format=NATIVE_DOUBLE double_score=5.474090585266822e-07 float_slot_score=1.4222739657895211e+35
[INFO] [1788891761.250498531] [GADEN]: Legacy V1 coordinate format=NATIVE_DOUBLE double_score=5.474090585266822e-07 float_slot_score=1.4222739657895211e+35
[INFO] [1788891761.449610404] [GADEN]: Legacy V1 coordinate format=NATIVE_DOUBLE double_score=5.474090585266822e-07 float_slot_score=1.4222739657895211e+35
[INFO] [1788891761.649727238] [GADEN]: Legacy V1 coordinate format=NATIVE_DOUBLE double_score=5.474090585266822e-07 float_slot_score=1.4222739657895211e+35
[INFO] [1788891761.880608379] [GADEN]: Legacy V1 coordinate format=NATIVE_DOUBLE double_score=5.474090585266822e-07 float_slot_score=1.4222739657895211e+35
[INFO] [1788891762.051253780] [GADEN]: Legacy V1 coordinate format=NATIVE_DOUBLE double_score=5.474090585266822e-07 float_slot_score=1.4222739657895211e+35
[INFO] [1788891762.250951471] [GADEN]: Legacy V1 coordinate format=NATIVE_DOUBLE double_score=5.474090585266822e-07 float_slot_score=1.4222739657895211e+35
[INFO] [1788891762.450164037] [GADEN]: Legacy V1 coordinate format=NATIVE_DOUBLE double_score=5.474090585266822e-07 float_slot_score=1.4222739657895211e+35
[INFO] [1788891762.649730025] [GADEN]: Legacy V1 coordinate format=NATIVE_DOUBLE double_score=5.474090585266822e-07 float_slot_score=1.4222739657895211e+35
[INFO] [1788891762.868657045] [GADEN]: Legacy V1 coordinate format=NATIVE_DOUBLE double_score=5.474090585266822e-07 float_slot_score=1.4222739657895211e+35
[INFO] [1788891763.052315686] [GADEN]: Legacy V1 coordinate format=NATIVE_DOUBLE double_score=5.474090585266822e-07 float_slot_score=1.4222739657895211e+35
[INFO] [1788891763.249321806] [GADEN]: Legacy V1 coordinate format=NATIVE_DOUBLE double_score=5.474090585266822e-07 float_slot_score=1.4222739657895211e+35
[INFO] [1788891763.447533268] [GADEN]: Legacy V1 coordinate format=NATIVE_DOUBLE double_score=5.474090585266822e-07 float_slot_score=1.4222739657895211e+35
[INFO] [1788891763.647272318] [GADEN]: Legacy V1 coordinate format=NATIVE_DOUBLE double_score=5.474090585266822e-07 float_slot_score=1.4222739657895211e+35
[INFO] [1788891763.868958660] [GADEN]: Legacy V1 coordinate format=NATIVE_DOUBLE double_score=5.474090585266822e-07 float_slot_score=1.4222739657895211e+35
[INFO] [1788891764.050169704] [GADEN]: Legacy V1 coordinate format=NATIVE_DOUBLE double_score=5.474090585266822e-07 float_slot_score=1.4222739657895211e+35
[INFO] [1788891764.250202851] [GADEN]: Legacy V1 coordinate format=NATIVE_DOUBLE double_score=5.474090585266822e-07 float_slot_score=1.4222739657895211e+35
[INFO] [1788891764.450419458] [GADEN]: Legacy V1 coordinate format=NATIVE_DOUBLE double_score=5.474090585266822e-07 float_slot_score=1.4222739657895211e+35
[INFO] [1788891764.648594501] [GADEN]: Legacy V1 coordinate format=NATIVE_DOUBLE double_score=5.474090585266822e-07 float_slot_score=1.4222739657895211e+35
[INFO] [1788891764.869194161] [GADEN]: Legacy V1 coordinate format=NATIVE_DOUBLE double_score=5.474090585266822e-07 float_slot_score=1.4222739657895211e+35
[INFO] [1788891765.048460844] [GADEN]: Legacy V1 coordinate format=NATIVE_DOUBLE double_score=5.474090585266822e-07 float_slot_score=1.4222739657895211e+35
[INFO] [1788891765.249660071] [GADEN]: Legacy V1 coordinate format=NATIVE_DOUBLE double_score=5.474090585266822e-07 float_slot_score=1.4222739657895211e+35
[INFO] [1788891765.450357976] [GADEN]: Legacy V1 coordinate format=NATIVE_DOUBLE double_score=5.474090585266822e-07 float_slot_score=1.4222739657895211e+35
[INFO] [1788891765.649124784] [GADEN]: Legacy V1 coordinate format=NATIVE_DOUBLE double_score=5.474090585266822e-07 float_slot_score=1.4222739657895211e+35
[INFO] [1788891765.869211445] [GADEN]: Legacy V1 coordinate format=NATIVE_DOUBLE double_score=5.474090585266822e-07 float_slot_score=1.4222739657895211e+35
[INFO] [1788891766.048723345] [GADEN]: Legacy V1 coordinate format=NATIVE_DOUBLE double_score=5.474090585266822e-07 float_slot_score=1.4222739657895211e+35
[INFO] [1788891766.250274322] [GADEN]: Legacy V1 coordinate format=NATIVE_DOUBLE double_score=5.474090585266822e-07 float_slot_score=1.4222739657895211e+35
[INFO] [1788891766.451677933] [GADEN]: Legacy V1 coordinate format=NATIVE_DOUBLE double_score=5.474090585266822e-07 float_slot_score=1.4222739657895211e+35
[INFO] [1788891766.650075600] [GADEN]: Legacy V1 coordinate format=NATIVE_DOUBLE double_score=5.474090585266822e-07 float_slot_score=1.4222739657895211e+35
[INFO] [1788891766.868219878] [GADEN]: Legacy V1 coordinate format=NATIVE_DOUBLE double_score=5.474090585266822e-07 float_slot_score=1.4222739657895211e+35
[INFO] [1788891767.050184079] [GADEN]: Legacy V1 coordinate format=NATIVE_DOUBLE double_score=5.474090585266822e-07 float_slot_score=1.4222739657895211e+35
[INFO] [1788891767.250113383] [GADEN]: Legacy V1 coordinate format=NATIVE_DOUBLE double_score=5.474090585266822e-07 float_slot_score=1.4222739657895211e+35
[INFO] [1788891767.451070799] [GADEN]: Legacy V1 coordinate format=NATIVE_DOUBLE double_score=5.474090585266822e-07 float_slot_score=1.4222739657895211e+35
[INFO] [1788891767.647375462] [GADEN]: Legacy V1 coordinate format=NATIVE_DOUBLE double_score=5.474090585266822e-07 float_slot_score=1.4222739657895211e+35
[INFO] [1788891767.867915640] [GADEN]: Legacy V1 coordinate format=NATIVE_DOUBLE double_score=5.474090585266822e-07 float_slot_score=1.4222739657895211e+35
[INFO] [1788891768.048640626] [GADEN]: Legacy V1 coordinate format=NATIVE_DOUBLE double_score=5.474090585266822e-07 float_slot_score=1.4222739657895211e+35
[INFO] [1788891768.248079087] [GADEN]: Legacy V1 coordinate format=NATIVE_DOUBLE double_score=5.474090585266822e-07 float_slot_score=1.4222739657895211e+35
[INFO] [1788891768.450002080] [GADEN]: Legacy V1 coordinate format=NATIVE_DOUBLE double_score=5.474090585266822e-07 float_slot_score=1.4222739657895211e+35
[INFO] [1788891768.653890035] [GADEN]: Legacy V1 coordinate format=NATIVE_DOUBLE double_score=5.474090585266822e-07 float_slot_score=1.4222739657895211e+35
[INFO] [1788891768.869500871] [GADEN]: Legacy V1 coordinate format=NATIVE_DOUBLE double_score=5.474090585266822e-07 float_slot_score=1.4222739657895211e+35
[INFO] [1788891769.047399204] [GADEN]: Legacy V1 coordinate format=NATIVE_DOUBLE double_score=5.474090585266822e-07 float_slot_score=1.4222739657895211e+35
[INFO] [1788891769.251230619] [GADEN]: Legacy V1 coordinate format=NATIVE_DOUBLE double_score=5.474090585266822e-07 float_slot_score=1.4222739657895211e+35
[INFO] [1788891769.448734388] [GADEN]: Legacy V1 coordinate format=NATIVE_DOUBLE double_score=5.474090585266822e-07 float_slot_score=1.4222739657895211e+35
[INFO] [1788891769.648776562] [GADEN]: Legacy V1 coordinate format=NATIVE_DOUBLE double_score=5.474090585266822e-07 float_slot_score=1.4222739657895211e+35
[INFO] [1788891769.870260677] [GADEN]: Legacy V1 coordinate format=NATIVE_DOUBLE double_score=5.474090585266822e-07 float_slot_score=1.4222739657895211e+35
[INFO] [1788891770.048015419] [GADEN]: Legacy V1 coordinate format=NATIVE_DOUBLE double_score=5.474090585266822e-07 float_slot_score=1.4222739657895211e+35
[INFO] [1788891770.256672009] [GADEN]: Legacy V1 coordinate format=NATIVE_DOUBLE double_score=5.474090585266822e-07 float_slot_score=1.4222739657895211e+35
[INFO] [1788891770.450370934] [GADEN]: Legacy V1 coordinate format=NATIVE_DOUBLE double_score=5.474090585266822e-07 float_slot_score=1.4222739657895211e+35
[INFO] [1788891770.648975072] [GADEN]: Legacy V1 coordinate format=NATIVE_DOUBLE double_score=5.474090585266822e-07 float_slot_score=1.4222739657895211e+35
[INFO] [1788891770.882447920] [GADEN]: Legacy V1 coordinate format=NATIVE_DOUBLE double_score=5.474090585266822e-07 float_slot_score=1.4222739657895211e+35
[INFO] [1788891771.047280225] [GADEN]: Legacy V1 coordinate format=NATIVE_DOUBLE double_score=5.474090585266822e-07 float_slot_score=1.4222739657895211e+35
[INFO] [1788891771.252362832] [GADEN]: Legacy V1 coordinate format=NATIVE_DOUBLE double_score=5.474090585266822e-07 float_slot_score=1.4222739657895211e+35
[INFO] [1788891771.451299615] [GADEN]: Legacy V1 coordinate format=NATIVE_DOUBLE double_score=5.474090585266822e-07 float_slot_score=1.4222739657895211e+35
[INFO] [1788891771.647730201] [GADEN]: Legacy V1 coordinate format=NATIVE_DOUBLE double_score=5.474090585266822e-07 float_slot_score=1.4222739657895211e+35
[INFO] [1788891771.868617819] [GADEN]: Legacy V1 coordinate format=NATIVE_DOUBLE double_score=5.474090585266822e-07 float_slot_score=1.4222739657895211e+35
[INFO] [1788891772.051410155] [GADEN]: Legacy V1 coordinate format=NATIVE_DOUBLE double_score=5.474090585266822e-07 float_slot_score=1.4222739657895211e+35
[INFO] [1788891772.247893817] [GADEN]: Legacy V1 coordinate format=NATIVE_DOUBLE double_score=5.474090585266822e-07 float_slot_score=1.4222739657895211e+35
[INFO] [1788891772.447354735] [GADEN]: Legacy V1 coordinate format=NATIVE_DOUBLE double_score=5.474090585266822e-07 float_slot_score=1.4222739657895211e+35
[INFO] [1788891772.647723225] [GADEN]: Legacy V1 coordinate format=NATIVE_DOUBLE double_score=5.474090585266822e-07 float_slot_score=1.4222739657895211e+35
[INFO] [1788891772.868831365] [GADEN]: Legacy V1 coordinate format=NATIVE_DOUBLE double_score=5.474090585266822e-07 float_slot_score=1.4222739657895211e+35
[INFO] [1788891773.052134950] [GADEN]: Legacy V1 coordinate format=NATIVE_DOUBLE double_score=5.474090585266822e-07 float_slot_score=1.4222739657895211e+35
[INFO] [1788891773.248917569] [GADEN]: Legacy V1 coordinate format=NATIVE_DOUBLE double_score=5.474090585266822e-07 float_slot_score=1.4222739657895211e+35
[INFO] [1788891773.449489545] [GADEN]: Legacy V1 coordinate format=NATIVE_DOUBLE double_score=5.474090585266822e-07 float_slot_score=1.4222739657895211e+35
[INFO] [1788891773.649454427] [GADEN]: Legacy V1 coordinate format=NATIVE_DOUBLE double_score=5.474090585266822e-07 float_slot_score=1.4222739657895211e+35
[INFO] [1788891773.880702881] [GADEN]: Legacy V1 coordinate format=NATIVE_DOUBLE double_score=5.474090585266822e-07 float_slot_score=1.4222739657895211e+35
[INFO] [1788891774.048903024] [GADEN]: Legacy V1 coordinate format=NATIVE_DOUBLE double_score=5.474090585266822e-07 float_slot_score=1.4222739657895211e+35
[INFO] [1788891774.251589173] [GADEN]: Legacy V1 coordinate format=NATIVE_DOUBLE double_score=5.474090585266822e-07 float_slot_score=1.4222739657895211e+35
[INFO] [1788891774.448357364] [GADEN]: Legacy V1 coordinate format=NATIVE_DOUBLE double_score=5.474090585266822e-07 float_slot_score=1.4222739657895211e+35
[INFO] [1788891774.649259156] [GADEN]: Legacy V1 coordinate format=NATIVE_DOUBLE double_score=5.474090585266822e-07 float_slot_score=1.4222739657895211e+35
[INFO] [1788891774.880054245] [GADEN]: Legacy V1 coordinate format=NATIVE_DOUBLE double_score=5.474090585266822e-07 float_slot_score=1.4222739657895211e+35
[INFO] [1788891775.047896438] [GADEN]: Legacy V1 coordinate format=NATIVE_DOUBLE double_score=5.474090585266822e-07 float_slot_score=1.4222739657895211e+35
[INFO] [1788891775.250145491] [GADEN]: Legacy V1 coordinate format=NATIVE_DOUBLE double_score=5.474090585266822e-07 float_slot_score=1.4222739657895211e+35
[INFO] [1788891775.450121683] [GADEN]: Legacy V1 coordinate format=NATIVE_DOUBLE double_score=5.474090585266822e-07 float_slot_score=1.4222739657895211e+35
[INFO] [1788891775.650988030] [GADEN]: Legacy V1 coordinate format=NATIVE_DOUBLE double_score=5.474090585266822e-07 float_slot_score=1.4222739657895211e+35
[INFO] [1788891775.879926371] [GADEN]: Legacy V1 coordinate format=NATIVE_DOUBLE double_score=5.474090585266822e-07 float_slot_score=1.4222739657895211e+35
[INFO] [1788891776.049339722] [GADEN]: Legacy V1 coordinate format=NATIVE_DOUBLE double_score=5.474090585266822e-07 float_slot_score=1.4222739657895211e+35
[INFO] [1788891776.249597813] [GADEN]: Legacy V1 coordinate format=NATIVE_DOUBLE double_score=5.474090585266822e-07 float_slot_score=1.4222739657895211e+35
[INFO] [1788891776.453250688] [GADEN]: Legacy V1 coordinate format=NATIVE_DOUBLE double_score=5.474090585266822e-07 float_slot_score=1.4222739657895211e+35
[INFO] [1788891776.651316773] [GADEN]: Legacy V1 coordinate format=NATIVE_DOUBLE double_score=5.474090585266822e-07 float_slot_score=1.4222739657895211e+35
[INFO] [1788891776.868977670] [GADEN]: Legacy V1 coordinate format=NATIVE_DOUBLE double_score=5.474090585266822e-07 float_slot_score=1.4222739657895211e+35
[INFO] [1788891777.048070021] [GADEN]: Legacy V1 coordinate format=NATIVE_DOUBLE double_score=5.474090585266822e-07 float_slot_score=1.4222739657895211e+35
[INFO] [1788891777.247895298] [GADEN]: Legacy V1 coordinate format=NATIVE_DOUBLE double_score=5.474090585266822e-07 float_slot_score=1.4222739657895211e+35
[INFO] [1788891777.453379904] [GADEN]: Legacy V1 coordinate format=NATIVE_DOUBLE double_score=5.474090585266822e-07 float_slot_score=1.4222739657895211e+35
[INFO] [1788891777.650469062] [GADEN]: Legacy V1 coordinate format=NATIVE_DOUBLE double_score=5.474090585266822e-07 float_slot_score=1.4222739657895211e+35
[INFO] [1788891777.868667746] [GADEN]: Legacy V1 coordinate format=NATIVE_DOUBLE double_score=5.474090585266822e-07 float_slot_score=1.4222739657895211e+35
[INFO] [1788891778.050280203] [GADEN]: Legacy V1 coordinate format=NATIVE_DOUBLE double_score=5.474090585266822e-07 float_slot_score=1.4222739657895211e+35
[INFO] [1788891778.249438815] [GADEN]: Legacy V1 coordinate format=NATIVE_DOUBLE double_score=5.474090585266822e-07 float_slot_score=1.4222739657895211e+35
[INFO] [1788891778.449702195] [GADEN]: Legacy V1 coordinate format=NATIVE_DOUBLE double_score=5.474090585266822e-07 float_slot_score=1.4222739657895211e+35
[INFO] [1788891778.652163479] [GADEN]: Legacy V1 coordinate format=NATIVE_DOUBLE double_score=5.474090585266822e-07 float_slot_score=1.4222739657895211e+35
[INFO] [1788891778.877976282] [GADEN]: Legacy V1 coordinate format=NATIVE_DOUBLE double_score=5.474090585266822e-07 float_slot_score=1.4222739657895211e+35
[INFO] [1788891779.048935664] [GADEN]: Legacy V1 coordinate format=NATIVE_DOUBLE double_score=5.474090585266822e-07 float_slot_score=1.4222739657895211e+35
[INFO] [1788891779.251148175] [GADEN]: Legacy V1 coordinate format=NATIVE_DOUBLE double_score=5.474090585266822e-07 float_slot_score=1.4222739657895211e+35
[INFO] [1788891779.450567765] [GADEN]: Legacy V1 coordinate format=NATIVE_DOUBLE double_score=5.474090585266822e-07 float_slot_score=1.4222739657895211e+35
[INFO] [1788891779.650887684] [GADEN]: Legacy V1 coordinate format=NATIVE_DOUBLE double_score=5.474090585266822e-07 float_slot_score=1.4222739657895211e+35
[INFO] [1788891779.870437988] [GADEN]: Legacy V1 coordinate format=NATIVE_DOUBLE double_score=5.474090585266822e-07 float_slot_score=1.4222739657895211e+35
[INFO] [1788891780.047928584] [GADEN]: Legacy V1 coordinate format=NATIVE_DOUBLE double_score=5.474090585266822e-07 float_slot_score=1.4222739657895211e+35
[INFO] [1788891780.247720418] [GADEN]: Legacy V1 coordinate format=NATIVE_DOUBLE double_score=5.474090585266822e-07 float_slot_score=1.4222739657895211e+35
[INFO] [1788891780.447684572] [GADEN]: Legacy V1 coordinate format=NATIVE_DOUBLE double_score=5.474090585266822e-07 float_slot_score=1.4222739657895211e+35
[INFO] [1788891780.649606242] [GADEN]: Legacy V1 coordinate format=NATIVE_DOUBLE double_score=5.474090585266822e-07 float_slot_score=1.4222739657895211e+35
[INFO] [1788891780.885317954] [GADEN]: Legacy V1 coordinate format=NATIVE_DOUBLE double_score=5.474090585266822e-07 float_slot_score=1.4222739657895211e+35
[INFO] [1788891781.051319182] [GADEN]: Legacy V1 coordinate format=NATIVE_DOUBLE double_score=5.474090585266822e-07 float_slot_score=1.4222739657895211e+35
[INFO] [1788891781.248502744] [GADEN]: Legacy V1 coordinate format=NATIVE_DOUBLE double_score=5.474090585266822e-07 float_slot_score=1.4222739657895211e+35
[INFO] [1788891781.449216390] [GADEN]: Legacy V1 coordinate format=NATIVE_DOUBLE double_score=5.474090585266822e-07 float_slot_score=1.4222739657895211e+35
[INFO] [1788891781.650176597] [GADEN]: Legacy V1 coordinate format=NATIVE_DOUBLE double_score=5.474090585266822e-07 float_slot_score=1.4222739657895211e+35
[INFO] [1788891781.868802640] [GADEN]: Legacy V1 coordinate format=NATIVE_DOUBLE double_score=5.474090585266822e-07 float_slot_score=1.4222739657895211e+35
[INFO] [1788891782.051234224] [GADEN]: Legacy V1 coordinate format=NATIVE_DOUBLE double_score=5.474090585266822e-07 float_slot_score=1.4222739657895211e+35
[INFO] [1788891782.248035710] [GADEN]: Legacy V1 coordinate format=NATIVE_DOUBLE double_score=5.474090585266822e-07 float_slot_score=1.4222739657895211e+35
[INFO] [1788891782.448601077] [GADEN]: Legacy V1 coordinate format=NATIVE_DOUBLE double_score=5.474090585266822e-07 float_slot_score=1.4222739657895211e+35
[INFO] [1788891782.649241565] [GADEN]: Legacy V1 coordinate format=NATIVE_DOUBLE double_score=5.474090585266822e-07 float_slot_score=1.4222739657895211e+35
[INFO] [1788891782.867865494] [GADEN]: Legacy V1 coordinate format=NATIVE_DOUBLE double_score=5.474090585266822e-07 float_slot_score=1.4222739657895211e+35
[INFO] [1788891783.049882199] [GADEN]: Legacy V1 coordinate format=NATIVE_DOUBLE double_score=5.474090585266822e-07 float_slot_score=1.4222739657895211e+35
[INFO] [1788891783.250967783] [GADEN]: Legacy V1 coordinate format=NATIVE_DOUBLE double_score=5.474090585266822e-07 float_slot_score=1.4222739657895211e+35
[INFO] [1788891783.448708846] [GADEN]: Legacy V1 coordinate format=NATIVE_DOUBLE double_score=5.474090585266822e-07 float_slot_score=1.4222739657895211e+35
[INFO] [1788891783.650954470] [GADEN]: Legacy V1 coordinate format=NATIVE_DOUBLE double_score=5.474090585266822e-07 float_slot_score=1.4222739657895211e+35
[INFO] [1788891783.869374418] [GADEN]: Legacy V1 coordinate format=NATIVE_DOUBLE double_score=5.474090585266822e-07 float_slot_score=1.4222739657895211e+35
[INFO] [1788891784.050495999] [GADEN]: Legacy V1 coordinate format=NATIVE_DOUBLE double_score=5.474090585266822e-07 float_slot_score=1.4222739657895211e+35
[INFO] [1788891784.249557672] [GADEN]: Legacy V1 coordinate format=NATIVE_DOUBLE double_score=5.474090585266822e-07 float_slot_score=1.4222739657895211e+35
[INFO] [1788891784.452656525] [GADEN]: Legacy V1 coordinate format=NATIVE_DOUBLE double_score=5.474090585266822e-07 float_slot_score=1.4222739657895211e+35
[INFO] [1788891784.650576709] [GADEN]: Legacy V1 coordinate format=NATIVE_DOUBLE double_score=5.474090585266822e-07 float_slot_score=1.4222739657895211e+35
[INFO] [1788891784.868020943] [GADEN]: Legacy V1 coordinate format=NATIVE_DOUBLE double_score=5.474090585266822e-07 float_slot_score=1.4222739657895211e+35
[INFO] [1788891785.049365395] [GADEN]: Legacy V1 coordinate format=NATIVE_DOUBLE double_score=5.474090585266822e-07 float_slot_score=1.4222739657895211e+35
[INFO] [1788891785.250311158] [GADEN]: Legacy V1 coordinate format=NATIVE_DOUBLE double_score=5.474090585266822e-07 float_slot_score=1.4222739657895211e+35
[INFO] [1788891785.449604196] [GADEN]: Legacy V1 coordinate format=NATIVE_DOUBLE double_score=5.474090585266822e-07 float_slot_score=1.4222739657895211e+35
[INFO] [1788891785.650380912] [GADEN]: Legacy V1 coordinate format=NATIVE_DOUBLE double_score=5.474090585266822e-07 float_slot_score=1.4222739657895211e+35
[INFO] [1788891785.868019509] [GADEN]: Legacy V1 coordinate format=NATIVE_DOUBLE double_score=5.474090585266822e-07 float_slot_score=1.4222739657895211e+35
[INFO] [1788891786.049629415] [GADEN]: Legacy V1 coordinate format=NATIVE_DOUBLE double_score=5.474090585266822e-07 float_slot_score=1.4222739657895211e+35
[INFO] [1788891786.250526957] [GADEN]: Legacy V1 coordinate format=NATIVE_DOUBLE double_score=5.474090585266822e-07 float_slot_score=1.4222739657895211e+35
[INFO] [1788891786.449873036] [GADEN]: Legacy V1 coordinate format=NATIVE_DOUBLE double_score=5.474090585266822e-07 float_slot_score=1.4222739657895211e+35
[INFO] [1788891786.652626705] [GADEN]: Legacy V1 coordinate format=NATIVE_DOUBLE double_score=5.474090585266822e-07 float_slot_score=1.4222739657895211e+35
[INFO] [1788891786.870455619] [GADEN]: Legacy V1 coordinate format=NATIVE_DOUBLE double_score=5.474090585266822e-07 float_slot_score=1.4222739657895211e+35
[INFO] [1788891787.051362530] [GADEN]: Legacy V1 coordinate format=NATIVE_DOUBLE double_score=5.474090585266822e-07 float_slot_score=1.4222739657895211e+35
[INFO] [1788891787.248338535] [GADEN]: Legacy V1 coordinate format=NATIVE_DOUBLE double_score=5.474090585266822e-07 float_slot_score=1.4222739657895211e+35
[INFO] [1788891787.450113667] [GADEN]: Legacy V1 coordinate format=NATIVE_DOUBLE double_score=5.474090585266822e-07 float_slot_score=1.4222739657895211e+35
[INFO] [1788891787.650794656] [GADEN]: Legacy V1 coordinate format=NATIVE_DOUBLE double_score=5.474090585266822e-07 float_slot_score=1.4222739657895211e+35
[INFO] [1788891787.869328732] [GADEN]: Legacy V1 coordinate format=NATIVE_DOUBLE double_score=5.474090585266822e-07 float_slot_score=1.4222739657895211e+35
[INFO] [1788891788.048817291] [GADEN]: Legacy V1 coordinate format=NATIVE_DOUBLE double_score=5.474090585266822e-07 float_slot_score=1.4222739657895211e+35
[INFO] [1788891788.249453883] [GADEN]: Legacy V1 coordinate format=NATIVE_DOUBLE double_score=5.474090585266822e-07 float_slot_score=1.4222739657895211e+35
[INFO] [1788891788.448830241] [GADEN]: Legacy V1 coordinate format=NATIVE_DOUBLE double_score=5.474090585266822e-07 float_slot_score=1.4222739657895211e+35
[INFO] [1788891788.648611489] [GADEN]: Legacy V1 coordinate format=NATIVE_DOUBLE double_score=5.474090585266822e-07 float_slot_score=1.4222739657895211e+35
[INFO] [1788891788.871483268] [GADEN]: Legacy V1 coordinate format=NATIVE_DOUBLE double_score=5.474090585266822e-07 float_slot_score=1.4222739657895211e+35
[INFO] [1788891789.049734732] [GADEN]: Legacy V1 coordinate format=NATIVE_DOUBLE double_score=5.474090585266822e-07 float_slot_score=1.4222739657895211e+35
[INFO] [1788891789.249735704] [GADEN]: Legacy V1 coordinate format=NATIVE_DOUBLE double_score=5.474090585266822e-07 float_slot_score=1.4222739657895211e+35
[INFO] [1788891789.448788647] [GADEN]: Legacy V1 coordinate format=NATIVE_DOUBLE double_score=5.474090585266822e-07 float_slot_score=1.4222739657895211e+35
[INFO] [1788891789.651025671] [GADEN]: Legacy V1 coordinate format=NATIVE_DOUBLE double_score=5.474090585266822e-07 float_slot_score=1.4222739657895211e+35
[INFO] [1788891789.869401205] [GADEN]: Legacy V1 coordinate format=NATIVE_DOUBLE double_score=5.474090585266822e-07 float_slot_score=1.4222739657895211e+35
[INFO] [1788891790.055399067] [GADEN]: Legacy V1 coordinate format=NATIVE_DOUBLE double_score=5.474090585266822e-07 float_slot_score=1.4222739657895211e+35
[INFO] [1788891790.248545469] [GADEN]: Legacy V1 coordinate format=NATIVE_DOUBLE double_score=5.474090585266822e-07 float_slot_score=1.4222739657895211e+35
[INFO] [1788891790.448964943] [GADEN]: Legacy V1 coordinate format=NATIVE_DOUBLE double_score=5.474090585266822e-07 float_slot_score=1.4222739657895211e+35
[INFO] [1788891790.650941944] [GADEN]: Legacy V1 coordinate format=NATIVE_DOUBLE double_score=5.474090585266822e-07 float_slot_score=1.4222739657895211e+35
[INFO] [1788891790.868778860] [GADEN]: Legacy V1 coordinate format=NATIVE_DOUBLE double_score=5.474090585266822e-07 float_slot_score=1.4222739657895211e+35
[INFO] [1788891791.050791411] [GADEN]: Legacy V1 coordinate format=NATIVE_DOUBLE double_score=5.474090585266822e-07 float_slot_score=1.4222739657895211e+35
[INFO] [1788891791.249881732] [GADEN]: Legacy V1 coordinate format=NATIVE_DOUBLE double_score=5.474090585266822e-07 float_slot_score=1.4222739657895211e+35
[INFO] [1788891791.450484156] [GADEN]: Legacy V1 coordinate format=NATIVE_DOUBLE double_score=5.474090585266822e-07 float_slot_score=1.4222739657895211e+35
[INFO] [1788891791.650582566] [GADEN]: Legacy V1 coordinate format=NATIVE_DOUBLE double_score=5.474090585266822e-07 float_slot_score=1.4222739657895211e+35
[INFO] [1788891791.867903972] [GADEN]: Legacy V1 coordinate format=NATIVE_DOUBLE double_score=5.474090585266822e-07 float_slot_score=1.4222739657895211e+35
[INFO] [1788891792.050054759] [GADEN]: Legacy V1 coordinate format=NATIVE_DOUBLE double_score=5.474090585266822e-07 float_slot_score=1.4222739657895211e+35
[INFO] [1788891792.250084178] [GADEN]: Legacy V1 coordinate format=NATIVE_DOUBLE double_score=5.474090585266822e-07 float_slot_score=1.4222739657895211e+35
[INFO] [1788891792.453703811] [GADEN]: Legacy V1 coordinate format=NATIVE_DOUBLE double_score=5.474090585266822e-07 float_slot_score=1.4222739657895211e+35
[INFO] [1788891792.651405630] [GADEN]: Legacy V1 coordinate format=NATIVE_DOUBLE double_score=5.474090585266822e-07 float_slot_score=1.4222739657895211e+35
[INFO] [1788891792.869076424] [GADEN]: Legacy V1 coordinate format=NATIVE_DOUBLE double_score=5.474090585266822e-07 float_slot_score=1.4222739657895211e+35
[INFO] [1788891793.050186463] [GADEN]: Legacy V1 coordinate format=NATIVE_DOUBLE double_score=5.474090585266822e-07 float_slot_score=1.4222739657895211e+35
[INFO] [1788891793.249575029] [GADEN]: Legacy V1 coordinate format=NATIVE_DOUBLE double_score=5.474090585266822e-07 float_slot_score=1.4222739657895211e+35
[INFO] [1788891793.449277321] [GADEN]: Legacy V1 coordinate format=NATIVE_DOUBLE double_score=5.474090585266822e-07 float_slot_score=1.4222739657895211e+35
[INFO] [1788891793.649453959] [GADEN]: Legacy V1 coordinate format=NATIVE_DOUBLE double_score=5.474090585266822e-07 float_slot_score=1.4222739657895211e+35
[INFO] [1788891793.881777569] [GADEN]: Legacy V1 coordinate format=NATIVE_DOUBLE double_score=5.474090585266822e-07 float_slot_score=1.4222739657895211e+35
[INFO] [1788891794.047968694] [GADEN]: Legacy V1 coordinate format=NATIVE_DOUBLE double_score=5.474090585266822e-07 float_slot_score=1.4222739657895211e+35
[INFO] [1788891794.249961508] [GADEN]: Legacy V1 coordinate format=NATIVE_DOUBLE double_score=5.474090585266822e-07 float_slot_score=1.4222739657895211e+35
[INFO] [1788891794.452219263] [GADEN]: Legacy V1 coordinate format=NATIVE_DOUBLE double_score=5.474090585266822e-07 float_slot_score=1.4222739657895211e+35
[INFO] [1788891794.651894107] [GADEN]: Legacy V1 coordinate format=NATIVE_DOUBLE double_score=5.474090585266822e-07 float_slot_score=1.4222739657895211e+35
[INFO] [1788891794.869426470] [GADEN]: Legacy V1 coordinate format=NATIVE_DOUBLE double_score=5.474090585266822e-07 float_slot_score=1.4222739657895211e+35
[INFO] [1788891795.049451998] [GADEN]: Legacy V1 coordinate format=NATIVE_DOUBLE double_score=5.474090585266822e-07 float_slot_score=1.4222739657895211e+35
[INFO] [1788891795.250499678] [GADEN]: Legacy V1 coordinate format=NATIVE_DOUBLE double_score=5.474090585266822e-07 float_slot_score=1.4222739657895211e+35
[INFO] [1788891795.448721028] [GADEN]: Legacy V1 coordinate format=NATIVE_DOUBLE double_score=5.474090585266822e-07 float_slot_score=1.4222739657895211e+35
[INFO] [1788891795.650736966] [GADEN]: Legacy V1 coordinate format=NATIVE_DOUBLE double_score=5.474090585266822e-07 float_slot_score=1.4222739657895211e+35
[INFO] [1788891795.869462179] [GADEN]: Legacy V1 coordinate format=NATIVE_DOUBLE double_score=5.474090585266822e-07 float_slot_score=1.4222739657895211e+35
[INFO] [1788891796.049117631] [GADEN]: Legacy V1 coordinate format=NATIVE_DOUBLE double_score=5.474090585266822e-07 float_slot_score=1.4222739657895211e+35
[INFO] [1788891796.249728898] [GADEN]: Legacy V1 coordinate format=NATIVE_DOUBLE double_score=5.474090585266822e-07 float_slot_score=1.4222739657895211e+35
[INFO] [1788891796.450265615] [GADEN]: Legacy V1 coordinate format=NATIVE_DOUBLE double_score=5.474090585266822e-07 float_slot_score=1.4222739657895211e+35
[INFO] [1788891796.650569665] [GADEN]: Legacy V1 coordinate format=NATIVE_DOUBLE double_score=5.474090585266822e-07 float_slot_score=1.4222739657895211e+35
[INFO] [1788891796.872548962] [GADEN]: Legacy V1 coordinate format=NATIVE_DOUBLE double_score=5.474090585266822e-07 float_slot_score=1.4222739657895211e+35
[INFO] [1788891797.050531647] [GADEN]: Legacy V1 coordinate format=NATIVE_DOUBLE double_score=5.474090585266822e-07 float_slot_score=1.4222739657895211e+35
[INFO] [1788891797.250273361] [GADEN]: Legacy V1 coordinate format=NATIVE_DOUBLE double_score=5.474090585266822e-07 float_slot_score=1.4222739657895211e+35
[INFO] [1788891797.449290070] [GADEN]: Legacy V1 coordinate format=NATIVE_DOUBLE double_score=5.474090585266822e-07 float_slot_score=1.4222739657895211e+35
[INFO] [1788891797.648490475] [GADEN]: Legacy V1 coordinate format=NATIVE_DOUBLE double_score=5.474090585266822e-07 float_slot_score=1.4222739657895211e+35
[INFO] [1788891797.879297823] [GADEN]: Legacy V1 coordinate format=NATIVE_DOUBLE double_score=5.474090585266822e-07 float_slot_score=1.4222739657895211e+35
[INFO] [1788891798.049616059] [GADEN]: Legacy V1 coordinate format=NATIVE_DOUBLE double_score=5.474090585266822e-07 float_slot_score=1.4222739657895211e+35
[INFO] [1788891798.251122005] [GADEN]: Legacy V1 coordinate format=NATIVE_DOUBLE double_score=5.474090585266822e-07 float_slot_score=1.4222739657895211e+35
[INFO] [1788891798.449586892] [GADEN]: Legacy V1 coordinate format=NATIVE_DOUBLE double_score=5.474090585266822e-07 float_slot_score=1.4222739657895211e+35
[INFO] [1788891798.649252987] [GADEN]: Legacy V1 coordinate format=NATIVE_DOUBLE double_score=5.474090585266822e-07 float_slot_score=1.4222739657895211e+35
[INFO] [1788891798.867981027] [GADEN]: Legacy V1 coordinate format=NATIVE_DOUBLE double_score=5.474090585266822e-07 float_slot_score=1.4222739657895211e+35
[INFO] [1788891799.050223815] [GADEN]: Legacy V1 coordinate format=NATIVE_DOUBLE double_score=5.474090585266822e-07 float_slot_score=1.4222739657895211e+35
[INFO] [1788891799.249094211] [GADEN]: Legacy V1 coordinate format=NATIVE_DOUBLE double_score=5.474090585266822e-07 float_slot_score=1.4222739657895211e+35
[INFO] [1788891799.448769704] [GADEN]: Legacy V1 coordinate format=NATIVE_DOUBLE double_score=5.474090585266822e-07 float_slot_score=1.4222739657895211e+35
[INFO] [1788891799.647614151] [GADEN]: Legacy V1 coordinate format=NATIVE_DOUBLE double_score=5.474090585266822e-07 float_slot_score=1.4222739657895211e+35
[INFO] [1788891799.867763713] [GADEN]: Legacy V1 coordinate format=NATIVE_DOUBLE double_score=5.474090585266822e-07 float_slot_score=1.4222739657895211e+35
[INFO] [1788891800.049063494] [GADEN]: Legacy V1 coordinate format=NATIVE_DOUBLE double_score=5.474090585266822e-07 float_slot_score=1.4222739657895211e+35
[INFO] [1788891800.249362870] [GADEN]: Legacy V1 coordinate format=NATIVE_DOUBLE double_score=5.474090585266822e-07 float_slot_score=1.4222739657895211e+35
[INFO] [1788891800.448526193] [GADEN]: Legacy V1 coordinate format=NATIVE_DOUBLE double_score=5.474090585266822e-07 float_slot_score=1.4222739657895211e+35
[INFO] [1788891800.649909700] [GADEN]: Legacy V1 coordinate format=NATIVE_DOUBLE double_score=5.474090585266822e-07 float_slot_score=1.4222739657895211e+35
[INFO] [1788891800.867759584] [GADEN]: Legacy V1 coordinate format=NATIVE_DOUBLE double_score=5.474090585266822e-07 float_slot_score=1.4222739657895211e+35
[INFO] [1788891801.050076167] [GADEN]: Legacy V1 coordinate format=NATIVE_DOUBLE double_score=5.474090585266822e-07 float_slot_score=1.4222739657895211e+35
[INFO] [1788891801.253424307] [GADEN]: Legacy V1 coordinate format=NATIVE_DOUBLE double_score=5.474090585266822e-07 float_slot_score=1.4222739657895211e+35
[INFO] [1788891801.449284673] [GADEN]: Legacy V1 coordinate format=NATIVE_DOUBLE double_score=5.474090585266822e-07 float_slot_score=1.4222739657895211e+35
[INFO] [1788891801.650613333] [GADEN]: Legacy V1 coordinate format=NATIVE_DOUBLE double_score=5.474090585266822e-07 float_slot_score=1.4222739657895211e+35
[INFO] [1788891801.878904951] [GADEN]: Legacy V1 coordinate format=NATIVE_DOUBLE double_score=5.474090585266822e-07 float_slot_score=1.4222739657895211e+35
[INFO] [1788891802.051177934] [GADEN]: Legacy V1 coordinate format=NATIVE_DOUBLE double_score=5.474090585266822e-07 float_slot_score=1.4222739657895211e+35
[INFO] [1788891802.247674569] [GADEN]: Legacy V1 coordinate format=NATIVE_DOUBLE double_score=5.474090585266822e-07 float_slot_score=1.4222739657895211e+35
[INFO] [1788891802.449691324] [GADEN]: Legacy V1 coordinate format=NATIVE_DOUBLE double_score=5.474090585266822e-07 float_slot_score=1.4222739657895211e+35
[INFO] [1788891802.649003237] [GADEN]: Legacy V1 coordinate format=NATIVE_DOUBLE double_score=5.474090585266822e-07 float_slot_score=1.4222739657895211e+35
[INFO] [1788891802.880624527] [GADEN]: Legacy V1 coordinate format=NATIVE_DOUBLE double_score=5.474090585266822e-07 float_slot_score=1.4222739657895211e+35
[INFO] [1788891803.048307024] [GADEN]: Legacy V1 coordinate format=NATIVE_DOUBLE double_score=5.474090585266822e-07 float_slot_score=1.4222739657895211e+35
[INFO] [1788891803.247511171] [GADEN]: Legacy V1 coordinate format=NATIVE_DOUBLE double_score=5.474090585266822e-07 float_slot_score=1.4222739657895211e+35
[INFO] [1788891803.451963225] [GADEN]: Legacy V1 coordinate format=NATIVE_DOUBLE double_score=5.474090585266822e-07 float_slot_score=1.4222739657895211e+35
[INFO] [1788891803.649694931] [GADEN]: Legacy V1 coordinate format=NATIVE_DOUBLE double_score=5.474090585266822e-07 float_slot_score=1.4222739657895211e+35
[INFO] [1788891803.868586536] [GADEN]: Legacy V1 coordinate format=NATIVE_DOUBLE double_score=5.474090585266822e-07 float_slot_score=1.4222739657895211e+35
[INFO] [1788891804.051703246] [GADEN]: Legacy V1 coordinate format=NATIVE_DOUBLE double_score=5.474090585266822e-07 float_slot_score=1.4222739657895211e+35
[INFO] [1788891804.249531144] [GADEN]: Legacy V1 coordinate format=NATIVE_DOUBLE double_score=5.474090585266822e-07 float_slot_score=1.4222739657895211e+35
[INFO] [1788891804.450764400] [GADEN]: Legacy V1 coordinate format=NATIVE_DOUBLE double_score=5.474090585266822e-07 float_slot_score=1.4222739657895211e+35
[INFO] [1788891804.650578848] [GADEN]: Legacy V1 coordinate format=NATIVE_DOUBLE double_score=5.474090585266822e-07 float_slot_score=1.4222739657895211e+35
[INFO] [1788891804.868744070] [GADEN]: Legacy V1 coordinate format=NATIVE_DOUBLE double_score=5.474090585266822e-07 float_slot_score=1.4222739657895211e+35
[INFO] [1788891805.049711463] [GADEN]: Legacy V1 coordinate format=NATIVE_DOUBLE double_score=5.474090585266822e-07 float_slot_score=1.4222739657895211e+35
[INFO] [1788891805.251909769] [GADEN]: Legacy V1 coordinate format=NATIVE_DOUBLE double_score=5.474090585266822e-07 float_slot_score=1.4222739657895211e+35
[INFO] [1788891805.451134244] [GADEN]: Legacy V1 coordinate format=NATIVE_DOUBLE double_score=5.474090585266822e-07 float_slot_score=1.4222739657895211e+35
[INFO] [1788891805.649958079] [GADEN]: Legacy V1 coordinate format=NATIVE_DOUBLE double_score=5.474090585266822e-07 float_slot_score=1.4222739657895211e+35
[INFO] [1788891805.883620144] [GADEN]: Legacy V1 coordinate format=NATIVE_DOUBLE double_score=5.474090585266822e-07 float_slot_score=1.4222739657895211e+35
[INFO] [1788891806.050919588] [GADEN]: Legacy V1 coordinate format=NATIVE_DOUBLE double_score=5.474090585266822e-07 float_slot_score=1.4222739657895211e+35
[INFO] [1788891806.249783314] [GADEN]: Legacy V1 coordinate format=NATIVE_DOUBLE double_score=5.474090585266822e-07 float_slot_score=1.4222739657895211e+35
[INFO] [1788891806.449454627] [GADEN]: Legacy V1 coordinate format=NATIVE_DOUBLE double_score=5.474090585266822e-07 float_slot_score=1.4222739657895211e+35
[INFO] [1788891806.649626616] [GADEN]: Legacy V1 coordinate format=NATIVE_DOUBLE double_score=5.474090585266822e-07 float_slot_score=1.4222739657895211e+35
[INFO] [1788891806.869439829] [GADEN]: Legacy V1 coordinate format=NATIVE_DOUBLE double_score=5.474090585266822e-07 float_slot_score=1.4222739657895211e+35
[INFO] [1788891807.053289199] [GADEN]: Legacy V1 coordinate format=NATIVE_DOUBLE double_score=5.474090585266822e-07 float_slot_score=1.4222739657895211e+35
[INFO] [1788891807.249546088] [GADEN]: Legacy V1 coordinate format=NATIVE_DOUBLE double_score=5.474090585266822e-07 float_slot_score=1.4222739657895211e+35
[INFO] [1788891807.449604084] [GADEN]: Legacy V1 coordinate format=NATIVE_DOUBLE double_score=5.474090585266822e-07 float_slot_score=1.4222739657895211e+35
[INFO] [1788891807.649243141] [GADEN]: Legacy V1 coordinate format=NATIVE_DOUBLE double_score=5.474090585266822e-07 float_slot_score=1.4222739657895211e+35
[INFO] [1788891807.867867508] [GADEN]: Legacy V1 coordinate format=NATIVE_DOUBLE double_score=5.474090585266822e-07 float_slot_score=1.4222739657895211e+35
[INFO] [1788891808.050551998] [GADEN]: Legacy V1 coordinate format=NATIVE_DOUBLE double_score=5.474090585266822e-07 float_slot_score=1.4222739657895211e+35
[INFO] [1788891808.250584506] [GADEN]: Legacy V1 coordinate format=NATIVE_DOUBLE double_score=5.474090585266822e-07 float_slot_score=1.4222739657895211e+35
[INFO] [1788891808.448658466] [GADEN]: Legacy V1 coordinate format=NATIVE_DOUBLE double_score=5.474090585266822e-07 float_slot_score=1.4222739657895211e+35
[INFO] [1788891808.648851242] [GADEN]: Legacy V1 coordinate format=NATIVE_DOUBLE double_score=5.474090585266822e-07 float_slot_score=1.4222739657895211e+35
[INFO] [1788891808.869024688] [GADEN]: Legacy V1 coordinate format=NATIVE_DOUBLE double_score=5.474090585266822e-07 float_slot_score=1.4222739657895211e+35
[INFO] [1788891809.047976778] [GADEN]: Legacy V1 coordinate format=NATIVE_DOUBLE double_score=5.474090585266822e-07 float_slot_score=1.4222739657895211e+35
[INFO] [1788891809.249930235] [GADEN]: Legacy V1 coordinate format=NATIVE_DOUBLE double_score=5.474090585266822e-07 float_slot_score=1.4222739657895211e+35
[INFO] [1788891809.448344678] [GADEN]: Legacy V1 coordinate format=NATIVE_DOUBLE double_score=5.474090585266822e-07 float_slot_score=1.4222739657895211e+35
[INFO] [1788891809.649128469] [GADEN]: Legacy V1 coordinate format=NATIVE_DOUBLE double_score=5.474090585266822e-07 float_slot_score=1.4222739657895211e+35
[INFO] [1788891809.868561333] [GADEN]: Legacy V1 coordinate format=NATIVE_DOUBLE double_score=5.474090585266822e-07 float_slot_score=1.4222739657895211e+35
[INFO] [1788891810.048929806] [GADEN]: Legacy V1 coordinate format=NATIVE_DOUBLE double_score=5.474090585266822e-07 float_slot_score=1.4222739657895211e+35
[INFO] [1788891810.248784192] [GADEN]: Legacy V1 coordinate format=NATIVE_DOUBLE double_score=5.474090585266822e-07 float_slot_score=1.4222739657895211e+35
[INFO] [1788891810.448827128] [GADEN]: Legacy V1 coordinate format=NATIVE_DOUBLE double_score=5.474090585266822e-07 float_slot_score=1.4222739657895211e+35
[INFO] [1788891810.649772976] [GADEN]: Legacy V1 coordinate format=NATIVE_DOUBLE double_score=5.474090585266822e-07 float_slot_score=1.4222739657895211e+35
[INFO] [1788891810.868951742] [GADEN]: Legacy V1 coordinate format=NATIVE_DOUBLE double_score=5.474090585266822e-07 float_slot_score=1.4222739657895211e+35
[INFO] [1788891811.049636996] [GADEN]: Legacy V1 coordinate format=NATIVE_DOUBLE double_score=5.474090585266822e-07 float_slot_score=1.4222739657895211e+35
[INFO] [1788891811.248401811] [GADEN]: Legacy V1 coordinate format=NATIVE_DOUBLE double_score=5.474090585266822e-07 float_slot_score=1.4222739657895211e+35
[INFO] [1788891811.450792410] [GADEN]: Legacy V1 coordinate format=NATIVE_DOUBLE double_score=5.474090585266822e-07 float_slot_score=1.4222739657895211e+35
[INFO] [1788891811.648026970] [GADEN]: Legacy V1 coordinate format=NATIVE_DOUBLE double_score=5.474090585266822e-07 float_slot_score=1.4222739657895211e+35
[INFO] [1788891811.868891221] [GADEN]: Legacy V1 coordinate format=NATIVE_DOUBLE double_score=5.474090585266822e-07 float_slot_score=1.4222739657895211e+35
[INFO] [1788891812.048047978] [GADEN]: Legacy V1 coordinate format=NATIVE_DOUBLE double_score=5.474090585266822e-07 float_slot_score=1.4222739657895211e+35
[INFO] [1788891812.248655163] [GADEN]: Legacy V1 coordinate format=NATIVE_DOUBLE double_score=5.474090585266822e-07 float_slot_score=1.4222739657895211e+35
[INFO] [1788891812.447383136] [GADEN]: Legacy V1 coordinate format=NATIVE_DOUBLE double_score=5.474090585266822e-07 float_slot_score=1.4222739657895211e+35
[INFO] [1788891812.649547672] [GADEN]: Legacy V1 coordinate format=NATIVE_DOUBLE double_score=5.474090585266822e-07 float_slot_score=1.4222739657895211e+35
[INFO] [1788891812.868787342] [GADEN]: Legacy V1 coordinate format=NATIVE_DOUBLE double_score=5.474090585266822e-07 float_slot_score=1.4222739657895211e+35
[INFO] [1788891813.048507231] [GADEN]: Legacy V1 coordinate format=NATIVE_DOUBLE double_score=5.474090585266822e-07 float_slot_score=1.4222739657895211e+35
[INFO] [1788891813.250432803] [GADEN]: Legacy V1 coordinate format=NATIVE_DOUBLE double_score=5.474090585266822e-07 float_slot_score=1.4222739657895211e+35
[INFO] [1788891813.449555985] [GADEN]: Legacy V1 coordinate format=NATIVE_DOUBLE double_score=5.474090585266822e-07 float_slot_score=1.4222739657895211e+35
[INFO] [1788891813.653371894] [GADEN]: Legacy V1 coordinate format=NATIVE_DOUBLE double_score=5.474090585266822e-07 float_slot_score=1.4222739657895211e+35
[INFO] [1788891813.880563642] [GADEN]: Legacy V1 coordinate format=NATIVE_DOUBLE double_score=5.474090585266822e-07 float_slot_score=1.4222739657895211e+35
[INFO] [1788891814.050082652] [GADEN]: Legacy V1 coordinate format=NATIVE_DOUBLE double_score=5.474090585266822e-07 float_slot_score=1.4222739657895211e+35
[INFO] [1788891814.250136776] [GADEN]: Legacy V1 coordinate format=NATIVE_DOUBLE double_score=5.474090585266822e-07 float_slot_score=1.4222739657895211e+35
[INFO] [1788891814.448342386] [GADEN]: Legacy V1 coordinate format=NATIVE_DOUBLE double_score=5.474090585266822e-07 float_slot_score=1.4222739657895211e+35
[INFO] [1788891814.648864132] [GADEN]: Legacy V1 coordinate format=NATIVE_DOUBLE double_score=5.474090585266822e-07 float_slot_score=1.4222739657895211e+35
[INFO] [1788891814.868909991] [GADEN]: Legacy V1 coordinate format=NATIVE_DOUBLE double_score=5.474090585266822e-07 float_slot_score=1.4222739657895211e+35
[INFO] [1788891815.047978737] [GADEN]: Legacy V1 coordinate format=NATIVE_DOUBLE double_score=5.474090585266822e-07 float_slot_score=1.4222739657895211e+35
[INFO] [1788891815.251225365] [GADEN]: Legacy V1 coordinate format=NATIVE_DOUBLE double_score=5.474090585266822e-07 float_slot_score=1.4222739657895211e+35
[INFO] [1788891815.451036024] [GADEN]: Legacy V1 coordinate format=NATIVE_DOUBLE double_score=5.474090585266822e-07 float_slot_score=1.4222739657895211e+35
[INFO] [1788891815.648939004] [GADEN]: Legacy V1 coordinate format=NATIVE_DOUBLE double_score=5.474090585266822e-07 float_slot_score=1.4222739657895211e+35
[INFO] [1788891815.871858499] [GADEN]: Legacy V1 coordinate format=NATIVE_DOUBLE double_score=5.474090585266822e-07 float_slot_score=1.4222739657895211e+35
[INFO] [1788891816.048198221] [GADEN]: Legacy V1 coordinate format=NATIVE_DOUBLE double_score=5.474090585266822e-07 float_slot_score=1.4222739657895211e+35
[INFO] [1788891816.249056305] [GADEN]: Legacy V1 coordinate format=NATIVE_DOUBLE double_score=5.474090585266822e-07 float_slot_score=1.4222739657895211e+35
[INFO] [1788891816.449648729] [GADEN]: Legacy V1 coordinate format=NATIVE_DOUBLE double_score=5.474090585266822e-07 float_slot_score=1.4222739657895211e+35
[INFO] [1788891816.648164602] [GADEN]: Legacy V1 coordinate format=NATIVE_DOUBLE double_score=5.474090585266822e-07 float_slot_score=1.4222739657895211e+35
[INFO] [1788891816.869482138] [GADEN]: Legacy V1 coordinate format=NATIVE_DOUBLE double_score=5.474090585266822e-07 float_slot_score=1.4222739657895211e+35
[INFO] [1788891817.051133994] [GADEN]: Legacy V1 coordinate format=NATIVE_DOUBLE double_score=5.474090585266822e-07 float_slot_score=1.4222739657895211e+35
[INFO] [1788891817.248747619] [GADEN]: Legacy V1 coordinate format=NATIVE_DOUBLE double_score=5.474090585266822e-07 float_slot_score=1.4222739657895211e+35
[INFO] [1788891817.447615126] [GADEN]: Legacy V1 coordinate format=NATIVE_DOUBLE double_score=5.474090585266822e-07 float_slot_score=1.4222739657895211e+35
[INFO] [1788891817.650179286] [GADEN]: Legacy V1 coordinate format=NATIVE_DOUBLE double_score=5.474090585266822e-07 float_slot_score=1.4222739657895211e+35
[INFO] [1788891817.869120997] [GADEN]: Legacy V1 coordinate format=NATIVE_DOUBLE double_score=5.474090585266822e-07 float_slot_score=1.4222739657895211e+35
[INFO] [1788891818.050785163] [GADEN]: Legacy V1 coordinate format=NATIVE_DOUBLE double_score=5.474090585266822e-07 float_slot_score=1.4222739657895211e+35
[INFO] [1788891818.250479579] [GADEN]: Legacy V1 coordinate format=NATIVE_DOUBLE double_score=5.474090585266822e-07 float_slot_score=1.4222739657895211e+35
[INFO] [1788891818.450017015] [GADEN]: Legacy V1 coordinate format=NATIVE_DOUBLE double_score=5.474090585266822e-07 float_slot_score=1.4222739657895211e+35
[INFO] [1788891818.648438311] [GADEN]: Legacy V1 coordinate format=NATIVE_DOUBLE double_score=5.474090585266822e-07 float_slot_score=1.4222739657895211e+35
[INFO] [1788891818.868447083] [GADEN]: Legacy V1 coordinate format=NATIVE_DOUBLE double_score=5.474090585266822e-07 float_slot_score=1.4222739657895211e+35
[INFO] [1788891819.048208004] [GADEN]: Legacy V1 coordinate format=NATIVE_DOUBLE double_score=5.474090585266822e-07 float_slot_score=1.4222739657895211e+35
[INFO] [1788891819.251496867] [GADEN]: Legacy V1 coordinate format=NATIVE_DOUBLE double_score=5.474090585266822e-07 float_slot_score=1.4222739657895211e+35
[INFO] [1788891819.449998389] [GADEN]: Legacy V1 coordinate format=NATIVE_DOUBLE double_score=5.474090585266822e-07 float_slot_score=1.4222739657895211e+35
[INFO] [1788891819.649424318] [GADEN]: Legacy V1 coordinate format=NATIVE_DOUBLE double_score=5.474090585266822e-07 float_slot_score=1.4222739657895211e+35
[INFO] [1788891819.869412751] [GADEN]: Legacy V1 coordinate format=NATIVE_DOUBLE double_score=5.474090585266822e-07 float_slot_score=1.4222739657895211e+35
[INFO] [1788891820.048695027] [GADEN]: Legacy V1 coordinate format=NATIVE_DOUBLE double_score=5.474090585266822e-07 float_slot_score=1.4222739657895211e+35
[INFO] [1788891820.249697172] [GADEN]: Legacy V1 coordinate format=NATIVE_DOUBLE double_score=5.474090585266822e-07 float_slot_score=1.4222739657895211e+35
[INFO] [1788891820.449167401] [GADEN]: Legacy V1 coordinate format=NATIVE_DOUBLE double_score=5.474090585266822e-07 float_slot_score=1.4222739657895211e+35
[INFO] [1788891820.649208127] [GADEN]: Legacy V1 coordinate format=NATIVE_DOUBLE double_score=5.474090585266822e-07 float_slot_score=1.4222739657895211e+35
[INFO] [1788891820.868511224] [GADEN]: Legacy V1 coordinate format=NATIVE_DOUBLE double_score=5.474090585266822e-07 float_slot_score=1.4222739657895211e+35
[INFO] [1788891821.051295065] [GADEN]: Legacy V1 coordinate format=NATIVE_DOUBLE double_score=5.474090585266822e-07 float_slot_score=1.4222739657895211e+35
[INFO] [1788891821.247997653] [GADEN]: Legacy V1 coordinate format=NATIVE_DOUBLE double_score=5.474090585266822e-07 float_slot_score=1.4222739657895211e+35
[INFO] [1788891821.454334413] [GADEN]: Legacy V1 coordinate format=NATIVE_DOUBLE double_score=5.474090585266822e-07 float_slot_score=1.4222739657895211e+35
[INFO] [1788891821.647971284] [GADEN]: Legacy V1 coordinate format=NATIVE_DOUBLE double_score=5.474090585266822e-07 float_slot_score=1.4222739657895211e+35
[INFO] [1788891821.869268977] [GADEN]: Legacy V1 coordinate format=NATIVE_DOUBLE double_score=5.474090585266822e-07 float_slot_score=1.4222739657895211e+35
[INFO] [1788891822.052492939] [GADEN]: Legacy V1 coordinate format=NATIVE_DOUBLE double_score=5.474090585266822e-07 float_slot_score=1.4222739657895211e+35
[INFO] [1788891822.251191277] [GADEN]: Legacy V1 coordinate format=NATIVE_DOUBLE double_score=5.474090585266822e-07 float_slot_score=1.4222739657895211e+35
[INFO] [1788891822.448498319] [GADEN]: Legacy V1 coordinate format=NATIVE_DOUBLE double_score=5.474090585266822e-07 float_slot_score=1.4222739657895211e+35
[INFO] [1788891822.648793490] [GADEN]: Legacy V1 coordinate format=NATIVE_DOUBLE double_score=5.474090585266822e-07 float_slot_score=1.4222739657895211e+35
[INFO] [1788891822.869515418] [GADEN]: Legacy V1 coordinate format=NATIVE_DOUBLE double_score=5.474090585266822e-07 float_slot_score=1.4222739657895211e+35
[INFO] [1788891823.050541713] [GADEN]: Legacy V1 coordinate format=NATIVE_DOUBLE double_score=5.474090585266822e-07 float_slot_score=1.4222739657895211e+35
[INFO] [1788891823.250115668] [GADEN]: Legacy V1 coordinate format=NATIVE_DOUBLE double_score=5.474090585266822e-07 float_slot_score=1.4222739657895211e+35
[INFO] [1788891823.449037923] [GADEN]: Legacy V1 coordinate format=NATIVE_DOUBLE double_score=5.474090585266822e-07 float_slot_score=1.4222739657895211e+35
[INFO] [1788891823.647949672] [GADEN]: Legacy V1 coordinate format=NATIVE_DOUBLE double_score=5.474090585266822e-07 float_slot_score=1.4222739657895211e+35
[INFO] [1788891823.882694402] [GADEN]: Legacy V1 coordinate format=NATIVE_DOUBLE double_score=5.474090585266822e-07 float_slot_score=1.4222739657895211e+35
[INFO] [1788891824.049569180] [GADEN]: Legacy V1 coordinate format=NATIVE_DOUBLE double_score=5.474090585266822e-07 float_slot_score=1.4222739657895211e+35
[INFO] [1788891824.252929394] [GADEN]: Legacy V1 coordinate format=NATIVE_DOUBLE double_score=5.474090585266822e-07 float_slot_score=1.4222739657895211e+35
[INFO] [1788891824.450623931] [GADEN]: Legacy V1 coordinate format=NATIVE_DOUBLE double_score=5.474090585266822e-07 float_slot_score=1.4222739657895211e+35
[INFO] [1788891824.651023564] [GADEN]: Legacy V1 coordinate format=NATIVE_DOUBLE double_score=5.474090585266822e-07 float_slot_score=1.4222739657895211e+35
[INFO] [1788891824.870032150] [GADEN]: Legacy V1 coordinate format=NATIVE_DOUBLE double_score=5.474090585266822e-07 float_slot_score=1.4222739657895211e+35
[INFO] [1788891825.050734878] [GADEN]: Legacy V1 coordinate format=NATIVE_DOUBLE double_score=5.474090585266822e-07 float_slot_score=1.4222739657895211e+35
[INFO] [1788891825.251484686] [GADEN]: Legacy V1 coordinate format=NATIVE_DOUBLE double_score=5.474090585266822e-07 float_slot_score=1.4222739657895211e+35
[INFO] [1788891825.450042748] [GADEN]: Legacy V1 coordinate format=NATIVE_DOUBLE double_score=5.474090585266822e-07 float_slot_score=1.4222739657895211e+35
[INFO] [1788891825.650379225] [GADEN]: Legacy V1 coordinate format=NATIVE_DOUBLE double_score=5.474090585266822e-07 float_slot_score=1.4222739657895211e+35
[INFO] [1788891825.867046881] [GADEN]: Legacy V1 coordinate format=NATIVE_DOUBLE double_score=5.474090585266822e-07 float_slot_score=1.4222739657895211e+35
[INFO] [1788891826.048730703] [GADEN]: Legacy V1 coordinate format=NATIVE_DOUBLE double_score=5.474090585266822e-07 float_slot_score=1.4222739657895211e+35
[INFO] [1788891826.251558159] [GADEN]: Legacy V1 coordinate format=NATIVE_DOUBLE double_score=5.474090585266822e-07 float_slot_score=1.4222739657895211e+35
[INFO] [1788891826.451045829] [GADEN]: Legacy V1 coordinate format=NATIVE_DOUBLE double_score=5.474090585266822e-07 float_slot_score=1.4222739657895211e+35
[INFO] [1788891826.649198455] [GADEN]: Legacy V1 coordinate format=NATIVE_DOUBLE double_score=5.474090585266822e-07 float_slot_score=1.4222739657895211e+35
[INFO] [1788891826.868319504] [GADEN]: Legacy V1 coordinate format=NATIVE_DOUBLE double_score=5.474090585266822e-07 float_slot_score=1.4222739657895211e+35
[INFO] [1788891827.048377847] [GADEN]: Legacy V1 coordinate format=NATIVE_DOUBLE double_score=5.474090585266822e-07 float_slot_score=1.4222739657895211e+35
[INFO] [1788891827.254089213] [GADEN]: Legacy V1 coordinate format=NATIVE_DOUBLE double_score=5.474090585266822e-07 float_slot_score=1.4222739657895211e+35
[INFO] [1788891827.451193762] [GADEN]: Legacy V1 coordinate format=NATIVE_DOUBLE double_score=5.474090585266822e-07 float_slot_score=1.4222739657895211e+35
[INFO] [1788891827.648509771] [GADEN]: Legacy V1 coordinate format=NATIVE_DOUBLE double_score=5.474090585266822e-07 float_slot_score=1.4222739657895211e+35
[INFO] [1788891827.868573866] [GADEN]: Legacy V1 coordinate format=NATIVE_DOUBLE double_score=5.474090585266822e-07 float_slot_score=1.4222739657895211e+35
[INFO] [1788891828.049668523] [GADEN]: Legacy V1 coordinate format=NATIVE_DOUBLE double_score=5.474090585266822e-07 float_slot_score=1.4222739657895211e+35
[INFO] [1788891828.250196493] [GADEN]: Legacy V1 coordinate format=NATIVE_DOUBLE double_score=5.474090585266822e-07 float_slot_score=1.4222739657895211e+35
[INFO] [1788891828.451070045] [GADEN]: Legacy V1 coordinate format=NATIVE_DOUBLE double_score=5.474090585266822e-07 float_slot_score=1.4222739657895211e+35
[INFO] [1788891828.649339043] [GADEN]: Legacy V1 coordinate format=NATIVE_DOUBLE double_score=5.474090585266822e-07 float_slot_score=1.4222739657895211e+35
[INFO] [1788891828.867214588] [GADEN]: Legacy V1 coordinate format=NATIVE_DOUBLE double_score=5.474090585266822e-07 float_slot_score=1.4222739657895211e+35
[INFO] [1788891829.050425787] [GADEN]: Legacy V1 coordinate format=NATIVE_DOUBLE double_score=5.474090585266822e-07 float_slot_score=1.4222739657895211e+35
[INFO] [1788891829.249633248] [GADEN]: Legacy V1 coordinate format=NATIVE_DOUBLE double_score=5.474090585266822e-07 float_slot_score=1.4222739657895211e+35
[INFO] [1788891829.457652747] [GADEN]: Legacy V1 coordinate format=NATIVE_DOUBLE double_score=5.474090585266822e-07 float_slot_score=1.4222739657895211e+35
[INFO] [1788891829.659204382] [GADEN]: Legacy V1 coordinate format=NATIVE_DOUBLE double_score=5.474090585266822e-07 float_slot_score=1.4222739657895211e+35
[INFO] [1788891829.880000443] [GADEN]: Legacy V1 coordinate format=NATIVE_DOUBLE double_score=5.474090585266822e-07 float_slot_score=1.4222739657895211e+35
[INFO] [1788891830.049569889] [GADEN]: Legacy V1 coordinate format=NATIVE_DOUBLE double_score=5.474090585266822e-07 float_slot_score=1.4222739657895211e+35
[INFO] [1788891830.251341267] [GADEN]: Legacy V1 coordinate format=NATIVE_DOUBLE double_score=5.474090585266822e-07 float_slot_score=1.4222739657895211e+35
[INFO] [1788891830.449591930] [GADEN]: Legacy V1 coordinate format=NATIVE_DOUBLE double_score=5.474090585266822e-07 float_slot_score=1.4222739657895211e+35
[INFO] [1788891830.650187119] [GADEN]: Legacy V1 coordinate format=NATIVE_DOUBLE double_score=5.474090585266822e-07 float_slot_score=1.4222739657895211e+35
[INFO] [1788891830.868865381] [GADEN]: Legacy V1 coordinate format=NATIVE_DOUBLE double_score=5.474090585266822e-07 float_slot_score=1.4222739657895211e+35
[INFO] [1788891831.048916697] [GADEN]: Legacy V1 coordinate format=NATIVE_DOUBLE double_score=5.474090585266822e-07 float_slot_score=1.4222739657895211e+35
[INFO] [1788891831.250688639] [GADEN]: Legacy V1 coordinate format=NATIVE_DOUBLE double_score=5.474090585266822e-07 float_slot_score=1.4222739657895211e+35
[INFO] [1788891831.450996873] [GADEN]: Legacy V1 coordinate format=NATIVE_DOUBLE double_score=5.474090585266822e-07 float_slot_score=1.4222739657895211e+35
[INFO] [1788891831.651535851] [GADEN]: Legacy V1 coordinate format=NATIVE_DOUBLE double_score=5.474090585266822e-07 float_slot_score=1.4222739657895211e+35
[INFO] [1788891831.867978224] [GADEN]: Legacy V1 coordinate format=NATIVE_DOUBLE double_score=5.474090585266822e-07 float_slot_score=1.4222739657895211e+35
[INFO] [1788891832.050033584] [GADEN]: Legacy V1 coordinate format=NATIVE_DOUBLE double_score=5.474090585266822e-07 float_slot_score=1.4222739657895211e+35
[INFO] [1788891832.247897591] [GADEN]: Legacy V1 coordinate format=NATIVE_DOUBLE double_score=5.474090585266822e-07 float_slot_score=1.4222739657895211e+35
[INFO] [1788891832.451732807] [GADEN]: Legacy V1 coordinate format=NATIVE_DOUBLE double_score=5.474090585266822e-07 float_slot_score=1.4222739657895211e+35
[INFO] [1788891832.649094986] [GADEN]: Legacy V1 coordinate format=NATIVE_DOUBLE double_score=5.474090585266822e-07 float_slot_score=1.4222739657895211e+35
[INFO] [1788891832.870529040] [GADEN]: Legacy V1 coordinate format=NATIVE_DOUBLE double_score=5.474090585266822e-07 float_slot_score=1.4222739657895211e+35
[INFO] [1788891833.048009344] [GADEN]: Legacy V1 coordinate format=NATIVE_DOUBLE double_score=5.474090585266822e-07 float_slot_score=1.4222739657895211e+35
[INFO] [1788891833.251207671] [GADEN]: Legacy V1 coordinate format=NATIVE_DOUBLE double_score=5.474090585266822e-07 float_slot_score=1.4222739657895211e+35
[INFO] [1788891833.451206999] [GADEN]: Legacy V1 coordinate format=NATIVE_DOUBLE double_score=5.474090585266822e-07 float_slot_score=1.4222739657895211e+35
[INFO] [1788891833.650067368] [GADEN]: Legacy V1 coordinate format=NATIVE_DOUBLE double_score=5.474090585266822e-07 float_slot_score=1.4222739657895211e+35
[INFO] [1788891833.870635285] [GADEN]: Legacy V1 coordinate format=NATIVE_DOUBLE double_score=5.474090585266822e-07 float_slot_score=1.4222739657895211e+35
[INFO] [1788891834.047924163] [GADEN]: Legacy V1 coordinate format=NATIVE_DOUBLE double_score=5.474090585266822e-07 float_slot_score=1.4222739657895211e+35
[INFO] [1788891834.250565604] [GADEN]: Legacy V1 coordinate format=NATIVE_DOUBLE double_score=5.474090585266822e-07 float_slot_score=1.4222739657895211e+35
[INFO] [1788891834.450190843] [GADEN]: Legacy V1 coordinate format=NATIVE_DOUBLE double_score=5.474090585266822e-07 float_slot_score=1.4222739657895211e+35
[INFO] [1788891834.650212906] [GADEN]: Legacy V1 coordinate format=NATIVE_DOUBLE double_score=5.474090585266822e-07 float_slot_score=1.4222739657895211e+35
[INFO] [1788891834.867477733] [GADEN]: Legacy V1 coordinate format=NATIVE_DOUBLE double_score=5.474090585266822e-07 float_slot_score=1.4222739657895211e+35
[INFO] [1788891835.056339946] [GADEN]: Legacy V1 coordinate format=NATIVE_DOUBLE double_score=5.474090585266822e-07 float_slot_score=1.4222739657895211e+35
[INFO] [1788891835.249435713] [GADEN]: Legacy V1 coordinate format=NATIVE_DOUBLE double_score=5.474090585266822e-07 float_slot_score=1.4222739657895211e+35
[INFO] [1788891835.451883784] [GADEN]: Legacy V1 coordinate format=NATIVE_DOUBLE double_score=5.474090585266822e-07 float_slot_score=1.4222739657895211e+35
[INFO] [1788891835.650644194] [GADEN]: Legacy V1 coordinate format=NATIVE_DOUBLE double_score=5.474090585266822e-07 float_slot_score=1.4222739657895211e+35
[INFO] [1788891835.868677795] [GADEN]: Legacy V1 coordinate format=NATIVE_DOUBLE double_score=5.474090585266822e-07 float_slot_score=1.4222739657895211e+35
[INFO] [1788891836.048502022] [GADEN]: Legacy V1 coordinate format=NATIVE_DOUBLE double_score=5.474090585266822e-07 float_slot_score=1.4222739657895211e+35
[INFO] [1788891836.249479469] [GADEN]: Legacy V1 coordinate format=NATIVE_DOUBLE double_score=5.474090585266822e-07 float_slot_score=1.4222739657895211e+35
[INFO] [1788891836.450711850] [GADEN]: Legacy V1 coordinate format=NATIVE_DOUBLE double_score=5.474090585266822e-07 float_slot_score=1.4222739657895211e+35
[INFO] [1788891836.649780699] [GADEN]: Legacy V1 coordinate format=NATIVE_DOUBLE double_score=5.474090585266822e-07 float_slot_score=1.4222739657895211e+35
[INFO] [1788891836.868438179] [GADEN]: Legacy V1 coordinate format=NATIVE_DOUBLE double_score=5.474090585266822e-07 float_slot_score=1.4222739657895211e+35
[INFO] [1788891837.050966886] [GADEN]: Legacy V1 coordinate format=NATIVE_DOUBLE double_score=5.474090585266822e-07 float_slot_score=1.4222739657895211e+35
[INFO] [1788891837.254078467] [GADEN]: Legacy V1 coordinate format=NATIVE_DOUBLE double_score=5.474090585266822e-07 float_slot_score=1.4222739657895211e+35
[INFO] [1788891837.449127711] [GADEN]: Legacy V1 coordinate format=NATIVE_DOUBLE double_score=5.474090585266822e-07 float_slot_score=1.4222739657895211e+35
[INFO] [1788891837.648670119] [GADEN]: Legacy V1 coordinate format=NATIVE_DOUBLE double_score=5.474090585266822e-07 float_slot_score=1.4222739657895211e+35
[INFO] [1788891837.869689543] [GADEN]: Legacy V1 coordinate format=NATIVE_DOUBLE double_score=5.474090585266822e-07 float_slot_score=1.4222739657895211e+35
[INFO] [1788891838.048649467] [GADEN]: Legacy V1 coordinate format=NATIVE_DOUBLE double_score=5.474090585266822e-07 float_slot_score=1.4222739657895211e+35
[INFO] [1788891838.249707314] [GADEN]: Legacy V1 coordinate format=NATIVE_DOUBLE double_score=5.474090585266822e-07 float_slot_score=1.4222739657895211e+35
[INFO] [1788891838.450657814] [GADEN]: Legacy V1 coordinate format=NATIVE_DOUBLE double_score=5.474090585266822e-07 float_slot_score=1.4222739657895211e+35
[INFO] [1788891838.650317539] [GADEN]: Legacy V1 coordinate format=NATIVE_DOUBLE double_score=5.474090585266822e-07 float_slot_score=1.4222739657895211e+35
[INFO] [1788891838.880500703] [GADEN]: Legacy V1 coordinate format=NATIVE_DOUBLE double_score=5.474090585266822e-07 float_slot_score=1.4222739657895211e+35
[INFO] [1788891839.049028440] [GADEN]: Legacy V1 coordinate format=NATIVE_DOUBLE double_score=5.474090585266822e-07 float_slot_score=1.4222739657895211e+35
[INFO] [1788891839.250201418] [GADEN]: Legacy V1 coordinate format=NATIVE_DOUBLE double_score=5.474090585266822e-07 float_slot_score=1.4222739657895211e+35
[INFO] [1788891839.455801190] [GADEN]: Legacy V1 coordinate format=NATIVE_DOUBLE double_score=5.474090585266822e-07 float_slot_score=1.4222739657895211e+35
[INFO] [1788891839.649009853] [GADEN]: Legacy V1 coordinate format=NATIVE_DOUBLE double_score=5.474090585266822e-07 float_slot_score=1.4222739657895211e+35
[INFO] [1788891839.868461495] [GADEN]: Legacy V1 coordinate format=NATIVE_DOUBLE double_score=5.474090585266822e-07 float_slot_score=1.4222739657895211e+35
[INFO] [1788891840.049317777] [GADEN]: Legacy V1 coordinate format=NATIVE_DOUBLE double_score=5.474090585266822e-07 float_slot_score=1.4222739657895211e+35
[INFO] [1788891840.247784562] [GADEN]: Legacy V1 coordinate format=NATIVE_DOUBLE double_score=5.474090585266822e-07 float_slot_score=1.4222739657895211e+35
[INFO] [1788891840.448759288] [GADEN]: Legacy V1 coordinate format=NATIVE_DOUBLE double_score=5.474090585266822e-07 float_slot_score=1.4222739657895211e+35
[INFO] [1788891840.648995268] [GADEN]: Legacy V1 coordinate format=NATIVE_DOUBLE double_score=5.474090585266822e-07 float_slot_score=1.4222739657895211e+35
[INFO] [1788891840.880408666] [GADEN]: Legacy V1 coordinate format=NATIVE_DOUBLE double_score=5.474090585266822e-07 float_slot_score=1.4222739657895211e+35
[INFO] [1788891841.049045525] [GADEN]: Legacy V1 coordinate format=NATIVE_DOUBLE double_score=5.474090585266822e-07 float_slot_score=1.4222739657895211e+35
[INFO] [1788891841.248479253] [GADEN]: Legacy V1 coordinate format=NATIVE_DOUBLE double_score=5.474090585266822e-07 float_slot_score=1.4222739657895211e+35
[INFO] [1788891841.452433428] [GADEN]: Legacy V1 coordinate format=NATIVE_DOUBLE double_score=5.474090585266822e-07 float_slot_score=1.4222739657895211e+35
[INFO] [1788891841.651296216] [GADEN]: Legacy V1 coordinate format=NATIVE_DOUBLE double_score=5.474090585266822e-07 float_slot_score=1.4222739657895211e+35
[INFO] [1788891841.868083456] [GADEN]: Legacy V1 coordinate format=NATIVE_DOUBLE double_score=5.474090585266822e-07 float_slot_score=1.4222739657895211e+35
[INFO] [1788891842.048982509] [GADEN]: Legacy V1 coordinate format=NATIVE_DOUBLE double_score=5.474090585266822e-07 float_slot_score=1.4222739657895211e+35
[INFO] [1788891842.250934917] [GADEN]: Legacy V1 coordinate format=NATIVE_DOUBLE double_score=5.474090585266822e-07 float_slot_score=1.4222739657895211e+35
[INFO] [1788891842.449957444] [GADEN]: Legacy V1 coordinate format=NATIVE_DOUBLE double_score=5.474090585266822e-07 float_slot_score=1.4222739657895211e+35
[INFO] [1788891842.649234583] [GADEN]: Legacy V1 coordinate format=NATIVE_DOUBLE double_score=5.474090585266822e-07 float_slot_score=1.4222739657895211e+35
[INFO] [1788891842.870132565] [GADEN]: Legacy V1 coordinate format=NATIVE_DOUBLE double_score=5.474090585266822e-07 float_slot_score=1.4222739657895211e+35
[INFO] [1788891843.049562515] [GADEN]: Legacy V1 coordinate format=NATIVE_DOUBLE double_score=5.474090585266822e-07 float_slot_score=1.4222739657895211e+35
[INFO] [1788891843.250737747] [GADEN]: Legacy V1 coordinate format=NATIVE_DOUBLE double_score=5.474090585266822e-07 float_slot_score=1.4222739657895211e+35
[INFO] [1788891843.449785815] [GADEN]: Legacy V1 coordinate format=NATIVE_DOUBLE double_score=5.474090585266822e-07 float_slot_score=1.4222739657895211e+35
[INFO] [1788891843.649766740] [GADEN]: Legacy V1 coordinate format=NATIVE_DOUBLE double_score=5.474090585266822e-07 float_slot_score=1.4222739657895211e+35
[INFO] [1788891843.870162868] [GADEN]: Legacy V1 coordinate format=NATIVE_DOUBLE double_score=5.474090585266822e-07 float_slot_score=1.4222739657895211e+35
[INFO] [1788891844.048785445] [GADEN]: Legacy V1 coordinate format=NATIVE_DOUBLE double_score=5.474090585266822e-07 float_slot_score=1.4222739657895211e+35
[INFO] [1788891844.251546993] [GADEN]: Legacy V1 coordinate format=NATIVE_DOUBLE double_score=5.474090585266822e-07 float_slot_score=1.4222739657895211e+35
[INFO] [1788891844.449376262] [GADEN]: Legacy V1 coordinate format=NATIVE_DOUBLE double_score=5.474090585266822e-07 float_slot_score=1.4222739657895211e+35
[INFO] [1788891844.647202900] [GADEN]: Legacy V1 coordinate format=NATIVE_DOUBLE double_score=5.474090585266822e-07 float_slot_score=1.4222739657895211e+35
[INFO] [1788891844.868521754] [GADEN]: Legacy V1 coordinate format=NATIVE_DOUBLE double_score=5.474090585266822e-07 float_slot_score=1.4222739657895211e+35
[INFO] [1788891845.050417074] [GADEN]: Legacy V1 coordinate format=NATIVE_DOUBLE double_score=5.474090585266822e-07 float_slot_score=1.4222739657895211e+35
[INFO] [1788891845.248235488] [GADEN]: Legacy V1 coordinate format=NATIVE_DOUBLE double_score=5.474090585266822e-07 float_slot_score=1.4222739657895211e+35
[INFO] [1788891845.451379160] [GADEN]: Legacy V1 coordinate format=NATIVE_DOUBLE double_score=5.474090585266822e-07 float_slot_score=1.4222739657895211e+35
[INFO] [1788891845.649774878] [GADEN]: Legacy V1 coordinate format=NATIVE_DOUBLE double_score=5.474090585266822e-07 float_slot_score=1.4222739657895211e+35
[INFO] [1788891845.869144093] [GADEN]: Legacy V1 coordinate format=NATIVE_DOUBLE double_score=5.474090585266822e-07 float_slot_score=1.4222739657895211e+35
[INFO] [1788891846.048560093] [GADEN]: Legacy V1 coordinate format=NATIVE_DOUBLE double_score=5.474090585266822e-07 float_slot_score=1.4222739657895211e+35
[INFO] [1788891846.249323999] [GADEN]: Legacy V1 coordinate format=NATIVE_DOUBLE double_score=5.474090585266822e-07 float_slot_score=1.4222739657895211e+35
[INFO] [1788891846.447390603] [GADEN]: Legacy V1 coordinate format=NATIVE_DOUBLE double_score=5.474090585266822e-07 float_slot_score=1.4222739657895211e+35
[INFO] [1788891846.647366583] [GADEN]: Legacy V1 coordinate format=NATIVE_DOUBLE double_score=5.474090585266822e-07 float_slot_score=1.4222739657895211e+35
[INFO] [1788891846.869099522] [GADEN]: Legacy V1 coordinate format=NATIVE_DOUBLE double_score=5.474090585266822e-07 float_slot_score=1.4222739657895211e+35
[INFO] [1788891847.048240420] [GADEN]: Legacy V1 coordinate format=NATIVE_DOUBLE double_score=5.474090585266822e-07 float_slot_score=1.4222739657895211e+35
[INFO] [1788891847.255679220] [GADEN]: Legacy V1 coordinate format=NATIVE_DOUBLE double_score=5.474090585266822e-07 float_slot_score=1.4222739657895211e+35
[INFO] [1788891847.459337092] [GADEN]: Legacy V1 coordinate format=NATIVE_DOUBLE double_score=5.474090585266822e-07 float_slot_score=1.4222739657895211e+35
[INFO] [1788891847.648300959] [GADEN]: Legacy V1 coordinate format=NATIVE_DOUBLE double_score=5.474090585266822e-07 float_slot_score=1.4222739657895211e+35
[INFO] [1788891847.868512707] [GADEN]: Legacy V1 coordinate format=NATIVE_DOUBLE double_score=5.474090585266822e-07 float_slot_score=1.4222739657895211e+35
[INFO] [1788891848.047955290] [GADEN]: Legacy V1 coordinate format=NATIVE_DOUBLE double_score=5.474090585266822e-07 float_slot_score=1.4222739657895211e+35
[INFO] [1788891848.250968692] [GADEN]: Legacy V1 coordinate format=NATIVE_DOUBLE double_score=5.474090585266822e-07 float_slot_score=1.4222739657895211e+35
[INFO] [1788891848.452286991] [GADEN]: Legacy V1 coordinate format=NATIVE_DOUBLE double_score=5.474090585266822e-07 float_slot_score=1.4222739657895211e+35
[INFO] [1788891848.651034062] [GADEN]: Legacy V1 coordinate format=NATIVE_DOUBLE double_score=5.474090585266822e-07 float_slot_score=1.4222739657895211e+35
[INFO] [1788891848.869025170] [GADEN]: Legacy V1 coordinate format=NATIVE_DOUBLE double_score=5.474090585266822e-07 float_slot_score=1.4222739657895211e+35
[INFO] [1788891849.048473811] [GADEN]: Legacy V1 coordinate format=NATIVE_DOUBLE double_score=5.474090585266822e-07 float_slot_score=1.4222739657895211e+35
[INFO] [1788891849.248012152] [GADEN]: Legacy V1 coordinate format=NATIVE_DOUBLE double_score=5.474090585266822e-07 float_slot_score=1.4222739657895211e+35
[INFO] [1788891849.454565844] [GADEN]: Legacy V1 coordinate format=NATIVE_DOUBLE double_score=5.474090585266822e-07 float_slot_score=1.4222739657895211e+35
[INFO] [1788891849.650611335] [GADEN]: Legacy V1 coordinate format=NATIVE_DOUBLE double_score=5.474090585266822e-07 float_slot_score=1.4222739657895211e+35
[INFO] [1788891849.879617112] [GADEN]: Legacy V1 coordinate format=NATIVE_DOUBLE double_score=5.474090585266822e-07 float_slot_score=1.4222739657895211e+35
[INFO] [1788891850.049043482] [GADEN]: Legacy V1 coordinate format=NATIVE_DOUBLE double_score=5.474090585266822e-07 float_slot_score=1.4222739657895211e+35
[INFO] [1788891850.249339687] [GADEN]: Legacy V1 coordinate format=NATIVE_DOUBLE double_score=5.474090585266822e-07 float_slot_score=1.4222739657895211e+35
[INFO] [1788891850.448003405] [GADEN]: Legacy V1 coordinate format=NATIVE_DOUBLE double_score=5.474090585266822e-07 float_slot_score=1.4222739657895211e+35
[INFO] [1788891850.648470947] [GADEN]: Legacy V1 coordinate format=NATIVE_DOUBLE double_score=5.474090585266822e-07 float_slot_score=1.4222739657895211e+35
[INFO] [1788891850.868814196] [GADEN]: Legacy V1 coordinate format=NATIVE_DOUBLE double_score=5.474090585266822e-07 float_slot_score=1.4222739657895211e+35
[INFO] [1788891851.048996319] [GADEN]: Legacy V1 coordinate format=NATIVE_DOUBLE double_score=5.474090585266822e-07 float_slot_score=1.4222739657895211e+35
[INFO] [1788891851.248362851] [GADEN]: Legacy V1 coordinate format=NATIVE_DOUBLE double_score=5.474090585266822e-07 float_slot_score=1.4222739657895211e+35
[INFO] [1788891851.450480901] [GADEN]: Legacy V1 coordinate format=NATIVE_DOUBLE double_score=5.474090585266822e-07 float_slot_score=1.4222739657895211e+35
[INFO] [1788891851.651756667] [GADEN]: Legacy V1 coordinate format=NATIVE_DOUBLE double_score=5.474090585266822e-07 float_slot_score=1.4222739657895211e+35
[INFO] [1788891851.868811721] [GADEN]: Legacy V1 coordinate format=NATIVE_DOUBLE double_score=5.474090585266822e-07 float_slot_score=1.4222739657895211e+35
[INFO] [1788891852.051238011] [GADEN]: Legacy V1 coordinate format=NATIVE_DOUBLE double_score=5.474090585266822e-07 float_slot_score=1.4222739657895211e+35
[INFO] [1788891852.248239723] [GADEN]: Legacy V1 coordinate format=NATIVE_DOUBLE double_score=5.474090585266822e-07 float_slot_score=1.4222739657895211e+35
[INFO] [1788891852.450334977] [GADEN]: Legacy V1 coordinate format=NATIVE_DOUBLE double_score=5.474090585266822e-07 float_slot_score=1.4222739657895211e+35
[INFO] [1788891852.649327794] [GADEN]: Legacy V1 coordinate format=NATIVE_DOUBLE double_score=5.474090585266822e-07 float_slot_score=1.4222739657895211e+35
[INFO] [1788891852.869580160] [GADEN]: Legacy V1 coordinate format=NATIVE_DOUBLE double_score=5.474090585266822e-07 float_slot_score=1.4222739657895211e+35
[INFO] [1788891853.047582507] [GADEN]: Legacy V1 coordinate format=NATIVE_DOUBLE double_score=5.474090585266822e-07 float_slot_score=1.4222739657895211e+35
[INFO] [1788891853.249578484] [GADEN]: Legacy V1 coordinate format=NATIVE_DOUBLE double_score=5.474090585266822e-07 float_slot_score=1.4222739657895211e+35
[INFO] [1788891853.449526433] [GADEN]: Legacy V1 coordinate format=NATIVE_DOUBLE double_score=5.474090585266822e-07 float_slot_score=1.4222739657895211e+35
[INFO] [1788891853.648587649] [GADEN]: Legacy V1 coordinate format=NATIVE_DOUBLE double_score=5.474090585266822e-07 float_slot_score=1.4222739657895211e+35
[INFO] [1788891853.869062676] [GADEN]: Legacy V1 coordinate format=NATIVE_DOUBLE double_score=5.474090585266822e-07 float_slot_score=1.4222739657895211e+35
[INFO] [1788891854.056786556] [GADEN]: Legacy V1 coordinate format=NATIVE_DOUBLE double_score=5.474090585266822e-07 float_slot_score=1.4222739657895211e+35
[INFO] [1788891854.249335059] [GADEN]: Legacy V1 coordinate format=NATIVE_DOUBLE double_score=5.474090585266822e-07 float_slot_score=1.4222739657895211e+35
[INFO] [1788891854.449265290] [GADEN]: Legacy V1 coordinate format=NATIVE_DOUBLE double_score=5.474090585266822e-07 float_slot_score=1.4222739657895211e+35
[INFO] [1788891854.650217453] [GADEN]: Legacy V1 coordinate format=NATIVE_DOUBLE double_score=5.474090585266822e-07 float_slot_score=1.4222739657895211e+35
[INFO] [1788891854.868634855] [GADEN]: Legacy V1 coordinate format=NATIVE_DOUBLE double_score=5.474090585266822e-07 float_slot_score=1.4222739657895211e+35
[INFO] [1788891855.050433960] [GADEN]: Legacy V1 coordinate format=NATIVE_DOUBLE double_score=5.474090585266822e-07 float_slot_score=1.4222739657895211e+35
[INFO] [1788891855.248941868] [GADEN]: Legacy V1 coordinate format=NATIVE_DOUBLE double_score=5.474090585266822e-07 float_slot_score=1.4222739657895211e+35
[INFO] [1788891855.448205502] [GADEN]: Legacy V1 coordinate format=NATIVE_DOUBLE double_score=5.474090585266822e-07 float_slot_score=1.4222739657895211e+35
[INFO] [1788891855.647392098] [GADEN]: Legacy V1 coordinate format=NATIVE_DOUBLE double_score=5.474090585266822e-07 float_slot_score=1.4222739657895211e+35
[INFO] [1788891855.868968773] [GADEN]: Legacy V1 coordinate format=NATIVE_DOUBLE double_score=5.474090585266822e-07 float_slot_score=1.4222739657895211e+35
[INFO] [1788891856.049772192] [GADEN]: Legacy V1 coordinate format=NATIVE_DOUBLE double_score=5.474090585266822e-07 float_slot_score=1.4222739657895211e+35
[INFO] [1788891856.251283943] [GADEN]: Legacy V1 coordinate format=NATIVE_DOUBLE double_score=5.474090585266822e-07 float_slot_score=1.4222739657895211e+35
[INFO] [1788891856.449999269] [GADEN]: Legacy V1 coordinate format=NATIVE_DOUBLE double_score=5.474090585266822e-07 float_slot_score=1.4222739657895211e+35
[INFO] [1788891856.648456959] [GADEN]: Legacy V1 coordinate format=NATIVE_DOUBLE double_score=5.474090585266822e-07 float_slot_score=1.4222739657895211e+35
[INFO] [1788891856.869015526] [GADEN]: Legacy V1 coordinate format=NATIVE_DOUBLE double_score=5.474090585266822e-07 float_slot_score=1.4222739657895211e+35
[INFO] [1788891857.050238886] [GADEN]: Legacy V1 coordinate format=NATIVE_DOUBLE double_score=5.474090585266822e-07 float_slot_score=1.4222739657895211e+35
[INFO] [1788891857.249468594] [GADEN]: Legacy V1 coordinate format=NATIVE_DOUBLE double_score=5.474090585266822e-07 float_slot_score=1.4222739657895211e+35
[INFO] [1788891857.450326840] [GADEN]: Legacy V1 coordinate format=NATIVE_DOUBLE double_score=5.474090585266822e-07 float_slot_score=1.4222739657895211e+35
[INFO] [1788891857.649088015] [GADEN]: Legacy V1 coordinate format=NATIVE_DOUBLE double_score=5.474090585266822e-07 float_slot_score=1.4222739657895211e+35
[INFO] [1788891857.869652469] [GADEN]: Legacy V1 coordinate format=NATIVE_DOUBLE double_score=5.474090585266822e-07 float_slot_score=1.4222739657895211e+35
[INFO] [1788891858.047870304] [GADEN]: Legacy V1 coordinate format=NATIVE_DOUBLE double_score=5.474090585266822e-07 float_slot_score=1.4222739657895211e+35
[INFO] [1788891858.250951878] [GADEN]: Legacy V1 coordinate format=NATIVE_DOUBLE double_score=5.474090585266822e-07 float_slot_score=1.4222739657895211e+35
[INFO] [1788891858.455569807] [GADEN]: Legacy V1 coordinate format=NATIVE_DOUBLE double_score=5.474090585266822e-07 float_slot_score=1.4222739657895211e+35
[INFO] [1788891858.650590550] [GADEN]: Legacy V1 coordinate format=NATIVE_DOUBLE double_score=5.474090585266822e-07 float_slot_score=1.4222739657895211e+35
[INFO] [1788891858.867944037] [GADEN]: Legacy V1 coordinate format=NATIVE_DOUBLE double_score=5.474090585266822e-07 float_slot_score=1.4222739657895211e+35
[INFO] [1788891859.051207599] [GADEN]: Legacy V1 coordinate format=NATIVE_DOUBLE double_score=5.474090585266822e-07 float_slot_score=1.4222739657895211e+35
[INFO] [1788891859.250614649] [GADEN]: Legacy V1 coordinate format=NATIVE_DOUBLE double_score=5.474090585266822e-07 float_slot_score=1.4222739657895211e+35
[INFO] [1788891859.447927208] [GADEN]: Legacy V1 coordinate format=NATIVE_DOUBLE double_score=5.474090585266822e-07 float_slot_score=1.4222739657895211e+35
[INFO] [1788891859.650534043] [GADEN]: Legacy V1 coordinate format=NATIVE_DOUBLE double_score=5.474090585266822e-07 float_slot_score=1.4222739657895211e+35
[INFO] [1788891859.868506694] [GADEN]: Legacy V1 coordinate format=NATIVE_DOUBLE double_score=5.474090585266822e-07 float_slot_score=1.4222739657895211e+35
[INFO] [1788891860.047993625] [GADEN]: Legacy V1 coordinate format=NATIVE_DOUBLE double_score=5.474090585266822e-07 float_slot_score=1.4222739657895211e+35
[INFO] [1788891860.248584196] [GADEN]: Legacy V1 coordinate format=NATIVE_DOUBLE double_score=5.474090585266822e-07 float_slot_score=1.4222739657895211e+35
[INFO] [1788891860.447698718] [GADEN]: Legacy V1 coordinate format=NATIVE_DOUBLE double_score=5.474090585266822e-07 float_slot_score=1.4222739657895211e+35
[INFO] [1788891860.647868024] [GADEN]: Legacy V1 coordinate format=NATIVE_DOUBLE double_score=5.474090585266822e-07 float_slot_score=1.4222739657895211e+35
[INFO] [1788891860.870383586] [GADEN]: Legacy V1 coordinate format=NATIVE_DOUBLE double_score=5.474090585266822e-07 float_slot_score=1.4222739657895211e+35
[INFO] [1788891861.047607982] [GADEN]: Legacy V1 coordinate format=NATIVE_DOUBLE double_score=5.474090585266822e-07 float_slot_score=1.4222739657895211e+35
[INFO] [1788891861.248560131] [GADEN]: Legacy V1 coordinate format=NATIVE_DOUBLE double_score=5.474090585266822e-07 float_slot_score=1.4222739657895211e+35
[INFO] [1788891861.448878138] [GADEN]: Legacy V1 coordinate format=NATIVE_DOUBLE double_score=5.474090585266822e-07 float_slot_score=1.4222739657895211e+35
[INFO] [1788891861.648313433] [GADEN]: Legacy V1 coordinate format=NATIVE_DOUBLE double_score=5.474090585266822e-07 float_slot_score=1.4222739657895211e+35
[INFO] [1788891861.868773121] [GADEN]: Legacy V1 coordinate format=NATIVE_DOUBLE double_score=5.474090585266822e-07 float_slot_score=1.4222739657895211e+35
[INFO] [1788891862.056570727] [GADEN]: Legacy V1 coordinate format=NATIVE_DOUBLE double_score=5.474090585266822e-07 float_slot_score=1.4222739657895211e+35
[INFO] [1788891862.251277508] [GADEN]: Legacy V1 coordinate format=NATIVE_DOUBLE double_score=5.474090585266822e-07 float_slot_score=1.4222739657895211e+35
[INFO] [1788891862.449926350] [GADEN]: Legacy V1 coordinate format=NATIVE_DOUBLE double_score=5.474090585266822e-07 float_slot_score=1.4222739657895211e+35
[INFO] [1788891862.647252619] [GADEN]: Legacy V1 coordinate format=NATIVE_DOUBLE double_score=5.474090585266822e-07 float_slot_score=1.4222739657895211e+35
[INFO] [1788891862.867685449] [GADEN]: Legacy V1 coordinate format=NATIVE_DOUBLE double_score=5.474090585266822e-07 float_slot_score=1.4222739657895211e+35
[INFO] [1788891863.048411159] [GADEN]: Legacy V1 coordinate format=NATIVE_DOUBLE double_score=5.474090585266822e-07 float_slot_score=1.4222739657895211e+35
[INFO] [1788891863.249239265] [GADEN]: Legacy V1 coordinate format=NATIVE_DOUBLE double_score=5.474090585266822e-07 float_slot_score=1.4222739657895211e+35
[INFO] [1788891863.448251968] [GADEN]: Legacy V1 coordinate format=NATIVE_DOUBLE double_score=5.474090585266822e-07 float_slot_score=1.4222739657895211e+35
[INFO] [1788891863.647045507] [GADEN]: Legacy V1 coordinate format=NATIVE_DOUBLE double_score=5.474090585266822e-07 float_slot_score=1.4222739657895211e+35
[INFO] [1788891863.868937840] [GADEN]: Legacy V1 coordinate format=NATIVE_DOUBLE double_score=5.474090585266822e-07 float_slot_score=1.4222739657895211e+35
[INFO] [1788891864.048013330] [GADEN]: Legacy V1 coordinate format=NATIVE_DOUBLE double_score=5.474090585266822e-07 float_slot_score=1.4222739657895211e+35
[INFO] [1788891864.248740569] [GADEN]: Legacy V1 coordinate format=NATIVE_DOUBLE double_score=5.474090585266822e-07 float_slot_score=1.4222739657895211e+35
[INFO] [1788891864.453383007] [GADEN]: Legacy V1 coordinate format=NATIVE_DOUBLE double_score=5.474090585266822e-07 float_slot_score=1.4222739657895211e+35
[INFO] [1788891864.648636732] [GADEN]: Legacy V1 coordinate format=NATIVE_DOUBLE double_score=5.474090585266822e-07 float_slot_score=1.4222739657895211e+35
[INFO] [1788891864.868099844] [GADEN]: Legacy V1 coordinate format=NATIVE_DOUBLE double_score=5.474090585266822e-07 float_slot_score=1.4222739657895211e+35
[INFO] [1788891865.048969805] [GADEN]: Legacy V1 coordinate format=NATIVE_DOUBLE double_score=5.474090585266822e-07 float_slot_score=1.4222739657895211e+35
[INFO] [1788891865.249012198] [GADEN]: Legacy V1 coordinate format=NATIVE_DOUBLE double_score=5.474090585266822e-07 float_slot_score=1.4222739657895211e+35
[INFO] [1788891865.450290083] [GADEN]: Legacy V1 coordinate format=NATIVE_DOUBLE double_score=5.474090585266822e-07 float_slot_score=1.4222739657895211e+35
[INFO] [1788891865.647500836] [GADEN]: Legacy V1 coordinate format=NATIVE_DOUBLE double_score=5.474090585266822e-07 float_slot_score=1.4222739657895211e+35
[INFO] [1788891865.867822173] [GADEN]: Legacy V1 coordinate format=NATIVE_DOUBLE double_score=5.474090585266822e-07 float_slot_score=1.4222739657895211e+35
[INFO] [1788891866.048782185] [GADEN]: Legacy V1 coordinate format=NATIVE_DOUBLE double_score=5.474090585266822e-07 float_slot_score=1.4222739657895211e+35
[INFO] [1788891866.248656563] [GADEN]: Legacy V1 coordinate format=NATIVE_DOUBLE double_score=5.474090585266822e-07 float_slot_score=1.4222739657895211e+35
[INFO] [1788891866.448752436] [GADEN]: Legacy V1 coordinate format=NATIVE_DOUBLE double_score=5.474090585266822e-07 float_slot_score=1.4222739657895211e+35
[INFO] [1788891866.653043323] [GADEN]: Legacy V1 coordinate format=NATIVE_DOUBLE double_score=5.474090585266822e-07 float_slot_score=1.4222739657895211e+35
[INFO] [1788891866.869266279] [GADEN]: Legacy V1 coordinate format=NATIVE_DOUBLE double_score=5.474090585266822e-07 float_slot_score=1.4222739657895211e+35
[INFO] [1788891867.049781261] [GADEN]: Legacy V1 coordinate format=NATIVE_DOUBLE double_score=5.474090585266822e-07 float_slot_score=1.4222739657895211e+35
[INFO] [1788891867.249159510] [GADEN]: Legacy V1 coordinate format=NATIVE_DOUBLE double_score=5.474090585266822e-07 float_slot_score=1.4222739657895211e+35
[INFO] [1788891867.448470834] [GADEN]: Legacy V1 coordinate format=NATIVE_DOUBLE double_score=5.474090585266822e-07 float_slot_score=1.4222739657895211e+35
[INFO] [1788891867.648382222] [GADEN]: Legacy V1 coordinate format=NATIVE_DOUBLE double_score=5.474090585266822e-07 float_slot_score=1.4222739657895211e+35
[INFO] [1788891867.869548681] [GADEN]: Legacy V1 coordinate format=NATIVE_DOUBLE double_score=5.474090585266822e-07 float_slot_score=1.4222739657895211e+35
[INFO] [1788891868.047803142] [GADEN]: Legacy V1 coordinate format=NATIVE_DOUBLE double_score=5.474090585266822e-07 float_slot_score=1.4222739657895211e+35
[INFO] [1788891868.249631942] [GADEN]: Legacy V1 coordinate format=NATIVE_DOUBLE double_score=5.474090585266822e-07 float_slot_score=1.4222739657895211e+35
[INFO] [1788891868.450139439] [GADEN]: Legacy V1 coordinate format=NATIVE_DOUBLE double_score=5.474090585266822e-07 float_slot_score=1.4222739657895211e+35
[INFO] [1788891868.649000779] [GADEN]: Legacy V1 coordinate format=NATIVE_DOUBLE double_score=5.474090585266822e-07 float_slot_score=1.4222739657895211e+35
[INFO] [1788891868.870380593] [GADEN]: Legacy V1 coordinate format=NATIVE_DOUBLE double_score=5.474090585266822e-07 float_slot_score=1.4222739657895211e+35
[INFO] [1788891869.051858578] [GADEN]: Legacy V1 coordinate format=NATIVE_DOUBLE double_score=5.474090585266822e-07 float_slot_score=1.4222739657895211e+35
[INFO] [1788891869.250256553] [GADEN]: Legacy V1 coordinate format=NATIVE_DOUBLE double_score=5.474090585266822e-07 float_slot_score=1.4222739657895211e+35
[INFO] [1788891869.449712822] [GADEN]: Legacy V1 coordinate format=NATIVE_DOUBLE double_score=5.474090585266822e-07 float_slot_score=1.4222739657895211e+35
[INFO] [1788891869.649450978] [GADEN]: Legacy V1 coordinate format=NATIVE_DOUBLE double_score=5.474090585266822e-07 float_slot_score=1.4222739657895211e+35
[INFO] [1788891869.869595660] [GADEN]: Legacy V1 coordinate format=NATIVE_DOUBLE double_score=5.474090585266822e-07 float_slot_score=1.4222739657895211e+35
[INFO] [1788891870.054802141] [GADEN]: Legacy V1 coordinate format=NATIVE_DOUBLE double_score=5.474090585266822e-07 float_slot_score=1.4222739657895211e+35
[INFO] [1788891870.247664745] [GADEN]: Legacy V1 coordinate format=NATIVE_DOUBLE double_score=5.474090585266822e-07 float_slot_score=1.4222739657895211e+35
[INFO] [1788891870.450056913] [GADEN]: Legacy V1 coordinate format=NATIVE_DOUBLE double_score=5.474090585266822e-07 float_slot_score=1.4222739657895211e+35
[INFO] [1788891870.648198007] [GADEN]: Legacy V1 coordinate format=NATIVE_DOUBLE double_score=5.474090585266822e-07 float_slot_score=1.4222739657895211e+35
[INFO] [1788891870.869637769] [GADEN]: Legacy V1 coordinate format=NATIVE_DOUBLE double_score=5.474090585266822e-07 float_slot_score=1.4222739657895211e+35
[INFO] [1788891871.047819061] [GADEN]: Legacy V1 coordinate format=NATIVE_DOUBLE double_score=5.474090585266822e-07 float_slot_score=1.4222739657895211e+35
[INFO] [1788891871.248667952] [GADEN]: Legacy V1 coordinate format=NATIVE_DOUBLE double_score=5.474090585266822e-07 float_slot_score=1.4222739657895211e+35
[INFO] [1788891871.448433280] [GADEN]: Legacy V1 coordinate format=NATIVE_DOUBLE double_score=5.474090585266822e-07 float_slot_score=1.4222739657895211e+35
[INFO] [1788891871.649233453] [GADEN]: Legacy V1 coordinate format=NATIVE_DOUBLE double_score=5.474090585266822e-07 float_slot_score=1.4222739657895211e+35
[INFO] [1788891871.868626958] [GADEN]: Legacy V1 coordinate format=NATIVE_DOUBLE double_score=5.474090585266822e-07 float_slot_score=1.4222739657895211e+35
[INFO] [1788891872.048712359] [GADEN]: Legacy V1 coordinate format=NATIVE_DOUBLE double_score=5.474090585266822e-07 float_slot_score=1.4222739657895211e+35
[INFO] [1788891872.252113433] [GADEN]: Legacy V1 coordinate format=NATIVE_DOUBLE double_score=5.474090585266822e-07 float_slot_score=1.4222739657895211e+35
[INFO] [1788891872.449655111] [GADEN]: Legacy V1 coordinate format=NATIVE_DOUBLE double_score=5.474090585266822e-07 float_slot_score=1.4222739657895211e+35
[INFO] [1788891872.651355786] [GADEN]: Legacy V1 coordinate format=NATIVE_DOUBLE double_score=5.474090585266822e-07 float_slot_score=1.4222739657895211e+35
[INFO] [1788891872.869300850] [GADEN]: Legacy V1 coordinate format=NATIVE_DOUBLE double_score=5.474090585266822e-07 float_slot_score=1.4222739657895211e+35
[INFO] [1788891873.047873496] [GADEN]: Legacy V1 coordinate format=NATIVE_DOUBLE double_score=5.474090585266822e-07 float_slot_score=1.4222739657895211e+35
[INFO] [1788891873.249606401] [GADEN]: Legacy V1 coordinate format=NATIVE_DOUBLE double_score=5.474090585266822e-07 float_slot_score=1.4222739657895211e+35
[INFO] [1788891873.448903296] [GADEN]: Legacy V1 coordinate format=NATIVE_DOUBLE double_score=5.474090585266822e-07 float_slot_score=1.4222739657895211e+35
[INFO] [1788891873.649636835] [GADEN]: Legacy V1 coordinate format=NATIVE_DOUBLE double_score=5.474090585266822e-07 float_slot_score=1.4222739657895211e+35
[INFO] [1788891873.869074116] [GADEN]: Legacy V1 coordinate format=NATIVE_DOUBLE double_score=5.474090585266822e-07 float_slot_score=1.4222739657895211e+35
[INFO] [1788891874.049912565] [GADEN]: Legacy V1 coordinate format=NATIVE_DOUBLE double_score=5.474090585266822e-07 float_slot_score=1.4222739657895211e+35
[INFO] [1788891874.250128681] [GADEN]: Legacy V1 coordinate format=NATIVE_DOUBLE double_score=5.474090585266822e-07 float_slot_score=1.4222739657895211e+35
[INFO] [1788891874.447808093] [GADEN]: Legacy V1 coordinate format=NATIVE_DOUBLE double_score=5.474090585266822e-07 float_slot_score=1.4222739657895211e+35
[INFO] [1788891874.651550880] [GADEN]: Legacy V1 coordinate format=NATIVE_DOUBLE double_score=5.474090585266822e-07 float_slot_score=1.4222739657895211e+35
[INFO] [1788891874.868619295] [GADEN]: Legacy V1 coordinate format=NATIVE_DOUBLE double_score=5.474090585266822e-07 float_slot_score=1.4222739657895211e+35
[INFO] [1788891875.047527646] [GADEN]: Legacy V1 coordinate format=NATIVE_DOUBLE double_score=5.474090585266822e-07 float_slot_score=1.4222739657895211e+35
[INFO] [1788891875.248305751] [GADEN]: Legacy V1 coordinate format=NATIVE_DOUBLE double_score=5.474090585266822e-07 float_slot_score=1.4222739657895211e+35
[INFO] [1788891875.449593100] [GADEN]: Legacy V1 coordinate format=NATIVE_DOUBLE double_score=5.474090585266822e-07 float_slot_score=1.4222739657895211e+35
[INFO] [1788891875.651716601] [GADEN]: Legacy V1 coordinate format=NATIVE_DOUBLE double_score=5.474090585266822e-07 float_slot_score=1.4222739657895211e+35
[INFO] [1788891875.868911628] [GADEN]: Legacy V1 coordinate format=NATIVE_DOUBLE double_score=5.474090585266822e-07 float_slot_score=1.4222739657895211e+35
[INFO] [1788891876.051341383] [GADEN]: Legacy V1 coordinate format=NATIVE_DOUBLE double_score=5.474090585266822e-07 float_slot_score=1.4222739657895211e+35
[INFO] [1788891876.248797489] [GADEN]: Legacy V1 coordinate format=NATIVE_DOUBLE double_score=5.474090585266822e-07 float_slot_score=1.4222739657895211e+35
[INFO] [1788891876.447689567] [GADEN]: Legacy V1 coordinate format=NATIVE_DOUBLE double_score=5.474090585266822e-07 float_slot_score=1.4222739657895211e+35
[INFO] [1788891876.649595931] [GADEN]: Legacy V1 coordinate format=NATIVE_DOUBLE double_score=5.474090585266822e-07 float_slot_score=1.4222739657895211e+35
[INFO] [1788891876.871399128] [GADEN]: Legacy V1 coordinate format=NATIVE_DOUBLE double_score=5.474090585266822e-07 float_slot_score=1.4222739657895211e+35
[INFO] [1788891877.050410360] [GADEN]: Legacy V1 coordinate format=NATIVE_DOUBLE double_score=5.474090585266822e-07 float_slot_score=1.4222739657895211e+35
[INFO] [1788891877.250328364] [GADEN]: Legacy V1 coordinate format=NATIVE_DOUBLE double_score=5.474090585266822e-07 float_slot_score=1.4222739657895211e+35
[INFO] [1788891877.447608360] [GADEN]: Legacy V1 coordinate format=NATIVE_DOUBLE double_score=5.474090585266822e-07 float_slot_score=1.4222739657895211e+35
[INFO] [1788891877.649566931] [GADEN]: Legacy V1 coordinate format=NATIVE_DOUBLE double_score=5.474090585266822e-07 float_slot_score=1.4222739657895211e+35
[INFO] [1788891877.866930871] [GADEN]: Legacy V1 coordinate format=NATIVE_DOUBLE double_score=5.474090585266822e-07 float_slot_score=1.4222739657895211e+35
[INFO] [1788891878.052150443] [GADEN]: Legacy V1 coordinate format=NATIVE_DOUBLE double_score=5.474090585266822e-07 float_slot_score=1.4222739657895211e+35
[INFO] [1788891878.250103887] [GADEN]: Legacy V1 coordinate format=NATIVE_DOUBLE double_score=5.474090585266822e-07 float_slot_score=1.4222739657895211e+35
[INFO] [1788891878.448355457] [GADEN]: Legacy V1 coordinate format=NATIVE_DOUBLE double_score=5.474090585266822e-07 float_slot_score=1.4222739657895211e+35
[INFO] [1788891878.650419949] [GADEN]: Legacy V1 coordinate format=NATIVE_DOUBLE double_score=5.474090585266822e-07 float_slot_score=1.4222739657895211e+35
[INFO] [1788891878.870146487] [GADEN]: Legacy V1 coordinate format=NATIVE_DOUBLE double_score=5.474090585266822e-07 float_slot_score=1.4222739657895211e+35
[INFO] [1788891879.051388932] [GADEN]: Legacy V1 coordinate format=NATIVE_DOUBLE double_score=5.474090585266822e-07 float_slot_score=1.4222739657895211e+35
[INFO] [1788891879.247540962] [GADEN]: Legacy V1 coordinate format=NATIVE_DOUBLE double_score=5.474090585266822e-07 float_slot_score=1.4222739657895211e+35
[INFO] [1788891879.460606510] [GADEN]: Legacy V1 coordinate format=NATIVE_DOUBLE double_score=5.474090585266822e-07 float_slot_score=1.4222739657895211e+35
[INFO] [1788891879.649772792] [GADEN]: Legacy V1 coordinate format=NATIVE_DOUBLE double_score=5.474090585266822e-07 float_slot_score=1.4222739657895211e+35
[INFO] [1788891879.868446355] [GADEN]: Legacy V1 coordinate format=NATIVE_DOUBLE double_score=5.474090585266822e-07 float_slot_score=1.4222739657895211e+35
[INFO] [1788891880.047675007] [GADEN]: Legacy V1 coordinate format=NATIVE_DOUBLE double_score=5.474090585266822e-07 float_slot_score=1.4222739657895211e+35
[INFO] [1788891880.250229222] [GADEN]: Legacy V1 coordinate format=NATIVE_DOUBLE double_score=5.474090585266822e-07 float_slot_score=1.4222739657895211e+35
[INFO] [1788891880.449006622] [GADEN]: Legacy V1 coordinate format=NATIVE_DOUBLE double_score=5.474090585266822e-07 float_slot_score=1.4222739657895211e+35
[INFO] [1788891880.648104164] [GADEN]: Legacy V1 coordinate format=NATIVE_DOUBLE double_score=5.474090585266822e-07 float_slot_score=1.4222739657895211e+35
[INFO] [1788891880.870534320] [GADEN]: Legacy V1 coordinate format=NATIVE_DOUBLE double_score=5.474090585266822e-07 float_slot_score=1.4222739657895211e+35
[INFO] [1788891881.051813839] [GADEN]: Legacy V1 coordinate format=NATIVE_DOUBLE double_score=5.474090585266822e-07 float_slot_score=1.4222739657895211e+35
[INFO] [1788891881.250000579] [GADEN]: Legacy V1 coordinate format=NATIVE_DOUBLE double_score=5.474090585266822e-07 float_slot_score=1.4222739657895211e+35
[INFO] [1788891881.452577734] [GADEN]: Legacy V1 coordinate format=NATIVE_DOUBLE double_score=5.474090585266822e-07 float_slot_score=1.4222739657895211e+35
[INFO] [1788891881.659823344] [GADEN]: Legacy V1 coordinate format=NATIVE_DOUBLE double_score=5.474090585266822e-07 float_slot_score=1.4222739657895211e+35
[INFO] [1788891881.868140941] [GADEN]: Legacy V1 coordinate format=NATIVE_DOUBLE double_score=5.474090585266822e-07 float_slot_score=1.4222739657895211e+35
[INFO] [1788891882.060380385] [GADEN]: Legacy V1 coordinate format=NATIVE_DOUBLE double_score=5.474090585266822e-07 float_slot_score=1.4222739657895211e+35
[INFO] [1788891882.260658351] [GADEN]: Legacy V1 coordinate format=NATIVE_DOUBLE double_score=5.474090585266822e-07 float_slot_score=1.4222739657895211e+35
[INFO] [1788891882.452781879] [GADEN]: Legacy V1 coordinate format=NATIVE_DOUBLE double_score=5.474090585266822e-07 float_slot_score=1.4222739657895211e+35
[INFO] [1788891882.648665976] [GADEN]: Legacy V1 coordinate format=NATIVE_DOUBLE double_score=5.474090585266822e-07 float_slot_score=1.4222739657895211e+35
[INFO] [1788891882.882614650] [GADEN]: Legacy V1 coordinate format=NATIVE_DOUBLE double_score=5.474090585266822e-07 float_slot_score=1.4222739657895211e+35
[INFO] [1788891883.050645167] [GADEN]: Legacy V1 coordinate format=NATIVE_DOUBLE double_score=5.474090585266822e-07 float_slot_score=1.4222739657895211e+35
[INFO] [1788891883.250585231] [GADEN]: Legacy V1 coordinate format=NATIVE_DOUBLE double_score=5.474090585266822e-07 float_slot_score=1.4222739657895211e+35
[INFO] [1788891883.448377664] [GADEN]: Legacy V1 coordinate format=NATIVE_DOUBLE double_score=5.474090585266822e-07 float_slot_score=1.4222739657895211e+35
[INFO] [1788891883.649631374] [GADEN]: Legacy V1 coordinate format=NATIVE_DOUBLE double_score=5.474090585266822e-07 float_slot_score=1.4222739657895211e+35
[INFO] [1788891883.881489203] [GADEN]: Legacy V1 coordinate format=NATIVE_DOUBLE double_score=5.474090585266822e-07 float_slot_score=1.4222739657895211e+35
[INFO] [1788891884.048967903] [GADEN]: Legacy V1 coordinate format=NATIVE_DOUBLE double_score=5.474090585266822e-07 float_slot_score=1.4222739657895211e+35
[INFO] [1788891884.251987864] [GADEN]: Legacy V1 coordinate format=NATIVE_DOUBLE double_score=5.474090585266822e-07 float_slot_score=1.4222739657895211e+35
[INFO] [1788891884.448385994] [GADEN]: Legacy V1 coordinate format=NATIVE_DOUBLE double_score=5.474090585266822e-07 float_slot_score=1.4222739657895211e+35
[INFO] [1788891884.654124455] [GADEN]: Legacy V1 coordinate format=NATIVE_DOUBLE double_score=5.474090585266822e-07 float_slot_score=1.4222739657895211e+35
[INFO] [1788891884.868416648] [GADEN]: Legacy V1 coordinate format=NATIVE_DOUBLE double_score=5.474090585266822e-07 float_slot_score=1.4222739657895211e+35
[INFO] [1788891885.050349704] [GADEN]: Legacy V1 coordinate format=NATIVE_DOUBLE double_score=5.474090585266822e-07 float_slot_score=1.4222739657895211e+35
[INFO] [1788891885.251183493] [GADEN]: Legacy V1 coordinate format=NATIVE_DOUBLE double_score=5.474090585266822e-07 float_slot_score=1.4222739657895211e+35
[INFO] [1788891885.449694875] [GADEN]: Legacy V1 coordinate format=NATIVE_DOUBLE double_score=5.474090585266822e-07 float_slot_score=1.4222739657895211e+35
[INFO] [1788891885.651459154] [GADEN]: Legacy V1 coordinate format=NATIVE_DOUBLE double_score=5.474090585266822e-07 float_slot_score=1.4222739657895211e+35
[INFO] [1788891885.867919097] [GADEN]: Legacy V1 coordinate format=NATIVE_DOUBLE double_score=5.474090585266822e-07 float_slot_score=1.4222739657895211e+35
[INFO] [1788891886.049622952] [GADEN]: Legacy V1 coordinate format=NATIVE_DOUBLE double_score=5.474090585266822e-07 float_slot_score=1.4222739657895211e+35
[INFO] [1788891886.249324051] [GADEN]: Legacy V1 coordinate format=NATIVE_DOUBLE double_score=5.474090585266822e-07 float_slot_score=1.4222739657895211e+35
[INFO] [1788891886.452195318] [GADEN]: Legacy V1 coordinate format=NATIVE_DOUBLE double_score=5.474090585266822e-07 float_slot_score=1.4222739657895211e+35
[INFO] [1788891886.647140467] [GADEN]: Legacy V1 coordinate format=NATIVE_DOUBLE double_score=5.474090585266822e-07 float_slot_score=1.4222739657895211e+35
[INFO] [1788891886.869134712] [GADEN]: Legacy V1 coordinate format=NATIVE_DOUBLE double_score=5.474090585266822e-07 float_slot_score=1.4222739657895211e+35
[INFO] [1788891887.050143308] [GADEN]: Legacy V1 coordinate format=NATIVE_DOUBLE double_score=5.474090585266822e-07 float_slot_score=1.4222739657895211e+35
[INFO] [1788891887.251101246] [GADEN]: Legacy V1 coordinate format=NATIVE_DOUBLE double_score=5.474090585266822e-07 float_slot_score=1.4222739657895211e+35
[INFO] [1788891887.449552231] [GADEN]: Legacy V1 coordinate format=NATIVE_DOUBLE double_score=5.474090585266822e-07 float_slot_score=1.4222739657895211e+35
[INFO] [1788891887.652780233] [GADEN]: Legacy V1 coordinate format=NATIVE_DOUBLE double_score=5.474090585266822e-07 float_slot_score=1.4222739657895211e+35
[INFO] [1788891887.869340965] [GADEN]: Legacy V1 coordinate format=NATIVE_DOUBLE double_score=5.474090585266822e-07 float_slot_score=1.4222739657895211e+35
[INFO] [1788891888.052664139] [GADEN]: Legacy V1 coordinate format=NATIVE_DOUBLE double_score=5.474090585266822e-07 float_slot_score=1.4222739657895211e+35
[INFO] [1788891888.250173646] [GADEN]: Legacy V1 coordinate format=NATIVE_DOUBLE double_score=5.474090585266822e-07 float_slot_score=1.4222739657895211e+35
[INFO] [1788891888.450273554] [GADEN]: Legacy V1 coordinate format=NATIVE_DOUBLE double_score=5.474090585266822e-07 float_slot_score=1.4222739657895211e+35
[INFO] [1788891888.649172253] [GADEN]: Legacy V1 coordinate format=NATIVE_DOUBLE double_score=5.474090585266822e-07 float_slot_score=1.4222739657895211e+35
[INFO] [1788891888.880044265] [GADEN]: Legacy V1 coordinate format=NATIVE_DOUBLE double_score=5.474090585266822e-07 float_slot_score=1.4222739657895211e+35
[INFO] [1788891889.049541403] [GADEN]: Legacy V1 coordinate format=NATIVE_DOUBLE double_score=5.474090585266822e-07 float_slot_score=1.4222739657895211e+35
[INFO] [1788891889.251137936] [GADEN]: Legacy V1 coordinate format=NATIVE_DOUBLE double_score=5.474090585266822e-07 float_slot_score=1.4222739657895211e+35
[INFO] [1788891889.450881281] [GADEN]: Legacy V1 coordinate format=NATIVE_DOUBLE double_score=5.474090585266822e-07 float_slot_score=1.4222739657895211e+35
[INFO] [1788891889.648586664] [GADEN]: Legacy V1 coordinate format=NATIVE_DOUBLE double_score=5.474090585266822e-07 float_slot_score=1.4222739657895211e+35
[INFO] [1788891889.868857370] [GADEN]: Legacy V1 coordinate format=NATIVE_DOUBLE double_score=5.474090585266822e-07 float_slot_score=1.4222739657895211e+35
[INFO] [1788891890.052395247] [GADEN]: Legacy V1 coordinate format=NATIVE_DOUBLE double_score=5.474090585266822e-07 float_slot_score=1.4222739657895211e+35
[INFO] [1788891890.260166188] [GADEN]: Legacy V1 coordinate format=NATIVE_DOUBLE double_score=5.474090585266822e-07 float_slot_score=1.4222739657895211e+35
[INFO] [1788891890.450282702] [GADEN]: Legacy V1 coordinate format=NATIVE_DOUBLE double_score=5.474090585266822e-07 float_slot_score=1.4222739657895211e+35
[INFO] [1788891890.650240879] [GADEN]: Legacy V1 coordinate format=NATIVE_DOUBLE double_score=5.474090585266822e-07 float_slot_score=1.4222739657895211e+35
[INFO] [1788891890.869644674] [GADEN]: Legacy V1 coordinate format=NATIVE_DOUBLE double_score=5.474090585266822e-07 float_slot_score=1.4222739657895211e+35
[INFO] [1788891891.047955854] [GADEN]: Legacy V1 coordinate format=NATIVE_DOUBLE double_score=5.474090585266822e-07 float_slot_score=1.4222739657895211e+35
[INFO] [1788891891.251113242] [GADEN]: Legacy V1 coordinate format=NATIVE_DOUBLE double_score=5.474090585266822e-07 float_slot_score=1.4222739657895211e+35
[INFO] [1788891891.451202466] [GADEN]: Legacy V1 coordinate format=NATIVE_DOUBLE double_score=5.474090585266822e-07 float_slot_score=1.4222739657895211e+35
[INFO] [1788891891.651247939] [GADEN]: Legacy V1 coordinate format=NATIVE_DOUBLE double_score=5.474090585266822e-07 float_slot_score=1.4222739657895211e+35
[INFO] [1788891891.879412311] [GADEN]: Legacy V1 coordinate format=NATIVE_DOUBLE double_score=5.474090585266822e-07 float_slot_score=1.4222739657895211e+35
[INFO] [1788891892.048652728] [GADEN]: Legacy V1 coordinate format=NATIVE_DOUBLE double_score=5.474090585266822e-07 float_slot_score=1.4222739657895211e+35
[INFO] [1788891892.249039954] [GADEN]: Legacy V1 coordinate format=NATIVE_DOUBLE double_score=5.474090585266822e-07 float_slot_score=1.4222739657895211e+35
[INFO] [1788891892.452215373] [GADEN]: Legacy V1 coordinate format=NATIVE_DOUBLE double_score=5.474090585266822e-07 float_slot_score=1.4222739657895211e+35
[INFO] [1788891892.649012572] [GADEN]: Legacy V1 coordinate format=NATIVE_DOUBLE double_score=5.474090585266822e-07 float_slot_score=1.4222739657895211e+35
[INFO] [1788891892.869325176] [GADEN]: Legacy V1 coordinate format=NATIVE_DOUBLE double_score=5.474090585266822e-07 float_slot_score=1.4222739657895211e+35
[INFO] [1788891893.047829656] [GADEN]: Legacy V1 coordinate format=NATIVE_DOUBLE double_score=5.474090585266822e-07 float_slot_score=1.4222739657895211e+35
[INFO] [1788891893.248780381] [GADEN]: Legacy V1 coordinate format=NATIVE_DOUBLE double_score=5.474090585266822e-07 float_slot_score=1.4222739657895211e+35
[INFO] [1788891893.452077821] [GADEN]: Legacy V1 coordinate format=NATIVE_DOUBLE double_score=5.474090585266822e-07 float_slot_score=1.4222739657895211e+35
[INFO] [1788891893.648774910] [GADEN]: Legacy V1 coordinate format=NATIVE_DOUBLE double_score=5.474090585266822e-07 float_slot_score=1.4222739657895211e+35
[INFO] [1788891893.868829292] [GADEN]: Legacy V1 coordinate format=NATIVE_DOUBLE double_score=5.474090585266822e-07 float_slot_score=1.4222739657895211e+35
[INFO] [1788891894.051257888] [GADEN]: Legacy V1 coordinate format=NATIVE_DOUBLE double_score=5.474090585266822e-07 float_slot_score=1.4222739657895211e+35
[INFO] [1788891894.247277822] [GADEN]: Legacy V1 coordinate format=NATIVE_DOUBLE double_score=5.474090585266822e-07 float_slot_score=1.4222739657895211e+35
[INFO] [1788891894.447749670] [GADEN]: Legacy V1 coordinate format=NATIVE_DOUBLE double_score=5.474090585266822e-07 float_slot_score=1.4222739657895211e+35
[INFO] [1788891894.656469281] [GADEN]: Legacy V1 coordinate format=NATIVE_DOUBLE double_score=5.474090585266822e-07 float_slot_score=1.4222739657895211e+35
[INFO] [1788891894.869208423] [GADEN]: Legacy V1 coordinate format=NATIVE_DOUBLE double_score=5.474090585266822e-07 float_slot_score=1.4222739657895211e+35
[INFO] [1788891895.048875691] [GADEN]: Legacy V1 coordinate format=NATIVE_DOUBLE double_score=5.474090585266822e-07 float_slot_score=1.4222739657895211e+35
[INFO] [1788891895.249324090] [GADEN]: Legacy V1 coordinate format=NATIVE_DOUBLE double_score=5.474090585266822e-07 float_slot_score=1.4222739657895211e+35
[INFO] [1788891895.449233230] [GADEN]: Legacy V1 coordinate format=NATIVE_DOUBLE double_score=5.474090585266822e-07 float_slot_score=1.4222739657895211e+35
[INFO] [1788891895.649984973] [GADEN]: Legacy V1 coordinate format=NATIVE_DOUBLE double_score=5.474090585266822e-07 float_slot_score=1.4222739657895211e+35
[INFO] [1788891895.880340668] [GADEN]: Legacy V1 coordinate format=NATIVE_DOUBLE double_score=5.474090585266822e-07 float_slot_score=1.4222739657895211e+35
[INFO] [1788891896.048881814] [GADEN]: Legacy V1 coordinate format=NATIVE_DOUBLE double_score=5.474090585266822e-07 float_slot_score=1.4222739657895211e+35
[INFO] [1788891896.248731303] [GADEN]: Legacy V1 coordinate format=NATIVE_DOUBLE double_score=5.474090585266822e-07 float_slot_score=1.4222739657895211e+35
[INFO] [1788891896.450150305] [GADEN]: Legacy V1 coordinate format=NATIVE_DOUBLE double_score=5.474090585266822e-07 float_slot_score=1.4222739657895211e+35
[INFO] [1788891896.649777886] [GADEN]: Legacy V1 coordinate format=NATIVE_DOUBLE double_score=5.474090585266822e-07 float_slot_score=1.4222739657895211e+35
[INFO] [1788891896.869004462] [GADEN]: Legacy V1 coordinate format=NATIVE_DOUBLE double_score=5.474090585266822e-07 float_slot_score=1.4222739657895211e+35
[INFO] [1788891897.052136448] [GADEN]: Legacy V1 coordinate format=NATIVE_DOUBLE double_score=5.474090585266822e-07 float_slot_score=1.4222739657895211e+35
[INFO] [1788891897.249640583] [GADEN]: Legacy V1 coordinate format=NATIVE_DOUBLE double_score=5.474090585266822e-07 float_slot_score=1.4222739657895211e+35
[INFO] [1788891897.449677707] [GADEN]: Legacy V1 coordinate format=NATIVE_DOUBLE double_score=5.474090585266822e-07 float_slot_score=1.4222739657895211e+35
[INFO] [1788891897.650261566] [GADEN]: Legacy V1 coordinate format=NATIVE_DOUBLE double_score=5.474090585266822e-07 float_slot_score=1.4222739657895211e+35
[INFO] [1788891897.879163522] [GADEN]: Legacy V1 coordinate format=NATIVE_DOUBLE double_score=5.474090585266822e-07 float_slot_score=1.4222739657895211e+35
[INFO] [1788891898.050406408] [GADEN]: Legacy V1 coordinate format=NATIVE_DOUBLE double_score=5.474090585266822e-07 float_slot_score=1.4222739657895211e+35
[INFO] [1788891898.248718855] [GADEN]: Legacy V1 coordinate format=NATIVE_DOUBLE double_score=5.474090585266822e-07 float_slot_score=1.4222739657895211e+35
[INFO] [1788891898.449003802] [GADEN]: Legacy V1 coordinate format=NATIVE_DOUBLE double_score=5.474090585266822e-07 float_slot_score=1.4222739657895211e+35
[INFO] [1788891898.650551962] [GADEN]: Legacy V1 coordinate format=NATIVE_DOUBLE double_score=5.474090585266822e-07 float_slot_score=1.4222739657895211e+35
[INFO] [1788891898.868910823] [GADEN]: Legacy V1 coordinate format=NATIVE_DOUBLE double_score=5.474090585266822e-07 float_slot_score=1.4222739657895211e+35
[INFO] [1788891899.049169644] [GADEN]: Legacy V1 coordinate format=NATIVE_DOUBLE double_score=5.474090585266822e-07 float_slot_score=1.4222739657895211e+35
[INFO] [1788891899.251758435] [GADEN]: Legacy V1 coordinate format=NATIVE_DOUBLE double_score=5.474090585266822e-07 float_slot_score=1.4222739657895211e+35
[INFO] [1788891899.450875694] [GADEN]: Legacy V1 coordinate format=NATIVE_DOUBLE double_score=5.474090585266822e-07 float_slot_score=1.4222739657895211e+35
[INFO] [1788891899.648280970] [GADEN]: Legacy V1 coordinate format=NATIVE_DOUBLE double_score=5.474090585266822e-07 float_slot_score=1.4222739657895211e+35
[INFO] [1788891899.867939143] [GADEN]: Legacy V1 coordinate format=NATIVE_DOUBLE double_score=5.474090585266822e-07 float_slot_score=1.4222739657895211e+35
[INFO] [1788891900.047160915] [GADEN]: Legacy V1 coordinate format=NATIVE_DOUBLE double_score=5.474090585266822e-07 float_slot_score=1.4222739657895211e+35
[INFO] [1788891900.249074511] [GADEN]: Legacy V1 coordinate format=NATIVE_DOUBLE double_score=5.474090585266822e-07 float_slot_score=1.4222739657895211e+35
[INFO] [1788891900.449022561] [GADEN]: Legacy V1 coordinate format=NATIVE_DOUBLE double_score=5.474090585266822e-07 float_slot_score=1.4222739657895211e+35
[INFO] [1788891900.649637036] [GADEN]: Legacy V1 coordinate format=NATIVE_DOUBLE double_score=5.474090585266822e-07 float_slot_score=1.4222739657895211e+35
[INFO] [1788891900.868223852] [GADEN]: Legacy V1 coordinate format=NATIVE_DOUBLE double_score=5.474090585266822e-07 float_slot_score=1.4222739657895211e+35
[INFO] [1788891901.062155917] [GADEN]: Legacy V1 coordinate format=NATIVE_DOUBLE double_score=5.474090585266822e-07 float_slot_score=1.4222739657895211e+35
[INFO] [1788891901.249510058] [GADEN]: Legacy V1 coordinate format=NATIVE_DOUBLE double_score=5.474090585266822e-07 float_slot_score=1.4222739657895211e+35
[INFO] [1788891901.449068147] [GADEN]: Legacy V1 coordinate format=NATIVE_DOUBLE double_score=5.474090585266822e-07 float_slot_score=1.4222739657895211e+35
[INFO] [1788891901.652804796] [GADEN]: Legacy V1 coordinate format=NATIVE_DOUBLE double_score=5.474090585266822e-07 float_slot_score=1.4222739657895211e+35
[INFO] [1788891901.870389476] [GADEN]: Legacy V1 coordinate format=NATIVE_DOUBLE double_score=5.474090585266822e-07 float_slot_score=1.4222739657895211e+35
[INFO] [1788891902.048767963] [GADEN]: Legacy V1 coordinate format=NATIVE_DOUBLE double_score=5.474090585266822e-07 float_slot_score=1.4222739657895211e+35
[INFO] [1788891902.247447321] [GADEN]: Legacy V1 coordinate format=NATIVE_DOUBLE double_score=5.474090585266822e-07 float_slot_score=1.4222739657895211e+35
[INFO] [1788891902.448907923] [GADEN]: Legacy V1 coordinate format=NATIVE_DOUBLE double_score=5.474090585266822e-07 float_slot_score=1.4222739657895211e+35
[INFO] [1788891902.648320603] [GADEN]: Legacy V1 coordinate format=NATIVE_DOUBLE double_score=5.474090585266822e-07 float_slot_score=1.4222739657895211e+35
[INFO] [1788891902.867582645] [GADEN]: Legacy V1 coordinate format=NATIVE_DOUBLE double_score=5.474090585266822e-07 float_slot_score=1.4222739657895211e+35
[INFO] [1788891903.048825793] [GADEN]: Legacy V1 coordinate format=NATIVE_DOUBLE double_score=5.474090585266822e-07 float_slot_score=1.4222739657895211e+35
[INFO] [1788891903.250830998] [GADEN]: Legacy V1 coordinate format=NATIVE_DOUBLE double_score=5.474090585266822e-07 float_slot_score=1.4222739657895211e+35
[INFO] [1788891903.447419291] [GADEN]: Legacy V1 coordinate format=NATIVE_DOUBLE double_score=5.474090585266822e-07 float_slot_score=1.4222739657895211e+35
[INFO] [1788891903.649555776] [GADEN]: Legacy V1 coordinate format=NATIVE_DOUBLE double_score=5.474090585266822e-07 float_slot_score=1.4222739657895211e+35
[INFO] [1788891903.872088797] [GADEN]: Legacy V1 coordinate format=NATIVE_DOUBLE double_score=5.474090585266822e-07 float_slot_score=1.4222739657895211e+35
[INFO] [1788891904.047405207] [GADEN]: Legacy V1 coordinate format=NATIVE_DOUBLE double_score=5.474090585266822e-07 float_slot_score=1.4222739657895211e+35
[INFO] [1788891904.248942008] [GADEN]: Legacy V1 coordinate format=NATIVE_DOUBLE double_score=5.474090585266822e-07 float_slot_score=1.4222739657895211e+35
[INFO] [1788891904.448149138] [GADEN]: Legacy V1 coordinate format=NATIVE_DOUBLE double_score=5.474090585266822e-07 float_slot_score=1.4222739657895211e+35
[INFO] [1788891904.649421950] [GADEN]: Legacy V1 coordinate format=NATIVE_DOUBLE double_score=5.474090585266822e-07 float_slot_score=1.4222739657895211e+35
[INFO] [1788891904.867361394] [GADEN]: Legacy V1 coordinate format=NATIVE_DOUBLE double_score=5.474090585266822e-07 float_slot_score=1.4222739657895211e+35
[INFO] [1788891905.050905076] [GADEN]: Legacy V1 coordinate format=NATIVE_DOUBLE double_score=5.474090585266822e-07 float_slot_score=1.4222739657895211e+35
[INFO] [1788891905.248787272] [GADEN]: Legacy V1 coordinate format=NATIVE_DOUBLE double_score=5.474090585266822e-07 float_slot_score=1.4222739657895211e+35
[INFO] [1788891905.449538841] [GADEN]: Legacy V1 coordinate format=NATIVE_DOUBLE double_score=5.474090585266822e-07 float_slot_score=1.4222739657895211e+35
[INFO] [1788891905.648653296] [GADEN]: Legacy V1 coordinate format=NATIVE_DOUBLE double_score=5.474090585266822e-07 float_slot_score=1.4222739657895211e+35
[INFO] [1788891905.869789553] [GADEN]: Legacy V1 coordinate format=NATIVE_DOUBLE double_score=5.474090585266822e-07 float_slot_score=1.4222739657895211e+35
[INFO] [1788891906.048789562] [GADEN]: Legacy V1 coordinate format=NATIVE_DOUBLE double_score=5.474090585266822e-07 float_slot_score=1.4222739657895211e+35
[INFO] [1788891906.250469546] [GADEN]: Legacy V1 coordinate format=NATIVE_DOUBLE double_score=5.474090585266822e-07 float_slot_score=1.4222739657895211e+35
[INFO] [1788891906.448066278] [GADEN]: Legacy V1 coordinate format=NATIVE_DOUBLE double_score=5.474090585266822e-07 float_slot_score=1.4222739657895211e+35
[INFO] [1788891906.648611242] [GADEN]: Legacy V1 coordinate format=NATIVE_DOUBLE double_score=5.474090585266822e-07 float_slot_score=1.4222739657895211e+35
[INFO] [1788891906.867953485] [GADEN]: Legacy V1 coordinate format=NATIVE_DOUBLE double_score=5.474090585266822e-07 float_slot_score=1.4222739657895211e+35
[INFO] [1788891907.048596705] [GADEN]: Legacy V1 coordinate format=NATIVE_DOUBLE double_score=5.474090585266822e-07 float_slot_score=1.4222739657895211e+35
[INFO] [1788891907.249630564] [GADEN]: Legacy V1 coordinate format=NATIVE_DOUBLE double_score=5.474090585266822e-07 float_slot_score=1.4222739657895211e+35
[INFO] [1788891907.452134626] [GADEN]: Legacy V1 coordinate format=NATIVE_DOUBLE double_score=5.474090585266822e-07 float_slot_score=1.4222739657895211e+35
[INFO] [1788891907.648287457] [GADEN]: Legacy V1 coordinate format=NATIVE_DOUBLE double_score=5.474090585266822e-07 float_slot_score=1.4222739657895211e+35
[INFO] [1788891907.869425128] [GADEN]: Legacy V1 coordinate format=NATIVE_DOUBLE double_score=5.474090585266822e-07 float_slot_score=1.4222739657895211e+35
[INFO] [1788891908.048372748] [GADEN]: Legacy V1 coordinate format=NATIVE_DOUBLE double_score=5.474090585266822e-07 float_slot_score=1.4222739657895211e+35
[INFO] [1788891908.249937053] [GADEN]: Legacy V1 coordinate format=NATIVE_DOUBLE double_score=5.474090585266822e-07 float_slot_score=1.4222739657895211e+35
[INFO] [1788891908.449456506] [GADEN]: Legacy V1 coordinate format=NATIVE_DOUBLE double_score=5.474090585266822e-07 float_slot_score=1.4222739657895211e+35
[INFO] [1788891908.648493296] [GADEN]: Legacy V1 coordinate format=NATIVE_DOUBLE double_score=5.474090585266822e-07 float_slot_score=1.4222739657895211e+35
[INFO] [1788891908.879206771] [GADEN]: Legacy V1 coordinate format=NATIVE_DOUBLE double_score=5.474090585266822e-07 float_slot_score=1.4222739657895211e+35
[INFO] [1788891909.048914625] [GADEN]: Legacy V1 coordinate format=NATIVE_DOUBLE double_score=5.474090585266822e-07 float_slot_score=1.4222739657895211e+35
[INFO] [1788891909.251053711] [GADEN]: Legacy V1 coordinate format=NATIVE_DOUBLE double_score=5.474090585266822e-07 float_slot_score=1.4222739657895211e+35
[INFO] [1788891909.449577139] [GADEN]: Legacy V1 coordinate format=NATIVE_DOUBLE double_score=5.474090585266822e-07 float_slot_score=1.4222739657895211e+35
[INFO] [1788891909.650885988] [GADEN]: Legacy V1 coordinate format=NATIVE_DOUBLE double_score=5.474090585266822e-07 float_slot_score=1.4222739657895211e+35
[INFO] [1788891909.868292223] [GADEN]: Legacy V1 coordinate format=NATIVE_DOUBLE double_score=5.474090585266822e-07 float_slot_score=1.4222739657895211e+35
[INFO] [1788891910.051333487] [GADEN]: Legacy V1 coordinate format=NATIVE_DOUBLE double_score=5.474090585266822e-07 float_slot_score=1.4222739657895211e+35
[INFO] [1788891910.250493195] [GADEN]: Legacy V1 coordinate format=NATIVE_DOUBLE double_score=5.474090585266822e-07 float_slot_score=1.4222739657895211e+35
[INFO] [1788891910.449325864] [GADEN]: Legacy V1 coordinate format=NATIVE_DOUBLE double_score=5.474090585266822e-07 float_slot_score=1.4222739657895211e+35
[INFO] [1788891910.649982321] [GADEN]: Legacy V1 coordinate format=NATIVE_DOUBLE double_score=5.474090585266822e-07 float_slot_score=1.4222739657895211e+35
[INFO] [1788891910.879404771] [GADEN]: Legacy V1 coordinate format=NATIVE_DOUBLE double_score=5.474090585266822e-07 float_slot_score=1.4222739657895211e+35
[INFO] [1788891911.046444243] [GADEN]: Legacy V1 coordinate format=NATIVE_DOUBLE double_score=5.474090585266822e-07 float_slot_score=1.4222739657895211e+35
[INFO] [1788891911.249052172] [GADEN]: Legacy V1 coordinate format=NATIVE_DOUBLE double_score=5.474090585266822e-07 float_slot_score=1.4222739657895211e+35
[INFO] [1788891911.449997318] [GADEN]: Legacy V1 coordinate format=NATIVE_DOUBLE double_score=5.474090585266822e-07 float_slot_score=1.4222739657895211e+35
[INFO] [1788891911.649279900] [GADEN]: Legacy V1 coordinate format=NATIVE_DOUBLE double_score=5.474090585266822e-07 float_slot_score=1.4222739657895211e+35
[INFO] [1788891911.868068592] [GADEN]: Legacy V1 coordinate format=NATIVE_DOUBLE double_score=5.474090585266822e-07 float_slot_score=1.4222739657895211e+35
[INFO] [1788891912.049820091] [GADEN]: Legacy V1 coordinate format=NATIVE_DOUBLE double_score=5.474090585266822e-07 float_slot_score=1.4222739657895211e+35
[INFO] [1788891912.248343695] [GADEN]: Legacy V1 coordinate format=NATIVE_DOUBLE double_score=5.474090585266822e-07 float_slot_score=1.4222739657895211e+35
[INFO] [1788891912.448879370] [GADEN]: Legacy V1 coordinate format=NATIVE_DOUBLE double_score=5.474090585266822e-07 float_slot_score=1.4222739657895211e+35
[INFO] [1788891912.648397182] [GADEN]: Legacy V1 coordinate format=NATIVE_DOUBLE double_score=5.474090585266822e-07 float_slot_score=1.4222739657895211e+35
[INFO] [1788891912.866577103] [GADEN]: Legacy V1 coordinate format=NATIVE_DOUBLE double_score=5.474090585266822e-07 float_slot_score=1.4222739657895211e+35
[INFO] [1788891913.048157135] [GADEN]: Legacy V1 coordinate format=NATIVE_DOUBLE double_score=5.474090585266822e-07 float_slot_score=1.4222739657895211e+35
[INFO] [1788891913.249030546] [GADEN]: Legacy V1 coordinate format=NATIVE_DOUBLE double_score=5.474090585266822e-07 float_slot_score=1.4222739657895211e+35
[INFO] [1788891913.448005738] [GADEN]: Legacy V1 coordinate format=NATIVE_DOUBLE double_score=5.474090585266822e-07 float_slot_score=1.4222739657895211e+35
[INFO] [1788891913.648117372] [GADEN]: Legacy V1 coordinate format=NATIVE_DOUBLE double_score=5.474090585266822e-07 float_slot_score=1.4222739657895211e+35
[INFO] [1788891913.868299640] [GADEN]: Legacy V1 coordinate format=NATIVE_DOUBLE double_score=5.474090585266822e-07 float_slot_score=1.4222739657895211e+35
[INFO] [1788891914.048039637] [GADEN]: Legacy V1 coordinate format=NATIVE_DOUBLE double_score=5.474090585266822e-07 float_slot_score=1.4222739657895211e+35
[INFO] [1788891914.252029460] [GADEN]: Legacy V1 coordinate format=NATIVE_DOUBLE double_score=5.474090585266822e-07 float_slot_score=1.4222739657895211e+35
[INFO] [1788891914.447982243] [GADEN]: Legacy V1 coordinate format=NATIVE_DOUBLE double_score=5.474090585266822e-07 float_slot_score=1.4222739657895211e+35
[INFO] [1788891914.648773913] [GADEN]: Legacy V1 coordinate format=NATIVE_DOUBLE double_score=5.474090585266822e-07 float_slot_score=1.4222739657895211e+35
[INFO] [1788891914.867421730] [GADEN]: Legacy V1 coordinate format=NATIVE_DOUBLE double_score=5.474090585266822e-07 float_slot_score=1.4222739657895211e+35
[INFO] [1788891915.048824703] [GADEN]: Legacy V1 coordinate format=NATIVE_DOUBLE double_score=5.474090585266822e-07 float_slot_score=1.4222739657895211e+35
[INFO] [1788891915.250142720] [GADEN]: Legacy V1 coordinate format=NATIVE_DOUBLE double_score=5.474090585266822e-07 float_slot_score=1.4222739657895211e+35
[INFO] [1788891915.447625415] [GADEN]: Legacy V1 coordinate format=NATIVE_DOUBLE double_score=5.474090585266822e-07 float_slot_score=1.4222739657895211e+35
[INFO] [1788891915.647783266] [GADEN]: Legacy V1 coordinate format=NATIVE_DOUBLE double_score=5.474090585266822e-07 float_slot_score=1.4222739657895211e+35
[INFO] [1788891915.868226449] [GADEN]: Legacy V1 coordinate format=NATIVE_DOUBLE double_score=5.474090585266822e-07 float_slot_score=1.4222739657895211e+35
[INFO] [1788891916.047658449] [GADEN]: Legacy V1 coordinate format=NATIVE_DOUBLE double_score=5.474090585266822e-07 float_slot_score=1.4222739657895211e+35
[INFO] [1788891916.246570629] [GADEN]: Legacy V1 coordinate format=NATIVE_DOUBLE double_score=5.474090585266822e-07 float_slot_score=1.4222739657895211e+35
[INFO] [1788891916.449153024] [GADEN]: Legacy V1 coordinate format=NATIVE_DOUBLE double_score=5.474090585266822e-07 float_slot_score=1.4222739657895211e+35
[INFO] [1788891916.649538802] [GADEN]: Legacy V1 coordinate format=NATIVE_DOUBLE double_score=5.474090585266822e-07 float_slot_score=1.4222739657895211e+35
[INFO] [1788891916.866738048] [GADEN]: Legacy V1 coordinate format=NATIVE_DOUBLE double_score=5.474090585266822e-07 float_slot_score=1.4222739657895211e+35
[INFO] [1788891917.047189451] [GADEN]: Legacy V1 coordinate format=NATIVE_DOUBLE double_score=5.474090585266822e-07 float_slot_score=1.4222739657895211e+35
[INFO] [1788891917.248151640] [GADEN]: Legacy V1 coordinate format=NATIVE_DOUBLE double_score=5.474090585266822e-07 float_slot_score=1.4222739657895211e+35
[INFO] [1788891917.447554742] [GADEN]: Legacy V1 coordinate format=NATIVE_DOUBLE double_score=5.474090585266822e-07 float_slot_score=1.4222739657895211e+35
[INFO] [1788891917.647099078] [GADEN]: Legacy V1 coordinate format=NATIVE_DOUBLE double_score=5.474090585266822e-07 float_slot_score=1.4222739657895211e+35
[INFO] [1788891917.868551829] [GADEN]: Legacy V1 coordinate format=NATIVE_DOUBLE double_score=5.474090585266822e-07 float_slot_score=1.4222739657895211e+35
[INFO] [1788891918.048367506] [GADEN]: Legacy V1 coordinate format=NATIVE_DOUBLE double_score=5.474090585266822e-07 float_slot_score=1.4222739657895211e+35
[INFO] [1788891918.247068877] [GADEN]: Legacy V1 coordinate format=NATIVE_DOUBLE double_score=5.474090585266822e-07 float_slot_score=1.4222739657895211e+35
[INFO] [1788891918.448905076] [GADEN]: Legacy V1 coordinate format=NATIVE_DOUBLE double_score=5.474090585266822e-07 float_slot_score=1.4222739657895211e+35
[INFO] [1788891918.647610964] [GADEN]: Legacy V1 coordinate format=NATIVE_DOUBLE double_score=5.474090585266822e-07 float_slot_score=1.4222739657895211e+35
[INFO] [1788891918.880947415] [GADEN]: Legacy V1 coordinate format=NATIVE_DOUBLE double_score=5.474090585266822e-07 float_slot_score=1.4222739657895211e+35
[INFO] [1788891919.048414380] [GADEN]: Legacy V1 coordinate format=NATIVE_DOUBLE double_score=5.474090585266822e-07 float_slot_score=1.4222739657895211e+35
[INFO] [1788891919.249784163] [GADEN]: Legacy V1 coordinate format=NATIVE_DOUBLE double_score=5.474090585266822e-07 float_slot_score=1.4222739657895211e+35
[INFO] [1788891919.448209912] [GADEN]: Legacy V1 coordinate format=NATIVE_DOUBLE double_score=5.474090585266822e-07 float_slot_score=1.4222739657895211e+35
[INFO] [1788891919.649336800] [GADEN]: Legacy V1 coordinate format=NATIVE_DOUBLE double_score=5.474090585266822e-07 float_slot_score=1.4222739657895211e+35
[INFO] [1788891919.878205395] [GADEN]: Legacy V1 coordinate format=NATIVE_DOUBLE double_score=5.474090585266822e-07 float_slot_score=1.4222739657895211e+35
[INFO] [1788891920.052093162] [GADEN]: Legacy V1 coordinate format=NATIVE_DOUBLE double_score=5.474090585266822e-07 float_slot_score=1.4222739657895211e+35
[INFO] [1788891920.248271808] [GADEN]: Legacy V1 coordinate format=NATIVE_DOUBLE double_score=5.474090585266822e-07 float_slot_score=1.4222739657895211e+35
[INFO] [1788891920.449615414] [GADEN]: Legacy V1 coordinate format=NATIVE_DOUBLE double_score=5.474090585266822e-07 float_slot_score=1.4222739657895211e+35
[INFO] [1788891920.646610723] [GADEN]: Legacy V1 coordinate format=NATIVE_DOUBLE double_score=5.474090585266822e-07 float_slot_score=1.4222739657895211e+35
[INFO] [1788891920.869038591] [GADEN]: Legacy V1 coordinate format=NATIVE_DOUBLE double_score=5.474090585266822e-07 float_slot_score=1.4222739657895211e+35
[INFO] [1788891921.046642546] [GADEN]: Legacy V1 coordinate format=NATIVE_DOUBLE double_score=5.474090585266822e-07 float_slot_score=1.4222739657895211e+35
[INFO] [1788891921.248495354] [GADEN]: Legacy V1 coordinate format=NATIVE_DOUBLE double_score=5.474090585266822e-07 float_slot_score=1.4222739657895211e+35
[INFO] [1788891921.449273480] [GADEN]: Legacy V1 coordinate format=NATIVE_DOUBLE double_score=5.474090585266822e-07 float_slot_score=1.4222739657895211e+35
[INFO] [1788891921.649992876] [GADEN]: Legacy V1 coordinate format=NATIVE_DOUBLE double_score=5.474090585266822e-07 float_slot_score=1.4222739657895211e+35
[INFO] [1788891921.879789826] [GADEN]: Legacy V1 coordinate format=NATIVE_DOUBLE double_score=5.474090585266822e-07 float_slot_score=1.4222739657895211e+35
[INFO] [1788891922.048008711] [GADEN]: Legacy V1 coordinate format=NATIVE_DOUBLE double_score=5.474090585266822e-07 float_slot_score=1.4222739657895211e+35
[INFO] [1788891922.247891066] [GADEN]: Legacy V1 coordinate format=NATIVE_DOUBLE double_score=5.474090585266822e-07 float_slot_score=1.4222739657895211e+35
[INFO] [1788891922.448759547] [GADEN]: Legacy V1 coordinate format=NATIVE_DOUBLE double_score=5.474090585266822e-07 float_slot_score=1.4222739657895211e+35
[INFO] [1788891922.648097280] [GADEN]: Legacy V1 coordinate format=NATIVE_DOUBLE double_score=5.474090585266822e-07 float_slot_score=1.4222739657895211e+35
[INFO] [1788891922.866472272] [GADEN]: Legacy V1 coordinate format=NATIVE_DOUBLE double_score=5.474090585266822e-07 float_slot_score=1.4222739657895211e+35
[INFO] [1788891923.049788974] [GADEN]: Legacy V1 coordinate format=NATIVE_DOUBLE double_score=5.474090585266822e-07 float_slot_score=1.4222739657895211e+35
[INFO] [1788891923.249228330] [GADEN]: Legacy V1 coordinate format=NATIVE_DOUBLE double_score=5.474090585266822e-07 float_slot_score=1.4222739657895211e+35
[INFO] [1788891923.449580141] [GADEN]: Legacy V1 coordinate format=NATIVE_DOUBLE double_score=5.474090585266822e-07 float_slot_score=1.4222739657895211e+35
[INFO] [1788891923.648501318] [GADEN]: Legacy V1 coordinate format=NATIVE_DOUBLE double_score=5.474090585266822e-07 float_slot_score=1.4222739657895211e+35
[INFO] [1788891923.867009255] [GADEN]: Legacy V1 coordinate format=NATIVE_DOUBLE double_score=5.474090585266822e-07 float_slot_score=1.4222739657895211e+35
[INFO] [1788891924.048528379] [GADEN]: Legacy V1 coordinate format=NATIVE_DOUBLE double_score=5.474090585266822e-07 float_slot_score=1.4222739657895211e+35
[INFO] [1788891924.248298757] [GADEN]: Legacy V1 coordinate format=NATIVE_DOUBLE double_score=5.474090585266822e-07 float_slot_score=1.4222739657895211e+35
[INFO] [1788891924.447977854] [GADEN]: Legacy V1 coordinate format=NATIVE_DOUBLE double_score=5.474090585266822e-07 float_slot_score=1.4222739657895211e+35
[INFO] [1788891924.652146793] [GADEN]: Legacy V1 coordinate format=NATIVE_DOUBLE double_score=5.474090585266822e-07 float_slot_score=1.4222739657895211e+35
[INFO] [1788891924.868072126] [GADEN]: Legacy V1 coordinate format=NATIVE_DOUBLE double_score=5.474090585266822e-07 float_slot_score=1.4222739657895211e+35
[INFO] [1788891925.048827906] [GADEN]: Legacy V1 coordinate format=NATIVE_DOUBLE double_score=5.474090585266822e-07 float_slot_score=1.4222739657895211e+35
[INFO] [1788891925.250026784] [GADEN]: Legacy V1 coordinate format=NATIVE_DOUBLE double_score=5.474090585266822e-07 float_slot_score=1.4222739657895211e+35
[INFO] [1788891925.448728226] [GADEN]: Legacy V1 coordinate format=NATIVE_DOUBLE double_score=5.474090585266822e-07 float_slot_score=1.4222739657895211e+35
[INFO] [1788891925.648225998] [GADEN]: Legacy V1 coordinate format=NATIVE_DOUBLE double_score=5.474090585266822e-07 float_slot_score=1.4222739657895211e+35
[INFO] [1788891925.868264884] [GADEN]: Legacy V1 coordinate format=NATIVE_DOUBLE double_score=5.474090585266822e-07 float_slot_score=1.4222739657895211e+35
[INFO] [1788891926.048127893] [GADEN]: Legacy V1 coordinate format=NATIVE_DOUBLE double_score=5.474090585266822e-07 float_slot_score=1.4222739657895211e+35
[INFO] [1788891926.247216306] [GADEN]: Legacy V1 coordinate format=NATIVE_DOUBLE double_score=5.474090585266822e-07 float_slot_score=1.4222739657895211e+35
[INFO] [1788891926.448105608] [GADEN]: Legacy V1 coordinate format=NATIVE_DOUBLE double_score=5.474090585266822e-07 float_slot_score=1.4222739657895211e+35
[INFO] [1788891926.648174573] [GADEN]: Legacy V1 coordinate format=NATIVE_DOUBLE double_score=5.474090585266822e-07 float_slot_score=1.4222739657895211e+35
[INFO] [1788891926.881910422] [GADEN]: Legacy V1 coordinate format=NATIVE_DOUBLE double_score=5.474090585266822e-07 float_slot_score=1.4222739657895211e+35
[INFO] [1788891927.048512557] [GADEN]: Legacy V1 coordinate format=NATIVE_DOUBLE double_score=5.474090585266822e-07 float_slot_score=1.4222739657895211e+35
[INFO] [1788891927.246795759] [GADEN]: Legacy V1 coordinate format=NATIVE_DOUBLE double_score=5.474090585266822e-07 float_slot_score=1.4222739657895211e+35
[INFO] [1788891927.450562058] [GADEN]: Legacy V1 coordinate format=NATIVE_DOUBLE double_score=5.474090585266822e-07 float_slot_score=1.4222739657895211e+35
[INFO] [1788891927.648903779] [GADEN]: Legacy V1 coordinate format=NATIVE_DOUBLE double_score=5.474090585266822e-07 float_slot_score=1.4222739657895211e+35
[INFO] [1788891927.868413993] [GADEN]: Legacy V1 coordinate format=NATIVE_DOUBLE double_score=5.474090585266822e-07 float_slot_score=1.4222739657895211e+35
[INFO] [1788891928.049905071] [GADEN]: Legacy V1 coordinate format=NATIVE_DOUBLE double_score=5.474090585266822e-07 float_slot_score=1.4222739657895211e+35
[INFO] [1788891928.247934439] [GADEN]: Legacy V1 coordinate format=NATIVE_DOUBLE double_score=5.474090585266822e-07 float_slot_score=1.4222739657895211e+35
[INFO] [1788891928.448576586] [GADEN]: Legacy V1 coordinate format=NATIVE_DOUBLE double_score=5.474090585266822e-07 float_slot_score=1.4222739657895211e+35
[INFO] [1788891928.646950637] [GADEN]: Legacy V1 coordinate format=NATIVE_DOUBLE double_score=5.474090585266822e-07 float_slot_score=1.4222739657895211e+35
[INFO] [1788891928.879430270] [GADEN]: Legacy V1 coordinate format=NATIVE_DOUBLE double_score=5.474090585266822e-07 float_slot_score=1.4222739657895211e+35
[INFO] [1788891929.047466571] [GADEN]: Legacy V1 coordinate format=NATIVE_DOUBLE double_score=5.474090585266822e-07 float_slot_score=1.4222739657895211e+35
[INFO] [1788891929.249734978] [GADEN]: Legacy V1 coordinate format=NATIVE_DOUBLE double_score=5.474090585266822e-07 float_slot_score=1.4222739657895211e+35
[INFO] [1788891929.447196827] [GADEN]: Legacy V1 coordinate format=NATIVE_DOUBLE double_score=5.474090585266822e-07 float_slot_score=1.4222739657895211e+35
[INFO] [1788891929.648347922] [GADEN]: Legacy V1 coordinate format=NATIVE_DOUBLE double_score=5.474090585266822e-07 float_slot_score=1.4222739657895211e+35
[INFO] [1788891929.878431402] [GADEN]: Legacy V1 coordinate format=NATIVE_DOUBLE double_score=5.474090585266822e-07 float_slot_score=1.4222739657895211e+35
[INFO] [1788891930.048257409] [GADEN]: Legacy V1 coordinate format=NATIVE_DOUBLE double_score=5.474090585266822e-07 float_slot_score=1.4222739657895211e+35
[INFO] [1788891930.249373664] [GADEN]: Legacy V1 coordinate format=NATIVE_DOUBLE double_score=5.474090585266822e-07 float_slot_score=1.4222739657895211e+35
[INFO] [1788891930.449672379] [GADEN]: Legacy V1 coordinate format=NATIVE_DOUBLE double_score=5.474090585266822e-07 float_slot_score=1.4222739657895211e+35
[INFO] [1788891930.648890739] [GADEN]: Legacy V1 coordinate format=NATIVE_DOUBLE double_score=5.474090585266822e-07 float_slot_score=1.4222739657895211e+35
[INFO] [1788891930.868652070] [GADEN]: Legacy V1 coordinate format=NATIVE_DOUBLE double_score=5.474090585266822e-07 float_slot_score=1.4222739657895211e+35
[INFO] [1788891931.049450247] [GADEN]: Legacy V1 coordinate format=NATIVE_DOUBLE double_score=5.474090585266822e-07 float_slot_score=1.4222739657895211e+35
[INFO] [1788891931.248273891] [GADEN]: Legacy V1 coordinate format=NATIVE_DOUBLE double_score=5.474090585266822e-07 float_slot_score=1.4222739657895211e+35
[INFO] [1788891931.448588237] [GADEN]: Legacy V1 coordinate format=NATIVE_DOUBLE double_score=5.474090585266822e-07 float_slot_score=1.4222739657895211e+35
[INFO] [1788891931.648639953] [GADEN]: Legacy V1 coordinate format=NATIVE_DOUBLE double_score=5.474090585266822e-07 float_slot_score=1.4222739657895211e+35
[INFO] [1788891931.867133216] [GADEN]: Legacy V1 coordinate format=NATIVE_DOUBLE double_score=5.474090585266822e-07 float_slot_score=1.4222739657895211e+35
[INFO] [1788891932.048455910] [GADEN]: Legacy V1 coordinate format=NATIVE_DOUBLE double_score=5.474090585266822e-07 float_slot_score=1.4222739657895211e+35
[INFO] [1788891932.248439770] [GADEN]: Legacy V1 coordinate format=NATIVE_DOUBLE double_score=5.474090585266822e-07 float_slot_score=1.4222739657895211e+35
[INFO] [1788891932.448742785] [GADEN]: Legacy V1 coordinate format=NATIVE_DOUBLE double_score=5.474090585266822e-07 float_slot_score=1.4222739657895211e+35
[INFO] [1788891932.648131462] [GADEN]: Legacy V1 coordinate format=NATIVE_DOUBLE double_score=5.474090585266822e-07 float_slot_score=1.4222739657895211e+35
[INFO] [1788891932.882546207] [GADEN]: Legacy V1 coordinate format=NATIVE_DOUBLE double_score=5.474090585266822e-07 float_slot_score=1.4222739657895211e+35
[INFO] [1788891933.048424753] [GADEN]: Legacy V1 coordinate format=NATIVE_DOUBLE double_score=5.474090585266822e-07 float_slot_score=1.4222739657895211e+35
[INFO] [1788891933.250830132] [GADEN]: Legacy V1 coordinate format=NATIVE_DOUBLE double_score=5.474090585266822e-07 float_slot_score=1.4222739657895211e+35
[INFO] [1788891933.448319525] [GADEN]: Legacy V1 coordinate format=NATIVE_DOUBLE double_score=5.474090585266822e-07 float_slot_score=1.4222739657895211e+35
[INFO] [1788891933.648131865] [GADEN]: Legacy V1 coordinate format=NATIVE_DOUBLE double_score=5.474090585266822e-07 float_slot_score=1.4222739657895211e+35
[INFO] [1788891933.878395243] [GADEN]: Legacy V1 coordinate format=NATIVE_DOUBLE double_score=5.474090585266822e-07 float_slot_score=1.4222739657895211e+35
[INFO] [1788891934.051952174] [GADEN]: Legacy V1 coordinate format=NATIVE_DOUBLE double_score=5.474090585266822e-07 float_slot_score=1.4222739657895211e+35
[INFO] [1788891934.248505966] [GADEN]: Legacy V1 coordinate format=NATIVE_DOUBLE double_score=5.474090585266822e-07 float_slot_score=1.4222739657895211e+35
[INFO] [1788891934.448092061] [GADEN]: Legacy V1 coordinate format=NATIVE_DOUBLE double_score=5.474090585266822e-07 float_slot_score=1.4222739657895211e+35
[INFO] [1788891934.648405256] [GADEN]: Legacy V1 coordinate format=NATIVE_DOUBLE double_score=5.474090585266822e-07 float_slot_score=1.4222739657895211e+35
[INFO] [1788891934.866545509] [GADEN]: Legacy V1 coordinate format=NATIVE_DOUBLE double_score=5.474090585266822e-07 float_slot_score=1.4222739657895211e+35
[INFO] [1788891935.046666844] [GADEN]: Legacy V1 coordinate format=NATIVE_DOUBLE double_score=5.474090585266822e-07 float_slot_score=1.4222739657895211e+35
[INFO] [1788891935.248337035] [GADEN]: Legacy V1 coordinate format=NATIVE_DOUBLE double_score=5.474090585266822e-07 float_slot_score=1.4222739657895211e+35
[INFO] [1788891935.449666373] [GADEN]: Legacy V1 coordinate format=NATIVE_DOUBLE double_score=5.474090585266822e-07 float_slot_score=1.4222739657895211e+35
[INFO] [1788891935.647224812] [GADEN]: Legacy V1 coordinate format=NATIVE_DOUBLE double_score=5.474090585266822e-07 float_slot_score=1.4222739657895211e+35
[INFO] [1788891935.868325381] [GADEN]: Legacy V1 coordinate format=NATIVE_DOUBLE double_score=5.474090585266822e-07 float_slot_score=1.4222739657895211e+35
[INFO] [1788891936.048311636] [GADEN]: Legacy V1 coordinate format=NATIVE_DOUBLE double_score=5.474090585266822e-07 float_slot_score=1.4222739657895211e+35
[INFO] [1788891936.250321326] [GADEN]: Legacy V1 coordinate format=NATIVE_DOUBLE double_score=5.474090585266822e-07 float_slot_score=1.4222739657895211e+35
[INFO] [1788891936.449678742] [GADEN]: Legacy V1 coordinate format=NATIVE_DOUBLE double_score=5.474090585266822e-07 float_slot_score=1.4222739657895211e+35
[INFO] [1788891936.649756065] [GADEN]: Legacy V1 coordinate format=NATIVE_DOUBLE double_score=5.474090585266822e-07 float_slot_score=1.4222739657895211e+35
[INFO] [1788891936.868161995] [GADEN]: Legacy V1 coordinate format=NATIVE_DOUBLE double_score=5.474090585266822e-07 float_slot_score=1.4222739657895211e+35
[INFO] [1788891937.048245681] [GADEN]: Legacy V1 coordinate format=NATIVE_DOUBLE double_score=5.474090585266822e-07 float_slot_score=1.4222739657895211e+35
[INFO] [1788891937.256990421] [GADEN]: Legacy V1 coordinate format=NATIVE_DOUBLE double_score=5.474090585266822e-07 float_slot_score=1.4222739657895211e+35
[INFO] [1788891937.448701597] [GADEN]: Legacy V1 coordinate format=NATIVE_DOUBLE double_score=5.474090585266822e-07 float_slot_score=1.4222739657895211e+35
[INFO] [1788891937.648339320] [GADEN]: Legacy V1 coordinate format=NATIVE_DOUBLE double_score=5.474090585266822e-07 float_slot_score=1.4222739657895211e+35
[INFO] [1788891937.878366927] [GADEN]: Legacy V1 coordinate format=NATIVE_DOUBLE double_score=5.474090585266822e-07 float_slot_score=1.4222739657895211e+35
[INFO] [1788891938.047357640] [GADEN]: Legacy V1 coordinate format=NATIVE_DOUBLE double_score=5.474090585266822e-07 float_slot_score=1.4222739657895211e+35
[INFO] [1788891938.249697587] [GADEN]: Legacy V1 coordinate format=NATIVE_DOUBLE double_score=5.474090585266822e-07 float_slot_score=1.4222739657895211e+35
[INFO] [1788891938.450255897] [GADEN]: Legacy V1 coordinate format=NATIVE_DOUBLE double_score=5.474090585266822e-07 float_slot_score=1.4222739657895211e+35
[INFO] [1788891938.648384469] [GADEN]: Legacy V1 coordinate format=NATIVE_DOUBLE double_score=5.474090585266822e-07 float_slot_score=1.4222739657895211e+35
[INFO] [1788891938.868233963] [GADEN]: Legacy V1 coordinate format=NATIVE_DOUBLE double_score=5.474090585266822e-07 float_slot_score=1.4222739657895211e+35
[INFO] [1788891939.050486720] [GADEN]: Legacy V1 coordinate format=NATIVE_DOUBLE double_score=5.474090585266822e-07 float_slot_score=1.4222739657895211e+35
[INFO] [1788891939.248672592] [GADEN]: Legacy V1 coordinate format=NATIVE_DOUBLE double_score=5.474090585266822e-07 float_slot_score=1.4222739657895211e+35
[INFO] [1788891939.448105590] [GADEN]: Legacy V1 coordinate format=NATIVE_DOUBLE double_score=5.474090585266822e-07 float_slot_score=1.4222739657895211e+35
[INFO] [1788891939.647228146] [GADEN]: Legacy V1 coordinate format=NATIVE_DOUBLE double_score=5.474090585266822e-07 float_slot_score=1.4222739657895211e+35
[INFO] [1788891939.867420087] [GADEN]: Legacy V1 coordinate format=NATIVE_DOUBLE double_score=5.474090585266822e-07 float_slot_score=1.4222739657895211e+35
[INFO] [1788891940.047424432] [GADEN]: Legacy V1 coordinate format=NATIVE_DOUBLE double_score=5.474090585266822e-07 float_slot_score=1.4222739657895211e+35
[INFO] [1788891940.248391894] [GADEN]: Legacy V1 coordinate format=NATIVE_DOUBLE double_score=5.474090585266822e-07 float_slot_score=1.4222739657895211e+35
[INFO] [1788891940.447830600] [GADEN]: Legacy V1 coordinate format=NATIVE_DOUBLE double_score=5.474090585266822e-07 float_slot_score=1.4222739657895211e+35
[INFO] [1788891940.648953224] [GADEN]: Legacy V1 coordinate format=NATIVE_DOUBLE double_score=5.474090585266822e-07 float_slot_score=1.4222739657895211e+35
[INFO] [1788891940.879510046] [GADEN]: Legacy V1 coordinate format=NATIVE_DOUBLE double_score=5.474090585266822e-07 float_slot_score=1.4222739657895211e+35
[INFO] [1788891941.049385580] [GADEN]: Legacy V1 coordinate format=NATIVE_DOUBLE double_score=5.474090585266822e-07 float_slot_score=1.4222739657895211e+35
[INFO] [1788891941.248605042] [GADEN]: Legacy V1 coordinate format=NATIVE_DOUBLE double_score=5.474090585266822e-07 float_slot_score=1.4222739657895211e+35
[INFO] [1788891941.449572728] [GADEN]: Legacy V1 coordinate format=NATIVE_DOUBLE double_score=5.474090585266822e-07 float_slot_score=1.4222739657895211e+35
[INFO] [1788891941.648359079] [GADEN]: Legacy V1 coordinate format=NATIVE_DOUBLE double_score=5.474090585266822e-07 float_slot_score=1.4222739657895211e+35
[INFO] [1788891941.868326944] [GADEN]: Legacy V1 coordinate format=NATIVE_DOUBLE double_score=5.474090585266822e-07 float_slot_score=1.4222739657895211e+35
[INFO] [1788891942.047985600] [GADEN]: Legacy V1 coordinate format=NATIVE_DOUBLE double_score=5.474090585266822e-07 float_slot_score=1.4222739657895211e+35
[INFO] [1788891942.247576814] [GADEN]: Legacy V1 coordinate format=NATIVE_DOUBLE double_score=5.474090585266822e-07 float_slot_score=1.4222739657895211e+35
[INFO] [1788891942.447391945] [GADEN]: Legacy V1 coordinate format=NATIVE_DOUBLE double_score=5.474090585266822e-07 float_slot_score=1.4222739657895211e+35
[INFO] [1788891942.648504475] [GADEN]: Legacy V1 coordinate format=NATIVE_DOUBLE double_score=5.474090585266822e-07 float_slot_score=1.4222739657895211e+35
[INFO] [1788891942.880981307] [GADEN]: Legacy V1 coordinate format=NATIVE_DOUBLE double_score=5.474090585266822e-07 float_slot_score=1.4222739657895211e+35
[INFO] [1788891943.048461705] [GADEN]: Legacy V1 coordinate format=NATIVE_DOUBLE double_score=5.474090585266822e-07 float_slot_score=1.4222739657895211e+35
[INFO] [1788891943.249071494] [GADEN]: Legacy V1 coordinate format=NATIVE_DOUBLE double_score=5.474090585266822e-07 float_slot_score=1.4222739657895211e+35
[INFO] [1788891943.449061180] [GADEN]: Legacy V1 coordinate format=NATIVE_DOUBLE double_score=5.474090585266822e-07 float_slot_score=1.4222739657895211e+35
[INFO] [1788891943.651408155] [GADEN]: Legacy V1 coordinate format=NATIVE_DOUBLE double_score=5.474090585266822e-07 float_slot_score=1.4222739657895211e+35
[INFO] [1788891943.878455299] [GADEN]: Legacy V1 coordinate format=NATIVE_DOUBLE double_score=5.474090585266822e-07 float_slot_score=1.4222739657895211e+35
[INFO] [1788891944.052645920] [GADEN]: Legacy V1 coordinate format=NATIVE_DOUBLE double_score=5.474090585266822e-07 float_slot_score=1.4222739657895211e+35
[INFO] [1788891944.248121719] [GADEN]: Legacy V1 coordinate format=NATIVE_DOUBLE double_score=5.474090585266822e-07 float_slot_score=1.4222739657895211e+35
[INFO] [1788891944.448999704] [GADEN]: Legacy V1 coordinate format=NATIVE_DOUBLE double_score=5.474090585266822e-07 float_slot_score=1.4222739657895211e+35
[INFO] [1788891944.649695856] [GADEN]: Legacy V1 coordinate format=NATIVE_DOUBLE double_score=5.474090585266822e-07 float_slot_score=1.4222739657895211e+35
[INFO] [1788891944.867243081] [GADEN]: Legacy V1 coordinate format=NATIVE_DOUBLE double_score=5.474090585266822e-07 float_slot_score=1.4222739657895211e+35
[INFO] [1788891945.049371211] [GADEN]: Legacy V1 coordinate format=NATIVE_DOUBLE double_score=5.474090585266822e-07 float_slot_score=1.4222739657895211e+35
[INFO] [1788891945.249762854] [GADEN]: Legacy V1 coordinate format=NATIVE_DOUBLE double_score=5.474090585266822e-07 float_slot_score=1.4222739657895211e+35
[INFO] [1788891945.447647994] [GADEN]: Legacy V1 coordinate format=NATIVE_DOUBLE double_score=5.474090585266822e-07 float_slot_score=1.4222739657895211e+35
[INFO] [1788891945.647572494] [GADEN]: Legacy V1 coordinate format=NATIVE_DOUBLE double_score=5.474090585266822e-07 float_slot_score=1.4222739657895211e+35
[INFO] [1788891945.867784082] [GADEN]: Legacy V1 coordinate format=NATIVE_DOUBLE double_score=5.474090585266822e-07 float_slot_score=1.4222739657895211e+35
[INFO] [1788891946.048449886] [GADEN]: Legacy V1 coordinate format=NATIVE_DOUBLE double_score=5.474090585266822e-07 float_slot_score=1.4222739657895211e+35
[INFO] [1788891946.247308305] [GADEN]: Legacy V1 coordinate format=NATIVE_DOUBLE double_score=5.474090585266822e-07 float_slot_score=1.4222739657895211e+35
[INFO] [1788891946.451800997] [GADEN]: Legacy V1 coordinate format=NATIVE_DOUBLE double_score=5.474090585266822e-07 float_slot_score=1.4222739657895211e+35
[INFO] [1788891946.650023097] [GADEN]: Legacy V1 coordinate format=NATIVE_DOUBLE double_score=5.474090585266822e-07 float_slot_score=1.4222739657895211e+35
[INFO] [1788891946.867188494] [GADEN]: Legacy V1 coordinate format=NATIVE_DOUBLE double_score=5.474090585266822e-07 float_slot_score=1.4222739657895211e+35
[INFO] [1788891947.048032275] [GADEN]: Legacy V1 coordinate format=NATIVE_DOUBLE double_score=5.474090585266822e-07 float_slot_score=1.4222739657895211e+35
[INFO] [1788891947.248777921] [GADEN]: Legacy V1 coordinate format=NATIVE_DOUBLE double_score=5.474090585266822e-07 float_slot_score=1.4222739657895211e+35
[INFO] [1788891947.448445938] [GADEN]: Legacy V1 coordinate format=NATIVE_DOUBLE double_score=5.474090585266822e-07 float_slot_score=1.4222739657895211e+35
[INFO] [1788891947.649280685] [GADEN]: Legacy V1 coordinate format=NATIVE_DOUBLE double_score=5.474090585266822e-07 float_slot_score=1.4222739657895211e+35
[INFO] [1788891947.868648610] [GADEN]: Legacy V1 coordinate format=NATIVE_DOUBLE double_score=5.474090585266822e-07 float_slot_score=1.4222739657895211e+35
[INFO] [1788891948.050590336] [GADEN]: Legacy V1 coordinate format=NATIVE_DOUBLE double_score=5.474090585266822e-07 float_slot_score=1.4222739657895211e+35
[INFO] [1788891948.251347567] [GADEN]: Legacy V1 coordinate format=NATIVE_DOUBLE double_score=5.474090585266822e-07 float_slot_score=1.4222739657895211e+35
[INFO] [1788891948.449316374] [GADEN]: Legacy V1 coordinate format=NATIVE_DOUBLE double_score=5.474090585266822e-07 float_slot_score=1.4222739657895211e+35
[INFO] [1788891948.650246403] [GADEN]: Legacy V1 coordinate format=NATIVE_DOUBLE double_score=5.474090585266822e-07 float_slot_score=1.4222739657895211e+35
[INFO] [1788891948.868490638] [GADEN]: Legacy V1 coordinate format=NATIVE_DOUBLE double_score=5.474090585266822e-07 float_slot_score=1.4222739657895211e+35
[INFO] [1788891949.048138511] [GADEN]: Legacy V1 coordinate format=NATIVE_DOUBLE double_score=5.474090585266822e-07 float_slot_score=1.4222739657895211e+35
[INFO] [1788891949.251188506] [GADEN]: Legacy V1 coordinate format=NATIVE_DOUBLE double_score=5.474090585266822e-07 float_slot_score=1.4222739657895211e+35
[INFO] [1788891949.448329849] [GADEN]: Legacy V1 coordinate format=NATIVE_DOUBLE double_score=5.474090585266822e-07 float_slot_score=1.4222739657895211e+35
[INFO] [1788891949.646996401] [GADEN]: Legacy V1 coordinate format=NATIVE_DOUBLE double_score=5.474090585266822e-07 float_slot_score=1.4222739657895211e+35
[INFO] [1788891949.867431960] [GADEN]: Legacy V1 coordinate format=NATIVE_DOUBLE double_score=5.474090585266822e-07 float_slot_score=1.4222739657895211e+35
[INFO] [1788891950.047185558] [GADEN]: Legacy V1 coordinate format=NATIVE_DOUBLE double_score=5.474090585266822e-07 float_slot_score=1.4222739657895211e+35
[INFO] [1788891950.247697168] [GADEN]: Legacy V1 coordinate format=NATIVE_DOUBLE double_score=5.474090585266822e-07 float_slot_score=1.4222739657895211e+35
[INFO] [1788891950.447810451] [GADEN]: Legacy V1 coordinate format=NATIVE_DOUBLE double_score=5.474090585266822e-07 float_slot_score=1.4222739657895211e+35
[INFO] [1788891950.648162506] [GADEN]: Legacy V1 coordinate format=NATIVE_DOUBLE double_score=5.474090585266822e-07 float_slot_score=1.4222739657895211e+35
[INFO] [1788891950.867423889] [GADEN]: Legacy V1 coordinate format=NATIVE_DOUBLE double_score=5.474090585266822e-07 float_slot_score=1.4222739657895211e+35
[INFO] [1788891951.048476297] [GADEN]: Legacy V1 coordinate format=NATIVE_DOUBLE double_score=5.474090585266822e-07 float_slot_score=1.4222739657895211e+35
[INFO] [1788891951.249119276] [GADEN]: Legacy V1 coordinate format=NATIVE_DOUBLE double_score=5.474090585266822e-07 float_slot_score=1.4222739657895211e+35
[INFO] [1788891951.450280594] [GADEN]: Legacy V1 coordinate format=NATIVE_DOUBLE double_score=5.474090585266822e-07 float_slot_score=1.4222739657895211e+35
[INFO] [1788891951.648728541] [GADEN]: Legacy V1 coordinate format=NATIVE_DOUBLE double_score=5.474090585266822e-07 float_slot_score=1.4222739657895211e+35
[INFO] [1788891951.867950632] [GADEN]: Legacy V1 coordinate format=NATIVE_DOUBLE double_score=5.474090585266822e-07 float_slot_score=1.4222739657895211e+35
[INFO] [1788891952.049115182] [GADEN]: Legacy V1 coordinate format=NATIVE_DOUBLE double_score=5.474090585266822e-07 float_slot_score=1.4222739657895211e+35
[INFO] [1788891952.248047428] [GADEN]: Legacy V1 coordinate format=NATIVE_DOUBLE double_score=5.474090585266822e-07 float_slot_score=1.4222739657895211e+35
[INFO] [1788891952.448382502] [GADEN]: Legacy V1 coordinate format=NATIVE_DOUBLE double_score=5.474090585266822e-07 float_slot_score=1.4222739657895211e+35
[INFO] [1788891952.648852070] [GADEN]: Legacy V1 coordinate format=NATIVE_DOUBLE double_score=5.474090585266822e-07 float_slot_score=1.4222739657895211e+35
[INFO] [1788891952.869084735] [GADEN]: Legacy V1 coordinate format=NATIVE_DOUBLE double_score=5.474090585266822e-07 float_slot_score=1.4222739657895211e+35
[INFO] [1788891953.047809459] [GADEN]: Legacy V1 coordinate format=NATIVE_DOUBLE double_score=5.474090585266822e-07 float_slot_score=1.4222739657895211e+35
[INFO] [1788891953.249579519] [GADEN]: Legacy V1 coordinate format=NATIVE_DOUBLE double_score=5.474090585266822e-07 float_slot_score=1.4222739657895211e+35
[INFO] [1788891953.448311359] [GADEN]: Legacy V1 coordinate format=NATIVE_DOUBLE double_score=5.474090585266822e-07 float_slot_score=1.4222739657895211e+35
[INFO] [1788891953.651522188] [GADEN]: Legacy V1 coordinate format=NATIVE_DOUBLE double_score=5.474090585266822e-07 float_slot_score=1.4222739657895211e+35
[INFO] [1788891953.878568993] [GADEN]: Legacy V1 coordinate format=NATIVE_DOUBLE double_score=5.474090585266822e-07 float_slot_score=1.4222739657895211e+35
[INFO] [1788891954.048985525] [GADEN]: Legacy V1 coordinate format=NATIVE_DOUBLE double_score=5.474090585266822e-07 float_slot_score=1.4222739657895211e+35
[INFO] [1788891954.255043661] [GADEN]: Legacy V1 coordinate format=NATIVE_DOUBLE double_score=5.474090585266822e-07 float_slot_score=1.4222739657895211e+35
[INFO] [1788891954.449739722] [GADEN]: Legacy V1 coordinate format=NATIVE_DOUBLE double_score=5.474090585266822e-07 float_slot_score=1.4222739657895211e+35
[INFO] [1788891954.650663876] [GADEN]: Legacy V1 coordinate format=NATIVE_DOUBLE double_score=5.474090585266822e-07 float_slot_score=1.4222739657895211e+35
[INFO] [1788891954.868720018] [GADEN]: Legacy V1 coordinate format=NATIVE_DOUBLE double_score=5.474090585266822e-07 float_slot_score=1.4222739657895211e+35
[INFO] [1788891955.048244944] [GADEN]: Legacy V1 coordinate format=NATIVE_DOUBLE double_score=5.474090585266822e-07 float_slot_score=1.4222739657895211e+35
[INFO] [1788891955.254503299] [GADEN]: Legacy V1 coordinate format=NATIVE_DOUBLE double_score=5.474090585266822e-07 float_slot_score=1.4222739657895211e+35
[INFO] [1788891955.449192887] [GADEN]: Legacy V1 coordinate format=NATIVE_DOUBLE double_score=5.474090585266822e-07 float_slot_score=1.4222739657895211e+35
[INFO] [1788891955.648144127] [GADEN]: Legacy V1 coordinate format=NATIVE_DOUBLE double_score=5.474090585266822e-07 float_slot_score=1.4222739657895211e+35
[INFO] [1788891955.868431585] [GADEN]: Legacy V1 coordinate format=NATIVE_DOUBLE double_score=5.474090585266822e-07 float_slot_score=1.4222739657895211e+35
[INFO] [1788891956.050325177] [GADEN]: Legacy V1 coordinate format=NATIVE_DOUBLE double_score=5.474090585266822e-07 float_slot_score=1.4222739657895211e+35
[INFO] [1788891956.249831841] [GADEN]: Legacy V1 coordinate format=NATIVE_DOUBLE double_score=5.474090585266822e-07 float_slot_score=1.4222739657895211e+35
[INFO] [1788891956.448550379] [GADEN]: Legacy V1 coordinate format=NATIVE_DOUBLE double_score=5.474090585266822e-07 float_slot_score=1.4222739657895211e+35
[INFO] [1788891956.650281282] [GADEN]: Legacy V1 coordinate format=NATIVE_DOUBLE double_score=5.474090585266822e-07 float_slot_score=1.4222739657895211e+35
[INFO] [1788891956.869488735] [GADEN]: Legacy V1 coordinate format=NATIVE_DOUBLE double_score=5.474090585266822e-07 float_slot_score=1.4222739657895211e+35
[INFO] [1788891957.048991452] [GADEN]: Legacy V1 coordinate format=NATIVE_DOUBLE double_score=5.474090585266822e-07 float_slot_score=1.4222739657895211e+35
[INFO] [1788891957.250298084] [GADEN]: Legacy V1 coordinate format=NATIVE_DOUBLE double_score=5.474090585266822e-07 float_slot_score=1.4222739657895211e+35
[INFO] [1788891957.448892897] [GADEN]: Legacy V1 coordinate format=NATIVE_DOUBLE double_score=5.474090585266822e-07 float_slot_score=1.4222739657895211e+35
[INFO] [1788891957.652229226] [GADEN]: Legacy V1 coordinate format=NATIVE_DOUBLE double_score=5.474090585266822e-07 float_slot_score=1.4222739657895211e+35
[INFO] [1788891957.868996011] [GADEN]: Legacy V1 coordinate format=NATIVE_DOUBLE double_score=5.474090585266822e-07 float_slot_score=1.4222739657895211e+35
[INFO] [1788891958.053077967] [GADEN]: Legacy V1 coordinate format=NATIVE_DOUBLE double_score=5.474090585266822e-07 float_slot_score=1.4222739657895211e+35
[INFO] [1788891958.251254729] [GADEN]: Legacy V1 coordinate format=NATIVE_DOUBLE double_score=5.474090585266822e-07 float_slot_score=1.4222739657895211e+35
[INFO] [1788891958.450570085] [GADEN]: Legacy V1 coordinate format=NATIVE_DOUBLE double_score=5.474090585266822e-07 float_slot_score=1.4222739657895211e+35
[INFO] [1788891958.648276728] [GADEN]: Legacy V1 coordinate format=NATIVE_DOUBLE double_score=5.474090585266822e-07 float_slot_score=1.4222739657895211e+35
[INFO] [1788891958.869544362] [GADEN]: Legacy V1 coordinate format=NATIVE_DOUBLE double_score=5.474090585266822e-07 float_slot_score=1.4222739657895211e+35
[INFO] [1788891959.047331528] [GADEN]: Legacy V1 coordinate format=NATIVE_DOUBLE double_score=5.474090585266822e-07 float_slot_score=1.4222739657895211e+35
[INFO] [1788891959.247052438] [GADEN]: Legacy V1 coordinate format=NATIVE_DOUBLE double_score=5.474090585266822e-07 float_slot_score=1.4222739657895211e+35
[INFO] [1788891959.448331426] [GADEN]: Legacy V1 coordinate format=NATIVE_DOUBLE double_score=5.474090585266822e-07 float_slot_score=1.4222739657895211e+35
[INFO] [1788891959.651028758] [GADEN]: Legacy V1 coordinate format=NATIVE_DOUBLE double_score=5.474090585266822e-07 float_slot_score=1.4222739657895211e+35
[INFO] [1788891959.870245889] [GADEN]: Legacy V1 coordinate format=NATIVE_DOUBLE double_score=5.474090585266822e-07 float_slot_score=1.4222739657895211e+35
[INFO] [1788891960.050297966] [GADEN]: Legacy V1 coordinate format=NATIVE_DOUBLE double_score=5.474090585266822e-07 float_slot_score=1.4222739657895211e+35
[INFO] [1788891960.251528933] [GADEN]: Legacy V1 coordinate format=NATIVE_DOUBLE double_score=5.474090585266822e-07 float_slot_score=1.4222739657895211e+35
[INFO] [1788891960.448366383] [GADEN]: Legacy V1 coordinate format=NATIVE_DOUBLE double_score=5.474090585266822e-07 float_slot_score=1.4222739657895211e+35
[INFO] [1788891960.647757478] [GADEN]: Legacy V1 coordinate format=NATIVE_DOUBLE double_score=5.474090585266822e-07 float_slot_score=1.4222739657895211e+35
[INFO] [1788891960.868649067] [GADEN]: Legacy V1 coordinate format=NATIVE_DOUBLE double_score=5.474090585266822e-07 float_slot_score=1.4222739657895211e+35
[INFO] [1788891961.050478312] [GADEN]: Legacy V1 coordinate format=NATIVE_DOUBLE double_score=5.474090585266822e-07 float_slot_score=1.4222739657895211e+35
[INFO] [1788891961.248255880] [GADEN]: Legacy V1 coordinate format=NATIVE_DOUBLE double_score=5.474090585266822e-07 float_slot_score=1.4222739657895211e+35
[INFO] [1788891961.449812730] [GADEN]: Legacy V1 coordinate format=NATIVE_DOUBLE double_score=5.474090585266822e-07 float_slot_score=1.4222739657895211e+35
[INFO] [1788891961.649475647] [GADEN]: Legacy V1 coordinate format=NATIVE_DOUBLE double_score=5.474090585266822e-07 float_slot_score=1.4222739657895211e+35
[INFO] [1788891961.868638117] [GADEN]: Legacy V1 coordinate format=NATIVE_DOUBLE double_score=5.474090585266822e-07 float_slot_score=1.4222739657895211e+35
[INFO] [1788891962.048995148] [GADEN]: Legacy V1 coordinate format=NATIVE_DOUBLE double_score=5.474090585266822e-07 float_slot_score=1.4222739657895211e+35
[INFO] [1788891962.250107236] [GADEN]: Legacy V1 coordinate format=NATIVE_DOUBLE double_score=5.474090585266822e-07 float_slot_score=1.4222739657895211e+35
[INFO] [1788891962.448431607] [GADEN]: Legacy V1 coordinate format=NATIVE_DOUBLE double_score=5.474090585266822e-07 float_slot_score=1.4222739657895211e+35
[INFO] [1788891962.650220599] [GADEN]: Legacy V1 coordinate format=NATIVE_DOUBLE double_score=5.474090585266822e-07 float_slot_score=1.4222739657895211e+35
[INFO] [1788891962.868780163] [GADEN]: Legacy V1 coordinate format=NATIVE_DOUBLE double_score=5.474090585266822e-07 float_slot_score=1.4222739657895211e+35
[INFO] [1788891963.048753891] [GADEN]: Legacy V1 coordinate format=NATIVE_DOUBLE double_score=5.474090585266822e-07 float_slot_score=1.4222739657895211e+35
[INFO] [1788891963.248633960] [GADEN]: Legacy V1 coordinate format=NATIVE_DOUBLE double_score=5.474090585266822e-07 float_slot_score=1.4222739657895211e+35
[INFO] [1788891963.451818813] [GADEN]: Legacy V1 coordinate format=NATIVE_DOUBLE double_score=5.474090585266822e-07 float_slot_score=1.4222739657895211e+35
[INFO] [1788891963.649936821] [GADEN]: Legacy V1 coordinate format=NATIVE_DOUBLE double_score=5.474090585266822e-07 float_slot_score=1.4222739657895211e+35
[INFO] [1788891963.868917793] [GADEN]: Legacy V1 coordinate format=NATIVE_DOUBLE double_score=5.474090585266822e-07 float_slot_score=1.4222739657895211e+35
[INFO] [1788891964.051026387] [GADEN]: Legacy V1 coordinate format=NATIVE_DOUBLE double_score=5.474090585266822e-07 float_slot_score=1.4222739657895211e+35
[INFO] [1788891964.251521113] [GADEN]: Legacy V1 coordinate format=NATIVE_DOUBLE double_score=5.474090585266822e-07 float_slot_score=1.4222739657895211e+35
[INFO] [1788891964.449226909] [GADEN]: Legacy V1 coordinate format=NATIVE_DOUBLE double_score=5.474090585266822e-07 float_slot_score=1.4222739657895211e+35
[INFO] [1788891964.650071091] [GADEN]: Legacy V1 coordinate format=NATIVE_DOUBLE double_score=5.474090585266822e-07 float_slot_score=1.4222739657895211e+35
[INFO] [1788891964.882430852] [GADEN]: Legacy V1 coordinate format=NATIVE_DOUBLE double_score=5.474090585266822e-07 float_slot_score=1.4222739657895211e+35
[INFO] [1788891965.048902168] [GADEN]: Legacy V1 coordinate format=NATIVE_DOUBLE double_score=5.474090585266822e-07 float_slot_score=1.4222739657895211e+35
[INFO] [1788891965.248851041] [GADEN]: Legacy V1 coordinate format=NATIVE_DOUBLE double_score=5.474090585266822e-07 float_slot_score=1.4222739657895211e+35
[INFO] [1788891965.448934913] [GADEN]: Legacy V1 coordinate format=NATIVE_DOUBLE double_score=5.474090585266822e-07 float_slot_score=1.4222739657895211e+35
[INFO] [1788891965.648104145] [GADEN]: Legacy V1 coordinate format=NATIVE_DOUBLE double_score=5.474090585266822e-07 float_slot_score=1.4222739657895211e+35
[INFO] [1788891965.869604142] [GADEN]: Legacy V1 coordinate format=NATIVE_DOUBLE double_score=5.474090585266822e-07 float_slot_score=1.4222739657895211e+35
[INFO] [1788891966.049755532] [GADEN]: Legacy V1 coordinate format=NATIVE_DOUBLE double_score=5.474090585266822e-07 float_slot_score=1.4222739657895211e+35
[INFO] [1788891966.249103636] [GADEN]: Legacy V1 coordinate format=NATIVE_DOUBLE double_score=5.474090585266822e-07 float_slot_score=1.4222739657895211e+35
[INFO] [1788891966.448990049] [GADEN]: Legacy V1 coordinate format=NATIVE_DOUBLE double_score=5.474090585266822e-07 float_slot_score=1.4222739657895211e+35
[INFO] [1788891966.649987203] [GADEN]: Legacy V1 coordinate format=NATIVE_DOUBLE double_score=5.474090585266822e-07 float_slot_score=1.4222739657895211e+35
[INFO] [1788891966.868703716] [GADEN]: Legacy V1 coordinate format=NATIVE_DOUBLE double_score=5.474090585266822e-07 float_slot_score=1.4222739657895211e+35
[INFO] [1788891967.050746814] [GADEN]: Legacy V1 coordinate format=NATIVE_DOUBLE double_score=5.474090585266822e-07 float_slot_score=1.4222739657895211e+35
[INFO] [1788891967.249325521] [GADEN]: Legacy V1 coordinate format=NATIVE_DOUBLE double_score=5.474090585266822e-07 float_slot_score=1.4222739657895211e+35
[INFO] [1788891967.449951003] [GADEN]: Legacy V1 coordinate format=NATIVE_DOUBLE double_score=5.474090585266822e-07 float_slot_score=1.4222739657895211e+35
[INFO] [1788891967.647180110] [GADEN]: Legacy V1 coordinate format=NATIVE_DOUBLE double_score=5.474090585266822e-07 float_slot_score=1.4222739657895211e+35
[INFO] [1788891967.867453357] [GADEN]: Legacy V1 coordinate format=NATIVE_DOUBLE double_score=5.474090585266822e-07 float_slot_score=1.4222739657895211e+35
[INFO] [1788891968.047883918] [GADEN]: Legacy V1 coordinate format=NATIVE_DOUBLE double_score=5.474090585266822e-07 float_slot_score=1.4222739657895211e+35
[INFO] [1788891968.250068314] [GADEN]: Legacy V1 coordinate format=NATIVE_DOUBLE double_score=5.474090585266822e-07 float_slot_score=1.4222739657895211e+35
[INFO] [1788891968.447317181] [GADEN]: Legacy V1 coordinate format=NATIVE_DOUBLE double_score=5.474090585266822e-07 float_slot_score=1.4222739657895211e+35
[INFO] [1788891968.647384585] [GADEN]: Legacy V1 coordinate format=NATIVE_DOUBLE double_score=5.474090585266822e-07 float_slot_score=1.4222739657895211e+35
[INFO] [1788891968.868170074] [GADEN]: Legacy V1 coordinate format=NATIVE_DOUBLE double_score=5.474090585266822e-07 float_slot_score=1.4222739657895211e+35
[INFO] [1788891969.048654924] [GADEN]: Legacy V1 coordinate format=NATIVE_DOUBLE double_score=5.474090585266822e-07 float_slot_score=1.4222739657895211e+35
[INFO] [1788891969.249245012] [GADEN]: Legacy V1 coordinate format=NATIVE_DOUBLE double_score=5.474090585266822e-07 float_slot_score=1.4222739657895211e+35
[INFO] [1788891969.452788441] [GADEN]: Legacy V1 coordinate format=NATIVE_DOUBLE double_score=5.474090585266822e-07 float_slot_score=1.4222739657895211e+35
[INFO] [1788891969.647409249] [GADEN]: Legacy V1 coordinate format=NATIVE_DOUBLE double_score=5.474090585266822e-07 float_slot_score=1.4222739657895211e+35
[INFO] [1788891969.868555720] [GADEN]: Legacy V1 coordinate format=NATIVE_DOUBLE double_score=5.474090585266822e-07 float_slot_score=1.4222739657895211e+35
[INFO] [1788891970.048923408] [GADEN]: Legacy V1 coordinate format=NATIVE_DOUBLE double_score=5.474090585266822e-07 float_slot_score=1.4222739657895211e+35
[INFO] [1788891970.248761844] [GADEN]: Legacy V1 coordinate format=NATIVE_DOUBLE double_score=5.474090585266822e-07 float_slot_score=1.4222739657895211e+35
[INFO] [1788891970.448304256] [GADEN]: Legacy V1 coordinate format=NATIVE_DOUBLE double_score=5.474090585266822e-07 float_slot_score=1.4222739657895211e+35
[INFO] [1788891970.649939769] [GADEN]: Legacy V1 coordinate format=NATIVE_DOUBLE double_score=5.474090585266822e-07 float_slot_score=1.4222739657895211e+35
[INFO] [1788891970.868745654] [GADEN]: Legacy V1 coordinate format=NATIVE_DOUBLE double_score=5.474090585266822e-07 float_slot_score=1.4222739657895211e+35
[INFO] [1788891971.048898752] [GADEN]: Legacy V1 coordinate format=NATIVE_DOUBLE double_score=5.474090585266822e-07 float_slot_score=1.4222739657895211e+35
[INFO] [1788891971.249243127] [GADEN]: Legacy V1 coordinate format=NATIVE_DOUBLE double_score=5.474090585266822e-07 float_slot_score=1.4222739657895211e+35
[INFO] [1788891971.448516615] [GADEN]: Legacy V1 coordinate format=NATIVE_DOUBLE double_score=5.474090585266822e-07 float_slot_score=1.4222739657895211e+35
[INFO] [1788891971.651823978] [GADEN]: Legacy V1 coordinate format=NATIVE_DOUBLE double_score=5.474090585266822e-07 float_slot_score=1.4222739657895211e+35
[INFO] [1788891971.868536673] [GADEN]: Legacy V1 coordinate format=NATIVE_DOUBLE double_score=5.474090585266822e-07 float_slot_score=1.4222739657895211e+35
[INFO] [1788891972.048285338] [GADEN]: Legacy V1 coordinate format=NATIVE_DOUBLE double_score=5.474090585266822e-07 float_slot_score=1.4222739657895211e+35
[INFO] [1788891972.248974191] [GADEN]: Legacy V1 coordinate format=NATIVE_DOUBLE double_score=5.474090585266822e-07 float_slot_score=1.4222739657895211e+35
[INFO] [1788891972.448468193] [GADEN]: Legacy V1 coordinate format=NATIVE_DOUBLE double_score=5.474090585266822e-07 float_slot_score=1.4222739657895211e+35
[INFO] [1788891972.648194054] [GADEN]: Legacy V1 coordinate format=NATIVE_DOUBLE double_score=5.474090585266822e-07 float_slot_score=1.4222739657895211e+35
[INFO] [1788891972.870402413] [GADEN]: Legacy V1 coordinate format=NATIVE_DOUBLE double_score=5.474090585266822e-07 float_slot_score=1.4222739657895211e+35
[INFO] [1788891973.048412784] [GADEN]: Legacy V1 coordinate format=NATIVE_DOUBLE double_score=5.474090585266822e-07 float_slot_score=1.4222739657895211e+35
[INFO] [1788891973.247592651] [GADEN]: Legacy V1 coordinate format=NATIVE_DOUBLE double_score=5.474090585266822e-07 float_slot_score=1.4222739657895211e+35
[INFO] [1788891973.447591382] [GADEN]: Legacy V1 coordinate format=NATIVE_DOUBLE double_score=5.474090585266822e-07 float_slot_score=1.4222739657895211e+35
[INFO] [1788891973.649409379] [GADEN]: Legacy V1 coordinate format=NATIVE_DOUBLE double_score=5.474090585266822e-07 float_slot_score=1.4222739657895211e+35
[INFO] [1788891973.869209870] [GADEN]: Legacy V1 coordinate format=NATIVE_DOUBLE double_score=5.474090585266822e-07 float_slot_score=1.4222739657895211e+35
[INFO] [1788891974.052317173] [GADEN]: Legacy V1 coordinate format=NATIVE_DOUBLE double_score=5.474090585266822e-07 float_slot_score=1.4222739657895211e+35
[INFO] [1788891974.247469558] [GADEN]: Legacy V1 coordinate format=NATIVE_DOUBLE double_score=5.474090585266822e-07 float_slot_score=1.4222739657895211e+35
[INFO] [1788891974.449600196] [GADEN]: Legacy V1 coordinate format=NATIVE_DOUBLE double_score=5.474090585266822e-07 float_slot_score=1.4222739657895211e+35
[INFO] [1788891974.649564683] [GADEN]: Legacy V1 coordinate format=NATIVE_DOUBLE double_score=5.474090585266822e-07 float_slot_score=1.4222739657895211e+35
[INFO] [1788891974.868200432] [GADEN]: Legacy V1 coordinate format=NATIVE_DOUBLE double_score=5.474090585266822e-07 float_slot_score=1.4222739657895211e+35
[INFO] [1788891975.048617721] [GADEN]: Legacy V1 coordinate format=NATIVE_DOUBLE double_score=5.474090585266822e-07 float_slot_score=1.4222739657895211e+35
[INFO] [1788891975.250384556] [GADEN]: Legacy V1 coordinate format=NATIVE_DOUBLE double_score=5.474090585266822e-07 float_slot_score=1.4222739657895211e+35
[INFO] [1788891975.449353721] [GADEN]: Legacy V1 coordinate format=NATIVE_DOUBLE double_score=5.474090585266822e-07 float_slot_score=1.4222739657895211e+35
[INFO] [1788891975.649311541] [GADEN]: Legacy V1 coordinate format=NATIVE_DOUBLE double_score=5.474090585266822e-07 float_slot_score=1.4222739657895211e+35
[INFO] [1788891975.868926722] [GADEN]: Legacy V1 coordinate format=NATIVE_DOUBLE double_score=5.474090585266822e-07 float_slot_score=1.4222739657895211e+35
[INFO] [1788891976.050192222] [GADEN]: Legacy V1 coordinate format=NATIVE_DOUBLE double_score=5.474090585266822e-07 float_slot_score=1.4222739657895211e+35
[INFO] [1788891976.250285957] [GADEN]: Legacy V1 coordinate format=NATIVE_DOUBLE double_score=5.474090585266822e-07 float_slot_score=1.4222739657895211e+35
[INFO] [1788891976.450362703] [GADEN]: Legacy V1 coordinate format=NATIVE_DOUBLE double_score=5.474090585266822e-07 float_slot_score=1.4222739657895211e+35
[INFO] [1788891976.649194020] [GADEN]: Legacy V1 coordinate format=NATIVE_DOUBLE double_score=5.474090585266822e-07 float_slot_score=1.4222739657895211e+35
[INFO] [1788891976.868206111] [GADEN]: Legacy V1 coordinate format=NATIVE_DOUBLE double_score=5.474090585266822e-07 float_slot_score=1.4222739657895211e+35
[INFO] [1788891977.050192518] [GADEN]: Legacy V1 coordinate format=NATIVE_DOUBLE double_score=5.474090585266822e-07 float_slot_score=1.4222739657895211e+35
[INFO] [1788891977.248057551] [GADEN]: Legacy V1 coordinate format=NATIVE_DOUBLE double_score=5.474090585266822e-07 float_slot_score=1.4222739657895211e+35
[INFO] [1788891977.449570389] [GADEN]: Legacy V1 coordinate format=NATIVE_DOUBLE double_score=5.474090585266822e-07 float_slot_score=1.4222739657895211e+35
[INFO] [1788891977.650165384] [GADEN]: Legacy V1 coordinate format=NATIVE_DOUBLE double_score=5.474090585266822e-07 float_slot_score=1.4222739657895211e+35
[INFO] [1788891977.878740656] [GADEN]: Legacy V1 coordinate format=NATIVE_DOUBLE double_score=5.474090585266822e-07 float_slot_score=1.4222739657895211e+35
[INFO] [1788891978.050737871] [GADEN]: Legacy V1 coordinate format=NATIVE_DOUBLE double_score=5.474090585266822e-07 float_slot_score=1.4222739657895211e+35
[INFO] [1788891978.249377872] [GADEN]: Legacy V1 coordinate format=NATIVE_DOUBLE double_score=5.474090585266822e-07 float_slot_score=1.4222739657895211e+35
[INFO] [1788891978.450483023] [GADEN]: Legacy V1 coordinate format=NATIVE_DOUBLE double_score=5.474090585266822e-07 float_slot_score=1.4222739657895211e+35
[INFO] [1788891978.653694159] [GADEN]: Legacy V1 coordinate format=NATIVE_DOUBLE double_score=5.474090585266822e-07 float_slot_score=1.4222739657895211e+35
[INFO] [1788891978.877980515] [GADEN]: Legacy V1 coordinate format=NATIVE_DOUBLE double_score=5.474090585266822e-07 float_slot_score=1.4222739657895211e+35
[INFO] [1788891979.051169438] [GADEN]: Legacy V1 coordinate format=NATIVE_DOUBLE double_score=5.474090585266822e-07 float_slot_score=1.4222739657895211e+35
[INFO] [1788891979.249440255] [GADEN]: Legacy V1 coordinate format=NATIVE_DOUBLE double_score=5.474090585266822e-07 float_slot_score=1.4222739657895211e+35
[INFO] [1788891979.447329286] [GADEN]: Legacy V1 coordinate format=NATIVE_DOUBLE double_score=5.474090585266822e-07 float_slot_score=1.4222739657895211e+35
[INFO] [1788891979.650326465] [GADEN]: Legacy V1 coordinate format=NATIVE_DOUBLE double_score=5.474090585266822e-07 float_slot_score=1.4222739657895211e+35
[INFO] [1788891979.872616368] [GADEN]: Legacy V1 coordinate format=NATIVE_DOUBLE double_score=5.474090585266822e-07 float_slot_score=1.4222739657895211e+35
[INFO] [1788891980.049462068] [GADEN]: Legacy V1 coordinate format=NATIVE_DOUBLE double_score=5.474090585266822e-07 float_slot_score=1.4222739657895211e+35
[INFO] [1788891980.249971715] [GADEN]: Legacy V1 coordinate format=NATIVE_DOUBLE double_score=5.474090585266822e-07 float_slot_score=1.4222739657895211e+35
[INFO] [1788891980.449599211] [GADEN]: Legacy V1 coordinate format=NATIVE_DOUBLE double_score=5.474090585266822e-07 float_slot_score=1.4222739657895211e+35
[INFO] [1788891980.649200422] [GADEN]: Legacy V1 coordinate format=NATIVE_DOUBLE double_score=5.474090585266822e-07 float_slot_score=1.4222739657895211e+35
[INFO] [1788891980.868096168] [GADEN]: Legacy V1 coordinate format=NATIVE_DOUBLE double_score=5.474090585266822e-07 float_slot_score=1.4222739657895211e+35
[INFO] [1788891981.052223697] [GADEN]: Legacy V1 coordinate format=NATIVE_DOUBLE double_score=5.474090585266822e-07 float_slot_score=1.4222739657895211e+35
[INFO] [1788891981.250634754] [GADEN]: Legacy V1 coordinate format=NATIVE_DOUBLE double_score=5.474090585266822e-07 float_slot_score=1.4222739657895211e+35
[INFO] [1788891981.452071192] [GADEN]: Legacy V1 coordinate format=NATIVE_DOUBLE double_score=5.474090585266822e-07 float_slot_score=1.4222739657895211e+35
[INFO] [1788891981.648177006] [GADEN]: Legacy V1 coordinate format=NATIVE_DOUBLE double_score=5.474090585266822e-07 float_slot_score=1.4222739657895211e+35
[INFO] [1788891981.879457100] [GADEN]: Legacy V1 coordinate format=NATIVE_DOUBLE double_score=5.474090585266822e-07 float_slot_score=1.4222739657895211e+35
[INFO] [1788891982.048237219] [GADEN]: Legacy V1 coordinate format=NATIVE_DOUBLE double_score=5.474090585266822e-07 float_slot_score=1.4222739657895211e+35
[INFO] [1788891982.250525036] [GADEN]: Legacy V1 coordinate format=NATIVE_DOUBLE double_score=5.474090585266822e-07 float_slot_score=1.4222739657895211e+35
[INFO] [1788891982.449681406] [GADEN]: Legacy V1 coordinate format=NATIVE_DOUBLE double_score=5.474090585266822e-07 float_slot_score=1.4222739657895211e+35
[INFO] [1788891982.650454041] [GADEN]: Legacy V1 coordinate format=NATIVE_DOUBLE double_score=5.474090585266822e-07 float_slot_score=1.4222739657895211e+35
[INFO] [1788891982.877135438] [GADEN]: Legacy V1 coordinate format=NATIVE_DOUBLE double_score=5.474090585266822e-07 float_slot_score=1.4222739657895211e+35
[INFO] [1788891983.047624837] [GADEN]: Legacy V1 coordinate format=NATIVE_DOUBLE double_score=5.474090585266822e-07 float_slot_score=1.4222739657895211e+35
[INFO] [1788891983.250402498] [GADEN]: Legacy V1 coordinate format=NATIVE_DOUBLE double_score=5.474090585266822e-07 float_slot_score=1.4222739657895211e+35
[INFO] [1788891983.453572392] [GADEN]: Legacy V1 coordinate format=NATIVE_DOUBLE double_score=5.474090585266822e-07 float_slot_score=1.4222739657895211e+35
[INFO] [1788891983.648638328] [GADEN]: Legacy V1 coordinate format=NATIVE_DOUBLE double_score=5.474090585266822e-07 float_slot_score=1.4222739657895211e+35
[INFO] [1788891983.868927259] [GADEN]: Legacy V1 coordinate format=NATIVE_DOUBLE double_score=5.474090585266822e-07 float_slot_score=1.4222739657895211e+35
[INFO] [1788891984.050695406] [GADEN]: Legacy V1 coordinate format=NATIVE_DOUBLE double_score=5.474090585266822e-07 float_slot_score=1.4222739657895211e+35
[INFO] [1788891984.247245424] [GADEN]: Legacy V1 coordinate format=NATIVE_DOUBLE double_score=5.474090585266822e-07 float_slot_score=1.4222739657895211e+35
[INFO] [1788891984.450380966] [GADEN]: Legacy V1 coordinate format=NATIVE_DOUBLE double_score=5.474090585266822e-07 float_slot_score=1.4222739657895211e+35
[INFO] [1788891984.650949241] [GADEN]: Legacy V1 coordinate format=NATIVE_DOUBLE double_score=5.474090585266822e-07 float_slot_score=1.4222739657895211e+35
[INFO] [1788891984.867173657] [GADEN]: Legacy V1 coordinate format=NATIVE_DOUBLE double_score=5.474090585266822e-07 float_slot_score=1.4222739657895211e+35
[INFO] [1788891985.047273824] [GADEN]: Legacy V1 coordinate format=NATIVE_DOUBLE double_score=5.474090585266822e-07 float_slot_score=1.4222739657895211e+35
[INFO] [1788891985.247281123] [GADEN]: Legacy V1 coordinate format=NATIVE_DOUBLE double_score=5.474090585266822e-07 float_slot_score=1.4222739657895211e+35
[INFO] [1788891985.447437607] [GADEN]: Legacy V1 coordinate format=NATIVE_DOUBLE double_score=5.474090585266822e-07 float_slot_score=1.4222739657895211e+35
[INFO] [1788891985.647246085] [GADEN]: Legacy V1 coordinate format=NATIVE_DOUBLE double_score=5.474090585266822e-07 float_slot_score=1.4222739657895211e+35
[INFO] [1788891985.870352671] [GADEN]: Legacy V1 coordinate format=NATIVE_DOUBLE double_score=5.474090585266822e-07 float_slot_score=1.4222739657895211e+35
[INFO] [1788891986.049938880] [GADEN]: Legacy V1 coordinate format=NATIVE_DOUBLE double_score=5.474090585266822e-07 float_slot_score=1.4222739657895211e+35
[INFO] [1788891986.248874381] [GADEN]: Legacy V1 coordinate format=NATIVE_DOUBLE double_score=5.474090585266822e-07 float_slot_score=1.4222739657895211e+35
[INFO] [1788891986.450737396] [GADEN]: Legacy V1 coordinate format=NATIVE_DOUBLE double_score=5.474090585266822e-07 float_slot_score=1.4222739657895211e+35
[INFO] [1788891986.647592299] [GADEN]: Legacy V1 coordinate format=NATIVE_DOUBLE double_score=5.474090585266822e-07 float_slot_score=1.4222739657895211e+35
[INFO] [1788891986.868821961] [GADEN]: Legacy V1 coordinate format=NATIVE_DOUBLE double_score=5.474090585266822e-07 float_slot_score=1.4222739657895211e+35
[INFO] [1788891987.051093234] [GADEN]: Legacy V1 coordinate format=NATIVE_DOUBLE double_score=5.474090585266822e-07 float_slot_score=1.4222739657895211e+35
[INFO] [1788891987.248828436] [GADEN]: Legacy V1 coordinate format=NATIVE_DOUBLE double_score=5.474090585266822e-07 float_slot_score=1.4222739657895211e+35
[INFO] [1788891987.448184108] [GADEN]: Legacy V1 coordinate format=NATIVE_DOUBLE double_score=5.474090585266822e-07 float_slot_score=1.4222739657895211e+35
[INFO] [1788891987.648095423] [GADEN]: Legacy V1 coordinate format=NATIVE_DOUBLE double_score=5.474090585266822e-07 float_slot_score=1.4222739657895211e+35
[INFO] [1788891987.867225106] [GADEN]: Legacy V1 coordinate format=NATIVE_DOUBLE double_score=5.474090585266822e-07 float_slot_score=1.4222739657895211e+35
[INFO] [1788891988.051012586] [GADEN]: Legacy V1 coordinate format=NATIVE_DOUBLE double_score=5.474090585266822e-07 float_slot_score=1.4222739657895211e+35
[INFO] [1788891988.247793127] [GADEN]: Legacy V1 coordinate format=NATIVE_DOUBLE double_score=5.474090585266822e-07 float_slot_score=1.4222739657895211e+35
[INFO] [1788891988.447441522] [GADEN]: Legacy V1 coordinate format=NATIVE_DOUBLE double_score=5.474090585266822e-07 float_slot_score=1.4222739657895211e+35
[INFO] [1788891988.648672083] [GADEN]: Legacy V1 coordinate format=NATIVE_DOUBLE double_score=5.474090585266822e-07 float_slot_score=1.4222739657895211e+35
[INFO] [1788891988.868886316] [GADEN]: Legacy V1 coordinate format=NATIVE_DOUBLE double_score=5.474090585266822e-07 float_slot_score=1.4222739657895211e+35
[INFO] [1788891989.047953762] [GADEN]: Legacy V1 coordinate format=NATIVE_DOUBLE double_score=5.474090585266822e-07 float_slot_score=1.4222739657895211e+35
[INFO] [1788891989.253891426] [GADEN]: Legacy V1 coordinate format=NATIVE_DOUBLE double_score=5.474090585266822e-07 float_slot_score=1.4222739657895211e+35
[INFO] [1788891989.449163190] [GADEN]: Legacy V1 coordinate format=NATIVE_DOUBLE double_score=5.474090585266822e-07 float_slot_score=1.4222739657895211e+35
[INFO] [1788891989.649295647] [GADEN]: Legacy V1 coordinate format=NATIVE_DOUBLE double_score=5.474090585266822e-07 float_slot_score=1.4222739657895211e+35
[INFO] [1788891989.868202598] [GADEN]: Legacy V1 coordinate format=NATIVE_DOUBLE double_score=5.474090585266822e-07 float_slot_score=1.4222739657895211e+35
[INFO] [1788891990.049155109] [GADEN]: Legacy V1 coordinate format=NATIVE_DOUBLE double_score=5.474090585266822e-07 float_slot_score=1.4222739657895211e+35
[INFO] [1788891990.249523878] [GADEN]: Legacy V1 coordinate format=NATIVE_DOUBLE double_score=5.474090585266822e-07 float_slot_score=1.4222739657895211e+35
[INFO] [1788891990.451010585] [GADEN]: Legacy V1 coordinate format=NATIVE_DOUBLE double_score=5.474090585266822e-07 float_slot_score=1.4222739657895211e+35
[INFO] [1788891990.649370497] [GADEN]: Legacy V1 coordinate format=NATIVE_DOUBLE double_score=5.474090585266822e-07 float_slot_score=1.4222739657895211e+35
[INFO] [1788891990.868936769] [GADEN]: Legacy V1 coordinate format=NATIVE_DOUBLE double_score=5.474090585266822e-07 float_slot_score=1.4222739657895211e+35
[INFO] [1788891991.049450586] [GADEN]: Legacy V1 coordinate format=NATIVE_DOUBLE double_score=5.474090585266822e-07 float_slot_score=1.4222739657895211e+35
[INFO] [1788891991.252756764] [GADEN]: Legacy V1 coordinate format=NATIVE_DOUBLE double_score=5.474090585266822e-07 float_slot_score=1.4222739657895211e+35
[INFO] [1788891991.449258771] [GADEN]: Legacy V1 coordinate format=NATIVE_DOUBLE double_score=5.474090585266822e-07 float_slot_score=1.4222739657895211e+35
[INFO] [1788891991.652293008] [GADEN]: Legacy V1 coordinate format=NATIVE_DOUBLE double_score=5.474090585266822e-07 float_slot_score=1.4222739657895211e+35
[INFO] [1788891991.869069151] [GADEN]: Legacy V1 coordinate format=NATIVE_DOUBLE double_score=5.474090585266822e-07 float_slot_score=1.4222739657895211e+35
[INFO] [1788891992.050667632] [GADEN]: Legacy V1 coordinate format=NATIVE_DOUBLE double_score=5.474090585266822e-07 float_slot_score=1.4222739657895211e+35
[INFO] [1788891992.249485655] [GADEN]: Legacy V1 coordinate format=NATIVE_DOUBLE double_score=5.474090585266822e-07 float_slot_score=1.4222739657895211e+35
[INFO] [1788891992.448996722] [GADEN]: Legacy V1 coordinate format=NATIVE_DOUBLE double_score=5.474090585266822e-07 float_slot_score=1.4222739657895211e+35
[INFO] [1788891992.649253478] [GADEN]: Legacy V1 coordinate format=NATIVE_DOUBLE double_score=5.474090585266822e-07 float_slot_score=1.4222739657895211e+35
[INFO] [1788891992.869613552] [GADEN]: Legacy V1 coordinate format=NATIVE_DOUBLE double_score=5.474090585266822e-07 float_slot_score=1.4222739657895211e+35
[INFO] [1788891993.048790051] [GADEN]: Legacy V1 coordinate format=NATIVE_DOUBLE double_score=5.474090585266822e-07 float_slot_score=1.4222739657895211e+35
[INFO] [1788891993.250983248] [GADEN]: Legacy V1 coordinate format=NATIVE_DOUBLE double_score=5.474090585266822e-07 float_slot_score=1.4222739657895211e+35
[INFO] [1788891993.448510716] [GADEN]: Legacy V1 coordinate format=NATIVE_DOUBLE double_score=5.474090585266822e-07 float_slot_score=1.4222739657895211e+35
[INFO] [1788891993.649263421] [GADEN]: Legacy V1 coordinate format=NATIVE_DOUBLE double_score=5.474090585266822e-07 float_slot_score=1.4222739657895211e+35
[INFO] [1788891993.871943328] [GADEN]: Legacy V1 coordinate format=NATIVE_DOUBLE double_score=5.474090585266822e-07 float_slot_score=1.4222739657895211e+35
[INFO] [1788891994.048714546] [GADEN]: Legacy V1 coordinate format=NATIVE_DOUBLE double_score=5.474090585266822e-07 float_slot_score=1.4222739657895211e+35
[INFO] [1788891994.251508438] [GADEN]: Legacy V1 coordinate format=NATIVE_DOUBLE double_score=5.474090585266822e-07 float_slot_score=1.4222739657895211e+35
[INFO] [1788891994.449453254] [GADEN]: Legacy V1 coordinate format=NATIVE_DOUBLE double_score=5.474090585266822e-07 float_slot_score=1.4222739657895211e+35
[INFO] [1788891994.648748230] [GADEN]: Legacy V1 coordinate format=NATIVE_DOUBLE double_score=5.474090585266822e-07 float_slot_score=1.4222739657895211e+35
[INFO] [1788891994.867026622] [GADEN]: Legacy V1 coordinate format=NATIVE_DOUBLE double_score=5.474090585266822e-07 float_slot_score=1.4222739657895211e+35
[INFO] [1788891995.050564156] [GADEN]: Legacy V1 coordinate format=NATIVE_DOUBLE double_score=5.474090585266822e-07 float_slot_score=1.4222739657895211e+35
[INFO] [1788891995.252534842] [GADEN]: Legacy V1 coordinate format=NATIVE_DOUBLE double_score=5.474090585266822e-07 float_slot_score=1.4222739657895211e+35
[INFO] [1788891995.448514447] [GADEN]: Legacy V1 coordinate format=NATIVE_DOUBLE double_score=5.474090585266822e-07 float_slot_score=1.4222739657895211e+35
[INFO] [1788891995.650152671] [GADEN]: Legacy V1 coordinate format=NATIVE_DOUBLE double_score=5.474090585266822e-07 float_slot_score=1.4222739657895211e+35
[INFO] [1788891995.867787507] [GADEN]: Legacy V1 coordinate format=NATIVE_DOUBLE double_score=5.474090585266822e-07 float_slot_score=1.4222739657895211e+35
[INFO] [1788891996.049931571] [GADEN]: Legacy V1 coordinate format=NATIVE_DOUBLE double_score=5.474090585266822e-07 float_slot_score=1.4222739657895211e+35
[INFO] [1788892001.142596943] [rclcpp]: signal_handler(signum=15)
