[INFO] [launch]: All log files can be found below /mnt/hgfs/workspace/CSTAR_CORE_M1_SEQ_H02H03_SEED11_20260908_R1/H03_seed11_M1S/ros_log/2026-09-08-21-56-08-813759-zyc-virtual-machine-63743
[INFO] [launch]: Default logging verbosity is set to INFO
[INFO] [vgr_sim_node-1]: process started with pid [63757]
[INFO] [gmrf_wind_mapping_node-2]: process started with pid [63759]
[gmrf_wind_mapping_node-2] 
[gmrf_wind_mapping_node-2] =================================================================
[gmrf_wind_mapping_node-2] =	        GMRF Wind-Distribution Mapping ROS2 Node              =
[gmrf_wind_mapping_node-2] =================================================================
[gmrf_wind_mapping_node-2] [GMRF_MAP] Generating GMRF for 2D WIND estimation...
[gmrf_wind_mapping_node-2] [CGMRF] Initialization Complete: 11207 factors for a map size of 2N=2484 nodes
[gmrf_wind_mapping_node-2] [INFO] [1788875772.038279507] [gmrf]: [GMRF-node] GMRF Initialized
[gmrf_wind_mapping_node-2] [INFO] [1788875772.046662143] [gmrf]: [gmrf-wind] MAIN LOOP....
[gmrf_wind_mapping_node-2] --> MAP did not converge after 1 iterations.
[gmrf_wind_mapping_node-2] [GMRF] MAP Mean value estimated in 11 milliseconds
[vgr_sim_node-1] [WARN] [1788875772.066956750] [rcl.logging_rosout]: Publisher already registered for provided node name. If this is due to multiple nodes with the same name then all logs for that logger name will go out over the existing publisher. As soon as any node with that name is destructed it will unregister the publisher, preventing any further logs for that name from being published on the rosout topic.
[vgr_sim_node-1] [INFO] [1788875772.100120982] [vgr_uav_sim]: Loading VGR data from /mnt/hgfs/workspace/GADEN_files/scenarios/House03, config=1-2,5_fast
[vgr_sim_node-1] [INFO] [1788875772.151896628] [vgr_uav_sim]: Occupancy: 138x83 slice z_idx=12 (z=0.3m), free=7258, obstacle=4196, input_sha256=ac8c9e69e762c8941dab46cd7e804684c2aa50dc6f0912806d19b070c135c4af
[gmrf_wind_mapping_node-2] --> MAP did not converge after 1 iterations.
[gmrf_wind_mapping_node-2] [GMRF] MAP Mean value estimated in 10 milliseconds
[gmrf_wind_mapping_node-2] --> MAP did not converge after 1 iterations.
[gmrf_wind_mapping_node-2] [GMRF] MAP Mean value estimated in 9 milliseconds
[gmrf_wind_mapping_node-2] --> MAP did not converge after 1 iterations.
[gmrf_wind_mapping_node-2] [GMRF] MAP Mean value estimated in 8.25 milliseconds
[vgr_sim_node-1] [INFO] [1788875772.431745573] [vgr_uav_sim]: Gas backend=gaden_player service=/frame_query
[vgr_sim_node-1] [INFO] [1788875772.432263973] [vgr_uav_sim]: GADEN realization=FilamentSimulation_gasType_10_sourcePosition_-0.45_1.90_-0.10, max_iteration=1999
[vgr_sim_node-1] [INFO] [1788875772.441546153] [vgr_uav_sim]: Sensor-safe occupancy intersection: 138x83 min=[-0.85, -1.863] max=[12.950000000000001, 6.437000000000001]
[vgr_sim_node-1] [INFO] [1788875772.444765128] [vgr_uav_sim]: Navigation grid: coarse 46x27 cell=0.3000 free=641 obstacle=601 (reduce_scale=3)
[gmrf_wind_mapping_node-2] --> MAP did not converge after 1 iterations.
[gmrf_wind_mapping_node-2] [GMRF] MAP Mean value estimated in 8 milliseconds
[vgr_sim_node-1] [INFO] [1788875772.477325624] [vgr_uav_sim]: UAV Sim v3 ready. Start=(2.0,0.0), sim_dt=0.200s, realtime_factor=1.00, sensor=asymmetric, vertical_motion=False, open_loop_profile=hover
[gmrf_wind_mapping_node-2] --> MAP did not converge after 1 iterations.
[gmrf_wind_mapping_node-2] [GMRF] MAP Mean value estimated in 7.83333 milliseconds
[gmrf_wind_mapping_node-2] --> MAP did not converge after 1 iterations.
[gmrf_wind_mapping_node-2] [GMRF] MAP Mean value estimated in 7.71429 milliseconds
[gmrf_wind_mapping_node-2] --> MAP did not converge after 1 iterations.
[gmrf_wind_mapping_node-2] [GMRF] MAP Mean value estimated in 7.625 milliseconds
[gmrf_wind_mapping_node-2] --> MAP did not converge after 1 iterations.
[gmrf_wind_mapping_node-2] [GMRF] MAP Mean value estimated in 7.44444 milliseconds
[gmrf_wind_mapping_node-2] --> MAP did not converge after 1 iterations.
[gmrf_wind_mapping_node-2] [GMRF] MAP Mean value estimated in 7.3 milliseconds
[gmrf_wind_mapping_node-2] --> MAP did not converge after 1 iterations.
[gmrf_wind_mapping_node-2] [GMRF] MAP Mean value estimated in 7.18182 milliseconds
[gmrf_wind_mapping_node-2] --> MAP did not converge after 1 iterations.
[gmrf_wind_mapping_node-2] [GMRF] MAP Mean value estimated in 7.16667 milliseconds
[gmrf_wind_mapping_node-2] --> MAP did not converge after 1 iterations.
[gmrf_wind_mapping_node-2] [GMRF] MAP Mean value estimated in 7.15385 milliseconds
[gmrf_wind_mapping_node-2] --> MAP did not converge after 1 iterations.
[gmrf_wind_mapping_node-2] [GMRF] MAP Mean value estimated in 7.14286 milliseconds
[gmrf_wind_mapping_node-2] --> MAP did not converge after 1 iterations.
[gmrf_wind_mapping_node-2] [GMRF] MAP Mean value estimated in 7.2 milliseconds
[gmrf_wind_mapping_node-2] --> MAP did not converge after 1 iterations.
[gmrf_wind_mapping_node-2] [GMRF] MAP Mean value estimated in 7.1875 milliseconds
[gmrf_wind_mapping_node-2] --> MAP did not converge after 1 iterations.
[gmrf_wind_mapping_node-2] [GMRF] MAP Mean value estimated in 7.11765 milliseconds
[gmrf_wind_mapping_node-2] --> MAP did not converge after 1 iterations.
[gmrf_wind_mapping_node-2] [GMRF] MAP Mean value estimated in 7.05556 milliseconds
[gmrf_wind_mapping_node-2] --> MAP did not converge after 1 iterations.
[gmrf_wind_mapping_node-2] [GMRF] MAP Mean value estimated in 7 milliseconds
[gmrf_wind_mapping_node-2] --> MAP did not converge after 1 iterations.
[gmrf_wind_mapping_node-2] [GMRF] MAP Mean value estimated in 7 milliseconds
[gmrf_wind_mapping_node-2] --> MAP did not converge after 1 iterations.
[gmrf_wind_mapping_node-2] [GMRF] MAP Mean value estimated in 7 milliseconds
[gmrf_wind_mapping_node-2] --> MAP did not converge after 1 iterations.
[gmrf_wind_mapping_node-2] [GMRF] MAP Mean value estimated in 7 milliseconds
[gmrf_wind_mapping_node-2] --> MAP did not converge after 1 iterations.
[gmrf_wind_mapping_node-2] [GMRF] MAP Mean value estimated in 7 milliseconds
[gmrf_wind_mapping_node-2] --> MAP did not converge after 1 iterations.
[gmrf_wind_mapping_node-2] [GMRF] MAP Mean value estimated in 7.08333 milliseconds
[gmrf_wind_mapping_node-2] --> MAP did not converge after 1 iterations.
[gmrf_wind_mapping_node-2] [GMRF] MAP Mean value estimated in 7.12 milliseconds
[gmrf_wind_mapping_node-2] --> MAP did not converge after 1 iterations.
[gmrf_wind_mapping_node-2] [GMRF] MAP Mean value estimated in 7.19231 milliseconds
[gmrf_wind_mapping_node-2] --> MAP did not converge after 1 iterations.
[gmrf_wind_mapping_node-2] [GMRF] MAP Mean value estimated in 7.44444 milliseconds
[gmrf_wind_mapping_node-2] --> MAP did not converge after 1 iterations.
[gmrf_wind_mapping_node-2] [GMRF] MAP Mean value estimated in 7.53571 milliseconds
[gmrf_wind_mapping_node-2] --> MAP did not converge after 1 iterations.
[gmrf_wind_mapping_node-2] [GMRF] MAP Mean value estimated in 7.51724 milliseconds
[gmrf_wind_mapping_node-2] --> MAP did not converge after 1 iterations.
[gmrf_wind_mapping_node-2] [GMRF] MAP Mean value estimated in 7.73333 milliseconds
[gmrf_wind_mapping_node-2] --> MAP did not converge after 1 iterations.
[gmrf_wind_mapping_node-2] [GMRF] MAP Mean value estimated in 7.96774 milliseconds
[gmrf_wind_mapping_node-2] --> MAP did not converge after 1 iterations.
[gmrf_wind_mapping_node-2] [GMRF] MAP Mean value estimated in 8.1875 milliseconds
[gmrf_wind_mapping_node-2] --> MAP did not converge after 1 iterations.
[gmrf_wind_mapping_node-2] [GMRF] MAP Mean value estimated in 8.36364 milliseconds
[gmrf_wind_mapping_node-2] --> MAP did not converge after 1 iterations.
[gmrf_wind_mapping_node-2] [GMRF] MAP Mean value estimated in 8.32353 milliseconds
[gmrf_wind_mapping_node-2] --> MAP did not converge after 1 iterations.
[gmrf_wind_mapping_node-2] [GMRF] MAP Mean value estimated in 8.37143 milliseconds
[gmrf_wind_mapping_node-2] --> MAP did not converge after 1 iterations.
[gmrf_wind_mapping_node-2] [GMRF] MAP Mean value estimated in 8.44444 milliseconds
[gmrf_wind_mapping_node-2] --> MAP did not converge after 1 iterations.
[gmrf_wind_mapping_node-2] [GMRF] MAP Mean value estimated in 8.56757 milliseconds
[gmrf_wind_mapping_node-2] --> MAP did not converge after 1 iterations.
[gmrf_wind_mapping_node-2] [GMRF] MAP Mean value estimated in 8.68421 milliseconds
[gmrf_wind_mapping_node-2] --> MAP did not converge after 1 iterations.
[gmrf_wind_mapping_node-2] [GMRF] MAP Mean value estimated in 8.76923 milliseconds
[gmrf_wind_mapping_node-2] --> MAP did not converge after 1 iterations.
[gmrf_wind_mapping_node-2] [GMRF] MAP Mean value estimated in 8.825 milliseconds
[gmrf_wind_mapping_node-2] --> MAP did not converge after 1 iterations.
[gmrf_wind_mapping_node-2] [GMRF] MAP Mean value estimated in 8.95122 milliseconds
[gmrf_wind_mapping_node-2] --> MAP did not converge after 1 iterations.
[gmrf_wind_mapping_node-2] [GMRF] MAP Mean value estimated in 9.09524 milliseconds
[gmrf_wind_mapping_node-2] --> MAP did not converge after 1 iterations.
[gmrf_wind_mapping_node-2] [GMRF] MAP Mean value estimated in 9.25581 milliseconds
[INFO] [gsl_actionserver_node-3]: process started with pid [63793]
[INFO] [gsl_benchmark_runner-4]: process started with pid [63795]
[gmrf_wind_mapping_node-2] --> MAP did not converge after 1 iterations.
[gmrf_wind_mapping_node-2] [GMRF] MAP Mean value estimated in 9.22727 milliseconds
[gsl_actionserver_node-3] [INFO] [1788875776.389356377] [GSL]: Starting GSL server
[gmrf_wind_mapping_node-2] --> MAP did not converge after 1 iterations.
[gmrf_wind_mapping_node-2] [GMRF] MAP Mean value estimated in 9.2 milliseconds
[gmrf_wind_mapping_node-2] --> MAP did not converge after 1 iterations.
[gmrf_wind_mapping_node-2] [GMRF] MAP Mean value estimated in 9.13043 milliseconds
[gmrf_wind_mapping_node-2] --> MAP did not converge after 1 iterations.
[gmrf_wind_mapping_node-2] [GMRF] MAP Mean value estimated in 9.06383 milliseconds
[gmrf_wind_mapping_node-2] --> MAP did not converge after 1 iterations.
[gmrf_wind_mapping_node-2] [GMRF] MAP Mean value estimated in 9.1875 milliseconds
[gmrf_wind_mapping_node-2] --> MAP did not converge after 1 iterations.
[gmrf_wind_mapping_node-2] [GMRF] MAP Mean value estimated in 9.2449 milliseconds
[gmrf_wind_mapping_node-2] --> MAP did not converge after 1 iterations.
[gmrf_wind_mapping_node-2] [GMRF] MAP Mean value estimated in 9.38 milliseconds
[gmrf_wind_mapping_node-2] --> MAP did not converge after 1 iterations.
[gmrf_wind_mapping_node-2] [GMRF] MAP Mean value estimated in 9.47059 milliseconds
[gmrf_wind_mapping_node-2] --> MAP did not converge after 1 iterations.
[gmrf_wind_mapping_node-2] [GMRF] MAP Mean value estimated in 9.5 milliseconds
[gmrf_wind_mapping_node-2] --> MAP did not converge after 1 iterations.
[gmrf_wind_mapping_node-2] [GMRF] MAP Mean value estimated in 9.60377 milliseconds
[gmrf_wind_mapping_node-2] --> MAP did not converge after 1 iterations.
[gmrf_wind_mapping_node-2] [GMRF] MAP Mean value estimated in 9.68519 milliseconds
[gmrf_wind_mapping_node-2] --> MAP did not converge after 1 iterations.
[gmrf_wind_mapping_node-2] [GMRF] MAP Mean value estimated in 9.72727 milliseconds
[gmrf_wind_mapping_node-2] --> MAP did not converge after 1 iterations.
[gmrf_wind_mapping_node-2] [GMRF] MAP Mean value estimated in 9.71429 milliseconds
[gmrf_wind_mapping_node-2] --> MAP did not converge after 1 iterations.
[gmrf_wind_mapping_node-2] [GMRF] MAP Mean value estimated in 9.73684 milliseconds
[gmrf_wind_mapping_node-2] --> MAP did not converge after 1 iterations.
[gmrf_wind_mapping_node-2] [GMRF] MAP Mean value estimated in 9.7931 milliseconds
[gmrf_wind_mapping_node-2] --> MAP did not converge after 1 iterations.
[gmrf_wind_mapping_node-2] [GMRF] MAP Mean value estimated in 9.74576 milliseconds
[gmrf_wind_mapping_node-2] --> MAP did not converge after 1 iterations.
[gmrf_wind_mapping_node-2] [GMRF] MAP Mean value estimated in 9.8 milliseconds
[gmrf_wind_mapping_node-2] --> MAP did not converge after 1 iterations.
[gmrf_wind_mapping_node-2] [GMRF] MAP Mean value estimated in 9.85246 milliseconds
[gmrf_wind_mapping_node-2] --> MAP did not converge after 1 iterations.
[gmrf_wind_mapping_node-2] [GMRF] MAP Mean value estimated in 9.91935 milliseconds
[gmrf_wind_mapping_node-2] --> MAP did not converge after 1 iterations.
[gmrf_wind_mapping_node-2] [GMRF] MAP Mean value estimated in 10 milliseconds
[gmrf_wind_mapping_node-2] --> MAP did not converge after 1 iterations.
[gmrf_wind_mapping_node-2] [GMRF] MAP Mean value estimated in 9.96875 milliseconds
[gmrf_wind_mapping_node-2] --> MAP did not converge after 1 iterations.
[gmrf_wind_mapping_node-2] [GMRF] MAP Mean value estimated in 9.98462 milliseconds
[gmrf_wind_mapping_node-2] --> MAP did not converge after 1 iterations.
[gmrf_wind_mapping_node-2] [GMRF] MAP Mean value estimated in 10.0152 milliseconds
[gmrf_wind_mapping_node-2] --> MAP did not converge after 1 iterations.
[gmrf_wind_mapping_node-2] [GMRF] MAP Mean value estimated in 10.0299 milliseconds
[gmrf_wind_mapping_node-2] --> MAP did not converge after 1 iterations.
[gmrf_wind_mapping_node-2] [GMRF] MAP Mean value estimated in 10.0735 milliseconds
[gmrf_wind_mapping_node-2] --> MAP did not converge after 1 iterations.
[gmrf_wind_mapping_node-2] [GMRF] MAP Mean value estimated in 10.1014 milliseconds
[gmrf_wind_mapping_node-2] --> MAP did not converge after 1 iterations.
[gmrf_wind_mapping_node-2] [GMRF] MAP Mean value estimated in 10.1 milliseconds
[gmrf_wind_mapping_node-2] --> MAP did not converge after 1 iterations.
[gmrf_wind_mapping_node-2] [GMRF] MAP Mean value estimated in 10.0563 milliseconds
[gmrf_wind_mapping_node-2] --> MAP did not converge after 1 iterations.
[gmrf_wind_mapping_node-2] [GMRF] MAP Mean value estimated in 10.0139 milliseconds
[gmrf_wind_mapping_node-2] --> MAP did not converge after 1 iterations.
[gmrf_wind_mapping_node-2] [GMRF] MAP Mean value estimated in 9.9726 milliseconds
[INFO] [ros2-5]: process started with pid [63821]
[gmrf_wind_mapping_node-2] --> MAP did not converge after 1 iterations.
[gmrf_wind_mapping_node-2] [GMRF] MAP Mean value estimated in 9.93243 milliseconds
[gmrf_wind_mapping_node-2] --> MAP did not converge after 1 iterations.
[gmrf_wind_mapping_node-2] [GMRF] MAP Mean value estimated in 9.88 milliseconds
[gmrf_wind_mapping_node-2] --> MAP did not converge after 1 iterations.
[gmrf_wind_mapping_node-2] [GMRF] MAP Mean value estimated in 9.85526 milliseconds
[gmrf_wind_mapping_node-2] --> MAP did not converge after 1 iterations.
[gmrf_wind_mapping_node-2] [GMRF] MAP Mean value estimated in 9.80519 milliseconds
[gmrf_wind_mapping_node-2] --> MAP did not converge after 1 iterations.
[gmrf_wind_mapping_node-2] [GMRF] MAP Mean value estimated in 9.78205 milliseconds
[gmrf_wind_mapping_node-2] --> MAP did not converge after 1 iterations.
[gmrf_wind_mapping_node-2] [GMRF] MAP Mean value estimated in 9.79747 milliseconds
[gmrf_wind_mapping_node-2] --> MAP did not converge after 1 iterations.
[gmrf_wind_mapping_node-2] [GMRF] MAP Mean value estimated in 9.8 milliseconds
[ros2-5] requester: making request: std_srvs.srv.Trigger_Request()
[ros2-5] 
[ros2-5] response:
[ros2-5] std_srvs.srv.Trigger_Response(success=True, message='started at step=0, t_sim=0.000000')
[ros2-5] 
[gmrf_wind_mapping_node-2] --> MAP did not converge after 1 iterations.
[gmrf_wind_mapping_node-2] [GMRF] MAP Mean value estimated in 9.77778 milliseconds
[gmrf_wind_mapping_node-2] --> MAP did not converge after 1 iterations.
[gmrf_wind_mapping_node-2] [GMRF] MAP Mean value estimated in 9.7439 milliseconds
[INFO] [ros2-5]: process has finished cleanly [pid 63821]
[gmrf_wind_mapping_node-2] --> MAP did not converge after 1 iterations.
[gmrf_wind_mapping_node-2] [GMRF] MAP Mean value estimated in 9.71084 milliseconds
[gmrf_wind_mapping_node-2] --> MAP did not converge after 1 iterations.
[gmrf_wind_mapping_node-2] [GMRF] MAP Mean value estimated in 9.67857 milliseconds
[gmrf_wind_mapping_node-2] --> MAP did not converge after 1 iterations.
[gmrf_wind_mapping_node-2] [GMRF] MAP Mean value estimated in 9.64706 milliseconds
[gmrf_wind_mapping_node-2] --> MAP did not converge after 1 iterations.
[gmrf_wind_mapping_node-2] [GMRF] MAP Mean value estimated in 9.61628 milliseconds
[gmrf_wind_mapping_node-2] --> MAP did not converge after 1 iterations.
[gmrf_wind_mapping_node-2] [GMRF] MAP Mean value estimated in 9.57471 milliseconds
[gmrf_wind_mapping_node-2] --> MAP did not converge after 1 iterations.
[gmrf_wind_mapping_node-2] [GMRF] MAP Mean value estimated in 9.53409 milliseconds
[gmrf_wind_mapping_node-2] --> MAP did not converge after 1 iterations.
[gmrf_wind_mapping_node-2] [GMRF] MAP Mean value estimated in 9.49438 milliseconds
[gmrf_wind_mapping_node-2] --> MAP did not converge after 1 iterations.
[gmrf_wind_mapping_node-2] [GMRF] MAP Mean value estimated in 9.46667 milliseconds
[gmrf_wind_mapping_node-2] --> MAP did not converge after 1 iterations.
[gmrf_wind_mapping_node-2] [GMRF] MAP Mean value estimated in 9.45055 milliseconds
[gmrf_wind_mapping_node-2] --> MAP did not converge after 1 iterations.
[gmrf_wind_mapping_node-2] [GMRF] MAP Mean value estimated in 9.42391 milliseconds
[gmrf_wind_mapping_node-2] --> MAP did not converge after 1 iterations.
[gmrf_wind_mapping_node-2] [GMRF] MAP Mean value estimated in 9.4086 milliseconds
[gmrf_wind_mapping_node-2] --> MAP did not converge after 1 iterations.
[gmrf_wind_mapping_node-2] [GMRF] MAP Mean value estimated in 9.44681 milliseconds
[gsl_actionserver_node-3] [INFO] [1788875781.422891544] [GSL]: GSL action server is ready for action!
[gmrf_wind_mapping_node-2] --> MAP did not converge after 1 iterations.
[gmrf_wind_mapping_node-2] [GMRF] MAP Mean value estimated in 9.42105 milliseconds
[gmrf_wind_mapping_node-2] --> MAP did not converge after 1 iterations.
[gmrf_wind_mapping_node-2] [GMRF] MAP Mean value estimated in 9.38542 milliseconds
[gmrf_wind_mapping_node-2] --> MAP did not converge after 1 iterations.
[gmrf_wind_mapping_node-2] [GMRF] MAP Mean value estimated in 9.40206 milliseconds
[gmrf_wind_mapping_node-2] --> MAP did not converge after 1 iterations.
[gmrf_wind_mapping_node-2] [GMRF] MAP Mean value estimated in 9.38776 milliseconds
[gmrf_wind_mapping_node-2] --> MAP did not converge after 1 iterations.
[gmrf_wind_mapping_node-2] [GMRF] MAP Mean value estimated in 9.36364 milliseconds
[gmrf_wind_mapping_node-2] --> MAP did not converge after 1 iterations.
[gmrf_wind_mapping_node-2] [GMRF] MAP Mean value estimated in 9.34 milliseconds
[gmrf_wind_mapping_node-2] --> MAP did not converge after 1 iterations.
[gmrf_wind_mapping_node-2] [GMRF] MAP Mean value estimated in 9.31683 milliseconds
[gmrf_wind_mapping_node-2] --> MAP did not converge after 1 iterations.
[gmrf_wind_mapping_node-2] [GMRF] MAP Mean value estimated in 9.36275 milliseconds
[gmrf_wind_mapping_node-2] --> MAP did not converge after 1 iterations.
[gmrf_wind_mapping_node-2] [GMRF] MAP Mean value estimated in 9.40777 milliseconds
[gmrf_wind_mapping_node-2] --> MAP did not converge after 1 iterations.
[gmrf_wind_mapping_node-2] [GMRF] MAP Mean value estimated in 9.43269 milliseconds
[gmrf_wind_mapping_node-2] --> MAP did not converge after 1 iterations.
[gmrf_wind_mapping_node-2] [GMRF] MAP Mean value estimated in 9.44762 milliseconds
[gmrf_wind_mapping_node-2] --> MAP did not converge after 1 iterations.
[gmrf_wind_mapping_node-2] [GMRF] MAP Mean value estimated in 9.46226 milliseconds
[gmrf_wind_mapping_node-2] --> MAP did not converge after 1 iterations.
[gmrf_wind_mapping_node-2] [GMRF] MAP Mean value estimated in 9.48598 milliseconds
[gmrf_wind_mapping_node-2] --> MAP did not converge after 1 iterations.
[gmrf_wind_mapping_node-2] [GMRF] MAP Mean value estimated in 9.47222 milliseconds
[gmrf_wind_mapping_node-2] --> MAP did not converge after 1 iterations.
[gmrf_wind_mapping_node-2] [GMRF] MAP Mean value estimated in 9.50459 milliseconds
[gmrf_wind_mapping_node-2] --> MAP did not converge after 1 iterations.
[gmrf_wind_mapping_node-2] [GMRF] MAP Mean value estimated in 9.52727 milliseconds
[gmrf_wind_mapping_node-2] --> MAP did not converge after 1 iterations.
[gmrf_wind_mapping_node-2] [GMRF] MAP Mean value estimated in 9.53153 milliseconds
[gmrf_wind_mapping_node-2] --> MAP did not converge after 1 iterations.
[gmrf_wind_mapping_node-2] [GMRF] MAP Mean value estimated in 9.58036 milliseconds
[gmrf_wind_mapping_node-2] --> MAP did not converge after 1 iterations.
[gmrf_wind_mapping_node-2] [GMRF] MAP Mean value estimated in 9.56637 milliseconds
[gmrf_wind_mapping_node-2] --> MAP did not converge after 1 iterations.
[gmrf_wind_mapping_node-2] [GMRF] MAP Mean value estimated in 9.59649 milliseconds
[gsl_actionserver_node-3] [INFO] [1788875783.424098206] [GSL]: [33mRequest received: PMFS[0m
[gmrf_wind_mapping_node-2] --> MAP did not converge after 1 iterations.
[gmrf_wind_mapping_node-2] [GMRF] MAP Mean value estimated in 9.57391 milliseconds
[gmrf_wind_mapping_node-2] --> MAP did not converge after 1 iterations.
[gmrf_wind_mapping_node-2] [GMRF] MAP Mean value estimated in 9.59483 milliseconds
[gmrf_wind_mapping_node-2] --> MAP did not converge after 1 iterations.
[gmrf_wind_mapping_node-2] [GMRF] MAP Mean value estimated in 9.64103 milliseconds
[gmrf_wind_mapping_node-2] --> MAP did not converge after 1 iterations.
[gmrf_wind_mapping_node-2] [GMRF] MAP Mean value estimated in 9.65254 milliseconds
[gmrf_wind_mapping_node-2] --> MAP did not converge after 1 iterations.
[gmrf_wind_mapping_node-2] [GMRF] MAP Mean value estimated in 9.63025 milliseconds
[gmrf_wind_mapping_node-2] --> MAP did not converge after 1 iterations.
[gmrf_wind_mapping_node-2] [GMRF] MAP Mean value estimated in 9.63333 milliseconds
[gmrf_wind_mapping_node-2] --> MAP did not converge after 1 iterations.
[gmrf_wind_mapping_node-2] [GMRF] MAP Mean value estimated in 9.66942 milliseconds
[gmrf_wind_mapping_node-2] --> MAP did not converge after 1 iterations.
[gmrf_wind_mapping_node-2] [GMRF] MAP Mean value estimated in 9.69672 milliseconds
[gmrf_wind_mapping_node-2] --> MAP did not converge after 1 iterations.
[gmrf_wind_mapping_node-2] [GMRF] MAP Mean value estimated in 9.71545 milliseconds
[gmrf_wind_mapping_node-2] --> MAP did not converge after 1 iterations.
[gmrf_wind_mapping_node-2] [GMRF] MAP Mean value estimated in 9.70968 milliseconds
[gsl_actionserver_node-3] [INFO] [1788875784.438067239] [GSL]: Waiting to hear from localization topic: /amcl_pose
[gsl_actionserver_node-3] [INFO] [1788875784.441167040] [GSL]: Gas sensor topic: '/PID/Sensor_reading'
[gsl_actionserver_node-3] [INFO] [1788875784.442107385] [GSL]: Wind sensor topic: '/Anemometer/WindSensor_reading'
[gsl_actionserver_node-3] [INFO] [1788875784.442151120] [GSL]: [34mINITIALIZATON COMPLETED[0m
[gmrf_wind_mapping_node-2] --> MAP did not converge after 1 iterations.
[gmrf_wind_mapping_node-2] [GMRF] MAP Mean value estimated in 9.688 milliseconds
[gsl_actionserver_node-3] [INFO] [1788875784.469144667] [GSL - Trace]: [32mEntering WaitForMap[0m
[gsl_actionserver_node-3] [INFO] [1788875784.469181562] [GSL - Trace]: [32mNeed occupancy map and costmap[0m
[gsl_actionserver_node-3] [INFO] [1788875784.521511992] [GSL - Trace]: [32mGot occupancy map[0m
[gsl_actionserver_node-3] [INFO] [1788875784.521585942] [GSL]: 
[gsl_actionserver_node-3] --------------GSL---------------
[gsl_actionserver_node-3] Occupancy Map dimensions:
[gsl_actionserver_node-3] x_min:-0.85 x_max:13   -   y_min:-1.9 y_max:6.4
[gsl_actionserver_node-3] --------------------------------
[gsl_actionserver_node-3] [INFO] [1788875784.521721776] [GSL]: [MAP-DEBUG] 138x83 res=0.1000 free=7258 obs=4196 unk=0 origin=(-0.85,-1.86)
[gsl_actionserver_node-3] [INFO] [1788875784.523037338] [GSL - Trace]: [32mCreated grid[0m
[gsl_actionserver_node-3] [INFO] [1788875784.523056528] [GSL]: [DEBUG] After reduceOccupancyMap: free=641 obstacle=601 total=1242
[gsl_actionserver_node-3] [INFO] [1788875784.523479794] [GSL - Trace]: [32mPruned unreachable cells[0m
[gsl_actionserver_node-3] [INFO] [1788875784.523487701] [GSL]: [DEBUG] After PruneUnreachable: free=626 obstacle=616 total=1242
[gsl_actionserver_node-3] [INFO] [1788875784.523494980] [GSL]: [DEBUG] Grid dims: 46x27 scale=3 cellSize=0.3
[gsl_actionserver_node-3] [INFO] [1788875784.523501530] [GSL]: [DEBUG] Start pos: (2, 0)
[gsl_actionserver_node-3] [INFO] [1788875784.528956436] [GSL - Trace]: [32mCreated visibility map[0m
[gsl_actionserver_node-3] [INFO] [1788875784.542492076] [GSL]: Number of cells after fusing quadtree: 85
[gsl_actionserver_node-3] [INFO] [1788875784.543490490] [GSL - Trace]: [32mGot cost map[0m
[gsl_actionserver_node-3] [INFO] [1788875784.543514288] [GSL - Trace]: [32mEntering StopAndMeasure[0m
[gsl_actionserver_node-3] [INFO] [1788875784.543857482] [GSL]: [DEBUG-WIND] useGroundTruth=false gmrf_req_size=626 gaden_req_size=-1
[gsl_actionserver_node-3] [INFO] [1788875784.543869405] [GSL]: [DEBUG-WIND] Taking GMRF path
[gmrf_wind_mapping_node-2] --> MAP did not converge after 1 iterations.
[gmrf_wind_mapping_node-2] [GMRF] MAP Mean value estimated in 9.71429 milliseconds
[gmrf_wind_mapping_node-2] --> MAP did not converge after 1 iterations.
[gmrf_wind_mapping_node-2] [GMRF] MAP Mean value estimated in 9.71654 milliseconds
[gmrf_wind_mapping_node-2] --> MAP did not converge after 1 iterations.
[gmrf_wind_mapping_node-2] [GMRF] MAP Mean value estimated in 9.73438 milliseconds
[gmrf_wind_mapping_node-2] --> MAP did not converge after 1 iterations.
[gmrf_wind_mapping_node-2] [GMRF] MAP Mean value estimated in 9.74419 milliseconds
[gmrf_wind_mapping_node-2] --> MAP did not converge after 1 iterations.
[gmrf_wind_mapping_node-2] [GMRF] MAP Mean value estimated in 9.77692 milliseconds
[gmrf_wind_mapping_node-2] --> MAP did not converge after 1 iterations.
[gmrf_wind_mapping_node-2] [GMRF] MAP Mean value estimated in 9.81679 milliseconds
[gmrf_wind_mapping_node-2] --> MAP did not converge after 1 iterations.
[gmrf_wind_mapping_node-2] [GMRF] MAP Mean value estimated in 9.84091 milliseconds
[gmrf_wind_mapping_node-2] --> MAP did not converge after 1 iterations.
[gmrf_wind_mapping_node-2] [GMRF] MAP Mean value estimated in 9.87218 milliseconds
[gmrf_wind_mapping_node-2] --> MAP did not converge after 1 iterations.
[gmrf_wind_mapping_node-2] [GMRF] MAP Mean value estimated in 9.91045 milliseconds
[gmrf_wind_mapping_node-2] --> MAP did not converge after 1 iterations.
[gmrf_wind_mapping_node-2] [GMRF] MAP Mean value estimated in 9.9037 milliseconds
[gmrf_wind_mapping_node-2] --> MAP did not converge after 1 iterations.
[gmrf_wind_mapping_node-2] [GMRF] MAP Mean value estimated in 9.88235 milliseconds
[gmrf_wind_mapping_node-2] --> MAP did not converge after 1 iterations.
[gmrf_wind_mapping_node-2] [GMRF] MAP Mean value estimated in 9.86131 milliseconds
[gmrf_wind_mapping_node-2] --> MAP did not converge after 1 iterations.
[gmrf_wind_mapping_node-2] [GMRF] MAP Mean value estimated in 9.84058 milliseconds
[gmrf_wind_mapping_node-2] --> MAP did not converge after 1 iterations.
[gmrf_wind_mapping_node-2] [GMRF] MAP Mean value estimated in 9.82014 milliseconds
[gmrf_wind_mapping_node-2] --> MAP did not converge after 1 iterations.
[gmrf_wind_mapping_node-2] [GMRF] MAP Mean value estimated in 9.79286 milliseconds
[gmrf_wind_mapping_node-2] --> MAP did not converge after 1 iterations.
[gmrf_wind_mapping_node-2] [GMRF] MAP Mean value estimated in 9.79433 milliseconds
[gmrf_wind_mapping_node-2] --> MAP did not converge after 1 iterations.
[gmrf_wind_mapping_node-2] [GMRF] MAP Mean value estimated in 9.77465 milliseconds
[gmrf_wind_mapping_node-2] --> MAP did not converge after 1 iterations.
[gmrf_wind_mapping_node-2] [GMRF] MAP Mean value estimated in 9.74825 milliseconds
[gmrf_wind_mapping_node-2] --> MAP did not converge after 1 iterations.
[gmrf_wind_mapping_node-2] [GMRF] MAP Mean value estimated in 9.72917 milliseconds
[gmrf_wind_mapping_node-2] --> MAP did not converge after 1 iterations.
[gmrf_wind_mapping_node-2] [GMRF] MAP Mean value estimated in 9.70345 milliseconds
[gsl_actionserver_node-3] [INFO] [1788875786.521272019] [GSL]: 10 gas measurements, 10 wind measurements over 1.98 seconds
[gsl_actionserver_node-3] [INFO] [1788875786.521621944] [GSL]: avg_gas=0.061;  avg_windSpeed=0.2;  avg_wind_dir=-0.31
[gsl_actionserver_node-3] [INFO] [1788875786.522154324] [GSL]: [33mNOTHING [0m
[gsl_actionserver_node-3] [INFO] [1788875786.522165447] [GSL]: [DEBUG-WIND] useGroundTruth=false gmrf_req_size=626 gaden_req_size=-1
[gsl_actionserver_node-3] [INFO] [1788875786.522172588] [GSL]: [DEBUG-WIND] Taking GMRF path
[gsl_actionserver_node-3] [INFO] [1788875786.547641794] [GSL - Trace]: [32mEntering StopAndMeasure[0m
[gmrf_wind_mapping_node-2] --> MAP did not converge after 1 iterations.
[gmrf_wind_mapping_node-2] [GMRF] MAP Mean value estimated in 9.68493 milliseconds
[gmrf_wind_mapping_node-2] --> MAP did not converge after 1 iterations.
[gmrf_wind_mapping_node-2] [GMRF] MAP Mean value estimated in 9.65986 milliseconds
[gmrf_wind_mapping_node-2] --> MAP did not converge after 1 iterations.
[gmrf_wind_mapping_node-2] [GMRF] MAP Mean value estimated in 9.64189 milliseconds
[gmrf_wind_mapping_node-2] --> MAP did not converge after 1 iterations.
[gmrf_wind_mapping_node-2] [GMRF] MAP Mean value estimated in 9.61745 milliseconds
[gmrf_wind_mapping_node-2] --> MAP did not converge after 1 iterations.
[gmrf_wind_mapping_node-2] [GMRF] MAP Mean value estimated in 9.59333 milliseconds
[gmrf_wind_mapping_node-2] --> MAP did not converge after 1 iterations.
[gmrf_wind_mapping_node-2] [GMRF] MAP Mean value estimated in 9.60927 milliseconds
[gmrf_wind_mapping_node-2] --> MAP did not converge after 1 iterations.
[gmrf_wind_mapping_node-2] [GMRF] MAP Mean value estimated in 9.58553 milliseconds
[gmrf_wind_mapping_node-2] --> MAP did not converge after 1 iterations.
[gmrf_wind_mapping_node-2] [GMRF] MAP Mean value estimated in 9.56863 milliseconds
[gmrf_wind_mapping_node-2] --> MAP did not converge after 1 iterations.
[gmrf_wind_mapping_node-2] [GMRF] MAP Mean value estimated in 9.5974 milliseconds
[gmrf_wind_mapping_node-2] --> MAP did not converge after 1 iterations.
[gmrf_wind_mapping_node-2] [GMRF] MAP Mean value estimated in 9.60645 milliseconds
[gmrf_wind_mapping_node-2] --> MAP did not converge after 1 iterations.
[gmrf_wind_mapping_node-2] [GMRF] MAP Mean value estimated in 9.59615 milliseconds
[gmrf_wind_mapping_node-2] --> MAP did not converge after 1 iterations.
[gmrf_wind_mapping_node-2] [GMRF] MAP Mean value estimated in 9.57962 milliseconds
[gmrf_wind_mapping_node-2] --> MAP did not converge after 1 iterations.
[gmrf_wind_mapping_node-2] [GMRF] MAP Mean value estimated in 9.59494 milliseconds
[gmrf_wind_mapping_node-2] --> MAP did not converge after 1 iterations.
[gmrf_wind_mapping_node-2] [GMRF] MAP Mean value estimated in 9.60377 milliseconds
[gmrf_wind_mapping_node-2] --> MAP did not converge after 1 iterations.
[gmrf_wind_mapping_node-2] [GMRF] MAP Mean value estimated in 9.63125 milliseconds
[gmrf_wind_mapping_node-2] --> MAP did not converge after 1 iterations.
[gmrf_wind_mapping_node-2] [GMRF] MAP Mean value estimated in 9.64596 milliseconds
[gmrf_wind_mapping_node-2] --> MAP did not converge after 1 iterations.
[gmrf_wind_mapping_node-2] [GMRF] MAP Mean value estimated in 9.66049 milliseconds
[gmrf_wind_mapping_node-2] --> MAP did not converge after 1 iterations.
[gmrf_wind_mapping_node-2] [GMRF] MAP Mean value estimated in 9.68712 milliseconds
[gmrf_wind_mapping_node-2] --> MAP did not converge after 1 iterations.
[gmrf_wind_mapping_node-2] [GMRF] MAP Mean value estimated in 9.70732 milliseconds
[gmrf_wind_mapping_node-2] --> MAP did not converge after 1 iterations.
[gmrf_wind_mapping_node-2] [GMRF] MAP Mean value estimated in 9.71515 milliseconds
[gsl_actionserver_node-3] [INFO] [1788875788.521363956] [GSL]: 10 gas measurements, 10 wind measurements over 1.97 seconds
[gsl_actionserver_node-3] [INFO] [1788875788.521430707] [GSL]: avg_gas=0.083;  avg_windSpeed=0.18;  avg_wind_dir=-0.18
[gsl_actionserver_node-3] [INFO] [1788875788.521935196] [GSL]: [33mNOTHING [0m
[gsl_actionserver_node-3] [INFO] [1788875788.521945423] [GSL]: [DEBUG-WIND] useGroundTruth=false gmrf_req_size=626 gaden_req_size=-1
[gsl_actionserver_node-3] [INFO] [1788875788.521952453] [GSL]: [DEBUG-WIND] Taking GMRF path
[gsl_actionserver_node-3] [INFO] [1788875788.547559749] [GSL - Trace]: [32mEntering StopAndMeasure[0m
[gmrf_wind_mapping_node-2] --> MAP did not converge after 1 iterations.
[gmrf_wind_mapping_node-2] [GMRF] MAP Mean value estimated in 9.6988 milliseconds
[gmrf_wind_mapping_node-2] --> MAP did not converge after 1 iterations.
[gmrf_wind_mapping_node-2] [GMRF] MAP Mean value estimated in 9.67665 milliseconds
[gmrf_wind_mapping_node-2] --> MAP did not converge after 1 iterations.
[gmrf_wind_mapping_node-2] [GMRF] MAP Mean value estimated in 9.66071 milliseconds
[gmrf_wind_mapping_node-2] --> MAP did not converge after 1 iterations.
[gmrf_wind_mapping_node-2] [GMRF] MAP Mean value estimated in 9.64497 milliseconds
[gmrf_wind_mapping_node-2] --> MAP did not converge after 1 iterations.
[gmrf_wind_mapping_node-2] [GMRF] MAP Mean value estimated in 9.67059 milliseconds
[gmrf_wind_mapping_node-2] --> MAP did not converge after 1 iterations.
[gmrf_wind_mapping_node-2] [GMRF] MAP Mean value estimated in 9.70175 milliseconds
[gmrf_wind_mapping_node-2] --> MAP did not converge after 1 iterations.
[gmrf_wind_mapping_node-2] [GMRF] MAP Mean value estimated in 9.69767 milliseconds
[gmrf_wind_mapping_node-2] --> MAP did not converge after 1 iterations.
[gmrf_wind_mapping_node-2] [GMRF] MAP Mean value estimated in 9.72254 milliseconds
[gmrf_wind_mapping_node-2] --> MAP did not converge after 1 iterations.
[gmrf_wind_mapping_node-2] [GMRF] MAP Mean value estimated in 9.70115 milliseconds
[gmrf_wind_mapping_node-2] --> MAP did not converge after 1 iterations.
[gmrf_wind_mapping_node-2] [GMRF] MAP Mean value estimated in 9.71429 milliseconds
[gmrf_wind_mapping_node-2] --> MAP did not converge after 1 iterations.
[gmrf_wind_mapping_node-2] [GMRF] MAP Mean value estimated in 9.69886 milliseconds
[gmrf_wind_mapping_node-2] --> MAP did not converge after 1 iterations.
[gmrf_wind_mapping_node-2] [GMRF] MAP Mean value estimated in 9.71751 milliseconds
[gmrf_wind_mapping_node-2] --> MAP did not converge after 1 iterations.
[gmrf_wind_mapping_node-2] [GMRF] MAP Mean value estimated in 9.7191 milliseconds
[gmrf_wind_mapping_node-2] --> MAP did not converge after 1 iterations.
[gmrf_wind_mapping_node-2] [GMRF] MAP Mean value estimated in 9.70391 milliseconds
[gmrf_wind_mapping_node-2] --> MAP did not converge after 1 iterations.
[gmrf_wind_mapping_node-2] [GMRF] MAP Mean value estimated in 9.68333 milliseconds
[gmrf_wind_mapping_node-2] --> MAP did not converge after 1 iterations.
[gmrf_wind_mapping_node-2] [GMRF] MAP Mean value estimated in 9.70166 milliseconds
[gmrf_wind_mapping_node-2] --> MAP did not converge after 1 iterations.
[gmrf_wind_mapping_node-2] [GMRF] MAP Mean value estimated in 9.70879 milliseconds
[gmrf_wind_mapping_node-2] --> MAP did not converge after 1 iterations.
[gmrf_wind_mapping_node-2] [GMRF] MAP Mean value estimated in 9.73224 milliseconds
[gmrf_wind_mapping_node-2] --> MAP did not converge after 1 iterations.
[gmrf_wind_mapping_node-2] [GMRF] MAP Mean value estimated in 9.75543 milliseconds
[gmrf_wind_mapping_node-2] --> MAP did not converge after 1 iterations.
[gmrf_wind_mapping_node-2] [GMRF] MAP Mean value estimated in 9.76757 milliseconds
[gsl_actionserver_node-3] [INFO] [1788875790.521290929] [GSL]: 10 gas measurements, 10 wind measurements over 1.97 seconds
[gsl_actionserver_node-3] [INFO] [1788875790.521608938] [GSL]: avg_gas=0.087;  avg_windSpeed=0.2;  avg_wind_dir=-0.31
[gsl_actionserver_node-3] [INFO] [1788875790.522095723] [GSL]: [33mNOTHING [0m
[gsl_actionserver_node-3] [INFO] [1788875790.522105709] [GSL]: [DEBUG-WIND] useGroundTruth=false gmrf_req_size=626 gaden_req_size=-1
[gsl_actionserver_node-3] [INFO] [1788875790.522112670] [GSL]: [DEBUG-WIND] Taking GMRF path
[gsl_actionserver_node-3] [INFO] [1788875790.548165321] [GSL - Trace]: [32mEntering StopAndMeasure[0m
[gmrf_wind_mapping_node-2] --> MAP did not converge after 1 iterations.
[gmrf_wind_mapping_node-2] [GMRF] MAP Mean value estimated in 9.77419 milliseconds
[gmrf_wind_mapping_node-2] --> MAP did not converge after 1 iterations.
[gmrf_wind_mapping_node-2] [GMRF] MAP Mean value estimated in 9.75401 milliseconds
[gmrf_wind_mapping_node-2] --> MAP did not converge after 1 iterations.
[gmrf_wind_mapping_node-2] [GMRF] MAP Mean value estimated in 9.77128 milliseconds
[gmrf_wind_mapping_node-2] --> MAP did not converge after 1 iterations.
[gmrf_wind_mapping_node-2] [GMRF] MAP Mean value estimated in 9.75132 milliseconds
[gmrf_wind_mapping_node-2] --> MAP did not converge after 1 iterations.
[gmrf_wind_mapping_node-2] [GMRF] MAP Mean value estimated in 9.77368 milliseconds
[gmrf_wind_mapping_node-2] --> MAP did not converge after 1 iterations.
[gmrf_wind_mapping_node-2] [GMRF] MAP Mean value estimated in 9.76963 milliseconds
[gmrf_wind_mapping_node-2] --> MAP did not converge after 1 iterations.
[gmrf_wind_mapping_node-2] [GMRF] MAP Mean value estimated in 9.79688 milliseconds
[gmrf_wind_mapping_node-2] --> MAP did not converge after 1 iterations.
[gmrf_wind_mapping_node-2] [GMRF] MAP Mean value estimated in 9.82383 milliseconds
[gmrf_wind_mapping_node-2] --> MAP did not converge after 1 iterations.
[gmrf_wind_mapping_node-2] [GMRF] MAP Mean value estimated in 9.83505 milliseconds
[gmrf_wind_mapping_node-2] --> MAP did not converge after 1 iterations.
[gmrf_wind_mapping_node-2] [GMRF] MAP Mean value estimated in 9.83077 milliseconds
[gmrf_wind_mapping_node-2] --> MAP did not converge after 1 iterations.
[gmrf_wind_mapping_node-2] [GMRF] MAP Mean value estimated in 9.84184 milliseconds
[gmrf_wind_mapping_node-2] --> MAP did not converge after 1 iterations.
[gmrf_wind_mapping_node-2] [GMRF] MAP Mean value estimated in 9.8731 milliseconds
[gmrf_wind_mapping_node-2] --> MAP did not converge after 1 iterations.
[gmrf_wind_mapping_node-2] [GMRF] MAP Mean value estimated in 9.89899 milliseconds
[gmrf_wind_mapping_node-2] --> MAP did not converge after 1 iterations.
[gmrf_wind_mapping_node-2] [GMRF] MAP Mean value estimated in 9.88442 milliseconds
[gmrf_wind_mapping_node-2] --> MAP did not converge after 1 iterations.
[gmrf_wind_mapping_node-2] [GMRF] MAP Mean value estimated in 9.87 milliseconds
[gmrf_wind_mapping_node-2] --> MAP did not converge after 1 iterations.
[gmrf_wind_mapping_node-2] [GMRF] MAP Mean value estimated in 9.89055 milliseconds
[gmrf_wind_mapping_node-2] --> MAP did not converge after 1 iterations.
[gmrf_wind_mapping_node-2] [GMRF] MAP Mean value estimated in 9.87129 milliseconds
[gmrf_wind_mapping_node-2] --> MAP did not converge after 1 iterations.
[gmrf_wind_mapping_node-2] [GMRF] MAP Mean value estimated in 9.89163 milliseconds
[gmrf_wind_mapping_node-2] --> MAP did not converge after 1 iterations.
[gmrf_wind_mapping_node-2] [GMRF] MAP Mean value estimated in 9.87255 milliseconds
[gmrf_wind_mapping_node-2] --> MAP did not converge after 1 iterations.
[gmrf_wind_mapping_node-2] [GMRF] MAP Mean value estimated in 9.86341 milliseconds
[gsl_actionserver_node-3] [INFO] [1788875792.521494666] [GSL]: 10 gas measurements, 10 wind measurements over 1.97 seconds
[gsl_actionserver_node-3] [INFO] [1788875792.521579605] [GSL]: avg_gas=0.09;  avg_windSpeed=0.18;  avg_wind_dir=-0.18
[gsl_actionserver_node-3] [INFO] [1788875792.522123724] [GSL]: [33mNOTHING [0m
[gsl_actionserver_node-3] [INFO] [1788875792.522134287] [GSL]: [DEBUG-WIND] useGroundTruth=false gmrf_req_size=626 gaden_req_size=-1
[gsl_actionserver_node-3] [INFO] [1788875792.522141263] [GSL]: [DEBUG-WIND] Taking GMRF path
[gsl_actionserver_node-3] [INFO] [1788875792.548007284] [GSL - Trace]: [32mEntering StopAndMeasure[0m
[gmrf_wind_mapping_node-2] --> MAP did not converge after 1 iterations.
[gmrf_wind_mapping_node-2] [GMRF] MAP Mean value estimated in 9.84951 milliseconds
[gmrf_wind_mapping_node-2] --> MAP did not converge after 1 iterations.
[gmrf_wind_mapping_node-2] [GMRF] MAP Mean value estimated in 9.83092 milliseconds
[gmrf_wind_mapping_node-2] --> MAP did not converge after 1 iterations.
[gmrf_wind_mapping_node-2] [GMRF] MAP Mean value estimated in 9.81731 milliseconds
[gmrf_wind_mapping_node-2] --> MAP did not converge after 1 iterations.
[gmrf_wind_mapping_node-2] [GMRF] MAP Mean value estimated in 9.79904 milliseconds
[gmrf_wind_mapping_node-2] --> MAP did not converge after 1 iterations.
[gmrf_wind_mapping_node-2] [GMRF] MAP Mean value estimated in 9.80476 milliseconds
[gmrf_wind_mapping_node-2] --> MAP did not converge after 1 iterations.
[gmrf_wind_mapping_node-2] [GMRF] MAP Mean value estimated in 9.78673 milliseconds
[gmrf_wind_mapping_node-2] --> MAP did not converge after 1 iterations.
[gmrf_wind_mapping_node-2] [GMRF] MAP Mean value estimated in 9.76887 milliseconds
[gmrf_wind_mapping_node-2] --> MAP did not converge after 1 iterations.
[gmrf_wind_mapping_node-2] [GMRF] MAP Mean value estimated in 9.76526 milliseconds
[gmrf_wind_mapping_node-2] --> MAP did not converge after 1 iterations.
[gmrf_wind_mapping_node-2] [GMRF] MAP Mean value estimated in 9.74766 milliseconds
[gmrf_wind_mapping_node-2] --> MAP did not converge after 1 iterations.
[gmrf_wind_mapping_node-2] [GMRF] MAP Mean value estimated in 9.73488 milliseconds
[gmrf_wind_mapping_node-2] --> MAP did not converge after 1 iterations.
[gmrf_wind_mapping_node-2] [GMRF] MAP Mean value estimated in 9.72222 milliseconds
[gmrf_wind_mapping_node-2] --> MAP did not converge after 1 iterations.
[gmrf_wind_mapping_node-2] [GMRF] MAP Mean value estimated in 9.7235 milliseconds
[gmrf_wind_mapping_node-2] --> MAP did not converge after 1 iterations.
[gmrf_wind_mapping_node-2] [GMRF] MAP Mean value estimated in 9.71101 milliseconds
[gmrf_wind_mapping_node-2] --> MAP did not converge after 1 iterations.
[gmrf_wind_mapping_node-2] [GMRF] MAP Mean value estimated in 9.69406 milliseconds
[gmrf_wind_mapping_node-2] --> MAP did not converge after 1 iterations.
[gmrf_wind_mapping_node-2] [GMRF] MAP Mean value estimated in 9.67727 milliseconds
[gmrf_wind_mapping_node-2] --> MAP did not converge after 1 iterations.
[gmrf_wind_mapping_node-2] [GMRF] MAP Mean value estimated in 9.66063 milliseconds
[gmrf_wind_mapping_node-2] --> MAP did not converge after 1 iterations.
[gmrf_wind_mapping_node-2] [GMRF] MAP Mean value estimated in 9.66667 milliseconds
[gmrf_wind_mapping_node-2] --> MAP did not converge after 1 iterations.
[gmrf_wind_mapping_node-2] [GMRF] MAP Mean value estimated in 9.6861 milliseconds
[gmrf_wind_mapping_node-2] --> MAP did not converge after 1 iterations.
[gmrf_wind_mapping_node-2] [GMRF] MAP Mean value estimated in 9.67411 milliseconds
[gmrf_wind_mapping_node-2] --> MAP did not converge after 1 iterations.
[gmrf_wind_mapping_node-2] [GMRF] MAP Mean value estimated in 9.65778 milliseconds
[gsl_actionserver_node-3] [INFO] [1788875794.521348288] [GSL]: 10 gas measurements, 10 wind measurements over 1.97 seconds
[gsl_actionserver_node-3] [INFO] [1788875794.521672207] [GSL]: avg_gas=0.047;  avg_windSpeed=0.2;  avg_wind_dir=-0.31
[gsl_actionserver_node-3] [INFO] [1788875794.522308599] [GSL]: [33mNOTHING [0m
[gsl_actionserver_node-3] [INFO] [1788875794.522332715] [GSL]: [DEBUG-WIND] useGroundTruth=false gmrf_req_size=626 gaden_req_size=-1
[gsl_actionserver_node-3] [INFO] [1788875794.522339955] [GSL]: [DEBUG-WIND] Taking GMRF path
[gsl_actionserver_node-3] [INFO] [1788875794.547592678] [GSL - Trace]: [32mEntering StopAndMeasure[0m
[gmrf_wind_mapping_node-2] --> MAP did not converge after 1 iterations.
[gmrf_wind_mapping_node-2] [GMRF] MAP Mean value estimated in 9.64602 milliseconds
[gmrf_wind_mapping_node-2] --> MAP did not converge after 1 iterations.
[gmrf_wind_mapping_node-2] [GMRF] MAP Mean value estimated in 9.66079 milliseconds
[gmrf_wind_mapping_node-2] --> MAP did not converge after 1 iterations.
[gmrf_wind_mapping_node-2] [GMRF] MAP Mean value estimated in 9.64474 milliseconds
[gmrf_wind_mapping_node-2] --> MAP did not converge after 1 iterations.
[gmrf_wind_mapping_node-2] [GMRF] MAP Mean value estimated in 9.64629 milliseconds
[gmrf_wind_mapping_node-2] --> MAP did not converge after 1 iterations.
[gmrf_wind_mapping_node-2] [GMRF] MAP Mean value estimated in 9.65652 milliseconds
[gmrf_wind_mapping_node-2] --> MAP did not converge after 1 iterations.
[gmrf_wind_mapping_node-2] [GMRF] MAP Mean value estimated in 9.66234 milliseconds
[gmrf_wind_mapping_node-2] --> MAP did not converge after 1 iterations.
[gmrf_wind_mapping_node-2] [GMRF] MAP Mean value estimated in 9.65086 milliseconds
[gmrf_wind_mapping_node-2] --> MAP did not converge after 1 iterations.
[gmrf_wind_mapping_node-2] [GMRF] MAP Mean value estimated in 9.63948 milliseconds
[gmrf_wind_mapping_node-2] --> MAP did not converge after 1 iterations.
[gmrf_wind_mapping_node-2] [GMRF] MAP Mean value estimated in 9.65385 milliseconds
[gmrf_wind_mapping_node-2] --> MAP did not converge after 1 iterations.
[gmrf_wind_mapping_node-2] [GMRF] MAP Mean value estimated in 9.64255 milliseconds
[gmrf_wind_mapping_node-2] --> MAP did not converge after 1 iterations.
[gmrf_wind_mapping_node-2] [GMRF] MAP Mean value estimated in 9.64407 milliseconds
[gmrf_wind_mapping_node-2] --> MAP did not converge after 1 iterations.
[gmrf_wind_mapping_node-2] [GMRF] MAP Mean value estimated in 9.65401 milliseconds
[gmrf_wind_mapping_node-2] --> MAP did not converge after 1 iterations.
[gmrf_wind_mapping_node-2] [GMRF] MAP Mean value estimated in 9.66387 milliseconds
[gmrf_wind_mapping_node-2] --> MAP did not converge after 1 iterations.
[gmrf_wind_mapping_node-2] [GMRF] MAP Mean value estimated in 9.65272 milliseconds
[gmrf_wind_mapping_node-2] --> MAP did not converge after 1 iterations.
[gmrf_wind_mapping_node-2] [GMRF] MAP Mean value estimated in 9.6375 milliseconds
[gmrf_wind_mapping_node-2] --> MAP did not converge after 1 iterations.
[gmrf_wind_mapping_node-2] [GMRF] MAP Mean value estimated in 9.639 milliseconds
[gmrf_wind_mapping_node-2] --> MAP did not converge after 1 iterations.
[gmrf_wind_mapping_node-2] [GMRF] MAP Mean value estimated in 9.6405 milliseconds
[gmrf_wind_mapping_node-2] --> MAP did not converge after 1 iterations.
[gmrf_wind_mapping_node-2] [GMRF] MAP Mean value estimated in 9.65844 milliseconds
[gmrf_wind_mapping_node-2] --> MAP did not converge after 1 iterations.
[gmrf_wind_mapping_node-2] [GMRF] MAP Mean value estimated in 9.67213 milliseconds
[gmrf_wind_mapping_node-2] --> MAP did not converge after 1 iterations.
[gmrf_wind_mapping_node-2] [GMRF] MAP Mean value estimated in 9.67755 milliseconds
[gsl_actionserver_node-3] [INFO] [1788875796.521269861] [GSL]: 10 gas measurements, 10 wind measurements over 1.97 seconds
[gsl_actionserver_node-3] [INFO] [1788875796.521338745] [GSL]: avg_gas=0.092;  avg_windSpeed=0.18;  avg_wind_dir=-0.18
[gsl_actionserver_node-3] [INFO] [1788875796.521817818] [GSL]: [33mNOTHING [0m
[gsl_actionserver_node-3] [INFO] [1788875796.521827287] [GSL]: [DEBUG-WIND] useGroundTruth=false gmrf_req_size=626 gaden_req_size=-1
[gsl_actionserver_node-3] [INFO] [1788875796.521833931] [GSL]: [DEBUG-WIND] Taking GMRF path
[gsl_actionserver_node-3] [INFO] [1788875796.547775412] [GSL - Trace]: [32mEntering StopAndMeasure[0m
[gmrf_wind_mapping_node-2] --> MAP did not converge after 1 iterations.
[gmrf_wind_mapping_node-2] [GMRF] MAP Mean value estimated in 9.67886 milliseconds
[gmrf_wind_mapping_node-2] --> MAP did not converge after 1 iterations.
[gmrf_wind_mapping_node-2] [GMRF] MAP Mean value estimated in 9.66802 milliseconds
[gmrf_wind_mapping_node-2] --> MAP did not converge after 1 iterations.
[gmrf_wind_mapping_node-2] [GMRF] MAP Mean value estimated in 9.68548 milliseconds
[gmrf_wind_mapping_node-2] --> MAP did not converge after 1 iterations.
[gmrf_wind_mapping_node-2] [GMRF] MAP Mean value estimated in 9.69076 milliseconds
[gmrf_wind_mapping_node-2] --> MAP did not converge after 1 iterations.
[gmrf_wind_mapping_node-2] [GMRF] MAP Mean value estimated in 9.708 milliseconds
[gmrf_wind_mapping_node-2] --> MAP did not converge after 1 iterations.
[gmrf_wind_mapping_node-2] [GMRF] MAP Mean value estimated in 9.72112 milliseconds
[gmrf_wind_mapping_node-2] --> MAP did not converge after 1 iterations.
[gmrf_wind_mapping_node-2] [GMRF] MAP Mean value estimated in 9.71032 milliseconds
[gmrf_wind_mapping_node-2] --> MAP did not converge after 1 iterations.
[gmrf_wind_mapping_node-2] [GMRF] MAP Mean value estimated in 9.72727 milliseconds
[gmrf_wind_mapping_node-2] --> MAP did not converge after 1 iterations.
[gmrf_wind_mapping_node-2] [GMRF] MAP Mean value estimated in 9.72835 milliseconds
[gmrf_wind_mapping_node-2] --> MAP did not converge after 1 iterations.
[gmrf_wind_mapping_node-2] [GMRF] MAP Mean value estimated in 9.72549 milliseconds
[gmrf_wind_mapping_node-2] --> MAP did not converge after 1 iterations.
[gmrf_wind_mapping_node-2] [GMRF] MAP Mean value estimated in 9.71094 milliseconds
[gmrf_wind_mapping_node-2] --> MAP did not converge after 1 iterations.
[gmrf_wind_mapping_node-2] [GMRF] MAP Mean value estimated in 9.73152 milliseconds
[gmrf_wind_mapping_node-2] --> MAP did not converge after 1 iterations.
[gmrf_wind_mapping_node-2] [GMRF] MAP Mean value estimated in 9.74806 milliseconds
[gmrf_wind_mapping_node-2] --> MAP did not converge after 1 iterations.
[gmrf_wind_mapping_node-2] [GMRF] MAP Mean value estimated in 9.73745 milliseconds
[gmrf_wind_mapping_node-2] --> MAP did not converge after 1 iterations.
[gmrf_wind_mapping_node-2] [GMRF] MAP Mean value estimated in 9.75 milliseconds
[gmrf_wind_mapping_node-2] --> MAP did not converge after 1 iterations.
[gmrf_wind_mapping_node-2] [GMRF] MAP Mean value estimated in 9.76628 milliseconds
[gmrf_wind_mapping_node-2] --> MAP did not converge after 1 iterations.
[gmrf_wind_mapping_node-2] [GMRF] MAP Mean value estimated in 9.76718 milliseconds
[gmrf_wind_mapping_node-2] --> MAP did not converge after 1 iterations.
[gmrf_wind_mapping_node-2] [GMRF] MAP Mean value estimated in 9.75285 milliseconds
[gmrf_wind_mapping_node-2] --> MAP did not converge after 1 iterations.
[gmrf_wind_mapping_node-2] [GMRF] MAP Mean value estimated in 9.74621 milliseconds
[gmrf_wind_mapping_node-2] --> MAP did not converge after 1 iterations.
[gmrf_wind_mapping_node-2] [GMRF] MAP Mean value estimated in 9.73962 milliseconds
[gsl_actionserver_node-3] [INFO] [1788875798.521363668] [GSL]: 10 gas measurements, 10 wind measurements over 1.97 seconds
[gsl_actionserver_node-3] [INFO] [1788875798.521428538] [GSL]: avg_gas=0.13;  avg_windSpeed=0.2;  avg_wind_dir=-0.31
[gsl_actionserver_node-3] [INFO] [1788875798.522365804] [GSL]: [33mGAS HIT[0m
[gsl_actionserver_node-3] [INFO] [1788875798.522392074] [GSL]: [DEBUG-WIND] useGroundTruth=false gmrf_req_size=626 gaden_req_size=-1
[gsl_actionserver_node-3] [INFO] [1788875798.522399045] [GSL]: [DEBUG-WIND] Taking GMRF path
[gsl_actionserver_node-3] [INFO] [1788875798.547715538] [GSL - Trace]: [32mEntering StopAndMeasure[0m
[gmrf_wind_mapping_node-2] --> MAP did not converge after 1 iterations.
[gmrf_wind_mapping_node-2] [GMRF] MAP Mean value estimated in 9.72932 milliseconds
[gmrf_wind_mapping_node-2] --> MAP did not converge after 1 iterations.
[gmrf_wind_mapping_node-2] [GMRF] MAP Mean value estimated in 9.7191 milliseconds
[gmrf_wind_mapping_node-2] --> MAP did not converge after 1 iterations.
[gmrf_wind_mapping_node-2] [GMRF] MAP Mean value estimated in 9.70522 milliseconds
[gmrf_wind_mapping_node-2] --> MAP did not converge after 1 iterations.
[gmrf_wind_mapping_node-2] [GMRF] MAP Mean value estimated in 9.69145 milliseconds
[gmrf_wind_mapping_node-2] --> MAP did not converge after 1 iterations.
[gmrf_wind_mapping_node-2] [GMRF] MAP Mean value estimated in 9.67778 milliseconds
[gmrf_wind_mapping_node-2] --> MAP did not converge after 1 iterations.
[gmrf_wind_mapping_node-2] [GMRF] MAP Mean value estimated in 9.68266 milliseconds
[gmrf_wind_mapping_node-2] --> MAP did not converge after 1 iterations.
[gmrf_wind_mapping_node-2] [GMRF] MAP Mean value estimated in 9.67279 milliseconds
[gmrf_wind_mapping_node-2] --> MAP did not converge after 1 iterations.
[gmrf_wind_mapping_node-2] [GMRF] MAP Mean value estimated in 9.67766 milliseconds
[gmrf_wind_mapping_node-2] --> MAP did not converge after 1 iterations.
[gmrf_wind_mapping_node-2] [GMRF] MAP Mean value estimated in 9.68248 milliseconds
[gmrf_wind_mapping_node-2] --> MAP did not converge after 1 iterations.
[gmrf_wind_mapping_node-2] [GMRF] MAP Mean value estimated in 9.68 milliseconds
[gmrf_wind_mapping_node-2] --> MAP did not converge after 1 iterations.
[gmrf_wind_mapping_node-2] [GMRF] MAP Mean value estimated in 9.68841 milliseconds
[gmrf_wind_mapping_node-2] --> MAP did not converge after 1 iterations.
[gmrf_wind_mapping_node-2] [GMRF] MAP Mean value estimated in 9.71119 milliseconds
[gmrf_wind_mapping_node-2] --> MAP did not converge after 1 iterations.
[gmrf_wind_mapping_node-2] [GMRF] MAP Mean value estimated in 9.71942 milliseconds
[gmrf_wind_mapping_node-2] --> MAP did not converge after 1 iterations.
[gmrf_wind_mapping_node-2] [GMRF] MAP Mean value estimated in 9.72401 milliseconds
[gmrf_wind_mapping_node-2] --> MAP did not converge after 1 iterations.
[gmrf_wind_mapping_node-2] [GMRF] MAP Mean value estimated in 9.73571 milliseconds
[gmrf_wind_mapping_node-2] --> MAP did not converge after 1 iterations.
[gmrf_wind_mapping_node-2] [GMRF] MAP Mean value estimated in 9.75445 milliseconds
[gmrf_wind_mapping_node-2] --> MAP did not converge after 1 iterations.
[gmrf_wind_mapping_node-2] [GMRF] MAP Mean value estimated in 9.74113 milliseconds
[gmrf_wind_mapping_node-2] --> MAP did not converge after 1 iterations.
[gmrf_wind_mapping_node-2] [GMRF] MAP Mean value estimated in 9.75265 milliseconds
[gmrf_wind_mapping_node-2] --> MAP did not converge after 1 iterations.
[gmrf_wind_mapping_node-2] [GMRF] MAP Mean value estimated in 9.73944 milliseconds
[gmrf_wind_mapping_node-2] --> MAP did not converge after 1 iterations.
[gmrf_wind_mapping_node-2] [GMRF] MAP Mean value estimated in 9.74386 milliseconds
[gsl_actionserver_node-3] [INFO] [1788875800.521251699] [GSL]: 10 gas measurements, 10 wind measurements over 1.97 seconds
[gsl_actionserver_node-3] [INFO] [1788875800.521308229] [GSL]: avg_gas=0.094;  avg_windSpeed=0.18;  avg_wind_dir=-0.18
[gsl_actionserver_node-3] [INFO] [1788875800.521753537] [GSL]: [33mNOTHING [0m
[gsl_actionserver_node-3] [INFO] [1788875800.521762478] [GSL]: [DEBUG-WIND] useGroundTruth=false gmrf_req_size=626 gaden_req_size=-1
[gsl_actionserver_node-3] [INFO] [1788875800.521768797] [GSL]: [DEBUG-WIND] Taking GMRF path
[gmrf_wind_mapping_node-2] --> MAP did not converge after 1 iterations.
[gmrf_wind_mapping_node-2] [GMRF] MAP Mean value estimated in 9.73776 milliseconds
[gsl_actionserver_node-3] [INFO] [1788875800.560990212] [GSL]: Max mutual info: 6.439
[gsl_actionserver_node-3] [WARN] [1788875800.561530111] [rcl.logging_rosout]: Publisher already registered for provided node name. If this is due to multiple nodes with the same name then all logs for that logger name will go out over the existing publisher. As soon as any node with that name is destructed it will unregister the publisher, preventing any further logs for that name from being published on the rosout topic.
[gsl_actionserver_node-3] [INFO] [1788875800.575103692] [GSL]: MutualInformation - Ellapsed: 0.027s
[vgr_sim_node-1] [WARN] [1788875800.578906750] [vgr_uav_sim]: PLAN_CB: called with goal=(1.10,0.39)
[vgr_sim_node-1] [WARN] [1788875800.580315094] [vgr_uav_sim]: PLAN_CB: returning 5 poses
[vgr_sim_node-1] [WARN] [1788875800.591984028] [vgr_uav_sim]: PLAN_CB: called with goal=(1.10,0.39)
[vgr_sim_node-1] [WARN] [1788875800.593194532] [vgr_uav_sim]: PLAN_CB: returning 5 poses
[gsl_actionserver_node-3] [INFO] [1788875800.602397379] [GSL]: Sending goal (1.10, 0.39)
[gsl_actionserver_node-3] [INFO] [1788875800.603178318] [GSL]: Variance: 18.45
[gsl_actionserver_node-3] [INFO] [1788875800.603202804] [GSL - Trace]: [32mEntering Moving[0m
[vgr_sim_node-1] [INFO] [1788875800.604232563] [vgr_uav_sim]: Prepared 5 collision-free navigation waypoints to (1.10, 0.39)
[vgr_sim_node-1] [INFO] [1788875800.605271216] [vgr_uav_sim]: UAV navigating in audited 2-D mode to (1.10, 0.39, 0.30)
[gmrf_wind_mapping_node-2] --> MAP did not converge after 1 iterations.
[gmrf_wind_mapping_node-2] [GMRF] MAP Mean value estimated in 9.72822 milliseconds
[gmrf_wind_mapping_node-2] --> MAP did not converge after 1 iterations.
[gmrf_wind_mapping_node-2] [GMRF] MAP Mean value estimated in 9.71875 milliseconds
[gmrf_wind_mapping_node-2] --> MAP did not converge after 1 iterations.
[gmrf_wind_mapping_node-2] [GMRF] MAP Mean value estimated in 9.70934 milliseconds
[gmrf_wind_mapping_node-2] --> MAP did not converge after 1 iterations.
[gmrf_wind_mapping_node-2] [GMRF] MAP Mean value estimated in 9.69655 milliseconds
[gmrf_wind_mapping_node-2] --> MAP did not converge after 1 iterations.
[gmrf_wind_mapping_node-2] [GMRF] MAP Mean value estimated in 9.68729 milliseconds
[gmrf_wind_mapping_node-2] --> MAP did not converge after 1 iterations.
[gmrf_wind_mapping_node-2] [GMRF] MAP Mean value estimated in 9.67808 milliseconds
[gmrf_wind_mapping_node-2] --> MAP did not converge after 1 iterations.
[gmrf_wind_mapping_node-2] [GMRF] MAP Mean value estimated in 9.66894 milliseconds
[gmrf_wind_mapping_node-2] --> MAP did not converge after 1 iterations.
[gmrf_wind_mapping_node-2] [GMRF] MAP Mean value estimated in 9.65646 milliseconds
[gsl_actionserver_node-3] [INFO] [1788875801.371622899] [GSL - Trace]: [32mEntering StopAndMeasure[0m
[gmrf_wind_mapping_node-2] --> MAP did not converge after 1 iterations.
[gmrf_wind_mapping_node-2] [GMRF] MAP Mean value estimated in 9.64746 milliseconds
[gmrf_wind_mapping_node-2] --> MAP did not converge after 1 iterations.
[gmrf_wind_mapping_node-2] [GMRF] MAP Mean value estimated in 9.63851 milliseconds
[gmrf_wind_mapping_node-2] --> MAP did not converge after 1 iterations.
[gmrf_wind_mapping_node-2] [GMRF] MAP Mean value estimated in 9.62963 milliseconds
[gmrf_wind_mapping_node-2] --> MAP did not converge after 1 iterations.
[gmrf_wind_mapping_node-2] [GMRF] MAP Mean value estimated in 9.62416 milliseconds
[gmrf_wind_mapping_node-2] --> MAP did not converge after 1 iterations.
[gmrf_wind_mapping_node-2] [GMRF] MAP Mean value estimated in 9.61538 milliseconds
[gmrf_wind_mapping_node-2] --> MAP did not converge after 1 iterations.
[gmrf_wind_mapping_node-2] [GMRF] MAP Mean value estimated in 9.62333 milliseconds
[gmrf_wind_mapping_node-2] --> MAP did not converge after 1 iterations.
[gmrf_wind_mapping_node-2] [GMRF] MAP Mean value estimated in 9.6412 milliseconds
[gmrf_wind_mapping_node-2] --> MAP did not converge after 1 iterations.
[gmrf_wind_mapping_node-2] [GMRF] MAP Mean value estimated in 9.65563 milliseconds
[gmrf_wind_mapping_node-2] --> MAP did not converge after 1 iterations.
[gmrf_wind_mapping_node-2] [GMRF] MAP Mean value estimated in 9.67327 milliseconds
[gmrf_wind_mapping_node-2] --> MAP did not converge after 1 iterations.
[gmrf_wind_mapping_node-2] [GMRF] MAP Mean value estimated in 9.67763 milliseconds
[gmrf_wind_mapping_node-2] --> MAP did not converge after 1 iterations.
[gmrf_wind_mapping_node-2] [GMRF] MAP Mean value estimated in 9.66885 milliseconds
[gmrf_wind_mapping_node-2] --> MAP did not converge after 1 iterations.
[gmrf_wind_mapping_node-2] [GMRF] MAP Mean value estimated in 9.67647 milliseconds
[gmrf_wind_mapping_node-2] --> MAP did not converge after 1 iterations.
[gmrf_wind_mapping_node-2] [GMRF] MAP Mean value estimated in 9.69055 milliseconds
[gmrf_wind_mapping_node-2] --> MAP did not converge after 1 iterations.
[gmrf_wind_mapping_node-2] [GMRF] MAP Mean value estimated in 9.69156 milliseconds
[gmrf_wind_mapping_node-2] --> MAP did not converge after 1 iterations.
[gmrf_wind_mapping_node-2] [GMRF] MAP Mean value estimated in 9.70227 milliseconds
[gmrf_wind_mapping_node-2] --> MAP did not converge after 1 iterations.
[gmrf_wind_mapping_node-2] [GMRF] MAP Mean value estimated in 9.70968 milliseconds
[gmrf_wind_mapping_node-2] --> MAP did not converge after 1 iterations.
[gmrf_wind_mapping_node-2] [GMRF] MAP Mean value estimated in 9.70096 milliseconds
[gmrf_wind_mapping_node-2] --> MAP did not converge after 1 iterations.
[gmrf_wind_mapping_node-2] [GMRF] MAP Mean value estimated in 9.70833 milliseconds
[gmrf_wind_mapping_node-2] --> MAP did not converge after 1 iterations.
[gmrf_wind_mapping_node-2] [GMRF] MAP Mean value estimated in 9.72524 milliseconds
[gsl_actionserver_node-3] [INFO] [1788875803.321379671] [GSL]: 10 gas measurements, 10 wind measurements over 1.95 seconds
[gsl_actionserver_node-3] [INFO] [1788875803.321450849] [GSL]: avg_gas=0.04;  avg_windSpeed=0.18;  avg_wind_dir=-1.3
[gsl_actionserver_node-3] [INFO] [1788875803.322028892] [GSL]: [33mNOTHING [0m
[gsl_actionserver_node-3] [INFO] [1788875803.322047518] [GSL]: [DEBUG-WIND] useGroundTruth=false gmrf_req_size=626 gaden_req_size=-1
[gsl_actionserver_node-3] [INFO] [1788875803.322059949] [GSL]: [DEBUG-WIND] Taking GMRF path
[gsl_actionserver_node-3] [INFO] [1788875803.348061136] [GSL - Trace]: [32mEntering StopAndMeasure[0m
[gmrf_wind_mapping_node-2] --> MAP did not converge after 1 iterations.
[gmrf_wind_mapping_node-2] [GMRF] MAP Mean value estimated in 9.72611 milliseconds
[gmrf_wind_mapping_node-2] --> MAP did not converge after 1 iterations.
[gmrf_wind_mapping_node-2] [GMRF] MAP Mean value estimated in 9.73333 milliseconds
[gmrf_wind_mapping_node-2] --> MAP did not converge after 1 iterations.
[gmrf_wind_mapping_node-2] [GMRF] MAP Mean value estimated in 9.72468 milliseconds
[gmrf_wind_mapping_node-2] --> MAP did not converge after 1 iterations.
[gmrf_wind_mapping_node-2] [GMRF] MAP Mean value estimated in 9.72871 milliseconds
[gmrf_wind_mapping_node-2] --> MAP did not converge after 1 iterations.
[gmrf_wind_mapping_node-2] [GMRF] MAP Mean value estimated in 9.73585 milliseconds
[gmrf_wind_mapping_node-2] --> MAP did not converge after 1 iterations.
[gmrf_wind_mapping_node-2] [GMRF] MAP Mean value estimated in 9.74608 milliseconds
[gmrf_wind_mapping_node-2] --> MAP did not converge after 1 iterations.
[gmrf_wind_mapping_node-2] [GMRF] MAP Mean value estimated in 9.7375 milliseconds
[gmrf_wind_mapping_node-2] --> MAP did not converge after 1 iterations.
[gmrf_wind_mapping_node-2] [GMRF] MAP Mean value estimated in 9.74766 milliseconds
[gmrf_wind_mapping_node-2] --> MAP did not converge after 1 iterations.
[gmrf_wind_mapping_node-2] [GMRF] MAP Mean value estimated in 9.76087 milliseconds
[gmrf_wind_mapping_node-2] --> MAP did not converge after 1 iterations.
[gmrf_wind_mapping_node-2] [GMRF] MAP Mean value estimated in 9.7709 milliseconds
[gmrf_wind_mapping_node-2] --> MAP did not converge after 1 iterations.
[gmrf_wind_mapping_node-2] [GMRF] MAP Mean value estimated in 9.78086 milliseconds
[gmrf_wind_mapping_node-2] --> MAP did not converge after 1 iterations.
[gmrf_wind_mapping_node-2] [GMRF] MAP Mean value estimated in 9.78154 milliseconds
[gmrf_wind_mapping_node-2] --> MAP did not converge after 1 iterations.
[gmrf_wind_mapping_node-2] [GMRF] MAP Mean value estimated in 9.77301 milliseconds
[gmrf_wind_mapping_node-2] --> MAP did not converge after 1 iterations.
[gmrf_wind_mapping_node-2] [GMRF] MAP Mean value estimated in 9.77676 milliseconds
[gmrf_wind_mapping_node-2] --> MAP did not converge after 1 iterations.
[gmrf_wind_mapping_node-2] [GMRF] MAP Mean value estimated in 9.78049 milliseconds
[gmrf_wind_mapping_node-2] --> MAP did not converge after 1 iterations.
[gmrf_wind_mapping_node-2] [GMRF] MAP Mean value estimated in 9.77812 milliseconds
[gmrf_wind_mapping_node-2] --> MAP did not converge after 1 iterations.
[gmrf_wind_mapping_node-2] [GMRF] MAP Mean value estimated in 9.7697 milliseconds
[gmrf_wind_mapping_node-2] --> MAP did not converge after 1 iterations.
[gmrf_wind_mapping_node-2] [GMRF] MAP Mean value estimated in 9.77946 milliseconds
[gmrf_wind_mapping_node-2] --> MAP did not converge after 1 iterations.
[gmrf_wind_mapping_node-2] [GMRF] MAP Mean value estimated in 9.78916 milliseconds
[gmrf_wind_mapping_node-2] --> MAP did not converge after 1 iterations.
[gmrf_wind_mapping_node-2] [GMRF] MAP Mean value estimated in 9.7988 milliseconds
[gsl_actionserver_node-3] [INFO] [1788875805.321628313] [GSL]: 10 gas measurements, 10 wind measurements over 1.97 seconds
[gsl_actionserver_node-3] [INFO] [1788875805.321752914] [GSL]: avg_gas=0.055;  avg_windSpeed=0.25;  avg_wind_dir=-1.1
[gsl_actionserver_node-3] [INFO] [1788875805.322591278] [GSL]: [33mNOTHING [0m
[gsl_actionserver_node-3] [INFO] [1788875805.322609290] [GSL]: [DEBUG-WIND] useGroundTruth=false gmrf_req_size=626 gaden_req_size=-1
[gsl_actionserver_node-3] [INFO] [1788875805.322621437] [GSL]: [DEBUG-WIND] Taking GMRF path
[gsl_actionserver_node-3] [INFO] [1788875805.348079817] [GSL - Trace]: [32mEntering StopAndMeasure[0m
[gmrf_wind_mapping_node-2] --> MAP did not converge after 1 iterations.
[gmrf_wind_mapping_node-2] [GMRF] MAP Mean value estimated in 9.80539 milliseconds
[gmrf_wind_mapping_node-2] --> MAP did not converge after 1 iterations.
[gmrf_wind_mapping_node-2] [GMRF] MAP Mean value estimated in 9.80896 milliseconds
[gmrf_wind_mapping_node-2] --> MAP did not converge after 1 iterations.
[gmrf_wind_mapping_node-2] [GMRF] MAP Mean value estimated in 9.81548 milliseconds
[gmrf_wind_mapping_node-2] --> MAP did not converge after 1 iterations.
[gmrf_wind_mapping_node-2] [GMRF] MAP Mean value estimated in 9.82789 milliseconds
[gmrf_wind_mapping_node-2] --> MAP did not converge after 1 iterations.
[gmrf_wind_mapping_node-2] [GMRF] MAP Mean value estimated in 9.81953 milliseconds
[gmrf_wind_mapping_node-2] --> MAP did not converge after 1 iterations.
[gmrf_wind_mapping_node-2] [GMRF] MAP Mean value estimated in 9.82596 milliseconds
[gmrf_wind_mapping_node-2] --> MAP did not converge after 1 iterations.
[gmrf_wind_mapping_node-2] [GMRF] MAP Mean value estimated in 9.82059 milliseconds
[gmrf_wind_mapping_node-2] --> MAP did not converge after 1 iterations.
[gmrf_wind_mapping_node-2] [GMRF] MAP Mean value estimated in 9.82405 milliseconds
[gmrf_wind_mapping_node-2] --> MAP did not converge after 1 iterations.
[gmrf_wind_mapping_node-2] [GMRF] MAP Mean value estimated in 9.83333 milliseconds
[gmrf_wind_mapping_node-2] --> MAP did not converge after 1 iterations.
[gmrf_wind_mapping_node-2] [GMRF] MAP Mean value estimated in 9.84548 milliseconds
[gmrf_wind_mapping_node-2] --> MAP did not converge after 1 iterations.
[gmrf_wind_mapping_node-2] [GMRF] MAP Mean value estimated in 9.85756 milliseconds
[gmrf_wind_mapping_node-2] --> MAP did not converge after 1 iterations.
[gmrf_wind_mapping_node-2] [GMRF] MAP Mean value estimated in 9.85797 milliseconds
[gmrf_wind_mapping_node-2] --> MAP did not converge after 1 iterations.
[gmrf_wind_mapping_node-2] [GMRF] MAP Mean value estimated in 9.85838 milliseconds
[gmrf_wind_mapping_node-2] --> MAP did not converge after 1 iterations.
[gmrf_wind_mapping_node-2] [GMRF] MAP Mean value estimated in 9.85303 milliseconds
[gmrf_wind_mapping_node-2] --> MAP did not converge after 1 iterations.
[gmrf_wind_mapping_node-2] [GMRF] MAP Mean value estimated in 9.8592 milliseconds
[gmrf_wind_mapping_node-2] --> MAP did not converge after 1 iterations.
[gmrf_wind_mapping_node-2] [GMRF] MAP Mean value estimated in 9.86819 milliseconds
[gmrf_wind_mapping_node-2] --> MAP did not converge after 1 iterations.
[gmrf_wind_mapping_node-2] [GMRF] MAP Mean value estimated in 9.87714 milliseconds
[gmrf_wind_mapping_node-2] --> MAP did not converge after 1 iterations.
[gmrf_wind_mapping_node-2] [GMRF] MAP Mean value estimated in 9.89174 milliseconds
[gmrf_wind_mapping_node-2] --> MAP did not converge after 1 iterations.
[gmrf_wind_mapping_node-2] [GMRF] MAP Mean value estimated in 9.90625 milliseconds
[gmrf_wind_mapping_node-2] --> MAP did not converge after 1 iterations.
[gmrf_wind_mapping_node-2] [GMRF] MAP Mean value estimated in 9.92068 milliseconds
[gsl_actionserver_node-3] [INFO] [1788875807.321517865] [GSL]: 10 gas measurements, 10 wind measurements over 1.97 seconds
[gsl_actionserver_node-3] [INFO] [1788875807.321636718] [GSL]: avg_gas=0.029;  avg_windSpeed=0.18;  avg_wind_dir=-1.3
[gsl_actionserver_node-3] [INFO] [1788875807.322398142] [GSL]: [33mNOTHING [0m
[gsl_actionserver_node-3] [INFO] [1788875807.322415227] [GSL]: [DEBUG-WIND] useGroundTruth=false gmrf_req_size=626 gaden_req_size=-1
[gsl_actionserver_node-3] [INFO] [1788875807.322427127] [GSL]: [DEBUG-WIND] Taking GMRF path
[gsl_actionserver_node-3] [INFO] [1788875807.348033183] [GSL - Trace]: [32mEntering StopAndMeasure[0m
[gmrf_wind_mapping_node-2] --> MAP did not converge after 1 iterations.
[gmrf_wind_mapping_node-2] [GMRF] MAP Mean value estimated in 9.9209 milliseconds
[gmrf_wind_mapping_node-2] --> MAP did not converge after 1 iterations.
[gmrf_wind_mapping_node-2] [GMRF] MAP Mean value estimated in 9.92113 milliseconds
[gmrf_wind_mapping_node-2] --> MAP did not converge after 1 iterations.
[gmrf_wind_mapping_node-2] [GMRF] MAP Mean value estimated in 9.91854 milliseconds
[gmrf_wind_mapping_node-2] --> MAP did not converge after 1 iterations.
[gmrf_wind_mapping_node-2] [GMRF] MAP Mean value estimated in 9.91036 milliseconds
[gmrf_wind_mapping_node-2] --> MAP did not converge after 1 iterations.
[gmrf_wind_mapping_node-2] [GMRF] MAP Mean value estimated in 9.92179 milliseconds
[gmrf_wind_mapping_node-2] --> MAP did not converge after 1 iterations.
[gmrf_wind_mapping_node-2] [GMRF] MAP Mean value estimated in 9.93036 milliseconds
[gmrf_wind_mapping_node-2] --> MAP did not converge after 1 iterations.
[gmrf_wind_mapping_node-2] [GMRF] MAP Mean value estimated in 9.93611 milliseconds
[gmrf_wind_mapping_node-2] --> MAP did not converge after 1 iterations.
[gmrf_wind_mapping_node-2] [GMRF] MAP Mean value estimated in 9.92798 milliseconds
[gmrf_wind_mapping_node-2] --> MAP did not converge after 1 iterations.
[gmrf_wind_mapping_node-2] [GMRF] MAP Mean value estimated in 9.93646 milliseconds
[gmrf_wind_mapping_node-2] --> MAP did not converge after 1 iterations.
[gmrf_wind_mapping_node-2] [GMRF] MAP Mean value estimated in 9.94766 milliseconds
[gmrf_wind_mapping_node-2] --> MAP did not converge after 1 iterations.
[gmrf_wind_mapping_node-2] [GMRF] MAP Mean value estimated in 9.9533 milliseconds
[gmrf_wind_mapping_node-2] --> MAP did not converge after 1 iterations.
[gmrf_wind_mapping_node-2] [GMRF] MAP Mean value estimated in 9.96712 milliseconds
[gmrf_wind_mapping_node-2] --> MAP did not converge after 1 iterations.
[gmrf_wind_mapping_node-2] [GMRF] MAP Mean value estimated in 9.95902 milliseconds
[gmrf_wind_mapping_node-2] --> MAP did not converge after 1 iterations.
[gmrf_wind_mapping_node-2] [GMRF] MAP Mean value estimated in 9.96458 milliseconds
[gmrf_wind_mapping_node-2] --> MAP did not converge after 1 iterations.
[gmrf_wind_mapping_node-2] [GMRF] MAP Mean value estimated in 9.95652 milliseconds
[gmrf_wind_mapping_node-2] --> MAP did not converge after 1 iterations.
[gmrf_wind_mapping_node-2] [GMRF] MAP Mean value estimated in 9.94851 milliseconds
[gmrf_wind_mapping_node-2] --> MAP did not converge after 1 iterations.
[gmrf_wind_mapping_node-2] [GMRF] MAP Mean value estimated in 9.94054 milliseconds
[gmrf_wind_mapping_node-2] --> MAP did not converge after 1 iterations.
[gmrf_wind_mapping_node-2] [GMRF] MAP Mean value estimated in 9.93531 milliseconds
[gmrf_wind_mapping_node-2] --> MAP did not converge after 1 iterations.
[gmrf_wind_mapping_node-2] [GMRF] MAP Mean value estimated in 9.93817 milliseconds
[gmrf_wind_mapping_node-2] --> MAP did not converge after 1 iterations.
[gmrf_wind_mapping_node-2] [GMRF] MAP Mean value estimated in 9.93834 milliseconds
[gsl_actionserver_node-3] [INFO] [1788875809.321315986] [GSL]: 10 gas measurements, 10 wind measurements over 1.97 seconds
[gsl_actionserver_node-3] [INFO] [1788875809.321393501] [GSL]: avg_gas=0.047;  avg_windSpeed=0.25;  avg_wind_dir=-1.1
[gsl_actionserver_node-3] [INFO] [1788875809.322313491] [GSL]: [33mNOTHING [0m
[gsl_actionserver_node-3] [INFO] [1788875809.322360389] [GSL]: [DEBUG-WIND] useGroundTruth=false gmrf_req_size=626 gaden_req_size=-1
[gsl_actionserver_node-3] [INFO] [1788875809.322372229] [GSL]: [DEBUG-WIND] Taking GMRF path
[gsl_actionserver_node-3] [INFO] [1788875809.348180148] [GSL - Trace]: [32mEntering StopAndMeasure[0m
[gmrf_wind_mapping_node-2] --> MAP did not converge after 1 iterations.
[gmrf_wind_mapping_node-2] [GMRF] MAP Mean value estimated in 9.9492 milliseconds
[gmrf_wind_mapping_node-2] --> MAP did not converge after 1 iterations.
[gmrf_wind_mapping_node-2] [GMRF] MAP Mean value estimated in 9.944 milliseconds
[gmrf_wind_mapping_node-2] --> MAP did not converge after 1 iterations.
[gmrf_wind_mapping_node-2] [GMRF] MAP Mean value estimated in 9.94681 milliseconds
[gmrf_wind_mapping_node-2] --> MAP did not converge after 1 iterations.
[gmrf_wind_mapping_node-2] [GMRF] MAP Mean value estimated in 9.9496 milliseconds
[gmrf_wind_mapping_node-2] --> MAP did not converge after 1 iterations.
[gmrf_wind_mapping_node-2] [GMRF] MAP Mean value estimated in 9.95503 milliseconds
[gmrf_wind_mapping_node-2] --> MAP did not converge after 1 iterations.
[gmrf_wind_mapping_node-2] [GMRF] MAP Mean value estimated in 9.95251 milliseconds
[gmrf_wind_mapping_node-2] --> MAP did not converge after 1 iterations.
[gmrf_wind_mapping_node-2] [GMRF] MAP Mean value estimated in 9.95263 milliseconds
[gmrf_wind_mapping_node-2] --> MAP did not converge after 1 iterations.
[gmrf_wind_mapping_node-2] [GMRF] MAP Mean value estimated in 9.96588 milliseconds
[gmrf_wind_mapping_node-2] --> MAP did not converge after 1 iterations.
[gmrf_wind_mapping_node-2] [GMRF] MAP Mean value estimated in 9.97382 milliseconds
[gmrf_wind_mapping_node-2] --> MAP did not converge after 1 iterations.
[gmrf_wind_mapping_node-2] [GMRF] MAP Mean value estimated in 9.98172 milliseconds
[gmrf_wind_mapping_node-2] --> MAP did not converge after 1 iterations.
[gmrf_wind_mapping_node-2] [GMRF] MAP Mean value estimated in 9.98438 milliseconds
[gmrf_wind_mapping_node-2] --> MAP did not converge after 1 iterations.
[gmrf_wind_mapping_node-2] [GMRF] MAP Mean value estimated in 9.98961 milliseconds
[gmrf_wind_mapping_node-2] --> MAP did not converge after 1 iterations.
[gmrf_wind_mapping_node-2] [GMRF] MAP Mean value estimated in 10 milliseconds
[gmrf_wind_mapping_node-2] --> MAP did not converge after 1 iterations.
[gmrf_wind_mapping_node-2] [GMRF] MAP Mean value estimated in 10.0052 milliseconds
[gmrf_wind_mapping_node-2] --> MAP did not converge after 1 iterations.
[gmrf_wind_mapping_node-2] [GMRF] MAP Mean value estimated in 9.99742 milliseconds
[gmrf_wind_mapping_node-2] --> MAP did not converge after 1 iterations.
[gmrf_wind_mapping_node-2] [GMRF] MAP Mean value estimated in 10.0026 milliseconds
[gmrf_wind_mapping_node-2] --> MAP did not converge after 1 iterations.
[gmrf_wind_mapping_node-2] [GMRF] MAP Mean value estimated in 9.99487 milliseconds
[gmrf_wind_mapping_node-2] --> MAP did not converge after 1 iterations.
[gmrf_wind_mapping_node-2] [GMRF] MAP Mean value estimated in 10.0051 milliseconds
[gmrf_wind_mapping_node-2] --> MAP did not converge after 1 iterations.
[gmrf_wind_mapping_node-2] [GMRF] MAP Mean value estimated in 10.0128 milliseconds
[gmrf_wind_mapping_node-2] --> MAP did not converge after 1 iterations.
[gmrf_wind_mapping_node-2] [GMRF] MAP Mean value estimated in 10.0229 milliseconds
[gsl_actionserver_node-3] [INFO] [1788875811.321555986] [GSL]: 10 gas measurements, 10 wind measurements over 1.97 seconds
[gsl_actionserver_node-3] [INFO] [1788875811.321649582] [GSL]: avg_gas=0.05;  avg_windSpeed=0.18;  avg_wind_dir=-1.3
[gsl_actionserver_node-3] [INFO] [1788875811.322319344] [GSL]: [33mNOTHING [0m
[gsl_actionserver_node-3] [INFO] [1788875811.322335371] [GSL]: [DEBUG-WIND] useGroundTruth=false gmrf_req_size=626 gaden_req_size=-1
[gsl_actionserver_node-3] [INFO] [1788875811.322346163] [GSL]: [DEBUG-WIND] Taking GMRF path
[gsl_actionserver_node-3] [INFO] [1788875811.348108490] [GSL - Trace]: [32mEntering StopAndMeasure[0m
[gmrf_wind_mapping_node-2] --> MAP did not converge after 1 iterations.
[gmrf_wind_mapping_node-2] [GMRF] MAP Mean value estimated in 10.0355 milliseconds
[gmrf_wind_mapping_node-2] --> MAP did not converge after 1 iterations.
[gmrf_wind_mapping_node-2] [GMRF] MAP Mean value estimated in 10.0354 milliseconds
[gmrf_wind_mapping_node-2] --> MAP did not converge after 1 iterations.
[gmrf_wind_mapping_node-2] [GMRF] MAP Mean value estimated in 10.0354 milliseconds
[gmrf_wind_mapping_node-2] --> MAP did not converge after 1 iterations.
[gmrf_wind_mapping_node-2] [GMRF] MAP Mean value estimated in 10.0453 milliseconds
[gmrf_wind_mapping_node-2] --> MAP did not converge after 1 iterations.
[gmrf_wind_mapping_node-2] [GMRF] MAP Mean value estimated in 10.0528 milliseconds
[gmrf_wind_mapping_node-2] --> MAP did not converge after 1 iterations.
[gmrf_wind_mapping_node-2] [GMRF] MAP Mean value estimated in 10.0451 milliseconds
[gmrf_wind_mapping_node-2] --> MAP did not converge after 1 iterations.
[gmrf_wind_mapping_node-2] [GMRF] MAP Mean value estimated in 10.0475 milliseconds
[gmrf_wind_mapping_node-2] --> MAP did not converge after 1 iterations.
[gmrf_wind_mapping_node-2] [GMRF] MAP Mean value estimated in 10.0623 milliseconds
[gmrf_wind_mapping_node-2] --> MAP did not converge after 1 iterations.
[gmrf_wind_mapping_node-2] [GMRF] MAP Mean value estimated in 10.0746 milliseconds
[gmrf_wind_mapping_node-2] --> MAP did not converge after 1 iterations.
[gmrf_wind_mapping_node-2] [GMRF] MAP Mean value estimated in 10.0844 milliseconds
[gmrf_wind_mapping_node-2] --> MAP did not converge after 1 iterations.
[gmrf_wind_mapping_node-2] [GMRF] MAP Mean value estimated in 10.0916 milliseconds
[gmrf_wind_mapping_node-2] --> MAP did not converge after 1 iterations.
[gmrf_wind_mapping_node-2] [GMRF] MAP Mean value estimated in 10.0864 milliseconds
[gmrf_wind_mapping_node-2] --> MAP did not converge after 1 iterations.
[gmrf_wind_mapping_node-2] [GMRF] MAP Mean value estimated in 10.0911 milliseconds
[gmrf_wind_mapping_node-2] --> MAP did not converge after 1 iterations.
[gmrf_wind_mapping_node-2] [GMRF] MAP Mean value estimated in 10.0934 milliseconds
[gmrf_wind_mapping_node-2] --> MAP did not converge after 1 iterations.
[gmrf_wind_mapping_node-2] [GMRF] MAP Mean value estimated in 10.0858 milliseconds
[gmrf_wind_mapping_node-2] --> MAP did not converge after 1 iterations.
[gmrf_wind_mapping_node-2] [GMRF] MAP Mean value estimated in 10.0782 milliseconds
[gmrf_wind_mapping_node-2] --> MAP did not converge after 1 iterations.
[gmrf_wind_mapping_node-2] [GMRF] MAP Mean value estimated in 10.078 milliseconds
[gmrf_wind_mapping_node-2] --> MAP did not converge after 1 iterations.
[gmrf_wind_mapping_node-2] [GMRF] MAP Mean value estimated in 10.0681 milliseconds
[gmrf_wind_mapping_node-2] --> MAP did not converge after 1 iterations.
[gmrf_wind_mapping_node-2] [GMRF] MAP Mean value estimated in 10.0801 milliseconds
[gmrf_wind_mapping_node-2] --> MAP did not converge after 1 iterations.
[gmrf_wind_mapping_node-2] [GMRF] MAP Mean value estimated in 10.0751 milliseconds
[gsl_actionserver_node-3] [INFO] [1788875813.321462228] [GSL]: 10 gas measurements, 10 wind measurements over 1.97 seconds
[gsl_actionserver_node-3] [INFO] [1788875813.322235221] [GSL]: avg_gas=0.022;  avg_windSpeed=0.25;  avg_wind_dir=-1.1
[gsl_actionserver_node-3] [INFO] [1788875813.323119235] [GSL]: [33mNOTHING [0m
[gsl_actionserver_node-3] [INFO] [1788875813.323141363] [GSL]: [DEBUG-WIND] useGroundTruth=false gmrf_req_size=626 gaden_req_size=-1
[gsl_actionserver_node-3] [INFO] [1788875813.323153984] [GSL]: [DEBUG-WIND] Taking GMRF path
[gsl_actionserver_node-3] [INFO] [1788875813.348003332] [GSL - Trace]: [32mEntering StopAndMeasure[0m
[gmrf_wind_mapping_node-2] --> MAP did not converge after 1 iterations.
[gmrf_wind_mapping_node-2] [GMRF] MAP Mean value estimated in 10.0797 milliseconds
[gmrf_wind_mapping_node-2] --> MAP did not converge after 1 iterations.
[gmrf_wind_mapping_node-2] [GMRF] MAP Mean value estimated in 10.0867 milliseconds
[gmrf_wind_mapping_node-2] --> MAP did not converge after 1 iterations.
[gmrf_wind_mapping_node-2] [GMRF] MAP Mean value estimated in 10.0913 milliseconds
[gmrf_wind_mapping_node-2] --> MAP did not converge after 1 iterations.
[gmrf_wind_mapping_node-2] [GMRF] MAP Mean value estimated in 10.0935 milliseconds
[gmrf_wind_mapping_node-2] --> MAP did not converge after 1 iterations.
[gmrf_wind_mapping_node-2] [GMRF] MAP Mean value estimated in 10.0933 milliseconds
[gmrf_wind_mapping_node-2] --> MAP did not converge after 1 iterations.
[gmrf_wind_mapping_node-2] [GMRF] MAP Mean value estimated in 10.0931 milliseconds
[gmrf_wind_mapping_node-2] --> MAP did not converge after 1 iterations.
[gmrf_wind_mapping_node-2] [GMRF] MAP Mean value estimated in 10.1024 milliseconds
[gmrf_wind_mapping_node-2] --> MAP did not converge after 1 iterations.
[gmrf_wind_mapping_node-2] [GMRF] MAP Mean value estimated in 10.1069 milliseconds
[gmrf_wind_mapping_node-2] --> MAP did not converge after 1 iterations.
[gmrf_wind_mapping_node-2] [GMRF] MAP Mean value estimated in 10.1114 milliseconds
[gmrf_wind_mapping_node-2] --> MAP did not converge after 1 iterations.
[gmrf_wind_mapping_node-2] [GMRF] MAP Mean value estimated in 10.1206 milliseconds
[gmrf_wind_mapping_node-2] --> MAP did not converge after 1 iterations.
[gmrf_wind_mapping_node-2] [GMRF] MAP Mean value estimated in 10.1274 milliseconds
[gmrf_wind_mapping_node-2] --> MAP did not converge after 1 iterations.
[gmrf_wind_mapping_node-2] [GMRF] MAP Mean value estimated in 10.1341 milliseconds
[gmrf_wind_mapping_node-2] --> MAP did not converge after 1 iterations.
[gmrf_wind_mapping_node-2] [GMRF] MAP Mean value estimated in 10.1315 milliseconds
[gmrf_wind_mapping_node-2] --> MAP did not converge after 1 iterations.
[gmrf_wind_mapping_node-2] [GMRF] MAP Mean value estimated in 10.1382 milliseconds
[gmrf_wind_mapping_node-2] --> MAP did not converge after 1 iterations.
[gmrf_wind_mapping_node-2] [GMRF] MAP Mean value estimated in 10.1355 milliseconds
[gmrf_wind_mapping_node-2] --> MAP did not converge after 1 iterations.
[gmrf_wind_mapping_node-2] [GMRF] MAP Mean value estimated in 10.1282 milliseconds
[gmrf_wind_mapping_node-2] --> MAP did not converge after 1 iterations.
[gmrf_wind_mapping_node-2] [GMRF] MAP Mean value estimated in 10.1326 milliseconds
[gmrf_wind_mapping_node-2] --> MAP did not converge after 1 iterations.
[gmrf_wind_mapping_node-2] [GMRF] MAP Mean value estimated in 10.1415 milliseconds
[gmrf_wind_mapping_node-2] --> MAP did not converge after 1 iterations.
[gmrf_wind_mapping_node-2] [GMRF] MAP Mean value estimated in 10.1319 milliseconds
[gmrf_wind_mapping_node-2] --> MAP did not converge after 1 iterations.
[gmrf_wind_mapping_node-2] [GMRF] MAP Mean value estimated in 10.1455 milliseconds
[gsl_actionserver_node-3] [INFO] [1788875815.321426342] [GSL]: 10 gas measurements, 10 wind measurements over 1.97 seconds
[gsl_actionserver_node-3] [INFO] [1788875815.321529154] [GSL]: avg_gas=0.034;  avg_windSpeed=0.18;  avg_wind_dir=-1.3
[gsl_actionserver_node-3] [INFO] [1788875815.322394304] [GSL]: [33mNOTHING [0m
[gsl_actionserver_node-3] [INFO] [1788875815.322415416] [GSL]: [DEBUG-WIND] useGroundTruth=false gmrf_req_size=626 gaden_req_size=-1
[gsl_actionserver_node-3] [INFO] [1788875815.322429604] [GSL]: [DEBUG-WIND] Taking GMRF path
[gsl_actionserver_node-3] [INFO] [1788875815.347986236] [GSL - Trace]: [32mEntering StopAndMeasure[0m
[gmrf_wind_mapping_node-2] --> MAP did not converge after 1 iterations.
[gmrf_wind_mapping_node-2] [GMRF] MAP Mean value estimated in 10.1475 milliseconds
[gmrf_wind_mapping_node-2] --> MAP did not converge after 1 iterations.
[gmrf_wind_mapping_node-2] [GMRF] MAP Mean value estimated in 10.1517 milliseconds
[gmrf_wind_mapping_node-2] --> MAP did not converge after 1 iterations.
[gmrf_wind_mapping_node-2] [GMRF] MAP Mean value estimated in 10.1468 milliseconds
[gmrf_wind_mapping_node-2] --> MAP did not converge after 1 iterations.
[gmrf_wind_mapping_node-2] [GMRF] MAP Mean value estimated in 10.1556 milliseconds
[gmrf_wind_mapping_node-2] --> MAP did not converge after 1 iterations.
[gmrf_wind_mapping_node-2] [GMRF] MAP Mean value estimated in 10.1621 milliseconds
[gmrf_wind_mapping_node-2] --> MAP did not converge after 1 iterations.
[gmrf_wind_mapping_node-2] [GMRF] MAP Mean value estimated in 10.1526 milliseconds
[gmrf_wind_mapping_node-2] --> MAP did not converge after 1 iterations.
[gmrf_wind_mapping_node-2] [GMRF] MAP Mean value estimated in 10.1614 milliseconds
[gmrf_wind_mapping_node-2] --> MAP did not converge after 1 iterations.
[gmrf_wind_mapping_node-2] [GMRF] MAP Mean value estimated in 10.161 milliseconds
[gmrf_wind_mapping_node-2] --> MAP did not converge after 1 iterations.
[gmrf_wind_mapping_node-2] [GMRF] MAP Mean value estimated in 10.1697 milliseconds
[gmrf_wind_mapping_node-2] --> MAP did not converge after 1 iterations.
[gmrf_wind_mapping_node-2] [GMRF] MAP Mean value estimated in 10.1761 milliseconds
[gmrf_wind_mapping_node-2] --> MAP did not converge after 1 iterations.
[gmrf_wind_mapping_node-2] [GMRF] MAP Mean value estimated in 10.1689 milliseconds
[gmrf_wind_mapping_node-2] --> MAP did not converge after 1 iterations.
[gmrf_wind_mapping_node-2] [GMRF] MAP Mean value estimated in 10.1596 milliseconds
[gmrf_wind_mapping_node-2] --> MAP did not converge after 1 iterations.
[gmrf_wind_mapping_node-2] [GMRF] MAP Mean value estimated in 10.1502 milliseconds
[gmrf_wind_mapping_node-2] --> MAP did not converge after 1 iterations.
[gmrf_wind_mapping_node-2] [GMRF] MAP Mean value estimated in 10.1409 milliseconds
[gmrf_wind_mapping_node-2] --> MAP did not converge after 1 iterations.
[gmrf_wind_mapping_node-2] [GMRF] MAP Mean value estimated in 10.1339 milliseconds
[gmrf_wind_mapping_node-2] --> MAP did not converge after 1 iterations.
[gmrf_wind_mapping_node-2] [GMRF] MAP Mean value estimated in 10.1247 milliseconds
[gmrf_wind_mapping_node-2] --> MAP did not converge after 1 iterations.
[gmrf_wind_mapping_node-2] [GMRF] MAP Mean value estimated in 10.1178 milliseconds
[gmrf_wind_mapping_node-2] --> MAP did not converge after 1 iterations.
[gmrf_wind_mapping_node-2] [GMRF] MAP Mean value estimated in 10.1175 milliseconds
[gmrf_wind_mapping_node-2] --> MAP did not converge after 1 iterations.
[gmrf_wind_mapping_node-2] [GMRF] MAP Mean value estimated in 10.1106 milliseconds
[gmrf_wind_mapping_node-2] --> MAP did not converge after 1 iterations.
[gmrf_wind_mapping_node-2] [GMRF] MAP Mean value estimated in 10.1104 milliseconds
[gsl_actionserver_node-3] [INFO] [1788875817.321425513] [GSL]: 10 gas measurements, 10 wind measurements over 1.97 seconds
[gsl_actionserver_node-3] [INFO] [1788875817.321806034] [GSL]: avg_gas=0.044;  avg_windSpeed=0.25;  avg_wind_dir=-1.1
[gsl_actionserver_node-3] [INFO] [1788875817.322246905] [GSL]: [33mNOTHING [0m
[gsl_actionserver_node-3] [INFO] [1788875817.322258172] [GSL]: [DEBUG-WIND] useGroundTruth=false gmrf_req_size=626 gaden_req_size=-1
[gsl_actionserver_node-3] [INFO] [1788875817.322265022] [GSL]: [DEBUG-WIND] Taking GMRF path
[gsl_actionserver_node-3] [INFO] [1788875817.352899886] [GSL]: Max mutual info: 6.439
[gsl_actionserver_node-3] [INFO] [1788875817.353045593] [GSL]: MutualInformation - Ellapsed: 0.005s
[gmrf_wind_mapping_node-2] --> MAP did not converge after 1 iterations.
[gmrf_wind_mapping_node-2] [GMRF] MAP Mean value estimated in 10.1035 milliseconds
[vgr_sim_node-1] [WARN] [1788875817.355742041] [vgr_uav_sim]: PLAN_CB: called with goal=(0.20,0.39)
[vgr_sim_node-1] [WARN] [1788875817.357894332] [vgr_uav_sim]: PLAN_CB: returning 5 poses
[vgr_sim_node-1] [WARN] [1788875817.370013665] [vgr_uav_sim]: PLAN_CB: called with goal=(0.20,0.39)
[vgr_sim_node-1] [WARN] [1788875817.371565522] [vgr_uav_sim]: PLAN_CB: returning 5 poses
[gsl_actionserver_node-3] [INFO] [1788875817.380555246] [GSL]: Sending goal (0.20, 0.39)
[gsl_actionserver_node-3] [INFO] [1788875817.381079069] [GSL]: Variance: 18.45
[gsl_actionserver_node-3] [INFO] [1788875817.381101350] [GSL - Trace]: [32mEntering Moving[0m
[vgr_sim_node-1] [INFO] [1788875817.382819931] [vgr_uav_sim]: Prepared 5 collision-free navigation waypoints to (0.20, 0.39)
[vgr_sim_node-1] [INFO] [1788875817.384017923] [vgr_uav_sim]: UAV navigating in audited 2-D mode to (0.20, 0.39, 0.30)
[gmrf_wind_mapping_node-2] --> MAP did not converge after 1 iterations.
[gmrf_wind_mapping_node-2] [GMRF] MAP Mean value estimated in 10.0967 milliseconds
[gmrf_wind_mapping_node-2] --> MAP did not converge after 1 iterations.
[gmrf_wind_mapping_node-2] [GMRF] MAP Mean value estimated in 10.0899 milliseconds
[gmrf_wind_mapping_node-2] --> MAP did not converge after 1 iterations.
[gmrf_wind_mapping_node-2] [GMRF] MAP Mean value estimated in 10.0919 milliseconds
[gmrf_wind_mapping_node-2] --> MAP did not converge after 1 iterations.
[gmrf_wind_mapping_node-2] [GMRF] MAP Mean value estimated in 10.0852 milliseconds
[gmrf_wind_mapping_node-2] --> MAP did not converge after 1 iterations.
[gmrf_wind_mapping_node-2] [GMRF] MAP Mean value estimated in 10.0784 milliseconds
[gmrf_wind_mapping_node-2] --> MAP did not converge after 1 iterations.
[gmrf_wind_mapping_node-2] [GMRF] MAP Mean value estimated in 10.0696 milliseconds
[gmrf_wind_mapping_node-2] --> MAP did not converge after 1 iterations.
[gmrf_wind_mapping_node-2] [GMRF] MAP Mean value estimated in 10.0738 milliseconds
[gmrf_wind_mapping_node-2] --> MAP did not converge after 1 iterations.
[gmrf_wind_mapping_node-2] [GMRF] MAP Mean value estimated in 10.0671 milliseconds
[gsl_actionserver_node-3] [INFO] [1788875818.171806370] [GSL - Trace]: [32mEntering StopAndMeasure[0m
[gmrf_wind_mapping_node-2] --> MAP did not converge after 1 iterations.
[gmrf_wind_mapping_node-2] [GMRF] MAP Mean value estimated in 10.0734 milliseconds
[gmrf_wind_mapping_node-2] --> MAP did not converge after 1 iterations.
[gmrf_wind_mapping_node-2] [GMRF] MAP Mean value estimated in 10.0776 milliseconds
[gmrf_wind_mapping_node-2] --> MAP did not converge after 1 iterations.
[gmrf_wind_mapping_node-2] [GMRF] MAP Mean value estimated in 10.0774 milliseconds
[gmrf_wind_mapping_node-2] --> MAP did not converge after 1 iterations.
[gmrf_wind_mapping_node-2] [GMRF] MAP Mean value estimated in 10.0815 milliseconds
[gmrf_wind_mapping_node-2] --> MAP did not converge after 1 iterations.
[gmrf_wind_mapping_node-2] [GMRF] MAP Mean value estimated in 10.0921 milliseconds
[gmrf_wind_mapping_node-2] --> MAP did not converge after 1 iterations.
[gmrf_wind_mapping_node-2] [GMRF] MAP Mean value estimated in 10.0855 milliseconds
[gmrf_wind_mapping_node-2] --> MAP did not converge after 1 iterations.
[gmrf_wind_mapping_node-2] [GMRF] MAP Mean value estimated in 10.0768 milliseconds
[gmrf_wind_mapping_node-2] --> MAP did not converge after 1 iterations.
[gmrf_wind_mapping_node-2] [GMRF] MAP Mean value estimated in 10.0872 milliseconds
[gmrf_wind_mapping_node-2] --> MAP did not converge after 1 iterations.
[gmrf_wind_mapping_node-2] [GMRF] MAP Mean value estimated in 10.0955 milliseconds
[gmrf_wind_mapping_node-2] --> MAP did not converge after 1 iterations.
[gmrf_wind_mapping_node-2] [GMRF] MAP Mean value estimated in 10.089 milliseconds
[gmrf_wind_mapping_node-2] --> MAP did not converge after 1 iterations.
[gmrf_wind_mapping_node-2] [GMRF] MAP Mean value estimated in 10.0825 milliseconds
[gmrf_wind_mapping_node-2] --> MAP did not converge after 1 iterations.
[gmrf_wind_mapping_node-2] [GMRF] MAP Mean value estimated in 10.0759 milliseconds
[gmrf_wind_mapping_node-2] --> MAP did not converge after 1 iterations.
[gmrf_wind_mapping_node-2] [GMRF] MAP Mean value estimated in 10.0716 milliseconds
[gmrf_wind_mapping_node-2] --> MAP did not converge after 1 iterations.
[gmrf_wind_mapping_node-2] [GMRF] MAP Mean value estimated in 10.0651 milliseconds
[gmrf_wind_mapping_node-2] --> MAP did not converge after 1 iterations.
[gmrf_wind_mapping_node-2] [GMRF] MAP Mean value estimated in 10.065 milliseconds
[gmrf_wind_mapping_node-2] --> MAP did not converge after 1 iterations.
[gmrf_wind_mapping_node-2] [GMRF] MAP Mean value estimated in 10.0586 milliseconds
[gmrf_wind_mapping_node-2] --> MAP did not converge after 1 iterations.
[gmrf_wind_mapping_node-2] [GMRF] MAP Mean value estimated in 10.0501 milliseconds
[gmrf_wind_mapping_node-2] --> MAP did not converge after 1 iterations.
[gmrf_wind_mapping_node-2] [GMRF] MAP Mean value estimated in 10.0417 milliseconds
[gmrf_wind_mapping_node-2] --> MAP did not converge after 1 iterations.
[gmrf_wind_mapping_node-2] [GMRF] MAP Mean value estimated in 10.0333 milliseconds
[gsl_actionserver_node-3] [INFO] [1788875820.121394124] [GSL]: 10 gas measurements, 10 wind measurements over 1.95 seconds
[gsl_actionserver_node-3] [INFO] [1788875820.121460193] [GSL]: avg_gas=0.081;  avg_windSpeed=0.56;  avg_wind_dir=-1.3
[gsl_actionserver_node-3] [INFO] [1788875820.121899424] [GSL]: [33mNOTHING [0m
[gsl_actionserver_node-3] [INFO] [1788875820.121909180] [GSL]: [DEBUG-WIND] useGroundTruth=false gmrf_req_size=626 gaden_req_size=-1
[gsl_actionserver_node-3] [INFO] [1788875820.122230676] [GSL]: [DEBUG-WIND] Taking GMRF path
[gsl_actionserver_node-3] [INFO] [1788875820.147669721] [GSL - Trace]: [32mEntering StopAndMeasure[0m
[gmrf_wind_mapping_node-2] --> MAP did not converge after 1 iterations.
[gmrf_wind_mapping_node-2] [GMRF] MAP Mean value estimated in 10.029 milliseconds
[gmrf_wind_mapping_node-2] --> MAP did not converge after 1 iterations.
[gmrf_wind_mapping_node-2] [GMRF] MAP Mean value estimated in 10.0373 milliseconds
[gmrf_wind_mapping_node-2] --> MAP did not converge after 1 iterations.
[gmrf_wind_mapping_node-2] [GMRF] MAP Mean value estimated in 10.0289 milliseconds
[gmrf_wind_mapping_node-2] --> MAP did not converge after 1 iterations.
[gmrf_wind_mapping_node-2] [GMRF] MAP Mean value estimated in 10.033 milliseconds
[gmrf_wind_mapping_node-2] --> MAP did not converge after 1 iterations.
[gmrf_wind_mapping_node-2] [GMRF] MAP Mean value estimated in 10.037 milliseconds
[gmrf_wind_mapping_node-2] --> MAP did not converge after 1 iterations.
[gmrf_wind_mapping_node-2] [GMRF] MAP Mean value estimated in 10.0452 milliseconds
[gmrf_wind_mapping_node-2] --> MAP did not converge after 1 iterations.
[gmrf_wind_mapping_node-2] [GMRF] MAP Mean value estimated in 10.0553 milliseconds
[gmrf_wind_mapping_node-2] --> MAP did not converge after 1 iterations.
[gmrf_wind_mapping_node-2] [GMRF] MAP Mean value estimated in 10.0491 milliseconds
[gmrf_wind_mapping_node-2] --> MAP did not converge after 1 iterations.
[gmrf_wind_mapping_node-2] [GMRF] MAP Mean value estimated in 10.0469 milliseconds
[gmrf_wind_mapping_node-2] --> MAP did not converge after 1 iterations.
[gmrf_wind_mapping_node-2] [GMRF] MAP Mean value estimated in 10.0611 milliseconds
[gmrf_wind_mapping_node-2] --> MAP did not converge after 1 iterations.
[gmrf_wind_mapping_node-2] [GMRF] MAP Mean value estimated in 10.0671 milliseconds
[gmrf_wind_mapping_node-2] --> MAP did not converge after 1 iterations.
[gmrf_wind_mapping_node-2] [GMRF] MAP Mean value estimated in 10.0771 milliseconds
[gmrf_wind_mapping_node-2] --> MAP did not converge after 1 iterations.
[gmrf_wind_mapping_node-2] [GMRF] MAP Mean value estimated in 10.085 milliseconds
[gmrf_wind_mapping_node-2] --> MAP did not converge after 1 iterations.
[gmrf_wind_mapping_node-2] [GMRF] MAP Mean value estimated in 10.0929 milliseconds
[gmrf_wind_mapping_node-2] --> MAP did not converge after 1 iterations.
[gmrf_wind_mapping_node-2] [GMRF] MAP Mean value estimated in 10.0867 milliseconds
[gmrf_wind_mapping_node-2] --> MAP did not converge after 1 iterations.
[gmrf_wind_mapping_node-2] [GMRF] MAP Mean value estimated in 10.0805 milliseconds
[gmrf_wind_mapping_node-2] --> MAP did not converge after 1 iterations.
[gmrf_wind_mapping_node-2] [GMRF] MAP Mean value estimated in 10.0723 milliseconds
[gmrf_wind_mapping_node-2] --> MAP did not converge after 1 iterations.
[gmrf_wind_mapping_node-2] [GMRF] MAP Mean value estimated in 10.0641 milliseconds
[gmrf_wind_mapping_node-2] --> MAP did not converge after 1 iterations.
[gmrf_wind_mapping_node-2] [GMRF] MAP Mean value estimated in 10.056 milliseconds
[gmrf_wind_mapping_node-2] --> MAP did not converge after 1 iterations.
[gmrf_wind_mapping_node-2] [GMRF] MAP Mean value estimated in 10.0479 milliseconds
[gsl_actionserver_node-3] [INFO] [1788875822.121338288] [GSL]: 10 gas measurements, 10 wind measurements over 1.97 seconds
[gsl_actionserver_node-3] [INFO] [1788875822.121400020] [GSL]: avg_gas=0.044;  avg_windSpeed=0.56;  avg_wind_dir=-1.3
[gsl_actionserver_node-3] [INFO] [1788875822.121972910] [GSL]: [33mNOTHING [0m
[gsl_actionserver_node-3] [INFO] [1788875822.121984765] [GSL]: [DEBUG-WIND] useGroundTruth=false gmrf_req_size=626 gaden_req_size=-1
[gsl_actionserver_node-3] [INFO] [1788875822.121991530] [GSL]: [DEBUG-WIND] Taking GMRF path
[gsl_actionserver_node-3] [INFO] [1788875822.147724020] [GSL - Trace]: [32mEntering StopAndMeasure[0m
[gmrf_wind_mapping_node-2] --> MAP did not converge after 1 iterations.
[gmrf_wind_mapping_node-2] [GMRF] MAP Mean value estimated in 10.0418 milliseconds
[gmrf_wind_mapping_node-2] --> MAP did not converge after 1 iterations.
[gmrf_wind_mapping_node-2] [GMRF] MAP Mean value estimated in 10.0497 milliseconds
[gmrf_wind_mapping_node-2] --> MAP did not converge after 1 iterations.
[gmrf_wind_mapping_node-2] [GMRF] MAP Mean value estimated in 10.0437 milliseconds
[gmrf_wind_mapping_node-2] --> MAP did not converge after 1 iterations.
[gmrf_wind_mapping_node-2] [GMRF] MAP Mean value estimated in 10.0356 milliseconds
[gmrf_wind_mapping_node-2] --> MAP did not converge after 1 iterations.
[gmrf_wind_mapping_node-2] [GMRF] MAP Mean value estimated in 10.0277 milliseconds
[gmrf_wind_mapping_node-2] --> MAP did not converge after 1 iterations.
[gmrf_wind_mapping_node-2] [GMRF] MAP Mean value estimated in 10.0217 milliseconds
[gmrf_wind_mapping_node-2] --> MAP did not converge after 1 iterations.
[gmrf_wind_mapping_node-2] [GMRF] MAP Mean value estimated in 10.0157 milliseconds
[gmrf_wind_mapping_node-2] --> MAP did not converge after 1 iterations.
[gmrf_wind_mapping_node-2] [GMRF] MAP Mean value estimated in 10.0098 milliseconds
[gmrf_wind_mapping_node-2] --> MAP did not converge after 1 iterations.
[gmrf_wind_mapping_node-2] [GMRF] MAP Mean value estimated in 10.0039 milliseconds
[gmrf_wind_mapping_node-2] --> MAP did not converge after 1 iterations.
[gmrf_wind_mapping_node-2] [GMRF] MAP Mean value estimated in 10 milliseconds
[gmrf_wind_mapping_node-2] --> MAP did not converge after 1 iterations.
[gmrf_wind_mapping_node-2] [GMRF] MAP Mean value estimated in 9.99219 milliseconds
[gmrf_wind_mapping_node-2] --> MAP did not converge after 1 iterations.
[gmrf_wind_mapping_node-2] [GMRF] MAP Mean value estimated in 9.98635 milliseconds
[gmrf_wind_mapping_node-2] --> MAP did not converge after 1 iterations.
[gmrf_wind_mapping_node-2] [GMRF] MAP Mean value estimated in 9.9786 milliseconds
[gmrf_wind_mapping_node-2] --> MAP did not converge after 1 iterations.
[gmrf_wind_mapping_node-2] [GMRF] MAP Mean value estimated in 9.97476 milliseconds
[gmrf_wind_mapping_node-2] --> MAP did not converge after 1 iterations.
[gmrf_wind_mapping_node-2] [GMRF] MAP Mean value estimated in 9.97674 milliseconds
[gmrf_wind_mapping_node-2] --> MAP did not converge after 1 iterations.
[gmrf_wind_mapping_node-2] [GMRF] MAP Mean value estimated in 9.98259 milliseconds
[gmrf_wind_mapping_node-2] --> MAP did not converge after 1 iterations.
[gmrf_wind_mapping_node-2] [GMRF] MAP Mean value estimated in 9.98842 milliseconds
[gmrf_wind_mapping_node-2] --> MAP did not converge after 1 iterations.
[gmrf_wind_mapping_node-2] [GMRF] MAP Mean value estimated in 9.99422 milliseconds
[gmrf_wind_mapping_node-2] --> MAP did not converge after 1 iterations.
[gmrf_wind_mapping_node-2] [GMRF] MAP Mean value estimated in 9.99615 milliseconds
[gmrf_wind_mapping_node-2] --> MAP did not converge after 1 iterations.
[gmrf_wind_mapping_node-2] [GMRF] MAP Mean value estimated in 9.99616 milliseconds
[gsl_actionserver_node-3] [INFO] [1788875824.121333341] [GSL]: 10 gas measurements, 10 wind measurements over 1.97 seconds
[gsl_actionserver_node-3] [INFO] [1788875824.121410087] [GSL]: avg_gas=0.069;  avg_windSpeed=0.56;  avg_wind_dir=-1.3
[gsl_actionserver_node-3] [INFO] [1788875824.121819669] [GSL]: [33mNOTHING [0m
[gsl_actionserver_node-3] [INFO] [1788875824.121829183] [GSL]: [DEBUG-WIND] useGroundTruth=false gmrf_req_size=626 gaden_req_size=-1
[gsl_actionserver_node-3] [INFO] [1788875824.122292712] [GSL]: [DEBUG-WIND] Taking GMRF path
[gsl_actionserver_node-3] [INFO] [1788875824.148494349] [GSL - Trace]: [32mEntering StopAndMeasure[0m
[gmrf_wind_mapping_node-2] --> MAP did not converge after 1 iterations.
[gmrf_wind_mapping_node-2] [GMRF] MAP Mean value estimated in 10.0038 milliseconds
[gmrf_wind_mapping_node-2] --> MAP did not converge after 1 iterations.
[gmrf_wind_mapping_node-2] [GMRF] MAP Mean value estimated in 10.0115 milliseconds
[gmrf_wind_mapping_node-2] --> MAP did not converge after 1 iterations.
[gmrf_wind_mapping_node-2] [GMRF] MAP Mean value estimated in 10.021 milliseconds
[gmrf_wind_mapping_node-2] --> MAP did not converge after 1 iterations.
[gmrf_wind_mapping_node-2] [GMRF] MAP Mean value estimated in 10.0267 milliseconds
[gmrf_wind_mapping_node-2] --> MAP did not converge after 1 iterations.
[gmrf_wind_mapping_node-2] [GMRF] MAP Mean value estimated in 10.0266 milliseconds
[gmrf_wind_mapping_node-2] --> MAP did not converge after 1 iterations.
[gmrf_wind_mapping_node-2] [GMRF] MAP Mean value estimated in 10.0361 milliseconds
[gmrf_wind_mapping_node-2] --> MAP did not converge after 1 iterations.
[gmrf_wind_mapping_node-2] [GMRF] MAP Mean value estimated in 10.0436 milliseconds
[gmrf_wind_mapping_node-2] --> MAP did not converge after 1 iterations.
[gmrf_wind_mapping_node-2] [GMRF] MAP Mean value estimated in 10.0359 milliseconds
[gmrf_wind_mapping_node-2] --> MAP did not converge after 1 iterations.
[gmrf_wind_mapping_node-2] [GMRF] MAP Mean value estimated in 10.0283 milliseconds
[gmrf_wind_mapping_node-2] --> MAP did not converge after 1 iterations.
[gmrf_wind_mapping_node-2] [GMRF] MAP Mean value estimated in 10.0264 milliseconds
[gmrf_wind_mapping_node-2] --> MAP did not converge after 1 iterations.
[gmrf_wind_mapping_node-2] [GMRF] MAP Mean value estimated in 10.0244 milliseconds
[gmrf_wind_mapping_node-2] --> MAP did not converge after 1 iterations.
[gmrf_wind_mapping_node-2] [GMRF] MAP Mean value estimated in 10.0356 milliseconds
[gmrf_wind_mapping_node-2] --> MAP did not converge after 1 iterations.
[gmrf_wind_mapping_node-2] [GMRF] MAP Mean value estimated in 10.0431 milliseconds
[gmrf_wind_mapping_node-2] --> MAP did not converge after 1 iterations.
[gmrf_wind_mapping_node-2] [GMRF] MAP Mean value estimated in 10.0505 milliseconds
[gmrf_wind_mapping_node-2] --> MAP did not converge after 1 iterations.
[gmrf_wind_mapping_node-2] [GMRF] MAP Mean value estimated in 10.0541 milliseconds
[gmrf_wind_mapping_node-2] --> MAP did not converge after 1 iterations.
[gmrf_wind_mapping_node-2] [GMRF] MAP Mean value estimated in 10.0615 milliseconds
[gmrf_wind_mapping_node-2] --> MAP did not converge after 1 iterations.
[gmrf_wind_mapping_node-2] [GMRF] MAP Mean value estimated in 10.0706 milliseconds
[gmrf_wind_mapping_node-2] --> MAP did not converge after 1 iterations.
[gmrf_wind_mapping_node-2] [GMRF] MAP Mean value estimated in 10.0668 milliseconds
[gmrf_wind_mapping_node-2] --> MAP did not converge after 1 iterations.
[gmrf_wind_mapping_node-2] [GMRF] MAP Mean value estimated in 10.063 milliseconds
[gmrf_wind_mapping_node-2] --> MAP did not converge after 1 iterations.
[gmrf_wind_mapping_node-2] [GMRF] MAP Mean value estimated in 10.0721 milliseconds
[gsl_actionserver_node-3] [INFO] [1788875826.121365503] [GSL]: 10 gas measurements, 10 wind measurements over 1.97 seconds
[gsl_actionserver_node-3] [INFO] [1788875826.121427948] [GSL]: avg_gas=0.038;  avg_windSpeed=0.56;  avg_wind_dir=-1.3
[gsl_actionserver_node-3] [INFO] [1788875826.121832476] [GSL]: [33mNOTHING [0m
[gsl_actionserver_node-3] [INFO] [1788875826.121883810] [GSL]: [DEBUG-WIND] useGroundTruth=false gmrf_req_size=626 gaden_req_size=-1
[gsl_actionserver_node-3] [INFO] [1788875826.121890717] [GSL]: [DEBUG-WIND] Taking GMRF path
[gsl_actionserver_node-3] [INFO] [1788875826.147882190] [GSL - Trace]: [32mEntering StopAndMeasure[0m
[gmrf_wind_mapping_node-2] --> MAP did not converge after 1 iterations.
[gmrf_wind_mapping_node-2] [GMRF] MAP Mean value estimated in 10.0664 milliseconds
[gmrf_wind_mapping_node-2] --> MAP did not converge after 1 iterations.
[gmrf_wind_mapping_node-2] [GMRF] MAP Mean value estimated in 10.0608 milliseconds
[gmrf_wind_mapping_node-2] --> MAP did not converge after 1 iterations.
[gmrf_wind_mapping_node-2] [GMRF] MAP Mean value estimated in 10.0662 milliseconds
[gmrf_wind_mapping_node-2] --> MAP did not converge after 1 iterations.
[gmrf_wind_mapping_node-2] [GMRF] MAP Mean value estimated in 10.0752 milliseconds
[gmrf_wind_mapping_node-2] --> MAP did not converge after 1 iterations.
[gmrf_wind_mapping_node-2] [GMRF] MAP Mean value estimated in 10.0733 milliseconds
[gmrf_wind_mapping_node-2] --> MAP did not converge after 1 iterations.
[gmrf_wind_mapping_node-2] [GMRF] MAP Mean value estimated in 10.0804 milliseconds
[gmrf_wind_mapping_node-2] --> MAP did not converge after 1 iterations.
[gmrf_wind_mapping_node-2] [GMRF] MAP Mean value estimated in 10.0839 milliseconds
[gmrf_wind_mapping_node-2] --> MAP did not converge after 1 iterations.
[gmrf_wind_mapping_node-2] [GMRF] MAP Mean value estimated in 10.0783 milliseconds
[gmrf_wind_mapping_node-2] --> MAP did not converge after 1 iterations.
[gmrf_wind_mapping_node-2] [GMRF] MAP Mean value estimated in 10.0855 milliseconds
[gmrf_wind_mapping_node-2] --> MAP did not converge after 1 iterations.
[gmrf_wind_mapping_node-2] [GMRF] MAP Mean value estimated in 10.0944 milliseconds
[gmrf_wind_mapping_node-2] --> MAP did not converge after 1 iterations.
[gmrf_wind_mapping_node-2] [GMRF] MAP Mean value estimated in 10.0924 milliseconds
[gmrf_wind_mapping_node-2] --> MAP did not converge after 1 iterations.
[gmrf_wind_mapping_node-2] [GMRF] MAP Mean value estimated in 10.0995 milliseconds
[gmrf_wind_mapping_node-2] --> MAP did not converge after 1 iterations.
[gmrf_wind_mapping_node-2] [GMRF] MAP Mean value estimated in 10.0939 milliseconds
[gmrf_wind_mapping_node-2] --> MAP did not converge after 1 iterations.
[gmrf_wind_mapping_node-2] [GMRF] MAP Mean value estimated in 10.0991 milliseconds
[gmrf_wind_mapping_node-2] --> MAP did not converge after 1 iterations.
[gmrf_wind_mapping_node-2] [GMRF] MAP Mean value estimated in 10.1007 milliseconds
[gmrf_wind_mapping_node-2] --> MAP did not converge after 1 iterations.
[gmrf_wind_mapping_node-2] [GMRF] MAP Mean value estimated in 10.1077 milliseconds
[gmrf_wind_mapping_node-2] --> MAP did not converge after 1 iterations.
[gmrf_wind_mapping_node-2] [GMRF] MAP Mean value estimated in 10.1093 milliseconds
[gmrf_wind_mapping_node-2] --> MAP did not converge after 1 iterations.
[gmrf_wind_mapping_node-2] [GMRF] MAP Mean value estimated in 10.1145 milliseconds
[gmrf_wind_mapping_node-2] --> MAP did not converge after 1 iterations.
[gmrf_wind_mapping_node-2] [GMRF] MAP Mean value estimated in 10.1089 milliseconds
[gmrf_wind_mapping_node-2] --> MAP did not converge after 1 iterations.
[gmrf_wind_mapping_node-2] [GMRF] MAP Mean value estimated in 10.1123 milliseconds
[gsl_actionserver_node-3] [INFO] [1788875828.121492858] [GSL]: 10 gas measurements, 10 wind measurements over 1.97 seconds
[gsl_actionserver_node-3] [INFO] [1788875828.121600963] [GSL]: avg_gas=0.06;  avg_windSpeed=0.56;  avg_wind_dir=-1.3
[gsl_actionserver_node-3] [INFO] [1788875828.122481013] [GSL]: [33mNOTHING [0m
[gsl_actionserver_node-3] [INFO] [1788875828.122500574] [GSL]: [DEBUG-WIND] useGroundTruth=false gmrf_req_size=626 gaden_req_size=-1
[gsl_actionserver_node-3] [INFO] [1788875828.124195318] [GSL]: [DEBUG-WIND] Taking GMRF path
[gsl_actionserver_node-3] [INFO] [1788875828.148521685] [GSL - Trace]: [32mEntering StopAndMeasure[0m
[gmrf_wind_mapping_node-2] --> MAP did not converge after 1 iterations.
[gmrf_wind_mapping_node-2] [GMRF] MAP Mean value estimated in 10.1157 milliseconds
[gmrf_wind_mapping_node-2] --> MAP did not converge after 1 iterations.
[gmrf_wind_mapping_node-2] [GMRF] MAP Mean value estimated in 10.1243 milliseconds
[gmrf_wind_mapping_node-2] --> MAP did not converge after 1 iterations.
[gmrf_wind_mapping_node-2] [GMRF] MAP Mean value estimated in 10.1348 milliseconds
[gmrf_wind_mapping_node-2] --> MAP did not converge after 1 iterations.
[gmrf_wind_mapping_node-2] [GMRF] MAP Mean value estimated in 10.1363 milliseconds
[gmrf_wind_mapping_node-2] --> MAP did not converge after 1 iterations.
[gmrf_wind_mapping_node-2] [GMRF] MAP Mean value estimated in 10.1449 milliseconds
[gmrf_wind_mapping_node-2] --> MAP did not converge after 1 iterations.
[gmrf_wind_mapping_node-2] [GMRF] MAP Mean value estimated in 10.1517 milliseconds
[gmrf_wind_mapping_node-2] --> MAP did not converge after 1 iterations.
[gmrf_wind_mapping_node-2] [GMRF] MAP Mean value estimated in 10.1549 milliseconds
[gmrf_wind_mapping_node-2] --> MAP did not converge after 1 iterations.
[gmrf_wind_mapping_node-2] [GMRF] MAP Mean value estimated in 10.1564 milliseconds
[gmrf_wind_mapping_node-2] --> MAP did not converge after 1 iterations.
[gmrf_wind_mapping_node-2] [GMRF] MAP Mean value estimated in 10.1632 milliseconds
[gmrf_wind_mapping_node-2] --> MAP did not converge after 1 iterations.
[gmrf_wind_mapping_node-2] [GMRF] MAP Mean value estimated in 10.1576 milliseconds
[gmrf_wind_mapping_node-2] --> MAP did not converge after 1 iterations.
[gmrf_wind_mapping_node-2] [GMRF] MAP Mean value estimated in 10.1503 milliseconds
[gmrf_wind_mapping_node-2] --> MAP did not converge after 1 iterations.
[gmrf_wind_mapping_node-2] [GMRF] MAP Mean value estimated in 10.1606 milliseconds
[gmrf_wind_mapping_node-2] --> MAP did not converge after 1 iterations.
[gmrf_wind_mapping_node-2] [GMRF] MAP Mean value estimated in 10.1655 milliseconds
[gmrf_wind_mapping_node-2] --> MAP did not converge after 1 iterations.
[gmrf_wind_mapping_node-2] [GMRF] MAP Mean value estimated in 10.1704 milliseconds
[gmrf_wind_mapping_node-2] --> MAP did not converge after 1 iterations.
[gmrf_wind_mapping_node-2] [GMRF] MAP Mean value estimated in 10.1736 milliseconds
[gmrf_wind_mapping_node-2] --> MAP did not converge after 1 iterations.
[gmrf_wind_mapping_node-2] [GMRF] MAP Mean value estimated in 10.182 milliseconds
[gmrf_wind_mapping_node-2] --> MAP did not converge after 1 iterations.
[gmrf_wind_mapping_node-2] [GMRF] MAP Mean value estimated in 10.1747 milliseconds
[gmrf_wind_mapping_node-2] --> MAP did not converge after 1 iterations.
[gmrf_wind_mapping_node-2] [GMRF] MAP Mean value estimated in 10.1675 milliseconds
[gmrf_wind_mapping_node-2] --> MAP did not converge after 1 iterations.
[gmrf_wind_mapping_node-2] [GMRF] MAP Mean value estimated in 10.1621 milliseconds
[gmrf_wind_mapping_node-2] --> MAP did not converge after 1 iterations.
[gmrf_wind_mapping_node-2] [GMRF] MAP Mean value estimated in 10.1549 milliseconds
[gsl_actionserver_node-3] [INFO] [1788875830.121390432] [GSL]: 10 gas measurements, 10 wind measurements over 1.97 seconds
[gsl_actionserver_node-3] [INFO] [1788875830.121471390] [GSL]: avg_gas=0.11;  avg_windSpeed=0.56;  avg_wind_dir=-1.3
[gsl_actionserver_node-3] [INFO] [1788875830.122017428] [GSL]: [33mGAS HIT[0m
[gsl_actionserver_node-3] [INFO] [1788875830.122030756] [GSL]: [DEBUG-WIND] useGroundTruth=false gmrf_req_size=626 gaden_req_size=-1
[gsl_actionserver_node-3] [INFO] [1788875830.122039288] [GSL]: [DEBUG-WIND] Taking GMRF path
[gsl_actionserver_node-3] [INFO] [1788875830.149009094] [GSL - Trace]: [32mEntering StopAndMeasure[0m
[gmrf_wind_mapping_node-2] --> MAP did not converge after 1 iterations.
[gmrf_wind_mapping_node-2] [GMRF] MAP Mean value estimated in 10.1598 milliseconds
[gmrf_wind_mapping_node-2] --> MAP did not converge after 1 iterations.
[gmrf_wind_mapping_node-2] [GMRF] MAP Mean value estimated in 10.1527 milliseconds
[gmrf_wind_mapping_node-2] --> MAP did not converge after 1 iterations.
[gmrf_wind_mapping_node-2] [GMRF] MAP Mean value estimated in 10.161 milliseconds
[gmrf_wind_mapping_node-2] --> MAP did not converge after 1 iterations.
[gmrf_wind_mapping_node-2] [GMRF] MAP Mean value estimated in 10.1641 milliseconds
[gmrf_wind_mapping_node-2] --> MAP did not converge after 1 iterations.
[gmrf_wind_mapping_node-2] [GMRF] MAP Mean value estimated in 10.1655 milliseconds
[gmrf_wind_mapping_node-2] --> MAP did not converge after 1 iterations.
[gmrf_wind_mapping_node-2] [GMRF] MAP Mean value estimated in 10.1687 milliseconds
[gmrf_wind_mapping_node-2] --> MAP did not converge after 1 iterations.
[gmrf_wind_mapping_node-2] [GMRF] MAP Mean value estimated in 10.1752 milliseconds
[gmrf_wind_mapping_node-2] --> MAP did not converge after 1 iterations.
[gmrf_wind_mapping_node-2] [GMRF] MAP Mean value estimated in 10.1698 milliseconds
[gmrf_wind_mapping_node-2] --> MAP did not converge after 1 iterations.
[gmrf_wind_mapping_node-2] [GMRF] MAP Mean value estimated in 10.1729 milliseconds
[gmrf_wind_mapping_node-2] --> MAP did not converge after 1 iterations.
[gmrf_wind_mapping_node-2] [GMRF] MAP Mean value estimated in 10.1794 milliseconds
[gmrf_wind_mapping_node-2] --> MAP did not converge after 1 iterations.
[gmrf_wind_mapping_node-2] [GMRF] MAP Mean value estimated in 10.1824 milliseconds
[gmrf_wind_mapping_node-2] --> MAP did not converge after 1 iterations.
[gmrf_wind_mapping_node-2] [GMRF] MAP Mean value estimated in 10.1889 milliseconds
[gmrf_wind_mapping_node-2] --> MAP did not converge after 1 iterations.
[gmrf_wind_mapping_node-2] [GMRF] MAP Mean value estimated in 10.1953 milliseconds
[gmrf_wind_mapping_node-2] --> MAP did not converge after 1 iterations.
[gmrf_wind_mapping_node-2] [GMRF] MAP Mean value estimated in 10.1966 milliseconds
[gmrf_wind_mapping_node-2] --> MAP did not converge after 1 iterations.
[gmrf_wind_mapping_node-2] [GMRF] MAP Mean value estimated in 10.198 milliseconds
[gmrf_wind_mapping_node-2] --> MAP did not converge after 1 iterations.
[gmrf_wind_mapping_node-2] [GMRF] MAP Mean value estimated in 10.2044 milliseconds
[gmrf_wind_mapping_node-2] --> MAP did not converge after 1 iterations.
[gmrf_wind_mapping_node-2] [GMRF] MAP Mean value estimated in 10.2057 milliseconds
[gmrf_wind_mapping_node-2] --> MAP did not converge after 1 iterations.
[gmrf_wind_mapping_node-2] [GMRF] MAP Mean value estimated in 10.2003 milliseconds
[gmrf_wind_mapping_node-2] --> MAP did not converge after 1 iterations.
[gmrf_wind_mapping_node-2] [GMRF] MAP Mean value estimated in 10.1983 milliseconds
[gmrf_wind_mapping_node-2] --> MAP did not converge after 1 iterations.
[gmrf_wind_mapping_node-2] [GMRF] MAP Mean value estimated in 10.203 milliseconds
[gsl_actionserver_node-3] [INFO] [1788875832.121429841] [GSL]: 10 gas measurements, 10 wind measurements over 1.97 seconds
[gsl_actionserver_node-3] [INFO] [1788875832.121502634] [GSL]: avg_gas=0.15;  avg_windSpeed=0.56;  avg_wind_dir=-1.3
[gsl_actionserver_node-3] [INFO] [1788875832.122060022] [GSL]: [33mGAS HIT[0m
[gsl_actionserver_node-3] [INFO] [1788875832.122073212] [GSL]: [DEBUG-WIND] useGroundTruth=false gmrf_req_size=626 gaden_req_size=-1
[gsl_actionserver_node-3] [INFO] [1788875832.122081584] [GSL]: [DEBUG-WIND] Taking GMRF path
[gsl_actionserver_node-3] [INFO] [1788875832.148095124] [GSL - Trace]: [32mEntering StopAndMeasure[0m
[gmrf_wind_mapping_node-2] --> MAP did not converge after 1 iterations.
[gmrf_wind_mapping_node-2] [GMRF] MAP Mean value estimated in 10.2076 milliseconds
[gmrf_wind_mapping_node-2] --> MAP did not converge after 1 iterations.
[gmrf_wind_mapping_node-2] [GMRF] MAP Mean value estimated in 10.2156 milliseconds
[gmrf_wind_mapping_node-2] --> MAP did not converge after 1 iterations.
[gmrf_wind_mapping_node-2] [GMRF] MAP Mean value estimated in 10.2086 milliseconds
[gmrf_wind_mapping_node-2] --> MAP did not converge after 1 iterations.
[gmrf_wind_mapping_node-2] [GMRF] MAP Mean value estimated in 10.2149 milliseconds
[gmrf_wind_mapping_node-2] --> MAP did not converge after 1 iterations.
[gmrf_wind_mapping_node-2] [GMRF] MAP Mean value estimated in 10.2195 milliseconds
[gmrf_wind_mapping_node-2] --> MAP did not converge after 1 iterations.
[gmrf_wind_mapping_node-2] [GMRF] MAP Mean value estimated in 10.2257 milliseconds
[gmrf_wind_mapping_node-2] --> MAP did not converge after 1 iterations.
[gmrf_wind_mapping_node-2] [GMRF] MAP Mean value estimated in 10.2336 milliseconds
[gmrf_wind_mapping_node-2] --> MAP did not converge after 1 iterations.
[gmrf_wind_mapping_node-2] [GMRF] MAP Mean value estimated in 10.2266 milliseconds
[gmrf_wind_mapping_node-2] --> MAP did not converge after 1 iterations.
[gmrf_wind_mapping_node-2] [GMRF] MAP Mean value estimated in 10.2213 milliseconds
[gmrf_wind_mapping_node-2] --> MAP did not converge after 1 iterations.
[gmrf_wind_mapping_node-2] [GMRF] MAP Mean value estimated in 10.2291 milliseconds
[gmrf_wind_mapping_node-2] --> MAP did not converge after 1 iterations.
[gmrf_wind_mapping_node-2] [GMRF] MAP Mean value estimated in 10.2239 milliseconds
[gmrf_wind_mapping_node-2] --> MAP did not converge after 1 iterations.
[gmrf_wind_mapping_node-2] [GMRF] MAP Mean value estimated in 10.23 milliseconds
[gmrf_wind_mapping_node-2] --> MAP did not converge after 1 iterations.
[gmrf_wind_mapping_node-2] [GMRF] MAP Mean value estimated in 10.2248 milliseconds
[gmrf_wind_mapping_node-2] --> MAP did not converge after 1 iterations.
[gmrf_wind_mapping_node-2] [GMRF] MAP Mean value estimated in 10.2228 milliseconds
[gmrf_wind_mapping_node-2] --> MAP did not converge after 1 iterations.
[gmrf_wind_mapping_node-2] [GMRF] MAP Mean value estimated in 10.2224 milliseconds
[gmrf_wind_mapping_node-2] --> MAP did not converge after 1 iterations.
[gmrf_wind_mapping_node-2] [GMRF] MAP Mean value estimated in 10.2269 milliseconds
[gmrf_wind_mapping_node-2] --> MAP did not converge after 1 iterations.
[gmrf_wind_mapping_node-2] [GMRF] MAP Mean value estimated in 10.2314 milliseconds
[gmrf_wind_mapping_node-2] --> MAP did not converge after 1 iterations.
[gmrf_wind_mapping_node-2] [GMRF] MAP Mean value estimated in 10.2246 milliseconds
[gmrf_wind_mapping_node-2] --> MAP did not converge after 1 iterations.
[gmrf_wind_mapping_node-2] [GMRF] MAP Mean value estimated in 10.2323 milliseconds
[gmrf_wind_mapping_node-2] --> MAP did not converge after 1 iterations.
[gmrf_wind_mapping_node-2] [GMRF] MAP Mean value estimated in 10.2399 milliseconds
[gsl_actionserver_node-3] [INFO] [1788875834.121274618] [GSL]: 10 gas measurements, 10 wind measurements over 1.97 seconds
[gsl_actionserver_node-3] [INFO] [1788875834.121335650] [GSL]: avg_gas=0.1;  avg_windSpeed=0.56;  avg_wind_dir=-1.3
[gsl_actionserver_node-3] [INFO] [1788875834.121741515] [GSL]: [33mGAS HIT[0m
[gsl_actionserver_node-3] [INFO] [1788875834.121750612] [GSL]: [DEBUG-WIND] useGroundTruth=false gmrf_req_size=626 gaden_req_size=-1
[gsl_actionserver_node-3] [INFO] [1788875834.121757128] [GSL]: [DEBUG-WIND] Taking GMRF path
[gsl_actionserver_node-3] [INFO] [1788875834.156896638] [GSL]: Max mutual info: 6.439
[gsl_actionserver_node-3] [INFO] [1788875834.157099846] [GSL]: MutualInformation - Ellapsed: 0.009s
[gmrf_wind_mapping_node-2] --> MAP did not converge after 1 iterations.
[gmrf_wind_mapping_node-2] [GMRF] MAP Mean value estimated in 10.2556 milliseconds
[vgr_sim_node-1] [WARN] [1788875834.171980703] [vgr_uav_sim]: PLAN_CB: called with goal=(5.90,-0.21)
[vgr_sim_node-1] [WARN] [1788875834.176053201] [vgr_uav_sim]: PLAN_CB: returning 24 poses
[vgr_sim_node-1] [WARN] [1788875834.183458955] [vgr_uav_sim]: PLAN_CB: called with goal=(5.90,-0.21)
[vgr_sim_node-1] [WARN] [1788875834.186242132] [vgr_uav_sim]: PLAN_CB: returning 24 poses
[gsl_actionserver_node-3] [INFO] [1788875834.194178157] [GSL]: Sending goal (5.90, -0.21)
[gsl_actionserver_node-3] [INFO] [1788875834.194919354] [GSL]: Variance: 18.45
[gsl_actionserver_node-3] [INFO] [1788875834.194942373] [GSL - Trace]: [32mEntering Moving[0m
[vgr_sim_node-1] [INFO] [1788875834.197313670] [vgr_uav_sim]: Prepared 24 collision-free navigation waypoints to (5.90, -0.21)
[vgr_sim_node-1] [INFO] [1788875834.198602522] [vgr_uav_sim]: UAV navigating in audited 2-D mode to (5.90, -0.21, 0.30)
[gmrf_wind_mapping_node-2] --> MAP did not converge after 1 iterations.
[gmrf_wind_mapping_node-2] [GMRF] MAP Mean value estimated in 10.26 milliseconds
[gmrf_wind_mapping_node-2] --> MAP did not converge after 1 iterations.
[gmrf_wind_mapping_node-2] [GMRF] MAP Mean value estimated in 10.2644 milliseconds
[gmrf_wind_mapping_node-2] --> MAP did not converge after 1 iterations.
[gmrf_wind_mapping_node-2] [GMRF] MAP Mean value estimated in 10.2624 milliseconds
[gmrf_wind_mapping_node-2] --> MAP did not converge after 1 iterations.
[gmrf_wind_mapping_node-2] [GMRF] MAP Mean value estimated in 10.2588 milliseconds
[gmrf_wind_mapping_node-2] --> MAP did not converge after 1 iterations.
[gmrf_wind_mapping_node-2] [GMRF] MAP Mean value estimated in 10.2568 milliseconds
[gmrf_wind_mapping_node-2] --> MAP did not converge after 1 iterations.
[gmrf_wind_mapping_node-2] [GMRF] MAP Mean value estimated in 10.2627 milliseconds
[gmrf_wind_mapping_node-2] --> MAP did not converge after 1 iterations.
[gmrf_wind_mapping_node-2] [GMRF] MAP Mean value estimated in 10.2623 milliseconds
[gmrf_wind_mapping_node-2] --> MAP did not converge after 1 iterations.
[gmrf_wind_mapping_node-2] [GMRF] MAP Mean value estimated in 10.2683 milliseconds
[gmrf_wind_mapping_node-2] --> MAP did not converge after 1 iterations.
[gmrf_wind_mapping_node-2] [GMRF] MAP Mean value estimated in 10.2631 milliseconds
[gmrf_wind_mapping_node-2] --> MAP did not converge after 1 iterations.
[gmrf_wind_mapping_node-2] [GMRF] MAP Mean value estimated in 10.2579 milliseconds
[gmrf_wind_mapping_node-2] --> MAP did not converge after 1 iterations.
[gmrf_wind_mapping_node-2] [GMRF] MAP Mean value estimated in 10.2638 milliseconds
[gmrf_wind_mapping_node-2] --> MAP did not converge after 1 iterations.
[gmrf_wind_mapping_node-2] [GMRF] MAP Mean value estimated in 10.2681 milliseconds
[gmrf_wind_mapping_node-2] --> MAP did not converge after 1 iterations.
[gmrf_wind_mapping_node-2] [GMRF] MAP Mean value estimated in 10.2709 milliseconds
[gmrf_wind_mapping_node-2] --> MAP did not converge after 1 iterations.
[gmrf_wind_mapping_node-2] [GMRF] MAP Mean value estimated in 10.2736 milliseconds
[gmrf_wind_mapping_node-2] --> MAP did not converge after 1 iterations.
[gmrf_wind_mapping_node-2] [GMRF] MAP Mean value estimated in 10.2779 milliseconds
[gmrf_wind_mapping_node-2] --> MAP did not converge after 1 iterations.
[gmrf_wind_mapping_node-2] [GMRF] MAP Mean value estimated in 10.2759 milliseconds
[gmrf_wind_mapping_node-2] --> MAP did not converge after 1 iterations.
[gmrf_wind_mapping_node-2] [GMRF] MAP Mean value estimated in 10.2692 milliseconds
[gmrf_wind_mapping_node-2] --> MAP did not converge after 1 iterations.
[gmrf_wind_mapping_node-2] [GMRF] MAP Mean value estimated in 10.2672 milliseconds
[gmrf_wind_mapping_node-2] --> MAP did not converge after 1 iterations.
[gmrf_wind_mapping_node-2] [GMRF] MAP Mean value estimated in 10.2715 milliseconds
[gmrf_wind_mapping_node-2] --> MAP did not converge after 1 iterations.
[gmrf_wind_mapping_node-2] [GMRF] MAP Mean value estimated in 10.2726 milliseconds
[gmrf_wind_mapping_node-2] --> MAP did not converge after 1 iterations.
[gmrf_wind_mapping_node-2] [GMRF] MAP Mean value estimated in 10.2706 milliseconds
[gmrf_wind_mapping_node-2] --> MAP did not converge after 1 iterations.
[gmrf_wind_mapping_node-2] [GMRF] MAP Mean value estimated in 10.2748 milliseconds
[gmrf_wind_mapping_node-2] --> MAP did not converge after 1 iterations.
[gmrf_wind_mapping_node-2] [GMRF] MAP Mean value estimated in 10.2744 milliseconds
[gmrf_wind_mapping_node-2] --> MAP did not converge after 1 iterations.
[gmrf_wind_mapping_node-2] [GMRF] MAP Mean value estimated in 10.274 milliseconds
[gmrf_wind_mapping_node-2] --> MAP did not converge after 1 iterations.
[gmrf_wind_mapping_node-2] [GMRF] MAP Mean value estimated in 10.2782 milliseconds
[gmrf_wind_mapping_node-2] --> MAP did not converge after 1 iterations.
[gmrf_wind_mapping_node-2] [GMRF] MAP Mean value estimated in 10.2809 milliseconds
[gmrf_wind_mapping_node-2] --> MAP did not converge after 1 iterations.
[gmrf_wind_mapping_node-2] [GMRF] MAP Mean value estimated in 10.2758 milliseconds
[gmrf_wind_mapping_node-2] --> MAP did not converge after 1 iterations.
[gmrf_wind_mapping_node-2] [GMRF] MAP Mean value estimated in 10.28 milliseconds
[gmrf_wind_mapping_node-2] --> MAP did not converge after 1 iterations.
[gmrf_wind_mapping_node-2] [GMRF] MAP Mean value estimated in 10.2811 milliseconds
[gmrf_wind_mapping_node-2] --> MAP did not converge after 1 iterations.
[gmrf_wind_mapping_node-2] [GMRF] MAP Mean value estimated in 10.2837 milliseconds
[gmrf_wind_mapping_node-2] --> MAP did not converge after 1 iterations.
[gmrf_wind_mapping_node-2] [GMRF] MAP Mean value estimated in 10.2864 milliseconds
[gmrf_wind_mapping_node-2] --> MAP did not converge after 1 iterations.
[gmrf_wind_mapping_node-2] [GMRF] MAP Mean value estimated in 10.289 milliseconds
[gmrf_wind_mapping_node-2] --> MAP did not converge after 1 iterations.
[gmrf_wind_mapping_node-2] [GMRF] MAP Mean value estimated in 10.287 milliseconds
[gmrf_wind_mapping_node-2] --> MAP did not converge after 1 iterations.
[gmrf_wind_mapping_node-2] [GMRF] MAP Mean value estimated in 10.2835 milliseconds
[gmrf_wind_mapping_node-2] --> MAP did not converge after 1 iterations.
[gmrf_wind_mapping_node-2] [GMRF] MAP Mean value estimated in 10.2877 milliseconds
[gmrf_wind_mapping_node-2] --> MAP did not converge after 1 iterations.
[gmrf_wind_mapping_node-2] [GMRF] MAP Mean value estimated in 10.2903 milliseconds
[gmrf_wind_mapping_node-2] --> MAP did not converge after 1 iterations.
[gmrf_wind_mapping_node-2] [GMRF] MAP Mean value estimated in 10.2914 milliseconds
[gmrf_wind_mapping_node-2] --> MAP did not converge after 1 iterations.
[gmrf_wind_mapping_node-2] [GMRF] MAP Mean value estimated in 10.297 milliseconds
[gmrf_wind_mapping_node-2] --> MAP did not converge after 1 iterations.
[gmrf_wind_mapping_node-2] [GMRF] MAP Mean value estimated in 10.2935 milliseconds
[gmrf_wind_mapping_node-2] --> MAP did not converge after 1 iterations.
[gmrf_wind_mapping_node-2] [GMRF] MAP Mean value estimated in 10.2885 milliseconds
[gmrf_wind_mapping_node-2] --> MAP did not converge after 1 iterations.
[gmrf_wind_mapping_node-2] [GMRF] MAP Mean value estimated in 10.2821 milliseconds
[gmrf_wind_mapping_node-2] --> MAP did not converge after 1 iterations.
[gmrf_wind_mapping_node-2] [GMRF] MAP Mean value estimated in 10.2756 milliseconds
[gmrf_wind_mapping_node-2] --> MAP did not converge after 1 iterations.
[gmrf_wind_mapping_node-2] [GMRF] MAP Mean value estimated in 10.2692 milliseconds
[gmrf_wind_mapping_node-2] --> MAP did not converge after 1 iterations.
[gmrf_wind_mapping_node-2] [GMRF] MAP Mean value estimated in 10.2643 milliseconds
[gmrf_wind_mapping_node-2] --> MAP did not converge after 1 iterations.
[gmrf_wind_mapping_node-2] [GMRF] MAP Mean value estimated in 10.2684 milliseconds
[gmrf_wind_mapping_node-2] --> MAP did not converge after 1 iterations.
[gmrf_wind_mapping_node-2] [GMRF] MAP Mean value estimated in 10.2635 milliseconds
[gmrf_wind_mapping_node-2] --> MAP did not converge after 1 iterations.
[gmrf_wind_mapping_node-2] [GMRF] MAP Mean value estimated in 10.2571 milliseconds
[gmrf_wind_mapping_node-2] --> MAP did not converge after 1 iterations.
[gmrf_wind_mapping_node-2] [GMRF] MAP Mean value estimated in 10.2642 milliseconds
[gmrf_wind_mapping_node-2] --> MAP did not converge after 1 iterations.
[gmrf_wind_mapping_node-2] [GMRF] MAP Mean value estimated in 10.2712 milliseconds
[gmrf_wind_mapping_node-2] --> MAP did not converge after 1 iterations.
[gmrf_wind_mapping_node-2] [GMRF] MAP Mean value estimated in 10.2753 milliseconds
[gsl_actionserver_node-3] [INFO] [1788875839.172045993] [GSL - Trace]: [32mEntering StopAndMeasure[0m
[gmrf_wind_mapping_node-2] --> MAP did not converge after 1 iterations.
[gmrf_wind_mapping_node-2] [GMRF] MAP Mean value estimated in 10.2749 milliseconds
[gmrf_wind_mapping_node-2] --> MAP did not converge after 1 iterations.
[gmrf_wind_mapping_node-2] [GMRF] MAP Mean value estimated in 10.2804 milliseconds
[gmrf_wind_mapping_node-2] --> MAP did not converge after 1 iterations.
[gmrf_wind_mapping_node-2] [GMRF] MAP Mean value estimated in 10.2844 milliseconds
[gmrf_wind_mapping_node-2] --> MAP did not converge after 1 iterations.
[gmrf_wind_mapping_node-2] [GMRF] MAP Mean value estimated in 10.2811 milliseconds
[gmrf_wind_mapping_node-2] --> MAP did not converge after 1 iterations.
[gmrf_wind_mapping_node-2] [GMRF] MAP Mean value estimated in 10.288 milliseconds
[gmrf_wind_mapping_node-2] --> MAP did not converge after 1 iterations.
[gmrf_wind_mapping_node-2] [GMRF] MAP Mean value estimated in 10.292 milliseconds
[gmrf_wind_mapping_node-2] --> MAP did not converge after 1 iterations.
[gmrf_wind_mapping_node-2] [GMRF] MAP Mean value estimated in 10.2872 milliseconds
[gmrf_wind_mapping_node-2] --> MAP did not converge after 1 iterations.
[gmrf_wind_mapping_node-2] [GMRF] MAP Mean value estimated in 10.2912 milliseconds
[gmrf_wind_mapping_node-2] --> MAP did not converge after 1 iterations.
[gmrf_wind_mapping_node-2] [GMRF] MAP Mean value estimated in 10.2966 milliseconds
[gmrf_wind_mapping_node-2] --> MAP did not converge after 1 iterations.
[gmrf_wind_mapping_node-2] [GMRF] MAP Mean value estimated in 10.2977 milliseconds
[gmrf_wind_mapping_node-2] --> MAP did not converge after 1 iterations.
[gmrf_wind_mapping_node-2] [GMRF] MAP Mean value estimated in 10.3016 milliseconds
[gmrf_wind_mapping_node-2] --> MAP did not converge after 1 iterations.
[gmrf_wind_mapping_node-2] [GMRF] MAP Mean value estimated in 10.3085 milliseconds
[gmrf_wind_mapping_node-2] --> MAP did not converge after 1 iterations.
[gmrf_wind_mapping_node-2] [GMRF] MAP Mean value estimated in 10.3139 milliseconds
[gmrf_wind_mapping_node-2] --> MAP did not converge after 1 iterations.
[gmrf_wind_mapping_node-2] [GMRF] MAP Mean value estimated in 10.3192 milliseconds
[gmrf_wind_mapping_node-2] --> MAP did not converge after 1 iterations.
[gmrf_wind_mapping_node-2] [GMRF] MAP Mean value estimated in 10.3246 milliseconds
[gmrf_wind_mapping_node-2] --> MAP did not converge after 1 iterations.
[gmrf_wind_mapping_node-2] [GMRF] MAP Mean value estimated in 10.327 milliseconds
[gmrf_wind_mapping_node-2] --> MAP did not converge after 1 iterations.
[gmrf_wind_mapping_node-2] [GMRF] MAP Mean value estimated in 10.3251 milliseconds
[gmrf_wind_mapping_node-2] --> MAP did not converge after 1 iterations.
[gmrf_wind_mapping_node-2] [GMRF] MAP Mean value estimated in 10.3304 milliseconds
[gmrf_wind_mapping_node-2] --> MAP did not converge after 1 iterations.
[gmrf_wind_mapping_node-2] [GMRF] MAP Mean value estimated in 10.3343 milliseconds
[gsl_actionserver_node-3] [INFO] [1788875841.121443939] [GSL]: 10 gas measurements, 10 wind measurements over 1.95 seconds
[gsl_actionserver_node-3] [INFO] [1788875841.122617631] [GSL]: avg_gas=1.4;  avg_windSpeed=0.072;  avg_wind_dir=0.53
[gsl_actionserver_node-3] [INFO] [1788875841.123654309] [GSL]: [33mGAS HIT[0m
[gsl_actionserver_node-3] [INFO] [1788875841.123674426] [GSL]: [DEBUG-WIND] useGroundTruth=false gmrf_req_size=626 gaden_req_size=-1
[gsl_actionserver_node-3] [INFO] [1788875841.123686464] [GSL]: [DEBUG-WIND] Taking GMRF path
[gsl_actionserver_node-3] [INFO] [1788875841.148267037] [GSL - Trace]: [32mEntering StopAndMeasure[0m
[gmrf_wind_mapping_node-2] --> MAP did not converge after 1 iterations.
[gmrf_wind_mapping_node-2] [GMRF] MAP Mean value estimated in 10.3382 milliseconds
[gmrf_wind_mapping_node-2] --> MAP did not converge after 1 iterations.
[gmrf_wind_mapping_node-2] [GMRF] MAP Mean value estimated in 10.3405 milliseconds
[gmrf_wind_mapping_node-2] --> MAP did not converge after 1 iterations.
[gmrf_wind_mapping_node-2] [GMRF] MAP Mean value estimated in 10.3429 milliseconds
[gmrf_wind_mapping_node-2] --> MAP did not converge after 1 iterations.
[gmrf_wind_mapping_node-2] [GMRF] MAP Mean value estimated in 10.3496 milliseconds
[gmrf_wind_mapping_node-2] --> MAP did not converge after 1 iterations.
[gmrf_wind_mapping_node-2] [GMRF] MAP Mean value estimated in 10.3491 milliseconds
[gmrf_wind_mapping_node-2] --> MAP did not converge after 1 iterations.
[gmrf_wind_mapping_node-2] [GMRF] MAP Mean value estimated in 10.3443 milliseconds
[gmrf_wind_mapping_node-2] --> MAP did not converge after 1 iterations.
[gmrf_wind_mapping_node-2] [GMRF] MAP Mean value estimated in 10.3496 milliseconds
[gmrf_wind_mapping_node-2] --> MAP did not converge after 1 iterations.
[gmrf_wind_mapping_node-2] [GMRF] MAP Mean value estimated in 10.3448 milliseconds
[gmrf_wind_mapping_node-2] --> MAP did not converge after 1 iterations.
[gmrf_wind_mapping_node-2] [GMRF] MAP Mean value estimated in 10.3471 milliseconds
[gmrf_wind_mapping_node-2] --> MAP did not converge after 1 iterations.
[gmrf_wind_mapping_node-2] [GMRF] MAP Mean value estimated in 10.3524 milliseconds
[gmrf_wind_mapping_node-2] --> MAP did not converge after 1 iterations.
[gmrf_wind_mapping_node-2] [GMRF] MAP Mean value estimated in 10.3575 milliseconds
[gmrf_wind_mapping_node-2] --> MAP did not converge after 1 iterations.
[gmrf_wind_mapping_node-2] [GMRF] MAP Mean value estimated in 10.3613 milliseconds
[gmrf_wind_mapping_node-2] --> MAP did not converge after 1 iterations.
[gmrf_wind_mapping_node-2] [GMRF] MAP Mean value estimated in 10.3665 milliseconds
[gmrf_wind_mapping_node-2] --> MAP did not converge after 1 iterations.
[gmrf_wind_mapping_node-2] [GMRF] MAP Mean value estimated in 10.3688 milliseconds
[gmrf_wind_mapping_node-2] --> MAP did not converge after 1 iterations.
[gmrf_wind_mapping_node-2] [GMRF] MAP Mean value estimated in 10.3697 milliseconds
[gmrf_wind_mapping_node-2] --> MAP did not converge after 1 iterations.
[gmrf_wind_mapping_node-2] [GMRF] MAP Mean value estimated in 10.3748 milliseconds
[gmrf_wind_mapping_node-2] --> MAP did not converge after 1 iterations.
[gmrf_wind_mapping_node-2] [GMRF] MAP Mean value estimated in 10.3686 milliseconds
[gmrf_wind_mapping_node-2] --> MAP did not converge after 1 iterations.
[gmrf_wind_mapping_node-2] [GMRF] MAP Mean value estimated in 10.3625 milliseconds
[gmrf_wind_mapping_node-2] --> MAP did not converge after 1 iterations.
[gmrf_wind_mapping_node-2] [GMRF] MAP Mean value estimated in 10.3648 milliseconds
[gmrf_wind_mapping_node-2] --> MAP did not converge after 1 iterations.
[gmrf_wind_mapping_node-2] [GMRF] MAP Mean value estimated in 10.3699 milliseconds
[gsl_actionserver_node-3] [INFO] [1788875843.121302520] [GSL]: 10 gas measurements, 10 wind measurements over 1.97 seconds
[gsl_actionserver_node-3] [INFO] [1788875843.121365076] [GSL]: avg_gas=1.5;  avg_windSpeed=0.098;  avg_wind_dir=0.2
[gsl_actionserver_node-3] [INFO] [1788875843.121913220] [GSL]: [33mGAS HIT[0m
[gsl_actionserver_node-3] [INFO] [1788875843.121923741] [GSL]: [DEBUG-WIND] useGroundTruth=false gmrf_req_size=626 gaden_req_size=-1
[gsl_actionserver_node-3] [INFO] [1788875843.121931034] [GSL]: [DEBUG-WIND] Taking GMRF path
[gsl_actionserver_node-3] [INFO] [1788875843.147953475] [GSL - Trace]: [32mEntering StopAndMeasure[0m
[gmrf_wind_mapping_node-2] --> MAP did not converge after 1 iterations.
[gmrf_wind_mapping_node-2] [GMRF] MAP Mean value estimated in 10.3722 milliseconds
[gmrf_wind_mapping_node-2] --> MAP did not converge after 1 iterations.
[gmrf_wind_mapping_node-2] [GMRF] MAP Mean value estimated in 10.3787 milliseconds
[gmrf_wind_mapping_node-2] --> MAP did not converge after 1 iterations.
[gmrf_wind_mapping_node-2] [GMRF] MAP Mean value estimated in 10.3824 milliseconds
[gmrf_wind_mapping_node-2] --> MAP did not converge after 1 iterations.
[gmrf_wind_mapping_node-2] [GMRF] MAP Mean value estimated in 10.3874 milliseconds
[gmrf_wind_mapping_node-2] --> MAP did not converge after 1 iterations.
[gmrf_wind_mapping_node-2] [GMRF] MAP Mean value estimated in 10.3869 milliseconds
[gmrf_wind_mapping_node-2] --> MAP did not converge after 1 iterations.
[gmrf_wind_mapping_node-2] [GMRF] MAP Mean value estimated in 10.3919 milliseconds
[gmrf_wind_mapping_node-2] --> MAP did not converge after 1 iterations.
[gmrf_wind_mapping_node-2] [GMRF] MAP Mean value estimated in 10.39 milliseconds
[gmrf_wind_mapping_node-2] --> MAP did not converge after 1 iterations.
[gmrf_wind_mapping_node-2] [GMRF] MAP Mean value estimated in 10.3922 milliseconds
[gmrf_wind_mapping_node-2] --> MAP did not converge after 1 iterations.
[gmrf_wind_mapping_node-2] [GMRF] MAP Mean value estimated in 10.3875 milliseconds
[gmrf_wind_mapping_node-2] --> MAP did not converge after 1 iterations.
[gmrf_wind_mapping_node-2] [GMRF] MAP Mean value estimated in 10.3925 milliseconds
[gmrf_wind_mapping_node-2] --> MAP did not converge after 1 iterations.
[gmrf_wind_mapping_node-2] [GMRF] MAP Mean value estimated in 10.3989 milliseconds
[gmrf_wind_mapping_node-2] --> MAP did not converge after 1 iterations.
[gmrf_wind_mapping_node-2] [GMRF] MAP Mean value estimated in 10.4025 milliseconds
[gmrf_wind_mapping_node-2] --> MAP did not converge after 1 iterations.
[gmrf_wind_mapping_node-2] [GMRF] MAP Mean value estimated in 10.3964 milliseconds
[gmrf_wind_mapping_node-2] --> MAP did not converge after 1 iterations.
[gmrf_wind_mapping_node-2] [GMRF] MAP Mean value estimated in 10.3986 milliseconds
[gmrf_wind_mapping_node-2] --> MAP did not converge after 1 iterations.
[gmrf_wind_mapping_node-2] [GMRF] MAP Mean value estimated in 10.4036 milliseconds
[gmrf_wind_mapping_node-2] --> MAP did not converge after 1 iterations.
[gmrf_wind_mapping_node-2] [GMRF] MAP Mean value estimated in 10.4099 milliseconds
[gmrf_wind_mapping_node-2] --> MAP did not converge after 1 iterations.
[gmrf_wind_mapping_node-2] [GMRF] MAP Mean value estimated in 10.4038 milliseconds
[gmrf_wind_mapping_node-2] --> MAP did not converge after 1 iterations.
[gmrf_wind_mapping_node-2] [GMRF] MAP Mean value estimated in 10.3978 milliseconds
[gmrf_wind_mapping_node-2] --> MAP did not converge after 1 iterations.
[gmrf_wind_mapping_node-2] [GMRF] MAP Mean value estimated in 10.4014 milliseconds
[gmrf_wind_mapping_node-2] --> MAP did not converge after 1 iterations.
[gmrf_wind_mapping_node-2] [GMRF] MAP Mean value estimated in 10.4104 milliseconds
[gsl_actionserver_node-3] [INFO] [1788875845.121713566] [GSL]: 10 gas measurements, 10 wind measurements over 1.97 seconds
[gsl_actionserver_node-3] [INFO] [1788875845.121806587] [GSL]: avg_gas=1.4;  avg_windSpeed=0.072;  avg_wind_dir=0.53
[gsl_actionserver_node-3] [INFO] [1788875845.123361530] [GSL]: [33mGAS HIT[0m
[gsl_actionserver_node-3] [INFO] [1788875845.123397749] [GSL]: [DEBUG-WIND] useGroundTruth=false gmrf_req_size=626 gaden_req_size=-1
[gsl_actionserver_node-3] [INFO] [1788875845.123410204] [GSL]: [DEBUG-WIND] Taking GMRF path
[gsl_actionserver_node-3] [INFO] [1788875845.147880896] [GSL - Trace]: [32mEntering StopAndMeasure[0m
[gmrf_wind_mapping_node-2] --> MAP did not converge after 1 iterations.
[gmrf_wind_mapping_node-2] [GMRF] MAP Mean value estimated in 10.4126 milliseconds
[gmrf_wind_mapping_node-2] --> MAP did not converge after 1 iterations.
[gmrf_wind_mapping_node-2] [GMRF] MAP Mean value estimated in 10.4134 milliseconds
[gmrf_wind_mapping_node-2] --> MAP did not converge after 1 iterations.
[gmrf_wind_mapping_node-2] [GMRF] MAP Mean value estimated in 10.4114 milliseconds
[gmrf_wind_mapping_node-2] --> MAP did not converge after 1 iterations.
[gmrf_wind_mapping_node-2] [GMRF] MAP Mean value estimated in 10.4095 milliseconds
[gmrf_wind_mapping_node-2] --> MAP did not converge after 1 iterations.
[gmrf_wind_mapping_node-2] [GMRF] MAP Mean value estimated in 10.4049 milliseconds
[gmrf_wind_mapping_node-2] --> MAP did not converge after 1 iterations.
[gmrf_wind_mapping_node-2] [GMRF] MAP Mean value estimated in 10.4098 milliseconds
[gmrf_wind_mapping_node-2] --> MAP did not converge after 1 iterations.
[gmrf_wind_mapping_node-2] [GMRF] MAP Mean value estimated in 10.4119 milliseconds
[gmrf_wind_mapping_node-2] --> MAP did not converge after 1 iterations.
[gmrf_wind_mapping_node-2] [GMRF] MAP Mean value estimated in 10.41 milliseconds
[gmrf_wind_mapping_node-2] --> MAP did not converge after 1 iterations.
[gmrf_wind_mapping_node-2] [GMRF] MAP Mean value estimated in 10.4135 milliseconds
[gmrf_wind_mapping_node-2] --> MAP did not converge after 1 iterations.
[gmrf_wind_mapping_node-2] [GMRF] MAP Mean value estimated in 10.417 milliseconds
[gmrf_wind_mapping_node-2] --> MAP did not converge after 1 iterations.
[gmrf_wind_mapping_node-2] [GMRF] MAP Mean value estimated in 10.4205 milliseconds
[gmrf_wind_mapping_node-2] --> MAP did not converge after 1 iterations.
[gmrf_wind_mapping_node-2] [GMRF] MAP Mean value estimated in 10.4199 milliseconds
[gmrf_wind_mapping_node-2] --> MAP did not converge after 1 iterations.
[gmrf_wind_mapping_node-2] [GMRF] MAP Mean value estimated in 10.4153 milliseconds
[gmrf_wind_mapping_node-2] --> MAP did not converge after 1 iterations.
[gmrf_wind_mapping_node-2] [GMRF] MAP Mean value estimated in 10.4174 milliseconds
[gmrf_wind_mapping_node-2] --> MAP did not converge after 1 iterations.
[gmrf_wind_mapping_node-2] [GMRF] MAP Mean value estimated in 10.4169 milliseconds
[gmrf_wind_mapping_node-2] --> MAP did not converge after 1 iterations.
[gmrf_wind_mapping_node-2] [GMRF] MAP Mean value estimated in 10.4203 milliseconds
[gmrf_wind_mapping_node-2] --> MAP did not converge after 1 iterations.
[gmrf_wind_mapping_node-2] [GMRF] MAP Mean value estimated in 10.4225 milliseconds
[gmrf_wind_mapping_node-2] --> MAP did not converge after 1 iterations.
[gmrf_wind_mapping_node-2] [GMRF] MAP Mean value estimated in 10.4206 milliseconds
[gmrf_wind_mapping_node-2] --> MAP did not converge after 1 iterations.
[gmrf_wind_mapping_node-2] [GMRF] MAP Mean value estimated in 10.4227 milliseconds
[gmrf_wind_mapping_node-2] --> MAP did not converge after 1 iterations.
[gmrf_wind_mapping_node-2] [GMRF] MAP Mean value estimated in 10.4248 milliseconds
[gsl_actionserver_node-3] [INFO] [1788875847.121466400] [GSL]: 10 gas measurements, 10 wind measurements over 1.97 seconds
[gsl_actionserver_node-3] [INFO] [1788875847.121561152] [GSL]: avg_gas=1.4;  avg_windSpeed=0.098;  avg_wind_dir=0.2
[gsl_actionserver_node-3] [INFO] [1788875847.123431578] [GSL]: [33mGAS HIT[0m
[gsl_actionserver_node-3] [INFO] [1788875847.123480583] [GSL]: [DEBUG-WIND] useGroundTruth=false gmrf_req_size=626 gaden_req_size=-1
[gsl_actionserver_node-3] [INFO] [1788875847.123493707] [GSL]: [DEBUG-WIND] Taking GMRF path
[gsl_actionserver_node-3] [INFO] [1788875847.148074587] [GSL - Trace]: [32mEntering StopAndMeasure[0m
[gmrf_wind_mapping_node-2] --> MAP did not converge after 1 iterations.
[gmrf_wind_mapping_node-2] [GMRF] MAP Mean value estimated in 10.4269 milliseconds
[gmrf_wind_mapping_node-2] --> MAP did not converge after 1 iterations.
[gmrf_wind_mapping_node-2] [GMRF] MAP Mean value estimated in 10.4316 milliseconds
[gmrf_wind_mapping_node-2] --> MAP did not converge after 1 iterations.
[gmrf_wind_mapping_node-2] [GMRF] MAP Mean value estimated in 10.4271 milliseconds
[gmrf_wind_mapping_node-2] --> MAP did not converge after 1 iterations.
[gmrf_wind_mapping_node-2] [GMRF] MAP Mean value estimated in 10.4252 milliseconds
[gmrf_wind_mapping_node-2] --> MAP did not converge after 1 iterations.
[gmrf_wind_mapping_node-2] [GMRF] MAP Mean value estimated in 10.4246 milliseconds
[gmrf_wind_mapping_node-2] --> MAP did not converge after 1 iterations.
[gmrf_wind_mapping_node-2] [GMRF] MAP Mean value estimated in 10.428 milliseconds
[gmrf_wind_mapping_node-2] --> MAP did not converge after 1 iterations.
[gmrf_wind_mapping_node-2] [GMRF] MAP Mean value estimated in 10.4288 milliseconds
[gmrf_wind_mapping_node-2] --> MAP did not converge after 1 iterations.
[gmrf_wind_mapping_node-2] [GMRF] MAP Mean value estimated in 10.4229 milliseconds
[gmrf_wind_mapping_node-2] --> MAP did not converge after 1 iterations.
[gmrf_wind_mapping_node-2] [GMRF] MAP Mean value estimated in 10.4171 milliseconds
[gmrf_wind_mapping_node-2] --> MAP did not converge after 1 iterations.
[gmrf_wind_mapping_node-2] [GMRF] MAP Mean value estimated in 10.4113 milliseconds
[gmrf_wind_mapping_node-2] --> MAP did not converge after 1 iterations.
[gmrf_wind_mapping_node-2] [GMRF] MAP Mean value estimated in 10.4055 milliseconds
[gmrf_wind_mapping_node-2] --> MAP did not converge after 1 iterations.
[gmrf_wind_mapping_node-2] [GMRF] MAP Mean value estimated in 10.4076 milliseconds
[gmrf_wind_mapping_node-2] --> MAP did not converge after 1 iterations.
[gmrf_wind_mapping_node-2] [GMRF] MAP Mean value estimated in 10.4018 milliseconds
[gmrf_wind_mapping_node-2] --> MAP did not converge after 1 iterations.
[gmrf_wind_mapping_node-2] [GMRF] MAP Mean value estimated in 10.3961 milliseconds
[gmrf_wind_mapping_node-2] --> MAP did not converge after 1 iterations.
[gmrf_wind_mapping_node-2] [GMRF] MAP Mean value estimated in 10.3903 milliseconds
[gmrf_wind_mapping_node-2] --> MAP did not converge after 1 iterations.
[gmrf_wind_mapping_node-2] [GMRF] MAP Mean value estimated in 10.3846 milliseconds
[gmrf_wind_mapping_node-2] --> MAP did not converge after 1 iterations.
[gmrf_wind_mapping_node-2] [GMRF] MAP Mean value estimated in 10.3815 milliseconds
[gmrf_wind_mapping_node-2] --> MAP did not converge after 1 iterations.
[gmrf_wind_mapping_node-2] [GMRF] MAP Mean value estimated in 10.3771 milliseconds
[gmrf_wind_mapping_node-2] --> MAP did not converge after 1 iterations.
[gmrf_wind_mapping_node-2] [GMRF] MAP Mean value estimated in 10.3805 milliseconds
[gmrf_wind_mapping_node-2] --> MAP did not converge after 1 iterations.
[gmrf_wind_mapping_node-2] [GMRF] MAP Mean value estimated in 10.3852 milliseconds
[gsl_actionserver_node-3] [INFO] [1788875849.121307754] [GSL]: 10 gas measurements, 10 wind measurements over 1.97 seconds
[gsl_actionserver_node-3] [INFO] [1788875849.121402627] [GSL]: avg_gas=1.4;  avg_windSpeed=0.072;  avg_wind_dir=0.53
[gsl_actionserver_node-3] [INFO] [1788875849.122577735] [GSL]: [33mGAS HIT[0m
[gsl_actionserver_node-3] [INFO] [1788875849.122607625] [GSL]: [DEBUG-WIND] useGroundTruth=false gmrf_req_size=626 gaden_req_size=-1
[gsl_actionserver_node-3] [INFO] [1788875849.122617817] [GSL]: [DEBUG-WIND] Taking GMRF path
[gsl_actionserver_node-3] [INFO] [1788875849.147985430] [GSL - Trace]: [32mEntering StopAndMeasure[0m
[gmrf_wind_mapping_node-2] --> MAP did not converge after 1 iterations.
[gmrf_wind_mapping_node-2] [GMRF] MAP Mean value estimated in 10.3886 milliseconds
[gmrf_wind_mapping_node-2] --> MAP did not converge after 1 iterations.
[gmrf_wind_mapping_node-2] [GMRF] MAP Mean value estimated in 10.3959 milliseconds
[gmrf_wind_mapping_node-2] --> MAP did not converge after 1 iterations.
[gmrf_wind_mapping_node-2] [GMRF] MAP Mean value estimated in 10.3966 milliseconds
[gmrf_wind_mapping_node-2] --> MAP did not converge after 1 iterations.
[gmrf_wind_mapping_node-2] [GMRF] MAP Mean value estimated in 10.4013 milliseconds
[gmrf_wind_mapping_node-2] --> MAP did not converge after 1 iterations.
[gmrf_wind_mapping_node-2] [GMRF] MAP Mean value estimated in 10.4059 milliseconds
[gmrf_wind_mapping_node-2] --> MAP did not converge after 1 iterations.
[gmrf_wind_mapping_node-2] [GMRF] MAP Mean value estimated in 10.4093 milliseconds
[gmrf_wind_mapping_node-2] --> MAP did not converge after 1 iterations.
[gmrf_wind_mapping_node-2] [GMRF] MAP Mean value estimated in 10.4139 milliseconds
[gmrf_wind_mapping_node-2] --> MAP did not converge after 1 iterations.
[gmrf_wind_mapping_node-2] [GMRF] MAP Mean value estimated in 10.4159 milliseconds
[gmrf_wind_mapping_node-2] --> MAP did not converge after 1 iterations.
[gmrf_wind_mapping_node-2] [GMRF] MAP Mean value estimated in 10.4179 milliseconds
[gmrf_wind_mapping_node-2] --> MAP did not converge after 1 iterations.
[gmrf_wind_mapping_node-2] [GMRF] MAP Mean value estimated in 10.4251 milliseconds
[gmrf_wind_mapping_node-2] --> MAP did not converge after 1 iterations.
[gmrf_wind_mapping_node-2] [GMRF] MAP Mean value estimated in 10.4194 milliseconds
[gmrf_wind_mapping_node-2] --> MAP did not converge after 1 iterations.
[gmrf_wind_mapping_node-2] [GMRF] MAP Mean value estimated in 10.424 milliseconds
[gmrf_wind_mapping_node-2] --> MAP did not converge after 1 iterations.
[gmrf_wind_mapping_node-2] [GMRF] MAP Mean value estimated in 10.4286 milliseconds
[gmrf_wind_mapping_node-2] --> MAP did not converge after 1 iterations.
[gmrf_wind_mapping_node-2] [GMRF] MAP Mean value estimated in 10.428 milliseconds
[gmrf_wind_mapping_node-2] --> MAP did not converge after 1 iterations.
[gmrf_wind_mapping_node-2] [GMRF] MAP Mean value estimated in 10.4237 milliseconds
[gmrf_wind_mapping_node-2] --> MAP did not converge after 1 iterations.
[gmrf_wind_mapping_node-2] [GMRF] MAP Mean value estimated in 10.4282 milliseconds
[gmrf_wind_mapping_node-2] --> MAP did not converge after 1 iterations.
[gmrf_wind_mapping_node-2] [GMRF] MAP Mean value estimated in 10.4327 milliseconds
[gmrf_wind_mapping_node-2] --> MAP did not converge after 1 iterations.
[gmrf_wind_mapping_node-2] [GMRF] MAP Mean value estimated in 10.4284 milliseconds
[gmrf_wind_mapping_node-2] --> MAP did not converge after 1 iterations.
[gmrf_wind_mapping_node-2] [GMRF] MAP Mean value estimated in 10.4291 milliseconds
[gmrf_wind_mapping_node-2] --> MAP did not converge after 1 iterations.
[gmrf_wind_mapping_node-2] [GMRF] MAP Mean value estimated in 10.4311 milliseconds
[gsl_actionserver_node-3] [INFO] [1788875851.121466083] [GSL]: 10 gas measurements, 10 wind measurements over 1.97 seconds
[gsl_actionserver_node-3] [INFO] [1788875851.121563681] [GSL]: avg_gas=1.4;  avg_windSpeed=0.098;  avg_wind_dir=0.2
[gsl_actionserver_node-3] [INFO] [1788875851.122395636] [GSL]: [33mGAS HIT[0m
[gsl_actionserver_node-3] [INFO] [1788875851.122410970] [GSL]: [DEBUG-WIND] useGroundTruth=false gmrf_req_size=626 gaden_req_size=-1
[gsl_actionserver_node-3] [INFO] [1788875851.122422075] [GSL]: [DEBUG-WIND] Taking GMRF path
[gsl_actionserver_node-3] [INFO] [1788875851.148239259] [GSL - Trace]: [32mEntering StopAndMeasure[0m
[gmrf_wind_mapping_node-2] --> MAP did not converge after 1 iterations.
[gmrf_wind_mapping_node-2] [GMRF] MAP Mean value estimated in 10.4343 milliseconds
[gmrf_wind_mapping_node-2] --> MAP did not converge after 1 iterations.
[gmrf_wind_mapping_node-2] [GMRF] MAP Mean value estimated in 10.4338 milliseconds
[gmrf_wind_mapping_node-2] --> MAP did not converge after 1 iterations.
[gmrf_wind_mapping_node-2] [GMRF] MAP Mean value estimated in 10.4282 milliseconds
[gmrf_wind_mapping_node-2] --> MAP did not converge after 1 iterations.
[gmrf_wind_mapping_node-2] [GMRF] MAP Mean value estimated in 10.4289 milliseconds
[gmrf_wind_mapping_node-2] --> MAP did not converge after 1 iterations.
[gmrf_wind_mapping_node-2] [GMRF] MAP Mean value estimated in 10.4246 milliseconds
[gmrf_wind_mapping_node-2] --> MAP did not converge after 1 iterations.
[gmrf_wind_mapping_node-2] [GMRF] MAP Mean value estimated in 10.4291 milliseconds
[gmrf_wind_mapping_node-2] --> MAP did not converge after 1 iterations.
[gmrf_wind_mapping_node-2] [GMRF] MAP Mean value estimated in 10.4236 milliseconds
[gmrf_wind_mapping_node-2] --> MAP did not converge after 1 iterations.
[gmrf_wind_mapping_node-2] [GMRF] MAP Mean value estimated in 10.4268 milliseconds
[gmrf_wind_mapping_node-2] --> MAP did not converge after 1 iterations.
[gmrf_wind_mapping_node-2] [GMRF] MAP Mean value estimated in 10.4262 milliseconds
[gmrf_wind_mapping_node-2] --> MAP did not converge after 1 iterations.
[gmrf_wind_mapping_node-2] [GMRF] MAP Mean value estimated in 10.4295 milliseconds
[gmrf_wind_mapping_node-2] --> MAP did not converge after 1 iterations.
[gmrf_wind_mapping_node-2] [GMRF] MAP Mean value estimated in 10.4314 milliseconds
[gmrf_wind_mapping_node-2] --> MAP did not converge after 1 iterations.
[gmrf_wind_mapping_node-2] [GMRF] MAP Mean value estimated in 10.4359 milliseconds
[gmrf_wind_mapping_node-2] --> MAP did not converge after 1 iterations.
[gmrf_wind_mapping_node-2] [GMRF] MAP Mean value estimated in 10.4316 milliseconds
[gmrf_wind_mapping_node-2] --> MAP did not converge after 1 iterations.
[gmrf_wind_mapping_node-2] [GMRF] MAP Mean value estimated in 10.4311 milliseconds
[gmrf_wind_mapping_node-2] --> MAP did not converge after 1 iterations.
[gmrf_wind_mapping_node-2] [GMRF] MAP Mean value estimated in 10.4305 milliseconds
[gmrf_wind_mapping_node-2] --> MAP did not converge after 1 iterations.
[gmrf_wind_mapping_node-2] [GMRF] MAP Mean value estimated in 10.4263 milliseconds
[gmrf_wind_mapping_node-2] --> MAP did not converge after 1 iterations.
[gmrf_wind_mapping_node-2] [GMRF] MAP Mean value estimated in 10.4282 milliseconds
[gmrf_wind_mapping_node-2] --> MAP did not converge after 1 iterations.
[gmrf_wind_mapping_node-2] [GMRF] MAP Mean value estimated in 10.424 milliseconds
[gmrf_wind_mapping_node-2] --> MAP did not converge after 1 iterations.
[gmrf_wind_mapping_node-2] [GMRF] MAP Mean value estimated in 10.4284 milliseconds
[gmrf_wind_mapping_node-2] --> MAP did not converge after 1 iterations.
[gmrf_wind_mapping_node-2] [GMRF] MAP Mean value estimated in 10.4254 milliseconds
[gsl_actionserver_node-3] [INFO] [1788875853.121350279] [GSL]: 10 gas measurements, 10 wind measurements over 1.97 seconds
[gsl_actionserver_node-3] [INFO] [1788875853.121415683] [GSL]: avg_gas=1.6;  avg_windSpeed=0.072;  avg_wind_dir=0.53
[gsl_actionserver_node-3] [INFO] [1788875853.121958855] [GSL]: [33mGAS HIT[0m
[gsl_actionserver_node-3] [INFO] [1788875853.122286083] [GSL]: [DEBUG-WIND] useGroundTruth=false gmrf_req_size=626 gaden_req_size=-1
[gsl_actionserver_node-3] [INFO] [1788875853.122303911] [GSL]: [DEBUG-WIND] Taking GMRF path
[gsl_actionserver_node-3] [INFO] [1788875853.147789932] [GSL - Trace]: [32mEntering StopAndMeasure[0m
[gmrf_wind_mapping_node-2] --> MAP did not converge after 1 iterations.
[gmrf_wind_mapping_node-2] [GMRF] MAP Mean value estimated in 10.4261 milliseconds
[gmrf_wind_mapping_node-2] --> MAP did not converge after 1 iterations.
[gmrf_wind_mapping_node-2] [GMRF] MAP Mean value estimated in 10.428 milliseconds
[gmrf_wind_mapping_node-2] --> MAP did not converge after 1 iterations.
[gmrf_wind_mapping_node-2] [GMRF] MAP Mean value estimated in 10.43 milliseconds
[gmrf_wind_mapping_node-2] --> MAP did not converge after 1 iterations.
[gmrf_wind_mapping_node-2] [GMRF] MAP Mean value estimated in 10.4258 milliseconds
[gmrf_wind_mapping_node-2] --> MAP did not converge after 1 iterations.
[gmrf_wind_mapping_node-2] [GMRF] MAP Mean value estimated in 10.4277 milliseconds
[gmrf_wind_mapping_node-2] --> MAP did not converge after 1 iterations.
[gmrf_wind_mapping_node-2] [GMRF] MAP Mean value estimated in 10.4272 milliseconds
[gmrf_wind_mapping_node-2] --> MAP did not converge after 1 iterations.
[gmrf_wind_mapping_node-2] [GMRF] MAP Mean value estimated in 10.4303 milliseconds
[gmrf_wind_mapping_node-2] --> MAP did not converge after 1 iterations.
[gmrf_wind_mapping_node-2] [GMRF] MAP Mean value estimated in 10.4298 milliseconds
[gmrf_wind_mapping_node-2] --> MAP did not converge after 1 iterations.
[gmrf_wind_mapping_node-2] [GMRF] MAP Mean value estimated in 10.4256 milliseconds
[gmrf_wind_mapping_node-2] --> MAP did not converge after 1 iterations.
[gmrf_wind_mapping_node-2] [GMRF] MAP Mean value estimated in 10.4287 milliseconds
[gmrf_wind_mapping_node-2] --> MAP did not converge after 1 iterations.
[gmrf_wind_mapping_node-2] [GMRF] MAP Mean value estimated in 10.4246 milliseconds
[gmrf_wind_mapping_node-2] --> MAP did not converge after 1 iterations.
[gmrf_wind_mapping_node-2] [GMRF] MAP Mean value estimated in 10.4301 milliseconds
[gmrf_wind_mapping_node-2] --> MAP did not converge after 1 iterations.
[gmrf_wind_mapping_node-2] [GMRF] MAP Mean value estimated in 10.4272 milliseconds
[gmrf_wind_mapping_node-2] --> MAP did not converge after 1 iterations.
[gmrf_wind_mapping_node-2] [GMRF] MAP Mean value estimated in 10.4291 milliseconds
[gmrf_wind_mapping_node-2] --> MAP did not converge after 1 iterations.
[gmrf_wind_mapping_node-2] [GMRF] MAP Mean value estimated in 10.4286 milliseconds
[gmrf_wind_mapping_node-2] --> MAP did not converge after 1 iterations.
[gmrf_wind_mapping_node-2] [GMRF] MAP Mean value estimated in 10.4329 milliseconds
[gmrf_wind_mapping_node-2] --> MAP did not converge after 1 iterations.
[gmrf_wind_mapping_node-2] [GMRF] MAP Mean value estimated in 10.4275 milliseconds
[gmrf_wind_mapping_node-2] --> MAP did not converge after 1 iterations.
[gmrf_wind_mapping_node-2] [GMRF] MAP Mean value estimated in 10.4246 milliseconds
[gmrf_wind_mapping_node-2] --> MAP did not converge after 1 iterations.
[gmrf_wind_mapping_node-2] [GMRF] MAP Mean value estimated in 10.4289 milliseconds
[gmrf_wind_mapping_node-2] --> MAP did not converge after 1 iterations.
[gmrf_wind_mapping_node-2] [GMRF] MAP Mean value estimated in 10.4332 milliseconds
[gsl_actionserver_node-3] [INFO] [1788875855.121271092] [GSL]: 10 gas measurements, 10 wind measurements over 1.97 seconds
[gsl_actionserver_node-3] [INFO] [1788875855.121332776] [GSL]: avg_gas=1.6;  avg_windSpeed=0.098;  avg_wind_dir=0.2
[gsl_actionserver_node-3] [INFO] [1788875855.121867532] [GSL]: [33mGAS HIT[0m
[gsl_actionserver_node-3] [INFO] [1788875855.121877945] [GSL]: [DEBUG-WIND] useGroundTruth=false gmrf_req_size=626 gaden_req_size=-1
[gsl_actionserver_node-3] [INFO] [1788875855.121884720] [GSL]: [DEBUG-WIND] Taking GMRF path
[gsl_actionserver_node-3] [INFO] [1788875855.147668328] [GSL]: [33mStarted simulations. Might take a while![0m
[gmrf_wind_mapping_node-2] --> MAP did not converge after 1 iterations.
[gmrf_wind_mapping_node-2] [GMRF] MAP Mean value estimated in 10.4303 milliseconds
[gmrf_wind_mapping_node-2] --> MAP did not converge after 1 iterations.
[gmrf_wind_mapping_node-2] [GMRF] MAP Mean value estimated in 10.4382 milliseconds
[gsl_actionserver_node-3] [INFO] [1788875855.286257713] [GSL]: CER contrastive context initialized: events=32, candidates=85, transport_members=1, fixed_ratio_weight=1, context_within_member=true, centered_log_odds=true
[gsl_actionserver_node-3] [INFO] [1788875855.289231599] [GSL - Trace]: [32mFirst simulation level done[0m
[gsl_actionserver_node-3] [INFO] [1788875855.289982722] [GSL]: [RC2-DIAG] scores_size=85 refineFraction=0.25 refine_product=21.25 valid_first_level=85 sum_sourceProbInternal_before_norm=0.0037395882158840384 min_sourceProbInternal_before_norm=0 max_sourceProbInternal_before_norm=2.630392143148659e-05 finite_sourceProbInternal=1242 finite_varianceOfHitProb=1242
[gmrf_wind_mapping_node-2] --> MAP did not converge after 1 iterations.
[gmrf_wind_mapping_node-2] [GMRF] MAP Mean value estimated in 10.4424 milliseconds
[gsl_actionserver_node-3] [INFO] [1788875855.404682949] [GSL - Trace]: [32mSimulation level 2 done[0m
[gmrf_wind_mapping_node-2] --> MAP did not converge after 1 iterations.
[gmrf_wind_mapping_node-2] [GMRF] MAP Mean value estimated in 10.4479 milliseconds
[gsl_actionserver_node-3] [INFO] [1788875855.481366006] [GSL - Trace]: [32mSimulation level 3 done[0m
[gsl_actionserver_node-3] [INFO] [1788875855.503961228] [GSL - Trace]: [32mSimulation level 4 done[0m
[gsl_actionserver_node-3] [INFO] [1788875855.505893006] [GSL - Trace]: [32mSimulation level 5 done[0m
[gsl_actionserver_node-3] [INFO] [1788875855.506108414] [GSL]: Number of levels in the simulation: 5
[gsl_actionserver_node-3] [INFO] [1788875855.506117230] [GSL]: Total number of simulations: 207
[gsl_actionserver_node-3] [INFO] [1788875855.506485904] [GSL]: CORE sequential event-time commit: window_start=0, new_events=32, committed_total=32
[gsl_actionserver_node-3] [INFO] [1788875855.506502754] [GSL]: [RC2-DIAG] normalized_finite_count=1242 normalized_sum=1
[gsl_actionserver_node-3] [INFO] [1788875855.507696657] [GSL]: Time ellapsed in simulation = 0.35996653100000003 s
[gsl_actionserver_node-3] [INFO] [1788875855.512203805] [GSL]: Max mutual info: 2.306
[gsl_actionserver_node-3] [INFO] [1788875855.515357999] [GSL]: MutualInformation - Ellapsed: 0.008s
[vgr_sim_node-1] [WARN] [1788875855.519772792] [vgr_uav_sim]: PLAN_CB: called with goal=(5.30,-0.51)
[vgr_sim_node-1] [WARN] [1788875855.522984496] [vgr_uav_sim]: PLAN_CB: returning 4 poses
[vgr_sim_node-1] [WARN] [1788875855.531612543] [vgr_uav_sim]: PLAN_CB: called with goal=(5.30,-0.51)
[vgr_sim_node-1] [WARN] [1788875855.532978771] [vgr_uav_sim]: PLAN_CB: returning 4 poses
[gsl_actionserver_node-3] [INFO] [1788875855.541948874] [GSL]: Sending goal (5.30, -0.51)
[gsl_actionserver_node-3] [INFO] [1788875855.542556387] [GSL]: Variance: 2.60
[gsl_actionserver_node-3] [INFO] [1788875855.542579082] [GSL - Trace]: [32mEntering Moving[0m
[vgr_sim_node-1] [INFO] [1788875855.543266612] [vgr_uav_sim]: Prepared 4 collision-free navigation waypoints to (5.30, -0.51)
[vgr_sim_node-1] [INFO] [1788875855.544247885] [vgr_uav_sim]: UAV navigating in audited 2-D mode to (5.30, -0.51, 0.30)
[gmrf_wind_mapping_node-2] --> MAP did not converge after 1 iterations.
[gmrf_wind_mapping_node-2] [GMRF] MAP Mean value estimated in 10.4438 milliseconds
[gmrf_wind_mapping_node-2] --> MAP did not converge after 1 iterations.
[gmrf_wind_mapping_node-2] [GMRF] MAP Mean value estimated in 10.4444 milliseconds
[gmrf_wind_mapping_node-2] --> MAP did not converge after 1 iterations.
[gmrf_wind_mapping_node-2] [GMRF] MAP Mean value estimated in 10.4403 milliseconds
[gmrf_wind_mapping_node-2] --> MAP did not converge after 1 iterations.
[gmrf_wind_mapping_node-2] [GMRF] MAP Mean value estimated in 10.4362 milliseconds
[gmrf_wind_mapping_node-2] --> MAP did not converge after 1 iterations.
[gmrf_wind_mapping_node-2] [GMRF] MAP Mean value estimated in 10.4357 milliseconds
[gmrf_wind_mapping_node-2] --> MAP did not converge after 1 iterations.
[gmrf_wind_mapping_node-2] [GMRF] MAP Mean value estimated in 10.4388 milliseconds
[gsl_actionserver_node-3] [INFO] [1788875856.153334516] [GSL - Trace]: [32mEntering StopAndMeasure[0m
[gmrf_wind_mapping_node-2] --> MAP did not converge after 1 iterations.
[gmrf_wind_mapping_node-2] [GMRF] MAP Mean value estimated in 10.4335 milliseconds
[gmrf_wind_mapping_node-2] --> MAP did not converge after 1 iterations.
[gmrf_wind_mapping_node-2] [GMRF] MAP Mean value estimated in 10.4353 milliseconds
[gmrf_wind_mapping_node-2] --> MAP did not converge after 1 iterations.
[gmrf_wind_mapping_node-2] [GMRF] MAP Mean value estimated in 10.4372 milliseconds
[gmrf_wind_mapping_node-2] --> MAP did not converge after 1 iterations.
[gmrf_wind_mapping_node-2] [GMRF] MAP Mean value estimated in 10.4367 milliseconds
[gmrf_wind_mapping_node-2] --> MAP did not converge after 1 iterations.
[gmrf_wind_mapping_node-2] [GMRF] MAP Mean value estimated in 10.435 milliseconds
[gmrf_wind_mapping_node-2] --> MAP did not converge after 1 iterations.
[gmrf_wind_mapping_node-2] [GMRF] MAP Mean value estimated in 10.438 milliseconds
[gmrf_wind_mapping_node-2] --> MAP did not converge after 1 iterations.
[gmrf_wind_mapping_node-2] [GMRF] MAP Mean value estimated in 10.434 milliseconds
[gmrf_wind_mapping_node-2] --> MAP did not converge after 1 iterations.
[gmrf_wind_mapping_node-2] [GMRF] MAP Mean value estimated in 10.4299 milliseconds
[gmrf_wind_mapping_node-2] --> MAP did not converge after 1 iterations.
[gmrf_wind_mapping_node-2] [GMRF] MAP Mean value estimated in 10.4318 milliseconds
[gmrf_wind_mapping_node-2] --> MAP did not converge after 1 iterations.
[gmrf_wind_mapping_node-2] [GMRF] MAP Mean value estimated in 10.4336 milliseconds
[gmrf_wind_mapping_node-2] --> MAP did not converge after 1 iterations.
[gmrf_wind_mapping_node-2] [GMRF] MAP Mean value estimated in 10.4296 milliseconds
[gmrf_wind_mapping_node-2] --> MAP did not converge after 1 iterations.
[gmrf_wind_mapping_node-2] [GMRF] MAP Mean value estimated in 10.4326 milliseconds
[gmrf_wind_mapping_node-2] --> MAP did not converge after 1 iterations.
[gmrf_wind_mapping_node-2] [GMRF] MAP Mean value estimated in 10.4368 milliseconds
[gmrf_wind_mapping_node-2] --> MAP did not converge after 1 iterations.
[gmrf_wind_mapping_node-2] [GMRF] MAP Mean value estimated in 10.4363 milliseconds
[gmrf_wind_mapping_node-2] --> MAP did not converge after 1 iterations.
[gmrf_wind_mapping_node-2] [GMRF] MAP Mean value estimated in 10.4357 milliseconds
[gmrf_wind_mapping_node-2] --> MAP did not converge after 1 iterations.
[gmrf_wind_mapping_node-2] [GMRF] MAP Mean value estimated in 10.4387 milliseconds
[gmrf_wind_mapping_node-2] --> MAP did not converge after 1 iterations.
[gmrf_wind_mapping_node-2] [GMRF] MAP Mean value estimated in 10.4406 milliseconds
[gmrf_wind_mapping_node-2] --> MAP did not converge after 1 iterations.
[gmrf_wind_mapping_node-2] [GMRF] MAP Mean value estimated in 10.44 milliseconds
[gmrf_wind_mapping_node-2] --> MAP did not converge after 1 iterations.
[gmrf_wind_mapping_node-2] [GMRF] MAP Mean value estimated in 10.4453 milliseconds
[gmrf_wind_mapping_node-2] --> MAP did not converge after 1 iterations.
[gmrf_wind_mapping_node-2] [GMRF] MAP Mean value estimated in 10.4495 milliseconds
[gsl_actionserver_node-3] [INFO] [1788875858.135076109] [GSL]: 10 gas measurements, 10 wind measurements over 1.98 seconds
[gsl_actionserver_node-3] [INFO] [1788875858.135131430] [GSL]: avg_gas=1.6;  avg_windSpeed=0.18;  avg_wind_dir=-0.79
[gsl_actionserver_node-3] [INFO] [1788875858.135645176] [GSL]: [33mGAS HIT[0m
[gsl_actionserver_node-3] [INFO] [1788875858.135655703] [GSL]: [DEBUG-WIND] useGroundTruth=false gmrf_req_size=626 gaden_req_size=-1
[gsl_actionserver_node-3] [INFO] [1788875858.135662624] [GSL]: [DEBUG-WIND] Taking GMRF path
[gsl_actionserver_node-3] [INFO] [1788875858.148171077] [GSL - Trace]: [32mEntering StopAndMeasure[0m
[gmrf_wind_mapping_node-2] --> MAP did not converge after 1 iterations.
[gmrf_wind_mapping_node-2] [GMRF] MAP Mean value estimated in 10.4548 milliseconds
[gmrf_wind_mapping_node-2] --> MAP did not converge after 1 iterations.
[gmrf_wind_mapping_node-2] [GMRF] MAP Mean value estimated in 10.4496 milliseconds
[gmrf_wind_mapping_node-2] --> MAP did not converge after 1 iterations.
[gmrf_wind_mapping_node-2] [GMRF] MAP Mean value estimated in 10.4456 milliseconds
[gmrf_wind_mapping_node-2] --> MAP did not converge after 1 iterations.
[gmrf_wind_mapping_node-2] [GMRF] MAP Mean value estimated in 10.4405 milliseconds
[gmrf_wind_mapping_node-2] --> MAP did not converge after 1 iterations.
[gmrf_wind_mapping_node-2] [GMRF] MAP Mean value estimated in 10.4365 milliseconds
[gmrf_wind_mapping_node-2] --> MAP did not converge after 1 iterations.
[gmrf_wind_mapping_node-2] [GMRF] MAP Mean value estimated in 10.4394 milliseconds
[gmrf_wind_mapping_node-2] --> MAP did not converge after 1 iterations.
[gmrf_wind_mapping_node-2] [GMRF] MAP Mean value estimated in 10.4389 milliseconds
[gmrf_wind_mapping_node-2] --> MAP did not converge after 1 iterations.
[gmrf_wind_mapping_node-2] [GMRF] MAP Mean value estimated in 10.4396 milliseconds
[gmrf_wind_mapping_node-2] --> MAP did not converge after 1 iterations.
[gmrf_wind_mapping_node-2] [GMRF] MAP Mean value estimated in 10.4414 milliseconds
[gmrf_wind_mapping_node-2] --> MAP did not converge after 1 iterations.
[gmrf_wind_mapping_node-2] [GMRF] MAP Mean value estimated in 10.4455 milliseconds
[gmrf_wind_mapping_node-2] --> MAP did not converge after 1 iterations.
[gmrf_wind_mapping_node-2] [GMRF] MAP Mean value estimated in 10.4415 milliseconds
[gmrf_wind_mapping_node-2] --> MAP did not converge after 1 iterations.
[gmrf_wind_mapping_node-2] [GMRF] MAP Mean value estimated in 10.4376 milliseconds
[gmrf_wind_mapping_node-2] --> MAP did not converge after 1 iterations.
[gmrf_wind_mapping_node-2] [GMRF] MAP Mean value estimated in 10.4336 milliseconds
[gmrf_wind_mapping_node-2] --> MAP did not converge after 1 iterations.
[gmrf_wind_mapping_node-2] [GMRF] MAP Mean value estimated in 10.4354 milliseconds
[gmrf_wind_mapping_node-2] --> MAP did not converge after 1 iterations.
[gmrf_wind_mapping_node-2] [GMRF] MAP Mean value estimated in 10.4315 milliseconds
[gmrf_wind_mapping_node-2] --> MAP did not converge after 1 iterations.
[gmrf_wind_mapping_node-2] [GMRF] MAP Mean value estimated in 10.4344 milliseconds
[gmrf_wind_mapping_node-2] --> MAP did not converge after 1 iterations.
[gmrf_wind_mapping_node-2] [GMRF] MAP Mean value estimated in 10.4305 milliseconds
[gmrf_wind_mapping_node-2] --> MAP did not converge after 1 iterations.
[gmrf_wind_mapping_node-2] [GMRF] MAP Mean value estimated in 10.4278 milliseconds
[gmrf_wind_mapping_node-2] --> MAP did not converge after 1 iterations.
[gmrf_wind_mapping_node-2] [GMRF] MAP Mean value estimated in 10.425 milliseconds
[gmrf_wind_mapping_node-2] --> MAP did not converge after 1 iterations.
[gmrf_wind_mapping_node-2] [GMRF] MAP Mean value estimated in 10.4268 milliseconds
[gsl_actionserver_node-3] [INFO] [1788875860.144133444] [GSL]: 10 gas measurements, 10 wind measurements over 2.00 seconds
[gsl_actionserver_node-3] [INFO] [1788875860.144816420] [GSL]: avg_gas=1.6;  avg_windSpeed=0.15;  avg_wind_dir=-0.66
[gsl_actionserver_node-3] [INFO] [1788875860.146752084] [GSL]: [33mGAS HIT[0m
[gsl_actionserver_node-3] [INFO] [1788875860.146799267] [GSL]: [DEBUG-WIND] useGroundTruth=false gmrf_req_size=626 gaden_req_size=-1
[gsl_actionserver_node-3] [INFO] [1788875860.146811825] [GSL]: [DEBUG-WIND] Taking GMRF path
[gsl_actionserver_node-3] [INFO] [1788875860.147985554] [GSL - Trace]: [32mEntering StopAndMeasure[0m
[gmrf_wind_mapping_node-2] --> MAP did not converge after 1 iterations.
[gmrf_wind_mapping_node-2] [GMRF] MAP Mean value estimated in 10.4274 milliseconds
[gmrf_wind_mapping_node-2] --> MAP did not converge after 1 iterations.
[gmrf_wind_mapping_node-2] [GMRF] MAP Mean value estimated in 10.427 milliseconds
[gmrf_wind_mapping_node-2] --> MAP did not converge after 1 iterations.
[gmrf_wind_mapping_node-2] [GMRF] MAP Mean value estimated in 10.4276 milliseconds
[gmrf_wind_mapping_node-2] --> MAP did not converge after 1 iterations.
[gmrf_wind_mapping_node-2] [GMRF] MAP Mean value estimated in 10.4271 milliseconds
[gmrf_wind_mapping_node-2] --> MAP did not converge after 1 iterations.
[gmrf_wind_mapping_node-2] [GMRF] MAP Mean value estimated in 10.4323 milliseconds
[gmrf_wind_mapping_node-2] --> MAP did not converge after 1 iterations.
[gmrf_wind_mapping_node-2] [GMRF] MAP Mean value estimated in 10.4363 milliseconds
[gmrf_wind_mapping_node-2] --> MAP did not converge after 1 iterations.
[gmrf_wind_mapping_node-2] [GMRF] MAP Mean value estimated in 10.4369 milliseconds
[gmrf_wind_mapping_node-2] --> MAP did not converge after 1 iterations.
[gmrf_wind_mapping_node-2] [GMRF] MAP Mean value estimated in 10.4398 milliseconds
[gmrf_wind_mapping_node-2] --> MAP did not converge after 1 iterations.
[gmrf_wind_mapping_node-2] [GMRF] MAP Mean value estimated in 10.4348 milliseconds
[gmrf_wind_mapping_node-2] --> MAP did not converge after 1 iterations.
[gmrf_wind_mapping_node-2] [GMRF] MAP Mean value estimated in 10.431 milliseconds
[gmrf_wind_mapping_node-2] --> MAP did not converge after 1 iterations.
[gmrf_wind_mapping_node-2] [GMRF] MAP Mean value estimated in 10.4327 milliseconds
[gmrf_wind_mapping_node-2] --> MAP did not converge after 1 iterations.
[gmrf_wind_mapping_node-2] [GMRF] MAP Mean value estimated in 10.4367 milliseconds
[gmrf_wind_mapping_node-2] --> MAP did not converge after 1 iterations.
[gmrf_wind_mapping_node-2] [GMRF] MAP Mean value estimated in 10.4407 milliseconds
[gmrf_wind_mapping_node-2] --> MAP did not converge after 1 iterations.
[gmrf_wind_mapping_node-2] [GMRF] MAP Mean value estimated in 10.4413 milliseconds
[gmrf_wind_mapping_node-2] --> MAP did not converge after 1 iterations.
[gmrf_wind_mapping_node-2] [GMRF] MAP Mean value estimated in 10.4397 milliseconds
[gmrf_wind_mapping_node-2] --> MAP did not converge after 1 iterations.
[gmrf_wind_mapping_node-2] [GMRF] MAP Mean value estimated in 10.4437 milliseconds
[gmrf_wind_mapping_node-2] --> MAP did not converge after 1 iterations.
[gmrf_wind_mapping_node-2] [GMRF] MAP Mean value estimated in 10.4443 milliseconds
[gmrf_wind_mapping_node-2] --> MAP did not converge after 1 iterations.
[gmrf_wind_mapping_node-2] [GMRF] MAP Mean value estimated in 10.4394 milliseconds
[gmrf_wind_mapping_node-2] --> MAP did not converge after 1 iterations.
[gmrf_wind_mapping_node-2] [GMRF] MAP Mean value estimated in 10.4389 milliseconds
[gmrf_wind_mapping_node-2] --> MAP did not converge after 1 iterations.
[gmrf_wind_mapping_node-2] [GMRF] MAP Mean value estimated in 10.4428 milliseconds
[gsl_actionserver_node-3] [INFO] [1788875862.144129404] [GSL]: 10 gas measurements, 10 wind measurements over 2.00 seconds
[gsl_actionserver_node-3] [INFO] [1788875862.144222748] [GSL]: avg_gas=1.5;  avg_windSpeed=0.18;  avg_wind_dir=-0.79
[gsl_actionserver_node-3] [INFO] [1788875862.145105570] [GSL]: [33mGAS HIT[0m
[gsl_actionserver_node-3] [INFO] [1788875862.145122529] [GSL]: [DEBUG-WIND] useGroundTruth=false gmrf_req_size=626 gaden_req_size=-1
[gsl_actionserver_node-3] [INFO] [1788875862.145215075] [GSL]: [DEBUG-WIND] Taking GMRF path
[gsl_actionserver_node-3] [INFO] [1788875862.147856053] [GSL - Trace]: [32mEntering StopAndMeasure[0m
[gmrf_wind_mapping_node-2] --> MAP did not converge after 1 iterations.
[gmrf_wind_mapping_node-2] [GMRF] MAP Mean value estimated in 10.4424 milliseconds
[gmrf_wind_mapping_node-2] --> MAP did not converge after 1 iterations.
[gmrf_wind_mapping_node-2] [GMRF] MAP Mean value estimated in 10.4452 milliseconds
[gmrf_wind_mapping_node-2] --> MAP did not converge after 1 iterations.
[gmrf_wind_mapping_node-2] [GMRF] MAP Mean value estimated in 10.448 milliseconds
[gmrf_wind_mapping_node-2] --> MAP did not converge after 1 iterations.
[gmrf_wind_mapping_node-2] [GMRF] MAP Mean value estimated in 10.4486 milliseconds
[gmrf_wind_mapping_node-2] --> MAP did not converge after 1 iterations.
[gmrf_wind_mapping_node-2] [GMRF] MAP Mean value estimated in 10.4448 milliseconds
[gmrf_wind_mapping_node-2] --> MAP did not converge after 1 iterations.
[gmrf_wind_mapping_node-2] [GMRF] MAP Mean value estimated in 10.4432 milliseconds
[gmrf_wind_mapping_node-2] --> MAP did not converge after 1 iterations.
[gmrf_wind_mapping_node-2] [GMRF] MAP Mean value estimated in 10.4449 milliseconds
[gmrf_wind_mapping_node-2] --> MAP did not converge after 1 iterations.
[gmrf_wind_mapping_node-2] [GMRF] MAP Mean value estimated in 10.4411 milliseconds
[gmrf_wind_mapping_node-2] --> MAP did not converge after 1 iterations.
[gmrf_wind_mapping_node-2] [GMRF] MAP Mean value estimated in 10.4473 milliseconds
[gmrf_wind_mapping_node-2] --> MAP did not converge after 1 iterations.
[gmrf_wind_mapping_node-2] [GMRF] MAP Mean value estimated in 10.4512 milliseconds
[gmrf_wind_mapping_node-2] --> MAP did not converge after 1 iterations.
[gmrf_wind_mapping_node-2] [GMRF] MAP Mean value estimated in 10.4474 milliseconds
[gmrf_wind_mapping_node-2] --> MAP did not converge after 1 iterations.
[gmrf_wind_mapping_node-2] [GMRF] MAP Mean value estimated in 10.4524 milliseconds
[gmrf_wind_mapping_node-2] --> MAP did not converge after 1 iterations.
[gmrf_wind_mapping_node-2] [GMRF] MAP Mean value estimated in 10.4486 milliseconds
[gmrf_wind_mapping_node-2] --> MAP did not converge after 1 iterations.
[gmrf_wind_mapping_node-2] [GMRF] MAP Mean value estimated in 10.4514 milliseconds
[gmrf_wind_mapping_node-2] --> MAP did not converge after 1 iterations.
[gmrf_wind_mapping_node-2] [GMRF] MAP Mean value estimated in 10.4476 milliseconds
[gmrf_wind_mapping_node-2] --> MAP did not converge after 1 iterations.
[gmrf_wind_mapping_node-2] [GMRF] MAP Mean value estimated in 10.4504 milliseconds
[gmrf_wind_mapping_node-2] --> MAP did not converge after 1 iterations.
[gmrf_wind_mapping_node-2] [GMRF] MAP Mean value estimated in 10.4532 milliseconds
[gmrf_wind_mapping_node-2] --> MAP did not converge after 1 iterations.
[gmrf_wind_mapping_node-2] [GMRF] MAP Mean value estimated in 10.4494 milliseconds
[gmrf_wind_mapping_node-2] --> MAP did not converge after 1 iterations.
[gmrf_wind_mapping_node-2] [GMRF] MAP Mean value estimated in 10.4511 milliseconds
[gmrf_wind_mapping_node-2] --> MAP did not converge after 1 iterations.
[gmrf_wind_mapping_node-2] [GMRF] MAP Mean value estimated in 10.4549 milliseconds
[gsl_actionserver_node-3] [INFO] [1788875864.144076857] [GSL]: 10 gas measurements, 10 wind measurements over 2.00 seconds
[gsl_actionserver_node-3] [INFO] [1788875864.144657162] [GSL]: avg_gas=1.4;  avg_windSpeed=0.15;  avg_wind_dir=-0.66
[gsl_actionserver_node-3] [INFO] [1788875864.145618455] [GSL]: [33mGAS HIT[0m
[gsl_actionserver_node-3] [INFO] [1788875864.145665731] [GSL]: [DEBUG-WIND] useGroundTruth=false gmrf_req_size=626 gaden_req_size=-1
[gsl_actionserver_node-3] [INFO] [1788875864.145678160] [GSL]: [DEBUG-WIND] Taking GMRF path
[gsl_actionserver_node-3] [INFO] [1788875864.147736969] [GSL - Trace]: [32mEntering StopAndMeasure[0m
[gmrf_wind_mapping_node-2] --> MAP did not converge after 1 iterations.
[gmrf_wind_mapping_node-2] [GMRF] MAP Mean value estimated in 10.4566 milliseconds
[gmrf_wind_mapping_node-2] --> MAP did not converge after 1 iterations.
[gmrf_wind_mapping_node-2] [GMRF] MAP Mean value estimated in 10.4594 milliseconds
[gmrf_wind_mapping_node-2] --> MAP did not converge after 1 iterations.
[gmrf_wind_mapping_node-2] [GMRF] MAP Mean value estimated in 10.461 milliseconds
[gmrf_wind_mapping_node-2] --> MAP did not converge after 1 iterations.
[gmrf_wind_mapping_node-2] [GMRF] MAP Mean value estimated in 10.4595 milliseconds
[gmrf_wind_mapping_node-2] --> MAP did not converge after 1 iterations.
[gmrf_wind_mapping_node-2] [GMRF] MAP Mean value estimated in 10.459 milliseconds
[gmrf_wind_mapping_node-2] --> MAP did not converge after 1 iterations.
[gmrf_wind_mapping_node-2] [GMRF] MAP Mean value estimated in 10.4552 milliseconds
[gmrf_wind_mapping_node-2] --> MAP did not converge after 1 iterations.
[gmrf_wind_mapping_node-2] [GMRF] MAP Mean value estimated in 10.4569 milliseconds
[gmrf_wind_mapping_node-2] --> MAP did not converge after 1 iterations.
[gmrf_wind_mapping_node-2] [GMRF] MAP Mean value estimated in 10.4532 milliseconds
[gmrf_wind_mapping_node-2] --> MAP did not converge after 1 iterations.
[gmrf_wind_mapping_node-2] [GMRF] MAP Mean value estimated in 10.4548 milliseconds
[gmrf_wind_mapping_node-2] --> MAP did not converge after 1 iterations.
[gmrf_wind_mapping_node-2] [GMRF] MAP Mean value estimated in 10.4576 milliseconds
[gmrf_wind_mapping_node-2] --> MAP did not converge after 1 iterations.
[gmrf_wind_mapping_node-2] [GMRF] MAP Mean value estimated in 10.4528 milliseconds
[gmrf_wind_mapping_node-2] --> MAP did not converge after 1 iterations.
[gmrf_wind_mapping_node-2] [GMRF] MAP Mean value estimated in 10.4544 milliseconds
[gmrf_wind_mapping_node-2] --> MAP did not converge after 1 iterations.
[gmrf_wind_mapping_node-2] [GMRF] MAP Mean value estimated in 10.4561 milliseconds
[gmrf_wind_mapping_node-2] --> MAP did not converge after 1 iterations.
[gmrf_wind_mapping_node-2] [GMRF] MAP Mean value estimated in 10.4567 milliseconds
[gmrf_wind_mapping_node-2] --> MAP did not converge after 1 iterations.
[gmrf_wind_mapping_node-2] [GMRF] MAP Mean value estimated in 10.4551 milliseconds
[gmrf_wind_mapping_node-2] --> MAP did not converge after 1 iterations.
[gmrf_wind_mapping_node-2] [GMRF] MAP Mean value estimated in 10.4546 milliseconds
[gmrf_wind_mapping_node-2] --> MAP did not converge after 1 iterations.
[gmrf_wind_mapping_node-2] [GMRF] MAP Mean value estimated in 10.4542 milliseconds
[gmrf_wind_mapping_node-2] --> MAP did not converge after 1 iterations.
[gmrf_wind_mapping_node-2] [GMRF] MAP Mean value estimated in 10.4505 milliseconds
[gmrf_wind_mapping_node-2] --> MAP did not converge after 1 iterations.
[gmrf_wind_mapping_node-2] [GMRF] MAP Mean value estimated in 10.45 milliseconds
[gmrf_wind_mapping_node-2] --> MAP did not converge after 1 iterations.
[gmrf_wind_mapping_node-2] [GMRF] MAP Mean value estimated in 10.4506 milliseconds
[gsl_actionserver_node-3] [INFO] [1788875866.144329902] [GSL]: 10 gas measurements, 10 wind measurements over 2.00 seconds
[gsl_actionserver_node-3] [INFO] [1788875866.144440225] [GSL]: avg_gas=1.5;  avg_windSpeed=0.18;  avg_wind_dir=-0.79
[gsl_actionserver_node-3] [INFO] [1788875866.145519479] [GSL]: [33mGAS HIT[0m
[gsl_actionserver_node-3] [INFO] [1788875866.145574674] [GSL]: [DEBUG-WIND] useGroundTruth=false gmrf_req_size=626 gaden_req_size=-1
[gsl_actionserver_node-3] [INFO] [1788875866.145587869] [GSL]: [DEBUG-WIND] Taking GMRF path
[gsl_actionserver_node-3] [INFO] [1788875866.147904688] [GSL - Trace]: [32mEntering StopAndMeasure[0m
[gmrf_wind_mapping_node-2] --> MAP did not converge after 1 iterations.
[gmrf_wind_mapping_node-2] [GMRF] MAP Mean value estimated in 10.4522 milliseconds
[gmrf_wind_mapping_node-2] --> MAP did not converge after 1 iterations.
[gmrf_wind_mapping_node-2] [GMRF] MAP Mean value estimated in 10.4549 milliseconds
[gmrf_wind_mapping_node-2] --> MAP did not converge after 1 iterations.
[gmrf_wind_mapping_node-2] [GMRF] MAP Mean value estimated in 10.4597 milliseconds
[gmrf_wind_mapping_node-2] --> MAP did not converge after 1 iterations.
[gmrf_wind_mapping_node-2] [GMRF] MAP Mean value estimated in 10.4571 milliseconds
[gmrf_wind_mapping_node-2] --> MAP did not converge after 1 iterations.
[gmrf_wind_mapping_node-2] [GMRF] MAP Mean value estimated in 10.4535 milliseconds
[gmrf_wind_mapping_node-2] --> MAP did not converge after 1 iterations.
[gmrf_wind_mapping_node-2] [GMRF] MAP Mean value estimated in 10.4583 milliseconds
[gmrf_wind_mapping_node-2] --> MAP did not converge after 1 iterations.
[gmrf_wind_mapping_node-2] [GMRF] MAP Mean value estimated in 10.4546 milliseconds
[gmrf_wind_mapping_node-2] --> MAP did not converge after 1 iterations.
[gmrf_wind_mapping_node-2] [GMRF] MAP Mean value estimated in 10.4499 milliseconds
[gmrf_wind_mapping_node-2] --> MAP did not converge after 1 iterations.
[gmrf_wind_mapping_node-2] [GMRF] MAP Mean value estimated in 10.4526 milliseconds
[gmrf_wind_mapping_node-2] --> MAP did not converge after 1 iterations.
[gmrf_wind_mapping_node-2] [GMRF] MAP Mean value estimated in 10.4543 milliseconds
[gmrf_wind_mapping_node-2] --> MAP did not converge after 1 iterations.
[gmrf_wind_mapping_node-2] [GMRF] MAP Mean value estimated in 10.4569 milliseconds
[gmrf_wind_mapping_node-2] --> MAP did not converge after 1 iterations.
[gmrf_wind_mapping_node-2] [GMRF] MAP Mean value estimated in 10.4596 milliseconds
[gmrf_wind_mapping_node-2] --> MAP did not converge after 1 iterations.
[gmrf_wind_mapping_node-2] [GMRF] MAP Mean value estimated in 10.4623 milliseconds
[gmrf_wind_mapping_node-2] --> MAP did not converge after 1 iterations.
[gmrf_wind_mapping_node-2] [GMRF] MAP Mean value estimated in 10.4639 milliseconds
[gmrf_wind_mapping_node-2] --> MAP did not converge after 1 iterations.
[gmrf_wind_mapping_node-2] [GMRF] MAP Mean value estimated in 10.4655 milliseconds
[gmrf_wind_mapping_node-2] --> MAP did not converge after 1 iterations.
[gmrf_wind_mapping_node-2] [GMRF] MAP Mean value estimated in 10.466 milliseconds
[gmrf_wind_mapping_node-2] --> MAP did not converge after 1 iterations.
[gmrf_wind_mapping_node-2] [GMRF] MAP Mean value estimated in 10.4666 milliseconds
[gmrf_wind_mapping_node-2] --> MAP did not converge after 1 iterations.
[gmrf_wind_mapping_node-2] [GMRF] MAP Mean value estimated in 10.464 milliseconds
[gmrf_wind_mapping_node-2] --> MAP did not converge after 1 iterations.
[gmrf_wind_mapping_node-2] [GMRF] MAP Mean value estimated in 10.4667 milliseconds
[gmrf_wind_mapping_node-2] --> MAP did not converge after 1 iterations.
[gmrf_wind_mapping_node-2] [GMRF] MAP Mean value estimated in 10.4703 milliseconds
[gsl_actionserver_node-3] [INFO] [1788875868.144242796] [GSL]: 10 gas measurements, 10 wind measurements over 2.00 seconds
[gsl_actionserver_node-3] [INFO] [1788875868.144985493] [GSL]: avg_gas=1.5;  avg_windSpeed=0.15;  avg_wind_dir=-0.66
[gsl_actionserver_node-3] [INFO] [1788875868.146037342] [GSL]: [33mGAS HIT[0m
[gsl_actionserver_node-3] [INFO] [1788875868.146057227] [GSL]: [DEBUG-WIND] useGroundTruth=false gmrf_req_size=626 gaden_req_size=-1
[gsl_actionserver_node-3] [INFO] [1788875868.146071473] [GSL]: [DEBUG-WIND] Taking GMRF path
[gsl_actionserver_node-3] [INFO] [1788875868.148015523] [GSL - Trace]: [32mEntering StopAndMeasure[0m
[gmrf_wind_mapping_node-2] --> MAP did not converge after 1 iterations.
[gmrf_wind_mapping_node-2] [GMRF] MAP Mean value estimated in 10.4719 milliseconds
[gmrf_wind_mapping_node-2] --> MAP did not converge after 1 iterations.
[gmrf_wind_mapping_node-2] [GMRF] MAP Mean value estimated in 10.4746 milliseconds
[gmrf_wind_mapping_node-2] --> MAP did not converge after 1 iterations.
[gmrf_wind_mapping_node-2] [GMRF] MAP Mean value estimated in 10.4772 milliseconds
[gmrf_wind_mapping_node-2] --> MAP did not converge after 1 iterations.
[gmrf_wind_mapping_node-2] [GMRF] MAP Mean value estimated in 10.4756 milliseconds
[gmrf_wind_mapping_node-2] --> MAP did not converge after 1 iterations.
[gmrf_wind_mapping_node-2] [GMRF] MAP Mean value estimated in 10.4772 milliseconds
[gmrf_wind_mapping_node-2] --> MAP did not converge after 1 iterations.
[gmrf_wind_mapping_node-2] [GMRF] MAP Mean value estimated in 10.4778 milliseconds
[gmrf_wind_mapping_node-2] --> MAP did not converge after 1 iterations.
[gmrf_wind_mapping_node-2] [GMRF] MAP Mean value estimated in 10.4731 milliseconds
[gmrf_wind_mapping_node-2] --> MAP did not converge after 1 iterations.
[gmrf_wind_mapping_node-2] [GMRF] MAP Mean value estimated in 10.4685 milliseconds
[gmrf_wind_mapping_node-2] --> MAP did not converge after 1 iterations.
[gmrf_wind_mapping_node-2] [GMRF] MAP Mean value estimated in 10.4649 milliseconds
[gmrf_wind_mapping_node-2] --> MAP did not converge after 1 iterations.
[gmrf_wind_mapping_node-2] [GMRF] MAP Mean value estimated in 10.4676 milliseconds
[gmrf_wind_mapping_node-2] --> MAP did not converge after 1 iterations.
[gmrf_wind_mapping_node-2] [GMRF] MAP Mean value estimated in 10.465 milliseconds
[gmrf_wind_mapping_node-2] --> MAP did not converge after 1 iterations.
[gmrf_wind_mapping_node-2] [GMRF] MAP Mean value estimated in 10.4656 milliseconds
[gmrf_wind_mapping_node-2] --> MAP did not converge after 1 iterations.
[gmrf_wind_mapping_node-2] [GMRF] MAP Mean value estimated in 10.4661 milliseconds
[gmrf_wind_mapping_node-2] --> MAP did not converge after 1 iterations.
[gmrf_wind_mapping_node-2] [GMRF] MAP Mean value estimated in 10.4677 milliseconds
[gmrf_wind_mapping_node-2] --> MAP did not converge after 1 iterations.
[gmrf_wind_mapping_node-2] [GMRF] MAP Mean value estimated in 10.4652 milliseconds
[gmrf_wind_mapping_node-2] --> MAP did not converge after 1 iterations.
[gmrf_wind_mapping_node-2] [GMRF] MAP Mean value estimated in 10.4667 milliseconds
[gmrf_wind_mapping_node-2] --> MAP did not converge after 1 iterations.
[gmrf_wind_mapping_node-2] [GMRF] MAP Mean value estimated in 10.4663 milliseconds
[gmrf_wind_mapping_node-2] --> MAP did not converge after 1 iterations.
[gmrf_wind_mapping_node-2] [GMRF] MAP Mean value estimated in 10.4627 milliseconds
[gmrf_wind_mapping_node-2] --> MAP did not converge after 1 iterations.
[gmrf_wind_mapping_node-2] [GMRF] MAP Mean value estimated in 10.4653 milliseconds
[gmrf_wind_mapping_node-2] --> MAP did not converge after 1 iterations.
[gmrf_wind_mapping_node-2] [GMRF] MAP Mean value estimated in 10.4689 milliseconds
[gsl_actionserver_node-3] [INFO] [1788875870.144202649] [GSL]: 10 gas measurements, 10 wind measurements over 2.00 seconds
[gsl_actionserver_node-3] [INFO] [1788875870.144318752] [GSL]: avg_gas=1.5;  avg_windSpeed=0.18;  avg_wind_dir=-0.79
[gsl_actionserver_node-3] [INFO] [1788875870.145759233] [GSL]: [33mGAS HIT[0m
[gsl_actionserver_node-3] [INFO] [1788875870.146045850] [GSL]: [DEBUG-WIND] useGroundTruth=false gmrf_req_size=626 gaden_req_size=-1
[gsl_actionserver_node-3] [INFO] [1788875870.146070031] [GSL]: [DEBUG-WIND] Taking GMRF path
[gsl_actionserver_node-3] [INFO] [1788875870.148070433] [GSL - Trace]: [32mEntering StopAndMeasure[0m
[gmrf_wind_mapping_node-2] --> MAP did not converge after 1 iterations.
[gmrf_wind_mapping_node-2] [GMRF] MAP Mean value estimated in 10.4695 milliseconds
[gmrf_wind_mapping_node-2] --> MAP did not converge after 1 iterations.
[gmrf_wind_mapping_node-2] [GMRF] MAP Mean value estimated in 10.473 milliseconds
[gmrf_wind_mapping_node-2] --> MAP did not converge after 1 iterations.
[gmrf_wind_mapping_node-2] [GMRF] MAP Mean value estimated in 10.4756 milliseconds
[gmrf_wind_mapping_node-2] --> MAP did not converge after 1 iterations.
[gmrf_wind_mapping_node-2] [GMRF] MAP Mean value estimated in 10.4782 milliseconds
[gmrf_wind_mapping_node-2] --> MAP did not converge after 1 iterations.
[gmrf_wind_mapping_node-2] [GMRF] MAP Mean value estimated in 10.4746 milliseconds
[gmrf_wind_mapping_node-2] --> MAP did not converge after 1 iterations.
[gmrf_wind_mapping_node-2] [GMRF] MAP Mean value estimated in 10.4772 milliseconds
[gmrf_wind_mapping_node-2] --> MAP did not converge after 1 iterations.
[gmrf_wind_mapping_node-2] [GMRF] MAP Mean value estimated in 10.4727 milliseconds
[gmrf_wind_mapping_node-2] --> MAP did not converge after 1 iterations.
[gmrf_wind_mapping_node-2] [GMRF] MAP Mean value estimated in 10.4732 milliseconds
[gmrf_wind_mapping_node-2] --> MAP did not converge after 1 iterations.
[gmrf_wind_mapping_node-2] [GMRF] MAP Mean value estimated in 10.4687 milliseconds
[gmrf_wind_mapping_node-2] --> MAP did not converge after 1 iterations.
[gmrf_wind_mapping_node-2] [GMRF] MAP Mean value estimated in 10.4712 milliseconds
[gmrf_wind_mapping_node-2] --> MAP did not converge after 1 iterations.
[gmrf_wind_mapping_node-2] [GMRF] MAP Mean value estimated in 10.4698 milliseconds
[gmrf_wind_mapping_node-2] --> MAP did not converge after 1 iterations.
[gmrf_wind_mapping_node-2] [GMRF] MAP Mean value estimated in 10.4733 milliseconds
[gmrf_wind_mapping_node-2] --> MAP did not converge after 1 iterations.
[gmrf_wind_mapping_node-2] [GMRF] MAP Mean value estimated in 10.4708 milliseconds
[gmrf_wind_mapping_node-2] --> MAP did not converge after 1 iterations.
[gmrf_wind_mapping_node-2] [GMRF] MAP Mean value estimated in 10.4734 milliseconds
[gmrf_wind_mapping_node-2] --> MAP did not converge after 1 iterations.
[gmrf_wind_mapping_node-2] [GMRF] MAP Mean value estimated in 10.4739 milliseconds
[gmrf_wind_mapping_node-2] --> MAP did not converge after 1 iterations.
[gmrf_wind_mapping_node-2] [GMRF] MAP Mean value estimated in 10.4714 milliseconds
[gmrf_wind_mapping_node-2] --> MAP did not converge after 1 iterations.
[gmrf_wind_mapping_node-2] [GMRF] MAP Mean value estimated in 10.4709 milliseconds
[gmrf_wind_mapping_node-2] --> MAP did not converge after 1 iterations.
[gmrf_wind_mapping_node-2] [GMRF] MAP Mean value estimated in 10.4685 milliseconds
[gmrf_wind_mapping_node-2] --> MAP did not converge after 1 iterations.
[gmrf_wind_mapping_node-2] [GMRF] MAP Mean value estimated in 10.465 milliseconds
[gmrf_wind_mapping_node-2] --> MAP did not converge after 1 iterations.
[gmrf_wind_mapping_node-2] [GMRF] MAP Mean value estimated in 10.4685 milliseconds
[gsl_actionserver_node-3] [INFO] [1788875872.143934614] [GSL]: 10 gas measurements, 10 wind measurements over 2.00 seconds
[gsl_actionserver_node-3] [INFO] [1788875872.143990806] [GSL]: avg_gas=1.4;  avg_windSpeed=0.15;  avg_wind_dir=-0.66
[gsl_actionserver_node-3] [INFO] [1788875872.144743772] [GSL]: [33mGAS HIT[0m
[gsl_actionserver_node-3] [INFO] [1788875872.144754137] [GSL]: [DEBUG-WIND] useGroundTruth=false gmrf_req_size=626 gaden_req_size=-1
[gsl_actionserver_node-3] [INFO] [1788875872.144761088] [GSL]: [DEBUG-WIND] Taking GMRF path
[gmrf_wind_mapping_node-2] --> MAP did not converge after 1 iterations.
[gmrf_wind_mapping_node-2] [GMRF] MAP Mean value estimated in 10.4741 milliseconds
[gsl_actionserver_node-3] [INFO] [1788875872.172192257] [GSL]: Max mutual info: 4.248
[gsl_actionserver_node-3] [INFO] [1788875872.172592289] [GSL]: MutualInformation - Ellapsed: 0.025s
[vgr_sim_node-1] [WARN] [1788875872.181689758] [vgr_uav_sim]: PLAN_CB: called with goal=(5.60,0.39)
[vgr_sim_node-1] [WARN] [1788875872.183377106] [vgr_uav_sim]: PLAN_CB: returning 5 poses
[vgr_sim_node-1] [WARN] [1788875872.195974980] [vgr_uav_sim]: PLAN_CB: called with goal=(5.60,0.39)
[vgr_sim_node-1] [WARN] [1788875872.197489240] [vgr_uav_sim]: PLAN_CB: returning 5 poses
[gsl_actionserver_node-3] [INFO] [1788875872.211672118] [GSL]: Sending goal (5.60, 0.39)
[gsl_actionserver_node-3] [INFO] [1788875872.212253476] [GSL]: Variance: 2.60
[gsl_actionserver_node-3] [INFO] [1788875872.212277808] [GSL - Trace]: [32mEntering Moving[0m
[vgr_sim_node-1] [INFO] [1788875872.213690469] [vgr_uav_sim]: Prepared 5 collision-free navigation waypoints to (5.60, 0.39)
[vgr_sim_node-1] [INFO] [1788875872.214816676] [vgr_uav_sim]: UAV navigating in audited 2-D mode to (5.60, 0.39, 0.30)
[gmrf_wind_mapping_node-2] --> MAP did not converge after 1 iterations.
[gmrf_wind_mapping_node-2] [GMRF] MAP Mean value estimated in 10.4736 milliseconds
[gmrf_wind_mapping_node-2] --> MAP did not converge after 1 iterations.
[gmrf_wind_mapping_node-2] [GMRF] MAP Mean value estimated in 10.4721 milliseconds
[gmrf_wind_mapping_node-2] --> MAP did not converge after 1 iterations.
[gmrf_wind_mapping_node-2] [GMRF] MAP Mean value estimated in 10.4726 milliseconds
[gmrf_wind_mapping_node-2] --> MAP did not converge after 1 iterations.
[gmrf_wind_mapping_node-2] [GMRF] MAP Mean value estimated in 10.4751 milliseconds
[gmrf_wind_mapping_node-2] --> MAP did not converge after 1 iterations.
[gmrf_wind_mapping_node-2] [GMRF] MAP Mean value estimated in 10.4777 milliseconds
[gmrf_wind_mapping_node-2] --> MAP did not converge after 1 iterations.
[gmrf_wind_mapping_node-2] [GMRF] MAP Mean value estimated in 10.4742 milliseconds
[gmrf_wind_mapping_node-2] --> MAP did not converge after 1 iterations.
[gmrf_wind_mapping_node-2] [GMRF] MAP Mean value estimated in 10.4727 milliseconds
[gsl_actionserver_node-3] [INFO] [1788875872.945369975] [GSL - Trace]: [32mEntering StopAndMeasure[0m
[gmrf_wind_mapping_node-2] --> MAP did not converge after 1 iterations.
[gmrf_wind_mapping_node-2] [GMRF] MAP Mean value estimated in 10.4733 milliseconds
[gmrf_wind_mapping_node-2] --> MAP did not converge after 1 iterations.
[gmrf_wind_mapping_node-2] [GMRF] MAP Mean value estimated in 10.4748 milliseconds
[gmrf_wind_mapping_node-2] --> MAP did not converge after 1 iterations.
[gmrf_wind_mapping_node-2] [GMRF] MAP Mean value estimated in 10.4723 milliseconds
[gmrf_wind_mapping_node-2] --> MAP did not converge after 1 iterations.
[gmrf_wind_mapping_node-2] [GMRF] MAP Mean value estimated in 10.4768 milliseconds
[gmrf_wind_mapping_node-2] --> MAP did not converge after 1 iterations.
[gmrf_wind_mapping_node-2] [GMRF] MAP Mean value estimated in 10.4803 milliseconds
[gmrf_wind_mapping_node-2] --> MAP did not converge after 1 iterations.
[gmrf_wind_mapping_node-2] [GMRF] MAP Mean value estimated in 10.4808 milliseconds
[gmrf_wind_mapping_node-2] --> MAP did not converge after 1 iterations.
[gmrf_wind_mapping_node-2] [GMRF] MAP Mean value estimated in 10.4783 milliseconds
[gmrf_wind_mapping_node-2] --> MAP did not converge after 1 iterations.
[gmrf_wind_mapping_node-2] [GMRF] MAP Mean value estimated in 10.4779 milliseconds
[gmrf_wind_mapping_node-2] --> MAP did not converge after 1 iterations.
[gmrf_wind_mapping_node-2] [GMRF] MAP Mean value estimated in 10.4735 milliseconds
[gmrf_wind_mapping_node-2] --> MAP did not converge after 1 iterations.
[gmrf_wind_mapping_node-2] [GMRF] MAP Mean value estimated in 10.4701 milliseconds
[gmrf_wind_mapping_node-2] --> MAP did not converge after 1 iterations.
[gmrf_wind_mapping_node-2] [GMRF] MAP Mean value estimated in 10.4657 milliseconds
[gmrf_wind_mapping_node-2] --> MAP did not converge after 1 iterations.
[gmrf_wind_mapping_node-2] [GMRF] MAP Mean value estimated in 10.4623 milliseconds
[gmrf_wind_mapping_node-2] --> MAP did not converge after 1 iterations.
[gmrf_wind_mapping_node-2] [GMRF] MAP Mean value estimated in 10.4589 milliseconds
[gmrf_wind_mapping_node-2] --> MAP did not converge after 1 iterations.
[gmrf_wind_mapping_node-2] [GMRF] MAP Mean value estimated in 10.4614 milliseconds
[gmrf_wind_mapping_node-2] --> MAP did not converge after 1 iterations.
[gmrf_wind_mapping_node-2] [GMRF] MAP Mean value estimated in 10.4609 milliseconds
[gmrf_wind_mapping_node-2] --> MAP did not converge after 1 iterations.
[gmrf_wind_mapping_node-2] [GMRF] MAP Mean value estimated in 10.4585 milliseconds
[gmrf_wind_mapping_node-2] --> MAP did not converge after 1 iterations.
[gmrf_wind_mapping_node-2] [GMRF] MAP Mean value estimated in 10.4581 milliseconds
[gmrf_wind_mapping_node-2] --> MAP did not converge after 1 iterations.
[gmrf_wind_mapping_node-2] [GMRF] MAP Mean value estimated in 10.4606 milliseconds
[gmrf_wind_mapping_node-2] --> MAP did not converge after 1 iterations.
[gmrf_wind_mapping_node-2] [GMRF] MAP Mean value estimated in 10.4572 milliseconds
[gmrf_wind_mapping_node-2] --> MAP did not converge after 1 iterations.
[gmrf_wind_mapping_node-2] [GMRF] MAP Mean value estimated in 10.4538 milliseconds
[gsl_actionserver_node-3] [INFO] [1788875874.944063189] [GSL]: 10 gas measurements, 10 wind measurements over 2.00 seconds
[gsl_actionserver_node-3] [INFO] [1788875874.944162993] [GSL]: avg_gas=1.4;  avg_windSpeed=0.072;  avg_wind_dir=-1.2
[gsl_actionserver_node-3] [INFO] [1788875874.944917975] [GSL]: [33mGAS HIT[0m
[gsl_actionserver_node-3] [INFO] [1788875874.944934345] [GSL]: [DEBUG-WIND] useGroundTruth=false gmrf_req_size=626 gaden_req_size=-1
[gsl_actionserver_node-3] [INFO] [1788875874.945740555] [GSL]: [DEBUG-WIND] Taking GMRF path
[gsl_actionserver_node-3] [INFO] [1788875874.947899114] [GSL - Trace]: [32mEntering StopAndMeasure[0m
[gmrf_wind_mapping_node-2] --> MAP did not converge after 1 iterations.
[gmrf_wind_mapping_node-2] [GMRF] MAP Mean value estimated in 10.4563 milliseconds
[gmrf_wind_mapping_node-2] --> MAP did not converge after 1 iterations.
[gmrf_wind_mapping_node-2] [GMRF] MAP Mean value estimated in 10.4588 milliseconds
[gmrf_wind_mapping_node-2] --> MAP did not converge after 1 iterations.
[gmrf_wind_mapping_node-2] [GMRF] MAP Mean value estimated in 10.4593 milliseconds
[gmrf_wind_mapping_node-2] --> MAP did not converge after 1 iterations.
[gmrf_wind_mapping_node-2] [GMRF] MAP Mean value estimated in 10.4579 milliseconds
[gmrf_wind_mapping_node-2] --> MAP did not converge after 1 iterations.
[gmrf_wind_mapping_node-2] [GMRF] MAP Mean value estimated in 10.4565 milliseconds
[gmrf_wind_mapping_node-2] --> MAP did not converge after 1 iterations.
[gmrf_wind_mapping_node-2] [GMRF] MAP Mean value estimated in 10.4551 milliseconds
[gmrf_wind_mapping_node-2] --> MAP did not converge after 1 iterations.
[gmrf_wind_mapping_node-2] [GMRF] MAP Mean value estimated in 10.4527 milliseconds
[gmrf_wind_mapping_node-2] --> MAP did not converge after 1 iterations.
[gmrf_wind_mapping_node-2] [GMRF] MAP Mean value estimated in 10.4503 milliseconds
[gmrf_wind_mapping_node-2] --> MAP did not converge after 1 iterations.
[gmrf_wind_mapping_node-2] [GMRF] MAP Mean value estimated in 10.4461 milliseconds
[gmrf_wind_mapping_node-2] --> MAP did not converge after 1 iterations.
[gmrf_wind_mapping_node-2] [GMRF] MAP Mean value estimated in 10.4437 milliseconds
[gmrf_wind_mapping_node-2] --> MAP did not converge after 1 iterations.
[gmrf_wind_mapping_node-2] [GMRF] MAP Mean value estimated in 10.4413 milliseconds
[gmrf_wind_mapping_node-2] --> MAP did not converge after 1 iterations.
[gmrf_wind_mapping_node-2] [GMRF] MAP Mean value estimated in 10.4419 milliseconds
[gmrf_wind_mapping_node-2] --> MAP did not converge after 1 iterations.
[gmrf_wind_mapping_node-2] [GMRF] MAP Mean value estimated in 10.4472 milliseconds
[gmrf_wind_mapping_node-2] --> MAP did not converge after 1 iterations.
[gmrf_wind_mapping_node-2] [GMRF] MAP Mean value estimated in 10.4497 milliseconds
[gmrf_wind_mapping_node-2] --> MAP did not converge after 1 iterations.
[gmrf_wind_mapping_node-2] [GMRF] MAP Mean value estimated in 10.4531 milliseconds
[gmrf_wind_mapping_node-2] --> MAP did not converge after 1 iterations.
[gmrf_wind_mapping_node-2] [GMRF] MAP Mean value estimated in 10.4517 milliseconds
[gmrf_wind_mapping_node-2] --> MAP did not converge after 1 iterations.
[gmrf_wind_mapping_node-2] [GMRF] MAP Mean value estimated in 10.4532 milliseconds
[gmrf_wind_mapping_node-2] --> MAP did not converge after 1 iterations.
[gmrf_wind_mapping_node-2] [GMRF] MAP Mean value estimated in 10.4508 milliseconds
[gmrf_wind_mapping_node-2] --> MAP did not converge after 1 iterations.
[gmrf_wind_mapping_node-2] [GMRF] MAP Mean value estimated in 10.4523 milliseconds
[gmrf_wind_mapping_node-2] --> MAP did not converge after 1 iterations.
[gmrf_wind_mapping_node-2] [GMRF] MAP Mean value estimated in 10.4519 milliseconds
[gsl_actionserver_node-3] [INFO] [1788875876.944184872] [GSL]: 10 gas measurements, 10 wind measurements over 2.00 seconds
[gsl_actionserver_node-3] [INFO] [1788875876.944267493] [GSL]: avg_gas=1.7;  avg_windSpeed=0.057;  avg_wind_dir=-0.16
[gsl_actionserver_node-3] [INFO] [1788875876.945138912] [GSL]: [33mGAS HIT[0m
[gsl_actionserver_node-3] [INFO] [1788875876.945155760] [GSL]: [DEBUG-WIND] useGroundTruth=false gmrf_req_size=626 gaden_req_size=-1
[gsl_actionserver_node-3] [INFO] [1788875876.945166944] [GSL]: [DEBUG-WIND] Taking GMRF path
[gsl_actionserver_node-3] [INFO] [1788875876.947672327] [GSL - Trace]: [32mEntering StopAndMeasure[0m
[gmrf_wind_mapping_node-2] --> MAP did not converge after 1 iterations.
[gmrf_wind_mapping_node-2] [GMRF] MAP Mean value estimated in 10.4524 milliseconds
[gmrf_wind_mapping_node-2] --> MAP did not converge after 1 iterations.
[gmrf_wind_mapping_node-2] [GMRF] MAP Mean value estimated in 10.4491 milliseconds
[gmrf_wind_mapping_node-2] --> MAP did not converge after 1 iterations.
[gmrf_wind_mapping_node-2] [GMRF] MAP Mean value estimated in 10.4487 milliseconds
[gmrf_wind_mapping_node-2] --> MAP did not converge after 1 iterations.
[gmrf_wind_mapping_node-2] [GMRF] MAP Mean value estimated in 10.4501 milliseconds
[gmrf_wind_mapping_node-2] --> MAP did not converge after 1 iterations.
[gmrf_wind_mapping_node-2] [GMRF] MAP Mean value estimated in 10.4516 milliseconds
[gmrf_wind_mapping_node-2] --> MAP did not converge after 1 iterations.
[gmrf_wind_mapping_node-2] [GMRF] MAP Mean value estimated in 10.4512 milliseconds
[gmrf_wind_mapping_node-2] --> MAP did not converge after 1 iterations.
[gmrf_wind_mapping_node-2] [GMRF] MAP Mean value estimated in 10.4517 milliseconds
[gmrf_wind_mapping_node-2] --> MAP did not converge after 1 iterations.
[gmrf_wind_mapping_node-2] [GMRF] MAP Mean value estimated in 10.456 milliseconds
[gmrf_wind_mapping_node-2] --> MAP did not converge after 1 iterations.
[gmrf_wind_mapping_node-2] [GMRF] MAP Mean value estimated in 10.4575 milliseconds
[gmrf_wind_mapping_node-2] --> MAP did not converge after 1 iterations.
[gmrf_wind_mapping_node-2] [GMRF] MAP Mean value estimated in 10.4533 milliseconds
[gmrf_wind_mapping_node-2] --> MAP did not converge after 1 iterations.
[gmrf_wind_mapping_node-2] [GMRF] MAP Mean value estimated in 10.45 milliseconds
[gmrf_wind_mapping_node-2] --> MAP did not converge after 1 iterations.
[gmrf_wind_mapping_node-2] [GMRF] MAP Mean value estimated in 10.4467 milliseconds
[gmrf_wind_mapping_node-2] --> MAP did not converge after 1 iterations.
[gmrf_wind_mapping_node-2] [GMRF] MAP Mean value estimated in 10.4426 milliseconds
[gmrf_wind_mapping_node-2] --> MAP did not converge after 1 iterations.
[gmrf_wind_mapping_node-2] [GMRF] MAP Mean value estimated in 10.4403 milliseconds
[gmrf_wind_mapping_node-2] --> MAP did not converge after 1 iterations.
[gmrf_wind_mapping_node-2] [GMRF] MAP Mean value estimated in 10.4436 milliseconds
[gmrf_wind_mapping_node-2] --> MAP did not converge after 1 iterations.
[gmrf_wind_mapping_node-2] [GMRF] MAP Mean value estimated in 10.4432 milliseconds
[gmrf_wind_mapping_node-2] --> MAP did not converge after 1 iterations.
[gmrf_wind_mapping_node-2] [GMRF] MAP Mean value estimated in 10.4475 milliseconds
[gmrf_wind_mapping_node-2] --> MAP did not converge after 1 iterations.
[gmrf_wind_mapping_node-2] [GMRF] MAP Mean value estimated in 10.4508 milliseconds
[gmrf_wind_mapping_node-2] --> MAP did not converge after 1 iterations.
[gmrf_wind_mapping_node-2] [GMRF] MAP Mean value estimated in 10.4494 milliseconds
[gmrf_wind_mapping_node-2] --> MAP did not converge after 1 iterations.
[gmrf_wind_mapping_node-2] [GMRF] MAP Mean value estimated in 10.4453 milliseconds
[gsl_actionserver_node-3] [INFO] [1788875878.944102792] [GSL]: 10 gas measurements, 10 wind measurements over 2.00 seconds
[gsl_actionserver_node-3] [INFO] [1788875878.944160245] [GSL]: avg_gas=1.9;  avg_windSpeed=0.072;  avg_wind_dir=-1.2
[gsl_actionserver_node-3] [INFO] [1788875878.944618975] [GSL]: [33mGAS HIT[0m
[gsl_actionserver_node-3] [INFO] [1788875878.944628264] [GSL]: [DEBUG-WIND] useGroundTruth=false gmrf_req_size=626 gaden_req_size=-1
[gsl_actionserver_node-3] [INFO] [1788875878.944634788] [GSL]: [DEBUG-WIND] Taking GMRF path
[gsl_actionserver_node-3] [INFO] [1788875878.947613382] [GSL - Trace]: [32mEntering StopAndMeasure[0m
[gmrf_wind_mapping_node-2] --> MAP did not converge after 1 iterations.
[gmrf_wind_mapping_node-2] [GMRF] MAP Mean value estimated in 10.4421 milliseconds
[gmrf_wind_mapping_node-2] --> MAP did not converge after 1 iterations.
[gmrf_wind_mapping_node-2] [GMRF] MAP Mean value estimated in 10.4435 milliseconds
[gmrf_wind_mapping_node-2] --> MAP did not converge after 1 iterations.
[gmrf_wind_mapping_node-2] [GMRF] MAP Mean value estimated in 10.4412 milliseconds
[gmrf_wind_mapping_node-2] --> MAP did not converge after 1 iterations.
[gmrf_wind_mapping_node-2] [GMRF] MAP Mean value estimated in 10.439 milliseconds
[gmrf_wind_mapping_node-2] --> MAP did not converge after 1 iterations.
[gmrf_wind_mapping_node-2] [GMRF] MAP Mean value estimated in 10.4367 milliseconds
[gmrf_wind_mapping_node-2] --> MAP did not converge after 1 iterations.
[gmrf_wind_mapping_node-2] [GMRF] MAP Mean value estimated in 10.4335 milliseconds
[gmrf_wind_mapping_node-2] --> MAP did not converge after 1 iterations.
[gmrf_wind_mapping_node-2] [GMRF] MAP Mean value estimated in 10.4303 milliseconds
[gmrf_wind_mapping_node-2] --> MAP did not converge after 1 iterations.
[gmrf_wind_mapping_node-2] [GMRF] MAP Mean value estimated in 10.428 milliseconds
[gmrf_wind_mapping_node-2] --> MAP did not converge after 1 iterations.
[gmrf_wind_mapping_node-2] [GMRF] MAP Mean value estimated in 10.4249 milliseconds
[gmrf_wind_mapping_node-2] --> MAP did not converge after 1 iterations.
[gmrf_wind_mapping_node-2] [GMRF] MAP Mean value estimated in 10.4208 milliseconds
[gmrf_wind_mapping_node-2] --> MAP did not converge after 1 iterations.
[gmrf_wind_mapping_node-2] [GMRF] MAP Mean value estimated in 10.4185 milliseconds
[gmrf_wind_mapping_node-2] --> MAP did not converge after 1 iterations.
[gmrf_wind_mapping_node-2] [GMRF] MAP Mean value estimated in 10.4154 milliseconds
[gmrf_wind_mapping_node-2] --> MAP did not converge after 1 iterations.
[gmrf_wind_mapping_node-2] [GMRF] MAP Mean value estimated in 10.4113 milliseconds
[gmrf_wind_mapping_node-2] --> MAP did not converge after 1 iterations.
[gmrf_wind_mapping_node-2] [GMRF] MAP Mean value estimated in 10.4137 milliseconds
[gmrf_wind_mapping_node-2] --> MAP did not converge after 1 iterations.
[gmrf_wind_mapping_node-2] [GMRF] MAP Mean value estimated in 10.4179 milliseconds
[gmrf_wind_mapping_node-2] --> MAP did not converge after 1 iterations.
[gmrf_wind_mapping_node-2] [GMRF] MAP Mean value estimated in 10.4184 milliseconds
[gmrf_wind_mapping_node-2] --> MAP did not converge after 1 iterations.
[gmrf_wind_mapping_node-2] [GMRF] MAP Mean value estimated in 10.419 milliseconds
[gmrf_wind_mapping_node-2] --> MAP did not converge after 1 iterations.
[gmrf_wind_mapping_node-2] [GMRF] MAP Mean value estimated in 10.4186 milliseconds
[gmrf_wind_mapping_node-2] --> MAP did not converge after 1 iterations.
[gmrf_wind_mapping_node-2] [GMRF] MAP Mean value estimated in 10.4182 milliseconds
[gmrf_wind_mapping_node-2] --> MAP did not converge after 1 iterations.
[gmrf_wind_mapping_node-2] [GMRF] MAP Mean value estimated in 10.4151 milliseconds
[gsl_actionserver_node-3] [INFO] [1788875880.944017455] [GSL]: 10 gas measurements, 10 wind measurements over 2.00 seconds
[gsl_actionserver_node-3] [INFO] [1788875880.944072840] [GSL]: avg_gas=1.9;  avg_windSpeed=0.057;  avg_wind_dir=-0.16
[gsl_actionserver_node-3] [INFO] [1788875880.944561774] [GSL]: [33mGAS HIT[0m
[gsl_actionserver_node-3] [INFO] [1788875880.944571105] [GSL]: [DEBUG-WIND] useGroundTruth=false gmrf_req_size=626 gaden_req_size=-1
[gsl_actionserver_node-3] [INFO] [1788875880.944577670] [GSL]: [DEBUG-WIND] Taking GMRF path
[gsl_actionserver_node-3] [INFO] [1788875880.947548416] [GSL - Trace]: [32mEntering StopAndMeasure[0m
[gmrf_wind_mapping_node-2] --> MAP did not converge after 1 iterations.
[gmrf_wind_mapping_node-2] [GMRF] MAP Mean value estimated in 10.411 milliseconds
[gmrf_wind_mapping_node-2] --> MAP did not converge after 1 iterations.
[gmrf_wind_mapping_node-2] [GMRF] MAP Mean value estimated in 10.4143 milliseconds
[gmrf_wind_mapping_node-2] --> MAP did not converge after 1 iterations.
[gmrf_wind_mapping_node-2] [GMRF] MAP Mean value estimated in 10.4176 milliseconds
[gmrf_wind_mapping_node-2] --> MAP did not converge after 1 iterations.
[gmrf_wind_mapping_node-2] [GMRF] MAP Mean value estimated in 10.4181 milliseconds
[gmrf_wind_mapping_node-2] --> MAP did not converge after 1 iterations.
[gmrf_wind_mapping_node-2] [GMRF] MAP Mean value estimated in 10.4196 milliseconds
[gmrf_wind_mapping_node-2] --> MAP did not converge after 1 iterations.
[gmrf_wind_mapping_node-2] [GMRF] MAP Mean value estimated in 10.4174 milliseconds
[gmrf_wind_mapping_node-2] --> MAP did not converge after 1 iterations.
[gmrf_wind_mapping_node-2] [GMRF] MAP Mean value estimated in 10.4197 milliseconds
[gmrf_wind_mapping_node-2] --> MAP did not converge after 1 iterations.
[gmrf_wind_mapping_node-2] [GMRF] MAP Mean value estimated in 10.4239 milliseconds
[gmrf_wind_mapping_node-2] --> MAP did not converge after 1 iterations.
[gmrf_wind_mapping_node-2] [GMRF] MAP Mean value estimated in 10.4208 milliseconds
[gmrf_wind_mapping_node-2] --> MAP did not converge after 1 iterations.
[gmrf_wind_mapping_node-2] [GMRF] MAP Mean value estimated in 10.4167 milliseconds
[gmrf_wind_mapping_node-2] --> MAP did not converge after 1 iterations.
[gmrf_wind_mapping_node-2] [GMRF] MAP Mean value estimated in 10.4164 milliseconds
[gmrf_wind_mapping_node-2] --> MAP did not converge after 1 iterations.
[gmrf_wind_mapping_node-2] [GMRF] MAP Mean value estimated in 10.4205 milliseconds
[gmrf_wind_mapping_node-2] --> MAP did not converge after 1 iterations.
[gmrf_wind_mapping_node-2] [GMRF] MAP Mean value estimated in 10.4247 milliseconds
[gmrf_wind_mapping_node-2] --> MAP did not converge after 1 iterations.
[gmrf_wind_mapping_node-2] [GMRF] MAP Mean value estimated in 10.4288 milliseconds
[gmrf_wind_mapping_node-2] --> MAP did not converge after 1 iterations.
[gmrf_wind_mapping_node-2] [GMRF] MAP Mean value estimated in 10.4284 milliseconds
[gmrf_wind_mapping_node-2] --> MAP did not converge after 1 iterations.
[gmrf_wind_mapping_node-2] [GMRF] MAP Mean value estimated in 10.429 milliseconds
[gmrf_wind_mapping_node-2] --> MAP did not converge after 1 iterations.
[gmrf_wind_mapping_node-2] [GMRF] MAP Mean value estimated in 10.4259 milliseconds
[gmrf_wind_mapping_node-2] --> MAP did not converge after 1 iterations.
[gmrf_wind_mapping_node-2] [GMRF] MAP Mean value estimated in 10.4219 milliseconds
[gmrf_wind_mapping_node-2] --> MAP did not converge after 1 iterations.
[gmrf_wind_mapping_node-2] [GMRF] MAP Mean value estimated in 10.4242 milliseconds
[gmrf_wind_mapping_node-2] --> MAP did not converge after 1 iterations.
[gmrf_wind_mapping_node-2] [GMRF] MAP Mean value estimated in 10.4256 milliseconds
[gsl_actionserver_node-3] [INFO] [1788875882.944008982] [GSL]: 10 gas measurements, 10 wind measurements over 2.00 seconds
[gsl_actionserver_node-3] [INFO] [1788875882.944068310] [GSL]: avg_gas=1.7;  avg_windSpeed=0.072;  avg_wind_dir=-1.2
[gsl_actionserver_node-3] [INFO] [1788875882.944518024] [GSL]: [33mGAS HIT[0m
[gsl_actionserver_node-3] [INFO] [1788875882.944527293] [GSL]: [DEBUG-WIND] useGroundTruth=false gmrf_req_size=626 gaden_req_size=-1
[gsl_actionserver_node-3] [INFO] [1788875882.944533946] [GSL]: [DEBUG-WIND] Taking GMRF path
[gsl_actionserver_node-3] [INFO] [1788875882.947549900] [GSL - Trace]: [32mEntering StopAndMeasure[0m
[gmrf_wind_mapping_node-2] --> MAP did not converge after 1 iterations.
[gmrf_wind_mapping_node-2] [GMRF] MAP Mean value estimated in 10.4216 milliseconds
[gmrf_wind_mapping_node-2] --> MAP did not converge after 1 iterations.
[gmrf_wind_mapping_node-2] [GMRF] MAP Mean value estimated in 10.4248 milliseconds
[gmrf_wind_mapping_node-2] --> MAP did not converge after 1 iterations.
[gmrf_wind_mapping_node-2] [GMRF] MAP Mean value estimated in 10.4245 milliseconds
[gmrf_wind_mapping_node-2] --> MAP did not converge after 1 iterations.
[gmrf_wind_mapping_node-2] [GMRF] MAP Mean value estimated in 10.4268 milliseconds
[gmrf_wind_mapping_node-2] --> MAP did not converge after 1 iterations.
[gmrf_wind_mapping_node-2] [GMRF] MAP Mean value estimated in 10.43 milliseconds
[gmrf_wind_mapping_node-2] --> MAP did not converge after 1 iterations.
[gmrf_wind_mapping_node-2] [GMRF] MAP Mean value estimated in 10.4269 milliseconds
[gmrf_wind_mapping_node-2] --> MAP did not converge after 1 iterations.
[gmrf_wind_mapping_node-2] [GMRF] MAP Mean value estimated in 10.4283 milliseconds
[gmrf_wind_mapping_node-2] --> MAP did not converge after 1 iterations.
[gmrf_wind_mapping_node-2] [GMRF] MAP Mean value estimated in 10.4315 milliseconds
[gmrf_wind_mapping_node-2] --> MAP did not converge after 1 iterations.
[gmrf_wind_mapping_node-2] [GMRF] MAP Mean value estimated in 10.4347 milliseconds
[gmrf_wind_mapping_node-2] --> MAP did not converge after 1 iterations.
[gmrf_wind_mapping_node-2] [GMRF] MAP Mean value estimated in 10.4316 milliseconds
[gmrf_wind_mapping_node-2] --> MAP did not converge after 1 iterations.
[gmrf_wind_mapping_node-2] [GMRF] MAP Mean value estimated in 10.4286 milliseconds
[gmrf_wind_mapping_node-2] --> MAP did not converge after 1 iterations.
[gmrf_wind_mapping_node-2] [GMRF] MAP Mean value estimated in 10.4326 milliseconds
[gmrf_wind_mapping_node-2] --> MAP did not converge after 1 iterations.
[gmrf_wind_mapping_node-2] [GMRF] MAP Mean value estimated in 10.4305 milliseconds
[gmrf_wind_mapping_node-2] --> MAP did not converge after 1 iterations.
[gmrf_wind_mapping_node-2] [GMRF] MAP Mean value estimated in 10.4337 milliseconds
[gmrf_wind_mapping_node-2] --> MAP did not converge after 1 iterations.
[gmrf_wind_mapping_node-2] [GMRF] MAP Mean value estimated in 10.4315 milliseconds
[gmrf_wind_mapping_node-2] --> MAP did not converge after 1 iterations.
[gmrf_wind_mapping_node-2] [GMRF] MAP Mean value estimated in 10.4338 milliseconds
[gmrf_wind_mapping_node-2] --> MAP did not converge after 1 iterations.
[gmrf_wind_mapping_node-2] [GMRF] MAP Mean value estimated in 10.4352 milliseconds
[gmrf_wind_mapping_node-2] --> MAP did not converge after 1 iterations.
[gmrf_wind_mapping_node-2] [GMRF] MAP Mean value estimated in 10.4348 milliseconds
[gmrf_wind_mapping_node-2] --> MAP did not converge after 1 iterations.
[gmrf_wind_mapping_node-2] [GMRF] MAP Mean value estimated in 10.4317 milliseconds
[gmrf_wind_mapping_node-2] --> MAP did not converge after 1 iterations.
[gmrf_wind_mapping_node-2] [GMRF] MAP Mean value estimated in 10.4296 milliseconds
[gsl_actionserver_node-3] [INFO] [1788875884.944036452] [GSL]: 10 gas measurements, 10 wind measurements over 2.00 seconds
[gsl_actionserver_node-3] [INFO] [1788875884.944104393] [GSL]: avg_gas=1.7;  avg_windSpeed=0.057;  avg_wind_dir=-0.16
[gsl_actionserver_node-3] [INFO] [1788875884.944689352] [GSL]: [33mGAS HIT[0m
[gsl_actionserver_node-3] [INFO] [1788875884.944701195] [GSL]: [DEBUG-WIND] useGroundTruth=false gmrf_req_size=626 gaden_req_size=-1
[gsl_actionserver_node-3] [INFO] [1788875884.944709121] [GSL]: [DEBUG-WIND] Taking GMRF path
[gsl_actionserver_node-3] [INFO] [1788875884.947705768] [GSL - Trace]: [32mEntering StopAndMeasure[0m
[gmrf_wind_mapping_node-2] --> MAP did not converge after 1 iterations.
[gmrf_wind_mapping_node-2] [GMRF] MAP Mean value estimated in 10.4265 milliseconds
[gmrf_wind_mapping_node-2] --> MAP did not converge after 1 iterations.
[gmrf_wind_mapping_node-2] [GMRF] MAP Mean value estimated in 10.4235 milliseconds
[gmrf_wind_mapping_node-2] --> MAP did not converge after 1 iterations.
[gmrf_wind_mapping_node-2] [GMRF] MAP Mean value estimated in 10.4196 milliseconds
[gmrf_wind_mapping_node-2] --> MAP did not converge after 1 iterations.
[gmrf_wind_mapping_node-2] [GMRF] MAP Mean value estimated in 10.4166 milliseconds
[gmrf_wind_mapping_node-2] --> MAP did not converge after 1 iterations.
[gmrf_wind_mapping_node-2] [GMRF] MAP Mean value estimated in 10.4136 milliseconds
[gmrf_wind_mapping_node-2] --> MAP did not converge after 1 iterations.
[gmrf_wind_mapping_node-2] [GMRF] MAP Mean value estimated in 10.4097 milliseconds
[gmrf_wind_mapping_node-2] --> MAP did not converge after 1 iterations.
[gmrf_wind_mapping_node-2] [GMRF] MAP Mean value estimated in 10.4076 milliseconds
[gmrf_wind_mapping_node-2] --> MAP did not converge after 1 iterations.
[gmrf_wind_mapping_node-2] [GMRF] MAP Mean value estimated in 10.4055 milliseconds
[gmrf_wind_mapping_node-2] --> MAP did not converge after 1 iterations.
[gmrf_wind_mapping_node-2] [GMRF] MAP Mean value estimated in 10.4025 milliseconds
[gmrf_wind_mapping_node-2] --> MAP did not converge after 1 iterations.
[gmrf_wind_mapping_node-2] [GMRF] MAP Mean value estimated in 10.3986 milliseconds
[gmrf_wind_mapping_node-2] --> MAP did not converge after 1 iterations.
[gmrf_wind_mapping_node-2] [GMRF] MAP Mean value estimated in 10.3956 milliseconds
[gmrf_wind_mapping_node-2] --> MAP did not converge after 1 iterations.
[gmrf_wind_mapping_node-2] [GMRF] MAP Mean value estimated in 10.3944 milliseconds
[gmrf_wind_mapping_node-2] --> MAP did not converge after 1 iterations.
[gmrf_wind_mapping_node-2] [GMRF] MAP Mean value estimated in 10.3914 milliseconds
[gmrf_wind_mapping_node-2] --> MAP did not converge after 1 iterations.
[gmrf_wind_mapping_node-2] [GMRF] MAP Mean value estimated in 10.3937 milliseconds
[gmrf_wind_mapping_node-2] --> MAP did not converge after 1 iterations.
[gmrf_wind_mapping_node-2] [GMRF] MAP Mean value estimated in 10.3969 milliseconds
[gmrf_wind_mapping_node-2] --> MAP did not converge after 1 iterations.
[gmrf_wind_mapping_node-2] [GMRF] MAP Mean value estimated in 10.3965 milliseconds
[gmrf_wind_mapping_node-2] --> MAP did not converge after 1 iterations.
[gmrf_wind_mapping_node-2] [GMRF] MAP Mean value estimated in 10.3962 milliseconds
[gmrf_wind_mapping_node-2] --> MAP did not converge after 1 iterations.
[gmrf_wind_mapping_node-2] [GMRF] MAP Mean value estimated in 10.3932 milliseconds
[gmrf_wind_mapping_node-2] --> MAP did not converge after 1 iterations.
[gmrf_wind_mapping_node-2] [GMRF] MAP Mean value estimated in 10.3902 milliseconds
[gmrf_wind_mapping_node-2] --> MAP did not converge after 1 iterations.
[gmrf_wind_mapping_node-2] [GMRF] MAP Mean value estimated in 10.3925 milliseconds
[gsl_actionserver_node-3] [INFO] [1788875886.944138729] [GSL]: 10 gas measurements, 10 wind measurements over 2.00 seconds
[gsl_actionserver_node-3] [INFO] [1788875886.944232153] [GSL]: avg_gas=1.6;  avg_windSpeed=0.072;  avg_wind_dir=-1.2
[gsl_actionserver_node-3] [INFO] [1788875886.945071309] [GSL]: [33mGAS HIT[0m
[gsl_actionserver_node-3] [INFO] [1788875886.945088555] [GSL]: [DEBUG-WIND] useGroundTruth=false gmrf_req_size=626 gaden_req_size=-1
[gsl_actionserver_node-3] [INFO] [1788875886.945100578] [GSL]: [DEBUG-WIND] Taking GMRF path
[gsl_actionserver_node-3] [INFO] [1788875886.948092770] [GSL - Trace]: [32mEntering StopAndMeasure[0m
[gmrf_wind_mapping_node-2] --> MAP did not converge after 1 iterations.
[gmrf_wind_mapping_node-2] [GMRF] MAP Mean value estimated in 10.393 milliseconds
[gmrf_wind_mapping_node-2] --> MAP did not converge after 1 iterations.
[gmrf_wind_mapping_node-2] [GMRF] MAP Mean value estimated in 10.3892 milliseconds
[gmrf_wind_mapping_node-2] --> MAP did not converge after 1 iterations.
[gmrf_wind_mapping_node-2] [GMRF] MAP Mean value estimated in 10.3906 milliseconds
[gmrf_wind_mapping_node-2] --> MAP did not converge after 1 iterations.
[gmrf_wind_mapping_node-2] [GMRF] MAP Mean value estimated in 10.3903 milliseconds
[gmrf_wind_mapping_node-2] --> MAP did not converge after 1 iterations.
[gmrf_wind_mapping_node-2] [GMRF] MAP Mean value estimated in 10.3908 milliseconds
[gmrf_wind_mapping_node-2] --> MAP did not converge after 1 iterations.
[gmrf_wind_mapping_node-2] [GMRF] MAP Mean value estimated in 10.3905 milliseconds
[gmrf_wind_mapping_node-2] --> MAP did not converge after 1 iterations.
[gmrf_wind_mapping_node-2] [GMRF] MAP Mean value estimated in 10.3927 milliseconds
[gmrf_wind_mapping_node-2] --> MAP did not converge after 1 iterations.
[gmrf_wind_mapping_node-2] [GMRF] MAP Mean value estimated in 10.3933 milliseconds
[gmrf_wind_mapping_node-2] --> MAP did not converge after 1 iterations.
[gmrf_wind_mapping_node-2] [GMRF] MAP Mean value estimated in 10.3929 milliseconds
[gmrf_wind_mapping_node-2] --> MAP did not converge after 1 iterations.
[gmrf_wind_mapping_node-2] [GMRF] MAP Mean value estimated in 10.39 milliseconds
[gmrf_wind_mapping_node-2] --> MAP did not converge after 1 iterations.
[gmrf_wind_mapping_node-2] [GMRF] MAP Mean value estimated in 10.3871 milliseconds
[gmrf_wind_mapping_node-2] --> MAP did not converge after 1 iterations.
[gmrf_wind_mapping_node-2] [GMRF] MAP Mean value estimated in 10.3876 milliseconds
[gmrf_wind_mapping_node-2] --> MAP did not converge after 1 iterations.
[gmrf_wind_mapping_node-2] [GMRF] MAP Mean value estimated in 10.389 milliseconds
[gmrf_wind_mapping_node-2] --> MAP did not converge after 1 iterations.
[gmrf_wind_mapping_node-2] [GMRF] MAP Mean value estimated in 10.3912 milliseconds
[gmrf_wind_mapping_node-2] --> MAP did not converge after 1 iterations.
[gmrf_wind_mapping_node-2] [GMRF] MAP Mean value estimated in 10.3875 milliseconds
[gmrf_wind_mapping_node-2] --> MAP did not converge after 1 iterations.
[gmrf_wind_mapping_node-2] [GMRF] MAP Mean value estimated in 10.3837 milliseconds
[gmrf_wind_mapping_node-2] --> MAP did not converge after 1 iterations.
[gmrf_wind_mapping_node-2] [GMRF] MAP Mean value estimated in 10.3799 milliseconds
[gmrf_wind_mapping_node-2] --> MAP did not converge after 1 iterations.
[gmrf_wind_mapping_node-2] [GMRF] MAP Mean value estimated in 10.3762 milliseconds
[gmrf_wind_mapping_node-2] --> MAP did not converge after 1 iterations.
[gmrf_wind_mapping_node-2] [GMRF] MAP Mean value estimated in 10.3724 milliseconds
[gmrf_wind_mapping_node-2] --> MAP did not converge after 1 iterations.
[gmrf_wind_mapping_node-2] [GMRF] MAP Mean value estimated in 10.3687 milliseconds
[gsl_actionserver_node-3] [INFO] [1788875888.944010486] [GSL]: 10 gas measurements, 10 wind measurements over 1.99 seconds
[gsl_actionserver_node-3] [INFO] [1788875888.944064482] [GSL]: avg_gas=1.4;  avg_windSpeed=0.057;  avg_wind_dir=-0.16
[gsl_actionserver_node-3] [INFO] [1788875888.944536534] [GSL]: [33mGAS HIT[0m
[gsl_actionserver_node-3] [INFO] [1788875888.944546104] [GSL]: [DEBUG-WIND] useGroundTruth=false gmrf_req_size=626 gaden_req_size=-1
[gsl_actionserver_node-3] [INFO] [1788875888.944552681] [GSL]: [DEBUG-WIND] Taking GMRF path
[gmrf_wind_mapping_node-2] --> MAP did not converge after 1 iterations.
[gmrf_wind_mapping_node-2] [GMRF] MAP Mean value estimated in 10.3658 milliseconds
[gsl_actionserver_node-3] [INFO] [1788875888.959011973] [GSL]: Max mutual info: 4.921
[gsl_actionserver_node-3] [INFO] [1788875888.959157937] [GSL]: MutualInformation - Ellapsed: 0.012s
[vgr_sim_node-1] [WARN] [1788875888.964886525] [vgr_uav_sim]: PLAN_CB: called with goal=(6.20,0.39)
[vgr_sim_node-1] [WARN] [1788875888.968457805] [vgr_uav_sim]: PLAN_CB: returning 4 poses
[vgr_sim_node-1] [WARN] [1788875888.979863641] [vgr_uav_sim]: PLAN_CB: called with goal=(6.20,0.39)
[vgr_sim_node-1] [WARN] [1788875888.980716793] [vgr_uav_sim]: PLAN_CB: returning 4 poses
[gsl_actionserver_node-3] [INFO] [1788875888.990359486] [GSL]: Sending goal (6.20, 0.39)
[gsl_actionserver_node-3] [INFO] [1788875888.990871449] [GSL]: Variance: 2.60
[gsl_actionserver_node-3] [INFO] [1788875888.990887316] [GSL - Trace]: [32mEntering Moving[0m
[vgr_sim_node-1] [INFO] [1788875888.992045584] [vgr_uav_sim]: Prepared 4 collision-free navigation waypoints to (6.20, 0.39)
[vgr_sim_node-1] [INFO] [1788875888.993085544] [vgr_uav_sim]: UAV navigating in audited 2-D mode to (6.20, 0.39, 0.30)
[gmrf_wind_mapping_node-2] --> MAP did not converge after 1 iterations.
[gmrf_wind_mapping_node-2] [GMRF] MAP Mean value estimated in 10.3621 milliseconds
[gmrf_wind_mapping_node-2] --> MAP did not converge after 1 iterations.
[gmrf_wind_mapping_node-2] [GMRF] MAP Mean value estimated in 10.3592 milliseconds
[gmrf_wind_mapping_node-2] --> MAP did not converge after 1 iterations.
[gmrf_wind_mapping_node-2] [GMRF] MAP Mean value estimated in 10.3572 milliseconds
[gmrf_wind_mapping_node-2] --> MAP did not converge after 1 iterations.
[gmrf_wind_mapping_node-2] [GMRF] MAP Mean value estimated in 10.3543 milliseconds
[gmrf_wind_mapping_node-2] --> MAP did not converge after 1 iterations.
[gmrf_wind_mapping_node-2] [GMRF] MAP Mean value estimated in 10.3523 milliseconds
[gmrf_wind_mapping_node-2] --> MAP did not converge after 1 iterations.
[gmrf_wind_mapping_node-2] [GMRF] MAP Mean value estimated in 10.3495 milliseconds
[gsl_actionserver_node-3] [INFO] [1788875889.594163600] [GSL - Trace]: [32mEntering StopAndMeasure[0m
[gmrf_wind_mapping_node-2] --> MAP did not converge after 1 iterations.
[gmrf_wind_mapping_node-2] [GMRF] MAP Mean value estimated in 10.3466 milliseconds
[gmrf_wind_mapping_node-2] --> MAP did not converge after 1 iterations.
[gmrf_wind_mapping_node-2] [GMRF] MAP Mean value estimated in 10.3463 milliseconds
[gmrf_wind_mapping_node-2] --> MAP did not converge after 1 iterations.
[gmrf_wind_mapping_node-2] [GMRF] MAP Mean value estimated in 10.3444 milliseconds
[gmrf_wind_mapping_node-2] --> MAP did not converge after 1 iterations.
[gmrf_wind_mapping_node-2] [GMRF] MAP Mean value estimated in 10.3407 milliseconds
[gmrf_wind_mapping_node-2] --> MAP did not converge after 1 iterations.
[gmrf_wind_mapping_node-2] [GMRF] MAP Mean value estimated in 10.337 milliseconds
[gmrf_wind_mapping_node-2] --> MAP did not converge after 1 iterations.
[gmrf_wind_mapping_node-2] [GMRF] MAP Mean value estimated in 10.3342 milliseconds
[gmrf_wind_mapping_node-2] --> MAP did not converge after 1 iterations.
[gmrf_wind_mapping_node-2] [GMRF] MAP Mean value estimated in 10.3305 milliseconds
[gmrf_wind_mapping_node-2] --> MAP did not converge after 1 iterations.
[gmrf_wind_mapping_node-2] [GMRF] MAP Mean value estimated in 10.3285 milliseconds
[gmrf_wind_mapping_node-2] --> MAP did not converge after 1 iterations.
[gmrf_wind_mapping_node-2] [GMRF] MAP Mean value estimated in 10.3257 milliseconds
[gmrf_wind_mapping_node-2] --> MAP did not converge after 1 iterations.
[gmrf_wind_mapping_node-2] [GMRF] MAP Mean value estimated in 10.3229 milliseconds
[gmrf_wind_mapping_node-2] --> MAP did not converge after 1 iterations.
[gmrf_wind_mapping_node-2] [GMRF] MAP Mean value estimated in 10.3201 milliseconds
[gmrf_wind_mapping_node-2] --> MAP did not converge after 1 iterations.
[gmrf_wind_mapping_node-2] [GMRF] MAP Mean value estimated in 10.3165 milliseconds
[gmrf_wind_mapping_node-2] --> MAP did not converge after 1 iterations.
[gmrf_wind_mapping_node-2] [GMRF] MAP Mean value estimated in 10.3129 milliseconds
[gmrf_wind_mapping_node-2] --> MAP did not converge after 1 iterations.
[gmrf_wind_mapping_node-2] [GMRF] MAP Mean value estimated in 10.3101 milliseconds
[gmrf_wind_mapping_node-2] --> MAP did not converge after 1 iterations.
[gmrf_wind_mapping_node-2] [GMRF] MAP Mean value estimated in 10.3073 milliseconds
[gmrf_wind_mapping_node-2] --> MAP did not converge after 1 iterations.
[gmrf_wind_mapping_node-2] [GMRF] MAP Mean value estimated in 10.3037 milliseconds
[gmrf_wind_mapping_node-2] --> MAP did not converge after 1 iterations.
[gmrf_wind_mapping_node-2] [GMRF] MAP Mean value estimated in 10.3009 milliseconds
[gmrf_wind_mapping_node-2] --> MAP did not converge after 1 iterations.
[gmrf_wind_mapping_node-2] [GMRF] MAP Mean value estimated in 10.2973 milliseconds
[gmrf_wind_mapping_node-2] --> MAP did not converge after 1 iterations.
[gmrf_wind_mapping_node-2] [GMRF] MAP Mean value estimated in 10.2946 milliseconds
[gsl_actionserver_node-3] [INFO] [1788875891.544091583] [GSL]: 10 gas measurements, 10 wind measurements over 1.95 seconds
[gsl_actionserver_node-3] [INFO] [1788875891.544164831] [GSL]: avg_gas=1.7;  avg_windSpeed=0.083;  avg_wind_dir=0.76
[gsl_actionserver_node-3] [INFO] [1788875891.545201698] [GSL]: [33mGAS HIT[0m
[gsl_actionserver_node-3] [INFO] [1788875891.545222122] [GSL]: [DEBUG-WIND] useGroundTruth=false gmrf_req_size=626 gaden_req_size=-1
[gsl_actionserver_node-3] [INFO] [1788875891.545231728] [GSL]: [DEBUG-WIND] Taking GMRF path
[gsl_actionserver_node-3] [INFO] [1788875891.547641630] [GSL - Trace]: [32mEntering StopAndMeasure[0m
[gmrf_wind_mapping_node-2] --> MAP did not converge after 1 iterations.
[gmrf_wind_mapping_node-2] [GMRF] MAP Mean value estimated in 10.2926 milliseconds
[gmrf_wind_mapping_node-2] --> MAP did not converge after 1 iterations.
[gmrf_wind_mapping_node-2] [GMRF] MAP Mean value estimated in 10.2941 milliseconds
[gmrf_wind_mapping_node-2] --> MAP did not converge after 1 iterations.
[gmrf_wind_mapping_node-2] [GMRF] MAP Mean value estimated in 10.2947 milliseconds
[gmrf_wind_mapping_node-2] --> MAP did not converge after 1 iterations.
[gmrf_wind_mapping_node-2] [GMRF] MAP Mean value estimated in 10.2961 milliseconds
[gmrf_wind_mapping_node-2] --> MAP did not converge after 1 iterations.
[gmrf_wind_mapping_node-2] [GMRF] MAP Mean value estimated in 10.2958 milliseconds
[gmrf_wind_mapping_node-2] --> MAP did not converge after 1 iterations.
[gmrf_wind_mapping_node-2] [GMRF] MAP Mean value estimated in 10.2981 milliseconds
[gmrf_wind_mapping_node-2] --> MAP did not converge after 1 iterations.
[gmrf_wind_mapping_node-2] [GMRF] MAP Mean value estimated in 10.3003 milliseconds
[gmrf_wind_mapping_node-2] --> MAP did not converge after 1 iterations.
[gmrf_wind_mapping_node-2] [GMRF] MAP Mean value estimated in 10.2976 milliseconds
[gmrf_wind_mapping_node-2] --> MAP did not converge after 1 iterations.
[gmrf_wind_mapping_node-2] [GMRF] MAP Mean value estimated in 10.2949 milliseconds
[gmrf_wind_mapping_node-2] --> MAP did not converge after 1 iterations.
[gmrf_wind_mapping_node-2] [GMRF] MAP Mean value estimated in 10.2921 milliseconds
[gmrf_wind_mapping_node-2] --> MAP did not converge after 1 iterations.
[gmrf_wind_mapping_node-2] [GMRF] MAP Mean value estimated in 10.2894 milliseconds
[gmrf_wind_mapping_node-2] --> MAP did not converge after 1 iterations.
[gmrf_wind_mapping_node-2] [GMRF] MAP Mean value estimated in 10.2858 milliseconds
[gmrf_wind_mapping_node-2] --> MAP did not converge after 1 iterations.
[gmrf_wind_mapping_node-2] [GMRF] MAP Mean value estimated in 10.2831 milliseconds
[gmrf_wind_mapping_node-2] --> MAP did not converge after 1 iterations.
[gmrf_wind_mapping_node-2] [GMRF] MAP Mean value estimated in 10.2796 milliseconds
[gmrf_wind_mapping_node-2] --> MAP did not converge after 1 iterations.
[gmrf_wind_mapping_node-2] [GMRF] MAP Mean value estimated in 10.2826 milliseconds
[gmrf_wind_mapping_node-2] --> MAP did not converge after 1 iterations.
[gmrf_wind_mapping_node-2] [GMRF] MAP Mean value estimated in 10.2857 milliseconds
[gmrf_wind_mapping_node-2] --> MAP did not converge after 1 iterations.
[gmrf_wind_mapping_node-2] [GMRF] MAP Mean value estimated in 10.283 milliseconds
[gmrf_wind_mapping_node-2] --> MAP did not converge after 1 iterations.
[gmrf_wind_mapping_node-2] [GMRF] MAP Mean value estimated in 10.2819 milliseconds
[gmrf_wind_mapping_node-2] --> MAP did not converge after 1 iterations.
[gmrf_wind_mapping_node-2] [GMRF] MAP Mean value estimated in 10.285 milliseconds
[gmrf_wind_mapping_node-2] --> MAP did not converge after 1 iterations.
[gmrf_wind_mapping_node-2] [GMRF] MAP Mean value estimated in 10.2856 milliseconds
[gsl_actionserver_node-3] [INFO] [1788875893.544081078] [GSL]: 10 gas measurements, 10 wind measurements over 2.00 seconds
[gsl_actionserver_node-3] [INFO] [1788875893.544176254] [GSL]: avg_gas=1.6;  avg_windSpeed=0.085;  avg_wind_dir=0.79
[gsl_actionserver_node-3] [INFO] [1788875893.545159501] [GSL]: [33mGAS HIT[0m
[gsl_actionserver_node-3] [INFO] [1788875893.545177381] [GSL]: [DEBUG-WIND] useGroundTruth=false gmrf_req_size=626 gaden_req_size=-1
[gsl_actionserver_node-3] [INFO] [1788875893.545190013] [GSL]: [DEBUG-WIND] Taking GMRF path
[gsl_actionserver_node-3] [INFO] [1788875893.547832207] [GSL - Trace]: [32mEntering StopAndMeasure[0m
[gmrf_wind_mapping_node-2] --> MAP did not converge after 1 iterations.
[gmrf_wind_mapping_node-2] [GMRF] MAP Mean value estimated in 10.287 milliseconds
[gmrf_wind_mapping_node-2] --> MAP did not converge after 1 iterations.
[gmrf_wind_mapping_node-2] [GMRF] MAP Mean value estimated in 10.2917 milliseconds
[gmrf_wind_mapping_node-2] --> MAP did not converge after 1 iterations.
[gmrf_wind_mapping_node-2] [GMRF] MAP Mean value estimated in 10.2931 milliseconds
[gmrf_wind_mapping_node-2] --> MAP did not converge after 1 iterations.
[gmrf_wind_mapping_node-2] [GMRF] MAP Mean value estimated in 10.2929 milliseconds
[gmrf_wind_mapping_node-2] --> MAP did not converge after 1 iterations.
[gmrf_wind_mapping_node-2] [GMRF] MAP Mean value estimated in 10.2951 milliseconds
[gmrf_wind_mapping_node-2] --> MAP did not converge after 1 iterations.
[gmrf_wind_mapping_node-2] [GMRF] MAP Mean value estimated in 10.2981 milliseconds
[gmrf_wind_mapping_node-2] --> MAP did not converge after 1 iterations.
[gmrf_wind_mapping_node-2] [GMRF] MAP Mean value estimated in 10.3003 milliseconds
[gmrf_wind_mapping_node-2] --> MAP did not converge after 1 iterations.
[gmrf_wind_mapping_node-2] [GMRF] MAP Mean value estimated in 10.3025 milliseconds
[gmrf_wind_mapping_node-2] --> MAP did not converge after 1 iterations.
[gmrf_wind_mapping_node-2] [GMRF] MAP Mean value estimated in 10.299 milliseconds
[gmrf_wind_mapping_node-2] --> MAP did not converge after 1 iterations.
[gmrf_wind_mapping_node-2] [GMRF] MAP Mean value estimated in 10.2963 milliseconds
[gmrf_wind_mapping_node-2] --> MAP did not converge after 1 iterations.
[gmrf_wind_mapping_node-2] [GMRF] MAP Mean value estimated in 10.2936 milliseconds
[gmrf_wind_mapping_node-2] --> MAP did not converge after 1 iterations.
[gmrf_wind_mapping_node-2] [GMRF] MAP Mean value estimated in 10.291 milliseconds
[gmrf_wind_mapping_node-2] --> MAP did not converge after 1 iterations.
[gmrf_wind_mapping_node-2] [GMRF] MAP Mean value estimated in 10.2891 milliseconds
[gmrf_wind_mapping_node-2] --> MAP did not converge after 1 iterations.
[gmrf_wind_mapping_node-2] [GMRF] MAP Mean value estimated in 10.2897 milliseconds
[gmrf_wind_mapping_node-2] --> MAP did not converge after 1 iterations.
[gmrf_wind_mapping_node-2] [GMRF] MAP Mean value estimated in 10.2927 milliseconds
[gmrf_wind_mapping_node-2] --> MAP did not converge after 1 iterations.
[gmrf_wind_mapping_node-2] [GMRF] MAP Mean value estimated in 10.2957 milliseconds
[gmrf_wind_mapping_node-2] --> MAP did not converge after 1 iterations.
[gmrf_wind_mapping_node-2] [GMRF] MAP Mean value estimated in 10.2979 milliseconds
[gmrf_wind_mapping_node-2] --> MAP did not converge after 1 iterations.
[gmrf_wind_mapping_node-2] [GMRF] MAP Mean value estimated in 10.2993 milliseconds
[gmrf_wind_mapping_node-2] --> MAP did not converge after 1 iterations.
[gmrf_wind_mapping_node-2] [GMRF] MAP Mean value estimated in 10.2958 milliseconds
[gmrf_wind_mapping_node-2] --> MAP did not converge after 1 iterations.
[gmrf_wind_mapping_node-2] [GMRF] MAP Mean value estimated in 10.2972 milliseconds
[gsl_actionserver_node-3] [INFO] [1788875895.543958593] [GSL]: 10 gas measurements, 10 wind measurements over 2.00 seconds
[gsl_actionserver_node-3] [INFO] [1788875895.544011650] [GSL]: avg_gas=1.5;  avg_windSpeed=0.083;  avg_wind_dir=0.76
[gsl_actionserver_node-3] [INFO] [1788875895.544861297] [GSL]: [33mGAS HIT[0m
[gsl_actionserver_node-3] [INFO] [1788875895.544909291] [GSL]: [DEBUG-WIND] useGroundTruth=false gmrf_req_size=626 gaden_req_size=-1
[gsl_actionserver_node-3] [INFO] [1788875895.544916927] [GSL]: [DEBUG-WIND] Taking GMRF path
[gsl_actionserver_node-3] [INFO] [1788875895.547534613] [GSL - Trace]: [32mEntering StopAndMeasure[0m
[gmrf_wind_mapping_node-2] --> MAP did not converge after 1 iterations.
[gmrf_wind_mapping_node-2] [GMRF] MAP Mean value estimated in 10.2937 milliseconds
[gmrf_wind_mapping_node-2] --> MAP did not converge after 1 iterations.
[gmrf_wind_mapping_node-2] [GMRF] MAP Mean value estimated in 10.2951 milliseconds
[gmrf_wind_mapping_node-2] --> MAP did not converge after 1 iterations.
[gmrf_wind_mapping_node-2] [GMRF] MAP Mean value estimated in 10.2932 milliseconds
[gmrf_wind_mapping_node-2] --> MAP did not converge after 1 iterations.
[gmrf_wind_mapping_node-2] [GMRF] MAP Mean value estimated in 10.2906 milliseconds
[gmrf_wind_mapping_node-2] --> MAP did not converge after 1 iterations.
[gmrf_wind_mapping_node-2] [GMRF] MAP Mean value estimated in 10.2887 milliseconds
[gmrf_wind_mapping_node-2] --> MAP did not converge after 1 iterations.
[gmrf_wind_mapping_node-2] [GMRF] MAP Mean value estimated in 10.2869 milliseconds
[gmrf_wind_mapping_node-2] --> MAP did not converge after 1 iterations.
[gmrf_wind_mapping_node-2] [GMRF] MAP Mean value estimated in 10.2882 milliseconds
[gmrf_wind_mapping_node-2] --> MAP did not converge after 1 iterations.
[gmrf_wind_mapping_node-2] [GMRF] MAP Mean value estimated in 10.2912 milliseconds
[gmrf_wind_mapping_node-2] --> MAP did not converge after 1 iterations.
[gmrf_wind_mapping_node-2] [GMRF] MAP Mean value estimated in 10.2934 milliseconds
[gmrf_wind_mapping_node-2] --> MAP did not converge after 1 iterations.
[gmrf_wind_mapping_node-2] [GMRF] MAP Mean value estimated in 10.2932 milliseconds
[gmrf_wind_mapping_node-2] --> MAP did not converge after 1 iterations.
[gmrf_wind_mapping_node-2] [GMRF] MAP Mean value estimated in 10.2945 milliseconds
[gmrf_wind_mapping_node-2] --> MAP did not converge after 1 iterations.
[gmrf_wind_mapping_node-2] [GMRF] MAP Mean value estimated in 10.2967 milliseconds
[gmrf_wind_mapping_node-2] --> MAP did not converge after 1 iterations.
[gmrf_wind_mapping_node-2] [GMRF] MAP Mean value estimated in 10.2941 milliseconds
[gmrf_wind_mapping_node-2] --> MAP did not converge after 1 iterations.
[gmrf_wind_mapping_node-2] [GMRF] MAP Mean value estimated in 10.2914 milliseconds
[gmrf_wind_mapping_node-2] --> MAP did not converge after 1 iterations.
[gmrf_wind_mapping_node-2] [GMRF] MAP Mean value estimated in 10.2936 milliseconds
[gmrf_wind_mapping_node-2] --> MAP did not converge after 1 iterations.
[gmrf_wind_mapping_node-2] [GMRF] MAP Mean value estimated in 10.2958 milliseconds
[gmrf_wind_mapping_node-2] --> MAP did not converge after 1 iterations.
[gmrf_wind_mapping_node-2] [GMRF] MAP Mean value estimated in 10.2955 milliseconds
[gmrf_wind_mapping_node-2] --> MAP did not converge after 1 iterations.
[gmrf_wind_mapping_node-2] [GMRF] MAP Mean value estimated in 10.2985 milliseconds
[gmrf_wind_mapping_node-2] --> MAP did not converge after 1 iterations.
[gmrf_wind_mapping_node-2] [GMRF] MAP Mean value estimated in 10.2998 milliseconds
[gmrf_wind_mapping_node-2] --> MAP did not converge after 1 iterations.
[gmrf_wind_mapping_node-2] [GMRF] MAP Mean value estimated in 10.2996 milliseconds
[gsl_actionserver_node-3] [INFO] [1788875897.544092376] [GSL]: 10 gas measurements, 10 wind measurements over 2.00 seconds
[gsl_actionserver_node-3] [INFO] [1788875897.544173486] [GSL]: avg_gas=1.6;  avg_windSpeed=0.085;  avg_wind_dir=0.79
[gsl_actionserver_node-3] [INFO] [1788875897.544991165] [GSL]: [33mGAS HIT[0m
[gsl_actionserver_node-3] [INFO] [1788875897.545006825] [GSL]: [DEBUG-WIND] useGroundTruth=false gmrf_req_size=626 gaden_req_size=-1
[gsl_actionserver_node-3] [INFO] [1788875897.545017691] [GSL]: [DEBUG-WIND] Taking GMRF path
[gsl_actionserver_node-3] [INFO] [1788875897.547671918] [GSL - Trace]: [32mEntering StopAndMeasure[0m
[gmrf_wind_mapping_node-2] --> MAP did not converge after 1 iterations.
[gmrf_wind_mapping_node-2] [GMRF] MAP Mean value estimated in 10.3002 milliseconds
[gmrf_wind_mapping_node-2] --> MAP did not converge after 1 iterations.
[gmrf_wind_mapping_node-2] [GMRF] MAP Mean value estimated in 10.3015 milliseconds
[gmrf_wind_mapping_node-2] --> MAP did not converge after 1 iterations.
[gmrf_wind_mapping_node-2] [GMRF] MAP Mean value estimated in 10.3052 milliseconds
[gmrf_wind_mapping_node-2] --> MAP did not converge after 1 iterations.
[gmrf_wind_mapping_node-2] [GMRF] MAP Mean value estimated in 10.3074 milliseconds
[gmrf_wind_mapping_node-2] --> MAP did not converge after 1 iterations.
[gmrf_wind_mapping_node-2] [GMRF] MAP Mean value estimated in 10.3103 milliseconds
[gmrf_wind_mapping_node-2] --> MAP did not converge after 1 iterations.
[gmrf_wind_mapping_node-2] [GMRF] MAP Mean value estimated in 10.3132 milliseconds
[gmrf_wind_mapping_node-2] --> MAP did not converge after 1 iterations.
[gmrf_wind_mapping_node-2] [GMRF] MAP Mean value estimated in 10.3114 milliseconds
[gmrf_wind_mapping_node-2] --> MAP did not converge after 1 iterations.
[gmrf_wind_mapping_node-2] [GMRF] MAP Mean value estimated in 10.3151 milliseconds
[gmrf_wind_mapping_node-2] --> MAP did not converge after 1 iterations.
[gmrf_wind_mapping_node-2] [GMRF] MAP Mean value estimated in 10.318 milliseconds
[gmrf_wind_mapping_node-2] --> MAP did not converge after 1 iterations.
[gmrf_wind_mapping_node-2] [GMRF] MAP Mean value estimated in 10.3202 milliseconds
[gmrf_wind_mapping_node-2] --> MAP did not converge after 1 iterations.
[gmrf_wind_mapping_node-2] [GMRF] MAP Mean value estimated in 10.3175 milliseconds
[gmrf_wind_mapping_node-2] --> MAP did not converge after 1 iterations.
[gmrf_wind_mapping_node-2] [GMRF] MAP Mean value estimated in 10.3189 milliseconds
[gmrf_wind_mapping_node-2] --> MAP did not converge after 1 iterations.
[gmrf_wind_mapping_node-2] [GMRF] MAP Mean value estimated in 10.3194 milliseconds
[gmrf_wind_mapping_node-2] --> MAP did not converge after 1 iterations.
[gmrf_wind_mapping_node-2] [GMRF] MAP Mean value estimated in 10.3207 milliseconds
[gmrf_wind_mapping_node-2] --> MAP did not converge after 1 iterations.
[gmrf_wind_mapping_node-2] [GMRF] MAP Mean value estimated in 10.3189 milliseconds
[gmrf_wind_mapping_node-2] --> MAP did not converge after 1 iterations.
[gmrf_wind_mapping_node-2] [GMRF] MAP Mean value estimated in 10.321 milliseconds
[gmrf_wind_mapping_node-2] --> MAP did not converge after 1 iterations.
[gmrf_wind_mapping_node-2] [GMRF] MAP Mean value estimated in 10.3215 milliseconds
[gmrf_wind_mapping_node-2] --> MAP did not converge after 1 iterations.
[gmrf_wind_mapping_node-2] [GMRF] MAP Mean value estimated in 10.3197 milliseconds
[gmrf_wind_mapping_node-2] --> MAP did not converge after 1 iterations.
[gmrf_wind_mapping_node-2] [GMRF] MAP Mean value estimated in 10.3218 milliseconds
[gmrf_wind_mapping_node-2] --> MAP did not converge after 1 iterations.
[gmrf_wind_mapping_node-2] [GMRF] MAP Mean value estimated in 10.3192 milliseconds
[gsl_actionserver_node-3] [INFO] [1788875899.544058066] [GSL]: 10 gas measurements, 10 wind measurements over 2.00 seconds
[gsl_actionserver_node-3] [INFO] [1788875899.544112150] [GSL]: avg_gas=1.7;  avg_windSpeed=0.083;  avg_wind_dir=0.76
[gsl_actionserver_node-3] [INFO] [1788875899.544620548] [GSL]: [33mGAS HIT[0m
[gsl_actionserver_node-3] [INFO] [1788875899.544964073] [GSL]: [DEBUG-WIND] useGroundTruth=false gmrf_req_size=626 gaden_req_size=-1
[gsl_actionserver_node-3] [INFO] [1788875899.544976601] [GSL]: [DEBUG-WIND] Taking GMRF path
[gsl_actionserver_node-3] [INFO] [1788875899.547504691] [GSL - Trace]: [32mEntering StopAndMeasure[0m
[gmrf_wind_mapping_node-2] --> MAP did not converge after 1 iterations.
[gmrf_wind_mapping_node-2] [GMRF] MAP Mean value estimated in 10.3166 milliseconds
[gmrf_wind_mapping_node-2] --> MAP did not converge after 1 iterations.
[gmrf_wind_mapping_node-2] [GMRF] MAP Mean value estimated in 10.3203 milliseconds
[gmrf_wind_mapping_node-2] --> MAP did not converge after 1 iterations.
[gmrf_wind_mapping_node-2] [GMRF] MAP Mean value estimated in 10.3177 milliseconds
[gmrf_wind_mapping_node-2] --> MAP did not converge after 1 iterations.
[gmrf_wind_mapping_node-2] [GMRF] MAP Mean value estimated in 10.3198 milliseconds
[gmrf_wind_mapping_node-2] --> MAP did not converge after 1 iterations.
[gmrf_wind_mapping_node-2] [GMRF] MAP Mean value estimated in 10.3172 milliseconds
[gmrf_wind_mapping_node-2] --> MAP did not converge after 1 iterations.
[gmrf_wind_mapping_node-2] [GMRF] MAP Mean value estimated in 10.3201 milliseconds
[gmrf_wind_mapping_node-2] --> MAP did not converge after 1 iterations.
[gmrf_wind_mapping_node-2] [GMRF] MAP Mean value estimated in 10.3222 milliseconds
[gmrf_wind_mapping_node-2] --> MAP did not converge after 1 iterations.
[gmrf_wind_mapping_node-2] [GMRF] MAP Mean value estimated in 10.325 milliseconds
[gmrf_wind_mapping_node-2] --> MAP did not converge after 1 iterations.
[gmrf_wind_mapping_node-2] [GMRF] MAP Mean value estimated in 10.3271 milliseconds
[gmrf_wind_mapping_node-2] --> MAP did not converge after 1 iterations.
[gmrf_wind_mapping_node-2] [GMRF] MAP Mean value estimated in 10.3268 milliseconds
[gmrf_wind_mapping_node-2] --> MAP did not converge after 1 iterations.
[gmrf_wind_mapping_node-2] [GMRF] MAP Mean value estimated in 10.3297 milliseconds
[gmrf_wind_mapping_node-2] --> MAP did not converge after 1 iterations.
[gmrf_wind_mapping_node-2] [GMRF] MAP Mean value estimated in 10.3326 milliseconds
[gmrf_wind_mapping_node-2] --> MAP did not converge after 1 iterations.
[gmrf_wind_mapping_node-2] [GMRF] MAP Mean value estimated in 10.3346 milliseconds
[gmrf_wind_mapping_node-2] --> MAP did not converge after 1 iterations.
[gmrf_wind_mapping_node-2] [GMRF] MAP Mean value estimated in 10.3351 milliseconds
[gmrf_wind_mapping_node-2] --> MAP did not converge after 1 iterations.
[gmrf_wind_mapping_node-2] [GMRF] MAP Mean value estimated in 10.3372 milliseconds
[gmrf_wind_mapping_node-2] --> MAP did not converge after 1 iterations.
[gmrf_wind_mapping_node-2] [GMRF] MAP Mean value estimated in 10.3408 milliseconds
[gmrf_wind_mapping_node-2] --> MAP did not converge after 1 iterations.
[gmrf_wind_mapping_node-2] [GMRF] MAP Mean value estimated in 10.3382 milliseconds
[gmrf_wind_mapping_node-2] --> MAP did not converge after 1 iterations.
[gmrf_wind_mapping_node-2] [GMRF] MAP Mean value estimated in 10.3411 milliseconds
[gmrf_wind_mapping_node-2] --> MAP did not converge after 1 iterations.
[gmrf_wind_mapping_node-2] [GMRF] MAP Mean value estimated in 10.3439 milliseconds
[gmrf_wind_mapping_node-2] --> MAP did not converge after 1 iterations.
[gmrf_wind_mapping_node-2] [GMRF] MAP Mean value estimated in 10.3452 milliseconds
[gsl_actionserver_node-3] [INFO] [1788875901.544073893] [GSL]: 10 gas measurements, 10 wind measurements over 2.00 seconds
[gsl_actionserver_node-3] [INFO] [1788875901.544155130] [GSL]: avg_gas=1.6;  avg_windSpeed=0.085;  avg_wind_dir=0.79
[gsl_actionserver_node-3] [INFO] [1788875901.545016655] [GSL]: [33mGAS HIT[0m
[gsl_actionserver_node-3] [INFO] [1788875901.545033247] [GSL]: [DEBUG-WIND] useGroundTruth=false gmrf_req_size=626 gaden_req_size=-1
[gsl_actionserver_node-3] [INFO] [1788875901.545043959] [GSL]: [DEBUG-WIND] Taking GMRF path
[gsl_actionserver_node-3] [INFO] [1788875901.547819574] [GSL - Trace]: [32mEntering StopAndMeasure[0m
[gmrf_wind_mapping_node-2] --> MAP did not converge after 1 iterations.
[gmrf_wind_mapping_node-2] [GMRF] MAP Mean value estimated in 10.3449 milliseconds
[gmrf_wind_mapping_node-2] --> MAP did not converge after 1 iterations.
[gmrf_wind_mapping_node-2] [GMRF] MAP Mean value estimated in 10.35 milliseconds
[gmrf_wind_mapping_node-2] --> MAP did not converge after 1 iterations.
[gmrf_wind_mapping_node-2] [GMRF] MAP Mean value estimated in 10.3536 milliseconds
[gmrf_wind_mapping_node-2] --> MAP did not converge after 1 iterations.
[gmrf_wind_mapping_node-2] [GMRF] MAP Mean value estimated in 10.3557 milliseconds
[gmrf_wind_mapping_node-2] --> MAP did not converge after 1 iterations.
[gmrf_wind_mapping_node-2] [GMRF] MAP Mean value estimated in 10.3585 milliseconds
[gmrf_wind_mapping_node-2] --> MAP did not converge after 1 iterations.
[gmrf_wind_mapping_node-2] [GMRF] MAP Mean value estimated in 10.3613 milliseconds
[gmrf_wind_mapping_node-2] --> MAP did not converge after 1 iterations.
[gmrf_wind_mapping_node-2] [GMRF] MAP Mean value estimated in 10.361 milliseconds
[gmrf_wind_mapping_node-2] --> MAP did not converge after 1 iterations.
[gmrf_wind_mapping_node-2] [GMRF] MAP Mean value estimated in 10.3645 milliseconds
[gmrf_wind_mapping_node-2] --> MAP did not converge after 1 iterations.
[gmrf_wind_mapping_node-2] [GMRF] MAP Mean value estimated in 10.3673 milliseconds
[gmrf_wind_mapping_node-2] --> MAP did not converge after 1 iterations.
[gmrf_wind_mapping_node-2] [GMRF] MAP Mean value estimated in 10.3686 milliseconds
[gmrf_wind_mapping_node-2] --> MAP did not converge after 1 iterations.
[gmrf_wind_mapping_node-2] [GMRF] MAP Mean value estimated in 10.366 milliseconds
[gmrf_wind_mapping_node-2] --> MAP did not converge after 1 iterations.
[gmrf_wind_mapping_node-2] [GMRF] MAP Mean value estimated in 10.3627 milliseconds
[gmrf_wind_mapping_node-2] --> MAP did not converge after 1 iterations.
[gmrf_wind_mapping_node-2] [GMRF] MAP Mean value estimated in 10.3631 milliseconds
[gmrf_wind_mapping_node-2] --> MAP did not converge after 1 iterations.
[gmrf_wind_mapping_node-2] [GMRF] MAP Mean value estimated in 10.3606 milliseconds
[gmrf_wind_mapping_node-2] --> MAP did not converge after 1 iterations.
[gmrf_wind_mapping_node-2] [GMRF] MAP Mean value estimated in 10.3634 milliseconds
[gmrf_wind_mapping_node-2] --> MAP did not converge after 1 iterations.
[gmrf_wind_mapping_node-2] [GMRF] MAP Mean value estimated in 10.3654 milliseconds
[gmrf_wind_mapping_node-2] --> MAP did not converge after 1 iterations.
[gmrf_wind_mapping_node-2] [GMRF] MAP Mean value estimated in 10.3681 milliseconds
[gmrf_wind_mapping_node-2] --> MAP did not converge after 1 iterations.
[gmrf_wind_mapping_node-2] [GMRF] MAP Mean value estimated in 10.3679 milliseconds
[gmrf_wind_mapping_node-2] --> MAP did not converge after 1 iterations.
[gmrf_wind_mapping_node-2] [GMRF] MAP Mean value estimated in 10.3691 milliseconds
[gmrf_wind_mapping_node-2] --> MAP did not converge after 1 iterations.
[gmrf_wind_mapping_node-2] [GMRF] MAP Mean value estimated in 10.3719 milliseconds
[gsl_actionserver_node-3] [INFO] [1788875903.544219751] [GSL]: 10 gas measurements, 10 wind measurements over 2.00 seconds
[gsl_actionserver_node-3] [INFO] [1788875903.544309693] [GSL]: avg_gas=1.6;  avg_windSpeed=0.083;  avg_wind_dir=0.76
[gsl_actionserver_node-3] [INFO] [1788875903.545238693] [GSL]: [33mGAS HIT[0m
[gsl_actionserver_node-3] [INFO] [1788875903.545254822] [GSL]: [DEBUG-WIND] useGroundTruth=false gmrf_req_size=626 gaden_req_size=-1
[gsl_actionserver_node-3] [INFO] [1788875903.545551003] [GSL]: [DEBUG-WIND] Taking GMRF path
[gsl_actionserver_node-3] [INFO] [1788875903.547903412] [GSL - Trace]: [32mEntering StopAndMeasure[0m
[gmrf_wind_mapping_node-2] --> MAP did not converge after 1 iterations.
[gmrf_wind_mapping_node-2] [GMRF] MAP Mean value estimated in 10.3723 milliseconds
[gmrf_wind_mapping_node-2] --> MAP did not converge after 1 iterations.
[gmrf_wind_mapping_node-2] [GMRF] MAP Mean value estimated in 10.3766 milliseconds
[gmrf_wind_mapping_node-2] --> MAP did not converge after 1 iterations.
[gmrf_wind_mapping_node-2] [GMRF] MAP Mean value estimated in 10.3794 milliseconds
[gmrf_wind_mapping_node-2] --> MAP did not converge after 1 iterations.
[gmrf_wind_mapping_node-2] [GMRF] MAP Mean value estimated in 10.3829 milliseconds
[gmrf_wind_mapping_node-2] --> MAP did not converge after 1 iterations.
[gmrf_wind_mapping_node-2] [GMRF] MAP Mean value estimated in 10.3848 milliseconds
[gmrf_wind_mapping_node-2] --> MAP did not converge after 1 iterations.
[gmrf_wind_mapping_node-2] [GMRF] MAP Mean value estimated in 10.3868 milliseconds
[gmrf_wind_mapping_node-2] --> MAP did not converge after 1 iterations.
[gmrf_wind_mapping_node-2] [GMRF] MAP Mean value estimated in 10.3888 milliseconds
[gmrf_wind_mapping_node-2] --> MAP did not converge after 1 iterations.
[gmrf_wind_mapping_node-2] [GMRF] MAP Mean value estimated in 10.3923 milliseconds
[gmrf_wind_mapping_node-2] --> MAP did not converge after 1 iterations.
[gmrf_wind_mapping_node-2] [GMRF] MAP Mean value estimated in 10.395 milliseconds
[gmrf_wind_mapping_node-2] --> MAP did not converge after 1 iterations.
[gmrf_wind_mapping_node-2] [GMRF] MAP Mean value estimated in 10.3955 milliseconds
[gmrf_wind_mapping_node-2] --> MAP did not converge after 1 iterations.
[gmrf_wind_mapping_node-2] [GMRF] MAP Mean value estimated in 10.3974 milliseconds
[gmrf_wind_mapping_node-2] --> MAP did not converge after 1 iterations.
[gmrf_wind_mapping_node-2] [GMRF] MAP Mean value estimated in 10.4009 milliseconds
[gmrf_wind_mapping_node-2] --> MAP did not converge after 1 iterations.
[gmrf_wind_mapping_node-2] [GMRF] MAP Mean value estimated in 10.3976 milliseconds
[gmrf_wind_mapping_node-2] --> MAP did not converge after 1 iterations.
[gmrf_wind_mapping_node-2] [GMRF] MAP Mean value estimated in 10.3973 milliseconds
[gmrf_wind_mapping_node-2] --> MAP did not converge after 1 iterations.
[gmrf_wind_mapping_node-2] [GMRF] MAP Mean value estimated in 10.3962 milliseconds
[gmrf_wind_mapping_node-2] --> MAP did not converge after 1 iterations.
[gmrf_wind_mapping_node-2] [GMRF] MAP Mean value estimated in 10.3974 milliseconds
[gmrf_wind_mapping_node-2] --> MAP did not converge after 1 iterations.
[gmrf_wind_mapping_node-2] [GMRF] MAP Mean value estimated in 10.3994 milliseconds
[gmrf_wind_mapping_node-2] --> MAP did not converge after 1 iterations.
[gmrf_wind_mapping_node-2] [GMRF] MAP Mean value estimated in 10.4021 milliseconds
[gmrf_wind_mapping_node-2] --> MAP did not converge after 1 iterations.
[gmrf_wind_mapping_node-2] [GMRF] MAP Mean value estimated in 10.3996 milliseconds
[gmrf_wind_mapping_node-2] --> MAP did not converge after 1 iterations.
[gmrf_wind_mapping_node-2] [GMRF] MAP Mean value estimated in 10.4007 milliseconds
[gsl_actionserver_node-3] [INFO] [1788875905.544127848] [GSL]: 10 gas measurements, 10 wind measurements over 2.00 seconds
[gsl_actionserver_node-3] [INFO] [1788875905.544212788] [GSL]: avg_gas=1.6;  avg_windSpeed=0.085;  avg_wind_dir=0.79
[gsl_actionserver_node-3] [INFO] [1788875905.545111437] [GSL]: [33mGAS HIT[0m
[gsl_actionserver_node-3] [INFO] [1788875905.545128677] [GSL]: [DEBUG-WIND] useGroundTruth=false gmrf_req_size=626 gaden_req_size=-1
[gsl_actionserver_node-3] [INFO] [1788875905.545140508] [GSL]: [DEBUG-WIND] Taking GMRF path
[gsl_actionserver_node-3] [INFO] [1788875905.547751266] [GSL]: [33mStarted simulations. Might take a while![0m
[gmrf_wind_mapping_node-2] --> MAP did not converge after 1 iterations.
[gmrf_wind_mapping_node-2] [GMRF] MAP Mean value estimated in 10.4042 milliseconds
[gmrf_wind_mapping_node-2] --> MAP did not converge after 1 iterations.
[gmrf_wind_mapping_node-2] [GMRF] MAP Mean value estimated in 10.4061 milliseconds
[gsl_actionserver_node-3] [INFO] [1788875905.687901959] [GSL]: CER contrastive context initialized: events=56, candidates=85, transport_members=1, fixed_ratio_weight=1, context_within_member=true, centered_log_odds=true
[gsl_actionserver_node-3] [INFO] [1788875905.689974957] [GSL - Trace]: [32mFirst simulation level done[0m
[gsl_actionserver_node-3] [INFO] [1788875905.690024525] [GSL]: [RC2-DIAG] scores_size=85 refineFraction=0.25 refine_product=21.25 valid_first_level=85 sum_sourceProbInternal_before_norm=143.04384154900555 min_sourceProbInternal_before_norm=0 max_sourceProbInternal_before_norm=0.9976027579770622 finite_sourceProbInternal=1242 finite_varianceOfHitProb=1242
[gmrf_wind_mapping_node-2] --> MAP did not converge after 1 iterations.
[gmrf_wind_mapping_node-2] [GMRF] MAP Mean value estimated in 10.4118 milliseconds
[gsl_actionserver_node-3] [INFO] [1788875905.814821935] [GSL - Trace]: [32mSimulation level 2 done[0m
[gmrf_wind_mapping_node-2] --> MAP did not converge after 1 iterations.
[gmrf_wind_mapping_node-2] [GMRF] MAP Mean value estimated in 10.4145 milliseconds
[gsl_actionserver_node-3] [INFO] [1788875905.909264848] [GSL - Trace]: [32mSimulation level 3 done[0m
[gmrf_wind_mapping_node-2] --> MAP did not converge after 1 iterations.
[gmrf_wind_mapping_node-2] [GMRF] MAP Mean value estimated in 10.4187 milliseconds
[gsl_actionserver_node-3] [INFO] [1788875905.965389547] [GSL - Trace]: [32mSimulation level 4 done[0m
[gsl_actionserver_node-3] [INFO] [1788875905.965440754] [GSL - Trace]: [32mSimulation level 5 done[0m
[gsl_actionserver_node-3] [INFO] [1788875905.965450392] [GSL]: Number of levels in the simulation: 5
[gsl_actionserver_node-3] [INFO] [1788875905.965457676] [GSL]: Total number of simulations: 247
[gsl_actionserver_node-3] [INFO] [1788875905.965479959] [GSL]: CORE sequential event-time commit: window_start=32, new_events=24, committed_total=56
[gsl_actionserver_node-3] [INFO] [1788875905.965494622] [GSL]: [RC2-DIAG] normalized_finite_count=1242 normalized_sum=1
[gsl_actionserver_node-3] [INFO] [1788875905.965503076] [GSL]: Time ellapsed in simulation = 0.417716089 s
[gsl_actionserver_node-3] [INFO] [1788875905.969854306] [GSL]: Max mutual info: 2.758
[gsl_actionserver_node-3] [INFO] [1788875905.969969923] [GSL]: MutualInformation - Ellapsed: 0.004s
[vgr_sim_node-1] [WARN] [1788875905.974636438] [vgr_uav_sim]: PLAN_CB: called with goal=(8.30,-0.21)
[vgr_sim_node-1] [WARN] [1788875905.979660560] [vgr_uav_sim]: PLAN_CB: returning 9 poses
[vgr_sim_node-1] [WARN] [1788875905.989409985] [vgr_uav_sim]: PLAN_CB: called with goal=(8.30,-0.21)
[vgr_sim_node-1] [WARN] [1788875905.991283253] [vgr_uav_sim]: PLAN_CB: returning 9 poses
[gsl_actionserver_node-3] [INFO] [1788875905.999925967] [GSL]: Sending goal (8.30, -0.21)
[gsl_actionserver_node-3] [INFO] [1788875906.000452540] [GSL]: Variance: 1.95
[gsl_actionserver_node-3] [INFO] [1788875906.000481789] [GSL - Trace]: [32mEntering Moving[0m
[vgr_sim_node-1] [INFO] [1788875906.002059349] [vgr_uav_sim]: Prepared 9 collision-free navigation waypoints to (8.30, -0.21)
[vgr_sim_node-1] [INFO] [1788875906.002999842] [vgr_uav_sim]: UAV navigating in audited 2-D mode to (8.30, -0.21, 0.30)
[gmrf_wind_mapping_node-2] --> MAP did not converge after 1 iterations.
[gmrf_wind_mapping_node-2] [GMRF] MAP Mean value estimated in 10.4198 milliseconds
[gmrf_wind_mapping_node-2] --> MAP did not converge after 1 iterations.
[gmrf_wind_mapping_node-2] [GMRF] MAP Mean value estimated in 10.4173 milliseconds
[gmrf_wind_mapping_node-2] --> MAP did not converge after 1 iterations.
[gmrf_wind_mapping_node-2] [GMRF] MAP Mean value estimated in 10.4147 milliseconds
[gmrf_wind_mapping_node-2] --> MAP did not converge after 1 iterations.
[gmrf_wind_mapping_node-2] [GMRF] MAP Mean value estimated in 10.4115 milliseconds
[gmrf_wind_mapping_node-2] --> MAP did not converge after 1 iterations.
[gmrf_wind_mapping_node-2] [GMRF] MAP Mean value estimated in 10.4089 milliseconds
[gmrf_wind_mapping_node-2] --> MAP did not converge after 1 iterations.
[gmrf_wind_mapping_node-2] [GMRF] MAP Mean value estimated in 10.4056 milliseconds
[gmrf_wind_mapping_node-2] --> MAP did not converge after 1 iterations.
[gmrf_wind_mapping_node-2] [GMRF] MAP Mean value estimated in 10.4031 milliseconds
[gmrf_wind_mapping_node-2] --> MAP did not converge after 1 iterations.
[gmrf_wind_mapping_node-2] [GMRF] MAP Mean value estimated in 10.4006 milliseconds
[gmrf_wind_mapping_node-2] --> MAP did not converge after 1 iterations.
[gmrf_wind_mapping_node-2] [GMRF] MAP Mean value estimated in 10.3973 milliseconds
[gmrf_wind_mapping_node-2] --> MAP did not converge after 1 iterations.
[gmrf_wind_mapping_node-2] [GMRF] MAP Mean value estimated in 10.3941 milliseconds
[gmrf_wind_mapping_node-2] --> MAP did not converge after 1 iterations.
[gmrf_wind_mapping_node-2] [GMRF] MAP Mean value estimated in 10.396 milliseconds
[gmrf_wind_mapping_node-2] --> MAP did not converge after 1 iterations.
[gmrf_wind_mapping_node-2] [GMRF] MAP Mean value estimated in 10.3935 milliseconds
[gmrf_wind_mapping_node-2] --> MAP did not converge after 1 iterations.
[gmrf_wind_mapping_node-2] [GMRF] MAP Mean value estimated in 10.3962 milliseconds
[gmrf_wind_mapping_node-2] --> MAP did not converge after 1 iterations.
[gmrf_wind_mapping_node-2] [GMRF] MAP Mean value estimated in 10.3996 milliseconds
[gmrf_wind_mapping_node-2] --> MAP did not converge after 1 iterations.
[gmrf_wind_mapping_node-2] [GMRF] MAP Mean value estimated in 10.3993 milliseconds
[gmrf_wind_mapping_node-2] --> MAP did not converge after 1 iterations.
[gmrf_wind_mapping_node-2] [GMRF] MAP Mean value estimated in 10.3997 milliseconds
[gsl_actionserver_node-3] [INFO] [1788875907.574131958] [GSL - Trace]: [32mEntering StopAndMeasure[0m
[gmrf_wind_mapping_node-2] --> MAP did not converge after 1 iterations.
[gmrf_wind_mapping_node-2] [GMRF] MAP Mean value estimated in 10.4038 milliseconds
[gmrf_wind_mapping_node-2] --> MAP did not converge after 1 iterations.
[gmrf_wind_mapping_node-2] [GMRF] MAP Mean value estimated in 10.4043 milliseconds
[gmrf_wind_mapping_node-2] --> MAP did not converge after 1 iterations.
[gmrf_wind_mapping_node-2] [GMRF] MAP Mean value estimated in 10.401 milliseconds
[gmrf_wind_mapping_node-2] --> MAP did not converge after 1 iterations.
[gmrf_wind_mapping_node-2] [GMRF] MAP Mean value estimated in 10.4037 milliseconds
[gmrf_wind_mapping_node-2] --> MAP did not converge after 1 iterations.
[gmrf_wind_mapping_node-2] [GMRF] MAP Mean value estimated in 10.4085 milliseconds
[gmrf_wind_mapping_node-2] --> MAP did not converge after 1 iterations.
[gmrf_wind_mapping_node-2] [GMRF] MAP Mean value estimated in 10.406 milliseconds
[gmrf_wind_mapping_node-2] --> MAP did not converge after 1 iterations.
[gmrf_wind_mapping_node-2] [GMRF] MAP Mean value estimated in 10.4035 milliseconds
[gmrf_wind_mapping_node-2] --> MAP did not converge after 1 iterations.
[gmrf_wind_mapping_node-2] [GMRF] MAP Mean value estimated in 10.4069 milliseconds
[gmrf_wind_mapping_node-2] --> MAP did not converge after 1 iterations.
[gmrf_wind_mapping_node-2] [GMRF] MAP Mean value estimated in 10.4059 milliseconds
[gmrf_wind_mapping_node-2] --> MAP did not converge after 1 iterations.
[gmrf_wind_mapping_node-2] [GMRF] MAP Mean value estimated in 10.4107 milliseconds
[gmrf_wind_mapping_node-2] --> MAP did not converge after 1 iterations.
[gmrf_wind_mapping_node-2] [GMRF] MAP Mean value estimated in 10.4126 milliseconds
[gmrf_wind_mapping_node-2] --> MAP did not converge after 1 iterations.
[gmrf_wind_mapping_node-2] [GMRF] MAP Mean value estimated in 10.4101 milliseconds
[gmrf_wind_mapping_node-2] --> MAP did not converge after 1 iterations.
[gmrf_wind_mapping_node-2] [GMRF] MAP Mean value estimated in 10.4112 milliseconds
[gmrf_wind_mapping_node-2] --> MAP did not converge after 1 iterations.
[gmrf_wind_mapping_node-2] [GMRF] MAP Mean value estimated in 10.4124 milliseconds
[gmrf_wind_mapping_node-2] --> MAP did not converge after 1 iterations.
[gmrf_wind_mapping_node-2] [GMRF] MAP Mean value estimated in 10.415 milliseconds
[gmrf_wind_mapping_node-2] --> MAP did not converge after 1 iterations.
[gmrf_wind_mapping_node-2] [GMRF] MAP Mean value estimated in 10.4169 milliseconds
[gmrf_wind_mapping_node-2] --> MAP did not converge after 1 iterations.
[gmrf_wind_mapping_node-2] [GMRF] MAP Mean value estimated in 10.4159 milliseconds
[gmrf_wind_mapping_node-2] --> MAP did not converge after 1 iterations.
[gmrf_wind_mapping_node-2] [GMRF] MAP Mean value estimated in 10.4134 milliseconds
[gmrf_wind_mapping_node-2] --> MAP did not converge after 1 iterations.
[gmrf_wind_mapping_node-2] [GMRF] MAP Mean value estimated in 10.416 milliseconds
[gsl_actionserver_node-3] [INFO] [1788875909.551776148] [GSL]: 10 gas measurements, 10 wind measurements over 1.98 seconds
[gsl_actionserver_node-3] [INFO] [1788875909.551828005] [GSL]: avg_gas=1.4;  avg_windSpeed=0.59;  avg_wind_dir=1
[gsl_actionserver_node-3] [INFO] [1788875909.552484984] [GSL]: [33mGAS HIT[0m
[gsl_actionserver_node-3] [INFO] [1788875909.552497496] [GSL]: [DEBUG-WIND] useGroundTruth=false gmrf_req_size=626 gaden_req_size=-1
[gsl_actionserver_node-3] [INFO] [1788875909.552505415] [GSL]: [DEBUG-WIND] Taking GMRF path
[gmrf_wind_mapping_node-2] --> MAP did not converge after 1 iterations.
[gmrf_wind_mapping_node-2] [GMRF] MAP Mean value estimated in 10.4172 milliseconds
[gsl_actionserver_node-3] [INFO] [1788875909.648005190] [GSL - Trace]: [32mEntering StopAndMeasure[0m
[gmrf_wind_mapping_node-2] --> MAP did not converge after 1 iterations.
[gmrf_wind_mapping_node-2] [GMRF] MAP Mean value estimated in 10.4198 milliseconds
[gmrf_wind_mapping_node-2] --> MAP did not converge after 1 iterations.
[gmrf_wind_mapping_node-2] [GMRF] MAP Mean value estimated in 10.4165 milliseconds
[gmrf_wind_mapping_node-2] --> MAP did not converge after 1 iterations.
[gmrf_wind_mapping_node-2] [GMRF] MAP Mean value estimated in 10.4133 milliseconds
[gmrf_wind_mapping_node-2] --> MAP did not converge after 1 iterations.
[gmrf_wind_mapping_node-2] [GMRF] MAP Mean value estimated in 10.4101 milliseconds
[gmrf_wind_mapping_node-2] --> MAP did not converge after 1 iterations.
[gmrf_wind_mapping_node-2] [GMRF] MAP Mean value estimated in 10.4113 milliseconds
[gmrf_wind_mapping_node-2] --> MAP did not converge after 1 iterations.
[gmrf_wind_mapping_node-2] [GMRF] MAP Mean value estimated in 10.411 milliseconds
[gmrf_wind_mapping_node-2] --> MAP did not converge after 1 iterations.
[gmrf_wind_mapping_node-2] [GMRF] MAP Mean value estimated in 10.4078 milliseconds
[gmrf_wind_mapping_node-2] --> MAP did not converge after 1 iterations.
[gmrf_wind_mapping_node-2] [GMRF] MAP Mean value estimated in 10.4053 milliseconds
[gmrf_wind_mapping_node-2] --> MAP did not converge after 1 iterations.
[gmrf_wind_mapping_node-2] [GMRF] MAP Mean value estimated in 10.4065 milliseconds
[gmrf_wind_mapping_node-2] --> MAP did not converge after 1 iterations.
[gmrf_wind_mapping_node-2] [GMRF] MAP Mean value estimated in 10.4076 milliseconds
[gmrf_wind_mapping_node-2] --> MAP did not converge after 1 iterations.
[gmrf_wind_mapping_node-2] [GMRF] MAP Mean value estimated in 10.4124 milliseconds
[gmrf_wind_mapping_node-2] --> MAP did not converge after 1 iterations.
[gmrf_wind_mapping_node-2] [GMRF] MAP Mean value estimated in 10.4099 milliseconds
[gmrf_wind_mapping_node-2] --> MAP did not converge after 1 iterations.
[gmrf_wind_mapping_node-2] [GMRF] MAP Mean value estimated in 10.4068 milliseconds
[gmrf_wind_mapping_node-2] --> MAP did not converge after 1 iterations.
[gmrf_wind_mapping_node-2] [GMRF] MAP Mean value estimated in 10.4094 milliseconds
[gmrf_wind_mapping_node-2] --> MAP did not converge after 1 iterations.
[gmrf_wind_mapping_node-2] [GMRF] MAP Mean value estimated in 10.4069 milliseconds
[gmrf_wind_mapping_node-2] --> MAP did not converge after 1 iterations.
[gmrf_wind_mapping_node-2] [GMRF] MAP Mean value estimated in 10.408 milliseconds
[gmrf_wind_mapping_node-2] --> MAP did not converge after 1 iterations.
[gmrf_wind_mapping_node-2] [GMRF] MAP Mean value estimated in 10.4099 milliseconds
[gmrf_wind_mapping_node-2] --> MAP did not converge after 1 iterations.
[gmrf_wind_mapping_node-2] [GMRF] MAP Mean value estimated in 10.4132 milliseconds
[gmrf_wind_mapping_node-2] --> MAP did not converge after 1 iterations.
[gmrf_wind_mapping_node-2] [GMRF] MAP Mean value estimated in 10.4129 milliseconds
[gsl_actionserver_node-3] [INFO] [1788875911.552032306] [GSL]: 10 gas measurements, 10 wind measurements over 1.90 seconds
[gsl_actionserver_node-3] [INFO] [1788875911.552654533] [GSL]: avg_gas=1.2;  avg_windSpeed=0.5;  avg_wind_dir=1.2
[gsl_actionserver_node-3] [INFO] [1788875911.553771786] [GSL]: [33mGAS HIT[0m
[gsl_actionserver_node-3] [INFO] [1788875911.553813989] [GSL]: [DEBUG-WIND] useGroundTruth=false gmrf_req_size=626 gaden_req_size=-1
[gsl_actionserver_node-3] [INFO] [1788875911.553830060] [GSL]: [DEBUG-WIND] Taking GMRF path
[gmrf_wind_mapping_node-2] --> MAP did not converge after 1 iterations.
[gmrf_wind_mapping_node-2] [GMRF] MAP Mean value estimated in 10.4148 milliseconds
[gsl_actionserver_node-3] [INFO] [1788875911.648470676] [GSL - Trace]: [32mEntering StopAndMeasure[0m
[gmrf_wind_mapping_node-2] --> MAP did not converge after 1 iterations.
[gmrf_wind_mapping_node-2] [GMRF] MAP Mean value estimated in 10.418 milliseconds
[gmrf_wind_mapping_node-2] --> MAP did not converge after 1 iterations.
[gmrf_wind_mapping_node-2] [GMRF] MAP Mean value estimated in 10.4199 milliseconds
[gmrf_wind_mapping_node-2] --> MAP did not converge after 1 iterations.
[gmrf_wind_mapping_node-2] [GMRF] MAP Mean value estimated in 10.4189 milliseconds
[gmrf_wind_mapping_node-2] --> MAP did not converge after 1 iterations.
[gmrf_wind_mapping_node-2] [GMRF] MAP Mean value estimated in 10.4186 milliseconds
[gmrf_wind_mapping_node-2] --> MAP did not converge after 1 iterations.
[gmrf_wind_mapping_node-2] [GMRF] MAP Mean value estimated in 10.4161 milliseconds
[gmrf_wind_mapping_node-2] --> MAP did not converge after 1 iterations.
[gmrf_wind_mapping_node-2] [GMRF] MAP Mean value estimated in 10.4187 milliseconds
[gmrf_wind_mapping_node-2] --> MAP did not converge after 1 iterations.
[gmrf_wind_mapping_node-2] [GMRF] MAP Mean value estimated in 10.4184 milliseconds
[gmrf_wind_mapping_node-2] --> MAP did not converge after 1 iterations.
[gmrf_wind_mapping_node-2] [GMRF] MAP Mean value estimated in 10.416 milliseconds
[gmrf_wind_mapping_node-2] --> MAP did not converge after 1 iterations.
[gmrf_wind_mapping_node-2] [GMRF] MAP Mean value estimated in 10.4171 milliseconds
[gmrf_wind_mapping_node-2] --> MAP did not converge after 1 iterations.
[gmrf_wind_mapping_node-2] [GMRF] MAP Mean value estimated in 10.4189 milliseconds
[gmrf_wind_mapping_node-2] --> MAP did not converge after 1 iterations.
[gmrf_wind_mapping_node-2] [GMRF] MAP Mean value estimated in 10.4215 milliseconds
[gmrf_wind_mapping_node-2] --> MAP did not converge after 1 iterations.
[gmrf_wind_mapping_node-2] [GMRF] MAP Mean value estimated in 10.4233 milliseconds
[gmrf_wind_mapping_node-2] --> MAP did not converge after 1 iterations.
[gmrf_wind_mapping_node-2] [GMRF] MAP Mean value estimated in 10.4202 milliseconds
[gmrf_wind_mapping_node-2] --> MAP did not converge after 1 iterations.
[gmrf_wind_mapping_node-2] [GMRF] MAP Mean value estimated in 10.422 milliseconds
[gmrf_wind_mapping_node-2] --> MAP did not converge after 1 iterations.
[gmrf_wind_mapping_node-2] [GMRF] MAP Mean value estimated in 10.4245 milliseconds
[gmrf_wind_mapping_node-2] --> MAP did not converge after 1 iterations.
[gmrf_wind_mapping_node-2] [GMRF] MAP Mean value estimated in 10.4242 milliseconds
[gmrf_wind_mapping_node-2] --> MAP did not converge after 1 iterations.
[gmrf_wind_mapping_node-2] [GMRF] MAP Mean value estimated in 10.4218 milliseconds
[gmrf_wind_mapping_node-2] --> MAP did not converge after 1 iterations.
[gmrf_wind_mapping_node-2] [GMRF] MAP Mean value estimated in 10.4194 milliseconds
[gmrf_wind_mapping_node-2] --> MAP did not converge after 1 iterations.
[gmrf_wind_mapping_node-2] [GMRF] MAP Mean value estimated in 10.4226 milliseconds
[gsl_actionserver_node-3] [INFO] [1788875913.552462572] [GSL]: 10 gas measurements, 10 wind measurements over 1.90 seconds
[gsl_actionserver_node-3] [INFO] [1788875913.552587091] [GSL]: avg_gas=1.1;  avg_windSpeed=0.59;  avg_wind_dir=1
[gsl_actionserver_node-3] [INFO] [1788875913.553580170] [GSL]: [33mGAS HIT[0m
[gsl_actionserver_node-3] [INFO] [1788875913.553598522] [GSL]: [DEBUG-WIND] useGroundTruth=false gmrf_req_size=626 gaden_req_size=-1
[gsl_actionserver_node-3] [INFO] [1788875913.553611108] [GSL]: [DEBUG-WIND] Taking GMRF path
[gmrf_wind_mapping_node-2] --> MAP did not converge after 1 iterations.
[gmrf_wind_mapping_node-2] [GMRF] MAP Mean value estimated in 10.4251 milliseconds
[gsl_actionserver_node-3] [INFO] [1788875913.647765035] [GSL - Trace]: [32mEntering StopAndMeasure[0m
[gmrf_wind_mapping_node-2] --> MAP did not converge after 1 iterations.
[gmrf_wind_mapping_node-2] [GMRF] MAP Mean value estimated in 10.4277 milliseconds
[gmrf_wind_mapping_node-2] --> MAP did not converge after 1 iterations.
[gmrf_wind_mapping_node-2] [GMRF] MAP Mean value estimated in 10.4267 milliseconds
[gmrf_wind_mapping_node-2] --> MAP did not converge after 1 iterations.
[gmrf_wind_mapping_node-2] [GMRF] MAP Mean value estimated in 10.4278 milliseconds
[gmrf_wind_mapping_node-2] --> MAP did not converge after 1 iterations.
[gmrf_wind_mapping_node-2] [GMRF] MAP Mean value estimated in 10.4296 milliseconds
[gmrf_wind_mapping_node-2] --> MAP did not converge after 1 iterations.
[gmrf_wind_mapping_node-2] [GMRF] MAP Mean value estimated in 10.4328 milliseconds
[gmrf_wind_mapping_node-2] --> MAP did not converge after 1 iterations.
[gmrf_wind_mapping_node-2] [GMRF] MAP Mean value estimated in 10.4311 milliseconds
[gmrf_wind_mapping_node-2] --> MAP did not converge after 1 iterations.
[gmrf_wind_mapping_node-2] [GMRF] MAP Mean value estimated in 10.4357 milliseconds
[gmrf_wind_mapping_node-2] --> MAP did not converge after 1 iterations.
[gmrf_wind_mapping_node-2] [GMRF] MAP Mean value estimated in 10.4354 milliseconds
[gmrf_wind_mapping_node-2] --> MAP did not converge after 1 iterations.
[gmrf_wind_mapping_node-2] [GMRF] MAP Mean value estimated in 10.4337 milliseconds
[gmrf_wind_mapping_node-2] --> MAP did not converge after 1 iterations.
[gmrf_wind_mapping_node-2] [GMRF] MAP Mean value estimated in 10.4313 milliseconds
[gmrf_wind_mapping_node-2] --> MAP did not converge after 1 iterations.
[gmrf_wind_mapping_node-2] [GMRF] MAP Mean value estimated in 10.4345 milliseconds
[gmrf_wind_mapping_node-2] --> MAP did not converge after 1 iterations.
[gmrf_wind_mapping_node-2] [GMRF] MAP Mean value estimated in 10.4377 milliseconds
[gmrf_wind_mapping_node-2] --> MAP did not converge after 1 iterations.
[gmrf_wind_mapping_node-2] [GMRF] MAP Mean value estimated in 10.436 milliseconds
[gmrf_wind_mapping_node-2] --> MAP did not converge after 1 iterations.
[gmrf_wind_mapping_node-2] [GMRF] MAP Mean value estimated in 10.4392 milliseconds
[gmrf_wind_mapping_node-2] --> MAP did not converge after 1 iterations.
[gmrf_wind_mapping_node-2] [GMRF] MAP Mean value estimated in 10.4389 milliseconds
[gmrf_wind_mapping_node-2] --> MAP did not converge after 1 iterations.
[gmrf_wind_mapping_node-2] [GMRF] MAP Mean value estimated in 10.4365 milliseconds
[gmrf_wind_mapping_node-2] --> MAP did not converge after 1 iterations.
[gmrf_wind_mapping_node-2] [GMRF] MAP Mean value estimated in 10.4417 milliseconds
[gmrf_wind_mapping_node-2] --> MAP did not converge after 1 iterations.
[gmrf_wind_mapping_node-2] [GMRF] MAP Mean value estimated in 10.4428 milliseconds
[gmrf_wind_mapping_node-2] --> MAP did not converge after 1 iterations.
[gmrf_wind_mapping_node-2] [GMRF] MAP Mean value estimated in 10.4439 milliseconds
[gsl_actionserver_node-3] [INFO] [1788875915.552039819] [GSL]: 10 gas measurements, 10 wind measurements over 1.90 seconds
[gsl_actionserver_node-3] [INFO] [1788875915.552135402] [GSL]: avg_gas=1.1;  avg_windSpeed=0.5;  avg_wind_dir=1.2
[gsl_actionserver_node-3] [INFO] [1788875915.553662970] [GSL]: [33mGAS HIT[0m
[gsl_actionserver_node-3] [INFO] [1788875915.553699982] [GSL]: [DEBUG-WIND] useGroundTruth=false gmrf_req_size=626 gaden_req_size=-1
[gsl_actionserver_node-3] [INFO] [1788875915.553712688] [GSL]: [DEBUG-WIND] Taking GMRF path
[gmrf_wind_mapping_node-2] --> MAP did not converge after 1 iterations.
[gmrf_wind_mapping_node-2] [GMRF] MAP Mean value estimated in 10.445 milliseconds
[gsl_actionserver_node-3] [INFO] [1788875915.648237710] [GSL - Trace]: [32mEntering StopAndMeasure[0m
[gmrf_wind_mapping_node-2] --> MAP did not converge after 1 iterations.
[gmrf_wind_mapping_node-2] [GMRF] MAP Mean value estimated in 10.4495 milliseconds
[gmrf_wind_mapping_node-2] --> MAP did not converge after 1 iterations.
[gmrf_wind_mapping_node-2] [GMRF] MAP Mean value estimated in 10.4471 milliseconds
[gmrf_wind_mapping_node-2] --> MAP did not converge after 1 iterations.
[gmrf_wind_mapping_node-2] [GMRF] MAP Mean value estimated in 10.4454 milliseconds
[gmrf_wind_mapping_node-2] --> MAP did not converge after 1 iterations.
[gmrf_wind_mapping_node-2] [GMRF] MAP Mean value estimated in 10.4424 milliseconds
[gmrf_wind_mapping_node-2] --> MAP did not converge after 1 iterations.
[gmrf_wind_mapping_node-2] [GMRF] MAP Mean value estimated in 10.4434 milliseconds
[gmrf_wind_mapping_node-2] --> MAP did not converge after 1 iterations.
[gmrf_wind_mapping_node-2] [GMRF] MAP Mean value estimated in 10.4459 milliseconds
[gmrf_wind_mapping_node-2] --> MAP did not converge after 1 iterations.
[gmrf_wind_mapping_node-2] [GMRF] MAP Mean value estimated in 10.447 milliseconds
[gmrf_wind_mapping_node-2] --> MAP did not converge after 1 iterations.
[gmrf_wind_mapping_node-2] [GMRF] MAP Mean value estimated in 10.4494 milliseconds
[gmrf_wind_mapping_node-2] --> MAP did not converge after 1 iterations.
[gmrf_wind_mapping_node-2] [GMRF] MAP Mean value estimated in 10.4478 milliseconds
[gmrf_wind_mapping_node-2] --> MAP did not converge after 1 iterations.
[gmrf_wind_mapping_node-2] [GMRF] MAP Mean value estimated in 10.4509 milliseconds
[gmrf_wind_mapping_node-2] --> MAP did not converge after 1 iterations.
[gmrf_wind_mapping_node-2] [GMRF] MAP Mean value estimated in 10.4506 milliseconds
[gmrf_wind_mapping_node-2] --> MAP did not converge after 1 iterations.
[gmrf_wind_mapping_node-2] [GMRF] MAP Mean value estimated in 10.453 milliseconds
[gmrf_wind_mapping_node-2] --> MAP did not converge after 1 iterations.
[gmrf_wind_mapping_node-2] [GMRF] MAP Mean value estimated in 10.4541 milliseconds
[gmrf_wind_mapping_node-2] --> MAP did not converge after 1 iterations.
[gmrf_wind_mapping_node-2] [GMRF] MAP Mean value estimated in 10.4545 milliseconds
[gmrf_wind_mapping_node-2] --> MAP did not converge after 1 iterations.
[gmrf_wind_mapping_node-2] [GMRF] MAP Mean value estimated in 10.4576 milliseconds
[gmrf_wind_mapping_node-2] --> MAP did not converge after 1 iterations.
[gmrf_wind_mapping_node-2] [GMRF] MAP Mean value estimated in 10.4607 milliseconds
[gmrf_wind_mapping_node-2] --> MAP did not converge after 1 iterations.
[gmrf_wind_mapping_node-2] [GMRF] MAP Mean value estimated in 10.4625 milliseconds
[gmrf_wind_mapping_node-2] --> MAP did not converge after 1 iterations.
[gmrf_wind_mapping_node-2] [GMRF] MAP Mean value estimated in 10.4642 milliseconds
[gmrf_wind_mapping_node-2] --> MAP did not converge after 1 iterations.
[gmrf_wind_mapping_node-2] [GMRF] MAP Mean value estimated in 10.4653 milliseconds
[gsl_actionserver_node-3] [INFO] [1788875917.552004303] [GSL]: 10 gas measurements, 10 wind measurements over 1.90 seconds
[gsl_actionserver_node-3] [INFO] [1788875917.552096233] [GSL]: avg_gas=1;  avg_windSpeed=0.59;  avg_wind_dir=1
[gsl_actionserver_node-3] [INFO] [1788875917.553110223] [GSL]: [33mGAS HIT[0m
[gsl_actionserver_node-3] [INFO] [1788875917.553125636] [GSL]: [DEBUG-WIND] useGroundTruth=false gmrf_req_size=626 gaden_req_size=-1
[gsl_actionserver_node-3] [INFO] [1788875917.553133401] [GSL]: [DEBUG-WIND] Taking GMRF path
[gmrf_wind_mapping_node-2] --> MAP did not converge after 1 iterations.
[gmrf_wind_mapping_node-2] [GMRF] MAP Mean value estimated in 10.4643 milliseconds
[gsl_actionserver_node-3] [INFO] [1788875917.647966444] [GSL - Trace]: [32mEntering StopAndMeasure[0m
[gmrf_wind_mapping_node-2] --> MAP did not converge after 1 iterations.
[gmrf_wind_mapping_node-2] [GMRF] MAP Mean value estimated in 10.4633 milliseconds
[gmrf_wind_mapping_node-2] --> MAP did not converge after 1 iterations.
[gmrf_wind_mapping_node-2] [GMRF] MAP Mean value estimated in 10.4643 milliseconds
[gmrf_wind_mapping_node-2] --> MAP did not converge after 1 iterations.
[gmrf_wind_mapping_node-2] [GMRF] MAP Mean value estimated in 10.4647 milliseconds
[gmrf_wind_mapping_node-2] --> MAP did not converge after 1 iterations.
[gmrf_wind_mapping_node-2] [GMRF] MAP Mean value estimated in 10.4678 milliseconds
[gmrf_wind_mapping_node-2] --> MAP did not converge after 1 iterations.
[gmrf_wind_mapping_node-2] [GMRF] MAP Mean value estimated in 10.4709 milliseconds
[gmrf_wind_mapping_node-2] --> MAP did not converge after 1 iterations.
[gmrf_wind_mapping_node-2] [GMRF] MAP Mean value estimated in 10.4726 milliseconds
[gmrf_wind_mapping_node-2] --> MAP did not converge after 1 iterations.
[gmrf_wind_mapping_node-2] [GMRF] MAP Mean value estimated in 10.4751 milliseconds
[gmrf_wind_mapping_node-2] --> MAP did not converge after 1 iterations.
[gmrf_wind_mapping_node-2] [GMRF] MAP Mean value estimated in 10.4781 milliseconds
[gmrf_wind_mapping_node-2] --> MAP did not converge after 1 iterations.
[gmrf_wind_mapping_node-2] [GMRF] MAP Mean value estimated in 10.4792 milliseconds
[gmrf_wind_mapping_node-2] --> MAP did not converge after 1 iterations.
[gmrf_wind_mapping_node-2] [GMRF] MAP Mean value estimated in 10.4809 milliseconds
[gmrf_wind_mapping_node-2] --> MAP did not converge after 1 iterations.
[gmrf_wind_mapping_node-2] [GMRF] MAP Mean value estimated in 10.4833 milliseconds
[gmrf_wind_mapping_node-2] --> MAP did not converge after 1 iterations.
[gmrf_wind_mapping_node-2] [GMRF] MAP Mean value estimated in 10.4802 milliseconds
[gmrf_wind_mapping_node-2] --> MAP did not converge after 1 iterations.
[gmrf_wind_mapping_node-2] [GMRF] MAP Mean value estimated in 10.4786 milliseconds
[gmrf_wind_mapping_node-2] --> MAP did not converge after 1 iterations.
[gmrf_wind_mapping_node-2] [GMRF] MAP Mean value estimated in 10.4816 milliseconds
[gmrf_wind_mapping_node-2] --> MAP did not converge after 1 iterations.
[gmrf_wind_mapping_node-2] [GMRF] MAP Mean value estimated in 10.484 milliseconds
[gmrf_wind_mapping_node-2] --> MAP did not converge after 1 iterations.
[gmrf_wind_mapping_node-2] [GMRF] MAP Mean value estimated in 10.4871 milliseconds
[gmrf_wind_mapping_node-2] --> MAP did not converge after 1 iterations.
[gmrf_wind_mapping_node-2] [GMRF] MAP Mean value estimated in 10.4881 milliseconds
[gmrf_wind_mapping_node-2] --> MAP did not converge after 1 iterations.
[gmrf_wind_mapping_node-2] [GMRF] MAP Mean value estimated in 10.4858 milliseconds
[gmrf_wind_mapping_node-2] --> MAP did not converge after 1 iterations.
[gmrf_wind_mapping_node-2] [GMRF] MAP Mean value estimated in 10.4868 milliseconds
[gsl_actionserver_node-3] [INFO] [1788875919.552442874] [GSL]: 10 gas measurements, 10 wind measurements over 1.90 seconds
[gsl_actionserver_node-3] [INFO] [1788875919.552555735] [GSL]: avg_gas=0.88;  avg_windSpeed=0.5;  avg_wind_dir=1.2
[gsl_actionserver_node-3] [INFO] [1788875919.554268103] [GSL]: [33mGAS HIT[0m
[gsl_actionserver_node-3] [INFO] [1788875919.554309957] [GSL]: [DEBUG-WIND] useGroundTruth=false gmrf_req_size=626 gaden_req_size=-1
[gsl_actionserver_node-3] [INFO] [1788875919.554323475] [GSL]: [DEBUG-WIND] Taking GMRF path
[gmrf_wind_mapping_node-2] --> MAP did not converge after 1 iterations.
[gmrf_wind_mapping_node-2] [GMRF] MAP Mean value estimated in 10.4898 milliseconds
[gsl_actionserver_node-3] [INFO] [1788875919.648409885] [GSL - Trace]: [32mEntering StopAndMeasure[0m
[gmrf_wind_mapping_node-2] --> MAP did not converge after 1 iterations.
[gmrf_wind_mapping_node-2] [GMRF] MAP Mean value estimated in 10.4929 milliseconds
[gmrf_wind_mapping_node-2] --> MAP did not converge after 1 iterations.
[gmrf_wind_mapping_node-2] [GMRF] MAP Mean value estimated in 10.4932 milliseconds
[gmrf_wind_mapping_node-2] --> MAP did not converge after 1 iterations.
[gmrf_wind_mapping_node-2] [GMRF] MAP Mean value estimated in 10.4936 milliseconds
[gmrf_wind_mapping_node-2] --> MAP did not converge after 1 iterations.
[gmrf_wind_mapping_node-2] [GMRF] MAP Mean value estimated in 10.4966 milliseconds
[gmrf_wind_mapping_node-2] --> MAP did not converge after 1 iterations.
[gmrf_wind_mapping_node-2] [GMRF] MAP Mean value estimated in 10.4976 milliseconds
[gmrf_wind_mapping_node-2] --> MAP did not converge after 1 iterations.
[gmrf_wind_mapping_node-2] [GMRF] MAP Mean value estimated in 10.4987 milliseconds
[gmrf_wind_mapping_node-2] --> MAP did not converge after 1 iterations.
[gmrf_wind_mapping_node-2] [GMRF] MAP Mean value estimated in 10.501 milliseconds
[gmrf_wind_mapping_node-2] --> MAP did not converge after 1 iterations.
[gmrf_wind_mapping_node-2] [GMRF] MAP Mean value estimated in 10.504 milliseconds
[gmrf_wind_mapping_node-2] --> MAP did not converge after 1 iterations.
[gmrf_wind_mapping_node-2] [GMRF] MAP Mean value estimated in 10.5051 milliseconds
[gmrf_wind_mapping_node-2] --> MAP did not converge after 1 iterations.
[gmrf_wind_mapping_node-2] [GMRF] MAP Mean value estimated in 10.5067 milliseconds
[gmrf_wind_mapping_node-2] --> MAP did not converge after 1 iterations.
[gmrf_wind_mapping_node-2] [GMRF] MAP Mean value estimated in 10.505 milliseconds
[gmrf_wind_mapping_node-2] --> MAP did not converge after 1 iterations.
[gmrf_wind_mapping_node-2] [GMRF] MAP Mean value estimated in 10.5074 milliseconds
[gmrf_wind_mapping_node-2] --> MAP did not converge after 1 iterations.
[gmrf_wind_mapping_node-2] [GMRF] MAP Mean value estimated in 10.5064 milliseconds
[gmrf_wind_mapping_node-2] --> MAP did not converge after 1 iterations.
[gmrf_wind_mapping_node-2] [GMRF] MAP Mean value estimated in 10.5067 milliseconds
[gmrf_wind_mapping_node-2] --> MAP did not converge after 1 iterations.
[gmrf_wind_mapping_node-2] [GMRF] MAP Mean value estimated in 10.507 milliseconds
[gmrf_wind_mapping_node-2] --> MAP did not converge after 1 iterations.
[gmrf_wind_mapping_node-2] [GMRF] MAP Mean value estimated in 10.504 milliseconds
[gmrf_wind_mapping_node-2] --> MAP did not converge after 1 iterations.
[gmrf_wind_mapping_node-2] [GMRF] MAP Mean value estimated in 10.5044 milliseconds
[gmrf_wind_mapping_node-2] --> MAP did not converge after 1 iterations.
[gmrf_wind_mapping_node-2] [GMRF] MAP Mean value estimated in 10.502 milliseconds
[gmrf_wind_mapping_node-2] --> MAP did not converge after 1 iterations.
[gmrf_wind_mapping_node-2] [GMRF] MAP Mean value estimated in 10.5023 milliseconds
[gsl_actionserver_node-3] [INFO] [1788875921.552050183] [GSL]: 10 gas measurements, 10 wind measurements over 1.90 seconds
[gsl_actionserver_node-3] [INFO] [1788875921.552150894] [GSL]: avg_gas=0.93;  avg_windSpeed=0.59;  avg_wind_dir=1
[gsl_actionserver_node-3] [INFO] [1788875921.553023812] [GSL]: [33mGAS HIT[0m
[gsl_actionserver_node-3] [INFO] [1788875921.553039239] [GSL]: [DEBUG-WIND] useGroundTruth=false gmrf_req_size=626 gaden_req_size=-1
[gsl_actionserver_node-3] [INFO] [1788875921.553050006] [GSL]: [DEBUG-WIND] Taking GMRF path
[gmrf_wind_mapping_node-2] --> MAP did not converge after 1 iterations.
[gmrf_wind_mapping_node-2] [GMRF] MAP Mean value estimated in 10.504 milliseconds
[gsl_actionserver_node-3] [INFO] [1788875921.648215302] [GSL - Trace]: [32mEntering StopAndMeasure[0m
[gmrf_wind_mapping_node-2] --> MAP did not converge after 1 iterations.
[gmrf_wind_mapping_node-2] [GMRF] MAP Mean value estimated in 10.507 milliseconds
[gmrf_wind_mapping_node-2] --> MAP did not converge after 1 iterations.
[gmrf_wind_mapping_node-2] [GMRF] MAP Mean value estimated in 10.5093 milliseconds
[gmrf_wind_mapping_node-2] --> MAP did not converge after 1 iterations.
[gmrf_wind_mapping_node-2] [GMRF] MAP Mean value estimated in 10.5103 milliseconds
[gmrf_wind_mapping_node-2] --> MAP did not converge after 1 iterations.
[gmrf_wind_mapping_node-2] [GMRF] MAP Mean value estimated in 10.5127 milliseconds
[gmrf_wind_mapping_node-2] --> MAP did not converge after 1 iterations.
[gmrf_wind_mapping_node-2] [GMRF] MAP Mean value estimated in 10.5117 milliseconds
[gmrf_wind_mapping_node-2] --> MAP did not converge after 1 iterations.
[gmrf_wind_mapping_node-2] [GMRF] MAP Mean value estimated in 10.51 milliseconds
[gmrf_wind_mapping_node-2] --> MAP did not converge after 1 iterations.
[gmrf_wind_mapping_node-2] [GMRF] MAP Mean value estimated in 10.5077 milliseconds
[gmrf_wind_mapping_node-2] --> MAP did not converge after 1 iterations.
[gmrf_wind_mapping_node-2] [GMRF] MAP Mean value estimated in 10.51 milliseconds
[gmrf_wind_mapping_node-2] --> MAP did not converge after 1 iterations.
[gmrf_wind_mapping_node-2] [GMRF] MAP Mean value estimated in 10.511 milliseconds
[gmrf_wind_mapping_node-2] --> MAP did not converge after 1 iterations.
[gmrf_wind_mapping_node-2] [GMRF] MAP Mean value estimated in 10.5113 milliseconds
[gmrf_wind_mapping_node-2] --> MAP did not converge after 1 iterations.
[gmrf_wind_mapping_node-2] [GMRF] MAP Mean value estimated in 10.5143 milliseconds
[gmrf_wind_mapping_node-2] --> MAP did not converge after 1 iterations.
[gmrf_wind_mapping_node-2] [GMRF] MAP Mean value estimated in 10.5133 milliseconds
[gmrf_wind_mapping_node-2] --> MAP did not converge after 1 iterations.
[gmrf_wind_mapping_node-2] [GMRF] MAP Mean value estimated in 10.5136 milliseconds
[gmrf_wind_mapping_node-2] --> MAP did not converge after 1 iterations.
[gmrf_wind_mapping_node-2] [GMRF] MAP Mean value estimated in 10.5159 milliseconds
[gmrf_wind_mapping_node-2] --> MAP did not converge after 1 iterations.
[gmrf_wind_mapping_node-2] [GMRF] MAP Mean value estimated in 10.5169 milliseconds
[gmrf_wind_mapping_node-2] --> MAP did not converge after 1 iterations.
[gmrf_wind_mapping_node-2] [GMRF] MAP Mean value estimated in 10.5179 milliseconds
[gmrf_wind_mapping_node-2] --> MAP did not converge after 1 iterations.
[gmrf_wind_mapping_node-2] [GMRF] MAP Mean value estimated in 10.5202 milliseconds
[gmrf_wind_mapping_node-2] --> MAP did not converge after 1 iterations.
[gmrf_wind_mapping_node-2] [GMRF] MAP Mean value estimated in 10.5218 milliseconds
[gmrf_wind_mapping_node-2] --> MAP did not converge after 1 iterations.
[gmrf_wind_mapping_node-2] [GMRF] MAP Mean value estimated in 10.5228 milliseconds
[gsl_actionserver_node-3] [INFO] [1788875923.552035756] [GSL]: 10 gas measurements, 10 wind measurements over 1.90 seconds
[gsl_actionserver_node-3] [INFO] [1788875923.552140147] [GSL]: avg_gas=0.92;  avg_windSpeed=0.5;  avg_wind_dir=1.2
[gsl_actionserver_node-3] [INFO] [1788875923.553030697] [GSL]: [33mGAS HIT[0m
[gsl_actionserver_node-3] [INFO] [1788875923.553338022] [GSL]: [DEBUG-WIND] useGroundTruth=false gmrf_req_size=626 gaden_req_size=-1
[gsl_actionserver_node-3] [INFO] [1788875923.553366086] [GSL]: [DEBUG-WIND] Taking GMRF path
[gmrf_wind_mapping_node-2] --> MAP did not converge after 1 iterations.
[gmrf_wind_mapping_node-2] [GMRF] MAP Mean value estimated in 10.5244 milliseconds
[gsl_actionserver_node-3] [INFO] [1788875923.657635301] [GSL]: Max mutual info: 4.760
[gsl_actionserver_node-3] [INFO] [1788875923.658245564] [GSL]: MutualInformation - Ellapsed: 0.010s
[gmrf_wind_mapping_node-2] --> MAP did not converge after 1 iterations.
[gmrf_wind_mapping_node-2] [GMRF] MAP Mean value estimated in 10.5267 milliseconds
[vgr_sim_node-1] [WARN] [1788875923.664007076] [vgr_uav_sim]: PLAN_CB: called with goal=(8.30,0.39)
[vgr_sim_node-1] [WARN] [1788875923.668130459] [vgr_uav_sim]: PLAN_CB: returning 4 poses
[vgr_sim_node-1] [WARN] [1788875923.699402518] [vgr_uav_sim]: PLAN_CB: called with goal=(8.30,0.39)
[vgr_sim_node-1] [WARN] [1788875923.700279324] [vgr_uav_sim]: PLAN_CB: returning 4 poses
[gsl_actionserver_node-3] [INFO] [1788875923.710121020] [GSL]: Sending goal (8.30, 0.39)
[gsl_actionserver_node-3] [INFO] [1788875923.710583186] [GSL]: Variance: 1.95
[gsl_actionserver_node-3] [INFO] [1788875923.710606083] [GSL - Trace]: [32mEntering Moving[0m
[vgr_sim_node-1] [INFO] [1788875923.711623183] [vgr_uav_sim]: Prepared 4 collision-free navigation waypoints to (8.30, 0.39)
[vgr_sim_node-1] [INFO] [1788875923.712589635] [vgr_uav_sim]: UAV navigating in audited 2-D mode to (8.30, 0.39, 0.30)
[gmrf_wind_mapping_node-2] --> MAP did not converge after 1 iterations.
[gmrf_wind_mapping_node-2] [GMRF] MAP Mean value estimated in 10.5264 milliseconds
[gmrf_wind_mapping_node-2] --> MAP did not converge after 1 iterations.
[gmrf_wind_mapping_node-2] [GMRF] MAP Mean value estimated in 10.5247 milliseconds
[gmrf_wind_mapping_node-2] --> MAP did not converge after 1 iterations.
[gmrf_wind_mapping_node-2] [GMRF] MAP Mean value estimated in 10.5224 milliseconds
[gmrf_wind_mapping_node-2] --> MAP did not converge after 1 iterations.
[gmrf_wind_mapping_node-2] [GMRF] MAP Mean value estimated in 10.5253 milliseconds
[gmrf_wind_mapping_node-2] --> MAP did not converge after 1 iterations.
[gmrf_wind_mapping_node-2] [GMRF] MAP Mean value estimated in 10.5243 milliseconds
[gmrf_wind_mapping_node-2] --> MAP did not converge after 1 iterations.
[gmrf_wind_mapping_node-2] [GMRF] MAP Mean value estimated in 10.5286 milliseconds
[gmrf_wind_mapping_node-2] --> MAP did not converge after 1 iterations.
[gmrf_wind_mapping_node-2] [GMRF] MAP Mean value estimated in 10.5262 milliseconds
[gsl_actionserver_node-3] [INFO] [1788875924.371174927] [GSL - Trace]: [32mEntering StopAndMeasure[0m
[gmrf_wind_mapping_node-2] --> MAP did not converge after 1 iterations.
[gmrf_wind_mapping_node-2] [GMRF] MAP Mean value estimated in 10.5272 milliseconds
[gmrf_wind_mapping_node-2] --> MAP did not converge after 1 iterations.
[gmrf_wind_mapping_node-2] [GMRF] MAP Mean value estimated in 10.5262 milliseconds
[gmrf_wind_mapping_node-2] --> MAP did not converge after 1 iterations.
[gmrf_wind_mapping_node-2] [GMRF] MAP Mean value estimated in 10.5291 milliseconds
[gmrf_wind_mapping_node-2] --> MAP did not converge after 1 iterations.
[gmrf_wind_mapping_node-2] [GMRF] MAP Mean value estimated in 10.5314 milliseconds
[gmrf_wind_mapping_node-2] --> MAP did not converge after 1 iterations.
[gmrf_wind_mapping_node-2] [GMRF] MAP Mean value estimated in 10.533 milliseconds
[gmrf_wind_mapping_node-2] --> MAP did not converge after 1 iterations.
[gmrf_wind_mapping_node-2] [GMRF] MAP Mean value estimated in 10.534 milliseconds
[gmrf_wind_mapping_node-2] --> MAP did not converge after 1 iterations.
[gmrf_wind_mapping_node-2] [GMRF] MAP Mean value estimated in 10.5356 milliseconds
[gmrf_wind_mapping_node-2] --> MAP did not converge after 1 iterations.
[gmrf_wind_mapping_node-2] [GMRF] MAP Mean value estimated in 10.5326 milliseconds
[gmrf_wind_mapping_node-2] --> MAP did not converge after 1 iterations.
[gmrf_wind_mapping_node-2] [GMRF] MAP Mean value estimated in 10.5316 milliseconds
[gmrf_wind_mapping_node-2] --> MAP did not converge after 1 iterations.
[gmrf_wind_mapping_node-2] [GMRF] MAP Mean value estimated in 10.5346 milliseconds
[gmrf_wind_mapping_node-2] --> MAP did not converge after 1 iterations.
[gmrf_wind_mapping_node-2] [GMRF] MAP Mean value estimated in 10.5349 milliseconds
[gmrf_wind_mapping_node-2] --> MAP did not converge after 1 iterations.
[gmrf_wind_mapping_node-2] [GMRF] MAP Mean value estimated in 10.5365 milliseconds
[gmrf_wind_mapping_node-2] --> MAP did not converge after 1 iterations.
[gmrf_wind_mapping_node-2] [GMRF] MAP Mean value estimated in 10.5387 milliseconds
[gmrf_wind_mapping_node-2] --> MAP did not converge after 1 iterations.
[gmrf_wind_mapping_node-2] [GMRF] MAP Mean value estimated in 10.5403 milliseconds
[gmrf_wind_mapping_node-2] --> MAP did not converge after 1 iterations.
[gmrf_wind_mapping_node-2] [GMRF] MAP Mean value estimated in 10.5419 milliseconds
[gmrf_wind_mapping_node-2] --> MAP did not converge after 1 iterations.
[gmrf_wind_mapping_node-2] [GMRF] MAP Mean value estimated in 10.5396 milliseconds
[gmrf_wind_mapping_node-2] --> MAP did not converge after 1 iterations.
[gmrf_wind_mapping_node-2] [GMRF] MAP Mean value estimated in 10.538 milliseconds
[gmrf_wind_mapping_node-2] --> MAP did not converge after 1 iterations.
[gmrf_wind_mapping_node-2] [GMRF] MAP Mean value estimated in 10.5396 milliseconds
[gmrf_wind_mapping_node-2] --> MAP did not converge after 1 iterations.
[gmrf_wind_mapping_node-2] [GMRF] MAP Mean value estimated in 10.5405 milliseconds
[gsl_actionserver_node-3] [INFO] [1788875926.304447759] [GSL]: 10 gas measurements, 10 wind measurements over 1.93 seconds
[gsl_actionserver_node-3] [INFO] [1788875926.304519259] [GSL]: avg_gas=1.1;  avg_windSpeed=0.45;  avg_wind_dir=1.3
[gsl_actionserver_node-3] [INFO] [1788875926.305372173] [GSL]: [33mGAS HIT[0m
[gsl_actionserver_node-3] [INFO] [1788875926.305411274] [GSL]: [DEBUG-WIND] useGroundTruth=false gmrf_req_size=626 gaden_req_size=-1
[gsl_actionserver_node-3] [INFO] [1788875926.305421732] [GSL]: [DEBUG-WIND] Taking GMRF path
[gsl_actionserver_node-3] [INFO] [1788875926.348012899] [GSL - Trace]: [32mEntering StopAndMeasure[0m
[gmrf_wind_mapping_node-2] --> MAP did not converge after 1 iterations.
[gmrf_wind_mapping_node-2] [GMRF] MAP Mean value estimated in 10.5415 milliseconds
[gmrf_wind_mapping_node-2] --> MAP did not converge after 1 iterations.
[gmrf_wind_mapping_node-2] [GMRF] MAP Mean value estimated in 10.5417 milliseconds
[gmrf_wind_mapping_node-2] --> MAP did not converge after 1 iterations.
[gmrf_wind_mapping_node-2] [GMRF] MAP Mean value estimated in 10.5446 milliseconds
[gmrf_wind_mapping_node-2] --> MAP did not converge after 1 iterations.
[gmrf_wind_mapping_node-2] [GMRF] MAP Mean value estimated in 10.5449 milliseconds
[gmrf_wind_mapping_node-2] --> MAP did not converge after 1 iterations.
[gmrf_wind_mapping_node-2] [GMRF] MAP Mean value estimated in 10.5433 milliseconds
[gmrf_wind_mapping_node-2] --> MAP did not converge after 1 iterations.
[gmrf_wind_mapping_node-2] [GMRF] MAP Mean value estimated in 10.5442 milliseconds
[gmrf_wind_mapping_node-2] --> MAP did not converge after 1 iterations.
[gmrf_wind_mapping_node-2] [GMRF] MAP Mean value estimated in 10.5465 milliseconds
[gmrf_wind_mapping_node-2] --> MAP did not converge after 1 iterations.
[gmrf_wind_mapping_node-2] [GMRF] MAP Mean value estimated in 10.5442 milliseconds
[gmrf_wind_mapping_node-2] --> MAP did not converge after 1 iterations.
[gmrf_wind_mapping_node-2] [GMRF] MAP Mean value estimated in 10.5412 milliseconds
[gmrf_wind_mapping_node-2] --> MAP did not converge after 1 iterations.
[gmrf_wind_mapping_node-2] [GMRF] MAP Mean value estimated in 10.5428 milliseconds
[gmrf_wind_mapping_node-2] --> MAP did not converge after 1 iterations.
[gmrf_wind_mapping_node-2] [GMRF] MAP Mean value estimated in 10.547 milliseconds
[gmrf_wind_mapping_node-2] --> MAP did not converge after 1 iterations.
[gmrf_wind_mapping_node-2] [GMRF] MAP Mean value estimated in 10.5486 milliseconds
[gmrf_wind_mapping_node-2] --> MAP did not converge after 1 iterations.
[gmrf_wind_mapping_node-2] [GMRF] MAP Mean value estimated in 10.5495 milliseconds
[gmrf_wind_mapping_node-2] --> MAP did not converge after 1 iterations.
[gmrf_wind_mapping_node-2] [GMRF] MAP Mean value estimated in 10.5511 milliseconds
[gmrf_wind_mapping_node-2] --> MAP did not converge after 1 iterations.
[gmrf_wind_mapping_node-2] [GMRF] MAP Mean value estimated in 10.552 milliseconds
[gmrf_wind_mapping_node-2] --> MAP did not converge after 1 iterations.
[gmrf_wind_mapping_node-2] [GMRF] MAP Mean value estimated in 10.5542 milliseconds
[gmrf_wind_mapping_node-2] --> MAP did not converge after 1 iterations.
[gmrf_wind_mapping_node-2] [GMRF] MAP Mean value estimated in 10.5532 milliseconds
[gmrf_wind_mapping_node-2] --> MAP did not converge after 1 iterations.
[gmrf_wind_mapping_node-2] [GMRF] MAP Mean value estimated in 10.5561 milliseconds
[gmrf_wind_mapping_node-2] --> MAP did not converge after 1 iterations.
[gmrf_wind_mapping_node-2] [GMRF] MAP Mean value estimated in 10.5563 milliseconds
[gmrf_wind_mapping_node-2] --> MAP did not converge after 1 iterations.
[gmrf_wind_mapping_node-2] [GMRF] MAP Mean value estimated in 10.5579 milliseconds
[gsl_actionserver_node-3] [INFO] [1788875928.311718252] [GSL]: 10 gas measurements, 10 wind measurements over 1.96 seconds
[gsl_actionserver_node-3] [INFO] [1788875928.311787604] [GSL]: avg_gas=1.1;  avg_windSpeed=0.47;  avg_wind_dir=1.4
[gsl_actionserver_node-3] [INFO] [1788875928.312367044] [GSL]: [33mGAS HIT[0m
[gsl_actionserver_node-3] [INFO] [1788875928.312377527] [GSL]: [DEBUG-WIND] useGroundTruth=false gmrf_req_size=626 gaden_req_size=-1
[gsl_actionserver_node-3] [INFO] [1788875928.312384109] [GSL]: [DEBUG-WIND] Taking GMRF path
[gsl_actionserver_node-3] [INFO] [1788875928.347904876] [GSL - Trace]: [32mEntering StopAndMeasure[0m
[gmrf_wind_mapping_node-2] --> MAP did not converge after 1 iterations.
[gmrf_wind_mapping_node-2] [GMRF] MAP Mean value estimated in 10.555 milliseconds
[gmrf_wind_mapping_node-2] --> MAP did not converge after 1 iterations.
[gmrf_wind_mapping_node-2] [GMRF] MAP Mean value estimated in 10.5527 milliseconds
[gmrf_wind_mapping_node-2] --> MAP did not converge after 1 iterations.
[gmrf_wind_mapping_node-2] [GMRF] MAP Mean value estimated in 10.5498 milliseconds
[gmrf_wind_mapping_node-2] --> MAP did not converge after 1 iterations.
[gmrf_wind_mapping_node-2] [GMRF] MAP Mean value estimated in 10.5475 milliseconds
[gmrf_wind_mapping_node-2] --> MAP did not converge after 1 iterations.
[gmrf_wind_mapping_node-2] [GMRF] MAP Mean value estimated in 10.5453 milliseconds
[gmrf_wind_mapping_node-2] --> MAP did not converge after 1 iterations.
[gmrf_wind_mapping_node-2] [GMRF] MAP Mean value estimated in 10.5424 milliseconds
[gmrf_wind_mapping_node-2] --> MAP did not converge after 1 iterations.
[gmrf_wind_mapping_node-2] [GMRF] MAP Mean value estimated in 10.5401 milliseconds
[gmrf_wind_mapping_node-2] --> MAP did not converge after 1 iterations.
[gmrf_wind_mapping_node-2] [GMRF] MAP Mean value estimated in 10.5391 milliseconds
[gmrf_wind_mapping_node-2] --> MAP did not converge after 1 iterations.
[gmrf_wind_mapping_node-2] [GMRF] MAP Mean value estimated in 10.5413 milliseconds
[gmrf_wind_mapping_node-2] --> MAP did not converge after 1 iterations.
[gmrf_wind_mapping_node-2] [GMRF] MAP Mean value estimated in 10.5429 milliseconds
[gmrf_wind_mapping_node-2] --> MAP did not converge after 1 iterations.
[gmrf_wind_mapping_node-2] [GMRF] MAP Mean value estimated in 10.5407 milliseconds
[gmrf_wind_mapping_node-2] --> MAP did not converge after 1 iterations.
[gmrf_wind_mapping_node-2] [GMRF] MAP Mean value estimated in 10.5384 milliseconds
[gmrf_wind_mapping_node-2] --> MAP did not converge after 1 iterations.
[gmrf_wind_mapping_node-2] [GMRF] MAP Mean value estimated in 10.5387 milliseconds
[gmrf_wind_mapping_node-2] --> MAP did not converge after 1 iterations.
[gmrf_wind_mapping_node-2] [GMRF] MAP Mean value estimated in 10.5403 milliseconds
[gmrf_wind_mapping_node-2] --> MAP did not converge after 1 iterations.
[gmrf_wind_mapping_node-2] [GMRF] MAP Mean value estimated in 10.5431 milliseconds
[gmrf_wind_mapping_node-2] --> MAP did not converge after 1 iterations.
[gmrf_wind_mapping_node-2] [GMRF] MAP Mean value estimated in 10.5415 milliseconds
[gmrf_wind_mapping_node-2] --> MAP did not converge after 1 iterations.
[gmrf_wind_mapping_node-2] [GMRF] MAP Mean value estimated in 10.5437 milliseconds
[gmrf_wind_mapping_node-2] --> MAP did not converge after 1 iterations.
[gmrf_wind_mapping_node-2] [GMRF] MAP Mean value estimated in 10.5465 milliseconds
[gmrf_wind_mapping_node-2] --> MAP did not converge after 1 iterations.
[gmrf_wind_mapping_node-2] [GMRF] MAP Mean value estimated in 10.5493 milliseconds
[gmrf_wind_mapping_node-2] --> MAP did not converge after 1 iterations.
[gmrf_wind_mapping_node-2] [GMRF] MAP Mean value estimated in 10.5509 milliseconds
[gsl_actionserver_node-3] [INFO] [1788875930.311668441] [GSL]: 10 gas measurements, 10 wind measurements over 1.96 seconds
[gsl_actionserver_node-3] [INFO] [1788875930.311732732] [GSL]: avg_gas=1.1;  avg_windSpeed=0.45;  avg_wind_dir=1.3
[gsl_actionserver_node-3] [INFO] [1788875930.312459085] [GSL]: [33mGAS HIT[0m
[gsl_actionserver_node-3] [INFO] [1788875930.312472119] [GSL]: [DEBUG-WIND] useGroundTruth=false gmrf_req_size=626 gaden_req_size=-1
[gsl_actionserver_node-3] [INFO] [1788875930.312480887] [GSL]: [DEBUG-WIND] Taking GMRF path
[gsl_actionserver_node-3] [INFO] [1788875930.348723149] [GSL - Trace]: [32mEntering StopAndMeasure[0m
[gmrf_wind_mapping_node-2] --> MAP did not converge after 1 iterations.
[gmrf_wind_mapping_node-2] [GMRF] MAP Mean value estimated in 10.5518 milliseconds
[gmrf_wind_mapping_node-2] --> MAP did not converge after 1 iterations.
[gmrf_wind_mapping_node-2] [GMRF] MAP Mean value estimated in 10.5533 milliseconds
[gmrf_wind_mapping_node-2] --> MAP did not converge after 1 iterations.
[gmrf_wind_mapping_node-2] [GMRF] MAP Mean value estimated in 10.5561 milliseconds
[gmrf_wind_mapping_node-2] --> MAP did not converge after 1 iterations.
[gmrf_wind_mapping_node-2] [GMRF] MAP Mean value estimated in 10.5583 milliseconds
[gmrf_wind_mapping_node-2] --> MAP did not converge after 1 iterations.
[gmrf_wind_mapping_node-2] [GMRF] MAP Mean value estimated in 10.5605 milliseconds
[gmrf_wind_mapping_node-2] --> MAP did not converge after 1 iterations.
[gmrf_wind_mapping_node-2] [GMRF] MAP Mean value estimated in 10.5582 milliseconds
[gmrf_wind_mapping_node-2] --> MAP did not converge after 1 iterations.
[gmrf_wind_mapping_node-2] [GMRF] MAP Mean value estimated in 10.5585 milliseconds
[gmrf_wind_mapping_node-2] --> MAP did not converge after 1 iterations.
[gmrf_wind_mapping_node-2] [GMRF] MAP Mean value estimated in 10.5607 milliseconds
[gmrf_wind_mapping_node-2] --> MAP did not converge after 1 iterations.
[gmrf_wind_mapping_node-2] [GMRF] MAP Mean value estimated in 10.5641 milliseconds
[gmrf_wind_mapping_node-2] --> MAP did not converge after 1 iterations.
[gmrf_wind_mapping_node-2] [GMRF] MAP Mean value estimated in 10.5618 milliseconds
[gmrf_wind_mapping_node-2] --> MAP did not converge after 1 iterations.
[gmrf_wind_mapping_node-2] [GMRF] MAP Mean value estimated in 10.5615 milliseconds
[gmrf_wind_mapping_node-2] --> MAP did not converge after 1 iterations.
[gmrf_wind_mapping_node-2] [GMRF] MAP Mean value estimated in 10.5586 milliseconds
[gmrf_wind_mapping_node-2] --> MAP did not converge after 1 iterations.
[gmrf_wind_mapping_node-2] [GMRF] MAP Mean value estimated in 10.5564 milliseconds
[gmrf_wind_mapping_node-2] --> MAP did not converge after 1 iterations.
[gmrf_wind_mapping_node-2] [GMRF] MAP Mean value estimated in 10.5579 milliseconds
[gmrf_wind_mapping_node-2] --> MAP did not converge after 1 iterations.
[gmrf_wind_mapping_node-2] [GMRF] MAP Mean value estimated in 10.5551 milliseconds
[gmrf_wind_mapping_node-2] --> MAP did not converge after 1 iterations.
[gmrf_wind_mapping_node-2] [GMRF] MAP Mean value estimated in 10.5535 milliseconds
[gmrf_wind_mapping_node-2] --> MAP did not converge after 1 iterations.
[gmrf_wind_mapping_node-2] [GMRF] MAP Mean value estimated in 10.5512 milliseconds
[gmrf_wind_mapping_node-2] --> MAP did not converge after 1 iterations.
[gmrf_wind_mapping_node-2] [GMRF] MAP Mean value estimated in 10.549 milliseconds
[gmrf_wind_mapping_node-2] --> MAP did not converge after 1 iterations.
[gmrf_wind_mapping_node-2] [GMRF] MAP Mean value estimated in 10.5468 milliseconds
[gmrf_wind_mapping_node-2] --> MAP did not converge after 1 iterations.
[gmrf_wind_mapping_node-2] [GMRF] MAP Mean value estimated in 10.5477 milliseconds
[gsl_actionserver_node-3] [INFO] [1788875932.311622757] [GSL]: 10 gas measurements, 10 wind measurements over 1.96 seconds
[gsl_actionserver_node-3] [INFO] [1788875932.311679194] [GSL]: avg_gas=0.87;  avg_windSpeed=0.47;  avg_wind_dir=1.4
[gsl_actionserver_node-3] [INFO] [1788875932.312255571] [GSL]: [33mGAS HIT[0m
[gsl_actionserver_node-3] [INFO] [1788875932.312266264] [GSL]: [DEBUG-WIND] useGroundTruth=false gmrf_req_size=626 gaden_req_size=-1
[gsl_actionserver_node-3] [INFO] [1788875932.312273259] [GSL]: [DEBUG-WIND] Taking GMRF path
[gsl_actionserver_node-3] [INFO] [1788875932.347946018] [GSL - Trace]: [32mEntering StopAndMeasure[0m
[gmrf_wind_mapping_node-2] --> MAP did not converge after 1 iterations.
[gmrf_wind_mapping_node-2] [GMRF] MAP Mean value estimated in 10.5455 milliseconds
[gmrf_wind_mapping_node-2] --> MAP did not converge after 1 iterations.
[gmrf_wind_mapping_node-2] [GMRF] MAP Mean value estimated in 10.5445 milliseconds
[gmrf_wind_mapping_node-2] --> MAP did not converge after 1 iterations.
[gmrf_wind_mapping_node-2] [GMRF] MAP Mean value estimated in 10.5486 milliseconds
[gmrf_wind_mapping_node-2] --> MAP did not converge after 1 iterations.
[gmrf_wind_mapping_node-2] [GMRF] MAP Mean value estimated in 10.5526 milliseconds
[gmrf_wind_mapping_node-2] --> MAP did not converge after 1 iterations.
[gmrf_wind_mapping_node-2] [GMRF] MAP Mean value estimated in 10.5541 milliseconds
[gmrf_wind_mapping_node-2] --> MAP did not converge after 1 iterations.
[gmrf_wind_mapping_node-2] [GMRF] MAP Mean value estimated in 10.5525 milliseconds
[gmrf_wind_mapping_node-2] --> MAP did not converge after 1 iterations.
[gmrf_wind_mapping_node-2] [GMRF] MAP Mean value estimated in 10.5503 milliseconds
[gmrf_wind_mapping_node-2] --> MAP did not converge after 1 iterations.
[gmrf_wind_mapping_node-2] [GMRF] MAP Mean value estimated in 10.5525 milliseconds
[gmrf_wind_mapping_node-2] --> MAP did not converge after 1 iterations.
[gmrf_wind_mapping_node-2] [GMRF] MAP Mean value estimated in 10.5546 milliseconds
[gmrf_wind_mapping_node-2] --> MAP did not converge after 1 iterations.
[gmrf_wind_mapping_node-2] [GMRF] MAP Mean value estimated in 10.5567 milliseconds
[gmrf_wind_mapping_node-2] --> MAP did not converge after 1 iterations.
[gmrf_wind_mapping_node-2] [GMRF] MAP Mean value estimated in 10.5582 milliseconds
[gmrf_wind_mapping_node-2] --> MAP did not converge after 1 iterations.
[gmrf_wind_mapping_node-2] [GMRF] MAP Mean value estimated in 10.5604 milliseconds
[gmrf_wind_mapping_node-2] --> MAP did not converge after 1 iterations.
[gmrf_wind_mapping_node-2] [GMRF] MAP Mean value estimated in 10.5582 milliseconds
[gmrf_wind_mapping_node-2] --> MAP did not converge after 1 iterations.
[gmrf_wind_mapping_node-2] [GMRF] MAP Mean value estimated in 10.5615 milliseconds
[gmrf_wind_mapping_node-2] --> MAP did not converge after 1 iterations.
[gmrf_wind_mapping_node-2] [GMRF] MAP Mean value estimated in 10.5624 milliseconds
[gmrf_wind_mapping_node-2] --> MAP did not converge after 1 iterations.
[gmrf_wind_mapping_node-2] [GMRF] MAP Mean value estimated in 10.5608 milliseconds
[gmrf_wind_mapping_node-2] --> MAP did not converge after 1 iterations.
[gmrf_wind_mapping_node-2] [GMRF] MAP Mean value estimated in 10.5623 milliseconds
[gmrf_wind_mapping_node-2] --> MAP did not converge after 1 iterations.
[gmrf_wind_mapping_node-2] [GMRF] MAP Mean value estimated in 10.5651 milliseconds
[gmrf_wind_mapping_node-2] --> MAP did not converge after 1 iterations.
[gmrf_wind_mapping_node-2] [GMRF] MAP Mean value estimated in 10.5666 milliseconds
[gmrf_wind_mapping_node-2] --> MAP did not converge after 1 iterations.
[gmrf_wind_mapping_node-2] [GMRF] MAP Mean value estimated in 10.5681 milliseconds
[gsl_actionserver_node-3] [INFO] [1788875934.311728149] [GSL]: 10 gas measurements, 10 wind measurements over 1.96 seconds
[gsl_actionserver_node-3] [INFO] [1788875934.311793693] [GSL]: avg_gas=0.9;  avg_windSpeed=0.45;  avg_wind_dir=1.3
[gsl_actionserver_node-3] [INFO] [1788875934.312358355] [GSL]: [33mGAS HIT[0m
[gsl_actionserver_node-3] [INFO] [1788875934.312369162] [GSL]: [DEBUG-WIND] useGroundTruth=false gmrf_req_size=626 gaden_req_size=-1
[gsl_actionserver_node-3] [INFO] [1788875934.312375839] [GSL]: [DEBUG-WIND] Taking GMRF path
[gsl_actionserver_node-3] [INFO] [1788875934.349065263] [GSL - Trace]: [32mEntering StopAndMeasure[0m
[gmrf_wind_mapping_node-2] --> MAP did not converge after 1 iterations.
[gmrf_wind_mapping_node-2] [GMRF] MAP Mean value estimated in 10.5696 milliseconds
[gmrf_wind_mapping_node-2] --> MAP did not converge after 1 iterations.
[gmrf_wind_mapping_node-2] [GMRF] MAP Mean value estimated in 10.5705 milliseconds
[gmrf_wind_mapping_node-2] --> MAP did not converge after 1 iterations.
[gmrf_wind_mapping_node-2] [GMRF] MAP Mean value estimated in 10.5695 milliseconds
[gmrf_wind_mapping_node-2] --> MAP did not converge after 1 iterations.
[gmrf_wind_mapping_node-2] [GMRF] MAP Mean value estimated in 10.5673 milliseconds
[gmrf_wind_mapping_node-2] --> MAP did not converge after 1 iterations.
[gmrf_wind_mapping_node-2] [GMRF] MAP Mean value estimated in 10.5651 milliseconds
[gmrf_wind_mapping_node-2] --> MAP did not converge after 1 iterations.
[gmrf_wind_mapping_node-2] [GMRF] MAP Mean value estimated in 10.5629 milliseconds
[gmrf_wind_mapping_node-2] --> MAP did not converge after 1 iterations.
[gmrf_wind_mapping_node-2] [GMRF] MAP Mean value estimated in 10.5663 milliseconds
[gmrf_wind_mapping_node-2] --> MAP did not converge after 1 iterations.
[gmrf_wind_mapping_node-2] [GMRF] MAP Mean value estimated in 10.5641 milliseconds
[gmrf_wind_mapping_node-2] --> MAP did not converge after 1 iterations.
[gmrf_wind_mapping_node-2] [GMRF] MAP Mean value estimated in 10.5662 milliseconds
[gmrf_wind_mapping_node-2] --> MAP did not converge after 1 iterations.
[gmrf_wind_mapping_node-2] [GMRF] MAP Mean value estimated in 10.5658 milliseconds
[gmrf_wind_mapping_node-2] --> MAP did not converge after 1 iterations.
[gmrf_wind_mapping_node-2] [GMRF] MAP Mean value estimated in 10.5673 milliseconds
[gmrf_wind_mapping_node-2] --> MAP did not converge after 1 iterations.
[gmrf_wind_mapping_node-2] [GMRF] MAP Mean value estimated in 10.5688 milliseconds
[gmrf_wind_mapping_node-2] --> MAP did not converge after 1 iterations.
[gmrf_wind_mapping_node-2] [GMRF] MAP Mean value estimated in 10.5666 milliseconds
[gmrf_wind_mapping_node-2] --> MAP did not converge after 1 iterations.
[gmrf_wind_mapping_node-2] [GMRF] MAP Mean value estimated in 10.5644 milliseconds
[gmrf_wind_mapping_node-2] --> MAP did not converge after 1 iterations.
[gmrf_wind_mapping_node-2] [GMRF] MAP Mean value estimated in 10.5629 milliseconds
[gmrf_wind_mapping_node-2] --> MAP did not converge after 1 iterations.
[gmrf_wind_mapping_node-2] [GMRF] MAP Mean value estimated in 10.5625 milliseconds
[gmrf_wind_mapping_node-2] --> MAP did not converge after 1 iterations.
[gmrf_wind_mapping_node-2] [GMRF] MAP Mean value estimated in 10.5604 milliseconds
[gmrf_wind_mapping_node-2] --> MAP did not converge after 1 iterations.
[gmrf_wind_mapping_node-2] [GMRF] MAP Mean value estimated in 10.56 milliseconds
[gmrf_wind_mapping_node-2] --> MAP did not converge after 1 iterations.
[gmrf_wind_mapping_node-2] [GMRF] MAP Mean value estimated in 10.5621 milliseconds
[gmrf_wind_mapping_node-2] --> MAP did not converge after 1 iterations.
[gmrf_wind_mapping_node-2] [GMRF] MAP Mean value estimated in 10.5642 milliseconds
[gsl_actionserver_node-3] [INFO] [1788875936.311764612] [GSL]: 10 gas measurements, 10 wind measurements over 1.96 seconds
[gsl_actionserver_node-3] [INFO] [1788875936.312349673] [GSL]: avg_gas=0.96;  avg_windSpeed=0.47;  avg_wind_dir=1.4
[gsl_actionserver_node-3] [INFO] [1788875936.313154130] [GSL]: [33mGAS HIT[0m
[gsl_actionserver_node-3] [INFO] [1788875936.313169086] [GSL]: [DEBUG-WIND] useGroundTruth=false gmrf_req_size=626 gaden_req_size=-1
[gsl_actionserver_node-3] [INFO] [1788875936.313179312] [GSL]: [DEBUG-WIND] Taking GMRF path
[gsl_actionserver_node-3] [INFO] [1788875936.348396770] [GSL - Trace]: [32mEntering StopAndMeasure[0m
[gmrf_wind_mapping_node-2] --> MAP did not converge after 1 iterations.
[gmrf_wind_mapping_node-2] [GMRF] MAP Mean value estimated in 10.5669 milliseconds
[gmrf_wind_mapping_node-2] --> MAP did not converge after 1 iterations.
[gmrf_wind_mapping_node-2] [GMRF] MAP Mean value estimated in 10.5684 milliseconds
[gmrf_wind_mapping_node-2] --> MAP did not converge after 1 iterations.
[gmrf_wind_mapping_node-2] [GMRF] MAP Mean value estimated in 10.568 milliseconds
[gmrf_wind_mapping_node-2] --> MAP did not converge after 1 iterations.
[gmrf_wind_mapping_node-2] [GMRF] MAP Mean value estimated in 10.5707 milliseconds
[gmrf_wind_mapping_node-2] --> MAP did not converge after 1 iterations.
[gmrf_wind_mapping_node-2] [GMRF] MAP Mean value estimated in 10.5722 milliseconds
[gmrf_wind_mapping_node-2] --> MAP did not converge after 1 iterations.
[gmrf_wind_mapping_node-2] [GMRF] MAP Mean value estimated in 10.57 milliseconds
[gmrf_wind_mapping_node-2] --> MAP did not converge after 1 iterations.
[gmrf_wind_mapping_node-2] [GMRF] MAP Mean value estimated in 10.5709 milliseconds
[gmrf_wind_mapping_node-2] --> MAP did not converge after 1 iterations.
[gmrf_wind_mapping_node-2] [GMRF] MAP Mean value estimated in 10.5718 milliseconds
[gmrf_wind_mapping_node-2] --> MAP did not converge after 1 iterations.
[gmrf_wind_mapping_node-2] [GMRF] MAP Mean value estimated in 10.5726 milliseconds
[gmrf_wind_mapping_node-2] --> MAP did not converge after 1 iterations.
[gmrf_wind_mapping_node-2] [GMRF] MAP Mean value estimated in 10.5717 milliseconds
[gmrf_wind_mapping_node-2] --> MAP did not converge after 1 iterations.
[gmrf_wind_mapping_node-2] [GMRF] MAP Mean value estimated in 10.5726 milliseconds
[gmrf_wind_mapping_node-2] --> MAP did not converge after 1 iterations.
[gmrf_wind_mapping_node-2] [GMRF] MAP Mean value estimated in 10.5728 milliseconds
[gmrf_wind_mapping_node-2] --> MAP did not converge after 1 iterations.
[gmrf_wind_mapping_node-2] [GMRF] MAP Mean value estimated in 10.5743 milliseconds
[gmrf_wind_mapping_node-2] --> MAP did not converge after 1 iterations.
[gmrf_wind_mapping_node-2] [GMRF] MAP Mean value estimated in 10.5745 milliseconds
[gmrf_wind_mapping_node-2] --> MAP did not converge after 1 iterations.
[gmrf_wind_mapping_node-2] [GMRF] MAP Mean value estimated in 10.5736 milliseconds
[gmrf_wind_mapping_node-2] --> MAP did not converge after 1 iterations.
[gmrf_wind_mapping_node-2] [GMRF] MAP Mean value estimated in 10.5714 milliseconds
[gmrf_wind_mapping_node-2] --> MAP did not converge after 1 iterations.
[gmrf_wind_mapping_node-2] [GMRF] MAP Mean value estimated in 10.5687 milliseconds
[gmrf_wind_mapping_node-2] --> MAP did not converge after 1 iterations.
[gmrf_wind_mapping_node-2] [GMRF] MAP Mean value estimated in 10.5701 milliseconds
[gmrf_wind_mapping_node-2] --> MAP did not converge after 1 iterations.
[gmrf_wind_mapping_node-2] [GMRF] MAP Mean value estimated in 10.5704 milliseconds
[gmrf_wind_mapping_node-2] --> MAP did not converge after 1 iterations.
[gmrf_wind_mapping_node-2] [GMRF] MAP Mean value estimated in 10.5689 milliseconds
[gsl_actionserver_node-3] [INFO] [1788875938.311728843] [GSL]: 10 gas measurements, 10 wind measurements over 1.96 seconds
[gsl_actionserver_node-3] [INFO] [1788875938.311792011] [GSL]: avg_gas=0.98;  avg_windSpeed=0.45;  avg_wind_dir=1.3
[gsl_actionserver_node-3] [INFO] [1788875938.312341247] [GSL]: [33mGAS HIT[0m
[gsl_actionserver_node-3] [INFO] [1788875938.312350634] [GSL]: [DEBUG-WIND] useGroundTruth=false gmrf_req_size=626 gaden_req_size=-1
[gsl_actionserver_node-3] [INFO] [1788875938.312357399] [GSL]: [DEBUG-WIND] Taking GMRF path
[gsl_actionserver_node-3] [INFO] [1788875938.348378442] [GSL - Trace]: [32mEntering StopAndMeasure[0m
[gmrf_wind_mapping_node-2] --> MAP did not converge after 1 iterations.
[gmrf_wind_mapping_node-2] [GMRF] MAP Mean value estimated in 10.5709 milliseconds
[gmrf_wind_mapping_node-2] --> MAP did not converge after 1 iterations.
[gmrf_wind_mapping_node-2] [GMRF] MAP Mean value estimated in 10.5712 milliseconds
[gmrf_wind_mapping_node-2] --> MAP did not converge after 1 iterations.
[gmrf_wind_mapping_node-2] [GMRF] MAP Mean value estimated in 10.5726 milliseconds
[gmrf_wind_mapping_node-2] --> MAP did not converge after 1 iterations.
[gmrf_wind_mapping_node-2] [GMRF] MAP Mean value estimated in 10.5705 milliseconds
[gmrf_wind_mapping_node-2] --> MAP did not converge after 1 iterations.
[gmrf_wind_mapping_node-2] [GMRF] MAP Mean value estimated in 10.5725 milliseconds
[gmrf_wind_mapping_node-2] --> MAP did not converge after 1 iterations.
[gmrf_wind_mapping_node-2] [GMRF] MAP Mean value estimated in 10.5734 milliseconds
[gmrf_wind_mapping_node-2] --> MAP did not converge after 1 iterations.
[gmrf_wind_mapping_node-2] [GMRF] MAP Mean value estimated in 10.5749 milliseconds
[gmrf_wind_mapping_node-2] --> MAP did not converge after 1 iterations.
[gmrf_wind_mapping_node-2] [GMRF] MAP Mean value estimated in 10.5763 milliseconds
[gmrf_wind_mapping_node-2] --> MAP did not converge after 1 iterations.
[gmrf_wind_mapping_node-2] [GMRF] MAP Mean value estimated in 10.5778 milliseconds
[gmrf_wind_mapping_node-2] --> MAP did not converge after 1 iterations.
[gmrf_wind_mapping_node-2] [GMRF] MAP Mean value estimated in 10.5762 milliseconds
[gmrf_wind_mapping_node-2] --> MAP did not converge after 1 iterations.
[gmrf_wind_mapping_node-2] [GMRF] MAP Mean value estimated in 10.5741 milliseconds
[gmrf_wind_mapping_node-2] --> MAP did not converge after 1 iterations.
[gmrf_wind_mapping_node-2] [GMRF] MAP Mean value estimated in 10.5719 milliseconds
[gmrf_wind_mapping_node-2] --> MAP did not converge after 1 iterations.
[gmrf_wind_mapping_node-2] [GMRF] MAP Mean value estimated in 10.5698 milliseconds
[gmrf_wind_mapping_node-2] --> MAP did not converge after 1 iterations.
[gmrf_wind_mapping_node-2] [GMRF] MAP Mean value estimated in 10.5677 milliseconds
[gmrf_wind_mapping_node-2] --> MAP did not converge after 1 iterations.
[gmrf_wind_mapping_node-2] [GMRF] MAP Mean value estimated in 10.565 milliseconds
[gmrf_wind_mapping_node-2] --> MAP did not converge after 1 iterations.
[gmrf_wind_mapping_node-2] [GMRF] MAP Mean value estimated in 10.5628 milliseconds
[gmrf_wind_mapping_node-2] --> MAP did not converge after 1 iterations.
[gmrf_wind_mapping_node-2] [GMRF] MAP Mean value estimated in 10.5607 milliseconds
[gmrf_wind_mapping_node-2] --> MAP did not converge after 1 iterations.
[gmrf_wind_mapping_node-2] [GMRF] MAP Mean value estimated in 10.5628 milliseconds
[gmrf_wind_mapping_node-2] --> MAP did not converge after 1 iterations.
[gmrf_wind_mapping_node-2] [GMRF] MAP Mean value estimated in 10.56 milliseconds
[gmrf_wind_mapping_node-2] --> MAP did not converge after 1 iterations.
[gmrf_wind_mapping_node-2] [GMRF] MAP Mean value estimated in 10.5621 milliseconds
[gsl_actionserver_node-3] [INFO] [1788875940.311736341] [GSL]: 10 gas measurements, 10 wind measurements over 1.96 seconds
[gsl_actionserver_node-3] [INFO] [1788875940.312168469] [GSL]: avg_gas=0.94;  avg_windSpeed=0.47;  avg_wind_dir=1.4
[gsl_actionserver_node-3] [INFO] [1788875940.312996640] [GSL]: [33mGAS HIT[0m
[gsl_actionserver_node-3] [INFO] [1788875940.313012101] [GSL]: [DEBUG-WIND] useGroundTruth=false gmrf_req_size=626 gaden_req_size=-1
[gsl_actionserver_node-3] [INFO] [1788875940.313022990] [GSL]: [DEBUG-WIND] Taking GMRF path
[gmrf_wind_mapping_node-2] --> MAP did not converge after 1 iterations.
[gmrf_wind_mapping_node-2] [GMRF] MAP Mean value estimated in 10.5629 milliseconds
[gsl_actionserver_node-3] [INFO] [1788875940.371897735] [GSL]: Max mutual info: 4.760
[gsl_actionserver_node-3] [INFO] [1788875940.372086168] [GSL]: MutualInformation - Ellapsed: 0.023s
[vgr_sim_node-1] [WARN] [1788875940.377080740] [vgr_uav_sim]: PLAN_CB: called with goal=(8.90,-0.21)
[vgr_sim_node-1] [WARN] [1788875940.378606471] [vgr_uav_sim]: PLAN_CB: returning 4 poses
[vgr_sim_node-1] [WARN] [1788875940.390042770] [vgr_uav_sim]: PLAN_CB: called with goal=(8.90,-0.21)
[vgr_sim_node-1] [WARN] [1788875940.391164966] [vgr_uav_sim]: PLAN_CB: returning 4 poses
[gsl_actionserver_node-3] [INFO] [1788875940.402461334] [GSL]: Sending goal (8.90, -0.21)
[gsl_actionserver_node-3] [INFO] [1788875940.403047556] [GSL]: Variance: 1.95
[gsl_actionserver_node-3] [INFO] [1788875940.403068552] [GSL - Trace]: [32mEntering Moving[0m
[vgr_sim_node-1] [INFO] [1788875940.404042380] [vgr_uav_sim]: Prepared 4 collision-free navigation waypoints to (8.90, -0.21)
[vgr_sim_node-1] [INFO] [1788875940.405259887] [vgr_uav_sim]: UAV navigating in audited 2-D mode to (8.90, -0.21, 0.30)
[gmrf_wind_mapping_node-2] --> MAP did not converge after 1 iterations.
[gmrf_wind_mapping_node-2] [GMRF] MAP Mean value estimated in 10.5614 milliseconds
[gmrf_wind_mapping_node-2] --> MAP did not converge after 1 iterations.
[gmrf_wind_mapping_node-2] [GMRF] MAP Mean value estimated in 10.5623 milliseconds
[gmrf_wind_mapping_node-2] --> MAP did not converge after 1 iterations.
[gmrf_wind_mapping_node-2] [GMRF] MAP Mean value estimated in 10.5661 milliseconds
[gmrf_wind_mapping_node-2] --> MAP did not converge after 1 iterations.
[gmrf_wind_mapping_node-2] [GMRF] MAP Mean value estimated in 10.564 milliseconds
[gmrf_wind_mapping_node-2] --> MAP did not converge after 1 iterations.
[gmrf_wind_mapping_node-2] [GMRF] MAP Mean value estimated in 10.5619 milliseconds
[gmrf_wind_mapping_node-2] --> MAP did not converge after 1 iterations.
[gmrf_wind_mapping_node-2] [GMRF] MAP Mean value estimated in 10.5633 milliseconds
[gsl_actionserver_node-3] [INFO] [1788875940.962247058] [GSL - Trace]: [32mEntering StopAndMeasure[0m
[gmrf_wind_mapping_node-2] --> MAP did not converge after 1 iterations.
[gmrf_wind_mapping_node-2] [GMRF] MAP Mean value estimated in 10.5653 milliseconds
[gmrf_wind_mapping_node-2] --> MAP did not converge after 1 iterations.
[gmrf_wind_mapping_node-2] [GMRF] MAP Mean value estimated in 10.568 milliseconds
[gmrf_wind_mapping_node-2] --> MAP did not converge after 1 iterations.
[gmrf_wind_mapping_node-2] [GMRF] MAP Mean value estimated in 10.5706 milliseconds
[gmrf_wind_mapping_node-2] --> MAP did not converge after 1 iterations.
[gmrf_wind_mapping_node-2] [GMRF] MAP Mean value estimated in 10.5732 milliseconds
[gmrf_wind_mapping_node-2] --> MAP did not converge after 1 iterations.
[gmrf_wind_mapping_node-2] [GMRF] MAP Mean value estimated in 10.574 milliseconds
[gmrf_wind_mapping_node-2] --> MAP did not converge after 1 iterations.
[gmrf_wind_mapping_node-2] [GMRF] MAP Mean value estimated in 10.5749 milliseconds
[gmrf_wind_mapping_node-2] --> MAP did not converge after 1 iterations.
[gmrf_wind_mapping_node-2] [GMRF] MAP Mean value estimated in 10.5775 milliseconds
[gmrf_wind_mapping_node-2] --> MAP did not converge after 1 iterations.
[gmrf_wind_mapping_node-2] [GMRF] MAP Mean value estimated in 10.5754 milliseconds
[gmrf_wind_mapping_node-2] --> MAP did not converge after 1 iterations.
[gmrf_wind_mapping_node-2] [GMRF] MAP Mean value estimated in 10.5733 milliseconds
[gmrf_wind_mapping_node-2] --> MAP did not converge after 1 iterations.
[gmrf_wind_mapping_node-2] [GMRF] MAP Mean value estimated in 10.5712 milliseconds
[gmrf_wind_mapping_node-2] --> MAP did not converge after 1 iterations.
[gmrf_wind_mapping_node-2] [GMRF] MAP Mean value estimated in 10.5691 milliseconds
[gmrf_wind_mapping_node-2] --> MAP did not converge after 1 iterations.
[gmrf_wind_mapping_node-2] [GMRF] MAP Mean value estimated in 10.567 milliseconds
[gmrf_wind_mapping_node-2] --> MAP did not converge after 1 iterations.
[gmrf_wind_mapping_node-2] [GMRF] MAP Mean value estimated in 10.5649 milliseconds
[gmrf_wind_mapping_node-2] --> MAP did not converge after 1 iterations.
[gmrf_wind_mapping_node-2] [GMRF] MAP Mean value estimated in 10.5622 milliseconds
[gmrf_wind_mapping_node-2] --> MAP did not converge after 1 iterations.
[gmrf_wind_mapping_node-2] [GMRF] MAP Mean value estimated in 10.5636 milliseconds
[gmrf_wind_mapping_node-2] --> MAP did not converge after 1 iterations.
[gmrf_wind_mapping_node-2] [GMRF] MAP Mean value estimated in 10.5662 milliseconds
[gmrf_wind_mapping_node-2] --> MAP did not converge after 1 iterations.
[gmrf_wind_mapping_node-2] [GMRF] MAP Mean value estimated in 10.5688 milliseconds
[gmrf_wind_mapping_node-2] --> MAP did not converge after 1 iterations.
[gmrf_wind_mapping_node-2] [GMRF] MAP Mean value estimated in 10.5714 milliseconds
[gmrf_wind_mapping_node-2] --> MAP did not converge after 1 iterations.
[gmrf_wind_mapping_node-2] [GMRF] MAP Mean value estimated in 10.5693 milliseconds
[gsl_actionserver_node-3] [INFO] [1788875942.911673001] [GSL]: 10 gas measurements, 10 wind measurements over 1.95 seconds
[gsl_actionserver_node-3] [INFO] [1788875942.911737698] [GSL]: avg_gas=0.8;  avg_windSpeed=0.2;  avg_wind_dir=2
[gsl_actionserver_node-3] [INFO] [1788875942.912279033] [GSL]: [33mGAS HIT[0m
[gsl_actionserver_node-3] [INFO] [1788875942.912288812] [GSL]: [DEBUG-WIND] useGroundTruth=false gmrf_req_size=626 gaden_req_size=-1
[gsl_actionserver_node-3] [INFO] [1788875942.912529386] [GSL]: [DEBUG-WIND] Taking GMRF path
[gsl_actionserver_node-3] [INFO] [1788875942.948982126] [GSL - Trace]: [32mEntering StopAndMeasure[0m
[gmrf_wind_mapping_node-2] --> MAP did not converge after 1 iterations.
[gmrf_wind_mapping_node-2] [GMRF] MAP Mean value estimated in 10.5737 milliseconds
[gmrf_wind_mapping_node-2] --> MAP did not converge after 1 iterations.
[gmrf_wind_mapping_node-2] [GMRF] MAP Mean value estimated in 10.5763 milliseconds
[gmrf_wind_mapping_node-2] --> MAP did not converge after 1 iterations.
[gmrf_wind_mapping_node-2] [GMRF] MAP Mean value estimated in 10.5789 milliseconds
[gmrf_wind_mapping_node-2] --> MAP did not converge after 1 iterations.
[gmrf_wind_mapping_node-2] [GMRF] MAP Mean value estimated in 10.5814 milliseconds
[gmrf_wind_mapping_node-2] --> MAP did not converge after 1 iterations.
[gmrf_wind_mapping_node-2] [GMRF] MAP Mean value estimated in 10.584 milliseconds
[gmrf_wind_mapping_node-2] --> MAP did not converge after 1 iterations.
[gmrf_wind_mapping_node-2] [GMRF] MAP Mean value estimated in 10.5825 milliseconds
[gmrf_wind_mapping_node-2] --> MAP did not converge after 1 iterations.
[gmrf_wind_mapping_node-2] [GMRF] MAP Mean value estimated in 10.5804 milliseconds
[gmrf_wind_mapping_node-2] --> MAP did not converge after 1 iterations.
[gmrf_wind_mapping_node-2] [GMRF] MAP Mean value estimated in 10.583 milliseconds
[gmrf_wind_mapping_node-2] --> MAP did not converge after 1 iterations.
[gmrf_wind_mapping_node-2] [GMRF] MAP Mean value estimated in 10.5832 milliseconds
[gmrf_wind_mapping_node-2] --> MAP did not converge after 1 iterations.
[gmrf_wind_mapping_node-2] [GMRF] MAP Mean value estimated in 10.5812 milliseconds
[gmrf_wind_mapping_node-2] --> MAP did not converge after 1 iterations.
[gmrf_wind_mapping_node-2] [GMRF] MAP Mean value estimated in 10.5831 milliseconds
[gmrf_wind_mapping_node-2] --> MAP did not converge after 1 iterations.
[gmrf_wind_mapping_node-2] [GMRF] MAP Mean value estimated in 10.5851 milliseconds
[gmrf_wind_mapping_node-2] --> MAP did not converge after 1 iterations.
[gmrf_wind_mapping_node-2] [GMRF] MAP Mean value estimated in 10.5825 milliseconds
[gmrf_wind_mapping_node-2] --> MAP did not converge after 1 iterations.
[gmrf_wind_mapping_node-2] [GMRF] MAP Mean value estimated in 10.585 milliseconds
[gmrf_wind_mapping_node-2] --> MAP did not converge after 1 iterations.
[gmrf_wind_mapping_node-2] [GMRF] MAP Mean value estimated in 10.587 milliseconds
[gmrf_wind_mapping_node-2] --> MAP did not converge after 1 iterations.
[gmrf_wind_mapping_node-2] [GMRF] MAP Mean value estimated in 10.5855 milliseconds
[gmrf_wind_mapping_node-2] --> MAP did not converge after 1 iterations.
[gmrf_wind_mapping_node-2] [GMRF] MAP Mean value estimated in 10.5846 milliseconds
[gmrf_wind_mapping_node-2] --> MAP did not converge after 1 iterations.
[gmrf_wind_mapping_node-2] [GMRF] MAP Mean value estimated in 10.5866 milliseconds
[gmrf_wind_mapping_node-2] --> MAP did not converge after 1 iterations.
[gmrf_wind_mapping_node-2] [GMRF] MAP Mean value estimated in 10.5845 milliseconds
[gmrf_wind_mapping_node-2] --> MAP did not converge after 1 iterations.
[gmrf_wind_mapping_node-2] [GMRF] MAP Mean value estimated in 10.583 milliseconds
[gsl_actionserver_node-3] [INFO] [1788875944.911663800] [GSL]: 10 gas measurements, 10 wind measurements over 1.96 seconds
[gsl_actionserver_node-3] [INFO] [1788875944.911740205] [GSL]: avg_gas=0.86;  avg_windSpeed=0.2;  avg_wind_dir=2
[gsl_actionserver_node-3] [INFO] [1788875944.912574836] [GSL]: [33mGAS HIT[0m
[gsl_actionserver_node-3] [INFO] [1788875944.912612726] [GSL]: [DEBUG-WIND] useGroundTruth=false gmrf_req_size=626 gaden_req_size=-1
[gsl_actionserver_node-3] [INFO] [1788875944.912622640] [GSL]: [DEBUG-WIND] Taking GMRF path
[gsl_actionserver_node-3] [INFO] [1788875944.948713097] [GSL - Trace]: [32mEntering StopAndMeasure[0m
[gmrf_wind_mapping_node-2] --> MAP did not converge after 1 iterations.
[gmrf_wind_mapping_node-2] [GMRF] MAP Mean value estimated in 10.5838 milliseconds
[gmrf_wind_mapping_node-2] --> MAP did not converge after 1 iterations.
[gmrf_wind_mapping_node-2] [GMRF] MAP Mean value estimated in 10.5858 milliseconds
[gmrf_wind_mapping_node-2] --> MAP did not converge after 1 iterations.
[gmrf_wind_mapping_node-2] [GMRF] MAP Mean value estimated in 10.5878 milliseconds
[gmrf_wind_mapping_node-2] --> MAP did not converge after 1 iterations.
[gmrf_wind_mapping_node-2] [GMRF] MAP Mean value estimated in 10.5903 milliseconds
[gmrf_wind_mapping_node-2] --> MAP did not converge after 1 iterations.
[gmrf_wind_mapping_node-2] [GMRF] MAP Mean value estimated in 10.5905 milliseconds
[gmrf_wind_mapping_node-2] --> MAP did not converge after 1 iterations.
[gmrf_wind_mapping_node-2] [GMRF] MAP Mean value estimated in 10.5919 milliseconds
[gmrf_wind_mapping_node-2] --> MAP did not converge after 1 iterations.
[gmrf_wind_mapping_node-2] [GMRF] MAP Mean value estimated in 10.5939 milliseconds
[gmrf_wind_mapping_node-2] --> MAP did not converge after 1 iterations.
[gmrf_wind_mapping_node-2] [GMRF] MAP Mean value estimated in 10.5959 milliseconds
[gmrf_wind_mapping_node-2] --> MAP did not converge after 1 iterations.
[gmrf_wind_mapping_node-2] [GMRF] MAP Mean value estimated in 10.5978 milliseconds
[gmrf_wind_mapping_node-2] --> MAP did not converge after 1 iterations.
[gmrf_wind_mapping_node-2] [GMRF] MAP Mean value estimated in 10.5957 milliseconds
[gmrf_wind_mapping_node-2] --> MAP did not converge after 1 iterations.
[gmrf_wind_mapping_node-2] [GMRF] MAP Mean value estimated in 10.5971 milliseconds
[gmrf_wind_mapping_node-2] --> MAP did not converge after 1 iterations.
[gmrf_wind_mapping_node-2] [GMRF] MAP Mean value estimated in 10.5991 milliseconds
[gmrf_wind_mapping_node-2] --> MAP did not converge after 1 iterations.
[gmrf_wind_mapping_node-2] [GMRF] MAP Mean value estimated in 10.5993 milliseconds
[gmrf_wind_mapping_node-2] --> MAP did not converge after 1 iterations.
[gmrf_wind_mapping_node-2] [GMRF] MAP Mean value estimated in 10.5972 milliseconds
[gmrf_wind_mapping_node-2] --> MAP did not converge after 1 iterations.
[gmrf_wind_mapping_node-2] [GMRF] MAP Mean value estimated in 10.5998 milliseconds
[gmrf_wind_mapping_node-2] --> MAP did not converge after 1 iterations.
[gmrf_wind_mapping_node-2] [GMRF] MAP Mean value estimated in 10.6011 milliseconds
[gmrf_wind_mapping_node-2] --> MAP did not converge after 1 iterations.
[gmrf_wind_mapping_node-2] [GMRF] MAP Mean value estimated in 10.6008 milliseconds
[gmrf_wind_mapping_node-2] --> MAP did not converge after 1 iterations.
[gmrf_wind_mapping_node-2] [GMRF] MAP Mean value estimated in 10.5993 milliseconds
[gmrf_wind_mapping_node-2] --> MAP did not converge after 1 iterations.
[gmrf_wind_mapping_node-2] [GMRF] MAP Mean value estimated in 10.6018 milliseconds
[gmrf_wind_mapping_node-2] --> MAP did not converge after 1 iterations.
[gmrf_wind_mapping_node-2] [GMRF] MAP Mean value estimated in 10.6003 milliseconds
[gsl_actionserver_node-3] [INFO] [1788875946.911637944] [GSL]: 10 gas measurements, 10 wind measurements over 1.96 seconds
[gsl_actionserver_node-3] [INFO] [1788875946.911698392] [GSL]: avg_gas=0.85;  avg_windSpeed=0.2;  avg_wind_dir=2
[gsl_actionserver_node-3] [INFO] [1788875946.912204203] [GSL]: [33mGAS HIT[0m
[gsl_actionserver_node-3] [INFO] [1788875946.912213887] [GSL]: [DEBUG-WIND] useGroundTruth=false gmrf_req_size=626 gaden_req_size=-1
[gsl_actionserver_node-3] [INFO] [1788875946.912652170] [GSL]: [DEBUG-WIND] Taking GMRF path
[gsl_actionserver_node-3] [INFO] [1788875946.948055751] [GSL - Trace]: [32mEntering StopAndMeasure[0m
[gmrf_wind_mapping_node-2] --> MAP did not converge after 1 iterations.
[gmrf_wind_mapping_node-2] [GMRF] MAP Mean value estimated in 10.6011 milliseconds
[gmrf_wind_mapping_node-2] --> MAP did not converge after 1 iterations.
[gmrf_wind_mapping_node-2] [GMRF] MAP Mean value estimated in 10.5991 milliseconds
[gmrf_wind_mapping_node-2] --> MAP did not converge after 1 iterations.
[gmrf_wind_mapping_node-2] [GMRF] MAP Mean value estimated in 10.597 milliseconds
[gmrf_wind_mapping_node-2] --> MAP did not converge after 1 iterations.
[gmrf_wind_mapping_node-2] [GMRF] MAP Mean value estimated in 10.595 milliseconds
[gmrf_wind_mapping_node-2] --> MAP did not converge after 1 iterations.
[gmrf_wind_mapping_node-2] [GMRF] MAP Mean value estimated in 10.5929 milliseconds
[gmrf_wind_mapping_node-2] --> MAP did not converge after 1 iterations.
[gmrf_wind_mapping_node-2] [GMRF] MAP Mean value estimated in 10.5909 milliseconds
[gmrf_wind_mapping_node-2] --> MAP did not converge after 1 iterations.
[gmrf_wind_mapping_node-2] [GMRF] MAP Mean value estimated in 10.59 milliseconds
[gmrf_wind_mapping_node-2] --> MAP did not converge after 1 iterations.
[gmrf_wind_mapping_node-2] [GMRF] MAP Mean value estimated in 10.5896 milliseconds
[gmrf_wind_mapping_node-2] --> MAP did not converge after 1 iterations.
[gmrf_wind_mapping_node-2] [GMRF] MAP Mean value estimated in 10.5876 milliseconds
[gmrf_wind_mapping_node-2] --> MAP did not converge after 1 iterations.
[gmrf_wind_mapping_node-2] [GMRF] MAP Mean value estimated in 10.5867 milliseconds
[gmrf_wind_mapping_node-2] --> MAP did not converge after 1 iterations.
[gmrf_wind_mapping_node-2] [GMRF] MAP Mean value estimated in 10.5869 milliseconds
[gmrf_wind_mapping_node-2] --> MAP did not converge after 1 iterations.
[gmrf_wind_mapping_node-2] [GMRF] MAP Mean value estimated in 10.5877 milliseconds
[gmrf_wind_mapping_node-2] --> MAP did not converge after 1 iterations.
[gmrf_wind_mapping_node-2] [GMRF] MAP Mean value estimated in 10.5868 milliseconds
[gmrf_wind_mapping_node-2] --> MAP did not converge after 1 iterations.
[gmrf_wind_mapping_node-2] [GMRF] MAP Mean value estimated in 10.5893 milliseconds
[gmrf_wind_mapping_node-2] --> MAP did not converge after 1 iterations.
[gmrf_wind_mapping_node-2] [GMRF] MAP Mean value estimated in 10.5901 milliseconds
[gmrf_wind_mapping_node-2] --> MAP did not converge after 1 iterations.
[gmrf_wind_mapping_node-2] [GMRF] MAP Mean value estimated in 10.5904 milliseconds
[gmrf_wind_mapping_node-2] --> MAP did not converge after 1 iterations.
[gmrf_wind_mapping_node-2] [GMRF] MAP Mean value estimated in 10.5883 milliseconds
[gmrf_wind_mapping_node-2] --> MAP did not converge after 1 iterations.
[gmrf_wind_mapping_node-2] [GMRF] MAP Mean value estimated in 10.5863 milliseconds
[gmrf_wind_mapping_node-2] --> MAP did not converge after 1 iterations.
[gmrf_wind_mapping_node-2] [GMRF] MAP Mean value estimated in 10.5837 milliseconds
[gmrf_wind_mapping_node-2] --> MAP did not converge after 1 iterations.
[gmrf_wind_mapping_node-2] [GMRF] MAP Mean value estimated in 10.5834 milliseconds
[gsl_actionserver_node-3] [INFO] [1788875948.911605862] [GSL]: 10 gas measurements, 10 wind measurements over 1.96 seconds
[gsl_actionserver_node-3] [INFO] [1788875948.911670350] [GSL]: avg_gas=0.86;  avg_windSpeed=0.2;  avg_wind_dir=2
[gsl_actionserver_node-3] [INFO] [1788875948.912190044] [GSL]: [33mGAS HIT[0m
[gsl_actionserver_node-3] [INFO] [1788875948.912199927] [GSL]: [DEBUG-WIND] useGroundTruth=false gmrf_req_size=626 gaden_req_size=-1
[gsl_actionserver_node-3] [INFO] [1788875948.912206547] [GSL]: [DEBUG-WIND] Taking GMRF path
[gsl_actionserver_node-3] [INFO] [1788875948.947904419] [GSL - Trace]: [32mEntering StopAndMeasure[0m
[gmrf_wind_mapping_node-2] --> MAP did not converge after 1 iterations.
[gmrf_wind_mapping_node-2] [GMRF] MAP Mean value estimated in 10.5814 milliseconds
[gmrf_wind_mapping_node-2] --> MAP did not converge after 1 iterations.
[gmrf_wind_mapping_node-2] [GMRF] MAP Mean value estimated in 10.5799 milliseconds
[gmrf_wind_mapping_node-2] --> MAP did not converge after 1 iterations.
[gmrf_wind_mapping_node-2] [GMRF] MAP Mean value estimated in 10.5773 milliseconds
[gmrf_wind_mapping_node-2] --> MAP did not converge after 1 iterations.
[gmrf_wind_mapping_node-2] [GMRF] MAP Mean value estimated in 10.5781 milliseconds
[gmrf_wind_mapping_node-2] --> MAP did not converge after 1 iterations.
[gmrf_wind_mapping_node-2] [GMRF] MAP Mean value estimated in 10.5767 milliseconds
[gmrf_wind_mapping_node-2] --> MAP did not converge after 1 iterations.
[gmrf_wind_mapping_node-2] [GMRF] MAP Mean value estimated in 10.5746 milliseconds
[gmrf_wind_mapping_node-2] --> MAP did not converge after 1 iterations.
[gmrf_wind_mapping_node-2] [GMRF] MAP Mean value estimated in 10.5721 milliseconds
[gmrf_wind_mapping_node-2] --> MAP did not converge after 1 iterations.
[gmrf_wind_mapping_node-2] [GMRF] MAP Mean value estimated in 10.5729 milliseconds
[gmrf_wind_mapping_node-2] --> MAP did not converge after 1 iterations.
[gmrf_wind_mapping_node-2] [GMRF] MAP Mean value estimated in 10.5742 milliseconds
[gmrf_wind_mapping_node-2] --> MAP did not converge after 1 iterations.
[gmrf_wind_mapping_node-2] [GMRF] MAP Mean value estimated in 10.5728 milliseconds
[gmrf_wind_mapping_node-2] --> MAP did not converge after 1 iterations.
[gmrf_wind_mapping_node-2] [GMRF] MAP Mean value estimated in 10.5708 milliseconds
[gmrf_wind_mapping_node-2] --> MAP did not converge after 1 iterations.
[gmrf_wind_mapping_node-2] [GMRF] MAP Mean value estimated in 10.5727 milliseconds
[gmrf_wind_mapping_node-2] --> MAP did not converge after 1 iterations.
[gmrf_wind_mapping_node-2] [GMRF] MAP Mean value estimated in 10.5758 milliseconds
[gmrf_wind_mapping_node-2] --> MAP did not converge after 1 iterations.
[gmrf_wind_mapping_node-2] [GMRF] MAP Mean value estimated in 10.5782 milliseconds
[gmrf_wind_mapping_node-2] --> MAP did not converge after 1 iterations.
[gmrf_wind_mapping_node-2] [GMRF] MAP Mean value estimated in 10.579 milliseconds
[gmrf_wind_mapping_node-2] --> MAP did not converge after 1 iterations.
[gmrf_wind_mapping_node-2] [GMRF] MAP Mean value estimated in 10.5804 milliseconds
[gmrf_wind_mapping_node-2] --> MAP did not converge after 1 iterations.
[gmrf_wind_mapping_node-2] [GMRF] MAP Mean value estimated in 10.5812 milliseconds
[gmrf_wind_mapping_node-2] --> MAP did not converge after 1 iterations.
[gmrf_wind_mapping_node-2] [GMRF] MAP Mean value estimated in 10.5842 milliseconds
[gmrf_wind_mapping_node-2] --> MAP did not converge after 1 iterations.
[gmrf_wind_mapping_node-2] [GMRF] MAP Mean value estimated in 10.5856 milliseconds
[gmrf_wind_mapping_node-2] --> MAP did not converge after 1 iterations.
[gmrf_wind_mapping_node-2] [GMRF] MAP Mean value estimated in 10.5836 milliseconds
[gsl_actionserver_node-3] [INFO] [1788875950.911718200] [GSL]: 10 gas measurements, 10 wind measurements over 1.96 seconds
[gsl_actionserver_node-3] [INFO] [1788875950.911780733] [GSL]: avg_gas=0.83;  avg_windSpeed=0.2;  avg_wind_dir=2
[gsl_actionserver_node-3] [INFO] [1788875950.912359388] [GSL]: [33mGAS HIT[0m
[gsl_actionserver_node-3] [INFO] [1788875950.912388677] [GSL]: [DEBUG-WIND] useGroundTruth=false gmrf_req_size=626 gaden_req_size=-1
[gsl_actionserver_node-3] [INFO] [1788875950.912643863] [GSL]: [DEBUG-WIND] Taking GMRF path
[gsl_actionserver_node-3] [INFO] [1788875950.947634374] [GSL - Trace]: [32mEntering StopAndMeasure[0m
[gmrf_wind_mapping_node-2] --> MAP did not converge after 1 iterations.
[gmrf_wind_mapping_node-2] [GMRF] MAP Mean value estimated in 10.5816 milliseconds
[gmrf_wind_mapping_node-2] --> MAP did not converge after 1 iterations.
[gmrf_wind_mapping_node-2] [GMRF] MAP Mean value estimated in 10.579 milliseconds
[gmrf_wind_mapping_node-2] --> MAP did not converge after 1 iterations.
[gmrf_wind_mapping_node-2] [GMRF] MAP Mean value estimated in 10.5798 milliseconds
[gmrf_wind_mapping_node-2] --> MAP did not converge after 1 iterations.
[gmrf_wind_mapping_node-2] [GMRF] MAP Mean value estimated in 10.5778 milliseconds
[gmrf_wind_mapping_node-2] --> MAP did not converge after 1 iterations.
[gmrf_wind_mapping_node-2] [GMRF] MAP Mean value estimated in 10.5758 milliseconds
[gmrf_wind_mapping_node-2] --> MAP did not converge after 1 iterations.
[gmrf_wind_mapping_node-2] [GMRF] MAP Mean value estimated in 10.5738 milliseconds
[gmrf_wind_mapping_node-2] --> MAP did not converge after 1 iterations.
[gmrf_wind_mapping_node-2] [GMRF] MAP Mean value estimated in 10.5718 milliseconds
[gmrf_wind_mapping_node-2] --> MAP did not converge after 1 iterations.
[gmrf_wind_mapping_node-2] [GMRF] MAP Mean value estimated in 10.5698 milliseconds
[gmrf_wind_mapping_node-2] --> MAP did not converge after 1 iterations.
[gmrf_wind_mapping_node-2] [GMRF] MAP Mean value estimated in 10.5679 milliseconds
[gmrf_wind_mapping_node-2] --> MAP did not converge after 1 iterations.
[gmrf_wind_mapping_node-2] [GMRF] MAP Mean value estimated in 10.5659 milliseconds
[gmrf_wind_mapping_node-2] --> MAP did not converge after 1 iterations.
[gmrf_wind_mapping_node-2] [GMRF] MAP Mean value estimated in 10.5644 milliseconds
[gmrf_wind_mapping_node-2] --> MAP did not converge after 1 iterations.
[gmrf_wind_mapping_node-2] [GMRF] MAP Mean value estimated in 10.5619 milliseconds
[gmrf_wind_mapping_node-2] --> MAP did not converge after 1 iterations.
[gmrf_wind_mapping_node-2] [GMRF] MAP Mean value estimated in 10.5599 milliseconds
[gmrf_wind_mapping_node-2] --> MAP did not converge after 1 iterations.
[gmrf_wind_mapping_node-2] [GMRF] MAP Mean value estimated in 10.558 milliseconds
[gmrf_wind_mapping_node-2] --> MAP did not converge after 1 iterations.
[gmrf_wind_mapping_node-2] [GMRF] MAP Mean value estimated in 10.556 milliseconds
[gmrf_wind_mapping_node-2] --> MAP did not converge after 1 iterations.
[gmrf_wind_mapping_node-2] [GMRF] MAP Mean value estimated in 10.554 milliseconds
[gmrf_wind_mapping_node-2] --> MAP did not converge after 1 iterations.
[gmrf_wind_mapping_node-2] [GMRF] MAP Mean value estimated in 10.5515 milliseconds
[gmrf_wind_mapping_node-2] --> MAP did not converge after 1 iterations.
[gmrf_wind_mapping_node-2] [GMRF] MAP Mean value estimated in 10.5495 milliseconds
[gmrf_wind_mapping_node-2] --> MAP did not converge after 1 iterations.
[gmrf_wind_mapping_node-2] [GMRF] MAP Mean value estimated in 10.5476 milliseconds
[gmrf_wind_mapping_node-2] --> MAP did not converge after 1 iterations.
[gmrf_wind_mapping_node-2] [GMRF] MAP Mean value estimated in 10.5462 milliseconds
[gsl_actionserver_node-3] [INFO] [1788875952.911721354] [GSL]: 10 gas measurements, 10 wind measurements over 1.96 seconds
[gsl_actionserver_node-3] [INFO] [1788875952.911806604] [GSL]: avg_gas=0.77;  avg_windSpeed=0.2;  avg_wind_dir=2
[gsl_actionserver_node-3] [INFO] [1788875952.912614309] [GSL]: [33mGAS HIT[0m
[gsl_actionserver_node-3] [INFO] [1788875952.912629487] [GSL]: [DEBUG-WIND] useGroundTruth=false gmrf_req_size=626 gaden_req_size=-1
[gsl_actionserver_node-3] [INFO] [1788875952.912639732] [GSL]: [DEBUG-WIND] Taking GMRF path
[gsl_actionserver_node-3] [INFO] [1788875952.948195116] [GSL - Trace]: [32mEntering StopAndMeasure[0m
[gmrf_wind_mapping_node-2] --> MAP did not converge after 1 iterations.
[gmrf_wind_mapping_node-2] [GMRF] MAP Mean value estimated in 10.547 milliseconds
[gmrf_wind_mapping_node-2] --> MAP did not converge after 1 iterations.
[gmrf_wind_mapping_node-2] [GMRF] MAP Mean value estimated in 10.5467 milliseconds
[gmrf_wind_mapping_node-2] --> MAP did not converge after 1 iterations.
[gmrf_wind_mapping_node-2] [GMRF] MAP Mean value estimated in 10.5486 milliseconds
[gmrf_wind_mapping_node-2] --> MAP did not converge after 1 iterations.
[gmrf_wind_mapping_node-2] [GMRF] MAP Mean value estimated in 10.551 milliseconds
[gmrf_wind_mapping_node-2] --> MAP did not converge after 1 iterations.
[gmrf_wind_mapping_node-2] [GMRF] MAP Mean value estimated in 10.5491 milliseconds
[gmrf_wind_mapping_node-2] --> MAP did not converge after 1 iterations.
[gmrf_wind_mapping_node-2] [GMRF] MAP Mean value estimated in 10.5471 milliseconds
[gmrf_wind_mapping_node-2] --> MAP did not converge after 1 iterations.
[gmrf_wind_mapping_node-2] [GMRF] MAP Mean value estimated in 10.5468 milliseconds
[gmrf_wind_mapping_node-2] --> MAP did not converge after 1 iterations.
[gmrf_wind_mapping_node-2] [GMRF] MAP Mean value estimated in 10.5493 milliseconds
[gmrf_wind_mapping_node-2] --> MAP did not converge after 1 iterations.
[gmrf_wind_mapping_node-2] [GMRF] MAP Mean value estimated in 10.5501 milliseconds
[gmrf_wind_mapping_node-2] --> MAP did not converge after 1 iterations.
[gmrf_wind_mapping_node-2] [GMRF] MAP Mean value estimated in 10.5481 milliseconds
[gmrf_wind_mapping_node-2] --> MAP did not converge after 1 iterations.
[gmrf_wind_mapping_node-2] [GMRF] MAP Mean value estimated in 10.5495 milliseconds
[gmrf_wind_mapping_node-2] --> MAP did not converge after 1 iterations.
[gmrf_wind_mapping_node-2] [GMRF] MAP Mean value estimated in 10.5513 milliseconds
[gmrf_wind_mapping_node-2] --> MAP did not converge after 1 iterations.
[gmrf_wind_mapping_node-2] [GMRF] MAP Mean value estimated in 10.5494 milliseconds
[gmrf_wind_mapping_node-2] --> MAP did not converge after 1 iterations.
[gmrf_wind_mapping_node-2] [GMRF] MAP Mean value estimated in 10.5502 milliseconds
[gmrf_wind_mapping_node-2] --> MAP did not converge after 1 iterations.
[gmrf_wind_mapping_node-2] [GMRF] MAP Mean value estimated in 10.5488 milliseconds
[gmrf_wind_mapping_node-2] --> MAP did not converge after 1 iterations.
[gmrf_wind_mapping_node-2] [GMRF] MAP Mean value estimated in 10.5496 milliseconds
[gmrf_wind_mapping_node-2] --> MAP did not converge after 1 iterations.
[gmrf_wind_mapping_node-2] [GMRF] MAP Mean value estimated in 10.5504 milliseconds
[gmrf_wind_mapping_node-2] --> MAP did not converge after 1 iterations.
[gmrf_wind_mapping_node-2] [GMRF] MAP Mean value estimated in 10.5539 milliseconds
[gmrf_wind_mapping_node-2] --> MAP did not converge after 1 iterations.
[gmrf_wind_mapping_node-2] [GMRF] MAP Mean value estimated in 10.5542 milliseconds
[gmrf_wind_mapping_node-2] --> MAP did not converge after 1 iterations.
[gmrf_wind_mapping_node-2] [GMRF] MAP Mean value estimated in 10.5533 milliseconds
[gsl_actionserver_node-3] [INFO] [1788875954.911633704] [GSL]: 10 gas measurements, 10 wind measurements over 1.96 seconds
[gsl_actionserver_node-3] [INFO] [1788875954.911689208] [GSL]: avg_gas=0.62;  avg_windSpeed=0.2;  avg_wind_dir=2
[gsl_actionserver_node-3] [INFO] [1788875954.912231065] [GSL]: [33mGAS HIT[0m
[gsl_actionserver_node-3] [INFO] [1788875954.912243443] [GSL]: [DEBUG-WIND] useGroundTruth=false gmrf_req_size=626 gaden_req_size=-1
[gsl_actionserver_node-3] [INFO] [1788875954.912250141] [GSL]: [DEBUG-WIND] Taking GMRF path
[gsl_actionserver_node-3] [INFO] [1788875954.947730190] [GSL - Trace]: [32mEntering StopAndMeasure[0m
[gmrf_wind_mapping_node-2] --> MAP did not converge after 1 iterations.
[gmrf_wind_mapping_node-2] [GMRF] MAP Mean value estimated in 10.553 milliseconds
[gmrf_wind_mapping_node-2] --> MAP did not converge after 1 iterations.
[gmrf_wind_mapping_node-2] [GMRF] MAP Mean value estimated in 10.5554 milliseconds
[gmrf_wind_mapping_node-2] --> MAP did not converge after 1 iterations.
[gmrf_wind_mapping_node-2] [GMRF] MAP Mean value estimated in 10.5584 milliseconds
[gmrf_wind_mapping_node-2] --> MAP did not converge after 1 iterations.
[gmrf_wind_mapping_node-2] [GMRF] MAP Mean value estimated in 10.5608 milliseconds
[gmrf_wind_mapping_node-2] --> MAP did not converge after 1 iterations.
[gmrf_wind_mapping_node-2] [GMRF] MAP Mean value estimated in 10.5627 milliseconds
[gmrf_wind_mapping_node-2] --> MAP did not converge after 1 iterations.
[gmrf_wind_mapping_node-2] [GMRF] MAP Mean value estimated in 10.5646 milliseconds
[gmrf_wind_mapping_node-2] --> MAP did not converge after 1 iterations.
[gmrf_wind_mapping_node-2] [GMRF] MAP Mean value estimated in 10.5648 milliseconds
[gmrf_wind_mapping_node-2] --> MAP did not converge after 1 iterations.
[gmrf_wind_mapping_node-2] [GMRF] MAP Mean value estimated in 10.5661 milliseconds
[gmrf_wind_mapping_node-2] --> MAP did not converge after 1 iterations.
[gmrf_wind_mapping_node-2] [GMRF] MAP Mean value estimated in 10.5653 milliseconds
[gmrf_wind_mapping_node-2] --> MAP did not converge after 1 iterations.
[gmrf_wind_mapping_node-2] [GMRF] MAP Mean value estimated in 10.5639 milliseconds
[gmrf_wind_mapping_node-2] --> MAP did not converge after 1 iterations.
[gmrf_wind_mapping_node-2] [GMRF] MAP Mean value estimated in 10.562 milliseconds
[gmrf_wind_mapping_node-2] --> MAP did not converge after 1 iterations.
[gmrf_wind_mapping_node-2] [GMRF] MAP Mean value estimated in 10.5617 milliseconds
[gmrf_wind_mapping_node-2] --> MAP did not converge after 1 iterations.
[gmrf_wind_mapping_node-2] [GMRF] MAP Mean value estimated in 10.5592 milliseconds
[gmrf_wind_mapping_node-2] --> MAP did not converge after 1 iterations.
[gmrf_wind_mapping_node-2] [GMRF] MAP Mean value estimated in 10.56 milliseconds
[gmrf_wind_mapping_node-2] --> MAP did not converge after 1 iterations.
[gmrf_wind_mapping_node-2] [GMRF] MAP Mean value estimated in 10.5613 milliseconds
[gmrf_wind_mapping_node-2] --> MAP did not converge after 1 iterations.
[gmrf_wind_mapping_node-2] [GMRF] MAP Mean value estimated in 10.5621 milliseconds
[gmrf_wind_mapping_node-2] --> MAP did not converge after 1 iterations.
[gmrf_wind_mapping_node-2] [GMRF] MAP Mean value estimated in 10.5645 milliseconds
[gmrf_wind_mapping_node-2] --> MAP did not converge after 1 iterations.
[gmrf_wind_mapping_node-2] [GMRF] MAP Mean value estimated in 10.5669 milliseconds
[gmrf_wind_mapping_node-2] --> MAP did not converge after 1 iterations.
[gmrf_wind_mapping_node-2] [GMRF] MAP Mean value estimated in 10.5687 milliseconds
[gmrf_wind_mapping_node-2] --> MAP did not converge after 1 iterations.
[gmrf_wind_mapping_node-2] [GMRF] MAP Mean value estimated in 10.5668 milliseconds
[gsl_actionserver_node-3] [INFO] [1788875956.911683836] [GSL]: 10 gas measurements, 10 wind measurements over 1.96 seconds
[gsl_actionserver_node-3] [INFO] [1788875956.911759208] [GSL]: avg_gas=0.89;  avg_windSpeed=0.2;  avg_wind_dir=2
[gsl_actionserver_node-3] [INFO] [1788875956.912369246] [GSL]: [33mGAS HIT[0m
[gsl_actionserver_node-3] [INFO] [1788875956.912380659] [GSL]: [DEBUG-WIND] useGroundTruth=false gmrf_req_size=626 gaden_req_size=-1
[gsl_actionserver_node-3] [INFO] [1788875956.912388496] [GSL]: [DEBUG-WIND] Taking GMRF path
[gsl_actionserver_node-3] [INFO] [1788875956.947744518] [GSL]: [33mStarted simulations. Might take a while![0m
[gmrf_wind_mapping_node-2] --> MAP did not converge after 1 iterations.
[gmrf_wind_mapping_node-2] [GMRF] MAP Mean value estimated in 10.567 milliseconds
[gmrf_wind_mapping_node-2] --> MAP did not converge after 1 iterations.
[gmrf_wind_mapping_node-2] [GMRF] MAP Mean value estimated in 10.5683 milliseconds
[gsl_actionserver_node-3] [INFO] [1788875957.082887166] [GSL]: CER contrastive context initialized: events=80, candidates=85, transport_members=1, fixed_ratio_weight=1, context_within_member=true, centered_log_odds=true
[gsl_actionserver_node-3] [INFO] [1788875957.083820013] [GSL - Trace]: [32mFirst simulation level done[0m
[gsl_actionserver_node-3] [INFO] [1788875957.083855605] [GSL]: [RC2-DIAG] scores_size=85 refineFraction=0.25 refine_product=21.25 valid_first_level=85 sum_sourceProbInternal_before_norm=178.95876031392422 min_sourceProbInternal_before_norm=0 max_sourceProbInternal_before_norm=0.9976027579770622 finite_sourceProbInternal=1242 finite_varianceOfHitProb=1242
[gmrf_wind_mapping_node-2] --> MAP did not converge after 1 iterations.
[gmrf_wind_mapping_node-2] [GMRF] MAP Mean value estimated in 10.5724 milliseconds
[gsl_actionserver_node-3] [INFO] [1788875957.210456854] [GSL - Trace]: [32mSimulation level 2 done[0m
[gmrf_wind_mapping_node-2] --> MAP did not converge after 1 iterations.
[gmrf_wind_mapping_node-2] [GMRF] MAP Mean value estimated in 10.5731 milliseconds
[gsl_actionserver_node-3] [INFO] [1788875957.303802027] [GSL - Trace]: [32mSimulation level 3 done[0m
[gmrf_wind_mapping_node-2] --> MAP did not converge after 1 iterations.
[gmrf_wind_mapping_node-2] [GMRF] MAP Mean value estimated in 10.5723 milliseconds
[gsl_actionserver_node-3] [INFO] [1788875957.361944496] [GSL - Trace]: [32mSimulation level 4 done[0m
[gsl_actionserver_node-3] [INFO] [1788875957.362437087] [GSL - Trace]: [32mSimulation level 5 done[0m
[gsl_actionserver_node-3] [INFO] [1788875957.362827123] [GSL]: Number of levels in the simulation: 5
[gsl_actionserver_node-3] [INFO] [1788875957.362977942] [GSL]: Total number of simulations: 245
[gsl_actionserver_node-3] [INFO] [1788875957.363435663] [GSL]: CORE sequential event-time commit: window_start=56, new_events=24, committed_total=80
[gsl_actionserver_node-3] [INFO] [1788875957.363452461] [GSL]: [RC2-DIAG] normalized_finite_count=1242 normalized_sum=1
[gsl_actionserver_node-3] [INFO] [1788875957.363461078] [GSL]: Time ellapsed in simulation = 0.415664645 s
[gsl_actionserver_node-3] [INFO] [1788875957.367339143] [GSL]: Max mutual info: 2.437
[gsl_actionserver_node-3] [INFO] [1788875957.367832636] [GSL]: MutualInformation - Ellapsed: 0.004s
[vgr_sim_node-1] [WARN] [1788875957.375052603] [vgr_uav_sim]: PLAN_CB: called with goal=(5.90,-0.81)
[vgr_sim_node-1] [WARN] [1788875957.381697288] [vgr_uav_sim]: PLAN_CB: returning 12 poses
[vgr_sim_node-1] [WARN] [1788875957.393937819] [vgr_uav_sim]: PLAN_CB: called with goal=(5.90,-0.81)
[vgr_sim_node-1] [WARN] [1788875957.396527782] [vgr_uav_sim]: PLAN_CB: returning 12 poses
[gsl_actionserver_node-3] [INFO] [1788875957.404043133] [GSL]: Sending goal (5.90, -0.81)
[gsl_actionserver_node-3] [INFO] [1788875957.404407939] [GSL]: Variance: 1.43
[gsl_actionserver_node-3] [INFO] [1788875957.404429024] [GSL - Trace]: [32mEntering Moving[0m
[vgr_sim_node-1] [INFO] [1788875957.406757359] [vgr_uav_sim]: Prepared 12 collision-free navigation waypoints to (5.90, -0.81)
[vgr_sim_node-1] [INFO] [1788875957.407787104] [vgr_uav_sim]: UAV navigating in audited 2-D mode to (5.90, -0.81, 0.30)
[gmrf_wind_mapping_node-2] --> MAP did not converge after 1 iterations.
[gmrf_wind_mapping_node-2] [GMRF] MAP Mean value estimated in 10.573 milliseconds
[gmrf_wind_mapping_node-2] --> MAP did not converge after 1 iterations.
[gmrf_wind_mapping_node-2] [GMRF] MAP Mean value estimated in 10.5733 milliseconds
[gmrf_wind_mapping_node-2] --> MAP did not converge after 1 iterations.
[gmrf_wind_mapping_node-2] [GMRF] MAP Mean value estimated in 10.5714 milliseconds
[gmrf_wind_mapping_node-2] --> MAP did not converge after 1 iterations.
[gmrf_wind_mapping_node-2] [GMRF] MAP Mean value estimated in 10.5732 milliseconds
[gmrf_wind_mapping_node-2] --> MAP did not converge after 1 iterations.
[gmrf_wind_mapping_node-2] [GMRF] MAP Mean value estimated in 10.5734 milliseconds
[gmrf_wind_mapping_node-2] --> MAP did not converge after 1 iterations.
[gmrf_wind_mapping_node-2] [GMRF] MAP Mean value estimated in 10.5753 milliseconds
[gmrf_wind_mapping_node-2] --> MAP did not converge after 1 iterations.
[gmrf_wind_mapping_node-2] [GMRF] MAP Mean value estimated in 10.5771 milliseconds
[gmrf_wind_mapping_node-2] --> MAP did not converge after 1 iterations.
[gmrf_wind_mapping_node-2] [GMRF] MAP Mean value estimated in 10.5752 milliseconds
[gmrf_wind_mapping_node-2] --> MAP did not converge after 1 iterations.
[gmrf_wind_mapping_node-2] [GMRF] MAP Mean value estimated in 10.5781 milliseconds
[gmrf_wind_mapping_node-2] --> MAP did not converge after 1 iterations.
[gmrf_wind_mapping_node-2] [GMRF] MAP Mean value estimated in 10.5789 milliseconds
[gmrf_wind_mapping_node-2] --> MAP did not converge after 1 iterations.
[gmrf_wind_mapping_node-2] [GMRF] MAP Mean value estimated in 10.5786 milliseconds
[gmrf_wind_mapping_node-2] --> MAP did not converge after 1 iterations.
[gmrf_wind_mapping_node-2] [GMRF] MAP Mean value estimated in 10.5804 milliseconds
[gmrf_wind_mapping_node-2] --> MAP did not converge after 1 iterations.
[gmrf_wind_mapping_node-2] [GMRF] MAP Mean value estimated in 10.5822 milliseconds
[gmrf_wind_mapping_node-2] --> MAP did not converge after 1 iterations.
[gmrf_wind_mapping_node-2] [GMRF] MAP Mean value estimated in 10.583 milliseconds
[gmrf_wind_mapping_node-2] --> MAP did not converge after 1 iterations.
[gmrf_wind_mapping_node-2] [GMRF] MAP Mean value estimated in 10.5837 milliseconds
[gmrf_wind_mapping_node-2] --> MAP did not converge after 1 iterations.
[gmrf_wind_mapping_node-2] [GMRF] MAP Mean value estimated in 10.5845 milliseconds
[gmrf_wind_mapping_node-2] --> MAP did not converge after 1 iterations.
[gmrf_wind_mapping_node-2] [GMRF] MAP Mean value estimated in 10.5847 milliseconds
[gmrf_wind_mapping_node-2] --> MAP did not converge after 1 iterations.
[gmrf_wind_mapping_node-2] [GMRF] MAP Mean value estimated in 10.586 milliseconds
[gmrf_wind_mapping_node-2] --> MAP did not converge after 1 iterations.
[gmrf_wind_mapping_node-2] [GMRF] MAP Mean value estimated in 10.5857 milliseconds
[gmrf_wind_mapping_node-2] --> MAP did not converge after 1 iterations.
[gmrf_wind_mapping_node-2] [GMRF] MAP Mean value estimated in 10.5859 milliseconds
[gmrf_wind_mapping_node-2] --> MAP did not converge after 1 iterations.
[gmrf_wind_mapping_node-2] [GMRF] MAP Mean value estimated in 10.5867 milliseconds
[gmrf_wind_mapping_node-2] --> MAP did not converge after 1 iterations.
[gmrf_wind_mapping_node-2] [GMRF] MAP Mean value estimated in 10.5885 milliseconds
[gsl_actionserver_node-3] [INFO] [1788875959.591425472] [GSL - Trace]: [32mEntering StopAndMeasure[0m
[gmrf_wind_mapping_node-2] --> MAP did not converge after 1 iterations.
[gmrf_wind_mapping_node-2] [GMRF] MAP Mean value estimated in 10.5903 milliseconds
[gmrf_wind_mapping_node-2] --> MAP did not converge after 1 iterations.
[gmrf_wind_mapping_node-2] [GMRF] MAP Mean value estimated in 10.5916 milliseconds
[gmrf_wind_mapping_node-2] --> MAP did not converge after 1 iterations.
[gmrf_wind_mapping_node-2] [GMRF] MAP Mean value estimated in 10.5897 milliseconds
[gmrf_wind_mapping_node-2] --> MAP did not converge after 1 iterations.
[gmrf_wind_mapping_node-2] [GMRF] MAP Mean value estimated in 10.5872 milliseconds
[gmrf_wind_mapping_node-2] --> MAP did not converge after 1 iterations.
[gmrf_wind_mapping_node-2] [GMRF] MAP Mean value estimated in 10.5885 milliseconds
[gmrf_wind_mapping_node-2] --> MAP did not converge after 1 iterations.
[gmrf_wind_mapping_node-2] [GMRF] MAP Mean value estimated in 10.5903 milliseconds
[gmrf_wind_mapping_node-2] --> MAP did not converge after 1 iterations.
[gmrf_wind_mapping_node-2] [GMRF] MAP Mean value estimated in 10.5911 milliseconds
[gmrf_wind_mapping_node-2] --> MAP did not converge after 1 iterations.
[gmrf_wind_mapping_node-2] [GMRF] MAP Mean value estimated in 10.5913 milliseconds
[gmrf_wind_mapping_node-2] --> MAP did not converge after 1 iterations.
[gmrf_wind_mapping_node-2] [GMRF] MAP Mean value estimated in 10.5926 milliseconds
[gmrf_wind_mapping_node-2] --> MAP did not converge after 1 iterations.
[gmrf_wind_mapping_node-2] [GMRF] MAP Mean value estimated in 10.5917 milliseconds
[gmrf_wind_mapping_node-2] --> MAP did not converge after 1 iterations.
[gmrf_wind_mapping_node-2] [GMRF] MAP Mean value estimated in 10.5925 milliseconds
[gmrf_wind_mapping_node-2] --> MAP did not converge after 1 iterations.
[gmrf_wind_mapping_node-2] [GMRF] MAP Mean value estimated in 10.5938 milliseconds
[gmrf_wind_mapping_node-2] --> MAP did not converge after 1 iterations.
[gmrf_wind_mapping_node-2] [GMRF] MAP Mean value estimated in 10.5929 milliseconds
[gmrf_wind_mapping_node-2] --> MAP did not converge after 1 iterations.
[gmrf_wind_mapping_node-2] [GMRF] MAP Mean value estimated in 10.5942 milliseconds
[gmrf_wind_mapping_node-2] --> MAP did not converge after 1 iterations.
[gmrf_wind_mapping_node-2] [GMRF] MAP Mean value estimated in 10.596 milliseconds
[gmrf_wind_mapping_node-2] --> MAP did not converge after 1 iterations.
[gmrf_wind_mapping_node-2] [GMRF] MAP Mean value estimated in 10.5941 milliseconds
[gmrf_wind_mapping_node-2] --> MAP did not converge after 1 iterations.
[gmrf_wind_mapping_node-2] [GMRF] MAP Mean value estimated in 10.5959 milliseconds
[gmrf_wind_mapping_node-2] --> MAP did not converge after 1 iterations.
[gmrf_wind_mapping_node-2] [GMRF] MAP Mean value estimated in 10.594 milliseconds
[gmrf_wind_mapping_node-2] --> MAP did not converge after 1 iterations.
[gmrf_wind_mapping_node-2] [GMRF] MAP Mean value estimated in 10.5947 milliseconds
[gsl_actionserver_node-3] [INFO] [1788875961.555516125] [GSL]: 10 gas measurements, 10 wind measurements over 1.96 seconds
[gsl_actionserver_node-3] [INFO] [1788875961.555596292] [GSL]: avg_gas=1.4;  avg_windSpeed=0.19;  avg_wind_dir=0.027
[gsl_actionserver_node-3] [INFO] [1788875961.556284525] [GSL]: [33mGAS HIT[0m
[gsl_actionserver_node-3] [INFO] [1788875961.556297528] [GSL]: [DEBUG-WIND] useGroundTruth=false gmrf_req_size=626 gaden_req_size=-1
[gsl_actionserver_node-3] [INFO] [1788875961.556306128] [GSL]: [DEBUG-WIND] Taking GMRF path
[gmrf_wind_mapping_node-2] --> MAP did not converge after 1 iterations.
[gmrf_wind_mapping_node-2] [GMRF] MAP Mean value estimated in 10.5944 milliseconds
[gsl_actionserver_node-3] [INFO] [1788875961.648528337] [GSL - Trace]: [32mEntering StopAndMeasure[0m
[gmrf_wind_mapping_node-2] --> MAP did not converge after 1 iterations.
[gmrf_wind_mapping_node-2] [GMRF] MAP Mean value estimated in 10.5967 milliseconds
[gmrf_wind_mapping_node-2] --> MAP did not converge after 1 iterations.
[gmrf_wind_mapping_node-2] [GMRF] MAP Mean value estimated in 10.5954 milliseconds
[gmrf_wind_mapping_node-2] --> MAP did not converge after 1 iterations.
[gmrf_wind_mapping_node-2] [GMRF] MAP Mean value estimated in 10.594 milliseconds
[gmrf_wind_mapping_node-2] --> MAP did not converge after 1 iterations.
[gmrf_wind_mapping_node-2] [GMRF] MAP Mean value estimated in 10.5953 milliseconds
[gmrf_wind_mapping_node-2] --> MAP did not converge after 1 iterations.
[gmrf_wind_mapping_node-2] [GMRF] MAP Mean value estimated in 10.5981 milliseconds
[gmrf_wind_mapping_node-2] --> MAP did not converge after 1 iterations.
[gmrf_wind_mapping_node-2] [GMRF] MAP Mean value estimated in 10.5962 milliseconds
[gmrf_wind_mapping_node-2] --> MAP did not converge after 1 iterations.
[gmrf_wind_mapping_node-2] [GMRF] MAP Mean value estimated in 10.5991 milliseconds
[gmrf_wind_mapping_node-2] --> MAP did not converge after 1 iterations.
[gmrf_wind_mapping_node-2] [GMRF] MAP Mean value estimated in 10.6003 milliseconds
[gmrf_wind_mapping_node-2] --> MAP did not converge after 1 iterations.
[gmrf_wind_mapping_node-2] [GMRF] MAP Mean value estimated in 10.6021 milliseconds
[gmrf_wind_mapping_node-2] --> MAP did not converge after 1 iterations.
[gmrf_wind_mapping_node-2] [GMRF] MAP Mean value estimated in 10.6002 milliseconds
[gmrf_wind_mapping_node-2] --> MAP did not converge after 1 iterations.
[gmrf_wind_mapping_node-2] [GMRF] MAP Mean value estimated in 10.603 milliseconds
[gmrf_wind_mapping_node-2] --> MAP did not converge after 1 iterations.
[gmrf_wind_mapping_node-2] [GMRF] MAP Mean value estimated in 10.6022 milliseconds
[gmrf_wind_mapping_node-2] --> MAP did not converge after 1 iterations.
[gmrf_wind_mapping_node-2] [GMRF] MAP Mean value estimated in 10.6035 milliseconds
[gmrf_wind_mapping_node-2] --> MAP did not converge after 1 iterations.
[gmrf_wind_mapping_node-2] [GMRF] MAP Mean value estimated in 10.6037 milliseconds
[gmrf_wind_mapping_node-2] --> MAP did not converge after 1 iterations.
[gmrf_wind_mapping_node-2] [GMRF] MAP Mean value estimated in 10.6039 milliseconds
[gmrf_wind_mapping_node-2] --> MAP did not converge after 1 iterations.
[gmrf_wind_mapping_node-2] [GMRF] MAP Mean value estimated in 10.6025 milliseconds
[gmrf_wind_mapping_node-2] --> MAP did not converge after 1 iterations.
[gmrf_wind_mapping_node-2] [GMRF] MAP Mean value estimated in 10.6043 milliseconds
[gmrf_wind_mapping_node-2] --> MAP did not converge after 1 iterations.
[gmrf_wind_mapping_node-2] [GMRF] MAP Mean value estimated in 10.6024 milliseconds
[gmrf_wind_mapping_node-2] --> MAP did not converge after 1 iterations.
[gmrf_wind_mapping_node-2] [GMRF] MAP Mean value estimated in 10.6005 milliseconds
[gsl_actionserver_node-3] [INFO] [1788875963.555422781] [GSL]: 10 gas measurements, 10 wind measurements over 1.91 seconds
[gsl_actionserver_node-3] [INFO] [1788875963.555487332] [GSL]: avg_gas=1.3;  avg_windSpeed=0.17;  avg_wind_dir=-0.11
[gmrf_wind_mapping_node-2] --> MAP did not converge after 1 iterations.
[gmrf_wind_mapping_node-2] [GMRF] MAP Mean value estimated in 10.5992 milliseconds
[gsl_actionserver_node-3] [INFO] [1788875963.555989748] [GSL]: [33mGAS HIT[0m
[gsl_actionserver_node-3] [INFO] [1788875963.556569334] [GSL]: [DEBUG-WIND] useGroundTruth=false gmrf_req_size=626 gaden_req_size=-1
[gsl_actionserver_node-3] [INFO] [1788875963.556589725] [GSL]: [DEBUG-WIND] Taking GMRF path
[gsl_actionserver_node-3] [INFO] [1788875963.647958712] [GSL - Trace]: [32mEntering StopAndMeasure[0m
[gmrf_wind_mapping_node-2] --> MAP did not converge after 1 iterations.
[gmrf_wind_mapping_node-2] [GMRF] MAP Mean value estimated in 10.6004 milliseconds
[gmrf_wind_mapping_node-2] --> MAP did not converge after 1 iterations.
[gmrf_wind_mapping_node-2] [GMRF] MAP Mean value estimated in 10.6001 milliseconds
[gmrf_wind_mapping_node-2] --> MAP did not converge after 1 iterations.
[gmrf_wind_mapping_node-2] [GMRF] MAP Mean value estimated in 10.6014 milliseconds
[gmrf_wind_mapping_node-2] --> MAP did not converge after 1 iterations.
[gmrf_wind_mapping_node-2] [GMRF] MAP Mean value estimated in 10.6016 milliseconds
[gmrf_wind_mapping_node-2] --> MAP did not converge after 1 iterations.
[gmrf_wind_mapping_node-2] [GMRF] MAP Mean value estimated in 10.6039 milliseconds
[gmrf_wind_mapping_node-2] --> MAP did not converge after 1 iterations.
[gmrf_wind_mapping_node-2] [GMRF] MAP Mean value estimated in 10.6067 milliseconds
[gmrf_wind_mapping_node-2] --> MAP did not converge after 1 iterations.
[gmrf_wind_mapping_node-2] [GMRF] MAP Mean value estimated in 10.6079 milliseconds
[gmrf_wind_mapping_node-2] --> MAP did not converge after 1 iterations.
[gmrf_wind_mapping_node-2] [GMRF] MAP Mean value estimated in 10.6112 milliseconds
[gmrf_wind_mapping_node-2] --> MAP did not converge after 1 iterations.
[gmrf_wind_mapping_node-2] [GMRF] MAP Mean value estimated in 10.6119 milliseconds
[gmrf_wind_mapping_node-2] --> MAP did not converge after 1 iterations.
[gmrf_wind_mapping_node-2] [GMRF] MAP Mean value estimated in 10.6137 milliseconds
[gmrf_wind_mapping_node-2] --> MAP did not converge after 1 iterations.
[gmrf_wind_mapping_node-2] [GMRF] MAP Mean value estimated in 10.616 milliseconds
[gmrf_wind_mapping_node-2] --> MAP did not converge after 1 iterations.
[gmrf_wind_mapping_node-2] [GMRF] MAP Mean value estimated in 10.6177 milliseconds
[gmrf_wind_mapping_node-2] --> MAP did not converge after 1 iterations.
[gmrf_wind_mapping_node-2] [GMRF] MAP Mean value estimated in 10.6179 milliseconds
[gmrf_wind_mapping_node-2] --> MAP did not converge after 1 iterations.
[gmrf_wind_mapping_node-2] [GMRF] MAP Mean value estimated in 10.6171 milliseconds
[gmrf_wind_mapping_node-2] --> MAP did not converge after 1 iterations.
[gmrf_wind_mapping_node-2] [GMRF] MAP Mean value estimated in 10.6157 milliseconds
[gmrf_wind_mapping_node-2] --> MAP did not converge after 1 iterations.
[gmrf_wind_mapping_node-2] [GMRF] MAP Mean value estimated in 10.6175 milliseconds
[gmrf_wind_mapping_node-2] --> MAP did not converge after 1 iterations.
[gmrf_wind_mapping_node-2] [GMRF] MAP Mean value estimated in 10.6192 milliseconds
[gmrf_wind_mapping_node-2] --> MAP did not converge after 1 iterations.
[gmrf_wind_mapping_node-2] [GMRF] MAP Mean value estimated in 10.62 milliseconds
[gmrf_wind_mapping_node-2] --> MAP did not converge after 1 iterations.
[gmrf_wind_mapping_node-2] [GMRF] MAP Mean value estimated in 10.6181 milliseconds
[gsl_actionserver_node-3] [INFO] [1788875965.555648461] [GSL]: 10 gas measurements, 10 wind measurements over 1.91 seconds
[gsl_actionserver_node-3] [INFO] [1788875965.555766387] [GSL]: avg_gas=1.4;  avg_windSpeed=0.19;  avg_wind_dir=0.027
[gsl_actionserver_node-3] [INFO] [1788875965.557421300] [GSL]: [33mGAS HIT[0m
[gsl_actionserver_node-3] [INFO] [1788875965.557457832] [GSL]: [DEBUG-WIND] useGroundTruth=false gmrf_req_size=626 gaden_req_size=-1
[gsl_actionserver_node-3] [INFO] [1788875965.557470226] [GSL]: [DEBUG-WIND] Taking GMRF path
[gmrf_wind_mapping_node-2] --> MAP did not converge after 1 iterations.
[gmrf_wind_mapping_node-2] [GMRF] MAP Mean value estimated in 10.6204 milliseconds
[gsl_actionserver_node-3] [INFO] [1788875965.648144151] [GSL - Trace]: [32mEntering StopAndMeasure[0m
[gmrf_wind_mapping_node-2] --> MAP did not converge after 1 iterations.
[gmrf_wind_mapping_node-2] [GMRF] MAP Mean value estimated in 10.6221 milliseconds
[gmrf_wind_mapping_node-2] --> MAP did not converge after 1 iterations.
[gmrf_wind_mapping_node-2] [GMRF] MAP Mean value estimated in 10.6228 milliseconds
[gmrf_wind_mapping_node-2] --> MAP did not converge after 1 iterations.
[gmrf_wind_mapping_node-2] [GMRF] MAP Mean value estimated in 10.6209 milliseconds
[gmrf_wind_mapping_node-2] --> MAP did not converge after 1 iterations.
[gmrf_wind_mapping_node-2] [GMRF] MAP Mean value estimated in 10.6237 milliseconds
[gmrf_wind_mapping_node-2] --> MAP did not converge after 1 iterations.
[gmrf_wind_mapping_node-2] [GMRF] MAP Mean value estimated in 10.626 milliseconds
[gmrf_wind_mapping_node-2] --> MAP did not converge after 1 iterations.
[gmrf_wind_mapping_node-2] [GMRF] MAP Mean value estimated in 10.6262 milliseconds
[gmrf_wind_mapping_node-2] --> MAP did not converge after 1 iterations.
[gmrf_wind_mapping_node-2] [GMRF] MAP Mean value estimated in 10.6289 milliseconds
[gmrf_wind_mapping_node-2] --> MAP did not converge after 1 iterations.
[gmrf_wind_mapping_node-2] [GMRF] MAP Mean value estimated in 10.6301 milliseconds
[gmrf_wind_mapping_node-2] --> MAP did not converge after 1 iterations.
[gmrf_wind_mapping_node-2] [GMRF] MAP Mean value estimated in 10.6308 milliseconds
[gmrf_wind_mapping_node-2] --> MAP did not converge after 1 iterations.
[gmrf_wind_mapping_node-2] [GMRF] MAP Mean value estimated in 10.631 milliseconds
[gmrf_wind_mapping_node-2] --> MAP did not converge after 1 iterations.
[gmrf_wind_mapping_node-2] [GMRF] MAP Mean value estimated in 10.6328 milliseconds
[gmrf_wind_mapping_node-2] --> MAP did not converge after 1 iterations.
[gmrf_wind_mapping_node-2] [GMRF] MAP Mean value estimated in 10.634 milliseconds
[gmrf_wind_mapping_node-2] --> MAP did not converge after 1 iterations.
[gmrf_wind_mapping_node-2] [GMRF] MAP Mean value estimated in 10.6357 milliseconds
[gmrf_wind_mapping_node-2] --> MAP did not converge after 1 iterations.
[gmrf_wind_mapping_node-2] [GMRF] MAP Mean value estimated in 10.6364 milliseconds
[gmrf_wind_mapping_node-2] --> MAP did not converge after 1 iterations.
[gmrf_wind_mapping_node-2] [GMRF] MAP Mean value estimated in 10.6381 milliseconds
[gmrf_wind_mapping_node-2] --> MAP did not converge after 1 iterations.
[gmrf_wind_mapping_node-2] [GMRF] MAP Mean value estimated in 10.6404 milliseconds
[gmrf_wind_mapping_node-2] --> MAP did not converge after 1 iterations.
[gmrf_wind_mapping_node-2] [GMRF] MAP Mean value estimated in 10.6431 milliseconds
[gmrf_wind_mapping_node-2] --> MAP did not converge after 1 iterations.
[gmrf_wind_mapping_node-2] [GMRF] MAP Mean value estimated in 10.6448 milliseconds
[gmrf_wind_mapping_node-2] --> MAP did not converge after 1 iterations.
[gmrf_wind_mapping_node-2] [GMRF] MAP Mean value estimated in 10.6425 milliseconds
[gsl_actionserver_node-3] [INFO] [1788875967.505352137] [GSL]: 10 gas measurements, 10 wind measurements over 1.86 seconds
[gsl_actionserver_node-3] [INFO] [1788875967.505405614] [GSL]: avg_gas=1.3;  avg_windSpeed=0.17;  avg_wind_dir=-0.11
[gsl_actionserver_node-3] [INFO] [1788875967.505974090] [GSL]: [33mGAS HIT[0m
[gsl_actionserver_node-3] [INFO] [1788875967.505986766] [GSL]: [DEBUG-WIND] useGroundTruth=false gmrf_req_size=626 gaden_req_size=-1
[gsl_actionserver_node-3] [INFO] [1788875967.506164798] [GSL]: [DEBUG-WIND] Taking GMRF path
[gsl_actionserver_node-3] [INFO] [1788875967.547685713] [GSL - Trace]: [32mEntering StopAndMeasure[0m
[gmrf_wind_mapping_node-2] --> MAP did not converge after 1 iterations.
[gmrf_wind_mapping_node-2] [GMRF] MAP Mean value estimated in 10.6401 milliseconds
[gmrf_wind_mapping_node-2] --> MAP did not converge after 1 iterations.
[gmrf_wind_mapping_node-2] [GMRF] MAP Mean value estimated in 10.6423 milliseconds
[gmrf_wind_mapping_node-2] --> MAP did not converge after 1 iterations.
[gmrf_wind_mapping_node-2] [GMRF] MAP Mean value estimated in 10.6435 milliseconds
[gmrf_wind_mapping_node-2] --> MAP did not converge after 1 iterations.
[gmrf_wind_mapping_node-2] [GMRF] MAP Mean value estimated in 10.6447 milliseconds
[gmrf_wind_mapping_node-2] --> MAP did not converge after 1 iterations.
[gmrf_wind_mapping_node-2] [GMRF] MAP Mean value estimated in 10.6454 milliseconds
[gmrf_wind_mapping_node-2] --> MAP did not converge after 1 iterations.
[gmrf_wind_mapping_node-2] [GMRF] MAP Mean value estimated in 10.6466 milliseconds
[gmrf_wind_mapping_node-2] --> MAP did not converge after 1 iterations.
[gmrf_wind_mapping_node-2] [GMRF] MAP Mean value estimated in 10.6483 milliseconds
[gmrf_wind_mapping_node-2] --> MAP did not converge after 1 iterations.
[gmrf_wind_mapping_node-2] [GMRF] MAP Mean value estimated in 10.6505 milliseconds
[gmrf_wind_mapping_node-2] --> MAP did not converge after 1 iterations.
[gmrf_wind_mapping_node-2] [GMRF] MAP Mean value estimated in 10.6527 milliseconds
[gmrf_wind_mapping_node-2] --> MAP did not converge after 1 iterations.
[gmrf_wind_mapping_node-2] [GMRF] MAP Mean value estimated in 10.6529 milliseconds
[gmrf_wind_mapping_node-2] --> MAP did not converge after 1 iterations.
[gmrf_wind_mapping_node-2] [GMRF] MAP Mean value estimated in 10.6551 milliseconds
[gmrf_wind_mapping_node-2] --> MAP did not converge after 1 iterations.
[gmrf_wind_mapping_node-2] [GMRF] MAP Mean value estimated in 10.6579 milliseconds
[gmrf_wind_mapping_node-2] --> MAP did not converge after 1 iterations.
[gmrf_wind_mapping_node-2] [GMRF] MAP Mean value estimated in 10.6596 milliseconds
[gmrf_wind_mapping_node-2] --> MAP did not converge after 1 iterations.
[gmrf_wind_mapping_node-2] [GMRF] MAP Mean value estimated in 10.6602 milliseconds
[gmrf_wind_mapping_node-2] --> MAP did not converge after 1 iterations.
[gmrf_wind_mapping_node-2] [GMRF] MAP Mean value estimated in 10.6614 milliseconds
[gmrf_wind_mapping_node-2] --> MAP did not converge after 1 iterations.
[gmrf_wind_mapping_node-2] [GMRF] MAP Mean value estimated in 10.6626 milliseconds
[gmrf_wind_mapping_node-2] --> MAP did not converge after 1 iterations.
[gmrf_wind_mapping_node-2] [GMRF] MAP Mean value estimated in 10.6643 milliseconds
[gmrf_wind_mapping_node-2] --> MAP did not converge after 1 iterations.
[gmrf_wind_mapping_node-2] [GMRF] MAP Mean value estimated in 10.6645 milliseconds
[gmrf_wind_mapping_node-2] --> MAP did not converge after 1 iterations.
[gmrf_wind_mapping_node-2] [GMRF] MAP Mean value estimated in 10.6631 milliseconds
[gmrf_wind_mapping_node-2] --> MAP did not converge after 1 iterations.
[gmrf_wind_mapping_node-2] [GMRF] MAP Mean value estimated in 10.6643 milliseconds
[gmrf_wind_mapping_node-2] --> MAP did not converge after 1 iterations.
[gmrf_wind_mapping_node-2] [GMRF] MAP Mean value estimated in 10.6619 milliseconds
[gsl_actionserver_node-3] [INFO] [1788875969.555378910] [GSL]: 10 gas measurements, 10 wind measurements over 2.01 seconds
[gsl_actionserver_node-3] [INFO] [1788875969.555412897] [GSL]: avg_gas=1.2;  avg_windSpeed=0.19;  avg_wind_dir=0.027
[gsl_actionserver_node-3] [INFO] [1788875969.555927252] [GSL]: [33mGAS HIT[0m
[gsl_actionserver_node-3] [INFO] [1788875969.555936895] [GSL]: [DEBUG-WIND] useGroundTruth=false gmrf_req_size=626 gaden_req_size=-1
[gsl_actionserver_node-3] [INFO] [1788875969.555943558] [GSL]: [DEBUG-WIND] Taking GMRF path
[gsl_actionserver_node-3] [INFO] [1788875969.647737421] [GSL - Trace]: [32mEntering StopAndMeasure[0m
[gmrf_wind_mapping_node-2] --> MAP did not converge after 1 iterations.
[gmrf_wind_mapping_node-2] [GMRF] MAP Mean value estimated in 10.6606 milliseconds
[gmrf_wind_mapping_node-2] --> MAP did not converge after 1 iterations.
[gmrf_wind_mapping_node-2] [GMRF] MAP Mean value estimated in 10.6613 milliseconds
[gmrf_wind_mapping_node-2] --> MAP did not converge after 1 iterations.
[gmrf_wind_mapping_node-2] [GMRF] MAP Mean value estimated in 10.6614 milliseconds
[gmrf_wind_mapping_node-2] --> MAP did not converge after 1 iterations.
[gmrf_wind_mapping_node-2] [GMRF] MAP Mean value estimated in 10.6626 milliseconds
[gmrf_wind_mapping_node-2] --> MAP did not converge after 1 iterations.
[gmrf_wind_mapping_node-2] [GMRF] MAP Mean value estimated in 10.6643 milliseconds
[gmrf_wind_mapping_node-2] --> MAP did not converge after 1 iterations.
[gmrf_wind_mapping_node-2] [GMRF] MAP Mean value estimated in 10.6655 milliseconds
[gmrf_wind_mapping_node-2] --> MAP did not converge after 1 iterations.
[gmrf_wind_mapping_node-2] [GMRF] MAP Mean value estimated in 10.6672 milliseconds
[gmrf_wind_mapping_node-2] --> MAP did not converge after 1 iterations.
[gmrf_wind_mapping_node-2] [GMRF] MAP Mean value estimated in 10.6694 milliseconds
[gmrf_wind_mapping_node-2] --> MAP did not converge after 1 iterations.
[gmrf_wind_mapping_node-2] [GMRF] MAP Mean value estimated in 10.6705 milliseconds
[gmrf_wind_mapping_node-2] --> MAP did not converge after 1 iterations.
[gmrf_wind_mapping_node-2] [GMRF] MAP Mean value estimated in 10.6707 milliseconds
[gmrf_wind_mapping_node-2] --> MAP did not converge after 1 iterations.
[gmrf_wind_mapping_node-2] [GMRF] MAP Mean value estimated in 10.6724 milliseconds
[gmrf_wind_mapping_node-2] --> MAP did not converge after 1 iterations.
[gmrf_wind_mapping_node-2] [GMRF] MAP Mean value estimated in 10.6715 milliseconds
[gmrf_wind_mapping_node-2] --> MAP did not converge after 1 iterations.
[gmrf_wind_mapping_node-2] [GMRF] MAP Mean value estimated in 10.6697 milliseconds
[gmrf_wind_mapping_node-2] --> MAP did not converge after 1 iterations.
[gmrf_wind_mapping_node-2] [GMRF] MAP Mean value estimated in 10.6673 milliseconds
[gmrf_wind_mapping_node-2] --> MAP did not converge after 1 iterations.
[gmrf_wind_mapping_node-2] [GMRF] MAP Mean value estimated in 10.667 milliseconds
[gmrf_wind_mapping_node-2] --> MAP did not converge after 1 iterations.
[gmrf_wind_mapping_node-2] [GMRF] MAP Mean value estimated in 10.6657 milliseconds
[gmrf_wind_mapping_node-2] --> MAP did not converge after 1 iterations.
[gmrf_wind_mapping_node-2] [GMRF] MAP Mean value estimated in 10.6668 milliseconds
[gmrf_wind_mapping_node-2] --> MAP did not converge after 1 iterations.
[gmrf_wind_mapping_node-2] [GMRF] MAP Mean value estimated in 10.665 milliseconds
[gmrf_wind_mapping_node-2] --> MAP did not converge after 1 iterations.
[gmrf_wind_mapping_node-2] [GMRF] MAP Mean value estimated in 10.6637 milliseconds
[gmrf_wind_mapping_node-2] --> MAP did not converge after 1 iterations.
[gmrf_wind_mapping_node-2] [GMRF] MAP Mean value estimated in 10.6613 milliseconds
[gsl_actionserver_node-3] [INFO] [1788875971.555358823] [GSL]: 10 gas measurements, 10 wind measurements over 1.91 seconds
[gsl_actionserver_node-3] [INFO] [1788875971.555408543] [GSL]: avg_gas=0.78;  avg_windSpeed=0.18;  avg_wind_dir=-0.098
[gsl_actionserver_node-3] [INFO] [1788875971.555930215] [GSL]: [33mGAS HIT[0m
[gsl_actionserver_node-3] [INFO] [1788875971.555940510] [GSL]: [DEBUG-WIND] useGroundTruth=false gmrf_req_size=626 gaden_req_size=-1
[gsl_actionserver_node-3] [INFO] [1788875971.556168704] [GSL]: [DEBUG-WIND] Taking GMRF path
[gsl_actionserver_node-3] [INFO] [1788875971.647631775] [GSL - Trace]: [32mEntering StopAndMeasure[0m
[gmrf_wind_mapping_node-2] --> MAP did not converge after 1 iterations.
[gmrf_wind_mapping_node-2] [GMRF] MAP Mean value estimated in 10.6595 milliseconds
[gmrf_wind_mapping_node-2] --> MAP did not converge after 1 iterations.
[gmrf_wind_mapping_node-2] [GMRF] MAP Mean value estimated in 10.6577 milliseconds
[gmrf_wind_mapping_node-2] --> MAP did not converge after 1 iterations.
[gmrf_wind_mapping_node-2] [GMRF] MAP Mean value estimated in 10.6578 milliseconds
[gmrf_wind_mapping_node-2] --> MAP did not converge after 1 iterations.
[gmrf_wind_mapping_node-2] [GMRF] MAP Mean value estimated in 10.6565 milliseconds
[gmrf_wind_mapping_node-2] --> MAP did not converge after 1 iterations.
[gmrf_wind_mapping_node-2] [GMRF] MAP Mean value estimated in 10.6587 milliseconds
[gmrf_wind_mapping_node-2] --> MAP did not converge after 1 iterations.
[gmrf_wind_mapping_node-2] [GMRF] MAP Mean value estimated in 10.6608 milliseconds
[gmrf_wind_mapping_node-2] --> MAP did not converge after 1 iterations.
[gmrf_wind_mapping_node-2] [GMRF] MAP Mean value estimated in 10.6625 milliseconds
[gmrf_wind_mapping_node-2] --> MAP did not converge after 1 iterations.
[gmrf_wind_mapping_node-2] [GMRF] MAP Mean value estimated in 10.6642 milliseconds
[gmrf_wind_mapping_node-2] --> MAP did not converge after 1 iterations.
[gmrf_wind_mapping_node-2] [GMRF] MAP Mean value estimated in 10.6648 milliseconds
[gmrf_wind_mapping_node-2] --> MAP did not converge after 1 iterations.
[gmrf_wind_mapping_node-2] [GMRF] MAP Mean value estimated in 10.666 milliseconds
[gmrf_wind_mapping_node-2] --> MAP did not converge after 1 iterations.
[gmrf_wind_mapping_node-2] [GMRF] MAP Mean value estimated in 10.6637 milliseconds
[gmrf_wind_mapping_node-2] --> MAP did not converge after 1 iterations.
[gmrf_wind_mapping_node-2] [GMRF] MAP Mean value estimated in 10.6619 milliseconds
[gmrf_wind_mapping_node-2] --> MAP did not converge after 1 iterations.
[gmrf_wind_mapping_node-2] [GMRF] MAP Mean value estimated in 10.66 milliseconds
[gmrf_wind_mapping_node-2] --> MAP did not converge after 1 iterations.
[gmrf_wind_mapping_node-2] [GMRF] MAP Mean value estimated in 10.6612 milliseconds
[gmrf_wind_mapping_node-2] --> MAP did not converge after 1 iterations.
[gmrf_wind_mapping_node-2] [GMRF] MAP Mean value estimated in 10.6638 milliseconds
[gmrf_wind_mapping_node-2] --> MAP did not converge after 1 iterations.
[gmrf_wind_mapping_node-2] [GMRF] MAP Mean value estimated in 10.6655 milliseconds
[gmrf_wind_mapping_node-2] --> MAP did not converge after 1 iterations.
[gmrf_wind_mapping_node-2] [GMRF] MAP Mean value estimated in 10.6672 milliseconds
[gmrf_wind_mapping_node-2] --> MAP did not converge after 1 iterations.
[gmrf_wind_mapping_node-2] [GMRF] MAP Mean value estimated in 10.6693 milliseconds
[gmrf_wind_mapping_node-2] --> MAP did not converge after 1 iterations.
[gmrf_wind_mapping_node-2] [GMRF] MAP Mean value estimated in 10.6695 milliseconds
[gmrf_wind_mapping_node-2] --> MAP did not converge after 1 iterations.
[gmrf_wind_mapping_node-2] [GMRF] MAP Mean value estimated in 10.6677 milliseconds
[gsl_actionserver_node-3] [INFO] [1788875973.555360843] [GSL]: 10 gas measurements, 10 wind measurements over 1.91 seconds
[gsl_actionserver_node-3] [INFO] [1788875973.555391668] [GSL]: avg_gas=0.15;  avg_windSpeed=0.18;  avg_wind_dir=0.014
[gsl_actionserver_node-3] [INFO] [1788875973.555920994] [GSL]: [33mGAS HIT[0m
[gsl_actionserver_node-3] [INFO] [1788875973.555930582] [GSL]: [DEBUG-WIND] useGroundTruth=false gmrf_req_size=626 gaden_req_size=-1
[gsl_actionserver_node-3] [INFO] [1788875973.555937256] [GSL]: [DEBUG-WIND] Taking GMRF path
[gsl_actionserver_node-3] [INFO] [1788875973.648034412] [GSL - Trace]: [32mEntering StopAndMeasure[0m
[gmrf_wind_mapping_node-2] --> MAP did not converge after 1 iterations.
[gmrf_wind_mapping_node-2] [GMRF] MAP Mean value estimated in 10.6688 milliseconds
[gmrf_wind_mapping_node-2] --> MAP did not converge after 1 iterations.
[gmrf_wind_mapping_node-2] [GMRF] MAP Mean value estimated in 10.671 milliseconds
[gmrf_wind_mapping_node-2] --> MAP did not converge after 1 iterations.
[gmrf_wind_mapping_node-2] [GMRF] MAP Mean value estimated in 10.6711 milliseconds
[gmrf_wind_mapping_node-2] --> MAP did not converge after 1 iterations.
[gmrf_wind_mapping_node-2] [GMRF] MAP Mean value estimated in 10.6703 milliseconds
[gmrf_wind_mapping_node-2] --> MAP did not converge after 1 iterations.
[gmrf_wind_mapping_node-2] [GMRF] MAP Mean value estimated in 10.669 milliseconds
[gmrf_wind_mapping_node-2] --> MAP did not converge after 1 iterations.
[gmrf_wind_mapping_node-2] [GMRF] MAP Mean value estimated in 10.6696 milliseconds
[gmrf_wind_mapping_node-2] --> MAP did not converge after 1 iterations.
[gmrf_wind_mapping_node-2] [GMRF] MAP Mean value estimated in 10.6718 milliseconds
[gmrf_wind_mapping_node-2] --> MAP did not converge after 1 iterations.
[gmrf_wind_mapping_node-2] [GMRF] MAP Mean value estimated in 10.6695 milliseconds
[gmrf_wind_mapping_node-2] --> MAP did not converge after 1 iterations.
[gmrf_wind_mapping_node-2] [GMRF] MAP Mean value estimated in 10.6691 milliseconds
[gmrf_wind_mapping_node-2] --> MAP did not converge after 1 iterations.
[gmrf_wind_mapping_node-2] [GMRF] MAP Mean value estimated in 10.6703 milliseconds
[gmrf_wind_mapping_node-2] --> MAP did not converge after 1 iterations.
[gmrf_wind_mapping_node-2] [GMRF] MAP Mean value estimated in 10.6729 milliseconds
[gmrf_wind_mapping_node-2] --> MAP did not converge after 1 iterations.
[gmrf_wind_mapping_node-2] [GMRF] MAP Mean value estimated in 10.6706 milliseconds
[gmrf_wind_mapping_node-2] --> MAP did not converge after 1 iterations.
[gmrf_wind_mapping_node-2] [GMRF] MAP Mean value estimated in 10.6683 milliseconds
[gmrf_wind_mapping_node-2] --> MAP did not converge after 1 iterations.
[gmrf_wind_mapping_node-2] [GMRF] MAP Mean value estimated in 10.669 milliseconds
[gmrf_wind_mapping_node-2] --> MAP did not converge after 1 iterations.
[gmrf_wind_mapping_node-2] [GMRF] MAP Mean value estimated in 10.6701 milliseconds
[gmrf_wind_mapping_node-2] --> MAP did not converge after 1 iterations.
[gmrf_wind_mapping_node-2] [GMRF] MAP Mean value estimated in 10.6722 milliseconds
[gmrf_wind_mapping_node-2] --> MAP did not converge after 1 iterations.
[gmrf_wind_mapping_node-2] [GMRF] MAP Mean value estimated in 10.6709 milliseconds
[gmrf_wind_mapping_node-2] --> MAP did not converge after 1 iterations.
[gmrf_wind_mapping_node-2] [GMRF] MAP Mean value estimated in 10.6696 milliseconds
[gmrf_wind_mapping_node-2] --> MAP did not converge after 1 iterations.
[gmrf_wind_mapping_node-2] [GMRF] MAP Mean value estimated in 10.6708 milliseconds
[gsl_actionserver_node-3] [INFO] [1788875975.555698367] [GSL]: 10 gas measurements, 10 wind measurements over 1.91 seconds
[gsl_actionserver_node-3] [INFO] [1788875975.555787998] [GSL]: avg_gas=0.029;  avg_windSpeed=0.18;  avg_wind_dir=-0.083
[gsl_actionserver_node-3] [INFO] [1788875975.556585061] [GSL]: [33mNOTHING [0m
[gsl_actionserver_node-3] [INFO] [1788875975.556617576] [GSL]: [DEBUG-WIND] useGroundTruth=false gmrf_req_size=626 gaden_req_size=-1
[gsl_actionserver_node-3] [INFO] [1788875975.557004404] [GSL]: [DEBUG-WIND] Taking GMRF path
[gmrf_wind_mapping_node-2] --> MAP did not converge after 1 iterations.
[gmrf_wind_mapping_node-2] [GMRF] MAP Mean value estimated in 10.6724 milliseconds
[gmrf_wind_mapping_node-2] --> MAP did not converge after 1 iterations.
[gmrf_wind_mapping_node-2] [GMRF] MAP Mean value estimated in 10.6711 milliseconds
[gsl_actionserver_node-3] [INFO] [1788875975.669916072] [GSL]: Max mutual info: 2.437
[gsl_actionserver_node-3] [INFO] [1788875975.670143883] [GSL]: MutualInformation - Ellapsed: 0.022s
[vgr_sim_node-1] [WARN] [1788875975.675865799] [vgr_uav_sim]: PLAN_CB: called with goal=(5.30,-1.11)
[vgr_sim_node-1] [WARN] [1788875975.676798355] [vgr_uav_sim]: PLAN_CB: returning 4 poses
[vgr_sim_node-1] [WARN] [1788875975.699112279] [vgr_uav_sim]: PLAN_CB: called with goal=(5.30,-1.11)
[vgr_sim_node-1] [WARN] [1788875975.699999362] [vgr_uav_sim]: PLAN_CB: returning 4 poses
[gsl_actionserver_node-3] [INFO] [1788875975.709561457] [GSL]: Sending goal (5.30, -1.11)
[gsl_actionserver_node-3] [INFO] [1788875975.710141334] [GSL]: Variance: 1.43
[gsl_actionserver_node-3] [INFO] [1788875975.710164391] [GSL - Trace]: [32mEntering Moving[0m
[vgr_sim_node-1] [INFO] [1788875975.711365478] [vgr_uav_sim]: Prepared 4 collision-free navigation waypoints to (5.30, -1.11)
[vgr_sim_node-1] [INFO] [1788875975.712426888] [vgr_uav_sim]: UAV navigating in audited 2-D mode to (5.30, -1.11, 0.30)
[gmrf_wind_mapping_node-2] --> MAP did not converge after 1 iterations.
[gmrf_wind_mapping_node-2] [GMRF] MAP Mean value estimated in 10.6703 milliseconds
[gmrf_wind_mapping_node-2] --> MAP did not converge after 1 iterations.
[gmrf_wind_mapping_node-2] [GMRF] MAP Mean value estimated in 10.668 milliseconds
[gmrf_wind_mapping_node-2] --> MAP did not converge after 1 iterations.
[gmrf_wind_mapping_node-2] [GMRF] MAP Mean value estimated in 10.6672 milliseconds
[gmrf_wind_mapping_node-2] --> MAP did not converge after 1 iterations.
[gmrf_wind_mapping_node-2] [GMRF] MAP Mean value estimated in 10.6693 milliseconds
[gmrf_wind_mapping_node-2] --> MAP did not converge after 1 iterations.
[gmrf_wind_mapping_node-2] [GMRF] MAP Mean value estimated in 10.6714 milliseconds
[gmrf_wind_mapping_node-2] --> MAP did not converge after 1 iterations.
[gmrf_wind_mapping_node-2] [GMRF] MAP Mean value estimated in 10.673 milliseconds
[gmrf_wind_mapping_node-2] --> MAP did not converge after 1 iterations.
[gmrf_wind_mapping_node-2] [GMRF] MAP Mean value estimated in 10.6747 milliseconds
[gsl_actionserver_node-3] [INFO] [1788875976.370375187] [GSL - Trace]: [32mEntering StopAndMeasure[0m
[gmrf_wind_mapping_node-2] --> MAP did not converge after 1 iterations.
[gmrf_wind_mapping_node-2] [GMRF] MAP Mean value estimated in 10.6753 milliseconds
[gmrf_wind_mapping_node-2] --> MAP did not converge after 1 iterations.
[gmrf_wind_mapping_node-2] [GMRF] MAP Mean value estimated in 10.676 milliseconds
[gmrf_wind_mapping_node-2] --> MAP did not converge after 1 iterations.
[gmrf_wind_mapping_node-2] [GMRF] MAP Mean value estimated in 10.6786 milliseconds
[gmrf_wind_mapping_node-2] --> MAP did not converge after 1 iterations.
[gmrf_wind_mapping_node-2] [GMRF] MAP Mean value estimated in 10.6792 milliseconds
[gmrf_wind_mapping_node-2] --> MAP did not converge after 1 iterations.
[gmrf_wind_mapping_node-2] [GMRF] MAP Mean value estimated in 10.6774 milliseconds
[gmrf_wind_mapping_node-2] --> MAP did not converge after 1 iterations.
[gmrf_wind_mapping_node-2] [GMRF] MAP Mean value estimated in 10.6785 milliseconds
[gmrf_wind_mapping_node-2] --> MAP did not converge after 1 iterations.
[gmrf_wind_mapping_node-2] [GMRF] MAP Mean value estimated in 10.6802 milliseconds
[gmrf_wind_mapping_node-2] --> MAP did not converge after 1 iterations.
[gmrf_wind_mapping_node-2] [GMRF] MAP Mean value estimated in 10.6818 milliseconds
[gmrf_wind_mapping_node-2] --> MAP did not converge after 1 iterations.
[gmrf_wind_mapping_node-2] [GMRF] MAP Mean value estimated in 10.6853 milliseconds
[gmrf_wind_mapping_node-2] --> MAP did not converge after 1 iterations.
[gmrf_wind_mapping_node-2] [GMRF] MAP Mean value estimated in 10.687 milliseconds
[gmrf_wind_mapping_node-2] --> MAP did not converge after 1 iterations.
[gmrf_wind_mapping_node-2] [GMRF] MAP Mean value estimated in 10.6866 milliseconds
[gmrf_wind_mapping_node-2] --> MAP did not converge after 1 iterations.
[gmrf_wind_mapping_node-2] [GMRF] MAP Mean value estimated in 10.6873 milliseconds
[gmrf_wind_mapping_node-2] --> MAP did not converge after 1 iterations.
[gmrf_wind_mapping_node-2] [GMRF] MAP Mean value estimated in 10.6894 milliseconds
[gmrf_wind_mapping_node-2] --> MAP did not converge after 1 iterations.
[gmrf_wind_mapping_node-2] [GMRF] MAP Mean value estimated in 10.6905 milliseconds
[gmrf_wind_mapping_node-2] --> MAP did not converge after 1 iterations.
[gmrf_wind_mapping_node-2] [GMRF] MAP Mean value estimated in 10.6887 milliseconds
[gmrf_wind_mapping_node-2] --> MAP did not converge after 1 iterations.
[gmrf_wind_mapping_node-2] [GMRF] MAP Mean value estimated in 10.6913 milliseconds
[gmrf_wind_mapping_node-2] --> MAP did not converge after 1 iterations.
[gmrf_wind_mapping_node-2] [GMRF] MAP Mean value estimated in 10.6934 milliseconds
[gmrf_wind_mapping_node-2] --> MAP did not converge after 1 iterations.
[gmrf_wind_mapping_node-2] [GMRF] MAP Mean value estimated in 10.695 milliseconds
[gmrf_wind_mapping_node-2] --> MAP did not converge after 1 iterations.
[gmrf_wind_mapping_node-2] [GMRF] MAP Mean value estimated in 10.697 milliseconds
[gsl_actionserver_node-3] [INFO] [1788875978.307423137] [GSL]: 10 gas measurements, 10 wind measurements over 1.94 seconds
[gsl_actionserver_node-3] [INFO] [1788875978.307608027] [GSL]: avg_gas=0.0028;  avg_windSpeed=0.31;  avg_wind_dir=0.22
[gsl_actionserver_node-3] [INFO] [1788875978.308432045] [GSL]: [33mNOTHING [0m
[gsl_actionserver_node-3] [INFO] [1788875978.308447708] [GSL]: [DEBUG-WIND] useGroundTruth=false gmrf_req_size=626 gaden_req_size=-1
[gsl_actionserver_node-3] [INFO] [1788875978.308456459] [GSL]: [DEBUG-WIND] Taking GMRF path
[gsl_actionserver_node-3] [INFO] [1788875978.348523717] [GSL - Trace]: [32mEntering StopAndMeasure[0m
[gmrf_wind_mapping_node-2] --> MAP did not converge after 1 iterations.
[gmrf_wind_mapping_node-2] [GMRF] MAP Mean value estimated in 10.7001 milliseconds
[gmrf_wind_mapping_node-2] --> MAP did not converge after 1 iterations.
[gmrf_wind_mapping_node-2] [GMRF] MAP Mean value estimated in 10.7012 milliseconds
[gmrf_wind_mapping_node-2] --> MAP did not converge after 1 iterations.
[gmrf_wind_mapping_node-2] [GMRF] MAP Mean value estimated in 10.7009 milliseconds
[gmrf_wind_mapping_node-2] --> MAP did not converge after 1 iterations.
[gmrf_wind_mapping_node-2] [GMRF] MAP Mean value estimated in 10.7015 milliseconds
[gmrf_wind_mapping_node-2] --> MAP did not converge after 1 iterations.
[gmrf_wind_mapping_node-2] [GMRF] MAP Mean value estimated in 10.6997 milliseconds
[gmrf_wind_mapping_node-2] --> MAP did not converge after 1 iterations.
[gmrf_wind_mapping_node-2] [GMRF] MAP Mean value estimated in 10.6974 milliseconds
[gmrf_wind_mapping_node-2] --> MAP did not converge after 1 iterations.
[gmrf_wind_mapping_node-2] [GMRF] MAP Mean value estimated in 10.699 milliseconds
[gmrf_wind_mapping_node-2] --> MAP did not converge after 1 iterations.
[gmrf_wind_mapping_node-2] [GMRF] MAP Mean value estimated in 10.7001 milliseconds
[gmrf_wind_mapping_node-2] --> MAP did not converge after 1 iterations.
[gmrf_wind_mapping_node-2] [GMRF] MAP Mean value estimated in 10.7008 milliseconds
[gmrf_wind_mapping_node-2] --> MAP did not converge after 1 iterations.
[gmrf_wind_mapping_node-2] [GMRF] MAP Mean value estimated in 10.7019 milliseconds
[gmrf_wind_mapping_node-2] --> MAP did not converge after 1 iterations.
[gmrf_wind_mapping_node-2] [GMRF] MAP Mean value estimated in 10.7001 milliseconds
[gmrf_wind_mapping_node-2] --> MAP did not converge after 1 iterations.
[gmrf_wind_mapping_node-2] [GMRF] MAP Mean value estimated in 10.6998 milliseconds
[gmrf_wind_mapping_node-2] --> MAP did not converge after 1 iterations.
[gmrf_wind_mapping_node-2] [GMRF] MAP Mean value estimated in 10.6999 milliseconds
[gmrf_wind_mapping_node-2] --> MAP did not converge after 1 iterations.
[gmrf_wind_mapping_node-2] [GMRF] MAP Mean value estimated in 10.7025 milliseconds
[gmrf_wind_mapping_node-2] --> MAP did not converge after 1 iterations.
[gmrf_wind_mapping_node-2] [GMRF] MAP Mean value estimated in 10.7045 milliseconds
[gmrf_wind_mapping_node-2] --> MAP did not converge after 1 iterations.
[gmrf_wind_mapping_node-2] [GMRF] MAP Mean value estimated in 10.7051 milliseconds
[gmrf_wind_mapping_node-2] --> MAP did not converge after 1 iterations.
[gmrf_wind_mapping_node-2] [GMRF] MAP Mean value estimated in 10.7063 milliseconds
[gmrf_wind_mapping_node-2] --> MAP did not converge after 1 iterations.
[gmrf_wind_mapping_node-2] [GMRF] MAP Mean value estimated in 10.7088 milliseconds
[gmrf_wind_mapping_node-2] --> MAP did not converge after 1 iterations.
[gmrf_wind_mapping_node-2] [GMRF] MAP Mean value estimated in 10.7104 milliseconds
[gmrf_wind_mapping_node-2] --> MAP did not converge after 1 iterations.
[gmrf_wind_mapping_node-2] [GMRF] MAP Mean value estimated in 10.712 milliseconds
[gsl_actionserver_node-3] [INFO] [1788875980.311201994] [GSL]: 10 gas measurements, 10 wind measurements over 1.96 seconds
[gsl_actionserver_node-3] [INFO] [1788875980.311543192] [GSL]: avg_gas=0.0036;  avg_windSpeed=0.32;  avg_wind_dir=0.1
[gsl_actionserver_node-3] [INFO] [1788875980.312244466] [GSL]: [33mNOTHING [0m
[gsl_actionserver_node-3] [INFO] [1788875980.312258384] [GSL]: [DEBUG-WIND] useGroundTruth=false gmrf_req_size=626 gaden_req_size=-1
[gsl_actionserver_node-3] [INFO] [1788875980.312267470] [GSL]: [DEBUG-WIND] Taking GMRF path
[gsl_actionserver_node-3] [INFO] [1788875980.348168905] [GSL - Trace]: [32mEntering StopAndMeasure[0m
[gmrf_wind_mapping_node-2] --> MAP did not converge after 1 iterations.
[gmrf_wind_mapping_node-2] [GMRF] MAP Mean value estimated in 10.7131 milliseconds
[gmrf_wind_mapping_node-2] --> MAP did not converge after 1 iterations.
[gmrf_wind_mapping_node-2] [GMRF] MAP Mean value estimated in 10.7127 milliseconds
[gmrf_wind_mapping_node-2] --> MAP did not converge after 1 iterations.
[gmrf_wind_mapping_node-2] [GMRF] MAP Mean value estimated in 10.7133 milliseconds
[gmrf_wind_mapping_node-2] --> MAP did not converge after 1 iterations.
[gmrf_wind_mapping_node-2] [GMRF] MAP Mean value estimated in 10.7149 milliseconds
[gmrf_wind_mapping_node-2] --> MAP did not converge after 1 iterations.
[gmrf_wind_mapping_node-2] [GMRF] MAP Mean value estimated in 10.7155 milliseconds
[gmrf_wind_mapping_node-2] --> MAP did not converge after 1 iterations.
[gmrf_wind_mapping_node-2] [GMRF] MAP Mean value estimated in 10.7161 milliseconds
[gmrf_wind_mapping_node-2] --> MAP did not converge after 1 iterations.
[gmrf_wind_mapping_node-2] [GMRF] MAP Mean value estimated in 10.7144 milliseconds
[gmrf_wind_mapping_node-2] --> MAP did not converge after 1 iterations.
[gmrf_wind_mapping_node-2] [GMRF] MAP Mean value estimated in 10.7131 milliseconds
[gmrf_wind_mapping_node-2] --> MAP did not converge after 1 iterations.
[gmrf_wind_mapping_node-2] [GMRF] MAP Mean value estimated in 10.7118 milliseconds
[gmrf_wind_mapping_node-2] --> MAP did not converge after 1 iterations.
[gmrf_wind_mapping_node-2] [GMRF] MAP Mean value estimated in 10.7133 milliseconds
[gmrf_wind_mapping_node-2] --> MAP did not converge after 1 iterations.
[gmrf_wind_mapping_node-2] [GMRF] MAP Mean value estimated in 10.7139 milliseconds
[gmrf_wind_mapping_node-2] --> MAP did not converge after 1 iterations.
[gmrf_wind_mapping_node-2] [GMRF] MAP Mean value estimated in 10.7146 milliseconds
[gmrf_wind_mapping_node-2] --> MAP did not converge after 1 iterations.
[gmrf_wind_mapping_node-2] [GMRF] MAP Mean value estimated in 10.7161 milliseconds
[gmrf_wind_mapping_node-2] --> MAP did not converge after 1 iterations.
[gmrf_wind_mapping_node-2] [GMRF] MAP Mean value estimated in 10.7177 milliseconds
[gmrf_wind_mapping_node-2] --> MAP did not converge after 1 iterations.
[gmrf_wind_mapping_node-2] [GMRF] MAP Mean value estimated in 10.7169 milliseconds
[gmrf_wind_mapping_node-2] --> MAP did not converge after 1 iterations.
[gmrf_wind_mapping_node-2] [GMRF] MAP Mean value estimated in 10.7175 milliseconds
[gmrf_wind_mapping_node-2] --> MAP did not converge after 1 iterations.
[gmrf_wind_mapping_node-2] [GMRF] MAP Mean value estimated in 10.7205 milliseconds
[gmrf_wind_mapping_node-2] --> MAP did not converge after 1 iterations.
[gmrf_wind_mapping_node-2] [GMRF] MAP Mean value estimated in 10.722 milliseconds
[gmrf_wind_mapping_node-2] --> MAP did not converge after 1 iterations.
[gmrf_wind_mapping_node-2] [GMRF] MAP Mean value estimated in 10.7241 milliseconds
[gmrf_wind_mapping_node-2] --> MAP did not converge after 1 iterations.
[gmrf_wind_mapping_node-2] [GMRF] MAP Mean value estimated in 10.7252 milliseconds
[gsl_actionserver_node-3] [INFO] [1788875982.311365254] [GSL]: 10 gas measurements, 10 wind measurements over 1.96 seconds
[gsl_actionserver_node-3] [INFO] [1788875982.311451953] [GSL]: avg_gas=0.005;  avg_windSpeed=0.31;  avg_wind_dir=0.22
[gsl_actionserver_node-3] [INFO] [1788875982.312144477] [GSL]: [33mNOTHING [0m
[gsl_actionserver_node-3] [INFO] [1788875982.312157393] [GSL]: [DEBUG-WIND] useGroundTruth=false gmrf_req_size=626 gaden_req_size=-1
[gsl_actionserver_node-3] [INFO] [1788875982.312164565] [GSL]: [DEBUG-WIND] Taking GMRF path
[gsl_actionserver_node-3] [INFO] [1788875982.348072333] [GSL - Trace]: [32mEntering StopAndMeasure[0m
[gmrf_wind_mapping_node-2] --> MAP did not converge after 1 iterations.
[gmrf_wind_mapping_node-2] [GMRF] MAP Mean value estimated in 10.7258 milliseconds
[gmrf_wind_mapping_node-2] --> MAP did not converge after 1 iterations.
[gmrf_wind_mapping_node-2] [GMRF] MAP Mean value estimated in 10.7259 milliseconds
[gmrf_wind_mapping_node-2] --> MAP did not converge after 1 iterations.
[gmrf_wind_mapping_node-2] [GMRF] MAP Mean value estimated in 10.7265 milliseconds
[gmrf_wind_mapping_node-2] --> MAP did not converge after 1 iterations.
[gmrf_wind_mapping_node-2] [GMRF] MAP Mean value estimated in 10.728 milliseconds
[gmrf_wind_mapping_node-2] --> MAP did not converge after 1 iterations.
[gmrf_wind_mapping_node-2] [GMRF] MAP Mean value estimated in 10.7287 milliseconds
[gmrf_wind_mapping_node-2] --> MAP did not converge after 1 iterations.
[gmrf_wind_mapping_node-2] [GMRF] MAP Mean value estimated in 10.7269 milliseconds
[gmrf_wind_mapping_node-2] --> MAP did not converge after 1 iterations.
[gmrf_wind_mapping_node-2] [GMRF] MAP Mean value estimated in 10.727 milliseconds
[gmrf_wind_mapping_node-2] --> MAP did not converge after 1 iterations.
[gmrf_wind_mapping_node-2] [GMRF] MAP Mean value estimated in 10.7286 milliseconds
[gmrf_wind_mapping_node-2] --> MAP did not converge after 1 iterations.
[gmrf_wind_mapping_node-2] [GMRF] MAP Mean value estimated in 10.7306 milliseconds
[gmrf_wind_mapping_node-2] --> MAP did not converge after 1 iterations.
[gmrf_wind_mapping_node-2] [GMRF] MAP Mean value estimated in 10.7326 milliseconds
[gmrf_wind_mapping_node-2] --> MAP did not converge after 1 iterations.
[gmrf_wind_mapping_node-2] [GMRF] MAP Mean value estimated in 10.7351 milliseconds
[gmrf_wind_mapping_node-2] --> MAP did not converge after 1 iterations.
[gmrf_wind_mapping_node-2] [GMRF] MAP Mean value estimated in 10.7338 milliseconds
[gmrf_wind_mapping_node-2] --> MAP did not converge after 1 iterations.
[gmrf_wind_mapping_node-2] [GMRF] MAP Mean value estimated in 10.7349 milliseconds
[gmrf_wind_mapping_node-2] --> MAP did not converge after 1 iterations.
[gmrf_wind_mapping_node-2] [GMRF] MAP Mean value estimated in 10.7374 milliseconds
[gmrf_wind_mapping_node-2] --> MAP did not converge after 1 iterations.
[gmrf_wind_mapping_node-2] [GMRF] MAP Mean value estimated in 10.7384 milliseconds
[gmrf_wind_mapping_node-2] --> MAP did not converge after 1 iterations.
[gmrf_wind_mapping_node-2] [GMRF] MAP Mean value estimated in 10.7367 milliseconds
[gmrf_wind_mapping_node-2] --> MAP did not converge after 1 iterations.
[gmrf_wind_mapping_node-2] [GMRF] MAP Mean value estimated in 10.7354 milliseconds
[gmrf_wind_mapping_node-2] --> MAP did not converge after 1 iterations.
[gmrf_wind_mapping_node-2] [GMRF] MAP Mean value estimated in 10.7336 milliseconds
[gmrf_wind_mapping_node-2] --> MAP did not converge after 1 iterations.
[gmrf_wind_mapping_node-2] [GMRF] MAP Mean value estimated in 10.7323 milliseconds
[gmrf_wind_mapping_node-2] --> MAP did not converge after 1 iterations.
[gmrf_wind_mapping_node-2] [GMRF] MAP Mean value estimated in 10.731 milliseconds
[gsl_actionserver_node-3] [INFO] [1788875984.311238629] [GSL]: 10 gas measurements, 10 wind measurements over 1.96 seconds
[gsl_actionserver_node-3] [INFO] [1788875984.311739712] [GSL]: avg_gas=0.0088;  avg_windSpeed=0.32;  avg_wind_dir=0.1
[gsl_actionserver_node-3] [INFO] [1788875984.312325682] [GSL]: [33mNOTHING [0m
[gsl_actionserver_node-3] [INFO] [1788875984.312337521] [GSL]: [DEBUG-WIND] useGroundTruth=false gmrf_req_size=626 gaden_req_size=-1
[gsl_actionserver_node-3] [INFO] [1788875984.312344816] [GSL]: [DEBUG-WIND] Taking GMRF path
[gsl_actionserver_node-3] [INFO] [1788875984.347747262] [GSL - Trace]: [32mEntering StopAndMeasure[0m
[gmrf_wind_mapping_node-2] --> MAP did not converge after 1 iterations.
[gmrf_wind_mapping_node-2] [GMRF] MAP Mean value estimated in 10.7307 milliseconds
[gmrf_wind_mapping_node-2] --> MAP did not converge after 1 iterations.
[gmrf_wind_mapping_node-2] [GMRF] MAP Mean value estimated in 10.7313 milliseconds
[gmrf_wind_mapping_node-2] --> MAP did not converge after 1 iterations.
[gmrf_wind_mapping_node-2] [GMRF] MAP Mean value estimated in 10.7338 milliseconds
[gmrf_wind_mapping_node-2] --> MAP did not converge after 1 iterations.
[gmrf_wind_mapping_node-2] [GMRF] MAP Mean value estimated in 10.7362 milliseconds
[gmrf_wind_mapping_node-2] --> MAP did not converge after 1 iterations.
[gmrf_wind_mapping_node-2] [GMRF] MAP Mean value estimated in 10.7378 milliseconds
[gmrf_wind_mapping_node-2] --> MAP did not converge after 1 iterations.
[gmrf_wind_mapping_node-2] [GMRF] MAP Mean value estimated in 10.736 milliseconds
[gmrf_wind_mapping_node-2] --> MAP did not converge after 1 iterations.
[gmrf_wind_mapping_node-2] [GMRF] MAP Mean value estimated in 10.7362 milliseconds
[gmrf_wind_mapping_node-2] --> MAP did not converge after 1 iterations.
[gmrf_wind_mapping_node-2] [GMRF] MAP Mean value estimated in 10.7339 milliseconds
[gmrf_wind_mapping_node-2] --> MAP did not converge after 1 iterations.
[gmrf_wind_mapping_node-2] [GMRF] MAP Mean value estimated in 10.7369 milliseconds
[gmrf_wind_mapping_node-2] --> MAP did not converge after 1 iterations.
[gmrf_wind_mapping_node-2] [GMRF] MAP Mean value estimated in 10.7389 milliseconds
[gmrf_wind_mapping_node-2] --> MAP did not converge after 1 iterations.
[gmrf_wind_mapping_node-2] [GMRF] MAP Mean value estimated in 10.7399 milliseconds
[gmrf_wind_mapping_node-2] --> MAP did not converge after 1 iterations.
[gmrf_wind_mapping_node-2] [GMRF] MAP Mean value estimated in 10.74 milliseconds
[gmrf_wind_mapping_node-2] --> MAP did not converge after 1 iterations.
[gmrf_wind_mapping_node-2] [GMRF] MAP Mean value estimated in 10.7392 milliseconds
[gmrf_wind_mapping_node-2] --> MAP did not converge after 1 iterations.
[gmrf_wind_mapping_node-2] [GMRF] MAP Mean value estimated in 10.7408 milliseconds
[gmrf_wind_mapping_node-2] --> MAP did not converge after 1 iterations.
[gmrf_wind_mapping_node-2] [GMRF] MAP Mean value estimated in 10.739 milliseconds
[gmrf_wind_mapping_node-2] --> MAP did not converge after 1 iterations.
[gmrf_wind_mapping_node-2] [GMRF] MAP Mean value estimated in 10.7368 milliseconds
[gmrf_wind_mapping_node-2] --> MAP did not converge after 1 iterations.
[gmrf_wind_mapping_node-2] [GMRF] MAP Mean value estimated in 10.735 milliseconds
[gmrf_wind_mapping_node-2] --> MAP did not converge after 1 iterations.
[gmrf_wind_mapping_node-2] [GMRF] MAP Mean value estimated in 10.7338 milliseconds
[gmrf_wind_mapping_node-2] --> MAP did not converge after 1 iterations.
[gmrf_wind_mapping_node-2] [GMRF] MAP Mean value estimated in 10.732 milliseconds
[gmrf_wind_mapping_node-2] --> MAP did not converge after 1 iterations.
[gmrf_wind_mapping_node-2] [GMRF] MAP Mean value estimated in 10.735 milliseconds
[gsl_actionserver_node-3] [INFO] [1788875986.311222536] [GSL]: 10 gas measurements, 10 wind measurements over 1.96 seconds
[gsl_actionserver_node-3] [INFO] [1788875986.311301007] [GSL]: avg_gas=0.013;  avg_windSpeed=0.31;  avg_wind_dir=0.22
[gsl_actionserver_node-3] [INFO] [1788875986.312005162] [GSL]: [33mNOTHING [0m
[gsl_actionserver_node-3] [INFO] [1788875986.312018937] [GSL]: [DEBUG-WIND] useGroundTruth=false gmrf_req_size=626 gaden_req_size=-1
[gsl_actionserver_node-3] [INFO] [1788875986.312028121] [GSL]: [DEBUG-WIND] Taking GMRF path
[gsl_actionserver_node-3] [INFO] [1788875986.348269730] [GSL - Trace]: [32mEntering StopAndMeasure[0m
[gmrf_wind_mapping_node-2] --> MAP did not converge after 1 iterations.
[gmrf_wind_mapping_node-2] [GMRF] MAP Mean value estimated in 10.736 milliseconds
[gmrf_wind_mapping_node-2] --> MAP did not converge after 1 iterations.
[gmrf_wind_mapping_node-2] [GMRF] MAP Mean value estimated in 10.7366 milliseconds
[gmrf_wind_mapping_node-2] --> MAP did not converge after 1 iterations.
[gmrf_wind_mapping_node-2] [GMRF] MAP Mean value estimated in 10.7363 milliseconds
[gmrf_wind_mapping_node-2] --> MAP did not converge after 1 iterations.
[gmrf_wind_mapping_node-2] [GMRF] MAP Mean value estimated in 10.7345 milliseconds
[gmrf_wind_mapping_node-2] --> MAP did not converge after 1 iterations.
[gmrf_wind_mapping_node-2] [GMRF] MAP Mean value estimated in 10.7351 milliseconds
[gmrf_wind_mapping_node-2] --> MAP did not converge after 1 iterations.
[gmrf_wind_mapping_node-2] [GMRF] MAP Mean value estimated in 10.7362 milliseconds
[gmrf_wind_mapping_node-2] --> MAP did not converge after 1 iterations.
[gmrf_wind_mapping_node-2] [GMRF] MAP Mean value estimated in 10.7349 milliseconds
[gmrf_wind_mapping_node-2] --> MAP did not converge after 1 iterations.
[gmrf_wind_mapping_node-2] [GMRF] MAP Mean value estimated in 10.7369 milliseconds
[gmrf_wind_mapping_node-2] --> MAP did not converge after 1 iterations.
[gmrf_wind_mapping_node-2] [GMRF] MAP Mean value estimated in 10.7379 milliseconds
[gmrf_wind_mapping_node-2] --> MAP did not converge after 1 iterations.
[gmrf_wind_mapping_node-2] [GMRF] MAP Mean value estimated in 10.7399 milliseconds
[gmrf_wind_mapping_node-2] --> MAP did not converge after 1 iterations.
[gmrf_wind_mapping_node-2] [GMRF] MAP Mean value estimated in 10.7391 milliseconds
[gmrf_wind_mapping_node-2] --> MAP did not converge after 1 iterations.
[gmrf_wind_mapping_node-2] [GMRF] MAP Mean value estimated in 10.7378 milliseconds
[gmrf_wind_mapping_node-2] --> MAP did not converge after 1 iterations.
[gmrf_wind_mapping_node-2] [GMRF] MAP Mean value estimated in 10.737 milliseconds
[gmrf_wind_mapping_node-2] --> MAP did not converge after 1 iterations.
[gmrf_wind_mapping_node-2] [GMRF] MAP Mean value estimated in 10.7353 milliseconds
[gmrf_wind_mapping_node-2] --> MAP did not converge after 1 iterations.
[gmrf_wind_mapping_node-2] [GMRF] MAP Mean value estimated in 10.7354 milliseconds
[gmrf_wind_mapping_node-2] --> MAP did not converge after 1 iterations.
[gmrf_wind_mapping_node-2] [GMRF] MAP Mean value estimated in 10.736 milliseconds
[gmrf_wind_mapping_node-2] --> MAP did not converge after 1 iterations.
[gmrf_wind_mapping_node-2] [GMRF] MAP Mean value estimated in 10.7343 milliseconds
[gmrf_wind_mapping_node-2] --> MAP did not converge after 1 iterations.
[gmrf_wind_mapping_node-2] [GMRF] MAP Mean value estimated in 10.7367 milliseconds
[gmrf_wind_mapping_node-2] --> MAP did not converge after 1 iterations.
[gmrf_wind_mapping_node-2] [GMRF] MAP Mean value estimated in 10.7377 milliseconds
[gmrf_wind_mapping_node-2] --> MAP did not converge after 1 iterations.
[gmrf_wind_mapping_node-2] [GMRF] MAP Mean value estimated in 10.7393 milliseconds
[gsl_actionserver_node-3] [INFO] [1788875988.311564290] [GSL]: 10 gas measurements, 10 wind measurements over 1.96 seconds
[gsl_actionserver_node-3] [INFO] [1788875988.311922995] [GSL]: avg_gas=0.034;  avg_windSpeed=0.32;  avg_wind_dir=0.1
[gsl_actionserver_node-3] [INFO] [1788875988.312494517] [GSL]: [33mNOTHING [0m
[gsl_actionserver_node-3] [INFO] [1788875988.312505131] [GSL]: [DEBUG-WIND] useGroundTruth=false gmrf_req_size=626 gaden_req_size=-1
[gsl_actionserver_node-3] [INFO] [1788875988.312512018] [GSL]: [DEBUG-WIND] Taking GMRF path
[gsl_actionserver_node-3] [INFO] [1788875988.347612131] [GSL - Trace]: [32mEntering StopAndMeasure[0m
[gmrf_wind_mapping_node-2] --> MAP did not converge after 1 iterations.
[gmrf_wind_mapping_node-2] [GMRF] MAP Mean value estimated in 10.7375 milliseconds
[gmrf_wind_mapping_node-2] --> MAP did not converge after 1 iterations.
[gmrf_wind_mapping_node-2] [GMRF] MAP Mean value estimated in 10.7367 milliseconds
[gmrf_wind_mapping_node-2] --> MAP did not converge after 1 iterations.
[gmrf_wind_mapping_node-2] [GMRF] MAP Mean value estimated in 10.7382 milliseconds
[gmrf_wind_mapping_node-2] --> MAP did not converge after 1 iterations.
[gmrf_wind_mapping_node-2] [GMRF] MAP Mean value estimated in 10.7407 milliseconds
[gmrf_wind_mapping_node-2] --> MAP did not converge after 1 iterations.
[gmrf_wind_mapping_node-2] [GMRF] MAP Mean value estimated in 10.7412 milliseconds
[gmrf_wind_mapping_node-2] --> MAP did not converge after 1 iterations.
[gmrf_wind_mapping_node-2] [GMRF] MAP Mean value estimated in 10.7395 milliseconds
[gmrf_wind_mapping_node-2] --> MAP did not converge after 1 iterations.
[gmrf_wind_mapping_node-2] [GMRF] MAP Mean value estimated in 10.7401 milliseconds
[gmrf_wind_mapping_node-2] --> MAP did not converge after 1 iterations.
[gmrf_wind_mapping_node-2] [GMRF] MAP Mean value estimated in 10.7416 milliseconds
[gmrf_wind_mapping_node-2] --> MAP did not converge after 1 iterations.
[gmrf_wind_mapping_node-2] [GMRF] MAP Mean value estimated in 10.7399 milliseconds
[gmrf_wind_mapping_node-2] --> MAP did not converge after 1 iterations.
[gmrf_wind_mapping_node-2] [GMRF] MAP Mean value estimated in 10.7386 milliseconds
[gmrf_wind_mapping_node-2] --> MAP did not converge after 1 iterations.
[gmrf_wind_mapping_node-2] [GMRF] MAP Mean value estimated in 10.7369 milliseconds
[gmrf_wind_mapping_node-2] --> MAP did not converge after 1 iterations.
[gmrf_wind_mapping_node-2] [GMRF] MAP Mean value estimated in 10.7356 milliseconds
[gmrf_wind_mapping_node-2] --> MAP did not converge after 1 iterations.
[gmrf_wind_mapping_node-2] [GMRF] MAP Mean value estimated in 10.7335 milliseconds
[gmrf_wind_mapping_node-2] --> MAP did not converge after 1 iterations.
[gmrf_wind_mapping_node-2] [GMRF] MAP Mean value estimated in 10.7322 milliseconds
[gmrf_wind_mapping_node-2] --> MAP did not converge after 1 iterations.
[gmrf_wind_mapping_node-2] [GMRF] MAP Mean value estimated in 10.73 milliseconds
[gmrf_wind_mapping_node-2] --> MAP did not converge after 1 iterations.
[gmrf_wind_mapping_node-2] [GMRF] MAP Mean value estimated in 10.7288 milliseconds
[gmrf_wind_mapping_node-2] --> MAP did not converge after 1 iterations.
[gmrf_wind_mapping_node-2] [GMRF] MAP Mean value estimated in 10.7266 milliseconds
[gmrf_wind_mapping_node-2] --> MAP did not converge after 1 iterations.
[gmrf_wind_mapping_node-2] [GMRF] MAP Mean value estimated in 10.7249 milliseconds
[gmrf_wind_mapping_node-2] --> MAP did not converge after 1 iterations.
[gmrf_wind_mapping_node-2] [GMRF] MAP Mean value estimated in 10.7232 milliseconds
[gmrf_wind_mapping_node-2] --> MAP did not converge after 1 iterations.
[gmrf_wind_mapping_node-2] [GMRF] MAP Mean value estimated in 10.7215 milliseconds
[gsl_actionserver_node-3] [INFO] [1788875990.311187384] [GSL]: 10 gas measurements, 10 wind measurements over 1.96 seconds
[gsl_actionserver_node-3] [INFO] [1788875990.311251978] [GSL]: avg_gas=0.052;  avg_windSpeed=0.31;  avg_wind_dir=0.22
[gsl_actionserver_node-3] [INFO] [1788875990.311761373] [GSL]: [33mNOTHING [0m
[gsl_actionserver_node-3] [INFO] [1788875990.311771859] [GSL]: [DEBUG-WIND] useGroundTruth=false gmrf_req_size=626 gaden_req_size=-1
[gsl_actionserver_node-3] [INFO] [1788875990.311778563] [GSL]: [DEBUG-WIND] Taking GMRF path
[gsl_actionserver_node-3] [INFO] [1788875990.347577680] [GSL - Trace]: [32mEntering StopAndMeasure[0m
[gmrf_wind_mapping_node-2] --> MAP did not converge after 1 iterations.
[gmrf_wind_mapping_node-2] [GMRF] MAP Mean value estimated in 10.7198 milliseconds
[gmrf_wind_mapping_node-2] --> MAP did not converge after 1 iterations.
[gmrf_wind_mapping_node-2] [GMRF] MAP Mean value estimated in 10.7181 milliseconds
[gmrf_wind_mapping_node-2] --> MAP did not converge after 1 iterations.
[gmrf_wind_mapping_node-2] [GMRF] MAP Mean value estimated in 10.7164 milliseconds
[gmrf_wind_mapping_node-2] --> MAP did not converge after 1 iterations.
[gmrf_wind_mapping_node-2] [GMRF] MAP Mean value estimated in 10.7174 milliseconds
[gmrf_wind_mapping_node-2] --> MAP did not converge after 1 iterations.
[gmrf_wind_mapping_node-2] [GMRF] MAP Mean value estimated in 10.7171 milliseconds
[gmrf_wind_mapping_node-2] --> MAP did not converge after 1 iterations.
[gmrf_wind_mapping_node-2] [GMRF] MAP Mean value estimated in 10.7154 milliseconds
[gmrf_wind_mapping_node-2] --> MAP did not converge after 1 iterations.
[gmrf_wind_mapping_node-2] [GMRF] MAP Mean value estimated in 10.7137 milliseconds
[gmrf_wind_mapping_node-2] --> MAP did not converge after 1 iterations.
[gmrf_wind_mapping_node-2] [GMRF] MAP Mean value estimated in 10.7157 milliseconds
[gmrf_wind_mapping_node-2] --> MAP did not converge after 1 iterations.
[gmrf_wind_mapping_node-2] [GMRF] MAP Mean value estimated in 10.7172 milliseconds
[gmrf_wind_mapping_node-2] --> MAP did not converge after 1 iterations.
[gmrf_wind_mapping_node-2] [GMRF] MAP Mean value estimated in 10.7155 milliseconds
[gmrf_wind_mapping_node-2] --> MAP did not converge after 1 iterations.
[gmrf_wind_mapping_node-2] [GMRF] MAP Mean value estimated in 10.716 milliseconds
[gmrf_wind_mapping_node-2] --> MAP did not converge after 1 iterations.
[gmrf_wind_mapping_node-2] [GMRF] MAP Mean value estimated in 10.7162 milliseconds
[gmrf_wind_mapping_node-2] --> MAP did not converge after 1 iterations.
[gmrf_wind_mapping_node-2] [GMRF] MAP Mean value estimated in 10.7154 milliseconds
[gmrf_wind_mapping_node-2] --> MAP did not converge after 1 iterations.
[gmrf_wind_mapping_node-2] [GMRF] MAP Mean value estimated in 10.7178 milliseconds
[gmrf_wind_mapping_node-2] --> MAP did not converge after 1 iterations.
[gmrf_wind_mapping_node-2] [GMRF] MAP Mean value estimated in 10.7188 milliseconds
[gmrf_wind_mapping_node-2] --> MAP did not converge after 1 iterations.
[gmrf_wind_mapping_node-2] [GMRF] MAP Mean value estimated in 10.7208 milliseconds
[gmrf_wind_mapping_node-2] --> MAP did not converge after 1 iterations.
[gmrf_wind_mapping_node-2] [GMRF] MAP Mean value estimated in 10.7223 milliseconds
[gmrf_wind_mapping_node-2] --> MAP did not converge after 1 iterations.
[gmrf_wind_mapping_node-2] [GMRF] MAP Mean value estimated in 10.7242 milliseconds
[gmrf_wind_mapping_node-2] --> MAP did not converge after 1 iterations.
[gmrf_wind_mapping_node-2] [GMRF] MAP Mean value estimated in 10.7252 milliseconds
[gmrf_wind_mapping_node-2] --> MAP did not converge after 1 iterations.
[gmrf_wind_mapping_node-2] [GMRF] MAP Mean value estimated in 10.7263 milliseconds
[gsl_actionserver_node-3] [INFO] [1788875992.311316717] [GSL]: 10 gas measurements, 10 wind measurements over 1.96 seconds
[gsl_actionserver_node-3] [INFO] [1788875992.311397187] [GSL]: avg_gas=0.053;  avg_windSpeed=0.32;  avg_wind_dir=0.1
[gsl_actionserver_node-3] [INFO] [1788875992.312625119] [GSL]: [33mNOTHING [0m
[gsl_actionserver_node-3] [INFO] [1788875992.312662972] [GSL]: [DEBUG-WIND] useGroundTruth=false gmrf_req_size=626 gaden_req_size=-1
[gsl_actionserver_node-3] [INFO] [1788875992.312670340] [GSL]: [DEBUG-WIND] Taking GMRF path
[gsl_actionserver_node-3] [INFO] [1788875992.355755168] [GSL]: Max mutual info: 2.437
[gsl_actionserver_node-3] [INFO] [1788875992.355970936] [GSL]: MutualInformation - Ellapsed: 0.008s
[gmrf_wind_mapping_node-2] --> MAP did not converge after 1 iterations.
[gmrf_wind_mapping_node-2] [GMRF] MAP Mean value estimated in 10.7273 milliseconds
[vgr_sim_node-1] [WARN] [1788875992.368505948] [vgr_uav_sim]: PLAN_CB: called with goal=(6.50,-1.11)
[vgr_sim_node-1] [WARN] [1788875992.371513113] [vgr_uav_sim]: PLAN_CB: returning 6 poses
[vgr_sim_node-1] [WARN] [1788875992.383707037] [vgr_uav_sim]: PLAN_CB: called with goal=(6.50,-1.11)
[vgr_sim_node-1] [WARN] [1788875992.386129563] [vgr_uav_sim]: PLAN_CB: returning 6 poses
[gsl_actionserver_node-3] [INFO] [1788875992.397032559] [GSL]: Sending goal (6.50, -1.11)
[gsl_actionserver_node-3] [INFO] [1788875992.397653351] [GSL]: Variance: 1.43
[gsl_actionserver_node-3] [INFO] [1788875992.397684053] [GSL - Trace]: [32mEntering Moving[0m
[vgr_sim_node-1] [INFO] [1788875992.399179117] [vgr_uav_sim]: Prepared 6 collision-free navigation waypoints to (6.50, -1.11)
[vgr_sim_node-1] [INFO] [1788875992.400396382] [vgr_uav_sim]: UAV navigating in audited 2-D mode to (6.50, -1.11, 0.30)
[gmrf_wind_mapping_node-2] --> MAP did not converge after 1 iterations.
[gmrf_wind_mapping_node-2] [GMRF] MAP Mean value estimated in 10.7274 milliseconds
[gmrf_wind_mapping_node-2] --> MAP did not converge after 1 iterations.
[gmrf_wind_mapping_node-2] [GMRF] MAP Mean value estimated in 10.7262 milliseconds
[gmrf_wind_mapping_node-2] --> MAP did not converge after 1 iterations.
[gmrf_wind_mapping_node-2] [GMRF] MAP Mean value estimated in 10.725 milliseconds
[gmrf_wind_mapping_node-2] --> MAP did not converge after 1 iterations.
[gmrf_wind_mapping_node-2] [GMRF] MAP Mean value estimated in 10.7233 milliseconds
[gmrf_wind_mapping_node-2] --> MAP did not converge after 1 iterations.
[gmrf_wind_mapping_node-2] [GMRF] MAP Mean value estimated in 10.7211 milliseconds
[gmrf_wind_mapping_node-2] --> MAP did not converge after 1 iterations.
[gmrf_wind_mapping_node-2] [GMRF] MAP Mean value estimated in 10.7195 milliseconds
[gmrf_wind_mapping_node-2] --> MAP did not converge after 1 iterations.
[gmrf_wind_mapping_node-2] [GMRF] MAP Mean value estimated in 10.7178 milliseconds
[gmrf_wind_mapping_node-2] --> MAP did not converge after 1 iterations.
[gmrf_wind_mapping_node-2] [GMRF] MAP Mean value estimated in 10.7161 milliseconds
[gmrf_wind_mapping_node-2] --> MAP did not converge after 1 iterations.
[gmrf_wind_mapping_node-2] [GMRF] MAP Mean value estimated in 10.7144 milliseconds
[gsl_actionserver_node-3] [INFO] [1788875993.361828319] [GSL - Trace]: [32mEntering StopAndMeasure[0m
[gmrf_wind_mapping_node-2] --> MAP did not converge after 1 iterations.
[gmrf_wind_mapping_node-2] [GMRF] MAP Mean value estimated in 10.7168 milliseconds
[gmrf_wind_mapping_node-2] --> MAP did not converge after 1 iterations.
[gmrf_wind_mapping_node-2] [GMRF] MAP Mean value estimated in 10.7174 milliseconds
[gmrf_wind_mapping_node-2] --> MAP did not converge after 1 iterations.
[gmrf_wind_mapping_node-2] [GMRF] MAP Mean value estimated in 10.7184 milliseconds
[gmrf_wind_mapping_node-2] --> MAP did not converge after 1 iterations.
[gmrf_wind_mapping_node-2] [GMRF] MAP Mean value estimated in 10.7199 milliseconds
[gmrf_wind_mapping_node-2] --> MAP did not converge after 1 iterations.
[gmrf_wind_mapping_node-2] [GMRF] MAP Mean value estimated in 10.7218 milliseconds
[gmrf_wind_mapping_node-2] --> MAP did not converge after 1 iterations.
[gmrf_wind_mapping_node-2] [GMRF] MAP Mean value estimated in 10.7201 milliseconds
[gmrf_wind_mapping_node-2] --> MAP did not converge after 1 iterations.
[gmrf_wind_mapping_node-2] [GMRF] MAP Mean value estimated in 10.7207 milliseconds
[gmrf_wind_mapping_node-2] --> MAP did not converge after 1 iterations.
[gmrf_wind_mapping_node-2] [GMRF] MAP Mean value estimated in 10.7204 milliseconds
[gmrf_wind_mapping_node-2] --> MAP did not converge after 1 iterations.
[gmrf_wind_mapping_node-2] [GMRF] MAP Mean value estimated in 10.721 milliseconds
[gmrf_wind_mapping_node-2] --> MAP did not converge after 1 iterations.
[gmrf_wind_mapping_node-2] [GMRF] MAP Mean value estimated in 10.7224 milliseconds
[gmrf_wind_mapping_node-2] --> MAP did not converge after 1 iterations.
[gmrf_wind_mapping_node-2] [GMRF] MAP Mean value estimated in 10.723 milliseconds
[gmrf_wind_mapping_node-2] --> MAP did not converge after 1 iterations.
[gmrf_wind_mapping_node-2] [GMRF] MAP Mean value estimated in 10.7245 milliseconds
[gmrf_wind_mapping_node-2] --> MAP did not converge after 1 iterations.
[gmrf_wind_mapping_node-2] [GMRF] MAP Mean value estimated in 10.7251 milliseconds
[gmrf_wind_mapping_node-2] --> MAP did not converge after 1 iterations.
[gmrf_wind_mapping_node-2] [GMRF] MAP Mean value estimated in 10.7252 milliseconds
[gmrf_wind_mapping_node-2] --> MAP did not converge after 1 iterations.
[gmrf_wind_mapping_node-2] [GMRF] MAP Mean value estimated in 10.7267 milliseconds
[gmrf_wind_mapping_node-2] --> MAP did not converge after 1 iterations.
[gmrf_wind_mapping_node-2] [GMRF] MAP Mean value estimated in 10.7263 milliseconds
[gmrf_wind_mapping_node-2] --> MAP did not converge after 1 iterations.
[gmrf_wind_mapping_node-2] [GMRF] MAP Mean value estimated in 10.7269 milliseconds
[gmrf_wind_mapping_node-2] --> MAP did not converge after 1 iterations.
[gmrf_wind_mapping_node-2] [GMRF] MAP Mean value estimated in 10.7257 milliseconds
[gmrf_wind_mapping_node-2] --> MAP did not converge after 1 iterations.
[gmrf_wind_mapping_node-2] [GMRF] MAP Mean value estimated in 10.7263 milliseconds
[gmrf_wind_mapping_node-2] --> MAP did not converge after 1 iterations.
[gmrf_wind_mapping_node-2] [GMRF] MAP Mean value estimated in 10.7268 milliseconds
[gsl_actionserver_node-3] [INFO] [1788875995.311197684] [GSL]: 10 gas measurements, 10 wind measurements over 1.95 seconds
[gsl_actionserver_node-3] [INFO] [1788875995.311264468] [GSL]: avg_gas=0.15;  avg_windSpeed=0.53;  avg_wind_dir=0.17
[gsl_actionserver_node-3] [INFO] [1788875995.311769634] [GSL]: [33mGAS HIT[0m
[gsl_actionserver_node-3] [INFO] [1788875995.311779812] [GSL]: [DEBUG-WIND] useGroundTruth=false gmrf_req_size=626 gaden_req_size=-1
[gsl_actionserver_node-3] [INFO] [1788875995.312072025] [GSL]: [DEBUG-WIND] Taking GMRF path
[gsl_actionserver_node-3] [INFO] [1788875995.347704323] [GSL - Trace]: [32mEntering StopAndMeasure[0m
[gmrf_wind_mapping_node-2] --> MAP did not converge after 1 iterations.
[gmrf_wind_mapping_node-2] [GMRF] MAP Mean value estimated in 10.7256 milliseconds
[gmrf_wind_mapping_node-2] --> MAP did not converge after 1 iterations.
[gmrf_wind_mapping_node-2] [GMRF] MAP Mean value estimated in 10.7257 milliseconds
[gmrf_wind_mapping_node-2] --> MAP did not converge after 1 iterations.
[gmrf_wind_mapping_node-2] [GMRF] MAP Mean value estimated in 10.7276 milliseconds
[gmrf_wind_mapping_node-2] --> MAP did not converge after 1 iterations.
[gmrf_wind_mapping_node-2] [GMRF] MAP Mean value estimated in 10.7287 milliseconds
[gmrf_wind_mapping_node-2] --> MAP did not converge after 1 iterations.
[gmrf_wind_mapping_node-2] [GMRF] MAP Mean value estimated in 10.7292 milliseconds
[gmrf_wind_mapping_node-2] --> MAP did not converge after 1 iterations.
[gmrf_wind_mapping_node-2] [GMRF] MAP Mean value estimated in 10.7289 milliseconds
[gmrf_wind_mapping_node-2] --> MAP did not converge after 1 iterations.
[gmrf_wind_mapping_node-2] [GMRF] MAP Mean value estimated in 10.7272 milliseconds
[gmrf_wind_mapping_node-2] --> MAP did not converge after 1 iterations.
[gmrf_wind_mapping_node-2] [GMRF] MAP Mean value estimated in 10.7305 milliseconds
[gmrf_wind_mapping_node-2] --> MAP did not converge after 1 iterations.
[gmrf_wind_mapping_node-2] [GMRF] MAP Mean value estimated in 10.7288 milliseconds
[gmrf_wind_mapping_node-2] --> MAP did not converge after 1 iterations.
[gmrf_wind_mapping_node-2] [GMRF] MAP Mean value estimated in 10.7303 milliseconds
[gmrf_wind_mapping_node-2] --> MAP did not converge after 1 iterations.
[gmrf_wind_mapping_node-2] [GMRF] MAP Mean value estimated in 10.7308 milliseconds
[gmrf_wind_mapping_node-2] --> MAP did not converge after 1 iterations.
[gmrf_wind_mapping_node-2] [GMRF] MAP Mean value estimated in 10.7327 milliseconds
[gmrf_wind_mapping_node-2] --> MAP did not converge after 1 iterations.
[gmrf_wind_mapping_node-2] [GMRF] MAP Mean value estimated in 10.7337 milliseconds
[gmrf_wind_mapping_node-2] --> MAP did not converge after 1 iterations.
[gmrf_wind_mapping_node-2] [GMRF] MAP Mean value estimated in 10.7352 milliseconds
[gmrf_wind_mapping_node-2] --> MAP did not converge after 1 iterations.
[gmrf_wind_mapping_node-2] [GMRF] MAP Mean value estimated in 10.734 milliseconds
[gmrf_wind_mapping_node-2] --> MAP did not converge after 1 iterations.
[gmrf_wind_mapping_node-2] [GMRF] MAP Mean value estimated in 10.7341 milliseconds
[gmrf_wind_mapping_node-2] --> MAP did not converge after 1 iterations.
[gmrf_wind_mapping_node-2] [GMRF] MAP Mean value estimated in 10.7351 milliseconds
[gmrf_wind_mapping_node-2] --> MAP did not converge after 1 iterations.
[gmrf_wind_mapping_node-2] [GMRF] MAP Mean value estimated in 10.737 milliseconds
[gmrf_wind_mapping_node-2] --> MAP did not converge after 1 iterations.
[gmrf_wind_mapping_node-2] [GMRF] MAP Mean value estimated in 10.738 milliseconds
[gmrf_wind_mapping_node-2] --> MAP did not converge after 1 iterations.
[gmrf_wind_mapping_node-2] [GMRF] MAP Mean value estimated in 10.7399 milliseconds
[gsl_actionserver_node-3] [INFO] [1788875997.311171246] [GSL]: 10 gas measurements, 10 wind measurements over 1.96 seconds
[gsl_actionserver_node-3] [INFO] [1788875997.311229579] [GSL]: avg_gas=0.11;  avg_windSpeed=0.58;  avg_wind_dir=0.25
[gsl_actionserver_node-3] [INFO] [1788875997.311712731] [GSL]: [33mGAS HIT[0m
[gsl_actionserver_node-3] [INFO] [1788875997.311721875] [GSL]: [DEBUG-WIND] useGroundTruth=false gmrf_req_size=626 gaden_req_size=-1
[gsl_actionserver_node-3] [INFO] [1788875997.311728305] [GSL]: [DEBUG-WIND] Taking GMRF path
[gsl_actionserver_node-3] [INFO] [1788875997.348506692] [GSL - Trace]: [32mEntering StopAndMeasure[0m
[gmrf_wind_mapping_node-2] --> MAP did not converge after 1 iterations.
[gmrf_wind_mapping_node-2] [GMRF] MAP Mean value estimated in 10.7413 milliseconds
[gmrf_wind_mapping_node-2] --> MAP did not converge after 1 iterations.
[gmrf_wind_mapping_node-2] [GMRF] MAP Mean value estimated in 10.7424 milliseconds
[gmrf_wind_mapping_node-2] --> MAP did not converge after 1 iterations.
[gmrf_wind_mapping_node-2] [GMRF] MAP Mean value estimated in 10.7447 milliseconds
[gmrf_wind_mapping_node-2] --> MAP did not converge after 1 iterations.
[gmrf_wind_mapping_node-2] [GMRF] MAP Mean value estimated in 10.7444 milliseconds
[gmrf_wind_mapping_node-2] --> MAP did not converge after 1 iterations.
[gmrf_wind_mapping_node-2] [GMRF] MAP Mean value estimated in 10.7462 milliseconds
[gmrf_wind_mapping_node-2] --> MAP did not converge after 1 iterations.
[gmrf_wind_mapping_node-2] [GMRF] MAP Mean value estimated in 10.7486 milliseconds
[gmrf_wind_mapping_node-2] --> MAP did not converge after 1 iterations.
[gmrf_wind_mapping_node-2] [GMRF] MAP Mean value estimated in 10.7469 milliseconds
[gmrf_wind_mapping_node-2] --> MAP did not converge after 1 iterations.
[gmrf_wind_mapping_node-2] [GMRF] MAP Mean value estimated in 10.7483 milliseconds
[gmrf_wind_mapping_node-2] --> MAP did not converge after 1 iterations.
[gmrf_wind_mapping_node-2] [GMRF] MAP Mean value estimated in 10.7467 milliseconds
[gmrf_wind_mapping_node-2] --> MAP did not converge after 1 iterations.
[gmrf_wind_mapping_node-2] [GMRF] MAP Mean value estimated in 10.7486 milliseconds
[gmrf_wind_mapping_node-2] --> MAP did not converge after 1 iterations.
[gmrf_wind_mapping_node-2] [GMRF] MAP Mean value estimated in 10.75 milliseconds
[gmrf_wind_mapping_node-2] --> MAP did not converge after 1 iterations.
[gmrf_wind_mapping_node-2] [GMRF] MAP Mean value estimated in 10.7483 milliseconds
[gmrf_wind_mapping_node-2] --> MAP did not converge after 1 iterations.
[gmrf_wind_mapping_node-2] [GMRF] MAP Mean value estimated in 10.7498 milliseconds
[gmrf_wind_mapping_node-2] --> MAP did not converge after 1 iterations.
[gmrf_wind_mapping_node-2] [GMRF] MAP Mean value estimated in 10.7481 milliseconds
[gmrf_wind_mapping_node-2] --> MAP did not converge after 1 iterations.
[gmrf_wind_mapping_node-2] [GMRF] MAP Mean value estimated in 10.7496 milliseconds
[gmrf_wind_mapping_node-2] --> MAP did not converge after 1 iterations.
[gmrf_wind_mapping_node-2] [GMRF] MAP Mean value estimated in 10.7483 milliseconds
[gmrf_wind_mapping_node-2] --> MAP did not converge after 1 iterations.
[gmrf_wind_mapping_node-2] [GMRF] MAP Mean value estimated in 10.7467 milliseconds
[gmrf_wind_mapping_node-2] --> MAP did not converge after 1 iterations.
[gmrf_wind_mapping_node-2] [GMRF] MAP Mean value estimated in 10.7486 milliseconds
[gmrf_wind_mapping_node-2] --> MAP did not converge after 1 iterations.
[gmrf_wind_mapping_node-2] [GMRF] MAP Mean value estimated in 10.7491 milliseconds
[gmrf_wind_mapping_node-2] --> MAP did not converge after 1 iterations.
[gmrf_wind_mapping_node-2] [GMRF] MAP Mean value estimated in 10.7479 milliseconds
[gsl_actionserver_node-3] [INFO] [1788875999.311195421] [GSL]: 10 gas measurements, 10 wind measurements over 1.96 seconds
[gsl_actionserver_node-3] [INFO] [1788875999.311259031] [GSL]: avg_gas=0.1;  avg_windSpeed=0.52;  avg_wind_dir=0.16
[gsl_actionserver_node-3] [INFO] [1788875999.311759683] [GSL]: [33mNOTHING [0m
[gsl_actionserver_node-3] [INFO] [1788875999.311769229] [GSL]: [DEBUG-WIND] useGroundTruth=false gmrf_req_size=626 gaden_req_size=-1
[gsl_actionserver_node-3] [INFO] [1788875999.311775719] [GSL]: [DEBUG-WIND] Taking GMRF path
[gsl_actionserver_node-3] [INFO] [1788875999.347834047] [GSL - Trace]: [32mEntering StopAndMeasure[0m
[gmrf_wind_mapping_node-2] --> MAP did not converge after 1 iterations.
[gmrf_wind_mapping_node-2] [GMRF] MAP Mean value estimated in 10.7463 milliseconds
[gmrf_wind_mapping_node-2] --> MAP did not converge after 1 iterations.
[gmrf_wind_mapping_node-2] [GMRF] MAP Mean value estimated in 10.7446 milliseconds
[gmrf_wind_mapping_node-2] --> MAP did not converge after 1 iterations.
[gmrf_wind_mapping_node-2] [GMRF] MAP Mean value estimated in 10.743 milliseconds
[gmrf_wind_mapping_node-2] --> MAP did not converge after 1 iterations.
[gmrf_wind_mapping_node-2] [GMRF] MAP Mean value estimated in 10.7413 milliseconds
[gmrf_wind_mapping_node-2] --> MAP did not converge after 1 iterations.
[gmrf_wind_mapping_node-2] [GMRF] MAP Mean value estimated in 10.7397 milliseconds
[gmrf_wind_mapping_node-2] --> MAP did not converge after 1 iterations.
[gmrf_wind_mapping_node-2] [GMRF] MAP Mean value estimated in 10.7376 milliseconds
[gmrf_wind_mapping_node-2] --> MAP did not converge after 1 iterations.
[gmrf_wind_mapping_node-2] [GMRF] MAP Mean value estimated in 10.736 milliseconds
[gmrf_wind_mapping_node-2] --> MAP did not converge after 1 iterations.
[gmrf_wind_mapping_node-2] [GMRF] MAP Mean value estimated in 10.7343 milliseconds
[gmrf_wind_mapping_node-2] --> MAP did not converge after 1 iterations.
[gmrf_wind_mapping_node-2] [GMRF] MAP Mean value estimated in 10.7327 milliseconds
[gmrf_wind_mapping_node-2] --> MAP did not converge after 1 iterations.
[gmrf_wind_mapping_node-2] [GMRF] MAP Mean value estimated in 10.7297 milliseconds
[gmrf_wind_mapping_node-2] --> MAP did not converge after 1 iterations.
[gmrf_wind_mapping_node-2] [GMRF] MAP Mean value estimated in 10.7268 milliseconds
[gmrf_wind_mapping_node-2] --> MAP did not converge after 1 iterations.
[gmrf_wind_mapping_node-2] [GMRF] MAP Mean value estimated in 10.7243 milliseconds
[gmrf_wind_mapping_node-2] --> MAP did not converge after 1 iterations.
[gmrf_wind_mapping_node-2] [GMRF] MAP Mean value estimated in 10.7218 milliseconds
[gmrf_wind_mapping_node-2] --> MAP did not converge after 1 iterations.
[gmrf_wind_mapping_node-2] [GMRF] MAP Mean value estimated in 10.7188 milliseconds
[gmrf_wind_mapping_node-2] --> MAP did not converge after 1 iterations.
[gmrf_wind_mapping_node-2] [GMRF] MAP Mean value estimated in 10.7159 milliseconds
[gmrf_wind_mapping_node-2] --> MAP did not converge after 1 iterations.
[gmrf_wind_mapping_node-2] [GMRF] MAP Mean value estimated in 10.7138 milliseconds
[gmrf_wind_mapping_node-2] --> MAP did not converge after 1 iterations.
[gmrf_wind_mapping_node-2] [GMRF] MAP Mean value estimated in 10.7148 milliseconds
[gmrf_wind_mapping_node-2] --> MAP did not converge after 1 iterations.
[gmrf_wind_mapping_node-2] [GMRF] MAP Mean value estimated in 10.7137 milliseconds
[gmrf_wind_mapping_node-2] --> MAP did not converge after 1 iterations.
[gmrf_wind_mapping_node-2] [GMRF] MAP Mean value estimated in 10.7147 milliseconds
[gmrf_wind_mapping_node-2] --> MAP did not converge after 1 iterations.
[gmrf_wind_mapping_node-2] [GMRF] MAP Mean value estimated in 10.7161 milliseconds
[gsl_actionserver_node-3] [INFO] [1788876001.311328544] [GSL]: 10 gas measurements, 10 wind measurements over 1.96 seconds
[gsl_actionserver_node-3] [INFO] [1788876001.311400934] [GSL]: avg_gas=0.086;  avg_windSpeed=0.57;  avg_wind_dir=0.24
[gsl_actionserver_node-3] [INFO] [1788876001.312125739] [GSL]: [33mNOTHING [0m
[gsl_actionserver_node-3] [INFO] [1788876001.312139048] [GSL]: [DEBUG-WIND] useGroundTruth=false gmrf_req_size=626 gaden_req_size=-1
[gsl_actionserver_node-3] [INFO] [1788876001.312147488] [GSL]: [DEBUG-WIND] Taking GMRF path
[gsl_actionserver_node-3] [INFO] [1788876001.348171716] [GSL - Trace]: [32mEntering StopAndMeasure[0m
[gmrf_wind_mapping_node-2] --> MAP did not converge after 1 iterations.
[gmrf_wind_mapping_node-2] [GMRF] MAP Mean value estimated in 10.7167 milliseconds
[gmrf_wind_mapping_node-2] --> MAP did not converge after 1 iterations.
[gmrf_wind_mapping_node-2] [GMRF] MAP Mean value estimated in 10.7168 milliseconds
[gmrf_wind_mapping_node-2] --> MAP did not converge after 1 iterations.
[gmrf_wind_mapping_node-2] [GMRF] MAP Mean value estimated in 10.7169 milliseconds
[gmrf_wind_mapping_node-2] --> MAP did not converge after 1 iterations.
[gmrf_wind_mapping_node-2] [GMRF] MAP Mean value estimated in 10.7179 milliseconds
[gmrf_wind_mapping_node-2] --> MAP did not converge after 1 iterations.
[gmrf_wind_mapping_node-2] [GMRF] MAP Mean value estimated in 10.7189 milliseconds
[gmrf_wind_mapping_node-2] --> MAP did not converge after 1 iterations.
[gmrf_wind_mapping_node-2] [GMRF] MAP Mean value estimated in 10.7173 milliseconds
[gmrf_wind_mapping_node-2] --> MAP did not converge after 1 iterations.
[gmrf_wind_mapping_node-2] [GMRF] MAP Mean value estimated in 10.7191 milliseconds
[gmrf_wind_mapping_node-2] --> MAP did not converge after 1 iterations.
[gmrf_wind_mapping_node-2] [GMRF] MAP Mean value estimated in 10.7201 milliseconds
[gmrf_wind_mapping_node-2] --> MAP did not converge after 1 iterations.
[gmrf_wind_mapping_node-2] [GMRF] MAP Mean value estimated in 10.7189 milliseconds
[gmrf_wind_mapping_node-2] --> MAP did not converge after 1 iterations.
[gmrf_wind_mapping_node-2] [GMRF] MAP Mean value estimated in 10.7221 milliseconds
[gmrf_wind_mapping_node-2] --> MAP did not converge after 1 iterations.
[gmrf_wind_mapping_node-2] [GMRF] MAP Mean value estimated in 10.7205 milliseconds
[gmrf_wind_mapping_node-2] --> MAP did not converge after 1 iterations.
[gmrf_wind_mapping_node-2] [GMRF] MAP Mean value estimated in 10.7189 milliseconds
[gmrf_wind_mapping_node-2] --> MAP did not converge after 1 iterations.
[gmrf_wind_mapping_node-2] [GMRF] MAP Mean value estimated in 10.7173 milliseconds
[gmrf_wind_mapping_node-2] --> MAP did not converge after 1 iterations.
[gmrf_wind_mapping_node-2] [GMRF] MAP Mean value estimated in 10.7156 milliseconds
[gmrf_wind_mapping_node-2] --> MAP did not converge after 1 iterations.
[gmrf_wind_mapping_node-2] [GMRF] MAP Mean value estimated in 10.714 milliseconds
[gmrf_wind_mapping_node-2] --> MAP did not converge after 1 iterations.
[gmrf_wind_mapping_node-2] [GMRF] MAP Mean value estimated in 10.712 milliseconds
[gmrf_wind_mapping_node-2] --> MAP did not converge after 1 iterations.
[gmrf_wind_mapping_node-2] [GMRF] MAP Mean value estimated in 10.7104 milliseconds
[gmrf_wind_mapping_node-2] --> MAP did not converge after 1 iterations.
[gmrf_wind_mapping_node-2] [GMRF] MAP Mean value estimated in 10.7105 milliseconds
[gmrf_wind_mapping_node-2] --> MAP did not converge after 1 iterations.
[gmrf_wind_mapping_node-2] [GMRF] MAP Mean value estimated in 10.7089 milliseconds
[gmrf_wind_mapping_node-2] --> MAP did not converge after 1 iterations.
[gmrf_wind_mapping_node-2] [GMRF] MAP Mean value estimated in 10.7077 milliseconds
[gsl_actionserver_node-3] [INFO] [1788876003.311295295] [GSL]: 10 gas measurements, 10 wind measurements over 1.96 seconds
[gsl_actionserver_node-3] [INFO] [1788876003.311379916] [GSL]: avg_gas=0.15;  avg_windSpeed=0.56;  avg_wind_dir=0.21
[gsl_actionserver_node-3] [INFO] [1788876003.312238001] [GSL]: [33mGAS HIT[0m
[gsl_actionserver_node-3] [INFO] [1788876003.312254646] [GSL]: [DEBUG-WIND] useGroundTruth=false gmrf_req_size=626 gaden_req_size=-1
[gsl_actionserver_node-3] [INFO] [1788876003.312265202] [GSL]: [DEBUG-WIND] Taking GMRF path
[gsl_actionserver_node-3] [INFO] [1788876003.347636547] [GSL - Trace]: [32mEntering StopAndMeasure[0m
[gmrf_wind_mapping_node-2] --> MAP did not converge after 1 iterations.
[gmrf_wind_mapping_node-2] [GMRF] MAP Mean value estimated in 10.7061 milliseconds
[gmrf_wind_mapping_node-2] --> MAP did not converge after 1 iterations.
[gmrf_wind_mapping_node-2] [GMRF] MAP Mean value estimated in 10.7045 milliseconds
[gmrf_wind_mapping_node-2] --> MAP did not converge after 1 iterations.
[gmrf_wind_mapping_node-2] [GMRF] MAP Mean value estimated in 10.7034 milliseconds
[gmrf_wind_mapping_node-2] --> MAP did not converge after 1 iterations.
[gmrf_wind_mapping_node-2] [GMRF] MAP Mean value estimated in 10.7018 milliseconds
[gmrf_wind_mapping_node-2] --> MAP did not converge after 1 iterations.
[gmrf_wind_mapping_node-2] [GMRF] MAP Mean value estimated in 10.7002 milliseconds
[gmrf_wind_mapping_node-2] --> MAP did not converge after 1 iterations.
[gmrf_wind_mapping_node-2] [GMRF] MAP Mean value estimated in 10.6986 milliseconds
[gmrf_wind_mapping_node-2] --> MAP did not converge after 1 iterations.
[gmrf_wind_mapping_node-2] [GMRF] MAP Mean value estimated in 10.6966 milliseconds
[gmrf_wind_mapping_node-2] --> MAP did not converge after 1 iterations.
[gmrf_wind_mapping_node-2] [GMRF] MAP Mean value estimated in 10.6975 milliseconds
[gmrf_wind_mapping_node-2] --> MAP did not converge after 1 iterations.
[gmrf_wind_mapping_node-2] [GMRF] MAP Mean value estimated in 10.696 milliseconds
[gmrf_wind_mapping_node-2] --> MAP did not converge after 1 iterations.
[gmrf_wind_mapping_node-2] [GMRF] MAP Mean value estimated in 10.6965 milliseconds
[gmrf_wind_mapping_node-2] --> MAP did not converge after 1 iterations.
[gmrf_wind_mapping_node-2] [GMRF] MAP Mean value estimated in 10.6949 milliseconds
[gmrf_wind_mapping_node-2] --> MAP did not converge after 1 iterations.
[gmrf_wind_mapping_node-2] [GMRF] MAP Mean value estimated in 10.6951 milliseconds
[gmrf_wind_mapping_node-2] --> MAP did not converge after 1 iterations.
[gmrf_wind_mapping_node-2] [GMRF] MAP Mean value estimated in 10.6982 milliseconds
[gmrf_wind_mapping_node-2] --> MAP did not converge after 1 iterations.
[gmrf_wind_mapping_node-2] [GMRF] MAP Mean value estimated in 10.7 milliseconds
[gmrf_wind_mapping_node-2] --> MAP did not converge after 1 iterations.
[gmrf_wind_mapping_node-2] [GMRF] MAP Mean value estimated in 10.7006 milliseconds
[gmrf_wind_mapping_node-2] --> MAP did not converge after 1 iterations.
[gmrf_wind_mapping_node-2] [GMRF] MAP Mean value estimated in 10.7003 milliseconds
[gmrf_wind_mapping_node-2] --> MAP did not converge after 1 iterations.
[gmrf_wind_mapping_node-2] [GMRF] MAP Mean value estimated in 10.7004 milliseconds
[gmrf_wind_mapping_node-2] --> MAP did not converge after 1 iterations.
[gmrf_wind_mapping_node-2] [GMRF] MAP Mean value estimated in 10.7027 milliseconds
[gmrf_wind_mapping_node-2] --> MAP did not converge after 1 iterations.
[gmrf_wind_mapping_node-2] [GMRF] MAP Mean value estimated in 10.7033 milliseconds
[gmrf_wind_mapping_node-2] --> MAP did not converge after 1 iterations.
[gmrf_wind_mapping_node-2] [GMRF] MAP Mean value estimated in 10.7038 milliseconds
[gsl_actionserver_node-3] [INFO] [1788876005.311196880] [GSL]: 10 gas measurements, 10 wind measurements over 1.96 seconds
[gsl_actionserver_node-3] [INFO] [1788876005.311268880] [GSL]: avg_gas=0.19;  avg_windSpeed=0.55;  avg_wind_dir=0.2
[gsl_actionserver_node-3] [INFO] [1788876005.311824826] [GSL]: [33mGAS HIT[0m
[gsl_actionserver_node-3] [INFO] [1788876005.311833996] [GSL]: [DEBUG-WIND] useGroundTruth=false gmrf_req_size=626 gaden_req_size=-1
[gsl_actionserver_node-3] [INFO] [1788876005.311883142] [GSL]: [DEBUG-WIND] Taking GMRF path
[gsl_actionserver_node-3] [INFO] [1788876005.348184158] [GSL - Trace]: [32mEntering StopAndMeasure[0m
[gmrf_wind_mapping_node-2] --> MAP did not converge after 1 iterations.
[gmrf_wind_mapping_node-2] [GMRF] MAP Mean value estimated in 10.7057 milliseconds
[gmrf_wind_mapping_node-2] --> MAP did not converge after 1 iterations.
[gmrf_wind_mapping_node-2] [GMRF] MAP Mean value estimated in 10.7054 milliseconds
[gmrf_wind_mapping_node-2] --> MAP did not converge after 1 iterations.
[gmrf_wind_mapping_node-2] [GMRF] MAP Mean value estimated in 10.7042 milliseconds
[gmrf_wind_mapping_node-2] --> MAP did not converge after 1 iterations.
[gmrf_wind_mapping_node-2] [GMRF] MAP Mean value estimated in 10.7043 milliseconds
[gmrf_wind_mapping_node-2] --> MAP did not converge after 1 iterations.
[gmrf_wind_mapping_node-2] [GMRF] MAP Mean value estimated in 10.707 milliseconds
[gmrf_wind_mapping_node-2] --> MAP did not converge after 1 iterations.
[gmrf_wind_mapping_node-2] [GMRF] MAP Mean value estimated in 10.7054 milliseconds
[gmrf_wind_mapping_node-2] --> MAP did not converge after 1 iterations.
[gmrf_wind_mapping_node-2] [GMRF] MAP Mean value estimated in 10.706 milliseconds
[gmrf_wind_mapping_node-2] --> MAP did not converge after 1 iterations.
[gmrf_wind_mapping_node-2] [GMRF] MAP Mean value estimated in 10.7078 milliseconds
[gmrf_wind_mapping_node-2] --> MAP did not converge after 1 iterations.
[gmrf_wind_mapping_node-2] [GMRF] MAP Mean value estimated in 10.7092 milliseconds
[gmrf_wind_mapping_node-2] --> MAP did not converge after 1 iterations.
[gmrf_wind_mapping_node-2] [GMRF] MAP Mean value estimated in 10.7085 milliseconds
[gmrf_wind_mapping_node-2] --> MAP did not converge after 1 iterations.
[gmrf_wind_mapping_node-2] [GMRF] MAP Mean value estimated in 10.7103 milliseconds
[gmrf_wind_mapping_node-2] --> MAP did not converge after 1 iterations.
[gmrf_wind_mapping_node-2] [GMRF] MAP Mean value estimated in 10.7096 milliseconds
[gmrf_wind_mapping_node-2] --> MAP did not converge after 1 iterations.
[gmrf_wind_mapping_node-2] [GMRF] MAP Mean value estimated in 10.711 milliseconds
[gmrf_wind_mapping_node-2] --> MAP did not converge after 1 iterations.
[gmrf_wind_mapping_node-2] [GMRF] MAP Mean value estimated in 10.7098 milliseconds
[gmrf_wind_mapping_node-2] --> MAP did not converge after 1 iterations.
[gmrf_wind_mapping_node-2] [GMRF] MAP Mean value estimated in 10.7125 milliseconds
[gmrf_wind_mapping_node-2] --> MAP did not converge after 1 iterations.
[gmrf_wind_mapping_node-2] [GMRF] MAP Mean value estimated in 10.7109 milliseconds
[gmrf_wind_mapping_node-2] --> MAP did not converge after 1 iterations.
[gmrf_wind_mapping_node-2] [GMRF] MAP Mean value estimated in 10.7123 milliseconds
[gmrf_wind_mapping_node-2] --> MAP did not converge after 1 iterations.
[gmrf_wind_mapping_node-2] [GMRF] MAP Mean value estimated in 10.7142 milliseconds
[gmrf_wind_mapping_node-2] --> MAP did not converge after 1 iterations.
[gmrf_wind_mapping_node-2] [GMRF] MAP Mean value estimated in 10.7147 milliseconds
[gmrf_wind_mapping_node-2] --> MAP did not converge after 1 iterations.
[gmrf_wind_mapping_node-2] [GMRF] MAP Mean value estimated in 10.7165 milliseconds
[gsl_actionserver_node-3] [INFO] [1788876007.311179175] [GSL]: 10 gas measurements, 10 wind measurements over 1.96 seconds
[gsl_actionserver_node-3] [INFO] [1788876007.311239950] [GSL]: avg_gas=0.17;  avg_windSpeed=0.58;  avg_wind_dir=0.24
[gsl_actionserver_node-3] [INFO] [1788876007.311741921] [GSL]: [33mGAS HIT[0m
[gsl_actionserver_node-3] [INFO] [1788876007.311751341] [GSL]: [DEBUG-WIND] useGroundTruth=false gmrf_req_size=626 gaden_req_size=-1
[gsl_actionserver_node-3] [INFO] [1788876007.311757895] [GSL]: [DEBUG-WIND] Taking GMRF path
[gsl_actionserver_node-3] [INFO] [1788876007.348636654] [GSL - Trace]: [32mEntering StopAndMeasure[0m
[gmrf_wind_mapping_node-2] --> MAP did not converge after 1 iterations.
[gmrf_wind_mapping_node-2] [GMRF] MAP Mean value estimated in 10.7179 milliseconds
[gmrf_wind_mapping_node-2] --> MAP did not converge after 1 iterations.
[gmrf_wind_mapping_node-2] [GMRF] MAP Mean value estimated in 10.7172 milliseconds
[gmrf_wind_mapping_node-2] --> MAP did not converge after 1 iterations.
[gmrf_wind_mapping_node-2] [GMRF] MAP Mean value estimated in 10.7182 milliseconds
[gmrf_wind_mapping_node-2] --> MAP did not converge after 1 iterations.
[gmrf_wind_mapping_node-2] [GMRF] MAP Mean value estimated in 10.7196 milliseconds
[gmrf_wind_mapping_node-2] --> MAP did not converge after 1 iterations.
[gmrf_wind_mapping_node-2] [GMRF] MAP Mean value estimated in 10.718 milliseconds
[gmrf_wind_mapping_node-2] --> MAP did not converge after 1 iterations.
[gmrf_wind_mapping_node-2] [GMRF] MAP Mean value estimated in 10.7164 milliseconds
[gmrf_wind_mapping_node-2] --> MAP did not converge after 1 iterations.
[gmrf_wind_mapping_node-2] [GMRF] MAP Mean value estimated in 10.7174 milliseconds
[gmrf_wind_mapping_node-2] --> MAP did not converge after 1 iterations.
[gmrf_wind_mapping_node-2] [GMRF] MAP Mean value estimated in 10.7183 milliseconds
[gmrf_wind_mapping_node-2] --> MAP did not converge after 1 iterations.
[gmrf_wind_mapping_node-2] [GMRF] MAP Mean value estimated in 10.7206 milliseconds
[gmrf_wind_mapping_node-2] --> MAP did not converge after 1 iterations.
[gmrf_wind_mapping_node-2] [GMRF] MAP Mean value estimated in 10.7228 milliseconds
[gmrf_wind_mapping_node-2] --> MAP did not converge after 1 iterations.
[gmrf_wind_mapping_node-2] [GMRF] MAP Mean value estimated in 10.7229 milliseconds
[gmrf_wind_mapping_node-2] --> MAP did not converge after 1 iterations.
[gmrf_wind_mapping_node-2] [GMRF] MAP Mean value estimated in 10.7226 milliseconds
[gmrf_wind_mapping_node-2] --> MAP did not converge after 1 iterations.
[gmrf_wind_mapping_node-2] [GMRF] MAP Mean value estimated in 10.7232 milliseconds
[gmrf_wind_mapping_node-2] --> MAP did not converge after 1 iterations.
[gmrf_wind_mapping_node-2] [GMRF] MAP Mean value estimated in 10.725 milliseconds
[gmrf_wind_mapping_node-2] --> MAP did not converge after 1 iterations.
[gmrf_wind_mapping_node-2] [GMRF] MAP Mean value estimated in 10.7268 milliseconds
[gmrf_wind_mapping_node-2] --> MAP did not converge after 1 iterations.
[gmrf_wind_mapping_node-2] [GMRF] MAP Mean value estimated in 10.7269 milliseconds
[gmrf_wind_mapping_node-2] --> MAP did not converge after 1 iterations.
[gmrf_wind_mapping_node-2] [GMRF] MAP Mean value estimated in 10.7283 milliseconds
[gmrf_wind_mapping_node-2] --> MAP did not converge after 1 iterations.
[gmrf_wind_mapping_node-2] [GMRF] MAP Mean value estimated in 10.7271 milliseconds
[gmrf_wind_mapping_node-2] --> MAP did not converge after 1 iterations.
[gmrf_wind_mapping_node-2] [GMRF] MAP Mean value estimated in 10.7268 milliseconds
[gmrf_wind_mapping_node-2] --> MAP did not converge after 1 iterations.
[gmrf_wind_mapping_node-2] [GMRF] MAP Mean value estimated in 10.7282 milliseconds
[gsl_actionserver_node-3] [INFO] [1788876009.311163416] [GSL]: 10 gas measurements, 10 wind measurements over 1.96 seconds
[gsl_actionserver_node-3] [INFO] [1788876009.311226070] [GSL]: avg_gas=0.21;  avg_windSpeed=0.54;  avg_wind_dir=0.17
[gsl_actionserver_node-3] [INFO] [1788876009.311726133] [GSL]: [33mGAS HIT[0m
[gsl_actionserver_node-3] [INFO] [1788876009.311736021] [GSL]: [DEBUG-WIND] useGroundTruth=false gmrf_req_size=626 gaden_req_size=-1
[gsl_actionserver_node-3] [INFO] [1788876009.311742782] [GSL]: [DEBUG-WIND] Taking GMRF path
[gsl_actionserver_node-3] [INFO] [1788876009.347922131] [GSL]: [33mStarted simulations. Might take a while![0m
[gmrf_wind_mapping_node-2] --> MAP did not converge after 1 iterations.
[gmrf_wind_mapping_node-2] [GMRF] MAP Mean value estimated in 10.7275 milliseconds
[gmrf_wind_mapping_node-2] --> MAP did not converge after 1 iterations.
[gmrf_wind_mapping_node-2] [GMRF] MAP Mean value estimated in 10.7288 milliseconds
[gsl_actionserver_node-3] [INFO] [1788876009.483642590] [GSL]: CER contrastive context initialized: events=104, candidates=85, transport_members=1, fixed_ratio_weight=1, context_within_member=true, centered_log_odds=true
[gsl_actionserver_node-3] [INFO] [1788876009.485893051] [GSL - Trace]: [32mFirst simulation level done[0m
[gsl_actionserver_node-3] [INFO] [1788876009.486156389] [GSL]: [RC2-DIAG] scores_size=85 refineFraction=0.25 refine_product=21.25 valid_first_level=85 sum_sourceProbInternal_before_norm=0.00048488615097959744 min_sourceProbInternal_before_norm=0 max_sourceProbInternal_before_norm=8.003716707321273e-05 finite_sourceProbInternal=1242 finite_varianceOfHitProb=1242
[gmrf_wind_mapping_node-2] --> MAP did not converge after 1 iterations.
[gmrf_wind_mapping_node-2] [GMRF] MAP Mean value estimated in 10.7319 milliseconds
[gsl_actionserver_node-3] [INFO] [1788876009.613264860] [GSL - Trace]: [32mSimulation level 2 done[0m
[gmrf_wind_mapping_node-2] --> MAP did not converge after 1 iterations.
[gmrf_wind_mapping_node-2] [GMRF] MAP Mean value estimated in 10.7329 milliseconds
[gsl_actionserver_node-3] [INFO] [1788876009.676720967] [GSL - Trace]: [32mSimulation level 3 done[0m
[gsl_actionserver_node-3] [INFO] [1788876009.677556348] [GSL - Trace]: [32mSimulation level 4 done[0m
[gsl_actionserver_node-3] [INFO] [1788876009.677883613] [GSL]: Number of levels in the simulation: 4
[gsl_actionserver_node-3] [INFO] [1788876009.677896394] [GSL]: Total number of simulations: 195
[gsl_actionserver_node-3] [INFO] [1788876009.678465595] [GSL]: CORE sequential event-time commit: window_start=80, new_events=24, committed_total=104
[gsl_actionserver_node-3] [INFO] [1788876009.678481109] [GSL]: [RC2-DIAG] normalized_finite_count=1242 normalized_sum=1
[gsl_actionserver_node-3] [INFO] [1788876009.678489269] [GSL]: Time ellapsed in simulation = 0.33048734300000004 s
[gsl_actionserver_node-3] [INFO] [1788876009.682410439] [GSL]: Max mutual info: 0.694
[gsl_actionserver_node-3] [INFO] [1788876009.682521294] [GSL]: MutualInformation - Ellapsed: 0.004s
[vgr_sim_node-1] [WARN] [1788876009.700871365] [vgr_uav_sim]: PLAN_CB: called with goal=(10.70,0.39)
[vgr_sim_node-1] [WARN] [1788876009.704147210] [vgr_uav_sim]: PLAN_CB: returning 16 poses
[vgr_sim_node-1] [WARN] [1788876009.712391692] [vgr_uav_sim]: PLAN_CB: called with goal=(10.70,0.39)
[vgr_sim_node-1] [WARN] [1788876009.715299993] [vgr_uav_sim]: PLAN_CB: returning 16 poses
[gsl_actionserver_node-3] [INFO] [1788876009.722559763] [GSL]: Sending goal (10.70, 0.39)
[gsl_actionserver_node-3] [INFO] [1788876009.723192692] [GSL]: Variance: 0.02
[gsl_actionserver_node-3] [INFO] [1788876009.723239907] [GSL - Trace]: [32mEntering Moving[0m
[vgr_sim_node-1] [INFO] [1788876009.725752909] [vgr_uav_sim]: Prepared 16 collision-free navigation waypoints to (10.70, 0.39)
[vgr_sim_node-1] [INFO] [1788876009.726743707] [vgr_uav_sim]: UAV navigating in audited 2-D mode to (10.70, 0.39, 0.30)
[gmrf_wind_mapping_node-2] --> MAP did not converge after 1 iterations.
[gmrf_wind_mapping_node-2] [GMRF] MAP Mean value estimated in 10.7313 milliseconds
[gmrf_wind_mapping_node-2] --> MAP did not converge after 1 iterations.
[gmrf_wind_mapping_node-2] [GMRF] MAP Mean value estimated in 10.7318 milliseconds
[gmrf_wind_mapping_node-2] --> MAP did not converge after 1 iterations.
[gmrf_wind_mapping_node-2] [GMRF] MAP Mean value estimated in 10.7319 milliseconds
[gmrf_wind_mapping_node-2] --> MAP did not converge after 1 iterations.
[gmrf_wind_mapping_node-2] [GMRF] MAP Mean value estimated in 10.7333 milliseconds
[gmrf_wind_mapping_node-2] --> MAP did not converge after 1 iterations.
[gmrf_wind_mapping_node-2] [GMRF] MAP Mean value estimated in 10.7355 milliseconds
[gmrf_wind_mapping_node-2] --> MAP did not converge after 1 iterations.
[gmrf_wind_mapping_node-2] [GMRF] MAP Mean value estimated in 10.7373 milliseconds
[gmrf_wind_mapping_node-2] --> MAP did not converge after 1 iterations.
[gmrf_wind_mapping_node-2] [GMRF] MAP Mean value estimated in 10.7383 milliseconds
[gmrf_wind_mapping_node-2] --> MAP did not converge after 1 iterations.
[gmrf_wind_mapping_node-2] [GMRF] MAP Mean value estimated in 10.7371 milliseconds
[gmrf_wind_mapping_node-2] --> MAP did not converge after 1 iterations.
[gmrf_wind_mapping_node-2] [GMRF] MAP Mean value estimated in 10.7372 milliseconds
[gmrf_wind_mapping_node-2] --> MAP did not converge after 1 iterations.
[gmrf_wind_mapping_node-2] [GMRF] MAP Mean value estimated in 10.7386 milliseconds
[gmrf_wind_mapping_node-2] --> MAP did not converge after 1 iterations.
[gmrf_wind_mapping_node-2] [GMRF] MAP Mean value estimated in 10.7404 milliseconds
[gmrf_wind_mapping_node-2] --> MAP did not converge after 1 iterations.
[gmrf_wind_mapping_node-2] [GMRF] MAP Mean value estimated in 10.7388 milliseconds
[gmrf_wind_mapping_node-2] --> MAP did not converge after 1 iterations.
[gmrf_wind_mapping_node-2] [GMRF] MAP Mean value estimated in 10.7389 milliseconds
[gmrf_wind_mapping_node-2] --> MAP did not converge after 1 iterations.
[gmrf_wind_mapping_node-2] [GMRF] MAP Mean value estimated in 10.7407 milliseconds
[gmrf_wind_mapping_node-2] --> MAP did not converge after 1 iterations.
[gmrf_wind_mapping_node-2] [GMRF] MAP Mean value estimated in 10.7412 milliseconds
[gmrf_wind_mapping_node-2] --> MAP did not converge after 1 iterations.
[gmrf_wind_mapping_node-2] [GMRF] MAP Mean value estimated in 10.7426 milliseconds
[gmrf_wind_mapping_node-2] --> MAP did not converge after 1 iterations.
[gmrf_wind_mapping_node-2] [GMRF] MAP Mean value estimated in 10.7439 milliseconds
[gmrf_wind_mapping_node-2] --> MAP did not converge after 1 iterations.
[gmrf_wind_mapping_node-2] [GMRF] MAP Mean value estimated in 10.7445 milliseconds
[gmrf_wind_mapping_node-2] --> MAP did not converge after 1 iterations.
[gmrf_wind_mapping_node-2] [GMRF] MAP Mean value estimated in 10.745 milliseconds
[gmrf_wind_mapping_node-2] --> MAP did not converge after 1 iterations.
[gmrf_wind_mapping_node-2] [GMRF] MAP Mean value estimated in 10.7468 milliseconds
[gmrf_wind_mapping_node-2] --> MAP did not converge after 1 iterations.
[gmrf_wind_mapping_node-2] [GMRF] MAP Mean value estimated in 10.7473 milliseconds
[gmrf_wind_mapping_node-2] --> MAP did not converge after 1 iterations.
[gmrf_wind_mapping_node-2] [GMRF] MAP Mean value estimated in 10.7474 milliseconds
[gmrf_wind_mapping_node-2] --> MAP did not converge after 1 iterations.
[gmrf_wind_mapping_node-2] [GMRF] MAP Mean value estimated in 10.7471 milliseconds
[gmrf_wind_mapping_node-2] --> MAP did not converge after 1 iterations.
[gmrf_wind_mapping_node-2] [GMRF] MAP Mean value estimated in 10.7484 milliseconds
[gmrf_wind_mapping_node-2] --> MAP did not converge after 1 iterations.
[gmrf_wind_mapping_node-2] [GMRF] MAP Mean value estimated in 10.7481 milliseconds
[gmrf_wind_mapping_node-2] --> MAP did not converge after 1 iterations.
[gmrf_wind_mapping_node-2] [GMRF] MAP Mean value estimated in 10.7466 milliseconds
[gmrf_wind_mapping_node-2] --> MAP did not converge after 1 iterations.
[gmrf_wind_mapping_node-2] [GMRF] MAP Mean value estimated in 10.7446 milliseconds
[gmrf_wind_mapping_node-2] --> MAP did not converge after 1 iterations.
[gmrf_wind_mapping_node-2] [GMRF] MAP Mean value estimated in 10.743 milliseconds
[gmrf_wind_mapping_node-2] --> MAP did not converge after 1 iterations.
[gmrf_wind_mapping_node-2] [GMRF] MAP Mean value estimated in 10.7411 milliseconds
[gmrf_wind_mapping_node-2] --> MAP did not converge after 1 iterations.
[gmrf_wind_mapping_node-2] [GMRF] MAP Mean value estimated in 10.7395 milliseconds
[gmrf_wind_mapping_node-2] --> MAP did not converge after 1 iterations.
[gmrf_wind_mapping_node-2] [GMRF] MAP Mean value estimated in 10.7375 milliseconds
[gmrf_wind_mapping_node-2] --> MAP did not converge after 1 iterations.
[gmrf_wind_mapping_node-2] [GMRF] MAP Mean value estimated in 10.736 milliseconds
[gmrf_wind_mapping_node-2] --> MAP did not converge after 1 iterations.
[gmrf_wind_mapping_node-2] [GMRF] MAP Mean value estimated in 10.7344 milliseconds
[gmrf_wind_mapping_node-2] --> MAP did not converge after 1 iterations.
[gmrf_wind_mapping_node-2] [GMRF] MAP Mean value estimated in 10.7358 milliseconds
[gmrf_wind_mapping_node-2] --> MAP did not converge after 1 iterations.
[gmrf_wind_mapping_node-2] [GMRF] MAP Mean value estimated in 10.7342 milliseconds
[gsl_actionserver_node-3] [INFO] [1788876013.174558978] [GSL - Trace]: [32mEntering StopAndMeasure[0m
[gmrf_wind_mapping_node-2] --> MAP did not converge after 1 iterations.
[gmrf_wind_mapping_node-2] [GMRF] MAP Mean value estimated in 10.7323 milliseconds
[gmrf_wind_mapping_node-2] --> MAP did not converge after 1 iterations.
[gmrf_wind_mapping_node-2] [GMRF] MAP Mean value estimated in 10.7328 milliseconds
[gmrf_wind_mapping_node-2] --> MAP did not converge after 1 iterations.
[gmrf_wind_mapping_node-2] [GMRF] MAP Mean value estimated in 10.7325 milliseconds
[gmrf_wind_mapping_node-2] --> MAP did not converge after 1 iterations.
[gmrf_wind_mapping_node-2] [GMRF] MAP Mean value estimated in 10.733 milliseconds
[gmrf_wind_mapping_node-2] --> MAP did not converge after 1 iterations.
[gmrf_wind_mapping_node-2] [GMRF] MAP Mean value estimated in 10.7331 milliseconds
[gmrf_wind_mapping_node-2] --> MAP did not converge after 1 iterations.
[gmrf_wind_mapping_node-2] [GMRF] MAP Mean value estimated in 10.7345 milliseconds
[gmrf_wind_mapping_node-2] --> MAP did not converge after 1 iterations.
[gmrf_wind_mapping_node-2] [GMRF] MAP Mean value estimated in 10.7329 milliseconds
[gmrf_wind_mapping_node-2] --> MAP did not converge after 1 iterations.
[gmrf_wind_mapping_node-2] [GMRF] MAP Mean value estimated in 10.7318 milliseconds
[gmrf_wind_mapping_node-2] --> MAP did not converge after 1 iterations.
[gmrf_wind_mapping_node-2] [GMRF] MAP Mean value estimated in 10.7328 milliseconds
[gmrf_wind_mapping_node-2] --> MAP did not converge after 1 iterations.
[gmrf_wind_mapping_node-2] [GMRF] MAP Mean value estimated in 10.7333 milliseconds
[gmrf_wind_mapping_node-2] --> MAP did not converge after 1 iterations.
[gmrf_wind_mapping_node-2] [GMRF] MAP Mean value estimated in 10.7338 milliseconds
[gmrf_wind_mapping_node-2] --> MAP did not converge after 1 iterations.
[gmrf_wind_mapping_node-2] [GMRF] MAP Mean value estimated in 10.7347 milliseconds
[gmrf_wind_mapping_node-2] --> MAP did not converge after 1 iterations.
[gmrf_wind_mapping_node-2] [GMRF] MAP Mean value estimated in 10.7344 milliseconds
[gmrf_wind_mapping_node-2] --> MAP did not converge after 1 iterations.
[gmrf_wind_mapping_node-2] [GMRF] MAP Mean value estimated in 10.7341 milliseconds
[gmrf_wind_mapping_node-2] --> MAP did not converge after 1 iterations.
[gmrf_wind_mapping_node-2] [GMRF] MAP Mean value estimated in 10.7359 milliseconds
[gmrf_wind_mapping_node-2] --> MAP did not converge after 1 iterations.
[gmrf_wind_mapping_node-2] [GMRF] MAP Mean value estimated in 10.7372 milliseconds
[gmrf_wind_mapping_node-2] --> MAP did not converge after 1 iterations.
[gmrf_wind_mapping_node-2] [GMRF] MAP Mean value estimated in 10.7357 milliseconds
[gmrf_wind_mapping_node-2] --> MAP did not converge after 1 iterations.
[gmrf_wind_mapping_node-2] [GMRF] MAP Mean value estimated in 10.7374 milliseconds
[gmrf_wind_mapping_node-2] --> MAP did not converge after 1 iterations.
[gmrf_wind_mapping_node-2] [GMRF] MAP Mean value estimated in 10.7384 milliseconds
[gsl_actionserver_node-3] [INFO] [1788876015.124450690] [GSL]: 10 gas measurements, 10 wind measurements over 1.95 seconds
[gsl_actionserver_node-3] [INFO] [1788876015.124558638] [GSL]: avg_gas=0.54;  avg_windSpeed=0.13;  avg_wind_dir=-1.7
[gsl_actionserver_node-3] [INFO] [1788876015.125471848] [GSL]: [33mGAS HIT[0m
[gsl_actionserver_node-3] [INFO] [1788876015.125491271] [GSL]: [DEBUG-WIND] useGroundTruth=false gmrf_req_size=626 gaden_req_size=-1
[gsl_actionserver_node-3] [INFO] [1788876015.125503536] [GSL]: [DEBUG-WIND] Taking GMRF path
[gsl_actionserver_node-3] [INFO] [1788876015.148361942] [GSL - Trace]: [32mEntering StopAndMeasure[0m
[gmrf_wind_mapping_node-2] --> MAP did not converge after 1 iterations.
[gmrf_wind_mapping_node-2] [GMRF] MAP Mean value estimated in 10.7393 milliseconds
[gmrf_wind_mapping_node-2] --> MAP did not converge after 1 iterations.
[gmrf_wind_mapping_node-2] [GMRF] MAP Mean value estimated in 10.7402 milliseconds
[gmrf_wind_mapping_node-2] --> MAP did not converge after 1 iterations.
[gmrf_wind_mapping_node-2] [GMRF] MAP Mean value estimated in 10.7395 milliseconds
[gmrf_wind_mapping_node-2] --> MAP did not converge after 1 iterations.
[gmrf_wind_mapping_node-2] [GMRF] MAP Mean value estimated in 10.7376 milliseconds
[gmrf_wind_mapping_node-2] --> MAP did not converge after 1 iterations.
[gmrf_wind_mapping_node-2] [GMRF] MAP Mean value estimated in 10.7389 milliseconds
[gmrf_wind_mapping_node-2] --> MAP did not converge after 1 iterations.
[gmrf_wind_mapping_node-2] [GMRF] MAP Mean value estimated in 10.7398 milliseconds
[gmrf_wind_mapping_node-2] --> MAP did not converge after 1 iterations.
[gmrf_wind_mapping_node-2] [GMRF] MAP Mean value estimated in 10.74 milliseconds
[gmrf_wind_mapping_node-2] --> MAP did not converge after 1 iterations.
[gmrf_wind_mapping_node-2] [GMRF] MAP Mean value estimated in 10.7388 milliseconds
[gmrf_wind_mapping_node-2] --> MAP did not converge after 1 iterations.
[gmrf_wind_mapping_node-2] [GMRF] MAP Mean value estimated in 10.7393 milliseconds
[gmrf_wind_mapping_node-2] --> MAP did not converge after 1 iterations.
[gmrf_wind_mapping_node-2] [GMRF] MAP Mean value estimated in 10.7382 milliseconds
[gmrf_wind_mapping_node-2] --> MAP did not converge after 1 iterations.
[gmrf_wind_mapping_node-2] [GMRF] MAP Mean value estimated in 10.7391 milliseconds
[gmrf_wind_mapping_node-2] --> MAP did not converge after 1 iterations.
[gmrf_wind_mapping_node-2] [GMRF] MAP Mean value estimated in 10.7405 milliseconds
[gmrf_wind_mapping_node-2] --> MAP did not converge after 1 iterations.
[gmrf_wind_mapping_node-2] [GMRF] MAP Mean value estimated in 10.7394 milliseconds
[gmrf_wind_mapping_node-2] --> MAP did not converge after 1 iterations.
[gmrf_wind_mapping_node-2] [GMRF] MAP Mean value estimated in 10.7403 milliseconds
[gmrf_wind_mapping_node-2] --> MAP did not converge after 1 iterations.
[gmrf_wind_mapping_node-2] [GMRF] MAP Mean value estimated in 10.7416 milliseconds
[gmrf_wind_mapping_node-2] --> MAP did not converge after 1 iterations.
[gmrf_wind_mapping_node-2] [GMRF] MAP Mean value estimated in 10.743 milliseconds
[gmrf_wind_mapping_node-2] --> MAP did not converge after 1 iterations.
[gmrf_wind_mapping_node-2] [GMRF] MAP Mean value estimated in 10.7439 milliseconds
[gmrf_wind_mapping_node-2] --> MAP did not converge after 1 iterations.
[gmrf_wind_mapping_node-2] [GMRF] MAP Mean value estimated in 10.7428 milliseconds
[gmrf_wind_mapping_node-2] --> MAP did not converge after 1 iterations.
[gmrf_wind_mapping_node-2] [GMRF] MAP Mean value estimated in 10.7416 milliseconds
[gmrf_wind_mapping_node-2] --> MAP did not converge after 1 iterations.
[gmrf_wind_mapping_node-2] [GMRF] MAP Mean value estimated in 10.7397 milliseconds
[gsl_actionserver_node-3] [INFO] [1788876017.124482685] [GSL]: 10 gas measurements, 10 wind measurements over 1.98 seconds
[gsl_actionserver_node-3] [INFO] [1788876017.124550682] [GSL]: avg_gas=0.73;  avg_windSpeed=0.13;  avg_wind_dir=-2.3
[gsl_actionserver_node-3] [INFO] [1788876017.125062080] [GSL]: [33mGAS HIT[0m
[gsl_actionserver_node-3] [INFO] [1788876017.125072976] [GSL]: [DEBUG-WIND] useGroundTruth=false gmrf_req_size=626 gaden_req_size=-1
[gsl_actionserver_node-3] [INFO] [1788876017.125401645] [GSL]: [DEBUG-WIND] Taking GMRF path
[gsl_actionserver_node-3] [INFO] [1788876017.148020692] [GSL - Trace]: [32mEntering StopAndMeasure[0m
[gmrf_wind_mapping_node-2] --> MAP did not converge after 1 iterations.
[gmrf_wind_mapping_node-2] [GMRF] MAP Mean value estimated in 10.7382 milliseconds
[gmrf_wind_mapping_node-2] --> MAP did not converge after 1 iterations.
[gmrf_wind_mapping_node-2] [GMRF] MAP Mean value estimated in 10.7371 milliseconds
[gmrf_wind_mapping_node-2] --> MAP did not converge after 1 iterations.
[gmrf_wind_mapping_node-2] [GMRF] MAP Mean value estimated in 10.7355 milliseconds
[gmrf_wind_mapping_node-2] --> MAP did not converge after 1 iterations.
[gmrf_wind_mapping_node-2] [GMRF] MAP Mean value estimated in 10.734 milliseconds
[gmrf_wind_mapping_node-2] --> MAP did not converge after 1 iterations.
[gmrf_wind_mapping_node-2] [GMRF] MAP Mean value estimated in 10.7349 milliseconds
[gmrf_wind_mapping_node-2] --> MAP did not converge after 1 iterations.
[gmrf_wind_mapping_node-2] [GMRF] MAP Mean value estimated in 10.7383 milliseconds
[gmrf_wind_mapping_node-2] --> MAP did not converge after 1 iterations.
[gmrf_wind_mapping_node-2] [GMRF] MAP Mean value estimated in 10.7404 milliseconds
[gmrf_wind_mapping_node-2] --> MAP did not converge after 1 iterations.
[gmrf_wind_mapping_node-2] [GMRF] MAP Mean value estimated in 10.741 milliseconds
[gmrf_wind_mapping_node-2] --> MAP did not converge after 1 iterations.
[gmrf_wind_mapping_node-2] [GMRF] MAP Mean value estimated in 10.7423 milliseconds
[gmrf_wind_mapping_node-2] --> MAP did not converge after 1 iterations.
[gmrf_wind_mapping_node-2] [GMRF] MAP Mean value estimated in 10.7452 milliseconds
[gmrf_wind_mapping_node-2] --> MAP did not converge after 1 iterations.
[gmrf_wind_mapping_node-2] [GMRF] MAP Mean value estimated in 10.7449 milliseconds
[gmrf_wind_mapping_node-2] --> MAP did not converge after 1 iterations.
[gmrf_wind_mapping_node-2] [GMRF] MAP Mean value estimated in 10.7467 milliseconds
[gmrf_wind_mapping_node-2] --> MAP did not converge after 1 iterations.
[gmrf_wind_mapping_node-2] [GMRF] MAP Mean value estimated in 10.7484 milliseconds
[gmrf_wind_mapping_node-2] --> MAP did not converge after 1 iterations.
[gmrf_wind_mapping_node-2] [GMRF] MAP Mean value estimated in 10.7485 milliseconds
[gmrf_wind_mapping_node-2] --> MAP did not converge after 1 iterations.
[gmrf_wind_mapping_node-2] [GMRF] MAP Mean value estimated in 10.747 milliseconds
[gmrf_wind_mapping_node-2] --> MAP did not converge after 1 iterations.
[gmrf_wind_mapping_node-2] [GMRF] MAP Mean value estimated in 10.7495 milliseconds
[gmrf_wind_mapping_node-2] --> MAP did not converge after 1 iterations.
[gmrf_wind_mapping_node-2] [GMRF] MAP Mean value estimated in 10.7508 milliseconds
[gmrf_wind_mapping_node-2] --> MAP did not converge after 1 iterations.
[gmrf_wind_mapping_node-2] [GMRF] MAP Mean value estimated in 10.7497 milliseconds
[gmrf_wind_mapping_node-2] --> MAP did not converge after 1 iterations.
[gmrf_wind_mapping_node-2] [GMRF] MAP Mean value estimated in 10.7502 milliseconds
[gmrf_wind_mapping_node-2] --> MAP did not converge after 1 iterations.
[gmrf_wind_mapping_node-2] [GMRF] MAP Mean value estimated in 10.7527 milliseconds
[gsl_actionserver_node-3] [INFO] [1788876019.124433358] [GSL]: 10 gas measurements, 10 wind measurements over 1.98 seconds
[gsl_actionserver_node-3] [INFO] [1788876019.124535676] [GSL]: avg_gas=0.58;  avg_windSpeed=0.12;  avg_wind_dir=-1.8
[gsl_actionserver_node-3] [INFO] [1788876019.125532858] [GSL]: [33mGAS HIT[0m
[gsl_actionserver_node-3] [INFO] [1788876019.125550236] [GSL]: [DEBUG-WIND] useGroundTruth=false gmrf_req_size=626 gaden_req_size=-1
[gsl_actionserver_node-3] [INFO] [1788876019.125561712] [GSL]: [DEBUG-WIND] Taking GMRF path
[gsl_actionserver_node-3] [INFO] [1788876019.148135189] [GSL - Trace]: [32mEntering StopAndMeasure[0m
[gmrf_wind_mapping_node-2] --> MAP did not converge after 1 iterations.
[gmrf_wind_mapping_node-2] [GMRF] MAP Mean value estimated in 10.754 milliseconds
[gmrf_wind_mapping_node-2] --> MAP did not converge after 1 iterations.
[gmrf_wind_mapping_node-2] [GMRF] MAP Mean value estimated in 10.7529 milliseconds
[gmrf_wind_mapping_node-2] --> MAP did not converge after 1 iterations.
[gmrf_wind_mapping_node-2] [GMRF] MAP Mean value estimated in 10.7518 milliseconds
[gmrf_wind_mapping_node-2] --> MAP did not converge after 1 iterations.
[gmrf_wind_mapping_node-2] [GMRF] MAP Mean value estimated in 10.7515 milliseconds
[gmrf_wind_mapping_node-2] --> MAP did not converge after 1 iterations.
[gmrf_wind_mapping_node-2] [GMRF] MAP Mean value estimated in 10.7532 milliseconds
[gmrf_wind_mapping_node-2] --> MAP did not converge after 1 iterations.
[gmrf_wind_mapping_node-2] [GMRF] MAP Mean value estimated in 10.7513 milliseconds
[gmrf_wind_mapping_node-2] --> MAP did not converge after 1 iterations.
[gmrf_wind_mapping_node-2] [GMRF] MAP Mean value estimated in 10.7514 milliseconds
[gmrf_wind_mapping_node-2] --> MAP did not converge after 1 iterations.
[gmrf_wind_mapping_node-2] [GMRF] MAP Mean value estimated in 10.7507 milliseconds
[gmrf_wind_mapping_node-2] --> MAP did not converge after 1 iterations.
[gmrf_wind_mapping_node-2] [GMRF] MAP Mean value estimated in 10.7512 milliseconds
[gmrf_wind_mapping_node-2] --> MAP did not converge after 1 iterations.
[gmrf_wind_mapping_node-2] [GMRF] MAP Mean value estimated in 10.7517 milliseconds
[gmrf_wind_mapping_node-2] --> MAP did not converge after 1 iterations.
[gmrf_wind_mapping_node-2] [GMRF] MAP Mean value estimated in 10.7502 milliseconds
[gmrf_wind_mapping_node-2] --> MAP did not converge after 1 iterations.
[gmrf_wind_mapping_node-2] [GMRF] MAP Mean value estimated in 10.7499 milliseconds
[gmrf_wind_mapping_node-2] --> MAP did not converge after 1 iterations.
[gmrf_wind_mapping_node-2] [GMRF] MAP Mean value estimated in 10.7512 milliseconds
[gmrf_wind_mapping_node-2] --> MAP did not converge after 1 iterations.
[gmrf_wind_mapping_node-2] [GMRF] MAP Mean value estimated in 10.7513 milliseconds
[gmrf_wind_mapping_node-2] --> MAP did not converge after 1 iterations.
[gmrf_wind_mapping_node-2] [GMRF] MAP Mean value estimated in 10.7498 milliseconds
[gmrf_wind_mapping_node-2] --> MAP did not converge after 1 iterations.
[gmrf_wind_mapping_node-2] [GMRF] MAP Mean value estimated in 10.7519 milliseconds
[gmrf_wind_mapping_node-2] --> MAP did not converge after 1 iterations.
[gmrf_wind_mapping_node-2] [GMRF] MAP Mean value estimated in 10.7504 milliseconds
[gmrf_wind_mapping_node-2] --> MAP did not converge after 1 iterations.
[gmrf_wind_mapping_node-2] [GMRF] MAP Mean value estimated in 10.7525 milliseconds
[gmrf_wind_mapping_node-2] --> MAP did not converge after 1 iterations.
[gmrf_wind_mapping_node-2] [GMRF] MAP Mean value estimated in 10.7534 milliseconds
[gmrf_wind_mapping_node-2] --> MAP did not converge after 1 iterations.
[gmrf_wind_mapping_node-2] [GMRF] MAP Mean value estimated in 10.7523 milliseconds
[gsl_actionserver_node-3] [INFO] [1788876021.124508861] [GSL]: 10 gas measurements, 10 wind measurements over 1.98 seconds
[gsl_actionserver_node-3] [INFO] [1788876021.124613607] [GSL]: avg_gas=0.45;  avg_windSpeed=0.14;  avg_wind_dir=-2.1
[gsl_actionserver_node-3] [INFO] [1788876021.125496254] [GSL]: [33mGAS HIT[0m
[gsl_actionserver_node-3] [INFO] [1788876021.125513924] [GSL]: [DEBUG-WIND] useGroundTruth=false gmrf_req_size=626 gaden_req_size=-1
[gsl_actionserver_node-3] [INFO] [1788876021.125525988] [GSL]: [DEBUG-WIND] Taking GMRF path
[gsl_actionserver_node-3] [INFO] [1788876021.148330343] [GSL - Trace]: [32mEntering StopAndMeasure[0m
[gmrf_wind_mapping_node-2] --> MAP did not converge after 1 iterations.
[gmrf_wind_mapping_node-2] [GMRF] MAP Mean value estimated in 10.7536 milliseconds
[gmrf_wind_mapping_node-2] --> MAP did not converge after 1 iterations.
[gmrf_wind_mapping_node-2] [GMRF] MAP Mean value estimated in 10.7557 milliseconds
[gmrf_wind_mapping_node-2] --> MAP did not converge after 1 iterations.
[gmrf_wind_mapping_node-2] [GMRF] MAP Mean value estimated in 10.7562 milliseconds
[gmrf_wind_mapping_node-2] --> MAP did not converge after 1 iterations.
[gmrf_wind_mapping_node-2] [GMRF] MAP Mean value estimated in 10.7571 milliseconds
[gmrf_wind_mapping_node-2] --> MAP did not converge after 1 iterations.
[gmrf_wind_mapping_node-2] [GMRF] MAP Mean value estimated in 10.7556 milliseconds
[gmrf_wind_mapping_node-2] --> MAP did not converge after 1 iterations.
[gmrf_wind_mapping_node-2] [GMRF] MAP Mean value estimated in 10.7557 milliseconds
[gmrf_wind_mapping_node-2] --> MAP did not converge after 1 iterations.
[gmrf_wind_mapping_node-2] [GMRF] MAP Mean value estimated in 10.7578 milliseconds
[gmrf_wind_mapping_node-2] --> MAP did not converge after 1 iterations.
[gmrf_wind_mapping_node-2] [GMRF] MAP Mean value estimated in 10.7567 milliseconds
[gmrf_wind_mapping_node-2] --> MAP did not converge after 1 iterations.
[gmrf_wind_mapping_node-2] [GMRF] MAP Mean value estimated in 10.7576 milliseconds
[gmrf_wind_mapping_node-2] --> MAP did not converge after 1 iterations.
[gmrf_wind_mapping_node-2] [GMRF] MAP Mean value estimated in 10.7593 milliseconds
[gmrf_wind_mapping_node-2] --> MAP did not converge after 1 iterations.
[gmrf_wind_mapping_node-2] [GMRF] MAP Mean value estimated in 10.7606 milliseconds
[gmrf_wind_mapping_node-2] --> MAP did not converge after 1 iterations.
[gmrf_wind_mapping_node-2] [GMRF] MAP Mean value estimated in 10.7623 milliseconds
[gmrf_wind_mapping_node-2] --> MAP did not converge after 1 iterations.
[gmrf_wind_mapping_node-2] [GMRF] MAP Mean value estimated in 10.764 milliseconds
[gmrf_wind_mapping_node-2] --> MAP did not converge after 1 iterations.
[gmrf_wind_mapping_node-2] [GMRF] MAP Mean value estimated in 10.7649 milliseconds
[gmrf_wind_mapping_node-2] --> MAP did not converge after 1 iterations.
[gmrf_wind_mapping_node-2] [GMRF] MAP Mean value estimated in 10.7658 milliseconds
[gmrf_wind_mapping_node-2] --> MAP did not converge after 1 iterations.
[gmrf_wind_mapping_node-2] [GMRF] MAP Mean value estimated in 10.7679 milliseconds
[gmrf_wind_mapping_node-2] --> MAP did not converge after 1 iterations.
[gmrf_wind_mapping_node-2] [GMRF] MAP Mean value estimated in 10.7691 milliseconds
[gmrf_wind_mapping_node-2] --> MAP did not converge after 1 iterations.
[gmrf_wind_mapping_node-2] [GMRF] MAP Mean value estimated in 10.77 milliseconds
[gmrf_wind_mapping_node-2] --> MAP did not converge after 1 iterations.
[gmrf_wind_mapping_node-2] [GMRF] MAP Mean value estimated in 10.7693 milliseconds
[gmrf_wind_mapping_node-2] --> MAP did not converge after 1 iterations.
[gmrf_wind_mapping_node-2] [GMRF] MAP Mean value estimated in 10.7702 milliseconds
[gsl_actionserver_node-3] [INFO] [1788876023.124382242] [GSL]: 10 gas measurements, 10 wind measurements over 1.98 seconds
[gsl_actionserver_node-3] [INFO] [1788876023.124455047] [GSL]: avg_gas=0.22;  avg_windSpeed=0.11;  avg_wind_dir=-2
[gsl_actionserver_node-3] [INFO] [1788876023.124956352] [GSL]: [33mGAS HIT[0m
[gsl_actionserver_node-3] [INFO] [1788876023.124966363] [GSL]: [DEBUG-WIND] useGroundTruth=false gmrf_req_size=626 gaden_req_size=-1
[gsl_actionserver_node-3] [INFO] [1788876023.124972988] [GSL]: [DEBUG-WIND] Taking GMRF path
[gsl_actionserver_node-3] [INFO] [1788876023.147778049] [GSL - Trace]: [32mEntering StopAndMeasure[0m
[gmrf_wind_mapping_node-2] --> MAP did not converge after 1 iterations.
[gmrf_wind_mapping_node-2] [GMRF] MAP Mean value estimated in 10.7683 milliseconds
[gmrf_wind_mapping_node-2] --> MAP did not converge after 1 iterations.
[gmrf_wind_mapping_node-2] [GMRF] MAP Mean value estimated in 10.77 milliseconds
[gmrf_wind_mapping_node-2] --> MAP did not converge after 1 iterations.
[gmrf_wind_mapping_node-2] [GMRF] MAP Mean value estimated in 10.7701 milliseconds
[gmrf_wind_mapping_node-2] --> MAP did not converge after 1 iterations.
[gmrf_wind_mapping_node-2] [GMRF] MAP Mean value estimated in 10.7698 milliseconds
[gmrf_wind_mapping_node-2] --> MAP did not converge after 1 iterations.
[gmrf_wind_mapping_node-2] [GMRF] MAP Mean value estimated in 10.7711 milliseconds
[gmrf_wind_mapping_node-2] --> MAP did not converge after 1 iterations.
[gmrf_wind_mapping_node-2] [GMRF] MAP Mean value estimated in 10.7712 milliseconds
[gmrf_wind_mapping_node-2] --> MAP did not converge after 1 iterations.
[gmrf_wind_mapping_node-2] [GMRF] MAP Mean value estimated in 10.7716 milliseconds
[gmrf_wind_mapping_node-2] --> MAP did not converge after 1 iterations.
[gmrf_wind_mapping_node-2] [GMRF] MAP Mean value estimated in 10.7713 milliseconds
[gmrf_wind_mapping_node-2] --> MAP did not converge after 1 iterations.
[gmrf_wind_mapping_node-2] [GMRF] MAP Mean value estimated in 10.7722 milliseconds
[gmrf_wind_mapping_node-2] --> MAP did not converge after 1 iterations.
[gmrf_wind_mapping_node-2] [GMRF] MAP Mean value estimated in 10.7739 milliseconds
[gmrf_wind_mapping_node-2] --> MAP did not converge after 1 iterations.
[gmrf_wind_mapping_node-2] [GMRF] MAP Mean value estimated in 10.7744 milliseconds
[gmrf_wind_mapping_node-2] --> MAP did not converge after 1 iterations.
[gmrf_wind_mapping_node-2] [GMRF] MAP Mean value estimated in 10.7741 milliseconds
[gmrf_wind_mapping_node-2] --> MAP did not converge after 1 iterations.
[gmrf_wind_mapping_node-2] [GMRF] MAP Mean value estimated in 10.7754 milliseconds
[gmrf_wind_mapping_node-2] --> MAP did not converge after 1 iterations.
[gmrf_wind_mapping_node-2] [GMRF] MAP Mean value estimated in 10.7758 milliseconds
[gsl_actionserver_node-3] [INFO] [1788876024.474153657] [GSL]: Could not find the source. Sorry!
[gmrf_wind_mapping_node-2] --> MAP did not converge after 1 iterations.
[gmrf_wind_mapping_node-2] [GMRF] MAP Mean value estimated in 10.7759 milliseconds
[gmrf_wind_mapping_node-2] --> MAP did not converge after 1 iterations.
[gmrf_wind_mapping_node-2] [GMRF] MAP Mean value estimated in 10.7756 milliseconds
[gmrf_wind_mapping_node-2] --> MAP did not converge after 1 iterations.
[gmrf_wind_mapping_node-2] [GMRF] MAP Mean value estimated in 10.7777 milliseconds
[gmrf_wind_mapping_node-2] --> MAP did not converge after 1 iterations.
[gmrf_wind_mapping_node-2] [GMRF] MAP Mean value estimated in 10.7762 milliseconds
[gmrf_wind_mapping_node-2] --> MAP did not converge after 1 iterations.
[gmrf_wind_mapping_node-2] [GMRF] MAP Mean value estimated in 10.7771 milliseconds
[gmrf_wind_mapping_node-2] --> MAP did not converge after 1 iterations.
[gmrf_wind_mapping_node-2] [GMRF] MAP Mean value estimated in 10.7783 milliseconds
[gmrf_wind_mapping_node-2] --> MAP did not converge after 1 iterations.
[gmrf_wind_mapping_node-2] [GMRF] MAP Mean value estimated in 10.78 milliseconds
[gmrf_wind_mapping_node-2] --> MAP did not converge after 1 iterations.
[gmrf_wind_mapping_node-2] [GMRF] MAP Mean value estimated in 10.7821 milliseconds
[gmrf_wind_mapping_node-2] --> MAP did not converge after 1 iterations.
[gmrf_wind_mapping_node-2] [GMRF] MAP Mean value estimated in 10.7833 milliseconds
[gmrf_wind_mapping_node-2] --> MAP did not converge after 1 iterations.
[gmrf_wind_mapping_node-2] [GMRF] MAP Mean value estimated in 10.7819 milliseconds
[gsl_actionserver_node-3] [INFO] [1788876025.492524679] [GSL]: [34mDONE, CLOSING[0m
[gmrf_wind_mapping_node-2] --> MAP did not converge after 1 iterations.
[gmrf_wind_mapping_node-2] [GMRF] MAP Mean value estimated in 10.7827 milliseconds
[INFO] [gsl_actionserver_node-3]: process has finished cleanly [pid 63793]
[gmrf_wind_mapping_node-2] --> MAP did not converge after 1 iterations.
[gmrf_wind_mapping_node-2] [GMRF] MAP Mean value estimated in 10.7812 milliseconds
[gmrf_wind_mapping_node-2] --> MAP did not converge after 1 iterations.
[gmrf_wind_mapping_node-2] [GMRF] MAP Mean value estimated in 10.7825 milliseconds
[gmrf_wind_mapping_node-2] --> MAP did not converge after 1 iterations.
[gmrf_wind_mapping_node-2] [GMRF] MAP Mean value estimated in 10.7814 milliseconds
[gmrf_wind_mapping_node-2] --> MAP did not converge after 1 iterations.
[gmrf_wind_mapping_node-2] [GMRF] MAP Mean value estimated in 10.7827 milliseconds
[gmrf_wind_mapping_node-2] --> MAP did not converge after 1 iterations.
[gmrf_wind_mapping_node-2] [GMRF] MAP Mean value estimated in 10.7847 milliseconds
[gmrf_wind_mapping_node-2] --> MAP did not converge after 1 iterations.
[gmrf_wind_mapping_node-2] [GMRF] MAP Mean value estimated in 10.7864 milliseconds
[gmrf_wind_mapping_node-2] --> MAP did not converge after 1 iterations.
[gmrf_wind_mapping_node-2] [GMRF] MAP Mean value estimated in 10.7877 milliseconds
[gmrf_wind_mapping_node-2] --> MAP did not converge after 1 iterations.
[gmrf_wind_mapping_node-2] [GMRF] MAP Mean value estimated in 10.7897 milliseconds
[gmrf_wind_mapping_node-2] --> MAP did not converge after 1 iterations.
[gmrf_wind_mapping_node-2] [GMRF] MAP Mean value estimated in 10.7902 milliseconds
[gmrf_wind_mapping_node-2] --> MAP did not converge after 1 iterations.
[gmrf_wind_mapping_node-2] [GMRF] MAP Mean value estimated in 10.7895 milliseconds
[gmrf_wind_mapping_node-2] --> MAP did not converge after 1 iterations.
[gmrf_wind_mapping_node-2] [GMRF] MAP Mean value estimated in 10.7915 milliseconds
[gmrf_wind_mapping_node-2] --> MAP did not converge after 1 iterations.
[gmrf_wind_mapping_node-2] [GMRF] MAP Mean value estimated in 10.7932 milliseconds
[gmrf_wind_mapping_node-2] --> MAP did not converge after 1 iterations.
[gmrf_wind_mapping_node-2] [GMRF] MAP Mean value estimated in 10.7913 milliseconds
[gmrf_wind_mapping_node-2] --> MAP did not converge after 1 iterations.
[gmrf_wind_mapping_node-2] [GMRF] MAP Mean value estimated in 10.7929 milliseconds
[gmrf_wind_mapping_node-2] --> MAP did not converge after 1 iterations.
[gmrf_wind_mapping_node-2] [GMRF] MAP Mean value estimated in 10.7942 milliseconds
[gmrf_wind_mapping_node-2] --> MAP did not converge after 1 iterations.
[gmrf_wind_mapping_node-2] [GMRF] MAP Mean value estimated in 10.7958 milliseconds
[gmrf_wind_mapping_node-2] --> MAP did not converge after 1 iterations.
[gmrf_wind_mapping_node-2] [GMRF] MAP Mean value estimated in 10.7975 milliseconds
[gmrf_wind_mapping_node-2] --> MAP did not converge after 1 iterations.
[gmrf_wind_mapping_node-2] [GMRF] MAP Mean value estimated in 10.7999 milliseconds
[gmrf_wind_mapping_node-2] --> MAP did not converge after 1 iterations.
[gmrf_wind_mapping_node-2] [GMRF] MAP Mean value estimated in 10.8 milliseconds
[gmrf_wind_mapping_node-2] --> MAP did not converge after 1 iterations.
[gmrf_wind_mapping_node-2] [GMRF] MAP Mean value estimated in 10.8001 milliseconds
[gmrf_wind_mapping_node-2] --> MAP did not converge after 1 iterations.
[gmrf_wind_mapping_node-2] [GMRF] MAP Mean value estimated in 10.7986 milliseconds
[gmrf_wind_mapping_node-2] --> MAP did not converge after 1 iterations.
[gmrf_wind_mapping_node-2] [GMRF] MAP Mean value estimated in 10.7995 milliseconds
[gmrf_wind_mapping_node-2] --> MAP did not converge after 1 iterations.
[gmrf_wind_mapping_node-2] [GMRF] MAP Mean value estimated in 10.798 milliseconds
[gmrf_wind_mapping_node-2] --> MAP did not converge after 1 iterations.
[gmrf_wind_mapping_node-2] [GMRF] MAP Mean value estimated in 10.7965 milliseconds
[gmrf_wind_mapping_node-2] --> MAP did not converge after 1 iterations.
[gmrf_wind_mapping_node-2] [GMRF] MAP Mean value estimated in 10.7981 milliseconds
[gmrf_wind_mapping_node-2] --> MAP did not converge after 1 iterations.
[gmrf_wind_mapping_node-2] [GMRF] MAP Mean value estimated in 10.7974 milliseconds
[gmrf_wind_mapping_node-2] --> MAP did not converge after 1 iterations.
[gmrf_wind_mapping_node-2] [GMRF] MAP Mean value estimated in 10.7998 milliseconds
[gmrf_wind_mapping_node-2] --> MAP did not converge after 1 iterations.
[gmrf_wind_mapping_node-2] [GMRF] MAP Mean value estimated in 10.8023 milliseconds
[gmrf_wind_mapping_node-2] --> MAP did not converge after 1 iterations.
[gmrf_wind_mapping_node-2] [GMRF] MAP Mean value estimated in 10.8023 milliseconds
[gmrf_wind_mapping_node-2] --> MAP did not converge after 1 iterations.
[gmrf_wind_mapping_node-2] [GMRF] MAP Mean value estimated in 10.8055 milliseconds
[gmrf_wind_mapping_node-2] --> MAP did not converge after 1 iterations.
[gmrf_wind_mapping_node-2] [GMRF] MAP Mean value estimated in 10.8068 milliseconds
[gmrf_wind_mapping_node-2] --> MAP did not converge after 1 iterations.
[gmrf_wind_mapping_node-2] [GMRF] MAP Mean value estimated in 10.8084 milliseconds
[gmrf_wind_mapping_node-2] --> MAP did not converge after 1 iterations.
[gmrf_wind_mapping_node-2] [GMRF] MAP Mean value estimated in 10.8069 milliseconds
[gmrf_wind_mapping_node-2] --> MAP did not converge after 1 iterations.
[gmrf_wind_mapping_node-2] [GMRF] MAP Mean value estimated in 10.8082 milliseconds
[gmrf_wind_mapping_node-2] --> MAP did not converge after 1 iterations.
[gmrf_wind_mapping_node-2] [GMRF] MAP Mean value estimated in 10.8106 milliseconds
[gmrf_wind_mapping_node-2] --> MAP did not converge after 1 iterations.
[gmrf_wind_mapping_node-2] [GMRF] MAP Mean value estimated in 10.8118 milliseconds
[gmrf_wind_mapping_node-2] --> MAP did not converge after 1 iterations.
[gmrf_wind_mapping_node-2] [GMRF] MAP Mean value estimated in 10.8131 milliseconds
[gmrf_wind_mapping_node-2] --> MAP did not converge after 1 iterations.
[gmrf_wind_mapping_node-2] [GMRF] MAP Mean value estimated in 10.8116 milliseconds
[gmrf_wind_mapping_node-2] --> MAP did not converge after 1 iterations.
[gmrf_wind_mapping_node-2] [GMRF] MAP Mean value estimated in 10.8136 milliseconds
[gmrf_wind_mapping_node-2] --> MAP did not converge after 1 iterations.
[gmrf_wind_mapping_node-2] [GMRF] MAP Mean value estimated in 10.8125 milliseconds
[gmrf_wind_mapping_node-2] --> MAP did not converge after 1 iterations.
[gmrf_wind_mapping_node-2] [GMRF] MAP Mean value estimated in 10.8141 milliseconds
[gmrf_wind_mapping_node-2] --> MAP did not converge after 1 iterations.
[gmrf_wind_mapping_node-2] [GMRF] MAP Mean value estimated in 10.815 milliseconds
[gmrf_wind_mapping_node-2] --> MAP did not converge after 1 iterations.
[gmrf_wind_mapping_node-2] [GMRF] MAP Mean value estimated in 10.8147 milliseconds
[gmrf_wind_mapping_node-2] --> MAP did not converge after 1 iterations.
[gmrf_wind_mapping_node-2] [GMRF] MAP Mean value estimated in 10.8167 milliseconds
[gmrf_wind_mapping_node-2] --> MAP did not converge after 1 iterations.
[gmrf_wind_mapping_node-2] [GMRF] MAP Mean value estimated in 10.8187 milliseconds
[gmrf_wind_mapping_node-2] --> MAP did not converge after 1 iterations.
[gmrf_wind_mapping_node-2] [GMRF] MAP Mean value estimated in 10.8168 milliseconds
[gmrf_wind_mapping_node-2] --> MAP did not converge after 1 iterations.
[gmrf_wind_mapping_node-2] [GMRF] MAP Mean value estimated in 10.8184 milliseconds
[gmrf_wind_mapping_node-2] --> MAP did not converge after 1 iterations.
[gmrf_wind_mapping_node-2] [GMRF] MAP Mean value estimated in 10.8197 milliseconds
[gmrf_wind_mapping_node-2] --> MAP did not converge after 1 iterations.
[gmrf_wind_mapping_node-2] [GMRF] MAP Mean value estimated in 10.8193 milliseconds
[gmrf_wind_mapping_node-2] --> MAP did not converge after 1 iterations.
[gmrf_wind_mapping_node-2] [GMRF] MAP Mean value estimated in 10.8194 milliseconds
[gmrf_wind_mapping_node-2] --> MAP did not converge after 1 iterations.
[gmrf_wind_mapping_node-2] [GMRF] MAP Mean value estimated in 10.8218 milliseconds
[gmrf_wind_mapping_node-2] --> MAP did not converge after 1 iterations.
[gmrf_wind_mapping_node-2] [GMRF] MAP Mean value estimated in 10.8211 milliseconds
[gmrf_wind_mapping_node-2] --> MAP did not converge after 1 iterations.
[gmrf_wind_mapping_node-2] [GMRF] MAP Mean value estimated in 10.8212 milliseconds
[gmrf_wind_mapping_node-2] --> MAP did not converge after 1 iterations.
[gmrf_wind_mapping_node-2] [GMRF] MAP Mean value estimated in 10.8228 milliseconds
[gmrf_wind_mapping_node-2] --> MAP did not converge after 1 iterations.
[gmrf_wind_mapping_node-2] [GMRF] MAP Mean value estimated in 10.8244 milliseconds
[gmrf_wind_mapping_node-2] --> MAP did not converge after 1 iterations.
[gmrf_wind_mapping_node-2] [GMRF] MAP Mean value estimated in 10.8252 milliseconds
[gmrf_wind_mapping_node-2] --> MAP did not converge after 1 iterations.
[gmrf_wind_mapping_node-2] [GMRF] MAP Mean value estimated in 10.8272 milliseconds
[gmrf_wind_mapping_node-2] --> MAP did not converge after 1 iterations.
[gmrf_wind_mapping_node-2] [GMRF] MAP Mean value estimated in 10.8292 milliseconds
[gmrf_wind_mapping_node-2] --> MAP did not converge after 1 iterations.
[gmrf_wind_mapping_node-2] [GMRF] MAP Mean value estimated in 10.8293 milliseconds
[gmrf_wind_mapping_node-2] --> MAP did not converge after 1 iterations.
[gmrf_wind_mapping_node-2] [GMRF] MAP Mean value estimated in 10.8309 milliseconds
[gmrf_wind_mapping_node-2] --> MAP did not converge after 1 iterations.
[gmrf_wind_mapping_node-2] [GMRF] MAP Mean value estimated in 10.831 milliseconds
[gmrf_wind_mapping_node-2] --> MAP did not converge after 1 iterations.
[gmrf_wind_mapping_node-2] [GMRF] MAP Mean value estimated in 10.8306 milliseconds
[gmrf_wind_mapping_node-2] --> MAP did not converge after 1 iterations.
[gmrf_wind_mapping_node-2] [GMRF] MAP Mean value estimated in 10.8311 milliseconds
[gmrf_wind_mapping_node-2] --> MAP did not converge after 1 iterations.
[gmrf_wind_mapping_node-2] [GMRF] MAP Mean value estimated in 10.8323 milliseconds
[gmrf_wind_mapping_node-2] --> MAP did not converge after 1 iterations.
[gmrf_wind_mapping_node-2] [GMRF] MAP Mean value estimated in 10.8339 milliseconds
[gmrf_wind_mapping_node-2] --> MAP did not converge after 1 iterations.
[gmrf_wind_mapping_node-2] [GMRF] MAP Mean value estimated in 10.8324 milliseconds
[gmrf_wind_mapping_node-2] --> MAP did not converge after 1 iterations.
[gmrf_wind_mapping_node-2] [GMRF] MAP Mean value estimated in 10.831 milliseconds
[gmrf_wind_mapping_node-2] --> MAP did not converge after 1 iterations.
[gmrf_wind_mapping_node-2] [GMRF] MAP Mean value estimated in 10.8291 milliseconds
[gmrf_wind_mapping_node-2] --> MAP did not converge after 1 iterations.
[gmrf_wind_mapping_node-2] [GMRF] MAP Mean value estimated in 10.8276 milliseconds
[gmrf_wind_mapping_node-2] --> MAP did not converge after 1 iterations.
[gmrf_wind_mapping_node-2] [GMRF] MAP Mean value estimated in 10.8262 milliseconds
[gmrf_wind_mapping_node-2] --> MAP did not converge after 1 iterations.
[gmrf_wind_mapping_node-2] [GMRF] MAP Mean value estimated in 10.8247 milliseconds
[gmrf_wind_mapping_node-2] --> MAP did not converge after 1 iterations.
[gmrf_wind_mapping_node-2] [GMRF] MAP Mean value estimated in 10.8232 milliseconds
[gmrf_wind_mapping_node-2] --> MAP did not converge after 1 iterations.
[gmrf_wind_mapping_node-2] [GMRF] MAP Mean value estimated in 10.8214 milliseconds
[gmrf_wind_mapping_node-2] --> MAP did not converge after 1 iterations.
[gmrf_wind_mapping_node-2] [GMRF] MAP Mean value estimated in 10.8199 milliseconds
[gmrf_wind_mapping_node-2] --> MAP did not converge after 1 iterations.
[gmrf_wind_mapping_node-2] [GMRF] MAP Mean value estimated in 10.8196 milliseconds
[gmrf_wind_mapping_node-2] --> MAP did not converge after 1 iterations.
[gmrf_wind_mapping_node-2] [GMRF] MAP Mean value estimated in 10.8181 milliseconds
[gmrf_wind_mapping_node-2] --> MAP did not converge after 1 iterations.
[gmrf_wind_mapping_node-2] [GMRF] MAP Mean value estimated in 10.8201 milliseconds
[gmrf_wind_mapping_node-2] --> MAP did not converge after 1 iterations.
[gmrf_wind_mapping_node-2] [GMRF] MAP Mean value estimated in 10.821 milliseconds
[gmrf_wind_mapping_node-2] --> MAP did not converge after 1 iterations.
[gmrf_wind_mapping_node-2] [GMRF] MAP Mean value estimated in 10.821 milliseconds
[gmrf_wind_mapping_node-2] --> MAP did not converge after 1 iterations.
[gmrf_wind_mapping_node-2] [GMRF] MAP Mean value estimated in 10.8219 milliseconds
[gmrf_wind_mapping_node-2] --> MAP did not converge after 1 iterations.
[gmrf_wind_mapping_node-2] [GMRF] MAP Mean value estimated in 10.8235 milliseconds
[gmrf_wind_mapping_node-2] --> MAP did not converge after 1 iterations.
[gmrf_wind_mapping_node-2] [GMRF] MAP Mean value estimated in 10.8247 milliseconds
[gmrf_wind_mapping_node-2] --> MAP did not converge after 1 iterations.
[gmrf_wind_mapping_node-2] [GMRF] MAP Mean value estimated in 10.8255 milliseconds
[gmrf_wind_mapping_node-2] --> MAP did not converge after 1 iterations.
[gmrf_wind_mapping_node-2] [GMRF] MAP Mean value estimated in 10.8267 milliseconds
[gmrf_wind_mapping_node-2] --> MAP did not converge after 1 iterations.
[gmrf_wind_mapping_node-2] [GMRF] MAP Mean value estimated in 10.8291 milliseconds
[gmrf_wind_mapping_node-2] --> MAP did not converge after 1 iterations.
[gmrf_wind_mapping_node-2] [GMRF] MAP Mean value estimated in 10.8318 milliseconds
[gmrf_wind_mapping_node-2] --> MAP did not converge after 1 iterations.
[gmrf_wind_mapping_node-2] [GMRF] MAP Mean value estimated in 10.833 milliseconds
[gmrf_wind_mapping_node-2] --> MAP did not converge after 1 iterations.
[gmrf_wind_mapping_node-2] [GMRF] MAP Mean value estimated in 10.8331 milliseconds
[gmrf_wind_mapping_node-2] --> MAP did not converge after 1 iterations.
[gmrf_wind_mapping_node-2] [GMRF] MAP Mean value estimated in 10.8316 milliseconds
[gmrf_wind_mapping_node-2] --> MAP did not converge after 1 iterations.
[gmrf_wind_mapping_node-2] [GMRF] MAP Mean value estimated in 10.8324 milliseconds
[gmrf_wind_mapping_node-2] --> MAP did not converge after 1 iterations.
[gmrf_wind_mapping_node-2] [GMRF] MAP Mean value estimated in 10.8344 milliseconds
[gmrf_wind_mapping_node-2] --> MAP did not converge after 1 iterations.
[gmrf_wind_mapping_node-2] [GMRF] MAP Mean value estimated in 10.8337 milliseconds
[gmrf_wind_mapping_node-2] --> MAP did not converge after 1 iterations.
[gmrf_wind_mapping_node-2] [GMRF] MAP Mean value estimated in 10.833 milliseconds
[gmrf_wind_mapping_node-2] --> MAP did not converge after 1 iterations.
[gmrf_wind_mapping_node-2] [GMRF] MAP Mean value estimated in 10.8342 milliseconds
[gmrf_wind_mapping_node-2] --> MAP did not converge after 1 iterations.
[gmrf_wind_mapping_node-2] [GMRF] MAP Mean value estimated in 10.835 milliseconds
[gmrf_wind_mapping_node-2] --> MAP did not converge after 1 iterations.
[gmrf_wind_mapping_node-2] [GMRF] MAP Mean value estimated in 10.8366 milliseconds
[gmrf_wind_mapping_node-2] --> MAP did not converge after 1 iterations.
[gmrf_wind_mapping_node-2] [GMRF] MAP Mean value estimated in 10.8371 milliseconds
[gmrf_wind_mapping_node-2] --> MAP did not converge after 1 iterations.
[gmrf_wind_mapping_node-2] [GMRF] MAP Mean value estimated in 10.8379 milliseconds
[gmrf_wind_mapping_node-2] --> MAP did not converge after 1 iterations.
[gmrf_wind_mapping_node-2] [GMRF] MAP Mean value estimated in 10.8372 milliseconds
[gmrf_wind_mapping_node-2] --> MAP did not converge after 1 iterations.
[gmrf_wind_mapping_node-2] [GMRF] MAP Mean value estimated in 10.8365 milliseconds
[gmrf_wind_mapping_node-2] --> MAP did not converge after 1 iterations.
[gmrf_wind_mapping_node-2] [GMRF] MAP Mean value estimated in 10.8377 milliseconds
[gmrf_wind_mapping_node-2] --> MAP did not converge after 1 iterations.
[gmrf_wind_mapping_node-2] [GMRF] MAP Mean value estimated in 10.8378 milliseconds
[gmrf_wind_mapping_node-2] --> MAP did not converge after 1 iterations.
[gmrf_wind_mapping_node-2] [GMRF] MAP Mean value estimated in 10.8363 milliseconds
[gmrf_wind_mapping_node-2] --> MAP did not converge after 1 iterations.
[gmrf_wind_mapping_node-2] [GMRF] MAP Mean value estimated in 10.8375 milliseconds
[gmrf_wind_mapping_node-2] --> MAP did not converge after 1 iterations.
[gmrf_wind_mapping_node-2] [GMRF] MAP Mean value estimated in 10.8387 milliseconds
[gmrf_wind_mapping_node-2] --> MAP did not converge after 1 iterations.
[gmrf_wind_mapping_node-2] [GMRF] MAP Mean value estimated in 10.8407 milliseconds
[gmrf_wind_mapping_node-2] --> MAP did not converge after 1 iterations.
[gmrf_wind_mapping_node-2] [GMRF] MAP Mean value estimated in 10.8422 milliseconds
[gmrf_wind_mapping_node-2] --> MAP did not converge after 1 iterations.
[gmrf_wind_mapping_node-2] [GMRF] MAP Mean value estimated in 10.8427 milliseconds
[gmrf_wind_mapping_node-2] --> MAP did not converge after 1 iterations.
[gmrf_wind_mapping_node-2] [GMRF] MAP Mean value estimated in 10.8427 milliseconds
[gmrf_wind_mapping_node-2] --> MAP did not converge after 1 iterations.
[gmrf_wind_mapping_node-2] [GMRF] MAP Mean value estimated in 10.8413 milliseconds
[gmrf_wind_mapping_node-2] --> MAP did not converge after 1 iterations.
[gmrf_wind_mapping_node-2] [GMRF] MAP Mean value estimated in 10.8421 milliseconds
[gmrf_wind_mapping_node-2] --> MAP did not converge after 1 iterations.
[gmrf_wind_mapping_node-2] [GMRF] MAP Mean value estimated in 10.8437 milliseconds
[gmrf_wind_mapping_node-2] --> MAP did not converge after 1 iterations.
[gmrf_wind_mapping_node-2] [GMRF] MAP Mean value estimated in 10.8426 milliseconds
[gmrf_wind_mapping_node-2] --> MAP did not converge after 1 iterations.
[gmrf_wind_mapping_node-2] [GMRF] MAP Mean value estimated in 10.8434 milliseconds
[gmrf_wind_mapping_node-2] --> MAP did not converge after 1 iterations.
[gmrf_wind_mapping_node-2] [GMRF] MAP Mean value estimated in 10.845 milliseconds
[gmrf_wind_mapping_node-2] --> MAP did not converge after 1 iterations.
[gmrf_wind_mapping_node-2] [GMRF] MAP Mean value estimated in 10.8435 milliseconds
[gmrf_wind_mapping_node-2] --> MAP did not converge after 1 iterations.
[gmrf_wind_mapping_node-2] [GMRF] MAP Mean value estimated in 10.8447 milliseconds
[gmrf_wind_mapping_node-2] --> MAP did not converge after 1 iterations.
[gmrf_wind_mapping_node-2] [GMRF] MAP Mean value estimated in 10.8451 milliseconds
[gmrf_wind_mapping_node-2] --> MAP did not converge after 1 iterations.
[gmrf_wind_mapping_node-2] [GMRF] MAP Mean value estimated in 10.8444 milliseconds
[gmrf_wind_mapping_node-2] --> MAP did not converge after 1 iterations.
[gmrf_wind_mapping_node-2] [GMRF] MAP Mean value estimated in 10.846 milliseconds
[gmrf_wind_mapping_node-2] --> MAP did not converge after 1 iterations.
[gmrf_wind_mapping_node-2] [GMRF] MAP Mean value estimated in 10.8483 milliseconds
[gmrf_wind_mapping_node-2] --> MAP did not converge after 1 iterations.
[gmrf_wind_mapping_node-2] [GMRF] MAP Mean value estimated in 10.8491 milliseconds
[gmrf_wind_mapping_node-2] --> MAP did not converge after 1 iterations.
[gmrf_wind_mapping_node-2] [GMRF] MAP Mean value estimated in 10.8477 milliseconds
[gmrf_wind_mapping_node-2] --> MAP did not converge after 1 iterations.
[gmrf_wind_mapping_node-2] [GMRF] MAP Mean value estimated in 10.8489 milliseconds
[gmrf_wind_mapping_node-2] --> MAP did not converge after 1 iterations.
[gmrf_wind_mapping_node-2] [GMRF] MAP Mean value estimated in 10.8512 milliseconds
[gmrf_wind_mapping_node-2] --> MAP did not converge after 1 iterations.
[gmrf_wind_mapping_node-2] [GMRF] MAP Mean value estimated in 10.8512 milliseconds
[gmrf_wind_mapping_node-2] --> MAP did not converge after 1 iterations.
[gmrf_wind_mapping_node-2] [GMRF] MAP Mean value estimated in 10.8532 milliseconds
[gmrf_wind_mapping_node-2] --> MAP did not converge after 1 iterations.
[gmrf_wind_mapping_node-2] [GMRF] MAP Mean value estimated in 10.8532 milliseconds
[gmrf_wind_mapping_node-2] --> MAP did not converge after 1 iterations.
[gmrf_wind_mapping_node-2] [GMRF] MAP Mean value estimated in 10.8525 milliseconds
[gmrf_wind_mapping_node-2] --> MAP did not converge after 1 iterations.
[gmrf_wind_mapping_node-2] [GMRF] MAP Mean value estimated in 10.8541 milliseconds
[gmrf_wind_mapping_node-2] --> MAP did not converge after 1 iterations.
[gmrf_wind_mapping_node-2] [GMRF] MAP Mean value estimated in 10.8526 milliseconds
[gmrf_wind_mapping_node-2] --> MAP did not converge after 1 iterations.
[gmrf_wind_mapping_node-2] [GMRF] MAP Mean value estimated in 10.8512 milliseconds
[gmrf_wind_mapping_node-2] --> MAP did not converge after 1 iterations.
[gmrf_wind_mapping_node-2] [GMRF] MAP Mean value estimated in 10.8498 milliseconds
[gmrf_wind_mapping_node-2] --> MAP did not converge after 1 iterations.
[gmrf_wind_mapping_node-2] [GMRF] MAP Mean value estimated in 10.8517 milliseconds
[gmrf_wind_mapping_node-2] --> MAP did not converge after 1 iterations.
[gmrf_wind_mapping_node-2] [GMRF] MAP Mean value estimated in 10.8532 milliseconds
[gmrf_wind_mapping_node-2] --> MAP did not converge after 1 iterations.
[gmrf_wind_mapping_node-2] [GMRF] MAP Mean value estimated in 10.8548 milliseconds
[gmrf_wind_mapping_node-2] --> MAP did not converge after 1 iterations.
[gmrf_wind_mapping_node-2] [GMRF] MAP Mean value estimated in 10.8537 milliseconds
[gmrf_wind_mapping_node-2] --> MAP did not converge after 1 iterations.
[gmrf_wind_mapping_node-2] [GMRF] MAP Mean value estimated in 10.8553 milliseconds
[gmrf_wind_mapping_node-2] --> MAP did not converge after 1 iterations.
[gmrf_wind_mapping_node-2] [GMRF] MAP Mean value estimated in 10.8557 milliseconds
[gmrf_wind_mapping_node-2] --> MAP did not converge after 1 iterations.
[gmrf_wind_mapping_node-2] [GMRF] MAP Mean value estimated in 10.8569 milliseconds
[gmrf_wind_mapping_node-2] --> MAP did not converge after 1 iterations.
[gmrf_wind_mapping_node-2] [GMRF] MAP Mean value estimated in 10.8573 milliseconds
[gmrf_wind_mapping_node-2] --> MAP did not converge after 1 iterations.
[gmrf_wind_mapping_node-2] [GMRF] MAP Mean value estimated in 10.8581 milliseconds
[gmrf_wind_mapping_node-2] --> MAP did not converge after 1 iterations.
[gmrf_wind_mapping_node-2] [GMRF] MAP Mean value estimated in 10.8585 milliseconds
[gmrf_wind_mapping_node-2] --> MAP did not converge after 1 iterations.
[gmrf_wind_mapping_node-2] [GMRF] MAP Mean value estimated in 10.8593 milliseconds
[gmrf_wind_mapping_node-2] --> MAP did not converge after 1 iterations.
[gmrf_wind_mapping_node-2] [GMRF] MAP Mean value estimated in 10.8579 milliseconds
[gmrf_wind_mapping_node-2] --> MAP did not converge after 1 iterations.
[gmrf_wind_mapping_node-2] [GMRF] MAP Mean value estimated in 10.8591 milliseconds
[gmrf_wind_mapping_node-2] --> MAP did not converge after 1 iterations.
[gmrf_wind_mapping_node-2] [GMRF] MAP Mean value estimated in 10.8606 milliseconds
[gmrf_wind_mapping_node-2] --> MAP did not converge after 1 iterations.
[gmrf_wind_mapping_node-2] [GMRF] MAP Mean value estimated in 10.8629 milliseconds
[gmrf_wind_mapping_node-2] --> MAP did not converge after 1 iterations.
[gmrf_wind_mapping_node-2] [GMRF] MAP Mean value estimated in 10.8644 milliseconds
[gmrf_wind_mapping_node-2] --> MAP did not converge after 1 iterations.
[gmrf_wind_mapping_node-2] [GMRF] MAP Mean value estimated in 10.8667 milliseconds
[gmrf_wind_mapping_node-2] --> MAP did not converge after 1 iterations.
[gmrf_wind_mapping_node-2] [GMRF] MAP Mean value estimated in 10.8694 milliseconds
[gmrf_wind_mapping_node-2] --> MAP did not converge after 1 iterations.
[gmrf_wind_mapping_node-2] [GMRF] MAP Mean value estimated in 10.8679 milliseconds
[gmrf_wind_mapping_node-2] --> MAP did not converge after 1 iterations.
[gmrf_wind_mapping_node-2] [GMRF] MAP Mean value estimated in 10.8665 milliseconds
[gmrf_wind_mapping_node-2] --> MAP did not converge after 1 iterations.
[gmrf_wind_mapping_node-2] [GMRF] MAP Mean value estimated in 10.8673 milliseconds
[gmrf_wind_mapping_node-2] --> MAP did not converge after 1 iterations.
[gmrf_wind_mapping_node-2] [GMRF] MAP Mean value estimated in 10.8681 milliseconds
[gmrf_wind_mapping_node-2] --> MAP did not converge after 1 iterations.
[gmrf_wind_mapping_node-2] [GMRF] MAP Mean value estimated in 10.8685 milliseconds
[gmrf_wind_mapping_node-2] --> MAP did not converge after 1 iterations.
[gmrf_wind_mapping_node-2] [GMRF] MAP Mean value estimated in 10.87 milliseconds
[gmrf_wind_mapping_node-2] --> MAP did not converge after 1 iterations.
[gmrf_wind_mapping_node-2] [GMRF] MAP Mean value estimated in 10.8682 milliseconds
[gmrf_wind_mapping_node-2] --> MAP did not converge after 1 iterations.
[gmrf_wind_mapping_node-2] [GMRF] MAP Mean value estimated in 10.8679 milliseconds
[gmrf_wind_mapping_node-2] --> MAP did not converge after 1 iterations.
[gmrf_wind_mapping_node-2] [GMRF] MAP Mean value estimated in 10.8683 milliseconds
[gmrf_wind_mapping_node-2] --> MAP did not converge after 1 iterations.
[gmrf_wind_mapping_node-2] [GMRF] MAP Mean value estimated in 10.8702 milliseconds
[gmrf_wind_mapping_node-2] --> MAP did not converge after 1 iterations.
[gmrf_wind_mapping_node-2] [GMRF] MAP Mean value estimated in 10.8706 milliseconds
[gmrf_wind_mapping_node-2] --> MAP did not converge after 1 iterations.
[gmrf_wind_mapping_node-2] [GMRF] MAP Mean value estimated in 10.8688 milliseconds
[gmrf_wind_mapping_node-2] --> MAP did not converge after 1 iterations.
[gmrf_wind_mapping_node-2] [GMRF] MAP Mean value estimated in 10.8704 milliseconds
[gmrf_wind_mapping_node-2] --> MAP did not converge after 1 iterations.
[gmrf_wind_mapping_node-2] [GMRF] MAP Mean value estimated in 10.8719 milliseconds
[gmrf_wind_mapping_node-2] --> MAP did not converge after 1 iterations.
[gmrf_wind_mapping_node-2] [GMRF] MAP Mean value estimated in 10.8731 milliseconds
[gmrf_wind_mapping_node-2] --> MAP did not converge after 1 iterations.
[gmrf_wind_mapping_node-2] [GMRF] MAP Mean value estimated in 10.8746 milliseconds
[gmrf_wind_mapping_node-2] --> MAP did not converge after 1 iterations.
[gmrf_wind_mapping_node-2] [GMRF] MAP Mean value estimated in 10.8757 milliseconds
[gmrf_wind_mapping_node-2] --> MAP did not converge after 1 iterations.
[gmrf_wind_mapping_node-2] [GMRF] MAP Mean value estimated in 10.8769 milliseconds
[gmrf_wind_mapping_node-2] --> MAP did not converge after 1 iterations.
[gmrf_wind_mapping_node-2] [GMRF] MAP Mean value estimated in 10.878 milliseconds
[gmrf_wind_mapping_node-2] --> MAP did not converge after 1 iterations.
[gmrf_wind_mapping_node-2] [GMRF] MAP Mean value estimated in 10.8799 milliseconds
[gmrf_wind_mapping_node-2] --> MAP did not converge after 1 iterations.
[gmrf_wind_mapping_node-2] [GMRF] MAP Mean value estimated in 10.8807 milliseconds
[gmrf_wind_mapping_node-2] --> MAP did not converge after 1 iterations.
[gmrf_wind_mapping_node-2] [GMRF] MAP Mean value estimated in 10.8793 milliseconds
[gmrf_wind_mapping_node-2] --> MAP did not converge after 1 iterations.
[gmrf_wind_mapping_node-2] [GMRF] MAP Mean value estimated in 10.8779 milliseconds
[gmrf_wind_mapping_node-2] --> MAP did not converge after 1 iterations.
[gmrf_wind_mapping_node-2] [GMRF] MAP Mean value estimated in 10.879 milliseconds
[gmrf_wind_mapping_node-2] --> MAP did not converge after 1 iterations.
[gmrf_wind_mapping_node-2] [GMRF] MAP Mean value estimated in 10.8787 milliseconds
[gmrf_wind_mapping_node-2] --> MAP did not converge after 1 iterations.
[gmrf_wind_mapping_node-2] [GMRF] MAP Mean value estimated in 10.8795 milliseconds
[gmrf_wind_mapping_node-2] --> MAP did not converge after 1 iterations.
[gmrf_wind_mapping_node-2] [GMRF] MAP Mean value estimated in 10.8795 milliseconds
[gmrf_wind_mapping_node-2] --> MAP did not converge after 1 iterations.
[gmrf_wind_mapping_node-2] [GMRF] MAP Mean value estimated in 10.8814 milliseconds
[gmrf_wind_mapping_node-2] --> MAP did not converge after 1 iterations.
[gmrf_wind_mapping_node-2] [GMRF] MAP Mean value estimated in 10.8829 milliseconds
[gmrf_wind_mapping_node-2] --> MAP did not converge after 1 iterations.
[gmrf_wind_mapping_node-2] [GMRF] MAP Mean value estimated in 10.8844 milliseconds
[gmrf_wind_mapping_node-2] --> MAP did not converge after 1 iterations.
[gmrf_wind_mapping_node-2] [GMRF] MAP Mean value estimated in 10.8848 milliseconds
[gmrf_wind_mapping_node-2] --> MAP did not converge after 1 iterations.
[gmrf_wind_mapping_node-2] [GMRF] MAP Mean value estimated in 10.883 milliseconds
[gmrf_wind_mapping_node-2] --> MAP did not converge after 1 iterations.
[gmrf_wind_mapping_node-2] [GMRF] MAP Mean value estimated in 10.8827 milliseconds
[gmrf_wind_mapping_node-2] --> MAP did not converge after 1 iterations.
[gmrf_wind_mapping_node-2] [GMRF] MAP Mean value estimated in 10.8839 milliseconds
[gmrf_wind_mapping_node-2] --> MAP did not converge after 1 iterations.
[gmrf_wind_mapping_node-2] [GMRF] MAP Mean value estimated in 10.8828 milliseconds
[gmrf_wind_mapping_node-2] --> MAP did not converge after 1 iterations.
[gmrf_wind_mapping_node-2] [GMRF] MAP Mean value estimated in 10.8851 milliseconds
[gmrf_wind_mapping_node-2] --> MAP did not converge after 1 iterations.
[gmrf_wind_mapping_node-2] [GMRF] MAP Mean value estimated in 10.884 milliseconds
[gmrf_wind_mapping_node-2] --> MAP did not converge after 1 iterations.
[gmrf_wind_mapping_node-2] [GMRF] MAP Mean value estimated in 10.8848 milliseconds
[gmrf_wind_mapping_node-2] --> MAP did not converge after 1 iterations.
[gmrf_wind_mapping_node-2] [GMRF] MAP Mean value estimated in 10.8859 milliseconds
[gmrf_wind_mapping_node-2] --> MAP did not converge after 1 iterations.
[gmrf_wind_mapping_node-2] [GMRF] MAP Mean value estimated in 10.8878 milliseconds
[gmrf_wind_mapping_node-2] --> MAP did not converge after 1 iterations.
[gmrf_wind_mapping_node-2] [GMRF] MAP Mean value estimated in 10.8897 milliseconds
[gmrf_wind_mapping_node-2] --> MAP did not converge after 1 iterations.
[gmrf_wind_mapping_node-2] [GMRF] MAP Mean value estimated in 10.8882 milliseconds
[gmrf_wind_mapping_node-2] --> MAP did not converge after 1 iterations.
[gmrf_wind_mapping_node-2] [GMRF] MAP Mean value estimated in 10.8886 milliseconds
[gmrf_wind_mapping_node-2] --> MAP did not converge after 1 iterations.
[gmrf_wind_mapping_node-2] [GMRF] MAP Mean value estimated in 10.8894 milliseconds
[gmrf_wind_mapping_node-2] --> MAP did not converge after 1 iterations.
[gmrf_wind_mapping_node-2] [GMRF] MAP Mean value estimated in 10.8902 milliseconds
[gmrf_wind_mapping_node-2] --> MAP did not converge after 1 iterations.
[gmrf_wind_mapping_node-2] [GMRF] MAP Mean value estimated in 10.8924 milliseconds
[gmrf_wind_mapping_node-2] --> MAP did not converge after 1 iterations.
[gmrf_wind_mapping_node-2] [GMRF] MAP Mean value estimated in 10.8936 milliseconds
[gmrf_wind_mapping_node-2] --> MAP did not converge after 1 iterations.
[gmrf_wind_mapping_node-2] [GMRF] MAP Mean value estimated in 10.894 milliseconds
[gmrf_wind_mapping_node-2] --> MAP did not converge after 1 iterations.
[gmrf_wind_mapping_node-2] [GMRF] MAP Mean value estimated in 10.8944 milliseconds
[gmrf_wind_mapping_node-2] --> MAP did not converge after 1 iterations.
[gmrf_wind_mapping_node-2] [GMRF] MAP Mean value estimated in 10.8929 milliseconds
[gmrf_wind_mapping_node-2] --> MAP did not converge after 1 iterations.
[gmrf_wind_mapping_node-2] [GMRF] MAP Mean value estimated in 10.8941 milliseconds
[gmrf_wind_mapping_node-2] --> MAP did not converge after 1 iterations.
[gmrf_wind_mapping_node-2] [GMRF] MAP Mean value estimated in 10.8927 milliseconds
[gmrf_wind_mapping_node-2] --> MAP did not converge after 1 iterations.
[gmrf_wind_mapping_node-2] [GMRF] MAP Mean value estimated in 10.8923 milliseconds
[gmrf_wind_mapping_node-2] --> MAP did not converge after 1 iterations.
[gmrf_wind_mapping_node-2] [GMRF] MAP Mean value estimated in 10.8909 milliseconds
[gmrf_wind_mapping_node-2] --> MAP did not converge after 1 iterations.
[gmrf_wind_mapping_node-2] [GMRF] MAP Mean value estimated in 10.8891 milliseconds
[gmrf_wind_mapping_node-2] --> MAP did not converge after 1 iterations.
[gmrf_wind_mapping_node-2] [GMRF] MAP Mean value estimated in 10.8903 milliseconds
[gmrf_wind_mapping_node-2] --> MAP did not converge after 1 iterations.
[gmrf_wind_mapping_node-2] [GMRF] MAP Mean value estimated in 10.8907 milliseconds
[gmrf_wind_mapping_node-2] --> MAP did not converge after 1 iterations.
[gmrf_wind_mapping_node-2] [GMRF] MAP Mean value estimated in 10.8911 milliseconds
[gmrf_wind_mapping_node-2] --> MAP did not converge after 1 iterations.
[gmrf_wind_mapping_node-2] [GMRF] MAP Mean value estimated in 10.8915 milliseconds
[gmrf_wind_mapping_node-2] --> MAP did not converge after 1 iterations.
[gmrf_wind_mapping_node-2] [GMRF] MAP Mean value estimated in 10.8904 milliseconds
[gmrf_wind_mapping_node-2] --> MAP did not converge after 1 iterations.
[gmrf_wind_mapping_node-2] [GMRF] MAP Mean value estimated in 10.8908 milliseconds
[gmrf_wind_mapping_node-2] --> MAP did not converge after 1 iterations.
[gmrf_wind_mapping_node-2] [GMRF] MAP Mean value estimated in 10.8901 milliseconds
[gmrf_wind_mapping_node-2] --> MAP did not converge after 1 iterations.
[gmrf_wind_mapping_node-2] [GMRF] MAP Mean value estimated in 10.8909 milliseconds
[gmrf_wind_mapping_node-2] --> MAP did not converge after 1 iterations.
[gmrf_wind_mapping_node-2] [GMRF] MAP Mean value estimated in 10.892 milliseconds
[gmrf_wind_mapping_node-2] --> MAP did not converge after 1 iterations.
[gmrf_wind_mapping_node-2] [GMRF] MAP Mean value estimated in 10.8932 milliseconds
[gmrf_wind_mapping_node-2] --> MAP did not converge after 1 iterations.
[gmrf_wind_mapping_node-2] [GMRF] MAP Mean value estimated in 10.8954 milliseconds
[gmrf_wind_mapping_node-2] --> MAP did not converge after 1 iterations.
[gmrf_wind_mapping_node-2] [GMRF] MAP Mean value estimated in 10.8962 milliseconds
[gmrf_wind_mapping_node-2] --> MAP did not converge after 1 iterations.
[gmrf_wind_mapping_node-2] [GMRF] MAP Mean value estimated in 10.8958 milliseconds
[gmrf_wind_mapping_node-2] --> MAP did not converge after 1 iterations.
[gmrf_wind_mapping_node-2] [GMRF] MAP Mean value estimated in 10.897 milliseconds
[gmrf_wind_mapping_node-2] --> MAP did not converge after 1 iterations.
[gmrf_wind_mapping_node-2] [GMRF] MAP Mean value estimated in 10.8981 milliseconds
[gmrf_wind_mapping_node-2] --> MAP did not converge after 1 iterations.
[gmrf_wind_mapping_node-2] [GMRF] MAP Mean value estimated in 10.897 milliseconds
[gmrf_wind_mapping_node-2] --> MAP did not converge after 1 iterations.
[gmrf_wind_mapping_node-2] [GMRF] MAP Mean value estimated in 10.8974 milliseconds
[gmrf_wind_mapping_node-2] --> MAP did not converge after 1 iterations.
[gmrf_wind_mapping_node-2] [GMRF] MAP Mean value estimated in 10.896 milliseconds
[gmrf_wind_mapping_node-2] --> MAP did not converge after 1 iterations.
[gmrf_wind_mapping_node-2] [GMRF] MAP Mean value estimated in 10.8968 milliseconds
[gmrf_wind_mapping_node-2] --> MAP did not converge after 1 iterations.
[gmrf_wind_mapping_node-2] [GMRF] MAP Mean value estimated in 10.8954 milliseconds
[gmrf_wind_mapping_node-2] --> MAP did not converge after 1 iterations.
[gmrf_wind_mapping_node-2] [GMRF] MAP Mean value estimated in 10.8958 milliseconds
[gmrf_wind_mapping_node-2] --> MAP did not converge after 1 iterations.
[gmrf_wind_mapping_node-2] [GMRF] MAP Mean value estimated in 10.8969 milliseconds
[gmrf_wind_mapping_node-2] --> MAP did not converge after 1 iterations.
[gmrf_wind_mapping_node-2] [GMRF] MAP Mean value estimated in 10.8955 milliseconds
[gmrf_wind_mapping_node-2] --> MAP did not converge after 1 iterations.
[gmrf_wind_mapping_node-2] [GMRF] MAP Mean value estimated in 10.8941 milliseconds
[gmrf_wind_mapping_node-2] --> MAP did not converge after 1 iterations.
[gmrf_wind_mapping_node-2] [GMRF] MAP Mean value estimated in 10.893 milliseconds
[gmrf_wind_mapping_node-2] --> MAP did not converge after 1 iterations.
[gmrf_wind_mapping_node-2] [GMRF] MAP Mean value estimated in 10.8931 milliseconds
[gmrf_wind_mapping_node-2] --> MAP did not converge after 1 iterations.
[gmrf_wind_mapping_node-2] [GMRF] MAP Mean value estimated in 10.8913 milliseconds
[gmrf_wind_mapping_node-2] --> MAP did not converge after 1 iterations.
[gmrf_wind_mapping_node-2] [GMRF] MAP Mean value estimated in 10.8917 milliseconds
[gmrf_wind_mapping_node-2] --> MAP did not converge after 1 iterations.
[gmrf_wind_mapping_node-2] [GMRF] MAP Mean value estimated in 10.8903 milliseconds
[gmrf_wind_mapping_node-2] --> MAP did not converge after 1 iterations.
[gmrf_wind_mapping_node-2] [GMRF] MAP Mean value estimated in 10.8907 milliseconds
[gmrf_wind_mapping_node-2] --> MAP did not converge after 1 iterations.
[gmrf_wind_mapping_node-2] [GMRF] MAP Mean value estimated in 10.8918 milliseconds
[gmrf_wind_mapping_node-2] --> MAP did not converge after 1 iterations.
[gmrf_wind_mapping_node-2] [GMRF] MAP Mean value estimated in 10.8933 milliseconds
[gmrf_wind_mapping_node-2] --> MAP did not converge after 1 iterations.
[gmrf_wind_mapping_node-2] [GMRF] MAP Mean value estimated in 10.8944 milliseconds
[gmrf_wind_mapping_node-2] --> MAP did not converge after 1 iterations.
[gmrf_wind_mapping_node-2] [GMRF] MAP Mean value estimated in 10.897 milliseconds
[gmrf_wind_mapping_node-2] --> MAP did not converge after 1 iterations.
[gmrf_wind_mapping_node-2] [GMRF] MAP Mean value estimated in 10.8981 milliseconds
[gmrf_wind_mapping_node-2] --> MAP did not converge after 1 iterations.
[gmrf_wind_mapping_node-2] [GMRF] MAP Mean value estimated in 10.8967 milliseconds
[gmrf_wind_mapping_node-2] --> MAP did not converge after 1 iterations.
[gmrf_wind_mapping_node-2] [GMRF] MAP Mean value estimated in 10.8953 milliseconds
[gmrf_wind_mapping_node-2] --> MAP did not converge after 1 iterations.
[gmrf_wind_mapping_node-2] [GMRF] MAP Mean value estimated in 10.896 milliseconds
[gmrf_wind_mapping_node-2] --> MAP did not converge after 1 iterations.
[gmrf_wind_mapping_node-2] [GMRF] MAP Mean value estimated in 10.8968 milliseconds
[gmrf_wind_mapping_node-2] --> MAP did not converge after 1 iterations.
[gmrf_wind_mapping_node-2] [GMRF] MAP Mean value estimated in 10.8972 milliseconds
[gmrf_wind_mapping_node-2] --> MAP did not converge after 1 iterations.
[gmrf_wind_mapping_node-2] [GMRF] MAP Mean value estimated in 10.8958 milliseconds
[gmrf_wind_mapping_node-2] --> MAP did not converge after 1 iterations.
[gmrf_wind_mapping_node-2] [GMRF] MAP Mean value estimated in 10.8955 milliseconds
[gmrf_wind_mapping_node-2] --> MAP did not converge after 1 iterations.
[gmrf_wind_mapping_node-2] [GMRF] MAP Mean value estimated in 10.8944 milliseconds
[gmrf_wind_mapping_node-2] --> MAP did not converge after 1 iterations.
[gmrf_wind_mapping_node-2] [GMRF] MAP Mean value estimated in 10.8948 milliseconds
[gmrf_wind_mapping_node-2] --> MAP did not converge after 1 iterations.
[gmrf_wind_mapping_node-2] [GMRF] MAP Mean value estimated in 10.897 milliseconds
[gmrf_wind_mapping_node-2] --> MAP did not converge after 1 iterations.
[gmrf_wind_mapping_node-2] [GMRF] MAP Mean value estimated in 10.8985 milliseconds
[gmrf_wind_mapping_node-2] --> MAP did not converge after 1 iterations.
[gmrf_wind_mapping_node-2] [GMRF] MAP Mean value estimated in 10.8975 milliseconds
[gmrf_wind_mapping_node-2] --> MAP did not converge after 1 iterations.
[gmrf_wind_mapping_node-2] [GMRF] MAP Mean value estimated in 10.8982 milliseconds
[gmrf_wind_mapping_node-2] --> MAP did not converge after 1 iterations.
[gmrf_wind_mapping_node-2] [GMRF] MAP Mean value estimated in 10.8993 milliseconds
[gmrf_wind_mapping_node-2] --> MAP did not converge after 1 iterations.
[gmrf_wind_mapping_node-2] [GMRF] MAP Mean value estimated in 10.9004 milliseconds
[gmrf_wind_mapping_node-2] --> MAP did not converge after 1 iterations.
[gmrf_wind_mapping_node-2] [GMRF] MAP Mean value estimated in 10.9019 milliseconds
[gmrf_wind_mapping_node-2] --> MAP did not converge after 1 iterations.
[gmrf_wind_mapping_node-2] [GMRF] MAP Mean value estimated in 10.9012 milliseconds
[gmrf_wind_mapping_node-2] --> MAP did not converge after 1 iterations.
[gmrf_wind_mapping_node-2] [GMRF] MAP Mean value estimated in 10.9023 milliseconds
[gmrf_wind_mapping_node-2] --> MAP did not converge after 1 iterations.
[gmrf_wind_mapping_node-2] [GMRF] MAP Mean value estimated in 10.9024 milliseconds
[gmrf_wind_mapping_node-2] --> MAP did not converge after 1 iterations.
[gmrf_wind_mapping_node-2] [GMRF] MAP Mean value estimated in 10.9038 milliseconds
[gmrf_wind_mapping_node-2] --> MAP did not converge after 1 iterations.
[gmrf_wind_mapping_node-2] [GMRF] MAP Mean value estimated in 10.9046 milliseconds
[gmrf_wind_mapping_node-2] --> MAP did not converge after 1 iterations.
[gmrf_wind_mapping_node-2] [GMRF] MAP Mean value estimated in 10.906 milliseconds
[gmrf_wind_mapping_node-2] --> MAP did not converge after 1 iterations.
[gmrf_wind_mapping_node-2] [GMRF] MAP Mean value estimated in 10.905 milliseconds
[gmrf_wind_mapping_node-2] --> MAP did not converge after 1 iterations.
[gmrf_wind_mapping_node-2] [GMRF] MAP Mean value estimated in 10.9047 milliseconds
[gmrf_wind_mapping_node-2] --> MAP did not converge after 1 iterations.
[gmrf_wind_mapping_node-2] [GMRF] MAP Mean value estimated in 10.9029 milliseconds
[gmrf_wind_mapping_node-2] --> MAP did not converge after 1 iterations.
[gmrf_wind_mapping_node-2] [GMRF] MAP Mean value estimated in 10.9037 milliseconds
[gmrf_wind_mapping_node-2] --> MAP did not converge after 1 iterations.
[gmrf_wind_mapping_node-2] [GMRF] MAP Mean value estimated in 10.9044 milliseconds
[gmrf_wind_mapping_node-2] --> MAP did not converge after 1 iterations.
[gmrf_wind_mapping_node-2] [GMRF] MAP Mean value estimated in 10.9055 milliseconds
[gmrf_wind_mapping_node-2] --> MAP did not converge after 1 iterations.
[gmrf_wind_mapping_node-2] [GMRF] MAP Mean value estimated in 10.907 milliseconds
[gmrf_wind_mapping_node-2] --> MAP did not converge after 1 iterations.
[gmrf_wind_mapping_node-2] [GMRF] MAP Mean value estimated in 10.9088 milliseconds
[gmrf_wind_mapping_node-2] --> MAP did not converge after 1 iterations.
[gmrf_wind_mapping_node-2] [GMRF] MAP Mean value estimated in 10.9095 milliseconds
[gmrf_wind_mapping_node-2] --> MAP did not converge after 1 iterations.
[gmrf_wind_mapping_node-2] [GMRF] MAP Mean value estimated in 10.9099 milliseconds
[gmrf_wind_mapping_node-2] --> MAP did not converge after 1 iterations.
[gmrf_wind_mapping_node-2] [GMRF] MAP Mean value estimated in 10.9103 milliseconds
[gmrf_wind_mapping_node-2] --> MAP did not converge after 1 iterations.
[gmrf_wind_mapping_node-2] [GMRF] MAP Mean value estimated in 10.9121 milliseconds
[gmrf_wind_mapping_node-2] --> MAP did not converge after 1 iterations.
[gmrf_wind_mapping_node-2] [GMRF] MAP Mean value estimated in 10.9132 milliseconds
[gmrf_wind_mapping_node-2] --> MAP did not converge after 1 iterations.
[gmrf_wind_mapping_node-2] [GMRF] MAP Mean value estimated in 10.9147 milliseconds
[gmrf_wind_mapping_node-2] --> MAP did not converge after 1 iterations.
[gmrf_wind_mapping_node-2] [GMRF] MAP Mean value estimated in 10.9151 milliseconds
[gmrf_wind_mapping_node-2] --> MAP did not converge after 1 iterations.
[gmrf_wind_mapping_node-2] [GMRF] MAP Mean value estimated in 10.9137 milliseconds
[gmrf_wind_mapping_node-2] --> MAP did not converge after 1 iterations.
[gmrf_wind_mapping_node-2] [GMRF] MAP Mean value estimated in 10.9144 milliseconds
[gmrf_wind_mapping_node-2] --> MAP did not converge after 1 iterations.
[gmrf_wind_mapping_node-2] [GMRF] MAP Mean value estimated in 10.9152 milliseconds
[gmrf_wind_mapping_node-2] --> MAP did not converge after 1 iterations.
[gmrf_wind_mapping_node-2] [GMRF] MAP Mean value estimated in 10.9159 milliseconds
[gsl_benchmark_runner-4] [INFO] [1788876053.829121040] [gsl_benchmark_runner]: wrote V4 run record: method=CTPI_G2_M1_M2 seed=11 termination=time_budget_timeout final_error=11.252 localized2=False timeout=True
[gmrf_wind_mapping_node-2] --> MAP did not converge after 1 iterations.
[gmrf_wind_mapping_node-2] [GMRF] MAP Mean value estimated in 10.9149 milliseconds
[gmrf_wind_mapping_node-2] --> MAP did not converge after 1 iterations.
[gmrf_wind_mapping_node-2] [GMRF] MAP Mean value estimated in 10.9145 milliseconds
[gmrf_wind_mapping_node-2] --> MAP did not converge after 1 iterations.
[gmrf_wind_mapping_node-2] [GMRF] MAP Mean value estimated in 10.9156 milliseconds
[gmrf_wind_mapping_node-2] --> MAP did not converge after 1 iterations.
[gmrf_wind_mapping_node-2] [GMRF] MAP Mean value estimated in 10.9142 milliseconds
[gmrf_wind_mapping_node-2] --> MAP did not converge after 1 iterations.
[gmrf_wind_mapping_node-2] [GMRF] MAP Mean value estimated in 10.9143 milliseconds
[gmrf_wind_mapping_node-2] --> MAP did not converge after 1 iterations.
[gmrf_wind_mapping_node-2] [GMRF] MAP Mean value estimated in 10.9129 milliseconds
[gmrf_wind_mapping_node-2] --> MAP did not converge after 1 iterations.
[gmrf_wind_mapping_node-2] [GMRF] MAP Mean value estimated in 10.9126 milliseconds
[gmrf_wind_mapping_node-2] --> MAP did not converge after 1 iterations.
[gmrf_wind_mapping_node-2] [GMRF] MAP Mean value estimated in 10.9137 milliseconds
[gmrf_wind_mapping_node-2] --> MAP did not converge after 1 iterations.
[gmrf_wind_mapping_node-2] [GMRF] MAP Mean value estimated in 10.9148 milliseconds
[gmrf_wind_mapping_node-2] --> MAP did not converge after 1 iterations.
[gmrf_wind_mapping_node-2] [GMRF] MAP Mean value estimated in 10.9134 milliseconds
[gmrf_wind_mapping_node-2] --> MAP did not converge after 1 iterations.
[gmrf_wind_mapping_node-2] [GMRF] MAP Mean value estimated in 10.912 milliseconds
[gmrf_wind_mapping_node-2] --> MAP did not converge after 1 iterations.
[gmrf_wind_mapping_node-2] [GMRF] MAP Mean value estimated in 10.9138 milliseconds
[gmrf_wind_mapping_node-2] --> MAP did not converge after 1 iterations.
[gmrf_wind_mapping_node-2] [GMRF] MAP Mean value estimated in 10.9159 milliseconds
[gmrf_wind_mapping_node-2] --> MAP did not converge after 1 iterations.
[gmrf_wind_mapping_node-2] [GMRF] MAP Mean value estimated in 10.9167 milliseconds
[gmrf_wind_mapping_node-2] --> MAP did not converge after 1 iterations.
[gmrf_wind_mapping_node-2] [GMRF] MAP Mean value estimated in 10.9167 milliseconds
[gmrf_wind_mapping_node-2] --> MAP did not converge after 1 iterations.
[gmrf_wind_mapping_node-2] [GMRF] MAP Mean value estimated in 10.9178 milliseconds
[gmrf_wind_mapping_node-2] --> MAP did not converge after 1 iterations.
[gmrf_wind_mapping_node-2] [GMRF] MAP Mean value estimated in 10.9189 milliseconds
[gmrf_wind_mapping_node-2] --> MAP did not converge after 1 iterations.
[gmrf_wind_mapping_node-2] [GMRF] MAP Mean value estimated in 10.9193 milliseconds
[gmrf_wind_mapping_node-2] --> MAP did not converge after 1 iterations.
[gmrf_wind_mapping_node-2] [GMRF] MAP Mean value estimated in 10.9207 milliseconds
[gmrf_wind_mapping_node-2] --> MAP did not converge after 1 iterations.
[gmrf_wind_mapping_node-2] [GMRF] MAP Mean value estimated in 10.9211 milliseconds
[gmrf_wind_mapping_node-2] --> MAP did not converge after 1 iterations.
[gmrf_wind_mapping_node-2] [GMRF] MAP Mean value estimated in 10.9211 milliseconds
[gmrf_wind_mapping_node-2] --> MAP did not converge after 1 iterations.
[gmrf_wind_mapping_node-2] [GMRF] MAP Mean value estimated in 10.9197 milliseconds
[gmrf_wind_mapping_node-2] --> MAP did not converge after 1 iterations.
[gmrf_wind_mapping_node-2] [GMRF] MAP Mean value estimated in 10.9183 milliseconds
[gmrf_wind_mapping_node-2] --> MAP did not converge after 1 iterations.
[gmrf_wind_mapping_node-2] [GMRF] MAP Mean value estimated in 10.9208 milliseconds
[gmrf_wind_mapping_node-2] --> MAP did not converge after 1 iterations.
[gmrf_wind_mapping_node-2] [GMRF] MAP Mean value estimated in 10.9219 milliseconds
[gmrf_wind_mapping_node-2] --> MAP did not converge after 1 iterations.
[gmrf_wind_mapping_node-2] [GMRF] MAP Mean value estimated in 10.923 milliseconds
[gmrf_wind_mapping_node-2] --> MAP did not converge after 1 iterations.
[gmrf_wind_mapping_node-2] [GMRF] MAP Mean value estimated in 10.9237 milliseconds
[gmrf_wind_mapping_node-2] --> MAP did not converge after 1 iterations.
[gmrf_wind_mapping_node-2] [GMRF] MAP Mean value estimated in 10.9238 milliseconds
[gmrf_wind_mapping_node-2] --> MAP did not converge after 1 iterations.
[gmrf_wind_mapping_node-2] [GMRF] MAP Mean value estimated in 10.9252 milliseconds
[gmrf_wind_mapping_node-2] --> MAP did not converge after 1 iterations.
[gmrf_wind_mapping_node-2] [GMRF] MAP Mean value estimated in 10.9259 milliseconds
[gmrf_wind_mapping_node-2] --> MAP did not converge after 1 iterations.
[gmrf_wind_mapping_node-2] [GMRF] MAP Mean value estimated in 10.9245 milliseconds
[gmrf_wind_mapping_node-2] --> MAP did not converge after 1 iterations.
[gmrf_wind_mapping_node-2] [GMRF] MAP Mean value estimated in 10.9239 milliseconds
[gmrf_wind_mapping_node-2] --> MAP did not converge after 1 iterations.
[gmrf_wind_mapping_node-2] [GMRF] MAP Mean value estimated in 10.9263 milliseconds
[gmrf_wind_mapping_node-2] --> MAP did not converge after 1 iterations.
[gmrf_wind_mapping_node-2] [GMRF] MAP Mean value estimated in 10.9278 milliseconds
[gmrf_wind_mapping_node-2] --> MAP did not converge after 1 iterations.
[gmrf_wind_mapping_node-2] [GMRF] MAP Mean value estimated in 10.9267 milliseconds
[gmrf_wind_mapping_node-2] --> MAP did not converge after 1 iterations.
[gmrf_wind_mapping_node-2] [GMRF] MAP Mean value estimated in 10.9254 milliseconds
[gmrf_wind_mapping_node-2] --> MAP did not converge after 1 iterations.
[gmrf_wind_mapping_node-2] [GMRF] MAP Mean value estimated in 10.9257 milliseconds
[gmrf_wind_mapping_node-2] --> MAP did not converge after 1 iterations.
[gmrf_wind_mapping_node-2] [GMRF] MAP Mean value estimated in 10.9251 milliseconds
[gmrf_wind_mapping_node-2] --> MAP did not converge after 1 iterations.
[gmrf_wind_mapping_node-2] [GMRF] MAP Mean value estimated in 10.9258 milliseconds
[gmrf_wind_mapping_node-2] --> MAP did not converge after 1 iterations.
[gmrf_wind_mapping_node-2] [GMRF] MAP Mean value estimated in 10.9265 milliseconds
[gmrf_wind_mapping_node-2] --> MAP did not converge after 1 iterations.
[gmrf_wind_mapping_node-2] [GMRF] MAP Mean value estimated in 10.9255 milliseconds
[gmrf_wind_mapping_node-2] --> MAP did not converge after 1 iterations.
[gmrf_wind_mapping_node-2] [GMRF] MAP Mean value estimated in 10.9273 milliseconds
[gmrf_wind_mapping_node-2] --> MAP did not converge after 1 iterations.
[gmrf_wind_mapping_node-2] [GMRF] MAP Mean value estimated in 10.9262 milliseconds
[gmrf_wind_mapping_node-2] --> MAP did not converge after 1 iterations.
[gmrf_wind_mapping_node-2] [GMRF] MAP Mean value estimated in 10.9263 milliseconds
[gmrf_wind_mapping_node-2] --> MAP did not converge after 1 iterations.
[gmrf_wind_mapping_node-2] [GMRF] MAP Mean value estimated in 10.9249 milliseconds
[gmrf_wind_mapping_node-2] [INFO] [1788876058.294628262] [rclcpp]: signal_handler(signum=2)
[INFO] [gmrf_wind_mapping_node-2]: process has finished cleanly [pid 63759]
[INFO] [vgr_sim_node-1]: process has finished cleanly [pid 63757]
