[INFO] [launch]: All log files can be found below /mnt/hgfs/workspace/CSTAR_CORE_M1_EVENTTIME_H01_SEED6_20260908_R1/H02_seed6_A0/ros_log/2026-09-09-00-11-07-068432-zyc-virtual-machine-74156
[INFO] [launch]: Default logging verbosity is set to INFO
[INFO] [vgr_sim_node-1]: process started with pid [74172]
[INFO] [gmrf_wind_mapping_node-2]: process started with pid [74174]
[gmrf_wind_mapping_node-2] 
[gmrf_wind_mapping_node-2] =================================================================
[gmrf_wind_mapping_node-2] =	        GMRF Wind-Distribution Mapping ROS2 Node              =
[gmrf_wind_mapping_node-2] =================================================================
[gmrf_wind_mapping_node-2] [GMRF_MAP] Generating GMRF for 2D WIND estimation...
[gmrf_wind_mapping_node-2] [CGMRF] Initialization Complete: 11216 factors for a map size of 2N=2240 nodes
[gmrf_wind_mapping_node-2] [INFO] [1788883869.755613600] [gmrf]: [GMRF-node] GMRF Initialized
[gmrf_wind_mapping_node-2] [INFO] [1788883869.763365650] [gmrf]: [gmrf-wind] MAIN LOOP....
[gmrf_wind_mapping_node-2] --> MAP did not converge after 1 iterations.
[gmrf_wind_mapping_node-2] [GMRF] MAP Mean value estimated in 11 milliseconds
[gmrf_wind_mapping_node-2] --> MAP did not converge after 1 iterations.
[gmrf_wind_mapping_node-2] [GMRF] MAP Mean value estimated in 11 milliseconds
[gmrf_wind_mapping_node-2] --> MAP did not converge after 1 iterations.
[gmrf_wind_mapping_node-2] [GMRF] MAP Mean value estimated in 10 milliseconds
[gmrf_wind_mapping_node-2] --> MAP did not converge after 1 iterations.
[gmrf_wind_mapping_node-2] [GMRF] MAP Mean value estimated in 9 milliseconds
[gmrf_wind_mapping_node-2] --> MAP did not converge after 1 iterations.
[gmrf_wind_mapping_node-2] [GMRF] MAP Mean value estimated in 8.6 milliseconds
[vgr_sim_node-1] [WARN] [1788883870.196282871] [rcl.logging_rosout]: Publisher already registered for provided node name. If this is due to multiple nodes with the same name then all logs for that logger name will go out over the existing publisher. As soon as any node with that name is destructed it will unregister the publisher, preventing any further logs for that name from being published on the rosout topic.
[gmrf_wind_mapping_node-2] --> MAP did not converge after 1 iterations.
[gmrf_wind_mapping_node-2] [GMRF] MAP Mean value estimated in 8.33333 milliseconds
[gmrf_wind_mapping_node-2] --> MAP did not converge after 1 iterations.
[gmrf_wind_mapping_node-2] [GMRF] MAP Mean value estimated in 8 milliseconds
[gmrf_wind_mapping_node-2] --> MAP did not converge after 1 iterations.
[gmrf_wind_mapping_node-2] [GMRF] MAP Mean value estimated in 7.875 milliseconds
[gmrf_wind_mapping_node-2] --> MAP did not converge after 1 iterations.
[gmrf_wind_mapping_node-2] [GMRF] MAP Mean value estimated in 7.66667 milliseconds
[gmrf_wind_mapping_node-2] --> MAP did not converge after 1 iterations.
[gmrf_wind_mapping_node-2] [GMRF] MAP Mean value estimated in 7.6 milliseconds
[gmrf_wind_mapping_node-2] --> MAP did not converge after 1 iterations.
[gmrf_wind_mapping_node-2] [GMRF] MAP Mean value estimated in 7.45455 milliseconds
[gmrf_wind_mapping_node-2] --> MAP did not converge after 1 iterations.
[gmrf_wind_mapping_node-2] [GMRF] MAP Mean value estimated in 7.41667 milliseconds
[gmrf_wind_mapping_node-2] --> MAP did not converge after 1 iterations.
[gmrf_wind_mapping_node-2] [GMRF] MAP Mean value estimated in 8.07692 milliseconds
[gmrf_wind_mapping_node-2] --> MAP did not converge after 1 iterations.
[gmrf_wind_mapping_node-2] [GMRF] MAP Mean value estimated in 8 milliseconds
[gmrf_wind_mapping_node-2] --> MAP did not converge after 1 iterations.
[gmrf_wind_mapping_node-2] [GMRF] MAP Mean value estimated in 7.93333 milliseconds
[gmrf_wind_mapping_node-2] --> MAP did not converge after 1 iterations.
[gmrf_wind_mapping_node-2] [GMRF] MAP Mean value estimated in 7.875 milliseconds
[gmrf_wind_mapping_node-2] --> MAP did not converge after 1 iterations.
[gmrf_wind_mapping_node-2] [GMRF] MAP Mean value estimated in 7.82353 milliseconds
[gmrf_wind_mapping_node-2] --> MAP did not converge after 1 iterations.
[gmrf_wind_mapping_node-2] [GMRF] MAP Mean value estimated in 7.77778 milliseconds
[gmrf_wind_mapping_node-2] --> MAP did not converge after 1 iterations.
[gmrf_wind_mapping_node-2] [GMRF] MAP Mean value estimated in 7.68421 milliseconds
[gmrf_wind_mapping_node-2] --> MAP did not converge after 1 iterations.
[gmrf_wind_mapping_node-2] [GMRF] MAP Mean value estimated in 7.65 milliseconds
[gmrf_wind_mapping_node-2] --> MAP did not converge after 1 iterations.
[gmrf_wind_mapping_node-2] [GMRF] MAP Mean value estimated in 7.61905 milliseconds
[gmrf_wind_mapping_node-2] --> MAP did not converge after 1 iterations.
[gmrf_wind_mapping_node-2] [GMRF] MAP Mean value estimated in 7.54545 milliseconds
[gmrf_wind_mapping_node-2] --> MAP did not converge after 1 iterations.
[gmrf_wind_mapping_node-2] [GMRF] MAP Mean value estimated in 7.52174 milliseconds
[gmrf_wind_mapping_node-2] --> MAP did not converge after 1 iterations.
[gmrf_wind_mapping_node-2] [GMRF] MAP Mean value estimated in 7.5 milliseconds
[gmrf_wind_mapping_node-2] --> MAP did not converge after 1 iterations.
[gmrf_wind_mapping_node-2] [GMRF] MAP Mean value estimated in 7.48 milliseconds
[gmrf_wind_mapping_node-2] --> MAP did not converge after 1 iterations.
[gmrf_wind_mapping_node-2] [GMRF] MAP Mean value estimated in 7.46154 milliseconds
[gmrf_wind_mapping_node-2] --> MAP did not converge after 1 iterations.
[gmrf_wind_mapping_node-2] [GMRF] MAP Mean value estimated in 7.44444 milliseconds
[gmrf_wind_mapping_node-2] --> MAP did not converge after 1 iterations.
[gmrf_wind_mapping_node-2] [GMRF] MAP Mean value estimated in 7.46429 milliseconds
[vgr_sim_node-1] [INFO] [1788883872.493816202] [vgr_uav_sim]: Loading VGR data from /mnt/hgfs/workspace/GADEN_files/scenarios/House02, config=3,5-1_fast
[vgr_sim_node-1] [INFO] [1788883872.547521091] [vgr_uav_sim]: Occupancy: 83x119 slice z_idx=13 (z=0.3m), free=6811, obstacle=3066, input_sha256=9402690152be4568ced8f2256e9098d82691aaaa1f22a1887eeac55d0e5d098d
[gmrf_wind_mapping_node-2] --> MAP did not converge after 1 iterations.
[gmrf_wind_mapping_node-2] [GMRF] MAP Mean value estimated in 7.44828 milliseconds
[gmrf_wind_mapping_node-2] --> MAP did not converge after 1 iterations.
[gmrf_wind_mapping_node-2] [GMRF] MAP Mean value estimated in 7.4 milliseconds
[gmrf_wind_mapping_node-2] --> MAP did not converge after 1 iterations.
[gmrf_wind_mapping_node-2] [GMRF] MAP Mean value estimated in 7.35484 milliseconds
[vgr_sim_node-1] [INFO] [1788883872.852441748] [vgr_uav_sim]: Gas backend=gaden_player service=/frame_query
[vgr_sim_node-1] [INFO] [1788883872.852955193] [vgr_uav_sim]: GADEN realization=FilamentSimulation_gasType_10_sourcePosition_0.00_-1.00_0.20, max_iteration=1999
[gmrf_wind_mapping_node-2] --> MAP did not converge after 1 iterations.
[gmrf_wind_mapping_node-2] [GMRF] MAP Mean value estimated in 7.34375 milliseconds
[vgr_sim_node-1] [INFO] [1788883872.882532985] [vgr_uav_sim]: Sensor-safe occupancy intersection: 83x119 min=[-5.39273, -7.45088] max=[2.9072700000000005, 4.449120000000001]
[vgr_sim_node-1] [INFO] [1788883872.885250097] [vgr_uav_sim]: Navigation grid: coarse 27x39 cell=0.3000 free=643 obstacle=410 (reduce_scale=3)
[vgr_sim_node-1] [INFO] [1788883872.914199851] [vgr_uav_sim]: UAV Sim v3 ready. Start=(-0.5,-2.5), sim_dt=0.200s, realtime_factor=1.00, sensor=asymmetric, vertical_motion=False, open_loop_profile=hover
[gmrf_wind_mapping_node-2] --> MAP did not converge after 1 iterations.
[gmrf_wind_mapping_node-2] [GMRF] MAP Mean value estimated in 7.33333 milliseconds
[gmrf_wind_mapping_node-2] --> MAP did not converge after 1 iterations.
[gmrf_wind_mapping_node-2] [GMRF] MAP Mean value estimated in 7.32353 milliseconds
[gmrf_wind_mapping_node-2] --> MAP did not converge after 1 iterations.
[gmrf_wind_mapping_node-2] [GMRF] MAP Mean value estimated in 7.31429 milliseconds
[gmrf_wind_mapping_node-2] --> MAP did not converge after 1 iterations.
[gmrf_wind_mapping_node-2] [GMRF] MAP Mean value estimated in 7.33333 milliseconds
[gmrf_wind_mapping_node-2] --> MAP did not converge after 1 iterations.
[gmrf_wind_mapping_node-2] [GMRF] MAP Mean value estimated in 7.2973 milliseconds
[gmrf_wind_mapping_node-2] --> MAP did not converge after 1 iterations.
[gmrf_wind_mapping_node-2] [GMRF] MAP Mean value estimated in 7.28947 milliseconds
[gmrf_wind_mapping_node-2] --> MAP did not converge after 1 iterations.
[gmrf_wind_mapping_node-2] [GMRF] MAP Mean value estimated in 7.28205 milliseconds
[gmrf_wind_mapping_node-2] --> MAP did not converge after 1 iterations.
[gmrf_wind_mapping_node-2] [GMRF] MAP Mean value estimated in 7.325 milliseconds
[gmrf_wind_mapping_node-2] --> MAP did not converge after 1 iterations.
[gmrf_wind_mapping_node-2] [GMRF] MAP Mean value estimated in 7.29268 milliseconds
[gmrf_wind_mapping_node-2] --> MAP did not converge after 1 iterations.
[gmrf_wind_mapping_node-2] [GMRF] MAP Mean value estimated in 7.28571 milliseconds
[gmrf_wind_mapping_node-2] --> MAP did not converge after 1 iterations.
[gmrf_wind_mapping_node-2] [GMRF] MAP Mean value estimated in 7.44186 milliseconds
[gmrf_wind_mapping_node-2] --> MAP did not converge after 1 iterations.
[gmrf_wind_mapping_node-2] [GMRF] MAP Mean value estimated in 7.61364 milliseconds
[gmrf_wind_mapping_node-2] --> MAP did not converge after 1 iterations.
[gmrf_wind_mapping_node-2] [GMRF] MAP Mean value estimated in 7.68889 milliseconds
[gmrf_wind_mapping_node-2] --> MAP did not converge after 1 iterations.
[gmrf_wind_mapping_node-2] [GMRF] MAP Mean value estimated in 7.73913 milliseconds
[gmrf_wind_mapping_node-2] --> MAP did not converge after 1 iterations.
[gmrf_wind_mapping_node-2] [GMRF] MAP Mean value estimated in 7.7234 milliseconds
[gmrf_wind_mapping_node-2] --> MAP did not converge after 1 iterations.
[gmrf_wind_mapping_node-2] [GMRF] MAP Mean value estimated in 7.875 milliseconds
[gmrf_wind_mapping_node-2] --> MAP did not converge after 1 iterations.
[gmrf_wind_mapping_node-2] [GMRF] MAP Mean value estimated in 8.02041 milliseconds
[gmrf_wind_mapping_node-2] --> MAP did not converge after 1 iterations.
[gmrf_wind_mapping_node-2] [GMRF] MAP Mean value estimated in 8.12 milliseconds
[INFO] [gsl_actionserver_node-3]: process started with pid [74208]
[INFO] [gsl_benchmark_runner-4]: process started with pid [74210]
[gmrf_wind_mapping_node-2] --> MAP did not converge after 1 iterations.
[gmrf_wind_mapping_node-2] [GMRF] MAP Mean value estimated in 8.13725 milliseconds
[gsl_actionserver_node-3] [INFO] [1788883874.785299090] [GSL]: Starting GSL server
[gmrf_wind_mapping_node-2] --> MAP did not converge after 1 iterations.
[gmrf_wind_mapping_node-2] [GMRF] MAP Mean value estimated in 8.11538 milliseconds
[gmrf_wind_mapping_node-2] --> MAP did not converge after 1 iterations.
[gmrf_wind_mapping_node-2] [GMRF] MAP Mean value estimated in 8.13208 milliseconds
[gmrf_wind_mapping_node-2] --> MAP did not converge after 1 iterations.
[gmrf_wind_mapping_node-2] [GMRF] MAP Mean value estimated in 8.09259 milliseconds
[gmrf_wind_mapping_node-2] --> MAP did not converge after 1 iterations.
[gmrf_wind_mapping_node-2] [GMRF] MAP Mean value estimated in 8.2 milliseconds
[gmrf_wind_mapping_node-2] --> MAP did not converge after 1 iterations.
[gmrf_wind_mapping_node-2] [GMRF] MAP Mean value estimated in 8.26786 milliseconds
[gmrf_wind_mapping_node-2] --> MAP did not converge after 1 iterations.
[gmrf_wind_mapping_node-2] [GMRF] MAP Mean value estimated in 8.45614 milliseconds
[gmrf_wind_mapping_node-2] --> MAP did not converge after 1 iterations.
[gmrf_wind_mapping_node-2] [GMRF] MAP Mean value estimated in 8.60345 milliseconds
[gmrf_wind_mapping_node-2] --> MAP did not converge after 1 iterations.
[gmrf_wind_mapping_node-2] [GMRF] MAP Mean value estimated in 8.72881 milliseconds
[gmrf_wind_mapping_node-2] --> MAP did not converge after 1 iterations.
[gmrf_wind_mapping_node-2] [GMRF] MAP Mean value estimated in 8.7 milliseconds
[gmrf_wind_mapping_node-2] --> MAP did not converge after 1 iterations.
[gmrf_wind_mapping_node-2] [GMRF] MAP Mean value estimated in 8.80328 milliseconds
[gmrf_wind_mapping_node-2] --> MAP did not converge after 1 iterations.
[gmrf_wind_mapping_node-2] [GMRF] MAP Mean value estimated in 8.87097 milliseconds
[gmrf_wind_mapping_node-2] --> MAP did not converge after 1 iterations.
[gmrf_wind_mapping_node-2] [GMRF] MAP Mean value estimated in 8.84127 milliseconds
[gmrf_wind_mapping_node-2] --> MAP did not converge after 1 iterations.
[gmrf_wind_mapping_node-2] [GMRF] MAP Mean value estimated in 8.9375 milliseconds
[gmrf_wind_mapping_node-2] --> MAP did not converge after 1 iterations.
[gmrf_wind_mapping_node-2] [GMRF] MAP Mean value estimated in 9 milliseconds
[gmrf_wind_mapping_node-2] --> MAP did not converge after 1 iterations.
[gmrf_wind_mapping_node-2] [GMRF] MAP Mean value estimated in 9.06061 milliseconds
[gmrf_wind_mapping_node-2] --> MAP did not converge after 1 iterations.
[gmrf_wind_mapping_node-2] [GMRF] MAP Mean value estimated in 9.02985 milliseconds
[gmrf_wind_mapping_node-2] --> MAP did not converge after 1 iterations.
[gmrf_wind_mapping_node-2] [GMRF] MAP Mean value estimated in 9.11765 milliseconds
[gmrf_wind_mapping_node-2] --> MAP did not converge after 1 iterations.
[gmrf_wind_mapping_node-2] [GMRF] MAP Mean value estimated in 9.2029 milliseconds
[gmrf_wind_mapping_node-2] --> MAP did not converge after 1 iterations.
[gmrf_wind_mapping_node-2] [GMRF] MAP Mean value estimated in 9.24286 milliseconds
[gmrf_wind_mapping_node-2] --> MAP did not converge after 1 iterations.
[gmrf_wind_mapping_node-2] [GMRF] MAP Mean value estimated in 9.30986 milliseconds
[gmrf_wind_mapping_node-2] --> MAP did not converge after 1 iterations.
[gmrf_wind_mapping_node-2] [GMRF] MAP Mean value estimated in 9.34722 milliseconds
[gmrf_wind_mapping_node-2] --> MAP did not converge after 1 iterations.
[gmrf_wind_mapping_node-2] [GMRF] MAP Mean value estimated in 9.38356 milliseconds
[gmrf_wind_mapping_node-2] --> MAP did not converge after 1 iterations.
[gmrf_wind_mapping_node-2] [GMRF] MAP Mean value estimated in 9.44595 milliseconds
[gmrf_wind_mapping_node-2] --> MAP did not converge after 1 iterations.
[gmrf_wind_mapping_node-2] [GMRF] MAP Mean value estimated in 9.48 milliseconds
[gmrf_wind_mapping_node-2] --> MAP did not converge after 1 iterations.
[gmrf_wind_mapping_node-2] [GMRF] MAP Mean value estimated in 9.52632 milliseconds
[gmrf_wind_mapping_node-2] --> MAP did not converge after 1 iterations.
[gmrf_wind_mapping_node-2] [GMRF] MAP Mean value estimated in 9.5974 milliseconds
[gmrf_wind_mapping_node-2] --> MAP did not converge after 1 iterations.
[gmrf_wind_mapping_node-2] [GMRF] MAP Mean value estimated in 9.67949 milliseconds
[gmrf_wind_mapping_node-2] --> MAP did not converge after 1 iterations.
[gmrf_wind_mapping_node-2] [GMRF] MAP Mean value estimated in 9.75949 milliseconds
[INFO] [ros2-5]: process started with pid [74236]
[gmrf_wind_mapping_node-2] --> MAP did not converge after 1 iterations.
[gmrf_wind_mapping_node-2] [GMRF] MAP Mean value estimated in 9.75 milliseconds
[gmrf_wind_mapping_node-2] --> MAP did not converge after 1 iterations.
[gmrf_wind_mapping_node-2] [GMRF] MAP Mean value estimated in 9.71605 milliseconds
[gmrf_wind_mapping_node-2] --> MAP did not converge after 1 iterations.
[gmrf_wind_mapping_node-2] [GMRF] MAP Mean value estimated in 9.68293 milliseconds
[gmrf_wind_mapping_node-2] --> MAP did not converge after 1 iterations.
[gmrf_wind_mapping_node-2] [GMRF] MAP Mean value estimated in 9.66265 milliseconds
[gmrf_wind_mapping_node-2] --> MAP did not converge after 1 iterations.
[gmrf_wind_mapping_node-2] [GMRF] MAP Mean value estimated in 9.64286 milliseconds
[ros2-5] requester: making request: std_srvs.srv.Trigger_Request()
[ros2-5] 
[ros2-5] response:
[ros2-5] std_srvs.srv.Trigger_Response(success=True, message='started at step=0, t_sim=0.000000')
[ros2-5] 
[gmrf_wind_mapping_node-2] --> MAP did not converge after 1 iterations.
[gmrf_wind_mapping_node-2] [GMRF] MAP Mean value estimated in 9.61176 milliseconds
[INFO] [ros2-5]: process has finished cleanly [pid 74236]
[gmrf_wind_mapping_node-2] --> MAP did not converge after 1 iterations.
[gmrf_wind_mapping_node-2] [GMRF] MAP Mean value estimated in 9.63953 milliseconds
[gmrf_wind_mapping_node-2] --> MAP did not converge after 1 iterations.
[gmrf_wind_mapping_node-2] [GMRF] MAP Mean value estimated in 9.63218 milliseconds
[gmrf_wind_mapping_node-2] --> MAP did not converge after 1 iterations.
[gmrf_wind_mapping_node-2] [GMRF] MAP Mean value estimated in 9.72727 milliseconds
[gmrf_wind_mapping_node-2] --> MAP did not converge after 1 iterations.
[gmrf_wind_mapping_node-2] [GMRF] MAP Mean value estimated in 9.75281 milliseconds
[gmrf_wind_mapping_node-2] --> MAP did not converge after 1 iterations.
[gmrf_wind_mapping_node-2] [GMRF] MAP Mean value estimated in 9.82222 milliseconds
[gmrf_wind_mapping_node-2] --> MAP did not converge after 1 iterations.
[gmrf_wind_mapping_node-2] [GMRF] MAP Mean value estimated in 9.79121 milliseconds
[gmrf_wind_mapping_node-2] --> MAP did not converge after 1 iterations.
[gmrf_wind_mapping_node-2] [GMRF] MAP Mean value estimated in 9.8587 milliseconds
[gmrf_wind_mapping_node-2] --> MAP did not converge after 1 iterations.
[gmrf_wind_mapping_node-2] [GMRF] MAP Mean value estimated in 9.87097 milliseconds
[gmrf_wind_mapping_node-2] --> MAP did not converge after 1 iterations.
[gmrf_wind_mapping_node-2] [GMRF] MAP Mean value estimated in 9.91489 milliseconds
[gmrf_wind_mapping_node-2] --> MAP did not converge after 1 iterations.
[gmrf_wind_mapping_node-2] [GMRF] MAP Mean value estimated in 9.91579 milliseconds
[gmrf_wind_mapping_node-2] --> MAP did not converge after 1 iterations.
[gmrf_wind_mapping_node-2] [GMRF] MAP Mean value estimated in 9.94792 milliseconds
[gmrf_wind_mapping_node-2] --> MAP did not converge after 1 iterations.
[gmrf_wind_mapping_node-2] [GMRF] MAP Mean value estimated in 9.91753 milliseconds
[gmrf_wind_mapping_node-2] --> MAP did not converge after 1 iterations.
[gmrf_wind_mapping_node-2] [GMRF] MAP Mean value estimated in 9.94898 milliseconds
[gmrf_wind_mapping_node-2] --> MAP did not converge after 1 iterations.
[gmrf_wind_mapping_node-2] [GMRF] MAP Mean value estimated in 9.9798 milliseconds
[gmrf_wind_mapping_node-2] --> MAP did not converge after 1 iterations.
[gmrf_wind_mapping_node-2] [GMRF] MAP Mean value estimated in 10.01 milliseconds
[gmrf_wind_mapping_node-2] --> MAP did not converge after 1 iterations.
[gmrf_wind_mapping_node-2] [GMRF] MAP Mean value estimated in 10.0495 milliseconds
[gsl_actionserver_node-3] [INFO] [1788883879.817798690] [GSL]: GSL action server is ready for action!
[gmrf_wind_mapping_node-2] --> MAP did not converge after 1 iterations.
[gmrf_wind_mapping_node-2] [GMRF] MAP Mean value estimated in 10.049 milliseconds
[gmrf_wind_mapping_node-2] --> MAP did not converge after 1 iterations.
[gmrf_wind_mapping_node-2] [GMRF] MAP Mean value estimated in 10.0388 milliseconds
[gmrf_wind_mapping_node-2] --> MAP did not converge after 1 iterations.
[gmrf_wind_mapping_node-2] [GMRF] MAP Mean value estimated in 10.0288 milliseconds
[gmrf_wind_mapping_node-2] --> MAP did not converge after 1 iterations.
[gmrf_wind_mapping_node-2] [GMRF] MAP Mean value estimated in 10.0095 milliseconds
[gmrf_wind_mapping_node-2] --> MAP did not converge after 1 iterations.
[gmrf_wind_mapping_node-2] [GMRF] MAP Mean value estimated in 9.98113 milliseconds
[gmrf_wind_mapping_node-2] --> MAP did not converge after 1 iterations.
[gmrf_wind_mapping_node-2] [GMRF] MAP Mean value estimated in 9.95327 milliseconds
[gmrf_wind_mapping_node-2] --> MAP did not converge after 1 iterations.
[gmrf_wind_mapping_node-2] [GMRF] MAP Mean value estimated in 9.98148 milliseconds
[gmrf_wind_mapping_node-2] --> MAP did not converge after 1 iterations.
[gmrf_wind_mapping_node-2] [GMRF] MAP Mean value estimated in 9.97248 milliseconds
[gmrf_wind_mapping_node-2] --> MAP did not converge after 1 iterations.
[gmrf_wind_mapping_node-2] [GMRF] MAP Mean value estimated in 9.96364 milliseconds
[gmrf_wind_mapping_node-2] --> MAP did not converge after 1 iterations.
[gmrf_wind_mapping_node-2] [GMRF] MAP Mean value estimated in 9.93694 milliseconds
[gsl_actionserver_node-3] [INFO] [1788883880.818659442] [GSL]: [33mRequest received: PMFS[0m
[gmrf_wind_mapping_node-2] --> MAP did not converge after 1 iterations.
[gmrf_wind_mapping_node-2] [GMRF] MAP Mean value estimated in 9.91071 milliseconds
[gmrf_wind_mapping_node-2] --> MAP did not converge after 1 iterations.
[gmrf_wind_mapping_node-2] [GMRF] MAP Mean value estimated in 9.88496 milliseconds
[gmrf_wind_mapping_node-2] --> MAP did not converge after 1 iterations.
[gmrf_wind_mapping_node-2] [GMRF] MAP Mean value estimated in 9.85965 milliseconds
[gmrf_wind_mapping_node-2] --> MAP did not converge after 1 iterations.
[gmrf_wind_mapping_node-2] [GMRF] MAP Mean value estimated in 9.83478 milliseconds
[gmrf_wind_mapping_node-2] --> MAP did not converge after 1 iterations.
[gmrf_wind_mapping_node-2] [GMRF] MAP Mean value estimated in 9.82759 milliseconds
[gmrf_wind_mapping_node-2] --> MAP did not converge after 1 iterations.
[gmrf_wind_mapping_node-2] [GMRF] MAP Mean value estimated in 9.80342 milliseconds
[gmrf_wind_mapping_node-2] --> MAP did not converge after 1 iterations.
[gmrf_wind_mapping_node-2] [GMRF] MAP Mean value estimated in 9.77966 milliseconds
[gmrf_wind_mapping_node-2] --> MAP did not converge after 1 iterations.
[gmrf_wind_mapping_node-2] [GMRF] MAP Mean value estimated in 9.7563 milliseconds
[gmrf_wind_mapping_node-2] --> MAP did not converge after 1 iterations.
[gmrf_wind_mapping_node-2] [GMRF] MAP Mean value estimated in 9.75 milliseconds
[gmrf_wind_mapping_node-2] --> MAP did not converge after 1 iterations.
[gmrf_wind_mapping_node-2] [GMRF] MAP Mean value estimated in 9.72727 milliseconds
[gsl_actionserver_node-3] [INFO] [1788883881.838254793] [GSL]: Waiting to hear from localization topic: /amcl_pose
[gsl_actionserver_node-3] [INFO] [1788883881.840233295] [GSL]: Gas sensor topic: '/PID/Sensor_reading'
[gsl_actionserver_node-3] [INFO] [1788883881.840978210] [GSL]: Wind sensor topic: '/Anemometer/WindSensor_reading'
[gsl_actionserver_node-3] [INFO] [1788883881.841013946] [GSL]: [34mINITIALIZATON COMPLETED[0m
[gsl_actionserver_node-3] [INFO] [1788883881.862617669] [GSL - Trace]: [32mEntering WaitForMap[0m
[gsl_actionserver_node-3] [INFO] [1788883881.862656809] [GSL - Trace]: [32mNeed occupancy map and costmap[0m
[gmrf_wind_mapping_node-2] --> MAP did not converge after 1 iterations.
[gmrf_wind_mapping_node-2] [GMRF] MAP Mean value estimated in 9.69672 milliseconds
[gsl_actionserver_node-3] [INFO] [1788883881.914888961] [GSL - Trace]: [32mGot occupancy map[0m
[gsl_actionserver_node-3] [INFO] [1788883881.914962822] [GSL]: 
[gsl_actionserver_node-3] --------------GSL---------------
[gsl_actionserver_node-3] Occupancy Map dimensions:
[gsl_actionserver_node-3] x_min:-5.4 x_max:2.9   -   y_min:-7.5 y_max:4.4
[gsl_actionserver_node-3] --------------------------------
[gsl_actionserver_node-3] [INFO] [1788883881.915111794] [GSL]: [MAP-DEBUG] 83x119 res=0.1000 free=6811 obs=3066 unk=0 origin=(-5.39,-7.45)
[gsl_actionserver_node-3] [INFO] [1788883881.916345289] [GSL - Trace]: [32mCreated grid[0m
[gsl_actionserver_node-3] [INFO] [1788883881.916367453] [GSL]: [DEBUG] After reduceOccupancyMap: free=643 obstacle=410 total=1053
[gsl_actionserver_node-3] [INFO] [1788883881.916876313] [GSL - Trace]: [32mPruned unreachable cells[0m
[gsl_actionserver_node-3] [INFO] [1788883881.916884715] [GSL]: [DEBUG] After PruneUnreachable: free=631 obstacle=422 total=1053
[gsl_actionserver_node-3] [INFO] [1788883881.916892159] [GSL]: [DEBUG] Grid dims: 27x39 scale=3 cellSize=0.3
[gsl_actionserver_node-3] [INFO] [1788883881.916898892] [GSL]: [DEBUG] Start pos: (-0.5, -2.5)
[gsl_actionserver_node-3] [INFO] [1788883881.923218884] [GSL - Trace]: [32mCreated visibility map[0m
[gsl_actionserver_node-3] [INFO] [1788883881.979665053] [GSL]: Number of cells after fusing quadtree: 62
[gsl_actionserver_node-3] [INFO] [1788883881.981524230] [GSL]: [DEBUG-WIND] useGroundTruth=false gmrf_req_size=631 gaden_req_size=-1
[gsl_actionserver_node-3] [INFO] [1788883881.981558482] [GSL]: [DEBUG-WIND] Taking GMRF path
[gsl_actionserver_node-3] [INFO] [1788883881.982191138] [GSL - Trace]: [32mGot cost map[0m
[gsl_actionserver_node-3] [INFO] [1788883881.982219826] [GSL - Trace]: [32mEntering StopAndMeasure[0m
[gmrf_wind_mapping_node-2] --> MAP did not converge after 1 iterations.
[gmrf_wind_mapping_node-2] [GMRF] MAP Mean value estimated in 9.78862 milliseconds
[gmrf_wind_mapping_node-2] --> MAP did not converge after 1 iterations.
[gmrf_wind_mapping_node-2] [GMRF] MAP Mean value estimated in 9.75806 milliseconds
[gmrf_wind_mapping_node-2] --> MAP did not converge after 1 iterations.
[gmrf_wind_mapping_node-2] [GMRF] MAP Mean value estimated in 9.744 milliseconds
[gmrf_wind_mapping_node-2] --> MAP did not converge after 1 iterations.
[gmrf_wind_mapping_node-2] [GMRF] MAP Mean value estimated in 9.72222 milliseconds
[gmrf_wind_mapping_node-2] --> MAP did not converge after 1 iterations.
[gmrf_wind_mapping_node-2] [GMRF] MAP Mean value estimated in 9.70079 milliseconds
[gmrf_wind_mapping_node-2] --> MAP did not converge after 1 iterations.
[gmrf_wind_mapping_node-2] [GMRF] MAP Mean value estimated in 9.67188 milliseconds
[gmrf_wind_mapping_node-2] --> MAP did not converge after 1 iterations.
[gmrf_wind_mapping_node-2] [GMRF] MAP Mean value estimated in 9.65116 milliseconds
[gmrf_wind_mapping_node-2] --> MAP did not converge after 1 iterations.
[gmrf_wind_mapping_node-2] [GMRF] MAP Mean value estimated in 9.65385 milliseconds
[gmrf_wind_mapping_node-2] --> MAP did not converge after 1 iterations.
[gmrf_wind_mapping_node-2] [GMRF] MAP Mean value estimated in 9.67176 milliseconds
[gmrf_wind_mapping_node-2] --> MAP did not converge after 1 iterations.
[gmrf_wind_mapping_node-2] [GMRF] MAP Mean value estimated in 9.67424 milliseconds
[gmrf_wind_mapping_node-2] --> MAP did not converge after 1 iterations.
[gmrf_wind_mapping_node-2] [GMRF] MAP Mean value estimated in 9.66165 milliseconds
[gmrf_wind_mapping_node-2] --> MAP did not converge after 1 iterations.
[gmrf_wind_mapping_node-2] [GMRF] MAP Mean value estimated in 9.65672 milliseconds
[gmrf_wind_mapping_node-2] --> MAP did not converge after 1 iterations.
[gmrf_wind_mapping_node-2] [GMRF] MAP Mean value estimated in 9.62963 milliseconds
[gmrf_wind_mapping_node-2] --> MAP did not converge after 1 iterations.
[gmrf_wind_mapping_node-2] [GMRF] MAP Mean value estimated in 9.625 milliseconds
[gmrf_wind_mapping_node-2] --> MAP did not converge after 1 iterations.
[gmrf_wind_mapping_node-2] [GMRF] MAP Mean value estimated in 9.60584 milliseconds
[gmrf_wind_mapping_node-2] --> MAP did not converge after 1 iterations.
[gmrf_wind_mapping_node-2] [GMRF] MAP Mean value estimated in 9.58696 milliseconds
[gmrf_wind_mapping_node-2] --> MAP did not converge after 1 iterations.
[gmrf_wind_mapping_node-2] [GMRF] MAP Mean value estimated in 9.60432 milliseconds
[gmrf_wind_mapping_node-2] --> MAP did not converge after 1 iterations.
[gmrf_wind_mapping_node-2] [GMRF] MAP Mean value estimated in 9.62857 milliseconds
[gmrf_wind_mapping_node-2] --> MAP did not converge after 1 iterations.
[gmrf_wind_mapping_node-2] [GMRF] MAP Mean value estimated in 9.63121 milliseconds
[gmrf_wind_mapping_node-2] --> MAP did not converge after 1 iterations.
[gmrf_wind_mapping_node-2] [GMRF] MAP Mean value estimated in 9.61268 milliseconds
[gmrf_wind_mapping_node-2] --> MAP did not converge after 1 iterations.
[gmrf_wind_mapping_node-2] [GMRF] MAP Mean value estimated in 9.59441 milliseconds
[gsl_actionserver_node-3] [INFO] [1788883883.988831462] [GSL]: 10 gas measurements, 10 wind measurements over 2.01 seconds
[gsl_actionserver_node-3] [INFO] [1788883883.989639503] [GSL]: avg_gas=0.38;  avg_windSpeed=0.022;  avg_wind_dir=-3
[gsl_actionserver_node-3] [INFO] [1788883883.990579445] [GSL]: [33mGAS HIT[0m
[gsl_actionserver_node-3] [INFO] [1788883883.990611633] [GSL]: [DEBUG-WIND] useGroundTruth=false gmrf_req_size=631 gaden_req_size=-1
[gsl_actionserver_node-3] [INFO] [1788883883.990621400] [GSL]: [DEBUG-WIND] Taking GMRF path
[gsl_actionserver_node-3] [INFO] [1788883884.064195557] [GSL - Trace]: [32mEntering StopAndMeasure[0m
[gmrf_wind_mapping_node-2] --> MAP did not converge after 1 iterations.
[gmrf_wind_mapping_node-2] [GMRF] MAP Mean value estimated in 9.57639 milliseconds
[gmrf_wind_mapping_node-2] --> MAP did not converge after 1 iterations.
[gmrf_wind_mapping_node-2] [GMRF] MAP Mean value estimated in 9.55862 milliseconds
[gmrf_wind_mapping_node-2] --> MAP did not converge after 1 iterations.
[gmrf_wind_mapping_node-2] [GMRF] MAP Mean value estimated in 9.54795 milliseconds
[gmrf_wind_mapping_node-2] --> MAP did not converge after 1 iterations.
[gmrf_wind_mapping_node-2] [GMRF] MAP Mean value estimated in 9.54422 milliseconds
[gmrf_wind_mapping_node-2] --> MAP did not converge after 1 iterations.
[gmrf_wind_mapping_node-2] [GMRF] MAP Mean value estimated in 9.53378 milliseconds
[gmrf_wind_mapping_node-2] --> MAP did not converge after 1 iterations.
[gmrf_wind_mapping_node-2] [GMRF] MAP Mean value estimated in 9.5302 milliseconds
[gmrf_wind_mapping_node-2] --> MAP did not converge after 1 iterations.
[gmrf_wind_mapping_node-2] [GMRF] MAP Mean value estimated in 9.55333 milliseconds
[gmrf_wind_mapping_node-2] --> MAP did not converge after 1 iterations.
[gmrf_wind_mapping_node-2] [GMRF] MAP Mean value estimated in 9.54305 milliseconds
[gmrf_wind_mapping_node-2] --> MAP did not converge after 1 iterations.
[gmrf_wind_mapping_node-2] [GMRF] MAP Mean value estimated in 9.52632 milliseconds
[gmrf_wind_mapping_node-2] --> MAP did not converge after 1 iterations.
[gmrf_wind_mapping_node-2] [GMRF] MAP Mean value estimated in 9.5098 milliseconds
[gmrf_wind_mapping_node-2] --> MAP did not converge after 1 iterations.
[gmrf_wind_mapping_node-2] [GMRF] MAP Mean value estimated in 9.49351 milliseconds
[gmrf_wind_mapping_node-2] --> MAP did not converge after 1 iterations.
[gmrf_wind_mapping_node-2] [GMRF] MAP Mean value estimated in 9.47742 milliseconds
[gmrf_wind_mapping_node-2] --> MAP did not converge after 1 iterations.
[gmrf_wind_mapping_node-2] [GMRF] MAP Mean value estimated in 9.51923 milliseconds
[gmrf_wind_mapping_node-2] --> MAP did not converge after 1 iterations.
[gmrf_wind_mapping_node-2] [GMRF] MAP Mean value estimated in 9.52229 milliseconds
[gmrf_wind_mapping_node-2] --> MAP did not converge after 1 iterations.
[gmrf_wind_mapping_node-2] [GMRF] MAP Mean value estimated in 9.51899 milliseconds
[gmrf_wind_mapping_node-2] --> MAP did not converge after 1 iterations.
[gmrf_wind_mapping_node-2] [GMRF] MAP Mean value estimated in 9.51572 milliseconds
[gmrf_wind_mapping_node-2] --> MAP did not converge after 1 iterations.
[gmrf_wind_mapping_node-2] [GMRF] MAP Mean value estimated in 9.51875 milliseconds
[gmrf_wind_mapping_node-2] --> MAP did not converge after 1 iterations.
[gmrf_wind_mapping_node-2] [GMRF] MAP Mean value estimated in 9.50932 milliseconds
[gmrf_wind_mapping_node-2] --> MAP did not converge after 1 iterations.
[gmrf_wind_mapping_node-2] [GMRF] MAP Mean value estimated in 9.49383 milliseconds
[gsl_actionserver_node-3] [INFO] [1788883885.964930281] [GSL]: 10 gas measurements, 10 wind measurements over 1.90 seconds
[gsl_actionserver_node-3] [INFO] [1788883885.964994063] [GSL]: avg_gas=0.44;  avg_windSpeed=0.022;  avg_wind_dir=-3
[gsl_actionserver_node-3] [INFO] [1788883885.965659069] [GSL]: [33mGAS HIT[0m
[gsl_actionserver_node-3] [INFO] [1788883885.965685770] [GSL]: [DEBUG-WIND] useGroundTruth=false gmrf_req_size=631 gaden_req_size=-1
[gsl_actionserver_node-3] [INFO] [1788883885.965693126] [GSL]: [DEBUG-WIND] Taking GMRF path
[gmrf_wind_mapping_node-2] --> MAP did not converge after 1 iterations.
[gmrf_wind_mapping_node-2] [GMRF] MAP Mean value estimated in 9.47853 milliseconds
[gsl_actionserver_node-3] [INFO] [1788883886.064487635] [GSL - Trace]: [32mEntering StopAndMeasure[0m
[gmrf_wind_mapping_node-2] --> MAP did not converge after 1 iterations.
[gmrf_wind_mapping_node-2] [GMRF] MAP Mean value estimated in 9.5122 milliseconds
[gmrf_wind_mapping_node-2] --> MAP did not converge after 1 iterations.
[gmrf_wind_mapping_node-2] [GMRF] MAP Mean value estimated in 9.49697 milliseconds
[gmrf_wind_mapping_node-2] --> MAP did not converge after 1 iterations.
[gmrf_wind_mapping_node-2] [GMRF] MAP Mean value estimated in 9.5 milliseconds
[gmrf_wind_mapping_node-2] --> MAP did not converge after 1 iterations.
[gmrf_wind_mapping_node-2] [GMRF] MAP Mean value estimated in 9.50299 milliseconds
[gmrf_wind_mapping_node-2] --> MAP did not converge after 1 iterations.
[gmrf_wind_mapping_node-2] [GMRF] MAP Mean value estimated in 9.48214 milliseconds
[gmrf_wind_mapping_node-2] --> MAP did not converge after 1 iterations.
[gmrf_wind_mapping_node-2] [GMRF] MAP Mean value estimated in 9.51479 milliseconds
[gmrf_wind_mapping_node-2] --> MAP did not converge after 1 iterations.
[gmrf_wind_mapping_node-2] [GMRF] MAP Mean value estimated in 9.54706 milliseconds
[gmrf_wind_mapping_node-2] --> MAP did not converge after 1 iterations.
[gmrf_wind_mapping_node-2] [GMRF] MAP Mean value estimated in 9.53216 milliseconds
[gmrf_wind_mapping_node-2] --> MAP did not converge after 1 iterations.
[gmrf_wind_mapping_node-2] [GMRF] MAP Mean value estimated in 9.56395 milliseconds
[gmrf_wind_mapping_node-2] --> MAP did not converge after 1 iterations.
[gmrf_wind_mapping_node-2] [GMRF] MAP Mean value estimated in 9.57803 milliseconds
[gmrf_wind_mapping_node-2] --> MAP did not converge after 1 iterations.
[gmrf_wind_mapping_node-2] [GMRF] MAP Mean value estimated in 9.56897 milliseconds
[gmrf_wind_mapping_node-2] --> MAP did not converge after 1 iterations.
[gmrf_wind_mapping_node-2] [GMRF] MAP Mean value estimated in 9.59429 milliseconds
[gmrf_wind_mapping_node-2] --> MAP did not converge after 1 iterations.
[gmrf_wind_mapping_node-2] [GMRF] MAP Mean value estimated in 9.61932 milliseconds
[gmrf_wind_mapping_node-2] --> MAP did not converge after 1 iterations.
[gmrf_wind_mapping_node-2] [GMRF] MAP Mean value estimated in 9.61582 milliseconds
[gmrf_wind_mapping_node-2] --> MAP did not converge after 1 iterations.
[gmrf_wind_mapping_node-2] [GMRF] MAP Mean value estimated in 9.64607 milliseconds
[gmrf_wind_mapping_node-2] --> MAP did not converge after 1 iterations.
[gmrf_wind_mapping_node-2] [GMRF] MAP Mean value estimated in 9.63687 milliseconds
[gmrf_wind_mapping_node-2] --> MAP did not converge after 1 iterations.
[gmrf_wind_mapping_node-2] [GMRF] MAP Mean value estimated in 9.62222 milliseconds
[gmrf_wind_mapping_node-2] --> MAP did not converge after 1 iterations.
[gmrf_wind_mapping_node-2] [GMRF] MAP Mean value estimated in 9.63536 milliseconds
[gmrf_wind_mapping_node-2] --> MAP did not converge after 1 iterations.
[gmrf_wind_mapping_node-2] [GMRF] MAP Mean value estimated in 9.64835 milliseconds
[gmrf_wind_mapping_node-2] --> MAP did not converge after 1 iterations.
[gmrf_wind_mapping_node-2] [GMRF] MAP Mean value estimated in 9.63934 milliseconds
[gsl_actionserver_node-3] [INFO] [1788883887.996181407] [GSL]: 10 gas measurements, 10 wind measurements over 1.93 seconds
[gsl_actionserver_node-3] [INFO] [1788883887.996672334] [GSL]: avg_gas=0.44;  avg_windSpeed=0.022;  avg_wind_dir=-3
[gsl_actionserver_node-3] [INFO] [1788883887.997352789] [GSL]: [33mGAS HIT[0m
[gsl_actionserver_node-3] [INFO] [1788883887.997364034] [GSL]: [DEBUG-WIND] useGroundTruth=false gmrf_req_size=631 gaden_req_size=-1
[gsl_actionserver_node-3] [INFO] [1788883887.997371280] [GSL]: [DEBUG-WIND] Taking GMRF path
[gsl_actionserver_node-3] [INFO] [1788883888.064303718] [GSL - Trace]: [32mEntering StopAndMeasure[0m
[gmrf_wind_mapping_node-2] --> MAP did not converge after 1 iterations.
[gmrf_wind_mapping_node-2] [GMRF] MAP Mean value estimated in 9.625 milliseconds
[gmrf_wind_mapping_node-2] --> MAP did not converge after 1 iterations.
[gmrf_wind_mapping_node-2] [GMRF] MAP Mean value estimated in 9.61081 milliseconds
[gmrf_wind_mapping_node-2] --> MAP did not converge after 1 iterations.
[gmrf_wind_mapping_node-2] [GMRF] MAP Mean value estimated in 9.62903 milliseconds
[gmrf_wind_mapping_node-2] --> MAP did not converge after 1 iterations.
[gmrf_wind_mapping_node-2] [GMRF] MAP Mean value estimated in 9.61497 milliseconds
[gmrf_wind_mapping_node-2] --> MAP did not converge after 1 iterations.
[gmrf_wind_mapping_node-2] [GMRF] MAP Mean value estimated in 9.60106 milliseconds
[gmrf_wind_mapping_node-2] --> MAP did not converge after 1 iterations.
[gmrf_wind_mapping_node-2] [GMRF] MAP Mean value estimated in 9.60317 milliseconds
[gmrf_wind_mapping_node-2] --> MAP did not converge after 1 iterations.
[gmrf_wind_mapping_node-2] [GMRF] MAP Mean value estimated in 9.63158 milliseconds
[gmrf_wind_mapping_node-2] --> MAP did not converge after 1 iterations.
[gmrf_wind_mapping_node-2] [GMRF] MAP Mean value estimated in 9.6178 milliseconds
[gmrf_wind_mapping_node-2] --> MAP did not converge after 1 iterations.
[gmrf_wind_mapping_node-2] [GMRF] MAP Mean value estimated in 9.64062 milliseconds
[gmrf_wind_mapping_node-2] --> MAP did not converge after 1 iterations.
[gmrf_wind_mapping_node-2] [GMRF] MAP Mean value estimated in 9.63212 milliseconds
[gmrf_wind_mapping_node-2] --> MAP did not converge after 1 iterations.
[gmrf_wind_mapping_node-2] [GMRF] MAP Mean value estimated in 9.68557 milliseconds
[gmrf_wind_mapping_node-2] --> MAP did not converge after 1 iterations.
[gmrf_wind_mapping_node-2] [GMRF] MAP Mean value estimated in 9.68205 milliseconds
[gmrf_wind_mapping_node-2] --> MAP did not converge after 1 iterations.
[gmrf_wind_mapping_node-2] [GMRF] MAP Mean value estimated in 9.67347 milliseconds
[gmrf_wind_mapping_node-2] --> MAP did not converge after 1 iterations.
[gmrf_wind_mapping_node-2] [GMRF] MAP Mean value estimated in 9.67005 milliseconds
[gmrf_wind_mapping_node-2] --> MAP did not converge after 1 iterations.
[gmrf_wind_mapping_node-2] [GMRF] MAP Mean value estimated in 9.66667 milliseconds
[gmrf_wind_mapping_node-2] --> MAP did not converge after 1 iterations.
[gmrf_wind_mapping_node-2] [GMRF] MAP Mean value estimated in 9.65829 milliseconds
[gmrf_wind_mapping_node-2] --> MAP did not converge after 1 iterations.
[gmrf_wind_mapping_node-2] [GMRF] MAP Mean value estimated in 9.68 milliseconds
[gmrf_wind_mapping_node-2] --> MAP did not converge after 1 iterations.
[gmrf_wind_mapping_node-2] [GMRF] MAP Mean value estimated in 9.70149 milliseconds
[gmrf_wind_mapping_node-2] --> MAP did not converge after 1 iterations.
[gmrf_wind_mapping_node-2] [GMRF] MAP Mean value estimated in 9.73267 milliseconds
[gmrf_wind_mapping_node-2] --> MAP did not converge after 1 iterations.
[gmrf_wind_mapping_node-2] [GMRF] MAP Mean value estimated in 9.72906 milliseconds
[gsl_actionserver_node-3] [INFO] [1788883890.016464322] [GSL]: 10 gas measurements, 10 wind measurements over 1.95 seconds
[gsl_actionserver_node-3] [INFO] [1788883890.016540755] [GSL]: avg_gas=0.43;  avg_windSpeed=0.022;  avg_wind_dir=-3
[gsl_actionserver_node-3] [INFO] [1788883890.017197878] [GSL]: [33mGAS HIT[0m
[gsl_actionserver_node-3] [INFO] [1788883890.017209452] [GSL]: [DEBUG-WIND] useGroundTruth=false gmrf_req_size=631 gaden_req_size=-1
[gsl_actionserver_node-3] [INFO] [1788883890.017217353] [GSL]: [DEBUG-WIND] Taking GMRF path
[gsl_actionserver_node-3] [INFO] [1788883890.064893421] [GSL - Trace]: [32mEntering StopAndMeasure[0m
[gmrf_wind_mapping_node-2] --> MAP did not converge after 1 iterations.
[gmrf_wind_mapping_node-2] [GMRF] MAP Mean value estimated in 9.7598 milliseconds
[gmrf_wind_mapping_node-2] --> MAP did not converge after 1 iterations.
[gmrf_wind_mapping_node-2] [GMRF] MAP Mean value estimated in 9.7561 milliseconds
[gmrf_wind_mapping_node-2] --> MAP did not converge after 1 iterations.
[gmrf_wind_mapping_node-2] [GMRF] MAP Mean value estimated in 9.78641 milliseconds
[gmrf_wind_mapping_node-2] --> MAP did not converge after 1 iterations.
[gmrf_wind_mapping_node-2] [GMRF] MAP Mean value estimated in 9.77778 milliseconds
[gmrf_wind_mapping_node-2] --> MAP did not converge after 1 iterations.
[gmrf_wind_mapping_node-2] [GMRF] MAP Mean value estimated in 9.78846 milliseconds
[gmrf_wind_mapping_node-2] --> MAP did not converge after 1 iterations.
[gmrf_wind_mapping_node-2] [GMRF] MAP Mean value estimated in 9.77512 milliseconds
[gmrf_wind_mapping_node-2] --> MAP did not converge after 1 iterations.
[gmrf_wind_mapping_node-2] [GMRF] MAP Mean value estimated in 9.7619 milliseconds
[gmrf_wind_mapping_node-2] --> MAP did not converge after 1 iterations.
[gmrf_wind_mapping_node-2] [GMRF] MAP Mean value estimated in 9.74882 milliseconds
[gmrf_wind_mapping_node-2] --> MAP did not converge after 1 iterations.
[gmrf_wind_mapping_node-2] [GMRF] MAP Mean value estimated in 9.75 milliseconds
[gmrf_wind_mapping_node-2] --> MAP did not converge after 1 iterations.
[gmrf_wind_mapping_node-2] [GMRF] MAP Mean value estimated in 9.73709 milliseconds
[gmrf_wind_mapping_node-2] --> MAP did not converge after 1 iterations.
[gmrf_wind_mapping_node-2] [GMRF] MAP Mean value estimated in 9.72897 milliseconds
[gmrf_wind_mapping_node-2] --> MAP did not converge after 1 iterations.
[gmrf_wind_mapping_node-2] [GMRF] MAP Mean value estimated in 9.72093 milliseconds
[gmrf_wind_mapping_node-2] --> MAP did not converge after 1 iterations.
[gmrf_wind_mapping_node-2] [GMRF] MAP Mean value estimated in 9.70833 milliseconds
[gmrf_wind_mapping_node-2] --> MAP did not converge after 1 iterations.
[gmrf_wind_mapping_node-2] [GMRF] MAP Mean value estimated in 9.69585 milliseconds
[gmrf_wind_mapping_node-2] --> MAP did not converge after 1 iterations.
[gmrf_wind_mapping_node-2] [GMRF] MAP Mean value estimated in 9.70183 milliseconds
[gmrf_wind_mapping_node-2] --> MAP did not converge after 1 iterations.
[gmrf_wind_mapping_node-2] [GMRF] MAP Mean value estimated in 9.68493 milliseconds
[gmrf_wind_mapping_node-2] --> MAP did not converge after 1 iterations.
[gmrf_wind_mapping_node-2] [GMRF] MAP Mean value estimated in 9.69091 milliseconds
[gmrf_wind_mapping_node-2] --> MAP did not converge after 1 iterations.
[gmrf_wind_mapping_node-2] [GMRF] MAP Mean value estimated in 9.68326 milliseconds
[gmrf_wind_mapping_node-2] --> MAP did not converge after 1 iterations.
[gmrf_wind_mapping_node-2] [GMRF] MAP Mean value estimated in 9.6982 milliseconds
[gsl_actionserver_node-3] [INFO] [1788883891.966371219] [GSL]: 10 gas measurements, 10 wind measurements over 1.90 seconds
[gsl_actionserver_node-3] [INFO] [1788883891.966673960] [GSL]: avg_gas=0.42;  avg_windSpeed=0.022;  avg_wind_dir=-3
[gsl_actionserver_node-3] [INFO] [1788883891.967253871] [GSL]: [33mGAS HIT[0m
[gsl_actionserver_node-3] [INFO] [1788883891.967263422] [GSL]: [DEBUG-WIND] useGroundTruth=false gmrf_req_size=631 gaden_req_size=-1
[gsl_actionserver_node-3] [INFO] [1788883891.967270027] [GSL]: [DEBUG-WIND] Taking GMRF path
[gmrf_wind_mapping_node-2] --> MAP did not converge after 1 iterations.
[gmrf_wind_mapping_node-2] [GMRF] MAP Mean value estimated in 9.6861 milliseconds
[gsl_actionserver_node-3] [INFO] [1788883892.064202949] [GSL - Trace]: [32mEntering StopAndMeasure[0m
[gmrf_wind_mapping_node-2] --> MAP did not converge after 1 iterations.
[gmrf_wind_mapping_node-2] [GMRF] MAP Mean value estimated in 9.67411 milliseconds
[gmrf_wind_mapping_node-2] --> MAP did not converge after 1 iterations.
[gmrf_wind_mapping_node-2] [GMRF] MAP Mean value estimated in 9.66667 milliseconds
[gmrf_wind_mapping_node-2] --> MAP did not converge after 1 iterations.
[gmrf_wind_mapping_node-2] [GMRF] MAP Mean value estimated in 9.65929 milliseconds
[gmrf_wind_mapping_node-2] --> MAP did not converge after 1 iterations.
[gmrf_wind_mapping_node-2] [GMRF] MAP Mean value estimated in 9.6652 milliseconds
[gmrf_wind_mapping_node-2] --> MAP did not converge after 1 iterations.
[gmrf_wind_mapping_node-2] [GMRF] MAP Mean value estimated in 9.67544 milliseconds
[gmrf_wind_mapping_node-2] --> MAP did not converge after 1 iterations.
[gmrf_wind_mapping_node-2] [GMRF] MAP Mean value estimated in 9.66812 milliseconds
[gmrf_wind_mapping_node-2] --> MAP did not converge after 1 iterations.
[gmrf_wind_mapping_node-2] [GMRF] MAP Mean value estimated in 9.67391 milliseconds
[gmrf_wind_mapping_node-2] --> MAP did not converge after 1 iterations.
[gmrf_wind_mapping_node-2] [GMRF] MAP Mean value estimated in 9.68831 milliseconds
[gmrf_wind_mapping_node-2] --> MAP did not converge after 1 iterations.
[gmrf_wind_mapping_node-2] [GMRF] MAP Mean value estimated in 9.70259 milliseconds
[gmrf_wind_mapping_node-2] --> MAP did not converge after 1 iterations.
[gmrf_wind_mapping_node-2] [GMRF] MAP Mean value estimated in 9.69099 milliseconds
[gmrf_wind_mapping_node-2] --> MAP did not converge after 1 iterations.
[gmrf_wind_mapping_node-2] [GMRF] MAP Mean value estimated in 9.70513 milliseconds
[gmrf_wind_mapping_node-2] --> MAP did not converge after 1 iterations.
[gmrf_wind_mapping_node-2] [GMRF] MAP Mean value estimated in 9.70213 milliseconds
[gmrf_wind_mapping_node-2] --> MAP did not converge after 1 iterations.
[gmrf_wind_mapping_node-2] [GMRF] MAP Mean value estimated in 9.70339 milliseconds
[gmrf_wind_mapping_node-2] --> MAP did not converge after 1 iterations.
[gmrf_wind_mapping_node-2] [GMRF] MAP Mean value estimated in 9.70042 milliseconds
[gmrf_wind_mapping_node-2] --> MAP did not converge after 1 iterations.
[gmrf_wind_mapping_node-2] [GMRF] MAP Mean value estimated in 9.68908 milliseconds
[gmrf_wind_mapping_node-2] --> MAP did not converge after 1 iterations.
[gmrf_wind_mapping_node-2] [GMRF] MAP Mean value estimated in 9.69456 milliseconds
[gmrf_wind_mapping_node-2] --> MAP did not converge after 1 iterations.
[gmrf_wind_mapping_node-2] [GMRF] MAP Mean value estimated in 9.7 milliseconds
[gmrf_wind_mapping_node-2] --> MAP did not converge after 1 iterations.
[gmrf_wind_mapping_node-2] [GMRF] MAP Mean value estimated in 9.6971 milliseconds
[gmrf_wind_mapping_node-2] --> MAP did not converge after 1 iterations.
[gmrf_wind_mapping_node-2] [GMRF] MAP Mean value estimated in 9.69008 milliseconds
[gmrf_wind_mapping_node-2] --> MAP did not converge after 1 iterations.
[gmrf_wind_mapping_node-2] [GMRF] MAP Mean value estimated in 9.68724 milliseconds
[gsl_actionserver_node-3] [INFO] [1788883894.016272385] [GSL]: 10 gas measurements, 10 wind measurements over 1.95 seconds
[gsl_actionserver_node-3] [INFO] [1788883894.016332925] [GSL]: avg_gas=0.45;  avg_windSpeed=0.022;  avg_wind_dir=-3
[gsl_actionserver_node-3] [INFO] [1788883894.016952130] [GSL]: [33mGAS HIT[0m
[gsl_actionserver_node-3] [INFO] [1788883894.016963959] [GSL]: [DEBUG-WIND] useGroundTruth=false gmrf_req_size=631 gaden_req_size=-1
[gsl_actionserver_node-3] [INFO] [1788883894.016970751] [GSL]: [DEBUG-WIND] Taking GMRF path
[gsl_actionserver_node-3] [INFO] [1788883894.064540729] [GSL - Trace]: [32mEntering StopAndMeasure[0m
[gmrf_wind_mapping_node-2] --> MAP did not converge after 1 iterations.
[gmrf_wind_mapping_node-2] [GMRF] MAP Mean value estimated in 9.68443 milliseconds
[gmrf_wind_mapping_node-2] --> MAP did not converge after 1 iterations.
[gmrf_wind_mapping_node-2] [GMRF] MAP Mean value estimated in 9.67347 milliseconds
[gmrf_wind_mapping_node-2] --> MAP did not converge after 1 iterations.
[gmrf_wind_mapping_node-2] [GMRF] MAP Mean value estimated in 9.6626 milliseconds
[gmrf_wind_mapping_node-2] --> MAP did not converge after 1 iterations.
[gmrf_wind_mapping_node-2] [GMRF] MAP Mean value estimated in 9.65182 milliseconds
[gmrf_wind_mapping_node-2] --> MAP did not converge after 1 iterations.
[gmrf_wind_mapping_node-2] [GMRF] MAP Mean value estimated in 9.64113 milliseconds
[gmrf_wind_mapping_node-2] --> MAP did not converge after 1 iterations.
[gmrf_wind_mapping_node-2] [GMRF] MAP Mean value estimated in 9.63052 milliseconds
[gmrf_wind_mapping_node-2] --> MAP did not converge after 1 iterations.
[gmrf_wind_mapping_node-2] [GMRF] MAP Mean value estimated in 9.656 milliseconds
[gmrf_wind_mapping_node-2] --> MAP did not converge after 1 iterations.
[gmrf_wind_mapping_node-2] [GMRF] MAP Mean value estimated in 9.6494 milliseconds
[gmrf_wind_mapping_node-2] --> MAP did not converge after 1 iterations.
[gmrf_wind_mapping_node-2] [GMRF] MAP Mean value estimated in 9.64286 milliseconds
[gmrf_wind_mapping_node-2] --> MAP did not converge after 1 iterations.
[gmrf_wind_mapping_node-2] [GMRF] MAP Mean value estimated in 9.64427 milliseconds
[gmrf_wind_mapping_node-2] --> MAP did not converge after 1 iterations.
[gmrf_wind_mapping_node-2] [GMRF] MAP Mean value estimated in 9.63386 milliseconds
[gmrf_wind_mapping_node-2] --> MAP did not converge after 1 iterations.
[gmrf_wind_mapping_node-2] [GMRF] MAP Mean value estimated in 9.62353 milliseconds
[gmrf_wind_mapping_node-2] --> MAP did not converge after 1 iterations.
[gmrf_wind_mapping_node-2] [GMRF] MAP Mean value estimated in 9.60938 milliseconds
[gmrf_wind_mapping_node-2] --> MAP did not converge after 1 iterations.
[gmrf_wind_mapping_node-2] [GMRF] MAP Mean value estimated in 9.59922 milliseconds
[gmrf_wind_mapping_node-2] --> MAP did not converge after 1 iterations.
[gmrf_wind_mapping_node-2] [GMRF] MAP Mean value estimated in 9.58915 milliseconds
[gmrf_wind_mapping_node-2] --> MAP did not converge after 1 iterations.
[gmrf_wind_mapping_node-2] [GMRF] MAP Mean value estimated in 9.57915 milliseconds
[gmrf_wind_mapping_node-2] --> MAP did not converge after 1 iterations.
[gmrf_wind_mapping_node-2] [GMRF] MAP Mean value estimated in 9.56923 milliseconds
[gmrf_wind_mapping_node-2] --> MAP did not converge after 1 iterations.
[gmrf_wind_mapping_node-2] [GMRF] MAP Mean value estimated in 9.55556 milliseconds
[gmrf_wind_mapping_node-2] --> MAP did not converge after 1 iterations.
[gmrf_wind_mapping_node-2] [GMRF] MAP Mean value estimated in 9.5458 milliseconds
[gsl_actionserver_node-3] [INFO] [1788883895.966322099] [GSL]: 10 gas measurements, 10 wind measurements over 1.90 seconds
[gsl_actionserver_node-3] [INFO] [1788883895.966380242] [GSL]: avg_gas=0.48;  avg_windSpeed=0.022;  avg_wind_dir=-3
[gsl_actionserver_node-3] [INFO] [1788883895.967391940] [GSL]: [33mGAS HIT[0m
[gsl_actionserver_node-3] [INFO] [1788883895.967419737] [GSL]: [DEBUG-WIND] useGroundTruth=false gmrf_req_size=631 gaden_req_size=-1
[gsl_actionserver_node-3] [INFO] [1788883895.967427183] [GSL]: [DEBUG-WIND] Taking GMRF path
[gmrf_wind_mapping_node-2] --> MAP did not converge after 1 iterations.
[gmrf_wind_mapping_node-2] [GMRF] MAP Mean value estimated in 9.53612 milliseconds
[gsl_actionserver_node-3] [INFO] [1788883896.064119350] [GSL - Trace]: [32mEntering StopAndMeasure[0m
[gmrf_wind_mapping_node-2] --> MAP did not converge after 1 iterations.
[gmrf_wind_mapping_node-2] [GMRF] MAP Mean value estimated in 9.52652 milliseconds
[gmrf_wind_mapping_node-2] --> MAP did not converge after 1 iterations.
[gmrf_wind_mapping_node-2] [GMRF] MAP Mean value estimated in 9.52453 milliseconds
[gmrf_wind_mapping_node-2] --> MAP did not converge after 1 iterations.
[gmrf_wind_mapping_node-2] [GMRF] MAP Mean value estimated in 9.54887 milliseconds
[gmrf_wind_mapping_node-2] --> MAP did not converge after 1 iterations.
[gmrf_wind_mapping_node-2] [GMRF] MAP Mean value estimated in 9.54307 milliseconds
[gmrf_wind_mapping_node-2] --> MAP did not converge after 1 iterations.
[gmrf_wind_mapping_node-2] [GMRF] MAP Mean value estimated in 9.5709 milliseconds
[gmrf_wind_mapping_node-2] --> MAP did not converge after 1 iterations.
[gmrf_wind_mapping_node-2] [GMRF] MAP Mean value estimated in 9.57993 milliseconds
[gmrf_wind_mapping_node-2] --> MAP did not converge after 1 iterations.
[gmrf_wind_mapping_node-2] [GMRF] MAP Mean value estimated in 9.6037 milliseconds
[gmrf_wind_mapping_node-2] --> MAP did not converge after 1 iterations.
[gmrf_wind_mapping_node-2] [GMRF] MAP Mean value estimated in 9.60886 milliseconds
[gmrf_wind_mapping_node-2] --> MAP did not converge after 1 iterations.
[gmrf_wind_mapping_node-2] [GMRF] MAP Mean value estimated in 9.62132 milliseconds
[gmrf_wind_mapping_node-2] --> MAP did not converge after 1 iterations.
[gmrf_wind_mapping_node-2] [GMRF] MAP Mean value estimated in 9.61172 milliseconds
[gmrf_wind_mapping_node-2] --> MAP did not converge after 1 iterations.
[gmrf_wind_mapping_node-2] [GMRF] MAP Mean value estimated in 9.63139 milliseconds
[gmrf_wind_mapping_node-2] --> MAP did not converge after 1 iterations.
[gmrf_wind_mapping_node-2] [GMRF] MAP Mean value estimated in 9.62545 milliseconds
[gmrf_wind_mapping_node-2] --> MAP did not converge after 1 iterations.
[gmrf_wind_mapping_node-2] [GMRF] MAP Mean value estimated in 9.61594 milliseconds
[gmrf_wind_mapping_node-2] --> MAP did not converge after 1 iterations.
[gmrf_wind_mapping_node-2] [GMRF] MAP Mean value estimated in 9.6065 milliseconds
[gmrf_wind_mapping_node-2] --> MAP did not converge after 1 iterations.
[gmrf_wind_mapping_node-2] [GMRF] MAP Mean value estimated in 9.60791 milliseconds
[gmrf_wind_mapping_node-2] --> MAP did not converge after 1 iterations.
[gmrf_wind_mapping_node-2] [GMRF] MAP Mean value estimated in 9.60573 milliseconds
[gmrf_wind_mapping_node-2] --> MAP did not converge after 1 iterations.
[gmrf_wind_mapping_node-2] [GMRF] MAP Mean value estimated in 9.59643 milliseconds
[gmrf_wind_mapping_node-2] --> MAP did not converge after 1 iterations.
[gmrf_wind_mapping_node-2] [GMRF] MAP Mean value estimated in 9.59075 milliseconds
[gmrf_wind_mapping_node-2] --> MAP did not converge after 1 iterations.
[gmrf_wind_mapping_node-2] [GMRF] MAP Mean value estimated in 9.58156 milliseconds
[gmrf_wind_mapping_node-2] --> MAP did not converge after 1 iterations.
[gmrf_wind_mapping_node-2] [GMRF] MAP Mean value estimated in 9.57597 milliseconds
[gsl_actionserver_node-3] [INFO] [1788883898.016355435] [GSL]: 10 gas measurements, 10 wind measurements over 1.95 seconds
[gsl_actionserver_node-3] [INFO] [1788883898.016414638] [GSL]: avg_gas=0.47;  avg_windSpeed=0.022;  avg_wind_dir=-3
[gsl_actionserver_node-3] [INFO] [1788883898.017047849] [GSL]: [33mGAS HIT[0m
[gsl_actionserver_node-3] [INFO] [1788883898.017059134] [GSL]: [DEBUG-WIND] useGroundTruth=false gmrf_req_size=631 gaden_req_size=-1
[gsl_actionserver_node-3] [INFO] [1788883898.017066275] [GSL]: [DEBUG-WIND] Taking GMRF path
[gsl_actionserver_node-3] [INFO] [1788883898.068914363] [GSL]: Max mutual info: 6.447
[gsl_actionserver_node-3] [WARN] [1788883898.069219331] [rcl.logging_rosout]: Publisher already registered for provided node name. If this is due to multiple nodes with the same name then all logs for that logger name will go out over the existing publisher. As soon as any node with that name is destructed it will unregister the publisher, preventing any further logs for that name from being published on the rosout topic.
[gsl_actionserver_node-3] [INFO] [1788883898.084051281] [GSL]: MutualInformation - Ellapsed: 0.019s
[gmrf_wind_mapping_node-2] --> MAP did not converge after 1 iterations.
[gmrf_wind_mapping_node-2] [GMRF] MAP Mean value estimated in 9.6162 milliseconds
[vgr_sim_node-1] [WARN] [1788883898.093346836] [vgr_uav_sim]: PLAN_CB: called with goal=(-1.64,-2.50)
[vgr_sim_node-1] [WARN] [1788883898.097054498] [vgr_uav_sim]: PLAN_CB: returning 6 poses
[vgr_sim_node-1] [WARN] [1788883898.104377627] [vgr_uav_sim]: PLAN_CB: called with goal=(-1.64,-2.50)
[vgr_sim_node-1] [WARN] [1788883898.105614209] [vgr_uav_sim]: PLAN_CB: returning 6 poses
[gsl_actionserver_node-3] [INFO] [1788883898.115059161] [GSL]: Sending goal (-1.64, -2.50)
[gsl_actionserver_node-3] [INFO] [1788883898.115598776] [GSL]: Variance: 14.35
[gsl_actionserver_node-3] [INFO] [1788883898.115622267] [GSL - Trace]: [32mEntering Moving[0m
[vgr_sim_node-1] [INFO] [1788883898.148464094] [vgr_uav_sim]: Prepared 6 collision-free navigation waypoints to (-1.64, -2.50)
[vgr_sim_node-1] [INFO] [1788883898.149471249] [vgr_uav_sim]: UAV navigating in audited 2-D mode to (-1.64, -2.50, 0.30)
[gmrf_wind_mapping_node-2] --> MAP did not converge after 1 iterations.
[gmrf_wind_mapping_node-2] [GMRF] MAP Mean value estimated in 9.60702 milliseconds
[gmrf_wind_mapping_node-2] --> MAP did not converge after 1 iterations.
[gmrf_wind_mapping_node-2] [GMRF] MAP Mean value estimated in 9.62238 milliseconds
[gmrf_wind_mapping_node-2] --> MAP did not converge after 1 iterations.
[gmrf_wind_mapping_node-2] [GMRF] MAP Mean value estimated in 9.62021 milliseconds
[gmrf_wind_mapping_node-2] --> MAP did not converge after 1 iterations.
[gmrf_wind_mapping_node-2] [GMRF] MAP Mean value estimated in 9.63194 milliseconds
[gmrf_wind_mapping_node-2] --> MAP did not converge after 1 iterations.
[gmrf_wind_mapping_node-2] [GMRF] MAP Mean value estimated in 9.62284 milliseconds
[gmrf_wind_mapping_node-2] --> MAP did not converge after 1 iterations.
[gmrf_wind_mapping_node-2] [GMRF] MAP Mean value estimated in 9.63793 milliseconds
[gmrf_wind_mapping_node-2] --> MAP did not converge after 1 iterations.
[gmrf_wind_mapping_node-2] [GMRF] MAP Mean value estimated in 9.62887 milliseconds
[gmrf_wind_mapping_node-2] --> MAP did not converge after 1 iterations.
[gmrf_wind_mapping_node-2] [GMRF] MAP Mean value estimated in 9.62329 milliseconds
[gmrf_wind_mapping_node-2] --> MAP did not converge after 1 iterations.
[gmrf_wind_mapping_node-2] [GMRF] MAP Mean value estimated in 9.61433 milliseconds
[gmrf_wind_mapping_node-2] --> MAP did not converge after 1 iterations.
[gmrf_wind_mapping_node-2] [GMRF] MAP Mean value estimated in 9.63605 milliseconds
[gmrf_wind_mapping_node-2] --> MAP did not converge after 1 iterations.
[gmrf_wind_mapping_node-2] [GMRF] MAP Mean value estimated in 9.62712 milliseconds
[gsl_actionserver_node-3] [INFO] [1788883899.196630789] [GSL - Trace]: [32mEntering StopAndMeasure[0m
[gmrf_wind_mapping_node-2] --> MAP did not converge after 1 iterations.
[gmrf_wind_mapping_node-2] [GMRF] MAP Mean value estimated in 9.625 milliseconds
[gmrf_wind_mapping_node-2] --> MAP did not converge after 1 iterations.
[gmrf_wind_mapping_node-2] [GMRF] MAP Mean value estimated in 9.61616 milliseconds
[gmrf_wind_mapping_node-2] --> MAP did not converge after 1 iterations.
[gmrf_wind_mapping_node-2] [GMRF] MAP Mean value estimated in 9.61409 milliseconds
[gmrf_wind_mapping_node-2] --> MAP did not converge after 1 iterations.
[gmrf_wind_mapping_node-2] [GMRF] MAP Mean value estimated in 9.60535 milliseconds
[gmrf_wind_mapping_node-2] --> MAP did not converge after 1 iterations.
[gmrf_wind_mapping_node-2] [GMRF] MAP Mean value estimated in 9.62 milliseconds
[gmrf_wind_mapping_node-2] --> MAP did not converge after 1 iterations.
[gmrf_wind_mapping_node-2] [GMRF] MAP Mean value estimated in 9.61462 milliseconds
[gmrf_wind_mapping_node-2] --> MAP did not converge after 1 iterations.
[gmrf_wind_mapping_node-2] [GMRF] MAP Mean value estimated in 9.61921 milliseconds
[gmrf_wind_mapping_node-2] --> MAP did not converge after 1 iterations.
[gmrf_wind_mapping_node-2] [GMRF] MAP Mean value estimated in 9.62376 milliseconds
[gmrf_wind_mapping_node-2] --> MAP did not converge after 1 iterations.
[gmrf_wind_mapping_node-2] [GMRF] MAP Mean value estimated in 9.61513 milliseconds
[gmrf_wind_mapping_node-2] --> MAP did not converge after 1 iterations.
[gmrf_wind_mapping_node-2] [GMRF] MAP Mean value estimated in 9.60984 milliseconds
[gmrf_wind_mapping_node-2] --> MAP did not converge after 1 iterations.
[gmrf_wind_mapping_node-2] [GMRF] MAP Mean value estimated in 9.62092 milliseconds
[gmrf_wind_mapping_node-2] --> MAP did not converge after 1 iterations.
[gmrf_wind_mapping_node-2] [GMRF] MAP Mean value estimated in 9.61238 milliseconds
[gmrf_wind_mapping_node-2] --> MAP did not converge after 1 iterations.
[gmrf_wind_mapping_node-2] [GMRF] MAP Mean value estimated in 9.63312 milliseconds
[gmrf_wind_mapping_node-2] --> MAP did not converge after 1 iterations.
[gmrf_wind_mapping_node-2] [GMRF] MAP Mean value estimated in 9.62783 milliseconds
[gmrf_wind_mapping_node-2] --> MAP did not converge after 1 iterations.
[gmrf_wind_mapping_node-2] [GMRF] MAP Mean value estimated in 9.64194 milliseconds
[gmrf_wind_mapping_node-2] --> MAP did not converge after 1 iterations.
[gmrf_wind_mapping_node-2] [GMRF] MAP Mean value estimated in 9.64309 milliseconds
[gmrf_wind_mapping_node-2] --> MAP did not converge after 1 iterations.
[gmrf_wind_mapping_node-2] [GMRF] MAP Mean value estimated in 9.65385 milliseconds
[gmrf_wind_mapping_node-2] --> MAP did not converge after 1 iterations.
[gmrf_wind_mapping_node-2] [GMRF] MAP Mean value estimated in 9.64537 milliseconds
[gmrf_wind_mapping_node-2] --> MAP did not converge after 1 iterations.
[gmrf_wind_mapping_node-2] [GMRF] MAP Mean value estimated in 9.65287 milliseconds
[gmrf_wind_mapping_node-2] --> MAP did not converge after 1 iterations.
[gmrf_wind_mapping_node-2] [GMRF] MAP Mean value estimated in 9.65397 milliseconds
[gsl_actionserver_node-3] [INFO] [1788883901.216749564] [GSL]: 10 gas measurements, 10 wind measurements over 2.02 seconds
[gsl_actionserver_node-3] [INFO] [1788883901.216875482] [GSL]: avg_gas=0.68;  avg_windSpeed=0.16;  avg_wind_dir=-1.5
[gsl_actionserver_node-3] [INFO] [1788883901.217756734] [GSL]: [33mGAS HIT[0m
[gsl_actionserver_node-3] [INFO] [1788883901.217775064] [GSL]: [DEBUG-WIND] useGroundTruth=false gmrf_req_size=631 gaden_req_size=-1
[gsl_actionserver_node-3] [INFO] [1788883901.217788064] [GSL]: [DEBUG-WIND] Taking GMRF path
[gsl_actionserver_node-3] [INFO] [1788883901.264877888] [GSL - Trace]: [32mEntering StopAndMeasure[0m
[gmrf_wind_mapping_node-2] --> MAP did not converge after 1 iterations.
[gmrf_wind_mapping_node-2] [GMRF] MAP Mean value estimated in 9.67089 milliseconds
[gmrf_wind_mapping_node-2] --> MAP did not converge after 1 iterations.
[gmrf_wind_mapping_node-2] [GMRF] MAP Mean value estimated in 9.66877 milliseconds
[gmrf_wind_mapping_node-2] --> MAP did not converge after 1 iterations.
[gmrf_wind_mapping_node-2] [GMRF] MAP Mean value estimated in 9.68239 milliseconds
[gmrf_wind_mapping_node-2] --> MAP did not converge after 1 iterations.
[gmrf_wind_mapping_node-2] [GMRF] MAP Mean value estimated in 9.67398 milliseconds
[gmrf_wind_mapping_node-2] --> MAP did not converge after 1 iterations.
[gmrf_wind_mapping_node-2] [GMRF] MAP Mean value estimated in 9.66563 milliseconds
[gmrf_wind_mapping_node-2] --> MAP did not converge after 1 iterations.
[gmrf_wind_mapping_node-2] [GMRF] MAP Mean value estimated in 9.6729 milliseconds
[gmrf_wind_mapping_node-2] --> MAP did not converge after 1 iterations.
[gmrf_wind_mapping_node-2] [GMRF] MAP Mean value estimated in 9.68012 milliseconds
[gmrf_wind_mapping_node-2] --> MAP did not converge after 1 iterations.
[gmrf_wind_mapping_node-2] [GMRF] MAP Mean value estimated in 9.67183 milliseconds
[gmrf_wind_mapping_node-2] --> MAP did not converge after 1 iterations.
[gmrf_wind_mapping_node-2] [GMRF] MAP Mean value estimated in 9.66667 milliseconds
[gmrf_wind_mapping_node-2] --> MAP did not converge after 1 iterations.
[gmrf_wind_mapping_node-2] [GMRF] MAP Mean value estimated in 9.65846 milliseconds
[gmrf_wind_mapping_node-2] --> MAP did not converge after 1 iterations.
[gmrf_wind_mapping_node-2] [GMRF] MAP Mean value estimated in 9.65337 milliseconds
[gmrf_wind_mapping_node-2] --> MAP did not converge after 1 iterations.
[gmrf_wind_mapping_node-2] [GMRF] MAP Mean value estimated in 9.66055 milliseconds
[gmrf_wind_mapping_node-2] --> MAP did not converge after 1 iterations.
[gmrf_wind_mapping_node-2] [GMRF] MAP Mean value estimated in 9.66768 milliseconds
[gmrf_wind_mapping_node-2] --> MAP did not converge after 1 iterations.
[gmrf_wind_mapping_node-2] [GMRF] MAP Mean value estimated in 9.65957 milliseconds
[gmrf_wind_mapping_node-2] --> MAP did not converge after 1 iterations.
[gmrf_wind_mapping_node-2] [GMRF] MAP Mean value estimated in 9.6697 milliseconds
[gmrf_wind_mapping_node-2] --> MAP did not converge after 1 iterations.
[gmrf_wind_mapping_node-2] [GMRF] MAP Mean value estimated in 9.66767 milliseconds
[gmrf_wind_mapping_node-2] --> MAP did not converge after 1 iterations.
[gmrf_wind_mapping_node-2] [GMRF] MAP Mean value estimated in 9.65964 milliseconds
[gmrf_wind_mapping_node-2] --> MAP did not converge after 1 iterations.
[gmrf_wind_mapping_node-2] [GMRF] MAP Mean value estimated in 9.66667 milliseconds
[gmrf_wind_mapping_node-2] --> MAP did not converge after 1 iterations.
[gmrf_wind_mapping_node-2] [GMRF] MAP Mean value estimated in 9.67964 milliseconds
[gsl_actionserver_node-3] [INFO] [1788883903.166556884] [GSL]: 10 gas measurements, 10 wind measurements over 1.90 seconds
[gsl_actionserver_node-3] [INFO] [1788883903.166632973] [GSL]: avg_gas=0.72;  avg_windSpeed=0.12;  avg_wind_dir=-1.4
[gsl_actionserver_node-3] [INFO] [1788883903.167221829] [GSL]: [33mGAS HIT[0m
[gsl_actionserver_node-3] [INFO] [1788883903.167250412] [GSL]: [DEBUG-WIND] useGroundTruth=false gmrf_req_size=631 gaden_req_size=-1
[gsl_actionserver_node-3] [INFO] [1788883903.167257862] [GSL]: [DEBUG-WIND] Taking GMRF path
[gmrf_wind_mapping_node-2] --> MAP did not converge after 1 iterations.
[gmrf_wind_mapping_node-2] [GMRF] MAP Mean value estimated in 9.67164 milliseconds
[gsl_actionserver_node-3] [INFO] [1788883903.264947579] [GSL - Trace]: [32mEntering StopAndMeasure[0m
[gmrf_wind_mapping_node-2] --> MAP did not converge after 1 iterations.
[gmrf_wind_mapping_node-2] [GMRF] MAP Mean value estimated in 9.68155 milliseconds
[gmrf_wind_mapping_node-2] --> MAP did not converge after 1 iterations.
[gmrf_wind_mapping_node-2] [GMRF] MAP Mean value estimated in 9.67656 milliseconds
[gmrf_wind_mapping_node-2] --> MAP did not converge after 1 iterations.
[gmrf_wind_mapping_node-2] [GMRF] MAP Mean value estimated in 9.68935 milliseconds
[gmrf_wind_mapping_node-2] --> MAP did not converge after 1 iterations.
[gmrf_wind_mapping_node-2] [GMRF] MAP Mean value estimated in 9.68437 milliseconds
[gmrf_wind_mapping_node-2] --> MAP did not converge after 1 iterations.
[gmrf_wind_mapping_node-2] [GMRF] MAP Mean value estimated in 9.69706 milliseconds
[gmrf_wind_mapping_node-2] --> MAP did not converge after 1 iterations.
[gmrf_wind_mapping_node-2] [GMRF] MAP Mean value estimated in 9.69501 milliseconds
[gmrf_wind_mapping_node-2] --> MAP did not converge after 1 iterations.
[gmrf_wind_mapping_node-2] [GMRF] MAP Mean value estimated in 9.70175 milliseconds
[gmrf_wind_mapping_node-2] --> MAP did not converge after 1 iterations.
[gmrf_wind_mapping_node-2] [GMRF] MAP Mean value estimated in 9.70262 milliseconds
[gmrf_wind_mapping_node-2] --> MAP did not converge after 1 iterations.
[gmrf_wind_mapping_node-2] [GMRF] MAP Mean value estimated in 9.69477 milliseconds
[gmrf_wind_mapping_node-2] --> MAP did not converge after 1 iterations.
[gmrf_wind_mapping_node-2] [GMRF] MAP Mean value estimated in 9.68696 milliseconds
[gmrf_wind_mapping_node-2] --> MAP did not converge after 1 iterations.
[gmrf_wind_mapping_node-2] [GMRF] MAP Mean value estimated in 9.70809 milliseconds
[gmrf_wind_mapping_node-2] --> MAP did not converge after 1 iterations.
[gmrf_wind_mapping_node-2] [GMRF] MAP Mean value estimated in 9.70317 milliseconds
[gmrf_wind_mapping_node-2] --> MAP did not converge after 1 iterations.
[gmrf_wind_mapping_node-2] [GMRF] MAP Mean value estimated in 9.6954 milliseconds
[gmrf_wind_mapping_node-2] --> MAP did not converge after 1 iterations.
[gmrf_wind_mapping_node-2] [GMRF] MAP Mean value estimated in 9.69914 milliseconds
[gmrf_wind_mapping_node-2] --> MAP did not converge after 1 iterations.
[gmrf_wind_mapping_node-2] [GMRF] MAP Mean value estimated in 9.71143 milliseconds
[gmrf_wind_mapping_node-2] --> MAP did not converge after 1 iterations.
[gmrf_wind_mapping_node-2] [GMRF] MAP Mean value estimated in 9.71225 milliseconds
[gmrf_wind_mapping_node-2] --> MAP did not converge after 1 iterations.
[gmrf_wind_mapping_node-2] [GMRF] MAP Mean value estimated in 9.72159 milliseconds
[gmrf_wind_mapping_node-2] --> MAP did not converge after 1 iterations.
[gmrf_wind_mapping_node-2] [GMRF] MAP Mean value estimated in 9.72805 milliseconds
[gmrf_wind_mapping_node-2] --> MAP did not converge after 1 iterations.
[gmrf_wind_mapping_node-2] [GMRF] MAP Mean value estimated in 9.72034 milliseconds
[gsl_actionserver_node-3] [INFO] [1788883905.166536583] [GSL]: 10 gas measurements, 10 wind measurements over 1.90 seconds
[gsl_actionserver_node-3] [INFO] [1788883905.166602952] [GSL]: avg_gas=0.75;  avg_windSpeed=0.16;  avg_wind_dir=-1.5
[gsl_actionserver_node-3] [INFO] [1788883905.167162707] [GSL]: [33mGAS HIT[0m
[gsl_actionserver_node-3] [INFO] [1788883905.167173140] [GSL]: [DEBUG-WIND] useGroundTruth=false gmrf_req_size=631 gaden_req_size=-1
[gsl_actionserver_node-3] [INFO] [1788883905.167180404] [GSL]: [DEBUG-WIND] Taking GMRF path
[gmrf_wind_mapping_node-2] --> MAP did not converge after 1 iterations.
[gmrf_wind_mapping_node-2] [GMRF] MAP Mean value estimated in 9.71268 milliseconds
[gsl_actionserver_node-3] [INFO] [1788883905.264068173] [GSL - Trace]: [32mEntering StopAndMeasure[0m
[gmrf_wind_mapping_node-2] --> MAP did not converge after 1 iterations.
[gmrf_wind_mapping_node-2] [GMRF] MAP Mean value estimated in 9.72191 milliseconds
[gmrf_wind_mapping_node-2] --> MAP did not converge after 1 iterations.
[gmrf_wind_mapping_node-2] [GMRF] MAP Mean value estimated in 9.72549 milliseconds
[gmrf_wind_mapping_node-2] --> MAP did not converge after 1 iterations.
[gmrf_wind_mapping_node-2] [GMRF] MAP Mean value estimated in 9.7486 milliseconds
[gmrf_wind_mapping_node-2] --> MAP did not converge after 1 iterations.
[gmrf_wind_mapping_node-2] [GMRF] MAP Mean value estimated in 9.74095 milliseconds
[gmrf_wind_mapping_node-2] --> MAP did not converge after 1 iterations.
[gmrf_wind_mapping_node-2] [GMRF] MAP Mean value estimated in 9.74444 milliseconds
[gmrf_wind_mapping_node-2] --> MAP did not converge after 1 iterations.
[gmrf_wind_mapping_node-2] [GMRF] MAP Mean value estimated in 9.74515 milliseconds
[gmrf_wind_mapping_node-2] --> MAP did not converge after 1 iterations.
[gmrf_wind_mapping_node-2] [GMRF] MAP Mean value estimated in 9.75414 milliseconds
[gmrf_wind_mapping_node-2] --> MAP did not converge after 1 iterations.
[gmrf_wind_mapping_node-2] [GMRF] MAP Mean value estimated in 9.76033 milliseconds
[gmrf_wind_mapping_node-2] --> MAP did not converge after 1 iterations.
[gmrf_wind_mapping_node-2] [GMRF] MAP Mean value estimated in 9.77747 milliseconds
[gmrf_wind_mapping_node-2] --> MAP did not converge after 1 iterations.
[gmrf_wind_mapping_node-2] [GMRF] MAP Mean value estimated in 9.76986 milliseconds
[gmrf_wind_mapping_node-2] --> MAP did not converge after 1 iterations.
[gmrf_wind_mapping_node-2] [GMRF] MAP Mean value estimated in 9.77869 milliseconds
[gmrf_wind_mapping_node-2] --> MAP did not converge after 1 iterations.
[gmrf_wind_mapping_node-2] [GMRF] MAP Mean value estimated in 9.77112 milliseconds
[gmrf_wind_mapping_node-2] --> MAP did not converge after 1 iterations.
[gmrf_wind_mapping_node-2] [GMRF] MAP Mean value estimated in 9.7663 milliseconds
[gmrf_wind_mapping_node-2] --> MAP did not converge after 1 iterations.
[gmrf_wind_mapping_node-2] [GMRF] MAP Mean value estimated in 9.76152 milliseconds
[gmrf_wind_mapping_node-2] --> MAP did not converge after 1 iterations.
[gmrf_wind_mapping_node-2] [GMRF] MAP Mean value estimated in 9.77568 milliseconds
[gmrf_wind_mapping_node-2] --> MAP did not converge after 1 iterations.
[gmrf_wind_mapping_node-2] [GMRF] MAP Mean value estimated in 9.77089 milliseconds
[gmrf_wind_mapping_node-2] --> MAP did not converge after 1 iterations.
[gmrf_wind_mapping_node-2] [GMRF] MAP Mean value estimated in 9.76613 milliseconds
[gmrf_wind_mapping_node-2] --> MAP did not converge after 1 iterations.
[gmrf_wind_mapping_node-2] [GMRF] MAP Mean value estimated in 9.76944 milliseconds
[gmrf_wind_mapping_node-2] --> MAP did not converge after 1 iterations.
[gmrf_wind_mapping_node-2] [GMRF] MAP Mean value estimated in 9.77005 milliseconds
[gmrf_wind_mapping_node-2] --> MAP did not converge after 1 iterations.
[gmrf_wind_mapping_node-2] [GMRF] MAP Mean value estimated in 9.76533 milliseconds
[gsl_actionserver_node-3] [INFO] [1788883907.216759797] [GSL]: 10 gas measurements, 10 wind measurements over 1.95 seconds
[gsl_actionserver_node-3] [INFO] [1788883907.217998772] [GSL]: avg_gas=0.76;  avg_windSpeed=0.12;  avg_wind_dir=-1.4
[gsl_actionserver_node-3] [INFO] [1788883907.219234921] [GSL]: [33mGAS HIT[0m
[gsl_actionserver_node-3] [INFO] [1788883907.219276472] [GSL]: [DEBUG-WIND] useGroundTruth=false gmrf_req_size=631 gaden_req_size=-1
[gsl_actionserver_node-3] [INFO] [1788883907.219288466] [GSL]: [DEBUG-WIND] Taking GMRF path
[gsl_actionserver_node-3] [INFO] [1788883907.264167710] [GSL - Trace]: [32mEntering StopAndMeasure[0m
[gmrf_wind_mapping_node-2] --> MAP did not converge after 1 iterations.
[gmrf_wind_mapping_node-2] [GMRF] MAP Mean value estimated in 9.75798 milliseconds
[gmrf_wind_mapping_node-2] --> MAP did not converge after 1 iterations.
[gmrf_wind_mapping_node-2] [GMRF] MAP Mean value estimated in 9.75066 milliseconds
[gmrf_wind_mapping_node-2] --> MAP did not converge after 1 iterations.
[gmrf_wind_mapping_node-2] [GMRF] MAP Mean value estimated in 9.74339 milliseconds
[gmrf_wind_mapping_node-2] --> MAP did not converge after 1 iterations.
[gmrf_wind_mapping_node-2] [GMRF] MAP Mean value estimated in 9.73615 milliseconds
[gmrf_wind_mapping_node-2] --> MAP did not converge after 1 iterations.
[gmrf_wind_mapping_node-2] [GMRF] MAP Mean value estimated in 9.74737 milliseconds
[gmrf_wind_mapping_node-2] --> MAP did not converge after 1 iterations.
[gmrf_wind_mapping_node-2] [GMRF] MAP Mean value estimated in 9.74541 milliseconds
[gmrf_wind_mapping_node-2] --> MAP did not converge after 1 iterations.
[gmrf_wind_mapping_node-2] [GMRF] MAP Mean value estimated in 9.76178 milliseconds
[gmrf_wind_mapping_node-2] --> MAP did not converge after 1 iterations.
[gmrf_wind_mapping_node-2] [GMRF] MAP Mean value estimated in 9.76501 milliseconds
[gmrf_wind_mapping_node-2] --> MAP did not converge after 1 iterations.
[gmrf_wind_mapping_node-2] [GMRF] MAP Mean value estimated in 9.75781 milliseconds
[gmrf_wind_mapping_node-2] --> MAP did not converge after 1 iterations.
[gmrf_wind_mapping_node-2] [GMRF] MAP Mean value estimated in 9.75065 milliseconds
[gmrf_wind_mapping_node-2] --> MAP did not converge after 1 iterations.
[gmrf_wind_mapping_node-2] [GMRF] MAP Mean value estimated in 9.7513 milliseconds
[gmrf_wind_mapping_node-2] --> MAP did not converge after 1 iterations.
[gmrf_wind_mapping_node-2] [GMRF] MAP Mean value estimated in 9.74419 milliseconds
[gmrf_wind_mapping_node-2] --> MAP did not converge after 1 iterations.
[gmrf_wind_mapping_node-2] [GMRF] MAP Mean value estimated in 9.73711 milliseconds
[gmrf_wind_mapping_node-2] --> MAP did not converge after 1 iterations.
[gmrf_wind_mapping_node-2] [GMRF] MAP Mean value estimated in 9.73008 milliseconds
[gmrf_wind_mapping_node-2] --> MAP did not converge after 1 iterations.
[gmrf_wind_mapping_node-2] [GMRF] MAP Mean value estimated in 9.73333 milliseconds
[gmrf_wind_mapping_node-2] --> MAP did not converge after 1 iterations.
[gmrf_wind_mapping_node-2] [GMRF] MAP Mean value estimated in 9.7289 milliseconds
[gmrf_wind_mapping_node-2] --> MAP did not converge after 1 iterations.
[gmrf_wind_mapping_node-2] [GMRF] MAP Mean value estimated in 9.72194 milliseconds
[gmrf_wind_mapping_node-2] --> MAP did not converge after 1 iterations.
[gmrf_wind_mapping_node-2] [GMRF] MAP Mean value estimated in 9.71501 milliseconds
[gmrf_wind_mapping_node-2] --> MAP did not converge after 1 iterations.
[gmrf_wind_mapping_node-2] [GMRF] MAP Mean value estimated in 9.7132 milliseconds
[gsl_actionserver_node-3] [INFO] [1788883909.166523894] [GSL]: 10 gas measurements, 10 wind measurements over 1.90 seconds
[gsl_actionserver_node-3] [INFO] [1788883909.166591615] [GSL]: avg_gas=0.82;  avg_windSpeed=0.16;  avg_wind_dir=-1.5
[gsl_actionserver_node-3] [INFO] [1788883909.167118777] [GSL]: [33mGAS HIT[0m
[gsl_actionserver_node-3] [INFO] [1788883909.167128873] [GSL]: [DEBUG-WIND] useGroundTruth=false gmrf_req_size=631 gaden_req_size=-1
[gsl_actionserver_node-3] [INFO] [1788883909.167135711] [GSL]: [DEBUG-WIND] Taking GMRF path
[gmrf_wind_mapping_node-2] --> MAP did not converge after 1 iterations.
[gmrf_wind_mapping_node-2] [GMRF] MAP Mean value estimated in 9.70633 milliseconds
[gsl_actionserver_node-3] [INFO] [1788883909.264052132] [GSL - Trace]: [32mEntering StopAndMeasure[0m
[gmrf_wind_mapping_node-2] --> MAP did not converge after 1 iterations.
[gmrf_wind_mapping_node-2] [GMRF] MAP Mean value estimated in 9.70202 milliseconds
[gmrf_wind_mapping_node-2] --> MAP did not converge after 1 iterations.
[gmrf_wind_mapping_node-2] [GMRF] MAP Mean value estimated in 9.6927 milliseconds
[gmrf_wind_mapping_node-2] --> MAP did not converge after 1 iterations.
[gmrf_wind_mapping_node-2] [GMRF] MAP Mean value estimated in 9.68593 milliseconds
[gmrf_wind_mapping_node-2] --> MAP did not converge after 1 iterations.
[gmrf_wind_mapping_node-2] [GMRF] MAP Mean value estimated in 9.67669 milliseconds
[gmrf_wind_mapping_node-2] --> MAP did not converge after 1 iterations.
[gmrf_wind_mapping_node-2] [GMRF] MAP Mean value estimated in 9.6725 milliseconds
[gmrf_wind_mapping_node-2] --> MAP did not converge after 1 iterations.
[gmrf_wind_mapping_node-2] [GMRF] MAP Mean value estimated in 9.66584 milliseconds
[gmrf_wind_mapping_node-2] --> MAP did not converge after 1 iterations.
[gmrf_wind_mapping_node-2] [GMRF] MAP Mean value estimated in 9.6592 milliseconds
[gmrf_wind_mapping_node-2] --> MAP did not converge after 1 iterations.
[gmrf_wind_mapping_node-2] [GMRF] MAP Mean value estimated in 9.65261 milliseconds
[gmrf_wind_mapping_node-2] --> MAP did not converge after 1 iterations.
[gmrf_wind_mapping_node-2] [GMRF] MAP Mean value estimated in 9.64604 milliseconds
[gmrf_wind_mapping_node-2] --> MAP did not converge after 1 iterations.
[gmrf_wind_mapping_node-2] [GMRF] MAP Mean value estimated in 9.64198 milliseconds
[gmrf_wind_mapping_node-2] --> MAP did not converge after 1 iterations.
[gmrf_wind_mapping_node-2] [GMRF] MAP Mean value estimated in 9.63547 milliseconds
[gmrf_wind_mapping_node-2] --> MAP did not converge after 1 iterations.
[gmrf_wind_mapping_node-2] [GMRF] MAP Mean value estimated in 9.63145 milliseconds
[gmrf_wind_mapping_node-2] --> MAP did not converge after 1 iterations.
[gmrf_wind_mapping_node-2] [GMRF] MAP Mean value estimated in 9.62255 milliseconds
[gmrf_wind_mapping_node-2] --> MAP did not converge after 1 iterations.
[gmrf_wind_mapping_node-2] [GMRF] MAP Mean value estimated in 9.61369 milliseconds
[gmrf_wind_mapping_node-2] --> MAP did not converge after 1 iterations.
[gmrf_wind_mapping_node-2] [GMRF] MAP Mean value estimated in 9.61463 milliseconds
[gmrf_wind_mapping_node-2] --> MAP did not converge after 1 iterations.
[gmrf_wind_mapping_node-2] [GMRF] MAP Mean value estimated in 9.60584 milliseconds
[gmrf_wind_mapping_node-2] --> MAP did not converge after 1 iterations.
[gmrf_wind_mapping_node-2] [GMRF] MAP Mean value estimated in 9.59951 milliseconds
[gmrf_wind_mapping_node-2] --> MAP did not converge after 1 iterations.
[gmrf_wind_mapping_node-2] [GMRF] MAP Mean value estimated in 9.59322 milliseconds
[gmrf_wind_mapping_node-2] --> MAP did not converge after 1 iterations.
[gmrf_wind_mapping_node-2] [GMRF] MAP Mean value estimated in 9.58937 milliseconds
[gsl_actionserver_node-3] [INFO] [1788883911.166574193] [GSL]: 10 gas measurements, 10 wind measurements over 1.90 seconds
[gsl_actionserver_node-3] [INFO] [1788883911.167328253] [GSL]: avg_gas=0.89;  avg_windSpeed=0.12;  avg_wind_dir=-1.4
[gsl_actionserver_node-3] [INFO] [1788883911.167883733] [GSL]: [33mGAS HIT[0m
[gsl_actionserver_node-3] [INFO] [1788883911.167894861] [GSL]: [DEBUG-WIND] useGroundTruth=false gmrf_req_size=631 gaden_req_size=-1
[gsl_actionserver_node-3] [INFO] [1788883911.167901919] [GSL]: [DEBUG-WIND] Taking GMRF path
[gmrf_wind_mapping_node-2] --> MAP did not converge after 1 iterations.
[gmrf_wind_mapping_node-2] [GMRF] MAP Mean value estimated in 9.58554 milliseconds
[gsl_actionserver_node-3] [INFO] [1788883911.264195188] [GSL - Trace]: [32mEntering StopAndMeasure[0m
[gmrf_wind_mapping_node-2] --> MAP did not converge after 1 iterations.
[gmrf_wind_mapping_node-2] [GMRF] MAP Mean value estimated in 9.58413 milliseconds
[gmrf_wind_mapping_node-2] --> MAP did not converge after 1 iterations.
[gmrf_wind_mapping_node-2] [GMRF] MAP Mean value estimated in 9.58034 milliseconds
[gmrf_wind_mapping_node-2] --> MAP did not converge after 1 iterations.
[gmrf_wind_mapping_node-2] [GMRF] MAP Mean value estimated in 9.57177 milliseconds
[gmrf_wind_mapping_node-2] --> MAP did not converge after 1 iterations.
[gmrf_wind_mapping_node-2] [GMRF] MAP Mean value estimated in 9.56802 milliseconds
[gmrf_wind_mapping_node-2] --> MAP did not converge after 1 iterations.
[gmrf_wind_mapping_node-2] [GMRF] MAP Mean value estimated in 9.57857 milliseconds
[gmrf_wind_mapping_node-2] --> MAP did not converge after 1 iterations.
[gmrf_wind_mapping_node-2] [GMRF] MAP Mean value estimated in 9.5772 milliseconds
[gmrf_wind_mapping_node-2] --> MAP did not converge after 1 iterations.
[gmrf_wind_mapping_node-2] [GMRF] MAP Mean value estimated in 9.58768 milliseconds
[gmrf_wind_mapping_node-2] --> MAP did not converge after 1 iterations.
[gmrf_wind_mapping_node-2] [GMRF] MAP Mean value estimated in 9.58629 milliseconds
[gmrf_wind_mapping_node-2] --> MAP did not converge after 1 iterations.
[gmrf_wind_mapping_node-2] [GMRF] MAP Mean value estimated in 9.58019 milliseconds
[gmrf_wind_mapping_node-2] --> MAP did not converge after 1 iterations.
[gmrf_wind_mapping_node-2] [GMRF] MAP Mean value estimated in 9.57647 milliseconds
[gmrf_wind_mapping_node-2] --> MAP did not converge after 1 iterations.
[gmrf_wind_mapping_node-2] [GMRF] MAP Mean value estimated in 9.57042 milliseconds
[gmrf_wind_mapping_node-2] --> MAP did not converge after 1 iterations.
[gmrf_wind_mapping_node-2] [GMRF] MAP Mean value estimated in 9.5644 milliseconds
[gmrf_wind_mapping_node-2] --> MAP did not converge after 1 iterations.
[gmrf_wind_mapping_node-2] [GMRF] MAP Mean value estimated in 9.55841 milliseconds
[gmrf_wind_mapping_node-2] --> MAP did not converge after 1 iterations.
[gmrf_wind_mapping_node-2] [GMRF] MAP Mean value estimated in 9.55245 milliseconds
[gmrf_wind_mapping_node-2] --> MAP did not converge after 1 iterations.
[gmrf_wind_mapping_node-2] [GMRF] MAP Mean value estimated in 9.54884 milliseconds
[gmrf_wind_mapping_node-2] --> MAP did not converge after 1 iterations.
[gmrf_wind_mapping_node-2] [GMRF] MAP Mean value estimated in 9.54756 milliseconds
[gmrf_wind_mapping_node-2] --> MAP did not converge after 1 iterations.
[gmrf_wind_mapping_node-2] [GMRF] MAP Mean value estimated in 9.54398 milliseconds
[gmrf_wind_mapping_node-2] --> MAP did not converge after 1 iterations.
[gmrf_wind_mapping_node-2] [GMRF] MAP Mean value estimated in 9.53811 milliseconds
[gmrf_wind_mapping_node-2] --> MAP did not converge after 1 iterations.
[gmrf_wind_mapping_node-2] [GMRF] MAP Mean value estimated in 9.53226 milliseconds
[gsl_actionserver_node-3] [INFO] [1788883913.166530613] [GSL]: 10 gas measurements, 10 wind measurements over 1.90 seconds
[gsl_actionserver_node-3] [INFO] [1788883913.166595815] [GSL]: avg_gas=0.87;  avg_windSpeed=0.16;  avg_wind_dir=-1.5
[gsl_actionserver_node-3] [INFO] [1788883913.167152224] [GSL]: [33mGAS HIT[0m
[gsl_actionserver_node-3] [INFO] [1788883913.167163173] [GSL]: [DEBUG-WIND] useGroundTruth=false gmrf_req_size=631 gaden_req_size=-1
[gsl_actionserver_node-3] [INFO] [1788883913.167170093] [GSL]: [DEBUG-WIND] Taking GMRF path
[gmrf_wind_mapping_node-2] --> MAP did not converge after 1 iterations.
[gmrf_wind_mapping_node-2] [GMRF] MAP Mean value estimated in 9.52644 milliseconds
[gsl_actionserver_node-3] [INFO] [1788883913.264055804] [GSL - Trace]: [32mEntering StopAndMeasure[0m
[gmrf_wind_mapping_node-2] --> MAP did not converge after 1 iterations.
[gmrf_wind_mapping_node-2] [GMRF] MAP Mean value estimated in 9.52064 milliseconds
[gmrf_wind_mapping_node-2] --> MAP did not converge after 1 iterations.
[gmrf_wind_mapping_node-2] [GMRF] MAP Mean value estimated in 9.51487 milliseconds
[gmrf_wind_mapping_node-2] --> MAP did not converge after 1 iterations.
[gmrf_wind_mapping_node-2] [GMRF] MAP Mean value estimated in 9.50913 milliseconds
[gmrf_wind_mapping_node-2] --> MAP did not converge after 1 iterations.
[gmrf_wind_mapping_node-2] [GMRF] MAP Mean value estimated in 9.50342 milliseconds
[gmrf_wind_mapping_node-2] --> MAP did not converge after 1 iterations.
[gmrf_wind_mapping_node-2] [GMRF] MAP Mean value estimated in 9.5 milliseconds
[gmrf_wind_mapping_node-2] --> MAP did not converge after 1 iterations.
[gmrf_wind_mapping_node-2] [GMRF] MAP Mean value estimated in 9.4966 milliseconds
[gmrf_wind_mapping_node-2] --> MAP did not converge after 1 iterations.
[gmrf_wind_mapping_node-2] [GMRF] MAP Mean value estimated in 9.49321 milliseconds
[gmrf_wind_mapping_node-2] --> MAP did not converge after 1 iterations.
[gmrf_wind_mapping_node-2] [GMRF] MAP Mean value estimated in 9.48758 milliseconds
[gmrf_wind_mapping_node-2] --> MAP did not converge after 1 iterations.
[gmrf_wind_mapping_node-2] [GMRF] MAP Mean value estimated in 9.48198 milliseconds
[gmrf_wind_mapping_node-2] --> MAP did not converge after 1 iterations.
[gmrf_wind_mapping_node-2] [GMRF] MAP Mean value estimated in 9.4764 milliseconds
[gmrf_wind_mapping_node-2] --> MAP did not converge after 1 iterations.
[gmrf_wind_mapping_node-2] [GMRF] MAP Mean value estimated in 9.47085 milliseconds
[gmrf_wind_mapping_node-2] --> MAP did not converge after 1 iterations.
[gmrf_wind_mapping_node-2] [GMRF] MAP Mean value estimated in 9.46532 milliseconds
[gmrf_wind_mapping_node-2] --> MAP did not converge after 1 iterations.
[gmrf_wind_mapping_node-2] [GMRF] MAP Mean value estimated in 9.45982 milliseconds
[gmrf_wind_mapping_node-2] --> MAP did not converge after 1 iterations.
[gmrf_wind_mapping_node-2] [GMRF] MAP Mean value estimated in 9.45212 milliseconds
[gmrf_wind_mapping_node-2] --> MAP did not converge after 1 iterations.
[gmrf_wind_mapping_node-2] [GMRF] MAP Mean value estimated in 9.44667 milliseconds
[gmrf_wind_mapping_node-2] --> MAP did not converge after 1 iterations.
[gmrf_wind_mapping_node-2] [GMRF] MAP Mean value estimated in 9.44124 milliseconds
[gmrf_wind_mapping_node-2] --> MAP did not converge after 1 iterations.
[gmrf_wind_mapping_node-2] [GMRF] MAP Mean value estimated in 9.43805 milliseconds
[gmrf_wind_mapping_node-2] --> MAP did not converge after 1 iterations.
[gmrf_wind_mapping_node-2] [GMRF] MAP Mean value estimated in 9.43488 milliseconds
[gmrf_wind_mapping_node-2] --> MAP did not converge after 1 iterations.
[gmrf_wind_mapping_node-2] [GMRF] MAP Mean value estimated in 9.43392 milliseconds
[gsl_actionserver_node-3] [INFO] [1788883915.166646203] [GSL]: 10 gas measurements, 10 wind measurements over 1.90 seconds
[gsl_actionserver_node-3] [INFO] [1788883915.167421284] [GSL]: avg_gas=0.85;  avg_windSpeed=0.12;  avg_wind_dir=-1.4
[gsl_actionserver_node-3] [INFO] [1788883915.167992354] [GSL]: [33mGAS HIT[0m
[gsl_actionserver_node-3] [INFO] [1788883915.168021294] [GSL]: [DEBUG-WIND] useGroundTruth=false gmrf_req_size=631 gaden_req_size=-1
[gsl_actionserver_node-3] [INFO] [1788883915.168029313] [GSL]: [DEBUG-WIND] Taking GMRF path
[gmrf_wind_mapping_node-2] --> MAP did not converge after 1 iterations.
[gmrf_wind_mapping_node-2] [GMRF] MAP Mean value estimated in 9.43077 milliseconds
[gsl_actionserver_node-3] [INFO] [1788883915.266483652] [GSL]: Max mutual info: 6.447
[gsl_actionserver_node-3] [INFO] [1788883915.266710626] [GSL]: MutualInformation - Ellapsed: 0.002s
[gmrf_wind_mapping_node-2] --> MAP did not converge after 1 iterations.
[gmrf_wind_mapping_node-2] [GMRF] MAP Mean value estimated in 9.42763 milliseconds
[vgr_sim_node-1] [WARN] [1788883915.272439540] [vgr_uav_sim]: PLAN_CB: called with goal=(-2.54,-2.50)
[vgr_sim_node-1] [WARN] [1788883915.274101125] [vgr_uav_sim]: PLAN_CB: returning 5 poses
[vgr_sim_node-1] [WARN] [1788883915.285522915] [vgr_uav_sim]: PLAN_CB: called with goal=(-2.54,-2.50)
[vgr_sim_node-1] [WARN] [1788883915.286587280] [vgr_uav_sim]: PLAN_CB: returning 5 poses
[gsl_actionserver_node-3] [INFO] [1788883915.296233108] [GSL]: Sending goal (-2.54, -2.50)
[gsl_actionserver_node-3] [INFO] [1788883915.296878062] [GSL]: Variance: 14.35
[gsl_actionserver_node-3] [INFO] [1788883915.296903867] [GSL - Trace]: [32mEntering Moving[0m
[vgr_sim_node-1] [INFO] [1788883915.298138392] [vgr_uav_sim]: Prepared 5 collision-free navigation waypoints to (-2.54, -2.50)
[vgr_sim_node-1] [INFO] [1788883915.299236778] [vgr_uav_sim]: UAV navigating in audited 2-D mode to (-2.54, -2.50, 0.30)
[gmrf_wind_mapping_node-2] --> MAP did not converge after 1 iterations.
[gmrf_wind_mapping_node-2] [GMRF] MAP Mean value estimated in 9.42232 milliseconds
[gmrf_wind_mapping_node-2] --> MAP did not converge after 1 iterations.
[gmrf_wind_mapping_node-2] [GMRF] MAP Mean value estimated in 9.41703 milliseconds
[gmrf_wind_mapping_node-2] --> MAP did not converge after 1 iterations.
[gmrf_wind_mapping_node-2] [GMRF] MAP Mean value estimated in 9.41394 milliseconds
[gmrf_wind_mapping_node-2] --> MAP did not converge after 1 iterations.
[gmrf_wind_mapping_node-2] [GMRF] MAP Mean value estimated in 9.41522 milliseconds
[gmrf_wind_mapping_node-2] --> MAP did not converge after 1 iterations.
[gmrf_wind_mapping_node-2] [GMRF] MAP Mean value estimated in 9.41215 milliseconds
[gmrf_wind_mapping_node-2] --> MAP did not converge after 1 iterations.
[gmrf_wind_mapping_node-2] [GMRF] MAP Mean value estimated in 9.41775 milliseconds
[gmrf_wind_mapping_node-2] --> MAP did not converge after 1 iterations.
[gmrf_wind_mapping_node-2] [GMRF] MAP Mean value estimated in 9.41901 milliseconds
[gsl_actionserver_node-3] [INFO] [1788883916.008400252] [GSL - Trace]: [32mEntering StopAndMeasure[0m
[gmrf_wind_mapping_node-2] --> MAP did not converge after 1 iterations.
[gmrf_wind_mapping_node-2] [GMRF] MAP Mean value estimated in 9.41379 milliseconds
[gmrf_wind_mapping_node-2] --> MAP did not converge after 1 iterations.
[gmrf_wind_mapping_node-2] [GMRF] MAP Mean value estimated in 9.41075 milliseconds
[gmrf_wind_mapping_node-2] --> MAP did not converge after 1 iterations.
[gmrf_wind_mapping_node-2] [GMRF] MAP Mean value estimated in 9.42275 milliseconds
[gmrf_wind_mapping_node-2] --> MAP did not converge after 1 iterations.
[gmrf_wind_mapping_node-2] [GMRF] MAP Mean value estimated in 9.42184 milliseconds
[gmrf_wind_mapping_node-2] --> MAP did not converge after 1 iterations.
[gmrf_wind_mapping_node-2] [GMRF] MAP Mean value estimated in 9.43376 milliseconds
[gmrf_wind_mapping_node-2] --> MAP did not converge after 1 iterations.
[gmrf_wind_mapping_node-2] [GMRF] MAP Mean value estimated in 9.4307 milliseconds
[gmrf_wind_mapping_node-2] --> MAP did not converge after 1 iterations.
[gmrf_wind_mapping_node-2] [GMRF] MAP Mean value estimated in 9.44468 milliseconds
[gmrf_wind_mapping_node-2] --> MAP did not converge after 1 iterations.
[gmrf_wind_mapping_node-2] [GMRF] MAP Mean value estimated in 9.44374 milliseconds
[gmrf_wind_mapping_node-2] --> MAP did not converge after 1 iterations.
[gmrf_wind_mapping_node-2] [GMRF] MAP Mean value estimated in 9.45127 milliseconds
[gmrf_wind_mapping_node-2] --> MAP did not converge after 1 iterations.
[gmrf_wind_mapping_node-2] [GMRF] MAP Mean value estimated in 9.45455 milliseconds
[gmrf_wind_mapping_node-2] --> MAP did not converge after 1 iterations.
[gmrf_wind_mapping_node-2] [GMRF] MAP Mean value estimated in 9.45359 milliseconds
[gmrf_wind_mapping_node-2] --> MAP did not converge after 1 iterations.
[gmrf_wind_mapping_node-2] [GMRF] MAP Mean value estimated in 9.46105 milliseconds
[gmrf_wind_mapping_node-2] --> MAP did not converge after 1 iterations.
[gmrf_wind_mapping_node-2] [GMRF] MAP Mean value estimated in 9.47269 milliseconds
[gmrf_wind_mapping_node-2] --> MAP did not converge after 1 iterations.
[gmrf_wind_mapping_node-2] [GMRF] MAP Mean value estimated in 9.46751 milliseconds
[gmrf_wind_mapping_node-2] --> MAP did not converge after 1 iterations.
[gmrf_wind_mapping_node-2] [GMRF] MAP Mean value estimated in 9.47699 milliseconds
[gmrf_wind_mapping_node-2] --> MAP did not converge after 1 iterations.
[gmrf_wind_mapping_node-2] [GMRF] MAP Mean value estimated in 9.47182 milliseconds
[gmrf_wind_mapping_node-2] --> MAP did not converge after 1 iterations.
[gmrf_wind_mapping_node-2] [GMRF] MAP Mean value estimated in 9.48125 milliseconds
[gmrf_wind_mapping_node-2] --> MAP did not converge after 1 iterations.
[gmrf_wind_mapping_node-2] [GMRF] MAP Mean value estimated in 9.47817 milliseconds
[gmrf_wind_mapping_node-2] --> MAP did not converge after 1 iterations.
[gmrf_wind_mapping_node-2] [GMRF] MAP Mean value estimated in 9.48548 milliseconds
[gmrf_wind_mapping_node-2] --> MAP did not converge after 1 iterations.
[gmrf_wind_mapping_node-2] [GMRF] MAP Mean value estimated in 9.49482 milliseconds
[gsl_actionserver_node-3] [INFO] [1788883917.990401048] [GSL]: 10 gas measurements, 10 wind measurements over 1.98 seconds
[gsl_actionserver_node-3] [INFO] [1788883917.990454948] [GSL]: avg_gas=0.71;  avg_windSpeed=0.039;  avg_wind_dir=-0.89
[gsl_actionserver_node-3] [INFO] [1788883917.991047751] [GSL]: [33mGAS HIT[0m
[gsl_actionserver_node-3] [INFO] [1788883917.991058710] [GSL]: [DEBUG-WIND] useGroundTruth=false gmrf_req_size=631 gaden_req_size=-1
[gsl_actionserver_node-3] [INFO] [1788883917.991272537] [GSL]: [DEBUG-WIND] Taking GMRF path
[gsl_actionserver_node-3] [INFO] [1788883918.064951027] [GSL - Trace]: [32mEntering StopAndMeasure[0m
[gmrf_wind_mapping_node-2] --> MAP did not converge after 1 iterations.
[gmrf_wind_mapping_node-2] [GMRF] MAP Mean value estimated in 9.5062 milliseconds
[gmrf_wind_mapping_node-2] --> MAP did not converge after 1 iterations.
[gmrf_wind_mapping_node-2] [GMRF] MAP Mean value estimated in 9.50309 milliseconds
[gmrf_wind_mapping_node-2] --> MAP did not converge after 1 iterations.
[gmrf_wind_mapping_node-2] [GMRF] MAP Mean value estimated in 9.5144 milliseconds
[gmrf_wind_mapping_node-2] --> MAP did not converge after 1 iterations.
[gmrf_wind_mapping_node-2] [GMRF] MAP Mean value estimated in 9.51745 milliseconds
[gmrf_wind_mapping_node-2] --> MAP did not converge after 1 iterations.
[gmrf_wind_mapping_node-2] [GMRF] MAP Mean value estimated in 9.52459 milliseconds
[gmrf_wind_mapping_node-2] --> MAP did not converge after 1 iterations.
[gmrf_wind_mapping_node-2] [GMRF] MAP Mean value estimated in 9.52147 milliseconds
[gmrf_wind_mapping_node-2] --> MAP did not converge after 1 iterations.
[gmrf_wind_mapping_node-2] [GMRF] MAP Mean value estimated in 9.51837 milliseconds
[gmrf_wind_mapping_node-2] --> MAP did not converge after 1 iterations.
[gmrf_wind_mapping_node-2] [GMRF] MAP Mean value estimated in 9.51731 milliseconds
[gmrf_wind_mapping_node-2] --> MAP did not converge after 1 iterations.
[gmrf_wind_mapping_node-2] [GMRF] MAP Mean value estimated in 9.5122 milliseconds
[gmrf_wind_mapping_node-2] --> MAP did not converge after 1 iterations.
[gmrf_wind_mapping_node-2] [GMRF] MAP Mean value estimated in 9.5071 milliseconds
[gmrf_wind_mapping_node-2] --> MAP did not converge after 1 iterations.
[gmrf_wind_mapping_node-2] [GMRF] MAP Mean value estimated in 9.50405 milliseconds
[gmrf_wind_mapping_node-2] --> MAP did not converge after 1 iterations.
[gmrf_wind_mapping_node-2] [GMRF] MAP Mean value estimated in 9.49899 milliseconds
[gmrf_wind_mapping_node-2] --> MAP did not converge after 1 iterations.
[gmrf_wind_mapping_node-2] [GMRF] MAP Mean value estimated in 9.49395 milliseconds
[gmrf_wind_mapping_node-2] --> MAP did not converge after 1 iterations.
[gmrf_wind_mapping_node-2] [GMRF] MAP Mean value estimated in 9.48893 milliseconds
[gmrf_wind_mapping_node-2] --> MAP did not converge after 1 iterations.
[gmrf_wind_mapping_node-2] [GMRF] MAP Mean value estimated in 9.48394 milliseconds
[gmrf_wind_mapping_node-2] --> MAP did not converge after 1 iterations.
[gmrf_wind_mapping_node-2] [GMRF] MAP Mean value estimated in 9.47896 milliseconds
[gmrf_wind_mapping_node-2] --> MAP did not converge after 1 iterations.
[gmrf_wind_mapping_node-2] [GMRF] MAP Mean value estimated in 9.476 milliseconds
[gmrf_wind_mapping_node-2] --> MAP did not converge after 1 iterations.
[gmrf_wind_mapping_node-2] [GMRF] MAP Mean value estimated in 9.47106 milliseconds
[gmrf_wind_mapping_node-2] --> MAP did not converge after 1 iterations.
[gmrf_wind_mapping_node-2] [GMRF] MAP Mean value estimated in 9.46614 milliseconds
[gmrf_wind_mapping_node-2] --> MAP did not converge after 1 iterations.
[gmrf_wind_mapping_node-2] [GMRF] MAP Mean value estimated in 9.46322 milliseconds
[gsl_actionserver_node-3] [INFO] [1788883919.998534050] [GSL]: 10 gas measurements, 10 wind measurements over 1.93 seconds
[gsl_actionserver_node-3] [INFO] [1788883919.998620899] [GSL]: avg_gas=0.62;  avg_windSpeed=0.048;  avg_wind_dir=-1.1
[gsl_actionserver_node-3] [INFO] [1788883919.999181708] [GSL]: [33mGAS HIT[0m
[gsl_actionserver_node-3] [INFO] [1788883919.999192242] [GSL]: [DEBUG-WIND] useGroundTruth=false gmrf_req_size=631 gaden_req_size=-1
[gsl_actionserver_node-3] [INFO] [1788883919.999199017] [GSL]: [DEBUG-WIND] Taking GMRF path
[gsl_actionserver_node-3] [INFO] [1788883920.063971432] [GSL - Trace]: [32mEntering StopAndMeasure[0m
[gmrf_wind_mapping_node-2] --> MAP did not converge after 1 iterations.
[gmrf_wind_mapping_node-2] [GMRF] MAP Mean value estimated in 9.45833 milliseconds
[gmrf_wind_mapping_node-2] --> MAP did not converge after 1 iterations.
[gmrf_wind_mapping_node-2] [GMRF] MAP Mean value estimated in 9.45545 milliseconds
[gmrf_wind_mapping_node-2] --> MAP did not converge after 1 iterations.
[gmrf_wind_mapping_node-2] [GMRF] MAP Mean value estimated in 9.45257 milliseconds
[gmrf_wind_mapping_node-2] --> MAP did not converge after 1 iterations.
[gmrf_wind_mapping_node-2] [GMRF] MAP Mean value estimated in 9.44773 milliseconds
[gmrf_wind_mapping_node-2] --> MAP did not converge after 1 iterations.
[gmrf_wind_mapping_node-2] [GMRF] MAP Mean value estimated in 9.44291 milliseconds
[gmrf_wind_mapping_node-2] --> MAP did not converge after 1 iterations.
[gmrf_wind_mapping_node-2] [GMRF] MAP Mean value estimated in 9.43811 milliseconds
[gmrf_wind_mapping_node-2] --> MAP did not converge after 1 iterations.
[gmrf_wind_mapping_node-2] [GMRF] MAP Mean value estimated in 9.43333 milliseconds
[gmrf_wind_mapping_node-2] --> MAP did not converge after 1 iterations.
[gmrf_wind_mapping_node-2] [GMRF] MAP Mean value estimated in 9.42857 milliseconds
[gmrf_wind_mapping_node-2] --> MAP did not converge after 1 iterations.
[gmrf_wind_mapping_node-2] [GMRF] MAP Mean value estimated in 9.42578 milliseconds
[gmrf_wind_mapping_node-2] --> MAP did not converge after 1 iterations.
[gmrf_wind_mapping_node-2] [GMRF] MAP Mean value estimated in 9.4269 milliseconds
[gmrf_wind_mapping_node-2] --> MAP did not converge after 1 iterations.
[gmrf_wind_mapping_node-2] [GMRF] MAP Mean value estimated in 9.43774 milliseconds
[gmrf_wind_mapping_node-2] --> MAP did not converge after 1 iterations.
[gmrf_wind_mapping_node-2] [GMRF] MAP Mean value estimated in 9.43301 milliseconds
[gmrf_wind_mapping_node-2] --> MAP did not converge after 1 iterations.
[gmrf_wind_mapping_node-2] [GMRF] MAP Mean value estimated in 9.43992 milliseconds
[gmrf_wind_mapping_node-2] --> MAP did not converge after 1 iterations.
[gmrf_wind_mapping_node-2] [GMRF] MAP Mean value estimated in 9.43907 milliseconds
[gmrf_wind_mapping_node-2] --> MAP did not converge after 1 iterations.
[gmrf_wind_mapping_node-2] [GMRF] MAP Mean value estimated in 9.43436 milliseconds
[gmrf_wind_mapping_node-2] --> MAP did not converge after 1 iterations.
[gmrf_wind_mapping_node-2] [GMRF] MAP Mean value estimated in 9.4316 milliseconds
[gmrf_wind_mapping_node-2] --> MAP did not converge after 1 iterations.
[gmrf_wind_mapping_node-2] [GMRF] MAP Mean value estimated in 9.43846 milliseconds
[gmrf_wind_mapping_node-2] --> MAP did not converge after 1 iterations.
[gmrf_wind_mapping_node-2] [GMRF] MAP Mean value estimated in 9.44338 milliseconds
[gmrf_wind_mapping_node-2] --> MAP did not converge after 1 iterations.
[gmrf_wind_mapping_node-2] [GMRF] MAP Mean value estimated in 9.45594 milliseconds
[gmrf_wind_mapping_node-2] --> MAP did not converge after 1 iterations.
[gmrf_wind_mapping_node-2] [GMRF] MAP Mean value estimated in 9.45124 milliseconds
[gsl_actionserver_node-3] [INFO] [1788883921.998384627] [GSL]: 10 gas measurements, 10 wind measurements over 1.93 seconds
[gsl_actionserver_node-3] [INFO] [1788883921.998466359] [GSL]: avg_gas=0.58;  avg_windSpeed=0.039;  avg_wind_dir=-0.89
[gsl_actionserver_node-3] [INFO] [1788883921.999188032] [GSL]: [33mGAS HIT[0m
[gsl_actionserver_node-3] [INFO] [1788883921.999200233] [GSL]: [DEBUG-WIND] useGroundTruth=false gmrf_req_size=631 gaden_req_size=-1
[gsl_actionserver_node-3] [INFO] [1788883921.999519705] [GSL]: [DEBUG-WIND] Taking GMRF path
[gsl_actionserver_node-3] [INFO] [1788883922.064018439] [GSL - Trace]: [32mEntering StopAndMeasure[0m
[gmrf_wind_mapping_node-2] --> MAP did not converge after 1 iterations.
[gmrf_wind_mapping_node-2] [GMRF] MAP Mean value estimated in 9.45038 milliseconds
[gmrf_wind_mapping_node-2] --> MAP did not converge after 1 iterations.
[gmrf_wind_mapping_node-2] [GMRF] MAP Mean value estimated in 9.44762 milliseconds
[gmrf_wind_mapping_node-2] --> MAP did not converge after 1 iterations.
[gmrf_wind_mapping_node-2] [GMRF] MAP Mean value estimated in 9.46008 milliseconds
[gmrf_wind_mapping_node-2] --> MAP did not converge after 1 iterations.
[gmrf_wind_mapping_node-2] [GMRF] MAP Mean value estimated in 9.4592 milliseconds
[gmrf_wind_mapping_node-2] --> MAP did not converge after 1 iterations.
[gmrf_wind_mapping_node-2] [GMRF] MAP Mean value estimated in 9.45644 milliseconds
[gmrf_wind_mapping_node-2] --> MAP did not converge after 1 iterations.
[gmrf_wind_mapping_node-2] [GMRF] MAP Mean value estimated in 9.4518 milliseconds
[gmrf_wind_mapping_node-2] --> MAP did not converge after 1 iterations.
[gmrf_wind_mapping_node-2] [GMRF] MAP Mean value estimated in 9.46038 milliseconds
[gmrf_wind_mapping_node-2] --> MAP did not converge after 1 iterations.
[gmrf_wind_mapping_node-2] [GMRF] MAP Mean value estimated in 9.46328 milliseconds
[gmrf_wind_mapping_node-2] --> MAP did not converge after 1 iterations.
[gmrf_wind_mapping_node-2] [GMRF] MAP Mean value estimated in 9.46992 milliseconds
[gmrf_wind_mapping_node-2] --> MAP did not converge after 1 iterations.
[gmrf_wind_mapping_node-2] [GMRF] MAP Mean value estimated in 9.4728 milliseconds
[gmrf_wind_mapping_node-2] --> MAP did not converge after 1 iterations.
[gmrf_wind_mapping_node-2] [GMRF] MAP Mean value estimated in 9.4794 milliseconds
[gmrf_wind_mapping_node-2] --> MAP did not converge after 1 iterations.
[gmrf_wind_mapping_node-2] [GMRF] MAP Mean value estimated in 9.4785 milliseconds
[gmrf_wind_mapping_node-2] --> MAP did not converge after 1 iterations.
[gmrf_wind_mapping_node-2] [GMRF] MAP Mean value estimated in 9.48134 milliseconds
[gmrf_wind_mapping_node-2] --> MAP did not converge after 1 iterations.
[gmrf_wind_mapping_node-2] [GMRF] MAP Mean value estimated in 9.48231 milliseconds
[gmrf_wind_mapping_node-2] --> MAP did not converge after 1 iterations.
[gmrf_wind_mapping_node-2] [GMRF] MAP Mean value estimated in 9.49071 milliseconds
[gmrf_wind_mapping_node-2] --> MAP did not converge after 1 iterations.
[gmrf_wind_mapping_node-2] [GMRF] MAP Mean value estimated in 9.4898 milliseconds
[gmrf_wind_mapping_node-2] --> MAP did not converge after 1 iterations.
[gmrf_wind_mapping_node-2] [GMRF] MAP Mean value estimated in 9.48704 milliseconds
[gmrf_wind_mapping_node-2] --> MAP did not converge after 1 iterations.
[gmrf_wind_mapping_node-2] [GMRF] MAP Mean value estimated in 9.48429 milliseconds
[gmrf_wind_mapping_node-2] --> MAP did not converge after 1 iterations.
[gmrf_wind_mapping_node-2] [GMRF] MAP Mean value estimated in 9.48524 milliseconds
[gmrf_wind_mapping_node-2] --> MAP did not converge after 1 iterations.
[gmrf_wind_mapping_node-2] [GMRF] MAP Mean value estimated in 9.4825 milliseconds
[gsl_actionserver_node-3] [INFO] [1788883923.998398549] [GSL]: 10 gas measurements, 10 wind measurements over 1.93 seconds
[gsl_actionserver_node-3] [INFO] [1788883923.998466726] [GSL]: avg_gas=0.57;  avg_windSpeed=0.048;  avg_wind_dir=-1.1
[gsl_actionserver_node-3] [INFO] [1788883923.999078048] [GSL]: [33mGAS HIT[0m
[gsl_actionserver_node-3] [INFO] [1788883923.999104568] [GSL]: [DEBUG-WIND] useGroundTruth=false gmrf_req_size=631 gaden_req_size=-1
[gsl_actionserver_node-3] [INFO] [1788883923.999111874] [GSL]: [DEBUG-WIND] Taking GMRF path
[gsl_actionserver_node-3] [INFO] [1788883924.063978609] [GSL - Trace]: [32mEntering StopAndMeasure[0m
[gmrf_wind_mapping_node-2] --> MAP did not converge after 1 iterations.
[gmrf_wind_mapping_node-2] [GMRF] MAP Mean value estimated in 9.47794 milliseconds
[gmrf_wind_mapping_node-2] --> MAP did not converge after 1 iterations.
[gmrf_wind_mapping_node-2] [GMRF] MAP Mean value estimated in 9.47523 milliseconds
[gmrf_wind_mapping_node-2] --> MAP did not converge after 1 iterations.
[gmrf_wind_mapping_node-2] [GMRF] MAP Mean value estimated in 9.47619 milliseconds
[gmrf_wind_mapping_node-2] --> MAP did not converge after 1 iterations.
[gmrf_wind_mapping_node-2] [GMRF] MAP Mean value estimated in 9.47349 milliseconds
[gmrf_wind_mapping_node-2] --> MAP did not converge after 1 iterations.
[gmrf_wind_mapping_node-2] [GMRF] MAP Mean value estimated in 9.47628 milliseconds
[gmrf_wind_mapping_node-2] --> MAP did not converge after 1 iterations.
[gmrf_wind_mapping_node-2] [GMRF] MAP Mean value estimated in 9.47177 milliseconds
[gmrf_wind_mapping_node-2] --> MAP did not converge after 1 iterations.
[gmrf_wind_mapping_node-2] [GMRF] MAP Mean value estimated in 9.47273 milliseconds
[gmrf_wind_mapping_node-2] --> MAP did not converge after 1 iterations.
[gmrf_wind_mapping_node-2] [GMRF] MAP Mean value estimated in 9.47005 milliseconds
[gmrf_wind_mapping_node-2] --> MAP did not converge after 1 iterations.
[gmrf_wind_mapping_node-2] [GMRF] MAP Mean value estimated in 9.46739 milliseconds
[gmrf_wind_mapping_node-2] --> MAP did not converge after 1 iterations.
[gmrf_wind_mapping_node-2] [GMRF] MAP Mean value estimated in 9.46474 milliseconds
[gmrf_wind_mapping_node-2] --> MAP did not converge after 1 iterations.
[gmrf_wind_mapping_node-2] [GMRF] MAP Mean value estimated in 9.47653 milliseconds
[gmrf_wind_mapping_node-2] --> MAP did not converge after 1 iterations.
[gmrf_wind_mapping_node-2] [GMRF] MAP Mean value estimated in 9.47387 milliseconds
[gmrf_wind_mapping_node-2] --> MAP did not converge after 1 iterations.
[gmrf_wind_mapping_node-2] [GMRF] MAP Mean value estimated in 9.46942 milliseconds
[gmrf_wind_mapping_node-2] --> MAP did not converge after 1 iterations.
[gmrf_wind_mapping_node-2] [GMRF] MAP Mean value estimated in 9.46679 milliseconds
[gmrf_wind_mapping_node-2] --> MAP did not converge after 1 iterations.
[gmrf_wind_mapping_node-2] [GMRF] MAP Mean value estimated in 9.4767 milliseconds
[gmrf_wind_mapping_node-2] --> MAP did not converge after 1 iterations.
[gmrf_wind_mapping_node-2] [GMRF] MAP Mean value estimated in 9.47585 milliseconds
[gmrf_wind_mapping_node-2] --> MAP did not converge after 1 iterations.
[gmrf_wind_mapping_node-2] [GMRF] MAP Mean value estimated in 9.47857 milliseconds
[gmrf_wind_mapping_node-2] --> MAP did not converge after 1 iterations.
[gmrf_wind_mapping_node-2] [GMRF] MAP Mean value estimated in 9.4795 milliseconds
[gmrf_wind_mapping_node-2] --> MAP did not converge after 1 iterations.
[gmrf_wind_mapping_node-2] [GMRF] MAP Mean value estimated in 9.47687 milliseconds
[gmrf_wind_mapping_node-2] --> MAP did not converge after 1 iterations.
[gmrf_wind_mapping_node-2] [GMRF] MAP Mean value estimated in 9.47425 milliseconds
[gsl_actionserver_node-3] [INFO] [1788883925.998305920] [GSL]: 10 gas measurements, 10 wind measurements over 1.93 seconds
[gsl_actionserver_node-3] [INFO] [1788883925.998372080] [GSL]: avg_gas=0.6;  avg_windSpeed=0.039;  avg_wind_dir=-0.89
[gsl_actionserver_node-3] [INFO] [1788883925.999229941] [GSL]: [33mGAS HIT[0m
[gsl_actionserver_node-3] [INFO] [1788883925.999244043] [GSL]: [DEBUG-WIND] useGroundTruth=false gmrf_req_size=631 gaden_req_size=-1
[gsl_actionserver_node-3] [INFO] [1788883925.999250824] [GSL]: [DEBUG-WIND] Taking GMRF path
[gsl_actionserver_node-3] [INFO] [1788883926.064339392] [GSL - Trace]: [32mEntering StopAndMeasure[0m
[gmrf_wind_mapping_node-2] --> MAP did not converge after 1 iterations.
[gmrf_wind_mapping_node-2] [GMRF] MAP Mean value estimated in 9.47518 milliseconds
[gmrf_wind_mapping_node-2] --> MAP did not converge after 1 iterations.
[gmrf_wind_mapping_node-2] [GMRF] MAP Mean value estimated in 9.47611 milliseconds
[gmrf_wind_mapping_node-2] --> MAP did not converge after 1 iterations.
[gmrf_wind_mapping_node-2] [GMRF] MAP Mean value estimated in 9.47703 milliseconds
[gmrf_wind_mapping_node-2] --> MAP did not converge after 1 iterations.
[gmrf_wind_mapping_node-2] [GMRF] MAP Mean value estimated in 9.48148 milliseconds
[gmrf_wind_mapping_node-2] --> MAP did not converge after 1 iterations.
[gmrf_wind_mapping_node-2] [GMRF] MAP Mean value estimated in 9.4912 milliseconds
[gmrf_wind_mapping_node-2] --> MAP did not converge after 1 iterations.
[gmrf_wind_mapping_node-2] [GMRF] MAP Mean value estimated in 9.48682 milliseconds
[gmrf_wind_mapping_node-2] --> MAP did not converge after 1 iterations.
[gmrf_wind_mapping_node-2] [GMRF] MAP Mean value estimated in 9.48246 milliseconds
[gmrf_wind_mapping_node-2] --> MAP did not converge after 1 iterations.
[gmrf_wind_mapping_node-2] [GMRF] MAP Mean value estimated in 9.47986 milliseconds
[gmrf_wind_mapping_node-2] --> MAP did not converge after 1 iterations.
[gmrf_wind_mapping_node-2] [GMRF] MAP Mean value estimated in 9.48077 milliseconds
[gmrf_wind_mapping_node-2] --> MAP did not converge after 1 iterations.
[gmrf_wind_mapping_node-2] [GMRF] MAP Mean value estimated in 9.47644 milliseconds
[gmrf_wind_mapping_node-2] --> MAP did not converge after 1 iterations.
[gmrf_wind_mapping_node-2] [GMRF] MAP Mean value estimated in 9.48432 milliseconds
[gmrf_wind_mapping_node-2] --> MAP did not converge after 1 iterations.
[gmrf_wind_mapping_node-2] [GMRF] MAP Mean value estimated in 9.48174 milliseconds
[gmrf_wind_mapping_node-2] --> MAP did not converge after 1 iterations.
[gmrf_wind_mapping_node-2] [GMRF] MAP Mean value estimated in 9.48785 milliseconds
[gmrf_wind_mapping_node-2] --> MAP did not converge after 1 iterations.
[gmrf_wind_mapping_node-2] [GMRF] MAP Mean value estimated in 9.48873 milliseconds
[gmrf_wind_mapping_node-2] --> MAP did not converge after 1 iterations.
[gmrf_wind_mapping_node-2] [GMRF] MAP Mean value estimated in 9.49827 milliseconds
[gmrf_wind_mapping_node-2] --> MAP did not converge after 1 iterations.
[gmrf_wind_mapping_node-2] [GMRF] MAP Mean value estimated in 9.49741 milliseconds
[gmrf_wind_mapping_node-2] --> MAP did not converge after 1 iterations.
[gmrf_wind_mapping_node-2] [GMRF] MAP Mean value estimated in 9.49655 milliseconds
[gmrf_wind_mapping_node-2] --> MAP did not converge after 1 iterations.
[gmrf_wind_mapping_node-2] [GMRF] MAP Mean value estimated in 9.4957 milliseconds
[gmrf_wind_mapping_node-2] --> MAP did not converge after 1 iterations.
[gmrf_wind_mapping_node-2] [GMRF] MAP Mean value estimated in 9.50172 milliseconds
[gmrf_wind_mapping_node-2] --> MAP did not converge after 1 iterations.
[gmrf_wind_mapping_node-2] [GMRF] MAP Mean value estimated in 9.49571 milliseconds
[gsl_actionserver_node-3] [INFO] [1788883927.998460139] [GSL]: 10 gas measurements, 10 wind measurements over 1.93 seconds
[gsl_actionserver_node-3] [INFO] [1788883927.998531206] [GSL]: avg_gas=0.61;  avg_windSpeed=0.048;  avg_wind_dir=-1.1
[gsl_actionserver_node-3] [INFO] [1788883927.999091484] [GSL]: [33mGAS HIT[0m
[gsl_actionserver_node-3] [INFO] [1788883927.999101708] [GSL]: [DEBUG-WIND] useGroundTruth=false gmrf_req_size=631 gaden_req_size=-1
[gsl_actionserver_node-3] [INFO] [1788883927.999108538] [GSL]: [DEBUG-WIND] Taking GMRF path
[gsl_actionserver_node-3] [INFO] [1788883928.063984263] [GSL - Trace]: [32mEntering StopAndMeasure[0m
[gmrf_wind_mapping_node-2] --> MAP did not converge after 1 iterations.
[gmrf_wind_mapping_node-2] [GMRF] MAP Mean value estimated in 9.49144 milliseconds
[gmrf_wind_mapping_node-2] --> MAP did not converge after 1 iterations.
[gmrf_wind_mapping_node-2] [GMRF] MAP Mean value estimated in 9.48889 milliseconds
[gmrf_wind_mapping_node-2] --> MAP did not converge after 1 iterations.
[gmrf_wind_mapping_node-2] [GMRF] MAP Mean value estimated in 9.48976 milliseconds
[gmrf_wind_mapping_node-2] --> MAP did not converge after 1 iterations.
[gmrf_wind_mapping_node-2] [GMRF] MAP Mean value estimated in 9.48893 milliseconds
[gmrf_wind_mapping_node-2] --> MAP did not converge after 1 iterations.
[gmrf_wind_mapping_node-2] [GMRF] MAP Mean value estimated in 9.4983 milliseconds
[gmrf_wind_mapping_node-2] --> MAP did not converge after 1 iterations.
[gmrf_wind_mapping_node-2] [GMRF] MAP Mean value estimated in 9.49576 milliseconds
[gmrf_wind_mapping_node-2] --> MAP did not converge after 1 iterations.
[gmrf_wind_mapping_node-2] [GMRF] MAP Mean value estimated in 9.50847 milliseconds
[gmrf_wind_mapping_node-2] --> MAP did not converge after 1 iterations.
[gmrf_wind_mapping_node-2] [GMRF] MAP Mean value estimated in 9.50592 milliseconds
[gmrf_wind_mapping_node-2] --> MAP did not converge after 1 iterations.
[gmrf_wind_mapping_node-2] [GMRF] MAP Mean value estimated in 9.5 milliseconds
[gmrf_wind_mapping_node-2] --> MAP did not converge after 1 iterations.
[gmrf_wind_mapping_node-2] [GMRF] MAP Mean value estimated in 9.49747 milliseconds
[gmrf_wind_mapping_node-2] --> MAP did not converge after 1 iterations.
[gmrf_wind_mapping_node-2] [GMRF] MAP Mean value estimated in 9.50337 milliseconds
[gmrf_wind_mapping_node-2] --> MAP did not converge after 1 iterations.
[gmrf_wind_mapping_node-2] [GMRF] MAP Mean value estimated in 9.50084 milliseconds
[gmrf_wind_mapping_node-2] --> MAP did not converge after 1 iterations.
[gmrf_wind_mapping_node-2] [GMRF] MAP Mean value estimated in 9.50839 milliseconds
[gmrf_wind_mapping_node-2] --> MAP did not converge after 1 iterations.
[gmrf_wind_mapping_node-2] [GMRF] MAP Mean value estimated in 9.50586 milliseconds
[gmrf_wind_mapping_node-2] --> MAP did not converge after 1 iterations.
[gmrf_wind_mapping_node-2] [GMRF] MAP Mean value estimated in 9.51171 milliseconds
[gmrf_wind_mapping_node-2] --> MAP did not converge after 1 iterations.
[gmrf_wind_mapping_node-2] [GMRF] MAP Mean value estimated in 9.50918 milliseconds
[gmrf_wind_mapping_node-2] --> MAP did not converge after 1 iterations.
[gmrf_wind_mapping_node-2] [GMRF] MAP Mean value estimated in 9.515 milliseconds
[gmrf_wind_mapping_node-2] --> MAP did not converge after 1 iterations.
[gmrf_wind_mapping_node-2] [GMRF] MAP Mean value estimated in 9.51414 milliseconds
[gmrf_wind_mapping_node-2] --> MAP did not converge after 1 iterations.
[gmrf_wind_mapping_node-2] [GMRF] MAP Mean value estimated in 9.52159 milliseconds
[gmrf_wind_mapping_node-2] --> MAP did not converge after 1 iterations.
[gmrf_wind_mapping_node-2] [GMRF] MAP Mean value estimated in 9.51741 milliseconds
[gsl_actionserver_node-3] [INFO] [1788883929.998366695] [GSL]: 10 gas measurements, 10 wind measurements over 1.93 seconds
[gsl_actionserver_node-3] [INFO] [1788883929.998433223] [GSL]: avg_gas=0.61;  avg_windSpeed=0.039;  avg_wind_dir=-0.89
[gsl_actionserver_node-3] [INFO] [1788883929.998994233] [GSL]: [33mGAS HIT[0m
[gsl_actionserver_node-3] [INFO] [1788883929.999006011] [GSL]: [DEBUG-WIND] useGroundTruth=false gmrf_req_size=631 gaden_req_size=-1
[gsl_actionserver_node-3] [INFO] [1788883929.999013100] [GSL]: [DEBUG-WIND] Taking GMRF path
[gsl_actionserver_node-3] [INFO] [1788883930.064373353] [GSL - Trace]: [32mEntering StopAndMeasure[0m
[gmrf_wind_mapping_node-2] --> MAP did not converge after 1 iterations.
[gmrf_wind_mapping_node-2] [GMRF] MAP Mean value estimated in 9.52318 milliseconds
[gmrf_wind_mapping_node-2] --> MAP did not converge after 1 iterations.
[gmrf_wind_mapping_node-2] [GMRF] MAP Mean value estimated in 9.52231 milliseconds
[gmrf_wind_mapping_node-2] --> MAP did not converge after 1 iterations.
[gmrf_wind_mapping_node-2] [GMRF] MAP Mean value estimated in 9.52805 milliseconds
[gmrf_wind_mapping_node-2] --> MAP did not converge after 1 iterations.
[gmrf_wind_mapping_node-2] [GMRF] MAP Mean value estimated in 9.53048 milliseconds
[gmrf_wind_mapping_node-2] --> MAP did not converge after 1 iterations.
[gmrf_wind_mapping_node-2] [GMRF] MAP Mean value estimated in 9.53947 milliseconds
[gmrf_wind_mapping_node-2] --> MAP did not converge after 1 iterations.
[gmrf_wind_mapping_node-2] [GMRF] MAP Mean value estimated in 9.53695 milliseconds
[gmrf_wind_mapping_node-2] --> MAP did not converge after 1 iterations.
[gmrf_wind_mapping_node-2] [GMRF] MAP Mean value estimated in 9.54262 milliseconds
[gmrf_wind_mapping_node-2] --> MAP did not converge after 1 iterations.
[gmrf_wind_mapping_node-2] [GMRF] MAP Mean value estimated in 9.54173 milliseconds
[gmrf_wind_mapping_node-2] --> MAP did not converge after 1 iterations.
[gmrf_wind_mapping_node-2] [GMRF] MAP Mean value estimated in 9.54248 milliseconds
[gmrf_wind_mapping_node-2] --> MAP did not converge after 1 iterations.
[gmrf_wind_mapping_node-2] [GMRF] MAP Mean value estimated in 9.53997 milliseconds
[gmrf_wind_mapping_node-2] --> MAP did not converge after 1 iterations.
[gmrf_wind_mapping_node-2] [GMRF] MAP Mean value estimated in 9.55212 milliseconds
[gmrf_wind_mapping_node-2] --> MAP did not converge after 1 iterations.
[gmrf_wind_mapping_node-2] [GMRF] MAP Mean value estimated in 9.55285 milliseconds
[gmrf_wind_mapping_node-2] --> MAP did not converge after 1 iterations.
[gmrf_wind_mapping_node-2] [GMRF] MAP Mean value estimated in 9.56331 milliseconds
[gmrf_wind_mapping_node-2] --> MAP did not converge after 1 iterations.
[gmrf_wind_mapping_node-2] [GMRF] MAP Mean value estimated in 9.56078 milliseconds
[gmrf_wind_mapping_node-2] --> MAP did not converge after 1 iterations.
[gmrf_wind_mapping_node-2] [GMRF] MAP Mean value estimated in 9.56311 milliseconds
[gmrf_wind_mapping_node-2] --> MAP did not converge after 1 iterations.
[gmrf_wind_mapping_node-2] [GMRF] MAP Mean value estimated in 9.56058 milliseconds
[gmrf_wind_mapping_node-2] --> MAP did not converge after 1 iterations.
[gmrf_wind_mapping_node-2] [GMRF] MAP Mean value estimated in 9.5629 milliseconds
[gmrf_wind_mapping_node-2] --> MAP did not converge after 1 iterations.
[gmrf_wind_mapping_node-2] [GMRF] MAP Mean value estimated in 9.56039 milliseconds
[gmrf_wind_mapping_node-2] --> MAP did not converge after 1 iterations.
[gmrf_wind_mapping_node-2] [GMRF] MAP Mean value estimated in 9.55627 milliseconds
[gmrf_wind_mapping_node-2] --> MAP did not converge after 1 iterations.
[gmrf_wind_mapping_node-2] [GMRF] MAP Mean value estimated in 9.55538 milliseconds
[gsl_actionserver_node-3] [INFO] [1788883931.998346662] [GSL]: 10 gas measurements, 10 wind measurements over 1.93 seconds
[gsl_actionserver_node-3] [INFO] [1788883931.998413890] [GSL]: avg_gas=0.61;  avg_windSpeed=0.048;  avg_wind_dir=-1.1
[gsl_actionserver_node-3] [INFO] [1788883931.999051596] [GSL]: [33mGAS HIT[0m
[gsl_actionserver_node-3] [INFO] [1788883931.999074314] [GSL]: [DEBUG-WIND] useGroundTruth=false gmrf_req_size=631 gaden_req_size=-1
[gsl_actionserver_node-3] [INFO] [1788883931.999081732] [GSL]: [DEBUG-WIND] Taking GMRF path
[gsl_actionserver_node-3] [INFO] [1788883932.064274275] [GSL]: [33mStarted simulations. Might take a while![0m
[gmrf_wind_mapping_node-2] --> MAP did not converge after 1 iterations.
[gmrf_wind_mapping_node-2] [GMRF] MAP Mean value estimated in 9.55128 milliseconds
[gmrf_wind_mapping_node-2] --> MAP did not converge after 1 iterations.
[gmrf_wind_mapping_node-2] [GMRF] MAP Mean value estimated in 9.5504 milliseconds
[gsl_actionserver_node-3] [INFO] [1788883932.178598403] [GSL - Trace]: [32mFirst simulation level done[0m
[gsl_actionserver_node-3] [INFO] [1788883932.178657935] [GSL]: [RC2-DIAG] scores_size=62 refineFraction=0.25 refine_product=15.5 valid_first_level=62 sum_sourceProbInternal_before_norm=0.015096245022787076 min_sourceProbInternal_before_norm=0 max_sourceProbInternal_before_norm=0.000661930836844933 finite_sourceProbInternal=1053 finite_varianceOfHitProb=1053
[gsl_actionserver_node-3] [INFO] [1788883932.265016749] [GSL - Trace]: [32mSimulation level 2 done[0m
[gmrf_wind_mapping_node-2] --> MAP did not converge after 1 iterations.
[gmrf_wind_mapping_node-2] [GMRF] MAP Mean value estimated in 9.5639 milliseconds
[gsl_actionserver_node-3] [INFO] [1788883932.319134739] [GSL - Trace]: [32mSimulation level 3 done[0m
[gsl_actionserver_node-3] [INFO] [1788883932.339958088] [GSL - Trace]: [32mSimulation level 4 done[0m
[gsl_actionserver_node-3] [INFO] [1788883932.340739561] [GSL - Trace]: [32mSimulation level 5 done[0m
[gsl_actionserver_node-3] [INFO] [1788883932.341366523] [GSL]: Number of levels in the simulation: 5
[gsl_actionserver_node-3] [INFO] [1788883932.341598291] [GSL]: Total number of simulations: 150
[gsl_actionserver_node-3] [INFO] [1788883932.341751109] [GSL]: [RC2-DIAG] normalized_finite_count=1053 normalized_sum=1
[gsl_actionserver_node-3] [INFO] [1788883932.341760710] [GSL]: Time ellapsed in simulation = 0.277416347 s
[gsl_actionserver_node-3] [INFO] [1788883932.346424401] [GSL]: Max mutual info: 2.602
[gsl_actionserver_node-3] [INFO] [1788883932.346593356] [GSL]: MutualInformation - Ellapsed: 0.005s
[vgr_sim_node-1] [WARN] [1788883932.358501715] [vgr_uav_sim]: PLAN_CB: called with goal=(-3.44,-2.50)
[vgr_sim_node-1] [WARN] [1788883932.359711716] [vgr_uav_sim]: PLAN_CB: returning 5 poses
[vgr_sim_node-1] [WARN] [1788883932.371829511] [vgr_uav_sim]: PLAN_CB: called with goal=(-3.44,-2.50)
[gmrf_wind_mapping_node-2] --> MAP did not converge after 1 iterations.
[gmrf_wind_mapping_node-2] [GMRF] MAP Mean value estimated in 9.563 milliseconds
[vgr_sim_node-1] [WARN] [1788883932.373385518] [vgr_uav_sim]: PLAN_CB: returning 5 poses
[gsl_actionserver_node-3] [INFO] [1788883932.382021880] [GSL]: Sending goal (-3.44, -2.50)
[gsl_actionserver_node-3] [INFO] [1788883932.382592113] [GSL]: Variance: 0.68
[gsl_actionserver_node-3] [INFO] [1788883932.382613312] [GSL - Trace]: [32mEntering Moving[0m
[vgr_sim_node-1] [INFO] [1788883932.383624340] [vgr_uav_sim]: Prepared 5 collision-free navigation waypoints to (-3.44, -2.50)
[vgr_sim_node-1] [INFO] [1788883932.384659072] [vgr_uav_sim]: UAV navigating in audited 2-D mode to (-3.44, -2.50, 0.30)
[gmrf_wind_mapping_node-2] --> MAP did not converge after 1 iterations.
[gmrf_wind_mapping_node-2] [GMRF] MAP Mean value estimated in 9.57166 milliseconds
[gmrf_wind_mapping_node-2] --> MAP did not converge after 1 iterations.
[gmrf_wind_mapping_node-2] [GMRF] MAP Mean value estimated in 9.56916 milliseconds
[gmrf_wind_mapping_node-2] --> MAP did not converge after 1 iterations.
[gmrf_wind_mapping_node-2] [GMRF] MAP Mean value estimated in 9.57937 milliseconds
[gmrf_wind_mapping_node-2] --> MAP did not converge after 1 iterations.
[gmrf_wind_mapping_node-2] [GMRF] MAP Mean value estimated in 9.57686 milliseconds
[gmrf_wind_mapping_node-2] --> MAP did not converge after 1 iterations.
[gmrf_wind_mapping_node-2] [GMRF] MAP Mean value estimated in 9.57278 milliseconds
[gmrf_wind_mapping_node-2] --> MAP did not converge after 1 iterations.
[gmrf_wind_mapping_node-2] [GMRF] MAP Mean value estimated in 9.56872 milliseconds
[gmrf_wind_mapping_node-2] --> MAP did not converge after 1 iterations.
[gmrf_wind_mapping_node-2] [GMRF] MAP Mean value estimated in 9.56467 milliseconds
[gmrf_wind_mapping_node-2] --> MAP did not converge after 1 iterations.
[gmrf_wind_mapping_node-2] [GMRF] MAP Mean value estimated in 9.55906 milliseconds
[gsl_actionserver_node-3] [INFO] [1788883933.193921068] [GSL - Trace]: [32mEntering StopAndMeasure[0m
[gmrf_wind_mapping_node-2] --> MAP did not converge after 1 iterations.
[gmrf_wind_mapping_node-2] [GMRF] MAP Mean value estimated in 9.55503 milliseconds
[gmrf_wind_mapping_node-2] --> MAP did not converge after 1 iterations.
[gmrf_wind_mapping_node-2] [GMRF] MAP Mean value estimated in 9.55573 milliseconds
[gmrf_wind_mapping_node-2] --> MAP did not converge after 1 iterations.
[gmrf_wind_mapping_node-2] [GMRF] MAP Mean value estimated in 9.55172 milliseconds
[gmrf_wind_mapping_node-2] --> MAP did not converge after 1 iterations.
[gmrf_wind_mapping_node-2] [GMRF] MAP Mean value estimated in 9.5493 milliseconds
[gmrf_wind_mapping_node-2] --> MAP did not converge after 1 iterations.
[gmrf_wind_mapping_node-2] [GMRF] MAP Mean value estimated in 9.54844 milliseconds
[gmrf_wind_mapping_node-2] --> MAP did not converge after 1 iterations.
[gmrf_wind_mapping_node-2] [GMRF] MAP Mean value estimated in 9.54446 milliseconds
[gmrf_wind_mapping_node-2] --> MAP did not converge after 1 iterations.
[gmrf_wind_mapping_node-2] [GMRF] MAP Mean value estimated in 9.5405 milliseconds
[gmrf_wind_mapping_node-2] --> MAP did not converge after 1 iterations.
[gmrf_wind_mapping_node-2] [GMRF] MAP Mean value estimated in 9.53655 milliseconds
[gmrf_wind_mapping_node-2] --> MAP did not converge after 1 iterations.
[gmrf_wind_mapping_node-2] [GMRF] MAP Mean value estimated in 9.54348 milliseconds
[gmrf_wind_mapping_node-2] --> MAP did not converge after 1 iterations.
[gmrf_wind_mapping_node-2] [GMRF] MAP Mean value estimated in 9.54729 milliseconds
[gmrf_wind_mapping_node-2] --> MAP did not converge after 1 iterations.
[gmrf_wind_mapping_node-2] [GMRF] MAP Mean value estimated in 9.54334 milliseconds
[gmrf_wind_mapping_node-2] --> MAP did not converge after 1 iterations.
[gmrf_wind_mapping_node-2] [GMRF] MAP Mean value estimated in 9.54096 milliseconds
[gmrf_wind_mapping_node-2] --> MAP did not converge after 1 iterations.
[gmrf_wind_mapping_node-2] [GMRF] MAP Mean value estimated in 9.54012 milliseconds
[gmrf_wind_mapping_node-2] --> MAP did not converge after 1 iterations.
[gmrf_wind_mapping_node-2] [GMRF] MAP Mean value estimated in 9.53929 milliseconds
[gmrf_wind_mapping_node-2] --> MAP did not converge after 1 iterations.
[gmrf_wind_mapping_node-2] [GMRF] MAP Mean value estimated in 9.54769 milliseconds
[gmrf_wind_mapping_node-2] --> MAP did not converge after 1 iterations.
[gmrf_wind_mapping_node-2] [GMRF] MAP Mean value estimated in 9.54685 milliseconds
[gmrf_wind_mapping_node-2] --> MAP did not converge after 1 iterations.
[gmrf_wind_mapping_node-2] [GMRF] MAP Mean value estimated in 9.54601 milliseconds
[gmrf_wind_mapping_node-2] --> MAP did not converge after 1 iterations.
[gmrf_wind_mapping_node-2] [GMRF] MAP Mean value estimated in 9.54364 milliseconds
[gmrf_wind_mapping_node-2] --> MAP did not converge after 1 iterations.
[gmrf_wind_mapping_node-2] [GMRF] MAP Mean value estimated in 9.54893 milliseconds
[gmrf_wind_mapping_node-2] --> MAP did not converge after 1 iterations.
[gmrf_wind_mapping_node-2] [GMRF] MAP Mean value estimated in 9.54656 milliseconds
[gsl_actionserver_node-3] [INFO] [1788883935.173301763] [GSL]: 10 gas measurements, 10 wind measurements over 1.98 seconds
[gsl_actionserver_node-3] [INFO] [1788883935.173334769] [GSL]: avg_gas=0.63;  avg_windSpeed=0.039;  avg_wind_dir=-2.1
[gsl_actionserver_node-3] [INFO] [1788883935.173915937] [GSL]: [33mGAS HIT[0m
[gsl_actionserver_node-3] [INFO] [1788883935.173926073] [GSL]: [DEBUG-WIND] useGroundTruth=false gmrf_req_size=631 gaden_req_size=-1
[gsl_actionserver_node-3] [INFO] [1788883935.173932875] [GSL]: [DEBUG-WIND] Taking GMRF path
[gsl_actionserver_node-3] [INFO] [1788883935.264394687] [GSL - Trace]: [32mEntering StopAndMeasure[0m
[gmrf_wind_mapping_node-2] --> MAP did not converge after 1 iterations.
[gmrf_wind_mapping_node-2] [GMRF] MAP Mean value estimated in 9.56098 milliseconds
[gmrf_wind_mapping_node-2] --> MAP did not converge after 1 iterations.
[gmrf_wind_mapping_node-2] [GMRF] MAP Mean value estimated in 9.5586 milliseconds
[gmrf_wind_mapping_node-2] --> MAP did not converge after 1 iterations.
[gmrf_wind_mapping_node-2] [GMRF] MAP Mean value estimated in 9.56687 milliseconds
[gmrf_wind_mapping_node-2] --> MAP did not converge after 1 iterations.
[gmrf_wind_mapping_node-2] [GMRF] MAP Mean value estimated in 9.56601 milliseconds
[gmrf_wind_mapping_node-2] --> MAP did not converge after 1 iterations.
[gmrf_wind_mapping_node-2] [GMRF] MAP Mean value estimated in 9.56212 milliseconds
[gmrf_wind_mapping_node-2] --> MAP did not converge after 1 iterations.
[gmrf_wind_mapping_node-2] [GMRF] MAP Mean value estimated in 9.55825 milliseconds
[gmrf_wind_mapping_node-2] --> MAP did not converge after 1 iterations.
[gmrf_wind_mapping_node-2] [GMRF] MAP Mean value estimated in 9.55438 milliseconds
[gmrf_wind_mapping_node-2] --> MAP did not converge after 1 iterations.
[gmrf_wind_mapping_node-2] [GMRF] MAP Mean value estimated in 9.55053 milliseconds
[gmrf_wind_mapping_node-2] --> MAP did not converge after 1 iterations.
[gmrf_wind_mapping_node-2] [GMRF] MAP Mean value estimated in 9.55271 milliseconds
[gmrf_wind_mapping_node-2] --> MAP did not converge after 1 iterations.
[gmrf_wind_mapping_node-2] [GMRF] MAP Mean value estimated in 9.54887 milliseconds
[gmrf_wind_mapping_node-2] --> MAP did not converge after 1 iterations.
[gmrf_wind_mapping_node-2] [GMRF] MAP Mean value estimated in 9.55255 milliseconds
[gmrf_wind_mapping_node-2] --> MAP did not converge after 1 iterations.
[gmrf_wind_mapping_node-2] [GMRF] MAP Mean value estimated in 9.55022 milliseconds
[gmrf_wind_mapping_node-2] --> MAP did not converge after 1 iterations.
[gmrf_wind_mapping_node-2] [GMRF] MAP Mean value estimated in 9.55539 milliseconds
[gmrf_wind_mapping_node-2] --> MAP did not converge after 1 iterations.
[gmrf_wind_mapping_node-2] [GMRF] MAP Mean value estimated in 9.55306 milliseconds
[gmrf_wind_mapping_node-2] --> MAP did not converge after 1 iterations.
[gmrf_wind_mapping_node-2] [GMRF] MAP Mean value estimated in 9.56119 milliseconds
[gmrf_wind_mapping_node-2] --> MAP did not converge after 1 iterations.
[gmrf_wind_mapping_node-2] [GMRF] MAP Mean value estimated in 9.55887 milliseconds
[gmrf_wind_mapping_node-2] --> MAP did not converge after 1 iterations.
[gmrf_wind_mapping_node-2] [GMRF] MAP Mean value estimated in 9.56399 milliseconds
[gmrf_wind_mapping_node-2] --> MAP did not converge after 1 iterations.
[gmrf_wind_mapping_node-2] [GMRF] MAP Mean value estimated in 9.56909 milliseconds
[gmrf_wind_mapping_node-2] --> MAP did not converge after 1 iterations.
[gmrf_wind_mapping_node-2] [GMRF] MAP Mean value estimated in 9.57567 milliseconds
[gmrf_wind_mapping_node-2] --> MAP did not converge after 1 iterations.
[gmrf_wind_mapping_node-2] [GMRF] MAP Mean value estimated in 9.57481 milliseconds
[gsl_actionserver_node-3] [INFO] [1788883937.183586917] [GSL]: 10 gas measurements, 10 wind measurements over 1.92 seconds
[gsl_actionserver_node-3] [INFO] [1788883937.183668007] [GSL]: avg_gas=0.63;  avg_windSpeed=0.028;  avg_wind_dir=-0.81
[gsl_actionserver_node-3] [INFO] [1788883937.184495004] [GSL]: [33mGAS HIT[0m
[gsl_actionserver_node-3] [INFO] [1788883937.184508470] [GSL]: [DEBUG-WIND] useGroundTruth=false gmrf_req_size=631 gaden_req_size=-1
[gsl_actionserver_node-3] [INFO] [1788883937.184517747] [GSL]: [DEBUG-WIND] Taking GMRF path
[gsl_actionserver_node-3] [INFO] [1788883937.263958074] [GSL - Trace]: [32mEntering StopAndMeasure[0m
[gmrf_wind_mapping_node-2] --> MAP did not converge after 1 iterations.
[gmrf_wind_mapping_node-2] [GMRF] MAP Mean value estimated in 9.57396 milliseconds
[gmrf_wind_mapping_node-2] --> MAP did not converge after 1 iterations.
[gmrf_wind_mapping_node-2] [GMRF] MAP Mean value estimated in 9.57607 milliseconds
[gmrf_wind_mapping_node-2] --> MAP did not converge after 1 iterations.
[gmrf_wind_mapping_node-2] [GMRF] MAP Mean value estimated in 9.5826 milliseconds
[gmrf_wind_mapping_node-2] --> MAP did not converge after 1 iterations.
[gmrf_wind_mapping_node-2] [GMRF] MAP Mean value estimated in 9.58174 milliseconds
[gmrf_wind_mapping_node-2] --> MAP did not converge after 1 iterations.
[gmrf_wind_mapping_node-2] [GMRF] MAP Mean value estimated in 9.58971 milliseconds
[gmrf_wind_mapping_node-2] --> MAP did not converge after 1 iterations.
[gmrf_wind_mapping_node-2] [GMRF] MAP Mean value estimated in 9.59031 milliseconds
[gmrf_wind_mapping_node-2] --> MAP did not converge after 1 iterations.
[gmrf_wind_mapping_node-2] [GMRF] MAP Mean value estimated in 9.59531 milliseconds
[gmrf_wind_mapping_node-2] --> MAP did not converge after 1 iterations.
[gmrf_wind_mapping_node-2] [GMRF] MAP Mean value estimated in 9.5959 milliseconds
[gmrf_wind_mapping_node-2] --> MAP did not converge after 1 iterations.
[gmrf_wind_mapping_node-2] [GMRF] MAP Mean value estimated in 9.60088 milliseconds
[gmrf_wind_mapping_node-2] --> MAP did not converge after 1 iterations.
[gmrf_wind_mapping_node-2] [GMRF] MAP Mean value estimated in 9.60292 milliseconds
[gmrf_wind_mapping_node-2] --> MAP did not converge after 1 iterations.
[gmrf_wind_mapping_node-2] [GMRF] MAP Mean value estimated in 9.59913 milliseconds
[gmrf_wind_mapping_node-2] --> MAP did not converge after 1 iterations.
[gmrf_wind_mapping_node-2] [GMRF] MAP Mean value estimated in 9.60262 milliseconds
[gmrf_wind_mapping_node-2] --> MAP did not converge after 1 iterations.
[gmrf_wind_mapping_node-2] [GMRF] MAP Mean value estimated in 9.60756 milliseconds
[gmrf_wind_mapping_node-2] --> MAP did not converge after 1 iterations.
[gmrf_wind_mapping_node-2] [GMRF] MAP Mean value estimated in 9.60668 milliseconds
[gmrf_wind_mapping_node-2] --> MAP did not converge after 1 iterations.
[gmrf_wind_mapping_node-2] [GMRF] MAP Mean value estimated in 9.61449 milliseconds
[gmrf_wind_mapping_node-2] --> MAP did not converge after 1 iterations.
[gmrf_wind_mapping_node-2] [GMRF] MAP Mean value estimated in 9.61505 milliseconds
[gmrf_wind_mapping_node-2] --> MAP did not converge after 1 iterations.
[gmrf_wind_mapping_node-2] [GMRF] MAP Mean value estimated in 9.61127 milliseconds
[gmrf_wind_mapping_node-2] --> MAP did not converge after 1 iterations.
[gmrf_wind_mapping_node-2] [GMRF] MAP Mean value estimated in 9.6075 milliseconds
[gmrf_wind_mapping_node-2] --> MAP did not converge after 1 iterations.
[gmrf_wind_mapping_node-2] [GMRF] MAP Mean value estimated in 9.60375 milliseconds
[gmrf_wind_mapping_node-2] --> MAP did not converge after 1 iterations.
[gmrf_wind_mapping_node-2] [GMRF] MAP Mean value estimated in 9.6 milliseconds
[gsl_actionserver_node-3] [INFO] [1788883939.183502704] [GSL]: 10 gas measurements, 10 wind measurements over 1.92 seconds
[gsl_actionserver_node-3] [INFO] [1788883939.183998445] [GSL]: avg_gas=0.63;  avg_windSpeed=0.039;  avg_wind_dir=-2.1
[gsl_actionserver_node-3] [INFO] [1788883939.184613749] [GSL]: [33mGAS HIT[0m
[gsl_actionserver_node-3] [INFO] [1788883939.184637038] [GSL]: [DEBUG-WIND] useGroundTruth=false gmrf_req_size=631 gaden_req_size=-1
[gsl_actionserver_node-3] [INFO] [1788883939.184644037] [GSL]: [DEBUG-WIND] Taking GMRF path
[gsl_actionserver_node-3] [INFO] [1788883939.263981973] [GSL - Trace]: [32mEntering StopAndMeasure[0m
[gmrf_wind_mapping_node-2] --> MAP did not converge after 1 iterations.
[gmrf_wind_mapping_node-2] [GMRF] MAP Mean value estimated in 9.59626 milliseconds
[gmrf_wind_mapping_node-2] --> MAP did not converge after 1 iterations.
[gmrf_wind_mapping_node-2] [GMRF] MAP Mean value estimated in 9.59254 milliseconds
[gmrf_wind_mapping_node-2] --> MAP did not converge after 1 iterations.
[gmrf_wind_mapping_node-2] [GMRF] MAP Mean value estimated in 9.59885 milliseconds
[gmrf_wind_mapping_node-2] --> MAP did not converge after 1 iterations.
[gmrf_wind_mapping_node-2] [GMRF] MAP Mean value estimated in 9.59657 milliseconds
[gmrf_wind_mapping_node-2] --> MAP did not converge after 1 iterations.
[gmrf_wind_mapping_node-2] [GMRF] MAP Mean value estimated in 9.6 milliseconds
[gmrf_wind_mapping_node-2] --> MAP did not converge after 1 iterations.
[gmrf_wind_mapping_node-2] [GMRF] MAP Mean value estimated in 9.60057 milliseconds
[gmrf_wind_mapping_node-2] --> MAP did not converge after 1 iterations.
[gmrf_wind_mapping_node-2] [GMRF] MAP Mean value estimated in 9.60541 milliseconds
[gmrf_wind_mapping_node-2] --> MAP did not converge after 1 iterations.
[gmrf_wind_mapping_node-2] [GMRF] MAP Mean value estimated in 9.61166 milliseconds
[gmrf_wind_mapping_node-2] --> MAP did not converge after 1 iterations.
[gmrf_wind_mapping_node-2] [GMRF] MAP Mean value estimated in 9.60795 milliseconds
[gmrf_wind_mapping_node-2] --> MAP did not converge after 1 iterations.
[gmrf_wind_mapping_node-2] [GMRF] MAP Mean value estimated in 9.60567 milliseconds
[gmrf_wind_mapping_node-2] --> MAP did not converge after 1 iterations.
[gmrf_wind_mapping_node-2] [GMRF] MAP Mean value estimated in 9.6119 milliseconds
[gmrf_wind_mapping_node-2] --> MAP did not converge after 1 iterations.
[gmrf_wind_mapping_node-2] [GMRF] MAP Mean value estimated in 9.61386 milliseconds
[gmrf_wind_mapping_node-2] --> MAP did not converge after 1 iterations.
[gmrf_wind_mapping_node-2] [GMRF] MAP Mean value estimated in 9.61158 milliseconds
[gmrf_wind_mapping_node-2] --> MAP did not converge after 1 iterations.
[gmrf_wind_mapping_node-2] [GMRF] MAP Mean value estimated in 9.60931 milliseconds
[gmrf_wind_mapping_node-2] --> MAP did not converge after 1 iterations.
[gmrf_wind_mapping_node-2] [GMRF] MAP Mean value estimated in 9.61549 milliseconds
[gmrf_wind_mapping_node-2] --> MAP did not converge after 1 iterations.
[gmrf_wind_mapping_node-2] [GMRF] MAP Mean value estimated in 9.61181 milliseconds
[gmrf_wind_mapping_node-2] --> MAP did not converge after 1 iterations.
[gmrf_wind_mapping_node-2] [GMRF] MAP Mean value estimated in 9.61657 milliseconds
[gmrf_wind_mapping_node-2] --> MAP did not converge after 1 iterations.
[gmrf_wind_mapping_node-2] [GMRF] MAP Mean value estimated in 9.6129 milliseconds
[gmrf_wind_mapping_node-2] --> MAP did not converge after 1 iterations.
[gmrf_wind_mapping_node-2] [GMRF] MAP Mean value estimated in 9.61625 milliseconds
[gmrf_wind_mapping_node-2] --> MAP did not converge after 1 iterations.
[gmrf_wind_mapping_node-2] [GMRF] MAP Mean value estimated in 9.61538 milliseconds
[gsl_actionserver_node-3] [INFO] [1788883941.183513135] [GSL]: 10 gas measurements, 10 wind measurements over 1.92 seconds
[gsl_actionserver_node-3] [INFO] [1788883941.183581974] [GSL]: avg_gas=0.64;  avg_windSpeed=0.028;  avg_wind_dir=-0.81
[gsl_actionserver_node-3] [INFO] [1788883941.184335987] [GSL]: [33mGAS HIT[0m
[gsl_actionserver_node-3] [INFO] [1788883941.184349513] [GSL]: [DEBUG-WIND] useGroundTruth=false gmrf_req_size=631 gaden_req_size=-1
[gsl_actionserver_node-3] [INFO] [1788883941.184358089] [GSL]: [DEBUG-WIND] Taking GMRF path
[gsl_actionserver_node-3] [INFO] [1788883941.264316305] [GSL - Trace]: [32mEntering StopAndMeasure[0m
[gmrf_wind_mapping_node-2] --> MAP did not converge after 1 iterations.
[gmrf_wind_mapping_node-2] [GMRF] MAP Mean value estimated in 9.6243 milliseconds
[gmrf_wind_mapping_node-2] --> MAP did not converge after 1 iterations.
[gmrf_wind_mapping_node-2] [GMRF] MAP Mean value estimated in 9.62064 milliseconds
[gmrf_wind_mapping_node-2] --> MAP did not converge after 1 iterations.
[gmrf_wind_mapping_node-2] [GMRF] MAP Mean value estimated in 9.63092 milliseconds
[gmrf_wind_mapping_node-2] --> MAP did not converge after 1 iterations.
[gmrf_wind_mapping_node-2] [GMRF] MAP Mean value estimated in 9.62726 milliseconds
[gmrf_wind_mapping_node-2] --> MAP did not converge after 1 iterations.
[gmrf_wind_mapping_node-2] [GMRF] MAP Mean value estimated in 9.63194 milliseconds
[gmrf_wind_mapping_node-2] --> MAP did not converge after 1 iterations.
[gmrf_wind_mapping_node-2] [GMRF] MAP Mean value estimated in 9.62968 milliseconds
[gmrf_wind_mapping_node-2] --> MAP did not converge after 1 iterations.
[gmrf_wind_mapping_node-2] [GMRF] MAP Mean value estimated in 9.63573 milliseconds
[gmrf_wind_mapping_node-2] --> MAP did not converge after 1 iterations.
[gmrf_wind_mapping_node-2] [GMRF] MAP Mean value estimated in 9.64039 milliseconds
[gmrf_wind_mapping_node-2] --> MAP did not converge after 1 iterations.
[gmrf_wind_mapping_node-2] [GMRF] MAP Mean value estimated in 9.64641 milliseconds
[gmrf_wind_mapping_node-2] --> MAP did not converge after 1 iterations.
[gmrf_wind_mapping_node-2] [GMRF] MAP Mean value estimated in 9.64552 milliseconds
[gmrf_wind_mapping_node-2] --> MAP did not converge after 1 iterations.
[gmrf_wind_mapping_node-2] [GMRF] MAP Mean value estimated in 9.65289 milliseconds
[gmrf_wind_mapping_node-2] --> MAP did not converge after 1 iterations.
[gmrf_wind_mapping_node-2] [GMRF] MAP Mean value estimated in 9.64924 milliseconds
[gmrf_wind_mapping_node-2] --> MAP did not converge after 1 iterations.
[gmrf_wind_mapping_node-2] [GMRF] MAP Mean value estimated in 9.65522 milliseconds
[gmrf_wind_mapping_node-2] --> MAP did not converge after 1 iterations.
[gmrf_wind_mapping_node-2] [GMRF] MAP Mean value estimated in 9.65158 milliseconds
[gmrf_wind_mapping_node-2] --> MAP did not converge after 1 iterations.
[gmrf_wind_mapping_node-2] [GMRF] MAP Mean value estimated in 9.65616 milliseconds
[gmrf_wind_mapping_node-2] --> MAP did not converge after 1 iterations.
[gmrf_wind_mapping_node-2] [GMRF] MAP Mean value estimated in 9.66074 milliseconds
[gmrf_wind_mapping_node-2] --> MAP did not converge after 1 iterations.
[gmrf_wind_mapping_node-2] [GMRF] MAP Mean value estimated in 9.66257 milliseconds
[gmrf_wind_mapping_node-2] --> MAP did not converge after 1 iterations.
[gmrf_wind_mapping_node-2] [GMRF] MAP Mean value estimated in 9.66576 milliseconds
[gmrf_wind_mapping_node-2] --> MAP did not converge after 1 iterations.
[gmrf_wind_mapping_node-2] [GMRF] MAP Mean value estimated in 9.66621 milliseconds
[gmrf_wind_mapping_node-2] --> MAP did not converge after 1 iterations.
[gmrf_wind_mapping_node-2] [GMRF] MAP Mean value estimated in 9.66939 milliseconds
[gsl_actionserver_node-3] [INFO] [1788883943.183712753] [GSL]: 10 gas measurements, 10 wind measurements over 1.92 seconds
[gsl_actionserver_node-3] [INFO] [1788883943.184126045] [GSL]: avg_gas=0.64;  avg_windSpeed=0.039;  avg_wind_dir=-2.1
[gsl_actionserver_node-3] [INFO] [1788883943.184919926] [GSL]: [33mGAS HIT[0m
[gsl_actionserver_node-3] [INFO] [1788883943.184934097] [GSL]: [DEBUG-WIND] useGroundTruth=false gmrf_req_size=631 gaden_req_size=-1
[gsl_actionserver_node-3] [INFO] [1788883943.184943430] [GSL]: [DEBUG-WIND] Taking GMRF path
[gsl_actionserver_node-3] [INFO] [1788883943.265196431] [GSL - Trace]: [32mEntering StopAndMeasure[0m
[gmrf_wind_mapping_node-2] --> MAP did not converge after 1 iterations.
[gmrf_wind_mapping_node-2] [GMRF] MAP Mean value estimated in 9.6712 milliseconds
[gmrf_wind_mapping_node-2] --> MAP did not converge after 1 iterations.
[gmrf_wind_mapping_node-2] [GMRF] MAP Mean value estimated in 9.67164 milliseconds
[gmrf_wind_mapping_node-2] --> MAP did not converge after 1 iterations.
[gmrf_wind_mapping_node-2] [GMRF] MAP Mean value estimated in 9.67886 milliseconds
[gmrf_wind_mapping_node-2] --> MAP did not converge after 1 iterations.
[gmrf_wind_mapping_node-2] [GMRF] MAP Mean value estimated in 9.67524 milliseconds
[gmrf_wind_mapping_node-2] --> MAP did not converge after 1 iterations.
[gmrf_wind_mapping_node-2] [GMRF] MAP Mean value estimated in 9.68649 milliseconds
[gmrf_wind_mapping_node-2] --> MAP did not converge after 1 iterations.
[gmrf_wind_mapping_node-2] [GMRF] MAP Mean value estimated in 9.68556 milliseconds
[gmrf_wind_mapping_node-2] --> MAP did not converge after 1 iterations.
[gmrf_wind_mapping_node-2] [GMRF] MAP Mean value estimated in 9.69272 milliseconds
[gmrf_wind_mapping_node-2] --> MAP did not converge after 1 iterations.
[gmrf_wind_mapping_node-2] [GMRF] MAP Mean value estimated in 9.69852 milliseconds
[gmrf_wind_mapping_node-2] --> MAP did not converge after 1 iterations.
[gmrf_wind_mapping_node-2] [GMRF] MAP Mean value estimated in 9.70027 milliseconds
[gmrf_wind_mapping_node-2] --> MAP did not converge after 1 iterations.
[gmrf_wind_mapping_node-2] [GMRF] MAP Mean value estimated in 9.70201 milliseconds
[gmrf_wind_mapping_node-2] --> MAP did not converge after 1 iterations.
[gmrf_wind_mapping_node-2] [GMRF] MAP Mean value estimated in 9.71046 milliseconds
[gmrf_wind_mapping_node-2] --> MAP did not converge after 1 iterations.
[gmrf_wind_mapping_node-2] [GMRF] MAP Mean value estimated in 9.7095 milliseconds
[gmrf_wind_mapping_node-2] --> MAP did not converge after 1 iterations.
[gmrf_wind_mapping_node-2] [GMRF] MAP Mean value estimated in 9.71791 milliseconds
[gmrf_wind_mapping_node-2] --> MAP did not converge after 1 iterations.
[gmrf_wind_mapping_node-2] [GMRF] MAP Mean value estimated in 9.71562 milliseconds
[gmrf_wind_mapping_node-2] --> MAP did not converge after 1 iterations.
[gmrf_wind_mapping_node-2] [GMRF] MAP Mean value estimated in 9.712 milliseconds
[gmrf_wind_mapping_node-2] --> MAP did not converge after 1 iterations.
[gmrf_wind_mapping_node-2] [GMRF] MAP Mean value estimated in 9.70972 milliseconds
[gmrf_wind_mapping_node-2] --> MAP did not converge after 1 iterations.
[gmrf_wind_mapping_node-2] [GMRF] MAP Mean value estimated in 9.71543 milliseconds
[gmrf_wind_mapping_node-2] --> MAP did not converge after 1 iterations.
[gmrf_wind_mapping_node-2] [GMRF] MAP Mean value estimated in 9.71315 milliseconds
[gmrf_wind_mapping_node-2] --> MAP did not converge after 1 iterations.
[gmrf_wind_mapping_node-2] [GMRF] MAP Mean value estimated in 9.71883 milliseconds
[gmrf_wind_mapping_node-2] --> MAP did not converge after 1 iterations.
[gmrf_wind_mapping_node-2] [GMRF] MAP Mean value estimated in 9.71788 milliseconds
[gsl_actionserver_node-3] [INFO] [1788883945.183557666] [GSL]: 10 gas measurements, 10 wind measurements over 1.92 seconds
[gsl_actionserver_node-3] [INFO] [1788883945.183624072] [GSL]: avg_gas=0.63;  avg_windSpeed=0.028;  avg_wind_dir=-0.81
[gsl_actionserver_node-3] [INFO] [1788883945.184308374] [GSL]: [33mGAS HIT[0m
[gsl_actionserver_node-3] [INFO] [1788883945.184320528] [GSL]: [DEBUG-WIND] useGroundTruth=false gmrf_req_size=631 gaden_req_size=-1
[gsl_actionserver_node-3] [INFO] [1788883945.184328690] [GSL]: [DEBUG-WIND] Taking GMRF path
[gsl_actionserver_node-3] [INFO] [1788883945.264048974] [GSL - Trace]: [32mEntering StopAndMeasure[0m
[gmrf_wind_mapping_node-2] --> MAP did not converge after 1 iterations.
[gmrf_wind_mapping_node-2] [GMRF] MAP Mean value estimated in 9.71693 milliseconds
[gmrf_wind_mapping_node-2] --> MAP did not converge after 1 iterations.
[gmrf_wind_mapping_node-2] [GMRF] MAP Mean value estimated in 9.71598 milliseconds
[gmrf_wind_mapping_node-2] --> MAP did not converge after 1 iterations.
[gmrf_wind_mapping_node-2] [GMRF] MAP Mean value estimated in 9.7124 milliseconds
[gmrf_wind_mapping_node-2] --> MAP did not converge after 1 iterations.
[gmrf_wind_mapping_node-2] [GMRF] MAP Mean value estimated in 9.71014 milliseconds
[gmrf_wind_mapping_node-2] --> MAP did not converge after 1 iterations.
[gmrf_wind_mapping_node-2] [GMRF] MAP Mean value estimated in 9.70789 milliseconds
[gmrf_wind_mapping_node-2] --> MAP did not converge after 1 iterations.
[gmrf_wind_mapping_node-2] [GMRF] MAP Mean value estimated in 9.71222 milliseconds
[gmrf_wind_mapping_node-2] --> MAP did not converge after 1 iterations.
[gmrf_wind_mapping_node-2] [GMRF] MAP Mean value estimated in 9.70866 milliseconds
[gmrf_wind_mapping_node-2] --> MAP did not converge after 1 iterations.
[gmrf_wind_mapping_node-2] [GMRF] MAP Mean value estimated in 9.70642 milliseconds
[gmrf_wind_mapping_node-2] --> MAP did not converge after 1 iterations.
[gmrf_wind_mapping_node-2] [GMRF] MAP Mean value estimated in 9.70812 milliseconds
[gmrf_wind_mapping_node-2] --> MAP did not converge after 1 iterations.
[gmrf_wind_mapping_node-2] [GMRF] MAP Mean value estimated in 9.70458 milliseconds
[gmrf_wind_mapping_node-2] --> MAP did not converge after 1 iterations.
[gmrf_wind_mapping_node-2] [GMRF] MAP Mean value estimated in 9.70104 milliseconds
[gmrf_wind_mapping_node-2] --> MAP did not converge after 1 iterations.
[gmrf_wind_mapping_node-2] [GMRF] MAP Mean value estimated in 9.70404 milliseconds
[gmrf_wind_mapping_node-2] --> MAP did not converge after 1 iterations.
[gmrf_wind_mapping_node-2] [GMRF] MAP Mean value estimated in 9.71224 milliseconds
[gmrf_wind_mapping_node-2] --> MAP did not converge after 1 iterations.
[gmrf_wind_mapping_node-2] [GMRF] MAP Mean value estimated in 9.70871 milliseconds
[gmrf_wind_mapping_node-2] --> MAP did not converge after 1 iterations.
[gmrf_wind_mapping_node-2] [GMRF] MAP Mean value estimated in 9.71299 milliseconds
[gmrf_wind_mapping_node-2] --> MAP did not converge after 1 iterations.
[gmrf_wind_mapping_node-2] [GMRF] MAP Mean value estimated in 9.71077 milliseconds
[gmrf_wind_mapping_node-2] --> MAP did not converge after 1 iterations.
[gmrf_wind_mapping_node-2] [GMRF] MAP Mean value estimated in 9.72021 milliseconds
[gmrf_wind_mapping_node-2] --> MAP did not converge after 1 iterations.
[gmrf_wind_mapping_node-2] [GMRF] MAP Mean value estimated in 9.72186 milliseconds
[gmrf_wind_mapping_node-2] --> MAP did not converge after 1 iterations.
[gmrf_wind_mapping_node-2] [GMRF] MAP Mean value estimated in 9.72351 milliseconds
[gmrf_wind_mapping_node-2] --> MAP did not converge after 1 iterations.
[gmrf_wind_mapping_node-2] [GMRF] MAP Mean value estimated in 9.72516 milliseconds
[gsl_actionserver_node-3] [INFO] [1788883947.183499238] [GSL]: 10 gas measurements, 10 wind measurements over 1.92 seconds
[gsl_actionserver_node-3] [INFO] [1788883947.183780714] [GSL]: avg_gas=0.64;  avg_windSpeed=0.039;  avg_wind_dir=-2.1
[gsl_actionserver_node-3] [INFO] [1788883947.184377892] [GSL]: [33mGAS HIT[0m
[gsl_actionserver_node-3] [INFO] [1788883947.184389193] [GSL]: [DEBUG-WIND] useGroundTruth=false gmrf_req_size=631 gaden_req_size=-1
[gsl_actionserver_node-3] [INFO] [1788883947.184396338] [GSL]: [DEBUG-WIND] Taking GMRF path
[gsl_actionserver_node-3] [INFO] [1788883947.264465661] [GSL - Trace]: [32mEntering StopAndMeasure[0m
[gmrf_wind_mapping_node-2] --> MAP did not converge after 1 iterations.
[gmrf_wind_mapping_node-2] [GMRF] MAP Mean value estimated in 9.73067 milliseconds
[gmrf_wind_mapping_node-2] --> MAP did not converge after 1 iterations.
[gmrf_wind_mapping_node-2] [GMRF] MAP Mean value estimated in 9.73102 milliseconds
[gmrf_wind_mapping_node-2] --> MAP did not converge after 1 iterations.
[gmrf_wind_mapping_node-2] [GMRF] MAP Mean value estimated in 9.7365 milliseconds
[gmrf_wind_mapping_node-2] --> MAP did not converge after 1 iterations.
[gmrf_wind_mapping_node-2] [GMRF] MAP Mean value estimated in 9.73299 milliseconds
[gmrf_wind_mapping_node-2] --> MAP did not converge after 1 iterations.
[gmrf_wind_mapping_node-2] [GMRF] MAP Mean value estimated in 9.73974 milliseconds
[gmrf_wind_mapping_node-2] --> MAP did not converge after 1 iterations.
[gmrf_wind_mapping_node-2] [GMRF] MAP Mean value estimated in 9.73752 milliseconds
[gmrf_wind_mapping_node-2] --> MAP did not converge after 1 iterations.
[gmrf_wind_mapping_node-2] [GMRF] MAP Mean value estimated in 9.74297 milliseconds
[gmrf_wind_mapping_node-2] --> MAP did not converge after 1 iterations.
[gmrf_wind_mapping_node-2] [GMRF] MAP Mean value estimated in 9.74074 milliseconds
[gmrf_wind_mapping_node-2] --> MAP did not converge after 1 iterations.
[gmrf_wind_mapping_node-2] [GMRF] MAP Mean value estimated in 9.74745 milliseconds
[gmrf_wind_mapping_node-2] --> MAP did not converge after 1 iterations.
[gmrf_wind_mapping_node-2] [GMRF] MAP Mean value estimated in 9.74395 milliseconds
[gmrf_wind_mapping_node-2] --> MAP did not converge after 1 iterations.
[gmrf_wind_mapping_node-2] [GMRF] MAP Mean value estimated in 9.74936 milliseconds
[gmrf_wind_mapping_node-2] --> MAP did not converge after 1 iterations.
[gmrf_wind_mapping_node-2] [GMRF] MAP Mean value estimated in 9.74841 milliseconds
[gmrf_wind_mapping_node-2] --> MAP did not converge after 1 iterations.
[gmrf_wind_mapping_node-2] [GMRF] MAP Mean value estimated in 9.74492 milliseconds
[gmrf_wind_mapping_node-2] --> MAP did not converge after 1 iterations.
[gmrf_wind_mapping_node-2] [GMRF] MAP Mean value estimated in 9.74271 milliseconds
[gmrf_wind_mapping_node-2] --> MAP did not converge after 1 iterations.
[gmrf_wind_mapping_node-2] [GMRF] MAP Mean value estimated in 9.74937 milliseconds
[gmrf_wind_mapping_node-2] --> MAP did not converge after 1 iterations.
[gmrf_wind_mapping_node-2] [GMRF] MAP Mean value estimated in 9.74463 milliseconds
[gmrf_wind_mapping_node-2] --> MAP did not converge after 1 iterations.
[gmrf_wind_mapping_node-2] [GMRF] MAP Mean value estimated in 9.74242 milliseconds
[gmrf_wind_mapping_node-2] --> MAP did not converge after 1 iterations.
[gmrf_wind_mapping_node-2] [GMRF] MAP Mean value estimated in 9.74401 milliseconds
[gmrf_wind_mapping_node-2] --> MAP did not converge after 1 iterations.
[gmrf_wind_mapping_node-2] [GMRF] MAP Mean value estimated in 9.74811 milliseconds
[gmrf_wind_mapping_node-2] --> MAP did not converge after 1 iterations.
[gmrf_wind_mapping_node-2] [GMRF] MAP Mean value estimated in 9.74465 milliseconds
[gsl_actionserver_node-3] [INFO] [1788883949.183591707] [GSL]: 10 gas measurements, 10 wind measurements over 1.92 seconds
[gsl_actionserver_node-3] [INFO] [1788883949.183660557] [GSL]: avg_gas=0.67;  avg_windSpeed=0.028;  avg_wind_dir=-0.81
[gsl_actionserver_node-3] [INFO] [1788883949.184677130] [GSL]: [33mGAS HIT[0m
[gsl_actionserver_node-3] [INFO] [1788883949.184762857] [GSL]: [DEBUG-WIND] useGroundTruth=false gmrf_req_size=631 gaden_req_size=-1
[gsl_actionserver_node-3] [INFO] [1788883949.184827998] [GSL]: [DEBUG-WIND] Taking GMRF path
[gsl_actionserver_node-3] [INFO] [1788883949.264411395] [GSL]: [33mStarted simulations. Might take a while![0m
[gmrf_wind_mapping_node-2] --> MAP did not converge after 1 iterations.
[gmrf_wind_mapping_node-2] [GMRF] MAP Mean value estimated in 9.74874 milliseconds
[gsl_actionserver_node-3] [INFO] [1788883949.372873519] [GSL - Trace]: [32mFirst simulation level done[0m
[gsl_actionserver_node-3] [INFO] [1788883949.373652906] [GSL]: [RC2-DIAG] scores_size=62 refineFraction=0.25 refine_product=15.5 valid_first_level=62 sum_sourceProbInternal_before_norm=0.00041836200805480013 min_sourceProbInternal_before_norm=0 max_sourceProbInternal_before_norm=1.1069137826494523e-05 finite_sourceProbInternal=1053 finite_varianceOfHitProb=1053
[gmrf_wind_mapping_node-2] --> MAP did not converge after 1 iterations.
[gmrf_wind_mapping_node-2] [GMRF] MAP Mean value estimated in 9.7591 milliseconds
[gsl_actionserver_node-3] [INFO] [1788883949.466937727] [GSL - Trace]: [32mSimulation level 2 done[0m
[gmrf_wind_mapping_node-2] --> MAP did not converge after 1 iterations.
[gmrf_wind_mapping_node-2] [GMRF] MAP Mean value estimated in 9.76817 milliseconds
[gsl_actionserver_node-3] [INFO] [1788883949.545603664] [GSL - Trace]: [32mSimulation level 3 done[0m
[gsl_actionserver_node-3] [INFO] [1788883949.569837832] [GSL - Trace]: [32mSimulation level 4 done[0m
[gmrf_wind_mapping_node-2] --> MAP did not converge after 1 iterations.
[gmrf_wind_mapping_node-2] [GMRF] MAP Mean value estimated in 9.76471 milliseconds
[gsl_actionserver_node-3] [INFO] [1788883949.573989618] [GSL - Trace]: [32mSimulation level 5 done[0m
[gsl_actionserver_node-3] [INFO] [1788883949.574605021] [GSL]: Number of levels in the simulation: 5
[gsl_actionserver_node-3] [INFO] [1788883949.574781732] [GSL]: Total number of simulations: 160
[gsl_actionserver_node-3] [INFO] [1788883949.575275014] [GSL]: [RC2-DIAG] normalized_finite_count=1053 normalized_sum=1
[gsl_actionserver_node-3] [INFO] [1788883949.575289273] [GSL]: Time ellapsed in simulation = 0.310773731 s
[gsl_actionserver_node-3] [INFO] [1788883949.577318003] [GSL]: Max mutual info: 2.329
[gsl_actionserver_node-3] [INFO] [1788883949.577921004] [GSL]: MutualInformation - Ellapsed: 0.003s
[vgr_sim_node-1] [WARN] [1788883949.586846708] [vgr_uav_sim]: PLAN_CB: called with goal=(-3.44,-3.10)
[vgr_sim_node-1] [WARN] [1788883949.590698875] [vgr_uav_sim]: PLAN_CB: returning 4 poses
[vgr_sim_node-1] [WARN] [1788883949.598737506] [vgr_uav_sim]: PLAN_CB: called with goal=(-3.44,-3.10)
[vgr_sim_node-1] [WARN] [1788883949.599738691] [vgr_uav_sim]: PLAN_CB: returning 4 poses
[gsl_actionserver_node-3] [INFO] [1788883949.609125817] [GSL]: Sending goal (-3.44, -3.10)
[gsl_actionserver_node-3] [INFO] [1788883949.609886756] [GSL]: Variance: 0.52
[gsl_actionserver_node-3] [INFO] [1788883949.609912925] [GSL - Trace]: [32mEntering Moving[0m
[vgr_sim_node-1] [INFO] [1788883949.610581674] [vgr_uav_sim]: Prepared 4 collision-free navigation waypoints to (-3.44, -3.10)
[vgr_sim_node-1] [INFO] [1788883949.611826712] [vgr_uav_sim]: UAV navigating in audited 2-D mode to (-3.44, -3.10, 0.30)
[gmrf_wind_mapping_node-2] --> MAP did not converge after 1 iterations.
[gmrf_wind_mapping_node-2] [GMRF] MAP Mean value estimated in 9.7675 milliseconds
[gmrf_wind_mapping_node-2] --> MAP did not converge after 1 iterations.
[gmrf_wind_mapping_node-2] [GMRF] MAP Mean value estimated in 9.76404 milliseconds
[gmrf_wind_mapping_node-2] --> MAP did not converge after 1 iterations.
[gmrf_wind_mapping_node-2] [GMRF] MAP Mean value estimated in 9.76933 milliseconds
[gmrf_wind_mapping_node-2] --> MAP did not converge after 1 iterations.
[gmrf_wind_mapping_node-2] [GMRF] MAP Mean value estimated in 9.77335 milliseconds
[gmrf_wind_mapping_node-2] --> MAP did not converge after 1 iterations.
[gmrf_wind_mapping_node-2] [GMRF] MAP Mean value estimated in 9.77985 milliseconds
[gsl_actionserver_node-3] [INFO] [1788883950.170987426] [GSL - Trace]: [32mEntering StopAndMeasure[0m
[gmrf_wind_mapping_node-2] --> MAP did not converge after 1 iterations.
[gmrf_wind_mapping_node-2] [GMRF] MAP Mean value estimated in 9.77764 milliseconds
[gmrf_wind_mapping_node-2] --> MAP did not converge after 1 iterations.
[gmrf_wind_mapping_node-2] [GMRF] MAP Mean value estimated in 9.77667 milliseconds
[gmrf_wind_mapping_node-2] --> MAP did not converge after 1 iterations.
[gmrf_wind_mapping_node-2] [GMRF] MAP Mean value estimated in 9.77695 milliseconds
[gmrf_wind_mapping_node-2] --> MAP did not converge after 1 iterations.
[gmrf_wind_mapping_node-2] [GMRF] MAP Mean value estimated in 9.78218 milliseconds
[gmrf_wind_mapping_node-2] --> MAP did not converge after 1 iterations.
[gmrf_wind_mapping_node-2] [GMRF] MAP Mean value estimated in 9.77998 milliseconds
[gmrf_wind_mapping_node-2] --> MAP did not converge after 1 iterations.
[gmrf_wind_mapping_node-2] [GMRF] MAP Mean value estimated in 9.78025 milliseconds
[gmrf_wind_mapping_node-2] --> MAP did not converge after 1 iterations.
[gmrf_wind_mapping_node-2] [GMRF] MAP Mean value estimated in 9.77805 milliseconds
[gmrf_wind_mapping_node-2] --> MAP did not converge after 1 iterations.
[gmrf_wind_mapping_node-2] [GMRF] MAP Mean value estimated in 9.78325 milliseconds
[gmrf_wind_mapping_node-2] --> MAP did not converge after 1 iterations.
[gmrf_wind_mapping_node-2] [GMRF] MAP Mean value estimated in 9.78229 milliseconds
[gmrf_wind_mapping_node-2] --> MAP did not converge after 1 iterations.
[gmrf_wind_mapping_node-2] [GMRF] MAP Mean value estimated in 9.78624 milliseconds
[gmrf_wind_mapping_node-2] --> MAP did not converge after 1 iterations.
[gmrf_wind_mapping_node-2] [GMRF] MAP Mean value estimated in 9.78282 milliseconds
[gmrf_wind_mapping_node-2] --> MAP did not converge after 1 iterations.
[gmrf_wind_mapping_node-2] [GMRF] MAP Mean value estimated in 9.78676 milliseconds
[gmrf_wind_mapping_node-2] --> MAP did not converge after 1 iterations.
[gmrf_wind_mapping_node-2] [GMRF] MAP Mean value estimated in 9.78947 milliseconds
[gmrf_wind_mapping_node-2] --> MAP did not converge after 1 iterations.
[gmrf_wind_mapping_node-2] [GMRF] MAP Mean value estimated in 9.79584 milliseconds
[gmrf_wind_mapping_node-2] --> MAP did not converge after 1 iterations.
[gmrf_wind_mapping_node-2] [GMRF] MAP Mean value estimated in 9.79243 milliseconds
[gmrf_wind_mapping_node-2] --> MAP did not converge after 1 iterations.
[gmrf_wind_mapping_node-2] [GMRF] MAP Mean value estimated in 9.79268 milliseconds
[gmrf_wind_mapping_node-2] --> MAP did not converge after 1 iterations.
[gmrf_wind_mapping_node-2] [GMRF] MAP Mean value estimated in 9.78928 milliseconds
[gmrf_wind_mapping_node-2] --> MAP did not converge after 1 iterations.
[gmrf_wind_mapping_node-2] [GMRF] MAP Mean value estimated in 9.78589 milliseconds
[gmrf_wind_mapping_node-2] --> MAP did not converge after 1 iterations.
[gmrf_wind_mapping_node-2] [GMRF] MAP Mean value estimated in 9.78372 milliseconds
[gmrf_wind_mapping_node-2] --> MAP did not converge after 1 iterations.
[gmrf_wind_mapping_node-2] [GMRF] MAP Mean value estimated in 9.78883 milliseconds
[gsl_actionserver_node-3] [INFO] [1788883952.161103364] [GSL]: 10 gas measurements, 10 wind measurements over 1.99 seconds
[gsl_actionserver_node-3] [INFO] [1788883952.161171377] [GSL]: avg_gas=0.7;  avg_windSpeed=0.06;  avg_wind_dir=-3
[gsl_actionserver_node-3] [INFO] [1788883952.161938043] [GSL]: [33mGAS HIT[0m
[gsl_actionserver_node-3] [INFO] [1788883952.161957901] [GSL]: [DEBUG-WIND] useGroundTruth=false gmrf_req_size=631 gaden_req_size=-1
[gsl_actionserver_node-3] [INFO] [1788883952.161965024] [GSL]: [DEBUG-WIND] Taking GMRF path
[gsl_actionserver_node-3] [INFO] [1788883952.163780674] [GSL - Trace]: [32mEntering StopAndMeasure[0m
[gmrf_wind_mapping_node-2] --> MAP did not converge after 1 iterations.
[gmrf_wind_mapping_node-2] [GMRF] MAP Mean value estimated in 9.78545 milliseconds
[gmrf_wind_mapping_node-2] --> MAP did not converge after 1 iterations.
[gmrf_wind_mapping_node-2] [GMRF] MAP Mean value estimated in 9.78208 milliseconds
[gmrf_wind_mapping_node-2] --> MAP did not converge after 1 iterations.
[gmrf_wind_mapping_node-2] [GMRF] MAP Mean value estimated in 9.77993 milliseconds
[gmrf_wind_mapping_node-2] --> MAP did not converge after 1 iterations.
[gmrf_wind_mapping_node-2] [GMRF] MAP Mean value estimated in 9.77899 milliseconds
[gmrf_wind_mapping_node-2] --> MAP did not converge after 1 iterations.
[gmrf_wind_mapping_node-2] [GMRF] MAP Mean value estimated in 9.77563 milliseconds
[gmrf_wind_mapping_node-2] --> MAP did not converge after 1 iterations.
[gmrf_wind_mapping_node-2] [GMRF] MAP Mean value estimated in 9.77952 milliseconds
[gmrf_wind_mapping_node-2] --> MAP did not converge after 1 iterations.
[gmrf_wind_mapping_node-2] [GMRF] MAP Mean value estimated in 9.77617 milliseconds
[gmrf_wind_mapping_node-2] --> MAP did not converge after 1 iterations.
[gmrf_wind_mapping_node-2] [GMRF] MAP Mean value estimated in 9.78005 milliseconds
[gmrf_wind_mapping_node-2] --> MAP did not converge after 1 iterations.
[gmrf_wind_mapping_node-2] [GMRF] MAP Mean value estimated in 9.78151 milliseconds
[gmrf_wind_mapping_node-2] --> MAP did not converge after 1 iterations.
[gmrf_wind_mapping_node-2] [GMRF] MAP Mean value estimated in 9.78537 milliseconds
[gmrf_wind_mapping_node-2] --> MAP did not converge after 1 iterations.
[gmrf_wind_mapping_node-2] [GMRF] MAP Mean value estimated in 9.78802 milliseconds
[gmrf_wind_mapping_node-2] --> MAP did not converge after 1 iterations.
[gmrf_wind_mapping_node-2] [GMRF] MAP Mean value estimated in 9.79306 milliseconds
[gmrf_wind_mapping_node-2] --> MAP did not converge after 1 iterations.
[gmrf_wind_mapping_node-2] [GMRF] MAP Mean value estimated in 9.79092 milliseconds
[gmrf_wind_mapping_node-2] --> MAP did not converge after 1 iterations.
[gmrf_wind_mapping_node-2] [GMRF] MAP Mean value estimated in 9.80072 milliseconds
[gmrf_wind_mapping_node-2] --> MAP did not converge after 1 iterations.
[gmrf_wind_mapping_node-2] [GMRF] MAP Mean value estimated in 9.79738 milliseconds
[gmrf_wind_mapping_node-2] --> MAP did not converge after 1 iterations.
[gmrf_wind_mapping_node-2] [GMRF] MAP Mean value estimated in 9.80357 milliseconds
[gmrf_wind_mapping_node-2] --> MAP did not converge after 1 iterations.
[gmrf_wind_mapping_node-2] [GMRF] MAP Mean value estimated in 9.8038 milliseconds
[gmrf_wind_mapping_node-2] --> MAP did not converge after 1 iterations.
[gmrf_wind_mapping_node-2] [GMRF] MAP Mean value estimated in 9.80879 milliseconds
[gmrf_wind_mapping_node-2] --> MAP did not converge after 1 iterations.
[gmrf_wind_mapping_node-2] [GMRF] MAP Mean value estimated in 9.80902 milliseconds
[gmrf_wind_mapping_node-2] --> MAP did not converge after 1 iterations.
[gmrf_wind_mapping_node-2] [GMRF] MAP Mean value estimated in 9.8128 milliseconds
[gsl_actionserver_node-3] [INFO] [1788883954.161085661] [GSL]: 10 gas measurements, 10 wind measurements over 2.00 seconds
[gsl_actionserver_node-3] [INFO] [1788883954.161151409] [GSL]: avg_gas=0.67;  avg_windSpeed=0.038;  avg_wind_dir=3
[gsl_actionserver_node-3] [INFO] [1788883954.161926297] [GSL]: [33mGAS HIT[0m
[gsl_actionserver_node-3] [INFO] [1788883954.162349555] [GSL]: [DEBUG-WIND] useGroundTruth=false gmrf_req_size=631 gaden_req_size=-1
[gsl_actionserver_node-3] [INFO] [1788883954.162368888] [GSL]: [DEBUG-WIND] Taking GMRF path
[gsl_actionserver_node-3] [INFO] [1788883954.163942438] [GSL - Trace]: [32mEntering StopAndMeasure[0m
[gmrf_wind_mapping_node-2] --> MAP did not converge after 1 iterations.
[gmrf_wind_mapping_node-2] [GMRF] MAP Mean value estimated in 9.81183 milliseconds
[gmrf_wind_mapping_node-2] --> MAP did not converge after 1 iterations.
[gmrf_wind_mapping_node-2] [GMRF] MAP Mean value estimated in 9.81915 milliseconds
[gmrf_wind_mapping_node-2] --> MAP did not converge after 1 iterations.
[gmrf_wind_mapping_node-2] [GMRF] MAP Mean value estimated in 9.81936 milliseconds
[gmrf_wind_mapping_node-2] --> MAP did not converge after 1 iterations.
[gmrf_wind_mapping_node-2] [GMRF] MAP Mean value estimated in 9.82429 milliseconds
[gmrf_wind_mapping_node-2] --> MAP did not converge after 1 iterations.
[gmrf_wind_mapping_node-2] [GMRF] MAP Mean value estimated in 9.82214 milliseconds
[gmrf_wind_mapping_node-2] --> MAP did not converge after 1 iterations.
[gmrf_wind_mapping_node-2] [GMRF] MAP Mean value estimated in 9.82706 milliseconds
[gmrf_wind_mapping_node-2] --> MAP did not converge after 1 iterations.
[gmrf_wind_mapping_node-2] [GMRF] MAP Mean value estimated in 9.82844 milliseconds
[gmrf_wind_mapping_node-2] --> MAP did not converge after 1 iterations.
[gmrf_wind_mapping_node-2] [GMRF] MAP Mean value estimated in 9.83685 milliseconds
[gmrf_wind_mapping_node-2] --> MAP did not converge after 1 iterations.
[gmrf_wind_mapping_node-2] [GMRF] MAP Mean value estimated in 9.83353 milliseconds
[gmrf_wind_mapping_node-2] --> MAP did not converge after 1 iterations.
[gmrf_wind_mapping_node-2] [GMRF] MAP Mean value estimated in 9.83724 milliseconds
[gmrf_wind_mapping_node-2] --> MAP did not converge after 1 iterations.
[gmrf_wind_mapping_node-2] [GMRF] MAP Mean value estimated in 9.83392 milliseconds
[gmrf_wind_mapping_node-2] --> MAP did not converge after 1 iterations.
[gmrf_wind_mapping_node-2] [GMRF] MAP Mean value estimated in 9.83762 milliseconds
[gmrf_wind_mapping_node-2] --> MAP did not converge after 1 iterations.
[gmrf_wind_mapping_node-2] [GMRF] MAP Mean value estimated in 9.84131 milliseconds
[gmrf_wind_mapping_node-2] --> MAP did not converge after 1 iterations.
[gmrf_wind_mapping_node-2] [GMRF] MAP Mean value estimated in 9.84615 milliseconds
[gmrf_wind_mapping_node-2] --> MAP did not converge after 1 iterations.
[gmrf_wind_mapping_node-2] [GMRF] MAP Mean value estimated in 9.84284 milliseconds
[gmrf_wind_mapping_node-2] --> MAP did not converge after 1 iterations.
[gmrf_wind_mapping_node-2] [GMRF] MAP Mean value estimated in 9.84767 milliseconds
[gmrf_wind_mapping_node-2] --> MAP did not converge after 1 iterations.
[gmrf_wind_mapping_node-2] [GMRF] MAP Mean value estimated in 9.84553 milliseconds
[gmrf_wind_mapping_node-2] --> MAP did not converge after 1 iterations.
[gmrf_wind_mapping_node-2] [GMRF] MAP Mean value estimated in 9.84687 milliseconds
[gmrf_wind_mapping_node-2] --> MAP did not converge after 1 iterations.
[gmrf_wind_mapping_node-2] [GMRF] MAP Mean value estimated in 9.84705 milliseconds
[gmrf_wind_mapping_node-2] --> MAP did not converge after 1 iterations.
[gmrf_wind_mapping_node-2] [GMRF] MAP Mean value estimated in 9.84606 milliseconds
[gmrf_wind_mapping_node-2] --> MAP did not converge after 1 iterations.
[gmrf_wind_mapping_node-2] [GMRF] MAP Mean value estimated in 9.84855 milliseconds
[gsl_actionserver_node-3] [INFO] [1788883956.210960990] [GSL]: 10 gas measurements, 10 wind measurements over 2.05 seconds
[gsl_actionserver_node-3] [INFO] [1788883956.211016218] [GSL]: avg_gas=0.67;  avg_windSpeed=0.06;  avg_wind_dir=-3
[gsl_actionserver_node-3] [INFO] [1788883956.211594880] [GSL]: [33mGAS HIT[0m
[gsl_actionserver_node-3] [INFO] [1788883956.211605301] [GSL]: [DEBUG-WIND] useGroundTruth=false gmrf_req_size=631 gaden_req_size=-1
[gsl_actionserver_node-3] [INFO] [1788883956.211612594] [GSL]: [DEBUG-WIND] Taking GMRF path
[gsl_actionserver_node-3] [INFO] [1788883956.264770077] [GSL - Trace]: [32mEntering StopAndMeasure[0m
[gmrf_wind_mapping_node-2] --> MAP did not converge after 1 iterations.
[gmrf_wind_mapping_node-2] [GMRF] MAP Mean value estimated in 9.8545 milliseconds
[gmrf_wind_mapping_node-2] --> MAP did not converge after 1 iterations.
[gmrf_wind_mapping_node-2] [GMRF] MAP Mean value estimated in 9.85121 milliseconds
[gmrf_wind_mapping_node-2] --> MAP did not converge after 1 iterations.
[gmrf_wind_mapping_node-2] [GMRF] MAP Mean value estimated in 9.84908 milliseconds
[gmrf_wind_mapping_node-2] --> MAP did not converge after 1 iterations.
[gmrf_wind_mapping_node-2] [GMRF] MAP Mean value estimated in 9.8458 milliseconds
[gmrf_wind_mapping_node-2] --> MAP did not converge after 1 iterations.
[gmrf_wind_mapping_node-2] [GMRF] MAP Mean value estimated in 9.84253 milliseconds
[gmrf_wind_mapping_node-2] --> MAP did not converge after 1 iterations.
[gmrf_wind_mapping_node-2] [GMRF] MAP Mean value estimated in 9.84271 milliseconds
[gmrf_wind_mapping_node-2] --> MAP did not converge after 1 iterations.
[gmrf_wind_mapping_node-2] [GMRF] MAP Mean value estimated in 9.84633 milliseconds
[gmrf_wind_mapping_node-2] --> MAP did not converge after 1 iterations.
[gmrf_wind_mapping_node-2] [GMRF] MAP Mean value estimated in 9.84307 milliseconds
[gmrf_wind_mapping_node-2] --> MAP did not converge after 1 iterations.
[gmrf_wind_mapping_node-2] [GMRF] MAP Mean value estimated in 9.84439 milliseconds
[gmrf_wind_mapping_node-2] --> MAP did not converge after 1 iterations.
[gmrf_wind_mapping_node-2] [GMRF] MAP Mean value estimated in 9.84114 milliseconds
[gmrf_wind_mapping_node-2] --> MAP did not converge after 1 iterations.
[gmrf_wind_mapping_node-2] [GMRF] MAP Mean value estimated in 9.84247 milliseconds
[gmrf_wind_mapping_node-2] --> MAP did not converge after 1 iterations.
[gmrf_wind_mapping_node-2] [GMRF] MAP Mean value estimated in 9.84151 milliseconds
[gmrf_wind_mapping_node-2] --> MAP did not converge after 1 iterations.
[gmrf_wind_mapping_node-2] [GMRF] MAP Mean value estimated in 9.84282 milliseconds
[gmrf_wind_mapping_node-2] --> MAP did not converge after 1 iterations.
[gmrf_wind_mapping_node-2] [GMRF] MAP Mean value estimated in 9.84073 milliseconds
[gmrf_wind_mapping_node-2] --> MAP did not converge after 1 iterations.
[gmrf_wind_mapping_node-2] [GMRF] MAP Mean value estimated in 9.84659 milliseconds
[gmrf_wind_mapping_node-2] --> MAP did not converge after 1 iterations.
[gmrf_wind_mapping_node-2] [GMRF] MAP Mean value estimated in 9.84449 milliseconds
[gmrf_wind_mapping_node-2] --> MAP did not converge after 1 iterations.
[gmrf_wind_mapping_node-2] [GMRF] MAP Mean value estimated in 9.8458 milliseconds
[gmrf_wind_mapping_node-2] --> MAP did not converge after 1 iterations.
[gmrf_wind_mapping_node-2] [GMRF] MAP Mean value estimated in 9.84371 milliseconds
[gmrf_wind_mapping_node-2] --> MAP did not converge after 1 iterations.
[gmrf_wind_mapping_node-2] [GMRF] MAP Mean value estimated in 9.84955 milliseconds
[gmrf_wind_mapping_node-2] --> MAP did not converge after 1 iterations.
[gmrf_wind_mapping_node-2] [GMRF] MAP Mean value estimated in 9.84972 milliseconds
[gsl_actionserver_node-3] [INFO] [1788883958.211241274] [GSL]: 10 gas measurements, 10 wind measurements over 1.95 seconds
[gsl_actionserver_node-3] [INFO] [1788883958.211390615] [GSL]: avg_gas=0.7;  avg_windSpeed=0.038;  avg_wind_dir=3
[gsl_actionserver_node-3] [INFO] [1788883958.212890783] [GSL]: [33mGAS HIT[0m
[gsl_actionserver_node-3] [INFO] [1788883958.212916463] [GSL]: [DEBUG-WIND] useGroundTruth=false gmrf_req_size=631 gaden_req_size=-1
[gsl_actionserver_node-3] [INFO] [1788883958.213602558] [GSL]: [DEBUG-WIND] Taking GMRF path
[gsl_actionserver_node-3] [INFO] [1788883958.264754194] [GSL - Trace]: [32mEntering StopAndMeasure[0m
[gmrf_wind_mapping_node-2] --> MAP did not converge after 1 iterations.
[gmrf_wind_mapping_node-2] [GMRF] MAP Mean value estimated in 9.85779 milliseconds
[gmrf_wind_mapping_node-2] --> MAP did not converge after 1 iterations.
[gmrf_wind_mapping_node-2] [GMRF] MAP Mean value estimated in 9.85457 milliseconds
[gmrf_wind_mapping_node-2] --> MAP did not converge after 1 iterations.
[gmrf_wind_mapping_node-2] [GMRF] MAP Mean value estimated in 9.86036 milliseconds
[gmrf_wind_mapping_node-2] --> MAP did not converge after 1 iterations.
[gmrf_wind_mapping_node-2] [GMRF] MAP Mean value estimated in 9.85939 milliseconds
[gmrf_wind_mapping_node-2] --> MAP did not converge after 1 iterations.
[gmrf_wind_mapping_node-2] [GMRF] MAP Mean value estimated in 9.86292 milliseconds
[gmrf_wind_mapping_node-2] --> MAP did not converge after 1 iterations.
[gmrf_wind_mapping_node-2] [GMRF] MAP Mean value estimated in 9.85971 milliseconds
[gmrf_wind_mapping_node-2] --> MAP did not converge after 1 iterations.
[gmrf_wind_mapping_node-2] [GMRF] MAP Mean value estimated in 9.86547 milliseconds
[gmrf_wind_mapping_node-2] --> MAP did not converge after 1 iterations.
[gmrf_wind_mapping_node-2] [GMRF] MAP Mean value estimated in 9.86226 milliseconds
[gmrf_wind_mapping_node-2] --> MAP did not converge after 1 iterations.
[gmrf_wind_mapping_node-2] [GMRF] MAP Mean value estimated in 9.86801 milliseconds
[gmrf_wind_mapping_node-2] --> MAP did not converge after 1 iterations.
[gmrf_wind_mapping_node-2] [GMRF] MAP Mean value estimated in 9.86816 milliseconds
[gmrf_wind_mapping_node-2] --> MAP did not converge after 1 iterations.
[gmrf_wind_mapping_node-2] [GMRF] MAP Mean value estimated in 9.875 milliseconds
[gmrf_wind_mapping_node-2] --> MAP did not converge after 1 iterations.
[gmrf_wind_mapping_node-2] [GMRF] MAP Mean value estimated in 9.87848 milliseconds
[gmrf_wind_mapping_node-2] --> MAP did not converge after 1 iterations.
[gmrf_wind_mapping_node-2] [GMRF] MAP Mean value estimated in 9.87862 milliseconds
[gmrf_wind_mapping_node-2] --> MAP did not converge after 1 iterations.
[gmrf_wind_mapping_node-2] [GMRF] MAP Mean value estimated in 9.87653 milliseconds
[gmrf_wind_mapping_node-2] --> MAP did not converge after 1 iterations.
[gmrf_wind_mapping_node-2] [GMRF] MAP Mean value estimated in 9.88111 milliseconds
[gmrf_wind_mapping_node-2] --> MAP did not converge after 1 iterations.
[gmrf_wind_mapping_node-2] [GMRF] MAP Mean value estimated in 9.88013 milliseconds
[gmrf_wind_mapping_node-2] --> MAP did not converge after 1 iterations.
[gmrf_wind_mapping_node-2] [GMRF] MAP Mean value estimated in 9.8847 milliseconds
[gmrf_wind_mapping_node-2] --> MAP did not converge after 1 iterations.
[gmrf_wind_mapping_node-2] [GMRF] MAP Mean value estimated in 9.88151 milliseconds
[gmrf_wind_mapping_node-2] --> MAP did not converge after 1 iterations.
[gmrf_wind_mapping_node-2] [GMRF] MAP Mean value estimated in 9.88717 milliseconds
[gmrf_wind_mapping_node-2] --> MAP did not converge after 1 iterations.
[gmrf_wind_mapping_node-2] [GMRF] MAP Mean value estimated in 9.88508 milliseconds
[gsl_actionserver_node-3] [INFO] [1788883960.211090576] [GSL]: 10 gas measurements, 10 wind measurements over 1.95 seconds
[gsl_actionserver_node-3] [INFO] [1788883960.211178818] [GSL]: avg_gas=0.72;  avg_windSpeed=0.06;  avg_wind_dir=-3
[gsl_actionserver_node-3] [INFO] [1788883960.211980382] [GSL]: [33mGAS HIT[0m
[gsl_actionserver_node-3] [INFO] [1788883960.211993877] [GSL]: [DEBUG-WIND] useGroundTruth=false gmrf_req_size=631 gaden_req_size=-1
[gsl_actionserver_node-3] [INFO] [1788883960.212003421] [GSL]: [DEBUG-WIND] Taking GMRF path
[gsl_actionserver_node-3] [INFO] [1788883960.264508735] [GSL - Trace]: [32mEntering StopAndMeasure[0m
[gmrf_wind_mapping_node-2] --> MAP did not converge after 1 iterations.
[gmrf_wind_mapping_node-2] [GMRF] MAP Mean value estimated in 9.88962 milliseconds
[gmrf_wind_mapping_node-2] --> MAP did not converge after 1 iterations.
[gmrf_wind_mapping_node-2] [GMRF] MAP Mean value estimated in 9.88864 milliseconds
[gmrf_wind_mapping_node-2] --> MAP did not converge after 1 iterations.
[gmrf_wind_mapping_node-2] [GMRF] MAP Mean value estimated in 9.89317 milliseconds
[gmrf_wind_mapping_node-2] --> MAP did not converge after 1 iterations.
[gmrf_wind_mapping_node-2] [GMRF] MAP Mean value estimated in 9.89109 milliseconds
[gmrf_wind_mapping_node-2] --> MAP did not converge after 1 iterations.
[gmrf_wind_mapping_node-2] [GMRF] MAP Mean value estimated in 9.8956 milliseconds
[gmrf_wind_mapping_node-2] --> MAP did not converge after 1 iterations.
[gmrf_wind_mapping_node-2] [GMRF] MAP Mean value estimated in 9.89352 milliseconds
[gmrf_wind_mapping_node-2] --> MAP did not converge after 1 iterations.
[gmrf_wind_mapping_node-2] [GMRF] MAP Mean value estimated in 9.89803 milliseconds
[gmrf_wind_mapping_node-2] --> MAP did not converge after 1 iterations.
[gmrf_wind_mapping_node-2] [GMRF] MAP Mean value estimated in 9.89814 milliseconds
[gmrf_wind_mapping_node-2] --> MAP did not converge after 1 iterations.
[gmrf_wind_mapping_node-2] [GMRF] MAP Mean value estimated in 9.90044 milliseconds
[gmrf_wind_mapping_node-2] --> MAP did not converge after 1 iterations.
[gmrf_wind_mapping_node-2] [GMRF] MAP Mean value estimated in 9.90055 milliseconds
[gmrf_wind_mapping_node-2] --> MAP did not converge after 1 iterations.
[gmrf_wind_mapping_node-2] [GMRF] MAP Mean value estimated in 9.90502 milliseconds
[gmrf_wind_mapping_node-2] --> MAP did not converge after 1 iterations.
[gmrf_wind_mapping_node-2] [GMRF] MAP Mean value estimated in 9.90622 milliseconds
[gmrf_wind_mapping_node-2] --> MAP did not converge after 1 iterations.
[gmrf_wind_mapping_node-2] [GMRF] MAP Mean value estimated in 9.91068 milliseconds
[gmrf_wind_mapping_node-2] --> MAP did not converge after 1 iterations.
[gmrf_wind_mapping_node-2] [GMRF] MAP Mean value estimated in 9.9086 milliseconds
[gmrf_wind_mapping_node-2] --> MAP did not converge after 1 iterations.
[gmrf_wind_mapping_node-2] [GMRF] MAP Mean value estimated in 9.91196 milliseconds
[gmrf_wind_mapping_node-2] --> MAP did not converge after 1 iterations.
[gmrf_wind_mapping_node-2] [GMRF] MAP Mean value estimated in 9.90988 milliseconds
[gmrf_wind_mapping_node-2] --> MAP did not converge after 1 iterations.
[gmrf_wind_mapping_node-2] [GMRF] MAP Mean value estimated in 9.91432 milliseconds
[gmrf_wind_mapping_node-2] --> MAP did not converge after 1 iterations.
[gmrf_wind_mapping_node-2] [GMRF] MAP Mean value estimated in 9.91224 milliseconds
[gmrf_wind_mapping_node-2] --> MAP did not converge after 1 iterations.
[gmrf_wind_mapping_node-2] [GMRF] MAP Mean value estimated in 9.91558 milliseconds
[gsl_actionserver_node-3] [INFO] [1788883962.161133822] [GSL]: 10 gas measurements, 10 wind measurements over 1.90 seconds
[gsl_actionserver_node-3] [INFO] [1788883962.161193643] [GSL]: avg_gas=0.74;  avg_windSpeed=0.038;  avg_wind_dir=3
[gsl_actionserver_node-3] [INFO] [1788883962.162164763] [GSL]: [33mGAS HIT[0m
[gsl_actionserver_node-3] [INFO] [1788883962.162209882] [GSL]: [DEBUG-WIND] useGroundTruth=false gmrf_req_size=631 gaden_req_size=-1
[gsl_actionserver_node-3] [INFO] [1788883962.162684008] [GSL]: [DEBUG-WIND] Taking GMRF path
[gsl_actionserver_node-3] [INFO] [1788883962.164086889] [GSL - Trace]: [32mEntering StopAndMeasure[0m
[gmrf_wind_mapping_node-2] --> MAP did not converge after 1 iterations.
[gmrf_wind_mapping_node-2] [GMRF] MAP Mean value estimated in 9.91676 milliseconds
[gmrf_wind_mapping_node-2] --> MAP did not converge after 1 iterations.
[gmrf_wind_mapping_node-2] [GMRF] MAP Mean value estimated in 9.91361 milliseconds
[gmrf_wind_mapping_node-2] --> MAP did not converge after 1 iterations.
[gmrf_wind_mapping_node-2] [GMRF] MAP Mean value estimated in 9.9137 milliseconds
[gmrf_wind_mapping_node-2] --> MAP did not converge after 1 iterations.
[gmrf_wind_mapping_node-2] [GMRF] MAP Mean value estimated in 9.9181 milliseconds
[gmrf_wind_mapping_node-2] --> MAP did not converge after 1 iterations.
[gmrf_wind_mapping_node-2] [GMRF] MAP Mean value estimated in 9.91604 milliseconds
[gmrf_wind_mapping_node-2] --> MAP did not converge after 1 iterations.
[gmrf_wind_mapping_node-2] [GMRF] MAP Mean value estimated in 9.92151 milliseconds
[gmrf_wind_mapping_node-2] --> MAP did not converge after 1 iterations.
[gmrf_wind_mapping_node-2] [GMRF] MAP Mean value estimated in 9.91837 milliseconds
[gmrf_wind_mapping_node-2] --> MAP did not converge after 1 iterations.
[gmrf_wind_mapping_node-2] [GMRF] MAP Mean value estimated in 9.92275 milliseconds
[gmrf_wind_mapping_node-2] --> MAP did not converge after 1 iterations.
[gmrf_wind_mapping_node-2] [GMRF] MAP Mean value estimated in 9.92283 milliseconds
[gmrf_wind_mapping_node-2] --> MAP did not converge after 1 iterations.
[gmrf_wind_mapping_node-2] [GMRF] MAP Mean value estimated in 9.9197 milliseconds
[gmrf_wind_mapping_node-2] --> MAP did not converge after 1 iterations.
[gmrf_wind_mapping_node-2] [GMRF] MAP Mean value estimated in 9.91872 milliseconds
[gmrf_wind_mapping_node-2] --> MAP did not converge after 1 iterations.
[gmrf_wind_mapping_node-2] [GMRF] MAP Mean value estimated in 9.92415 milliseconds
[gmrf_wind_mapping_node-2] --> MAP did not converge after 1 iterations.
[gmrf_wind_mapping_node-2] [GMRF] MAP Mean value estimated in 9.92102 milliseconds
[gmrf_wind_mapping_node-2] --> MAP did not converge after 1 iterations.
[gmrf_wind_mapping_node-2] [GMRF] MAP Mean value estimated in 9.92537 milliseconds
[gmrf_wind_mapping_node-2] --> MAP did not converge after 1 iterations.
[gmrf_wind_mapping_node-2] [GMRF] MAP Mean value estimated in 9.92439 milliseconds
[gmrf_wind_mapping_node-2] --> MAP did not converge after 1 iterations.
[gmrf_wind_mapping_node-2] [GMRF] MAP Mean value estimated in 9.9266 milliseconds
[gmrf_wind_mapping_node-2] --> MAP did not converge after 1 iterations.
[gmrf_wind_mapping_node-2] [GMRF] MAP Mean value estimated in 9.92349 milliseconds
[gmrf_wind_mapping_node-2] --> MAP did not converge after 1 iterations.
[gmrf_wind_mapping_node-2] [GMRF] MAP Mean value estimated in 9.92357 milliseconds
[gmrf_wind_mapping_node-2] --> MAP did not converge after 1 iterations.
[gmrf_wind_mapping_node-2] [GMRF] MAP Mean value estimated in 9.92047 milliseconds
[gmrf_wind_mapping_node-2] --> MAP did not converge after 1 iterations.
[gmrf_wind_mapping_node-2] [GMRF] MAP Mean value estimated in 9.91949 milliseconds
[gsl_actionserver_node-3] [INFO] [1788883964.161000267] [GSL]: 10 gas measurements, 10 wind measurements over 2.00 seconds
[gsl_actionserver_node-3] [INFO] [1788883964.161052828] [GSL]: avg_gas=0.78;  avg_windSpeed=0.06;  avg_wind_dir=-3
[gsl_actionserver_node-3] [INFO] [1788883964.161634175] [GSL]: [33mGAS HIT[0m
[gsl_actionserver_node-3] [INFO] [1788883964.161644368] [GSL]: [DEBUG-WIND] useGroundTruth=false gmrf_req_size=631 gaden_req_size=-1
[gsl_actionserver_node-3] [INFO] [1788883964.161651262] [GSL]: [DEBUG-WIND] Taking GMRF path
[gsl_actionserver_node-3] [INFO] [1788883964.163922875] [GSL - Trace]: [32mEntering StopAndMeasure[0m
[gmrf_wind_mapping_node-2] --> MAP did not converge after 1 iterations.
[gmrf_wind_mapping_node-2] [GMRF] MAP Mean value estimated in 9.91958 milliseconds
[gmrf_wind_mapping_node-2] --> MAP did not converge after 1 iterations.
[gmrf_wind_mapping_node-2] [GMRF] MAP Mean value estimated in 9.92706 milliseconds
[gmrf_wind_mapping_node-2] --> MAP did not converge after 1 iterations.
[gmrf_wind_mapping_node-2] [GMRF] MAP Mean value estimated in 9.92397 milliseconds
[gmrf_wind_mapping_node-2] --> MAP did not converge after 1 iterations.
[gmrf_wind_mapping_node-2] [GMRF] MAP Mean value estimated in 9.92089 milliseconds
[gmrf_wind_mapping_node-2] --> MAP did not converge after 1 iterations.
[gmrf_wind_mapping_node-2] [GMRF] MAP Mean value estimated in 9.91886 milliseconds
[gmrf_wind_mapping_node-2] --> MAP did not converge after 1 iterations.
[gmrf_wind_mapping_node-2] [GMRF] MAP Mean value estimated in 9.92316 milliseconds
[gmrf_wind_mapping_node-2] --> MAP did not converge after 1 iterations.
[gmrf_wind_mapping_node-2] [GMRF] MAP Mean value estimated in 9.92008 milliseconds
[gmrf_wind_mapping_node-2] --> MAP did not converge after 1 iterations.
[gmrf_wind_mapping_node-2] [GMRF] MAP Mean value estimated in 9.92332 milliseconds
[gmrf_wind_mapping_node-2] --> MAP did not converge after 1 iterations.
[gmrf_wind_mapping_node-2] [GMRF] MAP Mean value estimated in 9.9255 milliseconds
[gmrf_wind_mapping_node-2] --> MAP did not converge after 1 iterations.
[gmrf_wind_mapping_node-2] [GMRF] MAP Mean value estimated in 9.92977 milliseconds
[gmrf_wind_mapping_node-2] --> MAP did not converge after 1 iterations.
[gmrf_wind_mapping_node-2] [GMRF] MAP Mean value estimated in 9.93194 milliseconds
[gmrf_wind_mapping_node-2] --> MAP did not converge after 1 iterations.
[gmrf_wind_mapping_node-2] [GMRF] MAP Mean value estimated in 9.93724 milliseconds
[gmrf_wind_mapping_node-2] --> MAP did not converge after 1 iterations.
[gmrf_wind_mapping_node-2] [GMRF] MAP Mean value estimated in 9.93521 milliseconds
[gmrf_wind_mapping_node-2] --> MAP did not converge after 1 iterations.
[gmrf_wind_mapping_node-2] [GMRF] MAP Mean value estimated in 9.93946 milliseconds
[gmrf_wind_mapping_node-2] --> MAP did not converge after 1 iterations.
[gmrf_wind_mapping_node-2] [GMRF] MAP Mean value estimated in 9.93639 milliseconds
[gmrf_wind_mapping_node-2] --> MAP did not converge after 1 iterations.
[gmrf_wind_mapping_node-2] [GMRF] MAP Mean value estimated in 9.93333 milliseconds
[gmrf_wind_mapping_node-2] --> MAP did not converge after 1 iterations.
[gmrf_wind_mapping_node-2] [GMRF] MAP Mean value estimated in 9.9334 milliseconds
[gmrf_wind_mapping_node-2] --> MAP did not converge after 1 iterations.
[gmrf_wind_mapping_node-2] [GMRF] MAP Mean value estimated in 9.93971 milliseconds
[gmrf_wind_mapping_node-2] --> MAP did not converge after 1 iterations.
[gmrf_wind_mapping_node-2] [GMRF] MAP Mean value estimated in 9.94393 milliseconds
[gmrf_wind_mapping_node-2] --> MAP did not converge after 1 iterations.
[gmrf_wind_mapping_node-2] [GMRF] MAP Mean value estimated in 9.94502 milliseconds
[gsl_actionserver_node-3] [INFO] [1788883966.161040846] [GSL]: 10 gas measurements, 10 wind measurements over 2.00 seconds
[gsl_actionserver_node-3] [INFO] [1788883966.161091098] [GSL]: avg_gas=0.79;  avg_windSpeed=0.038;  avg_wind_dir=3
[gsl_actionserver_node-3] [INFO] [1788883966.161643155] [GSL]: [33mGAS HIT[0m
[gsl_actionserver_node-3] [INFO] [1788883966.161652620] [GSL]: [DEBUG-WIND] useGroundTruth=false gmrf_req_size=631 gaden_req_size=-1
[gsl_actionserver_node-3] [INFO] [1788883966.161659302] [GSL]: [DEBUG-WIND] Taking GMRF path
[gsl_actionserver_node-3] [INFO] [1788883966.164002632] [GSL]: [33mStarted simulations. Might take a while![0m
[gmrf_wind_mapping_node-2] --> MAP did not converge after 1 iterations.
[gmrf_wind_mapping_node-2] [GMRF] MAP Mean value estimated in 9.9544 milliseconds
[gsl_actionserver_node-3] [INFO] [1788883966.267913482] [GSL - Trace]: [32mFirst simulation level done[0m
[gsl_actionserver_node-3] [INFO] [1788883966.267978540] [GSL]: [RC2-DIAG] scores_size=62 refineFraction=0.25 refine_product=15.5 valid_first_level=62 sum_sourceProbInternal_before_norm=1.6265173241491313e-05 min_sourceProbInternal_before_norm=0 max_sourceProbInternal_before_norm=4.13291012750312e-07 finite_sourceProbInternal=1053 finite_varianceOfHitProb=1053
[gmrf_wind_mapping_node-2] --> MAP did not converge after 1 iterations.
[gmrf_wind_mapping_node-2] [GMRF] MAP Mean value estimated in 9.96066 milliseconds
[gmrf_wind_mapping_node-2] --> MAP did not converge after 1 iterations.
[gmrf_wind_mapping_node-2] [GMRF] MAP Mean value estimated in 9.95967 milliseconds
[gsl_actionserver_node-3] [INFO] [1788883966.374850252] [GSL - Trace]: [32mSimulation level 2 done[0m
[gsl_actionserver_node-3] [INFO] [1788883966.444927898] [GSL - Trace]: [32mSimulation level 3 done[0m
[gsl_actionserver_node-3] [INFO] [1788883966.468550233] [GSL - Trace]: [32mSimulation level 4 done[0m
[gsl_actionserver_node-3] [INFO] [1788883966.469874088] [GSL - Trace]: [32mSimulation level 5 done[0m
[gsl_actionserver_node-3] [INFO] [1788883966.470044700] [GSL]: Number of levels in the simulation: 5
[gsl_actionserver_node-3] [INFO] [1788883966.470052533] [GSL]: Total number of simulations: 166
[gsl_actionserver_node-3] [INFO] [1788883966.470719472] [GSL]: [RC2-DIAG] normalized_finite_count=1053 normalized_sum=1
[gsl_actionserver_node-3] [INFO] [1788883966.470734182] [GSL]: Time ellapsed in simulation = 0.30661783800000003 s
[gsl_actionserver_node-3] [INFO] [1788883966.473843225] [GSL]: Max mutual info: 2.008
[gsl_actionserver_node-3] [INFO] [1788883966.474086046] [GSL]: MutualInformation - Ellapsed: 0.003s
[gmrf_wind_mapping_node-2] --> MAP did not converge after 1 iterations.
[gmrf_wind_mapping_node-2] [GMRF] MAP Mean value estimated in 9.95971 milliseconds
[vgr_sim_node-1] [WARN] [1788883966.478463388] [vgr_uav_sim]: PLAN_CB: called with goal=(-2.24,-1.60)
[vgr_sim_node-1] [WARN] [1788883966.482196569] [vgr_uav_sim]: PLAN_CB: returning 7 poses
[vgr_sim_node-1] [WARN] [1788883966.489431046] [vgr_uav_sim]: PLAN_CB: called with goal=(-2.24,-1.60)
[vgr_sim_node-1] [WARN] [1788883966.491518169] [vgr_uav_sim]: PLAN_CB: returning 7 poses
[gsl_actionserver_node-3] [INFO] [1788883966.501076277] [GSL]: Sending goal (-2.24, -1.60)
[vgr_sim_node-1] [INFO] [1788883966.503162762] [vgr_uav_sim]: Prepared 7 collision-free navigation waypoints to (-2.24, -1.60)
[gsl_actionserver_node-3] [INFO] [1788883966.504007634] [GSL]: Variance: 0.35
[gsl_actionserver_node-3] [INFO] [1788883966.504038755] [GSL - Trace]: [32mEntering Moving[0m
[vgr_sim_node-1] [INFO] [1788883966.515170460] [vgr_uav_sim]: UAV navigating in audited 2-D mode to (-2.24, -1.60, 0.30)
[gmrf_wind_mapping_node-2] --> MAP did not converge after 1 iterations.
[gmrf_wind_mapping_node-2] [GMRF] MAP Mean value estimated in 9.95666 milliseconds
[gmrf_wind_mapping_node-2] --> MAP did not converge after 1 iterations.
[gmrf_wind_mapping_node-2] [GMRF] MAP Mean value estimated in 9.95361 milliseconds
[gmrf_wind_mapping_node-2] --> MAP did not converge after 1 iterations.
[gmrf_wind_mapping_node-2] [GMRF] MAP Mean value estimated in 9.95057 milliseconds
[gmrf_wind_mapping_node-2] --> MAP did not converge after 1 iterations.
[gmrf_wind_mapping_node-2] [GMRF] MAP Mean value estimated in 9.95576 milliseconds
[gmrf_wind_mapping_node-2] --> MAP did not converge after 1 iterations.
[gmrf_wind_mapping_node-2] [GMRF] MAP Mean value estimated in 9.95581 milliseconds
[gmrf_wind_mapping_node-2] --> MAP did not converge after 1 iterations.
[gmrf_wind_mapping_node-2] [GMRF] MAP Mean value estimated in 9.96304 milliseconds
[gmrf_wind_mapping_node-2] --> MAP did not converge after 1 iterations.
[gmrf_wind_mapping_node-2] [GMRF] MAP Mean value estimated in 9.96103 milliseconds
[gmrf_wind_mapping_node-2] --> MAP did not converge after 1 iterations.
[gmrf_wind_mapping_node-2] [GMRF] MAP Mean value estimated in 9.96619 milliseconds
[gmrf_wind_mapping_node-2] --> MAP did not converge after 1 iterations.
[gmrf_wind_mapping_node-2] [GMRF] MAP Mean value estimated in 9.9652 milliseconds
[gmrf_wind_mapping_node-2] --> MAP did not converge after 1 iterations.
[gmrf_wind_mapping_node-2] [GMRF] MAP Mean value estimated in 9.97342 milliseconds
[gmrf_wind_mapping_node-2] --> MAP did not converge after 1 iterations.
[gmrf_wind_mapping_node-2] [GMRF] MAP Mean value estimated in 9.97242 milliseconds
[gmrf_wind_mapping_node-2] --> MAP did not converge after 1 iterations.
[gmrf_wind_mapping_node-2] [GMRF] MAP Mean value estimated in 9.97755 milliseconds
[gmrf_wind_mapping_node-2] --> MAP did not converge after 1 iterations.
[gmrf_wind_mapping_node-2] [GMRF] MAP Mean value estimated in 9.97859 milliseconds
[gsl_actionserver_node-3] [INFO] [1788883967.776473576] [GSL - Trace]: [32mEntering StopAndMeasure[0m
[gmrf_wind_mapping_node-2] --> MAP did not converge after 1 iterations.
[gmrf_wind_mapping_node-2] [GMRF] MAP Mean value estimated in 9.98269 milliseconds
[gmrf_wind_mapping_node-2] --> MAP did not converge after 1 iterations.
[gmrf_wind_mapping_node-2] [GMRF] MAP Mean value estimated in 9.98169 milliseconds
[gmrf_wind_mapping_node-2] --> MAP did not converge after 1 iterations.
[gmrf_wind_mapping_node-2] [GMRF] MAP Mean value estimated in 9.97967 milliseconds
[gmrf_wind_mapping_node-2] --> MAP did not converge after 1 iterations.
[gmrf_wind_mapping_node-2] [GMRF] MAP Mean value estimated in 9.97766 milliseconds
[gmrf_wind_mapping_node-2] --> MAP did not converge after 1 iterations.
[gmrf_wind_mapping_node-2] [GMRF] MAP Mean value estimated in 9.97667 milliseconds
[gmrf_wind_mapping_node-2] --> MAP did not converge after 1 iterations.
[gmrf_wind_mapping_node-2] [GMRF] MAP Mean value estimated in 9.97872 milliseconds
[gmrf_wind_mapping_node-2] --> MAP did not converge after 1 iterations.
[gmrf_wind_mapping_node-2] [GMRF] MAP Mean value estimated in 9.97976 milliseconds
[gmrf_wind_mapping_node-2] --> MAP did not converge after 1 iterations.
[gmrf_wind_mapping_node-2] [GMRF] MAP Mean value estimated in 9.97877 milliseconds
[gmrf_wind_mapping_node-2] --> MAP did not converge after 1 iterations.
[gmrf_wind_mapping_node-2] [GMRF] MAP Mean value estimated in 9.98283 milliseconds
[gmrf_wind_mapping_node-2] --> MAP did not converge after 1 iterations.
[gmrf_wind_mapping_node-2] [GMRF] MAP Mean value estimated in 9.97982 milliseconds
[gmrf_wind_mapping_node-2] --> MAP did not converge after 1 iterations.
[gmrf_wind_mapping_node-2] [GMRF] MAP Mean value estimated in 9.98488 milliseconds
[gmrf_wind_mapping_node-2] --> MAP did not converge after 1 iterations.
[gmrf_wind_mapping_node-2] [GMRF] MAP Mean value estimated in 9.98288 milliseconds
[gmrf_wind_mapping_node-2] --> MAP did not converge after 1 iterations.
[gmrf_wind_mapping_node-2] [GMRF] MAP Mean value estimated in 9.98089 milliseconds
[gmrf_wind_mapping_node-2] --> MAP did not converge after 1 iterations.
[gmrf_wind_mapping_node-2] [GMRF] MAP Mean value estimated in 9.97789 milliseconds
[gmrf_wind_mapping_node-2] --> MAP did not converge after 1 iterations.
[gmrf_wind_mapping_node-2] [GMRF] MAP Mean value estimated in 9.97992 milliseconds
[gmrf_wind_mapping_node-2] --> MAP did not converge after 1 iterations.
[gmrf_wind_mapping_node-2] [GMRF] MAP Mean value estimated in 9.97693 milliseconds
[gmrf_wind_mapping_node-2] --> MAP did not converge after 1 iterations.
[gmrf_wind_mapping_node-2] [GMRF] MAP Mean value estimated in 9.98096 milliseconds
[gmrf_wind_mapping_node-2] --> MAP did not converge after 1 iterations.
[gmrf_wind_mapping_node-2] [GMRF] MAP Mean value estimated in 9.97798 milliseconds
[gmrf_wind_mapping_node-2] --> MAP did not converge after 1 iterations.
[gmrf_wind_mapping_node-2] [GMRF] MAP Mean value estimated in 9.974 milliseconds
[gsl_actionserver_node-3] [INFO] [1788883969.755108663] [GSL]: 10 gas measurements, 10 wind measurements over 1.98 seconds
[gsl_actionserver_node-3] [INFO] [1788883969.755172177] [GSL]: avg_gas=0.85;  avg_windSpeed=0.057;  avg_wind_dir=-0.5
[gsl_actionserver_node-3] [INFO] [1788883969.755763466] [GSL]: [33mGAS HIT[0m
[gsl_actionserver_node-3] [INFO] [1788883969.755773024] [GSL]: [DEBUG-WIND] useGroundTruth=false gmrf_req_size=631 gaden_req_size=-1
[gsl_actionserver_node-3] [INFO] [1788883969.755779629] [GSL]: [DEBUG-WIND] Taking GMRF path
[gsl_actionserver_node-3] [INFO] [1788883969.764048822] [GSL - Trace]: [32mEntering StopAndMeasure[0m
[gmrf_wind_mapping_node-2] --> MAP did not converge after 1 iterations.
[gmrf_wind_mapping_node-2] [GMRF] MAP Mean value estimated in 9.97203 milliseconds
[gmrf_wind_mapping_node-2] --> MAP did not converge after 1 iterations.
[gmrf_wind_mapping_node-2] [GMRF] MAP Mean value estimated in 9.96906 milliseconds
[gmrf_wind_mapping_node-2] --> MAP did not converge after 1 iterations.
[gmrf_wind_mapping_node-2] [GMRF] MAP Mean value estimated in 9.9661 milliseconds
[gmrf_wind_mapping_node-2] --> MAP did not converge after 1 iterations.
[gmrf_wind_mapping_node-2] [GMRF] MAP Mean value estimated in 9.97012 milliseconds
[gmrf_wind_mapping_node-2] --> MAP did not converge after 1 iterations.
[gmrf_wind_mapping_node-2] [GMRF] MAP Mean value estimated in 9.97015 milliseconds
[gmrf_wind_mapping_node-2] --> MAP did not converge after 1 iterations.
[gmrf_wind_mapping_node-2] [GMRF] MAP Mean value estimated in 9.97416 milliseconds
[gmrf_wind_mapping_node-2] --> MAP did not converge after 1 iterations.
[gmrf_wind_mapping_node-2] [GMRF] MAP Mean value estimated in 9.97617 milliseconds
[gmrf_wind_mapping_node-2] --> MAP did not converge after 1 iterations.
[gmrf_wind_mapping_node-2] [GMRF] MAP Mean value estimated in 9.97917 milliseconds
[gmrf_wind_mapping_node-2] --> MAP did not converge after 1 iterations.
[gmrf_wind_mapping_node-2] [GMRF] MAP Mean value estimated in 9.97621 milliseconds
[gmrf_wind_mapping_node-2] --> MAP did not converge after 1 iterations.
[gmrf_wind_mapping_node-2] [GMRF] MAP Mean value estimated in 9.98119 milliseconds
[gmrf_wind_mapping_node-2] --> MAP did not converge after 1 iterations.
[gmrf_wind_mapping_node-2] [GMRF] MAP Mean value estimated in 9.97824 milliseconds
[gmrf_wind_mapping_node-2] --> MAP did not converge after 1 iterations.
[gmrf_wind_mapping_node-2] [GMRF] MAP Mean value estimated in 9.9753 milliseconds
[gmrf_wind_mapping_node-2] --> MAP did not converge after 1 iterations.
[gmrf_wind_mapping_node-2] [GMRF] MAP Mean value estimated in 9.97532 milliseconds
[gmrf_wind_mapping_node-2] --> MAP did not converge after 1 iterations.
[gmrf_wind_mapping_node-2] [GMRF] MAP Mean value estimated in 9.9783 milliseconds
[gmrf_wind_mapping_node-2] --> MAP did not converge after 1 iterations.
[gmrf_wind_mapping_node-2] [GMRF] MAP Mean value estimated in 9.97833 milliseconds
[gmrf_wind_mapping_node-2] --> MAP did not converge after 1 iterations.
[gmrf_wind_mapping_node-2] [GMRF] MAP Mean value estimated in 9.98327 milliseconds
[gmrf_wind_mapping_node-2] --> MAP did not converge after 1 iterations.
[gmrf_wind_mapping_node-2] [GMRF] MAP Mean value estimated in 9.98328 milliseconds
[gmrf_wind_mapping_node-2] --> MAP did not converge after 1 iterations.
[gmrf_wind_mapping_node-2] [GMRF] MAP Mean value estimated in 9.98723 milliseconds
[gmrf_wind_mapping_node-2] --> MAP did not converge after 1 iterations.
[gmrf_wind_mapping_node-2] [GMRF] MAP Mean value estimated in 9.98528 milliseconds
[gmrf_wind_mapping_node-2] --> MAP did not converge after 1 iterations.
[gmrf_wind_mapping_node-2] [GMRF] MAP Mean value estimated in 9.99118 milliseconds
[gsl_actionserver_node-3] [INFO] [1788883971.755165925] [GSL]: 10 gas measurements, 10 wind measurements over 1.99 seconds
[gsl_actionserver_node-3] [INFO] [1788883971.755252202] [GSL]: avg_gas=0.92;  avg_windSpeed=0.062;  avg_wind_dir=-0.67
[gsl_actionserver_node-3] [INFO] [1788883971.755918454] [GSL]: [33mGAS HIT[0m
[gsl_actionserver_node-3] [INFO] [1788883971.755930432] [GSL]: [DEBUG-WIND] useGroundTruth=false gmrf_req_size=631 gaden_req_size=-1
[gsl_actionserver_node-3] [INFO] [1788883971.755937981] [GSL]: [DEBUG-WIND] Taking GMRF path
[gsl_actionserver_node-3] [INFO] [1788883971.763992207] [GSL - Trace]: [32mEntering StopAndMeasure[0m
[gmrf_wind_mapping_node-2] --> MAP did not converge after 1 iterations.
[gmrf_wind_mapping_node-2] [GMRF] MAP Mean value estimated in 9.98923 milliseconds
[gmrf_wind_mapping_node-2] --> MAP did not converge after 1 iterations.
[gmrf_wind_mapping_node-2] [GMRF] MAP Mean value estimated in 9.99413 milliseconds
[gmrf_wind_mapping_node-2] --> MAP did not converge after 1 iterations.
[gmrf_wind_mapping_node-2] [GMRF] MAP Mean value estimated in 9.99413 milliseconds
[gmrf_wind_mapping_node-2] --> MAP did not converge after 1 iterations.
[gmrf_wind_mapping_node-2] [GMRF] MAP Mean value estimated in 9.99707 milliseconds
[gmrf_wind_mapping_node-2] --> MAP did not converge after 1 iterations.
[gmrf_wind_mapping_node-2] [GMRF] MAP Mean value estimated in 9.99415 milliseconds
[gmrf_wind_mapping_node-2] --> MAP did not converge after 1 iterations.
[gmrf_wind_mapping_node-2] [GMRF] MAP Mean value estimated in 9.99903 milliseconds
[gmrf_wind_mapping_node-2] --> MAP did not converge after 1 iterations.
[gmrf_wind_mapping_node-2] [GMRF] MAP Mean value estimated in 9.99611 milliseconds
[gmrf_wind_mapping_node-2] --> MAP did not converge after 1 iterations.
[gmrf_wind_mapping_node-2] [GMRF] MAP Mean value estimated in 10.001 milliseconds
[gmrf_wind_mapping_node-2] --> MAP did not converge after 1 iterations.
[gmrf_wind_mapping_node-2] [GMRF] MAP Mean value estimated in 9.99806 milliseconds
[gmrf_wind_mapping_node-2] --> MAP did not converge after 1 iterations.
[gmrf_wind_mapping_node-2] [GMRF] MAP Mean value estimated in 10 milliseconds
[gmrf_wind_mapping_node-2] --> MAP did not converge after 1 iterations.
[gmrf_wind_mapping_node-2] [GMRF] MAP Mean value estimated in 10 milliseconds
[gmrf_wind_mapping_node-2] --> MAP did not converge after 1 iterations.
[gmrf_wind_mapping_node-2] [GMRF] MAP Mean value estimated in 10.0019 milliseconds
[gmrf_wind_mapping_node-2] --> MAP did not converge after 1 iterations.
[gmrf_wind_mapping_node-2] [GMRF] MAP Mean value estimated in 10 milliseconds
[gmrf_wind_mapping_node-2] --> MAP did not converge after 1 iterations.
[gmrf_wind_mapping_node-2] [GMRF] MAP Mean value estimated in 10.0019 milliseconds
[gmrf_wind_mapping_node-2] --> MAP did not converge after 1 iterations.
[gmrf_wind_mapping_node-2] [GMRF] MAP Mean value estimated in 9.99903 milliseconds
[gmrf_wind_mapping_node-2] --> MAP did not converge after 1 iterations.
[gmrf_wind_mapping_node-2] [GMRF] MAP Mean value estimated in 10.0019 milliseconds
[gmrf_wind_mapping_node-2] --> MAP did not converge after 1 iterations.
[gmrf_wind_mapping_node-2] [GMRF] MAP Mean value estimated in 10.001 milliseconds
[gmrf_wind_mapping_node-2] --> MAP did not converge after 1 iterations.
[gmrf_wind_mapping_node-2] [GMRF] MAP Mean value estimated in 9.99807 milliseconds
[gmrf_wind_mapping_node-2] --> MAP did not converge after 1 iterations.
[gmrf_wind_mapping_node-2] [GMRF] MAP Mean value estimated in 9.99615 milliseconds
[gmrf_wind_mapping_node-2] --> MAP did not converge after 1 iterations.
[gmrf_wind_mapping_node-2] [GMRF] MAP Mean value estimated in 9.99423 milliseconds
[gmrf_wind_mapping_node-2] --> MAP did not converge after 1 iterations.
[gmrf_wind_mapping_node-2] [GMRF] MAP Mean value estimated in 9.99328 milliseconds
[gsl_actionserver_node-3] [INFO] [1788883973.805307291] [GSL]: 10 gas measurements, 10 wind measurements over 2.04 seconds
[gsl_actionserver_node-3] [INFO] [1788883973.805420371] [GSL]: avg_gas=0.93;  avg_windSpeed=0.057;  avg_wind_dir=-0.5
[gsl_actionserver_node-3] [INFO] [1788883973.806539135] [GSL]: [33mGAS HIT[0m
[gsl_actionserver_node-3] [INFO] [1788883973.806556434] [GSL]: [DEBUG-WIND] useGroundTruth=false gmrf_req_size=631 gaden_req_size=-1
[gsl_actionserver_node-3] [INFO] [1788883973.806590603] [GSL]: [DEBUG-WIND] Taking GMRF path
[gsl_actionserver_node-3] [INFO] [1788883973.864738921] [GSL - Trace]: [32mEntering StopAndMeasure[0m
[gmrf_wind_mapping_node-2] --> MAP did not converge after 1 iterations.
[gmrf_wind_mapping_node-2] [GMRF] MAP Mean value estimated in 9.9952 milliseconds
[gmrf_wind_mapping_node-2] --> MAP did not converge after 1 iterations.
[gmrf_wind_mapping_node-2] [GMRF] MAP Mean value estimated in 9.99233 milliseconds
[gmrf_wind_mapping_node-2] --> MAP did not converge after 1 iterations.
[gmrf_wind_mapping_node-2] [GMRF] MAP Mean value estimated in 9.99521 milliseconds
[gmrf_wind_mapping_node-2] --> MAP did not converge after 1 iterations.
[gmrf_wind_mapping_node-2] [GMRF] MAP Mean value estimated in 9.9933 milliseconds
[gmrf_wind_mapping_node-2] --> MAP did not converge after 1 iterations.
[gmrf_wind_mapping_node-2] [GMRF] MAP Mean value estimated in 9.99044 milliseconds
[gmrf_wind_mapping_node-2] --> MAP did not converge after 1 iterations.
[gmrf_wind_mapping_node-2] [GMRF] MAP Mean value estimated in 9.98758 milliseconds
[gmrf_wind_mapping_node-2] --> MAP did not converge after 1 iterations.
[gmrf_wind_mapping_node-2] [GMRF] MAP Mean value estimated in 9.98569 milliseconds
[gmrf_wind_mapping_node-2] --> MAP did not converge after 1 iterations.
[gmrf_wind_mapping_node-2] [GMRF] MAP Mean value estimated in 9.98284 milliseconds
[gmrf_wind_mapping_node-2] --> MAP did not converge after 1 iterations.
[gmrf_wind_mapping_node-2] [GMRF] MAP Mean value estimated in 9.98 milliseconds
[gmrf_wind_mapping_node-2] --> MAP did not converge after 1 iterations.
[gmrf_wind_mapping_node-2] [GMRF] MAP Mean value estimated in 9.97716 milliseconds
[gmrf_wind_mapping_node-2] --> MAP did not converge after 1 iterations.
[gmrf_wind_mapping_node-2] [GMRF] MAP Mean value estimated in 9.97433 milliseconds
[gmrf_wind_mapping_node-2] --> MAP did not converge after 1 iterations.
[gmrf_wind_mapping_node-2] [GMRF] MAP Mean value estimated in 9.97246 milliseconds
[gmrf_wind_mapping_node-2] --> MAP did not converge after 1 iterations.
[gmrf_wind_mapping_node-2] [GMRF] MAP Mean value estimated in 9.96964 milliseconds
[gmrf_wind_mapping_node-2] --> MAP did not converge after 1 iterations.
[gmrf_wind_mapping_node-2] [GMRF] MAP Mean value estimated in 9.96682 milliseconds
[gmrf_wind_mapping_node-2] --> MAP did not converge after 1 iterations.
[gmrf_wind_mapping_node-2] [GMRF] MAP Mean value estimated in 9.96402 milliseconds
[gmrf_wind_mapping_node-2] --> MAP did not converge after 1 iterations.
[gmrf_wind_mapping_node-2] [GMRF] MAP Mean value estimated in 9.96121 milliseconds
[gmrf_wind_mapping_node-2] --> MAP did not converge after 1 iterations.
[gmrf_wind_mapping_node-2] [GMRF] MAP Mean value estimated in 9.95841 milliseconds
[gmrf_wind_mapping_node-2] --> MAP did not converge after 1 iterations.
[gmrf_wind_mapping_node-2] [GMRF] MAP Mean value estimated in 9.95467 milliseconds
[gmrf_wind_mapping_node-2] --> MAP did not converge after 1 iterations.
[gmrf_wind_mapping_node-2] [GMRF] MAP Mean value estimated in 9.95189 milliseconds
[gsl_actionserver_node-3] [INFO] [1788883975.755118750] [GSL]: 10 gas measurements, 10 wind measurements over 1.89 seconds
[gsl_actionserver_node-3] [INFO] [1788883975.755188797] [GSL]: avg_gas=0.88;  avg_windSpeed=0.062;  avg_wind_dir=-0.67
[gsl_actionserver_node-3] [INFO] [1788883975.755805831] [GSL]: [33mGAS HIT[0m
[gsl_actionserver_node-3] [INFO] [1788883975.755837264] [GSL]: [DEBUG-WIND] useGroundTruth=false gmrf_req_size=631 gaden_req_size=-1
[gsl_actionserver_node-3] [INFO] [1788883975.755880217] [GSL]: [DEBUG-WIND] Taking GMRF path
[gsl_actionserver_node-3] [INFO] [1788883975.764334074] [GSL - Trace]: [32mEntering StopAndMeasure[0m
[gmrf_wind_mapping_node-2] --> MAP did not converge after 1 iterations.
[gmrf_wind_mapping_node-2] [GMRF] MAP Mean value estimated in 9.9491 milliseconds
[gmrf_wind_mapping_node-2] --> MAP did not converge after 1 iterations.
[gmrf_wind_mapping_node-2] [GMRF] MAP Mean value estimated in 9.94727 milliseconds
[gmrf_wind_mapping_node-2] --> MAP did not converge after 1 iterations.
[gmrf_wind_mapping_node-2] [GMRF] MAP Mean value estimated in 9.95014 milliseconds
[gmrf_wind_mapping_node-2] --> MAP did not converge after 1 iterations.
[gmrf_wind_mapping_node-2] [GMRF] MAP Mean value estimated in 9.95395 milliseconds
[gmrf_wind_mapping_node-2] --> MAP did not converge after 1 iterations.
[gmrf_wind_mapping_node-2] [GMRF] MAP Mean value estimated in 9.95117 milliseconds
[gmrf_wind_mapping_node-2] --> MAP did not converge after 1 iterations.
[gmrf_wind_mapping_node-2] [GMRF] MAP Mean value estimated in 9.94841 milliseconds
[gmrf_wind_mapping_node-2] --> MAP did not converge after 1 iterations.
[gmrf_wind_mapping_node-2] [GMRF] MAP Mean value estimated in 9.94564 milliseconds
[gmrf_wind_mapping_node-2] --> MAP did not converge after 1 iterations.
[gmrf_wind_mapping_node-2] [GMRF] MAP Mean value estimated in 9.94288 milliseconds
[gmrf_wind_mapping_node-2] --> MAP did not converge after 1 iterations.
[gmrf_wind_mapping_node-2] [GMRF] MAP Mean value estimated in 9.94013 milliseconds
[gmrf_wind_mapping_node-2] --> MAP did not converge after 1 iterations.
[gmrf_wind_mapping_node-2] [GMRF] MAP Mean value estimated in 9.93832 milliseconds
[gmrf_wind_mapping_node-2] --> MAP did not converge after 1 iterations.
[gmrf_wind_mapping_node-2] [GMRF] MAP Mean value estimated in 9.93838 milliseconds
[gmrf_wind_mapping_node-2] --> MAP did not converge after 1 iterations.
[gmrf_wind_mapping_node-2] [GMRF] MAP Mean value estimated in 9.9403 milliseconds
[gmrf_wind_mapping_node-2] --> MAP did not converge after 1 iterations.
[gmrf_wind_mapping_node-2] [GMRF] MAP Mean value estimated in 9.93756 milliseconds
[gmrf_wind_mapping_node-2] --> MAP did not converge after 1 iterations.
[gmrf_wind_mapping_node-2] [GMRF] MAP Mean value estimated in 9.94227 milliseconds
[gmrf_wind_mapping_node-2] --> MAP did not converge after 1 iterations.
[gmrf_wind_mapping_node-2] [GMRF] MAP Mean value estimated in 9.9414 milliseconds
[gmrf_wind_mapping_node-2] --> MAP did not converge after 1 iterations.
[gmrf_wind_mapping_node-2] [GMRF] MAP Mean value estimated in 9.94703 milliseconds
[gmrf_wind_mapping_node-2] --> MAP did not converge after 1 iterations.
[gmrf_wind_mapping_node-2] [GMRF] MAP Mean value estimated in 9.94522 milliseconds
[gmrf_wind_mapping_node-2] --> MAP did not converge after 1 iterations.
[gmrf_wind_mapping_node-2] [GMRF] MAP Mean value estimated in 9.94805 milliseconds
[gmrf_wind_mapping_node-2] --> MAP did not converge after 1 iterations.
[gmrf_wind_mapping_node-2] [GMRF] MAP Mean value estimated in 9.94625 milliseconds
[gmrf_wind_mapping_node-2] --> MAP did not converge after 1 iterations.
[gmrf_wind_mapping_node-2] [GMRF] MAP Mean value estimated in 9.94352 milliseconds
[gmrf_wind_mapping_node-2] --> MAP did not converge after 1 iterations.
[gmrf_wind_mapping_node-2] [GMRF] MAP Mean value estimated in 9.94172 milliseconds
[gsl_actionserver_node-3] [INFO] [1788883977.855446516] [GSL]: 10 gas measurements, 10 wind measurements over 2.09 seconds
[gsl_actionserver_node-3] [INFO] [1788883977.855513148] [GSL]: avg_gas=0.87;  avg_windSpeed=0.057;  avg_wind_dir=-0.5
[gsl_actionserver_node-3] [INFO] [1788883977.856140213] [GSL]: [33mGAS HIT[0m
[gsl_actionserver_node-3] [INFO] [1788883977.856150818] [GSL]: [DEBUG-WIND] useGroundTruth=false gmrf_req_size=631 gaden_req_size=-1
[gsl_actionserver_node-3] [INFO] [1788883977.856157841] [GSL]: [DEBUG-WIND] Taking GMRF path
[gsl_actionserver_node-3] [INFO] [1788883977.864356935] [GSL - Trace]: [32mEntering StopAndMeasure[0m
[gmrf_wind_mapping_node-2] --> MAP did not converge after 1 iterations.
[gmrf_wind_mapping_node-2] [GMRF] MAP Mean value estimated in 9.93993 milliseconds
[gmrf_wind_mapping_node-2] --> MAP did not converge after 1 iterations.
[gmrf_wind_mapping_node-2] [GMRF] MAP Mean value estimated in 9.93721 milliseconds
[gmrf_wind_mapping_node-2] --> MAP did not converge after 1 iterations.
[gmrf_wind_mapping_node-2] [GMRF] MAP Mean value estimated in 9.93727 milliseconds
[gmrf_wind_mapping_node-2] --> MAP did not converge after 1 iterations.
[gmrf_wind_mapping_node-2] [GMRF] MAP Mean value estimated in 9.93456 milliseconds
[gmrf_wind_mapping_node-2] --> MAP did not converge after 1 iterations.
[gmrf_wind_mapping_node-2] [GMRF] MAP Mean value estimated in 9.93186 milliseconds
[gmrf_wind_mapping_node-2] --> MAP did not converge after 1 iterations.
[gmrf_wind_mapping_node-2] [GMRF] MAP Mean value estimated in 9.92916 milliseconds
[gmrf_wind_mapping_node-2] --> MAP did not converge after 1 iterations.
[gmrf_wind_mapping_node-2] [GMRF] MAP Mean value estimated in 9.92647 milliseconds
[gmrf_wind_mapping_node-2] --> MAP did not converge after 1 iterations.
[gmrf_wind_mapping_node-2] [GMRF] MAP Mean value estimated in 9.92654 milliseconds
[gmrf_wind_mapping_node-2] --> MAP did not converge after 1 iterations.
[gmrf_wind_mapping_node-2] [GMRF] MAP Mean value estimated in 9.92477 milliseconds
[gmrf_wind_mapping_node-2] --> MAP did not converge after 1 iterations.
[gmrf_wind_mapping_node-2] [GMRF] MAP Mean value estimated in 9.92209 milliseconds
[gmrf_wind_mapping_node-2] --> MAP did not converge after 1 iterations.
[gmrf_wind_mapping_node-2] [GMRF] MAP Mean value estimated in 9.91941 milliseconds
[gmrf_wind_mapping_node-2] --> MAP did not converge after 1 iterations.
[gmrf_wind_mapping_node-2] [GMRF] MAP Mean value estimated in 9.91674 milliseconds
[gmrf_wind_mapping_node-2] --> MAP did not converge after 1 iterations.
[gmrf_wind_mapping_node-2] [GMRF] MAP Mean value estimated in 9.91773 milliseconds
[gmrf_wind_mapping_node-2] --> MAP did not converge after 1 iterations.
[gmrf_wind_mapping_node-2] [GMRF] MAP Mean value estimated in 9.91507 milliseconds
[gmrf_wind_mapping_node-2] --> MAP did not converge after 1 iterations.
[gmrf_wind_mapping_node-2] [GMRF] MAP Mean value estimated in 9.91697 milliseconds
[gmrf_wind_mapping_node-2] --> MAP did not converge after 1 iterations.
[gmrf_wind_mapping_node-2] [GMRF] MAP Mean value estimated in 9.91522 milliseconds
[gmrf_wind_mapping_node-2] --> MAP did not converge after 1 iterations.
[gmrf_wind_mapping_node-2] [GMRF] MAP Mean value estimated in 9.91348 milliseconds
[gmrf_wind_mapping_node-2] --> MAP did not converge after 1 iterations.
[gmrf_wind_mapping_node-2] [GMRF] MAP Mean value estimated in 9.91356 milliseconds
[gmrf_wind_mapping_node-2] --> MAP did not converge after 1 iterations.
[gmrf_wind_mapping_node-2] [GMRF] MAP Mean value estimated in 9.91545 milliseconds
[gsl_actionserver_node-3] [INFO] [1788883979.755144056] [GSL]: 10 gas measurements, 10 wind measurements over 1.89 seconds
[gsl_actionserver_node-3] [INFO] [1788883979.755514573] [GSL]: avg_gas=0.87;  avg_windSpeed=0.062;  avg_wind_dir=-0.67
[gsl_actionserver_node-3] [INFO] [1788883979.756125324] [GSL]: [33mGAS HIT[0m
[gsl_actionserver_node-3] [INFO] [1788883979.756135760] [GSL]: [DEBUG-WIND] useGroundTruth=false gmrf_req_size=631 gaden_req_size=-1
[gsl_actionserver_node-3] [INFO] [1788883979.756142630] [GSL]: [DEBUG-WIND] Taking GMRF path
[gsl_actionserver_node-3] [INFO] [1788883979.764068102] [GSL - Trace]: [32mEntering StopAndMeasure[0m
[gmrf_wind_mapping_node-2] --> MAP did not converge after 1 iterations.
[gmrf_wind_mapping_node-2] [GMRF] MAP Mean value estimated in 9.91281 milliseconds
[gmrf_wind_mapping_node-2] --> MAP did not converge after 1 iterations.
[gmrf_wind_mapping_node-2] [GMRF] MAP Mean value estimated in 9.91107 milliseconds
[gmrf_wind_mapping_node-2] --> MAP did not converge after 1 iterations.
[gmrf_wind_mapping_node-2] [GMRF] MAP Mean value estimated in 9.91024 milliseconds
[gmrf_wind_mapping_node-2] --> MAP did not converge after 1 iterations.
[gmrf_wind_mapping_node-2] [GMRF] MAP Mean value estimated in 9.90851 milliseconds
[gmrf_wind_mapping_node-2] --> MAP did not converge after 1 iterations.
[gmrf_wind_mapping_node-2] [GMRF] MAP Mean value estimated in 9.90588 milliseconds
[gmrf_wind_mapping_node-2] --> MAP did not converge after 1 iterations.
[gmrf_wind_mapping_node-2] [GMRF] MAP Mean value estimated in 9.90597 milliseconds
[gmrf_wind_mapping_node-2] --> MAP did not converge after 1 iterations.
[gmrf_wind_mapping_node-2] [GMRF] MAP Mean value estimated in 9.90515 milliseconds
[gmrf_wind_mapping_node-2] --> MAP did not converge after 1 iterations.
[gmrf_wind_mapping_node-2] [GMRF] MAP Mean value estimated in 9.90975 milliseconds
[gmrf_wind_mapping_node-2] --> MAP did not converge after 1 iterations.
[gmrf_wind_mapping_node-2] [GMRF] MAP Mean value estimated in 9.90803 milliseconds
[gmrf_wind_mapping_node-2] --> MAP did not converge after 1 iterations.
[gmrf_wind_mapping_node-2] [GMRF] MAP Mean value estimated in 9.90721 milliseconds
[gmrf_wind_mapping_node-2] --> MAP did not converge after 1 iterations.
[gmrf_wind_mapping_node-2] [GMRF] MAP Mean value estimated in 9.90819 milliseconds
[gmrf_wind_mapping_node-2] --> MAP did not converge after 1 iterations.
[gmrf_wind_mapping_node-2] [GMRF] MAP Mean value estimated in 9.90558 milliseconds
[gmrf_wind_mapping_node-2] --> MAP did not converge after 1 iterations.
[gmrf_wind_mapping_node-2] [GMRF] MAP Mean value estimated in 9.90296 milliseconds
[gmrf_wind_mapping_node-2] --> MAP did not converge after 1 iterations.
[gmrf_wind_mapping_node-2] [GMRF] MAP Mean value estimated in 9.90305 milliseconds
[gmrf_wind_mapping_node-2] --> MAP did not converge after 1 iterations.
[gmrf_wind_mapping_node-2] [GMRF] MAP Mean value estimated in 9.90045 milliseconds
[gmrf_wind_mapping_node-2] --> MAP did not converge after 1 iterations.
[gmrf_wind_mapping_node-2] [GMRF] MAP Mean value estimated in 9.90054 milliseconds
[gmrf_wind_mapping_node-2] --> MAP did not converge after 1 iterations.
[gmrf_wind_mapping_node-2] [GMRF] MAP Mean value estimated in 9.89884 milliseconds
[gmrf_wind_mapping_node-2] --> MAP did not converge after 1 iterations.
[gmrf_wind_mapping_node-2] [GMRF] MAP Mean value estimated in 9.89714 milliseconds
[gmrf_wind_mapping_node-2] --> MAP did not converge after 1 iterations.
[gmrf_wind_mapping_node-2] [GMRF] MAP Mean value estimated in 9.89723 milliseconds
[gmrf_wind_mapping_node-2] --> MAP did not converge after 1 iterations.
[gmrf_wind_mapping_node-2] [GMRF] MAP Mean value estimated in 9.89821 milliseconds
[gsl_actionserver_node-3] [INFO] [1788883981.755114434] [GSL]: 10 gas measurements, 10 wind measurements over 1.99 seconds
[gsl_actionserver_node-3] [INFO] [1788883981.755173407] [GSL]: avg_gas=0.87;  avg_windSpeed=0.057;  avg_wind_dir=-0.5
[gsl_actionserver_node-3] [INFO] [1788883981.755823273] [GSL]: [33mGAS HIT[0m
[gsl_actionserver_node-3] [INFO] [1788883981.755834513] [GSL]: [DEBUG-WIND] useGroundTruth=false gmrf_req_size=631 gaden_req_size=-1
[gsl_actionserver_node-3] [INFO] [1788883981.755868716] [GSL]: [DEBUG-WIND] Taking GMRF path
[gsl_actionserver_node-3] [INFO] [1788883981.764169637] [GSL - Trace]: [32mEntering StopAndMeasure[0m
[gmrf_wind_mapping_node-2] --> MAP did not converge after 1 iterations.
[gmrf_wind_mapping_node-2] [GMRF] MAP Mean value estimated in 9.89652 milliseconds
[gmrf_wind_mapping_node-2] --> MAP did not converge after 1 iterations.
[gmrf_wind_mapping_node-2] [GMRF] MAP Mean value estimated in 9.89572 milliseconds
[gmrf_wind_mapping_node-2] --> MAP did not converge after 1 iterations.
[gmrf_wind_mapping_node-2] [GMRF] MAP Mean value estimated in 9.89403 milliseconds
[gmrf_wind_mapping_node-2] --> MAP did not converge after 1 iterations.
[gmrf_wind_mapping_node-2] [GMRF] MAP Mean value estimated in 9.89591 milliseconds
[gmrf_wind_mapping_node-2] --> MAP did not converge after 1 iterations.
[gmrf_wind_mapping_node-2] [GMRF] MAP Mean value estimated in 9.89422 milliseconds
[gmrf_wind_mapping_node-2] --> MAP did not converge after 1 iterations.
[gmrf_wind_mapping_node-2] [GMRF] MAP Mean value estimated in 9.89876 milliseconds
[gmrf_wind_mapping_node-2] --> MAP did not converge after 1 iterations.
[gmrf_wind_mapping_node-2] [GMRF] MAP Mean value estimated in 9.89707 milliseconds
[gmrf_wind_mapping_node-2] --> MAP did not converge after 1 iterations.
[gmrf_wind_mapping_node-2] [GMRF] MAP Mean value estimated in 9.90071 milliseconds
[gmrf_wind_mapping_node-2] --> MAP did not converge after 1 iterations.
[gmrf_wind_mapping_node-2] [GMRF] MAP Mean value estimated in 9.89903 milliseconds
[gmrf_wind_mapping_node-2] --> MAP did not converge after 1 iterations.
[gmrf_wind_mapping_node-2] [GMRF] MAP Mean value estimated in 9.90088 milliseconds
[gmrf_wind_mapping_node-2] --> MAP did not converge after 1 iterations.
[gmrf_wind_mapping_node-2] [GMRF] MAP Mean value estimated in 9.8992 milliseconds
[gmrf_wind_mapping_node-2] --> MAP did not converge after 1 iterations.
[gmrf_wind_mapping_node-2] [GMRF] MAP Mean value estimated in 9.89929 milliseconds
[gmrf_wind_mapping_node-2] --> MAP did not converge after 1 iterations.
[gmrf_wind_mapping_node-2] [GMRF] MAP Mean value estimated in 9.8985 milliseconds
[gmrf_wind_mapping_node-2] --> MAP did not converge after 1 iterations.
[gmrf_wind_mapping_node-2] [GMRF] MAP Mean value estimated in 9.90212 milliseconds
[gmrf_wind_mapping_node-2] --> MAP did not converge after 1 iterations.
[gmrf_wind_mapping_node-2] [GMRF] MAP Mean value estimated in 9.9022 milliseconds
[gmrf_wind_mapping_node-2] --> MAP did not converge after 1 iterations.
[gmrf_wind_mapping_node-2] [GMRF] MAP Mean value estimated in 9.90317 milliseconds
[gmrf_wind_mapping_node-2] --> MAP did not converge after 1 iterations.
[gmrf_wind_mapping_node-2] [GMRF] MAP Mean value estimated in 9.90325 milliseconds
[gmrf_wind_mapping_node-2] --> MAP did not converge after 1 iterations.
[gmrf_wind_mapping_node-2] [GMRF] MAP Mean value estimated in 9.90422 milliseconds
[gmrf_wind_mapping_node-2] --> MAP did not converge after 1 iterations.
[gmrf_wind_mapping_node-2] [GMRF] MAP Mean value estimated in 9.9043 milliseconds
[gmrf_wind_mapping_node-2] --> MAP did not converge after 1 iterations.
[gmrf_wind_mapping_node-2] [GMRF] MAP Mean value estimated in 9.90439 milliseconds
[gmrf_wind_mapping_node-2] --> MAP did not converge after 1 iterations.
[gmrf_wind_mapping_node-2] [GMRF] MAP Mean value estimated in 9.90447 milliseconds
[gsl_actionserver_node-3] [INFO] [1788883983.805255536] [GSL]: 10 gas measurements, 10 wind measurements over 2.04 seconds
[gsl_actionserver_node-3] [INFO] [1788883983.805787594] [GSL]: avg_gas=0.82;  avg_windSpeed=0.062;  avg_wind_dir=-0.67
[gsl_actionserver_node-3] [INFO] [1788883983.807148136] [GSL]: [33mGAS HIT[0m
[gsl_actionserver_node-3] [INFO] [1788883983.807167966] [GSL]: [DEBUG-WIND] useGroundTruth=false gmrf_req_size=631 gaden_req_size=-1
[gsl_actionserver_node-3] [INFO] [1788883983.807176501] [GSL]: [DEBUG-WIND] Taking GMRF path
[gsl_actionserver_node-3] [INFO] [1788883983.864602121] [GSL]: [33mStarted simulations. Might take a while![0m
[gmrf_wind_mapping_node-2] --> MAP did not converge after 1 iterations.
[gmrf_wind_mapping_node-2] [GMRF] MAP Mean value estimated in 9.91331 milliseconds
[gmrf_wind_mapping_node-2] --> MAP did not converge after 1 iterations.
[gmrf_wind_mapping_node-2] [GMRF] MAP Mean value estimated in 9.91601 milliseconds
[gsl_actionserver_node-3] [INFO] [1788883983.979196630] [GSL - Trace]: [32mFirst simulation level done[0m
[gsl_actionserver_node-3] [INFO] [1788883983.979242120] [GSL]: [RC2-DIAG] scores_size=62 refineFraction=0.25 refine_product=15.5 valid_first_level=62 sum_sourceProbInternal_before_norm=2.43123335809937e-05 min_sourceProbInternal_before_norm=0 max_sourceProbInternal_before_norm=1.091931855439126e-06 finite_sourceProbInternal=1053 finite_varianceOfHitProb=1053
[gsl_actionserver_node-3] [INFO] [1788883984.075352121] [GSL - Trace]: [32mSimulation level 2 done[0m
[gmrf_wind_mapping_node-2] --> MAP did not converge after 1 iterations.
[gmrf_wind_mapping_node-2] [GMRF] MAP Mean value estimated in 9.91958 milliseconds
[gsl_actionserver_node-3] [INFO] [1788883984.150738978] [GSL - Trace]: [32mSimulation level 3 done[0m
[gsl_actionserver_node-3] [INFO] [1788883984.177947094] [GSL - Trace]: [32mSimulation level 4 done[0m
[gsl_actionserver_node-3] [INFO] [1788883984.178869889] [GSL - Trace]: [32mSimulation level 5 done[0m
[gsl_actionserver_node-3] [INFO] [1788883984.178881951] [GSL]: Number of levels in the simulation: 5
[gsl_actionserver_node-3] [INFO] [1788883984.178889023] [GSL]: Total number of simulations: 170
[gsl_actionserver_node-3] [INFO] [1788883984.178911355] [GSL]: [RC2-DIAG] normalized_finite_count=1053 normalized_sum=1
[gsl_actionserver_node-3] [INFO] [1788883984.178919781] [GSL]: Time ellapsed in simulation = 0.314246654 s
[gsl_actionserver_node-3] [INFO] [1788883984.181776313] [GSL]: Max mutual info: 2.874
[gsl_actionserver_node-3] [INFO] [1788883984.181962883] [GSL]: MutualInformation - Ellapsed: 0.003s
[gmrf_wind_mapping_node-2] --> MAP did not converge after 1 iterations.
[gmrf_wind_mapping_node-2] [GMRF] MAP Mean value estimated in 9.92664 milliseconds
[vgr_sim_node-1] [WARN] [1788883984.189383514] [vgr_uav_sim]: PLAN_CB: called with goal=(-3.74,-1.60)
[vgr_sim_node-1] [WARN] [1788883984.192503925] [vgr_uav_sim]: PLAN_CB: returning 7 poses
[vgr_sim_node-1] [WARN] [1788883984.201484838] [vgr_uav_sim]: PLAN_CB: called with goal=(-3.74,-1.60)
[vgr_sim_node-1] [WARN] [1788883984.203082458] [vgr_uav_sim]: PLAN_CB: returning 7 poses
[gsl_actionserver_node-3] [INFO] [1788883984.211731067] [GSL]: Sending goal (-3.74, -1.60)
[gsl_actionserver_node-3] [INFO] [1788883984.212518358] [GSL]: Variance: 0.31
[gsl_actionserver_node-3] [INFO] [1788883984.212542539] [GSL - Trace]: [32mEntering Moving[0m
[vgr_sim_node-1] [INFO] [1788883984.213687648] [vgr_uav_sim]: Prepared 7 collision-free navigation waypoints to (-3.74, -1.60)
[vgr_sim_node-1] [INFO] [1788883984.214693846] [vgr_uav_sim]: UAV navigating in audited 2-D mode to (-3.74, -1.60, 0.30)
[gmrf_wind_mapping_node-2] --> MAP did not converge after 1 iterations.
[gmrf_wind_mapping_node-2] [GMRF] MAP Mean value estimated in 9.93194 milliseconds
[gmrf_wind_mapping_node-2] --> MAP did not converge after 1 iterations.
[gmrf_wind_mapping_node-2] [GMRF] MAP Mean value estimated in 9.93025 milliseconds
[gmrf_wind_mapping_node-2] --> MAP did not converge after 1 iterations.
[gmrf_wind_mapping_node-2] [GMRF] MAP Mean value estimated in 9.9277 milliseconds
[gmrf_wind_mapping_node-2] --> MAP did not converge after 1 iterations.
[gmrf_wind_mapping_node-2] [GMRF] MAP Mean value estimated in 9.92602 milliseconds
[gmrf_wind_mapping_node-2] --> MAP did not converge after 1 iterations.
[gmrf_wind_mapping_node-2] [GMRF] MAP Mean value estimated in 9.92957 milliseconds
[gmrf_wind_mapping_node-2] --> MAP did not converge after 1 iterations.
[gmrf_wind_mapping_node-2] [GMRF] MAP Mean value estimated in 9.93223 milliseconds
[gmrf_wind_mapping_node-2] --> MAP did not converge after 1 iterations.
[gmrf_wind_mapping_node-2] [GMRF] MAP Mean value estimated in 9.93316 milliseconds
[gmrf_wind_mapping_node-2] --> MAP did not converge after 1 iterations.
[gmrf_wind_mapping_node-2] [GMRF] MAP Mean value estimated in 9.93148 milliseconds
[gmrf_wind_mapping_node-2] --> MAP did not converge after 1 iterations.
[gmrf_wind_mapping_node-2] [GMRF] MAP Mean value estimated in 9.92981 milliseconds
[gmrf_wind_mapping_node-2] --> MAP did not converge after 1 iterations.
[gmrf_wind_mapping_node-2] [GMRF] MAP Mean value estimated in 9.92814 milliseconds
[gmrf_wind_mapping_node-2] --> MAP did not converge after 1 iterations.
[gmrf_wind_mapping_node-2] [GMRF] MAP Mean value estimated in 9.93166 milliseconds
[gmrf_wind_mapping_node-2] --> MAP did not converge after 1 iterations.
[gmrf_wind_mapping_node-2] [GMRF] MAP Mean value estimated in 9.92913 milliseconds
[gsl_actionserver_node-3] [INFO] [1788883985.389409961] [GSL - Trace]: [32mEntering StopAndMeasure[0m
[gmrf_wind_mapping_node-2] --> MAP did not converge after 1 iterations.
[gmrf_wind_mapping_node-2] [GMRF] MAP Mean value estimated in 9.93351 milliseconds
[gmrf_wind_mapping_node-2] --> MAP did not converge after 1 iterations.
[gmrf_wind_mapping_node-2] [GMRF] MAP Mean value estimated in 9.9327 milliseconds
[gmrf_wind_mapping_node-2] --> MAP did not converge after 1 iterations.
[gmrf_wind_mapping_node-2] [GMRF] MAP Mean value estimated in 9.93448 milliseconds
[gmrf_wind_mapping_node-2] --> MAP did not converge after 1 iterations.
[gmrf_wind_mapping_node-2] [GMRF] MAP Mean value estimated in 9.93712 milliseconds
[gmrf_wind_mapping_node-2] --> MAP did not converge after 1 iterations.
[gmrf_wind_mapping_node-2] [GMRF] MAP Mean value estimated in 9.9346 milliseconds
[gmrf_wind_mapping_node-2] --> MAP did not converge after 1 iterations.
[gmrf_wind_mapping_node-2] [GMRF] MAP Mean value estimated in 9.93207 milliseconds
[gmrf_wind_mapping_node-2] --> MAP did not converge after 1 iterations.
[gmrf_wind_mapping_node-2] [GMRF] MAP Mean value estimated in 9.93557 milliseconds
[gmrf_wind_mapping_node-2] --> MAP did not converge after 1 iterations.
[gmrf_wind_mapping_node-2] [GMRF] MAP Mean value estimated in 9.93391 milliseconds
[gmrf_wind_mapping_node-2] --> MAP did not converge after 1 iterations.
[gmrf_wind_mapping_node-2] [GMRF] MAP Mean value estimated in 9.93825 milliseconds
[gmrf_wind_mapping_node-2] --> MAP did not converge after 1 iterations.
[gmrf_wind_mapping_node-2] [GMRF] MAP Mean value estimated in 9.93745 milliseconds
[gmrf_wind_mapping_node-2] --> MAP did not converge after 1 iterations.
[gmrf_wind_mapping_node-2] [GMRF] MAP Mean value estimated in 9.94178 milliseconds
[gmrf_wind_mapping_node-2] --> MAP did not converge after 1 iterations.
[gmrf_wind_mapping_node-2] [GMRF] MAP Mean value estimated in 9.94098 milliseconds
[gmrf_wind_mapping_node-2] --> MAP did not converge after 1 iterations.
[gmrf_wind_mapping_node-2] [GMRF] MAP Mean value estimated in 9.94444 milliseconds
[gmrf_wind_mapping_node-2] --> MAP did not converge after 1 iterations.
[gmrf_wind_mapping_node-2] [GMRF] MAP Mean value estimated in 9.94705 milliseconds
[gmrf_wind_mapping_node-2] --> MAP did not converge after 1 iterations.
[gmrf_wind_mapping_node-2] [GMRF] MAP Mean value estimated in 9.94966 milliseconds
[gmrf_wind_mapping_node-2] --> MAP did not converge after 1 iterations.
[gmrf_wind_mapping_node-2] [GMRF] MAP Mean value estimated in 9.948 milliseconds
[gmrf_wind_mapping_node-2] --> MAP did not converge after 1 iterations.
[gmrf_wind_mapping_node-2] [GMRF] MAP Mean value estimated in 9.94634 milliseconds
[gmrf_wind_mapping_node-2] --> MAP did not converge after 1 iterations.
[gmrf_wind_mapping_node-2] [GMRF] MAP Mean value estimated in 9.94383 milliseconds
[gmrf_wind_mapping_node-2] --> MAP did not converge after 1 iterations.
[gmrf_wind_mapping_node-2] [GMRF] MAP Mean value estimated in 9.94133 milliseconds
[gsl_actionserver_node-3] [INFO] [1788883987.364050288] [GSL]: 10 gas measurements, 10 wind measurements over 1.97 seconds
[gsl_actionserver_node-3] [INFO] [1788883987.364124423] [GSL]: avg_gas=0.84;  avg_windSpeed=0.031;  avg_wind_dir=-0.6
[gsl_actionserver_node-3] [INFO] [1788883987.365525211] [GSL]: [33mGAS HIT[0m
[gsl_actionserver_node-3] [INFO] [1788883987.365555253] [GSL]: [DEBUG-WIND] useGroundTruth=false gmrf_req_size=631 gaden_req_size=-1
[gsl_actionserver_node-3] [INFO] [1788883987.365564014] [GSL]: [DEBUG-WIND] Taking GMRF path
[gmrf_wind_mapping_node-2] --> MAP did not converge after 1 iterations.
[gmrf_wind_mapping_node-2] [GMRF] MAP Mean value estimated in 9.93968 milliseconds
[gsl_actionserver_node-3] [INFO] [1788883987.464748116] [GSL - Trace]: [32mEntering StopAndMeasure[0m
[gmrf_wind_mapping_node-2] --> MAP did not converge after 1 iterations.
[gmrf_wind_mapping_node-2] [GMRF] MAP Mean value estimated in 9.94312 milliseconds
[gmrf_wind_mapping_node-2] --> MAP did not converge after 1 iterations.
[gmrf_wind_mapping_node-2] [GMRF] MAP Mean value estimated in 9.94148 milliseconds
[gmrf_wind_mapping_node-2] --> MAP did not converge after 1 iterations.
[gmrf_wind_mapping_node-2] [GMRF] MAP Mean value estimated in 9.94322 milliseconds
[gmrf_wind_mapping_node-2] --> MAP did not converge after 1 iterations.
[gmrf_wind_mapping_node-2] [GMRF] MAP Mean value estimated in 9.94496 milliseconds
[gmrf_wind_mapping_node-2] --> MAP did not converge after 1 iterations.
[gmrf_wind_mapping_node-2] [GMRF] MAP Mean value estimated in 9.94416 milliseconds
[gmrf_wind_mapping_node-2] --> MAP did not converge after 1 iterations.
[gmrf_wind_mapping_node-2] [GMRF] MAP Mean value estimated in 9.94252 milliseconds
[gmrf_wind_mapping_node-2] --> MAP did not converge after 1 iterations.
[gmrf_wind_mapping_node-2] [GMRF] MAP Mean value estimated in 9.94172 milliseconds
[gmrf_wind_mapping_node-2] --> MAP did not converge after 1 iterations.
[gmrf_wind_mapping_node-2] [GMRF] MAP Mean value estimated in 9.93924 milliseconds
[gmrf_wind_mapping_node-2] --> MAP did not converge after 1 iterations.
[gmrf_wind_mapping_node-2] [GMRF] MAP Mean value estimated in 9.94351 milliseconds
[gmrf_wind_mapping_node-2] --> MAP did not converge after 1 iterations.
[gmrf_wind_mapping_node-2] [GMRF] MAP Mean value estimated in 9.94187 milliseconds
[gmrf_wind_mapping_node-2] --> MAP did not converge after 1 iterations.
[gmrf_wind_mapping_node-2] [GMRF] MAP Mean value estimated in 9.9436 milliseconds
[gmrf_wind_mapping_node-2] --> MAP did not converge after 1 iterations.
[gmrf_wind_mapping_node-2] [GMRF] MAP Mean value estimated in 9.94113 milliseconds
[gmrf_wind_mapping_node-2] --> MAP did not converge after 1 iterations.
[gmrf_wind_mapping_node-2] [GMRF] MAP Mean value estimated in 9.93782 milliseconds
[gmrf_wind_mapping_node-2] --> MAP did not converge after 1 iterations.
[gmrf_wind_mapping_node-2] [GMRF] MAP Mean value estimated in 9.93787 milliseconds
[gmrf_wind_mapping_node-2] --> MAP did not converge after 1 iterations.
[gmrf_wind_mapping_node-2] [GMRF] MAP Mean value estimated in 9.93624 milliseconds
[gmrf_wind_mapping_node-2] --> MAP did not converge after 1 iterations.
[gmrf_wind_mapping_node-2] [GMRF] MAP Mean value estimated in 9.93378 milliseconds
[gmrf_wind_mapping_node-2] --> MAP did not converge after 1 iterations.
[gmrf_wind_mapping_node-2] [GMRF] MAP Mean value estimated in 9.93132 milliseconds
[gmrf_wind_mapping_node-2] --> MAP did not converge after 1 iterations.
[gmrf_wind_mapping_node-2] [GMRF] MAP Mean value estimated in 9.92887 milliseconds
[gmrf_wind_mapping_node-2] --> MAP did not converge after 1 iterations.
[gmrf_wind_mapping_node-2] [GMRF] MAP Mean value estimated in 9.92642 milliseconds
[gsl_actionserver_node-3] [INFO] [1788883989.359765456] [GSL]: 10 gas measurements, 10 wind measurements over 1.89 seconds
[gsl_actionserver_node-3] [INFO] [1788883989.359887731] [GSL]: avg_gas=0.9;  avg_windSpeed=0.032;  avg_wind_dir=-0.06
[gsl_actionserver_node-3] [INFO] [1788883989.360503633] [GSL]: [33mGAS HIT[0m
[gsl_actionserver_node-3] [INFO] [1788883989.360514036] [GSL]: [DEBUG-WIND] useGroundTruth=false gmrf_req_size=631 gaden_req_size=-1
[gsl_actionserver_node-3] [INFO] [1788883989.360521076] [GSL]: [DEBUG-WIND] Taking GMRF path
[gsl_actionserver_node-3] [INFO] [1788883989.364063604] [GSL - Trace]: [32mEntering StopAndMeasure[0m
[gmrf_wind_mapping_node-2] --> MAP did not converge after 1 iterations.
[gmrf_wind_mapping_node-2] [GMRF] MAP Mean value estimated in 9.92398 milliseconds
[gmrf_wind_mapping_node-2] --> MAP did not converge after 1 iterations.
[gmrf_wind_mapping_node-2] [GMRF] MAP Mean value estimated in 9.92237 milliseconds
[gmrf_wind_mapping_node-2] --> MAP did not converge after 1 iterations.
[gmrf_wind_mapping_node-2] [GMRF] MAP Mean value estimated in 9.91993 milliseconds
[gmrf_wind_mapping_node-2] --> MAP did not converge after 1 iterations.
[gmrf_wind_mapping_node-2] [GMRF] MAP Mean value estimated in 9.91667 milliseconds
[gmrf_wind_mapping_node-2] --> MAP did not converge after 1 iterations.
[gmrf_wind_mapping_node-2] [GMRF] MAP Mean value estimated in 9.91424 milliseconds
[gmrf_wind_mapping_node-2] --> MAP did not converge after 1 iterations.
[gmrf_wind_mapping_node-2] [GMRF] MAP Mean value estimated in 9.91181 milliseconds
[gmrf_wind_mapping_node-2] --> MAP did not converge after 1 iterations.
[gmrf_wind_mapping_node-2] [GMRF] MAP Mean value estimated in 9.90939 milliseconds
[gmrf_wind_mapping_node-2] --> MAP did not converge after 1 iterations.
[gmrf_wind_mapping_node-2] [GMRF] MAP Mean value estimated in 9.90698 milliseconds
[gmrf_wind_mapping_node-2] --> MAP did not converge after 1 iterations.
[gmrf_wind_mapping_node-2] [GMRF] MAP Mean value estimated in 9.90456 milliseconds
[gmrf_wind_mapping_node-2] --> MAP did not converge after 1 iterations.
[gmrf_wind_mapping_node-2] [GMRF] MAP Mean value estimated in 9.90299 milliseconds
[gmrf_wind_mapping_node-2] --> MAP did not converge after 1 iterations.
[gmrf_wind_mapping_node-2] [GMRF] MAP Mean value estimated in 9.90058 milliseconds
[gmrf_wind_mapping_node-2] --> MAP did not converge after 1 iterations.
[gmrf_wind_mapping_node-2] [GMRF] MAP Mean value estimated in 9.89983 milliseconds
[gmrf_wind_mapping_node-2] --> MAP did not converge after 1 iterations.
[gmrf_wind_mapping_node-2] [GMRF] MAP Mean value estimated in 9.89826 milliseconds
[gmrf_wind_mapping_node-2] --> MAP did not converge after 1 iterations.
[gmrf_wind_mapping_node-2] [GMRF] MAP Mean value estimated in 9.90165 milliseconds
[gmrf_wind_mapping_node-2] --> MAP did not converge after 1 iterations.
[gmrf_wind_mapping_node-2] [GMRF] MAP Mean value estimated in 9.89843 milliseconds
[gmrf_wind_mapping_node-2] --> MAP did not converge after 1 iterations.
[gmrf_wind_mapping_node-2] [GMRF] MAP Mean value estimated in 9.89604 milliseconds
[gmrf_wind_mapping_node-2] --> MAP did not converge after 1 iterations.
[gmrf_wind_mapping_node-2] [GMRF] MAP Mean value estimated in 9.89365 milliseconds
[gmrf_wind_mapping_node-2] --> MAP did not converge after 1 iterations.
[gmrf_wind_mapping_node-2] [GMRF] MAP Mean value estimated in 9.89209 milliseconds
[gmrf_wind_mapping_node-2] --> MAP did not converge after 1 iterations.
[gmrf_wind_mapping_node-2] [GMRF] MAP Mean value estimated in 9.88971 milliseconds
[gmrf_wind_mapping_node-2] --> MAP did not converge after 1 iterations.
[gmrf_wind_mapping_node-2] [GMRF] MAP Mean value estimated in 9.88816 milliseconds
[gsl_actionserver_node-3] [INFO] [1788883991.367455662] [GSL]: 10 gas measurements, 10 wind measurements over 2.00 seconds
[gsl_actionserver_node-3] [INFO] [1788883991.367518113] [GSL]: avg_gas=0.94;  avg_windSpeed=0.031;  avg_wind_dir=-0.6
[gsl_actionserver_node-3] [INFO] [1788883991.368434886] [GSL]: [33mGAS HIT[0m
[gsl_actionserver_node-3] [INFO] [1788883991.368446672] [GSL]: [DEBUG-WIND] useGroundTruth=false gmrf_req_size=631 gaden_req_size=-1
[gsl_actionserver_node-3] [INFO] [1788883991.368453499] [GSL]: [DEBUG-WIND] Taking GMRF path
[gmrf_wind_mapping_node-2] --> MAP did not converge after 1 iterations.
[gmrf_wind_mapping_node-2] [GMRF] MAP Mean value estimated in 9.88661 milliseconds
[gsl_actionserver_node-3] [INFO] [1788883991.464414287] [GSL - Trace]: [32mEntering StopAndMeasure[0m
[gmrf_wind_mapping_node-2] --> MAP did not converge after 1 iterations.
[gmrf_wind_mapping_node-2] [GMRF] MAP Mean value estimated in 9.88424 milliseconds
[gmrf_wind_mapping_node-2] --> MAP did not converge after 1 iterations.
[gmrf_wind_mapping_node-2] [GMRF] MAP Mean value estimated in 9.88187 milliseconds
[gmrf_wind_mapping_node-2] --> MAP did not converge after 1 iterations.
[gmrf_wind_mapping_node-2] [GMRF] MAP Mean value estimated in 9.88033 milliseconds
[gmrf_wind_mapping_node-2] --> MAP did not converge after 1 iterations.
[gmrf_wind_mapping_node-2] [GMRF] MAP Mean value estimated in 9.87797 milliseconds
[gmrf_wind_mapping_node-2] --> MAP did not converge after 1 iterations.
[gmrf_wind_mapping_node-2] [GMRF] MAP Mean value estimated in 9.87643 milliseconds
[gmrf_wind_mapping_node-2] --> MAP did not converge after 1 iterations.
[gmrf_wind_mapping_node-2] [GMRF] MAP Mean value estimated in 9.87408 milliseconds
[gmrf_wind_mapping_node-2] --> MAP did not converge after 1 iterations.
[gmrf_wind_mapping_node-2] [GMRF] MAP Mean value estimated in 9.87255 milliseconds
[gmrf_wind_mapping_node-2] --> MAP did not converge after 1 iterations.
[gmrf_wind_mapping_node-2] [GMRF] MAP Mean value estimated in 9.8702 milliseconds
[gmrf_wind_mapping_node-2] --> MAP did not converge after 1 iterations.
[gmrf_wind_mapping_node-2] [GMRF] MAP Mean value estimated in 9.86786 milliseconds
[gmrf_wind_mapping_node-2] --> MAP did not converge after 1 iterations.
[gmrf_wind_mapping_node-2] [GMRF] MAP Mean value estimated in 9.86634 milliseconds
[gmrf_wind_mapping_node-2] --> MAP did not converge after 1 iterations.
[gmrf_wind_mapping_node-2] [GMRF] MAP Mean value estimated in 9.86401 milliseconds
[gmrf_wind_mapping_node-2] --> MAP did not converge after 1 iterations.
[gmrf_wind_mapping_node-2] [GMRF] MAP Mean value estimated in 9.86249 milliseconds
[gmrf_wind_mapping_node-2] --> MAP did not converge after 1 iterations.
[gmrf_wind_mapping_node-2] [GMRF] MAP Mean value estimated in 9.86098 milliseconds
[gmrf_wind_mapping_node-2] --> MAP did not converge after 1 iterations.
[gmrf_wind_mapping_node-2] [GMRF] MAP Mean value estimated in 9.85946 milliseconds
[gmrf_wind_mapping_node-2] --> MAP did not converge after 1 iterations.
[gmrf_wind_mapping_node-2] [GMRF] MAP Mean value estimated in 9.85714 milliseconds
[gmrf_wind_mapping_node-2] --> MAP did not converge after 1 iterations.
[gmrf_wind_mapping_node-2] [GMRF] MAP Mean value estimated in 9.85483 milliseconds
[gmrf_wind_mapping_node-2] --> MAP did not converge after 1 iterations.
[gmrf_wind_mapping_node-2] [GMRF] MAP Mean value estimated in 9.85251 milliseconds
[gmrf_wind_mapping_node-2] --> MAP did not converge after 1 iterations.
[gmrf_wind_mapping_node-2] [GMRF] MAP Mean value estimated in 9.8502 milliseconds
[gmrf_wind_mapping_node-2] --> MAP did not converge after 1 iterations.
[gmrf_wind_mapping_node-2] [GMRF] MAP Mean value estimated in 9.8479 milliseconds
[gsl_actionserver_node-3] [INFO] [1788883993.367361779] [GSL]: 10 gas measurements, 10 wind measurements over 1.90 seconds
[gsl_actionserver_node-3] [INFO] [1788883993.367422828] [GSL]: avg_gas=0.96;  avg_windSpeed=0.032;  avg_wind_dir=-0.06
[gsl_actionserver_node-3] [INFO] [1788883993.368051583] [GSL]: [33mGAS HIT[0m
[gsl_actionserver_node-3] [INFO] [1788883993.368061183] [GSL]: [DEBUG-WIND] useGroundTruth=false gmrf_req_size=631 gaden_req_size=-1
[gsl_actionserver_node-3] [INFO] [1788883993.368067922] [GSL]: [DEBUG-WIND] Taking GMRF path
[gmrf_wind_mapping_node-2] --> MAP did not converge after 1 iterations.
[gmrf_wind_mapping_node-2] [GMRF] MAP Mean value estimated in 9.84559 milliseconds
[gsl_actionserver_node-3] [INFO] [1788883993.464099843] [GSL - Trace]: [32mEntering StopAndMeasure[0m
[gmrf_wind_mapping_node-2] --> MAP did not converge after 1 iterations.
[gmrf_wind_mapping_node-2] [GMRF] MAP Mean value estimated in 9.8433 milliseconds
[gmrf_wind_mapping_node-2] --> MAP did not converge after 1 iterations.
[gmrf_wind_mapping_node-2] [GMRF] MAP Mean value estimated in 9.841 milliseconds
[gmrf_wind_mapping_node-2] --> MAP did not converge after 1 iterations.
[gmrf_wind_mapping_node-2] [GMRF] MAP Mean value estimated in 9.83952 milliseconds
[gmrf_wind_mapping_node-2] --> MAP did not converge after 1 iterations.
[gmrf_wind_mapping_node-2] [GMRF] MAP Mean value estimated in 9.83803 milliseconds
[gmrf_wind_mapping_node-2] --> MAP did not converge after 1 iterations.
[gmrf_wind_mapping_node-2] [GMRF] MAP Mean value estimated in 9.83655 milliseconds
[gmrf_wind_mapping_node-2] --> MAP did not converge after 1 iterations.
[gmrf_wind_mapping_node-2] [GMRF] MAP Mean value estimated in 9.83588 milliseconds
[gmrf_wind_mapping_node-2] --> MAP did not converge after 1 iterations.
[gmrf_wind_mapping_node-2] [GMRF] MAP Mean value estimated in 9.83682 milliseconds
[gmrf_wind_mapping_node-2] --> MAP did not converge after 1 iterations.
[gmrf_wind_mapping_node-2] [GMRF] MAP Mean value estimated in 9.83534 milliseconds
[gmrf_wind_mapping_node-2] --> MAP did not converge after 1 iterations.
[gmrf_wind_mapping_node-2] [GMRF] MAP Mean value estimated in 9.83547 milliseconds
[gmrf_wind_mapping_node-2] --> MAP did not converge after 1 iterations.
[gmrf_wind_mapping_node-2] [GMRF] MAP Mean value estimated in 9.8332 milliseconds
[gmrf_wind_mapping_node-2] --> MAP did not converge after 1 iterations.
[gmrf_wind_mapping_node-2] [GMRF] MAP Mean value estimated in 9.83173 milliseconds
[gmrf_wind_mapping_node-2] --> MAP did not converge after 1 iterations.
[gmrf_wind_mapping_node-2] [GMRF] MAP Mean value estimated in 9.83026 milliseconds
[gmrf_wind_mapping_node-2] --> MAP did not converge after 1 iterations.
[gmrf_wind_mapping_node-2] [GMRF] MAP Mean value estimated in 9.828 milliseconds
[gmrf_wind_mapping_node-2] --> MAP did not converge after 1 iterations.
[gmrf_wind_mapping_node-2] [GMRF] MAP Mean value estimated in 9.82574 milliseconds
[gmrf_wind_mapping_node-2] --> MAP did not converge after 1 iterations.
[gmrf_wind_mapping_node-2] [GMRF] MAP Mean value estimated in 9.82588 milliseconds
[gmrf_wind_mapping_node-2] --> MAP did not converge after 1 iterations.
[gmrf_wind_mapping_node-2] [GMRF] MAP Mean value estimated in 9.82362 milliseconds
[gmrf_wind_mapping_node-2] --> MAP did not converge after 1 iterations.
[gmrf_wind_mapping_node-2] [GMRF] MAP Mean value estimated in 9.82137 milliseconds
[gmrf_wind_mapping_node-2] --> MAP did not converge after 1 iterations.
[gmrf_wind_mapping_node-2] [GMRF] MAP Mean value estimated in 9.81912 milliseconds
[gmrf_wind_mapping_node-2] --> MAP did not converge after 1 iterations.
[gmrf_wind_mapping_node-2] [GMRF] MAP Mean value estimated in 9.81847 milliseconds
[gsl_actionserver_node-3] [INFO] [1788883995.367546758] [GSL]: 10 gas measurements, 10 wind measurements over 1.90 seconds
[gsl_actionserver_node-3] [INFO] [1788883995.367621929] [GSL]: avg_gas=0.97;  avg_windSpeed=0.031;  avg_wind_dir=-0.6
[gsl_actionserver_node-3] [INFO] [1788883995.368351168] [GSL]: [33mGAS HIT[0m
[gsl_actionserver_node-3] [INFO] [1788883995.368699000] [GSL]: [DEBUG-WIND] useGroundTruth=false gmrf_req_size=631 gaden_req_size=-1
[gsl_actionserver_node-3] [INFO] [1788883995.368721891] [GSL]: [DEBUG-WIND] Taking GMRF path
[gmrf_wind_mapping_node-2] --> MAP did not converge after 1 iterations.
[gmrf_wind_mapping_node-2] [GMRF] MAP Mean value estimated in 9.81702 milliseconds
[gsl_actionserver_node-3] [INFO] [1788883995.464197943] [GSL - Trace]: [32mEntering StopAndMeasure[0m
[gmrf_wind_mapping_node-2] --> MAP did not converge after 1 iterations.
[gmrf_wind_mapping_node-2] [GMRF] MAP Mean value estimated in 9.81558 milliseconds
[gmrf_wind_mapping_node-2] --> MAP did not converge after 1 iterations.
[gmrf_wind_mapping_node-2] [GMRF] MAP Mean value estimated in 9.81334 milliseconds
[gmrf_wind_mapping_node-2] --> MAP did not converge after 1 iterations.
[gmrf_wind_mapping_node-2] [GMRF] MAP Mean value estimated in 9.81111 milliseconds
[gmrf_wind_mapping_node-2] --> MAP did not converge after 1 iterations.
[gmrf_wind_mapping_node-2] [GMRF] MAP Mean value estimated in 9.80967 milliseconds
[gmrf_wind_mapping_node-2] --> MAP did not converge after 1 iterations.
[gmrf_wind_mapping_node-2] [GMRF] MAP Mean value estimated in 9.80745 milliseconds
[gmrf_wind_mapping_node-2] --> MAP did not converge after 1 iterations.
[gmrf_wind_mapping_node-2] [GMRF] MAP Mean value estimated in 9.80523 milliseconds
[gmrf_wind_mapping_node-2] --> MAP did not converge after 1 iterations.
[gmrf_wind_mapping_node-2] [GMRF] MAP Mean value estimated in 9.80301 milliseconds
[gmrf_wind_mapping_node-2] --> MAP did not converge after 1 iterations.
[gmrf_wind_mapping_node-2] [GMRF] MAP Mean value estimated in 9.80158 milliseconds
[gmrf_wind_mapping_node-2] --> MAP did not converge after 1 iterations.
[gmrf_wind_mapping_node-2] [GMRF] MAP Mean value estimated in 9.80016 milliseconds
[gmrf_wind_mapping_node-2] --> MAP did not converge after 1 iterations.
[gmrf_wind_mapping_node-2] [GMRF] MAP Mean value estimated in 9.79953 milliseconds
[gmrf_wind_mapping_node-2] --> MAP did not converge after 1 iterations.
[gmrf_wind_mapping_node-2] [GMRF] MAP Mean value estimated in 9.79732 milliseconds
[gmrf_wind_mapping_node-2] --> MAP did not converge after 1 iterations.
[gmrf_wind_mapping_node-2] [GMRF] MAP Mean value estimated in 9.79511 milliseconds
[gmrf_wind_mapping_node-2] --> MAP did not converge after 1 iterations.
[gmrf_wind_mapping_node-2] [GMRF] MAP Mean value estimated in 9.79291 milliseconds
[gmrf_wind_mapping_node-2] --> MAP did not converge after 1 iterations.
[gmrf_wind_mapping_node-2] [GMRF] MAP Mean value estimated in 9.79072 milliseconds
[gmrf_wind_mapping_node-2] --> MAP did not converge after 1 iterations.
[gmrf_wind_mapping_node-2] [GMRF] MAP Mean value estimated in 9.78931 milliseconds
[gmrf_wind_mapping_node-2] --> MAP did not converge after 1 iterations.
[gmrf_wind_mapping_node-2] [GMRF] MAP Mean value estimated in 9.78947 milliseconds
[gmrf_wind_mapping_node-2] --> MAP did not converge after 1 iterations.
[gmrf_wind_mapping_node-2] [GMRF] MAP Mean value estimated in 9.78728 milliseconds
[gmrf_wind_mapping_node-2] --> MAP did not converge after 1 iterations.
[gmrf_wind_mapping_node-2] [GMRF] MAP Mean value estimated in 9.78588 milliseconds
[gmrf_wind_mapping_node-2] --> MAP did not converge after 1 iterations.
[gmrf_wind_mapping_node-2] [GMRF] MAP Mean value estimated in 9.7837 milliseconds
[gsl_actionserver_node-3] [INFO] [1788883997.367516333] [GSL]: 10 gas measurements, 10 wind measurements over 1.90 seconds
[gsl_actionserver_node-3] [INFO] [1788883997.367584736] [GSL]: avg_gas=0.94;  avg_windSpeed=0.032;  avg_wind_dir=-0.06
[gsl_actionserver_node-3] [INFO] [1788883997.368175975] [GSL]: [33mGAS HIT[0m
[gsl_actionserver_node-3] [INFO] [1788883997.368185359] [GSL]: [DEBUG-WIND] useGroundTruth=false gmrf_req_size=631 gaden_req_size=-1
[gsl_actionserver_node-3] [INFO] [1788883997.368191937] [GSL]: [DEBUG-WIND] Taking GMRF path
[gmrf_wind_mapping_node-2] --> MAP did not converge after 1 iterations.
[gmrf_wind_mapping_node-2] [GMRF] MAP Mean value estimated in 9.7823 milliseconds
[gsl_actionserver_node-3] [INFO] [1788883997.464164858] [GSL - Trace]: [32mEntering StopAndMeasure[0m
[gmrf_wind_mapping_node-2] --> MAP did not converge after 1 iterations.
[gmrf_wind_mapping_node-2] [GMRF] MAP Mean value estimated in 9.78091 milliseconds
[gmrf_wind_mapping_node-2] --> MAP did not converge after 1 iterations.
[gmrf_wind_mapping_node-2] [GMRF] MAP Mean value estimated in 9.77952 milliseconds
[gmrf_wind_mapping_node-2] --> MAP did not converge after 1 iterations.
[gmrf_wind_mapping_node-2] [GMRF] MAP Mean value estimated in 9.78281 milliseconds
[gmrf_wind_mapping_node-2] --> MAP did not converge after 1 iterations.
[gmrf_wind_mapping_node-2] [GMRF] MAP Mean value estimated in 9.78142 milliseconds
[gmrf_wind_mapping_node-2] --> MAP did not converge after 1 iterations.
[gmrf_wind_mapping_node-2] [GMRF] MAP Mean value estimated in 9.78003 milliseconds
[gmrf_wind_mapping_node-2] --> MAP did not converge after 1 iterations.
[gmrf_wind_mapping_node-2] [GMRF] MAP Mean value estimated in 9.77786 milliseconds
[gmrf_wind_mapping_node-2] --> MAP did not converge after 1 iterations.
[gmrf_wind_mapping_node-2] [GMRF] MAP Mean value estimated in 9.7757 milliseconds
[gmrf_wind_mapping_node-2] --> MAP did not converge after 1 iterations.
[gmrf_wind_mapping_node-2] [GMRF] MAP Mean value estimated in 9.77432 milliseconds
[gmrf_wind_mapping_node-2] --> MAP did not converge after 1 iterations.
[gmrf_wind_mapping_node-2] [GMRF] MAP Mean value estimated in 9.77294 milliseconds
[gmrf_wind_mapping_node-2] --> MAP did not converge after 1 iterations.
[gmrf_wind_mapping_node-2] [GMRF] MAP Mean value estimated in 9.77234 milliseconds
[gmrf_wind_mapping_node-2] --> MAP did not converge after 1 iterations.
[gmrf_wind_mapping_node-2] [GMRF] MAP Mean value estimated in 9.77717 milliseconds
[gmrf_wind_mapping_node-2] --> MAP did not converge after 1 iterations.
[gmrf_wind_mapping_node-2] [GMRF] MAP Mean value estimated in 9.7758 milliseconds
[gmrf_wind_mapping_node-2] --> MAP did not converge after 1 iterations.
[gmrf_wind_mapping_node-2] [GMRF] MAP Mean value estimated in 9.77752 milliseconds
[gmrf_wind_mapping_node-2] --> MAP did not converge after 1 iterations.
[gmrf_wind_mapping_node-2] [GMRF] MAP Mean value estimated in 9.77537 milliseconds
[gmrf_wind_mapping_node-2] --> MAP did not converge after 1 iterations.
[gmrf_wind_mapping_node-2] [GMRF] MAP Mean value estimated in 9.77632 milliseconds
[gmrf_wind_mapping_node-2] --> MAP did not converge after 1 iterations.
[gmrf_wind_mapping_node-2] [GMRF] MAP Mean value estimated in 9.77494 milliseconds
[gmrf_wind_mapping_node-2] --> MAP did not converge after 1 iterations.
[gmrf_wind_mapping_node-2] [GMRF] MAP Mean value estimated in 9.7728 milliseconds
[gmrf_wind_mapping_node-2] --> MAP did not converge after 1 iterations.
[gmrf_wind_mapping_node-2] [GMRF] MAP Mean value estimated in 9.77066 milliseconds
[gmrf_wind_mapping_node-2] --> MAP did not converge after 1 iterations.
[gmrf_wind_mapping_node-2] [GMRF] MAP Mean value estimated in 9.76852 milliseconds
[gsl_actionserver_node-3] [INFO] [1788883999.367368241] [GSL]: 10 gas measurements, 10 wind measurements over 1.90 seconds
[gsl_actionserver_node-3] [INFO] [1788883999.367425951] [GSL]: avg_gas=0.91;  avg_windSpeed=0.031;  avg_wind_dir=-0.6
[gsl_actionserver_node-3] [INFO] [1788883999.368061068] [GSL]: [33mGAS HIT[0m
[gsl_actionserver_node-3] [INFO] [1788883999.368291395] [GSL]: [DEBUG-WIND] useGroundTruth=false gmrf_req_size=631 gaden_req_size=-1
[gsl_actionserver_node-3] [INFO] [1788883999.368311192] [GSL]: [DEBUG-WIND] Taking GMRF path
[gmrf_wind_mapping_node-2] --> MAP did not converge after 1 iterations.
[gmrf_wind_mapping_node-2] [GMRF] MAP Mean value estimated in 9.76638 milliseconds
[gsl_actionserver_node-3] [INFO] [1788883999.464324774] [GSL - Trace]: [32mEntering StopAndMeasure[0m
[gmrf_wind_mapping_node-2] --> MAP did not converge after 1 iterations.
[gmrf_wind_mapping_node-2] [GMRF] MAP Mean value estimated in 9.76425 milliseconds
[gmrf_wind_mapping_node-2] --> MAP did not converge after 1 iterations.
[gmrf_wind_mapping_node-2] [GMRF] MAP Mean value estimated in 9.76212 milliseconds
[gmrf_wind_mapping_node-2] --> MAP did not converge after 1 iterations.
[gmrf_wind_mapping_node-2] [GMRF] MAP Mean value estimated in 9.76 milliseconds
[gmrf_wind_mapping_node-2] --> MAP did not converge after 1 iterations.
[gmrf_wind_mapping_node-2] [GMRF] MAP Mean value estimated in 9.75865 milliseconds
[gmrf_wind_mapping_node-2] --> MAP did not converge after 1 iterations.
[gmrf_wind_mapping_node-2] [GMRF] MAP Mean value estimated in 9.75653 milliseconds
[gmrf_wind_mapping_node-2] --> MAP did not converge after 1 iterations.
[gmrf_wind_mapping_node-2] [GMRF] MAP Mean value estimated in 9.75518 milliseconds
[gmrf_wind_mapping_node-2] --> MAP did not converge after 1 iterations.
[gmrf_wind_mapping_node-2] [GMRF] MAP Mean value estimated in 9.75307 milliseconds
[gmrf_wind_mapping_node-2] --> MAP did not converge after 1 iterations.
[gmrf_wind_mapping_node-2] [GMRF] MAP Mean value estimated in 9.75096 milliseconds
[gmrf_wind_mapping_node-2] --> MAP did not converge after 1 iterations.
[gmrf_wind_mapping_node-2] [GMRF] MAP Mean value estimated in 9.74962 milliseconds
[gmrf_wind_mapping_node-2] --> MAP did not converge after 1 iterations.
[gmrf_wind_mapping_node-2] [GMRF] MAP Mean value estimated in 9.74904 milliseconds
[gmrf_wind_mapping_node-2] --> MAP did not converge after 1 iterations.
[gmrf_wind_mapping_node-2] [GMRF] MAP Mean value estimated in 9.74771 milliseconds
[gmrf_wind_mapping_node-2] --> MAP did not converge after 1 iterations.
[gmrf_wind_mapping_node-2] [GMRF] MAP Mean value estimated in 9.74637 milliseconds
[gmrf_wind_mapping_node-2] --> MAP did not converge after 1 iterations.
[gmrf_wind_mapping_node-2] [GMRF] MAP Mean value estimated in 9.74427 milliseconds
[gmrf_wind_mapping_node-2] --> MAP did not converge after 1 iterations.
[gmrf_wind_mapping_node-2] [GMRF] MAP Mean value estimated in 9.74371 milliseconds
[gmrf_wind_mapping_node-2] --> MAP did not converge after 1 iterations.
[gmrf_wind_mapping_node-2] [GMRF] MAP Mean value estimated in 9.74162 milliseconds
[gmrf_wind_mapping_node-2] --> MAP did not converge after 1 iterations.
[gmrf_wind_mapping_node-2] [GMRF] MAP Mean value estimated in 9.74029 milliseconds
[gmrf_wind_mapping_node-2] --> MAP did not converge after 1 iterations.
[gmrf_wind_mapping_node-2] [GMRF] MAP Mean value estimated in 9.73896 milliseconds
[gmrf_wind_mapping_node-2] --> MAP did not converge after 1 iterations.
[gmrf_wind_mapping_node-2] [GMRF] MAP Mean value estimated in 9.73688 milliseconds
[gmrf_wind_mapping_node-2] --> MAP did not converge after 1 iterations.
[gmrf_wind_mapping_node-2] [GMRF] MAP Mean value estimated in 9.73556 milliseconds
[gsl_actionserver_node-3] [INFO] [1788884001.367364489] [GSL]: 10 gas measurements, 10 wind measurements over 1.90 seconds
[gsl_actionserver_node-3] [INFO] [1788884001.367421034] [GSL]: avg_gas=0.88;  avg_windSpeed=0.032;  avg_wind_dir=-0.06
[gsl_actionserver_node-3] [INFO] [1788884001.368053807] [GSL]: [33mGAS HIT[0m
[gsl_actionserver_node-3] [INFO] [1788884001.368064596] [GSL]: [DEBUG-WIND] useGroundTruth=false gmrf_req_size=631 gaden_req_size=-1
[gsl_actionserver_node-3] [INFO] [1788884001.368071502] [GSL]: [DEBUG-WIND] Taking GMRF path
[gmrf_wind_mapping_node-2] --> MAP did not converge after 1 iterations.
[gmrf_wind_mapping_node-2] [GMRF] MAP Mean value estimated in 9.73424 milliseconds
[gsl_actionserver_node-3] [INFO] [1788884001.463954345] [GSL]: [33mStarted simulations. Might take a while![0m
[gmrf_wind_mapping_node-2] --> MAP did not converge after 1 iterations.
[gmrf_wind_mapping_node-2] [GMRF] MAP Mean value estimated in 9.73293 milliseconds
[gsl_actionserver_node-3] [INFO] [1788884001.567965623] [GSL - Trace]: [32mFirst simulation level done[0m
[gsl_actionserver_node-3] [INFO] [1788884001.568482307] [GSL]: [RC2-DIAG] scores_size=62 refineFraction=0.25 refine_product=15.5 valid_first_level=62 sum_sourceProbInternal_before_norm=5.401514589023382e-07 min_sourceProbInternal_before_norm=0 max_sourceProbInternal_before_norm=2.672901757132682e-08 finite_sourceProbInternal=1053 finite_varianceOfHitProb=1053
[gmrf_wind_mapping_node-2] --> MAP did not converge after 1 iterations.
[gmrf_wind_mapping_node-2] [GMRF] MAP Mean value estimated in 9.73995 milliseconds
[gsl_actionserver_node-3] [INFO] [1788884001.655875222] [GSL - Trace]: [32mSimulation level 2 done[0m
[gmrf_wind_mapping_node-2] --> MAP did not converge after 1 iterations.
[gmrf_wind_mapping_node-2] [GMRF] MAP Mean value estimated in 9.74318 milliseconds
[gsl_actionserver_node-3] [INFO] [1788884001.735837818] [GSL - Trace]: [32mSimulation level 3 done[0m
[gsl_actionserver_node-3] [INFO] [1788884001.758280085] [GSL - Trace]: [32mSimulation level 4 done[0m
[gsl_actionserver_node-3] [INFO] [1788884001.758659950] [GSL - Trace]: [32mSimulation level 5 done[0m
[gsl_actionserver_node-3] [INFO] [1788884001.758672201] [GSL]: Number of levels in the simulation: 5
[gsl_actionserver_node-3] [INFO] [1788884001.758679653] [GSL]: Total number of simulations: 160
[gsl_actionserver_node-3] [INFO] [1788884001.758702330] [GSL]: [RC2-DIAG] normalized_finite_count=1053 normalized_sum=1
[gsl_actionserver_node-3] [INFO] [1788884001.758711688] [GSL]: Time ellapsed in simulation = 0.294703523 s
[gsl_actionserver_node-3] [INFO] [1788884001.762099416] [GSL]: Max mutual info: 2.649
[gsl_actionserver_node-3] [INFO] [1788884001.762215333] [GSL]: MutualInformation - Ellapsed: 0.003s
[vgr_sim_node-1] [WARN] [1788884001.768544316] [vgr_uav_sim]: PLAN_CB: called with goal=(-4.04,-2.50)
[vgr_sim_node-1] [WARN] [1788884001.770218341] [vgr_uav_sim]: PLAN_CB: returning 5 poses
[gmrf_wind_mapping_node-2] --> MAP did not converge after 1 iterations.
[gmrf_wind_mapping_node-2] [GMRF] MAP Mean value estimated in 9.74489 milliseconds
[vgr_sim_node-1] [WARN] [1788884001.780928937] [vgr_uav_sim]: PLAN_CB: called with goal=(-4.04,-2.50)
[vgr_sim_node-1] [WARN] [1788884001.782465250] [vgr_uav_sim]: PLAN_CB: returning 5 poses
[gsl_actionserver_node-3] [INFO] [1788884001.793379639] [GSL]: Sending goal (-4.04, -2.50)
[gsl_actionserver_node-3] [INFO] [1788884001.794114345] [GSL]: Variance: 0.19
[gsl_actionserver_node-3] [INFO] [1788884001.794283737] [GSL - Trace]: [32mEntering Moving[0m
[vgr_sim_node-1] [INFO] [1788884001.795369928] [vgr_uav_sim]: Prepared 5 collision-free navigation waypoints to (-4.04, -2.50)
[vgr_sim_node-1] [INFO] [1788884001.796647461] [vgr_uav_sim]: UAV navigating in audited 2-D mode to (-4.04, -2.50, 0.30)
[gmrf_wind_mapping_node-2] --> MAP did not converge after 1 iterations.
[gmrf_wind_mapping_node-2] [GMRF] MAP Mean value estimated in 9.74281 milliseconds
[gmrf_wind_mapping_node-2] --> MAP did not converge after 1 iterations.
[gmrf_wind_mapping_node-2] [GMRF] MAP Mean value estimated in 9.74074 milliseconds
[gmrf_wind_mapping_node-2] --> MAP did not converge after 1 iterations.
[gmrf_wind_mapping_node-2] [GMRF] MAP Mean value estimated in 9.73867 milliseconds
[gmrf_wind_mapping_node-2] --> MAP did not converge after 1 iterations.
[gmrf_wind_mapping_node-2] [GMRF] MAP Mean value estimated in 9.7366 milliseconds
[gmrf_wind_mapping_node-2] --> MAP did not converge after 1 iterations.
[gmrf_wind_mapping_node-2] [GMRF] MAP Mean value estimated in 9.73529 milliseconds
[gmrf_wind_mapping_node-2] --> MAP did not converge after 1 iterations.
[gmrf_wind_mapping_node-2] [GMRF] MAP Mean value estimated in 9.73323 milliseconds
[gmrf_wind_mapping_node-2] --> MAP did not converge after 1 iterations.
[gmrf_wind_mapping_node-2] [GMRF] MAP Mean value estimated in 9.73117 milliseconds
[gmrf_wind_mapping_node-2] --> MAP did not converge after 1 iterations.
[gmrf_wind_mapping_node-2] [GMRF] MAP Mean value estimated in 9.72912 milliseconds
[gsl_actionserver_node-3] [INFO] [1788884002.604559590] [GSL - Trace]: [32mEntering StopAndMeasure[0m
[gmrf_wind_mapping_node-2] --> MAP did not converge after 1 iterations.
[gmrf_wind_mapping_node-2] [GMRF] MAP Mean value estimated in 9.73158 milliseconds
[gmrf_wind_mapping_node-2] --> MAP did not converge after 1 iterations.
[gmrf_wind_mapping_node-2] [GMRF] MAP Mean value estimated in 9.73028 milliseconds
[gmrf_wind_mapping_node-2] --> MAP did not converge after 1 iterations.
[gmrf_wind_mapping_node-2] [GMRF] MAP Mean value estimated in 9.73198 milliseconds
[gmrf_wind_mapping_node-2] --> MAP did not converge after 1 iterations.
[gmrf_wind_mapping_node-2] [GMRF] MAP Mean value estimated in 9.73293 milliseconds
[gmrf_wind_mapping_node-2] --> MAP did not converge after 1 iterations.
[gmrf_wind_mapping_node-2] [GMRF] MAP Mean value estimated in 9.73613 milliseconds
[gmrf_wind_mapping_node-2] --> MAP did not converge after 1 iterations.
[gmrf_wind_mapping_node-2] [GMRF] MAP Mean value estimated in 9.73408 milliseconds
[gmrf_wind_mapping_node-2] --> MAP did not converge after 1 iterations.
[gmrf_wind_mapping_node-2] [GMRF] MAP Mean value estimated in 9.73728 milliseconds
[gmrf_wind_mapping_node-2] --> MAP did not converge after 1 iterations.
[gmrf_wind_mapping_node-2] [GMRF] MAP Mean value estimated in 9.73972 milliseconds
[gmrf_wind_mapping_node-2] --> MAP did not converge after 1 iterations.
[gmrf_wind_mapping_node-2] [GMRF] MAP Mean value estimated in 9.74365 milliseconds
[gmrf_wind_mapping_node-2] --> MAP did not converge after 1 iterations.
[gmrf_wind_mapping_node-2] [GMRF] MAP Mean value estimated in 9.74235 milliseconds
[gmrf_wind_mapping_node-2] --> MAP did not converge after 1 iterations.
[gmrf_wind_mapping_node-2] [GMRF] MAP Mean value estimated in 9.74104 milliseconds
[gmrf_wind_mapping_node-2] --> MAP did not converge after 1 iterations.
[gmrf_wind_mapping_node-2] [GMRF] MAP Mean value estimated in 9.739 milliseconds
[gmrf_wind_mapping_node-2] --> MAP did not converge after 1 iterations.
[gmrf_wind_mapping_node-2] [GMRF] MAP Mean value estimated in 9.73696 milliseconds
[gmrf_wind_mapping_node-2] --> MAP did not converge after 1 iterations.
[gmrf_wind_mapping_node-2] [GMRF] MAP Mean value estimated in 9.73492 milliseconds
[gmrf_wind_mapping_node-2] --> MAP did not converge after 1 iterations.
[gmrf_wind_mapping_node-2] [GMRF] MAP Mean value estimated in 9.73363 milliseconds
[gmrf_wind_mapping_node-2] --> MAP did not converge after 1 iterations.
[gmrf_wind_mapping_node-2] [GMRF] MAP Mean value estimated in 9.73234 milliseconds
[gmrf_wind_mapping_node-2] --> MAP did not converge after 1 iterations.
[gmrf_wind_mapping_node-2] [GMRF] MAP Mean value estimated in 9.73105 milliseconds
[gmrf_wind_mapping_node-2] --> MAP did not converge after 1 iterations.
[gmrf_wind_mapping_node-2] [GMRF] MAP Mean value estimated in 9.73274 milliseconds
[gmrf_wind_mapping_node-2] --> MAP did not converge after 1 iterations.
[gmrf_wind_mapping_node-2] [GMRF] MAP Mean value estimated in 9.7322 milliseconds
[gmrf_wind_mapping_node-2] --> MAP did not converge after 1 iterations.
[gmrf_wind_mapping_node-2] [GMRF] MAP Mean value estimated in 9.73091 milliseconds
[gsl_actionserver_node-3] [INFO] [1788884004.583912277] [GSL]: 10 gas measurements, 10 wind measurements over 1.98 seconds
[gsl_actionserver_node-3] [INFO] [1788884004.583967413] [GSL]: avg_gas=0.85;  avg_windSpeed=0.045;  avg_wind_dir=2.4
[gsl_actionserver_node-3] [INFO] [1788884004.584856876] [GSL]: [33mGAS HIT[0m
[gsl_actionserver_node-3] [INFO] [1788884004.584869661] [GSL]: [DEBUG-WIND] useGroundTruth=false gmrf_req_size=631 gaden_req_size=-1
[gsl_actionserver_node-3] [INFO] [1788884004.584876645] [GSL]: [DEBUG-WIND] Taking GMRF path
[gsl_actionserver_node-3] [INFO] [1788884004.665435496] [GSL - Trace]: [32mEntering StopAndMeasure[0m
[gmrf_wind_mapping_node-2] --> MAP did not converge after 1 iterations.
[gmrf_wind_mapping_node-2] [GMRF] MAP Mean value estimated in 9.73333 milliseconds
[gmrf_wind_mapping_node-2] --> MAP did not converge after 1 iterations.
[gmrf_wind_mapping_node-2] [GMRF] MAP Mean value estimated in 9.73205 milliseconds
[gmrf_wind_mapping_node-2] --> MAP did not converge after 1 iterations.
[gmrf_wind_mapping_node-2] [GMRF] MAP Mean value estimated in 9.73373 milliseconds
[gmrf_wind_mapping_node-2] --> MAP did not converge after 1 iterations.
[gmrf_wind_mapping_node-2] [GMRF] MAP Mean value estimated in 9.73688 milliseconds
[gmrf_wind_mapping_node-2] --> MAP did not converge after 1 iterations.
[gmrf_wind_mapping_node-2] [GMRF] MAP Mean value estimated in 9.73929 milliseconds
[gmrf_wind_mapping_node-2] --> MAP did not converge after 1 iterations.
[gmrf_wind_mapping_node-2] [GMRF] MAP Mean value estimated in 9.73801 milliseconds
[gmrf_wind_mapping_node-2] --> MAP did not converge after 1 iterations.
[gmrf_wind_mapping_node-2] [GMRF] MAP Mean value estimated in 9.74115 milliseconds
[gmrf_wind_mapping_node-2] --> MAP did not converge after 1 iterations.
[gmrf_wind_mapping_node-2] [GMRF] MAP Mean value estimated in 9.7406 milliseconds
[gmrf_wind_mapping_node-2] --> MAP did not converge after 1 iterations.
[gmrf_wind_mapping_node-2] [GMRF] MAP Mean value estimated in 9.74374 milliseconds
[gmrf_wind_mapping_node-2] --> MAP did not converge after 1 iterations.
[gmrf_wind_mapping_node-2] [GMRF] MAP Mean value estimated in 9.7454 milliseconds
[gmrf_wind_mapping_node-2] --> MAP did not converge after 1 iterations.
[gmrf_wind_mapping_node-2] [GMRF] MAP Mean value estimated in 9.74853 milliseconds
[gmrf_wind_mapping_node-2] --> MAP did not converge after 1 iterations.
[gmrf_wind_mapping_node-2] [GMRF] MAP Mean value estimated in 9.75092 milliseconds
[gmrf_wind_mapping_node-2] --> MAP did not converge after 1 iterations.
[gmrf_wind_mapping_node-2] [GMRF] MAP Mean value estimated in 9.7511 milliseconds
[gmrf_wind_mapping_node-2] --> MAP did not converge after 1 iterations.
[gmrf_wind_mapping_node-2] [GMRF] MAP Mean value estimated in 9.74982 milliseconds
[gmrf_wind_mapping_node-2] --> MAP did not converge after 1 iterations.
[gmrf_wind_mapping_node-2] [GMRF] MAP Mean value estimated in 9.74853 milliseconds
[gmrf_wind_mapping_node-2] --> MAP did not converge after 1 iterations.
[gmrf_wind_mapping_node-2] [GMRF] MAP Mean value estimated in 9.74652 milliseconds
[gmrf_wind_mapping_node-2] --> MAP did not converge after 1 iterations.
[gmrf_wind_mapping_node-2] [GMRF] MAP Mean value estimated in 9.74451 milliseconds
[gmrf_wind_mapping_node-2] --> MAP did not converge after 1 iterations.
[gmrf_wind_mapping_node-2] [GMRF] MAP Mean value estimated in 9.74323 milliseconds
[gmrf_wind_mapping_node-2] --> MAP did not converge after 1 iterations.
[gmrf_wind_mapping_node-2] [GMRF] MAP Mean value estimated in 9.74123 milliseconds
[gmrf_wind_mapping_node-2] --> MAP did not converge after 1 iterations.
[gmrf_wind_mapping_node-2] [GMRF] MAP Mean value estimated in 9.73996 milliseconds
[gsl_actionserver_node-3] [INFO] [1788884006.595232883] [GSL]: 10 gas measurements, 10 wind measurements over 1.93 seconds
[gsl_actionserver_node-3] [INFO] [1788884006.595296347] [GSL]: avg_gas=0.85;  avg_windSpeed=0.039;  avg_wind_dir=2.6
[gsl_actionserver_node-3] [INFO] [1788884006.595912317] [GSL]: [33mGAS HIT[0m
[gsl_actionserver_node-3] [INFO] [1788884006.595923693] [GSL]: [DEBUG-WIND] useGroundTruth=false gmrf_req_size=631 gaden_req_size=-1
[gsl_actionserver_node-3] [INFO] [1788884006.595930714] [GSL]: [DEBUG-WIND] Taking GMRF path
[gsl_actionserver_node-3] [INFO] [1788884006.664661367] [GSL - Trace]: [32mEntering StopAndMeasure[0m
[gmrf_wind_mapping_node-2] --> MAP did not converge after 1 iterations.
[gmrf_wind_mapping_node-2] [GMRF] MAP Mean value estimated in 9.74088 milliseconds
[gmrf_wind_mapping_node-2] --> MAP did not converge after 1 iterations.
[gmrf_wind_mapping_node-2] [GMRF] MAP Mean value estimated in 9.74106 milliseconds
[gmrf_wind_mapping_node-2] --> MAP did not converge after 1 iterations.
[gmrf_wind_mapping_node-2] [GMRF] MAP Mean value estimated in 9.7398 milliseconds
[gmrf_wind_mapping_node-2] --> MAP did not converge after 1 iterations.
[gmrf_wind_mapping_node-2] [GMRF] MAP Mean value estimated in 9.7378 milliseconds
[gmrf_wind_mapping_node-2] --> MAP did not converge after 1 iterations.
[gmrf_wind_mapping_node-2] [GMRF] MAP Mean value estimated in 9.73654 milliseconds
[gmrf_wind_mapping_node-2] --> MAP did not converge after 1 iterations.
[gmrf_wind_mapping_node-2] [GMRF] MAP Mean value estimated in 9.73455 milliseconds
[gmrf_wind_mapping_node-2] --> MAP did not converge after 1 iterations.
[gmrf_wind_mapping_node-2] [GMRF] MAP Mean value estimated in 9.73256 milliseconds
[gmrf_wind_mapping_node-2] --> MAP did not converge after 1 iterations.
[gmrf_wind_mapping_node-2] [GMRF] MAP Mean value estimated in 9.73057 milliseconds
[gmrf_wind_mapping_node-2] --> MAP did not converge after 1 iterations.
[gmrf_wind_mapping_node-2] [GMRF] MAP Mean value estimated in 9.72859 milliseconds
[gmrf_wind_mapping_node-2] --> MAP did not converge after 1 iterations.
[gmrf_wind_mapping_node-2] [GMRF] MAP Mean value estimated in 9.72661 milliseconds
[gmrf_wind_mapping_node-2] --> MAP did not converge after 1 iterations.
[gmrf_wind_mapping_node-2] [GMRF] MAP Mean value estimated in 9.72464 milliseconds
[gmrf_wind_mapping_node-2] --> MAP did not converge after 1 iterations.
[gmrf_wind_mapping_node-2] [GMRF] MAP Mean value estimated in 9.72339 milliseconds
[gmrf_wind_mapping_node-2] --> MAP did not converge after 1 iterations.
[gmrf_wind_mapping_node-2] [GMRF] MAP Mean value estimated in 9.72214 milliseconds
[gmrf_wind_mapping_node-2] --> MAP did not converge after 1 iterations.
[gmrf_wind_mapping_node-2] [GMRF] MAP Mean value estimated in 9.72017 milliseconds
[gmrf_wind_mapping_node-2] --> MAP did not converge after 1 iterations.
[gmrf_wind_mapping_node-2] [GMRF] MAP Mean value estimated in 9.71821 milliseconds
[gmrf_wind_mapping_node-2] --> MAP did not converge after 1 iterations.
[gmrf_wind_mapping_node-2] [GMRF] MAP Mean value estimated in 9.71697 milliseconds
[gmrf_wind_mapping_node-2] --> MAP did not converge after 1 iterations.
[gmrf_wind_mapping_node-2] [GMRF] MAP Mean value estimated in 9.71501 milliseconds
[gmrf_wind_mapping_node-2] --> MAP did not converge after 1 iterations.
[gmrf_wind_mapping_node-2] [GMRF] MAP Mean value estimated in 9.71305 milliseconds
[gmrf_wind_mapping_node-2] --> MAP did not converge after 1 iterations.
[gmrf_wind_mapping_node-2] [GMRF] MAP Mean value estimated in 9.71542 milliseconds
[gsl_actionserver_node-3] [INFO] [1788884008.545186859] [GSL]: 10 gas measurements, 10 wind measurements over 1.88 seconds
[gsl_actionserver_node-3] [INFO] [1788884008.545244709] [GSL]: avg_gas=0.88;  avg_windSpeed=0.045;  avg_wind_dir=2.4
[gsl_actionserver_node-3] [INFO] [1788884008.545816940] [GSL]: [33mGAS HIT[0m
[gsl_actionserver_node-3] [INFO] [1788884008.545826579] [GSL]: [DEBUG-WIND] useGroundTruth=false gmrf_req_size=631 gaden_req_size=-1
[gsl_actionserver_node-3] [INFO] [1788884008.545833316] [GSL]: [DEBUG-WIND] Taking GMRF path
[gsl_actionserver_node-3] [INFO] [1788884008.564104642] [GSL - Trace]: [32mEntering StopAndMeasure[0m
[gmrf_wind_mapping_node-2] --> MAP did not converge after 1 iterations.
[gmrf_wind_mapping_node-2] [GMRF] MAP Mean value estimated in 9.71274 milliseconds
[gmrf_wind_mapping_node-2] --> MAP did not converge after 1 iterations.
[gmrf_wind_mapping_node-2] [GMRF] MAP Mean value estimated in 9.71295 milliseconds
[gmrf_wind_mapping_node-2] --> MAP did not converge after 1 iterations.
[gmrf_wind_mapping_node-2] [GMRF] MAP Mean value estimated in 9.711 milliseconds
[gmrf_wind_mapping_node-2] --> MAP did not converge after 1 iterations.
[gmrf_wind_mapping_node-2] [GMRF] MAP Mean value estimated in 9.70977 milliseconds
[gmrf_wind_mapping_node-2] --> MAP did not converge after 1 iterations.
[gmrf_wind_mapping_node-2] [GMRF] MAP Mean value estimated in 9.70782 milliseconds
[gmrf_wind_mapping_node-2] --> MAP did not converge after 1 iterations.
[gmrf_wind_mapping_node-2] [GMRF] MAP Mean value estimated in 9.7066 milliseconds
[gmrf_wind_mapping_node-2] --> MAP did not converge after 1 iterations.
[gmrf_wind_mapping_node-2] [GMRF] MAP Mean value estimated in 9.70466 milliseconds
[gmrf_wind_mapping_node-2] --> MAP did not converge after 1 iterations.
[gmrf_wind_mapping_node-2] [GMRF] MAP Mean value estimated in 9.70344 milliseconds
[gmrf_wind_mapping_node-2] --> MAP did not converge after 1 iterations.
[gmrf_wind_mapping_node-2] [GMRF] MAP Mean value estimated in 9.7015 milliseconds
[gmrf_wind_mapping_node-2] --> MAP did not converge after 1 iterations.
[gmrf_wind_mapping_node-2] [GMRF] MAP Mean value estimated in 9.69957 milliseconds
[gmrf_wind_mapping_node-2] --> MAP did not converge after 1 iterations.
[gmrf_wind_mapping_node-2] [GMRF] MAP Mean value estimated in 9.69764 milliseconds
[gmrf_wind_mapping_node-2] --> MAP did not converge after 1 iterations.
[gmrf_wind_mapping_node-2] [GMRF] MAP Mean value estimated in 9.69571 milliseconds
[gmrf_wind_mapping_node-2] --> MAP did not converge after 1 iterations.
[gmrf_wind_mapping_node-2] [GMRF] MAP Mean value estimated in 9.69379 milliseconds
[gmrf_wind_mapping_node-2] --> MAP did not converge after 1 iterations.
[gmrf_wind_mapping_node-2] [GMRF] MAP Mean value estimated in 9.69187 milliseconds
[gmrf_wind_mapping_node-2] --> MAP did not converge after 1 iterations.
[gmrf_wind_mapping_node-2] [GMRF] MAP Mean value estimated in 9.68995 milliseconds
[gmrf_wind_mapping_node-2] --> MAP did not converge after 1 iterations.
[gmrf_wind_mapping_node-2] [GMRF] MAP Mean value estimated in 9.68946 milliseconds
[gmrf_wind_mapping_node-2] --> MAP did not converge after 1 iterations.
[gmrf_wind_mapping_node-2] [GMRF] MAP Mean value estimated in 9.68754 milliseconds
[gmrf_wind_mapping_node-2] --> MAP did not converge after 1 iterations.
[gmrf_wind_mapping_node-2] [GMRF] MAP Mean value estimated in 9.68634 milliseconds
[gmrf_wind_mapping_node-2] --> MAP did not converge after 1 iterations.
[gmrf_wind_mapping_node-2] [GMRF] MAP Mean value estimated in 9.68443 milliseconds
[gmrf_wind_mapping_node-2] --> MAP did not converge after 1 iterations.
[gmrf_wind_mapping_node-2] [GMRF] MAP Mean value estimated in 9.68679 milliseconds
[gsl_actionserver_node-3] [INFO] [1788884010.545271453] [GSL]: 10 gas measurements, 10 wind measurements over 1.98 seconds
[gsl_actionserver_node-3] [INFO] [1788884010.545326316] [GSL]: avg_gas=0.9;  avg_windSpeed=0.039;  avg_wind_dir=2.6
[gsl_actionserver_node-3] [INFO] [1788884010.545965869] [GSL]: [33mGAS HIT[0m
[gsl_actionserver_node-3] [INFO] [1788884010.545977604] [GSL]: [DEBUG-WIND] useGroundTruth=false gmrf_req_size=631 gaden_req_size=-1
[gsl_actionserver_node-3] [INFO] [1788884010.545984410] [GSL]: [DEBUG-WIND] Taking GMRF path
[gsl_actionserver_node-3] [INFO] [1788884010.564139891] [GSL - Trace]: [32mEntering StopAndMeasure[0m
[gmrf_wind_mapping_node-2] --> MAP did not converge after 1 iterations.
[gmrf_wind_mapping_node-2] [GMRF] MAP Mean value estimated in 9.68488 milliseconds
[gmrf_wind_mapping_node-2] --> MAP did not converge after 1 iterations.
[gmrf_wind_mapping_node-2] [GMRF] MAP Mean value estimated in 9.68298 milliseconds
[gmrf_wind_mapping_node-2] --> MAP did not converge after 1 iterations.
[gmrf_wind_mapping_node-2] [GMRF] MAP Mean value estimated in 9.68108 milliseconds
[gmrf_wind_mapping_node-2] --> MAP did not converge after 1 iterations.
[gmrf_wind_mapping_node-2] [GMRF] MAP Mean value estimated in 9.67989 milliseconds
[gmrf_wind_mapping_node-2] --> MAP did not converge after 1 iterations.
[gmrf_wind_mapping_node-2] [GMRF] MAP Mean value estimated in 9.67799 milliseconds
[gmrf_wind_mapping_node-2] --> MAP did not converge after 1 iterations.
[gmrf_wind_mapping_node-2] [GMRF] MAP Mean value estimated in 9.6761 milliseconds
[gmrf_wind_mapping_node-2] --> MAP did not converge after 1 iterations.
[gmrf_wind_mapping_node-2] [GMRF] MAP Mean value estimated in 9.67491 milliseconds
[gmrf_wind_mapping_node-2] --> MAP did not converge after 1 iterations.
[gmrf_wind_mapping_node-2] [GMRF] MAP Mean value estimated in 9.67373 milliseconds
[gmrf_wind_mapping_node-2] --> MAP did not converge after 1 iterations.
[gmrf_wind_mapping_node-2] [GMRF] MAP Mean value estimated in 9.67184 milliseconds
[gmrf_wind_mapping_node-2] --> MAP did not converge after 1 iterations.
[gmrf_wind_mapping_node-2] [GMRF] MAP Mean value estimated in 9.67066 milliseconds
[gmrf_wind_mapping_node-2] --> MAP did not converge after 1 iterations.
[gmrf_wind_mapping_node-2] [GMRF] MAP Mean value estimated in 9.66878 milliseconds
[gmrf_wind_mapping_node-2] --> MAP did not converge after 1 iterations.
[gmrf_wind_mapping_node-2] [GMRF] MAP Mean value estimated in 9.6669 milliseconds
[gmrf_wind_mapping_node-2] --> MAP did not converge after 1 iterations.
[gmrf_wind_mapping_node-2] [GMRF] MAP Mean value estimated in 9.66502 milliseconds
[gmrf_wind_mapping_node-2] --> MAP did not converge after 1 iterations.
[gmrf_wind_mapping_node-2] [GMRF] MAP Mean value estimated in 9.66315 milliseconds
[gmrf_wind_mapping_node-2] --> MAP did not converge after 1 iterations.
[gmrf_wind_mapping_node-2] [GMRF] MAP Mean value estimated in 9.66128 milliseconds
[gmrf_wind_mapping_node-2] --> MAP did not converge after 1 iterations.
[gmrf_wind_mapping_node-2] [GMRF] MAP Mean value estimated in 9.66011 milliseconds
[gmrf_wind_mapping_node-2] --> MAP did not converge after 1 iterations.
[gmrf_wind_mapping_node-2] [GMRF] MAP Mean value estimated in 9.65895 milliseconds
[gmrf_wind_mapping_node-2] --> MAP did not converge after 1 iterations.
[gmrf_wind_mapping_node-2] [GMRF] MAP Mean value estimated in 9.65708 milliseconds
[gmrf_wind_mapping_node-2] --> MAP did not converge after 1 iterations.
[gmrf_wind_mapping_node-2] [GMRF] MAP Mean value estimated in 9.65522 milliseconds
[gmrf_wind_mapping_node-2] --> MAP did not converge after 1 iterations.
[gmrf_wind_mapping_node-2] [GMRF] MAP Mean value estimated in 9.65546 milliseconds
[gsl_actionserver_node-3] [INFO] [1788884012.545145877] [GSL]: 10 gas measurements, 10 wind measurements over 1.98 seconds
[gsl_actionserver_node-3] [INFO] [1788884012.545196056] [GSL]: avg_gas=0.9;  avg_windSpeed=0.045;  avg_wind_dir=2.4
[gsl_actionserver_node-3] [INFO] [1788884012.545959276] [GSL]: [33mGAS HIT[0m
[gsl_actionserver_node-3] [INFO] [1788884012.545987303] [GSL]: [DEBUG-WIND] useGroundTruth=false gmrf_req_size=631 gaden_req_size=-1
[gsl_actionserver_node-3] [INFO] [1788884012.545994376] [GSL]: [DEBUG-WIND] Taking GMRF path
[gsl_actionserver_node-3] [INFO] [1788884012.564309250] [GSL - Trace]: [32mEntering StopAndMeasure[0m
[gmrf_wind_mapping_node-2] --> MAP did not converge after 1 iterations.
[gmrf_wind_mapping_node-2] [GMRF] MAP Mean value estimated in 9.6536 milliseconds
[gmrf_wind_mapping_node-2] --> MAP did not converge after 1 iterations.
[gmrf_wind_mapping_node-2] [GMRF] MAP Mean value estimated in 9.65594 milliseconds
[gmrf_wind_mapping_node-2] --> MAP did not converge after 1 iterations.
[gmrf_wind_mapping_node-2] [GMRF] MAP Mean value estimated in 9.65409 milliseconds
[gmrf_wind_mapping_node-2] --> MAP did not converge after 1 iterations.
[gmrf_wind_mapping_node-2] [GMRF] MAP Mean value estimated in 9.65573 milliseconds
[gmrf_wind_mapping_node-2] --> MAP did not converge after 1 iterations.
[gmrf_wind_mapping_node-2] [GMRF] MAP Mean value estimated in 9.65457 milliseconds
[gmrf_wind_mapping_node-2] --> MAP did not converge after 1 iterations.
[gmrf_wind_mapping_node-2] [GMRF] MAP Mean value estimated in 9.6569 milliseconds
[gmrf_wind_mapping_node-2] --> MAP did not converge after 1 iterations.
[gmrf_wind_mapping_node-2] [GMRF] MAP Mean value estimated in 9.65575 milliseconds
[gmrf_wind_mapping_node-2] --> MAP did not converge after 1 iterations.
[gmrf_wind_mapping_node-2] [GMRF] MAP Mean value estimated in 9.65738 milliseconds
[gmrf_wind_mapping_node-2] --> MAP did not converge after 1 iterations.
[gmrf_wind_mapping_node-2] [GMRF] MAP Mean value estimated in 9.65553 milliseconds
[gmrf_wind_mapping_node-2] --> MAP did not converge after 1 iterations.
[gmrf_wind_mapping_node-2] [GMRF] MAP Mean value estimated in 9.65716 milliseconds
[gmrf_wind_mapping_node-2] --> MAP did not converge after 1 iterations.
[gmrf_wind_mapping_node-2] [GMRF] MAP Mean value estimated in 9.65671 milliseconds
[gmrf_wind_mapping_node-2] --> MAP did not converge after 1 iterations.
[gmrf_wind_mapping_node-2] [GMRF] MAP Mean value estimated in 9.65972 milliseconds
[gmrf_wind_mapping_node-2] --> MAP did not converge after 1 iterations.
[gmrf_wind_mapping_node-2] [GMRF] MAP Mean value estimated in 9.65926 milliseconds
[gmrf_wind_mapping_node-2] --> MAP did not converge after 1 iterations.
[gmrf_wind_mapping_node-2] [GMRF] MAP Mean value estimated in 9.65742 milliseconds
[gmrf_wind_mapping_node-2] --> MAP did not converge after 1 iterations.
[gmrf_wind_mapping_node-2] [GMRF] MAP Mean value estimated in 9.65558 milliseconds
[gmrf_wind_mapping_node-2] --> MAP did not converge after 1 iterations.
[gmrf_wind_mapping_node-2] [GMRF] MAP Mean value estimated in 9.65374 milliseconds
[gmrf_wind_mapping_node-2] --> MAP did not converge after 1 iterations.
[gmrf_wind_mapping_node-2] [GMRF] MAP Mean value estimated in 9.6519 milliseconds
[gmrf_wind_mapping_node-2] --> MAP did not converge after 1 iterations.
[gmrf_wind_mapping_node-2] [GMRF] MAP Mean value estimated in 9.65007 milliseconds
[gmrf_wind_mapping_node-2] --> MAP did not converge after 1 iterations.
[gmrf_wind_mapping_node-2] [GMRF] MAP Mean value estimated in 9.64893 milliseconds
[gmrf_wind_mapping_node-2] --> MAP did not converge after 1 iterations.
[gmrf_wind_mapping_node-2] [GMRF] MAP Mean value estimated in 9.64848 milliseconds
[gmrf_wind_mapping_node-2] --> MAP did not converge after 1 iterations.
[gmrf_wind_mapping_node-2] [GMRF] MAP Mean value estimated in 9.64734 milliseconds
[gsl_actionserver_node-3] [INFO] [1788884014.595424920] [GSL]: 10 gas measurements, 10 wind measurements over 2.03 seconds
[gsl_actionserver_node-3] [INFO] [1788884014.595531541] [GSL]: avg_gas=0.91;  avg_windSpeed=0.039;  avg_wind_dir=2.6
[gsl_actionserver_node-3] [INFO] [1788884014.596599999] [GSL]: [33mGAS HIT[0m
[gsl_actionserver_node-3] [INFO] [1788884014.596622998] [GSL]: [DEBUG-WIND] useGroundTruth=false gmrf_req_size=631 gaden_req_size=-1
[gsl_actionserver_node-3] [INFO] [1788884014.596634160] [GSL]: [DEBUG-WIND] Taking GMRF path
[gsl_actionserver_node-3] [INFO] [1788884014.664788233] [GSL - Trace]: [32mEntering StopAndMeasure[0m
[gmrf_wind_mapping_node-2] --> MAP did not converge after 1 iterations.
[gmrf_wind_mapping_node-2] [GMRF] MAP Mean value estimated in 9.64966 milliseconds
[gmrf_wind_mapping_node-2] --> MAP did not converge after 1 iterations.
[gmrf_wind_mapping_node-2] [GMRF] MAP Mean value estimated in 9.65059 milliseconds
[gmrf_wind_mapping_node-2] --> MAP did not converge after 1 iterations.
[gmrf_wind_mapping_node-2] [GMRF] MAP Mean value estimated in 9.65083 milliseconds
[gmrf_wind_mapping_node-2] --> MAP did not converge after 1 iterations.
[gmrf_wind_mapping_node-2] [GMRF] MAP Mean value estimated in 9.649 milliseconds
[gmrf_wind_mapping_node-2] --> MAP did not converge after 1 iterations.
[gmrf_wind_mapping_node-2] [GMRF] MAP Mean value estimated in 9.65199 milliseconds
[gmrf_wind_mapping_node-2] --> MAP did not converge after 1 iterations.
[gmrf_wind_mapping_node-2] [GMRF] MAP Mean value estimated in 9.65086 milliseconds
[gmrf_wind_mapping_node-2] --> MAP did not converge after 1 iterations.
[gmrf_wind_mapping_node-2] [GMRF] MAP Mean value estimated in 9.64904 milliseconds
[gmrf_wind_mapping_node-2] --> MAP did not converge after 1 iterations.
[gmrf_wind_mapping_node-2] [GMRF] MAP Mean value estimated in 9.64859 milliseconds
[gmrf_wind_mapping_node-2] --> MAP did not converge after 1 iterations.
[gmrf_wind_mapping_node-2] [GMRF] MAP Mean value estimated in 9.64678 milliseconds
[gmrf_wind_mapping_node-2] --> MAP did not converge after 1 iterations.
[gmrf_wind_mapping_node-2] [GMRF] MAP Mean value estimated in 9.64496 milliseconds
[gmrf_wind_mapping_node-2] --> MAP did not converge after 1 iterations.
[gmrf_wind_mapping_node-2] [GMRF] MAP Mean value estimated in 9.64384 milliseconds
[gmrf_wind_mapping_node-2] --> MAP did not converge after 1 iterations.
[gmrf_wind_mapping_node-2] [GMRF] MAP Mean value estimated in 9.64203 milliseconds
[gmrf_wind_mapping_node-2] --> MAP did not converge after 1 iterations.
[gmrf_wind_mapping_node-2] [GMRF] MAP Mean value estimated in 9.64364 milliseconds
[gmrf_wind_mapping_node-2] --> MAP did not converge after 1 iterations.
[gmrf_wind_mapping_node-2] [GMRF] MAP Mean value estimated in 9.64183 milliseconds
[gmrf_wind_mapping_node-2] --> MAP did not converge after 1 iterations.
[gmrf_wind_mapping_node-2] [GMRF] MAP Mean value estimated in 9.64003 milliseconds
[gmrf_wind_mapping_node-2] --> MAP did not converge after 1 iterations.
[gmrf_wind_mapping_node-2] [GMRF] MAP Mean value estimated in 9.64096 milliseconds
[gmrf_wind_mapping_node-2] --> MAP did not converge after 1 iterations.
[gmrf_wind_mapping_node-2] [GMRF] MAP Mean value estimated in 9.6412 milliseconds
[gmrf_wind_mapping_node-2] --> MAP did not converge after 1 iterations.
[gmrf_wind_mapping_node-2] [GMRF] MAP Mean value estimated in 9.6394 milliseconds
[gmrf_wind_mapping_node-2] --> MAP did not converge after 1 iterations.
[gmrf_wind_mapping_node-2] [GMRF] MAP Mean value estimated in 9.64373 milliseconds
[gmrf_wind_mapping_node-2] --> MAP did not converge after 1 iterations.
[gmrf_wind_mapping_node-2] [GMRF] MAP Mean value estimated in 9.64329 milliseconds
[gsl_actionserver_node-3] [INFO] [1788884016.595338309] [GSL]: 10 gas measurements, 10 wind measurements over 1.93 seconds
[gsl_actionserver_node-3] [INFO] [1788884016.595464563] [GSL]: avg_gas=0.93;  avg_windSpeed=0.045;  avg_wind_dir=2.4
[gsl_actionserver_node-3] [INFO] [1788884016.596459517] [GSL]: [33mGAS HIT[0m
[gsl_actionserver_node-3] [INFO] [1788884016.596476756] [GSL]: [DEBUG-WIND] useGroundTruth=false gmrf_req_size=631 gaden_req_size=-1
[gsl_actionserver_node-3] [INFO] [1788884016.596487608] [GSL]: [DEBUG-WIND] Taking GMRF path
[gsl_actionserver_node-3] [INFO] [1788884016.664169177] [GSL - Trace]: [32mEntering StopAndMeasure[0m
[gmrf_wind_mapping_node-2] --> MAP did not converge after 1 iterations.
[gmrf_wind_mapping_node-2] [GMRF] MAP Mean value estimated in 9.64218 milliseconds
[gmrf_wind_mapping_node-2] --> MAP did not converge after 1 iterations.
[gmrf_wind_mapping_node-2] [GMRF] MAP Mean value estimated in 9.64106 milliseconds
[gmrf_wind_mapping_node-2] --> MAP did not converge after 1 iterations.
[gmrf_wind_mapping_node-2] [GMRF] MAP Mean value estimated in 9.63995 milliseconds
[gmrf_wind_mapping_node-2] --> MAP did not converge after 1 iterations.
[gmrf_wind_mapping_node-2] [GMRF] MAP Mean value estimated in 9.63815 milliseconds
[gmrf_wind_mapping_node-2] --> MAP did not converge after 1 iterations.
[gmrf_wind_mapping_node-2] [GMRF] MAP Mean value estimated in 9.63704 milliseconds
[gmrf_wind_mapping_node-2] --> MAP did not converge after 1 iterations.
[gmrf_wind_mapping_node-2] [GMRF] MAP Mean value estimated in 9.63729 milliseconds
[gmrf_wind_mapping_node-2] --> MAP did not converge after 1 iterations.
[gmrf_wind_mapping_node-2] [GMRF] MAP Mean value estimated in 9.64024 milliseconds
[gmrf_wind_mapping_node-2] --> MAP did not converge after 1 iterations.
[gmrf_wind_mapping_node-2] [GMRF] MAP Mean value estimated in 9.63846 milliseconds
[gmrf_wind_mapping_node-2] --> MAP did not converge after 1 iterations.
[gmrf_wind_mapping_node-2] [GMRF] MAP Mean value estimated in 9.64073 milliseconds
[gmrf_wind_mapping_node-2] --> MAP did not converge after 1 iterations.
[gmrf_wind_mapping_node-2] [GMRF] MAP Mean value estimated in 9.63895 milliseconds
[gmrf_wind_mapping_node-2] --> MAP did not converge after 1 iterations.
[gmrf_wind_mapping_node-2] [GMRF] MAP Mean value estimated in 9.63784 milliseconds
[gmrf_wind_mapping_node-2] --> MAP did not converge after 1 iterations.
[gmrf_wind_mapping_node-2] [GMRF] MAP Mean value estimated in 9.63876 milliseconds
[gmrf_wind_mapping_node-2] --> MAP did not converge after 1 iterations.
[gmrf_wind_mapping_node-2] [GMRF] MAP Mean value estimated in 9.64238 milliseconds
[gmrf_wind_mapping_node-2] --> MAP did not converge after 1 iterations.
[gmrf_wind_mapping_node-2] [GMRF] MAP Mean value estimated in 9.64059 milliseconds
[gmrf_wind_mapping_node-2] --> MAP did not converge after 1 iterations.
[gmrf_wind_mapping_node-2] [GMRF] MAP Mean value estimated in 9.63881 milliseconds
[gmrf_wind_mapping_node-2] --> MAP did not converge after 1 iterations.
[gmrf_wind_mapping_node-2] [GMRF] MAP Mean value estimated in 9.63704 milliseconds
[gmrf_wind_mapping_node-2] --> MAP did not converge after 1 iterations.
[gmrf_wind_mapping_node-2] [GMRF] MAP Mean value estimated in 9.63526 milliseconds
[gmrf_wind_mapping_node-2] --> MAP did not converge after 1 iterations.
[gmrf_wind_mapping_node-2] [GMRF] MAP Mean value estimated in 9.63416 milliseconds
[gmrf_wind_mapping_node-2] --> MAP did not converge after 1 iterations.
[gmrf_wind_mapping_node-2] [GMRF] MAP Mean value estimated in 9.63642 milliseconds
[gmrf_wind_mapping_node-2] --> MAP did not converge after 1 iterations.
[gmrf_wind_mapping_node-2] [GMRF] MAP Mean value estimated in 9.636 milliseconds
[gsl_actionserver_node-3] [INFO] [1788884018.595333829] [GSL]: 10 gas measurements, 10 wind measurements over 1.93 seconds
[gsl_actionserver_node-3] [INFO] [1788884018.595426569] [GSL]: avg_gas=0.93;  avg_windSpeed=0.039;  avg_wind_dir=2.6
[gsl_actionserver_node-3] [INFO] [1788884018.596261278] [GSL]: [33mGAS HIT[0m
[gsl_actionserver_node-3] [INFO] [1788884018.596274463] [GSL]: [DEBUG-WIND] useGroundTruth=false gmrf_req_size=631 gaden_req_size=-1
[gsl_actionserver_node-3] [INFO] [1788884018.596283792] [GSL]: [DEBUG-WIND] Taking GMRF path
[gsl_actionserver_node-3] [INFO] [1788884018.664512340] [GSL]: [33mStarted simulations. Might take a while![0m
[gmrf_wind_mapping_node-2] --> MAP did not converge after 1 iterations.
[gmrf_wind_mapping_node-2] [GMRF] MAP Mean value estimated in 9.64094 milliseconds
[gmrf_wind_mapping_node-2] --> MAP did not converge after 1 iterations.
[gmrf_wind_mapping_node-2] [GMRF] MAP Mean value estimated in 9.6452 milliseconds
[gsl_actionserver_node-3] [INFO] [1788884018.804435068] [GSL - Trace]: [32mFirst simulation level done[0m
[gsl_actionserver_node-3] [INFO] [1788884018.804916145] [GSL]: [RC2-DIAG] scores_size=62 refineFraction=0.25 refine_product=15.5 valid_first_level=62 sum_sourceProbInternal_before_norm=1.4728017014539716e-07 min_sourceProbInternal_before_norm=0 max_sourceProbInternal_before_norm=7.350787180228455e-09 finite_sourceProbInternal=1053 finite_varianceOfHitProb=1053
[gmrf_wind_mapping_node-2] --> MAP did not converge after 1 iterations.
[gmrf_wind_mapping_node-2] [GMRF] MAP Mean value estimated in 9.64812 milliseconds
[gsl_actionserver_node-3] [INFO] [1788884018.899241964] [GSL - Trace]: [32mSimulation level 2 done[0m
[gmrf_wind_mapping_node-2] --> MAP did not converge after 1 iterations.
[gmrf_wind_mapping_node-2] [GMRF] MAP Mean value estimated in 9.65171 milliseconds
[gsl_actionserver_node-3] [INFO] [1788884018.987911096] [GSL - Trace]: [32mSimulation level 3 done[0m
[gsl_actionserver_node-3] [INFO] [1788884019.008990131] [GSL - Trace]: [32mSimulation level 4 done[0m
[gsl_actionserver_node-3] [INFO] [1788884019.009986612] [GSL - Trace]: [32mSimulation level 5 done[0m
[gsl_actionserver_node-3] [INFO] [1788884019.010177150] [GSL]: Number of levels in the simulation: 5
[gsl_actionserver_node-3] [INFO] [1788884019.010188443] [GSL]: Total number of simulations: 166
[gsl_actionserver_node-3] [INFO] [1788884019.013597097] [GSL]: [RC2-DIAG] normalized_finite_count=1053 normalized_sum=1
[gsl_actionserver_node-3] [INFO] [1788884019.013623575] [GSL]: Time ellapsed in simulation = 0.34839472600000004 s
[gsl_actionserver_node-3] [INFO] [1788884019.018176668] [GSL]: Max mutual info: 2.878
[gsl_actionserver_node-3] [INFO] [1788884019.018312101] [GSL]: MutualInformation - Ellapsed: 0.004s
[vgr_sim_node-1] [WARN] [1788884019.023033591] [vgr_uav_sim]: PLAN_CB: called with goal=(-2.84,-1.60)
[vgr_sim_node-1] [WARN] [1788884019.027452355] [vgr_uav_sim]: PLAN_CB: returning 6 poses
[vgr_sim_node-1] [WARN] [1788884019.037708002] [vgr_uav_sim]: PLAN_CB: called with goal=(-2.84,-1.60)
[vgr_sim_node-1] [WARN] [1788884019.039682966] [vgr_uav_sim]: PLAN_CB: returning 6 poses
[gsl_actionserver_node-3] [INFO] [1788884019.048251644] [GSL]: Sending goal (-2.84, -1.60)
[gsl_actionserver_node-3] [INFO] [1788884019.048936458] [GSL]: Variance: 0.22
[gsl_actionserver_node-3] [INFO] [1788884019.048965890] [GSL - Trace]: [32mEntering Moving[0m
[vgr_sim_node-1] [INFO] [1788884019.050069111] [vgr_uav_sim]: Prepared 6 collision-free navigation waypoints to (-2.84, -1.60)
[vgr_sim_node-1] [INFO] [1788884019.051114180] [vgr_uav_sim]: UAV navigating in audited 2-D mode to (-2.84, -1.60, 0.30)
[gmrf_wind_mapping_node-2] --> MAP did not converge after 1 iterations.
[gmrf_wind_mapping_node-2] [GMRF] MAP Mean value estimated in 9.64993 milliseconds
[gmrf_wind_mapping_node-2] --> MAP did not converge after 1 iterations.
[gmrf_wind_mapping_node-2] [GMRF] MAP Mean value estimated in 9.64816 milliseconds
[gmrf_wind_mapping_node-2] --> MAP did not converge after 1 iterations.
[gmrf_wind_mapping_node-2] [GMRF] MAP Mean value estimated in 9.64973 milliseconds
[gmrf_wind_mapping_node-2] --> MAP did not converge after 1 iterations.
[gmrf_wind_mapping_node-2] [GMRF] MAP Mean value estimated in 9.6493 milliseconds
[gmrf_wind_mapping_node-2] --> MAP did not converge after 1 iterations.
[gmrf_wind_mapping_node-2] [GMRF] MAP Mean value estimated in 9.6522 milliseconds
[gmrf_wind_mapping_node-2] --> MAP did not converge after 1 iterations.
[gmrf_wind_mapping_node-2] [GMRF] MAP Mean value estimated in 9.65043 milliseconds
[gmrf_wind_mapping_node-2] --> MAP did not converge after 1 iterations.
[gmrf_wind_mapping_node-2] [GMRF] MAP Mean value estimated in 9.65333 milliseconds
[gmrf_wind_mapping_node-2] --> MAP did not converge after 1 iterations.
[gmrf_wind_mapping_node-2] [GMRF] MAP Mean value estimated in 9.65423 milliseconds
[gmrf_wind_mapping_node-2] --> MAP did not converge after 1 iterations.
[gmrf_wind_mapping_node-2] [GMRF] MAP Mean value estimated in 9.65579 milliseconds
[gmrf_wind_mapping_node-2] --> MAP did not converge after 1 iterations.
[gmrf_wind_mapping_node-2] [GMRF] MAP Mean value estimated in 9.65802 milliseconds
[gmrf_wind_mapping_node-2] --> MAP did not converge after 1 iterations.
[gmrf_wind_mapping_node-2] [GMRF] MAP Mean value estimated in 9.65824 milliseconds
[gsl_actionserver_node-3] [INFO] [1788884020.167050490] [GSL - Trace]: [32mEntering StopAndMeasure[0m
[gmrf_wind_mapping_node-2] --> MAP did not converge after 1 iterations.
[gmrf_wind_mapping_node-2] [GMRF] MAP Mean value estimated in 9.65714 milliseconds
[gmrf_wind_mapping_node-2] --> MAP did not converge after 1 iterations.
[gmrf_wind_mapping_node-2] [GMRF] MAP Mean value estimated in 9.66003 milliseconds
[gmrf_wind_mapping_node-2] --> MAP did not converge after 1 iterations.
[gmrf_wind_mapping_node-2] [GMRF] MAP Mean value estimated in 9.65826 milliseconds
[gmrf_wind_mapping_node-2] --> MAP did not converge after 1 iterations.
[gmrf_wind_mapping_node-2] [GMRF] MAP Mean value estimated in 9.66048 milliseconds
[gmrf_wind_mapping_node-2] --> MAP did not converge after 1 iterations.
[gmrf_wind_mapping_node-2] [GMRF] MAP Mean value estimated in 9.65938 milliseconds
[gmrf_wind_mapping_node-2] --> MAP did not converge after 1 iterations.
[gmrf_wind_mapping_node-2] [GMRF] MAP Mean value estimated in 9.66225 milliseconds
[gmrf_wind_mapping_node-2] --> MAP did not converge after 1 iterations.
[gmrf_wind_mapping_node-2] [GMRF] MAP Mean value estimated in 9.66049 milliseconds
[gmrf_wind_mapping_node-2] --> MAP did not converge after 1 iterations.
[gmrf_wind_mapping_node-2] [GMRF] MAP Mean value estimated in 9.65873 milliseconds
[gmrf_wind_mapping_node-2] --> MAP did not converge after 1 iterations.
[gmrf_wind_mapping_node-2] [GMRF] MAP Mean value estimated in 9.65962 milliseconds
[gmrf_wind_mapping_node-2] --> MAP did not converge after 1 iterations.
[gmrf_wind_mapping_node-2] [GMRF] MAP Mean value estimated in 9.66116 milliseconds
[gmrf_wind_mapping_node-2] --> MAP did not converge after 1 iterations.
[gmrf_wind_mapping_node-2] [GMRF] MAP Mean value estimated in 9.66139 milliseconds
[gmrf_wind_mapping_node-2] --> MAP did not converge after 1 iterations.
[gmrf_wind_mapping_node-2] [GMRF] MAP Mean value estimated in 9.65963 milliseconds
[gmrf_wind_mapping_node-2] --> MAP did not converge after 1 iterations.
[gmrf_wind_mapping_node-2] [GMRF] MAP Mean value estimated in 9.65854 milliseconds
[gmrf_wind_mapping_node-2] --> MAP did not converge after 1 iterations.
[gmrf_wind_mapping_node-2] [GMRF] MAP Mean value estimated in 9.66074 milliseconds
[gmrf_wind_mapping_node-2] --> MAP did not converge after 1 iterations.
[gmrf_wind_mapping_node-2] [GMRF] MAP Mean value estimated in 9.65899 milliseconds
[gmrf_wind_mapping_node-2] --> MAP did not converge after 1 iterations.
[gmrf_wind_mapping_node-2] [GMRF] MAP Mean value estimated in 9.65789 milliseconds
[gmrf_wind_mapping_node-2] --> MAP did not converge after 1 iterations.
[gmrf_wind_mapping_node-2] [GMRF] MAP Mean value estimated in 9.65615 milliseconds
[gmrf_wind_mapping_node-2] --> MAP did not converge after 1 iterations.
[gmrf_wind_mapping_node-2] [GMRF] MAP Mean value estimated in 9.65966 milliseconds
[gmrf_wind_mapping_node-2] --> MAP did not converge after 1 iterations.
[gmrf_wind_mapping_node-2] [GMRF] MAP Mean value estimated in 9.65857 milliseconds
[gmrf_wind_mapping_node-2] --> MAP did not converge after 1 iterations.
[gmrf_wind_mapping_node-2] [GMRF] MAP Mean value estimated in 9.66076 milliseconds
[gmrf_wind_mapping_node-2] --> MAP did not converge after 1 iterations.
[gmrf_wind_mapping_node-2] [GMRF] MAP Mean value estimated in 9.66033 milliseconds
[gsl_actionserver_node-3] [INFO] [1788884022.196646950] [GSL]: 10 gas measurements, 10 wind measurements over 2.03 seconds
[gsl_actionserver_node-3] [INFO] [1788884022.196716768] [GSL]: avg_gas=0.94;  avg_windSpeed=0.049;  avg_wind_dir=-0.29
[gsl_actionserver_node-3] [INFO] [1788884022.197309278] [GSL]: [33mGAS HIT[0m
[gsl_actionserver_node-3] [INFO] [1788884022.197319160] [GSL]: [DEBUG-WIND] useGroundTruth=false gmrf_req_size=631 gaden_req_size=-1
[gsl_actionserver_node-3] [INFO] [1788884022.197325829] [GSL]: [DEBUG-WIND] Taking GMRF path
[gsl_actionserver_node-3] [INFO] [1788884022.264923914] [GSL - Trace]: [32mEntering StopAndMeasure[0m
[gmrf_wind_mapping_node-2] --> MAP did not converge after 1 iterations.
[gmrf_wind_mapping_node-2] [GMRF] MAP Mean value estimated in 9.66448 milliseconds
[gmrf_wind_mapping_node-2] --> MAP did not converge after 1 iterations.
[gmrf_wind_mapping_node-2] [GMRF] MAP Mean value estimated in 9.6647 milliseconds
[gmrf_wind_mapping_node-2] --> MAP did not converge after 1 iterations.
[gmrf_wind_mapping_node-2] [GMRF] MAP Mean value estimated in 9.66361 milliseconds
[gmrf_wind_mapping_node-2] --> MAP did not converge after 1 iterations.
[gmrf_wind_mapping_node-2] [GMRF] MAP Mean value estimated in 9.66449 milliseconds
[gmrf_wind_mapping_node-2] --> MAP did not converge after 1 iterations.
[gmrf_wind_mapping_node-2] [GMRF] MAP Mean value estimated in 9.66275 milliseconds
[gmrf_wind_mapping_node-2] --> MAP did not converge after 1 iterations.
[gmrf_wind_mapping_node-2] [GMRF] MAP Mean value estimated in 9.66166 milliseconds
[gmrf_wind_mapping_node-2] --> MAP did not converge after 1 iterations.
[gmrf_wind_mapping_node-2] [GMRF] MAP Mean value estimated in 9.66514 milliseconds
[gmrf_wind_mapping_node-2] --> MAP did not converge after 1 iterations.
[gmrf_wind_mapping_node-2] [GMRF] MAP Mean value estimated in 9.66471 milliseconds
[gmrf_wind_mapping_node-2] --> MAP did not converge after 1 iterations.
[gmrf_wind_mapping_node-2] [GMRF] MAP Mean value estimated in 9.66297 milliseconds
[gmrf_wind_mapping_node-2] --> MAP did not converge after 1 iterations.
[gmrf_wind_mapping_node-2] [GMRF] MAP Mean value estimated in 9.66124 milliseconds
[gmrf_wind_mapping_node-2] --> MAP did not converge after 1 iterations.
[gmrf_wind_mapping_node-2] [GMRF] MAP Mean value estimated in 9.66146 milliseconds
[gmrf_wind_mapping_node-2] --> MAP did not converge after 1 iterations.
[gmrf_wind_mapping_node-2] [GMRF] MAP Mean value estimated in 9.65973 milliseconds
[gmrf_wind_mapping_node-2] --> MAP did not converge after 1 iterations.
[gmrf_wind_mapping_node-2] [GMRF] MAP Mean value estimated in 9.658 milliseconds
[gmrf_wind_mapping_node-2] --> MAP did not converge after 1 iterations.
[gmrf_wind_mapping_node-2] [GMRF] MAP Mean value estimated in 9.65822 milliseconds
[gmrf_wind_mapping_node-2] --> MAP did not converge after 1 iterations.
[gmrf_wind_mapping_node-2] [GMRF] MAP Mean value estimated in 9.66104 milliseconds
[gmrf_wind_mapping_node-2] --> MAP did not converge after 1 iterations.
[gmrf_wind_mapping_node-2] [GMRF] MAP Mean value estimated in 9.65996 milliseconds
[gmrf_wind_mapping_node-2] --> MAP did not converge after 1 iterations.
[gmrf_wind_mapping_node-2] [GMRF] MAP Mean value estimated in 9.66278 milliseconds
[gmrf_wind_mapping_node-2] --> MAP did not converge after 1 iterations.
[gmrf_wind_mapping_node-2] [GMRF] MAP Mean value estimated in 9.66494 milliseconds
[gmrf_wind_mapping_node-2] --> MAP did not converge after 1 iterations.
[gmrf_wind_mapping_node-2] [GMRF] MAP Mean value estimated in 9.6671 milliseconds
[gsl_actionserver_node-3] [INFO] [1788884024.149963823] [GSL]: 10 gas measurements, 10 wind measurements over 1.88 seconds
[gsl_actionserver_node-3] [INFO] [1788884024.150297965] [GSL]: avg_gas=0.96;  avg_windSpeed=0.042;  avg_wind_dir=-0.51
[gsl_actionserver_node-3] [INFO] [1788884024.150945024] [GSL]: [33mGAS HIT[0m
[gsl_actionserver_node-3] [INFO] [1788884024.150965073] [GSL]: [DEBUG-WIND] useGroundTruth=false gmrf_req_size=631 gaden_req_size=-1
[gsl_actionserver_node-3] [INFO] [1788884024.150972270] [GSL]: [DEBUG-WIND] Taking GMRF path
[gsl_actionserver_node-3] [INFO] [1788884024.163971380] [GSL - Trace]: [32mEntering StopAndMeasure[0m
[gmrf_wind_mapping_node-2] --> MAP did not converge after 1 iterations.
[gmrf_wind_mapping_node-2] [GMRF] MAP Mean value estimated in 9.66537 milliseconds
[gmrf_wind_mapping_node-2] --> MAP did not converge after 1 iterations.
[gmrf_wind_mapping_node-2] [GMRF] MAP Mean value estimated in 9.66947 milliseconds
[gmrf_wind_mapping_node-2] --> MAP did not converge after 1 iterations.
[gmrf_wind_mapping_node-2] [GMRF] MAP Mean value estimated in 9.66839 milliseconds
[gmrf_wind_mapping_node-2] --> MAP did not converge after 1 iterations.
[gmrf_wind_mapping_node-2] [GMRF] MAP Mean value estimated in 9.67248 milliseconds
[gmrf_wind_mapping_node-2] --> MAP did not converge after 1 iterations.
[gmrf_wind_mapping_node-2] [GMRF] MAP Mean value estimated in 9.6714 milliseconds
[gmrf_wind_mapping_node-2] --> MAP did not converge after 1 iterations.
[gmrf_wind_mapping_node-2] [GMRF] MAP Mean value estimated in 9.67484 milliseconds
[gmrf_wind_mapping_node-2] --> MAP did not converge after 1 iterations.
[gmrf_wind_mapping_node-2] [GMRF] MAP Mean value estimated in 9.67634 milliseconds
[gmrf_wind_mapping_node-2] --> MAP did not converge after 1 iterations.
[gmrf_wind_mapping_node-2] [GMRF] MAP Mean value estimated in 9.67784 milliseconds
[gmrf_wind_mapping_node-2] --> MAP did not converge after 1 iterations.
[gmrf_wind_mapping_node-2] [GMRF] MAP Mean value estimated in 9.67804 milliseconds
[gmrf_wind_mapping_node-2] --> MAP did not converge after 1 iterations.
[gmrf_wind_mapping_node-2] [GMRF] MAP Mean value estimated in 9.68211 milliseconds
[gmrf_wind_mapping_node-2] --> MAP did not converge after 1 iterations.
[gmrf_wind_mapping_node-2] [GMRF] MAP Mean value estimated in 9.68039 milliseconds
[gmrf_wind_mapping_node-2] --> MAP did not converge after 1 iterations.
[gmrf_wind_mapping_node-2] [GMRF] MAP Mean value estimated in 9.67866 milliseconds
[gmrf_wind_mapping_node-2] --> MAP did not converge after 1 iterations.
[gmrf_wind_mapping_node-2] [GMRF] MAP Mean value estimated in 9.67694 milliseconds
[gmrf_wind_mapping_node-2] --> MAP did not converge after 1 iterations.
[gmrf_wind_mapping_node-2] [GMRF] MAP Mean value estimated in 9.67908 milliseconds
[gmrf_wind_mapping_node-2] --> MAP did not converge after 1 iterations.
[gmrf_wind_mapping_node-2] [GMRF] MAP Mean value estimated in 9.67864 milliseconds
[gmrf_wind_mapping_node-2] --> MAP did not converge after 1 iterations.
[gmrf_wind_mapping_node-2] [GMRF] MAP Mean value estimated in 9.68077 milliseconds
[gmrf_wind_mapping_node-2] --> MAP did not converge after 1 iterations.
[gmrf_wind_mapping_node-2] [GMRF] MAP Mean value estimated in 9.68225 milliseconds
[gmrf_wind_mapping_node-2] --> MAP did not converge after 1 iterations.
[gmrf_wind_mapping_node-2] [GMRF] MAP Mean value estimated in 9.6863 milliseconds
[gmrf_wind_mapping_node-2] --> MAP did not converge after 1 iterations.
[gmrf_wind_mapping_node-2] [GMRF] MAP Mean value estimated in 9.68522 milliseconds
[gmrf_wind_mapping_node-2] --> MAP did not converge after 1 iterations.
[gmrf_wind_mapping_node-2] [GMRF] MAP Mean value estimated in 9.68862 milliseconds
[gsl_actionserver_node-3] [INFO] [1788884026.150019999] [GSL]: 10 gas measurements, 10 wind measurements over 1.99 seconds
[gsl_actionserver_node-3] [INFO] [1788884026.150088364] [GSL]: avg_gas=0.96;  avg_windSpeed=0.049;  avg_wind_dir=-0.29
[gsl_actionserver_node-3] [INFO] [1788884026.150852074] [GSL]: [33mGAS HIT[0m
[gsl_actionserver_node-3] [INFO] [1788884026.150865244] [GSL]: [DEBUG-WIND] useGroundTruth=false gmrf_req_size=631 gaden_req_size=-1
[gsl_actionserver_node-3] [INFO] [1788884026.150874851] [GSL]: [DEBUG-WIND] Taking GMRF path
[gsl_actionserver_node-3] [INFO] [1788884026.164385590] [GSL - Trace]: [32mEntering StopAndMeasure[0m
[gmrf_wind_mapping_node-2] --> MAP did not converge after 1 iterations.
[gmrf_wind_mapping_node-2] [GMRF] MAP Mean value estimated in 9.6901 milliseconds
[gmrf_wind_mapping_node-2] --> MAP did not converge after 1 iterations.
[gmrf_wind_mapping_node-2] [GMRF] MAP Mean value estimated in 9.68838 milliseconds
[gmrf_wind_mapping_node-2] --> MAP did not converge after 1 iterations.
[gmrf_wind_mapping_node-2] [GMRF] MAP Mean value estimated in 9.68666 milliseconds
[gmrf_wind_mapping_node-2] --> MAP did not converge after 1 iterations.
[gmrf_wind_mapping_node-2] [GMRF] MAP Mean value estimated in 9.68495 milliseconds
[gmrf_wind_mapping_node-2] --> MAP did not converge after 1 iterations.
[gmrf_wind_mapping_node-2] [GMRF] MAP Mean value estimated in 9.68642 milliseconds
[gmrf_wind_mapping_node-2] --> MAP did not converge after 1 iterations.
[gmrf_wind_mapping_node-2] [GMRF] MAP Mean value estimated in 9.68854 milliseconds
[gmrf_wind_mapping_node-2] --> MAP did not converge after 1 iterations.
[gmrf_wind_mapping_node-2] [GMRF] MAP Mean value estimated in 9.68937 milliseconds
[gmrf_wind_mapping_node-2] --> MAP did not converge after 1 iterations.
[gmrf_wind_mapping_node-2] [GMRF] MAP Mean value estimated in 9.69275 milliseconds
[gmrf_wind_mapping_node-2] --> MAP did not converge after 1 iterations.
[gmrf_wind_mapping_node-2] [GMRF] MAP Mean value estimated in 9.69167 milliseconds
[gmrf_wind_mapping_node-2] --> MAP did not converge after 1 iterations.
[gmrf_wind_mapping_node-2] [GMRF] MAP Mean value estimated in 9.69123 milliseconds
[gmrf_wind_mapping_node-2] --> MAP did not converge after 1 iterations.
[gmrf_wind_mapping_node-2] [GMRF] MAP Mean value estimated in 9.68952 milliseconds
[gmrf_wind_mapping_node-2] --> MAP did not converge after 1 iterations.
[gmrf_wind_mapping_node-2] [GMRF] MAP Mean value estimated in 9.69162 milliseconds
[gmrf_wind_mapping_node-2] --> MAP did not converge after 1 iterations.
[gmrf_wind_mapping_node-2] [GMRF] MAP Mean value estimated in 9.69182 milliseconds
[gmrf_wind_mapping_node-2] --> MAP did not converge after 1 iterations.
[gmrf_wind_mapping_node-2] [GMRF] MAP Mean value estimated in 9.69518 milliseconds
[gmrf_wind_mapping_node-2] --> MAP did not converge after 1 iterations.
[gmrf_wind_mapping_node-2] [GMRF] MAP Mean value estimated in 9.69348 milliseconds
[gmrf_wind_mapping_node-2] --> MAP did not converge after 1 iterations.
[gmrf_wind_mapping_node-2] [GMRF] MAP Mean value estimated in 9.69557 milliseconds
[gmrf_wind_mapping_node-2] --> MAP did not converge after 1 iterations.
[gmrf_wind_mapping_node-2] [GMRF] MAP Mean value estimated in 9.69576 milliseconds
[gmrf_wind_mapping_node-2] --> MAP did not converge after 1 iterations.
[gmrf_wind_mapping_node-2] [GMRF] MAP Mean value estimated in 9.69722 milliseconds
[gmrf_wind_mapping_node-2] --> MAP did not converge after 1 iterations.
[gmrf_wind_mapping_node-2] [GMRF] MAP Mean value estimated in 9.69867 milliseconds
[gmrf_wind_mapping_node-2] --> MAP did not converge after 1 iterations.
[gmrf_wind_mapping_node-2] [GMRF] MAP Mean value estimated in 9.70013 milliseconds
[gmrf_wind_mapping_node-2] --> MAP did not converge after 1 iterations.
[gmrf_wind_mapping_node-2] [GMRF] MAP Mean value estimated in 9.69905 milliseconds
[gsl_actionserver_node-3] [INFO] [1788884028.200140886] [GSL]: 10 gas measurements, 10 wind measurements over 2.04 seconds
[gsl_actionserver_node-3] [INFO] [1788884028.200229962] [GSL]: avg_gas=0.96;  avg_windSpeed=0.042;  avg_wind_dir=-0.51
[gsl_actionserver_node-3] [INFO] [1788884028.201817087] [GSL]: [33mGAS HIT[0m
[gsl_actionserver_node-3] [INFO] [1788884028.201855232] [GSL]: [DEBUG-WIND] useGroundTruth=false gmrf_req_size=631 gaden_req_size=-1
[gsl_actionserver_node-3] [INFO] [1788884028.201867874] [GSL]: [DEBUG-WIND] Taking GMRF path
[gsl_actionserver_node-3] [INFO] [1788884028.264046603] [GSL - Trace]: [32mEntering StopAndMeasure[0m
[gmrf_wind_mapping_node-2] --> MAP did not converge after 1 iterations.
[gmrf_wind_mapping_node-2] [GMRF] MAP Mean value estimated in 9.69735 milliseconds
[gmrf_wind_mapping_node-2] --> MAP did not converge after 1 iterations.
[gmrf_wind_mapping_node-2] [GMRF] MAP Mean value estimated in 9.69628 milliseconds
[gmrf_wind_mapping_node-2] --> MAP did not converge after 1 iterations.
[gmrf_wind_mapping_node-2] [GMRF] MAP Mean value estimated in 9.69836 milliseconds
[gmrf_wind_mapping_node-2] --> MAP did not converge after 1 iterations.
[gmrf_wind_mapping_node-2] [GMRF] MAP Mean value estimated in 9.69666 milliseconds
[gmrf_wind_mapping_node-2] --> MAP did not converge after 1 iterations.
[gmrf_wind_mapping_node-2] [GMRF] MAP Mean value estimated in 9.7 milliseconds
[gmrf_wind_mapping_node-2] --> MAP did not converge after 1 iterations.
[gmrf_wind_mapping_node-2] [GMRF] MAP Mean value estimated in 9.69893 milliseconds
[gmrf_wind_mapping_node-2] --> MAP did not converge after 1 iterations.
[gmrf_wind_mapping_node-2] [GMRF] MAP Mean value estimated in 9.70226 milliseconds
[gmrf_wind_mapping_node-2] --> MAP did not converge after 1 iterations.
[gmrf_wind_mapping_node-2] [GMRF] MAP Mean value estimated in 9.70119 milliseconds
[gmrf_wind_mapping_node-2] --> MAP did not converge after 1 iterations.
[gmrf_wind_mapping_node-2] [GMRF] MAP Mean value estimated in 9.70452 milliseconds
[gmrf_wind_mapping_node-2] --> MAP did not converge after 1 iterations.
[gmrf_wind_mapping_node-2] [GMRF] MAP Mean value estimated in 9.70408 milliseconds
[gmrf_wind_mapping_node-2] --> MAP did not converge after 1 iterations.
[gmrf_wind_mapping_node-2] [GMRF] MAP Mean value estimated in 9.70551 milliseconds
[gmrf_wind_mapping_node-2] --> MAP did not converge after 1 iterations.
[gmrf_wind_mapping_node-2] [GMRF] MAP Mean value estimated in 9.70695 milliseconds
[gmrf_wind_mapping_node-2] --> MAP did not converge after 1 iterations.
[gmrf_wind_mapping_node-2] [GMRF] MAP Mean value estimated in 9.71026 milliseconds
[gmrf_wind_mapping_node-2] --> MAP did not converge after 1 iterations.
[gmrf_wind_mapping_node-2] [GMRF] MAP Mean value estimated in 9.70919 milliseconds
[gmrf_wind_mapping_node-2] --> MAP did not converge after 1 iterations.
[gmrf_wind_mapping_node-2] [GMRF] MAP Mean value estimated in 9.7075 milliseconds
[gmrf_wind_mapping_node-2] --> MAP did not converge after 1 iterations.
[gmrf_wind_mapping_node-2] [GMRF] MAP Mean value estimated in 9.70768 milliseconds
[gmrf_wind_mapping_node-2] --> MAP did not converge after 1 iterations.
[gmrf_wind_mapping_node-2] [GMRF] MAP Mean value estimated in 9.71036 milliseconds
[gmrf_wind_mapping_node-2] --> MAP did not converge after 1 iterations.
[gmrf_wind_mapping_node-2] [GMRF] MAP Mean value estimated in 9.7093 milliseconds
[gmrf_wind_mapping_node-2] --> MAP did not converge after 1 iterations.
[gmrf_wind_mapping_node-2] [GMRF] MAP Mean value estimated in 9.71384 milliseconds
[gmrf_wind_mapping_node-2] --> MAP did not converge after 1 iterations.
[gmrf_wind_mapping_node-2] [GMRF] MAP Mean value estimated in 9.7134 milliseconds
[gsl_actionserver_node-3] [INFO] [1788884030.200212827] [GSL]: 10 gas measurements, 10 wind measurements over 1.94 seconds
[gsl_actionserver_node-3] [INFO] [1788884030.200314296] [GSL]: avg_gas=0.94;  avg_windSpeed=0.049;  avg_wind_dir=-0.29
[gsl_actionserver_node-3] [INFO] [1788884030.201386617] [GSL]: [33mGAS HIT[0m
[gsl_actionserver_node-3] [INFO] [1788884030.201409153] [GSL]: [DEBUG-WIND] useGroundTruth=false gmrf_req_size=631 gaden_req_size=-1
[gsl_actionserver_node-3] [INFO] [1788884030.201434704] [GSL]: [DEBUG-WIND] Taking GMRF path
[gsl_actionserver_node-3] [INFO] [1788884030.264587664] [GSL - Trace]: [32mEntering StopAndMeasure[0m
[gmrf_wind_mapping_node-2] --> MAP did not converge after 1 iterations.
[gmrf_wind_mapping_node-2] [GMRF] MAP Mean value estimated in 9.71669 milliseconds
[gmrf_wind_mapping_node-2] --> MAP did not converge after 1 iterations.
[gmrf_wind_mapping_node-2] [GMRF] MAP Mean value estimated in 9.715 milliseconds
[gmrf_wind_mapping_node-2] --> MAP did not converge after 1 iterations.
[gmrf_wind_mapping_node-2] [GMRF] MAP Mean value estimated in 9.71891 milliseconds
[gmrf_wind_mapping_node-2] --> MAP did not converge after 1 iterations.
[gmrf_wind_mapping_node-2] [GMRF] MAP Mean value estimated in 9.71722 milliseconds
[gmrf_wind_mapping_node-2] --> MAP did not converge after 1 iterations.
[gmrf_wind_mapping_node-2] [GMRF] MAP Mean value estimated in 9.7205 milliseconds
[gmrf_wind_mapping_node-2] --> MAP did not converge after 1 iterations.
[gmrf_wind_mapping_node-2] [GMRF] MAP Mean value estimated in 9.72067 milliseconds
[gmrf_wind_mapping_node-2] --> MAP did not converge after 1 iterations.
[gmrf_wind_mapping_node-2] [GMRF] MAP Mean value estimated in 9.7227 milliseconds
[gmrf_wind_mapping_node-2] --> MAP did not converge after 1 iterations.
[gmrf_wind_mapping_node-2] [GMRF] MAP Mean value estimated in 9.7235 milliseconds
[gmrf_wind_mapping_node-2] --> MAP did not converge after 1 iterations.
[gmrf_wind_mapping_node-2] [GMRF] MAP Mean value estimated in 9.72615 milliseconds
[gmrf_wind_mapping_node-2] --> MAP did not converge after 1 iterations.
[gmrf_wind_mapping_node-2] [GMRF] MAP Mean value estimated in 9.7257 milliseconds
[gmrf_wind_mapping_node-2] --> MAP did not converge after 1 iterations.
[gmrf_wind_mapping_node-2] [GMRF] MAP Mean value estimated in 9.72896 milliseconds
[gmrf_wind_mapping_node-2] --> MAP did not converge after 1 iterations.
[gmrf_wind_mapping_node-2] [GMRF] MAP Mean value estimated in 9.72789 milliseconds
[gmrf_wind_mapping_node-2] --> MAP did not converge after 1 iterations.
[gmrf_wind_mapping_node-2] [GMRF] MAP Mean value estimated in 9.72868 milliseconds
[gmrf_wind_mapping_node-2] --> MAP did not converge after 1 iterations.
[gmrf_wind_mapping_node-2] [GMRF] MAP Mean value estimated in 9.72761 milliseconds
[gmrf_wind_mapping_node-2] --> MAP did not converge after 1 iterations.
[gmrf_wind_mapping_node-2] [GMRF] MAP Mean value estimated in 9.72716 milliseconds
[gmrf_wind_mapping_node-2] --> MAP did not converge after 1 iterations.
[gmrf_wind_mapping_node-2] [GMRF] MAP Mean value estimated in 9.72548 milliseconds
[gmrf_wind_mapping_node-2] --> MAP did not converge after 1 iterations.
[gmrf_wind_mapping_node-2] [GMRF] MAP Mean value estimated in 9.72565 milliseconds
[gmrf_wind_mapping_node-2] --> MAP did not converge after 1 iterations.
[gmrf_wind_mapping_node-2] [GMRF] MAP Mean value estimated in 9.72458 milliseconds
[gmrf_wind_mapping_node-2] --> MAP did not converge after 1 iterations.
[gmrf_wind_mapping_node-2] [GMRF] MAP Mean value estimated in 9.72291 milliseconds
[gsl_actionserver_node-3] [INFO] [1788884032.149974495] [GSL]: 10 gas measurements, 10 wind measurements over 1.89 seconds
[gsl_actionserver_node-3] [INFO] [1788884032.150026790] [GSL]: avg_gas=0.9;  avg_windSpeed=0.042;  avg_wind_dir=-0.51
[gsl_actionserver_node-3] [INFO] [1788884032.150939167] [GSL]: [33mGAS HIT[0m
[gsl_actionserver_node-3] [INFO] [1788884032.150956497] [GSL]: [DEBUG-WIND] useGroundTruth=false gmrf_req_size=631 gaden_req_size=-1
[gsl_actionserver_node-3] [INFO] [1788884032.150963692] [GSL]: [DEBUG-WIND] Taking GMRF path
[gsl_actionserver_node-3] [INFO] [1788884032.164104876] [GSL - Trace]: [32mEntering StopAndMeasure[0m
[gmrf_wind_mapping_node-2] --> MAP did not converge after 1 iterations.
[gmrf_wind_mapping_node-2] [GMRF] MAP Mean value estimated in 9.72123 milliseconds
[gmrf_wind_mapping_node-2] --> MAP did not converge after 1 iterations.
[gmrf_wind_mapping_node-2] [GMRF] MAP Mean value estimated in 9.72448 milliseconds
[gmrf_wind_mapping_node-2] --> MAP did not converge after 1 iterations.
[gmrf_wind_mapping_node-2] [GMRF] MAP Mean value estimated in 9.72465 milliseconds
[gmrf_wind_mapping_node-2] --> MAP did not converge after 1 iterations.
[gmrf_wind_mapping_node-2] [GMRF] MAP Mean value estimated in 9.72727 milliseconds
[gmrf_wind_mapping_node-2] --> MAP did not converge after 1 iterations.
[gmrf_wind_mapping_node-2] [GMRF] MAP Mean value estimated in 9.72621 milliseconds
[gmrf_wind_mapping_node-2] --> MAP did not converge after 1 iterations.
[gmrf_wind_mapping_node-2] [GMRF] MAP Mean value estimated in 9.72699 milliseconds
[gmrf_wind_mapping_node-2] --> MAP did not converge after 1 iterations.
[gmrf_wind_mapping_node-2] [GMRF] MAP Mean value estimated in 9.72532 milliseconds
[gmrf_wind_mapping_node-2] --> MAP did not converge after 1 iterations.
[gmrf_wind_mapping_node-2] [GMRF] MAP Mean value estimated in 9.72794 milliseconds
[gmrf_wind_mapping_node-2] --> MAP did not converge after 1 iterations.
[gmrf_wind_mapping_node-2] [GMRF] MAP Mean value estimated in 9.72688 milliseconds
[gmrf_wind_mapping_node-2] --> MAP did not converge after 1 iterations.
[gmrf_wind_mapping_node-2] [GMRF] MAP Mean value estimated in 9.73011 milliseconds
[gmrf_wind_mapping_node-2] --> MAP did not converge after 1 iterations.
[gmrf_wind_mapping_node-2] [GMRF] MAP Mean value estimated in 9.72966 milliseconds
[gmrf_wind_mapping_node-2] --> MAP did not converge after 1 iterations.
[gmrf_wind_mapping_node-2] [GMRF] MAP Mean value estimated in 9.73044 milliseconds
[gmrf_wind_mapping_node-2] --> MAP did not converge after 1 iterations.
[gmrf_wind_mapping_node-2] [GMRF] MAP Mean value estimated in 9.72999 milliseconds
[gmrf_wind_mapping_node-2] --> MAP did not converge after 1 iterations.
[gmrf_wind_mapping_node-2] [GMRF] MAP Mean value estimated in 9.72833 milliseconds
[gmrf_wind_mapping_node-2] --> MAP did not converge after 1 iterations.
[gmrf_wind_mapping_node-2] [GMRF] MAP Mean value estimated in 9.7291 milliseconds
[gmrf_wind_mapping_node-2] --> MAP did not converge after 1 iterations.
[gmrf_wind_mapping_node-2] [GMRF] MAP Mean value estimated in 9.72744 milliseconds
[gmrf_wind_mapping_node-2] --> MAP did not converge after 1 iterations.
[gmrf_wind_mapping_node-2] [GMRF] MAP Mean value estimated in 9.72578 milliseconds
[gmrf_wind_mapping_node-2] --> MAP did not converge after 1 iterations.
[gmrf_wind_mapping_node-2] [GMRF] MAP Mean value estimated in 9.72412 milliseconds
[gmrf_wind_mapping_node-2] --> MAP did not converge after 1 iterations.
[gmrf_wind_mapping_node-2] [GMRF] MAP Mean value estimated in 9.72611 milliseconds
[gmrf_wind_mapping_node-2] --> MAP did not converge after 1 iterations.
[gmrf_wind_mapping_node-2] [GMRF] MAP Mean value estimated in 9.72871 milliseconds
[gmrf_wind_mapping_node-2] --> MAP did not converge after 1 iterations.
[gmrf_wind_mapping_node-2] [GMRF] MAP Mean value estimated in 9.72948 milliseconds
[gsl_actionserver_node-3] [INFO] [1788884034.200246592] [GSL]: 10 gas measurements, 10 wind measurements over 2.04 seconds
[gsl_actionserver_node-3] [INFO] [1788884034.200377860] [GSL]: avg_gas=0.87;  avg_windSpeed=0.049;  avg_wind_dir=-0.29
[gsl_actionserver_node-3] [INFO] [1788884034.201492594] [GSL]: [33mGAS HIT[0m
[gsl_actionserver_node-3] [INFO] [1788884034.201509994] [GSL]: [DEBUG-WIND] useGroundTruth=false gmrf_req_size=631 gaden_req_size=-1
[gsl_actionserver_node-3] [INFO] [1788884034.201523301] [GSL]: [DEBUG-WIND] Taking GMRF path
[gsl_actionserver_node-3] [INFO] [1788884034.264503604] [GSL - Trace]: [32mEntering StopAndMeasure[0m
[gmrf_wind_mapping_node-2] --> MAP did not converge after 1 iterations.
[gmrf_wind_mapping_node-2] [GMRF] MAP Mean value estimated in 9.73329 milliseconds
[gmrf_wind_mapping_node-2] --> MAP did not converge after 1 iterations.
[gmrf_wind_mapping_node-2] [GMRF] MAP Mean value estimated in 9.73345 milliseconds
[gmrf_wind_mapping_node-2] --> MAP did not converge after 1 iterations.
[gmrf_wind_mapping_node-2] [GMRF] MAP Mean value estimated in 9.73301 milliseconds
[gmrf_wind_mapping_node-2] --> MAP did not converge after 1 iterations.
[gmrf_wind_mapping_node-2] [GMRF] MAP Mean value estimated in 9.73196 milliseconds
[gmrf_wind_mapping_node-2] --> MAP did not converge after 1 iterations.
[gmrf_wind_mapping_node-2] [GMRF] MAP Mean value estimated in 9.7303 milliseconds
[gmrf_wind_mapping_node-2] --> MAP did not converge after 1 iterations.
[gmrf_wind_mapping_node-2] [GMRF] MAP Mean value estimated in 9.72986 milliseconds
[gmrf_wind_mapping_node-2] --> MAP did not converge after 1 iterations.
[gmrf_wind_mapping_node-2] [GMRF] MAP Mean value estimated in 9.73123 milliseconds
[gmrf_wind_mapping_node-2] --> MAP did not converge after 1 iterations.
[gmrf_wind_mapping_node-2] [GMRF] MAP Mean value estimated in 9.73261 milliseconds
[gmrf_wind_mapping_node-2] --> MAP did not converge after 1 iterations.
[gmrf_wind_mapping_node-2] [GMRF] MAP Mean value estimated in 9.73156 milliseconds
[gmrf_wind_mapping_node-2] --> MAP did not converge after 1 iterations.
[gmrf_wind_mapping_node-2] [GMRF] MAP Mean value estimated in 9.72991 milliseconds
[gmrf_wind_mapping_node-2] --> MAP did not converge after 1 iterations.
[gmrf_wind_mapping_node-2] [GMRF] MAP Mean value estimated in 9.7337 milliseconds
[gmrf_wind_mapping_node-2] --> MAP did not converge after 1 iterations.
[gmrf_wind_mapping_node-2] [GMRF] MAP Mean value estimated in 9.73567 milliseconds
[gmrf_wind_mapping_node-2] --> MAP did not converge after 1 iterations.
[gmrf_wind_mapping_node-2] [GMRF] MAP Mean value estimated in 9.73764 milliseconds
[gmrf_wind_mapping_node-2] --> MAP did not converge after 1 iterations.
[gmrf_wind_mapping_node-2] [GMRF] MAP Mean value estimated in 9.73599 milliseconds
[gmrf_wind_mapping_node-2] --> MAP did not converge after 1 iterations.
[gmrf_wind_mapping_node-2] [GMRF] MAP Mean value estimated in 9.73434 milliseconds
[gmrf_wind_mapping_node-2] --> MAP did not converge after 1 iterations.
[gmrf_wind_mapping_node-2] [GMRF] MAP Mean value estimated in 9.7339 milliseconds
[gmrf_wind_mapping_node-2] --> MAP did not converge after 1 iterations.
[gmrf_wind_mapping_node-2] [GMRF] MAP Mean value estimated in 9.73466 milliseconds
[gmrf_wind_mapping_node-2] --> MAP did not converge after 1 iterations.
[gmrf_wind_mapping_node-2] [GMRF] MAP Mean value estimated in 9.73361 milliseconds
[gmrf_wind_mapping_node-2] --> MAP did not converge after 1 iterations.
[gmrf_wind_mapping_node-2] [GMRF] MAP Mean value estimated in 9.73678 milliseconds
[gmrf_wind_mapping_node-2] --> MAP did not converge after 1 iterations.
[gmrf_wind_mapping_node-2] [GMRF] MAP Mean value estimated in 9.73514 milliseconds
[gsl_actionserver_node-3] [INFO] [1788884036.200119815] [GSL]: 10 gas measurements, 10 wind measurements over 1.94 seconds
[gsl_actionserver_node-3] [INFO] [1788884036.200207203] [GSL]: avg_gas=0.86;  avg_windSpeed=0.042;  avg_wind_dir=-0.51
[gsl_actionserver_node-3] [INFO] [1788884036.201792856] [GSL]: [33mGAS HIT[0m
[gsl_actionserver_node-3] [INFO] [1788884036.201860091] [GSL]: [DEBUG-WIND] useGroundTruth=false gmrf_req_size=631 gaden_req_size=-1
[gsl_actionserver_node-3] [INFO] [1788884036.201872619] [GSL]: [DEBUG-WIND] Taking GMRF path
[gsl_actionserver_node-3] [INFO] [1788884036.264025532] [GSL]: [33mStarted simulations. Might take a while![0m
[gmrf_wind_mapping_node-2] --> MAP did not converge after 1 iterations.
[gmrf_wind_mapping_node-2] [GMRF] MAP Mean value estimated in 9.73589 milliseconds
[gmrf_wind_mapping_node-2] --> MAP did not converge after 1 iterations.
[gmrf_wind_mapping_node-2] [GMRF] MAP Mean value estimated in 9.73485 milliseconds
[gsl_actionserver_node-3] [INFO] [1788884036.395051519] [GSL - Trace]: [32mFirst simulation level done[0m
[gsl_actionserver_node-3] [INFO] [1788884036.395528133] [GSL]: [RC2-DIAG] scores_size=62 refineFraction=0.25 refine_product=15.5 valid_first_level=62 sum_sourceProbInternal_before_norm=8.396604312063566e-08 min_sourceProbInternal_before_norm=0 max_sourceProbInternal_before_norm=4.178916480218997e-09 finite_sourceProbInternal=1053 finite_varianceOfHitProb=1053
[gmrf_wind_mapping_node-2] --> MAP did not converge after 1 iterations.
[gmrf_wind_mapping_node-2] [GMRF] MAP Mean value estimated in 9.73621 milliseconds
[gsl_actionserver_node-3] [INFO] [1788884036.487236720] [GSL - Trace]: [32mSimulation level 2 done[0m
[gsl_actionserver_node-3] [INFO] [1788884036.568162678] [GSL - Trace]: [32mSimulation level 3 done[0m
[gmrf_wind_mapping_node-2] --> MAP did not converge after 1 iterations.
[gmrf_wind_mapping_node-2] [GMRF] MAP Mean value estimated in 9.73877 milliseconds
[gsl_actionserver_node-3] [INFO] [1788884036.589832151] [GSL - Trace]: [32mSimulation level 4 done[0m
[gsl_actionserver_node-3] [INFO] [1788884036.590614315] [GSL - Trace]: [32mSimulation level 5 done[0m
[gsl_actionserver_node-3] [INFO] [1788884036.591328181] [GSL]: Number of levels in the simulation: 5
[gsl_actionserver_node-3] [INFO] [1788884036.591351057] [GSL]: Total number of simulations: 168
[gsl_actionserver_node-3] [INFO] [1788884036.591373376] [GSL]: [RC2-DIAG] normalized_finite_count=1053 normalized_sum=1
[gsl_actionserver_node-3] [INFO] [1788884036.591381440] [GSL]: Time ellapsed in simulation = 0.32728339900000003 s
[gsl_actionserver_node-3] [INFO] [1788884036.594593493] [GSL]: Max mutual info: 2.525
[gsl_actionserver_node-3] [INFO] [1788884036.594704332] [GSL]: MutualInformation - Ellapsed: 0.003s
[vgr_sim_node-1] [WARN] [1788884036.597370290] [vgr_uav_sim]: PLAN_CB: called with goal=(-3.74,1.70)
[vgr_sim_node-1] [WARN] [1788884036.605676456] [vgr_uav_sim]: PLAN_CB: returning 18 poses
[vgr_sim_node-1] [WARN] [1788884036.614348224] [vgr_uav_sim]: PLAN_CB: called with goal=(-3.74,1.70)
[vgr_sim_node-1] [WARN] [1788884036.618565604] [vgr_uav_sim]: PLAN_CB: returning 18 poses
[gsl_actionserver_node-3] [INFO] [1788884036.624820093] [GSL]: Sending goal (-3.74, 1.70)
[gsl_actionserver_node-3] [INFO] [1788884036.625327719] [GSL]: Variance: 0.16
[gsl_actionserver_node-3] [INFO] [1788884036.625348247] [GSL - Trace]: [32mEntering Moving[0m
[vgr_sim_node-1] [INFO] [1788884036.629281284] [vgr_uav_sim]: Prepared 18 collision-free navigation waypoints to (-3.74, 1.70)
[vgr_sim_node-1] [INFO] [1788884036.630311924] [vgr_uav_sim]: UAV navigating in audited 2-D mode to (-3.74, 1.70, 0.30)
[gmrf_wind_mapping_node-2] --> MAP did not converge after 1 iterations.
[gmrf_wind_mapping_node-2] [GMRF] MAP Mean value estimated in 9.74192 milliseconds
[gmrf_wind_mapping_node-2] --> MAP did not converge after 1 iterations.
[gmrf_wind_mapping_node-2] [GMRF] MAP Mean value estimated in 9.74327 milliseconds
[gmrf_wind_mapping_node-2] --> MAP did not converge after 1 iterations.
[gmrf_wind_mapping_node-2] [GMRF] MAP Mean value estimated in 9.74402 milliseconds
[gmrf_wind_mapping_node-2] --> MAP did not converge after 1 iterations.
[gmrf_wind_mapping_node-2] [GMRF] MAP Mean value estimated in 9.74298 milliseconds
[gmrf_wind_mapping_node-2] --> MAP did not converge after 1 iterations.
[gmrf_wind_mapping_node-2] [GMRF] MAP Mean value estimated in 9.74671 milliseconds
[gmrf_wind_mapping_node-2] --> MAP did not converge after 1 iterations.
[gmrf_wind_mapping_node-2] [GMRF] MAP Mean value estimated in 9.74507 milliseconds
[gmrf_wind_mapping_node-2] --> MAP did not converge after 1 iterations.
[gmrf_wind_mapping_node-2] [GMRF] MAP Mean value estimated in 9.74463 milliseconds
[gmrf_wind_mapping_node-2] --> MAP did not converge after 1 iterations.
[gmrf_wind_mapping_node-2] [GMRF] MAP Mean value estimated in 9.74299 milliseconds
[gmrf_wind_mapping_node-2] --> MAP did not converge after 1 iterations.
[gmrf_wind_mapping_node-2] [GMRF] MAP Mean value estimated in 9.74255 milliseconds
[gmrf_wind_mapping_node-2] --> MAP did not converge after 1 iterations.
[gmrf_wind_mapping_node-2] [GMRF] MAP Mean value estimated in 9.74211 milliseconds
[gmrf_wind_mapping_node-2] --> MAP did not converge after 1 iterations.
[gmrf_wind_mapping_node-2] [GMRF] MAP Mean value estimated in 9.74405 milliseconds
[gmrf_wind_mapping_node-2] --> MAP did not converge after 1 iterations.
[gmrf_wind_mapping_node-2] [GMRF] MAP Mean value estimated in 9.74301 milliseconds
[gmrf_wind_mapping_node-2] --> MAP did not converge after 1 iterations.
[gmrf_wind_mapping_node-2] [GMRF] MAP Mean value estimated in 9.74138 milliseconds
[gmrf_wind_mapping_node-2] --> MAP did not converge after 1 iterations.
[gmrf_wind_mapping_node-2] [GMRF] MAP Mean value estimated in 9.73975 milliseconds
[gmrf_wind_mapping_node-2] --> MAP did not converge after 1 iterations.
[gmrf_wind_mapping_node-2] [GMRF] MAP Mean value estimated in 9.73872 milliseconds
[gmrf_wind_mapping_node-2] --> MAP did not converge after 1 iterations.
[gmrf_wind_mapping_node-2] [GMRF] MAP Mean value estimated in 9.73709 milliseconds
[gmrf_wind_mapping_node-2] --> MAP did not converge after 1 iterations.
[gmrf_wind_mapping_node-2] [GMRF] MAP Mean value estimated in 9.73547 milliseconds
[gmrf_wind_mapping_node-2] --> MAP did not converge after 1 iterations.
[gmrf_wind_mapping_node-2] [GMRF] MAP Mean value estimated in 9.73385 milliseconds
[gmrf_wind_mapping_node-2] --> MAP did not converge after 1 iterations.
[gmrf_wind_mapping_node-2] [GMRF] MAP Mean value estimated in 9.73223 milliseconds
[gmrf_wind_mapping_node-2] --> MAP did not converge after 1 iterations.
[gmrf_wind_mapping_node-2] [GMRF] MAP Mean value estimated in 9.7312 milliseconds
[gmrf_wind_mapping_node-2] --> MAP did not converge after 1 iterations.
[gmrf_wind_mapping_node-2] [GMRF] MAP Mean value estimated in 9.72959 milliseconds
[gmrf_wind_mapping_node-2] --> MAP did not converge after 1 iterations.
[gmrf_wind_mapping_node-2] [GMRF] MAP Mean value estimated in 9.72856 milliseconds
[gmrf_wind_mapping_node-2] --> MAP did not converge after 1 iterations.
[gmrf_wind_mapping_node-2] [GMRF] MAP Mean value estimated in 9.72695 milliseconds
[gmrf_wind_mapping_node-2] --> MAP did not converge after 1 iterations.
[gmrf_wind_mapping_node-2] [GMRF] MAP Mean value estimated in 9.72534 milliseconds
[gmrf_wind_mapping_node-2] --> MAP did not converge after 1 iterations.
[gmrf_wind_mapping_node-2] [GMRF] MAP Mean value estimated in 9.72373 milliseconds
[gmrf_wind_mapping_node-2] --> MAP did not converge after 1 iterations.
[gmrf_wind_mapping_node-2] [GMRF] MAP Mean value estimated in 9.72212 milliseconds
[gmrf_wind_mapping_node-2] --> MAP did not converge after 1 iterations.
[gmrf_wind_mapping_node-2] [GMRF] MAP Mean value estimated in 9.72052 milliseconds
[gmrf_wind_mapping_node-2] --> MAP did not converge after 1 iterations.
[gmrf_wind_mapping_node-2] [GMRF] MAP Mean value estimated in 9.71892 milliseconds
[gmrf_wind_mapping_node-2] --> MAP did not converge after 1 iterations.
[gmrf_wind_mapping_node-2] [GMRF] MAP Mean value estimated in 9.7179 milliseconds
[gmrf_wind_mapping_node-2] --> MAP did not converge after 1 iterations.
[gmrf_wind_mapping_node-2] [GMRF] MAP Mean value estimated in 9.7163 milliseconds
[gmrf_wind_mapping_node-2] --> MAP did not converge after 1 iterations.
[gmrf_wind_mapping_node-2] [GMRF] MAP Mean value estimated in 9.71471 milliseconds
[gmrf_wind_mapping_node-2] --> MAP did not converge after 1 iterations.
[gmrf_wind_mapping_node-2] [GMRF] MAP Mean value estimated in 9.71311 milliseconds
[gmrf_wind_mapping_node-2] --> MAP did not converge after 1 iterations.
[gmrf_wind_mapping_node-2] [GMRF] MAP Mean value estimated in 9.7121 milliseconds
[gmrf_wind_mapping_node-2] --> MAP did not converge after 1 iterations.
[gmrf_wind_mapping_node-2] [GMRF] MAP Mean value estimated in 9.71051 milliseconds
[gmrf_wind_mapping_node-2] --> MAP did not converge after 1 iterations.
[gmrf_wind_mapping_node-2] [GMRF] MAP Mean value estimated in 9.71009 milliseconds
[gmrf_wind_mapping_node-2] --> MAP did not converge after 1 iterations.
[gmrf_wind_mapping_node-2] [GMRF] MAP Mean value estimated in 9.7085 milliseconds
[gmrf_wind_mapping_node-2] --> MAP did not converge after 1 iterations.
[gmrf_wind_mapping_node-2] [GMRF] MAP Mean value estimated in 9.70692 milliseconds
[gmrf_wind_mapping_node-2] --> MAP did not converge after 1 iterations.
[gmrf_wind_mapping_node-2] [GMRF] MAP Mean value estimated in 9.70533 milliseconds
[gsl_actionserver_node-3] [INFO] [1788884040.372483817] [GSL - Trace]: [32mEntering StopAndMeasure[0m
[gmrf_wind_mapping_node-2] --> MAP did not converge after 1 iterations.
[gmrf_wind_mapping_node-2] [GMRF] MAP Mean value estimated in 9.70375 milliseconds
[gmrf_wind_mapping_node-2] --> MAP did not converge after 1 iterations.
[gmrf_wind_mapping_node-2] [GMRF] MAP Mean value estimated in 9.70275 milliseconds
[gmrf_wind_mapping_node-2] --> MAP did not converge after 1 iterations.
[gmrf_wind_mapping_node-2] [GMRF] MAP Mean value estimated in 9.70117 milliseconds
[gmrf_wind_mapping_node-2] --> MAP did not converge after 1 iterations.
[gmrf_wind_mapping_node-2] [GMRF] MAP Mean value estimated in 9.69959 milliseconds
[gmrf_wind_mapping_node-2] --> MAP did not converge after 1 iterations.
[gmrf_wind_mapping_node-2] [GMRF] MAP Mean value estimated in 9.69801 milliseconds
[gmrf_wind_mapping_node-2] --> MAP did not converge after 1 iterations.
[gmrf_wind_mapping_node-2] [GMRF] MAP Mean value estimated in 9.69702 milliseconds
[gmrf_wind_mapping_node-2] --> MAP did not converge after 1 iterations.
[gmrf_wind_mapping_node-2] [GMRF] MAP Mean value estimated in 9.69545 milliseconds
[gmrf_wind_mapping_node-2] --> MAP did not converge after 1 iterations.
[gmrf_wind_mapping_node-2] [GMRF] MAP Mean value estimated in 9.69388 milliseconds
[gmrf_wind_mapping_node-2] --> MAP did not converge after 1 iterations.
[gmrf_wind_mapping_node-2] [GMRF] MAP Mean value estimated in 9.69289 milliseconds
[gmrf_wind_mapping_node-2] --> MAP did not converge after 1 iterations.
[gmrf_wind_mapping_node-2] [GMRF] MAP Mean value estimated in 9.69132 milliseconds
[gmrf_wind_mapping_node-2] --> MAP did not converge after 1 iterations.
[gmrf_wind_mapping_node-2] [GMRF] MAP Mean value estimated in 9.69034 milliseconds
[gmrf_wind_mapping_node-2] --> MAP did not converge after 1 iterations.
[gmrf_wind_mapping_node-2] [GMRF] MAP Mean value estimated in 9.68877 milliseconds
[gmrf_wind_mapping_node-2] --> MAP did not converge after 1 iterations.
[gmrf_wind_mapping_node-2] [GMRF] MAP Mean value estimated in 9.68721 milliseconds
[gmrf_wind_mapping_node-2] --> MAP did not converge after 1 iterations.
[gmrf_wind_mapping_node-2] [GMRF] MAP Mean value estimated in 9.68565 milliseconds
[gmrf_wind_mapping_node-2] --> MAP did not converge after 1 iterations.
[gmrf_wind_mapping_node-2] [GMRF] MAP Mean value estimated in 9.68409 milliseconds
[gmrf_wind_mapping_node-2] --> MAP did not converge after 1 iterations.
[gmrf_wind_mapping_node-2] [GMRF] MAP Mean value estimated in 9.68253 milliseconds
[gmrf_wind_mapping_node-2] --> MAP did not converge after 1 iterations.
[gmrf_wind_mapping_node-2] [GMRF] MAP Mean value estimated in 9.68097 milliseconds
[gmrf_wind_mapping_node-2] --> MAP did not converge after 1 iterations.
[gmrf_wind_mapping_node-2] [GMRF] MAP Mean value estimated in 9.68 milliseconds
[gmrf_wind_mapping_node-2] --> MAP did not converge after 1 iterations.
[gmrf_wind_mapping_node-2] [GMRF] MAP Mean value estimated in 9.67903 milliseconds
[gmrf_wind_mapping_node-2] --> MAP did not converge after 1 iterations.
[gmrf_wind_mapping_node-2] [GMRF] MAP Mean value estimated in 9.67748 milliseconds
[gsl_actionserver_node-3] [INFO] [1788884042.376453578] [GSL]: 10 gas measurements, 10 wind measurements over 2.00 seconds
[gsl_actionserver_node-3] [INFO] [1788884042.376518410] [GSL]: avg_gas=0.22;  avg_windSpeed=0.072;  avg_wind_dir=-0.25
[gsl_actionserver_node-3] [INFO] [1788884042.377096930] [GSL]: [33mGAS HIT[0m
[gsl_actionserver_node-3] [INFO] [1788884042.377107304] [GSL]: [DEBUG-WIND] useGroundTruth=false gmrf_req_size=631 gaden_req_size=-1
[gsl_actionserver_node-3] [INFO] [1788884042.377442994] [GSL]: [DEBUG-WIND] Taking GMRF path
[gsl_actionserver_node-3] [INFO] [1788884042.464104678] [GSL - Trace]: [32mEntering StopAndMeasure[0m
[gmrf_wind_mapping_node-2] --> MAP did not converge after 1 iterations.
[gmrf_wind_mapping_node-2] [GMRF] MAP Mean value estimated in 9.67593 milliseconds
[gmrf_wind_mapping_node-2] --> MAP did not converge after 1 iterations.
[gmrf_wind_mapping_node-2] [GMRF] MAP Mean value estimated in 9.67496 milliseconds
[gmrf_wind_mapping_node-2] --> MAP did not converge after 1 iterations.
[gmrf_wind_mapping_node-2] [GMRF] MAP Mean value estimated in 9.67399 milliseconds
[gmrf_wind_mapping_node-2] --> MAP did not converge after 1 iterations.
[gmrf_wind_mapping_node-2] [GMRF] MAP Mean value estimated in 9.67244 milliseconds
[gmrf_wind_mapping_node-2] --> MAP did not converge after 1 iterations.
[gmrf_wind_mapping_node-2] [GMRF] MAP Mean value estimated in 9.6709 milliseconds
[gmrf_wind_mapping_node-2] --> MAP did not converge after 1 iterations.
[gmrf_wind_mapping_node-2] [GMRF] MAP Mean value estimated in 9.66994 milliseconds
[gmrf_wind_mapping_node-2] --> MAP did not converge after 1 iterations.
[gmrf_wind_mapping_node-2] [GMRF] MAP Mean value estimated in 9.66955 milliseconds
[gmrf_wind_mapping_node-2] --> MAP did not converge after 1 iterations.
[gmrf_wind_mapping_node-2] [GMRF] MAP Mean value estimated in 9.66801 milliseconds
[gmrf_wind_mapping_node-2] --> MAP did not converge after 1 iterations.
[gmrf_wind_mapping_node-2] [GMRF] MAP Mean value estimated in 9.66647 milliseconds
[gmrf_wind_mapping_node-2] --> MAP did not converge after 1 iterations.
[gmrf_wind_mapping_node-2] [GMRF] MAP Mean value estimated in 9.66552 milliseconds
[gmrf_wind_mapping_node-2] --> MAP did not converge after 1 iterations.
[gmrf_wind_mapping_node-2] [GMRF] MAP Mean value estimated in 9.66398 milliseconds
[gmrf_wind_mapping_node-2] --> MAP did not converge after 1 iterations.
[gmrf_wind_mapping_node-2] [GMRF] MAP Mean value estimated in 9.66245 milliseconds
[gmrf_wind_mapping_node-2] --> MAP did not converge after 1 iterations.
[gmrf_wind_mapping_node-2] [GMRF] MAP Mean value estimated in 9.66092 milliseconds
[gmrf_wind_mapping_node-2] --> MAP did not converge after 1 iterations.
[gmrf_wind_mapping_node-2] [GMRF] MAP Mean value estimated in 9.66054 milliseconds
[gmrf_wind_mapping_node-2] --> MAP did not converge after 1 iterations.
[gmrf_wind_mapping_node-2] [GMRF] MAP Mean value estimated in 9.65959 milliseconds
[gmrf_wind_mapping_node-2] --> MAP did not converge after 1 iterations.
[gmrf_wind_mapping_node-2] [GMRF] MAP Mean value estimated in 9.65806 milliseconds
[gmrf_wind_mapping_node-2] --> MAP did not converge after 1 iterations.
[gmrf_wind_mapping_node-2] [GMRF] MAP Mean value estimated in 9.65654 milliseconds
[gmrf_wind_mapping_node-2] --> MAP did not converge after 1 iterations.
[gmrf_wind_mapping_node-2] [GMRF] MAP Mean value estimated in 9.65501 milliseconds
[gmrf_wind_mapping_node-2] --> MAP did not converge after 1 iterations.
[gmrf_wind_mapping_node-2] [GMRF] MAP Mean value estimated in 9.65349 milliseconds
[gmrf_wind_mapping_node-2] --> MAP did not converge after 1 iterations.
[gmrf_wind_mapping_node-2] [GMRF] MAP Mean value estimated in 9.65255 milliseconds
[gsl_actionserver_node-3] [INFO] [1788884044.376459765] [GSL]: 10 gas measurements, 10 wind measurements over 1.91 seconds
[gsl_actionserver_node-3] [INFO] [1788884044.376521356] [GSL]: avg_gas=0.041;  avg_windSpeed=0.065;  avg_wind_dir=-0.3
[gsl_actionserver_node-3] [INFO] [1788884044.377123121] [GSL]: [33mNOTHING [0m
[gsl_actionserver_node-3] [INFO] [1788884044.377133741] [GSL]: [DEBUG-WIND] useGroundTruth=false gmrf_req_size=631 gaden_req_size=-1
[gsl_actionserver_node-3] [INFO] [1788884044.377140487] [GSL]: [DEBUG-WIND] Taking GMRF path
[gsl_actionserver_node-3] [INFO] [1788884044.464252248] [GSL - Trace]: [32mEntering StopAndMeasure[0m
[gmrf_wind_mapping_node-2] --> MAP did not converge after 1 iterations.
[gmrf_wind_mapping_node-2] [GMRF] MAP Mean value estimated in 9.65103 milliseconds
[gmrf_wind_mapping_node-2] --> MAP did not converge after 1 iterations.
[gmrf_wind_mapping_node-2] [GMRF] MAP Mean value estimated in 9.64951 milliseconds
[gmrf_wind_mapping_node-2] --> MAP did not converge after 1 iterations.
[gmrf_wind_mapping_node-2] [GMRF] MAP Mean value estimated in 9.648 milliseconds
[gmrf_wind_mapping_node-2] --> MAP did not converge after 1 iterations.
[gmrf_wind_mapping_node-2] [GMRF] MAP Mean value estimated in 9.64649 milliseconds
[gmrf_wind_mapping_node-2] --> MAP did not converge after 1 iterations.
[gmrf_wind_mapping_node-2] [GMRF] MAP Mean value estimated in 9.64498 milliseconds
[gmrf_wind_mapping_node-2] --> MAP did not converge after 1 iterations.
[gmrf_wind_mapping_node-2] [GMRF] MAP Mean value estimated in 9.64404 milliseconds
[gmrf_wind_mapping_node-2] --> MAP did not converge after 1 iterations.
[gmrf_wind_mapping_node-2] [GMRF] MAP Mean value estimated in 9.64595 milliseconds
[gmrf_wind_mapping_node-2] --> MAP did not converge after 1 iterations.
[gmrf_wind_mapping_node-2] [GMRF] MAP Mean value estimated in 9.64444 milliseconds
[gmrf_wind_mapping_node-2] --> MAP did not converge after 1 iterations.
[gmrf_wind_mapping_node-2] [GMRF] MAP Mean value estimated in 9.64636 milliseconds
[gmrf_wind_mapping_node-2] --> MAP did not converge after 1 iterations.
[gmrf_wind_mapping_node-2] [GMRF] MAP Mean value estimated in 9.64656 milliseconds
[gmrf_wind_mapping_node-2] --> MAP did not converge after 1 iterations.
[gmrf_wind_mapping_node-2] [GMRF] MAP Mean value estimated in 9.64846 milliseconds
[gmrf_wind_mapping_node-2] --> MAP did not converge after 1 iterations.
[gmrf_wind_mapping_node-2] [GMRF] MAP Mean value estimated in 9.64753 milliseconds
[gmrf_wind_mapping_node-2] --> MAP did not converge after 1 iterations.
[gmrf_wind_mapping_node-2] [GMRF] MAP Mean value estimated in 9.64943 milliseconds
[gmrf_wind_mapping_node-2] --> MAP did not converge after 1 iterations.
[gmrf_wind_mapping_node-2] [GMRF] MAP Mean value estimated in 9.64906 milliseconds
[gmrf_wind_mapping_node-2] --> MAP did not converge after 1 iterations.
[gmrf_wind_mapping_node-2] [GMRF] MAP Mean value estimated in 9.64926 milliseconds
[gmrf_wind_mapping_node-2] --> MAP did not converge after 1 iterations.
[gmrf_wind_mapping_node-2] [GMRF] MAP Mean value estimated in 9.64776 milliseconds
[gmrf_wind_mapping_node-2] --> MAP did not converge after 1 iterations.
[gmrf_wind_mapping_node-2] [GMRF] MAP Mean value estimated in 9.65136 milliseconds
[gmrf_wind_mapping_node-2] --> MAP did not converge after 1 iterations.
[gmrf_wind_mapping_node-2] [GMRF] MAP Mean value estimated in 9.65042 milliseconds
[gmrf_wind_mapping_node-2] --> MAP did not converge after 1 iterations.
[gmrf_wind_mapping_node-2] [GMRF] MAP Mean value estimated in 9.65402 milliseconds
[gmrf_wind_mapping_node-2] --> MAP did not converge after 1 iterations.
[gmrf_wind_mapping_node-2] [GMRF] MAP Mean value estimated in 9.65308 milliseconds
[gsl_actionserver_node-3] [INFO] [1788884046.376617160] [GSL]: 10 gas measurements, 10 wind measurements over 1.91 seconds
[gsl_actionserver_node-3] [INFO] [1788884046.376677841] [GSL]: avg_gas=0.0078;  avg_windSpeed=0.072;  avg_wind_dir=-0.25
[gsl_actionserver_node-3] [INFO] [1788884046.377245708] [GSL]: [33mNOTHING [0m
[gsl_actionserver_node-3] [INFO] [1788884046.377254966] [GSL]: [DEBUG-WIND] useGroundTruth=false gmrf_req_size=631 gaden_req_size=-1
[gsl_actionserver_node-3] [INFO] [1788884046.377532139] [GSL]: [DEBUG-WIND] Taking GMRF path
[gsl_actionserver_node-3] [INFO] [1788884046.464025726] [GSL - Trace]: [32mEntering StopAndMeasure[0m
[gmrf_wind_mapping_node-2] --> MAP did not converge after 1 iterations.
[gmrf_wind_mapping_node-2] [GMRF] MAP Mean value estimated in 9.65158 milliseconds
[gmrf_wind_mapping_node-2] --> MAP did not converge after 1 iterations.
[gmrf_wind_mapping_node-2] [GMRF] MAP Mean value estimated in 9.65008 milliseconds
[gmrf_wind_mapping_node-2] --> MAP did not converge after 1 iterations.
[gmrf_wind_mapping_node-2] [GMRF] MAP Mean value estimated in 9.64859 milliseconds
[gmrf_wind_mapping_node-2] --> MAP did not converge after 1 iterations.
[gmrf_wind_mapping_node-2] [GMRF] MAP Mean value estimated in 9.64709 milliseconds
[gmrf_wind_mapping_node-2] --> MAP did not converge after 1 iterations.
[gmrf_wind_mapping_node-2] [GMRF] MAP Mean value estimated in 9.6456 milliseconds
[gmrf_wind_mapping_node-2] --> MAP did not converge after 1 iterations.
[gmrf_wind_mapping_node-2] [GMRF] MAP Mean value estimated in 9.64636 milliseconds
[gmrf_wind_mapping_node-2] --> MAP did not converge after 1 iterations.
[gmrf_wind_mapping_node-2] [GMRF] MAP Mean value estimated in 9.64825 milliseconds
[gmrf_wind_mapping_node-2] --> MAP did not converge after 1 iterations.
[gmrf_wind_mapping_node-2] [GMRF] MAP Mean value estimated in 9.64732 milliseconds
[gmrf_wind_mapping_node-2] --> MAP did not converge after 1 iterations.
[gmrf_wind_mapping_node-2] [GMRF] MAP Mean value estimated in 9.64865 milliseconds
[gmrf_wind_mapping_node-2] --> MAP did not converge after 1 iterations.
[gmrf_wind_mapping_node-2] [GMRF] MAP Mean value estimated in 9.64772 milliseconds
[gmrf_wind_mapping_node-2] --> MAP did not converge after 1 iterations.
[gmrf_wind_mapping_node-2] [GMRF] MAP Mean value estimated in 9.64961 milliseconds
[gmrf_wind_mapping_node-2] --> MAP did not converge after 1 iterations.
[gmrf_wind_mapping_node-2] [GMRF] MAP Mean value estimated in 9.64868 milliseconds
[gmrf_wind_mapping_node-2] --> MAP did not converge after 1 iterations.
[gmrf_wind_mapping_node-2] [GMRF] MAP Mean value estimated in 9.64775 milliseconds
[gmrf_wind_mapping_node-2] --> MAP did not converge after 1 iterations.
[gmrf_wind_mapping_node-2] [GMRF] MAP Mean value estimated in 9.64851 milliseconds
[gmrf_wind_mapping_node-2] --> MAP did not converge after 1 iterations.
[gmrf_wind_mapping_node-2] [GMRF] MAP Mean value estimated in 9.65039 milliseconds
[gmrf_wind_mapping_node-2] --> MAP did not converge after 1 iterations.
[gmrf_wind_mapping_node-2] [GMRF] MAP Mean value estimated in 9.64891 milliseconds
[gmrf_wind_mapping_node-2] --> MAP did not converge after 1 iterations.
[gmrf_wind_mapping_node-2] [GMRF] MAP Mean value estimated in 9.65135 milliseconds
[gmrf_wind_mapping_node-2] --> MAP did not converge after 1 iterations.
[gmrf_wind_mapping_node-2] [GMRF] MAP Mean value estimated in 9.65042 milliseconds
[gmrf_wind_mapping_node-2] --> MAP did not converge after 1 iterations.
[gmrf_wind_mapping_node-2] [GMRF] MAP Mean value estimated in 9.65398 milliseconds
[gsl_actionserver_node-3] [INFO] [1788884048.376640538] [GSL]: 10 gas measurements, 10 wind measurements over 1.91 seconds
[gsl_actionserver_node-3] [INFO] [1788884048.376751929] [GSL]: avg_gas=0.0015;  avg_windSpeed=0.065;  avg_wind_dir=-0.3
[gmrf_wind_mapping_node-2] --> MAP did not converge after 1 iterations.
[gmrf_wind_mapping_node-2] [GMRF] MAP Mean value estimated in 9.65585 milliseconds
[gsl_actionserver_node-3] [INFO] [1788884048.377792490] [GSL]: [33mNOTHING [0m
[gsl_actionserver_node-3] [INFO] [1788884048.377834645] [GSL]: [DEBUG-WIND] useGroundTruth=false gmrf_req_size=631 gaden_req_size=-1
[gsl_actionserver_node-3] [INFO] [1788884048.377863095] [GSL]: [DEBUG-WIND] Taking GMRF path
[gsl_actionserver_node-3] [INFO] [1788884048.465644708] [GSL - Trace]: [32mEntering StopAndMeasure[0m
[gmrf_wind_mapping_node-2] --> MAP did not converge after 1 iterations.
[gmrf_wind_mapping_node-2] [GMRF] MAP Mean value estimated in 9.65828 milliseconds
[gmrf_wind_mapping_node-2] --> MAP did not converge after 1 iterations.
[gmrf_wind_mapping_node-2] [GMRF] MAP Mean value estimated in 9.65791 milliseconds
[gmrf_wind_mapping_node-2] --> MAP did not converge after 1 iterations.
[gmrf_wind_mapping_node-2] [GMRF] MAP Mean value estimated in 9.65698 milliseconds
[gmrf_wind_mapping_node-2] --> MAP did not converge after 1 iterations.
[gmrf_wind_mapping_node-2] [GMRF] MAP Mean value estimated in 9.65606 milliseconds
[gmrf_wind_mapping_node-2] --> MAP did not converge after 1 iterations.
[gmrf_wind_mapping_node-2] [GMRF] MAP Mean value estimated in 9.65848 milliseconds
[gmrf_wind_mapping_node-2] --> MAP did not converge after 1 iterations.
[gmrf_wind_mapping_node-2] [GMRF] MAP Mean value estimated in 9.65923 milliseconds
[gmrf_wind_mapping_node-2] --> MAP did not converge after 1 iterations.
[gmrf_wind_mapping_node-2] [GMRF] MAP Mean value estimated in 9.65998 milliseconds
[gmrf_wind_mapping_node-2] --> MAP did not converge after 1 iterations.
[gmrf_wind_mapping_node-2] [GMRF] MAP Mean value estimated in 9.65905 milliseconds
[gmrf_wind_mapping_node-2] --> MAP did not converge after 1 iterations.
[gmrf_wind_mapping_node-2] [GMRF] MAP Mean value estimated in 9.65924 milliseconds
[gmrf_wind_mapping_node-2] --> MAP did not converge after 1 iterations.
[gmrf_wind_mapping_node-2] [GMRF] MAP Mean value estimated in 9.65776 milliseconds
[gmrf_wind_mapping_node-2] --> MAP did not converge after 1 iterations.
[gmrf_wind_mapping_node-2] [GMRF] MAP Mean value estimated in 9.66018 milliseconds
[gmrf_wind_mapping_node-2] --> MAP did not converge after 1 iterations.
[gmrf_wind_mapping_node-2] [GMRF] MAP Mean value estimated in 9.65926 milliseconds
[gmrf_wind_mapping_node-2] --> MAP did not converge after 1 iterations.
[gmrf_wind_mapping_node-2] [GMRF] MAP Mean value estimated in 9.65944 milliseconds
[gmrf_wind_mapping_node-2] --> MAP did not converge after 1 iterations.
[gmrf_wind_mapping_node-2] [GMRF] MAP Mean value estimated in 9.65797 milliseconds
[gmrf_wind_mapping_node-2] --> MAP did not converge after 1 iterations.
[gmrf_wind_mapping_node-2] [GMRF] MAP Mean value estimated in 9.65705 milliseconds
[gmrf_wind_mapping_node-2] --> MAP did not converge after 1 iterations.
[gmrf_wind_mapping_node-2] [GMRF] MAP Mean value estimated in 9.65557 milliseconds
[gmrf_wind_mapping_node-2] --> MAP did not converge after 1 iterations.
[gmrf_wind_mapping_node-2] [GMRF] MAP Mean value estimated in 9.65909 milliseconds
[gmrf_wind_mapping_node-2] --> MAP did not converge after 1 iterations.
[gmrf_wind_mapping_node-2] [GMRF] MAP Mean value estimated in 9.65817 milliseconds
[gmrf_wind_mapping_node-2] --> MAP did not converge after 1 iterations.
[gmrf_wind_mapping_node-2] [GMRF] MAP Mean value estimated in 9.65891 milliseconds
[gmrf_wind_mapping_node-2] --> MAP did not converge after 1 iterations.
[gmrf_wind_mapping_node-2] [GMRF] MAP Mean value estimated in 9.6591 milliseconds
[gsl_actionserver_node-3] [INFO] [1788884050.376408377] [GSL]: 10 gas measurements, 10 wind measurements over 1.91 seconds
[gsl_actionserver_node-3] [INFO] [1788884050.376463140] [GSL]: avg_gas=0.00032;  avg_windSpeed=0.072;  avg_wind_dir=-0.25
[gsl_actionserver_node-3] [INFO] [1788884050.377032144] [GSL]: [33mNOTHING [0m
[gsl_actionserver_node-3] [INFO] [1788884050.377041781] [GSL]: [DEBUG-WIND] useGroundTruth=false gmrf_req_size=631 gaden_req_size=-1
[gsl_actionserver_node-3] [INFO] [1788884050.377299988] [GSL]: [DEBUG-WIND] Taking GMRF path
[gsl_actionserver_node-3] [INFO] [1788884050.464056934] [GSL - Trace]: [32mEntering StopAndMeasure[0m
[gmrf_wind_mapping_node-2] --> MAP did not converge after 1 iterations.
[gmrf_wind_mapping_node-2] [GMRF] MAP Mean value estimated in 9.65763 milliseconds
[gmrf_wind_mapping_node-2] --> MAP did not converge after 1 iterations.
[gmrf_wind_mapping_node-2] [GMRF] MAP Mean value estimated in 9.65672 milliseconds
[gmrf_wind_mapping_node-2] --> MAP did not converge after 1 iterations.
[gmrf_wind_mapping_node-2] [GMRF] MAP Mean value estimated in 9.65525 milliseconds
[gmrf_wind_mapping_node-2] --> MAP did not converge after 1 iterations.
[gmrf_wind_mapping_node-2] [GMRF] MAP Mean value estimated in 9.65544 milliseconds
[gmrf_wind_mapping_node-2] --> MAP did not converge after 1 iterations.
[gmrf_wind_mapping_node-2] [GMRF] MAP Mean value estimated in 9.65784 milliseconds
[gmrf_wind_mapping_node-2] --> MAP did not converge after 1 iterations.
[gmrf_wind_mapping_node-2] [GMRF] MAP Mean value estimated in 9.65747 milliseconds
[gmrf_wind_mapping_node-2] --> MAP did not converge after 1 iterations.
[gmrf_wind_mapping_node-2] [GMRF] MAP Mean value estimated in 9.65877 milliseconds
[gmrf_wind_mapping_node-2] --> MAP did not converge after 1 iterations.
[gmrf_wind_mapping_node-2] [GMRF] MAP Mean value estimated in 9.65785 milliseconds
[gmrf_wind_mapping_node-2] --> MAP did not converge after 1 iterations.
[gmrf_wind_mapping_node-2] [GMRF] MAP Mean value estimated in 9.65749 milliseconds
[gmrf_wind_mapping_node-2] --> MAP did not converge after 1 iterations.
[gmrf_wind_mapping_node-2] [GMRF] MAP Mean value estimated in 9.65713 milliseconds
[gmrf_wind_mapping_node-2] --> MAP did not converge after 1 iterations.
[gmrf_wind_mapping_node-2] [GMRF] MAP Mean value estimated in 9.65842 milliseconds
[gmrf_wind_mapping_node-2] --> MAP did not converge after 1 iterations.
[gmrf_wind_mapping_node-2] [GMRF] MAP Mean value estimated in 9.6575 milliseconds
[gmrf_wind_mapping_node-2] --> MAP did not converge after 1 iterations.
[gmrf_wind_mapping_node-2] [GMRF] MAP Mean value estimated in 9.65879 milliseconds
[gmrf_wind_mapping_node-2] --> MAP did not converge after 1 iterations.
[gmrf_wind_mapping_node-2] [GMRF] MAP Mean value estimated in 9.65788 milliseconds
[gmrf_wind_mapping_node-2] --> MAP did not converge after 1 iterations.
[gmrf_wind_mapping_node-2] [GMRF] MAP Mean value estimated in 9.65862 milliseconds
[gmrf_wind_mapping_node-2] --> MAP did not converge after 1 iterations.
[gmrf_wind_mapping_node-2] [GMRF] MAP Mean value estimated in 9.65826 milliseconds
[gmrf_wind_mapping_node-2] --> MAP did not converge after 1 iterations.
[gmrf_wind_mapping_node-2] [GMRF] MAP Mean value estimated in 9.65954 milliseconds
[gmrf_wind_mapping_node-2] --> MAP did not converge after 1 iterations.
[gmrf_wind_mapping_node-2] [GMRF] MAP Mean value estimated in 9.65863 milliseconds
[gmrf_wind_mapping_node-2] --> MAP did not converge after 1 iterations.
[gmrf_wind_mapping_node-2] [GMRF] MAP Mean value estimated in 9.66156 milliseconds
[gmrf_wind_mapping_node-2] --> MAP did not converge after 1 iterations.
[gmrf_wind_mapping_node-2] [GMRF] MAP Mean value estimated in 9.66119 milliseconds
[gsl_actionserver_node-3] [INFO] [1788884052.376429927] [GSL]: 10 gas measurements, 10 wind measurements over 1.91 seconds
[gsl_actionserver_node-3] [INFO] [1788884052.376708543] [GSL]: avg_gas=9e-05;  avg_windSpeed=0.065;  avg_wind_dir=-0.3
[gsl_actionserver_node-3] [INFO] [1788884052.377324204] [GSL]: [33mNOTHING [0m
[gsl_actionserver_node-3] [INFO] [1788884052.377335099] [GSL]: [DEBUG-WIND] useGroundTruth=false gmrf_req_size=631 gaden_req_size=-1
[gsl_actionserver_node-3] [INFO] [1788884052.377341938] [GSL]: [DEBUG-WIND] Taking GMRF path
[gsl_actionserver_node-3] [INFO] [1788884052.464482172] [GSL - Trace]: [32mEntering StopAndMeasure[0m
[gmrf_wind_mapping_node-2] --> MAP did not converge after 1 iterations.
[gmrf_wind_mapping_node-2] [GMRF] MAP Mean value estimated in 9.66357 milliseconds
[gmrf_wind_mapping_node-2] --> MAP did not converge after 1 iterations.
[gmrf_wind_mapping_node-2] [GMRF] MAP Mean value estimated in 9.66375 milliseconds
[gmrf_wind_mapping_node-2] --> MAP did not converge after 1 iterations.
[gmrf_wind_mapping_node-2] [GMRF] MAP Mean value estimated in 9.66557 milliseconds
[gmrf_wind_mapping_node-2] --> MAP did not converge after 1 iterations.
[gmrf_wind_mapping_node-2] [GMRF] MAP Mean value estimated in 9.66412 milliseconds
[gmrf_wind_mapping_node-2] --> MAP did not converge after 1 iterations.
[gmrf_wind_mapping_node-2] [GMRF] MAP Mean value estimated in 9.66321 milliseconds
[gmrf_wind_mapping_node-2] --> MAP did not converge after 1 iterations.
[gmrf_wind_mapping_node-2] [GMRF] MAP Mean value estimated in 9.6623 milliseconds
[gmrf_wind_mapping_node-2] --> MAP did not converge after 1 iterations.
[gmrf_wind_mapping_node-2] [GMRF] MAP Mean value estimated in 9.66412 milliseconds
[gmrf_wind_mapping_node-2] --> MAP did not converge after 1 iterations.
[gmrf_wind_mapping_node-2] [GMRF] MAP Mean value estimated in 9.66267 milliseconds
[gmrf_wind_mapping_node-2] --> MAP did not converge after 1 iterations.
[gmrf_wind_mapping_node-2] [GMRF] MAP Mean value estimated in 9.6634 milliseconds
[gmrf_wind_mapping_node-2] --> MAP did not converge after 1 iterations.
[gmrf_wind_mapping_node-2] [GMRF] MAP Mean value estimated in 9.66304 milliseconds
[gmrf_wind_mapping_node-2] --> MAP did not converge after 1 iterations.
[gmrf_wind_mapping_node-2] [GMRF] MAP Mean value estimated in 9.66213 milliseconds
[gmrf_wind_mapping_node-2] --> MAP did not converge after 1 iterations.
[gmrf_wind_mapping_node-2] [GMRF] MAP Mean value estimated in 9.66069 milliseconds
[gmrf_wind_mapping_node-2] --> MAP did not converge after 1 iterations.
[gmrf_wind_mapping_node-2] [GMRF] MAP Mean value estimated in 9.66196 milliseconds
[gmrf_wind_mapping_node-2] --> MAP did not converge after 1 iterations.
[gmrf_wind_mapping_node-2] [GMRF] MAP Mean value estimated in 9.66051 milliseconds
[gmrf_wind_mapping_node-2] --> MAP did not converge after 1 iterations.
[gmrf_wind_mapping_node-2] [GMRF] MAP Mean value estimated in 9.65907 milliseconds
[gmrf_wind_mapping_node-2] --> MAP did not converge after 1 iterations.
[gmrf_wind_mapping_node-2] [GMRF] MAP Mean value estimated in 9.65762 milliseconds
[gmrf_wind_mapping_node-2] --> MAP did not converge after 1 iterations.
[gmrf_wind_mapping_node-2] [GMRF] MAP Mean value estimated in 9.65618 milliseconds
[gmrf_wind_mapping_node-2] --> MAP did not converge after 1 iterations.
[gmrf_wind_mapping_node-2] [GMRF] MAP Mean value estimated in 9.65474 milliseconds
[gmrf_wind_mapping_node-2] --> MAP did not converge after 1 iterations.
[gmrf_wind_mapping_node-2] [GMRF] MAP Mean value estimated in 9.6533 milliseconds
[gmrf_wind_mapping_node-2] --> MAP did not converge after 1 iterations.
[gmrf_wind_mapping_node-2] [GMRF] MAP Mean value estimated in 9.65241 milliseconds
[gsl_actionserver_node-3] [INFO] [1788884054.376490547] [GSL]: 10 gas measurements, 10 wind measurements over 1.91 seconds
[gsl_actionserver_node-3] [INFO] [1788884054.376558443] [GSL]: avg_gas=3.9e-05;  avg_windSpeed=0.072;  avg_wind_dir=-0.25
[gsl_actionserver_node-3] [INFO] [1788884054.377163922] [GSL]: [33mNOTHING [0m
[gsl_actionserver_node-3] [INFO] [1788884054.377175771] [GSL]: [DEBUG-WIND] useGroundTruth=false gmrf_req_size=631 gaden_req_size=-1
[gsl_actionserver_node-3] [INFO] [1788884054.377689225] [GSL]: [DEBUG-WIND] Taking GMRF path
[gsl_actionserver_node-3] [INFO] [1788884054.464018416] [GSL - Trace]: [32mEntering StopAndMeasure[0m
[gmrf_wind_mapping_node-2] --> MAP did not converge after 1 iterations.
[gmrf_wind_mapping_node-2] [GMRF] MAP Mean value estimated in 9.65097 milliseconds
[gmrf_wind_mapping_node-2] --> MAP did not converge after 1 iterations.
[gmrf_wind_mapping_node-2] [GMRF] MAP Mean value estimated in 9.64954 milliseconds
[gmrf_wind_mapping_node-2] --> MAP did not converge after 1 iterations.
[gmrf_wind_mapping_node-2] [GMRF] MAP Mean value estimated in 9.64973 milliseconds
[gmrf_wind_mapping_node-2] --> MAP did not converge after 1 iterations.
[gmrf_wind_mapping_node-2] [GMRF] MAP Mean value estimated in 9.6483 milliseconds
[gmrf_wind_mapping_node-2] --> MAP did not converge after 1 iterations.
[gmrf_wind_mapping_node-2] [GMRF] MAP Mean value estimated in 9.64687 milliseconds
[gmrf_wind_mapping_node-2] --> MAP did not converge after 1 iterations.
[gmrf_wind_mapping_node-2] [GMRF] MAP Mean value estimated in 9.64598 milliseconds
[gmrf_wind_mapping_node-2] --> MAP did not converge after 1 iterations.
[gmrf_wind_mapping_node-2] [GMRF] MAP Mean value estimated in 9.64563 milliseconds
[gmrf_wind_mapping_node-2] --> MAP did not converge after 1 iterations.
[gmrf_wind_mapping_node-2] [GMRF] MAP Mean value estimated in 9.64474 milliseconds
[gmrf_wind_mapping_node-2] --> MAP did not converge after 1 iterations.
[gmrf_wind_mapping_node-2] [GMRF] MAP Mean value estimated in 9.64332 milliseconds
[gmrf_wind_mapping_node-2] --> MAP did not converge after 1 iterations.
[gmrf_wind_mapping_node-2] [GMRF] MAP Mean value estimated in 9.64243 milliseconds
[gmrf_wind_mapping_node-2] --> MAP did not converge after 1 iterations.
[gmrf_wind_mapping_node-2] [GMRF] MAP Mean value estimated in 9.64101 milliseconds
[gmrf_wind_mapping_node-2] --> MAP did not converge after 1 iterations.
[gmrf_wind_mapping_node-2] [GMRF] MAP Mean value estimated in 9.63959 milliseconds
[gmrf_wind_mapping_node-2] --> MAP did not converge after 1 iterations.
[gmrf_wind_mapping_node-2] [GMRF] MAP Mean value estimated in 9.63817 milliseconds
[gmrf_wind_mapping_node-2] --> MAP did not converge after 1 iterations.
[gmrf_wind_mapping_node-2] [GMRF] MAP Mean value estimated in 9.63675 milliseconds
[gmrf_wind_mapping_node-2] --> MAP did not converge after 1 iterations.
[gmrf_wind_mapping_node-2] [GMRF] MAP Mean value estimated in 9.63534 milliseconds
[gmrf_wind_mapping_node-2] --> MAP did not converge after 1 iterations.
[gmrf_wind_mapping_node-2] [GMRF] MAP Mean value estimated in 9.63392 milliseconds
[gmrf_wind_mapping_node-2] --> MAP did not converge after 1 iterations.
[gmrf_wind_mapping_node-2] [GMRF] MAP Mean value estimated in 9.63251 milliseconds
[gmrf_wind_mapping_node-2] --> MAP did not converge after 1 iterations.
[gmrf_wind_mapping_node-2] [GMRF] MAP Mean value estimated in 9.63164 milliseconds
[gmrf_wind_mapping_node-2] --> MAP did not converge after 1 iterations.
[gmrf_wind_mapping_node-2] [GMRF] MAP Mean value estimated in 9.63076 milliseconds
[gmrf_wind_mapping_node-2] --> MAP did not converge after 1 iterations.
[gmrf_wind_mapping_node-2] [GMRF] MAP Mean value estimated in 9.62989 milliseconds
[gsl_actionserver_node-3] [INFO] [1788884056.376406541] [GSL]: 10 gas measurements, 10 wind measurements over 1.91 seconds
[gsl_actionserver_node-3] [INFO] [1788884056.376466420] [GSL]: avg_gas=1.5e-05;  avg_windSpeed=0.065;  avg_wind_dir=-0.3
[gsl_actionserver_node-3] [INFO] [1788884056.377094308] [GSL]: [33mNOTHING [0m
[gsl_actionserver_node-3] [INFO] [1788884056.377123814] [GSL]: [DEBUG-WIND] useGroundTruth=false gmrf_req_size=631 gaden_req_size=-1
[gsl_actionserver_node-3] [INFO] [1788884056.377131362] [GSL]: [DEBUG-WIND] Taking GMRF path
[gsl_actionserver_node-3] [INFO] [1788884056.463989547] [GSL]: [33mStarted simulations. Might take a while![0m
[gmrf_wind_mapping_node-2] --> MAP did not converge after 1 iterations.
[gmrf_wind_mapping_node-2] [GMRF] MAP Mean value estimated in 9.62901 milliseconds
[gmrf_wind_mapping_node-2] --> MAP did not converge after 1 iterations.
[gmrf_wind_mapping_node-2] [GMRF] MAP Mean value estimated in 9.62921 milliseconds
[gsl_actionserver_node-3] [INFO] [1788884056.580906116] [GSL - Trace]: [32mFirst simulation level done[0m
[gsl_actionserver_node-3] [INFO] [1788884056.580978169] [GSL]: [RC2-DIAG] scores_size=62 refineFraction=0.25 refine_product=15.5 valid_first_level=62 sum_sourceProbInternal_before_norm=1.2926561595405946e-08 min_sourceProbInternal_before_norm=0 max_sourceProbInternal_before_norm=6.446278839885307e-10 finite_sourceProbInternal=1053 finite_varianceOfHitProb=1053
[gsl_actionserver_node-3] [INFO] [1788884056.674421421] [GSL - Trace]: [32mSimulation level 2 done[0m
[gmrf_wind_mapping_node-2] --> MAP did not converge after 1 iterations.
[gmrf_wind_mapping_node-2] [GMRF] MAP Mean value estimated in 9.62888 milliseconds
[gsl_actionserver_node-3] [INFO] [1788884056.759200367] [GSL - Trace]: [32mSimulation level 3 done[0m
[gmrf_wind_mapping_node-2] --> MAP did not converge after 1 iterations.
[gmrf_wind_mapping_node-2] [GMRF] MAP Mean value estimated in 9.63068 milliseconds
[gsl_actionserver_node-3] [INFO] [1788884056.784226241] [GSL - Trace]: [32mSimulation level 4 done[0m
[gsl_actionserver_node-3] [INFO] [1788884056.784290864] [GSL - Trace]: [32mSimulation level 5 done[0m
[gsl_actionserver_node-3] [INFO] [1788884056.784302541] [GSL]: Number of levels in the simulation: 5
[gsl_actionserver_node-3] [INFO] [1788884056.784309640] [GSL]: Total number of simulations: 172
[gsl_actionserver_node-3] [INFO] [1788884056.784332967] [GSL]: [RC2-DIAG] normalized_finite_count=1053 normalized_sum=1
[gsl_actionserver_node-3] [INFO] [1788884056.784341698] [GSL]: Time ellapsed in simulation = 0.320296811 s
[gsl_actionserver_node-3] [INFO] [1788884056.787243961] [GSL]: Max mutual info: 2.360
[gsl_actionserver_node-3] [INFO] [1788884056.787417918] [GSL]: MutualInformation - Ellapsed: 0.003s
[vgr_sim_node-1] [WARN] [1788884056.796399382] [vgr_uav_sim]: PLAN_CB: called with goal=(-1.34,-1.90)
[vgr_sim_node-1] [WARN] [1788884056.801359441] [vgr_uav_sim]: PLAN_CB: returning 17 poses
[vgr_sim_node-1] [WARN] [1788884056.813361049] [vgr_uav_sim]: PLAN_CB: called with goal=(-1.34,-1.90)
[vgr_sim_node-1] [WARN] [1788884056.816771072] [vgr_uav_sim]: PLAN_CB: returning 17 poses
[gsl_actionserver_node-3] [INFO] [1788884056.823437025] [GSL]: Sending goal (-1.34, -1.90)
[vgr_sim_node-1] [INFO] [1788884056.826653967] [vgr_uav_sim]: Prepared 17 collision-free navigation waypoints to (-1.34, -1.90)
[gsl_actionserver_node-3] [INFO] [1788884056.826914621] [GSL]: Variance: 0.12
[gsl_actionserver_node-3] [INFO] [1788884056.826938067] [GSL - Trace]: [32mEntering Moving[0m
[vgr_sim_node-1] [INFO] [1788884056.827862324] [vgr_uav_sim]: UAV navigating in audited 2-D mode to (-1.34, -1.90, 0.30)
[gmrf_wind_mapping_node-2] --> MAP did not converge after 1 iterations.
[gmrf_wind_mapping_node-2] [GMRF] MAP Mean value estimated in 9.62927 milliseconds
[gmrf_wind_mapping_node-2] --> MAP did not converge after 1 iterations.
[gmrf_wind_mapping_node-2] [GMRF] MAP Mean value estimated in 9.62787 milliseconds
[gmrf_wind_mapping_node-2] --> MAP did not converge after 1 iterations.
[gmrf_wind_mapping_node-2] [GMRF] MAP Mean value estimated in 9.62647 milliseconds
[gmrf_wind_mapping_node-2] --> MAP did not converge after 1 iterations.
[gmrf_wind_mapping_node-2] [GMRF] MAP Mean value estimated in 9.62507 milliseconds
[gmrf_wind_mapping_node-2] --> MAP did not converge after 1 iterations.
[gmrf_wind_mapping_node-2] [GMRF] MAP Mean value estimated in 9.62527 milliseconds
[gmrf_wind_mapping_node-2] --> MAP did not converge after 1 iterations.
[gmrf_wind_mapping_node-2] [GMRF] MAP Mean value estimated in 9.62493 milliseconds
[gmrf_wind_mapping_node-2] --> MAP did not converge after 1 iterations.
[gmrf_wind_mapping_node-2] [GMRF] MAP Mean value estimated in 9.62407 milliseconds
[gmrf_wind_mapping_node-2] --> MAP did not converge after 1 iterations.
[gmrf_wind_mapping_node-2] [GMRF] MAP Mean value estimated in 9.6232 milliseconds
[gmrf_wind_mapping_node-2] --> MAP did not converge after 1 iterations.
[gmrf_wind_mapping_node-2] [GMRF] MAP Mean value estimated in 9.62181 milliseconds
[gmrf_wind_mapping_node-2] --> MAP did not converge after 1 iterations.
[gmrf_wind_mapping_node-2] [GMRF] MAP Mean value estimated in 9.62095 milliseconds
[gmrf_wind_mapping_node-2] --> MAP did not converge after 1 iterations.
[gmrf_wind_mapping_node-2] [GMRF] MAP Mean value estimated in 9.61955 milliseconds
[gmrf_wind_mapping_node-2] --> MAP did not converge after 1 iterations.
[gmrf_wind_mapping_node-2] [GMRF] MAP Mean value estimated in 9.61869 milliseconds
[gmrf_wind_mapping_node-2] --> MAP did not converge after 1 iterations.
[gmrf_wind_mapping_node-2] [GMRF] MAP Mean value estimated in 9.62155 milliseconds
[gmrf_wind_mapping_node-2] --> MAP did not converge after 1 iterations.
[gmrf_wind_mapping_node-2] [GMRF] MAP Mean value estimated in 9.62122 milliseconds
[gmrf_wind_mapping_node-2] --> MAP did not converge after 1 iterations.
[gmrf_wind_mapping_node-2] [GMRF] MAP Mean value estimated in 9.62407 milliseconds
[gmrf_wind_mapping_node-2] --> MAP did not converge after 1 iterations.
[gmrf_wind_mapping_node-2] [GMRF] MAP Mean value estimated in 9.62268 milliseconds
[gmrf_wind_mapping_node-2] --> MAP did not converge after 1 iterations.
[gmrf_wind_mapping_node-2] [GMRF] MAP Mean value estimated in 9.62553 milliseconds
[gmrf_wind_mapping_node-2] --> MAP did not converge after 1 iterations.
[gmrf_wind_mapping_node-2] [GMRF] MAP Mean value estimated in 9.62626 milliseconds
[gmrf_wind_mapping_node-2] --> MAP did not converge after 1 iterations.
[gmrf_wind_mapping_node-2] [GMRF] MAP Mean value estimated in 9.62804 milliseconds
[gmrf_wind_mapping_node-2] --> MAP did not converge after 1 iterations.
[gmrf_wind_mapping_node-2] [GMRF] MAP Mean value estimated in 9.62771 milliseconds
[gmrf_wind_mapping_node-2] --> MAP did not converge after 1 iterations.
[gmrf_wind_mapping_node-2] [GMRF] MAP Mean value estimated in 9.62949 milliseconds
[gmrf_wind_mapping_node-2] --> MAP did not converge after 1 iterations.
[gmrf_wind_mapping_node-2] [GMRF] MAP Mean value estimated in 9.62863 milliseconds
[gmrf_wind_mapping_node-2] --> MAP did not converge after 1 iterations.
[gmrf_wind_mapping_node-2] [GMRF] MAP Mean value estimated in 9.62724 milliseconds
[gmrf_wind_mapping_node-2] --> MAP did not converge after 1 iterations.
[gmrf_wind_mapping_node-2] [GMRF] MAP Mean value estimated in 9.62744 milliseconds
[gmrf_wind_mapping_node-2] --> MAP did not converge after 1 iterations.
[gmrf_wind_mapping_node-2] [GMRF] MAP Mean value estimated in 9.62605 milliseconds
[gmrf_wind_mapping_node-2] --> MAP did not converge after 1 iterations.
[gmrf_wind_mapping_node-2] [GMRF] MAP Mean value estimated in 9.6252 milliseconds
[gmrf_wind_mapping_node-2] --> MAP did not converge after 1 iterations.
[gmrf_wind_mapping_node-2] [GMRF] MAP Mean value estimated in 9.62434 milliseconds
[gmrf_wind_mapping_node-2] --> MAP did not converge after 1 iterations.
[gmrf_wind_mapping_node-2] [GMRF] MAP Mean value estimated in 9.62296 milliseconds
[gmrf_wind_mapping_node-2] --> MAP did not converge after 1 iterations.
[gmrf_wind_mapping_node-2] [GMRF] MAP Mean value estimated in 9.62211 milliseconds
[gmrf_wind_mapping_node-2] --> MAP did not converge after 1 iterations.
[gmrf_wind_mapping_node-2] [GMRF] MAP Mean value estimated in 9.62073 milliseconds
[gmrf_wind_mapping_node-2] --> MAP did not converge after 1 iterations.
[gmrf_wind_mapping_node-2] [GMRF] MAP Mean value estimated in 9.61935 milliseconds
[gmrf_wind_mapping_node-2] --> MAP did not converge after 1 iterations.
[gmrf_wind_mapping_node-2] [GMRF] MAP Mean value estimated in 9.61797 milliseconds
[gmrf_wind_mapping_node-2] --> MAP did not converge after 1 iterations.
[gmrf_wind_mapping_node-2] [GMRF] MAP Mean value estimated in 9.6166 milliseconds
[gmrf_wind_mapping_node-2] --> MAP did not converge after 1 iterations.
[gmrf_wind_mapping_node-2] [GMRF] MAP Mean value estimated in 9.61522 milliseconds
[gmrf_wind_mapping_node-2] --> MAP did not converge after 1 iterations.
[gmrf_wind_mapping_node-2] [GMRF] MAP Mean value estimated in 9.61438 milliseconds
[gmrf_wind_mapping_node-2] --> MAP did not converge after 1 iterations.
[gmrf_wind_mapping_node-2] [GMRF] MAP Mean value estimated in 9.6151 milliseconds
[gsl_actionserver_node-3] [INFO] [1788884060.378510029] [GSL - Trace]: [32mEntering StopAndMeasure[0m
[gmrf_wind_mapping_node-2] --> MAP did not converge after 1 iterations.
[gmrf_wind_mapping_node-2] [GMRF] MAP Mean value estimated in 9.61426 milliseconds
[gmrf_wind_mapping_node-2] --> MAP did not converge after 1 iterations.
[gmrf_wind_mapping_node-2] [GMRF] MAP Mean value estimated in 9.61289 milliseconds
[gmrf_wind_mapping_node-2] --> MAP did not converge after 1 iterations.
[gmrf_wind_mapping_node-2] [GMRF] MAP Mean value estimated in 9.61204 milliseconds
[gmrf_wind_mapping_node-2] --> MAP did not converge after 1 iterations.
[gmrf_wind_mapping_node-2] [GMRF] MAP Mean value estimated in 9.6112 milliseconds
[gmrf_wind_mapping_node-2] --> MAP did not converge after 1 iterations.
[gmrf_wind_mapping_node-2] [GMRF] MAP Mean value estimated in 9.61349 milliseconds
[gmrf_wind_mapping_node-2] --> MAP did not converge after 1 iterations.
[gmrf_wind_mapping_node-2] [GMRF] MAP Mean value estimated in 9.61265 milliseconds
[gmrf_wind_mapping_node-2] --> MAP did not converge after 1 iterations.
[gmrf_wind_mapping_node-2] [GMRF] MAP Mean value estimated in 9.61181 milliseconds
[gmrf_wind_mapping_node-2] --> MAP did not converge after 1 iterations.
[gmrf_wind_mapping_node-2] [GMRF] MAP Mean value estimated in 9.61044 milliseconds
[gmrf_wind_mapping_node-2] --> MAP did not converge after 1 iterations.
[gmrf_wind_mapping_node-2] [GMRF] MAP Mean value estimated in 9.61117 milliseconds
[gmrf_wind_mapping_node-2] --> MAP did not converge after 1 iterations.
[gmrf_wind_mapping_node-2] [GMRF] MAP Mean value estimated in 9.60981 milliseconds
[gmrf_wind_mapping_node-2] --> MAP did not converge after 1 iterations.
[gmrf_wind_mapping_node-2] [GMRF] MAP Mean value estimated in 9.61105 milliseconds
[gmrf_wind_mapping_node-2] --> MAP did not converge after 1 iterations.
[gmrf_wind_mapping_node-2] [GMRF] MAP Mean value estimated in 9.61021 milliseconds
[gmrf_wind_mapping_node-2] --> MAP did not converge after 1 iterations.
[gmrf_wind_mapping_node-2] [GMRF] MAP Mean value estimated in 9.60938 milliseconds
[gmrf_wind_mapping_node-2] --> MAP did not converge after 1 iterations.
[gmrf_wind_mapping_node-2] [GMRF] MAP Mean value estimated in 9.60906 milliseconds
[gmrf_wind_mapping_node-2] --> MAP did not converge after 1 iterations.
[gmrf_wind_mapping_node-2] [GMRF] MAP Mean value estimated in 9.61134 milliseconds
[gmrf_wind_mapping_node-2] --> MAP did not converge after 1 iterations.
[gmrf_wind_mapping_node-2] [GMRF] MAP Mean value estimated in 9.61206 milliseconds
[gmrf_wind_mapping_node-2] --> MAP did not converge after 1 iterations.
[gmrf_wind_mapping_node-2] [GMRF] MAP Mean value estimated in 9.61071 milliseconds
[gmrf_wind_mapping_node-2] --> MAP did not converge after 1 iterations.
[gmrf_wind_mapping_node-2] [GMRF] MAP Mean value estimated in 9.61143 milliseconds
[gmrf_wind_mapping_node-2] --> MAP did not converge after 1 iterations.
[gmrf_wind_mapping_node-2] [GMRF] MAP Mean value estimated in 9.61059 milliseconds
[gmrf_wind_mapping_node-2] --> MAP did not converge after 1 iterations.
[gmrf_wind_mapping_node-2] [GMRF] MAP Mean value estimated in 9.61079 milliseconds
[gsl_actionserver_node-3] [INFO] [1788884062.378104256] [GSL]: 10 gas measurements, 10 wind measurements over 2.00 seconds
[gsl_actionserver_node-3] [INFO] [1788884062.378158648] [GSL]: avg_gas=1;  avg_windSpeed=0.53;  avg_wind_dir=-1.4
[gsl_actionserver_node-3] [INFO] [1788884062.379227818] [GSL]: [33mGAS HIT[0m
[gsl_actionserver_node-3] [INFO] [1788884062.379275296] [GSL]: [DEBUG-WIND] useGroundTruth=false gmrf_req_size=631 gaden_req_size=-1
[gsl_actionserver_node-3] [INFO] [1788884062.379283742] [GSL]: [DEBUG-WIND] Taking GMRF path
[gsl_actionserver_node-3] [INFO] [1788884062.464450430] [GSL - Trace]: [32mEntering StopAndMeasure[0m
[gmrf_wind_mapping_node-2] --> MAP did not converge after 1 iterations.
[gmrf_wind_mapping_node-2] [GMRF] MAP Mean value estimated in 9.61359 milliseconds
[gmrf_wind_mapping_node-2] --> MAP did not converge after 1 iterations.
[gmrf_wind_mapping_node-2] [GMRF] MAP Mean value estimated in 9.61275 milliseconds
[gmrf_wind_mapping_node-2] --> MAP did not converge after 1 iterations.
[gmrf_wind_mapping_node-2] [GMRF] MAP Mean value estimated in 9.61399 milliseconds
[gmrf_wind_mapping_node-2] --> MAP did not converge after 1 iterations.
[gmrf_wind_mapping_node-2] [GMRF] MAP Mean value estimated in 9.61523 milliseconds
[gmrf_wind_mapping_node-2] --> MAP did not converge after 1 iterations.
[gmrf_wind_mapping_node-2] [GMRF] MAP Mean value estimated in 9.61801 milliseconds
[gmrf_wind_mapping_node-2] --> MAP did not converge after 1 iterations.
[gmrf_wind_mapping_node-2] [GMRF] MAP Mean value estimated in 9.61821 milliseconds
[gmrf_wind_mapping_node-2] --> MAP did not converge after 1 iterations.
[gmrf_wind_mapping_node-2] [GMRF] MAP Mean value estimated in 9.62151 milliseconds
[gmrf_wind_mapping_node-2] --> MAP did not converge after 1 iterations.
[gmrf_wind_mapping_node-2] [GMRF] MAP Mean value estimated in 9.62067 milliseconds
[gmrf_wind_mapping_node-2] --> MAP did not converge after 1 iterations.
[gmrf_wind_mapping_node-2] [GMRF] MAP Mean value estimated in 9.62293 milliseconds
[gmrf_wind_mapping_node-2] --> MAP did not converge after 1 iterations.
[gmrf_wind_mapping_node-2] [GMRF] MAP Mean value estimated in 9.62261 milliseconds
[gmrf_wind_mapping_node-2] --> MAP did not converge after 1 iterations.
[gmrf_wind_mapping_node-2] [GMRF] MAP Mean value estimated in 9.62436 milliseconds
[gmrf_wind_mapping_node-2] --> MAP did not converge after 1 iterations.
[gmrf_wind_mapping_node-2] [GMRF] MAP Mean value estimated in 9.62403 milliseconds
[gmrf_wind_mapping_node-2] --> MAP did not converge after 1 iterations.
[gmrf_wind_mapping_node-2] [GMRF] MAP Mean value estimated in 9.62474 milliseconds
[gmrf_wind_mapping_node-2] --> MAP did not converge after 1 iterations.
[gmrf_wind_mapping_node-2] [GMRF] MAP Mean value estimated in 9.62803 milliseconds
[gmrf_wind_mapping_node-2] --> MAP did not converge after 1 iterations.
[gmrf_wind_mapping_node-2] [GMRF] MAP Mean value estimated in 9.63131 milliseconds
[gmrf_wind_mapping_node-2] --> MAP did not converge after 1 iterations.
[gmrf_wind_mapping_node-2] [GMRF] MAP Mean value estimated in 9.62995 milliseconds
[gmrf_wind_mapping_node-2] --> MAP did not converge after 1 iterations.
[gmrf_wind_mapping_node-2] [GMRF] MAP Mean value estimated in 9.63272 milliseconds
[gmrf_wind_mapping_node-2] --> MAP did not converge after 1 iterations.
[gmrf_wind_mapping_node-2] [GMRF] MAP Mean value estimated in 9.63136 milliseconds
[gmrf_wind_mapping_node-2] --> MAP did not converge after 1 iterations.
[gmrf_wind_mapping_node-2] [GMRF] MAP Mean value estimated in 9.63207 milliseconds
[gmrf_wind_mapping_node-2] --> MAP did not converge after 1 iterations.
[gmrf_wind_mapping_node-2] [GMRF] MAP Mean value estimated in 9.63071 milliseconds
[gsl_actionserver_node-3] [INFO] [1788884064.378059256] [GSL]: 10 gas measurements, 10 wind measurements over 1.91 seconds
[gsl_actionserver_node-3] [INFO] [1788884064.378119281] [GSL]: avg_gas=1.1;  avg_windSpeed=0.53;  avg_wind_dir=-1.5
[gsl_actionserver_node-3] [INFO] [1788884064.378676597] [GSL]: [33mGAS HIT[0m
[gsl_actionserver_node-3] [INFO] [1788884064.378686638] [GSL]: [DEBUG-WIND] useGroundTruth=false gmrf_req_size=631 gaden_req_size=-1
[gsl_actionserver_node-3] [INFO] [1788884064.378693394] [GSL]: [DEBUG-WIND] Taking GMRF path
[gsl_actionserver_node-3] [INFO] [1788884064.464495353] [GSL - Trace]: [32mEntering StopAndMeasure[0m
[gmrf_wind_mapping_node-2] --> MAP did not converge after 1 iterations.
[gmrf_wind_mapping_node-2] [GMRF] MAP Mean value estimated in 9.6309 milliseconds
[gmrf_wind_mapping_node-2] --> MAP did not converge after 1 iterations.
[gmrf_wind_mapping_node-2] [GMRF] MAP Mean value estimated in 9.63007 milliseconds
[gmrf_wind_mapping_node-2] --> MAP did not converge after 1 iterations.
[gmrf_wind_mapping_node-2] [GMRF] MAP Mean value estimated in 9.62923 milliseconds
[gmrf_wind_mapping_node-2] --> MAP did not converge after 1 iterations.
[gmrf_wind_mapping_node-2] [GMRF] MAP Mean value estimated in 9.62891 milliseconds
[gmrf_wind_mapping_node-2] --> MAP did not converge after 1 iterations.
[gmrf_wind_mapping_node-2] [GMRF] MAP Mean value estimated in 9.63115 milliseconds
[gmrf_wind_mapping_node-2] --> MAP did not converge after 1 iterations.
[gmrf_wind_mapping_node-2] [GMRF] MAP Mean value estimated in 9.63031 milliseconds
[gmrf_wind_mapping_node-2] --> MAP did not converge after 1 iterations.
[gmrf_wind_mapping_node-2] [GMRF] MAP Mean value estimated in 9.63101 milliseconds
[gmrf_wind_mapping_node-2] --> MAP did not converge after 1 iterations.
[gmrf_wind_mapping_node-2] [GMRF] MAP Mean value estimated in 9.63018 milliseconds
[gmrf_wind_mapping_node-2] --> MAP did not converge after 1 iterations.
[gmrf_wind_mapping_node-2] [GMRF] MAP Mean value estimated in 9.63139 milliseconds
[gmrf_wind_mapping_node-2] --> MAP did not converge after 1 iterations.
[gmrf_wind_mapping_node-2] [GMRF] MAP Mean value estimated in 9.63107 milliseconds
[gmrf_wind_mapping_node-2] --> MAP did not converge after 1 iterations.
[gmrf_wind_mapping_node-2] [GMRF] MAP Mean value estimated in 9.62972 milliseconds
[gmrf_wind_mapping_node-2] --> MAP did not converge after 1 iterations.
[gmrf_wind_mapping_node-2] [GMRF] MAP Mean value estimated in 9.62889 milliseconds
[gmrf_wind_mapping_node-2] --> MAP did not converge after 1 iterations.
[gmrf_wind_mapping_node-2] [GMRF] MAP Mean value estimated in 9.62959 milliseconds
[gmrf_wind_mapping_node-2] --> MAP did not converge after 1 iterations.
[gmrf_wind_mapping_node-2] [GMRF] MAP Mean value estimated in 9.62876 milliseconds
[gmrf_wind_mapping_node-2] --> MAP did not converge after 1 iterations.
[gmrf_wind_mapping_node-2] [GMRF] MAP Mean value estimated in 9.63099 milliseconds
[gmrf_wind_mapping_node-2] --> MAP did not converge after 1 iterations.
[gmrf_wind_mapping_node-2] [GMRF] MAP Mean value estimated in 9.6322 milliseconds
[gmrf_wind_mapping_node-2] --> MAP did not converge after 1 iterations.
[gmrf_wind_mapping_node-2] [GMRF] MAP Mean value estimated in 9.63544 milliseconds
[gmrf_wind_mapping_node-2] --> MAP did not converge after 1 iterations.
[gmrf_wind_mapping_node-2] [GMRF] MAP Mean value estimated in 9.63461 milliseconds
[gmrf_wind_mapping_node-2] --> MAP did not converge after 1 iterations.
[gmrf_wind_mapping_node-2] [GMRF] MAP Mean value estimated in 9.63581 milliseconds
[gmrf_wind_mapping_node-2] --> MAP did not converge after 1 iterations.
[gmrf_wind_mapping_node-2] [GMRF] MAP Mean value estimated in 9.63599 milliseconds
[gsl_actionserver_node-3] [INFO] [1788884066.378166396] [GSL]: 10 gas measurements, 10 wind measurements over 1.91 seconds
[gsl_actionserver_node-3] [INFO] [1788884066.378228417] [GSL]: avg_gas=1.1;  avg_windSpeed=0.53;  avg_wind_dir=-1.4
[gsl_actionserver_node-3] [INFO] [1788884066.378775758] [GSL]: [33mGAS HIT[0m
[gsl_actionserver_node-3] [INFO] [1788884066.378784738] [GSL]: [DEBUG-WIND] useGroundTruth=false gmrf_req_size=631 gaden_req_size=-1
[gsl_actionserver_node-3] [INFO] [1788884066.378794821] [GSL]: [DEBUG-WIND] Taking GMRF path
[gsl_actionserver_node-3] [INFO] [1788884066.464087777] [GSL - Trace]: [32mEntering StopAndMeasure[0m
[gmrf_wind_mapping_node-2] --> MAP did not converge after 1 iterations.
[gmrf_wind_mapping_node-2] [GMRF] MAP Mean value estimated in 9.63465 milliseconds
[gmrf_wind_mapping_node-2] --> MAP did not converge after 1 iterations.
[gmrf_wind_mapping_node-2] [GMRF] MAP Mean value estimated in 9.63484 milliseconds
[gmrf_wind_mapping_node-2] --> MAP did not converge after 1 iterations.
[gmrf_wind_mapping_node-2] [GMRF] MAP Mean value estimated in 9.63807 milliseconds
[gmrf_wind_mapping_node-2] --> MAP did not converge after 1 iterations.
[gmrf_wind_mapping_node-2] [GMRF] MAP Mean value estimated in 9.63673 milliseconds
[gmrf_wind_mapping_node-2] --> MAP did not converge after 1 iterations.
[gmrf_wind_mapping_node-2] [GMRF] MAP Mean value estimated in 9.6354 milliseconds
[gmrf_wind_mapping_node-2] --> MAP did not converge after 1 iterations.
[gmrf_wind_mapping_node-2] [GMRF] MAP Mean value estimated in 9.63558 milliseconds
[gmrf_wind_mapping_node-2] --> MAP did not converge after 1 iterations.
[gmrf_wind_mapping_node-2] [GMRF] MAP Mean value estimated in 9.6383 milliseconds
[gmrf_wind_mapping_node-2] --> MAP did not converge after 1 iterations.
[gmrf_wind_mapping_node-2] [GMRF] MAP Mean value estimated in 9.63899 milliseconds
[gmrf_wind_mapping_node-2] --> MAP did not converge after 1 iterations.
[gmrf_wind_mapping_node-2] [GMRF] MAP Mean value estimated in 9.64069 milliseconds
[gmrf_wind_mapping_node-2] --> MAP did not converge after 1 iterations.
[gmrf_wind_mapping_node-2] [GMRF] MAP Mean value estimated in 9.63935 milliseconds
[gmrf_wind_mapping_node-2] --> MAP did not converge after 1 iterations.
[gmrf_wind_mapping_node-2] [GMRF] MAP Mean value estimated in 9.64055 milliseconds
[gmrf_wind_mapping_node-2] --> MAP did not converge after 1 iterations.
[gmrf_wind_mapping_node-2] [GMRF] MAP Mean value estimated in 9.63972 milliseconds
[gmrf_wind_mapping_node-2] --> MAP did not converge after 1 iterations.
[gmrf_wind_mapping_node-2] [GMRF] MAP Mean value estimated in 9.64242 milliseconds
[gmrf_wind_mapping_node-2] --> MAP did not converge after 1 iterations.
[gmrf_wind_mapping_node-2] [GMRF] MAP Mean value estimated in 9.64311 milliseconds
[gmrf_wind_mapping_node-2] --> MAP did not converge after 1 iterations.
[gmrf_wind_mapping_node-2] [GMRF] MAP Mean value estimated in 9.64178 milliseconds
[gmrf_wind_mapping_node-2] --> MAP did not converge after 1 iterations.
[gmrf_wind_mapping_node-2] [GMRF] MAP Mean value estimated in 9.64095 milliseconds
[gmrf_wind_mapping_node-2] --> MAP did not converge after 1 iterations.
[gmrf_wind_mapping_node-2] [GMRF] MAP Mean value estimated in 9.64315 milliseconds
[gmrf_wind_mapping_node-2] --> MAP did not converge after 1 iterations.
[gmrf_wind_mapping_node-2] [GMRF] MAP Mean value estimated in 9.64484 milliseconds
[gmrf_wind_mapping_node-2] --> MAP did not converge after 1 iterations.
[gmrf_wind_mapping_node-2] [GMRF] MAP Mean value estimated in 9.64401 milliseconds
[gmrf_wind_mapping_node-2] --> MAP did not converge after 1 iterations.
[gmrf_wind_mapping_node-2] [GMRF] MAP Mean value estimated in 9.64318 milliseconds
[gsl_actionserver_node-3] [INFO] [1788884068.378057041] [GSL]: 10 gas measurements, 10 wind measurements over 1.91 seconds
[gsl_actionserver_node-3] [INFO] [1788884068.378124017] [GSL]: avg_gas=1;  avg_windSpeed=0.43;  avg_wind_dir=-1.6
[gsl_actionserver_node-3] [INFO] [1788884068.378826599] [GSL]: [33mGAS HIT[0m
[gsl_actionserver_node-3] [INFO] [1788884068.378910007] [GSL]: [DEBUG-WIND] useGroundTruth=false gmrf_req_size=631 gaden_req_size=-1
[gsl_actionserver_node-3] [INFO] [1788884068.378920232] [GSL]: [DEBUG-WIND] Taking GMRF path
[gsl_actionserver_node-3] [INFO] [1788884068.464693434] [GSL - Trace]: [32mEntering StopAndMeasure[0m
[gmrf_wind_mapping_node-2] --> MAP did not converge after 1 iterations.
[gmrf_wind_mapping_node-2] [GMRF] MAP Mean value estimated in 9.64638 milliseconds
[gmrf_wind_mapping_node-2] --> MAP did not converge after 1 iterations.
[gmrf_wind_mapping_node-2] [GMRF] MAP Mean value estimated in 9.64505 milliseconds
[gmrf_wind_mapping_node-2] --> MAP did not converge after 1 iterations.
[gmrf_wind_mapping_node-2] [GMRF] MAP Mean value estimated in 9.64824 milliseconds
[gmrf_wind_mapping_node-2] --> MAP did not converge after 1 iterations.
[gmrf_wind_mapping_node-2] [GMRF] MAP Mean value estimated in 9.64892 milliseconds
[gmrf_wind_mapping_node-2] --> MAP did not converge after 1 iterations.
[gmrf_wind_mapping_node-2] [GMRF] MAP Mean value estimated in 9.65161 milliseconds
[gmrf_wind_mapping_node-2] --> MAP did not converge after 1 iterations.
[gmrf_wind_mapping_node-2] [GMRF] MAP Mean value estimated in 9.65278 milliseconds
[gmrf_wind_mapping_node-2] --> MAP did not converge after 1 iterations.
[gmrf_wind_mapping_node-2] [GMRF] MAP Mean value estimated in 9.65145 milliseconds
[gmrf_wind_mapping_node-2] --> MAP did not converge after 1 iterations.
[gmrf_wind_mapping_node-2] [GMRF] MAP Mean value estimated in 9.65313 milliseconds
[gmrf_wind_mapping_node-2] --> MAP did not converge after 1 iterations.
[gmrf_wind_mapping_node-2] [GMRF] MAP Mean value estimated in 9.65431 milliseconds
[gmrf_wind_mapping_node-2] --> MAP did not converge after 1 iterations.
[gmrf_wind_mapping_node-2] [GMRF] MAP Mean value estimated in 9.65298 milliseconds
[gmrf_wind_mapping_node-2] --> MAP did not converge after 1 iterations.
[gmrf_wind_mapping_node-2] [GMRF] MAP Mean value estimated in 9.65165 milliseconds
[gmrf_wind_mapping_node-2] --> MAP did not converge after 1 iterations.
[gmrf_wind_mapping_node-2] [GMRF] MAP Mean value estimated in 9.65033 milliseconds
[gmrf_wind_mapping_node-2] --> MAP did not converge after 1 iterations.
[gmrf_wind_mapping_node-2] [GMRF] MAP Mean value estimated in 9.652 milliseconds
[gmrf_wind_mapping_node-2] --> MAP did not converge after 1 iterations.
[gmrf_wind_mapping_node-2] [GMRF] MAP Mean value estimated in 9.65217 milliseconds
[gmrf_wind_mapping_node-2] --> MAP did not converge after 1 iterations.
[gmrf_wind_mapping_node-2] [GMRF] MAP Mean value estimated in 9.65135 milliseconds
[gmrf_wind_mapping_node-2] --> MAP did not converge after 1 iterations.
[gmrf_wind_mapping_node-2] [GMRF] MAP Mean value estimated in 9.65152 milliseconds
[gmrf_wind_mapping_node-2] --> MAP did not converge after 1 iterations.
[gmrf_wind_mapping_node-2] [GMRF] MAP Mean value estimated in 9.6522 milliseconds
[gmrf_wind_mapping_node-2] --> MAP did not converge after 1 iterations.
[gmrf_wind_mapping_node-2] [GMRF] MAP Mean value estimated in 9.65087 milliseconds
[gmrf_wind_mapping_node-2] --> MAP did not converge after 1 iterations.
[gmrf_wind_mapping_node-2] [GMRF] MAP Mean value estimated in 9.65254 milliseconds
[gmrf_wind_mapping_node-2] --> MAP did not converge after 1 iterations.
[gmrf_wind_mapping_node-2] [GMRF] MAP Mean value estimated in 9.65222 milliseconds
[gsl_actionserver_node-3] [INFO] [1788884070.378306800] [GSL]: 10 gas measurements, 10 wind measurements over 1.91 seconds
[gsl_actionserver_node-3] [INFO] [1788884070.378713278] [GSL]: avg_gas=0.34;  avg_windSpeed=0.52;  avg_wind_dir=-1.5
[gsl_actionserver_node-3] [INFO] [1788884070.379372835] [GSL]: [33mGAS HIT[0m
[gsl_actionserver_node-3] [INFO] [1788884070.379384612] [GSL]: [DEBUG-WIND] useGroundTruth=false gmrf_req_size=631 gaden_req_size=-1
[gsl_actionserver_node-3] [INFO] [1788884070.379392433] [GSL]: [DEBUG-WIND] Taking GMRF path
[gsl_actionserver_node-3] [INFO] [1788884070.464633594] [GSL - Trace]: [32mEntering StopAndMeasure[0m
[gmrf_wind_mapping_node-2] --> MAP did not converge after 1 iterations.
[gmrf_wind_mapping_node-2] [GMRF] MAP Mean value estimated in 9.65488 milliseconds
[gmrf_wind_mapping_node-2] --> MAP did not converge after 1 iterations.
[gmrf_wind_mapping_node-2] [GMRF] MAP Mean value estimated in 9.65455 milliseconds
[gmrf_wind_mapping_node-2] --> MAP did not converge after 1 iterations.
[gmrf_wind_mapping_node-2] [GMRF] MAP Mean value estimated in 9.65672 milliseconds
[gmrf_wind_mapping_node-2] --> MAP did not converge after 1 iterations.
[gmrf_wind_mapping_node-2] [GMRF] MAP Mean value estimated in 9.65838 milliseconds
[gmrf_wind_mapping_node-2] --> MAP did not converge after 1 iterations.
[gmrf_wind_mapping_node-2] [GMRF] MAP Mean value estimated in 9.66103 milliseconds
[gmrf_wind_mapping_node-2] --> MAP did not converge after 1 iterations.
[gmrf_wind_mapping_node-2] [GMRF] MAP Mean value estimated in 9.66021 milliseconds
[gmrf_wind_mapping_node-2] --> MAP did not converge after 1 iterations.
[gmrf_wind_mapping_node-2] [GMRF] MAP Mean value estimated in 9.66137 milliseconds
[gmrf_wind_mapping_node-2] --> MAP did not converge after 1 iterations.
[gmrf_wind_mapping_node-2] [GMRF] MAP Mean value estimated in 9.66005 milliseconds
[gmrf_wind_mapping_node-2] --> MAP did not converge after 1 iterations.
[gmrf_wind_mapping_node-2] [GMRF] MAP Mean value estimated in 9.65972 milliseconds
[gmrf_wind_mapping_node-2] --> MAP did not converge after 1 iterations.
[gmrf_wind_mapping_node-2] [GMRF] MAP Mean value estimated in 9.66138 milliseconds
[gmrf_wind_mapping_node-2] --> MAP did not converge after 1 iterations.
[gmrf_wind_mapping_node-2] [GMRF] MAP Mean value estimated in 9.66353 milliseconds
[gmrf_wind_mapping_node-2] --> MAP did not converge after 1 iterations.
[gmrf_wind_mapping_node-2] [GMRF] MAP Mean value estimated in 9.6627 milliseconds
[gmrf_wind_mapping_node-2] --> MAP did not converge after 1 iterations.
[gmrf_wind_mapping_node-2] [GMRF] MAP Mean value estimated in 9.66485 milliseconds
[gmrf_wind_mapping_node-2] --> MAP did not converge after 1 iterations.
[gmrf_wind_mapping_node-2] [GMRF] MAP Mean value estimated in 9.667 milliseconds
[gmrf_wind_mapping_node-2] --> MAP did not converge after 1 iterations.
[gmrf_wind_mapping_node-2] [GMRF] MAP Mean value estimated in 9.67112 milliseconds
[gmrf_wind_mapping_node-2] --> MAP did not converge after 1 iterations.
[gmrf_wind_mapping_node-2] [GMRF] MAP Mean value estimated in 9.67177 milliseconds
[gmrf_wind_mapping_node-2] --> MAP did not converge after 1 iterations.
[gmrf_wind_mapping_node-2] [GMRF] MAP Mean value estimated in 9.67391 milliseconds
[gmrf_wind_mapping_node-2] --> MAP did not converge after 1 iterations.
[gmrf_wind_mapping_node-2] [GMRF] MAP Mean value estimated in 9.67259 milliseconds
[gmrf_wind_mapping_node-2] --> MAP did not converge after 1 iterations.
[gmrf_wind_mapping_node-2] [GMRF] MAP Mean value estimated in 9.67374 milliseconds
[gmrf_wind_mapping_node-2] --> MAP did not converge after 1 iterations.
[gmrf_wind_mapping_node-2] [GMRF] MAP Mean value estimated in 9.67341 milliseconds
[gsl_actionserver_node-3] [INFO] [1788884072.378035423] [GSL]: 10 gas measurements, 10 wind measurements over 1.91 seconds
[gsl_actionserver_node-3] [INFO] [1788884072.378082987] [GSL]: avg_gas=0.063;  avg_windSpeed=0.54;  avg_wind_dir=-1.4
[gsl_actionserver_node-3] [INFO] [1788884072.378675798] [GSL]: [33mNOTHING [0m
[gsl_actionserver_node-3] [INFO] [1788884072.378703561] [GSL]: [DEBUG-WIND] useGroundTruth=false gmrf_req_size=631 gaden_req_size=-1
[gsl_actionserver_node-3] [INFO] [1788884072.378710593] [GSL]: [DEBUG-WIND] Taking GMRF path
[gsl_actionserver_node-3] [INFO] [1788884072.464390724] [GSL - Trace]: [32mEntering StopAndMeasure[0m
[gmrf_wind_mapping_node-2] --> MAP did not converge after 1 iterations.
[gmrf_wind_mapping_node-2] [GMRF] MAP Mean value estimated in 9.67604 milliseconds
[gmrf_wind_mapping_node-2] --> MAP did not converge after 1 iterations.
[gmrf_wind_mapping_node-2] [GMRF] MAP Mean value estimated in 9.6757 milliseconds
[gmrf_wind_mapping_node-2] --> MAP did not converge after 1 iterations.
[gmrf_wind_mapping_node-2] [GMRF] MAP Mean value estimated in 9.67537 milliseconds
[gmrf_wind_mapping_node-2] --> MAP did not converge after 1 iterations.
[gmrf_wind_mapping_node-2] [GMRF] MAP Mean value estimated in 9.67504 milliseconds
[gmrf_wind_mapping_node-2] --> MAP did not converge after 1 iterations.
[gmrf_wind_mapping_node-2] [GMRF] MAP Mean value estimated in 9.67717 milliseconds
[gmrf_wind_mapping_node-2] --> MAP did not converge after 1 iterations.
[gmrf_wind_mapping_node-2] [GMRF] MAP Mean value estimated in 9.67585 milliseconds
[gmrf_wind_mapping_node-2] --> MAP did not converge after 1 iterations.
[gmrf_wind_mapping_node-2] [GMRF] MAP Mean value estimated in 9.67502 milliseconds
[gmrf_wind_mapping_node-2] --> MAP did not converge after 1 iterations.
[gmrf_wind_mapping_node-2] [GMRF] MAP Mean value estimated in 9.6742 milliseconds
[gmrf_wind_mapping_node-2] --> MAP did not converge after 1 iterations.
[gmrf_wind_mapping_node-2] [GMRF] MAP Mean value estimated in 9.67534 milliseconds
[gmrf_wind_mapping_node-2] --> MAP did not converge after 1 iterations.
[gmrf_wind_mapping_node-2] [GMRF] MAP Mean value estimated in 9.67501 milliseconds
[gmrf_wind_mapping_node-2] --> MAP did not converge after 1 iterations.
[gmrf_wind_mapping_node-2] [GMRF] MAP Mean value estimated in 9.67615 milliseconds
[gmrf_wind_mapping_node-2] --> MAP did not converge after 1 iterations.
[gmrf_wind_mapping_node-2] [GMRF] MAP Mean value estimated in 9.67533 milliseconds
[gmrf_wind_mapping_node-2] --> MAP did not converge after 1 iterations.
[gmrf_wind_mapping_node-2] [GMRF] MAP Mean value estimated in 9.67745 milliseconds
[gmrf_wind_mapping_node-2] --> MAP did not converge after 1 iterations.
[gmrf_wind_mapping_node-2] [GMRF] MAP Mean value estimated in 9.67908 milliseconds
[gmrf_wind_mapping_node-2] --> MAP did not converge after 1 iterations.
[gmrf_wind_mapping_node-2] [GMRF] MAP Mean value estimated in 9.67924 milliseconds
[gmrf_wind_mapping_node-2] --> MAP did not converge after 1 iterations.
[gmrf_wind_mapping_node-2] [GMRF] MAP Mean value estimated in 9.68037 milliseconds
[gmrf_wind_mapping_node-2] --> MAP did not converge after 1 iterations.
[gmrf_wind_mapping_node-2] [GMRF] MAP Mean value estimated in 9.67955 milliseconds
[gmrf_wind_mapping_node-2] --> MAP did not converge after 1 iterations.
[gmrf_wind_mapping_node-2] [GMRF] MAP Mean value estimated in 9.67922 milliseconds
[gmrf_wind_mapping_node-2] --> MAP did not converge after 1 iterations.
[gmrf_wind_mapping_node-2] [GMRF] MAP Mean value estimated in 9.68084 milliseconds
[gmrf_wind_mapping_node-2] --> MAP did not converge after 1 iterations.
[gmrf_wind_mapping_node-2] [GMRF] MAP Mean value estimated in 9.67953 milliseconds
[gsl_actionserver_node-3] [INFO] [1788884074.378084040] [GSL]: 10 gas measurements, 10 wind measurements over 1.91 seconds
[gsl_actionserver_node-3] [INFO] [1788884074.378439099] [GSL]: avg_gas=0.012;  avg_windSpeed=0.52;  avg_wind_dir=-1.5
[gsl_actionserver_node-3] [INFO] [1788884074.379118499] [GSL]: [33mNOTHING [0m
[gsl_actionserver_node-3] [INFO] [1788884074.379129331] [GSL]: [DEBUG-WIND] useGroundTruth=false gmrf_req_size=631 gaden_req_size=-1
[gsl_actionserver_node-3] [INFO] [1788884074.379136926] [GSL]: [DEBUG-WIND] Taking GMRF path
[gsl_actionserver_node-3] [INFO] [1788884074.464930683] [GSL - Trace]: [32mEntering StopAndMeasure[0m
[gmrf_wind_mapping_node-2] --> MAP did not converge after 1 iterations.
[gmrf_wind_mapping_node-2] [GMRF] MAP Mean value estimated in 9.68115 milliseconds
[gmrf_wind_mapping_node-2] --> MAP did not converge after 1 iterations.
[gmrf_wind_mapping_node-2] [GMRF] MAP Mean value estimated in 9.68277 milliseconds
[gmrf_wind_mapping_node-2] --> MAP did not converge after 1 iterations.
[gmrf_wind_mapping_node-2] [GMRF] MAP Mean value estimated in 9.68537 milliseconds
[gmrf_wind_mapping_node-2] --> MAP did not converge after 1 iterations.
[gmrf_wind_mapping_node-2] [GMRF] MAP Mean value estimated in 9.68406 milliseconds
[gmrf_wind_mapping_node-2] --> MAP did not converge after 1 iterations.
[gmrf_wind_mapping_node-2] [GMRF] MAP Mean value estimated in 9.68616 milliseconds
[gmrf_wind_mapping_node-2] --> MAP did not converge after 1 iterations.
[gmrf_wind_mapping_node-2] [GMRF] MAP Mean value estimated in 9.68485 milliseconds
[gmrf_wind_mapping_node-2] --> MAP did not converge after 1 iterations.
[gmrf_wind_mapping_node-2] [GMRF] MAP Mean value estimated in 9.68647 milliseconds
[gmrf_wind_mapping_node-2] --> MAP did not converge after 1 iterations.
[gmrf_wind_mapping_node-2] [GMRF] MAP Mean value estimated in 9.68856 milliseconds
[gmrf_wind_mapping_node-2] --> MAP did not converge after 1 iterations.
[gmrf_wind_mapping_node-2] [GMRF] MAP Mean value estimated in 9.68726 milliseconds
[gmrf_wind_mapping_node-2] --> MAP did not converge after 1 iterations.
[gmrf_wind_mapping_node-2] [GMRF] MAP Mean value estimated in 9.68789 milliseconds
[gmrf_wind_mapping_node-2] --> MAP did not converge after 1 iterations.
[gmrf_wind_mapping_node-2] [GMRF] MAP Mean value estimated in 9.6895 milliseconds
[gmrf_wind_mapping_node-2] --> MAP did not converge after 1 iterations.
[gmrf_wind_mapping_node-2] [GMRF] MAP Mean value estimated in 9.68917 milliseconds
[gmrf_wind_mapping_node-2] --> MAP did not converge after 1 iterations.
[gmrf_wind_mapping_node-2] [GMRF] MAP Mean value estimated in 9.69175 milliseconds
[gmrf_wind_mapping_node-2] --> MAP did not converge after 1 iterations.
[gmrf_wind_mapping_node-2] [GMRF] MAP Mean value estimated in 9.69093 milliseconds
[gmrf_wind_mapping_node-2] --> MAP did not converge after 1 iterations.
[gmrf_wind_mapping_node-2] [GMRF] MAP Mean value estimated in 9.6935 milliseconds
[gmrf_wind_mapping_node-2] --> MAP did not converge after 1 iterations.
[gmrf_wind_mapping_node-2] [GMRF] MAP Mean value estimated in 9.69268 milliseconds
[gmrf_wind_mapping_node-2] --> MAP did not converge after 1 iterations.
[gmrf_wind_mapping_node-2] [GMRF] MAP Mean value estimated in 9.69525 milliseconds
[gmrf_wind_mapping_node-2] --> MAP did not converge after 1 iterations.
[gmrf_wind_mapping_node-2] [GMRF] MAP Mean value estimated in 9.69395 milliseconds
[gmrf_wind_mapping_node-2] --> MAP did not converge after 1 iterations.
[gmrf_wind_mapping_node-2] [GMRF] MAP Mean value estimated in 9.69652 milliseconds
[gsl_actionserver_node-3] [INFO] [1788884076.378130883] [GSL]: 10 gas measurements, 10 wind measurements over 1.91 seconds
[gsl_actionserver_node-3] [INFO] [1788884076.378251012] [GSL]: avg_gas=0.0023;  avg_windSpeed=0.54;  avg_wind_dir=-1.4
[gmrf_wind_mapping_node-2] --> MAP did not converge after 1 iterations.
[gmrf_wind_mapping_node-2] [GMRF] MAP Mean value estimated in 9.69908 milliseconds
[gsl_actionserver_node-3] [INFO] [1788884076.379616958] [GSL]: [33mNOTHING [0m
[gsl_actionserver_node-3] [INFO] [1788884076.379646273] [GSL]: [DEBUG-WIND] useGroundTruth=false gmrf_req_size=631 gaden_req_size=-1
[gsl_actionserver_node-3] [INFO] [1788884076.379659396] [GSL]: [DEBUG-WIND] Taking GMRF path
[gsl_actionserver_node-3] [INFO] [1788884076.464292133] [GSL]: [33mStarted simulations. Might take a while![0m
[gmrf_wind_mapping_node-2] --> MAP did not converge after 1 iterations.
[gmrf_wind_mapping_node-2] [GMRF] MAP Mean value estimated in 9.70358 milliseconds
[gsl_actionserver_node-3] [INFO] [1788884076.575801555] [GSL - Trace]: [32mFirst simulation level done[0m
[gsl_actionserver_node-3] [INFO] [1788884076.577125950] [GSL]: [RC2-DIAG] scores_size=62 refineFraction=0.25 refine_product=15.5 valid_first_level=62 sum_sourceProbInternal_before_norm=1.9378831233280067e-09 min_sourceProbInternal_before_norm=0 max_sourceProbInternal_before_norm=9.688521858576887e-11 finite_sourceProbInternal=1053 finite_varianceOfHitProb=1053
[gmrf_wind_mapping_node-2] --> MAP did not converge after 1 iterations.
[gmrf_wind_mapping_node-2] [GMRF] MAP Mean value estimated in 9.7187 milliseconds
[gsl_actionserver_node-3] [INFO] [1788884076.669591996] [GSL - Trace]: [32mSimulation level 2 done[0m
[gmrf_wind_mapping_node-2] --> MAP did not converge after 1 iterations.
[gmrf_wind_mapping_node-2] [GMRF] MAP Mean value estimated in 9.72271 milliseconds
[gsl_actionserver_node-3] [INFO] [1788884076.751457084] [GSL - Trace]: [32mSimulation level 3 done[0m
[gmrf_wind_mapping_node-2] --> MAP did not converge after 1 iterations.
[gmrf_wind_mapping_node-2] [GMRF] MAP Mean value estimated in 9.72139 milliseconds
[gsl_actionserver_node-3] [INFO] [1788884076.773173597] [GSL - Trace]: [32mSimulation level 4 done[0m
[gsl_actionserver_node-3] [INFO] [1788884076.773555483] [GSL - Trace]: [32mSimulation level 5 done[0m
[gsl_actionserver_node-3] [INFO] [1788884076.773565596] [GSL]: Number of levels in the simulation: 5
[gsl_actionserver_node-3] [INFO] [1788884076.773571862] [GSL]: Total number of simulations: 168
[gsl_actionserver_node-3] [INFO] [1788884076.773590561] [GSL]: [RC2-DIAG] normalized_finite_count=1053 normalized_sum=1
[gsl_actionserver_node-3] [INFO] [1788884076.773597609] [GSL]: Time ellapsed in simulation = 0.30919824100000004 s
[gsl_actionserver_node-3] [INFO] [1788884076.776426693] [GSL]: Max mutual info: 2.179
[gsl_actionserver_node-3] [INFO] [1788884076.777433190] [GSL]: MutualInformation - Ellapsed: 0.004s
[vgr_sim_node-1] [WARN] [1788884076.783201082] [vgr_uav_sim]: PLAN_CB: called with goal=(-0.74,-3.40)
[vgr_sim_node-1] [WARN] [1788884076.786886670] [vgr_uav_sim]: PLAN_CB: returning 7 poses
[vgr_sim_node-1] [WARN] [1788884076.794394839] [vgr_uav_sim]: PLAN_CB: called with goal=(-0.74,-3.40)
[vgr_sim_node-1] [WARN] [1788884076.795877605] [vgr_uav_sim]: PLAN_CB: returning 7 poses
[gsl_actionserver_node-3] [INFO] [1788884076.804978687] [GSL]: Sending goal (-0.74, -3.40)
[gsl_actionserver_node-3] [INFO] [1788884076.805563540] [GSL]: Variance: 0.10
[gsl_actionserver_node-3] [INFO] [1788884076.805590375] [GSL - Trace]: [32mEntering Moving[0m
[vgr_sim_node-1] [INFO] [1788884076.807227408] [vgr_uav_sim]: Prepared 7 collision-free navigation waypoints to (-0.74, -3.40)
[vgr_sim_node-1] [INFO] [1788884076.808231526] [vgr_uav_sim]: UAV navigating in audited 2-D mode to (-0.74, -3.40, 0.30)
[gmrf_wind_mapping_node-2] --> MAP did not converge after 1 iterations.
[gmrf_wind_mapping_node-2] [GMRF] MAP Mean value estimated in 9.72153 milliseconds
[gmrf_wind_mapping_node-2] --> MAP did not converge after 1 iterations.
[gmrf_wind_mapping_node-2] [GMRF] MAP Mean value estimated in 9.72166 milliseconds
[gmrf_wind_mapping_node-2] --> MAP did not converge after 1 iterations.
[gmrf_wind_mapping_node-2] [GMRF] MAP Mean value estimated in 9.72083 milliseconds
[gmrf_wind_mapping_node-2] --> MAP did not converge after 1 iterations.
[gmrf_wind_mapping_node-2] [GMRF] MAP Mean value estimated in 9.71952 milliseconds
[gmrf_wind_mapping_node-2] --> MAP did not converge after 1 iterations.
[gmrf_wind_mapping_node-2] [GMRF] MAP Mean value estimated in 9.71917 milliseconds
[gmrf_wind_mapping_node-2] --> MAP did not converge after 1 iterations.
[gmrf_wind_mapping_node-2] [GMRF] MAP Mean value estimated in 9.72123 milliseconds
[gmrf_wind_mapping_node-2] --> MAP did not converge after 1 iterations.
[gmrf_wind_mapping_node-2] [GMRF] MAP Mean value estimated in 9.72377 milliseconds
[gmrf_wind_mapping_node-2] --> MAP did not converge after 1 iterations.
[gmrf_wind_mapping_node-2] [GMRF] MAP Mean value estimated in 9.72342 milliseconds
[gmrf_wind_mapping_node-2] --> MAP did not converge after 1 iterations.
[gmrf_wind_mapping_node-2] [GMRF] MAP Mean value estimated in 9.72596 milliseconds
[gmrf_wind_mapping_node-2] --> MAP did not converge after 1 iterations.
[gmrf_wind_mapping_node-2] [GMRF] MAP Mean value estimated in 9.72561 milliseconds
[gmrf_wind_mapping_node-2] --> MAP did not converge after 1 iterations.
[gmrf_wind_mapping_node-2] [GMRF] MAP Mean value estimated in 9.7243 milliseconds
[gmrf_wind_mapping_node-2] --> MAP did not converge after 1 iterations.
[gmrf_wind_mapping_node-2] [GMRF] MAP Mean value estimated in 9.723 milliseconds
[gsl_actionserver_node-3] [INFO] [1788884078.024328402] [GSL - Trace]: [32mEntering StopAndMeasure[0m
[gmrf_wind_mapping_node-2] --> MAP did not converge after 1 iterations.
[gmrf_wind_mapping_node-2] [GMRF] MAP Mean value estimated in 9.72169 milliseconds
[gmrf_wind_mapping_node-2] --> MAP did not converge after 1 iterations.
[gmrf_wind_mapping_node-2] [GMRF] MAP Mean value estimated in 9.72134 milliseconds
[gmrf_wind_mapping_node-2] --> MAP did not converge after 1 iterations.
[gmrf_wind_mapping_node-2] [GMRF] MAP Mean value estimated in 9.72196 milliseconds
[gmrf_wind_mapping_node-2] --> MAP did not converge after 1 iterations.
[gmrf_wind_mapping_node-2] [GMRF] MAP Mean value estimated in 9.72113 milliseconds
[gmrf_wind_mapping_node-2] --> MAP did not converge after 1 iterations.
[gmrf_wind_mapping_node-2] [GMRF] MAP Mean value estimated in 9.7251 milliseconds
[gmrf_wind_mapping_node-2] --> MAP did not converge after 1 iterations.
[gmrf_wind_mapping_node-2] [GMRF] MAP Mean value estimated in 9.72427 milliseconds
[gmrf_wind_mapping_node-2] --> MAP did not converge after 1 iterations.
[gmrf_wind_mapping_node-2] [GMRF] MAP Mean value estimated in 9.72679 milliseconds
[gmrf_wind_mapping_node-2] --> MAP did not converge after 1 iterations.
[gmrf_wind_mapping_node-2] [GMRF] MAP Mean value estimated in 9.72645 milliseconds
[gmrf_wind_mapping_node-2] --> MAP did not converge after 1 iterations.
[gmrf_wind_mapping_node-2] [GMRF] MAP Mean value estimated in 9.72514 milliseconds
[gmrf_wind_mapping_node-2] --> MAP did not converge after 1 iterations.
[gmrf_wind_mapping_node-2] [GMRF] MAP Mean value estimated in 9.72527 milliseconds
[gmrf_wind_mapping_node-2] --> MAP did not converge after 1 iterations.
[gmrf_wind_mapping_node-2] [GMRF] MAP Mean value estimated in 9.72684 milliseconds
[gmrf_wind_mapping_node-2] --> MAP did not converge after 1 iterations.
[gmrf_wind_mapping_node-2] [GMRF] MAP Mean value estimated in 9.72601 milliseconds
[gmrf_wind_mapping_node-2] --> MAP did not converge after 1 iterations.
[gmrf_wind_mapping_node-2] [GMRF] MAP Mean value estimated in 9.72662 milliseconds
[gmrf_wind_mapping_node-2] --> MAP did not converge after 1 iterations.
[gmrf_wind_mapping_node-2] [GMRF] MAP Mean value estimated in 9.72532 milliseconds
[gmrf_wind_mapping_node-2] --> MAP did not converge after 1 iterations.
[gmrf_wind_mapping_node-2] [GMRF] MAP Mean value estimated in 9.72402 milliseconds
[gmrf_wind_mapping_node-2] --> MAP did not converge after 1 iterations.
[gmrf_wind_mapping_node-2] [GMRF] MAP Mean value estimated in 9.72368 milliseconds
[gmrf_wind_mapping_node-2] --> MAP did not converge after 1 iterations.
[gmrf_wind_mapping_node-2] [GMRF] MAP Mean value estimated in 9.72571 milliseconds
[gmrf_wind_mapping_node-2] --> MAP did not converge after 1 iterations.
[gmrf_wind_mapping_node-2] [GMRF] MAP Mean value estimated in 9.72442 milliseconds
[gmrf_wind_mapping_node-2] --> MAP did not converge after 1 iterations.
[gmrf_wind_mapping_node-2] [GMRF] MAP Mean value estimated in 9.72598 milliseconds
[gmrf_wind_mapping_node-2] --> MAP did not converge after 1 iterations.
[gmrf_wind_mapping_node-2] [GMRF] MAP Mean value estimated in 9.72468 milliseconds
[gsl_actionserver_node-3] [INFO] [1788884080.001406242] [GSL]: 10 gas measurements, 10 wind measurements over 1.98 seconds
[gsl_actionserver_node-3] [INFO] [1788884080.001468054] [GSL]: avg_gas=0.00011;  avg_windSpeed=0.038;  avg_wind_dir=-2
[gsl_actionserver_node-3] [INFO] [1788884080.001985787] [GSL]: [33mNOTHING [0m
[gsl_actionserver_node-3] [INFO] [1788884080.001996902] [GSL]: [DEBUG-WIND] useGroundTruth=false gmrf_req_size=631 gaden_req_size=-1
[gsl_actionserver_node-3] [INFO] [1788884080.002003729] [GSL]: [DEBUG-WIND] Taking GMRF path
[gsl_actionserver_node-3] [INFO] [1788884080.064057072] [GSL - Trace]: [32mEntering StopAndMeasure[0m
[gmrf_wind_mapping_node-2] --> MAP did not converge after 1 iterations.
[gmrf_wind_mapping_node-2] [GMRF] MAP Mean value estimated in 9.72338 milliseconds
[gmrf_wind_mapping_node-2] --> MAP did not converge after 1 iterations.
[gmrf_wind_mapping_node-2] [GMRF] MAP Mean value estimated in 9.72209 milliseconds
[gmrf_wind_mapping_node-2] --> MAP did not converge after 1 iterations.
[gmrf_wind_mapping_node-2] [GMRF] MAP Mean value estimated in 9.72222 milliseconds
[gmrf_wind_mapping_node-2] --> MAP did not converge after 1 iterations.
[gmrf_wind_mapping_node-2] [GMRF] MAP Mean value estimated in 9.7214 milliseconds
[gmrf_wind_mapping_node-2] --> MAP did not converge after 1 iterations.
[gmrf_wind_mapping_node-2] [GMRF] MAP Mean value estimated in 9.72106 milliseconds
[gmrf_wind_mapping_node-2] --> MAP did not converge after 1 iterations.
[gmrf_wind_mapping_node-2] [GMRF] MAP Mean value estimated in 9.72072 milliseconds
[gmrf_wind_mapping_node-2] --> MAP did not converge after 1 iterations.
[gmrf_wind_mapping_node-2] [GMRF] MAP Mean value estimated in 9.72275 milliseconds
[gmrf_wind_mapping_node-2] --> MAP did not converge after 1 iterations.
[gmrf_wind_mapping_node-2] [GMRF] MAP Mean value estimated in 9.72335 milliseconds
[gmrf_wind_mapping_node-2] --> MAP did not converge after 1 iterations.
[gmrf_wind_mapping_node-2] [GMRF] MAP Mean value estimated in 9.72633 milliseconds
[gmrf_wind_mapping_node-2] --> MAP did not converge after 1 iterations.
[gmrf_wind_mapping_node-2] [GMRF] MAP Mean value estimated in 9.72646 milliseconds
[gmrf_wind_mapping_node-2] --> MAP did not converge after 1 iterations.
[gmrf_wind_mapping_node-2] [GMRF] MAP Mean value estimated in 9.72848 milliseconds
[gmrf_wind_mapping_node-2] --> MAP did not converge after 1 iterations.
[gmrf_wind_mapping_node-2] [GMRF] MAP Mean value estimated in 9.72861 milliseconds
[gmrf_wind_mapping_node-2] --> MAP did not converge after 1 iterations.
[gmrf_wind_mapping_node-2] [GMRF] MAP Mean value estimated in 9.73157 milliseconds
[gmrf_wind_mapping_node-2] --> MAP did not converge after 1 iterations.
[gmrf_wind_mapping_node-2] [GMRF] MAP Mean value estimated in 9.73028 milliseconds
[gmrf_wind_mapping_node-2] --> MAP did not converge after 1 iterations.
[gmrf_wind_mapping_node-2] [GMRF] MAP Mean value estimated in 9.72899 milliseconds
[gmrf_wind_mapping_node-2] --> MAP did not converge after 1 iterations.
[gmrf_wind_mapping_node-2] [GMRF] MAP Mean value estimated in 9.72817 milliseconds
[gmrf_wind_mapping_node-2] --> MAP did not converge after 1 iterations.
[gmrf_wind_mapping_node-2] [GMRF] MAP Mean value estimated in 9.72925 milliseconds
[gmrf_wind_mapping_node-2] --> MAP did not converge after 1 iterations.
[gmrf_wind_mapping_node-2] [GMRF] MAP Mean value estimated in 9.72796 milliseconds
[gmrf_wind_mapping_node-2] --> MAP did not converge after 1 iterations.
[gmrf_wind_mapping_node-2] [GMRF] MAP Mean value estimated in 9.7295 milliseconds
[gmrf_wind_mapping_node-2] --> MAP did not converge after 1 iterations.
[gmrf_wind_mapping_node-2] [GMRF] MAP Mean value estimated in 9.72821 milliseconds
[gsl_actionserver_node-3] [INFO] [1788884082.007077628] [GSL]: 10 gas measurements, 10 wind measurements over 1.94 seconds
[gsl_actionserver_node-3] [INFO] [1788884082.007139504] [GSL]: avg_gas=2.1e-05;  avg_windSpeed=0.042;  avg_wind_dir=-1.9
[gsl_actionserver_node-3] [INFO] [1788884082.008124332] [GSL]: [33mNOTHING [0m
[gsl_actionserver_node-3] [INFO] [1788884082.008154151] [GSL]: [DEBUG-WIND] useGroundTruth=false gmrf_req_size=631 gaden_req_size=-1
[gsl_actionserver_node-3] [INFO] [1788884082.008162814] [GSL]: [DEBUG-WIND] Taking GMRF path
[gsl_actionserver_node-3] [INFO] [1788884082.064480338] [GSL - Trace]: [32mEntering StopAndMeasure[0m
[gmrf_wind_mapping_node-2] --> MAP did not converge after 1 iterations.
[gmrf_wind_mapping_node-2] [GMRF] MAP Mean value estimated in 9.72976 milliseconds
[gmrf_wind_mapping_node-2] --> MAP did not converge after 1 iterations.
[gmrf_wind_mapping_node-2] [GMRF] MAP Mean value estimated in 9.72894 milliseconds
[gmrf_wind_mapping_node-2] --> MAP did not converge after 1 iterations.
[gmrf_wind_mapping_node-2] [GMRF] MAP Mean value estimated in 9.73095 milliseconds
[gmrf_wind_mapping_node-2] --> MAP did not converge after 1 iterations.
[gmrf_wind_mapping_node-2] [GMRF] MAP Mean value estimated in 9.73061 milliseconds
[gmrf_wind_mapping_node-2] --> MAP did not converge after 1 iterations.
[gmrf_wind_mapping_node-2] [GMRF] MAP Mean value estimated in 9.73261 milliseconds
[gmrf_wind_mapping_node-2] --> MAP did not converge after 1 iterations.
[gmrf_wind_mapping_node-2] [GMRF] MAP Mean value estimated in 9.7318 milliseconds
[gmrf_wind_mapping_node-2] --> MAP did not converge after 1 iterations.
[gmrf_wind_mapping_node-2] [GMRF] MAP Mean value estimated in 9.7338 milliseconds
[gmrf_wind_mapping_node-2] --> MAP did not converge after 1 iterations.
[gmrf_wind_mapping_node-2] [GMRF] MAP Mean value estimated in 9.73299 milliseconds
[gmrf_wind_mapping_node-2] --> MAP did not converge after 1 iterations.
[gmrf_wind_mapping_node-2] [GMRF] MAP Mean value estimated in 9.73499 milliseconds
[gmrf_wind_mapping_node-2] --> MAP did not converge after 1 iterations.
[gmrf_wind_mapping_node-2] [GMRF] MAP Mean value estimated in 9.73418 milliseconds
[gmrf_wind_mapping_node-2] --> MAP did not converge after 1 iterations.
[gmrf_wind_mapping_node-2] [GMRF] MAP Mean value estimated in 9.73664 milliseconds
[gmrf_wind_mapping_node-2] --> MAP did not converge after 1 iterations.
[gmrf_wind_mapping_node-2] [GMRF] MAP Mean value estimated in 9.73536 milliseconds
[gmrf_wind_mapping_node-2] --> MAP did not converge after 1 iterations.
[gmrf_wind_mapping_node-2] [GMRF] MAP Mean value estimated in 9.73549 milliseconds
[gmrf_wind_mapping_node-2] --> MAP did not converge after 1 iterations.
[gmrf_wind_mapping_node-2] [GMRF] MAP Mean value estimated in 9.73514 milliseconds
[gmrf_wind_mapping_node-2] --> MAP did not converge after 1 iterations.
[gmrf_wind_mapping_node-2] [GMRF] MAP Mean value estimated in 9.73386 milliseconds
[gmrf_wind_mapping_node-2] --> MAP did not converge after 1 iterations.
[gmrf_wind_mapping_node-2] [GMRF] MAP Mean value estimated in 9.73305 milliseconds
[gmrf_wind_mapping_node-2] --> MAP did not converge after 1 iterations.
[gmrf_wind_mapping_node-2] [GMRF] MAP Mean value estimated in 9.73598 milliseconds
[gmrf_wind_mapping_node-2] --> MAP did not converge after 1 iterations.
[gmrf_wind_mapping_node-2] [GMRF] MAP Mean value estimated in 9.7361 milliseconds
[gmrf_wind_mapping_node-2] --> MAP did not converge after 1 iterations.
[gmrf_wind_mapping_node-2] [GMRF] MAP Mean value estimated in 9.73996 milliseconds
[gmrf_wind_mapping_node-2] --> MAP did not converge after 1 iterations.
[gmrf_wind_mapping_node-2] [GMRF] MAP Mean value estimated in 9.74055 milliseconds
[gsl_actionserver_node-3] [INFO] [1788884084.007061297] [GSL]: 10 gas measurements, 10 wind measurements over 1.94 seconds
[gsl_actionserver_node-3] [INFO] [1788884084.007160467] [GSL]: avg_gas=4e-06;  avg_windSpeed=0.038;  avg_wind_dir=-2
[gsl_actionserver_node-3] [INFO] [1788884084.008014881] [GSL]: [33mNOTHING [0m
[gsl_actionserver_node-3] [INFO] [1788884084.008031028] [GSL]: [DEBUG-WIND] useGroundTruth=false gmrf_req_size=631 gaden_req_size=-1
[gsl_actionserver_node-3] [INFO] [1788884084.008041845] [GSL]: [DEBUG-WIND] Taking GMRF path
[gsl_actionserver_node-3] [INFO] [1788884084.065043324] [GSL - Trace]: [32mEntering StopAndMeasure[0m
[gmrf_wind_mapping_node-2] --> MAP did not converge after 1 iterations.
[gmrf_wind_mapping_node-2] [GMRF] MAP Mean value estimated in 9.74347 milliseconds
[gmrf_wind_mapping_node-2] --> MAP did not converge after 1 iterations.
[gmrf_wind_mapping_node-2] [GMRF] MAP Mean value estimated in 9.74359 milliseconds
[gmrf_wind_mapping_node-2] --> MAP did not converge after 1 iterations.
[gmrf_wind_mapping_node-2] [GMRF] MAP Mean value estimated in 9.74511 milliseconds
[gmrf_wind_mapping_node-2] --> MAP did not converge after 1 iterations.
[gmrf_wind_mapping_node-2] [GMRF] MAP Mean value estimated in 9.74429 milliseconds
[gmrf_wind_mapping_node-2] --> MAP did not converge after 1 iterations.
[gmrf_wind_mapping_node-2] [GMRF] MAP Mean value estimated in 9.74348 milliseconds
[gmrf_wind_mapping_node-2] --> MAP did not converge after 1 iterations.
[gmrf_wind_mapping_node-2] [GMRF] MAP Mean value estimated in 9.74314 milliseconds
[gmrf_wind_mapping_node-2] --> MAP did not converge after 1 iterations.
[gmrf_wind_mapping_node-2] [GMRF] MAP Mean value estimated in 9.74651 milliseconds
[gmrf_wind_mapping_node-2] --> MAP did not converge after 1 iterations.
[gmrf_wind_mapping_node-2] [GMRF] MAP Mean value estimated in 9.7457 milliseconds
[gmrf_wind_mapping_node-2] --> MAP did not converge after 1 iterations.
[gmrf_wind_mapping_node-2] [GMRF] MAP Mean value estimated in 9.74861 milliseconds
[gmrf_wind_mapping_node-2] --> MAP did not converge after 1 iterations.
[gmrf_wind_mapping_node-2] [GMRF] MAP Mean value estimated in 9.74779 milliseconds
[gmrf_wind_mapping_node-2] --> MAP did not converge after 1 iterations.
[gmrf_wind_mapping_node-2] [GMRF] MAP Mean value estimated in 9.74652 milliseconds
[gmrf_wind_mapping_node-2] --> MAP did not converge after 1 iterations.
[gmrf_wind_mapping_node-2] [GMRF] MAP Mean value estimated in 9.74524 milliseconds
[gmrf_wind_mapping_node-2] --> MAP did not converge after 1 iterations.
[gmrf_wind_mapping_node-2] [GMRF] MAP Mean value estimated in 9.74397 milliseconds
[gmrf_wind_mapping_node-2] --> MAP did not converge after 1 iterations.
[gmrf_wind_mapping_node-2] [GMRF] MAP Mean value estimated in 9.74548 milliseconds
[gmrf_wind_mapping_node-2] --> MAP did not converge after 1 iterations.
[gmrf_wind_mapping_node-2] [GMRF] MAP Mean value estimated in 9.74791 milliseconds
[gmrf_wind_mapping_node-2] --> MAP did not converge after 1 iterations.
[gmrf_wind_mapping_node-2] [GMRF] MAP Mean value estimated in 9.74757 milliseconds
[gmrf_wind_mapping_node-2] --> MAP did not converge after 1 iterations.
[gmrf_wind_mapping_node-2] [GMRF] MAP Mean value estimated in 9.75 milliseconds
[gmrf_wind_mapping_node-2] --> MAP did not converge after 1 iterations.
[gmrf_wind_mapping_node-2] [GMRF] MAP Mean value estimated in 9.74965 milliseconds
[gmrf_wind_mapping_node-2] --> MAP did not converge after 1 iterations.
[gmrf_wind_mapping_node-2] [GMRF] MAP Mean value estimated in 9.75162 milliseconds
[gmrf_wind_mapping_node-2] --> MAP did not converge after 1 iterations.
[gmrf_wind_mapping_node-2] [GMRF] MAP Mean value estimated in 9.75312 milliseconds
[gsl_actionserver_node-3] [INFO] [1788884086.007078511] [GSL]: 10 gas measurements, 10 wind measurements over 1.94 seconds
[gsl_actionserver_node-3] [INFO] [1788884086.007132749] [GSL]: avg_gas=7.6e-07;  avg_windSpeed=0.042;  avg_wind_dir=-1.9
[gsl_actionserver_node-3] [INFO] [1788884086.007983794] [GSL]: [33mNOTHING [0m
[gsl_actionserver_node-3] [INFO] [1788884086.008013653] [GSL]: [DEBUG-WIND] useGroundTruth=false gmrf_req_size=631 gaden_req_size=-1
[gsl_actionserver_node-3] [INFO] [1788884086.008020712] [GSL]: [DEBUG-WIND] Taking GMRF path
[gsl_actionserver_node-3] [INFO] [1788884086.065067475] [GSL - Trace]: [32mEntering StopAndMeasure[0m
[gmrf_wind_mapping_node-2] --> MAP did not converge after 1 iterations.
[gmrf_wind_mapping_node-2] [GMRF] MAP Mean value estimated in 9.75462 milliseconds
[gmrf_wind_mapping_node-2] --> MAP did not converge after 1 iterations.
[gmrf_wind_mapping_node-2] [GMRF] MAP Mean value estimated in 9.75612 milliseconds
[gmrf_wind_mapping_node-2] --> MAP did not converge after 1 iterations.
[gmrf_wind_mapping_node-2] [GMRF] MAP Mean value estimated in 9.75485 milliseconds
[gmrf_wind_mapping_node-2] --> MAP did not converge after 1 iterations.
[gmrf_wind_mapping_node-2] [GMRF] MAP Mean value estimated in 9.75542 milliseconds
[gmrf_wind_mapping_node-2] --> MAP did not converge after 1 iterations.
[gmrf_wind_mapping_node-2] [GMRF] MAP Mean value estimated in 9.75876 milliseconds
[gmrf_wind_mapping_node-2] --> MAP did not converge after 1 iterations.
[gmrf_wind_mapping_node-2] [GMRF] MAP Mean value estimated in 9.75749 milliseconds
[gmrf_wind_mapping_node-2] --> MAP did not converge after 1 iterations.
[gmrf_wind_mapping_node-2] [GMRF] MAP Mean value estimated in 9.75668 milliseconds
[gmrf_wind_mapping_node-2] --> MAP did not converge after 1 iterations.
[gmrf_wind_mapping_node-2] [GMRF] MAP Mean value estimated in 9.75541 milliseconds
[gmrf_wind_mapping_node-2] --> MAP did not converge after 1 iterations.
[gmrf_wind_mapping_node-2] [GMRF] MAP Mean value estimated in 9.75783 milliseconds
[gmrf_wind_mapping_node-2] --> MAP did not converge after 1 iterations.
[gmrf_wind_mapping_node-2] [GMRF] MAP Mean value estimated in 9.75702 milliseconds
[gmrf_wind_mapping_node-2] --> MAP did not converge after 1 iterations.
[gmrf_wind_mapping_node-2] [GMRF] MAP Mean value estimated in 9.75851 milliseconds
[gmrf_wind_mapping_node-2] --> MAP did not converge after 1 iterations.
[gmrf_wind_mapping_node-2] [GMRF] MAP Mean value estimated in 9.75816 milliseconds
[gmrf_wind_mapping_node-2] --> MAP did not converge after 1 iterations.
[gmrf_wind_mapping_node-2] [GMRF] MAP Mean value estimated in 9.76103 milliseconds
[gmrf_wind_mapping_node-2] --> MAP did not converge after 1 iterations.
[gmrf_wind_mapping_node-2] [GMRF] MAP Mean value estimated in 9.76206 milliseconds
[gmrf_wind_mapping_node-2] --> MAP did not converge after 1 iterations.
[gmrf_wind_mapping_node-2] [GMRF] MAP Mean value estimated in 9.764 milliseconds
[gmrf_wind_mapping_node-2] --> MAP did not converge after 1 iterations.
[gmrf_wind_mapping_node-2] [GMRF] MAP Mean value estimated in 9.76365 milliseconds
[gmrf_wind_mapping_node-2] --> MAP did not converge after 1 iterations.
[gmrf_wind_mapping_node-2] [GMRF] MAP Mean value estimated in 9.7656 milliseconds
[gmrf_wind_mapping_node-2] --> MAP did not converge after 1 iterations.
[gmrf_wind_mapping_node-2] [GMRF] MAP Mean value estimated in 9.76662 milliseconds
[gmrf_wind_mapping_node-2] --> MAP did not converge after 1 iterations.
[gmrf_wind_mapping_node-2] [GMRF] MAP Mean value estimated in 9.76994 milliseconds
[gmrf_wind_mapping_node-2] --> MAP did not converge after 1 iterations.
[gmrf_wind_mapping_node-2] [GMRF] MAP Mean value estimated in 9.76958 milliseconds
[gmrf_wind_mapping_node-2] --> MAP did not converge after 1 iterations.
[gmrf_wind_mapping_node-2] [GMRF] MAP Mean value estimated in 9.77152 milliseconds
[gmrf_wind_mapping_node-2] --> MAP did not converge after 1 iterations.
[gmrf_wind_mapping_node-2] [GMRF] MAP Mean value estimated in 9.77025 milliseconds
[gsl_actionserver_node-3] [INFO] [1788884088.185134275] [GSL]: 10 gas measurements, 10 wind measurements over 2.12 seconds
[gsl_actionserver_node-3] [INFO] [1788884088.185224113] [GSL]: avg_gas=1.4e-07;  avg_windSpeed=0.038;  avg_wind_dir=-2
[gsl_actionserver_node-3] [INFO] [1788884088.186111573] [GSL]: [33mNOTHING [0m
[gsl_actionserver_node-3] [INFO] [1788884088.186130339] [GSL]: [DEBUG-WIND] useGroundTruth=false gmrf_req_size=631 gaden_req_size=-1
[gsl_actionserver_node-3] [INFO] [1788884088.186142125] [GSL]: [DEBUG-WIND] Taking GMRF path
[gsl_actionserver_node-3] [INFO] [1788884088.264504615] [GSL - Trace]: [32mEntering StopAndMeasure[0m
[gmrf_wind_mapping_node-2] --> MAP did not converge after 1 iterations.
[gmrf_wind_mapping_node-2] [GMRF] MAP Mean value estimated in 9.77264 milliseconds
[gmrf_wind_mapping_node-2] --> MAP did not converge after 1 iterations.
[gmrf_wind_mapping_node-2] [GMRF] MAP Mean value estimated in 9.77138 milliseconds
[gmrf_wind_mapping_node-2] --> MAP did not converge after 1 iterations.
[gmrf_wind_mapping_node-2] [GMRF] MAP Mean value estimated in 9.77377 milliseconds
[gmrf_wind_mapping_node-2] --> MAP did not converge after 1 iterations.
[gmrf_wind_mapping_node-2] [GMRF] MAP Mean value estimated in 9.77296 milliseconds
[gmrf_wind_mapping_node-2] --> MAP did not converge after 1 iterations.
[gmrf_wind_mapping_node-2] [GMRF] MAP Mean value estimated in 9.77443 milliseconds
[gmrf_wind_mapping_node-2] --> MAP did not converge after 1 iterations.
[gmrf_wind_mapping_node-2] [GMRF] MAP Mean value estimated in 9.77362 milliseconds
[gmrf_wind_mapping_node-2] --> MAP did not converge after 1 iterations.
[gmrf_wind_mapping_node-2] [GMRF] MAP Mean value estimated in 9.77235 milliseconds
[gmrf_wind_mapping_node-2] --> MAP did not converge after 1 iterations.
[gmrf_wind_mapping_node-2] [GMRF] MAP Mean value estimated in 9.77109 milliseconds
[gmrf_wind_mapping_node-2] --> MAP did not converge after 1 iterations.
[gmrf_wind_mapping_node-2] [GMRF] MAP Mean value estimated in 9.77256 milliseconds
[gmrf_wind_mapping_node-2] --> MAP did not converge after 1 iterations.
[gmrf_wind_mapping_node-2] [GMRF] MAP Mean value estimated in 9.77221 milliseconds
[gmrf_wind_mapping_node-2] --> MAP did not converge after 1 iterations.
[gmrf_wind_mapping_node-2] [GMRF] MAP Mean value estimated in 9.77459 milliseconds
[gmrf_wind_mapping_node-2] --> MAP did not converge after 1 iterations.
[gmrf_wind_mapping_node-2] [GMRF] MAP Mean value estimated in 9.7756 milliseconds
[gmrf_wind_mapping_node-2] --> MAP did not converge after 1 iterations.
[gmrf_wind_mapping_node-2] [GMRF] MAP Mean value estimated in 9.77571 milliseconds
[gmrf_wind_mapping_node-2] --> MAP did not converge after 1 iterations.
[gmrf_wind_mapping_node-2] [GMRF] MAP Mean value estimated in 9.77535 milliseconds
[gmrf_wind_mapping_node-2] --> MAP did not converge after 1 iterations.
[gmrf_wind_mapping_node-2] [GMRF] MAP Mean value estimated in 9.77636 milliseconds
[gmrf_wind_mapping_node-2] --> MAP did not converge after 1 iterations.
[gmrf_wind_mapping_node-2] [GMRF] MAP Mean value estimated in 9.77737 milliseconds
[gmrf_wind_mapping_node-2] --> MAP did not converge after 1 iterations.
[gmrf_wind_mapping_node-2] [GMRF] MAP Mean value estimated in 9.77838 milliseconds
[gmrf_wind_mapping_node-2] --> MAP did not converge after 1 iterations.
[gmrf_wind_mapping_node-2] [GMRF] MAP Mean value estimated in 9.77985 milliseconds
[gmrf_wind_mapping_node-2] --> MAP did not converge after 1 iterations.
[gmrf_wind_mapping_node-2] [GMRF] MAP Mean value estimated in 9.7804 milliseconds
[gmrf_wind_mapping_node-2] --> MAP did not converge after 1 iterations.
[gmrf_wind_mapping_node-2] [GMRF] MAP Mean value estimated in 9.78095 milliseconds
[gsl_actionserver_node-3] [INFO] [1788884090.207192068] [GSL]: 10 gas measurements, 10 wind measurements over 1.94 seconds
[gsl_actionserver_node-3] [INFO] [1788884090.207458608] [GSL]: avg_gas=2.3e-08;  avg_windSpeed=0.042;  avg_wind_dir=-1.9
[gsl_actionserver_node-3] [INFO] [1788884090.208300934] [GSL]: [33mNOTHING [0m
[gsl_actionserver_node-3] [INFO] [1788884090.208969643] [GSL]: [DEBUG-WIND] useGroundTruth=false gmrf_req_size=631 gaden_req_size=-1
[gsl_actionserver_node-3] [INFO] [1788884090.208997097] [GSL]: [DEBUG-WIND] Taking GMRF path
[gsl_actionserver_node-3] [INFO] [1788884090.265090739] [GSL - Trace]: [32mEntering StopAndMeasure[0m
[gmrf_wind_mapping_node-2] --> MAP did not converge after 1 iterations.
[gmrf_wind_mapping_node-2] [GMRF] MAP Mean value estimated in 9.78422 milliseconds
[gmrf_wind_mapping_node-2] --> MAP did not converge after 1 iterations.
[gmrf_wind_mapping_node-2] [GMRF] MAP Mean value estimated in 9.78342 milliseconds
[gmrf_wind_mapping_node-2] --> MAP did not converge after 1 iterations.
[gmrf_wind_mapping_node-2] [GMRF] MAP Mean value estimated in 9.78578 milliseconds
[gmrf_wind_mapping_node-2] --> MAP did not converge after 1 iterations.
[gmrf_wind_mapping_node-2] [GMRF] MAP Mean value estimated in 9.78497 milliseconds
[gmrf_wind_mapping_node-2] --> MAP did not converge after 1 iterations.
[gmrf_wind_mapping_node-2] [GMRF] MAP Mean value estimated in 9.78778 milliseconds
[gmrf_wind_mapping_node-2] --> MAP did not converge after 1 iterations.
[gmrf_wind_mapping_node-2] [GMRF] MAP Mean value estimated in 9.78697 milliseconds
[gmrf_wind_mapping_node-2] --> MAP did not converge after 1 iterations.
[gmrf_wind_mapping_node-2] [GMRF] MAP Mean value estimated in 9.78978 milliseconds
[gmrf_wind_mapping_node-2] --> MAP did not converge after 1 iterations.
[gmrf_wind_mapping_node-2] [GMRF] MAP Mean value estimated in 9.78897 milliseconds
[gmrf_wind_mapping_node-2] --> MAP did not converge after 1 iterations.
[gmrf_wind_mapping_node-2] [GMRF] MAP Mean value estimated in 9.79133 milliseconds
[gmrf_wind_mapping_node-2] --> MAP did not converge after 1 iterations.
[gmrf_wind_mapping_node-2] [GMRF] MAP Mean value estimated in 9.79052 milliseconds
[gmrf_wind_mapping_node-2] --> MAP did not converge after 1 iterations.
[gmrf_wind_mapping_node-2] [GMRF] MAP Mean value estimated in 9.79061 milliseconds
[gmrf_wind_mapping_node-2] --> MAP did not converge after 1 iterations.
[gmrf_wind_mapping_node-2] [GMRF] MAP Mean value estimated in 9.79026 milliseconds
[gmrf_wind_mapping_node-2] --> MAP did not converge after 1 iterations.
[gmrf_wind_mapping_node-2] [GMRF] MAP Mean value estimated in 9.79306 milliseconds
[gmrf_wind_mapping_node-2] --> MAP did not converge after 1 iterations.
[gmrf_wind_mapping_node-2] [GMRF] MAP Mean value estimated in 9.79225 milliseconds
[gmrf_wind_mapping_node-2] --> MAP did not converge after 1 iterations.
[gmrf_wind_mapping_node-2] [GMRF] MAP Mean value estimated in 9.7955 milliseconds
[gmrf_wind_mapping_node-2] --> MAP did not converge after 1 iterations.
[gmrf_wind_mapping_node-2] [GMRF] MAP Mean value estimated in 9.79649 milliseconds
[gmrf_wind_mapping_node-2] --> MAP did not converge after 1 iterations.
[gmrf_wind_mapping_node-2] [GMRF] MAP Mean value estimated in 9.79883 milliseconds
[gmrf_wind_mapping_node-2] --> MAP did not converge after 1 iterations.
[gmrf_wind_mapping_node-2] [GMRF] MAP Mean value estimated in 9.79937 milliseconds
[gmrf_wind_mapping_node-2] --> MAP did not converge after 1 iterations.
[gmrf_wind_mapping_node-2] [GMRF] MAP Mean value estimated in 9.80126 milliseconds
[gmrf_wind_mapping_node-2] --> MAP did not converge after 1 iterations.
[gmrf_wind_mapping_node-2] [GMRF] MAP Mean value estimated in 9.8009 milliseconds
[gsl_actionserver_node-3] [INFO] [1788884092.207260152] [GSL]: 10 gas measurements, 10 wind measurements over 1.94 seconds
[gsl_actionserver_node-3] [INFO] [1788884092.207414337] [GSL]: avg_gas=4.3e-09;  avg_windSpeed=0.038;  avg_wind_dir=-2
[gsl_actionserver_node-3] [INFO] [1788884092.208758684] [GSL]: [33mNOTHING [0m
[gsl_actionserver_node-3] [INFO] [1788884092.208784377] [GSL]: [DEBUG-WIND] useGroundTruth=false gmrf_req_size=631 gaden_req_size=-1
[gsl_actionserver_node-3] [INFO] [1788884092.208800691] [GSL]: [DEBUG-WIND] Taking GMRF path
[gsl_actionserver_node-3] [INFO] [1788884092.264739346] [GSL - Trace]: [32mEntering StopAndMeasure[0m
[gmrf_wind_mapping_node-2] --> MAP did not converge after 1 iterations.
[gmrf_wind_mapping_node-2] [GMRF] MAP Mean value estimated in 9.80368 milliseconds
[gmrf_wind_mapping_node-2] --> MAP did not converge after 1 iterations.
[gmrf_wind_mapping_node-2] [GMRF] MAP Mean value estimated in 9.80332 milliseconds
[gmrf_wind_mapping_node-2] --> MAP did not converge after 1 iterations.
[gmrf_wind_mapping_node-2] [GMRF] MAP Mean value estimated in 9.8061 milliseconds
[gmrf_wind_mapping_node-2] --> MAP did not converge after 1 iterations.
[gmrf_wind_mapping_node-2] [GMRF] MAP Mean value estimated in 9.80664 milliseconds
[gmrf_wind_mapping_node-2] --> MAP did not converge after 1 iterations.
[gmrf_wind_mapping_node-2] [GMRF] MAP Mean value estimated in 9.80538 milliseconds
[gmrf_wind_mapping_node-2] --> MAP did not converge after 1 iterations.
[gmrf_wind_mapping_node-2] [GMRF] MAP Mean value estimated in 9.80771 milliseconds
[gmrf_wind_mapping_node-2] --> MAP did not converge after 1 iterations.
[gmrf_wind_mapping_node-2] [GMRF] MAP Mean value estimated in 9.80914 milliseconds
[gmrf_wind_mapping_node-2] --> MAP did not converge after 1 iterations.
[gmrf_wind_mapping_node-2] [GMRF] MAP Mean value estimated in 9.80788 milliseconds
[gmrf_wind_mapping_node-2] --> MAP did not converge after 1 iterations.
[gmrf_wind_mapping_node-2] [GMRF] MAP Mean value estimated in 9.80662 milliseconds
[gmrf_wind_mapping_node-2] --> MAP did not converge after 1 iterations.
[gmrf_wind_mapping_node-2] [GMRF] MAP Mean value estimated in 9.80582 milliseconds
[gmrf_wind_mapping_node-2] --> MAP did not converge after 1 iterations.
[gmrf_wind_mapping_node-2] [GMRF] MAP Mean value estimated in 9.80725 milliseconds
[gmrf_wind_mapping_node-2] --> MAP did not converge after 1 iterations.
[gmrf_wind_mapping_node-2] [GMRF] MAP Mean value estimated in 9.80778 milliseconds
[gmrf_wind_mapping_node-2] --> MAP did not converge after 1 iterations.
[gmrf_wind_mapping_node-2] [GMRF] MAP Mean value estimated in 9.81055 milliseconds
[gmrf_wind_mapping_node-2] --> MAP did not converge after 1 iterations.
[gmrf_wind_mapping_node-2] [GMRF] MAP Mean value estimated in 9.81018 milliseconds
[gmrf_wind_mapping_node-2] --> MAP did not converge after 1 iterations.
[gmrf_wind_mapping_node-2] [GMRF] MAP Mean value estimated in 9.81161 milliseconds
[gmrf_wind_mapping_node-2] --> MAP did not converge after 1 iterations.
[gmrf_wind_mapping_node-2] [GMRF] MAP Mean value estimated in 9.81169 milliseconds
[gmrf_wind_mapping_node-2] --> MAP did not converge after 1 iterations.
[gmrf_wind_mapping_node-2] [GMRF] MAP Mean value estimated in 9.81401 milliseconds
[gmrf_wind_mapping_node-2] --> MAP did not converge after 1 iterations.
[gmrf_wind_mapping_node-2] [GMRF] MAP Mean value estimated in 9.81364 milliseconds
[gmrf_wind_mapping_node-2] --> MAP did not converge after 1 iterations.
[gmrf_wind_mapping_node-2] [GMRF] MAP Mean value estimated in 9.81417 milliseconds
[gmrf_wind_mapping_node-2] --> MAP did not converge after 1 iterations.
[gmrf_wind_mapping_node-2] [GMRF] MAP Mean value estimated in 9.81381 milliseconds
[gsl_actionserver_node-3] [INFO] [1788884094.207248925] [GSL]: 10 gas measurements, 10 wind measurements over 1.94 seconds
[gsl_actionserver_node-3] [INFO] [1788884094.207358576] [GSL]: avg_gas=8.2e-10;  avg_windSpeed=0.042;  avg_wind_dir=-1.9
[gsl_actionserver_node-3] [INFO] [1788884094.208437482] [GSL]: [33mNOTHING [0m
[gsl_actionserver_node-3] [INFO] [1788884094.209148999] [GSL]: [DEBUG-WIND] useGroundTruth=false gmrf_req_size=631 gaden_req_size=-1
[gsl_actionserver_node-3] [INFO] [1788884094.209193890] [GSL]: [DEBUG-WIND] Taking GMRF path
[gsl_actionserver_node-3] [INFO] [1788884094.264009894] [GSL]: [33mStarted simulations. Might take a while![0m
[gmrf_wind_mapping_node-2] --> MAP did not converge after 1 iterations.
[gmrf_wind_mapping_node-2] [GMRF] MAP Mean value estimated in 9.81523 milliseconds
[gsl_actionserver_node-3] [INFO] [1788884094.367863049] [GSL - Trace]: [32mFirst simulation level done[0m
[gsl_actionserver_node-3] [INFO] [1788884094.368290168] [GSL]: [RC2-DIAG] scores_size=62 refineFraction=0.25 refine_product=15.5 valid_first_level=62 sum_sourceProbInternal_before_norm=3.437366855730503e-10 min_sourceProbInternal_before_norm=0 max_sourceProbInternal_before_norm=1.7184538931084774e-11 finite_sourceProbInternal=1053 finite_varianceOfHitProb=1053
[gmrf_wind_mapping_node-2] --> MAP did not converge after 1 iterations.
[gmrf_wind_mapping_node-2] [GMRF] MAP Mean value estimated in 9.81709 milliseconds
[gsl_actionserver_node-3] [INFO] [1788884094.460620320] [GSL - Trace]: [32mSimulation level 2 done[0m
[gmrf_wind_mapping_node-2] --> MAP did not converge after 1 iterations.
[gmrf_wind_mapping_node-2] [GMRF] MAP Mean value estimated in 9.82073 milliseconds
[gsl_actionserver_node-3] [INFO] [1788884094.544216545] [GSL - Trace]: [32mSimulation level 3 done[0m
[gsl_actionserver_node-3] [INFO] [1788884094.566925840] [GSL - Trace]: [32mSimulation level 4 done[0m
[gsl_actionserver_node-3] [INFO] [1788884094.566992600] [GSL - Trace]: [32mSimulation level 5 done[0m
[gsl_actionserver_node-3] [INFO] [1788884094.567003310] [GSL]: Number of levels in the simulation: 5
[gsl_actionserver_node-3] [INFO] [1788884094.567690139] [GSL]: Total number of simulations: 164
[gsl_actionserver_node-3] [INFO] [1788884094.567982990] [GSL]: [RC2-DIAG] normalized_finite_count=1053 normalized_sum=1
[gsl_actionserver_node-3] [INFO] [1788884094.567994976] [GSL]: Time ellapsed in simulation = 0.303941371 s
[gsl_actionserver_node-3] [INFO] [1788884094.571213509] [GSL]: Max mutual info: 2.300
[gsl_actionserver_node-3] [INFO] [1788884094.571398119] [GSL]: MutualInformation - Ellapsed: 0.003s
[gmrf_wind_mapping_node-2] --> MAP did not converge after 1 iterations.
[gmrf_wind_mapping_node-2] [GMRF] MAP Mean value estimated in 9.82125 milliseconds
[vgr_sim_node-1] [WARN] [1788884094.575595036] [vgr_uav_sim]: PLAN_CB: called with goal=(-2.24,-3.40)
[vgr_sim_node-1] [WARN] [1788884094.581012916] [vgr_uav_sim]: PLAN_CB: returning 7 poses
[vgr_sim_node-1] [WARN] [1788884094.592413366] [vgr_uav_sim]: PLAN_CB: called with goal=(-2.24,-3.40)
[vgr_sim_node-1] [WARN] [1788884094.594212558] [vgr_uav_sim]: PLAN_CB: returning 7 poses
[gsl_actionserver_node-3] [INFO] [1788884094.602847235] [GSL]: Sending goal (-2.24, -3.40)
[gsl_actionserver_node-3] [INFO] [1788884094.603303370] [GSL]: Variance: 0.12
[gsl_actionserver_node-3] [INFO] [1788884094.603323140] [GSL - Trace]: [32mEntering Moving[0m
[vgr_sim_node-1] [INFO] [1788884094.605617233] [vgr_uav_sim]: Prepared 7 collision-free navigation waypoints to (-2.24, -3.40)
[vgr_sim_node-1] [INFO] [1788884094.606672062] [vgr_uav_sim]: UAV navigating in audited 2-D mode to (-2.24, -3.40, 0.30)
[gmrf_wind_mapping_node-2] --> MAP did not converge after 1 iterations.
[gmrf_wind_mapping_node-2] [GMRF] MAP Mean value estimated in 9.82267 milliseconds
[gmrf_wind_mapping_node-2] --> MAP did not converge after 1 iterations.
[gmrf_wind_mapping_node-2] [GMRF] MAP Mean value estimated in 9.82141 milliseconds
[gmrf_wind_mapping_node-2] --> MAP did not converge after 1 iterations.
[gmrf_wind_mapping_node-2] [GMRF] MAP Mean value estimated in 9.82282 milliseconds
[gmrf_wind_mapping_node-2] --> MAP did not converge after 1 iterations.
[gmrf_wind_mapping_node-2] [GMRF] MAP Mean value estimated in 9.82512 milliseconds
[gmrf_wind_mapping_node-2] --> MAP did not converge after 1 iterations.
[gmrf_wind_mapping_node-2] [GMRF] MAP Mean value estimated in 9.82609 milliseconds
[gmrf_wind_mapping_node-2] --> MAP did not converge after 1 iterations.
[gmrf_wind_mapping_node-2] [GMRF] MAP Mean value estimated in 9.82572 milliseconds
[gmrf_wind_mapping_node-2] --> MAP did not converge after 1 iterations.
[gmrf_wind_mapping_node-2] [GMRF] MAP Mean value estimated in 9.82801 milliseconds
[gmrf_wind_mapping_node-2] --> MAP did not converge after 1 iterations.
[gmrf_wind_mapping_node-2] [GMRF] MAP Mean value estimated in 9.82942 milliseconds
[gmrf_wind_mapping_node-2] --> MAP did not converge after 1 iterations.
[gmrf_wind_mapping_node-2] [GMRF] MAP Mean value estimated in 9.82861 milliseconds
[gmrf_wind_mapping_node-2] --> MAP did not converge after 1 iterations.
[gmrf_wind_mapping_node-2] [GMRF] MAP Mean value estimated in 9.8278 milliseconds
[gmrf_wind_mapping_node-2] --> MAP did not converge after 1 iterations.
[gmrf_wind_mapping_node-2] [GMRF] MAP Mean value estimated in 9.82699 milliseconds
[gsl_actionserver_node-3] [INFO] [1788884095.771544126] [GSL - Trace]: [32mEntering StopAndMeasure[0m
[gmrf_wind_mapping_node-2] --> MAP did not converge after 1 iterations.
[gmrf_wind_mapping_node-2] [GMRF] MAP Mean value estimated in 9.82574 milliseconds
[gmrf_wind_mapping_node-2] --> MAP did not converge after 1 iterations.
[gmrf_wind_mapping_node-2] [GMRF] MAP Mean value estimated in 9.8267 milliseconds
[gmrf_wind_mapping_node-2] --> MAP did not converge after 1 iterations.
[gmrf_wind_mapping_node-2] [GMRF] MAP Mean value estimated in 9.82634 milliseconds
[gmrf_wind_mapping_node-2] --> MAP did not converge after 1 iterations.
[gmrf_wind_mapping_node-2] [GMRF] MAP Mean value estimated in 9.82641 milliseconds
[gmrf_wind_mapping_node-2] --> MAP did not converge after 1 iterations.
[gmrf_wind_mapping_node-2] [GMRF] MAP Mean value estimated in 9.82561 milliseconds
[gmrf_wind_mapping_node-2] --> MAP did not converge after 1 iterations.
[gmrf_wind_mapping_node-2] [GMRF] MAP Mean value estimated in 9.82833 milliseconds
[gmrf_wind_mapping_node-2] --> MAP did not converge after 1 iterations.
[gmrf_wind_mapping_node-2] [GMRF] MAP Mean value estimated in 9.82885 milliseconds
[gmrf_wind_mapping_node-2] --> MAP did not converge after 1 iterations.
[gmrf_wind_mapping_node-2] [GMRF] MAP Mean value estimated in 9.83157 milliseconds
[gmrf_wind_mapping_node-2] --> MAP did not converge after 1 iterations.
[gmrf_wind_mapping_node-2] [GMRF] MAP Mean value estimated in 9.83076 milliseconds
[gmrf_wind_mapping_node-2] --> MAP did not converge after 1 iterations.
[gmrf_wind_mapping_node-2] [GMRF] MAP Mean value estimated in 9.8326 milliseconds
[gmrf_wind_mapping_node-2] --> MAP did not converge after 1 iterations.
[gmrf_wind_mapping_node-2] [GMRF] MAP Mean value estimated in 9.83135 milliseconds
[gmrf_wind_mapping_node-2] --> MAP did not converge after 1 iterations.
[gmrf_wind_mapping_node-2] [GMRF] MAP Mean value estimated in 9.83099 milliseconds
[gmrf_wind_mapping_node-2] --> MAP did not converge after 1 iterations.
[gmrf_wind_mapping_node-2] [GMRF] MAP Mean value estimated in 9.8315 milliseconds
[gmrf_wind_mapping_node-2] --> MAP did not converge after 1 iterations.
[gmrf_wind_mapping_node-2] [GMRF] MAP Mean value estimated in 9.83333 milliseconds
[gmrf_wind_mapping_node-2] --> MAP did not converge after 1 iterations.
[gmrf_wind_mapping_node-2] [GMRF] MAP Mean value estimated in 9.83385 milliseconds
[gmrf_wind_mapping_node-2] --> MAP did not converge after 1 iterations.
[gmrf_wind_mapping_node-2] [GMRF] MAP Mean value estimated in 9.83392 milliseconds
[gmrf_wind_mapping_node-2] --> MAP did not converge after 1 iterations.
[gmrf_wind_mapping_node-2] [GMRF] MAP Mean value estimated in 9.83575 milliseconds
[gmrf_wind_mapping_node-2] --> MAP did not converge after 1 iterations.
[gmrf_wind_mapping_node-2] [GMRF] MAP Mean value estimated in 9.83758 milliseconds
[gmrf_wind_mapping_node-2] --> MAP did not converge after 1 iterations.
[gmrf_wind_mapping_node-2] [GMRF] MAP Mean value estimated in 9.83853 milliseconds
[gmrf_wind_mapping_node-2] --> MAP did not converge after 1 iterations.
[gmrf_wind_mapping_node-2] [GMRF] MAP Mean value estimated in 9.84079 milliseconds
[gmrf_wind_mapping_node-2] --> MAP did not converge after 1 iterations.
[gmrf_wind_mapping_node-2] [GMRF] MAP Mean value estimated in 9.83998 milliseconds
[gsl_actionserver_node-3] [INFO] [1788884097.805065507] [GSL]: 10 gas measurements, 10 wind measurements over 2.03 seconds
[gsl_actionserver_node-3] [INFO] [1788884097.805169170] [GSL]: avg_gas=4.1e-11;  avg_windSpeed=0.041;  avg_wind_dir=-2
[gsl_actionserver_node-3] [INFO] [1788884097.806233197] [GSL]: [33mNOTHING [0m
[gsl_actionserver_node-3] [INFO] [1788884097.806251984] [GSL]: [DEBUG-WIND] useGroundTruth=false gmrf_req_size=631 gaden_req_size=-1
[gsl_actionserver_node-3] [INFO] [1788884097.807050954] [GSL]: [DEBUG-WIND] Taking GMRF path
[gsl_actionserver_node-3] [INFO] [1788884097.864688680] [GSL - Trace]: [32mEntering StopAndMeasure[0m
[gmrf_wind_mapping_node-2] --> MAP did not converge after 1 iterations.
[gmrf_wind_mapping_node-2] [GMRF] MAP Mean value estimated in 9.84224 milliseconds
[gmrf_wind_mapping_node-2] --> MAP did not converge after 1 iterations.
[gmrf_wind_mapping_node-2] [GMRF] MAP Mean value estimated in 9.84144 milliseconds
[gmrf_wind_mapping_node-2] --> MAP did not converge after 1 iterations.
[gmrf_wind_mapping_node-2] [GMRF] MAP Mean value estimated in 9.84238 milliseconds
[gmrf_wind_mapping_node-2] --> MAP did not converge after 1 iterations.
[gmrf_wind_mapping_node-2] [GMRF] MAP Mean value estimated in 9.84158 milliseconds
[gmrf_wind_mapping_node-2] --> MAP did not converge after 1 iterations.
[gmrf_wind_mapping_node-2] [GMRF] MAP Mean value estimated in 9.84427 milliseconds
[gmrf_wind_mapping_node-2] --> MAP did not converge after 1 iterations.
[gmrf_wind_mapping_node-2] [GMRF] MAP Mean value estimated in 9.84609 milliseconds
[gmrf_wind_mapping_node-2] --> MAP did not converge after 1 iterations.
[gmrf_wind_mapping_node-2] [GMRF] MAP Mean value estimated in 9.84878 milliseconds
[gmrf_wind_mapping_node-2] --> MAP did not converge after 1 iterations.
[gmrf_wind_mapping_node-2] [GMRF] MAP Mean value estimated in 9.84797 milliseconds
[gmrf_wind_mapping_node-2] --> MAP did not converge after 1 iterations.
[gmrf_wind_mapping_node-2] [GMRF] MAP Mean value estimated in 9.85153 milliseconds
[gmrf_wind_mapping_node-2] --> MAP did not converge after 1 iterations.
[gmrf_wind_mapping_node-2] [GMRF] MAP Mean value estimated in 9.85116 milliseconds
[gmrf_wind_mapping_node-2] --> MAP did not converge after 1 iterations.
[gmrf_wind_mapping_node-2] [GMRF] MAP Mean value estimated in 9.85428 milliseconds
[gmrf_wind_mapping_node-2] --> MAP did not converge after 1 iterations.
[gmrf_wind_mapping_node-2] [GMRF] MAP Mean value estimated in 9.85521 milliseconds
[gmrf_wind_mapping_node-2] --> MAP did not converge after 1 iterations.
[gmrf_wind_mapping_node-2] [GMRF] MAP Mean value estimated in 9.85658 milliseconds
[gmrf_wind_mapping_node-2] --> MAP did not converge after 1 iterations.
[gmrf_wind_mapping_node-2] [GMRF] MAP Mean value estimated in 9.85577 milliseconds
[gmrf_wind_mapping_node-2] --> MAP did not converge after 1 iterations.
[gmrf_wind_mapping_node-2] [GMRF] MAP Mean value estimated in 9.85801 milliseconds
[gmrf_wind_mapping_node-2] --> MAP did not converge after 1 iterations.
[gmrf_wind_mapping_node-2] [GMRF] MAP Mean value estimated in 9.85677 milliseconds
[gmrf_wind_mapping_node-2] --> MAP did not converge after 1 iterations.
[gmrf_wind_mapping_node-2] [GMRF] MAP Mean value estimated in 9.85553 milliseconds
[gmrf_wind_mapping_node-2] --> MAP did not converge after 1 iterations.
[gmrf_wind_mapping_node-2] [GMRF] MAP Mean value estimated in 9.85472 milliseconds
[gmrf_wind_mapping_node-2] --> MAP did not converge after 1 iterations.
[gmrf_wind_mapping_node-2] [GMRF] MAP Mean value estimated in 9.85696 milliseconds
[gsl_actionserver_node-3] [INFO] [1788884099.754735434] [GSL]: 10 gas measurements, 10 wind measurements over 1.89 seconds
[gsl_actionserver_node-3] [INFO] [1788884099.754800186] [GSL]: avg_gas=7.7e-12;  avg_windSpeed=0.024;  avg_wind_dir=-2.1
[gsl_actionserver_node-3] [INFO] [1788884099.755667177] [GSL]: [33mNOTHING [0m
[gsl_actionserver_node-3] [INFO] [1788884099.755703703] [GSL]: [DEBUG-WIND] useGroundTruth=false gmrf_req_size=631 gaden_req_size=-1
[gsl_actionserver_node-3] [INFO] [1788884099.755714489] [GSL]: [DEBUG-WIND] Taking GMRF path
[gsl_actionserver_node-3] [INFO] [1788884099.764249909] [GSL - Trace]: [32mEntering StopAndMeasure[0m
[gmrf_wind_mapping_node-2] --> MAP did not converge after 1 iterations.
[gmrf_wind_mapping_node-2] [GMRF] MAP Mean value estimated in 9.85658 milliseconds
[gmrf_wind_mapping_node-2] --> MAP did not converge after 1 iterations.
[gmrf_wind_mapping_node-2] [GMRF] MAP Mean value estimated in 9.85882 milliseconds
[gmrf_wind_mapping_node-2] --> MAP did not converge after 1 iterations.
[gmrf_wind_mapping_node-2] [GMRF] MAP Mean value estimated in 9.85845 milliseconds
[gmrf_wind_mapping_node-2] --> MAP did not converge after 1 iterations.
[gmrf_wind_mapping_node-2] [GMRF] MAP Mean value estimated in 9.85938 milliseconds
[gmrf_wind_mapping_node-2] --> MAP did not converge after 1 iterations.
[gmrf_wind_mapping_node-2] [GMRF] MAP Mean value estimated in 9.85813 milliseconds
[gmrf_wind_mapping_node-2] --> MAP did not converge after 1 iterations.
[gmrf_wind_mapping_node-2] [GMRF] MAP Mean value estimated in 9.8582 milliseconds
[gmrf_wind_mapping_node-2] --> MAP did not converge after 1 iterations.
[gmrf_wind_mapping_node-2] [GMRF] MAP Mean value estimated in 9.85739 milliseconds
[gmrf_wind_mapping_node-2] --> MAP did not converge after 1 iterations.
[gmrf_wind_mapping_node-2] [GMRF] MAP Mean value estimated in 9.85615 milliseconds
[gmrf_wind_mapping_node-2] --> MAP did not converge after 1 iterations.
[gmrf_wind_mapping_node-2] [GMRF] MAP Mean value estimated in 9.85578 milliseconds
[gmrf_wind_mapping_node-2] --> MAP did not converge after 1 iterations.
[gmrf_wind_mapping_node-2] [GMRF] MAP Mean value estimated in 9.85801 milliseconds
[gmrf_wind_mapping_node-2] --> MAP did not converge after 1 iterations.
[gmrf_wind_mapping_node-2] [GMRF] MAP Mean value estimated in 9.8572 milliseconds
[gmrf_wind_mapping_node-2] --> MAP did not converge after 1 iterations.
[gmrf_wind_mapping_node-2] [GMRF] MAP Mean value estimated in 9.859 milliseconds
[gmrf_wind_mapping_node-2] --> MAP did not converge after 1 iterations.
[gmrf_wind_mapping_node-2] [GMRF] MAP Mean value estimated in 9.85906 milliseconds
[gmrf_wind_mapping_node-2] --> MAP did not converge after 1 iterations.
[gmrf_wind_mapping_node-2] [GMRF] MAP Mean value estimated in 9.86041 milliseconds
[gmrf_wind_mapping_node-2] --> MAP did not converge after 1 iterations.
[gmrf_wind_mapping_node-2] [GMRF] MAP Mean value estimated in 9.86134 milliseconds
[gmrf_wind_mapping_node-2] --> MAP did not converge after 1 iterations.
[gmrf_wind_mapping_node-2] [GMRF] MAP Mean value estimated in 9.8614 milliseconds
[gmrf_wind_mapping_node-2] --> MAP did not converge after 1 iterations.
[gmrf_wind_mapping_node-2] [GMRF] MAP Mean value estimated in 9.86103 milliseconds
[gmrf_wind_mapping_node-2] --> MAP did not converge after 1 iterations.
[gmrf_wind_mapping_node-2] [GMRF] MAP Mean value estimated in 9.86281 milliseconds
[gmrf_wind_mapping_node-2] --> MAP did not converge after 1 iterations.
[gmrf_wind_mapping_node-2] [GMRF] MAP Mean value estimated in 9.86201 milliseconds
[gmrf_wind_mapping_node-2] --> MAP did not converge after 1 iterations.
[gmrf_wind_mapping_node-2] [GMRF] MAP Mean value estimated in 9.86422 milliseconds
[gsl_actionserver_node-3] [INFO] [1788884101.754694567] [GSL]: 10 gas measurements, 10 wind measurements over 1.99 seconds
[gsl_actionserver_node-3] [INFO] [1788884101.754754056] [GSL]: avg_gas=1.4e-12;  avg_windSpeed=0.033;  avg_wind_dir=-2.1
[gsl_actionserver_node-3] [INFO] [1788884101.755324548] [GSL]: [33mNOTHING [0m
[gsl_actionserver_node-3] [INFO] [1788884101.755335985] [GSL]: [DEBUG-WIND] useGroundTruth=false gmrf_req_size=631 gaden_req_size=-1
[gsl_actionserver_node-3] [INFO] [1788884101.755342994] [GSL]: [DEBUG-WIND] Taking GMRF path
[gsl_actionserver_node-3] [INFO] [1788884101.764180395] [GSL - Trace]: [32mEntering StopAndMeasure[0m
[gmrf_wind_mapping_node-2] --> MAP did not converge after 1 iterations.
[gmrf_wind_mapping_node-2] [GMRF] MAP Mean value estimated in 9.86558 milliseconds
[gmrf_wind_mapping_node-2] --> MAP did not converge after 1 iterations.
[gmrf_wind_mapping_node-2] [GMRF] MAP Mean value estimated in 9.86477 milliseconds
[gmrf_wind_mapping_node-2] --> MAP did not converge after 1 iterations.
[gmrf_wind_mapping_node-2] [GMRF] MAP Mean value estimated in 9.86526 milliseconds
[gmrf_wind_mapping_node-2] --> MAP did not converge after 1 iterations.
[gmrf_wind_mapping_node-2] [GMRF] MAP Mean value estimated in 9.86575 milliseconds
[gmrf_wind_mapping_node-2] --> MAP did not converge after 1 iterations.
[gmrf_wind_mapping_node-2] [GMRF] MAP Mean value estimated in 9.86452 milliseconds
[gmrf_wind_mapping_node-2] --> MAP did not converge after 1 iterations.
[gmrf_wind_mapping_node-2] [GMRF] MAP Mean value estimated in 9.86629 milliseconds
[gmrf_wind_mapping_node-2] --> MAP did not converge after 1 iterations.
[gmrf_wind_mapping_node-2] [GMRF] MAP Mean value estimated in 9.86592 milliseconds
[gmrf_wind_mapping_node-2] --> MAP did not converge after 1 iterations.
[gmrf_wind_mapping_node-2] [GMRF] MAP Mean value estimated in 9.8677 milliseconds
[gmrf_wind_mapping_node-2] --> MAP did not converge after 1 iterations.
[gmrf_wind_mapping_node-2] [GMRF] MAP Mean value estimated in 9.8669 milliseconds
[gmrf_wind_mapping_node-2] --> MAP did not converge after 1 iterations.
[gmrf_wind_mapping_node-2] [GMRF] MAP Mean value estimated in 9.86567 milliseconds
[gmrf_wind_mapping_node-2] --> MAP did not converge after 1 iterations.
[gmrf_wind_mapping_node-2] [GMRF] MAP Mean value estimated in 9.86658 milliseconds
[gmrf_wind_mapping_node-2] --> MAP did not converge after 1 iterations.
[gmrf_wind_mapping_node-2] [GMRF] MAP Mean value estimated in 9.86878 milliseconds
[gmrf_wind_mapping_node-2] --> MAP did not converge after 1 iterations.
[gmrf_wind_mapping_node-2] [GMRF] MAP Mean value estimated in 9.86927 milliseconds
[gmrf_wind_mapping_node-2] --> MAP did not converge after 1 iterations.
[gmrf_wind_mapping_node-2] [GMRF] MAP Mean value estimated in 9.87018 milliseconds
[gmrf_wind_mapping_node-2] --> MAP did not converge after 1 iterations.
[gmrf_wind_mapping_node-2] [GMRF] MAP Mean value estimated in 9.86981 milliseconds
[gmrf_wind_mapping_node-2] --> MAP did not converge after 1 iterations.
[gmrf_wind_mapping_node-2] [GMRF] MAP Mean value estimated in 9.87115 milliseconds
[gmrf_wind_mapping_node-2] --> MAP did not converge after 1 iterations.
[gmrf_wind_mapping_node-2] [GMRF] MAP Mean value estimated in 9.8712 milliseconds
[gmrf_wind_mapping_node-2] --> MAP did not converge after 1 iterations.
[gmrf_wind_mapping_node-2] [GMRF] MAP Mean value estimated in 9.87425 milliseconds
[gmrf_wind_mapping_node-2] --> MAP did not converge after 1 iterations.
[gmrf_wind_mapping_node-2] [GMRF] MAP Mean value estimated in 9.87388 milliseconds
[gmrf_wind_mapping_node-2] --> MAP did not converge after 1 iterations.
[gmrf_wind_mapping_node-2] [GMRF] MAP Mean value estimated in 9.87393 milliseconds
[gsl_actionserver_node-3] [INFO] [1788884103.755000584] [GSL]: 10 gas measurements, 10 wind measurements over 1.99 seconds
[gsl_actionserver_node-3] [INFO] [1788884103.755074660] [GSL]: avg_gas=2.7e-13;  avg_windSpeed=0.03;  avg_wind_dir=-2.1
[gsl_actionserver_node-3] [INFO] [1788884103.755876680] [GSL]: [33mNOTHING [0m
[gsl_actionserver_node-3] [INFO] [1788884103.755890277] [GSL]: [DEBUG-WIND] useGroundTruth=false gmrf_req_size=631 gaden_req_size=-1
[gsl_actionserver_node-3] [INFO] [1788884103.755900638] [GSL]: [DEBUG-WIND] Taking GMRF path
[gsl_actionserver_node-3] [INFO] [1788884103.763952216] [GSL - Trace]: [32mEntering StopAndMeasure[0m
[gmrf_wind_mapping_node-2] --> MAP did not converge after 1 iterations.
[gmrf_wind_mapping_node-2] [GMRF] MAP Mean value estimated in 9.87441 milliseconds
[gmrf_wind_mapping_node-2] --> MAP did not converge after 1 iterations.
[gmrf_wind_mapping_node-2] [GMRF] MAP Mean value estimated in 9.87703 milliseconds
[gmrf_wind_mapping_node-2] --> MAP did not converge after 1 iterations.
[gmrf_wind_mapping_node-2] [GMRF] MAP Mean value estimated in 9.87751 milliseconds
[gmrf_wind_mapping_node-2] --> MAP did not converge after 1 iterations.
[gmrf_wind_mapping_node-2] [GMRF] MAP Mean value estimated in 9.87927 milliseconds
[gmrf_wind_mapping_node-2] --> MAP did not converge after 1 iterations.
[gmrf_wind_mapping_node-2] [GMRF] MAP Mean value estimated in 9.87846 milliseconds
[gmrf_wind_mapping_node-2] --> MAP did not converge after 1 iterations.
[gmrf_wind_mapping_node-2] [GMRF] MAP Mean value estimated in 9.8798 milliseconds
[gmrf_wind_mapping_node-2] --> MAP did not converge after 1 iterations.
[gmrf_wind_mapping_node-2] [GMRF] MAP Mean value estimated in 9.87857 milliseconds
[gmrf_wind_mapping_node-2] --> MAP did not converge after 1 iterations.
[gmrf_wind_mapping_node-2] [GMRF] MAP Mean value estimated in 9.87734 milliseconds
[gmrf_wind_mapping_node-2] --> MAP did not converge after 1 iterations.
[gmrf_wind_mapping_node-2] [GMRF] MAP Mean value estimated in 9.87612 milliseconds
[gmrf_wind_mapping_node-2] --> MAP did not converge after 1 iterations.
[gmrf_wind_mapping_node-2] [GMRF] MAP Mean value estimated in 9.87489 milliseconds
[gmrf_wind_mapping_node-2] --> MAP did not converge after 1 iterations.
[gmrf_wind_mapping_node-2] [GMRF] MAP Mean value estimated in 9.87367 milliseconds
[gmrf_wind_mapping_node-2] --> MAP did not converge after 1 iterations.
[gmrf_wind_mapping_node-2] [GMRF] MAP Mean value estimated in 9.87245 milliseconds
[gmrf_wind_mapping_node-2] --> MAP did not converge after 1 iterations.
[gmrf_wind_mapping_node-2] [GMRF] MAP Mean value estimated in 9.87123 milliseconds
[gmrf_wind_mapping_node-2] --> MAP did not converge after 1 iterations.
[gmrf_wind_mapping_node-2] [GMRF] MAP Mean value estimated in 9.87001 milliseconds
[gmrf_wind_mapping_node-2] --> MAP did not converge after 1 iterations.
[gmrf_wind_mapping_node-2] [GMRF] MAP Mean value estimated in 9.86921 milliseconds
[gmrf_wind_mapping_node-2] --> MAP did not converge after 1 iterations.
[gmrf_wind_mapping_node-2] [GMRF] MAP Mean value estimated in 9.87097 milliseconds
[gmrf_wind_mapping_node-2] --> MAP did not converge after 1 iterations.
[gmrf_wind_mapping_node-2] [GMRF] MAP Mean value estimated in 9.86975 milliseconds
[gmrf_wind_mapping_node-2] --> MAP did not converge after 1 iterations.
[gmrf_wind_mapping_node-2] [GMRF] MAP Mean value estimated in 9.87023 milliseconds
[gmrf_wind_mapping_node-2] --> MAP did not converge after 1 iterations.
[gmrf_wind_mapping_node-2] [GMRF] MAP Mean value estimated in 9.86944 milliseconds
[gmrf_wind_mapping_node-2] --> MAP did not converge after 1 iterations.
[gmrf_wind_mapping_node-2] [GMRF] MAP Mean value estimated in 9.87076 milliseconds
[gsl_actionserver_node-3] [INFO] [1788884105.754648570] [GSL]: 10 gas measurements, 10 wind measurements over 1.99 seconds
[gsl_actionserver_node-3] [INFO] [1788884105.754703051] [GSL]: avg_gas=5.2e-14;  avg_windSpeed=0.025;  avg_wind_dir=-2.1
[gsl_actionserver_node-3] [INFO] [1788884105.755259722] [GSL]: [33mNOTHING [0m
[gsl_actionserver_node-3] [INFO] [1788884105.755271123] [GSL]: [DEBUG-WIND] useGroundTruth=false gmrf_req_size=631 gaden_req_size=-1
[gsl_actionserver_node-3] [INFO] [1788884105.755278199] [GSL]: [DEBUG-WIND] Taking GMRF path
[gsl_actionserver_node-3] [INFO] [1788884105.764078223] [GSL - Trace]: [32mEntering StopAndMeasure[0m
[gmrf_wind_mapping_node-2] --> MAP did not converge after 1 iterations.
[gmrf_wind_mapping_node-2] [GMRF] MAP Mean value estimated in 9.86997 milliseconds
[gmrf_wind_mapping_node-2] --> MAP did not converge after 1 iterations.
[gmrf_wind_mapping_node-2] [GMRF] MAP Mean value estimated in 9.87087 milliseconds
[gmrf_wind_mapping_node-2] --> MAP did not converge after 1 iterations.
[gmrf_wind_mapping_node-2] [GMRF] MAP Mean value estimated in 9.87008 milliseconds
[gmrf_wind_mapping_node-2] --> MAP did not converge after 1 iterations.
[gmrf_wind_mapping_node-2] [GMRF] MAP Mean value estimated in 9.86929 milliseconds
[gmrf_wind_mapping_node-2] --> MAP did not converge after 1 iterations.
[gmrf_wind_mapping_node-2] [GMRF] MAP Mean value estimated in 9.86808 milliseconds
[gmrf_wind_mapping_node-2] --> MAP did not converge after 1 iterations.
[gmrf_wind_mapping_node-2] [GMRF] MAP Mean value estimated in 9.87067 milliseconds
[gmrf_wind_mapping_node-2] --> MAP did not converge after 1 iterations.
[gmrf_wind_mapping_node-2] [GMRF] MAP Mean value estimated in 9.86988 milliseconds
[gmrf_wind_mapping_node-2] --> MAP did not converge after 1 iterations.
[gmrf_wind_mapping_node-2] [GMRF] MAP Mean value estimated in 9.86909 milliseconds
[gmrf_wind_mapping_node-2] --> MAP did not converge after 1 iterations.
[gmrf_wind_mapping_node-2] [GMRF] MAP Mean value estimated in 9.86999 milliseconds
[gmrf_wind_mapping_node-2] --> MAP did not converge after 1 iterations.
[gmrf_wind_mapping_node-2] [GMRF] MAP Mean value estimated in 9.87131 milliseconds
[gmrf_wind_mapping_node-2] --> MAP did not converge after 1 iterations.
[gmrf_wind_mapping_node-2] [GMRF] MAP Mean value estimated in 9.87052 milliseconds
[gmrf_wind_mapping_node-2] --> MAP did not converge after 1 iterations.
[gmrf_wind_mapping_node-2] [GMRF] MAP Mean value estimated in 9.86931 milliseconds
[gmrf_wind_mapping_node-2] --> MAP did not converge after 1 iterations.
[gmrf_wind_mapping_node-2] [GMRF] MAP Mean value estimated in 9.86852 milliseconds
[gmrf_wind_mapping_node-2] --> MAP did not converge after 1 iterations.
[gmrf_wind_mapping_node-2] [GMRF] MAP Mean value estimated in 9.86984 milliseconds
[gmrf_wind_mapping_node-2] --> MAP did not converge after 1 iterations.
[gmrf_wind_mapping_node-2] [GMRF] MAP Mean value estimated in 9.86905 milliseconds
[gmrf_wind_mapping_node-2] --> MAP did not converge after 1 iterations.
[gmrf_wind_mapping_node-2] [GMRF] MAP Mean value estimated in 9.86827 milliseconds
[gmrf_wind_mapping_node-2] --> MAP did not converge after 1 iterations.
[gmrf_wind_mapping_node-2] [GMRF] MAP Mean value estimated in 9.86958 milliseconds
[gmrf_wind_mapping_node-2] --> MAP did not converge after 1 iterations.
[gmrf_wind_mapping_node-2] [GMRF] MAP Mean value estimated in 9.87132 milliseconds
[gmrf_wind_mapping_node-2] --> MAP did not converge after 1 iterations.
[gmrf_wind_mapping_node-2] [GMRF] MAP Mean value estimated in 9.87222 milliseconds
[gmrf_wind_mapping_node-2] --> MAP did not converge after 1 iterations.
[gmrf_wind_mapping_node-2] [GMRF] MAP Mean value estimated in 9.87353 milliseconds
[gmrf_wind_mapping_node-2] --> MAP did not converge after 1 iterations.
[gmrf_wind_mapping_node-2] [GMRF] MAP Mean value estimated in 9.87274 milliseconds
[gsl_actionserver_node-3] [INFO] [1788884107.805008637] [GSL]: 10 gas measurements, 10 wind measurements over 2.04 seconds
[gsl_actionserver_node-3] [INFO] [1788884107.805098718] [GSL]: avg_gas=9.8e-15;  avg_windSpeed=0.038;  avg_wind_dir=-2
[gsl_actionserver_node-3] [INFO] [1788884107.806202219] [GSL]: [33mNOTHING [0m
[gsl_actionserver_node-3] [INFO] [1788884107.806260364] [GSL]: [DEBUG-WIND] useGroundTruth=false gmrf_req_size=631 gaden_req_size=-1
[gsl_actionserver_node-3] [INFO] [1788884107.806273107] [GSL]: [DEBUG-WIND] Taking GMRF path
[gsl_actionserver_node-3] [INFO] [1788884107.864149970] [GSL - Trace]: [32mEntering StopAndMeasure[0m
[gmrf_wind_mapping_node-2] --> MAP did not converge after 1 iterations.
[gmrf_wind_mapping_node-2] [GMRF] MAP Mean value estimated in 9.87154 milliseconds
[gmrf_wind_mapping_node-2] --> MAP did not converge after 1 iterations.
[gmrf_wind_mapping_node-2] [GMRF] MAP Mean value estimated in 9.87033 milliseconds
[gmrf_wind_mapping_node-2] --> MAP did not converge after 1 iterations.
[gmrf_wind_mapping_node-2] [GMRF] MAP Mean value estimated in 9.87164 milliseconds
[gmrf_wind_mapping_node-2] --> MAP did not converge after 1 iterations.
[gmrf_wind_mapping_node-2] [GMRF] MAP Mean value estimated in 9.87086 milliseconds
[gmrf_wind_mapping_node-2] --> MAP did not converge after 1 iterations.
[gmrf_wind_mapping_node-2] [GMRF] MAP Mean value estimated in 9.87175 milliseconds
[gmrf_wind_mapping_node-2] --> MAP did not converge after 1 iterations.
[gmrf_wind_mapping_node-2] [GMRF] MAP Mean value estimated in 9.87348 milliseconds
[gmrf_wind_mapping_node-2] --> MAP did not converge after 1 iterations.
[gmrf_wind_mapping_node-2] [GMRF] MAP Mean value estimated in 9.87688 milliseconds
[gmrf_wind_mapping_node-2] --> MAP did not converge after 1 iterations.
[gmrf_wind_mapping_node-2] [GMRF] MAP Mean value estimated in 9.87735 milliseconds
[gmrf_wind_mapping_node-2] --> MAP did not converge after 1 iterations.
[gmrf_wind_mapping_node-2] [GMRF] MAP Mean value estimated in 9.87741 milliseconds
[gmrf_wind_mapping_node-2] --> MAP did not converge after 1 iterations.
[gmrf_wind_mapping_node-2] [GMRF] MAP Mean value estimated in 9.87704 milliseconds
[gmrf_wind_mapping_node-2] --> MAP did not converge after 1 iterations.
[gmrf_wind_mapping_node-2] [GMRF] MAP Mean value estimated in 9.87709 milliseconds
[gmrf_wind_mapping_node-2] --> MAP did not converge after 1 iterations.
[gmrf_wind_mapping_node-2] [GMRF] MAP Mean value estimated in 9.87589 milliseconds
[gmrf_wind_mapping_node-2] --> MAP did not converge after 1 iterations.
[gmrf_wind_mapping_node-2] [GMRF] MAP Mean value estimated in 9.87803 milliseconds
[gmrf_wind_mapping_node-2] --> MAP did not converge after 1 iterations.
[gmrf_wind_mapping_node-2] [GMRF] MAP Mean value estimated in 9.87683 milliseconds
[gmrf_wind_mapping_node-2] --> MAP did not converge after 1 iterations.
[gmrf_wind_mapping_node-2] [GMRF] MAP Mean value estimated in 9.87813 milliseconds
[gmrf_wind_mapping_node-2] --> MAP did not converge after 1 iterations.
[gmrf_wind_mapping_node-2] [GMRF] MAP Mean value estimated in 9.87818 milliseconds
[gmrf_wind_mapping_node-2] --> MAP did not converge after 1 iterations.
[gmrf_wind_mapping_node-2] [GMRF] MAP Mean value estimated in 9.8799 milliseconds
[gmrf_wind_mapping_node-2] --> MAP did not converge after 1 iterations.
[gmrf_wind_mapping_node-2] [GMRF] MAP Mean value estimated in 9.87912 milliseconds
[gmrf_wind_mapping_node-2] --> MAP did not converge after 1 iterations.
[gmrf_wind_mapping_node-2] [GMRF] MAP Mean value estimated in 9.88083 milliseconds
[gsl_actionserver_node-3] [INFO] [1788884109.754701859] [GSL]: 10 gas measurements, 10 wind measurements over 1.89 seconds
[gsl_actionserver_node-3] [INFO] [1788884109.754753367] [GSL]: avg_gas=1.8e-15;  avg_windSpeed=0.021;  avg_wind_dir=-2.1
[gsl_actionserver_node-3] [INFO] [1788884109.755387382] [GSL]: [33mNOTHING [0m
[gsl_actionserver_node-3] [INFO] [1788884109.755400203] [GSL]: [DEBUG-WIND] useGroundTruth=false gmrf_req_size=631 gaden_req_size=-1
[gsl_actionserver_node-3] [INFO] [1788884109.755408171] [GSL]: [DEBUG-WIND] Taking GMRF path
[gsl_actionserver_node-3] [INFO] [1788884109.764102998] [GSL - Trace]: [32mEntering StopAndMeasure[0m
[gmrf_wind_mapping_node-2] --> MAP did not converge after 1 iterations.
[gmrf_wind_mapping_node-2] [GMRF] MAP Mean value estimated in 9.88047 milliseconds
[gmrf_wind_mapping_node-2] --> MAP did not converge after 1 iterations.
[gmrf_wind_mapping_node-2] [GMRF] MAP Mean value estimated in 9.88177 milliseconds
[gmrf_wind_mapping_node-2] --> MAP did not converge after 1 iterations.
[gmrf_wind_mapping_node-2] [GMRF] MAP Mean value estimated in 9.88265 milliseconds
[gmrf_wind_mapping_node-2] --> MAP did not converge after 1 iterations.
[gmrf_wind_mapping_node-2] [GMRF] MAP Mean value estimated in 9.8827 milliseconds
[gmrf_wind_mapping_node-2] --> MAP did not converge after 1 iterations.
[gmrf_wind_mapping_node-2] [GMRF] MAP Mean value estimated in 9.88274 milliseconds
[gmrf_wind_mapping_node-2] --> MAP did not converge after 1 iterations.
[gmrf_wind_mapping_node-2] [GMRF] MAP Mean value estimated in 9.88362 milliseconds
[gmrf_wind_mapping_node-2] --> MAP did not converge after 1 iterations.
[gmrf_wind_mapping_node-2] [GMRF] MAP Mean value estimated in 9.8845 milliseconds
[gmrf_wind_mapping_node-2] --> MAP did not converge after 1 iterations.
[gmrf_wind_mapping_node-2] [GMRF] MAP Mean value estimated in 9.88787 milliseconds
[gmrf_wind_mapping_node-2] --> MAP did not converge after 1 iterations.
[gmrf_wind_mapping_node-2] [GMRF] MAP Mean value estimated in 9.88917 milliseconds
[gmrf_wind_mapping_node-2] --> MAP did not converge after 1 iterations.
[gmrf_wind_mapping_node-2] [GMRF] MAP Mean value estimated in 9.8917 milliseconds
[gmrf_wind_mapping_node-2] --> MAP did not converge after 1 iterations.
[gmrf_wind_mapping_node-2] [GMRF] MAP Mean value estimated in 9.89299 milliseconds
[gmrf_wind_mapping_node-2] --> MAP did not converge after 1 iterations.
[gmrf_wind_mapping_node-2] [GMRF] MAP Mean value estimated in 9.89262 milliseconds
[gmrf_wind_mapping_node-2] --> MAP did not converge after 1 iterations.
[gmrf_wind_mapping_node-2] [GMRF] MAP Mean value estimated in 9.89184 milliseconds
[gmrf_wind_mapping_node-2] --> MAP did not converge after 1 iterations.
[gmrf_wind_mapping_node-2] [GMRF] MAP Mean value estimated in 9.89271 milliseconds
[gmrf_wind_mapping_node-2] --> MAP did not converge after 1 iterations.
[gmrf_wind_mapping_node-2] [GMRF] MAP Mean value estimated in 9.89275 milliseconds
[gmrf_wind_mapping_node-2] --> MAP did not converge after 1 iterations.
[gmrf_wind_mapping_node-2] [GMRF] MAP Mean value estimated in 9.89528 milliseconds
[gmrf_wind_mapping_node-2] --> MAP did not converge after 1 iterations.
[gmrf_wind_mapping_node-2] [GMRF] MAP Mean value estimated in 9.8945 milliseconds
[gmrf_wind_mapping_node-2] --> MAP did not converge after 1 iterations.
[gmrf_wind_mapping_node-2] [GMRF] MAP Mean value estimated in 9.8962 milliseconds
[gmrf_wind_mapping_node-2] --> MAP did not converge after 1 iterations.
[gmrf_wind_mapping_node-2] [GMRF] MAP Mean value estimated in 9.89541 milliseconds
[gmrf_wind_mapping_node-2] --> MAP did not converge after 1 iterations.
[gmrf_wind_mapping_node-2] [GMRF] MAP Mean value estimated in 9.89711 milliseconds
[gmrf_wind_mapping_node-2] --> MAP did not converge after 1 iterations.
[gmrf_wind_mapping_node-2] [GMRF] MAP Mean value estimated in 9.89632 milliseconds
[gsl_actionserver_node-3] [INFO] [1788884111.805169312] [GSL]: 10 gas measurements, 10 wind measurements over 2.04 seconds
[gsl_actionserver_node-3] [INFO] [1788884111.805279867] [GSL]: avg_gas=3.5e-16;  avg_windSpeed=0.043;  avg_wind_dir=-2
[gsl_actionserver_node-3] [INFO] [1788884111.806413092] [GSL]: [33mNOTHING [0m
[gsl_actionserver_node-3] [INFO] [1788884111.806433504] [GSL]: [DEBUG-WIND] useGroundTruth=false gmrf_req_size=631 gaden_req_size=-1
[gsl_actionserver_node-3] [INFO] [1788884111.806448013] [GSL]: [DEBUG-WIND] Taking GMRF path
[gsl_actionserver_node-3] [INFO] [1788884111.864697749] [GSL]: [33mStarted simulations. Might take a while![0m
[gmrf_wind_mapping_node-2] --> MAP did not converge after 1 iterations.
[gmrf_wind_mapping_node-2] [GMRF] MAP Mean value estimated in 9.89967 milliseconds
[gmrf_wind_mapping_node-2] --> MAP did not converge after 1 iterations.
[gsl_actionserver_node-3] [INFO] [1788884111.985629353] [GSL - Trace]: [32mFirst simulation level done[0m
[gmrf_wind_mapping_node-2] [GMRF] MAP Mean value estimated in 9.90301 milliseconds
[gsl_actionserver_node-3] [INFO] [1788884111.986040008] [GSL]: [RC2-DIAG] scores_size=62 refineFraction=0.25 refine_product=15.5 valid_first_level=62 sum_sourceProbInternal_before_norm=5.727736567053298e-14 min_sourceProbInternal_before_norm=0 max_sourceProbInternal_before_norm=2.1774847907668315e-15 finite_sourceProbInternal=1053 finite_varianceOfHitProb=1053
[gmrf_wind_mapping_node-2] --> MAP did not converge after 1 iterations.
[gmrf_wind_mapping_node-2] [GMRF] MAP Mean value estimated in 9.90388 milliseconds
[gsl_actionserver_node-3] [INFO] [1788884112.083241586] [GSL - Trace]: [32mSimulation level 2 done[0m
[gsl_actionserver_node-3] [INFO] [1788884112.157197484] [GSL - Trace]: [32mSimulation level 3 done[0m
[gsl_actionserver_node-3] [INFO] [1788884112.157917937] [GSL - Trace]: [32mSimulation level 4 done[0m
[gsl_actionserver_node-3] [INFO] [1788884112.158066537] [GSL]: Number of levels in the simulation: 4
[gsl_actionserver_node-3] [INFO] [1788884112.158074867] [GSL]: Total number of simulations: 156
[gsl_actionserver_node-3] [INFO] [1788884112.158407037] [GSL]: [RC2-DIAG] normalized_finite_count=1053 normalized_sum=1
[gsl_actionserver_node-3] [INFO] [1788884112.158418352] [GSL]: Time ellapsed in simulation = 0.29361425700000005 s
[gsl_actionserver_node-3] [INFO] [1788884112.161675112] [GSL]: Max mutual info: 1.801
[gsl_actionserver_node-3] [INFO] [1788884112.162049977] [GSL]: MutualInformation - Ellapsed: 0.004s
[vgr_sim_node-1] [WARN] [1788884112.166042273] [vgr_uav_sim]: PLAN_CB: called with goal=(-2.84,-3.70)
[vgr_sim_node-1] [WARN] [1788884112.172149412] [vgr_uav_sim]: PLAN_CB: returning 4 poses
[gmrf_wind_mapping_node-2] --> MAP did not converge after 1 iterations.
[gmrf_wind_mapping_node-2] [GMRF] MAP Mean value estimated in 9.90474 milliseconds
[vgr_sim_node-1] [WARN] [1788884112.178971216] [vgr_uav_sim]: PLAN_CB: called with goal=(-2.84,-3.70)
[vgr_sim_node-1] [WARN] [1788884112.179871507] [vgr_uav_sim]: PLAN_CB: returning 4 poses
[gsl_actionserver_node-3] [INFO] [1788884112.189387618] [GSL]: Sending goal (-2.84, -3.70)
[gsl_actionserver_node-3] [INFO] [1788884112.189863818] [GSL]: Variance: 0.18
[gsl_actionserver_node-3] [INFO] [1788884112.189883604] [GSL - Trace]: [32mEntering Moving[0m
[vgr_sim_node-1] [INFO] [1788884112.191253071] [vgr_uav_sim]: Prepared 4 collision-free navigation waypoints to (-2.84, -3.70)
[vgr_sim_node-1] [INFO] [1788884112.192797633] [vgr_uav_sim]: UAV navigating in audited 2-D mode to (-2.84, -3.70, 0.30)
[gmrf_wind_mapping_node-2] --> MAP did not converge after 1 iterations.
[gmrf_wind_mapping_node-2] [GMRF] MAP Mean value estimated in 9.90437 milliseconds
[gmrf_wind_mapping_node-2] --> MAP did not converge after 1 iterations.
[gmrf_wind_mapping_node-2] [GMRF] MAP Mean value estimated in 9.904 milliseconds
[gmrf_wind_mapping_node-2] --> MAP did not converge after 1 iterations.
[gmrf_wind_mapping_node-2] [GMRF] MAP Mean value estimated in 9.9061 milliseconds
[gmrf_wind_mapping_node-2] --> MAP did not converge after 1 iterations.
[gmrf_wind_mapping_node-2] [GMRF] MAP Mean value estimated in 9.90613 milliseconds
[gmrf_wind_mapping_node-2] --> MAP did not converge after 1 iterations.
[gmrf_wind_mapping_node-2] [GMRF] MAP Mean value estimated in 9.90823 milliseconds
[gmrf_wind_mapping_node-2] --> MAP did not converge after 1 iterations.
[gmrf_wind_mapping_node-2] [GMRF] MAP Mean value estimated in 9.90909 milliseconds
[gsl_actionserver_node-3] [INFO] [1788884112.802353221] [GSL - Trace]: [32mEntering StopAndMeasure[0m
[gmrf_wind_mapping_node-2] --> MAP did not converge after 1 iterations.
[gmrf_wind_mapping_node-2] [GMRF] MAP Mean value estimated in 9.90913 milliseconds
[gmrf_wind_mapping_node-2] --> MAP did not converge after 1 iterations.
[gmrf_wind_mapping_node-2] [GMRF] MAP Mean value estimated in 9.90793 milliseconds
[gmrf_wind_mapping_node-2] --> MAP did not converge after 1 iterations.
[gmrf_wind_mapping_node-2] [GMRF] MAP Mean value estimated in 9.91044 milliseconds
[gmrf_wind_mapping_node-2] --> MAP did not converge after 1 iterations.
[gmrf_wind_mapping_node-2] [GMRF] MAP Mean value estimated in 9.90965 milliseconds
[gmrf_wind_mapping_node-2] --> MAP did not converge after 1 iterations.
[gmrf_wind_mapping_node-2] [GMRF] MAP Mean value estimated in 9.91215 milliseconds
[gmrf_wind_mapping_node-2] --> MAP did not converge after 1 iterations.
[gmrf_wind_mapping_node-2] [GMRF] MAP Mean value estimated in 9.91096 milliseconds
[gmrf_wind_mapping_node-2] --> MAP did not converge after 1 iterations.
[gmrf_wind_mapping_node-2] [GMRF] MAP Mean value estimated in 9.91345 milliseconds
[gmrf_wind_mapping_node-2] --> MAP did not converge after 1 iterations.
[gmrf_wind_mapping_node-2] [GMRF] MAP Mean value estimated in 9.91513 milliseconds
[gmrf_wind_mapping_node-2] --> MAP did not converge after 1 iterations.
[gmrf_wind_mapping_node-2] [GMRF] MAP Mean value estimated in 9.9168 milliseconds
[gmrf_wind_mapping_node-2] --> MAP did not converge after 1 iterations.
[gmrf_wind_mapping_node-2] [GMRF] MAP Mean value estimated in 9.91684 milliseconds
[gmrf_wind_mapping_node-2] --> MAP did not converge after 1 iterations.
[gmrf_wind_mapping_node-2] [GMRF] MAP Mean value estimated in 9.9181 milliseconds
[gmrf_wind_mapping_node-2] --> MAP did not converge after 1 iterations.
[gmrf_wind_mapping_node-2] [GMRF] MAP Mean value estimated in 9.91854 milliseconds
[gmrf_wind_mapping_node-2] --> MAP did not converge after 1 iterations.
[gmrf_wind_mapping_node-2] [GMRF] MAP Mean value estimated in 9.91735 milliseconds
[gmrf_wind_mapping_node-2] --> MAP did not converge after 1 iterations.
[gmrf_wind_mapping_node-2] [GMRF] MAP Mean value estimated in 9.91656 milliseconds
[gmrf_wind_mapping_node-2] --> MAP did not converge after 1 iterations.
[gmrf_wind_mapping_node-2] [GMRF] MAP Mean value estimated in 9.91619 milliseconds
[gmrf_wind_mapping_node-2] --> MAP did not converge after 1 iterations.
[gmrf_wind_mapping_node-2] [GMRF] MAP Mean value estimated in 9.91541 milliseconds
[gmrf_wind_mapping_node-2] --> MAP did not converge after 1 iterations.
[gmrf_wind_mapping_node-2] [GMRF] MAP Mean value estimated in 9.91585 milliseconds
[gmrf_wind_mapping_node-2] --> MAP did not converge after 1 iterations.
[gmrf_wind_mapping_node-2] [GMRF] MAP Mean value estimated in 9.91752 milliseconds
[gmrf_wind_mapping_node-2] --> MAP did not converge after 1 iterations.
[gmrf_wind_mapping_node-2] [GMRF] MAP Mean value estimated in 9.92 milliseconds
[gmrf_wind_mapping_node-2] --> MAP did not converge after 1 iterations.
[gmrf_wind_mapping_node-2] [GMRF] MAP Mean value estimated in 9.91922 milliseconds
[gsl_actionserver_node-3] [INFO] [1788884114.784781042] [GSL]: 10 gas measurements, 10 wind measurements over 1.98 seconds
[gsl_actionserver_node-3] [INFO] [1788884114.785235649] [GSL]: avg_gas=2.9e-17;  avg_windSpeed=0.076;  avg_wind_dir=-3
[gsl_actionserver_node-3] [INFO] [1788884114.785926811] [GSL]: [33mNOTHING [0m
[gsl_actionserver_node-3] [INFO] [1788884114.785939697] [GSL]: [DEBUG-WIND] useGroundTruth=false gmrf_req_size=631 gaden_req_size=-1
[gsl_actionserver_node-3] [INFO] [1788884114.785948279] [GSL]: [DEBUG-WIND] Taking GMRF path
[gsl_actionserver_node-3] [INFO] [1788884114.864594414] [GSL - Trace]: [32mEntering StopAndMeasure[0m
[gmrf_wind_mapping_node-2] --> MAP did not converge after 1 iterations.
[gmrf_wind_mapping_node-2] [GMRF] MAP Mean value estimated in 9.92047 milliseconds
[gmrf_wind_mapping_node-2] --> MAP did not converge after 1 iterations.
[gmrf_wind_mapping_node-2] [GMRF] MAP Mean value estimated in 9.92051 milliseconds
[gmrf_wind_mapping_node-2] --> MAP did not converge after 1 iterations.
[gmrf_wind_mapping_node-2] [GMRF] MAP Mean value estimated in 9.92217 milliseconds
[gmrf_wind_mapping_node-2] --> MAP did not converge after 1 iterations.
[gmrf_wind_mapping_node-2] [GMRF] MAP Mean value estimated in 9.92301 milliseconds
[gmrf_wind_mapping_node-2] --> MAP did not converge after 1 iterations.
[gmrf_wind_mapping_node-2] [GMRF] MAP Mean value estimated in 9.92508 milliseconds
[gmrf_wind_mapping_node-2] --> MAP did not converge after 1 iterations.
[gmrf_wind_mapping_node-2] [GMRF] MAP Mean value estimated in 9.9243 milliseconds
[gmrf_wind_mapping_node-2] --> MAP did not converge after 1 iterations.
[gmrf_wind_mapping_node-2] [GMRF] MAP Mean value estimated in 9.92596 milliseconds
[gmrf_wind_mapping_node-2] --> MAP did not converge after 1 iterations.
[gmrf_wind_mapping_node-2] [GMRF] MAP Mean value estimated in 9.92558 milliseconds
[gmrf_wind_mapping_node-2] --> MAP did not converge after 1 iterations.
[gmrf_wind_mapping_node-2] [GMRF] MAP Mean value estimated in 9.92602 milliseconds
[gmrf_wind_mapping_node-2] --> MAP did not converge after 1 iterations.
[gmrf_wind_mapping_node-2] [GMRF] MAP Mean value estimated in 9.92686 milliseconds
[gmrf_wind_mapping_node-2] --> MAP did not converge after 1 iterations.
[gmrf_wind_mapping_node-2] [GMRF] MAP Mean value estimated in 9.93014 milliseconds
[gmrf_wind_mapping_node-2] --> MAP did not converge after 1 iterations.
[gmrf_wind_mapping_node-2] [GMRF] MAP Mean value estimated in 9.92935 milliseconds
[gmrf_wind_mapping_node-2] --> MAP did not converge after 1 iterations.
[gmrf_wind_mapping_node-2] [GMRF] MAP Mean value estimated in 9.92817 milliseconds
[gmrf_wind_mapping_node-2] --> MAP did not converge after 1 iterations.
[gmrf_wind_mapping_node-2] [GMRF] MAP Mean value estimated in 9.92738 milliseconds
[gmrf_wind_mapping_node-2] --> MAP did not converge after 1 iterations.
[gmrf_wind_mapping_node-2] [GMRF] MAP Mean value estimated in 9.9266 milliseconds
[gmrf_wind_mapping_node-2] --> MAP did not converge after 1 iterations.
[gmrf_wind_mapping_node-2] [GMRF] MAP Mean value estimated in 9.92623 milliseconds
[gmrf_wind_mapping_node-2] --> MAP did not converge after 1 iterations.
[gmrf_wind_mapping_node-2] [GMRF] MAP Mean value estimated in 9.92828 milliseconds
[gmrf_wind_mapping_node-2] --> MAP did not converge after 1 iterations.
[gmrf_wind_mapping_node-2] [GMRF] MAP Mean value estimated in 9.92791 milliseconds
[gmrf_wind_mapping_node-2] --> MAP did not converge after 1 iterations.
[gmrf_wind_mapping_node-2] [GMRF] MAP Mean value estimated in 9.92996 milliseconds
[gmrf_wind_mapping_node-2] --> MAP did not converge after 1 iterations.
[gmrf_wind_mapping_node-2] [GMRF] MAP Mean value estimated in 9.9308 milliseconds
[gsl_actionserver_node-3] [INFO] [1788884116.791667868] [GSL]: 10 gas measurements, 10 wind measurements over 1.93 seconds
[gsl_actionserver_node-3] [INFO] [1788884116.791795798] [GSL]: avg_gas=5.4e-18;  avg_windSpeed=0.08;  avg_wind_dir=3.1
[gsl_actionserver_node-3] [INFO] [1788884116.793080471] [GSL]: [33mNOTHING [0m
[gsl_actionserver_node-3] [INFO] [1788884116.793128761] [GSL]: [DEBUG-WIND] useGroundTruth=false gmrf_req_size=631 gaden_req_size=-1
[gsl_actionserver_node-3] [INFO] [1788884116.793143967] [GSL]: [DEBUG-WIND] Taking GMRF path
[gsl_actionserver_node-3] [INFO] [1788884116.864259036] [GSL - Trace]: [32mEntering StopAndMeasure[0m
[gmrf_wind_mapping_node-2] --> MAP did not converge after 1 iterations.
[gmrf_wind_mapping_node-2] [GMRF] MAP Mean value estimated in 9.93002 milliseconds
[gmrf_wind_mapping_node-2] --> MAP did not converge after 1 iterations.
[gmrf_wind_mapping_node-2] [GMRF] MAP Mean value estimated in 9.92964 milliseconds
[gmrf_wind_mapping_node-2] --> MAP did not converge after 1 iterations.
[gmrf_wind_mapping_node-2] [GMRF] MAP Mean value estimated in 9.93088 milliseconds
[gmrf_wind_mapping_node-2] --> MAP did not converge after 1 iterations.
[gmrf_wind_mapping_node-2] [GMRF] MAP Mean value estimated in 9.9297 milliseconds
[gmrf_wind_mapping_node-2] --> MAP did not converge after 1 iterations.
[gmrf_wind_mapping_node-2] [GMRF] MAP Mean value estimated in 9.93174 milliseconds
[gmrf_wind_mapping_node-2] --> MAP did not converge after 1 iterations.
[gmrf_wind_mapping_node-2] [GMRF] MAP Mean value estimated in 9.93137 milliseconds
[gmrf_wind_mapping_node-2] --> MAP did not converge after 1 iterations.
[gmrf_wind_mapping_node-2] [GMRF] MAP Mean value estimated in 9.93261 milliseconds
[gmrf_wind_mapping_node-2] --> MAP did not converge after 1 iterations.
[gmrf_wind_mapping_node-2] [GMRF] MAP Mean value estimated in 9.93223 milliseconds
[gmrf_wind_mapping_node-2] --> MAP did not converge after 1 iterations.
[gmrf_wind_mapping_node-2] [GMRF] MAP Mean value estimated in 9.93387 milliseconds
[gmrf_wind_mapping_node-2] --> MAP did not converge after 1 iterations.
[gmrf_wind_mapping_node-2] [GMRF] MAP Mean value estimated in 9.93309 milliseconds
[gmrf_wind_mapping_node-2] --> MAP did not converge after 1 iterations.
[gmrf_wind_mapping_node-2] [GMRF] MAP Mean value estimated in 9.93352 milliseconds
[gmrf_wind_mapping_node-2] --> MAP did not converge after 1 iterations.
[gmrf_wind_mapping_node-2] [GMRF] MAP Mean value estimated in 9.93274 milliseconds
[gmrf_wind_mapping_node-2] --> MAP did not converge after 1 iterations.
[gmrf_wind_mapping_node-2] [GMRF] MAP Mean value estimated in 9.93196 milliseconds
[gmrf_wind_mapping_node-2] --> MAP did not converge after 1 iterations.
[gmrf_wind_mapping_node-2] [GMRF] MAP Mean value estimated in 9.93119 milliseconds
[gmrf_wind_mapping_node-2] --> MAP did not converge after 1 iterations.
[gmrf_wind_mapping_node-2] [GMRF] MAP Mean value estimated in 9.93282 milliseconds
[gmrf_wind_mapping_node-2] --> MAP did not converge after 1 iterations.
[gmrf_wind_mapping_node-2] [GMRF] MAP Mean value estimated in 9.93245 milliseconds
[gmrf_wind_mapping_node-2] --> MAP did not converge after 1 iterations.
[gmrf_wind_mapping_node-2] [GMRF] MAP Mean value estimated in 9.93368 milliseconds
[gmrf_wind_mapping_node-2] --> MAP did not converge after 1 iterations.
[gmrf_wind_mapping_node-2] [GMRF] MAP Mean value estimated in 9.93411 milliseconds
[gmrf_wind_mapping_node-2] --> MAP did not converge after 1 iterations.
[gmrf_wind_mapping_node-2] [GMRF] MAP Mean value estimated in 9.93735 milliseconds
[gmrf_wind_mapping_node-2] --> MAP did not converge after 1 iterations.
[gmrf_wind_mapping_node-2] [GMRF] MAP Mean value estimated in 9.93818 milliseconds
[gsl_actionserver_node-3] [INFO] [1788884118.791556740] [GSL]: 10 gas measurements, 10 wind measurements over 1.93 seconds
[gsl_actionserver_node-3] [INFO] [1788884118.791762721] [GSL]: avg_gas=1e-18;  avg_windSpeed=0.092;  avg_wind_dir=3.1
[gsl_actionserver_node-3] [INFO] [1788884118.793116014] [GSL]: [33mNOTHING [0m
[gsl_actionserver_node-3] [INFO] [1788884118.793149840] [GSL]: [DEBUG-WIND] useGroundTruth=false gmrf_req_size=631 gaden_req_size=-1
[gsl_actionserver_node-3] [INFO] [1788884118.793161898] [GSL]: [DEBUG-WIND] Taking GMRF path
[gsl_actionserver_node-3] [INFO] [1788884118.865633150] [GSL - Trace]: [32mEntering StopAndMeasure[0m
[gmrf_wind_mapping_node-2] --> MAP did not converge after 1 iterations.
[gmrf_wind_mapping_node-2] [GMRF] MAP Mean value estimated in 9.94021 milliseconds
[gmrf_wind_mapping_node-2] --> MAP did not converge after 1 iterations.
[gmrf_wind_mapping_node-2] [GMRF] MAP Mean value estimated in 9.93943 milliseconds
[gmrf_wind_mapping_node-2] --> MAP did not converge after 1 iterations.
[gmrf_wind_mapping_node-2] [GMRF] MAP Mean value estimated in 9.94066 milliseconds
[gmrf_wind_mapping_node-2] --> MAP did not converge after 1 iterations.
[gmrf_wind_mapping_node-2] [GMRF] MAP Mean value estimated in 9.94028 milliseconds
[gmrf_wind_mapping_node-2] --> MAP did not converge after 1 iterations.
[gmrf_wind_mapping_node-2] [GMRF] MAP Mean value estimated in 9.94191 milliseconds
[gmrf_wind_mapping_node-2] --> MAP did not converge after 1 iterations.
[gmrf_wind_mapping_node-2] [GMRF] MAP Mean value estimated in 9.94153 milliseconds
[gmrf_wind_mapping_node-2] --> MAP did not converge after 1 iterations.
[gmrf_wind_mapping_node-2] [GMRF] MAP Mean value estimated in 9.94075 milliseconds
[gmrf_wind_mapping_node-2] --> MAP did not converge after 1 iterations.
[gmrf_wind_mapping_node-2] [GMRF] MAP Mean value estimated in 9.93998 milliseconds
[gmrf_wind_mapping_node-2] --> MAP did not converge after 1 iterations.
[gmrf_wind_mapping_node-2] [GMRF] MAP Mean value estimated in 9.9392 milliseconds
[gmrf_wind_mapping_node-2] --> MAP did not converge after 1 iterations.
[gmrf_wind_mapping_node-2] [GMRF] MAP Mean value estimated in 9.93802 milliseconds
[gmrf_wind_mapping_node-2] --> MAP did not converge after 1 iterations.
[gmrf_wind_mapping_node-2] [GMRF] MAP Mean value estimated in 9.93685 milliseconds
[gmrf_wind_mapping_node-2] --> MAP did not converge after 1 iterations.
[gmrf_wind_mapping_node-2] [GMRF] MAP Mean value estimated in 9.93568 milliseconds
[gmrf_wind_mapping_node-2] --> MAP did not converge after 1 iterations.
[gmrf_wind_mapping_node-2] [GMRF] MAP Mean value estimated in 9.9345 milliseconds
[gmrf_wind_mapping_node-2] --> MAP did not converge after 1 iterations.
[gmrf_wind_mapping_node-2] [GMRF] MAP Mean value estimated in 9.93333 milliseconds
[gmrf_wind_mapping_node-2] --> MAP did not converge after 1 iterations.
[gmrf_wind_mapping_node-2] [GMRF] MAP Mean value estimated in 9.93216 milliseconds
[gmrf_wind_mapping_node-2] --> MAP did not converge after 1 iterations.
[gmrf_wind_mapping_node-2] [GMRF] MAP Mean value estimated in 9.93099 milliseconds
[gmrf_wind_mapping_node-2] --> MAP did not converge after 1 iterations.
[gmrf_wind_mapping_node-2] [GMRF] MAP Mean value estimated in 9.92982 milliseconds
[gmrf_wind_mapping_node-2] --> MAP did not converge after 1 iterations.
[gmrf_wind_mapping_node-2] [GMRF] MAP Mean value estimated in 9.92866 milliseconds
[gmrf_wind_mapping_node-2] --> MAP did not converge after 1 iterations.
[gmrf_wind_mapping_node-2] [GMRF] MAP Mean value estimated in 9.92749 milliseconds
[gmrf_wind_mapping_node-2] --> MAP did not converge after 1 iterations.
[gmrf_wind_mapping_node-2] [GMRF] MAP Mean value estimated in 9.92632 milliseconds
[gsl_actionserver_node-3] [INFO] [1788884120.791826545] [GSL]: 10 gas measurements, 10 wind measurements over 1.93 seconds
[gsl_actionserver_node-3] [INFO] [1788884120.791921791] [GSL]: avg_gas=1.9e-19;  avg_windSpeed=0.064;  avg_wind_dir=-3
[gsl_actionserver_node-3] [INFO] [1788884120.792451121] [GSL]: [33mNOTHING [0m
[gsl_actionserver_node-3] [INFO] [1788884120.792459865] [GSL]: [DEBUG-WIND] useGroundTruth=false gmrf_req_size=631 gaden_req_size=-1
[gsl_actionserver_node-3] [INFO] [1788884120.792466667] [GSL]: [DEBUG-WIND] Taking GMRF path
[gsl_actionserver_node-3] [INFO] [1788884120.864721889] [GSL - Trace]: [32mEntering StopAndMeasure[0m
[gmrf_wind_mapping_node-2] --> MAP did not converge after 1 iterations.
[gmrf_wind_mapping_node-2] [GMRF] MAP Mean value estimated in 9.92874 milliseconds
[gmrf_wind_mapping_node-2] --> MAP did not converge after 1 iterations.
[gmrf_wind_mapping_node-2] [GMRF] MAP Mean value estimated in 9.92758 milliseconds
[gmrf_wind_mapping_node-2] --> MAP did not converge after 1 iterations.
[gmrf_wind_mapping_node-2] [GMRF] MAP Mean value estimated in 9.92761 milliseconds
[gmrf_wind_mapping_node-2] --> MAP did not converge after 1 iterations.
[gmrf_wind_mapping_node-2] [GMRF] MAP Mean value estimated in 9.92724 milliseconds
[gmrf_wind_mapping_node-2] --> MAP did not converge after 1 iterations.
[gmrf_wind_mapping_node-2] [GMRF] MAP Mean value estimated in 9.92886 milliseconds
[gmrf_wind_mapping_node-2] --> MAP did not converge after 1 iterations.
[gmrf_wind_mapping_node-2] [GMRF] MAP Mean value estimated in 9.92928 milliseconds
[gmrf_wind_mapping_node-2] --> MAP did not converge after 1 iterations.
[gmrf_wind_mapping_node-2] [GMRF] MAP Mean value estimated in 9.92812 milliseconds
[gmrf_wind_mapping_node-2] --> MAP did not converge after 1 iterations.
[gmrf_wind_mapping_node-2] [GMRF] MAP Mean value estimated in 9.92735 milliseconds
[gmrf_wind_mapping_node-2] --> MAP did not converge after 1 iterations.
[gmrf_wind_mapping_node-2] [GMRF] MAP Mean value estimated in 9.92897 milliseconds
[gmrf_wind_mapping_node-2] --> MAP did not converge after 1 iterations.
[gmrf_wind_mapping_node-2] [GMRF] MAP Mean value estimated in 9.92939 milliseconds
[gmrf_wind_mapping_node-2] --> MAP did not converge after 1 iterations.
[gmrf_wind_mapping_node-2] [GMRF] MAP Mean value estimated in 9.9322 milliseconds
[gsl_actionserver_node-3] [INFO] [1788884121.891266916] [GSL]: Could not find the source. Sorry!
[gmrf_wind_mapping_node-2] --> MAP did not converge after 1 iterations.
[gmrf_wind_mapping_node-2] [GMRF] MAP Mean value estimated in 9.93183 milliseconds
[gmrf_wind_mapping_node-2] --> MAP did not converge after 1 iterations.
[gmrf_wind_mapping_node-2] [GMRF] MAP Mean value estimated in 9.93106 milliseconds
[gmrf_wind_mapping_node-2] --> MAP did not converge after 1 iterations.
[gmrf_wind_mapping_node-2] [GMRF] MAP Mean value estimated in 9.9303 milliseconds
[gmrf_wind_mapping_node-2] --> MAP did not converge after 1 iterations.
[gmrf_wind_mapping_node-2] [GMRF] MAP Mean value estimated in 9.92914 milliseconds
[gmrf_wind_mapping_node-2] --> MAP did not converge after 1 iterations.
[gmrf_wind_mapping_node-2] [GMRF] MAP Mean value estimated in 9.92798 milliseconds
[gmrf_wind_mapping_node-2] --> MAP did not converge after 1 iterations.
[gmrf_wind_mapping_node-2] [GMRF] MAP Mean value estimated in 9.92682 milliseconds
[gmrf_wind_mapping_node-2] --> MAP did not converge after 1 iterations.
[gmrf_wind_mapping_node-2] [GMRF] MAP Mean value estimated in 9.92606 milliseconds
[gmrf_wind_mapping_node-2] --> MAP did not converge after 1 iterations.
[gmrf_wind_mapping_node-2] [GMRF] MAP Mean value estimated in 9.9249 milliseconds
[gmrf_wind_mapping_node-2] --> MAP did not converge after 1 iterations.
[gmrf_wind_mapping_node-2] [GMRF] MAP Mean value estimated in 9.92414 milliseconds
[gmrf_wind_mapping_node-2] --> MAP did not converge after 1 iterations.
[gmrf_wind_mapping_node-2] [GMRF] MAP Mean value estimated in 9.92299 milliseconds
[gsl_actionserver_node-3] [INFO] [1788884122.913459226] [GSL]: [34mDONE, CLOSING[0m
[gmrf_wind_mapping_node-2] --> MAP did not converge after 1 iterations.
[gmrf_wind_mapping_node-2] [GMRF] MAP Mean value estimated in 9.92183 milliseconds
[INFO] [gsl_actionserver_node-3]: process has finished cleanly [pid 74208]
[gmrf_wind_mapping_node-2] --> MAP did not converge after 1 iterations.
[gmrf_wind_mapping_node-2] [GMRF] MAP Mean value estimated in 9.92068 milliseconds
[gmrf_wind_mapping_node-2] --> MAP did not converge after 1 iterations.
[gmrf_wind_mapping_node-2] [GMRF] MAP Mean value estimated in 9.91992 milliseconds
[gmrf_wind_mapping_node-2] --> MAP did not converge after 1 iterations.
[gmrf_wind_mapping_node-2] [GMRF] MAP Mean value estimated in 9.91995 milliseconds
[gmrf_wind_mapping_node-2] --> MAP did not converge after 1 iterations.
[gmrf_wind_mapping_node-2] [GMRF] MAP Mean value estimated in 9.9192 milliseconds
[gmrf_wind_mapping_node-2] --> MAP did not converge after 1 iterations.
[gmrf_wind_mapping_node-2] [GMRF] MAP Mean value estimated in 9.92002 milliseconds
[gmrf_wind_mapping_node-2] --> MAP did not converge after 1 iterations.
[gmrf_wind_mapping_node-2] [GMRF] MAP Mean value estimated in 9.92162 milliseconds
[gmrf_wind_mapping_node-2] --> MAP did not converge after 1 iterations.
[gmrf_wind_mapping_node-2] [GMRF] MAP Mean value estimated in 9.92244 milliseconds
[gmrf_wind_mapping_node-2] --> MAP did not converge after 1 iterations.
[gmrf_wind_mapping_node-2] [GMRF] MAP Mean value estimated in 9.92287 milliseconds
[gmrf_wind_mapping_node-2] --> MAP did not converge after 1 iterations.
[gmrf_wind_mapping_node-2] [GMRF] MAP Mean value estimated in 9.92368 milliseconds
[gmrf_wind_mapping_node-2] --> MAP did not converge after 1 iterations.
[gmrf_wind_mapping_node-2] [GMRF] MAP Mean value estimated in 9.92489 milliseconds
[gmrf_wind_mapping_node-2] --> MAP did not converge after 1 iterations.
[gmrf_wind_mapping_node-2] [GMRF] MAP Mean value estimated in 9.9261 milliseconds
[gmrf_wind_mapping_node-2] --> MAP did not converge after 1 iterations.
[gmrf_wind_mapping_node-2] [GMRF] MAP Mean value estimated in 9.92613 milliseconds
[gmrf_wind_mapping_node-2] --> MAP did not converge after 1 iterations.
[gmrf_wind_mapping_node-2] [GMRF] MAP Mean value estimated in 9.92498 milliseconds
[gmrf_wind_mapping_node-2] --> MAP did not converge after 1 iterations.
[gmrf_wind_mapping_node-2] [GMRF] MAP Mean value estimated in 9.92501 milliseconds
[gmrf_wind_mapping_node-2] --> MAP did not converge after 1 iterations.
[gmrf_wind_mapping_node-2] [GMRF] MAP Mean value estimated in 9.92779 milliseconds
[gmrf_wind_mapping_node-2] --> MAP did not converge after 1 iterations.
[gmrf_wind_mapping_node-2] [GMRF] MAP Mean value estimated in 9.92938 milliseconds
[gmrf_wind_mapping_node-2] --> MAP did not converge after 1 iterations.
[gmrf_wind_mapping_node-2] [GMRF] MAP Mean value estimated in 9.93216 milliseconds
[gmrf_wind_mapping_node-2] --> MAP did not converge after 1 iterations.
[gmrf_wind_mapping_node-2] [GMRF] MAP Mean value estimated in 9.93297 milliseconds
[gmrf_wind_mapping_node-2] --> MAP did not converge after 1 iterations.
[gmrf_wind_mapping_node-2] [GMRF] MAP Mean value estimated in 9.93339 milliseconds
[gmrf_wind_mapping_node-2] --> MAP did not converge after 1 iterations.
[gmrf_wind_mapping_node-2] [GMRF] MAP Mean value estimated in 9.93263 milliseconds
[gmrf_wind_mapping_node-2] --> MAP did not converge after 1 iterations.
[gmrf_wind_mapping_node-2] [GMRF] MAP Mean value estimated in 9.93187 milliseconds
[gmrf_wind_mapping_node-2] --> MAP did not converge after 1 iterations.
[gmrf_wind_mapping_node-2] [GMRF] MAP Mean value estimated in 9.93151 milliseconds
[gmrf_wind_mapping_node-2] --> MAP did not converge after 1 iterations.
[gmrf_wind_mapping_node-2] [GMRF] MAP Mean value estimated in 9.93114 milliseconds
[gmrf_wind_mapping_node-2] --> MAP did not converge after 1 iterations.
[gmrf_wind_mapping_node-2] [GMRF] MAP Mean value estimated in 9.93234 milliseconds
[gmrf_wind_mapping_node-2] --> MAP did not converge after 1 iterations.
[gmrf_wind_mapping_node-2] [GMRF] MAP Mean value estimated in 9.9312 milliseconds
[gmrf_wind_mapping_node-2] --> MAP did not converge after 1 iterations.
[gmrf_wind_mapping_node-2] [GMRF] MAP Mean value estimated in 9.93044 milliseconds
[gmrf_wind_mapping_node-2] --> MAP did not converge after 1 iterations.
[gmrf_wind_mapping_node-2] [GMRF] MAP Mean value estimated in 9.93047 milliseconds
[gmrf_wind_mapping_node-2] --> MAP did not converge after 1 iterations.
[gmrf_wind_mapping_node-2] [GMRF] MAP Mean value estimated in 9.93089 milliseconds
[gmrf_wind_mapping_node-2] --> MAP did not converge after 1 iterations.
[gmrf_wind_mapping_node-2] [GMRF] MAP Mean value estimated in 9.93326 milliseconds
[gmrf_wind_mapping_node-2] --> MAP did not converge after 1 iterations.
[gmrf_wind_mapping_node-2] [GMRF] MAP Mean value estimated in 9.93289 milliseconds
[gmrf_wind_mapping_node-2] --> MAP did not converge after 1 iterations.
[gmrf_wind_mapping_node-2] [GMRF] MAP Mean value estimated in 9.93214 milliseconds
[gmrf_wind_mapping_node-2] --> MAP did not converge after 1 iterations.
[gmrf_wind_mapping_node-2] [GMRF] MAP Mean value estimated in 9.93138 milliseconds
[gmrf_wind_mapping_node-2] --> MAP did not converge after 1 iterations.
[gmrf_wind_mapping_node-2] [GMRF] MAP Mean value estimated in 9.93063 milliseconds
[gmrf_wind_mapping_node-2] --> MAP did not converge after 1 iterations.
[gmrf_wind_mapping_node-2] [GMRF] MAP Mean value estimated in 9.93222 milliseconds
[gmrf_wind_mapping_node-2] --> MAP did not converge after 1 iterations.
[gmrf_wind_mapping_node-2] [GMRF] MAP Mean value estimated in 9.9338 milliseconds
[gmrf_wind_mapping_node-2] --> MAP did not converge after 1 iterations.
[gmrf_wind_mapping_node-2] [GMRF] MAP Mean value estimated in 9.93305 milliseconds
[gmrf_wind_mapping_node-2] --> MAP did not converge after 1 iterations.
[gmrf_wind_mapping_node-2] [GMRF] MAP Mean value estimated in 9.93191 milliseconds
[gmrf_wind_mapping_node-2] --> MAP did not converge after 1 iterations.
[gmrf_wind_mapping_node-2] [GMRF] MAP Mean value estimated in 9.93077 milliseconds
[gmrf_wind_mapping_node-2] --> MAP did not converge after 1 iterations.
[gmrf_wind_mapping_node-2] [GMRF] MAP Mean value estimated in 9.93196 milliseconds
[gmrf_wind_mapping_node-2] --> MAP did not converge after 1 iterations.
[gmrf_wind_mapping_node-2] [GMRF] MAP Mean value estimated in 9.93199 milliseconds
[gmrf_wind_mapping_node-2] --> MAP did not converge after 1 iterations.
[gmrf_wind_mapping_node-2] [GMRF] MAP Mean value estimated in 9.9324 milliseconds
[gmrf_wind_mapping_node-2] --> MAP did not converge after 1 iterations.
[gmrf_wind_mapping_node-2] [GMRF] MAP Mean value estimated in 9.93165 milliseconds
[gmrf_wind_mapping_node-2] --> MAP did not converge after 1 iterations.
[gmrf_wind_mapping_node-2] [GMRF] MAP Mean value estimated in 9.93051 milliseconds
[gmrf_wind_mapping_node-2] --> MAP did not converge after 1 iterations.
[gmrf_wind_mapping_node-2] [GMRF] MAP Mean value estimated in 9.92938 milliseconds
[gmrf_wind_mapping_node-2] --> MAP did not converge after 1 iterations.
[gmrf_wind_mapping_node-2] [GMRF] MAP Mean value estimated in 9.92863 milliseconds
[gmrf_wind_mapping_node-2] --> MAP did not converge after 1 iterations.
[gmrf_wind_mapping_node-2] [GMRF] MAP Mean value estimated in 9.92982 milliseconds
[gmrf_wind_mapping_node-2] --> MAP did not converge after 1 iterations.
[gmrf_wind_mapping_node-2] [GMRF] MAP Mean value estimated in 9.93101 milliseconds
[gmrf_wind_mapping_node-2] --> MAP did not converge after 1 iterations.
[gmrf_wind_mapping_node-2] [GMRF] MAP Mean value estimated in 9.93065 milliseconds
[gmrf_wind_mapping_node-2] --> MAP did not converge after 1 iterations.
[gmrf_wind_mapping_node-2] [GMRF] MAP Mean value estimated in 9.93222 milliseconds
[gmrf_wind_mapping_node-2] --> MAP did not converge after 1 iterations.
[gmrf_wind_mapping_node-2] [GMRF] MAP Mean value estimated in 9.93302 milliseconds
[gmrf_wind_mapping_node-2] --> MAP did not converge after 1 iterations.
[gmrf_wind_mapping_node-2] [GMRF] MAP Mean value estimated in 9.9346 milliseconds
[gmrf_wind_mapping_node-2] --> MAP did not converge after 1 iterations.
[gmrf_wind_mapping_node-2] [GMRF] MAP Mean value estimated in 9.93424 milliseconds
[gmrf_wind_mapping_node-2] --> MAP did not converge after 1 iterations.
[gmrf_wind_mapping_node-2] [GMRF] MAP Mean value estimated in 9.93581 milliseconds
[gmrf_wind_mapping_node-2] --> MAP did not converge after 1 iterations.
[gmrf_wind_mapping_node-2] [GMRF] MAP Mean value estimated in 9.93583 milliseconds
[gmrf_wind_mapping_node-2] --> MAP did not converge after 1 iterations.
[gmrf_wind_mapping_node-2] [GMRF] MAP Mean value estimated in 9.93663 milliseconds
[gmrf_wind_mapping_node-2] --> MAP did not converge after 1 iterations.
[gmrf_wind_mapping_node-2] [GMRF] MAP Mean value estimated in 9.93588 milliseconds
[gmrf_wind_mapping_node-2] --> MAP did not converge after 1 iterations.
[gmrf_wind_mapping_node-2] [GMRF] MAP Mean value estimated in 9.93707 milliseconds
[gmrf_wind_mapping_node-2] --> MAP did not converge after 1 iterations.
[gmrf_wind_mapping_node-2] [GMRF] MAP Mean value estimated in 9.93748 milliseconds
[gmrf_wind_mapping_node-2] --> MAP did not converge after 1 iterations.
[gmrf_wind_mapping_node-2] [GMRF] MAP Mean value estimated in 9.93943 milliseconds
[gmrf_wind_mapping_node-2] --> MAP did not converge after 1 iterations.
[gmrf_wind_mapping_node-2] [GMRF] MAP Mean value estimated in 9.93945 milliseconds
[gmrf_wind_mapping_node-2] --> MAP did not converge after 1 iterations.
[gmrf_wind_mapping_node-2] [GMRF] MAP Mean value estimated in 9.94025 milliseconds
[gmrf_wind_mapping_node-2] --> MAP did not converge after 1 iterations.
[gmrf_wind_mapping_node-2] [GMRF] MAP Mean value estimated in 9.93988 milliseconds
[gmrf_wind_mapping_node-2] --> MAP did not converge after 1 iterations.
[gmrf_wind_mapping_node-2] [GMRF] MAP Mean value estimated in 9.94029 milliseconds
[gmrf_wind_mapping_node-2] --> MAP did not converge after 1 iterations.
[gmrf_wind_mapping_node-2] [GMRF] MAP Mean value estimated in 9.93955 milliseconds
[gmrf_wind_mapping_node-2] --> MAP did not converge after 1 iterations.
[gmrf_wind_mapping_node-2] [GMRF] MAP Mean value estimated in 9.94149 milliseconds
[gmrf_wind_mapping_node-2] --> MAP did not converge after 1 iterations.
[gmrf_wind_mapping_node-2] [GMRF] MAP Mean value estimated in 9.94152 milliseconds
[gmrf_wind_mapping_node-2] --> MAP did not converge after 1 iterations.
[gmrf_wind_mapping_node-2] [GMRF] MAP Mean value estimated in 9.94231 milliseconds
[gmrf_wind_mapping_node-2] --> MAP did not converge after 1 iterations.
[gmrf_wind_mapping_node-2] [GMRF] MAP Mean value estimated in 9.94387 milliseconds
[gmrf_wind_mapping_node-2] --> MAP did not converge after 1 iterations.
[gmrf_wind_mapping_node-2] [GMRF] MAP Mean value estimated in 9.94581 milliseconds
[gmrf_wind_mapping_node-2] --> MAP did not converge after 1 iterations.
[gmrf_wind_mapping_node-2] [GMRF] MAP Mean value estimated in 9.9466 milliseconds
[gmrf_wind_mapping_node-2] --> MAP did not converge after 1 iterations.
[gmrf_wind_mapping_node-2] [GMRF] MAP Mean value estimated in 9.94777 milliseconds
[gmrf_wind_mapping_node-2] --> MAP did not converge after 1 iterations.
[gmrf_wind_mapping_node-2] [GMRF] MAP Mean value estimated in 9.94779 milliseconds
[gmrf_wind_mapping_node-2] --> MAP did not converge after 1 iterations.
[gmrf_wind_mapping_node-2] [GMRF] MAP Mean value estimated in 9.95012 milliseconds
[gmrf_wind_mapping_node-2] --> MAP did not converge after 1 iterations.
[gmrf_wind_mapping_node-2] [GMRF] MAP Mean value estimated in 9.94937 milliseconds
[gmrf_wind_mapping_node-2] --> MAP did not converge after 1 iterations.
[gmrf_wind_mapping_node-2] [GMRF] MAP Mean value estimated in 9.95054 milliseconds
[gmrf_wind_mapping_node-2] --> MAP did not converge after 1 iterations.
[gmrf_wind_mapping_node-2] [GMRF] MAP Mean value estimated in 9.95094 milliseconds
[gmrf_wind_mapping_node-2] --> MAP did not converge after 1 iterations.
[gmrf_wind_mapping_node-2] [GMRF] MAP Mean value estimated in 9.95326 milliseconds
[gmrf_wind_mapping_node-2] --> MAP did not converge after 1 iterations.
[gmrf_wind_mapping_node-2] [GMRF] MAP Mean value estimated in 9.95251 milliseconds
[gmrf_wind_mapping_node-2] --> MAP did not converge after 1 iterations.
[gmrf_wind_mapping_node-2] [GMRF] MAP Mean value estimated in 9.95482 milliseconds
[gmrf_wind_mapping_node-2] --> MAP did not converge after 1 iterations.
[gmrf_wind_mapping_node-2] [GMRF] MAP Mean value estimated in 9.95408 milliseconds
[gmrf_wind_mapping_node-2] --> MAP did not converge after 1 iterations.
[gmrf_wind_mapping_node-2] [GMRF] MAP Mean value estimated in 9.95639 milliseconds
[gmrf_wind_mapping_node-2] --> MAP did not converge after 1 iterations.
[gmrf_wind_mapping_node-2] [GMRF] MAP Mean value estimated in 9.95564 milliseconds
[gmrf_wind_mapping_node-2] --> MAP did not converge after 1 iterations.
[gmrf_wind_mapping_node-2] [GMRF] MAP Mean value estimated in 9.95642 milliseconds
[gmrf_wind_mapping_node-2] --> MAP did not converge after 1 iterations.
[gmrf_wind_mapping_node-2] [GMRF] MAP Mean value estimated in 9.95529 milliseconds
[gmrf_wind_mapping_node-2] --> MAP did not converge after 1 iterations.
[gmrf_wind_mapping_node-2] [GMRF] MAP Mean value estimated in 9.9576 milliseconds
[gmrf_wind_mapping_node-2] --> MAP did not converge after 1 iterations.
[gmrf_wind_mapping_node-2] [GMRF] MAP Mean value estimated in 9.95724 milliseconds
[gmrf_wind_mapping_node-2] --> MAP did not converge after 1 iterations.
[gmrf_wind_mapping_node-2] [GMRF] MAP Mean value estimated in 9.95802 milliseconds
[gmrf_wind_mapping_node-2] --> MAP did not converge after 1 iterations.
[gmrf_wind_mapping_node-2] [GMRF] MAP Mean value estimated in 9.95689 milliseconds
[gmrf_wind_mapping_node-2] --> MAP did not converge after 1 iterations.
[gmrf_wind_mapping_node-2] [GMRF] MAP Mean value estimated in 9.95881 milliseconds
[gmrf_wind_mapping_node-2] --> MAP did not converge after 1 iterations.
[gmrf_wind_mapping_node-2] [GMRF] MAP Mean value estimated in 9.95768 milliseconds
[gmrf_wind_mapping_node-2] --> MAP did not converge after 1 iterations.
[gmrf_wind_mapping_node-2] [GMRF] MAP Mean value estimated in 9.95808 milliseconds
[gmrf_wind_mapping_node-2] --> MAP did not converge after 1 iterations.
[gmrf_wind_mapping_node-2] [GMRF] MAP Mean value estimated in 9.95695 milliseconds
[gmrf_wind_mapping_node-2] --> MAP did not converge after 1 iterations.
[gmrf_wind_mapping_node-2] [GMRF] MAP Mean value estimated in 9.95887 milliseconds
[gmrf_wind_mapping_node-2] --> MAP did not converge after 1 iterations.
[gmrf_wind_mapping_node-2] [GMRF] MAP Mean value estimated in 9.95813 milliseconds
[gmrf_wind_mapping_node-2] --> MAP did not converge after 1 iterations.
[gmrf_wind_mapping_node-2] [GMRF] MAP Mean value estimated in 9.96081 milliseconds
[gmrf_wind_mapping_node-2] --> MAP did not converge after 1 iterations.
[gmrf_wind_mapping_node-2] [GMRF] MAP Mean value estimated in 9.9612 milliseconds
[gmrf_wind_mapping_node-2] --> MAP did not converge after 1 iterations.
[gmrf_wind_mapping_node-2] [GMRF] MAP Mean value estimated in 9.96388 milliseconds
[gmrf_wind_mapping_node-2] --> MAP did not converge after 1 iterations.
[gmrf_wind_mapping_node-2] [GMRF] MAP Mean value estimated in 9.96389 milliseconds
[gmrf_wind_mapping_node-2] --> MAP did not converge after 1 iterations.
[gmrf_wind_mapping_node-2] [GMRF] MAP Mean value estimated in 9.96505 milliseconds
[gmrf_wind_mapping_node-2] --> MAP did not converge after 1 iterations.
[gmrf_wind_mapping_node-2] [GMRF] MAP Mean value estimated in 9.9643 milliseconds
[gmrf_wind_mapping_node-2] --> MAP did not converge after 1 iterations.
[gmrf_wind_mapping_node-2] [GMRF] MAP Mean value estimated in 9.96431 milliseconds
[gmrf_wind_mapping_node-2] --> MAP did not converge after 1 iterations.
[gmrf_wind_mapping_node-2] [GMRF] MAP Mean value estimated in 9.96357 milliseconds
[gmrf_wind_mapping_node-2] --> MAP did not converge after 1 iterations.
[gmrf_wind_mapping_node-2] [GMRF] MAP Mean value estimated in 9.96244 milliseconds
[gmrf_wind_mapping_node-2] --> MAP did not converge after 1 iterations.
[gmrf_wind_mapping_node-2] [GMRF] MAP Mean value estimated in 9.9617 milliseconds
[gmrf_wind_mapping_node-2] --> MAP did not converge after 1 iterations.
[gmrf_wind_mapping_node-2] [GMRF] MAP Mean value estimated in 9.96133 milliseconds
[gmrf_wind_mapping_node-2] --> MAP did not converge after 1 iterations.
[gmrf_wind_mapping_node-2] [GMRF] MAP Mean value estimated in 9.96286 milliseconds
[gmrf_wind_mapping_node-2] --> MAP did not converge after 1 iterations.
[gmrf_wind_mapping_node-2] [GMRF] MAP Mean value estimated in 9.96364 milliseconds
[gmrf_wind_mapping_node-2] --> MAP did not converge after 1 iterations.
[gmrf_wind_mapping_node-2] [GMRF] MAP Mean value estimated in 9.96289 milliseconds
[gmrf_wind_mapping_node-2] --> MAP did not converge after 1 iterations.
[gmrf_wind_mapping_node-2] [GMRF] MAP Mean value estimated in 9.9648 milliseconds
[gmrf_wind_mapping_node-2] --> MAP did not converge after 1 iterations.
[gmrf_wind_mapping_node-2] [GMRF] MAP Mean value estimated in 9.96519 milliseconds
[gmrf_wind_mapping_node-2] --> MAP did not converge after 1 iterations.
[gmrf_wind_mapping_node-2] [GMRF] MAP Mean value estimated in 9.96407 milliseconds
[gmrf_wind_mapping_node-2] --> MAP did not converge after 1 iterations.
[gmrf_wind_mapping_node-2] [GMRF] MAP Mean value estimated in 9.96295 milliseconds
[gmrf_wind_mapping_node-2] --> MAP did not converge after 1 iterations.
[gmrf_wind_mapping_node-2] [GMRF] MAP Mean value estimated in 9.96485 milliseconds
[gmrf_wind_mapping_node-2] --> MAP did not converge after 1 iterations.
[gmrf_wind_mapping_node-2] [GMRF] MAP Mean value estimated in 9.96524 milliseconds
[gmrf_wind_mapping_node-2] --> MAP did not converge after 1 iterations.
[gmrf_wind_mapping_node-2] [GMRF] MAP Mean value estimated in 9.96677 milliseconds
[gmrf_wind_mapping_node-2] --> MAP did not converge after 1 iterations.
[gmrf_wind_mapping_node-2] [GMRF] MAP Mean value estimated in 9.96791 milliseconds
[gmrf_wind_mapping_node-2] --> MAP did not converge after 1 iterations.
[gmrf_wind_mapping_node-2] [GMRF] MAP Mean value estimated in 9.97019 milliseconds
[gmrf_wind_mapping_node-2] --> MAP did not converge after 1 iterations.
[gmrf_wind_mapping_node-2] [GMRF] MAP Mean value estimated in 9.9702 milliseconds
[gmrf_wind_mapping_node-2] --> MAP did not converge after 1 iterations.
[gmrf_wind_mapping_node-2] [GMRF] MAP Mean value estimated in 9.9721 milliseconds
[gmrf_wind_mapping_node-2] --> MAP did not converge after 1 iterations.
[gmrf_wind_mapping_node-2] [GMRF] MAP Mean value estimated in 9.97173 milliseconds
[gmrf_wind_mapping_node-2] --> MAP did not converge after 1 iterations.
[gmrf_wind_mapping_node-2] [GMRF] MAP Mean value estimated in 9.97325 milliseconds
[gmrf_wind_mapping_node-2] --> MAP did not converge after 1 iterations.
[gmrf_wind_mapping_node-2] [GMRF] MAP Mean value estimated in 9.97326 milliseconds
[gmrf_wind_mapping_node-2] --> MAP did not converge after 1 iterations.
[gmrf_wind_mapping_node-2] [GMRF] MAP Mean value estimated in 9.9744 milliseconds
[gmrf_wind_mapping_node-2] --> MAP did not converge after 1 iterations.
[gmrf_wind_mapping_node-2] [GMRF] MAP Mean value estimated in 9.97478 milliseconds
[gmrf_wind_mapping_node-2] --> MAP did not converge after 1 iterations.
[gmrf_wind_mapping_node-2] [GMRF] MAP Mean value estimated in 9.97705 milliseconds
[gmrf_wind_mapping_node-2] --> MAP did not converge after 1 iterations.
[gmrf_wind_mapping_node-2] [GMRF] MAP Mean value estimated in 9.97668 milliseconds
[gmrf_wind_mapping_node-2] --> MAP did not converge after 1 iterations.
[gmrf_wind_mapping_node-2] [GMRF] MAP Mean value estimated in 9.9782 milliseconds
[gmrf_wind_mapping_node-2] --> MAP did not converge after 1 iterations.
[gmrf_wind_mapping_node-2] [GMRF] MAP Mean value estimated in 9.9782 milliseconds
[gmrf_wind_mapping_node-2] --> MAP did not converge after 1 iterations.
[gmrf_wind_mapping_node-2] [GMRF] MAP Mean value estimated in 9.98159 milliseconds
[gmrf_wind_mapping_node-2] --> MAP did not converge after 1 iterations.
[gmrf_wind_mapping_node-2] [GMRF] MAP Mean value estimated in 9.98273 milliseconds
[gmrf_wind_mapping_node-2] --> MAP did not converge after 1 iterations.
[gmrf_wind_mapping_node-2] [GMRF] MAP Mean value estimated in 9.98461 milliseconds
[gmrf_wind_mapping_node-2] --> MAP did not converge after 1 iterations.
[gmrf_wind_mapping_node-2] [GMRF] MAP Mean value estimated in 9.98386 milliseconds
[gmrf_wind_mapping_node-2] --> MAP did not converge after 1 iterations.
[gmrf_wind_mapping_node-2] [GMRF] MAP Mean value estimated in 9.98575 milliseconds
[gmrf_wind_mapping_node-2] --> MAP did not converge after 1 iterations.
[gmrf_wind_mapping_node-2] [GMRF] MAP Mean value estimated in 9.985 milliseconds
[gmrf_wind_mapping_node-2] --> MAP did not converge after 1 iterations.
[gmrf_wind_mapping_node-2] [GMRF] MAP Mean value estimated in 9.98726 milliseconds
[gmrf_wind_mapping_node-2] --> MAP did not converge after 1 iterations.
[gmrf_wind_mapping_node-2] [GMRF] MAP Mean value estimated in 9.98764 milliseconds
[gmrf_wind_mapping_node-2] --> MAP did not converge after 1 iterations.
[gmrf_wind_mapping_node-2] [GMRF] MAP Mean value estimated in 9.98951 milliseconds
[gmrf_wind_mapping_node-2] --> MAP did not converge after 1 iterations.
[gmrf_wind_mapping_node-2] [GMRF] MAP Mean value estimated in 9.98877 milliseconds
[gmrf_wind_mapping_node-2] --> MAP did not converge after 1 iterations.
[gmrf_wind_mapping_node-2] [GMRF] MAP Mean value estimated in 9.98765 milliseconds
[gmrf_wind_mapping_node-2] --> MAP did not converge after 1 iterations.
[gmrf_wind_mapping_node-2] [GMRF] MAP Mean value estimated in 9.98653 milliseconds
[gmrf_wind_mapping_node-2] --> MAP did not converge after 1 iterations.
[gmrf_wind_mapping_node-2] [GMRF] MAP Mean value estimated in 9.98542 milliseconds
[gmrf_wind_mapping_node-2] --> MAP did not converge after 1 iterations.
[gmrf_wind_mapping_node-2] [GMRF] MAP Mean value estimated in 9.9843 milliseconds
[gmrf_wind_mapping_node-2] --> MAP did not converge after 1 iterations.
[gmrf_wind_mapping_node-2] [GMRF] MAP Mean value estimated in 9.98692 milliseconds
[gmrf_wind_mapping_node-2] --> MAP did not converge after 1 iterations.
[gmrf_wind_mapping_node-2] [GMRF] MAP Mean value estimated in 9.98805 milliseconds
[gmrf_wind_mapping_node-2] --> MAP did not converge after 1 iterations.
[gmrf_wind_mapping_node-2] [GMRF] MAP Mean value estimated in 9.9888 milliseconds
[gmrf_wind_mapping_node-2] --> MAP did not converge after 1 iterations.
[gmrf_wind_mapping_node-2] [GMRF] MAP Mean value estimated in 9.98768 milliseconds
[gmrf_wind_mapping_node-2] --> MAP did not converge after 1 iterations.
[gmrf_wind_mapping_node-2] [GMRF] MAP Mean value estimated in 9.98955 milliseconds
[gmrf_wind_mapping_node-2] --> MAP did not converge after 1 iterations.
[gmrf_wind_mapping_node-2] [GMRF] MAP Mean value estimated in 9.98956 milliseconds
[gmrf_wind_mapping_node-2] --> MAP did not converge after 1 iterations.
[gmrf_wind_mapping_node-2] [GMRF] MAP Mean value estimated in 9.98993 milliseconds
[gmrf_wind_mapping_node-2] --> MAP did not converge after 1 iterations.
[gmrf_wind_mapping_node-2] [GMRF] MAP Mean value estimated in 9.98919 milliseconds
[gmrf_wind_mapping_node-2] --> MAP did not converge after 1 iterations.
[gmrf_wind_mapping_node-2] [GMRF] MAP Mean value estimated in 9.98808 milliseconds
[gmrf_wind_mapping_node-2] --> MAP did not converge after 1 iterations.
[gmrf_wind_mapping_node-2] [GMRF] MAP Mean value estimated in 9.98808 milliseconds
[gmrf_wind_mapping_node-2] --> MAP did not converge after 1 iterations.
[gmrf_wind_mapping_node-2] [GMRF] MAP Mean value estimated in 9.98883 milliseconds
[gmrf_wind_mapping_node-2] --> MAP did not converge after 1 iterations.
[gmrf_wind_mapping_node-2] [GMRF] MAP Mean value estimated in 9.98884 milliseconds
[gmrf_wind_mapping_node-2] --> MAP did not converge after 1 iterations.
[gmrf_wind_mapping_node-2] [GMRF] MAP Mean value estimated in 9.9881 milliseconds
[gmrf_wind_mapping_node-2] --> MAP did not converge after 1 iterations.
[gmrf_wind_mapping_node-2] [GMRF] MAP Mean value estimated in 9.98996 milliseconds
[gmrf_wind_mapping_node-2] --> MAP did not converge after 1 iterations.
[gmrf_wind_mapping_node-2] [GMRF] MAP Mean value estimated in 9.99071 milliseconds
[gmrf_wind_mapping_node-2] --> MAP did not converge after 1 iterations.
[gmrf_wind_mapping_node-2] [GMRF] MAP Mean value estimated in 9.99034 milliseconds
[gmrf_wind_mapping_node-2] --> MAP did not converge after 1 iterations.
[gmrf_wind_mapping_node-2] [GMRF] MAP Mean value estimated in 9.99183 milliseconds
[gmrf_wind_mapping_node-2] --> MAP did not converge after 1 iterations.
[gmrf_wind_mapping_node-2] [GMRF] MAP Mean value estimated in 9.99146 milliseconds
[gmrf_wind_mapping_node-2] --> MAP did not converge after 1 iterations.
[gmrf_wind_mapping_node-2] [GMRF] MAP Mean value estimated in 9.99295 milliseconds
[gmrf_wind_mapping_node-2] --> MAP did not converge after 1 iterations.
[gmrf_wind_mapping_node-2] [GMRF] MAP Mean value estimated in 9.99406 milliseconds
[gmrf_wind_mapping_node-2] --> MAP did not converge after 1 iterations.
[gmrf_wind_mapping_node-2] [GMRF] MAP Mean value estimated in 9.99518 milliseconds
[gmrf_wind_mapping_node-2] --> MAP did not converge after 1 iterations.
[gmrf_wind_mapping_node-2] [GMRF] MAP Mean value estimated in 9.99555 milliseconds
[gmrf_wind_mapping_node-2] --> MAP did not converge after 1 iterations.
[gmrf_wind_mapping_node-2] [GMRF] MAP Mean value estimated in 9.99778 milliseconds
[gmrf_wind_mapping_node-2] --> MAP did not converge after 1 iterations.
[gmrf_wind_mapping_node-2] [GMRF] MAP Mean value estimated in 9.99889 milliseconds
[gmrf_wind_mapping_node-2] --> MAP did not converge after 1 iterations.
[gmrf_wind_mapping_node-2] [GMRF] MAP Mean value estimated in 10.0004 milliseconds
[gmrf_wind_mapping_node-2] --> MAP did not converge after 1 iterations.
[gmrf_wind_mapping_node-2] [GMRF] MAP Mean value estimated in 10.0022 milliseconds
[gmrf_wind_mapping_node-2] --> MAP did not converge after 1 iterations.
[gmrf_wind_mapping_node-2] [GMRF] MAP Mean value estimated in 10.0037 milliseconds
[gmrf_wind_mapping_node-2] --> MAP did not converge after 1 iterations.
[gmrf_wind_mapping_node-2] [GMRF] MAP Mean value estimated in 10.003 milliseconds
[gmrf_wind_mapping_node-2] --> MAP did not converge after 1 iterations.
[gmrf_wind_mapping_node-2] [GMRF] MAP Mean value estimated in 10.003 milliseconds
[gmrf_wind_mapping_node-2] --> MAP did not converge after 1 iterations.
[gmrf_wind_mapping_node-2] [GMRF] MAP Mean value estimated in 10.0026 milliseconds
[gmrf_wind_mapping_node-2] --> MAP did not converge after 1 iterations.
[gmrf_wind_mapping_node-2] [GMRF] MAP Mean value estimated in 10.0052 milliseconds
[gmrf_wind_mapping_node-2] --> MAP did not converge after 1 iterations.
[gmrf_wind_mapping_node-2] [GMRF] MAP Mean value estimated in 10.0055 milliseconds
[gmrf_wind_mapping_node-2] --> MAP did not converge after 1 iterations.
[gmrf_wind_mapping_node-2] [GMRF] MAP Mean value estimated in 10.007 milliseconds
[gmrf_wind_mapping_node-2] --> MAP did not converge after 1 iterations.
[gmrf_wind_mapping_node-2] [GMRF] MAP Mean value estimated in 10.0081 milliseconds
[gmrf_wind_mapping_node-2] --> MAP did not converge after 1 iterations.
[gmrf_wind_mapping_node-2] [GMRF] MAP Mean value estimated in 10.0096 milliseconds
[gmrf_wind_mapping_node-2] --> MAP did not converge after 1 iterations.
[gmrf_wind_mapping_node-2] [GMRF] MAP Mean value estimated in 10.0089 milliseconds
[gmrf_wind_mapping_node-2] --> MAP did not converge after 1 iterations.
[gmrf_wind_mapping_node-2] [GMRF] MAP Mean value estimated in 10.0092 milliseconds
[gmrf_wind_mapping_node-2] --> MAP did not converge after 1 iterations.
[gmrf_wind_mapping_node-2] [GMRF] MAP Mean value estimated in 10.0085 milliseconds
[gmrf_wind_mapping_node-2] --> MAP did not converge after 1 iterations.
[gmrf_wind_mapping_node-2] [GMRF] MAP Mean value estimated in 10.0081 milliseconds
[gmrf_wind_mapping_node-2] --> MAP did not converge after 1 iterations.
[gmrf_wind_mapping_node-2] [GMRF] MAP Mean value estimated in 10.007 milliseconds
[gmrf_wind_mapping_node-2] --> MAP did not converge after 1 iterations.
[gmrf_wind_mapping_node-2] [GMRF] MAP Mean value estimated in 10.0059 milliseconds
[gmrf_wind_mapping_node-2] --> MAP did not converge after 1 iterations.
[gmrf_wind_mapping_node-2] [GMRF] MAP Mean value estimated in 10.0055 milliseconds
[gmrf_wind_mapping_node-2] --> MAP did not converge after 1 iterations.
[gmrf_wind_mapping_node-2] [GMRF] MAP Mean value estimated in 10.0044 milliseconds
[gmrf_wind_mapping_node-2] --> MAP did not converge after 1 iterations.
[gmrf_wind_mapping_node-2] [GMRF] MAP Mean value estimated in 10.0033 milliseconds
[gmrf_wind_mapping_node-2] --> MAP did not converge after 1 iterations.
[gmrf_wind_mapping_node-2] [GMRF] MAP Mean value estimated in 10.0033 milliseconds
[gmrf_wind_mapping_node-2] --> MAP did not converge after 1 iterations.
[gmrf_wind_mapping_node-2] [GMRF] MAP Mean value estimated in 10.0022 milliseconds
[gmrf_wind_mapping_node-2] --> MAP did not converge after 1 iterations.
[gmrf_wind_mapping_node-2] [GMRF] MAP Mean value estimated in 10.0037 milliseconds
[gmrf_wind_mapping_node-2] --> MAP did not converge after 1 iterations.
[gmrf_wind_mapping_node-2] [GMRF] MAP Mean value estimated in 10.0033 milliseconds
[gmrf_wind_mapping_node-2] --> MAP did not converge after 1 iterations.
[gmrf_wind_mapping_node-2] [GMRF] MAP Mean value estimated in 10.0022 milliseconds
[gmrf_wind_mapping_node-2] --> MAP did not converge after 1 iterations.
[gmrf_wind_mapping_node-2] [GMRF] MAP Mean value estimated in 10.0015 milliseconds
[gmrf_wind_mapping_node-2] --> MAP did not converge after 1 iterations.
[gmrf_wind_mapping_node-2] [GMRF] MAP Mean value estimated in 10.0029 milliseconds
[gmrf_wind_mapping_node-2] --> MAP did not converge after 1 iterations.
[gmrf_wind_mapping_node-2] [GMRF] MAP Mean value estimated in 10.004 milliseconds
[gmrf_wind_mapping_node-2] --> MAP did not converge after 1 iterations.
[gmrf_wind_mapping_node-2] [GMRF] MAP Mean value estimated in 10.0059 milliseconds
[gmrf_wind_mapping_node-2] --> MAP did not converge after 1 iterations.
[gmrf_wind_mapping_node-2] [GMRF] MAP Mean value estimated in 10.0055 milliseconds
[gmrf_wind_mapping_node-2] --> MAP did not converge after 1 iterations.
[gmrf_wind_mapping_node-2] [GMRF] MAP Mean value estimated in 10.0073 milliseconds
[gmrf_wind_mapping_node-2] --> MAP did not converge after 1 iterations.
[gmrf_wind_mapping_node-2] [GMRF] MAP Mean value estimated in 10.007 milliseconds
[gmrf_wind_mapping_node-2] --> MAP did not converge after 1 iterations.
[gmrf_wind_mapping_node-2] [GMRF] MAP Mean value estimated in 10.0073 milliseconds
[gmrf_wind_mapping_node-2] --> MAP did not converge after 1 iterations.
[gmrf_wind_mapping_node-2] [GMRF] MAP Mean value estimated in 10.0073 milliseconds
[gmrf_wind_mapping_node-2] --> MAP did not converge after 1 iterations.
[gmrf_wind_mapping_node-2] [GMRF] MAP Mean value estimated in 10.0066 milliseconds
[gmrf_wind_mapping_node-2] --> MAP did not converge after 1 iterations.
[gmrf_wind_mapping_node-2] [GMRF] MAP Mean value estimated in 10.0059 milliseconds
[gmrf_wind_mapping_node-2] --> MAP did not converge after 1 iterations.
[gmrf_wind_mapping_node-2] [GMRF] MAP Mean value estimated in 10.0066 milliseconds
[gmrf_wind_mapping_node-2] --> MAP did not converge after 1 iterations.
[gmrf_wind_mapping_node-2] [GMRF] MAP Mean value estimated in 10.0069 milliseconds
[gmrf_wind_mapping_node-2] --> MAP did not converge after 1 iterations.
[gmrf_wind_mapping_node-2] [GMRF] MAP Mean value estimated in 10.0084 milliseconds
[gmrf_wind_mapping_node-2] --> MAP did not converge after 1 iterations.
[gmrf_wind_mapping_node-2] [GMRF] MAP Mean value estimated in 10.0099 milliseconds
[gmrf_wind_mapping_node-2] --> MAP did not converge after 1 iterations.
[gmrf_wind_mapping_node-2] [GMRF] MAP Mean value estimated in 10.0113 milliseconds
[gmrf_wind_mapping_node-2] --> MAP did not converge after 1 iterations.
[gmrf_wind_mapping_node-2] [GMRF] MAP Mean value estimated in 10.0113 milliseconds
[gmrf_wind_mapping_node-2] --> MAP did not converge after 1 iterations.
[gmrf_wind_mapping_node-2] [GMRF] MAP Mean value estimated in 10.0124 milliseconds
[gmrf_wind_mapping_node-2] --> MAP did not converge after 1 iterations.
[gmrf_wind_mapping_node-2] [GMRF] MAP Mean value estimated in 10.0113 milliseconds
[gmrf_wind_mapping_node-2] --> MAP did not converge after 1 iterations.
[gmrf_wind_mapping_node-2] [GMRF] MAP Mean value estimated in 10.0106 milliseconds
[gmrf_wind_mapping_node-2] --> MAP did not converge after 1 iterations.
[gmrf_wind_mapping_node-2] [GMRF] MAP Mean value estimated in 10.0095 milliseconds
[gmrf_wind_mapping_node-2] --> MAP did not converge after 1 iterations.
[gmrf_wind_mapping_node-2] [GMRF] MAP Mean value estimated in 10.0102 milliseconds
[gmrf_wind_mapping_node-2] --> MAP did not converge after 1 iterations.
[gmrf_wind_mapping_node-2] [GMRF] MAP Mean value estimated in 10.0098 milliseconds
[gmrf_wind_mapping_node-2] --> MAP did not converge after 1 iterations.
[gmrf_wind_mapping_node-2] [GMRF] MAP Mean value estimated in 10.0113 milliseconds
[gmrf_wind_mapping_node-2] --> MAP did not converge after 1 iterations.
[gmrf_wind_mapping_node-2] [GMRF] MAP Mean value estimated in 10.0109 milliseconds
[gmrf_wind_mapping_node-2] --> MAP did not converge after 1 iterations.
[gmrf_wind_mapping_node-2] [GMRF] MAP Mean value estimated in 10.012 milliseconds
[gmrf_wind_mapping_node-2] --> MAP did not converge after 1 iterations.
[gmrf_wind_mapping_node-2] [GMRF] MAP Mean value estimated in 10.0124 milliseconds
[gmrf_wind_mapping_node-2] --> MAP did not converge after 1 iterations.
[gmrf_wind_mapping_node-2] [GMRF] MAP Mean value estimated in 10.0138 milliseconds
[gmrf_wind_mapping_node-2] --> MAP did not converge after 1 iterations.
[gmrf_wind_mapping_node-2] [GMRF] MAP Mean value estimated in 10.0127 milliseconds
[gmrf_wind_mapping_node-2] --> MAP did not converge after 1 iterations.
[gmrf_wind_mapping_node-2] [GMRF] MAP Mean value estimated in 10.012 milliseconds
[gmrf_wind_mapping_node-2] --> MAP did not converge after 1 iterations.
[gmrf_wind_mapping_node-2] [GMRF] MAP Mean value estimated in 10.0109 milliseconds
[gmrf_wind_mapping_node-2] --> MAP did not converge after 1 iterations.
[gmrf_wind_mapping_node-2] [GMRF] MAP Mean value estimated in 10.0116 milliseconds
[gmrf_wind_mapping_node-2] --> MAP did not converge after 1 iterations.
[gmrf_wind_mapping_node-2] [GMRF] MAP Mean value estimated in 10.0112 milliseconds
[gmrf_wind_mapping_node-2] --> MAP did not converge after 1 iterations.
[gmrf_wind_mapping_node-2] [GMRF] MAP Mean value estimated in 10.0138 milliseconds
[gmrf_wind_mapping_node-2] --> MAP did not converge after 1 iterations.
[gmrf_wind_mapping_node-2] [GMRF] MAP Mean value estimated in 10.0145 milliseconds
[gmrf_wind_mapping_node-2] --> MAP did not converge after 1 iterations.
[gmrf_wind_mapping_node-2] [GMRF] MAP Mean value estimated in 10.0163 milliseconds
[gmrf_wind_mapping_node-2] --> MAP did not converge after 1 iterations.
[gmrf_wind_mapping_node-2] [GMRF] MAP Mean value estimated in 10.0174 milliseconds
[gmrf_wind_mapping_node-2] --> MAP did not converge after 1 iterations.
[gmrf_wind_mapping_node-2] [GMRF] MAP Mean value estimated in 10.0196 milliseconds
[gmrf_wind_mapping_node-2] --> MAP did not converge after 1 iterations.
[gmrf_wind_mapping_node-2] [GMRF] MAP Mean value estimated in 10.0192 milliseconds
[gmrf_wind_mapping_node-2] --> MAP did not converge after 1 iterations.
[gmrf_wind_mapping_node-2] [GMRF] MAP Mean value estimated in 10.0185 milliseconds
[gmrf_wind_mapping_node-2] --> MAP did not converge after 1 iterations.
[gmrf_wind_mapping_node-2] [GMRF] MAP Mean value estimated in 10.0177 milliseconds
[gmrf_wind_mapping_node-2] --> MAP did not converge after 1 iterations.
[gmrf_wind_mapping_node-2] [GMRF] MAP Mean value estimated in 10.021 milliseconds
[gmrf_wind_mapping_node-2] --> MAP did not converge after 1 iterations.
[gmrf_wind_mapping_node-2] [GMRF] MAP Mean value estimated in 10.0202 milliseconds
[gmrf_wind_mapping_node-2] --> MAP did not converge after 1 iterations.
[gmrf_wind_mapping_node-2] [GMRF] MAP Mean value estimated in 10.0217 milliseconds
[gmrf_wind_mapping_node-2] --> MAP did not converge after 1 iterations.
[gmrf_wind_mapping_node-2] [GMRF] MAP Mean value estimated in 10.0213 milliseconds
[gmrf_wind_mapping_node-2] --> MAP did not converge after 1 iterations.
[gmrf_wind_mapping_node-2] [GMRF] MAP Mean value estimated in 10.0227 milliseconds
[gmrf_wind_mapping_node-2] --> MAP did not converge after 1 iterations.
[gmrf_wind_mapping_node-2] [GMRF] MAP Mean value estimated in 10.022 milliseconds
[gmrf_wind_mapping_node-2] --> MAP did not converge after 1 iterations.
[gmrf_wind_mapping_node-2] [GMRF] MAP Mean value estimated in 10.0238 milliseconds
[gmrf_wind_mapping_node-2] --> MAP did not converge after 1 iterations.
[gmrf_wind_mapping_node-2] [GMRF] MAP Mean value estimated in 10.0238 milliseconds
[gmrf_wind_mapping_node-2] --> MAP did not converge after 1 iterations.
[gmrf_wind_mapping_node-2] [GMRF] MAP Mean value estimated in 10.0256 milliseconds
[gmrf_wind_mapping_node-2] --> MAP did not converge after 1 iterations.
[gmrf_wind_mapping_node-2] [GMRF] MAP Mean value estimated in 10.0249 milliseconds
[gmrf_wind_mapping_node-2] --> MAP did not converge after 1 iterations.
[gmrf_wind_mapping_node-2] [GMRF] MAP Mean value estimated in 10.0241 milliseconds
[gmrf_wind_mapping_node-2] --> MAP did not converge after 1 iterations.
[gmrf_wind_mapping_node-2] [GMRF] MAP Mean value estimated in 10.0234 milliseconds
[gmrf_wind_mapping_node-2] --> MAP did not converge after 1 iterations.
[gmrf_wind_mapping_node-2] [GMRF] MAP Mean value estimated in 10.0223 milliseconds
[gmrf_wind_mapping_node-2] --> MAP did not converge after 1 iterations.
[gmrf_wind_mapping_node-2] [GMRF] MAP Mean value estimated in 10.0212 milliseconds
[gmrf_wind_mapping_node-2] --> MAP did not converge after 1 iterations.
[gmrf_wind_mapping_node-2] [GMRF] MAP Mean value estimated in 10.0201 milliseconds
[gmrf_wind_mapping_node-2] --> MAP did not converge after 1 iterations.
[gmrf_wind_mapping_node-2] [GMRF] MAP Mean value estimated in 10.0216 milliseconds
[gmrf_wind_mapping_node-2] --> MAP did not converge after 1 iterations.
[gmrf_wind_mapping_node-2] [GMRF] MAP Mean value estimated in 10.0234 milliseconds
[gmrf_wind_mapping_node-2] --> MAP did not converge after 1 iterations.
[gmrf_wind_mapping_node-2] [GMRF] MAP Mean value estimated in 10.023 milliseconds
[gmrf_wind_mapping_node-2] --> MAP did not converge after 1 iterations.
[gmrf_wind_mapping_node-2] [GMRF] MAP Mean value estimated in 10.0226 milliseconds
[gmrf_wind_mapping_node-2] --> MAP did not converge after 1 iterations.
[gmrf_wind_mapping_node-2] [GMRF] MAP Mean value estimated in 10.0223 milliseconds
[gmrf_wind_mapping_node-2] --> MAP did not converge after 1 iterations.
[gmrf_wind_mapping_node-2] [GMRF] MAP Mean value estimated in 10.023 milliseconds
[gmrf_wind_mapping_node-2] --> MAP did not converge after 1 iterations.
[gmrf_wind_mapping_node-2] [GMRF] MAP Mean value estimated in 10.023 milliseconds
[gmrf_wind_mapping_node-2] --> MAP did not converge after 1 iterations.
[gmrf_wind_mapping_node-2] [GMRF] MAP Mean value estimated in 10.0222 milliseconds
[gmrf_wind_mapping_node-2] --> MAP did not converge after 1 iterations.
[gmrf_wind_mapping_node-2] [GMRF] MAP Mean value estimated in 10.0215 milliseconds
[gmrf_wind_mapping_node-2] --> MAP did not converge after 1 iterations.
[gmrf_wind_mapping_node-2] [GMRF] MAP Mean value estimated in 10.0226 milliseconds
[gmrf_wind_mapping_node-2] --> MAP did not converge after 1 iterations.
[gmrf_wind_mapping_node-2] [GMRF] MAP Mean value estimated in 10.0219 milliseconds
[gmrf_wind_mapping_node-2] --> MAP did not converge after 1 iterations.
[gmrf_wind_mapping_node-2] [GMRF] MAP Mean value estimated in 10.0247 milliseconds
[gmrf_wind_mapping_node-2] --> MAP did not converge after 1 iterations.
[gmrf_wind_mapping_node-2] [GMRF] MAP Mean value estimated in 10.024 milliseconds
[gmrf_wind_mapping_node-2] --> MAP did not converge after 1 iterations.
[gmrf_wind_mapping_node-2] [GMRF] MAP Mean value estimated in 10.0247 milliseconds
[gmrf_wind_mapping_node-2] --> MAP did not converge after 1 iterations.
[gmrf_wind_mapping_node-2] [GMRF] MAP Mean value estimated in 10.0258 milliseconds
[gmrf_wind_mapping_node-2] --> MAP did not converge after 1 iterations.
[gmrf_wind_mapping_node-2] [GMRF] MAP Mean value estimated in 10.0254 milliseconds
[gmrf_wind_mapping_node-2] --> MAP did not converge after 1 iterations.
[gmrf_wind_mapping_node-2] [GMRF] MAP Mean value estimated in 10.0257 milliseconds
[gmrf_wind_mapping_node-2] --> MAP did not converge after 1 iterations.
[gmrf_wind_mapping_node-2] [GMRF] MAP Mean value estimated in 10.0257 milliseconds
[gmrf_wind_mapping_node-2] --> MAP did not converge after 1 iterations.
[gmrf_wind_mapping_node-2] [GMRF] MAP Mean value estimated in 10.0254 milliseconds
[gmrf_wind_mapping_node-2] --> MAP did not converge after 1 iterations.
[gmrf_wind_mapping_node-2] [GMRF] MAP Mean value estimated in 10.0257 milliseconds
[gmrf_wind_mapping_node-2] --> MAP did not converge after 1 iterations.
[gmrf_wind_mapping_node-2] [GMRF] MAP Mean value estimated in 10.0264 milliseconds
[gmrf_wind_mapping_node-2] --> MAP did not converge after 1 iterations.
[gmrf_wind_mapping_node-2] [GMRF] MAP Mean value estimated in 10.0282 milliseconds
[gmrf_wind_mapping_node-2] --> MAP did not converge after 1 iterations.
[gmrf_wind_mapping_node-2] [GMRF] MAP Mean value estimated in 10.0275 milliseconds
[gmrf_wind_mapping_node-2] --> MAP did not converge after 1 iterations.
[gmrf_wind_mapping_node-2] [GMRF] MAP Mean value estimated in 10.0282 milliseconds
[gmrf_wind_mapping_node-2] --> MAP did not converge after 1 iterations.
[gmrf_wind_mapping_node-2] [GMRF] MAP Mean value estimated in 10.0275 milliseconds
[gmrf_wind_mapping_node-2] --> MAP did not converge after 1 iterations.
[gmrf_wind_mapping_node-2] [GMRF] MAP Mean value estimated in 10.0296 milliseconds
[gmrf_wind_mapping_node-2] --> MAP did not converge after 1 iterations.
[gmrf_wind_mapping_node-2] [GMRF] MAP Mean value estimated in 10.0289 milliseconds
[gmrf_wind_mapping_node-2] --> MAP did not converge after 1 iterations.
[gmrf_wind_mapping_node-2] [GMRF] MAP Mean value estimated in 10.0306 milliseconds
[gmrf_wind_mapping_node-2] --> MAP did not converge after 1 iterations.
[gmrf_wind_mapping_node-2] [GMRF] MAP Mean value estimated in 10.0299 milliseconds
[gmrf_wind_mapping_node-2] --> MAP did not converge after 1 iterations.
[gmrf_wind_mapping_node-2] [GMRF] MAP Mean value estimated in 10.031 milliseconds
[gmrf_wind_mapping_node-2] --> MAP did not converge after 1 iterations.
[gmrf_wind_mapping_node-2] [GMRF] MAP Mean value estimated in 10.0302 milliseconds
[gsl_benchmark_runner-4] [INFO] [1788884150.794903902] [gsl_benchmark_runner]: wrote V4 run record: method=CTPI_G2_M1_M2 seed=6 termination=time_budget_timeout final_error=3.921 localized2=False timeout=True
[gmrf_wind_mapping_node-2] --> MAP did not converge after 1 iterations.
[gmrf_wind_mapping_node-2] [GMRF] MAP Mean value estimated in 10.032 milliseconds
[gmrf_wind_mapping_node-2] --> MAP did not converge after 1 iterations.
[gmrf_wind_mapping_node-2] [GMRF] MAP Mean value estimated in 10.0313 milliseconds
[gmrf_wind_mapping_node-2] --> MAP did not converge after 1 iterations.
[gmrf_wind_mapping_node-2] [GMRF] MAP Mean value estimated in 10.033 milliseconds
[gmrf_wind_mapping_node-2] --> MAP did not converge after 1 iterations.
[gmrf_wind_mapping_node-2] [GMRF] MAP Mean value estimated in 10.0327 milliseconds
[gmrf_wind_mapping_node-2] --> MAP did not converge after 1 iterations.
[gmrf_wind_mapping_node-2] [GMRF] MAP Mean value estimated in 10.033 milliseconds
[gmrf_wind_mapping_node-2] --> MAP did not converge after 1 iterations.
[gmrf_wind_mapping_node-2] [GMRF] MAP Mean value estimated in 10.0327 milliseconds
[gmrf_wind_mapping_node-2] --> MAP did not converge after 1 iterations.
[gmrf_wind_mapping_node-2] [GMRF] MAP Mean value estimated in 10.0341 milliseconds
[gmrf_wind_mapping_node-2] --> MAP did not converge after 1 iterations.
[gmrf_wind_mapping_node-2] [GMRF] MAP Mean value estimated in 10.0348 milliseconds
[gmrf_wind_mapping_node-2] --> MAP did not converge after 1 iterations.
[gmrf_wind_mapping_node-2] [GMRF] MAP Mean value estimated in 10.0362 milliseconds
[gmrf_wind_mapping_node-2] --> MAP did not converge after 1 iterations.
[gmrf_wind_mapping_node-2] [GMRF] MAP Mean value estimated in 10.0354 milliseconds
[gmrf_wind_mapping_node-2] --> MAP did not converge after 1 iterations.
[gmrf_wind_mapping_node-2] [GMRF] MAP Mean value estimated in 10.0365 milliseconds
[gmrf_wind_mapping_node-2] --> MAP did not converge after 1 iterations.
[gmrf_wind_mapping_node-2] [GMRF] MAP Mean value estimated in 10.0368 milliseconds
[gmrf_wind_mapping_node-2] --> MAP did not converge after 1 iterations.
[gmrf_wind_mapping_node-2] [GMRF] MAP Mean value estimated in 10.0375 milliseconds
[gmrf_wind_mapping_node-2] --> MAP did not converge after 1 iterations.
[gmrf_wind_mapping_node-2] [GMRF] MAP Mean value estimated in 10.0372 milliseconds
[gmrf_wind_mapping_node-2] --> MAP did not converge after 1 iterations.
[gmrf_wind_mapping_node-2] [GMRF] MAP Mean value estimated in 10.0389 milliseconds
[gmrf_wind_mapping_node-2] --> MAP did not converge after 1 iterations.
[gmrf_wind_mapping_node-2] [GMRF] MAP Mean value estimated in 10.0378 milliseconds
[gmrf_wind_mapping_node-2] --> MAP did not converge after 1 iterations.
[gmrf_wind_mapping_node-2] [GMRF] MAP Mean value estimated in 10.04 milliseconds
[gmrf_wind_mapping_node-2] --> MAP did not converge after 1 iterations.
[gmrf_wind_mapping_node-2] [GMRF] MAP Mean value estimated in 10.0396 milliseconds
[gmrf_wind_mapping_node-2] --> MAP did not converge after 1 iterations.
[gmrf_wind_mapping_node-2] [GMRF] MAP Mean value estimated in 10.041 milliseconds
[gmrf_wind_mapping_node-2] --> MAP did not converge after 1 iterations.
[gmrf_wind_mapping_node-2] [GMRF] MAP Mean value estimated in 10.0417 milliseconds
[gmrf_wind_mapping_node-2] --> MAP did not converge after 1 iterations.
[gmrf_wind_mapping_node-2] [GMRF] MAP Mean value estimated in 10.0438 milliseconds
[gmrf_wind_mapping_node-2] --> MAP did not converge after 1 iterations.
[gmrf_wind_mapping_node-2] [GMRF] MAP Mean value estimated in 10.0445 milliseconds
[gmrf_wind_mapping_node-2] --> MAP did not converge after 1 iterations.
[gmrf_wind_mapping_node-2] [GMRF] MAP Mean value estimated in 10.0466 milliseconds
[gmrf_wind_mapping_node-2] --> MAP did not converge after 1 iterations.
[gmrf_wind_mapping_node-2] [GMRF] MAP Mean value estimated in 10.0466 milliseconds
[gmrf_wind_mapping_node-2] --> MAP did not converge after 1 iterations.
[gmrf_wind_mapping_node-2] [GMRF] MAP Mean value estimated in 10.0472 milliseconds
[gmrf_wind_mapping_node-2] --> MAP did not converge after 1 iterations.
[gmrf_wind_mapping_node-2] [GMRF] MAP Mean value estimated in 10.0472 milliseconds
[gmrf_wind_mapping_node-2] --> MAP did not converge after 1 iterations.
[gmrf_wind_mapping_node-2] [GMRF] MAP Mean value estimated in 10.0462 milliseconds
[gmrf_wind_mapping_node-2] --> MAP did not converge after 1 iterations.
[gmrf_wind_mapping_node-2] [GMRF] MAP Mean value estimated in 10.0451 milliseconds
[gmrf_wind_mapping_node-2] --> MAP did not converge after 1 iterations.
[gmrf_wind_mapping_node-2] [GMRF] MAP Mean value estimated in 10.0458 milliseconds
[gmrf_wind_mapping_node-2] --> MAP did not converge after 1 iterations.
[gmrf_wind_mapping_node-2] [GMRF] MAP Mean value estimated in 10.0447 milliseconds
[gmrf_wind_mapping_node-2] --> MAP did not converge after 1 iterations.
[gmrf_wind_mapping_node-2] [GMRF] MAP Mean value estimated in 10.0471 milliseconds
[gmrf_wind_mapping_node-2] --> MAP did not converge after 1 iterations.
[gmrf_wind_mapping_node-2] [GMRF] MAP Mean value estimated in 10.0478 milliseconds
[gmrf_wind_mapping_node-2] --> MAP did not converge after 1 iterations.
[gmrf_wind_mapping_node-2] [GMRF] MAP Mean value estimated in 10.0468 milliseconds
[gmrf_wind_mapping_node-2] --> MAP did not converge after 1 iterations.
[gmrf_wind_mapping_node-2] [GMRF] MAP Mean value estimated in 10.046 milliseconds
[gmrf_wind_mapping_node-2] --> MAP did not converge after 1 iterations.
[gmrf_wind_mapping_node-2] [GMRF] MAP Mean value estimated in 10.045 milliseconds
[gmrf_wind_mapping_node-2] --> MAP did not converge after 1 iterations.
[gmrf_wind_mapping_node-2] [GMRF] MAP Mean value estimated in 10.0443 milliseconds
[gmrf_wind_mapping_node-2] --> MAP did not converge after 1 iterations.
[gmrf_wind_mapping_node-2] [GMRF] MAP Mean value estimated in 10.0439 milliseconds
[gmrf_wind_mapping_node-2] --> MAP did not converge after 1 iterations.
[gmrf_wind_mapping_node-2] [GMRF] MAP Mean value estimated in 10.0428 milliseconds
[gmrf_wind_mapping_node-2] --> MAP did not converge after 1 iterations.
[gmrf_wind_mapping_node-2] [GMRF] MAP Mean value estimated in 10.0442 milliseconds
[gmrf_wind_mapping_node-2] [INFO] [1788884154.751427181] [rclcpp]: signal_handler(signum=2)
[vgr_sim_node-1] Traceback (most recent call last):
[vgr_sim_node-1]   File "/dev/shm/cstar_pmfs_core_m1_eventtime_build_20260908/deps/install/vgr_bridge/lib/vgr_bridge/vgr_sim_node", line 33, in <module>
[vgr_sim_node-1]     sys.exit(load_entry_point('vgr-bridge==0.1.0', 'console_scripts', 'vgr_sim_node')())
[vgr_sim_node-1]   File "/home/zyc/CTPI_G2_M12_SEED12_20260905/vgr_bridge_overlay_c8454d5/vgr_bridge/vgr_sim_node.py", line 1188, in main
[vgr_sim_node-1]     rclpy.spin(node)
[vgr_sim_node-1]   File "/opt/ros/humble/local/lib/python3.10/dist-packages/rclpy/__init__.py", line 229, in spin
[vgr_sim_node-1]     executor.spin_once()
[vgr_sim_node-1]   File "/opt/ros/humble/local/lib/python3.10/dist-packages/rclpy/executors.py", line 751, in spin_once
[vgr_sim_node-1]     self._spin_once_impl(timeout_sec)
[vgr_sim_node-1]   File "/opt/ros/humble/local/lib/python3.10/dist-packages/rclpy/executors.py", line 748, in _spin_once_impl
[vgr_sim_node-1]     raise handler.exception()
[vgr_sim_node-1]   File "/opt/ros/humble/local/lib/python3.10/dist-packages/rclpy/task.py", line 254, in __call__
[vgr_sim_node-1]     self._handler.send(None)
[vgr_sim_node-1]   File "/opt/ros/humble/local/lib/python3.10/dist-packages/rclpy/executors.py", line 447, in handler
[vgr_sim_node-1]     await call_coroutine(entity, arg)
[vgr_sim_node-1]   File "/opt/ros/humble/local/lib/python3.10/dist-packages/rclpy/executors.py", line 361, in _execute_timer
[vgr_sim_node-1]     await await_or_execute(tmr.callback)
[vgr_sim_node-1]   File "/opt/ros/humble/local/lib/python3.10/dist-packages/rclpy/executors.py", line 107, in await_or_execute
[vgr_sim_node-1]     return callback(*args)
[vgr_sim_node-1]   File "/home/zyc/CTPI_G2_M12_SEED12_20260905/vgr_bridge_overlay_c8454d5/vgr_bridge/vgr_sim_node.py", line 345, in _simulation_tick
[vgr_sim_node-1]     self._publish_all(
[vgr_sim_node-1]   File "/home/zyc/CTPI_G2_M12_SEED12_20260905/vgr_bridge_overlay_c8454d5/vgr_bridge/vgr_sim_node.py", line 910, in _publish_all
[vgr_sim_node-1]     self.pose_pub.publish(pose_msg)
[vgr_sim_node-1]   File "/opt/ros/humble/local/lib/python3.10/dist-packages/rclpy/publisher.py", line 70, in publish
[vgr_sim_node-1]     self.__publisher.publish(msg)
[vgr_sim_node-1] rclpy._rclpy_pybind11.RCLError: Failed to publish: publisher's context is invalid, at ./src/rcl/publisher.c:389
[INFO] [gmrf_wind_mapping_node-2]: process has finished cleanly [pid 74174]
[ERROR] [vgr_sim_node-1]: process has died [pid 74172, exit code 1, cmd '/dev/shm/cstar_pmfs_core_m1_eventtime_build_20260908/deps/install/vgr_bridge/lib/vgr_bridge/vgr_sim_node --ros-args -r __node:=vgr_uav_sim --params-file /mnt/hgfs/workspace/CSTAR_CORE_M1_EVENTTIME_H01_SEED6_20260908_R1/H02_seed6_A0/tmp/launch_params__vskdkmh'].
