[INFO] [launch]: All log files can be found below /home/zyc/.ros/log/2026-10-10-01-21-51-105969-zyc-virtual-machine-18876
[INFO] [launch]: Default logging verbosity is set to INFO
[INFO] [player-1]: process started with pid [18890]
[INFO] [simulated_anemometer-2]: process started with pid [18892]
[INFO] [static_transform_publisher-3]: process started with pid [18894]
[INFO] [simulated_gas_sensor-4]: process started with pid [18896]
[INFO] [static_transform_publisher-5]: process started with pid [18898]
[INFO] [map_server-6]: process started with pid [18900]
[INFO] [bt_navigator-7]: process started with pid [18902]
[INFO] [planner_server-8]: process started with pid [18904]
[INFO] [controller_server-9]: process started with pid [18906]
[INFO] [behavior_server-10]: process started with pid [18908]
[INFO] [lifecycle_manager-11]: process started with pid [18910]
[INFO] [robot_state_publisher-12]: process started with pid [18912]
[INFO] [basic_sim-13]: process started with pid [18918]
[INFO] [gsl_actionserver_node-14]: process started with pid [18941]
[static_transform_publisher-3] [33m[WARN] [1791566511.375687482] []: Old-style arguments are deprecated; see --help for new-style arguments[0m
[static_transform_publisher-5] [33m[WARN] [1791566511.378561403] []: Old-style arguments are deprecated; see --help for new-style arguments[0m
[static_transform_publisher-5] [0m[INFO] [1791566511.420172277] [PioneerP3DX.pid_tf_pub]: Spinning until stopped - publishing transform
[static_transform_publisher-5] translation: ('0.000000', '0.000000', '0.500000')
[static_transform_publisher-5] rotation: ('1.000000', '0.000000', '0.000000', '0.000000')
[static_transform_publisher-5] from 'PioneerP3DX_base_link' to 'PioneerP3DX_pid_frame'[0m
[player-1] [33m[WARN] [1791566511.422136210] [GadenPlayer]: 
[player-1] --- Deprecation notice ---
[player-1] You are using ROS parameters to specify the Gaden configuration. This is now considered deprecated (though, for now, still valid).
[player-1] You should update your configuration to use a gaden project (see test_env for examples).
[player-1] You can easily configure a gaden project with 'ros2 run gaden_common gaden_gui
[player-1] ----[0m
[player-1] [0m[INFO] [1791566511.422289340] [GadenPlayer]: num_simulators: 1[0m
[simulated_gas_sensor-4] [0m[INFO] [1791566511.429151152] [PioneerP3DX.PID]: The data provided in the roslaunch file is:[0m
[simulated_gas_sensor-4] [0m[INFO] [1791566511.429237058] [PioneerP3DX.PID]: Sensor model: 30[0m
[simulated_gas_sensor-4] [0m[INFO] [1791566511.429246589] [PioneerP3DX.PID]: Fixed frame: map[0m
[simulated_gas_sensor-4] [0m[INFO] [1791566511.429253318] [PioneerP3DX.PID]: Sensor frame: PioneerP3DX_pid_frame[0m
[simulated_gas_sensor-4] [0m[INFO] [1791566511.429259965] [PioneerP3DX.PID]: Running at 10.000000Hz[0m
[player-1] [0m[INFO] [1791566511.429476451] [GadenPlayer]: simulation_data_0: /home/zyc/pmfs_clean_c1_preparation_r6_20261009/one_realization_C1[0m
[player-1] [0m[INFO] [1791566511.446820102] [GadenPlayer]: Looking for wind files in:
[player-1] 	-'/home/wind'
[player-1] 	-'/home/zyc/pmfs_clean_c1_preparation_r6_20261009/one_realization_C1/wind'[0m
[player-1] [0m[INFO] [1791566511.446864821] [GadenPlayer]: Found wind files at '/home/zyc/pmfs_clean_c1_preparation_r6_20261009/one_realization_C1/wind'[0m
[player-1] [0m[INFO] [1791566511.447010741] [GadenPlayer]: R7 indexed wind 0 = wind_iteration_0[0m
[player-1] [0m[INFO] [1791566511.447024497] [GadenPlayer]: R7 indexed wind 1 = wind_iteration_1[0m
[player-1] [0m[INFO] [1791566511.447030293] [GadenPlayer]: R7 indexed wind 2 = wind_iteration_2[0m
[player-1] [0m[INFO] [1791566511.447035254] [GadenPlayer]: R7 indexed wind 3 = wind_iteration_3[0m
[player-1] [0m[INFO] [1791566511.447039916] [GadenPlayer]: R7 indexed wind 4 = wind_iteration_4[0m
[player-1] [0m[INFO] [1791566511.447044576] [GadenPlayer]: R7 indexed wind 5 = wind_iteration_5[0m
[player-1] [0m[INFO] [1791566511.447049392] [GadenPlayer]: R7 indexed wind 6 = wind_iteration_6[0m
[player-1] [0m[INFO] [1791566511.447054071] [GadenPlayer]: R7 indexed wind 7 = wind_iteration_7[0m
[player-1] [0m[INFO] [1791566511.447058616] [GadenPlayer]: R7 indexed wind 8 = wind_iteration_8[0m
[player-1] [0m[INFO] [1791566511.447063022] [GadenPlayer]: R7 indexed wind 9 = wind_iteration_9[0m
[player-1] [0m[INFO] [1791566511.447067484] [GadenPlayer]: R7 indexed wind 10 = wind_iteration_10[0m
[simulated_anemometer-2] [0m[INFO] [1791566511.468006700] [PioneerP3DX.Anemometer]: wind noise: 0.300000[0m
[static_transform_publisher-3] [0m[INFO] [1791566511.468044358] [PioneerP3DX.anemometer_tf_pub]: Spinning until stopped - publishing transform
[static_transform_publisher-3] translation: ('0.000000', '0.000000', '0.500000')
[static_transform_publisher-3] rotation: ('1.000000', '0.000000', '0.000000', '0.000000')
[static_transform_publisher-3] from 'PioneerP3DX_base_link' to 'PioneerP3DX_anemometer_frame'[0m
[basic_sim-13] [0m[INFO] [1791566511.567208638] [basic_sim]: Loading map from '/home/zyc/pmfs_official_alignment_r5_20261009/ws/install/pmfs_env/share/pmfs_env/scenarios/C/basicSim/../_occupancy.pgm'[0m
[basic_sim-13] [0m[INFO] [1791566511.567340379] [basic_sim]: Resolution: 0.01[0m
[basic_sim-13] [0m[INFO] [1791566511.567633773] [basic_sim]: Origin: (-5.39, -7.45, 0.00)[0m
[simulated_gas_sensor-4] [31m[ERROR] [1791566511.574429030] [PioneerP3DX.PID]: "map" passed to lookupTransform argument target_frame does not exist. [0m
[simulated_anemometer-2] [31m[ERROR] [1791566511.576674395] [PioneerP3DX.Anemometer]: "map" passed to lookupTransform argument target_frame does not exist. [0m
[player-1] [0m[INFO] [1791566511.576693899] [GadenPlayer]: player_freq 2.00 Hz[0m
[basic_sim-13] [0m[INFO] [1791566511.642969574] [basic_sim]: YAML:
[basic_sim-13]  name: PioneerP3DX
[basic_sim-13] position: [-3.4, -3.5, -0.1]
[basic_sim-13] angle: 1
[basic_sim-13] sensors:
[basic_sim-13]   - type: laser
[basic_sim-13]     name: laser_scan
[basic_sim-13]     minAngleRad: -0.7
[basic_sim-13]     maxAngleRad: 3.8
[basic_sim-13]     angleResolutionRad: 0.1
[basic_sim-13]     minDistance: 0.1
[basic_sim-13]     maxDistance: 4.0[0m
[basic_sim-13] [0m[INFO] [1791566511.667333460] [basic_sim]: Created robot PioneerP3DX[0m
[basic_sim-13] [0m[INFO] [1791566511.669131132] [basic_sim]: MainLoop - Ellapsed: 0.000156s[0m
[basic_sim-13] [0m[INFO] [1791566511.688293228] [basic_sim]: MainLoop - Ellapsed: 0.000057s[0m
[basic_sim-13] [0m[INFO] [1791566511.708174208] [basic_sim]: MainLoop - Ellapsed: 0.000049s[0m
[basic_sim-13] [0m[INFO] [1791566511.728888672] [basic_sim]: MainLoop - Ellapsed: 0.000130s[0m
[basic_sim-13] [0m[INFO] [1791566511.748218440] [basic_sim]: MainLoop - Ellapsed: 0.000057s[0m
[basic_sim-13] [0m[INFO] [1791566511.768246567] [basic_sim]: MainLoop - Ellapsed: 0.000057s[0m
[basic_sim-13] [0m[INFO] [1791566511.788410610] [basic_sim]: MainLoop - Ellapsed: 0.000076s[0m
[basic_sim-13] [0m[INFO] [1791566511.807911591] [basic_sim]: MainLoop - Ellapsed: 0.000033s[0m
[basic_sim-13] [0m[INFO] [1791566511.827930881] [basic_sim]: MainLoop - Ellapsed: 0.000041s[0m
[basic_sim-13] [0m[INFO] [1791566511.847867924] [basic_sim]: MainLoop - Ellapsed: 0.000036s[0m
[basic_sim-13] [0m[INFO] [1791566511.867815277] [basic_sim]: MainLoop - Ellapsed: 0.000029s[0m
[basic_sim-13] [0m[INFO] [1791566511.887931742] [basic_sim]: MainLoop - Ellapsed: 0.000037s[0m
[basic_sim-13] [0m[INFO] [1791566511.907997945] [basic_sim]: MainLoop - Ellapsed: 0.000045s[0m
[basic_sim-13] [0m[INFO] [1791566511.928269256] [basic_sim]: MainLoop - Ellapsed: 0.000062s[0m
[basic_sim-13] [0m[INFO] [1791566511.947787652] [basic_sim]: MainLoop - Ellapsed: 0.000029s[0m
[basic_sim-13] [0m[INFO] [1791566511.968476542] [basic_sim]: MainLoop - Ellapsed: 0.000047s[0m
[basic_sim-13] [0m[INFO] [1791566511.988068946] [basic_sim]: MainLoop - Ellapsed: 0.000053s[0m
[basic_sim-13] [0m[INFO] [1791566512.008518350] [basic_sim]: MainLoop - Ellapsed: 0.000085s[0m
[basic_sim-13] [0m[INFO] [1791566512.027965642] [basic_sim]: MainLoop - Ellapsed: 0.000043s[0m
[basic_sim-13] [0m[INFO] [1791566512.048317746] [basic_sim]: MainLoop - Ellapsed: 0.000067s[0m
[basic_sim-13] [0m[INFO] [1791566512.068356999] [basic_sim]: MainLoop - Ellapsed: 0.000069s[0m
[basic_sim-13] [0m[INFO] [1791566512.088344359] [basic_sim]: MainLoop - Ellapsed: 0.000069s[0m
[basic_sim-13] [0m[INFO] [1791566512.108300941] [basic_sim]: MainLoop - Ellapsed: 0.000067s[0m
[basic_sim-13] [0m[INFO] [1791566512.128404031] [basic_sim]: MainLoop - Ellapsed: 0.000077s[0m
[basic_sim-13] [0m[INFO] [1791566512.148357534] [basic_sim]: MainLoop - Ellapsed: 0.000074s[0m
[basic_sim-13] [0m[INFO] [1791566512.168336922] [basic_sim]: MainLoop - Ellapsed: 0.000069s[0m
[basic_sim-13] [0m[INFO] [1791566512.188347776] [basic_sim]: MainLoop - Ellapsed: 0.000074s[0m
[basic_sim-13] [0m[INFO] [1791566512.208305999] [basic_sim]: MainLoop - Ellapsed: 0.000070s[0m
[basic_sim-13] [0m[INFO] [1791566512.228262291] [basic_sim]: MainLoop - Ellapsed: 0.000068s[0m
[basic_sim-13] [0m[INFO] [1791566512.248573020] [basic_sim]: MainLoop - Ellapsed: 0.000090s[0m
[basic_sim-13] [0m[INFO] [1791566512.268582272] [basic_sim]: MainLoop - Ellapsed: 0.000086s[0m
[basic_sim-13] [0m[INFO] [1791566512.288462346] [basic_sim]: MainLoop - Ellapsed: 0.000078s[0m
[basic_sim-13] [0m[INFO] [1791566512.308351966] [basic_sim]: MainLoop - Ellapsed: 0.000073s[0m
[basic_sim-13] [0m[INFO] [1791566512.328369623] [basic_sim]: MainLoop - Ellapsed: 0.000070s[0m
[basic_sim-13] [0m[INFO] [1791566512.348334547] [basic_sim]: MainLoop - Ellapsed: 0.000071s[0m
[basic_sim-13] [0m[INFO] [1791566512.368296450] [basic_sim]: MainLoop - Ellapsed: 0.000067s[0m
[basic_sim-13] [0m[INFO] [1791566512.388467994] [basic_sim]: MainLoop - Ellapsed: 0.000079s[0m
[basic_sim-13] [0m[INFO] [1791566512.408670436] [basic_sim]: MainLoop - Ellapsed: 0.000101s[0m
[basic_sim-13] [0m[INFO] [1791566512.428724420] [basic_sim]: MainLoop - Ellapsed: 0.000097s[0m
[basic_sim-13] [0m[INFO] [1791566512.448256733] [basic_sim]: MainLoop - Ellapsed: 0.000062s[0m
[basic_sim-13] [0m[INFO] [1791566512.468312078] [basic_sim]: MainLoop - Ellapsed: 0.000063s[0m
[basic_sim-13] [0m[INFO] [1791566512.488307316] [basic_sim]: MainLoop - Ellapsed: 0.000065s[0m
[gsl_actionserver_node-14] [0m[INFO] [1791566512.501967156] [GSL]: Starting GSL server[0m
[basic_sim-13] [0m[INFO] [1791566512.508416917] [basic_sim]: MainLoop - Ellapsed: 0.000069s[0m
[basic_sim-13] [0m[INFO] [1791566512.529212907] [basic_sim]: MainLoop - Ellapsed: 0.000144s[0m
[basic_sim-13] [0m[INFO] [1791566512.549599585] [basic_sim]: MainLoop - Ellapsed: 0.000194s[0m
[basic_sim-13] [0m[INFO] [1791566512.568343202] [basic_sim]: MainLoop - Ellapsed: 0.000060s[0m
[basic_sim-13] [0m[INFO] [1791566512.588936834] [basic_sim]: MainLoop - Ellapsed: 0.000113s[0m
[basic_sim-13] [0m[INFO] [1791566512.608796571] [basic_sim]: MainLoop - Ellapsed: 0.000112s[0m
[basic_sim-13] [0m[INFO] [1791566512.628267057] [basic_sim]: MainLoop - Ellapsed: 0.000060s[0m
[basic_sim-13] [0m[INFO] [1791566512.648830788] [basic_sim]: MainLoop - Ellapsed: 0.000109s[0m
[basic_sim-13] [0m[INFO] [1791566512.668468372] [basic_sim]: MainLoop - Ellapsed: 0.000065s[0m
[basic_sim-13] [0m[INFO] [1791566512.688525713] [basic_sim]: MainLoop - Ellapsed: 0.000082s[0m
[basic_sim-13] [0m[INFO] [1791566512.708397133] [basic_sim]: MainLoop - Ellapsed: 0.000077s[0m
[basic_sim-13] [0m[INFO] [1791566512.728591995] [basic_sim]: MainLoop - Ellapsed: 0.000091s[0m
[basic_sim-13] [0m[INFO] [1791566512.748369977] [basic_sim]: MainLoop - Ellapsed: 0.000074s[0m
[basic_sim-13] [0m[INFO] [1791566512.768336676] [basic_sim]: MainLoop - Ellapsed: 0.000068s[0m
[basic_sim-13] [0m[INFO] [1791566512.788419619] [basic_sim]: MainLoop - Ellapsed: 0.000069s[0m
[basic_sim-13] [0m[INFO] [1791566512.808241993] [basic_sim]: MainLoop - Ellapsed: 0.000063s[0m
[basic_sim-13] [0m[INFO] [1791566512.828551869] [basic_sim]: MainLoop - Ellapsed: 0.000090s[0m
[basic_sim-13] [0m[INFO] [1791566512.848387313] [basic_sim]: MainLoop - Ellapsed: 0.000072s[0m
[basic_sim-13] [0m[INFO] [1791566512.868350589] [basic_sim]: MainLoop - Ellapsed: 0.000064s[0m
[basic_sim-13] [0m[INFO] [1791566512.888426556] [basic_sim]: MainLoop - Ellapsed: 0.000075s[0m
[basic_sim-13] [0m[INFO] [1791566512.908486827] [basic_sim]: MainLoop - Ellapsed: 0.000080s[0m
[basic_sim-13] [0m[INFO] [1791566512.928982404] [basic_sim]: MainLoop - Ellapsed: 0.000099s[0m
[basic_sim-13] [0m[INFO] [1791566512.949001295] [basic_sim]: MainLoop - Ellapsed: 0.000105s[0m
[basic_sim-13] [0m[INFO] [1791566512.968470251] [basic_sim]: MainLoop - Ellapsed: 0.000073s[0m
[basic_sim-13] [0m[INFO] [1791566512.988404660] [basic_sim]: MainLoop - Ellapsed: 0.000069s[0m
[basic_sim-13] [0m[INFO] [1791566513.008446801] [basic_sim]: MainLoop - Ellapsed: 0.000067s[0m
[basic_sim-13] [0m[INFO] [1791566513.028460191] [basic_sim]: MainLoop - Ellapsed: 0.000074s[0m
[basic_sim-13] [0m[INFO] [1791566513.048416406] [basic_sim]: MainLoop - Ellapsed: 0.000066s[0m
[basic_sim-13] [0m[INFO] [1791566513.068682859] [basic_sim]: MainLoop - Ellapsed: 0.000096s[0m
[basic_sim-13] [0m[INFO] [1791566513.088310165] [basic_sim]: MainLoop - Ellapsed: 0.000062s[0m
[basic_sim-13] [0m[INFO] [1791566513.108388260] [basic_sim]: MainLoop - Ellapsed: 0.000077s[0m
[basic_sim-13] [0m[INFO] [1791566513.128444802] [basic_sim]: MainLoop - Ellapsed: 0.000079s[0m
[basic_sim-13] [0m[INFO] [1791566513.148474421] [basic_sim]: MainLoop - Ellapsed: 0.000066s[0m
[basic_sim-13] [0m[INFO] [1791566513.168339095] [basic_sim]: MainLoop - Ellapsed: 0.000066s[0m
[basic_sim-13] [0m[INFO] [1791566513.188210879] [basic_sim]: MainLoop - Ellapsed: 0.000058s[0m
[basic_sim-13] [0m[INFO] [1791566513.208442210] [basic_sim]: MainLoop - Ellapsed: 0.000070s[0m
[basic_sim-13] [0m[INFO] [1791566513.228237741] [basic_sim]: MainLoop - Ellapsed: 0.000061s[0m
[basic_sim-13] [0m[INFO] [1791566513.248737394] [basic_sim]: MainLoop - Ellapsed: 0.000103s[0m
[basic_sim-13] [0m[INFO] [1791566513.268254096] [basic_sim]: MainLoop - Ellapsed: 0.000057s[0m
[basic_sim-13] [0m[INFO] [1791566513.288644661] [basic_sim]: MainLoop - Ellapsed: 0.000092s[0m
[basic_sim-13] [0m[INFO] [1791566513.308255125] [basic_sim]: MainLoop - Ellapsed: 0.000062s[0m
[basic_sim-13] [0m[INFO] [1791566513.328320308] [basic_sim]: MainLoop - Ellapsed: 0.000066s[0m
[basic_sim-13] [0m[INFO] [1791566513.348603734] [basic_sim]: MainLoop - Ellapsed: 0.000091s[0m
[basic_sim-13] [0m[INFO] [1791566513.368780064] [basic_sim]: MainLoop - Ellapsed: 0.000106s[0m
[basic_sim-13] [0m[INFO] [1791566513.388722097] [basic_sim]: MainLoop - Ellapsed: 0.000093s[0m
[basic_sim-13] [0m[INFO] [1791566513.408447792] [basic_sim]: MainLoop - Ellapsed: 0.000074s[0m
[basic_sim-13] [0m[INFO] [1791566513.428291565] [basic_sim]: MainLoop - Ellapsed: 0.000060s[0m
[basic_sim-13] [0m[INFO] [1791566513.448805466] [basic_sim]: MainLoop - Ellapsed: 0.000114s[0m
[basic_sim-13] [0m[INFO] [1791566513.468577609] [basic_sim]: MainLoop - Ellapsed: 0.000083s[0m
[basic_sim-13] [0m[INFO] [1791566513.488869092] [basic_sim]: MainLoop - Ellapsed: 0.000100s[0m
[basic_sim-13] [0m[INFO] [1791566513.508663861] [basic_sim]: MainLoop - Ellapsed: 0.000079s[0m
[basic_sim-13] [0m[INFO] [1791566513.528209172] [basic_sim]: MainLoop - Ellapsed: 0.000063s[0m
[basic_sim-13] [0m[INFO] [1791566513.548388299] [basic_sim]: MainLoop - Ellapsed: 0.000068s[0m
[basic_sim-13] [0m[INFO] [1791566513.568400446] [basic_sim]: MainLoop - Ellapsed: 0.000065s[0m
[basic_sim-13] [0m[INFO] [1791566513.588314946] [basic_sim]: MainLoop - Ellapsed: 0.000066s[0m
[basic_sim-13] [0m[INFO] [1791566513.608532835] [basic_sim]: MainLoop - Ellapsed: 0.000087s[0m
[basic_sim-13] [0m[INFO] [1791566513.628347526] [basic_sim]: MainLoop - Ellapsed: 0.000070s[0m
[basic_sim-13] [0m[INFO] [1791566513.648282790] [basic_sim]: MainLoop - Ellapsed: 0.000065s[0m
[basic_sim-13] [0m[INFO] [1791566513.668380942] [basic_sim]: MainLoop - Ellapsed: 0.000069s[0m
[basic_sim-13] [0m[INFO] [1791566513.688308537] [basic_sim]: MainLoop - Ellapsed: 0.000067s[0m
[basic_sim-13] [0m[INFO] [1791566513.708378320] [basic_sim]: MainLoop - Ellapsed: 0.000075s[0m
[basic_sim-13] [0m[INFO] [1791566513.728375516] [basic_sim]: MainLoop - Ellapsed: 0.000071s[0m
[basic_sim-13] [0m[INFO] [1791566513.748360971] [basic_sim]: MainLoop - Ellapsed: 0.000071s[0m
[basic_sim-13] [0m[INFO] [1791566513.768327327] [basic_sim]: MainLoop - Ellapsed: 0.000068s[0m
[basic_sim-13] [0m[INFO] [1791566513.788288831] [basic_sim]: MainLoop - Ellapsed: 0.000062s[0m
[basic_sim-13] [0m[INFO] [1791566513.808478564] [basic_sim]: MainLoop - Ellapsed: 0.000079s[0m
[basic_sim-13] [0m[INFO] [1791566513.828427316] [basic_sim]: MainLoop - Ellapsed: 0.000080s[0m
[basic_sim-13] [0m[INFO] [1791566513.848375742] [basic_sim]: MainLoop - Ellapsed: 0.000073s[0m
[basic_sim-13] [0m[INFO] [1791566513.868435917] [basic_sim]: MainLoop - Ellapsed: 0.000079s[0m
[basic_sim-13] [0m[INFO] [1791566513.888466559] [basic_sim]: MainLoop - Ellapsed: 0.000071s[0m
[basic_sim-13] [0m[INFO] [1791566513.908337289] [basic_sim]: MainLoop - Ellapsed: 0.000068s[0m
[basic_sim-13] [0m[INFO] [1791566513.928396373] [basic_sim]: MainLoop - Ellapsed: 0.000073s[0m
[basic_sim-13] [0m[INFO] [1791566513.948480703] [basic_sim]: MainLoop - Ellapsed: 0.000082s[0m
[basic_sim-13] [0m[INFO] [1791566513.968445597] [basic_sim]: MainLoop - Ellapsed: 0.000081s[0m
[basic_sim-13] [0m[INFO] [1791566513.988568439] [basic_sim]: MainLoop - Ellapsed: 0.000065s[0m
[basic_sim-13] [0m[INFO] [1791566514.008286902] [basic_sim]: MainLoop - Ellapsed: 0.000047s[0m
[basic_sim-13] [0m[INFO] [1791566514.028328594] [basic_sim]: MainLoop - Ellapsed: 0.000058s[0m
[basic_sim-13] [0m[INFO] [1791566514.048275901] [basic_sim]: MainLoop - Ellapsed: 0.000063s[0m
[basic_sim-13] [0m[INFO] [1791566514.068332128] [basic_sim]: MainLoop - Ellapsed: 0.000061s[0m
[basic_sim-13] [0m[INFO] [1791566514.088169815] [basic_sim]: MainLoop - Ellapsed: 0.000056s[0m
[basic_sim-13] [0m[INFO] [1791566514.108121243] [basic_sim]: MainLoop - Ellapsed: 0.000047s[0m
[basic_sim-13] [0m[INFO] [1791566514.128282373] [basic_sim]: MainLoop - Ellapsed: 0.000066s[0m
[basic_sim-13] [0m[INFO] [1791566514.148223026] [basic_sim]: MainLoop - Ellapsed: 0.000058s[0m
[basic_sim-13] [0m[INFO] [1791566514.168280527] [basic_sim]: MainLoop - Ellapsed: 0.000064s[0m
[basic_sim-13] [0m[INFO] [1791566514.188108971] [basic_sim]: MainLoop - Ellapsed: 0.000050s[0m
[basic_sim-13] [0m[INFO] [1791566514.208217500] [basic_sim]: MainLoop - Ellapsed: 0.000051s[0m
[basic_sim-13] [0m[INFO] [1791566514.228121213] [basic_sim]: MainLoop - Ellapsed: 0.000046s[0m
[basic_sim-13] [0m[INFO] [1791566514.248141175] [basic_sim]: MainLoop - Ellapsed: 0.000051s[0m
[basic_sim-13] [0m[INFO] [1791566514.268247653] [basic_sim]: MainLoop - Ellapsed: 0.000056s[0m
[basic_sim-13] [0m[INFO] [1791566514.288112708] [basic_sim]: MainLoop - Ellapsed: 0.000047s[0m
[basic_sim-13] [0m[INFO] [1791566514.308155116] [basic_sim]: MainLoop - Ellapsed: 0.000052s[0m
[basic_sim-13] [0m[INFO] [1791566514.328078050] [basic_sim]: MainLoop - Ellapsed: 0.000048s[0m
[basic_sim-13] [0m[INFO] [1791566514.348142041] [basic_sim]: MainLoop - Ellapsed: 0.000048s[0m
[basic_sim-13] [0m[INFO] [1791566514.368150030] [basic_sim]: MainLoop - Ellapsed: 0.000054s[0m
[basic_sim-13] [0m[INFO] [1791566514.388108204] [basic_sim]: MainLoop - Ellapsed: 0.000047s[0m
[basic_sim-13] [0m[INFO] [1791566514.408100580] [basic_sim]: MainLoop - Ellapsed: 0.000051s[0m
[basic_sim-13] [0m[INFO] [1791566514.428169949] [basic_sim]: MainLoop - Ellapsed: 0.000048s[0m
[basic_sim-13] [0m[INFO] [1791566514.448138117] [basic_sim]: MainLoop - Ellapsed: 0.000046s[0m
[basic_sim-13] [0m[INFO] [1791566514.467996547] [basic_sim]: MainLoop - Ellapsed: 0.000040s[0m
[basic_sim-13] [0m[INFO] [1791566514.488125324] [basic_sim]: MainLoop - Ellapsed: 0.000044s[0m
[basic_sim-13] [0m[INFO] [1791566514.508000719] [basic_sim]: MainLoop - Ellapsed: 0.000040s[0m
[basic_sim-13] [0m[INFO] [1791566514.528372939] [basic_sim]: MainLoop - Ellapsed: 0.000066s[0m
[basic_sim-13] [0m[INFO] [1791566514.548460609] [basic_sim]: MainLoop - Ellapsed: 0.000077s[0m
[basic_sim-13] [0m[INFO] [1791566514.568396220] [basic_sim]: MainLoop - Ellapsed: 0.000071s[0m
[basic_sim-13] [0m[INFO] [1791566514.588356915] [basic_sim]: MainLoop - Ellapsed: 0.000067s[0m
[basic_sim-13] [0m[INFO] [1791566514.608481582] [basic_sim]: MainLoop - Ellapsed: 0.000078s[0m
[basic_sim-13] [0m[INFO] [1791566514.628496582] [basic_sim]: MainLoop - Ellapsed: 0.000083s[0m
[basic_sim-13] [0m[INFO] [1791566514.648124155] [basic_sim]: MainLoop - Ellapsed: 0.000045s[0m
[basic_sim-13] [0m[INFO] [1791566514.668045666] [basic_sim]: MainLoop - Ellapsed: 0.000043s[0m
[basic_sim-13] [0m[INFO] [1791566514.689226667] [basic_sim]: MainLoop - Ellapsed: 0.000124s[0m
[basic_sim-13] [0m[INFO] [1791566514.708964260] [basic_sim]: MainLoop - Ellapsed: 0.000120s[0m
[basic_sim-13] [0m[INFO] [1791566514.728606291] [basic_sim]: MainLoop - Ellapsed: 0.000095s[0m
[basic_sim-13] [0m[INFO] [1791566514.748402464] [basic_sim]: MainLoop - Ellapsed: 0.000071s[0m
[basic_sim-13] [0m[INFO] [1791566514.768329922] [basic_sim]: MainLoop - Ellapsed: 0.000073s[0m
[basic_sim-13] [0m[INFO] [1791566514.788489076] [basic_sim]: MainLoop - Ellapsed: 0.000081s[0m
[basic_sim-13] [0m[INFO] [1791566514.808934599] [basic_sim]: MainLoop - Ellapsed: 0.000115s[0m
[basic_sim-13] [0m[INFO] [1791566514.828921821] [basic_sim]: MainLoop - Ellapsed: 0.000115s[0m
[basic_sim-13] [0m[INFO] [1791566514.849143965] [basic_sim]: MainLoop - Ellapsed: 0.000142s[0m
[basic_sim-13] [0m[INFO] [1791566514.868979650] [basic_sim]: MainLoop - Ellapsed: 0.000123s[0m
[basic_sim-13] [0m[INFO] [1791566514.888642375] [basic_sim]: MainLoop - Ellapsed: 0.000090s[0m
[basic_sim-13] [0m[INFO] [1791566514.908283400] [basic_sim]: MainLoop - Ellapsed: 0.000059s[0m
[basic_sim-13] [0m[INFO] [1791566514.928455061] [basic_sim]: MainLoop - Ellapsed: 0.000070s[0m
[basic_sim-13] [0m[INFO] [1791566514.948409535] [basic_sim]: MainLoop - Ellapsed: 0.000069s[0m
[basic_sim-13] [0m[INFO] [1791566514.968337271] [basic_sim]: MainLoop - Ellapsed: 0.000069s[0m
[basic_sim-13] [0m[INFO] [1791566514.988332688] [basic_sim]: MainLoop - Ellapsed: 0.000069s[0m
[basic_sim-13] [0m[INFO] [1791566515.008385691] [basic_sim]: MainLoop - Ellapsed: 0.000070s[0m
[basic_sim-13] [0m[INFO] [1791566515.028386894] [basic_sim]: MainLoop - Ellapsed: 0.000075s[0m
[basic_sim-13] [0m[INFO] [1791566515.048541438] [basic_sim]: MainLoop - Ellapsed: 0.000087s[0m
[basic_sim-13] [0m[INFO] [1791566515.068486167] [basic_sim]: MainLoop - Ellapsed: 0.000077s[0m
[basic_sim-13] [0m[INFO] [1791566515.088439700] [basic_sim]: MainLoop - Ellapsed: 0.000074s[0m
[basic_sim-13] [0m[INFO] [1791566515.108441851] [basic_sim]: MainLoop - Ellapsed: 0.000069s[0m
[basic_sim-13] [0m[INFO] [1791566515.128435444] [basic_sim]: MainLoop - Ellapsed: 0.000077s[0m
[basic_sim-13] [0m[INFO] [1791566515.148362002] [basic_sim]: MainLoop - Ellapsed: 0.000070s[0m
[basic_sim-13] [0m[INFO] [1791566515.168518138] [basic_sim]: MainLoop - Ellapsed: 0.000081s[0m
[basic_sim-13] [0m[INFO] [1791566515.188630113] [basic_sim]: MainLoop - Ellapsed: 0.000096s[0m
[basic_sim-13] [0m[INFO] [1791566515.208396661] [basic_sim]: MainLoop - Ellapsed: 0.000069s[0m
[basic_sim-13] [0m[INFO] [1791566515.228468096] [basic_sim]: MainLoop - Ellapsed: 0.000080s[0m
[basic_sim-13] [0m[INFO] [1791566515.248687683] [basic_sim]: MainLoop - Ellapsed: 0.000101s[0m
[basic_sim-13] [0m[INFO] [1791566515.270178931] [basic_sim]: MainLoop - Ellapsed: 0.000236s[0m
[basic_sim-13] [0m[INFO] [1791566515.288502927] [basic_sim]: MainLoop - Ellapsed: 0.000084s[0m
[basic_sim-13] [0m[INFO] [1791566515.308964135] [basic_sim]: MainLoop - Ellapsed: 0.000093s[0m
[basic_sim-13] [0m[INFO] [1791566515.328522150] [basic_sim]: MainLoop - Ellapsed: 0.000085s[0m
[basic_sim-13] [0m[INFO] [1791566515.348468297] [basic_sim]: MainLoop - Ellapsed: 0.000079s[0m
[basic_sim-13] [0m[INFO] [1791566515.368379202] [basic_sim]: MainLoop - Ellapsed: 0.000063s[0m
[basic_sim-13] [0m[INFO] [1791566515.388476452] [basic_sim]: MainLoop - Ellapsed: 0.000067s[0m
[basic_sim-13] [0m[INFO] [1791566515.408485873] [basic_sim]: MainLoop - Ellapsed: 0.000075s[0m
[basic_sim-13] [0m[INFO] [1791566515.428381689] [basic_sim]: MainLoop - Ellapsed: 0.000071s[0m
[basic_sim-13] [0m[INFO] [1791566515.448460781] [basic_sim]: MainLoop - Ellapsed: 0.000079s[0m
[basic_sim-13] [0m[INFO] [1791566515.468695020] [basic_sim]: MainLoop - Ellapsed: 0.000092s[0m
[basic_sim-13] [0m[INFO] [1791566515.488771330] [basic_sim]: MainLoop - Ellapsed: 0.000107s[0m
[basic_sim-13] [0m[INFO] [1791566515.508988956] [basic_sim]: MainLoop - Ellapsed: 0.000104s[0m
[basic_sim-13] [0m[INFO] [1791566515.528355004] [basic_sim]: MainLoop - Ellapsed: 0.000069s[0m
[basic_sim-13] [0m[INFO] [1791566515.548360212] [basic_sim]: MainLoop - Ellapsed: 0.000061s[0m
[basic_sim-13] [0m[INFO] [1791566515.568921119] [basic_sim]: MainLoop - Ellapsed: 0.000109s[0m
[basic_sim-13] [0m[INFO] [1791566515.588345558] [basic_sim]: MainLoop - Ellapsed: 0.000065s[0m
[basic_sim-13] [0m[INFO] [1791566515.608539099] [basic_sim]: MainLoop - Ellapsed: 0.000082s[0m
[basic_sim-13] [0m[INFO] [1791566515.628549075] [basic_sim]: MainLoop - Ellapsed: 0.000073s[0m
[basic_sim-13] [0m[INFO] [1791566515.649176453] [basic_sim]: MainLoop - Ellapsed: 0.000147s[0m
[basic_sim-13] [0m[INFO] [1791566515.668677456] [basic_sim]: MainLoop - Ellapsed: 0.000084s[0m
[basic_sim-13] [0m[INFO] [1791566515.688287718] [basic_sim]: MainLoop - Ellapsed: 0.000062s[0m
[basic_sim-13] [0m[INFO] [1791566515.708630428] [basic_sim]: MainLoop - Ellapsed: 0.000087s[0m
[basic_sim-13] [0m[INFO] [1791566515.728737460] [basic_sim]: MainLoop - Ellapsed: 0.000102s[0m
[basic_sim-13] [0m[INFO] [1791566515.748511405] [basic_sim]: MainLoop - Ellapsed: 0.000080s[0m
[basic_sim-13] [0m[INFO] [1791566515.768467510] [basic_sim]: MainLoop - Ellapsed: 0.000076s[0m
[basic_sim-13] [0m[INFO] [1791566515.788671262] [basic_sim]: MainLoop - Ellapsed: 0.000091s[0m
[basic_sim-13] [0m[INFO] [1791566515.808387535] [basic_sim]: MainLoop - Ellapsed: 0.000070s[0m
[basic_sim-13] [0m[INFO] [1791566515.828988313] [basic_sim]: MainLoop - Ellapsed: 0.000125s[0m
[basic_sim-13] [0m[INFO] [1791566515.848600638] [basic_sim]: MainLoop - Ellapsed: 0.000082s[0m
[basic_sim-13] [0m[INFO] [1791566515.868840715] [basic_sim]: MainLoop - Ellapsed: 0.000118s[0m
[basic_sim-13] [0m[INFO] [1791566515.888370326] [basic_sim]: MainLoop - Ellapsed: 0.000071s[0m
[basic_sim-13] [0m[INFO] [1791566515.908420769] [basic_sim]: MainLoop - Ellapsed: 0.000072s[0m
[basic_sim-13] [0m[INFO] [1791566515.928287871] [basic_sim]: MainLoop - Ellapsed: 0.000066s[0m
[basic_sim-13] [0m[INFO] [1791566515.949382244] [basic_sim]: MainLoop - Ellapsed: 0.000148s[0m
[basic_sim-13] [0m[INFO] [1791566515.968318150] [basic_sim]: MainLoop - Ellapsed: 0.000063s[0m
[basic_sim-13] [0m[INFO] [1791566515.988411640] [basic_sim]: MainLoop - Ellapsed: 0.000066s[0m
[basic_sim-13] [0m[INFO] [1791566516.008401904] [basic_sim]: MainLoop - Ellapsed: 0.000076s[0m
[basic_sim-13] [0m[INFO] [1791566516.028364080] [basic_sim]: MainLoop - Ellapsed: 0.000074s[0m
[basic_sim-13] [0m[INFO] [1791566516.048615867] [basic_sim]: MainLoop - Ellapsed: 0.000085s[0m
[basic_sim-13] [0m[INFO] [1791566516.068903321] [basic_sim]: MainLoop - Ellapsed: 0.000126s[0m
[basic_sim-13] [0m[INFO] [1791566516.088539763] [basic_sim]: MainLoop - Ellapsed: 0.000079s[0m
[basic_sim-13] [0m[INFO] [1791566516.108409209] [basic_sim]: MainLoop - Ellapsed: 0.000070s[0m
[basic_sim-13] [0m[INFO] [1791566516.128310645] [basic_sim]: MainLoop - Ellapsed: 0.000069s[0m
[basic_sim-13] [0m[INFO] [1791566516.148322324] [basic_sim]: MainLoop - Ellapsed: 0.000069s[0m
[basic_sim-13] [0m[INFO] [1791566516.168451209] [basic_sim]: MainLoop - Ellapsed: 0.000075s[0m
[basic_sim-13] [0m[INFO] [1791566516.189537352] [basic_sim]: MainLoop - Ellapsed: 0.000187s[0m
[basic_sim-13] [0m[INFO] [1791566516.208479695] [basic_sim]: MainLoop - Ellapsed: 0.000069s[0m
[basic_sim-13] [0m[INFO] [1791566516.228600771] [basic_sim]: MainLoop - Ellapsed: 0.000092s[0m
[basic_sim-13] [0m[INFO] [1791566516.248468465] [basic_sim]: MainLoop - Ellapsed: 0.000078s[0m
[basic_sim-13] [0m[INFO] [1791566516.268648685] [basic_sim]: MainLoop - Ellapsed: 0.000084s[0m
[basic_sim-13] [0m[INFO] [1791566516.288724531] [basic_sim]: MainLoop - Ellapsed: 0.000099s[0m
[basic_sim-13] [0m[INFO] [1791566516.308462428] [basic_sim]: MainLoop - Ellapsed: 0.000070s[0m
[basic_sim-13] [0m[INFO] [1791566516.328360392] [basic_sim]: MainLoop - Ellapsed: 0.000071s[0m
[basic_sim-13] [0m[INFO] [1791566516.348385009] [basic_sim]: MainLoop - Ellapsed: 0.000072s[0m
[basic_sim-13] [0m[INFO] [1791566516.368519294] [basic_sim]: MainLoop - Ellapsed: 0.000080s[0m
[basic_sim-13] [0m[INFO] [1791566516.388550223] [basic_sim]: MainLoop - Ellapsed: 0.000081s[0m
[basic_sim-13] [0m[INFO] [1791566516.408482909] [basic_sim]: MainLoop - Ellapsed: 0.000084s[0m
[basic_sim-13] [0m[INFO] [1791566516.428518793] [basic_sim]: MainLoop - Ellapsed: 0.000087s[0m
[basic_sim-13] [0m[INFO] [1791566516.448376075] [basic_sim]: MainLoop - Ellapsed: 0.000070s[0m
[basic_sim-13] [0m[INFO] [1791566516.468425632] [basic_sim]: MainLoop - Ellapsed: 0.000071s[0m
[basic_sim-13] [0m[INFO] [1791566516.488380184] [basic_sim]: MainLoop - Ellapsed: 0.000073s[0m
[basic_sim-13] [0m[INFO] [1791566516.508358260] [basic_sim]: MainLoop - Ellapsed: 0.000067s[0m
[basic_sim-13] [0m[INFO] [1791566516.528299621] [basic_sim]: MainLoop - Ellapsed: 0.000068s[0m
[basic_sim-13] [0m[INFO] [1791566516.548412389] [basic_sim]: MainLoop - Ellapsed: 0.000075s[0m
[basic_sim-13] [0m[INFO] [1791566516.568319885] [basic_sim]: MainLoop - Ellapsed: 0.000073s[0m
[basic_sim-13] [0m[INFO] [1791566516.588467161] [basic_sim]: MainLoop - Ellapsed: 0.000083s[0m
[basic_sim-13] [0m[INFO] [1791566516.608258885] [basic_sim]: MainLoop - Ellapsed: 0.000061s[0m
[basic_sim-13] [0m[INFO] [1791566516.628515232] [basic_sim]: MainLoop - Ellapsed: 0.000079s[0m
[basic_sim-13] [0m[INFO] [1791566516.648576813] [basic_sim]: MainLoop - Ellapsed: 0.000085s[0m
[basic_sim-13] [0m[INFO] [1791566516.668203916] [basic_sim]: MainLoop - Ellapsed: 0.000061s[0m
[basic_sim-13] [0m[INFO] [1791566516.688366839] [basic_sim]: MainLoop - Ellapsed: 0.000073s[0m
[basic_sim-13] [0m[INFO] [1791566516.708496197] [basic_sim]: MainLoop - Ellapsed: 0.000079s[0m
[basic_sim-13] [0m[INFO] [1791566516.728371833] [basic_sim]: MainLoop - Ellapsed: 0.000072s[0m
[basic_sim-13] [0m[INFO] [1791566516.748511297] [basic_sim]: MainLoop - Ellapsed: 0.000082s[0m
[basic_sim-13] [0m[INFO] [1791566516.768521993] [basic_sim]: MainLoop - Ellapsed: 0.000083s[0m
[basic_sim-13] [0m[INFO] [1791566516.788395167] [basic_sim]: MainLoop - Ellapsed: 0.000065s[0m
[basic_sim-13] [0m[INFO] [1791566516.808341042] [basic_sim]: MainLoop - Ellapsed: 0.000067s[0m
[basic_sim-13] [0m[INFO] [1791566516.828324386] [basic_sim]: MainLoop - Ellapsed: 0.000067s[0m
[basic_sim-13] [0m[INFO] [1791566516.848469086] [basic_sim]: MainLoop - Ellapsed: 0.000078s[0m
[basic_sim-13] [0m[INFO] [1791566516.868695462] [basic_sim]: MainLoop - Ellapsed: 0.000107s[0m
[basic_sim-13] [0m[INFO] [1791566516.888365083] [basic_sim]: MainLoop - Ellapsed: 0.000071s[0m
[basic_sim-13] [0m[INFO] [1791566516.908479748] [basic_sim]: MainLoop - Ellapsed: 0.000077s[0m
[basic_sim-13] [0m[INFO] [1791566516.928284933] [basic_sim]: MainLoop - Ellapsed: 0.000066s[0m
[basic_sim-13] [0m[INFO] [1791566516.948369599] [basic_sim]: MainLoop - Ellapsed: 0.000075s[0m
[basic_sim-13] [0m[INFO] [1791566516.968348634] [basic_sim]: MainLoop - Ellapsed: 0.000075s[0m
[basic_sim-13] [0m[INFO] [1791566516.988499677] [basic_sim]: MainLoop - Ellapsed: 0.000071s[0m
[basic_sim-13] [0m[INFO] [1791566517.008336904] [basic_sim]: MainLoop - Ellapsed: 0.000059s[0m
[basic_sim-13] [0m[INFO] [1791566517.028263719] [basic_sim]: MainLoop - Ellapsed: 0.000062s[0m
[basic_sim-13] [0m[INFO] [1791566517.048415076] [basic_sim]: MainLoop - Ellapsed: 0.000078s[0m
[basic_sim-13] [0m[INFO] [1791566517.068348320] [basic_sim]: MainLoop - Ellapsed: 0.000070s[0m
[basic_sim-13] [0m[INFO] [1791566517.088332957] [basic_sim]: MainLoop - Ellapsed: 0.000065s[0m
[basic_sim-13] [0m[INFO] [1791566517.108631706] [basic_sim]: MainLoop - Ellapsed: 0.000078s[0m
[basic_sim-13] [0m[INFO] [1791566517.128429785] [basic_sim]: MainLoop - Ellapsed: 0.000075s[0m
[basic_sim-13] [0m[INFO] [1791566517.148489290] [basic_sim]: MainLoop - Ellapsed: 0.000079s[0m
[basic_sim-13] [0m[INFO] [1791566517.168939616] [basic_sim]: MainLoop - Ellapsed: 0.000121s[0m
[basic_sim-13] [0m[INFO] [1791566517.188279743] [basic_sim]: MainLoop - Ellapsed: 0.000064s[0m
[basic_sim-13] [0m[INFO] [1791566517.208837461] [basic_sim]: MainLoop - Ellapsed: 0.000106s[0m
[basic_sim-13] [0m[INFO] [1791566517.228816034] [basic_sim]: MainLoop - Ellapsed: 0.000110s[0m
[basic_sim-13] [0m[INFO] [1791566517.248694888] [basic_sim]: MainLoop - Ellapsed: 0.000086s[0m
[basic_sim-13] [0m[INFO] [1791566517.268335538] [basic_sim]: MainLoop - Ellapsed: 0.000068s[0m
[basic_sim-13] [0m[INFO] [1791566517.288495340] [basic_sim]: MainLoop - Ellapsed: 0.000071s[0m
[basic_sim-13] [0m[INFO] [1791566517.308455069] [basic_sim]: MainLoop - Ellapsed: 0.000080s[0m
[basic_sim-13] [0m[INFO] [1791566517.328332125] [basic_sim]: MainLoop - Ellapsed: 0.000071s[0m
[basic_sim-13] [0m[INFO] [1791566517.348374574] [basic_sim]: MainLoop - Ellapsed: 0.000072s[0m
[basic_sim-13] [0m[INFO] [1791566517.368488099] [basic_sim]: MainLoop - Ellapsed: 0.000072s[0m
[basic_sim-13] [0m[INFO] [1791566517.388473105] [basic_sim]: MainLoop - Ellapsed: 0.000071s[0m
[basic_sim-13] [0m[INFO] [1791566517.408577349] [basic_sim]: MainLoop - Ellapsed: 0.000087s[0m
[basic_sim-13] [0m[INFO] [1791566517.428321461] [basic_sim]: MainLoop - Ellapsed: 0.000071s[0m
[basic_sim-13] [0m[INFO] [1791566517.448296684] [basic_sim]: MainLoop - Ellapsed: 0.000063s[0m
[basic_sim-13] [0m[INFO] [1791566517.468368217] [basic_sim]: MainLoop - Ellapsed: 0.000064s[0m
[basic_sim-13] [0m[INFO] [1791566517.488458353] [basic_sim]: MainLoop - Ellapsed: 0.000071s[0m
[basic_sim-13] [0m[INFO] [1791566517.508401939] [basic_sim]: MainLoop - Ellapsed: 0.000069s[0m
[basic_sim-13] [0m[INFO] [1791566517.528372525] [basic_sim]: MainLoop - Ellapsed: 0.000065s[0m
[basic_sim-13] [0m[INFO] [1791566517.549042273] [basic_sim]: MainLoop - Ellapsed: 0.000099s[0m
[gsl_actionserver_node-14] [0m[INFO] [1791566517.553324180] [GSL]: GSL action server is ready for action![0m
[basic_sim-13] [0m[INFO] [1791566517.568428259] [basic_sim]: MainLoop - Ellapsed: 0.000072s[0m
[basic_sim-13] [0m[INFO] [1791566517.588319881] [basic_sim]: MainLoop - Ellapsed: 0.000069s[0m
[basic_sim-13] [0m[INFO] [1791566517.608856052] [basic_sim]: MainLoop - Ellapsed: 0.000104s[0m
[basic_sim-13] [0m[INFO] [1791566517.628397870] [basic_sim]: MainLoop - Ellapsed: 0.000066s[0m
[basic_sim-13] [0m[INFO] [1791566517.648209492] [basic_sim]: MainLoop - Ellapsed: 0.000059s[0m
[basic_sim-13] [0m[INFO] [1791566517.668576829] [basic_sim]: MainLoop - Ellapsed: 0.000089s[0m
[basic_sim-13] [0m[INFO] [1791566517.688525478] [basic_sim]: MainLoop - Ellapsed: 0.000084s[0m
[basic_sim-13] [0m[INFO] [1791566517.708266153] [basic_sim]: MainLoop - Ellapsed: 0.000062s[0m
[basic_sim-13] [0m[INFO] [1791566517.728389898] [basic_sim]: MainLoop - Ellapsed: 0.000068s[0m
[basic_sim-13] [0m[INFO] [1791566517.748518172] [basic_sim]: MainLoop - Ellapsed: 0.000070s[0m
[basic_sim-13] [0m[INFO] [1791566517.768338957] [basic_sim]: MainLoop - Ellapsed: 0.000068s[0m
[basic_sim-13] [0m[INFO] [1791566517.788435830] [basic_sim]: MainLoop - Ellapsed: 0.000077s[0m
[basic_sim-13] [0m[INFO] [1791566517.808416058] [basic_sim]: MainLoop - Ellapsed: 0.000074s[0m
[basic_sim-13] [0m[INFO] [1791566517.828271799] [basic_sim]: MainLoop - Ellapsed: 0.000064s[0m
[basic_sim-13] [0m[INFO] [1791566517.848332638] [basic_sim]: MainLoop - Ellapsed: 0.000070s[0m
[basic_sim-13] [0m[INFO] [1791566517.868255300] [basic_sim]: MainLoop - Ellapsed: 0.000064s[0m
[basic_sim-13] [0m[INFO] [1791566517.888262308] [basic_sim]: MainLoop - Ellapsed: 0.000055s[0m
[basic_sim-13] [0m[INFO] [1791566517.908306039] [basic_sim]: MainLoop - Ellapsed: 0.000066s[0m
[basic_sim-13] [0m[INFO] [1791566517.928468564] [basic_sim]: MainLoop - Ellapsed: 0.000082s[0m
[basic_sim-13] [0m[INFO] [1791566517.948398856] [basic_sim]: MainLoop - Ellapsed: 0.000073s[0m
[basic_sim-13] [0m[INFO] [1791566517.968420532] [basic_sim]: MainLoop - Ellapsed: 0.000079s[0m
[basic_sim-13] [0m[INFO] [1791566517.988965690] [basic_sim]: MainLoop - Ellapsed: 0.000121s[0m
[basic_sim-13] [0m[INFO] [1791566518.009086980] [basic_sim]: MainLoop - Ellapsed: 0.000118s[0m
[basic_sim-13] [0m[INFO] [1791566518.028764797] [basic_sim]: MainLoop - Ellapsed: 0.000102s[0m
[basic_sim-13] [0m[INFO] [1791566518.048505684] [basic_sim]: MainLoop - Ellapsed: 0.000079s[0m
[basic_sim-13] [0m[INFO] [1791566518.068260780] [basic_sim]: MainLoop - Ellapsed: 0.000068s[0m
[basic_sim-13] [0m[INFO] [1791566518.088331583] [basic_sim]: MainLoop - Ellapsed: 0.000066s[0m
[basic_sim-13] [0m[INFO] [1791566518.108447244] [basic_sim]: MainLoop - Ellapsed: 0.000077s[0m
[basic_sim-13] [0m[INFO] [1791566518.128783363] [basic_sim]: MainLoop - Ellapsed: 0.000116s[0m
[basic_sim-13] [0m[INFO] [1791566518.148901231] [basic_sim]: MainLoop - Ellapsed: 0.000118s[0m
[basic_sim-13] [0m[INFO] [1791566518.168854309] [basic_sim]: MainLoop - Ellapsed: 0.000111s[0m
[basic_sim-13] [0m[INFO] [1791566518.188415783] [basic_sim]: MainLoop - Ellapsed: 0.000073s[0m
[basic_sim-13] [0m[INFO] [1791566518.208819114] [basic_sim]: MainLoop - Ellapsed: 0.000107s[0m
[basic_sim-13] [0m[INFO] [1791566518.228938485] [basic_sim]: MainLoop - Ellapsed: 0.000113s[0m
[basic_sim-13] [0m[INFO] [1791566518.248546236] [basic_sim]: MainLoop - Ellapsed: 0.000084s[0m
[basic_sim-13] [0m[INFO] [1791566518.268375400] [basic_sim]: MainLoop - Ellapsed: 0.000073s[0m
[basic_sim-13] [0m[INFO] [1791566518.288524502] [basic_sim]: MainLoop - Ellapsed: 0.000080s[0m
[basic_sim-13] [0m[INFO] [1791566518.308303278] [basic_sim]: MainLoop - Ellapsed: 0.000066s[0m
[basic_sim-13] [0m[INFO] [1791566518.329159522] [basic_sim]: MainLoop - Ellapsed: 0.000132s[0m
[basic_sim-13] [0m[INFO] [1791566518.348918759] [basic_sim]: MainLoop - Ellapsed: 0.000121s[0m
[basic_sim-13] [0m[INFO] [1791566518.368801457] [basic_sim]: MainLoop - Ellapsed: 0.000111s[0m
[basic_sim-13] [0m[INFO] [1791566518.388768871] [basic_sim]: MainLoop - Ellapsed: 0.000111s[0m
[basic_sim-13] [0m[INFO] [1791566518.408481861] [basic_sim]: MainLoop - Ellapsed: 0.000078s[0m
[basic_sim-13] [0m[INFO] [1791566518.428322070] [basic_sim]: MainLoop - Ellapsed: 0.000070s[0m
[basic_sim-13] [0m[INFO] [1791566518.449533311] [basic_sim]: MainLoop - Ellapsed: 0.000178s[0m
[basic_sim-13] [0m[INFO] [1791566518.468748648] [basic_sim]: MainLoop - Ellapsed: 0.000102s[0m
[basic_sim-13] [0m[INFO] [1791566518.488693499] [basic_sim]: MainLoop - Ellapsed: 0.000101s[0m
[basic_sim-13] [0m[INFO] [1791566518.509368420] [basic_sim]: MainLoop - Ellapsed: 0.000156s[0m
[basic_sim-13] [0m[INFO] [1791566518.528885113] [basic_sim]: MainLoop - Ellapsed: 0.000078s[0m
[basic_sim-13] [0m[INFO] [1791566518.548486458] [basic_sim]: MainLoop - Ellapsed: 0.000082s[0m
[basic_sim-13] [0m[INFO] [1791566518.568740775] [basic_sim]: MainLoop - Ellapsed: 0.000105s[0m
[basic_sim-13] [0m[INFO] [1791566518.588433900] [basic_sim]: MainLoop - Ellapsed: 0.000071s[0m
[basic_sim-13] [0m[INFO] [1791566518.608329208] [basic_sim]: MainLoop - Ellapsed: 0.000067s[0m
[basic_sim-13] [0m[INFO] [1791566518.628431747] [basic_sim]: MainLoop - Ellapsed: 0.000077s[0m
[basic_sim-13] [0m[INFO] [1791566518.648335267] [basic_sim]: MainLoop - Ellapsed: 0.000071s[0m
[basic_sim-13] [0m[INFO] [1791566518.669983778] [basic_sim]: MainLoop - Ellapsed: 0.000150s[0m
[basic_sim-13] [0m[INFO] [1791566518.688324129] [basic_sim]: MainLoop - Ellapsed: 0.000067s[0m
[basic_sim-13] [0m[INFO] [1791566518.708299941] [basic_sim]: MainLoop - Ellapsed: 0.000071s[0m
[basic_sim-13] [0m[INFO] [1791566518.728389729] [basic_sim]: MainLoop - Ellapsed: 0.000082s[0m
[basic_sim-13] [0m[INFO] [1791566518.748610524] [basic_sim]: MainLoop - Ellapsed: 0.000094s[0m
[basic_sim-13] [0m[INFO] [1791566518.768817365] [basic_sim]: MainLoop - Ellapsed: 0.000102s[0m
[basic_sim-13] [0m[INFO] [1791566518.788416923] [basic_sim]: MainLoop - Ellapsed: 0.000069s[0m
[basic_sim-13] [0m[INFO] [1791566518.808521613] [basic_sim]: MainLoop - Ellapsed: 0.000088s[0m
[basic_sim-13] [0m[INFO] [1791566518.829696307] [basic_sim]: MainLoop - Ellapsed: 0.000174s[0m
[basic_sim-13] [0m[INFO] [1791566518.849146398] [basic_sim]: MainLoop - Ellapsed: 0.000128s[0m
[basic_sim-13] [0m[INFO] [1791566518.868796251] [basic_sim]: MainLoop - Ellapsed: 0.000098s[0m
[basic_sim-13] [0m[INFO] [1791566518.888431190] [basic_sim]: MainLoop - Ellapsed: 0.000080s[0m
[basic_sim-13] [0m[INFO] [1791566518.908579175] [basic_sim]: MainLoop - Ellapsed: 0.000090s[0m
[basic_sim-13] [0m[INFO] [1791566518.928654032] [basic_sim]: MainLoop - Ellapsed: 0.000091s[0m
[basic_sim-13] [0m[INFO] [1791566518.948980141] [basic_sim]: MainLoop - Ellapsed: 0.000116s[0m
[basic_sim-13] [0m[INFO] [1791566518.968994104] [basic_sim]: MainLoop - Ellapsed: 0.000131s[0m
[basic_sim-13] [0m[INFO] [1791566518.988535314] [basic_sim]: MainLoop - Ellapsed: 0.000073s[0m
[basic_sim-13] [0m[INFO] [1791566519.009188147] [basic_sim]: MainLoop - Ellapsed: 0.000119s[0m
[basic_sim-13] [0m[INFO] [1791566519.028716582] [basic_sim]: MainLoop - Ellapsed: 0.000100s[0m
[basic_sim-13] [0m[INFO] [1791566519.049452155] [basic_sim]: MainLoop - Ellapsed: 0.000104s[0m
[basic_sim-13] [0m[INFO] [1791566519.068467198] [basic_sim]: MainLoop - Ellapsed: 0.000081s[0m
[basic_sim-13] [0m[INFO] [1791566519.088484721] [basic_sim]: MainLoop - Ellapsed: 0.000064s[0m
[basic_sim-13] [0m[INFO] [1791566519.108377839] [basic_sim]: MainLoop - Ellapsed: 0.000065s[0m
[basic_sim-13] [0m[INFO] [1791566519.128245583] [basic_sim]: MainLoop - Ellapsed: 0.000069s[0m
[basic_sim-13] [0m[INFO] [1791566519.148491548] [basic_sim]: MainLoop - Ellapsed: 0.000074s[0m
[basic_sim-13] [0m[INFO] [1791566519.168530070] [basic_sim]: MainLoop - Ellapsed: 0.000078s[0m
[basic_sim-13] [0m[INFO] [1791566519.188248711] [basic_sim]: MainLoop - Ellapsed: 0.000066s[0m
[basic_sim-13] [0m[INFO] [1791566519.208495660] [basic_sim]: MainLoop - Ellapsed: 0.000082s[0m
[basic_sim-13] [0m[INFO] [1791566519.228221284] [basic_sim]: MainLoop - Ellapsed: 0.000063s[0m
[basic_sim-13] [0m[INFO] [1791566519.248332027] [basic_sim]: MainLoop - Ellapsed: 0.000065s[0m
[basic_sim-13] [0m[INFO] [1791566519.268440520] [basic_sim]: MainLoop - Ellapsed: 0.000077s[0m
[basic_sim-13] [0m[INFO] [1791566519.288359354] [basic_sim]: MainLoop - Ellapsed: 0.000072s[0m
[basic_sim-13] [0m[INFO] [1791566519.308490810] [basic_sim]: MainLoop - Ellapsed: 0.000085s[0m
[basic_sim-13] [0m[INFO] [1791566519.329316982] [basic_sim]: MainLoop - Ellapsed: 0.000145s[0m
[basic_sim-13] [0m[INFO] [1791566519.348929609] [basic_sim]: MainLoop - Ellapsed: 0.000108s[0m
[basic_sim-13] [0m[INFO] [1791566519.369313613] [basic_sim]: MainLoop - Ellapsed: 0.000136s[0m
[basic_sim-13] [0m[INFO] [1791566519.388425498] [basic_sim]: MainLoop - Ellapsed: 0.000081s[0m
[basic_sim-13] [0m[INFO] [1791566519.408621924] [basic_sim]: MainLoop - Ellapsed: 0.000093s[0m
[basic_sim-13] [0m[INFO] [1791566519.428752243] [basic_sim]: MainLoop - Ellapsed: 0.000103s[0m
[basic_sim-13] [0m[INFO] [1791566519.448651360] [basic_sim]: MainLoop - Ellapsed: 0.000100s[0m
[basic_sim-13] [0m[INFO] [1791566519.468800522] [basic_sim]: MainLoop - Ellapsed: 0.000106s[0m
[basic_sim-13] [0m[INFO] [1791566519.488528721] [basic_sim]: MainLoop - Ellapsed: 0.000087s[0m
[basic_sim-13] [0m[INFO] [1791566519.508824097] [basic_sim]: MainLoop - Ellapsed: 0.000112s[0m
[basic_sim-13] [0m[INFO] [1791566519.529035692] [basic_sim]: MainLoop - Ellapsed: 0.000127s[0m
[basic_sim-13] [0m[INFO] [1791566519.548442815] [basic_sim]: MainLoop - Ellapsed: 0.000076s[0m
[basic_sim-13] [0m[INFO] [1791566519.568370686] [basic_sim]: MainLoop - Ellapsed: 0.000071s[0m
[basic_sim-13] [0m[INFO] [1791566519.588515745] [basic_sim]: MainLoop - Ellapsed: 0.000088s[0m
[basic_sim-13] [0m[INFO] [1791566519.608358957] [basic_sim]: MainLoop - Ellapsed: 0.000067s[0m
[basic_sim-13] [0m[INFO] [1791566519.629845792] [basic_sim]: MainLoop - Ellapsed: 0.000187s[0m
[basic_sim-13] [0m[INFO] [1791566519.649034699] [basic_sim]: MainLoop - Ellapsed: 0.000132s[0m
[basic_sim-13] [0m[INFO] [1791566519.668912251] [basic_sim]: MainLoop - Ellapsed: 0.000120s[0m
[basic_sim-13] [0m[INFO] [1791566519.688439446] [basic_sim]: MainLoop - Ellapsed: 0.000066s[0m
[basic_sim-13] [0m[INFO] [1791566519.708604796] [basic_sim]: MainLoop - Ellapsed: 0.000082s[0m
[basic_sim-13] [0m[INFO] [1791566519.729618726] [basic_sim]: MainLoop - Ellapsed: 0.000162s[0m
[basic_sim-13] [0m[INFO] [1791566519.748938481] [basic_sim]: MainLoop - Ellapsed: 0.000121s[0m
[basic_sim-13] [0m[INFO] [1791566519.768458113] [basic_sim]: MainLoop - Ellapsed: 0.000070s[0m
[basic_sim-13] [0m[INFO] [1791566519.788458267] [basic_sim]: MainLoop - Ellapsed: 0.000084s[0m
[basic_sim-13] [0m[INFO] [1791566519.808567816] [basic_sim]: MainLoop - Ellapsed: 0.000087s[0m
[basic_sim-13] [0m[INFO] [1791566519.829689819] [basic_sim]: MainLoop - Ellapsed: 0.000154s[0m
[basic_sim-13] [0m[INFO] [1791566519.848824239] [basic_sim]: MainLoop - Ellapsed: 0.000114s[0m
[basic_sim-13] [0m[INFO] [1791566519.868782393] [basic_sim]: MainLoop - Ellapsed: 0.000089s[0m
[basic_sim-13] [0m[INFO] [1791566519.888684103] [basic_sim]: MainLoop - Ellapsed: 0.000087s[0m
[basic_sim-13] [0m[INFO] [1791566519.909123348] [basic_sim]: MainLoop - Ellapsed: 0.000134s[0m
[basic_sim-13] [0m[INFO] [1791566519.929574574] [basic_sim]: MainLoop - Ellapsed: 0.000174s[0m
[basic_sim-13] [0m[INFO] [1791566519.948844807] [basic_sim]: MainLoop - Ellapsed: 0.000112s[0m
[basic_sim-13] [0m[INFO] [1791566519.968977598] [basic_sim]: MainLoop - Ellapsed: 0.000110s[0m
[basic_sim-13] [0m[INFO] [1791566519.988412073] [basic_sim]: MainLoop - Ellapsed: 0.000075s[0m
[basic_sim-13] [0m[INFO] [1791566520.008745106] [basic_sim]: MainLoop - Ellapsed: 0.000103s[0m
[basic_sim-13] [0m[INFO] [1791566520.029265324] [basic_sim]: MainLoop - Ellapsed: 0.000146s[0m
[basic_sim-13] [0m[INFO] [1791566520.048964892] [basic_sim]: MainLoop - Ellapsed: 0.000119s[0m
[basic_sim-13] [0m[INFO] [1791566520.068600419] [basic_sim]: MainLoop - Ellapsed: 0.000082s[0m
[basic_sim-13] [0m[INFO] [1791566520.088509734] [basic_sim]: MainLoop - Ellapsed: 0.000082s[0m
[basic_sim-13] [0m[INFO] [1791566520.108278365] [basic_sim]: MainLoop - Ellapsed: 0.000066s[0m
[basic_sim-13] [0m[INFO] [1791566520.128517581] [basic_sim]: MainLoop - Ellapsed: 0.000089s[0m
[basic_sim-13] [0m[INFO] [1791566520.149065825] [basic_sim]: MainLoop - Ellapsed: 0.000134s[0m
[basic_sim-13] [0m[INFO] [1791566520.168662664] [basic_sim]: MainLoop - Ellapsed: 0.000085s[0m
[basic_sim-13] [0m[INFO] [1791566520.188664911] [basic_sim]: MainLoop - Ellapsed: 0.000088s[0m
[basic_sim-13] [0m[INFO] [1791566520.208891220] [basic_sim]: MainLoop - Ellapsed: 0.000114s[0m
[basic_sim-13] [0m[INFO] [1791566520.228914309] [basic_sim]: MainLoop - Ellapsed: 0.000106s[0m
[basic_sim-13] [0m[INFO] [1791566520.249834788] [basic_sim]: MainLoop - Ellapsed: 0.000210s[0m
[basic_sim-13] [0m[INFO] [1791566520.268239626] [basic_sim]: MainLoop - Ellapsed: 0.000066s[0m
[basic_sim-13] [0m[INFO] [1791566520.288233814] [basic_sim]: MainLoop - Ellapsed: 0.000059s[0m
[basic_sim-13] [0m[INFO] [1791566520.308391773] [basic_sim]: MainLoop - Ellapsed: 0.000071s[0m
[basic_sim-13] [0m[INFO] [1791566520.328241435] [basic_sim]: MainLoop - Ellapsed: 0.000064s[0m
[basic_sim-13] [0m[INFO] [1791566520.348508299] [basic_sim]: MainLoop - Ellapsed: 0.000082s[0m
[basic_sim-13] [0m[INFO] [1791566520.368757698] [basic_sim]: MainLoop - Ellapsed: 0.000078s[0m
[basic_sim-13] [0m[INFO] [1791566520.388192533] [basic_sim]: MainLoop - Ellapsed: 0.000057s[0m
[basic_sim-13] [0m[INFO] [1791566520.408434739] [basic_sim]: MainLoop - Ellapsed: 0.000075s[0m
[basic_sim-13] [0m[INFO] [1791566520.428372303] [basic_sim]: MainLoop - Ellapsed: 0.000074s[0m
[basic_sim-13] [0m[INFO] [1791566520.448643306] [basic_sim]: MainLoop - Ellapsed: 0.000095s[0m
[basic_sim-13] [0m[INFO] [1791566520.468495593] [basic_sim]: MainLoop - Ellapsed: 0.000071s[0m
[basic_sim-13] [0m[INFO] [1791566520.488850667] [basic_sim]: MainLoop - Ellapsed: 0.000093s[0m
[basic_sim-13] [0m[INFO] [1791566520.508441866] [basic_sim]: MainLoop - Ellapsed: 0.000075s[0m
[basic_sim-13] [0m[INFO] [1791566520.528424026] [basic_sim]: MainLoop - Ellapsed: 0.000080s[0m
[basic_sim-13] [0m[INFO] [1791566520.548481742] [basic_sim]: MainLoop - Ellapsed: 0.000078s[0m
[basic_sim-13] [0m[INFO] [1791566520.568486948] [basic_sim]: MainLoop - Ellapsed: 0.000079s[0m
[basic_sim-13] [0m[INFO] [1791566520.588828718] [basic_sim]: MainLoop - Ellapsed: 0.000109s[0m
[basic_sim-13] [0m[INFO] [1791566520.608686950] [basic_sim]: MainLoop - Ellapsed: 0.000101s[0m
[basic_sim-13] [0m[INFO] [1791566520.628285417] [basic_sim]: MainLoop - Ellapsed: 0.000066s[0m
[basic_sim-13] [0m[INFO] [1791566520.648386482] [basic_sim]: MainLoop - Ellapsed: 0.000070s[0m
[basic_sim-13] [0m[INFO] [1791566520.668251483] [basic_sim]: MainLoop - Ellapsed: 0.000065s[0m
[basic_sim-13] [0m[INFO] [1791566520.688498594] [basic_sim]: MainLoop - Ellapsed: 0.000087s[0m
[basic_sim-13] [0m[INFO] [1791566520.708641468] [basic_sim]: MainLoop - Ellapsed: 0.000087s[0m
[basic_sim-13] [0m[INFO] [1791566520.728639785] [basic_sim]: MainLoop - Ellapsed: 0.000098s[0m
[basic_sim-13] [0m[INFO] [1791566520.748742866] [basic_sim]: MainLoop - Ellapsed: 0.000100s[0m
[basic_sim-13] [0m[INFO] [1791566520.768943923] [basic_sim]: MainLoop - Ellapsed: 0.000115s[0m
[basic_sim-13] [0m[INFO] [1791566520.789183635] [basic_sim]: MainLoop - Ellapsed: 0.000140s[0m
[basic_sim-13] [0m[INFO] [1791566520.808687186] [basic_sim]: MainLoop - Ellapsed: 0.000094s[0m
[basic_sim-13] [0m[INFO] [1791566520.828720863] [basic_sim]: MainLoop - Ellapsed: 0.000100s[0m
[basic_sim-13] [0m[INFO] [1791566520.848186907] [basic_sim]: MainLoop - Ellapsed: 0.000060s[0m
[basic_sim-13] [0m[INFO] [1791566520.868855010] [basic_sim]: MainLoop - Ellapsed: 0.000110s[0m
[basic_sim-13] [0m[INFO] [1791566520.888393710] [basic_sim]: MainLoop - Ellapsed: 0.000070s[0m
[basic_sim-13] [0m[INFO] [1791566520.908551421] [basic_sim]: MainLoop - Ellapsed: 0.000087s[0m
[basic_sim-13] [0m[INFO] [1791566520.929108561] [basic_sim]: MainLoop - Ellapsed: 0.000131s[0m
[basic_sim-13] [0m[INFO] [1791566520.948596150] [basic_sim]: MainLoop - Ellapsed: 0.000091s[0m
[basic_sim-13] [0m[INFO] [1791566520.968364354] [basic_sim]: MainLoop - Ellapsed: 0.000067s[0m
[basic_sim-13] [0m[INFO] [1791566520.988445313] [basic_sim]: MainLoop - Ellapsed: 0.000070s[0m
[basic_sim-13] [0m[INFO] [1791566521.008743785] [basic_sim]: MainLoop - Ellapsed: 0.000094s[0m
[basic_sim-13] [0m[INFO] [1791566521.029115121] [basic_sim]: MainLoop - Ellapsed: 0.000118s[0m
[basic_sim-13] [0m[INFO] [1791566521.049358986] [basic_sim]: MainLoop - Ellapsed: 0.000156s[0m
[basic_sim-13] [0m[INFO] [1791566521.068624903] [basic_sim]: MainLoop - Ellapsed: 0.000067s[0m
[basic_sim-13] [0m[INFO] [1791566521.088366648] [basic_sim]: MainLoop - Ellapsed: 0.000069s[0m
[basic_sim-13] [0m[INFO] [1791566521.108558430] [basic_sim]: MainLoop - Ellapsed: 0.000085s[0m
[basic_sim-13] [0m[INFO] [1791566521.128492178] [basic_sim]: MainLoop - Ellapsed: 0.000062s[0m
[basic_sim-13] [0m[INFO] [1791566521.148513933] [basic_sim]: MainLoop - Ellapsed: 0.000067s[0m
[basic_sim-13] [0m[INFO] [1791566521.168642199] [basic_sim]: MainLoop - Ellapsed: 0.000069s[0m
[basic_sim-13] [0m[INFO] [1791566521.188465569] [basic_sim]: MainLoop - Ellapsed: 0.000072s[0m
[basic_sim-13] [0m[INFO] [1791566521.209096779] [basic_sim]: MainLoop - Ellapsed: 0.000136s[0m
[basic_sim-13] [0m[INFO] [1791566521.228567535] [basic_sim]: MainLoop - Ellapsed: 0.000069s[0m
[basic_sim-13] [0m[INFO] [1791566521.248767517] [basic_sim]: MainLoop - Ellapsed: 0.000077s[0m
[basic_sim-13] [0m[INFO] [1791566521.268811667] [basic_sim]: MainLoop - Ellapsed: 0.000077s[0m
[basic_sim-13] [0m[INFO] [1791566521.289088225] [basic_sim]: MainLoop - Ellapsed: 0.000141s[0m
[basic_sim-13] [0m[INFO] [1791566521.308598794] [basic_sim]: MainLoop - Ellapsed: 0.000089s[0m
[basic_sim-13] [0m[INFO] [1791566521.328584184] [basic_sim]: MainLoop - Ellapsed: 0.000071s[0m
[basic_sim-13] [0m[INFO] [1791566521.348653011] [basic_sim]: MainLoop - Ellapsed: 0.000072s[0m
[basic_sim-13] [0m[INFO] [1791566521.368646788] [basic_sim]: MainLoop - Ellapsed: 0.000074s[0m
[basic_sim-13] [0m[INFO] [1791566521.388421329] [basic_sim]: MainLoop - Ellapsed: 0.000072s[0m
[basic_sim-13] [0m[INFO] [1791566521.408501663] [basic_sim]: MainLoop - Ellapsed: 0.000075s[0m
[basic_sim-13] [0m[INFO] [1791566521.428818351] [basic_sim]: MainLoop - Ellapsed: 0.000069s[0m
[basic_sim-13] [0m[INFO] [1791566521.448668238] [basic_sim]: MainLoop - Ellapsed: 0.000080s[0m
[basic_sim-13] [0m[INFO] [1791566521.468610581] [basic_sim]: MainLoop - Ellapsed: 0.000076s[0m
[basic_sim-13] [0m[INFO] [1791566521.488460987] [basic_sim]: MainLoop - Ellapsed: 0.000073s[0m
[basic_sim-13] [0m[INFO] [1791566521.508444188] [basic_sim]: MainLoop - Ellapsed: 0.000077s[0m
[basic_sim-13] [0m[INFO] [1791566521.528485103] [basic_sim]: MainLoop - Ellapsed: 0.000061s[0m
[basic_sim-13] [0m[INFO] [1791566521.548661661] [basic_sim]: MainLoop - Ellapsed: 0.000074s[0m
[basic_sim-13] [0m[INFO] [1791566521.568632886] [basic_sim]: MainLoop - Ellapsed: 0.000085s[0m
[basic_sim-13] [0m[INFO] [1791566521.588547057] [basic_sim]: MainLoop - Ellapsed: 0.000087s[0m
[basic_sim-13] [0m[INFO] [1791566521.609335939] [basic_sim]: MainLoop - Ellapsed: 0.000161s[0m
[basic_sim-13] [0m[INFO] [1791566521.628564436] [basic_sim]: MainLoop - Ellapsed: 0.000070s[0m
[basic_sim-13] [0m[INFO] [1791566521.649377286] [basic_sim]: MainLoop - Ellapsed: 0.000130s[0m
[basic_sim-13] [0m[INFO] [1791566521.669399408] [basic_sim]: MainLoop - Ellapsed: 0.000143s[0m
[basic_sim-13] [0m[INFO] [1791566521.688508333] [basic_sim]: MainLoop - Ellapsed: 0.000067s[0m
[basic_sim-13] [0m[INFO] [1791566521.708531695] [basic_sim]: MainLoop - Ellapsed: 0.000083s[0m
[basic_sim-13] [0m[INFO] [1791566521.728928238] [basic_sim]: MainLoop - Ellapsed: 0.000094s[0m
[basic_sim-13] [0m[INFO] [1791566521.748683400] [basic_sim]: MainLoop - Ellapsed: 0.000084s[0m
[basic_sim-13] [0m[INFO] [1791566521.768952913] [basic_sim]: MainLoop - Ellapsed: 0.000098s[0m
[basic_sim-13] [0m[INFO] [1791566521.788619024] [basic_sim]: MainLoop - Ellapsed: 0.000076s[0m
[basic_sim-13] [0m[INFO] [1791566521.808398584] [basic_sim]: MainLoop - Ellapsed: 0.000069s[0m
[basic_sim-13] [0m[INFO] [1791566521.829289833] [basic_sim]: MainLoop - Ellapsed: 0.000143s[0m
[basic_sim-13] [0m[INFO] [1791566521.849022697] [basic_sim]: MainLoop - Ellapsed: 0.000114s[0m
[basic_sim-13] [0m[INFO] [1791566521.868986169] [basic_sim]: MainLoop - Ellapsed: 0.000101s[0m
[basic_sim-13] [0m[INFO] [1791566521.888970238] [basic_sim]: MainLoop - Ellapsed: 0.000101s[0m
[basic_sim-13] [0m[INFO] [1791566521.908818146] [basic_sim]: MainLoop - Ellapsed: 0.000098s[0m
[basic_sim-13] [0m[INFO] [1791566521.928757260] [basic_sim]: MainLoop - Ellapsed: 0.000107s[0m
[basic_sim-13] [0m[INFO] [1791566521.949052608] [basic_sim]: MainLoop - Ellapsed: 0.000111s[0m
[basic_sim-13] [0m[INFO] [1791566521.968782638] [basic_sim]: MainLoop - Ellapsed: 0.000089s[0m
[basic_sim-13] [0m[INFO] [1791566521.988511188] [basic_sim]: MainLoop - Ellapsed: 0.000073s[0m
[basic_sim-13] [0m[INFO] [1791566522.008414629] [basic_sim]: MainLoop - Ellapsed: 0.000072s[0m
[basic_sim-13] [0m[INFO] [1791566522.028373200] [basic_sim]: MainLoop - Ellapsed: 0.000075s[0m
[basic_sim-13] [0m[INFO] [1791566522.048629532] [basic_sim]: MainLoop - Ellapsed: 0.000077s[0m
[basic_sim-13] [0m[INFO] [1791566522.068708528] [basic_sim]: MainLoop - Ellapsed: 0.000074s[0m
[basic_sim-13] [0m[INFO] [1791566522.088509315] [basic_sim]: MainLoop - Ellapsed: 0.000071s[0m
[basic_sim-13] [0m[INFO] [1791566522.108533919] [basic_sim]: MainLoop - Ellapsed: 0.000080s[0m
[basic_sim-13] [0m[INFO] [1791566522.128711327] [basic_sim]: MainLoop - Ellapsed: 0.000098s[0m
[basic_sim-13] [0m[INFO] [1791566522.148688681] [basic_sim]: MainLoop - Ellapsed: 0.000075s[0m
[basic_sim-13] [0m[INFO] [1791566522.168614194] [basic_sim]: MainLoop - Ellapsed: 0.000079s[0m
[basic_sim-13] [0m[INFO] [1791566522.188710025] [basic_sim]: MainLoop - Ellapsed: 0.000092s[0m
[basic_sim-13] [0m[INFO] [1791566522.209006827] [basic_sim]: MainLoop - Ellapsed: 0.000127s[0m
[basic_sim-13] [0m[INFO] [1791566522.229035734] [basic_sim]: MainLoop - Ellapsed: 0.000107s[0m
[basic_sim-13] [0m[INFO] [1791566522.248666508] [basic_sim]: MainLoop - Ellapsed: 0.000084s[0m
[basic_sim-13] [0m[INFO] [1791566522.268736506] [basic_sim]: MainLoop - Ellapsed: 0.000083s[0m
[basic_sim-13] [0m[INFO] [1791566522.288662102] [basic_sim]: MainLoop - Ellapsed: 0.000075s[0m
[basic_sim-13] [0m[INFO] [1791566522.309277580] [basic_sim]: MainLoop - Ellapsed: 0.000130s[0m
[basic_sim-13] [0m[INFO] [1791566522.329352333] [basic_sim]: MainLoop - Ellapsed: 0.000151s[0m
[basic_sim-13] [0m[INFO] [1791566522.349003721] [basic_sim]: MainLoop - Ellapsed: 0.000114s[0m
[basic_sim-13] [0m[INFO] [1791566522.369561716] [basic_sim]: MainLoop - Ellapsed: 0.000170s[0m
[basic_sim-13] [0m[INFO] [1791566522.388829546] [basic_sim]: MainLoop - Ellapsed: 0.000111s[0m
[basic_sim-13] [0m[INFO] [1791566522.409612595] [basic_sim]: MainLoop - Ellapsed: 0.000191s[0m
[basic_sim-13] [0m[INFO] [1791566522.429782766] [basic_sim]: MainLoop - Ellapsed: 0.000170s[0m
[basic_sim-13] [0m[INFO] [1791566522.449180322] [basic_sim]: MainLoop - Ellapsed: 0.000119s[0m
[basic_sim-13] [0m[INFO] [1791566522.468761304] [basic_sim]: MainLoop - Ellapsed: 0.000094s[0m
[basic_sim-13] [0m[INFO] [1791566522.488509201] [basic_sim]: MainLoop - Ellapsed: 0.000077s[0m
[basic_sim-13] [0m[INFO] [1791566522.508963950] [basic_sim]: MainLoop - Ellapsed: 0.000117s[0m
[basic_sim-13] [0m[INFO] [1791566522.528503726] [basic_sim]: MainLoop - Ellapsed: 0.000076s[0m
[basic_sim-13] [0m[INFO] [1791566522.548812591] [basic_sim]: MainLoop - Ellapsed: 0.000092s[0m
[basic_sim-13] [0m[INFO] [1791566522.568829617] [basic_sim]: MainLoop - Ellapsed: 0.000080s[0m
[basic_sim-13] [0m[INFO] [1791566522.588546554] [basic_sim]: MainLoop - Ellapsed: 0.000062s[0m
[basic_sim-13] [0m[INFO] [1791566522.608460020] [basic_sim]: MainLoop - Ellapsed: 0.000079s[0m
[basic_sim-13] [0m[INFO] [1791566522.628334013] [basic_sim]: MainLoop - Ellapsed: 0.000062s[0m
[basic_sim-13] [0m[INFO] [1791566522.649029603] [basic_sim]: MainLoop - Ellapsed: 0.000112s[0m
[basic_sim-13] [0m[INFO] [1791566522.669012011] [basic_sim]: MainLoop - Ellapsed: 0.000104s[0m
[basic_sim-13] [0m[INFO] [1791566522.688755790] [basic_sim]: MainLoop - Ellapsed: 0.000082s[0m
[basic_sim-13] [0m[INFO] [1791566522.709141857] [basic_sim]: MainLoop - Ellapsed: 0.000140s[0m
[basic_sim-13] [0m[INFO] [1791566522.729034511] [basic_sim]: MainLoop - Ellapsed: 0.000115s[0m
[basic_sim-13] [0m[INFO] [1791566522.748760685] [basic_sim]: MainLoop - Ellapsed: 0.000090s[0m
[basic_sim-13] [0m[INFO] [1791566522.768780953] [basic_sim]: MainLoop - Ellapsed: 0.000085s[0m
[basic_sim-13] [0m[INFO] [1791566522.789080604] [basic_sim]: MainLoop - Ellapsed: 0.000108s[0m
[basic_sim-13] [0m[INFO] [1791566522.809056239] [basic_sim]: MainLoop - Ellapsed: 0.000110s[0m
[basic_sim-13] [0m[INFO] [1791566522.828713163] [basic_sim]: MainLoop - Ellapsed: 0.000097s[0m
[basic_sim-13] [0m[INFO] [1791566522.851791166] [basic_sim]: MainLoop - Ellapsed: 0.000250s[0m
[basic_sim-13] [0m[INFO] [1791566522.868756188] [basic_sim]: MainLoop - Ellapsed: 0.000083s[0m
[basic_sim-13] [0m[INFO] [1791566522.888669654] [basic_sim]: MainLoop - Ellapsed: 0.000086s[0m
[basic_sim-13] [0m[INFO] [1791566522.908691118] [basic_sim]: MainLoop - Ellapsed: 0.000098s[0m
[basic_sim-13] [0m[INFO] [1791566522.929547334] [basic_sim]: MainLoop - Ellapsed: 0.000171s[0m
[basic_sim-13] [0m[INFO] [1791566522.948819984] [basic_sim]: MainLoop - Ellapsed: 0.000094s[0m
[basic_sim-13] [0m[INFO] [1791566522.969008780] [basic_sim]: MainLoop - Ellapsed: 0.000093s[0m
[basic_sim-13] [0m[INFO] [1791566522.988913247] [basic_sim]: MainLoop - Ellapsed: 0.000097s[0m
[basic_sim-13] [0m[INFO] [1791566523.009058532] [basic_sim]: MainLoop - Ellapsed: 0.000124s[0m
[basic_sim-13] [0m[INFO] [1791566523.028549212] [basic_sim]: MainLoop - Ellapsed: 0.000080s[0m
[basic_sim-13] [0m[INFO] [1791566523.048915298] [basic_sim]: MainLoop - Ellapsed: 0.000107s[0m
[basic_sim-13] [0m[INFO] [1791566523.068819282] [basic_sim]: MainLoop - Ellapsed: 0.000096s[0m
[basic_sim-13] [0m[INFO] [1791566523.088857001] [basic_sim]: MainLoop - Ellapsed: 0.000095s[0m
[basic_sim-13] [0m[INFO] [1791566523.108865629] [basic_sim]: MainLoop - Ellapsed: 0.000114s[0m
[basic_sim-13] [0m[INFO] [1791566523.128969586] [basic_sim]: MainLoop - Ellapsed: 0.000115s[0m
[basic_sim-13] [0m[INFO] [1791566523.149864026] [basic_sim]: MainLoop - Ellapsed: 0.000177s[0m
[basic_sim-13] [0m[INFO] [1791566523.169068267] [basic_sim]: MainLoop - Ellapsed: 0.000114s[0m
[basic_sim-13] [0m[INFO] [1791566523.189053669] [basic_sim]: MainLoop - Ellapsed: 0.000126s[0m
[basic_sim-13] [0m[INFO] [1791566523.209234707] [basic_sim]: MainLoop - Ellapsed: 0.000145s[0m
[basic_sim-13] [0m[INFO] [1791566523.229312240] [basic_sim]: MainLoop - Ellapsed: 0.000146s[0m
[basic_sim-13] [0m[INFO] [1791566523.249247812] [basic_sim]: MainLoop - Ellapsed: 0.000126s[0m
[basic_sim-13] [0m[INFO] [1791566523.268981932] [basic_sim]: MainLoop - Ellapsed: 0.000104s[0m
[basic_sim-13] [0m[INFO] [1791566523.289476351] [basic_sim]: MainLoop - Ellapsed: 0.000144s[0m
[basic_sim-13] [0m[INFO] [1791566523.309230700] [basic_sim]: MainLoop - Ellapsed: 0.000113s[0m
[basic_sim-13] [0m[INFO] [1791566523.328854302] [basic_sim]: MainLoop - Ellapsed: 0.000104s[0m
[basic_sim-13] [0m[INFO] [1791566523.348656294] [basic_sim]: MainLoop - Ellapsed: 0.000083s[0m
[basic_sim-13] [0m[INFO] [1791566523.368615772] [basic_sim]: MainLoop - Ellapsed: 0.000077s[0m
[basic_sim-13] [0m[INFO] [1791566523.388558557] [basic_sim]: MainLoop - Ellapsed: 0.000083s[0m
[basic_sim-13] [0m[INFO] [1791566523.408387608] [basic_sim]: MainLoop - Ellapsed: 0.000074s[0m
[basic_sim-13] [0m[INFO] [1791566523.428658716] [basic_sim]: MainLoop - Ellapsed: 0.000078s[0m
[basic_sim-13] [0m[INFO] [1791566523.448514073] [basic_sim]: MainLoop - Ellapsed: 0.000072s[0m
[basic_sim-13] [0m[INFO] [1791566523.468480570] [basic_sim]: MainLoop - Ellapsed: 0.000073s[0m
[basic_sim-13] [0m[INFO] [1791566523.488374904] [basic_sim]: MainLoop - Ellapsed: 0.000073s[0m
[basic_sim-13] [0m[INFO] [1791566523.508539473] [basic_sim]: MainLoop - Ellapsed: 0.000071s[0m
[basic_sim-13] [0m[INFO] [1791566523.528404885] [basic_sim]: MainLoop - Ellapsed: 0.000069s[0m
[basic_sim-13] [0m[INFO] [1791566523.548929163] [basic_sim]: MainLoop - Ellapsed: 0.000113s[0m
[gsl_actionserver_node-14] [0m[INFO] [1791566523.558100645] [GSL]: [33mRequest received: PMFS[0m[0m
[basic_sim-13] [0m[INFO] [1791566523.568422743] [basic_sim]: MainLoop - Ellapsed: 0.000061s[0m
[basic_sim-13] [0m[INFO] [1791566523.588287722] [basic_sim]: MainLoop - Ellapsed: 0.000076s[0m
[basic_sim-13] [0m[INFO] [1791566523.608565910] [basic_sim]: MainLoop - Ellapsed: 0.000085s[0m
[basic_sim-13] [0m[INFO] [1791566523.628414169] [basic_sim]: MainLoop - Ellapsed: 0.000075s[0m
[basic_sim-13] [0m[INFO] [1791566523.648485101] [basic_sim]: MainLoop - Ellapsed: 0.000071s[0m
[basic_sim-13] [0m[INFO] [1791566523.669917355] [basic_sim]: MainLoop - Ellapsed: 0.000183s[0m
[basic_sim-13] [0m[INFO] [1791566523.688934566] [basic_sim]: MainLoop - Ellapsed: 0.000120s[0m
[basic_sim-13] [0m[INFO] [1791566523.709069119] [basic_sim]: MainLoop - Ellapsed: 0.000124s[0m
[basic_sim-13] [0m[INFO] [1791566523.729272613] [basic_sim]: MainLoop - Ellapsed: 0.000156s[0m
[basic_sim-13] [0m[INFO] [1791566523.749598652] [basic_sim]: MainLoop - Ellapsed: 0.000156s[0m
[basic_sim-13] [0m[INFO] [1791566523.769286723] [basic_sim]: MainLoop - Ellapsed: 0.000126s[0m
[basic_sim-13] [0m[INFO] [1791566523.788552554] [basic_sim]: MainLoop - Ellapsed: 0.000077s[0m
[basic_sim-13] [0m[INFO] [1791566523.808389570] [basic_sim]: MainLoop - Ellapsed: 0.000070s[0m
[basic_sim-13] [0m[INFO] [1791566523.828816476] [basic_sim]: MainLoop - Ellapsed: 0.000113s[0m
[basic_sim-13] [0m[INFO] [1791566523.849498472] [basic_sim]: MainLoop - Ellapsed: 0.000162s[0m
[basic_sim-13] [0m[INFO] [1791566523.869025788] [basic_sim]: MainLoop - Ellapsed: 0.000110s[0m
[basic_sim-13] [0m[INFO] [1791566523.888386856] [basic_sim]: MainLoop - Ellapsed: 0.000070s[0m
[basic_sim-13] [0m[INFO] [1791566523.908597860] [basic_sim]: MainLoop - Ellapsed: 0.000078s[0m
[basic_sim-13] [0m[INFO] [1791566523.928715603] [basic_sim]: MainLoop - Ellapsed: 0.000091s[0m
[basic_sim-13] [0m[INFO] [1791566523.949505411] [basic_sim]: MainLoop - Ellapsed: 0.000160s[0m
[basic_sim-13] [0m[INFO] [1791566523.968931884] [basic_sim]: MainLoop - Ellapsed: 0.000095s[0m
[basic_sim-13] [0m[INFO] [1791566523.988566216] [basic_sim]: MainLoop - Ellapsed: 0.000076s[0m
[basic_sim-13] [0m[INFO] [1791566524.009111542] [basic_sim]: MainLoop - Ellapsed: 0.000122s[0m
[basic_sim-13] [0m[INFO] [1791566524.029131762] [basic_sim]: MainLoop - Ellapsed: 0.000108s[0m
[basic_sim-13] [0m[INFO] [1791566524.049751993] [basic_sim]: MainLoop - Ellapsed: 0.000176s[0m
[basic_sim-13] [0m[INFO] [1791566524.068656896] [basic_sim]: MainLoop - Ellapsed: 0.000081s[0m
[basic_sim-13] [0m[INFO] [1791566524.088423489] [basic_sim]: MainLoop - Ellapsed: 0.000057s[0m
[basic_sim-13] [0m[INFO] [1791566524.109149827] [basic_sim]: MainLoop - Ellapsed: 0.000115s[0m
[basic_sim-13] [0m[INFO] [1791566524.128998968] [basic_sim]: MainLoop - Ellapsed: 0.000103s[0m
[basic_sim-13] [0m[INFO] [1791566524.148809564] [basic_sim]: MainLoop - Ellapsed: 0.000078s[0m
[basic_sim-13] [0m[INFO] [1791566524.169401489] [basic_sim]: MainLoop - Ellapsed: 0.000123s[0m
[basic_sim-13] [0m[INFO] [1791566524.188949293] [basic_sim]: MainLoop - Ellapsed: 0.000097s[0m
[basic_sim-13] [0m[INFO] [1791566524.208937068] [basic_sim]: MainLoop - Ellapsed: 0.000092s[0m
[basic_sim-13] [0m[INFO] [1791566524.228577259] [basic_sim]: MainLoop - Ellapsed: 0.000092s[0m
[basic_sim-13] [0m[INFO] [1791566524.248585715] [basic_sim]: MainLoop - Ellapsed: 0.000081s[0m
[basic_sim-13] [0m[INFO] [1791566524.268476875] [basic_sim]: MainLoop - Ellapsed: 0.000071s[0m
[basic_sim-13] [0m[INFO] [1791566524.288485240] [basic_sim]: MainLoop - Ellapsed: 0.000078s[0m
[basic_sim-13] [0m[INFO] [1791566524.308836812] [basic_sim]: MainLoop - Ellapsed: 0.000107s[0m
[basic_sim-13] [0m[INFO] [1791566524.328473841] [basic_sim]: MainLoop - Ellapsed: 0.000071s[0m
[basic_sim-13] [0m[INFO] [1791566524.349409826] [basic_sim]: MainLoop - Ellapsed: 0.000142s[0m
[basic_sim-13] [0m[INFO] [1791566524.369195412] [basic_sim]: MainLoop - Ellapsed: 0.000125s[0m
[basic_sim-13] [0m[INFO] [1791566524.388495649] [basic_sim]: MainLoop - Ellapsed: 0.000080s[0m
[basic_sim-13] [0m[INFO] [1791566524.408746639] [basic_sim]: MainLoop - Ellapsed: 0.000099s[0m
[basic_sim-13] [0m[INFO] [1791566524.428477711] [basic_sim]: MainLoop - Ellapsed: 0.000078s[0m
[basic_sim-13] [0m[INFO] [1791566524.449241929] [basic_sim]: MainLoop - Ellapsed: 0.000140s[0m
[basic_sim-13] [0m[INFO] [1791566524.468797437] [basic_sim]: MainLoop - Ellapsed: 0.000096s[0m
[basic_sim-13] [0m[INFO] [1791566524.488518399] [basic_sim]: MainLoop - Ellapsed: 0.000079s[0m
[basic_sim-13] [0m[INFO] [1791566524.508926171] [basic_sim]: MainLoop - Ellapsed: 0.000102s[0m
[basic_sim-13] [0m[INFO] [1791566524.529437269] [basic_sim]: MainLoop - Ellapsed: 0.000144s[0m
[basic_sim-13] [0m[INFO] [1791566524.549496821] [basic_sim]: MainLoop - Ellapsed: 0.000113s[0m
[basic_sim-13] [0m[INFO] [1791566524.568551867] [basic_sim]: MainLoop - Ellapsed: 0.000082s[0m
[gsl_actionserver_node-14] [0m[INFO] [1791566524.586646922] [GSL]: Waiting to hear from localization topic: /PioneerP3DX/ground_truth[0m
[basic_sim-13] [0m[INFO] [1791566524.588089003] [basic_sim]: MainLoop - Ellapsed: 0.000055s[0m
[gsl_actionserver_node-14] [0m[INFO] [1791566524.589804314] [GSL]: Gas sensor topic: '/PioneerP3DX/PID/Sensor_reading'[0m
[gsl_actionserver_node-14] [0m[INFO] [1791566524.592802647] [GSL]: Wind sensor topic: '/r7/wind_to'[0m
[gsl_actionserver_node-14] [0m[INFO] [1791566524.593044311] [GSL]: [34mINITIALIZATON COMPLETED[0m[0m
[basic_sim-13] [0m[INFO] [1791566524.608086096] [basic_sim]: MainLoop - Ellapsed: 0.000056s[0m
[gsl_actionserver_node-14] [0m[INFO] [1791566524.621661493] [GSL - Trace]: [32mEntering WaitForMap[0m[0m
[gsl_actionserver_node-14] [0m[INFO] [1791566524.621698955] [GSL - Trace]: [32mNeed occupancy map and costmap[0m[0m
[basic_sim-13] [0m[INFO] [1791566524.628099239] [basic_sim]: MainLoop - Ellapsed: 0.000057s[0m
[basic_sim-13] [0m[INFO] [1791566524.648529689] [basic_sim]: MainLoop - Ellapsed: 0.000078s[0m
[basic_sim-13] [0m[INFO] [1791566524.668469088] [basic_sim]: MainLoop - Ellapsed: 0.000065s[0m
[gsl_actionserver_node-14] [0m[INFO] [1791566524.681471913] [GSL - Trace]: [32mGot occupancy map[0m[0m
[gsl_actionserver_node-14] [0m[INFO] [1791566524.682667848] [GSL]: 
[gsl_actionserver_node-14] --------------GSL---------------
[gsl_actionserver_node-14] Occupancy Map dimensions:
[gsl_actionserver_node-14] x_min:-5.4 x_max:2.9   -   y_min:-7.5 y_max:4.4
[gsl_actionserver_node-14] --------------------------------[0m
[gsl_actionserver_node-14] [0m[INFO] [1791566524.686012135] [GSL - Trace]: [32mCreated grid[0m[0m
[gsl_actionserver_node-14] [0m[INFO] [1791566524.686819547] [GSL - Trace]: [32mPruned unreachable cells[0m[0m
[basic_sim-13] [0m[INFO] [1791566524.688108064] [basic_sim]: MainLoop - Ellapsed: 0.000056s[0m
[gsl_actionserver_node-14] [0m[INFO] [1791566524.693215762] [GSL - Trace]: [32mCreated visibility map[0m[0m
[gsl_actionserver_node-14] [0m[INFO] [1791566524.695993921] [GSL]: Number of cells after fusing quadtree: 72[0m
[gsl_actionserver_node-14] [0m[INFO] [1791566524.700794056] [GSL]: anemometer z is 0.4[0m
[gsl_actionserver_node-14] [0m[INFO] [1791566524.707812293] [GSL - Trace]: [32mEntering StopAndMeasure[0m[0m
[basic_sim-13] [0m[INFO] [1791566524.708069029] [basic_sim]: MainLoop - Ellapsed: 0.000052s[0m
[basic_sim-13] [0m[INFO] [1791566524.728677969] [basic_sim]: MainLoop - Ellapsed: 0.000098s[0m
[basic_sim-13] [0m[INFO] [1791566524.750124523] [basic_sim]: MainLoop - Ellapsed: 0.000164s[0m
[basic_sim-13] [0m[INFO] [1791566524.768924053] [basic_sim]: MainLoop - Ellapsed: 0.000109s[0m
[gsl_actionserver_node-14] [0m[INFO] [1791566524.777801064] [GSL]: 1 gas measurements, 1 wind measurements over 0.40 seconds[0m
[gsl_actionserver_node-14] [0m[INFO] [1791566524.779527266] [GSL]: avg_gas=0.12;  avg_windSpeed=0.011;  avg_wind_dir=-2.6[0m
[gsl_actionserver_node-14] [0m[INFO] [1791566524.780935938] [GSL]: [33mGAS HIT[0m[0m
[basic_sim-13] [0m[INFO] [1791566524.789058540] [basic_sim]: MainLoop - Ellapsed: 0.000118s[0m
[gsl_actionserver_node-14] [0m[INFO] [1791566524.798003753] [GSL - Trace]: [32mEntering StopAndMeasure[0m[0m
[basic_sim-13] [0m[INFO] [1791566524.808398506] [basic_sim]: MainLoop - Ellapsed: 0.000070s[0m
[basic_sim-13] [0m[INFO] [1791566524.828533012] [basic_sim]: MainLoop - Ellapsed: 0.000088s[0m
[basic_sim-13] [0m[INFO] [1791566524.849619627] [basic_sim]: MainLoop - Ellapsed: 0.000179s[0m
[basic_sim-13] [0m[INFO] [1791566524.869345159] [basic_sim]: MainLoop - Ellapsed: 0.000134s[0m
[gsl_actionserver_node-14] [0m[INFO] [1791566524.877742367] [GSL]: 1 gas measurements, 1 wind measurements over 0.40 seconds[0m
[gsl_actionserver_node-14] [0m[INFO] [1791566524.877788698] [GSL]: avg_gas=0.11;  avg_windSpeed=0.071;  avg_wind_dir=-2.7[0m
[gsl_actionserver_node-14] [0m[INFO] [1791566524.878800471] [GSL]: [33mGAS HIT[0m[0m
[basic_sim-13] [0m[INFO] [1791566524.888763583] [basic_sim]: MainLoop - Ellapsed: 0.000100s[0m
[gsl_actionserver_node-14] [0m[INFO] [1791566524.898013964] [GSL - Trace]: [32mEntering StopAndMeasure[0m[0m
[basic_sim-13] [0m[INFO] [1791566524.908459803] [basic_sim]: MainLoop - Ellapsed: 0.000073s[0m
[basic_sim-13] [0m[INFO] [1791566524.929127062] [basic_sim]: MainLoop - Ellapsed: 0.000140s[0m
[basic_sim-13] [0m[INFO] [1791566524.949956559] [basic_sim]: MainLoop - Ellapsed: 0.000212s[0m
[basic_sim-13] [0m[INFO] [1791566524.968867684] [basic_sim]: MainLoop - Ellapsed: 0.000091s[0m
[gsl_actionserver_node-14] [0m[INFO] [1791566524.977698772] [GSL]: 1 gas measurements, 1 wind measurements over 0.40 seconds[0m
[gsl_actionserver_node-14] [0m[INFO] [1791566524.977740792] [GSL]: avg_gas=0.11;  avg_windSpeed=0.11;  avg_wind_dir=-2.4[0m
[gsl_actionserver_node-14] [0m[INFO] [1791566524.978465527] [GSL]: [33mGAS HIT[0m[0m
[basic_sim-13] [0m[INFO] [1791566524.988542959] [basic_sim]: MainLoop - Ellapsed: 0.000075s[0m
[gsl_actionserver_node-14] [0m[INFO] [1791566524.998014948] [GSL - Trace]: [32mEntering StopAndMeasure[0m[0m
[basic_sim-13] [0m[INFO] [1791566525.009651507] [basic_sim]: MainLoop - Ellapsed: 0.000192s[0m
[basic_sim-13] [0m[INFO] [1791566525.029963859] [basic_sim]: MainLoop - Ellapsed: 0.000154s[0m
[basic_sim-13] [0m[INFO] [1791566525.049006230] [basic_sim]: MainLoop - Ellapsed: 0.000116s[0m
[basic_sim-13] [0m[INFO] [1791566525.069159147] [basic_sim]: MainLoop - Ellapsed: 0.000128s[0m
[gsl_actionserver_node-14] [0m[INFO] [1791566525.077674548] [GSL]: 1 gas measurements, 1 wind measurements over 0.40 seconds[0m
[gsl_actionserver_node-14] [0m[INFO] [1791566525.077718515] [GSL]: avg_gas=0.11;  avg_windSpeed=0.071;  avg_wind_dir=-3.1[0m
[gsl_actionserver_node-14] [0m[INFO] [1791566525.078457097] [GSL]: [33mGAS HIT[0m[0m
[basic_sim-13] [0m[INFO] [1791566525.088411546] [basic_sim]: MainLoop - Ellapsed: 0.000066s[0m
[gsl_actionserver_node-14] [0m[INFO] [1791566525.097726459] [GSL - Trace]: [32mEntering StopAndMeasure[0m[0m
[basic_sim-13] [0m[INFO] [1791566525.108420252] [basic_sim]: MainLoop - Ellapsed: 0.000068s[0m
[basic_sim-13] [0m[INFO] [1791566525.128490682] [basic_sim]: MainLoop - Ellapsed: 0.000075s[0m
[basic_sim-13] [0m[INFO] [1791566525.149402511] [basic_sim]: MainLoop - Ellapsed: 0.000152s[0m
[basic_sim-13] [0m[INFO] [1791566525.168849349] [basic_sim]: MainLoop - Ellapsed: 0.000097s[0m
[gsl_actionserver_node-14] [0m[INFO] [1791566525.178433561] [GSL - Trace]: [32mGot cost map[0m[0m
[gsl_actionserver_node-14] [0m[INFO] [1791566525.180300216] [GSL]: 1 gas measurements, 1 wind measurements over 0.40 seconds[0m
[gsl_actionserver_node-14] [0m[INFO] [1791566525.180349307] [GSL]: avg_gas=0.11;  avg_windSpeed=0.088;  avg_wind_dir=-2.7[0m
[gsl_actionserver_node-14] [0m[INFO] [1791566525.181082161] [GSL]: [33mGAS HIT[0m[0m
[basic_sim-13] [0m[INFO] [1791566525.188449788] [basic_sim]: MainLoop - Ellapsed: 0.000065s[0m
[gsl_actionserver_node-14] [0m[INFO] [1791566525.200393896] [GSL]: Max mutual info: 6.250[0m
[gsl_actionserver_node-14] [33m[WARN] [1791566525.200981164] [rcl.logging_rosout]: Publisher already registered for provided node name. If this is due to multiple nodes with the same name then all logs for that logger name will go out over the existing publisher. As soon as any node with that name is destructed it will unregister the publisher, preventing any further logs for that name from being published on the rosout topic.[0m
[basic_sim-13] [0m[INFO] [1791566525.208382849] [basic_sim]: MainLoop - Ellapsed: 0.000068s[0m
[gsl_actionserver_node-14] [0m[INFO] [1791566525.211975163] [GSL]: MutualInformation - Ellapsed: 0.012s[0m
[basic_sim-13] [0m[INFO] [1791566525.228399597] [basic_sim]: MainLoop - Ellapsed: 0.000072s[0m
[gsl_actionserver_node-14] [0m[INFO] [1791566525.243681639] [GSL]: Sending goal (-3.77, 1.17)[0m
[gsl_actionserver_node-14] [0m[INFO] [1791566525.246708993] [GSL]: Variance: 11.94[0m
[gsl_actionserver_node-14] [0m[INFO] [1791566525.246771708] [GSL - Trace]: [32mEntering Moving[0m[0m
[basic_sim-13] [0m[INFO] [1791566525.248494925] [basic_sim]: MainLoop - Ellapsed: 0.000079s[0m
[basic_sim-13] [0m[INFO] [1791566525.268603218] [basic_sim]: MainLoop - Ellapsed: 0.000067s[0m
[basic_sim-13] [0m[INFO] [1791566525.288697466] [basic_sim]: MainLoop - Ellapsed: 0.000098s[0m
[basic_sim-13] [0m[INFO] [1791566525.308578801] [basic_sim]: MainLoop - Ellapsed: 0.000095s[0m
[basic_sim-13] [0m[INFO] [1791566525.328751993] [basic_sim]: MainLoop - Ellapsed: 0.000080s[0m
[basic_sim-13] [0m[INFO] [1791566525.349259515] [basic_sim]: MainLoop - Ellapsed: 0.000127s[0m
[basic_sim-13] [0m[INFO] [1791566525.368476182] [basic_sim]: MainLoop - Ellapsed: 0.000068s[0m
[basic_sim-13] [0m[INFO] [1791566525.388622270] [basic_sim]: MainLoop - Ellapsed: 0.000083s[0m
[basic_sim-13] [0m[INFO] [1791566525.408565076] [basic_sim]: MainLoop - Ellapsed: 0.000075s[0m
[basic_sim-13] [0m[INFO] [1791566525.428800094] [basic_sim]: MainLoop - Ellapsed: 0.000106s[0m
[basic_sim-13] [0m[INFO] [1791566525.448525753] [basic_sim]: MainLoop - Ellapsed: 0.000071s[0m
[basic_sim-13] [0m[INFO] [1791566525.468462381] [basic_sim]: MainLoop - Ellapsed: 0.000072s[0m
[basic_sim-13] [0m[INFO] [1791566525.488260059] [basic_sim]: MainLoop - Ellapsed: 0.000059s[0m
[basic_sim-13] [0m[INFO] [1791566525.508556160] [basic_sim]: MainLoop - Ellapsed: 0.000073s[0m
[basic_sim-13] [0m[INFO] [1791566525.528374741] [basic_sim]: MainLoop - Ellapsed: 0.000069s[0m
[basic_sim-13] [0m[INFO] [1791566525.548558440] [basic_sim]: MainLoop - Ellapsed: 0.000085s[0m
[basic_sim-13] [0m[INFO] [1791566525.568422566] [basic_sim]: MainLoop - Ellapsed: 0.000077s[0m
[basic_sim-13] [0m[INFO] [1791566525.588353030] [basic_sim]: MainLoop - Ellapsed: 0.000066s[0m
[basic_sim-13] [0m[INFO] [1791566525.608718581] [basic_sim]: MainLoop - Ellapsed: 0.000079s[0m
[basic_sim-13] [0m[INFO] [1791566525.628445229] [basic_sim]: MainLoop - Ellapsed: 0.000074s[0m
[basic_sim-13] [0m[INFO] [1791566525.648464118] [basic_sim]: MainLoop - Ellapsed: 0.000079s[0m
[basic_sim-13] [0m[INFO] [1791566525.668573788] [basic_sim]: MainLoop - Ellapsed: 0.000074s[0m
[basic_sim-13] [0m[INFO] [1791566525.688503485] [basic_sim]: MainLoop - Ellapsed: 0.000071s[0m
[basic_sim-13] [0m[INFO] [1791566525.708424367] [basic_sim]: MainLoop - Ellapsed: 0.000078s[0m
[basic_sim-13] [0m[INFO] [1791566525.728263181] [basic_sim]: MainLoop - Ellapsed: 0.000059s[0m
[basic_sim-13] [0m[INFO] [1791566525.749007159] [basic_sim]: MainLoop - Ellapsed: 0.000114s[0m
[basic_sim-13] [0m[INFO] [1791566525.768987399] [basic_sim]: MainLoop - Ellapsed: 0.000100s[0m
[basic_sim-13] [0m[INFO] [1791566525.788590325] [basic_sim]: MainLoop - Ellapsed: 0.000076s[0m
[basic_sim-13] [0m[INFO] [1791566525.808521254] [basic_sim]: MainLoop - Ellapsed: 0.000073s[0m
[basic_sim-13] [0m[INFO] [1791566525.828910718] [basic_sim]: MainLoop - Ellapsed: 0.000106s[0m
[basic_sim-13] [0m[INFO] [1791566525.848642459] [basic_sim]: MainLoop - Ellapsed: 0.000091s[0m
[basic_sim-13] [0m[INFO] [1791566525.868385602] [basic_sim]: MainLoop - Ellapsed: 0.000075s[0m
[basic_sim-13] [0m[INFO] [1791566525.888381811] [basic_sim]: MainLoop - Ellapsed: 0.000064s[0m
[basic_sim-13] [0m[INFO] [1791566525.908487408] [basic_sim]: MainLoop - Ellapsed: 0.000076s[0m
[basic_sim-13] [0m[INFO] [1791566525.928570530] [basic_sim]: MainLoop - Ellapsed: 0.000072s[0m
[basic_sim-13] [0m[INFO] [1791566525.948487783] [basic_sim]: MainLoop - Ellapsed: 0.000084s[0m
[basic_sim-13] [0m[INFO] [1791566525.968534564] [basic_sim]: MainLoop - Ellapsed: 0.000082s[0m
[basic_sim-13] [0m[INFO] [1791566525.988342702] [basic_sim]: MainLoop - Ellapsed: 0.000065s[0m
[basic_sim-13] [0m[INFO] [1791566526.008582030] [basic_sim]: MainLoop - Ellapsed: 0.000080s[0m
[basic_sim-13] [0m[INFO] [1791566526.028145720] [basic_sim]: MainLoop - Ellapsed: 0.000052s[0m
[basic_sim-13] [0m[INFO] [1791566526.048572608] [basic_sim]: MainLoop - Ellapsed: 0.000082s[0m
[basic_sim-13] [0m[INFO] [1791566526.068435403] [basic_sim]: MainLoop - Ellapsed: 0.000073s[0m
[basic_sim-13] [0m[INFO] [1791566526.088395463] [basic_sim]: MainLoop - Ellapsed: 0.000058s[0m
[basic_sim-13] [0m[INFO] [1791566526.108483603] [basic_sim]: MainLoop - Ellapsed: 0.000074s[0m
[basic_sim-13] [0m[INFO] [1791566526.128207498] [basic_sim]: MainLoop - Ellapsed: 0.000056s[0m
[basic_sim-13] [0m[INFO] [1791566526.148589583] [basic_sim]: MainLoop - Ellapsed: 0.000080s[0m
[basic_sim-13] [0m[INFO] [1791566526.168407110] [basic_sim]: MainLoop - Ellapsed: 0.000070s[0m
[basic_sim-13] [0m[INFO] [1791566526.188280093] [basic_sim]: MainLoop - Ellapsed: 0.000056s[0m
[basic_sim-13] [0m[INFO] [1791566526.208498753] [basic_sim]: MainLoop - Ellapsed: 0.000068s[0m
[basic_sim-13] [0m[INFO] [1791566526.228129629] [basic_sim]: MainLoop - Ellapsed: 0.000050s[0m
[basic_sim-13] [0m[INFO] [1791566526.248465187] [basic_sim]: MainLoop - Ellapsed: 0.000081s[0m
[basic_sim-13] [0m[INFO] [1791566526.269037209] [basic_sim]: MainLoop - Ellapsed: 0.000109s[0m
[basic_sim-13] [0m[INFO] [1791566526.288265294] [basic_sim]: MainLoop - Ellapsed: 0.000062s[0m
[basic_sim-13] [0m[INFO] [1791566526.308807839] [basic_sim]: MainLoop - Ellapsed: 0.000107s[0m
[basic_sim-13] [0m[INFO] [1791566526.328642414] [basic_sim]: MainLoop - Ellapsed: 0.000096s[0m
[basic_sim-13] [0m[INFO] [1791566526.348424941] [basic_sim]: MainLoop - Ellapsed: 0.000074s[0m
[basic_sim-13] [0m[INFO] [1791566526.368782011] [basic_sim]: MainLoop - Ellapsed: 0.000091s[0m
[basic_sim-13] [0m[INFO] [1791566526.388727494] [basic_sim]: MainLoop - Ellapsed: 0.000099s[0m
[basic_sim-13] [0m[INFO] [1791566526.409186869] [basic_sim]: MainLoop - Ellapsed: 0.000131s[0m
[basic_sim-13] [0m[INFO] [1791566526.428435812] [basic_sim]: MainLoop - Ellapsed: 0.000077s[0m
[basic_sim-13] [0m[INFO] [1791566526.449017297] [basic_sim]: MainLoop - Ellapsed: 0.000127s[0m
[basic_sim-13] [0m[INFO] [1791566526.468618386] [basic_sim]: MainLoop - Ellapsed: 0.000070s[0m
[basic_sim-13] [0m[INFO] [1791566526.488296276] [basic_sim]: MainLoop - Ellapsed: 0.000064s[0m
[basic_sim-13] [0m[INFO] [1791566526.508520013] [basic_sim]: MainLoop - Ellapsed: 0.000068s[0m
[basic_sim-13] [0m[INFO] [1791566526.528244002] [basic_sim]: MainLoop - Ellapsed: 0.000059s[0m
[basic_sim-13] [0m[INFO] [1791566526.549026755] [basic_sim]: MainLoop - Ellapsed: 0.000131s[0m
[basic_sim-13] [0m[INFO] [1791566526.569022026] [basic_sim]: MainLoop - Ellapsed: 0.000125s[0m
[basic_sim-13] [0m[INFO] [1791566526.589546827] [basic_sim]: MainLoop - Ellapsed: 0.000170s[0m
[basic_sim-13] [0m[INFO] [1791566526.609280159] [basic_sim]: MainLoop - Ellapsed: 0.000140s[0m
[basic_sim-13] [0m[INFO] [1791566526.628577333] [basic_sim]: MainLoop - Ellapsed: 0.000060s[0m
[basic_sim-13] [0m[INFO] [1791566526.649388414] [basic_sim]: MainLoop - Ellapsed: 0.000136s[0m
[basic_sim-13] [0m[INFO] [1791566526.668508102] [basic_sim]: MainLoop - Ellapsed: 0.000073s[0m
[basic_sim-13] [0m[INFO] [1791566526.689333815] [basic_sim]: MainLoop - Ellapsed: 0.000145s[0m
[basic_sim-13] [0m[INFO] [1791566526.708940448] [basic_sim]: MainLoop - Ellapsed: 0.000112s[0m
[basic_sim-13] [0m[INFO] [1791566526.728211088] [basic_sim]: MainLoop - Ellapsed: 0.000058s[0m
[basic_sim-13] [0m[INFO] [1791566526.748728578] [basic_sim]: MainLoop - Ellapsed: 0.000102s[0m
[basic_sim-13] [0m[INFO] [1791566526.768628886] [basic_sim]: MainLoop - Ellapsed: 0.000089s[0m
[basic_sim-13] [0m[INFO] [1791566526.788500591] [basic_sim]: MainLoop - Ellapsed: 0.000072s[0m
[basic_sim-13] [0m[INFO] [1791566526.809455627] [basic_sim]: MainLoop - Ellapsed: 0.000151s[0m
[basic_sim-13] [0m[INFO] [1791566526.828288615] [basic_sim]: MainLoop - Ellapsed: 0.000059s[0m
[basic_sim-13] [0m[INFO] [1791566526.848540727] [basic_sim]: MainLoop - Ellapsed: 0.000089s[0m
[basic_sim-13] [0m[INFO] [1791566526.869293933] [basic_sim]: MainLoop - Ellapsed: 0.000119s[0m
[basic_sim-13] [0m[INFO] [1791566526.888547812] [basic_sim]: MainLoop - Ellapsed: 0.000076s[0m
[basic_sim-13] [0m[INFO] [1791566526.908722094] [basic_sim]: MainLoop - Ellapsed: 0.000091s[0m
[basic_sim-13] [0m[INFO] [1791566526.928748978] [basic_sim]: MainLoop - Ellapsed: 0.000093s[0m
[basic_sim-13] [0m[INFO] [1791566526.948793084] [basic_sim]: MainLoop - Ellapsed: 0.000109s[0m
[basic_sim-13] [0m[INFO] [1791566526.968748504] [basic_sim]: MainLoop - Ellapsed: 0.000078s[0m
[basic_sim-13] [0m[INFO] [1791566526.988333464] [basic_sim]: MainLoop - Ellapsed: 0.000067s[0m
[basic_sim-13] [0m[INFO] [1791566527.009045966] [basic_sim]: MainLoop - Ellapsed: 0.000126s[0m
[basic_sim-13] [0m[INFO] [1791566527.028950300] [basic_sim]: MainLoop - Ellapsed: 0.000093s[0m
[basic_sim-13] [0m[INFO] [1791566527.049339856] [basic_sim]: MainLoop - Ellapsed: 0.000163s[0m
[basic_sim-13] [0m[INFO] [1791566527.068567022] [basic_sim]: MainLoop - Ellapsed: 0.000081s[0m
[basic_sim-13] [0m[INFO] [1791566527.088303374] [basic_sim]: MainLoop - Ellapsed: 0.000059s[0m
[basic_sim-13] [0m[INFO] [1791566527.108612686] [basic_sim]: MainLoop - Ellapsed: 0.000083s[0m
[basic_sim-13] [0m[INFO] [1791566527.128197855] [basic_sim]: MainLoop - Ellapsed: 0.000055s[0m
[basic_sim-13] [0m[INFO] [1791566527.148555184] [basic_sim]: MainLoop - Ellapsed: 0.000083s[0m
[basic_sim-13] [0m[INFO] [1791566527.168478167] [basic_sim]: MainLoop - Ellapsed: 0.000075s[0m
[basic_sim-13] [0m[INFO] [1791566527.188444711] [basic_sim]: MainLoop - Ellapsed: 0.000072s[0m
[basic_sim-13] [0m[INFO] [1791566527.208962017] [basic_sim]: MainLoop - Ellapsed: 0.000122s[0m
[basic_sim-13] [0m[INFO] [1791566527.228494925] [basic_sim]: MainLoop - Ellapsed: 0.000082s[0m
[basic_sim-13] [0m[INFO] [1791566527.248836797] [basic_sim]: MainLoop - Ellapsed: 0.000112s[0m
[basic_sim-13] [0m[INFO] [1791566527.268942715] [basic_sim]: MainLoop - Ellapsed: 0.000113s[0m
[basic_sim-13] [0m[INFO] [1791566527.288639703] [basic_sim]: MainLoop - Ellapsed: 0.000088s[0m
[basic_sim-13] [0m[INFO] [1791566527.310043359] [basic_sim]: MainLoop - Ellapsed: 0.000194s[0m
[basic_sim-13] [0m[INFO] [1791566527.328925472] [basic_sim]: MainLoop - Ellapsed: 0.000081s[0m
[basic_sim-13] [0m[INFO] [1791566527.348712686] [basic_sim]: MainLoop - Ellapsed: 0.000101s[0m
[basic_sim-13] [0m[INFO] [1791566527.368805041] [basic_sim]: MainLoop - Ellapsed: 0.000090s[0m
[basic_sim-13] [0m[INFO] [1791566527.388296688] [basic_sim]: MainLoop - Ellapsed: 0.000057s[0m
[basic_sim-13] [0m[INFO] [1791566527.408795143] [basic_sim]: MainLoop - Ellapsed: 0.000106s[0m
[basic_sim-13] [0m[INFO] [1791566527.428334294] [basic_sim]: MainLoop - Ellapsed: 0.000068s[0m
[basic_sim-13] [0m[INFO] [1791566527.448955480] [basic_sim]: MainLoop - Ellapsed: 0.000122s[0m
[basic_sim-13] [0m[INFO] [1791566527.469090075] [basic_sim]: MainLoop - Ellapsed: 0.000131s[0m
[basic_sim-13] [0m[INFO] [1791566527.488280894] [basic_sim]: MainLoop - Ellapsed: 0.000056s[0m
[basic_sim-13] [0m[INFO] [1791566527.509236453] [basic_sim]: MainLoop - Ellapsed: 0.000137s[0m
[basic_sim-13] [0m[INFO] [1791566527.529359284] [basic_sim]: MainLoop - Ellapsed: 0.000108s[0m
[basic_sim-13] [0m[INFO] [1791566527.548629059] [basic_sim]: MainLoop - Ellapsed: 0.000097s[0m
[basic_sim-13] [0m[INFO] [1791566527.568492663] [basic_sim]: MainLoop - Ellapsed: 0.000066s[0m
[basic_sim-13] [0m[INFO] [1791566527.588427975] [basic_sim]: MainLoop - Ellapsed: 0.000071s[0m
[basic_sim-13] [0m[INFO] [1791566527.608480751] [basic_sim]: MainLoop - Ellapsed: 0.000076s[0m
[basic_sim-13] [0m[INFO] [1791566527.628633533] [basic_sim]: MainLoop - Ellapsed: 0.000097s[0m
[basic_sim-13] [0m[INFO] [1791566527.648375513] [basic_sim]: MainLoop - Ellapsed: 0.000071s[0m
[basic_sim-13] [0m[INFO] [1791566527.668976572] [basic_sim]: MainLoop - Ellapsed: 0.000122s[0m
[basic_sim-13] [0m[INFO] [1791566527.688504665] [basic_sim]: MainLoop - Ellapsed: 0.000076s[0m
[basic_sim-13] [0m[INFO] [1791566527.709223522] [basic_sim]: MainLoop - Ellapsed: 0.000144s[0m
[basic_sim-13] [0m[INFO] [1791566527.728975347] [basic_sim]: MainLoop - Ellapsed: 0.000108s[0m
[basic_sim-13] [0m[INFO] [1791566527.749311371] [basic_sim]: MainLoop - Ellapsed: 0.000149s[0m
[basic_sim-13] [0m[INFO] [1791566527.768344774] [basic_sim]: MainLoop - Ellapsed: 0.000064s[0m
[basic_sim-13] [0m[INFO] [1791566527.788694817] [basic_sim]: MainLoop - Ellapsed: 0.000084s[0m
[basic_sim-13] [0m[INFO] [1791566527.809097305] [basic_sim]: MainLoop - Ellapsed: 0.000123s[0m
[basic_sim-13] [0m[INFO] [1791566527.829003736] [basic_sim]: MainLoop - Ellapsed: 0.000111s[0m
[basic_sim-13] [0m[INFO] [1791566527.848495461] [basic_sim]: MainLoop - Ellapsed: 0.000073s[0m
[basic_sim-13] [0m[INFO] [1791566527.868500538] [basic_sim]: MainLoop - Ellapsed: 0.000077s[0m
[basic_sim-13] [0m[INFO] [1791566527.888432671] [basic_sim]: MainLoop - Ellapsed: 0.000073s[0m
[basic_sim-13] [0m[INFO] [1791566527.909730077] [basic_sim]: MainLoop - Ellapsed: 0.000172s[0m
[basic_sim-13] [0m[INFO] [1791566527.929438356] [basic_sim]: MainLoop - Ellapsed: 0.000138s[0m
[basic_sim-13] [0m[INFO] [1791566527.948921994] [basic_sim]: MainLoop - Ellapsed: 0.000088s[0m
[basic_sim-13] [0m[INFO] [1791566527.968543477] [basic_sim]: MainLoop - Ellapsed: 0.000077s[0m
[basic_sim-13] [0m[INFO] [1791566527.988434140] [basic_sim]: MainLoop - Ellapsed: 0.000072s[0m
[basic_sim-13] [0m[INFO] [1791566528.008956467] [basic_sim]: MainLoop - Ellapsed: 0.000116s[0m
[basic_sim-13] [0m[INFO] [1791566528.028412337] [basic_sim]: MainLoop - Ellapsed: 0.000067s[0m
[basic_sim-13] [0m[INFO] [1791566528.048812406] [basic_sim]: MainLoop - Ellapsed: 0.000108s[0m
[basic_sim-13] [0m[INFO] [1791566528.068727808] [basic_sim]: MainLoop - Ellapsed: 0.000100s[0m
[basic_sim-13] [0m[INFO] [1791566528.088574542] [basic_sim]: MainLoop - Ellapsed: 0.000049s[0m
[basic_sim-13] [0m[INFO] [1791566528.108722788] [basic_sim]: MainLoop - Ellapsed: 0.000097s[0m
[basic_sim-13] [0m[INFO] [1791566528.128294387] [basic_sim]: MainLoop - Ellapsed: 0.000063s[0m
[basic_sim-13] [0m[INFO] [1791566528.148542902] [basic_sim]: MainLoop - Ellapsed: 0.000088s[0m
[basic_sim-13] [0m[INFO] [1791566528.168749190] [basic_sim]: MainLoop - Ellapsed: 0.000104s[0m
[basic_sim-13] [0m[INFO] [1791566528.188363650] [basic_sim]: MainLoop - Ellapsed: 0.000070s[0m
[basic_sim-13] [0m[INFO] [1791566528.208831445] [basic_sim]: MainLoop - Ellapsed: 0.000096s[0m
[basic_sim-13] [0m[INFO] [1791566528.228478682] [basic_sim]: MainLoop - Ellapsed: 0.000082s[0m
[basic_sim-13] [0m[INFO] [1791566528.248843378] [basic_sim]: MainLoop - Ellapsed: 0.000114s[0m
[basic_sim-13] [0m[INFO] [1791566528.268669512] [basic_sim]: MainLoop - Ellapsed: 0.000098s[0m
[basic_sim-13] [0m[INFO] [1791566528.289669186] [basic_sim]: MainLoop - Ellapsed: 0.000118s[0m
[basic_sim-13] [0m[INFO] [1791566528.309376777] [basic_sim]: MainLoop - Ellapsed: 0.000137s[0m
[basic_sim-13] [0m[INFO] [1791566528.328935965] [basic_sim]: MainLoop - Ellapsed: 0.000121s[0m
[basic_sim-13] [0m[INFO] [1791566528.349223311] [basic_sim]: MainLoop - Ellapsed: 0.000145s[0m
[basic_sim-13] [0m[INFO] [1791566528.369029103] [basic_sim]: MainLoop - Ellapsed: 0.000116s[0m
[basic_sim-13] [0m[INFO] [1791566528.388684412] [basic_sim]: MainLoop - Ellapsed: 0.000088s[0m
[basic_sim-13] [0m[INFO] [1791566528.409003656] [basic_sim]: MainLoop - Ellapsed: 0.000124s[0m
[basic_sim-13] [0m[INFO] [1791566528.429060781] [basic_sim]: MainLoop - Ellapsed: 0.000131s[0m
[basic_sim-13] [0m[INFO] [1791566528.448860340] [basic_sim]: MainLoop - Ellapsed: 0.000119s[0m
[basic_sim-13] [0m[INFO] [1791566528.469193186] [basic_sim]: MainLoop - Ellapsed: 0.000113s[0m
[basic_sim-13] [0m[INFO] [1791566528.489274785] [basic_sim]: MainLoop - Ellapsed: 0.000137s[0m
[basic_sim-13] [0m[INFO] [1791566528.509791300] [basic_sim]: MainLoop - Ellapsed: 0.000143s[0m
[basic_sim-13] [0m[INFO] [1791566528.529276429] [basic_sim]: MainLoop - Ellapsed: 0.000143s[0m
[basic_sim-13] [0m[INFO] [1791566528.548842322] [basic_sim]: MainLoop - Ellapsed: 0.000100s[0m
[basic_sim-13] [0m[INFO] [1791566528.568903369] [basic_sim]: MainLoop - Ellapsed: 0.000098s[0m
[basic_sim-13] [0m[INFO] [1791566528.588741511] [basic_sim]: MainLoop - Ellapsed: 0.000099s[0m
[basic_sim-13] [0m[INFO] [1791566528.608889784] [basic_sim]: MainLoop - Ellapsed: 0.000110s[0m
[basic_sim-13] [0m[INFO] [1791566528.628275392] [basic_sim]: MainLoop - Ellapsed: 0.000060s[0m
[basic_sim-13] [0m[INFO] [1791566528.648623810] [basic_sim]: MainLoop - Ellapsed: 0.000096s[0m
[basic_sim-13] [0m[INFO] [1791566528.668745764] [basic_sim]: MainLoop - Ellapsed: 0.000090s[0m
[basic_sim-13] [0m[INFO] [1791566528.689316263] [basic_sim]: MainLoop - Ellapsed: 0.000165s[0m
[basic_sim-13] [0m[INFO] [1791566528.709273843] [basic_sim]: MainLoop - Ellapsed: 0.000141s[0m
[basic_sim-13] [0m[INFO] [1791566528.728357581] [basic_sim]: MainLoop - Ellapsed: 0.000072s[0m
[basic_sim-13] [0m[INFO] [1791566528.748698253] [basic_sim]: MainLoop - Ellapsed: 0.000099s[0m
[basic_sim-13] [0m[INFO] [1791566528.768625277] [basic_sim]: MainLoop - Ellapsed: 0.000089s[0m
[basic_sim-13] [0m[INFO] [1791566528.788686333] [basic_sim]: MainLoop - Ellapsed: 0.000098s[0m
[basic_sim-13] [0m[INFO] [1791566528.809292344] [basic_sim]: MainLoop - Ellapsed: 0.000148s[0m
[basic_sim-13] [0m[INFO] [1791566528.828917943] [basic_sim]: MainLoop - Ellapsed: 0.000121s[0m
[basic_sim-13] [0m[INFO] [1791566528.849730192] [basic_sim]: MainLoop - Ellapsed: 0.000188s[0m
[basic_sim-13] [0m[INFO] [1791566528.868789390] [basic_sim]: MainLoop - Ellapsed: 0.000099s[0m
[basic_sim-13] [0m[INFO] [1791566528.888332545] [basic_sim]: MainLoop - Ellapsed: 0.000064s[0m
[basic_sim-13] [0m[INFO] [1791566528.908390385] [basic_sim]: MainLoop - Ellapsed: 0.000068s[0m
[basic_sim-13] [0m[INFO] [1791566528.928966430] [basic_sim]: MainLoop - Ellapsed: 0.000115s[0m
[basic_sim-13] [0m[INFO] [1791566528.948515923] [basic_sim]: MainLoop - Ellapsed: 0.000083s[0m
[basic_sim-13] [0m[INFO] [1791566528.968383204] [basic_sim]: MainLoop - Ellapsed: 0.000069s[0m
[basic_sim-13] [0m[INFO] [1791566528.989393355] [basic_sim]: MainLoop - Ellapsed: 0.000161s[0m
[basic_sim-13] [0m[INFO] [1791566529.009050921] [basic_sim]: MainLoop - Ellapsed: 0.000119s[0m
[basic_sim-13] [0m[INFO] [1791566529.029686941] [basic_sim]: MainLoop - Ellapsed: 0.000143s[0m
[basic_sim-13] [0m[INFO] [1791566529.048637974] [basic_sim]: MainLoop - Ellapsed: 0.000095s[0m
[basic_sim-13] [0m[INFO] [1791566529.068461926] [basic_sim]: MainLoop - Ellapsed: 0.000072s[0m
[basic_sim-13] [0m[INFO] [1791566529.088720973] [basic_sim]: MainLoop - Ellapsed: 0.000085s[0m
[basic_sim-13] [0m[INFO] [1791566529.108797861] [basic_sim]: MainLoop - Ellapsed: 0.000105s[0m
[basic_sim-13] [0m[INFO] [1791566529.129290795] [basic_sim]: MainLoop - Ellapsed: 0.000119s[0m
[basic_sim-13] [0m[INFO] [1791566529.149025192] [basic_sim]: MainLoop - Ellapsed: 0.000129s[0m
[basic_sim-13] [0m[INFO] [1791566529.169013738] [basic_sim]: MainLoop - Ellapsed: 0.000123s[0m
[basic_sim-13] [0m[INFO] [1791566529.189865752] [basic_sim]: MainLoop - Ellapsed: 0.000190s[0m
[basic_sim-13] [0m[INFO] [1791566529.208767400] [basic_sim]: MainLoop - Ellapsed: 0.000113s[0m
[gsl_actionserver_node-14] [0m[INFO] [1791566529.228766997] [GSL - Trace]: [32mEntering StopAndMeasure[0m[0m
[basic_sim-13] [0m[INFO] [1791566529.229005892] [basic_sim]: MainLoop - Ellapsed: 0.000105s[0m
[basic_sim-13] [0m[INFO] [1791566529.248338334] [basic_sim]: MainLoop - Ellapsed: 0.000068s[0m
[basic_sim-13] [0m[INFO] [1791566529.268490333] [basic_sim]: MainLoop - Ellapsed: 0.000077s[0m
[basic_sim-13] [0m[INFO] [1791566529.288451474] [basic_sim]: MainLoop - Ellapsed: 0.000078s[0m
[basic_sim-13] [0m[INFO] [1791566529.308513237] [basic_sim]: MainLoop - Ellapsed: 0.000081s[0m
[gsl_actionserver_node-14] [0m[INFO] [1791566529.327715545] [GSL]: 1 gas measurements, 2 wind measurements over 0.50 seconds[0m
[gsl_actionserver_node-14] [0m[INFO] [1791566529.327772489] [GSL]: avg_gas=0;  avg_windSpeed=0.04;  avg_wind_dir=-0.79[0m
[basic_sim-13] [0m[INFO] [1791566529.328405240] [basic_sim]: MainLoop - Ellapsed: 0.000075s[0m
[gsl_actionserver_node-14] [0m[INFO] [1791566529.328519048] [GSL]: [33mNOTHING [0m[0m
[gsl_actionserver_node-14] [0m[INFO] [1791566529.347251127] [GSL - Trace]: [32mEntering StopAndMeasure[0m[0m
[basic_sim-13] [0m[INFO] [1791566529.348359068] [basic_sim]: MainLoop - Ellapsed: 0.000071s[0m
[basic_sim-13] [0m[INFO] [1791566529.368486587] [basic_sim]: MainLoop - Ellapsed: 0.000070s[0m
[basic_sim-13] [0m[INFO] [1791566529.388522011] [basic_sim]: MainLoop - Ellapsed: 0.000084s[0m
[basic_sim-13] [0m[INFO] [1791566529.408445469] [basic_sim]: MainLoop - Ellapsed: 0.000078s[0m
[gsl_actionserver_node-14] [0m[INFO] [1791566529.427689492] [GSL]: 1 gas measurements, 1 wind measurements over 0.40 seconds[0m
[gsl_actionserver_node-14] [0m[INFO] [1791566529.427759946] [GSL]: avg_gas=0;  avg_windSpeed=0.023;  avg_wind_dir=-1[0m
[basic_sim-13] [0m[INFO] [1791566529.428469786] [basic_sim]: MainLoop - Ellapsed: 0.000077s[0m
[gsl_actionserver_node-14] [0m[INFO] [1791566529.428535273] [GSL]: [33mNOTHING [0m[0m
[gsl_actionserver_node-14] [0m[INFO] [1791566529.447176673] [GSL - Trace]: [32mEntering StopAndMeasure[0m[0m
[basic_sim-13] [0m[INFO] [1791566529.448521850] [basic_sim]: MainLoop - Ellapsed: 0.000079s[0m
[basic_sim-13] [0m[INFO] [1791566529.468167472] [basic_sim]: MainLoop - Ellapsed: 0.000053s[0m
[basic_sim-13] [0m[INFO] [1791566529.488572280] [basic_sim]: MainLoop - Ellapsed: 0.000093s[0m
[basic_sim-13] [0m[INFO] [1791566529.508629491] [basic_sim]: MainLoop - Ellapsed: 0.000080s[0m
[gsl_actionserver_node-14] [0m[INFO] [1791566529.527671696] [GSL]: 1 gas measurements, 1 wind measurements over 0.40 seconds[0m
[gsl_actionserver_node-14] [0m[INFO] [1791566529.527718064] [GSL]: avg_gas=0;  avg_windSpeed=0.0042;  avg_wind_dir=-0.86[0m
[basic_sim-13] [0m[INFO] [1791566529.528374983] [basic_sim]: MainLoop - Ellapsed: 0.000069s[0m
[gsl_actionserver_node-14] [0m[INFO] [1791566529.528389767] [GSL]: [33mNOTHING [0m[0m
[gsl_actionserver_node-14] [0m[INFO] [1791566529.547166165] [GSL - Trace]: [32mEntering StopAndMeasure[0m[0m
[basic_sim-13] [0m[INFO] [1791566529.548521895] [basic_sim]: MainLoop - Ellapsed: 0.000084s[0m
[basic_sim-13] [0m[INFO] [1791566529.568454009] [basic_sim]: MainLoop - Ellapsed: 0.000071s[0m
[basic_sim-13] [0m[INFO] [1791566529.588521199] [basic_sim]: MainLoop - Ellapsed: 0.000084s[0m
[basic_sim-13] [0m[INFO] [1791566529.608665973] [basic_sim]: MainLoop - Ellapsed: 0.000082s[0m
[gsl_actionserver_node-14] [0m[INFO] [1791566529.627737516] [GSL]: 1 gas measurements, 1 wind measurements over 0.40 seconds[0m
[gsl_actionserver_node-14] [0m[INFO] [1791566529.627779864] [GSL]: avg_gas=0;  avg_windSpeed=0;  avg_wind_dir=-0.98[0m
[gsl_actionserver_node-14] [0m[INFO] [1791566529.628472657] [GSL]: [33mNOTHING [0m[0m
[basic_sim-13] [0m[INFO] [1791566529.628468564] [basic_sim]: MainLoop - Ellapsed: 0.000075s[0m
[gsl_actionserver_node-14] [0m[INFO] [1791566529.647199594] [GSL - Trace]: [32mEntering StopAndMeasure[0m[0m
[basic_sim-13] [0m[INFO] [1791566529.648545288] [basic_sim]: MainLoop - Ellapsed: 0.000077s[0m
[basic_sim-13] [0m[INFO] [1791566529.668447313] [basic_sim]: MainLoop - Ellapsed: 0.000077s[0m
[basic_sim-13] [0m[INFO] [1791566529.688527707] [basic_sim]: MainLoop - Ellapsed: 0.000079s[0m
[basic_sim-13] [0m[INFO] [1791566529.708492492] [basic_sim]: MainLoop - Ellapsed: 0.000076s[0m
[gsl_actionserver_node-14] [0m[INFO] [1791566529.727713470] [GSL]: 1 gas measurements, 1 wind measurements over 0.40 seconds[0m
[gsl_actionserver_node-14] [0m[INFO] [1791566529.727772326] [GSL]: avg_gas=0;  avg_windSpeed=0.026;  avg_wind_dir=-1.3[0m
[gsl_actionserver_node-14] [0m[INFO] [1791566529.728528573] [GSL]: [33mNOTHING [0m[0m
[basic_sim-13] [0m[INFO] [1791566529.728565563] [basic_sim]: MainLoop - Ellapsed: 0.000067s[0m
[gsl_actionserver_node-14] [0m[INFO] [1791566529.747635543] [GSL]: Max mutual info: 6.250[0m
[gsl_actionserver_node-14] [0m[INFO] [1791566529.747810561] [GSL]: MutualInformation - Ellapsed: 0.000s[0m
[basic_sim-13] [0m[INFO] [1791566529.748763193] [basic_sim]: MainLoop - Ellapsed: 0.000098s[0m
[basic_sim-13] [0m[INFO] [1791566529.768473964] [basic_sim]: MainLoop - Ellapsed: 0.000080s[0m
[gsl_actionserver_node-14] [0m[INFO] [1791566529.770606300] [GSL]: Sending goal (0.98, -3.33)[0m
[gsl_actionserver_node-14] [0m[INFO] [1791566529.771189371] [GSL]: Variance: 11.94[0m
[gsl_actionserver_node-14] [0m[INFO] [1791566529.771222000] [GSL - Trace]: [32mEntering Moving[0m[0m
[basic_sim-13] [0m[INFO] [1791566529.788572077] [basic_sim]: MainLoop - Ellapsed: 0.000075s[0m
[basic_sim-13] [0m[INFO] [1791566529.808357649] [basic_sim]: MainLoop - Ellapsed: 0.000062s[0m
[basic_sim-13] [0m[INFO] [1791566529.828648152] [basic_sim]: MainLoop - Ellapsed: 0.000091s[0m
[basic_sim-13] [0m[INFO] [1791566529.848640332] [basic_sim]: MainLoop - Ellapsed: 0.000098s[0m
[basic_sim-13] [0m[INFO] [1791566529.868609713] [basic_sim]: MainLoop - Ellapsed: 0.000078s[0m
[basic_sim-13] [0m[INFO] [1791566529.888489964] [basic_sim]: MainLoop - Ellapsed: 0.000082s[0m
[basic_sim-13] [0m[INFO] [1791566529.908654282] [basic_sim]: MainLoop - Ellapsed: 0.000095s[0m
[basic_sim-13] [0m[INFO] [1791566529.929076340] [basic_sim]: MainLoop - Ellapsed: 0.000105s[0m
[basic_sim-13] [0m[INFO] [1791566529.949211220] [basic_sim]: MainLoop - Ellapsed: 0.000146s[0m
[basic_sim-13] [0m[INFO] [1791566529.968552069] [basic_sim]: MainLoop - Ellapsed: 0.000074s[0m
[basic_sim-13] [0m[INFO] [1791566529.988760484] [basic_sim]: MainLoop - Ellapsed: 0.000103s[0m
[basic_sim-13] [0m[INFO] [1791566530.009066211] [basic_sim]: MainLoop - Ellapsed: 0.000133s[0m
[basic_sim-13] [0m[INFO] [1791566530.028867230] [basic_sim]: MainLoop - Ellapsed: 0.000116s[0m
[basic_sim-13] [0m[INFO] [1791566530.048957352] [basic_sim]: MainLoop - Ellapsed: 0.000120s[0m
[basic_sim-13] [0m[INFO] [1791566530.068722464] [basic_sim]: MainLoop - Ellapsed: 0.000092s[0m
[basic_sim-13] [0m[INFO] [1791566530.088479783] [basic_sim]: MainLoop - Ellapsed: 0.000078s[0m
[basic_sim-13] [0m[INFO] [1791566530.109102765] [basic_sim]: MainLoop - Ellapsed: 0.000136s[0m
[basic_sim-13] [0m[INFO] [1791566530.129023560] [basic_sim]: MainLoop - Ellapsed: 0.000122s[0m
[basic_sim-13] [0m[INFO] [1791566530.148707675] [basic_sim]: MainLoop - Ellapsed: 0.000100s[0m
[basic_sim-13] [0m[INFO] [1791566530.168510543] [basic_sim]: MainLoop - Ellapsed: 0.000070s[0m
[basic_sim-13] [0m[INFO] [1791566530.188889058] [basic_sim]: MainLoop - Ellapsed: 0.000116s[0m
[basic_sim-13] [0m[INFO] [1791566530.209242470] [basic_sim]: MainLoop - Ellapsed: 0.000148s[0m
[basic_sim-13] [0m[INFO] [1791566530.228566073] [basic_sim]: MainLoop - Ellapsed: 0.000090s[0m
[basic_sim-13] [0m[INFO] [1791566530.248627386] [basic_sim]: MainLoop - Ellapsed: 0.000090s[0m
[basic_sim-13] [0m[INFO] [1791566530.268387479] [basic_sim]: MainLoop - Ellapsed: 0.000072s[0m
[basic_sim-13] [0m[INFO] [1791566530.288579738] [basic_sim]: MainLoop - Ellapsed: 0.000091s[0m
[basic_sim-13] [0m[INFO] [1791566530.308506176] [basic_sim]: MainLoop - Ellapsed: 0.000077s[0m
[basic_sim-13] [0m[INFO] [1791566530.328968578] [basic_sim]: MainLoop - Ellapsed: 0.000124s[0m
[basic_sim-13] [0m[INFO] [1791566530.348721013] [basic_sim]: MainLoop - Ellapsed: 0.000103s[0m
[basic_sim-13] [0m[INFO] [1791566530.368607529] [basic_sim]: MainLoop - Ellapsed: 0.000092s[0m
[basic_sim-13] [0m[INFO] [1791566530.388524739] [basic_sim]: MainLoop - Ellapsed: 0.000084s[0m
[basic_sim-13] [0m[INFO] [1791566530.408797068] [basic_sim]: MainLoop - Ellapsed: 0.000098s[0m
[basic_sim-13] [0m[INFO] [1791566530.429078012] [basic_sim]: MainLoop - Ellapsed: 0.000119s[0m
[basic_sim-13] [0m[INFO] [1791566530.448683681] [basic_sim]: MainLoop - Ellapsed: 0.000095s[0m
[basic_sim-13] [0m[INFO] [1791566530.468686011] [basic_sim]: MainLoop - Ellapsed: 0.000091s[0m
[basic_sim-13] [0m[INFO] [1791566530.488512617] [basic_sim]: MainLoop - Ellapsed: 0.000085s[0m
[basic_sim-13] [0m[INFO] [1791566530.508433346] [basic_sim]: MainLoop - Ellapsed: 0.000070s[0m
[basic_sim-13] [0m[INFO] [1791566530.529323591] [basic_sim]: MainLoop - Ellapsed: 0.000138s[0m
[basic_sim-13] [0m[INFO] [1791566530.549683442] [basic_sim]: MainLoop - Ellapsed: 0.000180s[0m
[basic_sim-13] [0m[INFO] [1791566530.568509865] [basic_sim]: MainLoop - Ellapsed: 0.000076s[0m
[basic_sim-13] [0m[INFO] [1791566530.588320418] [basic_sim]: MainLoop - Ellapsed: 0.000064s[0m
[basic_sim-13] [0m[INFO] [1791566530.608642290] [basic_sim]: MainLoop - Ellapsed: 0.000091s[0m
[basic_sim-13] [0m[INFO] [1791566530.628492134] [basic_sim]: MainLoop - Ellapsed: 0.000077s[0m
[basic_sim-13] [0m[INFO] [1791566530.648439003] [basic_sim]: MainLoop - Ellapsed: 0.000072s[0m
[basic_sim-13] [0m[INFO] [1791566530.668203616] [basic_sim]: MainLoop - Ellapsed: 0.000054s[0m
[basic_sim-13] [0m[INFO] [1791566530.688433546] [basic_sim]: MainLoop - Ellapsed: 0.000079s[0m
[basic_sim-13] [0m[INFO] [1791566530.709550006] [basic_sim]: MainLoop - Ellapsed: 0.000148s[0m
[basic_sim-13] [0m[INFO] [1791566530.729369240] [basic_sim]: MainLoop - Ellapsed: 0.000143s[0m
[basic_sim-13] [0m[INFO] [1791566530.749281869] [basic_sim]: MainLoop - Ellapsed: 0.000142s[0m
[basic_sim-13] [0m[INFO] [1791566530.768576976] [basic_sim]: MainLoop - Ellapsed: 0.000085s[0m
[basic_sim-13] [0m[INFO] [1791566530.789187935] [basic_sim]: MainLoop - Ellapsed: 0.000139s[0m
[basic_sim-13] [0m[INFO] [1791566530.808603773] [basic_sim]: MainLoop - Ellapsed: 0.000089s[0m
[basic_sim-13] [0m[INFO] [1791566530.828713590] [basic_sim]: MainLoop - Ellapsed: 0.000081s[0m
[basic_sim-13] [0m[INFO] [1791566530.848590052] [basic_sim]: MainLoop - Ellapsed: 0.000077s[0m
[basic_sim-13] [0m[INFO] [1791566530.868621269] [basic_sim]: MainLoop - Ellapsed: 0.000088s[0m
[basic_sim-13] [0m[INFO] [1791566530.888752439] [basic_sim]: MainLoop - Ellapsed: 0.000105s[0m
[basic_sim-13] [0m[INFO] [1791566530.908394458] [basic_sim]: MainLoop - Ellapsed: 0.000067s[0m
[basic_sim-13] [0m[INFO] [1791566530.928608561] [basic_sim]: MainLoop - Ellapsed: 0.000079s[0m
[basic_sim-13] [0m[INFO] [1791566530.948651967] [basic_sim]: MainLoop - Ellapsed: 0.000094s[0m
[basic_sim-13] [0m[INFO] [1791566530.968419883] [basic_sim]: MainLoop - Ellapsed: 0.000071s[0m
[basic_sim-13] [0m[INFO] [1791566530.988436773] [basic_sim]: MainLoop - Ellapsed: 0.000076s[0m
[basic_sim-13] [0m[INFO] [1791566531.008824808] [basic_sim]: MainLoop - Ellapsed: 0.000094s[0m
[basic_sim-13] [0m[INFO] [1791566531.028865721] [basic_sim]: MainLoop - Ellapsed: 0.000111s[0m
[basic_sim-13] [0m[INFO] [1791566531.049186251] [basic_sim]: MainLoop - Ellapsed: 0.000127s[0m
[basic_sim-13] [0m[INFO] [1791566531.068450854] [basic_sim]: MainLoop - Ellapsed: 0.000072s[0m
[basic_sim-13] [0m[INFO] [1791566531.089099733] [basic_sim]: MainLoop - Ellapsed: 0.000115s[0m
[basic_sim-13] [0m[INFO] [1791566531.108824081] [basic_sim]: MainLoop - Ellapsed: 0.000107s[0m
[basic_sim-13] [0m[INFO] [1791566531.129160958] [basic_sim]: MainLoop - Ellapsed: 0.000131s[0m
[basic_sim-13] [0m[INFO] [1791566531.148908818] [basic_sim]: MainLoop - Ellapsed: 0.000120s[0m
[basic_sim-13] [0m[INFO] [1791566531.168327630] [basic_sim]: MainLoop - Ellapsed: 0.000055s[0m
[basic_sim-13] [0m[INFO] [1791566531.188480778] [basic_sim]: MainLoop - Ellapsed: 0.000085s[0m
[basic_sim-13] [0m[INFO] [1791566531.208470242] [basic_sim]: MainLoop - Ellapsed: 0.000064s[0m
[basic_sim-13] [0m[INFO] [1791566531.228611755] [basic_sim]: MainLoop - Ellapsed: 0.000071s[0m
[basic_sim-13] [0m[INFO] [1791566531.248557527] [basic_sim]: MainLoop - Ellapsed: 0.000087s[0m
[basic_sim-13] [0m[INFO] [1791566531.268424047] [basic_sim]: MainLoop - Ellapsed: 0.000072s[0m
[basic_sim-13] [0m[INFO] [1791566531.288264424] [basic_sim]: MainLoop - Ellapsed: 0.000059s[0m
[basic_sim-13] [0m[INFO] [1791566531.308103944] [basic_sim]: MainLoop - Ellapsed: 0.000047s[0m
[basic_sim-13] [0m[INFO] [1791566531.328331693] [basic_sim]: MainLoop - Ellapsed: 0.000065s[0m
[basic_sim-13] [0m[INFO] [1791566531.348794415] [basic_sim]: MainLoop - Ellapsed: 0.000106s[0m
[basic_sim-13] [0m[INFO] [1791566531.368586938] [basic_sim]: MainLoop - Ellapsed: 0.000087s[0m
[basic_sim-13] [0m[INFO] [1791566531.388397292] [basic_sim]: MainLoop - Ellapsed: 0.000070s[0m
[basic_sim-13] [0m[INFO] [1791566531.408530056] [basic_sim]: MainLoop - Ellapsed: 0.000082s[0m
[basic_sim-13] [0m[INFO] [1791566531.428930423] [basic_sim]: MainLoop - Ellapsed: 0.000121s[0m
[basic_sim-13] [0m[INFO] [1791566531.449104652] [basic_sim]: MainLoop - Ellapsed: 0.000124s[0m
[basic_sim-13] [0m[INFO] [1791566531.468435196] [basic_sim]: MainLoop - Ellapsed: 0.000077s[0m
[basic_sim-13] [0m[INFO] [1791566531.488705438] [basic_sim]: MainLoop - Ellapsed: 0.000101s[0m
[basic_sim-13] [0m[INFO] [1791566531.508632043] [basic_sim]: MainLoop - Ellapsed: 0.000081s[0m
[basic_sim-13] [0m[INFO] [1791566531.529352052] [basic_sim]: MainLoop - Ellapsed: 0.000155s[0m
[basic_sim-13] [0m[INFO] [1791566531.549196290] [basic_sim]: MainLoop - Ellapsed: 0.000150s[0m
[basic_sim-13] [0m[INFO] [1791566531.568756438] [basic_sim]: MainLoop - Ellapsed: 0.000104s[0m
[basic_sim-13] [0m[INFO] [1791566531.588955618] [basic_sim]: MainLoop - Ellapsed: 0.000124s[0m
[basic_sim-13] [0m[INFO] [1791566531.608654248] [basic_sim]: MainLoop - Ellapsed: 0.000089s[0m
[basic_sim-13] [0m[INFO] [1791566531.628997162] [basic_sim]: MainLoop - Ellapsed: 0.000121s[0m
[basic_sim-13] [0m[INFO] [1791566531.648609113] [basic_sim]: MainLoop - Ellapsed: 0.000093s[0m
[basic_sim-13] [0m[INFO] [1791566531.668605523] [basic_sim]: MainLoop - Ellapsed: 0.000098s[0m
[basic_sim-13] [0m[INFO] [1791566531.688937093] [basic_sim]: MainLoop - Ellapsed: 0.000124s[0m
[basic_sim-13] [0m[INFO] [1791566531.709154251] [basic_sim]: MainLoop - Ellapsed: 0.000136s[0m
[basic_sim-13] [0m[INFO] [1791566531.729932076] [basic_sim]: MainLoop - Ellapsed: 0.000182s[0m
[basic_sim-13] [0m[INFO] [1791566531.748950389] [basic_sim]: MainLoop - Ellapsed: 0.000124s[0m
[basic_sim-13] [0m[INFO] [1791566531.768511079] [basic_sim]: MainLoop - Ellapsed: 0.000069s[0m
[basic_sim-13] [0m[INFO] [1791566531.788444520] [basic_sim]: MainLoop - Ellapsed: 0.000081s[0m
[basic_sim-13] [0m[INFO] [1791566531.808343950] [basic_sim]: MainLoop - Ellapsed: 0.000066s[0m
[basic_sim-13] [0m[INFO] [1791566531.829254880] [basic_sim]: MainLoop - Ellapsed: 0.000152s[0m
[basic_sim-13] [0m[INFO] [1791566531.848514399] [basic_sim]: MainLoop - Ellapsed: 0.000087s[0m
[controller_server-9] [31m[ERROR] [1791566531.855550007] [PioneerP3DX.controller_server]: Failed to make progress[0m
[basic_sim-13] [0m[INFO] [1791566531.868482595] [basic_sim]: MainLoop - Ellapsed: 0.000082s[0m
[basic_sim-13] [0m[INFO] [1791566531.888740389] [basic_sim]: MainLoop - Ellapsed: 0.000106s[0m
[basic_sim-13] [0m[INFO] [1791566531.908740276] [basic_sim]: MainLoop - Ellapsed: 0.000098s[0m
[basic_sim-13] [0m[INFO] [1791566531.928688533] [basic_sim]: MainLoop - Ellapsed: 0.000103s[0m
[basic_sim-13] [0m[INFO] [1791566531.948667425] [basic_sim]: MainLoop - Ellapsed: 0.000088s[0m
[basic_sim-13] [0m[INFO] [1791566531.968915154] [basic_sim]: MainLoop - Ellapsed: 0.000112s[0m
[basic_sim-13] [0m[INFO] [1791566531.988324051] [basic_sim]: MainLoop - Ellapsed: 0.000065s[0m
[basic_sim-13] [0m[INFO] [1791566532.008790267] [basic_sim]: MainLoop - Ellapsed: 0.000099s[0m
[basic_sim-13] [0m[INFO] [1791566532.028259905] [basic_sim]: MainLoop - Ellapsed: 0.000062s[0m
[basic_sim-13] [0m[INFO] [1791566532.048214218] [basic_sim]: MainLoop - Ellapsed: 0.000043s[0m
[basic_sim-13] [0m[INFO] [1791566532.068401293] [basic_sim]: MainLoop - Ellapsed: 0.000059s[0m
[basic_sim-13] [0m[INFO] [1791566532.088391650] [basic_sim]: MainLoop - Ellapsed: 0.000060s[0m
[basic_sim-13] [0m[INFO] [1791566532.108421712] [basic_sim]: MainLoop - Ellapsed: 0.000077s[0m
[basic_sim-13] [0m[INFO] [1791566532.128281982] [basic_sim]: MainLoop - Ellapsed: 0.000065s[0m
[basic_sim-13] [0m[INFO] [1791566532.148311282] [basic_sim]: MainLoop - Ellapsed: 0.000063s[0m
[basic_sim-13] [0m[INFO] [1791566532.168424502] [basic_sim]: MainLoop - Ellapsed: 0.000073s[0m
[basic_sim-13] [0m[INFO] [1791566532.188567658] [basic_sim]: MainLoop - Ellapsed: 0.000083s[0m
[basic_sim-13] [0m[INFO] [1791566532.209402812] [basic_sim]: MainLoop - Ellapsed: 0.000157s[0m
[basic_sim-13] [0m[INFO] [1791566532.229274349] [basic_sim]: MainLoop - Ellapsed: 0.000137s[0m
[basic_sim-13] [0m[INFO] [1791566532.248591714] [basic_sim]: MainLoop - Ellapsed: 0.000083s[0m
[basic_sim-13] [0m[INFO] [1791566532.268773562] [basic_sim]: MainLoop - Ellapsed: 0.000096s[0m
[basic_sim-13] [0m[INFO] [1791566532.288245224] [basic_sim]: MainLoop - Ellapsed: 0.000060s[0m
[basic_sim-13] [0m[INFO] [1791566532.308438126] [basic_sim]: MainLoop - Ellapsed: 0.000075s[0m
[basic_sim-13] [0m[INFO] [1791566532.328483606] [basic_sim]: MainLoop - Ellapsed: 0.000067s[0m
[basic_sim-13] [0m[INFO] [1791566532.348578325] [basic_sim]: MainLoop - Ellapsed: 0.000066s[0m
[basic_sim-13] [0m[INFO] [1791566532.368839510] [basic_sim]: MainLoop - Ellapsed: 0.000111s[0m
[basic_sim-13] [0m[INFO] [1791566532.388273901] [basic_sim]: MainLoop - Ellapsed: 0.000059s[0m
[basic_sim-13] [0m[INFO] [1791566532.408455130] [basic_sim]: MainLoop - Ellapsed: 0.000077s[0m
[basic_sim-13] [0m[INFO] [1791566532.428681611] [basic_sim]: MainLoop - Ellapsed: 0.000084s[0m
[basic_sim-13] [0m[INFO] [1791566532.448513104] [basic_sim]: MainLoop - Ellapsed: 0.000069s[0m
[basic_sim-13] [0m[INFO] [1791566532.468504858] [basic_sim]: MainLoop - Ellapsed: 0.000078s[0m
[basic_sim-13] [0m[INFO] [1791566532.488296441] [basic_sim]: MainLoop - Ellapsed: 0.000061s[0m
[basic_sim-13] [0m[INFO] [1791566532.508610764] [basic_sim]: MainLoop - Ellapsed: 0.000089s[0m
[basic_sim-13] [0m[INFO] [1791566532.528712013] [basic_sim]: MainLoop - Ellapsed: 0.000102s[0m
[basic_sim-13] [0m[INFO] [1791566532.549182347] [basic_sim]: MainLoop - Ellapsed: 0.000115s[0m
[basic_sim-13] [0m[INFO] [1791566532.568957037] [basic_sim]: MainLoop - Ellapsed: 0.000123s[0m
[basic_sim-13] [0m[INFO] [1791566532.588313913] [basic_sim]: MainLoop - Ellapsed: 0.000057s[0m
[basic_sim-13] [0m[INFO] [1791566532.608528594] [basic_sim]: MainLoop - Ellapsed: 0.000074s[0m
[basic_sim-13] [0m[INFO] [1791566532.628375387] [basic_sim]: MainLoop - Ellapsed: 0.000072s[0m
[basic_sim-13] [0m[INFO] [1791566532.648416424] [basic_sim]: MainLoop - Ellapsed: 0.000073s[0m
[basic_sim-13] [0m[INFO] [1791566532.668490862] [basic_sim]: MainLoop - Ellapsed: 0.000083s[0m
[basic_sim-13] [0m[INFO] [1791566532.688260941] [basic_sim]: MainLoop - Ellapsed: 0.000057s[0m
[basic_sim-13] [0m[INFO] [1791566532.709116445] [basic_sim]: MainLoop - Ellapsed: 0.000135s[0m
[basic_sim-13] [0m[INFO] [1791566532.729074167] [basic_sim]: MainLoop - Ellapsed: 0.000123s[0m
[basic_sim-13] [0m[INFO] [1791566532.748632361] [basic_sim]: MainLoop - Ellapsed: 0.000084s[0m
[basic_sim-13] [0m[INFO] [1791566532.768562799] [basic_sim]: MainLoop - Ellapsed: 0.000086s[0m
[basic_sim-13] [0m[INFO] [1791566532.788588579] [basic_sim]: MainLoop - Ellapsed: 0.000084s[0m
[basic_sim-13] [0m[INFO] [1791566532.809443077] [basic_sim]: MainLoop - Ellapsed: 0.000165s[0m
[basic_sim-13] [0m[INFO] [1791566532.828696551] [basic_sim]: MainLoop - Ellapsed: 0.000099s[0m
[basic_sim-13] [0m[INFO] [1791566532.848493277] [basic_sim]: MainLoop - Ellapsed: 0.000071s[0m
[basic_sim-13] [0m[INFO] [1791566532.869253850] [basic_sim]: MainLoop - Ellapsed: 0.000142s[0m
[basic_sim-13] [0m[INFO] [1791566532.888237958] [basic_sim]: MainLoop - Ellapsed: 0.000059s[0m
[basic_sim-13] [0m[INFO] [1791566532.908534131] [basic_sim]: MainLoop - Ellapsed: 0.000082s[0m
[basic_sim-13] [0m[INFO] [1791566532.928626240] [basic_sim]: MainLoop - Ellapsed: 0.000074s[0m
[basic_sim-13] [0m[INFO] [1791566532.948740010] [basic_sim]: MainLoop - Ellapsed: 0.000097s[0m
[basic_sim-13] [0m[INFO] [1791566532.968799000] [basic_sim]: MainLoop - Ellapsed: 0.000111s[0m
[basic_sim-13] [0m[INFO] [1791566532.988292796] [basic_sim]: MainLoop - Ellapsed: 0.000066s[0m
[basic_sim-13] [0m[INFO] [1791566533.008801050] [basic_sim]: MainLoop - Ellapsed: 0.000087s[0m
[basic_sim-13] [0m[INFO] [1791566533.029331150] [basic_sim]: MainLoop - Ellapsed: 0.000162s[0m
[basic_sim-13] [0m[INFO] [1791566533.049007609] [basic_sim]: MainLoop - Ellapsed: 0.000098s[0m
[basic_sim-13] [0m[INFO] [1791566533.069110577] [basic_sim]: MainLoop - Ellapsed: 0.000140s[0m
[basic_sim-13] [0m[INFO] [1791566533.088510997] [basic_sim]: MainLoop - Ellapsed: 0.000083s[0m
[basic_sim-13] [0m[INFO] [1791566533.110773701] [basic_sim]: MainLoop - Ellapsed: 0.000274s[0m
[basic_sim-13] [0m[INFO] [1791566533.128845011] [basic_sim]: MainLoop - Ellapsed: 0.000107s[0m
[basic_sim-13] [0m[INFO] [1791566533.148736532] [basic_sim]: MainLoop - Ellapsed: 0.000101s[0m
[basic_sim-13] [0m[INFO] [1791566533.168358159] [basic_sim]: MainLoop - Ellapsed: 0.000069s[0m
[basic_sim-13] [0m[INFO] [1791566533.188442319] [basic_sim]: MainLoop - Ellapsed: 0.000068s[0m
[basic_sim-13] [0m[INFO] [1791566533.208563211] [basic_sim]: MainLoop - Ellapsed: 0.000089s[0m
[basic_sim-13] [0m[INFO] [1791566533.228349338] [basic_sim]: MainLoop - Ellapsed: 0.000062s[0m
[basic_sim-13] [0m[INFO] [1791566533.248231753] [basic_sim]: MainLoop - Ellapsed: 0.000055s[0m
[basic_sim-13] [0m[INFO] [1791566533.268693860] [basic_sim]: MainLoop - Ellapsed: 0.000091s[0m
[basic_sim-13] [0m[INFO] [1791566533.288288283] [basic_sim]: MainLoop - Ellapsed: 0.000059s[0m
[basic_sim-13] [0m[INFO] [1791566533.308625250] [basic_sim]: MainLoop - Ellapsed: 0.000089s[0m
[basic_sim-13] [0m[INFO] [1791566533.328510481] [basic_sim]: MainLoop - Ellapsed: 0.000086s[0m
[basic_sim-13] [0m[INFO] [1791566533.348409980] [basic_sim]: MainLoop - Ellapsed: 0.000074s[0m
[basic_sim-13] [0m[INFO] [1791566533.368591421] [basic_sim]: MainLoop - Ellapsed: 0.000091s[0m
[basic_sim-13] [0m[INFO] [1791566533.388257807] [basic_sim]: MainLoop - Ellapsed: 0.000059s[0m
[basic_sim-13] [0m[INFO] [1791566533.408497430] [basic_sim]: MainLoop - Ellapsed: 0.000081s[0m
[basic_sim-13] [0m[INFO] [1791566533.428257673] [basic_sim]: MainLoop - Ellapsed: 0.000064s[0m
[basic_sim-13] [0m[INFO] [1791566533.448258689] [basic_sim]: MainLoop - Ellapsed: 0.000057s[0m
[basic_sim-13] [0m[INFO] [1791566533.468461597] [basic_sim]: MainLoop - Ellapsed: 0.000077s[0m
[basic_sim-13] [0m[INFO] [1791566533.488321728] [basic_sim]: MainLoop - Ellapsed: 0.000064s[0m
[basic_sim-13] [0m[INFO] [1791566533.508429441] [basic_sim]: MainLoop - Ellapsed: 0.000078s[0m
[basic_sim-13] [0m[INFO] [1791566533.528859045] [basic_sim]: MainLoop - Ellapsed: 0.000104s[0m
[basic_sim-13] [0m[INFO] [1791566533.548949223] [basic_sim]: MainLoop - Ellapsed: 0.000122s[0m
[basic_sim-13] [0m[INFO] [1791566533.568910813] [basic_sim]: MainLoop - Ellapsed: 0.000112s[0m
[basic_sim-13] [0m[INFO] [1791566533.588371239] [basic_sim]: MainLoop - Ellapsed: 0.000070s[0m
[basic_sim-13] [0m[INFO] [1791566533.608444706] [basic_sim]: MainLoop - Ellapsed: 0.000080s[0m
[basic_sim-13] [0m[INFO] [1791566533.628356922] [basic_sim]: MainLoop - Ellapsed: 0.000069s[0m
[basic_sim-13] [0m[INFO] [1791566533.648242353] [basic_sim]: MainLoop - Ellapsed: 0.000061s[0m
[basic_sim-13] [0m[INFO] [1791566533.668504667] [basic_sim]: MainLoop - Ellapsed: 0.000081s[0m
[basic_sim-13] [0m[INFO] [1791566533.688273134] [basic_sim]: MainLoop - Ellapsed: 0.000060s[0m
[basic_sim-13] [0m[INFO] [1791566533.708438000] [basic_sim]: MainLoop - Ellapsed: 0.000079s[0m
[basic_sim-13] [0m[INFO] [1791566533.728592354] [basic_sim]: MainLoop - Ellapsed: 0.000081s[0m
[basic_sim-13] [0m[INFO] [1791566533.748179668] [basic_sim]: MainLoop - Ellapsed: 0.000054s[0m
[basic_sim-13] [0m[INFO] [1791566533.768375055] [basic_sim]: MainLoop - Ellapsed: 0.000068s[0m
[basic_sim-13] [0m[INFO] [1791566533.788274132] [basic_sim]: MainLoop - Ellapsed: 0.000057s[0m
[basic_sim-13] [0m[INFO] [1791566533.808386173] [basic_sim]: MainLoop - Ellapsed: 0.000070s[0m
[basic_sim-13] [0m[INFO] [1791566533.828411467] [basic_sim]: MainLoop - Ellapsed: 0.000065s[0m
[basic_sim-13] [0m[INFO] [1791566533.848244698] [basic_sim]: MainLoop - Ellapsed: 0.000060s[0m
[basic_sim-13] [0m[INFO] [1791566533.868486549] [basic_sim]: MainLoop - Ellapsed: 0.000077s[0m
[basic_sim-13] [0m[INFO] [1791566533.888572350] [basic_sim]: MainLoop - Ellapsed: 0.000088s[0m
[basic_sim-13] [0m[INFO] [1791566533.908481803] [basic_sim]: MainLoop - Ellapsed: 0.000078s[0m
[basic_sim-13] [0m[INFO] [1791566533.928193150] [basic_sim]: MainLoop - Ellapsed: 0.000057s[0m
[basic_sim-13] [0m[INFO] [1791566533.949777237] [basic_sim]: MainLoop - Ellapsed: 0.000170s[0m
[basic_sim-13] [0m[INFO] [1791566533.969002786] [basic_sim]: MainLoop - Ellapsed: 0.000098s[0m
[controller_server-9] [31m[ERROR] [1791566533.978936158] [PioneerP3DX.controller_server]: Failed to make progress[0m
[basic_sim-13] [0m[INFO] [1791566533.988857145] [basic_sim]: MainLoop - Ellapsed: 0.000114s[0m
[basic_sim-13] [0m[INFO] [1791566534.008257593] [basic_sim]: MainLoop - Ellapsed: 0.000063s[0m
[basic_sim-13] [0m[INFO] [1791566534.028280343] [basic_sim]: MainLoop - Ellapsed: 0.000065s[0m
[basic_sim-13] [0m[INFO] [1791566534.048321160] [basic_sim]: MainLoop - Ellapsed: 0.000067s[0m
[basic_sim-13] [0m[INFO] [1791566534.068334931] [basic_sim]: MainLoop - Ellapsed: 0.000069s[0m
[basic_sim-13] [0m[INFO] [1791566534.088317087] [basic_sim]: MainLoop - Ellapsed: 0.000063s[0m
[basic_sim-13] [0m[INFO] [1791566534.108476402] [basic_sim]: MainLoop - Ellapsed: 0.000059s[0m
[basic_sim-13] [0m[INFO] [1791566534.128515222] [basic_sim]: MainLoop - Ellapsed: 0.000082s[0m
[basic_sim-13] [0m[INFO] [1791566534.148403588] [basic_sim]: MainLoop - Ellapsed: 0.000073s[0m
[basic_sim-13] [0m[INFO] [1791566534.168250892] [basic_sim]: MainLoop - Ellapsed: 0.000067s[0m
[basic_sim-13] [0m[INFO] [1791566534.191203473] [basic_sim]: MainLoop - Ellapsed: 0.000097s[0m
[basic_sim-13] [0m[INFO] [1791566534.213784596] [basic_sim]: MainLoop - Ellapsed: 0.000139s[0m
[basic_sim-13] [0m[INFO] [1791566534.228076306] [basic_sim]: MainLoop - Ellapsed: 0.000055s[0m
[basic_sim-13] [0m[INFO] [1791566534.248392116] [basic_sim]: MainLoop - Ellapsed: 0.000073s[0m
[basic_sim-13] [0m[INFO] [1791566534.268042536] [basic_sim]: MainLoop - Ellapsed: 0.000042s[0m
[basic_sim-13] [0m[INFO] [1791566534.288441243] [basic_sim]: MainLoop - Ellapsed: 0.000071s[0m
[basic_sim-13] [0m[INFO] [1791566534.308611374] [basic_sim]: MainLoop - Ellapsed: 0.000089s[0m
[basic_sim-13] [0m[INFO] [1791566534.328233616] [basic_sim]: MainLoop - Ellapsed: 0.000060s[0m
[basic_sim-13] [0m[INFO] [1791566534.348897608] [basic_sim]: MainLoop - Ellapsed: 0.000117s[0m
[basic_sim-13] [0m[INFO] [1791566534.368218534] [basic_sim]: MainLoop - Ellapsed: 0.000057s[0m
[basic_sim-13] [0m[INFO] [1791566534.388412185] [basic_sim]: MainLoop - Ellapsed: 0.000075s[0m
[basic_sim-13] [0m[INFO] [1791566534.408972260] [basic_sim]: MainLoop - Ellapsed: 0.000125s[0m
[basic_sim-13] [0m[INFO] [1791566534.428919050] [basic_sim]: MainLoop - Ellapsed: 0.000091s[0m
[basic_sim-13] [0m[INFO] [1791566534.448395940] [basic_sim]: MainLoop - Ellapsed: 0.000074s[0m
[basic_sim-13] [0m[INFO] [1791566534.468489744] [basic_sim]: MainLoop - Ellapsed: 0.000082s[0m
[basic_sim-13] [0m[INFO] [1791566534.488469270] [basic_sim]: MainLoop - Ellapsed: 0.000079s[0m
[basic_sim-13] [0m[INFO] [1791566534.511656885] [basic_sim]: MainLoop - Ellapsed: 0.000405s[0m
[basic_sim-13] [0m[INFO] [1791566534.528242939] [basic_sim]: MainLoop - Ellapsed: 0.000063s[0m
[basic_sim-13] [0m[INFO] [1791566534.548572795] [basic_sim]: MainLoop - Ellapsed: 0.000077s[0m
[basic_sim-13] [0m[INFO] [1791566534.568357418] [basic_sim]: MainLoop - Ellapsed: 0.000071s[0m
[basic_sim-13] [0m[INFO] [1791566534.588333870] [basic_sim]: MainLoop - Ellapsed: 0.000076s[0m
[basic_sim-13] [0m[INFO] [1791566534.608537279] [basic_sim]: MainLoop - Ellapsed: 0.000088s[0m
[basic_sim-13] [0m[INFO] [1791566534.628232211] [basic_sim]: MainLoop - Ellapsed: 0.000055s[0m
[basic_sim-13] [0m[INFO] [1791566534.648360863] [basic_sim]: MainLoop - Ellapsed: 0.000072s[0m
[basic_sim-13] [0m[INFO] [1791566534.668255282] [basic_sim]: MainLoop - Ellapsed: 0.000059s[0m
[basic_sim-13] [0m[INFO] [1791566534.688396692] [basic_sim]: MainLoop - Ellapsed: 0.000073s[0m
[basic_sim-13] [0m[INFO] [1791566534.708423725] [basic_sim]: MainLoop - Ellapsed: 0.000073s[0m
[basic_sim-13] [0m[INFO] [1791566534.728129031] [basic_sim]: MainLoop - Ellapsed: 0.000049s[0m
[basic_sim-13] [0m[INFO] [1791566534.748377324] [basic_sim]: MainLoop - Ellapsed: 0.000071s[0m
[basic_sim-13] [0m[INFO] [1791566534.768233572] [basic_sim]: MainLoop - Ellapsed: 0.000058s[0m
[basic_sim-13] [0m[INFO] [1791566534.788447613] [basic_sim]: MainLoop - Ellapsed: 0.000074s[0m
[basic_sim-13] [0m[INFO] [1791566534.808446887] [basic_sim]: MainLoop - Ellapsed: 0.000076s[0m
[basic_sim-13] [0m[INFO] [1791566534.828245162] [basic_sim]: MainLoop - Ellapsed: 0.000060s[0m
[basic_sim-13] [0m[INFO] [1791566534.848394833] [basic_sim]: MainLoop - Ellapsed: 0.000075s[0m
[basic_sim-13] [0m[INFO] [1791566534.868313254] [basic_sim]: MainLoop - Ellapsed: 0.000064s[0m
[basic_sim-13] [0m[INFO] [1791566534.888522844] [basic_sim]: MainLoop - Ellapsed: 0.000084s[0m
[basic_sim-13] [0m[INFO] [1791566534.908474502] [basic_sim]: MainLoop - Ellapsed: 0.000083s[0m
[basic_sim-13] [0m[INFO] [1791566534.933501265] [basic_sim]: MainLoop - Ellapsed: 0.000571s[0m
[basic_sim-13] [0m[INFO] [1791566534.948867348] [basic_sim]: MainLoop - Ellapsed: 0.000104s[0m
[basic_sim-13] [0m[INFO] [1791566534.968632446] [basic_sim]: MainLoop - Ellapsed: 0.000082s[0m
[basic_sim-13] [0m[INFO] [1791566534.988338438] [basic_sim]: MainLoop - Ellapsed: 0.000068s[0m
[basic_sim-13] [0m[INFO] [1791566535.008388344] [basic_sim]: MainLoop - Ellapsed: 0.000073s[0m
[basic_sim-13] [0m[INFO] [1791566535.028393828] [basic_sim]: MainLoop - Ellapsed: 0.000066s[0m
[basic_sim-13] [0m[INFO] [1791566535.048403827] [basic_sim]: MainLoop - Ellapsed: 0.000075s[0m
[basic_sim-13] [0m[INFO] [1791566535.068442470] [basic_sim]: MainLoop - Ellapsed: 0.000079s[0m
[basic_sim-13] [0m[INFO] [1791566535.088615503] [basic_sim]: MainLoop - Ellapsed: 0.000091s[0m
[basic_sim-13] [0m[INFO] [1791566535.108834989] [basic_sim]: MainLoop - Ellapsed: 0.000110s[0m
[basic_sim-13] [0m[INFO] [1791566535.128991506] [basic_sim]: MainLoop - Ellapsed: 0.000121s[0m
[basic_sim-13] [0m[INFO] [1791566535.148376071] [basic_sim]: MainLoop - Ellapsed: 0.000072s[0m
[basic_sim-13] [0m[INFO] [1791566535.168343129] [basic_sim]: MainLoop - Ellapsed: 0.000063s[0m
[basic_sim-13] [0m[INFO] [1791566535.188483661] [basic_sim]: MainLoop - Ellapsed: 0.000072s[0m
[basic_sim-13] [0m[INFO] [1791566535.208423378] [basic_sim]: MainLoop - Ellapsed: 0.000075s[0m
[basic_sim-13] [0m[INFO] [1791566535.228240508] [basic_sim]: MainLoop - Ellapsed: 0.000059s[0m
[basic_sim-13] [0m[INFO] [1791566535.248335159] [basic_sim]: MainLoop - Ellapsed: 0.000068s[0m
[basic_sim-13] [0m[INFO] [1791566535.268387923] [basic_sim]: MainLoop - Ellapsed: 0.000064s[0m
[basic_sim-13] [0m[INFO] [1791566535.288460540] [basic_sim]: MainLoop - Ellapsed: 0.000084s[0m
[basic_sim-13] [0m[INFO] [1791566535.308797799] [basic_sim]: MainLoop - Ellapsed: 0.000100s[0m
[basic_sim-13] [0m[INFO] [1791566535.328352064] [basic_sim]: MainLoop - Ellapsed: 0.000069s[0m
[basic_sim-13] [0m[INFO] [1791566535.348489708] [basic_sim]: MainLoop - Ellapsed: 0.000065s[0m
[basic_sim-13] [0m[INFO] [1791566535.368290995] [basic_sim]: MainLoop - Ellapsed: 0.000061s[0m
[basic_sim-13] [0m[INFO] [1791566535.388398346] [basic_sim]: MainLoop - Ellapsed: 0.000077s[0m
[basic_sim-13] [0m[INFO] [1791566535.408564723] [basic_sim]: MainLoop - Ellapsed: 0.000085s[0m
[basic_sim-13] [0m[INFO] [1791566535.428678468] [basic_sim]: MainLoop - Ellapsed: 0.000099s[0m
[basic_sim-13] [0m[INFO] [1791566535.448449086] [basic_sim]: MainLoop - Ellapsed: 0.000078s[0m
[basic_sim-13] [0m[INFO] [1791566535.468198298] [basic_sim]: MainLoop - Ellapsed: 0.000051s[0m
[basic_sim-13] [0m[INFO] [1791566535.488591264] [basic_sim]: MainLoop - Ellapsed: 0.000090s[0m
[basic_sim-13] [0m[INFO] [1791566535.508516660] [basic_sim]: MainLoop - Ellapsed: 0.000074s[0m
[basic_sim-13] [0m[INFO] [1791566535.528242499] [basic_sim]: MainLoop - Ellapsed: 0.000062s[0m
[basic_sim-13] [0m[INFO] [1791566535.548478415] [basic_sim]: MainLoop - Ellapsed: 0.000074s[0m
[basic_sim-13] [0m[INFO] [1791566535.568310830] [basic_sim]: MainLoop - Ellapsed: 0.000066s[0m
[basic_sim-13] [0m[INFO] [1791566535.588426248] [basic_sim]: MainLoop - Ellapsed: 0.000079s[0m
[basic_sim-13] [0m[INFO] [1791566535.608536456] [basic_sim]: MainLoop - Ellapsed: 0.000088s[0m
[basic_sim-13] [0m[INFO] [1791566535.628576477] [basic_sim]: MainLoop - Ellapsed: 0.000092s[0m
[basic_sim-13] [0m[INFO] [1791566535.648445907] [basic_sim]: MainLoop - Ellapsed: 0.000079s[0m
[basic_sim-13] [0m[INFO] [1791566535.668297494] [basic_sim]: MainLoop - Ellapsed: 0.000062s[0m
[basic_sim-13] [0m[INFO] [1791566535.688567057] [basic_sim]: MainLoop - Ellapsed: 0.000093s[0m
[basic_sim-13] [0m[INFO] [1791566535.708579536] [basic_sim]: MainLoop - Ellapsed: 0.000087s[0m
[basic_sim-13] [0m[INFO] [1791566535.728297983] [basic_sim]: MainLoop - Ellapsed: 0.000065s[0m
[basic_sim-13] [0m[INFO] [1791566535.748420341] [basic_sim]: MainLoop - Ellapsed: 0.000073s[0m
[basic_sim-13] [0m[INFO] [1791566535.768397246] [basic_sim]: MainLoop - Ellapsed: 0.000068s[0m
[basic_sim-13] [0m[INFO] [1791566535.788393574] [basic_sim]: MainLoop - Ellapsed: 0.000074s[0m
[basic_sim-13] [0m[INFO] [1791566535.808629694] [basic_sim]: MainLoop - Ellapsed: 0.000094s[0m
[basic_sim-13] [0m[INFO] [1791566535.828249514] [basic_sim]: MainLoop - Ellapsed: 0.000062s[0m
[basic_sim-13] [0m[INFO] [1791566535.848466070] [basic_sim]: MainLoop - Ellapsed: 0.000073s[0m
[basic_sim-13] [0m[INFO] [1791566535.868283481] [basic_sim]: MainLoop - Ellapsed: 0.000053s[0m
[basic_sim-13] [0m[INFO] [1791566535.889639633] [basic_sim]: MainLoop - Ellapsed: 0.000162s[0m
[basic_sim-13] [0m[INFO] [1791566535.908539647] [basic_sim]: MainLoop - Ellapsed: 0.000088s[0m
[basic_sim-13] [0m[INFO] [1791566535.928130313] [basic_sim]: MainLoop - Ellapsed: 0.000044s[0m
[basic_sim-13] [0m[INFO] [1791566535.948569234] [basic_sim]: MainLoop - Ellapsed: 0.000091s[0m
[basic_sim-13] [0m[INFO] [1791566535.968652596] [basic_sim]: MainLoop - Ellapsed: 0.000071s[0m
[basic_sim-13] [0m[INFO] [1791566535.988361704] [basic_sim]: MainLoop - Ellapsed: 0.000070s[0m
[basic_sim-13] [0m[INFO] [1791566536.008470428] [basic_sim]: MainLoop - Ellapsed: 0.000081s[0m
[basic_sim-13] [0m[INFO] [1791566536.028254698] [basic_sim]: MainLoop - Ellapsed: 0.000055s[0m
[basic_sim-13] [0m[INFO] [1791566536.048377636] [basic_sim]: MainLoop - Ellapsed: 0.000075s[0m
[basic_sim-13] [0m[INFO] [1791566536.068259525] [basic_sim]: MainLoop - Ellapsed: 0.000061s[0m
[basic_sim-13] [0m[INFO] [1791566536.088404549] [basic_sim]: MainLoop - Ellapsed: 0.000071s[0m
[basic_sim-13] [0m[INFO] [1791566536.108467844] [basic_sim]: MainLoop - Ellapsed: 0.000081s[0m
[basic_sim-13] [0m[INFO] [1791566536.128130808] [basic_sim]: MainLoop - Ellapsed: 0.000050s[0m
[basic_sim-13] [0m[INFO] [1791566536.149689429] [basic_sim]: MainLoop - Ellapsed: 0.000205s[0m
[basic_sim-13] [0m[INFO] [1791566536.168540718] [basic_sim]: MainLoop - Ellapsed: 0.000087s[0m
[basic_sim-13] [0m[INFO] [1791566536.188483389] [basic_sim]: MainLoop - Ellapsed: 0.000065s[0m
[basic_sim-13] [0m[INFO] [1791566536.208403579] [basic_sim]: MainLoop - Ellapsed: 0.000074s[0m
[basic_sim-13] [0m[INFO] [1791566536.228183833] [basic_sim]: MainLoop - Ellapsed: 0.000054s[0m
[basic_sim-13] [0m[INFO] [1791566536.248462963] [basic_sim]: MainLoop - Ellapsed: 0.000075s[0m
[controller_server-9] [31m[ERROR] [1791566536.265615958] [PioneerP3DX.controller_server]: Failed to make progress[0m
[basic_sim-13] [0m[INFO] [1791566536.268389073] [basic_sim]: MainLoop - Ellapsed: 0.000066s[0m
[basic_sim-13] [0m[INFO] [1791566536.288629787] [basic_sim]: MainLoop - Ellapsed: 0.000092s[0m
[basic_sim-13] [0m[INFO] [1791566536.308546587] [basic_sim]: MainLoop - Ellapsed: 0.000086s[0m
[basic_sim-13] [0m[INFO] [1791566536.328654718] [basic_sim]: MainLoop - Ellapsed: 0.000075s[0m
[basic_sim-13] [0m[INFO] [1791566536.348571247] [basic_sim]: MainLoop - Ellapsed: 0.000089s[0m
[basic_sim-13] [0m[INFO] [1791566536.368365736] [basic_sim]: MainLoop - Ellapsed: 0.000064s[0m
[basic_sim-13] [0m[INFO] [1791566536.388289109] [basic_sim]: MainLoop - Ellapsed: 0.000057s[0m
[basic_sim-13] [0m[INFO] [1791566536.408830396] [basic_sim]: MainLoop - Ellapsed: 0.000115s[0m
[basic_sim-13] [0m[INFO] [1791566536.429605273] [basic_sim]: MainLoop - Ellapsed: 0.000184s[0m
[basic_sim-13] [0m[INFO] [1791566536.448926779] [basic_sim]: MainLoop - Ellapsed: 0.000082s[0m
[basic_sim-13] [0m[INFO] [1791566536.468746645] [basic_sim]: MainLoop - Ellapsed: 0.000105s[0m
[basic_sim-13] [0m[INFO] [1791566536.488250416] [basic_sim]: MainLoop - Ellapsed: 0.000061s[0m
[basic_sim-13] [0m[INFO] [1791566536.508662497] [basic_sim]: MainLoop - Ellapsed: 0.000096s[0m
[basic_sim-13] [0m[INFO] [1791566536.528685022] [basic_sim]: MainLoop - Ellapsed: 0.000101s[0m
[basic_sim-13] [0m[INFO] [1791566536.548368743] [basic_sim]: MainLoop - Ellapsed: 0.000069s[0m
[basic_sim-13] [0m[INFO] [1791566536.569242883] [basic_sim]: MainLoop - Ellapsed: 0.000133s[0m
[basic_sim-13] [0m[INFO] [1791566536.588333918] [basic_sim]: MainLoop - Ellapsed: 0.000060s[0m
[basic_sim-13] [0m[INFO] [1791566536.608507087] [basic_sim]: MainLoop - Ellapsed: 0.000083s[0m
[basic_sim-13] [0m[INFO] [1791566536.628386822] [basic_sim]: MainLoop - Ellapsed: 0.000073s[0m
[basic_sim-13] [0m[INFO] [1791566536.648323225] [basic_sim]: MainLoop - Ellapsed: 0.000069s[0m
[basic_sim-13] [0m[INFO] [1791566536.668342779] [basic_sim]: MainLoop - Ellapsed: 0.000074s[0m
[basic_sim-13] [0m[INFO] [1791566536.688499774] [basic_sim]: MainLoop - Ellapsed: 0.000086s[0m
[basic_sim-13] [0m[INFO] [1791566536.708772943] [basic_sim]: MainLoop - Ellapsed: 0.000110s[0m
[basic_sim-13] [0m[INFO] [1791566536.729285292] [basic_sim]: MainLoop - Ellapsed: 0.000126s[0m
[basic_sim-13] [0m[INFO] [1791566536.748256352] [basic_sim]: MainLoop - Ellapsed: 0.000061s[0m
[basic_sim-13] [0m[INFO] [1791566536.768487938] [basic_sim]: MainLoop - Ellapsed: 0.000077s[0m
[basic_sim-13] [0m[INFO] [1791566536.788307569] [basic_sim]: MainLoop - Ellapsed: 0.000066s[0m
[basic_sim-13] [0m[INFO] [1791566536.808712597] [basic_sim]: MainLoop - Ellapsed: 0.000099s[0m
[basic_sim-13] [0m[INFO] [1791566536.828379683] [basic_sim]: MainLoop - Ellapsed: 0.000075s[0m
[basic_sim-13] [0m[INFO] [1791566536.848394732] [basic_sim]: MainLoop - Ellapsed: 0.000066s[0m
[basic_sim-13] [0m[INFO] [1791566536.868423816] [basic_sim]: MainLoop - Ellapsed: 0.000073s[0m
[basic_sim-13] [0m[INFO] [1791566536.888260235] [basic_sim]: MainLoop - Ellapsed: 0.000063s[0m
[basic_sim-13] [0m[INFO] [1791566536.908495873] [basic_sim]: MainLoop - Ellapsed: 0.000075s[0m
[basic_sim-13] [0m[INFO] [1791566536.928591594] [basic_sim]: MainLoop - Ellapsed: 0.000090s[0m
[basic_sim-13] [0m[INFO] [1791566536.948430345] [basic_sim]: MainLoop - Ellapsed: 0.000073s[0m
[basic_sim-13] [0m[INFO] [1791566536.968849530] [basic_sim]: MainLoop - Ellapsed: 0.000100s[0m
[basic_sim-13] [0m[INFO] [1791566536.988209310] [basic_sim]: MainLoop - Ellapsed: 0.000059s[0m
[basic_sim-13] [0m[INFO] [1791566537.008549514] [basic_sim]: MainLoop - Ellapsed: 0.000078s[0m
[basic_sim-13] [0m[INFO] [1791566537.028436912] [basic_sim]: MainLoop - Ellapsed: 0.000075s[0m
[basic_sim-13] [0m[INFO] [1791566537.048278741] [basic_sim]: MainLoop - Ellapsed: 0.000062s[0m
[basic_sim-13] [0m[INFO] [1791566537.068519965] [basic_sim]: MainLoop - Ellapsed: 0.000084s[0m
[basic_sim-13] [0m[INFO] [1791566537.088331313] [basic_sim]: MainLoop - Ellapsed: 0.000069s[0m
[basic_sim-13] [0m[INFO] [1791566537.108423619] [basic_sim]: MainLoop - Ellapsed: 0.000080s[0m
[basic_sim-13] [0m[INFO] [1791566537.128362302] [basic_sim]: MainLoop - Ellapsed: 0.000071s[0m
[basic_sim-13] [0m[INFO] [1791566537.148390491] [basic_sim]: MainLoop - Ellapsed: 0.000073s[0m
[basic_sim-13] [0m[INFO] [1791566537.168561083] [basic_sim]: MainLoop - Ellapsed: 0.000091s[0m
[basic_sim-13] [0m[INFO] [1791566537.188253172] [basic_sim]: MainLoop - Ellapsed: 0.000059s[0m
[basic_sim-13] [0m[INFO] [1791566537.208833437] [basic_sim]: MainLoop - Ellapsed: 0.000103s[0m
[basic_sim-13] [0m[INFO] [1791566537.228357060] [basic_sim]: MainLoop - Ellapsed: 0.000071s[0m
[basic_sim-13] [0m[INFO] [1791566537.248365680] [basic_sim]: MainLoop - Ellapsed: 0.000067s[0m
[basic_sim-13] [0m[INFO] [1791566537.268538289] [basic_sim]: MainLoop - Ellapsed: 0.000086s[0m
[basic_sim-13] [0m[INFO] [1791566537.288271253] [basic_sim]: MainLoop - Ellapsed: 0.000065s[0m
[basic_sim-13] [0m[INFO] [1791566537.308481447] [basic_sim]: MainLoop - Ellapsed: 0.000079s[0m
[basic_sim-13] [0m[INFO] [1791566537.328465216] [basic_sim]: MainLoop - Ellapsed: 0.000083s[0m
[basic_sim-13] [0m[INFO] [1791566537.348317131] [basic_sim]: MainLoop - Ellapsed: 0.000068s[0m
[basic_sim-13] [0m[INFO] [1791566537.368560605] [basic_sim]: MainLoop - Ellapsed: 0.000083s[0m
[basic_sim-13] [0m[INFO] [1791566537.388202133] [basic_sim]: MainLoop - Ellapsed: 0.000058s[0m
[basic_sim-13] [0m[INFO] [1791566537.408474313] [basic_sim]: MainLoop - Ellapsed: 0.000080s[0m
[basic_sim-13] [0m[INFO] [1791566537.428483736] [basic_sim]: MainLoop - Ellapsed: 0.000068s[0m
[basic_sim-13] [0m[INFO] [1791566537.448339416] [basic_sim]: MainLoop - Ellapsed: 0.000067s[0m
[basic_sim-13] [0m[INFO] [1791566537.468820087] [basic_sim]: MainLoop - Ellapsed: 0.000111s[0m
[basic_sim-13] [0m[INFO] [1791566537.488244452] [basic_sim]: MainLoop - Ellapsed: 0.000059s[0m
[basic_sim-13] [0m[INFO] [1791566537.508517027] [basic_sim]: MainLoop - Ellapsed: 0.000089s[0m
[basic_sim-13] [0m[INFO] [1791566537.528410682] [basic_sim]: MainLoop - Ellapsed: 0.000079s[0m
[basic_sim-13] [0m[INFO] [1791566537.548399434] [basic_sim]: MainLoop - Ellapsed: 0.000072s[0m
[basic_sim-13] [0m[INFO] [1791566537.568922447] [basic_sim]: MainLoop - Ellapsed: 0.000088s[0m
[basic_sim-13] [0m[INFO] [1791566537.588226253] [basic_sim]: MainLoop - Ellapsed: 0.000056s[0m
[basic_sim-13] [0m[INFO] [1791566537.608922256] [basic_sim]: MainLoop - Ellapsed: 0.000114s[0m
[basic_sim-13] [0m[INFO] [1791566537.629226417] [basic_sim]: MainLoop - Ellapsed: 0.000146s[0m
[basic_sim-13] [0m[INFO] [1791566537.648436310] [basic_sim]: MainLoop - Ellapsed: 0.000075s[0m
[basic_sim-13] [0m[INFO] [1791566537.668466590] [basic_sim]: MainLoop - Ellapsed: 0.000064s[0m
[basic_sim-13] [0m[INFO] [1791566537.688050162] [basic_sim]: MainLoop - Ellapsed: 0.000043s[0m
[basic_sim-13] [0m[INFO] [1791566537.708681231] [basic_sim]: MainLoop - Ellapsed: 0.000101s[0m
[basic_sim-13] [0m[INFO] [1791566537.728940932] [basic_sim]: MainLoop - Ellapsed: 0.000118s[0m
[basic_sim-13] [0m[INFO] [1791566537.748754056] [basic_sim]: MainLoop - Ellapsed: 0.000102s[0m
[basic_sim-13] [0m[INFO] [1791566537.768948356] [basic_sim]: MainLoop - Ellapsed: 0.000101s[0m
[basic_sim-13] [0m[INFO] [1791566537.788481203] [basic_sim]: MainLoop - Ellapsed: 0.000070s[0m
[basic_sim-13] [0m[INFO] [1791566537.808301590] [basic_sim]: MainLoop - Ellapsed: 0.000068s[0m
[basic_sim-13] [0m[INFO] [1791566537.829101878] [basic_sim]: MainLoop - Ellapsed: 0.000122s[0m
[basic_sim-13] [0m[INFO] [1791566537.848886790] [basic_sim]: MainLoop - Ellapsed: 0.000117s[0m
[basic_sim-13] [0m[INFO] [1791566537.869029928] [basic_sim]: MainLoop - Ellapsed: 0.000112s[0m
[basic_sim-13] [0m[INFO] [1791566537.888154758] [basic_sim]: MainLoop - Ellapsed: 0.000050s[0m
[basic_sim-13] [0m[INFO] [1791566537.908433371] [basic_sim]: MainLoop - Ellapsed: 0.000080s[0m
[basic_sim-13] [0m[INFO] [1791566537.928262853] [basic_sim]: MainLoop - Ellapsed: 0.000062s[0m
[basic_sim-13] [0m[INFO] [1791566537.948546796] [basic_sim]: MainLoop - Ellapsed: 0.000082s[0m
[basic_sim-13] [0m[INFO] [1791566537.968749848] [basic_sim]: MainLoop - Ellapsed: 0.000106s[0m
[basic_sim-13] [0m[INFO] [1791566537.988174197] [basic_sim]: MainLoop - Ellapsed: 0.000053s[0m
[basic_sim-13] [0m[INFO] [1791566538.009175900] [basic_sim]: MainLoop - Ellapsed: 0.000139s[0m
[basic_sim-13] [0m[INFO] [1791566538.028845595] [basic_sim]: MainLoop - Ellapsed: 0.000104s[0m
[basic_sim-13] [0m[INFO] [1791566538.048253037] [basic_sim]: MainLoop - Ellapsed: 0.000052s[0m
[basic_sim-13] [0m[INFO] [1791566538.068368968] [basic_sim]: MainLoop - Ellapsed: 0.000067s[0m
[basic_sim-13] [0m[INFO] [1791566538.088271359] [basic_sim]: MainLoop - Ellapsed: 0.000061s[0m
[basic_sim-13] [0m[INFO] [1791566538.108938378] [basic_sim]: MainLoop - Ellapsed: 0.000125s[0m
[basic_sim-13] [0m[INFO] [1791566538.128473218] [basic_sim]: MainLoop - Ellapsed: 0.000073s[0m
[basic_sim-13] [0m[INFO] [1791566538.148425116] [basic_sim]: MainLoop - Ellapsed: 0.000068s[0m
[basic_sim-13] [0m[INFO] [1791566538.168387101] [basic_sim]: MainLoop - Ellapsed: 0.000073s[0m
[basic_sim-13] [0m[INFO] [1791566538.188258005] [basic_sim]: MainLoop - Ellapsed: 0.000062s[0m
[basic_sim-13] [0m[INFO] [1791566538.208391494] [basic_sim]: MainLoop - Ellapsed: 0.000074s[0m
[basic_sim-13] [0m[INFO] [1791566538.228376088] [basic_sim]: MainLoop - Ellapsed: 0.000068s[0m
[basic_sim-13] [0m[INFO] [1791566538.248153712] [basic_sim]: MainLoop - Ellapsed: 0.000051s[0m
[basic_sim-13] [0m[INFO] [1791566538.268859957] [basic_sim]: MainLoop - Ellapsed: 0.000117s[0m
[basic_sim-13] [0m[INFO] [1791566538.288298063] [basic_sim]: MainLoop - Ellapsed: 0.000062s[0m
[basic_sim-13] [0m[INFO] [1791566538.308420582] [basic_sim]: MainLoop - Ellapsed: 0.000076s[0m
[basic_sim-13] [0m[INFO] [1791566538.328490777] [basic_sim]: MainLoop - Ellapsed: 0.000073s[0m
[basic_sim-13] [0m[INFO] [1791566538.348443700] [basic_sim]: MainLoop - Ellapsed: 0.000082s[0m
[basic_sim-13] [0m[INFO] [1791566538.368346347] [basic_sim]: MainLoop - Ellapsed: 0.000066s[0m
[basic_sim-13] [0m[INFO] [1791566538.388470484] [basic_sim]: MainLoop - Ellapsed: 0.000076s[0m
[basic_sim-13] [0m[INFO] [1791566538.408727826] [basic_sim]: MainLoop - Ellapsed: 0.000090s[0m
[basic_sim-13] [0m[INFO] [1791566538.428632003] [basic_sim]: MainLoop - Ellapsed: 0.000081s[0m
[basic_sim-13] [0m[INFO] [1791566538.448163387] [basic_sim]: MainLoop - Ellapsed: 0.000052s[0m
[basic_sim-13] [0m[INFO] [1791566538.468570081] [basic_sim]: MainLoop - Ellapsed: 0.000081s[0m
[basic_sim-13] [0m[INFO] [1791566538.488356106] [basic_sim]: MainLoop - Ellapsed: 0.000060s[0m
[basic_sim-13] [0m[INFO] [1791566538.508281536] [basic_sim]: MainLoop - Ellapsed: 0.000069s[0m
[basic_sim-13] [0m[INFO] [1791566538.528456555] [basic_sim]: MainLoop - Ellapsed: 0.000073s[0m
[basic_sim-13] [0m[INFO] [1791566538.548312064] [basic_sim]: MainLoop - Ellapsed: 0.000053s[0m
[basic_sim-13] [0m[INFO] [1791566538.568565283] [basic_sim]: MainLoop - Ellapsed: 0.000090s[0m
[basic_sim-13] [0m[INFO] [1791566538.588224429] [basic_sim]: MainLoop - Ellapsed: 0.000053s[0m
[basic_sim-13] [0m[INFO] [1791566538.608365606] [basic_sim]: MainLoop - Ellapsed: 0.000066s[0m
[basic_sim-13] [0m[INFO] [1791566538.628259055] [basic_sim]: MainLoop - Ellapsed: 0.000063s[0m
[basic_sim-13] [0m[INFO] [1791566538.648374931] [basic_sim]: MainLoop - Ellapsed: 0.000068s[0m
[basic_sim-13] [0m[INFO] [1791566538.668663320] [basic_sim]: MainLoop - Ellapsed: 0.000102s[0m
[basic_sim-13] [0m[INFO] [1791566538.688192437] [basic_sim]: MainLoop - Ellapsed: 0.000052s[0m
[basic_sim-13] [0m[INFO] [1791566538.708526547] [basic_sim]: MainLoop - Ellapsed: 0.000084s[0m
[basic_sim-13] [0m[INFO] [1791566538.728400995] [basic_sim]: MainLoop - Ellapsed: 0.000077s[0m
[basic_sim-13] [0m[INFO] [1791566538.748287129] [basic_sim]: MainLoop - Ellapsed: 0.000062s[0m
[basic_sim-13] [0m[INFO] [1791566538.769164026] [basic_sim]: MainLoop - Ellapsed: 0.000123s[0m
[basic_sim-13] [0m[INFO] [1791566538.790664139] [basic_sim]: MainLoop - Ellapsed: 0.000217s[0m
[basic_sim-13] [0m[INFO] [1791566538.808514035] [basic_sim]: MainLoop - Ellapsed: 0.000063s[0m
[basic_sim-13] [0m[INFO] [1791566538.828439341] [basic_sim]: MainLoop - Ellapsed: 0.000072s[0m
[basic_sim-13] [0m[INFO] [1791566538.849575506] [basic_sim]: MainLoop - Ellapsed: 0.000101s[0m
[basic_sim-13] [0m[INFO] [1791566538.870683881] [basic_sim]: MainLoop - Ellapsed: 0.000278s[0m
[basic_sim-13] [0m[INFO] [1791566538.888355963] [basic_sim]: MainLoop - Ellapsed: 0.000064s[0m
[basic_sim-13] [0m[INFO] [1791566538.908421452] [basic_sim]: MainLoop - Ellapsed: 0.000068s[0m
[basic_sim-13] [0m[INFO] [1791566538.928443712] [basic_sim]: MainLoop - Ellapsed: 0.000077s[0m
[basic_sim-13] [0m[INFO] [1791566538.948404091] [basic_sim]: MainLoop - Ellapsed: 0.000075s[0m
[basic_sim-13] [0m[INFO] [1791566538.968575524] [basic_sim]: MainLoop - Ellapsed: 0.000074s[0m
[basic_sim-13] [0m[INFO] [1791566538.988085199] [basic_sim]: MainLoop - Ellapsed: 0.000047s[0m
[basic_sim-13] [0m[INFO] [1791566539.008552168] [basic_sim]: MainLoop - Ellapsed: 0.000079s[0m
[basic_sim-13] [0m[INFO] [1791566539.028819947] [basic_sim]: MainLoop - Ellapsed: 0.000109s[0m
[basic_sim-13] [0m[INFO] [1791566539.048516383] [basic_sim]: MainLoop - Ellapsed: 0.000075s[0m
[basic_sim-13] [0m[INFO] [1791566539.068372045] [basic_sim]: MainLoop - Ellapsed: 0.000065s[0m
[basic_sim-13] [0m[INFO] [1791566539.088279414] [basic_sim]: MainLoop - Ellapsed: 0.000065s[0m
[basic_sim-13] [0m[INFO] [1791566539.108508294] [basic_sim]: MainLoop - Ellapsed: 0.000081s[0m
[basic_sim-13] [0m[INFO] [1791566539.128567972] [basic_sim]: MainLoop - Ellapsed: 0.000087s[0m
[basic_sim-13] [0m[INFO] [1791566539.148396057] [basic_sim]: MainLoop - Ellapsed: 0.000068s[0m
[basic_sim-13] [0m[INFO] [1791566539.168607417] [basic_sim]: MainLoop - Ellapsed: 0.000088s[0m
[basic_sim-13] [0m[INFO] [1791566539.188283324] [basic_sim]: MainLoop - Ellapsed: 0.000063s[0m
[basic_sim-13] [0m[INFO] [1791566539.208570733] [basic_sim]: MainLoop - Ellapsed: 0.000089s[0m
[basic_sim-13] [0m[INFO] [1791566539.228400068] [basic_sim]: MainLoop - Ellapsed: 0.000075s[0m
[basic_sim-13] [0m[INFO] [1791566539.248432605] [basic_sim]: MainLoop - Ellapsed: 0.000075s[0m
[basic_sim-13] [0m[INFO] [1791566539.268368502] [basic_sim]: MainLoop - Ellapsed: 0.000071s[0m
[basic_sim-13] [0m[INFO] [1791566539.288299763] [basic_sim]: MainLoop - Ellapsed: 0.000067s[0m
[basic_sim-13] [0m[INFO] [1791566539.308586750] [basic_sim]: MainLoop - Ellapsed: 0.000096s[0m
[basic_sim-13] [0m[INFO] [1791566539.328401064] [basic_sim]: MainLoop - Ellapsed: 0.000078s[0m
[basic_sim-13] [0m[INFO] [1791566539.348291791] [basic_sim]: MainLoop - Ellapsed: 0.000064s[0m
[basic_sim-13] [0m[INFO] [1791566539.368347857] [basic_sim]: MainLoop - Ellapsed: 0.000072s[0m
[basic_sim-13] [0m[INFO] [1791566539.388269351] [basic_sim]: MainLoop - Ellapsed: 0.000065s[0m
[basic_sim-13] [0m[INFO] [1791566539.408544310] [basic_sim]: MainLoop - Ellapsed: 0.000079s[0m
[basic_sim-13] [0m[INFO] [1791566539.428439876] [basic_sim]: MainLoop - Ellapsed: 0.000074s[0m
[basic_sim-13] [0m[INFO] [1791566539.448749398] [basic_sim]: MainLoop - Ellapsed: 0.000106s[0m
[basic_sim-13] [0m[INFO] [1791566539.469113270] [basic_sim]: MainLoop - Ellapsed: 0.000142s[0m
[basic_sim-13] [0m[INFO] [1791566539.488291080] [basic_sim]: MainLoop - Ellapsed: 0.000061s[0m
[basic_sim-13] [0m[INFO] [1791566539.508513069] [basic_sim]: MainLoop - Ellapsed: 0.000074s[0m
[basic_sim-13] [0m[INFO] [1791566539.528415343] [basic_sim]: MainLoop - Ellapsed: 0.000057s[0m
[basic_sim-13] [0m[INFO] [1791566539.548301386] [basic_sim]: MainLoop - Ellapsed: 0.000058s[0m
[basic_sim-13] [0m[INFO] [1791566539.568388775] [basic_sim]: MainLoop - Ellapsed: 0.000075s[0m
[basic_sim-13] [0m[INFO] [1791566539.588578301] [basic_sim]: MainLoop - Ellapsed: 0.000092s[0m
[basic_sim-13] [0m[INFO] [1791566539.608578752] [basic_sim]: MainLoop - Ellapsed: 0.000087s[0m
[basic_sim-13] [0m[INFO] [1791566539.628323628] [basic_sim]: MainLoop - Ellapsed: 0.000064s[0m
[basic_sim-13] [0m[INFO] [1791566539.648430339] [basic_sim]: MainLoop - Ellapsed: 0.000078s[0m
[basic_sim-13] [0m[INFO] [1791566539.668357858] [basic_sim]: MainLoop - Ellapsed: 0.000069s[0m
[basic_sim-13] [0m[INFO] [1791566539.688229676] [basic_sim]: MainLoop - Ellapsed: 0.000060s[0m
[basic_sim-13] [0m[INFO] [1791566539.708372919] [basic_sim]: MainLoop - Ellapsed: 0.000074s[0m
[basic_sim-13] [0m[INFO] [1791566539.728608683] [basic_sim]: MainLoop - Ellapsed: 0.000085s[0m
[basic_sim-13] [0m[INFO] [1791566539.748236326] [basic_sim]: MainLoop - Ellapsed: 0.000058s[0m
[basic_sim-13] [0m[INFO] [1791566539.768352888] [basic_sim]: MainLoop - Ellapsed: 0.000069s[0m
[basic_sim-13] [0m[INFO] [1791566539.788409483] [basic_sim]: MainLoop - Ellapsed: 0.000070s[0m
[basic_sim-13] [0m[INFO] [1791566539.808690049] [basic_sim]: MainLoop - Ellapsed: 0.000100s[0m
[basic_sim-13] [0m[INFO] [1791566539.829060425] [basic_sim]: MainLoop - Ellapsed: 0.000123s[0m
[basic_sim-13] [0m[INFO] [1791566539.848701582] [basic_sim]: MainLoop - Ellapsed: 0.000097s[0m
[basic_sim-13] [0m[INFO] [1791566539.868277473] [basic_sim]: MainLoop - Ellapsed: 0.000048s[0m
[basic_sim-13] [0m[INFO] [1791566539.888148478] [basic_sim]: MainLoop - Ellapsed: 0.000048s[0m
[basic_sim-13] [0m[INFO] [1791566539.908495132] [basic_sim]: MainLoop - Ellapsed: 0.000083s[0m
[basic_sim-13] [0m[INFO] [1791566539.929405811] [basic_sim]: MainLoop - Ellapsed: 0.000125s[0m
[basic_sim-13] [0m[INFO] [1791566539.949158200] [basic_sim]: MainLoop - Ellapsed: 0.000136s[0m
[basic_sim-13] [0m[INFO] [1791566539.968586263] [basic_sim]: MainLoop - Ellapsed: 0.000092s[0m
[basic_sim-13] [0m[INFO] [1791566539.988391834] [basic_sim]: MainLoop - Ellapsed: 0.000076s[0m
[basic_sim-13] [0m[INFO] [1791566540.008543118] [basic_sim]: MainLoop - Ellapsed: 0.000081s[0m
[basic_sim-13] [0m[INFO] [1791566540.028417960] [basic_sim]: MainLoop - Ellapsed: 0.000074s[0m
[basic_sim-13] [0m[INFO] [1791566540.048188743] [basic_sim]: MainLoop - Ellapsed: 0.000051s[0m
[basic_sim-13] [0m[INFO] [1791566540.068236540] [basic_sim]: MainLoop - Ellapsed: 0.000058s[0m
[basic_sim-13] [0m[INFO] [1791566540.088355371] [basic_sim]: MainLoop - Ellapsed: 0.000067s[0m
[basic_sim-13] [0m[INFO] [1791566540.108459856] [basic_sim]: MainLoop - Ellapsed: 0.000080s[0m
[basic_sim-13] [0m[INFO] [1791566540.128434481] [basic_sim]: MainLoop - Ellapsed: 0.000076s[0m
[basic_sim-13] [0m[INFO] [1791566540.148848148] [basic_sim]: MainLoop - Ellapsed: 0.000102s[0m
[basic_sim-13] [0m[INFO] [1791566540.168232311] [basic_sim]: MainLoop - Ellapsed: 0.000058s[0m
[basic_sim-13] [0m[INFO] [1791566540.188279855] [basic_sim]: MainLoop - Ellapsed: 0.000057s[0m
[basic_sim-13] [0m[INFO] [1791566540.209204671] [basic_sim]: MainLoop - Ellapsed: 0.000147s[0m
[basic_sim-13] [0m[INFO] [1791566540.229291171] [basic_sim]: MainLoop - Ellapsed: 0.000145s[0m
[basic_sim-13] [0m[INFO] [1791566540.249323121] [basic_sim]: MainLoop - Ellapsed: 0.000131s[0m
[basic_sim-13] [0m[INFO] [1791566540.268588629] [basic_sim]: MainLoop - Ellapsed: 0.000087s[0m
[basic_sim-13] [0m[INFO] [1791566540.288495473] [basic_sim]: MainLoop - Ellapsed: 0.000077s[0m
[basic_sim-13] [0m[INFO] [1791566540.308369265] [basic_sim]: MainLoop - Ellapsed: 0.000069s[0m
[basic_sim-13] [0m[INFO] [1791566540.328198379] [basic_sim]: MainLoop - Ellapsed: 0.000056s[0m
[basic_sim-13] [0m[INFO] [1791566540.348485297] [basic_sim]: MainLoop - Ellapsed: 0.000080s[0m
[basic_sim-13] [0m[INFO] [1791566540.368619403] [basic_sim]: MainLoop - Ellapsed: 0.000084s[0m
[basic_sim-13] [0m[INFO] [1791566540.388509437] [basic_sim]: MainLoop - Ellapsed: 0.000081s[0m
[basic_sim-13] [0m[INFO] [1791566540.408532531] [basic_sim]: MainLoop - Ellapsed: 0.000084s[0m
[basic_sim-13] [0m[INFO] [1791566540.428433670] [basic_sim]: MainLoop - Ellapsed: 0.000080s[0m
[basic_sim-13] [0m[INFO] [1791566540.448435315] [basic_sim]: MainLoop - Ellapsed: 0.000079s[0m
[basic_sim-13] [0m[INFO] [1791566540.468316844] [basic_sim]: MainLoop - Ellapsed: 0.000067s[0m
[basic_sim-13] [0m[INFO] [1791566540.488522719] [basic_sim]: MainLoop - Ellapsed: 0.000076s[0m
[basic_sim-13] [0m[INFO] [1791566540.508996101] [basic_sim]: MainLoop - Ellapsed: 0.000127s[0m
[basic_sim-13] [0m[INFO] [1791566540.528623006] [basic_sim]: MainLoop - Ellapsed: 0.000095s[0m
[basic_sim-13] [0m[INFO] [1791566540.549057062] [basic_sim]: MainLoop - Ellapsed: 0.000127s[0m
[basic_sim-13] [0m[INFO] [1791566540.568660024] [basic_sim]: MainLoop - Ellapsed: 0.000100s[0m
[basic_sim-13] [0m[INFO] [1791566540.588652394] [basic_sim]: MainLoop - Ellapsed: 0.000080s[0m
[basic_sim-13] [0m[INFO] [1791566540.608813367] [basic_sim]: MainLoop - Ellapsed: 0.000112s[0m
[basic_sim-13] [0m[INFO] [1791566540.628759136] [basic_sim]: MainLoop - Ellapsed: 0.000099s[0m
[basic_sim-13] [0m[INFO] [1791566540.648418244] [basic_sim]: MainLoop - Ellapsed: 0.000073s[0m
[basic_sim-13] [0m[INFO] [1791566540.668455982] [basic_sim]: MainLoop - Ellapsed: 0.000073s[0m
[gsl_actionserver_node-14] [0m[INFO] [1791566540.677661590] [GSL - Trace]: [32mEntering StopAndMeasure[0m[0m
[basic_sim-13] [0m[INFO] [1791566540.688493721] [basic_sim]: MainLoop - Ellapsed: 0.000071s[0m
[basic_sim-13] [0m[INFO] [1791566540.708382399] [basic_sim]: MainLoop - Ellapsed: 0.000074s[0m
[basic_sim-13] [0m[INFO] [1791566540.728844958] [basic_sim]: MainLoop - Ellapsed: 0.000112s[0m
[basic_sim-13] [0m[INFO] [1791566540.748770252] [basic_sim]: MainLoop - Ellapsed: 0.000102s[0m
[basic_sim-13] [0m[INFO] [1791566540.769483214] [basic_sim]: MainLoop - Ellapsed: 0.000165s[0m
[gsl_actionserver_node-14] [0m[INFO] [1791566540.777717182] [GSL]: 1 gas measurements, 2 wind measurements over 0.50 seconds[0m
[gsl_actionserver_node-14] [0m[INFO] [1791566540.777759411] [GSL]: avg_gas=0.19;  avg_windSpeed=0.0041;  avg_wind_dir=2.8[0m
[gsl_actionserver_node-14] [0m[INFO] [1791566540.778518340] [GSL]: [33mGAS HIT[0m[0m
[basic_sim-13] [0m[INFO] [1791566540.788302122] [basic_sim]: MainLoop - Ellapsed: 0.000064s[0m
[gsl_actionserver_node-14] [0m[INFO] [1791566540.797760890] [GSL - Trace]: [32mEntering StopAndMeasure[0m[0m
[basic_sim-13] [0m[INFO] [1791566540.808471539] [basic_sim]: MainLoop - Ellapsed: 0.000076s[0m
[basic_sim-13] [0m[INFO] [1791566540.828551029] [basic_sim]: MainLoop - Ellapsed: 0.000078s[0m
[basic_sim-13] [0m[INFO] [1791566540.848656990] [basic_sim]: MainLoop - Ellapsed: 0.000095s[0m
[basic_sim-13] [0m[INFO] [1791566540.868600748] [basic_sim]: MainLoop - Ellapsed: 0.000094s[0m
[gsl_actionserver_node-14] [0m[INFO] [1791566540.877652886] [GSL]: 1 gas measurements, 1 wind measurements over 0.40 seconds[0m
[gsl_actionserver_node-14] [0m[INFO] [1791566540.877695231] [GSL]: avg_gas=0.19;  avg_windSpeed=0.0055;  avg_wind_dir=2.5[0m
[gsl_actionserver_node-14] [0m[INFO] [1791566540.878446909] [GSL]: [33mGAS HIT[0m[0m
[basic_sim-13] [0m[INFO] [1791566540.888428574] [basic_sim]: MainLoop - Ellapsed: 0.000079s[0m
[gsl_actionserver_node-14] [0m[INFO] [1791566540.897747183] [GSL - Trace]: [32mEntering StopAndMeasure[0m[0m
[basic_sim-13] [0m[INFO] [1791566540.908275684] [basic_sim]: MainLoop - Ellapsed: 0.000067s[0m
[basic_sim-13] [0m[INFO] [1791566540.928581893] [basic_sim]: MainLoop - Ellapsed: 0.000077s[0m
[basic_sim-13] [0m[INFO] [1791566540.948554762] [basic_sim]: MainLoop - Ellapsed: 0.000087s[0m
[basic_sim-13] [0m[INFO] [1791566540.968394721] [basic_sim]: MainLoop - Ellapsed: 0.000068s[0m
[gsl_actionserver_node-14] [0m[INFO] [1791566540.977658374] [GSL]: 1 gas measurements, 1 wind measurements over 0.40 seconds[0m
[gsl_actionserver_node-14] [0m[INFO] [1791566540.977702988] [GSL]: avg_gas=0.18;  avg_windSpeed=0.024;  avg_wind_dir=2.8[0m
[gsl_actionserver_node-14] [0m[INFO] [1791566540.978422418] [GSL]: [33mGAS HIT[0m[0m
[basic_sim-13] [0m[INFO] [1791566540.988612801] [basic_sim]: MainLoop - Ellapsed: 0.000087s[0m
[gsl_actionserver_node-14] [0m[INFO] [1791566540.997817075] [GSL - Trace]: [32mEntering StopAndMeasure[0m[0m
[basic_sim-13] [0m[INFO] [1791566541.008379702] [basic_sim]: MainLoop - Ellapsed: 0.000067s[0m
[basic_sim-13] [0m[INFO] [1791566541.028453792] [basic_sim]: MainLoop - Ellapsed: 0.000080s[0m
[basic_sim-13] [0m[INFO] [1791566541.048423017] [basic_sim]: MainLoop - Ellapsed: 0.000082s[0m
[basic_sim-13] [0m[INFO] [1791566541.068473818] [basic_sim]: MainLoop - Ellapsed: 0.000074s[0m
[basic_sim-13] [0m[INFO] [1791566541.088609995] [basic_sim]: MainLoop - Ellapsed: 0.000089s[0m
[basic_sim-13] [0m[INFO] [1791566541.108369859] [basic_sim]: MainLoop - Ellapsed: 0.000073s[0m
[gsl_actionserver_node-14] [0m[INFO] [1791566541.127634004] [GSL]: 1 gas measurements, 2 wind measurements over 0.60 seconds[0m
[gsl_actionserver_node-14] [0m[INFO] [1791566541.127678222] [GSL]: avg_gas=0.18;  avg_windSpeed=0.028;  avg_wind_dir=2.4[0m
[basic_sim-13] [0m[INFO] [1791566541.128316762] [basic_sim]: MainLoop - Ellapsed: 0.000064s[0m
[gsl_actionserver_node-14] [0m[INFO] [1791566541.128386004] [GSL]: [33mGAS HIT[0m[0m
[gsl_actionserver_node-14] [0m[INFO] [1791566541.147152271] [GSL - Trace]: [32mEntering StopAndMeasure[0m[0m
[basic_sim-13] [0m[INFO] [1791566541.148409526] [basic_sim]: MainLoop - Ellapsed: 0.000073s[0m
[basic_sim-13] [0m[INFO] [1791566541.168376810] [basic_sim]: MainLoop - Ellapsed: 0.000069s[0m
[basic_sim-13] [0m[INFO] [1791566541.188407013] [basic_sim]: MainLoop - Ellapsed: 0.000071s[0m
[basic_sim-13] [0m[INFO] [1791566541.208577366] [basic_sim]: MainLoop - Ellapsed: 0.000095s[0m
[basic_sim-13] [0m[INFO] [1791566541.228408001] [basic_sim]: MainLoop - Ellapsed: 0.000078s[0m
[basic_sim-13] [0m[INFO] [1791566541.248402789] [basic_sim]: MainLoop - Ellapsed: 0.000078s[0m
[basic_sim-13] [0m[INFO] [1791566541.268598805] [basic_sim]: MainLoop - Ellapsed: 0.000088s[0m
[gsl_actionserver_node-14] [0m[INFO] [1791566541.277674400] [GSL]: 2 gas measurements, 2 wind measurements over 0.70 seconds[0m
[gsl_actionserver_node-14] [0m[INFO] [1791566541.277717398] [GSL]: avg_gas=0.17;  avg_windSpeed=0.015;  avg_wind_dir=2.3[0m
[gsl_actionserver_node-14] [0m[INFO] [1791566541.278441771] [GSL]: [33mGAS HIT[0m[0m
[basic_sim-13] [0m[INFO] [1791566541.288437632] [basic_sim]: MainLoop - Ellapsed: 0.000083s[0m
[gsl_actionserver_node-14] [0m[INFO] [1791566541.297994632] [GSL]: Max mutual info: 6.250[0m
[gsl_actionserver_node-14] [0m[INFO] [1791566541.298122502] [GSL]: MutualInformation - Ellapsed: 0.000s[0m
[basic_sim-13] [0m[INFO] [1791566541.308254039] [basic_sim]: MainLoop - Ellapsed: 0.000064s[0m
[gsl_actionserver_node-14] [0m[INFO] [1791566541.316038796] [GSL]: Sending goal (-0.27, 2.17)[0m
[gsl_actionserver_node-14] [0m[INFO] [1791566541.316671307] [GSL]: Variance: 11.94[0m
[gsl_actionserver_node-14] [0m[INFO] [1791566541.316705962] [GSL - Trace]: [32mEntering Moving[0m[0m
[basic_sim-13] [0m[INFO] [1791566541.328457180] [basic_sim]: MainLoop - Ellapsed: 0.000076s[0m
[basic_sim-13] [0m[INFO] [1791566541.348484365] [basic_sim]: MainLoop - Ellapsed: 0.000082s[0m
[basic_sim-13] [0m[INFO] [1791566541.369328681] [basic_sim]: MainLoop - Ellapsed: 0.000132s[0m
[basic_sim-13] [0m[INFO] [1791566541.388831971] [basic_sim]: MainLoop - Ellapsed: 0.000109s[0m
[basic_sim-13] [0m[INFO] [1791566541.408791799] [basic_sim]: MainLoop - Ellapsed: 0.000098s[0m
[basic_sim-13] [0m[INFO] [1791566541.428952954] [basic_sim]: MainLoop - Ellapsed: 0.000123s[0m
[basic_sim-13] [0m[INFO] [1791566541.448731875] [basic_sim]: MainLoop - Ellapsed: 0.000104s[0m
[basic_sim-13] [0m[INFO] [1791566541.468970573] [basic_sim]: MainLoop - Ellapsed: 0.000119s[0m
[basic_sim-13] [0m[INFO] [1791566541.488590534] [basic_sim]: MainLoop - Ellapsed: 0.000089s[0m
[basic_sim-13] [0m[INFO] [1791566541.508235915] [basic_sim]: MainLoop - Ellapsed: 0.000062s[0m
[basic_sim-13] [0m[INFO] [1791566541.528378357] [basic_sim]: MainLoop - Ellapsed: 0.000073s[0m
[basic_sim-13] [0m[INFO] [1791566541.548613116] [basic_sim]: MainLoop - Ellapsed: 0.000087s[0m
[basic_sim-13] [0m[INFO] [1791566541.568595110] [basic_sim]: MainLoop - Ellapsed: 0.000090s[0m
[basic_sim-13] [0m[INFO] [1791566541.588496340] [basic_sim]: MainLoop - Ellapsed: 0.000084s[0m
[basic_sim-13] [0m[INFO] [1791566541.608635169] [basic_sim]: MainLoop - Ellapsed: 0.000089s[0m
[basic_sim-13] [0m[INFO] [1791566541.628735133] [basic_sim]: MainLoop - Ellapsed: 0.000095s[0m
[basic_sim-13] [0m[INFO] [1791566541.648251406] [basic_sim]: MainLoop - Ellapsed: 0.000061s[0m
[basic_sim-13] [0m[INFO] [1791566541.668471166] [basic_sim]: MainLoop - Ellapsed: 0.000080s[0m
[basic_sim-13] [0m[INFO] [1791566541.688276199] [basic_sim]: MainLoop - Ellapsed: 0.000064s[0m
[basic_sim-13] [0m[INFO] [1791566541.708311373] [basic_sim]: MainLoop - Ellapsed: 0.000056s[0m
[basic_sim-13] [0m[INFO] [1791566541.728307310] [basic_sim]: MainLoop - Ellapsed: 0.000068s[0m
[basic_sim-13] [0m[INFO] [1791566541.748255695] [basic_sim]: MainLoop - Ellapsed: 0.000063s[0m
[basic_sim-13] [0m[INFO] [1791566541.768413778] [basic_sim]: MainLoop - Ellapsed: 0.000063s[0m
[basic_sim-13] [0m[INFO] [1791566541.788302276] [basic_sim]: MainLoop - Ellapsed: 0.000062s[0m
[basic_sim-13] [0m[INFO] [1791566541.808171266] [basic_sim]: MainLoop - Ellapsed: 0.000051s[0m
[basic_sim-13] [0m[INFO] [1791566541.828646863] [basic_sim]: MainLoop - Ellapsed: 0.000093s[0m
[basic_sim-13] [0m[INFO] [1791566541.848518554] [basic_sim]: MainLoop - Ellapsed: 0.000085s[0m
[basic_sim-13] [0m[INFO] [1791566541.868673187] [basic_sim]: MainLoop - Ellapsed: 0.000103s[0m
[basic_sim-13] [0m[INFO] [1791566541.888369157] [basic_sim]: MainLoop - Ellapsed: 0.000072s[0m
[basic_sim-13] [0m[INFO] [1791566541.908976456] [basic_sim]: MainLoop - Ellapsed: 0.000106s[0m
[basic_sim-13] [0m[INFO] [1791566541.928841298] [basic_sim]: MainLoop - Ellapsed: 0.000105s[0m
[basic_sim-13] [0m[INFO] [1791566541.948581972] [basic_sim]: MainLoop - Ellapsed: 0.000083s[0m
[basic_sim-13] [0m[INFO] [1791566541.968346107] [basic_sim]: MainLoop - Ellapsed: 0.000066s[0m
[basic_sim-13] [0m[INFO] [1791566541.988411946] [basic_sim]: MainLoop - Ellapsed: 0.000072s[0m
[basic_sim-13] [0m[INFO] [1791566542.008223971] [basic_sim]: MainLoop - Ellapsed: 0.000058s[0m
[basic_sim-13] [0m[INFO] [1791566542.028320326] [basic_sim]: MainLoop - Ellapsed: 0.000070s[0m
[basic_sim-13] [0m[INFO] [1791566542.048269007] [basic_sim]: MainLoop - Ellapsed: 0.000060s[0m
[basic_sim-13] [0m[INFO] [1791566542.068413483] [basic_sim]: MainLoop - Ellapsed: 0.000075s[0m
[basic_sim-13] [0m[INFO] [1791566542.088327394] [basic_sim]: MainLoop - Ellapsed: 0.000069s[0m
[basic_sim-13] [0m[INFO] [1791566542.108223691] [basic_sim]: MainLoop - Ellapsed: 0.000058s[0m
[basic_sim-13] [0m[INFO] [1791566542.128369211] [basic_sim]: MainLoop - Ellapsed: 0.000072s[0m
[basic_sim-13] [0m[INFO] [1791566542.148218646] [basic_sim]: MainLoop - Ellapsed: 0.000058s[0m
[basic_sim-13] [0m[INFO] [1791566542.168394667] [basic_sim]: MainLoop - Ellapsed: 0.000075s[0m
[basic_sim-13] [0m[INFO] [1791566542.188264733] [basic_sim]: MainLoop - Ellapsed: 0.000066s[0m
[basic_sim-13] [0m[INFO] [1791566542.208173197] [basic_sim]: MainLoop - Ellapsed: 0.000054s[0m
[basic_sim-13] [0m[INFO] [1791566542.228468369] [basic_sim]: MainLoop - Ellapsed: 0.000079s[0m
[basic_sim-13] [0m[INFO] [1791566542.248213277] [basic_sim]: MainLoop - Ellapsed: 0.000058s[0m
[basic_sim-13] [0m[INFO] [1791566542.268362164] [basic_sim]: MainLoop - Ellapsed: 0.000065s[0m
[basic_sim-13] [0m[INFO] [1791566542.288279437] [basic_sim]: MainLoop - Ellapsed: 0.000069s[0m
[basic_sim-13] [0m[INFO] [1791566542.308493639] [basic_sim]: MainLoop - Ellapsed: 0.000072s[0m
[basic_sim-13] [0m[INFO] [1791566542.328534893] [basic_sim]: MainLoop - Ellapsed: 0.000086s[0m
[basic_sim-13] [0m[INFO] [1791566542.348181615] [basic_sim]: MainLoop - Ellapsed: 0.000055s[0m
[basic_sim-13] [0m[INFO] [1791566542.368380308] [basic_sim]: MainLoop - Ellapsed: 0.000059s[0m
[basic_sim-13] [0m[INFO] [1791566542.388214570] [basic_sim]: MainLoop - Ellapsed: 0.000060s[0m
[basic_sim-13] [0m[INFO] [1791566542.408130938] [basic_sim]: MainLoop - Ellapsed: 0.000053s[0m
[basic_sim-13] [0m[INFO] [1791566542.428465732] [basic_sim]: MainLoop - Ellapsed: 0.000069s[0m
[basic_sim-13] [0m[INFO] [1791566542.448279351] [basic_sim]: MainLoop - Ellapsed: 0.000065s[0m
[basic_sim-13] [0m[INFO] [1791566542.468405380] [basic_sim]: MainLoop - Ellapsed: 0.000077s[0m
[basic_sim-13] [0m[INFO] [1791566542.488496944] [basic_sim]: MainLoop - Ellapsed: 0.000086s[0m
[basic_sim-13] [0m[INFO] [1791566542.508532709] [basic_sim]: MainLoop - Ellapsed: 0.000083s[0m
[basic_sim-13] [0m[INFO] [1791566542.529656540] [basic_sim]: MainLoop - Ellapsed: 0.000193s[0m
[basic_sim-13] [0m[INFO] [1791566542.548911062] [basic_sim]: MainLoop - Ellapsed: 0.000120s[0m
[basic_sim-13] [0m[INFO] [1791566542.569061540] [basic_sim]: MainLoop - Ellapsed: 0.000129s[0m
[basic_sim-13] [0m[INFO] [1791566542.588551855] [basic_sim]: MainLoop - Ellapsed: 0.000091s[0m
[basic_sim-13] [0m[INFO] [1791566542.608382703] [basic_sim]: MainLoop - Ellapsed: 0.000074s[0m
[basic_sim-13] [0m[INFO] [1791566542.628341418] [basic_sim]: MainLoop - Ellapsed: 0.000072s[0m
[basic_sim-13] [0m[INFO] [1791566542.648298669] [basic_sim]: MainLoop - Ellapsed: 0.000063s[0m
[basic_sim-13] [0m[INFO] [1791566542.668387041] [basic_sim]: MainLoop - Ellapsed: 0.000073s[0m
[basic_sim-13] [0m[INFO] [1791566542.688303451] [basic_sim]: MainLoop - Ellapsed: 0.000070s[0m
[basic_sim-13] [0m[INFO] [1791566542.708368566] [basic_sim]: MainLoop - Ellapsed: 0.000072s[0m
[basic_sim-13] [0m[INFO] [1791566542.728336457] [basic_sim]: MainLoop - Ellapsed: 0.000072s[0m
[basic_sim-13] [0m[INFO] [1791566542.748273716] [basic_sim]: MainLoop - Ellapsed: 0.000066s[0m
[basic_sim-13] [0m[INFO] [1791566542.768383178] [basic_sim]: MainLoop - Ellapsed: 0.000076s[0m
[basic_sim-13] [0m[INFO] [1791566542.788357329] [basic_sim]: MainLoop - Ellapsed: 0.000070s[0m
[basic_sim-13] [0m[INFO] [1791566542.808307421] [basic_sim]: MainLoop - Ellapsed: 0.000071s[0m
[basic_sim-13] [0m[INFO] [1791566542.828349464] [basic_sim]: MainLoop - Ellapsed: 0.000071s[0m
[basic_sim-13] [0m[INFO] [1791566542.848407699] [basic_sim]: MainLoop - Ellapsed: 0.000071s[0m
[basic_sim-13] [0m[INFO] [1791566542.868777943] [basic_sim]: MainLoop - Ellapsed: 0.000112s[0m
[basic_sim-13] [0m[INFO] [1791566542.888598302] [basic_sim]: MainLoop - Ellapsed: 0.000087s[0m
[basic_sim-13] [0m[INFO] [1791566542.908715335] [basic_sim]: MainLoop - Ellapsed: 0.000101s[0m
[basic_sim-13] [0m[INFO] [1791566542.928401243] [basic_sim]: MainLoop - Ellapsed: 0.000075s[0m
[basic_sim-13] [0m[INFO] [1791566542.948255016] [basic_sim]: MainLoop - Ellapsed: 0.000063s[0m
[basic_sim-13] [0m[INFO] [1791566542.968293864] [basic_sim]: MainLoop - Ellapsed: 0.000070s[0m
[basic_sim-13] [0m[INFO] [1791566542.988468499] [basic_sim]: MainLoop - Ellapsed: 0.000081s[0m
[basic_sim-13] [0m[INFO] [1791566543.008299491] [basic_sim]: MainLoop - Ellapsed: 0.000069s[0m
[basic_sim-13] [0m[INFO] [1791566543.028247246] [basic_sim]: MainLoop - Ellapsed: 0.000065s[0m
[basic_sim-13] [0m[INFO] [1791566543.048469453] [basic_sim]: MainLoop - Ellapsed: 0.000081s[0m
[basic_sim-13] [0m[INFO] [1791566543.068361290] [basic_sim]: MainLoop - Ellapsed: 0.000074s[0m
[basic_sim-13] [0m[INFO] [1791566543.088481383] [basic_sim]: MainLoop - Ellapsed: 0.000082s[0m
[basic_sim-13] [0m[INFO] [1791566543.108507402] [basic_sim]: MainLoop - Ellapsed: 0.000073s[0m
[basic_sim-13] [0m[INFO] [1791566543.128437976] [basic_sim]: MainLoop - Ellapsed: 0.000076s[0m
[basic_sim-13] [0m[INFO] [1791566543.148358820] [basic_sim]: MainLoop - Ellapsed: 0.000073s[0m
[basic_sim-13] [0m[INFO] [1791566543.168350259] [basic_sim]: MainLoop - Ellapsed: 0.000076s[0m
[basic_sim-13] [0m[INFO] [1791566543.188416137] [basic_sim]: MainLoop - Ellapsed: 0.000080s[0m
[basic_sim-13] [0m[INFO] [1791566543.209230395] [basic_sim]: MainLoop - Ellapsed: 0.000139s[0m
[basic_sim-13] [0m[INFO] [1791566543.228706623] [basic_sim]: MainLoop - Ellapsed: 0.000098s[0m
[basic_sim-13] [0m[INFO] [1791566543.248396138] [basic_sim]: MainLoop - Ellapsed: 0.000073s[0m
[basic_sim-13] [0m[INFO] [1791566543.268456533] [basic_sim]: MainLoop - Ellapsed: 0.000084s[0m
[basic_sim-13] [0m[INFO] [1791566543.289032449] [basic_sim]: MainLoop - Ellapsed: 0.000136s[0m
[basic_sim-13] [0m[INFO] [1791566543.308776271] [basic_sim]: MainLoop - Ellapsed: 0.000105s[0m
[basic_sim-13] [0m[INFO] [1791566543.328838700] [basic_sim]: MainLoop - Ellapsed: 0.000108s[0m
[basic_sim-13] [0m[INFO] [1791566543.348208975] [basic_sim]: MainLoop - Ellapsed: 0.000056s[0m
[basic_sim-13] [0m[INFO] [1791566543.368477954] [basic_sim]: MainLoop - Ellapsed: 0.000068s[0m
[basic_sim-13] [0m[INFO] [1791566543.388404792] [basic_sim]: MainLoop - Ellapsed: 0.000067s[0m
[basic_sim-13] [0m[INFO] [1791566543.408240523] [basic_sim]: MainLoop - Ellapsed: 0.000063s[0m
[basic_sim-13] [0m[INFO] [1791566543.428450011] [basic_sim]: MainLoop - Ellapsed: 0.000061s[0m
[basic_sim-13] [0m[INFO] [1791566543.448279106] [basic_sim]: MainLoop - Ellapsed: 0.000059s[0m
[basic_sim-13] [0m[INFO] [1791566543.468284490] [basic_sim]: MainLoop - Ellapsed: 0.000066s[0m
[basic_sim-13] [0m[INFO] [1791566543.488366075] [basic_sim]: MainLoop - Ellapsed: 0.000067s[0m
[basic_sim-13] [0m[INFO] [1791566543.508451016] [basic_sim]: MainLoop - Ellapsed: 0.000068s[0m
[basic_sim-13] [0m[INFO] [1791566543.528273241] [basic_sim]: MainLoop - Ellapsed: 0.000063s[0m
[basic_sim-13] [0m[INFO] [1791566543.548310135] [basic_sim]: MainLoop - Ellapsed: 0.000066s[0m
[basic_sim-13] [0m[INFO] [1791566543.568183168] [basic_sim]: MainLoop - Ellapsed: 0.000060s[0m
[basic_sim-13] [0m[INFO] [1791566543.588386646] [basic_sim]: MainLoop - Ellapsed: 0.000075s[0m
[basic_sim-13] [0m[INFO] [1791566543.608378998] [basic_sim]: MainLoop - Ellapsed: 0.000072s[0m
[basic_sim-13] [0m[INFO] [1791566543.628368631] [basic_sim]: MainLoop - Ellapsed: 0.000076s[0m
[basic_sim-13] [0m[INFO] [1791566543.648111644] [basic_sim]: MainLoop - Ellapsed: 0.000054s[0m
[basic_sim-13] [0m[INFO] [1791566543.668529127] [basic_sim]: MainLoop - Ellapsed: 0.000081s[0m
[basic_sim-13] [0m[INFO] [1791566543.688510639] [basic_sim]: MainLoop - Ellapsed: 0.000072s[0m
[basic_sim-13] [0m[INFO] [1791566543.708311708] [basic_sim]: MainLoop - Ellapsed: 0.000059s[0m
[basic_sim-13] [0m[INFO] [1791566543.728412124] [basic_sim]: MainLoop - Ellapsed: 0.000075s[0m
[basic_sim-13] [0m[INFO] [1791566543.748258335] [basic_sim]: MainLoop - Ellapsed: 0.000060s[0m
[basic_sim-13] [0m[INFO] [1791566543.768195298] [basic_sim]: MainLoop - Ellapsed: 0.000058s[0m
[basic_sim-13] [0m[INFO] [1791566543.788298328] [basic_sim]: MainLoop - Ellapsed: 0.000069s[0m
[basic_sim-13] [0m[INFO] [1791566543.808182651] [basic_sim]: MainLoop - Ellapsed: 0.000050s[0m
[basic_sim-13] [0m[INFO] [1791566543.828308912] [basic_sim]: MainLoop - Ellapsed: 0.000065s[0m
[basic_sim-13] [0m[INFO] [1791566543.848198170] [basic_sim]: MainLoop - Ellapsed: 0.000061s[0m
[basic_sim-13] [0m[INFO] [1791566543.868419646] [basic_sim]: MainLoop - Ellapsed: 0.000071s[0m
[basic_sim-13] [0m[INFO] [1791566543.888241440] [basic_sim]: MainLoop - Ellapsed: 0.000060s[0m
[basic_sim-13] [0m[INFO] [1791566543.908221571] [basic_sim]: MainLoop - Ellapsed: 0.000050s[0m
[basic_sim-13] [0m[INFO] [1791566543.928607300] [basic_sim]: MainLoop - Ellapsed: 0.000094s[0m
[basic_sim-13] [0m[INFO] [1791566543.948193445] [basic_sim]: MainLoop - Ellapsed: 0.000059s[0m
[basic_sim-13] [0m[INFO] [1791566543.968399448] [basic_sim]: MainLoop - Ellapsed: 0.000069s[0m
[basic_sim-13] [0m[INFO] [1791566543.988335195] [basic_sim]: MainLoop - Ellapsed: 0.000072s[0m
[basic_sim-13] [0m[INFO] [1791566544.008733226] [basic_sim]: MainLoop - Ellapsed: 0.000089s[0m
[basic_sim-13] [0m[INFO] [1791566544.029555514] [basic_sim]: MainLoop - Ellapsed: 0.000181s[0m
[basic_sim-13] [0m[INFO] [1791566544.048591479] [basic_sim]: MainLoop - Ellapsed: 0.000090s[0m
[basic_sim-13] [0m[INFO] [1791566544.068368749] [basic_sim]: MainLoop - Ellapsed: 0.000068s[0m
[basic_sim-13] [0m[INFO] [1791566544.088395034] [basic_sim]: MainLoop - Ellapsed: 0.000078s[0m
[basic_sim-13] [0m[INFO] [1791566544.109604254] [basic_sim]: MainLoop - Ellapsed: 0.000120s[0m
[basic_sim-13] [0m[INFO] [1791566544.128798647] [basic_sim]: MainLoop - Ellapsed: 0.000106s[0m
[basic_sim-13] [0m[INFO] [1791566544.148610347] [basic_sim]: MainLoop - Ellapsed: 0.000095s[0m
[basic_sim-13] [0m[INFO] [1791566544.168785860] [basic_sim]: MainLoop - Ellapsed: 0.000102s[0m
[basic_sim-13] [0m[INFO] [1791566544.189388696] [basic_sim]: MainLoop - Ellapsed: 0.000155s[0m
[basic_sim-13] [0m[INFO] [1791566544.208756997] [basic_sim]: MainLoop - Ellapsed: 0.000105s[0m
[basic_sim-13] [0m[INFO] [1791566544.228410029] [basic_sim]: MainLoop - Ellapsed: 0.000074s[0m
[basic_sim-13] [0m[INFO] [1791566544.248286452] [basic_sim]: MainLoop - Ellapsed: 0.000064s[0m
[basic_sim-13] [0m[INFO] [1791566544.268398675] [basic_sim]: MainLoop - Ellapsed: 0.000073s[0m
[basic_sim-13] [0m[INFO] [1791566544.288499071] [basic_sim]: MainLoop - Ellapsed: 0.000077s[0m
[basic_sim-13] [0m[INFO] [1791566544.308556795] [basic_sim]: MainLoop - Ellapsed: 0.000076s[0m
[basic_sim-13] [0m[INFO] [1791566544.328525024] [basic_sim]: MainLoop - Ellapsed: 0.000085s[0m
[basic_sim-13] [0m[INFO] [1791566544.348312720] [basic_sim]: MainLoop - Ellapsed: 0.000065s[0m
[basic_sim-13] [0m[INFO] [1791566544.368561486] [basic_sim]: MainLoop - Ellapsed: 0.000093s[0m
[basic_sim-13] [0m[INFO] [1791566544.388351049] [basic_sim]: MainLoop - Ellapsed: 0.000074s[0m
[basic_sim-13] [0m[INFO] [1791566544.408324316] [basic_sim]: MainLoop - Ellapsed: 0.000070s[0m
[basic_sim-13] [0m[INFO] [1791566544.428563772] [basic_sim]: MainLoop - Ellapsed: 0.000090s[0m
[basic_sim-13] [0m[INFO] [1791566544.448515989] [basic_sim]: MainLoop - Ellapsed: 0.000085s[0m
[basic_sim-13] [0m[INFO] [1791566544.468386939] [basic_sim]: MainLoop - Ellapsed: 0.000076s[0m
[basic_sim-13] [0m[INFO] [1791566544.488524539] [basic_sim]: MainLoop - Ellapsed: 0.000082s[0m
[basic_sim-13] [0m[INFO] [1791566544.508510564] [basic_sim]: MainLoop - Ellapsed: 0.000086s[0m
[basic_sim-13] [0m[INFO] [1791566544.528320110] [basic_sim]: MainLoop - Ellapsed: 0.000072s[0m
[basic_sim-13] [0m[INFO] [1791566544.548359769] [basic_sim]: MainLoop - Ellapsed: 0.000064s[0m
[basic_sim-13] [0m[INFO] [1791566544.568358733] [basic_sim]: MainLoop - Ellapsed: 0.000067s[0m
[basic_sim-13] [0m[INFO] [1791566544.588424942] [basic_sim]: MainLoop - Ellapsed: 0.000080s[0m
[basic_sim-13] [0m[INFO] [1791566544.608451186] [basic_sim]: MainLoop - Ellapsed: 0.000081s[0m
[basic_sim-13] [0m[INFO] [1791566544.628392661] [basic_sim]: MainLoop - Ellapsed: 0.000079s[0m
[basic_sim-13] [0m[INFO] [1791566544.648352056] [basic_sim]: MainLoop - Ellapsed: 0.000063s[0m
[basic_sim-13] [0m[INFO] [1791566544.668348986] [basic_sim]: MainLoop - Ellapsed: 0.000070s[0m
[basic_sim-13] [0m[INFO] [1791566544.688401846] [basic_sim]: MainLoop - Ellapsed: 0.000073s[0m
[basic_sim-13] [0m[INFO] [1791566544.708144890] [basic_sim]: MainLoop - Ellapsed: 0.000053s[0m
[basic_sim-13] [0m[INFO] [1791566544.728598579] [basic_sim]: MainLoop - Ellapsed: 0.000095s[0m
[basic_sim-13] [0m[INFO] [1791566544.748296748] [basic_sim]: MainLoop - Ellapsed: 0.000067s[0m
[basic_sim-13] [0m[INFO] [1791566544.768391790] [basic_sim]: MainLoop - Ellapsed: 0.000074s[0m
[basic_sim-13] [0m[INFO] [1791566544.788403956] [basic_sim]: MainLoop - Ellapsed: 0.000074s[0m
[basic_sim-13] [0m[INFO] [1791566544.808243452] [basic_sim]: MainLoop - Ellapsed: 0.000051s[0m
[basic_sim-13] [0m[INFO] [1791566544.828481143] [basic_sim]: MainLoop - Ellapsed: 0.000071s[0m
[basic_sim-13] [0m[INFO] [1791566544.848186350] [basic_sim]: MainLoop - Ellapsed: 0.000059s[0m
[basic_sim-13] [0m[INFO] [1791566544.868470810] [basic_sim]: MainLoop - Ellapsed: 0.000080s[0m
[basic_sim-13] [0m[INFO] [1791566544.888422438] [basic_sim]: MainLoop - Ellapsed: 0.000066s[0m
[basic_sim-13] [0m[INFO] [1791566544.908194106] [basic_sim]: MainLoop - Ellapsed: 0.000052s[0m
[basic_sim-13] [0m[INFO] [1791566544.928436638] [basic_sim]: MainLoop - Ellapsed: 0.000074s[0m
[basic_sim-13] [0m[INFO] [1791566544.948212691] [basic_sim]: MainLoop - Ellapsed: 0.000059s[0m
[basic_sim-13] [0m[INFO] [1791566544.968513615] [basic_sim]: MainLoop - Ellapsed: 0.000084s[0m
[basic_sim-13] [0m[INFO] [1791566544.988305453] [basic_sim]: MainLoop - Ellapsed: 0.000067s[0m
[basic_sim-13] [0m[INFO] [1791566545.008229503] [basic_sim]: MainLoop - Ellapsed: 0.000057s[0m
[basic_sim-13] [0m[INFO] [1791566545.028553262] [basic_sim]: MainLoop - Ellapsed: 0.000078s[0m
[basic_sim-13] [0m[INFO] [1791566545.048471658] [basic_sim]: MainLoop - Ellapsed: 0.000085s[0m
[basic_sim-13] [0m[INFO] [1791566545.068381302] [basic_sim]: MainLoop - Ellapsed: 0.000070s[0m
[basic_sim-13] [0m[INFO] [1791566545.088319191] [basic_sim]: MainLoop - Ellapsed: 0.000070s[0m
[basic_sim-13] [0m[INFO] [1791566545.108272419] [basic_sim]: MainLoop - Ellapsed: 0.000059s[0m
[basic_sim-13] [0m[INFO] [1791566545.128502655] [basic_sim]: MainLoop - Ellapsed: 0.000084s[0m
[basic_sim-13] [0m[INFO] [1791566545.148160770] [basic_sim]: MainLoop - Ellapsed: 0.000056s[0m
[basic_sim-13] [0m[INFO] [1791566545.168640624] [basic_sim]: MainLoop - Ellapsed: 0.000100s[0m
[basic_sim-13] [0m[INFO] [1791566545.188400164] [basic_sim]: MainLoop - Ellapsed: 0.000075s[0m
[basic_sim-13] [0m[INFO] [1791566545.208268198] [basic_sim]: MainLoop - Ellapsed: 0.000061s[0m
[basic_sim-13] [0m[INFO] [1791566545.228278068] [basic_sim]: MainLoop - Ellapsed: 0.000064s[0m
[basic_sim-13] [0m[INFO] [1791566545.248170498] [basic_sim]: MainLoop - Ellapsed: 0.000053s[0m
[basic_sim-13] [0m[INFO] [1791566545.268570422] [basic_sim]: MainLoop - Ellapsed: 0.000085s[0m
[basic_sim-13] [0m[INFO] [1791566545.288329815] [basic_sim]: MainLoop - Ellapsed: 0.000073s[0m
[basic_sim-13] [0m[INFO] [1791566545.308225370] [basic_sim]: MainLoop - Ellapsed: 0.000053s[0m
[basic_sim-13] [0m[INFO] [1791566545.328323456] [basic_sim]: MainLoop - Ellapsed: 0.000070s[0m
[basic_sim-13] [0m[INFO] [1791566545.348255204] [basic_sim]: MainLoop - Ellapsed: 0.000061s[0m
[basic_sim-13] [0m[INFO] [1791566545.369123530] [basic_sim]: MainLoop - Ellapsed: 0.000138s[0m
[basic_sim-13] [0m[INFO] [1791566545.388955029] [basic_sim]: MainLoop - Ellapsed: 0.000130s[0m
[basic_sim-13] [0m[INFO] [1791566545.408925629] [basic_sim]: MainLoop - Ellapsed: 0.000119s[0m
[basic_sim-13] [0m[INFO] [1791566545.429453792] [basic_sim]: MainLoop - Ellapsed: 0.000171s[0m
[basic_sim-13] [0m[INFO] [1791566545.448641545] [basic_sim]: MainLoop - Ellapsed: 0.000087s[0m
[basic_sim-13] [0m[INFO] [1791566545.468353454] [basic_sim]: MainLoop - Ellapsed: 0.000070s[0m
[basic_sim-13] [0m[INFO] [1791566545.488406108] [basic_sim]: MainLoop - Ellapsed: 0.000081s[0m
[basic_sim-13] [0m[INFO] [1791566545.508944732] [basic_sim]: MainLoop - Ellapsed: 0.000112s[0m
[basic_sim-13] [0m[INFO] [1791566545.528389659] [basic_sim]: MainLoop - Ellapsed: 0.000065s[0m
[basic_sim-13] [0m[INFO] [1791566545.548388645] [basic_sim]: MainLoop - Ellapsed: 0.000076s[0m
[basic_sim-13] [0m[INFO] [1791566545.568591552] [basic_sim]: MainLoop - Ellapsed: 0.000097s[0m
[basic_sim-13] [0m[INFO] [1791566545.588376728] [basic_sim]: MainLoop - Ellapsed: 0.000069s[0m
[basic_sim-13] [0m[INFO] [1791566545.608299347] [basic_sim]: MainLoop - Ellapsed: 0.000063s[0m
[basic_sim-13] [0m[INFO] [1791566545.628362041] [basic_sim]: MainLoop - Ellapsed: 0.000072s[0m
[basic_sim-13] [0m[INFO] [1791566545.648493447] [basic_sim]: MainLoop - Ellapsed: 0.000073s[0m
[basic_sim-13] [0m[INFO] [1791566545.668342378] [basic_sim]: MainLoop - Ellapsed: 0.000073s[0m
[basic_sim-13] [0m[INFO] [1791566545.688362097] [basic_sim]: MainLoop - Ellapsed: 0.000072s[0m
[basic_sim-13] [0m[INFO] [1791566545.708427312] [basic_sim]: MainLoop - Ellapsed: 0.000076s[0m
[basic_sim-13] [0m[INFO] [1791566545.728925233] [basic_sim]: MainLoop - Ellapsed: 0.000122s[0m
[basic_sim-13] [0m[INFO] [1791566545.748735297] [basic_sim]: MainLoop - Ellapsed: 0.000097s[0m
[basic_sim-13] [0m[INFO] [1791566545.768388552] [basic_sim]: MainLoop - Ellapsed: 0.000075s[0m
[basic_sim-13] [0m[INFO] [1791566545.788309152] [basic_sim]: MainLoop - Ellapsed: 0.000067s[0m
[basic_sim-13] [0m[INFO] [1791566545.808311112] [basic_sim]: MainLoop - Ellapsed: 0.000066s[0m
[basic_sim-13] [0m[INFO] [1791566545.828482340] [basic_sim]: MainLoop - Ellapsed: 0.000071s[0m
[basic_sim-13] [0m[INFO] [1791566545.848357524] [basic_sim]: MainLoop - Ellapsed: 0.000073s[0m
[basic_sim-13] [0m[INFO] [1791566545.868378643] [basic_sim]: MainLoop - Ellapsed: 0.000074s[0m
[basic_sim-13] [0m[INFO] [1791566545.888352383] [basic_sim]: MainLoop - Ellapsed: 0.000076s[0m
[basic_sim-13] [0m[INFO] [1791566545.908972263] [basic_sim]: MainLoop - Ellapsed: 0.000125s[0m
[basic_sim-13] [0m[INFO] [1791566545.928401197] [basic_sim]: MainLoop - Ellapsed: 0.000065s[0m
[basic_sim-13] [0m[INFO] [1791566545.948400435] [basic_sim]: MainLoop - Ellapsed: 0.000072s[0m
[basic_sim-13] [0m[INFO] [1791566545.968281937] [basic_sim]: MainLoop - Ellapsed: 0.000066s[0m
[basic_sim-13] [0m[INFO] [1791566545.988395133] [basic_sim]: MainLoop - Ellapsed: 0.000073s[0m
[basic_sim-13] [0m[INFO] [1791566546.008409971] [basic_sim]: MainLoop - Ellapsed: 0.000073s[0m
[basic_sim-13] [0m[INFO] [1791566546.028281197] [basic_sim]: MainLoop - Ellapsed: 0.000069s[0m
[basic_sim-13] [0m[INFO] [1791566546.048433024] [basic_sim]: MainLoop - Ellapsed: 0.000076s[0m
[basic_sim-13] [0m[INFO] [1791566546.068255543] [basic_sim]: MainLoop - Ellapsed: 0.000065s[0m
[basic_sim-13] [0m[INFO] [1791566546.088490393] [basic_sim]: MainLoop - Ellapsed: 0.000075s[0m
[basic_sim-13] [0m[INFO] [1791566546.108271954] [basic_sim]: MainLoop - Ellapsed: 0.000066s[0m
[basic_sim-13] [0m[INFO] [1791566546.128432820] [basic_sim]: MainLoop - Ellapsed: 0.000077s[0m
[basic_sim-13] [0m[INFO] [1791566546.148308632] [basic_sim]: MainLoop - Ellapsed: 0.000064s[0m
[basic_sim-13] [0m[INFO] [1791566546.168592071] [basic_sim]: MainLoop - Ellapsed: 0.000088s[0m
[basic_sim-13] [0m[INFO] [1791566546.188450530] [basic_sim]: MainLoop - Ellapsed: 0.000071s[0m
[basic_sim-13] [0m[INFO] [1791566546.208259440] [basic_sim]: MainLoop - Ellapsed: 0.000064s[0m
[basic_sim-13] [0m[INFO] [1791566546.228476800] [basic_sim]: MainLoop - Ellapsed: 0.000076s[0m
[basic_sim-13] [0m[INFO] [1791566546.248443647] [basic_sim]: MainLoop - Ellapsed: 0.000081s[0m
[basic_sim-13] [0m[INFO] [1791566546.268446426] [basic_sim]: MainLoop - Ellapsed: 0.000076s[0m
[gsl_actionserver_node-14] [0m[INFO] [1791566546.277659993] [GSL - Trace]: [32mEntering StopAndMeasure[0m[0m
[basic_sim-13] [0m[INFO] [1791566546.288381006] [basic_sim]: MainLoop - Ellapsed: 0.000075s[0m
[basic_sim-13] [0m[INFO] [1791566546.308395431] [basic_sim]: MainLoop - Ellapsed: 0.000070s[0m
[basic_sim-13] [0m[INFO] [1791566546.328229069] [basic_sim]: MainLoop - Ellapsed: 0.000066s[0m
[basic_sim-13] [0m[INFO] [1791566546.348360869] [basic_sim]: MainLoop - Ellapsed: 0.000068s[0m
[basic_sim-13] [0m[INFO] [1791566546.368424716] [basic_sim]: MainLoop - Ellapsed: 0.000081s[0m
[gsl_actionserver_node-14] [0m[INFO] [1791566546.377690893] [GSL]: 1 gas measurements, 2 wind measurements over 0.50 seconds[0m
[gsl_actionserver_node-14] [0m[INFO] [1791566546.377730869] [GSL]: avg_gas=0;  avg_windSpeed=0.15;  avg_wind_dir=3[0m
[gsl_actionserver_node-14] [0m[INFO] [1791566546.378457395] [GSL]: [33mNOTHING [0m[0m
[basic_sim-13] [0m[INFO] [1791566546.388442233] [basic_sim]: MainLoop - Ellapsed: 0.000075s[0m
[gsl_actionserver_node-14] [0m[INFO] [1791566546.397766764] [GSL - Trace]: [32mEntering StopAndMeasure[0m[0m
[basic_sim-13] [0m[INFO] [1791566546.408414377] [basic_sim]: MainLoop - Ellapsed: 0.000071s[0m
[basic_sim-13] [0m[INFO] [1791566546.428449991] [basic_sim]: MainLoop - Ellapsed: 0.000077s[0m
[basic_sim-13] [0m[INFO] [1791566546.448312542] [basic_sim]: MainLoop - Ellapsed: 0.000066s[0m
[basic_sim-13] [0m[INFO] [1791566546.468534642] [basic_sim]: MainLoop - Ellapsed: 0.000084s[0m
[gsl_actionserver_node-14] [0m[INFO] [1791566546.477641673] [GSL]: 1 gas measurements, 1 wind measurements over 0.40 seconds[0m
[gsl_actionserver_node-14] [0m[INFO] [1791566546.477694063] [GSL]: avg_gas=0;  avg_windSpeed=0.14;  avg_wind_dir=2.8[0m
[gsl_actionserver_node-14] [0m[INFO] [1791566546.478436024] [GSL]: [33mNOTHING [0m[0m
[basic_sim-13] [0m[INFO] [1791566546.488328990] [basic_sim]: MainLoop - Ellapsed: 0.000071s[0m
[gsl_actionserver_node-14] [0m[INFO] [1791566546.498718504] [GSL - Trace]: [32mEntering StopAndMeasure[0m[0m
[basic_sim-13] [0m[INFO] [1791566546.508669515] [basic_sim]: MainLoop - Ellapsed: 0.000094s[0m
[basic_sim-13] [0m[INFO] [1791566546.528517162] [basic_sim]: MainLoop - Ellapsed: 0.000086s[0m
[basic_sim-13] [0m[INFO] [1791566546.548784134] [basic_sim]: MainLoop - Ellapsed: 0.000114s[0m
[basic_sim-13] [0m[INFO] [1791566546.568791671] [basic_sim]: MainLoop - Ellapsed: 0.000110s[0m
[gsl_actionserver_node-14] [0m[INFO] [1791566546.577676825] [GSL]: 1 gas measurements, 1 wind measurements over 0.40 seconds[0m
[gsl_actionserver_node-14] [0m[INFO] [1791566546.577719130] [GSL]: avg_gas=0;  avg_windSpeed=0.11;  avg_wind_dir=3[0m
[gsl_actionserver_node-14] [0m[INFO] [1791566546.578496264] [GSL]: [33mNOTHING [0m[0m
[basic_sim-13] [0m[INFO] [1791566546.588372570] [basic_sim]: MainLoop - Ellapsed: 0.000067s[0m
[gsl_actionserver_node-14] [0m[INFO] [1791566546.597659097] [GSL - Trace]: [32mEntering StopAndMeasure[0m[0m
[basic_sim-13] [0m[INFO] [1791566546.608355631] [basic_sim]: MainLoop - Ellapsed: 0.000060s[0m
[basic_sim-13] [0m[INFO] [1791566546.628365764] [basic_sim]: MainLoop - Ellapsed: 0.000065s[0m
[basic_sim-13] [0m[INFO] [1791566546.649072443] [basic_sim]: MainLoop - Ellapsed: 0.000133s[0m
[basic_sim-13] [0m[INFO] [1791566546.668842232] [basic_sim]: MainLoop - Ellapsed: 0.000109s[0m
[gsl_actionserver_node-14] [0m[INFO] [1791566546.677757622] [GSL]: 0 gas measurements, 1 wind measurements over 0.40 seconds[0m
[gsl_actionserver_node-14] [33m[WARN] [1791566546.677818518] [GSL]: [33mResetting stop and measure, no readings exist![0m[0m
[gsl_actionserver_node-14] [0m[INFO] [1791566546.677828239] [GSL - Trace]: [32mEntering StopAndMeasure[0m[0m
[basic_sim-13] [0m[INFO] [1791566546.689178559] [basic_sim]: MainLoop - Ellapsed: 0.000146s[0m
[basic_sim-13] [0m[INFO] [1791566546.708861641] [basic_sim]: MainLoop - Ellapsed: 0.000102s[0m
[basic_sim-13] [0m[INFO] [1791566546.728437792] [basic_sim]: MainLoop - Ellapsed: 0.000069s[0m
[basic_sim-13] [0m[INFO] [1791566546.748907941] [basic_sim]: MainLoop - Ellapsed: 0.000123s[0m
[basic_sim-13] [0m[INFO] [1791566546.768794560] [basic_sim]: MainLoop - Ellapsed: 0.000109s[0m
[gsl_actionserver_node-14] [0m[INFO] [1791566546.777821001] [GSL]: 2 gas measurements, 2 wind measurements over 0.50 seconds[0m
[gsl_actionserver_node-14] [0m[INFO] [1791566546.777919968] [GSL]: avg_gas=0;  avg_windSpeed=0.13;  avg_wind_dir=-3[0m
[gsl_actionserver_node-14] [0m[INFO] [1791566546.778756802] [GSL]: [33mNOTHING [0m[0m
[basic_sim-13] [0m[INFO] [1791566546.788498358] [basic_sim]: MainLoop - Ellapsed: 0.000079s[0m
[gsl_actionserver_node-14] [0m[INFO] [1791566546.798510004] [GSL - Trace]: [32mEntering StopAndMeasure[0m[0m
[basic_sim-13] [0m[INFO] [1791566546.808550234] [basic_sim]: MainLoop - Ellapsed: 0.000077s[0m
[basic_sim-13] [0m[INFO] [1791566546.828617411] [basic_sim]: MainLoop - Ellapsed: 0.000084s[0m
[basic_sim-13] [0m[INFO] [1791566546.848735325] [basic_sim]: MainLoop - Ellapsed: 0.000106s[0m
[basic_sim-13] [0m[INFO] [1791566546.868816734] [basic_sim]: MainLoop - Ellapsed: 0.000110s[0m
[gsl_actionserver_node-14] [0m[INFO] [1791566546.877785097] [GSL]: 1 gas measurements, 1 wind measurements over 0.40 seconds[0m
[gsl_actionserver_node-14] [0m[INFO] [1791566546.877816063] [GSL]: avg_gas=0;  avg_windSpeed=0.18;  avg_wind_dir=-2.6[0m
[gsl_actionserver_node-14] [0m[INFO] [1791566546.878826285] [GSL]: [33mNOTHING [0m[0m
[basic_sim-13] [0m[INFO] [1791566546.888938356] [basic_sim]: MainLoop - Ellapsed: 0.000118s[0m
[gsl_actionserver_node-14] [0m[INFO] [1791566546.899220377] [GSL]: Max mutual info: 6.250[0m
[gsl_actionserver_node-14] [0m[INFO] [1791566546.899451037] [GSL]: MutualInformation - Ellapsed: 0.000s[0m
[basic_sim-13] [0m[INFO] [1791566546.908460001] [basic_sim]: MainLoop - Ellapsed: 0.000072s[0m
[gsl_actionserver_node-14] [0m[INFO] [1791566546.917356109] [GSL]: Sending goal (-2.02, -3.58)[0m
[gsl_actionserver_node-14] [0m[INFO] [1791566546.917919662] [GSL]: Variance: 11.94[0m
[gsl_actionserver_node-14] [0m[INFO] [1791566546.917953727] [GSL - Trace]: [32mEntering Moving[0m[0m
[basic_sim-13] [0m[INFO] [1791566546.928405258] [basic_sim]: MainLoop - Ellapsed: 0.000066s[0m
[basic_sim-13] [0m[INFO] [1791566546.948265085] [basic_sim]: MainLoop - Ellapsed: 0.000057s[0m
[basic_sim-13] [0m[INFO] [1791566546.968241833] [basic_sim]: MainLoop - Ellapsed: 0.000066s[0m
[basic_sim-13] [0m[INFO] [1791566546.988345329] [basic_sim]: MainLoop - Ellapsed: 0.000066s[0m
[basic_sim-13] [0m[INFO] [1791566547.008405014] [basic_sim]: MainLoop - Ellapsed: 0.000059s[0m
[basic_sim-13] [0m[INFO] [1791566547.028720636] [basic_sim]: MainLoop - Ellapsed: 0.000093s[0m
[basic_sim-13] [0m[INFO] [1791566547.048431745] [basic_sim]: MainLoop - Ellapsed: 0.000079s[0m
[basic_sim-13] [0m[INFO] [1791566547.068996493] [basic_sim]: MainLoop - Ellapsed: 0.000122s[0m
[basic_sim-13] [0m[INFO] [1791566547.088665443] [basic_sim]: MainLoop - Ellapsed: 0.000069s[0m
[basic_sim-13] [0m[INFO] [1791566547.108542769] [basic_sim]: MainLoop - Ellapsed: 0.000061s[0m
[basic_sim-13] [0m[INFO] [1791566547.129027770] [basic_sim]: MainLoop - Ellapsed: 0.000108s[0m
[basic_sim-13] [0m[INFO] [1791566547.149234450] [basic_sim]: MainLoop - Ellapsed: 0.000138s[0m
[basic_sim-13] [0m[INFO] [1791566547.168232045] [basic_sim]: MainLoop - Ellapsed: 0.000060s[0m
[basic_sim-13] [0m[INFO] [1791566547.188325189] [basic_sim]: MainLoop - Ellapsed: 0.000072s[0m
[basic_sim-13] [0m[INFO] [1791566547.208944827] [basic_sim]: MainLoop - Ellapsed: 0.000118s[0m
[basic_sim-13] [0m[INFO] [1791566547.228505188] [basic_sim]: MainLoop - Ellapsed: 0.000082s[0m
[basic_sim-13] [0m[INFO] [1791566547.248633658] [basic_sim]: MainLoop - Ellapsed: 0.000097s[0m
[basic_sim-13] [0m[INFO] [1791566547.268462743] [basic_sim]: MainLoop - Ellapsed: 0.000068s[0m
[basic_sim-13] [0m[INFO] [1791566547.288433008] [basic_sim]: MainLoop - Ellapsed: 0.000081s[0m
[basic_sim-13] [0m[INFO] [1791566547.308120895] [basic_sim]: MainLoop - Ellapsed: 0.000045s[0m
[basic_sim-13] [0m[INFO] [1791566547.328279117] [basic_sim]: MainLoop - Ellapsed: 0.000066s[0m
[basic_sim-13] [0m[INFO] [1791566547.348194963] [basic_sim]: MainLoop - Ellapsed: 0.000061s[0m
[basic_sim-13] [0m[INFO] [1791566547.368986233] [basic_sim]: MainLoop - Ellapsed: 0.000119s[0m
[basic_sim-13] [0m[INFO] [1791566547.388488103] [basic_sim]: MainLoop - Ellapsed: 0.000082s[0m
[basic_sim-13] [0m[INFO] [1791566547.408295695] [basic_sim]: MainLoop - Ellapsed: 0.000064s[0m
[basic_sim-13] [0m[INFO] [1791566547.428491499] [basic_sim]: MainLoop - Ellapsed: 0.000080s[0m
[basic_sim-13] [0m[INFO] [1791566547.448274118] [basic_sim]: MainLoop - Ellapsed: 0.000067s[0m
[basic_sim-13] [0m[INFO] [1791566547.468308371] [basic_sim]: MainLoop - Ellapsed: 0.000063s[0m
[basic_sim-13] [0m[INFO] [1791566547.488270909] [basic_sim]: MainLoop - Ellapsed: 0.000064s[0m
[basic_sim-13] [0m[INFO] [1791566547.508354160] [basic_sim]: MainLoop - Ellapsed: 0.000069s[0m
[basic_sim-13] [0m[INFO] [1791566547.528563146] [basic_sim]: MainLoop - Ellapsed: 0.000095s[0m
[basic_sim-13] [0m[INFO] [1791566547.548238427] [basic_sim]: MainLoop - Ellapsed: 0.000059s[0m
[basic_sim-13] [0m[INFO] [1791566547.568248542] [basic_sim]: MainLoop - Ellapsed: 0.000061s[0m
[basic_sim-13] [0m[INFO] [1791566547.588402264] [basic_sim]: MainLoop - Ellapsed: 0.000074s[0m
[basic_sim-13] [0m[INFO] [1791566547.608237950] [basic_sim]: MainLoop - Ellapsed: 0.000057s[0m
[basic_sim-13] [0m[INFO] [1791566547.628357975] [basic_sim]: MainLoop - Ellapsed: 0.000070s[0m
[basic_sim-13] [0m[INFO] [1791566547.648167663] [basic_sim]: MainLoop - Ellapsed: 0.000058s[0m
[basic_sim-13] [0m[INFO] [1791566547.668351024] [basic_sim]: MainLoop - Ellapsed: 0.000070s[0m
[basic_sim-13] [0m[INFO] [1791566547.688299188] [basic_sim]: MainLoop - Ellapsed: 0.000068s[0m
[basic_sim-13] [0m[INFO] [1791566547.708218597] [basic_sim]: MainLoop - Ellapsed: 0.000053s[0m
[basic_sim-13] [0m[INFO] [1791566547.728391076] [basic_sim]: MainLoop - Ellapsed: 0.000078s[0m
[basic_sim-13] [0m[INFO] [1791566547.748279224] [basic_sim]: MainLoop - Ellapsed: 0.000066s[0m
[basic_sim-13] [0m[INFO] [1791566547.768491580] [basic_sim]: MainLoop - Ellapsed: 0.000083s[0m
[basic_sim-13] [0m[INFO] [1791566547.788354292] [basic_sim]: MainLoop - Ellapsed: 0.000068s[0m
[basic_sim-13] [0m[INFO] [1791566547.808367562] [basic_sim]: MainLoop - Ellapsed: 0.000058s[0m
[basic_sim-13] [0m[INFO] [1791566547.828367075] [basic_sim]: MainLoop - Ellapsed: 0.000076s[0m
[basic_sim-13] [0m[INFO] [1791566547.848224390] [basic_sim]: MainLoop - Ellapsed: 0.000060s[0m
[basic_sim-13] [0m[INFO] [1791566547.868394125] [basic_sim]: MainLoop - Ellapsed: 0.000073s[0m
[basic_sim-13] [0m[INFO] [1791566547.888331410] [basic_sim]: MainLoop - Ellapsed: 0.000070s[0m
[basic_sim-13] [0m[INFO] [1791566547.908253516] [basic_sim]: MainLoop - Ellapsed: 0.000060s[0m
[basic_sim-13] [0m[INFO] [1791566547.928334675] [basic_sim]: MainLoop - Ellapsed: 0.000069s[0m
[basic_sim-13] [0m[INFO] [1791566547.948250792] [basic_sim]: MainLoop - Ellapsed: 0.000058s[0m
[basic_sim-13] [0m[INFO] [1791566547.968444424] [basic_sim]: MainLoop - Ellapsed: 0.000082s[0m
[basic_sim-13] [0m[INFO] [1791566547.988349492] [basic_sim]: MainLoop - Ellapsed: 0.000073s[0m
[basic_sim-13] [0m[INFO] [1791566548.008400860] [basic_sim]: MainLoop - Ellapsed: 0.000076s[0m
[basic_sim-13] [0m[INFO] [1791566548.028796929] [basic_sim]: MainLoop - Ellapsed: 0.000117s[0m
[basic_sim-13] [0m[INFO] [1791566548.050054613] [basic_sim]: MainLoop - Ellapsed: 0.000241s[0m
[basic_sim-13] [0m[INFO] [1791566548.069029422] [basic_sim]: MainLoop - Ellapsed: 0.000139s[0m
[basic_sim-13] [0m[INFO] [1791566548.088652183] [basic_sim]: MainLoop - Ellapsed: 0.000095s[0m
[basic_sim-13] [0m[INFO] [1791566548.108271145] [basic_sim]: MainLoop - Ellapsed: 0.000061s[0m
[basic_sim-13] [0m[INFO] [1791566548.128449518] [basic_sim]: MainLoop - Ellapsed: 0.000080s[0m
[basic_sim-13] [0m[INFO] [1791566548.148259566] [basic_sim]: MainLoop - Ellapsed: 0.000065s[0m
[basic_sim-13] [0m[INFO] [1791566548.168512208] [basic_sim]: MainLoop - Ellapsed: 0.000080s[0m
[basic_sim-13] [0m[INFO] [1791566548.188525446] [basic_sim]: MainLoop - Ellapsed: 0.000089s[0m
[basic_sim-13] [0m[INFO] [1791566548.208276547] [basic_sim]: MainLoop - Ellapsed: 0.000059s[0m
[basic_sim-13] [0m[INFO] [1791566548.228470477] [basic_sim]: MainLoop - Ellapsed: 0.000083s[0m
[basic_sim-13] [0m[INFO] [1791566548.248288596] [basic_sim]: MainLoop - Ellapsed: 0.000067s[0m
[basic_sim-13] [0m[INFO] [1791566548.268349721] [basic_sim]: MainLoop - Ellapsed: 0.000073s[0m
[basic_sim-13] [0m[INFO] [1791566548.288390678] [basic_sim]: MainLoop - Ellapsed: 0.000075s[0m
[basic_sim-13] [0m[INFO] [1791566548.308279197] [basic_sim]: MainLoop - Ellapsed: 0.000060s[0m
[basic_sim-13] [0m[INFO] [1791566548.328456221] [basic_sim]: MainLoop - Ellapsed: 0.000081s[0m
[basic_sim-13] [0m[INFO] [1791566548.348243603] [basic_sim]: MainLoop - Ellapsed: 0.000063s[0m
[basic_sim-13] [0m[INFO] [1791566548.368444139] [basic_sim]: MainLoop - Ellapsed: 0.000074s[0m
[basic_sim-13] [0m[INFO] [1791566548.388521014] [basic_sim]: MainLoop - Ellapsed: 0.000082s[0m
[basic_sim-13] [0m[INFO] [1791566548.408465632] [basic_sim]: MainLoop - Ellapsed: 0.000077s[0m
[basic_sim-13] [0m[INFO] [1791566548.428413242] [basic_sim]: MainLoop - Ellapsed: 0.000079s[0m
[basic_sim-13] [0m[INFO] [1791566548.448311795] [basic_sim]: MainLoop - Ellapsed: 0.000065s[0m
[basic_sim-13] [0m[INFO] [1791566548.468508909] [basic_sim]: MainLoop - Ellapsed: 0.000088s[0m
[basic_sim-13] [0m[INFO] [1791566548.488458544] [basic_sim]: MainLoop - Ellapsed: 0.000077s[0m
[basic_sim-13] [0m[INFO] [1791566548.508445796] [basic_sim]: MainLoop - Ellapsed: 0.000076s[0m
[basic_sim-13] [0m[INFO] [1791566548.528467551] [basic_sim]: MainLoop - Ellapsed: 0.000079s[0m
[basic_sim-13] [0m[INFO] [1791566548.548208528] [basic_sim]: MainLoop - Ellapsed: 0.000060s[0m
[basic_sim-13] [0m[INFO] [1791566548.568359517] [basic_sim]: MainLoop - Ellapsed: 0.000071s[0m
[basic_sim-13] [0m[INFO] [1791566548.588408762] [basic_sim]: MainLoop - Ellapsed: 0.000080s[0m
[basic_sim-13] [0m[INFO] [1791566548.608241061] [basic_sim]: MainLoop - Ellapsed: 0.000062s[0m
[basic_sim-13] [0m[INFO] [1791566548.628850942] [basic_sim]: MainLoop - Ellapsed: 0.000118s[0m
[basic_sim-13] [0m[INFO] [1791566548.649104063] [basic_sim]: MainLoop - Ellapsed: 0.000129s[0m
[basic_sim-13] [0m[INFO] [1791566548.669745288] [basic_sim]: MainLoop - Ellapsed: 0.000192s[0m
[basic_sim-13] [0m[INFO] [1791566548.688944073] [basic_sim]: MainLoop - Ellapsed: 0.000119s[0m
[basic_sim-13] [0m[INFO] [1791566548.708786576] [basic_sim]: MainLoop - Ellapsed: 0.000098s[0m
[basic_sim-13] [0m[INFO] [1791566548.729451662] [basic_sim]: MainLoop - Ellapsed: 0.000145s[0m
[basic_sim-13] [0m[INFO] [1791566548.748590154] [basic_sim]: MainLoop - Ellapsed: 0.000082s[0m
[basic_sim-13] [0m[INFO] [1791566548.768366182] [basic_sim]: MainLoop - Ellapsed: 0.000071s[0m
[basic_sim-13] [0m[INFO] [1791566548.788694148] [basic_sim]: MainLoop - Ellapsed: 0.000095s[0m
[basic_sim-13] [0m[INFO] [1791566548.808347605] [basic_sim]: MainLoop - Ellapsed: 0.000067s[0m
[basic_sim-13] [0m[INFO] [1791566548.828290140] [basic_sim]: MainLoop - Ellapsed: 0.000071s[0m
[basic_sim-13] [0m[INFO] [1791566548.848547233] [basic_sim]: MainLoop - Ellapsed: 0.000086s[0m
[basic_sim-13] [0m[INFO] [1791566548.868658055] [basic_sim]: MainLoop - Ellapsed: 0.000093s[0m
[basic_sim-13] [0m[INFO] [1791566548.888328516] [basic_sim]: MainLoop - Ellapsed: 0.000069s[0m
[basic_sim-13] [0m[INFO] [1791566548.908311206] [basic_sim]: MainLoop - Ellapsed: 0.000062s[0m
[basic_sim-13] [0m[INFO] [1791566548.928810176] [basic_sim]: MainLoop - Ellapsed: 0.000105s[0m
[basic_sim-13] [0m[INFO] [1791566548.948843771] [basic_sim]: MainLoop - Ellapsed: 0.000106s[0m
[basic_sim-13] [0m[INFO] [1791566548.968586839] [basic_sim]: MainLoop - Ellapsed: 0.000088s[0m
[basic_sim-13] [0m[INFO] [1791566548.988293441] [basic_sim]: MainLoop - Ellapsed: 0.000062s[0m
[basic_sim-13] [0m[INFO] [1791566549.008343051] [basic_sim]: MainLoop - Ellapsed: 0.000064s[0m
[basic_sim-13] [0m[INFO] [1791566549.028690911] [basic_sim]: MainLoop - Ellapsed: 0.000091s[0m
[basic_sim-13] [0m[INFO] [1791566549.048268724] [basic_sim]: MainLoop - Ellapsed: 0.000058s[0m
[basic_sim-13] [0m[INFO] [1791566549.068364187] [basic_sim]: MainLoop - Ellapsed: 0.000068s[0m
[basic_sim-13] [0m[INFO] [1791566549.088358544] [basic_sim]: MainLoop - Ellapsed: 0.000071s[0m
[basic_sim-13] [0m[INFO] [1791566549.108280452] [basic_sim]: MainLoop - Ellapsed: 0.000053s[0m
[basic_sim-13] [0m[INFO] [1791566549.128940996] [basic_sim]: MainLoop - Ellapsed: 0.000119s[0m
[basic_sim-13] [0m[INFO] [1791566549.148249098] [basic_sim]: MainLoop - Ellapsed: 0.000055s[0m
[basic_sim-13] [0m[INFO] [1791566549.169137578] [basic_sim]: MainLoop - Ellapsed: 0.000147s[0m
[basic_sim-13] [0m[INFO] [1791566549.188239678] [basic_sim]: MainLoop - Ellapsed: 0.000064s[0m
[basic_sim-13] [0m[INFO] [1791566549.208830393] [basic_sim]: MainLoop - Ellapsed: 0.000093s[0m
[basic_sim-13] [0m[INFO] [1791566549.228557183] [basic_sim]: MainLoop - Ellapsed: 0.000086s[0m
[basic_sim-13] [0m[INFO] [1791566549.248386789] [basic_sim]: MainLoop - Ellapsed: 0.000061s[0m
[basic_sim-13] [0m[INFO] [1791566549.268360223] [basic_sim]: MainLoop - Ellapsed: 0.000072s[0m
[basic_sim-13] [0m[INFO] [1791566549.288566886] [basic_sim]: MainLoop - Ellapsed: 0.000083s[0m
[basic_sim-13] [0m[INFO] [1791566549.308220582] [basic_sim]: MainLoop - Ellapsed: 0.000057s[0m
[basic_sim-13] [0m[INFO] [1791566549.328770862] [basic_sim]: MainLoop - Ellapsed: 0.000109s[0m
[basic_sim-13] [0m[INFO] [1791566549.348916651] [basic_sim]: MainLoop - Ellapsed: 0.000122s[0m
[basic_sim-13] [0m[INFO] [1791566549.369219104] [basic_sim]: MainLoop - Ellapsed: 0.000154s[0m
[basic_sim-13] [0m[INFO] [1791566549.388582675] [basic_sim]: MainLoop - Ellapsed: 0.000092s[0m
[basic_sim-13] [0m[INFO] [1791566549.408220699] [basic_sim]: MainLoop - Ellapsed: 0.000060s[0m
[basic_sim-13] [0m[INFO] [1791566549.428471942] [basic_sim]: MainLoop - Ellapsed: 0.000081s[0m
[basic_sim-13] [0m[INFO] [1791566549.448282998] [basic_sim]: MainLoop - Ellapsed: 0.000066s[0m
[basic_sim-13] [0m[INFO] [1791566549.468932982] [basic_sim]: MainLoop - Ellapsed: 0.000125s[0m
[basic_sim-13] [0m[INFO] [1791566549.488481131] [basic_sim]: MainLoop - Ellapsed: 0.000075s[0m
[basic_sim-13] [0m[INFO] [1791566549.508569466] [basic_sim]: MainLoop - Ellapsed: 0.000091s[0m
[basic_sim-13] [0m[INFO] [1791566549.529024207] [basic_sim]: MainLoop - Ellapsed: 0.000124s[0m
[basic_sim-13] [0m[INFO] [1791566549.548740259] [basic_sim]: MainLoop - Ellapsed: 0.000107s[0m
[basic_sim-13] [0m[INFO] [1791566549.568487317] [basic_sim]: MainLoop - Ellapsed: 0.000076s[0m
[basic_sim-13] [0m[INFO] [1791566549.588788342] [basic_sim]: MainLoop - Ellapsed: 0.000108s[0m
[basic_sim-13] [0m[INFO] [1791566549.608228110] [basic_sim]: MainLoop - Ellapsed: 0.000060s[0m
[basic_sim-13] [0m[INFO] [1791566549.628775990] [basic_sim]: MainLoop - Ellapsed: 0.000100s[0m
[basic_sim-13] [0m[INFO] [1791566549.648363947] [basic_sim]: MainLoop - Ellapsed: 0.000064s[0m
[basic_sim-13] [0m[INFO] [1791566549.668664777] [basic_sim]: MainLoop - Ellapsed: 0.000089s[0m
[basic_sim-13] [0m[INFO] [1791566549.688427704] [basic_sim]: MainLoop - Ellapsed: 0.000078s[0m
[basic_sim-13] [0m[INFO] [1791566549.708248923] [basic_sim]: MainLoop - Ellapsed: 0.000060s[0m
[basic_sim-13] [0m[INFO] [1791566549.728972633] [basic_sim]: MainLoop - Ellapsed: 0.000126s[0m
[basic_sim-13] [0m[INFO] [1791566549.748936442] [basic_sim]: MainLoop - Ellapsed: 0.000113s[0m
[basic_sim-13] [0m[INFO] [1791566549.769850816] [basic_sim]: MainLoop - Ellapsed: 0.000173s[0m
[basic_sim-13] [0m[INFO] [1791566549.788490771] [basic_sim]: MainLoop - Ellapsed: 0.000078s[0m
[basic_sim-13] [0m[INFO] [1791566549.808562107] [basic_sim]: MainLoop - Ellapsed: 0.000087s[0m
[basic_sim-13] [0m[INFO] [1791566549.829140444] [basic_sim]: MainLoop - Ellapsed: 0.000141s[0m
[basic_sim-13] [0m[INFO] [1791566549.848912654] [basic_sim]: MainLoop - Ellapsed: 0.000113s[0m
[basic_sim-13] [0m[INFO] [1791566549.869499592] [basic_sim]: MainLoop - Ellapsed: 0.000164s[0m
[basic_sim-13] [0m[INFO] [1791566549.888443742] [basic_sim]: MainLoop - Ellapsed: 0.000079s[0m
[basic_sim-13] [0m[INFO] [1791566549.908610931] [basic_sim]: MainLoop - Ellapsed: 0.000094s[0m
[basic_sim-13] [0m[INFO] [1791566549.930044733] [basic_sim]: MainLoop - Ellapsed: 0.000200s[0m
[basic_sim-13] [0m[INFO] [1791566549.949033187] [basic_sim]: MainLoop - Ellapsed: 0.000121s[0m
[basic_sim-13] [0m[INFO] [1791566549.968908373] [basic_sim]: MainLoop - Ellapsed: 0.000111s[0m
[basic_sim-13] [0m[INFO] [1791566549.988428193] [basic_sim]: MainLoop - Ellapsed: 0.000079s[0m
[basic_sim-13] [0m[INFO] [1791566550.008693099] [basic_sim]: MainLoop - Ellapsed: 0.000098s[0m
[basic_sim-13] [0m[INFO] [1791566550.029401077] [basic_sim]: MainLoop - Ellapsed: 0.000166s[0m
[basic_sim-13] [0m[INFO] [1791566550.049171101] [basic_sim]: MainLoop - Ellapsed: 0.000147s[0m
[basic_sim-13] [0m[INFO] [1791566550.068966195] [basic_sim]: MainLoop - Ellapsed: 0.000126s[0m
[basic_sim-13] [0m[INFO] [1791566550.088459004] [basic_sim]: MainLoop - Ellapsed: 0.000078s[0m
[basic_sim-13] [0m[INFO] [1791566550.108627476] [basic_sim]: MainLoop - Ellapsed: 0.000080s[0m
[basic_sim-13] [0m[INFO] [1791566550.129065580] [basic_sim]: MainLoop - Ellapsed: 0.000140s[0m
[basic_sim-13] [0m[INFO] [1791566550.149675916] [basic_sim]: MainLoop - Ellapsed: 0.000189s[0m
[basic_sim-13] [0m[INFO] [1791566550.168667257] [basic_sim]: MainLoop - Ellapsed: 0.000085s[0m
[basic_sim-13] [0m[INFO] [1791566550.188383821] [basic_sim]: MainLoop - Ellapsed: 0.000073s[0m
[basic_sim-13] [0m[INFO] [1791566550.208513720] [basic_sim]: MainLoop - Ellapsed: 0.000083s[0m
[basic_sim-13] [0m[INFO] [1791566550.229442152] [basic_sim]: MainLoop - Ellapsed: 0.000142s[0m
[basic_sim-13] [0m[INFO] [1791566550.248916442] [basic_sim]: MainLoop - Ellapsed: 0.000128s[0m
[basic_sim-13] [0m[INFO] [1791566550.268683231] [basic_sim]: MainLoop - Ellapsed: 0.000098s[0m
[basic_sim-13] [0m[INFO] [1791566550.288405685] [basic_sim]: MainLoop - Ellapsed: 0.000071s[0m
[basic_sim-13] [0m[INFO] [1791566550.308828283] [basic_sim]: MainLoop - Ellapsed: 0.000107s[0m
[basic_sim-13] [0m[INFO] [1791566550.329440886] [basic_sim]: MainLoop - Ellapsed: 0.000142s[0m
[basic_sim-13] [0m[INFO] [1791566550.349334193] [basic_sim]: MainLoop - Ellapsed: 0.000157s[0m
[basic_sim-13] [0m[INFO] [1791566550.369442010] [basic_sim]: MainLoop - Ellapsed: 0.000146s[0m
[basic_sim-13] [0m[INFO] [1791566550.388734561] [basic_sim]: MainLoop - Ellapsed: 0.000081s[0m
[basic_sim-13] [0m[INFO] [1791566550.408631146] [basic_sim]: MainLoop - Ellapsed: 0.000086s[0m
[basic_sim-13] [0m[INFO] [1791566550.429007334] [basic_sim]: MainLoop - Ellapsed: 0.000127s[0m
[basic_sim-13] [0m[INFO] [1791566550.448736670] [basic_sim]: MainLoop - Ellapsed: 0.000108s[0m
[basic_sim-13] [0m[INFO] [1791566550.468670967] [basic_sim]: MainLoop - Ellapsed: 0.000092s[0m
[basic_sim-13] [0m[INFO] [1791566550.488268428] [basic_sim]: MainLoop - Ellapsed: 0.000064s[0m
[basic_sim-13] [0m[INFO] [1791566550.508824744] [basic_sim]: MainLoop - Ellapsed: 0.000101s[0m
[basic_sim-13] [0m[INFO] [1791566550.529729117] [basic_sim]: MainLoop - Ellapsed: 0.000176s[0m
[basic_sim-13] [0m[INFO] [1791566550.549423351] [basic_sim]: MainLoop - Ellapsed: 0.000155s[0m
[basic_sim-13] [0m[INFO] [1791566550.568574645] [basic_sim]: MainLoop - Ellapsed: 0.000077s[0m
[basic_sim-13] [0m[INFO] [1791566550.588495639] [basic_sim]: MainLoop - Ellapsed: 0.000073s[0m
[basic_sim-13] [0m[INFO] [1791566550.608424881] [basic_sim]: MainLoop - Ellapsed: 0.000078s[0m
[basic_sim-13] [0m[INFO] [1791566550.629723336] [basic_sim]: MainLoop - Ellapsed: 0.000189s[0m
[basic_sim-13] [0m[INFO] [1791566550.648312922] [basic_sim]: MainLoop - Ellapsed: 0.000070s[0m
[basic_sim-13] [0m[INFO] [1791566550.669652019] [basic_sim]: MainLoop - Ellapsed: 0.000189s[0m
[gsl_actionserver_node-14] [0m[INFO] [1791566550.677850671] [GSL - Trace]: [32mEntering StopAndMeasure[0m[0m
[basic_sim-13] [0m[INFO] [1791566550.688688750] [basic_sim]: MainLoop - Ellapsed: 0.000087s[0m
[basic_sim-13] [0m[INFO] [1791566550.708429311] [basic_sim]: MainLoop - Ellapsed: 0.000075s[0m
[basic_sim-13] [0m[INFO] [1791566550.728565394] [basic_sim]: MainLoop - Ellapsed: 0.000098s[0m
[basic_sim-13] [0m[INFO] [1791566550.749110678] [basic_sim]: MainLoop - Ellapsed: 0.000138s[0m
[basic_sim-13] [0m[INFO] [1791566550.769363242] [basic_sim]: MainLoop - Ellapsed: 0.000145s[0m
[gsl_actionserver_node-14] [0m[INFO] [1791566550.777631953] [GSL]: 2 gas measurements, 2 wind measurements over 0.50 seconds[0m
[gsl_actionserver_node-14] [0m[INFO] [1791566550.777674333] [GSL]: avg_gas=0.61;  avg_windSpeed=0.096;  avg_wind_dir=-1.9[0m
[gsl_actionserver_node-14] [0m[INFO] [1791566550.778394455] [GSL]: [33mGAS HIT[0m[0m
[basic_sim-13] [0m[INFO] [1791566550.788362036] [basic_sim]: MainLoop - Ellapsed: 0.000069s[0m
[gsl_actionserver_node-14] [0m[INFO] [1791566550.797760680] [GSL - Trace]: [32mEntering StopAndMeasure[0m[0m
[basic_sim-13] [0m[INFO] [1791566550.808425615] [basic_sim]: MainLoop - Ellapsed: 0.000069s[0m
[basic_sim-13] [0m[INFO] [1791566550.828449435] [basic_sim]: MainLoop - Ellapsed: 0.000088s[0m
[basic_sim-13] [0m[INFO] [1791566550.849066278] [basic_sim]: MainLoop - Ellapsed: 0.000132s[0m
[basic_sim-13] [0m[INFO] [1791566550.868733831] [basic_sim]: MainLoop - Ellapsed: 0.000091s[0m
[gsl_actionserver_node-14] [0m[INFO] [1791566550.877702590] [GSL]: 1 gas measurements, 1 wind measurements over 0.40 seconds[0m
[gsl_actionserver_node-14] [0m[INFO] [1791566550.877752108] [GSL]: avg_gas=0.63;  avg_windSpeed=0.088;  avg_wind_dir=-1.5[0m
[gsl_actionserver_node-14] [0m[INFO] [1791566550.878446641] [GSL]: [33mGAS HIT[0m[0m
[basic_sim-13] [0m[INFO] [1791566550.888404840] [basic_sim]: MainLoop - Ellapsed: 0.000075s[0m
[gsl_actionserver_node-14] [0m[INFO] [1791566550.897582727] [GSL - Trace]: [32mEntering StopAndMeasure[0m[0m
[basic_sim-13] [0m[INFO] [1791566550.908480633] [basic_sim]: MainLoop - Ellapsed: 0.000072s[0m
[basic_sim-13] [0m[INFO] [1791566550.929360372] [basic_sim]: MainLoop - Ellapsed: 0.000151s[0m
[basic_sim-13] [0m[INFO] [1791566550.949644834] [basic_sim]: MainLoop - Ellapsed: 0.000183s[0m
[basic_sim-13] [0m[INFO] [1791566550.969218615] [basic_sim]: MainLoop - Ellapsed: 0.000135s[0m
[gsl_actionserver_node-14] [0m[INFO] [1791566550.977974481] [GSL]: 1 gas measurements, 1 wind measurements over 0.40 seconds[0m
[gsl_actionserver_node-14] [0m[INFO] [1791566550.978030466] [GSL]: avg_gas=0.67;  avg_windSpeed=0.11;  avg_wind_dir=-1.5[0m
[gsl_actionserver_node-14] [0m[INFO] [1791566550.978978412] [GSL]: [33mGAS HIT[0m[0m
[basic_sim-13] [0m[INFO] [1791566550.988513674] [basic_sim]: MainLoop - Ellapsed: 0.000082s[0m
[gsl_actionserver_node-14] [0m[INFO] [1791566550.998272607] [GSL - Trace]: [32mEntering StopAndMeasure[0m[0m
[basic_sim-13] [0m[INFO] [1791566551.008758803] [basic_sim]: MainLoop - Ellapsed: 0.000101s[0m
[basic_sim-13] [0m[INFO] [1791566551.029048874] [basic_sim]: MainLoop - Ellapsed: 0.000128s[0m
[basic_sim-13] [0m[INFO] [1791566551.048949887] [basic_sim]: MainLoop - Ellapsed: 0.000112s[0m
[basic_sim-13] [0m[INFO] [1791566551.068716129] [basic_sim]: MainLoop - Ellapsed: 0.000107s[0m
[basic_sim-13] [0m[INFO] [1791566551.088693932] [basic_sim]: MainLoop - Ellapsed: 0.000090s[0m
[basic_sim-13] [0m[INFO] [1791566551.108725423] [basic_sim]: MainLoop - Ellapsed: 0.000104s[0m
[gsl_actionserver_node-14] [0m[INFO] [1791566551.127993597] [GSL]: 1 gas measurements, 2 wind measurements over 0.60 seconds[0m
[gsl_actionserver_node-14] [0m[INFO] [1791566551.128055499] [GSL]: avg_gas=0.69;  avg_windSpeed=0.079;  avg_wind_dir=-1.8[0m
[gsl_actionserver_node-14] [0m[INFO] [1791566551.129997240] [GSL]: [33mGAS HIT[0m[0m
[basic_sim-13] [0m[INFO] [1791566551.130076689] [basic_sim]: MainLoop - Ellapsed: 0.000228s[0m
[gsl_actionserver_node-14] [0m[INFO] [1791566551.147832700] [GSL - Trace]: [32mEntering StopAndMeasure[0m[0m
[basic_sim-13] [0m[INFO] [1791566551.149513821] [basic_sim]: MainLoop - Ellapsed: 0.000180s[0m
[basic_sim-13] [0m[INFO] [1791566551.168572525] [basic_sim]: MainLoop - Ellapsed: 0.000093s[0m
[basic_sim-13] [0m[INFO] [1791566551.188294864] [basic_sim]: MainLoop - Ellapsed: 0.000064s[0m
[basic_sim-13] [0m[INFO] [1791566551.208898176] [basic_sim]: MainLoop - Ellapsed: 0.000094s[0m
[gsl_actionserver_node-14] [0m[INFO] [1791566551.227982546] [GSL]: 1 gas measurements, 1 wind measurements over 0.40 seconds[0m
[gsl_actionserver_node-14] [0m[INFO] [1791566551.228053517] [GSL]: avg_gas=0.69;  avg_windSpeed=0.091;  avg_wind_dir=-1.3[0m
[basic_sim-13] [0m[INFO] [1791566551.229003470] [basic_sim]: MainLoop - Ellapsed: 0.000129s[0m
[gsl_actionserver_node-14] [0m[INFO] [1791566551.229765853] [GSL]: [33mGAS HIT[0m[0m
[gsl_actionserver_node-14] [0m[INFO] [1791566551.247667147] [GSL]: Max mutual info: 6.250[0m
[gsl_actionserver_node-14] [0m[INFO] [1791566551.247860346] [GSL]: MutualInformation - Ellapsed: 0.000s[0m
[basic_sim-13] [0m[INFO] [1791566551.249368519] [basic_sim]: MainLoop - Ellapsed: 0.000166s[0m
[gsl_actionserver_node-14] [0m[INFO] [1791566551.266049973] [GSL]: Sending goal (0.73, -0.08)[0m
[gsl_actionserver_node-14] [0m[INFO] [1791566551.266711019] [GSL]: Variance: 11.94[0m
[gsl_actionserver_node-14] [0m[INFO] [1791566551.266731028] [GSL - Trace]: [32mEntering Moving[0m[0m
[basic_sim-13] [0m[INFO] [1791566551.268510913] [basic_sim]: MainLoop - Ellapsed: 0.000076s[0m
[basic_sim-13] [0m[INFO] [1791566551.288548558] [basic_sim]: MainLoop - Ellapsed: 0.000082s[0m
[basic_sim-13] [0m[INFO] [1791566551.308834806] [basic_sim]: MainLoop - Ellapsed: 0.000108s[0m
[basic_sim-13] [0m[INFO] [1791566551.329273141] [basic_sim]: MainLoop - Ellapsed: 0.000157s[0m
[basic_sim-13] [0m[INFO] [1791566551.348805678] [basic_sim]: MainLoop - Ellapsed: 0.000109s[0m
[basic_sim-13] [0m[INFO] [1791566551.368938834] [basic_sim]: MainLoop - Ellapsed: 0.000113s[0m
[basic_sim-13] [0m[INFO] [1791566551.388636837] [basic_sim]: MainLoop - Ellapsed: 0.000096s[0m
[basic_sim-13] [0m[INFO] [1791566551.408680915] [basic_sim]: MainLoop - Ellapsed: 0.000100s[0m
[basic_sim-13] [0m[INFO] [1791566551.429719495] [basic_sim]: MainLoop - Ellapsed: 0.000195s[0m
[basic_sim-13] [0m[INFO] [1791566551.448747063] [basic_sim]: MainLoop - Ellapsed: 0.000104s[0m
[basic_sim-13] [0m[INFO] [1791566551.468729515] [basic_sim]: MainLoop - Ellapsed: 0.000088s[0m
[basic_sim-13] [0m[INFO] [1791566551.488645230] [basic_sim]: MainLoop - Ellapsed: 0.000088s[0m
[basic_sim-13] [0m[INFO] [1791566551.508731364] [basic_sim]: MainLoop - Ellapsed: 0.000103s[0m
[basic_sim-13] [0m[INFO] [1791566551.529666194] [basic_sim]: MainLoop - Ellapsed: 0.000157s[0m
[basic_sim-13] [0m[INFO] [1791566551.548824053] [basic_sim]: MainLoop - Ellapsed: 0.000114s[0m
[basic_sim-13] [0m[INFO] [1791566551.568358122] [basic_sim]: MainLoop - Ellapsed: 0.000065s[0m
[basic_sim-13] [0m[INFO] [1791566551.588536824] [basic_sim]: MainLoop - Ellapsed: 0.000086s[0m
[basic_sim-13] [0m[INFO] [1791566551.608281101] [basic_sim]: MainLoop - Ellapsed: 0.000068s[0m
[basic_sim-13] [0m[INFO] [1791566551.628885065] [basic_sim]: MainLoop - Ellapsed: 0.000117s[0m
[basic_sim-13] [0m[INFO] [1791566551.649268361] [basic_sim]: MainLoop - Ellapsed: 0.000140s[0m
[basic_sim-13] [0m[INFO] [1791566551.668608268] [basic_sim]: MainLoop - Ellapsed: 0.000090s[0m
[basic_sim-13] [0m[INFO] [1791566551.688415351] [basic_sim]: MainLoop - Ellapsed: 0.000073s[0m
[basic_sim-13] [0m[INFO] [1791566551.708919824] [basic_sim]: MainLoop - Ellapsed: 0.000113s[0m
[basic_sim-13] [0m[INFO] [1791566551.729144937] [basic_sim]: MainLoop - Ellapsed: 0.000125s[0m
[basic_sim-13] [0m[INFO] [1791566551.748690059] [basic_sim]: MainLoop - Ellapsed: 0.000102s[0m
[basic_sim-13] [0m[INFO] [1791566551.768853174] [basic_sim]: MainLoop - Ellapsed: 0.000103s[0m
[basic_sim-13] [0m[INFO] [1791566551.788568430] [basic_sim]: MainLoop - Ellapsed: 0.000092s[0m
[basic_sim-13] [0m[INFO] [1791566551.808756556] [basic_sim]: MainLoop - Ellapsed: 0.000105s[0m
[basic_sim-13] [0m[INFO] [1791566551.829766878] [basic_sim]: MainLoop - Ellapsed: 0.000189s[0m
[basic_sim-13] [0m[INFO] [1791566551.849262735] [basic_sim]: MainLoop - Ellapsed: 0.000161s[0m
[basic_sim-13] [0m[INFO] [1791566551.869332451] [basic_sim]: MainLoop - Ellapsed: 0.000158s[0m
[basic_sim-13] [0m[INFO] [1791566551.888836552] [basic_sim]: MainLoop - Ellapsed: 0.000114s[0m
[basic_sim-13] [0m[INFO] [1791566551.908925123] [basic_sim]: MainLoop - Ellapsed: 0.000122s[0m
[basic_sim-13] [0m[INFO] [1791566551.930042258] [basic_sim]: MainLoop - Ellapsed: 0.000224s[0m
[basic_sim-13] [0m[INFO] [1791566551.948568396] [basic_sim]: MainLoop - Ellapsed: 0.000093s[0m
[basic_sim-13] [0m[INFO] [1791566551.968660574] [basic_sim]: MainLoop - Ellapsed: 0.000088s[0m
[basic_sim-13] [0m[INFO] [1791566551.988354758] [basic_sim]: MainLoop - Ellapsed: 0.000073s[0m
[basic_sim-13] [0m[INFO] [1791566552.008273781] [basic_sim]: MainLoop - Ellapsed: 0.000061s[0m
[basic_sim-13] [0m[INFO] [1791566552.028757862] [basic_sim]: MainLoop - Ellapsed: 0.000115s[0m
[basic_sim-13] [0m[INFO] [1791566552.048246854] [basic_sim]: MainLoop - Ellapsed: 0.000067s[0m
[basic_sim-13] [0m[INFO] [1791566552.068443449] [basic_sim]: MainLoop - Ellapsed: 0.000084s[0m
[basic_sim-13] [0m[INFO] [1791566552.088443849] [basic_sim]: MainLoop - Ellapsed: 0.000079s[0m
[basic_sim-13] [0m[INFO] [1791566552.108244425] [basic_sim]: MainLoop - Ellapsed: 0.000065s[0m
[basic_sim-13] [0m[INFO] [1791566552.128677717] [basic_sim]: MainLoop - Ellapsed: 0.000098s[0m
[basic_sim-13] [0m[INFO] [1791566552.148591670] [basic_sim]: MainLoop - Ellapsed: 0.000081s[0m
[basic_sim-13] [0m[INFO] [1791566552.168985174] [basic_sim]: MainLoop - Ellapsed: 0.000120s[0m
[basic_sim-13] [0m[INFO] [1791566552.188479644] [basic_sim]: MainLoop - Ellapsed: 0.000085s[0m
[basic_sim-13] [0m[INFO] [1791566552.208779893] [basic_sim]: MainLoop - Ellapsed: 0.000109s[0m
[basic_sim-13] [0m[INFO] [1791566552.228872229] [basic_sim]: MainLoop - Ellapsed: 0.000104s[0m
[basic_sim-13] [0m[INFO] [1791566552.248672204] [basic_sim]: MainLoop - Ellapsed: 0.000097s[0m
[basic_sim-13] [0m[INFO] [1791566552.268809815] [basic_sim]: MainLoop - Ellapsed: 0.000110s[0m
[basic_sim-13] [0m[INFO] [1791566552.288416103] [basic_sim]: MainLoop - Ellapsed: 0.000077s[0m
[basic_sim-13] [0m[INFO] [1791566552.308251054] [basic_sim]: MainLoop - Ellapsed: 0.000059s[0m
[basic_sim-13] [0m[INFO] [1791566552.328723429] [basic_sim]: MainLoop - Ellapsed: 0.000105s[0m
[basic_sim-13] [0m[INFO] [1791566552.348772057] [basic_sim]: MainLoop - Ellapsed: 0.000108s[0m
[basic_sim-13] [0m[INFO] [1791566552.368699445] [basic_sim]: MainLoop - Ellapsed: 0.000104s[0m
[basic_sim-13] [0m[INFO] [1791566552.388526612] [basic_sim]: MainLoop - Ellapsed: 0.000071s[0m
[basic_sim-13] [0m[INFO] [1791566552.408860178] [basic_sim]: MainLoop - Ellapsed: 0.000117s[0m
[basic_sim-13] [0m[INFO] [1791566552.429531471] [basic_sim]: MainLoop - Ellapsed: 0.000170s[0m
[basic_sim-13] [0m[INFO] [1791566552.448755442] [basic_sim]: MainLoop - Ellapsed: 0.000107s[0m
[basic_sim-13] [0m[INFO] [1791566552.468852825] [basic_sim]: MainLoop - Ellapsed: 0.000118s[0m
[basic_sim-13] [0m[INFO] [1791566552.488495905] [basic_sim]: MainLoop - Ellapsed: 0.000082s[0m
[basic_sim-13] [0m[INFO] [1791566552.508740383] [basic_sim]: MainLoop - Ellapsed: 0.000107s[0m
[basic_sim-13] [0m[INFO] [1791566552.529597757] [basic_sim]: MainLoop - Ellapsed: 0.000178s[0m
[basic_sim-13] [0m[INFO] [1791566552.548664828] [basic_sim]: MainLoop - Ellapsed: 0.000102s[0m
[basic_sim-13] [0m[INFO] [1791566552.568535918] [basic_sim]: MainLoop - Ellapsed: 0.000080s[0m
[basic_sim-13] [0m[INFO] [1791566552.588354182] [basic_sim]: MainLoop - Ellapsed: 0.000071s[0m
[basic_sim-13] [0m[INFO] [1791566552.608334924] [basic_sim]: MainLoop - Ellapsed: 0.000067s[0m
[basic_sim-13] [0m[INFO] [1791566552.629012337] [basic_sim]: MainLoop - Ellapsed: 0.000128s[0m
[basic_sim-13] [0m[INFO] [1791566552.648603881] [basic_sim]: MainLoop - Ellapsed: 0.000087s[0m
[basic_sim-13] [0m[INFO] [1791566552.668488142] [basic_sim]: MainLoop - Ellapsed: 0.000078s[0m
[basic_sim-13] [0m[INFO] [1791566552.688455668] [basic_sim]: MainLoop - Ellapsed: 0.000077s[0m
[basic_sim-13] [0m[INFO] [1791566552.708277137] [basic_sim]: MainLoop - Ellapsed: 0.000065s[0m
[basic_sim-13] [0m[INFO] [1791566552.729262455] [basic_sim]: MainLoop - Ellapsed: 0.000155s[0m
[basic_sim-13] [0m[INFO] [1791566552.749239299] [basic_sim]: MainLoop - Ellapsed: 0.000145s[0m
[basic_sim-13] [0m[INFO] [1791566552.768661657] [basic_sim]: MainLoop - Ellapsed: 0.000092s[0m
[basic_sim-13] [0m[INFO] [1791566552.788446783] [basic_sim]: MainLoop - Ellapsed: 0.000078s[0m
[basic_sim-13] [0m[INFO] [1791566552.808288717] [basic_sim]: MainLoop - Ellapsed: 0.000065s[0m
[basic_sim-13] [0m[INFO] [1791566552.828994583] [basic_sim]: MainLoop - Ellapsed: 0.000105s[0m
[basic_sim-13] [0m[INFO] [1791566552.848993397] [basic_sim]: MainLoop - Ellapsed: 0.000128s[0m
[basic_sim-13] [0m[INFO] [1791566552.868843786] [basic_sim]: MainLoop - Ellapsed: 0.000112s[0m
[basic_sim-13] [0m[INFO] [1791566552.888536913] [basic_sim]: MainLoop - Ellapsed: 0.000086s[0m
[basic_sim-13] [0m[INFO] [1791566552.909067695] [basic_sim]: MainLoop - Ellapsed: 0.000137s[0m
[basic_sim-13] [0m[INFO] [1791566552.928987004] [basic_sim]: MainLoop - Ellapsed: 0.000107s[0m
[basic_sim-13] [0m[INFO] [1791566552.949739462] [basic_sim]: MainLoop - Ellapsed: 0.000170s[0m
[basic_sim-13] [0m[INFO] [1791566552.969448638] [basic_sim]: MainLoop - Ellapsed: 0.000148s[0m
[basic_sim-13] [0m[INFO] [1791566552.988546140] [basic_sim]: MainLoop - Ellapsed: 0.000089s[0m
[basic_sim-13] [0m[INFO] [1791566553.008816825] [basic_sim]: MainLoop - Ellapsed: 0.000107s[0m
[basic_sim-13] [0m[INFO] [1791566553.029334642] [basic_sim]: MainLoop - Ellapsed: 0.000126s[0m
[basic_sim-13] [0m[INFO] [1791566553.048727282] [basic_sim]: MainLoop - Ellapsed: 0.000074s[0m
[basic_sim-13] [0m[INFO] [1791566553.068827454] [basic_sim]: MainLoop - Ellapsed: 0.000081s[0m
[basic_sim-13] [0m[INFO] [1791566553.088387403] [basic_sim]: MainLoop - Ellapsed: 0.000074s[0m
[basic_sim-13] [0m[INFO] [1791566553.108845874] [basic_sim]: MainLoop - Ellapsed: 0.000107s[0m
[basic_sim-13] [0m[INFO] [1791566553.128831469] [basic_sim]: MainLoop - Ellapsed: 0.000098s[0m
[basic_sim-13] [0m[INFO] [1791566553.148932121] [basic_sim]: MainLoop - Ellapsed: 0.000112s[0m
[basic_sim-13] [0m[INFO] [1791566553.169420806] [basic_sim]: MainLoop - Ellapsed: 0.000141s[0m
[basic_sim-13] [0m[INFO] [1791566553.188950198] [basic_sim]: MainLoop - Ellapsed: 0.000127s[0m
[basic_sim-13] [0m[INFO] [1791566553.209052521] [basic_sim]: MainLoop - Ellapsed: 0.000109s[0m
[basic_sim-13] [0m[INFO] [1791566553.229378395] [basic_sim]: MainLoop - Ellapsed: 0.000141s[0m
[basic_sim-13] [0m[INFO] [1791566553.248769033] [basic_sim]: MainLoop - Ellapsed: 0.000083s[0m
[basic_sim-13] [0m[INFO] [1791566553.268984325] [basic_sim]: MainLoop - Ellapsed: 0.000097s[0m
[basic_sim-13] [0m[INFO] [1791566553.288488283] [basic_sim]: MainLoop - Ellapsed: 0.000074s[0m
[controller_server-9] [31m[ERROR] [1791566553.289581156] [PioneerP3DX.controller_server]: Failed to make progress[0m
[basic_sim-13] [0m[INFO] [1791566553.308514354] [basic_sim]: MainLoop - Ellapsed: 0.000081s[0m
[basic_sim-13] [0m[INFO] [1791566553.329221404] [basic_sim]: MainLoop - Ellapsed: 0.000124s[0m
[basic_sim-13] [0m[INFO] [1791566553.349533323] [basic_sim]: MainLoop - Ellapsed: 0.000155s[0m
[basic_sim-13] [0m[INFO] [1791566553.368931819] [basic_sim]: MainLoop - Ellapsed: 0.000092s[0m
[basic_sim-13] [0m[INFO] [1791566553.388522146] [basic_sim]: MainLoop - Ellapsed: 0.000071s[0m
[basic_sim-13] [0m[INFO] [1791566553.408677605] [basic_sim]: MainLoop - Ellapsed: 0.000075s[0m
[basic_sim-13] [0m[INFO] [1791566553.428869884] [basic_sim]: MainLoop - Ellapsed: 0.000113s[0m
[basic_sim-13] [0m[INFO] [1791566553.450687842] [basic_sim]: MainLoop - Ellapsed: 0.000275s[0m
[basic_sim-13] [0m[INFO] [1791566553.468550410] [basic_sim]: MainLoop - Ellapsed: 0.000075s[0m
[basic_sim-13] [0m[INFO] [1791566553.488677471] [basic_sim]: MainLoop - Ellapsed: 0.000082s[0m
[basic_sim-13] [0m[INFO] [1791566553.509144500] [basic_sim]: MainLoop - Ellapsed: 0.000116s[0m
[basic_sim-13] [0m[INFO] [1791566553.530027324] [basic_sim]: MainLoop - Ellapsed: 0.000195s[0m
[basic_sim-13] [0m[INFO] [1791566553.549459813] [basic_sim]: MainLoop - Ellapsed: 0.000144s[0m
[basic_sim-13] [0m[INFO] [1791566553.568551444] [basic_sim]: MainLoop - Ellapsed: 0.000064s[0m
[basic_sim-13] [0m[INFO] [1791566553.588466695] [basic_sim]: MainLoop - Ellapsed: 0.000066s[0m
[basic_sim-13] [0m[INFO] [1791566553.608559606] [basic_sim]: MainLoop - Ellapsed: 0.000071s[0m
[basic_sim-13] [0m[INFO] [1791566553.629071980] [basic_sim]: MainLoop - Ellapsed: 0.000110s[0m
[basic_sim-13] [0m[INFO] [1791566553.650609719] [basic_sim]: MainLoop - Ellapsed: 0.000278s[0m
[basic_sim-13] [0m[INFO] [1791566553.668507853] [basic_sim]: MainLoop - Ellapsed: 0.000066s[0m
[basic_sim-13] [0m[INFO] [1791566553.688421533] [basic_sim]: MainLoop - Ellapsed: 0.000062s[0m
[basic_sim-13] [0m[INFO] [1791566553.708854671] [basic_sim]: MainLoop - Ellapsed: 0.000091s[0m
[basic_sim-13] [0m[INFO] [1791566553.733566060] [basic_sim]: MainLoop - Ellapsed: 0.000553s[0m
[basic_sim-13] [0m[INFO] [1791566553.748776204] [basic_sim]: MainLoop - Ellapsed: 0.000084s[0m
[basic_sim-13] [0m[INFO] [1791566553.768667826] [basic_sim]: MainLoop - Ellapsed: 0.000069s[0m
[basic_sim-13] [0m[INFO] [1791566553.788964400] [basic_sim]: MainLoop - Ellapsed: 0.000103s[0m
[basic_sim-13] [0m[INFO] [1791566553.809277150] [basic_sim]: MainLoop - Ellapsed: 0.000130s[0m
[basic_sim-13] [0m[INFO] [1791566553.828576921] [basic_sim]: MainLoop - Ellapsed: 0.000070s[0m
[basic_sim-13] [0m[INFO] [1791566553.848757826] [basic_sim]: MainLoop - Ellapsed: 0.000081s[0m
[basic_sim-13] [0m[INFO] [1791566553.869194667] [basic_sim]: MainLoop - Ellapsed: 0.000120s[0m
[basic_sim-13] [0m[INFO] [1791566553.888596247] [basic_sim]: MainLoop - Ellapsed: 0.000090s[0m
[basic_sim-13] [0m[INFO] [1791566553.908448776] [basic_sim]: MainLoop - Ellapsed: 0.000079s[0m
[basic_sim-13] [0m[INFO] [1791566553.928237690] [basic_sim]: MainLoop - Ellapsed: 0.000058s[0m
[basic_sim-13] [0m[INFO] [1791566553.948766738] [basic_sim]: MainLoop - Ellapsed: 0.000098s[0m
[basic_sim-13] [0m[INFO] [1791566553.968762839] [basic_sim]: MainLoop - Ellapsed: 0.000085s[0m
[basic_sim-13] [0m[INFO] [1791566553.988959111] [basic_sim]: MainLoop - Ellapsed: 0.000117s[0m
[basic_sim-13] [0m[INFO] [1791566554.008698351] [basic_sim]: MainLoop - Ellapsed: 0.000085s[0m
[basic_sim-13] [0m[INFO] [1791566554.028615426] [basic_sim]: MainLoop - Ellapsed: 0.000086s[0m
[basic_sim-13] [0m[INFO] [1791566554.050109988] [basic_sim]: MainLoop - Ellapsed: 0.000218s[0m
[basic_sim-13] [0m[INFO] [1791566554.068474413] [basic_sim]: MainLoop - Ellapsed: 0.000073s[0m
[basic_sim-13] [0m[INFO] [1791566554.088959655] [basic_sim]: MainLoop - Ellapsed: 0.000113s[0m
[basic_sim-13] [0m[INFO] [1791566554.109127940] [basic_sim]: MainLoop - Ellapsed: 0.000114s[0m
[basic_sim-13] [0m[INFO] [1791566554.128440380] [basic_sim]: MainLoop - Ellapsed: 0.000058s[0m
[basic_sim-13] [0m[INFO] [1791566554.148835356] [basic_sim]: MainLoop - Ellapsed: 0.000074s[0m
[basic_sim-13] [0m[INFO] [1791566554.168465375] [basic_sim]: MainLoop - Ellapsed: 0.000073s[0m
[basic_sim-13] [0m[INFO] [1791566554.188922791] [basic_sim]: MainLoop - Ellapsed: 0.000111s[0m
[basic_sim-13] [0m[INFO] [1791566554.208520693] [basic_sim]: MainLoop - Ellapsed: 0.000069s[0m
[basic_sim-13] [0m[INFO] [1791566554.228729867] [basic_sim]: MainLoop - Ellapsed: 0.000082s[0m
[basic_sim-13] [0m[INFO] [1791566554.249245350] [basic_sim]: MainLoop - Ellapsed: 0.000122s[0m
[basic_sim-13] [0m[INFO] [1791566554.268889628] [basic_sim]: MainLoop - Ellapsed: 0.000095s[0m
[basic_sim-13] [0m[INFO] [1791566554.288566424] [basic_sim]: MainLoop - Ellapsed: 0.000066s[0m
[basic_sim-13] [0m[INFO] [1791566554.308805149] [basic_sim]: MainLoop - Ellapsed: 0.000104s[0m
[basic_sim-13] [0m[INFO] [1791566554.329187019] [basic_sim]: MainLoop - Ellapsed: 0.000126s[0m
[basic_sim-13] [0m[INFO] [1791566554.350077612] [basic_sim]: MainLoop - Ellapsed: 0.000165s[0m
[basic_sim-13] [0m[INFO] [1791566554.369029209] [basic_sim]: MainLoop - Ellapsed: 0.000107s[0m
[basic_sim-13] [0m[INFO] [1791566554.388845038] [basic_sim]: MainLoop - Ellapsed: 0.000090s[0m
[basic_sim-13] [0m[INFO] [1791566554.408514343] [basic_sim]: MainLoop - Ellapsed: 0.000083s[0m
[basic_sim-13] [0m[INFO] [1791566554.428807224] [basic_sim]: MainLoop - Ellapsed: 0.000100s[0m
[basic_sim-13] [0m[INFO] [1791566554.449217648] [basic_sim]: MainLoop - Ellapsed: 0.000113s[0m
[basic_sim-13] [0m[INFO] [1791566554.468981032] [basic_sim]: MainLoop - Ellapsed: 0.000095s[0m
[basic_sim-13] [0m[INFO] [1791566554.488490947] [basic_sim]: MainLoop - Ellapsed: 0.000065s[0m
[basic_sim-13] [0m[INFO] [1791566554.508538730] [basic_sim]: MainLoop - Ellapsed: 0.000081s[0m
[basic_sim-13] [0m[INFO] [1791566554.528612159] [basic_sim]: MainLoop - Ellapsed: 0.000083s[0m
[basic_sim-13] [0m[INFO] [1791566554.549231488] [basic_sim]: MainLoop - Ellapsed: 0.000126s[0m
[basic_sim-13] [0m[INFO] [1791566554.568986363] [basic_sim]: MainLoop - Ellapsed: 0.000098s[0m
[basic_sim-13] [0m[INFO] [1791566554.588771623] [basic_sim]: MainLoop - Ellapsed: 0.000083s[0m
[basic_sim-13] [0m[INFO] [1791566554.608533699] [basic_sim]: MainLoop - Ellapsed: 0.000082s[0m
[basic_sim-13] [0m[INFO] [1791566554.628497620] [basic_sim]: MainLoop - Ellapsed: 0.000073s[0m
[basic_sim-13] [0m[INFO] [1791566554.649028764] [basic_sim]: MainLoop - Ellapsed: 0.000109s[0m
[basic_sim-13] [0m[INFO] [1791566554.669109054] [basic_sim]: MainLoop - Ellapsed: 0.000111s[0m
[basic_sim-13] [0m[INFO] [1791566554.688732412] [basic_sim]: MainLoop - Ellapsed: 0.000089s[0m
[basic_sim-13] [0m[INFO] [1791566554.709294705] [basic_sim]: MainLoop - Ellapsed: 0.000155s[0m
[basic_sim-13] [0m[INFO] [1791566554.729489577] [basic_sim]: MainLoop - Ellapsed: 0.000143s[0m
[basic_sim-13] [0m[INFO] [1791566554.749030087] [basic_sim]: MainLoop - Ellapsed: 0.000106s[0m
[basic_sim-13] [0m[INFO] [1791566554.768534214] [basic_sim]: MainLoop - Ellapsed: 0.000059s[0m
[basic_sim-13] [0m[INFO] [1791566554.788688858] [basic_sim]: MainLoop - Ellapsed: 0.000086s[0m
[basic_sim-13] [0m[INFO] [1791566554.808776338] [basic_sim]: MainLoop - Ellapsed: 0.000095s[0m
[basic_sim-13] [0m[INFO] [1791566554.828877508] [basic_sim]: MainLoop - Ellapsed: 0.000112s[0m
[basic_sim-13] [0m[INFO] [1791566554.849022640] [basic_sim]: MainLoop - Ellapsed: 0.000113s[0m
[basic_sim-13] [0m[INFO] [1791566554.868833443] [basic_sim]: MainLoop - Ellapsed: 0.000090s[0m
[basic_sim-13] [0m[INFO] [1791566554.888912687] [basic_sim]: MainLoop - Ellapsed: 0.000093s[0m
[basic_sim-13] [0m[INFO] [1791566554.908764611] [basic_sim]: MainLoop - Ellapsed: 0.000105s[0m
[basic_sim-13] [0m[INFO] [1791566554.928953397] [basic_sim]: MainLoop - Ellapsed: 0.000117s[0m
[basic_sim-13] [0m[INFO] [1791566554.948608622] [basic_sim]: MainLoop - Ellapsed: 0.000070s[0m
[basic_sim-13] [0m[INFO] [1791566554.968543461] [basic_sim]: MainLoop - Ellapsed: 0.000063s[0m
[basic_sim-13] [0m[INFO] [1791566554.988607711] [basic_sim]: MainLoop - Ellapsed: 0.000081s[0m
[basic_sim-13] [0m[INFO] [1791566555.009014771] [basic_sim]: MainLoop - Ellapsed: 0.000130s[0m
[basic_sim-13] [0m[INFO] [1791566555.028967985] [basic_sim]: MainLoop - Ellapsed: 0.000112s[0m
[basic_sim-13] [0m[INFO] [1791566555.049541409] [basic_sim]: MainLoop - Ellapsed: 0.000150s[0m
[basic_sim-13] [0m[INFO] [1791566555.069263175] [basic_sim]: MainLoop - Ellapsed: 0.000125s[0m
[basic_sim-13] [0m[INFO] [1791566555.088664855] [basic_sim]: MainLoop - Ellapsed: 0.000080s[0m
[basic_sim-13] [0m[INFO] [1791566555.108871928] [basic_sim]: MainLoop - Ellapsed: 0.000117s[0m
[basic_sim-13] [0m[INFO] [1791566555.128418564] [basic_sim]: MainLoop - Ellapsed: 0.000068s[0m
[basic_sim-13] [0m[INFO] [1791566555.148816617] [basic_sim]: MainLoop - Ellapsed: 0.000084s[0m
[basic_sim-13] [0m[INFO] [1791566555.168718576] [basic_sim]: MainLoop - Ellapsed: 0.000076s[0m
[basic_sim-13] [0m[INFO] [1791566555.188673952] [basic_sim]: MainLoop - Ellapsed: 0.000085s[0m
[basic_sim-13] [0m[INFO] [1791566555.208914236] [basic_sim]: MainLoop - Ellapsed: 0.000110s[0m
[basic_sim-13] [0m[INFO] [1791566555.228755557] [basic_sim]: MainLoop - Ellapsed: 0.000106s[0m
[basic_sim-13] [0m[INFO] [1791566555.249061357] [basic_sim]: MainLoop - Ellapsed: 0.000121s[0m
[basic_sim-13] [0m[INFO] [1791566555.268506707] [basic_sim]: MainLoop - Ellapsed: 0.000073s[0m
[basic_sim-13] [0m[INFO] [1791566555.288577946] [basic_sim]: MainLoop - Ellapsed: 0.000083s[0m
[basic_sim-13] [0m[INFO] [1791566555.309070243] [basic_sim]: MainLoop - Ellapsed: 0.000131s[0m
[basic_sim-13] [0m[INFO] [1791566555.328393103] [basic_sim]: MainLoop - Ellapsed: 0.000072s[0m
[basic_sim-13] [0m[INFO] [1791566555.348785819] [basic_sim]: MainLoop - Ellapsed: 0.000097s[0m
[basic_sim-13] [0m[INFO] [1791566555.368470625] [basic_sim]: MainLoop - Ellapsed: 0.000065s[0m
[basic_sim-13] [0m[INFO] [1791566555.388544440] [basic_sim]: MainLoop - Ellapsed: 0.000083s[0m
[basic_sim-13] [0m[INFO] [1791566555.408510468] [basic_sim]: MainLoop - Ellapsed: 0.000087s[0m
[controller_server-9] [31m[ERROR] [1791566555.413296190] [PioneerP3DX.controller_server]: Failed to make progress[0m
[basic_sim-13] [0m[INFO] [1791566555.428256952] [basic_sim]: MainLoop - Ellapsed: 0.000056s[0m
[basic_sim-13] [0m[INFO] [1791566555.448516071] [basic_sim]: MainLoop - Ellapsed: 0.000069s[0m
[basic_sim-13] [0m[INFO] [1791566555.468460372] [basic_sim]: MainLoop - Ellapsed: 0.000059s[0m
[basic_sim-13] [0m[INFO] [1791566555.488608819] [basic_sim]: MainLoop - Ellapsed: 0.000079s[0m
[basic_sim-13] [0m[INFO] [1791566555.508408499] [basic_sim]: MainLoop - Ellapsed: 0.000073s[0m
[basic_sim-13] [0m[INFO] [1791566555.528570550] [basic_sim]: MainLoop - Ellapsed: 0.000085s[0m
[basic_sim-13] [0m[INFO] [1791566555.548763427] [basic_sim]: MainLoop - Ellapsed: 0.000092s[0m
[basic_sim-13] [0m[INFO] [1791566555.568623846] [basic_sim]: MainLoop - Ellapsed: 0.000075s[0m
[basic_sim-13] [0m[INFO] [1791566555.588593296] [basic_sim]: MainLoop - Ellapsed: 0.000080s[0m
[basic_sim-13] [0m[INFO] [1791566555.608531270] [basic_sim]: MainLoop - Ellapsed: 0.000079s[0m
[basic_sim-13] [0m[INFO] [1791566555.628697407] [basic_sim]: MainLoop - Ellapsed: 0.000100s[0m
[basic_sim-13] [0m[INFO] [1791566555.648470168] [basic_sim]: MainLoop - Ellapsed: 0.000063s[0m
[basic_sim-13] [0m[INFO] [1791566555.668546430] [basic_sim]: MainLoop - Ellapsed: 0.000076s[0m
[basic_sim-13] [0m[INFO] [1791566555.688705999] [basic_sim]: MainLoop - Ellapsed: 0.000095s[0m
[basic_sim-13] [0m[INFO] [1791566555.708599189] [basic_sim]: MainLoop - Ellapsed: 0.000076s[0m
[basic_sim-13] [0m[INFO] [1791566555.728465369] [basic_sim]: MainLoop - Ellapsed: 0.000082s[0m
[basic_sim-13] [0m[INFO] [1791566555.748368743] [basic_sim]: MainLoop - Ellapsed: 0.000061s[0m
[basic_sim-13] [0m[INFO] [1791566555.768952845] [basic_sim]: MainLoop - Ellapsed: 0.000104s[0m
[basic_sim-13] [0m[INFO] [1791566555.788964169] [basic_sim]: MainLoop - Ellapsed: 0.000104s[0m
[basic_sim-13] [0m[INFO] [1791566555.808497757] [basic_sim]: MainLoop - Ellapsed: 0.000071s[0m
[basic_sim-13] [0m[INFO] [1791566555.829110255] [basic_sim]: MainLoop - Ellapsed: 0.000116s[0m
[basic_sim-13] [0m[INFO] [1791566555.849025148] [basic_sim]: MainLoop - Ellapsed: 0.000119s[0m
[basic_sim-13] [0m[INFO] [1791566555.869010593] [basic_sim]: MainLoop - Ellapsed: 0.000114s[0m
[basic_sim-13] [0m[INFO] [1791566555.888542892] [basic_sim]: MainLoop - Ellapsed: 0.000079s[0m
[basic_sim-13] [0m[INFO] [1791566555.908538191] [basic_sim]: MainLoop - Ellapsed: 0.000081s[0m
[basic_sim-13] [0m[INFO] [1791566555.928317755] [basic_sim]: MainLoop - Ellapsed: 0.000063s[0m
[basic_sim-13] [0m[INFO] [1791566555.948480155] [basic_sim]: MainLoop - Ellapsed: 0.000069s[0m
[basic_sim-13] [0m[INFO] [1791566555.968489854] [basic_sim]: MainLoop - Ellapsed: 0.000076s[0m
[basic_sim-13] [0m[INFO] [1791566555.988821403] [basic_sim]: MainLoop - Ellapsed: 0.000106s[0m
[basic_sim-13] [0m[INFO] [1791566556.009688576] [basic_sim]: MainLoop - Ellapsed: 0.000180s[0m
[basic_sim-13] [0m[INFO] [1791566556.029818977] [basic_sim]: MainLoop - Ellapsed: 0.000194s[0m
[basic_sim-13] [0m[INFO] [1791566556.049291576] [basic_sim]: MainLoop - Ellapsed: 0.000146s[0m
[basic_sim-13] [0m[INFO] [1791566556.068773612] [basic_sim]: MainLoop - Ellapsed: 0.000070s[0m
[basic_sim-13] [0m[INFO] [1791566556.088856686] [basic_sim]: MainLoop - Ellapsed: 0.000105s[0m
[basic_sim-13] [0m[INFO] [1791566556.108839810] [basic_sim]: MainLoop - Ellapsed: 0.000099s[0m
[basic_sim-13] [0m[INFO] [1791566556.129051006] [basic_sim]: MainLoop - Ellapsed: 0.000127s[0m
[basic_sim-13] [0m[INFO] [1791566556.150015869] [basic_sim]: MainLoop - Ellapsed: 0.000192s[0m
[basic_sim-13] [0m[INFO] [1791566556.168638622] [basic_sim]: MainLoop - Ellapsed: 0.000078s[0m
[basic_sim-13] [0m[INFO] [1791566556.188709778] [basic_sim]: MainLoop - Ellapsed: 0.000089s[0m
[basic_sim-13] [0m[INFO] [1791566556.209295893] [basic_sim]: MainLoop - Ellapsed: 0.000157s[0m
[basic_sim-13] [0m[INFO] [1791566556.230274939] [basic_sim]: MainLoop - Ellapsed: 0.000177s[0m
[basic_sim-13] [0m[INFO] [1791566556.248768210] [basic_sim]: MainLoop - Ellapsed: 0.000109s[0m
[basic_sim-13] [0m[INFO] [1791566556.269417560] [basic_sim]: MainLoop - Ellapsed: 0.000149s[0m
[basic_sim-13] [0m[INFO] [1791566556.289102296] [basic_sim]: MainLoop - Ellapsed: 0.000125s[0m
[basic_sim-13] [0m[INFO] [1791566556.308664258] [basic_sim]: MainLoop - Ellapsed: 0.000098s[0m
[basic_sim-13] [0m[INFO] [1791566556.328614705] [basic_sim]: MainLoop - Ellapsed: 0.000094s[0m
[basic_sim-13] [0m[INFO] [1791566556.348442130] [basic_sim]: MainLoop - Ellapsed: 0.000073s[0m
[basic_sim-13] [0m[INFO] [1791566556.368960438] [basic_sim]: MainLoop - Ellapsed: 0.000120s[0m
[basic_sim-13] [0m[INFO] [1791566556.388497860] [basic_sim]: MainLoop - Ellapsed: 0.000082s[0m
[basic_sim-13] [0m[INFO] [1791566556.408717127] [basic_sim]: MainLoop - Ellapsed: 0.000101s[0m
[basic_sim-13] [0m[INFO] [1791566556.429502336] [basic_sim]: MainLoop - Ellapsed: 0.000153s[0m
[basic_sim-13] [0m[INFO] [1791566556.448824262] [basic_sim]: MainLoop - Ellapsed: 0.000105s[0m
[basic_sim-13] [0m[INFO] [1791566556.469158897] [basic_sim]: MainLoop - Ellapsed: 0.000138s[0m
[basic_sim-13] [0m[INFO] [1791566556.488387800] [basic_sim]: MainLoop - Ellapsed: 0.000076s[0m
[basic_sim-13] [0m[INFO] [1791566556.508610712] [basic_sim]: MainLoop - Ellapsed: 0.000075s[0m
[basic_sim-13] [0m[INFO] [1791566556.528960037] [basic_sim]: MainLoop - Ellapsed: 0.000117s[0m
[basic_sim-13] [0m[INFO] [1791566556.549205658] [basic_sim]: MainLoop - Ellapsed: 0.000140s[0m
[basic_sim-13] [0m[INFO] [1791566556.568384131] [basic_sim]: MainLoop - Ellapsed: 0.000064s[0m
[basic_sim-13] [0m[INFO] [1791566556.588594774] [basic_sim]: MainLoop - Ellapsed: 0.000091s[0m
[basic_sim-13] [0m[INFO] [1791566556.608386027] [basic_sim]: MainLoop - Ellapsed: 0.000063s[0m
[basic_sim-13] [0m[INFO] [1791566556.628365973] [basic_sim]: MainLoop - Ellapsed: 0.000073s[0m
[basic_sim-13] [0m[INFO] [1791566556.648487184] [basic_sim]: MainLoop - Ellapsed: 0.000075s[0m
[basic_sim-13] [0m[INFO] [1791566556.668978124] [basic_sim]: MainLoop - Ellapsed: 0.000116s[0m
[basic_sim-13] [0m[INFO] [1791566556.688559616] [basic_sim]: MainLoop - Ellapsed: 0.000085s[0m
[basic_sim-13] [0m[INFO] [1791566556.709511884] [basic_sim]: MainLoop - Ellapsed: 0.000171s[0m
[basic_sim-13] [0m[INFO] [1791566556.729484990] [basic_sim]: MainLoop - Ellapsed: 0.000159s[0m
[basic_sim-13] [0m[INFO] [1791566556.748830002] [basic_sim]: MainLoop - Ellapsed: 0.000109s[0m
[basic_sim-13] [0m[INFO] [1791566556.768909518] [basic_sim]: MainLoop - Ellapsed: 0.000118s[0m
[basic_sim-13] [0m[INFO] [1791566556.788861774] [basic_sim]: MainLoop - Ellapsed: 0.000100s[0m
[basic_sim-13] [0m[INFO] [1791566556.808385105] [basic_sim]: MainLoop - Ellapsed: 0.000073s[0m
[basic_sim-13] [0m[INFO] [1791566556.828937013] [basic_sim]: MainLoop - Ellapsed: 0.000122s[0m
[basic_sim-13] [0m[INFO] [1791566556.848570075] [basic_sim]: MainLoop - Ellapsed: 0.000087s[0m
[basic_sim-13] [0m[INFO] [1791566556.869226134] [basic_sim]: MainLoop - Ellapsed: 0.000128s[0m
[basic_sim-13] [0m[INFO] [1791566556.888631436] [basic_sim]: MainLoop - Ellapsed: 0.000096s[0m
[basic_sim-13] [0m[INFO] [1791566556.908296836] [basic_sim]: MainLoop - Ellapsed: 0.000061s[0m
[basic_sim-13] [0m[INFO] [1791566556.928384065] [basic_sim]: MainLoop - Ellapsed: 0.000070s[0m
[basic_sim-13] [0m[INFO] [1791566556.948705729] [basic_sim]: MainLoop - Ellapsed: 0.000100s[0m
[basic_sim-13] [0m[INFO] [1791566556.968774586] [basic_sim]: MainLoop - Ellapsed: 0.000102s[0m
[basic_sim-13] [0m[INFO] [1791566556.988687176] [basic_sim]: MainLoop - Ellapsed: 0.000090s[0m
[basic_sim-13] [0m[INFO] [1791566557.008765100] [basic_sim]: MainLoop - Ellapsed: 0.000109s[0m
[basic_sim-13] [0m[INFO] [1791566557.029015218] [basic_sim]: MainLoop - Ellapsed: 0.000123s[0m
[basic_sim-13] [0m[INFO] [1791566557.049353210] [basic_sim]: MainLoop - Ellapsed: 0.000155s[0m
[basic_sim-13] [0m[INFO] [1791566557.068644642] [basic_sim]: MainLoop - Ellapsed: 0.000079s[0m
[basic_sim-13] [0m[INFO] [1791566557.088529341] [basic_sim]: MainLoop - Ellapsed: 0.000076s[0m
[basic_sim-13] [0m[INFO] [1791566557.108485147] [basic_sim]: MainLoop - Ellapsed: 0.000077s[0m
[basic_sim-13] [0m[INFO] [1791566557.128844247] [basic_sim]: MainLoop - Ellapsed: 0.000083s[0m
[basic_sim-13] [0m[INFO] [1791566557.148635840] [basic_sim]: MainLoop - Ellapsed: 0.000089s[0m
[basic_sim-13] [0m[INFO] [1791566557.168452920] [basic_sim]: MainLoop - Ellapsed: 0.000070s[0m
[basic_sim-13] [0m[INFO] [1791566557.188549567] [basic_sim]: MainLoop - Ellapsed: 0.000091s[0m
[basic_sim-13] [0m[INFO] [1791566557.208495044] [basic_sim]: MainLoop - Ellapsed: 0.000072s[0m
[basic_sim-13] [0m[INFO] [1791566557.228829903] [basic_sim]: MainLoop - Ellapsed: 0.000119s[0m
[basic_sim-13] [0m[INFO] [1791566557.248502568] [basic_sim]: MainLoop - Ellapsed: 0.000079s[0m
[basic_sim-13] [0m[INFO] [1791566557.268861864] [basic_sim]: MainLoop - Ellapsed: 0.000111s[0m
[basic_sim-13] [0m[INFO] [1791566557.288466857] [basic_sim]: MainLoop - Ellapsed: 0.000083s[0m
[basic_sim-13] [0m[INFO] [1791566557.309490812] [basic_sim]: MainLoop - Ellapsed: 0.000136s[0m
[basic_sim-13] [0m[INFO] [1791566557.329194054] [basic_sim]: MainLoop - Ellapsed: 0.000143s[0m
[basic_sim-13] [0m[INFO] [1791566557.348475397] [basic_sim]: MainLoop - Ellapsed: 0.000074s[0m
[basic_sim-13] [0m[INFO] [1791566557.368683240] [basic_sim]: MainLoop - Ellapsed: 0.000086s[0m
[basic_sim-13] [0m[INFO] [1791566557.388379085] [basic_sim]: MainLoop - Ellapsed: 0.000071s[0m
[basic_sim-13] [0m[INFO] [1791566557.408281743] [basic_sim]: MainLoop - Ellapsed: 0.000066s[0m
[basic_sim-13] [0m[INFO] [1791566557.428721901] [basic_sim]: MainLoop - Ellapsed: 0.000104s[0m
[basic_sim-13] [0m[INFO] [1791566557.448840595] [basic_sim]: MainLoop - Ellapsed: 0.000085s[0m
[basic_sim-13] [0m[INFO] [1791566557.469066742] [basic_sim]: MainLoop - Ellapsed: 0.000130s[0m
[basic_sim-13] [0m[INFO] [1791566557.488606141] [basic_sim]: MainLoop - Ellapsed: 0.000087s[0m
[basic_sim-13] [0m[INFO] [1791566557.508583826] [basic_sim]: MainLoop - Ellapsed: 0.000086s[0m
[basic_sim-13] [0m[INFO] [1791566557.529089103] [basic_sim]: MainLoop - Ellapsed: 0.000129s[0m
[basic_sim-13] [0m[INFO] [1791566557.548572071] [basic_sim]: MainLoop - Ellapsed: 0.000087s[0m
[basic_sim-13] [0m[INFO] [1791566557.568738881] [basic_sim]: MainLoop - Ellapsed: 0.000095s[0m
[basic_sim-13] [0m[INFO] [1791566557.588368291] [basic_sim]: MainLoop - Ellapsed: 0.000062s[0m
[basic_sim-13] [0m[INFO] [1791566557.608330125] [basic_sim]: MainLoop - Ellapsed: 0.000056s[0m
[basic_sim-13] [0m[INFO] [1791566557.628454979] [basic_sim]: MainLoop - Ellapsed: 0.000066s[0m
[basic_sim-13] [0m[INFO] [1791566557.648333350] [basic_sim]: MainLoop - Ellapsed: 0.000058s[0m
[basic_sim-13] [0m[INFO] [1791566557.668326476] [basic_sim]: MainLoop - Ellapsed: 0.000058s[0m
[basic_sim-13] [0m[INFO] [1791566557.688369988] [basic_sim]: MainLoop - Ellapsed: 0.000073s[0m
[basic_sim-13] [0m[INFO] [1791566557.708497331] [basic_sim]: MainLoop - Ellapsed: 0.000080s[0m
[basic_sim-13] [0m[INFO] [1791566557.728974392] [basic_sim]: MainLoop - Ellapsed: 0.000118s[0m
[basic_sim-13] [0m[INFO] [1791566557.748759795] [basic_sim]: MainLoop - Ellapsed: 0.000073s[0m
[basic_sim-13] [0m[INFO] [1791566557.768566207] [basic_sim]: MainLoop - Ellapsed: 0.000083s[0m
[basic_sim-13] [0m[INFO] [1791566557.788422056] [basic_sim]: MainLoop - Ellapsed: 0.000078s[0m
[basic_sim-13] [0m[INFO] [1791566557.808498223] [basic_sim]: MainLoop - Ellapsed: 0.000083s[0m
[basic_sim-13] [0m[INFO] [1791566557.829190502] [basic_sim]: MainLoop - Ellapsed: 0.000124s[0m
[basic_sim-13] [0m[INFO] [1791566557.848591315] [basic_sim]: MainLoop - Ellapsed: 0.000080s[0m
[basic_sim-13] [0m[INFO] [1791566557.868662098] [basic_sim]: MainLoop - Ellapsed: 0.000077s[0m
[basic_sim-13] [0m[INFO] [1791566557.888931309] [basic_sim]: MainLoop - Ellapsed: 0.000090s[0m
[basic_sim-13] [0m[INFO] [1791566557.908963287] [basic_sim]: MainLoop - Ellapsed: 0.000094s[0m
[basic_sim-13] [0m[INFO] [1791566557.929701399] [basic_sim]: MainLoop - Ellapsed: 0.000151s[0m
[basic_sim-13] [0m[INFO] [1791566557.948636078] [basic_sim]: MainLoop - Ellapsed: 0.000087s[0m
[basic_sim-13] [0m[INFO] [1791566557.969218668] [basic_sim]: MainLoop - Ellapsed: 0.000142s[0m
[basic_sim-13] [0m[INFO] [1791566557.988561266] [basic_sim]: MainLoop - Ellapsed: 0.000087s[0m
[basic_sim-13] [0m[INFO] [1791566558.009323063] [basic_sim]: MainLoop - Ellapsed: 0.000156s[0m
[basic_sim-13] [0m[INFO] [1791566558.029784341] [basic_sim]: MainLoop - Ellapsed: 0.000167s[0m
[basic_sim-13] [0m[INFO] [1791566558.048852165] [basic_sim]: MainLoop - Ellapsed: 0.000110s[0m
[basic_sim-13] [0m[INFO] [1791566558.068729713] [basic_sim]: MainLoop - Ellapsed: 0.000093s[0m
[basic_sim-13] [0m[INFO] [1791566558.088593861] [basic_sim]: MainLoop - Ellapsed: 0.000074s[0m
[basic_sim-13] [0m[INFO] [1791566558.108396196] [basic_sim]: MainLoop - Ellapsed: 0.000064s[0m
[basic_sim-13] [0m[INFO] [1791566558.128586146] [basic_sim]: MainLoop - Ellapsed: 0.000077s[0m
[basic_sim-13] [0m[INFO] [1791566558.148407377] [basic_sim]: MainLoop - Ellapsed: 0.000074s[0m
[basic_sim-13] [0m[INFO] [1791566558.168756138] [basic_sim]: MainLoop - Ellapsed: 0.000107s[0m
[basic_sim-13] [0m[INFO] [1791566558.189473039] [basic_sim]: MainLoop - Ellapsed: 0.000153s[0m
[basic_sim-13] [0m[INFO] [1791566558.208295996] [basic_sim]: MainLoop - Ellapsed: 0.000059s[0m
[basic_sim-13] [0m[INFO] [1791566558.228646334] [basic_sim]: MainLoop - Ellapsed: 0.000094s[0m
[basic_sim-13] [0m[INFO] [1791566558.248520007] [basic_sim]: MainLoop - Ellapsed: 0.000083s[0m
[basic_sim-13] [0m[INFO] [1791566558.268918654] [basic_sim]: MainLoop - Ellapsed: 0.000121s[0m
[basic_sim-13] [0m[INFO] [1791566558.288533939] [basic_sim]: MainLoop - Ellapsed: 0.000086s[0m
[basic_sim-13] [0m[INFO] [1791566558.308446174] [basic_sim]: MainLoop - Ellapsed: 0.000080s[0m
[basic_sim-13] [0m[INFO] [1791566558.328993251] [basic_sim]: MainLoop - Ellapsed: 0.000112s[0m
[basic_sim-13] [0m[INFO] [1791566558.348446014] [basic_sim]: MainLoop - Ellapsed: 0.000074s[0m
[basic_sim-13] [0m[INFO] [1791566558.368512169] [basic_sim]: MainLoop - Ellapsed: 0.000080s[0m
[basic_sim-13] [0m[INFO] [1791566558.388436990] [basic_sim]: MainLoop - Ellapsed: 0.000072s[0m
[basic_sim-13] [0m[INFO] [1791566558.408634477] [basic_sim]: MainLoop - Ellapsed: 0.000080s[0m
[basic_sim-13] [0m[INFO] [1791566558.428807983] [basic_sim]: MainLoop - Ellapsed: 0.000095s[0m
[basic_sim-13] [0m[INFO] [1791566558.448591611] [basic_sim]: MainLoop - Ellapsed: 0.000089s[0m
[basic_sim-13] [0m[INFO] [1791566558.468588735] [basic_sim]: MainLoop - Ellapsed: 0.000075s[0m
[basic_sim-13] [0m[INFO] [1791566558.488634817] [basic_sim]: MainLoop - Ellapsed: 0.000085s[0m
[basic_sim-13] [0m[INFO] [1791566558.508762735] [basic_sim]: MainLoop - Ellapsed: 0.000097s[0m
[basic_sim-13] [0m[INFO] [1791566558.529232941] [basic_sim]: MainLoop - Ellapsed: 0.000126s[0m
[basic_sim-13] [0m[INFO] [1791566558.549264473] [basic_sim]: MainLoop - Ellapsed: 0.000150s[0m
[basic_sim-13] [0m[INFO] [1791566558.569146750] [basic_sim]: MainLoop - Ellapsed: 0.000099s[0m
[basic_sim-13] [0m[INFO] [1791566558.588725216] [basic_sim]: MainLoop - Ellapsed: 0.000092s[0m
[basic_sim-13] [0m[INFO] [1791566558.609168910] [basic_sim]: MainLoop - Ellapsed: 0.000116s[0m
[basic_sim-13] [0m[INFO] [1791566558.628463992] [basic_sim]: MainLoop - Ellapsed: 0.000062s[0m
[basic_sim-13] [0m[INFO] [1791566558.648263220] [basic_sim]: MainLoop - Ellapsed: 0.000064s[0m
[basic_sim-13] [0m[INFO] [1791566558.668599805] [basic_sim]: MainLoop - Ellapsed: 0.000084s[0m
[basic_sim-13] [0m[INFO] [1791566558.688730526] [basic_sim]: MainLoop - Ellapsed: 0.000096s[0m
[basic_sim-13] [0m[INFO] [1791566558.709720021] [basic_sim]: MainLoop - Ellapsed: 0.000189s[0m
[basic_sim-13] [0m[INFO] [1791566558.729705923] [basic_sim]: MainLoop - Ellapsed: 0.000173s[0m
[basic_sim-13] [0m[INFO] [1791566558.748631343] [basic_sim]: MainLoop - Ellapsed: 0.000081s[0m
[basic_sim-13] [0m[INFO] [1791566558.768481046] [basic_sim]: MainLoop - Ellapsed: 0.000070s[0m
[basic_sim-13] [0m[INFO] [1791566558.788495403] [basic_sim]: MainLoop - Ellapsed: 0.000079s[0m
[basic_sim-13] [0m[INFO] [1791566558.808840764] [basic_sim]: MainLoop - Ellapsed: 0.000106s[0m
[basic_sim-13] [0m[INFO] [1791566558.829037442] [basic_sim]: MainLoop - Ellapsed: 0.000111s[0m
[basic_sim-13] [0m[INFO] [1791566558.848753581] [basic_sim]: MainLoop - Ellapsed: 0.000082s[0m
[basic_sim-13] [0m[INFO] [1791566558.868467762] [basic_sim]: MainLoop - Ellapsed: 0.000072s[0m
[basic_sim-13] [0m[INFO] [1791566558.888570675] [basic_sim]: MainLoop - Ellapsed: 0.000070s[0m
[basic_sim-13] [0m[INFO] [1791566558.908414867] [basic_sim]: MainLoop - Ellapsed: 0.000063s[0m
[basic_sim-13] [0m[INFO] [1791566558.928522830] [basic_sim]: MainLoop - Ellapsed: 0.000087s[0m
[basic_sim-13] [0m[INFO] [1791566558.948392951] [basic_sim]: MainLoop - Ellapsed: 0.000074s[0m
[basic_sim-13] [0m[INFO] [1791566558.968827373] [basic_sim]: MainLoop - Ellapsed: 0.000105s[0m
[basic_sim-13] [0m[INFO] [1791566558.989174080] [basic_sim]: MainLoop - Ellapsed: 0.000151s[0m
[basic_sim-13] [0m[INFO] [1791566559.009598574] [basic_sim]: MainLoop - Ellapsed: 0.000160s[0m
[basic_sim-13] [0m[INFO] [1791566559.028954800] [basic_sim]: MainLoop - Ellapsed: 0.000114s[0m
[basic_sim-13] [0m[INFO] [1791566559.048360213] [basic_sim]: MainLoop - Ellapsed: 0.000069s[0m
[basic_sim-13] [0m[INFO] [1791566559.068632468] [basic_sim]: MainLoop - Ellapsed: 0.000086s[0m
[basic_sim-13] [0m[INFO] [1791566559.088359350] [basic_sim]: MainLoop - Ellapsed: 0.000072s[0m
[basic_sim-13] [0m[INFO] [1791566559.108560142] [basic_sim]: MainLoop - Ellapsed: 0.000078s[0m
[basic_sim-13] [0m[INFO] [1791566559.128736922] [basic_sim]: MainLoop - Ellapsed: 0.000105s[0m
[basic_sim-13] [0m[INFO] [1791566559.148410119] [basic_sim]: MainLoop - Ellapsed: 0.000074s[0m
[basic_sim-13] [0m[INFO] [1791566559.168431581] [basic_sim]: MainLoop - Ellapsed: 0.000073s[0m
[basic_sim-13] [0m[INFO] [1791566559.188664533] [basic_sim]: MainLoop - Ellapsed: 0.000096s[0m
[basic_sim-13] [0m[INFO] [1791566559.209144032] [basic_sim]: MainLoop - Ellapsed: 0.000128s[0m
[basic_sim-13] [0m[INFO] [1791566559.228953097] [basic_sim]: MainLoop - Ellapsed: 0.000104s[0m
[basic_sim-13] [0m[INFO] [1791566559.249607947] [basic_sim]: MainLoop - Ellapsed: 0.000158s[0m
[basic_sim-13] [0m[INFO] [1791566559.268322875] [basic_sim]: MainLoop - Ellapsed: 0.000064s[0m
[basic_sim-13] [0m[INFO] [1791566559.288415777] [basic_sim]: MainLoop - Ellapsed: 0.000076s[0m
[basic_sim-13] [0m[INFO] [1791566559.308781422] [basic_sim]: MainLoop - Ellapsed: 0.000109s[0m
[basic_sim-13] [0m[INFO] [1791566559.328369752] [basic_sim]: MainLoop - Ellapsed: 0.000070s[0m
[basic_sim-13] [0m[INFO] [1791566559.348677979] [basic_sim]: MainLoop - Ellapsed: 0.000104s[0m
[basic_sim-13] [0m[INFO] [1791566559.368489049] [basic_sim]: MainLoop - Ellapsed: 0.000082s[0m
[basic_sim-13] [0m[INFO] [1791566559.388345415] [basic_sim]: MainLoop - Ellapsed: 0.000071s[0m
[basic_sim-13] [0m[INFO] [1791566559.409415487] [basic_sim]: MainLoop - Ellapsed: 0.000156s[0m
[basic_sim-13] [0m[INFO] [1791566559.429587506] [basic_sim]: MainLoop - Ellapsed: 0.000148s[0m
[basic_sim-13] [0m[INFO] [1791566559.449422464] [basic_sim]: MainLoop - Ellapsed: 0.000149s[0m
[basic_sim-13] [0m[INFO] [1791566559.468461364] [basic_sim]: MainLoop - Ellapsed: 0.000074s[0m
[basic_sim-13] [0m[INFO] [1791566559.488527886] [basic_sim]: MainLoop - Ellapsed: 0.000083s[0m
[basic_sim-13] [0m[INFO] [1791566559.509059627] [basic_sim]: MainLoop - Ellapsed: 0.000111s[0m
[basic_sim-13] [0m[INFO] [1791566559.529233318] [basic_sim]: MainLoop - Ellapsed: 0.000120s[0m
[basic_sim-13] [0m[INFO] [1791566559.548809254] [basic_sim]: MainLoop - Ellapsed: 0.000112s[0m
[basic_sim-13] [0m[INFO] [1791566559.569039050] [basic_sim]: MainLoop - Ellapsed: 0.000133s[0m
[basic_sim-13] [0m[INFO] [1791566559.588375782] [basic_sim]: MainLoop - Ellapsed: 0.000074s[0m
[basic_sim-13] [0m[INFO] [1791566559.608816319] [basic_sim]: MainLoop - Ellapsed: 0.000102s[0m
[basic_sim-13] [0m[INFO] [1791566559.628534835] [basic_sim]: MainLoop - Ellapsed: 0.000078s[0m
[basic_sim-13] [0m[INFO] [1791566559.648482518] [basic_sim]: MainLoop - Ellapsed: 0.000082s[0m
[basic_sim-13] [0m[INFO] [1791566559.668472956] [basic_sim]: MainLoop - Ellapsed: 0.000080s[0m
[basic_sim-13] [0m[INFO] [1791566559.688657271] [basic_sim]: MainLoop - Ellapsed: 0.000083s[0m
[basic_sim-13] [0m[INFO] [1791566559.708551005] [basic_sim]: MainLoop - Ellapsed: 0.000078s[0m
[basic_sim-13] [0m[INFO] [1791566559.728455312] [basic_sim]: MainLoop - Ellapsed: 0.000077s[0m
[basic_sim-13] [0m[INFO] [1791566559.748424654] [basic_sim]: MainLoop - Ellapsed: 0.000077s[0m
[basic_sim-13] [0m[INFO] [1791566559.768663377] [basic_sim]: MainLoop - Ellapsed: 0.000094s[0m
[gsl_actionserver_node-14] [0m[INFO] [1791566559.777692808] [GSL - Trace]: [32mEntering StopAndMeasure[0m[0m
[basic_sim-13] [0m[INFO] [1791566559.789691346] [basic_sim]: MainLoop - Ellapsed: 0.000111s[0m
[basic_sim-13] [0m[INFO] [1791566559.809061892] [basic_sim]: MainLoop - Ellapsed: 0.000128s[0m
[basic_sim-13] [0m[INFO] [1791566559.828564190] [basic_sim]: MainLoop - Ellapsed: 0.000084s[0m
[basic_sim-13] [0m[INFO] [1791566559.848439205] [basic_sim]: MainLoop - Ellapsed: 0.000077s[0m
[basic_sim-13] [0m[INFO] [1791566559.868547630] [basic_sim]: MainLoop - Ellapsed: 0.000076s[0m
[gsl_actionserver_node-14] [0m[INFO] [1791566559.877661656] [GSL]: 1 gas measurements, 2 wind measurements over 0.50 seconds[0m
[gsl_actionserver_node-14] [0m[INFO] [1791566559.877705642] [GSL]: avg_gas=27;  avg_windSpeed=0.042;  avg_wind_dir=-2.8[0m
[gsl_actionserver_node-14] [0m[INFO] [1791566559.878512663] [GSL]: [33mGAS HIT[0m[0m
[basic_sim-13] [0m[INFO] [1791566559.888517905] [basic_sim]: MainLoop - Ellapsed: 0.000081s[0m
[gsl_actionserver_node-14] [0m[INFO] [1791566559.897702961] [GSL - Trace]: [32mEntering StopAndMeasure[0m[0m
[basic_sim-13] [0m[INFO] [1791566559.908864792] [basic_sim]: MainLoop - Ellapsed: 0.000111s[0m
[basic_sim-13] [0m[INFO] [1791566559.928717443] [basic_sim]: MainLoop - Ellapsed: 0.000082s[0m
[basic_sim-13] [0m[INFO] [1791566559.948496876] [basic_sim]: MainLoop - Ellapsed: 0.000079s[0m
[basic_sim-13] [0m[INFO] [1791566559.968502316] [basic_sim]: MainLoop - Ellapsed: 0.000075s[0m
[gsl_actionserver_node-14] [0m[INFO] [1791566559.977669879] [GSL]: 1 gas measurements, 1 wind measurements over 0.40 seconds[0m
[gsl_actionserver_node-14] [0m[INFO] [1791566559.977717350] [GSL]: avg_gas=26;  avg_windSpeed=0.0077;  avg_wind_dir=-2.9[0m
[gsl_actionserver_node-14] [0m[INFO] [1791566559.978470172] [GSL]: [33mGAS HIT[0m[0m
[basic_sim-13] [0m[INFO] [1791566559.988435385] [basic_sim]: MainLoop - Ellapsed: 0.000073s[0m
[gsl_actionserver_node-14] [0m[INFO] [1791566559.997840522] [GSL - Trace]: [32mEntering StopAndMeasure[0m[0m
[basic_sim-13] [0m[INFO] [1791566560.008464195] [basic_sim]: MainLoop - Ellapsed: 0.000071s[0m
[basic_sim-13] [0m[INFO] [1791566560.028507078] [basic_sim]: MainLoop - Ellapsed: 0.000077s[0m
[basic_sim-13] [0m[INFO] [1791566560.049169295] [basic_sim]: MainLoop - Ellapsed: 0.000109s[0m
[basic_sim-13] [0m[INFO] [1791566560.068432031] [basic_sim]: MainLoop - Ellapsed: 0.000071s[0m
[gsl_actionserver_node-14] [0m[INFO] [1791566560.077680418] [GSL]: 0 gas measurements, 1 wind measurements over 0.40 seconds[0m
[gsl_actionserver_node-14] [33m[WARN] [1791566560.077741935] [GSL]: [33mResetting stop and measure, no readings exist![0m[0m
[gsl_actionserver_node-14] [0m[INFO] [1791566560.077750221] [GSL - Trace]: [32mEntering StopAndMeasure[0m[0m
[basic_sim-13] [0m[INFO] [1791566560.088339199] [basic_sim]: MainLoop - Ellapsed: 0.000067s[0m
[basic_sim-13] [0m[INFO] [1791566560.108550621] [basic_sim]: MainLoop - Ellapsed: 0.000082s[0m
[basic_sim-13] [0m[INFO] [1791566560.128379824] [basic_sim]: MainLoop - Ellapsed: 0.000067s[0m
[basic_sim-13] [0m[INFO] [1791566560.148608634] [basic_sim]: MainLoop - Ellapsed: 0.000087s[0m
[basic_sim-13] [0m[INFO] [1791566560.168613730] [basic_sim]: MainLoop - Ellapsed: 0.000083s[0m
[gsl_actionserver_node-14] [0m[INFO] [1791566560.177703664] [GSL]: 2 gas measurements, 2 wind measurements over 0.50 seconds[0m
[gsl_actionserver_node-14] [0m[INFO] [1791566560.177755942] [GSL]: avg_gas=26;  avg_windSpeed=0.0043;  avg_wind_dir=-3[0m
[gsl_actionserver_node-14] [0m[INFO] [1791566560.178489542] [GSL]: [33mGAS HIT[0m[0m
[basic_sim-13] [0m[INFO] [1791566560.188408306] [basic_sim]: MainLoop - Ellapsed: 0.000070s[0m
[gsl_actionserver_node-14] [0m[INFO] [1791566560.198020747] [GSL - Trace]: [32mEntering StopAndMeasure[0m[0m
[basic_sim-13] [0m[INFO] [1791566560.208471558] [basic_sim]: MainLoop - Ellapsed: 0.000070s[0m
[basic_sim-13] [0m[INFO] [1791566560.228560730] [basic_sim]: MainLoop - Ellapsed: 0.000083s[0m
[basic_sim-13] [0m[INFO] [1791566560.248599113] [basic_sim]: MainLoop - Ellapsed: 0.000094s[0m
[basic_sim-13] [0m[INFO] [1791566560.268557932] [basic_sim]: MainLoop - Ellapsed: 0.000084s[0m
[gsl_actionserver_node-14] [0m[INFO] [1791566560.277700106] [GSL]: 1 gas measurements, 1 wind measurements over 0.40 seconds[0m
[gsl_actionserver_node-14] [0m[INFO] [1791566560.277755358] [GSL]: avg_gas=27;  avg_windSpeed=0;  avg_wind_dir=-3[0m
[gsl_actionserver_node-14] [0m[INFO] [1791566560.278534514] [GSL]: [33mGAS HIT[0m[0m
[basic_sim-13] [0m[INFO] [1791566560.288579239] [basic_sim]: MainLoop - Ellapsed: 0.000086s[0m
[gsl_actionserver_node-14] [0m[INFO] [1791566560.297998409] [GSL - Trace]: [32mEntering StopAndMeasure[0m[0m
[basic_sim-13] [0m[INFO] [1791566560.308501197] [basic_sim]: MainLoop - Ellapsed: 0.000077s[0m
[basic_sim-13] [0m[INFO] [1791566560.328678288] [basic_sim]: MainLoop - Ellapsed: 0.000097s[0m
[basic_sim-13] [0m[INFO] [1791566560.348729778] [basic_sim]: MainLoop - Ellapsed: 0.000104s[0m
[basic_sim-13] [0m[INFO] [1791566560.369415562] [basic_sim]: MainLoop - Ellapsed: 0.000167s[0m
[gsl_actionserver_node-14] [0m[INFO] [1791566560.377787011] [GSL]: 1 gas measurements, 1 wind measurements over 0.40 seconds[0m
[gsl_actionserver_node-14] [0m[INFO] [1791566560.377829489] [GSL]: avg_gas=27;  avg_windSpeed=0.0075;  avg_wind_dir=3[0m
[gsl_actionserver_node-14] [0m[INFO] [1791566560.378614957] [GSL]: [33mGAS HIT[0m[0m
[basic_sim-13] [0m[INFO] [1791566560.388472606] [basic_sim]: MainLoop - Ellapsed: 0.000076s[0m
[gsl_actionserver_node-14] [0m[INFO] [1791566560.398093902] [GSL]: Max mutual info: 6.250[0m
[gsl_actionserver_node-14] [0m[INFO] [1791566560.398240361] [GSL]: MutualInformation - Ellapsed: 0.000s[0m
[basic_sim-13] [0m[INFO] [1791566560.409620744] [basic_sim]: MainLoop - Ellapsed: 0.000188s[0m
[gsl_actionserver_node-14] [0m[INFO] [1791566560.411010018] [GSL]: Sending goal (-4.52, 1.17)[0m
[gsl_actionserver_node-14] [0m[INFO] [1791566560.411593829] [GSL]: Variance: 11.94[0m
[gsl_actionserver_node-14] [0m[INFO] [1791566560.411623540] [GSL - Trace]: [32mEntering Moving[0m[0m
[basic_sim-13] [0m[INFO] [1791566560.428458958] [basic_sim]: MainLoop - Ellapsed: 0.000075s[0m
[basic_sim-13] [0m[INFO] [1791566560.448580199] [basic_sim]: MainLoop - Ellapsed: 0.000091s[0m
[basic_sim-13] [0m[INFO] [1791566560.468591622] [basic_sim]: MainLoop - Ellapsed: 0.000086s[0m
[basic_sim-13] [0m[INFO] [1791566560.488348937] [basic_sim]: MainLoop - Ellapsed: 0.000066s[0m
[basic_sim-13] [0m[INFO] [1791566560.508492621] [basic_sim]: MainLoop - Ellapsed: 0.000079s[0m
[basic_sim-13] [0m[INFO] [1791566560.528556527] [basic_sim]: MainLoop - Ellapsed: 0.000085s[0m
[basic_sim-13] [0m[INFO] [1791566560.548466687] [basic_sim]: MainLoop - Ellapsed: 0.000082s[0m
[basic_sim-13] [0m[INFO] [1791566560.571179895] [basic_sim]: MainLoop - Ellapsed: 0.000073s[0m
[basic_sim-13] [0m[INFO] [1791566560.589066551] [basic_sim]: MainLoop - Ellapsed: 0.000133s[0m
[basic_sim-13] [0m[INFO] [1791566560.609208214] [basic_sim]: MainLoop - Ellapsed: 0.000139s[0m
[basic_sim-13] [0m[INFO] [1791566560.629477553] [basic_sim]: MainLoop - Ellapsed: 0.000148s[0m
[basic_sim-13] [0m[INFO] [1791566560.648382419] [basic_sim]: MainLoop - Ellapsed: 0.000062s[0m
[basic_sim-13] [0m[INFO] [1791566560.669520314] [basic_sim]: MainLoop - Ellapsed: 0.000166s[0m
[basic_sim-13] [0m[INFO] [1791566560.689103039] [basic_sim]: MainLoop - Ellapsed: 0.000124s[0m
[basic_sim-13] [0m[INFO] [1791566560.708572824] [basic_sim]: MainLoop - Ellapsed: 0.000084s[0m
[basic_sim-13] [0m[INFO] [1791566560.728732407] [basic_sim]: MainLoop - Ellapsed: 0.000069s[0m
[basic_sim-13] [0m[INFO] [1791566560.748154684] [basic_sim]: MainLoop - Ellapsed: 0.000049s[0m
[basic_sim-13] [0m[INFO] [1791566560.768520012] [basic_sim]: MainLoop - Ellapsed: 0.000077s[0m
[basic_sim-13] [0m[INFO] [1791566560.788298937] [basic_sim]: MainLoop - Ellapsed: 0.000060s[0m
[basic_sim-13] [0m[INFO] [1791566560.808513737] [basic_sim]: MainLoop - Ellapsed: 0.000080s[0m
[basic_sim-13] [0m[INFO] [1791566560.828485250] [basic_sim]: MainLoop - Ellapsed: 0.000075s[0m
[basic_sim-13] [0m[INFO] [1791566560.848352958] [basic_sim]: MainLoop - Ellapsed: 0.000062s[0m
[basic_sim-13] [0m[INFO] [1791566560.868372908] [basic_sim]: MainLoop - Ellapsed: 0.000067s[0m
[basic_sim-13] [0m[INFO] [1791566560.888424963] [basic_sim]: MainLoop - Ellapsed: 0.000073s[0m
[basic_sim-13] [0m[INFO] [1791566560.909185911] [basic_sim]: MainLoop - Ellapsed: 0.000131s[0m
[basic_sim-13] [0m[INFO] [1791566560.928838228] [basic_sim]: MainLoop - Ellapsed: 0.000107s[0m
[basic_sim-13] [0m[INFO] [1791566560.948797403] [basic_sim]: MainLoop - Ellapsed: 0.000107s[0m
[basic_sim-13] [0m[INFO] [1791566560.968505418] [basic_sim]: MainLoop - Ellapsed: 0.000075s[0m
[basic_sim-13] [0m[INFO] [1791566560.988380726] [basic_sim]: MainLoop - Ellapsed: 0.000073s[0m
[basic_sim-13] [0m[INFO] [1791566561.009089360] [basic_sim]: MainLoop - Ellapsed: 0.000124s[0m
[basic_sim-13] [0m[INFO] [1791566561.028611270] [basic_sim]: MainLoop - Ellapsed: 0.000078s[0m
[basic_sim-13] [0m[INFO] [1791566561.048383905] [basic_sim]: MainLoop - Ellapsed: 0.000072s[0m
[basic_sim-13] [0m[INFO] [1791566561.068451909] [basic_sim]: MainLoop - Ellapsed: 0.000075s[0m
[basic_sim-13] [0m[INFO] [1791566561.088206568] [basic_sim]: MainLoop - Ellapsed: 0.000057s[0m
[basic_sim-13] [0m[INFO] [1791566561.108836849] [basic_sim]: MainLoop - Ellapsed: 0.000097s[0m
[basic_sim-13] [0m[INFO] [1791566561.129279084] [basic_sim]: MainLoop - Ellapsed: 0.000154s[0m
[basic_sim-13] [0m[INFO] [1791566561.148368461] [basic_sim]: MainLoop - Ellapsed: 0.000069s[0m
[basic_sim-13] [0m[INFO] [1791566561.168477301] [basic_sim]: MainLoop - Ellapsed: 0.000073s[0m
[basic_sim-13] [0m[INFO] [1791566561.188314342] [basic_sim]: MainLoop - Ellapsed: 0.000061s[0m
[basic_sim-13] [0m[INFO] [1791566561.209431294] [basic_sim]: MainLoop - Ellapsed: 0.000144s[0m
[basic_sim-13] [0m[INFO] [1791566561.228691816] [basic_sim]: MainLoop - Ellapsed: 0.000100s[0m
[basic_sim-13] [0m[INFO] [1791566561.248451395] [basic_sim]: MainLoop - Ellapsed: 0.000070s[0m
[basic_sim-13] [0m[INFO] [1791566561.268490624] [basic_sim]: MainLoop - Ellapsed: 0.000081s[0m
[basic_sim-13] [0m[INFO] [1791566561.288556134] [basic_sim]: MainLoop - Ellapsed: 0.000080s[0m
[basic_sim-13] [0m[INFO] [1791566561.308527052] [basic_sim]: MainLoop - Ellapsed: 0.000070s[0m
[basic_sim-13] [0m[INFO] [1791566561.328458087] [basic_sim]: MainLoop - Ellapsed: 0.000078s[0m
[basic_sim-13] [0m[INFO] [1791566561.348620083] [basic_sim]: MainLoop - Ellapsed: 0.000094s[0m
[basic_sim-13] [0m[INFO] [1791566561.368514848] [basic_sim]: MainLoop - Ellapsed: 0.000083s[0m
[basic_sim-13] [0m[INFO] [1791566561.388454420] [basic_sim]: MainLoop - Ellapsed: 0.000082s[0m
[basic_sim-13] [0m[INFO] [1791566561.409075698] [basic_sim]: MainLoop - Ellapsed: 0.000119s[0m
[basic_sim-13] [0m[INFO] [1791566561.428639792] [basic_sim]: MainLoop - Ellapsed: 0.000088s[0m
[basic_sim-13] [0m[INFO] [1791566561.448272250] [basic_sim]: MainLoop - Ellapsed: 0.000055s[0m
[basic_sim-13] [0m[INFO] [1791566561.468404477] [basic_sim]: MainLoop - Ellapsed: 0.000072s[0m
[basic_sim-13] [0m[INFO] [1791566561.488516972] [basic_sim]: MainLoop - Ellapsed: 0.000084s[0m
[basic_sim-13] [0m[INFO] [1791566561.508378877] [basic_sim]: MainLoop - Ellapsed: 0.000072s[0m
[basic_sim-13] [0m[INFO] [1791566561.528408232] [basic_sim]: MainLoop - Ellapsed: 0.000075s[0m
[basic_sim-13] [0m[INFO] [1791566561.548352583] [basic_sim]: MainLoop - Ellapsed: 0.000069s[0m
[basic_sim-13] [0m[INFO] [1791566561.568511476] [basic_sim]: MainLoop - Ellapsed: 0.000074s[0m
[basic_sim-13] [0m[INFO] [1791566561.588537118] [basic_sim]: MainLoop - Ellapsed: 0.000089s[0m
[basic_sim-13] [0m[INFO] [1791566561.608543706] [basic_sim]: MainLoop - Ellapsed: 0.000076s[0m
[basic_sim-13] [0m[INFO] [1791566561.628561618] [basic_sim]: MainLoop - Ellapsed: 0.000074s[0m
[basic_sim-13] [0m[INFO] [1791566561.648253857] [basic_sim]: MainLoop - Ellapsed: 0.000060s[0m
[basic_sim-13] [0m[INFO] [1791566561.668519122] [basic_sim]: MainLoop - Ellapsed: 0.000076s[0m
[basic_sim-13] [0m[INFO] [1791566561.688355421] [basic_sim]: MainLoop - Ellapsed: 0.000066s[0m
[basic_sim-13] [0m[INFO] [1791566561.708953084] [basic_sim]: MainLoop - Ellapsed: 0.000117s[0m
[basic_sim-13] [0m[INFO] [1791566561.728674891] [basic_sim]: MainLoop - Ellapsed: 0.000096s[0m
[basic_sim-13] [0m[INFO] [1791566561.748909789] [basic_sim]: MainLoop - Ellapsed: 0.000116s[0m
[basic_sim-13] [0m[INFO] [1791566561.768657563] [basic_sim]: MainLoop - Ellapsed: 0.000094s[0m
[basic_sim-13] [0m[INFO] [1791566561.788319158] [basic_sim]: MainLoop - Ellapsed: 0.000067s[0m
[basic_sim-13] [0m[INFO] [1791566561.808490889] [basic_sim]: MainLoop - Ellapsed: 0.000078s[0m
[basic_sim-13] [0m[INFO] [1791566561.828547309] [basic_sim]: MainLoop - Ellapsed: 0.000077s[0m
[basic_sim-13] [0m[INFO] [1791566561.848753244] [basic_sim]: MainLoop - Ellapsed: 0.000108s[0m
[basic_sim-13] [0m[INFO] [1791566561.868535012] [basic_sim]: MainLoop - Ellapsed: 0.000083s[0m
[basic_sim-13] [0m[INFO] [1791566561.888313992] [basic_sim]: MainLoop - Ellapsed: 0.000065s[0m
[basic_sim-13] [0m[INFO] [1791566561.908619933] [basic_sim]: MainLoop - Ellapsed: 0.000088s[0m
[basic_sim-13] [0m[INFO] [1791566561.928764816] [basic_sim]: MainLoop - Ellapsed: 0.000092s[0m
[basic_sim-13] [0m[INFO] [1791566561.948393687] [basic_sim]: MainLoop - Ellapsed: 0.000068s[0m
[basic_sim-13] [0m[INFO] [1791566561.968722991] [basic_sim]: MainLoop - Ellapsed: 0.000102s[0m
[basic_sim-13] [0m[INFO] [1791566561.989034186] [basic_sim]: MainLoop - Ellapsed: 0.000133s[0m
[basic_sim-13] [0m[INFO] [1791566562.008714732] [basic_sim]: MainLoop - Ellapsed: 0.000097s[0m
[basic_sim-13] [0m[INFO] [1791566562.028447661] [basic_sim]: MainLoop - Ellapsed: 0.000076s[0m
[basic_sim-13] [0m[INFO] [1791566562.048253054] [basic_sim]: MainLoop - Ellapsed: 0.000057s[0m
[basic_sim-13] [0m[INFO] [1791566562.068368354] [basic_sim]: MainLoop - Ellapsed: 0.000068s[0m
[basic_sim-13] [0m[INFO] [1791566562.088285416] [basic_sim]: MainLoop - Ellapsed: 0.000057s[0m
[basic_sim-13] [0m[INFO] [1791566562.108530720] [basic_sim]: MainLoop - Ellapsed: 0.000077s[0m
[basic_sim-13] [0m[INFO] [1791566562.128538772] [basic_sim]: MainLoop - Ellapsed: 0.000086s[0m
[basic_sim-13] [0m[INFO] [1791566562.148357425] [basic_sim]: MainLoop - Ellapsed: 0.000066s[0m
[basic_sim-13] [0m[INFO] [1791566562.168394863] [basic_sim]: MainLoop - Ellapsed: 0.000071s[0m
[basic_sim-13] [0m[INFO] [1791566562.188321708] [basic_sim]: MainLoop - Ellapsed: 0.000065s[0m
[basic_sim-13] [0m[INFO] [1791566562.208551357] [basic_sim]: MainLoop - Ellapsed: 0.000084s[0m
[basic_sim-13] [0m[INFO] [1791566562.228364859] [basic_sim]: MainLoop - Ellapsed: 0.000071s[0m
[basic_sim-13] [0m[INFO] [1791566562.248574288] [basic_sim]: MainLoop - Ellapsed: 0.000085s[0m
[basic_sim-13] [0m[INFO] [1791566562.268552784] [basic_sim]: MainLoop - Ellapsed: 0.000087s[0m
[basic_sim-13] [0m[INFO] [1791566562.288283385] [basic_sim]: MainLoop - Ellapsed: 0.000063s[0m
[basic_sim-13] [0m[INFO] [1791566562.308627369] [basic_sim]: MainLoop - Ellapsed: 0.000093s[0m
[basic_sim-13] [0m[INFO] [1791566562.329300248] [basic_sim]: MainLoop - Ellapsed: 0.000148s[0m
[basic_sim-13] [0m[INFO] [1791566562.348728064] [basic_sim]: MainLoop - Ellapsed: 0.000100s[0m
[basic_sim-13] [0m[INFO] [1791566562.368621798] [basic_sim]: MainLoop - Ellapsed: 0.000092s[0m
[basic_sim-13] [0m[INFO] [1791566562.388294752] [basic_sim]: MainLoop - Ellapsed: 0.000064s[0m
[basic_sim-13] [0m[INFO] [1791566562.409626189] [basic_sim]: MainLoop - Ellapsed: 0.000184s[0m
[basic_sim-13] [0m[INFO] [1791566562.429177639] [basic_sim]: MainLoop - Ellapsed: 0.000114s[0m
[basic_sim-13] [0m[INFO] [1791566562.448942479] [basic_sim]: MainLoop - Ellapsed: 0.000109s[0m
[basic_sim-13] [0m[INFO] [1791566562.468368473] [basic_sim]: MainLoop - Ellapsed: 0.000072s[0m
[basic_sim-13] [0m[INFO] [1791566562.488311386] [basic_sim]: MainLoop - Ellapsed: 0.000064s[0m
[basic_sim-13] [0m[INFO] [1791566562.508580977] [basic_sim]: MainLoop - Ellapsed: 0.000084s[0m
[basic_sim-13] [0m[INFO] [1791566562.528758593] [basic_sim]: MainLoop - Ellapsed: 0.000099s[0m
[basic_sim-13] [0m[INFO] [1791566562.548795259] [basic_sim]: MainLoop - Ellapsed: 0.000098s[0m
[basic_sim-13] [0m[INFO] [1791566562.568498158] [basic_sim]: MainLoop - Ellapsed: 0.000079s[0m
[basic_sim-13] [0m[INFO] [1791566562.588312911] [basic_sim]: MainLoop - Ellapsed: 0.000063s[0m
[basic_sim-13] [0m[INFO] [1791566562.608753988] [basic_sim]: MainLoop - Ellapsed: 0.000104s[0m
[basic_sim-13] [0m[INFO] [1791566562.628564072] [basic_sim]: MainLoop - Ellapsed: 0.000087s[0m
[basic_sim-13] [0m[INFO] [1791566562.648407764] [basic_sim]: MainLoop - Ellapsed: 0.000063s[0m
[basic_sim-13] [0m[INFO] [1791566562.668317132] [basic_sim]: MainLoop - Ellapsed: 0.000067s[0m
[basic_sim-13] [0m[INFO] [1791566562.689281942] [basic_sim]: MainLoop - Ellapsed: 0.000106s[0m
[basic_sim-13] [0m[INFO] [1791566562.708853531] [basic_sim]: MainLoop - Ellapsed: 0.000119s[0m
[basic_sim-13] [0m[INFO] [1791566562.728944766] [basic_sim]: MainLoop - Ellapsed: 0.000127s[0m
[basic_sim-13] [0m[INFO] [1791566562.748531061] [basic_sim]: MainLoop - Ellapsed: 0.000076s[0m
[basic_sim-13] [0m[INFO] [1791566562.768364958] [basic_sim]: MainLoop - Ellapsed: 0.000072s[0m
[basic_sim-13] [0m[INFO] [1791566562.788431225] [basic_sim]: MainLoop - Ellapsed: 0.000070s[0m
[basic_sim-13] [0m[INFO] [1791566562.809017053] [basic_sim]: MainLoop - Ellapsed: 0.000126s[0m
[basic_sim-13] [0m[INFO] [1791566562.828967246] [basic_sim]: MainLoop - Ellapsed: 0.000126s[0m
[basic_sim-13] [0m[INFO] [1791566562.848802647] [basic_sim]: MainLoop - Ellapsed: 0.000109s[0m
[basic_sim-13] [0m[INFO] [1791566562.868361463] [basic_sim]: MainLoop - Ellapsed: 0.000070s[0m
[basic_sim-13] [0m[INFO] [1791566562.888438551] [basic_sim]: MainLoop - Ellapsed: 0.000075s[0m
[basic_sim-13] [0m[INFO] [1791566562.908491832] [basic_sim]: MainLoop - Ellapsed: 0.000084s[0m
[basic_sim-13] [0m[INFO] [1791566562.928969445] [basic_sim]: MainLoop - Ellapsed: 0.000125s[0m
[basic_sim-13] [0m[INFO] [1791566562.948431553] [basic_sim]: MainLoop - Ellapsed: 0.000067s[0m
[basic_sim-13] [0m[INFO] [1791566562.968521487] [basic_sim]: MainLoop - Ellapsed: 0.000088s[0m
[basic_sim-13] [0m[INFO] [1791566562.988371853] [basic_sim]: MainLoop - Ellapsed: 0.000066s[0m
[basic_sim-13] [0m[INFO] [1791566563.009347644] [basic_sim]: MainLoop - Ellapsed: 0.000141s[0m
[basic_sim-13] [0m[INFO] [1791566563.028575279] [basic_sim]: MainLoop - Ellapsed: 0.000090s[0m
[basic_sim-13] [0m[INFO] [1791566563.049293992] [basic_sim]: MainLoop - Ellapsed: 0.000157s[0m
[basic_sim-13] [0m[INFO] [1791566563.068498047] [basic_sim]: MainLoop - Ellapsed: 0.000078s[0m
[basic_sim-13] [0m[INFO] [1791566563.088942596] [basic_sim]: MainLoop - Ellapsed: 0.000124s[0m
[basic_sim-13] [0m[INFO] [1791566563.109659374] [basic_sim]: MainLoop - Ellapsed: 0.000156s[0m
[basic_sim-13] [0m[INFO] [1791566563.129173653] [basic_sim]: MainLoop - Ellapsed: 0.000137s[0m
[basic_sim-13] [0m[INFO] [1791566563.148761236] [basic_sim]: MainLoop - Ellapsed: 0.000106s[0m
[basic_sim-13] [0m[INFO] [1791566563.168641558] [basic_sim]: MainLoop - Ellapsed: 0.000098s[0m
[basic_sim-13] [0m[INFO] [1791566563.188382860] [basic_sim]: MainLoop - Ellapsed: 0.000067s[0m
[basic_sim-13] [0m[INFO] [1791566563.208857036] [basic_sim]: MainLoop - Ellapsed: 0.000101s[0m
[basic_sim-13] [0m[INFO] [1791566563.229550261] [basic_sim]: MainLoop - Ellapsed: 0.000174s[0m
[basic_sim-13] [0m[INFO] [1791566563.249037696] [basic_sim]: MainLoop - Ellapsed: 0.000119s[0m
[basic_sim-13] [0m[INFO] [1791566563.268712415] [basic_sim]: MainLoop - Ellapsed: 0.000101s[0m
[basic_sim-13] [0m[INFO] [1791566563.288942106] [basic_sim]: MainLoop - Ellapsed: 0.000125s[0m
[basic_sim-13] [0m[INFO] [1791566563.308962037] [basic_sim]: MainLoop - Ellapsed: 0.000113s[0m
[basic_sim-13] [0m[INFO] [1791566563.328537070] [basic_sim]: MainLoop - Ellapsed: 0.000088s[0m
[basic_sim-13] [0m[INFO] [1791566563.348388378] [basic_sim]: MainLoop - Ellapsed: 0.000070s[0m
[basic_sim-13] [0m[INFO] [1791566563.368436235] [basic_sim]: MainLoop - Ellapsed: 0.000076s[0m
[basic_sim-13] [0m[INFO] [1791566563.388518988] [basic_sim]: MainLoop - Ellapsed: 0.000081s[0m
[basic_sim-13] [0m[INFO] [1791566563.408612030] [basic_sim]: MainLoop - Ellapsed: 0.000093s[0m
[basic_sim-13] [0m[INFO] [1791566563.428445043] [basic_sim]: MainLoop - Ellapsed: 0.000079s[0m
[basic_sim-13] [0m[INFO] [1791566563.448522352] [basic_sim]: MainLoop - Ellapsed: 0.000077s[0m
[basic_sim-13] [0m[INFO] [1791566563.468558942] [basic_sim]: MainLoop - Ellapsed: 0.000075s[0m
[basic_sim-13] [0m[INFO] [1791566563.488419011] [basic_sim]: MainLoop - Ellapsed: 0.000076s[0m
[basic_sim-13] [0m[INFO] [1791566563.509163724] [basic_sim]: MainLoop - Ellapsed: 0.000140s[0m
[basic_sim-13] [0m[INFO] [1791566563.528412191] [basic_sim]: MainLoop - Ellapsed: 0.000076s[0m
[basic_sim-13] [0m[INFO] [1791566563.548755169] [basic_sim]: MainLoop - Ellapsed: 0.000103s[0m
[basic_sim-13] [0m[INFO] [1791566563.568485343] [basic_sim]: MainLoop - Ellapsed: 0.000080s[0m
[basic_sim-13] [0m[INFO] [1791566563.588539974] [basic_sim]: MainLoop - Ellapsed: 0.000078s[0m
[basic_sim-13] [0m[INFO] [1791566563.609025970] [basic_sim]: MainLoop - Ellapsed: 0.000132s[0m
[basic_sim-13] [0m[INFO] [1791566563.628485473] [basic_sim]: MainLoop - Ellapsed: 0.000082s[0m
[basic_sim-13] [0m[INFO] [1791566563.648714163] [basic_sim]: MainLoop - Ellapsed: 0.000103s[0m
[basic_sim-13] [0m[INFO] [1791566563.668477459] [basic_sim]: MainLoop - Ellapsed: 0.000075s[0m
[basic_sim-13] [0m[INFO] [1791566563.688464338] [basic_sim]: MainLoop - Ellapsed: 0.000076s[0m
[basic_sim-13] [0m[INFO] [1791566563.708475941] [basic_sim]: MainLoop - Ellapsed: 0.000077s[0m
[basic_sim-13] [0m[INFO] [1791566563.728577900] [basic_sim]: MainLoop - Ellapsed: 0.000082s[0m
[basic_sim-13] [0m[INFO] [1791566563.748572063] [basic_sim]: MainLoop - Ellapsed: 0.000084s[0m
[basic_sim-13] [0m[INFO] [1791566563.768415357] [basic_sim]: MainLoop - Ellapsed: 0.000069s[0m
[gsl_actionserver_node-14] [0m[INFO] [1791566563.777683228] [GSL - Trace]: [32mEntering StopAndMeasure[0m[0m
[basic_sim-13] [0m[INFO] [1791566563.788485382] [basic_sim]: MainLoop - Ellapsed: 0.000078s[0m
[basic_sim-13] [0m[INFO] [1791566563.808517500] [basic_sim]: MainLoop - Ellapsed: 0.000078s[0m
[basic_sim-13] [0m[INFO] [1791566563.828500760] [basic_sim]: MainLoop - Ellapsed: 0.000081s[0m
[basic_sim-13] [0m[INFO] [1791566563.848513922] [basic_sim]: MainLoop - Ellapsed: 0.000078s[0m
[basic_sim-13] [0m[INFO] [1791566563.868462512] [basic_sim]: MainLoop - Ellapsed: 0.000075s[0m
[gsl_actionserver_node-14] [0m[INFO] [1791566563.877689811] [GSL]: 1 gas measurements, 2 wind measurements over 0.50 seconds[0m
[gsl_actionserver_node-14] [0m[INFO] [1791566563.877733628] [GSL]: avg_gas=0;  avg_windSpeed=0.044;  avg_wind_dir=-0.9[0m
[gsl_actionserver_node-14] [0m[INFO] [1791566563.878455966] [GSL]: [33mNOTHING [0m[0m
[basic_sim-13] [0m[INFO] [1791566563.888439055] [basic_sim]: MainLoop - Ellapsed: 0.000070s[0m
[gsl_actionserver_node-14] [0m[INFO] [1791566563.897417095] [GSL - Trace]: [32mEntering StopAndMeasure[0m[0m
[basic_sim-13] [0m[INFO] [1791566563.908823663] [basic_sim]: MainLoop - Ellapsed: 0.000111s[0m
[basic_sim-13] [0m[INFO] [1791566563.928738525] [basic_sim]: MainLoop - Ellapsed: 0.000104s[0m
[basic_sim-13] [0m[INFO] [1791566563.948345493] [basic_sim]: MainLoop - Ellapsed: 0.000068s[0m
[basic_sim-13] [0m[INFO] [1791566563.968498341] [basic_sim]: MainLoop - Ellapsed: 0.000074s[0m
[gsl_actionserver_node-14] [0m[INFO] [1791566563.977657239] [GSL]: 1 gas measurements, 1 wind measurements over 0.40 seconds[0m
[gsl_actionserver_node-14] [0m[INFO] [1791566563.977696070] [GSL]: avg_gas=0;  avg_windSpeed=0.044;  avg_wind_dir=-1[0m
[gsl_actionserver_node-14] [0m[INFO] [1791566563.978360502] [GSL]: [33mNOTHING [0m[0m
[basic_sim-13] [0m[INFO] [1791566563.988635992] [basic_sim]: MainLoop - Ellapsed: 0.000092s[0m
[gsl_actionserver_node-14] [0m[INFO] [1791566563.997275251] [GSL - Trace]: [32mEntering StopAndMeasure[0m[0m
[basic_sim-13] [0m[INFO] [1791566564.008673547] [basic_sim]: MainLoop - Ellapsed: 0.000095s[0m
[basic_sim-13] [0m[INFO] [1791566564.028775093] [basic_sim]: MainLoop - Ellapsed: 0.000110s[0m
[basic_sim-13] [0m[INFO] [1791566564.049003327] [basic_sim]: MainLoop - Ellapsed: 0.000125s[0m
[basic_sim-13] [0m[INFO] [1791566564.068744923] [basic_sim]: MainLoop - Ellapsed: 0.000106s[0m
[basic_sim-13] [0m[INFO] [1791566564.088730873] [basic_sim]: MainLoop - Ellapsed: 0.000102s[0m
[basic_sim-13] [0m[INFO] [1791566564.108553146] [basic_sim]: MainLoop - Ellapsed: 0.000084s[0m
[gsl_actionserver_node-14] [0m[INFO] [1791566564.127746063] [GSL]: 1 gas measurements, 2 wind measurements over 0.60 seconds[0m
[gsl_actionserver_node-14] [0m[INFO] [1791566564.127800235] [GSL]: avg_gas=0;  avg_windSpeed=0.054;  avg_wind_dir=-0.56[0m
[gsl_actionserver_node-14] [0m[INFO] [1791566564.128541329] [GSL]: [33mNOTHING [0m[0m
[basic_sim-13] [0m[INFO] [1791566564.128533604] [basic_sim]: MainLoop - Ellapsed: 0.000087s[0m
[gsl_actionserver_node-14] [0m[INFO] [1791566564.147290248] [GSL - Trace]: [32mEntering StopAndMeasure[0m[0m
[basic_sim-13] [0m[INFO] [1791566564.148451549] [basic_sim]: MainLoop - Ellapsed: 0.000081s[0m
[basic_sim-13] [0m[INFO] [1791566564.168380377] [basic_sim]: MainLoop - Ellapsed: 0.000069s[0m
[basic_sim-13] [0m[INFO] [1791566564.188755788] [basic_sim]: MainLoop - Ellapsed: 0.000097s[0m
[basic_sim-13] [0m[INFO] [1791566564.208590470] [basic_sim]: MainLoop - Ellapsed: 0.000087s[0m
[gsl_actionserver_node-14] [0m[INFO] [1791566564.227734915] [GSL]: 1 gas measurements, 1 wind measurements over 0.40 seconds[0m
[gsl_actionserver_node-14] [0m[INFO] [1791566564.227786499] [GSL]: avg_gas=0;  avg_windSpeed=0.077;  avg_wind_dir=-0.89[0m
[basic_sim-13] [0m[INFO] [1791566564.228343004] [basic_sim]: MainLoop - Ellapsed: 0.000070s[0m
[gsl_actionserver_node-14] [0m[INFO] [1791566564.228556781] [GSL]: [33mNOTHING [0m[0m
[gsl_actionserver_node-14] [0m[INFO] [1791566564.247422256] [GSL - Trace]: [32mEntering StopAndMeasure[0m[0m
[basic_sim-13] [0m[INFO] [1791566564.248371001] [basic_sim]: MainLoop - Ellapsed: 0.000069s[0m
[basic_sim-13] [0m[INFO] [1791566564.268354288] [basic_sim]: MainLoop - Ellapsed: 0.000070s[0m
[basic_sim-13] [0m[INFO] [1791566564.288794304] [basic_sim]: MainLoop - Ellapsed: 0.000097s[0m
[basic_sim-13] [0m[INFO] [1791566564.308652823] [basic_sim]: MainLoop - Ellapsed: 0.000090s[0m
[gsl_actionserver_node-14] [0m[INFO] [1791566564.327707975] [GSL]: 1 gas measurements, 1 wind measurements over 0.40 seconds[0m
[gsl_actionserver_node-14] [0m[INFO] [1791566564.327752695] [GSL]: avg_gas=0;  avg_windSpeed=0.041;  avg_wind_dir=-1.1[0m
[basic_sim-13] [0m[INFO] [1791566564.328463662] [basic_sim]: MainLoop - Ellapsed: 0.000082s[0m
[gsl_actionserver_node-14] [0m[INFO] [1791566564.328535374] [GSL]: [33mNOTHING [0m[0m
[basic_sim-13] [0m[INFO] [1791566564.348402815] [basic_sim]: MainLoop - Ellapsed: 0.000075s[0m
[gsl_actionserver_node-14] [0m[INFO] [1791566564.356072828] [GSL]: [33mStarted simulations. Might take a while![0m[0m
[basic_sim-13] [0m[INFO] [1791566564.368339868] [basic_sim]: MainLoop - Ellapsed: 0.000066s[0m
[basic_sim-13] [0m[INFO] [1791566564.389396871] [basic_sim]: MainLoop - Ellapsed: 0.000170s[0m
[basic_sim-13] [0m[INFO] [1791566564.408450907] [basic_sim]: MainLoop - Ellapsed: 0.000072s[0m
[basic_sim-13] [0m[INFO] [1791566564.428413029] [basic_sim]: MainLoop - Ellapsed: 0.000075s[0m
[basic_sim-13] [0m[INFO] [1791566564.448679523] [basic_sim]: MainLoop - Ellapsed: 0.000099s[0m
[basic_sim-13] [0m[INFO] [1791566564.468500723] [basic_sim]: MainLoop - Ellapsed: 0.000076s[0m
[basic_sim-13] [0m[INFO] [1791566564.488417239] [basic_sim]: MainLoop - Ellapsed: 0.000070s[0m
[basic_sim-13] [0m[INFO] [1791566564.508438167] [basic_sim]: MainLoop - Ellapsed: 0.000071s[0m
[basic_sim-13] [0m[INFO] [1791566564.528500418] [basic_sim]: MainLoop - Ellapsed: 0.000075s[0m
[basic_sim-13] [0m[INFO] [1791566564.548407592] [basic_sim]: MainLoop - Ellapsed: 0.000076s[0m
[basic_sim-13] [0m[INFO] [1791566564.568420855] [basic_sim]: MainLoop - Ellapsed: 0.000073s[0m
[basic_sim-13] [0m[INFO] [1791566564.588303216] [basic_sim]: MainLoop - Ellapsed: 0.000060s[0m
[basic_sim-13] [0m[INFO] [1791566564.608440805] [basic_sim]: MainLoop - Ellapsed: 0.000069s[0m
[basic_sim-13] [0m[INFO] [1791566564.628416777] [basic_sim]: MainLoop - Ellapsed: 0.000065s[0m
[basic_sim-13] [0m[INFO] [1791566564.648396001] [basic_sim]: MainLoop - Ellapsed: 0.000075s[0m
[basic_sim-13] [0m[INFO] [1791566564.668573280] [basic_sim]: MainLoop - Ellapsed: 0.000085s[0m
[basic_sim-13] [0m[INFO] [1791566564.688513040] [basic_sim]: MainLoop - Ellapsed: 0.000083s[0m
[basic_sim-13] [0m[INFO] [1791566564.708385647] [basic_sim]: MainLoop - Ellapsed: 0.000071s[0m
[basic_sim-13] [0m[INFO] [1791566564.728373094] [basic_sim]: MainLoop - Ellapsed: 0.000067s[0m
[basic_sim-13] [0m[INFO] [1791566564.748567727] [basic_sim]: MainLoop - Ellapsed: 0.000077s[0m
[basic_sim-13] [0m[INFO] [1791566564.768413147] [basic_sim]: MainLoop - Ellapsed: 0.000071s[0m
[basic_sim-13] [0m[INFO] [1791566564.788408614] [basic_sim]: MainLoop - Ellapsed: 0.000075s[0m
[basic_sim-13] [0m[INFO] [1791566564.808392735] [basic_sim]: MainLoop - Ellapsed: 0.000071s[0m
[basic_sim-13] [0m[INFO] [1791566564.828389883] [basic_sim]: MainLoop - Ellapsed: 0.000072s[0m
[basic_sim-13] [0m[INFO] [1791566564.848460653] [basic_sim]: MainLoop - Ellapsed: 0.000077s[0m
[basic_sim-13] [0m[INFO] [1791566564.868453790] [basic_sim]: MainLoop - Ellapsed: 0.000080s[0m
[basic_sim-13] [0m[INFO] [1791566564.888359851] [basic_sim]: MainLoop - Ellapsed: 0.000069s[0m
[basic_sim-13] [0m[INFO] [1791566564.908518014] [basic_sim]: MainLoop - Ellapsed: 0.000075s[0m
[basic_sim-13] [0m[INFO] [1791566564.928446977] [basic_sim]: MainLoop - Ellapsed: 0.000071s[0m
[basic_sim-13] [0m[INFO] [1791566564.948615833] [basic_sim]: MainLoop - Ellapsed: 0.000093s[0m
[basic_sim-13] [0m[INFO] [1791566564.968542606] [basic_sim]: MainLoop - Ellapsed: 0.000083s[0m
[basic_sim-13] [0m[INFO] [1791566564.988549583] [basic_sim]: MainLoop - Ellapsed: 0.000086s[0m
[basic_sim-13] [0m[INFO] [1791566565.008473521] [basic_sim]: MainLoop - Ellapsed: 0.000072s[0m
[basic_sim-13] [0m[INFO] [1791566565.028380105] [basic_sim]: MainLoop - Ellapsed: 0.000070s[0m
[basic_sim-13] [0m[INFO] [1791566565.048335583] [basic_sim]: MainLoop - Ellapsed: 0.000067s[0m
[basic_sim-13] [0m[INFO] [1791566565.068455952] [basic_sim]: MainLoop - Ellapsed: 0.000077s[0m
[basic_sim-13] [0m[INFO] [1791566565.088408242] [basic_sim]: MainLoop - Ellapsed: 0.000073s[0m
[basic_sim-13] [0m[INFO] [1791566565.108458484] [basic_sim]: MainLoop - Ellapsed: 0.000074s[0m
[basic_sim-13] [0m[INFO] [1791566565.128380514] [basic_sim]: MainLoop - Ellapsed: 0.000071s[0m
[basic_sim-13] [0m[INFO] [1791566565.148433668] [basic_sim]: MainLoop - Ellapsed: 0.000080s[0m
[basic_sim-13] [0m[INFO] [1791566565.168438101] [basic_sim]: MainLoop - Ellapsed: 0.000075s[0m
[basic_sim-13] [0m[INFO] [1791566565.188525501] [basic_sim]: MainLoop - Ellapsed: 0.000085s[0m
[basic_sim-13] [0m[INFO] [1791566565.208487620] [basic_sim]: MainLoop - Ellapsed: 0.000079s[0m
[basic_sim-13] [0m[INFO] [1791566565.228476912] [basic_sim]: MainLoop - Ellapsed: 0.000079s[0m
[basic_sim-13] [0m[INFO] [1791566565.248403818] [basic_sim]: MainLoop - Ellapsed: 0.000077s[0m
[basic_sim-13] [0m[INFO] [1791566565.268956988] [basic_sim]: MainLoop - Ellapsed: 0.000117s[0m
[basic_sim-13] [0m[INFO] [1791566565.288399137] [basic_sim]: MainLoop - Ellapsed: 0.000075s[0m
[basic_sim-13] [0m[INFO] [1791566565.308451914] [basic_sim]: MainLoop - Ellapsed: 0.000079s[0m
[basic_sim-13] [0m[INFO] [1791566565.328324421] [basic_sim]: MainLoop - Ellapsed: 0.000069s[0m
[basic_sim-13] [0m[INFO] [1791566565.348649356] [basic_sim]: MainLoop - Ellapsed: 0.000094s[0m
[basic_sim-13] [0m[INFO] [1791566565.368768261] [basic_sim]: MainLoop - Ellapsed: 0.000091s[0m
[basic_sim-13] [0m[INFO] [1791566565.388393384] [basic_sim]: MainLoop - Ellapsed: 0.000073s[0m
[basic_sim-13] [0m[INFO] [1791566565.408466935] [basic_sim]: MainLoop - Ellapsed: 0.000077s[0m
[basic_sim-13] [0m[INFO] [1791566565.428371882] [basic_sim]: MainLoop - Ellapsed: 0.000064s[0m
[basic_sim-13] [0m[INFO] [1791566565.448434612] [basic_sim]: MainLoop - Ellapsed: 0.000076s[0m
[basic_sim-13] [0m[INFO] [1791566565.468393493] [basic_sim]: MainLoop - Ellapsed: 0.000075s[0m
[basic_sim-13] [0m[INFO] [1791566565.488331490] [basic_sim]: MainLoop - Ellapsed: 0.000066s[0m
[basic_sim-13] [0m[INFO] [1791566565.508387487] [basic_sim]: MainLoop - Ellapsed: 0.000068s[0m
[basic_sim-13] [0m[INFO] [1791566565.528444651] [basic_sim]: MainLoop - Ellapsed: 0.000080s[0m
[basic_sim-13] [0m[INFO] [1791566565.548310399] [basic_sim]: MainLoop - Ellapsed: 0.000058s[0m
[basic_sim-13] [0m[INFO] [1791566565.568685353] [basic_sim]: MainLoop - Ellapsed: 0.000089s[0m
[basic_sim-13] [0m[INFO] [1791566565.588581885] [basic_sim]: MainLoop - Ellapsed: 0.000090s[0m
[basic_sim-13] [0m[INFO] [1791566565.608444657] [basic_sim]: MainLoop - Ellapsed: 0.000073s[0m
[basic_sim-13] [0m[INFO] [1791566565.628396935] [basic_sim]: MainLoop - Ellapsed: 0.000077s[0m
[basic_sim-13] [0m[INFO] [1791566565.648465186] [basic_sim]: MainLoop - Ellapsed: 0.000076s[0m
[basic_sim-13] [0m[INFO] [1791566565.668784290] [basic_sim]: MainLoop - Ellapsed: 0.000109s[0m
[basic_sim-13] [0m[INFO] [1791566565.688415434] [basic_sim]: MainLoop - Ellapsed: 0.000078s[0m
[basic_sim-13] [0m[INFO] [1791566565.708402902] [basic_sim]: MainLoop - Ellapsed: 0.000069s[0m
[basic_sim-13] [0m[INFO] [1791566565.728392974] [basic_sim]: MainLoop - Ellapsed: 0.000075s[0m
[basic_sim-13] [0m[INFO] [1791566565.748401556] [basic_sim]: MainLoop - Ellapsed: 0.000075s[0m
[basic_sim-13] [0m[INFO] [1791566565.768913818] [basic_sim]: MainLoop - Ellapsed: 0.000126s[0m
[basic_sim-13] [0m[INFO] [1791566565.788918797] [basic_sim]: MainLoop - Ellapsed: 0.000124s[0m
[basic_sim-13] [0m[INFO] [1791566565.808468870] [basic_sim]: MainLoop - Ellapsed: 0.000078s[0m
[basic_sim-13] [0m[INFO] [1791566565.828365721] [basic_sim]: MainLoop - Ellapsed: 0.000073s[0m
[basic_sim-13] [0m[INFO] [1791566565.848537996] [basic_sim]: MainLoop - Ellapsed: 0.000088s[0m
[basic_sim-13] [0m[INFO] [1791566565.869051765] [basic_sim]: MainLoop - Ellapsed: 0.000133s[0m
[basic_sim-13] [0m[INFO] [1791566565.888568354] [basic_sim]: MainLoop - Ellapsed: 0.000085s[0m
[basic_sim-13] [0m[INFO] [1791566565.908298972] [basic_sim]: MainLoop - Ellapsed: 0.000067s[0m
[basic_sim-13] [0m[INFO] [1791566565.928316322] [basic_sim]: MainLoop - Ellapsed: 0.000066s[0m
[basic_sim-13] [0m[INFO] [1791566565.948697736] [basic_sim]: MainLoop - Ellapsed: 0.000106s[0m
[basic_sim-13] [0m[INFO] [1791566565.968399319] [basic_sim]: MainLoop - Ellapsed: 0.000072s[0m
[basic_sim-13] [0m[INFO] [1791566565.988452189] [basic_sim]: MainLoop - Ellapsed: 0.000078s[0m
[basic_sim-13] [0m[INFO] [1791566566.008591664] [basic_sim]: MainLoop - Ellapsed: 0.000087s[0m
[basic_sim-13] [0m[INFO] [1791566566.028282060] [basic_sim]: MainLoop - Ellapsed: 0.000065s[0m
[basic_sim-13] [0m[INFO] [1791566566.049190964] [basic_sim]: MainLoop - Ellapsed: 0.000149s[0m
[basic_sim-13] [0m[INFO] [1791566566.068645743] [basic_sim]: MainLoop - Ellapsed: 0.000095s[0m
[basic_sim-13] [0m[INFO] [1791566566.088461345] [basic_sim]: MainLoop - Ellapsed: 0.000079s[0m
[basic_sim-13] [0m[INFO] [1791566566.108481974] [basic_sim]: MainLoop - Ellapsed: 0.000077s[0m
[basic_sim-13] [0m[INFO] [1791566566.128411696] [basic_sim]: MainLoop - Ellapsed: 0.000075s[0m
[basic_sim-13] [0m[INFO] [1791566566.148353037] [basic_sim]: MainLoop - Ellapsed: 0.000068s[0m
[basic_sim-13] [0m[INFO] [1791566566.168532018] [basic_sim]: MainLoop - Ellapsed: 0.000076s[0m
[basic_sim-13] [0m[INFO] [1791566566.188500070] [basic_sim]: MainLoop - Ellapsed: 0.000080s[0m
[basic_sim-13] [0m[INFO] [1791566566.208470455] [basic_sim]: MainLoop - Ellapsed: 0.000081s[0m
[basic_sim-13] [0m[INFO] [1791566566.228359000] [basic_sim]: MainLoop - Ellapsed: 0.000069s[0m
[basic_sim-13] [0m[INFO] [1791566566.248425615] [basic_sim]: MainLoop - Ellapsed: 0.000071s[0m
[basic_sim-13] [0m[INFO] [1791566566.268518937] [basic_sim]: MainLoop - Ellapsed: 0.000082s[0m
[basic_sim-13] [0m[INFO] [1791566566.288477152] [basic_sim]: MainLoop - Ellapsed: 0.000073s[0m
[basic_sim-13] [0m[INFO] [1791566566.308405183] [basic_sim]: MainLoop - Ellapsed: 0.000070s[0m
[basic_sim-13] [0m[INFO] [1791566566.328324036] [basic_sim]: MainLoop - Ellapsed: 0.000066s[0m
[basic_sim-13] [0m[INFO] [1791566566.348437450] [basic_sim]: MainLoop - Ellapsed: 0.000074s[0m
[basic_sim-13] [0m[INFO] [1791566566.368408205] [basic_sim]: MainLoop - Ellapsed: 0.000065s[0m
[basic_sim-13] [0m[INFO] [1791566566.388460974] [basic_sim]: MainLoop - Ellapsed: 0.000078s[0m
[basic_sim-13] [0m[INFO] [1791566566.408752505] [basic_sim]: MainLoop - Ellapsed: 0.000106s[0m
[basic_sim-13] [0m[INFO] [1791566566.428356637] [basic_sim]: MainLoop - Ellapsed: 0.000072s[0m
[basic_sim-13] [0m[INFO] [1791566566.448364370] [basic_sim]: MainLoop - Ellapsed: 0.000069s[0m
[basic_sim-13] [0m[INFO] [1791566566.468374397] [basic_sim]: MainLoop - Ellapsed: 0.000067s[0m
[basic_sim-13] [0m[INFO] [1791566566.488532066] [basic_sim]: MainLoop - Ellapsed: 0.000085s[0m
[basic_sim-13] [0m[INFO] [1791566566.508491251] [basic_sim]: MainLoop - Ellapsed: 0.000082s[0m
[basic_sim-13] [0m[INFO] [1791566566.528266651] [basic_sim]: MainLoop - Ellapsed: 0.000065s[0m
[basic_sim-13] [0m[INFO] [1791566566.548694139] [basic_sim]: MainLoop - Ellapsed: 0.000091s[0m
[basic_sim-13] [0m[INFO] [1791566566.568310933] [basic_sim]: MainLoop - Ellapsed: 0.000063s[0m
[basic_sim-13] [0m[INFO] [1791566566.588403986] [basic_sim]: MainLoop - Ellapsed: 0.000078s[0m
[basic_sim-13] [0m[INFO] [1791566566.608672775] [basic_sim]: MainLoop - Ellapsed: 0.000098s[0m
[basic_sim-13] [0m[INFO] [1791566566.628305302] [basic_sim]: MainLoop - Ellapsed: 0.000064s[0m
[basic_sim-13] [0m[INFO] [1791566566.648385138] [basic_sim]: MainLoop - Ellapsed: 0.000069s[0m
[basic_sim-13] [0m[INFO] [1791566566.668407035] [basic_sim]: MainLoop - Ellapsed: 0.000066s[0m
[basic_sim-13] [0m[INFO] [1791566566.688628649] [basic_sim]: MainLoop - Ellapsed: 0.000096s[0m
[basic_sim-13] [0m[INFO] [1791566566.708585712] [basic_sim]: MainLoop - Ellapsed: 0.000090s[0m
[basic_sim-13] [0m[INFO] [1791566566.728280728] [basic_sim]: MainLoop - Ellapsed: 0.000066s[0m
[basic_sim-13] [0m[INFO] [1791566566.748546318] [basic_sim]: MainLoop - Ellapsed: 0.000085s[0m
[basic_sim-13] [0m[INFO] [1791566566.768298088] [basic_sim]: MainLoop - Ellapsed: 0.000061s[0m
[basic_sim-13] [0m[INFO] [1791566566.788402888] [basic_sim]: MainLoop - Ellapsed: 0.000072s[0m
[basic_sim-13] [0m[INFO] [1791566566.808449507] [basic_sim]: MainLoop - Ellapsed: 0.000072s[0m
[basic_sim-13] [0m[INFO] [1791566566.828269115] [basic_sim]: MainLoop - Ellapsed: 0.000062s[0m
[basic_sim-13] [0m[INFO] [1791566566.848782869] [basic_sim]: MainLoop - Ellapsed: 0.000104s[0m
[basic_sim-13] [0m[INFO] [1791566566.868253260] [basic_sim]: MainLoop - Ellapsed: 0.000062s[0m
[basic_sim-13] [0m[INFO] [1791566566.888665198] [basic_sim]: MainLoop - Ellapsed: 0.000090s[0m
[basic_sim-13] [0m[INFO] [1791566566.908366570] [basic_sim]: MainLoop - Ellapsed: 0.000071s[0m
[basic_sim-13] [0m[INFO] [1791566566.928425899] [basic_sim]: MainLoop - Ellapsed: 0.000075s[0m
[basic_sim-13] [0m[INFO] [1791566566.948825906] [basic_sim]: MainLoop - Ellapsed: 0.000106s[0m
[basic_sim-13] [0m[INFO] [1791566566.968473793] [basic_sim]: MainLoop - Ellapsed: 0.000074s[0m
[basic_sim-13] [0m[INFO] [1791566566.988588105] [basic_sim]: MainLoop - Ellapsed: 0.000091s[0m
[basic_sim-13] [0m[INFO] [1791566567.008305982] [basic_sim]: MainLoop - Ellapsed: 0.000061s[0m
[basic_sim-13] [0m[INFO] [1791566567.028545855] [basic_sim]: MainLoop - Ellapsed: 0.000081s[0m
[basic_sim-13] [0m[INFO] [1791566567.048376643] [basic_sim]: MainLoop - Ellapsed: 0.000067s[0m
[basic_sim-13] [0m[INFO] [1791566567.068454603] [basic_sim]: MainLoop - Ellapsed: 0.000069s[0m
[basic_sim-13] [0m[INFO] [1791566567.088645635] [basic_sim]: MainLoop - Ellapsed: 0.000069s[0m
[basic_sim-13] [0m[INFO] [1791566567.108711575] [basic_sim]: MainLoop - Ellapsed: 0.000100s[0m
[basic_sim-13] [0m[INFO] [1791566567.129365601] [basic_sim]: MainLoop - Ellapsed: 0.000162s[0m
[basic_sim-13] [0m[INFO] [1791566567.148331643] [basic_sim]: MainLoop - Ellapsed: 0.000068s[0m
[basic_sim-13] [0m[INFO] [1791566567.168394677] [basic_sim]: MainLoop - Ellapsed: 0.000070s[0m
[basic_sim-13] [0m[INFO] [1791566567.188888135] [basic_sim]: MainLoop - Ellapsed: 0.000112s[0m
[basic_sim-13] [0m[INFO] [1791566567.208371929] [basic_sim]: MainLoop - Ellapsed: 0.000068s[0m
[basic_sim-13] [0m[INFO] [1791566567.228444931] [basic_sim]: MainLoop - Ellapsed: 0.000082s[0m
[basic_sim-13] [0m[INFO] [1791566567.248402741] [basic_sim]: MainLoop - Ellapsed: 0.000075s[0m
[basic_sim-13] [0m[INFO] [1791566567.268354265] [basic_sim]: MainLoop - Ellapsed: 0.000071s[0m
[basic_sim-13] [0m[INFO] [1791566567.288377022] [basic_sim]: MainLoop - Ellapsed: 0.000071s[0m
[basic_sim-13] [0m[INFO] [1791566567.308499589] [basic_sim]: MainLoop - Ellapsed: 0.000084s[0m
[basic_sim-13] [0m[INFO] [1791566567.328311670] [basic_sim]: MainLoop - Ellapsed: 0.000068s[0m
[basic_sim-13] [0m[INFO] [1791566567.348417678] [basic_sim]: MainLoop - Ellapsed: 0.000071s[0m
[basic_sim-13] [0m[INFO] [1791566567.368327495] [basic_sim]: MainLoop - Ellapsed: 0.000069s[0m
[basic_sim-13] [0m[INFO] [1791566567.388503621] [basic_sim]: MainLoop - Ellapsed: 0.000081s[0m
[basic_sim-13] [0m[INFO] [1791566567.408276053] [basic_sim]: MainLoop - Ellapsed: 0.000062s[0m
[basic_sim-13] [0m[INFO] [1791566567.428298559] [basic_sim]: MainLoop - Ellapsed: 0.000067s[0m
[basic_sim-13] [0m[INFO] [1791566567.448411290] [basic_sim]: MainLoop - Ellapsed: 0.000069s[0m
[basic_sim-13] [0m[INFO] [1791566567.468325681] [basic_sim]: MainLoop - Ellapsed: 0.000068s[0m
[basic_sim-13] [0m[INFO] [1791566567.488449820] [basic_sim]: MainLoop - Ellapsed: 0.000076s[0m
[basic_sim-13] [0m[INFO] [1791566567.508285358] [basic_sim]: MainLoop - Ellapsed: 0.000066s[0m
[basic_sim-13] [0m[INFO] [1791566567.528286773] [basic_sim]: MainLoop - Ellapsed: 0.000066s[0m
[basic_sim-13] [0m[INFO] [1791566567.548411965] [basic_sim]: MainLoop - Ellapsed: 0.000076s[0m
[basic_sim-13] [0m[INFO] [1791566567.568458328] [basic_sim]: MainLoop - Ellapsed: 0.000080s[0m
[basic_sim-13] [0m[INFO] [1791566567.588236977] [basic_sim]: MainLoop - Ellapsed: 0.000060s[0m
[basic_sim-13] [0m[INFO] [1791566567.608514938] [basic_sim]: MainLoop - Ellapsed: 0.000070s[0m
[basic_sim-13] [0m[INFO] [1791566567.628239306] [basic_sim]: MainLoop - Ellapsed: 0.000061s[0m
[basic_sim-13] [0m[INFO] [1791566567.648362108] [basic_sim]: MainLoop - Ellapsed: 0.000066s[0m
[basic_sim-13] [0m[INFO] [1791566567.668711021] [basic_sim]: MainLoop - Ellapsed: 0.000091s[0m
[basic_sim-13] [0m[INFO] [1791566567.688655525] [basic_sim]: MainLoop - Ellapsed: 0.000097s[0m
[basic_sim-13] [0m[INFO] [1791566567.708696361] [basic_sim]: MainLoop - Ellapsed: 0.000073s[0m
[basic_sim-13] [0m[INFO] [1791566567.728244671] [basic_sim]: MainLoop - Ellapsed: 0.000063s[0m
[basic_sim-13] [0m[INFO] [1791566567.748364913] [basic_sim]: MainLoop - Ellapsed: 0.000061s[0m
[basic_sim-13] [0m[INFO] [1791566567.768306630] [basic_sim]: MainLoop - Ellapsed: 0.000062s[0m
[basic_sim-13] [0m[INFO] [1791566567.788439018] [basic_sim]: MainLoop - Ellapsed: 0.000067s[0m
[basic_sim-13] [0m[INFO] [1791566567.808396226] [basic_sim]: MainLoop - Ellapsed: 0.000072s[0m
[basic_sim-13] [0m[INFO] [1791566567.828295231] [basic_sim]: MainLoop - Ellapsed: 0.000067s[0m
[basic_sim-13] [0m[INFO] [1791566567.848242290] [basic_sim]: MainLoop - Ellapsed: 0.000060s[0m
[basic_sim-13] [0m[INFO] [1791566567.868451345] [basic_sim]: MainLoop - Ellapsed: 0.000080s[0m
[basic_sim-13] [0m[INFO] [1791566567.888538562] [basic_sim]: MainLoop - Ellapsed: 0.000089s[0m
[basic_sim-13] [0m[INFO] [1791566567.908436085] [basic_sim]: MainLoop - Ellapsed: 0.000075s[0m
[basic_sim-13] [0m[INFO] [1791566567.928260557] [basic_sim]: MainLoop - Ellapsed: 0.000060s[0m
[basic_sim-13] [0m[INFO] [1791566567.948304088] [basic_sim]: MainLoop - Ellapsed: 0.000066s[0m
[basic_sim-13] [0m[INFO] [1791566567.968375963] [basic_sim]: MainLoop - Ellapsed: 0.000071s[0m
[basic_sim-13] [0m[INFO] [1791566567.988349994] [basic_sim]: MainLoop - Ellapsed: 0.000065s[0m
[basic_sim-13] [0m[INFO] [1791566568.008423173] [basic_sim]: MainLoop - Ellapsed: 0.000074s[0m
[basic_sim-13] [0m[INFO] [1791566568.028377034] [basic_sim]: MainLoop - Ellapsed: 0.000076s[0m
[basic_sim-13] [0m[INFO] [1791566568.048292739] [basic_sim]: MainLoop - Ellapsed: 0.000067s[0m
[basic_sim-13] [0m[INFO] [1791566568.068303211] [basic_sim]: MainLoop - Ellapsed: 0.000065s[0m
[basic_sim-13] [0m[INFO] [1791566568.088303403] [basic_sim]: MainLoop - Ellapsed: 0.000066s[0m
[basic_sim-13] [0m[INFO] [1791566568.108367132] [basic_sim]: MainLoop - Ellapsed: 0.000066s[0m
[basic_sim-13] [0m[INFO] [1791566568.128255158] [basic_sim]: MainLoop - Ellapsed: 0.000062s[0m
[basic_sim-13] [0m[INFO] [1791566568.148460360] [basic_sim]: MainLoop - Ellapsed: 0.000079s[0m
[basic_sim-13] [0m[INFO] [1791566568.168419071] [basic_sim]: MainLoop - Ellapsed: 0.000078s[0m
[basic_sim-13] [0m[INFO] [1791566568.188513705] [basic_sim]: MainLoop - Ellapsed: 0.000088s[0m
[basic_sim-13] [0m[INFO] [1791566568.208574174] [basic_sim]: MainLoop - Ellapsed: 0.000087s[0m
[basic_sim-13] [0m[INFO] [1791566568.228530780] [basic_sim]: MainLoop - Ellapsed: 0.000088s[0m
[basic_sim-13] [0m[INFO] [1791566568.248972880] [basic_sim]: MainLoop - Ellapsed: 0.000120s[0m
[basic_sim-13] [0m[INFO] [1791566568.268384800] [basic_sim]: MainLoop - Ellapsed: 0.000064s[0m
[basic_sim-13] [0m[INFO] [1791566568.288508899] [basic_sim]: MainLoop - Ellapsed: 0.000084s[0m
[basic_sim-13] [0m[INFO] [1791566568.308313124] [basic_sim]: MainLoop - Ellapsed: 0.000066s[0m
[basic_sim-13] [0m[INFO] [1791566568.328384373] [basic_sim]: MainLoop - Ellapsed: 0.000077s[0m
[basic_sim-13] [0m[INFO] [1791566568.348258183] [basic_sim]: MainLoop - Ellapsed: 0.000060s[0m
[basic_sim-13] [0m[INFO] [1791566568.368219735] [basic_sim]: MainLoop - Ellapsed: 0.000056s[0m
[basic_sim-13] [0m[INFO] [1791566568.388296186] [basic_sim]: MainLoop - Ellapsed: 0.000063s[0m
[basic_sim-13] [0m[INFO] [1791566568.408275821] [basic_sim]: MainLoop - Ellapsed: 0.000062s[0m
[basic_sim-13] [0m[INFO] [1791566568.428654584] [basic_sim]: MainLoop - Ellapsed: 0.000103s[0m
[gsl_actionserver_node-14] [0m[INFO] [1791566568.443689644] [GSL - Trace]: [32mFirst simulation level done[0m[0m
[basic_sim-13] [0m[INFO] [1791566568.448325484] [basic_sim]: MainLoop - Ellapsed: 0.000068s[0m
[basic_sim-13] [0m[INFO] [1791566568.468253851] [basic_sim]: MainLoop - Ellapsed: 0.000060s[0m
[basic_sim-13] [0m[INFO] [1791566568.488364980] [basic_sim]: MainLoop - Ellapsed: 0.000066s[0m
[basic_sim-13] [0m[INFO] [1791566568.508302116] [basic_sim]: MainLoop - Ellapsed: 0.000065s[0m
[basic_sim-13] [0m[INFO] [1791566568.528580190] [basic_sim]: MainLoop - Ellapsed: 0.000074s[0m
[basic_sim-13] [0m[INFO] [1791566568.548405524] [basic_sim]: MainLoop - Ellapsed: 0.000079s[0m
[basic_sim-13] [0m[INFO] [1791566568.568696218] [basic_sim]: MainLoop - Ellapsed: 0.000095s[0m
[basic_sim-13] [0m[INFO] [1791566568.588255554] [basic_sim]: MainLoop - Ellapsed: 0.000060s[0m
[basic_sim-13] [0m[INFO] [1791566568.608246633] [basic_sim]: MainLoop - Ellapsed: 0.000060s[0m
[basic_sim-13] [0m[INFO] [1791566568.628462938] [basic_sim]: MainLoop - Ellapsed: 0.000070s[0m
[basic_sim-13] [0m[INFO] [1791566568.648464248] [basic_sim]: MainLoop - Ellapsed: 0.000080s[0m
[basic_sim-13] [0m[INFO] [1791566568.668326990] [basic_sim]: MainLoop - Ellapsed: 0.000063s[0m
[basic_sim-13] [0m[INFO] [1791566568.688420656] [basic_sim]: MainLoop - Ellapsed: 0.000071s[0m
[basic_sim-13] [0m[INFO] [1791566568.708474339] [basic_sim]: MainLoop - Ellapsed: 0.000081s[0m
[basic_sim-13] [0m[INFO] [1791566568.728446553] [basic_sim]: MainLoop - Ellapsed: 0.000069s[0m
[basic_sim-13] [0m[INFO] [1791566568.748260992] [basic_sim]: MainLoop - Ellapsed: 0.000061s[0m
[basic_sim-13] [0m[INFO] [1791566568.768367912] [basic_sim]: MainLoop - Ellapsed: 0.000074s[0m
[basic_sim-13] [0m[INFO] [1791566568.788334816] [basic_sim]: MainLoop - Ellapsed: 0.000068s[0m
[basic_sim-13] [0m[INFO] [1791566568.808714475] [basic_sim]: MainLoop - Ellapsed: 0.000101s[0m
[basic_sim-13] [0m[INFO] [1791566568.828644087] [basic_sim]: MainLoop - Ellapsed: 0.000102s[0m
[basic_sim-13] [0m[INFO] [1791566568.848951004] [basic_sim]: MainLoop - Ellapsed: 0.000131s[0m
[basic_sim-13] [0m[INFO] [1791566568.868612283] [basic_sim]: MainLoop - Ellapsed: 0.000087s[0m
[basic_sim-13] [0m[INFO] [1791566568.888300357] [basic_sim]: MainLoop - Ellapsed: 0.000064s[0m
[basic_sim-13] [0m[INFO] [1791566568.908526542] [basic_sim]: MainLoop - Ellapsed: 0.000088s[0m
[basic_sim-13] [0m[INFO] [1791566568.928395666] [basic_sim]: MainLoop - Ellapsed: 0.000073s[0m
[basic_sim-13] [0m[INFO] [1791566568.948619854] [basic_sim]: MainLoop - Ellapsed: 0.000071s[0m
[basic_sim-13] [0m[INFO] [1791566568.968393652] [basic_sim]: MainLoop - Ellapsed: 0.000073s[0m
[basic_sim-13] [0m[INFO] [1791566568.988417125] [basic_sim]: MainLoop - Ellapsed: 0.000074s[0m
[basic_sim-13] [0m[INFO] [1791566569.008324533] [basic_sim]: MainLoop - Ellapsed: 0.000067s[0m
[basic_sim-13] [0m[INFO] [1791566569.028583952] [basic_sim]: MainLoop - Ellapsed: 0.000067s[0m
[basic_sim-13] [0m[INFO] [1791566569.049403365] [basic_sim]: MainLoop - Ellapsed: 0.000166s[0m
[basic_sim-13] [0m[INFO] [1791566569.068259762] [basic_sim]: MainLoop - Ellapsed: 0.000062s[0m
[basic_sim-13] [0m[INFO] [1791566569.088389206] [basic_sim]: MainLoop - Ellapsed: 0.000073s[0m
[basic_sim-13] [0m[INFO] [1791566569.108419532] [basic_sim]: MainLoop - Ellapsed: 0.000077s[0m
[basic_sim-13] [0m[INFO] [1791566569.128234592] [basic_sim]: MainLoop - Ellapsed: 0.000062s[0m
[basic_sim-13] [0m[INFO] [1791566569.148856742] [basic_sim]: MainLoop - Ellapsed: 0.000100s[0m
[basic_sim-13] [0m[INFO] [1791566569.168459488] [basic_sim]: MainLoop - Ellapsed: 0.000075s[0m
[basic_sim-13] [0m[INFO] [1791566569.188346848] [basic_sim]: MainLoop - Ellapsed: 0.000068s[0m
[basic_sim-13] [0m[INFO] [1791566569.208364398] [basic_sim]: MainLoop - Ellapsed: 0.000067s[0m
[basic_sim-13] [0m[INFO] [1791566569.228682950] [basic_sim]: MainLoop - Ellapsed: 0.000103s[0m
[basic_sim-13] [0m[INFO] [1791566569.248720787] [basic_sim]: MainLoop - Ellapsed: 0.000100s[0m
[basic_sim-13] [0m[INFO] [1791566569.268329028] [basic_sim]: MainLoop - Ellapsed: 0.000068s[0m
[basic_sim-13] [0m[INFO] [1791566569.288337341] [basic_sim]: MainLoop - Ellapsed: 0.000068s[0m
[basic_sim-13] [0m[INFO] [1791566569.308350952] [basic_sim]: MainLoop - Ellapsed: 0.000064s[0m
[basic_sim-13] [0m[INFO] [1791566569.328428903] [basic_sim]: MainLoop - Ellapsed: 0.000068s[0m
[basic_sim-13] [0m[INFO] [1791566569.348619264] [basic_sim]: MainLoop - Ellapsed: 0.000098s[0m
[basic_sim-13] [0m[INFO] [1791566569.368620727] [basic_sim]: MainLoop - Ellapsed: 0.000082s[0m
[basic_sim-13] [0m[INFO] [1791566569.388345811] [basic_sim]: MainLoop - Ellapsed: 0.000067s[0m
[basic_sim-13] [0m[INFO] [1791566569.408706049] [basic_sim]: MainLoop - Ellapsed: 0.000106s[0m
[basic_sim-13] [0m[INFO] [1791566569.428401105] [basic_sim]: MainLoop - Ellapsed: 0.000067s[0m
[basic_sim-13] [0m[INFO] [1791566569.448631160] [basic_sim]: MainLoop - Ellapsed: 0.000070s[0m
[basic_sim-13] [0m[INFO] [1791566569.468315652] [basic_sim]: MainLoop - Ellapsed: 0.000066s[0m
[basic_sim-13] [0m[INFO] [1791566569.488384466] [basic_sim]: MainLoop - Ellapsed: 0.000076s[0m
[basic_sim-13] [0m[INFO] [1791566569.508395064] [basic_sim]: MainLoop - Ellapsed: 0.000068s[0m
[basic_sim-13] [0m[INFO] [1791566569.528357915] [basic_sim]: MainLoop - Ellapsed: 0.000072s[0m
[basic_sim-13] [0m[INFO] [1791566569.548323938] [basic_sim]: MainLoop - Ellapsed: 0.000067s[0m
[basic_sim-13] [0m[INFO] [1791566569.568387722] [basic_sim]: MainLoop - Ellapsed: 0.000069s[0m
[basic_sim-13] [0m[INFO] [1791566569.588384274] [basic_sim]: MainLoop - Ellapsed: 0.000074s[0m
[basic_sim-13] [0m[INFO] [1791566569.608496146] [basic_sim]: MainLoop - Ellapsed: 0.000078s[0m
[basic_sim-13] [0m[INFO] [1791566569.628384447] [basic_sim]: MainLoop - Ellapsed: 0.000071s[0m
[basic_sim-13] [0m[INFO] [1791566569.648438267] [basic_sim]: MainLoop - Ellapsed: 0.000076s[0m
[basic_sim-13] [0m[INFO] [1791566569.668544377] [basic_sim]: MainLoop - Ellapsed: 0.000082s[0m
[basic_sim-13] [0m[INFO] [1791566569.688466979] [basic_sim]: MainLoop - Ellapsed: 0.000077s[0m
[basic_sim-13] [0m[INFO] [1791566569.708615577] [basic_sim]: MainLoop - Ellapsed: 0.000095s[0m
[basic_sim-13] [0m[INFO] [1791566569.728424073] [basic_sim]: MainLoop - Ellapsed: 0.000078s[0m
[basic_sim-13] [0m[INFO] [1791566569.748427890] [basic_sim]: MainLoop - Ellapsed: 0.000075s[0m
[basic_sim-13] [0m[INFO] [1791566569.768584167] [basic_sim]: MainLoop - Ellapsed: 0.000088s[0m
[basic_sim-13] [0m[INFO] [1791566569.788457496] [basic_sim]: MainLoop - Ellapsed: 0.000079s[0m
[basic_sim-13] [0m[INFO] [1791566569.808426136] [basic_sim]: MainLoop - Ellapsed: 0.000076s[0m
[basic_sim-13] [0m[INFO] [1791566569.828332850] [basic_sim]: MainLoop - Ellapsed: 0.000069s[0m
[basic_sim-13] [0m[INFO] [1791566569.848492517] [basic_sim]: MainLoop - Ellapsed: 0.000079s[0m
[basic_sim-13] [0m[INFO] [1791566569.868333226] [basic_sim]: MainLoop - Ellapsed: 0.000069s[0m
[basic_sim-13] [0m[INFO] [1791566569.888526153] [basic_sim]: MainLoop - Ellapsed: 0.000078s[0m
[basic_sim-13] [0m[INFO] [1791566569.908236496] [basic_sim]: MainLoop - Ellapsed: 0.000060s[0m
[basic_sim-13] [0m[INFO] [1791566569.928319795] [basic_sim]: MainLoop - Ellapsed: 0.000067s[0m
[basic_sim-13] [0m[INFO] [1791566569.948375639] [basic_sim]: MainLoop - Ellapsed: 0.000070s[0m
[basic_sim-13] [0m[INFO] [1791566569.968514075] [basic_sim]: MainLoop - Ellapsed: 0.000082s[0m
[basic_sim-13] [0m[INFO] [1791566569.988369241] [basic_sim]: MainLoop - Ellapsed: 0.000066s[0m
[basic_sim-13] [0m[INFO] [1791566570.008330204] [basic_sim]: MainLoop - Ellapsed: 0.000071s[0m
[basic_sim-13] [0m[INFO] [1791566570.028353500] [basic_sim]: MainLoop - Ellapsed: 0.000069s[0m
[basic_sim-13] [0m[INFO] [1791566570.048532679] [basic_sim]: MainLoop - Ellapsed: 0.000083s[0m
[basic_sim-13] [0m[INFO] [1791566570.068499939] [basic_sim]: MainLoop - Ellapsed: 0.000078s[0m
[basic_sim-13] [0m[INFO] [1791566570.088494957] [basic_sim]: MainLoop - Ellapsed: 0.000079s[0m
[basic_sim-13] [0m[INFO] [1791566570.108419449] [basic_sim]: MainLoop - Ellapsed: 0.000076s[0m
[basic_sim-13] [0m[INFO] [1791566570.128317658] [basic_sim]: MainLoop - Ellapsed: 0.000068s[0m
[basic_sim-13] [0m[INFO] [1791566570.148442582] [basic_sim]: MainLoop - Ellapsed: 0.000077s[0m
[basic_sim-13] [0m[INFO] [1791566570.168498755] [basic_sim]: MainLoop - Ellapsed: 0.000080s[0m
[basic_sim-13] [0m[INFO] [1791566570.188300990] [basic_sim]: MainLoop - Ellapsed: 0.000067s[0m
[basic_sim-13] [0m[INFO] [1791566570.208292912] [basic_sim]: MainLoop - Ellapsed: 0.000062s[0m
[basic_sim-13] [0m[INFO] [1791566570.228395190] [basic_sim]: MainLoop - Ellapsed: 0.000060s[0m
[basic_sim-13] [0m[INFO] [1791566570.248290571] [basic_sim]: MainLoop - Ellapsed: 0.000063s[0m
[basic_sim-13] [0m[INFO] [1791566570.268445894] [basic_sim]: MainLoop - Ellapsed: 0.000072s[0m
[basic_sim-13] [0m[INFO] [1791566570.288311756] [basic_sim]: MainLoop - Ellapsed: 0.000065s[0m
[basic_sim-13] [0m[INFO] [1791566570.308547607] [basic_sim]: MainLoop - Ellapsed: 0.000091s[0m
[basic_sim-13] [0m[INFO] [1791566570.328620213] [basic_sim]: MainLoop - Ellapsed: 0.000095s[0m
[basic_sim-13] [0m[INFO] [1791566570.348766900] [basic_sim]: MainLoop - Ellapsed: 0.000104s[0m
[basic_sim-13] [0m[INFO] [1791566570.368670364] [basic_sim]: MainLoop - Ellapsed: 0.000082s[0m
[basic_sim-13] [0m[INFO] [1791566570.389010600] [basic_sim]: MainLoop - Ellapsed: 0.000128s[0m
[basic_sim-13] [0m[INFO] [1791566570.408592582] [basic_sim]: MainLoop - Ellapsed: 0.000093s[0m
[basic_sim-13] [0m[INFO] [1791566570.428423858] [basic_sim]: MainLoop - Ellapsed: 0.000074s[0m
[basic_sim-13] [0m[INFO] [1791566570.448433702] [basic_sim]: MainLoop - Ellapsed: 0.000073s[0m
[basic_sim-13] [0m[INFO] [1791566570.468490728] [basic_sim]: MainLoop - Ellapsed: 0.000078s[0m
[basic_sim-13] [0m[INFO] [1791566570.488407760] [basic_sim]: MainLoop - Ellapsed: 0.000071s[0m
[basic_sim-13] [0m[INFO] [1791566570.508768994] [basic_sim]: MainLoop - Ellapsed: 0.000105s[0m
[basic_sim-13] [0m[INFO] [1791566570.528541669] [basic_sim]: MainLoop - Ellapsed: 0.000084s[0m
[basic_sim-13] [0m[INFO] [1791566570.548395916] [basic_sim]: MainLoop - Ellapsed: 0.000070s[0m
[basic_sim-13] [0m[INFO] [1791566570.568427251] [basic_sim]: MainLoop - Ellapsed: 0.000075s[0m
[basic_sim-13] [0m[INFO] [1791566570.588582845] [basic_sim]: MainLoop - Ellapsed: 0.000093s[0m
[basic_sim-13] [0m[INFO] [1791566570.608893209] [basic_sim]: MainLoop - Ellapsed: 0.000121s[0m
[basic_sim-13] [0m[INFO] [1791566570.628426596] [basic_sim]: MainLoop - Ellapsed: 0.000067s[0m
[basic_sim-13] [0m[INFO] [1791566570.648546462] [basic_sim]: MainLoop - Ellapsed: 0.000086s[0m
[basic_sim-13] [0m[INFO] [1791566570.668466500] [basic_sim]: MainLoop - Ellapsed: 0.000075s[0m
[basic_sim-13] [0m[INFO] [1791566570.688397870] [basic_sim]: MainLoop - Ellapsed: 0.000074s[0m
[basic_sim-13] [0m[INFO] [1791566570.709045403] [basic_sim]: MainLoop - Ellapsed: 0.000135s[0m
[basic_sim-13] [0m[INFO] [1791566570.728371831] [basic_sim]: MainLoop - Ellapsed: 0.000073s[0m
[basic_sim-13] [0m[INFO] [1791566570.748411263] [basic_sim]: MainLoop - Ellapsed: 0.000066s[0m
[basic_sim-13] [0m[INFO] [1791566570.768449076] [basic_sim]: MainLoop - Ellapsed: 0.000072s[0m
[basic_sim-13] [0m[INFO] [1791566570.788516973] [basic_sim]: MainLoop - Ellapsed: 0.000085s[0m
[basic_sim-13] [0m[INFO] [1791566570.808468158] [basic_sim]: MainLoop - Ellapsed: 0.000076s[0m
[basic_sim-13] [0m[INFO] [1791566570.828405633] [basic_sim]: MainLoop - Ellapsed: 0.000074s[0m
[basic_sim-13] [0m[INFO] [1791566570.848386750] [basic_sim]: MainLoop - Ellapsed: 0.000072s[0m
[basic_sim-13] [0m[INFO] [1791566570.868544662] [basic_sim]: MainLoop - Ellapsed: 0.000088s[0m
[basic_sim-13] [0m[INFO] [1791566570.888228079] [basic_sim]: MainLoop - Ellapsed: 0.000062s[0m
[basic_sim-13] [0m[INFO] [1791566570.908387818] [basic_sim]: MainLoop - Ellapsed: 0.000075s[0m
[basic_sim-13] [0m[INFO] [1791566570.928413562] [basic_sim]: MainLoop - Ellapsed: 0.000077s[0m
[basic_sim-13] [0m[INFO] [1791566570.948322942] [basic_sim]: MainLoop - Ellapsed: 0.000070s[0m
[basic_sim-13] [0m[INFO] [1791566570.968387469] [basic_sim]: MainLoop - Ellapsed: 0.000072s[0m
[basic_sim-13] [0m[INFO] [1791566570.988544008] [basic_sim]: MainLoop - Ellapsed: 0.000086s[0m
[basic_sim-13] [0m[INFO] [1791566571.008333068] [basic_sim]: MainLoop - Ellapsed: 0.000071s[0m
[basic_sim-13] [0m[INFO] [1791566571.028416785] [basic_sim]: MainLoop - Ellapsed: 0.000076s[0m
[basic_sim-13] [0m[INFO] [1791566571.048384825] [basic_sim]: MainLoop - Ellapsed: 0.000074s[0m
[gsl_actionserver_node-14] [0m[INFO] [1791566571.053656336] [GSL - Trace]: [32mSimulation level 2 done[0m[0m
[basic_sim-13] [0m[INFO] [1791566571.068405918] [basic_sim]: MainLoop - Ellapsed: 0.000075s[0m
[basic_sim-13] [0m[INFO] [1791566571.088462934] [basic_sim]: MainLoop - Ellapsed: 0.000074s[0m
[basic_sim-13] [0m[INFO] [1791566571.108387588] [basic_sim]: MainLoop - Ellapsed: 0.000072s[0m
[basic_sim-13] [0m[INFO] [1791566571.128406700] [basic_sim]: MainLoop - Ellapsed: 0.000071s[0m
[basic_sim-13] [0m[INFO] [1791566571.148267715] [basic_sim]: MainLoop - Ellapsed: 0.000063s[0m
[basic_sim-13] [0m[INFO] [1791566571.168330505] [basic_sim]: MainLoop - Ellapsed: 0.000071s[0m
[basic_sim-13] [0m[INFO] [1791566571.188465682] [basic_sim]: MainLoop - Ellapsed: 0.000078s[0m
[basic_sim-13] [0m[INFO] [1791566571.208440141] [basic_sim]: MainLoop - Ellapsed: 0.000075s[0m
[basic_sim-13] [0m[INFO] [1791566571.228455382] [basic_sim]: MainLoop - Ellapsed: 0.000075s[0m
[basic_sim-13] [0m[INFO] [1791566571.248390150] [basic_sim]: MainLoop - Ellapsed: 0.000076s[0m
[gsl_actionserver_node-14] [0m[INFO] [1791566571.256772860] [GSL - Trace]: [32mSimulation level 3 done[0m[0m
[gsl_actionserver_node-14] [0m[INFO] [1791566571.256821186] [GSL - Trace]: [32mSimulation level 4 done[0m[0m
[gsl_actionserver_node-14] [0m[INFO] [1791566571.256829688] [GSL]: Number of levels in the simulation: 4[0m
[gsl_actionserver_node-14] [0m[INFO] [1791566571.256834650] [GSL]: Total number of simulations: 106[0m
[gsl_actionserver_node-14] [0m[INFO] [1791566571.259913992] [GSL]: Time ellapsed in simulation = 6.903800541000001 s[0m
[basic_sim-13] [0m[INFO] [1791566571.268404667] [basic_sim]: MainLoop - Ellapsed: 0.000074s[0m
[gsl_actionserver_node-14] [0m[INFO] [1791566571.279532778] [GSL]: Max mutual info: 1.961[0m
[gsl_actionserver_node-14] [0m[INFO] [1791566571.279662807] [GSL]: MutualInformation - Ellapsed: 0.019s[0m
[basic_sim-13] [0m[INFO] [1791566571.288827367] [basic_sim]: MainLoop - Ellapsed: 0.000110s[0m
[gsl_actionserver_node-14] [0m[INFO] [1791566571.298156244] [GSL]: Sending goal (1.23, 0.17)[0m
[gsl_actionserver_node-14] [0m[INFO] [1791566571.298755460] [GSL]: Variance: 4.36[0m
[gsl_actionserver_node-14] [0m[INFO] [1791566571.298788773] [GSL - Trace]: [32mEntering Moving[0m[0m
[basic_sim-13] [0m[INFO] [1791566571.308332458] [basic_sim]: MainLoop - Ellapsed: 0.000070s[0m
[basic_sim-13] [0m[INFO] [1791566571.328192826] [basic_sim]: MainLoop - Ellapsed: 0.000057s[0m
[basic_sim-13] [0m[INFO] [1791566571.348422216] [basic_sim]: MainLoop - Ellapsed: 0.000077s[0m
[basic_sim-13] [0m[INFO] [1791566571.368470944] [basic_sim]: MainLoop - Ellapsed: 0.000077s[0m
[basic_sim-13] [0m[INFO] [1791566571.388271461] [basic_sim]: MainLoop - Ellapsed: 0.000060s[0m
[basic_sim-13] [0m[INFO] [1791566571.408571678] [basic_sim]: MainLoop - Ellapsed: 0.000089s[0m
[basic_sim-13] [0m[INFO] [1791566571.428242686] [basic_sim]: MainLoop - Ellapsed: 0.000061s[0m
[basic_sim-13] [0m[INFO] [1791566571.448449072] [basic_sim]: MainLoop - Ellapsed: 0.000078s[0m
[basic_sim-13] [0m[INFO] [1791566571.468414302] [basic_sim]: MainLoop - Ellapsed: 0.000072s[0m
[basic_sim-13] [0m[INFO] [1791566571.488276220] [basic_sim]: MainLoop - Ellapsed: 0.000061s[0m
[basic_sim-13] [0m[INFO] [1791566571.508654075] [basic_sim]: MainLoop - Ellapsed: 0.000093s[0m
[basic_sim-13] [0m[INFO] [1791566571.528260747] [basic_sim]: MainLoop - Ellapsed: 0.000063s[0m
[basic_sim-13] [0m[INFO] [1791566571.548390751] [basic_sim]: MainLoop - Ellapsed: 0.000073s[0m
[basic_sim-13] [0m[INFO] [1791566571.568609098] [basic_sim]: MainLoop - Ellapsed: 0.000091s[0m
[basic_sim-13] [0m[INFO] [1791566571.588270467] [basic_sim]: MainLoop - Ellapsed: 0.000060s[0m
[basic_sim-13] [0m[INFO] [1791566571.608483183] [basic_sim]: MainLoop - Ellapsed: 0.000080s[0m
[basic_sim-13] [0m[INFO] [1791566571.628427873] [basic_sim]: MainLoop - Ellapsed: 0.000078s[0m
[basic_sim-13] [0m[INFO] [1791566571.648345188] [basic_sim]: MainLoop - Ellapsed: 0.000068s[0m
[basic_sim-13] [0m[INFO] [1791566571.668383188] [basic_sim]: MainLoop - Ellapsed: 0.000068s[0m
[basic_sim-13] [0m[INFO] [1791566571.688289366] [basic_sim]: MainLoop - Ellapsed: 0.000059s[0m
[basic_sim-13] [0m[INFO] [1791566571.708396770] [basic_sim]: MainLoop - Ellapsed: 0.000070s[0m
[basic_sim-13] [0m[INFO] [1791566571.728346325] [basic_sim]: MainLoop - Ellapsed: 0.000069s[0m
[basic_sim-13] [0m[INFO] [1791566571.748661169] [basic_sim]: MainLoop - Ellapsed: 0.000097s[0m
[basic_sim-13] [0m[INFO] [1791566571.768808821] [basic_sim]: MainLoop - Ellapsed: 0.000109s[0m
[basic_sim-13] [0m[INFO] [1791566571.788349093] [basic_sim]: MainLoop - Ellapsed: 0.000066s[0m
[basic_sim-13] [0m[INFO] [1791566571.808588443] [basic_sim]: MainLoop - Ellapsed: 0.000088s[0m
[basic_sim-13] [0m[INFO] [1791566571.828358186] [basic_sim]: MainLoop - Ellapsed: 0.000071s[0m
[basic_sim-13] [0m[INFO] [1791566571.848641968] [basic_sim]: MainLoop - Ellapsed: 0.000095s[0m
[basic_sim-13] [0m[INFO] [1791566571.868660510] [basic_sim]: MainLoop - Ellapsed: 0.000077s[0m
[basic_sim-13] [0m[INFO] [1791566571.888286196] [basic_sim]: MainLoop - Ellapsed: 0.000061s[0m
[basic_sim-13] [0m[INFO] [1791566571.908442663] [basic_sim]: MainLoop - Ellapsed: 0.000077s[0m
[basic_sim-13] [0m[INFO] [1791566571.928269302] [basic_sim]: MainLoop - Ellapsed: 0.000058s[0m
[basic_sim-13] [0m[INFO] [1791566571.948400427] [basic_sim]: MainLoop - Ellapsed: 0.000074s[0m
[basic_sim-13] [0m[INFO] [1791566571.968550309] [basic_sim]: MainLoop - Ellapsed: 0.000069s[0m
[basic_sim-13] [0m[INFO] [1791566571.988177045] [basic_sim]: MainLoop - Ellapsed: 0.000056s[0m
[basic_sim-13] [0m[INFO] [1791566572.008448339] [basic_sim]: MainLoop - Ellapsed: 0.000079s[0m
[basic_sim-13] [0m[INFO] [1791566572.028379746] [basic_sim]: MainLoop - Ellapsed: 0.000072s[0m
[basic_sim-13] [0m[INFO] [1791566572.049375054] [basic_sim]: MainLoop - Ellapsed: 0.000167s[0m
[basic_sim-13] [0m[INFO] [1791566572.068478422] [basic_sim]: MainLoop - Ellapsed: 0.000072s[0m
[basic_sim-13] [0m[INFO] [1791566572.088230073] [basic_sim]: MainLoop - Ellapsed: 0.000061s[0m
[basic_sim-13] [0m[INFO] [1791566572.108473412] [basic_sim]: MainLoop - Ellapsed: 0.000081s[0m
[basic_sim-13] [0m[INFO] [1791566572.128271624] [basic_sim]: MainLoop - Ellapsed: 0.000064s[0m
[basic_sim-13] [0m[INFO] [1791566572.148546506] [basic_sim]: MainLoop - Ellapsed: 0.000085s[0m
[basic_sim-13] [0m[INFO] [1791566572.168457072] [basic_sim]: MainLoop - Ellapsed: 0.000077s[0m
[basic_sim-13] [0m[INFO] [1791566572.188496414] [basic_sim]: MainLoop - Ellapsed: 0.000081s[0m
[basic_sim-13] [0m[INFO] [1791566572.208401054] [basic_sim]: MainLoop - Ellapsed: 0.000074s[0m
[basic_sim-13] [0m[INFO] [1791566572.228681218] [basic_sim]: MainLoop - Ellapsed: 0.000087s[0m
[basic_sim-13] [0m[INFO] [1791566572.248433564] [basic_sim]: MainLoop - Ellapsed: 0.000073s[0m
[basic_sim-13] [0m[INFO] [1791566572.268506880] [basic_sim]: MainLoop - Ellapsed: 0.000080s[0m
[basic_sim-13] [0m[INFO] [1791566572.288486681] [basic_sim]: MainLoop - Ellapsed: 0.000080s[0m
[basic_sim-13] [0m[INFO] [1791566572.308577837] [basic_sim]: MainLoop - Ellapsed: 0.000085s[0m
[basic_sim-13] [0m[INFO] [1791566572.328392215] [basic_sim]: MainLoop - Ellapsed: 0.000070s[0m
[basic_sim-13] [0m[INFO] [1791566572.348434262] [basic_sim]: MainLoop - Ellapsed: 0.000077s[0m
[basic_sim-13] [0m[INFO] [1791566572.368605957] [basic_sim]: MainLoop - Ellapsed: 0.000091s[0m
[basic_sim-13] [0m[INFO] [1791566572.388572735] [basic_sim]: MainLoop - Ellapsed: 0.000081s[0m
[basic_sim-13] [0m[INFO] [1791566572.408621077] [basic_sim]: MainLoop - Ellapsed: 0.000088s[0m
[basic_sim-13] [0m[INFO] [1791566572.428215860] [basic_sim]: MainLoop - Ellapsed: 0.000060s[0m
[basic_sim-13] [0m[INFO] [1791566572.448524046] [basic_sim]: MainLoop - Ellapsed: 0.000084s[0m
[basic_sim-13] [0m[INFO] [1791566572.468437902] [basic_sim]: MainLoop - Ellapsed: 0.000070s[0m
[basic_sim-13] [0m[INFO] [1791566572.488515318] [basic_sim]: MainLoop - Ellapsed: 0.000084s[0m
[basic_sim-13] [0m[INFO] [1791566572.508593670] [basic_sim]: MainLoop - Ellapsed: 0.000089s[0m
[basic_sim-13] [0m[INFO] [1791566572.528298585] [basic_sim]: MainLoop - Ellapsed: 0.000063s[0m
[basic_sim-13] [0m[INFO] [1791566572.548404418] [basic_sim]: MainLoop - Ellapsed: 0.000074s[0m
[basic_sim-13] [0m[INFO] [1791566572.568348488] [basic_sim]: MainLoop - Ellapsed: 0.000066s[0m
[basic_sim-13] [0m[INFO] [1791566572.588213112] [basic_sim]: MainLoop - Ellapsed: 0.000058s[0m
[basic_sim-13] [0m[INFO] [1791566572.608575660] [basic_sim]: MainLoop - Ellapsed: 0.000086s[0m
[basic_sim-13] [0m[INFO] [1791566572.628229235] [basic_sim]: MainLoop - Ellapsed: 0.000058s[0m
[basic_sim-13] [0m[INFO] [1791566572.648496167] [basic_sim]: MainLoop - Ellapsed: 0.000078s[0m
[basic_sim-13] [0m[INFO] [1791566572.668545098] [basic_sim]: MainLoop - Ellapsed: 0.000084s[0m
[basic_sim-13] [0m[INFO] [1791566572.688231120] [basic_sim]: MainLoop - Ellapsed: 0.000061s[0m
[basic_sim-13] [0m[INFO] [1791566572.708482809] [basic_sim]: MainLoop - Ellapsed: 0.000064s[0m
[basic_sim-13] [0m[INFO] [1791566572.728249790] [basic_sim]: MainLoop - Ellapsed: 0.000062s[0m
[basic_sim-13] [0m[INFO] [1791566572.748515051] [basic_sim]: MainLoop - Ellapsed: 0.000077s[0m
[basic_sim-13] [0m[INFO] [1791566572.768438925] [basic_sim]: MainLoop - Ellapsed: 0.000064s[0m
[basic_sim-13] [0m[INFO] [1791566572.788264341] [basic_sim]: MainLoop - Ellapsed: 0.000064s[0m
[basic_sim-13] [0m[INFO] [1791566572.808534667] [basic_sim]: MainLoop - Ellapsed: 0.000080s[0m
[basic_sim-13] [0m[INFO] [1791566572.828528267] [basic_sim]: MainLoop - Ellapsed: 0.000090s[0m
[basic_sim-13] [0m[INFO] [1791566572.848757766] [basic_sim]: MainLoop - Ellapsed: 0.000099s[0m
[basic_sim-13] [0m[INFO] [1791566572.868906184] [basic_sim]: MainLoop - Ellapsed: 0.000123s[0m
[basic_sim-13] [0m[INFO] [1791566572.888554006] [basic_sim]: MainLoop - Ellapsed: 0.000087s[0m
[basic_sim-13] [0m[INFO] [1791566572.908456176] [basic_sim]: MainLoop - Ellapsed: 0.000079s[0m
[basic_sim-13] [0m[INFO] [1791566572.928362672] [basic_sim]: MainLoop - Ellapsed: 0.000073s[0m
[basic_sim-13] [0m[INFO] [1791566572.948487819] [basic_sim]: MainLoop - Ellapsed: 0.000083s[0m
[basic_sim-13] [0m[INFO] [1791566572.968526719] [basic_sim]: MainLoop - Ellapsed: 0.000071s[0m
[basic_sim-13] [0m[INFO] [1791566572.988296284] [basic_sim]: MainLoop - Ellapsed: 0.000064s[0m
[basic_sim-13] [0m[INFO] [1791566573.008672225] [basic_sim]: MainLoop - Ellapsed: 0.000101s[0m
[basic_sim-13] [0m[INFO] [1791566573.028544181] [basic_sim]: MainLoop - Ellapsed: 0.000079s[0m
[basic_sim-13] [0m[INFO] [1791566573.048431789] [basic_sim]: MainLoop - Ellapsed: 0.000077s[0m
[basic_sim-13] [0m[INFO] [1791566573.068483987] [basic_sim]: MainLoop - Ellapsed: 0.000085s[0m
[basic_sim-13] [0m[INFO] [1791566573.088383219] [basic_sim]: MainLoop - Ellapsed: 0.000063s[0m
[basic_sim-13] [0m[INFO] [1791566573.108423868] [basic_sim]: MainLoop - Ellapsed: 0.000079s[0m
[basic_sim-13] [0m[INFO] [1791566573.128302272] [basic_sim]: MainLoop - Ellapsed: 0.000063s[0m
[basic_sim-13] [0m[INFO] [1791566573.148614342] [basic_sim]: MainLoop - Ellapsed: 0.000096s[0m
[basic_sim-13] [0m[INFO] [1791566573.168496537] [basic_sim]: MainLoop - Ellapsed: 0.000075s[0m
[basic_sim-13] [0m[INFO] [1791566573.188915247] [basic_sim]: MainLoop - Ellapsed: 0.000112s[0m
[basic_sim-13] [0m[INFO] [1791566573.208578958] [basic_sim]: MainLoop - Ellapsed: 0.000082s[0m
[basic_sim-13] [0m[INFO] [1791566573.228502089] [basic_sim]: MainLoop - Ellapsed: 0.000078s[0m
[basic_sim-13] [0m[INFO] [1791566573.248536518] [basic_sim]: MainLoop - Ellapsed: 0.000088s[0m
[basic_sim-13] [0m[INFO] [1791566573.268728377] [basic_sim]: MainLoop - Ellapsed: 0.000096s[0m
[basic_sim-13] [0m[INFO] [1791566573.288250895] [basic_sim]: MainLoop - Ellapsed: 0.000059s[0m
[basic_sim-13] [0m[INFO] [1791566573.308420541] [basic_sim]: MainLoop - Ellapsed: 0.000073s[0m
[controller_server-9] [31m[ERROR] [1791566573.320196862] [PioneerP3DX.controller_server]: Failed to make progress[0m
[basic_sim-13] [0m[INFO] [1791566573.328340353] [basic_sim]: MainLoop - Ellapsed: 0.000067s[0m
[basic_sim-13] [0m[INFO] [1791566573.348593222] [basic_sim]: MainLoop - Ellapsed: 0.000093s[0m
[basic_sim-13] [0m[INFO] [1791566573.368344462] [basic_sim]: MainLoop - Ellapsed: 0.000066s[0m
[basic_sim-13] [0m[INFO] [1791566573.388263204] [basic_sim]: MainLoop - Ellapsed: 0.000061s[0m
[basic_sim-13] [0m[INFO] [1791566573.408375842] [basic_sim]: MainLoop - Ellapsed: 0.000064s[0m
[basic_sim-13] [0m[INFO] [1791566573.428461686] [basic_sim]: MainLoop - Ellapsed: 0.000082s[0m
[basic_sim-13] [0m[INFO] [1791566573.448424386] [basic_sim]: MainLoop - Ellapsed: 0.000054s[0m
[basic_sim-13] [0m[INFO] [1791566573.468405804] [basic_sim]: MainLoop - Ellapsed: 0.000072s[0m
[basic_sim-13] [0m[INFO] [1791566573.488346242] [basic_sim]: MainLoop - Ellapsed: 0.000066s[0m
[basic_sim-13] [0m[INFO] [1791566573.508436742] [basic_sim]: MainLoop - Ellapsed: 0.000071s[0m
[basic_sim-13] [0m[INFO] [1791566573.528341416] [basic_sim]: MainLoop - Ellapsed: 0.000067s[0m
[basic_sim-13] [0m[INFO] [1791566573.549157933] [basic_sim]: MainLoop - Ellapsed: 0.000141s[0m
[basic_sim-13] [0m[INFO] [1791566573.569275527] [basic_sim]: MainLoop - Ellapsed: 0.000140s[0m
[basic_sim-13] [0m[INFO] [1791566573.589066387] [basic_sim]: MainLoop - Ellapsed: 0.000131s[0m
[basic_sim-13] [0m[INFO] [1791566573.608847718] [basic_sim]: MainLoop - Ellapsed: 0.000106s[0m
[basic_sim-13] [0m[INFO] [1791566573.628286489] [basic_sim]: MainLoop - Ellapsed: 0.000065s[0m
[basic_sim-13] [0m[INFO] [1791566573.648534397] [basic_sim]: MainLoop - Ellapsed: 0.000077s[0m
[basic_sim-13] [0m[INFO] [1791566573.668781748] [basic_sim]: MainLoop - Ellapsed: 0.000085s[0m
[basic_sim-13] [0m[INFO] [1791566573.689550229] [basic_sim]: MainLoop - Ellapsed: 0.000175s[0m
[basic_sim-13] [0m[INFO] [1791566573.708357024] [basic_sim]: MainLoop - Ellapsed: 0.000065s[0m
[basic_sim-13] [0m[INFO] [1791566573.728395885] [basic_sim]: MainLoop - Ellapsed: 0.000073s[0m
[basic_sim-13] [0m[INFO] [1791566573.748257101] [basic_sim]: MainLoop - Ellapsed: 0.000058s[0m
[basic_sim-13] [0m[INFO] [1791566573.768698338] [basic_sim]: MainLoop - Ellapsed: 0.000095s[0m
[basic_sim-13] [0m[INFO] [1791566573.788435485] [basic_sim]: MainLoop - Ellapsed: 0.000076s[0m
[basic_sim-13] [0m[INFO] [1791566573.808515642] [basic_sim]: MainLoop - Ellapsed: 0.000077s[0m
[basic_sim-13] [0m[INFO] [1791566573.828366007] [basic_sim]: MainLoop - Ellapsed: 0.000072s[0m
[basic_sim-13] [0m[INFO] [1791566573.848186534] [basic_sim]: MainLoop - Ellapsed: 0.000054s[0m
[basic_sim-13] [0m[INFO] [1791566573.868366876] [basic_sim]: MainLoop - Ellapsed: 0.000064s[0m
[basic_sim-13] [0m[INFO] [1791566573.888747798] [basic_sim]: MainLoop - Ellapsed: 0.000110s[0m
[basic_sim-13] [0m[INFO] [1791566573.908198812] [basic_sim]: MainLoop - Ellapsed: 0.000054s[0m
[basic_sim-13] [0m[INFO] [1791566573.928304620] [basic_sim]: MainLoop - Ellapsed: 0.000066s[0m
[basic_sim-13] [0m[INFO] [1791566573.948388268] [basic_sim]: MainLoop - Ellapsed: 0.000069s[0m
[basic_sim-13] [0m[INFO] [1791566573.968310192] [basic_sim]: MainLoop - Ellapsed: 0.000062s[0m
[basic_sim-13] [0m[INFO] [1791566573.988572644] [basic_sim]: MainLoop - Ellapsed: 0.000091s[0m
[basic_sim-13] [0m[INFO] [1791566574.008273289] [basic_sim]: MainLoop - Ellapsed: 0.000052s[0m
[basic_sim-13] [0m[INFO] [1791566574.028298379] [basic_sim]: MainLoop - Ellapsed: 0.000064s[0m
[basic_sim-13] [0m[INFO] [1791566574.048151207] [basic_sim]: MainLoop - Ellapsed: 0.000046s[0m
[basic_sim-13] [0m[INFO] [1791566574.068324896] [basic_sim]: MainLoop - Ellapsed: 0.000068s[0m
[basic_sim-13] [0m[INFO] [1791566574.088409070] [basic_sim]: MainLoop - Ellapsed: 0.000060s[0m
[basic_sim-13] [0m[INFO] [1791566574.108141063] [basic_sim]: MainLoop - Ellapsed: 0.000050s[0m
[basic_sim-13] [0m[INFO] [1791566574.128277694] [basic_sim]: MainLoop - Ellapsed: 0.000065s[0m
[basic_sim-13] [0m[INFO] [1791566574.148518374] [basic_sim]: MainLoop - Ellapsed: 0.000075s[0m
[basic_sim-13] [0m[INFO] [1791566574.168764635] [basic_sim]: MainLoop - Ellapsed: 0.000089s[0m
[basic_sim-13] [0m[INFO] [1791566574.188509319] [basic_sim]: MainLoop - Ellapsed: 0.000060s[0m
[basic_sim-13] [0m[INFO] [1791566574.208340456] [basic_sim]: MainLoop - Ellapsed: 0.000056s[0m
[basic_sim-13] [0m[INFO] [1791566574.228622253] [basic_sim]: MainLoop - Ellapsed: 0.000094s[0m
[basic_sim-13] [0m[INFO] [1791566574.248365377] [basic_sim]: MainLoop - Ellapsed: 0.000070s[0m
[basic_sim-13] [0m[INFO] [1791566574.268319385] [basic_sim]: MainLoop - Ellapsed: 0.000064s[0m
[basic_sim-13] [0m[INFO] [1791566574.288370994] [basic_sim]: MainLoop - Ellapsed: 0.000072s[0m
[basic_sim-13] [0m[INFO] [1791566574.308569840] [basic_sim]: MainLoop - Ellapsed: 0.000084s[0m
[basic_sim-13] [0m[INFO] [1791566574.328379735] [basic_sim]: MainLoop - Ellapsed: 0.000074s[0m
[basic_sim-13] [0m[INFO] [1791566574.348163268] [basic_sim]: MainLoop - Ellapsed: 0.000053s[0m
[basic_sim-13] [0m[INFO] [1791566574.368272227] [basic_sim]: MainLoop - Ellapsed: 0.000060s[0m
[basic_sim-13] [0m[INFO] [1791566574.388630291] [basic_sim]: MainLoop - Ellapsed: 0.000091s[0m
[basic_sim-13] [0m[INFO] [1791566574.408656264] [basic_sim]: MainLoop - Ellapsed: 0.000102s[0m
[basic_sim-13] [0m[INFO] [1791566574.428542950] [basic_sim]: MainLoop - Ellapsed: 0.000090s[0m
[basic_sim-13] [0m[INFO] [1791566574.448283711] [basic_sim]: MainLoop - Ellapsed: 0.000063s[0m
[basic_sim-13] [0m[INFO] [1791566574.468429068] [basic_sim]: MainLoop - Ellapsed: 0.000077s[0m
[basic_sim-13] [0m[INFO] [1791566574.488312907] [basic_sim]: MainLoop - Ellapsed: 0.000070s[0m
[basic_sim-13] [0m[INFO] [1791566574.508375756] [basic_sim]: MainLoop - Ellapsed: 0.000072s[0m
[basic_sim-13] [0m[INFO] [1791566574.528947203] [basic_sim]: MainLoop - Ellapsed: 0.000119s[0m
[basic_sim-13] [0m[INFO] [1791566574.548296690] [basic_sim]: MainLoop - Ellapsed: 0.000063s[0m
[basic_sim-13] [0m[INFO] [1791566574.568686148] [basic_sim]: MainLoop - Ellapsed: 0.000092s[0m
[basic_sim-13] [0m[INFO] [1791566574.588585224] [basic_sim]: MainLoop - Ellapsed: 0.000094s[0m
[basic_sim-13] [0m[INFO] [1791566574.608504222] [basic_sim]: MainLoop - Ellapsed: 0.000083s[0m
[basic_sim-13] [0m[INFO] [1791566574.628613245] [basic_sim]: MainLoop - Ellapsed: 0.000095s[0m
[basic_sim-13] [0m[INFO] [1791566574.648322653] [basic_sim]: MainLoop - Ellapsed: 0.000059s[0m
[basic_sim-13] [0m[INFO] [1791566574.668283638] [basic_sim]: MainLoop - Ellapsed: 0.000064s[0m
[basic_sim-13] [0m[INFO] [1791566574.688550530] [basic_sim]: MainLoop - Ellapsed: 0.000077s[0m
[basic_sim-13] [0m[INFO] [1791566574.709861947] [basic_sim]: MainLoop - Ellapsed: 0.000200s[0m
[basic_sim-13] [0m[INFO] [1791566574.728901469] [basic_sim]: MainLoop - Ellapsed: 0.000114s[0m
[basic_sim-13] [0m[INFO] [1791566574.748634045] [basic_sim]: MainLoop - Ellapsed: 0.000090s[0m
[basic_sim-13] [0m[INFO] [1791566574.769123418] [basic_sim]: MainLoop - Ellapsed: 0.000128s[0m
[basic_sim-13] [0m[INFO] [1791566574.788529677] [basic_sim]: MainLoop - Ellapsed: 0.000089s[0m
[basic_sim-13] [0m[INFO] [1791566574.808542764] [basic_sim]: MainLoop - Ellapsed: 0.000091s[0m
[basic_sim-13] [0m[INFO] [1791566574.829639516] [basic_sim]: MainLoop - Ellapsed: 0.000154s[0m
[basic_sim-13] [0m[INFO] [1791566574.848432260] [basic_sim]: MainLoop - Ellapsed: 0.000078s[0m
[basic_sim-13] [0m[INFO] [1791566574.868522527] [basic_sim]: MainLoop - Ellapsed: 0.000078s[0m
[basic_sim-13] [0m[INFO] [1791566574.888387336] [basic_sim]: MainLoop - Ellapsed: 0.000069s[0m
[basic_sim-13] [0m[INFO] [1791566574.908261472] [basic_sim]: MainLoop - Ellapsed: 0.000057s[0m
[basic_sim-13] [0m[INFO] [1791566574.928685740] [basic_sim]: MainLoop - Ellapsed: 0.000102s[0m
[basic_sim-13] [0m[INFO] [1791566574.948256886] [basic_sim]: MainLoop - Ellapsed: 0.000062s[0m
[basic_sim-13] [0m[INFO] [1791566574.968369130] [basic_sim]: MainLoop - Ellapsed: 0.000070s[0m
[basic_sim-13] [0m[INFO] [1791566574.988513679] [basic_sim]: MainLoop - Ellapsed: 0.000080s[0m
[basic_sim-13] [0m[INFO] [1791566575.008410661] [basic_sim]: MainLoop - Ellapsed: 0.000070s[0m
[basic_sim-13] [0m[INFO] [1791566575.028497819] [basic_sim]: MainLoop - Ellapsed: 0.000083s[0m
[basic_sim-13] [0m[INFO] [1791566575.048172549] [basic_sim]: MainLoop - Ellapsed: 0.000049s[0m
[basic_sim-13] [0m[INFO] [1791566575.068499658] [basic_sim]: MainLoop - Ellapsed: 0.000079s[0m
[basic_sim-13] [0m[INFO] [1791566575.088514348] [basic_sim]: MainLoop - Ellapsed: 0.000083s[0m
[basic_sim-13] [0m[INFO] [1791566575.108330354] [basic_sim]: MainLoop - Ellapsed: 0.000063s[0m
[basic_sim-13] [0m[INFO] [1791566575.128784715] [basic_sim]: MainLoop - Ellapsed: 0.000112s[0m
[basic_sim-13] [0m[INFO] [1791566575.148545781] [basic_sim]: MainLoop - Ellapsed: 0.000076s[0m
[basic_sim-13] [0m[INFO] [1791566575.168258350] [basic_sim]: MainLoop - Ellapsed: 0.000066s[0m
[basic_sim-13] [0m[INFO] [1791566575.188470696] [basic_sim]: MainLoop - Ellapsed: 0.000082s[0m
[basic_sim-13] [0m[INFO] [1791566575.208401486] [basic_sim]: MainLoop - Ellapsed: 0.000074s[0m
[basic_sim-13] [0m[INFO] [1791566575.228294727] [basic_sim]: MainLoop - Ellapsed: 0.000068s[0m
[basic_sim-13] [0m[INFO] [1791566575.248475180] [basic_sim]: MainLoop - Ellapsed: 0.000074s[0m
[basic_sim-13] [0m[INFO] [1791566575.268463397] [basic_sim]: MainLoop - Ellapsed: 0.000081s[0m
[basic_sim-13] [0m[INFO] [1791566575.288585052] [basic_sim]: MainLoop - Ellapsed: 0.000093s[0m
[basic_sim-13] [0m[INFO] [1791566575.308319210] [basic_sim]: MainLoop - Ellapsed: 0.000066s[0m
[basic_sim-13] [0m[INFO] [1791566575.328381986] [basic_sim]: MainLoop - Ellapsed: 0.000068s[0m
[basic_sim-13] [0m[INFO] [1791566575.348235456] [basic_sim]: MainLoop - Ellapsed: 0.000055s[0m
[basic_sim-13] [0m[INFO] [1791566575.368463494] [basic_sim]: MainLoop - Ellapsed: 0.000080s[0m
[basic_sim-13] [0m[INFO] [1791566575.388573696] [basic_sim]: MainLoop - Ellapsed: 0.000085s[0m
[controller_server-9] [31m[ERROR] [1791566575.392622737] [PioneerP3DX.controller_server]: Failed to make progress[0m
[basic_sim-13] [0m[INFO] [1791566575.408636478] [basic_sim]: MainLoop - Ellapsed: 0.000093s[0m
[basic_sim-13] [0m[INFO] [1791566575.428263583] [basic_sim]: MainLoop - Ellapsed: 0.000063s[0m
[basic_sim-13] [0m[INFO] [1791566575.448407091] [basic_sim]: MainLoop - Ellapsed: 0.000074s[0m
[basic_sim-13] [0m[INFO] [1791566575.468721558] [basic_sim]: MainLoop - Ellapsed: 0.000105s[0m
[basic_sim-13] [0m[INFO] [1791566575.488638620] [basic_sim]: MainLoop - Ellapsed: 0.000096s[0m
[basic_sim-13] [0m[INFO] [1791566575.508667041] [basic_sim]: MainLoop - Ellapsed: 0.000096s[0m
[basic_sim-13] [0m[INFO] [1791566575.528387350] [basic_sim]: MainLoop - Ellapsed: 0.000064s[0m
[basic_sim-13] [0m[INFO] [1791566575.548511241] [basic_sim]: MainLoop - Ellapsed: 0.000083s[0m
[basic_sim-13] [0m[INFO] [1791566575.568738632] [basic_sim]: MainLoop - Ellapsed: 0.000096s[0m
[basic_sim-13] [0m[INFO] [1791566575.588465992] [basic_sim]: MainLoop - Ellapsed: 0.000076s[0m
[basic_sim-13] [0m[INFO] [1791566575.608575221] [basic_sim]: MainLoop - Ellapsed: 0.000094s[0m
[basic_sim-13] [0m[INFO] [1791566575.628490862] [basic_sim]: MainLoop - Ellapsed: 0.000065s[0m
[basic_sim-13] [0m[INFO] [1791566575.648378713] [basic_sim]: MainLoop - Ellapsed: 0.000074s[0m
[basic_sim-13] [0m[INFO] [1791566575.668521650] [basic_sim]: MainLoop - Ellapsed: 0.000082s[0m
[basic_sim-13] [0m[INFO] [1791566575.688708541] [basic_sim]: MainLoop - Ellapsed: 0.000091s[0m
[basic_sim-13] [0m[INFO] [1791566575.708383043] [basic_sim]: MainLoop - Ellapsed: 0.000073s[0m
[basic_sim-13] [0m[INFO] [1791566575.728688617] [basic_sim]: MainLoop - Ellapsed: 0.000101s[0m
[basic_sim-13] [0m[INFO] [1791566575.748525135] [basic_sim]: MainLoop - Ellapsed: 0.000083s[0m
[basic_sim-13] [0m[INFO] [1791566575.768562138] [basic_sim]: MainLoop - Ellapsed: 0.000081s[0m
[basic_sim-13] [0m[INFO] [1791566575.788793670] [basic_sim]: MainLoop - Ellapsed: 0.000116s[0m
[basic_sim-13] [0m[INFO] [1791566575.808758432] [basic_sim]: MainLoop - Ellapsed: 0.000106s[0m
[basic_sim-13] [0m[INFO] [1791566575.828541298] [basic_sim]: MainLoop - Ellapsed: 0.000087s[0m
[basic_sim-13] [0m[INFO] [1791566575.848386603] [basic_sim]: MainLoop - Ellapsed: 0.000073s[0m
[basic_sim-13] [0m[INFO] [1791566575.868451012] [basic_sim]: MainLoop - Ellapsed: 0.000079s[0m
[basic_sim-13] [0m[INFO] [1791566575.888737503] [basic_sim]: MainLoop - Ellapsed: 0.000104s[0m
[basic_sim-13] [0m[INFO] [1791566575.908989502] [basic_sim]: MainLoop - Ellapsed: 0.000127s[0m
[basic_sim-13] [0m[INFO] [1791566575.928951550] [basic_sim]: MainLoop - Ellapsed: 0.000119s[0m
[basic_sim-13] [0m[INFO] [1791566575.948691689] [basic_sim]: MainLoop - Ellapsed: 0.000101s[0m
[basic_sim-13] [0m[INFO] [1791566575.968608067] [basic_sim]: MainLoop - Ellapsed: 0.000076s[0m
[basic_sim-13] [0m[INFO] [1791566575.988575256] [basic_sim]: MainLoop - Ellapsed: 0.000086s[0m
[basic_sim-13] [0m[INFO] [1791566576.009435424] [basic_sim]: MainLoop - Ellapsed: 0.000175s[0m
[basic_sim-13] [0m[INFO] [1791566576.029040800] [basic_sim]: MainLoop - Ellapsed: 0.000131s[0m
[basic_sim-13] [0m[INFO] [1791566576.048442809] [basic_sim]: MainLoop - Ellapsed: 0.000076s[0m
[basic_sim-13] [0m[INFO] [1791566576.068414476] [basic_sim]: MainLoop - Ellapsed: 0.000077s[0m
[basic_sim-13] [0m[INFO] [1791566576.088540010] [basic_sim]: MainLoop - Ellapsed: 0.000083s[0m
[basic_sim-13] [0m[INFO] [1791566576.109076310] [basic_sim]: MainLoop - Ellapsed: 0.000129s[0m
[basic_sim-13] [0m[INFO] [1791566576.129131553] [basic_sim]: MainLoop - Ellapsed: 0.000133s[0m
[basic_sim-13] [0m[INFO] [1791566576.148779248] [basic_sim]: MainLoop - Ellapsed: 0.000106s[0m
[basic_sim-13] [0m[INFO] [1791566576.168606981] [basic_sim]: MainLoop - Ellapsed: 0.000095s[0m
[basic_sim-13] [0m[INFO] [1791566576.188650357] [basic_sim]: MainLoop - Ellapsed: 0.000096s[0m
[basic_sim-13] [0m[INFO] [1791566576.209758116] [basic_sim]: MainLoop - Ellapsed: 0.000178s[0m
[basic_sim-13] [0m[INFO] [1791566576.228506903] [basic_sim]: MainLoop - Ellapsed: 0.000087s[0m
[basic_sim-13] [0m[INFO] [1791566576.248400826] [basic_sim]: MainLoop - Ellapsed: 0.000078s[0m
[basic_sim-13] [0m[INFO] [1791566576.268489968] [basic_sim]: MainLoop - Ellapsed: 0.000079s[0m
[basic_sim-13] [0m[INFO] [1791566576.288595896] [basic_sim]: MainLoop - Ellapsed: 0.000089s[0m
[basic_sim-13] [0m[INFO] [1791566576.308474709] [basic_sim]: MainLoop - Ellapsed: 0.000077s[0m
[basic_sim-13] [0m[INFO] [1791566576.328428628] [basic_sim]: MainLoop - Ellapsed: 0.000080s[0m
[basic_sim-13] [0m[INFO] [1791566576.348761437] [basic_sim]: MainLoop - Ellapsed: 0.000101s[0m
[basic_sim-13] [0m[INFO] [1791566576.369046313] [basic_sim]: MainLoop - Ellapsed: 0.000105s[0m
[basic_sim-13] [0m[INFO] [1791566576.388398725] [basic_sim]: MainLoop - Ellapsed: 0.000071s[0m
[basic_sim-13] [0m[INFO] [1791566576.408593330] [basic_sim]: MainLoop - Ellapsed: 0.000087s[0m
[basic_sim-13] [0m[INFO] [1791566576.429521436] [basic_sim]: MainLoop - Ellapsed: 0.000177s[0m
[basic_sim-13] [0m[INFO] [1791566576.448429701] [basic_sim]: MainLoop - Ellapsed: 0.000069s[0m
[basic_sim-13] [0m[INFO] [1791566576.468349581] [basic_sim]: MainLoop - Ellapsed: 0.000064s[0m
[basic_sim-13] [0m[INFO] [1791566576.488846401] [basic_sim]: MainLoop - Ellapsed: 0.000115s[0m
[basic_sim-13] [0m[INFO] [1791566576.508441269] [basic_sim]: MainLoop - Ellapsed: 0.000077s[0m
[basic_sim-13] [0m[INFO] [1791566576.528420998] [basic_sim]: MainLoop - Ellapsed: 0.000073s[0m
[basic_sim-13] [0m[INFO] [1791566576.549208415] [basic_sim]: MainLoop - Ellapsed: 0.000136s[0m
[basic_sim-13] [0m[INFO] [1791566576.568933184] [basic_sim]: MainLoop - Ellapsed: 0.000106s[0m
[basic_sim-13] [0m[INFO] [1791566576.588596720] [basic_sim]: MainLoop - Ellapsed: 0.000094s[0m
[basic_sim-13] [0m[INFO] [1791566576.608358475] [basic_sim]: MainLoop - Ellapsed: 0.000070s[0m
[basic_sim-13] [0m[INFO] [1791566576.628317761] [basic_sim]: MainLoop - Ellapsed: 0.000056s[0m
[basic_sim-13] [0m[INFO] [1791566576.648475017] [basic_sim]: MainLoop - Ellapsed: 0.000072s[0m
[basic_sim-13] [0m[INFO] [1791566576.668227275] [basic_sim]: MainLoop - Ellapsed: 0.000058s[0m
[basic_sim-13] [0m[INFO] [1791566576.688535026] [basic_sim]: MainLoop - Ellapsed: 0.000089s[0m
[basic_sim-13] [0m[INFO] [1791566576.709122664] [basic_sim]: MainLoop - Ellapsed: 0.000129s[0m
[basic_sim-13] [0m[INFO] [1791566576.729143401] [basic_sim]: MainLoop - Ellapsed: 0.000116s[0m
[basic_sim-13] [0m[INFO] [1791566576.749183120] [basic_sim]: MainLoop - Ellapsed: 0.000151s[0m
[basic_sim-13] [0m[INFO] [1791566576.768654785] [basic_sim]: MainLoop - Ellapsed: 0.000093s[0m
[basic_sim-13] [0m[INFO] [1791566576.788676695] [basic_sim]: MainLoop - Ellapsed: 0.000100s[0m
[basic_sim-13] [0m[INFO] [1791566576.808945081] [basic_sim]: MainLoop - Ellapsed: 0.000123s[0m
[basic_sim-13] [0m[INFO] [1791566576.828983116] [basic_sim]: MainLoop - Ellapsed: 0.000120s[0m
[basic_sim-13] [0m[INFO] [1791566576.848637431] [basic_sim]: MainLoop - Ellapsed: 0.000088s[0m
[basic_sim-13] [0m[INFO] [1791566576.868692115] [basic_sim]: MainLoop - Ellapsed: 0.000098s[0m
[basic_sim-13] [0m[INFO] [1791566576.888620295] [basic_sim]: MainLoop - Ellapsed: 0.000096s[0m
[basic_sim-13] [0m[INFO] [1791566576.909490890] [basic_sim]: MainLoop - Ellapsed: 0.000149s[0m
[basic_sim-13] [0m[INFO] [1791566576.928701070] [basic_sim]: MainLoop - Ellapsed: 0.000089s[0m
[basic_sim-13] [0m[INFO] [1791566576.948916925] [basic_sim]: MainLoop - Ellapsed: 0.000114s[0m
[basic_sim-13] [0m[INFO] [1791566576.968837389] [basic_sim]: MainLoop - Ellapsed: 0.000105s[0m
[basic_sim-13] [0m[INFO] [1791566576.988369997] [basic_sim]: MainLoop - Ellapsed: 0.000073s[0m
[basic_sim-13] [0m[INFO] [1791566577.009073689] [basic_sim]: MainLoop - Ellapsed: 0.000127s[0m
[basic_sim-13] [0m[INFO] [1791566577.028926878] [basic_sim]: MainLoop - Ellapsed: 0.000107s[0m
[basic_sim-13] [0m[INFO] [1791566577.049369512] [basic_sim]: MainLoop - Ellapsed: 0.000160s[0m
[basic_sim-13] [0m[INFO] [1791566577.069025925] [basic_sim]: MainLoop - Ellapsed: 0.000105s[0m
[basic_sim-13] [0m[INFO] [1791566577.088587708] [basic_sim]: MainLoop - Ellapsed: 0.000099s[0m
[basic_sim-13] [0m[INFO] [1791566577.108975503] [basic_sim]: MainLoop - Ellapsed: 0.000108s[0m
[basic_sim-13] [0m[INFO] [1791566577.128715471] [basic_sim]: MainLoop - Ellapsed: 0.000098s[0m
[basic_sim-13] [0m[INFO] [1791566577.148710436] [basic_sim]: MainLoop - Ellapsed: 0.000098s[0m
[basic_sim-13] [0m[INFO] [1791566577.168813024] [basic_sim]: MainLoop - Ellapsed: 0.000106s[0m
[basic_sim-13] [0m[INFO] [1791566577.188482945] [basic_sim]: MainLoop - Ellapsed: 0.000082s[0m
[basic_sim-13] [0m[INFO] [1791566577.208441102] [basic_sim]: MainLoop - Ellapsed: 0.000073s[0m
[basic_sim-13] [0m[INFO] [1791566577.228275697] [basic_sim]: MainLoop - Ellapsed: 0.000060s[0m
[basic_sim-13] [0m[INFO] [1791566577.248411315] [basic_sim]: MainLoop - Ellapsed: 0.000075s[0m
[basic_sim-13] [0m[INFO] [1791566577.268309157] [basic_sim]: MainLoop - Ellapsed: 0.000067s[0m
[basic_sim-13] [0m[INFO] [1791566577.288427747] [basic_sim]: MainLoop - Ellapsed: 0.000074s[0m
[basic_sim-13] [0m[INFO] [1791566577.308490477] [basic_sim]: MainLoop - Ellapsed: 0.000079s[0m
[basic_sim-13] [0m[INFO] [1791566577.328357846] [basic_sim]: MainLoop - Ellapsed: 0.000068s[0m
[basic_sim-13] [0m[INFO] [1791566577.348436254] [basic_sim]: MainLoop - Ellapsed: 0.000077s[0m
[basic_sim-13] [0m[INFO] [1791566577.368265582] [basic_sim]: MainLoop - Ellapsed: 0.000061s[0m
[basic_sim-13] [0m[INFO] [1791566577.388536587] [basic_sim]: MainLoop - Ellapsed: 0.000083s[0m
[basic_sim-13] [0m[INFO] [1791566577.408460635] [basic_sim]: MainLoop - Ellapsed: 0.000078s[0m
[basic_sim-13] [0m[INFO] [1791566577.428161377] [basic_sim]: MainLoop - Ellapsed: 0.000053s[0m
[basic_sim-13] [0m[INFO] [1791566577.448421228] [basic_sim]: MainLoop - Ellapsed: 0.000076s[0m
[basic_sim-13] [0m[INFO] [1791566577.468475161] [basic_sim]: MainLoop - Ellapsed: 0.000078s[0m
[basic_sim-13] [0m[INFO] [1791566577.488484640] [basic_sim]: MainLoop - Ellapsed: 0.000080s[0m
[basic_sim-13] [0m[INFO] [1791566577.508719172] [basic_sim]: MainLoop - Ellapsed: 0.000109s[0m
[basic_sim-13] [0m[INFO] [1791566577.528281539] [basic_sim]: MainLoop - Ellapsed: 0.000067s[0m
[basic_sim-13] [0m[INFO] [1791566577.548519392] [basic_sim]: MainLoop - Ellapsed: 0.000088s[0m
[basic_sim-13] [0m[INFO] [1791566577.568348054] [basic_sim]: MainLoop - Ellapsed: 0.000066s[0m
[basic_sim-13] [0m[INFO] [1791566577.588480029] [basic_sim]: MainLoop - Ellapsed: 0.000083s[0m
[basic_sim-13] [0m[INFO] [1791566577.608478237] [basic_sim]: MainLoop - Ellapsed: 0.000085s[0m
[basic_sim-13] [0m[INFO] [1791566577.628286725] [basic_sim]: MainLoop - Ellapsed: 0.000065s[0m
[basic_sim-13] [0m[INFO] [1791566577.648492676] [basic_sim]: MainLoop - Ellapsed: 0.000088s[0m
[basic_sim-13] [0m[INFO] [1791566577.668351207] [basic_sim]: MainLoop - Ellapsed: 0.000073s[0m
[basic_sim-13] [0m[INFO] [1791566577.688495962] [basic_sim]: MainLoop - Ellapsed: 0.000081s[0m
[basic_sim-13] [0m[INFO] [1791566577.708927313] [basic_sim]: MainLoop - Ellapsed: 0.000111s[0m
[basic_sim-13] [0m[INFO] [1791566577.729359262] [basic_sim]: MainLoop - Ellapsed: 0.000169s[0m
[basic_sim-13] [0m[INFO] [1791566577.749755528] [basic_sim]: MainLoop - Ellapsed: 0.000171s[0m
[basic_sim-13] [0m[INFO] [1791566577.768718528] [basic_sim]: MainLoop - Ellapsed: 0.000093s[0m
[basic_sim-13] [0m[INFO] [1791566577.788754668] [basic_sim]: MainLoop - Ellapsed: 0.000105s[0m
[basic_sim-13] [0m[INFO] [1791566577.809090661] [basic_sim]: MainLoop - Ellapsed: 0.000138s[0m
[basic_sim-13] [0m[INFO] [1791566577.828704754] [basic_sim]: MainLoop - Ellapsed: 0.000105s[0m
[basic_sim-13] [0m[INFO] [1791566577.849222128] [basic_sim]: MainLoop - Ellapsed: 0.000150s[0m
[basic_sim-13] [0m[INFO] [1791566577.868850582] [basic_sim]: MainLoop - Ellapsed: 0.000111s[0m
[basic_sim-13] [0m[INFO] [1791566577.888377454] [basic_sim]: MainLoop - Ellapsed: 0.000067s[0m
[basic_sim-13] [0m[INFO] [1791566577.908812860] [basic_sim]: MainLoop - Ellapsed: 0.000104s[0m
[basic_sim-13] [0m[INFO] [1791566577.929221380] [basic_sim]: MainLoop - Ellapsed: 0.000143s[0m
[basic_sim-13] [0m[INFO] [1791566577.949827035] [basic_sim]: MainLoop - Ellapsed: 0.000182s[0m
[basic_sim-13] [0m[INFO] [1791566577.968258094] [basic_sim]: MainLoop - Ellapsed: 0.000063s[0m
[basic_sim-13] [0m[INFO] [1791566577.988371214] [basic_sim]: MainLoop - Ellapsed: 0.000074s[0m
[basic_sim-13] [0m[INFO] [1791566578.009096082] [basic_sim]: MainLoop - Ellapsed: 0.000141s[0m
[basic_sim-13] [0m[INFO] [1791566578.029488153] [basic_sim]: MainLoop - Ellapsed: 0.000131s[0m
[basic_sim-13] [0m[INFO] [1791566578.050725156] [basic_sim]: MainLoop - Ellapsed: 0.000291s[0m
[basic_sim-13] [0m[INFO] [1791566578.068650219] [basic_sim]: MainLoop - Ellapsed: 0.000095s[0m
[basic_sim-13] [0m[INFO] [1791566578.088381664] [basic_sim]: MainLoop - Ellapsed: 0.000075s[0m
[basic_sim-13] [0m[INFO] [1791566578.108567582] [basic_sim]: MainLoop - Ellapsed: 0.000088s[0m
[basic_sim-13] [0m[INFO] [1791566578.128492270] [basic_sim]: MainLoop - Ellapsed: 0.000071s[0m
[basic_sim-13] [0m[INFO] [1791566578.149054331] [basic_sim]: MainLoop - Ellapsed: 0.000122s[0m
[basic_sim-13] [0m[INFO] [1791566578.168974339] [basic_sim]: MainLoop - Ellapsed: 0.000124s[0m
[basic_sim-13] [0m[INFO] [1791566578.188376045] [basic_sim]: MainLoop - Ellapsed: 0.000075s[0m
[basic_sim-13] [0m[INFO] [1791566578.208370662] [basic_sim]: MainLoop - Ellapsed: 0.000076s[0m
[basic_sim-13] [0m[INFO] [1791566578.228387900] [basic_sim]: MainLoop - Ellapsed: 0.000066s[0m
[basic_sim-13] [0m[INFO] [1791566578.248972666] [basic_sim]: MainLoop - Ellapsed: 0.000115s[0m
[basic_sim-13] [0m[INFO] [1791566578.268782397] [basic_sim]: MainLoop - Ellapsed: 0.000105s[0m
[basic_sim-13] [0m[INFO] [1791566578.288674532] [basic_sim]: MainLoop - Ellapsed: 0.000095s[0m
[basic_sim-13] [0m[INFO] [1791566578.308437110] [basic_sim]: MainLoop - Ellapsed: 0.000078s[0m
[basic_sim-13] [0m[INFO] [1791566578.328250361] [basic_sim]: MainLoop - Ellapsed: 0.000057s[0m
[basic_sim-13] [0m[INFO] [1791566578.348407390] [basic_sim]: MainLoop - Ellapsed: 0.000077s[0m
[basic_sim-13] [0m[INFO] [1791566578.368688334] [basic_sim]: MainLoop - Ellapsed: 0.000097s[0m
[basic_sim-13] [0m[INFO] [1791566578.388676759] [basic_sim]: MainLoop - Ellapsed: 0.000099s[0m
[basic_sim-13] [0m[INFO] [1791566578.408966525] [basic_sim]: MainLoop - Ellapsed: 0.000112s[0m
[basic_sim-13] [0m[INFO] [1791566578.429120040] [basic_sim]: MainLoop - Ellapsed: 0.000138s[0m
[basic_sim-13] [0m[INFO] [1791566578.448493601] [basic_sim]: MainLoop - Ellapsed: 0.000086s[0m
[basic_sim-13] [0m[INFO] [1791566578.468559906] [basic_sim]: MainLoop - Ellapsed: 0.000085s[0m
[basic_sim-13] [0m[INFO] [1791566578.488791760] [basic_sim]: MainLoop - Ellapsed: 0.000102s[0m
[basic_sim-13] [0m[INFO] [1791566578.508962834] [basic_sim]: MainLoop - Ellapsed: 0.000124s[0m
[basic_sim-13] [0m[INFO] [1791566578.528780224] [basic_sim]: MainLoop - Ellapsed: 0.000100s[0m
[basic_sim-13] [0m[INFO] [1791566578.548445996] [basic_sim]: MainLoop - Ellapsed: 0.000081s[0m
[basic_sim-13] [0m[INFO] [1791566578.568684173] [basic_sim]: MainLoop - Ellapsed: 0.000091s[0m
[basic_sim-13] [0m[INFO] [1791566578.588831339] [basic_sim]: MainLoop - Ellapsed: 0.000118s[0m
[basic_sim-13] [0m[INFO] [1791566578.608391144] [basic_sim]: MainLoop - Ellapsed: 0.000073s[0m
[basic_sim-13] [0m[INFO] [1791566578.628198242] [basic_sim]: MainLoop - Ellapsed: 0.000057s[0m
[basic_sim-13] [0m[INFO] [1791566578.648532066] [basic_sim]: MainLoop - Ellapsed: 0.000076s[0m
[basic_sim-13] [0m[INFO] [1791566578.668447973] [basic_sim]: MainLoop - Ellapsed: 0.000075s[0m
[basic_sim-13] [0m[INFO] [1791566578.688691806] [basic_sim]: MainLoop - Ellapsed: 0.000100s[0m
[basic_sim-13] [0m[INFO] [1791566578.709550956] [basic_sim]: MainLoop - Ellapsed: 0.000170s[0m
[basic_sim-13] [0m[INFO] [1791566578.728314077] [basic_sim]: MainLoop - Ellapsed: 0.000064s[0m
[basic_sim-13] [0m[INFO] [1791566578.749088849] [basic_sim]: MainLoop - Ellapsed: 0.000126s[0m
[basic_sim-13] [0m[INFO] [1791566578.768754786] [basic_sim]: MainLoop - Ellapsed: 0.000099s[0m
[basic_sim-13] [0m[INFO] [1791566578.788968454] [basic_sim]: MainLoop - Ellapsed: 0.000118s[0m
[basic_sim-13] [0m[INFO] [1791566578.809441097] [basic_sim]: MainLoop - Ellapsed: 0.000145s[0m
[basic_sim-13] [0m[INFO] [1791566578.828547009] [basic_sim]: MainLoop - Ellapsed: 0.000076s[0m
[basic_sim-13] [0m[INFO] [1791566578.848867789] [basic_sim]: MainLoop - Ellapsed: 0.000119s[0m
[basic_sim-13] [0m[INFO] [1791566578.868677732] [basic_sim]: MainLoop - Ellapsed: 0.000097s[0m
[basic_sim-13] [0m[INFO] [1791566578.888462326] [basic_sim]: MainLoop - Ellapsed: 0.000069s[0m
[basic_sim-13] [0m[INFO] [1791566578.908690446] [basic_sim]: MainLoop - Ellapsed: 0.000095s[0m
[basic_sim-13] [0m[INFO] [1791566578.928636475] [basic_sim]: MainLoop - Ellapsed: 0.000078s[0m
[basic_sim-13] [0m[INFO] [1791566578.948932517] [basic_sim]: MainLoop - Ellapsed: 0.000122s[0m
[basic_sim-13] [0m[INFO] [1791566578.969316867] [basic_sim]: MainLoop - Ellapsed: 0.000152s[0m
[basic_sim-13] [0m[INFO] [1791566578.988238792] [basic_sim]: MainLoop - Ellapsed: 0.000064s[0m
[basic_sim-13] [0m[INFO] [1791566579.008979472] [basic_sim]: MainLoop - Ellapsed: 0.000122s[0m
[basic_sim-13] [0m[INFO] [1791566579.028743086] [basic_sim]: MainLoop - Ellapsed: 0.000099s[0m
[basic_sim-13] [0m[INFO] [1791566579.049278455] [basic_sim]: MainLoop - Ellapsed: 0.000150s[0m
[basic_sim-13] [0m[INFO] [1791566579.068763936] [basic_sim]: MainLoop - Ellapsed: 0.000097s[0m
[basic_sim-13] [0m[INFO] [1791566579.088434857] [basic_sim]: MainLoop - Ellapsed: 0.000082s[0m
[basic_sim-13] [0m[INFO] [1791566579.109188924] [basic_sim]: MainLoop - Ellapsed: 0.000130s[0m
[basic_sim-13] [0m[INFO] [1791566579.128576319] [basic_sim]: MainLoop - Ellapsed: 0.000088s[0m
[basic_sim-13] [0m[INFO] [1791566579.148859167] [basic_sim]: MainLoop - Ellapsed: 0.000117s[0m
[basic_sim-13] [0m[INFO] [1791566579.168726590] [basic_sim]: MainLoop - Ellapsed: 0.000090s[0m
[basic_sim-13] [0m[INFO] [1791566579.188946182] [basic_sim]: MainLoop - Ellapsed: 0.000113s[0m
[basic_sim-13] [0m[INFO] [1791566579.209029006] [basic_sim]: MainLoop - Ellapsed: 0.000123s[0m
[basic_sim-13] [0m[INFO] [1791566579.228826225] [basic_sim]: MainLoop - Ellapsed: 0.000105s[0m
[basic_sim-13] [0m[INFO] [1791566579.249612403] [basic_sim]: MainLoop - Ellapsed: 0.000186s[0m
[basic_sim-13] [0m[INFO] [1791566579.268594097] [basic_sim]: MainLoop - Ellapsed: 0.000083s[0m
[basic_sim-13] [0m[INFO] [1791566579.288787818] [basic_sim]: MainLoop - Ellapsed: 0.000102s[0m
[basic_sim-13] [0m[INFO] [1791566579.308801731] [basic_sim]: MainLoop - Ellapsed: 0.000108s[0m
[basic_sim-13] [0m[INFO] [1791566579.328497509] [basic_sim]: MainLoop - Ellapsed: 0.000084s[0m
[basic_sim-13] [0m[INFO] [1791566579.348587315] [basic_sim]: MainLoop - Ellapsed: 0.000089s[0m
[basic_sim-13] [0m[INFO] [1791566579.368246612] [basic_sim]: MainLoop - Ellapsed: 0.000060s[0m
[basic_sim-13] [0m[INFO] [1791566579.388451463] [basic_sim]: MainLoop - Ellapsed: 0.000077s[0m
[basic_sim-13] [0m[INFO] [1791566579.408502414] [basic_sim]: MainLoop - Ellapsed: 0.000086s[0m
[basic_sim-13] [0m[INFO] [1791566579.428239501] [basic_sim]: MainLoop - Ellapsed: 0.000056s[0m
[basic_sim-13] [0m[INFO] [1791566579.448618411] [basic_sim]: MainLoop - Ellapsed: 0.000092s[0m
[basic_sim-13] [0m[INFO] [1791566579.468248084] [basic_sim]: MainLoop - Ellapsed: 0.000059s[0m
[basic_sim-13] [0m[INFO] [1791566579.488536985] [basic_sim]: MainLoop - Ellapsed: 0.000089s[0m
[basic_sim-13] [0m[INFO] [1791566579.508344334] [basic_sim]: MainLoop - Ellapsed: 0.000074s[0m
[basic_sim-13] [0m[INFO] [1791566579.528303015] [basic_sim]: MainLoop - Ellapsed: 0.000059s[0m
[basic_sim-13] [0m[INFO] [1791566579.548927574] [basic_sim]: MainLoop - Ellapsed: 0.000119s[0m
[basic_sim-13] [0m[INFO] [1791566579.568478420] [basic_sim]: MainLoop - Ellapsed: 0.000081s[0m
[basic_sim-13] [0m[INFO] [1791566579.588376161] [basic_sim]: MainLoop - Ellapsed: 0.000071s[0m
[basic_sim-13] [0m[INFO] [1791566579.608583790] [basic_sim]: MainLoop - Ellapsed: 0.000077s[0m
[basic_sim-13] [0m[INFO] [1791566579.628794447] [basic_sim]: MainLoop - Ellapsed: 0.000101s[0m
[basic_sim-13] [0m[INFO] [1791566579.648435402] [basic_sim]: MainLoop - Ellapsed: 0.000078s[0m
[basic_sim-13] [0m[INFO] [1791566579.668625683] [basic_sim]: MainLoop - Ellapsed: 0.000086s[0m
[basic_sim-13] [0m[INFO] [1791566579.688373206] [basic_sim]: MainLoop - Ellapsed: 0.000068s[0m
[basic_sim-13] [0m[INFO] [1791566579.708406896] [basic_sim]: MainLoop - Ellapsed: 0.000076s[0m
[basic_sim-13] [0m[INFO] [1791566579.728344378] [basic_sim]: MainLoop - Ellapsed: 0.000070s[0m
[basic_sim-13] [0m[INFO] [1791566579.751770099] [basic_sim]: MainLoop - Ellapsed: 0.000211s[0m
[basic_sim-13] [0m[INFO] [1791566579.768758764] [basic_sim]: MainLoop - Ellapsed: 0.000102s[0m
[basic_sim-13] [0m[INFO] [1791566579.788398917] [basic_sim]: MainLoop - Ellapsed: 0.000075s[0m
[basic_sim-13] [0m[INFO] [1791566579.808434848] [basic_sim]: MainLoop - Ellapsed: 0.000079s[0m
[basic_sim-13] [0m[INFO] [1791566579.828434250] [basic_sim]: MainLoop - Ellapsed: 0.000074s[0m
[basic_sim-13] [0m[INFO] [1791566579.848507788] [basic_sim]: MainLoop - Ellapsed: 0.000073s[0m
[basic_sim-13] [0m[INFO] [1791566579.868991448] [basic_sim]: MainLoop - Ellapsed: 0.000111s[0m
[basic_sim-13] [0m[INFO] [1791566579.888413990] [basic_sim]: MainLoop - Ellapsed: 0.000069s[0m
[basic_sim-13] [0m[INFO] [1791566579.908477328] [basic_sim]: MainLoop - Ellapsed: 0.000077s[0m
[basic_sim-13] [0m[INFO] [1791566579.928395403] [basic_sim]: MainLoop - Ellapsed: 0.000075s[0m
[basic_sim-13] [0m[INFO] [1791566579.948321336] [basic_sim]: MainLoop - Ellapsed: 0.000069s[0m
[basic_sim-13] [0m[INFO] [1791566579.968411656] [basic_sim]: MainLoop - Ellapsed: 0.000066s[0m
[basic_sim-13] [0m[INFO] [1791566579.988780064] [basic_sim]: MainLoop - Ellapsed: 0.000118s[0m
[basic_sim-13] [0m[INFO] [1791566580.008333038] [basic_sim]: MainLoop - Ellapsed: 0.000073s[0m
[basic_sim-13] [0m[INFO] [1791566580.028428055] [basic_sim]: MainLoop - Ellapsed: 0.000076s[0m
[basic_sim-13] [0m[INFO] [1791566580.048451280] [basic_sim]: MainLoop - Ellapsed: 0.000067s[0m
[basic_sim-13] [0m[INFO] [1791566580.068322778] [basic_sim]: MainLoop - Ellapsed: 0.000071s[0m
[basic_sim-13] [0m[INFO] [1791566580.088486158] [basic_sim]: MainLoop - Ellapsed: 0.000084s[0m
[gsl_actionserver_node-14] [0m[INFO] [1791566580.099959193] [GSL - Trace]: [32mEntering StopAndMeasure[0m[0m
[basic_sim-13] [0m[INFO] [1791566580.108479915] [basic_sim]: MainLoop - Ellapsed: 0.000077s[0m
[basic_sim-13] [0m[INFO] [1791566580.128310826] [basic_sim]: MainLoop - Ellapsed: 0.000068s[0m
[basic_sim-13] [0m[INFO] [1791566580.148406795] [basic_sim]: MainLoop - Ellapsed: 0.000064s[0m
[basic_sim-13] [0m[INFO] [1791566580.168369625] [basic_sim]: MainLoop - Ellapsed: 0.000071s[0m
[basic_sim-13] [0m[INFO] [1791566580.188664879] [basic_sim]: MainLoop - Ellapsed: 0.000100s[0m
[gsl_actionserver_node-14] [0m[INFO] [1791566580.200081461] [GSL]: 1 gas measurements, 2 wind measurements over 0.50 seconds[0m
[gsl_actionserver_node-14] [0m[INFO] [1791566580.200275418] [GSL]: avg_gas=25;  avg_windSpeed=0.069;  avg_wind_dir=2.6[0m
[gsl_actionserver_node-14] [0m[INFO] [1791566580.201207859] [GSL]: [33mGAS HIT[0m[0m
[gsl_actionserver_node-14] [0m[INFO] [1791566580.207141713] [GSL - Trace]: [32mEntering StopAndMeasure[0m[0m
[basic_sim-13] [0m[INFO] [1791566580.208599242] [basic_sim]: MainLoop - Ellapsed: 0.000094s[0m
[basic_sim-13] [0m[INFO] [1791566580.228544912] [basic_sim]: MainLoop - Ellapsed: 0.000088s[0m
[basic_sim-13] [0m[INFO] [1791566580.248865729] [basic_sim]: MainLoop - Ellapsed: 0.000112s[0m
[basic_sim-13] [0m[INFO] [1791566580.268759927] [basic_sim]: MainLoop - Ellapsed: 0.000105s[0m
[basic_sim-13] [0m[INFO] [1791566580.288478549] [basic_sim]: MainLoop - Ellapsed: 0.000080s[0m
[gsl_actionserver_node-14] [0m[INFO] [1791566580.300054508] [GSL]: 1 gas measurements, 2 wind measurements over 0.50 seconds[0m
[gsl_actionserver_node-14] [0m[INFO] [1791566580.300111726] [GSL]: avg_gas=25;  avg_windSpeed=0.031;  avg_wind_dir=2.2[0m
[gsl_actionserver_node-14] [0m[INFO] [1791566580.301274441] [GSL]: [33mGAS HIT[0m[0m
[gsl_actionserver_node-14] [0m[INFO] [1791566580.307197136] [GSL - Trace]: [32mEntering StopAndMeasure[0m[0m
[basic_sim-13] [0m[INFO] [1791566580.308713808] [basic_sim]: MainLoop - Ellapsed: 0.000105s[0m
[basic_sim-13] [0m[INFO] [1791566580.328725908] [basic_sim]: MainLoop - Ellapsed: 0.000102s[0m
[basic_sim-13] [0m[INFO] [1791566580.348341996] [basic_sim]: MainLoop - Ellapsed: 0.000072s[0m
[basic_sim-13] [0m[INFO] [1791566580.368418532] [basic_sim]: MainLoop - Ellapsed: 0.000076s[0m
[basic_sim-13] [0m[INFO] [1791566580.388426645] [basic_sim]: MainLoop - Ellapsed: 0.000080s[0m
[gsl_actionserver_node-14] [0m[INFO] [1791566580.400025232] [GSL]: 1 gas measurements, 2 wind measurements over 0.50 seconds[0m
[gsl_actionserver_node-14] [0m[INFO] [1791566580.400072544] [GSL]: avg_gas=25;  avg_windSpeed=0.043;  avg_wind_dir=2.6[0m
[gsl_actionserver_node-14] [0m[INFO] [1791566580.400802027] [GSL]: [33mGAS HIT[0m[0m
[gsl_actionserver_node-14] [0m[INFO] [1791566580.407162874] [GSL - Trace]: [32mEntering StopAndMeasure[0m[0m
[basic_sim-13] [0m[INFO] [1791566580.408541439] [basic_sim]: MainLoop - Ellapsed: 0.000087s[0m
[basic_sim-13] [0m[INFO] [1791566580.428401701] [basic_sim]: MainLoop - Ellapsed: 0.000073s[0m
[basic_sim-13] [0m[INFO] [1791566580.448410576] [basic_sim]: MainLoop - Ellapsed: 0.000070s[0m
[basic_sim-13] [0m[INFO] [1791566580.468316796] [basic_sim]: MainLoop - Ellapsed: 0.000064s[0m
[basic_sim-13] [0m[INFO] [1791566580.488417603] [basic_sim]: MainLoop - Ellapsed: 0.000074s[0m
[gsl_actionserver_node-14] [0m[INFO] [1791566580.500017567] [GSL]: 1 gas measurements, 2 wind measurements over 0.50 seconds[0m
[gsl_actionserver_node-14] [0m[INFO] [1791566580.500061016] [GSL]: avg_gas=25;  avg_windSpeed=0.063;  avg_wind_dir=2.6[0m
[gsl_actionserver_node-14] [0m[INFO] [1791566580.500777742] [GSL]: [33mGAS HIT[0m[0m
[gsl_actionserver_node-14] [0m[INFO] [1791566580.507031711] [GSL - Trace]: [32mEntering StopAndMeasure[0m[0m
[basic_sim-13] [0m[INFO] [1791566580.508428111] [basic_sim]: MainLoop - Ellapsed: 0.000076s[0m
[basic_sim-13] [0m[INFO] [1791566580.528903447] [basic_sim]: MainLoop - Ellapsed: 0.000122s[0m
[basic_sim-13] [0m[INFO] [1791566580.548949524] [basic_sim]: MainLoop - Ellapsed: 0.000122s[0m
[basic_sim-13] [0m[INFO] [1791566580.568838730] [basic_sim]: MainLoop - Ellapsed: 0.000096s[0m
[basic_sim-13] [0m[INFO] [1791566580.589213068] [basic_sim]: MainLoop - Ellapsed: 0.000143s[0m
[gsl_actionserver_node-14] [0m[INFO] [1791566580.600036018] [GSL]: 1 gas measurements, 2 wind measurements over 0.50 seconds[0m
[gsl_actionserver_node-14] [0m[INFO] [1791566580.600078349] [GSL]: avg_gas=25;  avg_windSpeed=0.066;  avg_wind_dir=2.5[0m
[gsl_actionserver_node-14] [0m[INFO] [1791566580.600834421] [GSL]: [33mGAS HIT[0m[0m
[basic_sim-13] [0m[INFO] [1791566580.608328629] [basic_sim]: MainLoop - Ellapsed: 0.000064s[0m
[gsl_actionserver_node-14] [0m[INFO] [1791566580.626024115] [GSL]: Max mutual info: 1.961[0m
[gsl_actionserver_node-14] [0m[INFO] [1791566580.626163252] [GSL]: MutualInformation - Ellapsed: 0.019s[0m
[basic_sim-13] [0m[INFO] [1791566580.628526513] [basic_sim]: MainLoop - Ellapsed: 0.000082s[0m
[gsl_actionserver_node-14] [0m[INFO] [1791566580.638543600] [GSL]: Sending goal (-0.27, 0.17)[0m
[gsl_actionserver_node-14] [0m[INFO] [1791566580.639160190] [GSL]: Variance: 4.36[0m
[gsl_actionserver_node-14] [0m[INFO] [1791566580.639193256] [GSL - Trace]: [32mEntering Moving[0m[0m
[basic_sim-13] [0m[INFO] [1791566580.648460423] [basic_sim]: MainLoop - Ellapsed: 0.000070s[0m
[basic_sim-13] [0m[INFO] [1791566580.668265534] [basic_sim]: MainLoop - Ellapsed: 0.000065s[0m
[basic_sim-13] [0m[INFO] [1791566580.688287769] [basic_sim]: MainLoop - Ellapsed: 0.000061s[0m
[basic_sim-13] [0m[INFO] [1791566580.708626851] [basic_sim]: MainLoop - Ellapsed: 0.000094s[0m
[basic_sim-13] [0m[INFO] [1791566580.728607897] [basic_sim]: MainLoop - Ellapsed: 0.000095s[0m
[basic_sim-13] [0m[INFO] [1791566580.749578034] [basic_sim]: MainLoop - Ellapsed: 0.000189s[0m
[basic_sim-13] [0m[INFO] [1791566580.768914679] [basic_sim]: MainLoop - Ellapsed: 0.000119s[0m
[basic_sim-13] [0m[INFO] [1791566580.788610485] [basic_sim]: MainLoop - Ellapsed: 0.000084s[0m
[basic_sim-13] [0m[INFO] [1791566580.809018910] [basic_sim]: MainLoop - Ellapsed: 0.000125s[0m
[basic_sim-13] [0m[INFO] [1791566580.828580770] [basic_sim]: MainLoop - Ellapsed: 0.000082s[0m
[basic_sim-13] [0m[INFO] [1791566580.849010628] [basic_sim]: MainLoop - Ellapsed: 0.000133s[0m
[basic_sim-13] [0m[INFO] [1791566580.868160879] [basic_sim]: MainLoop - Ellapsed: 0.000049s[0m
[basic_sim-13] [0m[INFO] [1791566580.888230414] [basic_sim]: MainLoop - Ellapsed: 0.000060s[0m
[basic_sim-13] [0m[INFO] [1791566580.908525832] [basic_sim]: MainLoop - Ellapsed: 0.000086s[0m
[basic_sim-13] [0m[INFO] [1791566580.928406007] [basic_sim]: MainLoop - Ellapsed: 0.000070s[0m
[basic_sim-13] [0m[INFO] [1791566580.948484494] [basic_sim]: MainLoop - Ellapsed: 0.000074s[0m
[basic_sim-13] [0m[INFO] [1791566580.968582068] [basic_sim]: MainLoop - Ellapsed: 0.000092s[0m
[basic_sim-13] [0m[INFO] [1791566580.988386876] [basic_sim]: MainLoop - Ellapsed: 0.000068s[0m
[basic_sim-13] [0m[INFO] [1791566581.008813203] [basic_sim]: MainLoop - Ellapsed: 0.000111s[0m
[basic_sim-13] [0m[INFO] [1791566581.028616863] [basic_sim]: MainLoop - Ellapsed: 0.000091s[0m
[basic_sim-13] [0m[INFO] [1791566581.048720285] [basic_sim]: MainLoop - Ellapsed: 0.000102s[0m
[basic_sim-13] [0m[INFO] [1791566581.069362349] [basic_sim]: MainLoop - Ellapsed: 0.000154s[0m
[basic_sim-13] [0m[INFO] [1791566581.088276337] [basic_sim]: MainLoop - Ellapsed: 0.000064s[0m
[basic_sim-13] [0m[INFO] [1791566581.108272546] [basic_sim]: MainLoop - Ellapsed: 0.000067s[0m
[basic_sim-13] [0m[INFO] [1791566581.128154477] [basic_sim]: MainLoop - Ellapsed: 0.000057s[0m
[basic_sim-13] [0m[INFO] [1791566581.148808039] [basic_sim]: MainLoop - Ellapsed: 0.000104s[0m
[basic_sim-13] [0m[INFO] [1791566581.168376882] [basic_sim]: MainLoop - Ellapsed: 0.000073s[0m
[basic_sim-13] [0m[INFO] [1791566581.188985946] [basic_sim]: MainLoop - Ellapsed: 0.000134s[0m
[basic_sim-13] [0m[INFO] [1791566581.208505885] [basic_sim]: MainLoop - Ellapsed: 0.000084s[0m
[basic_sim-13] [0m[INFO] [1791566581.228626223] [basic_sim]: MainLoop - Ellapsed: 0.000090s[0m
[basic_sim-13] [0m[INFO] [1791566581.249997842] [basic_sim]: MainLoop - Ellapsed: 0.000204s[0m
[basic_sim-13] [0m[INFO] [1791566581.269777688] [basic_sim]: MainLoop - Ellapsed: 0.000169s[0m
[basic_sim-13] [0m[INFO] [1791566581.288288754] [basic_sim]: MainLoop - Ellapsed: 0.000066s[0m
[basic_sim-13] [0m[INFO] [1791566581.308186332] [basic_sim]: MainLoop - Ellapsed: 0.000055s[0m
[basic_sim-13] [0m[INFO] [1791566581.328366585] [basic_sim]: MainLoop - Ellapsed: 0.000070s[0m
[basic_sim-13] [0m[INFO] [1791566581.348403761] [basic_sim]: MainLoop - Ellapsed: 0.000079s[0m
[basic_sim-13] [0m[INFO] [1791566581.368180278] [basic_sim]: MainLoop - Ellapsed: 0.000055s[0m
[basic_sim-13] [0m[INFO] [1791566581.388544618] [basic_sim]: MainLoop - Ellapsed: 0.000091s[0m
[basic_sim-13] [0m[INFO] [1791566581.408390221] [basic_sim]: MainLoop - Ellapsed: 0.000072s[0m
[basic_sim-13] [0m[INFO] [1791566581.428229240] [basic_sim]: MainLoop - Ellapsed: 0.000058s[0m
[basic_sim-13] [0m[INFO] [1791566581.448429606] [basic_sim]: MainLoop - Ellapsed: 0.000075s[0m
[basic_sim-13] [0m[INFO] [1791566581.468282800] [basic_sim]: MainLoop - Ellapsed: 0.000055s[0m
[basic_sim-13] [0m[INFO] [1791566581.488719331] [basic_sim]: MainLoop - Ellapsed: 0.000108s[0m
[basic_sim-13] [0m[INFO] [1791566581.508472267] [basic_sim]: MainLoop - Ellapsed: 0.000075s[0m
[basic_sim-13] [0m[INFO] [1791566581.528248301] [basic_sim]: MainLoop - Ellapsed: 0.000062s[0m
[basic_sim-13] [0m[INFO] [1791566581.548423459] [basic_sim]: MainLoop - Ellapsed: 0.000075s[0m
[basic_sim-13] [0m[INFO] [1791566581.568289272] [basic_sim]: MainLoop - Ellapsed: 0.000060s[0m
[basic_sim-13] [0m[INFO] [1791566581.588465786] [basic_sim]: MainLoop - Ellapsed: 0.000074s[0m
[basic_sim-13] [0m[INFO] [1791566581.608312809] [basic_sim]: MainLoop - Ellapsed: 0.000071s[0m
[basic_sim-13] [0m[INFO] [1791566581.628174158] [basic_sim]: MainLoop - Ellapsed: 0.000055s[0m
[basic_sim-13] [0m[INFO] [1791566581.648915409] [basic_sim]: MainLoop - Ellapsed: 0.000119s[0m
[basic_sim-13] [0m[INFO] [1791566581.668625665] [basic_sim]: MainLoop - Ellapsed: 0.000081s[0m
[basic_sim-13] [0m[INFO] [1791566581.688778324] [basic_sim]: MainLoop - Ellapsed: 0.000100s[0m
[basic_sim-13] [0m[INFO] [1791566581.709447917] [basic_sim]: MainLoop - Ellapsed: 0.000165s[0m
[basic_sim-13] [0m[INFO] [1791566581.728680382] [basic_sim]: MainLoop - Ellapsed: 0.000095s[0m
[basic_sim-13] [0m[INFO] [1791566581.749145351] [basic_sim]: MainLoop - Ellapsed: 0.000142s[0m
[basic_sim-13] [0m[INFO] [1791566581.768556974] [basic_sim]: MainLoop - Ellapsed: 0.000058s[0m
[basic_sim-13] [0m[INFO] [1791566581.788413673] [basic_sim]: MainLoop - Ellapsed: 0.000069s[0m
[basic_sim-13] [0m[INFO] [1791566581.808537207] [basic_sim]: MainLoop - Ellapsed: 0.000074s[0m
[basic_sim-13] [0m[INFO] [1791566581.828499655] [basic_sim]: MainLoop - Ellapsed: 0.000064s[0m
[basic_sim-13] [0m[INFO] [1791566581.848463561] [basic_sim]: MainLoop - Ellapsed: 0.000071s[0m
[basic_sim-13] [0m[INFO] [1791566581.868260524] [basic_sim]: MainLoop - Ellapsed: 0.000050s[0m
[basic_sim-13] [0m[INFO] [1791566581.888454083] [basic_sim]: MainLoop - Ellapsed: 0.000079s[0m
[basic_sim-13] [0m[INFO] [1791566581.908462346] [basic_sim]: MainLoop - Ellapsed: 0.000066s[0m
[basic_sim-13] [0m[INFO] [1791566581.928234863] [basic_sim]: MainLoop - Ellapsed: 0.000057s[0m
[basic_sim-13] [0m[INFO] [1791566581.948568584] [basic_sim]: MainLoop - Ellapsed: 0.000078s[0m
[basic_sim-13] [0m[INFO] [1791566581.968394295] [basic_sim]: MainLoop - Ellapsed: 0.000072s[0m
[basic_sim-13] [0m[INFO] [1791566581.988459038] [basic_sim]: MainLoop - Ellapsed: 0.000081s[0m
[basic_sim-13] [0m[INFO] [1791566582.008201635] [basic_sim]: MainLoop - Ellapsed: 0.000055s[0m
[basic_sim-13] [0m[INFO] [1791566582.028178835] [basic_sim]: MainLoop - Ellapsed: 0.000049s[0m
[basic_sim-13] [0m[INFO] [1791566582.048449943] [basic_sim]: MainLoop - Ellapsed: 0.000079s[0m
[basic_sim-13] [0m[INFO] [1791566582.068239510] [basic_sim]: MainLoop - Ellapsed: 0.000050s[0m
[basic_sim-13] [0m[INFO] [1791566582.088439585] [basic_sim]: MainLoop - Ellapsed: 0.000067s[0m
[basic_sim-13] [0m[INFO] [1791566582.108297301] [basic_sim]: MainLoop - Ellapsed: 0.000062s[0m
[basic_sim-13] [0m[INFO] [1791566582.128348855] [basic_sim]: MainLoop - Ellapsed: 0.000063s[0m
[basic_sim-13] [0m[INFO] [1791566582.148517641] [basic_sim]: MainLoop - Ellapsed: 0.000090s[0m
[basic_sim-13] [0m[INFO] [1791566582.168249929] [basic_sim]: MainLoop - Ellapsed: 0.000063s[0m
[basic_sim-13] [0m[INFO] [1791566582.188396019] [basic_sim]: MainLoop - Ellapsed: 0.000071s[0m
[basic_sim-13] [0m[INFO] [1791566582.208354654] [basic_sim]: MainLoop - Ellapsed: 0.000066s[0m
[basic_sim-13] [0m[INFO] [1791566582.228198029] [basic_sim]: MainLoop - Ellapsed: 0.000054s[0m
[basic_sim-13] [0m[INFO] [1791566582.248534606] [basic_sim]: MainLoop - Ellapsed: 0.000070s[0m
[basic_sim-13] [0m[INFO] [1791566582.268241085] [basic_sim]: MainLoop - Ellapsed: 0.000057s[0m
[basic_sim-13] [0m[INFO] [1791566582.288461141] [basic_sim]: MainLoop - Ellapsed: 0.000078s[0m
[basic_sim-13] [0m[INFO] [1791566582.308241046] [basic_sim]: MainLoop - Ellapsed: 0.000058s[0m
[basic_sim-13] [0m[INFO] [1791566582.328318952] [basic_sim]: MainLoop - Ellapsed: 0.000066s[0m
[basic_sim-13] [0m[INFO] [1791566582.348391623] [basic_sim]: MainLoop - Ellapsed: 0.000070s[0m
[basic_sim-13] [0m[INFO] [1791566582.368109777] [basic_sim]: MainLoop - Ellapsed: 0.000046s[0m
[basic_sim-13] [0m[INFO] [1791566582.388390330] [basic_sim]: MainLoop - Ellapsed: 0.000073s[0m
[basic_sim-13] [0m[INFO] [1791566582.408366530] [basic_sim]: MainLoop - Ellapsed: 0.000063s[0m
[basic_sim-13] [0m[INFO] [1791566582.428186221] [basic_sim]: MainLoop - Ellapsed: 0.000052s[0m
[basic_sim-13] [0m[INFO] [1791566582.448503167] [basic_sim]: MainLoop - Ellapsed: 0.000073s[0m
[basic_sim-13] [0m[INFO] [1791566582.468183086] [basic_sim]: MainLoop - Ellapsed: 0.000055s[0m
[basic_sim-13] [0m[INFO] [1791566582.488362499] [basic_sim]: MainLoop - Ellapsed: 0.000072s[0m
[basic_sim-13] [0m[INFO] [1791566582.508342340] [basic_sim]: MainLoop - Ellapsed: 0.000073s[0m
[basic_sim-13] [0m[INFO] [1791566582.528197976] [basic_sim]: MainLoop - Ellapsed: 0.000058s[0m
[basic_sim-13] [0m[INFO] [1791566582.548388711] [basic_sim]: MainLoop - Ellapsed: 0.000070s[0m
[basic_sim-13] [0m[INFO] [1791566582.568496138] [basic_sim]: MainLoop - Ellapsed: 0.000086s[0m
[basic_sim-13] [0m[INFO] [1791566582.588227259] [basic_sim]: MainLoop - Ellapsed: 0.000058s[0m
[basic_sim-13] [0m[INFO] [1791566582.608563725] [basic_sim]: MainLoop - Ellapsed: 0.000067s[0m
[basic_sim-13] [0m[INFO] [1791566582.628233447] [basic_sim]: MainLoop - Ellapsed: 0.000055s[0m
[basic_sim-13] [0m[INFO] [1791566582.648288676] [basic_sim]: MainLoop - Ellapsed: 0.000062s[0m
[basic_sim-13] [0m[INFO] [1791566582.668151015] [basic_sim]: MainLoop - Ellapsed: 0.000049s[0m
[basic_sim-13] [0m[INFO] [1791566582.688292454] [basic_sim]: MainLoop - Ellapsed: 0.000062s[0m
[basic_sim-13] [0m[INFO] [1791566582.708428469] [basic_sim]: MainLoop - Ellapsed: 0.000067s[0m
[controller_server-9] [31m[ERROR] [1791566582.710723399] [PioneerP3DX.controller_server]: Failed to make progress[0m
[basic_sim-13] [0m[INFO] [1791566582.728560256] [basic_sim]: MainLoop - Ellapsed: 0.000072s[0m
[basic_sim-13] [0m[INFO] [1791566582.749235121] [basic_sim]: MainLoop - Ellapsed: 0.000153s[0m
[basic_sim-13] [0m[INFO] [1791566582.768631180] [basic_sim]: MainLoop - Ellapsed: 0.000091s[0m
[basic_sim-13] [0m[INFO] [1791566582.788853254] [basic_sim]: MainLoop - Ellapsed: 0.000069s[0m
[basic_sim-13] [0m[INFO] [1791566582.808369304] [basic_sim]: MainLoop - Ellapsed: 0.000071s[0m
[basic_sim-13] [0m[INFO] [1791566582.828248439] [basic_sim]: MainLoop - Ellapsed: 0.000059s[0m
[basic_sim-13] [0m[INFO] [1791566582.848361630] [basic_sim]: MainLoop - Ellapsed: 0.000069s[0m
[basic_sim-13] [0m[INFO] [1791566582.868383107] [basic_sim]: MainLoop - Ellapsed: 0.000071s[0m
[basic_sim-13] [0m[INFO] [1791566582.888231183] [basic_sim]: MainLoop - Ellapsed: 0.000054s[0m
[basic_sim-13] [0m[INFO] [1791566582.908364185] [basic_sim]: MainLoop - Ellapsed: 0.000070s[0m
[basic_sim-13] [0m[INFO] [1791566582.928213867] [basic_sim]: MainLoop - Ellapsed: 0.000053s[0m
[basic_sim-13] [0m[INFO] [1791566582.948346113] [basic_sim]: MainLoop - Ellapsed: 0.000069s[0m
[basic_sim-13] [0m[INFO] [1791566582.968296237] [basic_sim]: MainLoop - Ellapsed: 0.000065s[0m
[basic_sim-13] [0m[INFO] [1791566582.988249027] [basic_sim]: MainLoop - Ellapsed: 0.000051s[0m
[basic_sim-13] [0m[INFO] [1791566583.008430395] [basic_sim]: MainLoop - Ellapsed: 0.000077s[0m
[basic_sim-13] [0m[INFO] [1791566583.028317609] [basic_sim]: MainLoop - Ellapsed: 0.000064s[0m
[basic_sim-13] [0m[INFO] [1791566583.048353773] [basic_sim]: MainLoop - Ellapsed: 0.000067s[0m
[basic_sim-13] [0m[INFO] [1791566583.068405104] [basic_sim]: MainLoop - Ellapsed: 0.000072s[0m
[basic_sim-13] [0m[INFO] [1791566583.088328699] [basic_sim]: MainLoop - Ellapsed: 0.000066s[0m
[basic_sim-13] [0m[INFO] [1791566583.108342957] [basic_sim]: MainLoop - Ellapsed: 0.000066s[0m
[basic_sim-13] [0m[INFO] [1791566583.128183810] [basic_sim]: MainLoop - Ellapsed: 0.000056s[0m
[basic_sim-13] [0m[INFO] [1791566583.148277247] [basic_sim]: MainLoop - Ellapsed: 0.000064s[0m
[basic_sim-13] [0m[INFO] [1791566583.168368079] [basic_sim]: MainLoop - Ellapsed: 0.000068s[0m
[basic_sim-13] [0m[INFO] [1791566583.188256333] [basic_sim]: MainLoop - Ellapsed: 0.000060s[0m
[basic_sim-13] [0m[INFO] [1791566583.208240789] [basic_sim]: MainLoop - Ellapsed: 0.000055s[0m
[basic_sim-13] [0m[INFO] [1791566583.228128779] [basic_sim]: MainLoop - Ellapsed: 0.000052s[0m
[basic_sim-13] [0m[INFO] [1791566583.248429238] [basic_sim]: MainLoop - Ellapsed: 0.000070s[0m
[basic_sim-13] [0m[INFO] [1791566583.268286669] [basic_sim]: MainLoop - Ellapsed: 0.000063s[0m
[basic_sim-13] [0m[INFO] [1791566583.288229486] [basic_sim]: MainLoop - Ellapsed: 0.000054s[0m
[basic_sim-13] [0m[INFO] [1791566583.308415509] [basic_sim]: MainLoop - Ellapsed: 0.000074s[0m
[basic_sim-13] [0m[INFO] [1791566583.328920809] [basic_sim]: MainLoop - Ellapsed: 0.000127s[0m
[basic_sim-13] [0m[INFO] [1791566583.348413690] [basic_sim]: MainLoop - Ellapsed: 0.000069s[0m
[basic_sim-13] [0m[INFO] [1791566583.368282956] [basic_sim]: MainLoop - Ellapsed: 0.000062s[0m
[basic_sim-13] [0m[INFO] [1791566583.388189271] [basic_sim]: MainLoop - Ellapsed: 0.000049s[0m
[basic_sim-13] [0m[INFO] [1791566583.408689055] [basic_sim]: MainLoop - Ellapsed: 0.000074s[0m
[basic_sim-13] [0m[INFO] [1791566583.428254443] [basic_sim]: MainLoop - Ellapsed: 0.000056s[0m
[basic_sim-13] [0m[INFO] [1791566583.448728332] [basic_sim]: MainLoop - Ellapsed: 0.000105s[0m
[basic_sim-13] [0m[INFO] [1791566583.468418609] [basic_sim]: MainLoop - Ellapsed: 0.000067s[0m
[basic_sim-13] [0m[INFO] [1791566583.488237688] [basic_sim]: MainLoop - Ellapsed: 0.000056s[0m
[basic_sim-13] [0m[INFO] [1791566583.508345373] [basic_sim]: MainLoop - Ellapsed: 0.000063s[0m
[basic_sim-13] [0m[INFO] [1791566583.528270940] [basic_sim]: MainLoop - Ellapsed: 0.000061s[0m
[basic_sim-13] [0m[INFO] [1791566583.548685365] [basic_sim]: MainLoop - Ellapsed: 0.000099s[0m
[basic_sim-13] [0m[INFO] [1791566583.568343326] [basic_sim]: MainLoop - Ellapsed: 0.000065s[0m
[basic_sim-13] [0m[INFO] [1791566583.588197955] [basic_sim]: MainLoop - Ellapsed: 0.000052s[0m
[basic_sim-13] [0m[INFO] [1791566583.608297787] [basic_sim]: MainLoop - Ellapsed: 0.000061s[0m
[basic_sim-13] [0m[INFO] [1791566583.628170337] [basic_sim]: MainLoop - Ellapsed: 0.000055s[0m
[basic_sim-13] [0m[INFO] [1791566583.648603820] [basic_sim]: MainLoop - Ellapsed: 0.000088s[0m
[basic_sim-13] [0m[INFO] [1791566583.668532776] [basic_sim]: MainLoop - Ellapsed: 0.000090s[0m
[basic_sim-13] [0m[INFO] [1791566583.688217585] [basic_sim]: MainLoop - Ellapsed: 0.000055s[0m
[basic_sim-13] [0m[INFO] [1791566583.708394965] [basic_sim]: MainLoop - Ellapsed: 0.000074s[0m
[basic_sim-13] [0m[INFO] [1791566583.728654489] [basic_sim]: MainLoop - Ellapsed: 0.000089s[0m
[basic_sim-13] [0m[INFO] [1791566583.749371073] [basic_sim]: MainLoop - Ellapsed: 0.000153s[0m
[basic_sim-13] [0m[INFO] [1791566583.768511039] [basic_sim]: MainLoop - Ellapsed: 0.000082s[0m
[basic_sim-13] [0m[INFO] [1791566583.788377394] [basic_sim]: MainLoop - Ellapsed: 0.000074s[0m
[basic_sim-13] [0m[INFO] [1791566583.808999946] [basic_sim]: MainLoop - Ellapsed: 0.000121s[0m
[basic_sim-13] [0m[INFO] [1791566583.828542339] [basic_sim]: MainLoop - Ellapsed: 0.000080s[0m
[basic_sim-13] [0m[INFO] [1791566583.848602328] [basic_sim]: MainLoop - Ellapsed: 0.000090s[0m
[basic_sim-13] [0m[INFO] [1791566583.868355412] [basic_sim]: MainLoop - Ellapsed: 0.000074s[0m
[basic_sim-13] [0m[INFO] [1791566583.888267453] [basic_sim]: MainLoop - Ellapsed: 0.000060s[0m
[basic_sim-13] [0m[INFO] [1791566583.908382219] [basic_sim]: MainLoop - Ellapsed: 0.000065s[0m
[basic_sim-13] [0m[INFO] [1791566583.928208148] [basic_sim]: MainLoop - Ellapsed: 0.000053s[0m
[basic_sim-13] [0m[INFO] [1791566583.948627600] [basic_sim]: MainLoop - Ellapsed: 0.000094s[0m
[basic_sim-13] [0m[INFO] [1791566583.968808385] [basic_sim]: MainLoop - Ellapsed: 0.000104s[0m
[basic_sim-13] [0m[INFO] [1791566583.988242599] [basic_sim]: MainLoop - Ellapsed: 0.000050s[0m
[basic_sim-13] [0m[INFO] [1791566584.008356001] [basic_sim]: MainLoop - Ellapsed: 0.000068s[0m
[basic_sim-13] [0m[INFO] [1791566584.028217278] [basic_sim]: MainLoop - Ellapsed: 0.000058s[0m
[basic_sim-13] [0m[INFO] [1791566584.048536495] [basic_sim]: MainLoop - Ellapsed: 0.000074s[0m
[basic_sim-13] [0m[INFO] [1791566584.068369012] [basic_sim]: MainLoop - Ellapsed: 0.000074s[0m
[basic_sim-13] [0m[INFO] [1791566584.088490419] [basic_sim]: MainLoop - Ellapsed: 0.000082s[0m
[basic_sim-13] [0m[INFO] [1791566584.108420836] [basic_sim]: MainLoop - Ellapsed: 0.000074s[0m
[basic_sim-13] [0m[INFO] [1791566584.128319676] [basic_sim]: MainLoop - Ellapsed: 0.000066s[0m
[basic_sim-13] [0m[INFO] [1791566584.148401924] [basic_sim]: MainLoop - Ellapsed: 0.000075s[0m
[basic_sim-13] [0m[INFO] [1791566584.168371498] [basic_sim]: MainLoop - Ellapsed: 0.000073s[0m
[basic_sim-13] [0m[INFO] [1791566584.188235170] [basic_sim]: MainLoop - Ellapsed: 0.000059s[0m
[basic_sim-13] [0m[INFO] [1791566584.208439255] [basic_sim]: MainLoop - Ellapsed: 0.000077s[0m
[basic_sim-13] [0m[INFO] [1791566584.228351424] [basic_sim]: MainLoop - Ellapsed: 0.000071s[0m
[basic_sim-13] [0m[INFO] [1791566584.248302734] [basic_sim]: MainLoop - Ellapsed: 0.000070s[0m
[basic_sim-13] [0m[INFO] [1791566584.268241277] [basic_sim]: MainLoop - Ellapsed: 0.000065s[0m
[basic_sim-13] [0m[INFO] [1791566584.288161067] [basic_sim]: MainLoop - Ellapsed: 0.000054s[0m
[basic_sim-13] [0m[INFO] [1791566584.308504593] [basic_sim]: MainLoop - Ellapsed: 0.000083s[0m
[basic_sim-13] [0m[INFO] [1791566584.328288170] [basic_sim]: MainLoop - Ellapsed: 0.000060s[0m
[basic_sim-13] [0m[INFO] [1791566584.348322517] [basic_sim]: MainLoop - Ellapsed: 0.000071s[0m
[basic_sim-13] [0m[INFO] [1791566584.368372365] [basic_sim]: MainLoop - Ellapsed: 0.000069s[0m
[basic_sim-13] [0m[INFO] [1791566584.388224022] [basic_sim]: MainLoop - Ellapsed: 0.000061s[0m
[basic_sim-13] [0m[INFO] [1791566584.408571515] [basic_sim]: MainLoop - Ellapsed: 0.000074s[0m
[basic_sim-13] [0m[INFO] [1791566584.428469406] [basic_sim]: MainLoop - Ellapsed: 0.000064s[0m
[basic_sim-13] [0m[INFO] [1791566584.449017243] [basic_sim]: MainLoop - Ellapsed: 0.000130s[0m
[basic_sim-13] [0m[INFO] [1791566584.468930929] [basic_sim]: MainLoop - Ellapsed: 0.000116s[0m
[basic_sim-13] [0m[INFO] [1791566584.488204889] [basic_sim]: MainLoop - Ellapsed: 0.000060s[0m
[basic_sim-13] [0m[INFO] [1791566584.508300146] [basic_sim]: MainLoop - Ellapsed: 0.000065s[0m
[basic_sim-13] [0m[INFO] [1791566584.528229885] [basic_sim]: MainLoop - Ellapsed: 0.000058s[0m
[basic_sim-13] [0m[INFO] [1791566584.548678344] [basic_sim]: MainLoop - Ellapsed: 0.000094s[0m
[basic_sim-13] [0m[INFO] [1791566584.568314490] [basic_sim]: MainLoop - Ellapsed: 0.000065s[0m
[basic_sim-13] [0m[INFO] [1791566584.588285542] [basic_sim]: MainLoop - Ellapsed: 0.000063s[0m
[basic_sim-13] [0m[INFO] [1791566584.608379983] [basic_sim]: MainLoop - Ellapsed: 0.000074s[0m
[basic_sim-13] [0m[INFO] [1791566584.628220516] [basic_sim]: MainLoop - Ellapsed: 0.000059s[0m
[basic_sim-13] [0m[INFO] [1791566584.648546524] [basic_sim]: MainLoop - Ellapsed: 0.000085s[0m
[basic_sim-13] [0m[INFO] [1791566584.668246943] [basic_sim]: MainLoop - Ellapsed: 0.000063s[0m
[basic_sim-13] [0m[INFO] [1791566584.688370631] [basic_sim]: MainLoop - Ellapsed: 0.000072s[0m
[gsl_actionserver_node-14] [0m[INFO] [1791566584.700776979] [GSL]: [34mRESULT IS: Success=0, Search_t=300.00, Error=1.39[0m[0m
[gsl_actionserver_node-14] [0m[INFO] [1791566584.702519974] [GSL]: Could not find the source. Sorry![0m
[WARNING] [launch]: user interrupted with ctrl-c (SIGINT)
[gsl_actionserver_node-14] [0m[INFO] [1791566584.704680153] [rclcpp]: signal_handler(signum=2)[0m
[basic_sim-13] [0m[INFO] [1791566584.704751946] [rclcpp]: signal_handler(signum=2)[0m
[static_transform_publisher-3] [0m[INFO] [1791566584.704784297] [rclcpp]: signal_handler(signum=2)[0m
[simulated_anemometer-2] [0m[INFO] [1791566584.704787583] [rclcpp]: signal_handler(signum=2)[0m
[player-1] [0m[INFO] [1791566584.704893833] [rclcpp]: signal_handler(signum=2)[0m
[simulated_gas_sensor-4] [0m[INFO] [1791566584.704962985] [rclcpp]: signal_handler(signum=2)[0m
[INFO] [gsl_actionserver_node-14]: sending signal 'SIGINT' to process[gsl_actionserver_node-14]
[INFO] [basic_sim-13]: sending signal 'SIGINT' to process[basic_sim-13]
[INFO] [robot_state_publisher-12]: sending signal 'SIGINT' to process[robot_state_publisher-12]
[INFO] [lifecycle_manager-11]: sending signal 'SIGINT' to process[lifecycle_manager-11]
[INFO] [behavior_server-10]: sending signal 'SIGINT' to process[behavior_server-10]
[INFO] [controller_server-9]: sending signal 'SIGINT' to process[controller_server-9]
[INFO] [planner_server-8]: sending signal 'SIGINT' to process[planner_server-8]
[INFO] [bt_navigator-7]: sending signal 'SIGINT' to process[bt_navigator-7]
[INFO] [map_server-6]: sending signal 'SIGINT' to process[map_server-6]
[INFO] [static_transform_publisher-5]: sending signal 'SIGINT' to process[static_transform_publisher-5]
[INFO] [simulated_gas_sensor-4]: sending signal 'SIGINT' to process[simulated_gas_sensor-4]
[INFO] [static_transform_publisher-3]: sending signal 'SIGINT' to process[static_transform_publisher-3]
[ERROR] [map_server-6]: process has died [pid 18900, exit code -2, cmd '/opt/ros/humble/lib/nav2_map_server/map_server --ros-args --log-level ERROR --ros-args -r __node:=map_server -r __ns:=/PioneerP3DX --params-file /tmp/launch_params_bcb1lad2 --params-file /tmp/launch_params_8habwsit --params-file /tmp/launch_params_zbeq8vie'].
[INFO] [simulated_anemometer-2]: sending signal 'SIGINT' to process[simulated_anemometer-2]
[ERROR] [static_transform_publisher-5]: process has died [pid 18898, exit code -2, cmd '/opt/ros/humble/lib/tf2_ros/static_transform_publisher 0 0 0.5 1.0 0.0 0 0 PioneerP3DX_base_link PioneerP3DX_pid_frame --ros-args -r __node:=pid_tf_pub -r __ns:=/PioneerP3DX --params-file /tmp/launch_params_rf8z674i'].
[INFO] [player-1]: sending signal 'SIGINT' to process[player-1]
[static_transform_publisher-5] [0m[INFO] [1791566584.708500813] [rclcpp]: signal_handler(signum=2)[0m
[ERROR] [static_transform_publisher-3]: process has died [pid 18894, exit code -2, cmd '/opt/ros/humble/lib/tf2_ros/static_transform_publisher 0 0 0.5 1.0 0.0 0 0 PioneerP3DX_base_link PioneerP3DX_anemometer_frame --ros-args -r __node:=anemometer_tf_pub -r __ns:=/PioneerP3DX --params-file /tmp/launch_params_t2d4g60f'].
[gsl_actionserver_node-14] [0m[INFO] [1791566584.743868922] [rclcpp]: signal_handler(signum=2)[0m
[basic_sim-13] [0m[INFO] [1791566584.747504593] [rclcpp]: signal_handler(signum=2)[0m
[simulated_gas_sensor-4] [0m[INFO] [1791566584.767487625] [rclcpp]: signal_handler(signum=2)[0m
[simulated_anemometer-2] [0m[INFO] [1791566584.774860492] [rclcpp]: signal_handler(signum=2)[0m
[player-1] [0m[INFO] [1791566584.777543606] [rclcpp]: signal_handler(signum=2)[0m
[INFO] [robot_state_publisher-12]: process has finished cleanly [pid 18912]
[INFO] [player-1]: process has finished cleanly [pid 18890]
[INFO] [simulated_gas_sensor-4]: process has finished cleanly [pid 18896]
[INFO] [simulated_anemometer-2]: process has finished cleanly [pid 18892]
[INFO] [basic_sim-13]: process has finished cleanly [pid 18918]
[INFO] [behavior_server-10]: process has finished cleanly [pid 18908]
[INFO] [lifecycle_manager-11]: process has finished cleanly [pid 18910]
[INFO] [controller_server-9]: process has finished cleanly [pid 18906]
[INFO] [bt_navigator-7]: process has finished cleanly [pid 18902]
[INFO] [planner_server-8]: process has finished cleanly [pid 18904]
[gsl_actionserver_node-14] [0m[INFO] [1791566585.787131119] [GSL]: [34mDONE, CLOSING[0m[0m
[gsl_actionserver_node-14] terminate called after throwing an instance of 'std::system_error'
[gsl_actionserver_node-14]   what():  Invalid argument
[ERROR] [gsl_actionserver_node-14]: process has died [pid 18941, exit code -6, cmd '/home/zyc/pmfs_official_alignment_r5_20261009/ws/install/gsl_server/lib/gsl_server/gsl_actionserver_node --ros-args -r __node:=GSL -r __ns:=/PioneerP3DX --params-file /tmp/launch_params_of88i5pq --params-file /tmp/launch_params__okdpp57 --params-file /tmp/launch_params_aohz_7j3 --params-file /tmp/launch_params_tcc46k2y --params-file /tmp/launch_params_ng54gnhs --params-file /tmp/launch_params_4rlkq4ha --params-file /tmp/launch_params_ryttuhwo --params-file /tmp/launch_params_hzoe6b6l --params-file /tmp/launch_params_evk0k6bf --params-file /tmp/launch_params_5m175x3x --params-file /tmp/launch_params_cbgk7yht --params-file /tmp/launch_params_jefqkfwv --params-file /tmp/launch_params_b99_8krk --params-file /tmp/launch_params_h16bwwio --params-file /tmp/launch_params_oqhvbu58 --params-file /tmp/launch_params_a4rk2vhu --params-file /tmp/launch_params_l_si8qt3 --params-file /tmp/launch_params_zac5bapk --params-file /tmp/launch_params_bb5jr16e --params-file /tmp/launch_params_vapjiw6u --params-file /tmp/launch_params_3ev6eu4s --params-file /tmp/launch_params_z76b_6wr --params-file /tmp/launch_params_8qky5tbe --params-file /tmp/launch_params_y92l94bn --params-file /tmp/launch_params_h44owzlf --params-file /tmp/launch_params_suusy2i1 --params-file /tmp/launch_params_6ho3306p --params-file /tmp/launch_params_1qybbtbq --params-file /tmp/launch_params_i8pl441n --params-file /tmp/launch_params_5r40wexz --params-file /tmp/launch_params_sz_8hw00 --params-file /tmp/launch_params_sjbi8puh --params-file /tmp/launch_params_io3hro2r --params-file /tmp/launch_params_lo7ny3n8 --params-file /tmp/launch_params_4i9z6npf --params-file /tmp/launch_params_exjgij9e --params-file /tmp/launch_params_7vfs6scf --params-file /tmp/launch_params_w65ovylj --params-file /tmp/launch_params_dvz0ibde --params-file /tmp/launch_params_kbspq75c --params-file /tmp/launch_params_68w09vph --params-file /tmp/launch_params_hvm_x5a_ --params-file /tmp/launch_params_2i49wz_i'].
