name	size_bytes	sha256
iteration_0	116	c59f7e025bab2725e9f324da08ac34a9781e0a5e494fe151e2dfd0674978aaa8
iteration_1	177	378ae6407283f658ed3a48ff1d9cca105e525e34adc441bdace33104b9a86cc1
iteration_2	227	18d5a7a2beb38e21afc06500f3e55d7da1a928f82c10e9f43c4f810f6e2e13f6
iteration_3	267	bb6ebed441afd86af6cd4725e373e961ffe540c6e1b24f261f7f0f05671c39c3
iteration_4	349	5498c9db25784620553376bdd9d934f9e8d681113ac2300a5ba889fa6e818a8b
iteration_5	426	10b8e5a6e1bcd57a1a3d2b4000d9c12082e4e3995dacbb7f9c9ac4235e4be669
iteration_6	498	d37cac591cb5af7900225e700fed7e6b81ca5350d427202843354e22c0eb9f7c
iteration_7	563	c55d074d6ea6524351f6e63cb9231ef3037238860ee27dbb2b4ef99fbf128718
iteration_8	632	e554f047f640a2d46433e6d60f748104cfc194b1f351b1d1ab9c7a3a0bbf1386
iteration_9	705	d5d4343d999b27c13235d9b47ab9ab0c0f962c41f35d8e716100afdac69908cf
iteration_10	771	df1be1f60c3e8afd5ad3623842ef6b8273760c9276be24c5c2a262e291968b2e
iteration_11	822	8316052b111c8cca4ce2bcd1c2dca256bebea856046fe55d95337b7d892e6aab
iteration_12	903	7ec04ca9f281fa02826e03673dac5b7474c8413cd8ba4759c58c00c56aff323b
iteration_13	965	6d1aa6333ac11e0c167d052023a8ce5f3390b5f93ddc92e19eb83b7e590c865f
iteration_14	1018	6cfb428955a668bedf85d1520dbf656727f72d3a21732384855ab4648d7c0c59
iteration_15	1063	65533561dfacb33a0b3c35c0861b0a516652e0ce19391899846516a576da7a72
iteration_16	1123	0e42b50165f3754d5909b79e6cdc7e62ffab739fe12bf1b7028eb8c598f0d264
iteration_17	1175	04c3de7a87b51b8c88b14c6662df427310eb1294344c49b7a0f754d0c51cc820
iteration_18	1234	e6a915f1c330196115994d376c2b5f31bf8c262338f22a71a53070e413af482e
iteration_19	1274	81ea3f5d3e27a4cb0b2a2601ede572b48974db2a3f660d1e85f7515ffcd39d5d
iteration_20	1336	148d13c4c26bc083a1089dbe6d41cd4f260d71b883dd1b77a69c83f25806214b
iteration_21	1376	8c042c0ca63c202cc925a93cfc8c45a5ca07209047284339da9d1c782a5609e9
iteration_22	1436	8b6954918e829b7380e0a5597c9a735c0b52d2586169896a3ad9f4d246343108
iteration_23	1487	b98fa9b10589f6c935069b1a48edcfcb59a19f770781c36881dfe5330633d366
iteration_24	1549	2ebc9a2fb308f1b563b124b533b7ba6cf07f6b3f4aca3efd99ae9384c06c6a0b
iteration_25	1598	4dd701b6d600ea22c6bb5bfcc11c8c3d39d6b8b4da3916a0eab105f41fb8887d
iteration_26	1648	47a2c7c7477218c4d357ca2b8569de359a58ef7080a68acea57d35e7dd64ed5e
iteration_27	1688	f33a4cd7db0b029f0db51096648ddd277821f569f3faf24907baa31d102d89a7
iteration_28	1748	8423859096c567131745826c3bdad87de86533ec094305de1bb114fb7ca92d5a
iteration_29	1797	94d417bff1e11fd77270a89c6f528795899448157a2e30b374cffbec42840e9a
iteration_30	1855	196ccc40d6f789fb337d2ab4c2d006eb9bb9bf7d17359212a64d7633c3c8fb56
iteration_31	1896	7b72ff88e0c9ebd0285966686403218299b065b7f0c90423ad897557a8f0a89b
iteration_32	1953	7b35fd0497372d21f0d774796613e4a3adbf46bacf079e64777ee67ec31fe8d3
iteration_33	1997	801f7c6deee059ba1b66fb394f0ac3c8b8ec91224c37ec065099e30bf0c00ae9
iteration_34	2044	b121892a37e33a2dc77317e7528074cd44fedfe3c2371fd1abad63077fb482dd
iteration_35	2107	38bff42cdeeedfe544b15eafa701ad0850d37221ea60a8c28da4c1a67c361828
iteration_36	2155	3630c408337de91044aa43e7bc551bcf81c83b87a24653f337c13ffe7acd4fa7
iteration_37	2209	dcf526d12b3b6d5ba6592f21ac9c4de84d774a43239841a59837a4b9be9e04b5
iteration_38	2263	cc7485e8ba5a07970cb23fe05894bd7b0afe40d4057153c1469e0ac122d908dd
iteration_39	2301	00340c2655c053b01918adfd792bcf3429c230a3e1617c6a26de66aa22fe0bd8
iteration_40	2356	c527e83caf508ca4d96548c488bbca2fa9f155c7408881b105cb4aa75580ccfb
iteration_41	2411	d9a74000a86617ebd10ae826292a1f8561a58dda5a9e2cd755686912ace7c271
iteration_42	2467	6d376a5cc8d39aac4e902f33962c1f8d94f24f264c33000f96c2585e8fdd1c78
iteration_43	2506	e34de26f48b25323de554d19c407a3c22dddf12583cf672277fdcbec43502486
iteration_44	2556	17df6741c99f41620053c13f96a60082c7da88b826dda579d4d14067d27d50ac
iteration_45	2607	bc0e5e6d93128d0e9a78206e519df25c474e73dee2dc3f7af84e2f6a24eef8c9
iteration_46	2666	46dfd0305443e531c528af8bc4229769921415d857ef7d907fb66ca846ecc374
iteration_47	2712	b48539f777b84a735c23b9c9f46f6491e6cb19e9a235fce55724ed62eabe6fa7
iteration_48	2782	5e3da383e196711565d296e9a86b060da938c49b94a91d53cd12c09c129527cb
iteration_49	2826	908617112d5e5a896f8a8ce414f022b24dd0ba41fa2a2f0769a97126592799c4
iteration_50	2889	2cafed2e162423e5eb6f84a96e91cbf51483bf21a8f3c2939d53e620c90a503c
iteration_51	2927	468a66bcdb6599085f136c8d9934d8293adfa5d0f423d360ca74d34886c68e6e
iteration_52	3001	e2c1ce91e86d949536504f74f7024660529488e41c3cd1e1be95b88e0f33c8f5
iteration_53	3047	56f9f3c198e2ddcf4046fee02e56aa8a34037ab8f8d1aaf568524e8b8ee5bf88
iteration_54	3092	69e62abf6cd8b5766b6686aec53bc860b6fa0c672d636f77bf30e91a01b95810
iteration_55	3126	8bdfd7f0b1bf53f16851d5529649e566e51e492c10410e4c3b3402f7c0d0f4f1
iteration_56	3194	f18f3f3e97dd8b57d46f623eef20fe1f2b143b300ab5894c15410059f264b736
iteration_57	3225	acbc0595c1256d3ef534e033cb1bd84cd60ce165936d189318340a9984f8f637
iteration_58	3284	d9068d9319607a06a45b49665eef53d331039272b6b5b8eafa8dc21a53400522
iteration_59	3340	ab980ebbf73d136366679f545a33c07d904cecd6778ebade97f1eee6f7fef3ea
iteration_60	3396	5369005431c1d4a4a3ed69351b470c39024d609551d178565f6961c3a2ba3999
iteration_61	3439	720acaba61a59c738b81c167bcd8ac6941b7503d30003c225e3fb47db79a593e
iteration_62	3494	ebcccd39cd9714bbe5454bdb864e43356d7f81e673300c3d2f83a155e05e7db7
iteration_63	3549	45866e2c26b23ff1430982ede30026ec601b5cc5f65fd6d8be72b42e9cd561b6
iteration_64	3627	323e3d2e67adf8ae97cb7b2037e98e0c62cff9294eed72cbb7ccbf18222b0149
iteration_65	3679	d324f5fca8322e709f98922df716c72222bace0e3dca1ecd865416f401703233
iteration_66	3751	49312da0e84a9633079902a1bf430c282ec113f7edf8221e599dfc936bbe16cc
iteration_67	3810	df0c264540dee8307fc54facc4ad855c3909b62fb92fb1538a5a2ae52f82cfab
iteration_68	3863	a0780addd78d46d25e817cfda1b731f5c0b5a3da6c8e3aa6b4e303191e5c7033
iteration_69	3937	c18ba0c1019e205b43b0c5058d04cd6dfc22cdf522a00fa543d55a168ca21558
iteration_70	4007	8af47ddb1189c500223a8a729bd8d740ad0572a223f07ca7a5990827f037719f
iteration_71	4067	c95a95bd6d019c10a94f450eab461984cd2646d2e9cc5da732797cca87f27bda
iteration_72	4117	6d0b177ab28a0c2634d9f58a8157df440f9da7afb0910ed83afa5485bd932702
iteration_73	4192	0831c6928b1d9f09d15c8f4b6208a8620dc949d78fe235dfc2bfc06826a93126
iteration_74	4241	d8f1f10b5914e5d476e04356ec0b99f43b7daf1904ce9510807d51591ea1285e
iteration_75	4308	f2aa6a928595965d5bd709892c0e3876fecff5bc93dda627132841ee0b54483c
iteration_76	4371	b79d2f37e91f36f667aabf07fc347e13e3afda028818a623fffeb6d6440a2660
iteration_77	4408	ed0ca19d89813b677da3c5e1ae0c8fffc7abae3573a153b526a6f3cf0df2b1bf
iteration_78	4479	6e3884079f3d51792dbaeb19af0acfdfcebcc9bae1cb1a57326e2d95ff4c76f5
iteration_79	4570	feb8d31ce72714e383a246f68046ba31e2e9ad72c85ab27b79c2d27a8da397cc
iteration_80	4618	b8e4aae1ae8339abcd44e19d0874678d7d83f435dbe2ee9fd0372c5bb35e3a30
iteration_81	4675	6aa67beae76b301d44015ce408456e34687adf50205e28abf994ca51d629e1da
iteration_82	4718	068f7b772273047787da2c41b10176028e3fd2c6725941776c3af773a00931c7
iteration_83	4775	52659e5b049139e5d570728f3f8ef7da4b76fb957dfc7ac4c9e87f173648aa87
iteration_84	4848	b9255909f4ee1857bee86fb17e8ff926876cba067b8f9202dae7469e1dfef142
iteration_85	4935	74f0f39f4aa631342f5a5add53ba95d9f404164c358e5261311c3ef172d09978
iteration_86	4995	d6837ae461cf4895a25b971244a07fdb53e99e3feee43fe98cdc666422d2ae7c
iteration_87	5054	98765a9685dbed31fd8f4417665f7dd74eb7629bc0b7ef3ee1798209731f1874
iteration_88	5114	f8ec67067bd580c78b98960508232666109d08093eb292206e4ad94f2e4e05d2
iteration_89	5190	820e59ee031499770124a0915cd7bc3a6c884b5570382c9c7559687c647b3088
iteration_90	5259	9a6bae815246ca10363e7421bd402fad159c6ae89f5b480808b00ddf754e7a87
iteration_91	5321	60508fda81606d00640f5a66084b70a002dda49e976a6d4e08a6871d1acfa15e
iteration_92	5371	299df6edb0836211f4980d4f7c10abb4446498b1a4ae72ab4a87b31d93e35346
iteration_93	5417	1100b7715cedb119bbbcc0887615d33c604cd2dbef0cf57e94d56e34670af676
iteration_94	5487	3f85883f7bdf6fb3ecb967808fc894318bd84fe732d04e7bedbfc096a8edab18
iteration_95	5577	1d5a6a8d78d3e42631057f1846b0a7fbfab6af5d223a90e7e85cb8e8cfac2a5f
iteration_96	5625	702172fdf669cf67852039f120828f5a51da5c1fdaf3eb78901c9c140b1eaa91
iteration_97	5689	a358df74d9ca422ce7baf55916515c4cd4ab74b6d9a22ba67fdb6f24c5ca618b
iteration_98	5744	cb30ef25d980635877c018b39883209b5147e0deb07fc54ffd7c324640b7b5fd
iteration_99	5807	edb40aecf95b19f849af2e0ef4ab7eb10b9bec0fdfdbe7220f88ae25f540d1ce
iteration_100	5883	1eb3d4a31b64f337169b9136f8e855b55eb3792da4c1cac96e874830755fd207
iteration_101	5941	cb660aadf60f42ff303f07ccb38b554f7ee3b154e53a13d7f4a41217c1c5155c
iteration_102	5991	bab758c7d2d13f456a4773d63dc6900933a3956c9e73bb6b00e88075788c985f
iteration_103	6055	86d3e412b392e45340429df72e98dbecf163756b87f670de48819eea05395b4d
iteration_104	6120	7e23d9aa192e54ef0429ea83e59bb0f8569bce14e945bfe1b6b39e690e191afb
iteration_105	6199	dd53d31248e391a85bc2faae222295d13a6f348b2f4871d68188e6285fcfec88
iteration_106	6264	3958d4dbc876739f4f5042b91f03a56d0ce73733a431d5f6b6c924c753e67dd6
iteration_107	6305	65a86ee3d6ac8ee7844af8f42c8bbd8b7e6b0ee97f0bdabf8fc7da2c6d7a3365
iteration_108	6368	6580c143dcaa835a6f8dd46691cf9080f585ad6ccc8a599580bc64cb43d76a02
iteration_109	6434	d006335d46db66286b7fef41b1642ada9f611c7f585baef9d70f4d93004cad2a
iteration_110	6512	11f4b52c7da15d9449808d3dc06108d9876b0b8bd5211d0a7379edc291209b6f
iteration_111	6544	19719834f7afa38525aaa71fc90d91b607036a2d830d9306e60a47e2668ee717
iteration_112	6627	184c52b909196e8d29ba532145942d558549cc7ad5f51a4fb219650a807cdd82
iteration_113	6665	8f7edb4341c79d7b81eb8c01a8b90c82e6629e16e55b50eb7dac530bd489ad6e
iteration_114	6760	999d89d9b2a2bb7e03fe10001474cc2e2dd8533a98d2ec1eaec5df0e1300d233
iteration_115	6803	961a28a6a1d6bf7c98df3eb0a6816f1c022348932e989f4fa81cddea7afdf3e8
iteration_116	6868	cd373e7251d4f2d7871e8511b671c6e866dbd8b219ad39d2212734a62ddbd851
iteration_117	6923	337d61688917bfeabb62c009f91549b239f47db800e4dd0df2417c2dad46cf0f
iteration_118	6983	18597b38c5507d955d946f11773b438c99a734eb1cce97b6c8bef21abc16ec19
iteration_119	7056	60d20e4cde48cab3a5e763fa38a581a13705adb2ccf182fed458d7a16fdc28aa
iteration_120	7118	3b78892a4e326a78dff2025577f077145ef1cc6327b19b4df05e33d6ef655c66
iteration_121	7175	d6c7c315a6b781b948769dacd882634b96e494e04114a649ff38c3f828af7112
iteration_122	7232	93a42cf7496ff3218ccc1b670504e99bab565ebcd556d9413184533a30f9e165
iteration_123	7308	381dc1798130b3d8fc9e4160e4bf473fe34507203cfe5b44938ac115535b6552
iteration_124	7383	0c578a121a2e4756570ba51ae40a4b75d7394ab8277e416499473bae351f5283
iteration_125	7443	c18313267446fd2a71353a5d70cc0d4dfb1fe3f009a5062e9ee4a40d11866392
iteration_126	7513	f0b2fb07fe7ab1b37202d6858551d80fd6796bbc1f7e6ad5b14fb89ba4ae6f54
iteration_127	7559	3efee554e292e2e41cc322605299b1f2efeb645552aabc7562c544a950c3ef85
iteration_128	7622	ed0178bb6cded0e9ec2dd0a523ad70662691a9b4176c544b73d4d63aac2fc9b6
iteration_129	7701	41af6dc18630bb6676b19beee2f86dce94fd5522da623760dc000e4aa2292786
iteration_130	7767	02d2a3c73705a790262c2a6bcc8fcd2d7008d4c0eef7a580c9a6108846ad1b4e
iteration_131	7831	3f285ab8f3bc2936be7422ff80120c62dcea86a6cd2580e519a79341bf0e2a7a
iteration_132	7872	8e201012e17e012c1a81a780e114671888c2abdf90e632135e5314af2f25a012
iteration_133	7944	5154279e942176933abc3dc0f12e44dc25177d024dff275ed8df658c60fa8c3c
iteration_134	8020	ac5eea16ab5242b2ac07fde224addf730cd5e9978cbbbe3d5f642d2c412c3d3c
iteration_135	8103	ae1113ed253af0a9f7ad746504a559c1003a5e696676ba5babdfb54afb2518f8
iteration_136	8161	a37f7aab130d45dedaa630444943d477c7c1b50a99e790691948f56a564e9bcb
iteration_137	8208	83df5090d07ac690cb148004d862d0ae2db089789b67de76952c69024e677801
iteration_138	8259	e05f9baa783dcef670d20462d22b36d6c68fdf86e1264a40535c45f09429b58e
iteration_139	8336	872e765b1511742853a5f5e66229e1a1b916a33c114027c6edffde6c748e6618
iteration_140	8405	1eee1d50458358f7801d1bc88d47c2aa0e4517d11210770e1a1bd7d4b8f3ecd1
iteration_141	8484	6445e445bcc781f4f3af9c0324e44bca8ee1339bea896fb04eb4480ab8520823
iteration_142	8520	45d10b9294fcd922a064890588b34027f5f5c9eb77d44f8169c2ebc3a68ce6e4
iteration_143	8582	167b3ae9fdd2e626afacb69c84c36e622b4af29bf4a9332537b745c12db24fff
iteration_144	8657	437edaf57ef124641e4b781ff9a436cdfd3f2bea103ff2ddb1f7912ae1bac316
iteration_145	8721	01b55e77f148cc14cb4685ad7285b9a9d153b9dd22aeb47cc3ccb5b55000c885
iteration_146	8783	c771ef6d6bbda36de80d4917f57e7e1f5b0a5c754ff674371b7a0cb11a4c439d
iteration_147	8847	27f435e8edf609e4fd34e71da2aead9202945420f3dc40e01c741d4cc8883d19
iteration_148	8889	caf407c7d026f807c52786d8d4a6132402c8cfbbb90a57ef5aa8a2ff53ad220c
iteration_149	8975	63a6230dd119f2ef9b29747eb39dc93e8be454de824364c0c702ce3c2d26ab72
iteration_150	9044	5d9a6be8ca936f3201fdf77fba5f34980beaf7a8da966ce251e6a5216f863b5c
iteration_151	9106	bc41933171a63ccdf98e2dd0c663543861d1e28c1b80251934f26956a65048ba
iteration_152	9161	eaef1dcd63d645ef8037a9d04c996719f8a70c98d1d13367fe5da1f3c57609af
iteration_153	9210	4e6c6704797ad5dd3a107ded32f4d4205319d96a0b344ab2b0d1f28191cb1aa9
iteration_154	9282	5da0fe34442fceb08d6823ab287d6e12c096650315cfa6fa1af6a3a07a2983ef
iteration_155	9359	2477514616a3616932b57ce54a61390e8742062f341e3a76dcdfc6f958b62822
iteration_156	9443	43077a84f09a85a24d3e283a6dc49a877e5d0af6da860d1201a36369bf865982
iteration_157	9479	5f18aceb3f6aadd7a2daaeb4bb738bcd6c8a36697bbe2e8fcce1c46c22196887
iteration_158	9538	171511d2c128ae82afbb5dfb89fc14482f8efdcb16fa6c286f3909d63d72df13
iteration_159	9604	d9a7167645a61428c23871fb771f357861835790573a86f6e57c6a2354ee5069
iteration_160	9682	e1e51ebdad97508864dc792d14bbd463b63e0ecd1a7dee5b92e857d56948eebc
iteration_161	9758	9e6780381036fc5ec83f15680af4ede282b4da998129fe8b2f706e88ad60dde9
iteration_162	9787	3c4f773721e4e70e320b7eae9eb2ea21ab2f468094fffcdc3fd2efc77a4eedea
iteration_163	9863	0db0c8a277a224cad41b3a9c9961b5230ebab96eb291779d884ebe55578d2ed3
iteration_164	9922	0f7cbfcb54ec184511f561ebff87a75c9d4d13102f699b319d821b584396ccf5
iteration_165	9992	fb9dac3c50a7c3b16bae5d39144910f4e673b8b79a29c164262871a72f10232c
iteration_166	10054	92993bdda0a502106e2166848eb0251adac95282565ea0bc0101b7ea86a3ff83
iteration_167	10105	70ba3186c06421c191b4053d3b607ad2183028c30bb7a5b07ec547061608e5fc
iteration_168	10168	bc576073a5e21d4a681f15054962557b250500ad1195985410ca6223eff26b74
iteration_169	10229	8e1a71ff5f09c5ac75dad05f285f724e974398b2955926ba7de66724e4b90af0
iteration_170	10312	ff2f80cbd5528c6a11c0a9d88e69c0df295eb5b4665aa3e4af516fbc0b5d3fe5
iteration_171	10336	a9695f805d9181fef287a982af4c9c705acea36ae04bdac1345e5854e9e10abd
iteration_172	10399	c5e2e4c49de0738a91473e0442b60b8d42b3ab8c0fa62e11bd73a330e55b00d3
iteration_173	10476	0acf044848cdaf4024238cca47bb37e33b49d5ecec710993fd84001470f12c0b
iteration_174	10542	4d7021bb59c3975572292773041547bf8aea99db8eba7924fb49d1c8ad075f9a
iteration_175	10622	bc2d2dae6c2bdafee362dfa18b641f2fd01c6b204487845b2a5d09dccaec99e6
iteration_176	10659	8aeb9a43646f052d22429d28c830647d7794dd753c380b3e2ca7191a3d8f17ab
iteration_177	10726	534eff082d56b35f63be04a0e985f25bb4154233aa67089695a20f6fbef82f6f
iteration_178	10782	7ee96b1bf086124e76bf913f340e93efd15584d9297a71969fb34c2fbfd15118
iteration_179	10870	e162c5fdb12fe499cef34e75971c3eef3ec6d8fb277a1b1d96d70485536b8999
iteration_180	10940	b7caa3a459cdfb42a7cdad7b7e518b12de3ad66b83f8396f1e84e3ed4311fd64
iteration_181	10994	59d8f28038612da797c2551575f7b7387841d47b6b1b108a55497d4570489921
iteration_182	11050	74a0c648830d336129951b3184ce4503455f87423f8be661fad8b5ec1e737232
iteration_183	11084	151f37e8b779a3ed08f8170938e2b205c3b39ee13f1bc2714d979f1f49a6cd76
iteration_184	11174	ab654ec2634751a0253e53ee6ae54085843c1c80672d121d28530dbc2438a959
iteration_185	11235	5aea21fd50c191006aff7f86d2ef21c3ee2037d01027dc01bb7a168858315795
iteration_186	11295	c5fde497bcab7d9af91f22095a30818445745d6bc5ebcc8b19baacf724000b80
iteration_187	11355	372a761dbbf4e61dc9ef4f08ee779c4945e83915fb3b69c84419cbb728e87ea7
iteration_188	11420	cc1335a2858149ed87dff5e79295beb2538ccb6b591d31f4cb950631096fcff2
iteration_189	11486	d56fd59357e33b08dee7f8654479c4542d977be33f32d514842e6658d656aca8
iteration_190	11569	d7ea5e35fdfa48079bf17dd80e793cb86f3519b6a74d66764a33c5aeec8fc2ff
iteration_191	11611	b5d8008066db3314003cf77ca806dafba60d53f7079bac1fffe209803bbddc35
iteration_192	11659	f091f692a809f1b2df40d690801c3f7dc7c0bfa08a0ba3d5756d675f26891119
iteration_193	11730	a41aff3729f92feddb659788435cd7366a2bbaa0967a0269368885b294646153
iteration_194	11799	97ec365f4f686b168392478ef2c02359d30e432c1cd9f3f784bd22e2ecbc3d8e
iteration_195	11886	a386ecbf2d4c075b7c01c18e71b493dbbed137ad2f578af8408b83561589fffe
iteration_196	11929	da583e0c9a40cff3aed338770eb6a7d866408c04fecdd6671e6f3bb95dc45d35
iteration_197	11989	f50f89bc8484eed1298856482fc440834e5e88e7ffbec186f1017afda527107d
iteration_198	12062	88df9834c46597d0b343594e5a45141891d3db80b33b6014f7f471a799020d7f
iteration_199	12127	ca58f3fb9a791f388eff37ead7980192e14beab13a3c4d2e3a9ca3159e17ccee
iteration_200	12200	ab66e7d9fd66859e59e10add9883b09afe01172815203a48d9a3c82c4ccf9dd1
iteration_201	12273	914835c646d6d23a058866b0a90d329820bc42898ec72cd1036553593b4b4875
iteration_202	12318	dac33af7859989e34dd088f4590d89b27c206469669630621dd75b83736cf935
iteration_203	12383	0628a9dfcab6b4f72cb1ccbbb4e8806edd66f8a1f82716511f01e41aa084edd0
iteration_204	12427	0df1c53c79151389afbf7a5b711a3ea7943f810836b7e44ea341e4bf3524a497
iteration_205	12521	c79e45d73e38d53fbfb4edf53a682fca804d68fbb6f077635b7ab3a06a5defd6
iteration_206	12578	b3c62e3c2c4b8c701cda4b80e51770ba89228a4cf71ba7d8158c4538e801d575
iteration_207	12623	29a3af098ecc3b258855915b9ff516e9f8fb22451a894f2b59a60aa70743d034
iteration_208	12685	de79975e18e03819e64d4d04f08d25c6084f040c9fe74cd0e786822f24275258
iteration_209	12757	c9643962cbbdfc6c451043a053a54fa310a9fa4bb9e6d74b3fc1f327950a6a7c
iteration_210	12818	5d839c2fabdeab7bb68cda1c20ca0a23d53c1b179c01b1c4e44cabd928f11e70
iteration_211	12894	78a4dd9fb441191ecffa691c7aa3b983a5abc1814b24e8130418f04ea4740a24
iteration_212	12940	630ed5da086acb5c766ac8cbd1bf5b332b9672b9a6e7af8681710a0089e0a004
iteration_213	13003	dc22ebbb32172cebceef3a45e513b3bf26c8e8004f58bbe73858289c62c6ceb5
iteration_214	13068	5956647a8e3c72761610b3a39789de6da51cfb3886aa9f387e83e20a929431bc
iteration_215	13144	b20ecfca8db616eae94abe0b251e88fbfc41d8901164c57138e4ca6759c44b9d
iteration_216	13205	7b38d4e13ee145716b10821635b8d83ca6d011e49c2b3fda88e4c8f535e69d59
iteration_217	13266	f7cd7273e53f6d315fc76356cfbb345a7f021016845d4f3a2e6af8314566097e
iteration_218	13316	8356b70c4024b8fcd3437030473350c437c7e7631f744b0fca4599046da4dbd9
iteration_219	13401	ec296778a7fc95161dc8899f48eeed930b1cfcb3f5dcc41d381c4d54fdc1c155
iteration_220	13472	deba69dd6fed9046c422f021865edd8180d60f26ba49aa71e52ac4841601be2b
iteration_221	13513	cbebba1d9094a82446794a39b574d7312c7cda129b1fa2eef89d8a22d93e264c
iteration_222	13563	51d1075fd5496431b094b752ab5f7daac9e0e38beb31e11971b454c8a16ae26f
iteration_223	13646	f06b950795745c00eef9fd3f71389beb239113f4441b13a9f10d00e4dc2f0161
iteration_224	13684	0dcb9f89ff0c4d62f783fac8d630fed6ecd4a6deac22feda64a475a23bfbebe1
iteration_225	13729	605e3de4298ff05ec589e305cd49e211a13467907cdc88a5632705340ba10d6f
iteration_226	13780	a4e0ce598da4ba662d99a1a919078964c30ad0933c3b3b99608aafda05d7c414
iteration_227	13844	1ad689fc188e520664fd400fcf4b141391641e3309df558d5636b475a1d38372
iteration_228	13876	9232792b7efaf666eb7e4243b58cfd441da38e98118f94dfa8276ca41722a26a
iteration_229	13960	e027f74d88f9b9999defe933f9a7163e9fb93d9bd303dc14105339314bdebec9
iteration_230	13993	78e915f762fe94e5015a5094f4789a2b144abaa9282d85c3784593e3aad566a2
iteration_231	14067	d9f94965770ae34b24ec1c4d4197fe931b083ba028c00e5ce0e01a3b874e777f
iteration_232	14091	1646e1f0e333c79b8e0f70372a24de521c400d961b28bb8633774b4c9460aa3a
iteration_233	14162	f4799960ce979f69f3ea4977248a057dada10bd3171a9f7534f21925ea7fe51e
iteration_234	14202	bf5fe61deb54c138df96ee3b13c92def1d011a5a5e9b14b134b65864734b3f87
iteration_235	14262	e23ca93a8b7dcf5776bd51a00497c3240bafb62e01982e9fa31c4cc77c807d94
iteration_236	14315	e3ad495dba867c0168d5752f234cfb47a903eab8a4d5b59fc8b05f8bc8546977
iteration_237	14406	201cdc324ccf2f6dfcd57ec97de3d8df1c220287a41bdde9a8e58daa68c4a022
iteration_238	14411	e6e9d231e5ab56767611f2b6a336bdcb9b3b14c972b14fc8d7342555517fd341
iteration_239	14480	bd28a3f650276a0d1670c33e2686226c8555d5f12405a93a2854505e2145572a
iteration_240	14536	6de6b96d564a55d8d0cb845af9a1a86a673420f444f10ae625206404d9e3ddfd
iteration_241	14588	a19c2090309c8fcfd16f399f0b4cc27c8b756cfc2729c434164fe915f87b0d8c
iteration_242	14636	cde6594eaac2d319b80ed7dffb02cc66f012d6aa42f8b341df1246203057a261
iteration_243	14680	ea61a9bfa79bc15b935f227e30f69f21195a6c598686df76dbfea6ebfdef3233
iteration_244	14729	227e7e98b7aec5442088ac19bbbc67171abc9dd4567b04f891cfebcbe04141b6
iteration_245	14819	71942cdff6db8f24b6d1b55e31891eb3a684026123e6ce50aa821b6d825ca2fc
iteration_246	14845	301fe02599511eaf4951293dd36a8a9b95a9d122226841f3f1e9f9dade941a07
iteration_247	14901	18531dac24018c5ea13c47b956e6adb95116c895be230d66462ed9245c5bab35
iteration_248	14944	a7aac7bbd0be443dcedcf9c0e111b756b9fc8f2f12fd9916387c782a236dddf8
iteration_249	15014	e2b1905c76a0f1f301aabe03c6d7017751fb043d8ac5f0faa7509bde141829c7
iteration_250	15037	456c5e18f2e288add078f308eb06cb0dbd8b1584d4cdfee0b1542c2bbd9095e5
iteration_251	15100	1055e6c5cd890117658411b16570336f232e6dc7e92fa87f84f770b8a83d097c
iteration_252	15150	c3c2184dbbbcb07d15a82f5033021625f382175899c97a7014ff3e8dc013af21
iteration_253	15221	e9e9b9713be1cc2ffc4cfad9be1e4b9fefdc0c21256583f4a2563d2ae2131bda
iteration_254	15242	a4490a30b391884b67a2976dca95f728929aef8e3371215911b219a2fc44f184
iteration_255	15319	b90aa147479ccc0b012e70137cda8c6c00281aa319f4254678184037355eda1e
iteration_256	15359	d0c3b3d1cd0e4f9378e0421d292d4f7c3279a6e51314c82d21ccea311f29d936
iteration_257	15409	cc587cc3a8dcc5d52abb9d345b9b15a224657e53fbac508b059d0cd3a2d93461
iteration_258	15476	734b91c99c617c3e74d8880aed01822699af751dbed71229396bdbcc9a312e46
iteration_259	15522	97c3ce6a5d4a567f945e3223e3d80374693a73634656f7cfaab0457b5ad48de1
iteration_260	15563	143b89f2f40040f41734e02ac81e3bfb77d3a4a921e3dd4f41d154fec2fb6ed3
iteration_261	15627	8804c3885d79c0a152c846f6214fd19b4147275c368d8bb1be8c73913335dece
iteration_262	15664	b4d2c7f1d90713155700df5ad04428fcd0c6522b5feffd45b9f966edd9500fe0
iteration_263	15718	842fa8ab26d9b03c5945b7d97ef2b6518d6112cd21cae0f3122d9183b3ae6c35
iteration_264	15775	200b95ec4fd0f23ffb1bcca6a968fb3fade76ace894b0ac78e1d735b93543516
iteration_265	15824	853c3ee0f31fccfa588d06f1c0f8abeee42aec8f7e13b3fc74aeb928ba61504c
iteration_266	15891	38c18ed2de6746309bb79623343b08de5b5aa7dc6afe1e08c13585f265efa598
iteration_267	15946	0fd999e3517321db05f0a7a0cbb645fecdcf3b3adc1610963dcaaff06453d7e7
iteration_268	15996	be3486643d8e688aec199ea8152f2a5fc83e9003e7598c6f2238da5da0c512fa
iteration_269	16074	09580499fe38e995aa0754269822e0a56909a9f011e10ecd929556642d304c6a
iteration_270	16094	86be21fd8cde13533361772e82f0c2dd8080cdd7b9a7b2d0201e4f7d05ec5217
iteration_271	16183	83203914db0f595dedbc07227b5dbddf642712e5a57f67e83f84c19c9d99c251
iteration_272	16212	9671bc04e4ea0231c350e09775ef59fe8395b99b0189187d6db1e086feb34a87
iteration_273	16289	fa18e38deb675007ab09e80abeaddeb10c70e6459c3f5ec08ce2cd36bff281ae
iteration_274	16327	e87bc5fa239911ad48554a646b93b61ca7109958c734919ec324f5a756a12c70
iteration_275	16402	cdf670a70d10484160da681fea79a11272e69c12e95a009113dc32538cab4483
iteration_276	16450	e6af8a3b90431ce36fe6c518a7b4c3c7958c9da138f3576c066de6a026d3b8b6
iteration_277	16511	2e56d39173a2b77b55593a3834463a00532e09f65b917d394d9e1c24e9cd6a97
iteration_278	16550	db972b3e087c56ef4bf57d10af353b36154544cc790ad6c97a81a7b72a6dc7d2
iteration_279	16629	44ba72a09f783df9c5396c97b17dc720468cb47d071c56e199378252cf9f7f31
iteration_280	16663	6d5447401698286bbe55b2d513c05056ee16f3091bdd6e4812b8d2b79e069fa2
iteration_281	16723	ee65be5cb0fb55d35fe03679b87f834a61b3791fa4ee16feba149270e4155724
iteration_282	16746	fee53afa40c0a309798c2889539125db7964b0319ac2bfeafb39590835866184
iteration_283	16839	ebd1a3999b2bfd6e6cf2bb6573033a6240a5ebf2fca3e8327873667a8e235b7d
iteration_284	16859	ccf4efbf3513f785103445ec13763ea462b6074afa1e1ffcdce4ead2125436fb
iteration_285	16909	d51040cbad9b1a243a5dc362c3e0baa9a713ba1a357dc25ed0d56a7a20a4df96
iteration_286	16955	7af4e14070655626ac6104f42088868ff14a536fd701809aa779b5f24401ad89
iteration_287	17029	d373d3a3fde1525655a6266890ab4d17d75bad619ba850bb5aa6f840466b85c4
iteration_288	17051	5b30b87d9f7c43780f27646d3bb6cf83a2b0c06fb73251ab608a2405e16e6847
iteration_289	17118	f62c4ec0722220ea0d0060bbd72d97dd83be67ab0b2959e40109d977b433ce20
iteration_290	17153	e19decb4d5cc52f7d2d7010b4615c58cf81fda356ed0e9c4a1a5c837609ecce4
iteration_291	17204	c8e2f546245b51617817a51c1f4e8efa666631d466aa487bf06ca8c40060e086
iteration_292	17251	6e7a2e8b350c9be0c25bafdb50c60e2874b2c996fb48bc2a18080a85e24aab62
iteration_293	17325	6280d59f1f72122ca1ca106747adb0a9a1e64f9b62ee6399d947fd1f899b05c4
iteration_294	17380	c59787b8ce3f43ca063919dd817f3f47dbdfb3bc8564126634155481447aade7
iteration_295	17442	9e68a922a060272e5fa0fd9ef3b9697b0b3d12b93fd94b5f6e0a0c5b78299c1b
iteration_296	17484	42cabcff961e010c0fd5eae643f1eed66fdcd5ee162c6dd11024680f47d7f5db
iteration_297	17557	4cd3df0d500c635afeaf9094a3142ac8ee6673fc94a890404e34c347b8fd15bf
iteration_298	17570	999881ad5678d5fdf632b6c73ecf92338eba7b2ec452e98943cc4baa29f3f22f
iteration_299	17628	9643df302a29e9f3fea4e3a734382910cd5f06d01b067b085de49158624e07d2
iteration_300	17663	936e797805dc36165f6aee2e4e8affa2e62b42938c034df1e5710bad24b73f55
iteration_301	17728	1ef3b9c6dae5770698d0358c64158e07e2a29917978ea0e3651ffdb2688e68ab
iteration_302	17764	d20d600d7ea0eac73f41506ff2a502f7069e1933ce9d50c80696ea470ee440f8
iteration_303	17841	f305aeafcad0403b3875ec3aefda553545e8021fc1344802534b42bbcc9ccfd0
iteration_304	17876	0e41e03bf1fede3b7710137cf446d243d192228038762c037a87d1ad86a25b7b
iteration_305	17938	1e5b3d888af057f8a10bbb9554ddb7754cf29e9f84bd601292f26ba85dd716f0
iteration_306	17980	a8f5f095e9705530801d96a6a10e3b790b4b9a7686605d7394fd26efb538d5b0
iteration_307	18047	0c3186e5b12b435af88d33afcf8e6592e3cc534883a42ac97fca53694c930b72
iteration_308	18062	f90691692e4c0162c573bbe7bce44925e696224fb49b8667fb2c62f69e1e4caf
iteration_309	18129	35ca7f75544d115d53d0883df8cd8756973013556e96c3d3633bb255858a6485
iteration_310	18151	182164ee9ee4a55d5bcf36c678992e5d283d51d1dd7f329c6b370a45c96aae1d
iteration_311	18216	79d56ca9bdd5e30d05f48cf9afd3f4e024dd3ce8eaa9e40ee400910d6bb43a50
iteration_312	18258	c9c21a6c8e0f8cf4f3375d05ae45e47ce86e03c70b71d9ba6737f016a86bda1a
iteration_313	18322	0de39acc393656eac7c2f4f22e5f0c044f9e34c5441bafde8637bb7128addbd4
iteration_314	18374	d1b089cfbd0b000d9b9a3e61ebdd1fdec4ef4d8055ce2b82eb888641e2691edf
iteration_315	18442	9c3816e61dc81176b1183602c0c14199ae24dfff19789246a5d1cf0ac778fa67
iteration_316	18474	dc7e18aa6f3ba140f426fd583f8400399e0b613e3a2d32a3dc6718af9fc65817
iteration_317	18549	dfc61dc0ee9ba6de95a3289ffe4991c80e31ae9189a354dc57c90b4158c3a298
iteration_318	18598	d2c8ab1bdb74c6ee99436b886cfe8de278d4bcf6df4258b78cdeb73bd4cb823a
iteration_319	18639	be0de776a5b0a5cb9b4eeaf38e20261ca7c73fac9c4749a6db21d2778c4ba4f2
iteration_320	18677	2a7a6064bbf906c4f9161f02f899dbaf4efc250a1401d5d79b2ba0a40073587e
iteration_321	18749	3d1b13287d454619717b8fbabb989fe1a316ffb80bf9c5dbbddeb6f7c8a1938b
iteration_322	18762	9d1903c27ff0194e9f347458b0a98a22c77d5b29eb2b6dac22a622272d64da15
iteration_323	18844	005a8ff265356f45430553b98a226a2395765ce5f44f5ee1dd9cdf6c1907c450
iteration_324	18869	625a9bfba73e1fe6c07c5c1fe309001d91bd00550404411f4409d8a111a08e70
iteration_325	18936	d3fd6ccc05e6a7388ef0c0746bdef7d85de3816a899d74efe874a59654772d40
iteration_326	18987	6395494628262439ec81770386ed4d495e37bd748e3d831b60f4a840a8ee7245
iteration_327	19035	f9eb6d9949fed845f0aa0b5b51e72f52afe0035ba477d19dc0b9f5f2cf847739
iteration_328	19077	1f10c97df2ef00a3db3df8b215d4da396b44a454264fc1e47bb2049abf84c1be
iteration_329	19131	526732a705984689566808ef5167b47e52b2de1e52e1c37ea03a6123b16f4286
iteration_330	19190	8fccb8fef46ce250dd386a5fd0fcbba6eb5ba3e6302d31834e97a5fe6c16bc8b
iteration_331	19241	fa6f9106d113c8f1e38d87206e7f9c4607aa088b374548658cb764359d11c288
iteration_332	19268	e7a1c1b92e7e583025c9d0feff5e610bbcb61d0bb986921f030eefaf04af24d2
iteration_333	19321	5fa834e5bb38af6566a8e43b19225a4c871c07ad947c9b84c0b0192012bdd933
iteration_334	19358	6e1b6dd193788202bf21f67b5ecf40ec379c6580434dfcc33416c86841f011a7
iteration_335	19412	6ccaa1cbaf7c9f3ce63befcc4c7b789170d427e91d46c067cb81b42b42954fd3
iteration_336	19482	3960e22a806f3bf2f776c53245f5a9c7264c4d71716f099c1fe9e0f2e4519680
iteration_337	19533	6b026aa156bfa931c9946afd81aa1965095d22be1a9d4e12671f0f09fa1bb8bf
iteration_338	19575	63fae878adbea7b47e7a792eba19b9c6de9c342595a0aab9cac76577c88b4959
iteration_339	19628	ad7a727809fed25ac8c29f812b7913b56dd0c8bce6c13cd5c1cf912e6c460b4a
iteration_340	19674	1cf6a6afa024870a0329daedbb95505a443f28b9d4c0db092baa3a0af8cc4d23
iteration_341	19735	53d0e70049c06314488b747410bc327c68078fb5f5048f3d3b2fed601b316e0d
iteration_342	19767	a175015bbd5b8ce909299c600e67ed9700cc58bd12a04d6db3a4097d4cd197a8
iteration_343	19843	9930ccbb370b245dc571df19170f06536fb5e5292dff5f33bf4ce26ab0af2614
iteration_344	19875	bd0998ca2938cc43502f99797d7c5b5918e1a75597b871a84f35dd487b9b73ce
iteration_345	19950	3c110829be1acbf27c8bab351d70922e53a740da19469aa14ac20298f99bb874
iteration_346	19981	2d22db7c638c33bc7f245a2aa99704e39b1f661739a4956d207c3f3dfe789df8
iteration_347	20034	e1409c00ee7be9e88aedb669bf0e7a17e0cdf6cf48f7e8940601d6fef65855c5
iteration_348	20060	51ec55b9d9b62a40bb9a64f51d92b3ff1d0b0087a2a5d17f0d67812a9200f202
iteration_349	20128	f13318e1081cbe6c05eddda3d9e44ab38f9b1de19c1e0c69bc822d12e92819d4
iteration_350	20153	4207ed758fc03b73235f124dd9e996e26cdbdd57dd9350d8c93f41a832de6c59
iteration_351	20231	ffa2f012201bb4e8265fb5a157273ab5b0988d9e3d6099bb0c766b3b61311e3a
iteration_352	20266	b43965d989029dd031cd19d372dfe707829f948ed9825af0b34edc1b78e7f71d
iteration_353	20331	d2e67071e0724664659625e71d26e93ca7e24a4b88efa41677770734c84102da
iteration_354	20367	bd746a9a338dcc0cdebe7b9d28cdaf686a7f195afd3878e4d2f6e3a49c3aa34d
iteration_355	20434	d5b9e17e1481b6968d457a8b7868f1a81631a66ae83940ec60616efd87245ccc
iteration_356	20487	8cf95098212d67db6df25c9b617567fdff28d6c3b220511091998cf0674cd1ff
iteration_357	20540	97f839f7f108b945de06951fffd70d6d25b867557e18a38be1f275941473793f
iteration_358	20575	afb090b8a0e8105d78bbd8e7565bbd5fd21164ffc5389d324d569cb174ed610e
iteration_359	20617	f2d806427c00e9f9db934289b7fcdfcb91b136cff574ac72675047ba4dc08b60
iteration_360	20664	f464a66fb13828d45c570ffb3358b8fef50ae3ed2a955a61bba3416fe2709162
iteration_361	20740	fbe182fef5d6f03d0dc591489a46da873f1844482e72ec6d3060c81290b868a0
iteration_362	20770	e03bea02718fe71f8036115692767b13f1e917e7af967a4910080b9e432a3362
iteration_363	20826	59092c62982e0b32c8396cb9bb8efba4138d43966d09560a354645aa31c1d133
iteration_364	20873	037c0ad156819c1a1a9f83bf476c0bfaeb145a617c744c01848e0754a63e128f
iteration_365	20921	a4db3ecc6f393689624ec174de29a263e23e5c6045503b8aedecedf8209f25a0
iteration_366	20966	71248fd5bfb81d1cc8d12d20aba6c4df15c72d741c5424d53f20c6d26612214c
iteration_367	21012	57570be6ae0ec2519a290e94fabcb1d9141205cd9bcc23b0829d2c30574663e9
iteration_368	21065	985373da1ed2ae9b66d3dd827535a61cf3f0c2b6b8bf8f4afa4360312455460d
iteration_369	21110	f989c562c3a27a4bcfb57ebab541fac63095ce00425aaa4431d1fe7c60d302f5
iteration_370	21147	f7178aee8ac60f8d010856e98c36c13f950e1c67fe48e38c5f2f7d0ca3091413
iteration_371	21201	a30e7ad58a491e8e723785183eb44bcc8adaeb0054fea1683b9a30df9444d632
iteration_372	21231	00e9fd3e50e4f0120ac084d6c049a3dc722dccaa83e14eb88f945cd53c329aee
iteration_373	21337	ca48e06742d4d7bdd74b43610a3c92e66998c251d2cf5810709b7ef24aa2722a
iteration_374	21354	62f526f9501d09678da60edb07464414a5cae5f33b99971ee92a5f3f97d04b61
iteration_375	21420	55c7b554857ddb505be437a90486abd3e3ff5290e99b30b2fad58fd76851ca52
iteration_376	21443	ba637e1350a7b819d218ad49a0028e9608dc089c2aa6bb6512d8711b97c3efab
iteration_377	21526	9ce9698608d8a044f20b00c37df10b388dd42bc5115ca40c56cf5ef6cae5841b
iteration_378	21543	a2f500fc4d93d4e9a2170185517d8df9d9e8af483b38d13d675abe6a141ab88f
iteration_379	21618	075ef21213445eda5ba6d07489c9a5266885fc57988bfc8247dcc3624551a87c
iteration_380	21662	2ffa912348b4f4f6cff51cab0414e925e04ed1fac523173a24b8ec9febf84e32
iteration_381	21717	f7d4de3b13d9908d22f6672359d821c1ba1fedd31aa42990e6a7dc4efcf89e4b
iteration_382	21743	bd784ed98e74b3bad36577b60a739136260778a06a58a30fa5c4c8588bf08f10
iteration_383	21815	6f997055846c662126a6c7cc2044780e385c1fe06f250e6b63748fc0c0e1485b
iteration_384	21850	69fb17466b8c5857a4fd3f4fc90c88c42d75bc5327012318ddd3ae792fdb4e9f
iteration_385	21904	dab350c80122d7edb2c961f752a718dd29d09b0125b9a808151207b9012ed87b
iteration_386	21957	6f0e2ee0bbf1b66d38339bf9e450ff67da2efd26cc5f87e9557a841ab0dc48eb
iteration_387	22011	62b77d015c64be0dc607ed8d279c2478c53d9ff6376ae9545ab2398fe885aeff
iteration_388	22055	b0d2921b6aa256e20dd82f18fb543ac4ee6bbd2763038701ee7598642e019fa7
iteration_389	22099	3735b55b5edcfee4caee554d301f2c92bb90d2a7dae55ea6307db0efd010997e
iteration_390	22142	cdbb9737654c254507c53cad1b5962714b1f270572a6ea9b1885f2ffacffadfa
iteration_391	22227	d91fd81db54def776f1db8633b7199325a32ec2e203358bb4128c427fc10fca7
iteration_392	22272	3e93c63219b3ce8741dc0c4d185288fea6d85e6b64acd712915909f0eb5bb37d
iteration_393	22338	18a492a01710fcdd858ed8b4aa097cb4f4ad28e0c60ca8238b04a0393cbe647d
iteration_394	22381	cb2e4b925846bbb20d07ea0d3b410742bf07b38dffad60f20fafadee1554cbb9
iteration_395	22439	a1a560b9cdcae76634452773594eae44fdffced1258b11a4a82f66631c26d81e
iteration_396	22481	34da603f7227029d2c7eebfafbadd659f05c04cfaa55fe8d2ab3e801f839186d
iteration_397	22530	f051ad76e8146ff47cf500fff3d6a8ad3996f588edf9643594673fbc11aeb71e
iteration_398	22563	916de18ba14340fff968febfcf2374f21ba6d6b058e02f56cd92f5cb29536d8a
iteration_399	22639	d467337cf4f5a46d2b2b6f6f37cc8f681fa40aae2483c6a125681b8770d62466
iteration_400	22686	4fea76abc306aa58139be8c9255c90403c0b8c2a50e770306b210ad3a01c43d7
iteration_401	22752	405a0bece84b55e6a6303d0a1d37d1d9341f5d9d2a3b6b035f9a7f504cecaab7
iteration_402	22787	44261dfd592ba2989c73f1eab7588dfe828ee7b09f9c9418239f0348c494c90b
iteration_403	22865	0acdd8e6924a0d19c997532dce49e610f9e7a937a0f649b2c7fa8e674697343f
iteration_404	22895	e97f9cfffc60c22fff662108751524b36529ae5407dc74e1186abaa6f1aa73d1
iteration_405	22943	597b38048e957e7b6b0b4503fb4a72b8958e2dde83f48035782ca47295c925d4
iteration_406	22970	0c634c8ec51bba0f173e46284ea19a522c192d31ec943f6b4382011fe847cb37
iteration_407	23041	c9e782b746a5882aecd951b931fda40c992a06da34f2a8a41f4f3d09da0350c7
iteration_408	23057	e8d44769fdb1cd766125670dd98823af972a7fea6c80d9553e0365116dbc3c9a
iteration_409	23124	e1da5db76f0be4c98606f61686549ea1b2312d0a53b351ba59f9d57b39f95239
iteration_410	23167	63e7ea4c04744784f9b92ef8ad18fac41e1efa665b005c96e4611599153ee713
iteration_411	23257	a2c0c01373510e8a5e2e00d1bea3cd6b861335770acaeaf0caba52274e46ce6d
iteration_412	23276	95d63b4bb9b51b9ded3b046af6596c5fb3ed48be545246f2405fc5a3e4d60733
iteration_413	23369	54f47191cf4cb252db08fa9ad6cb40e8955f23cc49de6e87d2e470d98815b675
iteration_414	23389	5faaf281c1e40e806366664601f99a310f3319f8f46d3f1c15fb031e4b8aa3fe
iteration_415	23466	2540d0ed3b2dc390fbb61d621f4dcb6eff49bda7cc77eaaf59e962d0376782f7
iteration_416	23499	6ce480fdd0f7542140a69956738ec79654ff28cd5759b3dd1c9ad7ed9f89f3ee
iteration_417	23566	1776c4f716a5400ff3839fe9d02a8c5e04fe10fa45c530b29ebe2978c30ad20b
iteration_418	23618	635124bd730d37dda94b27663e2852cf7d59bbef92214760f39f2e1e28f98fcd
iteration_419	23660	5a62de4c988d26486f55d324bd0a6dc3d7ebf14ef7d21ddc382b635f59b885f3
iteration_420	23692	a25b02d22b666b1e664c123e4d6a286a6b00128f010d28fc14771335973529cf
iteration_421	23765	6d792b98fc73c70b5acb353845ef16f76ecd828a169638fe93c5e06c30e8ba7a
iteration_422	23826	39eb136e7bcfb1b5fc97527e9d7f3e58fc4fd10dd77c16f21cd6d786649bf0df
iteration_423	23872	b7359f7463cf1cd6eeba11dba66e78586b9fdca08fb40e9ebd67a7af7ab3415a
iteration_424	23905	62b1fba1cd4dc89a9a28136d41bb15d75d367d08d8fd280e0b844aad3294827d
iteration_425	23982	08e30eaac5dfaf1d32e275c1b14746b1a26965ec18bb854803628c511329bfa2
iteration_426	24018	7c3c3b7d17b80fbf15e25e4536b826c835a5ee90ce4822434dea497ab8e9d08e
iteration_427	24059	7dad0319b26d6f2202a7d852c7d5ed17b78abd05b8df01eb48ce7e49dbc4e812
iteration_428	24102	1cfa81d0fc2fba515509e87090c894c522c9973c97c5b70e44f7aa6f2137f4e1
iteration_429	24190	1a31f3cbed1886ece6ccdc9417b66e1f4c00a45763e9d32379402c538cdbb9cc
iteration_430	24226	f0d95d93b368b52c29b16a193caff56507bd781e03011b9d0ffd6c9933a4ebd9
iteration_431	24252	abfd3f1b8e382807f53ad0b67a93caf27112b4afc0bda1d2c496348553398d78
iteration_432	24317	2dbb16b08d851007bc33dabaf6564af43070388618baa1d88c61640eb30a0d76
iteration_433	24403	61e49d665dd40cb822e1c3c80e2dec4a2b60bb01e6d8f65476bc93f065314dc8
iteration_434	24439	69ef3b2bca9d6b9c4ecd40d04954a0ecbbe15d9f92f3e637a871044acdf3a23a
iteration_435	24486	8de261a784801b9be5c9c2bd695245d8eefea8b136edf287976ab5826c9abc9c
iteration_436	24529	3bd8bcd502cdb0f3b8b82965ceb5d34c8f20c76b2cec3a37c66b255900c696c5
iteration_437	24604	392274f658382285f36fd0cc9d96a557505caf038f30558b392eec000a6ebc03
iteration_438	24655	f7e4e147e03f24e91cb003f955dbeb88f417e76a12c77d955181f202c26afea4
iteration_439	24700	1221a48e46009fb1cdf0785ad473d3365f6eaefebea6f98c5f413a08148ec73a
iteration_440	24749	f89e93caec2703751d4e87521ac83cde3bd370355fe6c4edf93a85a94f4ad314
iteration_441	24763	c305906e607a8a8c2855170832ddb3ee113072d0f285edbf3ac4e93b6dfec77f
iteration_442	24821	9118e6dae618d5727779d44768a68303d0dc4ceb4eb595dd2403893b15573bcc
iteration_443	24914	a6e62cff1af4a08983e880d08ab8bf52f4c65cdac23f4bb99f6fdb8af184e817
iteration_444	24959	39184841e9b0e8a4a6ed20ba75271c7085a0b9d0c9746c2236110e2734464a2a
iteration_445	25001	fef015af010f62df57d08595adc801b0a247c801acc1987a2d90410b046e2159
iteration_446	25058	7ab8f2f67840cd90383a706c49c565a972d9aeb43cb200eeb55d812462590953
iteration_447	25112	aa27c1411f3724514bffadac09a29902058d172d6f552f2d466407b157aa18c7
iteration_448	25149	944594409236ad27eeaaf224fa16f650b022338f7b3d4a8539ce9d5dd625f7d5
iteration_449	25219	7efd97f02822edcb6519514efe1ecffeee11d37f6e6b1a3bac871fff8493af67
iteration_450	25241	7f5872ba82505c24eafe4657be16a24fee31b39e328cb3c99bae2a94ecbcf5d2
iteration_451	25319	da788bf1f92bfd62f02969f50bfdf977f7b8c79cdcda0b52c885f5a1f606a270
iteration_452	25379	61c964eda1582ef4316b259acfcb445712c9dbcdeb52822c5621b0944a96a455
iteration_453	25403	7e8425862624c6833e78712ca6ccc15e3132ecc6f0a52920b575c1557153b298
iteration_454	25455	134a705a566aee85ccfbf6aaec802a25c7795db51de5c0bc6f282873b612d54c
iteration_455	25517	eb904864ffc96dcc3c2f78e7a2cd22dbdcd0063cb06d47151f49547266286ed7
iteration_456	25571	c079b575adf0db70146f98999a4f1b20b448e5607faaf442c516c8d6c7d9895d
iteration_457	25614	0a9b453acb12ca321abb55bf8b7990d8e09b3e619905c25438b6617d1bfdb8f6
iteration_458	25674	c1f4bd114b46dbbe2ff1d2165af7fc4d78abc2a46b62e9e2fa64d669910b46e8
iteration_459	25741	6036c3ef8467f3cd6da0646b0525b740502fb8498e03c6554469cbff51b5c8d1
iteration_460	25733	7bd829caa514cfbcebfe6ab092429ff52c7ac475c0dff6fe5e234b5afdd7ddf9
iteration_461	25823	ae8d3c9300f3acabbc6cb050b0c750d9af8e13a6b01c1f46ce652c8585524524
iteration_462	25874	0777fca1ca83012b7c0c1ed03674b90607901a0462b48cf2a95fa5d7634a0adb
iteration_463	25942	a14fb32c0a999ee2c5e8f6b5a52fe02a20dab6318645c4c8271c50c7861625c7
iteration_464	25953	6cb4b88fbeb645d1fd8a592771052cc98ad8158812311e5783cd11df8c9561de
iteration_465	26022	c5f1a474e32c80b3508ab1cbaa77aa21fe88b2d149153271c177a8da17f35abf
iteration_466	26070	bea8a46feee4dc3883d476ba42545ce17ed2bd9f586967194f51b1ccae34f1b4
iteration_467	26146	fb078f3a2368c10467854bb3476f1987e807220f5e8ca5cd1b1e68aa953c442e
iteration_468	26196	6282115fa32eacdcfe3e66f2a03009f05bd8d68ac88ae622fa307253b7f71da4
iteration_469	26247	4e02301d6427ffa870ae42653864e72516421a6da4df7e05141f03cf7f4a46fb
iteration_470	26292	c11c6ae0834299e17601e2767e40bed495f850b14249f18d1cc00235651dbe02
iteration_471	26330	eb2fd6c5c06534a70ddb524634377589af42fb9fee651a15fc5c2e44fd5acc41
iteration_472	26391	f4333deb6a6d813219e0b395d35f5b242496e017cbaba5ee91f80fc09dc38e75
iteration_473	26460	083a85ba77cea3f0cfc54309da20752ce3d80fb35b3e45c5c513c8ba3a0ca59e
iteration_474	26509	da921f74f9a53f57643320a09d6b49548a76c0586a5afb7543fa66aaf48462e9
iteration_475	26561	986751c26f2fdacb51a47e38326572fa8038fa5a7a8b16851f60e5d30f7d96f9
iteration_476	26606	02d14efcebaa7ef78b77dab179f15b166516dd714e3774d28883e681dc255008
iteration_477	26672	eb28e4abdcd75f3a4b4316bf8de96348eda573287151c1a263dd20174ed35e85
iteration_478	26703	939718f6f9d1cd6f0fe78395d8a234516e49c1e7853a7c4eacc475cfc5eb1fd6
iteration_479	26761	10154d3ce8a3af1b1ddec2c1674355ccdb93f2322184ef102cd5406ed8886fd0
iteration_480	26837	6027a1fc15252c8bf136fc7752215e8c5a7dc59281c9d96351103e48b677a274
iteration_481	26879	d49e724c34e346488d0addfc172b99c3ede8c9d05583f72fccbe0240c948f3bc
iteration_482	26925	36a2719f3a5e90337e4f603781b3a06e00ab346b83649963f9b060f747abba80
iteration_483	26980	84eaa274a37430a20a5a4f7e2ae5327390425736495b28118dc6306b20bdcd6c
iteration_484	27011	fc817a196ef2ebc1326f5ff37cfeabf62e70120132dea98edc216dcb0529f79c
iteration_485	27062	89427395c2e1ad183d14d5298376f1f9dafb6d89c2639ba034b83777db147f12
iteration_486	27141	724e6eed06ca2cd83bc5d4ef3d315d12947dcd9e12597e84b4e099eb39e1b516
iteration_487	27171	a0c34b9e8dc50824e2e00f92967ee3020e622aea06374377810347aa04acade7
iteration_488	27221	90453cf06226c21de85d26a3ae4e72ed1f404a360fe5e970071316ce3dc57207
iteration_489	27258	a8cd07abeb08507871bd8dc6a231d0cbf2508f9a2a92cf1fc5ade92fb494413e
iteration_490	27314	3488c4967004ffaffe1b204bcf1bf9ad6bb0ebdbee439373e404eaca5bb6dc83
iteration_491	27390	0a67aaf35ef6995e2a1934ab89cf3d53680bce4d2cc04b359c4cef13dc748fa0
iteration_492	27422	cea839a0aedc00031c108a8291bf0b40872663e6e3642393f6efef7f14f91749
iteration_493	27474	af18e39b42e23e79ab13b58122aa3d66f1b842a74dd4f3d14cfda4f0f6f0b554
iteration_494	27550	8fe9eb5029d4d02be77b94d25e51d7977061fe07304f79feeb98b26fe3a2331d
iteration_495	27585	be6d1fca91043c854d129bdafe2909d810a8dad1a8a9f8f2e99b6c98ae9d6c97
iteration_496	27636	1d6ee9abbbe0b9a155ad94fe5a36dd7f957f6c596caadb5900ee63df51970731
iteration_497	27681	4c131801d54ccc3fa0f1e4190065ec29077da591b23c4762cc6c91ba495d0ea0
iteration_498	27731	e78a2876a3a1885efcf09009b6b6565abb4bceeb425f1b6040a9950e6ee576c5
iteration_499	27781	1ea8842f60402dc6464e3d3503672e79e283298e263e9372a3c98736fb55baed
iteration_500	27822	2d43ef9eec20e2b73e35b70b5a02575641bf39db5e7dca93e0fe400b193a5409
iteration_501	27867	60a3324e9b36667b60344035a6970e24ee2f837a1924707d231b3a3e415ba6c1
iteration_502	27916	456bbe0753bcf8fc27eeb3fff7fbb9db07f9a21a2338d80021ddcdbf1163af4c
iteration_503	27980	d53d4af3c98d284ff8e84c3370d1d67a8cc525cd0fb6c7c44af7babe9b5788ec
iteration_504	28008	7c97d5d9e2cbfbd4c7f0ac5499725e9830f79a8597b67ab6716c0a77a15eb3e0
iteration_505	28101	fb63928be374514d8f6e0d45481d3e32c1ea81c41be8cf1359086676a08cacc0
iteration_506	28146	a9b649c47f5fae68cd9fa7b585bf4f81f303244ab67e4a83a57537e0e19235c4
iteration_507	28183	796367a306568319b7aea03772932f0d157b9a4270b994f26b1dc5e16d0001ed
iteration_508	28231	8baa608fb19f74e7ccd4b0a59a72536a7657ce8c3500572ef8ca0ed4a6df05db
iteration_509	28254	575fb0ba12aa8b9c53d2782a7a918b91483739f8ed873fc3020476b085b0ff5d
iteration_510	28337	0b3e89f91a1dd9b3a8a81164469926553750e344db513ff2febbc3d23810d7b9
iteration_511	28390	0bf75552de6f96370098e6d24c8e2cffd2f7981fc1a35f9d1eca06652b300796
iteration_512	28408	056813cadf3e3dd1dc51aec3002a8cc8b4a9cc6cd00ac6b36430f816c68d1dac
iteration_513	28496	734e8d7db0c341634d9a127fd130240820bb558f72f5e3fcdccfd71a374ae64e
iteration_514	28557	4031e6e0465b5c722c28ecdd90c19d5af7fc92dcf95998bb899c241de52be0f8
iteration_515	28601	9b1aa44e234067ab9c7af90590f2a12d96bdefcbf644e9a01784381314167d88
iteration_516	28629	7dd55d61ccdc73fe21b74eb509a8dc8ecefe5bb4dd7596900e05b8028809a6fc
iteration_517	28695	6f860381d1c1d41076f65e3e4391fb263998f088ca739d15accf413bd17f594d
iteration_518	28732	a0b1185685588ec9621c7d1bc7013e132c37ca4c733ea667c7bd49bb0447894c
iteration_519	28805	08281df022608265fabfc9cb00e2e8dd10c66b5e80935b36b74013fd3a84283f
iteration_520	28855	5d1c098457f02192a2c38f47c637832afca04893525b6c0ac525feef6838d63f
iteration_521	28899	9795e588e9eda01f51ca1cdd56c4ad2b86b1a910f126bca24a9a13589ae5095a
iteration_522	28943	cea436d101c71f873d545a0411c0450850b78293c55327f2e466d6f6fd2be74c
iteration_523	29010	87d23ff52fbd53b914fdfdb76520d0a768cf570426831d20c066eb16c35c7929
iteration_524	29046	0a7d43988a1cbc37ee7149d63a8cbd95d24f30d287e7d51545d50b330907663f
iteration_525	29099	33726290039cf5c0bb6317080911a902bffb93fb3a31391f19c2c018a4a58eda
iteration_526	29170	d286ed8735bb0f30ef31fc12079fbcaaa65430d1d8aff21b5f8853b6aa062d44
iteration_527	29187	5ac12bffe31989e0bbc61b38e569e80e7fa836ab85e339e9c7f28b136d7ec2e1
iteration_528	29264	ad439eafeec6f515e9105df4fd06da7e53d454562377f4e089eed950ff41ce09
iteration_529	29303	3a315380435cc8dcf754c9297d5a7964fc0049c53a791335acea70daaa3cc352
iteration_530	29365	6ed815fcc93c6e093eb051d6fb01632d461c85bfc000a8e9bb3022204bf2803b
iteration_531	29420	96257b8663cf93d3540ae1364920e34f04cb0f793fa7a67a678e092e2fe15f05
iteration_532	29462	0c6624adffdfb34fea18fcba052ad3bfca5f9d7f98a6cf5fa705cd27468786be
iteration_533	29505	af50433c3c30674256eabf43526ff34ecd35cf180c90caf6e6a7ae222119b12b
iteration_534	29595	6ee31b289564eaae76f11e310ac55e4c883ef6f1e271f336f9bf820f1c56c1a3
iteration_535	29639	cbce3de0de83a94fdd05fe80d86d5e7aa69bb21c2c1ac72ad04f40bb8257f3ba
iteration_536	29688	caf78383407b3b9f797c8a0d5ba3fb5676d5df0d25699e2132a82e7216452fed
iteration_537	29723	9b04081c54ee55e7e8f857509d75f8af09dc235061718df521823435d8757fc6
iteration_538	29758	4e0e78c4c69413d0f535f491d105a076da2609aa78a649813a25afcb17b69743
iteration_539	29820	49d4192bf9df1e7046815b17f8f8477b284913b6cbd66613822cb9e6bf150326
iteration_540	29861	d4b465c3ca6505ab3a6c88ddc922b709ae1ab5b49af33203c8d96addab4916fb
iteration_541	29922	f545fe5bd6f4b06a5f393388ac7c8f6b17800b9810b5fec72d19067a4acbd0fc
iteration_542	29968	f824fd60138152ce3a122ca6a928ebcb23a53ba39ce4864974c418acbe8adf7a
iteration_543	30043	26a0cb1fe722273172c1d180cc930ad1dc2eb5344a8762fcca8544fa276f2498
iteration_544	30080	ec8d00736f88f4bc585c98d0c49d194344025f00d5de08fd3beefce2d60befb7
iteration_545	30115	c6442e39e732c9f2b5a0bbf064bcb0742725c2adbebc40c51742453494223273
iteration_546	30186	5ce41cdf4dde381c3e389b92e79c6b4e6158206232f1f3314946767457a0f34f
iteration_547	30256	5a0af0bcf1f012f854ed54747329474c74cbf974bbd85e067b8c87a6b23d6050
iteration_548	30290	953f887a1bd269712899f9ac6487a8007f200e490b6d963f8d7118842fb0b948
iteration_549	30295	eaed4fc1c02fb81c305cab98dea79affd369dc659b7019277c4ed77961f03cd9
iteration_550	30395	d098bfa1257934318b5ea7479f2ba6c672ddd00dd0e1cd18aa2e591de8bf4914
iteration_551	30442	4b487b947e887c408472a29322d02e62b0092191f0a29f564cb2006e77a771a2
iteration_552	30462	b6dbd39c4bad3ef80366ab0b5fbedd38ec1ad8637e655382a085ec2d1ad60145
iteration_553	30526	520cc904e26990204619363c70f7ba160d848fd85d9e98a4290f380a4b4a022f
iteration_554	30588	d90d45059f3188015349e68dfd66ad63f63c1eaa6fecc88f65d6ee3c49653102
iteration_555	30643	cb4db79bbb74d374412e94a94f71dad6c9b25c11ccb22527e3f71920da609589
iteration_556	30710	4661643cd35d5488d83532fc1a311e99ba449235357d131255ecbef676cbdb05
iteration_557	30758	802cfafd11e52daba5c65018b0956cd3090f001f5b91fc21a8532c6b407f4358
iteration_558	30772	66d0f7be819f2a86432285798460079c4a6ec7cd536c8becd31fa160d72f0292
iteration_559	30853	988918f98b967d06a6ffed86d14ed142ac6ebf6a4b1754b92990135dab84b754
iteration_560	30896	11a16a40accc7b5319c04129ac86c04cf48a28040a0e95e09f398bf07a00932e
iteration_561	30962	525978c8f3dbc499b3a346d9bac481cc79cd8b896361432b654496135b21e592
iteration_562	30993	5acef41753781ab47c0af92c89be091f8e730df66ac2d66024525240f608ab45
iteration_563	31043	c71763c0527aad7d0d0fd75523996cf306556b0e688597b9c6c6a638b60f8256
iteration_564	31050	c79a0894dbc30a63f662fb23cb6db0714aceb21ba86c8a9c6d39e5b99cb4dc30
iteration_565	31164	9a9433dc0969409a8754f4cc408b4d963368cab59939bf8a54ccccafb4eaef5a
iteration_566	31210	089aa7c1c061d09ae2fc05964ec91daa95d9593271dc37fda746a0b7eb18494a
iteration_567	31258	fb5f0dc7a899c2d00346dfde982e37797c800ad8e3671e8953cfa719f1eed5ac
iteration_568	31291	989ac3fb796cadbe45f9b2ce5d74c8056875381e842ec84f85270b4c97b5cbcb
iteration_569	31373	7c59a0e209a0bd35aa85d5e33ea4cb20f173b358c3124d005e21691377e5f010
iteration_570	31415	e83586e196a3392173ba1c3c4c769ab97c071854124e8f276fb0430a4264b7ca
iteration_571	31492	e2935cef33985c28d452ed1c667f2c66a2581043cf7d424b0fefa58bea07c710
iteration_572	31527	7f7657ec86c3abf60b770502ee490fab0f2c1aa9192f200f5220ecb710db4c07
iteration_573	31595	1a8c1c2b1a63bb608dcbf151876bea76f93ed4020dcd9396ce53f51b9cbcd410
iteration_574	31646	093818c29c98a0ed8c110decf73d7c76fd8010a67117225360102aa9a8269091
iteration_575	31727	03b15f6df7923676c20154f431acb7ba54db6905e03a291a48060ba009e267eb
iteration_576	31759	eb113ab4d506a9b40da6863043088385ff8763dfa66ed3d982da6ad3a30fa3cc
iteration_577	31829	16d41fdac4f0162844574f2ef1c5ef2c73f5e3576b3f8ed30c3e820f207b1733
iteration_578	31848	988c0652714213a5abd5f0ee06348305bdef67afed62cf35efe479571b18bde5
iteration_579	31941	a2b2b756dc0d5b27926d9e6dae901ac4ee04ec15452bf159eeb43400854c8abc
iteration_580	31972	b5c640789efcf18ff84691b5cadab37818e6db169ef9e26b771bd16da10a3a9d
iteration_581	32046	90f4bac1297dfdaf240e6af6bb3c2fe5557781f5458afd7b0d34edd6c5a5a59d
iteration_582	32086	112bf2934b0c3faaea381698757aef9d2241edd8c6b4c689f67eff9c127bbdd9
iteration_583	32158	1f256d3ca7f79ea4ae1bdb8d573bc5442bf98241bf6548f0d23d56e4136e9d49
iteration_584	32223	621f2c70795612791209a941917c80e43bba3bef6eb85ed8cd3f2a4ff7eb745b
iteration_585	32244	11f580111aca4a3c6d2bf68909e6806526c14aea6b6e7438240f4f6170e2e8cc
iteration_586	32289	afc4b78f6397ad831cf65db6884b3d5a206e7a1a4e0b0837b13120adceef7b71
iteration_587	32321	df7299801dd99bcf207268082042e8aa4adf125b0b8c402f570b1cf5fe14bd7a
iteration_588	32366	6375f5ed8707a73992b05839585bb5d09355449c6d7f5ff43fbf538156e8ea03
iteration_589	32421	d6f7529b2aac629153af81e452359b18901ce292ff1a6c524ca44d7b119c64fc
iteration_590	32473	eca7627b4c309ed6b638dd7f58c0b0b7d790c97cc3edd757b44fd3fe4a42f942
iteration_591	32528	c68659428abd6027c738c139e5f654f12e3e9465c1d78c7af67e01d5509b5761
iteration_592	32588	d5b0682c3edab8fb57fceb484b0487e6e66b993cecbb9aadbd2b4babeb0c8ce4
iteration_593	32645	993a360bae799b1e4ec653c2a197df863c5f430573f7fe0bc3b1f10495e2e5fa
iteration_594	32678	015dff5e6518c45adfe5bd26f8c397e173ca1d76a96fcd2ed63a940567fdfedf
iteration_595	32737	556c05d4d7d00d99d442dd09c01376614504fba2a044b1c1c6c50e45dacf2bed
iteration_596	32780	a36be3523856b24e67a87be2c895c19d03d805a6b40ed9b54233588a3d3bb99a
iteration_597	32840	b3e1b2c19ed57a9cd215759c9dafbfa36a51f9f54990b95f41027d3315ec9796
iteration_598	32886	c1537cb50845701351e3d27c226d93e65d8be95fd5a35fa679118064e423ba42
iteration_599	32945	c009b280794db67287198095f75c9b2d5806988739c14fff73732ecb1419e864
iteration_600	32977	cd73a47cac28ad2ba094abc4392186a518ba9dea0b4fda5886f56e712b6cdaee
iteration_601	33065	9e51211a181952cca21da95f78dfeeaa69192c603b3bd248ae1a262d01f06f90
iteration_602	33093	6e3a149e8c7d4089fa5205a42ef4efb319c4d0e33b0ae8ec59d5d3e586ddf7b3
iteration_603	33149	a948aa6f522b9b0f4c6fa11fded7a31cf90c76862fbf52c7992ecd648c413238
iteration_604	33173	a59a30d7a776108e71623c4cd1953f150e75b89a80ad8a207c49b09a97406ec6
iteration_605	33260	c40600799ccd8c151de630bad2bb9516a07a7c420715b5e59e06bdde39711204
iteration_606	33295	43672f476f6b4b87ca0eb08b4d0bf7bc8dd63c478a0ce9ab2db3f5605e35e483
iteration_607	33361	1efc0937eaf47bef0be13be7b0f9bc39a853900def579df5f99b532630e71192
iteration_608	33385	8643f83181769fcea13cb939775db91be1751a7a3ceeecccf106e5d6374f3cb8
iteration_609	33454	73dc1fe20e2600ec216e44a0a47a93fd1927db2e772ed8f32150c24d96cf75c1
iteration_610	33472	0c2c365e8392b9fa3879e88cf3bbeb4f1b1d79dc5ea59bf44fbd59bd9f55a11e
iteration_611	33530	26847d44cf983efe9f5b68e42f37d8df132b95f9ac047011d9004253768c3080
iteration_612	33572	08c0b4f5789fa4736958a9d69e21c5bf06e9d9dce8c21d9e43a89e3404306124
iteration_613	33660	453515c39cbc80d17cc3b1e6e2f4159be3d36302312b382bd6496586b3e5fdec
iteration_614	33695	f8b36e7cc2981785c38a408a062a448b1370aabb5f340213f395f554d57fb45e
iteration_615	33760	e579df31a7adf41d9231cb3acebd3f4084640f524eb225ee7fd5778a629791ce
iteration_616	33804	1627fe917df2f4074dd66f89bb03863e5fb5bb558bd9cdd1ccd9db6ed25fb9d7
iteration_617	33857	3f4102b560be692a072e0221c6c18ca089ab550f950159baddbcb868b86ea4a9
iteration_618	33883	7a38a8b59f13aaa58764b42be1d840169be6d8df937d774bf270e8fcb3ea9c98
iteration_619	33952	9ccb2559dc2b7b9c484676934f75b857b9cf8572580d35ed9ef0b674459b161c
iteration_620	33986	ccf6a4ddce388bfb76dfccb0d32072abc8fff434d585802c8fbd02e80cbf30c5
iteration_621	34052	8dc3c9425a8770f9cc2e1df313a1d32f38cb9ad2fe4df74c8df507b55025cf73
iteration_622	34102	99454ce34138585d16a5e174b359f769bc15553bd77c552aaf419141a12132d0
iteration_623	34143	b2f8a59a1ba82bdd9e9ac6b406266398c955c29d15fd63812331887b262468a9
iteration_624	34185	b380a0b73c51f2f30337c5704dbeb2b6f38ece8a8c6535a3f1f95f6300aba62c
iteration_625	34251	47d1c4c83448f9b547ca5fb55b55c2c5f0023f0a8eea7a4a0e51f17f6150d7f6
iteration_626	34314	7e5b2f5cbaf358ed40ac6191f4e7b85bdeb4815927acda6516d9b3f06f3c90bd
iteration_627	34322	a3f619dc2fe4ca5f306441ec6d832dd20caa4e12854759e606565e910ba92768
iteration_628	34361	e3d3e4e59eb28d63ee26fb896731436f961080a6f2b0ca6ddad054a7cc23923d
iteration_629	34467	18bbfdabe8144c870569977ceb71f75916050578ef04bb01823963dad80b9ce9
iteration_630	34495	1d1ffa1e5753f59848d77d2523fd6fb8ee8cab27d0d900be903bc8cb406ee5a9
iteration_631	34531	b15fc3a8a09663dcaa9858a4b4cf3466c4db04ab06f82ea82041855adaed4806
iteration_632	34575	01ec1132d6d4df8fbef665faaba33f948f1b53020106b24eb9b87e963aedeaef
iteration_633	34668	13dcdd3a3ad1589019206b0a68e23ea70e3ffab6301d7af746c13fa1d7652dcb
iteration_634	34691	7d48cfa0f7c8bf9b84fa62991b57df9faa339568f40ea656c20ef37927940a8c
iteration_635	34750	cfbb7de7e94a84d0cae42d4f77f7121cca4e1cf8534d05f741a861408db8747f
iteration_636	34794	f2bb6445302d1506d5bef9f481c2490b7fe90be4218fd245c9dc58bf06f2efb1
iteration_637	34869	d59a24e976a0273ab96ca37984418854f9f4f5c7aeb994c0ea7787e7fb045f0c
iteration_638	34877	d3c923a10d36662a1b2a5d4b6e313a57a404d4292d8d75892685374785018960
iteration_639	34979	e92f082eef8bf76ef7962d38793f1f0f5f8c3690240d6d247397dcc90bcc9066
iteration_640	34986	a3356d8c556010094244497dfa944d95c5285531b0c97bf1a47afb9fa7270ccd
iteration_641	35047	3da798d0e726ec593f27bd446abce0c20b5b2db1c727709659d901958a83080b
iteration_642	35095	3f87118ac48e260d8f329c7e682c2773a5fd32e87710058a89857ad3d32d2539
iteration_643	35150	98fe53c4341092b1e7c99b1de9a5ce7ee9912cf41be8f7e330f744cf1f3197e1
iteration_644	35190	687f0b277a08eb2b6fc5f47bcca2b6eee9aa99b6f6d6954d232d5fc106e55fd2
iteration_645	35237	8954e5e1dc99384db5012c3ecc067b2641911e725661efdeac980f8275128ec3
iteration_646	35296	a40cb05e4069d3fd35c5942ccba9ed426faf775f682ce74b3ae2c78f225a91fd
iteration_647	35343	b82afd210f33437203e7fee17f4cde8825b4544d6e4eae55aafe19e9fd3035e1
iteration_648	35386	3db34689fd0b17ac429d65c17d973d0d91baa03fc68dad3c1a29bea093ce8fac
iteration_649	35431	0be3873212214d17cd0f52d1da308f84cbd3253aa07baced831ec095796804d2
iteration_650	35456	5f14aac9ec6bff4f7797a4a455b1a7434adad26e94def3fb2377922180b57870
iteration_651	35497	eac6e03d7fab293efd03c836c1d9b916d09ca132915310156c74e4ef9e4dc559
iteration_652	35575	cc236dee8c734caed21ead7b0fb18d6745474a69b64e38a85d52c9ee91a368cf
iteration_653	35617	1be4e883a052aba7741d10f4cc279d94b2421392018537699318654bf09b7e8e
iteration_654	35689	362bbd5d12da796415079d4c8346df30bb765cefb99297fafd9e04ee3255b806
iteration_655	35744	98bcc571759e303e5d223e8535bb6c5101283e26ee7dfa211b195efdf65e1970
iteration_656	35788	7675ad8229f6f384c1d63a013b6e67299ebc8ed2e35989a166ab527a7897818d
iteration_657	35822	53a798c0cb28b87cf327d2836e1edb05beb7cc53215258124a6607ec21fe73e2
iteration_658	35862	fd91999c85020cdf9c7598b81bc0f06b030bdfe657309dc4eed584dee0b61d7e
iteration_659	35920	659e80be022ab6d47c7cc09bfcca40afb8d8e30d38f4a66de51c133daf242965
iteration_660	35998	564c2ebcda3de46e5a1ae49bfdfea2a6accd6eeb72069d36f9b9c28fae64436f
iteration_661	36042	8500f5481f7abfda70ac848dafb25207ee8b07d5f9aa3275510543c5ae199993
iteration_662	36061	161962378bd2ece8af6a7cad9d7db4d5e07f3ca5107d34cfd36ed378f5e3655d
iteration_663	36122	fa6165ad3ea56b93fb2aaecb7841ae84e59cabe57ef651b8987b17f563ff85d0
iteration_664	36159	102a3d94ed9f4ec5a6615e36494f717c53b970b3561630f0a048dd9470648496
iteration_665	36223	89b0f22231b5fc292f8693c6c3f23c042567e9aef7a558ea725bec200d870285
iteration_666	36255	409961e66217c348d529572e6737766ca7a493001bda5105af120694dff28009
iteration_667	36350	6b567a1465cb43f3e1d1b27d8eeed444bf1f36e183d369a797583c6118a5c902
iteration_668	36386	047bf302e0225e1f39bba95408f1997f9f3308f99aed7a902a285ae1960b5fa1
iteration_669	36429	c0326366cdcf6d4708a349e3e68b5816b8b1061146836b78b4cc04ef6d90f926
iteration_670	36460	48d62e4fb88089d1727512f0d06703bb44166f3fdd2d7664f0e1c197691ce876
iteration_671	36525	f02428dd4cc4839c1785168887a95fe765796b463ba7ca3d403c824adb6a0477
iteration_672	36565	35b37e9cc5185694c22908b4aa0ac209a41a5af1d93f8806c208040ed5ad8a26
iteration_673	36611	614804797ffa1c57bdeb292fd56a89774491aacc2c549fda87b3d850b7250247
iteration_674	36646	8c8d0916bffcf9193d8f9246337ee45edf4ab50e577f6edce2ad5873204a7df2
iteration_675	36734	d5a45a10e861b9f1acd6a6ea9844a3d1adf7dfcefcc3dcbc9b4daf77ffeb9d41
iteration_676	36771	a0ca8ebd4ea6dfddd6140cfeafa119159d67271c218429a8c8c70e4b15dfb8e3
iteration_677	36827	df58ae402e272dff08dade20f2adf84f62d093cd2dcee5d86e7738fa680b7a02
iteration_678	36867	0f37354a3010904cbd9b9eeae7a979a3dc5fe7c2f63a0bd51c39c542c7e16750
iteration_679	36923	ca458d27dfe80617d0fabc214f99da84e540fcd4071d7020f246fd17ee63e423
iteration_680	36953	95a21d02f98cedf6416ea3bd68f30094a78e0c6c7a015dba47133597e0cff81b
iteration_681	37015	47c72c94d85ad2e58a2f4087cb536da0e3326dab41a3465be33dd91d3c985acc
iteration_682	37049	a41fb38185b04cf3bb3e61846b97388ba298354a2ab826d07548fe8c3d26c7ec
iteration_683	37148	52a19ae33173a6cc04aac5c14d16355e4059b81a3850517fac1655ea98750241
iteration_684	37155	77595d814fd6f3acb9b33f091b959102e8c11b3fba67d0f8adb9760911d232ce
iteration_685	37238	ad84c0b7177d8d13b31220174d3e49d540d9784ee4bdc125a58cbdc98e045e17
iteration_686	37234	451be61e4f549add19be6ee5c6571c51640c221e7fb7cb2cc5a878678ac09cf6
iteration_687	37316	642e7c000b30e47ab4f60dca5dfe063e759967c0c43f42bc0354cb9a5d78068d
iteration_688	37314	4508758e9c1bf9269b8cd8aaa11b3d9ba4cc0bcf671fac3091799514cc49ca49
iteration_689	37403	a6a6d3717f953a266d3a6b98e9bda5b3eafab95afe3efc47e417bc4694fe05ff
iteration_690	37450	8e942b48ebf4eae7a4a510f63a212b740e5253ecee66101bf8b93cf7787c5a96
iteration_691	37531	6c4c9fa53c1883404d016ecd48c34d294aa731af5de2c5c45cd434c46b42e6c4
iteration_692	37565	4d74ced59b3852bd8c0d4f25cdbace2af1662ef93743d2b5aa79028824d97c40
iteration_693	37630	eb792c60b15ae0bf9f941fcba1e2645a614804d8b2b1dcf737d33effa2239068
iteration_694	37656	0290d22bbc5ef3d9cd85d633283d1fbcdf043639818f9f7c0940ee025f865f37
iteration_695	37721	870bc82d748c9adddf92dbd61052949ddc83f169251dfa6a072fd9ed73238654
iteration_696	37774	31acf93241546ef1fc2101e8f705d402a4e7215de03b4b8a3023f213dedb7fdd
iteration_697	37839	8aa7efe0308ed89c1d3234ed8c987adaa8d8999e82644ed99c0dbfc819ba093d
iteration_698	37877	88cb72b411a45d6b2d15f3682dd7883f537292aa7571589d02dc56e03551cbef
iteration_699	37915	f48929f4c45ff05115322eb283ff9996464908034dcf2c98af49f5b237d078cb
iteration_700	37981	2907e70bae77eaafe3605998515a9145848d25a4aa94606cab3ceb71960c1284
iteration_701	38030	58dd87d1fad3ea263afd31d15902ba32223a228a97d6be0494108a7856f0b102
iteration_702	38047	2733ef68006736bcc2bdbc4d1ead3092970e1db9fcdf4c2672f0c53800c96882
iteration_703	38130	51183333cfd3d73c34bc9b06b8eb1df0ba73303936a630bbb4858dcfe17f3133
iteration_704	38176	7b3ad34d03ced78146e4d1ffec1a18ec4f87c6781a1036978b75b74e08bf2b6f
iteration_705	38233	62647d0cb53ce0d61539403bcb39ec94c7e303fc29ce4a2946a509d91e51a50a
iteration_706	38269	94c90519ef1ce107ac930631cdf890e29d4735b30b9f3ad2f182ffeec6078bf2
iteration_707	38331	cecf0b9b8780d405d28533dfe45988a3aa6ac41f1a9d02c6752ae8dbb2f7232f
iteration_708	38365	c3c479dba73874f1e81b32b9d71183cc2eab60c4fa78ba1f436087baed966487
iteration_709	38421	d38fe4055610918200f4d2ad1be4cd4969678cae6a6a9bc37914c7cef203713f
iteration_710	38474	6c7018aab5e3ea7a562b95359b31ad7e93696da7acb71f4d6b6f879883ab61d7
iteration_711	38530	e819994548ed35136b28d62e0c1ec457d79249e30e3dd47f9dff01e67b4e3fa1
iteration_712	38544	1baa222b8e5f057c22d683a23ece8bcbcc989323705ff6724d115f9b25e501ce
iteration_713	38633	f0ff5bb7c373d457b54cfbdd5e8b414452a0ad6421ac1d350b48937b13e285f1
iteration_714	38673	5295c47cc886b20da7d2d51f2e6d6afd29bd53d270c8a1be5505de243e150429
iteration_715	38749	90961ba063adc5fe52fcaabf6e38ae96f9fad6dc76363b7c4ad42c30050fe8c5
iteration_716	38782	72efa1377bda37fd160fd7f6df2777ffd01c0f08bbc02349d65d195fe72432a4
iteration_717	38838	66d6ff1474eeaa6578a476ba0e42af784f58226a49649ac2f91227ae8d60716a
iteration_718	38910	0cbd8e29c47960e8021c716891c23841ee202fd362cedde71486826c62aaf153
iteration_719	38938	90c086769dc9d38117c3cb7406f095af96be8cd23dc69f9d5bf2cc2d933baac1
iteration_720	38971	3591e1b73fdca55efedeec34e4d2dc38dc5a02a81bdc5cd2dc69a66c15e7aa95
iteration_721	39001	86f6584c13c0694b51a6c1d9defdba0b99a3efc0cd4afe0270fbe0f32ec0a649
iteration_722	39090	0cf46b1c999a47535873b486dded95a9aa48c343d03f0f7b368a6e305254e225
iteration_723	39179	af08485a34b63b1bb1e585b84853aeb91cdc423f0821c6cf7e085eff6ff7229e
iteration_724	39172	f819fc4c260b5b9548d2faafaf71199a9a114222c29bbf634d30ed876c3d5f0f
iteration_725	39261	09b4abb1745c83d6b022239519cae09b6aed4f6a8c6074a7abb93dc2468e3d1c
iteration_726	39284	8401b9835219928645c86929ab559957e643357a1a82a270b28c100b294712bf
iteration_727	39347	9b4f9eef195ffc0d9c85659070e19378d7adff7202eb86bd804cbd993d3637ed
iteration_728	39399	8de54cecc78cdbbbc5e5d3a96a32e520a4102fca927781088510a92e2d9a985d
iteration_729	39453	3c6379d55f017bba4db77716f25b02e91193e3bab7c6a11335224d1268695885
iteration_730	39504	5598437495b6925602d9b7e4bf163e1eed5920f5f607820617068365100f6d08
iteration_731	39574	551c0257e50c496632bc65452442bb11033ed4dd1c5f067a457813b0862d727e
iteration_732	39605	28273a0e233df5c810c791afe5b41f9b5d5e99b5e0b8f44a17789086896476d7
iteration_733	39663	8a177ebf4a30c7e1f7e22d04ea42d34c001c9f2fd2ec5370bb3321f82720832a
iteration_734	39700	1fbe6011add94d7183e53a603fc685347505f6a448239dd1e1367c9a4e66945a
iteration_735	39757	17185ec10774a73141e2ea629625e02d19f89fd57f607c88a12837a1ef2527e6
iteration_736	39842	120387b6930444f47a1103ce40fbbfda9d1718c9a155c48ed77d9b680594d05d
iteration_737	39846	8c98ead22feb10ed3a1363a9ab08011a93c04522e8f206b1f49918f46dd33e41
iteration_738	39913	1d4b4dd3bd2822c7ddccc66262ececbcf61811c0bb89c331a7e07819df50ba51
iteration_739	39950	35b729f6544f4a4c85c5fe303c7c209c5339550135dbcf89c31afe9168ac9acf
iteration_740	40024	1187c7bd0395ea6b8ace92bf38d442b7cda620a0815a7faa98ebec3c0b1815ed
iteration_741	40082	feb9ac00ef17c1be4a81eaacb59d7033425d62c565350abec43c0bba66789998
iteration_742	40113	a152b23d2b3688f44ec17652a18cca340a76fb4464f42d32c3806fa34019feed
iteration_743	40159	05e79cf0604069423940f0f35323d52d3f079f62147d26286d88a0ece8a1b38d
iteration_744	40203	51fba4aa6fd6af843b90c20ec94892e0d260191df485cd7453206e8cd1f31ff1
iteration_745	40251	33e874ee93bbca3b5c8e2b06d6ab2b22c3381f7c4c6b061db5f8cf86111c5548
iteration_746	40296	46b5cdf3852d4bdee962049a957b1b91055ee47ce883e72d66805b70515798dd
iteration_747	40360	5294030b9eacd1d1b9fa8c294f523cbf12fd09ddc6c34e65126c357ce4b1a92c
iteration_748	40387	08e4884599f04508dd465d276f08983900b858e3e2b01ab9aa6b13808bc96fee
iteration_749	40450	1430093b057e4434efb5b6487b6bcf746d97e4b1056446780757f9a4356ad7b3
iteration_750	40516	be78ad95de58142d60ef335633e4ef57988e530a32a7b81943e6c08ee6f81dd2
iteration_751	40555	73634a98c7b88fcb1104896ca906fc3451a3c38c743ef9a71adf3bc6651b6005
iteration_752	40608	55d8a5c1def72ac2ba0d8438c6af824bf7d2141f2d795855b733ed224eacf5db
iteration_753	40682	6a36544cee25d830d1039bb5db8bbef309fae5e6cf272a81c8f447bcc0ed676b
iteration_754	40720	ceb24c05da010601e6e67dd687d93dd858be189fb3c985c288e28b696d7a61d0
iteration_755	40807	7d207ef6d2b261b9327687118facb6c6780075b909a4e3017863b72125dd2048
iteration_756	40849	57f60ac58d03c760d0db7d9e7dc581f036a3417a2f2e2044937a89bb004d43c2
iteration_757	40897	c9b30d9f6c183fa86d65f5803eea02f81bf648b7da0c7b34806533d680dca42c
iteration_758	40944	72091972e4be16295351c9d11da4074489d96ed48137d8a1f1796985e30b7968
iteration_759	40998	425ee65e0fdb0f3eb4e106a48b6061c44dc4d0d2daeea4064558c2cbffe6ce7f
iteration_760	41039	8bbc7c7e8e7c5f9644d23d6c41a18e2c5e15af554ae9d92948355fd340d4b89c
iteration_761	41115	182f4a6b9a07144e6612fdfc85d8652dfb7083078b10b9009e21998a18b83179
iteration_762	41150	d67c23cc3b9a0ce935be10393240e2d2c7945674fd513e03ae3aa2b78bb57a59
iteration_763	41162	9a11e9ee2baa415c5cf5977633d568b79cb4a0c345e2782b781668599fe80907
iteration_764	41224	1b773fd332ebac6d82d9d6c488ad87110a723131815d686745ce545aba5b2f1f
iteration_765	41292	efc15f5d903e0b773722843f7ea39e2acfb2695a31293a008d380b630a7466c9
iteration_766	41320	7d4dee8372dbe8f10fcba5d37a07009f1ffcd0b8c073121392744dfce0578bda
iteration_767	41375	1f0785bc071b758c1d28311872191aef81a0dbd3619644825edb21bf7bf3f809
iteration_768	41417	383568a630aeb9fd81bfbac7ff7b1ae3aa11ea4c3b22818b70f0738c3c6d7253
iteration_769	41490	a81d2780455f765c8bef98fca39418aa6e3a5f2117778633c90ef6dec3de5b9b
iteration_770	41557	cfb0c869553c7b358a3f3dc302a445ae93c84ede33655ed1110a9da541559223
iteration_771	41609	8486370769f44a2676698f9d16afc2dff756c2e3ca62a0592c66d174e349b9d1
iteration_772	41642	3c9cb487323b451b7ab5fb077c89b4f1191bae0ded522215750888e672bcb229
iteration_773	41719	a27013b72a4af50e3112f44051f1a5ccd0a42684a194e84a719d85734cede6fe
iteration_774	41741	cb530f68b703673cd772f359f8cef9f9214e529d165a5b1b77860175efb4bc09
iteration_775	41843	e297186b3ad8476235b3864dd4e43b754926c5f83f024917851abff8b65d9c32
iteration_776	41846	6485dde93737b1f972a009ba77d48c420738b3dfda82b1027033ef32542e7c73
iteration_777	41923	69c150fae2d71f9c516cd4ef4c868c52525105c713e168766f39aa23c7371d58
iteration_778	41948	6e5cd0e6f279171851284736a828291deb6f468e9a673f9efcdc3894111f9b2a
iteration_779	41998	2d9ae33d32518cb8c33a76d5532ce6a5d8b4c37ad19347409e5c0a8ac50b8c0b
iteration_780	42068	f2783e99eacda30c2a6423b5554e94f56967749699dd1d9417e9d6aa5fd49fb6
iteration_781	42129	049aea755fc7788a807377c792b2b8d62c421811627f338cb8fa925463a49947
iteration_782	42188	ed0c852a3a8f6a54b260abb1d8114fba84e188434f9c28337af07c192983815d
iteration_783	42251	787f73f3ad119636f0d9ae5b8167a32e406e116d067081653d6d4a9d7958baec
iteration_784	42275	133ead402a52a80794a32dfdd912f07732f471e47dec764273d259305992f7cf
iteration_785	42308	02b60b0dfcee7abca669305da929ba5ed3c47e14992f8ad464daab02aded66d3
iteration_786	42378	57094dfe7d0fa450beeb9937be1283d647107288bbbb84bf8a6ce5615b7dea96
iteration_787	42417	547688b871d4a53217b4e3bcd0f4a09c39efce67719a4427274c5b706d1d81d7
iteration_788	42452	dc653c3d01dfb5e34614d7549a0f7d6a39d91c831f562a69a3367e87322267cd
iteration_789	42511	3d16606366a553d2ed17e9770980fcc5e0084c041916db3862c247fb62473d9a
iteration_790	42564	e5ae1af710b100a4ac6323827ae47a5426853913224c07d12347a79f0e665dfa
iteration_791	42617	08ab172190ab6fca64a9a6d9e0fe3ee476250639734645fba20547e881ef825f
iteration_792	42660	2f027f55f4126791875323cb5a7d954f67486750436c987125e83a428c7ffb57
iteration_793	42711	701bf77cf702b45a828eba94141566d251c9b9d7bf6b0eb077012dc1a6167e43
iteration_794	42749	868218c83b0b49d938dd47fd282541cf3b5cc332f8843c2f080ea3e7913764f1
iteration_795	42845	0bff0ba86fe88c6075d1f8cc6209170daaaec9d70845fec2fb8ba10a94d042ce
iteration_796	42873	a4fc4a1a612a5d29261e74cee08759cdb87701973f3cb426bcc9cc8a7f8222d0
iteration_797	42947	19ec5aa7abcedb5961c92e7af5c43e065cd5573d79b51e43379426dd52db91f9
iteration_798	42951	ee9291294add9c22808d2f15b21889d3694b2524e8a40b0e4ce49593df57207c
iteration_799	43037	d32c14c8e1f0d927375cc11a65784ef1f54ac7260c4aed3469c685b531b2c325
iteration_800	43098	e189fe3abaa424337457922a11c5f054c8dc8b96d1ba464150082843b77e2b80
iteration_801	43144	67b0f73bf0f450dc6c194565c40cd6b73b42bbc9b6fd5f4b7feb83020753693d
iteration_802	43151	5ce52c06a3e5759369652578ae8b3bed024d7552cd388e146d1b9bc90dfc03fa
iteration_803	43205	8c65cb8e5dcf4325b85f0fdc231c3f8add4039bd5e8889012d6aee2e90e7fb74
iteration_804	43289	ccc5b7d409c42af7b6d176e1a992d85b15c109687783db1f0f55cabae577f26b
iteration_805	43334	652dcee6b9df080c3965c2043e9e8b42596a92a27781399152726542ffef7948
iteration_806	43383	6bb83fc2ddf825c6f355d8544aeb1c4c03174db4cd157d97c6bed290e190abe8
iteration_807	43422	df96638a9c457083fbdf8ed5f9fa2b3a7584b0f36c25437b7a2bbb2ed30a587b
iteration_808	43491	85a89a9f3fc0f8b3479f58ad0db0ca7722fd9828d0b94b87027ffd157608be9c
iteration_809	43538	610f66a1ad8ace860a717b78fdec1620cd749f42e1897ea4f1544e93074e2ef7
iteration_810	43604	da5299e3009a7b46015bf0a73a387787aa2c29322b1679ab8ba2a92fbf4c6e8e
iteration_811	43640	120af76b9e7609ea302de9fcf49431c49dfbcb8674dcc854981cf5ba0f5df856
iteration_812	43690	af5ce03708073eafa9580bbd0e451c067cf17d6fe81ae5a172c9bf1702f81ab1
iteration_813	43748	fe9182334c0a30242ac5312db20bce5e215e9068eb9f260e420c33744cc7624c
iteration_814	43793	883e1a1e17e37b9b62972d65049340703ee36f9e26bc7f3fe5b86b0d3be391cb
iteration_815	43869	b56943d7c52bff5aed71113124905de7d32ea7e06a073a9693e9231cd1915fe7
iteration_816	43908	25e07fafabb7df4b45562c35c366e21982729229740fd13d4bc09487e21b9f64
iteration_817	43942	fd3efa9c115da088847540fdb7fff84c2b208eba0066c2cc925dcc9d69a77164
iteration_818	44021	3948fde065a2f731f221e259e22da4ef91881f6a75b57921dfcef52bbdfccaf3
iteration_819	44099	b33a4789b8adae8b80a7551d184641e5dda66ccfb13c7afc668a9987acebc961
iteration_820	44091	bd5f4ec11b022396f4be9cabc6c6145cb4a09537506c08bd56a9ffa677607763
iteration_821	44147	0cd3cc66b2f8c20a602132e02715431c7c797f63be3af333bff16eec9150a9c1
iteration_822	44172	73bbc635cf3248c3e3ddf252c902df33fb641e47e1c35a7f5ed9823a8026fc60
iteration_823	44255	60d2af4b5c1c1dc0f3ed0cec359d27150e198554b20efe6c1be639df59b751e8
iteration_824	44337	d2052c93f36172f79cf2ffbc1a8b845530dce41b94b259cde3ae99b8fe3650a6
iteration_825	44376	9aa788dbc5d3a2aaf1e6b6a60a02866b0cbb71b6689050e6c173048f2002e972
iteration_826	44403	f14fe32f6e8359ad7f0d41c661f89556e153ee404490d1552bc50639d9e3c97a
iteration_827	44496	10aba22cc78033cd6475f94816f8f6221c2d6011b956a9d506ece133f731e399
iteration_828	44527	fbfd86b699366762318828fff43e1c5c174fc6dccc87b9c892978bd913dd9e7c
iteration_829	44573	7791e26d899bf5baa6a33595fd0b6e692ee372c4b7475220e331d9adbb080e1d
iteration_830	44640	19701147ed6a2ca66d657cecc0eb0e3312cd5a3058cc83d06ceee92c50bb5cfb
iteration_831	44698	77215a77a878560c99baebf4cc4e380ae269677a629fabb4026983a831dce0d6
iteration_832	44728	d85a31ef126d6c9e07a3dd363c4736a9970774e50719eff5434b17e3e17f480d
iteration_833	44825	957020cee6120bc64fd41080df6e4b9c01740a7f6231d9824bceaac848026d16
iteration_834	44845	205b788ea802001789c3d676356b7bea7dfde75b4dc5e410925a5aaf866d2778
iteration_835	44933	134691b1508a3fbc3565a8838111a4413badbf97b4d74b7d62260f9d0db2a8be
iteration_836	44922	ffab1605b35e98dffe39b7e6290e9005c854dda389170dd6b9ebf2e50f0e2a0b
iteration_837	44995	d8767fc9012b3b082c239c54856cb288c75938e133180d72facf0651ab0aa35f
iteration_838	45011	e2f1d611b1b73dc17276c41cf63b07912a24a2f5bc87e3df6a1e2d299df23362
iteration_839	45119	87eccd08e587a9af927c088450e3570f7eeb45f998ea074604b4fdf4acfd9ff9
iteration_840	45179	451eca15bd577896f71bb68f3546e72934d09c2478dfeafe486bcfde044ccf3b
iteration_841	45209	938b7f871b4cbd83b21b9a48b41c3c058cd3db8e377c6269b8507b4bfadcdaca
iteration_842	45257	06062b5f41dd7069cd67b06321d69eee438e188f771c322c4903ad2dd7808ac3
iteration_843	45302	c17a5874ec0174a27efceb7d109f67c3bc2a806d1e678f6f329b69e3ef4c6f57
iteration_844	45376	b292215c042b1ce1a5f6921278c2c9df66b4e5b36a7639b444f5633b10185bb1
iteration_845	45439	59721ba7d102e0bf15d4fb4f2feedb45b0a0cb19fcc6f1e92b9ac62cac9ccd29
iteration_846	45471	4351af0acf73c298734172d67197cb0e6acd9b86108f79b5bf67b0cbba013343
iteration_847	45511	fc5b2a67294e3f7e12600eee2538c3be711b6f75b184c698de81c651fad1c19f
iteration_848	45552	8d9927cdc8e828949bb52405484942cef59f297c44a2211f39474ef2add41708
iteration_849	45631	0b130e3246521e92d796bb7a9686f3a758aed674dbfe5b1312731523b61bfba8
iteration_850	45671	08ce38fd9a6275f6b1be662e53274afed40bed04c3234d294e5a23b0d4dd7b21
iteration_851	45757	6a00a4ef49a8c9e0be04d6069f1783faebf713427c20b8869781b8df6e913286
iteration_852	45784	647f93209801bec078760f5d6207e22a87f39ef5902629ffd28397529d9a66fd
iteration_853	45839	197c942201854c2e66a3dc5dd5a3b19a29e69866bd162e71349e4fbd95fe435c
iteration_854	45910	b010dc397fe589ca53ea93cb7933d0b53e9e010ad5df52253cd0d9ccfcde8b37
iteration_855	45977	0e94944167e7b8614885b8cceaaa7529b92ae9c4016109cc9c009db4badb1942
iteration_856	45979	bcfb0fe33498c301ab387994194b26923967f674ac482ddada21ce10524058f9
iteration_857	46042	0fa7709462cb41ef9d5a4d0b3eea440a205caec870588a3097fae71347172d12
iteration_858	46116	104b22264711cf25777f5a6be146c7fe29241496689ced6faeee80d8e20d02d2
iteration_859	46161	e3f82a25b4424c100c97a9451f791967ff71fab089f18bf8a78321a74356f173
iteration_860	46181	aa255c2ce27f8c7ad33761d98c4eb368ea13aa883460fb88451796424946283c
iteration_861	46267	7a382b680b0b7b7ed60cfd8f2011b3dd7064738bb9eef261613e957499d8adc4
iteration_862	46309	100acad2e8192e0fe8f47b7adf899cc92d859e88fbfdb3171d4e862f42eaf60a
iteration_863	46370	58e6e94a9949f2767eb2c74572a47ec2549f5666330ee63b01e16784c9f9e1d1
iteration_864	46425	04edd3e6178747c471e3e694b540717c8940b86bab56f26cdc8b5e11ebf20494
iteration_865	46463	439cb5af9ad24654055219997a619aba77d839537e4f61b5b493d1781e3cc792
iteration_866	46518	d4cd17ccf07b720e5e3deb6edcb92c25f225c96737ea3fb3da6f31e37fffb087
iteration_867	46580	f9bc6c7a78ac141e0492ece1aa2f55e53b97bcfa3824f1c8728ce0781b6d28eb
iteration_868	46600	da4fc80c2b07339ab8321b8b172b3355fa55dd2293d350f8b6b5fba801a8b09f
iteration_869	46652	d8738f15cfd6e4e005eddb5113444ab1c8bb58ff192e3c9cfb8ab65c4d0960eb
iteration_870	46693	c28b0ccf7d18699f1f3ab1c13f753d3c0ecad9aadf931276035a20a95ea6a79f
iteration_871	46782	e53154ac768720b1f65fc5e02ef0559b4d7932936107407e7377f2251b4c9764
iteration_872	46825	c67a4c7a7da06376edb3d7f3bd6041e707c01c5ee599b0ba16fc9142aeb330ea
iteration_873	46878	57bc5b60a00b470c1d438e10f334e5024fb7d7a217b0c7218fee6835cec82065
iteration_874	46896	3fac733b7bf77ec6e3a8187327c7024e7120fc2abb302cc6d5fcb9f6d9db3089
iteration_875	46990	593bea1b618c007a974fbe5073f7737e6560f33793cb26d1e4379de6ce411432
iteration_876	47045	7ea1d2b19c7ff44bdd8366d4c01481656b233ebe71302e9b036c51cec2ad8fa5
iteration_877	47108	f2096abcc30baaeadfe707c6dc2cfd2fc9b79dfd2efb8212c80ee100a951d8a3
iteration_878	47121	32f6a69dc519e912c230aedefb10d3acf3ddcdfc3f12ff9258ece4fc2371d506
iteration_879	47193	7119294a201153a39e8360f25f03b95b064a096906382007c31ac2c4c0119e44
iteration_880	47274	2e4e8b39eddf9839702672abafdf63dff096d04d36fec16bdc4b41644555a797
iteration_881	47353	2a19427dc7c99917676d46a20c6c58131cb9e03f33f0c0244ed667150ba72ad2
iteration_882	47386	5ad06f2f2d54129de0206ad83a4189338200ff0167609fe5879dea6725c2b09c
iteration_883	47438	d2641567821e61628d8ad3faf2605aa5ad049846296141d0315c778c47fc1509
iteration_884	47476	7f748746a0dd1e45473116277d998f89da95989d5e68c0a6323ae660762ae848
iteration_885	47544	04edb19ae440e1e2d595f539a33296e4b8c6ec29d6194e312035b0376dc0e123
iteration_886	47585	36c876cd34aad021f80fd66bb904473a270bbda3e22b3295c065a5c252c85146
iteration_887	47643	d8bb6f5ab6dfbeb66f926e59759265c36e60fbc7261fde4e43c0d9317dbcce76
iteration_888	47699	a166dc29eeb84034cf189725fa30e71d491ebee4b7ffd3d126fee51aa6029c19
iteration_889	47761	04720c490f8008d6431e9727f080e02f5981e593a320236ff6fad07f9930ca0f
iteration_890	47784	9ec889791d0622ad87066229b57723e26b73cc301045cb43826b2c8b6d8e1d3b
iteration_891	47814	657d46cc0beb06bde73675f35df29c94a51a3016547cb37ebb4dda78c77b2b5e
iteration_892	47876	139b073790d029a330abf8e8a1665ebae3893cb0f14c15be8ba726c97b796185
iteration_893	47959	61ec975f09e912e78281125bcc4dad93a15c6dc31a10eb5a0bf789c44b9e988b
iteration_894	48002	b0ed84a797eca302d051606c8840e575fb917f2ecd986446245208594c6aad89
iteration_895	48060	66d4175f253ed4390c292e5e3c7b35a43c4996eb7459ca505069e8a9a6a552c5
iteration_896	48089	b3cd2e87c8664659bea793e245715c23850d235ae66b6e4f568c8eeaa38aa0f6
iteration_897	48210	220e48283c43735ebb7fe7fcad452ee014156eaa38b4bf0c35936d62ac5fa429
iteration_898	48226	37d09795a869d9eebaaa4b340b73297e26246500c77242b58335669f3d5de10f
iteration_899	48315	723824f637f0bb89650447d8f43e794f28fc021d4714295b621c765511a9d904
iteration_900	48296	a5c7aa6d7c96617547951e773423b17b51f547ee6430e54e05f0e8b061eb8582
iteration_901	48360	9732a4a07b7d48fdc639a114d95613e99314b89efbb13a2ef30b594de737172c
iteration_902	48389	8231c4ee93cc6345d34131faa9e49be01e851b869cf922211764728d7ab00279
iteration_903	48455	7cd29da86bccfa3627c20f62ebbe2ba7d175e834b824ffa58fb60c4c0e33e1c0
iteration_904	48506	34a93937c2b11960067a115a251f5dbc34c7b67d580a92d84965663edbc65262
iteration_905	48542	741ca84e096d178ea66a16af52005697c4977f38d81c0671fb5e88310d551883
iteration_906	48623	3599b243d96ccc1149df29232210fecf1486bef2568a8539088f62f84047d30d
iteration_907	48696	65f420b39a2920803fccfdfeb705a8203efc497b5605807d2c0eef28235d49f4
iteration_908	48698	95334a0cb91f317c2c4384a74da4978d89caa9d225963c8d66bfd16269217f77
iteration_909	48768	cc17a133fe5838b16a3c7d36b415cfa462bfadcf06816fb1e2d231ac81d56ae3
iteration_910	48816	7e76fc1433822d1deba034bb7c23e4f14132f07d8100bf7bae747a510273f402
iteration_911	48872	2f80ffc784a82c0b57e8b7b79aa514ea93d4112904f86ec2de9731c95f52c038
iteration_912	48907	7d18f60670869af62809dfdd8e0d1c5c2f52ba19d05f33b5cac0f30e0cebfd46
iteration_913	48974	960fc7c20aa777f109ab08a2ecba968fc8cb1a3fd1416d81648ee4c6bf477229
iteration_914	48992	9c5c18ef2a31a9e373bd663ae3552a3573a15c2c4f3979c71357f095e6a4b69c
iteration_915	49048	208710fa621d997b08dbecfb4c0a194f6125eded71c4381b1ae465b02c3b3a3d
iteration_916	49116	3626bdc097d9fd9b5defedb8dedc275e7f52b35693c33d15b6d704b42d2f144d
iteration_917	49163	6068bcc6600ce192ff387eb0e18570db5401216585d06988a33ddcc2dba27105
iteration_918	49218	4b91a49c05771a821b84447db9d7056c689fe78b68b93eb6dbe03485b4b66e7d
iteration_919	49284	109e8263a42562b578d9ff5e9f166d7a6ff90e8c0a5ab3a868585e2b0b9b850b
iteration_920	49328	2ede8c91d004754634e038fd36868e1557e541ac42e4b282258198b91bf3be62
iteration_921	49357	cd27661b72b0dd8fd0980e4ec804c52912f158a894ba32ce8f28cd56024061e8
iteration_922	49394	88db5730a4dd50cf1201b0352fca6f7b7d6c3d4c9e18fd6a7ddc0641b65b5449
iteration_923	49478	f5682f34991cd6e21b9cb42594dd7ca4e9980a8401ae21e8d82fe5590530621c
iteration_924	49514	d2416d3f6b3c9e8585cc310a0de7ef57b2b8e4469473e256e4b7d6186b9a32eb
iteration_925	49580	70096cc60c2121e4949df4d2a08d108fc23a9ce2f144343e9d0ec7e051fcf23a
iteration_926	49636	5af2bf31e02715b3807be1215553e84700bc84661c84d6b473be41038548ba4f
iteration_927	49662	f278fa3c395c4dd742c9d0ed663304db2ee86da6333ac12754371b6d11ed425d
iteration_928	49677	318e382b481b838d5c2e1eab655253821d0a9d5236256ca05c764fe576660e0b
iteration_929	49757	1e6ebac493e1cd1ae3947438df4bbfe2347f1c307a8c74a6f82607e2afb67684
iteration_930	49820	46d2e0b19475aed04d62f3e1b120f2e564c9b1e17ce2e5b54b9b6ab8a4b6878d
iteration_931	49875	fdea8ebbfa8ae18a37c591f2eca108a2a14bbb2b8b9b7a0e0c191253f943f778
iteration_932	49928	f73a95303c4ba31bc656a1273b9916e17ff44ae529b94039365828ec1a252a19
iteration_933	49981	c1e3469d6a9e1f8654fe3dae40fc8b394a03b9838db173fd446621bed1454f7d
iteration_934	49986	3a6aaabbf7bfe151bf0a42df548dae16bed67278d5d94dd6deea92e2ffa64eda
iteration_935	50071	cb1dcf5eba14206393907c3820bf494d9f968be5959f87b81229e4fee8c018ca
iteration_936	50116	72d7c8c9a5cdc004c8a109470784713e6e4547d755dc81c7bc0ca40fc424522e
iteration_937	50159	60551326383aae17c7f38b43e879a0027f1034c002086e4c5d2abfdfc5ac6c88
iteration_938	50197	9dba18c7171775238db63cb809ea871d39966bfcb302d2da4287e563688a38ef
iteration_939	50289	9bd0d1b42db925ef7744e1545b828572d2ab0a8f215c345e5c18809b6e9dca72
iteration_940	50333	4d5ed08de3f335d5d9678a3dc329fbd58a49eb88d43d29a4ce84f83c298a87d1
iteration_941	50360	da310c0235b40fd1ca90392f929b5099e8ffb8feb90b877fbb4d4453477a7b10
iteration_942	50400	f2bf5884e513ee41917cc60af2162c719d3b57bdd08a04edd32fcba58e10177f
iteration_943	50478	fbd136125891c591a40bb53f91255459cb82a435cb942010c9064e14a7a6e275
iteration_944	50499	101d9e84f872bf127f53e300bc36ad10fdf1b208f060d0043bc744853278ef26
iteration_945	50585	34617c84e0acc877ff5695f0b886e01004a632716778d2f805b027af0830fd8f
iteration_946	50626	43fa84a4e8a1c5c302463fc6b7408a99eda9df551c777260dd06987bb1b15ce9
iteration_947	50676	b2488dc4344dbf32e8f2aa17c67d71a4a2756da4a0e033bb7812402ef615939c
iteration_948	50693	a4f94b4d123e61c3bc959a1bbd386516e7a64791d6bb48f345c20519fa6fbd29
iteration_949	50770	0cc54f12fd8e3442f7118dd38a639449c290edf441680679027c61819273ef69
iteration_950	50812	3557a97adf172d06dff4e0a4fe4dbb8561bf8b543ec944eca4062acff1bb45f0
iteration_951	50891	c675598eb8e3e5bd16d5dc2fa792322f0b162fa41dbdd9a5729900e272111fc3
iteration_952	50864	307d63bacf2c93ad41d42d105190835b650dad98b637d02432668cd56272858e
iteration_953	50975	03ce965b5c37350ee5c5240da79da90b8759a7f28ec1fce631bdffe9266ccdd7
iteration_954	51033	1eff646efaf8755bb9f1a72afda33378015be7a83dc20c3749ec543173c9d9a4
iteration_955	51076	e4143a4f0ae1c4038d887f29e5092c98b82bf85e278b68fdc737fc05dfa38482
iteration_956	51146	59fcf267046338b5cd873e072fd17553fc65204298f5647f9e9de43516e596de
iteration_957	51191	fd2f7404e6f1cc709dfadca3130bf8c2dcee8ee01f24186ef492cfee13767c12
iteration_958	51214	3df3a3f586211533510ee466e1fb2147e4df4d61dad6e8f34e755d1cc162172f
iteration_959	51269	7815407ca9f02030b6b67f199c86d13a07faf197db8323efa36475f19aaa7c07
iteration_960	51351	a34729e0b5ab95b050c34e38d07bc0c6b72200afe42c692a89bdf0b73293992f
iteration_961	51372	038b61d8ded94d1ba83e840e526db5763bd57d0349da665b6998a6931d423ea7
iteration_962	51412	48e7f7a9b8d5257ec7bb9f401cc850cc15ce1bb7452ce3d909be92408118a6a5
iteration_963	51472	11f2b5b58131ae5824512fb185c267988d810145504047951cf22ad7da404081
iteration_964	51531	ca550f4e93fbb0761bec22979667e908821523206864506ec068b8dee8c9aaa5
iteration_965	51575	ebead5993fd1236efaa325dc9f3f69db5d71da0a74cc8ffec1b244f872191077
iteration_966	51624	47da541b2d2908b5821aafb75e79c94e5a8e8485940b1292848e63be5ef7a370
iteration_967	51658	f4888928d52e8f6572a1dcbc36c39f2a75fa55c64c9a4ef7ef8cdb026fb06e7b
iteration_968	51729	48626d927c08134934b54450d3a0434fbb6e0d014f722e7fb3f99857224fee76
iteration_969	51778	3582b082ed04e3c0bd785be44043e7bcc8942411d7dc3aab3c6e1411f8455fa1
iteration_970	51827	fe22a3068f672752d9fffd4f7b6ea87a97f7bc8731159abfc59ef23daef0cf6a
iteration_971	51890	9b395bb4fd86f80b2ac471cc3b072eb62288df37ebd09f5d91180c9f12db5c31
iteration_972	51921	bf7132938d06900cb2f2ed1678649cba0223652443521212480d760af501b241
iteration_973	51993	7592aa13fa0c5305acc79deaa2de3fe7daf776e7b455760195bf37ad7aefe755
iteration_974	52040	9ed94134306a4400e5739a07e9988c5f8a9ec9cfe2303c67c017cc2de7baf8c7
iteration_975	52054	fb6526f2186efaf038110f53fa81ee3047effb368b2ac69d3028d49e4310a139
iteration_976	52134	b3313eb0802285b4901aa7a6b3b0bb775f3998f5adcf3e232e157838158fe05c
iteration_977	52195	af638d50949146e00745e280df51359eea66a7fb51cf28c378095cd279aaf861
iteration_978	52255	dfdf321219e373d64fa304e72f063810387ca8d98a006408cf424587264b9310
iteration_979	52268	b6bde0321b46cd183031499b14a5b6a34aad832a8e1bea6a5e3db33ccf094bbb
iteration_980	52315	10da61a64e99a7dd22bacd4c4f5474facf507e63b79b5d6b46fab911500c70e0
iteration_981	52361	68d006171d9f3e6a6cd2b508e10815d1f4017af8599cc9890a952777b93e6171
iteration_982	52416	d7ebe17ae3e010b99d4c1fa46a63e8d01ad31a1769c89967aa8032fe014b460e
iteration_983	52466	21ee1e10cdb8211e088ff80a2f37ffa324568ba47cb9d5a2a2a139bbee75e3e2
iteration_984	52513	21e0731eeafb1db54430bf0c933903a5356f80554938a7d5a49d2cc0ffd25939
iteration_985	52552	93f3ab6ff79436c7cd7d7485fba455531c464f7ef25b3197f38f32004b921ec4
iteration_986	52578	c08585fe8d2b9205fca3a49073bb51fd3994c9fb0a8c923eae0c360db13e68b4
iteration_987	52639	31ad6d2a7fffeb13169460999a127fe1130ea4c0391328b0e42cfac8bbb5a91e
iteration_988	52692	fba70c402a5ac8026954e647f497fef30141d423676f5b0e18c60876e02ec54e
iteration_989	52779	88b9ceab5d9e4f5175af47e0b09a990e51b97b8a72dc285598c94110b73211b9
iteration_990	52819	e00ac35fb20c0d8fd100e6a45b7c83c530b1086cbd83062e8f9ee0cc7f4a3960
iteration_991	52839	fe7a99cafd8a666b4a53c21da78af7fd68a342afe7b010e3440eba8713598b1b
iteration_992	52929	c0f1fe0f7d46869c72eea56307337cc55b64c584427d8652a1346251c416bb6a
iteration_993	52991	088b052b8ed98522f5656edb4d78e137f150c6146eaf5f09e57b90c86cdc38d8
iteration_994	53054	400be937db7792e035fb80f228aae1002ba8aa5bd25631818885098addd02d2b
iteration_995	53127	4b4ae4f84ff7ad88d3907493e2860fe031cd4430d33bde6bc5611efee239fb5a
iteration_996	53143	fc5f6be648b9d749b15a1fd636f3b2c0c90e9307e20de83cdfd6231a0cf4d892
iteration_997	53234	adda38a8720e9071362b8c72e3ee1b2583b47ecafd700523f14695f1279d9abe
iteration_998	53299	624a55ba32dc39248e456a3dd862b09ebb3771ca54b42a9e8d3686daf83d9fda
iteration_999	53345	182c121b54b3cf4f924c7b8a8f63f55e75111fe3b6b50fb3f1709cdcf3682123
iteration_1000	53435	174292699c1d93fe4cd14c1079fc816ff7fa28bad16eb7396c010c2ceeb92901
iteration_1001	53501	bc6b705b675a8647d12c9dbb845457f4b16742122e97623ba58b2ae044f4a2fe
iteration_1002	53542	2b403c955ef7ce250779ccb23cfb550581e2ffcd166482dc04f83d3e65b83b43
iteration_1003	53594	f960efbf93f39f1eb2ba87aa69411738d4ed41755c509efa9e6cdf9151e90957
iteration_1004	53634	7914eaa0c61bacb1c335b302866d748a4b29eb5df862b08d0e70c2e8e09646ee
iteration_1005	53712	691a022fb28ee789422f2a0201329959110040c30c024958300ee72142b66a40
iteration_1006	53756	957a5f1f651e4221abb978817bed6044507a627daaff899fccca9e3d68a73e66
iteration_1007	53832	f1870434f64e661c73de5604792dad93b32894b942b62ae9ce238bd9df52918a
iteration_1008	53899	eb0d9957db65124108ee0e7a10a10fe0fb25cad89ae1819a541d53740e6e75eb
iteration_1009	53951	6d87071f5bc25428d0e50e18c0aabf1078949496fb76568bf611d5559dff8eb8
iteration_1010	54048	b0e747529a47567e8211cbeb901efd59fbd51714676c80eee2d40b1eff797164
iteration_1011	54089	93002ea835ab6bd3dcf3d23d48d0a73a80c7ed041a7b47acb06e0bb8a26d5db5
iteration_1012	54127	384a768e490299cccbef0dc0575c8ebd2758000578b08297b2cbf30136839320
iteration_1013	54206	81a64976e0c82cf8414e822bf65281f12398e132c80cb403249161789411f19c
iteration_1014	54302	2526ae03c881e0abc2f08a35451876260fd91baca059a73fa7bcb590205d386a
iteration_1015	54324	7452d390f47110ab7da01d9667bc332d6b85ddcdcac888235827c305a49f3c86
iteration_1016	54388	32937a4010b300998ebad0950bc0b1cc5fb482bf91e8cc455fd968743fbf7d9f
iteration_1017	54467	c61431755dc61e817e1a636fd039aa4b85aa32b506bd2fb7fafd0487dcec0001
iteration_1018	54546	6253d024fd3fab407668f74dbf521e9937eb8f284b643d09579fa772378ebef1
iteration_1019	54593	e8717acda78ccd7bb9024d886eb982f7acebf1065dbc35a72458bfcb18052811
iteration_1020	54668	39aa01414f9c34bddf2b37716932d778ef096d965bbf8460cd79cb8a27c09d02
iteration_1021	54699	f392786097c0d2dc32acf3d7046f9cd8edcefcd1f54fab2dce9312055d00b342
iteration_1022	54773	27921f205096317038f50b346a4f737ef2deba1b31b0fdef85c4d76f2843d822
iteration_1023	54825	647e3835992dfdc0718ada10b002f88a2d50eb97e15d39da8dad8ec7fae921e7
iteration_1024	54888	6079bc8796d1b563fca2b1d39006f3cb2bf35b278e820278b1417827a8a9a89a
iteration_1025	54956	448dbaa6f5fa76256fa41ffdad60cae8a8005ea3c828cdeb3167be1bf44eb8e8
iteration_1026	55019	ba96410009ec6f59b935e847f8338ad23fc244acf36c2e4d103d94e224e64673
iteration_1027	55063	ecf07b900cd6ffdab82ac3f89d91458c99ec8af2e9ea61b521da33f7723fc9bf
iteration_1028	55140	8f6956b5bed0d58bcaa87075b456ec1565b4aaae728a2e53523a37686029a5a4
iteration_1029	55186	dd803568cacc19b9f6114ef1a7dbc106637859bb156d35eb2c983ca1eb9ce5a9
iteration_1030	55272	ca036c9482914c58e56238972dcd7f8d13d9118c20f96038f8d9545566727944
iteration_1031	55322	8d88e1e40f8f2671552b8876a31b0c7d364ee0f6dc04b1e7b226f10c6c5d8e4b
iteration_1032	55392	147c53610fdf8670b7249999173081819a3f487fdd0a1730ceaa8541adec6026
iteration_1033	55481	ca7eabad18bfcf4c52c5f41c9a742d7279f872abb080f45999fba8a4d1259d89
iteration_1034	55501	39caa43f8cd017697001545de8ccf729af51eaff1ae46a76cfe5c4a75acb54ee
iteration_1035	55553	1ca76646e9cd165eaa1d974195b1d920de3734e0527f6df6458ebc56447f54f8
iteration_1036	55641	b8e5e75ab17bf26509a12babb6a22ec380843f0c5c073836c69528e4f42121c0
iteration_1037	55695	66fb6d862ccfd133fcdcccf00ecb51eaf609c1700a2d64b9e2faa541485aa099
iteration_1038	55763	db1adf54feb126c4775c93a254ee03620a4b38054d902f0d4233d797b41f2857
iteration_1039	55809	acd3ac51357491d7f363685e5eddc672258b00af9d8ed27fe427865167de8bb8
iteration_1040	55858	28ecd0446f52b87c2d6bbc308076238a2a08e0b2a563bb042a7fd58d0b2b291b
iteration_1041	55929	8f2e1141580d2feac4aca21f69aaaabe8b0cc5c6e8fecbe4b4160fcd533ae1c4
iteration_1042	56003	30d87227d078298a21a944f2e86a679c7642cc5e80ae151899f3386fdd833cb9
iteration_1043	56063	dd7c52207fa08c46a85f3b9fe1d721e8c9e64d7ad7d1cf36dd511bcba1f79806
iteration_1044	56140	d70ac41ac18d1da58244bb276460683e3e72cb199a3c9677f3759682662e9765
iteration_1045	56215	1af7eb367083affb31f8ad4f2b99a453e82462973e217d8ec6bdc86d9e2caae1
iteration_1046	56278	24c4f83c9951adaaf3cc4577b9708c70d84435f13d0dc06f2440a7dd9ec8dc74
iteration_1047	56302	ef86f00670d3239bda1f61a535faeb622e8086b894029ec8a1bb20a9a2d6b40e
iteration_1048	56377	e98925c5385a777168c551a26488423416615214d6bbf6efa99ce3f08cac0ef2
iteration_1049	56462	0ef9ad4d27f8241f0764104d2ad64106867f440e686c75350ac1e36788f5fd51
iteration_1050	56531	e7cc1f59f78953e5c84adac0638aa754d889ff468f9fb612b11cd6a58349159c
iteration_1051	56559	82544e51ef407cb68529fc0dfc6ac4b22db64488f5fd661b9879129d1191797c
iteration_1052	56626	4f0fd7daba6630fd3a71078fb77784d7065fc2c638b92283e59b1c1e3efd49ca
iteration_1053	56697	950379f3582af6cb4f86c8b985cbad1a5935ada80e07974760b9bd210dab0458
iteration_1054	56753	1c03741ff32cb67bb8e6197a9442213e0cc1815487203927ed8a05f25387dd6b
iteration_1055	56825	06dc4869f63fa47b6534952bfb4c4c3b8a74b5053231ff90841587c7a857eeb5
iteration_1056	56892	dac794b453af0c6bbb0ac72627d91fb71fbe93899e73d5b060c466adceb0f8ae
iteration_1057	56934	17bc4167ede5d14db4778b270d67a7c06ab9f5919d6558821fa809a9c73b528c
iteration_1058	56969	a0b61218d992f0a3511f7add0b45157651d61b0dc9ccda2efb4e2e1d37bd18bf
iteration_1059	57035	3d256645eb8d4a04a6f9f148c202b928e7e5da6718ee7d45fd58d529eaf01b58
iteration_1060	57107	3419f83c1966c287eb01059d6bde24d1ea11769032f2e4704991c8fbbeae0ad7
iteration_1061	57160	6517e12abba2cd17ee9ea12a66a6171dc1f6b01ed110e38b0e103ae136f6ea2b
iteration_1062	57220	147b764694483661e4b273ea566368624afa13674f6b7ffec0e4dbaccddcd2fa
iteration_1063	57312	5e51b1c96b3672967bae06bed526153f15e38e60be01c9ba01d887b2286e79e3
iteration_1064	57373	d1998758da892ef32815d676db8150e85eb4275bbbf3435b4965dbd7f175af70
iteration_1065	57421	ee0bf5a907583a5a95736016d8acf2de9e9f7a31a1e34cda6469cdd00c579846
iteration_1066	57515	1d742e3f8707c310b2949af45546a440b7fe6b210c3b8c8177fc6ecb1ef39917
iteration_1067	57566	b687a61f93b29a487ede63bc75bd2b819b0f20ee7e0dfcc6aaf59280d1aee590
iteration_1068	57672	a75955183e9b3e23651d3b86c820879701903269a159dac3db48c6a1188b373f
iteration_1069	57729	301a74a3eb5876f5f1264b96edc6c4fe6aab1f62d9fa2b2043bd00a85a9b3356
iteration_1070	57750	e05d9c97d9151f70503642eaf27c16347d7ff2a56f95190e34895de895533817
iteration_1071	57819	4717a925b0fbf0e34c88d46225a5b4edd1f9f2584c94dcc77dfd30b857ce4757
iteration_1072	57856	bee210bfa990bbc761bb708a4b5510080e28919477423ae53b4025bde6e3fc3b
iteration_1073	57956	a482dcbcd7572efaec736aa27703cfa3210b6aa728a1934858a0f0cfedb145ff
iteration_1074	57988	9e1ac340f677cbd6319050984573fc96a3f4df84bf486ac4d34dd2315f32d0f1
iteration_1075	58065	495479e8fce7b02fb884ce926d3b16e2bd7b072b3f689293cd3cd59a082938d3
iteration_1076	58104	750b70827261c614b0fef6dc9c1297f2fdfcb03d703475c1eebf28e7f23d0bb4
iteration_1077	58145	30effa524f0f9190c3b2b41f08f890f8582b3085d87495eaf7a0a3738593ed88
iteration_1078	58239	927cd96a572b6dbf1acc2761644add3d5a07a6f2e3897b709cd3215d0087b7e2
iteration_1079	58298	2871a49a0c71f70db0532e41d205f1e766d2e4e31dbcf4b7240c10cfaced8e17
iteration_1080	58348	76a3fdeba9a061b6bb64494bfa405add3092b495414b909284c1ac1ad2ab6113
iteration_1081	58412	c0b7e73562497636e5b4878154e9edff3bd357c245e608a3ad13213931fc64e0
iteration_1082	58454	126379ac6801a12d3d342aaca395b45c0a0278e4a04208d22b0fb1d303d48723
iteration_1083	58524	c751366ad395cf6163dea9470b16a3a9febe35448be829e73b179408259f6f58
iteration_1084	58615	2e6b051399ba8159b1b4f3be95aa09cb5855a6f3e0246f23a810f4fc7893ff06
iteration_1085	58656	ea0b92284509923982dd98a9c6e5c710e27e4644565c89ed8572093267269784
iteration_1086	58754	154bb8922d1c1b6f4a059755e40dc15c37bd2aee859b280b3781359d2952a65d
iteration_1087	58778	0d7c05c922ade1fdd1576daeb564f8898295380cdba5772250ab881e92208c48
iteration_1088	58829	a1b7db1441ab55cfb2c99bf1128fb27c692b077675655ddec5376bb1e5abdd22
iteration_1089	58888	672128541e0e0b39a5223957a4274f1989225ee25aeb073628c24f91b428b290
iteration_1090	58942	01423b85e325bc1be5c1c23cca793ce9c6153721ff308d40c477435ac3953f4f
iteration_1091	59018	4fddeb0ae87d24e6f7c4c5bce8591f935b445ecd35c11b2f26484c28a40dd8cd
iteration_1092	59086	3a3d7597dcfd9b07ae1a4ee101a1910815677ca5f16876865145603dcef1c964
iteration_1093	59178	33bc3a29d10080eabcdd427c473767130a9e4bee5c3cff6756fdfe3b8d7ebd2a
iteration_1094	59250	aa8128d961b785325ad8232a10828834040406551bac9498804de8b9ae76624f
iteration_1095	59302	7b36c7b658ac22495f932d398208caa534f1d7711ba1858be33ea54e925668ae
iteration_1096	59321	d5f28258838dbdb2adc2b249d4051f3499126518dde317645f957630bfb87c2e
iteration_1097	59404	d8c28284a6d43d6a1c46444bea1145a808be0df3db44e697e63ea2aa2010ea14
iteration_1098	59472	7995441bd4c37439c0c60babd938a4db83b21e0aa1cfcc3427de41a078460fc3
iteration_1099	59516	98519f20c5e69aca29ee3a8f26af8a1a33be4a89cbbcbc3728ae4fab535dd02f
iteration_1100	59575	5d5e22cfece5942828bfc2e2e00d15cc25fe7cd94a0ee99e1c2c168c0313925d
iteration_1101	59600	e92a8616489188af740a0817b32349b30e2e584936ded292a29630f2d8920e1c
iteration_1102	59704	743288476a2eb30cb77172ccf99373986a961afc0280ceecaabd3fa19395845c
iteration_1103	59791	d42dc3a8f652163da9a00646dfcf72b2e4a41b55d95d6926ca6d7fe4ac3eaf89
iteration_1104	59834	0f89281419ad38c8877f0b11f22fcd817557064b5245861bae0554579ec0f13f
iteration_1105	59900	a4a02c2f4e543ec925932c723d64c3448b549b7a6ab18ac7880ff953d7618c76
iteration_1106	59934	8b8868a5de72c442fb4ff70b393839b9679bf29bfa5d6806b887bc9994ed0bae
iteration_1107	60015	1eb53a6bffaca679b88f687596f6416ee81f38b81ba3f7a032543799813424db
iteration_1108	60081	07a1b960ae0adef595b07e911eebfcf8b23172bf1a932d40d702d45d18447d48
iteration_1109	60160	aa8a00dfb67b02ac605ad4839e04a2dd2902a55d9311489bef369695dc73d03a
iteration_1110	60181	35a9e4650b0b65e7cc6f2ce3316dc210a716cb103d53a16a72731bcd516ae0da
iteration_1111	60280	30521a3d47836330c67332e2fa87de5265bd7a940983cae6adbe615644036880
iteration_1112	60288	ff735a66adc86c2b7790c71fda8deb5d154103243c4fcaa9df74804d54b964d1
iteration_1113	60401	209a5da6d0d86cc7364b1826d980c9c8d6457a816a98712875c390bcacb9d0f1
iteration_1114	60418	040fd2320921781812e5b5cf87a408a2404c7244bd6894527b7f8b6090fb5f33
iteration_1115	60523	4ee09ee0a2bed1211ef7c4e7c58508552e33c291e6191340e751bb571b3909fa
iteration_1116	60605	1b3c42faf1d4178288079f5698d325b7221458f1ab012e6d0c4174f5cee784c7
iteration_1117	60644	0f3a2e8a4b15a7b9380dad2c4d6cee695f85ddddc0f2be228a939214b3551bf3
iteration_1118	60671	0e53d5da04a677f80f13ba284263e88c801da983958e10031fc49a72b9f29b5c
iteration_1119	60717	02ce9022c9e988c45fca8875fc9f34b67c800c9e344c8543b2e8588528684422
iteration_1120	60804	2869ec0764b0ae7919693bfc27e23cee338e13b6a0e1edbea29c4b310881fa82
iteration_1121	60871	8a363fe99ad99cd522651a8fc7934e63e6b516050cebb0614bbf812c4b590cbf
iteration_1122	60900	d69c0d68f899fab652133116cad1708b9bdf61171b4f65f2cde2a8125d210033
iteration_1123	60972	c05ce625a8cbb688cc3e0c98aceedf673939bd4cfc074885b5dad1559e0fadd4
iteration_1124	61096	a845874c53e056eb64c971fb073a4dcb2891e20f5557421a9f1ca3e666da5721
iteration_1125	61129	f117e8628b2a52b67d7a21e79f54163bdea44c1e539b7efe58888259a50d2682
iteration_1126	61212	07c87b2802796ed58a1668334ea3b6c4426a0ff468e6fe99ebce7ba14302d9b4
iteration_1127	61263	c5d425dc786e905b07797ea558172157a95ff98253aba11a142db79b47730f4e
iteration_1128	61346	68239d6e7346593dadff4943973737e828797eb41600212a2c40ec1332f0d4b3
iteration_1129	61406	fc62770ae403a1d55cfd3f7f2b1bd5a15edc03bd2f7fbe305d40f40ea42b6666
iteration_1130	61457	3549254fcabb605185d7002c6d2a3fa360783e2ae86d583b01a25fc8b48d1adf
iteration_1131	61469	ea3c7d4c49a7a429d64fb1d5e63013b169ac8f07dfc16314793d880fb1de1068
iteration_1132	61574	e86829a30002c3b9c296f58d6d2d1207f0645dc4b84de1d27feb0111de4ff831
iteration_1133	61619	908f0cf526d0080d8618f75abc31a86117bf76737d52f8b101e0097e2efcf494
iteration_1134	61651	b5e0932bf378a2d24f3b4eebfd73a7493dfe8512a5edb7a05d38849a25d0ec81
iteration_1135	61754	42628d4c4f6226069bfa6f7479546a37e7bbb32077ac11a84c54deaa5463f37b
iteration_1136	61776	e5fd38672704dc8d957ea61541401088a6ca35ca6a71caabc376f831ca33b218
iteration_1137	61827	2e9360fd1bcdbc0d4709adc1061b905aac0913a7f95226acfb0129ff909b3ef7
iteration_1138	61919	d4b6060201dc1f07bde05c34417d56bcae0dd68f6f89eb0f90ed9e427d8d5c2e
iteration_1139	61981	8a0a5ea15068d6c6146b3929f5ce624c3cb5a59fb073bd9157566717de145216
iteration_1140	62021	8b5fbd55d6b659e922761fe4fcefcb31c921266d32bff8ded91e339719880800
iteration_1141	62086	57ce827d331af0cc2f213894726f1f2f4ce81c6806f5053cfd3c9070567dba37
iteration_1142	62159	e54685ca40b3f47eae6138857d17d9c38d600d6611eca3228219561f3ab136f4
iteration_1143	62228	4656376d38f1772b9a1142ae8360f583e4686c007921a5210114457d3a6e9c43
iteration_1144	62261	39b3f47699d837354befe76d979e4f8a73598bd58a535a4c483398d71ebf2303
iteration_1145	62350	702d652470a34b8e1d8cdb3239b5c034bb0df6283d20539147b54b6d05249622
iteration_1146	62369	f52229b1a931065a22be25efaa6c56a100abd991ff1175a8aa4e2c3b757da1b8
iteration_1147	62456	320b54fdf31b54ac86413d68ccc1919a2133848f02345d7acb3624fce6869bb6
iteration_1148	62507	cc72b7e39ba838082cc81388c06731cabf7f6e4950741a02b14434df6dcdbd02
iteration_1149	62550	b44075929521e43d2f3189ef1e8380ebbfc7cadf80d211c9e67edd64c1034d3b
iteration_1150	62641	26afc19eda8212ab52dc06f02af2f08a6b41c16e45e3709d1fe11bd820ac59b9
iteration_1151	62681	7e7fc988ad6f68e6131dfc6aec3cfe48536b4af40cf04f10f56c97a48767f2da
iteration_1152	62752	6cbe152b9a76cbbedabf9ce6d1ec32009950f01fc1d6e9f57e626d41bcd71912
iteration_1153	62797	b5882f37907b01912734daf138d0e94ca1d2e03a3775acb3fe141d564f28f5e1
iteration_1154	62868	027f0ee801e7fc3a374e4ddf95e69d7eb894f8297137ba5c35e0fa1526e97a08
iteration_1155	62921	0c38e4b2e26738e6bdf260f60946aee154b0a1209a21631207cf7d75eb2002f7
iteration_1156	63003	d95379ea309014c8006114c44d03485523f986eec421a0c2a4fe63893a711476
iteration_1157	63073	7924c1df073de64103eba1a2a471c603fb9504bbaae6faf2e26477cf3b37bd10
iteration_1158	63131	a51cfb9f8de50f6d44e59333401f497645053918814125b77f0cd503a783a0d8
iteration_1159	63175	e588af53b4e8992e765a517fa81c6913f854e5028b4fcdbd5c8efe283145ed9c
iteration_1160	63290	70f301c12d8f68dab79069ad9ad3e04c34bd28b39e9cb8ea3a3ec467fe646f30
iteration_1161	63349	97c528d5cff7805c28aa4e0d0ef9f08abdaec417800f4c538396321a59a79052
iteration_1162	63384	4fbade0b3f6e3befc263acad748368d031725e1da87eeda481f5ad2df9debd92
iteration_1163	63504	6f9f58e52831e3e94a1c7f6ed0d3d65ada1aca7dfb11bd48d968b52fb29ee993
iteration_1164	63547	289122931c6c83fd2309e6822f8f362305d8aa872fa49ab971ccf7b962b2eaa2
iteration_1165	63602	bf97ab3c32dae2dc32be0dbf70dcb87ba43e521a1707b08bd0667dc938559e56
iteration_1166	63630	8916a9d06cbdb3583f65b1b75b84f2766942c18e0c039a38ed2103b2c82a421d
iteration_1167	63742	ac26eadd42056309cb4686079098d0aae2b79938e2d847f54b07234486faa786
iteration_1168	63785	dd3629ffdf0e2351aa2b722d8988f00773f15b5a3449f60a490a1e0c91ba1d3f
iteration_1169	63874	38cbf08f5530b2c8a32c93975829e87ada35f6e4f80f7d06a7ab4d4f5309e88a
iteration_1170	63933	9a01fa775682146b314483eeba4e405077818269748d320205626c45313394c2
iteration_1171	64005	b69c629175102e9eaad1df206c8e8b04a04d5b11e31db905692279e1f3ee498f
iteration_1172	64037	fce82a3fccd78ced2f1b11fbffba1d1a7e2b65d3a46c88adac42d9e51b92eac2
iteration_1173	64125	c6fe2c3fe25460daf7502f58f0f15966e1056ded8aea13d71eb15a9d871a677e
iteration_1174	64136	89bcb9c07fbd4f2ce17d13e1c9106f2a78960a2d707ad3409b3012b0734f51aa
iteration_1175	64162	7a077bd92f2696c6911aeaefd025bc86cfced72fb8988c724dc9491a363a67b1
iteration_1176	64270	79b100b07e4798ae925cde780c0baa3020e5d065ca3b6a98bb117af52ae9a43f
iteration_1177	64359	58add44cb5b80d40ebf0b908322e1e8c1c89d4d3b3acc39829ce1e57d385c37e
iteration_1178	64418	165a88920bfbea17c858f5a43d6d372114cf0b9e2099f8ac5e5f8c5dea101f3e
iteration_1179	64512	f1ec37f25fe1a2bdf95ce2b1e796b84620de8e4072b091faf09e126163eac0a8
iteration_1180	64567	df880b0e874af49e3658e44eeedd80ca3d383703d14ac392ddc6e5d656c1b31e
iteration_1181	64595	39596d42a9149a1ec05b51073cf25c05f9a76239eb9737a51467e4a14124754f
iteration_1182	64658	b96c21288338e583a2d3421ec165dba55b1be77f9ee77066faf4ecbdcdd3eb0c
iteration_1183	64730	195f8d7c8adabc6fff98136f1456e38a4e72442371ab55d1374752760bc248bf
iteration_1184	64770	abcb5fd7959e791c708bf6ab34b779414ba68897bd4ff0cf1f70883743ee0d9a
iteration_1185	64841	6b0332fab0ea246cd52a401f1741177f4680df037496143f45428bf3e60239ba
iteration_1186	64883	3acdffe2b7a853988a14dafc13704ed7d2b0a3b9870965cd10119d3820ddcf48
iteration_1187	64919	0af4cc8bf382b45fb0dbadbc7b30c01d4d9ed01d7e835f94286e27fcaeb4f4fd
iteration_1188	65010	2656e874261de55564fff60e78208da49bf820ce48cf433b07144aca070f698f
iteration_1189	65072	b2916ed9ee657c1ac6f8bff0f1dabddeee523a11454e96539e583b405eb053fc
iteration_1190	65135	0c9a0d1fe5a46af0fff7077dc4f12974fbf47f094fe5a7fe2f569ac7418f244c
iteration_1191	65177	a9c62f1cabe097dea6ddae9c2aa5d24e57c0fe8209476cf31ad7e0a2e1042d64
iteration_1192	65228	18f322178457b4e885e78bff04afe311b85263f3cd283f222cadd6c1cf0b3dd3
iteration_1193	65320	fb37af754c54cdbd641d8440b6f13444e7aae749013ca0e50ed943860f79e727
iteration_1194	65354	ebbae1b956d5cab4846c3fdf3cd3162aaa5eb771612b1edb7cb729cdaa029b42
iteration_1195	65427	9e74640f0e0ba2b3ca48bdf7d4489d3e9069498510bd6ccc4cc6286b0280f616
iteration_1196	65486	8af27d094c2b6b0bf43d65e4c20abf83144df18c494baf106c3f84bbc31929eb
iteration_1197	65522	e024357f380e233e4ea98776c684fa8b2afc114aec9b88d3a7baa3e0a7c3b640
iteration_1198	65611	1da591ea80b3f9d9043bc33e9ee2be1a1122ead91ed4f7e9f189b2b82eae4e6e
iteration_1199	65675	309a2eeed12d3d71a18443cc40bd04accae5358f55809d104b759b4aa236c012
iteration_1200	65746	f12ad39407c794900981997ce3b2d734a4b64f29cd3217fbd4ba7483e9f7187f
iteration_1201	65823	aaeb6e2c3ea52979ed16d5e43a45c9a9efc5e6c99be434cb30223a5819899688
iteration_1202	65872	cd2531e727a42e93f2cbfc19ab7971b45983eca13bd8adaee434b58abf7d2223
iteration_1203	65935	93087390ad9f6f4835a8fa458ec1e4e781ebe453138860d7c4799f4064eca0d3
iteration_1204	66033	dae2a67be118242067638848bffd3daea7b676bb190fad09e9db5ddae9732241
iteration_1205	66026	639122b6d73847bbb2252294488fd86022e5c347119854e14ea9a2f9544bacfa
iteration_1206	66085	ee09f57e2314293bdda45932d103623d1ceb0fc091b967b75c68c38f025937ff
iteration_1207	66146	9542aefd89db7cc93fccbebc3b9563723dcebbac47000bd732a78a14f8ad8334
iteration_1208	66222	8d513205de4f0b4f432b2e662c75ab3b569f27c79cb9fb8dfb19c97b705d53bb
iteration_1209	66242	22e645ab21365f8c58f1743eec8117c18ed809e4bf0c2c995d3ed0eb6e7538df
iteration_1210	66341	78a486d3b1dcebc1b18937ff5133c8d4cff8b7cdbda04a6b3803218ca53b2728
iteration_1211	66387	423f8f6350b2583a3e146cea4eb687660ec4203178bc73bbc53333d2cd3b312d
iteration_1212	66452	08842f5615001267532996aca703001afa0e5217d350b6dd9929a5884438a54f
iteration_1213	66516	66d0380848605e0c9a950fe2c97618b6d89a4a8d1628dfdbb48e7d6f100017fe
iteration_1214	66582	01aeb1fce23fd7858fc86adea047bbb24cfba8758790b9e76dade5c2b115131d
iteration_1215	66647	7d732a4d1e4f7f48def1ea53f1f89ea51d5581e78a94fb4d11de8400bb81fbc3
iteration_1216	66725	141e98a0644799cacfee52069d2e3f9e8dea868faf87f223ec1902b16c623eff
iteration_1217	66736	7bd7398aa2569a81036a149f3f4b60c218821ec535de3d1910f22e016899bb51
iteration_1218	66847	b5dfe3dadf08d7d0e4eae968945c58d839b0d298133b485ccfae42ab58c19a60
iteration_1219	66881	b9abb555c5d912011d511f7e95bfa1ca7eacbb1a27546500e9e64b1af483011b
iteration_1220	66923	8175e854dcd7984a1005842f35cbf1dbc5409f4bca1fbe32686db956d8ddacf8
iteration_1221	66999	dcd09ec1fbf14820bf25b88d2c36ec8fe6623283a4c8b2d7f18d96ab6d903ee6
iteration_1222	67039	74d5e1f0d4b20bda5274c94af265b33e629f4a9b3c390a98c647ec0ae3bdf090
iteration_1223	67138	fe9161514ddf73eee9e76cb0a65fefbb8c5f2331ea37f9782577f03113c4a8e6
iteration_1224	67194	0218a8eaea274afd54466b36031e46408b2138ef63c88b6b016ec7215ed173b6
iteration_1225	67223	cee237fb8259c2be8682340c312080f77c74567005a607326a07d9dc6a78e2e0
iteration_1226	67287	3fdf094a66a178285b4bbb6f86b00afb0d0ae76a2f92435ae4d85db1fa5b254a
iteration_1227	67310	0846f88d4d3a2db4c851fdd9bd02505cf1c9be0e6baffe966ed9268fc8b417ea
iteration_1228	67419	0f67bd83ab06e2ca3dc161edd6d07b5d2b66436c81eae0c8882cd79cc6ee0ce1
iteration_1229	67493	52d4f009a034b055f74c8442f411d0d49d8c5b7e29407b6336543b694f92b933
iteration_1230	67515	d5f1dac86e9bbba40b48aeef1ec12b8efdda7f00c77233533dedd61294a63747
iteration_1231	67605	9e3afb7d20216d2823cff8b41d92ce80c3e2bbe909a3a106b6f6b5b47faaae87
iteration_1232	67658	32910233d713511c82df9a1b0f90322bd1f4d25c78a9200d1d48e58a375a8515
iteration_1233	67718	6cb97e902f47c4cdeb1c000eb27946199352e54f7b61a2294805aa2ef90150f2
iteration_1234	67788	52f3c878a53e34b67a13a357d1b185b491c1cf7684c1f7e0efed212b4b6bd766
iteration_1235	67842	f38793eea6c771829ccfa33969a1b51466276cc7399153f3073558dcb65aee28
iteration_1236	67899	93190f867b00add0626f5970679291f2f1915b59a0cee7f61e56148d83036502
iteration_1237	67933	6990f3dda47038326775b680eb6d54c444a352fdf48bbbead460ec34c5efa5e9
iteration_1238	68022	88a0aee56314129fbe86635bda70966ce784edab1e372a63174eaf55fb0348fb
iteration_1239	68082	3a96c4e135d0acd6d398c851224c7437e2fa448b905fd3428951ef7cd00b0ae8
iteration_1240	68128	183f8a998dc32d8dbf75361ed5acfbfe29bdbf241d7eec02f58c73af0024391d
iteration_1241	68183	4517d8a2bff144d39e8514f55848e861b2ee8aaf65a7239a76ed972cbea6ac4e
iteration_1242	68223	39a5196f61e56128cc5888be2ee8d57819c580606e7f1d4f8416c391f6b7a049
iteration_1243	68320	fac275ea0be93da1e36edc4e0b6db80945df2401fbc8e15fc91e4c8098d2b0b7
iteration_1244	68403	008c7eed22fcc66cd2531a87553aeb3a72113aef41a786d915effb2a4369b73d
iteration_1245	68443	2a786ac283a221320170129b6b0e21f498b674d94f4c435586a0b873803f6040
iteration_1246	68500	a2c7091b4e9c8c73911f45709723cd80d8e299bd4389dba6337cd83f1c4a14d6
iteration_1247	68518	2d9c355094bc8bdca452f4e8ebd995ff8a6529e68fab86ee30055e7ed323b1af
iteration_1248	68556	e028570fab7e075663ef3560c19d7d30b6d254d5816185ca06f061cd7c488d51
iteration_1249	68652	1005dab1781ca50288e004b5a52bde4345b5701188293fac32d678f4cbc9c389
iteration_1250	68729	d91448342dd0ead52f615527c5cd2a784b3e9282aa08a56d02777ca53d7313fd
iteration_1251	68822	730e81dd5750064c1fdc3e942c2c93934896406aa26b7c7dd7c14066df856934
iteration_1252	68849	5376a10c1ed3ca819200c711aaa5aede9819f0b0958e8a78b2855b3501867b53
iteration_1253	68900	d13171fc0f609fede3d1238b03812f0ce01fe88f91059733490b582df7f96f0c
iteration_1254	68965	8a20caca4be9ac5faf4e0a25bb05587891b91593fc0429cf062e60b6160859c2
iteration_1255	69049	ea16e04276a4ca20fc2212ec40797662006e76d9edefb2c1c120bdcbcdb725e2
iteration_1256	69090	f6d84103a1f1faad8eaddf1b786d8d6c316076c0518ed63125bf4eb5adeea16f
iteration_1257	69154	c0232e212bc15476673503980dbf1818dd85d0dfca81ee9c8efe4a7f51fb68c3
iteration_1258	69199	acf71fac0c6bd3103b7d23be68880b596133f5fa0fcb4d2c1a6c617a4d2b3efd
iteration_1259	69245	ebb1fe48b2240fe1b4a458bf723e8c3139f8ce6e0d719a2ea41296c68757681d
iteration_1260	69324	6e9b05821cc59c20d0a35254861c59e1abfe111f798f025c9a97047eb73c1b64
iteration_1261	69402	bd1509a4de74025036f2b716074ddf40b3e6d1f3b98fd995dd8ab4bf2fc6c137
iteration_1262	69410	19cd6cba2063656235f1ff7c2afa0f104dd34982f66a2927579764030714b68a
iteration_1263	69487	e1f6904b8c79699c938e0c35b240a43a35826fd792eb4f1a354eb3acee0ee962
iteration_1264	69572	ed4308d7192148714db9178e737fb6a553f6aed322488bde625f9929d9989f48
iteration_1265	69635	cc2d88e49dcd663134ef3764096841b83e1b1f9ee15ac954ffe5a0261dad128c
iteration_1266	69669	9cc2c5c33c9902cf0a26d1890b66ef39827365ce51f50e70e8d1c8999ed0441a
iteration_1267	69763	e88a82cd6538df53734a0491d3f22fc5621680bae64f9f1e40d3046fe3467041
iteration_1268	69806	6f06a3bee5085eb52eb4973c27b60a6ff3617166665d094ef8fed0a3cabdfde8
iteration_1269	69932	8deef00e84bcb81da3e18dc5ae738f945c6fd4c7d76e67d9b42f5be54427ab30
iteration_1270	69958	6b3cf3714ae3a7de96ebe38e861f22a880f3cd8cfc5ff7875f35024f95a856bb
iteration_1271	70021	e711da3d2c9a8931026e1ad26dd85a5457a630b33f5f8060859ab2ea7f028c96
iteration_1272	70034	819698530c6443a8bbcb8aa10825331bae353b67871b49a1fb9830acb4a33a94
iteration_1273	70134	48e0d2c960dfad306a823c426b916d769afb3fa223377cf764578c49b158143a
iteration_1274	70227	3ad94e41599aa56aa192ea45f22e7932406d437f0d455d6df30c24ab3bdd4338
iteration_1275	70284	d961e6dd98c1cd804073764d47c3e4ffd76ba853443494164a849d48263a495b
iteration_1276	70310	b5265664b0cb67831ae857636ffc4abbf7d988d111cf184f37c413337b9933bc
iteration_1277	70376	09b64afe01bfaa05b98cbac30d8a01c27469047b34fbdddf3106bd25c90744a2
iteration_1278	70459	164d1d527d433c06db6d9522b30df5c6879f10d6814a1485d82434f22b2b3715
iteration_1279	70552	00ab6ba073e348d8719d94fc5b4ffb6425b131be28eda4c9b22de4668da4c82c
iteration_1280	70570	fdde3e6ef979e21c464894c2eab41f590a485fba47dff654873718bd69c7f054
iteration_1281	70614	89a3de71ffbb2476bb6556a35b4e7ad2fd00d85a0b3214c0f5c0bc56fb830569
iteration_1282	70684	c10929f563de06f91bb3049805753d1e20241199b5bcb83b14753044a586ca23
iteration_1283	70791	8b059e189ea179193b9507732653f8992b70ae66bc54d3ad3d1f032e7bcf7bf5
iteration_1284	70781	faedc9e7397878ba848484a6a0b3bdb638271d04156ac97dce142b8e4ce3cfc0
iteration_1285	70904	49de394152d3eac8ddb443a2aed31856ea00cac6072a538cd94398176b98fc3e
iteration_1286	70942	5c1bd015d4a3edbd76edf891826ffc3dc99b4abf0ec2d7bcd319d008af417983
iteration_1287	71008	33f3c50c804a2c9d2cbcbb4c7692aa45199331c62bc237333ad4aa8fd1415deb
iteration_1288	71140	d7f614cf96984e7d054b6232324a22e2c52f3f3424654e77f0b1c7c65619dbd3
iteration_1289	71180	325766dae9b3a5ae862a2e390900b65330678a31750c0217a5df27b330dbd892
iteration_1290	71243	8f1629a04bc0e55a48a245434c35098b24fccec52100eac5755ba13d1402aa36
iteration_1291	71302	629c44f0716086f68c84d69819388b04e168e8f3f768334df0e1b25e8526cfb2
iteration_1292	71367	b4032e2b601c2a20b91d60621a53278e0c9ca1f07aabf12867ca95b11b963c55
iteration_1293	71446	8f6d4f72df5a3a05f839f1e57e1d36283523c56a5335a1325c17b6cd151f3dc8
iteration_1294	71483	f7bbde902e432632499dc4aa832cb0b6d057c4f31bd2d6c28142e9c7dc56e1ee
iteration_1295	71533	1a5d6022c9e65c62d8cd1ce2b95e0ce96e2b99ff0b759f9e2307b727b59e7617
iteration_1296	71626	2b03508cca3ce46b5c75afb3e7c3f324ea1e8d24494ef957f0e489d73e47d4c8
iteration_1297	71679	cb8eb265acda05be8b1c5228815597f53cdc49785628af1dd2b0cd6d22a470f0
iteration_1298	71701	1bfaae3b571df8ffdc3a3d9fe11d661af6abdc15690a573d84587f057fd26c1a
iteration_1299	71808	c10ebbaf90a196a35ea43af47ce936408dc69a59ac0253121209fae083c7d220
iteration_1300	71857	0f2fa99ccee2a043a66c97dcbc7d843d9be8b665087b8667f5d75c23ca96600c
iteration_1301	71899	b1250a0e20efe83d0a6bfe3a8562dfdc3c9053a4c4d9aaa6c25f5ca3bf705a9f
iteration_1302	71946	6fc3045e97872f81c4265f3b4f4c074e0a19dc70f0171f920f16f5dfef87e35f
iteration_1303	72055	008abf4ecb62f8ee6eeaab051ec5375e0296a5007e7129f9fb9e37720186b73d
iteration_1304	72112	468676c019c90f69a2832948f25ca68a833a29378cb5b2fb4ee284292f90841a
iteration_1305	72207	0f8eddc8e16c141ea790adb0c6f9efac354cda0d7c453c3255cee5dd379cb387
iteration_1306	72256	6121eece8f560584c1acd67ec78f7f137e5331ec73770f0dc9088831f80a3fd2
iteration_1307	72280	35b6e45697b36d13b744647606ab961fd8d294bb85d4a8cd91bdfb21ba098d98
iteration_1308	72337	8f34959866903fac5ec0dd2baf2ad8e690fd6c5147aa375bbb9cb9a0e31a2f87
iteration_1309	72395	bed425692ec73524bd4fab6db44b486bef6a3774385e872fdc17fc3fe04efeed
iteration_1310	72493	d6079ac087239da30dce1a5990ff751362816e3276fa3cc5f743705ed2161ae2
iteration_1311	72527	f48f3af19236606e420d4d7555b058d4761231998479da2be97076a3f9fa92eb
iteration_1312	72590	221117ef81190b4dd44d11a936edb7da568ab2b111c82e19201af023bb48f3f0
iteration_1313	72663	4f196aaa7c0a0cfc9a2b3fba5f5f2be732ddfe790ac5e29b6c0ac8162c34f5c1
iteration_1314	72726	a734b005a51805b5edc9c2d0ecbfe70b623f4bc0d23425205f1f3ac18a62c79e
iteration_1315	72825	1f347296c4a92665d02cb12ffeab1665f45ba5747026bde61b00ed35f7249d53
iteration_1316	72841	54105c50d0900a273ec34ad70d5be01eea75727a78023229d61804369fec5656
iteration_1317	72921	d6456e84770fdfd6f0678a33e9ffb1a297ce49692cba40c0f458c67aa014365c
iteration_1318	72943	6409f9a7acb9c0b8dc28d35fecbfb62ec99b35315a51a511f5a78bfe7f20dcd8
iteration_1319	73017	7b26aaf9f08f21cf75ecc95db3626bb6a05f03d00242a459d0e8a45e9e902fa8
iteration_1320	73110	626d4372fbb9fed60e246a7ded05a8657226635267256d6a100bb91f09e26090
iteration_1321	73159	e801a93e13a4d0d07057ccddd12ecc5294d27f976c4eb674d7281898210ac31b
iteration_1322	73199	88c6eadfd93f5ee42675bdd86d077ec9bdec29aba38b6fcc9631dd946ec7ada8
iteration_1323	73298	e1d1bd8df749b9b433fc31879f9f046658867107d6ff4772a09ec84b3b058472
iteration_1324	73355	ef1b96ca3ec9cd9191c9d96bc8af30ff6f7b019a24a98b399ec964e4c12515b5
iteration_1325	73379	f04d931680dad77ad3f1bccdf0d47d644245086394895231b59e9954a35ba3e9
iteration_1326	73453	6c8ae1e8ac2272f04501ff09cf0c627353e34921f7b5c980435ee033c2163e4b
iteration_1327	73531	29ab772c91a60a2f73729d224348ec5ff442c875329f192208e1b026ed6e34cb
iteration_1328	73546	62a810a04b5d7d68e8f86ab0c7dbc9455f5c2449433053c4f915e347597c3d85
iteration_1329	73644	34d05eb7ee7bb7813548350034eb11a8bda4142b1cd41297d79faa7980ba4e48
iteration_1330	73774	89dc69e2df243ee634f66f146ef40b9ced9b72823b751333923336acef05e84c
iteration_1331	73795	1f035a1c607960290435e0e84dc2ec5ed8f74a39f99d9ffe4c0a86a0f79b76df
iteration_1332	73832	5868f57dbbbc2cd2065dd40641b6fe4f8aa3c8f89d6db7e53b3dd8fcfe106413
iteration_1333	73899	5c4b980331de2fc1da56c023c8e60534c8d30312381f2af91c9b96d0bf50b97a
iteration_1334	73971	3a7ad91562b7b2047dc2f04a870fd6c0db5cd9948ed742cdf49b41531d30aece
iteration_1335	74086	04c0bf455d21bfaf3da221bb89e196e30a299a4e391fc3fb090946d515dd65e0
iteration_1336	74115	75eef03a9ab4e4bd72f785937236ca5cf0d7769d2a29d62fd5700a859b8ace01
iteration_1337	74117	c4738e0a1040f6807e933fc504d4f70e0c056e1f1371ea785eb9a40ee369c0cb
iteration_1338	74225	8f0257bc22c5ba1962a2f731eed19fe2ff8909dbc1725fef845a2eeb671028a6
iteration_1339	74295	9648974ebb821b0d3bbb19009cd8ef5f2555ebb1066eb8e50f2613da25d1ad2b
iteration_1340	74339	9113de41348a4e1348bdb0f2c2e00f56841b3c9a4b3222b8c55e75b4ec6c069b
iteration_1341	74375	87bd958c570da828531eef132e3544c43f7c72c1d472f0d09c8e0b4fc63fb10f
iteration_1342	74481	e546ef40735c30ac657ccafb8d5315e7b5b90d75fd2308cc88281da1588f00b2
iteration_1343	74537	3660191595432e2dff4d392c5c109352f7c3e750cf9116e72a395f85095df64c
iteration_1344	74555	67d7d94f0c51026c51bb85684d4e7cca15e452456fb1f0170434de5a3166f61b
iteration_1345	74662	7a240acd802afb8d6226f47e3960e6665cdb3723f177bc2fa12cccf72a010b10
iteration_1346	74675	33584493605b61c2b809a1fe0a2a3fe8e99fa3b82bef13f1cfc348ea76ae4210
iteration_1347	74780	4f21bee975099f325a48d844aa802b079cbeab05cb8b6a9b7d8ee0912edea0b2
iteration_1348	74820	298b73081dbb978a95f998d4d8e3c7e1ebfae362f8f871ec44de37c1ee217799
iteration_1349	74921	cedd2f62cf813fd30d07886e7e020dadbe7ccaaae5e894616b8ee6b4c0f1f3f9
iteration_1350	74968	f69bedf455e05b1a78ab0e3a85191b058105096aa03f550cb7d08c4836f3e605
iteration_1351	75013	647788086404ab26a6e5a0cdebc560522834ce60948aa5a0fcc7356e2f09a798
iteration_1352	75056	0ed8c89672b87ad09d08ccc16e3df46c126aef94e922ec02a1c9f2144df64b14
iteration_1353	75150	db08a8c0b565c827a4bf804146dfcb69ced37e45917cad97106479a1d3b1641e
iteration_1354	75187	98412e6f1650851cb7a4fce82b27994920e736267faf36e1e83ece247c080496
iteration_1355	75282	143a2a4a714a6a43444678f7c34910fd893b8217b351218283d39d3f56acd1d2
iteration_1356	75314	d24cd23a8e53a4e6119b1b982fd5446a19807d4e622011a2db3a5a9a2553e19e
iteration_1357	75362	f34c3c26fbf2fc5fabd5a19c6f0a8fdec5271a18a4b2a8655c0a68dfad4c77e9
iteration_1358	75461	e2a58b01535550f26a2c2654bb56e9c0bd814f7e5f29949d29ab773b318e8bff
iteration_1359	75510	a81c81428ff9062dd42b48343bf6e1fc58677e2156047ad409d939b10937b72b
iteration_1360	75594	7c57d7d2055bebed574f82973334e378853d0b4250b54ec44b4d6f6d45d65a3d
iteration_1361	75633	1ea727a3759b1f7bcd2315dee50063a9d35dde13473de514456c0bdd24ce63ba
iteration_1362	75679	58ee78c2df8eb6a5af4088dd38ad57019c4e007d9d47e7ec51866893987fb24d
iteration_1363	75762	6bad8f10b8d52099204a0aa3e1fbc4245d077be502433520086caedfda5614d7
iteration_1364	75824	0deebca408ae44ef75cc1e929c2f60143768edb19f5fec9c5335f9cf2f516741
iteration_1365	75879	5c45d6647f355719a2c97cf82af6002c35d20630534d5caf8b523d3b9b246107
iteration_1366	75944	68da4b37ffa14172fe4a4686a85eb8d5ad28c111f359bd38eaf66ee8a39834f0
iteration_1367	76012	ef162454e07ed7a061ae1574784ae1adc8d14866d41828b12bdfb8ffb77223d9
iteration_1368	76095	e72ac019e4c45030fe4405ec9a12386139efb1821d9fb682cf498448cd345a00
iteration_1369	76132	94a700345e461e96e456658c864f0c712f47fb7d78f41cd786146c12d8b6e7b0
iteration_1370	76204	81febe0f19148ee313a151bb253831106ffd1cd7f7bd88e43e1232c271c0f9c7
iteration_1371	76282	4a7f813644052f77bf84c5e6a23658c6df2ce28531d6ae49e2b8dd9b745ff715
iteration_1372	76311	938bae7d1dcf5389c43ee8062136a28d5314b4bd49b60afebdf50e103d435db9
iteration_1373	76387	b0e6a305821526a51fd08c5baa540c87b5f06fd696ee7a069d0cb1fba3029da5
iteration_1374	76410	60581853079cdf05646b7844145c04f48fe0d6a2f9b4f189121ea4c30e25bbe5
iteration_1375	76504	fc4d61b04128944b54b6511060f1bb783a8510194fab4ece915cf142661ccc42
iteration_1376	76576	fbd809165bb82e51a7e7a09b7d02d0f7e60e6337d919456d880ade045a05e0c5
iteration_1377	76605	3223ee3a3f48d91c8b46a6f0c3cb9ca01ea24d705411e7e38b9b4a7291233e4b
iteration_1378	76706	2d2e4be6d2c4954dd01746e9247e23eb22c579c1bde16436739d33aaf8637a7f
iteration_1379	76767	3f9a8c235865e1f9e0a19166fa01a4a3bbcd8544dfae161b372d61b4999697e8
iteration_1380	76822	52cbc17a15ae5a2faf753109fe46dc34ccc02b8be802071e0e976d6d7dfe36eb
iteration_1381	76877	7bd90db91db82116dc5e9f89c3b71c9e4a566a478ce1b5f967bbfda4a42c7525
iteration_1382	76896	9f753d3121c7e2d1dce7ba52bae2b064773712a8a29ab450307af2a9fcc6ced8
iteration_1383	77023	3086e2a57ff044ef267c5e34af2e00c653a3bb4d6b719a7a48186b6e1c963130
iteration_1384	77089	c2b6cdee8150776812ff416389e5599824386b1965f47e7e6cd890152cf3ee59
iteration_1385	77132	13506ad7ae6790380debe930594171fb71fe12bc00669deb655274ef344f483c
iteration_1386	77185	12a6d350da3e0ae5c38d2e9aeb082693cfad02533035cc5ae9c2c84364a9e4be
iteration_1387	77242	d93898936e7a12d4893224783d1b31bfd230ec574c72d4c2628b26c80fabc340
iteration_1388	77355	2f2402070089c4008b4e3c5b2002e0ed357863fdd6e9424e505c1dd966504f00
iteration_1389	77422	4fd2c1bd7a7ad8ea3454e76a9ecde98eb448d6687a401cd16191ba1766806ef8
iteration_1390	77503	b884fb0f7c70c78445a7319846fafd52685bfdddb4a5ab2625c9e88e2c3deedb
iteration_1391	77501	580e296c06e175c0c34884e789fd7a77e74b359fe0e8c005b4d800c53cd0d73f
iteration_1392	77606	3117558919e43564e5700da9e7f21eac1563df437576e0acc2b70ed89274298d
iteration_1393	77638	bab7b9310c93a15353c6171b9903a928a5a12474a797d9d0904e8e34033ac735
iteration_1394	77722	78f3dbcf85a43d07893459c255b3145654a71ec8420dd048ebc49dbee831d84c
iteration_1395	77772	cca8fcc4a29e7fe19fdbc54984e0e408cd38b4d0148ba74883db63dd17160bf3
iteration_1396	77832	2c720053599f2f2c6b103e5df1ddf7f004be535c2680879a029970fe46aeff0b
iteration_1397	77889	b3c8c6ecc3f057626414297425760748589054816fe9cc2613f34537a4e4d715
iteration_1398	77975	fa647a8e82f161bf92300c979c3a53bb85e0594cf642acff5153ae017dda2023
iteration_1399	78049	4ad52f5cec9b1f433e0f3812f76b889d151bb855069168a9760ffd4abfabcca5
iteration_1400	78056	fd8e1e954c5759899afe41fbba60f7f5bbd8d6f6d38c69f89534364675319b98
iteration_1401	78130	59b2fff62ba382a6d0313db96c91d5c2530339e95a94d71b496c934eb4a4a6a9
iteration_1402	78208	e6c3f02538521478acfd15ecf43ece1b99f83263396b0601108ca76e131a942a
iteration_1403	78286	fa1353694cbfc083f6ebccf2cbf5778cd350b5bffa4c2b41f62c351afcbefde4
iteration_1404	78295	390d913efa433497a3b24204a4015c36bc89247f6a34f794b6c7d8f37933c65b
iteration_1405	78352	af9b724bbfe92c405ba5072c177d05162efa75e1318b37710da4db66755643e0
iteration_1406	78434	deec5858b9d25dec3748a8666fe0327ce45ad6dd65fa14dc191a9ac53cdd3dbd
iteration_1407	78510	f4cc98caee4f5ae5adc9ffb08cccc9dbb0561583b9404fc56a8b75142abb77a7
iteration_1408	78601	ce41d2a6643f56e25e53bed5dd7e2f38f91b6be3f04ae8862731273ee27e3130
iteration_1409	78627	ddebb0630b53223c8606c6cb2bd6af2e3453f7a32fd384d3d7b8eaa2b0434cdf
iteration_1410	78711	882fc5d10d7147326400d54ccf6d2f1f27a977b1ffce10734fdfe74b25776dbd
iteration_1411	78723	748df11cfed5fe78d74859a5b46fad367e6dd2a45434bb39ddd50b3398c72e82
iteration_1412	78769	05073b84aafb6aecc88011c68a306d6668bfb4fb8d8a65d0146e46cd04911dba
iteration_1413	78882	e9ed45e7c84980784e652e7e0f58c17ef6f2cb4dca52110b7a9014d52a0b3bd6
iteration_1414	78932	f2df9a56ea5c8850c182a983e208bc8eeaa696e9f04c9379aae3cdaddf665593
iteration_1415	79000	7e4961ad723f0288373e93a880bc36aa5da99f1e40d632a5935c6a614c32d785
iteration_1416	79058	e1ad1bc54c098136d131544681814ba997b8fdebf1d8ab4b7499471164a27156
iteration_1417	79143	8d519349c338fd52205572126f67e5c7c7aecb7cf095a91cedd848ba6dc66c2f
iteration_1418	79232	5927656bba514cd6c9460b2c1b9a8eecd78ffe03afba65d9e614bffd9dfbe1c3
iteration_1419	79314	40fc196d7da995c22f891568dccd62e3f14890bc9c4163ddadf22301c4d5d063
iteration_1420	79348	67a9f2bac4f1a207822417c6cf50ee1b03070c6fdcc5b5ff451a2a6d73a05f0d
iteration_1421	79365	ebeb9c84ccd7b1ee8e339f839e26634d7af7b1613967df7fb033e7903b5abd4b
iteration_1422	79464	7bfa697e9df919d61e03b7bdd3c6cbc69b91ee74157070dee25f89d2e9e4d914
iteration_1423	79532	8bad653a97d948bf934f1fc5549b97a1ec06e77f642f5b02aaf40e98f367ae65
iteration_1424	79603	c0f7500541f6dccc12988b76f97c0ca1028617639e00fd735fcf9c122fd34701
iteration_1425	79680	ad86e2f2585ca53e98e96647fc0232862587d34b0585a011d09f8b585960f2ce
iteration_1426	79731	2b5c90cad222619b4f350c1b5e61d8bc96be0ab423ea711d60a0432297a956e8
iteration_1427	79776	91f5ec4198fdb93ddadc38c5669cd60b6eea155ded5b2878d7598364bd7820b9
iteration_1428	79783	6130f9c15bcaa852c3b2a5fb8defcba447c6011fa85e5d56975ba8eda6501955
iteration_1429	79886	cfa0b44ab832c8a3127fe4d88cfe9f3e5ca51e58e35947c8780bfc2fac8823fa
iteration_1430	79957	554493d0807a77328f84af85533c61de539873f66730825f0dcc47f8439be6a8
iteration_1431	79973	dd1dc698d8c2e8ee1f70509bfab30d3034821097d5d1b73ac3d7d9f3020dac06
iteration_1432	80052	d1875d2596c5996f0d4e93752dbf570eb0bf1a152eed86786aa95c96a35d72c2
iteration_1433	80195	0c74fdc0bf9ea6345c91f91ab68842e12e8a9b141adc1542deb7255488dd9706
iteration_1434	80229	42c8aaddf644fe3dc3c195bfe0eac370989bf87963a7659d01c01b54648cb736
iteration_1435	80266	30281de9624538c22c42dcbbc3eaed73fcbec7d7fb5b95dc16932d602b014108
iteration_1436	80348	096d4c786f0cb24de027c9ea3c4b6b57e63b97bac316ef24574673e87f2fd835
iteration_1437	80371	ba7e27ae7da626b8daa43bc0d10b54f88da9cddd374180e280112636c726eaeb
iteration_1438	80473	60f74ce12933bd79e984b9e4ce531eca22d4a656deb85b186193c0c14612eeff
iteration_1439	80531	7e5ecbe330403ac2d28644d8227b6608ea4e13a4c4b7676750a65965b833c0dc
iteration_1440	80568	a99d9533e562819e23bf94182638a86b94a787142983bec4e9ab2578439d789c
iteration_1441	80647	c54632c5d2d454319a2e75e83eddf9bdccad8563abae4478a89db9beeee0c50a
iteration_1442	80645	28966d38ce104f83f192e469531fb94ada70a8adf82d826d78e50ad8f1babd6e
iteration_1443	80796	63b351f7ad6407ad8a9b0db9e19984d92cab69cf9f399d0b73c1729545026b1f
iteration_1444	80852	d117e1b08d0f61db44c62e60a132165cae3a840b3d5d43b59ca1f70822e376f4
iteration_1445	80898	293015a9c5d9c9b94f10a690d636a8a9af144f03cf61904db5340ce909a751cb
iteration_1446	80962	551ff4c094f7bd9b5d64ad358275c8030f3002c2831940f87aec9e1c70185038
iteration_1447	80995	f0d4866d9db4d42359970a992dba9972987b357ffd44b0767d43407064819ec2
iteration_1448	81017	617992f009c687c63c83f88408791b2704319fd84427895e161f11f9ad619976
iteration_1449	81097	bdcd97632b446b0a403ff1f99442f96bb0e703342d9db99d8f5c5cc850b5af8f
iteration_1450	81187	3673e60da791f2fa93700580fda21e566b47ca7e898fd90f22d0071de282ae91
iteration_1451	81233	eb5b0c7515f73fd531d5e129c20789d9ba29699a03245e100a3627a0a85a0371
iteration_1452	81289	c90e767034470c593678fea56fc3cc8e5ef855e6c9fab1a287e0762883750cad
iteration_1453	81312	f24563b6f3da8c482de01cbf819885f19a84a8d72d9a20d08f7bc08855301182
iteration_1454	81406	9cc237ac411b44fd4be8e9e1d83a7da9b594c800ebb933529d18e8013b8f8170
iteration_1455	81443	882deafb60313c0185b1cccc3b310cae8185ee5de75ccdc5f278922351f83cf8
iteration_1456	81552	3f6e7b14a076e688d7630fc061d60c066a0ff3f849e65afc46838e46dc65f4db
iteration_1457	81597	e69c44d53957edb85966d3317efdbd2bb935d3bba5d5175429bc0ed7f4eaf4c5
iteration_1458	81637	586b294d6aa4e67eb52fced448ed431795044943cad97b01c00d491b196a5a2c
iteration_1459	81704	731a95f3afa50a1b90a97394af0e76cc2189edd2ca941bfb4837daabd413ffb0
iteration_1460	81767	227e3d45ebf7ab97cc504b176cf2cadf1f87ad97017419716b899973d8187525
iteration_1461	81821	05c59b3b5f8d5b156aa5d451815c0db11baed08682833a15dde687d847ebadfa
iteration_1462	81867	fdb64fb973f153dfbbe3794052db0fa357aa6f8cfb0071d35128e6f6ed4331e6
iteration_1463	81995	3c13205a9b1a72234a59c7840668a2844c6f96a3b438826ad3f2cc236d7c26e3
iteration_1464	81958	1037fac59845b451653d8e4520907c995786a6623b4655aff2c4fb0ced4f41bf
iteration_1465	82104	8e9cfd15b78b903cd7e3a8a2739792d0d2b6de49c6d0fb70c70e7d479e4426d8
iteration_1466	82131	8fec9d2913a80f7c8be42320e4633e457be041afd8b1430a7826ad8161971247
iteration_1467	82197	5af54e4d721254b9cf68cd7cef70d7f5f4dd8a57ef4c109924edb54bfd14c9fc
iteration_1468	82252	4f8e15eef5bd8603dac6435df7aa257437539de85449ed7ecd559b573d624de7
iteration_1469	82305	6ea242e3b951602229cf0b275875ee053f4bbc31a44b0ad21529c267559af6d8
iteration_1470	82383	ea002b99f6ce600567db3717c51e877ef74f282f9ef13d21c8d015c25bc90e67
iteration_1471	82415	4cacc5f75bd2890c4c44bb74b3b5f83c6c2a4c5801b214bfec225f09b8785eed
iteration_1472	82453	42fa3e0b2dee0349441f6b4cf9238561afcc0a3389143e0a51ea6e5895bbd91b
iteration_1473	82548	d1ba21368b888c1c059b26790e6507b757e45363698d6b59d228804e77276471
iteration_1474	82587	60b210146c5e68f04b3c0f9837e1001dfe7bab8b796be6d3c680049d066d423d
iteration_1475	82656	288d0fb1ea4a5486d915646f5c45c07245a26e715b0d924eb949b159151fe917
iteration_1476	82737	70a66fa1b139b153f8a1f55c3aa3b75a00cbbfa1849624ff208ecb23aa74e4b7
iteration_1477	82785	0937628c7e3dc8cd98422e00da67254378f2f9142403c315c28d9d8249f0d188
iteration_1478	82885	05f2c220072628cf7cad52db7d594fb8c5a995318f00db2518a7d8206587edfe
iteration_1479	82943	28f871221e02ffe66160f316741f0730b1f732e12b01e34028dd524eb9503e9c
iteration_1480	83003	41bfbb8b587829c6a1118cedd90e18c79bdbd87a195dc34ff4443ed40e4b9d2d
iteration_1481	82997	17209fd497146d296c74e32cf49b2cd11f72177306903697589e47bd36d00784
iteration_1482	83126	b9bdff1a6a0acf8c734aca8c0ba5dbad2c54d49c8f8358c039f21a8da877c494
iteration_1483	83203	13e6b5dec3c68ff0b8b93523fa110bc99fbc95e7c3d39c949f41bade96a2ab93
iteration_1484	83237	52ae35d16097ea024e909ec1b1425dfdd10d9cea34e0aca186a37167eb06ed60
iteration_1485	83274	c95edcc7916f56f3715275b7d6247ad4c48febf7dea9f8a3949ce868c028ccbe
iteration_1486	83371	0c948c35e2059cc3047619f9fb091528f46ef0ac990dc7bb859a175ea87001eb
iteration_1487	83423	45b1068cf0ca38bce0875dbd01c1e9bf72d0343e81f5da122c3a7fa704de758f
iteration_1488	83524	48b5ba7d2fcefb001f7806e1a9228f69783a5690f6b53ffe8e49dd368bf02ecc
iteration_1489	83590	3e0bdab82cbfb2f4b32500afdaa95d87235ef236427bf6004755e76b1e57e9f3
iteration_1490	83639	0ddc6170ab48a608db5adf8e2362dc270ccd95a2d7cf7a87fbe7e9eb9f206c71
iteration_1491	83667	6491a45659c0bb0cae7da5335dfd6710848a1b2182b2537f970f4e84be41b8ee
iteration_1492	83736	86724003c9ede64896dd2f68a4c442e3e8d09d7bc4c38733530f3c8e655262cd
iteration_1493	83783	d909b334e105569d980bf577abb9f17bce7fd62ce31d253a3cc9878ebd2a89a9
iteration_1494	83840	e6aff24375758dfff4695cd8f60c183eab302ae0cef6bb667de2174ccd4a2784
iteration_1495	83918	1adb911626b71410358508e65d4494c1c58667f431b7fb4fbab3682f52c90773
iteration_1496	84017	e11665fea0f5d80bdb3eb5ddcf637da8019b54aa28bc5e4fd20a98921b584c77
iteration_1497	84027	a6c5ee401c4e41d6cdbf7077bfa3936f135b22035b982a6983f73b2ab009dc25
iteration_1498	84086	2e0c14dc8b3ec0b9551295dd0b5090a56478ad8f7972c1e8a78cce596d9e21fb
iteration_1499	84133	e8f29cbb4ac517bccb0c85d27f464e0a739adcca9ab50f7224ba3e03d70326df
iteration_1500	84254	e4a09bbf9486fb42407d774d39f8bbf6d85bcb3ec465872e6976e092a2fcd20f
iteration_1501	84242	3fec5dfc5ec974bab15360e4d4b477fe24bbd660510c86f32d1516c658c58fc8
iteration_1502	84330	6c73335c476effa7499f46490114587122e9b5fe4892e43fe9508054539e38e5
iteration_1503	84426	cbabe7f5e30b5914366f52cc06f863ae0494068d7b30f180ae4849bbd2337373
iteration_1504	84448	9dd23b2b7b25887fda570bf5f78ab493b147bdb65703b93d1e82c2a15b9a4bcf
iteration_1505	84511	9772fd092a0196cd57c0cca06e7205363e31a8dc4770b43c2a3e582c2c9f175e
iteration_1506	84544	96105a4f4172e50198cd79288ac68b17319f66fb8428d3a820e094658c3d329e
iteration_1507	84611	7e1073a54021fce12a9b4470d27828bfc062680a2cbfb4fb709d93d9633e594d
iteration_1508	84696	93a2fa2d8e98af8bcc34e8122c6e28b280f7c46a75e0c984645183eab140fcd4
iteration_1509	84788	07e7da85bfe81c80aa4b1eba10a11d70a6504b6e980fcdbe84ac47ebea3f836d
iteration_1510	84790	aaa11d834efb3521f71fb07fbd77cc5f63a4ea9716adbe632827dd488eda2356
iteration_1511	84871	45a6a8de013ce98d7c305d7c14a0af6e64d5ee6c356cb3de4e184069275bb99b
iteration_1512	84964	f87e049860b0bab35e33c3bf38b1de33d3bc0a24cfc451c2f685c9933973db93
iteration_1513	85028	61d0c3d64c005477f02ee9211ad2d9c4068eed825d87d0adfc67243ff3700bce
iteration_1514	85080	090c701fca62b3569ccebb94afd568378c74ced676b5208ae1d07f38662dd10e
iteration_1515	85102	b0f647232358f30e7642b0bac24aa1e80118e7c74833f9092a671751819ee53d
iteration_1516	85186	41a8096b22955f8b2d184e8d43bbb896f75cb2ed4493f9657f9add80fe6ecfd3
iteration_1517	85234	f141ff691e5f695472eb1c0cdd2a6fa78ff78343aeebe78b5fbae7b3a17b4868
iteration_1518	85312	9e76b9047803ac394390773f5c9e9351eda734fd290e71e80f8195c0741b40a4
iteration_1519	85369	527ab5789731ee8f617bfb3e0cedcde028f8c5aa00eff2426535e824a774f268
iteration_1520	85416	284b0312204b58bd0976f977be50fa02b2a988804731dabf0cbd4398474ea0a2
iteration_1521	85425	62422aa55104a4d4399cfbe694a0dd0b8e38d5da4d9fbe432da54368b65cd7f6
iteration_1522	85494	1007bcd05903d052fe5d78ea13793ffd9cf851a734952764a2dc697e08c3293b
iteration_1523	85613	d78e40ae533d0273195472684d8569462cd597ffb0684f8a2c9562f81b34d6ff
iteration_1524	85624	7997ee6e8d1838af7df2f6afd1940bbf34b11cedb357ea974798b09ffb53a38c
iteration_1525	85660	a5dcc38ab92dbfb9f984193a67bb1bfc41924406f971b04b830374ba80d57880
iteration_1526	85756	f35e6ef486d24771b606904080797f2ab7aac654accd14a5cace6cb9bb0bd229
iteration_1527	85821	a8de88515c458a0fc7bd2674e0c0ae9201ef243f7e5bce6311593d46c88d4dd2
iteration_1528	85892	3ef41f15d2a4349ab7dffdd6daece410e52de1bf11b92b1d1c2d6bb03979c229
iteration_1529	85963	fc574a2f6d0f31c0fc9fb87098e132ff5a0ff1444aca56f40e08f8930d8df51e
iteration_1530	85955	c8bb21d2450afa8e1a8f33383d779bd05e76030ec359e1aeaf722e8f45cf92ab
iteration_1531	86043	926da22a4e01a7d820776aa4bfe3e731a036b0b2250bb1bdb09780a73bb4b11b
iteration_1532	86131	ffc458972dbf36c34333e7f9e46048313bcae9fbd3b6675583e4f3653207a468
iteration_1533	86158	0b18692e0d7f139c49048f44fb51fe197835f74538305e8c87226cae42e46ece
iteration_1534	86268	d24c96c5f1334ac92997fa2a542d2de9bffd216cf329fb023e921b6be728f4e7
iteration_1535	86353	45e06a66a6c82ab6023bb097ca0615aa340f4c740ab66223f53ba4b4e56bfb85
iteration_1536	86349	a6ee1bf86838c4017097382c5eaee26ab7ec1f4fb05d77167c3b8fa2d209ee17
iteration_1537	86447	5375942d09f22bb11321208038e2f1c5c48a7d4fa4c936e3107a631a49c1c5f8
iteration_1538	86450	2ffcd4ceecac3426ea8f5dc3709e8ad87a051ca9ee28b428f4afccc32e7a0843
iteration_1539	86555	77e039eaf65888e00ec70446919f439ef13532aa7b4cf9558b4c4a2f2344277a
iteration_1540	86669	df7e549e2ea4f06bd4be44dc5ff4d520de916a2aff80de310d2decd3ba5ae1eb
iteration_1541	86654	7760d2082dec7c636b73aed4819dad7e082c1ca4d78e19ad8282d972aa99a62e
iteration_1542	86710	736d46c7606faf12ffb78d130e350958dfe42a244f62995834cc994c8eed02b3
iteration_1543	86811	14344e2007dd082ae8c2b67ffad1dce0942ce4826c91017855e03ebffe9c03bd
iteration_1544	86859	f3bed4d3c04f46f81f273069680f3961bf0c510388d7f0db97bab44ae7f8f7ce
iteration_1545	86928	2808f53810424e71604b801337dd1fa27277ee19e7d6e9f979823d01a05d07cd
iteration_1546	86965	1b053dc53556af0e98db8acc9e4d5bedc9e18a6fa25a7ef7f3cd8407d8a405e5
iteration_1547	87007	376d755bf4fdd38ed821dbd05121036c876b977979deaa6d3f4366e1b0be5ec3
iteration_1548	87142	c67c96774c32bdd74574fe33330666ac1b085fabbfa078f7c4178124ab9b38d0
iteration_1549	87155	35a7ccf34c24c58134280ef272053a4979818ad5f24970864d1cb82f27295187
iteration_1550	87211	c632784ec35743212b714402b13711c1dfa48162309562fdd2e727bcc5b22d55
iteration_1551	87272	62994c3241af6796d51a1f311053e1090e6c18bb6bbd63cc3f79a3f82edcd04d
iteration_1552	87357	31ff7bc815432aa0f55236abe65c4dec5666dc0c5259ca263bae6eb718665f96
iteration_1553	87443	e55add50e32ffc2124719fe66b872fa8e7a875b099bc7bf2aa3bfe59bc80a010
iteration_1554	87529	6a02cd558786801d0615fdf471188c61179fc1cbb110fc4285bf8b5e344dfaf6
iteration_1555	87585	a4c70cbcaef8478e737c94336151f9da5ba20c131966268d14bd28e04c4fc4ee
iteration_1556	87659	e76ef37d963d401b2da349824a103985130fdddc6f0c5dad433b1a12ed928efd
iteration_1557	87637	edfea26167c8786864920a913d7b7148160caa5cbae1d038267eec3c970276ad
iteration_1558	87714	11584f8c1c692047fee854162c238f88931614aa5a1b8476220ccbb10785aa51
iteration_1559	87773	d88a4b067423f29c553ea040c8442291e17a8c2d0f7dc731a8cf5df2f21686c7
iteration_1560	87874	33530ec50fda099715e599180717d85a399414de94a1df7119454a2247a097bd
iteration_1561	87945	593fca61c61a31b24088afa4fd5c7cd07138b3ad5315bd99a832de0cd556e4df
iteration_1562	87975	707145ef658eb37ae1e94c9729599aae9de455a0d5215a2f998112cddebc9435
iteration_1563	88058	66a502865a73ef47daa43e70e037ebc9ccd60e2b6a188776c864024b2ec06dd5
iteration_1564	88189	79908766eb832cba90fd0ffb87ede1518ee52ab250791d9432086feb8c1c165d
iteration_1565	88160	1401824a2e47814059c3a16d9cb37839942a40a7640233f28b0ac0c3d259f46c
iteration_1566	88260	0c481b02c405a3822a02436bcee377ba67ba47eb60e7da4f846a55408c34703e
iteration_1567	88282	d6853c1b271beaea99066bf712aba0bef6a7dc32b041a6b513af29b2853e1007
iteration_1568	88383	af3c23dbe498b45d697b80ac5ef88e5b57dc0aef32a821bd0defc6be2200830b
iteration_1569	88408	f0bb5bfe9710580014187625a2d6691f752bc6547544bbf2bff187a61cf4452c
iteration_1570	88554	2c215ebed704b0c37df254195f5a3cc84e83d3e2a5c6bdc700d453982f8fffb8
iteration_1571	88525	27b7d541f06b4f25fe220402213a8af9f1ea2f25bff9277e2edc37af41feec6e
iteration_1572	88580	8a8e9bf964c14521cb2773d5aa86ff7252a1cb9478a0e0bd5d426b6ec4e8411e
iteration_1573	88686	bb6bf26709c8ee37c27b5ed8292b2b76953fbdfb17e62a1322d92005449e0050
iteration_1574	88770	66b7070fe61cc2ff31189ab65ec77b8417ce3dee9534d66015bd800c55008dee
iteration_1575	88852	2a25fda5d4f90e0091f20538a4fd9b6300598eef99d4d298fc2f9d655f9ada10
iteration_1576	88924	0773b2b9ce858942ed81e82a10fc1eec065e4dc837f95ad38e0fbe45b55f2352
iteration_1577	88933	81d3be3ba4bdf4deded2c5d3a088ee3bc4cac7f1da737e5b6d2d280f7d2cd741
iteration_1578	88973	981c84fd9aefa9a9a7babb9ac8399bff83d2f8ddadb94253ccc7f850efc2d5b9
iteration_1579	89075	441c401cc376fdb62cfdd683c56486d9026c359905ed34849ba6247e4b25da75
iteration_1580	89088	41ffb7b727d092d01513d4239f93fb4162803ec3174ad1bc5baba7f29a4c52c2
iteration_1581	89159	37a38f01dcc637aced80c9433232a6b62be4af566d5150ffca0b782d0e093424
iteration_1582	89253	c677ee3e12f4b9e8fcabe02b32578b71cf475b1e9ed4c2c3c4dbf64c38eafaf3
iteration_1583	89279	79dc4b1774e7f684c391e660d9f15d0ecb8579b76a711c7d42b6ff503f9ec515
iteration_1584	89344	045f12fe28f285c7ba5ea15856b73efb4589ecf10d7b8026fe81ff92b8bd95a3
iteration_1585	89441	6311f27f4fb1146b410264d40de0dd8ab057396b1591daf4b5b2cc9fcdab688f
iteration_1586	89460	d8e929c77cc22eb6fedf5197c5b809b495642ca0a3abdfd74b7514ed1da65739
iteration_1587	89561	61aae5b679103d440cc01bf805e7ea09f4014f46597932186a874d1d981ebe09
iteration_1588	89601	a735f32cb54d04f56284b22dd38775e54476be2201073db0258d0da669158dd2
iteration_1589	89645	fa6cf270f0bd21d80ec9b9ca530c883468b90bd6168036988df4d96e0f0eed49
iteration_1590	89692	792aeafdf2aa8d94fa0d06d82f3d8685352a6b983bac021dde26fb3e3d2d7bb3
iteration_1591	89777	fc51b552237b8d3523c40c4780f0dc42613b74ca4eecf59879e877d137d30662
iteration_1592	89838	ce68aef46eef2132df828ba4cec00e63b2e476c05d617c3c1501b409bdb46d45
iteration_1593	89908	c63d366a07481fb1f5b6f85d80db78846151c3c0dd03135e6cd03d98da677450
iteration_1594	89962	1acf366feb698a7d29f4f9ffec2b9f9daf7ac55262d11d02ee971e930b5fe3cb
iteration_1595	90049	cf176b39336f96fadcd566651412a324737c55d3b1e07c884928c63ed76aa723
iteration_1596	90065	5ee14ef2f6417102515bc471e7a6c79a0a0b6fab0fadb340ca57141a6d973c3b
iteration_1597	90133	b38370e86926e38ecb3e8a28522dfc97c55d474bfa2430d05f00b5ed0f671a60
iteration_1598	90241	08f444f2f121acad51e2a57884a0fb0d69249c381ca9fe7a5aefa102f90e20d0
iteration_1599	90281	492467bb81d9a4a280c6f9a26bec43bc08ca50b33eee43ab405b2243a954c653
iteration_1600	90376	e3a0ba5a71194c82d3c475045d669821c8e6f43aa4ab5eb1d36faf218d66c269
iteration_1601	90453	dd08bd16a03c284b289a42737f0d5acea478f290a4870d088b7796e28ccd3a05
iteration_1602	90477	22f167b234693034f31eeb6a9c349c01a07d5cb3bbeb546263a4115855773723
iteration_1603	90544	e2046cb9874045a6136a1e51a033f3436ce609e860cdef680cc2939b332282b7
iteration_1604	90649	03153d35e6605e4fbcc66c934d88612d2a831031dbb4e9a932356142e27b4f5f
iteration_1605	90705	dc96d7d43fb8773af0370eb69b3277536411947717ea37b6e087b30c06e24ee3
iteration_1606	90739	5b99bd9cc0e1d6e3dc57a86fa34debe809be4734de419f71bd793f76aadf4106
iteration_1607	90849	496ba18203608a80163ad474a7b6f788a0edf3c2df6c38eaea7fa64d9e4922f9
iteration_1608	90867	5681a04cfc1a0155ec163ac92bf224789074fd78cc5c24dcc8b2e2ff8cc22959
iteration_1609	90954	b24391241b1a34e80f42e51f88626cd23156145fe2edcac1fdbd089b93f9413d
iteration_1610	90961	9385469e21d5a8c1212fbce44549ec3f0ea4cd6bbef936baeae2d077f069897c
iteration_1611	91063	a6c9a4cc7bb49d3c64eba711bd01ce789778225140272b2d3ff8314e3f28c1da
iteration_1612	91087	53c911da39f7bf64620006864e1c439c138608890af83e63c902f3b2edde9f00
iteration_1613	91128	eaf8831cf15881129f51cebd28c3d7ffd346b6a2c8bc5e2fbf2186308c2785f7
iteration_1614	91192	8175f56602f28f7782f0072f9b3ab3295fac057044fcfca23d87cd2bebfe0f62
iteration_1615	91304	f1f5ace6d5a2357b8ce5c76056285c7ee2f7aaef1c948b77c0645c257203c5e7
iteration_1616	91309	b0d7a614b7d01d2ad382f8582d3f3a7edfa335e9c4afb8ce5d33411425ccdf88
iteration_1617	91418	29b1e12fa959d947d1899de470c45b2cf9bb86c15d466514de8ec25c7ae38aa5
iteration_1618	91477	a50ad13519175613e36e35a3590c4136f3912ca257e01cb726cd314f0efce02d
iteration_1619	91540	1576b4caf1c4ed841c50f81003681f59862979c8694ab478b93eff6d6315f022
iteration_1620	91588	07176a6568176274e142575a906b55f3fd68393a8fcbffaaba1f1e22a60b0c29
iteration_1621	91690	11476374557d489a44a95e7d846ee2692965ae0eb6d3b4382acfd605388931a7
iteration_1622	91643	ec627c902354524e147f125273896ec7e36347760b57469e19dcf1f6354d7237
iteration_1623	91747	2dc0b3a731a13eb411dd66ea1d83ef3a902b868b60c8b1dcac0a66ba8ca24394
iteration_1624	91820	1c188c26495878e297bec41ff8c3f67a11ef1f6902befa06954b348e7e404d50
iteration_1625	91911	0bb0ab08f94b93149d6a59313ce075285d4dff2daa6cc213e648ed06883357d6
iteration_1626	91952	61e9303c06f2dd3c296ea418409c3f6aded43359bc779ececd4a5808486932f0
iteration_1627	91998	bc55e499254aacb6466f0944d7ed1091423ac120c15d9b087984545ee1b35f83
iteration_1628	92060	dee54a57c704d74f4477ae806b2b094ed912c218973a7f135e1d16c3906e0b29
iteration_1629	92220	b0d2da058e20c681bc7f9746664c2b44a9c90198ae97aaa98bbfb6e083bcc758
iteration_1630	92187	b0e6d56c5b4da73c984be8a65ae161de751abd100d9d01458ca09b0e05b86882
iteration_1631	92268	08c0c2cc985e369b8bad8e8ad4c19834923b2be32d78cc08d782bddb5d850955
iteration_1632	92343	3efd238e4d2039c3e26901ea54d83581855e7a2122ff8394c7f7778ee9be2be4
iteration_1633	92414	2b2a68320722685c6aff740f7235fbdbca9d68a6415f8d00b5de2f651535ee67
iteration_1634	92485	38c56bce000caedc7170197d661c4e7340b29d9835119a31ad033aaba10bcde0
iteration_1635	92502	2242f3474f1ee893a5fa56f621395aa924cd2816d05d20178e9b44134f1f7ca1
iteration_1636	92592	75a1e0d3f7b1b26ea1216d0efbac7317078c49ff9665cc98367bd887c5b5b724
iteration_1637	92623	7768de92038e18cf0128e4ddf41a5c1f88fb2a7946ba42e921d2ac94c9be7502
iteration_1638	92674	c72aace2679563899584ffee0e754f27e865739130c1eb19edc63af1af099dca
iteration_1639	92775	2b4ea88ade2f642449650015deeb5cb25a1465734d6ec817bf7d5ad75fddd15d
iteration_1640	92844	7f76856f280ce6e34b09c0ab1796466c2f53692d82ef0a062975eee6e23618f9
iteration_1641	92871	293373acce64873b28b43b60d8de1117644d9f27237ab35b5a7a9ced8e8fb705
iteration_1642	92952	ee862cd2ff5eb0d0f3ee5cbb911ad24aca231386f82a1f091a93ebde2682f8d6
iteration_1643	92976	92a5d38ce2f491593a5e4b76df970d70f27be4dcf529866ea0a80fc1b404dbd9
iteration_1644	93013	53dade7acfdcf3c6670ac12756b3ffd37d2e07b1135d047a799d46623e3b0d40
iteration_1645	93120	fa4b3c9315cc09ca191cbd79278c7a566dcd7470d641506876686dee6386c76d
iteration_1646	93205	c194869e60f751e787e0cb808d9f92d4d63aa9662f29d527f60d4a4aca6fc773
iteration_1647	93224	7cb28a8e25cc26ee3fb727dabb434cd55405fcf57cb8262097e0e07904da8619
iteration_1648	93354	31a1451e4023d8b52649213ce0358bd2fdc26ef81f6c6abc5ead635943f64b0d
iteration_1649	93382	400756bb6f65697c0ac8c581bd91fca6f3e4f6cb564deecb89febfeeca77d7eb
iteration_1650	93439	7dc4b0d44d98a4c8e91f3b358ff0e31b2cdefb815fceea9203e16e48b10f51a4
iteration_1651	93506	27942f668d4de1ded737fff1bb4c2bcddc4ead93c4a84d77d3378b931703a8ed
iteration_1652	93581	fc8a1e231e0de1e33efd22ea4e683e7d4e55135d39859bfe73c09adb01f20921
iteration_1653	93623	88c189fab269537f869dd18f42ff609aa59fdd85bf7de739fb1960217a10d3d3
iteration_1654	93633	31be31e5e35c17fb6a0d2a620570e3aa9eb945d81a3309c57578fbc84562656c
iteration_1655	93720	11f43ac42bafe5fb29ac02adc412a16d2973ea357c8d6064af3146fcab5c5a01
iteration_1656	93844	2aeb2d40c74284c66312c7c8851d6ea9e0d5f013c65d04a1d8ce6e117a8f01fb
iteration_1657	93853	847cb749e90e079a15dfa4b9442b43ad9e39d7f636d9a4286bcfe0f397507e68
iteration_1658	93928	fc68316cc48a22f746a81686f821cf32415d4ae8dd93f9fb61392478bfbaf1fa
iteration_1659	94005	0a78efaf6014ab833a351adf8121918060d30a5aeb43c404582e2af94cf3af5c
iteration_1660	94042	c66fa62206459e3aaaf717084973c622b916fd0fcc1bd5ce439348599be60a8a
iteration_1661	94111	a11bec6ea5f6699ad16a3b74a7b9010d79336cd8f612f740cb72fec2f42f2ac7
iteration_1662	94160	f20c9516e52898df4dc817b17170c5456addc99e31e009543a08cb6c42f540b4
iteration_1663	94198	d157843cace71598476e1c427ce5e31a66a437b580234315c4ccd6553f612996
iteration_1664	94295	9094732e8c5c4e899c6e3ce22f7e8dc01d33dc11c9b3ece0be24dfa284cbe553
iteration_1665	94344	32ed5694e4b0c02c5310333ad8aa4b575eff1ac1e5e5c00a165baed95e0f66dc
iteration_1666	94441	c7b26f6a93fe81df1cde86fb91d4cff7317527616b6abf99a996ff98727e5781
iteration_1667	94498	c963612a96da4f1fea0fb1ed548235daed24cafaebb33b77c957e5a76d82fcd2
iteration_1668	94560	1c9f6fc4bc7fa176e4e95c8df03c6e912b236f9e2319fa549e00b25a46715f20
iteration_1669	94568	1b25690152afff5a88886ee3575a289a7ac0975475ae8f690baae98d44b4afa1
iteration_1670	94662	847bf70272ba9a5c61bf7f4df49fc4fa2247c7c8881b17ee3283880e030dda8c
iteration_1671	94693	8b7c083531f6caa0eda4011b5b67d4a5e88cf0d25e38d743f6adf29c727d9697
iteration_1672	94747	d54b88f78a114d4fdc133882fac2c7915d8e7a02f3844fe3b32b44d4f3624648
iteration_1673	94803	d5ee0247b590aaa34752204459d88a5ceaeaa6dceb255a1a2aa21250bac69c1d
iteration_1674	94888	e178c2fe72471786e1270437d3d7927b0240c14fe19e47848c18f37e08c07696
iteration_1675	94966	74397d3615f3fe79dd9a1b82474dac928231b9256a4016b34a6c8df7fdccaf4a
iteration_1676	95035	8001af3120359e8ed0a184bf8149b188eb8a446710b621e91d36e72485d97758
iteration_1677	95077	9eb4ae0adbadd797771d4784c8511318c6c04ae1465335515fde9da4ac3c9f5f
iteration_1678	95161	87e29d235ebe928144ca89c4fdf799534c74a4d85d4820cacad61694dfa1863f
iteration_1679	95191	478d1f455e75f4f60835107b19471c6d2f11f1899f728b63fa21ef03dae5edd7
iteration_1680	95297	c29e570e983e0534e7030dddadb806c80ca0a44ef646f9878f1c02fa655ca2af
iteration_1681	95340	f809807c6a992f2ce60c4cb94ca4d8b8d89a951d88f95295a9946785490b5ecf
iteration_1682	95392	10f9a8a34c7da5d9c95455b2b25b585df115bb2e201bd10bc9b861ab613027ef
iteration_1683	95504	8eb0071f498b398662f0d70fac9d793cf667f2839c61d403a4c487f713a94daf
iteration_1684	95522	a9ef69e229ce91501374902b7f45b422b2d8bc8697afe9e0790f7905f68fbfeb
iteration_1685	95672	f83483305f5b026eb42905e095d654963d762ce017bb7611aa2351aee1779dbe
iteration_1686	95676	6bc9ea2d90a2b52f85ae61ebc9e932e45734f664b71ba027d0b9ac87f282d93a
iteration_1687	95692	d8c8c6819ace420a062b4605ef1410473753f386e16d59c74f57c377bf9c8d5f
iteration_1688	95829	f7ceeed9762c317517b6a6b19619aebf6d8cda34e12beff0be6e9ad423ff9911
iteration_1689	95877	06dc38f79cf7ddb5efd9b42bbf3da0c81521b8b26f3c7e8670a1082a27b736a8
iteration_1690	95986	b9759b4806c02612879f55daf177c36d2e1ad0a3145310f822619823f76dc549
iteration_1691	96026	133c72ec37cf154ddc9d802a8b6975d8ae785d2ba510280f13b647daf362e86f
iteration_1692	96092	65a5183fdd6e5c0496d0149a57729f04bf28a0de3993bc44339053e34f46473c
iteration_1693	96143	c153a74c2fc41b561d0a9eb963acac472e18984a53c1fd777b42aafc4d15f5a4
iteration_1694	96169	7efbc2a4573ac6e4c304504e564634e13fcb1ceb05dc4e17a5eb6bd16e4a73d8
iteration_1695	96289	c57ff5a1b4662be18ddabf5a4676ea5c9faa25b230ec70e7fdea00f2fb761d99
iteration_1696	96359	a2d0667dafda5d8662b21a8fe1035b1fca526388d4bf3df2623077f736d61e28
iteration_1697	96424	46a930f2252507a051a24394e27f6607a09cf1253a31b0d09a28e801d8046fd9
iteration_1698	96566	4e54e5ec4ee1fa9d14ba6b5c5e61fef4a08040c344fa56d9c8060df640cddf13
iteration_1699	96527	6ca2de25047cd5056e8b65aa7353cc7ec1a39301d8c3fbd6eda8c8733fd9d220
iteration_1700	96654	1d2cdfa2356d0eea682e0e042f7fb7940ec51ccd597c6db203c952da5950ef5c
iteration_1701	96698	b36ea0762b21a80cdfe7e8609889540fedc43f9c343a77b457396a0469d8a1c0
iteration_1702	96715	5971f2852ea7f8dcc5c85b1c9443559be0e27468a9acee5558aac978dfb766d5
iteration_1703	96846	aa5a29722f6a3044f7331adef04b905d7c29da4e2e331620c331f71bd710a129
iteration_1704	96852	2c80a0ddbf3dcb50d6735bb4c800b72d10173b54b5a6fe3a72bf705fe537361d
iteration_1705	96922	e31becad4d9ed29213fd1c1b2b4a116fdddc90f451f65637f0f315254b510cd4
iteration_1706	96965	cae7511e73d07d7f058696505daf38a0455f41b13bd3c4e93348274ef77dd4c4
iteration_1707	97035	f297f7231269f328f63adb569f37d5fbb63c5d3a4d0048e64e41f8fd6cc9fabc
iteration_1708	97097	22eaebd23d7f1b835607060ee2c2aaae59c07148cfe8e0867415d865a852c6bd
iteration_1709	97199	2a4ff1e0c835b57bc07ac75c9f255ae73b80a2ab91c65a26f6c2c2dc30f95590
iteration_1710	97246	70ee3ed5bb28bc84844a3b803edbf6cdfdfd442f1814d2b4c07d8777e9a94742
iteration_1711	97317	4888134613fe95e84b628194dcee86e3d549d139f706c68914c7b8f1b0ed3ccd
iteration_1712	97324	3e065a84810d030c7241ceaffcb639cc0329fa47e28c142465eb3d98e57cece3
iteration_1713	97447	b0da3cc4112717d0c53f90200c76d9c58457d35898b8e3f6912c038f81a179d3
iteration_1714	97474	5f47e5a7131238135ed31c17772cab73d34965ee28d095b58fc503cdbf458bc3
iteration_1715	97502	8f0402f0ee60ccc49d26e27bbe09ff9ed0f4c407b9946ba6e7bd2b313cc6e037
iteration_1716	97639	32d5c613f0a55e2b6a1d361c0b43dea67a185a7883b99b57454f992f39c232b8
iteration_1717	97643	63187b66fef8e6a14844cba14a8cab0e0e2c4b8f1fcc0d7b8228b7c2e8f03b52
iteration_1718	97734	1db99b4236b26795228e68dd945005b748ca8f66885b0dd09083be43c31ca213
iteration_1719	97810	77f5c1776a3e9e0d4c55398480982e4a1dca1536384a7a195260364bf1e190e1
iteration_1720	97862	a305968b6f6b666879a79763e1cc796e0c238765f5f220797089b153700965b5
iteration_1721	97919	adaf4cd7386257286366ed4f63fffe84afe1884744800bdad4a4e03df78ec47d
iteration_1722	97968	63ca3ce9f8521512fe10354f967214e8ca0e5982430699f643917ed068f26880
iteration_1723	98003	b952e752589dce7535d0a4a6462af524a192164b16f48128b6076547d26b1aec
iteration_1724	98093	540d91d8ec35c5e51da72ade41fc4fbeff20ac40bc39c96de001cd1eac583503
iteration_1725	98146	93996919d2da80cf4c60680e44bc56411c8f81312e7315195c6cbc2cbc51157f
iteration_1726	98139	cc9dd598cf990eb26794e04d6f66858459b4a9f1e741c582a3f3b653c520146a
iteration_1727	98264	e0af70c80437e968f51ae87a0f9aaa1d404a4bb944df6f05a5f19049b6af18e7
iteration_1728	98280	aed4b31d459dcccee148c7933889e140c466bed1a88c1a574204526a1ca80231
iteration_1729	98367	c2397c70e2cde18b7ff86d3a745e1e3339ca5420d537911f2f19cc3f264e4965
iteration_1730	98455	9f5af075f0e0d4faf41528c3fb1fd97bce76315baae9284ca5a3814a01b2f7ba
iteration_1731	98509	83e81ae4e913f460a755c4dc2fef712f4a2356830cbe974a576221dc6e513d5c
iteration_1732	98544	ff7fa7753ca2c36c5958cac2b14c67c42f57f955dcad45b192ef65296c48a1d9
iteration_1733	98632	a7ce0d368a2ca2f13f85e2b4dc137dda550eb7647f61d50b9ed32b66f3eec37c
iteration_1734	98678	52f20fb27d92b305ef1535f4a03db5e949e8874160631ec33001b4e5313dd1f3
iteration_1735	98722	0ca76439e0f8c7b3669196ce4a65e312a25b2919bf472ef10851ef8f5a5eee83
iteration_1736	98774	d1456cace02c5095b6707756f3bd71ef88929e2fc93b1ce2f0752f2079b3abf7
iteration_1737	98814	cfd90b45cd11d5165b3090501d6787717b797d72bae594cb80376b2befbb1183
iteration_1738	98892	b4627644e77f9340439c0afb59b606d7b5588a9b852890db9750b9fbbfb8b7dd
iteration_1739	98990	6eeed55af00f11594bd3337e964ce5a66a87e34a645bd0b0bfe26bbcf7f94f68
iteration_1740	99096	c7804882a5b210f680c5e421882cce927289e0ddda3f7dcf076ec74ae87833fc
iteration_1741	99077	f91ac4e741332bf07c85b677670b8198dafe8d2e17016b8b72d99f17eea70b00
iteration_1742	99148	f660fa5943f1e4e266f1910920ac8d4b8b98e11d1f7688a6d4d3364d9b86851f
iteration_1743	99259	b1eafe021e53e949f866166d34a10552ab27247c99faf897ffcf9c3946d0818d
iteration_1744	99274	2bd91cdf58b4b40e694d7e8b47e911d671e754a6f6931b4898e77dba3eca72aa
iteration_1745	99345	734aaab56f3f4b73cd186003ba17b0aadc6dbd976b9d2c74dc2ad9637c84bdc8
iteration_1746	99400	845f6ce9fb4b9f835669eb8aa1d587645565526a1fc046ed5f0ac4e364cdeb5f
iteration_1747	99456	2b188f75d3ba350dbf4e1f2767af8ac1ebd1a653e27ac810a2539ea003be5a9e
iteration_1748	99536	9a9e6b0e3ead82ab735698e4c498c7673b5a27f2ef5d2d60eb322dcdc35675c5
iteration_1749	99625	8e4fd7c9078a90954d60c02f45cd8884b862393de46c2f31a02b05bfbc5a55ef
iteration_1750	99626	ad3a108f4a880b32ec8b69e5869d830ae02eaf5ef71e8ad5b4a72a4a86bb2621
iteration_1751	99714	3d80dc9190b2996db8ad79ee5a4ce2e9bd487727c6df84c5362b461e55106809
iteration_1752	99744	cb95a4f6c9213acb7dec18c3de11c22a17ebef42a40de4b32cd8d168c68bcb92
iteration_1753	99805	cc13c32375328159012e6e67067e1bee8cfa4163cf7e0dcbe63db4d9947a3dea
iteration_1754	99890	0151a63a91a3c528cd63736297a7f529dc23a37cf187745acb62166273eec7a7
iteration_1755	99924	e9e974404c589faf3662f1e4b8122d2e0cf7c3f4aa2b8fc4c253ba62b4aba83e
iteration_1756	99987	f501f47565082ef9ddef25e0f8109e9dff07e5d825b9f15d86279b729645901f
iteration_1757	100022	390849f51f49da141063cde0f1686e649d43f9acc825854f6c5b512ede625ed5
iteration_1758	100096	9bfa98552dc4dd62df2d3365ebd24d6a3e9ee1cf942e8071ff2022a77c263886
iteration_1759	100215	6f0a71bfd6f614c8f17f45e5aad8d295522a9e50f9b8dee19470ef0fefe6f938
iteration_1760	100261	8fc78d14d6d2ec6ac1351201b5064610c11fa303d232c78551d7a02ba08d2380
iteration_1761	100285	522401d9839777279392c22a9f033b029e0ad43d19e37f7dd53fa703c1ed4567
iteration_1762	100328	28cb12daacc420897a085dbba5deff3b2cea375ad904b848725d2fbe5305b43c
iteration_1763	100412	aa6ac513c1c0678edcca1574f931cd8e490ec5eb4cb4ed0e489ff09f5d2e8c95
iteration_1764	100479	4086e74f31fa7fa6854d714a096d2f71b4131c9df1aa917a97e661cf65508ef3
iteration_1765	100531	31e4a8237838f37cf3589270b0cb37aaae73550f5a67cca6ab38e4f78fab910d
iteration_1766	100583	ad809f9b939568746572a9075dca63e29ea22c8fd0d00bcb63c64bbd2282597f
iteration_1767	100669	41e482cbc3a4bf84e42443b8cdf7ba1f801f00e5d5ab5a1b7cbb2980e972d652
iteration_1768	100695	f3e6908c0e672d0bb5de5ad19ea77caf2f025d6308134b2d807c7bbab728e2c0
iteration_1769	100798	297eb42c0050142b33ea4934074636f1cdb28b8aa1ada33a0d9f71074fed781f
iteration_1770	100838	351426070fa11f202faf2e6273bcf9c99003020535d358110e4a884815bb2bdf
iteration_1771	100916	22f6ee33bf4ce1932550fb4d6977670eab978def5bb8aa29d62747c8e85066a3
iteration_1772	100957	ddc787fd23b717fa5c54dca4310846a4be48ef4723529e3c4b4d84d9213b676d
iteration_1773	100961	13d20d4308eeb6c01865bf13726fae943e6331e26e24da1bd5ed385e4a913cf5
iteration_1774	101102	1f986a2af745bb7a9fe9ded9d6f67a8ea24d3e4ecfdc8000b9e9759f5dd84a68
iteration_1775	101122	7cfe679c1a9a8b13e9d3684af549e0e1130c4af5c89b62b32a53428c5ef5a750
iteration_1776	101194	d9e4728867e6dcf94bbf7593ab227ab159da8ebb606964e3c7b5b697319b5373
iteration_1777	101196	347b63f10e15298c92715878b21f99e5f5fe0077a4d4d576106b0be64918e9bc
iteration_1778	101283	569981ed26e86ec259776ba9cf3e72643b3df3721fe193f0776b35ba86124e30
iteration_1779	101349	e9c4e4e245baaeaca7cb3e36e23a043e976234e69621959d48ee1071a78b3e3e
iteration_1780	101383	2a30dce072f0404f8db718396281f76b544b1a81f921b094d24ed7e456a1bdc1
iteration_1781	101469	668bc1280a0157fbcbccca0574dad1b3f610e80ddfdff4ae937b8550b13edcdb
iteration_1782	101505	8999a1f3fe56f0b343392f6dd715dad2420b39d8dbaffde7ecd82dd61f8c0d3c
iteration_1783	101556	59f2e292000464c082805f7e05cd0a96e0f0e72bf9cd2380baf2eb7dd580e202
iteration_1784	101621	328f4884d177273444f971b17a8e130274590c59e749cd564713482f4edb1dc5
iteration_1785	101674	a865a4b4edddc1b01cf4af27c9a207a7f82667a1c72378de288eb9a0b2ef8983
iteration_1786	101725	ac425376402cab2ccec0508c079a5177607a977d6786c619540aa9e02dd93337
iteration_1787	101793	279b60c6604e90d0c95ea9bb51c461fb279269c7d80039e6aab32655bb5fbe86
iteration_1788	101864	8b01915be2f02221805c2a9173c7efb1c2ca13272facc54796e488d4867eb2e4
iteration_1789	101906	feacb3658c7430db9ac1c30072577bdc198bfcec083fa2a5ed33b4e33901da7f
iteration_1790	101983	af45b738e54701f3743c2838f0ca6b8dc788302ecd9477f2e27dee1655c987be
iteration_1791	102063	db174df0f834e8400863c48768733f09805d95aa32a9a2cf43d7919fa41c20a2
iteration_1792	102122	7d5293a398dc12f89c4e8d5ef92ee1bc1872f4c95e381a5fe9f4c8dcce52ea60
iteration_1793	102201	0279808831b9b0bde7b8191c6b688f68c7dfedfd1953c0b5fcd832e87f8b39c0
iteration_1794	102207	afbb12300856d06c766239f50d3eb96d2374b51a7321cada1c75c6577e0cb746
iteration_1795	102337	d040a7878c16c9f5433f916857cec303b730a12444ad7c06d12d52a128a2f4dd
iteration_1796	102357	44decbe4938655b84a1cfbc184acbc24e5ed382c3fe6a6720ce68d64e1681424
iteration_1797	102415	c819b17e151a7cd6612b5de886ce991adb4f454d20976db78d77c70b72480650
iteration_1798	102519	afbfb7bd4464377cdca88aec607e8f289ef2a03668dcb3dee9c7c15fa318ba41
iteration_1799	102544	1cfe5e9a90dbdfbea69dbd6bb48ffd66a897416edd1417e1a77bc93e54917ec6
iteration_1800	102609	0d2be6f4f6c92d6a0e0317bb4b006c2064de3dc8c67bd7c822cb4db403053911
iteration_1801	102680	7f212d5017319caee8f0f890486e8cda35ee8232d74c1f6f3bdc1e1fb52c7864
iteration_1802	102679	3c8a004fde5d884e1cfcad97d74306127d5d7d1ccdeca63b56b21382b2b91a51
