[INFO] [launch]: All log files can be found below /mnt/hgfs/workspace/CSTAR_CER_M12_HOUSE123_SEED12_20260908_R2/H01_seed12_A0/ros_log/2026-09-08-17-15-11-199031-zyc-virtual-machine-42441
[INFO] [launch]: Default logging verbosity is set to INFO
[INFO] [vgr_sim_node-1]: process started with pid [42455]
[INFO] [gmrf_wind_mapping_node-2]: process started with pid [42457]
[gmrf_wind_mapping_node-2] 
[gmrf_wind_mapping_node-2] =================================================================
[gmrf_wind_mapping_node-2] =	        GMRF Wind-Distribution Mapping ROS2 Node              =
[gmrf_wind_mapping_node-2] =================================================================
[gmrf_wind_mapping_node-2] [GMRF_MAP] Generating GMRF for 2D WIND estimation...
[gmrf_wind_mapping_node-2] [CGMRF] Initialization Complete: 11410 factors for a map size of 2N=2204 nodes
[gmrf_wind_mapping_node-2] [INFO] [1788858914.092119383] [gmrf]: [GMRF-node] GMRF Initialized
[gmrf_wind_mapping_node-2] [INFO] [1788858914.103445362] [gmrf]: [gmrf-wind] MAIN LOOP....
[gmrf_wind_mapping_node-2] --> MAP did not converge after 1 iterations.
[gmrf_wind_mapping_node-2] [GMRF] MAP Mean value estimated in 13 milliseconds
[gmrf_wind_mapping_node-2] --> MAP did not converge after 1 iterations.
[gmrf_wind_mapping_node-2] [GMRF] MAP Mean value estimated in 10.5 milliseconds
[vgr_sim_node-1] [INFO] [1788858914.268718100] [vgr_uav_sim]: Loading VGR data from /mnt/hgfs/workspace/GADEN_files/scenarios/House01, config=2,4-1_fast
[gmrf_wind_mapping_node-2] --> MAP did not converge after 1 iterations.
[gmrf_wind_mapping_node-2] [GMRF] MAP Mean value estimated in 9.33333 milliseconds
[vgr_sim_node-1] [INFO] [1788858914.338560559] [vgr_uav_sim]: Occupancy: 87x114 slice z_idx=13 (z=0.3m), free=6866, obstacle=3052, input_sha256=846003ffbbc8e99aa322cf189356399412763710e937bb5e5316186afccf17cb
[gmrf_wind_mapping_node-2] --> MAP did not converge after 1 iterations.
[gmrf_wind_mapping_node-2] [GMRF] MAP Mean value estimated in 9 milliseconds
[gmrf_wind_mapping_node-2] --> MAP did not converge after 1 iterations.
[gmrf_wind_mapping_node-2] [GMRF] MAP Mean value estimated in 8.6 milliseconds
[gmrf_wind_mapping_node-2] --> MAP did not converge after 1 iterations.
[gmrf_wind_mapping_node-2] [GMRF] MAP Mean value estimated in 8.16667 milliseconds
[vgr_sim_node-1] [INFO] [1788858914.625613914] [vgr_uav_sim]: Gas backend=raw_house1_snapshot exec=/home/zyc/CSTAR_CONTROLLED_ASSETS_20260907/tools/cstar_numeric_wind_raw_query env_root=/mnt/hgfs/workspace/GADEN_files/scenarios/House01 gas_results=/mnt/hgfs/workspace/GADEN_files/scenarios/House01/gas_simulations/2,4-1_fast/FilamentSimulation_gasType_10_sourcePosition_-0.40_-2.90_-0.30 max_iteration=1999
[vgr_sim_node-1] [INFO] [1788858914.629256022] [vgr_uav_sim]: Navigation grid: coarse 29x38 cell=0.3000 free=626 obstacle=476 (reduce_scale=3)
[vgr_sim_node-1] [INFO] [1788858914.678665838] [vgr_uav_sim]: UAV Sim v3 ready. Start=(-3.17,-1.75), sim_dt=0.200s, realtime_factor=1.00, sensor=asymmetric, vertical_motion=False, open_loop_profile=hover
[gmrf_wind_mapping_node-2] --> MAP did not converge after 1 iterations.
[gmrf_wind_mapping_node-2] [GMRF] MAP Mean value estimated in 7.85714 milliseconds
[gmrf_wind_mapping_node-2] --> MAP did not converge after 1 iterations.
[gmrf_wind_mapping_node-2] [GMRF] MAP Mean value estimated in 7.75 milliseconds
[gmrf_wind_mapping_node-2] --> MAP did not converge after 1 iterations.
[gmrf_wind_mapping_node-2] [GMRF] MAP Mean value estimated in 7.66667 milliseconds
[gmrf_wind_mapping_node-2] --> MAP did not converge after 1 iterations.
[gmrf_wind_mapping_node-2] [GMRF] MAP Mean value estimated in 7.6 milliseconds
[gmrf_wind_mapping_node-2] --> MAP did not converge after 1 iterations.
[gmrf_wind_mapping_node-2] [GMRF] MAP Mean value estimated in 7.90909 milliseconds
[gmrf_wind_mapping_node-2] --> MAP did not converge after 1 iterations.
[gmrf_wind_mapping_node-2] [GMRF] MAP Mean value estimated in 8.08333 milliseconds
[gmrf_wind_mapping_node-2] --> MAP did not converge after 1 iterations.
[gmrf_wind_mapping_node-2] [GMRF] MAP Mean value estimated in 8.46154 milliseconds
[gmrf_wind_mapping_node-2] --> MAP did not converge after 1 iterations.
[gmrf_wind_mapping_node-2] [GMRF] MAP Mean value estimated in 8.85714 milliseconds
[gmrf_wind_mapping_node-2] --> MAP did not converge after 1 iterations.
[gmrf_wind_mapping_node-2] [GMRF] MAP Mean value estimated in 9 milliseconds
[gmrf_wind_mapping_node-2] --> MAP did not converge after 1 iterations.
[gmrf_wind_mapping_node-2] [GMRF] MAP Mean value estimated in 9.3125 milliseconds
[gmrf_wind_mapping_node-2] --> MAP did not converge after 1 iterations.
[gmrf_wind_mapping_node-2] [GMRF] MAP Mean value estimated in 9.17647 milliseconds
[gmrf_wind_mapping_node-2] --> MAP did not converge after 1 iterations.
[gmrf_wind_mapping_node-2] [GMRF] MAP Mean value estimated in 9.38889 milliseconds
[gmrf_wind_mapping_node-2] --> MAP did not converge after 1 iterations.
[gmrf_wind_mapping_node-2] [GMRF] MAP Mean value estimated in 9.57895 milliseconds
[gmrf_wind_mapping_node-2] --> MAP did not converge after 1 iterations.
[gmrf_wind_mapping_node-2] [GMRF] MAP Mean value estimated in 9.7 milliseconds
[gmrf_wind_mapping_node-2] --> MAP did not converge after 1 iterations.
[gmrf_wind_mapping_node-2] [GMRF] MAP Mean value estimated in 9.80952 milliseconds
[gmrf_wind_mapping_node-2] --> MAP did not converge after 1 iterations.
[gmrf_wind_mapping_node-2] [GMRF] MAP Mean value estimated in 10 milliseconds
[gmrf_wind_mapping_node-2] --> MAP did not converge after 1 iterations.
[gmrf_wind_mapping_node-2] [GMRF] MAP Mean value estimated in 10.087 milliseconds
[gmrf_wind_mapping_node-2] --> MAP did not converge after 1 iterations.
[gmrf_wind_mapping_node-2] [GMRF] MAP Mean value estimated in 9.91667 milliseconds
[gmrf_wind_mapping_node-2] --> MAP did not converge after 1 iterations.
[gmrf_wind_mapping_node-2] [GMRF] MAP Mean value estimated in 9.76 milliseconds
[gmrf_wind_mapping_node-2] --> MAP did not converge after 1 iterations.
[gmrf_wind_mapping_node-2] [GMRF] MAP Mean value estimated in 9.61538 milliseconds
[gmrf_wind_mapping_node-2] --> MAP did not converge after 1 iterations.
[gmrf_wind_mapping_node-2] [GMRF] MAP Mean value estimated in 9.59259 milliseconds
[gmrf_wind_mapping_node-2] --> MAP did not converge after 1 iterations.
[gmrf_wind_mapping_node-2] [GMRF] MAP Mean value estimated in 9.71429 milliseconds
[gmrf_wind_mapping_node-2] --> MAP did not converge after 1 iterations.
[gmrf_wind_mapping_node-2] [GMRF] MAP Mean value estimated in 9.7931 milliseconds
[gmrf_wind_mapping_node-2] --> MAP did not converge after 1 iterations.
[gmrf_wind_mapping_node-2] [GMRF] MAP Mean value estimated in 9.96667 milliseconds
[gmrf_wind_mapping_node-2] --> MAP did not converge after 1 iterations.
[gmrf_wind_mapping_node-2] [GMRF] MAP Mean value estimated in 10.0968 milliseconds
[gmrf_wind_mapping_node-2] --> MAP did not converge after 1 iterations.
[gmrf_wind_mapping_node-2] [GMRF] MAP Mean value estimated in 10.1875 milliseconds
[gmrf_wind_mapping_node-2] --> MAP did not converge after 1 iterations.
[gmrf_wind_mapping_node-2] [GMRF] MAP Mean value estimated in 10.1515 milliseconds
[gmrf_wind_mapping_node-2] --> MAP did not converge after 1 iterations.
[gmrf_wind_mapping_node-2] [GMRF] MAP Mean value estimated in 10.2941 milliseconds
[gmrf_wind_mapping_node-2] --> MAP did not converge after 1 iterations.
[gmrf_wind_mapping_node-2] [GMRF] MAP Mean value estimated in 10.3143 milliseconds
[gmrf_wind_mapping_node-2] --> MAP did not converge after 1 iterations.
[gmrf_wind_mapping_node-2] [GMRF] MAP Mean value estimated in 10.4167 milliseconds
[gmrf_wind_mapping_node-2] --> MAP did not converge after 1 iterations.
[gmrf_wind_mapping_node-2] [GMRF] MAP Mean value estimated in 10.3784 milliseconds
[gmrf_wind_mapping_node-2] --> MAP did not converge after 1 iterations.
[gmrf_wind_mapping_node-2] [GMRF] MAP Mean value estimated in 10.5 milliseconds
[gmrf_wind_mapping_node-2] --> MAP did not converge after 1 iterations.
[gmrf_wind_mapping_node-2] [GMRF] MAP Mean value estimated in 10.4615 milliseconds
[gmrf_wind_mapping_node-2] --> MAP did not converge after 1 iterations.
[gmrf_wind_mapping_node-2] [GMRF] MAP Mean value estimated in 10.5 milliseconds
[gmrf_wind_mapping_node-2] --> MAP did not converge after 1 iterations.
[gmrf_wind_mapping_node-2] [GMRF] MAP Mean value estimated in 10.4878 milliseconds
[gmrf_wind_mapping_node-2] --> MAP did not converge after 1 iterations.
[gmrf_wind_mapping_node-2] [GMRF] MAP Mean value estimated in 10.5714 milliseconds
[gmrf_wind_mapping_node-2] --> MAP did not converge after 1 iterations.
[gmrf_wind_mapping_node-2] [GMRF] MAP Mean value estimated in 10.6047 milliseconds
[gmrf_wind_mapping_node-2] --> MAP did not converge after 1 iterations.
[gmrf_wind_mapping_node-2] [GMRF] MAP Mean value estimated in 10.7273 milliseconds
[gmrf_wind_mapping_node-2] --> MAP did not converge after 1 iterations.
[gmrf_wind_mapping_node-2] [GMRF] MAP Mean value estimated in 10.8222 milliseconds
[gmrf_wind_mapping_node-2] --> MAP did not converge after 1 iterations.
[gmrf_wind_mapping_node-2] [GMRF] MAP Mean value estimated in 10.8913 milliseconds
[INFO] [gsl_actionserver_node-3]: process started with pid [42492]
[INFO] [gsl_benchmark_runner-4]: process started with pid [42494]
[gmrf_wind_mapping_node-2] --> MAP did not converge after 1 iterations.
[gmrf_wind_mapping_node-2] [GMRF] MAP Mean value estimated in 10.8298 milliseconds
[gmrf_wind_mapping_node-2] --> MAP did not converge after 1 iterations.
[gmrf_wind_mapping_node-2] [GMRF] MAP Mean value estimated in 10.7292 milliseconds
[gsl_actionserver_node-3] [INFO] [1788858918.845574960] [GSL]: Starting GSL server
[gmrf_wind_mapping_node-2] --> MAP did not converge after 1 iterations.
[gmrf_wind_mapping_node-2] [GMRF] MAP Mean value estimated in 10.6327 milliseconds
[gmrf_wind_mapping_node-2] --> MAP did not converge after 1 iterations.
[gmrf_wind_mapping_node-2] [GMRF] MAP Mean value estimated in 10.54 milliseconds
[gmrf_wind_mapping_node-2] --> MAP did not converge after 1 iterations.
[gmrf_wind_mapping_node-2] [GMRF] MAP Mean value estimated in 10.4706 milliseconds
[gmrf_wind_mapping_node-2] --> MAP did not converge after 1 iterations.
[gmrf_wind_mapping_node-2] [GMRF] MAP Mean value estimated in 10.3846 milliseconds
[gmrf_wind_mapping_node-2] --> MAP did not converge after 1 iterations.
[gmrf_wind_mapping_node-2] [GMRF] MAP Mean value estimated in 10.4151 milliseconds
[gmrf_wind_mapping_node-2] --> MAP did not converge after 1 iterations.
[gmrf_wind_mapping_node-2] [GMRF] MAP Mean value estimated in 10.4259 milliseconds
[gmrf_wind_mapping_node-2] --> MAP did not converge after 1 iterations.
[gmrf_wind_mapping_node-2] [GMRF] MAP Mean value estimated in 10.3818 milliseconds
[gmrf_wind_mapping_node-2] --> MAP did not converge after 1 iterations.
[gmrf_wind_mapping_node-2] [GMRF] MAP Mean value estimated in 10.4464 milliseconds
[gmrf_wind_mapping_node-2] --> MAP did not converge after 1 iterations.
[gmrf_wind_mapping_node-2] [GMRF] MAP Mean value estimated in 10.386 milliseconds
[gmrf_wind_mapping_node-2] --> MAP did not converge after 1 iterations.
[gmrf_wind_mapping_node-2] [GMRF] MAP Mean value estimated in 10.3276 milliseconds
[gmrf_wind_mapping_node-2] --> MAP did not converge after 1 iterations.
[gmrf_wind_mapping_node-2] [GMRF] MAP Mean value estimated in 10.2542 milliseconds
[gmrf_wind_mapping_node-2] --> MAP did not converge after 1 iterations.
[gmrf_wind_mapping_node-2] [GMRF] MAP Mean value estimated in 10.3333 milliseconds
[gmrf_wind_mapping_node-2] --> MAP did not converge after 1 iterations.
[gmrf_wind_mapping_node-2] [GMRF] MAP Mean value estimated in 10.377 milliseconds
[gmrf_wind_mapping_node-2] --> MAP did not converge after 1 iterations.
[gmrf_wind_mapping_node-2] [GMRF] MAP Mean value estimated in 10.4032 milliseconds
[gmrf_wind_mapping_node-2] --> MAP did not converge after 1 iterations.
[gmrf_wind_mapping_node-2] [GMRF] MAP Mean value estimated in 10.4603 milliseconds
[gmrf_wind_mapping_node-2] --> MAP did not converge after 1 iterations.
[gmrf_wind_mapping_node-2] [GMRF] MAP Mean value estimated in 10.5625 milliseconds
[gmrf_wind_mapping_node-2] --> MAP did not converge after 1 iterations.
[gmrf_wind_mapping_node-2] [GMRF] MAP Mean value estimated in 10.6 milliseconds
[gmrf_wind_mapping_node-2] --> MAP did not converge after 1 iterations.
[gmrf_wind_mapping_node-2] [GMRF] MAP Mean value estimated in 10.6061 milliseconds
[gmrf_wind_mapping_node-2] --> MAP did not converge after 1 iterations.
[gmrf_wind_mapping_node-2] [GMRF] MAP Mean value estimated in 10.5672 milliseconds
[gmrf_wind_mapping_node-2] --> MAP did not converge after 1 iterations.
[gmrf_wind_mapping_node-2] [GMRF] MAP Mean value estimated in 10.6324 milliseconds
[gmrf_wind_mapping_node-2] --> MAP did not converge after 1 iterations.
[gmrf_wind_mapping_node-2] [GMRF] MAP Mean value estimated in 10.6667 milliseconds
[gmrf_wind_mapping_node-2] --> MAP did not converge after 1 iterations.
[gmrf_wind_mapping_node-2] [GMRF] MAP Mean value estimated in 10.6714 milliseconds
[gmrf_wind_mapping_node-2] --> MAP did not converge after 1 iterations.
[gmrf_wind_mapping_node-2] [GMRF] MAP Mean value estimated in 10.7183 milliseconds
[gmrf_wind_mapping_node-2] --> MAP did not converge after 1 iterations.
[gmrf_wind_mapping_node-2] [GMRF] MAP Mean value estimated in 10.7361 milliseconds
[gmrf_wind_mapping_node-2] --> MAP did not converge after 1 iterations.
[gmrf_wind_mapping_node-2] [GMRF] MAP Mean value estimated in 10.7945 milliseconds
[gmrf_wind_mapping_node-2] --> MAP did not converge after 1 iterations.
[gmrf_wind_mapping_node-2] [GMRF] MAP Mean value estimated in 10.7703 milliseconds
[gmrf_wind_mapping_node-2] --> MAP did not converge after 1 iterations.
[gmrf_wind_mapping_node-2] [GMRF] MAP Mean value estimated in 10.72 milliseconds
[gmrf_wind_mapping_node-2] --> MAP did not converge after 1 iterations.
[gmrf_wind_mapping_node-2] [GMRF] MAP Mean value estimated in 10.7368 milliseconds
[INFO] [ros2-5]: process started with pid [42520]
[gmrf_wind_mapping_node-2] --> MAP did not converge after 1 iterations.
[gmrf_wind_mapping_node-2] [GMRF] MAP Mean value estimated in 10.6883 milliseconds
[gmrf_wind_mapping_node-2] --> MAP did not converge after 1 iterations.
[gmrf_wind_mapping_node-2] [GMRF] MAP Mean value estimated in 10.641 milliseconds
[gmrf_wind_mapping_node-2] --> MAP did not converge after 1 iterations.
[gmrf_wind_mapping_node-2] [GMRF] MAP Mean value estimated in 10.5949 milliseconds
[gmrf_wind_mapping_node-2] --> MAP did not converge after 1 iterations.
[gmrf_wind_mapping_node-2] [GMRF] MAP Mean value estimated in 10.5375 milliseconds
[gmrf_wind_mapping_node-2] --> MAP did not converge after 1 iterations.
[gmrf_wind_mapping_node-2] [GMRF] MAP Mean value estimated in 10.4938 milliseconds
[ros2-5] requester: making request: std_srvs.srv.Trigger_Request()
[ros2-5] 
[ros2-5] response:
[ros2-5] std_srvs.srv.Trigger_Response(success=True, message='started at step=0, t_sim=0.000000')
[ros2-5] 
[gmrf_wind_mapping_node-2] --> MAP did not converge after 1 iterations.
[gmrf_wind_mapping_node-2] [GMRF] MAP Mean value estimated in 10.4512 milliseconds
[INFO] [ros2-5]: process has finished cleanly [pid 42520]
[gmrf_wind_mapping_node-2] --> MAP did not converge after 1 iterations.
[gmrf_wind_mapping_node-2] [GMRF] MAP Mean value estimated in 10.4217 milliseconds
[gmrf_wind_mapping_node-2] --> MAP did not converge after 1 iterations.
[gmrf_wind_mapping_node-2] [GMRF] MAP Mean value estimated in 10.4286 milliseconds
[gmrf_wind_mapping_node-2] --> MAP did not converge after 1 iterations.
[gmrf_wind_mapping_node-2] [GMRF] MAP Mean value estimated in 10.4235 milliseconds
[gmrf_wind_mapping_node-2] --> MAP did not converge after 1 iterations.
[gmrf_wind_mapping_node-2] [GMRF] MAP Mean value estimated in 10.4651 milliseconds
[gmrf_wind_mapping_node-2] --> MAP did not converge after 1 iterations.
[gmrf_wind_mapping_node-2] [GMRF] MAP Mean value estimated in 10.4253 milliseconds
[gmrf_wind_mapping_node-2] --> MAP did not converge after 1 iterations.
[gmrf_wind_mapping_node-2] [GMRF] MAP Mean value estimated in 10.4659 milliseconds
[gmrf_wind_mapping_node-2] --> MAP did not converge after 1 iterations.
[gmrf_wind_mapping_node-2] [GMRF] MAP Mean value estimated in 10.427 milliseconds
[gmrf_wind_mapping_node-2] --> MAP did not converge after 1 iterations.
[gmrf_wind_mapping_node-2] [GMRF] MAP Mean value estimated in 10.4444 milliseconds
[gmrf_wind_mapping_node-2] --> MAP did not converge after 1 iterations.
[gmrf_wind_mapping_node-2] [GMRF] MAP Mean value estimated in 10.4066 milliseconds
[gmrf_wind_mapping_node-2] --> MAP did not converge after 1 iterations.
[gmrf_wind_mapping_node-2] [GMRF] MAP Mean value estimated in 10.3913 milliseconds
[gmrf_wind_mapping_node-2] --> MAP did not converge after 1 iterations.
[gmrf_wind_mapping_node-2] [GMRF] MAP Mean value estimated in 10.3548 milliseconds
[gmrf_wind_mapping_node-2] --> MAP did not converge after 1 iterations.
[gmrf_wind_mapping_node-2] [GMRF] MAP Mean value estimated in 10.3936 milliseconds
[gmrf_wind_mapping_node-2] --> MAP did not converge after 1 iterations.
[gmrf_wind_mapping_node-2] [GMRF] MAP Mean value estimated in 10.3684 milliseconds
[gmrf_wind_mapping_node-2] --> MAP did not converge after 1 iterations.
[gmrf_wind_mapping_node-2] [GMRF] MAP Mean value estimated in 10.4062 milliseconds
[gmrf_wind_mapping_node-2] --> MAP did not converge after 1 iterations.
[gmrf_wind_mapping_node-2] [GMRF] MAP Mean value estimated in 10.3918 milliseconds
[gmrf_wind_mapping_node-2] --> MAP did not converge after 1 iterations.
[gmrf_wind_mapping_node-2] [GMRF] MAP Mean value estimated in 10.398 milliseconds
[gsl_actionserver_node-3] [INFO] [1788858923.878916258] [GSL]: GSL action server is ready for action!
[gmrf_wind_mapping_node-2] --> MAP did not converge after 1 iterations.
[gmrf_wind_mapping_node-2] [GMRF] MAP Mean value estimated in 10.3737 milliseconds
[gmrf_wind_mapping_node-2] --> MAP did not converge after 1 iterations.
[gmrf_wind_mapping_node-2] [GMRF] MAP Mean value estimated in 10.34 milliseconds
[gmrf_wind_mapping_node-2] --> MAP did not converge after 1 iterations.
[gmrf_wind_mapping_node-2] [GMRF] MAP Mean value estimated in 10.3069 milliseconds
[gmrf_wind_mapping_node-2] --> MAP did not converge after 1 iterations.
[gmrf_wind_mapping_node-2] [GMRF] MAP Mean value estimated in 10.2745 milliseconds
[gmrf_wind_mapping_node-2] --> MAP did not converge after 1 iterations.
[gmrf_wind_mapping_node-2] [GMRF] MAP Mean value estimated in 10.2427 milliseconds
[gmrf_wind_mapping_node-2] --> MAP did not converge after 1 iterations.
[gmrf_wind_mapping_node-2] [GMRF] MAP Mean value estimated in 10.2115 milliseconds
[gmrf_wind_mapping_node-2] --> MAP did not converge after 1 iterations.
[gmrf_wind_mapping_node-2] [GMRF] MAP Mean value estimated in 10.1714 milliseconds
[gmrf_wind_mapping_node-2] --> MAP did not converge after 1 iterations.
[gmrf_wind_mapping_node-2] [GMRF] MAP Mean value estimated in 10.1321 milliseconds
[gmrf_wind_mapping_node-2] --> MAP did not converge after 1 iterations.
[gmrf_wind_mapping_node-2] [GMRF] MAP Mean value estimated in 10.1028 milliseconds
[gmrf_wind_mapping_node-2] --> MAP did not converge after 1 iterations.
[gmrf_wind_mapping_node-2] [GMRF] MAP Mean value estimated in 10.1296 milliseconds
[gsl_actionserver_node-3] [INFO] [1788858924.881559063] [GSL]: [33mRequest received: PMFS[0m
[gmrf_wind_mapping_node-2] --> MAP did not converge after 1 iterations.
[gmrf_wind_mapping_node-2] [GMRF] MAP Mean value estimated in 10.0917 milliseconds
[gmrf_wind_mapping_node-2] --> MAP did not converge after 1 iterations.
[gmrf_wind_mapping_node-2] [GMRF] MAP Mean value estimated in 10.0636 milliseconds
[gmrf_wind_mapping_node-2] --> MAP did not converge after 1 iterations.
[gmrf_wind_mapping_node-2] [GMRF] MAP Mean value estimated in 10.0541 milliseconds
[gmrf_wind_mapping_node-2] --> MAP did not converge after 1 iterations.
[gmrf_wind_mapping_node-2] [GMRF] MAP Mean value estimated in 10.0268 milliseconds
[gmrf_wind_mapping_node-2] --> MAP did not converge after 1 iterations.
[gmrf_wind_mapping_node-2] [GMRF] MAP Mean value estimated in 10 milliseconds
[gmrf_wind_mapping_node-2] --> MAP did not converge after 1 iterations.
[gmrf_wind_mapping_node-2] [GMRF] MAP Mean value estimated in 10.0263 milliseconds
[gmrf_wind_mapping_node-2] --> MAP did not converge after 1 iterations.
[gmrf_wind_mapping_node-2] [GMRF] MAP Mean value estimated in 10.0087 milliseconds
[gmrf_wind_mapping_node-2] --> MAP did not converge after 1 iterations.
[gmrf_wind_mapping_node-2] [GMRF] MAP Mean value estimated in 10.0431 milliseconds
[gmrf_wind_mapping_node-2] --> MAP did not converge after 1 iterations.
[gmrf_wind_mapping_node-2] [GMRF] MAP Mean value estimated in 10.0256 milliseconds
[gmrf_wind_mapping_node-2] --> MAP did not converge after 1 iterations.
[gmrf_wind_mapping_node-2] [GMRF] MAP Mean value estimated in 10.0424 milliseconds
[gsl_actionserver_node-3] [INFO] [1788858925.890373252] [GSL]: Waiting to hear from localization topic: /amcl_pose
[gsl_actionserver_node-3] [INFO] [1788858925.893295717] [GSL]: Gas sensor topic: '/PID/Sensor_reading'
[gsl_actionserver_node-3] [INFO] [1788858925.894549908] [GSL]: Wind sensor topic: '/Anemometer/WindSensor_reading'
[gsl_actionserver_node-3] [INFO] [1788858925.894597722] [GSL]: [34mINITIALIZATON COMPLETED[0m
[gmrf_wind_mapping_node-2] --> MAP did not converge after 1 iterations.
[gmrf_wind_mapping_node-2] [GMRF] MAP Mean value estimated in 10.0252 milliseconds
[gsl_actionserver_node-3] [INFO] [1788858925.916133913] [GSL - Trace]: [32mEntering WaitForMap[0m
[gsl_actionserver_node-3] [INFO] [1788858925.916169154] [GSL - Trace]: [32mNeed occupancy map and costmap[0m
[gsl_actionserver_node-3] [INFO] [1788858925.968471140] [GSL - Trace]: [32mGot occupancy map[0m
[gsl_actionserver_node-3] [INFO] [1788858925.970306133] [GSL]: 
[gsl_actionserver_node-3] --------------GSL---------------
[gsl_actionserver_node-3] Occupancy Map dimensions:
[gsl_actionserver_node-3] x_min:-7.5 x_max:1.1   -   y_min:-7.9 y_max:3.5
[gsl_actionserver_node-3] --------------------------------
[gsl_actionserver_node-3] [INFO] [1788858925.970619824] [GSL]: [MAP-DEBUG] 87x114 res=0.1000 free=6866 obs=3052 unk=0 origin=(-7.55,-7.88)
[gsl_actionserver_node-3] [INFO] [1788858925.972731781] [GSL - Trace]: [32mCreated grid[0m
[gsl_actionserver_node-3] [INFO] [1788858925.972775362] [GSL]: [DEBUG] After reduceOccupancyMap: free=626 obstacle=476 total=1102
[gsl_actionserver_node-3] [INFO] [1788858925.973861119] [GSL - Trace]: [32mPruned unreachable cells[0m
[gsl_actionserver_node-3] [INFO] [1788858925.973901304] [GSL]: [DEBUG] After PruneUnreachable: free=626 obstacle=476 total=1102
[gsl_actionserver_node-3] [INFO] [1788858925.974341249] [GSL]: [DEBUG] Grid dims: 29x38 scale=3 cellSize=0.3
[gsl_actionserver_node-3] [INFO] [1788858925.974368645] [GSL]: [DEBUG] Start pos: (-3.17, -1.75)
[gsl_actionserver_node-3] [INFO] [1788858925.982906168] [GSL - Trace]: [32mCreated visibility map[0m
[gsl_actionserver_node-3] [INFO] [1788858925.998633777] [GSL]: Number of cells after fusing quadtree: 74
[gsl_actionserver_node-3] [INFO] [1788858926.001648924] [GSL]: [DEBUG-WIND] useGroundTruth=false gmrf_req_size=626 gaden_req_size=-1
[gsl_actionserver_node-3] [INFO] [1788858926.001680442] [GSL]: [DEBUG-WIND] Taking GMRF path
[gsl_actionserver_node-3] [INFO] [1788858926.007214813] [GSL - Trace]: [32mEntering StopAndMeasure[0m
[gmrf_wind_mapping_node-2] --> MAP did not converge after 1 iterations.
[gmrf_wind_mapping_node-2] [GMRF] MAP Mean value estimated in 10.025 milliseconds
[gmrf_wind_mapping_node-2] --> MAP did not converge after 1 iterations.
[gmrf_wind_mapping_node-2] [GMRF] MAP Mean value estimated in 10.0248 milliseconds
[gmrf_wind_mapping_node-2] --> MAP did not converge after 1 iterations.
[gmrf_wind_mapping_node-2] [GMRF] MAP Mean value estimated in 10.0164 milliseconds
[gmrf_wind_mapping_node-2] --> MAP did not converge after 1 iterations.
[gmrf_wind_mapping_node-2] [GMRF] MAP Mean value estimated in 9.99187 milliseconds
[gmrf_wind_mapping_node-2] --> MAP did not converge after 1 iterations.
[gmrf_wind_mapping_node-2] [GMRF] MAP Mean value estimated in 10.0161 milliseconds
[gmrf_wind_mapping_node-2] --> MAP did not converge after 1 iterations.
[gmrf_wind_mapping_node-2] [GMRF] MAP Mean value estimated in 10.016 milliseconds
[gmrf_wind_mapping_node-2] --> MAP did not converge after 1 iterations.
[gmrf_wind_mapping_node-2] [GMRF] MAP Mean value estimated in 10.0397 milliseconds
[gmrf_wind_mapping_node-2] --> MAP did not converge after 1 iterations.
[gmrf_wind_mapping_node-2] [GMRF] MAP Mean value estimated in 10.0157 milliseconds
[gsl_actionserver_node-3] [INFO] [1788858926.718102224] [GSL - Trace]: [32mGot cost map[0m
[gmrf_wind_mapping_node-2] --> MAP did not converge after 1 iterations.
[gmrf_wind_mapping_node-2] [GMRF] MAP Mean value estimated in 10.0078 milliseconds
[gmrf_wind_mapping_node-2] --> MAP did not converge after 1 iterations.
[gmrf_wind_mapping_node-2] [GMRF] MAP Mean value estimated in 9.9845 milliseconds
[gmrf_wind_mapping_node-2] --> MAP did not converge after 1 iterations.
[gmrf_wind_mapping_node-2] [GMRF] MAP Mean value estimated in 9.95385 milliseconds
[gmrf_wind_mapping_node-2] --> MAP did not converge after 1 iterations.
[gmrf_wind_mapping_node-2] [GMRF] MAP Mean value estimated in 9.9313 milliseconds
[gmrf_wind_mapping_node-2] --> MAP did not converge after 1 iterations.
[gmrf_wind_mapping_node-2] [GMRF] MAP Mean value estimated in 9.90152 milliseconds
[gmrf_wind_mapping_node-2] --> MAP did not converge after 1 iterations.
[gmrf_wind_mapping_node-2] [GMRF] MAP Mean value estimated in 9.88722 milliseconds
[gmrf_wind_mapping_node-2] --> MAP did not converge after 1 iterations.
[gmrf_wind_mapping_node-2] [GMRF] MAP Mean value estimated in 9.85821 milliseconds
[gmrf_wind_mapping_node-2] --> MAP did not converge after 1 iterations.
[gmrf_wind_mapping_node-2] [GMRF] MAP Mean value estimated in 9.84444 milliseconds
[gmrf_wind_mapping_node-2] --> MAP did not converge after 1 iterations.
[gmrf_wind_mapping_node-2] [GMRF] MAP Mean value estimated in 9.82353 milliseconds
[gmrf_wind_mapping_node-2] --> MAP did not converge after 1 iterations.
[gmrf_wind_mapping_node-2] [GMRF] MAP Mean value estimated in 9.80292 milliseconds
[gmrf_wind_mapping_node-2] --> MAP did not converge after 1 iterations.
[gmrf_wind_mapping_node-2] [GMRF] MAP Mean value estimated in 9.78261 milliseconds
[gmrf_wind_mapping_node-2] --> MAP did not converge after 1 iterations.
[gmrf_wind_mapping_node-2] [GMRF] MAP Mean value estimated in 9.7554 milliseconds
[gsl_actionserver_node-3] [INFO] [1788858927.918227460] [GSL]: 10 gas measurements, 10 wind measurements over 1.91 seconds
[gsl_actionserver_node-3] [INFO] [1788858927.918880366] [GSL]: avg_gas=0.031;  avg_windSpeed=0.048;  avg_wind_dir=-0.12
[gsl_actionserver_node-3] [INFO] [1788858927.919700335] [GSL]: [33mNOTHING [0m
[gsl_actionserver_node-3] [INFO] [1788858927.919716540] [GSL]: [DEBUG-WIND] useGroundTruth=false gmrf_req_size=626 gaden_req_size=-1
[gsl_actionserver_node-3] [INFO] [1788858927.919723481] [GSL]: [DEBUG-WIND] Taking GMRF path
[gsl_actionserver_node-3] [INFO] [1788858928.004186580] [GSL - Trace]: [32mEntering StopAndMeasure[0m
[gmrf_wind_mapping_node-2] --> MAP did not converge after 1 iterations.
[gmrf_wind_mapping_node-2] [GMRF] MAP Mean value estimated in 9.72857 milliseconds
[gmrf_wind_mapping_node-2] --> MAP did not converge after 1 iterations.
[gmrf_wind_mapping_node-2] [GMRF] MAP Mean value estimated in 9.70213 milliseconds
[gmrf_wind_mapping_node-2] --> MAP did not converge after 1 iterations.
[gmrf_wind_mapping_node-2] [GMRF] MAP Mean value estimated in 9.6831 milliseconds
[gmrf_wind_mapping_node-2] --> MAP did not converge after 1 iterations.
[gmrf_wind_mapping_node-2] [GMRF] MAP Mean value estimated in 9.66434 milliseconds
[gmrf_wind_mapping_node-2] --> MAP did not converge after 1 iterations.
[gmrf_wind_mapping_node-2] [GMRF] MAP Mean value estimated in 9.63889 milliseconds
[gmrf_wind_mapping_node-2] --> MAP did not converge after 1 iterations.
[gmrf_wind_mapping_node-2] [GMRF] MAP Mean value estimated in 9.62069 milliseconds
[gmrf_wind_mapping_node-2] --> MAP did not converge after 1 iterations.
[gmrf_wind_mapping_node-2] [GMRF] MAP Mean value estimated in 9.60274 milliseconds
[gmrf_wind_mapping_node-2] --> MAP did not converge after 1 iterations.
[gmrf_wind_mapping_node-2] [GMRF] MAP Mean value estimated in 9.58503 milliseconds
[gmrf_wind_mapping_node-2] --> MAP did not converge after 1 iterations.
[gmrf_wind_mapping_node-2] [GMRF] MAP Mean value estimated in 9.60811 milliseconds
[gmrf_wind_mapping_node-2] --> MAP did not converge after 1 iterations.
[gmrf_wind_mapping_node-2] [GMRF] MAP Mean value estimated in 9.60403 milliseconds
[gmrf_wind_mapping_node-2] --> MAP did not converge after 1 iterations.
[gmrf_wind_mapping_node-2] [GMRF] MAP Mean value estimated in 9.63333 milliseconds
[gmrf_wind_mapping_node-2] --> MAP did not converge after 1 iterations.
[gmrf_wind_mapping_node-2] [GMRF] MAP Mean value estimated in 9.62252 milliseconds
[gmrf_wind_mapping_node-2] --> MAP did not converge after 1 iterations.
[gmrf_wind_mapping_node-2] [GMRF] MAP Mean value estimated in 9.63158 milliseconds
[gmrf_wind_mapping_node-2] --> MAP did not converge after 1 iterations.
[gmrf_wind_mapping_node-2] [GMRF] MAP Mean value estimated in 9.61438 milliseconds
[gmrf_wind_mapping_node-2] --> MAP did not converge after 1 iterations.
[gmrf_wind_mapping_node-2] [GMRF] MAP Mean value estimated in 9.62987 milliseconds
[gmrf_wind_mapping_node-2] --> MAP did not converge after 1 iterations.
[gmrf_wind_mapping_node-2] [GMRF] MAP Mean value estimated in 9.63226 milliseconds
[gmrf_wind_mapping_node-2] --> MAP did not converge after 1 iterations.
[gmrf_wind_mapping_node-2] [GMRF] MAP Mean value estimated in 9.64744 milliseconds
[gmrf_wind_mapping_node-2] --> MAP did not converge after 1 iterations.
[gmrf_wind_mapping_node-2] [GMRF] MAP Mean value estimated in 9.63694 milliseconds
[gmrf_wind_mapping_node-2] --> MAP did not converge after 1 iterations.
[gmrf_wind_mapping_node-2] [GMRF] MAP Mean value estimated in 9.65823 milliseconds
[gmrf_wind_mapping_node-2] --> MAP did not converge after 1 iterations.
[gmrf_wind_mapping_node-2] [GMRF] MAP Mean value estimated in 9.65409 milliseconds
[gsl_actionserver_node-3] [INFO] [1788858929.918165528] [GSL]: 10 gas measurements, 10 wind measurements over 1.91 seconds
[gsl_actionserver_node-3] [INFO] [1788858929.918224786] [GSL]: avg_gas=0.034;  avg_windSpeed=0.065;  avg_wind_dir=-1.8
[gsl_actionserver_node-3] [INFO] [1788858929.918762036] [GSL]: [33mNOTHING [0m
[gsl_actionserver_node-3] [INFO] [1788858929.918773177] [GSL]: [DEBUG-WIND] useGroundTruth=false gmrf_req_size=626 gaden_req_size=-1
[gsl_actionserver_node-3] [INFO] [1788858929.918780111] [GSL]: [DEBUG-WIND] Taking GMRF path
[gsl_actionserver_node-3] [INFO] [1788858930.004405714] [GSL - Trace]: [32mEntering StopAndMeasure[0m
[gmrf_wind_mapping_node-2] --> MAP did not converge after 1 iterations.
[gmrf_wind_mapping_node-2] [GMRF] MAP Mean value estimated in 9.64375 milliseconds
[gmrf_wind_mapping_node-2] --> MAP did not converge after 1 iterations.
[gmrf_wind_mapping_node-2] [GMRF] MAP Mean value estimated in 9.62733 milliseconds
[gmrf_wind_mapping_node-2] --> MAP did not converge after 1 iterations.
[gmrf_wind_mapping_node-2] [GMRF] MAP Mean value estimated in 9.66049 milliseconds
[gmrf_wind_mapping_node-2] --> MAP did not converge after 1 iterations.
[gmrf_wind_mapping_node-2] [GMRF] MAP Mean value estimated in 9.65031 milliseconds
[gmrf_wind_mapping_node-2] --> MAP did not converge after 1 iterations.
[gmrf_wind_mapping_node-2] [GMRF] MAP Mean value estimated in 9.63415 milliseconds
[gmrf_wind_mapping_node-2] --> MAP did not converge after 1 iterations.
[gmrf_wind_mapping_node-2] [GMRF] MAP Mean value estimated in 9.61818 milliseconds
[gmrf_wind_mapping_node-2] --> MAP did not converge after 1 iterations.
[gmrf_wind_mapping_node-2] [GMRF] MAP Mean value estimated in 9.60241 milliseconds
[gmrf_wind_mapping_node-2] --> MAP did not converge after 1 iterations.
[gmrf_wind_mapping_node-2] [GMRF] MAP Mean value estimated in 9.59281 milliseconds
[gmrf_wind_mapping_node-2] --> MAP did not converge after 1 iterations.
[gmrf_wind_mapping_node-2] [GMRF] MAP Mean value estimated in 9.6131 milliseconds
[gmrf_wind_mapping_node-2] --> MAP did not converge after 1 iterations.
[gmrf_wind_mapping_node-2] [GMRF] MAP Mean value estimated in 9.60355 milliseconds
[gmrf_wind_mapping_node-2] --> MAP did not converge after 1 iterations.
[gmrf_wind_mapping_node-2] [GMRF] MAP Mean value estimated in 9.58824 milliseconds
[gmrf_wind_mapping_node-2] --> MAP did not converge after 1 iterations.
[gmrf_wind_mapping_node-2] [GMRF] MAP Mean value estimated in 9.59649 milliseconds
[gmrf_wind_mapping_node-2] --> MAP did not converge after 1 iterations.
[gmrf_wind_mapping_node-2] [GMRF] MAP Mean value estimated in 9.5814 milliseconds
[gmrf_wind_mapping_node-2] --> MAP did not converge after 1 iterations.
[gmrf_wind_mapping_node-2] [GMRF] MAP Mean value estimated in 9.56647 milliseconds
[gmrf_wind_mapping_node-2] --> MAP did not converge after 1 iterations.
[gmrf_wind_mapping_node-2] [GMRF] MAP Mean value estimated in 9.57471 milliseconds
[gmrf_wind_mapping_node-2] --> MAP did not converge after 1 iterations.
[gmrf_wind_mapping_node-2] [GMRF] MAP Mean value estimated in 9.57714 milliseconds
[gmrf_wind_mapping_node-2] --> MAP did not converge after 1 iterations.
[gmrf_wind_mapping_node-2] [GMRF] MAP Mean value estimated in 9.59659 milliseconds
[gmrf_wind_mapping_node-2] --> MAP did not converge after 1 iterations.
[gmrf_wind_mapping_node-2] [GMRF] MAP Mean value estimated in 9.59322 milliseconds
[gmrf_wind_mapping_node-2] --> MAP did not converge after 1 iterations.
[gmrf_wind_mapping_node-2] [GMRF] MAP Mean value estimated in 9.60674 milliseconds
[gmrf_wind_mapping_node-2] --> MAP did not converge after 1 iterations.
[gmrf_wind_mapping_node-2] [GMRF] MAP Mean value estimated in 9.60894 milliseconds
[gsl_actionserver_node-3] [INFO] [1788858931.918169533] [GSL]: 10 gas measurements, 10 wind measurements over 1.91 seconds
[gsl_actionserver_node-3] [INFO] [1788858931.918553892] [GSL]: avg_gas=0.046;  avg_windSpeed=0.048;  avg_wind_dir=-0.12
[gsl_actionserver_node-3] [INFO] [1788858931.919141781] [GSL]: [33mNOTHING [0m
[gsl_actionserver_node-3] [INFO] [1788858931.919153889] [GSL]: [DEBUG-WIND] useGroundTruth=false gmrf_req_size=626 gaden_req_size=-1
[gsl_actionserver_node-3] [INFO] [1788858931.919160529] [GSL]: [DEBUG-WIND] Taking GMRF path
[gsl_actionserver_node-3] [INFO] [1788858932.004699848] [GSL - Trace]: [32mEntering StopAndMeasure[0m
[gmrf_wind_mapping_node-2] --> MAP did not converge after 1 iterations.
[gmrf_wind_mapping_node-2] [GMRF] MAP Mean value estimated in 9.61111 milliseconds
[gmrf_wind_mapping_node-2] --> MAP did not converge after 1 iterations.
[gmrf_wind_mapping_node-2] [GMRF] MAP Mean value estimated in 9.62431 milliseconds
[gmrf_wind_mapping_node-2] --> MAP did not converge after 1 iterations.
[gmrf_wind_mapping_node-2] [GMRF] MAP Mean value estimated in 9.64835 milliseconds
[gmrf_wind_mapping_node-2] --> MAP did not converge after 1 iterations.
[gmrf_wind_mapping_node-2] [GMRF] MAP Mean value estimated in 9.65027 milliseconds
[gmrf_wind_mapping_node-2] --> MAP did not converge after 1 iterations.
[gmrf_wind_mapping_node-2] [GMRF] MAP Mean value estimated in 9.66848 milliseconds
[gmrf_wind_mapping_node-2] --> MAP did not converge after 1 iterations.
[gmrf_wind_mapping_node-2] [GMRF] MAP Mean value estimated in 9.68649 milliseconds
[gmrf_wind_mapping_node-2] --> MAP did not converge after 1 iterations.
[gmrf_wind_mapping_node-2] [GMRF] MAP Mean value estimated in 9.72581 milliseconds
[gmrf_wind_mapping_node-2] --> MAP did not converge after 1 iterations.
[gmrf_wind_mapping_node-2] [GMRF] MAP Mean value estimated in 9.71658 milliseconds
[gmrf_wind_mapping_node-2] --> MAP did not converge after 1 iterations.
[gmrf_wind_mapping_node-2] [GMRF] MAP Mean value estimated in 9.73936 milliseconds
[gmrf_wind_mapping_node-2] --> MAP did not converge after 1 iterations.
[gmrf_wind_mapping_node-2] [GMRF] MAP Mean value estimated in 9.74074 milliseconds
[gmrf_wind_mapping_node-2] --> MAP did not converge after 1 iterations.
[gmrf_wind_mapping_node-2] [GMRF] MAP Mean value estimated in 9.76316 milliseconds
[gmrf_wind_mapping_node-2] --> MAP did not converge after 1 iterations.
[gmrf_wind_mapping_node-2] [GMRF] MAP Mean value estimated in 9.74869 milliseconds
[gmrf_wind_mapping_node-2] --> MAP did not converge after 1 iterations.
[gmrf_wind_mapping_node-2] [GMRF] MAP Mean value estimated in 9.78646 milliseconds
[gmrf_wind_mapping_node-2] --> MAP did not converge after 1 iterations.
[gmrf_wind_mapping_node-2] [GMRF] MAP Mean value estimated in 9.77202 milliseconds
[gmrf_wind_mapping_node-2] --> MAP did not converge after 1 iterations.
[gmrf_wind_mapping_node-2] [GMRF] MAP Mean value estimated in 9.80928 milliseconds
[gmrf_wind_mapping_node-2] --> MAP did not converge after 1 iterations.
[gmrf_wind_mapping_node-2] [GMRF] MAP Mean value estimated in 9.79487 milliseconds
[gmrf_wind_mapping_node-2] --> MAP did not converge after 1 iterations.
[gmrf_wind_mapping_node-2] [GMRF] MAP Mean value estimated in 9.78571 milliseconds
[gmrf_wind_mapping_node-2] --> MAP did not converge after 1 iterations.
[gmrf_wind_mapping_node-2] [GMRF] MAP Mean value estimated in 9.77665 milliseconds
[gmrf_wind_mapping_node-2] --> MAP did not converge after 1 iterations.
[gmrf_wind_mapping_node-2] [GMRF] MAP Mean value estimated in 9.76263 milliseconds
[gmrf_wind_mapping_node-2] --> MAP did not converge after 1 iterations.
[gmrf_wind_mapping_node-2] [GMRF] MAP Mean value estimated in 9.74372 milliseconds
[gsl_actionserver_node-3] [INFO] [1788858933.918433681] [GSL]: 10 gas measurements, 10 wind measurements over 1.91 seconds
[gsl_actionserver_node-3] [INFO] [1788858933.918492232] [GSL]: avg_gas=0.051;  avg_windSpeed=0.065;  avg_wind_dir=-1.8
[gsl_actionserver_node-3] [INFO] [1788858933.919050103] [GSL]: [33mNOTHING [0m
[gsl_actionserver_node-3] [INFO] [1788858933.919060622] [GSL]: [DEBUG-WIND] useGroundTruth=false gmrf_req_size=626 gaden_req_size=-1
[gsl_actionserver_node-3] [INFO] [1788858933.919067143] [GSL]: [DEBUG-WIND] Taking GMRF path
[gsl_actionserver_node-3] [INFO] [1788858934.004313629] [GSL - Trace]: [32mEntering StopAndMeasure[0m
[gmrf_wind_mapping_node-2] --> MAP did not converge after 1 iterations.
[gmrf_wind_mapping_node-2] [GMRF] MAP Mean value estimated in 9.73 milliseconds
[gmrf_wind_mapping_node-2] --> MAP did not converge after 1 iterations.
[gmrf_wind_mapping_node-2] [GMRF] MAP Mean value estimated in 9.71642 milliseconds
[gmrf_wind_mapping_node-2] --> MAP did not converge after 1 iterations.
[gmrf_wind_mapping_node-2] [GMRF] MAP Mean value estimated in 9.70297 milliseconds
[gmrf_wind_mapping_node-2] --> MAP did not converge after 1 iterations.
[gmrf_wind_mapping_node-2] [GMRF] MAP Mean value estimated in 9.69951 milliseconds
[gmrf_wind_mapping_node-2] --> MAP did not converge after 1 iterations.
[gmrf_wind_mapping_node-2] [GMRF] MAP Mean value estimated in 9.68137 milliseconds
[gmrf_wind_mapping_node-2] --> MAP did not converge after 1 iterations.
[gmrf_wind_mapping_node-2] [GMRF] MAP Mean value estimated in 9.67317 milliseconds
[gmrf_wind_mapping_node-2] --> MAP did not converge after 1 iterations.
[gmrf_wind_mapping_node-2] [GMRF] MAP Mean value estimated in 9.67961 milliseconds
[gmrf_wind_mapping_node-2] --> MAP did not converge after 1 iterations.
[gmrf_wind_mapping_node-2] [GMRF] MAP Mean value estimated in 9.6715 milliseconds
[gmrf_wind_mapping_node-2] --> MAP did not converge after 1 iterations.
[gmrf_wind_mapping_node-2] [GMRF] MAP Mean value estimated in 9.66827 milliseconds
[gmrf_wind_mapping_node-2] --> MAP did not converge after 1 iterations.
[gmrf_wind_mapping_node-2] [GMRF] MAP Mean value estimated in 9.67943 milliseconds
[gmrf_wind_mapping_node-2] --> MAP did not converge after 1 iterations.
[gmrf_wind_mapping_node-2] [GMRF] MAP Mean value estimated in 9.69524 milliseconds
[gmrf_wind_mapping_node-2] --> MAP did not converge after 1 iterations.
[gmrf_wind_mapping_node-2] [GMRF] MAP Mean value estimated in 9.68246 milliseconds
[gmrf_wind_mapping_node-2] --> MAP did not converge after 1 iterations.
[gmrf_wind_mapping_node-2] [GMRF] MAP Mean value estimated in 9.67925 milliseconds
[gmrf_wind_mapping_node-2] --> MAP did not converge after 1 iterations.
[gmrf_wind_mapping_node-2] [GMRF] MAP Mean value estimated in 9.66667 milliseconds
[gmrf_wind_mapping_node-2] --> MAP did not converge after 1 iterations.
[gmrf_wind_mapping_node-2] [GMRF] MAP Mean value estimated in 9.65421 milliseconds
[gmrf_wind_mapping_node-2] --> MAP did not converge after 1 iterations.
[gmrf_wind_mapping_node-2] [GMRF] MAP Mean value estimated in 9.64186 milliseconds
[gmrf_wind_mapping_node-2] --> MAP did not converge after 1 iterations.
[gmrf_wind_mapping_node-2] [GMRF] MAP Mean value estimated in 9.62963 milliseconds
[gmrf_wind_mapping_node-2] --> MAP did not converge after 1 iterations.
[gmrf_wind_mapping_node-2] [GMRF] MAP Mean value estimated in 9.61751 milliseconds
[gmrf_wind_mapping_node-2] --> MAP did not converge after 1 iterations.
[gmrf_wind_mapping_node-2] [GMRF] MAP Mean value estimated in 9.6055 milliseconds
[gmrf_wind_mapping_node-2] --> MAP did not converge after 1 iterations.
[gmrf_wind_mapping_node-2] [GMRF] MAP Mean value estimated in 9.59361 milliseconds
[gsl_actionserver_node-3] [INFO] [1788858936.346052286] [GSL]: 10 gas measurements, 10 wind measurements over 2.34 seconds
[gsl_actionserver_node-3] [INFO] [1788858936.346404590] [GSL]: avg_gas=0.075;  avg_windSpeed=0.048;  avg_wind_dir=-0.12
[gsl_actionserver_node-3] [INFO] [1788858936.346909788] [GSL]: [33mNOTHING [0m
[gsl_actionserver_node-3] [INFO] [1788858936.346918939] [GSL]: [DEBUG-WIND] useGroundTruth=false gmrf_req_size=626 gaden_req_size=-1
[gsl_actionserver_node-3] [INFO] [1788858936.346925569] [GSL]: [DEBUG-WIND] Taking GMRF path
[gsl_actionserver_node-3] [INFO] [1788858936.362217677] [GSL - Trace]: [32mEntering StopAndMeasure[0m
[gmrf_wind_mapping_node-2] --> MAP did not converge after 1 iterations.
[gmrf_wind_mapping_node-2] [GMRF] MAP Mean value estimated in 9.58182 milliseconds
[gmrf_wind_mapping_node-2] --> MAP did not converge after 1 iterations.
[gmrf_wind_mapping_node-2] [GMRF] MAP Mean value estimated in 9.56561 milliseconds
[gmrf_wind_mapping_node-2] --> MAP did not converge after 1 iterations.
[gmrf_wind_mapping_node-2] [GMRF] MAP Mean value estimated in 9.54955 milliseconds
[gmrf_wind_mapping_node-2] --> MAP did not converge after 1 iterations.
[gmrf_wind_mapping_node-2] [GMRF] MAP Mean value estimated in 9.53363 milliseconds
[gmrf_wind_mapping_node-2] --> MAP did not converge after 1 iterations.
[gmrf_wind_mapping_node-2] [GMRF] MAP Mean value estimated in 9.52232 milliseconds
[gmrf_wind_mapping_node-2] --> MAP did not converge after 1 iterations.
[gmrf_wind_mapping_node-2] [GMRF] MAP Mean value estimated in 9.51111 milliseconds
[gmrf_wind_mapping_node-2] --> MAP did not converge after 1 iterations.
[gmrf_wind_mapping_node-2] [GMRF] MAP Mean value estimated in 9.51327 milliseconds
[gmrf_wind_mapping_node-2] --> MAP did not converge after 1 iterations.
[gmrf_wind_mapping_node-2] [GMRF] MAP Mean value estimated in 9.50661 milliseconds
[gmrf_wind_mapping_node-2] --> MAP did not converge after 1 iterations.
[gmrf_wind_mapping_node-2] [GMRF] MAP Mean value estimated in 9.51754 milliseconds
[gmrf_wind_mapping_node-2] --> MAP did not converge after 1 iterations.
[gmrf_wind_mapping_node-2] [GMRF] MAP Mean value estimated in 9.50655 milliseconds
[gmrf_wind_mapping_node-2] --> MAP did not converge after 1 iterations.
[gmrf_wind_mapping_node-2] [GMRF] MAP Mean value estimated in 9.5087 milliseconds
[gmrf_wind_mapping_node-2] --> MAP did not converge after 1 iterations.
[gmrf_wind_mapping_node-2] [GMRF] MAP Mean value estimated in 9.49784 milliseconds
[gmrf_wind_mapping_node-2] --> MAP did not converge after 1 iterations.
[gmrf_wind_mapping_node-2] [GMRF] MAP Mean value estimated in 9.48707 milliseconds
[gmrf_wind_mapping_node-2] --> MAP did not converge after 1 iterations.
[gmrf_wind_mapping_node-2] [GMRF] MAP Mean value estimated in 9.47639 milliseconds
[gmrf_wind_mapping_node-2] --> MAP did not converge after 1 iterations.
[gmrf_wind_mapping_node-2] [GMRF] MAP Mean value estimated in 9.48718 milliseconds
[gmrf_wind_mapping_node-2] --> MAP did not converge after 1 iterations.
[gmrf_wind_mapping_node-2] [GMRF] MAP Mean value estimated in 9.4766 milliseconds
[gmrf_wind_mapping_node-2] --> MAP did not converge after 1 iterations.
[gmrf_wind_mapping_node-2] [GMRF] MAP Mean value estimated in 9.47458 milliseconds
[gmrf_wind_mapping_node-2] --> MAP did not converge after 1 iterations.
[gmrf_wind_mapping_node-2] [GMRF] MAP Mean value estimated in 9.46414 milliseconds
[gmrf_wind_mapping_node-2] --> MAP did not converge after 1 iterations.
[gmrf_wind_mapping_node-2] [GMRF] MAP Mean value estimated in 9.48739 milliseconds
[gsl_actionserver_node-3] [INFO] [1788858938.330426327] [GSL]: 10 gas measurements, 10 wind measurements over 1.97 seconds
[gsl_actionserver_node-3] [INFO] [1788858938.330530800] [GSL]: avg_gas=0.075;  avg_windSpeed=0.065;  avg_wind_dir=-1.8
[gsl_actionserver_node-3] [INFO] [1788858938.331312812] [GSL]: [33mNOTHING [0m
[gsl_actionserver_node-3] [INFO] [1788858938.331326436] [GSL]: [DEBUG-WIND] useGroundTruth=false gmrf_req_size=626 gaden_req_size=-1
[gsl_actionserver_node-3] [INFO] [1788858938.331336924] [GSL]: [DEBUG-WIND] Taking GMRF path
[gmrf_wind_mapping_node-2] --> MAP did not converge after 1 iterations.
[gmrf_wind_mapping_node-2] [GMRF] MAP Mean value estimated in 9.49791 milliseconds
[gsl_actionserver_node-3] [INFO] [1788858938.424346523] [GSL - Trace]: [32mEntering StopAndMeasure[0m
[gmrf_wind_mapping_node-2] --> MAP did not converge after 1 iterations.
[gmrf_wind_mapping_node-2] [GMRF] MAP Mean value estimated in 9.50417 milliseconds
[gmrf_wind_mapping_node-2] --> MAP did not converge after 1 iterations.
[gmrf_wind_mapping_node-2] [GMRF] MAP Mean value estimated in 9.49378 milliseconds
[gmrf_wind_mapping_node-2] --> MAP did not converge after 1 iterations.
[gmrf_wind_mapping_node-2] [GMRF] MAP Mean value estimated in 9.50413 milliseconds
[gmrf_wind_mapping_node-2] --> MAP did not converge after 1 iterations.
[gmrf_wind_mapping_node-2] [GMRF] MAP Mean value estimated in 9.49383 milliseconds
[gmrf_wind_mapping_node-2] --> MAP did not converge after 1 iterations.
[gmrf_wind_mapping_node-2] [GMRF] MAP Mean value estimated in 9.4959 milliseconds
[gmrf_wind_mapping_node-2] --> MAP did not converge after 1 iterations.
[gmrf_wind_mapping_node-2] [GMRF] MAP Mean value estimated in 9.49388 milliseconds
[gmrf_wind_mapping_node-2] --> MAP did not converge after 1 iterations.
[gmrf_wind_mapping_node-2] [GMRF] MAP Mean value estimated in 9.50407 milliseconds
[gmrf_wind_mapping_node-2] --> MAP did not converge after 1 iterations.
[gmrf_wind_mapping_node-2] [GMRF] MAP Mean value estimated in 9.49393 milliseconds
[gmrf_wind_mapping_node-2] --> MAP did not converge after 1 iterations.
[gmrf_wind_mapping_node-2] [GMRF] MAP Mean value estimated in 9.50806 milliseconds
[gmrf_wind_mapping_node-2] --> MAP did not converge after 1 iterations.
[gmrf_wind_mapping_node-2] [GMRF] MAP Mean value estimated in 9.49799 milliseconds
[gmrf_wind_mapping_node-2] --> MAP did not converge after 1 iterations.
[gmrf_wind_mapping_node-2] [GMRF] MAP Mean value estimated in 9.508 milliseconds
[gmrf_wind_mapping_node-2] --> MAP did not converge after 1 iterations.
[gmrf_wind_mapping_node-2] [GMRF] MAP Mean value estimated in 9.50199 milliseconds
[gmrf_wind_mapping_node-2] --> MAP did not converge after 1 iterations.
[gmrf_wind_mapping_node-2] [GMRF] MAP Mean value estimated in 9.52778 milliseconds
[gmrf_wind_mapping_node-2] --> MAP did not converge after 1 iterations.
[gmrf_wind_mapping_node-2] [GMRF] MAP Mean value estimated in 9.51779 milliseconds
[gmrf_wind_mapping_node-2] --> MAP did not converge after 1 iterations.
[gmrf_wind_mapping_node-2] [GMRF] MAP Mean value estimated in 9.51575 milliseconds
[gmrf_wind_mapping_node-2] --> MAP did not converge after 1 iterations.
[gmrf_wind_mapping_node-2] [GMRF] MAP Mean value estimated in 9.52157 milliseconds
[gmrf_wind_mapping_node-2] --> MAP did not converge after 1 iterations.
[gmrf_wind_mapping_node-2] [GMRF] MAP Mean value estimated in 9.51172 milliseconds
[gmrf_wind_mapping_node-2] --> MAP did not converge after 1 iterations.
[gmrf_wind_mapping_node-2] [GMRF] MAP Mean value estimated in 9.50973 milliseconds
[gmrf_wind_mapping_node-2] --> MAP did not converge after 1 iterations.
[gmrf_wind_mapping_node-2] [GMRF] MAP Mean value estimated in 9.53101 milliseconds
[gsl_actionserver_node-3] [INFO] [1788858940.329872717] [GSL]: 10 gas measurements, 10 wind measurements over 1.91 seconds
[gsl_actionserver_node-3] [INFO] [1788858940.329974761] [GSL]: avg_gas=0.072;  avg_windSpeed=0.048;  avg_wind_dir=-0.12
[gsl_actionserver_node-3] [INFO] [1788858940.331614238] [GSL]: [33mNOTHING [0m
[gsl_actionserver_node-3] [INFO] [1788858940.331658948] [GSL]: [DEBUG-WIND] useGroundTruth=false gmrf_req_size=626 gaden_req_size=-1
[gsl_actionserver_node-3] [INFO] [1788858940.331688507] [GSL]: [DEBUG-WIND] Taking GMRF path
[gmrf_wind_mapping_node-2] --> MAP did not converge after 1 iterations.
[gmrf_wind_mapping_node-2] [GMRF] MAP Mean value estimated in 9.5444 milliseconds
[gsl_actionserver_node-3] [INFO] [1788858940.424781863] [GSL - Trace]: [32mEntering StopAndMeasure[0m
[gmrf_wind_mapping_node-2] --> MAP did not converge after 1 iterations.
[gmrf_wind_mapping_node-2] [GMRF] MAP Mean value estimated in 9.56538 milliseconds
[gmrf_wind_mapping_node-2] --> MAP did not converge after 1 iterations.
[gmrf_wind_mapping_node-2] [GMRF] MAP Mean value estimated in 9.55556 milliseconds
[gmrf_wind_mapping_node-2] --> MAP did not converge after 1 iterations.
[gmrf_wind_mapping_node-2] [GMRF] MAP Mean value estimated in 9.5687 milliseconds
[gmrf_wind_mapping_node-2] --> MAP did not converge after 1 iterations.
[gmrf_wind_mapping_node-2] [GMRF] MAP Mean value estimated in 9.55894 milliseconds
[gmrf_wind_mapping_node-2] --> MAP did not converge after 1 iterations.
[gmrf_wind_mapping_node-2] [GMRF] MAP Mean value estimated in 9.57955 milliseconds
[gmrf_wind_mapping_node-2] --> MAP did not converge after 1 iterations.
[gmrf_wind_mapping_node-2] [GMRF] MAP Mean value estimated in 9.59623 milliseconds
[gmrf_wind_mapping_node-2] --> MAP did not converge after 1 iterations.
[gmrf_wind_mapping_node-2] [GMRF] MAP Mean value estimated in 9.61278 milliseconds
[gmrf_wind_mapping_node-2] --> MAP did not converge after 1 iterations.
[gmrf_wind_mapping_node-2] [GMRF] MAP Mean value estimated in 9.61049 milliseconds
[gmrf_wind_mapping_node-2] --> MAP did not converge after 1 iterations.
[gmrf_wind_mapping_node-2] [GMRF] MAP Mean value estimated in 9.6306 milliseconds
[gmrf_wind_mapping_node-2] --> MAP did not converge after 1 iterations.
[gmrf_wind_mapping_node-2] [GMRF] MAP Mean value estimated in 9.62082 milliseconds
[gmrf_wind_mapping_node-2] --> MAP did not converge after 1 iterations.
[gmrf_wind_mapping_node-2] [GMRF] MAP Mean value estimated in 9.63704 milliseconds
[gmrf_wind_mapping_node-2] --> MAP did not converge after 1 iterations.
[gmrf_wind_mapping_node-2] [GMRF] MAP Mean value estimated in 9.62731 milliseconds
[gmrf_wind_mapping_node-2] --> MAP did not converge after 1 iterations.
[gmrf_wind_mapping_node-2] [GMRF] MAP Mean value estimated in 9.64706 milliseconds
[gmrf_wind_mapping_node-2] --> MAP did not converge after 1 iterations.
[gmrf_wind_mapping_node-2] [GMRF] MAP Mean value estimated in 9.63736 milliseconds
[gmrf_wind_mapping_node-2] --> MAP did not converge after 1 iterations.
[gmrf_wind_mapping_node-2] [GMRF] MAP Mean value estimated in 9.65693 milliseconds
[gmrf_wind_mapping_node-2] --> MAP did not converge after 1 iterations.
[gmrf_wind_mapping_node-2] [GMRF] MAP Mean value estimated in 9.64364 milliseconds
[gmrf_wind_mapping_node-2] --> MAP did not converge after 1 iterations.
[gmrf_wind_mapping_node-2] [GMRF] MAP Mean value estimated in 9.64493 milliseconds
[gmrf_wind_mapping_node-2] --> MAP did not converge after 1 iterations.
[gmrf_wind_mapping_node-2] [GMRF] MAP Mean value estimated in 9.63538 milliseconds
[gmrf_wind_mapping_node-2] --> MAP did not converge after 1 iterations.
[gmrf_wind_mapping_node-2] [GMRF] MAP Mean value estimated in 9.64748 milliseconds
[gsl_actionserver_node-3] [INFO] [1788858942.329765965] [GSL]: 10 gas measurements, 10 wind measurements over 1.90 seconds
[gsl_actionserver_node-3] [INFO] [1788858942.329851279] [GSL]: avg_gas=0.054;  avg_windSpeed=0.065;  avg_wind_dir=-1.8
[gsl_actionserver_node-3] [INFO] [1788858942.330780837] [GSL]: [33mNOTHING [0m
[gsl_actionserver_node-3] [INFO] [1788858942.330893138] [GSL]: [DEBUG-WIND] useGroundTruth=false gmrf_req_size=626 gaden_req_size=-1
[gsl_actionserver_node-3] [INFO] [1788858942.330931411] [GSL]: [DEBUG-WIND] Taking GMRF path
[gmrf_wind_mapping_node-2] --> MAP did not converge after 1 iterations.
[gmrf_wind_mapping_node-2] [GMRF] MAP Mean value estimated in 9.65233 milliseconds
[gmrf_wind_mapping_node-2] --> MAP did not converge after 1 iterations.
[gmrf_wind_mapping_node-2] [GMRF] MAP Mean value estimated in 9.66071 milliseconds
[gsl_actionserver_node-3] [INFO] [1788858942.446009378] [GSL]: Max mutual info: 6.439
[gsl_actionserver_node-3] [WARN] [1788858942.446772373] [rcl.logging_rosout]: Publisher already registered for provided node name. If this is due to multiple nodes with the same name then all logs for that logger name will go out over the existing publisher. As soon as any node with that name is destructed it will unregister the publisher, preventing any further logs for that name from being published on the rosout topic.
[gsl_actionserver_node-3] [INFO] [1788858942.458798233] [GSL]: MutualInformation - Ellapsed: 0.034s
[vgr_sim_node-1] [WARN] [1788858942.463825560] [vgr_uav_sim]: PLAN_CB: called with goal=(-4.10,-1.13)
[vgr_sim_node-1] [WARN] [1788858942.466231104] [vgr_uav_sim]: PLAN_CB: returning 5 poses
[vgr_sim_node-1] [WARN] [1788858942.476556910] [vgr_uav_sim]: PLAN_CB: called with goal=(-4.10,-1.13)
[vgr_sim_node-1] [WARN] [1788858942.477754190] [vgr_uav_sim]: PLAN_CB: returning 5 poses
[gsl_actionserver_node-3] [INFO] [1788858942.487005311] [GSL]: Sending goal (-4.10, -1.13)
[gsl_actionserver_node-3] [INFO] [1788858942.488593103] [GSL]: Variance: 16.02
[gsl_actionserver_node-3] [INFO] [1788858942.488618524] [GSL - Trace]: [32mEntering Moving[0m
[vgr_sim_node-1] [INFO] [1788858942.498238071] [vgr_uav_sim]: Prepared 5 collision-free navigation waypoints to (-4.10, -1.13)
[vgr_sim_node-1] [INFO] [1788858942.499334052] [vgr_uav_sim]: UAV navigating in audited 2-D mode to (-4.10, -1.13, 0.30)
[gmrf_wind_mapping_node-2] --> MAP did not converge after 1 iterations.
[gmrf_wind_mapping_node-2] [GMRF] MAP Mean value estimated in 9.64769 milliseconds
[gmrf_wind_mapping_node-2] --> MAP did not converge after 1 iterations.
[gmrf_wind_mapping_node-2] [GMRF] MAP Mean value estimated in 9.6383 milliseconds
[gmrf_wind_mapping_node-2] --> MAP did not converge after 1 iterations.
[gmrf_wind_mapping_node-2] [GMRF] MAP Mean value estimated in 9.62898 milliseconds
[gmrf_wind_mapping_node-2] --> MAP did not converge after 1 iterations.
[gmrf_wind_mapping_node-2] [GMRF] MAP Mean value estimated in 9.64437 milliseconds
[gmrf_wind_mapping_node-2] --> MAP did not converge after 1 iterations.
[gmrf_wind_mapping_node-2] [GMRF] MAP Mean value estimated in 9.64211 milliseconds
[gmrf_wind_mapping_node-2] --> MAP did not converge after 1 iterations.
[gmrf_wind_mapping_node-2] [GMRF] MAP Mean value estimated in 9.63287 milliseconds
[gmrf_wind_mapping_node-2] --> MAP did not converge after 1 iterations.
[gmrf_wind_mapping_node-2] [GMRF] MAP Mean value estimated in 9.62369 milliseconds
[gmrf_wind_mapping_node-2] --> MAP did not converge after 1 iterations.
[gmrf_wind_mapping_node-2] [GMRF] MAP Mean value estimated in 9.61806 milliseconds
[gmrf_wind_mapping_node-2] --> MAP did not converge after 1 iterations.
[gmrf_wind_mapping_node-2] [GMRF] MAP Mean value estimated in 9.61938 milliseconds
[gsl_actionserver_node-3] [INFO] [1788858943.401960290] [GSL - Trace]: [32mEntering StopAndMeasure[0m
[gmrf_wind_mapping_node-2] --> MAP did not converge after 1 iterations.
[gmrf_wind_mapping_node-2] [GMRF] MAP Mean value estimated in 9.61034 milliseconds
[gmrf_wind_mapping_node-2] --> MAP did not converge after 1 iterations.
[gmrf_wind_mapping_node-2] [GMRF] MAP Mean value estimated in 9.60137 milliseconds
[gmrf_wind_mapping_node-2] --> MAP did not converge after 1 iterations.
[gmrf_wind_mapping_node-2] [GMRF] MAP Mean value estimated in 9.60274 milliseconds
[gmrf_wind_mapping_node-2] --> MAP did not converge after 1 iterations.
[gmrf_wind_mapping_node-2] [GMRF] MAP Mean value estimated in 9.59727 milliseconds
[gmrf_wind_mapping_node-2] --> MAP did not converge after 1 iterations.
[gmrf_wind_mapping_node-2] [GMRF] MAP Mean value estimated in 9.60884 milliseconds
[gmrf_wind_mapping_node-2] --> MAP did not converge after 1 iterations.
[gmrf_wind_mapping_node-2] [GMRF] MAP Mean value estimated in 9.60678 milliseconds
[gmrf_wind_mapping_node-2] --> MAP did not converge after 1 iterations.
[gmrf_wind_mapping_node-2] [GMRF] MAP Mean value estimated in 9.61486 milliseconds
[gmrf_wind_mapping_node-2] --> MAP did not converge after 1 iterations.
[gmrf_wind_mapping_node-2] [GMRF] MAP Mean value estimated in 9.61616 milliseconds
[gmrf_wind_mapping_node-2] --> MAP did not converge after 1 iterations.
[gmrf_wind_mapping_node-2] [GMRF] MAP Mean value estimated in 9.60738 milliseconds
[gmrf_wind_mapping_node-2] --> MAP did not converge after 1 iterations.
[gmrf_wind_mapping_node-2] [GMRF] MAP Mean value estimated in 9.60201 milliseconds
[gmrf_wind_mapping_node-2] --> MAP did not converge after 1 iterations.
[gmrf_wind_mapping_node-2] [GMRF] MAP Mean value estimated in 9.62667 milliseconds
[gmrf_wind_mapping_node-2] --> MAP did not converge after 1 iterations.
[gmrf_wind_mapping_node-2] [GMRF] MAP Mean value estimated in 9.62126 milliseconds
[gmrf_wind_mapping_node-2] --> MAP did not converge after 1 iterations.
[gmrf_wind_mapping_node-2] [GMRF] MAP Mean value estimated in 9.62914 milliseconds
[gmrf_wind_mapping_node-2] --> MAP did not converge after 1 iterations.
[gmrf_wind_mapping_node-2] [GMRF] MAP Mean value estimated in 9.62046 milliseconds
[gmrf_wind_mapping_node-2] --> MAP did not converge after 1 iterations.
[gmrf_wind_mapping_node-2] [GMRF] MAP Mean value estimated in 9.63158 milliseconds
[gmrf_wind_mapping_node-2] --> MAP did not converge after 1 iterations.
[gmrf_wind_mapping_node-2] [GMRF] MAP Mean value estimated in 9.62295 milliseconds
[gmrf_wind_mapping_node-2] --> MAP did not converge after 1 iterations.
[gmrf_wind_mapping_node-2] [GMRF] MAP Mean value estimated in 9.63725 milliseconds
[gmrf_wind_mapping_node-2] --> MAP did not converge after 1 iterations.
[gmrf_wind_mapping_node-2] [GMRF] MAP Mean value estimated in 9.64169 milliseconds
[gmrf_wind_mapping_node-2] --> MAP did not converge after 1 iterations.
[gmrf_wind_mapping_node-2] [GMRF] MAP Mean value estimated in 9.65909 milliseconds
[gsl_actionserver_node-3] [INFO] [1788858945.330940893] [GSL]: 10 gas measurements, 10 wind measurements over 1.93 seconds
[gsl_actionserver_node-3] [INFO] [1788858945.331038443] [GSL]: avg_gas=0.057;  avg_windSpeed=0.11;  avg_wind_dir=0.95
[gmrf_wind_mapping_node-2] --> MAP did not converge after 1 iterations.
[gmrf_wind_mapping_node-2] [GMRF] MAP Mean value estimated in 9.65049 milliseconds
[gsl_actionserver_node-3] [INFO] [1788858945.331823190] [GSL]: [33mNOTHING [0m
[gsl_actionserver_node-3] [INFO] [1788858945.331856021] [GSL]: [DEBUG-WIND] useGroundTruth=false gmrf_req_size=626 gaden_req_size=-1
[gsl_actionserver_node-3] [INFO] [1788858945.331865565] [GSL]: [DEBUG-WIND] Taking GMRF path
[gsl_actionserver_node-3] [INFO] [1788858945.424534543] [GSL - Trace]: [32mEntering StopAndMeasure[0m
[gmrf_wind_mapping_node-2] --> MAP did not converge after 1 iterations.
[gmrf_wind_mapping_node-2] [GMRF] MAP Mean value estimated in 9.66452 milliseconds
[gmrf_wind_mapping_node-2] --> MAP did not converge after 1 iterations.
[gmrf_wind_mapping_node-2] [GMRF] MAP Mean value estimated in 9.66559 milliseconds
[gmrf_wind_mapping_node-2] --> MAP did not converge after 1 iterations.
[gmrf_wind_mapping_node-2] [GMRF] MAP Mean value estimated in 9.67628 milliseconds
[gmrf_wind_mapping_node-2] --> MAP did not converge after 1 iterations.
[gmrf_wind_mapping_node-2] [GMRF] MAP Mean value estimated in 9.66773 milliseconds
[gmrf_wind_mapping_node-2] --> MAP did not converge after 1 iterations.
[gmrf_wind_mapping_node-2] [GMRF] MAP Mean value estimated in 9.68153 milliseconds
[gmrf_wind_mapping_node-2] --> MAP did not converge after 1 iterations.
[gmrf_wind_mapping_node-2] [GMRF] MAP Mean value estimated in 9.67302 milliseconds
[gmrf_wind_mapping_node-2] --> MAP did not converge after 1 iterations.
[gmrf_wind_mapping_node-2] [GMRF] MAP Mean value estimated in 9.69937 milliseconds
[gmrf_wind_mapping_node-2] --> MAP did not converge after 1 iterations.
[gmrf_wind_mapping_node-2] [GMRF] MAP Mean value estimated in 9.70032 milliseconds
[gmrf_wind_mapping_node-2] --> MAP did not converge after 1 iterations.
[gmrf_wind_mapping_node-2] [GMRF] MAP Mean value estimated in 9.72013 milliseconds
[gmrf_wind_mapping_node-2] --> MAP did not converge after 1 iterations.
[gmrf_wind_mapping_node-2] [GMRF] MAP Mean value estimated in 9.7116 milliseconds
[gmrf_wind_mapping_node-2] --> MAP did not converge after 1 iterations.
[gmrf_wind_mapping_node-2] [GMRF] MAP Mean value estimated in 9.73125 milliseconds
[gmrf_wind_mapping_node-2] --> MAP did not converge after 1 iterations.
[gmrf_wind_mapping_node-2] [GMRF] MAP Mean value estimated in 9.72897 milliseconds
[gmrf_wind_mapping_node-2] --> MAP did not converge after 1 iterations.
[gmrf_wind_mapping_node-2] [GMRF] MAP Mean value estimated in 9.7205 milliseconds
[gmrf_wind_mapping_node-2] --> MAP did not converge after 1 iterations.
[gmrf_wind_mapping_node-2] [GMRF] MAP Mean value estimated in 9.71207 milliseconds
[gmrf_wind_mapping_node-2] --> MAP did not converge after 1 iterations.
[gmrf_wind_mapping_node-2] [GMRF] MAP Mean value estimated in 9.7284 milliseconds
[gmrf_wind_mapping_node-2] --> MAP did not converge after 1 iterations.
[gmrf_wind_mapping_node-2] [GMRF] MAP Mean value estimated in 9.72308 milliseconds
[gmrf_wind_mapping_node-2] --> MAP did not converge after 1 iterations.
[gmrf_wind_mapping_node-2] [GMRF] MAP Mean value estimated in 9.7362 milliseconds
[gmrf_wind_mapping_node-2] --> MAP did not converge after 1 iterations.
[gmrf_wind_mapping_node-2] [GMRF] MAP Mean value estimated in 9.74618 milliseconds
[gmrf_wind_mapping_node-2] --> MAP did not converge after 1 iterations.
[gmrf_wind_mapping_node-2] [GMRF] MAP Mean value estimated in 9.74085 milliseconds
[gmrf_wind_mapping_node-2] --> MAP did not converge after 1 iterations.
[gmrf_wind_mapping_node-2] [GMRF] MAP Mean value estimated in 9.73252 milliseconds
[gsl_actionserver_node-3] [INFO] [1788858947.339823762] [GSL]: 10 gas measurements, 10 wind measurements over 1.91 seconds
[gsl_actionserver_node-3] [INFO] [1788858947.339898524] [GSL]: avg_gas=0.061;  avg_windSpeed=0.075;  avg_wind_dir=-1.9
[gsl_actionserver_node-3] [INFO] [1788858947.340438307] [GSL]: [33mNOTHING [0m
[gsl_actionserver_node-3] [INFO] [1788858947.340496445] [GSL]: [DEBUG-WIND] useGroundTruth=false gmrf_req_size=626 gaden_req_size=-1
[gsl_actionserver_node-3] [INFO] [1788858947.340504328] [GSL]: [DEBUG-WIND] Taking GMRF path
[gsl_actionserver_node-3] [INFO] [1788858947.424330285] [GSL - Trace]: [32mEntering StopAndMeasure[0m
[gmrf_wind_mapping_node-2] --> MAP did not converge after 1 iterations.
[gmrf_wind_mapping_node-2] [GMRF] MAP Mean value estimated in 9.73939 milliseconds
[gmrf_wind_mapping_node-2] --> MAP did not converge after 1 iterations.
[gmrf_wind_mapping_node-2] [GMRF] MAP Mean value estimated in 9.7432 milliseconds
[gmrf_wind_mapping_node-2] --> MAP did not converge after 1 iterations.
[gmrf_wind_mapping_node-2] [GMRF] MAP Mean value estimated in 9.74096 milliseconds
[gmrf_wind_mapping_node-2] --> MAP did not converge after 1 iterations.
[gmrf_wind_mapping_node-2] [GMRF] MAP Mean value estimated in 9.73273 milliseconds
[gmrf_wind_mapping_node-2] --> MAP did not converge after 1 iterations.
[gmrf_wind_mapping_node-2] [GMRF] MAP Mean value estimated in 9.72455 milliseconds
[gmrf_wind_mapping_node-2] --> MAP did not converge after 1 iterations.
[gmrf_wind_mapping_node-2] [GMRF] MAP Mean value estimated in 9.71343 milliseconds
[gmrf_wind_mapping_node-2] --> MAP did not converge after 1 iterations.
[gmrf_wind_mapping_node-2] [GMRF] MAP Mean value estimated in 9.72917 milliseconds
[gmrf_wind_mapping_node-2] --> MAP did not converge after 1 iterations.
[gmrf_wind_mapping_node-2] [GMRF] MAP Mean value estimated in 9.727 milliseconds
[gmrf_wind_mapping_node-2] --> MAP did not converge after 1 iterations.
[gmrf_wind_mapping_node-2] [GMRF] MAP Mean value estimated in 9.73964 milliseconds
[gmrf_wind_mapping_node-2] --> MAP did not converge after 1 iterations.
[gmrf_wind_mapping_node-2] [GMRF] MAP Mean value estimated in 9.74041 milliseconds
[gmrf_wind_mapping_node-2] --> MAP did not converge after 1 iterations.
[gmrf_wind_mapping_node-2] [GMRF] MAP Mean value estimated in 9.75 milliseconds
[gmrf_wind_mapping_node-2] --> MAP did not converge after 1 iterations.
[gmrf_wind_mapping_node-2] [GMRF] MAP Mean value estimated in 9.7478 milliseconds
[gmrf_wind_mapping_node-2] --> MAP did not converge after 1 iterations.
[gmrf_wind_mapping_node-2] [GMRF] MAP Mean value estimated in 9.74269 milliseconds
[gmrf_wind_mapping_node-2] --> MAP did not converge after 1 iterations.
[gmrf_wind_mapping_node-2] [GMRF] MAP Mean value estimated in 9.73469 milliseconds
[gmrf_wind_mapping_node-2] --> MAP did not converge after 1 iterations.
[gmrf_wind_mapping_node-2] [GMRF] MAP Mean value estimated in 9.74128 milliseconds
[gmrf_wind_mapping_node-2] --> MAP did not converge after 1 iterations.
[gmrf_wind_mapping_node-2] [GMRF] MAP Mean value estimated in 9.73333 milliseconds
[gmrf_wind_mapping_node-2] --> MAP did not converge after 1 iterations.
[gmrf_wind_mapping_node-2] [GMRF] MAP Mean value estimated in 9.75145 milliseconds
[gmrf_wind_mapping_node-2] --> MAP did not converge after 1 iterations.
[gmrf_wind_mapping_node-2] [GMRF] MAP Mean value estimated in 9.74928 milliseconds
[gmrf_wind_mapping_node-2] --> MAP did not converge after 1 iterations.
[gmrf_wind_mapping_node-2] [GMRF] MAP Mean value estimated in 9.77011 milliseconds
[gmrf_wind_mapping_node-2] --> MAP did not converge after 1 iterations.
[gmrf_wind_mapping_node-2] [GMRF] MAP Mean value estimated in 9.7765 milliseconds
[gsl_actionserver_node-3] [INFO] [1788858949.339883117] [GSL]: 10 gas measurements, 10 wind measurements over 1.92 seconds
[gsl_actionserver_node-3] [INFO] [1788858949.339945180] [GSL]: avg_gas=0.065;  avg_windSpeed=0.11;  avg_wind_dir=0.95
[gsl_actionserver_node-3] [INFO] [1788858949.340615004] [GSL]: [33mNOTHING [0m
[gsl_actionserver_node-3] [INFO] [1788858949.340627866] [GSL]: [DEBUG-WIND] useGroundTruth=false gmrf_req_size=626 gaden_req_size=-1
[gsl_actionserver_node-3] [INFO] [1788858949.340635816] [GSL]: [DEBUG-WIND] Taking GMRF path
[gsl_actionserver_node-3] [INFO] [1788858949.424579263] [GSL - Trace]: [32mEntering StopAndMeasure[0m
[gmrf_wind_mapping_node-2] --> MAP did not converge after 1 iterations.
[gmrf_wind_mapping_node-2] [GMRF] MAP Mean value estimated in 9.78286 milliseconds
[gmrf_wind_mapping_node-2] --> MAP did not converge after 1 iterations.
[gmrf_wind_mapping_node-2] [GMRF] MAP Mean value estimated in 9.78348 milliseconds
[gmrf_wind_mapping_node-2] --> MAP did not converge after 1 iterations.
[gmrf_wind_mapping_node-2] [GMRF] MAP Mean value estimated in 9.77841 milliseconds
[gmrf_wind_mapping_node-2] --> MAP did not converge after 1 iterations.
[gmrf_wind_mapping_node-2] [GMRF] MAP Mean value estimated in 9.77054 milliseconds
[gmrf_wind_mapping_node-2] --> MAP did not converge after 1 iterations.
[gmrf_wind_mapping_node-2] [GMRF] MAP Mean value estimated in 9.76554 milliseconds
[gmrf_wind_mapping_node-2] --> MAP did not converge after 1 iterations.
[gmrf_wind_mapping_node-2] [GMRF] MAP Mean value estimated in 9.76338 milliseconds
[gmrf_wind_mapping_node-2] --> MAP did not converge after 1 iterations.
[gmrf_wind_mapping_node-2] [GMRF] MAP Mean value estimated in 9.78371 milliseconds
[gmrf_wind_mapping_node-2] --> MAP did not converge after 1 iterations.
[gmrf_wind_mapping_node-2] [GMRF] MAP Mean value estimated in 9.79272 milliseconds
[gmrf_wind_mapping_node-2] --> MAP did not converge after 1 iterations.
[gmrf_wind_mapping_node-2] [GMRF] MAP Mean value estimated in 9.78492 milliseconds
[gmrf_wind_mapping_node-2] --> MAP did not converge after 1 iterations.
[gmrf_wind_mapping_node-2] [GMRF] MAP Mean value estimated in 9.77716 milliseconds
[gmrf_wind_mapping_node-2] --> MAP did not converge after 1 iterations.
[gmrf_wind_mapping_node-2] [GMRF] MAP Mean value estimated in 9.78056 milliseconds
[gmrf_wind_mapping_node-2] --> MAP did not converge after 1 iterations.
[gmrf_wind_mapping_node-2] [GMRF] MAP Mean value estimated in 9.78947 milliseconds
[gmrf_wind_mapping_node-2] --> MAP did not converge after 1 iterations.
[gmrf_wind_mapping_node-2] [GMRF] MAP Mean value estimated in 9.78729 milliseconds
[gmrf_wind_mapping_node-2] --> MAP did not converge after 1 iterations.
[gmrf_wind_mapping_node-2] [GMRF] MAP Mean value estimated in 9.77961 milliseconds
[gmrf_wind_mapping_node-2] --> MAP did not converge after 1 iterations.
[gmrf_wind_mapping_node-2] [GMRF] MAP Mean value estimated in 9.7967 milliseconds
[gmrf_wind_mapping_node-2] --> MAP did not converge after 1 iterations.
[gmrf_wind_mapping_node-2] [GMRF] MAP Mean value estimated in 9.79178 milliseconds
[gmrf_wind_mapping_node-2] --> MAP did not converge after 1 iterations.
[gmrf_wind_mapping_node-2] [GMRF] MAP Mean value estimated in 9.80055 milliseconds
[gmrf_wind_mapping_node-2] --> MAP did not converge after 1 iterations.
[gmrf_wind_mapping_node-2] [GMRF] MAP Mean value estimated in 9.80654 milliseconds
[gmrf_wind_mapping_node-2] --> MAP did not converge after 1 iterations.
[gmrf_wind_mapping_node-2] [GMRF] MAP Mean value estimated in 9.82065 milliseconds
[gmrf_wind_mapping_node-2] --> MAP did not converge after 1 iterations.
[gmrf_wind_mapping_node-2] [GMRF] MAP Mean value estimated in 9.81301 milliseconds
[gsl_actionserver_node-3] [INFO] [1788858951.339883118] [GSL]: 10 gas measurements, 10 wind measurements over 1.91 seconds
[gsl_actionserver_node-3] [INFO] [1788858951.339945592] [GSL]: avg_gas=0.068;  avg_windSpeed=0.075;  avg_wind_dir=-1.9
[gsl_actionserver_node-3] [INFO] [1788858951.340452618] [GSL]: [33mNOTHING [0m
[gsl_actionserver_node-3] [INFO] [1788858951.340463790] [GSL]: [DEBUG-WIND] useGroundTruth=false gmrf_req_size=626 gaden_req_size=-1
[gsl_actionserver_node-3] [INFO] [1788858951.340470568] [GSL]: [DEBUG-WIND] Taking GMRF path
[gsl_actionserver_node-3] [INFO] [1788858951.424182693] [GSL - Trace]: [32mEntering StopAndMeasure[0m
[gmrf_wind_mapping_node-2] --> MAP did not converge after 1 iterations.
[gmrf_wind_mapping_node-2] [GMRF] MAP Mean value estimated in 9.80541 milliseconds
[gmrf_wind_mapping_node-2] --> MAP did not converge after 1 iterations.
[gmrf_wind_mapping_node-2] [GMRF] MAP Mean value estimated in 9.81132 milliseconds
[gmrf_wind_mapping_node-2] --> MAP did not converge after 1 iterations.
[gmrf_wind_mapping_node-2] [GMRF] MAP Mean value estimated in 9.82796 milliseconds
[gmrf_wind_mapping_node-2] --> MAP did not converge after 1 iterations.
[gmrf_wind_mapping_node-2] [GMRF] MAP Mean value estimated in 9.82574 milliseconds
[gmrf_wind_mapping_node-2] --> MAP did not converge after 1 iterations.
[gmrf_wind_mapping_node-2] [GMRF] MAP Mean value estimated in 9.83957 milliseconds
[gmrf_wind_mapping_node-2] --> MAP did not converge after 1 iterations.
[gmrf_wind_mapping_node-2] [GMRF] MAP Mean value estimated in 9.83733 milliseconds
[gmrf_wind_mapping_node-2] --> MAP did not converge after 1 iterations.
[gmrf_wind_mapping_node-2] [GMRF] MAP Mean value estimated in 9.85106 milliseconds
[gmrf_wind_mapping_node-2] --> MAP did not converge after 1 iterations.
[gmrf_wind_mapping_node-2] [GMRF] MAP Mean value estimated in 9.85146 milliseconds
[gmrf_wind_mapping_node-2] --> MAP did not converge after 1 iterations.
[gmrf_wind_mapping_node-2] [GMRF] MAP Mean value estimated in 9.86243 milliseconds
[gmrf_wind_mapping_node-2] --> MAP did not converge after 1 iterations.
[gmrf_wind_mapping_node-2] [GMRF] MAP Mean value estimated in 9.86016 milliseconds
[gmrf_wind_mapping_node-2] --> MAP did not converge after 1 iterations.
[gmrf_wind_mapping_node-2] [GMRF] MAP Mean value estimated in 9.85526 milliseconds
[gmrf_wind_mapping_node-2] --> MAP did not converge after 1 iterations.
[gmrf_wind_mapping_node-2] [GMRF] MAP Mean value estimated in 9.85564 milliseconds
[gmrf_wind_mapping_node-2] --> MAP did not converge after 1 iterations.
[gmrf_wind_mapping_node-2] [GMRF] MAP Mean value estimated in 9.8534 milliseconds
[gmrf_wind_mapping_node-2] --> MAP did not converge after 1 iterations.
[gmrf_wind_mapping_node-2] [GMRF] MAP Mean value estimated in 9.84595 milliseconds
[gmrf_wind_mapping_node-2] --> MAP did not converge after 1 iterations.
[gmrf_wind_mapping_node-2] [GMRF] MAP Mean value estimated in 9.85938 milliseconds
[gmrf_wind_mapping_node-2] --> MAP did not converge after 1 iterations.
[gmrf_wind_mapping_node-2] [GMRF] MAP Mean value estimated in 9.85974 milliseconds
[gmrf_wind_mapping_node-2] --> MAP did not converge after 1 iterations.
[gmrf_wind_mapping_node-2] [GMRF] MAP Mean value estimated in 9.87047 milliseconds
[gmrf_wind_mapping_node-2] --> MAP did not converge after 1 iterations.
[gmrf_wind_mapping_node-2] [GMRF] MAP Mean value estimated in 9.86305 milliseconds
[gmrf_wind_mapping_node-2] --> MAP did not converge after 1 iterations.
[gmrf_wind_mapping_node-2] [GMRF] MAP Mean value estimated in 9.87887 milliseconds
[gmrf_wind_mapping_node-2] --> MAP did not converge after 1 iterations.
[gmrf_wind_mapping_node-2] [GMRF] MAP Mean value estimated in 9.87661 milliseconds
[gsl_actionserver_node-3] [INFO] [1788858953.339821664] [GSL]: 10 gas measurements, 10 wind measurements over 1.92 seconds
[gsl_actionserver_node-3] [INFO] [1788858953.339882240] [GSL]: avg_gas=0.092;  avg_windSpeed=0.11;  avg_wind_dir=0.95
[gsl_actionserver_node-3] [INFO] [1788858953.340409659] [GSL]: [33mNOTHING [0m
[gsl_actionserver_node-3] [INFO] [1788858953.340419363] [GSL]: [DEBUG-WIND] useGroundTruth=false gmrf_req_size=626 gaden_req_size=-1
[gsl_actionserver_node-3] [INFO] [1788858953.340425791] [GSL]: [DEBUG-WIND] Taking GMRF path
[gsl_actionserver_node-3] [INFO] [1788858953.423803324] [GSL - Trace]: [32mEntering StopAndMeasure[0m
[gmrf_wind_mapping_node-2] --> MAP did not converge after 1 iterations.
[gmrf_wind_mapping_node-2] [GMRF] MAP Mean value estimated in 9.86923 milliseconds
[gmrf_wind_mapping_node-2] --> MAP did not converge after 1 iterations.
[gmrf_wind_mapping_node-2] [GMRF] MAP Mean value estimated in 9.87724 milliseconds
[gmrf_wind_mapping_node-2] --> MAP did not converge after 1 iterations.
[gmrf_wind_mapping_node-2] [GMRF] MAP Mean value estimated in 9.8852 milliseconds
[gmrf_wind_mapping_node-2] --> MAP did not converge after 1 iterations.
[gmrf_wind_mapping_node-2] [GMRF] MAP Mean value estimated in 9.87786 milliseconds
[gmrf_wind_mapping_node-2] --> MAP did not converge after 1 iterations.
[gmrf_wind_mapping_node-2] [GMRF] MAP Mean value estimated in 9.8934 milliseconds
[gmrf_wind_mapping_node-2] --> MAP did not converge after 1 iterations.
[gmrf_wind_mapping_node-2] [GMRF] MAP Mean value estimated in 9.88608 milliseconds
[gmrf_wind_mapping_node-2] --> MAP did not converge after 1 iterations.
[gmrf_wind_mapping_node-2] [GMRF] MAP Mean value estimated in 9.89646 milliseconds
[gmrf_wind_mapping_node-2] --> MAP did not converge after 1 iterations.
[gmrf_wind_mapping_node-2] [GMRF] MAP Mean value estimated in 9.9068 milliseconds
[gmrf_wind_mapping_node-2] --> MAP did not converge after 1 iterations.
[gmrf_wind_mapping_node-2] [GMRF] MAP Mean value estimated in 9.91457 milliseconds
[gmrf_wind_mapping_node-2] --> MAP did not converge after 1 iterations.
[gmrf_wind_mapping_node-2] [GMRF] MAP Mean value estimated in 9.91479 milliseconds
[gmrf_wind_mapping_node-2] --> MAP did not converge after 1 iterations.
[gmrf_wind_mapping_node-2] [GMRF] MAP Mean value estimated in 9.9075 milliseconds
[gmrf_wind_mapping_node-2] --> MAP did not converge after 1 iterations.
[gmrf_wind_mapping_node-2] [GMRF] MAP Mean value estimated in 9.90773 milliseconds
[gmrf_wind_mapping_node-2] --> MAP did not converge after 1 iterations.
[gmrf_wind_mapping_node-2] [GMRF] MAP Mean value estimated in 9.90796 milliseconds
[gmrf_wind_mapping_node-2] --> MAP did not converge after 1 iterations.
[gmrf_wind_mapping_node-2] [GMRF] MAP Mean value estimated in 9.90074 milliseconds
[gmrf_wind_mapping_node-2] --> MAP did not converge after 1 iterations.
[gmrf_wind_mapping_node-2] [GMRF] MAP Mean value estimated in 9.89356 milliseconds
[gmrf_wind_mapping_node-2] --> MAP did not converge after 1 iterations.
[gmrf_wind_mapping_node-2] [GMRF] MAP Mean value estimated in 9.88642 milliseconds
[gmrf_wind_mapping_node-2] --> MAP did not converge after 1 iterations.
[gmrf_wind_mapping_node-2] [GMRF] MAP Mean value estimated in 9.88916 milliseconds
[gmrf_wind_mapping_node-2] --> MAP did not converge after 1 iterations.
[gmrf_wind_mapping_node-2] [GMRF] MAP Mean value estimated in 9.88452 milliseconds
[gmrf_wind_mapping_node-2] --> MAP did not converge after 1 iterations.
[gmrf_wind_mapping_node-2] [GMRF] MAP Mean value estimated in 9.89706 milliseconds
[gmrf_wind_mapping_node-2] --> MAP did not converge after 1 iterations.
[gmrf_wind_mapping_node-2] [GMRF] MAP Mean value estimated in 9.89731 milliseconds
[gsl_actionserver_node-3] [INFO] [1788858955.339923415] [GSL]: 10 gas measurements, 10 wind measurements over 1.92 seconds
[gsl_actionserver_node-3] [INFO] [1788858955.340378039] [GSL]: avg_gas=0.097;  avg_windSpeed=0.075;  avg_wind_dir=-1.9
[gsl_actionserver_node-3] [INFO] [1788858955.341059847] [GSL]: [33mNOTHING [0m
[gsl_actionserver_node-3] [INFO] [1788858955.341075220] [GSL]: [DEBUG-WIND] useGroundTruth=false gmrf_req_size=626 gaden_req_size=-1
[gsl_actionserver_node-3] [INFO] [1788858955.341084721] [GSL]: [DEBUG-WIND] Taking GMRF path
[gsl_actionserver_node-3] [INFO] [1788858955.424074260] [GSL - Trace]: [32mEntering StopAndMeasure[0m
[gmrf_wind_mapping_node-2] --> MAP did not converge after 1 iterations.
[gmrf_wind_mapping_node-2] [GMRF] MAP Mean value estimated in 9.89268 milliseconds
[gmrf_wind_mapping_node-2] --> MAP did not converge after 1 iterations.
[gmrf_wind_mapping_node-2] [GMRF] MAP Mean value estimated in 9.88564 milliseconds
[gmrf_wind_mapping_node-2] --> MAP did not converge after 1 iterations.
[gmrf_wind_mapping_node-2] [GMRF] MAP Mean value estimated in 9.87864 milliseconds
[gmrf_wind_mapping_node-2] --> MAP did not converge after 1 iterations.
[gmrf_wind_mapping_node-2] [GMRF] MAP Mean value estimated in 9.87167 milliseconds
[gmrf_wind_mapping_node-2] --> MAP did not converge after 1 iterations.
[gmrf_wind_mapping_node-2] [GMRF] MAP Mean value estimated in 9.88406 milliseconds
[gmrf_wind_mapping_node-2] --> MAP did not converge after 1 iterations.
[gmrf_wind_mapping_node-2] [GMRF] MAP Mean value estimated in 9.88916 milliseconds
[gmrf_wind_mapping_node-2] --> MAP did not converge after 1 iterations.
[gmrf_wind_mapping_node-2] [GMRF] MAP Mean value estimated in 9.89663 milliseconds
[gmrf_wind_mapping_node-2] --> MAP did not converge after 1 iterations.
[gmrf_wind_mapping_node-2] [GMRF] MAP Mean value estimated in 9.88969 milliseconds
[gmrf_wind_mapping_node-2] --> MAP did not converge after 1 iterations.
[gmrf_wind_mapping_node-2] [GMRF] MAP Mean value estimated in 9.9067 milliseconds
[gmrf_wind_mapping_node-2] --> MAP did not converge after 1 iterations.
[gmrf_wind_mapping_node-2] [GMRF] MAP Mean value estimated in 9.90215 milliseconds
[gmrf_wind_mapping_node-2] --> MAP did not converge after 1 iterations.
[gmrf_wind_mapping_node-2] [GMRF] MAP Mean value estimated in 9.89524 milliseconds
[gmrf_wind_mapping_node-2] --> MAP did not converge after 1 iterations.
[gmrf_wind_mapping_node-2] [GMRF] MAP Mean value estimated in 9.89549 milliseconds
[gmrf_wind_mapping_node-2] --> MAP did not converge after 1 iterations.
[gmrf_wind_mapping_node-2] [GMRF] MAP Mean value estimated in 9.91232 milliseconds
[gmrf_wind_mapping_node-2] --> MAP did not converge after 1 iterations.
[gmrf_wind_mapping_node-2] [GMRF] MAP Mean value estimated in 9.90544 milliseconds
[gmrf_wind_mapping_node-2] --> MAP did not converge after 1 iterations.
[gmrf_wind_mapping_node-2] [GMRF] MAP Mean value estimated in 9.91274 milliseconds
[gmrf_wind_mapping_node-2] --> MAP did not converge after 1 iterations.
[gmrf_wind_mapping_node-2] [GMRF] MAP Mean value estimated in 9.91529 milliseconds
[gmrf_wind_mapping_node-2] --> MAP did not converge after 1 iterations.
[gmrf_wind_mapping_node-2] [GMRF] MAP Mean value estimated in 9.91784 milliseconds
[gmrf_wind_mapping_node-2] --> MAP did not converge after 1 iterations.
[gmrf_wind_mapping_node-2] [GMRF] MAP Mean value estimated in 9.91803 milliseconds
[gmrf_wind_mapping_node-2] --> MAP did not converge after 1 iterations.
[gmrf_wind_mapping_node-2] [GMRF] MAP Mean value estimated in 9.93224 milliseconds
[gmrf_wind_mapping_node-2] --> MAP did not converge after 1 iterations.
[gmrf_wind_mapping_node-2] [GMRF] MAP Mean value estimated in 9.93007 milliseconds
[gsl_actionserver_node-3] [INFO] [1788858957.339959067] [GSL]: 10 gas measurements, 10 wind measurements over 1.92 seconds
[gsl_actionserver_node-3] [INFO] [1788858957.340089168] [GSL]: avg_gas=0.088;  avg_windSpeed=0.11;  avg_wind_dir=0.95
[gsl_actionserver_node-3] [INFO] [1788858957.340827157] [GSL]: [33mNOTHING [0m
[gsl_actionserver_node-3] [INFO] [1788858957.340840106] [GSL]: [DEBUG-WIND] useGroundTruth=false gmrf_req_size=626 gaden_req_size=-1
[gsl_actionserver_node-3] [INFO] [1788858957.340849522] [GSL]: [DEBUG-WIND] Taking GMRF path
[gsl_actionserver_node-3] [INFO] [1788858957.424135411] [GSL - Trace]: [32mEntering StopAndMeasure[0m
[gmrf_wind_mapping_node-2] --> MAP did not converge after 1 iterations.
[gmrf_wind_mapping_node-2] [GMRF] MAP Mean value estimated in 9.92558 milliseconds
[gmrf_wind_mapping_node-2] --> MAP did not converge after 1 iterations.
[gmrf_wind_mapping_node-2] [GMRF] MAP Mean value estimated in 9.93271 milliseconds
[gmrf_wind_mapping_node-2] --> MAP did not converge after 1 iterations.
[gmrf_wind_mapping_node-2] [GMRF] MAP Mean value estimated in 9.94907 milliseconds
[gmrf_wind_mapping_node-2] --> MAP did not converge after 1 iterations.
[gmrf_wind_mapping_node-2] [GMRF] MAP Mean value estimated in 9.94226 milliseconds
[gmrf_wind_mapping_node-2] --> MAP did not converge after 1 iterations.
[gmrf_wind_mapping_node-2] [GMRF] MAP Mean value estimated in 9.95622 milliseconds
[gmrf_wind_mapping_node-2] --> MAP did not converge after 1 iterations.
[gmrf_wind_mapping_node-2] [GMRF] MAP Mean value estimated in 9.95172 milliseconds
[gmrf_wind_mapping_node-2] --> MAP did not converge after 1 iterations.
[gmrf_wind_mapping_node-2] [GMRF] MAP Mean value estimated in 9.94495 milliseconds
[gmrf_wind_mapping_node-2] --> MAP did not converge after 1 iterations.
[gmrf_wind_mapping_node-2] [GMRF] MAP Mean value estimated in 9.93822 milliseconds
[gmrf_wind_mapping_node-2] --> MAP did not converge after 1 iterations.
[gmrf_wind_mapping_node-2] [GMRF] MAP Mean value estimated in 9.93151 milliseconds
[gmrf_wind_mapping_node-2] --> MAP did not converge after 1 iterations.
[gmrf_wind_mapping_node-2] [GMRF] MAP Mean value estimated in 9.92711 milliseconds
[gmrf_wind_mapping_node-2] --> MAP did not converge after 1 iterations.
[gmrf_wind_mapping_node-2] [GMRF] MAP Mean value estimated in 9.92273 milliseconds
[gmrf_wind_mapping_node-2] --> MAP did not converge after 1 iterations.
[gmrf_wind_mapping_node-2] [GMRF] MAP Mean value estimated in 9.92517 milliseconds
[gmrf_wind_mapping_node-2] --> MAP did not converge after 1 iterations.
[gmrf_wind_mapping_node-2] [GMRF] MAP Mean value estimated in 9.9276 milliseconds
[gmrf_wind_mapping_node-2] --> MAP did not converge after 1 iterations.
[gmrf_wind_mapping_node-2] [GMRF] MAP Mean value estimated in 9.92099 milliseconds
[gmrf_wind_mapping_node-2] --> MAP did not converge after 1 iterations.
[gmrf_wind_mapping_node-2] [GMRF] MAP Mean value estimated in 9.93243 milliseconds
[gmrf_wind_mapping_node-2] --> MAP did not converge after 1 iterations.
[gmrf_wind_mapping_node-2] [GMRF] MAP Mean value estimated in 9.92584 milliseconds
[gmrf_wind_mapping_node-2] --> MAP did not converge after 1 iterations.
[gmrf_wind_mapping_node-2] [GMRF] MAP Mean value estimated in 9.93498 milliseconds
[gmrf_wind_mapping_node-2] --> MAP did not converge after 1 iterations.
[gmrf_wind_mapping_node-2] [GMRF] MAP Mean value estimated in 9.93736 milliseconds
[gmrf_wind_mapping_node-2] --> MAP did not converge after 1 iterations.
[gmrf_wind_mapping_node-2] [GMRF] MAP Mean value estimated in 9.9442 milliseconds
[gmrf_wind_mapping_node-2] --> MAP did not converge after 1 iterations.
[gmrf_wind_mapping_node-2] [GMRF] MAP Mean value estimated in 9.94655 milliseconds
[gsl_actionserver_node-3] [INFO] [1788858959.339829995] [GSL]: 10 gas measurements, 10 wind measurements over 1.92 seconds
[gsl_actionserver_node-3] [INFO] [1788858959.340278821] [GSL]: avg_gas=0.094;  avg_windSpeed=0.075;  avg_wind_dir=-1.9
[gsl_actionserver_node-3] [INFO] [1788858959.340879661] [GSL]: [33mNOTHING [0m
[gsl_actionserver_node-3] [INFO] [1788858959.340891900] [GSL]: [DEBUG-WIND] useGroundTruth=false gmrf_req_size=626 gaden_req_size=-1
[gsl_actionserver_node-3] [INFO] [1788858959.340900232] [GSL]: [DEBUG-WIND] Taking GMRF path
[gmrf_wind_mapping_node-2] --> MAP did not converge after 1 iterations.
[gmrf_wind_mapping_node-2] [GMRF] MAP Mean value estimated in 9.94667 milliseconds
[gsl_actionserver_node-3] [INFO] [1788858959.452233969] [GSL]: Max mutual info: 6.439
[gsl_actionserver_node-3] [INFO] [1788858959.452391286] [GSL]: MutualInformation - Ellapsed: 0.028s
[vgr_sim_node-1] [WARN] [1788858959.456832137] [vgr_uav_sim]: PLAN_CB: called with goal=(-5.00,-0.83)
[vgr_sim_node-1] [WARN] [1788858959.461235074] [vgr_uav_sim]: PLAN_CB: returning 5 poses
[vgr_sim_node-1] [WARN] [1788858959.473960834] [vgr_uav_sim]: PLAN_CB: called with goal=(-5.00,-0.83)
[vgr_sim_node-1] [WARN] [1788858959.475633581] [vgr_uav_sim]: PLAN_CB: returning 5 poses
[gsl_actionserver_node-3] [INFO] [1788858959.484327923] [GSL]: Sending goal (-5.00, -0.83)
[gsl_actionserver_node-3] [INFO] [1788858959.494144115] [GSL]: Variance: 16.02
[gsl_actionserver_node-3] [INFO] [1788858959.494172959] [GSL - Trace]: [32mEntering Moving[0m
[vgr_sim_node-1] [INFO] [1788858959.503474825] [vgr_uav_sim]: Prepared 5 collision-free navigation waypoints to (-5.00, -0.83)
[vgr_sim_node-1] [INFO] [1788858959.505518393] [vgr_uav_sim]: UAV navigating in audited 2-D mode to (-5.00, -0.83, 0.30)
[gmrf_wind_mapping_node-2] --> MAP did not converge after 1 iterations.
[gmrf_wind_mapping_node-2] [GMRF] MAP Mean value estimated in 9.93792 milliseconds
[gmrf_wind_mapping_node-2] --> MAP did not converge after 1 iterations.
[gmrf_wind_mapping_node-2] [GMRF] MAP Mean value estimated in 9.93805 milliseconds
[gmrf_wind_mapping_node-2] --> MAP did not converge after 1 iterations.
[gmrf_wind_mapping_node-2] [GMRF] MAP Mean value estimated in 9.93377 milliseconds
[gmrf_wind_mapping_node-2] --> MAP did not converge after 1 iterations.
[gmrf_wind_mapping_node-2] [GMRF] MAP Mean value estimated in 9.92511 milliseconds
[gmrf_wind_mapping_node-2] --> MAP did not converge after 1 iterations.
[gmrf_wind_mapping_node-2] [GMRF] MAP Mean value estimated in 9.92747 milliseconds
[gmrf_wind_mapping_node-2] --> MAP did not converge after 1 iterations.
[gmrf_wind_mapping_node-2] [GMRF] MAP Mean value estimated in 9.92982 milliseconds
[gmrf_wind_mapping_node-2] --> MAP did not converge after 1 iterations.
[gmrf_wind_mapping_node-2] [GMRF] MAP Mean value estimated in 9.93217 milliseconds
[gmrf_wind_mapping_node-2] --> MAP did not converge after 1 iterations.
[gmrf_wind_mapping_node-2] [GMRF] MAP Mean value estimated in 9.9476 milliseconds
[gmrf_wind_mapping_node-2] --> MAP did not converge after 1 iterations.
[gmrf_wind_mapping_node-2] [GMRF] MAP Mean value estimated in 9.95207 milliseconds
[gsl_actionserver_node-3] [INFO] [1788858960.409374505] [GSL - Trace]: [32mEntering StopAndMeasure[0m
[gmrf_wind_mapping_node-2] --> MAP did not converge after 1 iterations.
[gmrf_wind_mapping_node-2] [GMRF] MAP Mean value estimated in 9.96304 milliseconds
[gmrf_wind_mapping_node-2] --> MAP did not converge after 1 iterations.
[gmrf_wind_mapping_node-2] [GMRF] MAP Mean value estimated in 9.95879 milliseconds
[gmrf_wind_mapping_node-2] --> MAP did not converge after 1 iterations.
[gmrf_wind_mapping_node-2] [GMRF] MAP Mean value estimated in 9.96753 milliseconds
[gmrf_wind_mapping_node-2] --> MAP did not converge after 1 iterations.
[gmrf_wind_mapping_node-2] [GMRF] MAP Mean value estimated in 9.96112 milliseconds
[gmrf_wind_mapping_node-2] --> MAP did not converge after 1 iterations.
[gmrf_wind_mapping_node-2] [GMRF] MAP Mean value estimated in 9.95474 milliseconds
[gmrf_wind_mapping_node-2] --> MAP did not converge after 1 iterations.
[gmrf_wind_mapping_node-2] [GMRF] MAP Mean value estimated in 9.95699 milliseconds
[gmrf_wind_mapping_node-2] --> MAP did not converge after 1 iterations.
[gmrf_wind_mapping_node-2] [GMRF] MAP Mean value estimated in 9.95064 milliseconds
[gmrf_wind_mapping_node-2] --> MAP did not converge after 1 iterations.
[gmrf_wind_mapping_node-2] [GMRF] MAP Mean value estimated in 9.95075 milliseconds
[gmrf_wind_mapping_node-2] --> MAP did not converge after 1 iterations.
[gmrf_wind_mapping_node-2] [GMRF] MAP Mean value estimated in 9.95513 milliseconds
[gmrf_wind_mapping_node-2] --> MAP did not converge after 1 iterations.
[gmrf_wind_mapping_node-2] [GMRF] MAP Mean value estimated in 9.94883 milliseconds
[gmrf_wind_mapping_node-2] --> MAP did not converge after 1 iterations.
[gmrf_wind_mapping_node-2] [GMRF] MAP Mean value estimated in 9.95106 milliseconds
[gmrf_wind_mapping_node-2] --> MAP did not converge after 1 iterations.
[gmrf_wind_mapping_node-2] [GMRF] MAP Mean value estimated in 9.95117 milliseconds
[gmrf_wind_mapping_node-2] --> MAP did not converge after 1 iterations.
[gmrf_wind_mapping_node-2] [GMRF] MAP Mean value estimated in 9.95763 milliseconds
[gmrf_wind_mapping_node-2] --> MAP did not converge after 1 iterations.
[gmrf_wind_mapping_node-2] [GMRF] MAP Mean value estimated in 9.94926 milliseconds
[gmrf_wind_mapping_node-2] --> MAP did not converge after 1 iterations.
[gmrf_wind_mapping_node-2] [GMRF] MAP Mean value estimated in 9.94937 milliseconds
[gmrf_wind_mapping_node-2] --> MAP did not converge after 1 iterations.
[gmrf_wind_mapping_node-2] [GMRF] MAP Mean value estimated in 9.94526 milliseconds
[gmrf_wind_mapping_node-2] --> MAP did not converge after 1 iterations.
[gmrf_wind_mapping_node-2] [GMRF] MAP Mean value estimated in 9.95168 milliseconds
[gmrf_wind_mapping_node-2] --> MAP did not converge after 1 iterations.
[gmrf_wind_mapping_node-2] [GMRF] MAP Mean value estimated in 9.95807 milliseconds
[gmrf_wind_mapping_node-2] --> MAP did not converge after 1 iterations.
[gmrf_wind_mapping_node-2] [GMRF] MAP Mean value estimated in 9.96234 milliseconds
[gmrf_wind_mapping_node-2] --> MAP did not converge after 1 iterations.
[gmrf_wind_mapping_node-2] [GMRF] MAP Mean value estimated in 9.95616 milliseconds
[gsl_actionserver_node-3] [INFO] [1788858962.339646221] [GSL]: 10 gas measurements, 10 wind measurements over 1.93 seconds
[gsl_actionserver_node-3] [INFO] [1788858962.339721462] [GSL]: avg_gas=0.081;  avg_windSpeed=0.11;  avg_wind_dir=0.88
[gsl_actionserver_node-3] [INFO] [1788858962.340435435] [GSL]: [33mNOTHING [0m
[gsl_actionserver_node-3] [INFO] [1788858962.340772589] [GSL]: [DEBUG-WIND] useGroundTruth=false gmrf_req_size=626 gaden_req_size=-1
[gsl_actionserver_node-3] [INFO] [1788858962.340795904] [GSL]: [DEBUG-WIND] Taking GMRF path
[gsl_actionserver_node-3] [INFO] [1788858962.424154404] [GSL - Trace]: [32mEntering StopAndMeasure[0m
[gmrf_wind_mapping_node-2] --> MAP did not converge after 1 iterations.
[gmrf_wind_mapping_node-2] [GMRF] MAP Mean value estimated in 9.95625 milliseconds
[gmrf_wind_mapping_node-2] --> MAP did not converge after 1 iterations.
[gmrf_wind_mapping_node-2] [GMRF] MAP Mean value estimated in 9.95218 milliseconds
[gmrf_wind_mapping_node-2] --> MAP did not converge after 1 iterations.
[gmrf_wind_mapping_node-2] [GMRF] MAP Mean value estimated in 9.94813 milliseconds
[gmrf_wind_mapping_node-2] --> MAP did not converge after 1 iterations.
[gmrf_wind_mapping_node-2] [GMRF] MAP Mean value estimated in 9.94617 milliseconds
[gmrf_wind_mapping_node-2] --> MAP did not converge after 1 iterations.
[gmrf_wind_mapping_node-2] [GMRF] MAP Mean value estimated in 9.95041 milliseconds
[gmrf_wind_mapping_node-2] --> MAP did not converge after 1 iterations.
[gmrf_wind_mapping_node-2] [GMRF] MAP Mean value estimated in 9.9567 milliseconds
[gmrf_wind_mapping_node-2] --> MAP did not converge after 1 iterations.
[gmrf_wind_mapping_node-2] [GMRF] MAP Mean value estimated in 9.95885 milliseconds
[gmrf_wind_mapping_node-2] --> MAP did not converge after 1 iterations.
[gmrf_wind_mapping_node-2] [GMRF] MAP Mean value estimated in 9.95893 milliseconds
[gmrf_wind_mapping_node-2] --> MAP did not converge after 1 iterations.
[gmrf_wind_mapping_node-2] [GMRF] MAP Mean value estimated in 9.95287 milliseconds
[gmrf_wind_mapping_node-2] --> MAP did not converge after 1 iterations.
[gmrf_wind_mapping_node-2] [GMRF] MAP Mean value estimated in 9.95092 milliseconds
[gmrf_wind_mapping_node-2] --> MAP did not converge after 1 iterations.
[gmrf_wind_mapping_node-2] [GMRF] MAP Mean value estimated in 9.9551 milliseconds
[gmrf_wind_mapping_node-2] --> MAP did not converge after 1 iterations.
[gmrf_wind_mapping_node-2] [GMRF] MAP Mean value estimated in 9.95316 milliseconds
[gmrf_wind_mapping_node-2] --> MAP did not converge after 1 iterations.
[gmrf_wind_mapping_node-2] [GMRF] MAP Mean value estimated in 9.94919 milliseconds
[gmrf_wind_mapping_node-2] --> MAP did not converge after 1 iterations.
[gmrf_wind_mapping_node-2] [GMRF] MAP Mean value estimated in 9.94929 milliseconds
[gmrf_wind_mapping_node-2] --> MAP did not converge after 1 iterations.
[gmrf_wind_mapping_node-2] [GMRF] MAP Mean value estimated in 9.94332 milliseconds
[gmrf_wind_mapping_node-2] --> MAP did not converge after 1 iterations.
[gmrf_wind_mapping_node-2] [GMRF] MAP Mean value estimated in 9.93737 milliseconds
[gmrf_wind_mapping_node-2] --> MAP did not converge after 1 iterations.
[gmrf_wind_mapping_node-2] [GMRF] MAP Mean value estimated in 9.93145 milliseconds
[gmrf_wind_mapping_node-2] --> MAP did not converge after 1 iterations.
[gmrf_wind_mapping_node-2] [GMRF] MAP Mean value estimated in 9.92555 milliseconds
[gmrf_wind_mapping_node-2] --> MAP did not converge after 1 iterations.
[gmrf_wind_mapping_node-2] [GMRF] MAP Mean value estimated in 9.91968 milliseconds
[gmrf_wind_mapping_node-2] --> MAP did not converge after 1 iterations.
[gmrf_wind_mapping_node-2] [GMRF] MAP Mean value estimated in 9.91383 milliseconds
[gsl_actionserver_node-3] [INFO] [1788858964.345579259] [GSL]: 10 gas measurements, 10 wind measurements over 1.92 seconds
[gsl_actionserver_node-3] [INFO] [1788858964.345645214] [GSL]: avg_gas=0.078;  avg_windSpeed=0.028;  avg_wind_dir=-2.6
[gsl_actionserver_node-3] [INFO] [1788858964.346139603] [GSL]: [33mNOTHING [0m
[gsl_actionserver_node-3] [INFO] [1788858964.346149261] [GSL]: [DEBUG-WIND] useGroundTruth=false gmrf_req_size=626 gaden_req_size=-1
[gsl_actionserver_node-3] [INFO] [1788858964.346155618] [GSL]: [DEBUG-WIND] Taking GMRF path
[gsl_actionserver_node-3] [INFO] [1788858964.423871321] [GSL - Trace]: [32mEntering StopAndMeasure[0m
[gmrf_wind_mapping_node-2] --> MAP did not converge after 1 iterations.
[gmrf_wind_mapping_node-2] [GMRF] MAP Mean value estimated in 9.908 milliseconds
[gmrf_wind_mapping_node-2] --> MAP did not converge after 1 iterations.
[gmrf_wind_mapping_node-2] [GMRF] MAP Mean value estimated in 9.9002 milliseconds
[gmrf_wind_mapping_node-2] --> MAP did not converge after 1 iterations.
[gmrf_wind_mapping_node-2] [GMRF] MAP Mean value estimated in 9.89243 milliseconds
[gmrf_wind_mapping_node-2] --> MAP did not converge after 1 iterations.
[gmrf_wind_mapping_node-2] [GMRF] MAP Mean value estimated in 9.88668 milliseconds
[gmrf_wind_mapping_node-2] --> MAP did not converge after 1 iterations.
[gmrf_wind_mapping_node-2] [GMRF] MAP Mean value estimated in 9.88095 milliseconds
[gmrf_wind_mapping_node-2] --> MAP did not converge after 1 iterations.
[gmrf_wind_mapping_node-2] [GMRF] MAP Mean value estimated in 9.87327 milliseconds
[gmrf_wind_mapping_node-2] --> MAP did not converge after 1 iterations.
[gmrf_wind_mapping_node-2] [GMRF] MAP Mean value estimated in 9.86759 milliseconds
[gmrf_wind_mapping_node-2] --> MAP did not converge after 1 iterations.
[gmrf_wind_mapping_node-2] [GMRF] MAP Mean value estimated in 9.85996 milliseconds
[gmrf_wind_mapping_node-2] --> MAP did not converge after 1 iterations.
[gmrf_wind_mapping_node-2] [GMRF] MAP Mean value estimated in 9.8563 milliseconds
[gmrf_wind_mapping_node-2] --> MAP did not converge after 1 iterations.
[gmrf_wind_mapping_node-2] [GMRF] MAP Mean value estimated in 9.85069 milliseconds
[gmrf_wind_mapping_node-2] --> MAP did not converge after 1 iterations.
[gmrf_wind_mapping_node-2] [GMRF] MAP Mean value estimated in 9.85882 milliseconds
[gmrf_wind_mapping_node-2] --> MAP did not converge after 1 iterations.
[gmrf_wind_mapping_node-2] [GMRF] MAP Mean value estimated in 9.85519 milliseconds
[gmrf_wind_mapping_node-2] --> MAP did not converge after 1 iterations.
[gmrf_wind_mapping_node-2] [GMRF] MAP Mean value estimated in 9.87109 milliseconds
[gmrf_wind_mapping_node-2] --> MAP did not converge after 1 iterations.
[gmrf_wind_mapping_node-2] [GMRF] MAP Mean value estimated in 9.8655 milliseconds
[gmrf_wind_mapping_node-2] --> MAP did not converge after 1 iterations.
[gmrf_wind_mapping_node-2] [GMRF] MAP Mean value estimated in 9.85992 milliseconds
[gmrf_wind_mapping_node-2] --> MAP did not converge after 1 iterations.
[gmrf_wind_mapping_node-2] [GMRF] MAP Mean value estimated in 9.85437 milliseconds
[gmrf_wind_mapping_node-2] --> MAP did not converge after 1 iterations.
[gmrf_wind_mapping_node-2] [GMRF] MAP Mean value estimated in 9.8469 milliseconds
[gmrf_wind_mapping_node-2] --> MAP did not converge after 1 iterations.
[gmrf_wind_mapping_node-2] [GMRF] MAP Mean value estimated in 9.83946 milliseconds
[gmrf_wind_mapping_node-2] --> MAP did not converge after 1 iterations.
[gmrf_wind_mapping_node-2] [GMRF] MAP Mean value estimated in 9.83784 milliseconds
[gmrf_wind_mapping_node-2] --> MAP did not converge after 1 iterations.
[gmrf_wind_mapping_node-2] [GMRF] MAP Mean value estimated in 9.83237 milliseconds
[gsl_actionserver_node-3] [INFO] [1788858966.345526188] [GSL]: 10 gas measurements, 10 wind measurements over 1.92 seconds
[gsl_actionserver_node-3] [INFO] [1788858966.345583857] [GSL]: avg_gas=0.088;  avg_windSpeed=0.11;  avg_wind_dir=0.88
[gsl_actionserver_node-3] [INFO] [1788858966.346135328] [GSL]: [33mNOTHING [0m
[gsl_actionserver_node-3] [INFO] [1788858966.346160004] [GSL]: [DEBUG-WIND] useGroundTruth=false gmrf_req_size=626 gaden_req_size=-1
[gsl_actionserver_node-3] [INFO] [1788858966.346561441] [GSL]: [DEBUG-WIND] Taking GMRF path
[gsl_actionserver_node-3] [INFO] [1788858966.424321441] [GSL - Trace]: [32mEntering StopAndMeasure[0m
[gmrf_wind_mapping_node-2] --> MAP did not converge after 1 iterations.
[gmrf_wind_mapping_node-2] [GMRF] MAP Mean value estimated in 9.83846 milliseconds
[gmrf_wind_mapping_node-2] --> MAP did not converge after 1 iterations.
[gmrf_wind_mapping_node-2] [GMRF] MAP Mean value estimated in 9.84261 milliseconds
[gmrf_wind_mapping_node-2] --> MAP did not converge after 1 iterations.
[gmrf_wind_mapping_node-2] [GMRF] MAP Mean value estimated in 9.84866 milliseconds
[gmrf_wind_mapping_node-2] --> MAP did not converge after 1 iterations.
[gmrf_wind_mapping_node-2] [GMRF] MAP Mean value estimated in 9.84321 milliseconds
[gmrf_wind_mapping_node-2] --> MAP did not converge after 1 iterations.
[gmrf_wind_mapping_node-2] [GMRF] MAP Mean value estimated in 9.84924 milliseconds
[gmrf_wind_mapping_node-2] --> MAP did not converge after 1 iterations.
[gmrf_wind_mapping_node-2] [GMRF] MAP Mean value estimated in 9.84571 milliseconds
[gmrf_wind_mapping_node-2] --> MAP did not converge after 1 iterations.
[gmrf_wind_mapping_node-2] [GMRF] MAP Mean value estimated in 9.84791 milliseconds
[gmrf_wind_mapping_node-2] --> MAP did not converge after 1 iterations.
[gmrf_wind_mapping_node-2] [GMRF] MAP Mean value estimated in 9.8482 milliseconds
[gmrf_wind_mapping_node-2] --> MAP did not converge after 1 iterations.
[gmrf_wind_mapping_node-2] [GMRF] MAP Mean value estimated in 9.8447 milliseconds
[gmrf_wind_mapping_node-2] --> MAP did not converge after 1 iterations.
[gmrf_wind_mapping_node-2] [GMRF] MAP Mean value estimated in 9.84121 milliseconds
[gmrf_wind_mapping_node-2] --> MAP did not converge after 1 iterations.
[gmrf_wind_mapping_node-2] [GMRF] MAP Mean value estimated in 9.84906 milliseconds
[gmrf_wind_mapping_node-2] --> MAP did not converge after 1 iterations.
[gmrf_wind_mapping_node-2] [GMRF] MAP Mean value estimated in 9.85122 milliseconds
[gmrf_wind_mapping_node-2] --> MAP did not converge after 1 iterations.
[gmrf_wind_mapping_node-2] [GMRF] MAP Mean value estimated in 9.85526 milliseconds
[gmrf_wind_mapping_node-2] --> MAP did not converge after 1 iterations.
[gmrf_wind_mapping_node-2] [GMRF] MAP Mean value estimated in 9.84991 milliseconds
[gmrf_wind_mapping_node-2] --> MAP did not converge after 1 iterations.
[gmrf_wind_mapping_node-2] [GMRF] MAP Mean value estimated in 9.84644 milliseconds
[gmrf_wind_mapping_node-2] --> MAP did not converge after 1 iterations.
[gmrf_wind_mapping_node-2] [GMRF] MAP Mean value estimated in 9.84486 milliseconds
[gmrf_wind_mapping_node-2] --> MAP did not converge after 1 iterations.
[gmrf_wind_mapping_node-2] [GMRF] MAP Mean value estimated in 9.85634 milliseconds
[gmrf_wind_mapping_node-2] --> MAP did not converge after 1 iterations.
[gmrf_wind_mapping_node-2] [GMRF] MAP Mean value estimated in 9.85847 milliseconds
[gmrf_wind_mapping_node-2] --> MAP did not converge after 1 iterations.
[gmrf_wind_mapping_node-2] [GMRF] MAP Mean value estimated in 9.86059 milliseconds
[gmrf_wind_mapping_node-2] --> MAP did not converge after 1 iterations.
[gmrf_wind_mapping_node-2] [GMRF] MAP Mean value estimated in 9.85714 milliseconds
[gsl_actionserver_node-3] [INFO] [1788858968.345564144] [GSL]: 10 gas measurements, 10 wind measurements over 1.92 seconds
[gsl_actionserver_node-3] [INFO] [1788858968.345629680] [GSL]: avg_gas=0.089;  avg_windSpeed=0.028;  avg_wind_dir=-2.6
[gsl_actionserver_node-3] [INFO] [1788858968.346138911] [GSL]: [33mNOTHING [0m
[gsl_actionserver_node-3] [INFO] [1788858968.346148457] [GSL]: [DEBUG-WIND] useGroundTruth=false gmrf_req_size=626 gaden_req_size=-1
[gsl_actionserver_node-3] [INFO] [1788858968.346154926] [GSL]: [DEBUG-WIND] Taking GMRF path
[gsl_actionserver_node-3] [INFO] [1788858968.424265614] [GSL - Trace]: [32mEntering StopAndMeasure[0m
[gmrf_wind_mapping_node-2] --> MAP did not converge after 1 iterations.
[gmrf_wind_mapping_node-2] [GMRF] MAP Mean value estimated in 9.85185 milliseconds
[gmrf_wind_mapping_node-2] --> MAP did not converge after 1 iterations.
[gmrf_wind_mapping_node-2] [GMRF] MAP Mean value estimated in 9.85028 milliseconds
[gmrf_wind_mapping_node-2] --> MAP did not converge after 1 iterations.
[gmrf_wind_mapping_node-2] [GMRF] MAP Mean value estimated in 9.8524 milliseconds
[gmrf_wind_mapping_node-2] --> MAP did not converge after 1 iterations.
[gmrf_wind_mapping_node-2] [GMRF] MAP Mean value estimated in 9.84715 milliseconds
[gmrf_wind_mapping_node-2] --> MAP did not converge after 1 iterations.
[gmrf_wind_mapping_node-2] [GMRF] MAP Mean value estimated in 9.8511 milliseconds
[gmrf_wind_mapping_node-2] --> MAP did not converge after 1 iterations.
[gmrf_wind_mapping_node-2] [GMRF] MAP Mean value estimated in 9.85138 milliseconds
[gmrf_wind_mapping_node-2] --> MAP did not converge after 1 iterations.
[gmrf_wind_mapping_node-2] [GMRF] MAP Mean value estimated in 9.85897 milliseconds
[gmrf_wind_mapping_node-2] --> MAP did not converge after 1 iterations.
[gmrf_wind_mapping_node-2] [GMRF] MAP Mean value estimated in 9.86472 milliseconds
[gmrf_wind_mapping_node-2] --> MAP did not converge after 1 iterations.
[gmrf_wind_mapping_node-2] [GMRF] MAP Mean value estimated in 9.86861 milliseconds
[gmrf_wind_mapping_node-2] --> MAP did not converge after 1 iterations.
[gmrf_wind_mapping_node-2] [GMRF] MAP Mean value estimated in 9.86157 milliseconds
[gmrf_wind_mapping_node-2] --> MAP did not converge after 1 iterations.
[gmrf_wind_mapping_node-2] [GMRF] MAP Mean value estimated in 9.86 milliseconds
[gmrf_wind_mapping_node-2] --> MAP did not converge after 1 iterations.
[gmrf_wind_mapping_node-2] [GMRF] MAP Mean value estimated in 9.86388 milliseconds
[gmrf_wind_mapping_node-2] --> MAP did not converge after 1 iterations.
[gmrf_wind_mapping_node-2] [GMRF] MAP Mean value estimated in 9.86775 milliseconds
[gmrf_wind_mapping_node-2] --> MAP did not converge after 1 iterations.
[gmrf_wind_mapping_node-2] [GMRF] MAP Mean value estimated in 9.86438 milliseconds
[gmrf_wind_mapping_node-2] --> MAP did not converge after 1 iterations.
[gmrf_wind_mapping_node-2] [GMRF] MAP Mean value estimated in 9.87545 milliseconds
[gmrf_wind_mapping_node-2] --> MAP did not converge after 1 iterations.
[gmrf_wind_mapping_node-2] [GMRF] MAP Mean value estimated in 9.87207 milliseconds
[gmrf_wind_mapping_node-2] --> MAP did not converge after 1 iterations.
[gmrf_wind_mapping_node-2] [GMRF] MAP Mean value estimated in 9.86691 milliseconds
[gmrf_wind_mapping_node-2] --> MAP did not converge after 1 iterations.
[gmrf_wind_mapping_node-2] [GMRF] MAP Mean value estimated in 9.86355 milliseconds
[gmrf_wind_mapping_node-2] --> MAP did not converge after 1 iterations.
[gmrf_wind_mapping_node-2] [GMRF] MAP Mean value estimated in 9.86201 milliseconds
[gmrf_wind_mapping_node-2] --> MAP did not converge after 1 iterations.
[gmrf_wind_mapping_node-2] [GMRF] MAP Mean value estimated in 9.85868 milliseconds
[gsl_actionserver_node-3] [INFO] [1788858970.345919336] [GSL]: 10 gas measurements, 10 wind measurements over 1.92 seconds
[gsl_actionserver_node-3] [INFO] [1788858970.345984363] [GSL]: avg_gas=0.079;  avg_windSpeed=0.11;  avg_wind_dir=0.88
[gsl_actionserver_node-3] [INFO] [1788858970.346544627] [GSL]: [33mNOTHING [0m
[gsl_actionserver_node-3] [INFO] [1788858970.346555221] [GSL]: [DEBUG-WIND] useGroundTruth=false gmrf_req_size=626 gaden_req_size=-1
[gsl_actionserver_node-3] [INFO] [1788858970.346902518] [GSL]: [DEBUG-WIND] Taking GMRF path
[gsl_actionserver_node-3] [INFO] [1788858970.426719367] [GSL - Trace]: [32mEntering StopAndMeasure[0m
[gmrf_wind_mapping_node-2] --> MAP did not converge after 1 iterations.
[gmrf_wind_mapping_node-2] [GMRF] MAP Mean value estimated in 9.86607 milliseconds
[gmrf_wind_mapping_node-2] --> MAP did not converge after 1 iterations.
[gmrf_wind_mapping_node-2] [GMRF] MAP Mean value estimated in 9.86275 milliseconds
[gmrf_wind_mapping_node-2] --> MAP did not converge after 1 iterations.
[gmrf_wind_mapping_node-2] [GMRF] MAP Mean value estimated in 9.85943 milliseconds
[gmrf_wind_mapping_node-2] --> MAP did not converge after 1 iterations.
[gmrf_wind_mapping_node-2] [GMRF] MAP Mean value estimated in 9.85435 milliseconds
[gmrf_wind_mapping_node-2] --> MAP did not converge after 1 iterations.
[gmrf_wind_mapping_node-2] [GMRF] MAP Mean value estimated in 9.86348 milliseconds
[gmrf_wind_mapping_node-2] --> MAP did not converge after 1 iterations.
[gmrf_wind_mapping_node-2] [GMRF] MAP Mean value estimated in 9.85841 milliseconds
[gmrf_wind_mapping_node-2] --> MAP did not converge after 1 iterations.
[gmrf_wind_mapping_node-2] [GMRF] MAP Mean value estimated in 9.86572 milliseconds
[gmrf_wind_mapping_node-2] --> MAP did not converge after 1 iterations.
[gmrf_wind_mapping_node-2] [GMRF] MAP Mean value estimated in 9.86596 milliseconds
[gmrf_wind_mapping_node-2] --> MAP did not converge after 1 iterations.
[gmrf_wind_mapping_node-2] [GMRF] MAP Mean value estimated in 9.87676 milliseconds
[gmrf_wind_mapping_node-2] --> MAP did not converge after 1 iterations.
[gmrf_wind_mapping_node-2] [GMRF] MAP Mean value estimated in 9.87698 milliseconds
[gmrf_wind_mapping_node-2] --> MAP did not converge after 1 iterations.
[gmrf_wind_mapping_node-2] [GMRF] MAP Mean value estimated in 9.88772 milliseconds
[gmrf_wind_mapping_node-2] --> MAP did not converge after 1 iterations.
[gmrf_wind_mapping_node-2] [GMRF] MAP Mean value estimated in 9.88616 milliseconds
[gmrf_wind_mapping_node-2] --> MAP did not converge after 1 iterations.
[gmrf_wind_mapping_node-2] [GMRF] MAP Mean value estimated in 9.88287 milliseconds
[gmrf_wind_mapping_node-2] --> MAP did not converge after 1 iterations.
[gmrf_wind_mapping_node-2] [GMRF] MAP Mean value estimated in 9.87784 milliseconds
[gmrf_wind_mapping_node-2] --> MAP did not converge after 1 iterations.
[gmrf_wind_mapping_node-2] [GMRF] MAP Mean value estimated in 9.88676 milliseconds
[gmrf_wind_mapping_node-2] --> MAP did not converge after 1 iterations.
[gmrf_wind_mapping_node-2] [GMRF] MAP Mean value estimated in 9.88348 milliseconds
[gmrf_wind_mapping_node-2] --> MAP did not converge after 1 iterations.
[gmrf_wind_mapping_node-2] [GMRF] MAP Mean value estimated in 9.8941 milliseconds
[gmrf_wind_mapping_node-2] --> MAP did not converge after 1 iterations.
[gmrf_wind_mapping_node-2] [GMRF] MAP Mean value estimated in 9.89428 milliseconds
[gmrf_wind_mapping_node-2] --> MAP did not converge after 1 iterations.
[gmrf_wind_mapping_node-2] [GMRF] MAP Mean value estimated in 9.88927 milliseconds
[gmrf_wind_mapping_node-2] --> MAP did not converge after 1 iterations.
[gmrf_wind_mapping_node-2] [GMRF] MAP Mean value estimated in 9.88601 milliseconds
[gsl_actionserver_node-3] [INFO] [1788858972.346078219] [GSL]: 10 gas measurements, 10 wind measurements over 1.92 seconds
[gsl_actionserver_node-3] [INFO] [1788858972.346126688] [GSL]: avg_gas=0.08;  avg_windSpeed=0.028;  avg_wind_dir=-2.6
[gsl_actionserver_node-3] [INFO] [1788858972.346614194] [GSL]: [33mNOTHING [0m
[gsl_actionserver_node-3] [INFO] [1788858972.346623386] [GSL]: [DEBUG-WIND] useGroundTruth=false gmrf_req_size=626 gaden_req_size=-1
[gsl_actionserver_node-3] [INFO] [1788858972.346629928] [GSL]: [DEBUG-WIND] Taking GMRF path
[gsl_actionserver_node-3] [INFO] [1788858972.425352473] [GSL - Trace]: [32mEntering StopAndMeasure[0m
[gmrf_wind_mapping_node-2] --> MAP did not converge after 1 iterations.
[gmrf_wind_mapping_node-2] [GMRF] MAP Mean value estimated in 9.88103 milliseconds
[gmrf_wind_mapping_node-2] --> MAP did not converge after 1 iterations.
[gmrf_wind_mapping_node-2] [GMRF] MAP Mean value estimated in 9.88468 milliseconds
[gmrf_wind_mapping_node-2] --> MAP did not converge after 1 iterations.
[gmrf_wind_mapping_node-2] [GMRF] MAP Mean value estimated in 9.88832 milliseconds
[gmrf_wind_mapping_node-2] --> MAP did not converge after 1 iterations.
[gmrf_wind_mapping_node-2] [GMRF] MAP Mean value estimated in 9.88336 milliseconds
[gmrf_wind_mapping_node-2] --> MAP did not converge after 1 iterations.
[gmrf_wind_mapping_node-2] [GMRF] MAP Mean value estimated in 9.8887 milliseconds
[gmrf_wind_mapping_node-2] --> MAP did not converge after 1 iterations.
[gmrf_wind_mapping_node-2] [GMRF] MAP Mean value estimated in 9.89402 milliseconds
[gmrf_wind_mapping_node-2] --> MAP did not converge after 1 iterations.
[gmrf_wind_mapping_node-2] [GMRF] MAP Mean value estimated in 9.88908 milliseconds
[gmrf_wind_mapping_node-2] --> MAP did not converge after 1 iterations.
[gmrf_wind_mapping_node-2] [GMRF] MAP Mean value estimated in 9.88416 milliseconds
[gmrf_wind_mapping_node-2] --> MAP did not converge after 1 iterations.
[gmrf_wind_mapping_node-2] [GMRF] MAP Mean value estimated in 9.87925 milliseconds
[gmrf_wind_mapping_node-2] --> MAP did not converge after 1 iterations.
[gmrf_wind_mapping_node-2] [GMRF] MAP Mean value estimated in 9.87776 milliseconds
[gmrf_wind_mapping_node-2] --> MAP did not converge after 1 iterations.
[gmrf_wind_mapping_node-2] [GMRF] MAP Mean value estimated in 9.87288 milliseconds
[gmrf_wind_mapping_node-2] --> MAP did not converge after 1 iterations.
[gmrf_wind_mapping_node-2] [GMRF] MAP Mean value estimated in 9.8731 milliseconds
[gmrf_wind_mapping_node-2] --> MAP did not converge after 1 iterations.
[gmrf_wind_mapping_node-2] [GMRF] MAP Mean value estimated in 9.88345 milliseconds
[gmrf_wind_mapping_node-2] --> MAP did not converge after 1 iterations.
[gmrf_wind_mapping_node-2] [GMRF] MAP Mean value estimated in 9.87858 milliseconds
[gmrf_wind_mapping_node-2] --> MAP did not converge after 1 iterations.
[gmrf_wind_mapping_node-2] [GMRF] MAP Mean value estimated in 9.88552 milliseconds
[gmrf_wind_mapping_node-2] --> MAP did not converge after 1 iterations.
[gmrf_wind_mapping_node-2] [GMRF] MAP Mean value estimated in 9.88571 milliseconds
[gmrf_wind_mapping_node-2] --> MAP did not converge after 1 iterations.
[gmrf_wind_mapping_node-2] [GMRF] MAP Mean value estimated in 9.88087 milliseconds
[gmrf_wind_mapping_node-2] --> MAP did not converge after 1 iterations.
[gmrf_wind_mapping_node-2] [GMRF] MAP Mean value estimated in 9.88107 milliseconds
[gmrf_wind_mapping_node-2] --> MAP did not converge after 1 iterations.
[gmrf_wind_mapping_node-2] [GMRF] MAP Mean value estimated in 9.88796 milliseconds
[gmrf_wind_mapping_node-2] --> MAP did not converge after 1 iterations.
[gmrf_wind_mapping_node-2] [GMRF] MAP Mean value estimated in 9.88982 milliseconds
[gsl_actionserver_node-3] [INFO] [1788858974.346110015] [GSL]: 10 gas measurements, 10 wind measurements over 1.92 seconds
[gsl_actionserver_node-3] [INFO] [1788858974.346179873] [GSL]: avg_gas=0.15;  avg_windSpeed=0.11;  avg_wind_dir=0.88
[gsl_actionserver_node-3] [INFO] [1788858974.346954175] [GSL]: [33mGAS HIT[0m
[gsl_actionserver_node-3] [INFO] [1788858974.346968892] [GSL]: [DEBUG-WIND] useGroundTruth=false gmrf_req_size=626 gaden_req_size=-1
[gsl_actionserver_node-3] [INFO] [1788858974.347533491] [GSL]: [DEBUG-WIND] Taking GMRF path
[gsl_actionserver_node-3] [INFO] [1788858974.424876409] [GSL - Trace]: [32mEntering StopAndMeasure[0m
[gmrf_wind_mapping_node-2] --> MAP did not converge after 1 iterations.
[gmrf_wind_mapping_node-2] [GMRF] MAP Mean value estimated in 9.88667 milliseconds
[gmrf_wind_mapping_node-2] --> MAP did not converge after 1 iterations.
[gmrf_wind_mapping_node-2] [GMRF] MAP Mean value estimated in 9.89185 milliseconds
[gmrf_wind_mapping_node-2] --> MAP did not converge after 1 iterations.
[gmrf_wind_mapping_node-2] [GMRF] MAP Mean value estimated in 9.90199 milliseconds
[gmrf_wind_mapping_node-2] --> MAP did not converge after 1 iterations.
[gmrf_wind_mapping_node-2] [GMRF] MAP Mean value estimated in 9.89718 milliseconds
[gmrf_wind_mapping_node-2] --> MAP did not converge after 1 iterations.
[gmrf_wind_mapping_node-2] [GMRF] MAP Mean value estimated in 9.89901 milliseconds
[gmrf_wind_mapping_node-2] --> MAP did not converge after 1 iterations.
[gmrf_wind_mapping_node-2] [GMRF] MAP Mean value estimated in 9.89752 milliseconds
[gmrf_wind_mapping_node-2] --> MAP did not converge after 1 iterations.
[gmrf_wind_mapping_node-2] [GMRF] MAP Mean value estimated in 9.90264 milliseconds
[gmrf_wind_mapping_node-2] --> MAP did not converge after 1 iterations.
[gmrf_wind_mapping_node-2] [GMRF] MAP Mean value estimated in 9.90774 milliseconds
[gmrf_wind_mapping_node-2] --> MAP did not converge after 1 iterations.
[gmrf_wind_mapping_node-2] [GMRF] MAP Mean value estimated in 9.91612 milliseconds
[gmrf_wind_mapping_node-2] --> MAP did not converge after 1 iterations.
[gmrf_wind_mapping_node-2] [GMRF] MAP Mean value estimated in 9.91297 milliseconds
[gmrf_wind_mapping_node-2] --> MAP did not converge after 1 iterations.
[gmrf_wind_mapping_node-2] [GMRF] MAP Mean value estimated in 9.90656 milliseconds
[gmrf_wind_mapping_node-2] --> MAP did not converge after 1 iterations.
[gmrf_wind_mapping_node-2] [GMRF] MAP Mean value estimated in 9.91162 milliseconds
[gmrf_wind_mapping_node-2] --> MAP did not converge after 1 iterations.
[gmrf_wind_mapping_node-2] [GMRF] MAP Mean value estimated in 9.90686 milliseconds
[gmrf_wind_mapping_node-2] --> MAP did not converge after 1 iterations.
[gmrf_wind_mapping_node-2] [GMRF] MAP Mean value estimated in 9.90375 milliseconds
[gmrf_wind_mapping_node-2] --> MAP did not converge after 1 iterations.
[gmrf_wind_mapping_node-2] [GMRF] MAP Mean value estimated in 9.90228 milliseconds
[gmrf_wind_mapping_node-2] --> MAP did not converge after 1 iterations.
[gmrf_wind_mapping_node-2] [GMRF] MAP Mean value estimated in 9.90569 milliseconds
[gmrf_wind_mapping_node-2] --> MAP did not converge after 1 iterations.
[gmrf_wind_mapping_node-2] [GMRF] MAP Mean value estimated in 9.91396 milliseconds
[gmrf_wind_mapping_node-2] --> MAP did not converge after 1 iterations.
[gmrf_wind_mapping_node-2] [GMRF] MAP Mean value estimated in 9.91572 milliseconds
[gmrf_wind_mapping_node-2] --> MAP did not converge after 1 iterations.
[gmrf_wind_mapping_node-2] [GMRF] MAP Mean value estimated in 9.92233 milliseconds
[gmrf_wind_mapping_node-2] --> MAP did not converge after 1 iterations.
[gmrf_wind_mapping_node-2] [GMRF] MAP Mean value estimated in 9.92569 milliseconds
[gsl_actionserver_node-3] [INFO] [1788858976.345773906] [GSL]: 10 gas measurements, 10 wind measurements over 1.92 seconds
[gsl_actionserver_node-3] [INFO] [1788858976.345844457] [GSL]: avg_gas=0.14;  avg_windSpeed=0.028;  avg_wind_dir=-2.6
[gsl_actionserver_node-3] [INFO] [1788858976.346543464] [GSL]: [33mGAS HIT[0m
[gsl_actionserver_node-3] [INFO] [1788858976.346557971] [GSL]: [DEBUG-WIND] useGroundTruth=false gmrf_req_size=626 gaden_req_size=-1
[gsl_actionserver_node-3] [INFO] [1788858976.346566932] [GSL]: [DEBUG-WIND] Taking GMRF path
[gsl_actionserver_node-3] [INFO] [1788858976.432276195] [GSL]: Max mutual info: 6.439
[gsl_actionserver_node-3] [INFO] [1788858976.432430079] [GSL]: MutualInformation - Ellapsed: 0.007s
[gmrf_wind_mapping_node-2] --> MAP did not converge after 1 iterations.
[gmrf_wind_mapping_node-2] [GMRF] MAP Mean value estimated in 9.93226 milliseconds
[vgr_sim_node-1] [WARN] [1788858976.440486701] [vgr_uav_sim]: PLAN_CB: called with goal=(-5.90,-0.83)
[vgr_sim_node-1] [WARN] [1788858976.441597873] [vgr_uav_sim]: PLAN_CB: returning 5 poses
[vgr_sim_node-1] [WARN] [1788858976.452846642] [vgr_uav_sim]: PLAN_CB: called with goal=(-5.90,-0.83)
[vgr_sim_node-1] [WARN] [1788858976.454217913] [vgr_uav_sim]: PLAN_CB: returning 5 poses
[gsl_actionserver_node-3] [INFO] [1788858976.463094229] [GSL]: Sending goal (-5.90, -0.83)
[gsl_actionserver_node-3] [INFO] [1788858976.463563074] [GSL]: Variance: 16.02
[gsl_actionserver_node-3] [INFO] [1788858976.463582648] [GSL - Trace]: [32mEntering Moving[0m
[vgr_sim_node-1] [INFO] [1788858976.464674976] [vgr_uav_sim]: Prepared 5 collision-free navigation waypoints to (-5.90, -0.83)
[vgr_sim_node-1] [INFO] [1788858976.465657113] [vgr_uav_sim]: UAV navigating in audited 2-D mode to (-5.90, -0.83, 0.30)
[gmrf_wind_mapping_node-2] --> MAP did not converge after 1 iterations.
[gmrf_wind_mapping_node-2] [GMRF] MAP Mean value estimated in 9.9372 milliseconds
[gmrf_wind_mapping_node-2] --> MAP did not converge after 1 iterations.
[gmrf_wind_mapping_node-2] [GMRF] MAP Mean value estimated in 9.94373 milliseconds
[gmrf_wind_mapping_node-2] --> MAP did not converge after 1 iterations.
[gmrf_wind_mapping_node-2] [GMRF] MAP Mean value estimated in 9.939 milliseconds
[gmrf_wind_mapping_node-2] --> MAP did not converge after 1 iterations.
[gmrf_wind_mapping_node-2] [GMRF] MAP Mean value estimated in 9.94391 milliseconds
[gmrf_wind_mapping_node-2] --> MAP did not converge after 1 iterations.
[gmrf_wind_mapping_node-2] [GMRF] MAP Mean value estimated in 9.9424 milliseconds
[gmrf_wind_mapping_node-2] --> MAP did not converge after 1 iterations.
[gmrf_wind_mapping_node-2] [GMRF] MAP Mean value estimated in 9.94569 milliseconds
[gmrf_wind_mapping_node-2] --> MAP did not converge after 1 iterations.
[gmrf_wind_mapping_node-2] [GMRF] MAP Mean value estimated in 9.94099 milliseconds
[gsl_actionserver_node-3] [INFO] [1788858977.181437545] [GSL - Trace]: [32mEntering StopAndMeasure[0m
[gmrf_wind_mapping_node-2] --> MAP did not converge after 1 iterations.
[gmrf_wind_mapping_node-2] [GMRF] MAP Mean value estimated in 9.94586 milliseconds
[gmrf_wind_mapping_node-2] --> MAP did not converge after 1 iterations.
[gmrf_wind_mapping_node-2] [GMRF] MAP Mean value estimated in 9.94277 milliseconds
[gmrf_wind_mapping_node-2] --> MAP did not converge after 1 iterations.
[gmrf_wind_mapping_node-2] [GMRF] MAP Mean value estimated in 9.9381 milliseconds
[gmrf_wind_mapping_node-2] --> MAP did not converge after 1 iterations.
[gmrf_wind_mapping_node-2] [GMRF] MAP Mean value estimated in 9.93661 milliseconds
[gmrf_wind_mapping_node-2] --> MAP did not converge after 1 iterations.
[gmrf_wind_mapping_node-2] [GMRF] MAP Mean value estimated in 9.94146 milliseconds
[gmrf_wind_mapping_node-2] --> MAP did not converge after 1 iterations.
[gmrf_wind_mapping_node-2] [GMRF] MAP Mean value estimated in 9.93839 milliseconds
[gmrf_wind_mapping_node-2] --> MAP did not converge after 1 iterations.
[gmrf_wind_mapping_node-2] [GMRF] MAP Mean value estimated in 9.94637 milliseconds
[gmrf_wind_mapping_node-2] --> MAP did not converge after 1 iterations.
[gmrf_wind_mapping_node-2] [GMRF] MAP Mean value estimated in 9.94488 milliseconds
[gmrf_wind_mapping_node-2] --> MAP did not converge after 1 iterations.
[gmrf_wind_mapping_node-2] [GMRF] MAP Mean value estimated in 9.94497 milliseconds
[gmrf_wind_mapping_node-2] --> MAP did not converge after 1 iterations.
[gmrf_wind_mapping_node-2] [GMRF] MAP Mean value estimated in 9.94035 milliseconds
[gmrf_wind_mapping_node-2] --> MAP did not converge after 1 iterations.
[gmrf_wind_mapping_node-2] [GMRF] MAP Mean value estimated in 9.94984 milliseconds
[gmrf_wind_mapping_node-2] --> MAP did not converge after 1 iterations.
[gmrf_wind_mapping_node-2] [GMRF] MAP Mean value estimated in 9.95149 milliseconds
[gmrf_wind_mapping_node-2] --> MAP did not converge after 1 iterations.
[gmrf_wind_mapping_node-2] [GMRF] MAP Mean value estimated in 9.94688 milliseconds
[gmrf_wind_mapping_node-2] --> MAP did not converge after 1 iterations.
[gmrf_wind_mapping_node-2] [GMRF] MAP Mean value estimated in 9.95164 milliseconds
[gmrf_wind_mapping_node-2] --> MAP did not converge after 1 iterations.
[gmrf_wind_mapping_node-2] [GMRF] MAP Mean value estimated in 9.9486 milliseconds
[gmrf_wind_mapping_node-2] --> MAP did not converge after 1 iterations.
[gmrf_wind_mapping_node-2] [GMRF] MAP Mean value estimated in 9.94401 milliseconds
[gmrf_wind_mapping_node-2] --> MAP did not converge after 1 iterations.
[gmrf_wind_mapping_node-2] [GMRF] MAP Mean value estimated in 9.9441 milliseconds
[gmrf_wind_mapping_node-2] --> MAP did not converge after 1 iterations.
[gmrf_wind_mapping_node-2] [GMRF] MAP Mean value estimated in 9.94264 milliseconds
[gmrf_wind_mapping_node-2] --> MAP did not converge after 1 iterations.
[gmrf_wind_mapping_node-2] [GMRF] MAP Mean value estimated in 9.94737 milliseconds
[gsl_actionserver_node-3] [INFO] [1788858979.114911293] [GSL]: 10 gas measurements, 10 wind measurements over 1.93 seconds
[gsl_actionserver_node-3] [INFO] [1788858979.116758640] [GSL]: avg_gas=0.11;  avg_windSpeed=0.27;  avg_wind_dir=0.035
[gsl_actionserver_node-3] [INFO] [1788858979.118250987] [GSL]: [33mGAS HIT[0m
[gsl_actionserver_node-3] [INFO] [1788858979.118300694] [GSL]: [DEBUG-WIND] useGroundTruth=false gmrf_req_size=626 gaden_req_size=-1
[gsl_actionserver_node-3] [INFO] [1788858979.118315302] [GSL]: [DEBUG-WIND] Taking GMRF path
[gsl_actionserver_node-3] [INFO] [1788858979.124321441] [GSL - Trace]: [32mEntering StopAndMeasure[0m
[gmrf_wind_mapping_node-2] --> MAP did not converge after 1 iterations.
[gmrf_wind_mapping_node-2] [GMRF] MAP Mean value estimated in 9.949 milliseconds
[gmrf_wind_mapping_node-2] --> MAP did not converge after 1 iterations.
[gmrf_wind_mapping_node-2] [GMRF] MAP Mean value estimated in 9.9537 milliseconds
[gmrf_wind_mapping_node-2] --> MAP did not converge after 1 iterations.
[gmrf_wind_mapping_node-2] [GMRF] MAP Mean value estimated in 9.94915 milliseconds
[gmrf_wind_mapping_node-2] --> MAP did not converge after 1 iterations.
[gmrf_wind_mapping_node-2] [GMRF] MAP Mean value estimated in 9.94462 milliseconds
[gmrf_wind_mapping_node-2] --> MAP did not converge after 1 iterations.
[gmrf_wind_mapping_node-2] [GMRF] MAP Mean value estimated in 9.9447 milliseconds
[gmrf_wind_mapping_node-2] --> MAP did not converge after 1 iterations.
[gmrf_wind_mapping_node-2] [GMRF] MAP Mean value estimated in 9.95092 milliseconds
[gmrf_wind_mapping_node-2] --> MAP did not converge after 1 iterations.
[gmrf_wind_mapping_node-2] [GMRF] MAP Mean value estimated in 9.94793 milliseconds
[gmrf_wind_mapping_node-2] --> MAP did not converge after 1 iterations.
[gmrf_wind_mapping_node-2] [GMRF] MAP Mean value estimated in 9.94954 milliseconds
[gmrf_wind_mapping_node-2] --> MAP did not converge after 1 iterations.
[gmrf_wind_mapping_node-2] [GMRF] MAP Mean value estimated in 9.94809 milliseconds
[gmrf_wind_mapping_node-2] --> MAP did not converge after 1 iterations.
[gmrf_wind_mapping_node-2] [GMRF] MAP Mean value estimated in 9.94817 milliseconds
[gmrf_wind_mapping_node-2] --> MAP did not converge after 1 iterations.
[gmrf_wind_mapping_node-2] [GMRF] MAP Mean value estimated in 9.94216 milliseconds
[gmrf_wind_mapping_node-2] --> MAP did not converge after 1 iterations.
[gmrf_wind_mapping_node-2] [GMRF] MAP Mean value estimated in 9.94529 milliseconds
[gmrf_wind_mapping_node-2] --> MAP did not converge after 1 iterations.
[gmrf_wind_mapping_node-2] [GMRF] MAP Mean value estimated in 9.94082 milliseconds
[gmrf_wind_mapping_node-2] --> MAP did not converge after 1 iterations.
[gmrf_wind_mapping_node-2] [GMRF] MAP Mean value estimated in 9.93636 milliseconds
[gmrf_wind_mapping_node-2] --> MAP did not converge after 1 iterations.
[gmrf_wind_mapping_node-2] [GMRF] MAP Mean value estimated in 9.93495 milliseconds
[gmrf_wind_mapping_node-2] --> MAP did not converge after 1 iterations.
[gmrf_wind_mapping_node-2] [GMRF] MAP Mean value estimated in 9.93958 milliseconds
[gmrf_wind_mapping_node-2] --> MAP did not converge after 1 iterations.
[gmrf_wind_mapping_node-2] [GMRF] MAP Mean value estimated in 9.93665 milliseconds
[gmrf_wind_mapping_node-2] --> MAP did not converge after 1 iterations.
[gmrf_wind_mapping_node-2] [GMRF] MAP Mean value estimated in 9.93976 milliseconds
[gmrf_wind_mapping_node-2] --> MAP did not converge after 1 iterations.
[gmrf_wind_mapping_node-2] [GMRF] MAP Mean value estimated in 9.93684 milliseconds
[gmrf_wind_mapping_node-2] --> MAP did not converge after 1 iterations.
[gmrf_wind_mapping_node-2] [GMRF] MAP Mean value estimated in 9.94294 milliseconds
[gsl_actionserver_node-3] [INFO] [1788858981.114546214] [GSL]: 10 gas measurements, 10 wind measurements over 1.99 seconds
[gsl_actionserver_node-3] [INFO] [1788858981.114611266] [GSL]: avg_gas=0.077;  avg_windSpeed=0.069;  avg_wind_dir=-2.9
[gsl_actionserver_node-3] [INFO] [1788858981.115184358] [GSL]: [33mNOTHING [0m
[gsl_actionserver_node-3] [INFO] [1788858981.115196362] [GSL]: [DEBUG-WIND] useGroundTruth=false gmrf_req_size=626 gaden_req_size=-1
[gsl_actionserver_node-3] [INFO] [1788858981.115203966] [GSL]: [DEBUG-WIND] Taking GMRF path
[gsl_actionserver_node-3] [INFO] [1788858981.124115535] [GSL - Trace]: [32mEntering StopAndMeasure[0m
[gmrf_wind_mapping_node-2] --> MAP did not converge after 1 iterations.
[gmrf_wind_mapping_node-2] [GMRF] MAP Mean value estimated in 9.94153 milliseconds
[gmrf_wind_mapping_node-2] --> MAP did not converge after 1 iterations.
[gmrf_wind_mapping_node-2] [GMRF] MAP Mean value estimated in 9.94311 milliseconds
[gmrf_wind_mapping_node-2] --> MAP did not converge after 1 iterations.
[gmrf_wind_mapping_node-2] [GMRF] MAP Mean value estimated in 9.93722 milliseconds
[gmrf_wind_mapping_node-2] --> MAP did not converge after 1 iterations.
[gmrf_wind_mapping_node-2] [GMRF] MAP Mean value estimated in 9.93284 milliseconds
[gmrf_wind_mapping_node-2] --> MAP did not converge after 1 iterations.
[gmrf_wind_mapping_node-2] [GMRF] MAP Mean value estimated in 9.92846 milliseconds
[gmrf_wind_mapping_node-2] --> MAP did not converge after 1 iterations.
[gmrf_wind_mapping_node-2] [GMRF] MAP Mean value estimated in 9.92411 milliseconds
[gmrf_wind_mapping_node-2] --> MAP did not converge after 1 iterations.
[gmrf_wind_mapping_node-2] [GMRF] MAP Mean value estimated in 9.91976 milliseconds
[gmrf_wind_mapping_node-2] --> MAP did not converge after 1 iterations.
[gmrf_wind_mapping_node-2] [GMRF] MAP Mean value estimated in 9.92582 milliseconds
[gmrf_wind_mapping_node-2] --> MAP did not converge after 1 iterations.
[gmrf_wind_mapping_node-2] [GMRF] MAP Mean value estimated in 9.92148 milliseconds
[gmrf_wind_mapping_node-2] --> MAP did not converge after 1 iterations.
[gmrf_wind_mapping_node-2] [GMRF] MAP Mean value estimated in 9.93047 milliseconds
[gmrf_wind_mapping_node-2] --> MAP did not converge after 1 iterations.
[gmrf_wind_mapping_node-2] [GMRF] MAP Mean value estimated in 9.9291 milliseconds
[gmrf_wind_mapping_node-2] --> MAP did not converge after 1 iterations.
[gmrf_wind_mapping_node-2] [GMRF] MAP Mean value estimated in 9.9351 milliseconds
[gmrf_wind_mapping_node-2] --> MAP did not converge after 1 iterations.
[gmrf_wind_mapping_node-2] [GMRF] MAP Mean value estimated in 9.93078 milliseconds
[gmrf_wind_mapping_node-2] --> MAP did not converge after 1 iterations.
[gmrf_wind_mapping_node-2] [GMRF] MAP Mean value estimated in 9.92794 milliseconds
[gmrf_wind_mapping_node-2] --> MAP did not converge after 1 iterations.
[gmrf_wind_mapping_node-2] [GMRF] MAP Mean value estimated in 9.93245 milliseconds
[gmrf_wind_mapping_node-2] --> MAP did not converge after 1 iterations.
[gmrf_wind_mapping_node-2] [GMRF] MAP Mean value estimated in 9.93695 milliseconds
[gmrf_wind_mapping_node-2] --> MAP did not converge after 1 iterations.
[gmrf_wind_mapping_node-2] [GMRF] MAP Mean value estimated in 9.93411 milliseconds
[gmrf_wind_mapping_node-2] --> MAP did not converge after 1 iterations.
[gmrf_wind_mapping_node-2] [GMRF] MAP Mean value estimated in 9.94591 milliseconds
[gmrf_wind_mapping_node-2] --> MAP did not converge after 1 iterations.
[gmrf_wind_mapping_node-2] [GMRF] MAP Mean value estimated in 9.95182 milliseconds
[gmrf_wind_mapping_node-2] --> MAP did not converge after 1 iterations.
[gmrf_wind_mapping_node-2] [GMRF] MAP Mean value estimated in 9.95773 milliseconds
[gsl_actionserver_node-3] [INFO] [1788858983.114564113] [GSL]: 10 gas measurements, 10 wind measurements over 1.99 seconds
[gsl_actionserver_node-3] [INFO] [1788858983.114950503] [GSL]: avg_gas=0.053;  avg_windSpeed=0.27;  avg_wind_dir=0.035
[gsl_actionserver_node-3] [INFO] [1788858983.115578491] [GSL]: [33mNOTHING [0m
[gsl_actionserver_node-3] [INFO] [1788858983.115606515] [GSL]: [DEBUG-WIND] useGroundTruth=false gmrf_req_size=626 gaden_req_size=-1
[gsl_actionserver_node-3] [INFO] [1788858983.115613783] [GSL]: [DEBUG-WIND] Taking GMRF path
[gsl_actionserver_node-3] [INFO] [1788858983.124101984] [GSL - Trace]: [32mEntering StopAndMeasure[0m
[gmrf_wind_mapping_node-2] --> MAP did not converge after 1 iterations.
[gmrf_wind_mapping_node-2] [GMRF] MAP Mean value estimated in 9.95342 milliseconds
[gmrf_wind_mapping_node-2] --> MAP did not converge after 1 iterations.
[gmrf_wind_mapping_node-2] [GMRF] MAP Mean value estimated in 9.95349 milliseconds
[gmrf_wind_mapping_node-2] --> MAP did not converge after 1 iterations.
[gmrf_wind_mapping_node-2] [GMRF] MAP Mean value estimated in 9.95936 milliseconds
[gmrf_wind_mapping_node-2] --> MAP did not converge after 1 iterations.
[gmrf_wind_mapping_node-2] [GMRF] MAP Mean value estimated in 9.95652 milliseconds
[gmrf_wind_mapping_node-2] --> MAP did not converge after 1 iterations.
[gmrf_wind_mapping_node-2] [GMRF] MAP Mean value estimated in 9.95948 milliseconds
[gmrf_wind_mapping_node-2] --> MAP did not converge after 1 iterations.
[gmrf_wind_mapping_node-2] [GMRF] MAP Mean value estimated in 9.96532 milliseconds
[gmrf_wind_mapping_node-2] --> MAP did not converge after 1 iterations.
[gmrf_wind_mapping_node-2] [GMRF] MAP Mean value estimated in 9.96248 milliseconds
[gmrf_wind_mapping_node-2] --> MAP did not converge after 1 iterations.
[gmrf_wind_mapping_node-2] [GMRF] MAP Mean value estimated in 9.96974 milliseconds
[gmrf_wind_mapping_node-2] --> MAP did not converge after 1 iterations.
[gmrf_wind_mapping_node-2] [GMRF] MAP Mean value estimated in 9.97698 milliseconds
[gmrf_wind_mapping_node-2] --> MAP did not converge after 1 iterations.
[gmrf_wind_mapping_node-2] [GMRF] MAP Mean value estimated in 9.97701 milliseconds
[gmrf_wind_mapping_node-2] --> MAP did not converge after 1 iterations.
[gmrf_wind_mapping_node-2] [GMRF] MAP Mean value estimated in 9.97561 milliseconds
[gmrf_wind_mapping_node-2] --> MAP did not converge after 1 iterations.
[gmrf_wind_mapping_node-2] [GMRF] MAP Mean value estimated in 9.98424 milliseconds
[gmrf_wind_mapping_node-2] --> MAP did not converge after 1 iterations.
[gmrf_wind_mapping_node-2] [GMRF] MAP Mean value estimated in 9.97997 milliseconds
[gmrf_wind_mapping_node-2] --> MAP did not converge after 1 iterations.
[gmrf_wind_mapping_node-2] [GMRF] MAP Mean value estimated in 9.97571 milliseconds
[gmrf_wind_mapping_node-2] --> MAP did not converge after 1 iterations.
[gmrf_wind_mapping_node-2] [GMRF] MAP Mean value estimated in 9.97718 milliseconds
[gmrf_wind_mapping_node-2] --> MAP did not converge after 1 iterations.
[gmrf_wind_mapping_node-2] [GMRF] MAP Mean value estimated in 9.98575 milliseconds
[gmrf_wind_mapping_node-2] --> MAP did not converge after 1 iterations.
[gmrf_wind_mapping_node-2] [GMRF] MAP Mean value estimated in 9.98151 milliseconds
[gmrf_wind_mapping_node-2] --> MAP did not converge after 1 iterations.
[gmrf_wind_mapping_node-2] [GMRF] MAP Mean value estimated in 9.98722 milliseconds
[gmrf_wind_mapping_node-2] --> MAP did not converge after 1 iterations.
[gmrf_wind_mapping_node-2] [GMRF] MAP Mean value estimated in 9.98723 milliseconds
[gmrf_wind_mapping_node-2] --> MAP did not converge after 1 iterations.
[gmrf_wind_mapping_node-2] [GMRF] MAP Mean value estimated in 9.99433 milliseconds
[gsl_actionserver_node-3] [INFO] [1788858985.114494386] [GSL]: 10 gas measurements, 10 wind measurements over 1.99 seconds
[gsl_actionserver_node-3] [INFO] [1788858985.114553169] [GSL]: avg_gas=0.082;  avg_windSpeed=0.069;  avg_wind_dir=-2.9
[gsl_actionserver_node-3] [INFO] [1788858985.115084402] [GSL]: [33mNOTHING [0m
[gsl_actionserver_node-3] [INFO] [1788858985.115095394] [GSL]: [DEBUG-WIND] useGroundTruth=false gmrf_req_size=626 gaden_req_size=-1
[gsl_actionserver_node-3] [INFO] [1788858985.115102267] [GSL]: [DEBUG-WIND] Taking GMRF path
[gsl_actionserver_node-3] [INFO] [1788858985.124034103] [GSL - Trace]: [32mEntering StopAndMeasure[0m
[gmrf_wind_mapping_node-2] --> MAP did not converge after 1 iterations.
[gmrf_wind_mapping_node-2] [GMRF] MAP Mean value estimated in 9.9901 milliseconds
[gmrf_wind_mapping_node-2] --> MAP did not converge after 1 iterations.
[gmrf_wind_mapping_node-2] [GMRF] MAP Mean value estimated in 10.0014 milliseconds
[gmrf_wind_mapping_node-2] --> MAP did not converge after 1 iterations.
[gmrf_wind_mapping_node-2] [GMRF] MAP Mean value estimated in 10.0028 milliseconds
[gmrf_wind_mapping_node-2] --> MAP did not converge after 1 iterations.
[gmrf_wind_mapping_node-2] [GMRF] MAP Mean value estimated in 9.99859 milliseconds
[gmrf_wind_mapping_node-2] --> MAP did not converge after 1 iterations.
[gmrf_wind_mapping_node-2] [GMRF] MAP Mean value estimated in 9.99859 milliseconds
[gmrf_wind_mapping_node-2] --> MAP did not converge after 1 iterations.
[gmrf_wind_mapping_node-2] [GMRF] MAP Mean value estimated in 10.0056 milliseconds
[gmrf_wind_mapping_node-2] --> MAP did not converge after 1 iterations.
[gmrf_wind_mapping_node-2] [GMRF] MAP Mean value estimated in 10.0014 milliseconds
[gmrf_wind_mapping_node-2] --> MAP did not converge after 1 iterations.
[gmrf_wind_mapping_node-2] [GMRF] MAP Mean value estimated in 10.007 milliseconds
[gmrf_wind_mapping_node-2] --> MAP did not converge after 1 iterations.
[gmrf_wind_mapping_node-2] [GMRF] MAP Mean value estimated in 10.007 milliseconds
[gmrf_wind_mapping_node-2] --> MAP did not converge after 1 iterations.
[gmrf_wind_mapping_node-2] [GMRF] MAP Mean value estimated in 10.0112 milliseconds
[gmrf_wind_mapping_node-2] --> MAP did not converge after 1 iterations.
[gmrf_wind_mapping_node-2] [GMRF] MAP Mean value estimated in 10.007 milliseconds
[gmrf_wind_mapping_node-2] --> MAP did not converge after 1 iterations.
[gmrf_wind_mapping_node-2] [GMRF] MAP Mean value estimated in 10.0056 milliseconds
[gmrf_wind_mapping_node-2] --> MAP did not converge after 1 iterations.
[gmrf_wind_mapping_node-2] [GMRF] MAP Mean value estimated in 10.0014 milliseconds
[gmrf_wind_mapping_node-2] --> MAP did not converge after 1 iterations.
[gmrf_wind_mapping_node-2] [GMRF] MAP Mean value estimated in 9.99722 milliseconds
[gmrf_wind_mapping_node-2] --> MAP did not converge after 1 iterations.
[gmrf_wind_mapping_node-2] [GMRF] MAP Mean value estimated in 9.99861 milliseconds
[gmrf_wind_mapping_node-2] --> MAP did not converge after 1 iterations.
[gmrf_wind_mapping_node-2] [GMRF] MAP Mean value estimated in 10.0083 milliseconds
[gmrf_wind_mapping_node-2] --> MAP did not converge after 1 iterations.
[gmrf_wind_mapping_node-2] [GMRF] MAP Mean value estimated in 10.0055 milliseconds
[gmrf_wind_mapping_node-2] --> MAP did not converge after 1 iterations.
[gmrf_wind_mapping_node-2] [GMRF] MAP Mean value estimated in 10.0124 milliseconds
[gmrf_wind_mapping_node-2] --> MAP did not converge after 1 iterations.
[gmrf_wind_mapping_node-2] [GMRF] MAP Mean value estimated in 10.011 milliseconds
[gmrf_wind_mapping_node-2] --> MAP did not converge after 1 iterations.
[gmrf_wind_mapping_node-2] [GMRF] MAP Mean value estimated in 10.0083 milliseconds
[gsl_actionserver_node-3] [INFO] [1788858987.114576931] [GSL]: 10 gas measurements, 10 wind measurements over 1.99 seconds
[gsl_actionserver_node-3] [INFO] [1788858987.114747266] [GSL]: avg_gas=0.088;  avg_windSpeed=0.27;  avg_wind_dir=0.035
[gsl_actionserver_node-3] [INFO] [1788858987.115576295] [GSL]: [33mNOTHING [0m
[gsl_actionserver_node-3] [INFO] [1788858987.115594889] [GSL]: [DEBUG-WIND] useGroundTruth=false gmrf_req_size=626 gaden_req_size=-1
[gsl_actionserver_node-3] [INFO] [1788858987.115601826] [GSL]: [DEBUG-WIND] Taking GMRF path
[gsl_actionserver_node-3] [INFO] [1788858987.124032964] [GSL - Trace]: [32mEntering StopAndMeasure[0m
[gmrf_wind_mapping_node-2] --> MAP did not converge after 1 iterations.
[gmrf_wind_mapping_node-2] [GMRF] MAP Mean value estimated in 10.0083 milliseconds
[gmrf_wind_mapping_node-2] --> MAP did not converge after 1 iterations.
[gmrf_wind_mapping_node-2] [GMRF] MAP Mean value estimated in 10.0165 milliseconds
[gmrf_wind_mapping_node-2] --> MAP did not converge after 1 iterations.
[gmrf_wind_mapping_node-2] [GMRF] MAP Mean value estimated in 10.0165 milliseconds
[gmrf_wind_mapping_node-2] --> MAP did not converge after 1 iterations.
[gmrf_wind_mapping_node-2] [GMRF] MAP Mean value estimated in 10.0123 milliseconds
[gmrf_wind_mapping_node-2] --> MAP did not converge after 1 iterations.
[gmrf_wind_mapping_node-2] [GMRF] MAP Mean value estimated in 10.0096 milliseconds
[gmrf_wind_mapping_node-2] --> MAP did not converge after 1 iterations.
[gmrf_wind_mapping_node-2] [GMRF] MAP Mean value estimated in 10.0164 milliseconds
[gmrf_wind_mapping_node-2] --> MAP did not converge after 1 iterations.
[gmrf_wind_mapping_node-2] [GMRF] MAP Mean value estimated in 10.0136 milliseconds
[gmrf_wind_mapping_node-2] --> MAP did not converge after 1 iterations.
[gmrf_wind_mapping_node-2] [GMRF] MAP Mean value estimated in 10.0095 milliseconds
[gmrf_wind_mapping_node-2] --> MAP did not converge after 1 iterations.
[gmrf_wind_mapping_node-2] [GMRF] MAP Mean value estimated in 10.0054 milliseconds
[gmrf_wind_mapping_node-2] --> MAP did not converge after 1 iterations.
[gmrf_wind_mapping_node-2] [GMRF] MAP Mean value estimated in 10.0014 milliseconds
[gmrf_wind_mapping_node-2] --> MAP did not converge after 1 iterations.
[gmrf_wind_mapping_node-2] [GMRF] MAP Mean value estimated in 9.99729 milliseconds
[gmrf_wind_mapping_node-2] --> MAP did not converge after 1 iterations.
[gmrf_wind_mapping_node-2] [GMRF] MAP Mean value estimated in 9.99322 milliseconds
[gmrf_wind_mapping_node-2] --> MAP did not converge after 1 iterations.
[gmrf_wind_mapping_node-2] [GMRF] MAP Mean value estimated in 9.98782 milliseconds
[gmrf_wind_mapping_node-2] --> MAP did not converge after 1 iterations.
[gmrf_wind_mapping_node-2] [GMRF] MAP Mean value estimated in 9.98514 milliseconds
[gmrf_wind_mapping_node-2] --> MAP did not converge after 1 iterations.
[gmrf_wind_mapping_node-2] [GMRF] MAP Mean value estimated in 9.98381 milliseconds
[gmrf_wind_mapping_node-2] --> MAP did not converge after 1 iterations.
[gmrf_wind_mapping_node-2] [GMRF] MAP Mean value estimated in 9.99057 milliseconds
[gmrf_wind_mapping_node-2] --> MAP did not converge after 1 iterations.
[gmrf_wind_mapping_node-2] [GMRF] MAP Mean value estimated in 9.98789 milliseconds
[gmrf_wind_mapping_node-2] --> MAP did not converge after 1 iterations.
[gmrf_wind_mapping_node-2] [GMRF] MAP Mean value estimated in 9.98387 milliseconds
[gmrf_wind_mapping_node-2] --> MAP did not converge after 1 iterations.
[gmrf_wind_mapping_node-2] [GMRF] MAP Mean value estimated in 9.97987 milliseconds
[gmrf_wind_mapping_node-2] --> MAP did not converge after 1 iterations.
[gmrf_wind_mapping_node-2] [GMRF] MAP Mean value estimated in 9.97587 milliseconds
[gmrf_wind_mapping_node-2] --> MAP did not converge after 1 iterations.
[gmrf_wind_mapping_node-2] [GMRF] MAP Mean value estimated in 9.97323 milliseconds
[gsl_actionserver_node-3] [INFO] [1788858989.164667847] [GSL]: 10 gas measurements, 10 wind measurements over 2.04 seconds
[gsl_actionserver_node-3] [INFO] [1788858989.164803796] [GSL]: avg_gas=0.077;  avg_windSpeed=0.069;  avg_wind_dir=-2.9
[gsl_actionserver_node-3] [INFO] [1788858989.165319128] [GSL]: [33mNOTHING [0m
[gsl_actionserver_node-3] [INFO] [1788858989.165329762] [GSL]: [DEBUG-WIND] useGroundTruth=false gmrf_req_size=626 gaden_req_size=-1
[gsl_actionserver_node-3] [INFO] [1788858989.165336398] [GSL]: [DEBUG-WIND] Taking GMRF path
[gsl_actionserver_node-3] [INFO] [1788858989.223963686] [GSL - Trace]: [32mEntering StopAndMeasure[0m
[gmrf_wind_mapping_node-2] --> MAP did not converge after 1 iterations.
[gmrf_wind_mapping_node-2] [GMRF] MAP Mean value estimated in 9.96925 milliseconds
[gmrf_wind_mapping_node-2] --> MAP did not converge after 1 iterations.
[gmrf_wind_mapping_node-2] [GMRF] MAP Mean value estimated in 9.96662 milliseconds
[gmrf_wind_mapping_node-2] --> MAP did not converge after 1 iterations.
[gmrf_wind_mapping_node-2] [GMRF] MAP Mean value estimated in 9.96267 milliseconds
[gmrf_wind_mapping_node-2] --> MAP did not converge after 1 iterations.
[gmrf_wind_mapping_node-2] [GMRF] MAP Mean value estimated in 9.96005 milliseconds
[gmrf_wind_mapping_node-2] --> MAP did not converge after 1 iterations.
[gmrf_wind_mapping_node-2] [GMRF] MAP Mean value estimated in 9.96144 milliseconds
[gmrf_wind_mapping_node-2] --> MAP did not converge after 1 iterations.
[gmrf_wind_mapping_node-2] [GMRF] MAP Mean value estimated in 9.95618 milliseconds
[gmrf_wind_mapping_node-2] --> MAP did not converge after 1 iterations.
[gmrf_wind_mapping_node-2] [GMRF] MAP Mean value estimated in 9.96021 milliseconds
[gmrf_wind_mapping_node-2] --> MAP did not converge after 1 iterations.
[gmrf_wind_mapping_node-2] [GMRF] MAP Mean value estimated in 9.95629 milliseconds
[gmrf_wind_mapping_node-2] --> MAP did not converge after 1 iterations.
[gmrf_wind_mapping_node-2] [GMRF] MAP Mean value estimated in 9.95767 milliseconds
[gmrf_wind_mapping_node-2] --> MAP did not converge after 1 iterations.
[gmrf_wind_mapping_node-2] [GMRF] MAP Mean value estimated in 9.95773 milliseconds
[gmrf_wind_mapping_node-2] --> MAP did not converge after 1 iterations.
[gmrf_wind_mapping_node-2] [GMRF] MAP Mean value estimated in 9.96174 milliseconds
[gmrf_wind_mapping_node-2] --> MAP did not converge after 1 iterations.
[gmrf_wind_mapping_node-2] [GMRF] MAP Mean value estimated in 9.95916 milliseconds
[gmrf_wind_mapping_node-2] --> MAP did not converge after 1 iterations.
[gmrf_wind_mapping_node-2] [GMRF] MAP Mean value estimated in 9.95395 milliseconds
[gmrf_wind_mapping_node-2] --> MAP did not converge after 1 iterations.
[gmrf_wind_mapping_node-2] [GMRF] MAP Mean value estimated in 9.95401 milliseconds
[gmrf_wind_mapping_node-2] --> MAP did not converge after 1 iterations.
[gmrf_wind_mapping_node-2] [GMRF] MAP Mean value estimated in 9.95144 milliseconds
[gmrf_wind_mapping_node-2] --> MAP did not converge after 1 iterations.
[gmrf_wind_mapping_node-2] [GMRF] MAP Mean value estimated in 9.94758 milliseconds
[gmrf_wind_mapping_node-2] --> MAP did not converge after 1 iterations.
[gmrf_wind_mapping_node-2] [GMRF] MAP Mean value estimated in 9.94503 milliseconds
[gmrf_wind_mapping_node-2] --> MAP did not converge after 1 iterations.
[gmrf_wind_mapping_node-2] [GMRF] MAP Mean value estimated in 9.9451 milliseconds
[gmrf_wind_mapping_node-2] --> MAP did not converge after 1 iterations.
[gmrf_wind_mapping_node-2] [GMRF] MAP Mean value estimated in 9.94125 milliseconds
[gsl_actionserver_node-3] [INFO] [1788858991.114581248] [GSL]: 10 gas measurements, 10 wind measurements over 1.89 seconds
[gsl_actionserver_node-3] [INFO] [1788858991.114655071] [GSL]: avg_gas=0.065;  avg_windSpeed=0.27;  avg_wind_dir=0.035
[gsl_actionserver_node-3] [INFO] [1788858991.115448568] [GSL]: [33mNOTHING [0m
[gsl_actionserver_node-3] [INFO] [1788858991.115463144] [GSL]: [DEBUG-WIND] useGroundTruth=false gmrf_req_size=626 gaden_req_size=-1
[gsl_actionserver_node-3] [INFO] [1788858991.115470002] [GSL]: [DEBUG-WIND] Taking GMRF path
[gsl_actionserver_node-3] [INFO] [1788858991.123870005] [GSL - Trace]: [32mEntering StopAndMeasure[0m
[gmrf_wind_mapping_node-2] --> MAP did not converge after 1 iterations.
[gmrf_wind_mapping_node-2] [GMRF] MAP Mean value estimated in 9.93742 milliseconds
[gmrf_wind_mapping_node-2] --> MAP did not converge after 1 iterations.
[gmrf_wind_mapping_node-2] [GMRF] MAP Mean value estimated in 9.93359 milliseconds
[gmrf_wind_mapping_node-2] --> MAP did not converge after 1 iterations.
[gmrf_wind_mapping_node-2] [GMRF] MAP Mean value estimated in 9.92978 milliseconds
[gmrf_wind_mapping_node-2] --> MAP did not converge after 1 iterations.
[gmrf_wind_mapping_node-2] [GMRF] MAP Mean value estimated in 9.92597 milliseconds
[gmrf_wind_mapping_node-2] --> MAP did not converge after 1 iterations.
[gmrf_wind_mapping_node-2] [GMRF] MAP Mean value estimated in 9.92218 milliseconds
[gmrf_wind_mapping_node-2] --> MAP did not converge after 1 iterations.
[gmrf_wind_mapping_node-2] [GMRF] MAP Mean value estimated in 9.91969 milliseconds
[gmrf_wind_mapping_node-2] --> MAP did not converge after 1 iterations.
[gmrf_wind_mapping_node-2] [GMRF] MAP Mean value estimated in 9.91721 milliseconds
[gmrf_wind_mapping_node-2] --> MAP did not converge after 1 iterations.
[gmrf_wind_mapping_node-2] [GMRF] MAP Mean value estimated in 9.91344 milliseconds
[gmrf_wind_mapping_node-2] --> MAP did not converge after 1 iterations.
[gmrf_wind_mapping_node-2] [GMRF] MAP Mean value estimated in 9.90839 milliseconds
[gmrf_wind_mapping_node-2] --> MAP did not converge after 1 iterations.
[gmrf_wind_mapping_node-2] [GMRF] MAP Mean value estimated in 9.90464 milliseconds
[gmrf_wind_mapping_node-2] --> MAP did not converge after 1 iterations.
[gmrf_wind_mapping_node-2] [GMRF] MAP Mean value estimated in 9.89961 milliseconds
[gmrf_wind_mapping_node-2] --> MAP did not converge after 1 iterations.
[gmrf_wind_mapping_node-2] [GMRF] MAP Mean value estimated in 9.90746 milliseconds
[gmrf_wind_mapping_node-2] --> MAP did not converge after 1 iterations.
[gmrf_wind_mapping_node-2] [GMRF] MAP Mean value estimated in 9.90629 milliseconds
[gmrf_wind_mapping_node-2] --> MAP did not converge after 1 iterations.
[gmrf_wind_mapping_node-2] [GMRF] MAP Mean value estimated in 9.90513 milliseconds
[gmrf_wind_mapping_node-2] --> MAP did not converge after 1 iterations.
[gmrf_wind_mapping_node-2] [GMRF] MAP Mean value estimated in 9.90269 milliseconds
[gmrf_wind_mapping_node-2] --> MAP did not converge after 1 iterations.
[gmrf_wind_mapping_node-2] [GMRF] MAP Mean value estimated in 9.90026 milliseconds
[gmrf_wind_mapping_node-2] --> MAP did not converge after 1 iterations.
[gmrf_wind_mapping_node-2] [GMRF] MAP Mean value estimated in 9.89655 milliseconds
[gmrf_wind_mapping_node-2] --> MAP did not converge after 1 iterations.
[gmrf_wind_mapping_node-2] [GMRF] MAP Mean value estimated in 9.89541 milliseconds
[gmrf_wind_mapping_node-2] --> MAP did not converge after 1 iterations.
[gmrf_wind_mapping_node-2] [GMRF] MAP Mean value estimated in 9.89682 milliseconds
[gmrf_wind_mapping_node-2] --> MAP did not converge after 1 iterations.
[gmrf_wind_mapping_node-2] [GMRF] MAP Mean value estimated in 9.90204 milliseconds
[gsl_actionserver_node-3] [INFO] [1788858993.114497597] [GSL]: 10 gas measurements, 10 wind measurements over 1.99 seconds
[gsl_actionserver_node-3] [INFO] [1788858993.114622407] [GSL]: avg_gas=0.061;  avg_windSpeed=0.069;  avg_wind_dir=-2.9
[gsl_actionserver_node-3] [INFO] [1788858993.115142200] [GSL]: [33mNOTHING [0m
[gsl_actionserver_node-3] [INFO] [1788858993.115155902] [GSL]: [DEBUG-WIND] useGroundTruth=false gmrf_req_size=626 gaden_req_size=-1
[gsl_actionserver_node-3] [INFO] [1788858993.115162324] [GSL]: [DEBUG-WIND] Taking GMRF path
[gsl_actionserver_node-3] [INFO] [1788858993.123861792] [GSL]: [33mStarted simulations. Might take a while![0m
[gmrf_wind_mapping_node-2] --> MAP did not converge after 1 iterations.
[gmrf_wind_mapping_node-2] [GMRF] MAP Mean value estimated in 9.90089 milliseconds
[gmrf_wind_mapping_node-2] --> MAP did not converge after 1 iterations.
[gmrf_wind_mapping_node-2] [GMRF] MAP Mean value estimated in 9.90228 milliseconds
[gsl_actionserver_node-3] [INFO] [1788858993.256858150] [GSL - Trace]: [32mFirst simulation level done[0m
[gsl_actionserver_node-3] [INFO] [1788858993.258113938] [GSL]: [RC2-DIAG] scores_size=74 refineFraction=0.25 refine_product=18.5 valid_first_level=74 sum_sourceProbInternal_before_norm=0.2129129862560329 min_sourceProbInternal_before_norm=0 max_sourceProbInternal_before_norm=0.011016011042179526 finite_sourceProbInternal=1102 finite_varianceOfHitProb=1102
[gsl_actionserver_node-3] [INFO] [1788858993.339059271] [GSL - Trace]: [32mSimulation level 2 done[0m
[gmrf_wind_mapping_node-2] --> MAP did not converge after 1 iterations.
[gmrf_wind_mapping_node-2] [GMRF] MAP Mean value estimated in 9.91381 milliseconds
[gsl_actionserver_node-3] [INFO] [1788858993.376367284] [GSL - Trace]: [32mSimulation level 3 done[0m
[gsl_actionserver_node-3] [INFO] [1788858993.397069615] [GSL - Trace]: [32mSimulation level 4 done[0m
[gsl_actionserver_node-3] [INFO] [1788858993.397761341] [GSL - Trace]: [32mSimulation level 5 done[0m
[gsl_actionserver_node-3] [INFO] [1788858993.397773761] [GSL]: Number of levels in the simulation: 5
[gsl_actionserver_node-3] [INFO] [1788858993.397780843] [GSL]: Total number of simulations: 142
[gsl_actionserver_node-3] [INFO] [1788858993.397802243] [GSL]: [RC2-DIAG] normalized_finite_count=1102 normalized_sum=1
[gsl_actionserver_node-3] [INFO] [1788858993.397810728] [GSL]: Time ellapsed in simulation = 0.273898191 s
[gsl_actionserver_node-3] [INFO] [1788858993.400664890] [GSL]: Max mutual info: 2.970
[gsl_actionserver_node-3] [INFO] [1788858993.400778582] [GSL]: MutualInformation - Ellapsed: 0.003s
[vgr_sim_node-1] [WARN] [1788858993.403893245] [vgr_uav_sim]: PLAN_CB: called with goal=(-5.90,0.37)
[vgr_sim_node-1] [WARN] [1788858993.409350571] [vgr_uav_sim]: PLAN_CB: returning 6 poses
[vgr_sim_node-1] [WARN] [1788858993.420917331] [vgr_uav_sim]: PLAN_CB: called with goal=(-5.90,0.37)
[vgr_sim_node-1] [WARN] [1788858993.422509769] [vgr_uav_sim]: PLAN_CB: returning 6 poses
[gsl_actionserver_node-3] [INFO] [1788858993.431102128] [GSL]: Sending goal (-5.90, 0.37)
[gsl_actionserver_node-3] [INFO] [1788858993.431900715] [GSL]: Variance: 18.25
[gsl_actionserver_node-3] [INFO] [1788858993.431944523] [GSL - Trace]: [32mEntering Moving[0m
[gmrf_wind_mapping_node-2] --> MAP did not converge after 1 iterations.
[gmrf_wind_mapping_node-2] [GMRF] MAP Mean value estimated in 9.91139 milliseconds
[vgr_sim_node-1] [INFO] [1788858993.433382972] [vgr_uav_sim]: Prepared 6 collision-free navigation waypoints to (-5.90, 0.37)
[vgr_sim_node-1] [INFO] [1788858993.434354376] [vgr_uav_sim]: UAV navigating in audited 2-D mode to (-5.90, 0.37, 0.30)
[gmrf_wind_mapping_node-2] --> MAP did not converge after 1 iterations.
[gmrf_wind_mapping_node-2] [GMRF] MAP Mean value estimated in 9.91403 milliseconds
[gmrf_wind_mapping_node-2] --> MAP did not converge after 1 iterations.
[gmrf_wind_mapping_node-2] [GMRF] MAP Mean value estimated in 9.91162 milliseconds
[gmrf_wind_mapping_node-2] --> MAP did not converge after 1 iterations.
[gmrf_wind_mapping_node-2] [GMRF] MAP Mean value estimated in 9.90794 milliseconds
[gmrf_wind_mapping_node-2] --> MAP did not converge after 1 iterations.
[gmrf_wind_mapping_node-2] [GMRF] MAP Mean value estimated in 9.90428 milliseconds
[gmrf_wind_mapping_node-2] --> MAP did not converge after 1 iterations.
[gmrf_wind_mapping_node-2] [GMRF] MAP Mean value estimated in 9.90063 milliseconds
[gmrf_wind_mapping_node-2] --> MAP did not converge after 1 iterations.
[gmrf_wind_mapping_node-2] [GMRF] MAP Mean value estimated in 9.89698 milliseconds
[gmrf_wind_mapping_node-2] --> MAP did not converge after 1 iterations.
[gmrf_wind_mapping_node-2] [GMRF] MAP Mean value estimated in 9.8921 milliseconds
[gmrf_wind_mapping_node-2] --> MAP did not converge after 1 iterations.
[gmrf_wind_mapping_node-2] [GMRF] MAP Mean value estimated in 9.88847 milliseconds
[gmrf_wind_mapping_node-2] --> MAP did not converge after 1 iterations.
[gmrf_wind_mapping_node-2] [GMRF] MAP Mean value estimated in 9.88986 milliseconds
[gsl_actionserver_node-3] [INFO] [1788858994.400369287] [GSL - Trace]: [32mEntering StopAndMeasure[0m
[gmrf_wind_mapping_node-2] --> MAP did not converge after 1 iterations.
[gmrf_wind_mapping_node-2] [GMRF] MAP Mean value estimated in 9.885 milliseconds
[gmrf_wind_mapping_node-2] --> MAP did not converge after 1 iterations.
[gmrf_wind_mapping_node-2] [GMRF] MAP Mean value estimated in 9.88514 milliseconds
[gmrf_wind_mapping_node-2] --> MAP did not converge after 1 iterations.
[gmrf_wind_mapping_node-2] [GMRF] MAP Mean value estimated in 9.88155 milliseconds
[gmrf_wind_mapping_node-2] --> MAP did not converge after 1 iterations.
[gmrf_wind_mapping_node-2] [GMRF] MAP Mean value estimated in 9.87671 milliseconds
[gmrf_wind_mapping_node-2] --> MAP did not converge after 1 iterations.
[gmrf_wind_mapping_node-2] [GMRF] MAP Mean value estimated in 9.87313 milliseconds
[gmrf_wind_mapping_node-2] --> MAP did not converge after 1 iterations.
[gmrf_wind_mapping_node-2] [GMRF] MAP Mean value estimated in 9.86832 milliseconds
[gmrf_wind_mapping_node-2] --> MAP did not converge after 1 iterations.
[gmrf_wind_mapping_node-2] [GMRF] MAP Mean value estimated in 9.86352 milliseconds
[gmrf_wind_mapping_node-2] --> MAP did not converge after 1 iterations.
[gmrf_wind_mapping_node-2] [GMRF] MAP Mean value estimated in 9.85998 milliseconds
[gmrf_wind_mapping_node-2] --> MAP did not converge after 1 iterations.
[gmrf_wind_mapping_node-2] [GMRF] MAP Mean value estimated in 9.85644 milliseconds
[gmrf_wind_mapping_node-2] --> MAP did not converge after 1 iterations.
[gmrf_wind_mapping_node-2] [GMRF] MAP Mean value estimated in 9.8529 milliseconds
[gmrf_wind_mapping_node-2] --> MAP did not converge after 1 iterations.
[gmrf_wind_mapping_node-2] [GMRF] MAP Mean value estimated in 9.84938 milliseconds
[gmrf_wind_mapping_node-2] --> MAP did not converge after 1 iterations.
[gmrf_wind_mapping_node-2] [GMRF] MAP Mean value estimated in 9.84834 milliseconds
[gmrf_wind_mapping_node-2] --> MAP did not converge after 1 iterations.
[gmrf_wind_mapping_node-2] [GMRF] MAP Mean value estimated in 9.85099 milliseconds
[gmrf_wind_mapping_node-2] --> MAP did not converge after 1 iterations.
[gmrf_wind_mapping_node-2] [GMRF] MAP Mean value estimated in 9.84871 milliseconds
[gmrf_wind_mapping_node-2] --> MAP did not converge after 1 iterations.
[gmrf_wind_mapping_node-2] [GMRF] MAP Mean value estimated in 9.84767 milliseconds
[gmrf_wind_mapping_node-2] --> MAP did not converge after 1 iterations.
[gmrf_wind_mapping_node-2] [GMRF] MAP Mean value estimated in 9.84663 milliseconds
[gmrf_wind_mapping_node-2] --> MAP did not converge after 1 iterations.
[gmrf_wind_mapping_node-2] [GMRF] MAP Mean value estimated in 9.85294 milliseconds
[gmrf_wind_mapping_node-2] --> MAP did not converge after 1 iterations.
[gmrf_wind_mapping_node-2] [GMRF] MAP Mean value estimated in 9.85435 milliseconds
[gmrf_wind_mapping_node-2] --> MAP did not converge after 1 iterations.
[gmrf_wind_mapping_node-2] [GMRF] MAP Mean value estimated in 9.85452 milliseconds
[gsl_actionserver_node-3] [INFO] [1788858996.325233324] [GSL]: 10 gas measurements, 10 wind measurements over 1.92 seconds
[gsl_actionserver_node-3] [INFO] [1788858996.325295653] [GSL]: avg_gas=0.12;  avg_windSpeed=0.56;  avg_wind_dir=2.3
[gsl_actionserver_node-3] [INFO] [1788858996.325781545] [GSL]: [33mGAS HIT[0m
[gsl_actionserver_node-3] [INFO] [1788858996.325790464] [GSL]: [DEBUG-WIND] useGroundTruth=false gmrf_req_size=626 gaden_req_size=-1
[gsl_actionserver_node-3] [INFO] [1788858996.325797029] [GSL]: [DEBUG-WIND] Taking GMRF path
[gmrf_wind_mapping_node-2] --> MAP did not converge after 1 iterations.
[gmrf_wind_mapping_node-2] [GMRF] MAP Mean value estimated in 9.85104 milliseconds
[gsl_actionserver_node-3] [INFO] [1788858996.424101316] [GSL - Trace]: [32mEntering StopAndMeasure[0m
[gmrf_wind_mapping_node-2] --> MAP did not converge after 1 iterations.
[gmrf_wind_mapping_node-2] [GMRF] MAP Mean value estimated in 9.85122 milliseconds
[gmrf_wind_mapping_node-2] --> MAP did not converge after 1 iterations.
[gmrf_wind_mapping_node-2] [GMRF] MAP Mean value estimated in 9.85262 milliseconds
[gmrf_wind_mapping_node-2] --> MAP did not converge after 1 iterations.
[gmrf_wind_mapping_node-2] [GMRF] MAP Mean value estimated in 9.85036 milliseconds
[gmrf_wind_mapping_node-2] --> MAP did not converge after 1 iterations.
[gmrf_wind_mapping_node-2] [GMRF] MAP Mean value estimated in 9.8469 milliseconds
[gmrf_wind_mapping_node-2] --> MAP did not converge after 1 iterations.
[gmrf_wind_mapping_node-2] [GMRF] MAP Mean value estimated in 9.85194 milliseconds
[gmrf_wind_mapping_node-2] --> MAP did not converge after 1 iterations.
[gmrf_wind_mapping_node-2] [GMRF] MAP Mean value estimated in 9.85212 milliseconds
[gmrf_wind_mapping_node-2] --> MAP did not converge after 1 iterations.
[gmrf_wind_mapping_node-2] [GMRF] MAP Mean value estimated in 9.85109 milliseconds
[gmrf_wind_mapping_node-2] --> MAP did not converge after 1 iterations.
[gmrf_wind_mapping_node-2] [GMRF] MAP Mean value estimated in 9.85006 milliseconds
[gmrf_wind_mapping_node-2] --> MAP did not converge after 1 iterations.
[gmrf_wind_mapping_node-2] [GMRF] MAP Mean value estimated in 9.85024 milliseconds
[gmrf_wind_mapping_node-2] --> MAP did not converge after 1 iterations.
[gmrf_wind_mapping_node-2] [GMRF] MAP Mean value estimated in 9.8468 milliseconds
[gmrf_wind_mapping_node-2] --> MAP did not converge after 1 iterations.
[gmrf_wind_mapping_node-2] [GMRF] MAP Mean value estimated in 9.84819 milliseconds
[gmrf_wind_mapping_node-2] --> MAP did not converge after 1 iterations.
[gmrf_wind_mapping_node-2] [GMRF] MAP Mean value estimated in 9.84838 milliseconds
[gmrf_wind_mapping_node-2] --> MAP did not converge after 1 iterations.
[gmrf_wind_mapping_node-2] [GMRF] MAP Mean value estimated in 9.84856 milliseconds
[gmrf_wind_mapping_node-2] --> MAP did not converge after 1 iterations.
[gmrf_wind_mapping_node-2] [GMRF] MAP Mean value estimated in 9.84634 milliseconds
[gmrf_wind_mapping_node-2] --> MAP did not converge after 1 iterations.
[gmrf_wind_mapping_node-2] [GMRF] MAP Mean value estimated in 9.84532 milliseconds
[gmrf_wind_mapping_node-2] --> MAP did not converge after 1 iterations.
[gmrf_wind_mapping_node-2] [GMRF] MAP Mean value estimated in 9.84311 milliseconds
[gmrf_wind_mapping_node-2] --> MAP did not converge after 1 iterations.
[gmrf_wind_mapping_node-2] [GMRF] MAP Mean value estimated in 9.83971 milliseconds
[gmrf_wind_mapping_node-2] --> MAP did not converge after 1 iterations.
[gmrf_wind_mapping_node-2] [GMRF] MAP Mean value estimated in 9.83751 milliseconds
[gmrf_wind_mapping_node-2] --> MAP did not converge after 1 iterations.
[gmrf_wind_mapping_node-2] [GMRF] MAP Mean value estimated in 9.83413 milliseconds
[gmrf_wind_mapping_node-2] --> MAP did not converge after 1 iterations.
[gmrf_wind_mapping_node-2] [GMRF] MAP Mean value estimated in 9.82956 milliseconds
[gsl_actionserver_node-3] [INFO] [1788858998.332980236] [GSL]: 10 gas measurements, 10 wind measurements over 1.91 seconds
[gsl_actionserver_node-3] [INFO] [1788858998.333066174] [GSL]: avg_gas=0.15;  avg_windSpeed=0.41;  avg_wind_dir=1.7
[gsl_actionserver_node-3] [INFO] [1788858998.333530809] [GSL]: [33mGAS HIT[0m
[gsl_actionserver_node-3] [INFO] [1788858998.333539673] [GSL]: [DEBUG-WIND] useGroundTruth=false gmrf_req_size=626 gaden_req_size=-1
[gsl_actionserver_node-3] [INFO] [1788858998.333812405] [GSL]: [DEBUG-WIND] Taking GMRF path
[gsl_actionserver_node-3] [INFO] [1788858998.424944042] [GSL - Trace]: [32mEntering StopAndMeasure[0m
[gmrf_wind_mapping_node-2] --> MAP did not converge after 1 iterations.
[gmrf_wind_mapping_node-2] [GMRF] MAP Mean value estimated in 9.83214 milliseconds
[gmrf_wind_mapping_node-2] --> MAP did not converge after 1 iterations.
[gmrf_wind_mapping_node-2] [GMRF] MAP Mean value estimated in 9.83591 milliseconds
[gmrf_wind_mapping_node-2] --> MAP did not converge after 1 iterations.
[gmrf_wind_mapping_node-2] [GMRF] MAP Mean value estimated in 9.83254 milliseconds
[gmrf_wind_mapping_node-2] --> MAP did not converge after 1 iterations.
[gmrf_wind_mapping_node-2] [GMRF] MAP Mean value estimated in 9.82918 milliseconds
[gmrf_wind_mapping_node-2] --> MAP did not converge after 1 iterations.
[gmrf_wind_mapping_node-2] [GMRF] MAP Mean value estimated in 9.82464 milliseconds
[gmrf_wind_mapping_node-2] --> MAP did not converge after 1 iterations.
[gmrf_wind_mapping_node-2] [GMRF] MAP Mean value estimated in 9.8213 milliseconds
[gmrf_wind_mapping_node-2] --> MAP did not converge after 1 iterations.
[gmrf_wind_mapping_node-2] [GMRF] MAP Mean value estimated in 9.81915 milliseconds
[gmrf_wind_mapping_node-2] --> MAP did not converge after 1 iterations.
[gmrf_wind_mapping_node-2] [GMRF] MAP Mean value estimated in 9.81582 milliseconds
[gmrf_wind_mapping_node-2] --> MAP did not converge after 1 iterations.
[gmrf_wind_mapping_node-2] [GMRF] MAP Mean value estimated in 9.8125 milliseconds
[gmrf_wind_mapping_node-2] --> MAP did not converge after 1 iterations.
[gmrf_wind_mapping_node-2] [GMRF] MAP Mean value estimated in 9.80801 milliseconds
[gmrf_wind_mapping_node-2] --> MAP did not converge after 1 iterations.
[gmrf_wind_mapping_node-2] [GMRF] MAP Mean value estimated in 9.80588 milliseconds
[gmrf_wind_mapping_node-2] --> MAP did not converge after 1 iterations.
[gmrf_wind_mapping_node-2] [GMRF] MAP Mean value estimated in 9.80259 milliseconds
[gmrf_wind_mapping_node-2] --> MAP did not converge after 1 iterations.
[gmrf_wind_mapping_node-2] [GMRF] MAP Mean value estimated in 9.80516 milliseconds
[gmrf_wind_mapping_node-2] --> MAP did not converge after 1 iterations.
[gmrf_wind_mapping_node-2] [GMRF] MAP Mean value estimated in 9.80539 milliseconds
[gmrf_wind_mapping_node-2] --> MAP did not converge after 1 iterations.
[gmrf_wind_mapping_node-2] [GMRF] MAP Mean value estimated in 9.81382 milliseconds
[gmrf_wind_mapping_node-2] --> MAP did not converge after 1 iterations.
[gmrf_wind_mapping_node-2] [GMRF] MAP Mean value estimated in 9.8117 milliseconds
[gmrf_wind_mapping_node-2] --> MAP did not converge after 1 iterations.
[gmrf_wind_mapping_node-2] [GMRF] MAP Mean value estimated in 9.81776 milliseconds
[gmrf_wind_mapping_node-2] --> MAP did not converge after 1 iterations.
[gmrf_wind_mapping_node-2] [GMRF] MAP Mean value estimated in 9.81447 milliseconds
[gmrf_wind_mapping_node-2] --> MAP did not converge after 1 iterations.
[gmrf_wind_mapping_node-2] [GMRF] MAP Mean value estimated in 9.81935 milliseconds
[gmrf_wind_mapping_node-2] --> MAP did not converge after 1 iterations.
[gmrf_wind_mapping_node-2] [GMRF] MAP Mean value estimated in 9.81607 milliseconds
[gsl_actionserver_node-3] [INFO] [1788859000.332927711] [GSL]: 10 gas measurements, 10 wind measurements over 1.91 seconds
[gsl_actionserver_node-3] [INFO] [1788859000.332979125] [GSL]: avg_gas=0.14;  avg_windSpeed=0.56;  avg_wind_dir=2.3
[gsl_actionserver_node-3] [INFO] [1788859000.333487936] [GSL]: [33mGAS HIT[0m
[gsl_actionserver_node-3] [INFO] [1788859000.333497117] [GSL]: [DEBUG-WIND] useGroundTruth=false gmrf_req_size=626 gaden_req_size=-1
[gsl_actionserver_node-3] [INFO] [1788859000.333503936] [GSL]: [DEBUG-WIND] Taking GMRF path
[gsl_actionserver_node-3] [INFO] [1788859000.424274250] [GSL - Trace]: [32mEntering StopAndMeasure[0m
[gmrf_wind_mapping_node-2] --> MAP did not converge after 1 iterations.
[gmrf_wind_mapping_node-2] [GMRF] MAP Mean value estimated in 9.81744 milliseconds
[gmrf_wind_mapping_node-2] --> MAP did not converge after 1 iterations.
[gmrf_wind_mapping_node-2] [GMRF] MAP Mean value estimated in 9.81765 milliseconds
[gmrf_wind_mapping_node-2] --> MAP did not converge after 1 iterations.
[gmrf_wind_mapping_node-2] [GMRF] MAP Mean value estimated in 9.82251 milliseconds
[gmrf_wind_mapping_node-2] --> MAP did not converge after 1 iterations.
[gmrf_wind_mapping_node-2] [GMRF] MAP Mean value estimated in 9.81924 milliseconds
[gmrf_wind_mapping_node-2] --> MAP did not converge after 1 iterations.
[gmrf_wind_mapping_node-2] [GMRF] MAP Mean value estimated in 9.82176 milliseconds
[gmrf_wind_mapping_node-2] --> MAP did not converge after 1 iterations.
[gmrf_wind_mapping_node-2] [GMRF] MAP Mean value estimated in 9.8185 milliseconds
[gmrf_wind_mapping_node-2] --> MAP did not converge after 1 iterations.
[gmrf_wind_mapping_node-2] [GMRF] MAP Mean value estimated in 9.82448 milliseconds
[gmrf_wind_mapping_node-2] --> MAP did not converge after 1 iterations.
[gmrf_wind_mapping_node-2] [GMRF] MAP Mean value estimated in 9.82122 milliseconds
[gmrf_wind_mapping_node-2] --> MAP did not converge after 1 iterations.
[gmrf_wind_mapping_node-2] [GMRF] MAP Mean value estimated in 9.81797 milliseconds
[gmrf_wind_mapping_node-2] --> MAP did not converge after 1 iterations.
[gmrf_wind_mapping_node-2] [GMRF] MAP Mean value estimated in 9.81473 milliseconds
[gmrf_wind_mapping_node-2] --> MAP did not converge after 1 iterations.
[gmrf_wind_mapping_node-2] [GMRF] MAP Mean value estimated in 9.81149 milliseconds
[gmrf_wind_mapping_node-2] --> MAP did not converge after 1 iterations.
[gmrf_wind_mapping_node-2] [GMRF] MAP Mean value estimated in 9.80827 milliseconds
[gmrf_wind_mapping_node-2] --> MAP did not converge after 1 iterations.
[gmrf_wind_mapping_node-2] [GMRF] MAP Mean value estimated in 9.81307 milliseconds
[gmrf_wind_mapping_node-2] --> MAP did not converge after 1 iterations.
[gmrf_wind_mapping_node-2] [GMRF] MAP Mean value estimated in 9.81214 milliseconds
[gmrf_wind_mapping_node-2] --> MAP did not converge after 1 iterations.
[gmrf_wind_mapping_node-2] [GMRF] MAP Mean value estimated in 9.81693 milliseconds
[gmrf_wind_mapping_node-2] --> MAP did not converge after 1 iterations.
[gmrf_wind_mapping_node-2] [GMRF] MAP Mean value estimated in 9.816 milliseconds
[gmrf_wind_mapping_node-2] --> MAP did not converge after 1 iterations.
[gmrf_wind_mapping_node-2] [GMRF] MAP Mean value estimated in 9.82192 milliseconds
[gmrf_wind_mapping_node-2] --> MAP did not converge after 1 iterations.
[gmrf_wind_mapping_node-2] [GMRF] MAP Mean value estimated in 9.82098 milliseconds
[gmrf_wind_mapping_node-2] --> MAP did not converge after 1 iterations.
[gmrf_wind_mapping_node-2] [GMRF] MAP Mean value estimated in 9.82346 milliseconds
[gmrf_wind_mapping_node-2] --> MAP did not converge after 1 iterations.
[gmrf_wind_mapping_node-2] [GMRF] MAP Mean value estimated in 9.82025 milliseconds
[gsl_actionserver_node-3] [INFO] [1788859002.333511451] [GSL]: 10 gas measurements, 10 wind measurements over 1.91 seconds
[gsl_actionserver_node-3] [INFO] [1788859002.333619091] [GSL]: avg_gas=0.13;  avg_windSpeed=0.41;  avg_wind_dir=1.7
[gsl_actionserver_node-3] [INFO] [1788859002.334207108] [GSL]: [33mGAS HIT[0m
[gsl_actionserver_node-3] [INFO] [1788859002.334234560] [GSL]: [DEBUG-WIND] useGroundTruth=false gmrf_req_size=626 gaden_req_size=-1
[gsl_actionserver_node-3] [INFO] [1788859002.334537766] [GSL]: [DEBUG-WIND] Taking GMRF path
[gsl_actionserver_node-3] [INFO] [1788859002.426875629] [GSL - Trace]: [32mEntering StopAndMeasure[0m
[gmrf_wind_mapping_node-2] --> MAP did not converge after 1 iterations.
[gmrf_wind_mapping_node-2] [GMRF] MAP Mean value estimated in 9.82727 milliseconds
[gmrf_wind_mapping_node-2] --> MAP did not converge after 1 iterations.
[gmrf_wind_mapping_node-2] [GMRF] MAP Mean value estimated in 9.82747 milliseconds
[gmrf_wind_mapping_node-2] --> MAP did not converge after 1 iterations.
[gmrf_wind_mapping_node-2] [GMRF] MAP Mean value estimated in 9.83673 milliseconds
[gmrf_wind_mapping_node-2] --> MAP did not converge after 1 iterations.
[gmrf_wind_mapping_node-2] [GMRF] MAP Mean value estimated in 9.83579 milliseconds
[gmrf_wind_mapping_node-2] --> MAP did not converge after 1 iterations.
[gmrf_wind_mapping_node-2] [GMRF] MAP Mean value estimated in 9.83258 milliseconds
[gmrf_wind_mapping_node-2] --> MAP did not converge after 1 iterations.
[gmrf_wind_mapping_node-2] [GMRF] MAP Mean value estimated in 9.82938 milliseconds
[gmrf_wind_mapping_node-2] --> MAP did not converge after 1 iterations.
[gmrf_wind_mapping_node-2] [GMRF] MAP Mean value estimated in 9.82506 milliseconds
[gmrf_wind_mapping_node-2] --> MAP did not converge after 1 iterations.
[gmrf_wind_mapping_node-2] [GMRF] MAP Mean value estimated in 9.82187 milliseconds
[gmrf_wind_mapping_node-2] --> MAP did not converge after 1 iterations.
[gmrf_wind_mapping_node-2] [GMRF] MAP Mean value estimated in 9.81869 milliseconds
[gmrf_wind_mapping_node-2] --> MAP did not converge after 1 iterations.
[gmrf_wind_mapping_node-2] [GMRF] MAP Mean value estimated in 9.81665 milliseconds
[gmrf_wind_mapping_node-2] --> MAP did not converge after 1 iterations.
[gmrf_wind_mapping_node-2] [GMRF] MAP Mean value estimated in 9.82135 milliseconds
[gmrf_wind_mapping_node-2] --> MAP did not converge after 1 iterations.
[gmrf_wind_mapping_node-2] [GMRF] MAP Mean value estimated in 9.82043 milliseconds
[gmrf_wind_mapping_node-2] --> MAP did not converge after 1 iterations.
[gmrf_wind_mapping_node-2] [GMRF] MAP Mean value estimated in 9.82623 milliseconds
[gmrf_wind_mapping_node-2] --> MAP did not converge after 1 iterations.
[gmrf_wind_mapping_node-2] [GMRF] MAP Mean value estimated in 9.82419 milliseconds
[gmrf_wind_mapping_node-2] --> MAP did not converge after 1 iterations.
[gmrf_wind_mapping_node-2] [GMRF] MAP Mean value estimated in 9.82103 milliseconds
[gmrf_wind_mapping_node-2] --> MAP did not converge after 1 iterations.
[gmrf_wind_mapping_node-2] [GMRF] MAP Mean value estimated in 9.81899 milliseconds
[gmrf_wind_mapping_node-2] --> MAP did not converge after 1 iterations.
[gmrf_wind_mapping_node-2] [GMRF] MAP Mean value estimated in 9.82589 milliseconds
[gmrf_wind_mapping_node-2] --> MAP did not converge after 1 iterations.
[gmrf_wind_mapping_node-2] [GMRF] MAP Mean value estimated in 9.82832 milliseconds
[gmrf_wind_mapping_node-2] --> MAP did not converge after 1 iterations.
[gmrf_wind_mapping_node-2] [GMRF] MAP Mean value estimated in 9.83408 milliseconds
[gsl_actionserver_node-3] [INFO] [1788859004.333298149] [GSL]: 10 gas measurements, 10 wind measurements over 1.91 seconds
[gsl_actionserver_node-3] [INFO] [1788859004.333399380] [GSL]: avg_gas=0.15;  avg_windSpeed=0.56;  avg_wind_dir=2.3
[gsl_actionserver_node-3] [INFO] [1788859004.334323445] [GSL]: [33mGAS HIT[0m
[gsl_actionserver_node-3] [INFO] [1788859004.334342976] [GSL]: [DEBUG-WIND] useGroundTruth=false gmrf_req_size=626 gaden_req_size=-1
[gsl_actionserver_node-3] [INFO] [1788859004.334355204] [GSL]: [DEBUG-WIND] Taking GMRF path
[gmrf_wind_mapping_node-2] --> MAP did not converge after 1 iterations.
[gmrf_wind_mapping_node-2] [GMRF] MAP Mean value estimated in 9.8376 milliseconds
[gsl_actionserver_node-3] [INFO] [1788859004.425225021] [GSL - Trace]: [32mEntering StopAndMeasure[0m
[gmrf_wind_mapping_node-2] --> MAP did not converge after 1 iterations.
[gmrf_wind_mapping_node-2] [GMRF] MAP Mean value estimated in 9.83444 milliseconds
[gmrf_wind_mapping_node-2] --> MAP did not converge after 1 iterations.
[gmrf_wind_mapping_node-2] [GMRF] MAP Mean value estimated in 9.83685 milliseconds
[gmrf_wind_mapping_node-2] --> MAP did not converge after 1 iterations.
[gmrf_wind_mapping_node-2] [GMRF] MAP Mean value estimated in 9.8337 milliseconds
[gmrf_wind_mapping_node-2] --> MAP did not converge after 1 iterations.
[gmrf_wind_mapping_node-2] [GMRF] MAP Mean value estimated in 9.83056 milliseconds
[gmrf_wind_mapping_node-2] --> MAP did not converge after 1 iterations.
[gmrf_wind_mapping_node-2] [GMRF] MAP Mean value estimated in 9.83739 milliseconds
[gmrf_wind_mapping_node-2] --> MAP did not converge after 1 iterations.
[gmrf_wind_mapping_node-2] [GMRF] MAP Mean value estimated in 9.83536 milliseconds
[gmrf_wind_mapping_node-2] --> MAP did not converge after 1 iterations.
[gmrf_wind_mapping_node-2] [GMRF] MAP Mean value estimated in 9.84106 milliseconds
[gmrf_wind_mapping_node-2] --> MAP did not converge after 1 iterations.
[gmrf_wind_mapping_node-2] [GMRF] MAP Mean value estimated in 9.83903 milliseconds
[gmrf_wind_mapping_node-2] --> MAP did not converge after 1 iterations.
[gmrf_wind_mapping_node-2] [GMRF] MAP Mean value estimated in 9.84251 milliseconds
[gmrf_wind_mapping_node-2] --> MAP did not converge after 1 iterations.
[gmrf_wind_mapping_node-2] [GMRF] MAP Mean value estimated in 9.83938 milliseconds
[gmrf_wind_mapping_node-2] --> MAP did not converge after 1 iterations.
[gmrf_wind_mapping_node-2] [GMRF] MAP Mean value estimated in 9.84286 milliseconds
[gmrf_wind_mapping_node-2] --> MAP did not converge after 1 iterations.
[gmrf_wind_mapping_node-2] [GMRF] MAP Mean value estimated in 9.84413 milliseconds
[gmrf_wind_mapping_node-2] --> MAP did not converge after 1 iterations.
[gmrf_wind_mapping_node-2] [GMRF] MAP Mean value estimated in 9.84539 milliseconds
[gmrf_wind_mapping_node-2] --> MAP did not converge after 1 iterations.
[gmrf_wind_mapping_node-2] [GMRF] MAP Mean value estimated in 9.84337 milliseconds
[gmrf_wind_mapping_node-2] --> MAP did not converge after 1 iterations.
[gmrf_wind_mapping_node-2] [GMRF] MAP Mean value estimated in 9.8512 milliseconds
[gmrf_wind_mapping_node-2] --> MAP did not converge after 1 iterations.
[gmrf_wind_mapping_node-2] [GMRF] MAP Mean value estimated in 9.85027 milliseconds
[gmrf_wind_mapping_node-2] --> MAP did not converge after 1 iterations.
[gmrf_wind_mapping_node-2] [GMRF] MAP Mean value estimated in 9.85153 milliseconds
[gmrf_wind_mapping_node-2] --> MAP did not converge after 1 iterations.
[gmrf_wind_mapping_node-2] [GMRF] MAP Mean value estimated in 9.85605 milliseconds
[gmrf_wind_mapping_node-2] --> MAP did not converge after 1 iterations.
[gmrf_wind_mapping_node-2] [GMRF] MAP Mean value estimated in 9.85512 milliseconds
[gmrf_wind_mapping_node-2] --> MAP did not converge after 1 iterations.
[gmrf_wind_mapping_node-2] [GMRF] MAP Mean value estimated in 9.8531 milliseconds
[gsl_actionserver_node-3] [INFO] [1788859006.333127527] [GSL]: 10 gas measurements, 10 wind measurements over 1.91 seconds
[gsl_actionserver_node-3] [INFO] [1788859006.333177317] [GSL]: avg_gas=0.18;  avg_windSpeed=0.41;  avg_wind_dir=1.7
[gsl_actionserver_node-3] [INFO] [1788859006.333712693] [GSL]: [33mGAS HIT[0m
[gsl_actionserver_node-3] [INFO] [1788859006.333798500] [GSL]: [DEBUG-WIND] useGroundTruth=false gmrf_req_size=626 gaden_req_size=-1
[gsl_actionserver_node-3] [INFO] [1788859006.334349838] [GSL]: [DEBUG-WIND] Taking GMRF path
[gsl_actionserver_node-3] [INFO] [1788859006.425232992] [GSL - Trace]: [32mEntering StopAndMeasure[0m
[gmrf_wind_mapping_node-2] --> MAP did not converge after 1 iterations.
[gmrf_wind_mapping_node-2] [GMRF] MAP Mean value estimated in 9.85435 milliseconds
[gmrf_wind_mapping_node-2] --> MAP did not converge after 1 iterations.
[gmrf_wind_mapping_node-2] [GMRF] MAP Mean value estimated in 9.85125 milliseconds
[gmrf_wind_mapping_node-2] --> MAP did not converge after 1 iterations.
[gmrf_wind_mapping_node-2] [GMRF] MAP Mean value estimated in 9.86009 milliseconds
[gmrf_wind_mapping_node-2] --> MAP did not converge after 1 iterations.
[gmrf_wind_mapping_node-2] [GMRF] MAP Mean value estimated in 9.85807 milliseconds
[gmrf_wind_mapping_node-2] --> MAP did not converge after 1 iterations.
[gmrf_wind_mapping_node-2] [GMRF] MAP Mean value estimated in 9.86364 milliseconds
[gmrf_wind_mapping_node-2] --> MAP did not converge after 1 iterations.
[gmrf_wind_mapping_node-2] [GMRF] MAP Mean value estimated in 9.86054 milliseconds
[gmrf_wind_mapping_node-2] --> MAP did not converge after 1 iterations.
[gmrf_wind_mapping_node-2] [GMRF] MAP Mean value estimated in 9.86177 milliseconds
[gmrf_wind_mapping_node-2] --> MAP did not converge after 1 iterations.
[gmrf_wind_mapping_node-2] [GMRF] MAP Mean value estimated in 9.863 milliseconds
[gmrf_wind_mapping_node-2] --> MAP did not converge after 1 iterations.
[gmrf_wind_mapping_node-2] [GMRF] MAP Mean value estimated in 9.86638 milliseconds
[gmrf_wind_mapping_node-2] --> MAP did not converge after 1 iterations.
[gmrf_wind_mapping_node-2] [GMRF] MAP Mean value estimated in 9.86545 milliseconds
[gmrf_wind_mapping_node-2] --> MAP did not converge after 1 iterations.
[gmrf_wind_mapping_node-2] [GMRF] MAP Mean value estimated in 9.86452 milliseconds
[gmrf_wind_mapping_node-2] --> MAP did not converge after 1 iterations.
[gmrf_wind_mapping_node-2] [GMRF] MAP Mean value estimated in 9.86466 milliseconds
[gmrf_wind_mapping_node-2] --> MAP did not converge after 1 iterations.
[gmrf_wind_mapping_node-2] [GMRF] MAP Mean value estimated in 9.86481 milliseconds
[gmrf_wind_mapping_node-2] --> MAP did not converge after 1 iterations.
[gmrf_wind_mapping_node-2] [GMRF] MAP Mean value estimated in 9.86174 milliseconds
[gmrf_wind_mapping_node-2] --> MAP did not converge after 1 iterations.
[gmrf_wind_mapping_node-2] [GMRF] MAP Mean value estimated in 9.86831 milliseconds
[gmrf_wind_mapping_node-2] --> MAP did not converge after 1 iterations.
[gmrf_wind_mapping_node-2] [GMRF] MAP Mean value estimated in 9.86845 milliseconds
[gmrf_wind_mapping_node-2] --> MAP did not converge after 1 iterations.
[gmrf_wind_mapping_node-2] [GMRF] MAP Mean value estimated in 9.87393 milliseconds
[gmrf_wind_mapping_node-2] --> MAP did not converge after 1 iterations.
[gmrf_wind_mapping_node-2] [GMRF] MAP Mean value estimated in 9.8762 milliseconds
[gmrf_wind_mapping_node-2] --> MAP did not converge after 1 iterations.
[gmrf_wind_mapping_node-2] [GMRF] MAP Mean value estimated in 9.87633 milliseconds
[gsl_actionserver_node-3] [INFO] [1788859008.333235085] [GSL]: 10 gas measurements, 10 wind measurements over 1.91 seconds
[gsl_actionserver_node-3] [INFO] [1788859008.333320161] [GSL]: avg_gas=0.16;  avg_windSpeed=0.56;  avg_wind_dir=2.3
[gsl_actionserver_node-3] [INFO] [1788859008.333949801] [GSL]: [33mGAS HIT[0m
[gsl_actionserver_node-3] [INFO] [1788859008.333961579] [GSL]: [DEBUG-WIND] useGroundTruth=false gmrf_req_size=626 gaden_req_size=-1
[gsl_actionserver_node-3] [INFO] [1788859008.333969827] [GSL]: [DEBUG-WIND] Taking GMRF path
[gmrf_wind_mapping_node-2] --> MAP did not converge after 1 iterations.
[gmrf_wind_mapping_node-2] [GMRF] MAP Mean value estimated in 9.87753 milliseconds
[gsl_actionserver_node-3] [INFO] [1788859008.424660105] [GSL - Trace]: [32mEntering StopAndMeasure[0m
[gmrf_wind_mapping_node-2] --> MAP did not converge after 1 iterations.
[gmrf_wind_mapping_node-2] [GMRF] MAP Mean value estimated in 9.87447 milliseconds
[gmrf_wind_mapping_node-2] --> MAP did not converge after 1 iterations.
[gmrf_wind_mapping_node-2] [GMRF] MAP Mean value estimated in 9.87354 milliseconds
[gmrf_wind_mapping_node-2] --> MAP did not converge after 1 iterations.
[gmrf_wind_mapping_node-2] [GMRF] MAP Mean value estimated in 9.87155 milliseconds
[gmrf_wind_mapping_node-2] --> MAP did not converge after 1 iterations.
[gmrf_wind_mapping_node-2] [GMRF] MAP Mean value estimated in 9.86957 milliseconds
[gmrf_wind_mapping_node-2] --> MAP did not converge after 1 iterations.
[gmrf_wind_mapping_node-2] [GMRF] MAP Mean value estimated in 9.875 milliseconds
[gmrf_wind_mapping_node-2] --> MAP did not converge after 1 iterations.
[gmrf_wind_mapping_node-2] [GMRF] MAP Mean value estimated in 9.87302 milliseconds
[gmrf_wind_mapping_node-2] --> MAP did not converge after 1 iterations.
[gmrf_wind_mapping_node-2] [GMRF] MAP Mean value estimated in 9.87738 milliseconds
[gmrf_wind_mapping_node-2] --> MAP did not converge after 1 iterations.
[gmrf_wind_mapping_node-2] [GMRF] MAP Mean value estimated in 9.87751 milliseconds
[gmrf_wind_mapping_node-2] --> MAP did not converge after 1 iterations.
[gmrf_wind_mapping_node-2] [GMRF] MAP Mean value estimated in 9.87764 milliseconds
[gmrf_wind_mapping_node-2] --> MAP did not converge after 1 iterations.
[gmrf_wind_mapping_node-2] [GMRF] MAP Mean value estimated in 9.87566 milliseconds
[gmrf_wind_mapping_node-2] --> MAP did not converge after 1 iterations.
[gmrf_wind_mapping_node-2] [GMRF] MAP Mean value estimated in 9.87368 milliseconds
[gmrf_wind_mapping_node-2] --> MAP did not converge after 1 iterations.
[gmrf_wind_mapping_node-2] [GMRF] MAP Mean value estimated in 9.87277 milliseconds
[gmrf_wind_mapping_node-2] --> MAP did not converge after 1 iterations.
[gmrf_wind_mapping_node-2] [GMRF] MAP Mean value estimated in 9.86975 milliseconds
[gmrf_wind_mapping_node-2] --> MAP did not converge after 1 iterations.
[gmrf_wind_mapping_node-2] [GMRF] MAP Mean value estimated in 9.86779 milliseconds
[gmrf_wind_mapping_node-2] --> MAP did not converge after 1 iterations.
[gmrf_wind_mapping_node-2] [GMRF] MAP Mean value estimated in 9.86478 milliseconds
[gmrf_wind_mapping_node-2] --> MAP did not converge after 1 iterations.
[gmrf_wind_mapping_node-2] [GMRF] MAP Mean value estimated in 9.86178 milliseconds
[gmrf_wind_mapping_node-2] --> MAP did not converge after 1 iterations.
[gmrf_wind_mapping_node-2] [GMRF] MAP Mean value estimated in 9.86297 milliseconds
[gmrf_wind_mapping_node-2] --> MAP did not converge after 1 iterations.
[gmrf_wind_mapping_node-2] [GMRF] MAP Mean value estimated in 9.8652 milliseconds
[gmrf_wind_mapping_node-2] --> MAP did not converge after 1 iterations.
[gmrf_wind_mapping_node-2] [GMRF] MAP Mean value estimated in 9.86743 milliseconds
[gmrf_wind_mapping_node-2] --> MAP did not converge after 1 iterations.
[gmrf_wind_mapping_node-2] [GMRF] MAP Mean value estimated in 9.86548 milliseconds
[gsl_actionserver_node-3] [INFO] [1788859010.333088301] [GSL]: 10 gas measurements, 10 wind measurements over 1.91 seconds
[gsl_actionserver_node-3] [INFO] [1788859010.333118861] [GSL]: avg_gas=0.17;  avg_windSpeed=0.41;  avg_wind_dir=1.7
[gsl_actionserver_node-3] [INFO] [1788859010.333570388] [GSL]: [33mGAS HIT[0m
[gsl_actionserver_node-3] [INFO] [1788859010.333579044] [GSL]: [DEBUG-WIND] useGroundTruth=false gmrf_req_size=626 gaden_req_size=-1
[gsl_actionserver_node-3] [INFO] [1788859010.333585308] [GSL]: [DEBUG-WIND] Taking GMRF path
[gmrf_wind_mapping_node-2] --> MAP did not converge after 1 iterations.
[gmrf_wind_mapping_node-2] [GMRF] MAP Mean value estimated in 9.8625 milliseconds
[gsl_actionserver_node-3] [INFO] [1788859010.437192738] [GSL]: Max mutual info: 3.116
[gsl_actionserver_node-3] [INFO] [1788859010.437722770] [GSL]: MutualInformation - Ellapsed: 0.014s
[vgr_sim_node-1] [WARN] [1788859010.446840843] [vgr_uav_sim]: PLAN_CB: called with goal=(-6.50,0.37)
[vgr_sim_node-1] [WARN] [1788859010.449206373] [vgr_uav_sim]: PLAN_CB: returning 4 poses
[vgr_sim_node-1] [WARN] [1788859010.459853528] [vgr_uav_sim]: PLAN_CB: called with goal=(-6.50,0.37)
[vgr_sim_node-1] [WARN] [1788859010.460934336] [vgr_uav_sim]: PLAN_CB: returning 4 poses
[gsl_actionserver_node-3] [INFO] [1788859010.469812352] [GSL]: Sending goal (-6.50, 0.37)
[gsl_actionserver_node-3] [INFO] [1788859010.470583785] [GSL]: Variance: 18.25
[gsl_actionserver_node-3] [INFO] [1788859010.470610343] [GSL - Trace]: [32mEntering Moving[0m
[vgr_sim_node-1] [INFO] [1788859010.471353850] [vgr_uav_sim]: Prepared 4 collision-free navigation waypoints to (-6.50, 0.37)
[vgr_sim_node-1] [INFO] [1788859010.472474066] [vgr_uav_sim]: UAV navigating in audited 2-D mode to (-6.50, 0.37, 0.30)
[gmrf_wind_mapping_node-2] --> MAP did not converge after 1 iterations.
[gmrf_wind_mapping_node-2] [GMRF] MAP Mean value estimated in 9.86576 milliseconds
[gmrf_wind_mapping_node-2] --> MAP did not converge after 1 iterations.
[gmrf_wind_mapping_node-2] [GMRF] MAP Mean value estimated in 9.86798 milliseconds
[gmrf_wind_mapping_node-2] --> MAP did not converge after 1 iterations.
[gmrf_wind_mapping_node-2] [GMRF] MAP Mean value estimated in 9.86604 milliseconds
[gmrf_wind_mapping_node-2] --> MAP did not converge after 1 iterations.
[gmrf_wind_mapping_node-2] [GMRF] MAP Mean value estimated in 9.86515 milliseconds
[gmrf_wind_mapping_node-2] --> MAP did not converge after 1 iterations.
[gmrf_wind_mapping_node-2] [GMRF] MAP Mean value estimated in 9.86425 milliseconds
[gsl_actionserver_node-3] [INFO] [1788859010.983652621] [GSL - Trace]: [32mEntering StopAndMeasure[0m
[gmrf_wind_mapping_node-2] --> MAP did not converge after 1 iterations.
[gmrf_wind_mapping_node-2] [GMRF] MAP Mean value estimated in 9.86128 milliseconds
[gmrf_wind_mapping_node-2] --> MAP did not converge after 1 iterations.
[gmrf_wind_mapping_node-2] [GMRF] MAP Mean value estimated in 9.86453 milliseconds
[gmrf_wind_mapping_node-2] --> MAP did not converge after 1 iterations.
[gmrf_wind_mapping_node-2] [GMRF] MAP Mean value estimated in 9.86983 milliseconds
[gmrf_wind_mapping_node-2] --> MAP did not converge after 1 iterations.
[gmrf_wind_mapping_node-2] [GMRF] MAP Mean value estimated in 9.86791 milliseconds
[gmrf_wind_mapping_node-2] --> MAP did not converge after 1 iterations.
[gmrf_wind_mapping_node-2] [GMRF] MAP Mean value estimated in 9.86598 milliseconds
[gmrf_wind_mapping_node-2] --> MAP did not converge after 1 iterations.
[gmrf_wind_mapping_node-2] [GMRF] MAP Mean value estimated in 9.86406 milliseconds
[gmrf_wind_mapping_node-2] --> MAP did not converge after 1 iterations.
[gmrf_wind_mapping_node-2] [GMRF] MAP Mean value estimated in 9.86111 milliseconds
[gmrf_wind_mapping_node-2] --> MAP did not converge after 1 iterations.
[gmrf_wind_mapping_node-2] [GMRF] MAP Mean value estimated in 9.85817 milliseconds
[gmrf_wind_mapping_node-2] --> MAP did not converge after 1 iterations.
[gmrf_wind_mapping_node-2] [GMRF] MAP Mean value estimated in 9.86242 milliseconds
[gmrf_wind_mapping_node-2] --> MAP did not converge after 1 iterations.
[gmrf_wind_mapping_node-2] [GMRF] MAP Mean value estimated in 9.86051 milliseconds
[gmrf_wind_mapping_node-2] --> MAP did not converge after 1 iterations.
[gmrf_wind_mapping_node-2] [GMRF] MAP Mean value estimated in 9.86475 milliseconds
[gmrf_wind_mapping_node-2] --> MAP did not converge after 1 iterations.
[gmrf_wind_mapping_node-2] [GMRF] MAP Mean value estimated in 9.86182 milliseconds
[gmrf_wind_mapping_node-2] --> MAP did not converge after 1 iterations.
[gmrf_wind_mapping_node-2] [GMRF] MAP Mean value estimated in 9.86605 milliseconds
[gmrf_wind_mapping_node-2] --> MAP did not converge after 1 iterations.
[gmrf_wind_mapping_node-2] [GMRF] MAP Mean value estimated in 9.86823 milliseconds
[gmrf_wind_mapping_node-2] --> MAP did not converge after 1 iterations.
[gmrf_wind_mapping_node-2] [GMRF] MAP Mean value estimated in 9.86531 milliseconds
[gmrf_wind_mapping_node-2] --> MAP did not converge after 1 iterations.
[gmrf_wind_mapping_node-2] [GMRF] MAP Mean value estimated in 9.8634 milliseconds
[gmrf_wind_mapping_node-2] --> MAP did not converge after 1 iterations.
[gmrf_wind_mapping_node-2] [GMRF] MAP Mean value estimated in 9.86049 milliseconds
[gmrf_wind_mapping_node-2] --> MAP did not converge after 1 iterations.
[gmrf_wind_mapping_node-2] [GMRF] MAP Mean value estimated in 9.85758 milliseconds
[gmrf_wind_mapping_node-2] --> MAP did not converge after 1 iterations.
[gmrf_wind_mapping_node-2] [GMRF] MAP Mean value estimated in 9.85467 milliseconds
[gsl_actionserver_node-3] [INFO] [1788859012.921805237] [GSL]: 10 gas measurements, 10 wind measurements over 1.94 seconds
[gsl_actionserver_node-3] [INFO] [1788859012.921871155] [GSL]: avg_gas=0.11;  avg_windSpeed=0.21;  avg_wind_dir=1.3
[gsl_actionserver_node-3] [INFO] [1788859012.922409464] [GSL]: [33mGAS HIT[0m
[gsl_actionserver_node-3] [INFO] [1788859012.922420702] [GSL]: [DEBUG-WIND] useGroundTruth=false gmrf_req_size=626 gaden_req_size=-1
[gsl_actionserver_node-3] [INFO] [1788859012.922427684] [GSL]: [DEBUG-WIND] Taking GMRF path
[gsl_actionserver_node-3] [INFO] [1788859012.923912306] [GSL - Trace]: [32mEntering StopAndMeasure[0m
[gmrf_wind_mapping_node-2] --> MAP did not converge after 1 iterations.
[gmrf_wind_mapping_node-2] [GMRF] MAP Mean value estimated in 9.85178 milliseconds
[gmrf_wind_mapping_node-2] --> MAP did not converge after 1 iterations.
[gmrf_wind_mapping_node-2] [GMRF] MAP Mean value estimated in 9.857 milliseconds
[gmrf_wind_mapping_node-2] --> MAP did not converge after 1 iterations.
[gmrf_wind_mapping_node-2] [GMRF] MAP Mean value estimated in 9.8541 milliseconds
[gmrf_wind_mapping_node-2] --> MAP did not converge after 1 iterations.
[gmrf_wind_mapping_node-2] [GMRF] MAP Mean value estimated in 9.85628 milliseconds
[gmrf_wind_mapping_node-2] --> MAP did not converge after 1 iterations.
[gmrf_wind_mapping_node-2] [GMRF] MAP Mean value estimated in 9.85339 milliseconds
[gmrf_wind_mapping_node-2] --> MAP did not converge after 1 iterations.
[gmrf_wind_mapping_node-2] [GMRF] MAP Mean value estimated in 9.85051 milliseconds
[gmrf_wind_mapping_node-2] --> MAP did not converge after 1 iterations.
[gmrf_wind_mapping_node-2] [GMRF] MAP Mean value estimated in 9.84864 milliseconds
[gmrf_wind_mapping_node-2] --> MAP did not converge after 1 iterations.
[gmrf_wind_mapping_node-2] [GMRF] MAP Mean value estimated in 9.84577 milliseconds
[gmrf_wind_mapping_node-2] --> MAP did not converge after 1 iterations.
[gmrf_wind_mapping_node-2] [GMRF] MAP Mean value estimated in 9.8429 milliseconds
[gmrf_wind_mapping_node-2] --> MAP did not converge after 1 iterations.
[gmrf_wind_mapping_node-2] [GMRF] MAP Mean value estimated in 9.84004 milliseconds
[gmrf_wind_mapping_node-2] --> MAP did not converge after 1 iterations.
[gmrf_wind_mapping_node-2] [GMRF] MAP Mean value estimated in 9.83719 milliseconds
[gmrf_wind_mapping_node-2] --> MAP did not converge after 1 iterations.
[gmrf_wind_mapping_node-2] [GMRF] MAP Mean value estimated in 9.84337 milliseconds
[gmrf_wind_mapping_node-2] --> MAP did not converge after 1 iterations.
[gmrf_wind_mapping_node-2] [GMRF] MAP Mean value estimated in 9.84052 milliseconds
[gmrf_wind_mapping_node-2] --> MAP did not converge after 1 iterations.
[gmrf_wind_mapping_node-2] [GMRF] MAP Mean value estimated in 9.83768 milliseconds
[gmrf_wind_mapping_node-2] --> MAP did not converge after 1 iterations.
[gmrf_wind_mapping_node-2] [GMRF] MAP Mean value estimated in 9.83383 milliseconds
[gmrf_wind_mapping_node-2] --> MAP did not converge after 1 iterations.
[gmrf_wind_mapping_node-2] [GMRF] MAP Mean value estimated in 9.83 milliseconds
[gmrf_wind_mapping_node-2] --> MAP did not converge after 1 iterations.
[gmrf_wind_mapping_node-2] [GMRF] MAP Mean value estimated in 9.82617 milliseconds
[gmrf_wind_mapping_node-2] --> MAP did not converge after 1 iterations.
[gmrf_wind_mapping_node-2] [GMRF] MAP Mean value estimated in 9.82335 milliseconds
[gmrf_wind_mapping_node-2] --> MAP did not converge after 1 iterations.
[gmrf_wind_mapping_node-2] [GMRF] MAP Mean value estimated in 9.82253 milliseconds
[gmrf_wind_mapping_node-2] --> MAP did not converge after 1 iterations.
[gmrf_wind_mapping_node-2] [GMRF] MAP Mean value estimated in 9.82171 milliseconds
[gsl_actionserver_node-3] [INFO] [1788859014.921772928] [GSL]: 10 gas measurements, 10 wind measurements over 2.00 seconds
[gsl_actionserver_node-3] [INFO] [1788859014.921842398] [GSL]: avg_gas=0.12;  avg_windSpeed=0.41;  avg_wind_dir=0.35
[gsl_actionserver_node-3] [INFO] [1788859014.922771353] [GSL]: [33mGAS HIT[0m
[gsl_actionserver_node-3] [INFO] [1788859014.922862672] [GSL]: [DEBUG-WIND] useGroundTruth=false gmrf_req_size=626 gaden_req_size=-1
[gsl_actionserver_node-3] [INFO] [1788859014.922873992] [GSL]: [DEBUG-WIND] Taking GMRF path
[gsl_actionserver_node-3] [INFO] [1788859014.924592864] [GSL - Trace]: [32mEntering StopAndMeasure[0m
[gmrf_wind_mapping_node-2] --> MAP did not converge after 1 iterations.
[gmrf_wind_mapping_node-2] [GMRF] MAP Mean value estimated in 9.8199 milliseconds
[gmrf_wind_mapping_node-2] --> MAP did not converge after 1 iterations.
[gmrf_wind_mapping_node-2] [GMRF] MAP Mean value estimated in 9.8171 milliseconds
[gmrf_wind_mapping_node-2] --> MAP did not converge after 1 iterations.
[gmrf_wind_mapping_node-2] [GMRF] MAP Mean value estimated in 9.8143 milliseconds
[gmrf_wind_mapping_node-2] --> MAP did not converge after 1 iterations.
[gmrf_wind_mapping_node-2] [GMRF] MAP Mean value estimated in 9.81151 milliseconds
[gmrf_wind_mapping_node-2] --> MAP did not converge after 1 iterations.
[gmrf_wind_mapping_node-2] [GMRF] MAP Mean value estimated in 9.80872 milliseconds
[gmrf_wind_mapping_node-2] --> MAP did not converge after 1 iterations.
[gmrf_wind_mapping_node-2] [GMRF] MAP Mean value estimated in 9.80693 milliseconds
[gmrf_wind_mapping_node-2] --> MAP did not converge after 1 iterations.
[gmrf_wind_mapping_node-2] [GMRF] MAP Mean value estimated in 9.80514 milliseconds
[gmrf_wind_mapping_node-2] --> MAP did not converge after 1 iterations.
[gmrf_wind_mapping_node-2] [GMRF] MAP Mean value estimated in 9.80237 milliseconds
[gmrf_wind_mapping_node-2] --> MAP did not converge after 1 iterations.
[gmrf_wind_mapping_node-2] [GMRF] MAP Mean value estimated in 9.79961 milliseconds
[gmrf_wind_mapping_node-2] --> MAP did not converge after 1 iterations.
[gmrf_wind_mapping_node-2] [GMRF] MAP Mean value estimated in 9.79684 milliseconds
[gmrf_wind_mapping_node-2] --> MAP did not converge after 1 iterations.
[gmrf_wind_mapping_node-2] [GMRF] MAP Mean value estimated in 9.79409 milliseconds
[gmrf_wind_mapping_node-2] --> MAP did not converge after 1 iterations.
[gmrf_wind_mapping_node-2] [GMRF] MAP Mean value estimated in 9.79724 milliseconds
[gmrf_wind_mapping_node-2] --> MAP did not converge after 1 iterations.
[gmrf_wind_mapping_node-2] [GMRF] MAP Mean value estimated in 9.79548 milliseconds
[gmrf_wind_mapping_node-2] --> MAP did not converge after 1 iterations.
[gmrf_wind_mapping_node-2] [GMRF] MAP Mean value estimated in 9.80059 milliseconds
[gmrf_wind_mapping_node-2] --> MAP did not converge after 1 iterations.
[gmrf_wind_mapping_node-2] [GMRF] MAP Mean value estimated in 9.79882 milliseconds
[gmrf_wind_mapping_node-2] --> MAP did not converge after 1 iterations.
[gmrf_wind_mapping_node-2] [GMRF] MAP Mean value estimated in 9.79608 milliseconds
[gmrf_wind_mapping_node-2] --> MAP did not converge after 1 iterations.
[gmrf_wind_mapping_node-2] [GMRF] MAP Mean value estimated in 9.79334 milliseconds
[gmrf_wind_mapping_node-2] --> MAP did not converge after 1 iterations.
[gmrf_wind_mapping_node-2] [GMRF] MAP Mean value estimated in 9.79061 milliseconds
[gmrf_wind_mapping_node-2] --> MAP did not converge after 1 iterations.
[gmrf_wind_mapping_node-2] [GMRF] MAP Mean value estimated in 9.78886 milliseconds
[gmrf_wind_mapping_node-2] --> MAP did not converge after 1 iterations.
[gmrf_wind_mapping_node-2] [GMRF] MAP Mean value estimated in 9.78613 milliseconds
[gsl_actionserver_node-3] [INFO] [1788859016.921684642] [GSL]: 10 gas measurements, 10 wind measurements over 2.00 seconds
[gsl_actionserver_node-3] [INFO] [1788859016.921752283] [GSL]: avg_gas=0.16;  avg_windSpeed=0.21;  avg_wind_dir=1.3
[gsl_actionserver_node-3] [INFO] [1788859016.922271964] [GSL]: [33mGAS HIT[0m
[gsl_actionserver_node-3] [INFO] [1788859016.922282625] [GSL]: [DEBUG-WIND] useGroundTruth=false gmrf_req_size=626 gaden_req_size=-1
[gsl_actionserver_node-3] [INFO] [1788859016.922289424] [GSL]: [DEBUG-WIND] Taking GMRF path
[gsl_actionserver_node-3] [INFO] [1788859016.923775216] [GSL - Trace]: [32mEntering StopAndMeasure[0m
[gmrf_wind_mapping_node-2] --> MAP did not converge after 1 iterations.
[gmrf_wind_mapping_node-2] [GMRF] MAP Mean value estimated in 9.78341 milliseconds
[gmrf_wind_mapping_node-2] --> MAP did not converge after 1 iterations.
[gmrf_wind_mapping_node-2] [GMRF] MAP Mean value estimated in 9.7807 milliseconds
[gmrf_wind_mapping_node-2] --> MAP did not converge after 1 iterations.
[gmrf_wind_mapping_node-2] [GMRF] MAP Mean value estimated in 9.77799 milliseconds
[gmrf_wind_mapping_node-2] --> MAP did not converge after 1 iterations.
[gmrf_wind_mapping_node-2] [GMRF] MAP Mean value estimated in 9.77529 milliseconds
[gmrf_wind_mapping_node-2] --> MAP did not converge after 1 iterations.
[gmrf_wind_mapping_node-2] [GMRF] MAP Mean value estimated in 9.77162 milliseconds
[gmrf_wind_mapping_node-2] --> MAP did not converge after 1 iterations.
[gmrf_wind_mapping_node-2] [GMRF] MAP Mean value estimated in 9.76893 milliseconds
[gmrf_wind_mapping_node-2] --> MAP did not converge after 1 iterations.
[gmrf_wind_mapping_node-2] [GMRF] MAP Mean value estimated in 9.76528 milliseconds
[gmrf_wind_mapping_node-2] --> MAP did not converge after 1 iterations.
[gmrf_wind_mapping_node-2] [GMRF] MAP Mean value estimated in 9.76938 milliseconds
[gmrf_wind_mapping_node-2] --> MAP did not converge after 1 iterations.
[gmrf_wind_mapping_node-2] [GMRF] MAP Mean value estimated in 9.7667 milliseconds
[gmrf_wind_mapping_node-2] --> MAP did not converge after 1 iterations.
[gmrf_wind_mapping_node-2] [GMRF] MAP Mean value estimated in 9.77079 milliseconds
[gmrf_wind_mapping_node-2] --> MAP did not converge after 1 iterations.
[gmrf_wind_mapping_node-2] [GMRF] MAP Mean value estimated in 9.76812 milliseconds
[gmrf_wind_mapping_node-2] --> MAP did not converge after 1 iterations.
[gmrf_wind_mapping_node-2] [GMRF] MAP Mean value estimated in 9.76641 milliseconds
[gmrf_wind_mapping_node-2] --> MAP did not converge after 1 iterations.
[gmrf_wind_mapping_node-2] [GMRF] MAP Mean value estimated in 9.76567 milliseconds
[gmrf_wind_mapping_node-2] --> MAP did not converge after 1 iterations.
[gmrf_wind_mapping_node-2] [GMRF] MAP Mean value estimated in 9.76879 milliseconds
[gmrf_wind_mapping_node-2] --> MAP did not converge after 1 iterations.
[gmrf_wind_mapping_node-2] [GMRF] MAP Mean value estimated in 9.76997 milliseconds
[gmrf_wind_mapping_node-2] --> MAP did not converge after 1 iterations.
[gmrf_wind_mapping_node-2] [GMRF] MAP Mean value estimated in 9.77212 milliseconds
[gmrf_wind_mapping_node-2] --> MAP did not converge after 1 iterations.
[gmrf_wind_mapping_node-2] [GMRF] MAP Mean value estimated in 9.77041 milliseconds
[gmrf_wind_mapping_node-2] --> MAP did not converge after 1 iterations.
[gmrf_wind_mapping_node-2] [GMRF] MAP Mean value estimated in 9.77543 milliseconds
[gmrf_wind_mapping_node-2] --> MAP did not converge after 1 iterations.
[gmrf_wind_mapping_node-2] [GMRF] MAP Mean value estimated in 9.77277 milliseconds
[gmrf_wind_mapping_node-2] --> MAP did not converge after 1 iterations.
[gmrf_wind_mapping_node-2] [GMRF] MAP Mean value estimated in 9.77299 milliseconds
[gsl_actionserver_node-3] [INFO] [1788859018.921677577] [GSL]: 10 gas measurements, 10 wind measurements over 2.00 seconds
[gsl_actionserver_node-3] [INFO] [1788859018.921739866] [GSL]: avg_gas=0.16;  avg_windSpeed=0.41;  avg_wind_dir=0.35
[gsl_actionserver_node-3] [INFO] [1788859018.922485733] [GSL]: [33mGAS HIT[0m
[gsl_actionserver_node-3] [INFO] [1788859018.922500298] [GSL]: [DEBUG-WIND] useGroundTruth=false gmrf_req_size=626 gaden_req_size=-1
[gsl_actionserver_node-3] [INFO] [1788859018.922506933] [GSL]: [DEBUG-WIND] Taking GMRF path
[gsl_actionserver_node-3] [INFO] [1788859018.924282085] [GSL - Trace]: [32mEntering StopAndMeasure[0m
[gmrf_wind_mapping_node-2] --> MAP did not converge after 1 iterations.
[gmrf_wind_mapping_node-2] [GMRF] MAP Mean value estimated in 9.76938 milliseconds
[gmrf_wind_mapping_node-2] --> MAP did not converge after 1 iterations.
[gmrf_wind_mapping_node-2] [GMRF] MAP Mean value estimated in 9.77055 milliseconds
[gmrf_wind_mapping_node-2] --> MAP did not converge after 1 iterations.
[gmrf_wind_mapping_node-2] [GMRF] MAP Mean value estimated in 9.76982 milliseconds
[gmrf_wind_mapping_node-2] --> MAP did not converge after 1 iterations.
[gmrf_wind_mapping_node-2] [GMRF] MAP Mean value estimated in 9.77481 milliseconds
[gmrf_wind_mapping_node-2] --> MAP did not converge after 1 iterations.
[gmrf_wind_mapping_node-2] [GMRF] MAP Mean value estimated in 9.77407 milliseconds
[gmrf_wind_mapping_node-2] --> MAP did not converge after 1 iterations.
[gmrf_wind_mapping_node-2] [GMRF] MAP Mean value estimated in 9.77143 milliseconds
[gmrf_wind_mapping_node-2] --> MAP did not converge after 1 iterations.
[gmrf_wind_mapping_node-2] [GMRF] MAP Mean value estimated in 9.77355 milliseconds
[gmrf_wind_mapping_node-2] --> MAP did not converge after 1 iterations.
[gmrf_wind_mapping_node-2] [GMRF] MAP Mean value estimated in 9.77567 milliseconds
[gmrf_wind_mapping_node-2] --> MAP did not converge after 1 iterations.
[gmrf_wind_mapping_node-2] [GMRF] MAP Mean value estimated in 9.77588 milliseconds
[gmrf_wind_mapping_node-2] --> MAP did not converge after 1 iterations.
[gmrf_wind_mapping_node-2] [GMRF] MAP Mean value estimated in 9.77894 milliseconds
[gmrf_wind_mapping_node-2] --> MAP did not converge after 1 iterations.
[gmrf_wind_mapping_node-2] [GMRF] MAP Mean value estimated in 9.7763 milliseconds
[gmrf_wind_mapping_node-2] --> MAP did not converge after 1 iterations.
[gmrf_wind_mapping_node-2] [GMRF] MAP Mean value estimated in 9.77367 milliseconds
[gmrf_wind_mapping_node-2] --> MAP did not converge after 1 iterations.
[gmrf_wind_mapping_node-2] [GMRF] MAP Mean value estimated in 9.77105 milliseconds
[gmrf_wind_mapping_node-2] --> MAP did not converge after 1 iterations.
[gmrf_wind_mapping_node-2] [GMRF] MAP Mean value estimated in 9.76843 milliseconds
[gmrf_wind_mapping_node-2] --> MAP did not converge after 1 iterations.
[gmrf_wind_mapping_node-2] [GMRF] MAP Mean value estimated in 9.76487 milliseconds
[gmrf_wind_mapping_node-2] --> MAP did not converge after 1 iterations.
[gmrf_wind_mapping_node-2] [GMRF] MAP Mean value estimated in 9.76604 milliseconds
[gmrf_wind_mapping_node-2] --> MAP did not converge after 1 iterations.
[gmrf_wind_mapping_node-2] [GMRF] MAP Mean value estimated in 9.76532 milliseconds
[gmrf_wind_mapping_node-2] --> MAP did not converge after 1 iterations.
[gmrf_wind_mapping_node-2] [GMRF] MAP Mean value estimated in 9.76836 milliseconds
[gmrf_wind_mapping_node-2] --> MAP did not converge after 1 iterations.
[gmrf_wind_mapping_node-2] [GMRF] MAP Mean value estimated in 9.76576 milliseconds
[gmrf_wind_mapping_node-2] --> MAP did not converge after 1 iterations.
[gmrf_wind_mapping_node-2] [GMRF] MAP Mean value estimated in 9.7641 milliseconds
[gsl_actionserver_node-3] [INFO] [1788859020.922039466] [GSL]: 10 gas measurements, 10 wind measurements over 2.00 seconds
[gsl_actionserver_node-3] [INFO] [1788859020.922097393] [GSL]: avg_gas=0.17;  avg_windSpeed=0.21;  avg_wind_dir=1.3
[gsl_actionserver_node-3] [INFO] [1788859020.922675589] [GSL]: [33mGAS HIT[0m
[gsl_actionserver_node-3] [INFO] [1788859020.922703955] [GSL]: [DEBUG-WIND] useGroundTruth=false gmrf_req_size=626 gaden_req_size=-1
[gsl_actionserver_node-3] [INFO] [1788859020.922710711] [GSL]: [DEBUG-WIND] Taking GMRF path
[gsl_actionserver_node-3] [INFO] [1788859020.923752179] [GSL - Trace]: [32mEntering StopAndMeasure[0m
[gmrf_wind_mapping_node-2] --> MAP did not converge after 1 iterations.
[gmrf_wind_mapping_node-2] [GMRF] MAP Mean value estimated in 9.76244 milliseconds
[gmrf_wind_mapping_node-2] --> MAP did not converge after 1 iterations.
[gmrf_wind_mapping_node-2] [GMRF] MAP Mean value estimated in 9.75985 milliseconds
[gmrf_wind_mapping_node-2] --> MAP did not converge after 1 iterations.
[gmrf_wind_mapping_node-2] [GMRF] MAP Mean value estimated in 9.75914 milliseconds
[gmrf_wind_mapping_node-2] --> MAP did not converge after 1 iterations.
[gmrf_wind_mapping_node-2] [GMRF] MAP Mean value estimated in 9.76311 milliseconds
[gmrf_wind_mapping_node-2] --> MAP did not converge after 1 iterations.
[gmrf_wind_mapping_node-2] [GMRF] MAP Mean value estimated in 9.76427 milliseconds
[gmrf_wind_mapping_node-2] --> MAP did not converge after 1 iterations.
[gmrf_wind_mapping_node-2] [GMRF] MAP Mean value estimated in 9.76168 milliseconds
[gmrf_wind_mapping_node-2] --> MAP did not converge after 1 iterations.
[gmrf_wind_mapping_node-2] [GMRF] MAP Mean value estimated in 9.76471 milliseconds
[gmrf_wind_mapping_node-2] --> MAP did not converge after 1 iterations.
[gmrf_wind_mapping_node-2] [GMRF] MAP Mean value estimated in 9.76213 milliseconds
[gmrf_wind_mapping_node-2] --> MAP did not converge after 1 iterations.
[gmrf_wind_mapping_node-2] [GMRF] MAP Mean value estimated in 9.76048 milliseconds
[gmrf_wind_mapping_node-2] --> MAP did not converge after 1 iterations.
[gmrf_wind_mapping_node-2] [GMRF] MAP Mean value estimated in 9.76536 milliseconds
[gmrf_wind_mapping_node-2] --> MAP did not converge after 1 iterations.
[gmrf_wind_mapping_node-2] [GMRF] MAP Mean value estimated in 9.76279 milliseconds
[gmrf_wind_mapping_node-2] --> MAP did not converge after 1 iterations.
[gmrf_wind_mapping_node-2] [GMRF] MAP Mean value estimated in 9.7658 milliseconds
[gmrf_wind_mapping_node-2] --> MAP did not converge after 1 iterations.
[gmrf_wind_mapping_node-2] [GMRF] MAP Mean value estimated in 9.76323 milliseconds
[gmrf_wind_mapping_node-2] --> MAP did not converge after 1 iterations.
[gmrf_wind_mapping_node-2] [GMRF] MAP Mean value estimated in 9.76994 milliseconds
[gmrf_wind_mapping_node-2] --> MAP did not converge after 1 iterations.
[gmrf_wind_mapping_node-2] [GMRF] MAP Mean value estimated in 9.7683 milliseconds
[gmrf_wind_mapping_node-2] --> MAP did not converge after 1 iterations.
[gmrf_wind_mapping_node-2] [GMRF] MAP Mean value estimated in 9.76759 milliseconds
[gmrf_wind_mapping_node-2] --> MAP did not converge after 1 iterations.
[gmrf_wind_mapping_node-2] [GMRF] MAP Mean value estimated in 9.77058 milliseconds
[gmrf_wind_mapping_node-2] --> MAP did not converge after 1 iterations.
[gmrf_wind_mapping_node-2] [GMRF] MAP Mean value estimated in 9.77172 milliseconds
[gmrf_wind_mapping_node-2] --> MAP did not converge after 1 iterations.
[gmrf_wind_mapping_node-2] [GMRF] MAP Mean value estimated in 9.77008 milliseconds
[gmrf_wind_mapping_node-2] --> MAP did not converge after 1 iterations.
[gmrf_wind_mapping_node-2] [GMRF] MAP Mean value estimated in 9.7703 milliseconds
[gsl_actionserver_node-3] [INFO] [1788859022.921700785] [GSL]: 10 gas measurements, 10 wind measurements over 2.00 seconds
[gsl_actionserver_node-3] [INFO] [1788859022.921765505] [GSL]: avg_gas=0.16;  avg_windSpeed=0.41;  avg_wind_dir=0.35
[gsl_actionserver_node-3] [INFO] [1788859022.922737181] [GSL]: [33mGAS HIT[0m
[gsl_actionserver_node-3] [INFO] [1788859022.922757848] [GSL]: [DEBUG-WIND] useGroundTruth=false gmrf_req_size=626 gaden_req_size=-1
[gsl_actionserver_node-3] [INFO] [1788859022.922765218] [GSL]: [DEBUG-WIND] Taking GMRF path
[gsl_actionserver_node-3] [INFO] [1788859022.923779539] [GSL - Trace]: [32mEntering StopAndMeasure[0m
[gmrf_wind_mapping_node-2] --> MAP did not converge after 1 iterations.
[gmrf_wind_mapping_node-2] [GMRF] MAP Mean value estimated in 9.76774 milliseconds
[gmrf_wind_mapping_node-2] --> MAP did not converge after 1 iterations.
[gmrf_wind_mapping_node-2] [GMRF] MAP Mean value estimated in 9.76519 milliseconds
[gmrf_wind_mapping_node-2] --> MAP did not converge after 1 iterations.
[gmrf_wind_mapping_node-2] [GMRF] MAP Mean value estimated in 9.76541 milliseconds
[gmrf_wind_mapping_node-2] --> MAP did not converge after 1 iterations.
[gmrf_wind_mapping_node-2] [GMRF] MAP Mean value estimated in 9.7693 milliseconds
[gmrf_wind_mapping_node-2] --> MAP did not converge after 1 iterations.
[gmrf_wind_mapping_node-2] [GMRF] MAP Mean value estimated in 9.77043 milliseconds
[gmrf_wind_mapping_node-2] --> MAP did not converge after 1 iterations.
[gmrf_wind_mapping_node-2] [GMRF] MAP Mean value estimated in 9.76972 milliseconds
[gmrf_wind_mapping_node-2] --> MAP did not converge after 1 iterations.
[gmrf_wind_mapping_node-2] [GMRF] MAP Mean value estimated in 9.77085 milliseconds
[gmrf_wind_mapping_node-2] --> MAP did not converge after 1 iterations.
[gmrf_wind_mapping_node-2] [GMRF] MAP Mean value estimated in 9.77473 milliseconds
[gmrf_wind_mapping_node-2] --> MAP did not converge after 1 iterations.
[gmrf_wind_mapping_node-2] [GMRF] MAP Mean value estimated in 9.77219 milliseconds
[gmrf_wind_mapping_node-2] --> MAP did not converge after 1 iterations.
[gmrf_wind_mapping_node-2] [GMRF] MAP Mean value estimated in 9.77331 milliseconds
[gmrf_wind_mapping_node-2] --> MAP did not converge after 1 iterations.
[gmrf_wind_mapping_node-2] [GMRF] MAP Mean value estimated in 9.77626 milliseconds
[gmrf_wind_mapping_node-2] --> MAP did not converge after 1 iterations.
[gmrf_wind_mapping_node-2] [GMRF] MAP Mean value estimated in 9.7792 milliseconds
[gmrf_wind_mapping_node-2] --> MAP did not converge after 1 iterations.
[gmrf_wind_mapping_node-2] [GMRF] MAP Mean value estimated in 9.77849 milliseconds
[gmrf_wind_mapping_node-2] --> MAP did not converge after 1 iterations.
[gmrf_wind_mapping_node-2] [GMRF] MAP Mean value estimated in 9.77596 milliseconds
[gmrf_wind_mapping_node-2] --> MAP did not converge after 1 iterations.
[gmrf_wind_mapping_node-2] [GMRF] MAP Mean value estimated in 9.77798 milliseconds
[gmrf_wind_mapping_node-2] --> MAP did not converge after 1 iterations.
[gmrf_wind_mapping_node-2] [GMRF] MAP Mean value estimated in 9.77909 milliseconds
[gmrf_wind_mapping_node-2] --> MAP did not converge after 1 iterations.
[gmrf_wind_mapping_node-2] [GMRF] MAP Mean value estimated in 9.77657 milliseconds
[gmrf_wind_mapping_node-2] --> MAP did not converge after 1 iterations.
[gmrf_wind_mapping_node-2] [GMRF] MAP Mean value estimated in 9.77949 milliseconds
[gmrf_wind_mapping_node-2] --> MAP did not converge after 1 iterations.
[gmrf_wind_mapping_node-2] [GMRF] MAP Mean value estimated in 9.77788 milliseconds
[gmrf_wind_mapping_node-2] --> MAP did not converge after 1 iterations.
[gmrf_wind_mapping_node-2] [GMRF] MAP Mean value estimated in 9.77989 milliseconds
[gsl_actionserver_node-3] [INFO] [1788859024.921732521] [GSL]: 10 gas measurements, 10 wind measurements over 2.00 seconds
[gsl_actionserver_node-3] [INFO] [1788859024.921790289] [GSL]: avg_gas=0.11;  avg_windSpeed=0.21;  avg_wind_dir=1.3
[gsl_actionserver_node-3] [INFO] [1788859024.922299319] [GSL]: [33mGAS HIT[0m
[gsl_actionserver_node-3] [INFO] [1788859024.922309213] [GSL]: [DEBUG-WIND] useGroundTruth=false gmrf_req_size=626 gaden_req_size=-1
[gsl_actionserver_node-3] [INFO] [1788859024.922315963] [GSL]: [DEBUG-WIND] Taking GMRF path
[gsl_actionserver_node-3] [INFO] [1788859024.923838656] [GSL - Trace]: [32mEntering StopAndMeasure[0m
[gmrf_wind_mapping_node-2] --> MAP did not converge after 1 iterations.
[gmrf_wind_mapping_node-2] [GMRF] MAP Mean value estimated in 9.77738 milliseconds
[gmrf_wind_mapping_node-2] --> MAP did not converge after 1 iterations.
[gmrf_wind_mapping_node-2] [GMRF] MAP Mean value estimated in 9.78119 milliseconds
[gmrf_wind_mapping_node-2] --> MAP did not converge after 1 iterations.
[gmrf_wind_mapping_node-2] [GMRF] MAP Mean value estimated in 9.7832 milliseconds
[gmrf_wind_mapping_node-2] --> MAP did not converge after 1 iterations.
[gmrf_wind_mapping_node-2] [GMRF] MAP Mean value estimated in 9.78159 milliseconds
[gmrf_wind_mapping_node-2] --> MAP did not converge after 1 iterations.
[gmrf_wind_mapping_node-2] [GMRF] MAP Mean value estimated in 9.77908 milliseconds
[gmrf_wind_mapping_node-2] --> MAP did not converge after 1 iterations.
[gmrf_wind_mapping_node-2] [GMRF] MAP Mean value estimated in 9.77658 milliseconds
[gmrf_wind_mapping_node-2] --> MAP did not converge after 1 iterations.
[gmrf_wind_mapping_node-2] [GMRF] MAP Mean value estimated in 9.77318 milliseconds
[gmrf_wind_mapping_node-2] --> MAP did not converge after 1 iterations.
[gmrf_wind_mapping_node-2] [GMRF] MAP Mean value estimated in 9.76978 milliseconds
[gmrf_wind_mapping_node-2] --> MAP did not converge after 1 iterations.
[gmrf_wind_mapping_node-2] [GMRF] MAP Mean value estimated in 9.7673 milliseconds
[gmrf_wind_mapping_node-2] --> MAP did not converge after 1 iterations.
[gmrf_wind_mapping_node-2] [GMRF] MAP Mean value estimated in 9.76481 milliseconds
[gmrf_wind_mapping_node-2] --> MAP did not converge after 1 iterations.
[gmrf_wind_mapping_node-2] [GMRF] MAP Mean value estimated in 9.76233 milliseconds
[gmrf_wind_mapping_node-2] --> MAP did not converge after 1 iterations.
[gmrf_wind_mapping_node-2] [GMRF] MAP Mean value estimated in 9.76434 milliseconds
[gmrf_wind_mapping_node-2] --> MAP did not converge after 1 iterations.
[gmrf_wind_mapping_node-2] [GMRF] MAP Mean value estimated in 9.76276 milliseconds
[gmrf_wind_mapping_node-2] --> MAP did not converge after 1 iterations.
[gmrf_wind_mapping_node-2] [GMRF] MAP Mean value estimated in 9.76476 milliseconds
[gmrf_wind_mapping_node-2] --> MAP did not converge after 1 iterations.
[gmrf_wind_mapping_node-2] [GMRF] MAP Mean value estimated in 9.76229 milliseconds
[gmrf_wind_mapping_node-2] --> MAP did not converge after 1 iterations.
[gmrf_wind_mapping_node-2] [GMRF] MAP Mean value estimated in 9.76518 milliseconds
[gmrf_wind_mapping_node-2] --> MAP did not converge after 1 iterations.
[gmrf_wind_mapping_node-2] [GMRF] MAP Mean value estimated in 9.76271 milliseconds
[gmrf_wind_mapping_node-2] --> MAP did not converge after 1 iterations.
[gmrf_wind_mapping_node-2] [GMRF] MAP Mean value estimated in 9.76738 milliseconds
[gmrf_wind_mapping_node-2] --> MAP did not converge after 1 iterations.
[gmrf_wind_mapping_node-2] [GMRF] MAP Mean value estimated in 9.76581 milliseconds
[gmrf_wind_mapping_node-2] --> MAP did not converge after 1 iterations.
[gmrf_wind_mapping_node-2] [GMRF] MAP Mean value estimated in 9.76423 milliseconds
[gsl_actionserver_node-3] [INFO] [1788859026.921718250] [GSL]: 10 gas measurements, 10 wind measurements over 2.00 seconds
[gsl_actionserver_node-3] [INFO] [1788859026.921777304] [GSL]: avg_gas=0.15;  avg_windSpeed=0.41;  avg_wind_dir=0.35
[gsl_actionserver_node-3] [INFO] [1788859026.922482370] [GSL]: [33mGAS HIT[0m
[gsl_actionserver_node-3] [INFO] [1788859026.922921342] [GSL]: [DEBUG-WIND] useGroundTruth=false gmrf_req_size=626 gaden_req_size=-1
[gsl_actionserver_node-3] [INFO] [1788859026.922954092] [GSL]: [DEBUG-WIND] Taking GMRF path
[gsl_actionserver_node-3] [INFO] [1788859026.932270819] [GSL]: Max mutual info: 3.116
[gsl_actionserver_node-3] [INFO] [1788859026.932433967] [GSL]: MutualInformation - Ellapsed: 0.009s
[gmrf_wind_mapping_node-2] --> MAP did not converge after 1 iterations.
[gmrf_wind_mapping_node-2] [GMRF] MAP Mean value estimated in 9.76444 milliseconds
[vgr_sim_node-1] [WARN] [1788859026.937914924] [vgr_uav_sim]: PLAN_CB: called with goal=(-5.90,1.57)
[vgr_sim_node-1] [WARN] [1788859026.942270572] [vgr_uav_sim]: PLAN_CB: returning 7 poses
[vgr_sim_node-1] [WARN] [1788859026.948964370] [vgr_uav_sim]: PLAN_CB: called with goal=(-5.90,1.57)
[vgr_sim_node-1] [WARN] [1788859026.950107388] [vgr_uav_sim]: PLAN_CB: returning 7 poses
[gsl_actionserver_node-3] [INFO] [1788859026.959788242] [GSL]: Sending goal (-5.90, 1.57)
[gsl_actionserver_node-3] [INFO] [1788859026.960340789] [GSL]: Variance: 18.25
[gsl_actionserver_node-3] [INFO] [1788859026.960362739] [GSL - Trace]: [32mEntering Moving[0m
[vgr_sim_node-1] [INFO] [1788859026.961971380] [vgr_uav_sim]: Prepared 7 collision-free navigation waypoints to (-5.90, 1.57)
[vgr_sim_node-1] [INFO] [1788859026.963099291] [vgr_uav_sim]: UAV navigating in audited 2-D mode to (-5.90, 1.57, 0.30)
[gmrf_wind_mapping_node-2] --> MAP did not converge after 1 iterations.
[gmrf_wind_mapping_node-2] [GMRF] MAP Mean value estimated in 9.76554 milliseconds
[gmrf_wind_mapping_node-2] --> MAP did not converge after 1 iterations.
[gmrf_wind_mapping_node-2] [GMRF] MAP Mean value estimated in 9.76398 milliseconds
[gmrf_wind_mapping_node-2] --> MAP did not converge after 1 iterations.
[gmrf_wind_mapping_node-2] [GMRF] MAP Mean value estimated in 9.76152 milliseconds
[gmrf_wind_mapping_node-2] --> MAP did not converge after 1 iterations.
[gmrf_wind_mapping_node-2] [GMRF] MAP Mean value estimated in 9.75908 milliseconds
[gmrf_wind_mapping_node-2] --> MAP did not converge after 1 iterations.
[gmrf_wind_mapping_node-2] [GMRF] MAP Mean value estimated in 9.75575 milliseconds
[gmrf_wind_mapping_node-2] --> MAP did not converge after 1 iterations.
[gmrf_wind_mapping_node-2] [GMRF] MAP Mean value estimated in 9.75685 milliseconds
[gmrf_wind_mapping_node-2] --> MAP did not converge after 1 iterations.
[gmrf_wind_mapping_node-2] [GMRF] MAP Mean value estimated in 9.7606 milliseconds
[gmrf_wind_mapping_node-2] --> MAP did not converge after 1 iterations.
[gmrf_wind_mapping_node-2] [GMRF] MAP Mean value estimated in 9.75816 milliseconds
[gmrf_wind_mapping_node-2] --> MAP did not converge after 1 iterations.
[gmrf_wind_mapping_node-2] [GMRF] MAP Mean value estimated in 9.75661 milliseconds
[gmrf_wind_mapping_node-2] --> MAP did not converge after 1 iterations.
[gmrf_wind_mapping_node-2] [GMRF] MAP Mean value estimated in 9.75419 milliseconds
[gmrf_wind_mapping_node-2] --> MAP did not converge after 1 iterations.
[gmrf_wind_mapping_node-2] [GMRF] MAP Mean value estimated in 9.75792 milliseconds
[gmrf_wind_mapping_node-2] --> MAP did not converge after 1 iterations.
[gmrf_wind_mapping_node-2] [GMRF] MAP Mean value estimated in 9.7555 milliseconds
[gsl_actionserver_node-3] [INFO] [1788859028.173091706] [GSL - Trace]: [32mEntering StopAndMeasure[0m
[gmrf_wind_mapping_node-2] --> MAP did not converge after 1 iterations.
[gmrf_wind_mapping_node-2] [GMRF] MAP Mean value estimated in 9.75923 milliseconds
[gmrf_wind_mapping_node-2] --> MAP did not converge after 1 iterations.
[gmrf_wind_mapping_node-2] [GMRF] MAP Mean value estimated in 9.7568 milliseconds
[gmrf_wind_mapping_node-2] --> MAP did not converge after 1 iterations.
[gmrf_wind_mapping_node-2] [GMRF] MAP Mean value estimated in 9.75439 milliseconds
[gmrf_wind_mapping_node-2] --> MAP did not converge after 1 iterations.
[gmrf_wind_mapping_node-2] [GMRF] MAP Mean value estimated in 9.7511 milliseconds
[gmrf_wind_mapping_node-2] --> MAP did not converge after 1 iterations.
[gmrf_wind_mapping_node-2] [GMRF] MAP Mean value estimated in 9.75394 milliseconds
[gmrf_wind_mapping_node-2] --> MAP did not converge after 1 iterations.
[gmrf_wind_mapping_node-2] [GMRF] MAP Mean value estimated in 9.75241 milliseconds
[gmrf_wind_mapping_node-2] --> MAP did not converge after 1 iterations.
[gmrf_wind_mapping_node-2] [GMRF] MAP Mean value estimated in 9.75524 milliseconds
[gmrf_wind_mapping_node-2] --> MAP did not converge after 1 iterations.
[gmrf_wind_mapping_node-2] [GMRF] MAP Mean value estimated in 9.75371 milliseconds
[gmrf_wind_mapping_node-2] --> MAP did not converge after 1 iterations.
[gmrf_wind_mapping_node-2] [GMRF] MAP Mean value estimated in 9.75131 milliseconds
[gmrf_wind_mapping_node-2] --> MAP did not converge after 1 iterations.
[gmrf_wind_mapping_node-2] [GMRF] MAP Mean value estimated in 9.74891 milliseconds
[gmrf_wind_mapping_node-2] --> MAP did not converge after 1 iterations.
[gmrf_wind_mapping_node-2] [GMRF] MAP Mean value estimated in 9.75261 milliseconds
[gmrf_wind_mapping_node-2] --> MAP did not converge after 1 iterations.
[gmrf_wind_mapping_node-2] [GMRF] MAP Mean value estimated in 9.74935 milliseconds
[gmrf_wind_mapping_node-2] --> MAP did not converge after 1 iterations.
[gmrf_wind_mapping_node-2] [GMRF] MAP Mean value estimated in 9.7513 milliseconds
[gmrf_wind_mapping_node-2] --> MAP did not converge after 1 iterations.
[gmrf_wind_mapping_node-2] [GMRF] MAP Mean value estimated in 9.75065 milliseconds
[gmrf_wind_mapping_node-2] --> MAP did not converge after 1 iterations.
[gmrf_wind_mapping_node-2] [GMRF] MAP Mean value estimated in 9.75087 milliseconds
[gmrf_wind_mapping_node-2] --> MAP did not converge after 1 iterations.
[gmrf_wind_mapping_node-2] [GMRF] MAP Mean value estimated in 9.74935 milliseconds
[gmrf_wind_mapping_node-2] --> MAP did not converge after 1 iterations.
[gmrf_wind_mapping_node-2] [GMRF] MAP Mean value estimated in 9.75303 milliseconds
[gmrf_wind_mapping_node-2] --> MAP did not converge after 1 iterations.
[gmrf_wind_mapping_node-2] [GMRF] MAP Mean value estimated in 9.75065 milliseconds
[gmrf_wind_mapping_node-2] --> MAP did not converge after 1 iterations.
[gmrf_wind_mapping_node-2] [GMRF] MAP Mean value estimated in 9.75346 milliseconds
[gsl_actionserver_node-3] [INFO] [1788859030.121766592] [GSL]: 10 gas measurements, 10 wind measurements over 1.95 seconds
[gsl_actionserver_node-3] [INFO] [1788859030.121809495] [GSL]: avg_gas=0.15;  avg_windSpeed=0.76;  avg_wind_dir=1.2
[gsl_actionserver_node-3] [INFO] [1788859030.122307158] [GSL]: [33mGAS HIT[0m
[gsl_actionserver_node-3] [INFO] [1788859030.122316862] [GSL]: [DEBUG-WIND] useGroundTruth=false gmrf_req_size=626 gaden_req_size=-1
[gsl_actionserver_node-3] [INFO] [1788859030.122323192] [GSL]: [DEBUG-WIND] Taking GMRF path
[gsl_actionserver_node-3] [INFO] [1788859030.123782996] [GSL - Trace]: [32mEntering StopAndMeasure[0m
[gmrf_wind_mapping_node-2] --> MAP did not converge after 1 iterations.
[gmrf_wind_mapping_node-2] [GMRF] MAP Mean value estimated in 9.75194 milliseconds
[gmrf_wind_mapping_node-2] --> MAP did not converge after 1 iterations.
[gmrf_wind_mapping_node-2] [GMRF] MAP Mean value estimated in 9.75216 milliseconds
[gmrf_wind_mapping_node-2] --> MAP did not converge after 1 iterations.
[gmrf_wind_mapping_node-2] [GMRF] MAP Mean value estimated in 9.74978 milliseconds
[gmrf_wind_mapping_node-2] --> MAP did not converge after 1 iterations.
[gmrf_wind_mapping_node-2] [GMRF] MAP Mean value estimated in 9.74828 milliseconds
[gmrf_wind_mapping_node-2] --> MAP did not converge after 1 iterations.
[gmrf_wind_mapping_node-2] [GMRF] MAP Mean value estimated in 9.74677 milliseconds
[gmrf_wind_mapping_node-2] --> MAP did not converge after 1 iterations.
[gmrf_wind_mapping_node-2] [GMRF] MAP Mean value estimated in 9.75129 milliseconds
[gmrf_wind_mapping_node-2] --> MAP did not converge after 1 iterations.
[gmrf_wind_mapping_node-2] [GMRF] MAP Mean value estimated in 9.74893 milliseconds
[gmrf_wind_mapping_node-2] --> MAP did not converge after 1 iterations.
[gmrf_wind_mapping_node-2] [GMRF] MAP Mean value estimated in 9.75086 milliseconds
[gmrf_wind_mapping_node-2] --> MAP did not converge after 1 iterations.
[gmrf_wind_mapping_node-2] [GMRF] MAP Mean value estimated in 9.7485 milliseconds
[gmrf_wind_mapping_node-2] --> MAP did not converge after 1 iterations.
[gmrf_wind_mapping_node-2] [GMRF] MAP Mean value estimated in 9.747 milliseconds
[gmrf_wind_mapping_node-2] --> MAP did not converge after 1 iterations.
[gmrf_wind_mapping_node-2] [GMRF] MAP Mean value estimated in 9.74722 milliseconds
[gmrf_wind_mapping_node-2] --> MAP did not converge after 1 iterations.
[gmrf_wind_mapping_node-2] [GMRF] MAP Mean value estimated in 9.75 milliseconds
[gmrf_wind_mapping_node-2] --> MAP did not converge after 1 iterations.
[gmrf_wind_mapping_node-2] [GMRF] MAP Mean value estimated in 9.74679 milliseconds
[gmrf_wind_mapping_node-2] --> MAP did not converge after 1 iterations.
[gmrf_wind_mapping_node-2] [GMRF] MAP Mean value estimated in 9.74957 milliseconds
[gmrf_wind_mapping_node-2] --> MAP did not converge after 1 iterations.
[gmrf_wind_mapping_node-2] [GMRF] MAP Mean value estimated in 9.74893 milliseconds
[gmrf_wind_mapping_node-2] --> MAP did not converge after 1 iterations.
[gmrf_wind_mapping_node-2] [GMRF] MAP Mean value estimated in 9.75427 milliseconds
[gmrf_wind_mapping_node-2] --> MAP did not converge after 1 iterations.
[gmrf_wind_mapping_node-2] [GMRF] MAP Mean value estimated in 9.75277 milliseconds
[gmrf_wind_mapping_node-2] --> MAP did not converge after 1 iterations.
[gmrf_wind_mapping_node-2] [GMRF] MAP Mean value estimated in 9.75468 milliseconds
[gmrf_wind_mapping_node-2] --> MAP did not converge after 1 iterations.
[gmrf_wind_mapping_node-2] [GMRF] MAP Mean value estimated in 9.75234 milliseconds
[gmrf_wind_mapping_node-2] --> MAP did not converge after 1 iterations.
[gmrf_wind_mapping_node-2] [GMRF] MAP Mean value estimated in 9.75425 milliseconds
[gsl_actionserver_node-3] [INFO] [1788859032.121719523] [GSL]: 10 gas measurements, 10 wind measurements over 2.00 seconds
[gsl_actionserver_node-3] [INFO] [1788859032.121803109] [GSL]: avg_gas=0.13;  avg_windSpeed=0.9;  avg_wind_dir=1.5
[gsl_actionserver_node-3] [INFO] [1788859032.122517446] [GSL]: [33mGAS HIT[0m
[gsl_actionserver_node-3] [INFO] [1788859032.122531097] [GSL]: [DEBUG-WIND] useGroundTruth=false gmrf_req_size=626 gaden_req_size=-1
[gsl_actionserver_node-3] [INFO] [1788859032.122539629] [GSL]: [DEBUG-WIND] Taking GMRF path
[gsl_actionserver_node-3] [INFO] [1788859032.123875162] [GSL - Trace]: [32mEntering StopAndMeasure[0m
[gmrf_wind_mapping_node-2] --> MAP did not converge after 1 iterations.
[gmrf_wind_mapping_node-2] [GMRF] MAP Mean value estimated in 9.75276 milliseconds
[gmrf_wind_mapping_node-2] --> MAP did not converge after 1 iterations.
[gmrf_wind_mapping_node-2] [GMRF] MAP Mean value estimated in 9.75552 milliseconds
[gmrf_wind_mapping_node-2] --> MAP did not converge after 1 iterations.
[gmrf_wind_mapping_node-2] [GMRF] MAP Mean value estimated in 9.75318 milliseconds
[gmrf_wind_mapping_node-2] --> MAP did not converge after 1 iterations.
[gmrf_wind_mapping_node-2] [GMRF] MAP Mean value estimated in 9.75678 milliseconds
[gmrf_wind_mapping_node-2] --> MAP did not converge after 1 iterations.
[gmrf_wind_mapping_node-2] [GMRF] MAP Mean value estimated in 9.75953 milliseconds
[gmrf_wind_mapping_node-2] --> MAP did not converge after 1 iterations.
[gmrf_wind_mapping_node-2] [GMRF] MAP Mean value estimated in 9.75973 milliseconds
[gmrf_wind_mapping_node-2] --> MAP did not converge after 1 iterations.
[gmrf_wind_mapping_node-2] [GMRF] MAP Mean value estimated in 9.75824 milliseconds
[gmrf_wind_mapping_node-2] --> MAP did not converge after 1 iterations.
[gmrf_wind_mapping_node-2] [GMRF] MAP Mean value estimated in 9.76351 milliseconds
[gmrf_wind_mapping_node-2] --> MAP did not converge after 1 iterations.
[gmrf_wind_mapping_node-2] [GMRF] MAP Mean value estimated in 9.76034 milliseconds
[gmrf_wind_mapping_node-2] --> MAP did not converge after 1 iterations.
[gmrf_wind_mapping_node-2] [GMRF] MAP Mean value estimated in 9.76476 milliseconds
[gmrf_wind_mapping_node-2] --> MAP did not converge after 1 iterations.
[gmrf_wind_mapping_node-2] [GMRF] MAP Mean value estimated in 9.7658 milliseconds
[gmrf_wind_mapping_node-2] --> MAP did not converge after 1 iterations.
[gmrf_wind_mapping_node-2] [GMRF] MAP Mean value estimated in 9.77104 milliseconds
[gmrf_wind_mapping_node-2] --> MAP did not converge after 1 iterations.
[gmrf_wind_mapping_node-2] [GMRF] MAP Mean value estimated in 9.76955 milliseconds
[gmrf_wind_mapping_node-2] --> MAP did not converge after 1 iterations.
[gmrf_wind_mapping_node-2] [GMRF] MAP Mean value estimated in 9.77479 milliseconds
[gmrf_wind_mapping_node-2] --> MAP did not converge after 1 iterations.
[gmrf_wind_mapping_node-2] [GMRF] MAP Mean value estimated in 9.7733 milliseconds
[gmrf_wind_mapping_node-2] --> MAP did not converge after 1 iterations.
[gmrf_wind_mapping_node-2] [GMRF] MAP Mean value estimated in 9.77517 milliseconds
[gmrf_wind_mapping_node-2] --> MAP did not converge after 1 iterations.
[gmrf_wind_mapping_node-2] [GMRF] MAP Mean value estimated in 9.77284 milliseconds
[gmrf_wind_mapping_node-2] --> MAP did not converge after 1 iterations.
[gmrf_wind_mapping_node-2] [GMRF] MAP Mean value estimated in 9.77889 milliseconds
[gmrf_wind_mapping_node-2] --> MAP did not converge after 1 iterations.
[gmrf_wind_mapping_node-2] [GMRF] MAP Mean value estimated in 9.77657 milliseconds
[gmrf_wind_mapping_node-2] --> MAP did not converge after 1 iterations.
[gmrf_wind_mapping_node-2] [GMRF] MAP Mean value estimated in 9.78094 milliseconds
[gsl_actionserver_node-3] [INFO] [1788859034.121680780] [GSL]: 10 gas measurements, 10 wind measurements over 2.00 seconds
[gsl_actionserver_node-3] [INFO] [1788859034.121743784] [GSL]: avg_gas=0.15;  avg_windSpeed=0.76;  avg_wind_dir=1.2
[gsl_actionserver_node-3] [INFO] [1788859034.122290571] [GSL]: [33mGAS HIT[0m
[gsl_actionserver_node-3] [INFO] [1788859034.122301104] [GSL]: [DEBUG-WIND] useGroundTruth=false gmrf_req_size=626 gaden_req_size=-1
[gsl_actionserver_node-3] [INFO] [1788859034.122307621] [GSL]: [DEBUG-WIND] Taking GMRF path
[gsl_actionserver_node-3] [INFO] [1788859034.124169376] [GSL - Trace]: [32mEntering StopAndMeasure[0m
[gmrf_wind_mapping_node-2] --> MAP did not converge after 1 iterations.
[gmrf_wind_mapping_node-2] [GMRF] MAP Mean value estimated in 9.78028 milliseconds
[gmrf_wind_mapping_node-2] --> MAP did not converge after 1 iterations.
[gmrf_wind_mapping_node-2] [GMRF] MAP Mean value estimated in 9.78464 milliseconds
[gmrf_wind_mapping_node-2] --> MAP did not converge after 1 iterations.
[gmrf_wind_mapping_node-2] [GMRF] MAP Mean value estimated in 9.78315 milliseconds
[gmrf_wind_mapping_node-2] --> MAP did not converge after 1 iterations.
[gmrf_wind_mapping_node-2] [GMRF] MAP Mean value estimated in 9.7875 milliseconds
[gmrf_wind_mapping_node-2] --> MAP did not converge after 1 iterations.
[gmrf_wind_mapping_node-2] [GMRF] MAP Mean value estimated in 9.78851 milliseconds
[gmrf_wind_mapping_node-2] --> MAP did not converge after 1 iterations.
[gmrf_wind_mapping_node-2] [GMRF] MAP Mean value estimated in 9.79035 milliseconds
[gmrf_wind_mapping_node-2] --> MAP did not converge after 1 iterations.
[gmrf_wind_mapping_node-2] [GMRF] MAP Mean value estimated in 9.78969 milliseconds
[gmrf_wind_mapping_node-2] --> MAP did not converge after 1 iterations.
[gmrf_wind_mapping_node-2] [GMRF] MAP Mean value estimated in 9.79402 milliseconds
[gmrf_wind_mapping_node-2] --> MAP did not converge after 1 iterations.
[gmrf_wind_mapping_node-2] [GMRF] MAP Mean value estimated in 9.79253 milliseconds
[gmrf_wind_mapping_node-2] --> MAP did not converge after 1 iterations.
[gmrf_wind_mapping_node-2] [GMRF] MAP Mean value estimated in 9.78939 milliseconds
[gmrf_wind_mapping_node-2] --> MAP did not converge after 1 iterations.
[gmrf_wind_mapping_node-2] [GMRF] MAP Mean value estimated in 9.7879 milliseconds
[gmrf_wind_mapping_node-2] --> MAP did not converge after 1 iterations.
[gmrf_wind_mapping_node-2] [GMRF] MAP Mean value estimated in 9.79056 milliseconds
[gmrf_wind_mapping_node-2] --> MAP did not converge after 1 iterations.
[gmrf_wind_mapping_node-2] [GMRF] MAP Mean value estimated in 9.79322 milliseconds
[gmrf_wind_mapping_node-2] --> MAP did not converge after 1 iterations.
[gmrf_wind_mapping_node-2] [GMRF] MAP Mean value estimated in 9.79669 milliseconds
[gmrf_wind_mapping_node-2] --> MAP did not converge after 1 iterations.
[gmrf_wind_mapping_node-2] [GMRF] MAP Mean value estimated in 9.79521 milliseconds
[gmrf_wind_mapping_node-2] --> MAP did not converge after 1 iterations.
[gmrf_wind_mapping_node-2] [GMRF] MAP Mean value estimated in 9.79785 milliseconds
[gmrf_wind_mapping_node-2] --> MAP did not converge after 1 iterations.
[gmrf_wind_mapping_node-2] [GMRF] MAP Mean value estimated in 9.79555 milliseconds
[gmrf_wind_mapping_node-2] --> MAP did not converge after 1 iterations.
[gmrf_wind_mapping_node-2] [GMRF] MAP Mean value estimated in 9.79984 milliseconds
[gmrf_wind_mapping_node-2] --> MAP did not converge after 1 iterations.
[gmrf_wind_mapping_node-2] [GMRF] MAP Mean value estimated in 9.80082 milliseconds
[gmrf_wind_mapping_node-2] --> MAP did not converge after 1 iterations.
[gmrf_wind_mapping_node-2] [GMRF] MAP Mean value estimated in 9.80181 milliseconds
[gsl_actionserver_node-3] [INFO] [1788859036.121742068] [GSL]: 10 gas measurements, 10 wind measurements over 2.00 seconds
[gsl_actionserver_node-3] [INFO] [1788859036.121810035] [GSL]: avg_gas=0.13;  avg_windSpeed=0.9;  avg_wind_dir=1.5
[gsl_actionserver_node-3] [INFO] [1788859036.122555205] [GSL]: [33mGAS HIT[0m
[gsl_actionserver_node-3] [INFO] [1788859036.122570371] [GSL]: [DEBUG-WIND] useGroundTruth=false gmrf_req_size=626 gaden_req_size=-1
[gsl_actionserver_node-3] [INFO] [1788859036.122580018] [GSL]: [DEBUG-WIND] Taking GMRF path
[gsl_actionserver_node-3] [INFO] [1788859036.123907614] [GSL - Trace]: [32mEntering StopAndMeasure[0m
[gmrf_wind_mapping_node-2] --> MAP did not converge after 1 iterations.
[gmrf_wind_mapping_node-2] [GMRF] MAP Mean value estimated in 9.80033 milliseconds
[gmrf_wind_mapping_node-2] --> MAP did not converge after 1 iterations.
[gmrf_wind_mapping_node-2] [GMRF] MAP Mean value estimated in 9.8046 milliseconds
[gmrf_wind_mapping_node-2] --> MAP did not converge after 1 iterations.
[gmrf_wind_mapping_node-2] [GMRF] MAP Mean value estimated in 9.8064 milliseconds
[gmrf_wind_mapping_node-2] --> MAP did not converge after 1 iterations.
[gmrf_wind_mapping_node-2] [GMRF] MAP Mean value estimated in 9.80902 milliseconds
[gmrf_wind_mapping_node-2] --> MAP did not converge after 1 iterations.
[gmrf_wind_mapping_node-2] [GMRF] MAP Mean value estimated in 9.80835 milliseconds
[gmrf_wind_mapping_node-2] --> MAP did not converge after 1 iterations.
[gmrf_wind_mapping_node-2] [GMRF] MAP Mean value estimated in 9.81178 milliseconds
[gmrf_wind_mapping_node-2] --> MAP did not converge after 1 iterations.
[gmrf_wind_mapping_node-2] [GMRF] MAP Mean value estimated in 9.80867 milliseconds
[gmrf_wind_mapping_node-2] --> MAP did not converge after 1 iterations.
[gmrf_wind_mapping_node-2] [GMRF] MAP Mean value estimated in 9.81373 milliseconds
[gmrf_wind_mapping_node-2] --> MAP did not converge after 1 iterations.
[gmrf_wind_mapping_node-2] [GMRF] MAP Mean value estimated in 9.81306 milliseconds
[gmrf_wind_mapping_node-2] --> MAP did not converge after 1 iterations.
[gmrf_wind_mapping_node-2] [GMRF] MAP Mean value estimated in 9.81566 milliseconds
[gmrf_wind_mapping_node-2] --> MAP did not converge after 1 iterations.
[gmrf_wind_mapping_node-2] [GMRF] MAP Mean value estimated in 9.81581 milliseconds
[gmrf_wind_mapping_node-2] --> MAP did not converge after 1 iterations.
[gmrf_wind_mapping_node-2] [GMRF] MAP Mean value estimated in 9.8184 milliseconds
[gmrf_wind_mapping_node-2] --> MAP did not converge after 1 iterations.
[gmrf_wind_mapping_node-2] [GMRF] MAP Mean value estimated in 9.81937 milliseconds
[gmrf_wind_mapping_node-2] --> MAP did not converge after 1 iterations.
[gmrf_wind_mapping_node-2] [GMRF] MAP Mean value estimated in 9.82358 milliseconds
[gmrf_wind_mapping_node-2] --> MAP did not converge after 1 iterations.
[gmrf_wind_mapping_node-2] [GMRF] MAP Mean value estimated in 9.82372 milliseconds
[gmrf_wind_mapping_node-2] --> MAP did not converge after 1 iterations.
[gmrf_wind_mapping_node-2] [GMRF] MAP Mean value estimated in 9.82711 milliseconds
[gmrf_wind_mapping_node-2] --> MAP did not converge after 1 iterations.
[gmrf_wind_mapping_node-2] [GMRF] MAP Mean value estimated in 9.82482 milliseconds
[gmrf_wind_mapping_node-2] --> MAP did not converge after 1 iterations.
[gmrf_wind_mapping_node-2] [GMRF] MAP Mean value estimated in 9.82901 milliseconds
[gmrf_wind_mapping_node-2] --> MAP did not converge after 1 iterations.
[gmrf_wind_mapping_node-2] [GMRF] MAP Mean value estimated in 9.82672 milliseconds
[gmrf_wind_mapping_node-2] --> MAP did not converge after 1 iterations.
[gmrf_wind_mapping_node-2] [GMRF] MAP Mean value estimated in 9.82929 milliseconds
[gsl_actionserver_node-3] [INFO] [1788859038.121727055] [GSL]: 10 gas measurements, 10 wind measurements over 2.00 seconds
[gsl_actionserver_node-3] [INFO] [1788859038.121786650] [GSL]: avg_gas=0.13;  avg_windSpeed=0.76;  avg_wind_dir=1.2
[gsl_actionserver_node-3] [INFO] [1788859038.122281000] [GSL]: [33mGAS HIT[0m
[gsl_actionserver_node-3] [INFO] [1788859038.122291849] [GSL]: [DEBUG-WIND] useGroundTruth=false gmrf_req_size=626 gaden_req_size=-1
[gsl_actionserver_node-3] [INFO] [1788859038.122298382] [GSL]: [DEBUG-WIND] Taking GMRF path
[gsl_actionserver_node-3] [INFO] [1788859038.123776810] [GSL - Trace]: [32mEntering StopAndMeasure[0m
[gmrf_wind_mapping_node-2] --> MAP did not converge after 1 iterations.
[gmrf_wind_mapping_node-2] [GMRF] MAP Mean value estimated in 9.82781 milliseconds
[gmrf_wind_mapping_node-2] --> MAP did not converge after 1 iterations.
[gmrf_wind_mapping_node-2] [GMRF] MAP Mean value estimated in 9.82956 milliseconds
[gmrf_wind_mapping_node-2] --> MAP did not converge after 1 iterations.
[gmrf_wind_mapping_node-2] [GMRF] MAP Mean value estimated in 9.83051 milliseconds
[gmrf_wind_mapping_node-2] --> MAP did not converge after 1 iterations.
[gmrf_wind_mapping_node-2] [GMRF] MAP Mean value estimated in 9.83468 milliseconds
[gmrf_wind_mapping_node-2] --> MAP did not converge after 1 iterations.
[gmrf_wind_mapping_node-2] [GMRF] MAP Mean value estimated in 9.83723 milliseconds
[gmrf_wind_mapping_node-2] --> MAP did not converge after 1 iterations.
[gmrf_wind_mapping_node-2] [GMRF] MAP Mean value estimated in 9.84058 milliseconds
[gmrf_wind_mapping_node-2] --> MAP did not converge after 1 iterations.
[gmrf_wind_mapping_node-2] [GMRF] MAP Mean value estimated in 9.83829 milliseconds
[gmrf_wind_mapping_node-2] --> MAP did not converge after 1 iterations.
[gmrf_wind_mapping_node-2] [GMRF] MAP Mean value estimated in 9.83601 milliseconds
[gmrf_wind_mapping_node-2] --> MAP did not converge after 1 iterations.
[gmrf_wind_mapping_node-2] [GMRF] MAP Mean value estimated in 9.83534 milliseconds
[gmrf_wind_mapping_node-2] --> MAP did not converge after 1 iterations.
[gmrf_wind_mapping_node-2] [GMRF] MAP Mean value estimated in 9.83949 milliseconds
[gmrf_wind_mapping_node-2] --> MAP did not converge after 1 iterations.
[gmrf_wind_mapping_node-2] [GMRF] MAP Mean value estimated in 9.83801 milliseconds
[gmrf_wind_mapping_node-2] --> MAP did not converge after 1 iterations.
[gmrf_wind_mapping_node-2] [GMRF] MAP Mean value estimated in 9.83814 milliseconds
[gmrf_wind_mapping_node-2] --> MAP did not converge after 1 iterations.
[gmrf_wind_mapping_node-2] [GMRF] MAP Mean value estimated in 9.83907 milliseconds
[gmrf_wind_mapping_node-2] --> MAP did not converge after 1 iterations.
[gmrf_wind_mapping_node-2] [GMRF] MAP Mean value estimated in 9.8432 milliseconds
[gmrf_wind_mapping_node-2] --> MAP did not converge after 1 iterations.
[gmrf_wind_mapping_node-2] [GMRF] MAP Mean value estimated in 9.84093 milliseconds
[gmrf_wind_mapping_node-2] --> MAP did not converge after 1 iterations.
[gmrf_wind_mapping_node-2] [GMRF] MAP Mean value estimated in 9.84345 milliseconds
[gmrf_wind_mapping_node-2] --> MAP did not converge after 1 iterations.
[gmrf_wind_mapping_node-2] [GMRF] MAP Mean value estimated in 9.84198 milliseconds
[gmrf_wind_mapping_node-2] --> MAP did not converge after 1 iterations.
[gmrf_wind_mapping_node-2] [GMRF] MAP Mean value estimated in 9.83971 milliseconds
[gmrf_wind_mapping_node-2] --> MAP did not converge after 1 iterations.
[gmrf_wind_mapping_node-2] [GMRF] MAP Mean value estimated in 9.83984 milliseconds
[gmrf_wind_mapping_node-2] --> MAP did not converge after 1 iterations.
[gmrf_wind_mapping_node-2] [GMRF] MAP Mean value estimated in 9.84315 milliseconds
[gsl_actionserver_node-3] [INFO] [1788859040.121837844] [GSL]: 10 gas measurements, 10 wind measurements over 2.00 seconds
[gsl_actionserver_node-3] [INFO] [1788859040.122307466] [GSL]: avg_gas=0.15;  avg_windSpeed=0.9;  avg_wind_dir=1.5
[gsl_actionserver_node-3] [INFO] [1788859040.122932820] [GSL]: [33mGAS HIT[0m
[gsl_actionserver_node-3] [INFO] [1788859040.122945017] [GSL]: [DEBUG-WIND] useGroundTruth=false gmrf_req_size=626 gaden_req_size=-1
[gsl_actionserver_node-3] [INFO] [1788859040.122952762] [GSL]: [DEBUG-WIND] Taking GMRF path
[gsl_actionserver_node-3] [INFO] [1788859040.124037025] [GSL - Trace]: [32mEntering StopAndMeasure[0m
[gmrf_wind_mapping_node-2] --> MAP did not converge after 1 iterations.
[gmrf_wind_mapping_node-2] [GMRF] MAP Mean value estimated in 9.84089 milliseconds
[gmrf_wind_mapping_node-2] --> MAP did not converge after 1 iterations.
[gmrf_wind_mapping_node-2] [GMRF] MAP Mean value estimated in 9.84022 milliseconds
[gmrf_wind_mapping_node-2] --> MAP did not converge after 1 iterations.
[gmrf_wind_mapping_node-2] [GMRF] MAP Mean value estimated in 9.83956 milliseconds
[gmrf_wind_mapping_node-2] --> MAP did not converge after 1 iterations.
[gmrf_wind_mapping_node-2] [GMRF] MAP Mean value estimated in 9.83889 milliseconds
[gmrf_wind_mapping_node-2] --> MAP did not converge after 1 iterations.
[gmrf_wind_mapping_node-2] [GMRF] MAP Mean value estimated in 9.83743 milliseconds
[gmrf_wind_mapping_node-2] --> MAP did not converge after 1 iterations.
[gmrf_wind_mapping_node-2] [GMRF] MAP Mean value estimated in 9.83518 milliseconds
[gmrf_wind_mapping_node-2] --> MAP did not converge after 1 iterations.
[gmrf_wind_mapping_node-2] [GMRF] MAP Mean value estimated in 9.83294 milliseconds
[gmrf_wind_mapping_node-2] --> MAP did not converge after 1 iterations.
[gmrf_wind_mapping_node-2] [GMRF] MAP Mean value estimated in 9.8307 milliseconds
[gmrf_wind_mapping_node-2] --> MAP did not converge after 1 iterations.
[gmrf_wind_mapping_node-2] [GMRF] MAP Mean value estimated in 9.82925 milliseconds
[gmrf_wind_mapping_node-2] --> MAP did not converge after 1 iterations.
[gmrf_wind_mapping_node-2] [GMRF] MAP Mean value estimated in 9.83017 milliseconds
[gmrf_wind_mapping_node-2] --> MAP did not converge after 1 iterations.
[gmrf_wind_mapping_node-2] [GMRF] MAP Mean value estimated in 9.82952 milliseconds
[gmrf_wind_mapping_node-2] --> MAP did not converge after 1 iterations.
[gmrf_wind_mapping_node-2] [GMRF] MAP Mean value estimated in 9.82729 milliseconds
[gmrf_wind_mapping_node-2] --> MAP did not converge after 1 iterations.
[gmrf_wind_mapping_node-2] [GMRF] MAP Mean value estimated in 9.82742 milliseconds
[gmrf_wind_mapping_node-2] --> MAP did not converge after 1 iterations.
[gmrf_wind_mapping_node-2] [GMRF] MAP Mean value estimated in 9.8315 milliseconds
[gmrf_wind_mapping_node-2] --> MAP did not converge after 1 iterations.
[gmrf_wind_mapping_node-2] [GMRF] MAP Mean value estimated in 9.83084 milliseconds
[gmrf_wind_mapping_node-2] --> MAP did not converge after 1 iterations.
[gmrf_wind_mapping_node-2] [GMRF] MAP Mean value estimated in 9.83491 milliseconds
[gmrf_wind_mapping_node-2] --> MAP did not converge after 1 iterations.
[gmrf_wind_mapping_node-2] [GMRF] MAP Mean value estimated in 9.83268 milliseconds
[gmrf_wind_mapping_node-2] --> MAP did not converge after 1 iterations.
[gmrf_wind_mapping_node-2] [GMRF] MAP Mean value estimated in 9.83124 milliseconds
[gmrf_wind_mapping_node-2] --> MAP did not converge after 1 iterations.
[gmrf_wind_mapping_node-2] [GMRF] MAP Mean value estimated in 9.83059 milliseconds
[gmrf_wind_mapping_node-2] --> MAP did not converge after 1 iterations.
[gmrf_wind_mapping_node-2] [GMRF] MAP Mean value estimated in 9.83464 milliseconds
[gsl_actionserver_node-3] [INFO] [1788859042.121961701] [GSL]: 10 gas measurements, 10 wind measurements over 2.00 seconds
[gsl_actionserver_node-3] [INFO] [1788859042.122171864] [GSL]: avg_gas=0.15;  avg_windSpeed=0.76;  avg_wind_dir=1.2
[gsl_actionserver_node-3] [INFO] [1788859042.123051584] [GSL]: [33mGAS HIT[0m
[gsl_actionserver_node-3] [INFO] [1788859042.123067375] [GSL]: [DEBUG-WIND] useGroundTruth=false gmrf_req_size=626 gaden_req_size=-1
[gsl_actionserver_node-3] [INFO] [1788859042.123083301] [GSL]: [DEBUG-WIND] Taking GMRF path
[gsl_actionserver_node-3] [INFO] [1788859042.123843590] [GSL - Trace]: [32mEntering StopAndMeasure[0m
[gmrf_wind_mapping_node-2] --> MAP did not converge after 1 iterations.
[gmrf_wind_mapping_node-2] [GMRF] MAP Mean value estimated in 9.83477 milliseconds
[gmrf_wind_mapping_node-2] --> MAP did not converge after 1 iterations.
[gmrf_wind_mapping_node-2] [GMRF] MAP Mean value estimated in 9.83255 milliseconds
[gmrf_wind_mapping_node-2] --> MAP did not converge after 1 iterations.
[gmrf_wind_mapping_node-2] [GMRF] MAP Mean value estimated in 9.83112 milliseconds
[gmrf_wind_mapping_node-2] --> MAP did not converge after 1 iterations.
[gmrf_wind_mapping_node-2] [GMRF] MAP Mean value estimated in 9.83359 milliseconds
[gmrf_wind_mapping_node-2] --> MAP did not converge after 1 iterations.
[gmrf_wind_mapping_node-2] [GMRF] MAP Mean value estimated in 9.83216 milliseconds
[gmrf_wind_mapping_node-2] --> MAP did not converge after 1 iterations.
[gmrf_wind_mapping_node-2] [GMRF] MAP Mean value estimated in 9.83463 milliseconds
[gmrf_wind_mapping_node-2] --> MAP did not converge after 1 iterations.
[gmrf_wind_mapping_node-2] [GMRF] MAP Mean value estimated in 9.8332 milliseconds
[gmrf_wind_mapping_node-2] --> MAP did not converge after 1 iterations.
[gmrf_wind_mapping_node-2] [GMRF] MAP Mean value estimated in 9.83411 milliseconds
[gmrf_wind_mapping_node-2] --> MAP did not converge after 1 iterations.
[gmrf_wind_mapping_node-2] [GMRF] MAP Mean value estimated in 9.83268 milliseconds
[gmrf_wind_mapping_node-2] --> MAP did not converge after 1 iterations.
[gmrf_wind_mapping_node-2] [GMRF] MAP Mean value estimated in 9.83515 milliseconds
[gmrf_wind_mapping_node-2] --> MAP did not converge after 1 iterations.
[gmrf_wind_mapping_node-2] [GMRF] MAP Mean value estimated in 9.83528 milliseconds
[gmrf_wind_mapping_node-2] --> MAP did not converge after 1 iterations.
[gmrf_wind_mapping_node-2] [GMRF] MAP Mean value estimated in 9.83307 milliseconds
[gmrf_wind_mapping_node-2] --> MAP did not converge after 1 iterations.
[gmrf_wind_mapping_node-2] [GMRF] MAP Mean value estimated in 9.83476 milliseconds
[gmrf_wind_mapping_node-2] --> MAP did not converge after 1 iterations.
[gmrf_wind_mapping_node-2] [GMRF] MAP Mean value estimated in 9.83256 milliseconds
[gmrf_wind_mapping_node-2] --> MAP did not converge after 1 iterations.
[gmrf_wind_mapping_node-2] [GMRF] MAP Mean value estimated in 9.82959 milliseconds
[gmrf_wind_mapping_node-2] --> MAP did not converge after 1 iterations.
[gmrf_wind_mapping_node-2] [GMRF] MAP Mean value estimated in 9.8274 milliseconds
[gmrf_wind_mapping_node-2] --> MAP did not converge after 1 iterations.
[gmrf_wind_mapping_node-2] [GMRF] MAP Mean value estimated in 9.82521 milliseconds
[gmrf_wind_mapping_node-2] --> MAP did not converge after 1 iterations.
[gmrf_wind_mapping_node-2] [GMRF] MAP Mean value estimated in 9.82689 milliseconds
[gmrf_wind_mapping_node-2] --> MAP did not converge after 1 iterations.
[gmrf_wind_mapping_node-2] [GMRF] MAP Mean value estimated in 9.82625 milliseconds
[gmrf_wind_mapping_node-2] --> MAP did not converge after 1 iterations.
[gmrf_wind_mapping_node-2] [GMRF] MAP Mean value estimated in 9.82793 milliseconds
[gsl_actionserver_node-3] [INFO] [1788859044.121660030] [GSL]: 10 gas measurements, 10 wind measurements over 2.00 seconds
[gsl_actionserver_node-3] [INFO] [1788859044.122053866] [GSL]: avg_gas=0.16;  avg_windSpeed=0.9;  avg_wind_dir=1.5
[gsl_actionserver_node-3] [INFO] [1788859044.122722677] [GSL]: [33mGAS HIT[0m
[gsl_actionserver_node-3] [INFO] [1788859044.122734610] [GSL]: [DEBUG-WIND] useGroundTruth=false gmrf_req_size=626 gaden_req_size=-1
[gsl_actionserver_node-3] [INFO] [1788859044.122741478] [GSL]: [DEBUG-WIND] Taking GMRF path
[gsl_actionserver_node-3] [INFO] [1788859044.124286432] [GSL]: [33mStarted simulations. Might take a while![0m
[gmrf_wind_mapping_node-2] --> MAP did not converge after 1 iterations.
[gmrf_wind_mapping_node-2] [GMRF] MAP Mean value estimated in 9.82729 milliseconds
[gmrf_wind_mapping_node-2] --> MAP did not converge after 1 iterations.
[gmrf_wind_mapping_node-2] [GMRF] MAP Mean value estimated in 9.82974 milliseconds
[gsl_actionserver_node-3] [INFO] [1788859044.260849789] [GSL - Trace]: [32mFirst simulation level done[0m
[gsl_actionserver_node-3] [INFO] [1788859044.262804736] [GSL]: [RC2-DIAG] scores_size=74 refineFraction=0.25 refine_product=18.5 valid_first_level=74 sum_sourceProbInternal_before_norm=4.740887398518894e-06 min_sourceProbInternal_before_norm=0 max_sourceProbInternal_before_norm=1.9892102232750213e-06 finite_sourceProbInternal=1102 finite_varianceOfHitProb=1102
[gmrf_wind_mapping_node-2] --> MAP did not converge after 1 iterations.
[gmrf_wind_mapping_node-2] [GMRF] MAP Mean value estimated in 9.83218 milliseconds
[gsl_actionserver_node-3] [INFO] [1788859044.357141319] [GSL - Trace]: [32mSimulation level 2 done[0m
[gsl_actionserver_node-3] [INFO] [1788859044.422059952] [GSL - Trace]: [32mSimulation level 3 done[0m
[gmrf_wind_mapping_node-2] --> MAP did not converge after 1 iterations.
[gmrf_wind_mapping_node-2] [GMRF] MAP Mean value estimated in 9.83615 milliseconds
[gsl_actionserver_node-3] [INFO] [1788859044.447411711] [GSL - Trace]: [32mSimulation level 4 done[0m
[gsl_actionserver_node-3] [INFO] [1788859044.451342774] [GSL - Trace]: [32mSimulation level 5 done[0m
[gsl_actionserver_node-3] [INFO] [1788859044.451361364] [GSL]: Number of levels in the simulation: 5
[gsl_actionserver_node-3] [INFO] [1788859044.451369212] [GSL]: Total number of simulations: 168
[gsl_actionserver_node-3] [INFO] [1788859044.457016898] [GSL]: [RC2-DIAG] normalized_finite_count=1102 normalized_sum=1
[gsl_actionserver_node-3] [INFO] [1788859044.457235426] [GSL]: Time ellapsed in simulation = 0.33291491100000004 s
[gsl_actionserver_node-3] [INFO] [1788859044.465585894] [GSL]: Max mutual info: 1.978
[gsl_actionserver_node-3] [INFO] [1788859044.465986871] [GSL]: MutualInformation - Ellapsed: 0.009s
[vgr_sim_node-1] [WARN] [1788859044.469612767] [vgr_uav_sim]: PLAN_CB: called with goal=(-5.60,2.47)
[vgr_sim_node-1] [WARN] [1788859044.474815145] [vgr_uav_sim]: PLAN_CB: returning 5 poses
[vgr_sim_node-1] [WARN] [1788859044.502750352] [vgr_uav_sim]: PLAN_CB: called with goal=(-5.60,2.47)
[vgr_sim_node-1] [WARN] [1788859044.503930844] [vgr_uav_sim]: PLAN_CB: returning 5 poses
[gsl_actionserver_node-3] [INFO] [1788859044.517867135] [GSL]: Sending goal (-5.60, 2.47)
[gsl_actionserver_node-3] [INFO] [1788859044.518336873] [GSL]: Variance: 0.23
[gsl_actionserver_node-3] [INFO] [1788859044.518355879] [GSL - Trace]: [32mEntering Moving[0m
[vgr_sim_node-1] [INFO] [1788859044.519421239] [vgr_uav_sim]: Prepared 5 collision-free navigation waypoints to (-5.60, 2.47)
[vgr_sim_node-1] [INFO] [1788859044.520411538] [vgr_uav_sim]: UAV navigating in audited 2-D mode to (-5.60, 2.47, 0.30)
[gmrf_wind_mapping_node-2] --> MAP did not converge after 1 iterations.
[gmrf_wind_mapping_node-2] [GMRF] MAP Mean value estimated in 9.83397 milliseconds
[gmrf_wind_mapping_node-2] --> MAP did not converge after 1 iterations.
[gmrf_wind_mapping_node-2] [GMRF] MAP Mean value estimated in 9.83794 milliseconds
[gmrf_wind_mapping_node-2] --> MAP did not converge after 1 iterations.
[gmrf_wind_mapping_node-2] [GMRF] MAP Mean value estimated in 9.83807 milliseconds
[gmrf_wind_mapping_node-2] --> MAP did not converge after 1 iterations.
[gmrf_wind_mapping_node-2] [GMRF] MAP Mean value estimated in 9.83742 milliseconds
[gmrf_wind_mapping_node-2] --> MAP did not converge after 1 iterations.
[gmrf_wind_mapping_node-2] [GMRF] MAP Mean value estimated in 9.83678 milliseconds
[gmrf_wind_mapping_node-2] --> MAP did not converge after 1 iterations.
[gmrf_wind_mapping_node-2] [GMRF] MAP Mean value estimated in 9.84074 milliseconds
[gmrf_wind_mapping_node-2] --> MAP did not converge after 1 iterations.
[gmrf_wind_mapping_node-2] [GMRF] MAP Mean value estimated in 9.84009 milliseconds
[gmrf_wind_mapping_node-2] --> MAP did not converge after 1 iterations.
[gmrf_wind_mapping_node-2] [GMRF] MAP Mean value estimated in 9.83792 milliseconds
[gmrf_wind_mapping_node-2] --> MAP did not converge after 1 iterations.
[gmrf_wind_mapping_node-2] [GMRF] MAP Mean value estimated in 9.83957 milliseconds
[gsl_actionserver_node-3] [INFO] [1788859045.385536142] [GSL - Trace]: [32mEntering StopAndMeasure[0m
[gmrf_wind_mapping_node-2] --> MAP did not converge after 1 iterations.
[gmrf_wind_mapping_node-2] [GMRF] MAP Mean value estimated in 9.83969 milliseconds
[gmrf_wind_mapping_node-2] --> MAP did not converge after 1 iterations.
[gmrf_wind_mapping_node-2] [GMRF] MAP Mean value estimated in 9.84058 milliseconds
[gmrf_wind_mapping_node-2] --> MAP did not converge after 1 iterations.
[gmrf_wind_mapping_node-2] [GMRF] MAP Mean value estimated in 9.84604 milliseconds
[gmrf_wind_mapping_node-2] --> MAP did not converge after 1 iterations.
[gmrf_wind_mapping_node-2] [GMRF] MAP Mean value estimated in 9.84463 milliseconds
[gmrf_wind_mapping_node-2] --> MAP did not converge after 1 iterations.
[gmrf_wind_mapping_node-2] [GMRF] MAP Mean value estimated in 9.84932 milliseconds
[gmrf_wind_mapping_node-2] --> MAP did not converge after 1 iterations.
[gmrf_wind_mapping_node-2] [GMRF] MAP Mean value estimated in 9.84867 milliseconds
[gmrf_wind_mapping_node-2] --> MAP did not converge after 1 iterations.
[gmrf_wind_mapping_node-2] [GMRF] MAP Mean value estimated in 9.85258 milliseconds
[gmrf_wind_mapping_node-2] --> MAP did not converge after 1 iterations.
[gmrf_wind_mapping_node-2] [GMRF] MAP Mean value estimated in 9.85042 milliseconds
[gmrf_wind_mapping_node-2] --> MAP did not converge after 1 iterations.
[gmrf_wind_mapping_node-2] [GMRF] MAP Mean value estimated in 9.8475 milliseconds
[gmrf_wind_mapping_node-2] --> MAP did not converge after 1 iterations.
[gmrf_wind_mapping_node-2] [GMRF] MAP Mean value estimated in 9.84761 milliseconds
[gmrf_wind_mapping_node-2] --> MAP did not converge after 1 iterations.
[gmrf_wind_mapping_node-2] [GMRF] MAP Mean value estimated in 9.84848 milliseconds
[gmrf_wind_mapping_node-2] --> MAP did not converge after 1 iterations.
[gmrf_wind_mapping_node-2] [GMRF] MAP Mean value estimated in 9.84709 milliseconds
[gmrf_wind_mapping_node-2] --> MAP did not converge after 1 iterations.
[gmrf_wind_mapping_node-2] [GMRF] MAP Mean value estimated in 9.85174 milliseconds
[gmrf_wind_mapping_node-2] --> MAP did not converge after 1 iterations.
[gmrf_wind_mapping_node-2] [GMRF] MAP Mean value estimated in 9.85336 milliseconds
[gmrf_wind_mapping_node-2] --> MAP did not converge after 1 iterations.
[gmrf_wind_mapping_node-2] [GMRF] MAP Mean value estimated in 9.85272 milliseconds
[gmrf_wind_mapping_node-2] --> MAP did not converge after 1 iterations.
[gmrf_wind_mapping_node-2] [GMRF] MAP Mean value estimated in 9.85208 milliseconds
[gmrf_wind_mapping_node-2] --> MAP did not converge after 1 iterations.
[gmrf_wind_mapping_node-2] [GMRF] MAP Mean value estimated in 9.8552 milliseconds
[gmrf_wind_mapping_node-2] --> MAP did not converge after 1 iterations.
[gmrf_wind_mapping_node-2] [GMRF] MAP Mean value estimated in 9.85531 milliseconds
[gmrf_wind_mapping_node-2] --> MAP did not converge after 1 iterations.
[gmrf_wind_mapping_node-2] [GMRF] MAP Mean value estimated in 9.85316 milliseconds
[gsl_actionserver_node-3] [INFO] [1788859047.316247235] [GSL]: 10 gas measurements, 10 wind measurements over 1.93 seconds
[gsl_actionserver_node-3] [INFO] [1788859047.316306009] [GSL]: avg_gas=0.15;  avg_windSpeed=0.45;  avg_wind_dir=1.5
[gsl_actionserver_node-3] [INFO] [1788859047.317373833] [GSL]: [33mGAS HIT[0m
[gsl_actionserver_node-3] [INFO] [1788859047.317398285] [GSL]: [DEBUG-WIND] useGroundTruth=false gmrf_req_size=626 gaden_req_size=-1
[gsl_actionserver_node-3] [INFO] [1788859047.317405033] [GSL]: [DEBUG-WIND] Taking GMRF path
[gsl_actionserver_node-3] [INFO] [1788859047.324033220] [GSL - Trace]: [32mEntering StopAndMeasure[0m
[gmrf_wind_mapping_node-2] --> MAP did not converge after 1 iterations.
[gmrf_wind_mapping_node-2] [GMRF] MAP Mean value estimated in 9.85403 milliseconds
[gmrf_wind_mapping_node-2] --> MAP did not converge after 1 iterations.
[gmrf_wind_mapping_node-2] [GMRF] MAP Mean value estimated in 9.85564 milliseconds
[gmrf_wind_mapping_node-2] --> MAP did not converge after 1 iterations.
[gmrf_wind_mapping_node-2] [GMRF] MAP Mean value estimated in 9.85349 milliseconds
[gmrf_wind_mapping_node-2] --> MAP did not converge after 1 iterations.
[gmrf_wind_mapping_node-2] [GMRF] MAP Mean value estimated in 9.85135 milliseconds
[gmrf_wind_mapping_node-2] --> MAP did not converge after 1 iterations.
[gmrf_wind_mapping_node-2] [GMRF] MAP Mean value estimated in 9.84921 milliseconds
[gmrf_wind_mapping_node-2] --> MAP did not converge after 1 iterations.
[gmrf_wind_mapping_node-2] [GMRF] MAP Mean value estimated in 9.85082 milliseconds
[gmrf_wind_mapping_node-2] --> MAP did not converge after 1 iterations.
[gmrf_wind_mapping_node-2] [GMRF] MAP Mean value estimated in 9.84869 milliseconds
[gmrf_wind_mapping_node-2] --> MAP did not converge after 1 iterations.
[gmrf_wind_mapping_node-2] [GMRF] MAP Mean value estimated in 9.85254 milliseconds
[gmrf_wind_mapping_node-2] --> MAP did not converge after 1 iterations.
[gmrf_wind_mapping_node-2] [GMRF] MAP Mean value estimated in 9.85415 milliseconds
[gmrf_wind_mapping_node-2] --> MAP did not converge after 1 iterations.
[gmrf_wind_mapping_node-2] [GMRF] MAP Mean value estimated in 9.85277 milliseconds
[gmrf_wind_mapping_node-2] --> MAP did not converge after 1 iterations.
[gmrf_wind_mapping_node-2] [GMRF] MAP Mean value estimated in 9.85288 milliseconds
[gmrf_wind_mapping_node-2] --> MAP did not converge after 1 iterations.
[gmrf_wind_mapping_node-2] [GMRF] MAP Mean value estimated in 9.85597 milliseconds
[gmrf_wind_mapping_node-2] --> MAP did not converge after 1 iterations.
[gmrf_wind_mapping_node-2] [GMRF] MAP Mean value estimated in 9.85682 milliseconds
[gmrf_wind_mapping_node-2] --> MAP did not converge after 1 iterations.
[gmrf_wind_mapping_node-2] [GMRF] MAP Mean value estimated in 9.8614 milliseconds
[gmrf_wind_mapping_node-2] --> MAP did not converge after 1 iterations.
[gmrf_wind_mapping_node-2] [GMRF] MAP Mean value estimated in 9.86001 milliseconds
[gmrf_wind_mapping_node-2] --> MAP did not converge after 1 iterations.
[gmrf_wind_mapping_node-2] [GMRF] MAP Mean value estimated in 9.86086 milliseconds
[gmrf_wind_mapping_node-2] --> MAP did not converge after 1 iterations.
[gmrf_wind_mapping_node-2] [GMRF] MAP Mean value estimated in 9.85874 milliseconds
[gmrf_wind_mapping_node-2] --> MAP did not converge after 1 iterations.
[gmrf_wind_mapping_node-2] [GMRF] MAP Mean value estimated in 9.86404 milliseconds
[gmrf_wind_mapping_node-2] --> MAP did not converge after 1 iterations.
[gmrf_wind_mapping_node-2] [GMRF] MAP Mean value estimated in 9.86192 milliseconds
[gmrf_wind_mapping_node-2] --> MAP did not converge after 1 iterations.
[gmrf_wind_mapping_node-2] [GMRF] MAP Mean value estimated in 9.85979 milliseconds
[gsl_actionserver_node-3] [INFO] [1788859049.319441464] [GSL]: 10 gas measurements, 10 wind measurements over 2.00 seconds
[gsl_actionserver_node-3] [INFO] [1788859049.319501401] [GSL]: avg_gas=0.16;  avg_windSpeed=0.52;  avg_wind_dir=1.4
[gsl_actionserver_node-3] [INFO] [1788859049.320084744] [GSL]: [33mGAS HIT[0m
[gsl_actionserver_node-3] [INFO] [1788859049.320112296] [GSL]: [DEBUG-WIND] useGroundTruth=false gmrf_req_size=626 gaden_req_size=-1
[gsl_actionserver_node-3] [INFO] [1788859049.320119017] [GSL]: [DEBUG-WIND] Taking GMRF path
[gsl_actionserver_node-3] [INFO] [1788859049.324039138] [GSL - Trace]: [32mEntering StopAndMeasure[0m
[gmrf_wind_mapping_node-2] --> MAP did not converge after 1 iterations.
[gmrf_wind_mapping_node-2] [GMRF] MAP Mean value estimated in 9.85841 milliseconds
[gmrf_wind_mapping_node-2] --> MAP did not converge after 1 iterations.
[gmrf_wind_mapping_node-2] [GMRF] MAP Mean value estimated in 9.86148 milliseconds
[gmrf_wind_mapping_node-2] --> MAP did not converge after 1 iterations.
[gmrf_wind_mapping_node-2] [GMRF] MAP Mean value estimated in 9.85862 milliseconds
[gmrf_wind_mapping_node-2] --> MAP did not converge after 1 iterations.
[gmrf_wind_mapping_node-2] [GMRF] MAP Mean value estimated in 9.85651 milliseconds
[gmrf_wind_mapping_node-2] --> MAP did not converge after 1 iterations.
[gmrf_wind_mapping_node-2] [GMRF] MAP Mean value estimated in 9.85588 milliseconds
[gmrf_wind_mapping_node-2] --> MAP did not converge after 1 iterations.
[gmrf_wind_mapping_node-2] [GMRF] MAP Mean value estimated in 9.85377 milliseconds
[gmrf_wind_mapping_node-2] --> MAP did not converge after 1 iterations.
[gmrf_wind_mapping_node-2] [GMRF] MAP Mean value estimated in 9.85166 milliseconds
[gmrf_wind_mapping_node-2] --> MAP did not converge after 1 iterations.
[gmrf_wind_mapping_node-2] [GMRF] MAP Mean value estimated in 9.84956 milliseconds
[gmrf_wind_mapping_node-2] --> MAP did not converge after 1 iterations.
[gmrf_wind_mapping_node-2] [GMRF] MAP Mean value estimated in 9.84746 milliseconds
[gmrf_wind_mapping_node-2] --> MAP did not converge after 1 iterations.
[gmrf_wind_mapping_node-2] [GMRF] MAP Mean value estimated in 9.84536 milliseconds
[gmrf_wind_mapping_node-2] --> MAP did not converge after 1 iterations.
[gmrf_wind_mapping_node-2] [GMRF] MAP Mean value estimated in 9.84253 milliseconds
[gmrf_wind_mapping_node-2] --> MAP did not converge after 1 iterations.
[gmrf_wind_mapping_node-2] [GMRF] MAP Mean value estimated in 9.84044 milliseconds
[gmrf_wind_mapping_node-2] --> MAP did not converge after 1 iterations.
[gmrf_wind_mapping_node-2] [GMRF] MAP Mean value estimated in 9.83835 milliseconds
[gmrf_wind_mapping_node-2] --> MAP did not converge after 1 iterations.
[gmrf_wind_mapping_node-2] [GMRF] MAP Mean value estimated in 9.83627 milliseconds
[gmrf_wind_mapping_node-2] --> MAP did not converge after 1 iterations.
[gmrf_wind_mapping_node-2] [GMRF] MAP Mean value estimated in 9.83419 milliseconds
[gmrf_wind_mapping_node-2] --> MAP did not converge after 1 iterations.
[gmrf_wind_mapping_node-2] [GMRF] MAP Mean value estimated in 9.83284 milliseconds
[gmrf_wind_mapping_node-2] --> MAP did not converge after 1 iterations.
[gmrf_wind_mapping_node-2] [GMRF] MAP Mean value estimated in 9.83077 milliseconds
[gmrf_wind_mapping_node-2] --> MAP did not converge after 1 iterations.
[gmrf_wind_mapping_node-2] [GMRF] MAP Mean value estimated in 9.83089 milliseconds
[gmrf_wind_mapping_node-2] --> MAP did not converge after 1 iterations.
[gmrf_wind_mapping_node-2] [GMRF] MAP Mean value estimated in 9.83175 milliseconds
[gmrf_wind_mapping_node-2] --> MAP did not converge after 1 iterations.
[gmrf_wind_mapping_node-2] [GMRF] MAP Mean value estimated in 9.83406 milliseconds
[gsl_actionserver_node-3] [INFO] [1788859051.319399488] [GSL]: 10 gas measurements, 10 wind measurements over 2.00 seconds
[gsl_actionserver_node-3] [INFO] [1788859051.319462181] [GSL]: avg_gas=0.17;  avg_windSpeed=0.45;  avg_wind_dir=1.5
[gsl_actionserver_node-3] [INFO] [1788859051.320231194] [GSL]: [33mGAS HIT[0m
[gsl_actionserver_node-3] [INFO] [1788859051.320247694] [GSL]: [DEBUG-WIND] useGroundTruth=false gmrf_req_size=626 gaden_req_size=-1
[gsl_actionserver_node-3] [INFO] [1788859051.320254938] [GSL]: [DEBUG-WIND] Taking GMRF path
[gsl_actionserver_node-3] [INFO] [1788859051.324172527] [GSL - Trace]: [32mEntering StopAndMeasure[0m
[gmrf_wind_mapping_node-2] --> MAP did not converge after 1 iterations.
[gmrf_wind_mapping_node-2] [GMRF] MAP Mean value estimated in 9.83199 milliseconds
[gmrf_wind_mapping_node-2] --> MAP did not converge after 1 iterations.
[gmrf_wind_mapping_node-2] [GMRF] MAP Mean value estimated in 9.83431 milliseconds
[gmrf_wind_mapping_node-2] --> MAP did not converge after 1 iterations.
[gmrf_wind_mapping_node-2] [GMRF] MAP Mean value estimated in 9.83443 milliseconds
[gmrf_wind_mapping_node-2] --> MAP did not converge after 1 iterations.
[gmrf_wind_mapping_node-2] [GMRF] MAP Mean value estimated in 9.83601 milliseconds
[gmrf_wind_mapping_node-2] --> MAP did not converge after 1 iterations.
[gmrf_wind_mapping_node-2] [GMRF] MAP Mean value estimated in 9.8354 milliseconds
[gmrf_wind_mapping_node-2] --> MAP did not converge after 1 iterations.
[gmrf_wind_mapping_node-2] [GMRF] MAP Mean value estimated in 9.8377 milliseconds
[gmrf_wind_mapping_node-2] --> MAP did not converge after 1 iterations.
[gmrf_wind_mapping_node-2] [GMRF] MAP Mean value estimated in 9.83636 milliseconds
[gmrf_wind_mapping_node-2] --> MAP did not converge after 1 iterations.
[gmrf_wind_mapping_node-2] [GMRF] MAP Mean value estimated in 9.83794 milliseconds
[gmrf_wind_mapping_node-2] --> MAP did not converge after 1 iterations.
[gmrf_wind_mapping_node-2] [GMRF] MAP Mean value estimated in 9.83878 milliseconds
[gmrf_wind_mapping_node-2] --> MAP did not converge after 1 iterations.
[gmrf_wind_mapping_node-2] [GMRF] MAP Mean value estimated in 9.84035 milliseconds
[gmrf_wind_mapping_node-2] --> MAP did not converge after 1 iterations.
[gmrf_wind_mapping_node-2] [GMRF] MAP Mean value estimated in 9.83829 milliseconds
[gmrf_wind_mapping_node-2] --> MAP did not converge after 1 iterations.
[gmrf_wind_mapping_node-2] [GMRF] MAP Mean value estimated in 9.84348 milliseconds
[gmrf_wind_mapping_node-2] --> MAP did not converge after 1 iterations.
[gmrf_wind_mapping_node-2] [GMRF] MAP Mean value estimated in 9.84214 milliseconds
[gmrf_wind_mapping_node-2] --> MAP did not converge after 1 iterations.
[gmrf_wind_mapping_node-2] [GMRF] MAP Mean value estimated in 9.84298 milliseconds
[gmrf_wind_mapping_node-2] --> MAP did not converge after 1 iterations.
[gmrf_wind_mapping_node-2] [GMRF] MAP Mean value estimated in 9.84093 milliseconds
[gmrf_wind_mapping_node-2] --> MAP did not converge after 1 iterations.
[gmrf_wind_mapping_node-2] [GMRF] MAP Mean value estimated in 9.84321 milliseconds
[gmrf_wind_mapping_node-2] --> MAP did not converge after 1 iterations.
[gmrf_wind_mapping_node-2] [GMRF] MAP Mean value estimated in 9.84188 milliseconds
[gmrf_wind_mapping_node-2] --> MAP did not converge after 1 iterations.
[gmrf_wind_mapping_node-2] [GMRF] MAP Mean value estimated in 9.84127 milliseconds
[gmrf_wind_mapping_node-2] --> MAP did not converge after 1 iterations.
[gmrf_wind_mapping_node-2] [GMRF] MAP Mean value estimated in 9.84066 milliseconds
[gmrf_wind_mapping_node-2] --> MAP did not converge after 1 iterations.
[gmrf_wind_mapping_node-2] [GMRF] MAP Mean value estimated in 9.84294 milliseconds
[gsl_actionserver_node-3] [INFO] [1788859053.319450103] [GSL]: 10 gas measurements, 10 wind measurements over 2.00 seconds
[gsl_actionserver_node-3] [INFO] [1788859053.319557538] [GSL]: avg_gas=0.2;  avg_windSpeed=0.52;  avg_wind_dir=1.4
[gsl_actionserver_node-3] [INFO] [1788859053.320784363] [GSL]: [33mGAS HIT[0m
[gsl_actionserver_node-3] [INFO] [1788859053.320803860] [GSL]: [DEBUG-WIND] useGroundTruth=false gmrf_req_size=626 gaden_req_size=-1
[gsl_actionserver_node-3] [INFO] [1788859053.320815414] [GSL]: [DEBUG-WIND] Taking GMRF path
[gsl_actionserver_node-3] [INFO] [1788859053.324034960] [GSL - Trace]: [32mEntering StopAndMeasure[0m
[gmrf_wind_mapping_node-2] --> MAP did not converge after 1 iterations.
[gmrf_wind_mapping_node-2] [GMRF] MAP Mean value estimated in 9.84305 milliseconds
[gmrf_wind_mapping_node-2] --> MAP did not converge after 1 iterations.
[gmrf_wind_mapping_node-2] [GMRF] MAP Mean value estimated in 9.84101 milliseconds
[gmrf_wind_mapping_node-2] --> MAP did not converge after 1 iterations.
[gmrf_wind_mapping_node-2] [GMRF] MAP Mean value estimated in 9.83896 milliseconds
[gmrf_wind_mapping_node-2] --> MAP did not converge after 1 iterations.
[gmrf_wind_mapping_node-2] [GMRF] MAP Mean value estimated in 9.83693 milliseconds
[gmrf_wind_mapping_node-2] --> MAP did not converge after 1 iterations.
[gmrf_wind_mapping_node-2] [GMRF] MAP Mean value estimated in 9.83489 milliseconds
[gmrf_wind_mapping_node-2] --> MAP did not converge after 1 iterations.
[gmrf_wind_mapping_node-2] [GMRF] MAP Mean value estimated in 9.83357 milliseconds
[gmrf_wind_mapping_node-2] --> MAP did not converge after 1 iterations.
[gmrf_wind_mapping_node-2] [GMRF] MAP Mean value estimated in 9.83082 milliseconds
[gmrf_wind_mapping_node-2] --> MAP did not converge after 1 iterations.
[gmrf_wind_mapping_node-2] [GMRF] MAP Mean value estimated in 9.83166 milliseconds
[gmrf_wind_mapping_node-2] --> MAP did not converge after 1 iterations.
[gmrf_wind_mapping_node-2] [GMRF] MAP Mean value estimated in 9.82963 milliseconds
[gmrf_wind_mapping_node-2] --> MAP did not converge after 1 iterations.
[gmrf_wind_mapping_node-2] [GMRF] MAP Mean value estimated in 9.82833 milliseconds
[gmrf_wind_mapping_node-2] --> MAP did not converge after 1 iterations.
[gmrf_wind_mapping_node-2] [GMRF] MAP Mean value estimated in 9.82845 milliseconds
[gmrf_wind_mapping_node-2] --> MAP did not converge after 1 iterations.
[gmrf_wind_mapping_node-2] [GMRF] MAP Mean value estimated in 9.82786 milliseconds
[gmrf_wind_mapping_node-2] --> MAP did not converge after 1 iterations.
[gmrf_wind_mapping_node-2] [GMRF] MAP Mean value estimated in 9.82512 milliseconds
[gmrf_wind_mapping_node-2] --> MAP did not converge after 1 iterations.
[gmrf_wind_mapping_node-2] [GMRF] MAP Mean value estimated in 9.82668 milliseconds
[gmrf_wind_mapping_node-2] --> MAP did not converge after 1 iterations.
[gmrf_wind_mapping_node-2] [GMRF] MAP Mean value estimated in 9.82466 milliseconds
[gmrf_wind_mapping_node-2] --> MAP did not converge after 1 iterations.
[gmrf_wind_mapping_node-2] [GMRF] MAP Mean value estimated in 9.82764 milliseconds
[gmrf_wind_mapping_node-2] --> MAP did not converge after 1 iterations.
[gmrf_wind_mapping_node-2] [GMRF] MAP Mean value estimated in 9.82776 milliseconds
[gmrf_wind_mapping_node-2] --> MAP did not converge after 1 iterations.
[gmrf_wind_mapping_node-2] [GMRF] MAP Mean value estimated in 9.82646 milliseconds
[gmrf_wind_mapping_node-2] --> MAP did not converge after 1 iterations.
[gmrf_wind_mapping_node-2] [GMRF] MAP Mean value estimated in 9.82445 milliseconds
[gmrf_wind_mapping_node-2] --> MAP did not converge after 1 iterations.
[gmrf_wind_mapping_node-2] [GMRF] MAP Mean value estimated in 9.82315 milliseconds
[gsl_actionserver_node-3] [INFO] [1788859055.319469817] [GSL]: 10 gas measurements, 10 wind measurements over 2.00 seconds
[gsl_actionserver_node-3] [INFO] [1788859055.319557790] [GSL]: avg_gas=0.16;  avg_windSpeed=0.45;  avg_wind_dir=1.5
[gsl_actionserver_node-3] [INFO] [1788859055.320370222] [GSL]: [33mGAS HIT[0m
[gsl_actionserver_node-3] [INFO] [1788859055.320672497] [GSL]: [DEBUG-WIND] useGroundTruth=false gmrf_req_size=626 gaden_req_size=-1
[gsl_actionserver_node-3] [INFO] [1788859055.320704667] [GSL]: [DEBUG-WIND] Taking GMRF path
[gsl_actionserver_node-3] [INFO] [1788859055.323993050] [GSL - Trace]: [32mEntering StopAndMeasure[0m
[gmrf_wind_mapping_node-2] --> MAP did not converge after 1 iterations.
[gmrf_wind_mapping_node-2] [GMRF] MAP Mean value estimated in 9.82186 milliseconds
[gmrf_wind_mapping_node-2] --> MAP did not converge after 1 iterations.
[gmrf_wind_mapping_node-2] [GMRF] MAP Mean value estimated in 9.81986 milliseconds
[gmrf_wind_mapping_node-2] --> MAP did not converge after 1 iterations.
[gmrf_wind_mapping_node-2] [GMRF] MAP Mean value estimated in 9.81786 milliseconds
[gmrf_wind_mapping_node-2] --> MAP did not converge after 1 iterations.
[gmrf_wind_mapping_node-2] [GMRF] MAP Mean value estimated in 9.81586 milliseconds
[gmrf_wind_mapping_node-2] --> MAP did not converge after 1 iterations.
[gmrf_wind_mapping_node-2] [GMRF] MAP Mean value estimated in 9.81458 milliseconds
[gmrf_wind_mapping_node-2] --> MAP did not converge after 1 iterations.
[gmrf_wind_mapping_node-2] [GMRF] MAP Mean value estimated in 9.81895 milliseconds
[gmrf_wind_mapping_node-2] --> MAP did not converge after 1 iterations.
[gmrf_wind_mapping_node-2] [GMRF] MAP Mean value estimated in 9.81696 milliseconds
[gmrf_wind_mapping_node-2] --> MAP did not converge after 1 iterations.
[gmrf_wind_mapping_node-2] [GMRF] MAP Mean value estimated in 9.8178 milliseconds
[gmrf_wind_mapping_node-2] --> MAP did not converge after 1 iterations.
[gmrf_wind_mapping_node-2] [GMRF] MAP Mean value estimated in 9.81581 milliseconds
[gmrf_wind_mapping_node-2] --> MAP did not converge after 1 iterations.
[gmrf_wind_mapping_node-2] [GMRF] MAP Mean value estimated in 9.81876 milliseconds
[gmrf_wind_mapping_node-2] --> MAP did not converge after 1 iterations.
[gmrf_wind_mapping_node-2] [GMRF] MAP Mean value estimated in 9.81748 milliseconds
[gmrf_wind_mapping_node-2] --> MAP did not converge after 1 iterations.
[gmrf_wind_mapping_node-2] [GMRF] MAP Mean value estimated in 9.81901 milliseconds
[gmrf_wind_mapping_node-2] --> MAP did not converge after 1 iterations.
[gmrf_wind_mapping_node-2] [GMRF] MAP Mean value estimated in 9.81844 milliseconds
[gmrf_wind_mapping_node-2] --> MAP did not converge after 1 iterations.
[gmrf_wind_mapping_node-2] [GMRF] MAP Mean value estimated in 9.81857 milliseconds
[gmrf_wind_mapping_node-2] --> MAP did not converge after 1 iterations.
[gmrf_wind_mapping_node-2] [GMRF] MAP Mean value estimated in 9.81729 milliseconds
[gmrf_wind_mapping_node-2] --> MAP did not converge after 1 iterations.
[gmrf_wind_mapping_node-2] [GMRF] MAP Mean value estimated in 9.81671 milliseconds
[gmrf_wind_mapping_node-2] --> MAP did not converge after 1 iterations.
[gmrf_wind_mapping_node-2] [GMRF] MAP Mean value estimated in 9.81684 milliseconds
[gmrf_wind_mapping_node-2] --> MAP did not converge after 1 iterations.
[gmrf_wind_mapping_node-2] [GMRF] MAP Mean value estimated in 9.81767 milliseconds
[gmrf_wind_mapping_node-2] --> MAP did not converge after 1 iterations.
[gmrf_wind_mapping_node-2] [GMRF] MAP Mean value estimated in 9.8157 milliseconds
[gmrf_wind_mapping_node-2] --> MAP did not converge after 1 iterations.
[gmrf_wind_mapping_node-2] [GMRF] MAP Mean value estimated in 9.81933 milliseconds
[gsl_actionserver_node-3] [INFO] [1788859057.319431943] [GSL]: 10 gas measurements, 10 wind measurements over 2.00 seconds
[gsl_actionserver_node-3] [INFO] [1788859057.319606219] [GSL]: avg_gas=0.14;  avg_windSpeed=0.52;  avg_wind_dir=1.4
[gsl_actionserver_node-3] [INFO] [1788859057.320418715] [GSL]: [33mGAS HIT[0m
[gsl_actionserver_node-3] [INFO] [1788859057.320435194] [GSL]: [DEBUG-WIND] useGroundTruth=false gmrf_req_size=626 gaden_req_size=-1
[gsl_actionserver_node-3] [INFO] [1788859057.320445654] [GSL]: [DEBUG-WIND] Taking GMRF path
[gsl_actionserver_node-3] [INFO] [1788859057.323965776] [GSL - Trace]: [32mEntering StopAndMeasure[0m
[gmrf_wind_mapping_node-2] --> MAP did not converge after 1 iterations.
[gmrf_wind_mapping_node-2] [GMRF] MAP Mean value estimated in 9.82085 milliseconds
[gmrf_wind_mapping_node-2] --> MAP did not converge after 1 iterations.
[gmrf_wind_mapping_node-2] [GMRF] MAP Mean value estimated in 9.82168 milliseconds
[gmrf_wind_mapping_node-2] --> MAP did not converge after 1 iterations.
[gmrf_wind_mapping_node-2] [GMRF] MAP Mean value estimated in 9.8232 milliseconds
[gmrf_wind_mapping_node-2] --> MAP did not converge after 1 iterations.
[gmrf_wind_mapping_node-2] [GMRF] MAP Mean value estimated in 9.82193 milliseconds
[gmrf_wind_mapping_node-2] --> MAP did not converge after 1 iterations.
[gmrf_wind_mapping_node-2] [GMRF] MAP Mean value estimated in 9.81996 milliseconds
[gmrf_wind_mapping_node-2] --> MAP did not converge after 1 iterations.
[gmrf_wind_mapping_node-2] [GMRF] MAP Mean value estimated in 9.82357 milliseconds
[gmrf_wind_mapping_node-2] --> MAP did not converge after 1 iterations.
[gmrf_wind_mapping_node-2] [GMRF] MAP Mean value estimated in 9.8223 milliseconds
[gmrf_wind_mapping_node-2] --> MAP did not converge after 1 iterations.
[gmrf_wind_mapping_node-2] [GMRF] MAP Mean value estimated in 9.82591 milliseconds
[gmrf_wind_mapping_node-2] --> MAP did not converge after 1 iterations.
[gmrf_wind_mapping_node-2] [GMRF] MAP Mean value estimated in 9.82463 milliseconds
[gmrf_wind_mapping_node-2] --> MAP did not converge after 1 iterations.
[gmrf_wind_mapping_node-2] [GMRF] MAP Mean value estimated in 9.82684 milliseconds
[gmrf_wind_mapping_node-2] --> MAP did not converge after 1 iterations.
[gmrf_wind_mapping_node-2] [GMRF] MAP Mean value estimated in 9.82557 milliseconds
[gmrf_wind_mapping_node-2] --> MAP did not converge after 1 iterations.
[gmrf_wind_mapping_node-2] [GMRF] MAP Mean value estimated in 9.82431 milliseconds
[gmrf_wind_mapping_node-2] --> MAP did not converge after 1 iterations.
[gmrf_wind_mapping_node-2] [GMRF] MAP Mean value estimated in 9.82235 milliseconds
[gmrf_wind_mapping_node-2] --> MAP did not converge after 1 iterations.
[gmrf_wind_mapping_node-2] [GMRF] MAP Mean value estimated in 9.82108 milliseconds
[gmrf_wind_mapping_node-2] --> MAP did not converge after 1 iterations.
[gmrf_wind_mapping_node-2] [GMRF] MAP Mean value estimated in 9.81913 milliseconds
[gmrf_wind_mapping_node-2] --> MAP did not converge after 1 iterations.
[gmrf_wind_mapping_node-2] [GMRF] MAP Mean value estimated in 9.81787 milliseconds
[gmrf_wind_mapping_node-2] --> MAP did not converge after 1 iterations.
[gmrf_wind_mapping_node-2] [GMRF] MAP Mean value estimated in 9.81592 milliseconds
[gmrf_wind_mapping_node-2] --> MAP did not converge after 1 iterations.
[gmrf_wind_mapping_node-2] [GMRF] MAP Mean value estimated in 9.81535 milliseconds
[gmrf_wind_mapping_node-2] --> MAP did not converge after 1 iterations.
[gmrf_wind_mapping_node-2] [GMRF] MAP Mean value estimated in 9.81341 milliseconds
[gmrf_wind_mapping_node-2] --> MAP did not converge after 1 iterations.
[gmrf_wind_mapping_node-2] [GMRF] MAP Mean value estimated in 9.81215 milliseconds
[gsl_actionserver_node-3] [INFO] [1788859059.319297735] [GSL]: 10 gas measurements, 10 wind measurements over 2.00 seconds
[gsl_actionserver_node-3] [INFO] [1788859059.319358488] [GSL]: avg_gas=0.15;  avg_windSpeed=0.45;  avg_wind_dir=1.5
[gsl_actionserver_node-3] [INFO] [1788859059.319835004] [GSL]: [33mGAS HIT[0m
[gsl_actionserver_node-3] [INFO] [1788859059.319844512] [GSL]: [DEBUG-WIND] useGroundTruth=false gmrf_req_size=626 gaden_req_size=-1
[gsl_actionserver_node-3] [INFO] [1788859059.320251881] [GSL]: [DEBUG-WIND] Taking GMRF path
[gsl_actionserver_node-3] [INFO] [1788859059.323797321] [GSL - Trace]: [32mEntering StopAndMeasure[0m
[gmrf_wind_mapping_node-2] --> MAP did not converge after 1 iterations.
[gmrf_wind_mapping_node-2] [GMRF] MAP Mean value estimated in 9.81021 milliseconds
[gmrf_wind_mapping_node-2] --> MAP did not converge after 1 iterations.
[gmrf_wind_mapping_node-2] [GMRF] MAP Mean value estimated in 9.81241 milliseconds
[gmrf_wind_mapping_node-2] --> MAP did not converge after 1 iterations.
[gmrf_wind_mapping_node-2] [GMRF] MAP Mean value estimated in 9.81323 milliseconds
[gmrf_wind_mapping_node-2] --> MAP did not converge after 1 iterations.
[gmrf_wind_mapping_node-2] [GMRF] MAP Mean value estimated in 9.81474 milliseconds
[gmrf_wind_mapping_node-2] --> MAP did not converge after 1 iterations.
[gmrf_wind_mapping_node-2] [GMRF] MAP Mean value estimated in 9.81211 milliseconds
[gmrf_wind_mapping_node-2] --> MAP did not converge after 1 iterations.
[gmrf_wind_mapping_node-2] [GMRF] MAP Mean value estimated in 9.81706 milliseconds
[gmrf_wind_mapping_node-2] --> MAP did not converge after 1 iterations.
[gmrf_wind_mapping_node-2] [GMRF] MAP Mean value estimated in 9.81718 milliseconds
[gmrf_wind_mapping_node-2] --> MAP did not converge after 1 iterations.
[gmrf_wind_mapping_node-2] [GMRF] MAP Mean value estimated in 9.82074 milliseconds
[gmrf_wind_mapping_node-2] --> MAP did not converge after 1 iterations.
[gmrf_wind_mapping_node-2] [GMRF] MAP Mean value estimated in 9.81881 milliseconds
[gmrf_wind_mapping_node-2] --> MAP did not converge after 1 iterations.
[gmrf_wind_mapping_node-2] [GMRF] MAP Mean value estimated in 9.8203 milliseconds
[gmrf_wind_mapping_node-2] --> MAP did not converge after 1 iterations.
[gmrf_wind_mapping_node-2] [GMRF] MAP Mean value estimated in 9.81974 milliseconds
[gmrf_wind_mapping_node-2] --> MAP did not converge after 1 iterations.
[gmrf_wind_mapping_node-2] [GMRF] MAP Mean value estimated in 9.82192 milliseconds
[gmrf_wind_mapping_node-2] --> MAP did not converge after 1 iterations.
[gmrf_wind_mapping_node-2] [GMRF] MAP Mean value estimated in 9.8193 milliseconds
[gmrf_wind_mapping_node-2] --> MAP did not converge after 1 iterations.
[gmrf_wind_mapping_node-2] [GMRF] MAP Mean value estimated in 9.81737 milliseconds
[gmrf_wind_mapping_node-2] --> MAP did not converge after 1 iterations.
[gmrf_wind_mapping_node-2] [GMRF] MAP Mean value estimated in 9.81545 milliseconds
[gmrf_wind_mapping_node-2] --> MAP did not converge after 1 iterations.
[gmrf_wind_mapping_node-2] [GMRF] MAP Mean value estimated in 9.81899 milliseconds
[gmrf_wind_mapping_node-2] --> MAP did not converge after 1 iterations.
[gmrf_wind_mapping_node-2] [GMRF] MAP Mean value estimated in 9.81706 milliseconds
[gmrf_wind_mapping_node-2] --> MAP did not converge after 1 iterations.
[gmrf_wind_mapping_node-2] [GMRF] MAP Mean value estimated in 9.81514 milliseconds
[gmrf_wind_mapping_node-2] --> MAP did not converge after 1 iterations.
[gmrf_wind_mapping_node-2] [GMRF] MAP Mean value estimated in 9.81322 milliseconds
[gmrf_wind_mapping_node-2] --> MAP did not converge after 1 iterations.
[gmrf_wind_mapping_node-2] [GMRF] MAP Mean value estimated in 9.81131 milliseconds
[gsl_actionserver_node-3] [INFO] [1788859061.319435625] [GSL]: 10 gas measurements, 10 wind measurements over 2.00 seconds
[gsl_actionserver_node-3] [INFO] [1788859061.319532715] [GSL]: avg_gas=0.19;  avg_windSpeed=0.52;  avg_wind_dir=1.4
[gsl_actionserver_node-3] [INFO] [1788859061.320258149] [GSL]: [33mGAS HIT[0m
[gsl_actionserver_node-3] [INFO] [1788859061.320285125] [GSL]: [DEBUG-WIND] useGroundTruth=false gmrf_req_size=626 gaden_req_size=-1
[gsl_actionserver_node-3] [INFO] [1788859061.320292169] [GSL]: [DEBUG-WIND] Taking GMRF path
[gsl_actionserver_node-3] [INFO] [1788859061.330020285] [GSL]: Max mutual info: 1.978
[gsl_actionserver_node-3] [INFO] [1788859061.330235891] [GSL]: MutualInformation - Ellapsed: 0.006s
[gmrf_wind_mapping_node-2] --> MAP did not converge after 1 iterations.
[gmrf_wind_mapping_node-2] [GMRF] MAP Mean value estimated in 9.81076 milliseconds
[vgr_sim_node-1] [WARN] [1788859061.337976233] [vgr_uav_sim]: PLAN_CB: called with goal=(-6.20,2.77)
[vgr_sim_node-1] [WARN] [1788859061.339552066] [vgr_uav_sim]: PLAN_CB: returning 4 poses
[vgr_sim_node-1] [WARN] [1788859061.351296582] [vgr_uav_sim]: PLAN_CB: called with goal=(-6.20,2.77)
[vgr_sim_node-1] [WARN] [1788859061.352122948] [vgr_uav_sim]: PLAN_CB: returning 4 poses
[gsl_actionserver_node-3] [INFO] [1788859061.361872543] [GSL]: Sending goal (-6.20, 2.77)
[gsl_actionserver_node-3] [INFO] [1788859061.362514285] [GSL]: Variance: 0.23
[gsl_actionserver_node-3] [INFO] [1788859061.362540045] [GSL - Trace]: [32mEntering Moving[0m
[vgr_sim_node-1] [INFO] [1788859061.363358670] [vgr_uav_sim]: Prepared 4 collision-free navigation waypoints to (-6.20, 2.77)
[vgr_sim_node-1] [INFO] [1788859061.364895840] [vgr_uav_sim]: UAV navigating in audited 2-D mode to (-6.20, 2.77, 0.30)
[gmrf_wind_mapping_node-2] --> MAP did not converge after 1 iterations.
[gmrf_wind_mapping_node-2] [GMRF] MAP Mean value estimated in 9.80952 milliseconds
[gmrf_wind_mapping_node-2] --> MAP did not converge after 1 iterations.
[gmrf_wind_mapping_node-2] [GMRF] MAP Mean value estimated in 9.80761 milliseconds
[gmrf_wind_mapping_node-2] --> MAP did not converge after 1 iterations.
[gmrf_wind_mapping_node-2] [GMRF] MAP Mean value estimated in 9.80842 milliseconds
[gmrf_wind_mapping_node-2] --> MAP did not converge after 1 iterations.
[gmrf_wind_mapping_node-2] [GMRF] MAP Mean value estimated in 9.8072 milliseconds
[gmrf_wind_mapping_node-2] --> MAP did not converge after 1 iterations.
[gmrf_wind_mapping_node-2] [GMRF] MAP Mean value estimated in 9.80733 milliseconds
[gmrf_wind_mapping_node-2] --> MAP did not converge after 1 iterations.
[gmrf_wind_mapping_node-2] [GMRF] MAP Mean value estimated in 9.80542 milliseconds
[gsl_actionserver_node-3] [INFO] [1788859061.969765625] [GSL - Trace]: [32mEntering StopAndMeasure[0m
[gmrf_wind_mapping_node-2] --> MAP did not converge after 1 iterations.
[gmrf_wind_mapping_node-2] [GMRF] MAP Mean value estimated in 9.80285 milliseconds
[gmrf_wind_mapping_node-2] --> MAP did not converge after 1 iterations.
[gmrf_wind_mapping_node-2] [GMRF] MAP Mean value estimated in 9.8023 milliseconds
[gmrf_wind_mapping_node-2] --> MAP did not converge after 1 iterations.
[gmrf_wind_mapping_node-2] [GMRF] MAP Mean value estimated in 9.80041 milliseconds
[gmrf_wind_mapping_node-2] --> MAP did not converge after 1 iterations.
[gmrf_wind_mapping_node-2] [GMRF] MAP Mean value estimated in 9.79919 milliseconds
[gmrf_wind_mapping_node-2] --> MAP did not converge after 1 iterations.
[gmrf_wind_mapping_node-2] [GMRF] MAP Mean value estimated in 9.79797 milliseconds
[gmrf_wind_mapping_node-2] --> MAP did not converge after 1 iterations.
[gmrf_wind_mapping_node-2] [GMRF] MAP Mean value estimated in 9.79608 milliseconds
[gmrf_wind_mapping_node-2] --> MAP did not converge after 1 iterations.
[gmrf_wind_mapping_node-2] [GMRF] MAP Mean value estimated in 9.7942 milliseconds
[gmrf_wind_mapping_node-2] --> MAP did not converge after 1 iterations.
[gmrf_wind_mapping_node-2] [GMRF] MAP Mean value estimated in 9.79299 milliseconds
[gmrf_wind_mapping_node-2] --> MAP did not converge after 1 iterations.
[gmrf_wind_mapping_node-2] [GMRF] MAP Mean value estimated in 9.79178 milliseconds
[gmrf_wind_mapping_node-2] --> MAP did not converge after 1 iterations.
[gmrf_wind_mapping_node-2] [GMRF] MAP Mean value estimated in 9.79057 milliseconds
[gmrf_wind_mapping_node-2] --> MAP did not converge after 1 iterations.
[gmrf_wind_mapping_node-2] [GMRF] MAP Mean value estimated in 9.79408 milliseconds
[gmrf_wind_mapping_node-2] --> MAP did not converge after 1 iterations.
[gmrf_wind_mapping_node-2] [GMRF] MAP Mean value estimated in 9.7922 milliseconds
[gmrf_wind_mapping_node-2] --> MAP did not converge after 1 iterations.
[gmrf_wind_mapping_node-2] [GMRF] MAP Mean value estimated in 9.7957 milliseconds
[gmrf_wind_mapping_node-2] --> MAP did not converge after 1 iterations.
[gmrf_wind_mapping_node-2] [GMRF] MAP Mean value estimated in 9.79382 milliseconds
[gmrf_wind_mapping_node-2] --> MAP did not converge after 1 iterations.
[gmrf_wind_mapping_node-2] [GMRF] MAP Mean value estimated in 9.79396 milliseconds
[gmrf_wind_mapping_node-2] --> MAP did not converge after 1 iterations.
[gmrf_wind_mapping_node-2] [GMRF] MAP Mean value estimated in 9.79477 milliseconds
[gmrf_wind_mapping_node-2] --> MAP did not converge after 1 iterations.
[gmrf_wind_mapping_node-2] [GMRF] MAP Mean value estimated in 9.7996 milliseconds
[gmrf_wind_mapping_node-2] --> MAP did not converge after 1 iterations.
[gmrf_wind_mapping_node-2] [GMRF] MAP Mean value estimated in 9.79772 milliseconds
[gmrf_wind_mapping_node-2] --> MAP did not converge after 1 iterations.
[gmrf_wind_mapping_node-2] [GMRF] MAP Mean value estimated in 9.8012 milliseconds
[gsl_actionserver_node-3] [INFO] [1788859063.919461850] [GSL]: 10 gas measurements, 10 wind measurements over 1.95 seconds
[gsl_actionserver_node-3] [INFO] [1788859063.919523487] [GSL]: avg_gas=0.19;  avg_windSpeed=0.57;  avg_wind_dir=1.8
[gsl_actionserver_node-3] [INFO] [1788859063.919999319] [GSL]: [33mGAS HIT[0m
[gsl_actionserver_node-3] [INFO] [1788859063.920037425] [GSL]: [DEBUG-WIND] useGroundTruth=false gmrf_req_size=626 gaden_req_size=-1
[gsl_actionserver_node-3] [INFO] [1788859063.920043868] [GSL]: [DEBUG-WIND] Taking GMRF path
[gsl_actionserver_node-3] [INFO] [1788859063.923915437] [GSL - Trace]: [32mEntering StopAndMeasure[0m
[gmrf_wind_mapping_node-2] --> MAP did not converge after 1 iterations.
[gmrf_wind_mapping_node-2] [GMRF] MAP Mean value estimated in 9.8 milliseconds
[gmrf_wind_mapping_node-2] --> MAP did not converge after 1 iterations.
[gmrf_wind_mapping_node-2] [GMRF] MAP Mean value estimated in 9.80281 milliseconds
[gmrf_wind_mapping_node-2] --> MAP did not converge after 1 iterations.
[gmrf_wind_mapping_node-2] [GMRF] MAP Mean value estimated in 9.80094 milliseconds
[gmrf_wind_mapping_node-2] --> MAP did not converge after 1 iterations.
[gmrf_wind_mapping_node-2] [GMRF] MAP Mean value estimated in 9.8004 milliseconds
[gmrf_wind_mapping_node-2] --> MAP did not converge after 1 iterations.
[gmrf_wind_mapping_node-2] [GMRF] MAP Mean value estimated in 9.79853 milliseconds
[gmrf_wind_mapping_node-2] --> MAP did not converge after 1 iterations.
[gmrf_wind_mapping_node-2] [GMRF] MAP Mean value estimated in 9.79667 milliseconds
[gmrf_wind_mapping_node-2] --> MAP did not converge after 1 iterations.
[gmrf_wind_mapping_node-2] [GMRF] MAP Mean value estimated in 9.7948 milliseconds
[gmrf_wind_mapping_node-2] --> MAP did not converge after 1 iterations.
[gmrf_wind_mapping_node-2] [GMRF] MAP Mean value estimated in 9.7976 milliseconds
[gmrf_wind_mapping_node-2] --> MAP did not converge after 1 iterations.
[gmrf_wind_mapping_node-2] [GMRF] MAP Mean value estimated in 9.79641 milliseconds
[gmrf_wind_mapping_node-2] --> MAP did not converge after 1 iterations.
[gmrf_wind_mapping_node-2] [GMRF] MAP Mean value estimated in 9.7992 milliseconds
[gmrf_wind_mapping_node-2] --> MAP did not converge after 1 iterations.
[gmrf_wind_mapping_node-2] [GMRF] MAP Mean value estimated in 9.79867 milliseconds
[gmrf_wind_mapping_node-2] --> MAP did not converge after 1 iterations.
[gmrf_wind_mapping_node-2] [GMRF] MAP Mean value estimated in 9.80146 milliseconds
[gmrf_wind_mapping_node-2] --> MAP did not converge after 1 iterations.
[gmrf_wind_mapping_node-2] [GMRF] MAP Mean value estimated in 9.80093 milliseconds
[gmrf_wind_mapping_node-2] --> MAP did not converge after 1 iterations.
[gmrf_wind_mapping_node-2] [GMRF] MAP Mean value estimated in 9.79907 milliseconds
[gmrf_wind_mapping_node-2] --> MAP did not converge after 1 iterations.
[gmrf_wind_mapping_node-2] [GMRF] MAP Mean value estimated in 9.79788 milliseconds
[gmrf_wind_mapping_node-2] --> MAP did not converge after 1 iterations.
[gmrf_wind_mapping_node-2] [GMRF] MAP Mean value estimated in 9.79603 milliseconds
[gmrf_wind_mapping_node-2] --> MAP did not converge after 1 iterations.
[gmrf_wind_mapping_node-2] [GMRF] MAP Mean value estimated in 9.79947 milliseconds
[gmrf_wind_mapping_node-2] --> MAP did not converge after 1 iterations.
[gmrf_wind_mapping_node-2] [GMRF] MAP Mean value estimated in 9.80357 milliseconds
[gmrf_wind_mapping_node-2] --> MAP did not converge after 1 iterations.
[gmrf_wind_mapping_node-2] [GMRF] MAP Mean value estimated in 9.80304 milliseconds
[gmrf_wind_mapping_node-2] --> MAP did not converge after 1 iterations.
[gmrf_wind_mapping_node-2] [GMRF] MAP Mean value estimated in 9.80383 milliseconds
[gsl_actionserver_node-3] [INFO] [1788859066.323133143] [GSL]: 10 gas measurements, 10 wind measurements over 2.40 seconds
[gsl_actionserver_node-3] [INFO] [1788859066.323248026] [GSL]: avg_gas=0.15;  avg_windSpeed=0.53;  avg_wind_dir=1.5
[gsl_actionserver_node-3] [INFO] [1788859066.323748481] [GSL]: [33mGAS HIT[0m
[gsl_actionserver_node-3] [INFO] [1788859066.323759074] [GSL]: [DEBUG-WIND] useGroundTruth=false gmrf_req_size=626 gaden_req_size=-1
[gsl_actionserver_node-3] [INFO] [1788859066.323765741] [GSL]: [DEBUG-WIND] Taking GMRF path
[gsl_actionserver_node-3] [INFO] [1788859066.408602098] [GSL - Trace]: [32mEntering StopAndMeasure[0m
[gmrf_wind_mapping_node-2] --> MAP did not converge after 1 iterations.
[gmrf_wind_mapping_node-2] [GMRF] MAP Mean value estimated in 9.80528 milliseconds
[gmrf_wind_mapping_node-2] --> MAP did not converge after 1 iterations.
[gmrf_wind_mapping_node-2] [GMRF] MAP Mean value estimated in 9.80607 milliseconds
[gmrf_wind_mapping_node-2] --> MAP did not converge after 1 iterations.
[gmrf_wind_mapping_node-2] [GMRF] MAP Mean value estimated in 9.80422 milliseconds
[gmrf_wind_mapping_node-2] --> MAP did not converge after 1 iterations.
[gmrf_wind_mapping_node-2] [GMRF] MAP Mean value estimated in 9.80171 milliseconds
[gmrf_wind_mapping_node-2] --> MAP did not converge after 1 iterations.
[gmrf_wind_mapping_node-2] [GMRF] MAP Mean value estimated in 9.80382 milliseconds
[gmrf_wind_mapping_node-2] --> MAP did not converge after 1 iterations.
[gmrf_wind_mapping_node-2] [GMRF] MAP Mean value estimated in 9.80197 milliseconds
[gmrf_wind_mapping_node-2] --> MAP did not converge after 1 iterations.
[gmrf_wind_mapping_node-2] [GMRF] MAP Mean value estimated in 9.80276 milliseconds
[gmrf_wind_mapping_node-2] --> MAP did not converge after 1 iterations.
[gmrf_wind_mapping_node-2] [GMRF] MAP Mean value estimated in 9.80158 milliseconds
[gmrf_wind_mapping_node-2] --> MAP did not converge after 1 iterations.
[gmrf_wind_mapping_node-2] [GMRF] MAP Mean value estimated in 9.80368 milliseconds
[gmrf_wind_mapping_node-2] --> MAP did not converge after 1 iterations.
[gmrf_wind_mapping_node-2] [GMRF] MAP Mean value estimated in 9.80643 milliseconds
[gmrf_wind_mapping_node-2] --> MAP did not converge after 1 iterations.
[gmrf_wind_mapping_node-2] [GMRF] MAP Mean value estimated in 9.80525 milliseconds
[gmrf_wind_mapping_node-2] --> MAP did not converge after 1 iterations.
[gmrf_wind_mapping_node-2] [GMRF] MAP Mean value estimated in 9.80341 milliseconds
[gmrf_wind_mapping_node-2] --> MAP did not converge after 1 iterations.
[gmrf_wind_mapping_node-2] [GMRF] MAP Mean value estimated in 9.80223 milliseconds
[gmrf_wind_mapping_node-2] --> MAP did not converge after 1 iterations.
[gmrf_wind_mapping_node-2] [GMRF] MAP Mean value estimated in 9.80039 milliseconds
[gmrf_wind_mapping_node-2] --> MAP did not converge after 1 iterations.
[gmrf_wind_mapping_node-2] [GMRF] MAP Mean value estimated in 9.80249 milliseconds
[gmrf_wind_mapping_node-2] --> MAP did not converge after 1 iterations.
[gmrf_wind_mapping_node-2] [GMRF] MAP Mean value estimated in 9.80654 milliseconds
[gmrf_wind_mapping_node-2] --> MAP did not converge after 1 iterations.
[gmrf_wind_mapping_node-2] [GMRF] MAP Mean value estimated in 9.80797 milliseconds
[gmrf_wind_mapping_node-2] --> MAP did not converge after 1 iterations.
[gmrf_wind_mapping_node-2] [GMRF] MAP Mean value estimated in 9.80679 milliseconds
[gmrf_wind_mapping_node-2] --> MAP did not converge after 1 iterations.
[gmrf_wind_mapping_node-2] [GMRF] MAP Mean value estimated in 9.80952 milliseconds
[gmrf_wind_mapping_node-2] --> MAP did not converge after 1 iterations.
[gmrf_wind_mapping_node-2] [GMRF] MAP Mean value estimated in 9.80834 milliseconds
[gsl_actionserver_node-3] [INFO] [1788859068.362958242] [GSL]: 10 gas measurements, 10 wind measurements over 1.95 seconds
[gsl_actionserver_node-3] [INFO] [1788859068.363914627] [GSL]: avg_gas=0.15;  avg_windSpeed=0.57;  avg_wind_dir=1.8
[gsl_actionserver_node-3] [INFO] [1788859068.365984453] [GSL]: [33mGAS HIT[0m
[gsl_actionserver_node-3] [INFO] [1788859068.366031050] [GSL]: [DEBUG-WIND] useGroundTruth=false gmrf_req_size=626 gaden_req_size=-1
[gsl_actionserver_node-3] [INFO] [1788859068.366044956] [GSL]: [DEBUG-WIND] Taking GMRF path
[gsl_actionserver_node-3] [INFO] [1788859068.427655795] [GSL - Trace]: [32mEntering StopAndMeasure[0m
[gmrf_wind_mapping_node-2] --> MAP did not converge after 1 iterations.
[gmrf_wind_mapping_node-2] [GMRF] MAP Mean value estimated in 9.80912 milliseconds
[gmrf_wind_mapping_node-2] --> MAP did not converge after 1 iterations.
[gmrf_wind_mapping_node-2] [GMRF] MAP Mean value estimated in 9.80729 milliseconds
[gmrf_wind_mapping_node-2] --> MAP did not converge after 1 iterations.
[gmrf_wind_mapping_node-2] [GMRF] MAP Mean value estimated in 9.80872 milliseconds
[gmrf_wind_mapping_node-2] --> MAP did not converge after 1 iterations.
[gmrf_wind_mapping_node-2] [GMRF] MAP Mean value estimated in 9.80819 milliseconds
[gmrf_wind_mapping_node-2] --> MAP did not converge after 1 iterations.
[gmrf_wind_mapping_node-2] [GMRF] MAP Mean value estimated in 9.81092 milliseconds
[gmrf_wind_mapping_node-2] --> MAP did not converge after 1 iterations.
[gmrf_wind_mapping_node-2] [GMRF] MAP Mean value estimated in 9.80909 milliseconds
[gmrf_wind_mapping_node-2] --> MAP did not converge after 1 iterations.
[gmrf_wind_mapping_node-2] [GMRF] MAP Mean value estimated in 9.80921 milliseconds
[gmrf_wind_mapping_node-2] --> MAP did not converge after 1 iterations.
[gmrf_wind_mapping_node-2] [GMRF] MAP Mean value estimated in 9.81193 milliseconds
[gmrf_wind_mapping_node-2] --> MAP did not converge after 1 iterations.
[gmrf_wind_mapping_node-2] [GMRF] MAP Mean value estimated in 9.81335 milliseconds
[gmrf_wind_mapping_node-2] --> MAP did not converge after 1 iterations.
[gmrf_wind_mapping_node-2] [GMRF] MAP Mean value estimated in 9.81218 milliseconds
[gmrf_wind_mapping_node-2] --> MAP did not converge after 1 iterations.
[gmrf_wind_mapping_node-2] [GMRF] MAP Mean value estimated in 9.81424 milliseconds
[gmrf_wind_mapping_node-2] --> MAP did not converge after 1 iterations.
[gmrf_wind_mapping_node-2] [GMRF] MAP Mean value estimated in 9.81242 milliseconds
[gmrf_wind_mapping_node-2] --> MAP did not converge after 1 iterations.
[gmrf_wind_mapping_node-2] [GMRF] MAP Mean value estimated in 9.81513 milliseconds
[gmrf_wind_mapping_node-2] --> MAP did not converge after 1 iterations.
[gmrf_wind_mapping_node-2] [GMRF] MAP Mean value estimated in 9.81331 milliseconds
[gmrf_wind_mapping_node-2] --> MAP did not converge after 1 iterations.
[gmrf_wind_mapping_node-2] [GMRF] MAP Mean value estimated in 9.8173 milliseconds
[gmrf_wind_mapping_node-2] --> MAP did not converge after 1 iterations.
[gmrf_wind_mapping_node-2] [GMRF] MAP Mean value estimated in 9.81613 milliseconds
[gmrf_wind_mapping_node-2] --> MAP did not converge after 1 iterations.
[gmrf_wind_mapping_node-2] [GMRF] MAP Mean value estimated in 9.81818 milliseconds
[gmrf_wind_mapping_node-2] --> MAP did not converge after 1 iterations.
[gmrf_wind_mapping_node-2] [GMRF] MAP Mean value estimated in 9.81765 milliseconds
[gmrf_wind_mapping_node-2] --> MAP did not converge after 1 iterations.
[gmrf_wind_mapping_node-2] [GMRF] MAP Mean value estimated in 9.82099 milliseconds
[gsl_actionserver_node-3] [INFO] [1788859070.312568320] [GSL]: 10 gas measurements, 10 wind measurements over 1.88 seconds
[gsl_actionserver_node-3] [INFO] [1788859070.312634022] [GSL]: avg_gas=0.2;  avg_windSpeed=0.53;  avg_wind_dir=1.5
[gsl_actionserver_node-3] [INFO] [1788859070.313227906] [GSL]: [33mGAS HIT[0m
[gsl_actionserver_node-3] [INFO] [1788859070.313239932] [GSL]: [DEBUG-WIND] useGroundTruth=false gmrf_req_size=626 gaden_req_size=-1
[gsl_actionserver_node-3] [INFO] [1788859070.313247764] [GSL]: [DEBUG-WIND] Taking GMRF path
[gsl_actionserver_node-3] [INFO] [1788859070.327286813] [GSL - Trace]: [32mEntering StopAndMeasure[0m
[gmrf_wind_mapping_node-2] --> MAP did not converge after 1 iterations.
[gmrf_wind_mapping_node-2] [GMRF] MAP Mean value estimated in 9.82046 milliseconds
[gmrf_wind_mapping_node-2] --> MAP did not converge after 1 iterations.
[gmrf_wind_mapping_node-2] [GMRF] MAP Mean value estimated in 9.82251 milliseconds
[gmrf_wind_mapping_node-2] --> MAP did not converge after 1 iterations.
[gmrf_wind_mapping_node-2] [GMRF] MAP Mean value estimated in 9.82134 milliseconds
[gmrf_wind_mapping_node-2] --> MAP did not converge after 1 iterations.
[gmrf_wind_mapping_node-2] [GMRF] MAP Mean value estimated in 9.82081 milliseconds
[gmrf_wind_mapping_node-2] --> MAP did not converge after 1 iterations.
[gmrf_wind_mapping_node-2] [GMRF] MAP Mean value estimated in 9.819 milliseconds
[gmrf_wind_mapping_node-2] --> MAP did not converge after 1 iterations.
[gmrf_wind_mapping_node-2] [GMRF] MAP Mean value estimated in 9.81976 milliseconds
[gmrf_wind_mapping_node-2] --> MAP did not converge after 1 iterations.
[gmrf_wind_mapping_node-2] [GMRF] MAP Mean value estimated in 9.82051 milliseconds
[gmrf_wind_mapping_node-2] --> MAP did not converge after 1 iterations.
[gmrf_wind_mapping_node-2] [GMRF] MAP Mean value estimated in 9.82319 milliseconds
[gmrf_wind_mapping_node-2] --> MAP did not converge after 1 iterations.
[gmrf_wind_mapping_node-2] [GMRF] MAP Mean value estimated in 9.82202 milliseconds
[gmrf_wind_mapping_node-2] --> MAP did not converge after 1 iterations.
[gmrf_wind_mapping_node-2] [GMRF] MAP Mean value estimated in 9.8247 milliseconds
[gmrf_wind_mapping_node-2] --> MAP did not converge after 1 iterations.
[gmrf_wind_mapping_node-2] [GMRF] MAP Mean value estimated in 9.82353 milliseconds
[gmrf_wind_mapping_node-2] --> MAP did not converge after 1 iterations.
[gmrf_wind_mapping_node-2] [GMRF] MAP Mean value estimated in 9.82173 milliseconds
[gmrf_wind_mapping_node-2] --> MAP did not converge after 1 iterations.
[gmrf_wind_mapping_node-2] [GMRF] MAP Mean value estimated in 9.82056 milliseconds
[gmrf_wind_mapping_node-2] --> MAP did not converge after 1 iterations.
[gmrf_wind_mapping_node-2] [GMRF] MAP Mean value estimated in 9.82131 milliseconds
[gmrf_wind_mapping_node-2] --> MAP did not converge after 1 iterations.
[gmrf_wind_mapping_node-2] [GMRF] MAP Mean value estimated in 9.81952 milliseconds
[gmrf_wind_mapping_node-2] --> MAP did not converge after 1 iterations.
[gmrf_wind_mapping_node-2] [GMRF] MAP Mean value estimated in 9.81963 milliseconds
[gmrf_wind_mapping_node-2] --> MAP did not converge after 1 iterations.
[gmrf_wind_mapping_node-2] [GMRF] MAP Mean value estimated in 9.81783 milliseconds
[gmrf_wind_mapping_node-2] --> MAP did not converge after 1 iterations.
[gmrf_wind_mapping_node-2] [GMRF] MAP Mean value estimated in 9.81604 milliseconds
[gmrf_wind_mapping_node-2] --> MAP did not converge after 1 iterations.
[gmrf_wind_mapping_node-2] [GMRF] MAP Mean value estimated in 9.81425 milliseconds
[gmrf_wind_mapping_node-2] --> MAP did not converge after 1 iterations.
[gmrf_wind_mapping_node-2] [GMRF] MAP Mean value estimated in 9.81627 milliseconds
[gsl_actionserver_node-3] [INFO] [1788859072.312488170] [GSL]: 10 gas measurements, 10 wind measurements over 1.99 seconds
[gsl_actionserver_node-3] [INFO] [1788859072.313006587] [GSL]: avg_gas=0.23;  avg_windSpeed=0.57;  avg_wind_dir=1.8
[gsl_actionserver_node-3] [INFO] [1788859072.313680894] [GSL]: [33mGAS HIT[0m
[gsl_actionserver_node-3] [INFO] [1788859072.313694383] [GSL]: [DEBUG-WIND] useGroundTruth=false gmrf_req_size=626 gaden_req_size=-1
[gsl_actionserver_node-3] [INFO] [1788859072.313715627] [GSL]: [DEBUG-WIND] Taking GMRF path
[gsl_actionserver_node-3] [INFO] [1788859072.326755943] [GSL - Trace]: [32mEntering StopAndMeasure[0m
[gmrf_wind_mapping_node-2] --> MAP did not converge after 1 iterations.
[gmrf_wind_mapping_node-2] [GMRF] MAP Mean value estimated in 9.81639 milliseconds
[gmrf_wind_mapping_node-2] --> MAP did not converge after 1 iterations.
[gmrf_wind_mapping_node-2] [GMRF] MAP Mean value estimated in 9.81905 milliseconds
[gmrf_wind_mapping_node-2] --> MAP did not converge after 1 iterations.
[gmrf_wind_mapping_node-2] [GMRF] MAP Mean value estimated in 9.81726 milliseconds
[gmrf_wind_mapping_node-2] --> MAP did not converge after 1 iterations.
[gmrf_wind_mapping_node-2] [GMRF] MAP Mean value estimated in 9.81991 milliseconds
[gmrf_wind_mapping_node-2] --> MAP did not converge after 1 iterations.
[gmrf_wind_mapping_node-2] [GMRF] MAP Mean value estimated in 9.81812 milliseconds
[gmrf_wind_mapping_node-2] --> MAP did not converge after 1 iterations.
[gmrf_wind_mapping_node-2] [GMRF] MAP Mean value estimated in 9.81634 milliseconds
[gmrf_wind_mapping_node-2] --> MAP did not converge after 1 iterations.
[gmrf_wind_mapping_node-2] [GMRF] MAP Mean value estimated in 9.81456 milliseconds
[gmrf_wind_mapping_node-2] --> MAP did not converge after 1 iterations.
[gmrf_wind_mapping_node-2] [GMRF] MAP Mean value estimated in 9.81278 milliseconds
[gmrf_wind_mapping_node-2] --> MAP did not converge after 1 iterations.
[gmrf_wind_mapping_node-2] [GMRF] MAP Mean value estimated in 9.811 milliseconds
[gmrf_wind_mapping_node-2] --> MAP did not converge after 1 iterations.
[gmrf_wind_mapping_node-2] [GMRF] MAP Mean value estimated in 9.81175 milliseconds
[gmrf_wind_mapping_node-2] --> MAP did not converge after 1 iterations.
[gmrf_wind_mapping_node-2] [GMRF] MAP Mean value estimated in 9.81124 milliseconds
[gmrf_wind_mapping_node-2] --> MAP did not converge after 1 iterations.
[gmrf_wind_mapping_node-2] [GMRF] MAP Mean value estimated in 9.81388 milliseconds
[gmrf_wind_mapping_node-2] --> MAP did not converge after 1 iterations.
[gmrf_wind_mapping_node-2] [GMRF] MAP Mean value estimated in 9.81211 milliseconds
[gmrf_wind_mapping_node-2] --> MAP did not converge after 1 iterations.
[gmrf_wind_mapping_node-2] [GMRF] MAP Mean value estimated in 9.81474 milliseconds
[gmrf_wind_mapping_node-2] --> MAP did not converge after 1 iterations.
[gmrf_wind_mapping_node-2] [GMRF] MAP Mean value estimated in 9.81297 milliseconds
[gmrf_wind_mapping_node-2] --> MAP did not converge after 1 iterations.
[gmrf_wind_mapping_node-2] [GMRF] MAP Mean value estimated in 9.81246 milliseconds
[gmrf_wind_mapping_node-2] --> MAP did not converge after 1 iterations.
[gmrf_wind_mapping_node-2] [GMRF] MAP Mean value estimated in 9.81069 milliseconds
[gmrf_wind_mapping_node-2] --> MAP did not converge after 1 iterations.
[gmrf_wind_mapping_node-2] [GMRF] MAP Mean value estimated in 9.8083 milliseconds
[gmrf_wind_mapping_node-2] --> MAP did not converge after 1 iterations.
[gmrf_wind_mapping_node-2] [GMRF] MAP Mean value estimated in 9.80716 milliseconds
[gmrf_wind_mapping_node-2] --> MAP did not converge after 1 iterations.
[gmrf_wind_mapping_node-2] [GMRF] MAP Mean value estimated in 9.80791 milliseconds
[gmrf_wind_mapping_node-2] --> MAP did not converge after 1 iterations.
[gmrf_wind_mapping_node-2] [GMRF] MAP Mean value estimated in 9.80678 milliseconds
[gsl_actionserver_node-3] [INFO] [1788859074.362912949] [GSL]: 10 gas measurements, 10 wind measurements over 2.04 seconds
[gsl_actionserver_node-3] [INFO] [1788859074.363032721] [GSL]: avg_gas=0.25;  avg_windSpeed=0.53;  avg_wind_dir=1.5
[gsl_actionserver_node-3] [INFO] [1788859074.364440296] [GSL]: [33mGAS HIT[0m
[gsl_actionserver_node-3] [INFO] [1788859074.364467453] [GSL]: [DEBUG-WIND] useGroundTruth=false gmrf_req_size=626 gaden_req_size=-1
[gsl_actionserver_node-3] [INFO] [1788859074.364485526] [GSL]: [DEBUG-WIND] Taking GMRF path
[gsl_actionserver_node-3] [INFO] [1788859074.427225773] [GSL - Trace]: [32mEntering StopAndMeasure[0m
[gmrf_wind_mapping_node-2] --> MAP did not converge after 1 iterations.
[gmrf_wind_mapping_node-2] [GMRF] MAP Mean value estimated in 9.80878 milliseconds
[gmrf_wind_mapping_node-2] --> MAP did not converge after 1 iterations.
[gmrf_wind_mapping_node-2] [GMRF] MAP Mean value estimated in 9.80764 milliseconds
[gmrf_wind_mapping_node-2] --> MAP did not converge after 1 iterations.
[gmrf_wind_mapping_node-2] [GMRF] MAP Mean value estimated in 9.80964 milliseconds
[gmrf_wind_mapping_node-2] --> MAP did not converge after 1 iterations.
[gmrf_wind_mapping_node-2] [GMRF] MAP Mean value estimated in 9.80788 milliseconds
[gmrf_wind_mapping_node-2] --> MAP did not converge after 1 iterations.
[gmrf_wind_mapping_node-2] [GMRF] MAP Mean value estimated in 9.80738 milliseconds
[gmrf_wind_mapping_node-2] --> MAP did not converge after 1 iterations.
[gmrf_wind_mapping_node-2] [GMRF] MAP Mean value estimated in 9.80813 milliseconds
[gmrf_wind_mapping_node-2] --> MAP did not converge after 1 iterations.
[gmrf_wind_mapping_node-2] [GMRF] MAP Mean value estimated in 9.80824 milliseconds
[gmrf_wind_mapping_node-2] --> MAP did not converge after 1 iterations.
[gmrf_wind_mapping_node-2] [GMRF] MAP Mean value estimated in 9.80712 milliseconds
[gmrf_wind_mapping_node-2] --> MAP did not converge after 1 iterations.
[gmrf_wind_mapping_node-2] [GMRF] MAP Mean value estimated in 9.80536 milliseconds
[gmrf_wind_mapping_node-2] --> MAP did not converge after 1 iterations.
[gmrf_wind_mapping_node-2] [GMRF] MAP Mean value estimated in 9.80362 milliseconds
[gmrf_wind_mapping_node-2] --> MAP did not converge after 1 iterations.
[gmrf_wind_mapping_node-2] [GMRF] MAP Mean value estimated in 9.80623 milliseconds
[gmrf_wind_mapping_node-2] --> MAP did not converge after 1 iterations.
[gmrf_wind_mapping_node-2] [GMRF] MAP Mean value estimated in 9.80511 milliseconds
[gmrf_wind_mapping_node-2] --> MAP did not converge after 1 iterations.
[gmrf_wind_mapping_node-2] [GMRF] MAP Mean value estimated in 9.8046 milliseconds
[gmrf_wind_mapping_node-2] --> MAP did not converge after 1 iterations.
[gmrf_wind_mapping_node-2] [GMRF] MAP Mean value estimated in 9.80348 milliseconds
[gmrf_wind_mapping_node-2] --> MAP did not converge after 1 iterations.
[gmrf_wind_mapping_node-2] [GMRF] MAP Mean value estimated in 9.80547 milliseconds
[gmrf_wind_mapping_node-2] --> MAP did not converge after 1 iterations.
[gmrf_wind_mapping_node-2] [GMRF] MAP Mean value estimated in 9.80621 milliseconds
[gmrf_wind_mapping_node-2] --> MAP did not converge after 1 iterations.
[gmrf_wind_mapping_node-2] [GMRF] MAP Mean value estimated in 9.81068 milliseconds
[gmrf_wind_mapping_node-2] --> MAP did not converge after 1 iterations.
[gmrf_wind_mapping_node-2] [GMRF] MAP Mean value estimated in 9.80831 milliseconds
[gmrf_wind_mapping_node-2] --> MAP did not converge after 1 iterations.
[gmrf_wind_mapping_node-2] [GMRF] MAP Mean value estimated in 9.81029 milliseconds
[gmrf_wind_mapping_node-2] --> MAP did not converge after 1 iterations.
[gmrf_wind_mapping_node-2] [GMRF] MAP Mean value estimated in 9.81041 milliseconds
[gsl_actionserver_node-3] [INFO] [1788859076.362667288] [GSL]: 10 gas measurements, 10 wind measurements over 1.94 seconds
[gsl_actionserver_node-3] [INFO] [1788859076.363407000] [GSL]: avg_gas=0.29;  avg_windSpeed=0.57;  avg_wind_dir=1.8
[gsl_actionserver_node-3] [INFO] [1788859076.364373360] [GSL]: [33mGAS HIT[0m
[gsl_actionserver_node-3] [INFO] [1788859076.364392309] [GSL]: [DEBUG-WIND] useGroundTruth=false gmrf_req_size=626 gaden_req_size=-1
[gsl_actionserver_node-3] [INFO] [1788859076.364405156] [GSL]: [DEBUG-WIND] Taking GMRF path
[gsl_actionserver_node-3] [INFO] [1788859076.427066005] [GSL - Trace]: [32mEntering StopAndMeasure[0m
[gmrf_wind_mapping_node-2] --> MAP did not converge after 1 iterations.
[gmrf_wind_mapping_node-2] [GMRF] MAP Mean value estimated in 9.813 milliseconds
[gmrf_wind_mapping_node-2] --> MAP did not converge after 1 iterations.
[gmrf_wind_mapping_node-2] [GMRF] MAP Mean value estimated in 9.8125 milliseconds
[gmrf_wind_mapping_node-2] --> MAP did not converge after 1 iterations.
[gmrf_wind_mapping_node-2] [GMRF] MAP Mean value estimated in 9.81633 milliseconds
[gmrf_wind_mapping_node-2] --> MAP did not converge after 1 iterations.
[gmrf_wind_mapping_node-2] [GMRF] MAP Mean value estimated in 9.8152 milliseconds
[gmrf_wind_mapping_node-2] --> MAP did not converge after 1 iterations.
[gmrf_wind_mapping_node-2] [GMRF] MAP Mean value estimated in 9.81841 milliseconds
[gmrf_wind_mapping_node-2] --> MAP did not converge after 1 iterations.
[gmrf_wind_mapping_node-2] [GMRF] MAP Mean value estimated in 9.82037 milliseconds
[gmrf_wind_mapping_node-2] --> MAP did not converge after 1 iterations.
[gmrf_wind_mapping_node-2] [GMRF] MAP Mean value estimated in 9.82171 milliseconds
[gmrf_wind_mapping_node-2] --> MAP did not converge after 1 iterations.
[gmrf_wind_mapping_node-2] [GMRF] MAP Mean value estimated in 9.82121 milliseconds
[gmrf_wind_mapping_node-2] --> MAP did not converge after 1 iterations.
[gmrf_wind_mapping_node-2] [GMRF] MAP Mean value estimated in 9.82378 milliseconds
[gmrf_wind_mapping_node-2] --> MAP did not converge after 1 iterations.
[gmrf_wind_mapping_node-2] [GMRF] MAP Mean value estimated in 9.82204 milliseconds
[gmrf_wind_mapping_node-2] --> MAP did not converge after 1 iterations.
[gmrf_wind_mapping_node-2] [GMRF] MAP Mean value estimated in 9.82462 milliseconds
[gmrf_wind_mapping_node-2] --> MAP did not converge after 1 iterations.
[gmrf_wind_mapping_node-2] [GMRF] MAP Mean value estimated in 9.82595 milliseconds
[gmrf_wind_mapping_node-2] --> MAP did not converge after 1 iterations.
[gmrf_wind_mapping_node-2] [GMRF] MAP Mean value estimated in 9.82852 milliseconds
[gmrf_wind_mapping_node-2] --> MAP did not converge after 1 iterations.
[gmrf_wind_mapping_node-2] [GMRF] MAP Mean value estimated in 9.8274 milliseconds
[gmrf_wind_mapping_node-2] --> MAP did not converge after 1 iterations.
[gmrf_wind_mapping_node-2] [GMRF] MAP Mean value estimated in 9.82996 milliseconds
[gmrf_wind_mapping_node-2] --> MAP did not converge after 1 iterations.
[gmrf_wind_mapping_node-2] [GMRF] MAP Mean value estimated in 9.83067 milliseconds
[gmrf_wind_mapping_node-2] --> MAP did not converge after 1 iterations.
[gmrf_wind_mapping_node-2] [GMRF] MAP Mean value estimated in 9.82955 milliseconds
[gmrf_wind_mapping_node-2] --> MAP did not converge after 1 iterations.
[gmrf_wind_mapping_node-2] [GMRF] MAP Mean value estimated in 9.82782 milliseconds
[gmrf_wind_mapping_node-2] --> MAP did not converge after 1 iterations.
[gmrf_wind_mapping_node-2] [GMRF] MAP Mean value estimated in 9.8316 milliseconds
[gsl_actionserver_node-3] [INFO] [1788859078.312496362] [GSL]: 10 gas measurements, 10 wind measurements over 1.89 seconds
[gsl_actionserver_node-3] [INFO] [1788859078.312567475] [GSL]: avg_gas=0.24;  avg_windSpeed=0.53;  avg_wind_dir=1.5
[gsl_actionserver_node-3] [INFO] [1788859078.313175440] [GSL]: [33mGAS HIT[0m
[gsl_actionserver_node-3] [INFO] [1788859078.313194322] [GSL]: [DEBUG-WIND] useGroundTruth=false gmrf_req_size=626 gaden_req_size=-1
[gsl_actionserver_node-3] [INFO] [1788859078.313206069] [GSL]: [DEBUG-WIND] Taking GMRF path
[gmrf_wind_mapping_node-2] --> MAP did not converge after 1 iterations.
[gmrf_wind_mapping_node-2] [GMRF] MAP Mean value estimated in 9.83109 milliseconds
[gsl_actionserver_node-3] [INFO] [1788859078.341031365] [GSL]: Max mutual info: 1.968
[gsl_actionserver_node-3] [INFO] [1788859078.341439726] [GSL]: MutualInformation - Ellapsed: 0.015s
[vgr_sim_node-1] [WARN] [1788859078.347720306] [vgr_uav_sim]: PLAN_CB: called with goal=(-5.90,2.17)
[vgr_sim_node-1] [WARN] [1788859078.352106228] [vgr_uav_sim]: PLAN_CB: returning 4 poses
[vgr_sim_node-1] [WARN] [1788859078.361600591] [vgr_uav_sim]: PLAN_CB: called with goal=(-5.90,2.17)
[vgr_sim_node-1] [WARN] [1788859078.362760163] [vgr_uav_sim]: PLAN_CB: returning 4 poses
[gsl_actionserver_node-3] [INFO] [1788859078.371548098] [GSL]: Sending goal (-5.90, 2.17)
[gsl_actionserver_node-3] [INFO] [1788859078.372494652] [GSL]: Variance: 0.23
[gsl_actionserver_node-3] [INFO] [1788859078.372516623] [GSL - Trace]: [32mEntering Moving[0m
[vgr_sim_node-1] [INFO] [1788859078.373422758] [vgr_uav_sim]: Prepared 4 collision-free navigation waypoints to (-5.90, 2.17)
[vgr_sim_node-1] [INFO] [1788859078.374479175] [vgr_uav_sim]: UAV navigating in audited 2-D mode to (-5.90, 2.17, 0.30)
[gmrf_wind_mapping_node-2] --> MAP did not converge after 1 iterations.
[gmrf_wind_mapping_node-2] [GMRF] MAP Mean value estimated in 9.83364 milliseconds
[gmrf_wind_mapping_node-2] --> MAP did not converge after 1 iterations.
[gmrf_wind_mapping_node-2] [GMRF] MAP Mean value estimated in 9.83252 milliseconds
[gmrf_wind_mapping_node-2] --> MAP did not converge after 1 iterations.
[gmrf_wind_mapping_node-2] [GMRF] MAP Mean value estimated in 9.83629 milliseconds
[gmrf_wind_mapping_node-2] --> MAP did not converge after 1 iterations.
[gmrf_wind_mapping_node-2] [GMRF] MAP Mean value estimated in 9.83455 milliseconds
[gmrf_wind_mapping_node-2] --> MAP did not converge after 1 iterations.
[gmrf_wind_mapping_node-2] [GMRF] MAP Mean value estimated in 9.8371 milliseconds
[gmrf_wind_mapping_node-2] --> MAP did not converge after 1 iterations.
[gmrf_wind_mapping_node-2] [GMRF] MAP Mean value estimated in 9.8378 milliseconds
[gsl_actionserver_node-3] [INFO] [1788859078.963233635] [GSL - Trace]: [32mEntering StopAndMeasure[0m
[gmrf_wind_mapping_node-2] --> MAP did not converge after 1 iterations.
[gmrf_wind_mapping_node-2] [GMRF] MAP Mean value estimated in 9.84034 milliseconds
[gmrf_wind_mapping_node-2] --> MAP did not converge after 1 iterations.
[gmrf_wind_mapping_node-2] [GMRF] MAP Mean value estimated in 9.84166 milliseconds
[gmrf_wind_mapping_node-2] --> MAP did not converge after 1 iterations.
[gmrf_wind_mapping_node-2] [GMRF] MAP Mean value estimated in 9.84419 milliseconds
[gmrf_wind_mapping_node-2] --> MAP did not converge after 1 iterations.
[gmrf_wind_mapping_node-2] [GMRF] MAP Mean value estimated in 9.8455 milliseconds
[gmrf_wind_mapping_node-2] --> MAP did not converge after 1 iterations.
[gmrf_wind_mapping_node-2] [GMRF] MAP Mean value estimated in 9.84802 milliseconds
[gmrf_wind_mapping_node-2] --> MAP did not converge after 1 iterations.
[gmrf_wind_mapping_node-2] [GMRF] MAP Mean value estimated in 9.84994 milliseconds
[gmrf_wind_mapping_node-2] --> MAP did not converge after 1 iterations.
[gmrf_wind_mapping_node-2] [GMRF] MAP Mean value estimated in 9.85246 milliseconds
[gmrf_wind_mapping_node-2] --> MAP did not converge after 1 iterations.
[gmrf_wind_mapping_node-2] [GMRF] MAP Mean value estimated in 9.85133 milliseconds
[gmrf_wind_mapping_node-2] --> MAP did not converge after 1 iterations.
[gmrf_wind_mapping_node-2] [GMRF] MAP Mean value estimated in 9.85324 milliseconds
[gmrf_wind_mapping_node-2] --> MAP did not converge after 1 iterations.
[gmrf_wind_mapping_node-2] [GMRF] MAP Mean value estimated in 9.85212 milliseconds
[gmrf_wind_mapping_node-2] --> MAP did not converge after 1 iterations.
[gmrf_wind_mapping_node-2] [GMRF] MAP Mean value estimated in 9.85463 milliseconds
[gmrf_wind_mapping_node-2] --> MAP did not converge after 1 iterations.
[gmrf_wind_mapping_node-2] [GMRF] MAP Mean value estimated in 9.85654 milliseconds
[gmrf_wind_mapping_node-2] --> MAP did not converge after 1 iterations.
[gmrf_wind_mapping_node-2] [GMRF] MAP Mean value estimated in 9.85723 milliseconds
[gmrf_wind_mapping_node-2] --> MAP did not converge after 1 iterations.
[gmrf_wind_mapping_node-2] [GMRF] MAP Mean value estimated in 9.85611 milliseconds
[gmrf_wind_mapping_node-2] --> MAP did not converge after 1 iterations.
[gmrf_wind_mapping_node-2] [GMRF] MAP Mean value estimated in 9.85619 milliseconds
[gmrf_wind_mapping_node-2] --> MAP did not converge after 1 iterations.
[gmrf_wind_mapping_node-2] [GMRF] MAP Mean value estimated in 9.85568 milliseconds
[gmrf_wind_mapping_node-2] --> MAP did not converge after 1 iterations.
[gmrf_wind_mapping_node-2] [GMRF] MAP Mean value estimated in 9.85818 milliseconds
[gmrf_wind_mapping_node-2] --> MAP did not converge after 1 iterations.
[gmrf_wind_mapping_node-2] [GMRF] MAP Mean value estimated in 9.85766 milliseconds
[gmrf_wind_mapping_node-2] --> MAP did not converge after 1 iterations.
[gmrf_wind_mapping_node-2] [GMRF] MAP Mean value estimated in 9.85895 milliseconds
[gmrf_wind_mapping_node-2] --> MAP did not converge after 1 iterations.
[gmrf_wind_mapping_node-2] [GMRF] MAP Mean value estimated in 9.85723 milliseconds
[gsl_actionserver_node-3] [INFO] [1788859080.962536057] [GSL]: 10 gas measurements, 10 wind measurements over 2.00 seconds
[gsl_actionserver_node-3] [INFO] [1788859080.962594771] [GSL]: avg_gas=0.19;  avg_windSpeed=0.9;  avg_wind_dir=1.6
[gsl_actionserver_node-3] [INFO] [1788859080.963099492] [GSL]: [33mGAS HIT[0m
[gsl_actionserver_node-3] [INFO] [1788859080.963110494] [GSL]: [DEBUG-WIND] useGroundTruth=false gmrf_req_size=626 gaden_req_size=-1
[gsl_actionserver_node-3] [INFO] [1788859080.963117146] [GSL]: [DEBUG-WIND] Taking GMRF path
[gsl_actionserver_node-3] [INFO] [1788859081.026970301] [GSL - Trace]: [32mEntering StopAndMeasure[0m
[gmrf_wind_mapping_node-2] --> MAP did not converge after 1 iterations.
[gmrf_wind_mapping_node-2] [GMRF] MAP Mean value estimated in 9.85551 milliseconds
[gmrf_wind_mapping_node-2] --> MAP did not converge after 1 iterations.
[gmrf_wind_mapping_node-2] [GMRF] MAP Mean value estimated in 9.85439 milliseconds
[gmrf_wind_mapping_node-2] --> MAP did not converge after 1 iterations.
[gmrf_wind_mapping_node-2] [GMRF] MAP Mean value estimated in 9.85268 milliseconds
[gmrf_wind_mapping_node-2] --> MAP did not converge after 1 iterations.
[gmrf_wind_mapping_node-2] [GMRF] MAP Mean value estimated in 9.85096 milliseconds
[gmrf_wind_mapping_node-2] --> MAP did not converge after 1 iterations.
[gmrf_wind_mapping_node-2] [GMRF] MAP Mean value estimated in 9.85465 milliseconds
[gmrf_wind_mapping_node-2] --> MAP did not converge after 1 iterations.
[gmrf_wind_mapping_node-2] [GMRF] MAP Mean value estimated in 9.85354 milliseconds
[gmrf_wind_mapping_node-2] --> MAP did not converge after 1 iterations.
[gmrf_wind_mapping_node-2] [GMRF] MAP Mean value estimated in 9.85723 milliseconds
[gmrf_wind_mapping_node-2] --> MAP did not converge after 1 iterations.
[gmrf_wind_mapping_node-2] [GMRF] MAP Mean value estimated in 9.85552 milliseconds
[gmrf_wind_mapping_node-2] --> MAP did not converge after 1 iterations.
[gmrf_wind_mapping_node-2] [GMRF] MAP Mean value estimated in 9.8586 milliseconds
[gmrf_wind_mapping_node-2] --> MAP did not converge after 1 iterations.
[gmrf_wind_mapping_node-2] [GMRF] MAP Mean value estimated in 9.86048 milliseconds
[gmrf_wind_mapping_node-2] --> MAP did not converge after 1 iterations.
[gmrf_wind_mapping_node-2] [GMRF] MAP Mean value estimated in 9.86355 milliseconds
[gmrf_wind_mapping_node-2] --> MAP did not converge after 1 iterations.
[gmrf_wind_mapping_node-2] [GMRF] MAP Mean value estimated in 9.86184 milliseconds
[gmrf_wind_mapping_node-2] --> MAP did not converge after 1 iterations.
[gmrf_wind_mapping_node-2] [GMRF] MAP Mean value estimated in 9.86192 milliseconds
[gmrf_wind_mapping_node-2] --> MAP did not converge after 1 iterations.
[gmrf_wind_mapping_node-2] [GMRF] MAP Mean value estimated in 9.86081 milliseconds
[gmrf_wind_mapping_node-2] --> MAP did not converge after 1 iterations.
[gmrf_wind_mapping_node-2] [GMRF] MAP Mean value estimated in 9.86269 milliseconds
[gmrf_wind_mapping_node-2] --> MAP did not converge after 1 iterations.
[gmrf_wind_mapping_node-2] [GMRF] MAP Mean value estimated in 9.86158 milliseconds
[gmrf_wind_mapping_node-2] --> MAP did not converge after 1 iterations.
[gmrf_wind_mapping_node-2] [GMRF] MAP Mean value estimated in 9.86285 milliseconds
[gmrf_wind_mapping_node-2] --> MAP did not converge after 1 iterations.
[gmrf_wind_mapping_node-2] [GMRF] MAP Mean value estimated in 9.86293 milliseconds
[gmrf_wind_mapping_node-2] --> MAP did not converge after 1 iterations.
[gmrf_wind_mapping_node-2] [GMRF] MAP Mean value estimated in 9.8654 milliseconds
[gmrf_wind_mapping_node-2] --> MAP did not converge after 1 iterations.
[gmrf_wind_mapping_node-2] [GMRF] MAP Mean value estimated in 9.86488 milliseconds
[gsl_actionserver_node-3] [INFO] [1788859082.962600918] [GSL]: 10 gas measurements, 10 wind measurements over 1.94 seconds
[gsl_actionserver_node-3] [INFO] [1788859082.962857309] [GSL]: avg_gas=0.16;  avg_windSpeed=0.5;  avg_wind_dir=1.4
[gsl_actionserver_node-3] [INFO] [1788859082.963772661] [GSL]: [33mGAS HIT[0m
[gsl_actionserver_node-3] [INFO] [1788859082.963812102] [GSL]: [DEBUG-WIND] useGroundTruth=false gmrf_req_size=626 gaden_req_size=-1
[gsl_actionserver_node-3] [INFO] [1788859082.964259493] [GSL]: [DEBUG-WIND] Taking GMRF path
[gsl_actionserver_node-3] [INFO] [1788859083.027540046] [GSL - Trace]: [32mEntering StopAndMeasure[0m
[gmrf_wind_mapping_node-2] --> MAP did not converge after 1 iterations.
[gmrf_wind_mapping_node-2] [GMRF] MAP Mean value estimated in 9.86734 milliseconds
[gmrf_wind_mapping_node-2] --> MAP did not converge after 1 iterations.
[gmrf_wind_mapping_node-2] [GMRF] MAP Mean value estimated in 9.86564 milliseconds
[gmrf_wind_mapping_node-2] --> MAP did not converge after 1 iterations.
[gmrf_wind_mapping_node-2] [GMRF] MAP Mean value estimated in 9.86393 milliseconds
[gmrf_wind_mapping_node-2] --> MAP did not converge after 1 iterations.
[gmrf_wind_mapping_node-2] [GMRF] MAP Mean value estimated in 9.86223 milliseconds
[gmrf_wind_mapping_node-2] --> MAP did not converge after 1 iterations.
[gmrf_wind_mapping_node-2] [GMRF] MAP Mean value estimated in 9.86291 milliseconds
[gmrf_wind_mapping_node-2] --> MAP did not converge after 1 iterations.
[gmrf_wind_mapping_node-2] [GMRF] MAP Mean value estimated in 9.86121 milliseconds
[gmrf_wind_mapping_node-2] --> MAP did not converge after 1 iterations.
[gmrf_wind_mapping_node-2] [GMRF] MAP Mean value estimated in 9.85951 milliseconds
[gmrf_wind_mapping_node-2] --> MAP did not converge after 1 iterations.
[gmrf_wind_mapping_node-2] [GMRF] MAP Mean value estimated in 9.85841 milliseconds
[gmrf_wind_mapping_node-2] --> MAP did not converge after 1 iterations.
[gmrf_wind_mapping_node-2] [GMRF] MAP Mean value estimated in 9.85909 milliseconds
[gmrf_wind_mapping_node-2] --> MAP did not converge after 1 iterations.
[gmrf_wind_mapping_node-2] [GMRF] MAP Mean value estimated in 9.8574 milliseconds
[gmrf_wind_mapping_node-2] --> MAP did not converge after 1 iterations.
[gmrf_wind_mapping_node-2] [GMRF] MAP Mean value estimated in 9.86162 milliseconds
[gmrf_wind_mapping_node-2] --> MAP did not converge after 1 iterations.
[gmrf_wind_mapping_node-2] [GMRF] MAP Mean value estimated in 9.85993 milliseconds
[gmrf_wind_mapping_node-2] --> MAP did not converge after 1 iterations.
[gmrf_wind_mapping_node-2] [GMRF] MAP Mean value estimated in 9.85883 milliseconds
[gmrf_wind_mapping_node-2] --> MAP did not converge after 1 iterations.
[gmrf_wind_mapping_node-2] [GMRF] MAP Mean value estimated in 9.85832 milliseconds
[gmrf_wind_mapping_node-2] --> MAP did not converge after 1 iterations.
[gmrf_wind_mapping_node-2] [GMRF] MAP Mean value estimated in 9.859 milliseconds
[gmrf_wind_mapping_node-2] --> MAP did not converge after 1 iterations.
[gmrf_wind_mapping_node-2] [GMRF] MAP Mean value estimated in 9.85849 milliseconds
[gmrf_wind_mapping_node-2] --> MAP did not converge after 1 iterations.
[gmrf_wind_mapping_node-2] [GMRF] MAP Mean value estimated in 9.8627 milliseconds
[gmrf_wind_mapping_node-2] --> MAP did not converge after 1 iterations.
[gmrf_wind_mapping_node-2] [GMRF] MAP Mean value estimated in 9.86101 milliseconds
[gmrf_wind_mapping_node-2] --> MAP did not converge after 1 iterations.
[gmrf_wind_mapping_node-2] [GMRF] MAP Mean value estimated in 9.86168 milliseconds
[gsl_actionserver_node-3] [INFO] [1788859084.912508009] [GSL]: 10 gas measurements, 10 wind measurements over 1.88 seconds
[gsl_actionserver_node-3] [INFO] [1788859084.912580667] [GSL]: avg_gas=0.14;  avg_windSpeed=0.9;  avg_wind_dir=1.6
[gsl_actionserver_node-3] [INFO] [1788859084.913903581] [GSL]: [33mGAS HIT[0m
[gsl_actionserver_node-3] [INFO] [1788859084.913948783] [GSL]: [DEBUG-WIND] useGroundTruth=false gmrf_req_size=626 gaden_req_size=-1
[gsl_actionserver_node-3] [INFO] [1788859084.913960028] [GSL]: [DEBUG-WIND] Taking GMRF path
[gsl_actionserver_node-3] [INFO] [1788859084.926590761] [GSL - Trace]: [32mEntering StopAndMeasure[0m
[gmrf_wind_mapping_node-2] --> MAP did not converge after 1 iterations.
[gmrf_wind_mapping_node-2] [GMRF] MAP Mean value estimated in 9.86176 milliseconds
[gmrf_wind_mapping_node-2] --> MAP did not converge after 1 iterations.
[gmrf_wind_mapping_node-2] [GMRF] MAP Mean value estimated in 9.8642 milliseconds
[gmrf_wind_mapping_node-2] --> MAP did not converge after 1 iterations.
[gmrf_wind_mapping_node-2] [GMRF] MAP Mean value estimated in 9.86428 milliseconds
[gmrf_wind_mapping_node-2] --> MAP did not converge after 1 iterations.
[gmrf_wind_mapping_node-2] [GMRF] MAP Mean value estimated in 9.86553 milliseconds
[gmrf_wind_mapping_node-2] --> MAP did not converge after 1 iterations.
[gmrf_wind_mapping_node-2] [GMRF] MAP Mean value estimated in 9.86502 milliseconds
[gmrf_wind_mapping_node-2] --> MAP did not converge after 1 iterations.
[gmrf_wind_mapping_node-2] [GMRF] MAP Mean value estimated in 9.86393 milliseconds
[gmrf_wind_mapping_node-2] --> MAP did not converge after 1 iterations.
[gmrf_wind_mapping_node-2] [GMRF] MAP Mean value estimated in 9.86401 milliseconds
[gmrf_wind_mapping_node-2] --> MAP did not converge after 1 iterations.
[gmrf_wind_mapping_node-2] [GMRF] MAP Mean value estimated in 9.86643 milliseconds
[gmrf_wind_mapping_node-2] --> MAP did not converge after 1 iterations.
[gmrf_wind_mapping_node-2] [GMRF] MAP Mean value estimated in 9.86534 milliseconds
[gmrf_wind_mapping_node-2] --> MAP did not converge after 1 iterations.
[gmrf_wind_mapping_node-2] [GMRF] MAP Mean value estimated in 9.86893 milliseconds
[gmrf_wind_mapping_node-2] --> MAP did not converge after 1 iterations.
[gmrf_wind_mapping_node-2] [GMRF] MAP Mean value estimated in 9.86901 milliseconds
[gmrf_wind_mapping_node-2] --> MAP did not converge after 1 iterations.
[gmrf_wind_mapping_node-2] [GMRF] MAP Mean value estimated in 9.872 milliseconds
[gmrf_wind_mapping_node-2] --> MAP did not converge after 1 iterations.
[gmrf_wind_mapping_node-2] [GMRF] MAP Mean value estimated in 9.87208 milliseconds
[gmrf_wind_mapping_node-2] --> MAP did not converge after 1 iterations.
[gmrf_wind_mapping_node-2] [GMRF] MAP Mean value estimated in 9.87507 milliseconds
[gmrf_wind_mapping_node-2] --> MAP did not converge after 1 iterations.
[gmrf_wind_mapping_node-2] [GMRF] MAP Mean value estimated in 9.87398 milliseconds
[gmrf_wind_mapping_node-2] --> MAP did not converge after 1 iterations.
[gmrf_wind_mapping_node-2] [GMRF] MAP Mean value estimated in 9.87289 milliseconds
[gmrf_wind_mapping_node-2] --> MAP did not converge after 1 iterations.
[gmrf_wind_mapping_node-2] [GMRF] MAP Mean value estimated in 9.87529 milliseconds
[gmrf_wind_mapping_node-2] --> MAP did not converge after 1 iterations.
[gmrf_wind_mapping_node-2] [GMRF] MAP Mean value estimated in 9.87711 milliseconds
[gmrf_wind_mapping_node-2] --> MAP did not converge after 1 iterations.
[gmrf_wind_mapping_node-2] [GMRF] MAP Mean value estimated in 9.87602 milliseconds
[gmrf_wind_mapping_node-2] --> MAP did not converge after 1 iterations.
[gmrf_wind_mapping_node-2] [GMRF] MAP Mean value estimated in 9.87667 milliseconds
[gsl_actionserver_node-3] [INFO] [1788859086.912513571] [GSL]: 10 gas measurements, 10 wind measurements over 1.99 seconds
[gsl_actionserver_node-3] [INFO] [1788859086.912572439] [GSL]: avg_gas=0.23;  avg_windSpeed=0.5;  avg_wind_dir=1.4
[gsl_actionserver_node-3] [INFO] [1788859086.913059912] [GSL]: [33mGAS HIT[0m
[gsl_actionserver_node-3] [INFO] [1788859086.913069478] [GSL]: [DEBUG-WIND] useGroundTruth=false gmrf_req_size=626 gaden_req_size=-1
[gsl_actionserver_node-3] [INFO] [1788859086.913075862] [GSL]: [DEBUG-WIND] Taking GMRF path
[gsl_actionserver_node-3] [INFO] [1788859086.926574066] [GSL - Trace]: [32mEntering StopAndMeasure[0m
[gmrf_wind_mapping_node-2] --> MAP did not converge after 1 iterations.
[gmrf_wind_mapping_node-2] [GMRF] MAP Mean value estimated in 9.875 milliseconds
[gmrf_wind_mapping_node-2] --> MAP did not converge after 1 iterations.
[gmrf_wind_mapping_node-2] [GMRF] MAP Mean value estimated in 9.87449 milliseconds
[gmrf_wind_mapping_node-2] --> MAP did not converge after 1 iterations.
[gmrf_wind_mapping_node-2] [GMRF] MAP Mean value estimated in 9.87282 milliseconds
[gmrf_wind_mapping_node-2] --> MAP did not converge after 1 iterations.
[gmrf_wind_mapping_node-2] [GMRF] MAP Mean value estimated in 9.87464 milliseconds
[gmrf_wind_mapping_node-2] --> MAP did not converge after 1 iterations.
[gmrf_wind_mapping_node-2] [GMRF] MAP Mean value estimated in 9.87297 milliseconds
[gmrf_wind_mapping_node-2] --> MAP did not converge after 1 iterations.
[gmrf_wind_mapping_node-2] [GMRF] MAP Mean value estimated in 9.8713 milliseconds
[gmrf_wind_mapping_node-2] --> MAP did not converge after 1 iterations.
[gmrf_wind_mapping_node-2] [GMRF] MAP Mean value estimated in 9.87022 milliseconds
[gmrf_wind_mapping_node-2] --> MAP did not converge after 1 iterations.
[gmrf_wind_mapping_node-2] [GMRF] MAP Mean value estimated in 9.86856 milliseconds
[gmrf_wind_mapping_node-2] --> MAP did not converge after 1 iterations.
[gmrf_wind_mapping_node-2] [GMRF] MAP Mean value estimated in 9.86863 milliseconds
[gmrf_wind_mapping_node-2] --> MAP did not converge after 1 iterations.
[gmrf_wind_mapping_node-2] [GMRF] MAP Mean value estimated in 9.87276 milliseconds
[gmrf_wind_mapping_node-2] --> MAP did not converge after 1 iterations.
[gmrf_wind_mapping_node-2] [GMRF] MAP Mean value estimated in 9.87341 milliseconds
[gmrf_wind_mapping_node-2] --> MAP did not converge after 1 iterations.
[gmrf_wind_mapping_node-2] [GMRF] MAP Mean value estimated in 9.87464 milliseconds
[gmrf_wind_mapping_node-2] --> MAP did not converge after 1 iterations.
[gmrf_wind_mapping_node-2] [GMRF] MAP Mean value estimated in 9.8776 milliseconds
[gmrf_wind_mapping_node-2] --> MAP did not converge after 1 iterations.
[gmrf_wind_mapping_node-2] [GMRF] MAP Mean value estimated in 9.88055 milliseconds
[gmrf_wind_mapping_node-2] --> MAP did not converge after 1 iterations.
[gmrf_wind_mapping_node-2] [GMRF] MAP Mean value estimated in 9.87947 milliseconds
[gmrf_wind_mapping_node-2] --> MAP did not converge after 1 iterations.
[gmrf_wind_mapping_node-2] [GMRF] MAP Mean value estimated in 9.88069 milliseconds
[gmrf_wind_mapping_node-2] --> MAP did not converge after 1 iterations.
[gmrf_wind_mapping_node-2] [GMRF] MAP Mean value estimated in 9.88134 milliseconds
[gmrf_wind_mapping_node-2] --> MAP did not converge after 1 iterations.
[gmrf_wind_mapping_node-2] [GMRF] MAP Mean value estimated in 9.88371 milliseconds
[gmrf_wind_mapping_node-2] --> MAP did not converge after 1 iterations.
[gmrf_wind_mapping_node-2] [GMRF] MAP Mean value estimated in 9.88205 milliseconds
[gmrf_wind_mapping_node-2] --> MAP did not converge after 1 iterations.
[gmrf_wind_mapping_node-2] [GMRF] MAP Mean value estimated in 9.88269 milliseconds
[gsl_actionserver_node-3] [INFO] [1788859088.912480159] [GSL]: 10 gas measurements, 10 wind measurements over 1.99 seconds
[gsl_actionserver_node-3] [INFO] [1788859088.912535767] [GSL]: avg_gas=0.25;  avg_windSpeed=0.9;  avg_wind_dir=1.6
[gsl_actionserver_node-3] [INFO] [1788859088.913029666] [GSL]: [33mGAS HIT[0m
[gsl_actionserver_node-3] [INFO] [1788859088.913039600] [GSL]: [DEBUG-WIND] useGroundTruth=false gmrf_req_size=626 gaden_req_size=-1
[gsl_actionserver_node-3] [INFO] [1788859088.913046012] [GSL]: [DEBUG-WIND] Taking GMRF path
[gsl_actionserver_node-3] [INFO] [1788859088.926607801] [GSL - Trace]: [32mEntering StopAndMeasure[0m
[gmrf_wind_mapping_node-2] --> MAP did not converge after 1 iterations.
[gmrf_wind_mapping_node-2] [GMRF] MAP Mean value estimated in 9.88103 milliseconds
[gmrf_wind_mapping_node-2] --> MAP did not converge after 1 iterations.
[gmrf_wind_mapping_node-2] [GMRF] MAP Mean value estimated in 9.88168 milliseconds
[gmrf_wind_mapping_node-2] --> MAP did not converge after 1 iterations.
[gmrf_wind_mapping_node-2] [GMRF] MAP Mean value estimated in 9.88347 milliseconds
[gmrf_wind_mapping_node-2] --> MAP did not converge after 1 iterations.
[gmrf_wind_mapping_node-2] [GMRF] MAP Mean value estimated in 9.88583 milliseconds
[gmrf_wind_mapping_node-2] --> MAP did not converge after 1 iterations.
[gmrf_wind_mapping_node-2] [GMRF] MAP Mean value estimated in 9.88589 milliseconds
[gmrf_wind_mapping_node-2] --> MAP did not converge after 1 iterations.
[gmrf_wind_mapping_node-2] [GMRF] MAP Mean value estimated in 9.88424 milliseconds
[gmrf_wind_mapping_node-2] --> MAP did not converge after 1 iterations.
[gmrf_wind_mapping_node-2] [GMRF] MAP Mean value estimated in 9.88259 milliseconds
[gmrf_wind_mapping_node-2] --> MAP did not converge after 1 iterations.
[gmrf_wind_mapping_node-2] [GMRF] MAP Mean value estimated in 9.88724 milliseconds
[gmrf_wind_mapping_node-2] --> MAP did not converge after 1 iterations.
[gmrf_wind_mapping_node-2] [GMRF] MAP Mean value estimated in 9.8873 milliseconds
[gmrf_wind_mapping_node-2] --> MAP did not converge after 1 iterations.
[gmrf_wind_mapping_node-2] [GMRF] MAP Mean value estimated in 9.89079 milliseconds
[gmrf_wind_mapping_node-2] --> MAP did not converge after 1 iterations.
[gmrf_wind_mapping_node-2] [GMRF] MAP Mean value estimated in 9.892 milliseconds
[gmrf_wind_mapping_node-2] --> MAP did not converge after 1 iterations.
[gmrf_wind_mapping_node-2] [GMRF] MAP Mean value estimated in 9.89263 milliseconds
[gmrf_wind_mapping_node-2] --> MAP did not converge after 1 iterations.
[gmrf_wind_mapping_node-2] [GMRF] MAP Mean value estimated in 9.89384 milliseconds
[gmrf_wind_mapping_node-2] --> MAP did not converge after 1 iterations.
[gmrf_wind_mapping_node-2] [GMRF] MAP Mean value estimated in 9.89561 milliseconds
[gmrf_wind_mapping_node-2] --> MAP did not converge after 1 iterations.
[gmrf_wind_mapping_node-2] [GMRF] MAP Mean value estimated in 9.89453 milliseconds
[gmrf_wind_mapping_node-2] --> MAP did not converge after 1 iterations.
[gmrf_wind_mapping_node-2] [GMRF] MAP Mean value estimated in 9.89516 milliseconds
[gmrf_wind_mapping_node-2] --> MAP did not converge after 1 iterations.
[gmrf_wind_mapping_node-2] [GMRF] MAP Mean value estimated in 9.89408 milliseconds
[gmrf_wind_mapping_node-2] --> MAP did not converge after 1 iterations.
[gmrf_wind_mapping_node-2] [GMRF] MAP Mean value estimated in 9.89641 milliseconds
[gmrf_wind_mapping_node-2] --> MAP did not converge after 1 iterations.
[gmrf_wind_mapping_node-2] [GMRF] MAP Mean value estimated in 9.89477 milliseconds
[gmrf_wind_mapping_node-2] --> MAP did not converge after 1 iterations.
[gmrf_wind_mapping_node-2] [GMRF] MAP Mean value estimated in 9.89312 milliseconds
[gsl_actionserver_node-3] [INFO] [1788859090.912451682] [GSL]: 10 gas measurements, 10 wind measurements over 1.99 seconds
[gsl_actionserver_node-3] [INFO] [1788859090.912511833] [GSL]: avg_gas=0.24;  avg_windSpeed=0.5;  avg_wind_dir=1.4
[gsl_actionserver_node-3] [INFO] [1788859090.913058674] [GSL]: [33mGAS HIT[0m
[gsl_actionserver_node-3] [INFO] [1788859090.913069852] [GSL]: [DEBUG-WIND] useGroundTruth=false gmrf_req_size=626 gaden_req_size=-1
[gsl_actionserver_node-3] [INFO] [1788859090.913076551] [GSL]: [DEBUG-WIND] Taking GMRF path
[gsl_actionserver_node-3] [INFO] [1788859090.926562506] [GSL - Trace]: [32mEntering StopAndMeasure[0m
[gmrf_wind_mapping_node-2] --> MAP did not converge after 1 iterations.
[gmrf_wind_mapping_node-2] [GMRF] MAP Mean value estimated in 9.89148 milliseconds
[gmrf_wind_mapping_node-2] --> MAP did not converge after 1 iterations.
[gmrf_wind_mapping_node-2] [GMRF] MAP Mean value estimated in 9.89381 milliseconds
[gmrf_wind_mapping_node-2] --> MAP did not converge after 1 iterations.
[gmrf_wind_mapping_node-2] [GMRF] MAP Mean value estimated in 9.89444 milliseconds
[gmrf_wind_mapping_node-2] --> MAP did not converge after 1 iterations.
[gmrf_wind_mapping_node-2] [GMRF] MAP Mean value estimated in 9.8928 milliseconds
[gmrf_wind_mapping_node-2] --> MAP did not converge after 1 iterations.
[gmrf_wind_mapping_node-2] [GMRF] MAP Mean value estimated in 9.89116 milliseconds
[gmrf_wind_mapping_node-2] --> MAP did not converge after 1 iterations.
[gmrf_wind_mapping_node-2] [GMRF] MAP Mean value estimated in 9.88952 milliseconds
[gmrf_wind_mapping_node-2] --> MAP did not converge after 1 iterations.
[gmrf_wind_mapping_node-2] [GMRF] MAP Mean value estimated in 9.88788 milliseconds
[gmrf_wind_mapping_node-2] --> MAP did not converge after 1 iterations.
[gmrf_wind_mapping_node-2] [GMRF] MAP Mean value estimated in 9.88738 milliseconds
[gmrf_wind_mapping_node-2] --> MAP did not converge after 1 iterations.
[gmrf_wind_mapping_node-2] [GMRF] MAP Mean value estimated in 9.88631 milliseconds
[gmrf_wind_mapping_node-2] --> MAP did not converge after 1 iterations.
[gmrf_wind_mapping_node-2] [GMRF] MAP Mean value estimated in 9.88525 milliseconds
[gmrf_wind_mapping_node-2] --> MAP did not converge after 1 iterations.
[gmrf_wind_mapping_node-2] [GMRF] MAP Mean value estimated in 9.88418 milliseconds
[gmrf_wind_mapping_node-2] --> MAP did not converge after 1 iterations.
[gmrf_wind_mapping_node-2] [GMRF] MAP Mean value estimated in 9.88594 milliseconds
[gmrf_wind_mapping_node-2] --> MAP did not converge after 1 iterations.
[gmrf_wind_mapping_node-2] [GMRF] MAP Mean value estimated in 9.88657 milliseconds
[gmrf_wind_mapping_node-2] --> MAP did not converge after 1 iterations.
[gmrf_wind_mapping_node-2] [GMRF] MAP Mean value estimated in 9.88945 milliseconds
[gmrf_wind_mapping_node-2] --> MAP did not converge after 1 iterations.
[gmrf_wind_mapping_node-2] [GMRF] MAP Mean value estimated in 9.88839 milliseconds
[gmrf_wind_mapping_node-2] --> MAP did not converge after 1 iterations.
[gmrf_wind_mapping_node-2] [GMRF] MAP Mean value estimated in 9.88845 milliseconds
[gmrf_wind_mapping_node-2] --> MAP did not converge after 1 iterations.
[gmrf_wind_mapping_node-2] [GMRF] MAP Mean value estimated in 9.88682 milliseconds
[gmrf_wind_mapping_node-2] --> MAP did not converge after 1 iterations.
[gmrf_wind_mapping_node-2] [GMRF] MAP Mean value estimated in 9.88745 milliseconds
[gmrf_wind_mapping_node-2] --> MAP did not converge after 1 iterations.
[gmrf_wind_mapping_node-2] [GMRF] MAP Mean value estimated in 9.88583 milliseconds
[gmrf_wind_mapping_node-2] --> MAP did not converge after 1 iterations.
[gmrf_wind_mapping_node-2] [GMRF] MAP Mean value estimated in 9.8887 milliseconds
[gsl_actionserver_node-3] [INFO] [1788859092.912452647] [GSL]: 10 gas measurements, 10 wind measurements over 1.99 seconds
[gsl_actionserver_node-3] [INFO] [1788859092.912510106] [GSL]: avg_gas=0.23;  avg_windSpeed=0.9;  avg_wind_dir=1.6
[gsl_actionserver_node-3] [INFO] [1788859092.913024437] [GSL]: [33mGAS HIT[0m
[gsl_actionserver_node-3] [INFO] [1788859092.913034499] [GSL]: [DEBUG-WIND] useGroundTruth=false gmrf_req_size=626 gaden_req_size=-1
[gsl_actionserver_node-3] [INFO] [1788859092.913041292] [GSL]: [DEBUG-WIND] Taking GMRF path
[gsl_actionserver_node-3] [INFO] [1788859092.926996839] [GSL - Trace]: [32mEntering StopAndMeasure[0m
[gmrf_wind_mapping_node-2] --> MAP did not converge after 1 iterations.
[gmrf_wind_mapping_node-2] [GMRF] MAP Mean value estimated in 9.88989 milliseconds
[gmrf_wind_mapping_node-2] --> MAP did not converge after 1 iterations.
[gmrf_wind_mapping_node-2] [GMRF] MAP Mean value estimated in 9.88827 milliseconds
[gmrf_wind_mapping_node-2] --> MAP did not converge after 1 iterations.
[gmrf_wind_mapping_node-2] [GMRF] MAP Mean value estimated in 9.89001 milliseconds
[gmrf_wind_mapping_node-2] --> MAP did not converge after 1 iterations.
[gmrf_wind_mapping_node-2] [GMRF] MAP Mean value estimated in 9.88839 milliseconds
[gmrf_wind_mapping_node-2] --> MAP did not converge after 1 iterations.
[gmrf_wind_mapping_node-2] [GMRF] MAP Mean value estimated in 9.88677 milliseconds
[gmrf_wind_mapping_node-2] --> MAP did not converge after 1 iterations.
[gmrf_wind_mapping_node-2] [GMRF] MAP Mean value estimated in 9.88908 milliseconds
[gmrf_wind_mapping_node-2] --> MAP did not converge after 1 iterations.
[gmrf_wind_mapping_node-2] [GMRF] MAP Mean value estimated in 9.88802 milliseconds
[gmrf_wind_mapping_node-2] --> MAP did not converge after 1 iterations.
[gmrf_wind_mapping_node-2] [GMRF] MAP Mean value estimated in 9.89032 milliseconds
[gmrf_wind_mapping_node-2] --> MAP did not converge after 1 iterations.
[gmrf_wind_mapping_node-2] [GMRF] MAP Mean value estimated in 9.88982 milliseconds
[gmrf_wind_mapping_node-2] --> MAP did not converge after 1 iterations.
[gmrf_wind_mapping_node-2] [GMRF] MAP Mean value estimated in 9.89324 milliseconds
[gmrf_wind_mapping_node-2] --> MAP did not converge after 1 iterations.
[gmrf_wind_mapping_node-2] [GMRF] MAP Mean value estimated in 9.89385 milliseconds
[gmrf_wind_mapping_node-2] --> MAP did not converge after 1 iterations.
[gmrf_wind_mapping_node-2] [GMRF] MAP Mean value estimated in 9.89782 milliseconds
[gmrf_wind_mapping_node-2] --> MAP did not converge after 1 iterations.
[gmrf_wind_mapping_node-2] [GMRF] MAP Mean value estimated in 9.899 milliseconds
[gmrf_wind_mapping_node-2] --> MAP did not converge after 1 iterations.
[gmrf_wind_mapping_node-2] [GMRF] MAP Mean value estimated in 9.89738 milliseconds
[gmrf_wind_mapping_node-2] --> MAP did not converge after 1 iterations.
[gmrf_wind_mapping_node-2] [GMRF] MAP Mean value estimated in 9.89744 milliseconds
[gmrf_wind_mapping_node-2] --> MAP did not converge after 1 iterations.
[gmrf_wind_mapping_node-2] [GMRF] MAP Mean value estimated in 9.90028 milliseconds
[gmrf_wind_mapping_node-2] --> MAP did not converge after 1 iterations.
[gmrf_wind_mapping_node-2] [GMRF] MAP Mean value estimated in 9.90033 milliseconds
[gmrf_wind_mapping_node-2] --> MAP did not converge after 1 iterations.
[gmrf_wind_mapping_node-2] [GMRF] MAP Mean value estimated in 9.89872 milliseconds
[gmrf_wind_mapping_node-2] --> MAP did not converge after 1 iterations.
[gmrf_wind_mapping_node-2] [GMRF] MAP Mean value estimated in 9.89933 milliseconds
[gmrf_wind_mapping_node-2] --> MAP did not converge after 1 iterations.
[gmrf_wind_mapping_node-2] [GMRF] MAP Mean value estimated in 9.90217 milliseconds
[gsl_actionserver_node-3] [INFO] [1788859094.912434178] [GSL]: 10 gas measurements, 10 wind measurements over 1.99 seconds
[gsl_actionserver_node-3] [INFO] [1788859094.912487696] [GSL]: avg_gas=0.22;  avg_windSpeed=0.5;  avg_wind_dir=1.4
[gsl_actionserver_node-3] [INFO] [1788859094.913075915] [GSL]: [33mGAS HIT[0m
[gsl_actionserver_node-3] [INFO] [1788859094.913087668] [GSL]: [DEBUG-WIND] useGroundTruth=false gmrf_req_size=626 gaden_req_size=-1
[gsl_actionserver_node-3] [INFO] [1788859094.913095218] [GSL]: [DEBUG-WIND] Taking GMRF path
[gsl_actionserver_node-3] [INFO] [1788859094.927022895] [GSL]: [33mStarted simulations. Might take a while![0m
[gmrf_wind_mapping_node-2] --> MAP did not converge after 1 iterations.
[gmrf_wind_mapping_node-2] [GMRF] MAP Mean value estimated in 9.90389 milliseconds
[gmrf_wind_mapping_node-2] --> MAP did not converge after 1 iterations.
[gmrf_wind_mapping_node-2] [GMRF] MAP Mean value estimated in 9.90561 milliseconds
[gsl_actionserver_node-3] [INFO] [1788859095.059067017] [GSL - Trace]: [32mFirst simulation level done[0m
[gsl_actionserver_node-3] [INFO] [1788859095.059199354] [GSL]: [RC2-DIAG] scores_size=74 refineFraction=0.25 refine_product=18.5 valid_first_level=74 sum_sourceProbInternal_before_norm=1.1014307408301042e-07 min_sourceProbInternal_before_norm=0 max_sourceProbInternal_before_norm=5.342856291302829e-08 finite_sourceProbInternal=1102 finite_varianceOfHitProb=1102
[gmrf_wind_mapping_node-2] --> MAP did not converge after 1 iterations.
[gmrf_wind_mapping_node-2] [GMRF] MAP Mean value estimated in 9.90788 milliseconds
[gsl_actionserver_node-3] [INFO] [1788859095.148369491] [GSL - Trace]: [32mSimulation level 2 done[0m
[gsl_actionserver_node-3] [INFO] [1788859095.213337425] [GSL - Trace]: [32mSimulation level 3 done[0m
[gsl_actionserver_node-3] [INFO] [1788859095.241252416] [GSL - Trace]: [32mSimulation level 4 done[0m
[gmrf_wind_mapping_node-2] --> MAP did not converge after 1 iterations.
[gmrf_wind_mapping_node-2] [GMRF] MAP Mean value estimated in 9.91015 milliseconds
[gsl_actionserver_node-3] [INFO] [1788859095.243725851] [GSL - Trace]: [32mSimulation level 5 done[0m
[gsl_actionserver_node-3] [INFO] [1788859095.243747148] [GSL]: Number of levels in the simulation: 5
[gsl_actionserver_node-3] [INFO] [1788859095.243754985] [GSL]: Total number of simulations: 170
[gsl_actionserver_node-3] [INFO] [1788859095.244135078] [GSL]: [RC2-DIAG] normalized_finite_count=1102 normalized_sum=1
[gsl_actionserver_node-3] [INFO] [1788859095.244151900] [GSL]: Time ellapsed in simulation = 0.316597887 s
[gsl_actionserver_node-3] [INFO] [1788859095.248263437] [GSL]: Max mutual info: 1.601
[gsl_actionserver_node-3] [INFO] [1788859095.248451837] [GSL]: MutualInformation - Ellapsed: 0.004s
[vgr_sim_node-1] [WARN] [1788859095.252239881] [vgr_uav_sim]: PLAN_CB: called with goal=(-6.50,-0.53)
[vgr_sim_node-1] [WARN] [1788859095.258233001] [vgr_uav_sim]: PLAN_CB: returning 11 poses
[vgr_sim_node-1] [WARN] [1788859095.269026352] [vgr_uav_sim]: PLAN_CB: called with goal=(-6.50,-0.53)
[vgr_sim_node-1] [WARN] [1788859095.271221019] [vgr_uav_sim]: PLAN_CB: returning 11 poses
[gsl_actionserver_node-3] [INFO] [1788859095.278849558] [GSL]: Sending goal (-6.50, -0.53)
[gsl_actionserver_node-3] [INFO] [1788859095.292490785] [GSL]: Variance: 0.09
[gsl_actionserver_node-3] [INFO] [1788859095.292527083] [GSL - Trace]: [32mEntering Moving[0m
[vgr_sim_node-1] [INFO] [1788859095.303841643] [vgr_uav_sim]: Prepared 11 collision-free navigation waypoints to (-6.50, -0.53)
[vgr_sim_node-1] [INFO] [1788859095.305187581] [vgr_uav_sim]: UAV navigating in audited 2-D mode to (-6.50, -0.53, 0.30)
[gmrf_wind_mapping_node-2] --> MAP did not converge after 1 iterations.
[gmrf_wind_mapping_node-2] [GMRF] MAP Mean value estimated in 9.91075 milliseconds
[gmrf_wind_mapping_node-2] --> MAP did not converge after 1 iterations.
[gmrf_wind_mapping_node-2] [GMRF] MAP Mean value estimated in 9.91025 milliseconds
[gmrf_wind_mapping_node-2] --> MAP did not converge after 1 iterations.
[gmrf_wind_mapping_node-2] [GMRF] MAP Mean value estimated in 9.90864 milliseconds
[gmrf_wind_mapping_node-2] --> MAP did not converge after 1 iterations.
[gmrf_wind_mapping_node-2] [GMRF] MAP Mean value estimated in 9.9098 milliseconds
[gmrf_wind_mapping_node-2] --> MAP did not converge after 1 iterations.
[gmrf_wind_mapping_node-2] [GMRF] MAP Mean value estimated in 9.90819 milliseconds
[gmrf_wind_mapping_node-2] --> MAP did not converge after 1 iterations.
[gmrf_wind_mapping_node-2] [GMRF] MAP Mean value estimated in 9.91045 milliseconds
[gmrf_wind_mapping_node-2] --> MAP did not converge after 1 iterations.
[gmrf_wind_mapping_node-2] [GMRF] MAP Mean value estimated in 9.90994 milliseconds
[gmrf_wind_mapping_node-2] --> MAP did not converge after 1 iterations.
[gmrf_wind_mapping_node-2] [GMRF] MAP Mean value estimated in 9.9111 milliseconds
[gmrf_wind_mapping_node-2] --> MAP did not converge after 1 iterations.
[gmrf_wind_mapping_node-2] [GMRF] MAP Mean value estimated in 9.9106 milliseconds
[gmrf_wind_mapping_node-2] --> MAP did not converge after 1 iterations.
[gmrf_wind_mapping_node-2] [GMRF] MAP Mean value estimated in 9.91285 milliseconds
[gmrf_wind_mapping_node-2] --> MAP did not converge after 1 iterations.
[gmrf_wind_mapping_node-2] [GMRF] MAP Mean value estimated in 9.914 milliseconds
[gmrf_wind_mapping_node-2] --> MAP did not converge after 1 iterations.
[gmrf_wind_mapping_node-2] [GMRF] MAP Mean value estimated in 9.9168 milliseconds
[gmrf_wind_mapping_node-2] --> MAP did not converge after 1 iterations.
[gmrf_wind_mapping_node-2] [GMRF] MAP Mean value estimated in 9.91685 milliseconds
[gmrf_wind_mapping_node-2] --> MAP did not converge after 1 iterations.
[gmrf_wind_mapping_node-2] [GMRF] MAP Mean value estimated in 9.91965 milliseconds
[gmrf_wind_mapping_node-2] --> MAP did not converge after 1 iterations.
[gmrf_wind_mapping_node-2] [GMRF] MAP Mean value estimated in 9.91914 milliseconds
[gmrf_wind_mapping_node-2] --> MAP did not converge after 1 iterations.
[gmrf_wind_mapping_node-2] [GMRF] MAP Mean value estimated in 9.91864 milliseconds
[gmrf_wind_mapping_node-2] --> MAP did not converge after 1 iterations.
[gmrf_wind_mapping_node-2] [GMRF] MAP Mean value estimated in 9.91758 milliseconds
[gmrf_wind_mapping_node-2] --> MAP did not converge after 1 iterations.
[gmrf_wind_mapping_node-2] [GMRF] MAP Mean value estimated in 9.91653 milliseconds
[gmrf_wind_mapping_node-2] --> MAP did not converge after 1 iterations.
[gmrf_wind_mapping_node-2] [GMRF] MAP Mean value estimated in 9.91493 milliseconds
[gmrf_wind_mapping_node-2] --> MAP did not converge after 1 iterations.
[gmrf_wind_mapping_node-2] [GMRF] MAP Mean value estimated in 9.91772 milliseconds
[gmrf_wind_mapping_node-2] --> MAP did not converge after 1 iterations.
[gmrf_wind_mapping_node-2] [GMRF] MAP Mean value estimated in 9.91721 milliseconds
[gsl_actionserver_node-3] [INFO] [1788859097.377270288] [GSL - Trace]: [32mEntering StopAndMeasure[0m
[gmrf_wind_mapping_node-2] --> MAP did not converge after 1 iterations.
[gmrf_wind_mapping_node-2] [GMRF] MAP Mean value estimated in 9.91945 milliseconds
[gmrf_wind_mapping_node-2] --> MAP did not converge after 1 iterations.
[gmrf_wind_mapping_node-2] [GMRF] MAP Mean value estimated in 9.92223 milliseconds
[gmrf_wind_mapping_node-2] --> MAP did not converge after 1 iterations.
[gmrf_wind_mapping_node-2] [GMRF] MAP Mean value estimated in 9.92501 milliseconds
[gmrf_wind_mapping_node-2] --> MAP did not converge after 1 iterations.
[gmrf_wind_mapping_node-2] [GMRF] MAP Mean value estimated in 9.92451 milliseconds
[gmrf_wind_mapping_node-2] --> MAP did not converge after 1 iterations.
[gmrf_wind_mapping_node-2] [GMRF] MAP Mean value estimated in 9.92564 milliseconds
[gmrf_wind_mapping_node-2] --> MAP did not converge after 1 iterations.
[gmrf_wind_mapping_node-2] [GMRF] MAP Mean value estimated in 9.92568 milliseconds
[gmrf_wind_mapping_node-2] --> MAP did not converge after 1 iterations.
[gmrf_wind_mapping_node-2] [GMRF] MAP Mean value estimated in 9.92791 milliseconds
[gmrf_wind_mapping_node-2] --> MAP did not converge after 1 iterations.
[gmrf_wind_mapping_node-2] [GMRF] MAP Mean value estimated in 9.92849 milliseconds
[gmrf_wind_mapping_node-2] --> MAP did not converge after 1 iterations.
[gmrf_wind_mapping_node-2] [GMRF] MAP Mean value estimated in 9.93126 milliseconds
[gmrf_wind_mapping_node-2] --> MAP did not converge after 1 iterations.
[gmrf_wind_mapping_node-2] [GMRF] MAP Mean value estimated in 9.92966 milliseconds
[gmrf_wind_mapping_node-2] --> MAP did not converge after 1 iterations.
[gmrf_wind_mapping_node-2] [GMRF] MAP Mean value estimated in 9.93188 milliseconds
[gmrf_wind_mapping_node-2] --> MAP did not converge after 1 iterations.
[gmrf_wind_mapping_node-2] [GMRF] MAP Mean value estimated in 9.93028 milliseconds
[gmrf_wind_mapping_node-2] --> MAP did not converge after 1 iterations.
[gmrf_wind_mapping_node-2] [GMRF] MAP Mean value estimated in 9.93032 milliseconds
[gmrf_wind_mapping_node-2] --> MAP did not converge after 1 iterations.
[gmrf_wind_mapping_node-2] [GMRF] MAP Mean value estimated in 9.92982 milliseconds
[gmrf_wind_mapping_node-2] --> MAP did not converge after 1 iterations.
[gmrf_wind_mapping_node-2] [GMRF] MAP Mean value estimated in 9.92985 milliseconds
[gmrf_wind_mapping_node-2] --> MAP did not converge after 1 iterations.
[gmrf_wind_mapping_node-2] [GMRF] MAP Mean value estimated in 9.92989 milliseconds
[gmrf_wind_mapping_node-2] --> MAP did not converge after 1 iterations.
[gmrf_wind_mapping_node-2] [GMRF] MAP Mean value estimated in 9.9283 milliseconds
[gmrf_wind_mapping_node-2] --> MAP did not converge after 1 iterations.
[gmrf_wind_mapping_node-2] [GMRF] MAP Mean value estimated in 9.92997 milliseconds
[gmrf_wind_mapping_node-2] --> MAP did not converge after 1 iterations.
[gmrf_wind_mapping_node-2] [GMRF] MAP Mean value estimated in 9.93272 milliseconds
[gmrf_wind_mapping_node-2] --> MAP did not converge after 1 iterations.
[gmrf_wind_mapping_node-2] [GMRF] MAP Mean value estimated in 9.93113 milliseconds
[gsl_actionserver_node-3] [INFO] [1788859099.346643146] [GSL]: 10 gas measurements, 10 wind measurements over 1.97 seconds
[gsl_actionserver_node-3] [INFO] [1788859099.346698025] [GSL]: avg_gas=0.11;  avg_windSpeed=0.33;  avg_wind_dir=0.19
[gsl_actionserver_node-3] [INFO] [1788859099.347268662] [GSL]: [33mGAS HIT[0m
[gsl_actionserver_node-3] [INFO] [1788859099.347279322] [GSL]: [DEBUG-WIND] useGroundTruth=false gmrf_req_size=626 gaden_req_size=-1
[gsl_actionserver_node-3] [INFO] [1788859099.347285963] [GSL]: [DEBUG-WIND] Taking GMRF path
[gsl_actionserver_node-3] [INFO] [1788859099.428471619] [GSL - Trace]: [32mEntering StopAndMeasure[0m
[gmrf_wind_mapping_node-2] --> MAP did not converge after 1 iterations.
[gmrf_wind_mapping_node-2] [GMRF] MAP Mean value estimated in 9.93279 milliseconds
[gmrf_wind_mapping_node-2] --> MAP did not converge after 1 iterations.
[gmrf_wind_mapping_node-2] [GMRF] MAP Mean value estimated in 9.93283 milliseconds
[gmrf_wind_mapping_node-2] --> MAP did not converge after 1 iterations.
[gmrf_wind_mapping_node-2] [GMRF] MAP Mean value estimated in 9.93557 milliseconds
[gmrf_wind_mapping_node-2] --> MAP did not converge after 1 iterations.
[gmrf_wind_mapping_node-2] [GMRF] MAP Mean value estimated in 9.93506 milliseconds
[gmrf_wind_mapping_node-2] --> MAP did not converge after 1 iterations.
[gmrf_wind_mapping_node-2] [GMRF] MAP Mean value estimated in 9.93835 milliseconds
[gmrf_wind_mapping_node-2] --> MAP did not converge after 1 iterations.
[gmrf_wind_mapping_node-2] [GMRF] MAP Mean value estimated in 9.9373 milliseconds
[gmrf_wind_mapping_node-2] --> MAP did not converge after 1 iterations.
[gmrf_wind_mapping_node-2] [GMRF] MAP Mean value estimated in 9.94057 milliseconds
[gmrf_wind_mapping_node-2] --> MAP did not converge after 1 iterations.
[gmrf_wind_mapping_node-2] [GMRF] MAP Mean value estimated in 9.94114 milliseconds
[gmrf_wind_mapping_node-2] --> MAP did not converge after 1 iterations.
[gmrf_wind_mapping_node-2] [GMRF] MAP Mean value estimated in 9.94441 milliseconds
[gmrf_wind_mapping_node-2] --> MAP did not converge after 1 iterations.
[gmrf_wind_mapping_node-2] [GMRF] MAP Mean value estimated in 9.94337 milliseconds
[gmrf_wind_mapping_node-2] --> MAP did not converge after 1 iterations.
[gmrf_wind_mapping_node-2] [GMRF] MAP Mean value estimated in 9.94178 milliseconds
[gmrf_wind_mapping_node-2] --> MAP did not converge after 1 iterations.
[gmrf_wind_mapping_node-2] [GMRF] MAP Mean value estimated in 9.94397 milliseconds
[gmrf_wind_mapping_node-2] --> MAP did not converge after 1 iterations.
[gmrf_wind_mapping_node-2] [GMRF] MAP Mean value estimated in 9.94669 milliseconds
[gmrf_wind_mapping_node-2] --> MAP did not converge after 1 iterations.
[gmrf_wind_mapping_node-2] [GMRF] MAP Mean value estimated in 9.94618 milliseconds
[gmrf_wind_mapping_node-2] --> MAP did not converge after 1 iterations.
[gmrf_wind_mapping_node-2] [GMRF] MAP Mean value estimated in 9.94944 milliseconds
[gmrf_wind_mapping_node-2] --> MAP did not converge after 1 iterations.
[gmrf_wind_mapping_node-2] [GMRF] MAP Mean value estimated in 9.94946 milliseconds
[gmrf_wind_mapping_node-2] --> MAP did not converge after 1 iterations.
[gmrf_wind_mapping_node-2] [GMRF] MAP Mean value estimated in 9.94895 milliseconds
[gmrf_wind_mapping_node-2] --> MAP did not converge after 1 iterations.
[gmrf_wind_mapping_node-2] [GMRF] MAP Mean value estimated in 9.94898 milliseconds
[gmrf_wind_mapping_node-2] --> MAP did not converge after 1 iterations.
[gmrf_wind_mapping_node-2] [GMRF] MAP Mean value estimated in 9.9474 milliseconds
[gmrf_wind_mapping_node-2] --> MAP did not converge after 1 iterations.
[gmrf_wind_mapping_node-2] [GMRF] MAP Mean value estimated in 9.94903 milliseconds
[gsl_actionserver_node-3] [INFO] [1788859101.345947359] [GSL]: 10 gas measurements, 10 wind measurements over 1.92 seconds
[gsl_actionserver_node-3] [INFO] [1788859101.346330231] [GSL]: avg_gas=0.079;  avg_windSpeed=0.16;  avg_wind_dir=-1.9
[gsl_actionserver_node-3] [INFO] [1788859101.347009799] [GSL]: [33mNOTHING [0m
[gsl_actionserver_node-3] [INFO] [1788859101.347039730] [GSL]: [DEBUG-WIND] useGroundTruth=false gmrf_req_size=626 gaden_req_size=-1
[gsl_actionserver_node-3] [INFO] [1788859101.347048618] [GSL]: [DEBUG-WIND] Taking GMRF path
[gsl_actionserver_node-3] [INFO] [1788859101.427540427] [GSL - Trace]: [32mEntering StopAndMeasure[0m
[gmrf_wind_mapping_node-2] --> MAP did not converge after 1 iterations.
[gmrf_wind_mapping_node-2] [GMRF] MAP Mean value estimated in 9.94745 milliseconds
[gmrf_wind_mapping_node-2] --> MAP did not converge after 1 iterations.
[gmrf_wind_mapping_node-2] [GMRF] MAP Mean value estimated in 9.94748 milliseconds
[gmrf_wind_mapping_node-2] --> MAP did not converge after 1 iterations.
[gmrf_wind_mapping_node-2] [GMRF] MAP Mean value estimated in 9.95072 milliseconds
[gmrf_wind_mapping_node-2] --> MAP did not converge after 1 iterations.
[gmrf_wind_mapping_node-2] [GMRF] MAP Mean value estimated in 9.94968 milliseconds
[gmrf_wind_mapping_node-2] --> MAP did not converge after 1 iterations.
[gmrf_wind_mapping_node-2] [GMRF] MAP Mean value estimated in 9.94917 milliseconds
[gmrf_wind_mapping_node-2] --> MAP did not converge after 1 iterations.
[gmrf_wind_mapping_node-2] [GMRF] MAP Mean value estimated in 9.94759 milliseconds
[gmrf_wind_mapping_node-2] --> MAP did not converge after 1 iterations.
[gmrf_wind_mapping_node-2] [GMRF] MAP Mean value estimated in 9.94602 milliseconds
[gmrf_wind_mapping_node-2] --> MAP did not converge after 1 iterations.
[gmrf_wind_mapping_node-2] [GMRF] MAP Mean value estimated in 9.94765 milliseconds
[gmrf_wind_mapping_node-2] --> MAP did not converge after 1 iterations.
[gmrf_wind_mapping_node-2] [GMRF] MAP Mean value estimated in 9.95141 milliseconds
[gmrf_wind_mapping_node-2] --> MAP did not converge after 1 iterations.
[gmrf_wind_mapping_node-2] [GMRF] MAP Mean value estimated in 9.95251 milliseconds
[gmrf_wind_mapping_node-2] --> MAP did not converge after 1 iterations.
[gmrf_wind_mapping_node-2] [GMRF] MAP Mean value estimated in 9.95093 milliseconds
[gmrf_wind_mapping_node-2] --> MAP did not converge after 1 iterations.
[gmrf_wind_mapping_node-2] [GMRF] MAP Mean value estimated in 9.95149 milliseconds
[gmrf_wind_mapping_node-2] --> MAP did not converge after 1 iterations.
[gmrf_wind_mapping_node-2] [GMRF] MAP Mean value estimated in 9.95312 milliseconds
[gmrf_wind_mapping_node-2] --> MAP did not converge after 1 iterations.
[gmrf_wind_mapping_node-2] [GMRF] MAP Mean value estimated in 9.95154 milliseconds
[gmrf_wind_mapping_node-2] --> MAP did not converge after 1 iterations.
[gmrf_wind_mapping_node-2] [GMRF] MAP Mean value estimated in 9.94997 milliseconds
[gmrf_wind_mapping_node-2] --> MAP did not converge after 1 iterations.
[gmrf_wind_mapping_node-2] [GMRF] MAP Mean value estimated in 9.9484 milliseconds
[gmrf_wind_mapping_node-2] --> MAP did not converge after 1 iterations.
[gmrf_wind_mapping_node-2] [GMRF] MAP Mean value estimated in 9.9479 milliseconds
[gmrf_wind_mapping_node-2] --> MAP did not converge after 1 iterations.
[gmrf_wind_mapping_node-2] [GMRF] MAP Mean value estimated in 9.94846 milliseconds
[gmrf_wind_mapping_node-2] --> MAP did not converge after 1 iterations.
[gmrf_wind_mapping_node-2] [GMRF] MAP Mean value estimated in 9.95114 milliseconds
[gmrf_wind_mapping_node-2] --> MAP did not converge after 1 iterations.
[gmrf_wind_mapping_node-2] [GMRF] MAP Mean value estimated in 9.95276 milliseconds
[gsl_actionserver_node-3] [INFO] [1788859103.346304505] [GSL]: 10 gas measurements, 10 wind measurements over 1.92 seconds
[gsl_actionserver_node-3] [INFO] [1788859103.346370618] [GSL]: avg_gas=0.07;  avg_windSpeed=0.33;  avg_wind_dir=0.19
[gsl_actionserver_node-3] [INFO] [1788859103.347033766] [GSL]: [33mNOTHING [0m
[gsl_actionserver_node-3] [INFO] [1788859103.347046584] [GSL]: [DEBUG-WIND] useGroundTruth=false gmrf_req_size=626 gaden_req_size=-1
[gsl_actionserver_node-3] [INFO] [1788859103.347054877] [GSL]: [DEBUG-WIND] Taking GMRF path
[gsl_actionserver_node-3] [INFO] [1788859103.427031548] [GSL - Trace]: [32mEntering StopAndMeasure[0m
[gmrf_wind_mapping_node-2] --> MAP did not converge after 1 iterations.
[gmrf_wind_mapping_node-2] [GMRF] MAP Mean value estimated in 9.95172 milliseconds
[gmrf_wind_mapping_node-2] --> MAP did not converge after 1 iterations.
[gmrf_wind_mapping_node-2] [GMRF] MAP Mean value estimated in 9.95122 milliseconds
[gmrf_wind_mapping_node-2] --> MAP did not converge after 1 iterations.
[gmrf_wind_mapping_node-2] [GMRF] MAP Mean value estimated in 9.95443 milliseconds
[gmrf_wind_mapping_node-2] --> MAP did not converge after 1 iterations.
[gmrf_wind_mapping_node-2] [GMRF] MAP Mean value estimated in 9.95339 milliseconds
[gmrf_wind_mapping_node-2] --> MAP did not converge after 1 iterations.
[gmrf_wind_mapping_node-2] [GMRF] MAP Mean value estimated in 9.95183 milliseconds
[gmrf_wind_mapping_node-2] --> MAP did not converge after 1 iterations.
[gmrf_wind_mapping_node-2] [GMRF] MAP Mean value estimated in 9.95397 milliseconds
[gmrf_wind_mapping_node-2] --> MAP did not converge after 1 iterations.
[gmrf_wind_mapping_node-2] [GMRF] MAP Mean value estimated in 9.95611 milliseconds
[gmrf_wind_mapping_node-2] --> MAP did not converge after 1 iterations.
[gmrf_wind_mapping_node-2] [GMRF] MAP Mean value estimated in 9.95772 milliseconds
[gmrf_wind_mapping_node-2] --> MAP did not converge after 1 iterations.
[gmrf_wind_mapping_node-2] [GMRF] MAP Mean value estimated in 9.96197 milliseconds
[gmrf_wind_mapping_node-2] --> MAP did not converge after 1 iterations.
[gmrf_wind_mapping_node-2] [GMRF] MAP Mean value estimated in 9.96199 milliseconds
[gmrf_wind_mapping_node-2] --> MAP did not converge after 1 iterations.
[gmrf_wind_mapping_node-2] [GMRF] MAP Mean value estimated in 9.96042 milliseconds
[gmrf_wind_mapping_node-2] --> MAP did not converge after 1 iterations.
[gmrf_wind_mapping_node-2] [GMRF] MAP Mean value estimated in 9.95886 milliseconds
[gmrf_wind_mapping_node-2] --> MAP did not converge after 1 iterations.
[gmrf_wind_mapping_node-2] [GMRF] MAP Mean value estimated in 9.96205 milliseconds
[gmrf_wind_mapping_node-2] --> MAP did not converge after 1 iterations.
[gmrf_wind_mapping_node-2] [GMRF] MAP Mean value estimated in 9.96101 milliseconds
[gmrf_wind_mapping_node-2] --> MAP did not converge after 1 iterations.
[gmrf_wind_mapping_node-2] [GMRF] MAP Mean value estimated in 9.96419 milliseconds
[gmrf_wind_mapping_node-2] --> MAP did not converge after 1 iterations.
[gmrf_wind_mapping_node-2] [GMRF] MAP Mean value estimated in 9.96263 milliseconds
[gmrf_wind_mapping_node-2] --> MAP did not converge after 1 iterations.
[gmrf_wind_mapping_node-2] [GMRF] MAP Mean value estimated in 9.9616 milliseconds
[gmrf_wind_mapping_node-2] --> MAP did not converge after 1 iterations.
[gmrf_wind_mapping_node-2] [GMRF] MAP Mean value estimated in 9.96004 milliseconds
[gmrf_wind_mapping_node-2] --> MAP did not converge after 1 iterations.
[gmrf_wind_mapping_node-2] [GMRF] MAP Mean value estimated in 9.96322 milliseconds
[gmrf_wind_mapping_node-2] --> MAP did not converge after 1 iterations.
[gmrf_wind_mapping_node-2] [GMRF] MAP Mean value estimated in 9.96376 milliseconds
[gsl_actionserver_node-3] [INFO] [1788859105.346075206] [GSL]: 10 gas measurements, 10 wind measurements over 1.92 seconds
[gsl_actionserver_node-3] [INFO] [1788859105.346689716] [GSL]: avg_gas=0.083;  avg_windSpeed=0.16;  avg_wind_dir=-1.9
[gsl_actionserver_node-3] [INFO] [1788859105.347599572] [GSL]: [33mNOTHING [0m
[gsl_actionserver_node-3] [INFO] [1788859105.347640663] [GSL]: [DEBUG-WIND] useGroundTruth=false gmrf_req_size=626 gaden_req_size=-1
[gsl_actionserver_node-3] [INFO] [1788859105.347651589] [GSL]: [DEBUG-WIND] Taking GMRF path
[gsl_actionserver_node-3] [INFO] [1788859105.426974922] [GSL - Trace]: [32mEntering StopAndMeasure[0m
[gmrf_wind_mapping_node-2] --> MAP did not converge after 1 iterations.
[gmrf_wind_mapping_node-2] [GMRF] MAP Mean value estimated in 9.96273 milliseconds
[gmrf_wind_mapping_node-2] --> MAP did not converge after 1 iterations.
[gmrf_wind_mapping_node-2] [GMRF] MAP Mean value estimated in 9.96118 milliseconds
[gmrf_wind_mapping_node-2] --> MAP did not converge after 1 iterations.
[gmrf_wind_mapping_node-2] [GMRF] MAP Mean value estimated in 9.96329 milliseconds
[gmrf_wind_mapping_node-2] --> MAP did not converge after 1 iterations.
[gmrf_wind_mapping_node-2] [GMRF] MAP Mean value estimated in 9.96174 milliseconds
[gmrf_wind_mapping_node-2] --> MAP did not converge after 1 iterations.
[gmrf_wind_mapping_node-2] [GMRF] MAP Mean value estimated in 9.96438 milliseconds
[gmrf_wind_mapping_node-2] --> MAP did not converge after 1 iterations.
[gmrf_wind_mapping_node-2] [GMRF] MAP Mean value estimated in 9.96702 milliseconds
[gmrf_wind_mapping_node-2] --> MAP did not converge after 1 iterations.
[gmrf_wind_mapping_node-2] [GMRF] MAP Mean value estimated in 9.96913 milliseconds
[gmrf_wind_mapping_node-2] --> MAP did not converge after 1 iterations.
[gmrf_wind_mapping_node-2] [GMRF] MAP Mean value estimated in 9.97019 milliseconds
[gmrf_wind_mapping_node-2] --> MAP did not converge after 1 iterations.
[gmrf_wind_mapping_node-2] [GMRF] MAP Mean value estimated in 9.9702 milliseconds
[gmrf_wind_mapping_node-2] --> MAP did not converge after 1 iterations.
[gmrf_wind_mapping_node-2] [GMRF] MAP Mean value estimated in 9.96917 milliseconds
[gmrf_wind_mapping_node-2] --> MAP did not converge after 1 iterations.
[gmrf_wind_mapping_node-2] [GMRF] MAP Mean value estimated in 9.96815 milliseconds
[gmrf_wind_mapping_node-2] --> MAP did not converge after 1 iterations.
[gmrf_wind_mapping_node-2] [GMRF] MAP Mean value estimated in 9.96816 milliseconds
[gmrf_wind_mapping_node-2] --> MAP did not converge after 1 iterations.
[gmrf_wind_mapping_node-2] [GMRF] MAP Mean value estimated in 9.97183 milliseconds
[gmrf_wind_mapping_node-2] --> MAP did not converge after 1 iterations.
[gmrf_wind_mapping_node-2] [GMRF] MAP Mean value estimated in 9.97132 milliseconds
[gmrf_wind_mapping_node-2] --> MAP did not converge after 1 iterations.
[gmrf_wind_mapping_node-2] [GMRF] MAP Mean value estimated in 9.97342 milliseconds
[gmrf_wind_mapping_node-2] --> MAP did not converge after 1 iterations.
[gmrf_wind_mapping_node-2] [GMRF] MAP Mean value estimated in 9.97188 milliseconds
[gmrf_wind_mapping_node-2] --> MAP did not converge after 1 iterations.
[gmrf_wind_mapping_node-2] [GMRF] MAP Mean value estimated in 9.97293 milliseconds
[gmrf_wind_mapping_node-2] --> MAP did not converge after 1 iterations.
[gmrf_wind_mapping_node-2] [GMRF] MAP Mean value estimated in 9.97399 milliseconds
[gmrf_wind_mapping_node-2] --> MAP did not converge after 1 iterations.
[gmrf_wind_mapping_node-2] [GMRF] MAP Mean value estimated in 9.97712 milliseconds
[gmrf_wind_mapping_node-2] --> MAP did not converge after 1 iterations.
[gmrf_wind_mapping_node-2] [GMRF] MAP Mean value estimated in 9.97869 milliseconds
[gsl_actionserver_node-3] [INFO] [1788859107.345982307] [GSL]: 10 gas measurements, 10 wind measurements over 1.92 seconds
[gsl_actionserver_node-3] [INFO] [1788859107.346054695] [GSL]: avg_gas=0.091;  avg_windSpeed=0.33;  avg_wind_dir=0.19
[gsl_actionserver_node-3] [INFO] [1788859107.346673403] [GSL]: [33mNOTHING [0m
[gsl_actionserver_node-3] [INFO] [1788859107.346684978] [GSL]: [DEBUG-WIND] useGroundTruth=false gmrf_req_size=626 gaden_req_size=-1
[gsl_actionserver_node-3] [INFO] [1788859107.346696579] [GSL]: [DEBUG-WIND] Taking GMRF path
[gsl_actionserver_node-3] [INFO] [1788859107.426667760] [GSL - Trace]: [32mEntering StopAndMeasure[0m
[gmrf_wind_mapping_node-2] --> MAP did not converge after 1 iterations.
[gmrf_wind_mapping_node-2] [GMRF] MAP Mean value estimated in 9.97714 milliseconds
[gmrf_wind_mapping_node-2] --> MAP did not converge after 1 iterations.
[gmrf_wind_mapping_node-2] [GMRF] MAP Mean value estimated in 9.97975 milliseconds
[gmrf_wind_mapping_node-2] --> MAP did not converge after 1 iterations.
[gmrf_wind_mapping_node-2] [GMRF] MAP Mean value estimated in 9.9808 milliseconds
[gmrf_wind_mapping_node-2] --> MAP did not converge after 1 iterations.
[gmrf_wind_mapping_node-2] [GMRF] MAP Mean value estimated in 9.98029 milliseconds
[gmrf_wind_mapping_node-2] --> MAP did not converge after 1 iterations.
[gmrf_wind_mapping_node-2] [GMRF] MAP Mean value estimated in 9.98393 milliseconds
[gmrf_wind_mapping_node-2] --> MAP did not converge after 1 iterations.
[gmrf_wind_mapping_node-2] [GMRF] MAP Mean value estimated in 9.98549 milliseconds
[gmrf_wind_mapping_node-2] --> MAP did not converge after 1 iterations.
[gmrf_wind_mapping_node-2] [GMRF] MAP Mean value estimated in 9.98861 milliseconds
[gmrf_wind_mapping_node-2] --> MAP did not converge after 1 iterations.
[gmrf_wind_mapping_node-2] [GMRF] MAP Mean value estimated in 9.9912 milliseconds
[gmrf_wind_mapping_node-2] --> MAP did not converge after 1 iterations.
[gmrf_wind_mapping_node-2] [GMRF] MAP Mean value estimated in 9.99379 milliseconds
[gmrf_wind_mapping_node-2] --> MAP did not converge after 1 iterations.
[gmrf_wind_mapping_node-2] [GMRF] MAP Mean value estimated in 9.99431 milliseconds
[gmrf_wind_mapping_node-2] --> MAP did not converge after 1 iterations.
[gmrf_wind_mapping_node-2] [GMRF] MAP Mean value estimated in 9.99328 milliseconds
[gmrf_wind_mapping_node-2] --> MAP did not converge after 1 iterations.
[gmrf_wind_mapping_node-2] [GMRF] MAP Mean value estimated in 9.9938 milliseconds
[gmrf_wind_mapping_node-2] --> MAP did not converge after 1 iterations.
[gmrf_wind_mapping_node-2] [GMRF] MAP Mean value estimated in 9.99587 milliseconds
[gmrf_wind_mapping_node-2] --> MAP did not converge after 1 iterations.
[gmrf_wind_mapping_node-2] [GMRF] MAP Mean value estimated in 9.99587 milliseconds
[gmrf_wind_mapping_node-2] --> MAP did not converge after 1 iterations.
[gmrf_wind_mapping_node-2] [GMRF] MAP Mean value estimated in 9.99845 milliseconds
[gmrf_wind_mapping_node-2] --> MAP did not converge after 1 iterations.
[gmrf_wind_mapping_node-2] [GMRF] MAP Mean value estimated in 9.99691 milliseconds
[gmrf_wind_mapping_node-2] --> MAP did not converge after 1 iterations.
[gmrf_wind_mapping_node-2] [GMRF] MAP Mean value estimated in 9.99588 milliseconds
[gmrf_wind_mapping_node-2] --> MAP did not converge after 1 iterations.
[gmrf_wind_mapping_node-2] [GMRF] MAP Mean value estimated in 9.99434 milliseconds
[gmrf_wind_mapping_node-2] --> MAP did not converge after 1 iterations.
[gmrf_wind_mapping_node-2] [GMRF] MAP Mean value estimated in 9.99279 milliseconds
[gmrf_wind_mapping_node-2] --> MAP did not converge after 1 iterations.
[gmrf_wind_mapping_node-2] [GMRF] MAP Mean value estimated in 9.99126 milliseconds
[gsl_actionserver_node-3] [INFO] [1788859109.346017125] [GSL]: 10 gas measurements, 10 wind measurements over 1.92 seconds
[gsl_actionserver_node-3] [INFO] [1788859109.346076550] [GSL]: avg_gas=0.076;  avg_windSpeed=0.16;  avg_wind_dir=-1.9
[gsl_actionserver_node-3] [INFO] [1788859109.346856154] [GSL]: [33mNOTHING [0m
[gsl_actionserver_node-3] [INFO] [1788859109.346878062] [GSL]: [DEBUG-WIND] useGroundTruth=false gmrf_req_size=626 gaden_req_size=-1
[gsl_actionserver_node-3] [INFO] [1788859109.346884799] [GSL]: [DEBUG-WIND] Taking GMRF path
[gsl_actionserver_node-3] [INFO] [1788859109.426774192] [GSL - Trace]: [32mEntering StopAndMeasure[0m
[gmrf_wind_mapping_node-2] --> MAP did not converge after 1 iterations.
[gmrf_wind_mapping_node-2] [GMRF] MAP Mean value estimated in 9.99023 milliseconds
[gmrf_wind_mapping_node-2] --> MAP did not converge after 1 iterations.
[gmrf_wind_mapping_node-2] [GMRF] MAP Mean value estimated in 9.98869 milliseconds
[gmrf_wind_mapping_node-2] --> MAP did not converge after 1 iterations.
[gmrf_wind_mapping_node-2] [GMRF] MAP Mean value estimated in 9.98767 milliseconds
[gmrf_wind_mapping_node-2] --> MAP did not converge after 1 iterations.
[gmrf_wind_mapping_node-2] [GMRF] MAP Mean value estimated in 9.98614 milliseconds
[gmrf_wind_mapping_node-2] --> MAP did not converge after 1 iterations.
[gmrf_wind_mapping_node-2] [GMRF] MAP Mean value estimated in 9.98461 milliseconds
[gmrf_wind_mapping_node-2] --> MAP did not converge after 1 iterations.
[gmrf_wind_mapping_node-2] [GMRF] MAP Mean value estimated in 9.98359 milliseconds
[gmrf_wind_mapping_node-2] --> MAP did not converge after 1 iterations.
[gmrf_wind_mapping_node-2] [GMRF] MAP Mean value estimated in 9.98257 milliseconds
[gmrf_wind_mapping_node-2] --> MAP did not converge after 1 iterations.
[gmrf_wind_mapping_node-2] [GMRF] MAP Mean value estimated in 9.98156 milliseconds
[gmrf_wind_mapping_node-2] --> MAP did not converge after 1 iterations.
[gmrf_wind_mapping_node-2] [GMRF] MAP Mean value estimated in 9.98054 milliseconds
[gmrf_wind_mapping_node-2] --> MAP did not converge after 1 iterations.
[gmrf_wind_mapping_node-2] [GMRF] MAP Mean value estimated in 9.97902 milliseconds
[gmrf_wind_mapping_node-2] --> MAP did not converge after 1 iterations.
[gmrf_wind_mapping_node-2] [GMRF] MAP Mean value estimated in 9.97749 milliseconds
[gmrf_wind_mapping_node-2] --> MAP did not converge after 1 iterations.
[gmrf_wind_mapping_node-2] [GMRF] MAP Mean value estimated in 9.97853 milliseconds
[gmrf_wind_mapping_node-2] --> MAP did not converge after 1 iterations.
[gmrf_wind_mapping_node-2] [GMRF] MAP Mean value estimated in 9.98058 milliseconds
[gmrf_wind_mapping_node-2] --> MAP did not converge after 1 iterations.
[gmrf_wind_mapping_node-2] [GMRF] MAP Mean value estimated in 9.97957 milliseconds
[gmrf_wind_mapping_node-2] --> MAP did not converge after 1 iterations.
[gmrf_wind_mapping_node-2] [GMRF] MAP Mean value estimated in 9.98111 milliseconds
[gmrf_wind_mapping_node-2] --> MAP did not converge after 1 iterations.
[gmrf_wind_mapping_node-2] [GMRF] MAP Mean value estimated in 9.9801 milliseconds
[gmrf_wind_mapping_node-2] --> MAP did not converge after 1 iterations.
[gmrf_wind_mapping_node-2] [GMRF] MAP Mean value estimated in 9.97858 milliseconds
[gmrf_wind_mapping_node-2] --> MAP did not converge after 1 iterations.
[gmrf_wind_mapping_node-2] [GMRF] MAP Mean value estimated in 9.98012 milliseconds
[gmrf_wind_mapping_node-2] --> MAP did not converge after 1 iterations.
[gmrf_wind_mapping_node-2] [GMRF] MAP Mean value estimated in 9.98268 milliseconds
[gmrf_wind_mapping_node-2] --> MAP did not converge after 1 iterations.
[gmrf_wind_mapping_node-2] [GMRF] MAP Mean value estimated in 9.98371 milliseconds
[gsl_actionserver_node-3] [INFO] [1788859111.345998322] [GSL]: 10 gas measurements, 10 wind measurements over 1.92 seconds
[gsl_actionserver_node-3] [INFO] [1788859111.346064166] [GSL]: avg_gas=0.067;  avg_windSpeed=0.33;  avg_wind_dir=0.19
[gsl_actionserver_node-3] [INFO] [1788859111.346842001] [GSL]: [33mNOTHING [0m
[gsl_actionserver_node-3] [INFO] [1788859111.346856216] [GSL]: [DEBUG-WIND] useGroundTruth=false gmrf_req_size=626 gaden_req_size=-1
[gsl_actionserver_node-3] [INFO] [1788859111.346866427] [GSL]: [DEBUG-WIND] Taking GMRF path
[gsl_actionserver_node-3] [INFO] [1788859111.426687861] [GSL - Trace]: [32mEntering StopAndMeasure[0m
[gmrf_wind_mapping_node-2] --> MAP did not converge after 1 iterations.
[gmrf_wind_mapping_node-2] [GMRF] MAP Mean value estimated in 9.9827 milliseconds
[gmrf_wind_mapping_node-2] --> MAP did not converge after 1 iterations.
[gmrf_wind_mapping_node-2] [GMRF] MAP Mean value estimated in 9.9822 milliseconds
[gmrf_wind_mapping_node-2] --> MAP did not converge after 1 iterations.
[gmrf_wind_mapping_node-2] [GMRF] MAP Mean value estimated in 9.98068 milliseconds
[gmrf_wind_mapping_node-2] --> MAP did not converge after 1 iterations.
[gmrf_wind_mapping_node-2] [GMRF] MAP Mean value estimated in 9.97917 milliseconds
[gmrf_wind_mapping_node-2] --> MAP did not converge after 1 iterations.
[gmrf_wind_mapping_node-2] [GMRF] MAP Mean value estimated in 9.9807 milliseconds
[gmrf_wind_mapping_node-2] --> MAP did not converge after 1 iterations.
[gmrf_wind_mapping_node-2] [GMRF] MAP Mean value estimated in 9.98223 milliseconds
[gmrf_wind_mapping_node-2] --> MAP did not converge after 1 iterations.
[gmrf_wind_mapping_node-2] [GMRF] MAP Mean value estimated in 9.98376 milliseconds
[gmrf_wind_mapping_node-2] --> MAP did not converge after 1 iterations.
[gmrf_wind_mapping_node-2] [GMRF] MAP Mean value estimated in 9.98377 milliseconds
[gmrf_wind_mapping_node-2] --> MAP did not converge after 1 iterations.
[gmrf_wind_mapping_node-2] [GMRF] MAP Mean value estimated in 9.9853 milliseconds
[gmrf_wind_mapping_node-2] --> MAP did not converge after 1 iterations.
[gmrf_wind_mapping_node-2] [GMRF] MAP Mean value estimated in 9.9848 milliseconds
[gmrf_wind_mapping_node-2] --> MAP did not converge after 1 iterations.
[gmrf_wind_mapping_node-2] [GMRF] MAP Mean value estimated in 9.98329 milliseconds
[gmrf_wind_mapping_node-2] --> MAP did not converge after 1 iterations.
[gmrf_wind_mapping_node-2] [GMRF] MAP Mean value estimated in 9.98381 milliseconds
[gmrf_wind_mapping_node-2] --> MAP did not converge after 1 iterations.
[gmrf_wind_mapping_node-2] [GMRF] MAP Mean value estimated in 9.98634 milliseconds
[gmrf_wind_mapping_node-2] --> MAP did not converge after 1 iterations.
[gmrf_wind_mapping_node-2] [GMRF] MAP Mean value estimated in 9.98534 milliseconds
[gmrf_wind_mapping_node-2] --> MAP did not converge after 1 iterations.
[gmrf_wind_mapping_node-2] [GMRF] MAP Mean value estimated in 9.98888 milliseconds
[gmrf_wind_mapping_node-2] --> MAP did not converge after 1 iterations.
[gmrf_wind_mapping_node-2] [GMRF] MAP Mean value estimated in 9.99141 milliseconds
[gmrf_wind_mapping_node-2] --> MAP did not converge after 1 iterations.
[gmrf_wind_mapping_node-2] [GMRF] MAP Mean value estimated in 9.99192 milliseconds
[gmrf_wind_mapping_node-2] --> MAP did not converge after 1 iterations.
[gmrf_wind_mapping_node-2] [GMRF] MAP Mean value estimated in 9.99092 milliseconds
[gmrf_wind_mapping_node-2] --> MAP did not converge after 1 iterations.
[gmrf_wind_mapping_node-2] [GMRF] MAP Mean value estimated in 9.98941 milliseconds
[gmrf_wind_mapping_node-2] --> MAP did not converge after 1 iterations.
[gmrf_wind_mapping_node-2] [GMRF] MAP Mean value estimated in 9.98992 milliseconds
[gsl_actionserver_node-3] [INFO] [1788859113.346024564] [GSL]: 10 gas measurements, 10 wind measurements over 1.92 seconds
[gsl_actionserver_node-3] [INFO] [1788859113.346100546] [GSL]: avg_gas=0.074;  avg_windSpeed=0.15;  avg_wind_dir=-1.8
[gsl_actionserver_node-3] [INFO] [1788859113.347274645] [GSL]: [33mNOTHING [0m
[gsl_actionserver_node-3] [INFO] [1788859113.347300072] [GSL]: [DEBUG-WIND] useGroundTruth=false gmrf_req_size=626 gaden_req_size=-1
[gsl_actionserver_node-3] [INFO] [1788859113.347311711] [GSL]: [DEBUG-WIND] Taking GMRF path
[gmrf_wind_mapping_node-2] --> MAP did not converge after 1 iterations.
[gmrf_wind_mapping_node-2] [GMRF] MAP Mean value estimated in 9.98841 milliseconds
[gsl_actionserver_node-3] [INFO] [1788859113.434352270] [GSL]: Max mutual info: 1.601
[gsl_actionserver_node-3] [INFO] [1788859113.434614269] [GSL]: MutualInformation - Ellapsed: 0.008s
[vgr_sim_node-1] [WARN] [1788859113.442551261] [vgr_uav_sim]: PLAN_CB: called with goal=(-5.90,-0.23)
[vgr_sim_node-1] [WARN] [1788859113.446671800] [vgr_uav_sim]: PLAN_CB: returning 4 poses
[vgr_sim_node-1] [WARN] [1788859113.457899252] [vgr_uav_sim]: PLAN_CB: called with goal=(-5.90,-0.23)
[vgr_sim_node-1] [WARN] [1788859113.458683508] [vgr_uav_sim]: PLAN_CB: returning 4 poses
[gsl_actionserver_node-3] [INFO] [1788859113.468269458] [GSL]: Sending goal (-5.90, -0.23)
[gsl_actionserver_node-3] [INFO] [1788859113.468736661] [GSL]: Variance: 0.09
[gsl_actionserver_node-3] [INFO] [1788859113.468761661] [GSL - Trace]: [32mEntering Moving[0m
[vgr_sim_node-1] [INFO] [1788859113.470088824] [vgr_uav_sim]: Prepared 4 collision-free navigation waypoints to (-5.90, -0.23)
[vgr_sim_node-1] [INFO] [1788859113.471118337] [vgr_uav_sim]: UAV navigating in audited 2-D mode to (-5.90, -0.23, 0.30)
[gmrf_wind_mapping_node-2] --> MAP did not converge after 1 iterations.
[gmrf_wind_mapping_node-2] [GMRF] MAP Mean value estimated in 9.98892 milliseconds
[gmrf_wind_mapping_node-2] --> MAP did not converge after 1 iterations.
[gmrf_wind_mapping_node-2] [GMRF] MAP Mean value estimated in 9.99094 milliseconds
[gmrf_wind_mapping_node-2] --> MAP did not converge after 1 iterations.
[gmrf_wind_mapping_node-2] [GMRF] MAP Mean value estimated in 9.98944 milliseconds
[gmrf_wind_mapping_node-2] --> MAP did not converge after 1 iterations.
[gmrf_wind_mapping_node-2] [GMRF] MAP Mean value estimated in 9.98894 milliseconds
[gmrf_wind_mapping_node-2] --> MAP did not converge after 1 iterations.
[gmrf_wind_mapping_node-2] [GMRF] MAP Mean value estimated in 9.98744 milliseconds
[gsl_actionserver_node-3] [INFO] [1788859113.978093336] [GSL - Trace]: [32mEntering StopAndMeasure[0m
[gmrf_wind_mapping_node-2] --> MAP did not converge after 1 iterations.
[gmrf_wind_mapping_node-2] [GMRF] MAP Mean value estimated in 9.99046 milliseconds
[gmrf_wind_mapping_node-2] --> MAP did not converge after 1 iterations.
[gmrf_wind_mapping_node-2] [GMRF] MAP Mean value estimated in 9.99096 milliseconds
[gmrf_wind_mapping_node-2] --> MAP did not converge after 1 iterations.
[gmrf_wind_mapping_node-2] [GMRF] MAP Mean value estimated in 9.99348 milliseconds
[gmrf_wind_mapping_node-2] --> MAP did not converge after 1 iterations.
[gmrf_wind_mapping_node-2] [GMRF] MAP Mean value estimated in 9.99448 milliseconds
[gmrf_wind_mapping_node-2] --> MAP did not converge after 1 iterations.
[gmrf_wind_mapping_node-2] [GMRF] MAP Mean value estimated in 9.99649 milliseconds
[gmrf_wind_mapping_node-2] --> MAP did not converge after 1 iterations.
[gmrf_wind_mapping_node-2] [GMRF] MAP Mean value estimated in 9.99699 milliseconds
[gmrf_wind_mapping_node-2] --> MAP did not converge after 1 iterations.
[gmrf_wind_mapping_node-2] [GMRF] MAP Mean value estimated in 9.9975 milliseconds
[gmrf_wind_mapping_node-2] --> MAP did not converge after 1 iterations.
[gmrf_wind_mapping_node-2] [GMRF] MAP Mean value estimated in 9.996 milliseconds
[gmrf_wind_mapping_node-2] --> MAP did not converge after 1 iterations.
[gmrf_wind_mapping_node-2] [GMRF] MAP Mean value estimated in 9.9975 milliseconds
[gmrf_wind_mapping_node-2] --> MAP did not converge after 1 iterations.
[gmrf_wind_mapping_node-2] [GMRF] MAP Mean value estimated in 9.996 milliseconds
[gmrf_wind_mapping_node-2] --> MAP did not converge after 1 iterations.
[gmrf_wind_mapping_node-2] [GMRF] MAP Mean value estimated in 9.9975 milliseconds
[gmrf_wind_mapping_node-2] --> MAP did not converge after 1 iterations.
[gmrf_wind_mapping_node-2] [GMRF] MAP Mean value estimated in 9.9985 milliseconds
[gmrf_wind_mapping_node-2] --> MAP did not converge after 1 iterations.
[gmrf_wind_mapping_node-2] [GMRF] MAP Mean value estimated in 10.002 milliseconds
[gmrf_wind_mapping_node-2] --> MAP did not converge after 1 iterations.
[gmrf_wind_mapping_node-2] [GMRF] MAP Mean value estimated in 10.0005 milliseconds
[gmrf_wind_mapping_node-2] --> MAP did not converge after 1 iterations.
[gmrf_wind_mapping_node-2] [GMRF] MAP Mean value estimated in 9.999 milliseconds
[gmrf_wind_mapping_node-2] --> MAP did not converge after 1 iterations.
[gmrf_wind_mapping_node-2] [GMRF] MAP Mean value estimated in 10.001 milliseconds
[gmrf_wind_mapping_node-2] --> MAP did not converge after 1 iterations.
[gmrf_wind_mapping_node-2] [GMRF] MAP Mean value estimated in 10.0025 milliseconds
[gmrf_wind_mapping_node-2] --> MAP did not converge after 1 iterations.
[gmrf_wind_mapping_node-2] [GMRF] MAP Mean value estimated in 10.001 milliseconds
[gmrf_wind_mapping_node-2] --> MAP did not converge after 1 iterations.
[gmrf_wind_mapping_node-2] [GMRF] MAP Mean value estimated in 10.003 milliseconds
[gsl_actionserver_node-3] [INFO] [1788859115.908394081] [GSL]: 10 gas measurements, 10 wind measurements over 1.93 seconds
[gsl_actionserver_node-3] [INFO] [1788859115.908448928] [GSL]: avg_gas=0.015;  avg_windSpeed=0.16;  avg_wind_dir=0.73
[gsl_actionserver_node-3] [INFO] [1788859115.909003263] [GSL]: [33mNOTHING [0m
[gsl_actionserver_node-3] [INFO] [1788859115.909013941] [GSL]: [DEBUG-WIND] useGroundTruth=false gmrf_req_size=626 gaden_req_size=-1
[gsl_actionserver_node-3] [INFO] [1788859115.909022656] [GSL]: [DEBUG-WIND] Taking GMRF path
[gsl_actionserver_node-3] [INFO] [1788859115.926633573] [GSL - Trace]: [32mEntering StopAndMeasure[0m
[gmrf_wind_mapping_node-2] --> MAP did not converge after 1 iterations.
[gmrf_wind_mapping_node-2] [GMRF] MAP Mean value estimated in 10.002 milliseconds
[gmrf_wind_mapping_node-2] --> MAP did not converge after 1 iterations.
[gmrf_wind_mapping_node-2] [GMRF] MAP Mean value estimated in 10.0015 milliseconds
[gmrf_wind_mapping_node-2] --> MAP did not converge after 1 iterations.
[gmrf_wind_mapping_node-2] [GMRF] MAP Mean value estimated in 10.0015 milliseconds
[gmrf_wind_mapping_node-2] --> MAP did not converge after 1 iterations.
[gmrf_wind_mapping_node-2] [GMRF] MAP Mean value estimated in 10.004 milliseconds
[gmrf_wind_mapping_node-2] --> MAP did not converge after 1 iterations.
[gmrf_wind_mapping_node-2] [GMRF] MAP Mean value estimated in 10.003 milliseconds
[gmrf_wind_mapping_node-2] --> MAP did not converge after 1 iterations.
[gmrf_wind_mapping_node-2] [GMRF] MAP Mean value estimated in 10.004 milliseconds
[gmrf_wind_mapping_node-2] --> MAP did not converge after 1 iterations.
[gmrf_wind_mapping_node-2] [GMRF] MAP Mean value estimated in 10.0045 milliseconds
[gmrf_wind_mapping_node-2] --> MAP did not converge after 1 iterations.
[gmrf_wind_mapping_node-2] [GMRF] MAP Mean value estimated in 10.0074 milliseconds
[gmrf_wind_mapping_node-2] --> MAP did not converge after 1 iterations.
[gmrf_wind_mapping_node-2] [GMRF] MAP Mean value estimated in 10.0069 milliseconds
[gmrf_wind_mapping_node-2] --> MAP did not converge after 1 iterations.
[gmrf_wind_mapping_node-2] [GMRF] MAP Mean value estimated in 10.0084 milliseconds
[gmrf_wind_mapping_node-2] --> MAP did not converge after 1 iterations.
[gmrf_wind_mapping_node-2] [GMRF] MAP Mean value estimated in 10.0079 milliseconds
[gmrf_wind_mapping_node-2] --> MAP did not converge after 1 iterations.
[gmrf_wind_mapping_node-2] [GMRF] MAP Mean value estimated in 10.0064 milliseconds
[gmrf_wind_mapping_node-2] --> MAP did not converge after 1 iterations.
[gmrf_wind_mapping_node-2] [GMRF] MAP Mean value estimated in 10.0054 milliseconds
[gmrf_wind_mapping_node-2] --> MAP did not converge after 1 iterations.
[gmrf_wind_mapping_node-2] [GMRF] MAP Mean value estimated in 10.0035 milliseconds
[gmrf_wind_mapping_node-2] --> MAP did not converge after 1 iterations.
[gmrf_wind_mapping_node-2] [GMRF] MAP Mean value estimated in 10.002 milliseconds
[gmrf_wind_mapping_node-2] --> MAP did not converge after 1 iterations.
[gmrf_wind_mapping_node-2] [GMRF] MAP Mean value estimated in 10.0005 milliseconds
[gmrf_wind_mapping_node-2] --> MAP did not converge after 1 iterations.
[gmrf_wind_mapping_node-2] [GMRF] MAP Mean value estimated in 9.99901 milliseconds
[gmrf_wind_mapping_node-2] --> MAP did not converge after 1 iterations.
[gmrf_wind_mapping_node-2] [GMRF] MAP Mean value estimated in 9.99753 milliseconds
[gmrf_wind_mapping_node-2] --> MAP did not converge after 1 iterations.
[gmrf_wind_mapping_node-2] [GMRF] MAP Mean value estimated in 9.99606 milliseconds
[gmrf_wind_mapping_node-2] --> MAP did not converge after 1 iterations.
[gmrf_wind_mapping_node-2] [GMRF] MAP Mean value estimated in 9.99803 milliseconds
[gmrf_wind_mapping_node-2] --> MAP did not converge after 1 iterations.
[gmrf_wind_mapping_node-2] [GMRF] MAP Mean value estimated in 9.99655 milliseconds
[gmrf_wind_mapping_node-2] --> MAP did not converge after 1 iterations.
[gmrf_wind_mapping_node-2] [GMRF] MAP Mean value estimated in 9.99655 milliseconds
[gsl_actionserver_node-3] [INFO] [1788859118.122024389] [GSL]: 10 gas measurements, 10 wind measurements over 2.20 seconds
[gsl_actionserver_node-3] [INFO] [1788859118.122105641] [GSL]: avg_gas=0.0029;  avg_windSpeed=0.16;  avg_wind_dir=2.8
[gsl_actionserver_node-3] [INFO] [1788859118.122774303] [GSL]: [33mNOTHING [0m
[gsl_actionserver_node-3] [INFO] [1788859118.122786553] [GSL]: [DEBUG-WIND] useGroundTruth=false gmrf_req_size=626 gaden_req_size=-1
[gsl_actionserver_node-3] [INFO] [1788859118.122794071] [GSL]: [DEBUG-WIND] Taking GMRF path
[gsl_actionserver_node-3] [INFO] [1788859118.126640919] [GSL - Trace]: [32mEntering StopAndMeasure[0m
[gmrf_wind_mapping_node-2] --> MAP did not converge after 1 iterations.
[gmrf_wind_mapping_node-2] [GMRF] MAP Mean value estimated in 9.99557 milliseconds
[gmrf_wind_mapping_node-2] --> MAP did not converge after 1 iterations.
[gmrf_wind_mapping_node-2] [GMRF] MAP Mean value estimated in 9.9941 milliseconds
[gmrf_wind_mapping_node-2] --> MAP did not converge after 1 iterations.
[gmrf_wind_mapping_node-2] [GMRF] MAP Mean value estimated in 9.99213 milliseconds
[gmrf_wind_mapping_node-2] --> MAP did not converge after 1 iterations.
[gmrf_wind_mapping_node-2] [GMRF] MAP Mean value estimated in 9.99066 milliseconds
[gmrf_wind_mapping_node-2] --> MAP did not converge after 1 iterations.
[gmrf_wind_mapping_node-2] [GMRF] MAP Mean value estimated in 9.99067 milliseconds
[gmrf_wind_mapping_node-2] --> MAP did not converge after 1 iterations.
[gmrf_wind_mapping_node-2] [GMRF] MAP Mean value estimated in 9.9892 milliseconds
[gmrf_wind_mapping_node-2] --> MAP did not converge after 1 iterations.
[gmrf_wind_mapping_node-2] [GMRF] MAP Mean value estimated in 9.98773 milliseconds
[gmrf_wind_mapping_node-2] --> MAP did not converge after 1 iterations.
[gmrf_wind_mapping_node-2] [GMRF] MAP Mean value estimated in 9.98676 milliseconds
[gmrf_wind_mapping_node-2] --> MAP did not converge after 1 iterations.
[gmrf_wind_mapping_node-2] [GMRF] MAP Mean value estimated in 9.98529 milliseconds
[gmrf_wind_mapping_node-2] --> MAP did not converge after 1 iterations.
[gmrf_wind_mapping_node-2] [GMRF] MAP Mean value estimated in 9.98383 milliseconds
[gmrf_wind_mapping_node-2] --> MAP did not converge after 1 iterations.
[gmrf_wind_mapping_node-2] [GMRF] MAP Mean value estimated in 9.98286 milliseconds
[gmrf_wind_mapping_node-2] --> MAP did not converge after 1 iterations.
[gmrf_wind_mapping_node-2] [GMRF] MAP Mean value estimated in 9.98189 milliseconds
[gmrf_wind_mapping_node-2] --> MAP did not converge after 1 iterations.
[gmrf_wind_mapping_node-2] [GMRF] MAP Mean value estimated in 9.98043 milliseconds
[gmrf_wind_mapping_node-2] --> MAP did not converge after 1 iterations.
[gmrf_wind_mapping_node-2] [GMRF] MAP Mean value estimated in 9.97897 milliseconds
[gmrf_wind_mapping_node-2] --> MAP did not converge after 1 iterations.
[gmrf_wind_mapping_node-2] [GMRF] MAP Mean value estimated in 9.97703 milliseconds
[gmrf_wind_mapping_node-2] --> MAP did not converge after 1 iterations.
[gmrf_wind_mapping_node-2] [GMRF] MAP Mean value estimated in 9.97557 milliseconds
[gmrf_wind_mapping_node-2] --> MAP did not converge after 1 iterations.
[gmrf_wind_mapping_node-2] [GMRF] MAP Mean value estimated in 9.97412 milliseconds
[gmrf_wind_mapping_node-2] --> MAP did not converge after 1 iterations.
[gmrf_wind_mapping_node-2] [GMRF] MAP Mean value estimated in 9.97267 milliseconds
[gmrf_wind_mapping_node-2] --> MAP did not converge after 1 iterations.
[gmrf_wind_mapping_node-2] [GMRF] MAP Mean value estimated in 9.97122 milliseconds
[gmrf_wind_mapping_node-2] --> MAP did not converge after 1 iterations.
[gmrf_wind_mapping_node-2] [GMRF] MAP Mean value estimated in 9.97026 milliseconds
[gsl_actionserver_node-3] [INFO] [1788859120.122088721] [GSL]: 10 gas measurements, 10 wind measurements over 2.00 seconds
[gsl_actionserver_node-3] [INFO] [1788859120.122204267] [GSL]: avg_gas=0.00046;  avg_windSpeed=0.16;  avg_wind_dir=0.3
[gsl_actionserver_node-3] [INFO] [1788859120.122739989] [GSL]: [33mNOTHING [0m
[gsl_actionserver_node-3] [INFO] [1788859120.122749782] [GSL]: [DEBUG-WIND] useGroundTruth=false gmrf_req_size=626 gaden_req_size=-1
[gsl_actionserver_node-3] [INFO] [1788859120.122756600] [GSL]: [DEBUG-WIND] Taking GMRF path
[gsl_actionserver_node-3] [INFO] [1788859120.126580401] [GSL - Trace]: [32mEntering StopAndMeasure[0m
[gmrf_wind_mapping_node-2] --> MAP did not converge after 1 iterations.
[gmrf_wind_mapping_node-2] [GMRF] MAP Mean value estimated in 9.96881 milliseconds
[gmrf_wind_mapping_node-2] --> MAP did not converge after 1 iterations.
[gmrf_wind_mapping_node-2] [GMRF] MAP Mean value estimated in 9.96736 milliseconds
[gmrf_wind_mapping_node-2] --> MAP did not converge after 1 iterations.
[gmrf_wind_mapping_node-2] [GMRF] MAP Mean value estimated in 9.96592 milliseconds
[gmrf_wind_mapping_node-2] --> MAP did not converge after 1 iterations.
[gmrf_wind_mapping_node-2] [GMRF] MAP Mean value estimated in 9.96496 milliseconds
[gmrf_wind_mapping_node-2] --> MAP did not converge after 1 iterations.
[gmrf_wind_mapping_node-2] [GMRF] MAP Mean value estimated in 9.96352 milliseconds
[gmrf_wind_mapping_node-2] --> MAP did not converge after 1 iterations.
[gmrf_wind_mapping_node-2] [GMRF] MAP Mean value estimated in 9.96257 milliseconds
[gmrf_wind_mapping_node-2] --> MAP did not converge after 1 iterations.
[gmrf_wind_mapping_node-2] [GMRF] MAP Mean value estimated in 9.96161 milliseconds
[gmrf_wind_mapping_node-2] --> MAP did not converge after 1 iterations.
[gmrf_wind_mapping_node-2] [GMRF] MAP Mean value estimated in 9.96017 milliseconds
[gmrf_wind_mapping_node-2] --> MAP did not converge after 1 iterations.
[gmrf_wind_mapping_node-2] [GMRF] MAP Mean value estimated in 9.95874 milliseconds
[gmrf_wind_mapping_node-2] --> MAP did not converge after 1 iterations.
[gmrf_wind_mapping_node-2] [GMRF] MAP Mean value estimated in 9.96167 milliseconds
[gmrf_wind_mapping_node-2] --> MAP did not converge after 1 iterations.
[gmrf_wind_mapping_node-2] [GMRF] MAP Mean value estimated in 9.96266 milliseconds
[gmrf_wind_mapping_node-2] --> MAP did not converge after 1 iterations.
[gmrf_wind_mapping_node-2] [GMRF] MAP Mean value estimated in 9.96461 milliseconds
[gmrf_wind_mapping_node-2] --> MAP did not converge after 1 iterations.
[gmrf_wind_mapping_node-2] [GMRF] MAP Mean value estimated in 9.96366 milliseconds
[gmrf_wind_mapping_node-2] --> MAP did not converge after 1 iterations.
[gmrf_wind_mapping_node-2] [GMRF] MAP Mean value estimated in 9.96465 milliseconds
[gmrf_wind_mapping_node-2] --> MAP did not converge after 1 iterations.
[gmrf_wind_mapping_node-2] [GMRF] MAP Mean value estimated in 9.9666 milliseconds
[gmrf_wind_mapping_node-2] --> MAP did not converge after 1 iterations.
[gmrf_wind_mapping_node-2] [GMRF] MAP Mean value estimated in 9.96807 milliseconds
[gmrf_wind_mapping_node-2] --> MAP did not converge after 1 iterations.
[gmrf_wind_mapping_node-2] [GMRF] MAP Mean value estimated in 9.96712 milliseconds
[gmrf_wind_mapping_node-2] --> MAP did not converge after 1 iterations.
[gmrf_wind_mapping_node-2] [GMRF] MAP Mean value estimated in 9.96665 milliseconds
[gmrf_wind_mapping_node-2] --> MAP did not converge after 1 iterations.
[gmrf_wind_mapping_node-2] [GMRF] MAP Mean value estimated in 9.96618 milliseconds
[gmrf_wind_mapping_node-2] --> MAP did not converge after 1 iterations.
[gmrf_wind_mapping_node-2] [GMRF] MAP Mean value estimated in 9.96813 milliseconds
[gsl_actionserver_node-3] [INFO] [1788859122.122070116] [GSL]: 10 gas measurements, 10 wind measurements over 2.00 seconds
[gsl_actionserver_node-3] [INFO] [1788859122.122159100] [GSL]: avg_gas=8.7e-05;  avg_windSpeed=0.16;  avg_wind_dir=2.7
[gsl_actionserver_node-3] [INFO] [1788859122.122978478] [GSL]: [33mNOTHING [0m
[gsl_actionserver_node-3] [INFO] [1788859122.122995643] [GSL]: [DEBUG-WIND] useGroundTruth=false gmrf_req_size=626 gaden_req_size=-1
[gsl_actionserver_node-3] [INFO] [1788859122.123006267] [GSL]: [DEBUG-WIND] Taking GMRF path
[gsl_actionserver_node-3] [INFO] [1788859122.126954769] [GSL - Trace]: [32mEntering StopAndMeasure[0m
[gmrf_wind_mapping_node-2] --> MAP did not converge after 1 iterations.
[gmrf_wind_mapping_node-2] [GMRF] MAP Mean value estimated in 9.96766 milliseconds
[gmrf_wind_mapping_node-2] --> MAP did not converge after 1 iterations.
[gmrf_wind_mapping_node-2] [GMRF] MAP Mean value estimated in 9.96864 milliseconds
[gmrf_wind_mapping_node-2] --> MAP did not converge after 1 iterations.
[gmrf_wind_mapping_node-2] [GMRF] MAP Mean value estimated in 9.96721 milliseconds
[gmrf_wind_mapping_node-2] --> MAP did not converge after 1 iterations.
[gmrf_wind_mapping_node-2] [GMRF] MAP Mean value estimated in 9.96819 milliseconds
[gmrf_wind_mapping_node-2] --> MAP did not converge after 1 iterations.
[gmrf_wind_mapping_node-2] [GMRF] MAP Mean value estimated in 9.96869 milliseconds
[gmrf_wind_mapping_node-2] --> MAP did not converge after 1 iterations.
[gmrf_wind_mapping_node-2] [GMRF] MAP Mean value estimated in 9.97159 milliseconds
[gmrf_wind_mapping_node-2] --> MAP did not converge after 1 iterations.
[gmrf_wind_mapping_node-2] [GMRF] MAP Mean value estimated in 9.97064 milliseconds
[gmrf_wind_mapping_node-2] --> MAP did not converge after 1 iterations.
[gmrf_wind_mapping_node-2] [GMRF] MAP Mean value estimated in 9.9721 milliseconds
[gmrf_wind_mapping_node-2] --> MAP did not converge after 1 iterations.
[gmrf_wind_mapping_node-2] [GMRF] MAP Mean value estimated in 9.97308 milliseconds
[gmrf_wind_mapping_node-2] --> MAP did not converge after 1 iterations.
[gmrf_wind_mapping_node-2] [GMRF] MAP Mean value estimated in 9.97453 milliseconds
[gmrf_wind_mapping_node-2] --> MAP did not converge after 1 iterations.
[gmrf_wind_mapping_node-2] [GMRF] MAP Mean value estimated in 9.9731 milliseconds
[gmrf_wind_mapping_node-2] --> MAP did not converge after 1 iterations.
[gmrf_wind_mapping_node-2] [GMRF] MAP Mean value estimated in 9.97456 milliseconds
[gmrf_wind_mapping_node-2] --> MAP did not converge after 1 iterations.
[gmrf_wind_mapping_node-2] [GMRF] MAP Mean value estimated in 9.97313 milliseconds
[gmrf_wind_mapping_node-2] --> MAP did not converge after 1 iterations.
[gmrf_wind_mapping_node-2] [GMRF] MAP Mean value estimated in 9.97362 milliseconds
[gmrf_wind_mapping_node-2] --> MAP did not converge after 1 iterations.
[gmrf_wind_mapping_node-2] [GMRF] MAP Mean value estimated in 9.9722 milliseconds
[gmrf_wind_mapping_node-2] --> MAP did not converge after 1 iterations.
[gmrf_wind_mapping_node-2] [GMRF] MAP Mean value estimated in 9.97413 milliseconds
[gmrf_wind_mapping_node-2] --> MAP did not converge after 1 iterations.
[gmrf_wind_mapping_node-2] [GMRF] MAP Mean value estimated in 9.97318 milliseconds
[gmrf_wind_mapping_node-2] --> MAP did not converge after 1 iterations.
[gmrf_wind_mapping_node-2] [GMRF] MAP Mean value estimated in 9.97607 milliseconds
[gmrf_wind_mapping_node-2] --> MAP did not converge after 1 iterations.
[gmrf_wind_mapping_node-2] [GMRF] MAP Mean value estimated in 9.97464 milliseconds
[gmrf_wind_mapping_node-2] --> MAP did not converge after 1 iterations.
[gmrf_wind_mapping_node-2] [GMRF] MAP Mean value estimated in 9.97752 milliseconds
[gsl_actionserver_node-3] [INFO] [1788859124.122169149] [GSL]: 10 gas measurements, 10 wind measurements over 2.00 seconds
[gsl_actionserver_node-3] [INFO] [1788859124.122281733] [GSL]: avg_gas=1.7e-05;  avg_windSpeed=0.15;  avg_wind_dir=0.26
[gsl_actionserver_node-3] [INFO] [1788859124.124088635] [GSL]: [33mNOTHING [0m
[gsl_actionserver_node-3] [INFO] [1788859124.124134849] [GSL]: [DEBUG-WIND] useGroundTruth=false gmrf_req_size=626 gaden_req_size=-1
[gsl_actionserver_node-3] [INFO] [1788859124.124147099] [GSL]: [DEBUG-WIND] Taking GMRF path
[gsl_actionserver_node-3] [INFO] [1788859124.126820471] [GSL - Trace]: [32mEntering StopAndMeasure[0m
[gmrf_wind_mapping_node-2] --> MAP did not converge after 1 iterations.
[gmrf_wind_mapping_node-2] [GMRF] MAP Mean value estimated in 9.97849 milliseconds
[gmrf_wind_mapping_node-2] --> MAP did not converge after 1 iterations.
[gmrf_wind_mapping_node-2] [GMRF] MAP Mean value estimated in 9.97707 milliseconds
[gmrf_wind_mapping_node-2] --> MAP did not converge after 1 iterations.
[gmrf_wind_mapping_node-2] [GMRF] MAP Mean value estimated in 9.97755 milliseconds
[gmrf_wind_mapping_node-2] --> MAP did not converge after 1 iterations.
[gmrf_wind_mapping_node-2] [GMRF] MAP Mean value estimated in 9.98043 milliseconds
[gmrf_wind_mapping_node-2] --> MAP did not converge after 1 iterations.
[gmrf_wind_mapping_node-2] [GMRF] MAP Mean value estimated in 9.98139 milliseconds
[gmrf_wind_mapping_node-2] --> MAP did not converge after 1 iterations.
[gmrf_wind_mapping_node-2] [GMRF] MAP Mean value estimated in 9.98331 milliseconds
[gmrf_wind_mapping_node-2] --> MAP did not converge after 1 iterations.
[gmrf_wind_mapping_node-2] [GMRF] MAP Mean value estimated in 9.98236 milliseconds
[gmrf_wind_mapping_node-2] --> MAP did not converge after 1 iterations.
[gmrf_wind_mapping_node-2] [GMRF] MAP Mean value estimated in 9.98428 milliseconds
[gmrf_wind_mapping_node-2] --> MAP did not converge after 1 iterations.
[gmrf_wind_mapping_node-2] [GMRF] MAP Mean value estimated in 9.98429 milliseconds
[gmrf_wind_mapping_node-2] --> MAP did not converge after 1 iterations.
[gmrf_wind_mapping_node-2] [GMRF] MAP Mean value estimated in 9.98525 milliseconds
[gmrf_wind_mapping_node-2] --> MAP did not converge after 1 iterations.
[gmrf_wind_mapping_node-2] [GMRF] MAP Mean value estimated in 9.98763 milliseconds
[gmrf_wind_mapping_node-2] --> MAP did not converge after 1 iterations.
[gmrf_wind_mapping_node-2] [GMRF] MAP Mean value estimated in 9.99001 milliseconds
[gmrf_wind_mapping_node-2] --> MAP did not converge after 1 iterations.
[gmrf_wind_mapping_node-2] [GMRF] MAP Mean value estimated in 9.98907 milliseconds
[gmrf_wind_mapping_node-2] --> MAP did not converge after 1 iterations.
[gmrf_wind_mapping_node-2] [GMRF] MAP Mean value estimated in 9.99097 milliseconds
[gmrf_wind_mapping_node-2] --> MAP did not converge after 1 iterations.
[gmrf_wind_mapping_node-2] [GMRF] MAP Mean value estimated in 9.99193 milliseconds
[gmrf_wind_mapping_node-2] --> MAP did not converge after 1 iterations.
[gmrf_wind_mapping_node-2] [GMRF] MAP Mean value estimated in 9.99336 milliseconds
[gmrf_wind_mapping_node-2] --> MAP did not converge after 1 iterations.
[gmrf_wind_mapping_node-2] [GMRF] MAP Mean value estimated in 9.99194 milliseconds
[gmrf_wind_mapping_node-2] --> MAP did not converge after 1 iterations.
[gmrf_wind_mapping_node-2] [GMRF] MAP Mean value estimated in 9.99431 milliseconds
[gmrf_wind_mapping_node-2] --> MAP did not converge after 1 iterations.
[gmrf_wind_mapping_node-2] [GMRF] MAP Mean value estimated in 9.99431 milliseconds
[gmrf_wind_mapping_node-2] --> MAP did not converge after 1 iterations.
[gmrf_wind_mapping_node-2] [GMRF] MAP Mean value estimated in 9.99763 milliseconds
[gsl_actionserver_node-3] [INFO] [1788859126.122192738] [GSL]: 10 gas measurements, 10 wind measurements over 2.00 seconds
[gsl_actionserver_node-3] [INFO] [1788859126.122294084] [GSL]: avg_gas=3.1e-06;  avg_windSpeed=0.16;  avg_wind_dir=2.7
[gsl_actionserver_node-3] [INFO] [1788859126.123219688] [GSL]: [33mNOTHING [0m
[gsl_actionserver_node-3] [INFO] [1788859126.123239677] [GSL]: [DEBUG-WIND] useGroundTruth=false gmrf_req_size=626 gaden_req_size=-1
[gsl_actionserver_node-3] [INFO] [1788859126.123251576] [GSL]: [DEBUG-WIND] Taking GMRF path
[gsl_actionserver_node-3] [INFO] [1788859126.126948481] [GSL - Trace]: [32mEntering StopAndMeasure[0m
[gmrf_wind_mapping_node-2] --> MAP did not converge after 1 iterations.
[gmrf_wind_mapping_node-2] [GMRF] MAP Mean value estimated in 9.99763 milliseconds
[gmrf_wind_mapping_node-2] --> MAP did not converge after 1 iterations.
[gmrf_wind_mapping_node-2] [GMRF] MAP Mean value estimated in 9.99953 milliseconds
[gmrf_wind_mapping_node-2] --> MAP did not converge after 1 iterations.
[gmrf_wind_mapping_node-2] [GMRF] MAP Mean value estimated in 9.99811 milliseconds
[gmrf_wind_mapping_node-2] --> MAP did not converge after 1 iterations.
[gmrf_wind_mapping_node-2] [GMRF] MAP Mean value estimated in 10 milliseconds
[gmrf_wind_mapping_node-2] --> MAP did not converge after 1 iterations.
[gmrf_wind_mapping_node-2] [GMRF] MAP Mean value estimated in 10.0014 milliseconds
[gmrf_wind_mapping_node-2] --> MAP did not converge after 1 iterations.
[gmrf_wind_mapping_node-2] [GMRF] MAP Mean value estimated in 10.0028 milliseconds
[gmrf_wind_mapping_node-2] --> MAP did not converge after 1 iterations.
[gmrf_wind_mapping_node-2] [GMRF] MAP Mean value estimated in 10.0014 milliseconds
[gmrf_wind_mapping_node-2] --> MAP did not converge after 1 iterations.
[gmrf_wind_mapping_node-2] [GMRF] MAP Mean value estimated in 10.0028 milliseconds
[gmrf_wind_mapping_node-2] --> MAP did not converge after 1 iterations.
[gmrf_wind_mapping_node-2] [GMRF] MAP Mean value estimated in 10.0028 milliseconds
[gmrf_wind_mapping_node-2] --> MAP did not converge after 1 iterations.
[gmrf_wind_mapping_node-2] [GMRF] MAP Mean value estimated in 10.0042 milliseconds
[gmrf_wind_mapping_node-2] --> MAP did not converge after 1 iterations.
[gmrf_wind_mapping_node-2] [GMRF] MAP Mean value estimated in 10.0042 milliseconds
[gmrf_wind_mapping_node-2] --> MAP did not converge after 1 iterations.
[gmrf_wind_mapping_node-2] [GMRF] MAP Mean value estimated in 10.0075 milliseconds
[gmrf_wind_mapping_node-2] --> MAP did not converge after 1 iterations.
[gmrf_wind_mapping_node-2] [GMRF] MAP Mean value estimated in 10.0071 milliseconds
[gmrf_wind_mapping_node-2] --> MAP did not converge after 1 iterations.
[gmrf_wind_mapping_node-2] [GMRF] MAP Mean value estimated in 10.0094 milliseconds
[gmrf_wind_mapping_node-2] --> MAP did not converge after 1 iterations.
[gmrf_wind_mapping_node-2] [GMRF] MAP Mean value estimated in 10.0103 milliseconds
[gmrf_wind_mapping_node-2] --> MAP did not converge after 1 iterations.
[gmrf_wind_mapping_node-2] [GMRF] MAP Mean value estimated in 10.0108 milliseconds
[gmrf_wind_mapping_node-2] --> MAP did not converge after 1 iterations.
[gmrf_wind_mapping_node-2] [GMRF] MAP Mean value estimated in 10.0094 milliseconds
[gmrf_wind_mapping_node-2] --> MAP did not converge after 1 iterations.
[gmrf_wind_mapping_node-2] [GMRF] MAP Mean value estimated in 10.0122 milliseconds
[gmrf_wind_mapping_node-2] --> MAP did not converge after 1 iterations.
[gmrf_wind_mapping_node-2] [GMRF] MAP Mean value estimated in 10.0108 milliseconds
[gmrf_wind_mapping_node-2] --> MAP did not converge after 1 iterations.
[gmrf_wind_mapping_node-2] [GMRF] MAP Mean value estimated in 10.0127 milliseconds
[gsl_actionserver_node-3] [INFO] [1788859128.122065245] [GSL]: 10 gas measurements, 10 wind measurements over 2.00 seconds
[gsl_actionserver_node-3] [INFO] [1788859128.122156077] [GSL]: avg_gas=5.9e-07;  avg_windSpeed=0.15;  avg_wind_dir=0.26
[gsl_actionserver_node-3] [INFO] [1788859128.123386984] [GSL]: [33mNOTHING [0m
[gsl_actionserver_node-3] [INFO] [1788859128.123425284] [GSL]: [DEBUG-WIND] useGroundTruth=false gmrf_req_size=626 gaden_req_size=-1
[gsl_actionserver_node-3] [INFO] [1788859128.123436232] [GSL]: [DEBUG-WIND] Taking GMRF path
[gsl_actionserver_node-3] [INFO] [1788859128.126996719] [GSL - Trace]: [32mEntering StopAndMeasure[0m
[gmrf_wind_mapping_node-2] --> MAP did not converge after 1 iterations.
[gmrf_wind_mapping_node-2] [GMRF] MAP Mean value estimated in 10.0127 milliseconds
[gmrf_wind_mapping_node-2] --> MAP did not converge after 1 iterations.
[gmrf_wind_mapping_node-2] [GMRF] MAP Mean value estimated in 10.0122 milliseconds
[gmrf_wind_mapping_node-2] --> MAP did not converge after 1 iterations.
[gmrf_wind_mapping_node-2] [GMRF] MAP Mean value estimated in 10.0108 milliseconds
[gmrf_wind_mapping_node-2] --> MAP did not converge after 1 iterations.
[gmrf_wind_mapping_node-2] [GMRF] MAP Mean value estimated in 10.0103 milliseconds
[gmrf_wind_mapping_node-2] --> MAP did not converge after 1 iterations.
[gmrf_wind_mapping_node-2] [GMRF] MAP Mean value estimated in 10.0112 milliseconds
[gmrf_wind_mapping_node-2] --> MAP did not converge after 1 iterations.
[gmrf_wind_mapping_node-2] [GMRF] MAP Mean value estimated in 10.0112 milliseconds
[gmrf_wind_mapping_node-2] --> MAP did not converge after 1 iterations.
[gmrf_wind_mapping_node-2] [GMRF] MAP Mean value estimated in 10.0103 milliseconds
[gmrf_wind_mapping_node-2] --> MAP did not converge after 1 iterations.
[gmrf_wind_mapping_node-2] [GMRF] MAP Mean value estimated in 10.0089 milliseconds
[gmrf_wind_mapping_node-2] --> MAP did not converge after 1 iterations.
[gmrf_wind_mapping_node-2] [GMRF] MAP Mean value estimated in 10.0098 milliseconds
[gmrf_wind_mapping_node-2] --> MAP did not converge after 1 iterations.
[gmrf_wind_mapping_node-2] [GMRF] MAP Mean value estimated in 10.0112 milliseconds
[gmrf_wind_mapping_node-2] --> MAP did not converge after 1 iterations.
[gmrf_wind_mapping_node-2] [GMRF] MAP Mean value estimated in 10.0126 milliseconds
[gmrf_wind_mapping_node-2] --> MAP did not converge after 1 iterations.
[gmrf_wind_mapping_node-2] [GMRF] MAP Mean value estimated in 10.0149 milliseconds
[gmrf_wind_mapping_node-2] --> MAP did not converge after 1 iterations.
[gmrf_wind_mapping_node-2] [GMRF] MAP Mean value estimated in 10.014 milliseconds
[gmrf_wind_mapping_node-2] --> MAP did not converge after 1 iterations.
[gmrf_wind_mapping_node-2] [GMRF] MAP Mean value estimated in 10.0131 milliseconds
[gmrf_wind_mapping_node-2] --> MAP did not converge after 1 iterations.
[gmrf_wind_mapping_node-2] [GMRF] MAP Mean value estimated in 10.0121 milliseconds
[gmrf_wind_mapping_node-2] --> MAP did not converge after 1 iterations.
[gmrf_wind_mapping_node-2] [GMRF] MAP Mean value estimated in 10.0126 milliseconds
[gmrf_wind_mapping_node-2] --> MAP did not converge after 1 iterations.
[gmrf_wind_mapping_node-2] [GMRF] MAP Mean value estimated in 10.0116 milliseconds
[gmrf_wind_mapping_node-2] --> MAP did not converge after 1 iterations.
[gmrf_wind_mapping_node-2] [GMRF] MAP Mean value estimated in 10.0098 milliseconds
[gmrf_wind_mapping_node-2] --> MAP did not converge after 1 iterations.
[gmrf_wind_mapping_node-2] [GMRF] MAP Mean value estimated in 10.0126 milliseconds
[gmrf_wind_mapping_node-2] --> MAP did not converge after 1 iterations.
[gmrf_wind_mapping_node-2] [GMRF] MAP Mean value estimated in 10.0144 milliseconds
[gsl_actionserver_node-3] [INFO] [1788859130.121977090] [GSL]: 10 gas measurements, 10 wind measurements over 1.99 seconds
[gsl_actionserver_node-3] [INFO] [1788859130.122050345] [GSL]: avg_gas=1.1e-07;  avg_windSpeed=0.16;  avg_wind_dir=2.7
[gsl_actionserver_node-3] [INFO] [1788859130.122511585] [GSL]: [33mNOTHING [0m
[gsl_actionserver_node-3] [INFO] [1788859130.122520334] [GSL]: [DEBUG-WIND] useGroundTruth=false gmrf_req_size=626 gaden_req_size=-1
[gsl_actionserver_node-3] [INFO] [1788859130.122526615] [GSL]: [DEBUG-WIND] Taking GMRF path
[gsl_actionserver_node-3] [INFO] [1788859130.132770897] [GSL]: Max mutual info: 1.601
[gsl_actionserver_node-3] [INFO] [1788859130.132983288] [GSL]: MutualInformation - Ellapsed: 0.006s
[gmrf_wind_mapping_node-2] --> MAP did not converge after 1 iterations.
[gmrf_wind_mapping_node-2] [GMRF] MAP Mean value estimated in 10.013 milliseconds
[vgr_sim_node-1] [WARN] [1788859130.136730873] [vgr_uav_sim]: PLAN_CB: called with goal=(-5.30,0.07)
[vgr_sim_node-1] [WARN] [1788859130.138344398] [vgr_uav_sim]: PLAN_CB: returning 4 poses
[vgr_sim_node-1] [WARN] [1788859130.149993043] [vgr_uav_sim]: PLAN_CB: called with goal=(-5.30,0.07)
[vgr_sim_node-1] [WARN] [1788859130.150891643] [vgr_uav_sim]: PLAN_CB: returning 4 poses
[gsl_actionserver_node-3] [INFO] [1788859130.160456641] [GSL]: Sending goal (-5.30, 0.07)
[gsl_actionserver_node-3] [INFO] [1788859130.160933794] [GSL]: Variance: 0.09
[gsl_actionserver_node-3] [INFO] [1788859130.160957387] [GSL - Trace]: [32mEntering Moving[0m
[vgr_sim_node-1] [INFO] [1788859130.162099056] [vgr_uav_sim]: Prepared 4 collision-free navigation waypoints to (-5.30, 0.07)
[vgr_sim_node-1] [INFO] [1788859130.163513434] [vgr_uav_sim]: UAV navigating in audited 2-D mode to (-5.30, 0.07, 0.30)
[gmrf_wind_mapping_node-2] --> MAP did not converge after 1 iterations.
[gmrf_wind_mapping_node-2] [GMRF] MAP Mean value estimated in 10.0158 milliseconds
[gmrf_wind_mapping_node-2] --> MAP did not converge after 1 iterations.
[gmrf_wind_mapping_node-2] [GMRF] MAP Mean value estimated in 10.0153 milliseconds
[gmrf_wind_mapping_node-2] --> MAP did not converge after 1 iterations.
[gmrf_wind_mapping_node-2] [GMRF] MAP Mean value estimated in 10.0172 milliseconds
[gmrf_wind_mapping_node-2] --> MAP did not converge after 1 iterations.
[gmrf_wind_mapping_node-2] [GMRF] MAP Mean value estimated in 10.0181 milliseconds
[gmrf_wind_mapping_node-2] --> MAP did not converge after 1 iterations.
[gmrf_wind_mapping_node-2] [GMRF] MAP Mean value estimated in 10.0199 milliseconds
[gmrf_wind_mapping_node-2] --> MAP did not converge after 1 iterations.
[gmrf_wind_mapping_node-2] [GMRF] MAP Mean value estimated in 10.0185 milliseconds
[gsl_actionserver_node-3] [INFO] [1788859130.822660867] [GSL - Trace]: [32mEntering StopAndMeasure[0m
[gmrf_wind_mapping_node-2] --> MAP did not converge after 1 iterations.
[gmrf_wind_mapping_node-2] [GMRF] MAP Mean value estimated in 10.0199 milliseconds
[gmrf_wind_mapping_node-2] --> MAP did not converge after 1 iterations.
[gmrf_wind_mapping_node-2] [GMRF] MAP Mean value estimated in 10.0204 milliseconds
[gmrf_wind_mapping_node-2] --> MAP did not converge after 1 iterations.
[gmrf_wind_mapping_node-2] [GMRF] MAP Mean value estimated in 10.0217 milliseconds
[gmrf_wind_mapping_node-2] --> MAP did not converge after 1 iterations.
[gmrf_wind_mapping_node-2] [GMRF] MAP Mean value estimated in 10.0227 milliseconds
[gmrf_wind_mapping_node-2] --> MAP did not converge after 1 iterations.
[gmrf_wind_mapping_node-2] [GMRF] MAP Mean value estimated in 10.025 milliseconds
[gmrf_wind_mapping_node-2] --> MAP did not converge after 1 iterations.
[gmrf_wind_mapping_node-2] [GMRF] MAP Mean value estimated in 10.0236 milliseconds
[gmrf_wind_mapping_node-2] --> MAP did not converge after 1 iterations.
[gmrf_wind_mapping_node-2] [GMRF] MAP Mean value estimated in 10.0222 milliseconds
[gmrf_wind_mapping_node-2] --> MAP did not converge after 1 iterations.
[gmrf_wind_mapping_node-2] [GMRF] MAP Mean value estimated in 10.0235 milliseconds
[gmrf_wind_mapping_node-2] --> MAP did not converge after 1 iterations.
[gmrf_wind_mapping_node-2] [GMRF] MAP Mean value estimated in 10.0263 milliseconds
[gmrf_wind_mapping_node-2] --> MAP did not converge after 1 iterations.
[gmrf_wind_mapping_node-2] [GMRF] MAP Mean value estimated in 10.0268 milliseconds
[gmrf_wind_mapping_node-2] --> MAP did not converge after 1 iterations.
[gmrf_wind_mapping_node-2] [GMRF] MAP Mean value estimated in 10.029 milliseconds
[gmrf_wind_mapping_node-2] --> MAP did not converge after 1 iterations.
[gmrf_wind_mapping_node-2] [GMRF] MAP Mean value estimated in 10.0276 milliseconds
[gmrf_wind_mapping_node-2] --> MAP did not converge after 1 iterations.
[gmrf_wind_mapping_node-2] [GMRF] MAP Mean value estimated in 10.0299 milliseconds
[gmrf_wind_mapping_node-2] --> MAP did not converge after 1 iterations.
[gmrf_wind_mapping_node-2] [GMRF] MAP Mean value estimated in 10.0304 milliseconds
[gmrf_wind_mapping_node-2] --> MAP did not converge after 1 iterations.
[gmrf_wind_mapping_node-2] [GMRF] MAP Mean value estimated in 10.0327 milliseconds
[gmrf_wind_mapping_node-2] --> MAP did not converge after 1 iterations.
[gmrf_wind_mapping_node-2] [GMRF] MAP Mean value estimated in 10.0317 milliseconds
[gmrf_wind_mapping_node-2] --> MAP did not converge after 1 iterations.
[gmrf_wind_mapping_node-2] [GMRF] MAP Mean value estimated in 10.0336 milliseconds
[gmrf_wind_mapping_node-2] --> MAP did not converge after 1 iterations.
[gmrf_wind_mapping_node-2] [GMRF] MAP Mean value estimated in 10.0354 milliseconds
[gmrf_wind_mapping_node-2] --> MAP did not converge after 1 iterations.
[gmrf_wind_mapping_node-2] [GMRF] MAP Mean value estimated in 10.0345 milliseconds
[gmrf_wind_mapping_node-2] --> MAP did not converge after 1 iterations.
[gmrf_wind_mapping_node-2] [GMRF] MAP Mean value estimated in 10.0354 milliseconds
[gsl_actionserver_node-3] [INFO] [1788859132.772335698] [GSL]: 10 gas measurements, 10 wind measurements over 1.95 seconds
[gsl_actionserver_node-3] [INFO] [1788859132.772475824] [GSL]: avg_gas=1.3e-08;  avg_windSpeed=0.54;  avg_wind_dir=3
[gsl_actionserver_node-3] [INFO] [1788859132.775192293] [GSL]: [33mNOTHING [0m
[gsl_actionserver_node-3] [INFO] [1788859132.775248487] [GSL]: [DEBUG-WIND] useGroundTruth=false gmrf_req_size=626 gaden_req_size=-1
[gsl_actionserver_node-3] [INFO] [1788859132.775265225] [GSL]: [DEBUG-WIND] Taking GMRF path
[gsl_actionserver_node-3] [INFO] [1788859132.827816113] [GSL - Trace]: [32mEntering StopAndMeasure[0m
[gmrf_wind_mapping_node-2] --> MAP did not converge after 1 iterations.
[gmrf_wind_mapping_node-2] [GMRF] MAP Mean value estimated in 10.0376 milliseconds
[gmrf_wind_mapping_node-2] --> MAP did not converge after 1 iterations.
[gmrf_wind_mapping_node-2] [GMRF] MAP Mean value estimated in 10.0362 milliseconds
[gmrf_wind_mapping_node-2] --> MAP did not converge after 1 iterations.
[gmrf_wind_mapping_node-2] [GMRF] MAP Mean value estimated in 10.039 milliseconds
[gmrf_wind_mapping_node-2] --> MAP did not converge after 1 iterations.
[gmrf_wind_mapping_node-2] [GMRF] MAP Mean value estimated in 10.0394 milliseconds
[gmrf_wind_mapping_node-2] --> MAP did not converge after 1 iterations.
[gmrf_wind_mapping_node-2] [GMRF] MAP Mean value estimated in 10.0431 milliseconds
[gmrf_wind_mapping_node-2] --> MAP did not converge after 1 iterations.
[gmrf_wind_mapping_node-2] [GMRF] MAP Mean value estimated in 10.0417 milliseconds
[gmrf_wind_mapping_node-2] --> MAP did not converge after 1 iterations.
[gmrf_wind_mapping_node-2] [GMRF] MAP Mean value estimated in 10.0435 milliseconds
[gmrf_wind_mapping_node-2] --> MAP did not converge after 1 iterations.
[gmrf_wind_mapping_node-2] [GMRF] MAP Mean value estimated in 10.0425 milliseconds
[gmrf_wind_mapping_node-2] --> MAP did not converge after 1 iterations.
[gmrf_wind_mapping_node-2] [GMRF] MAP Mean value estimated in 10.0412 milliseconds
[gmrf_wind_mapping_node-2] --> MAP did not converge after 1 iterations.
[gmrf_wind_mapping_node-2] [GMRF] MAP Mean value estimated in 10.0402 milliseconds
[gmrf_wind_mapping_node-2] --> MAP did not converge after 1 iterations.
[gmrf_wind_mapping_node-2] [GMRF] MAP Mean value estimated in 10.0443 milliseconds
[gmrf_wind_mapping_node-2] --> MAP did not converge after 1 iterations.
[gmrf_wind_mapping_node-2] [GMRF] MAP Mean value estimated in 10.0429 milliseconds
[gmrf_wind_mapping_node-2] --> MAP did not converge after 1 iterations.
[gmrf_wind_mapping_node-2] [GMRF] MAP Mean value estimated in 10.0447 milliseconds
[gmrf_wind_mapping_node-2] --> MAP did not converge after 1 iterations.
[gmrf_wind_mapping_node-2] [GMRF] MAP Mean value estimated in 10.0433 milliseconds
[gmrf_wind_mapping_node-2] --> MAP did not converge after 1 iterations.
[gmrf_wind_mapping_node-2] [GMRF] MAP Mean value estimated in 10.0456 milliseconds
[gmrf_wind_mapping_node-2] --> MAP did not converge after 1 iterations.
[gmrf_wind_mapping_node-2] [GMRF] MAP Mean value estimated in 10.046 milliseconds
[gmrf_wind_mapping_node-2] --> MAP did not converge after 1 iterations.
[gmrf_wind_mapping_node-2] [GMRF] MAP Mean value estimated in 10.0469 milliseconds
[gmrf_wind_mapping_node-2] --> MAP did not converge after 1 iterations.
[gmrf_wind_mapping_node-2] [GMRF] MAP Mean value estimated in 10.0492 milliseconds
[gmrf_wind_mapping_node-2] --> MAP did not converge after 1 iterations.
[gmrf_wind_mapping_node-2] [GMRF] MAP Mean value estimated in 10.051 milliseconds
[gsl_actionserver_node-3] [INFO] [1788859134.722056840] [GSL]: 10 gas measurements, 10 wind measurements over 1.89 seconds
[gsl_actionserver_node-3] [INFO] [1788859134.722110484] [GSL]: avg_gas=2.4e-09;  avg_windSpeed=0.49;  avg_wind_dir=3.1
[gsl_actionserver_node-3] [INFO] [1788859134.722662373] [GSL]: [33mNOTHING [0m
[gsl_actionserver_node-3] [INFO] [1788859134.722671726] [GSL]: [DEBUG-WIND] useGroundTruth=false gmrf_req_size=626 gaden_req_size=-1
[gsl_actionserver_node-3] [INFO] [1788859134.722678295] [GSL]: [DEBUG-WIND] Taking GMRF path
[gsl_actionserver_node-3] [INFO] [1788859134.726640799] [GSL - Trace]: [32mEntering StopAndMeasure[0m
[gmrf_wind_mapping_node-2] --> MAP did not converge after 1 iterations.
[gmrf_wind_mapping_node-2] [GMRF] MAP Mean value estimated in 10.0496 milliseconds
[gmrf_wind_mapping_node-2] --> MAP did not converge after 1 iterations.
[gmrf_wind_mapping_node-2] [GMRF] MAP Mean value estimated in 10.0491 milliseconds
[gmrf_wind_mapping_node-2] --> MAP did not converge after 1 iterations.
[gmrf_wind_mapping_node-2] [GMRF] MAP Mean value estimated in 10.0491 milliseconds
[gmrf_wind_mapping_node-2] --> MAP did not converge after 1 iterations.
[gmrf_wind_mapping_node-2] [GMRF] MAP Mean value estimated in 10.0491 milliseconds
[gmrf_wind_mapping_node-2] --> MAP did not converge after 1 iterations.
[gmrf_wind_mapping_node-2] [GMRF] MAP Mean value estimated in 10.0504 milliseconds
[gmrf_wind_mapping_node-2] --> MAP did not converge after 1 iterations.
[gmrf_wind_mapping_node-2] [GMRF] MAP Mean value estimated in 10.0527 milliseconds
[gmrf_wind_mapping_node-2] --> MAP did not converge after 1 iterations.
[gmrf_wind_mapping_node-2] [GMRF] MAP Mean value estimated in 10.0544 milliseconds
[gmrf_wind_mapping_node-2] --> MAP did not converge after 1 iterations.
[gmrf_wind_mapping_node-2] [GMRF] MAP Mean value estimated in 10.054 milliseconds
[gmrf_wind_mapping_node-2] --> MAP did not converge after 1 iterations.
[gmrf_wind_mapping_node-2] [GMRF] MAP Mean value estimated in 10.0539 milliseconds
[gmrf_wind_mapping_node-2] --> MAP did not converge after 1 iterations.
[gmrf_wind_mapping_node-2] [GMRF] MAP Mean value estimated in 10.053 milliseconds
[gmrf_wind_mapping_node-2] --> MAP did not converge after 1 iterations.
[gmrf_wind_mapping_node-2] [GMRF] MAP Mean value estimated in 10.0521 milliseconds
[gmrf_wind_mapping_node-2] --> MAP did not converge after 1 iterations.
[gmrf_wind_mapping_node-2] [GMRF] MAP Mean value estimated in 10.0539 milliseconds
[gmrf_wind_mapping_node-2] --> MAP did not converge after 1 iterations.
[gmrf_wind_mapping_node-2] [GMRF] MAP Mean value estimated in 10.0548 milliseconds
[gmrf_wind_mapping_node-2] --> MAP did not converge after 1 iterations.
[gmrf_wind_mapping_node-2] [GMRF] MAP Mean value estimated in 10.0534 milliseconds
[gmrf_wind_mapping_node-2] --> MAP did not converge after 1 iterations.
[gmrf_wind_mapping_node-2] [GMRF] MAP Mean value estimated in 10.0552 milliseconds
[gmrf_wind_mapping_node-2] --> MAP did not converge after 1 iterations.
[gmrf_wind_mapping_node-2] [GMRF] MAP Mean value estimated in 10.0542 milliseconds
[gmrf_wind_mapping_node-2] --> MAP did not converge after 1 iterations.
[gmrf_wind_mapping_node-2] [GMRF] MAP Mean value estimated in 10.0542 milliseconds
[gmrf_wind_mapping_node-2] --> MAP did not converge after 1 iterations.
[gmrf_wind_mapping_node-2] [GMRF] MAP Mean value estimated in 10.0551 milliseconds
[gmrf_wind_mapping_node-2] --> MAP did not converge after 1 iterations.
[gmrf_wind_mapping_node-2] [GMRF] MAP Mean value estimated in 10.056 milliseconds
[gmrf_wind_mapping_node-2] --> MAP did not converge after 1 iterations.
[gmrf_wind_mapping_node-2] [GMRF] MAP Mean value estimated in 10.0568 milliseconds
[gsl_actionserver_node-3] [INFO] [1788859136.722160502] [GSL]: 10 gas measurements, 10 wind measurements over 2.00 seconds
[gsl_actionserver_node-3] [INFO] [1788859136.722220384] [GSL]: avg_gas=4.5e-10;  avg_windSpeed=0.54;  avg_wind_dir=3
[gsl_actionserver_node-3] [INFO] [1788859136.722869739] [GSL]: [33mNOTHING [0m
[gsl_actionserver_node-3] [INFO] [1788859136.723239463] [GSL]: [DEBUG-WIND] useGroundTruth=false gmrf_req_size=626 gaden_req_size=-1
[gsl_actionserver_node-3] [INFO] [1788859136.723259696] [GSL]: [DEBUG-WIND] Taking GMRF path
[gsl_actionserver_node-3] [INFO] [1788859136.726523669] [GSL - Trace]: [32mEntering StopAndMeasure[0m
[gmrf_wind_mapping_node-2] --> MAP did not converge after 1 iterations.
[gmrf_wind_mapping_node-2] [GMRF] MAP Mean value estimated in 10.0555 milliseconds
[gmrf_wind_mapping_node-2] --> MAP did not converge after 1 iterations.
[gmrf_wind_mapping_node-2] [GMRF] MAP Mean value estimated in 10.0581 milliseconds
[gmrf_wind_mapping_node-2] --> MAP did not converge after 1 iterations.
[gmrf_wind_mapping_node-2] [GMRF] MAP Mean value estimated in 10.0586 milliseconds
[gmrf_wind_mapping_node-2] --> MAP did not converge after 1 iterations.
[gmrf_wind_mapping_node-2] [GMRF] MAP Mean value estimated in 10.059 milliseconds
[gmrf_wind_mapping_node-2] --> MAP did not converge after 1 iterations.
[gmrf_wind_mapping_node-2] [GMRF] MAP Mean value estimated in 10.059 milliseconds
[gmrf_wind_mapping_node-2] --> MAP did not converge after 1 iterations.
[gmrf_wind_mapping_node-2] [GMRF] MAP Mean value estimated in 10.058 milliseconds
[gmrf_wind_mapping_node-2] --> MAP did not converge after 1 iterations.
[gmrf_wind_mapping_node-2] [GMRF] MAP Mean value estimated in 10.0576 milliseconds
[gmrf_wind_mapping_node-2] --> MAP did not converge after 1 iterations.
[gmrf_wind_mapping_node-2] [GMRF] MAP Mean value estimated in 10.0566 milliseconds
[gmrf_wind_mapping_node-2] --> MAP did not converge after 1 iterations.
[gmrf_wind_mapping_node-2] [GMRF] MAP Mean value estimated in 10.0566 milliseconds
[gmrf_wind_mapping_node-2] --> MAP did not converge after 1 iterations.
[gmrf_wind_mapping_node-2] [GMRF] MAP Mean value estimated in 10.0575 milliseconds
[gmrf_wind_mapping_node-2] --> MAP did not converge after 1 iterations.
[gmrf_wind_mapping_node-2] [GMRF] MAP Mean value estimated in 10.0566 milliseconds
[gmrf_wind_mapping_node-2] --> MAP did not converge after 1 iterations.
[gmrf_wind_mapping_node-2] [GMRF] MAP Mean value estimated in 10.057 milliseconds
[gmrf_wind_mapping_node-2] --> MAP did not converge after 1 iterations.
[gmrf_wind_mapping_node-2] [GMRF] MAP Mean value estimated in 10.0574 milliseconds
[gmrf_wind_mapping_node-2] --> MAP did not converge after 1 iterations.
[gmrf_wind_mapping_node-2] [GMRF] MAP Mean value estimated in 10.056 milliseconds
[gmrf_wind_mapping_node-2] --> MAP did not converge after 1 iterations.
[gmrf_wind_mapping_node-2] [GMRF] MAP Mean value estimated in 10.0565 milliseconds
[gmrf_wind_mapping_node-2] --> MAP did not converge after 1 iterations.
[gmrf_wind_mapping_node-2] [GMRF] MAP Mean value estimated in 10.0578 milliseconds
[gmrf_wind_mapping_node-2] --> MAP did not converge after 1 iterations.
[gmrf_wind_mapping_node-2] [GMRF] MAP Mean value estimated in 10.0568 milliseconds
[gmrf_wind_mapping_node-2] --> MAP did not converge after 1 iterations.
[gmrf_wind_mapping_node-2] [GMRF] MAP Mean value estimated in 10.0555 milliseconds
[gmrf_wind_mapping_node-2] --> MAP did not converge after 1 iterations.
[gmrf_wind_mapping_node-2] [GMRF] MAP Mean value estimated in 10.0546 milliseconds
[gmrf_wind_mapping_node-2] --> MAP did not converge after 1 iterations.
[gmrf_wind_mapping_node-2] [GMRF] MAP Mean value estimated in 10.0568 milliseconds
[gsl_actionserver_node-3] [INFO] [1788859138.721911251] [GSL]: 10 gas measurements, 10 wind measurements over 2.00 seconds
[gsl_actionserver_node-3] [INFO] [1788859138.721961223] [GSL]: avg_gas=8.6e-11;  avg_windSpeed=0.49;  avg_wind_dir=3.1
[gsl_actionserver_node-3] [INFO] [1788859138.722483550] [GSL]: [33mNOTHING [0m
[gsl_actionserver_node-3] [INFO] [1788859138.722492725] [GSL]: [DEBUG-WIND] useGroundTruth=false gmrf_req_size=626 gaden_req_size=-1
[gsl_actionserver_node-3] [INFO] [1788859138.722499079] [GSL]: [DEBUG-WIND] Taking GMRF path
[gsl_actionserver_node-3] [INFO] [1788859138.726679526] [GSL - Trace]: [32mEntering StopAndMeasure[0m
[gmrf_wind_mapping_node-2] --> MAP did not converge after 1 iterations.
[gmrf_wind_mapping_node-2] [GMRF] MAP Mean value estimated in 10.0559 milliseconds
[gmrf_wind_mapping_node-2] --> MAP did not converge after 1 iterations.
[gmrf_wind_mapping_node-2] [GMRF] MAP Mean value estimated in 10.0567 milliseconds
[gmrf_wind_mapping_node-2] --> MAP did not converge after 1 iterations.
[gmrf_wind_mapping_node-2] [GMRF] MAP Mean value estimated in 10.0558 milliseconds
[gmrf_wind_mapping_node-2] --> MAP did not converge after 1 iterations.
[gmrf_wind_mapping_node-2] [GMRF] MAP Mean value estimated in 10.0562 milliseconds
[gmrf_wind_mapping_node-2] --> MAP did not converge after 1 iterations.
[gmrf_wind_mapping_node-2] [GMRF] MAP Mean value estimated in 10.0571 milliseconds
[gmrf_wind_mapping_node-2] --> MAP did not converge after 1 iterations.
[gmrf_wind_mapping_node-2] [GMRF] MAP Mean value estimated in 10.0593 milliseconds
[gmrf_wind_mapping_node-2] --> MAP did not converge after 1 iterations.
[gmrf_wind_mapping_node-2] [GMRF] MAP Mean value estimated in 10.0597 milliseconds
[gmrf_wind_mapping_node-2] --> MAP did not converge after 1 iterations.
[gmrf_wind_mapping_node-2] [GMRF] MAP Mean value estimated in 10.0588 milliseconds
[gmrf_wind_mapping_node-2] --> MAP did not converge after 1 iterations.
[gmrf_wind_mapping_node-2] [GMRF] MAP Mean value estimated in 10.0601 milliseconds
[gmrf_wind_mapping_node-2] --> MAP did not converge after 1 iterations.
[gmrf_wind_mapping_node-2] [GMRF] MAP Mean value estimated in 10.0605 milliseconds
[gmrf_wind_mapping_node-2] --> MAP did not converge after 1 iterations.
[gmrf_wind_mapping_node-2] [GMRF] MAP Mean value estimated in 10.0592 milliseconds
[gmrf_wind_mapping_node-2] --> MAP did not converge after 1 iterations.
[gmrf_wind_mapping_node-2] [GMRF] MAP Mean value estimated in 10.0618 milliseconds
[gmrf_wind_mapping_node-2] --> MAP did not converge after 1 iterations.
[gmrf_wind_mapping_node-2] [GMRF] MAP Mean value estimated in 10.0613 milliseconds
[gmrf_wind_mapping_node-2] --> MAP did not converge after 1 iterations.
[gmrf_wind_mapping_node-2] [GMRF] MAP Mean value estimated in 10.0609 milliseconds
[gmrf_wind_mapping_node-2] --> MAP did not converge after 1 iterations.
[gmrf_wind_mapping_node-2] [GMRF] MAP Mean value estimated in 10.0608 milliseconds
[gmrf_wind_mapping_node-2] --> MAP did not converge after 1 iterations.
[gmrf_wind_mapping_node-2] [GMRF] MAP Mean value estimated in 10.063 milliseconds
[gmrf_wind_mapping_node-2] --> MAP did not converge after 1 iterations.
[gmrf_wind_mapping_node-2] [GMRF] MAP Mean value estimated in 10.0634 milliseconds
[gmrf_wind_mapping_node-2] --> MAP did not converge after 1 iterations.
[gmrf_wind_mapping_node-2] [GMRF] MAP Mean value estimated in 10.063 milliseconds
[gmrf_wind_mapping_node-2] --> MAP did not converge after 1 iterations.
[gmrf_wind_mapping_node-2] [GMRF] MAP Mean value estimated in 10.0629 milliseconds
[gmrf_wind_mapping_node-2] --> MAP did not converge after 1 iterations.
[gmrf_wind_mapping_node-2] [GMRF] MAP Mean value estimated in 10.0638 milliseconds
[gsl_actionserver_node-3] [INFO] [1788859140.721992589] [GSL]: 10 gas measurements, 10 wind measurements over 2.00 seconds
[gsl_actionserver_node-3] [INFO] [1788859140.722040878] [GSL]: avg_gas=1.6e-11;  avg_windSpeed=0.53;  avg_wind_dir=3
[gsl_actionserver_node-3] [INFO] [1788859140.722553095] [GSL]: [33mNOTHING [0m
[gsl_actionserver_node-3] [INFO] [1788859140.722955410] [GSL]: [DEBUG-WIND] useGroundTruth=false gmrf_req_size=626 gaden_req_size=-1
[gsl_actionserver_node-3] [INFO] [1788859140.722977176] [GSL]: [DEBUG-WIND] Taking GMRF path
[gsl_actionserver_node-3] [INFO] [1788859140.726536945] [GSL - Trace]: [32mEntering StopAndMeasure[0m
[gmrf_wind_mapping_node-2] --> MAP did not converge after 1 iterations.
[gmrf_wind_mapping_node-2] [GMRF] MAP Mean value estimated in 10.0629 milliseconds
[gmrf_wind_mapping_node-2] --> MAP did not converge after 1 iterations.
[gmrf_wind_mapping_node-2] [GMRF] MAP Mean value estimated in 10.0633 milliseconds
[gmrf_wind_mapping_node-2] --> MAP did not converge after 1 iterations.
[gmrf_wind_mapping_node-2] [GMRF] MAP Mean value estimated in 10.0624 milliseconds
[gmrf_wind_mapping_node-2] --> MAP did not converge after 1 iterations.
[gmrf_wind_mapping_node-2] [GMRF] MAP Mean value estimated in 10.0628 milliseconds
[gmrf_wind_mapping_node-2] --> MAP did not converge after 1 iterations.
[gmrf_wind_mapping_node-2] [GMRF] MAP Mean value estimated in 10.0619 milliseconds
[gmrf_wind_mapping_node-2] --> MAP did not converge after 1 iterations.
[gmrf_wind_mapping_node-2] [GMRF] MAP Mean value estimated in 10.0641 milliseconds
[gmrf_wind_mapping_node-2] --> MAP did not converge after 1 iterations.
[gmrf_wind_mapping_node-2] [GMRF] MAP Mean value estimated in 10.064 milliseconds
[gmrf_wind_mapping_node-2] --> MAP did not converge after 1 iterations.
[gmrf_wind_mapping_node-2] [GMRF] MAP Mean value estimated in 10.0631 milliseconds
[gmrf_wind_mapping_node-2] --> MAP did not converge after 1 iterations.
[gmrf_wind_mapping_node-2] [GMRF] MAP Mean value estimated in 10.064 milliseconds
[gmrf_wind_mapping_node-2] --> MAP did not converge after 1 iterations.
[gmrf_wind_mapping_node-2] [GMRF] MAP Mean value estimated in 10.0666 milliseconds
[gmrf_wind_mapping_node-2] --> MAP did not converge after 1 iterations.
[gmrf_wind_mapping_node-2] [GMRF] MAP Mean value estimated in 10.0657 milliseconds
[gmrf_wind_mapping_node-2] --> MAP did not converge after 1 iterations.
[gmrf_wind_mapping_node-2] [GMRF] MAP Mean value estimated in 10.0661 milliseconds
[gmrf_wind_mapping_node-2] --> MAP did not converge after 1 iterations.
[gmrf_wind_mapping_node-2] [GMRF] MAP Mean value estimated in 10.067 milliseconds
[gmrf_wind_mapping_node-2] --> MAP did not converge after 1 iterations.
[gmrf_wind_mapping_node-2] [GMRF] MAP Mean value estimated in 10.0665 milliseconds
[gmrf_wind_mapping_node-2] --> MAP did not converge after 1 iterations.
[gmrf_wind_mapping_node-2] [GMRF] MAP Mean value estimated in 10.0651 milliseconds
[gmrf_wind_mapping_node-2] --> MAP did not converge after 1 iterations.
[gmrf_wind_mapping_node-2] [GMRF] MAP Mean value estimated in 10.0642 milliseconds
[gmrf_wind_mapping_node-2] --> MAP did not converge after 1 iterations.
[gmrf_wind_mapping_node-2] [GMRF] MAP Mean value estimated in 10.0638 milliseconds
[gmrf_wind_mapping_node-2] --> MAP did not converge after 1 iterations.
[gmrf_wind_mapping_node-2] [GMRF] MAP Mean value estimated in 10.0629 milliseconds
[gmrf_wind_mapping_node-2] --> MAP did not converge after 1 iterations.
[gmrf_wind_mapping_node-2] [GMRF] MAP Mean value estimated in 10.0628 milliseconds
[gmrf_wind_mapping_node-2] --> MAP did not converge after 1 iterations.
[gmrf_wind_mapping_node-2] [GMRF] MAP Mean value estimated in 10.0646 milliseconds
[gsl_actionserver_node-3] [INFO] [1788859142.721958808] [GSL]: 10 gas measurements, 10 wind measurements over 2.00 seconds
[gsl_actionserver_node-3] [INFO] [1788859142.722013913] [GSL]: avg_gas=3.1e-12;  avg_windSpeed=0.49;  avg_wind_dir=3
[gsl_actionserver_node-3] [INFO] [1788859142.722555450] [GSL]: [33mNOTHING [0m
[gsl_actionserver_node-3] [INFO] [1788859142.722565026] [GSL]: [DEBUG-WIND] useGroundTruth=false gmrf_req_size=626 gaden_req_size=-1
[gsl_actionserver_node-3] [INFO] [1788859142.722571573] [GSL]: [DEBUG-WIND] Taking GMRF path
[gsl_actionserver_node-3] [INFO] [1788859142.726668505] [GSL - Trace]: [32mEntering StopAndMeasure[0m
[gmrf_wind_mapping_node-2] --> MAP did not converge after 1 iterations.
[gmrf_wind_mapping_node-2] [GMRF] MAP Mean value estimated in 10.0637 milliseconds
[gmrf_wind_mapping_node-2] --> MAP did not converge after 1 iterations.
[gmrf_wind_mapping_node-2] [GMRF] MAP Mean value estimated in 10.0645 milliseconds
[gmrf_wind_mapping_node-2] --> MAP did not converge after 1 iterations.
[gmrf_wind_mapping_node-2] [GMRF] MAP Mean value estimated in 10.0662 milliseconds
[gmrf_wind_mapping_node-2] --> MAP did not converge after 1 iterations.
[gmrf_wind_mapping_node-2] [GMRF] MAP Mean value estimated in 10.0658 milliseconds
[gmrf_wind_mapping_node-2] --> MAP did not converge after 1 iterations.
[gmrf_wind_mapping_node-2] [GMRF] MAP Mean value estimated in 10.0662 milliseconds
[gmrf_wind_mapping_node-2] --> MAP did not converge after 1 iterations.
[gmrf_wind_mapping_node-2] [GMRF] MAP Mean value estimated in 10.0653 milliseconds
[gmrf_wind_mapping_node-2] --> MAP did not converge after 1 iterations.
[gmrf_wind_mapping_node-2] [GMRF] MAP Mean value estimated in 10.0639 milliseconds
[gmrf_wind_mapping_node-2] --> MAP did not converge after 1 iterations.
[gmrf_wind_mapping_node-2] [GMRF] MAP Mean value estimated in 10.063 milliseconds
[gmrf_wind_mapping_node-2] --> MAP did not converge after 1 iterations.
[gmrf_wind_mapping_node-2] [GMRF] MAP Mean value estimated in 10.0621 milliseconds
[gmrf_wind_mapping_node-2] --> MAP did not converge after 1 iterations.
[gmrf_wind_mapping_node-2] [GMRF] MAP Mean value estimated in 10.0638 milliseconds
[gmrf_wind_mapping_node-2] --> MAP did not converge after 1 iterations.
[gmrf_wind_mapping_node-2] [GMRF] MAP Mean value estimated in 10.0625 milliseconds
[gmrf_wind_mapping_node-2] --> MAP did not converge after 1 iterations.
[gmrf_wind_mapping_node-2] [GMRF] MAP Mean value estimated in 10.0647 milliseconds
[gmrf_wind_mapping_node-2] --> MAP did not converge after 1 iterations.
[gmrf_wind_mapping_node-2] [GMRF] MAP Mean value estimated in 10.0655 milliseconds
[gmrf_wind_mapping_node-2] --> MAP did not converge after 1 iterations.
[gmrf_wind_mapping_node-2] [GMRF] MAP Mean value estimated in 10.065 milliseconds
[gmrf_wind_mapping_node-2] --> MAP did not converge after 1 iterations.
[gmrf_wind_mapping_node-2] [GMRF] MAP Mean value estimated in 10.0637 milliseconds
[gmrf_wind_mapping_node-2] --> MAP did not converge after 1 iterations.
[gmrf_wind_mapping_node-2] [GMRF] MAP Mean value estimated in 10.0628 milliseconds
[gmrf_wind_mapping_node-2] --> MAP did not converge after 1 iterations.
[gmrf_wind_mapping_node-2] [GMRF] MAP Mean value estimated in 10.0623 milliseconds
[gmrf_wind_mapping_node-2] --> MAP did not converge after 1 iterations.
[gmrf_wind_mapping_node-2] [GMRF] MAP Mean value estimated in 10.0623 milliseconds
[gmrf_wind_mapping_node-2] --> MAP did not converge after 1 iterations.
[gmrf_wind_mapping_node-2] [GMRF] MAP Mean value estimated in 10.0627 milliseconds
[gmrf_wind_mapping_node-2] --> MAP did not converge after 1 iterations.
[gmrf_wind_mapping_node-2] [GMRF] MAP Mean value estimated in 10.0644 milliseconds
[gsl_actionserver_node-3] [INFO] [1788859144.721978295] [GSL]: 10 gas measurements, 10 wind measurements over 2.00 seconds
[gsl_actionserver_node-3] [INFO] [1788859144.722032467] [GSL]: avg_gas=5.8e-13;  avg_windSpeed=0.52;  avg_wind_dir=3
[gsl_actionserver_node-3] [INFO] [1788859144.723034799] [GSL]: [33mNOTHING [0m
[gsl_actionserver_node-3] [INFO] [1788859144.723096427] [GSL]: [DEBUG-WIND] useGroundTruth=false gmrf_req_size=626 gaden_req_size=-1
[gsl_actionserver_node-3] [INFO] [1788859144.723399533] [GSL]: [DEBUG-WIND] Taking GMRF path
[gsl_actionserver_node-3] [INFO] [1788859144.726506728] [GSL - Trace]: [32mEntering StopAndMeasure[0m
[gmrf_wind_mapping_node-2] --> MAP did not converge after 1 iterations.
[gmrf_wind_mapping_node-2] [GMRF] MAP Mean value estimated in 10.0635 milliseconds
[gmrf_wind_mapping_node-2] --> MAP did not converge after 1 iterations.
[gmrf_wind_mapping_node-2] [GMRF] MAP Mean value estimated in 10.0652 milliseconds
[gmrf_wind_mapping_node-2] --> MAP did not converge after 1 iterations.
[gmrf_wind_mapping_node-2] [GMRF] MAP Mean value estimated in 10.0648 milliseconds
[gmrf_wind_mapping_node-2] --> MAP did not converge after 1 iterations.
[gmrf_wind_mapping_node-2] [GMRF] MAP Mean value estimated in 10.0652 milliseconds
[gmrf_wind_mapping_node-2] --> MAP did not converge after 1 iterations.
[gmrf_wind_mapping_node-2] [GMRF] MAP Mean value estimated in 10.066 milliseconds
[gmrf_wind_mapping_node-2] --> MAP did not converge after 1 iterations.
[gmrf_wind_mapping_node-2] [GMRF] MAP Mean value estimated in 10.0647 milliseconds
[gmrf_wind_mapping_node-2] --> MAP did not converge after 1 iterations.
[gmrf_wind_mapping_node-2] [GMRF] MAP Mean value estimated in 10.0655 milliseconds
[gmrf_wind_mapping_node-2] --> MAP did not converge after 1 iterations.
[gmrf_wind_mapping_node-2] [GMRF] MAP Mean value estimated in 10.0646 milliseconds
[gmrf_wind_mapping_node-2] --> MAP did not converge after 1 iterations.
[gmrf_wind_mapping_node-2] [GMRF] MAP Mean value estimated in 10.0646 milliseconds
[gmrf_wind_mapping_node-2] --> MAP did not converge after 1 iterations.
[gmrf_wind_mapping_node-2] [GMRF] MAP Mean value estimated in 10.0676 milliseconds
[gmrf_wind_mapping_node-2] --> MAP did not converge after 1 iterations.
[gmrf_wind_mapping_node-2] [GMRF] MAP Mean value estimated in 10.0667 milliseconds
[gmrf_wind_mapping_node-2] --> MAP did not converge after 1 iterations.
[gmrf_wind_mapping_node-2] [GMRF] MAP Mean value estimated in 10.0684 milliseconds
[gmrf_wind_mapping_node-2] --> MAP did not converge after 1 iterations.
[gmrf_wind_mapping_node-2] [GMRF] MAP Mean value estimated in 10.068 milliseconds
[gmrf_wind_mapping_node-2] --> MAP did not converge after 1 iterations.
[gmrf_wind_mapping_node-2] [GMRF] MAP Mean value estimated in 10.0692 milliseconds
[gmrf_wind_mapping_node-2] --> MAP did not converge after 1 iterations.
[gmrf_wind_mapping_node-2] [GMRF] MAP Mean value estimated in 10.0705 milliseconds
[gmrf_wind_mapping_node-2] --> MAP did not converge after 1 iterations.
[gmrf_wind_mapping_node-2] [GMRF] MAP Mean value estimated in 10.0735 milliseconds
[gmrf_wind_mapping_node-2] --> MAP did not converge after 1 iterations.
[gmrf_wind_mapping_node-2] [GMRF] MAP Mean value estimated in 10.073 milliseconds
[gmrf_wind_mapping_node-2] --> MAP did not converge after 1 iterations.
[gmrf_wind_mapping_node-2] [GMRF] MAP Mean value estimated in 10.073 milliseconds
[gmrf_wind_mapping_node-2] --> MAP did not converge after 1 iterations.
[gmrf_wind_mapping_node-2] [GMRF] MAP Mean value estimated in 10.0743 milliseconds
[gmrf_wind_mapping_node-2] --> MAP did not converge after 1 iterations.
[gmrf_wind_mapping_node-2] [GMRF] MAP Mean value estimated in 10.0773 milliseconds
[gmrf_wind_mapping_node-2] --> MAP did not converge after 1 iterations.
[gmrf_wind_mapping_node-2] [GMRF] MAP Mean value estimated in 10.0759 milliseconds
[gsl_actionserver_node-3] [INFO] [1788859146.771988076] [GSL]: 10 gas measurements, 10 wind measurements over 2.05 seconds
[gsl_actionserver_node-3] [INFO] [1788859146.772047538] [GSL]: avg_gas=1.1e-13;  avg_windSpeed=0.54;  avg_wind_dir=3
[gsl_actionserver_node-3] [INFO] [1788859146.772574456] [GSL]: [33mNOTHING [0m
[gsl_actionserver_node-3] [INFO] [1788859146.772583791] [GSL]: [DEBUG-WIND] useGroundTruth=false gmrf_req_size=626 gaden_req_size=-1
[gsl_actionserver_node-3] [INFO] [1788859146.772590229] [GSL]: [DEBUG-WIND] Taking GMRF path
[gsl_actionserver_node-3] [INFO] [1788859146.827271453] [GSL]: [33mStarted simulations. Might take a while![0m
[gmrf_wind_mapping_node-2] --> MAP did not converge after 1 iterations.
[gmrf_wind_mapping_node-2] [GMRF] MAP Mean value estimated in 10.0785 milliseconds
[gmrf_wind_mapping_node-2] --> MAP did not converge after 1 iterations.
[gmrf_wind_mapping_node-2] [GMRF] MAP Mean value estimated in 10.0823 milliseconds
[gsl_actionserver_node-3] [INFO] [1788859146.974981753] [GSL - Trace]: [32mFirst simulation level done[0m
[gsl_actionserver_node-3] [INFO] [1788859146.975431315] [GSL]: [RC2-DIAG] scores_size=74 refineFraction=0.25 refine_product=18.5 valid_first_level=74 sum_sourceProbInternal_before_norm=4.7249943941586255e-11 min_sourceProbInternal_before_norm=0 max_sourceProbInternal_before_norm=1.8444376560272023e-12 finite_sourceProbInternal=1102 finite_varianceOfHitProb=1102
[gmrf_wind_mapping_node-2] --> MAP did not converge after 1 iterations.
[gmrf_wind_mapping_node-2] [GMRF] MAP Mean value estimated in 10.0836 milliseconds
[gsl_actionserver_node-3] [INFO] [1788859147.063014885] [GSL - Trace]: [32mSimulation level 2 done[0m
[gsl_actionserver_node-3] [INFO] [1788859147.127684606] [GSL - Trace]: [32mSimulation level 3 done[0m
[gmrf_wind_mapping_node-2] --> MAP did not converge after 1 iterations.
[gmrf_wind_mapping_node-2] [GMRF] MAP Mean value estimated in 10.0823 milliseconds
[gsl_actionserver_node-3] [INFO] [1788859147.152182854] [GSL - Trace]: [32mSimulation level 4 done[0m
[gsl_actionserver_node-3] [INFO] [1788859147.152944302] [GSL - Trace]: [32mSimulation level 5 done[0m
[gsl_actionserver_node-3] [INFO] [1788859147.152960056] [GSL]: Number of levels in the simulation: 5
[gsl_actionserver_node-3] [INFO] [1788859147.152967053] [GSL]: Total number of simulations: 172
[gsl_actionserver_node-3] [INFO] [1788859147.153015506] [GSL]: [RC2-DIAG] normalized_finite_count=1102 normalized_sum=1
[gsl_actionserver_node-3] [INFO] [1788859147.153023476] [GSL]: Time ellapsed in simulation = 0.32564603200000003 s
[gsl_actionserver_node-3] [INFO] [1788859147.156411706] [GSL]: Max mutual info: 1.179
[gsl_actionserver_node-3] [INFO] [1788859147.156801856] [GSL]: MutualInformation - Ellapsed: 0.004s
[vgr_sim_node-1] [WARN] [1788859147.159490206] [vgr_uav_sim]: PLAN_CB: called with goal=(-4.70,0.37)
[vgr_sim_node-1] [WARN] [1788859147.160462293] [vgr_uav_sim]: PLAN_CB: returning 4 poses
[vgr_sim_node-1] [WARN] [1788859147.171431716] [vgr_uav_sim]: PLAN_CB: called with goal=(-4.70,0.37)
[vgr_sim_node-1] [WARN] [1788859147.172401784] [vgr_uav_sim]: PLAN_CB: returning 4 poses
[gsl_actionserver_node-3] [INFO] [1788859147.181997922] [GSL]: Sending goal (-4.70, 0.37)
[gsl_actionserver_node-3] [INFO] [1788859147.182649149] [GSL]: Variance: 0.08
[gsl_actionserver_node-3] [INFO] [1788859147.183273655] [GSL - Trace]: [32mEntering Moving[0m
[vgr_sim_node-1] [INFO] [1788859147.183775306] [vgr_uav_sim]: Prepared 4 collision-free navigation waypoints to (-4.70, 0.37)
[vgr_sim_node-1] [INFO] [1788859147.185001183] [vgr_uav_sim]: UAV navigating in audited 2-D mode to (-4.70, 0.37, 0.30)
[gmrf_wind_mapping_node-2] --> MAP did not converge after 1 iterations.
[gmrf_wind_mapping_node-2] [GMRF] MAP Mean value estimated in 10.0839 milliseconds
[gmrf_wind_mapping_node-2] --> MAP did not converge after 1 iterations.
[gmrf_wind_mapping_node-2] [GMRF] MAP Mean value estimated in 10.0839 milliseconds
[gmrf_wind_mapping_node-2] --> MAP did not converge after 1 iterations.
[gmrf_wind_mapping_node-2] [GMRF] MAP Mean value estimated in 10.0826 milliseconds
[gmrf_wind_mapping_node-2] --> MAP did not converge after 1 iterations.
[gmrf_wind_mapping_node-2] [GMRF] MAP Mean value estimated in 10.0843 milliseconds
[gmrf_wind_mapping_node-2] --> MAP did not converge after 1 iterations.
[gmrf_wind_mapping_node-2] [GMRF] MAP Mean value estimated in 10.0864 milliseconds
[gmrf_wind_mapping_node-2] --> MAP did not converge after 1 iterations.
[gmrf_wind_mapping_node-2] [GMRF] MAP Mean value estimated in 10.0855 milliseconds
[gsl_actionserver_node-3] [INFO] [1788859147.807015843] [GSL - Trace]: [32mEntering StopAndMeasure[0m
[gmrf_wind_mapping_node-2] --> MAP did not converge after 1 iterations.
[gmrf_wind_mapping_node-2] [GMRF] MAP Mean value estimated in 10.0884 milliseconds
[gmrf_wind_mapping_node-2] --> MAP did not converge after 1 iterations.
[gmrf_wind_mapping_node-2] [GMRF] MAP Mean value estimated in 10.0901 milliseconds
[gmrf_wind_mapping_node-2] --> MAP did not converge after 1 iterations.
[gmrf_wind_mapping_node-2] [GMRF] MAP Mean value estimated in 10.0897 milliseconds
[gmrf_wind_mapping_node-2] --> MAP did not converge after 1 iterations.
[gmrf_wind_mapping_node-2] [GMRF] MAP Mean value estimated in 10.0888 milliseconds
[gmrf_wind_mapping_node-2] --> MAP did not converge after 1 iterations.
[gmrf_wind_mapping_node-2] [GMRF] MAP Mean value estimated in 10.0896 milliseconds
[gmrf_wind_mapping_node-2] --> MAP did not converge after 1 iterations.
[gmrf_wind_mapping_node-2] [GMRF] MAP Mean value estimated in 10.0887 milliseconds
[gmrf_wind_mapping_node-2] --> MAP did not converge after 1 iterations.
[gmrf_wind_mapping_node-2] [GMRF] MAP Mean value estimated in 10.0878 milliseconds
[gmrf_wind_mapping_node-2] --> MAP did not converge after 1 iterations.
[gmrf_wind_mapping_node-2] [GMRF] MAP Mean value estimated in 10.0865 milliseconds
[gmrf_wind_mapping_node-2] --> MAP did not converge after 1 iterations.
[gmrf_wind_mapping_node-2] [GMRF] MAP Mean value estimated in 10.086 milliseconds
[gmrf_wind_mapping_node-2] --> MAP did not converge after 1 iterations.
[gmrf_wind_mapping_node-2] [GMRF] MAP Mean value estimated in 10.0847 milliseconds
[gmrf_wind_mapping_node-2] --> MAP did not converge after 1 iterations.
[gmrf_wind_mapping_node-2] [GMRF] MAP Mean value estimated in 10.0864 milliseconds
[gmrf_wind_mapping_node-2] --> MAP did not converge after 1 iterations.
[gmrf_wind_mapping_node-2] [GMRF] MAP Mean value estimated in 10.0855 milliseconds
[gmrf_wind_mapping_node-2] --> MAP did not converge after 1 iterations.
[gmrf_wind_mapping_node-2] [GMRF] MAP Mean value estimated in 10.085 milliseconds
[gmrf_wind_mapping_node-2] --> MAP did not converge after 1 iterations.
[gmrf_wind_mapping_node-2] [GMRF] MAP Mean value estimated in 10.085 milliseconds
[gmrf_wind_mapping_node-2] --> MAP did not converge after 1 iterations.
[gmrf_wind_mapping_node-2] [GMRF] MAP Mean value estimated in 10.0883 milliseconds
[gmrf_wind_mapping_node-2] --> MAP did not converge after 1 iterations.
[gmrf_wind_mapping_node-2] [GMRF] MAP Mean value estimated in 10.0887 milliseconds
[gmrf_wind_mapping_node-2] --> MAP did not converge after 1 iterations.
[gmrf_wind_mapping_node-2] [GMRF] MAP Mean value estimated in 10.0904 milliseconds
[gmrf_wind_mapping_node-2] --> MAP did not converge after 1 iterations.
[gmrf_wind_mapping_node-2] [GMRF] MAP Mean value estimated in 10.0921 milliseconds
[gmrf_wind_mapping_node-2] --> MAP did not converge after 1 iterations.
[gmrf_wind_mapping_node-2] [GMRF] MAP Mean value estimated in 10.092 milliseconds
[gsl_actionserver_node-3] [INFO] [1788859149.732329270] [GSL]: 10 gas measurements, 10 wind measurements over 1.93 seconds
[gsl_actionserver_node-3] [INFO] [1788859149.732370400] [GSL]: avg_gas=9e-15;  avg_windSpeed=0.75;  avg_wind_dir=-3.1
[gsl_actionserver_node-3] [INFO] [1788859149.732905475] [GSL]: [33mNOTHING [0m
[gsl_actionserver_node-3] [INFO] [1788859149.732916381] [GSL]: [DEBUG-WIND] useGroundTruth=false gmrf_req_size=626 gaden_req_size=-1
[gsl_actionserver_node-3] [INFO] [1788859149.732922798] [GSL]: [DEBUG-WIND] Taking GMRF path
[gmrf_wind_mapping_node-2] --> MAP did not converge after 1 iterations.
[gmrf_wind_mapping_node-2] [GMRF] MAP Mean value estimated in 10.0911 milliseconds
[gsl_actionserver_node-3] [INFO] [1788859149.827371781] [GSL - Trace]: [32mEntering StopAndMeasure[0m
[gmrf_wind_mapping_node-2] --> MAP did not converge after 1 iterations.
[gmrf_wind_mapping_node-2] [GMRF] MAP Mean value estimated in 10.0932 milliseconds
[gmrf_wind_mapping_node-2] --> MAP did not converge after 1 iterations.
[gmrf_wind_mapping_node-2] [GMRF] MAP Mean value estimated in 10.0928 milliseconds
[gmrf_wind_mapping_node-2] --> MAP did not converge after 1 iterations.
[gmrf_wind_mapping_node-2] [GMRF] MAP Mean value estimated in 10.0932 milliseconds
[gmrf_wind_mapping_node-2] --> MAP did not converge after 1 iterations.
[gmrf_wind_mapping_node-2] [GMRF] MAP Mean value estimated in 10.0927 milliseconds
[gmrf_wind_mapping_node-2] --> MAP did not converge after 1 iterations.
[gmrf_wind_mapping_node-2] [GMRF] MAP Mean value estimated in 10.0943 milliseconds
[gmrf_wind_mapping_node-2] --> MAP did not converge after 1 iterations.
[gmrf_wind_mapping_node-2] [GMRF] MAP Mean value estimated in 10.0943 milliseconds
[gmrf_wind_mapping_node-2] --> MAP did not converge after 1 iterations.
[gmrf_wind_mapping_node-2] [GMRF] MAP Mean value estimated in 10.0955 milliseconds
[gmrf_wind_mapping_node-2] --> MAP did not converge after 1 iterations.
[gmrf_wind_mapping_node-2] [GMRF] MAP Mean value estimated in 10.0963 milliseconds
[gmrf_wind_mapping_node-2] --> MAP did not converge after 1 iterations.
[gmrf_wind_mapping_node-2] [GMRF] MAP Mean value estimated in 10.0963 milliseconds
[gmrf_wind_mapping_node-2] --> MAP did not converge after 1 iterations.
[gmrf_wind_mapping_node-2] [GMRF] MAP Mean value estimated in 10.0954 milliseconds
[gmrf_wind_mapping_node-2] --> MAP did not converge after 1 iterations.
[gmrf_wind_mapping_node-2] [GMRF] MAP Mean value estimated in 10.0941 milliseconds
[gmrf_wind_mapping_node-2] --> MAP did not converge after 1 iterations.
[gmrf_wind_mapping_node-2] [GMRF] MAP Mean value estimated in 10.0945 milliseconds
[gmrf_wind_mapping_node-2] --> MAP did not converge after 1 iterations.
[gmrf_wind_mapping_node-2] [GMRF] MAP Mean value estimated in 10.0949 milliseconds
[gmrf_wind_mapping_node-2] --> MAP did not converge after 1 iterations.
[gmrf_wind_mapping_node-2] [GMRF] MAP Mean value estimated in 10.0953 milliseconds
[gmrf_wind_mapping_node-2] --> MAP did not converge after 1 iterations.
[gmrf_wind_mapping_node-2] [GMRF] MAP Mean value estimated in 10.0982 milliseconds
[gmrf_wind_mapping_node-2] --> MAP did not converge after 1 iterations.
[gmrf_wind_mapping_node-2] [GMRF] MAP Mean value estimated in 10.0977 milliseconds
[gmrf_wind_mapping_node-2] --> MAP did not converge after 1 iterations.
[gmrf_wind_mapping_node-2] [GMRF] MAP Mean value estimated in 10.0981 milliseconds
[gmrf_wind_mapping_node-2] --> MAP did not converge after 1 iterations.
[gmrf_wind_mapping_node-2] [GMRF] MAP Mean value estimated in 10.0985 milliseconds
[gmrf_wind_mapping_node-2] --> MAP did not converge after 1 iterations.
[gmrf_wind_mapping_node-2] [GMRF] MAP Mean value estimated in 10.0976 milliseconds
[gsl_actionserver_node-3] [INFO] [1788859151.734466536] [GSL]: 10 gas measurements, 10 wind measurements over 1.91 seconds
[gsl_actionserver_node-3] [INFO] [1788859151.734540577] [GSL]: avg_gas=1.7e-15;  avg_windSpeed=1.1;  avg_wind_dir=-3
[gsl_actionserver_node-3] [INFO] [1788859151.735871794] [GSL]: [33mNOTHING [0m
[gsl_actionserver_node-3] [INFO] [1788859151.735951118] [GSL]: [DEBUG-WIND] useGroundTruth=false gmrf_req_size=626 gaden_req_size=-1
[gsl_actionserver_node-3] [INFO] [1788859151.735961032] [GSL]: [DEBUG-WIND] Taking GMRF path
[gmrf_wind_mapping_node-2] --> MAP did not converge after 1 iterations.
[gmrf_wind_mapping_node-2] [GMRF] MAP Mean value estimated in 10.0976 milliseconds
[gsl_actionserver_node-3] [INFO] [1788859151.827924312] [GSL - Trace]: [32mEntering StopAndMeasure[0m
[gmrf_wind_mapping_node-2] --> MAP did not converge after 1 iterations.
[gmrf_wind_mapping_node-2] [GMRF] MAP Mean value estimated in 10.1 milliseconds
[gmrf_wind_mapping_node-2] --> MAP did not converge after 1 iterations.
[gmrf_wind_mapping_node-2] [GMRF] MAP Mean value estimated in 10.1008 milliseconds
[gmrf_wind_mapping_node-2] --> MAP did not converge after 1 iterations.
[gmrf_wind_mapping_node-2] [GMRF] MAP Mean value estimated in 10.1021 milliseconds
[gmrf_wind_mapping_node-2] --> MAP did not converge after 1 iterations.
[gmrf_wind_mapping_node-2] [GMRF] MAP Mean value estimated in 10.1008 milliseconds
[gmrf_wind_mapping_node-2] --> MAP did not converge after 1 iterations.
[gmrf_wind_mapping_node-2] [GMRF] MAP Mean value estimated in 10.1016 milliseconds
[gmrf_wind_mapping_node-2] --> MAP did not converge after 1 iterations.
[gmrf_wind_mapping_node-2] [GMRF] MAP Mean value estimated in 10.1032 milliseconds
[gmrf_wind_mapping_node-2] --> MAP did not converge after 1 iterations.
[gmrf_wind_mapping_node-2] [GMRF] MAP Mean value estimated in 10.1053 milliseconds
[gmrf_wind_mapping_node-2] --> MAP did not converge after 1 iterations.
[gmrf_wind_mapping_node-2] [GMRF] MAP Mean value estimated in 10.1056 milliseconds
[gmrf_wind_mapping_node-2] --> MAP did not converge after 1 iterations.
[gmrf_wind_mapping_node-2] [GMRF] MAP Mean value estimated in 10.1064 milliseconds
[gmrf_wind_mapping_node-2] --> MAP did not converge after 1 iterations.
[gmrf_wind_mapping_node-2] [GMRF] MAP Mean value estimated in 10.106 milliseconds
[gmrf_wind_mapping_node-2] --> MAP did not converge after 1 iterations.
[gmrf_wind_mapping_node-2] [GMRF] MAP Mean value estimated in 10.1084 milliseconds
[gmrf_wind_mapping_node-2] --> MAP did not converge after 1 iterations.
[gmrf_wind_mapping_node-2] [GMRF] MAP Mean value estimated in 10.1105 milliseconds
[gmrf_wind_mapping_node-2] --> MAP did not converge after 1 iterations.
[gmrf_wind_mapping_node-2] [GMRF] MAP Mean value estimated in 10.1109 milliseconds
[gmrf_wind_mapping_node-2] --> MAP did not converge after 1 iterations.
[gmrf_wind_mapping_node-2] [GMRF] MAP Mean value estimated in 10.1125 milliseconds
[gmrf_wind_mapping_node-2] --> MAP did not converge after 1 iterations.
[gmrf_wind_mapping_node-2] [GMRF] MAP Mean value estimated in 10.1146 milliseconds
[gmrf_wind_mapping_node-2] --> MAP did not converge after 1 iterations.
[gmrf_wind_mapping_node-2] [GMRF] MAP Mean value estimated in 10.1149 milliseconds
[gmrf_wind_mapping_node-2] --> MAP did not converge after 1 iterations.
[gmrf_wind_mapping_node-2] [GMRF] MAP Mean value estimated in 10.1161 milliseconds
[gmrf_wind_mapping_node-2] --> MAP did not converge after 1 iterations.
[gmrf_wind_mapping_node-2] [GMRF] MAP Mean value estimated in 10.1161 milliseconds
[gmrf_wind_mapping_node-2] --> MAP did not converge after 1 iterations.
[gmrf_wind_mapping_node-2] [GMRF] MAP Mean value estimated in 10.1169 milliseconds
[gsl_actionserver_node-3] [INFO] [1788859153.734469089] [GSL]: 10 gas measurements, 10 wind measurements over 1.91 seconds
[gmrf_wind_mapping_node-2] --> MAP did not converge after 1 iterations.
[gmrf_wind_mapping_node-2] [GMRF] MAP Mean value estimated in 10.116 milliseconds
[gsl_actionserver_node-3] [INFO] [1788859153.734612897] [GSL]: avg_gas=0.00043;  avg_windSpeed=0.7;  avg_wind_dir=3.1
[gsl_actionserver_node-3] [INFO] [1788859153.735312293] [GSL]: [33mNOTHING [0m
[gsl_actionserver_node-3] [INFO] [1788859153.735322924] [GSL]: [DEBUG-WIND] useGroundTruth=false gmrf_req_size=626 gaden_req_size=-1
[gsl_actionserver_node-3] [INFO] [1788859153.735329414] [GSL]: [DEBUG-WIND] Taking GMRF path
[gsl_actionserver_node-3] [INFO] [1788859153.827052734] [GSL - Trace]: [32mEntering StopAndMeasure[0m
[gmrf_wind_mapping_node-2] --> MAP did not converge after 1 iterations.
[gmrf_wind_mapping_node-2] [GMRF] MAP Mean value estimated in 10.1176 milliseconds
[gmrf_wind_mapping_node-2] --> MAP did not converge after 1 iterations.
[gmrf_wind_mapping_node-2] [GMRF] MAP Mean value estimated in 10.1163 milliseconds
[gmrf_wind_mapping_node-2] --> MAP did not converge after 1 iterations.
[gmrf_wind_mapping_node-2] [GMRF] MAP Mean value estimated in 10.1175 milliseconds
[gmrf_wind_mapping_node-2] --> MAP did not converge after 1 iterations.
[gmrf_wind_mapping_node-2] [GMRF] MAP Mean value estimated in 10.1175 milliseconds
[gmrf_wind_mapping_node-2] --> MAP did not converge after 1 iterations.
[gmrf_wind_mapping_node-2] [GMRF] MAP Mean value estimated in 10.1195 milliseconds
[gmrf_wind_mapping_node-2] --> MAP did not converge after 1 iterations.
[gmrf_wind_mapping_node-2] [GMRF] MAP Mean value estimated in 10.1182 milliseconds
[gmrf_wind_mapping_node-2] --> MAP did not converge after 1 iterations.
[gmrf_wind_mapping_node-2] [GMRF] MAP Mean value estimated in 10.1177 milliseconds
[gmrf_wind_mapping_node-2] --> MAP did not converge after 1 iterations.
[gmrf_wind_mapping_node-2] [GMRF] MAP Mean value estimated in 10.1169 milliseconds
[gmrf_wind_mapping_node-2] --> MAP did not converge after 1 iterations.
[gmrf_wind_mapping_node-2] [GMRF] MAP Mean value estimated in 10.1193 milliseconds
[gmrf_wind_mapping_node-2] --> MAP did not converge after 1 iterations.
[gmrf_wind_mapping_node-2] [GMRF] MAP Mean value estimated in 10.1184 milliseconds
[gmrf_wind_mapping_node-2] --> MAP did not converge after 1 iterations.
[gmrf_wind_mapping_node-2] [GMRF] MAP Mean value estimated in 10.1192 milliseconds
[gmrf_wind_mapping_node-2] --> MAP did not converge after 1 iterations.
[gmrf_wind_mapping_node-2] [GMRF] MAP Mean value estimated in 10.1196 milliseconds
[gmrf_wind_mapping_node-2] --> MAP did not converge after 1 iterations.
[gmrf_wind_mapping_node-2] [GMRF] MAP Mean value estimated in 10.1208 milliseconds
[gmrf_wind_mapping_node-2] --> MAP did not converge after 1 iterations.
[gmrf_wind_mapping_node-2] [GMRF] MAP Mean value estimated in 10.122 milliseconds
[gmrf_wind_mapping_node-2] --> MAP did not converge after 1 iterations.
[gmrf_wind_mapping_node-2] [GMRF] MAP Mean value estimated in 10.1244 milliseconds
[gmrf_wind_mapping_node-2] --> MAP did not converge after 1 iterations.
[gmrf_wind_mapping_node-2] [GMRF] MAP Mean value estimated in 10.1252 milliseconds
[gmrf_wind_mapping_node-2] --> MAP did not converge after 1 iterations.
[gmrf_wind_mapping_node-2] [GMRF] MAP Mean value estimated in 10.1247 milliseconds
[gmrf_wind_mapping_node-2] --> MAP did not converge after 1 iterations.
[gmrf_wind_mapping_node-2] [GMRF] MAP Mean value estimated in 10.1259 milliseconds
[gmrf_wind_mapping_node-2] --> MAP did not converge after 1 iterations.
[gmrf_wind_mapping_node-2] [GMRF] MAP Mean value estimated in 10.1267 milliseconds
[gsl_actionserver_node-3] [INFO] [1788859155.734394808] [GSL]: 10 gas measurements, 10 wind measurements over 1.91 seconds
[gsl_actionserver_node-3] [INFO] [1788859155.734448971] [GSL]: avg_gas=0.01;  avg_windSpeed=1.1;  avg_wind_dir=-3.1
[gsl_actionserver_node-3] [INFO] [1788859155.734965059] [GSL]: [33mNOTHING [0m
[gsl_actionserver_node-3] [INFO] [1788859155.734975967] [GSL]: [DEBUG-WIND] useGroundTruth=false gmrf_req_size=626 gaden_req_size=-1
[gsl_actionserver_node-3] [INFO] [1788859155.734982185] [GSL]: [DEBUG-WIND] Taking GMRF path
[gmrf_wind_mapping_node-2] --> MAP did not converge after 1 iterations.
[gmrf_wind_mapping_node-2] [GMRF] MAP Mean value estimated in 10.1258 milliseconds
[gsl_actionserver_node-3] [INFO] [1788859155.827363879] [GSL - Trace]: [32mEntering StopAndMeasure[0m
[gmrf_wind_mapping_node-2] --> MAP did not converge after 1 iterations.
[gmrf_wind_mapping_node-2] [GMRF] MAP Mean value estimated in 10.127 milliseconds
[gmrf_wind_mapping_node-2] --> MAP did not converge after 1 iterations.
[gmrf_wind_mapping_node-2] [GMRF] MAP Mean value estimated in 10.1295 milliseconds
[gmrf_wind_mapping_node-2] --> MAP did not converge after 1 iterations.
[gmrf_wind_mapping_node-2] [GMRF] MAP Mean value estimated in 10.1298 milliseconds
[gmrf_wind_mapping_node-2] --> MAP did not converge after 1 iterations.
[gmrf_wind_mapping_node-2] [GMRF] MAP Mean value estimated in 10.1298 milliseconds
[gmrf_wind_mapping_node-2] --> MAP did not converge after 1 iterations.
[gmrf_wind_mapping_node-2] [GMRF] MAP Mean value estimated in 10.1322 milliseconds
[gmrf_wind_mapping_node-2] --> MAP did not converge after 1 iterations.
[gmrf_wind_mapping_node-2] [GMRF] MAP Mean value estimated in 10.1309 milliseconds
[gmrf_wind_mapping_node-2] --> MAP did not converge after 1 iterations.
[gmrf_wind_mapping_node-2] [GMRF] MAP Mean value estimated in 10.1313 milliseconds
[gmrf_wind_mapping_node-2] --> MAP did not converge after 1 iterations.
[gmrf_wind_mapping_node-2] [GMRF] MAP Mean value estimated in 10.1308 milliseconds
[gmrf_wind_mapping_node-2] --> MAP did not converge after 1 iterations.
[gmrf_wind_mapping_node-2] [GMRF] MAP Mean value estimated in 10.1312 milliseconds
[gmrf_wind_mapping_node-2] --> MAP did not converge after 1 iterations.
[gmrf_wind_mapping_node-2] [GMRF] MAP Mean value estimated in 10.1315 milliseconds
[gmrf_wind_mapping_node-2] --> MAP did not converge after 1 iterations.
[gmrf_wind_mapping_node-2] [GMRF] MAP Mean value estimated in 10.1327 milliseconds
[gmrf_wind_mapping_node-2] --> MAP did not converge after 1 iterations.
[gmrf_wind_mapping_node-2] [GMRF] MAP Mean value estimated in 10.1351 milliseconds
[gmrf_wind_mapping_node-2] --> MAP did not converge after 1 iterations.
[gmrf_wind_mapping_node-2] [GMRF] MAP Mean value estimated in 10.1359 milliseconds
[gmrf_wind_mapping_node-2] --> MAP did not converge after 1 iterations.
[gmrf_wind_mapping_node-2] [GMRF] MAP Mean value estimated in 10.1354 milliseconds
[gmrf_wind_mapping_node-2] --> MAP did not converge after 1 iterations.
[gmrf_wind_mapping_node-2] [GMRF] MAP Mean value estimated in 10.1362 milliseconds
[gmrf_wind_mapping_node-2] --> MAP did not converge after 1 iterations.
[gmrf_wind_mapping_node-2] [GMRF] MAP Mean value estimated in 10.1353 milliseconds
[gmrf_wind_mapping_node-2] --> MAP did not converge after 1 iterations.
[gmrf_wind_mapping_node-2] [GMRF] MAP Mean value estimated in 10.1373 milliseconds
[gmrf_wind_mapping_node-2] --> MAP did not converge after 1 iterations.
[gmrf_wind_mapping_node-2] [GMRF] MAP Mean value estimated in 10.1373 milliseconds
[gmrf_wind_mapping_node-2] --> MAP did not converge after 1 iterations.
[gmrf_wind_mapping_node-2] [GMRF] MAP Mean value estimated in 10.1397 milliseconds
[gmrf_wind_mapping_node-2] --> MAP did not converge after 1 iterations.
[gmrf_wind_mapping_node-2] [GMRF] MAP Mean value estimated in 10.1388 milliseconds
[gsl_actionserver_node-3] [INFO] [1788859157.735037897] [GSL]: 10 gas measurements, 10 wind measurements over 1.91 seconds
[gsl_actionserver_node-3] [INFO] [1788859157.735076180] [GSL]: avg_gas=0.0069;  avg_windSpeed=0.79;  avg_wind_dir=-3.1
[gsl_actionserver_node-3] [INFO] [1788859157.735616227] [GSL]: [33mNOTHING [0m
[gsl_actionserver_node-3] [INFO] [1788859157.735625755] [GSL]: [DEBUG-WIND] useGroundTruth=false gmrf_req_size=626 gaden_req_size=-1
[gsl_actionserver_node-3] [INFO] [1788859157.735632764] [GSL]: [DEBUG-WIND] Taking GMRF path
[gsl_actionserver_node-3] [INFO] [1788859157.827054538] [GSL - Trace]: [32mEntering StopAndMeasure[0m
[gmrf_wind_mapping_node-2] --> MAP did not converge after 1 iterations.
[gmrf_wind_mapping_node-2] [GMRF] MAP Mean value estimated in 10.1404 milliseconds
[gmrf_wind_mapping_node-2] --> MAP did not converge after 1 iterations.
[gmrf_wind_mapping_node-2] [GMRF] MAP Mean value estimated in 10.1412 milliseconds
[gmrf_wind_mapping_node-2] --> MAP did not converge after 1 iterations.
[gmrf_wind_mapping_node-2] [GMRF] MAP Mean value estimated in 10.1403 milliseconds
[gmrf_wind_mapping_node-2] --> MAP did not converge after 1 iterations.
[gmrf_wind_mapping_node-2] [GMRF] MAP Mean value estimated in 10.1414 milliseconds
[gmrf_wind_mapping_node-2] --> MAP did not converge after 1 iterations.
[gmrf_wind_mapping_node-2] [GMRF] MAP Mean value estimated in 10.1434 milliseconds
[gmrf_wind_mapping_node-2] --> MAP did not converge after 1 iterations.
[gmrf_wind_mapping_node-2] [GMRF] MAP Mean value estimated in 10.1422 milliseconds
[gmrf_wind_mapping_node-2] --> MAP did not converge after 1 iterations.
[gmrf_wind_mapping_node-2] [GMRF] MAP Mean value estimated in 10.1433 milliseconds
[gmrf_wind_mapping_node-2] --> MAP did not converge after 1 iterations.
[gmrf_wind_mapping_node-2] [GMRF] MAP Mean value estimated in 10.1429 milliseconds
[gmrf_wind_mapping_node-2] --> MAP did not converge after 1 iterations.
[gmrf_wind_mapping_node-2] [GMRF] MAP Mean value estimated in 10.144 milliseconds
[gmrf_wind_mapping_node-2] --> MAP did not converge after 1 iterations.
[gmrf_wind_mapping_node-2] [GMRF] MAP Mean value estimated in 10.1436 milliseconds
[gmrf_wind_mapping_node-2] --> MAP did not converge after 1 iterations.
[gmrf_wind_mapping_node-2] [GMRF] MAP Mean value estimated in 10.1468 milliseconds
[gmrf_wind_mapping_node-2] --> MAP did not converge after 1 iterations.
[gmrf_wind_mapping_node-2] [GMRF] MAP Mean value estimated in 10.1459 milliseconds
[gmrf_wind_mapping_node-2] --> MAP did not converge after 1 iterations.
[gmrf_wind_mapping_node-2] [GMRF] MAP Mean value estimated in 10.145 milliseconds
[gmrf_wind_mapping_node-2] --> MAP did not converge after 1 iterations.
[gmrf_wind_mapping_node-2] [GMRF] MAP Mean value estimated in 10.1458 milliseconds
[gmrf_wind_mapping_node-2] --> MAP did not converge after 1 iterations.
[gmrf_wind_mapping_node-2] [GMRF] MAP Mean value estimated in 10.147 milliseconds
[gmrf_wind_mapping_node-2] --> MAP did not converge after 1 iterations.
[gmrf_wind_mapping_node-2] [GMRF] MAP Mean value estimated in 10.1457 milliseconds
[gmrf_wind_mapping_node-2] --> MAP did not converge after 1 iterations.
[gmrf_wind_mapping_node-2] [GMRF] MAP Mean value estimated in 10.1452 milliseconds
[gmrf_wind_mapping_node-2] --> MAP did not converge after 1 iterations.
[gmrf_wind_mapping_node-2] [GMRF] MAP Mean value estimated in 10.1447 milliseconds
[gmrf_wind_mapping_node-2] --> MAP did not converge after 1 iterations.
[gmrf_wind_mapping_node-2] [GMRF] MAP Mean value estimated in 10.1455 milliseconds
[gsl_actionserver_node-3] [INFO] [1788859159.734545672] [GSL]: 10 gas measurements, 10 wind measurements over 1.91 seconds
[gsl_actionserver_node-3] [INFO] [1788859159.734592758] [GSL]: avg_gas=0.0013;  avg_windSpeed=0.96;  avg_wind_dir=-3.1
[gmrf_wind_mapping_node-2] --> MAP did not converge after 1 iterations.
[gmrf_wind_mapping_node-2] [GMRF] MAP Mean value estimated in 10.1446 milliseconds
[gsl_actionserver_node-3] [INFO] [1788859159.735187464] [GSL]: [33mNOTHING [0m
[gsl_actionserver_node-3] [INFO] [1788859159.735198493] [GSL]: [DEBUG-WIND] useGroundTruth=false gmrf_req_size=626 gaden_req_size=-1
[gsl_actionserver_node-3] [INFO] [1788859159.735205723] [GSL]: [DEBUG-WIND] Taking GMRF path
[gsl_actionserver_node-3] [INFO] [1788859159.826903911] [GSL - Trace]: [32mEntering StopAndMeasure[0m
[gmrf_wind_mapping_node-2] --> MAP did not converge after 1 iterations.
[gmrf_wind_mapping_node-2] [GMRF] MAP Mean value estimated in 10.145 milliseconds
[gmrf_wind_mapping_node-2] --> MAP did not converge after 1 iterations.
[gmrf_wind_mapping_node-2] [GMRF] MAP Mean value estimated in 10.1457 milliseconds
[gmrf_wind_mapping_node-2] --> MAP did not converge after 1 iterations.
[gmrf_wind_mapping_node-2] [GMRF] MAP Mean value estimated in 10.1465 milliseconds
[gmrf_wind_mapping_node-2] --> MAP did not converge after 1 iterations.
[gmrf_wind_mapping_node-2] [GMRF] MAP Mean value estimated in 10.1476 milliseconds
[gmrf_wind_mapping_node-2] --> MAP did not converge after 1 iterations.
[gmrf_wind_mapping_node-2] [GMRF] MAP Mean value estimated in 10.1476 milliseconds
[gmrf_wind_mapping_node-2] --> MAP did not converge after 1 iterations.
[gmrf_wind_mapping_node-2] [GMRF] MAP Mean value estimated in 10.1467 milliseconds
[gmrf_wind_mapping_node-2] --> MAP did not converge after 1 iterations.
[gmrf_wind_mapping_node-2] [GMRF] MAP Mean value estimated in 10.1458 milliseconds
[gmrf_wind_mapping_node-2] --> MAP did not converge after 1 iterations.
[gmrf_wind_mapping_node-2] [GMRF] MAP Mean value estimated in 10.1454 milliseconds
[gmrf_wind_mapping_node-2] --> MAP did not converge after 1 iterations.
[gmrf_wind_mapping_node-2] [GMRF] MAP Mean value estimated in 10.1453 milliseconds
[gmrf_wind_mapping_node-2] --> MAP did not converge after 1 iterations.
[gmrf_wind_mapping_node-2] [GMRF] MAP Mean value estimated in 10.1444 milliseconds
[gmrf_wind_mapping_node-2] --> MAP did not converge after 1 iterations.
[gmrf_wind_mapping_node-2] [GMRF] MAP Mean value estimated in 10.1452 milliseconds
[gmrf_wind_mapping_node-2] --> MAP did not converge after 1 iterations.
[gmrf_wind_mapping_node-2] [GMRF] MAP Mean value estimated in 10.1439 milliseconds
[gmrf_wind_mapping_node-2] --> MAP did not converge after 1 iterations.
[gmrf_wind_mapping_node-2] [GMRF] MAP Mean value estimated in 10.1447 milliseconds
[gmrf_wind_mapping_node-2] --> MAP did not converge after 1 iterations.
[gmrf_wind_mapping_node-2] [GMRF] MAP Mean value estimated in 10.1454 milliseconds
[gmrf_wind_mapping_node-2] --> MAP did not converge after 1 iterations.
[gmrf_wind_mapping_node-2] [GMRF] MAP Mean value estimated in 10.1454 milliseconds
[gmrf_wind_mapping_node-2] --> MAP did not converge after 1 iterations.
[gmrf_wind_mapping_node-2] [GMRF] MAP Mean value estimated in 10.1441 milliseconds
[gmrf_wind_mapping_node-2] --> MAP did not converge after 1 iterations.
[gmrf_wind_mapping_node-2] [GMRF] MAP Mean value estimated in 10.1436 milliseconds
[gmrf_wind_mapping_node-2] --> MAP did not converge after 1 iterations.
[gmrf_wind_mapping_node-2] [GMRF] MAP Mean value estimated in 10.1436 milliseconds
[gmrf_wind_mapping_node-2] --> MAP did not converge after 1 iterations.
[gmrf_wind_mapping_node-2] [GMRF] MAP Mean value estimated in 10.1435 milliseconds
[gsl_actionserver_node-3] [INFO] [1788859161.734636821] [GSL]: 10 gas measurements, 10 wind measurements over 1.91 seconds
[gsl_actionserver_node-3] [INFO] [1788859161.734760238] [GSL]: avg_gas=0.00025;  avg_windSpeed=0.93;  avg_wind_dir=-3.1
[gsl_actionserver_node-3] [INFO] [1788859161.735368419] [GSL]: [33mNOTHING [0m
[gsl_actionserver_node-3] [INFO] [1788859161.735378832] [GSL]: [DEBUG-WIND] useGroundTruth=false gmrf_req_size=626 gaden_req_size=-1
[gsl_actionserver_node-3] [INFO] [1788859161.735386895] [GSL]: [DEBUG-WIND] Taking GMRF path
[gmrf_wind_mapping_node-2] --> MAP did not converge after 1 iterations.
[gmrf_wind_mapping_node-2] [GMRF] MAP Mean value estimated in 10.143 milliseconds
[gsl_actionserver_node-3] [INFO] [1788859161.827678330] [GSL - Trace]: [32mEntering StopAndMeasure[0m
[gmrf_wind_mapping_node-2] --> MAP did not converge after 1 iterations.
[gmrf_wind_mapping_node-2] [GMRF] MAP Mean value estimated in 10.1442 milliseconds
[gmrf_wind_mapping_node-2] --> MAP did not converge after 1 iterations.
[gmrf_wind_mapping_node-2] [GMRF] MAP Mean value estimated in 10.1441 milliseconds
[gmrf_wind_mapping_node-2] --> MAP did not converge after 1 iterations.
[gmrf_wind_mapping_node-2] [GMRF] MAP Mean value estimated in 10.1453 milliseconds
[gmrf_wind_mapping_node-2] --> MAP did not converge after 1 iterations.
[gmrf_wind_mapping_node-2] [GMRF] MAP Mean value estimated in 10.1456 milliseconds
[gmrf_wind_mapping_node-2] --> MAP did not converge after 1 iterations.
[gmrf_wind_mapping_node-2] [GMRF] MAP Mean value estimated in 10.1468 milliseconds
[gmrf_wind_mapping_node-2] --> MAP did not converge after 1 iterations.
[gmrf_wind_mapping_node-2] [GMRF] MAP Mean value estimated in 10.1455 milliseconds
[gmrf_wind_mapping_node-2] --> MAP did not converge after 1 iterations.
[gmrf_wind_mapping_node-2] [GMRF] MAP Mean value estimated in 10.1463 milliseconds
[gmrf_wind_mapping_node-2] --> MAP did not converge after 1 iterations.
[gmrf_wind_mapping_node-2] [GMRF] MAP Mean value estimated in 10.1474 milliseconds
[gmrf_wind_mapping_node-2] --> MAP did not converge after 1 iterations.
[gmrf_wind_mapping_node-2] [GMRF] MAP Mean value estimated in 10.149 milliseconds
[gmrf_wind_mapping_node-2] --> MAP did not converge after 1 iterations.
[gmrf_wind_mapping_node-2] [GMRF] MAP Mean value estimated in 10.1481 milliseconds
[gmrf_wind_mapping_node-2] --> MAP did not converge after 1 iterations.
[gmrf_wind_mapping_node-2] [GMRF] MAP Mean value estimated in 10.1493 milliseconds
[gmrf_wind_mapping_node-2] --> MAP did not converge after 1 iterations.
[gmrf_wind_mapping_node-2] [GMRF] MAP Mean value estimated in 10.1492 milliseconds
[gmrf_wind_mapping_node-2] --> MAP did not converge after 1 iterations.
[gmrf_wind_mapping_node-2] [GMRF] MAP Mean value estimated in 10.1511 milliseconds
[gmrf_wind_mapping_node-2] --> MAP did not converge after 1 iterations.
[gmrf_wind_mapping_node-2] [GMRF] MAP Mean value estimated in 10.1519 milliseconds
[gmrf_wind_mapping_node-2] --> MAP did not converge after 1 iterations.
[gmrf_wind_mapping_node-2] [GMRF] MAP Mean value estimated in 10.1522 milliseconds
[gmrf_wind_mapping_node-2] --> MAP did not converge after 1 iterations.
[gmrf_wind_mapping_node-2] [GMRF] MAP Mean value estimated in 10.1514 milliseconds
[gmrf_wind_mapping_node-2] --> MAP did not converge after 1 iterations.
[gmrf_wind_mapping_node-2] [GMRF] MAP Mean value estimated in 10.1509 milliseconds
[gmrf_wind_mapping_node-2] --> MAP did not converge after 1 iterations.
[gmrf_wind_mapping_node-2] [GMRF] MAP Mean value estimated in 10.1516 milliseconds
[gmrf_wind_mapping_node-2] --> MAP did not converge after 1 iterations.
[gmrf_wind_mapping_node-2] [GMRF] MAP Mean value estimated in 10.1536 milliseconds
[gsl_actionserver_node-3] [INFO] [1788859163.734439024] [GSL]: 10 gas measurements, 10 wind measurements over 1.91 seconds
[gsl_actionserver_node-3] [INFO] [1788859163.734497957] [GSL]: avg_gas=4.7e-05;  avg_windSpeed=0.92;  avg_wind_dir=-3.1
[gsl_actionserver_node-3] [INFO] [1788859163.735027137] [GSL]: [33mNOTHING [0m
[gsl_actionserver_node-3] [INFO] [1788859163.735037390] [GSL]: [DEBUG-WIND] useGroundTruth=false gmrf_req_size=626 gaden_req_size=-1
[gsl_actionserver_node-3] [INFO] [1788859163.735044165] [GSL]: [DEBUG-WIND] Taking GMRF path
[gmrf_wind_mapping_node-2] --> MAP did not converge after 1 iterations.
[gmrf_wind_mapping_node-2] [GMRF] MAP Mean value estimated in 10.1527 milliseconds
[gmrf_wind_mapping_node-2] --> MAP did not converge after 1 iterations.
[gmrf_wind_mapping_node-2] [GMRF] MAP Mean value estimated in 10.1543 milliseconds
[gsl_actionserver_node-3] [INFO] [1788859163.843165158] [GSL]: Max mutual info: 1.179
[gsl_actionserver_node-3] [INFO] [1788859163.844320389] [GSL]: MutualInformation - Ellapsed: 0.016s
[vgr_sim_node-1] [WARN] [1788859163.847693487] [vgr_uav_sim]: PLAN_CB: called with goal=(-7.10,0.07)
[vgr_sim_node-1] [WARN] [1788859163.852314975] [vgr_uav_sim]: PLAN_CB: returning 10 poses
[vgr_sim_node-1] [WARN] [1788859163.860386006] [vgr_uav_sim]: PLAN_CB: called with goal=(-7.10,0.07)
[vgr_sim_node-1] [WARN] [1788859163.863151073] [vgr_uav_sim]: PLAN_CB: returning 10 poses
[gsl_actionserver_node-3] [INFO] [1788859163.872324046] [GSL]: Sending goal (-7.10, 0.07)
[gsl_actionserver_node-3] [INFO] [1788859163.872920934] [GSL]: Variance: 0.08
[gsl_actionserver_node-3] [INFO] [1788859163.872947973] [GSL - Trace]: [32mEntering Moving[0m
[vgr_sim_node-1] [INFO] [1788859163.875598531] [vgr_uav_sim]: Prepared 10 collision-free navigation waypoints to (-7.10, 0.07)
[vgr_sim_node-1] [INFO] [1788859163.877112916] [vgr_uav_sim]: UAV navigating in audited 2-D mode to (-7.10, 0.07, 0.30)
[gmrf_wind_mapping_node-2] --> MAP did not converge after 1 iterations.
[gmrf_wind_mapping_node-2] [GMRF] MAP Mean value estimated in 10.1538 milliseconds
[gmrf_wind_mapping_node-2] --> MAP did not converge after 1 iterations.
[gmrf_wind_mapping_node-2] [GMRF] MAP Mean value estimated in 10.1534 milliseconds
[gmrf_wind_mapping_node-2] --> MAP did not converge after 1 iterations.
[gmrf_wind_mapping_node-2] [GMRF] MAP Mean value estimated in 10.1553 milliseconds
[gmrf_wind_mapping_node-2] --> MAP did not converge after 1 iterations.
[gmrf_wind_mapping_node-2] [GMRF] MAP Mean value estimated in 10.1572 milliseconds
[gmrf_wind_mapping_node-2] --> MAP did not converge after 1 iterations.
[gmrf_wind_mapping_node-2] [GMRF] MAP Mean value estimated in 10.156 milliseconds
[gmrf_wind_mapping_node-2] --> MAP did not converge after 1 iterations.
[gmrf_wind_mapping_node-2] [GMRF] MAP Mean value estimated in 10.1579 milliseconds
[gmrf_wind_mapping_node-2] --> MAP did not converge after 1 iterations.
[gmrf_wind_mapping_node-2] [GMRF] MAP Mean value estimated in 10.1571 milliseconds
[gmrf_wind_mapping_node-2] --> MAP did not converge after 1 iterations.
[gmrf_wind_mapping_node-2] [GMRF] MAP Mean value estimated in 10.1582 milliseconds
[gmrf_wind_mapping_node-2] --> MAP did not converge after 1 iterations.
[gmrf_wind_mapping_node-2] [GMRF] MAP Mean value estimated in 10.1573 milliseconds
[gmrf_wind_mapping_node-2] --> MAP did not converge after 1 iterations.
[gmrf_wind_mapping_node-2] [GMRF] MAP Mean value estimated in 10.1577 milliseconds
[gmrf_wind_mapping_node-2] --> MAP did not converge after 1 iterations.
[gmrf_wind_mapping_node-2] [GMRF] MAP Mean value estimated in 10.158 milliseconds
[gmrf_wind_mapping_node-2] --> MAP did not converge after 1 iterations.
[gmrf_wind_mapping_node-2] [GMRF] MAP Mean value estimated in 10.1583 milliseconds
[gmrf_wind_mapping_node-2] --> MAP did not converge after 1 iterations.
[gmrf_wind_mapping_node-2] [GMRF] MAP Mean value estimated in 10.1587 milliseconds
[gmrf_wind_mapping_node-2] --> MAP did not converge after 1 iterations.
[gmrf_wind_mapping_node-2] [GMRF] MAP Mean value estimated in 10.161 milliseconds
[gmrf_wind_mapping_node-2] --> MAP did not converge after 1 iterations.
[gmrf_wind_mapping_node-2] [GMRF] MAP Mean value estimated in 10.1597 milliseconds
[gmrf_wind_mapping_node-2] --> MAP did not converge after 1 iterations.
[gmrf_wind_mapping_node-2] [GMRF] MAP Mean value estimated in 10.1609 milliseconds
[gmrf_wind_mapping_node-2] --> MAP did not converge after 1 iterations.
[gmrf_wind_mapping_node-2] [GMRF] MAP Mean value estimated in 10.1612 milliseconds
[gsl_actionserver_node-3] [INFO] [1788859165.570339309] [GSL - Trace]: [32mEntering StopAndMeasure[0m
[gmrf_wind_mapping_node-2] --> MAP did not converge after 1 iterations.
[gmrf_wind_mapping_node-2] [GMRF] MAP Mean value estimated in 10.1631 milliseconds
[gmrf_wind_mapping_node-2] --> MAP did not converge after 1 iterations.
[gmrf_wind_mapping_node-2] [GMRF] MAP Mean value estimated in 10.1623 milliseconds
[gmrf_wind_mapping_node-2] --> MAP did not converge after 1 iterations.
[gmrf_wind_mapping_node-2] [GMRF] MAP Mean value estimated in 10.1642 milliseconds
[gsl_actionserver_node-3] [INFO] [1788859165.924217227] [GSL]: Could not find the source. Sorry!
[gmrf_wind_mapping_node-2] --> MAP did not converge after 1 iterations.
[gmrf_wind_mapping_node-2] [GMRF] MAP Mean value estimated in 10.1637 milliseconds
[gmrf_wind_mapping_node-2] --> MAP did not converge after 1 iterations.
[gmrf_wind_mapping_node-2] [GMRF] MAP Mean value estimated in 10.1661 milliseconds
[gmrf_wind_mapping_node-2] --> MAP did not converge after 1 iterations.
[gmrf_wind_mapping_node-2] [GMRF] MAP Mean value estimated in 10.1664 milliseconds
[gmrf_wind_mapping_node-2] --> MAP did not converge after 1 iterations.
[gmrf_wind_mapping_node-2] [GMRF] MAP Mean value estimated in 10.1683 milliseconds
[gmrf_wind_mapping_node-2] --> MAP did not converge after 1 iterations.
[gmrf_wind_mapping_node-2] [GMRF] MAP Mean value estimated in 10.1687 milliseconds
[gmrf_wind_mapping_node-2] --> MAP did not converge after 1 iterations.
[gmrf_wind_mapping_node-2] [GMRF] MAP Mean value estimated in 10.1706 milliseconds
[gmrf_wind_mapping_node-2] --> MAP did not converge after 1 iterations.
[gmrf_wind_mapping_node-2] [GMRF] MAP Mean value estimated in 10.1693 milliseconds
[gmrf_wind_mapping_node-2] --> MAP did not converge after 1 iterations.
[gmrf_wind_mapping_node-2] [GMRF] MAP Mean value estimated in 10.1696 milliseconds
[gmrf_wind_mapping_node-2] --> MAP did not converge after 1 iterations.
[gmrf_wind_mapping_node-2] [GMRF] MAP Mean value estimated in 10.1712 milliseconds
[gmrf_wind_mapping_node-2] --> MAP did not converge after 1 iterations.
[gmrf_wind_mapping_node-2] [GMRF] MAP Mean value estimated in 10.1727 milliseconds
[gsl_actionserver_node-3] [INFO] [1788859166.939285909] [GSL]: [34mDONE, CLOSING[0m
[gmrf_wind_mapping_node-2] --> MAP did not converge after 1 iterations.
[gmrf_wind_mapping_node-2] [GMRF] MAP Mean value estimated in 10.1738 milliseconds
[gmrf_wind_mapping_node-2] --> MAP did not converge after 1 iterations.
[gmrf_wind_mapping_node-2] [GMRF] MAP Mean value estimated in 10.1757 milliseconds
[INFO] [gsl_actionserver_node-3]: process has finished cleanly [pid 42492]
[gmrf_wind_mapping_node-2] --> MAP did not converge after 1 iterations.
[gmrf_wind_mapping_node-2] [GMRF] MAP Mean value estimated in 10.1745 milliseconds
[gmrf_wind_mapping_node-2] --> MAP did not converge after 1 iterations.
[gmrf_wind_mapping_node-2] [GMRF] MAP Mean value estimated in 10.1768 milliseconds
[gmrf_wind_mapping_node-2] --> MAP did not converge after 1 iterations.
[gmrf_wind_mapping_node-2] [GMRF] MAP Mean value estimated in 10.1771 milliseconds
[gmrf_wind_mapping_node-2] --> MAP did not converge after 1 iterations.
[gmrf_wind_mapping_node-2] [GMRF] MAP Mean value estimated in 10.179 milliseconds
[gmrf_wind_mapping_node-2] --> MAP did not converge after 1 iterations.
[gmrf_wind_mapping_node-2] [GMRF] MAP Mean value estimated in 10.1789 milliseconds
[gmrf_wind_mapping_node-2] --> MAP did not converge after 1 iterations.
[gmrf_wind_mapping_node-2] [GMRF] MAP Mean value estimated in 10.1812 milliseconds
[gmrf_wind_mapping_node-2] --> MAP did not converge after 1 iterations.
[gmrf_wind_mapping_node-2] [GMRF] MAP Mean value estimated in 10.1804 milliseconds
[gmrf_wind_mapping_node-2] --> MAP did not converge after 1 iterations.
[gmrf_wind_mapping_node-2] [GMRF] MAP Mean value estimated in 10.1835 milliseconds
[gmrf_wind_mapping_node-2] --> MAP did not converge after 1 iterations.
[gmrf_wind_mapping_node-2] [GMRF] MAP Mean value estimated in 10.1842 milliseconds
[gmrf_wind_mapping_node-2] --> MAP did not converge after 1 iterations.
[gmrf_wind_mapping_node-2] [GMRF] MAP Mean value estimated in 10.1861 milliseconds
[gmrf_wind_mapping_node-2] --> MAP did not converge after 1 iterations.
[gmrf_wind_mapping_node-2] [GMRF] MAP Mean value estimated in 10.1852 milliseconds
[gmrf_wind_mapping_node-2] --> MAP did not converge after 1 iterations.
[gmrf_wind_mapping_node-2] [GMRF] MAP Mean value estimated in 10.1879 milliseconds
[gmrf_wind_mapping_node-2] --> MAP did not converge after 1 iterations.
[gmrf_wind_mapping_node-2] [GMRF] MAP Mean value estimated in 10.1886 milliseconds
[gmrf_wind_mapping_node-2] --> MAP did not converge after 1 iterations.
[gmrf_wind_mapping_node-2] [GMRF] MAP Mean value estimated in 10.1878 milliseconds
[gmrf_wind_mapping_node-2] --> MAP did not converge after 1 iterations.
[gmrf_wind_mapping_node-2] [GMRF] MAP Mean value estimated in 10.1889 milliseconds
[gmrf_wind_mapping_node-2] --> MAP did not converge after 1 iterations.
[gmrf_wind_mapping_node-2] [GMRF] MAP Mean value estimated in 10.1912 milliseconds
[gmrf_wind_mapping_node-2] --> MAP did not converge after 1 iterations.
[gmrf_wind_mapping_node-2] [GMRF] MAP Mean value estimated in 10.1911 milliseconds
[gmrf_wind_mapping_node-2] --> MAP did not converge after 1 iterations.
[gmrf_wind_mapping_node-2] [GMRF] MAP Mean value estimated in 10.193 milliseconds
[gmrf_wind_mapping_node-2] --> MAP did not converge after 1 iterations.
[gmrf_wind_mapping_node-2] [GMRF] MAP Mean value estimated in 10.1953 milliseconds
[gmrf_wind_mapping_node-2] --> MAP did not converge after 1 iterations.
[gmrf_wind_mapping_node-2] [GMRF] MAP Mean value estimated in 10.1976 milliseconds
[gmrf_wind_mapping_node-2] --> MAP did not converge after 1 iterations.
[gmrf_wind_mapping_node-2] [GMRF] MAP Mean value estimated in 10.1991 milliseconds
[gmrf_wind_mapping_node-2] --> MAP did not converge after 1 iterations.
[gmrf_wind_mapping_node-2] [GMRF] MAP Mean value estimated in 10.2013 milliseconds
[gmrf_wind_mapping_node-2] --> MAP did not converge after 1 iterations.
[gmrf_wind_mapping_node-2] [GMRF] MAP Mean value estimated in 10.204 milliseconds
[gmrf_wind_mapping_node-2] --> MAP did not converge after 1 iterations.
[gmrf_wind_mapping_node-2] [GMRF] MAP Mean value estimated in 10.2039 milliseconds
[gmrf_wind_mapping_node-2] --> MAP did not converge after 1 iterations.
[gmrf_wind_mapping_node-2] [GMRF] MAP Mean value estimated in 10.2054 milliseconds
[gmrf_wind_mapping_node-2] --> MAP did not converge after 1 iterations.
[gmrf_wind_mapping_node-2] [GMRF] MAP Mean value estimated in 10.2046 milliseconds
[gmrf_wind_mapping_node-2] --> MAP did not converge after 1 iterations.
[gmrf_wind_mapping_node-2] [GMRF] MAP Mean value estimated in 10.2041 milliseconds
[gmrf_wind_mapping_node-2] --> MAP did not converge after 1 iterations.
[gmrf_wind_mapping_node-2] [GMRF] MAP Mean value estimated in 10.2036 milliseconds
[gmrf_wind_mapping_node-2] --> MAP did not converge after 1 iterations.
[gmrf_wind_mapping_node-2] [GMRF] MAP Mean value estimated in 10.2051 milliseconds
[gmrf_wind_mapping_node-2] --> MAP did not converge after 1 iterations.
[gmrf_wind_mapping_node-2] [GMRF] MAP Mean value estimated in 10.2054 milliseconds
[gmrf_wind_mapping_node-2] --> MAP did not converge after 1 iterations.
[gmrf_wind_mapping_node-2] [GMRF] MAP Mean value estimated in 10.2061 milliseconds
[gmrf_wind_mapping_node-2] --> MAP did not converge after 1 iterations.
[gmrf_wind_mapping_node-2] [GMRF] MAP Mean value estimated in 10.208 milliseconds
[gmrf_wind_mapping_node-2] --> MAP did not converge after 1 iterations.
[gmrf_wind_mapping_node-2] [GMRF] MAP Mean value estimated in 10.2075 milliseconds
[gmrf_wind_mapping_node-2] --> MAP did not converge after 1 iterations.
[gmrf_wind_mapping_node-2] [GMRF] MAP Mean value estimated in 10.2067 milliseconds
[gmrf_wind_mapping_node-2] --> MAP did not converge after 1 iterations.
[gmrf_wind_mapping_node-2] [GMRF] MAP Mean value estimated in 10.2054 milliseconds
[gmrf_wind_mapping_node-2] --> MAP did not converge after 1 iterations.
[gmrf_wind_mapping_node-2] [GMRF] MAP Mean value estimated in 10.2084 milliseconds
[gmrf_wind_mapping_node-2] --> MAP did not converge after 1 iterations.
[gmrf_wind_mapping_node-2] [GMRF] MAP Mean value estimated in 10.208 milliseconds
[gmrf_wind_mapping_node-2] --> MAP did not converge after 1 iterations.
[gmrf_wind_mapping_node-2] [GMRF] MAP Mean value estimated in 10.2079 milliseconds
[gmrf_wind_mapping_node-2] --> MAP did not converge after 1 iterations.
[gmrf_wind_mapping_node-2] [GMRF] MAP Mean value estimated in 10.2086 milliseconds
[gmrf_wind_mapping_node-2] --> MAP did not converge after 1 iterations.
[gmrf_wind_mapping_node-2] [GMRF] MAP Mean value estimated in 10.2089 milliseconds
[gmrf_wind_mapping_node-2] --> MAP did not converge after 1 iterations.
[gmrf_wind_mapping_node-2] [GMRF] MAP Mean value estimated in 10.2096 milliseconds
[gmrf_wind_mapping_node-2] --> MAP did not converge after 1 iterations.
[gmrf_wind_mapping_node-2] [GMRF] MAP Mean value estimated in 10.2115 milliseconds
[gmrf_wind_mapping_node-2] --> MAP did not converge after 1 iterations.
[gmrf_wind_mapping_node-2] [GMRF] MAP Mean value estimated in 10.2126 milliseconds
[gmrf_wind_mapping_node-2] --> MAP did not converge after 1 iterations.
[gmrf_wind_mapping_node-2] [GMRF] MAP Mean value estimated in 10.2113 milliseconds
[gmrf_wind_mapping_node-2] --> MAP did not converge after 1 iterations.
[gmrf_wind_mapping_node-2] [GMRF] MAP Mean value estimated in 10.2116 milliseconds
[gmrf_wind_mapping_node-2] --> MAP did not converge after 1 iterations.
[gmrf_wind_mapping_node-2] [GMRF] MAP Mean value estimated in 10.2143 milliseconds
[gmrf_wind_mapping_node-2] --> MAP did not converge after 1 iterations.
[gmrf_wind_mapping_node-2] [GMRF] MAP Mean value estimated in 10.2134 milliseconds
[gmrf_wind_mapping_node-2] --> MAP did not converge after 1 iterations.
[gmrf_wind_mapping_node-2] [GMRF] MAP Mean value estimated in 10.2156 milliseconds
[gmrf_wind_mapping_node-2] --> MAP did not converge after 1 iterations.
[gmrf_wind_mapping_node-2] [GMRF] MAP Mean value estimated in 10.216 milliseconds
[gmrf_wind_mapping_node-2] --> MAP did not converge after 1 iterations.
[gmrf_wind_mapping_node-2] [GMRF] MAP Mean value estimated in 10.2182 milliseconds
[gmrf_wind_mapping_node-2] --> MAP did not converge after 1 iterations.
[gmrf_wind_mapping_node-2] [GMRF] MAP Mean value estimated in 10.2173 milliseconds
[gmrf_wind_mapping_node-2] --> MAP did not converge after 1 iterations.
[gmrf_wind_mapping_node-2] [GMRF] MAP Mean value estimated in 10.2192 milliseconds
[gmrf_wind_mapping_node-2] --> MAP did not converge after 1 iterations.
[gmrf_wind_mapping_node-2] [GMRF] MAP Mean value estimated in 10.2195 milliseconds
[gmrf_wind_mapping_node-2] --> MAP did not converge after 1 iterations.
[gmrf_wind_mapping_node-2] [GMRF] MAP Mean value estimated in 10.2186 milliseconds
[gmrf_wind_mapping_node-2] --> MAP did not converge after 1 iterations.
[gmrf_wind_mapping_node-2] [GMRF] MAP Mean value estimated in 10.2186 milliseconds
[gmrf_wind_mapping_node-2] --> MAP did not converge after 1 iterations.
[gmrf_wind_mapping_node-2] [GMRF] MAP Mean value estimated in 10.2212 milliseconds
[gmrf_wind_mapping_node-2] --> MAP did not converge after 1 iterations.
[gmrf_wind_mapping_node-2] [GMRF] MAP Mean value estimated in 10.2199 milliseconds
[gmrf_wind_mapping_node-2] --> MAP did not converge after 1 iterations.
[gmrf_wind_mapping_node-2] [GMRF] MAP Mean value estimated in 10.2202 milliseconds
[gmrf_wind_mapping_node-2] --> MAP did not converge after 1 iterations.
[gmrf_wind_mapping_node-2] [GMRF] MAP Mean value estimated in 10.2205 milliseconds
[gmrf_wind_mapping_node-2] --> MAP did not converge after 1 iterations.
[gmrf_wind_mapping_node-2] [GMRF] MAP Mean value estimated in 10.222 milliseconds
[gmrf_wind_mapping_node-2] --> MAP did not converge after 1 iterations.
[gmrf_wind_mapping_node-2] [GMRF] MAP Mean value estimated in 10.2219 milliseconds
[gmrf_wind_mapping_node-2] --> MAP did not converge after 1 iterations.
[gmrf_wind_mapping_node-2] [GMRF] MAP Mean value estimated in 10.2234 milliseconds
[gmrf_wind_mapping_node-2] --> MAP did not converge after 1 iterations.
[gmrf_wind_mapping_node-2] [GMRF] MAP Mean value estimated in 10.2221 milliseconds
[gmrf_wind_mapping_node-2] --> MAP did not converge after 1 iterations.
[gmrf_wind_mapping_node-2] [GMRF] MAP Mean value estimated in 10.2217 milliseconds
[gmrf_wind_mapping_node-2] --> MAP did not converge after 1 iterations.
[gmrf_wind_mapping_node-2] [GMRF] MAP Mean value estimated in 10.2227 milliseconds
[gmrf_wind_mapping_node-2] --> MAP did not converge after 1 iterations.
[gmrf_wind_mapping_node-2] [GMRF] MAP Mean value estimated in 10.2238 milliseconds
[gmrf_wind_mapping_node-2] --> MAP did not converge after 1 iterations.
[gmrf_wind_mapping_node-2] [GMRF] MAP Mean value estimated in 10.2226 milliseconds
[gmrf_wind_mapping_node-2] --> MAP did not converge after 1 iterations.
[gmrf_wind_mapping_node-2] [GMRF] MAP Mean value estimated in 10.2225 milliseconds
[gmrf_wind_mapping_node-2] --> MAP did not converge after 1 iterations.
[gmrf_wind_mapping_node-2] [GMRF] MAP Mean value estimated in 10.2236 milliseconds
[gmrf_wind_mapping_node-2] --> MAP did not converge after 1 iterations.
[gmrf_wind_mapping_node-2] [GMRF] MAP Mean value estimated in 10.2242 milliseconds
[gmrf_wind_mapping_node-2] --> MAP did not converge after 1 iterations.
[gmrf_wind_mapping_node-2] [GMRF] MAP Mean value estimated in 10.2253 milliseconds
[gmrf_wind_mapping_node-2] --> MAP did not converge after 1 iterations.
[gmrf_wind_mapping_node-2] [GMRF] MAP Mean value estimated in 10.2268 milliseconds
[gmrf_wind_mapping_node-2] --> MAP did not converge after 1 iterations.
[gmrf_wind_mapping_node-2] [GMRF] MAP Mean value estimated in 10.2263 milliseconds
[gmrf_wind_mapping_node-2] --> MAP did not converge after 1 iterations.
[gmrf_wind_mapping_node-2] [GMRF] MAP Mean value estimated in 10.2254 milliseconds
[gmrf_wind_mapping_node-2] --> MAP did not converge after 1 iterations.
[gmrf_wind_mapping_node-2] [GMRF] MAP Mean value estimated in 10.2261 milliseconds
[gmrf_wind_mapping_node-2] --> MAP did not converge after 1 iterations.
[gmrf_wind_mapping_node-2] [GMRF] MAP Mean value estimated in 10.2268 milliseconds
[gmrf_wind_mapping_node-2] --> MAP did not converge after 1 iterations.
[gmrf_wind_mapping_node-2] [GMRF] MAP Mean value estimated in 10.2259 milliseconds
[gmrf_wind_mapping_node-2] --> MAP did not converge after 1 iterations.
[gmrf_wind_mapping_node-2] [GMRF] MAP Mean value estimated in 10.2278 milliseconds
[gmrf_wind_mapping_node-2] --> MAP did not converge after 1 iterations.
[gmrf_wind_mapping_node-2] [GMRF] MAP Mean value estimated in 10.2265 milliseconds
[gmrf_wind_mapping_node-2] --> MAP did not converge after 1 iterations.
[gmrf_wind_mapping_node-2] [GMRF] MAP Mean value estimated in 10.2276 milliseconds
[gmrf_wind_mapping_node-2] --> MAP did not converge after 1 iterations.
[gmrf_wind_mapping_node-2] [GMRF] MAP Mean value estimated in 10.2267 milliseconds
[gmrf_wind_mapping_node-2] --> MAP did not converge after 1 iterations.
[gmrf_wind_mapping_node-2] [GMRF] MAP Mean value estimated in 10.2259 milliseconds
[gmrf_wind_mapping_node-2] --> MAP did not converge after 1 iterations.
[gmrf_wind_mapping_node-2] [GMRF] MAP Mean value estimated in 10.2258 milliseconds
[gmrf_wind_mapping_node-2] --> MAP did not converge after 1 iterations.
[gmrf_wind_mapping_node-2] [GMRF] MAP Mean value estimated in 10.2253 milliseconds
[gmrf_wind_mapping_node-2] --> MAP did not converge after 1 iterations.
[gmrf_wind_mapping_node-2] [GMRF] MAP Mean value estimated in 10.2276 milliseconds
[gmrf_wind_mapping_node-2] --> MAP did not converge after 1 iterations.
[gmrf_wind_mapping_node-2] [GMRF] MAP Mean value estimated in 10.2267 milliseconds
[gmrf_wind_mapping_node-2] --> MAP did not converge after 1 iterations.
[gmrf_wind_mapping_node-2] [GMRF] MAP Mean value estimated in 10.2266 milliseconds
[gmrf_wind_mapping_node-2] --> MAP did not converge after 1 iterations.
[gmrf_wind_mapping_node-2] [GMRF] MAP Mean value estimated in 10.2284 milliseconds
[gmrf_wind_mapping_node-2] --> MAP did not converge after 1 iterations.
[gmrf_wind_mapping_node-2] [GMRF] MAP Mean value estimated in 10.2303 milliseconds
[gmrf_wind_mapping_node-2] --> MAP did not converge after 1 iterations.
[gmrf_wind_mapping_node-2] [GMRF] MAP Mean value estimated in 10.2313 milliseconds
[gmrf_wind_mapping_node-2] --> MAP did not converge after 1 iterations.
[gmrf_wind_mapping_node-2] [GMRF] MAP Mean value estimated in 10.2305 milliseconds
[gmrf_wind_mapping_node-2] --> MAP did not converge after 1 iterations.
[gmrf_wind_mapping_node-2] [GMRF] MAP Mean value estimated in 10.2334 milliseconds
[gmrf_wind_mapping_node-2] --> MAP did not converge after 1 iterations.
[gmrf_wind_mapping_node-2] [GMRF] MAP Mean value estimated in 10.2337 milliseconds
[gmrf_wind_mapping_node-2] --> MAP did not converge after 1 iterations.
[gmrf_wind_mapping_node-2] [GMRF] MAP Mean value estimated in 10.2329 milliseconds
[gmrf_wind_mapping_node-2] --> MAP did not converge after 1 iterations.
[gmrf_wind_mapping_node-2] [GMRF] MAP Mean value estimated in 10.2332 milliseconds
[gmrf_wind_mapping_node-2] --> MAP did not converge after 1 iterations.
[gmrf_wind_mapping_node-2] [GMRF] MAP Mean value estimated in 10.2342 milliseconds
[gmrf_wind_mapping_node-2] --> MAP did not converge after 1 iterations.
[gmrf_wind_mapping_node-2] [GMRF] MAP Mean value estimated in 10.233 milliseconds
[gmrf_wind_mapping_node-2] --> MAP did not converge after 1 iterations.
[gmrf_wind_mapping_node-2] [GMRF] MAP Mean value estimated in 10.2356 milliseconds
[gmrf_wind_mapping_node-2] --> MAP did not converge after 1 iterations.
[gmrf_wind_mapping_node-2] [GMRF] MAP Mean value estimated in 10.2347 milliseconds
[gmrf_wind_mapping_node-2] --> MAP did not converge after 1 iterations.
[gmrf_wind_mapping_node-2] [GMRF] MAP Mean value estimated in 10.2335 milliseconds
[gmrf_wind_mapping_node-2] --> MAP did not converge after 1 iterations.
[gmrf_wind_mapping_node-2] [GMRF] MAP Mean value estimated in 10.2326 milliseconds
[gmrf_wind_mapping_node-2] --> MAP did not converge after 1 iterations.
[gmrf_wind_mapping_node-2] [GMRF] MAP Mean value estimated in 10.2348 milliseconds
[gmrf_wind_mapping_node-2] --> MAP did not converge after 1 iterations.
[gmrf_wind_mapping_node-2] [GMRF] MAP Mean value estimated in 10.2348 milliseconds
[gmrf_wind_mapping_node-2] --> MAP did not converge after 1 iterations.
[gmrf_wind_mapping_node-2] [GMRF] MAP Mean value estimated in 10.235 milliseconds
[gmrf_wind_mapping_node-2] --> MAP did not converge after 1 iterations.
[gmrf_wind_mapping_node-2] [GMRF] MAP Mean value estimated in 10.2369 milliseconds
[gmrf_wind_mapping_node-2] --> MAP did not converge after 1 iterations.
[gmrf_wind_mapping_node-2] [GMRF] MAP Mean value estimated in 10.2391 milliseconds
[gmrf_wind_mapping_node-2] --> MAP did not converge after 1 iterations.
[gmrf_wind_mapping_node-2] [GMRF] MAP Mean value estimated in 10.2378 milliseconds
[gmrf_wind_mapping_node-2] --> MAP did not converge after 1 iterations.
[gmrf_wind_mapping_node-2] [GMRF] MAP Mean value estimated in 10.2408 milliseconds
[gmrf_wind_mapping_node-2] --> MAP did not converge after 1 iterations.
[gmrf_wind_mapping_node-2] [GMRF] MAP Mean value estimated in 10.2395 milliseconds
[gmrf_wind_mapping_node-2] --> MAP did not converge after 1 iterations.
[gmrf_wind_mapping_node-2] [GMRF] MAP Mean value estimated in 10.2402 milliseconds
[gmrf_wind_mapping_node-2] --> MAP did not converge after 1 iterations.
[gmrf_wind_mapping_node-2] [GMRF] MAP Mean value estimated in 10.2413 milliseconds
[gmrf_wind_mapping_node-2] --> MAP did not converge after 1 iterations.
[gmrf_wind_mapping_node-2] [GMRF] MAP Mean value estimated in 10.2408 milliseconds
[gmrf_wind_mapping_node-2] --> MAP did not converge after 1 iterations.
[gmrf_wind_mapping_node-2] [GMRF] MAP Mean value estimated in 10.2396 milliseconds
[gmrf_wind_mapping_node-2] --> MAP did not converge after 1 iterations.
[gmrf_wind_mapping_node-2] [GMRF] MAP Mean value estimated in 10.2383 milliseconds
[gmrf_wind_mapping_node-2] --> MAP did not converge after 1 iterations.
[gmrf_wind_mapping_node-2] [GMRF] MAP Mean value estimated in 10.2375 milliseconds
[gmrf_wind_mapping_node-2] --> MAP did not converge after 1 iterations.
[gmrf_wind_mapping_node-2] [GMRF] MAP Mean value estimated in 10.2363 milliseconds
[gmrf_wind_mapping_node-2] --> MAP did not converge after 1 iterations.
[gmrf_wind_mapping_node-2] [GMRF] MAP Mean value estimated in 10.2354 milliseconds
[gmrf_wind_mapping_node-2] --> MAP did not converge after 1 iterations.
[gmrf_wind_mapping_node-2] [GMRF] MAP Mean value estimated in 10.2342 milliseconds
[gmrf_wind_mapping_node-2] --> MAP did not converge after 1 iterations.
[gmrf_wind_mapping_node-2] [GMRF] MAP Mean value estimated in 10.2333 milliseconds
[gmrf_wind_mapping_node-2] --> MAP did not converge after 1 iterations.
[gmrf_wind_mapping_node-2] [GMRF] MAP Mean value estimated in 10.2325 milliseconds
[gmrf_wind_mapping_node-2] --> MAP did not converge after 1 iterations.
[gmrf_wind_mapping_node-2] [GMRF] MAP Mean value estimated in 10.232 milliseconds
[gmrf_wind_mapping_node-2] --> MAP did not converge after 1 iterations.
[gmrf_wind_mapping_node-2] [GMRF] MAP Mean value estimated in 10.2316 milliseconds
[gmrf_wind_mapping_node-2] --> MAP did not converge after 1 iterations.
[gmrf_wind_mapping_node-2] [GMRF] MAP Mean value estimated in 10.2303 milliseconds
[gmrf_wind_mapping_node-2] --> MAP did not converge after 1 iterations.
[gmrf_wind_mapping_node-2] [GMRF] MAP Mean value estimated in 10.2291 milliseconds
[gmrf_wind_mapping_node-2] --> MAP did not converge after 1 iterations.
[gmrf_wind_mapping_node-2] [GMRF] MAP Mean value estimated in 10.2283 milliseconds
[gmrf_wind_mapping_node-2] --> MAP did not converge after 1 iterations.
[gmrf_wind_mapping_node-2] [GMRF] MAP Mean value estimated in 10.2274 milliseconds
[gmrf_wind_mapping_node-2] --> MAP did not converge after 1 iterations.
[gmrf_wind_mapping_node-2] [GMRF] MAP Mean value estimated in 10.2262 milliseconds
[gmrf_wind_mapping_node-2] --> MAP did not converge after 1 iterations.
[gmrf_wind_mapping_node-2] [GMRF] MAP Mean value estimated in 10.2254 milliseconds
[gmrf_wind_mapping_node-2] --> MAP did not converge after 1 iterations.
[gmrf_wind_mapping_node-2] [GMRF] MAP Mean value estimated in 10.2242 milliseconds
[gmrf_wind_mapping_node-2] --> MAP did not converge after 1 iterations.
[gmrf_wind_mapping_node-2] [GMRF] MAP Mean value estimated in 10.2237 milliseconds
[gmrf_wind_mapping_node-2] --> MAP did not converge after 1 iterations.
[gmrf_wind_mapping_node-2] [GMRF] MAP Mean value estimated in 10.2225 milliseconds
[gmrf_wind_mapping_node-2] --> MAP did not converge after 1 iterations.
[gmrf_wind_mapping_node-2] [GMRF] MAP Mean value estimated in 10.2216 milliseconds
[gmrf_wind_mapping_node-2] --> MAP did not converge after 1 iterations.
[gmrf_wind_mapping_node-2] [GMRF] MAP Mean value estimated in 10.2223 milliseconds
[gmrf_wind_mapping_node-2] --> MAP did not converge after 1 iterations.
[gmrf_wind_mapping_node-2] [GMRF] MAP Mean value estimated in 10.2211 milliseconds
[gmrf_wind_mapping_node-2] --> MAP did not converge after 1 iterations.
[gmrf_wind_mapping_node-2] [GMRF] MAP Mean value estimated in 10.2221 milliseconds
[gmrf_wind_mapping_node-2] --> MAP did not converge after 1 iterations.
[gmrf_wind_mapping_node-2] [GMRF] MAP Mean value estimated in 10.2247 milliseconds
[gmrf_wind_mapping_node-2] --> MAP did not converge after 1 iterations.
[gmrf_wind_mapping_node-2] [GMRF] MAP Mean value estimated in 10.225 milliseconds
[gmrf_wind_mapping_node-2] --> MAP did not converge after 1 iterations.
[gmrf_wind_mapping_node-2] [GMRF] MAP Mean value estimated in 10.2249 milliseconds
[gmrf_wind_mapping_node-2] --> MAP did not converge after 1 iterations.
[gmrf_wind_mapping_node-2] [GMRF] MAP Mean value estimated in 10.2259 milliseconds
[gmrf_wind_mapping_node-2] --> MAP did not converge after 1 iterations.
[gmrf_wind_mapping_node-2] [GMRF] MAP Mean value estimated in 10.2266 milliseconds
[gmrf_wind_mapping_node-2] --> MAP did not converge after 1 iterations.
[gmrf_wind_mapping_node-2] [GMRF] MAP Mean value estimated in 10.2276 milliseconds
[gmrf_wind_mapping_node-2] --> MAP did not converge after 1 iterations.
[gmrf_wind_mapping_node-2] [GMRF] MAP Mean value estimated in 10.2298 milliseconds
[gmrf_wind_mapping_node-2] --> MAP did not converge after 1 iterations.
[gmrf_wind_mapping_node-2] [GMRF] MAP Mean value estimated in 10.2309 milliseconds
[gmrf_wind_mapping_node-2] --> MAP did not converge after 1 iterations.
[gmrf_wind_mapping_node-2] [GMRF] MAP Mean value estimated in 10.2296 milliseconds
[gmrf_wind_mapping_node-2] --> MAP did not converge after 1 iterations.
[gmrf_wind_mapping_node-2] [GMRF] MAP Mean value estimated in 10.2284 milliseconds
[gmrf_wind_mapping_node-2] --> MAP did not converge after 1 iterations.
[gmrf_wind_mapping_node-2] [GMRF] MAP Mean value estimated in 10.2291 milliseconds
[gmrf_wind_mapping_node-2] --> MAP did not converge after 1 iterations.
[gmrf_wind_mapping_node-2] [GMRF] MAP Mean value estimated in 10.2279 milliseconds
[gmrf_wind_mapping_node-2] --> MAP did not converge after 1 iterations.
[gmrf_wind_mapping_node-2] [GMRF] MAP Mean value estimated in 10.2271 milliseconds
[gmrf_wind_mapping_node-2] --> MAP did not converge after 1 iterations.
[gmrf_wind_mapping_node-2] [GMRF] MAP Mean value estimated in 10.2288 milliseconds
[gmrf_wind_mapping_node-2] --> MAP did not converge after 1 iterations.
[gmrf_wind_mapping_node-2] [GMRF] MAP Mean value estimated in 10.2299 milliseconds
[gmrf_wind_mapping_node-2] --> MAP did not converge after 1 iterations.
[gmrf_wind_mapping_node-2] [GMRF] MAP Mean value estimated in 10.2287 milliseconds
[gmrf_wind_mapping_node-2] --> MAP did not converge after 1 iterations.
[gmrf_wind_mapping_node-2] [GMRF] MAP Mean value estimated in 10.2305 milliseconds
[gmrf_wind_mapping_node-2] --> MAP did not converge after 1 iterations.
[gmrf_wind_mapping_node-2] [GMRF] MAP Mean value estimated in 10.2322 milliseconds
[gmrf_wind_mapping_node-2] --> MAP did not converge after 1 iterations.
[gmrf_wind_mapping_node-2] [GMRF] MAP Mean value estimated in 10.2344 milliseconds
[gmrf_wind_mapping_node-2] --> MAP did not converge after 1 iterations.
[gmrf_wind_mapping_node-2] [GMRF] MAP Mean value estimated in 10.2347 milliseconds
[gmrf_wind_mapping_node-2] --> MAP did not converge after 1 iterations.
[gmrf_wind_mapping_node-2] [GMRF] MAP Mean value estimated in 10.2357 milliseconds
[gmrf_wind_mapping_node-2] --> MAP did not converge after 1 iterations.
[gmrf_wind_mapping_node-2] [GMRF] MAP Mean value estimated in 10.2356 milliseconds
[gmrf_wind_mapping_node-2] --> MAP did not converge after 1 iterations.
[gmrf_wind_mapping_node-2] [GMRF] MAP Mean value estimated in 10.2378 milliseconds
[gmrf_wind_mapping_node-2] --> MAP did not converge after 1 iterations.
[gmrf_wind_mapping_node-2] [GMRF] MAP Mean value estimated in 10.2388 milliseconds
[gmrf_wind_mapping_node-2] --> MAP did not converge after 1 iterations.
[gmrf_wind_mapping_node-2] [GMRF] MAP Mean value estimated in 10.2406 milliseconds
[gmrf_wind_mapping_node-2] --> MAP did not converge after 1 iterations.
[gmrf_wind_mapping_node-2] [GMRF] MAP Mean value estimated in 10.2394 milliseconds
[gmrf_wind_mapping_node-2] --> MAP did not converge after 1 iterations.
[gmrf_wind_mapping_node-2] [GMRF] MAP Mean value estimated in 10.2404 milliseconds
[gmrf_wind_mapping_node-2] --> MAP did not converge after 1 iterations.
[gmrf_wind_mapping_node-2] [GMRF] MAP Mean value estimated in 10.2414 milliseconds
[gmrf_wind_mapping_node-2] --> MAP did not converge after 1 iterations.
[gmrf_wind_mapping_node-2] [GMRF] MAP Mean value estimated in 10.2428 milliseconds
[gmrf_wind_mapping_node-2] --> MAP did not converge after 1 iterations.
[gmrf_wind_mapping_node-2] [GMRF] MAP Mean value estimated in 10.2439 milliseconds
[gmrf_wind_mapping_node-2] --> MAP did not converge after 1 iterations.
[gmrf_wind_mapping_node-2] [GMRF] MAP Mean value estimated in 10.2445 milliseconds
[gmrf_wind_mapping_node-2] --> MAP did not converge after 1 iterations.
[gmrf_wind_mapping_node-2] [GMRF] MAP Mean value estimated in 10.2437 milliseconds
[gmrf_wind_mapping_node-2] --> MAP did not converge after 1 iterations.
[gmrf_wind_mapping_node-2] [GMRF] MAP Mean value estimated in 10.2428 milliseconds
[gmrf_wind_mapping_node-2] --> MAP did not converge after 1 iterations.
[gmrf_wind_mapping_node-2] [GMRF] MAP Mean value estimated in 10.2416 milliseconds
[gmrf_wind_mapping_node-2] --> MAP did not converge after 1 iterations.
[gmrf_wind_mapping_node-2] [GMRF] MAP Mean value estimated in 10.2408 milliseconds
[gmrf_wind_mapping_node-2] --> MAP did not converge after 1 iterations.
[gmrf_wind_mapping_node-2] [GMRF] MAP Mean value estimated in 10.24 milliseconds
[gmrf_wind_mapping_node-2] --> MAP did not converge after 1 iterations.
[gmrf_wind_mapping_node-2] [GMRF] MAP Mean value estimated in 10.2388 milliseconds
[gmrf_wind_mapping_node-2] --> MAP did not converge after 1 iterations.
[gmrf_wind_mapping_node-2] [GMRF] MAP Mean value estimated in 10.2379 milliseconds
[gmrf_wind_mapping_node-2] --> MAP did not converge after 1 iterations.
[gmrf_wind_mapping_node-2] [GMRF] MAP Mean value estimated in 10.2371 milliseconds
[gmrf_wind_mapping_node-2] --> MAP did not converge after 1 iterations.
[gmrf_wind_mapping_node-2] [GMRF] MAP Mean value estimated in 10.2359 milliseconds
[gmrf_wind_mapping_node-2] --> MAP did not converge after 1 iterations.
[gmrf_wind_mapping_node-2] [GMRF] MAP Mean value estimated in 10.2354 milliseconds
[gmrf_wind_mapping_node-2] --> MAP did not converge after 1 iterations.
[gmrf_wind_mapping_node-2] [GMRF] MAP Mean value estimated in 10.2342 milliseconds
[gmrf_wind_mapping_node-2] --> MAP did not converge after 1 iterations.
[gmrf_wind_mapping_node-2] [GMRF] MAP Mean value estimated in 10.2364 milliseconds
[gmrf_wind_mapping_node-2] --> MAP did not converge after 1 iterations.
[gmrf_wind_mapping_node-2] [GMRF] MAP Mean value estimated in 10.2356 milliseconds
[gmrf_wind_mapping_node-2] --> MAP did not converge after 1 iterations.
[gmrf_wind_mapping_node-2] [GMRF] MAP Mean value estimated in 10.2366 milliseconds
[gmrf_wind_mapping_node-2] --> MAP did not converge after 1 iterations.
[gmrf_wind_mapping_node-2] [GMRF] MAP Mean value estimated in 10.2358 milliseconds
[gmrf_wind_mapping_node-2] --> MAP did not converge after 1 iterations.
[gmrf_wind_mapping_node-2] [GMRF] MAP Mean value estimated in 10.2349 milliseconds
[gmrf_wind_mapping_node-2] --> MAP did not converge after 1 iterations.
[gmrf_wind_mapping_node-2] [GMRF] MAP Mean value estimated in 10.2337 milliseconds
[gmrf_wind_mapping_node-2] --> MAP did not converge after 1 iterations.
[gmrf_wind_mapping_node-2] [GMRF] MAP Mean value estimated in 10.2329 milliseconds
[gmrf_wind_mapping_node-2] --> MAP did not converge after 1 iterations.
[gmrf_wind_mapping_node-2] [GMRF] MAP Mean value estimated in 10.2321 milliseconds
[gmrf_wind_mapping_node-2] --> MAP did not converge after 1 iterations.
[gmrf_wind_mapping_node-2] [GMRF] MAP Mean value estimated in 10.2309 milliseconds
[gmrf_wind_mapping_node-2] --> MAP did not converge after 1 iterations.
[gmrf_wind_mapping_node-2] [GMRF] MAP Mean value estimated in 10.2301 milliseconds
[gmrf_wind_mapping_node-2] --> MAP did not converge after 1 iterations.
[gmrf_wind_mapping_node-2] [GMRF] MAP Mean value estimated in 10.2292 milliseconds
[gmrf_wind_mapping_node-2] --> MAP did not converge after 1 iterations.
[gmrf_wind_mapping_node-2] [GMRF] MAP Mean value estimated in 10.2299 milliseconds
[gmrf_wind_mapping_node-2] --> MAP did not converge after 1 iterations.
[gmrf_wind_mapping_node-2] [GMRF] MAP Mean value estimated in 10.2302 milliseconds
[gmrf_wind_mapping_node-2] --> MAP did not converge after 1 iterations.
[gmrf_wind_mapping_node-2] [GMRF] MAP Mean value estimated in 10.229 milliseconds
[gmrf_wind_mapping_node-2] --> MAP did not converge after 1 iterations.
[gmrf_wind_mapping_node-2] [GMRF] MAP Mean value estimated in 10.2278 milliseconds
[gmrf_wind_mapping_node-2] --> MAP did not converge after 1 iterations.
[gmrf_wind_mapping_node-2] [GMRF] MAP Mean value estimated in 10.227 milliseconds
[gmrf_wind_mapping_node-2] --> MAP did not converge after 1 iterations.
[gmrf_wind_mapping_node-2] [GMRF] MAP Mean value estimated in 10.2258 milliseconds
[gmrf_wind_mapping_node-2] --> MAP did not converge after 1 iterations.
[gmrf_wind_mapping_node-2] [GMRF] MAP Mean value estimated in 10.2246 milliseconds
[gmrf_wind_mapping_node-2] --> MAP did not converge after 1 iterations.
[gmrf_wind_mapping_node-2] [GMRF] MAP Mean value estimated in 10.2264 milliseconds
[gmrf_wind_mapping_node-2] --> MAP did not converge after 1 iterations.
[gmrf_wind_mapping_node-2] [GMRF] MAP Mean value estimated in 10.2252 milliseconds
[gmrf_wind_mapping_node-2] --> MAP did not converge after 1 iterations.
[gmrf_wind_mapping_node-2] [GMRF] MAP Mean value estimated in 10.2251 milliseconds
[gmrf_wind_mapping_node-2] --> MAP did not converge after 1 iterations.
[gmrf_wind_mapping_node-2] [GMRF] MAP Mean value estimated in 10.2239 milliseconds
[gmrf_wind_mapping_node-2] --> MAP did not converge after 1 iterations.
[gmrf_wind_mapping_node-2] [GMRF] MAP Mean value estimated in 10.2253 milliseconds
[gmrf_wind_mapping_node-2] --> MAP did not converge after 1 iterations.
[gmrf_wind_mapping_node-2] [GMRF] MAP Mean value estimated in 10.2248 milliseconds
[gmrf_wind_mapping_node-2] --> MAP did not converge after 1 iterations.
[gmrf_wind_mapping_node-2] [GMRF] MAP Mean value estimated in 10.224 milliseconds
[gmrf_wind_mapping_node-2] --> MAP did not converge after 1 iterations.
[gmrf_wind_mapping_node-2] [GMRF] MAP Mean value estimated in 10.2232 milliseconds
[gmrf_wind_mapping_node-2] --> MAP did not converge after 1 iterations.
[gmrf_wind_mapping_node-2] [GMRF] MAP Mean value estimated in 10.222 milliseconds
[gmrf_wind_mapping_node-2] --> MAP did not converge after 1 iterations.
[gmrf_wind_mapping_node-2] [GMRF] MAP Mean value estimated in 10.2238 milliseconds
[gmrf_wind_mapping_node-2] --> MAP did not converge after 1 iterations.
[gmrf_wind_mapping_node-2] [GMRF] MAP Mean value estimated in 10.2255 milliseconds
[gmrf_wind_mapping_node-2] --> MAP did not converge after 1 iterations.
[gmrf_wind_mapping_node-2] [GMRF] MAP Mean value estimated in 10.2243 milliseconds
[gmrf_wind_mapping_node-2] --> MAP did not converge after 1 iterations.
[gmrf_wind_mapping_node-2] [GMRF] MAP Mean value estimated in 10.2232 milliseconds
[gmrf_wind_mapping_node-2] --> MAP did not converge after 1 iterations.
[gmrf_wind_mapping_node-2] [GMRF] MAP Mean value estimated in 10.2223 milliseconds
[gmrf_wind_mapping_node-2] --> MAP did not converge after 1 iterations.
[gmrf_wind_mapping_node-2] [GMRF] MAP Mean value estimated in 10.2234 milliseconds
[gmrf_wind_mapping_node-2] --> MAP did not converge after 1 iterations.
[gmrf_wind_mapping_node-2] [GMRF] MAP Mean value estimated in 10.2244 milliseconds
[gmrf_wind_mapping_node-2] --> MAP did not converge after 1 iterations.
[gmrf_wind_mapping_node-2] [GMRF] MAP Mean value estimated in 10.2243 milliseconds
[gmrf_wind_mapping_node-2] --> MAP did not converge after 1 iterations.
[gmrf_wind_mapping_node-2] [GMRF] MAP Mean value estimated in 10.2235 milliseconds
[gmrf_wind_mapping_node-2] --> MAP did not converge after 1 iterations.
[gmrf_wind_mapping_node-2] [GMRF] MAP Mean value estimated in 10.2249 milliseconds
[gmrf_wind_mapping_node-2] --> MAP did not converge after 1 iterations.
[gmrf_wind_mapping_node-2] [GMRF] MAP Mean value estimated in 10.2244 milliseconds
[gmrf_wind_mapping_node-2] --> MAP did not converge after 1 iterations.
[gmrf_wind_mapping_node-2] [GMRF] MAP Mean value estimated in 10.2262 milliseconds
[gmrf_wind_mapping_node-2] --> MAP did not converge after 1 iterations.
[gmrf_wind_mapping_node-2] [GMRF] MAP Mean value estimated in 10.225 milliseconds
[gmrf_wind_mapping_node-2] --> MAP did not converge after 1 iterations.
[gmrf_wind_mapping_node-2] [GMRF] MAP Mean value estimated in 10.2271 milliseconds
[gmrf_wind_mapping_node-2] --> MAP did not converge after 1 iterations.
[gmrf_wind_mapping_node-2] [GMRF] MAP Mean value estimated in 10.2288 milliseconds
[gmrf_wind_mapping_node-2] --> MAP did not converge after 1 iterations.
[gmrf_wind_mapping_node-2] [GMRF] MAP Mean value estimated in 10.2291 milliseconds
[gmrf_wind_mapping_node-2] --> MAP did not converge after 1 iterations.
[gmrf_wind_mapping_node-2] [GMRF] MAP Mean value estimated in 10.2283 milliseconds
[gmrf_wind_mapping_node-2] --> MAP did not converge after 1 iterations.
[gmrf_wind_mapping_node-2] [GMRF] MAP Mean value estimated in 10.2282 milliseconds
[gmrf_wind_mapping_node-2] --> MAP did not converge after 1 iterations.
[gmrf_wind_mapping_node-2] [GMRF] MAP Mean value estimated in 10.227 milliseconds
[gmrf_wind_mapping_node-2] --> MAP did not converge after 1 iterations.
[gmrf_wind_mapping_node-2] [GMRF] MAP Mean value estimated in 10.2295 milliseconds
[gmrf_wind_mapping_node-2] --> MAP did not converge after 1 iterations.
[gmrf_wind_mapping_node-2] [GMRF] MAP Mean value estimated in 10.2294 milliseconds
[gmrf_wind_mapping_node-2] --> MAP did not converge after 1 iterations.
[gmrf_wind_mapping_node-2] [GMRF] MAP Mean value estimated in 10.2308 milliseconds
[gmrf_wind_mapping_node-2] --> MAP did not converge after 1 iterations.
[gmrf_wind_mapping_node-2] [GMRF] MAP Mean value estimated in 10.2303 milliseconds
[gmrf_wind_mapping_node-2] --> MAP did not converge after 1 iterations.
[gmrf_wind_mapping_node-2] [GMRF] MAP Mean value estimated in 10.2314 milliseconds
[gmrf_wind_mapping_node-2] --> MAP did not converge after 1 iterations.
[gmrf_wind_mapping_node-2] [GMRF] MAP Mean value estimated in 10.2313 milliseconds
[gmrf_wind_mapping_node-2] --> MAP did not converge after 1 iterations.
[gmrf_wind_mapping_node-2] [GMRF] MAP Mean value estimated in 10.2308 milliseconds
[gmrf_wind_mapping_node-2] --> MAP did not converge after 1 iterations.
[gmrf_wind_mapping_node-2] [GMRF] MAP Mean value estimated in 10.2311 milliseconds
[gmrf_wind_mapping_node-2] --> MAP did not converge after 1 iterations.
[gmrf_wind_mapping_node-2] [GMRF] MAP Mean value estimated in 10.2325 milliseconds
[gmrf_wind_mapping_node-2] --> MAP did not converge after 1 iterations.
[gmrf_wind_mapping_node-2] [GMRF] MAP Mean value estimated in 10.2317 milliseconds
[gmrf_wind_mapping_node-2] --> MAP did not converge after 1 iterations.
[gmrf_wind_mapping_node-2] [GMRF] MAP Mean value estimated in 10.2323 milliseconds
[gmrf_wind_mapping_node-2] --> MAP did not converge after 1 iterations.
[gmrf_wind_mapping_node-2] [GMRF] MAP Mean value estimated in 10.2322 milliseconds
[gmrf_wind_mapping_node-2] --> MAP did not converge after 1 iterations.
[gmrf_wind_mapping_node-2] [GMRF] MAP Mean value estimated in 10.2329 milliseconds
[gmrf_wind_mapping_node-2] --> MAP did not converge after 1 iterations.
[gmrf_wind_mapping_node-2] [GMRF] MAP Mean value estimated in 10.2321 milliseconds
[gmrf_wind_mapping_node-2] --> MAP did not converge after 1 iterations.
[gmrf_wind_mapping_node-2] [GMRF] MAP Mean value estimated in 10.2316 milliseconds
[gmrf_wind_mapping_node-2] --> MAP did not converge after 1 iterations.
[gmrf_wind_mapping_node-2] [GMRF] MAP Mean value estimated in 10.2319 milliseconds
[gmrf_wind_mapping_node-2] --> MAP did not converge after 1 iterations.
[gmrf_wind_mapping_node-2] [GMRF] MAP Mean value estimated in 10.2325 milliseconds
[gmrf_wind_mapping_node-2] --> MAP did not converge after 1 iterations.
[gmrf_wind_mapping_node-2] [GMRF] MAP Mean value estimated in 10.2335 milliseconds
[gmrf_wind_mapping_node-2] --> MAP did not converge after 1 iterations.
[gmrf_wind_mapping_node-2] [GMRF] MAP Mean value estimated in 10.2334 milliseconds
[gmrf_wind_mapping_node-2] --> MAP did not converge after 1 iterations.
[gmrf_wind_mapping_node-2] [GMRF] MAP Mean value estimated in 10.2323 milliseconds
[gmrf_wind_mapping_node-2] --> MAP did not converge after 1 iterations.
[gmrf_wind_mapping_node-2] [GMRF] MAP Mean value estimated in 10.2336 milliseconds
[gmrf_wind_mapping_node-2] --> MAP did not converge after 1 iterations.
[gmrf_wind_mapping_node-2] [GMRF] MAP Mean value estimated in 10.2325 milliseconds
[gmrf_wind_mapping_node-2] --> MAP did not converge after 1 iterations.
[gmrf_wind_mapping_node-2] [GMRF] MAP Mean value estimated in 10.2313 milliseconds
[gmrf_wind_mapping_node-2] --> MAP did not converge after 1 iterations.
[gmrf_wind_mapping_node-2] [GMRF] MAP Mean value estimated in 10.2337 milliseconds
[gmrf_wind_mapping_node-2] --> MAP did not converge after 1 iterations.
[gmrf_wind_mapping_node-2] [GMRF] MAP Mean value estimated in 10.234 milliseconds
[gmrf_wind_mapping_node-2] --> MAP did not converge after 1 iterations.
[gmrf_wind_mapping_node-2] [GMRF] MAP Mean value estimated in 10.2357 milliseconds
[gmrf_wind_mapping_node-2] --> MAP did not converge after 1 iterations.
[gmrf_wind_mapping_node-2] [GMRF] MAP Mean value estimated in 10.2382 milliseconds
[gmrf_wind_mapping_node-2] --> MAP did not converge after 1 iterations.
[gmrf_wind_mapping_node-2] [GMRF] MAP Mean value estimated in 10.2374 milliseconds
[gmrf_wind_mapping_node-2] --> MAP did not converge after 1 iterations.
[gmrf_wind_mapping_node-2] [GMRF] MAP Mean value estimated in 10.2391 milliseconds
[gmrf_wind_mapping_node-2] --> MAP did not converge after 1 iterations.
[gmrf_wind_mapping_node-2] [GMRF] MAP Mean value estimated in 10.2412 milliseconds
[gmrf_wind_mapping_node-2] --> MAP did not converge after 1 iterations.
[gmrf_wind_mapping_node-2] [GMRF] MAP Mean value estimated in 10.2429 milliseconds
[gmrf_wind_mapping_node-2] --> MAP did not converge after 1 iterations.
[gmrf_wind_mapping_node-2] [GMRF] MAP Mean value estimated in 10.2421 milliseconds
[gmrf_wind_mapping_node-2] --> MAP did not converge after 1 iterations.
[gmrf_wind_mapping_node-2] [GMRF] MAP Mean value estimated in 10.2409 milliseconds
[gmrf_wind_mapping_node-2] --> MAP did not converge after 1 iterations.
[gmrf_wind_mapping_node-2] [GMRF] MAP Mean value estimated in 10.2419 milliseconds
[gmrf_wind_mapping_node-2] --> MAP did not converge after 1 iterations.
[gmrf_wind_mapping_node-2] [GMRF] MAP Mean value estimated in 10.2443 milliseconds
[gmrf_wind_mapping_node-2] --> MAP did not converge after 1 iterations.
[gmrf_wind_mapping_node-2] [GMRF] MAP Mean value estimated in 10.2453 milliseconds
[gmrf_wind_mapping_node-2] --> MAP did not converge after 1 iterations.
[gmrf_wind_mapping_node-2] [GMRF] MAP Mean value estimated in 10.2463 milliseconds
[gmrf_wind_mapping_node-2] --> MAP did not converge after 1 iterations.
[gmrf_wind_mapping_node-2] [GMRF] MAP Mean value estimated in 10.2455 milliseconds
[gmrf_wind_mapping_node-2] --> MAP did not converge after 1 iterations.
[gmrf_wind_mapping_node-2] [GMRF] MAP Mean value estimated in 10.2469 milliseconds
[gmrf_wind_mapping_node-2] --> MAP did not converge after 1 iterations.
[gmrf_wind_mapping_node-2] [GMRF] MAP Mean value estimated in 10.2478 milliseconds
[gmrf_wind_mapping_node-2] --> MAP did not converge after 1 iterations.
[gmrf_wind_mapping_node-2] [GMRF] MAP Mean value estimated in 10.2492 milliseconds
[gmrf_wind_mapping_node-2] --> MAP did not converge after 1 iterations.
[gmrf_wind_mapping_node-2] [GMRF] MAP Mean value estimated in 10.2484 milliseconds
[gmrf_wind_mapping_node-2] --> MAP did not converge after 1 iterations.
[gmrf_wind_mapping_node-2] [GMRF] MAP Mean value estimated in 10.2479 milliseconds
[gmrf_wind_mapping_node-2] --> MAP did not converge after 1 iterations.
[gmrf_wind_mapping_node-2] [GMRF] MAP Mean value estimated in 10.2486 milliseconds
[gmrf_wind_mapping_node-2] --> MAP did not converge after 1 iterations.
[gmrf_wind_mapping_node-2] [GMRF] MAP Mean value estimated in 10.2485 milliseconds
[gmrf_wind_mapping_node-2] --> MAP did not converge after 1 iterations.
[gmrf_wind_mapping_node-2] [GMRF] MAP Mean value estimated in 10.2505 milliseconds
[gmrf_wind_mapping_node-2] --> MAP did not converge after 1 iterations.
[gmrf_wind_mapping_node-2] [GMRF] MAP Mean value estimated in 10.2512 milliseconds
[gmrf_wind_mapping_node-2] --> MAP did not converge after 1 iterations.
[gmrf_wind_mapping_node-2] [GMRF] MAP Mean value estimated in 10.25 milliseconds
[gmrf_wind_mapping_node-2] --> MAP did not converge after 1 iterations.
[gmrf_wind_mapping_node-2] [GMRF] MAP Mean value estimated in 10.2531 milliseconds
[gmrf_wind_mapping_node-2] --> MAP did not converge after 1 iterations.
[gmrf_wind_mapping_node-2] [GMRF] MAP Mean value estimated in 10.2545 milliseconds
[gmrf_wind_mapping_node-2] --> MAP did not converge after 1 iterations.
[gmrf_wind_mapping_node-2] [GMRF] MAP Mean value estimated in 10.2558 milliseconds
[gmrf_wind_mapping_node-2] --> MAP did not converge after 1 iterations.
[gmrf_wind_mapping_node-2] [GMRF] MAP Mean value estimated in 10.255 milliseconds
[gsl_benchmark_runner-4] [INFO] [1788859194.799267976] [gsl_benchmark_runner]: wrote V4 run record: method=CTPI_G2_M1_M2 seed=12 termination=time_budget_timeout final_error=6.399 localized2=False timeout=True
[gmrf_wind_mapping_node-2] --> MAP did not converge after 1 iterations.
[gmrf_wind_mapping_node-2] [GMRF] MAP Mean value estimated in 10.2546 milliseconds
[gmrf_wind_mapping_node-2] --> MAP did not converge after 1 iterations.
[gmrf_wind_mapping_node-2] [GMRF] MAP Mean value estimated in 10.2552 milliseconds
[gmrf_wind_mapping_node-2] --> MAP did not converge after 1 iterations.
[gmrf_wind_mapping_node-2] [GMRF] MAP Mean value estimated in 10.2572 milliseconds
[gmrf_wind_mapping_node-2] --> MAP did not converge after 1 iterations.
[gmrf_wind_mapping_node-2] [GMRF] MAP Mean value estimated in 10.2586 milliseconds
[gmrf_wind_mapping_node-2] --> MAP did not converge after 1 iterations.
[gmrf_wind_mapping_node-2] [GMRF] MAP Mean value estimated in 10.2606 milliseconds
[gmrf_wind_mapping_node-2] --> MAP did not converge after 1 iterations.
[gmrf_wind_mapping_node-2] [GMRF] MAP Mean value estimated in 10.2595 milliseconds
[gmrf_wind_mapping_node-2] --> MAP did not converge after 1 iterations.
[gmrf_wind_mapping_node-2] [GMRF] MAP Mean value estimated in 10.2594 milliseconds
[gmrf_wind_mapping_node-2] --> MAP did not converge after 1 iterations.
[gmrf_wind_mapping_node-2] [GMRF] MAP Mean value estimated in 10.2582 milliseconds
[gmrf_wind_mapping_node-2] --> MAP did not converge after 1 iterations.
[gmrf_wind_mapping_node-2] [GMRF] MAP Mean value estimated in 10.2574 milliseconds
[gmrf_wind_mapping_node-2] --> MAP did not converge after 1 iterations.
[gmrf_wind_mapping_node-2] [GMRF] MAP Mean value estimated in 10.2566 milliseconds
[gmrf_wind_mapping_node-2] --> MAP did not converge after 1 iterations.
[gmrf_wind_mapping_node-2] [GMRF] MAP Mean value estimated in 10.2554 milliseconds
[gmrf_wind_mapping_node-2] --> MAP did not converge after 1 iterations.
[gmrf_wind_mapping_node-2] [GMRF] MAP Mean value estimated in 10.2564 milliseconds
[gmrf_wind_mapping_node-2] --> MAP did not converge after 1 iterations.
[gmrf_wind_mapping_node-2] [GMRF] MAP Mean value estimated in 10.2581 milliseconds
[gmrf_wind_mapping_node-2] --> MAP did not converge after 1 iterations.
[gmrf_wind_mapping_node-2] [GMRF] MAP Mean value estimated in 10.2577 milliseconds
[gmrf_wind_mapping_node-2] --> MAP did not converge after 1 iterations.
[gmrf_wind_mapping_node-2] [GMRF] MAP Mean value estimated in 10.2586 milliseconds
[gmrf_wind_mapping_node-2] --> MAP did not converge after 1 iterations.
[gmrf_wind_mapping_node-2] [GMRF] MAP Mean value estimated in 10.2582 milliseconds
[gmrf_wind_mapping_node-2] --> MAP did not converge after 1 iterations.
[gmrf_wind_mapping_node-2] [GMRF] MAP Mean value estimated in 10.2602 milliseconds
[gmrf_wind_mapping_node-2] --> MAP did not converge after 1 iterations.
[gmrf_wind_mapping_node-2] [GMRF] MAP Mean value estimated in 10.2608 milliseconds
[gmrf_wind_mapping_node-2] --> MAP did not converge after 1 iterations.
[gmrf_wind_mapping_node-2] [GMRF] MAP Mean value estimated in 10.2622 milliseconds
[gmrf_wind_mapping_node-2] --> MAP did not converge after 1 iterations.
[gmrf_wind_mapping_node-2] [GMRF] MAP Mean value estimated in 10.2614 milliseconds
[gmrf_wind_mapping_node-2] --> MAP did not converge after 1 iterations.
[gmrf_wind_mapping_node-2] [GMRF] MAP Mean value estimated in 10.2638 milliseconds
[gmrf_wind_mapping_node-2] --> MAP did not converge after 1 iterations.
[gmrf_wind_mapping_node-2] [GMRF] MAP Mean value estimated in 10.2644 milliseconds
[gmrf_wind_mapping_node-2] --> MAP did not converge after 1 iterations.
[gmrf_wind_mapping_node-2] [GMRF] MAP Mean value estimated in 10.2639 milliseconds
[gmrf_wind_mapping_node-2] --> MAP did not converge after 1 iterations.
[gmrf_wind_mapping_node-2] [GMRF] MAP Mean value estimated in 10.2631 milliseconds
[gmrf_wind_mapping_node-2] --> MAP did not converge after 1 iterations.
[gmrf_wind_mapping_node-2] [GMRF] MAP Mean value estimated in 10.2644 milliseconds
[gmrf_wind_mapping_node-2] --> MAP did not converge after 1 iterations.
[gmrf_wind_mapping_node-2] [GMRF] MAP Mean value estimated in 10.2636 milliseconds
[gmrf_wind_mapping_node-2] --> MAP did not converge after 1 iterations.
[gmrf_wind_mapping_node-2] [GMRF] MAP Mean value estimated in 10.265 milliseconds
[gmrf_wind_mapping_node-2] --> MAP did not converge after 1 iterations.
[gmrf_wind_mapping_node-2] [GMRF] MAP Mean value estimated in 10.2642 milliseconds
[gmrf_wind_mapping_node-2] --> MAP did not converge after 1 iterations.
[gmrf_wind_mapping_node-2] [GMRF] MAP Mean value estimated in 10.2662 milliseconds
[gmrf_wind_mapping_node-2] --> MAP did not converge after 1 iterations.
[gmrf_wind_mapping_node-2] [GMRF] MAP Mean value estimated in 10.2654 milliseconds
[gmrf_wind_mapping_node-2] --> MAP did not converge after 1 iterations.
[gmrf_wind_mapping_node-2] [GMRF] MAP Mean value estimated in 10.2667 milliseconds
[gmrf_wind_mapping_node-2] --> MAP did not converge after 1 iterations.
[gmrf_wind_mapping_node-2] [GMRF] MAP Mean value estimated in 10.267 milliseconds
[gmrf_wind_mapping_node-2] --> MAP did not converge after 1 iterations.
[gmrf_wind_mapping_node-2] [GMRF] MAP Mean value estimated in 10.2665 milliseconds
[gmrf_wind_mapping_node-2] --> MAP did not converge after 1 iterations.
[gmrf_wind_mapping_node-2] [GMRF] MAP Mean value estimated in 10.2682 milliseconds
[gmrf_wind_mapping_node-2] --> MAP did not converge after 1 iterations.
[gmrf_wind_mapping_node-2] [GMRF] MAP Mean value estimated in 10.2702 milliseconds
[gmrf_wind_mapping_node-2] --> MAP did not converge after 1 iterations.
[gmrf_wind_mapping_node-2] [GMRF] MAP Mean value estimated in 10.2715 milliseconds
[gmrf_wind_mapping_node-2] --> MAP did not converge after 1 iterations.
[gmrf_wind_mapping_node-2] [GMRF] MAP Mean value estimated in 10.2729 milliseconds
[gmrf_wind_mapping_node-2] --> MAP did not converge after 1 iterations.
[gmrf_wind_mapping_node-2] [GMRF] MAP Mean value estimated in 10.2742 milliseconds
[gmrf_wind_mapping_node-2] --> MAP did not converge after 1 iterations.
[gmrf_wind_mapping_node-2] [GMRF] MAP Mean value estimated in 10.2737 milliseconds
[gmrf_wind_mapping_node-2] --> MAP did not converge after 1 iterations.
[gmrf_wind_mapping_node-2] [GMRF] MAP Mean value estimated in 10.2736 milliseconds
[gmrf_wind_mapping_node-2] --> MAP did not converge after 1 iterations.
[gmrf_wind_mapping_node-2] [GMRF] MAP Mean value estimated in 10.2749 milliseconds
[gmrf_wind_mapping_node-2] --> MAP did not converge after 1 iterations.
[gmrf_wind_mapping_node-2] [GMRF] MAP Mean value estimated in 10.2759 milliseconds
[gmrf_wind_mapping_node-2] --> MAP did not converge after 1 iterations.
[gmrf_wind_mapping_node-2] [GMRF] MAP Mean value estimated in 10.2754 milliseconds
[gmrf_wind_mapping_node-2] --> MAP did not converge after 1 iterations.
[gmrf_wind_mapping_node-2] [GMRF] MAP Mean value estimated in 10.2757 milliseconds
[gmrf_wind_mapping_node-2] --> MAP did not converge after 1 iterations.
[gmrf_wind_mapping_node-2] [GMRF] MAP Mean value estimated in 10.2767 milliseconds
[gmrf_wind_mapping_node-2] --> MAP did not converge after 1 iterations.
[gmrf_wind_mapping_node-2] [GMRF] MAP Mean value estimated in 10.2773 milliseconds
[gmrf_wind_mapping_node-2] --> MAP did not converge after 1 iterations.
[gmrf_wind_mapping_node-2] [GMRF] MAP Mean value estimated in 10.2779 milliseconds
[gmrf_wind_mapping_node-2] --> MAP did not converge after 1 iterations.
[gmrf_wind_mapping_node-2] [GMRF] MAP Mean value estimated in 10.2788 milliseconds
[gmrf_wind_mapping_node-2] --> MAP did not converge after 1 iterations.
[gmrf_wind_mapping_node-2] [GMRF] MAP Mean value estimated in 10.2794 milliseconds
[gmrf_wind_mapping_node-2] [INFO] [1788859199.727969020] [rclcpp]: signal_handler(signum=2)
[INFO] [gmrf_wind_mapping_node-2]: process has finished cleanly [pid 42457]
[INFO] [vgr_sim_node-1]: process has finished cleanly [pid 42455]
