[INFO] [launch]: All log files can be found below /mnt/hgfs/workspace/M1R_V41_INSTRUMENTED_DEV_REPLICATION_20260912/H02_seed12_M1R/ros_log/2026-09-12-21-51-32-924245-zyc-virtual-machine-31257
[INFO] [launch]: Default logging verbosity is set to INFO
[INFO] [vgr_sim_node-1]: process started with pid [31272]
[INFO] [gmrf_wind_mapping_node-2]: process started with pid [31274]
[gmrf_wind_mapping_node-2] 
[gmrf_wind_mapping_node-2] =================================================================
[gmrf_wind_mapping_node-2] =	        GMRF Wind-Distribution Mapping ROS2 Node              =
[gmrf_wind_mapping_node-2] =================================================================
[gmrf_wind_mapping_node-2] [GMRF_MAP] Generating GMRF for 2D WIND estimation...
[gmrf_wind_mapping_node-2] [CGMRF] Initialization Complete: 11216 factors for a map size of 2N=2240 nodes
[gmrf_wind_mapping_node-2] [INFO] [1789221097.080799243] [gmrf]: [GMRF-node] GMRF Initialized
[gmrf_wind_mapping_node-2] [INFO] [1789221097.087848922] [gmrf]: [gmrf-wind] MAIN LOOP....
[gmrf_wind_mapping_node-2] --> MAP did not converge after 1 iterations.
[gmrf_wind_mapping_node-2] [GMRF] MAP Mean value estimated in 11 milliseconds
[gmrf_wind_mapping_node-2] --> MAP did not converge after 1 iterations.
[gmrf_wind_mapping_node-2] [GMRF] MAP Mean value estimated in 10.5 milliseconds
[gmrf_wind_mapping_node-2] --> MAP did not converge after 1 iterations.
[gmrf_wind_mapping_node-2] [GMRF] MAP Mean value estimated in 9.33333 milliseconds
[gmrf_wind_mapping_node-2] --> MAP did not converge after 1 iterations.
[gmrf_wind_mapping_node-2] [GMRF] MAP Mean value estimated in 8.75 milliseconds
[vgr_sim_node-1] [WARN] [1789221097.485418319] [rcl.logging_rosout]: Publisher already registered for provided node name. If this is due to multiple nodes with the same name then all logs for that logger name will go out over the existing publisher. As soon as any node with that name is destructed it will unregister the publisher, preventing any further logs for that name from being published on the rosout topic.
[gmrf_wind_mapping_node-2] --> MAP did not converge after 1 iterations.
[gmrf_wind_mapping_node-2] [GMRF] MAP Mean value estimated in 8.4 milliseconds
[gmrf_wind_mapping_node-2] --> MAP did not converge after 1 iterations.
[gmrf_wind_mapping_node-2] [GMRF] MAP Mean value estimated in 9.16667 milliseconds
[gmrf_wind_mapping_node-2] --> MAP did not converge after 1 iterations.
[gmrf_wind_mapping_node-2] [GMRF] MAP Mean value estimated in 9.57143 milliseconds
[vgr_sim_node-1] [INFO] [1789221097.772856025] [vgr_uav_sim]: Loading VGR data from /mnt/hgfs/workspace/GADEN_files/scenarios/House02, config=3,5-1_fast
[gmrf_wind_mapping_node-2] --> MAP did not converge after 1 iterations.
[gmrf_wind_mapping_node-2] [GMRF] MAP Mean value estimated in 9.25 milliseconds
[vgr_sim_node-1] [INFO] [1789221097.818482774] [vgr_uav_sim]: Occupancy: 83x119 slice z_idx=13 (z=0.3m), free=6811, obstacle=3066, input_sha256=9402690152be4568ced8f2256e9098d82691aaaa1f22a1887eeac55d0e5d098d
[gmrf_wind_mapping_node-2] --> MAP did not converge after 1 iterations.
[gmrf_wind_mapping_node-2] [GMRF] MAP Mean value estimated in 9 milliseconds
[vgr_sim_node-1] [INFO] [1789221097.976342501] [vgr_uav_sim]: Gas backend=gaden_player service=/frame_query
[vgr_sim_node-1] [INFO] [1789221097.976722279] [vgr_uav_sim]: GADEN realization=FilamentSimulation_gasType_10_sourcePosition_0.00_-1.00_0.20, max_iteration=1999
[vgr_sim_node-1] [INFO] [1789221097.997480210] [vgr_uav_sim]: Sensor-safe occupancy intersection: 83x119 min=[-5.39273, -7.45088] max=[2.9072700000000005, 4.449120000000001]
[vgr_sim_node-1] [INFO] [1789221098.000564272] [vgr_uav_sim]: Navigation grid: coarse 27x39 cell=0.3000 free=643 obstacle=410 (reduce_scale=3)
[gmrf_wind_mapping_node-2] --> MAP did not converge after 1 iterations.
[gmrf_wind_mapping_node-2] [GMRF] MAP Mean value estimated in 8.7 milliseconds
[vgr_sim_node-1] [INFO] [1789221098.032446674] [vgr_uav_sim]: UAV Sim v3 ready. Start=(-0.5,-2.5), sim_dt=0.200s, realtime_factor=1.00, sensor=asymmetric, vertical_motion=False, open_loop_profile=hover
[gmrf_wind_mapping_node-2] --> MAP did not converge after 1 iterations.
[gmrf_wind_mapping_node-2] [GMRF] MAP Mean value estimated in 9.18182 milliseconds
[gmrf_wind_mapping_node-2] --> MAP did not converge after 1 iterations.
[gmrf_wind_mapping_node-2] [GMRF] MAP Mean value estimated in 9.25 milliseconds
[gmrf_wind_mapping_node-2] --> MAP did not converge after 1 iterations.
[gmrf_wind_mapping_node-2] [GMRF] MAP Mean value estimated in 9.38462 milliseconds
[gmrf_wind_mapping_node-2] --> MAP did not converge after 1 iterations.
[gmrf_wind_mapping_node-2] [GMRF] MAP Mean value estimated in 9.64286 milliseconds
[gmrf_wind_mapping_node-2] --> MAP did not converge after 1 iterations.
[gmrf_wind_mapping_node-2] [GMRF] MAP Mean value estimated in 9.8 milliseconds
[gmrf_wind_mapping_node-2] --> MAP did not converge after 1 iterations.
[gmrf_wind_mapping_node-2] [GMRF] MAP Mean value estimated in 10.0625 milliseconds
[gmrf_wind_mapping_node-2] --> MAP did not converge after 1 iterations.
[gmrf_wind_mapping_node-2] [GMRF] MAP Mean value estimated in 9.88235 milliseconds
[gmrf_wind_mapping_node-2] --> MAP did not converge after 1 iterations.
[gmrf_wind_mapping_node-2] [GMRF] MAP Mean value estimated in 9.83333 milliseconds
[gmrf_wind_mapping_node-2] --> MAP did not converge after 1 iterations.
[gmrf_wind_mapping_node-2] [GMRF] MAP Mean value estimated in 9.68421 milliseconds
[gmrf_wind_mapping_node-2] --> MAP did not converge after 1 iterations.
[gmrf_wind_mapping_node-2] [GMRF] MAP Mean value estimated in 9.75 milliseconds
[gmrf_wind_mapping_node-2] --> MAP did not converge after 1 iterations.
[gmrf_wind_mapping_node-2] [GMRF] MAP Mean value estimated in 10 milliseconds
[gmrf_wind_mapping_node-2] --> MAP did not converge after 1 iterations.
[gmrf_wind_mapping_node-2] [GMRF] MAP Mean value estimated in 10.1818 milliseconds
[gmrf_wind_mapping_node-2] --> MAP did not converge after 1 iterations.
[gmrf_wind_mapping_node-2] [GMRF] MAP Mean value estimated in 10.3913 milliseconds
[gmrf_wind_mapping_node-2] --> MAP did not converge after 1 iterations.
[gmrf_wind_mapping_node-2] [GMRF] MAP Mean value estimated in 10.3333 milliseconds
[gmrf_wind_mapping_node-2] --> MAP did not converge after 1 iterations.
[gmrf_wind_mapping_node-2] [GMRF] MAP Mean value estimated in 10.48 milliseconds
[gmrf_wind_mapping_node-2] --> MAP did not converge after 1 iterations.
[gmrf_wind_mapping_node-2] [GMRF] MAP Mean value estimated in 10.5769 milliseconds
[gmrf_wind_mapping_node-2] --> MAP did not converge after 1 iterations.
[gmrf_wind_mapping_node-2] [GMRF] MAP Mean value estimated in 10.5926 milliseconds
[gmrf_wind_mapping_node-2] --> MAP did not converge after 1 iterations.
[gmrf_wind_mapping_node-2] [GMRF] MAP Mean value estimated in 10.4643 milliseconds
[gmrf_wind_mapping_node-2] --> MAP did not converge after 1 iterations.
[gmrf_wind_mapping_node-2] [GMRF] MAP Mean value estimated in 10.5172 milliseconds
[gmrf_wind_mapping_node-2] --> MAP did not converge after 1 iterations.
[gmrf_wind_mapping_node-2] [GMRF] MAP Mean value estimated in 10.7 milliseconds
[gmrf_wind_mapping_node-2] --> MAP did not converge after 1 iterations.
[gmrf_wind_mapping_node-2] [GMRF] MAP Mean value estimated in 10.5806 milliseconds
[gmrf_wind_mapping_node-2] --> MAP did not converge after 1 iterations.
[gmrf_wind_mapping_node-2] [GMRF] MAP Mean value estimated in 10.4688 milliseconds
[gmrf_wind_mapping_node-2] --> MAP did not converge after 1 iterations.
[gmrf_wind_mapping_node-2] [GMRF] MAP Mean value estimated in 10.3636 milliseconds
[gmrf_wind_mapping_node-2] --> MAP did not converge after 1 iterations.
[gmrf_wind_mapping_node-2] [GMRF] MAP Mean value estimated in 10.3529 milliseconds
[gmrf_wind_mapping_node-2] --> MAP did not converge after 1 iterations.
[gmrf_wind_mapping_node-2] [GMRF] MAP Mean value estimated in 10.5143 milliseconds
[gmrf_wind_mapping_node-2] --> MAP did not converge after 1 iterations.
[gmrf_wind_mapping_node-2] [GMRF] MAP Mean value estimated in 10.6389 milliseconds
[gmrf_wind_mapping_node-2] --> MAP did not converge after 1 iterations.
[gmrf_wind_mapping_node-2] [GMRF] MAP Mean value estimated in 10.7568 milliseconds
[gmrf_wind_mapping_node-2] --> MAP did not converge after 1 iterations.
[gmrf_wind_mapping_node-2] [GMRF] MAP Mean value estimated in 10.8158 milliseconds
[gmrf_wind_mapping_node-2] --> MAP did not converge after 1 iterations.
[gmrf_wind_mapping_node-2] [GMRF] MAP Mean value estimated in 10.8718 milliseconds
[gmrf_wind_mapping_node-2] --> MAP did not converge after 1 iterations.
[gmrf_wind_mapping_node-2] [GMRF] MAP Mean value estimated in 10.975 milliseconds
[gmrf_wind_mapping_node-2] --> MAP did not converge after 1 iterations.
[gmrf_wind_mapping_node-2] [GMRF] MAP Mean value estimated in 10.9756 milliseconds
[gmrf_wind_mapping_node-2] --> MAP did not converge after 1 iterations.
[gmrf_wind_mapping_node-2] [GMRF] MAP Mean value estimated in 10.9524 milliseconds
[gmrf_wind_mapping_node-2] --> MAP did not converge after 1 iterations.
[gmrf_wind_mapping_node-2] [GMRF] MAP Mean value estimated in 11 milliseconds
[gmrf_wind_mapping_node-2] --> MAP did not converge after 1 iterations.
[gmrf_wind_mapping_node-2] [GMRF] MAP Mean value estimated in 11.0455 milliseconds
[gmrf_wind_mapping_node-2] --> MAP did not converge after 1 iterations.
[gmrf_wind_mapping_node-2] [GMRF] MAP Mean value estimated in 10.9778 milliseconds
[gmrf_wind_mapping_node-2] --> MAP did not converge after 1 iterations.
[gmrf_wind_mapping_node-2] [GMRF] MAP Mean value estimated in 11 milliseconds
[gmrf_wind_mapping_node-2] --> MAP did not converge after 1 iterations.
[gmrf_wind_mapping_node-2] [GMRF] MAP Mean value estimated in 11.0638 milliseconds
[gmrf_wind_mapping_node-2] --> MAP did not converge after 1 iterations.
[gmrf_wind_mapping_node-2] [GMRF] MAP Mean value estimated in 11.0625 milliseconds
[gmrf_wind_mapping_node-2] --> MAP did not converge after 1 iterations.
[gmrf_wind_mapping_node-2] [GMRF] MAP Mean value estimated in 11.102 milliseconds
[gmrf_wind_mapping_node-2] --> MAP did not converge after 1 iterations.
[gmrf_wind_mapping_node-2] [GMRF] MAP Mean value estimated in 11.18 milliseconds
[INFO] [gsl_actionserver_node-3]: process started with pid [31308]
[INFO] [gsl_benchmark_runner-4]: process started with pid [31310]
[gmrf_wind_mapping_node-2] --> MAP did not converge after 1 iterations.
[gmrf_wind_mapping_node-2] [GMRF] MAP Mean value estimated in 11.098 milliseconds
[gsl_actionserver_node-3] [INFO] [1789221102.121667361] [GSL]: Starting GSL server
[gmrf_wind_mapping_node-2] --> MAP did not converge after 1 iterations.
[gmrf_wind_mapping_node-2] [GMRF] MAP Mean value estimated in 11.0192 milliseconds
[gmrf_wind_mapping_node-2] --> MAP did not converge after 1 iterations.
[gmrf_wind_mapping_node-2] [GMRF] MAP Mean value estimated in 10.9434 milliseconds
[gmrf_wind_mapping_node-2] --> MAP did not converge after 1 iterations.
[gmrf_wind_mapping_node-2] [GMRF] MAP Mean value estimated in 10.8519 milliseconds
[gmrf_wind_mapping_node-2] --> MAP did not converge after 1 iterations.
[gmrf_wind_mapping_node-2] [GMRF] MAP Mean value estimated in 10.9273 milliseconds
[gmrf_wind_mapping_node-2] --> MAP did not converge after 1 iterations.
[gmrf_wind_mapping_node-2] [GMRF] MAP Mean value estimated in 10.9643 milliseconds
[gmrf_wind_mapping_node-2] --> MAP did not converge after 1 iterations.
[gmrf_wind_mapping_node-2] [GMRF] MAP Mean value estimated in 11.0351 milliseconds
[gmrf_wind_mapping_node-2] --> MAP did not converge after 1 iterations.
[gmrf_wind_mapping_node-2] [GMRF] MAP Mean value estimated in 11 milliseconds
[gmrf_wind_mapping_node-2] --> MAP did not converge after 1 iterations.
[gmrf_wind_mapping_node-2] [GMRF] MAP Mean value estimated in 10.9322 milliseconds
[gmrf_wind_mapping_node-2] --> MAP did not converge after 1 iterations.
[gmrf_wind_mapping_node-2] [GMRF] MAP Mean value estimated in 10.9333 milliseconds
[gmrf_wind_mapping_node-2] --> MAP did not converge after 1 iterations.
[gmrf_wind_mapping_node-2] [GMRF] MAP Mean value estimated in 10.9344 milliseconds
[gmrf_wind_mapping_node-2] --> MAP did not converge after 1 iterations.
[gmrf_wind_mapping_node-2] [GMRF] MAP Mean value estimated in 10.9839 milliseconds
[gmrf_wind_mapping_node-2] --> MAP did not converge after 1 iterations.
[gmrf_wind_mapping_node-2] [GMRF] MAP Mean value estimated in 11.0159 milliseconds
[gmrf_wind_mapping_node-2] --> MAP did not converge after 1 iterations.
[gmrf_wind_mapping_node-2] [GMRF] MAP Mean value estimated in 11.0156 milliseconds
[gmrf_wind_mapping_node-2] --> MAP did not converge after 1 iterations.
[gmrf_wind_mapping_node-2] [GMRF] MAP Mean value estimated in 11.0615 milliseconds
[gmrf_wind_mapping_node-2] --> MAP did not converge after 1 iterations.
[gmrf_wind_mapping_node-2] [GMRF] MAP Mean value estimated in 11.1061 milliseconds
[gmrf_wind_mapping_node-2] --> MAP did not converge after 1 iterations.
[gmrf_wind_mapping_node-2] [GMRF] MAP Mean value estimated in 11.1045 milliseconds
[gmrf_wind_mapping_node-2] --> MAP did not converge after 1 iterations.
[gmrf_wind_mapping_node-2] [GMRF] MAP Mean value estimated in 11.0882 milliseconds
[gmrf_wind_mapping_node-2] --> MAP did not converge after 1 iterations.
[gmrf_wind_mapping_node-2] [GMRF] MAP Mean value estimated in 11.058 milliseconds
[gmrf_wind_mapping_node-2] --> MAP did not converge after 1 iterations.
[gmrf_wind_mapping_node-2] [GMRF] MAP Mean value estimated in 11.0571 milliseconds
[gmrf_wind_mapping_node-2] --> MAP did not converge after 1 iterations.
[gmrf_wind_mapping_node-2] [GMRF] MAP Mean value estimated in 11.0423 milliseconds
[gmrf_wind_mapping_node-2] --> MAP did not converge after 1 iterations.
[gmrf_wind_mapping_node-2] [GMRF] MAP Mean value estimated in 11.0556 milliseconds
[gmrf_wind_mapping_node-2] --> MAP did not converge after 1 iterations.
[gmrf_wind_mapping_node-2] [GMRF] MAP Mean value estimated in 11.0959 milliseconds
[gmrf_wind_mapping_node-2] --> MAP did not converge after 1 iterations.
[gmrf_wind_mapping_node-2] [GMRF] MAP Mean value estimated in 11.0946 milliseconds
[gmrf_wind_mapping_node-2] --> MAP did not converge after 1 iterations.
[gmrf_wind_mapping_node-2] [GMRF] MAP Mean value estimated in 11.1067 milliseconds
[gmrf_wind_mapping_node-2] --> MAP did not converge after 1 iterations.
[gmrf_wind_mapping_node-2] [GMRF] MAP Mean value estimated in 11.1316 milliseconds
[gmrf_wind_mapping_node-2] --> MAP did not converge after 1 iterations.
[gmrf_wind_mapping_node-2] [GMRF] MAP Mean value estimated in 11.1299 milliseconds
[gmrf_wind_mapping_node-2] --> MAP did not converge after 1 iterations.
[gmrf_wind_mapping_node-2] [GMRF] MAP Mean value estimated in 11.1538 milliseconds
[gmrf_wind_mapping_node-2] --> MAP did not converge after 1 iterations.
[gmrf_wind_mapping_node-2] [GMRF] MAP Mean value estimated in 11.1646 milliseconds
[INFO] [ros2-5]: process started with pid [31336]
[gmrf_wind_mapping_node-2] --> MAP did not converge after 1 iterations.
[gmrf_wind_mapping_node-2] [GMRF] MAP Mean value estimated in 11.1875 milliseconds
[gmrf_wind_mapping_node-2] --> MAP did not converge after 1 iterations.
[gmrf_wind_mapping_node-2] [GMRF] MAP Mean value estimated in 11.1358 milliseconds
[gmrf_wind_mapping_node-2] --> MAP did not converge after 1 iterations.
[gmrf_wind_mapping_node-2] [GMRF] MAP Mean value estimated in 11.0732 milliseconds
[gmrf_wind_mapping_node-2] --> MAP did not converge after 1 iterations.
[gmrf_wind_mapping_node-2] [GMRF] MAP Mean value estimated in 11.0482 milliseconds
[gmrf_wind_mapping_node-2] --> MAP did not converge after 1 iterations.
[gmrf_wind_mapping_node-2] [GMRF] MAP Mean value estimated in 11 milliseconds
[gmrf_wind_mapping_node-2] --> MAP did not converge after 1 iterations.
[gmrf_wind_mapping_node-2] [GMRF] MAP Mean value estimated in 11.0471 milliseconds
[gmrf_wind_mapping_node-2] --> MAP did not converge after 1 iterations.
[gmrf_wind_mapping_node-2] [GMRF] MAP Mean value estimated in 11.0698 milliseconds
[gmrf_wind_mapping_node-2] --> MAP did not converge after 1 iterations.
[gmrf_wind_mapping_node-2] [GMRF] MAP Mean value estimated in 11.092 milliseconds
[ros2-5] requester: making request: std_srvs.srv.Trigger_Request()
[ros2-5] 
[ros2-5] response:
[ros2-5] std_srvs.srv.Trigger_Response(success=True, message='started at step=0, t_sim=0.000000')
[ros2-5] 
[gmrf_wind_mapping_node-2] --> MAP did not converge after 1 iterations.
[gmrf_wind_mapping_node-2] [GMRF] MAP Mean value estimated in 11.0455 milliseconds
[gmrf_wind_mapping_node-2] --> MAP did not converge after 1 iterations.
[gmrf_wind_mapping_node-2] [GMRF] MAP Mean value estimated in 11.0225 milliseconds
[INFO] [ros2-5]: process has finished cleanly [pid 31336]
[gmrf_wind_mapping_node-2] --> MAP did not converge after 1 iterations.
[gmrf_wind_mapping_node-2] [GMRF] MAP Mean value estimated in 10.9667 milliseconds
[gmrf_wind_mapping_node-2] --> MAP did not converge after 1 iterations.
[gmrf_wind_mapping_node-2] [GMRF] MAP Mean value estimated in 10.9341 milliseconds
[gmrf_wind_mapping_node-2] --> MAP did not converge after 1 iterations.
[gmrf_wind_mapping_node-2] [GMRF] MAP Mean value estimated in 10.9674 milliseconds
[gmrf_wind_mapping_node-2] --> MAP did not converge after 1 iterations.
[gmrf_wind_mapping_node-2] [GMRF] MAP Mean value estimated in 10.9355 milliseconds
[gmrf_wind_mapping_node-2] --> MAP did not converge after 1 iterations.
[gmrf_wind_mapping_node-2] [GMRF] MAP Mean value estimated in 10.9362 milliseconds
[gmrf_wind_mapping_node-2] --> MAP did not converge after 1 iterations.
[gmrf_wind_mapping_node-2] [GMRF] MAP Mean value estimated in 10.9053 milliseconds
[gmrf_wind_mapping_node-2] --> MAP did not converge after 1 iterations.
[gmrf_wind_mapping_node-2] [GMRF] MAP Mean value estimated in 10.9271 milliseconds
[gmrf_wind_mapping_node-2] --> MAP did not converge after 1 iterations.
[gmrf_wind_mapping_node-2] [GMRF] MAP Mean value estimated in 10.8866 milliseconds
[gmrf_wind_mapping_node-2] --> MAP did not converge after 1 iterations.
[gmrf_wind_mapping_node-2] [GMRF] MAP Mean value estimated in 10.8776 milliseconds
[gmrf_wind_mapping_node-2] --> MAP did not converge after 1 iterations.
[gmrf_wind_mapping_node-2] [GMRF] MAP Mean value estimated in 10.8687 milliseconds
[gmrf_wind_mapping_node-2] --> MAP did not converge after 1 iterations.
[gmrf_wind_mapping_node-2] [GMRF] MAP Mean value estimated in 10.9 milliseconds
[gmrf_wind_mapping_node-2] --> MAP did not converge after 1 iterations.
[gmrf_wind_mapping_node-2] [GMRF] MAP Mean value estimated in 10.8911 milliseconds
[gsl_actionserver_node-3] [INFO] [1789221107.159682241] [GSL]: GSL action server is ready for action!
[gmrf_wind_mapping_node-2] --> MAP did not converge after 1 iterations.
[gmrf_wind_mapping_node-2] [GMRF] MAP Mean value estimated in 10.8627 milliseconds
[gmrf_wind_mapping_node-2] --> MAP did not converge after 1 iterations.
[gmrf_wind_mapping_node-2] [GMRF] MAP Mean value estimated in 10.8641 milliseconds
[gmrf_wind_mapping_node-2] --> MAP did not converge after 1 iterations.
[gmrf_wind_mapping_node-2] [GMRF] MAP Mean value estimated in 10.8558 milliseconds
[gmrf_wind_mapping_node-2] --> MAP did not converge after 1 iterations.
[gmrf_wind_mapping_node-2] [GMRF] MAP Mean value estimated in 10.8381 milliseconds
[gmrf_wind_mapping_node-2] --> MAP did not converge after 1 iterations.
[gmrf_wind_mapping_node-2] [GMRF] MAP Mean value estimated in 10.8208 milliseconds
[gmrf_wind_mapping_node-2] --> MAP did not converge after 1 iterations.
[gmrf_wind_mapping_node-2] [GMRF] MAP Mean value estimated in 10.8037 milliseconds
[gmrf_wind_mapping_node-2] --> MAP did not converge after 1 iterations.
[gmrf_wind_mapping_node-2] [GMRF] MAP Mean value estimated in 10.8056 milliseconds
[gmrf_wind_mapping_node-2] --> MAP did not converge after 1 iterations.
[gmrf_wind_mapping_node-2] [GMRF] MAP Mean value estimated in 10.7798 milliseconds
[gmrf_wind_mapping_node-2] --> MAP did not converge after 1 iterations.
[gmrf_wind_mapping_node-2] [GMRF] MAP Mean value estimated in 10.7455 milliseconds
[gmrf_wind_mapping_node-2] --> MAP did not converge after 1 iterations.
[gmrf_wind_mapping_node-2] [GMRF] MAP Mean value estimated in 10.7297 milliseconds
[gsl_actionserver_node-3] [INFO] [1789221108.160995602] [GSL]: [33mRequest received: PMFS[0m
[gmrf_wind_mapping_node-2] --> MAP did not converge after 1 iterations.
[gmrf_wind_mapping_node-2] [GMRF] MAP Mean value estimated in 10.7143 milliseconds
[gmrf_wind_mapping_node-2] --> MAP did not converge after 1 iterations.
[gmrf_wind_mapping_node-2] [GMRF] MAP Mean value estimated in 10.7168 milliseconds
[gmrf_wind_mapping_node-2] --> MAP did not converge after 1 iterations.
[gmrf_wind_mapping_node-2] [GMRF] MAP Mean value estimated in 10.693 milliseconds
[gmrf_wind_mapping_node-2] --> MAP did not converge after 1 iterations.
[gmrf_wind_mapping_node-2] [GMRF] MAP Mean value estimated in 10.6696 milliseconds
[gmrf_wind_mapping_node-2] --> MAP did not converge after 1 iterations.
[gmrf_wind_mapping_node-2] [GMRF] MAP Mean value estimated in 10.6897 milliseconds
[gmrf_wind_mapping_node-2] --> MAP did not converge after 1 iterations.
[gmrf_wind_mapping_node-2] [GMRF] MAP Mean value estimated in 10.6581 milliseconds
[gmrf_wind_mapping_node-2] --> MAP did not converge after 1 iterations.
[gmrf_wind_mapping_node-2] [GMRF] MAP Mean value estimated in 10.678 milliseconds
[gmrf_wind_mapping_node-2] --> MAP did not converge after 1 iterations.
[gmrf_wind_mapping_node-2] [GMRF] MAP Mean value estimated in 10.6639 milliseconds
[gmrf_wind_mapping_node-2] --> MAP did not converge after 1 iterations.
[gmrf_wind_mapping_node-2] [GMRF] MAP Mean value estimated in 10.6917 milliseconds
[gmrf_wind_mapping_node-2] --> MAP did not converge after 1 iterations.
[gmrf_wind_mapping_node-2] [GMRF] MAP Mean value estimated in 10.6694 milliseconds
[gsl_actionserver_node-3] [INFO] [1789221109.176230310] [GSL]: Waiting to hear from localization topic: /amcl_pose
[gsl_actionserver_node-3] [INFO] [1789221109.179812893] [GSL]: Gas sensor topic: '/PID/Sensor_reading'
[gsl_actionserver_node-3] [INFO] [1789221109.181023967] [GSL]: Wind sensor topic: '/Anemometer/WindSensor_reading'
[gsl_actionserver_node-3] [INFO] [1789221109.181078044] [GSL]: [34mINITIALIZATON COMPLETED[0m
[gmrf_wind_mapping_node-2] --> MAP did not converge after 1 iterations.
[gmrf_wind_mapping_node-2] [GMRF] MAP Mean value estimated in 10.6475 milliseconds
[gsl_actionserver_node-3] [INFO] [1789221109.206156737] [GSL - Trace]: [32mEntering WaitForMap[0m
[gsl_actionserver_node-3] [INFO] [1789221109.206193882] [GSL - Trace]: [32mNeed occupancy map and costmap[0m
[gsl_actionserver_node-3] [INFO] [1789221109.258485704] [GSL - Trace]: [32mGot occupancy map[0m
[gsl_actionserver_node-3] [INFO] [1789221109.258602096] [GSL]: 
[gsl_actionserver_node-3] --------------GSL---------------
[gsl_actionserver_node-3] Occupancy Map dimensions:
[gsl_actionserver_node-3] x_min:-5.4 x_max:2.9   -   y_min:-7.5 y_max:4.4
[gsl_actionserver_node-3] --------------------------------
[gsl_actionserver_node-3] [INFO] [1789221109.258793223] [GSL]: [MAP-DEBUG] 83x119 res=0.1000 free=6811 obs=3066 unk=0 origin=(-5.39,-7.45)
[gsl_actionserver_node-3] [INFO] [1789221109.261063521] [GSL - Trace]: [32mCreated grid[0m
[gsl_actionserver_node-3] [INFO] [1789221109.261091222] [GSL]: [DEBUG] After reduceOccupancyMap: free=643 obstacle=410 total=1053
[gsl_actionserver_node-3] [INFO] [1789221109.262062439] [GSL - Trace]: [32mPruned unreachable cells[0m
[gsl_actionserver_node-3] [INFO] [1789221109.262090873] [GSL]: [DEBUG] After PruneUnreachable: free=631 obstacle=422 total=1053
[gsl_actionserver_node-3] [INFO] [1789221109.262101272] [GSL]: [DEBUG] Grid dims: 27x39 scale=3 cellSize=0.3
[gsl_actionserver_node-3] [INFO] [1789221109.262110387] [GSL]: [DEBUG] Start pos: (-0.5, -2.5)
[gsl_actionserver_node-3] [INFO] [1789221109.268774760] [GSL - Trace]: [32mCreated visibility map[0m
[gsl_actionserver_node-3] [INFO] [1789221109.273785183] [GSL]: Number of cells after fusing quadtree: 62
[gsl_actionserver_node-3] [INFO] [1789221109.281574650] [GSL]: [DEBUG-WIND] useGroundTruth=false gmrf_req_size=631 gaden_req_size=-1
[gsl_actionserver_node-3] [INFO] [1789221109.281603496] [GSL]: [DEBUG-WIND] Taking GMRF path
[gsl_actionserver_node-3] [INFO] [1789221109.290905983] [GSL - Trace]: [32mEntering StopAndMeasure[0m
[gmrf_wind_mapping_node-2] --> MAP did not converge after 1 iterations.
[gmrf_wind_mapping_node-2] [GMRF] MAP Mean value estimated in 10.6179 milliseconds
[gmrf_wind_mapping_node-2] --> MAP did not converge after 1 iterations.
[gmrf_wind_mapping_node-2] [GMRF] MAP Mean value estimated in 10.5806 milliseconds
[gmrf_wind_mapping_node-2] --> MAP did not converge after 1 iterations.
[gmrf_wind_mapping_node-2] [GMRF] MAP Mean value estimated in 10.544 milliseconds
[gmrf_wind_mapping_node-2] --> MAP did not converge after 1 iterations.
[gmrf_wind_mapping_node-2] [GMRF] MAP Mean value estimated in 10.5159 milliseconds
[gmrf_wind_mapping_node-2] --> MAP did not converge after 1 iterations.
[gmrf_wind_mapping_node-2] [GMRF] MAP Mean value estimated in 10.4803 milliseconds
[gmrf_wind_mapping_node-2] --> MAP did not converge after 1 iterations.
[gmrf_wind_mapping_node-2] [GMRF] MAP Mean value estimated in 10.4531 milliseconds
[gmrf_wind_mapping_node-2] --> MAP did not converge after 1 iterations.
[gmrf_wind_mapping_node-2] [GMRF] MAP Mean value estimated in 10.4186 milliseconds
[gmrf_wind_mapping_node-2] --> MAP did not converge after 1 iterations.
[gmrf_wind_mapping_node-2] [GMRF] MAP Mean value estimated in 10.3846 milliseconds
[gsl_actionserver_node-3] [INFO] [1789221110.058263178] [GSL - Trace]: [32mGot cost map[0m
[gmrf_wind_mapping_node-2] --> MAP did not converge after 1 iterations.
[gmrf_wind_mapping_node-2] [GMRF] MAP Mean value estimated in 10.3588 milliseconds
[gmrf_wind_mapping_node-2] --> MAP did not converge after 1 iterations.
[gmrf_wind_mapping_node-2] [GMRF] MAP Mean value estimated in 10.3258 milliseconds
[gmrf_wind_mapping_node-2] --> MAP did not converge after 1 iterations.
[gmrf_wind_mapping_node-2] [GMRF] MAP Mean value estimated in 10.3008 milliseconds
[gmrf_wind_mapping_node-2] --> MAP did not converge after 1 iterations.
[gmrf_wind_mapping_node-2] [GMRF] MAP Mean value estimated in 10.2836 milliseconds
[gmrf_wind_mapping_node-2] --> MAP did not converge after 1 iterations.
[gmrf_wind_mapping_node-2] [GMRF] MAP Mean value estimated in 10.2741 milliseconds
[gmrf_wind_mapping_node-2] --> MAP did not converge after 1 iterations.
[gmrf_wind_mapping_node-2] [GMRF] MAP Mean value estimated in 10.2721 milliseconds
[gmrf_wind_mapping_node-2] --> MAP did not converge after 1 iterations.
[gmrf_wind_mapping_node-2] [GMRF] MAP Mean value estimated in 10.2628 milliseconds
[gmrf_wind_mapping_node-2] --> MAP did not converge after 1 iterations.
[gmrf_wind_mapping_node-2] [GMRF] MAP Mean value estimated in 10.2391 milliseconds
[gmrf_wind_mapping_node-2] --> MAP did not converge after 1 iterations.
[gmrf_wind_mapping_node-2] [GMRF] MAP Mean value estimated in 10.259 milliseconds
[gmrf_wind_mapping_node-2] --> MAP did not converge after 1 iterations.
[gmrf_wind_mapping_node-2] [GMRF] MAP Mean value estimated in 10.2786 milliseconds
[gmrf_wind_mapping_node-2] --> MAP did not converge after 1 iterations.
[gmrf_wind_mapping_node-2] [GMRF] MAP Mean value estimated in 10.2553 milliseconds
[gmrf_wind_mapping_node-2] --> MAP did not converge after 1 iterations.
[gmrf_wind_mapping_node-2] [GMRF] MAP Mean value estimated in 10.2394 milliseconds
[gmrf_wind_mapping_node-2] --> MAP did not converge after 1 iterations.
[gmrf_wind_mapping_node-2] [GMRF] MAP Mean value estimated in 10.2168 milliseconds
[gsl_actionserver_node-3] [INFO] [1789221111.308329546] [GSL]: 10 gas measurements, 10 wind measurements over 2.02 seconds
[gsl_actionserver_node-3] [INFO] [1789221111.308640241] [GSL]: avg_gas=0.37;  avg_windSpeed=0.022;  avg_wind_dir=-3
[gsl_actionserver_node-3] [INFO] [1789221111.309231872] [GSL]: [33mGAS HIT[0m
[gsl_actionserver_node-3] [INFO] [1789221111.309242268] [GSL]: [DEBUG-WIND] useGroundTruth=false gmrf_req_size=631 gaden_req_size=-1
[gsl_actionserver_node-3] [INFO] [1789221111.309249161] [GSL]: [DEBUG-WIND] Taking GMRF path
[gsl_actionserver_node-3] [INFO] [1789221111.388776937] [GSL - Trace]: [32mEntering StopAndMeasure[0m
[gmrf_wind_mapping_node-2] --> MAP did not converge after 1 iterations.
[gmrf_wind_mapping_node-2] [GMRF] MAP Mean value estimated in 10.1944 milliseconds
[gmrf_wind_mapping_node-2] --> MAP did not converge after 1 iterations.
[gmrf_wind_mapping_node-2] [GMRF] MAP Mean value estimated in 10.1724 milliseconds
[gmrf_wind_mapping_node-2] --> MAP did not converge after 1 iterations.
[gmrf_wind_mapping_node-2] [GMRF] MAP Mean value estimated in 10.1849 milliseconds
[gmrf_wind_mapping_node-2] --> MAP did not converge after 1 iterations.
[gmrf_wind_mapping_node-2] [GMRF] MAP Mean value estimated in 10.1769 milliseconds
[gmrf_wind_mapping_node-2] --> MAP did not converge after 1 iterations.
[gmrf_wind_mapping_node-2] [GMRF] MAP Mean value estimated in 10.1554 milliseconds
[gmrf_wind_mapping_node-2] --> MAP did not converge after 1 iterations.
[gmrf_wind_mapping_node-2] [GMRF] MAP Mean value estimated in 10.1477 milliseconds
[gmrf_wind_mapping_node-2] --> MAP did not converge after 1 iterations.
[gmrf_wind_mapping_node-2] [GMRF] MAP Mean value estimated in 10.16 milliseconds
[gmrf_wind_mapping_node-2] --> MAP did not converge after 1 iterations.
[gmrf_wind_mapping_node-2] [GMRF] MAP Mean value estimated in 10.1391 milliseconds
[gmrf_wind_mapping_node-2] --> MAP did not converge after 1 iterations.
[gmrf_wind_mapping_node-2] [GMRF] MAP Mean value estimated in 10.1382 milliseconds
[gmrf_wind_mapping_node-2] --> MAP did not converge after 1 iterations.
[gmrf_wind_mapping_node-2] [GMRF] MAP Mean value estimated in 10.1242 milliseconds
[gmrf_wind_mapping_node-2] --> MAP did not converge after 1 iterations.
[gmrf_wind_mapping_node-2] [GMRF] MAP Mean value estimated in 10.1104 milliseconds
[gmrf_wind_mapping_node-2] --> MAP did not converge after 1 iterations.
[gmrf_wind_mapping_node-2] [GMRF] MAP Mean value estimated in 10.1355 milliseconds
[gmrf_wind_mapping_node-2] --> MAP did not converge after 1 iterations.
[gmrf_wind_mapping_node-2] [GMRF] MAP Mean value estimated in 10.1474 milliseconds
[gmrf_wind_mapping_node-2] --> MAP did not converge after 1 iterations.
[gmrf_wind_mapping_node-2] [GMRF] MAP Mean value estimated in 10.1401 milliseconds
[gmrf_wind_mapping_node-2] --> MAP did not converge after 1 iterations.
[gmrf_wind_mapping_node-2] [GMRF] MAP Mean value estimated in 10.1519 milliseconds
[gmrf_wind_mapping_node-2] --> MAP did not converge after 1 iterations.
[gmrf_wind_mapping_node-2] [GMRF] MAP Mean value estimated in 10.1447 milliseconds
[gmrf_wind_mapping_node-2] --> MAP did not converge after 1 iterations.
[gmrf_wind_mapping_node-2] [GMRF] MAP Mean value estimated in 10.1687 milliseconds
[gmrf_wind_mapping_node-2] --> MAP did not converge after 1 iterations.
[gmrf_wind_mapping_node-2] [GMRF] MAP Mean value estimated in 10.1491 milliseconds
[gmrf_wind_mapping_node-2] --> MAP did not converge after 1 iterations.
[gmrf_wind_mapping_node-2] [GMRF] MAP Mean value estimated in 10.1235 milliseconds
[gsl_actionserver_node-3] [INFO] [1789221113.258276720] [GSL]: 10 gas measurements, 10 wind measurements over 1.87 seconds
[gsl_actionserver_node-3] [INFO] [1789221113.258328573] [GSL]: avg_gas=0.43;  avg_windSpeed=0.022;  avg_wind_dir=-3
[gsl_actionserver_node-3] [INFO] [1789221113.258928370] [GSL]: [33mGAS HIT[0m
[gsl_actionserver_node-3] [INFO] [1789221113.258938963] [GSL]: [DEBUG-WIND] useGroundTruth=false gmrf_req_size=631 gaden_req_size=-1
[gsl_actionserver_node-3] [INFO] [1789221113.258945907] [GSL]: [DEBUG-WIND] Taking GMRF path
[gsl_actionserver_node-3] [INFO] [1789221113.288901092] [GSL - Trace]: [32mEntering StopAndMeasure[0m
[gmrf_wind_mapping_node-2] --> MAP did not converge after 1 iterations.
[gmrf_wind_mapping_node-2] [GMRF] MAP Mean value estimated in 10.1104 milliseconds
[gmrf_wind_mapping_node-2] --> MAP did not converge after 1 iterations.
[gmrf_wind_mapping_node-2] [GMRF] MAP Mean value estimated in 10.0915 milliseconds
[gmrf_wind_mapping_node-2] --> MAP did not converge after 1 iterations.
[gmrf_wind_mapping_node-2] [GMRF] MAP Mean value estimated in 10.1212 milliseconds
[gmrf_wind_mapping_node-2] --> MAP did not converge after 1 iterations.
[gmrf_wind_mapping_node-2] [GMRF] MAP Mean value estimated in 10.1446 milliseconds
[gmrf_wind_mapping_node-2] --> MAP did not converge after 1 iterations.
[gmrf_wind_mapping_node-2] [GMRF] MAP Mean value estimated in 10.1437 milliseconds
[gmrf_wind_mapping_node-2] --> MAP did not converge after 1 iterations.
[gmrf_wind_mapping_node-2] [GMRF] MAP Mean value estimated in 10.131 milliseconds
[gmrf_wind_mapping_node-2] --> MAP did not converge after 1 iterations.
[gmrf_wind_mapping_node-2] [GMRF] MAP Mean value estimated in 10.1302 milliseconds
[gmrf_wind_mapping_node-2] --> MAP did not converge after 1 iterations.
[gmrf_wind_mapping_node-2] [GMRF] MAP Mean value estimated in 10.1471 milliseconds
[gmrf_wind_mapping_node-2] --> MAP did not converge after 1 iterations.
[gmrf_wind_mapping_node-2] [GMRF] MAP Mean value estimated in 10.1345 milliseconds
[gmrf_wind_mapping_node-2] --> MAP did not converge after 1 iterations.
[gmrf_wind_mapping_node-2] [GMRF] MAP Mean value estimated in 10.1163 milliseconds
[gmrf_wind_mapping_node-2] --> MAP did not converge after 1 iterations.
[gmrf_wind_mapping_node-2] [GMRF] MAP Mean value estimated in 10.1156 milliseconds
[gmrf_wind_mapping_node-2] --> MAP did not converge after 1 iterations.
[gmrf_wind_mapping_node-2] [GMRF] MAP Mean value estimated in 10.0977 milliseconds
[gmrf_wind_mapping_node-2] --> MAP did not converge after 1 iterations.
[gmrf_wind_mapping_node-2] [GMRF] MAP Mean value estimated in 10.1029 milliseconds
[gmrf_wind_mapping_node-2] --> MAP did not converge after 1 iterations.
[gmrf_wind_mapping_node-2] [GMRF] MAP Mean value estimated in 10.125 milliseconds
[gmrf_wind_mapping_node-2] --> MAP did not converge after 1 iterations.
[gmrf_wind_mapping_node-2] [GMRF] MAP Mean value estimated in 10.1073 milliseconds
[gmrf_wind_mapping_node-2] --> MAP did not converge after 1 iterations.
[gmrf_wind_mapping_node-2] [GMRF] MAP Mean value estimated in 10.1292 milliseconds
[gmrf_wind_mapping_node-2] --> MAP did not converge after 1 iterations.
[gmrf_wind_mapping_node-2] [GMRF] MAP Mean value estimated in 10.1229 milliseconds
[gmrf_wind_mapping_node-2] --> MAP did not converge after 1 iterations.
[gmrf_wind_mapping_node-2] [GMRF] MAP Mean value estimated in 10.1278 milliseconds
[gmrf_wind_mapping_node-2] --> MAP did not converge after 1 iterations.
[gmrf_wind_mapping_node-2] [GMRF] MAP Mean value estimated in 10.1105 milliseconds
[gmrf_wind_mapping_node-2] --> MAP did not converge after 1 iterations.
[gmrf_wind_mapping_node-2] [GMRF] MAP Mean value estimated in 10.0989 milliseconds
[gmrf_wind_mapping_node-2] --> MAP did not converge after 1 iterations.
[gmrf_wind_mapping_node-2] [GMRF] MAP Mean value estimated in 10.0765 milliseconds
[gsl_actionserver_node-3] [INFO] [1789221115.308430427] [GSL]: 10 gas measurements, 10 wind measurements over 2.02 seconds
[gsl_actionserver_node-3] [INFO] [1789221115.308790684] [GSL]: avg_gas=0.44;  avg_windSpeed=0.022;  avg_wind_dir=-3
[gsl_actionserver_node-3] [INFO] [1789221115.309393646] [GSL]: [33mGAS HIT[0m
[gsl_actionserver_node-3] [INFO] [1789221115.309403898] [GSL]: [DEBUG-WIND] useGroundTruth=false gmrf_req_size=631 gaden_req_size=-1
[gsl_actionserver_node-3] [INFO] [1789221115.309410801] [GSL]: [DEBUG-WIND] Taking GMRF path
[gsl_actionserver_node-3] [INFO] [1789221115.389025605] [GSL - Trace]: [32mEntering StopAndMeasure[0m
[gmrf_wind_mapping_node-2] --> MAP did not converge after 1 iterations.
[gmrf_wind_mapping_node-2] [GMRF] MAP Mean value estimated in 10.0598 milliseconds
[gmrf_wind_mapping_node-2] --> MAP did not converge after 1 iterations.
[gmrf_wind_mapping_node-2] [GMRF] MAP Mean value estimated in 10.0432 milliseconds
[gmrf_wind_mapping_node-2] --> MAP did not converge after 1 iterations.
[gmrf_wind_mapping_node-2] [GMRF] MAP Mean value estimated in 10.0269 milliseconds
[gmrf_wind_mapping_node-2] --> MAP did not converge after 1 iterations.
[gmrf_wind_mapping_node-2] [GMRF] MAP Mean value estimated in 10.0107 milliseconds
[gmrf_wind_mapping_node-2] --> MAP did not converge after 1 iterations.
[gmrf_wind_mapping_node-2] [GMRF] MAP Mean value estimated in 9.98936 milliseconds
[gmrf_wind_mapping_node-2] --> MAP did not converge after 1 iterations.
[gmrf_wind_mapping_node-2] [GMRF] MAP Mean value estimated in 9.97354 milliseconds
[gmrf_wind_mapping_node-2] --> MAP did not converge after 1 iterations.
[gmrf_wind_mapping_node-2] [GMRF] MAP Mean value estimated in 9.95789 milliseconds
[gmrf_wind_mapping_node-2] --> MAP did not converge after 1 iterations.
[gmrf_wind_mapping_node-2] [GMRF] MAP Mean value estimated in 9.93717 milliseconds
[gmrf_wind_mapping_node-2] --> MAP did not converge after 1 iterations.
[gmrf_wind_mapping_node-2] [GMRF] MAP Mean value estimated in 9.92708 milliseconds
[gmrf_wind_mapping_node-2] --> MAP did not converge after 1 iterations.
[gmrf_wind_mapping_node-2] [GMRF] MAP Mean value estimated in 9.91192 milliseconds
[gmrf_wind_mapping_node-2] --> MAP did not converge after 1 iterations.
[gmrf_wind_mapping_node-2] [GMRF] MAP Mean value estimated in 9.91753 milliseconds
[gmrf_wind_mapping_node-2] --> MAP did not converge after 1 iterations.
[gmrf_wind_mapping_node-2] [GMRF] MAP Mean value estimated in 9.92821 milliseconds
[gmrf_wind_mapping_node-2] --> MAP did not converge after 1 iterations.
[gmrf_wind_mapping_node-2] [GMRF] MAP Mean value estimated in 9.92857 milliseconds
[gmrf_wind_mapping_node-2] --> MAP did not converge after 1 iterations.
[gmrf_wind_mapping_node-2] [GMRF] MAP Mean value estimated in 9.91371 milliseconds
[gmrf_wind_mapping_node-2] --> MAP did not converge after 1 iterations.
[gmrf_wind_mapping_node-2] [GMRF] MAP Mean value estimated in 9.89899 milliseconds
[gmrf_wind_mapping_node-2] --> MAP did not converge after 1 iterations.
[gmrf_wind_mapping_node-2] [GMRF] MAP Mean value estimated in 9.88442 milliseconds
[gmrf_wind_mapping_node-2] --> MAP did not converge after 1 iterations.
[gmrf_wind_mapping_node-2] [GMRF] MAP Mean value estimated in 9.87 milliseconds
[gmrf_wind_mapping_node-2] --> MAP did not converge after 1 iterations.
[gmrf_wind_mapping_node-2] [GMRF] MAP Mean value estimated in 9.85572 milliseconds
[gmrf_wind_mapping_node-2] --> MAP did not converge after 1 iterations.
[gmrf_wind_mapping_node-2] [GMRF] MAP Mean value estimated in 9.84158 milliseconds
[gsl_actionserver_node-3] [INFO] [1789221117.258323460] [GSL]: 10 gas measurements, 10 wind measurements over 1.87 seconds
[gsl_actionserver_node-3] [INFO] [1789221117.258376951] [GSL]: avg_gas=0.43;  avg_windSpeed=0.022;  avg_wind_dir=-3
[gsl_actionserver_node-3] [INFO] [1789221117.259090289] [GSL]: [33mGAS HIT[0m
[gsl_actionserver_node-3] [INFO] [1789221117.259101792] [GSL]: [DEBUG-WIND] useGroundTruth=false gmrf_req_size=631 gaden_req_size=-1
[gsl_actionserver_node-3] [INFO] [1789221117.259109763] [GSL]: [DEBUG-WIND] Taking GMRF path
[gsl_actionserver_node-3] [INFO] [1789221117.288882308] [GSL - Trace]: [32mEntering StopAndMeasure[0m
[gmrf_wind_mapping_node-2] --> MAP did not converge after 1 iterations.
[gmrf_wind_mapping_node-2] [GMRF] MAP Mean value estimated in 9.82266 milliseconds
[gmrf_wind_mapping_node-2] --> MAP did not converge after 1 iterations.
[gmrf_wind_mapping_node-2] [GMRF] MAP Mean value estimated in 9.81373 milliseconds
[gmrf_wind_mapping_node-2] --> MAP did not converge after 1 iterations.
[gmrf_wind_mapping_node-2] [GMRF] MAP Mean value estimated in 9.80488 milliseconds
[gmrf_wind_mapping_node-2] --> MAP did not converge after 1 iterations.
[gmrf_wind_mapping_node-2] [GMRF] MAP Mean value estimated in 9.79126 milliseconds
[gmrf_wind_mapping_node-2] --> MAP did not converge after 1 iterations.
[gmrf_wind_mapping_node-2] [GMRF] MAP Mean value estimated in 9.77295 milliseconds
[gmrf_wind_mapping_node-2] --> MAP did not converge after 1 iterations.
[gmrf_wind_mapping_node-2] [GMRF] MAP Mean value estimated in 9.75481 milliseconds
[gmrf_wind_mapping_node-2] --> MAP did not converge after 1 iterations.
[gmrf_wind_mapping_node-2] [GMRF] MAP Mean value estimated in 9.74641 milliseconds
[gmrf_wind_mapping_node-2] --> MAP did not converge after 1 iterations.
[gmrf_wind_mapping_node-2] [GMRF] MAP Mean value estimated in 9.76667 milliseconds
[gmrf_wind_mapping_node-2] --> MAP did not converge after 1 iterations.
[gmrf_wind_mapping_node-2] [GMRF] MAP Mean value estimated in 9.75355 milliseconds
[gmrf_wind_mapping_node-2] --> MAP did not converge after 1 iterations.
[gmrf_wind_mapping_node-2] [GMRF] MAP Mean value estimated in 9.7783 milliseconds
[gmrf_wind_mapping_node-2] --> MAP did not converge after 1 iterations.
[gmrf_wind_mapping_node-2] [GMRF] MAP Mean value estimated in 9.77934 milliseconds
[gmrf_wind_mapping_node-2] --> MAP did not converge after 1 iterations.
[gmrf_wind_mapping_node-2] [GMRF] MAP Mean value estimated in 9.77103 milliseconds
[gmrf_wind_mapping_node-2] --> MAP did not converge after 1 iterations.
[gmrf_wind_mapping_node-2] [GMRF] MAP Mean value estimated in 9.76744 milliseconds
[gmrf_wind_mapping_node-2] --> MAP did not converge after 1 iterations.
[gmrf_wind_mapping_node-2] [GMRF] MAP Mean value estimated in 9.77315 milliseconds
[gmrf_wind_mapping_node-2] --> MAP did not converge after 1 iterations.
[gmrf_wind_mapping_node-2] [GMRF] MAP Mean value estimated in 9.77419 milliseconds
[gmrf_wind_mapping_node-2] --> MAP did not converge after 1 iterations.
[gmrf_wind_mapping_node-2] [GMRF] MAP Mean value estimated in 9.7844 milliseconds
[gmrf_wind_mapping_node-2] --> MAP did not converge after 1 iterations.
[gmrf_wind_mapping_node-2] [GMRF] MAP Mean value estimated in 9.78995 milliseconds
[gmrf_wind_mapping_node-2] --> MAP did not converge after 1 iterations.
[gmrf_wind_mapping_node-2] [GMRF] MAP Mean value estimated in 9.80909 milliseconds
[gmrf_wind_mapping_node-2] --> MAP did not converge after 1 iterations.
[gmrf_wind_mapping_node-2] [GMRF] MAP Mean value estimated in 9.80995 milliseconds
[gmrf_wind_mapping_node-2] --> MAP did not converge after 1 iterations.
[gmrf_wind_mapping_node-2] [GMRF] MAP Mean value estimated in 9.81081 milliseconds
[gsl_actionserver_node-3] [INFO] [1789221119.258358088] [GSL]: 10 gas measurements, 10 wind measurements over 1.97 seconds
[gsl_actionserver_node-3] [INFO] [1789221119.258654241] [GSL]: avg_gas=0.42;  avg_windSpeed=0.022;  avg_wind_dir=-3
[gsl_actionserver_node-3] [INFO] [1789221119.259309259] [GSL]: [33mGAS HIT[0m
[gsl_actionserver_node-3] [INFO] [1789221119.259319767] [GSL]: [DEBUG-WIND] useGroundTruth=false gmrf_req_size=631 gaden_req_size=-1
[gsl_actionserver_node-3] [INFO] [1789221119.259330525] [GSL]: [DEBUG-WIND] Taking GMRF path
[gsl_actionserver_node-3] [INFO] [1789221119.289161985] [GSL - Trace]: [32mEntering StopAndMeasure[0m
[gmrf_wind_mapping_node-2] --> MAP did not converge after 1 iterations.
[gmrf_wind_mapping_node-2] [GMRF] MAP Mean value estimated in 9.79821 milliseconds
[gmrf_wind_mapping_node-2] --> MAP did not converge after 1 iterations.
[gmrf_wind_mapping_node-2] [GMRF] MAP Mean value estimated in 9.78571 milliseconds
[gmrf_wind_mapping_node-2] --> MAP did not converge after 1 iterations.
[gmrf_wind_mapping_node-2] [GMRF] MAP Mean value estimated in 9.77333 milliseconds
[gmrf_wind_mapping_node-2] --> MAP did not converge after 1 iterations.
[gmrf_wind_mapping_node-2] [GMRF] MAP Mean value estimated in 9.78319 milliseconds
[gmrf_wind_mapping_node-2] --> MAP did not converge after 1 iterations.
[gmrf_wind_mapping_node-2] [GMRF] MAP Mean value estimated in 9.78414 milliseconds
[gmrf_wind_mapping_node-2] --> MAP did not converge after 1 iterations.
[gmrf_wind_mapping_node-2] [GMRF] MAP Mean value estimated in 9.79825 milliseconds
[gmrf_wind_mapping_node-2] --> MAP did not converge after 1 iterations.
[gmrf_wind_mapping_node-2] [GMRF] MAP Mean value estimated in 9.79913 milliseconds
[gmrf_wind_mapping_node-2] --> MAP did not converge after 1 iterations.
[gmrf_wind_mapping_node-2] [GMRF] MAP Mean value estimated in 9.8 milliseconds
[gmrf_wind_mapping_node-2] --> MAP did not converge after 1 iterations.
[gmrf_wind_mapping_node-2] [GMRF] MAP Mean value estimated in 9.78788 milliseconds
[gmrf_wind_mapping_node-2] --> MAP did not converge after 1 iterations.
[gmrf_wind_mapping_node-2] [GMRF] MAP Mean value estimated in 9.79741 milliseconds
[gmrf_wind_mapping_node-2] --> MAP did not converge after 1 iterations.
[gmrf_wind_mapping_node-2] [GMRF] MAP Mean value estimated in 9.78541 milliseconds
[gmrf_wind_mapping_node-2] --> MAP did not converge after 1 iterations.
[gmrf_wind_mapping_node-2] [GMRF] MAP Mean value estimated in 9.7735 milliseconds
[gmrf_wind_mapping_node-2] --> MAP did not converge after 1 iterations.
[gmrf_wind_mapping_node-2] [GMRF] MAP Mean value estimated in 9.7617 milliseconds
[gmrf_wind_mapping_node-2] --> MAP did not converge after 1 iterations.
[gmrf_wind_mapping_node-2] [GMRF] MAP Mean value estimated in 9.76271 milliseconds
[gmrf_wind_mapping_node-2] --> MAP did not converge after 1 iterations.
[gmrf_wind_mapping_node-2] [GMRF] MAP Mean value estimated in 9.74684 milliseconds
[gmrf_wind_mapping_node-2] --> MAP did not converge after 1 iterations.
[gmrf_wind_mapping_node-2] [GMRF] MAP Mean value estimated in 9.77731 milliseconds
[gmrf_wind_mapping_node-2] --> MAP did not converge after 1 iterations.
[gmrf_wind_mapping_node-2] [GMRF] MAP Mean value estimated in 9.77824 milliseconds
[gmrf_wind_mapping_node-2] --> MAP did not converge after 1 iterations.
[gmrf_wind_mapping_node-2] [GMRF] MAP Mean value estimated in 9.80833 milliseconds
[gmrf_wind_mapping_node-2] --> MAP did not converge after 1 iterations.
[gmrf_wind_mapping_node-2] [GMRF] MAP Mean value estimated in 9.79668 milliseconds
[gmrf_wind_mapping_node-2] --> MAP did not converge after 1 iterations.
[gmrf_wind_mapping_node-2] [GMRF] MAP Mean value estimated in 9.78926 milliseconds
[gmrf_wind_mapping_node-2] --> MAP did not converge after 1 iterations.
[gmrf_wind_mapping_node-2] [GMRF] MAP Mean value estimated in 9.77778 milliseconds
[gsl_actionserver_node-3] [INFO] [1789221121.308523440] [GSL]: 10 gas measurements, 10 wind measurements over 2.02 seconds
[gsl_actionserver_node-3] [INFO] [1789221121.308591117] [GSL]: avg_gas=0.44;  avg_windSpeed=0.022;  avg_wind_dir=-3
[gsl_actionserver_node-3] [INFO] [1789221121.309384021] [GSL]: [33mGAS HIT[0m
[gsl_actionserver_node-3] [INFO] [1789221121.309396914] [GSL]: [DEBUG-WIND] useGroundTruth=false gmrf_req_size=631 gaden_req_size=-1
[gsl_actionserver_node-3] [INFO] [1789221121.309405803] [GSL]: [DEBUG-WIND] Taking GMRF path
[gsl_actionserver_node-3] [INFO] [1789221121.389835872] [GSL - Trace]: [32mEntering StopAndMeasure[0m
[gmrf_wind_mapping_node-2] --> MAP did not converge after 1 iterations.
[gmrf_wind_mapping_node-2] [GMRF] MAP Mean value estimated in 9.78279 milliseconds
[gmrf_wind_mapping_node-2] --> MAP did not converge after 1 iterations.
[gmrf_wind_mapping_node-2] [GMRF] MAP Mean value estimated in 9.77143 milliseconds
[gmrf_wind_mapping_node-2] --> MAP did not converge after 1 iterations.
[gmrf_wind_mapping_node-2] [GMRF] MAP Mean value estimated in 9.78862 milliseconds
[gmrf_wind_mapping_node-2] --> MAP did not converge after 1 iterations.
[gmrf_wind_mapping_node-2] [GMRF] MAP Mean value estimated in 9.78543 milliseconds
[gmrf_wind_mapping_node-2] --> MAP did not converge after 1 iterations.
[gmrf_wind_mapping_node-2] [GMRF] MAP Mean value estimated in 9.80242 milliseconds
[gmrf_wind_mapping_node-2] --> MAP did not converge after 1 iterations.
[gmrf_wind_mapping_node-2] [GMRF] MAP Mean value estimated in 9.79518 milliseconds
[gmrf_wind_mapping_node-2] --> MAP did not converge after 1 iterations.
[gmrf_wind_mapping_node-2] [GMRF] MAP Mean value estimated in 9.788 milliseconds
[gmrf_wind_mapping_node-2] --> MAP did not converge after 1 iterations.
[gmrf_wind_mapping_node-2] [GMRF] MAP Mean value estimated in 9.78486 milliseconds
[gmrf_wind_mapping_node-2] --> MAP did not converge after 1 iterations.
[gmrf_wind_mapping_node-2] [GMRF] MAP Mean value estimated in 9.77381 milliseconds
[gmrf_wind_mapping_node-2] --> MAP did not converge after 1 iterations.
[gmrf_wind_mapping_node-2] [GMRF] MAP Mean value estimated in 9.7747 milliseconds
[gmrf_wind_mapping_node-2] --> MAP did not converge after 1 iterations.
[gmrf_wind_mapping_node-2] [GMRF] MAP Mean value estimated in 9.79528 milliseconds
[gmrf_wind_mapping_node-2] --> MAP did not converge after 1 iterations.
[gmrf_wind_mapping_node-2] [GMRF] MAP Mean value estimated in 9.79216 milliseconds
[gmrf_wind_mapping_node-2] --> MAP did not converge after 1 iterations.
[gmrf_wind_mapping_node-2] [GMRF] MAP Mean value estimated in 9.78906 milliseconds
[gmrf_wind_mapping_node-2] --> MAP did not converge after 1 iterations.
[gmrf_wind_mapping_node-2] [GMRF] MAP Mean value estimated in 9.7821 milliseconds
[gmrf_wind_mapping_node-2] --> MAP did not converge after 1 iterations.
[gmrf_wind_mapping_node-2] [GMRF] MAP Mean value estimated in 9.80233 milliseconds
[gmrf_wind_mapping_node-2] --> MAP did not converge after 1 iterations.
[gmrf_wind_mapping_node-2] [GMRF] MAP Mean value estimated in 9.79537 milliseconds
[gmrf_wind_mapping_node-2] --> MAP did not converge after 1 iterations.
[gmrf_wind_mapping_node-2] [GMRF] MAP Mean value estimated in 9.78846 milliseconds
[gmrf_wind_mapping_node-2] --> MAP did not converge after 1 iterations.
[gmrf_wind_mapping_node-2] [GMRF] MAP Mean value estimated in 9.77778 milliseconds
[gmrf_wind_mapping_node-2] --> MAP did not converge after 1 iterations.
[gmrf_wind_mapping_node-2] [GMRF] MAP Mean value estimated in 9.78626 milliseconds
[gmrf_wind_mapping_node-2] --> MAP did not converge after 1 iterations.
[gmrf_wind_mapping_node-2] [GMRF] MAP Mean value estimated in 9.79087 milliseconds
[gsl_actionserver_node-3] [INFO] [1789221123.308625876] [GSL]: 10 gas measurements, 10 wind measurements over 1.92 seconds
[gsl_actionserver_node-3] [INFO] [1789221123.308694281] [GSL]: avg_gas=0.48;  avg_windSpeed=0.022;  avg_wind_dir=-3
[gsl_actionserver_node-3] [INFO] [1789221123.309850761] [GSL]: [33mGAS HIT[0m
[gsl_actionserver_node-3] [INFO] [1789221123.309875963] [GSL]: [DEBUG-WIND] useGroundTruth=false gmrf_req_size=631 gaden_req_size=-1
[gsl_actionserver_node-3] [INFO] [1789221123.309884330] [GSL]: [DEBUG-WIND] Taking GMRF path
[gsl_actionserver_node-3] [INFO] [1789221123.390383840] [GSL - Trace]: [32mEntering StopAndMeasure[0m
[gmrf_wind_mapping_node-2] --> MAP did not converge after 1 iterations.
[gmrf_wind_mapping_node-2] [GMRF] MAP Mean value estimated in 9.80682 milliseconds
[gmrf_wind_mapping_node-2] --> MAP did not converge after 1 iterations.
[gmrf_wind_mapping_node-2] [GMRF] MAP Mean value estimated in 9.79623 milliseconds
[gmrf_wind_mapping_node-2] --> MAP did not converge after 1 iterations.
[gmrf_wind_mapping_node-2] [GMRF] MAP Mean value estimated in 9.80075 milliseconds
[gmrf_wind_mapping_node-2] --> MAP did not converge after 1 iterations.
[gmrf_wind_mapping_node-2] [GMRF] MAP Mean value estimated in 9.79026 milliseconds
[gmrf_wind_mapping_node-2] --> MAP did not converge after 1 iterations.
[gmrf_wind_mapping_node-2] [GMRF] MAP Mean value estimated in 9.77612 milliseconds
[gmrf_wind_mapping_node-2] --> MAP did not converge after 1 iterations.
[gmrf_wind_mapping_node-2] [GMRF] MAP Mean value estimated in 9.7658 milliseconds
[gmrf_wind_mapping_node-2] --> MAP did not converge after 1 iterations.
[gmrf_wind_mapping_node-2] [GMRF] MAP Mean value estimated in 9.77037 milliseconds
[gmrf_wind_mapping_node-2] --> MAP did not converge after 1 iterations.
[gmrf_wind_mapping_node-2] [GMRF] MAP Mean value estimated in 9.76015 milliseconds
[gmrf_wind_mapping_node-2] --> MAP did not converge after 1 iterations.
[gmrf_wind_mapping_node-2] [GMRF] MAP Mean value estimated in 9.77574 milliseconds
[gmrf_wind_mapping_node-2] --> MAP did not converge after 1 iterations.
[gmrf_wind_mapping_node-2] [GMRF] MAP Mean value estimated in 9.78022 milliseconds
[gmrf_wind_mapping_node-2] --> MAP did not converge after 1 iterations.
[gmrf_wind_mapping_node-2] [GMRF] MAP Mean value estimated in 9.79562 milliseconds
[gmrf_wind_mapping_node-2] --> MAP did not converge after 1 iterations.
[gmrf_wind_mapping_node-2] [GMRF] MAP Mean value estimated in 9.78545 milliseconds
[gmrf_wind_mapping_node-2] --> MAP did not converge after 1 iterations.
[gmrf_wind_mapping_node-2] [GMRF] MAP Mean value estimated in 9.7971 milliseconds
[gmrf_wind_mapping_node-2] --> MAP did not converge after 1 iterations.
[gmrf_wind_mapping_node-2] [GMRF] MAP Mean value estimated in 9.79783 milliseconds
[gmrf_wind_mapping_node-2] --> MAP did not converge after 1 iterations.
[gmrf_wind_mapping_node-2] [GMRF] MAP Mean value estimated in 9.80216 milliseconds
[gmrf_wind_mapping_node-2] --> MAP did not converge after 1 iterations.
[gmrf_wind_mapping_node-2] [GMRF] MAP Mean value estimated in 9.79211 milliseconds
[gmrf_wind_mapping_node-2] --> MAP did not converge after 1 iterations.
[gmrf_wind_mapping_node-2] [GMRF] MAP Mean value estimated in 9.81786 milliseconds
[gmrf_wind_mapping_node-2] --> MAP did not converge after 1 iterations.
[gmrf_wind_mapping_node-2] [GMRF] MAP Mean value estimated in 9.80427 milliseconds
[gmrf_wind_mapping_node-2] --> MAP did not converge after 1 iterations.
[gmrf_wind_mapping_node-2] [GMRF] MAP Mean value estimated in 9.81915 milliseconds
[gmrf_wind_mapping_node-2] --> MAP did not converge after 1 iterations.
[gmrf_wind_mapping_node-2] [GMRF] MAP Mean value estimated in 9.80919 milliseconds
[gsl_actionserver_node-3] [INFO] [1789221125.308390129] [GSL]: 10 gas measurements, 10 wind measurements over 1.92 seconds
[gsl_actionserver_node-3] [INFO] [1789221125.308489267] [GSL]: avg_gas=0.47;  avg_windSpeed=0.022;  avg_wind_dir=-3
[gsl_actionserver_node-3] [INFO] [1789221125.309265631] [GSL]: [33mGAS HIT[0m
[gsl_actionserver_node-3] [INFO] [1789221125.309279669] [GSL]: [DEBUG-WIND] useGroundTruth=false gmrf_req_size=631 gaden_req_size=-1
[gsl_actionserver_node-3] [INFO] [1789221125.309288373] [GSL]: [DEBUG-WIND] Taking GMRF path
[gsl_actionserver_node-3] [INFO] [1789221125.394232700] [GSL]: Max mutual info: 6.447
[gsl_actionserver_node-3] [WARN] [1789221125.394603937] [rcl.logging_rosout]: Publisher already registered for provided node name. If this is due to multiple nodes with the same name then all logs for that logger name will go out over the existing publisher. As soon as any node with that name is destructed it will unregister the publisher, preventing any further logs for that name from being published on the rosout topic.
[gmrf_wind_mapping_node-2] --> MAP did not converge after 1 iterations.
[gmrf_wind_mapping_node-2] [GMRF] MAP Mean value estimated in 9.85211 milliseconds
[gsl_actionserver_node-3] [INFO] [1789221125.425306147] [GSL]: MutualInformation - Ellapsed: 0.036s
[vgr_sim_node-1] [WARN] [1789221125.429471613] [vgr_uav_sim]: PLAN_CB: called with goal=(-1.64,-2.50)
[vgr_sim_node-1] [WARN] [1789221125.431567879] [vgr_uav_sim]: PLAN_CB: returning 6 poses
[vgr_sim_node-1] [WARN] [1789221125.465342421] [vgr_uav_sim]: PLAN_CB: called with goal=(-1.64,-2.50)
[vgr_sim_node-1] [WARN] [1789221125.466370891] [vgr_uav_sim]: PLAN_CB: returning 6 poses
[gsl_actionserver_node-3] [INFO] [1789221125.475757665] [GSL]: Sending goal (-1.64, -2.50)
[gsl_actionserver_node-3] [INFO] [1789221125.476329093] [GSL]: Variance: 14.35
[gsl_actionserver_node-3] [INFO] [1789221125.476352854] [GSL - Trace]: [32mEntering Moving[0m
[vgr_sim_node-1] [INFO] [1789221125.477609978] [vgr_uav_sim]: Prepared 6 collision-free navigation waypoints to (-1.64, -2.50)
[vgr_sim_node-1] [INFO] [1789221125.478728533] [vgr_uav_sim]: UAV navigating in audited 2-D mode to (-1.64, -2.50, 0.30)
[gmrf_wind_mapping_node-2] --> MAP did not converge after 1 iterations.
[gmrf_wind_mapping_node-2] [GMRF] MAP Mean value estimated in 9.84211 milliseconds
[gmrf_wind_mapping_node-2] --> MAP did not converge after 1 iterations.
[gmrf_wind_mapping_node-2] [GMRF] MAP Mean value estimated in 9.82867 milliseconds
[gmrf_wind_mapping_node-2] --> MAP did not converge after 1 iterations.
[gmrf_wind_mapping_node-2] [GMRF] MAP Mean value estimated in 9.81882 milliseconds
[gmrf_wind_mapping_node-2] --> MAP did not converge after 1 iterations.
[gmrf_wind_mapping_node-2] [GMRF] MAP Mean value estimated in 9.82639 milliseconds
[gmrf_wind_mapping_node-2] --> MAP did not converge after 1 iterations.
[gmrf_wind_mapping_node-2] [GMRF] MAP Mean value estimated in 9.81661 milliseconds
[gmrf_wind_mapping_node-2] --> MAP did not converge after 1 iterations.
[gmrf_wind_mapping_node-2] [GMRF] MAP Mean value estimated in 9.83103 milliseconds
[gmrf_wind_mapping_node-2] --> MAP did not converge after 1 iterations.
[gmrf_wind_mapping_node-2] [GMRF] MAP Mean value estimated in 9.82474 milliseconds
[gmrf_wind_mapping_node-2] --> MAP did not converge after 1 iterations.
[gmrf_wind_mapping_node-2] [GMRF] MAP Mean value estimated in 9.83904 milliseconds
[gmrf_wind_mapping_node-2] --> MAP did not converge after 1 iterations.
[gmrf_wind_mapping_node-2] [GMRF] MAP Mean value estimated in 9.84642 milliseconds
[gmrf_wind_mapping_node-2] --> MAP did not converge after 1 iterations.
[gmrf_wind_mapping_node-2] [GMRF] MAP Mean value estimated in 9.86735 milliseconds
[gmrf_wind_mapping_node-2] --> MAP did not converge after 1 iterations.
[gmrf_wind_mapping_node-2] [GMRF] MAP Mean value estimated in 9.85763 milliseconds
[gsl_actionserver_node-3] [INFO] [1789221126.497071300] [GSL - Trace]: [32mEntering StopAndMeasure[0m
[gmrf_wind_mapping_node-2] --> MAP did not converge after 1 iterations.
[gmrf_wind_mapping_node-2] [GMRF] MAP Mean value estimated in 9.85811 milliseconds
[gmrf_wind_mapping_node-2] --> MAP did not converge after 1 iterations.
[gmrf_wind_mapping_node-2] [GMRF] MAP Mean value estimated in 9.85522 milliseconds
[gmrf_wind_mapping_node-2] --> MAP did not converge after 1 iterations.
[gmrf_wind_mapping_node-2] [GMRF] MAP Mean value estimated in 9.86913 milliseconds
[gmrf_wind_mapping_node-2] --> MAP did not converge after 1 iterations.
[gmrf_wind_mapping_node-2] [GMRF] MAP Mean value estimated in 9.86288 milliseconds
[gmrf_wind_mapping_node-2] --> MAP did not converge after 1 iterations.
[gmrf_wind_mapping_node-2] [GMRF] MAP Mean value estimated in 9.85333 milliseconds
[gmrf_wind_mapping_node-2] --> MAP did not converge after 1 iterations.
[gmrf_wind_mapping_node-2] [GMRF] MAP Mean value estimated in 9.84718 milliseconds
[gmrf_wind_mapping_node-2] --> MAP did not converge after 1 iterations.
[gmrf_wind_mapping_node-2] [GMRF] MAP Mean value estimated in 9.84106 milliseconds
[gmrf_wind_mapping_node-2] --> MAP did not converge after 1 iterations.
[gmrf_wind_mapping_node-2] [GMRF] MAP Mean value estimated in 9.83828 milliseconds
[gmrf_wind_mapping_node-2] --> MAP did not converge after 1 iterations.
[gmrf_wind_mapping_node-2] [GMRF] MAP Mean value estimated in 9.82895 milliseconds
[gmrf_wind_mapping_node-2] --> MAP did not converge after 1 iterations.
[gmrf_wind_mapping_node-2] [GMRF] MAP Mean value estimated in 9.82295 milliseconds
[gmrf_wind_mapping_node-2] --> MAP did not converge after 1 iterations.
[gmrf_wind_mapping_node-2] [GMRF] MAP Mean value estimated in 9.83333 milliseconds
[gmrf_wind_mapping_node-2] --> MAP did not converge after 1 iterations.
[gmrf_wind_mapping_node-2] [GMRF] MAP Mean value estimated in 9.83713 milliseconds
[gmrf_wind_mapping_node-2] --> MAP did not converge after 1 iterations.
[gmrf_wind_mapping_node-2] [GMRF] MAP Mean value estimated in 9.85714 milliseconds
[gmrf_wind_mapping_node-2] --> MAP did not converge after 1 iterations.
[gmrf_wind_mapping_node-2] [GMRF] MAP Mean value estimated in 9.85437 milliseconds
[gmrf_wind_mapping_node-2] --> MAP did not converge after 1 iterations.
[gmrf_wind_mapping_node-2] [GMRF] MAP Mean value estimated in 9.86774 milliseconds
[gmrf_wind_mapping_node-2] --> MAP did not converge after 1 iterations.
[gmrf_wind_mapping_node-2] [GMRF] MAP Mean value estimated in 9.85852 milliseconds
[gmrf_wind_mapping_node-2] --> MAP did not converge after 1 iterations.
[gmrf_wind_mapping_node-2] [GMRF] MAP Mean value estimated in 9.875 milliseconds
[gmrf_wind_mapping_node-2] --> MAP did not converge after 1 iterations.
[gmrf_wind_mapping_node-2] [GMRF] MAP Mean value estimated in 9.86581 milliseconds
[gmrf_wind_mapping_node-2] --> MAP did not converge after 1 iterations.
[gmrf_wind_mapping_node-2] [GMRF] MAP Mean value estimated in 9.87898 milliseconds
[gsl_actionserver_node-3] [INFO] [1789221128.477484409] [GSL]: 10 gas measurements, 10 wind measurements over 1.98 seconds
[gsl_actionserver_node-3] [INFO] [1789221128.477554944] [GSL]: avg_gas=0.69;  avg_windSpeed=0.15;  avg_wind_dir=-1.5
[gsl_actionserver_node-3] [INFO] [1789221128.478241409] [GSL]: [33mGAS HIT[0m
[gsl_actionserver_node-3] [INFO] [1789221128.478253782] [GSL]: [DEBUG-WIND] useGroundTruth=false gmrf_req_size=631 gaden_req_size=-1
[gsl_actionserver_node-3] [INFO] [1789221128.478262494] [GSL]: [DEBUG-WIND] Taking GMRF path
[gsl_actionserver_node-3] [INFO] [1789221128.488951082] [GSL - Trace]: [32mEntering StopAndMeasure[0m
[gmrf_wind_mapping_node-2] --> MAP did not converge after 1 iterations.
[gmrf_wind_mapping_node-2] [GMRF] MAP Mean value estimated in 9.88254 milliseconds
[gmrf_wind_mapping_node-2] --> MAP did not converge after 1 iterations.
[gmrf_wind_mapping_node-2] [GMRF] MAP Mean value estimated in 9.89241 milliseconds
[gmrf_wind_mapping_node-2] --> MAP did not converge after 1 iterations.
[gmrf_wind_mapping_node-2] [GMRF] MAP Mean value estimated in 9.88013 milliseconds
[gmrf_wind_mapping_node-2] --> MAP did not converge after 1 iterations.
[gmrf_wind_mapping_node-2] [GMRF] MAP Mean value estimated in 9.88365 milliseconds
[gmrf_wind_mapping_node-2] --> MAP did not converge after 1 iterations.
[gmrf_wind_mapping_node-2] [GMRF] MAP Mean value estimated in 9.88401 milliseconds
[gmrf_wind_mapping_node-2] --> MAP did not converge after 1 iterations.
[gmrf_wind_mapping_node-2] [GMRF] MAP Mean value estimated in 9.89687 milliseconds
[gmrf_wind_mapping_node-2] --> MAP did not converge after 1 iterations.
[gmrf_wind_mapping_node-2] [GMRF] MAP Mean value estimated in 9.88785 milliseconds
[gmrf_wind_mapping_node-2] --> MAP did not converge after 1 iterations.
[gmrf_wind_mapping_node-2] [GMRF] MAP Mean value estimated in 9.8913 milliseconds
[gmrf_wind_mapping_node-2] --> MAP did not converge after 1 iterations.
[gmrf_wind_mapping_node-2] [GMRF] MAP Mean value estimated in 9.90402 milliseconds
[gmrf_wind_mapping_node-2] --> MAP did not converge after 1 iterations.
[gmrf_wind_mapping_node-2] [GMRF] MAP Mean value estimated in 9.89506 milliseconds
[gmrf_wind_mapping_node-2] --> MAP did not converge after 1 iterations.
[gmrf_wind_mapping_node-2] [GMRF] MAP Mean value estimated in 9.88615 milliseconds
[gmrf_wind_mapping_node-2] --> MAP did not converge after 1 iterations.
[gmrf_wind_mapping_node-2] [GMRF] MAP Mean value estimated in 9.89877 milliseconds
[gmrf_wind_mapping_node-2] --> MAP did not converge after 1 iterations.
[gmrf_wind_mapping_node-2] [GMRF] MAP Mean value estimated in 9.90214 milliseconds
[gmrf_wind_mapping_node-2] --> MAP did not converge after 1 iterations.
[gmrf_wind_mapping_node-2] [GMRF] MAP Mean value estimated in 9.91768 milliseconds
[gmrf_wind_mapping_node-2] --> MAP did not converge after 1 iterations.
[gmrf_wind_mapping_node-2] [GMRF] MAP Mean value estimated in 9.92401 milliseconds
[gmrf_wind_mapping_node-2] --> MAP did not converge after 1 iterations.
[gmrf_wind_mapping_node-2] [GMRF] MAP Mean value estimated in 9.93333 milliseconds
[gmrf_wind_mapping_node-2] --> MAP did not converge after 1 iterations.
[gmrf_wind_mapping_node-2] [GMRF] MAP Mean value estimated in 9.92447 milliseconds
[gmrf_wind_mapping_node-2] --> MAP did not converge after 1 iterations.
[gmrf_wind_mapping_node-2] [GMRF] MAP Mean value estimated in 9.91867 milliseconds
[gmrf_wind_mapping_node-2] --> MAP did not converge after 1 iterations.
[gmrf_wind_mapping_node-2] [GMRF] MAP Mean value estimated in 9.92192 milliseconds
[gmrf_wind_mapping_node-2] --> MAP did not converge after 1 iterations.
[gmrf_wind_mapping_node-2] [GMRF] MAP Mean value estimated in 9.91317 milliseconds
[gsl_actionserver_node-3] [INFO] [1789221130.477451064] [GSL]: 10 gas measurements, 10 wind measurements over 1.99 seconds
[gsl_actionserver_node-3] [INFO] [1789221130.477524537] [GSL]: avg_gas=0.73;  avg_windSpeed=0.12;  avg_wind_dir=-1.4
[gsl_actionserver_node-3] [INFO] [1789221130.478146327] [GSL]: [33mGAS HIT[0m
[gsl_actionserver_node-3] [INFO] [1789221130.478157604] [GSL]: [DEBUG-WIND] useGroundTruth=false gmrf_req_size=631 gaden_req_size=-1
[gsl_actionserver_node-3] [INFO] [1789221130.478165638] [GSL]: [DEBUG-WIND] Taking GMRF path
[gsl_actionserver_node-3] [INFO] [1789221130.488827674] [GSL - Trace]: [32mEntering StopAndMeasure[0m
[gmrf_wind_mapping_node-2] --> MAP did not converge after 1 iterations.
[gmrf_wind_mapping_node-2] [GMRF] MAP Mean value estimated in 9.90448 milliseconds
[gmrf_wind_mapping_node-2] --> MAP did not converge after 1 iterations.
[gmrf_wind_mapping_node-2] [GMRF] MAP Mean value estimated in 9.90774 milliseconds
[gmrf_wind_mapping_node-2] --> MAP did not converge after 1 iterations.
[gmrf_wind_mapping_node-2] [GMRF] MAP Mean value estimated in 9.91098 milliseconds
[gmrf_wind_mapping_node-2] --> MAP did not converge after 1 iterations.
[gmrf_wind_mapping_node-2] [GMRF] MAP Mean value estimated in 9.93491 milliseconds
[gmrf_wind_mapping_node-2] --> MAP did not converge after 1 iterations.
[gmrf_wind_mapping_node-2] [GMRF] MAP Mean value estimated in 9.9351 milliseconds
[gmrf_wind_mapping_node-2] --> MAP did not converge after 1 iterations.
[gmrf_wind_mapping_node-2] [GMRF] MAP Mean value estimated in 9.95 milliseconds
[gmrf_wind_mapping_node-2] --> MAP did not converge after 1 iterations.
[gmrf_wind_mapping_node-2] [GMRF] MAP Mean value estimated in 9.94428 milliseconds
[gmrf_wind_mapping_node-2] --> MAP did not converge after 1 iterations.
[gmrf_wind_mapping_node-2] [GMRF] MAP Mean value estimated in 9.94737 milliseconds
[gmrf_wind_mapping_node-2] --> MAP did not converge after 1 iterations.
[gmrf_wind_mapping_node-2] [GMRF] MAP Mean value estimated in 9.94461 milliseconds
[gmrf_wind_mapping_node-2] --> MAP did not converge after 1 iterations.
[gmrf_wind_mapping_node-2] [GMRF] MAP Mean value estimated in 9.93895 milliseconds
[gmrf_wind_mapping_node-2] --> MAP did not converge after 1 iterations.
[gmrf_wind_mapping_node-2] [GMRF] MAP Mean value estimated in 9.93043 milliseconds
[gmrf_wind_mapping_node-2] --> MAP did not converge after 1 iterations.
[gmrf_wind_mapping_node-2] [GMRF] MAP Mean value estimated in 9.92197 milliseconds
[gmrf_wind_mapping_node-2] --> MAP did not converge after 1 iterations.
[gmrf_wind_mapping_node-2] [GMRF] MAP Mean value estimated in 9.92219 milliseconds
[gmrf_wind_mapping_node-2] --> MAP did not converge after 1 iterations.
[gmrf_wind_mapping_node-2] [GMRF] MAP Mean value estimated in 9.91379 milliseconds
[gmrf_wind_mapping_node-2] --> MAP did not converge after 1 iterations.
[gmrf_wind_mapping_node-2] [GMRF] MAP Mean value estimated in 9.91117 milliseconds
[gmrf_wind_mapping_node-2] --> MAP did not converge after 1 iterations.
[gmrf_wind_mapping_node-2] [GMRF] MAP Mean value estimated in 9.93143 milliseconds
[gmrf_wind_mapping_node-2] --> MAP did not converge after 1 iterations.
[gmrf_wind_mapping_node-2] [GMRF] MAP Mean value estimated in 9.93447 milliseconds
[gmrf_wind_mapping_node-2] --> MAP did not converge after 1 iterations.
[gmrf_wind_mapping_node-2] [GMRF] MAP Mean value estimated in 9.93182 milliseconds
[gmrf_wind_mapping_node-2] --> MAP did not converge after 1 iterations.
[gmrf_wind_mapping_node-2] [GMRF] MAP Mean value estimated in 9.93768 milliseconds
[gmrf_wind_mapping_node-2] --> MAP did not converge after 1 iterations.
[gmrf_wind_mapping_node-2] [GMRF] MAP Mean value estimated in 9.94915 milliseconds
[gmrf_wind_mapping_node-2] --> MAP did not converge after 1 iterations.
[gmrf_wind_mapping_node-2] [GMRF] MAP Mean value estimated in 9.94366 milliseconds
[gsl_actionserver_node-3] [INFO] [1789221132.527752414] [GSL]: 10 gas measurements, 10 wind measurements over 2.04 seconds
[gsl_actionserver_node-3] [INFO] [1789221132.527822621] [GSL]: avg_gas=0.74;  avg_windSpeed=0.15;  avg_wind_dir=-1.5
[gsl_actionserver_node-3] [INFO] [1789221132.528365417] [GSL]: [33mGAS HIT[0m
[gsl_actionserver_node-3] [INFO] [1789221132.528375824] [GSL]: [DEBUG-WIND] useGroundTruth=false gmrf_req_size=631 gaden_req_size=-1
[gsl_actionserver_node-3] [INFO] [1789221132.528382606] [GSL]: [DEBUG-WIND] Taking GMRF path
[gsl_actionserver_node-3] [INFO] [1789221132.589596605] [GSL - Trace]: [32mEntering StopAndMeasure[0m
[gmrf_wind_mapping_node-2] --> MAP did not converge after 1 iterations.
[gmrf_wind_mapping_node-2] [GMRF] MAP Mean value estimated in 9.95225 milliseconds
[gmrf_wind_mapping_node-2] --> MAP did not converge after 1 iterations.
[gmrf_wind_mapping_node-2] [GMRF] MAP Mean value estimated in 9.94398 milliseconds
[gmrf_wind_mapping_node-2] --> MAP did not converge after 1 iterations.
[gmrf_wind_mapping_node-2] [GMRF] MAP Mean value estimated in 9.93575 milliseconds
[gmrf_wind_mapping_node-2] --> MAP did not converge after 1 iterations.
[gmrf_wind_mapping_node-2] [GMRF] MAP Mean value estimated in 9.93872 milliseconds
[gmrf_wind_mapping_node-2] --> MAP did not converge after 1 iterations.
[gmrf_wind_mapping_node-2] [GMRF] MAP Mean value estimated in 9.95 milliseconds
[gmrf_wind_mapping_node-2] --> MAP did not converge after 1 iterations.
[gmrf_wind_mapping_node-2] [GMRF] MAP Mean value estimated in 9.94183 milliseconds
[gmrf_wind_mapping_node-2] --> MAP did not converge after 1 iterations.
[gmrf_wind_mapping_node-2] [GMRF] MAP Mean value estimated in 9.95856 milliseconds
[gmrf_wind_mapping_node-2] --> MAP did not converge after 1 iterations.
[gmrf_wind_mapping_node-2] [GMRF] MAP Mean value estimated in 9.95868 milliseconds
[gmrf_wind_mapping_node-2] --> MAP did not converge after 1 iterations.
[gmrf_wind_mapping_node-2] [GMRF] MAP Mean value estimated in 9.96429 milliseconds
[gmrf_wind_mapping_node-2] --> MAP did not converge after 1 iterations.
[gmrf_wind_mapping_node-2] [GMRF] MAP Mean value estimated in 9.95616 milliseconds
[gmrf_wind_mapping_node-2] --> MAP did not converge after 1 iterations.
[gmrf_wind_mapping_node-2] [GMRF] MAP Mean value estimated in 9.95902 milliseconds
[gmrf_wind_mapping_node-2] --> MAP did not converge after 1 iterations.
[gmrf_wind_mapping_node-2] [GMRF] MAP Mean value estimated in 9.96185 milliseconds
[gmrf_wind_mapping_node-2] --> MAP did not converge after 1 iterations.
[gmrf_wind_mapping_node-2] [GMRF] MAP Mean value estimated in 9.96467 milliseconds
[gmrf_wind_mapping_node-2] --> MAP did not converge after 1 iterations.
[gmrf_wind_mapping_node-2] [GMRF] MAP Mean value estimated in 9.96477 milliseconds
[gmrf_wind_mapping_node-2] --> MAP did not converge after 1 iterations.
[gmrf_wind_mapping_node-2] [GMRF] MAP Mean value estimated in 9.97027 milliseconds
[gmrf_wind_mapping_node-2] --> MAP did not converge after 1 iterations.
[gmrf_wind_mapping_node-2] [GMRF] MAP Mean value estimated in 9.96226 milliseconds
[gmrf_wind_mapping_node-2] --> MAP did not converge after 1 iterations.
[gmrf_wind_mapping_node-2] [GMRF] MAP Mean value estimated in 9.97043 milliseconds
[gmrf_wind_mapping_node-2] --> MAP did not converge after 1 iterations.
[gmrf_wind_mapping_node-2] [GMRF] MAP Mean value estimated in 9.97051 milliseconds
[gmrf_wind_mapping_node-2] --> MAP did not converge after 1 iterations.
[gmrf_wind_mapping_node-2] [GMRF] MAP Mean value estimated in 9.98396 milliseconds
[gsl_actionserver_node-3] [INFO] [1789221134.477445121] [GSL]: 10 gas measurements, 10 wind measurements over 1.89 seconds
[gsl_actionserver_node-3] [INFO] [1789221134.477897330] [GSL]: avg_gas=0.76;  avg_windSpeed=0.12;  avg_wind_dir=-1.4
[gsl_actionserver_node-3] [INFO] [1789221134.478540205] [GSL]: [33mGAS HIT[0m
[gsl_actionserver_node-3] [INFO] [1789221134.478552651] [GSL]: [DEBUG-WIND] useGroundTruth=false gmrf_req_size=631 gaden_req_size=-1
[gsl_actionserver_node-3] [INFO] [1789221134.478560872] [GSL]: [DEBUG-WIND] Taking GMRF path
[gsl_actionserver_node-3] [INFO] [1789221134.489109719] [GSL - Trace]: [32mEntering StopAndMeasure[0m
[gmrf_wind_mapping_node-2] --> MAP did not converge after 1 iterations.
[gmrf_wind_mapping_node-2] [GMRF] MAP Mean value estimated in 9.984 milliseconds
[gmrf_wind_mapping_node-2] --> MAP did not converge after 1 iterations.
[gmrf_wind_mapping_node-2] [GMRF] MAP Mean value estimated in 9.9867 milliseconds
[gmrf_wind_mapping_node-2] --> MAP did not converge after 1 iterations.
[gmrf_wind_mapping_node-2] [GMRF] MAP Mean value estimated in 9.98143 milliseconds
[gmrf_wind_mapping_node-2] --> MAP did not converge after 1 iterations.
[gmrf_wind_mapping_node-2] [GMRF] MAP Mean value estimated in 9.97884 milliseconds
[gmrf_wind_mapping_node-2] --> MAP did not converge after 1 iterations.
[gmrf_wind_mapping_node-2] [GMRF] MAP Mean value estimated in 9.97098 milliseconds
[gmrf_wind_mapping_node-2] --> MAP did not converge after 1 iterations.
[gmrf_wind_mapping_node-2] [GMRF] MAP Mean value estimated in 9.98158 milliseconds
[gmrf_wind_mapping_node-2] --> MAP did not converge after 1 iterations.
[gmrf_wind_mapping_node-2] [GMRF] MAP Mean value estimated in 9.98425 milliseconds
[gmrf_wind_mapping_node-2] --> MAP did not converge after 1 iterations.
[gmrf_wind_mapping_node-2] [GMRF] MAP Mean value estimated in 9.99215 milliseconds
[gmrf_wind_mapping_node-2] --> MAP did not converge after 1 iterations.
[gmrf_wind_mapping_node-2] [GMRF] MAP Mean value estimated in 9.99217 milliseconds
[gmrf_wind_mapping_node-2] --> MAP did not converge after 1 iterations.
[gmrf_wind_mapping_node-2] [GMRF] MAP Mean value estimated in 10 milliseconds
[gmrf_wind_mapping_node-2] --> MAP did not converge after 1 iterations.
[gmrf_wind_mapping_node-2] [GMRF] MAP Mean value estimated in 9.99481 milliseconds
[gmrf_wind_mapping_node-2] --> MAP did not converge after 1 iterations.
[gmrf_wind_mapping_node-2] [GMRF] MAP Mean value estimated in 10.0104 milliseconds
[gmrf_wind_mapping_node-2] --> MAP did not converge after 1 iterations.
[gmrf_wind_mapping_node-2] [GMRF] MAP Mean value estimated in 10.0078 milliseconds
[gmrf_wind_mapping_node-2] --> MAP did not converge after 1 iterations.
[gmrf_wind_mapping_node-2] [GMRF] MAP Mean value estimated in 10.0077 milliseconds
[gmrf_wind_mapping_node-2] --> MAP did not converge after 1 iterations.
[gmrf_wind_mapping_node-2] [GMRF] MAP Mean value estimated in 10 milliseconds
[gmrf_wind_mapping_node-2] --> MAP did not converge after 1 iterations.
[gmrf_wind_mapping_node-2] [GMRF] MAP Mean value estimated in 10.0051 milliseconds
[gmrf_wind_mapping_node-2] --> MAP did not converge after 1 iterations.
[gmrf_wind_mapping_node-2] [GMRF] MAP Mean value estimated in 10.0026 milliseconds
[gmrf_wind_mapping_node-2] --> MAP did not converge after 1 iterations.
[gmrf_wind_mapping_node-2] [GMRF] MAP Mean value estimated in 10.0128 milliseconds
[gmrf_wind_mapping_node-2] --> MAP did not converge after 1 iterations.
[gmrf_wind_mapping_node-2] [GMRF] MAP Mean value estimated in 10.0254 milliseconds
[gmrf_wind_mapping_node-2] --> MAP did not converge after 1 iterations.
[gmrf_wind_mapping_node-2] [GMRF] MAP Mean value estimated in 10.0228 milliseconds
[gsl_actionserver_node-3] [INFO] [1789221136.477347448] [GSL]: 10 gas measurements, 10 wind measurements over 1.99 seconds
[gsl_actionserver_node-3] [INFO] [1789221136.477422878] [GSL]: avg_gas=0.8;  avg_windSpeed=0.15;  avg_wind_dir=-1.5
[gsl_actionserver_node-3] [INFO] [1789221136.478240584] [GSL]: [33mGAS HIT[0m
[gsl_actionserver_node-3] [INFO] [1789221136.478270909] [GSL]: [DEBUG-WIND] useGroundTruth=false gmrf_req_size=631 gaden_req_size=-1
[gsl_actionserver_node-3] [INFO] [1789221136.478279635] [GSL]: [DEBUG-WIND] Taking GMRF path
[gsl_actionserver_node-3] [INFO] [1789221136.489011240] [GSL - Trace]: [32mEntering StopAndMeasure[0m
[gmrf_wind_mapping_node-2] --> MAP did not converge after 1 iterations.
[gmrf_wind_mapping_node-2] [GMRF] MAP Mean value estimated in 10.0177 milliseconds
[gmrf_wind_mapping_node-2] --> MAP did not converge after 1 iterations.
[gmrf_wind_mapping_node-2] [GMRF] MAP Mean value estimated in 10.0278 milliseconds
[gmrf_wind_mapping_node-2] --> MAP did not converge after 1 iterations.
[gmrf_wind_mapping_node-2] [GMRF] MAP Mean value estimated in 10.0227 milliseconds
[gmrf_wind_mapping_node-2] --> MAP did not converge after 1 iterations.
[gmrf_wind_mapping_node-2] [GMRF] MAP Mean value estimated in 10.0226 milliseconds
[gmrf_wind_mapping_node-2] --> MAP did not converge after 1 iterations.
[gmrf_wind_mapping_node-2] [GMRF] MAP Mean value estimated in 10.015 milliseconds
[gmrf_wind_mapping_node-2] --> MAP did not converge after 1 iterations.
[gmrf_wind_mapping_node-2] [GMRF] MAP Mean value estimated in 10.015 milliseconds
[gmrf_wind_mapping_node-2] --> MAP did not converge after 1 iterations.
[gmrf_wind_mapping_node-2] [GMRF] MAP Mean value estimated in 10.015 milliseconds
[gmrf_wind_mapping_node-2] --> MAP did not converge after 1 iterations.
[gmrf_wind_mapping_node-2] [GMRF] MAP Mean value estimated in 10.0224 milliseconds
[gmrf_wind_mapping_node-2] --> MAP did not converge after 1 iterations.
[gmrf_wind_mapping_node-2] [GMRF] MAP Mean value estimated in 10.0174 milliseconds
[gmrf_wind_mapping_node-2] --> MAP did not converge after 1 iterations.
[gmrf_wind_mapping_node-2] [GMRF] MAP Mean value estimated in 10.0173 milliseconds
[gmrf_wind_mapping_node-2] --> MAP did not converge after 1 iterations.
[gmrf_wind_mapping_node-2] [GMRF] MAP Mean value estimated in 10.0074 milliseconds
[gmrf_wind_mapping_node-2] --> MAP did not converge after 1 iterations.
[gmrf_wind_mapping_node-2] [GMRF] MAP Mean value estimated in 10 milliseconds
[gmrf_wind_mapping_node-2] --> MAP did not converge after 1 iterations.
[gmrf_wind_mapping_node-2] [GMRF] MAP Mean value estimated in 9.99754 milliseconds
[gmrf_wind_mapping_node-2] --> MAP did not converge after 1 iterations.
[gmrf_wind_mapping_node-2] [GMRF] MAP Mean value estimated in 10.0049 milliseconds
[gmrf_wind_mapping_node-2] --> MAP did not converge after 1 iterations.
[gmrf_wind_mapping_node-2] [GMRF] MAP Mean value estimated in 9.99756 milliseconds
[gmrf_wind_mapping_node-2] --> MAP did not converge after 1 iterations.
[gmrf_wind_mapping_node-2] [GMRF] MAP Mean value estimated in 9.99512 milliseconds
[gmrf_wind_mapping_node-2] --> MAP did not converge after 1 iterations.
[gmrf_wind_mapping_node-2] [GMRF] MAP Mean value estimated in 9.9927 milliseconds
[gmrf_wind_mapping_node-2] --> MAP did not converge after 1 iterations.
[gmrf_wind_mapping_node-2] [GMRF] MAP Mean value estimated in 9.98544 milliseconds
[gmrf_wind_mapping_node-2] --> MAP did not converge after 1 iterations.
[gmrf_wind_mapping_node-2] [GMRF] MAP Mean value estimated in 9.97821 milliseconds
[gmrf_wind_mapping_node-2] --> MAP did not converge after 1 iterations.
[gmrf_wind_mapping_node-2] [GMRF] MAP Mean value estimated in 9.97101 milliseconds
[gsl_actionserver_node-3] [INFO] [1789221138.477395502] [GSL]: 10 gas measurements, 10 wind measurements over 1.99 seconds
[gsl_actionserver_node-3] [INFO] [1789221138.477827743] [GSL]: avg_gas=0.89;  avg_windSpeed=0.12;  avg_wind_dir=-1.4
[gsl_actionserver_node-3] [INFO] [1789221138.478401930] [GSL]: [33mGAS HIT[0m
[gsl_actionserver_node-3] [INFO] [1789221138.478413031] [GSL]: [DEBUG-WIND] useGroundTruth=false gmrf_req_size=631 gaden_req_size=-1
[gsl_actionserver_node-3] [INFO] [1789221138.478420205] [GSL]: [DEBUG-WIND] Taking GMRF path
[gsl_actionserver_node-3] [INFO] [1789221138.488788047] [GSL - Trace]: [32mEntering StopAndMeasure[0m
[gmrf_wind_mapping_node-2] --> MAP did not converge after 1 iterations.
[gmrf_wind_mapping_node-2] [GMRF] MAP Mean value estimated in 9.96386 milliseconds
[gmrf_wind_mapping_node-2] --> MAP did not converge after 1 iterations.
[gmrf_wind_mapping_node-2] [GMRF] MAP Mean value estimated in 9.95913 milliseconds
[gmrf_wind_mapping_node-2] --> MAP did not converge after 1 iterations.
[gmrf_wind_mapping_node-2] [GMRF] MAP Mean value estimated in 9.94964 milliseconds
[gmrf_wind_mapping_node-2] --> MAP did not converge after 1 iterations.
[gmrf_wind_mapping_node-2] [GMRF] MAP Mean value estimated in 9.94258 milliseconds
[gmrf_wind_mapping_node-2] --> MAP did not converge after 1 iterations.
[gmrf_wind_mapping_node-2] [GMRF] MAP Mean value estimated in 9.93556 milliseconds
[gmrf_wind_mapping_node-2] --> MAP did not converge after 1 iterations.
[gmrf_wind_mapping_node-2] [GMRF] MAP Mean value estimated in 9.93095 milliseconds
[gmrf_wind_mapping_node-2] --> MAP did not converge after 1 iterations.
[gmrf_wind_mapping_node-2] [GMRF] MAP Mean value estimated in 9.92399 milliseconds
[gmrf_wind_mapping_node-2] --> MAP did not converge after 1 iterations.
[gmrf_wind_mapping_node-2] [GMRF] MAP Mean value estimated in 9.91469 milliseconds
[gmrf_wind_mapping_node-2] --> MAP did not converge after 1 iterations.
[gmrf_wind_mapping_node-2] [GMRF] MAP Mean value estimated in 9.9078 milliseconds
[gmrf_wind_mapping_node-2] --> MAP did not converge after 1 iterations.
[gmrf_wind_mapping_node-2] [GMRF] MAP Mean value estimated in 9.9033 milliseconds
[gmrf_wind_mapping_node-2] --> MAP did not converge after 1 iterations.
[gmrf_wind_mapping_node-2] [GMRF] MAP Mean value estimated in 9.89412 milliseconds
[gmrf_wind_mapping_node-2] --> MAP did not converge after 1 iterations.
[gmrf_wind_mapping_node-2] [GMRF] MAP Mean value estimated in 9.88498 milliseconds
[gmrf_wind_mapping_node-2] --> MAP did not converge after 1 iterations.
[gmrf_wind_mapping_node-2] [GMRF] MAP Mean value estimated in 9.87822 milliseconds
[gmrf_wind_mapping_node-2] --> MAP did not converge after 1 iterations.
[gmrf_wind_mapping_node-2] [GMRF] MAP Mean value estimated in 9.86916 milliseconds
[gmrf_wind_mapping_node-2] --> MAP did not converge after 1 iterations.
[gmrf_wind_mapping_node-2] [GMRF] MAP Mean value estimated in 9.86247 milliseconds
[gmrf_wind_mapping_node-2] --> MAP did not converge after 1 iterations.
[gmrf_wind_mapping_node-2] [GMRF] MAP Mean value estimated in 9.85581 milliseconds
[gmrf_wind_mapping_node-2] --> MAP did not converge after 1 iterations.
[gmrf_wind_mapping_node-2] [GMRF] MAP Mean value estimated in 9.84919 milliseconds
[gmrf_wind_mapping_node-2] --> MAP did not converge after 1 iterations.
[gmrf_wind_mapping_node-2] [GMRF] MAP Mean value estimated in 9.84259 milliseconds
[gmrf_wind_mapping_node-2] --> MAP did not converge after 1 iterations.
[gmrf_wind_mapping_node-2] [GMRF] MAP Mean value estimated in 9.83372 milliseconds
[gmrf_wind_mapping_node-2] --> MAP did not converge after 1 iterations.
[gmrf_wind_mapping_node-2] [GMRF] MAP Mean value estimated in 9.82719 milliseconds
[gsl_actionserver_node-3] [INFO] [1789221140.477573438] [GSL]: 10 gas measurements, 10 wind measurements over 1.99 seconds
[gsl_actionserver_node-3] [INFO] [1789221140.477641133] [GSL]: avg_gas=0.88;  avg_windSpeed=0.15;  avg_wind_dir=-1.5
[gsl_actionserver_node-3] [INFO] [1789221140.478264453] [GSL]: [33mGAS HIT[0m
[gsl_actionserver_node-3] [INFO] [1789221140.478293294] [GSL]: [DEBUG-WIND] useGroundTruth=false gmrf_req_size=631 gaden_req_size=-1
[gsl_actionserver_node-3] [INFO] [1789221140.478300409] [GSL]: [DEBUG-WIND] Taking GMRF path
[gsl_actionserver_node-3] [INFO] [1789221140.488749503] [GSL - Trace]: [32mEntering StopAndMeasure[0m
[gmrf_wind_mapping_node-2] --> MAP did not converge after 1 iterations.
[gmrf_wind_mapping_node-2] [GMRF] MAP Mean value estimated in 9.82069 milliseconds
[gmrf_wind_mapping_node-2] --> MAP did not converge after 1 iterations.
[gmrf_wind_mapping_node-2] [GMRF] MAP Mean value estimated in 9.81422 milliseconds
[gmrf_wind_mapping_node-2] --> MAP did not converge after 1 iterations.
[gmrf_wind_mapping_node-2] [GMRF] MAP Mean value estimated in 9.80549 milliseconds
[gmrf_wind_mapping_node-2] --> MAP did not converge after 1 iterations.
[gmrf_wind_mapping_node-2] [GMRF] MAP Mean value estimated in 9.7968 milliseconds
[gmrf_wind_mapping_node-2] --> MAP did not converge after 1 iterations.
[gmrf_wind_mapping_node-2] [GMRF] MAP Mean value estimated in 9.79043 milliseconds
[gmrf_wind_mapping_node-2] --> MAP did not converge after 1 iterations.
[gmrf_wind_mapping_node-2] [GMRF] MAP Mean value estimated in 9.79091 milliseconds
[gmrf_wind_mapping_node-2] --> MAP did not converge after 1 iterations.
[gmrf_wind_mapping_node-2] [GMRF] MAP Mean value estimated in 9.79138 milliseconds
[gmrf_wind_mapping_node-2] --> MAP did not converge after 1 iterations.
[gmrf_wind_mapping_node-2] [GMRF] MAP Mean value estimated in 9.78507 milliseconds
[gmrf_wind_mapping_node-2] --> MAP did not converge after 1 iterations.
[gmrf_wind_mapping_node-2] [GMRF] MAP Mean value estimated in 9.78104 milliseconds
[gmrf_wind_mapping_node-2] --> MAP did not converge after 1 iterations.
[gmrf_wind_mapping_node-2] [GMRF] MAP Mean value estimated in 9.79505 milliseconds
[gmrf_wind_mapping_node-2] --> MAP did not converge after 1 iterations.
[gmrf_wind_mapping_node-2] [GMRF] MAP Mean value estimated in 9.78876 milliseconds
[gmrf_wind_mapping_node-2] --> MAP did not converge after 1 iterations.
[gmrf_wind_mapping_node-2] [GMRF] MAP Mean value estimated in 9.79821 milliseconds
[gmrf_wind_mapping_node-2] --> MAP did not converge after 1 iterations.
[gmrf_wind_mapping_node-2] [GMRF] MAP Mean value estimated in 9.80537 milliseconds
[gmrf_wind_mapping_node-2] --> MAP did not converge after 1 iterations.
[gmrf_wind_mapping_node-2] [GMRF] MAP Mean value estimated in 9.79911 milliseconds
[gmrf_wind_mapping_node-2] --> MAP did not converge after 1 iterations.
[gmrf_wind_mapping_node-2] [GMRF] MAP Mean value estimated in 9.80624 milliseconds
[gmrf_wind_mapping_node-2] --> MAP did not converge after 1 iterations.
[gmrf_wind_mapping_node-2] [GMRF] MAP Mean value estimated in 9.81111 milliseconds
[gmrf_wind_mapping_node-2] --> MAP did not converge after 1 iterations.
[gmrf_wind_mapping_node-2] [GMRF] MAP Mean value estimated in 9.81153 milliseconds
[gmrf_wind_mapping_node-2] --> MAP did not converge after 1 iterations.
[gmrf_wind_mapping_node-2] [GMRF] MAP Mean value estimated in 9.81858 milliseconds
[gmrf_wind_mapping_node-2] --> MAP did not converge after 1 iterations.
[gmrf_wind_mapping_node-2] [GMRF] MAP Mean value estimated in 9.81236 milliseconds
[gmrf_wind_mapping_node-2] --> MAP did not converge after 1 iterations.
[gmrf_wind_mapping_node-2] [GMRF] MAP Mean value estimated in 9.80837 milliseconds
[gsl_actionserver_node-3] [INFO] [1789221142.477377362] [GSL]: 10 gas measurements, 10 wind measurements over 1.99 seconds
[gsl_actionserver_node-3] [INFO] [1789221142.477734692] [GSL]: avg_gas=0.86;  avg_windSpeed=0.12;  avg_wind_dir=-1.4
[gsl_actionserver_node-3] [INFO] [1789221142.478334385] [GSL]: [33mGAS HIT[0m
[gsl_actionserver_node-3] [INFO] [1789221142.478359198] [GSL]: [DEBUG-WIND] useGroundTruth=false gmrf_req_size=631 gaden_req_size=-1
[gsl_actionserver_node-3] [INFO] [1789221142.478366301] [GSL]: [DEBUG-WIND] Taking GMRF path
[gsl_actionserver_node-3] [INFO] [1789221142.495737447] [GSL]: Max mutual info: 6.447
[gsl_actionserver_node-3] [INFO] [1789221142.495899766] [GSL]: MutualInformation - Ellapsed: 0.007s
[gmrf_wind_mapping_node-2] --> MAP did not converge after 1 iterations.
[gmrf_wind_mapping_node-2] [GMRF] MAP Mean value estimated in 9.81538 milliseconds
[vgr_sim_node-1] [WARN] [1789221142.504515686] [vgr_uav_sim]: PLAN_CB: called with goal=(-2.54,-2.50)
[vgr_sim_node-1] [WARN] [1789221142.505656436] [vgr_uav_sim]: PLAN_CB: returning 5 poses
[vgr_sim_node-1] [WARN] [1789221142.514739339] [vgr_uav_sim]: PLAN_CB: called with goal=(-2.54,-2.50)
[vgr_sim_node-1] [WARN] [1789221142.516028914] [vgr_uav_sim]: PLAN_CB: returning 5 poses
[gsl_actionserver_node-3] [INFO] [1789221142.525300128] [GSL]: Sending goal (-2.54, -2.50)
[gsl_actionserver_node-3] [INFO] [1789221142.525902912] [GSL]: Variance: 14.35
[gsl_actionserver_node-3] [INFO] [1789221142.525929703] [GSL - Trace]: [32mEntering Moving[0m
[vgr_sim_node-1] [INFO] [1789221142.526945767] [vgr_uav_sim]: Prepared 5 collision-free navigation waypoints to (-2.54, -2.50)
[vgr_sim_node-1] [INFO] [1789221142.527859802] [vgr_uav_sim]: UAV navigating in audited 2-D mode to (-2.54, -2.50, 0.30)
[gmrf_wind_mapping_node-2] --> MAP did not converge after 1 iterations.
[gmrf_wind_mapping_node-2] [GMRF] MAP Mean value estimated in 9.80702 milliseconds
[gmrf_wind_mapping_node-2] --> MAP did not converge after 1 iterations.
[gmrf_wind_mapping_node-2] [GMRF] MAP Mean value estimated in 9.80744 milliseconds
[gmrf_wind_mapping_node-2] --> MAP did not converge after 1 iterations.
[gmrf_wind_mapping_node-2] [GMRF] MAP Mean value estimated in 9.81004 milliseconds
[gmrf_wind_mapping_node-2] --> MAP did not converge after 1 iterations.
[gmrf_wind_mapping_node-2] [GMRF] MAP Mean value estimated in 9.81046 milliseconds
[gmrf_wind_mapping_node-2] --> MAP did not converge after 1 iterations.
[gmrf_wind_mapping_node-2] [GMRF] MAP Mean value estimated in 9.80435 milliseconds
[gmrf_wind_mapping_node-2] --> MAP did not converge after 1 iterations.
[gmrf_wind_mapping_node-2] [GMRF] MAP Mean value estimated in 9.79826 milliseconds
[gmrf_wind_mapping_node-2] --> MAP did not converge after 1 iterations.
[gmrf_wind_mapping_node-2] [GMRF] MAP Mean value estimated in 9.79221 milliseconds
[gmrf_wind_mapping_node-2] --> MAP did not converge after 1 iterations.
[gmrf_wind_mapping_node-2] [GMRF] MAP Mean value estimated in 9.79266 milliseconds
[gsl_actionserver_node-3] [INFO] [1789221143.328191222] [GSL - Trace]: [32mEntering StopAndMeasure[0m
[gmrf_wind_mapping_node-2] --> MAP did not converge after 1 iterations.
[gmrf_wind_mapping_node-2] [GMRF] MAP Mean value estimated in 9.78879 milliseconds
[gmrf_wind_mapping_node-2] --> MAP did not converge after 1 iterations.
[gmrf_wind_mapping_node-2] [GMRF] MAP Mean value estimated in 9.79355 milliseconds
[gmrf_wind_mapping_node-2] --> MAP did not converge after 1 iterations.
[gmrf_wind_mapping_node-2] [GMRF] MAP Mean value estimated in 9.79399 milliseconds
[gmrf_wind_mapping_node-2] --> MAP did not converge after 1 iterations.
[gmrf_wind_mapping_node-2] [GMRF] MAP Mean value estimated in 9.78587 milliseconds
[gmrf_wind_mapping_node-2] --> MAP did not converge after 1 iterations.
[gmrf_wind_mapping_node-2] [GMRF] MAP Mean value estimated in 9.79274 milliseconds
[gmrf_wind_mapping_node-2] --> MAP did not converge after 1 iterations.
[gmrf_wind_mapping_node-2] [GMRF] MAP Mean value estimated in 9.78678 milliseconds
[gmrf_wind_mapping_node-2] --> MAP did not converge after 1 iterations.
[gmrf_wind_mapping_node-2] [GMRF] MAP Mean value estimated in 9.78936 milliseconds
[gmrf_wind_mapping_node-2] --> MAP did not converge after 1 iterations.
[gmrf_wind_mapping_node-2] [GMRF] MAP Mean value estimated in 9.78981 milliseconds
[gmrf_wind_mapping_node-2] --> MAP did not converge after 1 iterations.
[gmrf_wind_mapping_node-2] [GMRF] MAP Mean value estimated in 9.7839 milliseconds
[gmrf_wind_mapping_node-2] --> MAP did not converge after 1 iterations.
[gmrf_wind_mapping_node-2] [GMRF] MAP Mean value estimated in 9.77801 milliseconds
[gmrf_wind_mapping_node-2] --> MAP did not converge after 1 iterations.
[gmrf_wind_mapping_node-2] [GMRF] MAP Mean value estimated in 9.7827 milliseconds
[gmrf_wind_mapping_node-2] --> MAP did not converge after 1 iterations.
[gmrf_wind_mapping_node-2] [GMRF] MAP Mean value estimated in 9.77684 milliseconds
[gmrf_wind_mapping_node-2] --> MAP did not converge after 1 iterations.
[gmrf_wind_mapping_node-2] [GMRF] MAP Mean value estimated in 9.77941 milliseconds
[gmrf_wind_mapping_node-2] --> MAP did not converge after 1 iterations.
[gmrf_wind_mapping_node-2] [GMRF] MAP Mean value estimated in 9.77149 milliseconds
[gmrf_wind_mapping_node-2] --> MAP did not converge after 1 iterations.
[gmrf_wind_mapping_node-2] [GMRF] MAP Mean value estimated in 9.77824 milliseconds
[gmrf_wind_mapping_node-2] --> MAP did not converge after 1 iterations.
[gmrf_wind_mapping_node-2] [GMRF] MAP Mean value estimated in 9.77871 milliseconds
[gmrf_wind_mapping_node-2] --> MAP did not converge after 1 iterations.
[gmrf_wind_mapping_node-2] [GMRF] MAP Mean value estimated in 9.78958 milliseconds
[gmrf_wind_mapping_node-2] --> MAP did not converge after 1 iterations.
[gmrf_wind_mapping_node-2] [GMRF] MAP Mean value estimated in 9.79002 milliseconds
[gmrf_wind_mapping_node-2] --> MAP did not converge after 1 iterations.
[gmrf_wind_mapping_node-2] [GMRF] MAP Mean value estimated in 9.79876 milliseconds
[gsl_actionserver_node-3] [INFO] [1789221145.277390945] [GSL]: 10 gas measurements, 10 wind measurements over 1.95 seconds
[gsl_actionserver_node-3] [INFO] [1789221145.277467267] [GSL]: avg_gas=0.71;  avg_windSpeed=0.04;  avg_wind_dir=-0.87
[gsl_actionserver_node-3] [INFO] [1789221145.278298502] [GSL]: [33mGAS HIT[0m
[gsl_actionserver_node-3] [INFO] [1789221145.278314376] [GSL]: [DEBUG-WIND] useGroundTruth=false gmrf_req_size=631 gaden_req_size=-1
[gsl_actionserver_node-3] [INFO] [1789221145.278602707] [GSL]: [DEBUG-WIND] Taking GMRF path
[gsl_actionserver_node-3] [INFO] [1789221145.288974553] [GSL - Trace]: [32mEntering StopAndMeasure[0m
[gmrf_wind_mapping_node-2] --> MAP did not converge after 1 iterations.
[gmrf_wind_mapping_node-2] [GMRF] MAP Mean value estimated in 9.79503 milliseconds
[gmrf_wind_mapping_node-2] --> MAP did not converge after 1 iterations.
[gmrf_wind_mapping_node-2] [GMRF] MAP Mean value estimated in 9.80372 milliseconds
[gmrf_wind_mapping_node-2] --> MAP did not converge after 1 iterations.
[gmrf_wind_mapping_node-2] [GMRF] MAP Mean value estimated in 9.8 milliseconds
[gmrf_wind_mapping_node-2] --> MAP did not converge after 1 iterations.
[gmrf_wind_mapping_node-2] [GMRF] MAP Mean value estimated in 9.79424 milliseconds
[gmrf_wind_mapping_node-2] --> MAP did not converge after 1 iterations.
[gmrf_wind_mapping_node-2] [GMRF] MAP Mean value estimated in 9.7885 milliseconds
[gmrf_wind_mapping_node-2] --> MAP did not converge after 1 iterations.
[gmrf_wind_mapping_node-2] [GMRF] MAP Mean value estimated in 9.79508 milliseconds
[gmrf_wind_mapping_node-2] --> MAP did not converge after 1 iterations.
[gmrf_wind_mapping_node-2] [GMRF] MAP Mean value estimated in 9.78937 milliseconds
[gmrf_wind_mapping_node-2] --> MAP did not converge after 1 iterations.
[gmrf_wind_mapping_node-2] [GMRF] MAP Mean value estimated in 9.79796 milliseconds
[gmrf_wind_mapping_node-2] --> MAP did not converge after 1 iterations.
[gmrf_wind_mapping_node-2] [GMRF] MAP Mean value estimated in 9.7943 milliseconds
[gmrf_wind_mapping_node-2] --> MAP did not converge after 1 iterations.
[gmrf_wind_mapping_node-2] [GMRF] MAP Mean value estimated in 9.80081 milliseconds
[gmrf_wind_mapping_node-2] --> MAP did not converge after 1 iterations.
[gmrf_wind_mapping_node-2] [GMRF] MAP Mean value estimated in 9.79513 milliseconds
[gmrf_wind_mapping_node-2] --> MAP did not converge after 1 iterations.
[gmrf_wind_mapping_node-2] [GMRF] MAP Mean value estimated in 9.80567 milliseconds
[gmrf_wind_mapping_node-2] --> MAP did not converge after 1 iterations.
[gmrf_wind_mapping_node-2] [GMRF] MAP Mean value estimated in 9.8 milliseconds
[gmrf_wind_mapping_node-2] --> MAP did not converge after 1 iterations.
[gmrf_wind_mapping_node-2] [GMRF] MAP Mean value estimated in 9.8125 milliseconds
[gmrf_wind_mapping_node-2] --> MAP did not converge after 1 iterations.
[gmrf_wind_mapping_node-2] [GMRF] MAP Mean value estimated in 9.80684 milliseconds
[gmrf_wind_mapping_node-2] --> MAP did not converge after 1 iterations.
[gmrf_wind_mapping_node-2] [GMRF] MAP Mean value estimated in 9.80522 milliseconds
[gmrf_wind_mapping_node-2] --> MAP did not converge after 1 iterations.
[gmrf_wind_mapping_node-2] [GMRF] MAP Mean value estimated in 9.8016 milliseconds
[gmrf_wind_mapping_node-2] --> MAP did not converge after 1 iterations.
[gmrf_wind_mapping_node-2] [GMRF] MAP Mean value estimated in 9.804 milliseconds
[gmrf_wind_mapping_node-2] --> MAP did not converge after 1 iterations.
[gmrf_wind_mapping_node-2] [GMRF] MAP Mean value estimated in 9.7984 milliseconds
[gmrf_wind_mapping_node-2] --> MAP did not converge after 1 iterations.
[gmrf_wind_mapping_node-2] [GMRF] MAP Mean value estimated in 9.7988 milliseconds
[gsl_actionserver_node-3] [INFO] [1789221147.277375437] [GSL]: 10 gas measurements, 10 wind measurements over 1.99 seconds
[gsl_actionserver_node-3] [INFO] [1789221147.277446963] [GSL]: avg_gas=0.62;  avg_windSpeed=0.048;  avg_wind_dir=-1.1
[gsl_actionserver_node-3] [INFO] [1789221147.277950888] [GSL]: [33mGAS HIT[0m
[gsl_actionserver_node-3] [INFO] [1789221147.277959690] [GSL]: [DEBUG-WIND] useGroundTruth=false gmrf_req_size=631 gaden_req_size=-1
[gsl_actionserver_node-3] [INFO] [1789221147.277966364] [GSL]: [DEBUG-WIND] Taking GMRF path
[gsl_actionserver_node-3] [INFO] [1789221147.289103774] [GSL - Trace]: [32mEntering StopAndMeasure[0m
[gmrf_wind_mapping_node-2] --> MAP did not converge after 1 iterations.
[gmrf_wind_mapping_node-2] [GMRF] MAP Mean value estimated in 9.79125 milliseconds
[gmrf_wind_mapping_node-2] --> MAP did not converge after 1 iterations.
[gmrf_wind_mapping_node-2] [GMRF] MAP Mean value estimated in 9.7996 milliseconds
[gmrf_wind_mapping_node-2] --> MAP did not converge after 1 iterations.
[gmrf_wind_mapping_node-2] [GMRF] MAP Mean value estimated in 9.8 milliseconds
[gmrf_wind_mapping_node-2] --> MAP did not converge after 1 iterations.
[gmrf_wind_mapping_node-2] [GMRF] MAP Mean value estimated in 9.79447 milliseconds
[gmrf_wind_mapping_node-2] --> MAP did not converge after 1 iterations.
[gmrf_wind_mapping_node-2] [GMRF] MAP Mean value estimated in 9.78895 milliseconds
[gmrf_wind_mapping_node-2] --> MAP did not converge after 1 iterations.
[gmrf_wind_mapping_node-2] [GMRF] MAP Mean value estimated in 9.78543 milliseconds
[gmrf_wind_mapping_node-2] --> MAP did not converge after 1 iterations.
[gmrf_wind_mapping_node-2] [GMRF] MAP Mean value estimated in 9.78193 milliseconds
[gmrf_wind_mapping_node-2] --> MAP did not converge after 1 iterations.
[gmrf_wind_mapping_node-2] [GMRF] MAP Mean value estimated in 9.7902 milliseconds
[gmrf_wind_mapping_node-2] --> MAP did not converge after 1 iterations.
[gmrf_wind_mapping_node-2] [GMRF] MAP Mean value estimated in 9.78474 milliseconds
[gmrf_wind_mapping_node-2] --> MAP did not converge after 1 iterations.
[gmrf_wind_mapping_node-2] [GMRF] MAP Mean value estimated in 9.79102 milliseconds
[gmrf_wind_mapping_node-2] --> MAP did not converge after 1 iterations.
[gmrf_wind_mapping_node-2] [GMRF] MAP Mean value estimated in 9.78558 milliseconds
[gmrf_wind_mapping_node-2] --> MAP did not converge after 1 iterations.
[gmrf_wind_mapping_node-2] [GMRF] MAP Mean value estimated in 9.79183 milliseconds
[gmrf_wind_mapping_node-2] --> MAP did not converge after 1 iterations.
[gmrf_wind_mapping_node-2] [GMRF] MAP Mean value estimated in 9.79029 milliseconds
[gmrf_wind_mapping_node-2] --> MAP did not converge after 1 iterations.
[gmrf_wind_mapping_node-2] [GMRF] MAP Mean value estimated in 9.79264 milliseconds
[gmrf_wind_mapping_node-2] --> MAP did not converge after 1 iterations.
[gmrf_wind_mapping_node-2] [GMRF] MAP Mean value estimated in 9.79884 milliseconds
[gmrf_wind_mapping_node-2] --> MAP did not converge after 1 iterations.
[gmrf_wind_mapping_node-2] [GMRF] MAP Mean value estimated in 9.80502 milliseconds
[gmrf_wind_mapping_node-2] --> MAP did not converge after 1 iterations.
[gmrf_wind_mapping_node-2] [GMRF] MAP Mean value estimated in 9.80154 milliseconds
[gmrf_wind_mapping_node-2] --> MAP did not converge after 1 iterations.
[gmrf_wind_mapping_node-2] [GMRF] MAP Mean value estimated in 9.80385 milliseconds
[gmrf_wind_mapping_node-2] --> MAP did not converge after 1 iterations.
[gmrf_wind_mapping_node-2] [GMRF] MAP Mean value estimated in 9.79846 milliseconds
[gmrf_wind_mapping_node-2] --> MAP did not converge after 1 iterations.
[gmrf_wind_mapping_node-2] [GMRF] MAP Mean value estimated in 9.79502 milliseconds
[gsl_actionserver_node-3] [INFO] [1789221149.277420293] [GSL]: 10 gas measurements, 10 wind measurements over 1.99 seconds
[gsl_actionserver_node-3] [INFO] [1789221149.277494645] [GSL]: avg_gas=0.58;  avg_windSpeed=0.04;  avg_wind_dir=-0.87
[gsl_actionserver_node-3] [INFO] [1789221149.278108967] [GSL]: [33mGAS HIT[0m
[gsl_actionserver_node-3] [INFO] [1789221149.278119868] [GSL]: [DEBUG-WIND] useGroundTruth=false gmrf_req_size=631 gaden_req_size=-1
[gsl_actionserver_node-3] [INFO] [1789221149.278419138] [GSL]: [DEBUG-WIND] Taking GMRF path
[gsl_actionserver_node-3] [INFO] [1789221149.289200091] [GSL - Trace]: [32mEntering StopAndMeasure[0m
[gmrf_wind_mapping_node-2] --> MAP did not converge after 1 iterations.
[gmrf_wind_mapping_node-2] [GMRF] MAP Mean value estimated in 9.79159 milliseconds
[gmrf_wind_mapping_node-2] --> MAP did not converge after 1 iterations.
[gmrf_wind_mapping_node-2] [GMRF] MAP Mean value estimated in 9.78626 milliseconds
[gmrf_wind_mapping_node-2] --> MAP did not converge after 1 iterations.
[gmrf_wind_mapping_node-2] [GMRF] MAP Mean value estimated in 9.78095 milliseconds
[gmrf_wind_mapping_node-2] --> MAP did not converge after 1 iterations.
[gmrf_wind_mapping_node-2] [GMRF] MAP Mean value estimated in 9.78707 milliseconds
[gmrf_wind_mapping_node-2] --> MAP did not converge after 1 iterations.
[gmrf_wind_mapping_node-2] [GMRF] MAP Mean value estimated in 9.78178 milliseconds
[gmrf_wind_mapping_node-2] --> MAP did not converge after 1 iterations.
[gmrf_wind_mapping_node-2] [GMRF] MAP Mean value estimated in 9.78409 milliseconds
[gmrf_wind_mapping_node-2] --> MAP did not converge after 1 iterations.
[gmrf_wind_mapping_node-2] [GMRF] MAP Mean value estimated in 9.78828 milliseconds
[gmrf_wind_mapping_node-2] --> MAP did not converge after 1 iterations.
[gmrf_wind_mapping_node-2] [GMRF] MAP Mean value estimated in 9.79434 milliseconds
[gmrf_wind_mapping_node-2] --> MAP did not converge after 1 iterations.
[gmrf_wind_mapping_node-2] [GMRF] MAP Mean value estimated in 9.79661 milliseconds
[gmrf_wind_mapping_node-2] --> MAP did not converge after 1 iterations.
[gmrf_wind_mapping_node-2] [GMRF] MAP Mean value estimated in 9.80075 milliseconds
[gmrf_wind_mapping_node-2] --> MAP did not converge after 1 iterations.
[gmrf_wind_mapping_node-2] [GMRF] MAP Mean value estimated in 9.79925 milliseconds
[gmrf_wind_mapping_node-2] --> MAP did not converge after 1 iterations.
[gmrf_wind_mapping_node-2] [GMRF] MAP Mean value estimated in 9.80524 milliseconds
[gmrf_wind_mapping_node-2] --> MAP did not converge after 1 iterations.
[gmrf_wind_mapping_node-2] [GMRF] MAP Mean value estimated in 9.8 milliseconds
[gmrf_wind_mapping_node-2] --> MAP did not converge after 1 iterations.
[gmrf_wind_mapping_node-2] [GMRF] MAP Mean value estimated in 9.80037 milliseconds
[gmrf_wind_mapping_node-2] --> MAP did not converge after 1 iterations.
[gmrf_wind_mapping_node-2] [GMRF] MAP Mean value estimated in 9.80819 milliseconds
[gmrf_wind_mapping_node-2] --> MAP did not converge after 1 iterations.
[gmrf_wind_mapping_node-2] [GMRF] MAP Mean value estimated in 9.80855 milliseconds
[gmrf_wind_mapping_node-2] --> MAP did not converge after 1 iterations.
[gmrf_wind_mapping_node-2] [GMRF] MAP Mean value estimated in 9.81076 milliseconds
[gmrf_wind_mapping_node-2] --> MAP did not converge after 1 iterations.
[gmrf_wind_mapping_node-2] [GMRF] MAP Mean value estimated in 9.81667 milliseconds
[gmrf_wind_mapping_node-2] --> MAP did not converge after 1 iterations.
[gmrf_wind_mapping_node-2] [GMRF] MAP Mean value estimated in 9.81516 milliseconds
[gmrf_wind_mapping_node-2] --> MAP did not converge after 1 iterations.
[gmrf_wind_mapping_node-2] [GMRF] MAP Mean value estimated in 9.82657 milliseconds
[gsl_actionserver_node-3] [INFO] [1789221151.277406166] [GSL]: 10 gas measurements, 10 wind measurements over 1.99 seconds
[gsl_actionserver_node-3] [INFO] [1789221151.277479625] [GSL]: avg_gas=0.56;  avg_windSpeed=0.048;  avg_wind_dir=-1.1
[gsl_actionserver_node-3] [INFO] [1789221151.278294783] [GSL]: [33mGAS HIT[0m
[gsl_actionserver_node-3] [INFO] [1789221151.278363957] [GSL]: [DEBUG-WIND] useGroundTruth=false gmrf_req_size=631 gaden_req_size=-1
[gsl_actionserver_node-3] [INFO] [1789221151.278396932] [GSL]: [DEBUG-WIND] Taking GMRF path
[gsl_actionserver_node-3] [INFO] [1789221151.289410720] [GSL - Trace]: [32mEntering StopAndMeasure[0m
[gmrf_wind_mapping_node-2] --> MAP did not converge after 1 iterations.
[gmrf_wind_mapping_node-2] [GMRF] MAP Mean value estimated in 9.82136 milliseconds
[gmrf_wind_mapping_node-2] --> MAP did not converge after 1 iterations.
[gmrf_wind_mapping_node-2] [GMRF] MAP Mean value estimated in 9.82721 milliseconds
[gmrf_wind_mapping_node-2] --> MAP did not converge after 1 iterations.
[gmrf_wind_mapping_node-2] [GMRF] MAP Mean value estimated in 9.82202 milliseconds
[gmrf_wind_mapping_node-2] --> MAP did not converge after 1 iterations.
[gmrf_wind_mapping_node-2] [GMRF] MAP Mean value estimated in 9.81868 milliseconds
[gmrf_wind_mapping_node-2] --> MAP did not converge after 1 iterations.
[gmrf_wind_mapping_node-2] [GMRF] MAP Mean value estimated in 9.81901 milliseconds
[gmrf_wind_mapping_node-2] --> MAP did not converge after 1 iterations.
[gmrf_wind_mapping_node-2] [GMRF] MAP Mean value estimated in 9.82847 milliseconds
[gmrf_wind_mapping_node-2] --> MAP did not converge after 1 iterations.
[gmrf_wind_mapping_node-2] [GMRF] MAP Mean value estimated in 9.83242 milliseconds
[gmrf_wind_mapping_node-2] --> MAP did not converge after 1 iterations.
[gmrf_wind_mapping_node-2] [GMRF] MAP Mean value estimated in 9.84182 milliseconds
[gmrf_wind_mapping_node-2] --> MAP did not converge after 1 iterations.
[gmrf_wind_mapping_node-2] [GMRF] MAP Mean value estimated in 9.83848 milliseconds
[gmrf_wind_mapping_node-2] --> MAP did not converge after 1 iterations.
[gmrf_wind_mapping_node-2] [GMRF] MAP Mean value estimated in 9.84601 milliseconds
[gmrf_wind_mapping_node-2] --> MAP did not converge after 1 iterations.
[gmrf_wind_mapping_node-2] [GMRF] MAP Mean value estimated in 9.8481 milliseconds
[gmrf_wind_mapping_node-2] --> MAP did not converge after 1 iterations.
[gmrf_wind_mapping_node-2] [GMRF] MAP Mean value estimated in 9.8574 milliseconds
[gmrf_wind_mapping_node-2] --> MAP did not converge after 1 iterations.
[gmrf_wind_mapping_node-2] [GMRF] MAP Mean value estimated in 9.85225 milliseconds
[gmrf_wind_mapping_node-2] --> MAP did not converge after 1 iterations.
[gmrf_wind_mapping_node-2] [GMRF] MAP Mean value estimated in 9.85432 milliseconds
[gmrf_wind_mapping_node-2] --> MAP did not converge after 1 iterations.
[gmrf_wind_mapping_node-2] [GMRF] MAP Mean value estimated in 9.85099 milliseconds
[gmrf_wind_mapping_node-2] --> MAP did not converge after 1 iterations.
[gmrf_wind_mapping_node-2] [GMRF] MAP Mean value estimated in 9.84588 milliseconds
[gmrf_wind_mapping_node-2] --> MAP did not converge after 1 iterations.
[gmrf_wind_mapping_node-2] [GMRF] MAP Mean value estimated in 9.839 milliseconds
[gmrf_wind_mapping_node-2] --> MAP did not converge after 1 iterations.
[gmrf_wind_mapping_node-2] [GMRF] MAP Mean value estimated in 9.84643 milliseconds
[gmrf_wind_mapping_node-2] --> MAP did not converge after 1 iterations.
[gmrf_wind_mapping_node-2] [GMRF] MAP Mean value estimated in 9.84135 milliseconds
[gmrf_wind_mapping_node-2] --> MAP did not converge after 1 iterations.
[gmrf_wind_mapping_node-2] [GMRF] MAP Mean value estimated in 9.85053 milliseconds
[gsl_actionserver_node-3] [INFO] [1789221153.277472601] [GSL]: 10 gas measurements, 10 wind measurements over 1.99 seconds
[gsl_actionserver_node-3] [INFO] [1789221153.277565087] [GSL]: avg_gas=0.59;  avg_windSpeed=0.04;  avg_wind_dir=-0.87
[gsl_actionserver_node-3] [INFO] [1789221153.278531364] [GSL]: [33mGAS HIT[0m
[gsl_actionserver_node-3] [INFO] [1789221153.278545482] [GSL]: [DEBUG-WIND] useGroundTruth=false gmrf_req_size=631 gaden_req_size=-1
[gsl_actionserver_node-3] [INFO] [1789221153.278554591] [GSL]: [DEBUG-WIND] Taking GMRF path
[gsl_actionserver_node-3] [INFO] [1789221153.289222588] [GSL - Trace]: [32mEntering StopAndMeasure[0m
[gmrf_wind_mapping_node-2] --> MAP did not converge after 1 iterations.
[gmrf_wind_mapping_node-2] [GMRF] MAP Mean value estimated in 9.84725 milliseconds
[gmrf_wind_mapping_node-2] --> MAP did not converge after 1 iterations.
[gmrf_wind_mapping_node-2] [GMRF] MAP Mean value estimated in 9.84043 milliseconds
[gmrf_wind_mapping_node-2] --> MAP did not converge after 1 iterations.
[gmrf_wind_mapping_node-2] [GMRF] MAP Mean value estimated in 9.8354 milliseconds
[gmrf_wind_mapping_node-2] --> MAP did not converge after 1 iterations.
[gmrf_wind_mapping_node-2] [GMRF] MAP Mean value estimated in 9.84276 milliseconds
[gmrf_wind_mapping_node-2] --> MAP did not converge after 1 iterations.
[gmrf_wind_mapping_node-2] [GMRF] MAP Mean value estimated in 9.83951 milliseconds
[gmrf_wind_mapping_node-2] --> MAP did not converge after 1 iterations.
[gmrf_wind_mapping_node-2] [GMRF] MAP Mean value estimated in 9.84331 milliseconds
[gmrf_wind_mapping_node-2] --> MAP did not converge after 1 iterations.
[gmrf_wind_mapping_node-2] [GMRF] MAP Mean value estimated in 9.83831 milliseconds
[gmrf_wind_mapping_node-2] --> MAP did not converge after 1 iterations.
[gmrf_wind_mapping_node-2] [GMRF] MAP Mean value estimated in 9.84561 milliseconds
[gmrf_wind_mapping_node-2] --> MAP did not converge after 1 iterations.
[gmrf_wind_mapping_node-2] [GMRF] MAP Mean value estimated in 9.84238 milliseconds
[gmrf_wind_mapping_node-2] --> MAP did not converge after 1 iterations.
[gmrf_wind_mapping_node-2] [GMRF] MAP Mean value estimated in 9.84615 milliseconds
[gmrf_wind_mapping_node-2] --> MAP did not converge after 1 iterations.
[gmrf_wind_mapping_node-2] [GMRF] MAP Mean value estimated in 9.84119 milliseconds
[gmrf_wind_mapping_node-2] --> MAP did not converge after 1 iterations.
[gmrf_wind_mapping_node-2] [GMRF] MAP Mean value estimated in 9.85017 milliseconds
[gmrf_wind_mapping_node-2] --> MAP did not converge after 1 iterations.
[gmrf_wind_mapping_node-2] [GMRF] MAP Mean value estimated in 9.84696 milliseconds
[gmrf_wind_mapping_node-2] --> MAP did not converge after 1 iterations.
[gmrf_wind_mapping_node-2] [GMRF] MAP Mean value estimated in 9.85764 milliseconds
[gmrf_wind_mapping_node-2] --> MAP did not converge after 1 iterations.
[gmrf_wind_mapping_node-2] [GMRF] MAP Mean value estimated in 9.85269 milliseconds
[gmrf_wind_mapping_node-2] --> MAP did not converge after 1 iterations.
[gmrf_wind_mapping_node-2] [GMRF] MAP Mean value estimated in 9.85467 milliseconds
[gmrf_wind_mapping_node-2] --> MAP did not converge after 1 iterations.
[gmrf_wind_mapping_node-2] [GMRF] MAP Mean value estimated in 9.85665 milliseconds
[gmrf_wind_mapping_node-2] --> MAP did not converge after 1 iterations.
[gmrf_wind_mapping_node-2] [GMRF] MAP Mean value estimated in 9.86034 milliseconds
[gmrf_wind_mapping_node-2] --> MAP did not converge after 1 iterations.
[gmrf_wind_mapping_node-2] [GMRF] MAP Mean value estimated in 9.85714 milliseconds
[gmrf_wind_mapping_node-2] --> MAP did not converge after 1 iterations.
[gmrf_wind_mapping_node-2] [GMRF] MAP Mean value estimated in 9.85223 milliseconds
[gsl_actionserver_node-3] [INFO] [1789221155.277404101] [GSL]: 10 gas measurements, 10 wind measurements over 1.99 seconds
[gsl_actionserver_node-3] [INFO] [1789221155.277544692] [GSL]: avg_gas=0.61;  avg_windSpeed=0.048;  avg_wind_dir=-1.1
[gsl_actionserver_node-3] [INFO] [1789221155.278314206] [GSL]: [33mGAS HIT[0m
[gsl_actionserver_node-3] [INFO] [1789221155.278329117] [GSL]: [DEBUG-WIND] useGroundTruth=false gmrf_req_size=631 gaden_req_size=-1
[gsl_actionserver_node-3] [INFO] [1789221155.278338083] [GSL]: [DEBUG-WIND] Taking GMRF path
[gsl_actionserver_node-3] [INFO] [1789221155.289602271] [GSL - Trace]: [32mEntering StopAndMeasure[0m
[gmrf_wind_mapping_node-2] --> MAP did not converge after 1 iterations.
[gmrf_wind_mapping_node-2] [GMRF] MAP Mean value estimated in 9.85592 milliseconds
[gmrf_wind_mapping_node-2] --> MAP did not converge after 1 iterations.
[gmrf_wind_mapping_node-2] [GMRF] MAP Mean value estimated in 9.86473 milliseconds
[gmrf_wind_mapping_node-2] --> MAP did not converge after 1 iterations.
[gmrf_wind_mapping_node-2] [GMRF] MAP Mean value estimated in 9.85983 milliseconds
[gmrf_wind_mapping_node-2] --> MAP did not converge after 1 iterations.
[gmrf_wind_mapping_node-2] [GMRF] MAP Mean value estimated in 9.86519 milliseconds
[gmrf_wind_mapping_node-2] --> MAP did not converge after 1 iterations.
[gmrf_wind_mapping_node-2] [GMRF] MAP Mean value estimated in 9.86371 milliseconds
[gmrf_wind_mapping_node-2] --> MAP did not converge after 1 iterations.
[gmrf_wind_mapping_node-2] [GMRF] MAP Mean value estimated in 9.86905 milliseconds
[gmrf_wind_mapping_node-2] --> MAP did not converge after 1 iterations.
[gmrf_wind_mapping_node-2] [GMRF] MAP Mean value estimated in 9.86757 milliseconds
[gmrf_wind_mapping_node-2] --> MAP did not converge after 1 iterations.
[gmrf_wind_mapping_node-2] [GMRF] MAP Mean value estimated in 9.87288 milliseconds
[gmrf_wind_mapping_node-2] --> MAP did not converge after 1 iterations.
[gmrf_wind_mapping_node-2] [GMRF] MAP Mean value estimated in 9.86971 milliseconds
[gmrf_wind_mapping_node-2] --> MAP did not converge after 1 iterations.
[gmrf_wind_mapping_node-2] [GMRF] MAP Mean value estimated in 9.88176 milliseconds
[gmrf_wind_mapping_node-2] --> MAP did not converge after 1 iterations.
[gmrf_wind_mapping_node-2] [GMRF] MAP Mean value estimated in 9.88364 milliseconds
[gmrf_wind_mapping_node-2] --> MAP did not converge after 1 iterations.
[gmrf_wind_mapping_node-2] [GMRF] MAP Mean value estimated in 9.89394 milliseconds
[gmrf_wind_mapping_node-2] --> MAP did not converge after 1 iterations.
[gmrf_wind_mapping_node-2] [GMRF] MAP Mean value estimated in 9.88908 milliseconds
[gmrf_wind_mapping_node-2] --> MAP did not converge after 1 iterations.
[gmrf_wind_mapping_node-2] [GMRF] MAP Mean value estimated in 9.89262 milliseconds
[gmrf_wind_mapping_node-2] --> MAP did not converge after 1 iterations.
[gmrf_wind_mapping_node-2] [GMRF] MAP Mean value estimated in 9.88777 milliseconds
[gmrf_wind_mapping_node-2] --> MAP did not converge after 1 iterations.
[gmrf_wind_mapping_node-2] [GMRF] MAP Mean value estimated in 9.8913 milliseconds
[gmrf_wind_mapping_node-2] --> MAP did not converge after 1 iterations.
[gmrf_wind_mapping_node-2] [GMRF] MAP Mean value estimated in 9.88982 milliseconds
[gmrf_wind_mapping_node-2] --> MAP did not converge after 1 iterations.
[gmrf_wind_mapping_node-2] [GMRF] MAP Mean value estimated in 9.895 milliseconds
[gmrf_wind_mapping_node-2] --> MAP did not converge after 1 iterations.
[gmrf_wind_mapping_node-2] [GMRF] MAP Mean value estimated in 9.89351 milliseconds
[gmrf_wind_mapping_node-2] --> MAP did not converge after 1 iterations.
[gmrf_wind_mapping_node-2] [GMRF] MAP Mean value estimated in 9.89867 milliseconds
[gsl_actionserver_node-3] [INFO] [1789221157.277362029] [GSL]: 10 gas measurements, 10 wind measurements over 1.99 seconds
[gsl_actionserver_node-3] [INFO] [1789221157.277419768] [GSL]: avg_gas=0.62;  avg_windSpeed=0.04;  avg_wind_dir=-0.87
[gsl_actionserver_node-3] [INFO] [1789221157.277995435] [GSL]: [33mGAS HIT[0m
[gsl_actionserver_node-3] [INFO] [1789221157.278006212] [GSL]: [DEBUG-WIND] useGroundTruth=false gmrf_req_size=631 gaden_req_size=-1
[gsl_actionserver_node-3] [INFO] [1789221157.278014103] [GSL]: [DEBUG-WIND] Taking GMRF path
[gsl_actionserver_node-3] [INFO] [1789221157.288942653] [GSL - Trace]: [32mEntering StopAndMeasure[0m
[gmrf_wind_mapping_node-2] --> MAP did not converge after 1 iterations.
[gmrf_wind_mapping_node-2] [GMRF] MAP Mean value estimated in 9.89718 milliseconds
[gmrf_wind_mapping_node-2] --> MAP did not converge after 1 iterations.
[gmrf_wind_mapping_node-2] [GMRF] MAP Mean value estimated in 9.90397 milliseconds
[gmrf_wind_mapping_node-2] --> MAP did not converge after 1 iterations.
[gmrf_wind_mapping_node-2] [GMRF] MAP Mean value estimated in 9.90083 milliseconds
[gmrf_wind_mapping_node-2] --> MAP did not converge after 1 iterations.
[gmrf_wind_mapping_node-2] [GMRF] MAP Mean value estimated in 9.90759 milliseconds
[gmrf_wind_mapping_node-2] --> MAP did not converge after 1 iterations.
[gmrf_wind_mapping_node-2] [GMRF] MAP Mean value estimated in 9.9028 milliseconds
[gmrf_wind_mapping_node-2] --> MAP did not converge after 1 iterations.
[gmrf_wind_mapping_node-2] [GMRF] MAP Mean value estimated in 9.91118 milliseconds
[gmrf_wind_mapping_node-2] --> MAP did not converge after 1 iterations.
[gmrf_wind_mapping_node-2] [GMRF] MAP Mean value estimated in 9.91297 milliseconds
[gmrf_wind_mapping_node-2] --> MAP did not converge after 1 iterations.
[gmrf_wind_mapping_node-2] [GMRF] MAP Mean value estimated in 9.92131 milliseconds
[gmrf_wind_mapping_node-2] --> MAP did not converge after 1 iterations.
[gmrf_wind_mapping_node-2] [GMRF] MAP Mean value estimated in 9.92144 milliseconds
[gmrf_wind_mapping_node-2] --> MAP did not converge after 1 iterations.
[gmrf_wind_mapping_node-2] [GMRF] MAP Mean value estimated in 9.91667 milliseconds
[gmrf_wind_mapping_node-2] --> MAP did not converge after 1 iterations.
[gmrf_wind_mapping_node-2] [GMRF] MAP Mean value estimated in 9.91517 milliseconds
[gmrf_wind_mapping_node-2] --> MAP did not converge after 1 iterations.
[gmrf_wind_mapping_node-2] [GMRF] MAP Mean value estimated in 9.91042 milliseconds
[gmrf_wind_mapping_node-2] --> MAP did not converge after 1 iterations.
[gmrf_wind_mapping_node-2] [GMRF] MAP Mean value estimated in 9.90569 milliseconds
[gmrf_wind_mapping_node-2] --> MAP did not converge after 1 iterations.
[gmrf_wind_mapping_node-2] [GMRF] MAP Mean value estimated in 9.91234 milliseconds
[gmrf_wind_mapping_node-2] --> MAP did not converge after 1 iterations.
[gmrf_wind_mapping_node-2] [GMRF] MAP Mean value estimated in 9.90762 milliseconds
[gmrf_wind_mapping_node-2] --> MAP did not converge after 1 iterations.
[gmrf_wind_mapping_node-2] [GMRF] MAP Mean value estimated in 9.91424 milliseconds
[gmrf_wind_mapping_node-2] --> MAP did not converge after 1 iterations.
[gmrf_wind_mapping_node-2] [GMRF] MAP Mean value estimated in 9.90953 milliseconds
[gmrf_wind_mapping_node-2] --> MAP did not converge after 1 iterations.
[gmrf_wind_mapping_node-2] [GMRF] MAP Mean value estimated in 9.90645 milliseconds
[gmrf_wind_mapping_node-2] --> MAP did not converge after 1 iterations.
[gmrf_wind_mapping_node-2] [GMRF] MAP Mean value estimated in 9.90338 milliseconds
[gmrf_wind_mapping_node-2] --> MAP did not converge after 1 iterations.
[gmrf_wind_mapping_node-2] [GMRF] MAP Mean value estimated in 9.89871 milliseconds
[gsl_actionserver_node-3] [INFO] [1789221159.277339523] [GSL]: 10 gas measurements, 10 wind measurements over 1.99 seconds
[gsl_actionserver_node-3] [INFO] [1789221159.277447635] [GSL]: avg_gas=0.61;  avg_windSpeed=0.048;  avg_wind_dir=-1.1
[gsl_actionserver_node-3] [INFO] [1789221159.278079484] [GSL]: [33mGAS HIT[0m
[gsl_actionserver_node-3] [INFO] [1789221159.278103558] [GSL]: [DEBUG-WIND] useGroundTruth=false gmrf_req_size=631 gaden_req_size=-1
[gsl_actionserver_node-3] [INFO] [1789221159.278111174] [GSL]: [DEBUG-WIND] Taking GMRF path
[gsl_actionserver_node-3] [INFO] [1789221159.295183808] [GSL]: Max mutual info: 6.447
[gsl_actionserver_node-3] [INFO] [1789221159.295417697] [GSL]: MutualInformation - Ellapsed: 0.006s
[gmrf_wind_mapping_node-2] --> MAP did not converge after 1 iterations.
[gmrf_wind_mapping_node-2] [GMRF] MAP Mean value estimated in 9.90209 milliseconds
[vgr_sim_node-1] [WARN] [1789221159.305839642] [vgr_uav_sim]: PLAN_CB: called with goal=(-3.44,-2.50)
[vgr_sim_node-1] [WARN] [1789221159.307660245] [vgr_uav_sim]: PLAN_CB: returning 5 poses
[vgr_sim_node-1] [WARN] [1789221159.320563706] [vgr_uav_sim]: PLAN_CB: called with goal=(-3.44,-2.50)
[vgr_sim_node-1] [WARN] [1789221159.321713783] [vgr_uav_sim]: PLAN_CB: returning 5 poses
[gsl_actionserver_node-3] [INFO] [1789221159.331119926] [GSL]: Sending goal (-3.44, -2.50)
[gsl_actionserver_node-3] [INFO] [1789221159.331846988] [GSL]: Variance: 14.35
[gsl_actionserver_node-3] [INFO] [1789221159.331881022] [GSL - Trace]: [32mEntering Moving[0m
[vgr_sim_node-1] [INFO] [1789221159.332740379] [vgr_uav_sim]: Prepared 5 collision-free navigation waypoints to (-3.44, -2.50)
[vgr_sim_node-1] [INFO] [1789221159.333841048] [vgr_uav_sim]: UAV navigating in audited 2-D mode to (-3.44, -2.50, 0.30)
[gmrf_wind_mapping_node-2] --> MAP did not converge after 1 iterations.
[gmrf_wind_mapping_node-2] [GMRF] MAP Mean value estimated in 9.90545 milliseconds
[gmrf_wind_mapping_node-2] --> MAP did not converge after 1 iterations.
[gmrf_wind_mapping_node-2] [GMRF] MAP Mean value estimated in 9.904 milliseconds
[gmrf_wind_mapping_node-2] --> MAP did not converge after 1 iterations.
[gmrf_wind_mapping_node-2] [GMRF] MAP Mean value estimated in 9.90895 milliseconds
[gmrf_wind_mapping_node-2] --> MAP did not converge after 1 iterations.
[gmrf_wind_mapping_node-2] [GMRF] MAP Mean value estimated in 9.90431 milliseconds
[gmrf_wind_mapping_node-2] --> MAP did not converge after 1 iterations.
[gmrf_wind_mapping_node-2] [GMRF] MAP Mean value estimated in 9.91401 milliseconds
[gmrf_wind_mapping_node-2] --> MAP did not converge after 1 iterations.
[gmrf_wind_mapping_node-2] [GMRF] MAP Mean value estimated in 9.91415 milliseconds
[gmrf_wind_mapping_node-2] --> MAP did not converge after 1 iterations.
[gmrf_wind_mapping_node-2] [GMRF] MAP Mean value estimated in 9.92063 milliseconds
[gmrf_wind_mapping_node-2] --> MAP did not converge after 1 iterations.
[gmrf_wind_mapping_node-2] [GMRF] MAP Mean value estimated in 9.91601 milliseconds
[gsl_actionserver_node-3] [INFO] [1789221160.128051999] [GSL - Trace]: [32mEntering StopAndMeasure[0m
[gmrf_wind_mapping_node-2] --> MAP did not converge after 1 iterations.
[gmrf_wind_mapping_node-2] [GMRF] MAP Mean value estimated in 9.91139 milliseconds
[gmrf_wind_mapping_node-2] --> MAP did not converge after 1 iterations.
[gmrf_wind_mapping_node-2] [GMRF] MAP Mean value estimated in 9.90995 milliseconds
[gmrf_wind_mapping_node-2] --> MAP did not converge after 1 iterations.
[gmrf_wind_mapping_node-2] [GMRF] MAP Mean value estimated in 9.91956 milliseconds
[gmrf_wind_mapping_node-2] --> MAP did not converge after 1 iterations.
[gmrf_wind_mapping_node-2] [GMRF] MAP Mean value estimated in 9.91496 milliseconds
[gmrf_wind_mapping_node-2] --> MAP did not converge after 1 iterations.
[gmrf_wind_mapping_node-2] [GMRF] MAP Mean value estimated in 9.92138 milliseconds
[gmrf_wind_mapping_node-2] --> MAP did not converge after 1 iterations.
[gmrf_wind_mapping_node-2] [GMRF] MAP Mean value estimated in 9.9168 milliseconds
[gmrf_wind_mapping_node-2] --> MAP did not converge after 1 iterations.
[gmrf_wind_mapping_node-2] [GMRF] MAP Mean value estimated in 9.9232 milliseconds
[gmrf_wind_mapping_node-2] --> MAP did not converge after 1 iterations.
[gmrf_wind_mapping_node-2] [GMRF] MAP Mean value estimated in 9.92332 milliseconds
[gmrf_wind_mapping_node-2] --> MAP did not converge after 1 iterations.
[gmrf_wind_mapping_node-2] [GMRF] MAP Mean value estimated in 9.92812 milliseconds
[gmrf_wind_mapping_node-2] --> MAP did not converge after 1 iterations.
[gmrf_wind_mapping_node-2] [GMRF] MAP Mean value estimated in 9.92668 milliseconds
[gmrf_wind_mapping_node-2] --> MAP did not converge after 1 iterations.
[gmrf_wind_mapping_node-2] [GMRF] MAP Mean value estimated in 9.92368 milliseconds
[gmrf_wind_mapping_node-2] --> MAP did not converge after 1 iterations.
[gmrf_wind_mapping_node-2] [GMRF] MAP Mean value estimated in 9.92691 milliseconds
[gmrf_wind_mapping_node-2] --> MAP did not converge after 1 iterations.
[gmrf_wind_mapping_node-2] [GMRF] MAP Mean value estimated in 9.93634 milliseconds
[gmrf_wind_mapping_node-2] --> MAP did not converge after 1 iterations.
[gmrf_wind_mapping_node-2] [GMRF] MAP Mean value estimated in 9.93178 milliseconds
[gmrf_wind_mapping_node-2] --> MAP did not converge after 1 iterations.
[gmrf_wind_mapping_node-2] [GMRF] MAP Mean value estimated in 9.93034 milliseconds
[gmrf_wind_mapping_node-2] --> MAP did not converge after 1 iterations.
[gmrf_wind_mapping_node-2] [GMRF] MAP Mean value estimated in 9.92581 milliseconds
[gmrf_wind_mapping_node-2] --> MAP did not converge after 1 iterations.
[gmrf_wind_mapping_node-2] [GMRF] MAP Mean value estimated in 9.9213 milliseconds
[gmrf_wind_mapping_node-2] --> MAP did not converge after 1 iterations.
[gmrf_wind_mapping_node-2] [GMRF] MAP Mean value estimated in 9.9168 milliseconds
[gmrf_wind_mapping_node-2] --> MAP did not converge after 1 iterations.
[gmrf_wind_mapping_node-2] [GMRF] MAP Mean value estimated in 9.92308 milliseconds
[gmrf_wind_mapping_node-2] --> MAP did not converge after 1 iterations.
[gmrf_wind_mapping_node-2] [GMRF] MAP Mean value estimated in 9.92012 milliseconds
[gsl_actionserver_node-3] [INFO] [1789221162.127616571] [GSL]: 10 gas measurements, 10 wind measurements over 2.00 seconds
[gsl_actionserver_node-3] [INFO] [1789221162.127722111] [GSL]: avg_gas=0.61;  avg_windSpeed=0.032;  avg_wind_dir=-1.5
[gsl_actionserver_node-3] [INFO] [1789221162.129104040] [GSL]: [33mGAS HIT[0m
[gsl_actionserver_node-3] [INFO] [1789221162.129169809] [GSL]: [DEBUG-WIND] useGroundTruth=false gmrf_req_size=631 gaden_req_size=-1
[gsl_actionserver_node-3] [INFO] [1789221162.129182201] [GSL]: [DEBUG-WIND] Taking GMRF path
[gsl_actionserver_node-3] [INFO] [1789221162.189936954] [GSL - Trace]: [32mEntering StopAndMeasure[0m
[gmrf_wind_mapping_node-2] --> MAP did not converge after 1 iterations.
[gmrf_wind_mapping_node-2] [GMRF] MAP Mean value estimated in 9.92638 milliseconds
[gmrf_wind_mapping_node-2] --> MAP did not converge after 1 iterations.
[gmrf_wind_mapping_node-2] [GMRF] MAP Mean value estimated in 9.92496 milliseconds
[gmrf_wind_mapping_node-2] --> MAP did not converge after 1 iterations.
[gmrf_wind_mapping_node-2] [GMRF] MAP Mean value estimated in 9.92966 milliseconds
[gmrf_wind_mapping_node-2] --> MAP did not converge after 1 iterations.
[gmrf_wind_mapping_node-2] [GMRF] MAP Mean value estimated in 9.92519 milliseconds
[gmrf_wind_mapping_node-2] --> MAP did not converge after 1 iterations.
[gmrf_wind_mapping_node-2] [GMRF] MAP Mean value estimated in 9.92683 milliseconds
[gmrf_wind_mapping_node-2] --> MAP did not converge after 1 iterations.
[gmrf_wind_mapping_node-2] [GMRF] MAP Mean value estimated in 9.92237 milliseconds
[gmrf_wind_mapping_node-2] --> MAP did not converge after 1 iterations.
[gmrf_wind_mapping_node-2] [GMRF] MAP Mean value estimated in 9.92097 milliseconds
[gmrf_wind_mapping_node-2] --> MAP did not converge after 1 iterations.
[gmrf_wind_mapping_node-2] [GMRF] MAP Mean value estimated in 9.92261 milliseconds
[gmrf_wind_mapping_node-2] --> MAP did not converge after 1 iterations.
[gmrf_wind_mapping_node-2] [GMRF] MAP Mean value estimated in 9.92576 milliseconds
[gmrf_wind_mapping_node-2] --> MAP did not converge after 1 iterations.
[gmrf_wind_mapping_node-2] [GMRF] MAP Mean value estimated in 9.92284 milliseconds
[gmrf_wind_mapping_node-2] --> MAP did not converge after 1 iterations.
[gmrf_wind_mapping_node-2] [GMRF] MAP Mean value estimated in 9.93353 milliseconds
[gmrf_wind_mapping_node-2] --> MAP did not converge after 1 iterations.
[gmrf_wind_mapping_node-2] [GMRF] MAP Mean value estimated in 9.93062 milliseconds
[gmrf_wind_mapping_node-2] --> MAP did not converge after 1 iterations.
[gmrf_wind_mapping_node-2] [GMRF] MAP Mean value estimated in 9.93524 milliseconds
[gmrf_wind_mapping_node-2] --> MAP did not converge after 1 iterations.
[gmrf_wind_mapping_node-2] [GMRF] MAP Mean value estimated in 9.94135 milliseconds
[gmrf_wind_mapping_node-2] --> MAP did not converge after 1 iterations.
[gmrf_wind_mapping_node-2] [GMRF] MAP Mean value estimated in 9.94294 milliseconds
[gmrf_wind_mapping_node-2] --> MAP did not converge after 1 iterations.
[gmrf_wind_mapping_node-2] [GMRF] MAP Mean value estimated in 9.93853 milliseconds
[gmrf_wind_mapping_node-2] --> MAP did not converge after 1 iterations.
[gmrf_wind_mapping_node-2] [GMRF] MAP Mean value estimated in 9.94611 milliseconds
[gmrf_wind_mapping_node-2] --> MAP did not converge after 1 iterations.
[gmrf_wind_mapping_node-2] [GMRF] MAP Mean value estimated in 9.94918 milliseconds
[gmrf_wind_mapping_node-2] --> MAP did not converge after 1 iterations.
[gmrf_wind_mapping_node-2] [GMRF] MAP Mean value estimated in 9.95821 milliseconds
[gmrf_wind_mapping_node-2] --> MAP did not converge after 1 iterations.
[gmrf_wind_mapping_node-2] [GMRF] MAP Mean value estimated in 9.95678 milliseconds
[gsl_actionserver_node-3] [INFO] [1789221164.127332179] [GSL]: 10 gas measurements, 10 wind measurements over 1.94 seconds
[gsl_actionserver_node-3] [INFO] [1789221164.127397760] [GSL]: avg_gas=0.63;  avg_windSpeed=0.035;  avg_wind_dir=-2
[gsl_actionserver_node-3] [INFO] [1789221164.127940535] [GSL]: [33mGAS HIT[0m
[gsl_actionserver_node-3] [INFO] [1789221164.127950232] [GSL]: [DEBUG-WIND] useGroundTruth=false gmrf_req_size=631 gaden_req_size=-1
[gsl_actionserver_node-3] [INFO] [1789221164.127956910] [GSL]: [DEBUG-WIND] Taking GMRF path
[gsl_actionserver_node-3] [INFO] [1789221164.189435308] [GSL - Trace]: [32mEntering StopAndMeasure[0m
[gmrf_wind_mapping_node-2] --> MAP did not converge after 1 iterations.
[gmrf_wind_mapping_node-2] [GMRF] MAP Mean value estimated in 9.95238 milliseconds
[gmrf_wind_mapping_node-2] --> MAP did not converge after 1 iterations.
[gmrf_wind_mapping_node-2] [GMRF] MAP Mean value estimated in 9.94799 milliseconds
[gmrf_wind_mapping_node-2] --> MAP did not converge after 1 iterations.
[gmrf_wind_mapping_node-2] [GMRF] MAP Mean value estimated in 9.95697 milliseconds
[gmrf_wind_mapping_node-2] --> MAP did not converge after 1 iterations.
[gmrf_wind_mapping_node-2] [GMRF] MAP Mean value estimated in 9.95852 milliseconds
[gmrf_wind_mapping_node-2] --> MAP did not converge after 1 iterations.
[gmrf_wind_mapping_node-2] [GMRF] MAP Mean value estimated in 9.96154 milliseconds
[gmrf_wind_mapping_node-2] --> MAP did not converge after 1 iterations.
[gmrf_wind_mapping_node-2] [GMRF] MAP Mean value estimated in 9.95716 milliseconds
[gmrf_wind_mapping_node-2] --> MAP did not converge after 1 iterations.
[gmrf_wind_mapping_node-2] [GMRF] MAP Mean value estimated in 9.96165 milliseconds
[gmrf_wind_mapping_node-2] --> MAP did not converge after 1 iterations.
[gmrf_wind_mapping_node-2] [GMRF] MAP Mean value estimated in 9.95876 milliseconds
[gmrf_wind_mapping_node-2] --> MAP did not converge after 1 iterations.
[gmrf_wind_mapping_node-2] [GMRF] MAP Mean value estimated in 9.95441 milliseconds
[gmrf_wind_mapping_node-2] --> MAP did not converge after 1 iterations.
[gmrf_wind_mapping_node-2] [GMRF] MAP Mean value estimated in 9.95007 milliseconds
[gmrf_wind_mapping_node-2] --> MAP did not converge after 1 iterations.
[gmrf_wind_mapping_node-2] [GMRF] MAP Mean value estimated in 9.95455 milliseconds
[gmrf_wind_mapping_node-2] --> MAP did not converge after 1 iterations.
[gmrf_wind_mapping_node-2] [GMRF] MAP Mean value estimated in 9.95168 milliseconds
[gmrf_wind_mapping_node-2] --> MAP did not converge after 1 iterations.
[gmrf_wind_mapping_node-2] [GMRF] MAP Mean value estimated in 9.95614 milliseconds
[gmrf_wind_mapping_node-2] --> MAP did not converge after 1 iterations.
[gmrf_wind_mapping_node-2] [GMRF] MAP Mean value estimated in 9.96204 milliseconds
[gmrf_wind_mapping_node-2] --> MAP did not converge after 1 iterations.
[gmrf_wind_mapping_node-2] [GMRF] MAP Mean value estimated in 9.96939 milliseconds
[gmrf_wind_mapping_node-2] --> MAP did not converge after 1 iterations.
[gmrf_wind_mapping_node-2] [GMRF] MAP Mean value estimated in 9.96507 milliseconds
[gmrf_wind_mapping_node-2] --> MAP did not converge after 1 iterations.
[gmrf_wind_mapping_node-2] [GMRF] MAP Mean value estimated in 9.97529 milliseconds
[gmrf_wind_mapping_node-2] --> MAP did not converge after 1 iterations.
[gmrf_wind_mapping_node-2] [GMRF] MAP Mean value estimated in 9.97242 milliseconds
[gmrf_wind_mapping_node-2] --> MAP did not converge after 1 iterations.
[gmrf_wind_mapping_node-2] [GMRF] MAP Mean value estimated in 9.97681 milliseconds
[gmrf_wind_mapping_node-2] --> MAP did not converge after 1 iterations.
[gmrf_wind_mapping_node-2] [GMRF] MAP Mean value estimated in 9.97395 milliseconds
[gsl_actionserver_node-3] [INFO] [1789221166.127411482] [GSL]: 10 gas measurements, 10 wind measurements over 1.94 seconds
[gsl_actionserver_node-3] [INFO] [1789221166.127488381] [GSL]: avg_gas=0.63;  avg_windSpeed=0.032;  avg_wind_dir=-1.5
[gsl_actionserver_node-3] [INFO] [1789221166.128680545] [GSL]: [33mGAS HIT[0m
[gsl_actionserver_node-3] [INFO] [1789221166.128703988] [GSL]: [DEBUG-WIND] useGroundTruth=false gmrf_req_size=631 gaden_req_size=-1
[gsl_actionserver_node-3] [INFO] [1789221166.128714190] [GSL]: [DEBUG-WIND] Taking GMRF path
[gsl_actionserver_node-3] [INFO] [1789221166.190024692] [GSL - Trace]: [32mEntering StopAndMeasure[0m
[gmrf_wind_mapping_node-2] --> MAP did not converge after 1 iterations.
[gmrf_wind_mapping_node-2] [GMRF] MAP Mean value estimated in 9.97977 milliseconds
[gmrf_wind_mapping_node-2] --> MAP did not converge after 1 iterations.
[gmrf_wind_mapping_node-2] [GMRF] MAP Mean value estimated in 9.98557 milliseconds
[gmrf_wind_mapping_node-2] --> MAP did not converge after 1 iterations.
[gmrf_wind_mapping_node-2] [GMRF] MAP Mean value estimated in 9.99135 milliseconds
[gmrf_wind_mapping_node-2] --> MAP did not converge after 1 iterations.
[gmrf_wind_mapping_node-2] [GMRF] MAP Mean value estimated in 9.98993 milliseconds
[gmrf_wind_mapping_node-2] --> MAP did not converge after 1 iterations.
[gmrf_wind_mapping_node-2] [GMRF] MAP Mean value estimated in 9.98994 milliseconds
[gmrf_wind_mapping_node-2] --> MAP did not converge after 1 iterations.
[gmrf_wind_mapping_node-2] [GMRF] MAP Mean value estimated in 9.98565 milliseconds
[gmrf_wind_mapping_node-2] --> MAP did not converge after 1 iterations.
[gmrf_wind_mapping_node-2] [GMRF] MAP Mean value estimated in 9.99284 milliseconds
[gmrf_wind_mapping_node-2] --> MAP did not converge after 1 iterations.
[gmrf_wind_mapping_node-2] [GMRF] MAP Mean value estimated in 9.98712 milliseconds
[gmrf_wind_mapping_node-2] --> MAP did not converge after 1 iterations.
[gmrf_wind_mapping_node-2] [GMRF] MAP Mean value estimated in 9.99 milliseconds
[gmrf_wind_mapping_node-2] --> MAP did not converge after 1 iterations.
[gmrf_wind_mapping_node-2] [GMRF] MAP Mean value estimated in 9.98859 milliseconds
[gmrf_wind_mapping_node-2] --> MAP did not converge after 1 iterations.
[gmrf_wind_mapping_node-2] [GMRF] MAP Mean value estimated in 9.99288 milliseconds
[gmrf_wind_mapping_node-2] --> MAP did not converge after 1 iterations.
[gmrf_wind_mapping_node-2] [GMRF] MAP Mean value estimated in 9.99147 milliseconds
[gmrf_wind_mapping_node-2] --> MAP did not converge after 1 iterations.
[gmrf_wind_mapping_node-2] [GMRF] MAP Mean value estimated in 10 milliseconds
[gmrf_wind_mapping_node-2] --> MAP did not converge after 1 iterations.
[gmrf_wind_mapping_node-2] [GMRF] MAP Mean value estimated in 9.99858 milliseconds
[gmrf_wind_mapping_node-2] --> MAP did not converge after 1 iterations.
[gmrf_wind_mapping_node-2] [GMRF] MAP Mean value estimated in 10 milliseconds
[gmrf_wind_mapping_node-2] --> MAP did not converge after 1 iterations.
[gmrf_wind_mapping_node-2] [GMRF] MAP Mean value estimated in 10.0014 milliseconds
[gmrf_wind_mapping_node-2] --> MAP did not converge after 1 iterations.
[gmrf_wind_mapping_node-2] [GMRF] MAP Mean value estimated in 10 milliseconds
[gmrf_wind_mapping_node-2] --> MAP did not converge after 1 iterations.
[gmrf_wind_mapping_node-2] [GMRF] MAP Mean value estimated in 9.99577 milliseconds
[gmrf_wind_mapping_node-2] --> MAP did not converge after 1 iterations.
[gmrf_wind_mapping_node-2] [GMRF] MAP Mean value estimated in 9.99155 milliseconds
[gmrf_wind_mapping_node-2] --> MAP did not converge after 1 iterations.
[gmrf_wind_mapping_node-2] [GMRF] MAP Mean value estimated in 9.99015 milliseconds
[gsl_actionserver_node-3] [INFO] [1789221168.127586924] [GSL]: 10 gas measurements, 10 wind measurements over 1.94 seconds
[gsl_actionserver_node-3] [INFO] [1789221168.127800380] [GSL]: avg_gas=0.64;  avg_windSpeed=0.035;  avg_wind_dir=-2
[gsl_actionserver_node-3] [INFO] [1789221168.128788781] [GSL]: [33mGAS HIT[0m
[gsl_actionserver_node-3] [INFO] [1789221168.128807244] [GSL]: [DEBUG-WIND] useGroundTruth=false gmrf_req_size=631 gaden_req_size=-1
[gsl_actionserver_node-3] [INFO] [1789221168.128819245] [GSL]: [DEBUG-WIND] Taking GMRF path
[gsl_actionserver_node-3] [INFO] [1789221168.190060951] [GSL - Trace]: [32mEntering StopAndMeasure[0m
[gmrf_wind_mapping_node-2] --> MAP did not converge after 1 iterations.
[gmrf_wind_mapping_node-2] [GMRF] MAP Mean value estimated in 9.99298 milliseconds
[gmrf_wind_mapping_node-2] --> MAP did not converge after 1 iterations.
[gmrf_wind_mapping_node-2] [GMRF] MAP Mean value estimated in 9.99439 milliseconds
[gmrf_wind_mapping_node-2] --> MAP did not converge after 1 iterations.
[gmrf_wind_mapping_node-2] [GMRF] MAP Mean value estimated in 9.9986 milliseconds
[gmrf_wind_mapping_node-2] --> MAP did not converge after 1 iterations.
[gmrf_wind_mapping_node-2] [GMRF] MAP Mean value estimated in 9.9972 milliseconds
[gmrf_wind_mapping_node-2] --> MAP did not converge after 1 iterations.
[gmrf_wind_mapping_node-2] [GMRF] MAP Mean value estimated in 10.0014 milliseconds
[gmrf_wind_mapping_node-2] --> MAP did not converge after 1 iterations.
[gmrf_wind_mapping_node-2] [GMRF] MAP Mean value estimated in 9.99721 milliseconds
[gmrf_wind_mapping_node-2] --> MAP did not converge after 1 iterations.
[gmrf_wind_mapping_node-2] [GMRF] MAP Mean value estimated in 10.0042 milliseconds
[gmrf_wind_mapping_node-2] --> MAP did not converge after 1 iterations.
[gmrf_wind_mapping_node-2] [GMRF] MAP Mean value estimated in 10 milliseconds
[gmrf_wind_mapping_node-2] --> MAP did not converge after 1 iterations.
[gmrf_wind_mapping_node-2] [GMRF] MAP Mean value estimated in 10.0042 milliseconds
[gmrf_wind_mapping_node-2] --> MAP did not converge after 1 iterations.
[gmrf_wind_mapping_node-2] [GMRF] MAP Mean value estimated in 9.99861 milliseconds
[gmrf_wind_mapping_node-2] --> MAP did not converge after 1 iterations.
[gmrf_wind_mapping_node-2] [GMRF] MAP Mean value estimated in 10.0028 milliseconds
[gmrf_wind_mapping_node-2] --> MAP did not converge after 1 iterations.
[gmrf_wind_mapping_node-2] [GMRF] MAP Mean value estimated in 10.0028 milliseconds
[gmrf_wind_mapping_node-2] --> MAP did not converge after 1 iterations.
[gmrf_wind_mapping_node-2] [GMRF] MAP Mean value estimated in 10.0097 milliseconds
[gmrf_wind_mapping_node-2] --> MAP did not converge after 1 iterations.
[gmrf_wind_mapping_node-2] [GMRF] MAP Mean value estimated in 10.0055 milliseconds
[gmrf_wind_mapping_node-2] --> MAP did not converge after 1 iterations.
[gmrf_wind_mapping_node-2] [GMRF] MAP Mean value estimated in 10.0055 milliseconds
[gmrf_wind_mapping_node-2] --> MAP did not converge after 1 iterations.
[gmrf_wind_mapping_node-2] [GMRF] MAP Mean value estimated in 10.0041 milliseconds
[gmrf_wind_mapping_node-2] --> MAP did not converge after 1 iterations.
[gmrf_wind_mapping_node-2] [GMRF] MAP Mean value estimated in 10.0014 milliseconds
[gmrf_wind_mapping_node-2] --> MAP did not converge after 1 iterations.
[gmrf_wind_mapping_node-2] [GMRF] MAP Mean value estimated in 10 milliseconds
[gmrf_wind_mapping_node-2] --> MAP did not converge after 1 iterations.
[gmrf_wind_mapping_node-2] [GMRF] MAP Mean value estimated in 9.99726 milliseconds
[gmrf_wind_mapping_node-2] --> MAP did not converge after 1 iterations.
[gmrf_wind_mapping_node-2] [GMRF] MAP Mean value estimated in 9.99179 milliseconds
[gsl_actionserver_node-3] [INFO] [1789221170.127797967] [GSL]: 10 gas measurements, 10 wind measurements over 1.94 seconds
[gsl_actionserver_node-3] [INFO] [1789221170.127886127] [GSL]: avg_gas=0.64;  avg_windSpeed=0.032;  avg_wind_dir=-1.5
[gsl_actionserver_node-3] [INFO] [1789221170.129619930] [GSL]: [33mGAS HIT[0m
[gsl_actionserver_node-3] [INFO] [1789221170.129667969] [GSL]: [DEBUG-WIND] useGroundTruth=false gmrf_req_size=631 gaden_req_size=-1
[gsl_actionserver_node-3] [INFO] [1789221170.129681633] [GSL]: [DEBUG-WIND] Taking GMRF path
[gsl_actionserver_node-3] [INFO] [1789221170.190001448] [GSL - Trace]: [32mEntering StopAndMeasure[0m
[gmrf_wind_mapping_node-2] --> MAP did not converge after 1 iterations.
[gmrf_wind_mapping_node-2] [GMRF] MAP Mean value estimated in 9.9959 milliseconds
[gmrf_wind_mapping_node-2] --> MAP did not converge after 1 iterations.
[gmrf_wind_mapping_node-2] [GMRF] MAP Mean value estimated in 9.99864 milliseconds
[gmrf_wind_mapping_node-2] --> MAP did not converge after 1 iterations.
[gmrf_wind_mapping_node-2] [GMRF] MAP Mean value estimated in 10.0027 milliseconds
[gmrf_wind_mapping_node-2] --> MAP did not converge after 1 iterations.
[gmrf_wind_mapping_node-2] [GMRF] MAP Mean value estimated in 10.0082 milliseconds
[gmrf_wind_mapping_node-2] --> MAP did not converge after 1 iterations.
[gmrf_wind_mapping_node-2] [GMRF] MAP Mean value estimated in 10.0122 milliseconds
[gmrf_wind_mapping_node-2] --> MAP did not converge after 1 iterations.
[gmrf_wind_mapping_node-2] [GMRF] MAP Mean value estimated in 10.0122 milliseconds
[gmrf_wind_mapping_node-2] --> MAP did not converge after 1 iterations.
[gmrf_wind_mapping_node-2] [GMRF] MAP Mean value estimated in 10.0149 milliseconds
[gmrf_wind_mapping_node-2] --> MAP did not converge after 1 iterations.
[gmrf_wind_mapping_node-2] [GMRF] MAP Mean value estimated in 10.0122 milliseconds
[gmrf_wind_mapping_node-2] --> MAP did not converge after 1 iterations.
[gmrf_wind_mapping_node-2] [GMRF] MAP Mean value estimated in 10.0108 milliseconds
[gmrf_wind_mapping_node-2] --> MAP did not converge after 1 iterations.
[gmrf_wind_mapping_node-2] [GMRF] MAP Mean value estimated in 10.0067 milliseconds
[gmrf_wind_mapping_node-2] --> MAP did not converge after 1 iterations.
[gmrf_wind_mapping_node-2] [GMRF] MAP Mean value estimated in 10.0067 milliseconds
[gmrf_wind_mapping_node-2] --> MAP did not converge after 1 iterations.
[gmrf_wind_mapping_node-2] [GMRF] MAP Mean value estimated in 10.0081 milliseconds
[gmrf_wind_mapping_node-2] --> MAP did not converge after 1 iterations.
[gmrf_wind_mapping_node-2] [GMRF] MAP Mean value estimated in 10.0134 milliseconds
[gmrf_wind_mapping_node-2] --> MAP did not converge after 1 iterations.
[gmrf_wind_mapping_node-2] [GMRF] MAP Mean value estimated in 10.0107 milliseconds
[gmrf_wind_mapping_node-2] --> MAP did not converge after 1 iterations.
[gmrf_wind_mapping_node-2] [GMRF] MAP Mean value estimated in 10.0161 milliseconds
[gmrf_wind_mapping_node-2] --> MAP did not converge after 1 iterations.
[gmrf_wind_mapping_node-2] [GMRF] MAP Mean value estimated in 10.0161 milliseconds
[gmrf_wind_mapping_node-2] --> MAP did not converge after 1 iterations.
[gmrf_wind_mapping_node-2] [GMRF] MAP Mean value estimated in 10.016 milliseconds
[gmrf_wind_mapping_node-2] --> MAP did not converge after 1 iterations.
[gmrf_wind_mapping_node-2] [GMRF] MAP Mean value estimated in 10.0147 milliseconds
[gmrf_wind_mapping_node-2] --> MAP did not converge after 1 iterations.
[gmrf_wind_mapping_node-2] [GMRF] MAP Mean value estimated in 10.0187 milliseconds
[gsl_actionserver_node-3] [INFO] [1789221172.077427256] [GSL]: 10 gas measurements, 10 wind measurements over 1.89 seconds
[gsl_actionserver_node-3] [INFO] [1789221172.077490677] [GSL]: avg_gas=0.63;  avg_windSpeed=0.035;  avg_wind_dir=-2
[gsl_actionserver_node-3] [INFO] [1789221172.078038117] [GSL]: [33mGAS HIT[0m
[gsl_actionserver_node-3] [INFO] [1789221172.078048332] [GSL]: [DEBUG-WIND] useGroundTruth=false gmrf_req_size=631 gaden_req_size=-1
[gsl_actionserver_node-3] [INFO] [1789221172.078055267] [GSL]: [DEBUG-WIND] Taking GMRF path
[gsl_actionserver_node-3] [INFO] [1789221172.089175215] [GSL - Trace]: [32mEntering StopAndMeasure[0m
[gmrf_wind_mapping_node-2] --> MAP did not converge after 1 iterations.
[gmrf_wind_mapping_node-2] [GMRF] MAP Mean value estimated in 10.02 milliseconds
[gmrf_wind_mapping_node-2] --> MAP did not converge after 1 iterations.
[gmrf_wind_mapping_node-2] [GMRF] MAP Mean value estimated in 10.0213 milliseconds
[gmrf_wind_mapping_node-2] --> MAP did not converge after 1 iterations.
[gmrf_wind_mapping_node-2] [GMRF] MAP Mean value estimated in 10.0212 milliseconds
[gmrf_wind_mapping_node-2] --> MAP did not converge after 1 iterations.
[gmrf_wind_mapping_node-2] [GMRF] MAP Mean value estimated in 10.0279 milliseconds
[gmrf_wind_mapping_node-2] --> MAP did not converge after 1 iterations.
[gmrf_wind_mapping_node-2] [GMRF] MAP Mean value estimated in 10.0278 milliseconds
[gmrf_wind_mapping_node-2] --> MAP did not converge after 1 iterations.
[gmrf_wind_mapping_node-2] [GMRF] MAP Mean value estimated in 10.0344 milliseconds
[gmrf_wind_mapping_node-2] --> MAP did not converge after 1 iterations.
[gmrf_wind_mapping_node-2] [GMRF] MAP Mean value estimated in 10.0343 milliseconds
[gmrf_wind_mapping_node-2] --> MAP did not converge after 1 iterations.
[gmrf_wind_mapping_node-2] [GMRF] MAP Mean value estimated in 10.0356 milliseconds
[gmrf_wind_mapping_node-2] --> MAP did not converge after 1 iterations.
[gmrf_wind_mapping_node-2] [GMRF] MAP Mean value estimated in 10.0356 milliseconds
[gmrf_wind_mapping_node-2] --> MAP did not converge after 1 iterations.
[gmrf_wind_mapping_node-2] [GMRF] MAP Mean value estimated in 10.0342 milliseconds
[gmrf_wind_mapping_node-2] --> MAP did not converge after 1 iterations.
[gmrf_wind_mapping_node-2] [GMRF] MAP Mean value estimated in 10.0302 milliseconds
[gmrf_wind_mapping_node-2] --> MAP did not converge after 1 iterations.
[gmrf_wind_mapping_node-2] [GMRF] MAP Mean value estimated in 10.0367 milliseconds
[gmrf_wind_mapping_node-2] --> MAP did not converge after 1 iterations.
[gmrf_wind_mapping_node-2] [GMRF] MAP Mean value estimated in 10.0328 milliseconds
[gmrf_wind_mapping_node-2] --> MAP did not converge after 1 iterations.
[gmrf_wind_mapping_node-2] [GMRF] MAP Mean value estimated in 10.0353 milliseconds
[gmrf_wind_mapping_node-2] --> MAP did not converge after 1 iterations.
[gmrf_wind_mapping_node-2] [GMRF] MAP Mean value estimated in 10.0327 milliseconds
[gmrf_wind_mapping_node-2] --> MAP did not converge after 1 iterations.
[gmrf_wind_mapping_node-2] [GMRF] MAP Mean value estimated in 10.0366 milliseconds
[gmrf_wind_mapping_node-2] --> MAP did not converge after 1 iterations.
[gmrf_wind_mapping_node-2] [GMRF] MAP Mean value estimated in 10.0378 milliseconds
[gmrf_wind_mapping_node-2] --> MAP did not converge after 1 iterations.
[gmrf_wind_mapping_node-2] [GMRF] MAP Mean value estimated in 10.0326 milliseconds
[gmrf_wind_mapping_node-2] --> MAP did not converge after 1 iterations.
[gmrf_wind_mapping_node-2] [GMRF] MAP Mean value estimated in 10.0325 milliseconds
[gmrf_wind_mapping_node-2] --> MAP did not converge after 1 iterations.
[gmrf_wind_mapping_node-2] [GMRF] MAP Mean value estimated in 10.0377 milliseconds
[gsl_actionserver_node-3] [INFO] [1789221174.077362306] [GSL]: 10 gas measurements, 10 wind measurements over 1.99 seconds
[gsl_actionserver_node-3] [INFO] [1789221174.077421884] [GSL]: avg_gas=0.63;  avg_windSpeed=0.032;  avg_wind_dir=-1.5
[gsl_actionserver_node-3] [INFO] [1789221174.077932869] [GSL]: [33mGAS HIT[0m
[gsl_actionserver_node-3] [INFO] [1789221174.078196585] [GSL]: [DEBUG-WIND] useGroundTruth=false gmrf_req_size=631 gaden_req_size=-1
[gsl_actionserver_node-3] [INFO] [1789221174.078216921] [GSL]: [DEBUG-WIND] Taking GMRF path
[gsl_actionserver_node-3] [INFO] [1789221174.088985988] [GSL - Trace]: [32mEntering StopAndMeasure[0m
[gmrf_wind_mapping_node-2] --> MAP did not converge after 1 iterations.
[gmrf_wind_mapping_node-2] [GMRF] MAP Mean value estimated in 10.035 milliseconds
[gmrf_wind_mapping_node-2] --> MAP did not converge after 1 iterations.
[gmrf_wind_mapping_node-2] [GMRF] MAP Mean value estimated in 10.0311 milliseconds
[gmrf_wind_mapping_node-2] --> MAP did not converge after 1 iterations.
[gmrf_wind_mapping_node-2] [GMRF] MAP Mean value estimated in 10.031 milliseconds
[gmrf_wind_mapping_node-2] --> MAP did not converge after 1 iterations.
[gmrf_wind_mapping_node-2] [GMRF] MAP Mean value estimated in 10.0323 milliseconds
[gmrf_wind_mapping_node-2] --> MAP did not converge after 1 iterations.
[gmrf_wind_mapping_node-2] [GMRF] MAP Mean value estimated in 10.031 milliseconds
[gmrf_wind_mapping_node-2] --> MAP did not converge after 1 iterations.
[gmrf_wind_mapping_node-2] [GMRF] MAP Mean value estimated in 10.0374 milliseconds
[gmrf_wind_mapping_node-2] --> MAP did not converge after 1 iterations.
[gmrf_wind_mapping_node-2] [GMRF] MAP Mean value estimated in 10.0373 milliseconds
[gmrf_wind_mapping_node-2] --> MAP did not converge after 1 iterations.
[gmrf_wind_mapping_node-2] [GMRF] MAP Mean value estimated in 10.0398 milliseconds
[gmrf_wind_mapping_node-2] --> MAP did not converge after 1 iterations.
[gmrf_wind_mapping_node-2] [GMRF] MAP Mean value estimated in 10.0372 milliseconds
[gmrf_wind_mapping_node-2] --> MAP did not converge after 1 iterations.
[gmrf_wind_mapping_node-2] [GMRF] MAP Mean value estimated in 10.0346 milliseconds
[gmrf_wind_mapping_node-2] --> MAP did not converge after 1 iterations.
[gmrf_wind_mapping_node-2] [GMRF] MAP Mean value estimated in 10.0307 milliseconds
[gmrf_wind_mapping_node-2] --> MAP did not converge after 1 iterations.
[gmrf_wind_mapping_node-2] [GMRF] MAP Mean value estimated in 10.032 milliseconds
[gmrf_wind_mapping_node-2] --> MAP did not converge after 1 iterations.
[gmrf_wind_mapping_node-2] [GMRF] MAP Mean value estimated in 10.0358 milliseconds
[gmrf_wind_mapping_node-2] --> MAP did not converge after 1 iterations.
[gmrf_wind_mapping_node-2] [GMRF] MAP Mean value estimated in 10.0383 milliseconds
[gmrf_wind_mapping_node-2] --> MAP did not converge after 1 iterations.
[gmrf_wind_mapping_node-2] [GMRF] MAP Mean value estimated in 10.0357 milliseconds
[gmrf_wind_mapping_node-2] --> MAP did not converge after 1 iterations.
[gmrf_wind_mapping_node-2] [GMRF] MAP Mean value estimated in 10.0318 milliseconds
[gmrf_wind_mapping_node-2] --> MAP did not converge after 1 iterations.
[gmrf_wind_mapping_node-2] [GMRF] MAP Mean value estimated in 10.028 milliseconds
[gmrf_wind_mapping_node-2] --> MAP did not converge after 1 iterations.
[gmrf_wind_mapping_node-2] [GMRF] MAP Mean value estimated in 10.0266 milliseconds
[gmrf_wind_mapping_node-2] --> MAP did not converge after 1 iterations.
[gmrf_wind_mapping_node-2] [GMRF] MAP Mean value estimated in 10.0241 milliseconds
[gmrf_wind_mapping_node-2] --> MAP did not converge after 1 iterations.
[gmrf_wind_mapping_node-2] [GMRF] MAP Mean value estimated in 10.0278 milliseconds
[gmrf_wind_mapping_node-2] --> MAP did not converge after 1 iterations.
[gmrf_wind_mapping_node-2] [GMRF] MAP Mean value estimated in 10.024 milliseconds
[gsl_actionserver_node-3] [INFO] [1789221176.127612129] [GSL]: 10 gas measurements, 10 wind measurements over 2.04 seconds
[gsl_actionserver_node-3] [INFO] [1789221176.127724211] [GSL]: avg_gas=0.66;  avg_windSpeed=0.035;  avg_wind_dir=-2
[gsl_actionserver_node-3] [INFO] [1789221176.128549492] [GSL]: [33mGAS HIT[0m
[gsl_actionserver_node-3] [INFO] [1789221176.128563479] [GSL]: [DEBUG-WIND] useGroundTruth=false gmrf_req_size=631 gaden_req_size=-1
[gsl_actionserver_node-3] [INFO] [1789221176.128573721] [GSL]: [DEBUG-WIND] Taking GMRF path
[gsl_actionserver_node-3] [INFO] [1789221176.189869361] [GSL]: [33mStarted simulations. Might take a while![0m
[gmrf_wind_mapping_node-2] --> MAP did not converge after 1 iterations.
[gmrf_wind_mapping_node-2] [GMRF] MAP Mean value estimated in 10.0341 milliseconds
[gsl_actionserver_node-3] [INFO] [1789221176.301868529] [GSL]: CER contrastive context initialized: events=32, candidates=62, transport_members=1, fixed_ratio_weight=1, context_within_member=true, centered_log_odds=false, transport_pool=arithmetic_mixture
[gmrf_wind_mapping_node-2] --> MAP did not converge after 1 iterations.
[gmrf_wind_mapping_node-2] [GMRF] MAP Mean value estimated in 10.0441 milliseconds
[gmrf_wind_mapping_node-2] --> MAP did not converge after 1 iterations.
[gmrf_wind_mapping_node-2] [GMRF] MAP Mean value estimated in 10.039 milliseconds
[gsl_actionserver_node-3] [INFO] [1789221176.405288702] [GSL - Trace]: [32mFirst simulation level done[0m
[gsl_actionserver_node-3] [INFO] [1789221176.405751775] [GSL]: [RC2-DIAG] scores_size=62 refineFraction=0.25 refine_product=15.5 valid_first_level=62 sum_sourceProbInternal_before_norm=6.472811868085007 min_sourceProbInternal_before_norm=0 max_sourceProbInternal_before_norm=0.3537752127441195 finite_sourceProbInternal=1053 finite_varianceOfHitProb=1053
[gsl_actionserver_node-3] [INFO] [1789221176.498684149] [GSL - Trace]: [32mSimulation level 2 done[0m
[gmrf_wind_mapping_node-2] --> MAP did not converge after 1 iterations.
[gmrf_wind_mapping_node-2] [GMRF] MAP Mean value estimated in 10.0428 milliseconds
[gsl_actionserver_node-3] [INFO] [1789221176.557708543] [GSL - Trace]: [32mSimulation level 3 done[0m
[gsl_actionserver_node-3] [INFO] [1789221176.581202290] [GSL - Trace]: [32mSimulation level 4 done[0m
[gsl_actionserver_node-3] [INFO] [1789221176.581687374] [GSL - Trace]: [32mSimulation level 5 done[0m
[gsl_actionserver_node-3] [INFO] [1789221176.581701009] [GSL]: Number of levels in the simulation: 5
[gsl_actionserver_node-3] [INFO] [1789221176.581709244] [GSL]: Total number of simulations: 158
[gsl_actionserver_node-3] [INFO] [1789221176.582720012] [GSL]: [RC2-DIAG] normalized_finite_count=1053 normalized_sum=1
[gsl_actionserver_node-3] [INFO] [1789221176.582748623] [GSL]: Time ellapsed in simulation = 0.39277182000000005 s
[gsl_actionserver_node-3] [INFO] [1789221176.596904894] [GSL]: Max mutual info: 2.889
[gsl_actionserver_node-3] [INFO] [1789221176.597081059] [GSL]: MutualInformation - Ellapsed: 0.003s
[vgr_sim_node-1] [WARN] [1789221176.601970913] [vgr_uav_sim]: PLAN_CB: called with goal=(-1.94,-1.30)
[vgr_sim_node-1] [WARN] [1789221176.607101992] [vgr_uav_sim]: PLAN_CB: returning 7 poses
[gmrf_wind_mapping_node-2] --> MAP did not converge after 1 iterations.
[gmrf_wind_mapping_node-2] [GMRF] MAP Mean value estimated in 10.0528 milliseconds
[vgr_sim_node-1] [WARN] [1789221176.613816521] [vgr_uav_sim]: PLAN_CB: called with goal=(-1.94,-1.30)
[vgr_sim_node-1] [WARN] [1789221176.615387239] [vgr_uav_sim]: PLAN_CB: returning 7 poses
[gsl_actionserver_node-3] [INFO] [1789221176.624515855] [GSL]: Sending goal (-1.94, -1.30)
[gsl_actionserver_node-3] [INFO] [1789221176.625064631] [GSL]: Variance: 0.54
[gsl_actionserver_node-3] [INFO] [1789221176.625088775] [GSL - Trace]: [32mEntering Moving[0m
[vgr_sim_node-1] [INFO] [1789221176.626797359] [vgr_uav_sim]: Prepared 7 collision-free navigation waypoints to (-1.94, -1.30)
[vgr_sim_node-1] [INFO] [1789221176.627812737] [vgr_uav_sim]: UAV navigating in audited 2-D mode to (-1.94, -1.30, 0.30)
[gmrf_wind_mapping_node-2] --> MAP did not converge after 1 iterations.
[gmrf_wind_mapping_node-2] [GMRF] MAP Mean value estimated in 10.054 milliseconds
[gmrf_wind_mapping_node-2] --> MAP did not converge after 1 iterations.
[gmrf_wind_mapping_node-2] [GMRF] MAP Mean value estimated in 10.0501 milliseconds
[gmrf_wind_mapping_node-2] --> MAP did not converge after 1 iterations.
[gmrf_wind_mapping_node-2] [GMRF] MAP Mean value estimated in 10.0501 milliseconds
[gmrf_wind_mapping_node-2] --> MAP did not converge after 1 iterations.
[gmrf_wind_mapping_node-2] [GMRF] MAP Mean value estimated in 10.0512 milliseconds
[gmrf_wind_mapping_node-2] --> MAP did not converge after 1 iterations.
[gmrf_wind_mapping_node-2] [GMRF] MAP Mean value estimated in 10.0487 milliseconds
[gmrf_wind_mapping_node-2] --> MAP did not converge after 1 iterations.
[gmrf_wind_mapping_node-2] [GMRF] MAP Mean value estimated in 10.0511 milliseconds
[gmrf_wind_mapping_node-2] --> MAP did not converge after 1 iterations.
[gmrf_wind_mapping_node-2] [GMRF] MAP Mean value estimated in 10.0511 milliseconds
[gmrf_wind_mapping_node-2] --> MAP did not converge after 1 iterations.
[gmrf_wind_mapping_node-2] [GMRF] MAP Mean value estimated in 10.056 milliseconds
[gmrf_wind_mapping_node-2] --> MAP did not converge after 1 iterations.
[gmrf_wind_mapping_node-2] [GMRF] MAP Mean value estimated in 10.0547 milliseconds
[gmrf_wind_mapping_node-2] --> MAP did not converge after 1 iterations.
[gmrf_wind_mapping_node-2] [GMRF] MAP Mean value estimated in 10.0608 milliseconds
[gmrf_wind_mapping_node-2] --> MAP did not converge after 1 iterations.
[gmrf_wind_mapping_node-2] [GMRF] MAP Mean value estimated in 10.057 milliseconds
[gmrf_wind_mapping_node-2] --> MAP did not converge after 1 iterations.
[gmrf_wind_mapping_node-2] [GMRF] MAP Mean value estimated in 10.0545 milliseconds
[gmrf_wind_mapping_node-2] --> MAP did not converge after 1 iterations.
[gmrf_wind_mapping_node-2] [GMRF] MAP Mean value estimated in 10.0507 milliseconds
[gsl_actionserver_node-3] [INFO] [1789221177.898954780] [GSL - Trace]: [32mEntering StopAndMeasure[0m
[gmrf_wind_mapping_node-2] --> MAP did not converge after 1 iterations.
[gmrf_wind_mapping_node-2] [GMRF] MAP Mean value estimated in 10.0469 milliseconds
[gmrf_wind_mapping_node-2] --> MAP did not converge after 1 iterations.
[gmrf_wind_mapping_node-2] [GMRF] MAP Mean value estimated in 10.0432 milliseconds
[gmrf_wind_mapping_node-2] --> MAP did not converge after 1 iterations.
[gmrf_wind_mapping_node-2] [GMRF] MAP Mean value estimated in 10.048 milliseconds
[gmrf_wind_mapping_node-2] --> MAP did not converge after 1 iterations.
[gmrf_wind_mapping_node-2] [GMRF] MAP Mean value estimated in 10.0443 milliseconds
[gmrf_wind_mapping_node-2] --> MAP did not converge after 1 iterations.
[gmrf_wind_mapping_node-2] [GMRF] MAP Mean value estimated in 10.0491 milliseconds
[gmrf_wind_mapping_node-2] --> MAP did not converge after 1 iterations.
[gmrf_wind_mapping_node-2] [GMRF] MAP Mean value estimated in 10.0491 milliseconds
[gmrf_wind_mapping_node-2] --> MAP did not converge after 1 iterations.
[gmrf_wind_mapping_node-2] [GMRF] MAP Mean value estimated in 10.0515 milliseconds
[gmrf_wind_mapping_node-2] --> MAP did not converge after 1 iterations.
[gmrf_wind_mapping_node-2] [GMRF] MAP Mean value estimated in 10.0502 milliseconds
[gmrf_wind_mapping_node-2] --> MAP did not converge after 1 iterations.
[gmrf_wind_mapping_node-2] [GMRF] MAP Mean value estimated in 10.0489 milliseconds
[gmrf_wind_mapping_node-2] --> MAP did not converge after 1 iterations.
[gmrf_wind_mapping_node-2] [GMRF] MAP Mean value estimated in 10.0452 milliseconds
[gmrf_wind_mapping_node-2] --> MAP did not converge after 1 iterations.
[gmrf_wind_mapping_node-2] [GMRF] MAP Mean value estimated in 10.0427 milliseconds
[gmrf_wind_mapping_node-2] --> MAP did not converge after 1 iterations.
[gmrf_wind_mapping_node-2] [GMRF] MAP Mean value estimated in 10.039 milliseconds
[gmrf_wind_mapping_node-2] --> MAP did not converge after 1 iterations.
[gmrf_wind_mapping_node-2] [GMRF] MAP Mean value estimated in 10.0377 milliseconds
[gmrf_wind_mapping_node-2] --> MAP did not converge after 1 iterations.
[gmrf_wind_mapping_node-2] [GMRF] MAP Mean value estimated in 10.0328 milliseconds
[gmrf_wind_mapping_node-2] --> MAP did not converge after 1 iterations.
[gmrf_wind_mapping_node-2] [GMRF] MAP Mean value estimated in 10.0364 milliseconds
[gmrf_wind_mapping_node-2] --> MAP did not converge after 1 iterations.
[gmrf_wind_mapping_node-2] [GMRF] MAP Mean value estimated in 10.0327 milliseconds
[gmrf_wind_mapping_node-2] --> MAP did not converge after 1 iterations.
[gmrf_wind_mapping_node-2] [GMRF] MAP Mean value estimated in 10.0291 milliseconds
[gmrf_wind_mapping_node-2] --> MAP did not converge after 1 iterations.
[gmrf_wind_mapping_node-2] [GMRF] MAP Mean value estimated in 10.0254 milliseconds
[gmrf_wind_mapping_node-2] --> MAP did not converge after 1 iterations.
[gmrf_wind_mapping_node-2] [GMRF] MAP Mean value estimated in 10.0217 milliseconds
[gsl_actionserver_node-3] [INFO] [1789221179.876401241] [GSL]: 10 gas measurements, 10 wind measurements over 1.98 seconds
[gsl_actionserver_node-3] [INFO] [1789221179.876504224] [GSL]: avg_gas=0.86;  avg_windSpeed=0.058;  avg_wind_dir=-0.69
[gsl_actionserver_node-3] [INFO] [1789221179.877985731] [GSL]: [33mGAS HIT[0m
[gsl_actionserver_node-3] [INFO] [1789221179.878037962] [GSL]: [DEBUG-WIND] useGroundTruth=false gmrf_req_size=631 gaden_req_size=-1
[gsl_actionserver_node-3] [INFO] [1789221179.878050779] [GSL]: [DEBUG-WIND] Taking GMRF path
[gsl_actionserver_node-3] [INFO] [1789221179.889230266] [GSL - Trace]: [32mEntering StopAndMeasure[0m
[gmrf_wind_mapping_node-2] --> MAP did not converge after 1 iterations.
[gmrf_wind_mapping_node-2] [GMRF] MAP Mean value estimated in 10.0241 milliseconds
[gmrf_wind_mapping_node-2] --> MAP did not converge after 1 iterations.
[gmrf_wind_mapping_node-2] [GMRF] MAP Mean value estimated in 10.0253 milliseconds
[gmrf_wind_mapping_node-2] --> MAP did not converge after 1 iterations.
[gmrf_wind_mapping_node-2] [GMRF] MAP Mean value estimated in 10.0241 milliseconds
[gmrf_wind_mapping_node-2] --> MAP did not converge after 1 iterations.
[gmrf_wind_mapping_node-2] [GMRF] MAP Mean value estimated in 10.0276 milliseconds
[gmrf_wind_mapping_node-2] --> MAP did not converge after 1 iterations.
[gmrf_wind_mapping_node-2] [GMRF] MAP Mean value estimated in 10.0276 milliseconds
[gmrf_wind_mapping_node-2] --> MAP did not converge after 1 iterations.
[gmrf_wind_mapping_node-2] [GMRF] MAP Mean value estimated in 10.03 milliseconds
[gmrf_wind_mapping_node-2] --> MAP did not converge after 1 iterations.
[gmrf_wind_mapping_node-2] [GMRF] MAP Mean value estimated in 10.0275 milliseconds
[gmrf_wind_mapping_node-2] --> MAP did not converge after 1 iterations.
[gmrf_wind_mapping_node-2] [GMRF] MAP Mean value estimated in 10.0335 milliseconds
[gmrf_wind_mapping_node-2] --> MAP did not converge after 1 iterations.
[gmrf_wind_mapping_node-2] [GMRF] MAP Mean value estimated in 10.0323 milliseconds
[gmrf_wind_mapping_node-2] --> MAP did not converge after 1 iterations.
[gmrf_wind_mapping_node-2] [GMRF] MAP Mean value estimated in 10.037 milliseconds
[gmrf_wind_mapping_node-2] --> MAP did not converge after 1 iterations.
[gmrf_wind_mapping_node-2] [GMRF] MAP Mean value estimated in 10.0334 milliseconds
[gmrf_wind_mapping_node-2] --> MAP did not converge after 1 iterations.
[gmrf_wind_mapping_node-2] [GMRF] MAP Mean value estimated in 10.0345 milliseconds
[gmrf_wind_mapping_node-2] --> MAP did not converge after 1 iterations.
[gmrf_wind_mapping_node-2] [GMRF] MAP Mean value estimated in 10.0309 milliseconds
[gmrf_wind_mapping_node-2] --> MAP did not converge after 1 iterations.
[gmrf_wind_mapping_node-2] [GMRF] MAP Mean value estimated in 10.0261 milliseconds
[gmrf_wind_mapping_node-2] --> MAP did not converge after 1 iterations.
[gmrf_wind_mapping_node-2] [GMRF] MAP Mean value estimated in 10.0225 milliseconds
[gmrf_wind_mapping_node-2] --> MAP did not converge after 1 iterations.
[gmrf_wind_mapping_node-2] [GMRF] MAP Mean value estimated in 10.019 milliseconds
[gmrf_wind_mapping_node-2] --> MAP did not converge after 1 iterations.
[gmrf_wind_mapping_node-2] [GMRF] MAP Mean value estimated in 10.0213 milliseconds
[gmrf_wind_mapping_node-2] --> MAP did not converge after 1 iterations.
[gmrf_wind_mapping_node-2] [GMRF] MAP Mean value estimated in 10.0248 milliseconds
[gmrf_wind_mapping_node-2] --> MAP did not converge after 1 iterations.
[gmrf_wind_mapping_node-2] [GMRF] MAP Mean value estimated in 10.0201 milliseconds
[gmrf_wind_mapping_node-2] --> MAP did not converge after 1 iterations.
[gmrf_wind_mapping_node-2] [GMRF] MAP Mean value estimated in 10.0165 milliseconds
[gsl_actionserver_node-3] [INFO] [1789221181.876283834] [GSL]: 10 gas measurements, 10 wind measurements over 1.99 seconds
[gsl_actionserver_node-3] [INFO] [1789221181.876341931] [GSL]: avg_gas=0.95;  avg_windSpeed=0.052;  avg_wind_dir=-0.65
[gsl_actionserver_node-3] [INFO] [1789221181.877363192] [GSL]: [33mGAS HIT[0m
[gsl_actionserver_node-3] [INFO] [1789221181.877390055] [GSL]: [DEBUG-WIND] useGroundTruth=false gmrf_req_size=631 gaden_req_size=-1
[gsl_actionserver_node-3] [INFO] [1789221181.877396806] [GSL]: [DEBUG-WIND] Taking GMRF path
[gsl_actionserver_node-3] [INFO] [1789221181.888814733] [GSL - Trace]: [32mEntering StopAndMeasure[0m
[gmrf_wind_mapping_node-2] --> MAP did not converge after 1 iterations.
[gmrf_wind_mapping_node-2] [GMRF] MAP Mean value estimated in 10.0153 milliseconds
[gmrf_wind_mapping_node-2] --> MAP did not converge after 1 iterations.
[gmrf_wind_mapping_node-2] [GMRF] MAP Mean value estimated in 10.0188 milliseconds
[gmrf_wind_mapping_node-2] --> MAP did not converge after 1 iterations.
[gmrf_wind_mapping_node-2] [GMRF] MAP Mean value estimated in 10.0141 milliseconds
[gmrf_wind_mapping_node-2] --> MAP did not converge after 1 iterations.
[gmrf_wind_mapping_node-2] [GMRF] MAP Mean value estimated in 10.0106 milliseconds
[gmrf_wind_mapping_node-2] --> MAP did not converge after 1 iterations.
[gmrf_wind_mapping_node-2] [GMRF] MAP Mean value estimated in 10.0082 milliseconds
[gmrf_wind_mapping_node-2] --> MAP did not converge after 1 iterations.
[gmrf_wind_mapping_node-2] [GMRF] MAP Mean value estimated in 10.0094 milliseconds
[gmrf_wind_mapping_node-2] --> MAP did not converge after 1 iterations.
[gmrf_wind_mapping_node-2] [GMRF] MAP Mean value estimated in 10.0082 milliseconds
[gmrf_wind_mapping_node-2] --> MAP did not converge after 1 iterations.
[gmrf_wind_mapping_node-2] [GMRF] MAP Mean value estimated in 10.0129 milliseconds
[gmrf_wind_mapping_node-2] --> MAP did not converge after 1 iterations.
[gmrf_wind_mapping_node-2] [GMRF] MAP Mean value estimated in 10.0117 milliseconds
[gmrf_wind_mapping_node-2] --> MAP did not converge after 1 iterations.
[gmrf_wind_mapping_node-2] [GMRF] MAP Mean value estimated in 10.0105 milliseconds
[gmrf_wind_mapping_node-2] --> MAP did not converge after 1 iterations.
[gmrf_wind_mapping_node-2] [GMRF] MAP Mean value estimated in 10.0093 milliseconds
[gmrf_wind_mapping_node-2] --> MAP did not converge after 1 iterations.
[gmrf_wind_mapping_node-2] [GMRF] MAP Mean value estimated in 10.0105 milliseconds
[gmrf_wind_mapping_node-2] --> MAP did not converge after 1 iterations.
[gmrf_wind_mapping_node-2] [GMRF] MAP Mean value estimated in 10.0093 milliseconds
[gmrf_wind_mapping_node-2] --> MAP did not converge after 1 iterations.
[gmrf_wind_mapping_node-2] [GMRF] MAP Mean value estimated in 10.0058 milliseconds
[gmrf_wind_mapping_node-2] --> MAP did not converge after 1 iterations.
[gmrf_wind_mapping_node-2] [GMRF] MAP Mean value estimated in 10.0035 milliseconds
[gmrf_wind_mapping_node-2] --> MAP did not converge after 1 iterations.
[gmrf_wind_mapping_node-2] [GMRF] MAP Mean value estimated in 10.0093 milliseconds
[gmrf_wind_mapping_node-2] --> MAP did not converge after 1 iterations.
[gmrf_wind_mapping_node-2] [GMRF] MAP Mean value estimated in 10.0069 milliseconds
[gmrf_wind_mapping_node-2] --> MAP did not converge after 1 iterations.
[gmrf_wind_mapping_node-2] [GMRF] MAP Mean value estimated in 10.0069 milliseconds
[gmrf_wind_mapping_node-2] --> MAP did not converge after 1 iterations.
[gmrf_wind_mapping_node-2] [GMRF] MAP Mean value estimated in 10.0035 milliseconds
[gmrf_wind_mapping_node-2] --> MAP did not converge after 1 iterations.
[gmrf_wind_mapping_node-2] [GMRF] MAP Mean value estimated in 10.0058 milliseconds
[gsl_actionserver_node-3] [INFO] [1789221183.876339582] [GSL]: 10 gas measurements, 10 wind measurements over 1.99 seconds
[gsl_actionserver_node-3] [INFO] [1789221183.876409836] [GSL]: avg_gas=0.95;  avg_windSpeed=0.058;  avg_wind_dir=-0.69
[gsl_actionserver_node-3] [INFO] [1789221183.877192310] [GSL]: [33mGAS HIT[0m
[gsl_actionserver_node-3] [INFO] [1789221183.877206511] [GSL]: [DEBUG-WIND] useGroundTruth=false gmrf_req_size=631 gaden_req_size=-1
[gsl_actionserver_node-3] [INFO] [1789221183.877215056] [GSL]: [DEBUG-WIND] Taking GMRF path
[gsl_actionserver_node-3] [INFO] [1789221183.889187002] [GSL - Trace]: [32mEntering StopAndMeasure[0m
[gmrf_wind_mapping_node-2] --> MAP did not converge after 1 iterations.
[gmrf_wind_mapping_node-2] [GMRF] MAP Mean value estimated in 10.0058 milliseconds
[gmrf_wind_mapping_node-2] --> MAP did not converge after 1 iterations.
[gmrf_wind_mapping_node-2] [GMRF] MAP Mean value estimated in 10.0103 milliseconds
[gmrf_wind_mapping_node-2] --> MAP did not converge after 1 iterations.
[gmrf_wind_mapping_node-2] [GMRF] MAP Mean value estimated in 10.0103 milliseconds
[gmrf_wind_mapping_node-2] --> MAP did not converge after 1 iterations.
[gmrf_wind_mapping_node-2] [GMRF] MAP Mean value estimated in 10.0161 milliseconds
[gmrf_wind_mapping_node-2] --> MAP did not converge after 1 iterations.
[gmrf_wind_mapping_node-2] [GMRF] MAP Mean value estimated in 10.0149 milliseconds
[gmrf_wind_mapping_node-2] --> MAP did not converge after 1 iterations.
[gmrf_wind_mapping_node-2] [GMRF] MAP Mean value estimated in 10.0206 milliseconds
[gmrf_wind_mapping_node-2] --> MAP did not converge after 1 iterations.
[gmrf_wind_mapping_node-2] [GMRF] MAP Mean value estimated in 10.0183 milliseconds
[gmrf_wind_mapping_node-2] --> MAP did not converge after 1 iterations.
[gmrf_wind_mapping_node-2] [GMRF] MAP Mean value estimated in 10.0217 milliseconds
[gmrf_wind_mapping_node-2] --> MAP did not converge after 1 iterations.
[gmrf_wind_mapping_node-2] [GMRF] MAP Mean value estimated in 10.0194 milliseconds
[gmrf_wind_mapping_node-2] --> MAP did not converge after 1 iterations.
[gmrf_wind_mapping_node-2] [GMRF] MAP Mean value estimated in 10.0159 milliseconds
[gmrf_wind_mapping_node-2] --> MAP did not converge after 1 iterations.
[gmrf_wind_mapping_node-2] [GMRF] MAP Mean value estimated in 10.0137 milliseconds
[gmrf_wind_mapping_node-2] --> MAP did not converge after 1 iterations.
[gmrf_wind_mapping_node-2] [GMRF] MAP Mean value estimated in 10.0136 milliseconds
[gmrf_wind_mapping_node-2] --> MAP did not converge after 1 iterations.
[gmrf_wind_mapping_node-2] [GMRF] MAP Mean value estimated in 10.0114 milliseconds
[gmrf_wind_mapping_node-2] --> MAP did not converge after 1 iterations.
[gmrf_wind_mapping_node-2] [GMRF] MAP Mean value estimated in 10.0147 milliseconds
[gmrf_wind_mapping_node-2] --> MAP did not converge after 1 iterations.
[gmrf_wind_mapping_node-2] [GMRF] MAP Mean value estimated in 10.0125 milliseconds
[gmrf_wind_mapping_node-2] --> MAP did not converge after 1 iterations.
[gmrf_wind_mapping_node-2] [GMRF] MAP Mean value estimated in 10.0181 milliseconds
[gmrf_wind_mapping_node-2] --> MAP did not converge after 1 iterations.
[gmrf_wind_mapping_node-2] [GMRF] MAP Mean value estimated in 10.0169 milliseconds
[gmrf_wind_mapping_node-2] --> MAP did not converge after 1 iterations.
[gmrf_wind_mapping_node-2] [GMRF] MAP Mean value estimated in 10.0226 milliseconds
[gmrf_wind_mapping_node-2] --> MAP did not converge after 1 iterations.
[gmrf_wind_mapping_node-2] [GMRF] MAP Mean value estimated in 10.0203 milliseconds
[gmrf_wind_mapping_node-2] --> MAP did not converge after 1 iterations.
[gmrf_wind_mapping_node-2] [GMRF] MAP Mean value estimated in 10.0169 milliseconds
[gmrf_wind_mapping_node-2] --> MAP did not converge after 1 iterations.
[gmrf_wind_mapping_node-2] [GMRF] MAP Mean value estimated in 10.018 milliseconds
[gsl_actionserver_node-3] [INFO] [1789221185.926279680] [GSL]: 10 gas measurements, 10 wind measurements over 2.04 seconds
[gsl_actionserver_node-3] [INFO] [1789221185.926339203] [GSL]: avg_gas=0.99;  avg_windSpeed=0.052;  avg_wind_dir=-0.65
[gsl_actionserver_node-3] [INFO] [1789221185.927293171] [GSL]: [33mGAS HIT[0m
[gsl_actionserver_node-3] [INFO] [1789221185.927310447] [GSL]: [DEBUG-WIND] useGroundTruth=false gmrf_req_size=631 gaden_req_size=-1
[gsl_actionserver_node-3] [INFO] [1789221185.927317619] [GSL]: [DEBUG-WIND] Taking GMRF path
[gsl_actionserver_node-3] [INFO] [1789221185.989257984] [GSL - Trace]: [32mEntering StopAndMeasure[0m
[gmrf_wind_mapping_node-2] --> MAP did not converge after 1 iterations.
[gmrf_wind_mapping_node-2] [GMRF] MAP Mean value estimated in 10.018 milliseconds
[gmrf_wind_mapping_node-2] --> MAP did not converge after 1 iterations.
[gmrf_wind_mapping_node-2] [GMRF] MAP Mean value estimated in 10.0146 milliseconds
[gmrf_wind_mapping_node-2] --> MAP did not converge after 1 iterations.
[gmrf_wind_mapping_node-2] [GMRF] MAP Mean value estimated in 10.0101 milliseconds
[gmrf_wind_mapping_node-2] --> MAP did not converge after 1 iterations.
[gmrf_wind_mapping_node-2] [GMRF] MAP Mean value estimated in 10.0067 milliseconds
[gmrf_wind_mapping_node-2] --> MAP did not converge after 1 iterations.
[gmrf_wind_mapping_node-2] [GMRF] MAP Mean value estimated in 10.0056 milliseconds
[gmrf_wind_mapping_node-2] --> MAP did not converge after 1 iterations.
[gmrf_wind_mapping_node-2] [GMRF] MAP Mean value estimated in 10.0056 milliseconds
[gmrf_wind_mapping_node-2] --> MAP did not converge after 1 iterations.
[gmrf_wind_mapping_node-2] [GMRF] MAP Mean value estimated in 10.0089 milliseconds
[gmrf_wind_mapping_node-2] --> MAP did not converge after 1 iterations.
[gmrf_wind_mapping_node-2] [GMRF] MAP Mean value estimated in 10.0056 milliseconds
[gmrf_wind_mapping_node-2] --> MAP did not converge after 1 iterations.
[gmrf_wind_mapping_node-2] [GMRF] MAP Mean value estimated in 10.0022 milliseconds
[gmrf_wind_mapping_node-2] --> MAP did not converge after 1 iterations.
[gmrf_wind_mapping_node-2] [GMRF] MAP Mean value estimated in 9.99889 milliseconds
[gmrf_wind_mapping_node-2] --> MAP did not converge after 1 iterations.
[gmrf_wind_mapping_node-2] [GMRF] MAP Mean value estimated in 10 milliseconds
[gmrf_wind_mapping_node-2] --> MAP did not converge after 1 iterations.
[gmrf_wind_mapping_node-2] [GMRF] MAP Mean value estimated in 9.99667 milliseconds
[gmrf_wind_mapping_node-2] --> MAP did not converge after 1 iterations.
[gmrf_wind_mapping_node-2] [GMRF] MAP Mean value estimated in 9.99667 milliseconds
[gmrf_wind_mapping_node-2] --> MAP did not converge after 1 iterations.
[gmrf_wind_mapping_node-2] [GMRF] MAP Mean value estimated in 9.99779 milliseconds
[gmrf_wind_mapping_node-2] --> MAP did not converge after 1 iterations.
[gmrf_wind_mapping_node-2] [GMRF] MAP Mean value estimated in 10.0033 milliseconds
[gmrf_wind_mapping_node-2] --> MAP did not converge after 1 iterations.
[gmrf_wind_mapping_node-2] [GMRF] MAP Mean value estimated in 10 milliseconds
[gmrf_wind_mapping_node-2] --> MAP did not converge after 1 iterations.
[gmrf_wind_mapping_node-2] [GMRF] MAP Mean value estimated in 9.99669 milliseconds
[gmrf_wind_mapping_node-2] --> MAP did not converge after 1 iterations.
[gmrf_wind_mapping_node-2] [GMRF] MAP Mean value estimated in 9.99559 milliseconds
[gmrf_wind_mapping_node-2] --> MAP did not converge after 1 iterations.
[gmrf_wind_mapping_node-2] [GMRF] MAP Mean value estimated in 9.99339 milliseconds
[gsl_actionserver_node-3] [INFO] [1789221187.876651672] [GSL]: 10 gas measurements, 10 wind measurements over 1.89 seconds
[gsl_actionserver_node-3] [INFO] [1789221187.876953451] [GSL]: avg_gas=0.94;  avg_windSpeed=0.058;  avg_wind_dir=-0.69
[gsl_actionserver_node-3] [INFO] [1789221187.877749191] [GSL]: [33mGAS HIT[0m
[gsl_actionserver_node-3] [INFO] [1789221187.877762242] [GSL]: [DEBUG-WIND] useGroundTruth=false gmrf_req_size=631 gaden_req_size=-1
[gsl_actionserver_node-3] [INFO] [1789221187.877770600] [GSL]: [DEBUG-WIND] Taking GMRF path
[gsl_actionserver_node-3] [INFO] [1789221187.889087615] [GSL - Trace]: [32mEntering StopAndMeasure[0m
[gmrf_wind_mapping_node-2] --> MAP did not converge after 1 iterations.
[gmrf_wind_mapping_node-2] [GMRF] MAP Mean value estimated in 9.9956 milliseconds
[gmrf_wind_mapping_node-2] --> MAP did not converge after 1 iterations.
[gmrf_wind_mapping_node-2] [GMRF] MAP Mean value estimated in 10.0011 milliseconds
[gmrf_wind_mapping_node-2] --> MAP did not converge after 1 iterations.
[gmrf_wind_mapping_node-2] [GMRF] MAP Mean value estimated in 9.9978 milliseconds
[gmrf_wind_mapping_node-2] --> MAP did not converge after 1 iterations.
[gmrf_wind_mapping_node-2] [GMRF] MAP Mean value estimated in 10 milliseconds
[gmrf_wind_mapping_node-2] --> MAP did not converge after 1 iterations.
[gmrf_wind_mapping_node-2] [GMRF] MAP Mean value estimated in 10 milliseconds
[gmrf_wind_mapping_node-2] --> MAP did not converge after 1 iterations.
[gmrf_wind_mapping_node-2] [GMRF] MAP Mean value estimated in 10.0077 milliseconds
[gmrf_wind_mapping_node-2] --> MAP did not converge after 1 iterations.
[gmrf_wind_mapping_node-2] [GMRF] MAP Mean value estimated in 10.0044 milliseconds
[gmrf_wind_mapping_node-2] --> MAP did not converge after 1 iterations.
[gmrf_wind_mapping_node-2] [GMRF] MAP Mean value estimated in 10.0066 milliseconds
[gmrf_wind_mapping_node-2] --> MAP did not converge after 1 iterations.
[gmrf_wind_mapping_node-2] [GMRF] MAP Mean value estimated in 10.0044 milliseconds
[gmrf_wind_mapping_node-2] --> MAP did not converge after 1 iterations.
[gmrf_wind_mapping_node-2] [GMRF] MAP Mean value estimated in 10.0011 milliseconds
[gmrf_wind_mapping_node-2] --> MAP did not converge after 1 iterations.
[gmrf_wind_mapping_node-2] [GMRF] MAP Mean value estimated in 10.0065 milliseconds
[gmrf_wind_mapping_node-2] --> MAP did not converge after 1 iterations.
[gmrf_wind_mapping_node-2] [GMRF] MAP Mean value estimated in 10.0087 milliseconds
[gmrf_wind_mapping_node-2] --> MAP did not converge after 1 iterations.
[gmrf_wind_mapping_node-2] [GMRF] MAP Mean value estimated in 10.0054 milliseconds
[gmrf_wind_mapping_node-2] --> MAP did not converge after 1 iterations.
[gmrf_wind_mapping_node-2] [GMRF] MAP Mean value estimated in 10.0087 milliseconds
[gmrf_wind_mapping_node-2] --> MAP did not converge after 1 iterations.
[gmrf_wind_mapping_node-2] [GMRF] MAP Mean value estimated in 10.0076 milliseconds
[gmrf_wind_mapping_node-2] --> MAP did not converge after 1 iterations.
[gmrf_wind_mapping_node-2] [GMRF] MAP Mean value estimated in 10.0097 milliseconds
[gmrf_wind_mapping_node-2] --> MAP did not converge after 1 iterations.
[gmrf_wind_mapping_node-2] [GMRF] MAP Mean value estimated in 10.0119 milliseconds
[gmrf_wind_mapping_node-2] --> MAP did not converge after 1 iterations.
[gmrf_wind_mapping_node-2] [GMRF] MAP Mean value estimated in 10.0205 milliseconds
[gmrf_wind_mapping_node-2] --> MAP did not converge after 1 iterations.
[gmrf_wind_mapping_node-2] [GMRF] MAP Mean value estimated in 10.0194 milliseconds
[gmrf_wind_mapping_node-2] --> MAP did not converge after 1 iterations.
[gmrf_wind_mapping_node-2] [GMRF] MAP Mean value estimated in 10.0194 milliseconds
[gsl_actionserver_node-3] [INFO] [1789221189.876186063] [GSL]: 10 gas measurements, 10 wind measurements over 1.99 seconds
[gsl_actionserver_node-3] [INFO] [1789221189.876241985] [GSL]: avg_gas=0.9;  avg_windSpeed=0.052;  avg_wind_dir=-0.65
[gsl_actionserver_node-3] [INFO] [1789221189.877177459] [GSL]: [33mGAS HIT[0m
[gsl_actionserver_node-3] [INFO] [1789221189.877221918] [GSL]: [DEBUG-WIND] useGroundTruth=false gmrf_req_size=631 gaden_req_size=-1
[gsl_actionserver_node-3] [INFO] [1789221189.877229594] [GSL]: [DEBUG-WIND] Taking GMRF path
[gsl_actionserver_node-3] [INFO] [1789221189.888955239] [GSL - Trace]: [32mEntering StopAndMeasure[0m
[gmrf_wind_mapping_node-2] --> MAP did not converge after 1 iterations.
[gmrf_wind_mapping_node-2] [GMRF] MAP Mean value estimated in 10.0172 milliseconds
[gmrf_wind_mapping_node-2] --> MAP did not converge after 1 iterations.
[gmrf_wind_mapping_node-2] [GMRF] MAP Mean value estimated in 10.0183 milliseconds
[gmrf_wind_mapping_node-2] --> MAP did not converge after 1 iterations.
[gmrf_wind_mapping_node-2] [GMRF] MAP Mean value estimated in 10.0172 milliseconds
[gmrf_wind_mapping_node-2] --> MAP did not converge after 1 iterations.
[gmrf_wind_mapping_node-2] [GMRF] MAP Mean value estimated in 10.0225 milliseconds
[gmrf_wind_mapping_node-2] --> MAP did not converge after 1 iterations.
[gmrf_wind_mapping_node-2] [GMRF] MAP Mean value estimated in 10.0193 milliseconds
[gmrf_wind_mapping_node-2] --> MAP did not converge after 1 iterations.
[gmrf_wind_mapping_node-2] [GMRF] MAP Mean value estimated in 10.0171 milliseconds
[gmrf_wind_mapping_node-2] --> MAP did not converge after 1 iterations.
[gmrf_wind_mapping_node-2] [GMRF] MAP Mean value estimated in 10.015 milliseconds
[gmrf_wind_mapping_node-2] --> MAP did not converge after 1 iterations.
[gmrf_wind_mapping_node-2] [GMRF] MAP Mean value estimated in 10.0203 milliseconds
[gmrf_wind_mapping_node-2] --> MAP did not converge after 1 iterations.
[gmrf_wind_mapping_node-2] [GMRF] MAP Mean value estimated in 10.0203 milliseconds
[gmrf_wind_mapping_node-2] --> MAP did not converge after 1 iterations.
[gmrf_wind_mapping_node-2] [GMRF] MAP Mean value estimated in 10.0213 milliseconds
[gmrf_wind_mapping_node-2] --> MAP did not converge after 1 iterations.
[gmrf_wind_mapping_node-2] [GMRF] MAP Mean value estimated in 10.0224 milliseconds
[gmrf_wind_mapping_node-2] --> MAP did not converge after 1 iterations.
[gmrf_wind_mapping_node-2] [GMRF] MAP Mean value estimated in 10.0245 milliseconds
[gmrf_wind_mapping_node-2] --> MAP did not converge after 1 iterations.
[gmrf_wind_mapping_node-2] [GMRF] MAP Mean value estimated in 10.0223 milliseconds
[gmrf_wind_mapping_node-2] --> MAP did not converge after 1 iterations.
[gmrf_wind_mapping_node-2] [GMRF] MAP Mean value estimated in 10.0202 milliseconds
[gmrf_wind_mapping_node-2] --> MAP did not converge after 1 iterations.
[gmrf_wind_mapping_node-2] [GMRF] MAP Mean value estimated in 10.0244 milliseconds
[gmrf_wind_mapping_node-2] --> MAP did not converge after 1 iterations.
[gmrf_wind_mapping_node-2] [GMRF] MAP Mean value estimated in 10.0222 milliseconds
[gmrf_wind_mapping_node-2] --> MAP did not converge after 1 iterations.
[gmrf_wind_mapping_node-2] [GMRF] MAP Mean value estimated in 10.0254 milliseconds
[gmrf_wind_mapping_node-2] --> MAP did not converge after 1 iterations.
[gmrf_wind_mapping_node-2] [GMRF] MAP Mean value estimated in 10.0328 milliseconds
[gmrf_wind_mapping_node-2] --> MAP did not converge after 1 iterations.
[gmrf_wind_mapping_node-2] [GMRF] MAP Mean value estimated in 10.0296 milliseconds
[gmrf_wind_mapping_node-2] --> MAP did not converge after 1 iterations.
[gmrf_wind_mapping_node-2] [GMRF] MAP Mean value estimated in 10.0369 milliseconds
[gsl_actionserver_node-3] [INFO] [1789221191.876435630] [GSL]: 10 gas measurements, 10 wind measurements over 1.99 seconds
[gsl_actionserver_node-3] [INFO] [1789221191.876528886] [GSL]: avg_gas=0.88;  avg_windSpeed=0.058;  avg_wind_dir=-0.69
[gsl_actionserver_node-3] [INFO] [1789221191.877479335] [GSL]: [33mGAS HIT[0m
[gsl_actionserver_node-3] [INFO] [1789221191.877511606] [GSL]: [DEBUG-WIND] useGroundTruth=false gmrf_req_size=631 gaden_req_size=-1
[gsl_actionserver_node-3] [INFO] [1789221191.877521500] [GSL]: [DEBUG-WIND] Taking GMRF path
[gsl_actionserver_node-3] [INFO] [1789221191.889116096] [GSL - Trace]: [32mEntering StopAndMeasure[0m
[gmrf_wind_mapping_node-2] --> MAP did not converge after 1 iterations.
[gmrf_wind_mapping_node-2] [GMRF] MAP Mean value estimated in 10.04 milliseconds
[gmrf_wind_mapping_node-2] --> MAP did not converge after 1 iterations.
[gmrf_wind_mapping_node-2] [GMRF] MAP Mean value estimated in 10.0368 milliseconds
[gmrf_wind_mapping_node-2] --> MAP did not converge after 1 iterations.
[gmrf_wind_mapping_node-2] [GMRF] MAP Mean value estimated in 10.0347 milliseconds
[gmrf_wind_mapping_node-2] --> MAP did not converge after 1 iterations.
[gmrf_wind_mapping_node-2] [GMRF] MAP Mean value estimated in 10.0389 milliseconds
[gmrf_wind_mapping_node-2] --> MAP did not converge after 1 iterations.
[gmrf_wind_mapping_node-2] [GMRF] MAP Mean value estimated in 10.0367 milliseconds
[gmrf_wind_mapping_node-2] --> MAP did not converge after 1 iterations.
[gmrf_wind_mapping_node-2] [GMRF] MAP Mean value estimated in 10.043 milliseconds
[gmrf_wind_mapping_node-2] --> MAP did not converge after 1 iterations.
[gmrf_wind_mapping_node-2] [GMRF] MAP Mean value estimated in 10.0419 milliseconds
[gmrf_wind_mapping_node-2] --> MAP did not converge after 1 iterations.
[gmrf_wind_mapping_node-2] [GMRF] MAP Mean value estimated in 10.0471 milliseconds
[gmrf_wind_mapping_node-2] --> MAP did not converge after 1 iterations.
[gmrf_wind_mapping_node-2] [GMRF] MAP Mean value estimated in 10.047 milliseconds
[gmrf_wind_mapping_node-2] --> MAP did not converge after 1 iterations.
[gmrf_wind_mapping_node-2] [GMRF] MAP Mean value estimated in 10.0511 milliseconds
[gmrf_wind_mapping_node-2] --> MAP did not converge after 1 iterations.
[gmrf_wind_mapping_node-2] [GMRF] MAP Mean value estimated in 10.0511 milliseconds
[gmrf_wind_mapping_node-2] --> MAP did not converge after 1 iterations.
[gmrf_wind_mapping_node-2] [GMRF] MAP Mean value estimated in 10.0563 milliseconds
[gmrf_wind_mapping_node-2] --> MAP did not converge after 1 iterations.
[gmrf_wind_mapping_node-2] [GMRF] MAP Mean value estimated in 10.0531 milliseconds
[gmrf_wind_mapping_node-2] --> MAP did not converge after 1 iterations.
[gmrf_wind_mapping_node-2] [GMRF] MAP Mean value estimated in 10.0603 milliseconds
[gmrf_wind_mapping_node-2] --> MAP did not converge after 1 iterations.
[gmrf_wind_mapping_node-2] [GMRF] MAP Mean value estimated in 10.0602 milliseconds
[gmrf_wind_mapping_node-2] --> MAP did not converge after 1 iterations.
[gmrf_wind_mapping_node-2] [GMRF] MAP Mean value estimated in 10.0622 milliseconds
[gmrf_wind_mapping_node-2] --> MAP did not converge after 1 iterations.
[gmrf_wind_mapping_node-2] [GMRF] MAP Mean value estimated in 10.0642 milliseconds
[gmrf_wind_mapping_node-2] --> MAP did not converge after 1 iterations.
[gmrf_wind_mapping_node-2] [GMRF] MAP Mean value estimated in 10.0694 milliseconds
[gmrf_wind_mapping_node-2] --> MAP did not converge after 1 iterations.
[gmrf_wind_mapping_node-2] [GMRF] MAP Mean value estimated in 10.0662 milliseconds
[gmrf_wind_mapping_node-2] --> MAP did not converge after 1 iterations.
[gmrf_wind_mapping_node-2] [GMRF] MAP Mean value estimated in 10.063 milliseconds
[gsl_actionserver_node-3] [INFO] [1789221193.876322263] [GSL]: 10 gas measurements, 10 wind measurements over 1.99 seconds
[gsl_actionserver_node-3] [INFO] [1789221193.876387983] [GSL]: avg_gas=0.91;  avg_windSpeed=0.052;  avg_wind_dir=-0.65
[gsl_actionserver_node-3] [INFO] [1789221193.876991680] [GSL]: [33mGAS HIT[0m
[gsl_actionserver_node-3] [INFO] [1789221193.877402089] [GSL]: [DEBUG-WIND] useGroundTruth=false gmrf_req_size=631 gaden_req_size=-1
[gsl_actionserver_node-3] [INFO] [1789221193.877418530] [GSL]: [DEBUG-WIND] Taking GMRF path
[gsl_actionserver_node-3] [INFO] [1789221193.893904232] [GSL]: Max mutual info: 2.889
[gsl_actionserver_node-3] [INFO] [1789221193.894027511] [GSL]: MutualInformation - Ellapsed: 0.004s
[vgr_sim_node-1] [WARN] [1789221193.901551752] [vgr_uav_sim]: PLAN_CB: called with goal=(-2.54,-1.30)
[gmrf_wind_mapping_node-2] --> MAP did not converge after 1 iterations.
[gmrf_wind_mapping_node-2] [GMRF] MAP Mean value estimated in 10.0691 milliseconds
[vgr_sim_node-1] [WARN] [1789221193.905732138] [vgr_uav_sim]: PLAN_CB: returning 4 poses
[vgr_sim_node-1] [WARN] [1789221193.916864228] [vgr_uav_sim]: PLAN_CB: called with goal=(-2.54,-1.30)
[vgr_sim_node-1] [WARN] [1789221193.917778546] [vgr_uav_sim]: PLAN_CB: returning 4 poses
[gsl_actionserver_node-3] [INFO] [1789221193.927541148] [GSL]: Sending goal (-2.54, -1.30)
[gsl_actionserver_node-3] [INFO] [1789221193.928890691] [GSL]: Variance: 0.54
[gsl_actionserver_node-3] [INFO] [1789221193.928916551] [GSL - Trace]: [32mEntering Moving[0m
[vgr_sim_node-1] [INFO] [1789221193.929147920] [vgr_uav_sim]: Prepared 4 collision-free navigation waypoints to (-2.54, -1.30)
[vgr_sim_node-1] [INFO] [1789221193.930062248] [vgr_uav_sim]: UAV navigating in audited 2-D mode to (-2.54, -1.30, 0.30)
[gmrf_wind_mapping_node-2] --> MAP did not converge after 1 iterations.
[gmrf_wind_mapping_node-2] [GMRF] MAP Mean value estimated in 10.0691 milliseconds
[gmrf_wind_mapping_node-2] --> MAP did not converge after 1 iterations.
[gmrf_wind_mapping_node-2] [GMRF] MAP Mean value estimated in 10.0659 milliseconds
[gmrf_wind_mapping_node-2] --> MAP did not converge after 1 iterations.
[gmrf_wind_mapping_node-2] [GMRF] MAP Mean value estimated in 10.0658 milliseconds
[gmrf_wind_mapping_node-2] --> MAP did not converge after 1 iterations.
[gmrf_wind_mapping_node-2] [GMRF] MAP Mean value estimated in 10.0668 milliseconds
[gmrf_wind_mapping_node-2] --> MAP did not converge after 1 iterations.
[gmrf_wind_mapping_node-2] [GMRF] MAP Mean value estimated in 10.0637 milliseconds
[gmrf_wind_mapping_node-2] --> MAP did not converge after 1 iterations.
[gmrf_wind_mapping_node-2] [GMRF] MAP Mean value estimated in 10.0605 milliseconds
[gsl_actionserver_node-3] [INFO] [1789221194.526787894] [GSL - Trace]: [32mEntering StopAndMeasure[0m
[gmrf_wind_mapping_node-2] --> MAP did not converge after 1 iterations.
[gmrf_wind_mapping_node-2] [GMRF] MAP Mean value estimated in 10.0656 milliseconds
[gmrf_wind_mapping_node-2] --> MAP did not converge after 1 iterations.
[gmrf_wind_mapping_node-2] [GMRF] MAP Mean value estimated in 10.0665 milliseconds
[gmrf_wind_mapping_node-2] --> MAP did not converge after 1 iterations.
[gmrf_wind_mapping_node-2] [GMRF] MAP Mean value estimated in 10.0706 milliseconds
[gmrf_wind_mapping_node-2] --> MAP did not converge after 1 iterations.
[gmrf_wind_mapping_node-2] [GMRF] MAP Mean value estimated in 10.0715 milliseconds
[gmrf_wind_mapping_node-2] --> MAP did not converge after 1 iterations.
[gmrf_wind_mapping_node-2] [GMRF] MAP Mean value estimated in 10.0735 milliseconds
[gmrf_wind_mapping_node-2] --> MAP did not converge after 1 iterations.
[gmrf_wind_mapping_node-2] [GMRF] MAP Mean value estimated in 10.0693 milliseconds
[gmrf_wind_mapping_node-2] --> MAP did not converge after 1 iterations.
[gmrf_wind_mapping_node-2] [GMRF] MAP Mean value estimated in 10.0733 milliseconds
[gmrf_wind_mapping_node-2] --> MAP did not converge after 1 iterations.
[gmrf_wind_mapping_node-2] [GMRF] MAP Mean value estimated in 10.0702 milliseconds
[gmrf_wind_mapping_node-2] --> MAP did not converge after 1 iterations.
[gmrf_wind_mapping_node-2] [GMRF] MAP Mean value estimated in 10.0732 milliseconds
[gmrf_wind_mapping_node-2] --> MAP did not converge after 1 iterations.
[gmrf_wind_mapping_node-2] [GMRF] MAP Mean value estimated in 10.0761 milliseconds
[gmrf_wind_mapping_node-2] --> MAP did not converge after 1 iterations.
[gmrf_wind_mapping_node-2] [GMRF] MAP Mean value estimated in 10.0811 milliseconds
[gmrf_wind_mapping_node-2] --> MAP did not converge after 1 iterations.
[gmrf_wind_mapping_node-2] [GMRF] MAP Mean value estimated in 10.0841 milliseconds
[gmrf_wind_mapping_node-2] --> MAP did not converge after 1 iterations.
[gmrf_wind_mapping_node-2] [GMRF] MAP Mean value estimated in 10.085 milliseconds
[gmrf_wind_mapping_node-2] --> MAP did not converge after 1 iterations.
[gmrf_wind_mapping_node-2] [GMRF] MAP Mean value estimated in 10.0829 milliseconds
[gmrf_wind_mapping_node-2] --> MAP did not converge after 1 iterations.
[gmrf_wind_mapping_node-2] [GMRF] MAP Mean value estimated in 10.0859 milliseconds
[gmrf_wind_mapping_node-2] --> MAP did not converge after 1 iterations.
[gmrf_wind_mapping_node-2] [GMRF] MAP Mean value estimated in 10.0838 milliseconds
[gmrf_wind_mapping_node-2] --> MAP did not converge after 1 iterations.
[gmrf_wind_mapping_node-2] [GMRF] MAP Mean value estimated in 10.0806 milliseconds
[gmrf_wind_mapping_node-2] --> MAP did not converge after 1 iterations.
[gmrf_wind_mapping_node-2] [GMRF] MAP Mean value estimated in 10.0806 milliseconds
[gmrf_wind_mapping_node-2] --> MAP did not converge after 1 iterations.
[gmrf_wind_mapping_node-2] [GMRF] MAP Mean value estimated in 10.0845 milliseconds
[gsl_actionserver_node-3] [INFO] [1789221196.476187356] [GSL]: 10 gas measurements, 10 wind measurements over 1.95 seconds
[gsl_actionserver_node-3] [INFO] [1789221196.476229970] [GSL]: avg_gas=0.87;  avg_windSpeed=0.057;  avg_wind_dir=-0.19
[gsl_actionserver_node-3] [INFO] [1789221196.476815425] [GSL]: [33mGAS HIT[0m
[gsl_actionserver_node-3] [INFO] [1789221196.476824907] [GSL]: [DEBUG-WIND] useGroundTruth=false gmrf_req_size=631 gaden_req_size=-1
[gsl_actionserver_node-3] [INFO] [1789221196.476831973] [GSL]: [DEBUG-WIND] Taking GMRF path
[gsl_actionserver_node-3] [INFO] [1789221196.488789666] [GSL - Trace]: [32mEntering StopAndMeasure[0m
[gmrf_wind_mapping_node-2] --> MAP did not converge after 1 iterations.
[gmrf_wind_mapping_node-2] [GMRF] MAP Mean value estimated in 10.0814 milliseconds
[gmrf_wind_mapping_node-2] --> MAP did not converge after 1 iterations.
[gmrf_wind_mapping_node-2] [GMRF] MAP Mean value estimated in 10.0803 milliseconds
[gmrf_wind_mapping_node-2] --> MAP did not converge after 1 iterations.
[gmrf_wind_mapping_node-2] [GMRF] MAP Mean value estimated in 10.0812 milliseconds
[gmrf_wind_mapping_node-2] --> MAP did not converge after 1 iterations.
[gmrf_wind_mapping_node-2] [GMRF] MAP Mean value estimated in 10.0862 milliseconds
[gmrf_wind_mapping_node-2] --> MAP did not converge after 1 iterations.
[gmrf_wind_mapping_node-2] [GMRF] MAP Mean value estimated in 10.0851 milliseconds
[gmrf_wind_mapping_node-2] --> MAP did not converge after 1 iterations.
[gmrf_wind_mapping_node-2] [GMRF] MAP Mean value estimated in 10.088 milliseconds
[gmrf_wind_mapping_node-2] --> MAP did not converge after 1 iterations.
[gmrf_wind_mapping_node-2] [GMRF] MAP Mean value estimated in 10.0849 milliseconds
[gmrf_wind_mapping_node-2] --> MAP did not converge after 1 iterations.
[gmrf_wind_mapping_node-2] [GMRF] MAP Mean value estimated in 10.0808 milliseconds
[gmrf_wind_mapping_node-2] --> MAP did not converge after 1 iterations.
[gmrf_wind_mapping_node-2] [GMRF] MAP Mean value estimated in 10.0788 milliseconds
[gmrf_wind_mapping_node-2] --> MAP did not converge after 1 iterations.
[gmrf_wind_mapping_node-2] [GMRF] MAP Mean value estimated in 10.0807 milliseconds
[gmrf_wind_mapping_node-2] --> MAP did not converge after 1 iterations.
[gmrf_wind_mapping_node-2] [GMRF] MAP Mean value estimated in 10.0786 milliseconds
[gmrf_wind_mapping_node-2] --> MAP did not converge after 1 iterations.
[gmrf_wind_mapping_node-2] [GMRF] MAP Mean value estimated in 10.0805 milliseconds
[gmrf_wind_mapping_node-2] --> MAP did not converge after 1 iterations.
[gmrf_wind_mapping_node-2] [GMRF] MAP Mean value estimated in 10.0804 milliseconds
[gmrf_wind_mapping_node-2] --> MAP did not converge after 1 iterations.
[gmrf_wind_mapping_node-2] [GMRF] MAP Mean value estimated in 10.0784 milliseconds
[gmrf_wind_mapping_node-2] --> MAP did not converge after 1 iterations.
[gmrf_wind_mapping_node-2] [GMRF] MAP Mean value estimated in 10.0763 milliseconds
[gmrf_wind_mapping_node-2] --> MAP did not converge after 1 iterations.
[gmrf_wind_mapping_node-2] [GMRF] MAP Mean value estimated in 10.0832 milliseconds
[gmrf_wind_mapping_node-2] --> MAP did not converge after 1 iterations.
[gmrf_wind_mapping_node-2] [GMRF] MAP Mean value estimated in 10.0801 milliseconds
[gmrf_wind_mapping_node-2] --> MAP did not converge after 1 iterations.
[gmrf_wind_mapping_node-2] [GMRF] MAP Mean value estimated in 10.0771 milliseconds
[gmrf_wind_mapping_node-2] --> MAP did not converge after 1 iterations.
[gmrf_wind_mapping_node-2] [GMRF] MAP Mean value estimated in 10.077 milliseconds
[gmrf_wind_mapping_node-2] --> MAP did not converge after 1 iterations.
[gmrf_wind_mapping_node-2] [GMRF] MAP Mean value estimated in 10.0799 milliseconds
[gsl_actionserver_node-3] [INFO] [1789221198.476247134] [GSL]: 10 gas measurements, 10 wind measurements over 1.99 seconds
[gsl_actionserver_node-3] [INFO] [1789221198.476301104] [GSL]: avg_gas=0.86;  avg_windSpeed=0.062;  avg_wind_dir=-0.3
[gsl_actionserver_node-3] [INFO] [1789221198.476914739] [GSL]: [33mGAS HIT[0m
[gsl_actionserver_node-3] [INFO] [1789221198.476992485] [GSL]: [DEBUG-WIND] useGroundTruth=false gmrf_req_size=631 gaden_req_size=-1
[gsl_actionserver_node-3] [INFO] [1789221198.477001121] [GSL]: [DEBUG-WIND] Taking GMRF path
[gsl_actionserver_node-3] [INFO] [1789221198.488825377] [GSL - Trace]: [32mEntering StopAndMeasure[0m
[gmrf_wind_mapping_node-2] --> MAP did not converge after 1 iterations.
[gmrf_wind_mapping_node-2] [GMRF] MAP Mean value estimated in 10.0768 milliseconds
[gmrf_wind_mapping_node-2] --> MAP did not converge after 1 iterations.
[gmrf_wind_mapping_node-2] [GMRF] MAP Mean value estimated in 10.0748 milliseconds
[gmrf_wind_mapping_node-2] --> MAP did not converge after 1 iterations.
[gmrf_wind_mapping_node-2] [GMRF] MAP Mean value estimated in 10.0747 milliseconds
[gmrf_wind_mapping_node-2] --> MAP did not converge after 1 iterations.
[gmrf_wind_mapping_node-2] [GMRF] MAP Mean value estimated in 10.0717 milliseconds
[gmrf_wind_mapping_node-2] --> MAP did not converge after 1 iterations.
[gmrf_wind_mapping_node-2] [GMRF] MAP Mean value estimated in 10.0765 milliseconds
[gmrf_wind_mapping_node-2] --> MAP did not converge after 1 iterations.
[gmrf_wind_mapping_node-2] [GMRF] MAP Mean value estimated in 10.0784 milliseconds
[gmrf_wind_mapping_node-2] --> MAP did not converge after 1 iterations.
[gmrf_wind_mapping_node-2] [GMRF] MAP Mean value estimated in 10.0774 milliseconds
[gmrf_wind_mapping_node-2] --> MAP did not converge after 1 iterations.
[gmrf_wind_mapping_node-2] [GMRF] MAP Mean value estimated in 10.0763 milliseconds
[gmrf_wind_mapping_node-2] --> MAP did not converge after 1 iterations.
[gmrf_wind_mapping_node-2] [GMRF] MAP Mean value estimated in 10.0753 milliseconds
[gmrf_wind_mapping_node-2] --> MAP did not converge after 1 iterations.
[gmrf_wind_mapping_node-2] [GMRF] MAP Mean value estimated in 10.0791 milliseconds
[gmrf_wind_mapping_node-2] --> MAP did not converge after 1 iterations.
[gmrf_wind_mapping_node-2] [GMRF] MAP Mean value estimated in 10.081 milliseconds
[gmrf_wind_mapping_node-2] --> MAP did not converge after 1 iterations.
[gmrf_wind_mapping_node-2] [GMRF] MAP Mean value estimated in 10.0828 milliseconds
[gmrf_wind_mapping_node-2] --> MAP did not converge after 1 iterations.
[gmrf_wind_mapping_node-2] [GMRF] MAP Mean value estimated in 10.0837 milliseconds
[gmrf_wind_mapping_node-2] --> MAP did not converge after 1 iterations.
[gmrf_wind_mapping_node-2] [GMRF] MAP Mean value estimated in 10.0875 milliseconds
[gmrf_wind_mapping_node-2] --> MAP did not converge after 1 iterations.
[gmrf_wind_mapping_node-2] [GMRF] MAP Mean value estimated in 10.0865 milliseconds
[gmrf_wind_mapping_node-2] --> MAP did not converge after 1 iterations.
[gmrf_wind_mapping_node-2] [GMRF] MAP Mean value estimated in 10.0845 milliseconds
[gmrf_wind_mapping_node-2] --> MAP did not converge after 1 iterations.
[gmrf_wind_mapping_node-2] [GMRF] MAP Mean value estimated in 10.0824 milliseconds
[gmrf_wind_mapping_node-2] --> MAP did not converge after 1 iterations.
[gmrf_wind_mapping_node-2] [GMRF] MAP Mean value estimated in 10.0862 milliseconds
[gmrf_wind_mapping_node-2] --> MAP did not converge after 1 iterations.
[gmrf_wind_mapping_node-2] [GMRF] MAP Mean value estimated in 10.0833 milliseconds
[gmrf_wind_mapping_node-2] --> MAP did not converge after 1 iterations.
[gmrf_wind_mapping_node-2] [GMRF] MAP Mean value estimated in 10.087 milliseconds
[gsl_actionserver_node-3] [INFO] [1789221200.476215634] [GSL]: 10 gas measurements, 10 wind measurements over 1.99 seconds
[gsl_actionserver_node-3] [INFO] [1789221200.476268178] [GSL]: avg_gas=0.88;  avg_windSpeed=0.057;  avg_wind_dir=-0.19
[gsl_actionserver_node-3] [INFO] [1789221200.476848114] [GSL]: [33mGAS HIT[0m
[gsl_actionserver_node-3] [INFO] [1789221200.476857207] [GSL]: [DEBUG-WIND] useGroundTruth=false gmrf_req_size=631 gaden_req_size=-1
[gsl_actionserver_node-3] [INFO] [1789221200.476863910] [GSL]: [DEBUG-WIND] Taking GMRF path
[gsl_actionserver_node-3] [INFO] [1789221200.489106225] [GSL - Trace]: [32mEntering StopAndMeasure[0m
[gmrf_wind_mapping_node-2] --> MAP did not converge after 1 iterations.
[gmrf_wind_mapping_node-2] [GMRF] MAP Mean value estimated in 10.087 milliseconds
[gmrf_wind_mapping_node-2] --> MAP did not converge after 1 iterations.
[gmrf_wind_mapping_node-2] [GMRF] MAP Mean value estimated in 10.0898 milliseconds
[gmrf_wind_mapping_node-2] --> MAP did not converge after 1 iterations.
[gmrf_wind_mapping_node-2] [GMRF] MAP Mean value estimated in 10.0916 milliseconds
[gmrf_wind_mapping_node-2] --> MAP did not converge after 1 iterations.
[gmrf_wind_mapping_node-2] [GMRF] MAP Mean value estimated in 10.0973 milliseconds
[gmrf_wind_mapping_node-2] --> MAP did not converge after 1 iterations.
[gmrf_wind_mapping_node-2] [GMRF] MAP Mean value estimated in 10.0962 milliseconds
[gmrf_wind_mapping_node-2] --> MAP did not converge after 1 iterations.
[gmrf_wind_mapping_node-2] [GMRF] MAP Mean value estimated in 10.101 milliseconds
[gmrf_wind_mapping_node-2] --> MAP did not converge after 1 iterations.
[gmrf_wind_mapping_node-2] [GMRF] MAP Mean value estimated in 10.1009 milliseconds
[gmrf_wind_mapping_node-2] --> MAP did not converge after 1 iterations.
[gmrf_wind_mapping_node-2] [GMRF] MAP Mean value estimated in 10.0979 milliseconds
[gmrf_wind_mapping_node-2] --> MAP did not converge after 1 iterations.
[gmrf_wind_mapping_node-2] [GMRF] MAP Mean value estimated in 10.0997 milliseconds
[gmrf_wind_mapping_node-2] --> MAP did not converge after 1 iterations.
[gmrf_wind_mapping_node-2] [GMRF] MAP Mean value estimated in 10.1025 milliseconds
[gmrf_wind_mapping_node-2] --> MAP did not converge after 1 iterations.
[gmrf_wind_mapping_node-2] [GMRF] MAP Mean value estimated in 10.1024 milliseconds
[gmrf_wind_mapping_node-2] --> MAP did not converge after 1 iterations.
[gmrf_wind_mapping_node-2] [GMRF] MAP Mean value estimated in 10.1052 milliseconds
[gmrf_wind_mapping_node-2] --> MAP did not converge after 1 iterations.
[gmrf_wind_mapping_node-2] [GMRF] MAP Mean value estimated in 10.1051 milliseconds
[gmrf_wind_mapping_node-2] --> MAP did not converge after 1 iterations.
[gmrf_wind_mapping_node-2] [GMRF] MAP Mean value estimated in 10.104 milliseconds
[gmrf_wind_mapping_node-2] --> MAP did not converge after 1 iterations.
[gmrf_wind_mapping_node-2] [GMRF] MAP Mean value estimated in 10.101 milliseconds
[gmrf_wind_mapping_node-2] --> MAP did not converge after 1 iterations.
[gmrf_wind_mapping_node-2] [GMRF] MAP Mean value estimated in 10.1057 milliseconds
[gmrf_wind_mapping_node-2] --> MAP did not converge after 1 iterations.
[gmrf_wind_mapping_node-2] [GMRF] MAP Mean value estimated in 10.1037 milliseconds
[gmrf_wind_mapping_node-2] --> MAP did not converge after 1 iterations.
[gmrf_wind_mapping_node-2] [GMRF] MAP Mean value estimated in 10.1065 milliseconds
[gmrf_wind_mapping_node-2] --> MAP did not converge after 1 iterations.
[gmrf_wind_mapping_node-2] [GMRF] MAP Mean value estimated in 10.1045 milliseconds
[gmrf_wind_mapping_node-2] --> MAP did not converge after 1 iterations.
[gmrf_wind_mapping_node-2] [GMRF] MAP Mean value estimated in 10.1034 milliseconds
[gmrf_wind_mapping_node-2] --> MAP did not converge after 1 iterations.
[gmrf_wind_mapping_node-2] [GMRF] MAP Mean value estimated in 10.1024 milliseconds
[gsl_actionserver_node-3] [INFO] [1789221202.526391609] [GSL]: 10 gas measurements, 10 wind measurements over 2.04 seconds
[gsl_actionserver_node-3] [INFO] [1789221202.526477488] [GSL]: avg_gas=0.84;  avg_windSpeed=0.062;  avg_wind_dir=-0.3
[gsl_actionserver_node-3] [INFO] [1789221202.527435637] [GSL]: [33mGAS HIT[0m
[gsl_actionserver_node-3] [INFO] [1789221202.527452567] [GSL]: [DEBUG-WIND] useGroundTruth=false gmrf_req_size=631 gaden_req_size=-1
[gsl_actionserver_node-3] [INFO] [1789221202.527462970] [GSL]: [DEBUG-WIND] Taking GMRF path
[gsl_actionserver_node-3] [INFO] [1789221202.588889444] [GSL - Trace]: [32mEntering StopAndMeasure[0m
[gmrf_wind_mapping_node-2] --> MAP did not converge after 1 iterations.
[gmrf_wind_mapping_node-2] [GMRF] MAP Mean value estimated in 10.1032 milliseconds
[gmrf_wind_mapping_node-2] --> MAP did not converge after 1 iterations.
[gmrf_wind_mapping_node-2] [GMRF] MAP Mean value estimated in 10.1012 milliseconds
[gmrf_wind_mapping_node-2] --> MAP did not converge after 1 iterations.
[gmrf_wind_mapping_node-2] [GMRF] MAP Mean value estimated in 10.1002 milliseconds
[gmrf_wind_mapping_node-2] --> MAP did not converge after 1 iterations.
[gmrf_wind_mapping_node-2] [GMRF] MAP Mean value estimated in 10.0973 milliseconds
[gmrf_wind_mapping_node-2] --> MAP did not converge after 1 iterations.
[gmrf_wind_mapping_node-2] [GMRF] MAP Mean value estimated in 10.1 milliseconds
[gmrf_wind_mapping_node-2] --> MAP did not converge after 1 iterations.
[gmrf_wind_mapping_node-2] [GMRF] MAP Mean value estimated in 10.0971 milliseconds
[gmrf_wind_mapping_node-2] --> MAP did not converge after 1 iterations.
[gmrf_wind_mapping_node-2] [GMRF] MAP Mean value estimated in 10.1017 milliseconds
[gmrf_wind_mapping_node-2] --> MAP did not converge after 1 iterations.
[gmrf_wind_mapping_node-2] [GMRF] MAP Mean value estimated in 10.1007 milliseconds
[gmrf_wind_mapping_node-2] --> MAP did not converge after 1 iterations.
[gmrf_wind_mapping_node-2] [GMRF] MAP Mean value estimated in 10.1071 milliseconds
[gmrf_wind_mapping_node-2] --> MAP did not converge after 1 iterations.
[gmrf_wind_mapping_node-2] [GMRF] MAP Mean value estimated in 10.1099 milliseconds
[gmrf_wind_mapping_node-2] --> MAP did not converge after 1 iterations.
[gmrf_wind_mapping_node-2] [GMRF] MAP Mean value estimated in 10.1135 milliseconds
[gmrf_wind_mapping_node-2] --> MAP did not converge after 1 iterations.
[gmrf_wind_mapping_node-2] [GMRF] MAP Mean value estimated in 10.1143 milliseconds
[gmrf_wind_mapping_node-2] --> MAP did not converge after 1 iterations.
[gmrf_wind_mapping_node-2] [GMRF] MAP Mean value estimated in 10.118 milliseconds
[gmrf_wind_mapping_node-2] --> MAP did not converge after 1 iterations.
[gmrf_wind_mapping_node-2] [GMRF] MAP Mean value estimated in 10.1151 milliseconds
[gmrf_wind_mapping_node-2] --> MAP did not converge after 1 iterations.
[gmrf_wind_mapping_node-2] [GMRF] MAP Mean value estimated in 10.1168 milliseconds
[gmrf_wind_mapping_node-2] --> MAP did not converge after 1 iterations.
[gmrf_wind_mapping_node-2] [GMRF] MAP Mean value estimated in 10.1139 milliseconds
[gmrf_wind_mapping_node-2] --> MAP did not converge after 1 iterations.
[gmrf_wind_mapping_node-2] [GMRF] MAP Mean value estimated in 10.1175 milliseconds
[gmrf_wind_mapping_node-2] --> MAP did not converge after 1 iterations.
[gmrf_wind_mapping_node-2] [GMRF] MAP Mean value estimated in 10.1165 milliseconds
[gmrf_wind_mapping_node-2] --> MAP did not converge after 1 iterations.
[gmrf_wind_mapping_node-2] [GMRF] MAP Mean value estimated in 10.1127 milliseconds
[gsl_actionserver_node-3] [INFO] [1789221204.476314151] [GSL]: 10 gas measurements, 10 wind measurements over 1.89 seconds
[gsl_actionserver_node-3] [INFO] [1789221204.476373397] [GSL]: avg_gas=0.81;  avg_windSpeed=0.057;  avg_wind_dir=-0.19
[gsl_actionserver_node-3] [INFO] [1789221204.477008070] [GSL]: [33mGAS HIT[0m
[gsl_actionserver_node-3] [INFO] [1789221204.477051381] [GSL]: [DEBUG-WIND] useGroundTruth=false gmrf_req_size=631 gaden_req_size=-1
[gsl_actionserver_node-3] [INFO] [1789221204.477058427] [GSL]: [DEBUG-WIND] Taking GMRF path
[gsl_actionserver_node-3] [INFO] [1789221204.488860803] [GSL - Trace]: [32mEntering StopAndMeasure[0m
[gmrf_wind_mapping_node-2] --> MAP did not converge after 1 iterations.
[gmrf_wind_mapping_node-2] [GMRF] MAP Mean value estimated in 10.1088 milliseconds
[gmrf_wind_mapping_node-2] --> MAP did not converge after 1 iterations.
[gmrf_wind_mapping_node-2] [GMRF] MAP Mean value estimated in 10.105 milliseconds
[gmrf_wind_mapping_node-2] --> MAP did not converge after 1 iterations.
[gmrf_wind_mapping_node-2] [GMRF] MAP Mean value estimated in 10.1086 milliseconds
[gmrf_wind_mapping_node-2] --> MAP did not converge after 1 iterations.
[gmrf_wind_mapping_node-2] [GMRF] MAP Mean value estimated in 10.1122 milliseconds
[gmrf_wind_mapping_node-2] --> MAP did not converge after 1 iterations.
[gmrf_wind_mapping_node-2] [GMRF] MAP Mean value estimated in 10.1094 milliseconds
[gmrf_wind_mapping_node-2] --> MAP did not converge after 1 iterations.
[gmrf_wind_mapping_node-2] [GMRF] MAP Mean value estimated in 10.113 milliseconds
[gmrf_wind_mapping_node-2] --> MAP did not converge after 1 iterations.
[gmrf_wind_mapping_node-2] [GMRF] MAP Mean value estimated in 10.1101 milliseconds
[gmrf_wind_mapping_node-2] --> MAP did not converge after 1 iterations.
[gmrf_wind_mapping_node-2] [GMRF] MAP Mean value estimated in 10.1155 milliseconds
[gmrf_wind_mapping_node-2] --> MAP did not converge after 1 iterations.
[gmrf_wind_mapping_node-2] [GMRF] MAP Mean value estimated in 10.1154 milliseconds
[gmrf_wind_mapping_node-2] --> MAP did not converge after 1 iterations.
[gmrf_wind_mapping_node-2] [GMRF] MAP Mean value estimated in 10.1172 milliseconds
[gmrf_wind_mapping_node-2] --> MAP did not converge after 1 iterations.
[gmrf_wind_mapping_node-2] [GMRF] MAP Mean value estimated in 10.1207 milliseconds
[gmrf_wind_mapping_node-2] --> MAP did not converge after 1 iterations.
[gmrf_wind_mapping_node-2] [GMRF] MAP Mean value estimated in 10.1225 milliseconds
[gmrf_wind_mapping_node-2] --> MAP did not converge after 1 iterations.
[gmrf_wind_mapping_node-2] [GMRF] MAP Mean value estimated in 10.1205 milliseconds
[gmrf_wind_mapping_node-2] --> MAP did not converge after 1 iterations.
[gmrf_wind_mapping_node-2] [GMRF] MAP Mean value estimated in 10.1213 milliseconds
[gmrf_wind_mapping_node-2] --> MAP did not converge after 1 iterations.
[gmrf_wind_mapping_node-2] [GMRF] MAP Mean value estimated in 10.1185 milliseconds
[gmrf_wind_mapping_node-2] --> MAP did not converge after 1 iterations.
[gmrf_wind_mapping_node-2] [GMRF] MAP Mean value estimated in 10.1202 milliseconds
[gmrf_wind_mapping_node-2] --> MAP did not converge after 1 iterations.
[gmrf_wind_mapping_node-2] [GMRF] MAP Mean value estimated in 10.1182 milliseconds
[gmrf_wind_mapping_node-2] --> MAP did not converge after 1 iterations.
[gmrf_wind_mapping_node-2] [GMRF] MAP Mean value estimated in 10.1172 milliseconds
[gmrf_wind_mapping_node-2] --> MAP did not converge after 1 iterations.
[gmrf_wind_mapping_node-2] [GMRF] MAP Mean value estimated in 10.1162 milliseconds
[gmrf_wind_mapping_node-2] --> MAP did not converge after 1 iterations.
[gmrf_wind_mapping_node-2] [GMRF] MAP Mean value estimated in 10.1133 milliseconds
[gsl_actionserver_node-3] [INFO] [1789221206.476339217] [GSL]: 10 gas measurements, 10 wind measurements over 1.99 seconds
[gsl_actionserver_node-3] [INFO] [1789221206.476399611] [GSL]: avg_gas=0.8;  avg_windSpeed=0.062;  avg_wind_dir=-0.3
[gsl_actionserver_node-3] [INFO] [1789221206.477094743] [GSL]: [33mGAS HIT[0m
[gsl_actionserver_node-3] [INFO] [1789221206.477112160] [GSL]: [DEBUG-WIND] useGroundTruth=false gmrf_req_size=631 gaden_req_size=-1
[gsl_actionserver_node-3] [INFO] [1789221206.477119207] [GSL]: [DEBUG-WIND] Taking GMRF path
[gsl_actionserver_node-3] [INFO] [1789221206.489152937] [GSL - Trace]: [32mEntering StopAndMeasure[0m
[gmrf_wind_mapping_node-2] --> MAP did not converge after 1 iterations.
[gmrf_wind_mapping_node-2] [GMRF] MAP Mean value estimated in 10.1105 milliseconds
[gmrf_wind_mapping_node-2] --> MAP did not converge after 1 iterations.
[gmrf_wind_mapping_node-2] [GMRF] MAP Mean value estimated in 10.1141 milliseconds
[gmrf_wind_mapping_node-2] --> MAP did not converge after 1 iterations.
[gmrf_wind_mapping_node-2] [GMRF] MAP Mean value estimated in 10.1121 milliseconds
[gmrf_wind_mapping_node-2] --> MAP did not converge after 1 iterations.
[gmrf_wind_mapping_node-2] [GMRF] MAP Mean value estimated in 10.1148 milliseconds
[gmrf_wind_mapping_node-2] --> MAP did not converge after 1 iterations.
[gmrf_wind_mapping_node-2] [GMRF] MAP Mean value estimated in 10.1165 milliseconds
[gmrf_wind_mapping_node-2] --> MAP did not converge after 1 iterations.
[gmrf_wind_mapping_node-2] [GMRF] MAP Mean value estimated in 10.1173 milliseconds
[gmrf_wind_mapping_node-2] --> MAP did not converge after 1 iterations.
[gmrf_wind_mapping_node-2] [GMRF] MAP Mean value estimated in 10.1144 milliseconds
[gmrf_wind_mapping_node-2] --> MAP did not converge after 1 iterations.
[gmrf_wind_mapping_node-2] [GMRF] MAP Mean value estimated in 10.1125 milliseconds
[gmrf_wind_mapping_node-2] --> MAP did not converge after 1 iterations.
[gmrf_wind_mapping_node-2] [GMRF] MAP Mean value estimated in 10.1124 milliseconds
[gmrf_wind_mapping_node-2] --> MAP did not converge after 1 iterations.
[gmrf_wind_mapping_node-2] [GMRF] MAP Mean value estimated in 10.1168 milliseconds
[gmrf_wind_mapping_node-2] --> MAP did not converge after 1 iterations.
[gmrf_wind_mapping_node-2] [GMRF] MAP Mean value estimated in 10.1186 milliseconds
[gmrf_wind_mapping_node-2] --> MAP did not converge after 1 iterations.
[gmrf_wind_mapping_node-2] [GMRF] MAP Mean value estimated in 10.1239 milliseconds
[gmrf_wind_mapping_node-2] --> MAP did not converge after 1 iterations.
[gmrf_wind_mapping_node-2] [GMRF] MAP Mean value estimated in 10.1247 milliseconds
[gmrf_wind_mapping_node-2] --> MAP did not converge after 1 iterations.
[gmrf_wind_mapping_node-2] [GMRF] MAP Mean value estimated in 10.13 milliseconds
[gmrf_wind_mapping_node-2] --> MAP did not converge after 1 iterations.
[gmrf_wind_mapping_node-2] [GMRF] MAP Mean value estimated in 10.1289 milliseconds
[gmrf_wind_mapping_node-2] --> MAP did not converge after 1 iterations.
[gmrf_wind_mapping_node-2] [GMRF] MAP Mean value estimated in 10.1306 milliseconds
[gmrf_wind_mapping_node-2] --> MAP did not converge after 1 iterations.
[gmrf_wind_mapping_node-2] [GMRF] MAP Mean value estimated in 10.1287 milliseconds
[gmrf_wind_mapping_node-2] --> MAP did not converge after 1 iterations.
[gmrf_wind_mapping_node-2] [GMRF] MAP Mean value estimated in 10.1259 milliseconds
[gmrf_wind_mapping_node-2] --> MAP did not converge after 1 iterations.
[gmrf_wind_mapping_node-2] [GMRF] MAP Mean value estimated in 10.1231 milliseconds
[gmrf_wind_mapping_node-2] --> MAP did not converge after 1 iterations.
[gmrf_wind_mapping_node-2] [GMRF] MAP Mean value estimated in 10.1203 milliseconds
[gsl_actionserver_node-3] [INFO] [1789221208.476340617] [GSL]: 10 gas measurements, 10 wind measurements over 1.99 seconds
[gsl_actionserver_node-3] [INFO] [1789221208.476411491] [GSL]: avg_gas=0.8;  avg_windSpeed=0.057;  avg_wind_dir=-0.19
[gsl_actionserver_node-3] [INFO] [1789221208.477018070] [GSL]: [33mGAS HIT[0m
[gsl_actionserver_node-3] [INFO] [1789221208.477044212] [GSL]: [DEBUG-WIND] useGroundTruth=false gmrf_req_size=631 gaden_req_size=-1
[gsl_actionserver_node-3] [INFO] [1789221208.477051403] [GSL]: [DEBUG-WIND] Taking GMRF path
[gsl_actionserver_node-3] [INFO] [1789221208.488860074] [GSL - Trace]: [32mEntering StopAndMeasure[0m
[gmrf_wind_mapping_node-2] --> MAP did not converge after 1 iterations.
[gmrf_wind_mapping_node-2] [GMRF] MAP Mean value estimated in 10.1175 milliseconds
[gmrf_wind_mapping_node-2] --> MAP did not converge after 1 iterations.
[gmrf_wind_mapping_node-2] [GMRF] MAP Mean value estimated in 10.1156 milliseconds
[gmrf_wind_mapping_node-2] --> MAP did not converge after 1 iterations.
[gmrf_wind_mapping_node-2] [GMRF] MAP Mean value estimated in 10.1128 milliseconds
[gmrf_wind_mapping_node-2] --> MAP did not converge after 1 iterations.
[gmrf_wind_mapping_node-2] [GMRF] MAP Mean value estimated in 10.1109 milliseconds
[gmrf_wind_mapping_node-2] --> MAP did not converge after 1 iterations.
[gmrf_wind_mapping_node-2] [GMRF] MAP Mean value estimated in 10.1108 milliseconds
[gmrf_wind_mapping_node-2] --> MAP did not converge after 1 iterations.
[gmrf_wind_mapping_node-2] [GMRF] MAP Mean value estimated in 10.1071 milliseconds
[gmrf_wind_mapping_node-2] --> MAP did not converge after 1 iterations.
[gmrf_wind_mapping_node-2] [GMRF] MAP Mean value estimated in 10.1035 milliseconds
[gmrf_wind_mapping_node-2] --> MAP did not converge after 1 iterations.
[gmrf_wind_mapping_node-2] [GMRF] MAP Mean value estimated in 10.0998 milliseconds
[gmrf_wind_mapping_node-2] --> MAP did not converge after 1 iterations.
[gmrf_wind_mapping_node-2] [GMRF] MAP Mean value estimated in 10.0971 milliseconds
[gmrf_wind_mapping_node-2] --> MAP did not converge after 1 iterations.
[gmrf_wind_mapping_node-2] [GMRF] MAP Mean value estimated in 10.097 milliseconds
[gmrf_wind_mapping_node-2] --> MAP did not converge after 1 iterations.
[gmrf_wind_mapping_node-2] [GMRF] MAP Mean value estimated in 10.0996 milliseconds
[gmrf_wind_mapping_node-2] --> MAP did not converge after 1 iterations.
[gmrf_wind_mapping_node-2] [GMRF] MAP Mean value estimated in 10.1057 milliseconds
[gmrf_wind_mapping_node-2] --> MAP did not converge after 1 iterations.
[gmrf_wind_mapping_node-2] [GMRF] MAP Mean value estimated in 10.1038 milliseconds
[gmrf_wind_mapping_node-2] --> MAP did not converge after 1 iterations.
[gmrf_wind_mapping_node-2] [GMRF] MAP Mean value estimated in 10.1082 milliseconds
[gmrf_wind_mapping_node-2] --> MAP did not converge after 1 iterations.
[gmrf_wind_mapping_node-2] [GMRF] MAP Mean value estimated in 10.1072 milliseconds
[gmrf_wind_mapping_node-2] --> MAP did not converge after 1 iterations.
[gmrf_wind_mapping_node-2] [GMRF] MAP Mean value estimated in 10.1044 milliseconds
[gmrf_wind_mapping_node-2] --> MAP did not converge after 1 iterations.
[gmrf_wind_mapping_node-2] [GMRF] MAP Mean value estimated in 10.1017 milliseconds
[gmrf_wind_mapping_node-2] --> MAP did not converge after 1 iterations.
[gmrf_wind_mapping_node-2] [GMRF] MAP Mean value estimated in 10.1025 milliseconds
[gmrf_wind_mapping_node-2] --> MAP did not converge after 1 iterations.
[gmrf_wind_mapping_node-2] [GMRF] MAP Mean value estimated in 10.1015 milliseconds
[gmrf_wind_mapping_node-2] --> MAP did not converge after 1 iterations.
[gmrf_wind_mapping_node-2] [GMRF] MAP Mean value estimated in 10.1023 milliseconds
[gsl_actionserver_node-3] [INFO] [1789221210.476236856] [GSL]: 10 gas measurements, 10 wind measurements over 1.99 seconds
[gsl_actionserver_node-3] [INFO] [1789221210.476628372] [GSL]: avg_gas=0.77;  avg_windSpeed=0.062;  avg_wind_dir=-0.3
[gsl_actionserver_node-3] [INFO] [1789221210.477379553] [GSL]: [33mGAS HIT[0m
[gsl_actionserver_node-3] [INFO] [1789221210.477392523] [GSL]: [DEBUG-WIND] useGroundTruth=false gmrf_req_size=631 gaden_req_size=-1
[gsl_actionserver_node-3] [INFO] [1789221210.477400662] [GSL]: [DEBUG-WIND] Taking GMRF path
[gmrf_wind_mapping_node-2] --> MAP did not converge after 1 iterations.
[gmrf_wind_mapping_node-2] [GMRF] MAP Mean value estimated in 10.1004 milliseconds
[gsl_actionserver_node-3] [INFO] [1789221210.503729827] [GSL]: Max mutual info: 2.889
[gsl_actionserver_node-3] [INFO] [1789221210.504413120] [GSL]: MutualInformation - Ellapsed: 0.015s
[vgr_sim_node-1] [WARN] [1789221210.510347449] [vgr_uav_sim]: PLAN_CB: called with goal=(-3.14,-1.60)
[vgr_sim_node-1] [WARN] [1789221210.515445881] [vgr_uav_sim]: PLAN_CB: returning 4 poses
[vgr_sim_node-1] [WARN] [1789221210.535274504] [vgr_uav_sim]: PLAN_CB: called with goal=(-3.14,-1.60)
[vgr_sim_node-1] [WARN] [1789221210.536402428] [vgr_uav_sim]: PLAN_CB: returning 4 poses
[gsl_actionserver_node-3] [INFO] [1789221210.546115654] [GSL]: Sending goal (-3.14, -1.60)
[gsl_actionserver_node-3] [INFO] [1789221210.546587389] [GSL]: Variance: 0.54
[gsl_actionserver_node-3] [INFO] [1789221210.546602168] [GSL - Trace]: [32mEntering Moving[0m
[vgr_sim_node-1] [INFO] [1789221210.547791221] [vgr_uav_sim]: Prepared 4 collision-free navigation waypoints to (-3.14, -1.60)
[vgr_sim_node-1] [INFO] [1789221210.549032438] [vgr_uav_sim]: UAV navigating in audited 2-D mode to (-3.14, -1.60, 0.30)
[gmrf_wind_mapping_node-2] --> MAP did not converge after 1 iterations.
[gmrf_wind_mapping_node-2] [GMRF] MAP Mean value estimated in 10.0977 milliseconds
[gmrf_wind_mapping_node-2] --> MAP did not converge after 1 iterations.
[gmrf_wind_mapping_node-2] [GMRF] MAP Mean value estimated in 10.0967 milliseconds
[gmrf_wind_mapping_node-2] --> MAP did not converge after 1 iterations.
[gmrf_wind_mapping_node-2] [GMRF] MAP Mean value estimated in 10.1011 milliseconds
[gmrf_wind_mapping_node-2] --> MAP did not converge after 1 iterations.
[gmrf_wind_mapping_node-2] [GMRF] MAP Mean value estimated in 10.0983 milliseconds
[gmrf_wind_mapping_node-2] --> MAP did not converge after 1 iterations.
[gmrf_wind_mapping_node-2] [GMRF] MAP Mean value estimated in 10.1 milliseconds
[gmrf_wind_mapping_node-2] --> MAP did not converge after 1 iterations.
[gmrf_wind_mapping_node-2] [GMRF] MAP Mean value estimated in 10.0973 milliseconds
[gsl_actionserver_node-3] [INFO] [1789221211.127242130] [GSL - Trace]: [32mEntering StopAndMeasure[0m
[gmrf_wind_mapping_node-2] --> MAP did not converge after 1 iterations.
[gmrf_wind_mapping_node-2] [GMRF] MAP Mean value estimated in 10.1016 milliseconds
[gmrf_wind_mapping_node-2] --> MAP did not converge after 1 iterations.
[gmrf_wind_mapping_node-2] [GMRF] MAP Mean value estimated in 10.1015 milliseconds
[gmrf_wind_mapping_node-2] --> MAP did not converge after 1 iterations.
[gmrf_wind_mapping_node-2] [GMRF] MAP Mean value estimated in 10.1031 milliseconds
[gmrf_wind_mapping_node-2] --> MAP did not converge after 1 iterations.
[gmrf_wind_mapping_node-2] [GMRF] MAP Mean value estimated in 10.1004 milliseconds
[gmrf_wind_mapping_node-2] --> MAP did not converge after 1 iterations.
[gmrf_wind_mapping_node-2] [GMRF] MAP Mean value estimated in 10.1047 milliseconds
[gmrf_wind_mapping_node-2] --> MAP did not converge after 1 iterations.
[gmrf_wind_mapping_node-2] [GMRF] MAP Mean value estimated in 10.1029 milliseconds
[gmrf_wind_mapping_node-2] --> MAP did not converge after 1 iterations.
[gmrf_wind_mapping_node-2] [GMRF] MAP Mean value estimated in 10.1054 milliseconds
[gmrf_wind_mapping_node-2] --> MAP did not converge after 1 iterations.
[gmrf_wind_mapping_node-2] [GMRF] MAP Mean value estimated in 10.1027 milliseconds
[gmrf_wind_mapping_node-2] --> MAP did not converge after 1 iterations.
[gmrf_wind_mapping_node-2] [GMRF] MAP Mean value estimated in 10.1026 milliseconds
[gmrf_wind_mapping_node-2] --> MAP did not converge after 1 iterations.
[gmrf_wind_mapping_node-2] [GMRF] MAP Mean value estimated in 10.1017 milliseconds
[gmrf_wind_mapping_node-2] --> MAP did not converge after 1 iterations.
[gmrf_wind_mapping_node-2] [GMRF] MAP Mean value estimated in 10.1068 milliseconds
[gmrf_wind_mapping_node-2] --> MAP did not converge after 1 iterations.
[gmrf_wind_mapping_node-2] [GMRF] MAP Mean value estimated in 10.1075 milliseconds
[gmrf_wind_mapping_node-2] --> MAP did not converge after 1 iterations.
[gmrf_wind_mapping_node-2] [GMRF] MAP Mean value estimated in 10.1092 milliseconds
[gmrf_wind_mapping_node-2] --> MAP did not converge after 1 iterations.
[gmrf_wind_mapping_node-2] [GMRF] MAP Mean value estimated in 10.1126 milliseconds
[gmrf_wind_mapping_node-2] --> MAP did not converge after 1 iterations.
[gmrf_wind_mapping_node-2] [GMRF] MAP Mean value estimated in 10.1185 milliseconds
[gmrf_wind_mapping_node-2] --> MAP did not converge after 1 iterations.
[gmrf_wind_mapping_node-2] [GMRF] MAP Mean value estimated in 10.1201 milliseconds
[gmrf_wind_mapping_node-2] --> MAP did not converge after 1 iterations.
[gmrf_wind_mapping_node-2] [GMRF] MAP Mean value estimated in 10.1235 milliseconds
[gmrf_wind_mapping_node-2] --> MAP did not converge after 1 iterations.
[gmrf_wind_mapping_node-2] [GMRF] MAP Mean value estimated in 10.1225 milliseconds
[gmrf_wind_mapping_node-2] --> MAP did not converge after 1 iterations.
[gmrf_wind_mapping_node-2] [GMRF] MAP Mean value estimated in 10.1259 milliseconds
[gmrf_wind_mapping_node-2] --> MAP did not converge after 1 iterations.
[gmrf_wind_mapping_node-2] [GMRF] MAP Mean value estimated in 10.124 milliseconds
[gsl_actionserver_node-3] [INFO] [1789221213.126427094] [GSL]: 10 gas measurements, 10 wind measurements over 2.00 seconds
[gsl_actionserver_node-3] [INFO] [1789221213.126514879] [GSL]: avg_gas=0.74;  avg_windSpeed=0.04;  avg_wind_dir=-0.3
[gsl_actionserver_node-3] [INFO] [1789221213.127563613] [GSL]: [33mGAS HIT[0m
[gsl_actionserver_node-3] [INFO] [1789221213.128052905] [GSL]: [DEBUG-WIND] useGroundTruth=false gmrf_req_size=631 gaden_req_size=-1
[gsl_actionserver_node-3] [INFO] [1789221213.128076003] [GSL]: [DEBUG-WIND] Taking GMRF path
[gsl_actionserver_node-3] [INFO] [1789221213.189001862] [GSL - Trace]: [32mEntering StopAndMeasure[0m
[gmrf_wind_mapping_node-2] --> MAP did not converge after 1 iterations.
[gmrf_wind_mapping_node-2] [GMRF] MAP Mean value estimated in 10.1231 milliseconds
[gmrf_wind_mapping_node-2] --> MAP did not converge after 1 iterations.
[gmrf_wind_mapping_node-2] [GMRF] MAP Mean value estimated in 10.1221 milliseconds
[gmrf_wind_mapping_node-2] --> MAP did not converge after 1 iterations.
[gmrf_wind_mapping_node-2] [GMRF] MAP Mean value estimated in 10.122 milliseconds
[gmrf_wind_mapping_node-2] --> MAP did not converge after 1 iterations.
[gmrf_wind_mapping_node-2] [GMRF] MAP Mean value estimated in 10.1202 milliseconds
[gmrf_wind_mapping_node-2] --> MAP did not converge after 1 iterations.
[gmrf_wind_mapping_node-2] [GMRF] MAP Mean value estimated in 10.1235 milliseconds
[gmrf_wind_mapping_node-2] --> MAP did not converge after 1 iterations.
[gmrf_wind_mapping_node-2] [GMRF] MAP Mean value estimated in 10.1268 milliseconds
[gmrf_wind_mapping_node-2] --> MAP did not converge after 1 iterations.
[gmrf_wind_mapping_node-2] [GMRF] MAP Mean value estimated in 10.1301 milliseconds
[gmrf_wind_mapping_node-2] --> MAP did not converge after 1 iterations.
[gmrf_wind_mapping_node-2] [GMRF] MAP Mean value estimated in 10.1275 milliseconds
[gmrf_wind_mapping_node-2] --> MAP did not converge after 1 iterations.
[gmrf_wind_mapping_node-2] [GMRF] MAP Mean value estimated in 10.1316 milliseconds
[gmrf_wind_mapping_node-2] --> MAP did not converge after 1 iterations.
[gmrf_wind_mapping_node-2] [GMRF] MAP Mean value estimated in 10.1289 milliseconds
[gmrf_wind_mapping_node-2] --> MAP did not converge after 1 iterations.
[gmrf_wind_mapping_node-2] [GMRF] MAP Mean value estimated in 10.1271 milliseconds
[gmrf_wind_mapping_node-2] --> MAP did not converge after 1 iterations.
[gmrf_wind_mapping_node-2] [GMRF] MAP Mean value estimated in 10.127 milliseconds
[gmrf_wind_mapping_node-2] --> MAP did not converge after 1 iterations.
[gmrf_wind_mapping_node-2] [GMRF] MAP Mean value estimated in 10.1244 milliseconds
[gmrf_wind_mapping_node-2] --> MAP did not converge after 1 iterations.
[gmrf_wind_mapping_node-2] [GMRF] MAP Mean value estimated in 10.1217 milliseconds
[gmrf_wind_mapping_node-2] --> MAP did not converge after 1 iterations.
[gmrf_wind_mapping_node-2] [GMRF] MAP Mean value estimated in 10.119 milliseconds
[gmrf_wind_mapping_node-2] --> MAP did not converge after 1 iterations.
[gmrf_wind_mapping_node-2] [GMRF] MAP Mean value estimated in 10.1164 milliseconds
[gmrf_wind_mapping_node-2] --> MAP did not converge after 1 iterations.
[gmrf_wind_mapping_node-2] [GMRF] MAP Mean value estimated in 10.1231 milliseconds
[gmrf_wind_mapping_node-2] --> MAP did not converge after 1 iterations.
[gmrf_wind_mapping_node-2] [GMRF] MAP Mean value estimated in 10.1204 milliseconds
[gmrf_wind_mapping_node-2] --> MAP did not converge after 1 iterations.
[gmrf_wind_mapping_node-2] [GMRF] MAP Mean value estimated in 10.1237 milliseconds
[gmrf_wind_mapping_node-2] --> MAP did not converge after 1 iterations.
[gmrf_wind_mapping_node-2] [GMRF] MAP Mean value estimated in 10.1219 milliseconds
[gsl_actionserver_node-3] [INFO] [1789221215.126467175] [GSL]: 10 gas measurements, 10 wind measurements over 1.94 seconds
[gsl_actionserver_node-3] [INFO] [1789221215.126580920] [GSL]: avg_gas=0.76;  avg_windSpeed=0.037;  avg_wind_dir=-1
[gsl_actionserver_node-3] [INFO] [1789221215.127624562] [GSL]: [33mGAS HIT[0m
[gsl_actionserver_node-3] [INFO] [1789221215.127643047] [GSL]: [DEBUG-WIND] useGroundTruth=false gmrf_req_size=631 gaden_req_size=-1
[gsl_actionserver_node-3] [INFO] [1789221215.127654674] [GSL]: [DEBUG-WIND] Taking GMRF path
[gsl_actionserver_node-3] [INFO] [1789221215.189632149] [GSL - Trace]: [32mEntering StopAndMeasure[0m
[gmrf_wind_mapping_node-2] --> MAP did not converge after 1 iterations.
[gmrf_wind_mapping_node-2] [GMRF] MAP Mean value estimated in 10.1235 milliseconds
[gmrf_wind_mapping_node-2] --> MAP did not converge after 1 iterations.
[gmrf_wind_mapping_node-2] [GMRF] MAP Mean value estimated in 10.1226 milliseconds
[gmrf_wind_mapping_node-2] --> MAP did not converge after 1 iterations.
[gmrf_wind_mapping_node-2] [GMRF] MAP Mean value estimated in 10.1233 milliseconds
[gmrf_wind_mapping_node-2] --> MAP did not converge after 1 iterations.
[gmrf_wind_mapping_node-2] [GMRF] MAP Mean value estimated in 10.1215 milliseconds
[gmrf_wind_mapping_node-2] --> MAP did not converge after 1 iterations.
[gmrf_wind_mapping_node-2] [GMRF] MAP Mean value estimated in 10.1248 milliseconds
[gmrf_wind_mapping_node-2] --> MAP did not converge after 1 iterations.
[gmrf_wind_mapping_node-2] [GMRF] MAP Mean value estimated in 10.1255 milliseconds
[gmrf_wind_mapping_node-2] --> MAP did not converge after 1 iterations.
[gmrf_wind_mapping_node-2] [GMRF] MAP Mean value estimated in 10.1229 milliseconds
[gmrf_wind_mapping_node-2] --> MAP did not converge after 1 iterations.
[gmrf_wind_mapping_node-2] [GMRF] MAP Mean value estimated in 10.1203 milliseconds
[gmrf_wind_mapping_node-2] --> MAP did not converge after 1 iterations.
[gmrf_wind_mapping_node-2] [GMRF] MAP Mean value estimated in 10.1235 milliseconds
[gmrf_wind_mapping_node-2] --> MAP did not converge after 1 iterations.
[gmrf_wind_mapping_node-2] [GMRF] MAP Mean value estimated in 10.1209 milliseconds
[gmrf_wind_mapping_node-2] --> MAP did not converge after 1 iterations.
[gmrf_wind_mapping_node-2] [GMRF] MAP Mean value estimated in 10.1216 milliseconds
[gmrf_wind_mapping_node-2] --> MAP did not converge after 1 iterations.
[gmrf_wind_mapping_node-2] [GMRF] MAP Mean value estimated in 10.119 milliseconds
[gmrf_wind_mapping_node-2] --> MAP did not converge after 1 iterations.
[gmrf_wind_mapping_node-2] [GMRF] MAP Mean value estimated in 10.1206 milliseconds
[gmrf_wind_mapping_node-2] --> MAP did not converge after 1 iterations.
[gmrf_wind_mapping_node-2] [GMRF] MAP Mean value estimated in 10.1197 milliseconds
[gmrf_wind_mapping_node-2] --> MAP did not converge after 1 iterations.
[gmrf_wind_mapping_node-2] [GMRF] MAP Mean value estimated in 10.1229 milliseconds
[gmrf_wind_mapping_node-2] --> MAP did not converge after 1 iterations.
[gmrf_wind_mapping_node-2] [GMRF] MAP Mean value estimated in 10.1236 milliseconds
[gmrf_wind_mapping_node-2] --> MAP did not converge after 1 iterations.
[gmrf_wind_mapping_node-2] [GMRF] MAP Mean value estimated in 10.126 milliseconds
[gmrf_wind_mapping_node-2] --> MAP did not converge after 1 iterations.
[gmrf_wind_mapping_node-2] [GMRF] MAP Mean value estimated in 10.1276 milliseconds
[gmrf_wind_mapping_node-2] --> MAP did not converge after 1 iterations.
[gmrf_wind_mapping_node-2] [GMRF] MAP Mean value estimated in 10.1317 milliseconds
[gmrf_wind_mapping_node-2] --> MAP did not converge after 1 iterations.
[gmrf_wind_mapping_node-2] [GMRF] MAP Mean value estimated in 10.1299 milliseconds
[gsl_actionserver_node-3] [INFO] [1789221217.127013202] [GSL]: 10 gas measurements, 10 wind measurements over 1.94 seconds
[gsl_actionserver_node-3] [INFO] [1789221217.127124538] [GSL]: avg_gas=0.81;  avg_windSpeed=0.04;  avg_wind_dir=-0.3
[gsl_actionserver_node-3] [INFO] [1789221217.128039629] [GSL]: [33mGAS HIT[0m
[gsl_actionserver_node-3] [INFO] [1789221217.128053148] [GSL]: [DEBUG-WIND] useGroundTruth=false gmrf_req_size=631 gaden_req_size=-1
[gsl_actionserver_node-3] [INFO] [1789221217.128412593] [GSL]: [DEBUG-WIND] Taking GMRF path
[gsl_actionserver_node-3] [INFO] [1789221217.190119684] [GSL - Trace]: [32mEntering StopAndMeasure[0m
[gmrf_wind_mapping_node-2] --> MAP did not converge after 1 iterations.
[gmrf_wind_mapping_node-2] [GMRF] MAP Mean value estimated in 10.1298 milliseconds
[gmrf_wind_mapping_node-2] --> MAP did not converge after 1 iterations.
[gmrf_wind_mapping_node-2] [GMRF] MAP Mean value estimated in 10.1288 milliseconds
[gmrf_wind_mapping_node-2] --> MAP did not converge after 1 iterations.
[gmrf_wind_mapping_node-2] [GMRF] MAP Mean value estimated in 10.1287 milliseconds
[gmrf_wind_mapping_node-2] --> MAP did not converge after 1 iterations.
[gmrf_wind_mapping_node-2] [GMRF] MAP Mean value estimated in 10.127 milliseconds
[gmrf_wind_mapping_node-2] --> MAP did not converge after 1 iterations.
[gmrf_wind_mapping_node-2] [GMRF] MAP Mean value estimated in 10.1318 milliseconds
[gmrf_wind_mapping_node-2] --> MAP did not converge after 1 iterations.
[gmrf_wind_mapping_node-2] [GMRF] MAP Mean value estimated in 10.1317 milliseconds
[gmrf_wind_mapping_node-2] --> MAP did not converge after 1 iterations.
[gmrf_wind_mapping_node-2] [GMRF] MAP Mean value estimated in 10.1366 milliseconds
[gmrf_wind_mapping_node-2] --> MAP did not converge after 1 iterations.
[gmrf_wind_mapping_node-2] [GMRF] MAP Mean value estimated in 10.1356 milliseconds
[gmrf_wind_mapping_node-2] --> MAP did not converge after 1 iterations.
[gmrf_wind_mapping_node-2] [GMRF] MAP Mean value estimated in 10.1339 milliseconds
[gmrf_wind_mapping_node-2] --> MAP did not converge after 1 iterations.
[gmrf_wind_mapping_node-2] [GMRF] MAP Mean value estimated in 10.1329 milliseconds
[gmrf_wind_mapping_node-2] --> MAP did not converge after 1 iterations.
[gmrf_wind_mapping_node-2] [GMRF] MAP Mean value estimated in 10.1345 milliseconds
[gmrf_wind_mapping_node-2] --> MAP did not converge after 1 iterations.
[gmrf_wind_mapping_node-2] [GMRF] MAP Mean value estimated in 10.1344 milliseconds
[gmrf_wind_mapping_node-2] --> MAP did not converge after 1 iterations.
[gmrf_wind_mapping_node-2] [GMRF] MAP Mean value estimated in 10.1326 milliseconds
[gmrf_wind_mapping_node-2] --> MAP did not converge after 1 iterations.
[gmrf_wind_mapping_node-2] [GMRF] MAP Mean value estimated in 10.13 milliseconds
[gmrf_wind_mapping_node-2] --> MAP did not converge after 1 iterations.
[gmrf_wind_mapping_node-2] [GMRF] MAP Mean value estimated in 10.1283 milliseconds
[gmrf_wind_mapping_node-2] --> MAP did not converge after 1 iterations.
[gmrf_wind_mapping_node-2] [GMRF] MAP Mean value estimated in 10.1265 milliseconds
[gmrf_wind_mapping_node-2] --> MAP did not converge after 1 iterations.
[gmrf_wind_mapping_node-2] [GMRF] MAP Mean value estimated in 10.1305 milliseconds
[gmrf_wind_mapping_node-2] --> MAP did not converge after 1 iterations.
[gmrf_wind_mapping_node-2] [GMRF] MAP Mean value estimated in 10.1321 milliseconds
[gmrf_wind_mapping_node-2] --> MAP did not converge after 1 iterations.
[gmrf_wind_mapping_node-2] [GMRF] MAP Mean value estimated in 10.1336 milliseconds
[gmrf_wind_mapping_node-2] --> MAP did not converge after 1 iterations.
[gmrf_wind_mapping_node-2] [GMRF] MAP Mean value estimated in 10.1319 milliseconds
[gsl_actionserver_node-3] [INFO] [1789221219.126893975] [GSL]: 10 gas measurements, 10 wind measurements over 1.94 seconds
[gsl_actionserver_node-3] [INFO] [1789221219.127008568] [GSL]: avg_gas=0.85;  avg_windSpeed=0.037;  avg_wind_dir=-1
[gsl_actionserver_node-3] [INFO] [1789221219.128165233] [GSL]: [33mGAS HIT[0m
[gsl_actionserver_node-3] [INFO] [1789221219.128185721] [GSL]: [DEBUG-WIND] useGroundTruth=false gmrf_req_size=631 gaden_req_size=-1
[gsl_actionserver_node-3] [INFO] [1789221219.128198470] [GSL]: [DEBUG-WIND] Taking GMRF path
[gsl_actionserver_node-3] [INFO] [1789221219.190385835] [GSL - Trace]: [32mEntering StopAndMeasure[0m
[gmrf_wind_mapping_node-2] --> MAP did not converge after 1 iterations.
[gmrf_wind_mapping_node-2] [GMRF] MAP Mean value estimated in 10.1334 milliseconds
[gmrf_wind_mapping_node-2] --> MAP did not converge after 1 iterations.
[gmrf_wind_mapping_node-2] [GMRF] MAP Mean value estimated in 10.1316 milliseconds
[gmrf_wind_mapping_node-2] --> MAP did not converge after 1 iterations.
[gmrf_wind_mapping_node-2] [GMRF] MAP Mean value estimated in 10.1348 milliseconds
[gmrf_wind_mapping_node-2] --> MAP did not converge after 1 iterations.
[gmrf_wind_mapping_node-2] [GMRF] MAP Mean value estimated in 10.1331 milliseconds
[gmrf_wind_mapping_node-2] --> MAP did not converge after 1 iterations.
[gmrf_wind_mapping_node-2] [GMRF] MAP Mean value estimated in 10.1378 milliseconds
[gmrf_wind_mapping_node-2] --> MAP did not converge after 1 iterations.
[gmrf_wind_mapping_node-2] [GMRF] MAP Mean value estimated in 10.1385 milliseconds
[gmrf_wind_mapping_node-2] --> MAP did not converge after 1 iterations.
[gmrf_wind_mapping_node-2] [GMRF] MAP Mean value estimated in 10.1433 milliseconds
[gmrf_wind_mapping_node-2] --> MAP did not converge after 1 iterations.
[gmrf_wind_mapping_node-2] [GMRF] MAP Mean value estimated in 10.1424 milliseconds
[gmrf_wind_mapping_node-2] --> MAP did not converge after 1 iterations.
[gmrf_wind_mapping_node-2] [GMRF] MAP Mean value estimated in 10.1447 milliseconds
[gmrf_wind_mapping_node-2] --> MAP did not converge after 1 iterations.
[gmrf_wind_mapping_node-2] [GMRF] MAP Mean value estimated in 10.1478 milliseconds
[gmrf_wind_mapping_node-2] --> MAP did not converge after 1 iterations.
[gmrf_wind_mapping_node-2] [GMRF] MAP Mean value estimated in 10.1502 milliseconds
[gmrf_wind_mapping_node-2] --> MAP did not converge after 1 iterations.
[gmrf_wind_mapping_node-2] [GMRF] MAP Mean value estimated in 10.1509 milliseconds
[gmrf_wind_mapping_node-2] --> MAP did not converge after 1 iterations.
[gmrf_wind_mapping_node-2] [GMRF] MAP Mean value estimated in 10.1548 milliseconds
[gmrf_wind_mapping_node-2] --> MAP did not converge after 1 iterations.
[gmrf_wind_mapping_node-2] [GMRF] MAP Mean value estimated in 10.153 milliseconds
[gmrf_wind_mapping_node-2] --> MAP did not converge after 1 iterations.
[gmrf_wind_mapping_node-2] [GMRF] MAP Mean value estimated in 10.1578 milliseconds
[gmrf_wind_mapping_node-2] --> MAP did not converge after 1 iterations.
[gmrf_wind_mapping_node-2] [GMRF] MAP Mean value estimated in 10.1552 milliseconds
[gmrf_wind_mapping_node-2] --> MAP did not converge after 1 iterations.
[gmrf_wind_mapping_node-2] [GMRF] MAP Mean value estimated in 10.1607 milliseconds
[gmrf_wind_mapping_node-2] --> MAP did not converge after 1 iterations.
[gmrf_wind_mapping_node-2] [GMRF] MAP Mean value estimated in 10.163 milliseconds
[gmrf_wind_mapping_node-2] --> MAP did not converge after 1 iterations.
[gmrf_wind_mapping_node-2] [GMRF] MAP Mean value estimated in 10.1605 milliseconds
[gmrf_wind_mapping_node-2] --> MAP did not converge after 1 iterations.
[gmrf_wind_mapping_node-2] [GMRF] MAP Mean value estimated in 10.1612 milliseconds
[gsl_actionserver_node-3] [INFO] [1789221221.126714711] [GSL]: 10 gas measurements, 10 wind measurements over 1.94 seconds
[gsl_actionserver_node-3] [INFO] [1789221221.126818724] [GSL]: avg_gas=0.9;  avg_windSpeed=0.04;  avg_wind_dir=-0.3
[gsl_actionserver_node-3] [INFO] [1789221221.128209586] [GSL]: [33mGAS HIT[0m
[gsl_actionserver_node-3] [INFO] [1789221221.128281041] [GSL]: [DEBUG-WIND] useGroundTruth=false gmrf_req_size=631 gaden_req_size=-1
[gsl_actionserver_node-3] [INFO] [1789221221.128966334] [GSL]: [DEBUG-WIND] Taking GMRF path
[gsl_actionserver_node-3] [INFO] [1789221221.190478271] [GSL - Trace]: [32mEntering StopAndMeasure[0m
[gmrf_wind_mapping_node-2] --> MAP did not converge after 1 iterations.
[gmrf_wind_mapping_node-2] [GMRF] MAP Mean value estimated in 10.1618 milliseconds
[gmrf_wind_mapping_node-2] --> MAP did not converge after 1 iterations.
[gmrf_wind_mapping_node-2] [GMRF] MAP Mean value estimated in 10.1625 milliseconds
[gmrf_wind_mapping_node-2] --> MAP did not converge after 1 iterations.
[gmrf_wind_mapping_node-2] [GMRF] MAP Mean value estimated in 10.1664 milliseconds
[gmrf_wind_mapping_node-2] --> MAP did not converge after 1 iterations.
[gmrf_wind_mapping_node-2] [GMRF] MAP Mean value estimated in 10.1679 milliseconds
[gmrf_wind_mapping_node-2] --> MAP did not converge after 1 iterations.
[gmrf_wind_mapping_node-2] [GMRF] MAP Mean value estimated in 10.1717 milliseconds
[gmrf_wind_mapping_node-2] --> MAP did not converge after 1 iterations.
[gmrf_wind_mapping_node-2] [GMRF] MAP Mean value estimated in 10.1708 milliseconds
[gmrf_wind_mapping_node-2] --> MAP did not converge after 1 iterations.
[gmrf_wind_mapping_node-2] [GMRF] MAP Mean value estimated in 10.1755 milliseconds
[gmrf_wind_mapping_node-2] --> MAP did not converge after 1 iterations.
[gmrf_wind_mapping_node-2] [GMRF] MAP Mean value estimated in 10.1745 milliseconds
[gmrf_wind_mapping_node-2] --> MAP did not converge after 1 iterations.
[gmrf_wind_mapping_node-2] [GMRF] MAP Mean value estimated in 10.1784 milliseconds
[gmrf_wind_mapping_node-2] --> MAP did not converge after 1 iterations.
[gmrf_wind_mapping_node-2] [GMRF] MAP Mean value estimated in 10.1767 milliseconds
[gmrf_wind_mapping_node-2] --> MAP did not converge after 1 iterations.
[gmrf_wind_mapping_node-2] [GMRF] MAP Mean value estimated in 10.1757 milliseconds
[gmrf_wind_mapping_node-2] --> MAP did not converge after 1 iterations.
[gmrf_wind_mapping_node-2] [GMRF] MAP Mean value estimated in 10.174 milliseconds
[gmrf_wind_mapping_node-2] --> MAP did not converge after 1 iterations.
[gmrf_wind_mapping_node-2] [GMRF] MAP Mean value estimated in 10.177 milliseconds
[gmrf_wind_mapping_node-2] --> MAP did not converge after 1 iterations.
[gmrf_wind_mapping_node-2] [GMRF] MAP Mean value estimated in 10.1745 milliseconds
[gmrf_wind_mapping_node-2] --> MAP did not converge after 1 iterations.
[gmrf_wind_mapping_node-2] [GMRF] MAP Mean value estimated in 10.172 milliseconds
[gmrf_wind_mapping_node-2] --> MAP did not converge after 1 iterations.
[gmrf_wind_mapping_node-2] [GMRF] MAP Mean value estimated in 10.1695 milliseconds
[gmrf_wind_mapping_node-2] --> MAP did not converge after 1 iterations.
[gmrf_wind_mapping_node-2] [GMRF] MAP Mean value estimated in 10.1669 milliseconds
[gmrf_wind_mapping_node-2] --> MAP did not converge after 1 iterations.
[gmrf_wind_mapping_node-2] [GMRF] MAP Mean value estimated in 10.1652 milliseconds
[gmrf_wind_mapping_node-2] --> MAP did not converge after 1 iterations.
[gmrf_wind_mapping_node-2] [GMRF] MAP Mean value estimated in 10.1627 milliseconds
[gsl_actionserver_node-3] [INFO] [1789221223.076443004] [GSL]: 10 gas measurements, 10 wind measurements over 1.89 seconds
[gsl_actionserver_node-3] [INFO] [1789221223.076510279] [GSL]: avg_gas=0.93;  avg_windSpeed=0.037;  avg_wind_dir=-1
[gsl_actionserver_node-3] [INFO] [1789221223.077054207] [GSL]: [33mGAS HIT[0m
[gsl_actionserver_node-3] [INFO] [1789221223.077063613] [GSL]: [DEBUG-WIND] useGroundTruth=false gmrf_req_size=631 gaden_req_size=-1
[gsl_actionserver_node-3] [INFO] [1789221223.077070023] [GSL]: [DEBUG-WIND] Taking GMRF path
[gsl_actionserver_node-3] [INFO] [1789221223.089201871] [GSL - Trace]: [32mEntering StopAndMeasure[0m
[gmrf_wind_mapping_node-2] --> MAP did not converge after 1 iterations.
[gmrf_wind_mapping_node-2] [GMRF] MAP Mean value estimated in 10.1602 milliseconds
[gmrf_wind_mapping_node-2] --> MAP did not converge after 1 iterations.
[gmrf_wind_mapping_node-2] [GMRF] MAP Mean value estimated in 10.1632 milliseconds
[gmrf_wind_mapping_node-2] --> MAP did not converge after 1 iterations.
[gmrf_wind_mapping_node-2] [GMRF] MAP Mean value estimated in 10.1607 milliseconds
[gmrf_wind_mapping_node-2] --> MAP did not converge after 1 iterations.
[gmrf_wind_mapping_node-2] [GMRF] MAP Mean value estimated in 10.1598 milliseconds
[gmrf_wind_mapping_node-2] --> MAP did not converge after 1 iterations.
[gmrf_wind_mapping_node-2] [GMRF] MAP Mean value estimated in 10.1573 milliseconds
[gmrf_wind_mapping_node-2] --> MAP did not converge after 1 iterations.
[gmrf_wind_mapping_node-2] [GMRF] MAP Mean value estimated in 10.1548 milliseconds
[gmrf_wind_mapping_node-2] --> MAP did not converge after 1 iterations.
[gmrf_wind_mapping_node-2] [GMRF] MAP Mean value estimated in 10.1523 milliseconds
[gmrf_wind_mapping_node-2] --> MAP did not converge after 1 iterations.
[gmrf_wind_mapping_node-2] [GMRF] MAP Mean value estimated in 10.1498 milliseconds
[gmrf_wind_mapping_node-2] --> MAP did not converge after 1 iterations.
[gmrf_wind_mapping_node-2] [GMRF] MAP Mean value estimated in 10.1474 milliseconds
[gmrf_wind_mapping_node-2] --> MAP did not converge after 1 iterations.
[gmrf_wind_mapping_node-2] [GMRF] MAP Mean value estimated in 10.1441 milliseconds
[gmrf_wind_mapping_node-2] --> MAP did not converge after 1 iterations.
[gmrf_wind_mapping_node-2] [GMRF] MAP Mean value estimated in 10.1416 milliseconds
[gmrf_wind_mapping_node-2] --> MAP did not converge after 1 iterations.
[gmrf_wind_mapping_node-2] [GMRF] MAP Mean value estimated in 10.1399 milliseconds
[gmrf_wind_mapping_node-2] --> MAP did not converge after 1 iterations.
[gmrf_wind_mapping_node-2] [GMRF] MAP Mean value estimated in 10.1375 milliseconds
[gmrf_wind_mapping_node-2] --> MAP did not converge after 1 iterations.
[gmrf_wind_mapping_node-2] [GMRF] MAP Mean value estimated in 10.135 milliseconds
[gmrf_wind_mapping_node-2] --> MAP did not converge after 1 iterations.
[gmrf_wind_mapping_node-2] [GMRF] MAP Mean value estimated in 10.1325 milliseconds
[gmrf_wind_mapping_node-2] --> MAP did not converge after 1 iterations.
[gmrf_wind_mapping_node-2] [GMRF] MAP Mean value estimated in 10.1301 milliseconds
[gmrf_wind_mapping_node-2] --> MAP did not converge after 1 iterations.
[gmrf_wind_mapping_node-2] [GMRF] MAP Mean value estimated in 10.1276 milliseconds
[gmrf_wind_mapping_node-2] --> MAP did not converge after 1 iterations.
[gmrf_wind_mapping_node-2] [GMRF] MAP Mean value estimated in 10.1268 milliseconds
[gmrf_wind_mapping_node-2] --> MAP did not converge after 1 iterations.
[gmrf_wind_mapping_node-2] [GMRF] MAP Mean value estimated in 10.1243 milliseconds
[gmrf_wind_mapping_node-2] --> MAP did not converge after 1 iterations.
[gmrf_wind_mapping_node-2] [GMRF] MAP Mean value estimated in 10.1297 milliseconds
[gmrf_wind_mapping_node-2] --> MAP did not converge after 1 iterations.
[gmrf_wind_mapping_node-2] [GMRF] MAP Mean value estimated in 10.1272 milliseconds
[gsl_actionserver_node-3] [INFO] [1789221225.126760574] [GSL]: 10 gas measurements, 10 wind measurements over 2.04 seconds
[gsl_actionserver_node-3] [INFO] [1789221225.126881741] [GSL]: avg_gas=0.94;  avg_windSpeed=0.04;  avg_wind_dir=-0.3
[gsl_actionserver_node-3] [INFO] [1789221225.128262826] [GSL]: [33mGAS HIT[0m
[gsl_actionserver_node-3] [INFO] [1789221225.128308375] [GSL]: [DEBUG-WIND] useGroundTruth=false gmrf_req_size=631 gaden_req_size=-1
[gsl_actionserver_node-3] [INFO] [1789221225.129370500] [GSL]: [DEBUG-WIND] Taking GMRF path
[gsl_actionserver_node-3] [INFO] [1789221225.191241459] [GSL - Trace]: [32mEntering StopAndMeasure[0m
[gmrf_wind_mapping_node-2] --> MAP did not converge after 1 iterations.
[gmrf_wind_mapping_node-2] [GMRF] MAP Mean value estimated in 10.1287 milliseconds
[gmrf_wind_mapping_node-2] --> MAP did not converge after 1 iterations.
[gmrf_wind_mapping_node-2] [GMRF] MAP Mean value estimated in 10.1294 milliseconds
[gmrf_wind_mapping_node-2] --> MAP did not converge after 1 iterations.
[gmrf_wind_mapping_node-2] [GMRF] MAP Mean value estimated in 10.1285 milliseconds
[gmrf_wind_mapping_node-2] --> MAP did not converge after 1 iterations.
[gmrf_wind_mapping_node-2] [GMRF] MAP Mean value estimated in 10.1276 milliseconds
[gmrf_wind_mapping_node-2] --> MAP did not converge after 1 iterations.
[gmrf_wind_mapping_node-2] [GMRF] MAP Mean value estimated in 10.1314 milliseconds
[gmrf_wind_mapping_node-2] --> MAP did not converge after 1 iterations.
[gmrf_wind_mapping_node-2] [GMRF] MAP Mean value estimated in 10.1305 milliseconds
[gmrf_wind_mapping_node-2] --> MAP did not converge after 1 iterations.
[gmrf_wind_mapping_node-2] [GMRF] MAP Mean value estimated in 10.1328 milliseconds
[gmrf_wind_mapping_node-2] --> MAP did not converge after 1 iterations.
[gmrf_wind_mapping_node-2] [GMRF] MAP Mean value estimated in 10.1319 milliseconds
[gmrf_wind_mapping_node-2] --> MAP did not converge after 1 iterations.
[gmrf_wind_mapping_node-2] [GMRF] MAP Mean value estimated in 10.1341 milliseconds
[gmrf_wind_mapping_node-2] --> MAP did not converge after 1 iterations.
[gmrf_wind_mapping_node-2] [GMRF] MAP Mean value estimated in 10.1317 milliseconds
[gmrf_wind_mapping_node-2] --> MAP did not converge after 1 iterations.
[gmrf_wind_mapping_node-2] [GMRF] MAP Mean value estimated in 10.1339 milliseconds
[gmrf_wind_mapping_node-2] --> MAP did not converge after 1 iterations.
[gmrf_wind_mapping_node-2] [GMRF] MAP Mean value estimated in 10.1338 milliseconds
[gmrf_wind_mapping_node-2] --> MAP did not converge after 1 iterations.
[gmrf_wind_mapping_node-2] [GMRF] MAP Mean value estimated in 10.1352 milliseconds
[gmrf_wind_mapping_node-2] --> MAP did not converge after 1 iterations.
[gmrf_wind_mapping_node-2] [GMRF] MAP Mean value estimated in 10.1344 milliseconds
[gmrf_wind_mapping_node-2] --> MAP did not converge after 1 iterations.
[gmrf_wind_mapping_node-2] [GMRF] MAP Mean value estimated in 10.1358 milliseconds
[gmrf_wind_mapping_node-2] --> MAP did not converge after 1 iterations.
[gmrf_wind_mapping_node-2] [GMRF] MAP Mean value estimated in 10.1334 milliseconds
[gmrf_wind_mapping_node-2] --> MAP did not converge after 1 iterations.
[gmrf_wind_mapping_node-2] [GMRF] MAP Mean value estimated in 10.1356 milliseconds
[gmrf_wind_mapping_node-2] --> MAP did not converge after 1 iterations.
[gmrf_wind_mapping_node-2] [GMRF] MAP Mean value estimated in 10.1355 milliseconds
[gmrf_wind_mapping_node-2] --> MAP did not converge after 1 iterations.
[gmrf_wind_mapping_node-2] [GMRF] MAP Mean value estimated in 10.1392 milliseconds
[gmrf_wind_mapping_node-2] --> MAP did not converge after 1 iterations.
[gmrf_wind_mapping_node-2] [GMRF] MAP Mean value estimated in 10.1391 milliseconds
[gsl_actionserver_node-3] [INFO] [1789221227.126540737] [GSL]: 10 gas measurements, 10 wind measurements over 1.94 seconds
[gsl_actionserver_node-3] [INFO] [1789221227.126655124] [GSL]: avg_gas=0.92;  avg_windSpeed=0.037;  avg_wind_dir=-1
[gsl_actionserver_node-3] [INFO] [1789221227.127704514] [GSL]: [33mGAS HIT[0m
[gsl_actionserver_node-3] [INFO] [1789221227.127720923] [GSL]: [DEBUG-WIND] useGroundTruth=false gmrf_req_size=631 gaden_req_size=-1
[gsl_actionserver_node-3] [INFO] [1789221227.127733307] [GSL]: [DEBUG-WIND] Taking GMRF path
[gsl_actionserver_node-3] [INFO] [1789221227.190477435] [GSL]: [33mStarted simulations. Might take a while![0m
[gmrf_wind_mapping_node-2] --> MAP did not converge after 1 iterations.
[gmrf_wind_mapping_node-2] [GMRF] MAP Mean value estimated in 10.1482 milliseconds
[gmrf_wind_mapping_node-2] --> MAP did not converge after 1 iterations.
[gmrf_wind_mapping_node-2] [GMRF] MAP Mean value estimated in 10.1543 milliseconds
[gsl_actionserver_node-3] [INFO] [1789221227.315278542] [GSL]: CER contrastive context initialized: events=56, candidates=62, transport_members=1, fixed_ratio_weight=1, context_within_member=true, centered_log_odds=false, transport_pool=arithmetic_mixture
[gmrf_wind_mapping_node-2] --> MAP did not converge after 1 iterations.
[gmrf_wind_mapping_node-2] [GMRF] MAP Mean value estimated in 10.1518 milliseconds
[gsl_actionserver_node-3] [INFO] [1789221227.442171826] [GSL - Trace]: [32mFirst simulation level done[0m
[gsl_actionserver_node-3] [INFO] [1789221227.442286188] [GSL]: [RC2-DIAG] scores_size=62 refineFraction=0.25 refine_product=15.5 valid_first_level=62 sum_sourceProbInternal_before_norm=3.6197887111041642 min_sourceProbInternal_before_norm=0 max_sourceProbInternal_before_norm=0.19643456452148328 finite_sourceProbInternal=1053 finite_varianceOfHitProb=1053
[gmrf_wind_mapping_node-2] --> MAP did not converge after 1 iterations.
[gmrf_wind_mapping_node-2] [GMRF] MAP Mean value estimated in 10.1579 milliseconds
[gsl_actionserver_node-3] [INFO] [1789221227.541433368] [GSL - Trace]: [32mSimulation level 2 done[0m
[gmrf_wind_mapping_node-2] --> MAP did not converge after 1 iterations.
[gmrf_wind_mapping_node-2] [GMRF] MAP Mean value estimated in 10.1654 milliseconds
[gsl_actionserver_node-3] [INFO] [1789221227.619013338] [GSL - Trace]: [32mSimulation level 3 done[0m
[gsl_actionserver_node-3] [INFO] [1789221227.638430543] [GSL - Trace]: [32mSimulation level 4 done[0m
[gsl_actionserver_node-3] [INFO] [1789221227.638995118] [GSL - Trace]: [32mSimulation level 5 done[0m
[gsl_actionserver_node-3] [INFO] [1789221227.639007885] [GSL]: Number of levels in the simulation: 5
[gsl_actionserver_node-3] [INFO] [1789221227.639014787] [GSL]: Total number of simulations: 162
[gsl_actionserver_node-3] [INFO] [1789221227.639044522] [GSL]: [RC2-DIAG] normalized_finite_count=1053 normalized_sum=1
[gsl_actionserver_node-3] [INFO] [1789221227.639052332] [GSL]: Time ellapsed in simulation = 0.448455072 s
[gsl_actionserver_node-3] [INFO] [1789221227.669076481] [GSL]: Max mutual info: 2.911
[gsl_actionserver_node-3] [INFO] [1789221227.669230715] [GSL]: MutualInformation - Ellapsed: 0.004s
[vgr_sim_node-1] [WARN] [1789221227.674226879] [vgr_uav_sim]: PLAN_CB: called with goal=(-1.34,-3.10)
[vgr_sim_node-1] [WARN] [1789221227.677163239] [vgr_uav_sim]: PLAN_CB: returning 8 poses
[vgr_sim_node-1] [WARN] [1789221227.686010704] [vgr_uav_sim]: PLAN_CB: called with goal=(-1.34,-3.10)
[vgr_sim_node-1] [WARN] [1789221227.687681530] [vgr_uav_sim]: PLAN_CB: returning 8 poses
[gmrf_wind_mapping_node-2] --> MAP did not converge after 1 iterations.
[gmrf_wind_mapping_node-2] [GMRF] MAP Mean value estimated in 10.1637 milliseconds
[gsl_actionserver_node-3] [INFO] [1789221227.697743286] [GSL]: Sending goal (-1.34, -3.10)
[gsl_actionserver_node-3] [INFO] [1789221227.698617824] [GSL]: Variance: 0.40
[gsl_actionserver_node-3] [INFO] [1789221227.698644063] [GSL - Trace]: [32mEntering Moving[0m
[vgr_sim_node-1] [INFO] [1789221227.700218132] [vgr_uav_sim]: Prepared 8 collision-free navigation waypoints to (-1.34, -3.10)
[vgr_sim_node-1] [INFO] [1789221227.701498679] [vgr_uav_sim]: UAV navigating in audited 2-D mode to (-1.34, -3.10, 0.30)
[gmrf_wind_mapping_node-2] --> MAP did not converge after 1 iterations.
[gmrf_wind_mapping_node-2] [GMRF] MAP Mean value estimated in 10.1636 milliseconds
[gmrf_wind_mapping_node-2] --> MAP did not converge after 1 iterations.
[gmrf_wind_mapping_node-2] [GMRF] MAP Mean value estimated in 10.1627 milliseconds
[gmrf_wind_mapping_node-2] --> MAP did not converge after 1 iterations.
[gmrf_wind_mapping_node-2] [GMRF] MAP Mean value estimated in 10.1641 milliseconds
[gmrf_wind_mapping_node-2] --> MAP did not converge after 1 iterations.
[gmrf_wind_mapping_node-2] [GMRF] MAP Mean value estimated in 10.1617 milliseconds
[gmrf_wind_mapping_node-2] --> MAP did not converge after 1 iterations.
[gmrf_wind_mapping_node-2] [GMRF] MAP Mean value estimated in 10.1662 milliseconds
[gmrf_wind_mapping_node-2] --> MAP did not converge after 1 iterations.
[gmrf_wind_mapping_node-2] [GMRF] MAP Mean value estimated in 10.1668 milliseconds
[gmrf_wind_mapping_node-2] --> MAP did not converge after 1 iterations.
[gmrf_wind_mapping_node-2] [GMRF] MAP Mean value estimated in 10.1712 milliseconds
[gmrf_wind_mapping_node-2] --> MAP did not converge after 1 iterations.
[gmrf_wind_mapping_node-2] [GMRF] MAP Mean value estimated in 10.1741 milliseconds
[gmrf_wind_mapping_node-2] --> MAP did not converge after 1 iterations.
[gmrf_wind_mapping_node-2] [GMRF] MAP Mean value estimated in 10.1763 milliseconds
[gmrf_wind_mapping_node-2] --> MAP did not converge after 1 iterations.
[gmrf_wind_mapping_node-2] [GMRF] MAP Mean value estimated in 10.1777 milliseconds
[gmrf_wind_mapping_node-2] --> MAP did not converge after 1 iterations.
[gmrf_wind_mapping_node-2] [GMRF] MAP Mean value estimated in 10.1775 milliseconds
[gmrf_wind_mapping_node-2] --> MAP did not converge after 1 iterations.
[gmrf_wind_mapping_node-2] [GMRF] MAP Mean value estimated in 10.1774 milliseconds
[gmrf_wind_mapping_node-2] --> MAP did not converge after 1 iterations.
[gmrf_wind_mapping_node-2] [GMRF] MAP Mean value estimated in 10.1773 milliseconds
[gmrf_wind_mapping_node-2] --> MAP did not converge after 1 iterations.
[gmrf_wind_mapping_node-2] [GMRF] MAP Mean value estimated in 10.1756 milliseconds
[gmrf_wind_mapping_node-2] --> MAP did not converge after 1 iterations.
[gmrf_wind_mapping_node-2] [GMRF] MAP Mean value estimated in 10.1808 milliseconds
[gmrf_wind_mapping_node-2] --> MAP did not converge after 1 iterations.
[gmrf_wind_mapping_node-2] [GMRF] MAP Mean value estimated in 10.1807 milliseconds
[gmrf_wind_mapping_node-2] --> MAP did not converge after 1 iterations.
[gmrf_wind_mapping_node-2] [GMRF] MAP Mean value estimated in 10.182 milliseconds
[gmrf_wind_mapping_node-2] --> MAP did not converge after 1 iterations.
[gmrf_wind_mapping_node-2] [GMRF] MAP Mean value estimated in 10.1842 milliseconds
[gsl_actionserver_node-3] [INFO] [1789221229.535597201] [GSL - Trace]: [32mEntering StopAndMeasure[0m
[gmrf_wind_mapping_node-2] --> MAP did not converge after 1 iterations.
[gmrf_wind_mapping_node-2] [GMRF] MAP Mean value estimated in 10.1863 milliseconds
[gmrf_wind_mapping_node-2] --> MAP did not converge after 1 iterations.
[gmrf_wind_mapping_node-2] [GMRF] MAP Mean value estimated in 10.1839 milliseconds
[gmrf_wind_mapping_node-2] --> MAP did not converge after 1 iterations.
[gmrf_wind_mapping_node-2] [GMRF] MAP Mean value estimated in 10.1815 milliseconds
[gmrf_wind_mapping_node-2] --> MAP did not converge after 1 iterations.
[gmrf_wind_mapping_node-2] [GMRF] MAP Mean value estimated in 10.1791 milliseconds
[gmrf_wind_mapping_node-2] --> MAP did not converge after 1 iterations.
[gmrf_wind_mapping_node-2] [GMRF] MAP Mean value estimated in 10.1812 milliseconds
[gmrf_wind_mapping_node-2] --> MAP did not converge after 1 iterations.
[gmrf_wind_mapping_node-2] [GMRF] MAP Mean value estimated in 10.1796 milliseconds
[gmrf_wind_mapping_node-2] --> MAP did not converge after 1 iterations.
[gmrf_wind_mapping_node-2] [GMRF] MAP Mean value estimated in 10.1809 milliseconds
[gmrf_wind_mapping_node-2] --> MAP did not converge after 1 iterations.
[gmrf_wind_mapping_node-2] [GMRF] MAP Mean value estimated in 10.1808 milliseconds
[gmrf_wind_mapping_node-2] --> MAP did not converge after 1 iterations.
[gmrf_wind_mapping_node-2] [GMRF] MAP Mean value estimated in 10.1814 milliseconds
[gmrf_wind_mapping_node-2] --> MAP did not converge after 1 iterations.
[gmrf_wind_mapping_node-2] [GMRF] MAP Mean value estimated in 10.1828 milliseconds
[gmrf_wind_mapping_node-2] --> MAP did not converge after 1 iterations.
[gmrf_wind_mapping_node-2] [GMRF] MAP Mean value estimated in 10.1811 milliseconds
[gmrf_wind_mapping_node-2] --> MAP did not converge after 1 iterations.
[gmrf_wind_mapping_node-2] [GMRF] MAP Mean value estimated in 10.1788 milliseconds
[gmrf_wind_mapping_node-2] --> MAP did not converge after 1 iterations.
[gmrf_wind_mapping_node-2] [GMRF] MAP Mean value estimated in 10.1809 milliseconds
[gmrf_wind_mapping_node-2] --> MAP did not converge after 1 iterations.
[gmrf_wind_mapping_node-2] [GMRF] MAP Mean value estimated in 10.1792 milliseconds
[gmrf_wind_mapping_node-2] --> MAP did not converge after 1 iterations.
[gmrf_wind_mapping_node-2] [GMRF] MAP Mean value estimated in 10.1821 milliseconds
[gmrf_wind_mapping_node-2] --> MAP did not converge after 1 iterations.
[gmrf_wind_mapping_node-2] [GMRF] MAP Mean value estimated in 10.1797 milliseconds
[gmrf_wind_mapping_node-2] --> MAP did not converge after 1 iterations.
[gmrf_wind_mapping_node-2] [GMRF] MAP Mean value estimated in 10.1826 milliseconds
[gmrf_wind_mapping_node-2] --> MAP did not converge after 1 iterations.
[gmrf_wind_mapping_node-2] [GMRF] MAP Mean value estimated in 10.1817 milliseconds
[gmrf_wind_mapping_node-2] --> MAP did not converge after 1 iterations.
[gmrf_wind_mapping_node-2] [GMRF] MAP Mean value estimated in 10.1845 milliseconds
[gmrf_wind_mapping_node-2] --> MAP did not converge after 1 iterations.
[gmrf_wind_mapping_node-2] [GMRF] MAP Mean value estimated in 10.1829 milliseconds
[gsl_actionserver_node-3] [INFO] [1789221231.499848270] [GSL]: 10 gas measurements, 10 wind measurements over 1.96 seconds
[gsl_actionserver_node-3] [INFO] [1789221231.499903821] [GSL]: avg_gas=1;  avg_windSpeed=0.45;  avg_wind_dir=-1.7
[gsl_actionserver_node-3] [INFO] [1789221231.500461358] [GSL]: [33mGAS HIT[0m
[gsl_actionserver_node-3] [INFO] [1789221231.500471872] [GSL]: [DEBUG-WIND] useGroundTruth=false gmrf_req_size=631 gaden_req_size=-1
[gsl_actionserver_node-3] [INFO] [1789221231.500478620] [GSL]: [DEBUG-WIND] Taking GMRF path
[gsl_actionserver_node-3] [INFO] [1789221231.589717771] [GSL - Trace]: [32mEntering StopAndMeasure[0m
[gmrf_wind_mapping_node-2] --> MAP did not converge after 1 iterations.
[gmrf_wind_mapping_node-2] [GMRF] MAP Mean value estimated in 10.1857 milliseconds
[gmrf_wind_mapping_node-2] --> MAP did not converge after 1 iterations.
[gmrf_wind_mapping_node-2] [GMRF] MAP Mean value estimated in 10.1863 milliseconds
[gmrf_wind_mapping_node-2] --> MAP did not converge after 1 iterations.
[gmrf_wind_mapping_node-2] [GMRF] MAP Mean value estimated in 10.1884 milliseconds
[gmrf_wind_mapping_node-2] --> MAP did not converge after 1 iterations.
[gmrf_wind_mapping_node-2] [GMRF] MAP Mean value estimated in 10.189 milliseconds
[gmrf_wind_mapping_node-2] --> MAP did not converge after 1 iterations.
[gmrf_wind_mapping_node-2] [GMRF] MAP Mean value estimated in 10.1881 milliseconds
[gmrf_wind_mapping_node-2] --> MAP did not converge after 1 iterations.
[gmrf_wind_mapping_node-2] [GMRF] MAP Mean value estimated in 10.1865 milliseconds
[gmrf_wind_mapping_node-2] --> MAP did not converge after 1 iterations.
[gmrf_wind_mapping_node-2] [GMRF] MAP Mean value estimated in 10.1886 milliseconds
[gmrf_wind_mapping_node-2] --> MAP did not converge after 1 iterations.
[gmrf_wind_mapping_node-2] [GMRF] MAP Mean value estimated in 10.1907 milliseconds
[gmrf_wind_mapping_node-2] --> MAP did not converge after 1 iterations.
[gmrf_wind_mapping_node-2] [GMRF] MAP Mean value estimated in 10.1928 milliseconds
[gmrf_wind_mapping_node-2] --> MAP did not converge after 1 iterations.
[gmrf_wind_mapping_node-2] [GMRF] MAP Mean value estimated in 10.1934 milliseconds
[gmrf_wind_mapping_node-2] --> MAP did not converge after 1 iterations.
[gmrf_wind_mapping_node-2] [GMRF] MAP Mean value estimated in 10.1954 milliseconds
[gmrf_wind_mapping_node-2] --> MAP did not converge after 1 iterations.
[gmrf_wind_mapping_node-2] [GMRF] MAP Mean value estimated in 10.1975 milliseconds
[gmrf_wind_mapping_node-2] --> MAP did not converge after 1 iterations.
[gmrf_wind_mapping_node-2] [GMRF] MAP Mean value estimated in 10.1996 milliseconds
[gmrf_wind_mapping_node-2] --> MAP did not converge after 1 iterations.
[gmrf_wind_mapping_node-2] [GMRF] MAP Mean value estimated in 10.1972 milliseconds
[gmrf_wind_mapping_node-2] --> MAP did not converge after 1 iterations.
[gmrf_wind_mapping_node-2] [GMRF] MAP Mean value estimated in 10.1978 milliseconds
[gmrf_wind_mapping_node-2] --> MAP did not converge after 1 iterations.
[gmrf_wind_mapping_node-2] [GMRF] MAP Mean value estimated in 10.1969 milliseconds
[gmrf_wind_mapping_node-2] --> MAP did not converge after 1 iterations.
[gmrf_wind_mapping_node-2] [GMRF] MAP Mean value estimated in 10.1997 milliseconds
[gmrf_wind_mapping_node-2] --> MAP did not converge after 1 iterations.
[gmrf_wind_mapping_node-2] [GMRF] MAP Mean value estimated in 10.2032 milliseconds
[gmrf_wind_mapping_node-2] --> MAP did not converge after 1 iterations.
[gmrf_wind_mapping_node-2] [GMRF] MAP Mean value estimated in 10.206 milliseconds
[gmrf_wind_mapping_node-2] --> MAP did not converge after 1 iterations.
[gmrf_wind_mapping_node-2] [GMRF] MAP Mean value estimated in 10.2044 milliseconds
[gsl_actionserver_node-3] [INFO] [1789221233.499821549] [GSL]: 10 gas measurements, 10 wind measurements over 1.91 seconds
[gsl_actionserver_node-3] [INFO] [1789221233.499878294] [GSL]: avg_gas=1.1;  avg_windSpeed=0.42;  avg_wind_dir=-1.7
[gsl_actionserver_node-3] [INFO] [1789221233.500441288] [GSL]: [33mGAS HIT[0m
[gsl_actionserver_node-3] [INFO] [1789221233.500451569] [GSL]: [DEBUG-WIND] useGroundTruth=false gmrf_req_size=631 gaden_req_size=-1
[gsl_actionserver_node-3] [INFO] [1789221233.500725147] [GSL]: [DEBUG-WIND] Taking GMRF path
[gsl_actionserver_node-3] [INFO] [1789221233.589327003] [GSL - Trace]: [32mEntering StopAndMeasure[0m
[gmrf_wind_mapping_node-2] --> MAP did not converge after 1 iterations.
[gmrf_wind_mapping_node-2] [GMRF] MAP Mean value estimated in 10.2042 milliseconds
[gmrf_wind_mapping_node-2] --> MAP did not converge after 1 iterations.
[gmrf_wind_mapping_node-2] [GMRF] MAP Mean value estimated in 10.2041 milliseconds
[gmrf_wind_mapping_node-2] --> MAP did not converge after 1 iterations.
[gmrf_wind_mapping_node-2] [GMRF] MAP Mean value estimated in 10.2069 milliseconds
[gmrf_wind_mapping_node-2] --> MAP did not converge after 1 iterations.
[gmrf_wind_mapping_node-2] [GMRF] MAP Mean value estimated in 10.2045 milliseconds
[gmrf_wind_mapping_node-2] --> MAP did not converge after 1 iterations.
[gmrf_wind_mapping_node-2] [GMRF] MAP Mean value estimated in 10.2066 milliseconds
[gmrf_wind_mapping_node-2] --> MAP did not converge after 1 iterations.
[gmrf_wind_mapping_node-2] [GMRF] MAP Mean value estimated in 10.2064 milliseconds
[gmrf_wind_mapping_node-2] --> MAP did not converge after 1 iterations.
[gmrf_wind_mapping_node-2] [GMRF] MAP Mean value estimated in 10.2041 milliseconds
[gmrf_wind_mapping_node-2] --> MAP did not converge after 1 iterations.
[gmrf_wind_mapping_node-2] [GMRF] MAP Mean value estimated in 10.2025 milliseconds
[gmrf_wind_mapping_node-2] --> MAP did not converge after 1 iterations.
[gmrf_wind_mapping_node-2] [GMRF] MAP Mean value estimated in 10.2045 milliseconds
[gmrf_wind_mapping_node-2] --> MAP did not converge after 1 iterations.
[gmrf_wind_mapping_node-2] [GMRF] MAP Mean value estimated in 10.2051 milliseconds
[gmrf_wind_mapping_node-2] --> MAP did not converge after 1 iterations.
[gmrf_wind_mapping_node-2] [GMRF] MAP Mean value estimated in 10.2028 milliseconds
[gmrf_wind_mapping_node-2] --> MAP did not converge after 1 iterations.
[gmrf_wind_mapping_node-2] [GMRF] MAP Mean value estimated in 10.2019 milliseconds
[gmrf_wind_mapping_node-2] --> MAP did not converge after 1 iterations.
[gmrf_wind_mapping_node-2] [GMRF] MAP Mean value estimated in 10.1996 milliseconds
[gmrf_wind_mapping_node-2] --> MAP did not converge after 1 iterations.
[gmrf_wind_mapping_node-2] [GMRF] MAP Mean value estimated in 10.2001 milliseconds
[gmrf_wind_mapping_node-2] --> MAP did not converge after 1 iterations.
[gmrf_wind_mapping_node-2] [GMRF] MAP Mean value estimated in 10.2007 milliseconds
[gmrf_wind_mapping_node-2] --> MAP did not converge after 1 iterations.
[gmrf_wind_mapping_node-2] [GMRF] MAP Mean value estimated in 10.1991 milliseconds
[gmrf_wind_mapping_node-2] --> MAP did not converge after 1 iterations.
[gmrf_wind_mapping_node-2] [GMRF] MAP Mean value estimated in 10.1975 milliseconds
[gmrf_wind_mapping_node-2] --> MAP did not converge after 1 iterations.
[gmrf_wind_mapping_node-2] [GMRF] MAP Mean value estimated in 10.1988 milliseconds
[gmrf_wind_mapping_node-2] --> MAP did not converge after 1 iterations.
[gmrf_wind_mapping_node-2] [GMRF] MAP Mean value estimated in 10.2016 milliseconds
[gmrf_wind_mapping_node-2] --> MAP did not converge after 1 iterations.
[gmrf_wind_mapping_node-2] [GMRF] MAP Mean value estimated in 10.2007 milliseconds
[gsl_actionserver_node-3] [INFO] [1789221235.499733263] [GSL]: 10 gas measurements, 10 wind measurements over 1.91 seconds
[gsl_actionserver_node-3] [INFO] [1789221235.499767550] [GSL]: avg_gas=1.1;  avg_windSpeed=0.45;  avg_wind_dir=-1.7
[gsl_actionserver_node-3] [INFO] [1789221235.500309462] [GSL]: [33mGAS HIT[0m
[gsl_actionserver_node-3] [INFO] [1789221235.500319672] [GSL]: [DEBUG-WIND] useGroundTruth=false gmrf_req_size=631 gaden_req_size=-1
[gsl_actionserver_node-3] [INFO] [1789221235.500326395] [GSL]: [DEBUG-WIND] Taking GMRF path
[gsl_actionserver_node-3] [INFO] [1789221235.589436670] [GSL - Trace]: [32mEntering StopAndMeasure[0m
[gmrf_wind_mapping_node-2] --> MAP did not converge after 1 iterations.
[gmrf_wind_mapping_node-2] [GMRF] MAP Mean value estimated in 10.2013 milliseconds
[gmrf_wind_mapping_node-2] --> MAP did not converge after 1 iterations.
[gmrf_wind_mapping_node-2] [GMRF] MAP Mean value estimated in 10.2012 milliseconds
[gmrf_wind_mapping_node-2] --> MAP did not converge after 1 iterations.
[gmrf_wind_mapping_node-2] [GMRF] MAP Mean value estimated in 10.201 milliseconds
[gmrf_wind_mapping_node-2] --> MAP did not converge after 1 iterations.
[gmrf_wind_mapping_node-2] [GMRF] MAP Mean value estimated in 10.1987 milliseconds
[gmrf_wind_mapping_node-2] --> MAP did not converge after 1 iterations.
[gmrf_wind_mapping_node-2] [GMRF] MAP Mean value estimated in 10.2 milliseconds
[gmrf_wind_mapping_node-2] --> MAP did not converge after 1 iterations.
[gmrf_wind_mapping_node-2] [GMRF] MAP Mean value estimated in 10.1984 milliseconds
[gmrf_wind_mapping_node-2] --> MAP did not converge after 1 iterations.
[gmrf_wind_mapping_node-2] [GMRF] MAP Mean value estimated in 10.1997 milliseconds
[gmrf_wind_mapping_node-2] --> MAP did not converge after 1 iterations.
[gmrf_wind_mapping_node-2] [GMRF] MAP Mean value estimated in 10.1981 milliseconds
[gmrf_wind_mapping_node-2] --> MAP did not converge after 1 iterations.
[gmrf_wind_mapping_node-2] [GMRF] MAP Mean value estimated in 10.2001 milliseconds
[gmrf_wind_mapping_node-2] --> MAP did not converge after 1 iterations.
[gmrf_wind_mapping_node-2] [GMRF] MAP Mean value estimated in 10.1993 milliseconds
[gmrf_wind_mapping_node-2] --> MAP did not converge after 1 iterations.
[gmrf_wind_mapping_node-2] [GMRF] MAP Mean value estimated in 10.1984 milliseconds
[gmrf_wind_mapping_node-2] --> MAP did not converge after 1 iterations.
[gmrf_wind_mapping_node-2] [GMRF] MAP Mean value estimated in 10.1976 milliseconds
[gmrf_wind_mapping_node-2] --> MAP did not converge after 1 iterations.
[gmrf_wind_mapping_node-2] [GMRF] MAP Mean value estimated in 10.1967 milliseconds
[gmrf_wind_mapping_node-2] --> MAP did not converge after 1 iterations.
[gmrf_wind_mapping_node-2] [GMRF] MAP Mean value estimated in 10.1966 milliseconds
[gmrf_wind_mapping_node-2] --> MAP did not converge after 1 iterations.
[gmrf_wind_mapping_node-2] [GMRF] MAP Mean value estimated in 10.1993 milliseconds
[gmrf_wind_mapping_node-2] --> MAP did not converge after 1 iterations.
[gmrf_wind_mapping_node-2] [GMRF] MAP Mean value estimated in 10.1977 milliseconds
[gmrf_wind_mapping_node-2] --> MAP did not converge after 1 iterations.
[gmrf_wind_mapping_node-2] [GMRF] MAP Mean value estimated in 10.2026 milliseconds
[gmrf_wind_mapping_node-2] --> MAP did not converge after 1 iterations.
[gmrf_wind_mapping_node-2] [GMRF] MAP Mean value estimated in 10.201 milliseconds
[gmrf_wind_mapping_node-2] --> MAP did not converge after 1 iterations.
[gmrf_wind_mapping_node-2] [GMRF] MAP Mean value estimated in 10.203 milliseconds
[gmrf_wind_mapping_node-2] --> MAP did not converge after 1 iterations.
[gmrf_wind_mapping_node-2] [GMRF] MAP Mean value estimated in 10.2028 milliseconds
[gsl_actionserver_node-3] [INFO] [1789221237.499767136] [GSL]: 10 gas measurements, 10 wind measurements over 1.91 seconds
[gsl_actionserver_node-3] [INFO] [1789221237.499804422] [GSL]: avg_gas=1.1;  avg_windSpeed=0.42;  avg_wind_dir=-1.7
[gsl_actionserver_node-3] [INFO] [1789221237.500350811] [GSL]: [33mGAS HIT[0m
[gsl_actionserver_node-3] [INFO] [1789221237.500360274] [GSL]: [DEBUG-WIND] useGroundTruth=false gmrf_req_size=631 gaden_req_size=-1
[gsl_actionserver_node-3] [INFO] [1789221237.500557340] [GSL]: [DEBUG-WIND] Taking GMRF path
[gsl_actionserver_node-3] [INFO] [1789221237.589227332] [GSL - Trace]: [32mEntering StopAndMeasure[0m
[gmrf_wind_mapping_node-2] --> MAP did not converge after 1 iterations.
[gmrf_wind_mapping_node-2] [GMRF] MAP Mean value estimated in 10.2013 milliseconds
[gmrf_wind_mapping_node-2] --> MAP did not converge after 1 iterations.
[gmrf_wind_mapping_node-2] [GMRF] MAP Mean value estimated in 10.199 milliseconds
[gmrf_wind_mapping_node-2] --> MAP did not converge after 1 iterations.
[gmrf_wind_mapping_node-2] [GMRF] MAP Mean value estimated in 10.1982 milliseconds
[gmrf_wind_mapping_node-2] --> MAP did not converge after 1 iterations.
[gmrf_wind_mapping_node-2] [GMRF] MAP Mean value estimated in 10.1973 milliseconds
[gmrf_wind_mapping_node-2] --> MAP did not converge after 1 iterations.
[gmrf_wind_mapping_node-2] [GMRF] MAP Mean value estimated in 10.1986 milliseconds
[gmrf_wind_mapping_node-2] --> MAP did not converge after 1 iterations.
[gmrf_wind_mapping_node-2] [GMRF] MAP Mean value estimated in 10.197 milliseconds
[gmrf_wind_mapping_node-2] --> MAP did not converge after 1 iterations.
[gmrf_wind_mapping_node-2] [GMRF] MAP Mean value estimated in 10.199 milliseconds
[gmrf_wind_mapping_node-2] --> MAP did not converge after 1 iterations.
[gmrf_wind_mapping_node-2] [GMRF] MAP Mean value estimated in 10.1967 milliseconds
[gmrf_wind_mapping_node-2] --> MAP did not converge after 1 iterations.
[gmrf_wind_mapping_node-2] [GMRF] MAP Mean value estimated in 10.1987 milliseconds
[gmrf_wind_mapping_node-2] --> MAP did not converge after 1 iterations.
[gmrf_wind_mapping_node-2] [GMRF] MAP Mean value estimated in 10.1986 milliseconds
[gmrf_wind_mapping_node-2] --> MAP did not converge after 1 iterations.
[gmrf_wind_mapping_node-2] [GMRF] MAP Mean value estimated in 10.1984 milliseconds
[gmrf_wind_mapping_node-2] --> MAP did not converge after 1 iterations.
[gmrf_wind_mapping_node-2] [GMRF] MAP Mean value estimated in 10.1962 milliseconds
[gmrf_wind_mapping_node-2] --> MAP did not converge after 1 iterations.
[gmrf_wind_mapping_node-2] [GMRF] MAP Mean value estimated in 10.1996 milliseconds
[gmrf_wind_mapping_node-2] --> MAP did not converge after 1 iterations.
[gmrf_wind_mapping_node-2] [GMRF] MAP Mean value estimated in 10.198 milliseconds
[gmrf_wind_mapping_node-2] --> MAP did not converge after 1 iterations.
[gmrf_wind_mapping_node-2] [GMRF] MAP Mean value estimated in 10.1986 milliseconds
[gmrf_wind_mapping_node-2] --> MAP did not converge after 1 iterations.
[gmrf_wind_mapping_node-2] [GMRF] MAP Mean value estimated in 10.1977 milliseconds
[gmrf_wind_mapping_node-2] --> MAP did not converge after 1 iterations.
[gmrf_wind_mapping_node-2] [GMRF] MAP Mean value estimated in 10.2018 milliseconds
[gmrf_wind_mapping_node-2] --> MAP did not converge after 1 iterations.
[gmrf_wind_mapping_node-2] [GMRF] MAP Mean value estimated in 10.2003 milliseconds
[gmrf_wind_mapping_node-2] --> MAP did not converge after 1 iterations.
[gmrf_wind_mapping_node-2] [GMRF] MAP Mean value estimated in 10.2008 milliseconds
[gmrf_wind_mapping_node-2] --> MAP did not converge after 1 iterations.
[gmrf_wind_mapping_node-2] [GMRF] MAP Mean value estimated in 10.1993 milliseconds
[gsl_actionserver_node-3] [INFO] [1789221239.499784273] [GSL]: 10 gas measurements, 10 wind measurements over 1.91 seconds
[gsl_actionserver_node-3] [INFO] [1789221239.499844140] [GSL]: avg_gas=1.1;  avg_windSpeed=0.45;  avg_wind_dir=-1.7
[gsl_actionserver_node-3] [INFO] [1789221239.500410737] [GSL]: [33mGAS HIT[0m
[gsl_actionserver_node-3] [INFO] [1789221239.500420625] [GSL]: [DEBUG-WIND] useGroundTruth=false gmrf_req_size=631 gaden_req_size=-1
[gsl_actionserver_node-3] [INFO] [1789221239.500427569] [GSL]: [DEBUG-WIND] Taking GMRF path
[gsl_actionserver_node-3] [INFO] [1789221239.589354910] [GSL - Trace]: [32mEntering StopAndMeasure[0m
[gmrf_wind_mapping_node-2] --> MAP did not converge after 1 iterations.
[gmrf_wind_mapping_node-2] [GMRF] MAP Mean value estimated in 10.1999 milliseconds
[gmrf_wind_mapping_node-2] --> MAP did not converge after 1 iterations.
[gmrf_wind_mapping_node-2] [GMRF] MAP Mean value estimated in 10.199 milliseconds
[gmrf_wind_mapping_node-2] --> MAP did not converge after 1 iterations.
[gmrf_wind_mapping_node-2] [GMRF] MAP Mean value estimated in 10.2017 milliseconds
[gmrf_wind_mapping_node-2] --> MAP did not converge after 1 iterations.
[gmrf_wind_mapping_node-2] [GMRF] MAP Mean value estimated in 10.2022 milliseconds
[gmrf_wind_mapping_node-2] --> MAP did not converge after 1 iterations.
[gmrf_wind_mapping_node-2] [GMRF] MAP Mean value estimated in 10.2 milliseconds
[gmrf_wind_mapping_node-2] --> MAP did not converge after 1 iterations.
[gmrf_wind_mapping_node-2] [GMRF] MAP Mean value estimated in 10.1992 milliseconds
[gmrf_wind_mapping_node-2] --> MAP did not converge after 1 iterations.
[gmrf_wind_mapping_node-2] [GMRF] MAP Mean value estimated in 10.1969 milliseconds
[gmrf_wind_mapping_node-2] --> MAP did not converge after 1 iterations.
[gmrf_wind_mapping_node-2] [GMRF] MAP Mean value estimated in 10.1961 milliseconds
[gmrf_wind_mapping_node-2] --> MAP did not converge after 1 iterations.
[gmrf_wind_mapping_node-2] [GMRF] MAP Mean value estimated in 10.1987 milliseconds
[gmrf_wind_mapping_node-2] --> MAP did not converge after 1 iterations.
[gmrf_wind_mapping_node-2] [GMRF] MAP Mean value estimated in 10.1979 milliseconds
[gmrf_wind_mapping_node-2] --> MAP did not converge after 1 iterations.
[gmrf_wind_mapping_node-2] [GMRF] MAP Mean value estimated in 10.1971 milliseconds
[gmrf_wind_mapping_node-2] --> MAP did not converge after 1 iterations.
[gmrf_wind_mapping_node-2] [GMRF] MAP Mean value estimated in 10.1949 milliseconds
[gmrf_wind_mapping_node-2] --> MAP did not converge after 1 iterations.
[gmrf_wind_mapping_node-2] [GMRF] MAP Mean value estimated in 10.1954 milliseconds
[gmrf_wind_mapping_node-2] --> MAP did not converge after 1 iterations.
[gmrf_wind_mapping_node-2] [GMRF] MAP Mean value estimated in 10.1925 milliseconds
[gmrf_wind_mapping_node-2] --> MAP did not converge after 1 iterations.
[gmrf_wind_mapping_node-2] [GMRF] MAP Mean value estimated in 10.1944 milliseconds
[gmrf_wind_mapping_node-2] --> MAP did not converge after 1 iterations.
[gmrf_wind_mapping_node-2] [GMRF] MAP Mean value estimated in 10.1922 milliseconds
[gmrf_wind_mapping_node-2] --> MAP did not converge after 1 iterations.
[gmrf_wind_mapping_node-2] [GMRF] MAP Mean value estimated in 10.19 milliseconds
[gmrf_wind_mapping_node-2] --> MAP did not converge after 1 iterations.
[gmrf_wind_mapping_node-2] [GMRF] MAP Mean value estimated in 10.1885 milliseconds
[gmrf_wind_mapping_node-2] --> MAP did not converge after 1 iterations.
[gmrf_wind_mapping_node-2] [GMRF] MAP Mean value estimated in 10.187 milliseconds
[gmrf_wind_mapping_node-2] --> MAP did not converge after 1 iterations.
[gmrf_wind_mapping_node-2] [GMRF] MAP Mean value estimated in 10.1855 milliseconds
[gmrf_wind_mapping_node-2] --> MAP did not converge after 1 iterations.
[gmrf_wind_mapping_node-2] [GMRF] MAP Mean value estimated in 10.1833 milliseconds
[gmrf_wind_mapping_node-2] --> MAP did not converge after 1 iterations.
[gmrf_wind_mapping_node-2] [GMRF] MAP Mean value estimated in 10.1804 milliseconds
[gsl_actionserver_node-3] [INFO] [1789221241.749711680] [GSL]: 10 gas measurements, 10 wind measurements over 2.16 seconds
[gsl_actionserver_node-3] [INFO] [1789221241.749774388] [GSL]: avg_gas=1.1;  avg_windSpeed=0.42;  avg_wind_dir=-1.7
[gsl_actionserver_node-3] [INFO] [1789221241.750315929] [GSL]: [33mGAS HIT[0m
[gsl_actionserver_node-3] [INFO] [1789221241.750326661] [GSL]: [DEBUG-WIND] useGroundTruth=false gmrf_req_size=631 gaden_req_size=-1
[gsl_actionserver_node-3] [INFO] [1789221241.750609129] [GSL]: [DEBUG-WIND] Taking GMRF path
[gsl_actionserver_node-3] [INFO] [1789221241.789064231] [GSL - Trace]: [32mEntering StopAndMeasure[0m
[gmrf_wind_mapping_node-2] --> MAP did not converge after 1 iterations.
[gmrf_wind_mapping_node-2] [GMRF] MAP Mean value estimated in 10.1802 milliseconds
[gmrf_wind_mapping_node-2] --> MAP did not converge after 1 iterations.
[gmrf_wind_mapping_node-2] [GMRF] MAP Mean value estimated in 10.1815 milliseconds
[gmrf_wind_mapping_node-2] --> MAP did not converge after 1 iterations.
[gmrf_wind_mapping_node-2] [GMRF] MAP Mean value estimated in 10.1834 milliseconds
[gmrf_wind_mapping_node-2] --> MAP did not converge after 1 iterations.
[gmrf_wind_mapping_node-2] [GMRF] MAP Mean value estimated in 10.1819 milliseconds
[gmrf_wind_mapping_node-2] --> MAP did not converge after 1 iterations.
[gmrf_wind_mapping_node-2] [GMRF] MAP Mean value estimated in 10.1804 milliseconds
[gmrf_wind_mapping_node-2] --> MAP did not converge after 1 iterations.
[gmrf_wind_mapping_node-2] [GMRF] MAP Mean value estimated in 10.1803 milliseconds
[gmrf_wind_mapping_node-2] --> MAP did not converge after 1 iterations.
[gmrf_wind_mapping_node-2] [GMRF] MAP Mean value estimated in 10.1809 milliseconds
[gmrf_wind_mapping_node-2] --> MAP did not converge after 1 iterations.
[gmrf_wind_mapping_node-2] [GMRF] MAP Mean value estimated in 10.1821 milliseconds
[gmrf_wind_mapping_node-2] --> MAP did not converge after 1 iterations.
[gmrf_wind_mapping_node-2] [GMRF] MAP Mean value estimated in 10.1799 milliseconds
[gmrf_wind_mapping_node-2] --> MAP did not converge after 1 iterations.
[gmrf_wind_mapping_node-2] [GMRF] MAP Mean value estimated in 10.1778 milliseconds
[gmrf_wind_mapping_node-2] --> MAP did not converge after 1 iterations.
[gmrf_wind_mapping_node-2] [GMRF] MAP Mean value estimated in 10.1776 milliseconds
[gmrf_wind_mapping_node-2] --> MAP did not converge after 1 iterations.
[gmrf_wind_mapping_node-2] [GMRF] MAP Mean value estimated in 10.1761 milliseconds
[gmrf_wind_mapping_node-2] --> MAP did not converge after 1 iterations.
[gmrf_wind_mapping_node-2] [GMRF] MAP Mean value estimated in 10.1767 milliseconds
[gmrf_wind_mapping_node-2] --> MAP did not converge after 1 iterations.
[gmrf_wind_mapping_node-2] [GMRF] MAP Mean value estimated in 10.1745 milliseconds
[gmrf_wind_mapping_node-2] --> MAP did not converge after 1 iterations.
[gmrf_wind_mapping_node-2] [GMRF] MAP Mean value estimated in 10.1744 milliseconds
[gmrf_wind_mapping_node-2] --> MAP did not converge after 1 iterations.
[gmrf_wind_mapping_node-2] [GMRF] MAP Mean value estimated in 10.1729 milliseconds
[gmrf_wind_mapping_node-2] --> MAP did not converge after 1 iterations.
[gmrf_wind_mapping_node-2] [GMRF] MAP Mean value estimated in 10.1728 milliseconds
[gmrf_wind_mapping_node-2] --> MAP did not converge after 1 iterations.
[gmrf_wind_mapping_node-2] [GMRF] MAP Mean value estimated in 10.1713 milliseconds
[gmrf_wind_mapping_node-2] --> MAP did not converge after 1 iterations.
[gmrf_wind_mapping_node-2] [GMRF] MAP Mean value estimated in 10.1733 milliseconds
[gmrf_wind_mapping_node-2] --> MAP did not converge after 1 iterations.
[gmrf_wind_mapping_node-2] [GMRF] MAP Mean value estimated in 10.1711 milliseconds
[gsl_actionserver_node-3] [INFO] [1789221243.699778465] [GSL]: 10 gas measurements, 10 wind measurements over 1.91 seconds
[gsl_actionserver_node-3] [INFO] [1789221243.699832717] [GSL]: avg_gas=1.2;  avg_windSpeed=0.45;  avg_wind_dir=-1.7
[gsl_actionserver_node-3] [INFO] [1789221243.700363720] [GSL]: [33mGAS HIT[0m
[gsl_actionserver_node-3] [INFO] [1789221243.700373343] [GSL]: [DEBUG-WIND] useGroundTruth=false gmrf_req_size=631 gaden_req_size=-1
[gsl_actionserver_node-3] [INFO] [1789221243.700379875] [GSL]: [DEBUG-WIND] Taking GMRF path
[gsl_actionserver_node-3] [INFO] [1789221243.790444942] [GSL - Trace]: [32mEntering StopAndMeasure[0m
[gmrf_wind_mapping_node-2] --> MAP did not converge after 1 iterations.
[gmrf_wind_mapping_node-2] [GMRF] MAP Mean value estimated in 10.1744 milliseconds
[gmrf_wind_mapping_node-2] --> MAP did not converge after 1 iterations.
[gmrf_wind_mapping_node-2] [GMRF] MAP Mean value estimated in 10.1729 milliseconds
[gmrf_wind_mapping_node-2] --> MAP did not converge after 1 iterations.
[gmrf_wind_mapping_node-2] [GMRF] MAP Mean value estimated in 10.1755 milliseconds
[gmrf_wind_mapping_node-2] --> MAP did not converge after 1 iterations.
[gmrf_wind_mapping_node-2] [GMRF] MAP Mean value estimated in 10.174 milliseconds
[gmrf_wind_mapping_node-2] --> MAP did not converge after 1 iterations.
[gmrf_wind_mapping_node-2] [GMRF] MAP Mean value estimated in 10.1726 milliseconds
[gmrf_wind_mapping_node-2] --> MAP did not converge after 1 iterations.
[gmrf_wind_mapping_node-2] [GMRF] MAP Mean value estimated in 10.1718 milliseconds
[gmrf_wind_mapping_node-2] --> MAP did not converge after 1 iterations.
[gmrf_wind_mapping_node-2] [GMRF] MAP Mean value estimated in 10.171 milliseconds
[gmrf_wind_mapping_node-2] --> MAP did not converge after 1 iterations.
[gmrf_wind_mapping_node-2] [GMRF] MAP Mean value estimated in 10.1695 milliseconds
[gmrf_wind_mapping_node-2] --> MAP did not converge after 1 iterations.
[gmrf_wind_mapping_node-2] [GMRF] MAP Mean value estimated in 10.1714 milliseconds
[gmrf_wind_mapping_node-2] --> MAP did not converge after 1 iterations.
[gmrf_wind_mapping_node-2] [GMRF] MAP Mean value estimated in 10.1706 milliseconds
[gmrf_wind_mapping_node-2] --> MAP did not converge after 1 iterations.
[gmrf_wind_mapping_node-2] [GMRF] MAP Mean value estimated in 10.1719 milliseconds
[gmrf_wind_mapping_node-2] --> MAP did not converge after 1 iterations.
[gmrf_wind_mapping_node-2] [GMRF] MAP Mean value estimated in 10.1697 milliseconds
[gmrf_wind_mapping_node-2] --> MAP did not converge after 1 iterations.
[gmrf_wind_mapping_node-2] [GMRF] MAP Mean value estimated in 10.1696 milliseconds
[gmrf_wind_mapping_node-2] --> MAP did not converge after 1 iterations.
[gmrf_wind_mapping_node-2] [GMRF] MAP Mean value estimated in 10.1688 milliseconds
[gmrf_wind_mapping_node-2] --> MAP did not converge after 1 iterations.
[gmrf_wind_mapping_node-2] [GMRF] MAP Mean value estimated in 10.1667 milliseconds
[gmrf_wind_mapping_node-2] --> MAP did not converge after 1 iterations.
[gmrf_wind_mapping_node-2] [GMRF] MAP Mean value estimated in 10.1645 milliseconds
[gmrf_wind_mapping_node-2] --> MAP did not converge after 1 iterations.
[gmrf_wind_mapping_node-2] [GMRF] MAP Mean value estimated in 10.1664 milliseconds
[gmrf_wind_mapping_node-2] --> MAP did not converge after 1 iterations.
[gmrf_wind_mapping_node-2] [GMRF] MAP Mean value estimated in 10.1643 milliseconds
[gmrf_wind_mapping_node-2] --> MAP did not converge after 1 iterations.
[gmrf_wind_mapping_node-2] [GMRF] MAP Mean value estimated in 10.1669 milliseconds
[gmrf_wind_mapping_node-2] --> MAP did not converge after 1 iterations.
[gmrf_wind_mapping_node-2] [GMRF] MAP Mean value estimated in 10.1654 milliseconds
[gsl_actionserver_node-3] [INFO] [1789221245.699688271] [GSL]: 10 gas measurements, 10 wind measurements over 1.91 seconds
[gsl_actionserver_node-3] [INFO] [1789221245.699748742] [GSL]: avg_gas=1.2;  avg_windSpeed=0.42;  avg_wind_dir=-1.7
[gsl_actionserver_node-3] [INFO] [1789221245.700298792] [GSL]: [33mGAS HIT[0m
[gsl_actionserver_node-3] [INFO] [1789221245.700308920] [GSL]: [DEBUG-WIND] useGroundTruth=false gmrf_req_size=631 gaden_req_size=-1
[gsl_actionserver_node-3] [INFO] [1789221245.700315635] [GSL]: [DEBUG-WIND] Taking GMRF path
[gmrf_wind_mapping_node-2] --> MAP did not converge after 1 iterations.
[gmrf_wind_mapping_node-2] [GMRF] MAP Mean value estimated in 10.1687 milliseconds
[gsl_actionserver_node-3] [INFO] [1789221245.808557473] [GSL]: Max mutual info: 2.911
[gsl_actionserver_node-3] [INFO] [1789221245.808692888] [GSL]: MutualInformation - Ellapsed: 0.018s
[vgr_sim_node-1] [WARN] [1789221245.819291776] [vgr_uav_sim]: PLAN_CB: called with goal=(-1.34,-3.70)
[vgr_sim_node-1] [WARN] [1789221245.820407461] [vgr_uav_sim]: PLAN_CB: returning 4 poses
[vgr_sim_node-1] [WARN] [1789221245.830827227] [vgr_uav_sim]: PLAN_CB: called with goal=(-1.34,-3.70)
[vgr_sim_node-1] [WARN] [1789221245.832439622] [vgr_uav_sim]: PLAN_CB: returning 4 poses
[gsl_actionserver_node-3] [INFO] [1789221245.841150758] [GSL]: Sending goal (-1.34, -3.70)
[gsl_actionserver_node-3] [INFO] [1789221245.847683012] [GSL]: Variance: 0.40
[gsl_actionserver_node-3] [INFO] [1789221245.847716758] [GSL - Trace]: [32mEntering Moving[0m
[vgr_sim_node-1] [INFO] [1789221245.858770451] [vgr_uav_sim]: Prepared 4 collision-free navigation waypoints to (-1.34, -3.70)
[vgr_sim_node-1] [INFO] [1789221245.859744671] [vgr_uav_sim]: UAV navigating in audited 2-D mode to (-1.34, -3.70, 0.30)
[gmrf_wind_mapping_node-2] --> MAP did not converge after 1 iterations.
[gmrf_wind_mapping_node-2] [GMRF] MAP Mean value estimated in 10.1679 milliseconds
[gmrf_wind_mapping_node-2] --> MAP did not converge after 1 iterations.
[gmrf_wind_mapping_node-2] [GMRF] MAP Mean value estimated in 10.1698 milliseconds
[gmrf_wind_mapping_node-2] --> MAP did not converge after 1 iterations.
[gmrf_wind_mapping_node-2] [GMRF] MAP Mean value estimated in 10.1704 milliseconds
[gmrf_wind_mapping_node-2] --> MAP did not converge after 1 iterations.
[gmrf_wind_mapping_node-2] [GMRF] MAP Mean value estimated in 10.1689 milliseconds
[gmrf_wind_mapping_node-2] --> MAP did not converge after 1 iterations.
[gmrf_wind_mapping_node-2] [GMRF] MAP Mean value estimated in 10.1674 milliseconds
[gmrf_wind_mapping_node-2] --> MAP did not converge after 1 iterations.
[gmrf_wind_mapping_node-2] [GMRF] MAP Mean value estimated in 10.1673 milliseconds
[gmrf_wind_mapping_node-2] --> MAP did not converge after 1 iterations.
[gmrf_wind_mapping_node-2] [GMRF] MAP Mean value estimated in 10.1652 milliseconds
[gsl_actionserver_node-3] [INFO] [1789221246.507775043] [GSL - Trace]: [32mEntering StopAndMeasure[0m
[gmrf_wind_mapping_node-2] --> MAP did not converge after 1 iterations.
[gmrf_wind_mapping_node-2] [GMRF] MAP Mean value estimated in 10.1664 milliseconds
[gmrf_wind_mapping_node-2] --> MAP did not converge after 1 iterations.
[gmrf_wind_mapping_node-2] [GMRF] MAP Mean value estimated in 10.167 milliseconds
[gmrf_wind_mapping_node-2] --> MAP did not converge after 1 iterations.
[gmrf_wind_mapping_node-2] [GMRF] MAP Mean value estimated in 10.1729 milliseconds
[gmrf_wind_mapping_node-2] --> MAP did not converge after 1 iterations.
[gmrf_wind_mapping_node-2] [GMRF] MAP Mean value estimated in 10.1708 milliseconds
[gmrf_wind_mapping_node-2] --> MAP did not converge after 1 iterations.
[gmrf_wind_mapping_node-2] [GMRF] MAP Mean value estimated in 10.1693 milliseconds
[gmrf_wind_mapping_node-2] --> MAP did not converge after 1 iterations.
[gmrf_wind_mapping_node-2] [GMRF] MAP Mean value estimated in 10.1686 milliseconds
[gmrf_wind_mapping_node-2] --> MAP did not converge after 1 iterations.
[gmrf_wind_mapping_node-2] [GMRF] MAP Mean value estimated in 10.1691 milliseconds
[gmrf_wind_mapping_node-2] --> MAP did not converge after 1 iterations.
[gmrf_wind_mapping_node-2] [GMRF] MAP Mean value estimated in 10.1677 milliseconds
[gmrf_wind_mapping_node-2] --> MAP did not converge after 1 iterations.
[gmrf_wind_mapping_node-2] [GMRF] MAP Mean value estimated in 10.1682 milliseconds
[gmrf_wind_mapping_node-2] --> MAP did not converge after 1 iterations.
[gmrf_wind_mapping_node-2] [GMRF] MAP Mean value estimated in 10.1668 milliseconds
[gmrf_wind_mapping_node-2] --> MAP did not converge after 1 iterations.
[gmrf_wind_mapping_node-2] [GMRF] MAP Mean value estimated in 10.1693 milliseconds
[gmrf_wind_mapping_node-2] --> MAP did not converge after 1 iterations.
[gmrf_wind_mapping_node-2] [GMRF] MAP Mean value estimated in 10.1666 milliseconds
[gmrf_wind_mapping_node-2] --> MAP did not converge after 1 iterations.
[gmrf_wind_mapping_node-2] [GMRF] MAP Mean value estimated in 10.1678 milliseconds
[gmrf_wind_mapping_node-2] --> MAP did not converge after 1 iterations.
[gmrf_wind_mapping_node-2] [GMRF] MAP Mean value estimated in 10.1663 milliseconds
[gmrf_wind_mapping_node-2] --> MAP did not converge after 1 iterations.
[gmrf_wind_mapping_node-2] [GMRF] MAP Mean value estimated in 10.1675 milliseconds
[gmrf_wind_mapping_node-2] --> MAP did not converge after 1 iterations.
[gmrf_wind_mapping_node-2] [GMRF] MAP Mean value estimated in 10.1655 milliseconds
[gmrf_wind_mapping_node-2] --> MAP did not converge after 1 iterations.
[gmrf_wind_mapping_node-2] [GMRF] MAP Mean value estimated in 10.164 milliseconds
[gmrf_wind_mapping_node-2] --> MAP did not converge after 1 iterations.
[gmrf_wind_mapping_node-2] [GMRF] MAP Mean value estimated in 10.1626 milliseconds
[gmrf_wind_mapping_node-2] --> MAP did not converge after 1 iterations.
[gmrf_wind_mapping_node-2] [GMRF] MAP Mean value estimated in 10.1625 milliseconds
[gmrf_wind_mapping_node-2] --> MAP did not converge after 1 iterations.
[gmrf_wind_mapping_node-2] [GMRF] MAP Mean value estimated in 10.1604 milliseconds
[gsl_actionserver_node-3] [INFO] [1789221248.497699343] [GSL]: 10 gas measurements, 10 wind measurements over 1.99 seconds
[gsl_actionserver_node-3] [INFO] [1789221248.497763012] [GSL]: avg_gas=1.2;  avg_windSpeed=0.41;  avg_wind_dir=-1.7
[gsl_actionserver_node-3] [INFO] [1789221248.498354295] [GSL]: [33mGAS HIT[0m
[gsl_actionserver_node-3] [INFO] [1789221248.498365348] [GSL]: [DEBUG-WIND] useGroundTruth=false gmrf_req_size=631 gaden_req_size=-1
[gsl_actionserver_node-3] [INFO] [1789221248.498372713] [GSL]: [DEBUG-WIND] Taking GMRF path
[gsl_actionserver_node-3] [INFO] [1789221248.589642372] [GSL - Trace]: [32mEntering StopAndMeasure[0m
[gmrf_wind_mapping_node-2] --> MAP did not converge after 1 iterations.
[gmrf_wind_mapping_node-2] [GMRF] MAP Mean value estimated in 10.1629 milliseconds
[gmrf_wind_mapping_node-2] --> MAP did not converge after 1 iterations.
[gmrf_wind_mapping_node-2] [GMRF] MAP Mean value estimated in 10.1608 milliseconds
[gmrf_wind_mapping_node-2] --> MAP did not converge after 1 iterations.
[gmrf_wind_mapping_node-2] [GMRF] MAP Mean value estimated in 10.1594 milliseconds
[gmrf_wind_mapping_node-2] --> MAP did not converge after 1 iterations.
[gmrf_wind_mapping_node-2] [GMRF] MAP Mean value estimated in 10.1573 milliseconds
[gmrf_wind_mapping_node-2] --> MAP did not converge after 1 iterations.
[gmrf_wind_mapping_node-2] [GMRF] MAP Mean value estimated in 10.1605 milliseconds
[gmrf_wind_mapping_node-2] --> MAP did not converge after 1 iterations.
[gmrf_wind_mapping_node-2] [GMRF] MAP Mean value estimated in 10.1584 milliseconds
[gmrf_wind_mapping_node-2] --> MAP did not converge after 1 iterations.
[gmrf_wind_mapping_node-2] [GMRF] MAP Mean value estimated in 10.1564 milliseconds
[gmrf_wind_mapping_node-2] --> MAP did not converge after 1 iterations.
[gmrf_wind_mapping_node-2] [GMRF] MAP Mean value estimated in 10.155 milliseconds
[gmrf_wind_mapping_node-2] --> MAP did not converge after 1 iterations.
[gmrf_wind_mapping_node-2] [GMRF] MAP Mean value estimated in 10.1535 milliseconds
[gmrf_wind_mapping_node-2] --> MAP did not converge after 1 iterations.
[gmrf_wind_mapping_node-2] [GMRF] MAP Mean value estimated in 10.1528 milliseconds
[gmrf_wind_mapping_node-2] --> MAP did not converge after 1 iterations.
[gmrf_wind_mapping_node-2] [GMRF] MAP Mean value estimated in 10.152 milliseconds
[gmrf_wind_mapping_node-2] --> MAP did not converge after 1 iterations.
[gmrf_wind_mapping_node-2] [GMRF] MAP Mean value estimated in 10.1519 milliseconds
[gmrf_wind_mapping_node-2] --> MAP did not converge after 1 iterations.
[gmrf_wind_mapping_node-2] [GMRF] MAP Mean value estimated in 10.1505 milliseconds
[gmrf_wind_mapping_node-2] --> MAP did not converge after 1 iterations.
[gmrf_wind_mapping_node-2] [GMRF] MAP Mean value estimated in 10.1485 milliseconds
[gmrf_wind_mapping_node-2] --> MAP did not converge after 1 iterations.
[gmrf_wind_mapping_node-2] [GMRF] MAP Mean value estimated in 10.1458 milliseconds
[gmrf_wind_mapping_node-2] --> MAP did not converge after 1 iterations.
[gmrf_wind_mapping_node-2] [GMRF] MAP Mean value estimated in 10.1463 milliseconds
[gmrf_wind_mapping_node-2] --> MAP did not converge after 1 iterations.
[gmrf_wind_mapping_node-2] [GMRF] MAP Mean value estimated in 10.1449 milliseconds
[gmrf_wind_mapping_node-2] --> MAP did not converge after 1 iterations.
[gmrf_wind_mapping_node-2] [GMRF] MAP Mean value estimated in 10.1461 milliseconds
[gmrf_wind_mapping_node-2] --> MAP did not converge after 1 iterations.
[gmrf_wind_mapping_node-2] [GMRF] MAP Mean value estimated in 10.1441 milliseconds
[gmrf_wind_mapping_node-2] --> MAP did not converge after 1 iterations.
[gmrf_wind_mapping_node-2] [GMRF] MAP Mean value estimated in 10.1453 milliseconds
[gmrf_wind_mapping_node-2] --> MAP did not converge after 1 iterations.
[gmrf_wind_mapping_node-2] [GMRF] MAP Mean value estimated in 10.1432 milliseconds
[gmrf_wind_mapping_node-2] --> MAP did not converge after 1 iterations.
[gmrf_wind_mapping_node-2] [GMRF] MAP Mean value estimated in 10.1418 milliseconds
[gmrf_wind_mapping_node-2] --> MAP did not converge after 1 iterations.
[gmrf_wind_mapping_node-2] [GMRF] MAP Mean value estimated in 10.1398 milliseconds
[gmrf_wind_mapping_node-2] --> MAP did not converge after 1 iterations.
[gmrf_wind_mapping_node-2] [GMRF] MAP Mean value estimated in 10.141 milliseconds
[gmrf_wind_mapping_node-2] --> MAP did not converge after 1 iterations.
[gmrf_wind_mapping_node-2] [GMRF] MAP Mean value estimated in 10.1409 milliseconds
[gsl_actionserver_node-3] [INFO] [1789221250.515521451] [GSL]: 10 gas measurements, 10 wind measurements over 1.93 seconds
[gsl_actionserver_node-3] [INFO] [1789221250.516082043] [GSL]: avg_gas=1.3;  avg_windSpeed=0.46;  avg_wind_dir=-1.8
[gsl_actionserver_node-3] [INFO] [1789221250.517426209] [GSL]: [33mGAS HIT[0m
[gsl_actionserver_node-3] [INFO] [1789221250.517525014] [GSL]: [DEBUG-WIND] useGroundTruth=false gmrf_req_size=631 gaden_req_size=-1
[gsl_actionserver_node-3] [INFO] [1789221250.517536664] [GSL]: [DEBUG-WIND] Taking GMRF path
[gsl_actionserver_node-3] [INFO] [1789221250.599779390] [GSL - Trace]: [32mEntering StopAndMeasure[0m
[gmrf_wind_mapping_node-2] --> MAP did not converge after 1 iterations.
[gmrf_wind_mapping_node-2] [GMRF] MAP Mean value estimated in 10.1441 milliseconds
[gmrf_wind_mapping_node-2] --> MAP did not converge after 1 iterations.
[gmrf_wind_mapping_node-2] [GMRF] MAP Mean value estimated in 10.144 milliseconds
[gmrf_wind_mapping_node-2] --> MAP did not converge after 1 iterations.
[gmrf_wind_mapping_node-2] [GMRF] MAP Mean value estimated in 10.1465 milliseconds
[gmrf_wind_mapping_node-2] --> MAP did not converge after 1 iterations.
[gmrf_wind_mapping_node-2] [GMRF] MAP Mean value estimated in 10.1444 milliseconds
[gmrf_wind_mapping_node-2] --> MAP did not converge after 1 iterations.
[gmrf_wind_mapping_node-2] [GMRF] MAP Mean value estimated in 10.1424 milliseconds
[gmrf_wind_mapping_node-2] --> MAP did not converge after 1 iterations.
[gmrf_wind_mapping_node-2] [GMRF] MAP Mean value estimated in 10.1436 milliseconds
[gmrf_wind_mapping_node-2] --> MAP did not converge after 1 iterations.
[gmrf_wind_mapping_node-2] [GMRF] MAP Mean value estimated in 10.1416 milliseconds
[gmrf_wind_mapping_node-2] --> MAP did not converge after 1 iterations.
[gmrf_wind_mapping_node-2] [GMRF] MAP Mean value estimated in 10.1421 milliseconds
[gmrf_wind_mapping_node-2] --> MAP did not converge after 1 iterations.
[gmrf_wind_mapping_node-2] [GMRF] MAP Mean value estimated in 10.1401 milliseconds
[gmrf_wind_mapping_node-2] --> MAP did not converge after 1 iterations.
[gmrf_wind_mapping_node-2] [GMRF] MAP Mean value estimated in 10.1381 milliseconds
[gmrf_wind_mapping_node-2] --> MAP did not converge after 1 iterations.
[gmrf_wind_mapping_node-2] [GMRF] MAP Mean value estimated in 10.138 milliseconds
[gmrf_wind_mapping_node-2] --> MAP did not converge after 1 iterations.
[gmrf_wind_mapping_node-2] [GMRF] MAP Mean value estimated in 10.1372 milliseconds
[gmrf_wind_mapping_node-2] --> MAP did not converge after 1 iterations.
[gmrf_wind_mapping_node-2] [GMRF] MAP Mean value estimated in 10.1372 milliseconds
[gmrf_wind_mapping_node-2] --> MAP did not converge after 1 iterations.
[gmrf_wind_mapping_node-2] [GMRF] MAP Mean value estimated in 10.1358 milliseconds
[gmrf_wind_mapping_node-2] --> MAP did not converge after 1 iterations.
[gmrf_wind_mapping_node-2] [GMRF] MAP Mean value estimated in 10.1357 milliseconds
[gmrf_wind_mapping_node-2] --> MAP did not converge after 1 iterations.
[gmrf_wind_mapping_node-2] [GMRF] MAP Mean value estimated in 10.1343 milliseconds
[gmrf_wind_mapping_node-2] --> MAP did not converge after 1 iterations.
[gmrf_wind_mapping_node-2] [GMRF] MAP Mean value estimated in 10.1374 milliseconds
[gsl_actionserver_node-3] [INFO] [1789221252.484067544] [GSL]: 10 gas measurements, 10 wind measurements over 1.88 seconds
[gsl_actionserver_node-3] [INFO] [1789221252.484133931] [GSL]: avg_gas=1.3;  avg_windSpeed=0.41;  avg_wind_dir=-1.7
[gsl_actionserver_node-3] [INFO] [1789221252.484676785] [GSL]: [33mGAS HIT[0m
[gsl_actionserver_node-3] [INFO] [1789221252.484687092] [GSL]: [DEBUG-WIND] useGroundTruth=false gmrf_req_size=631 gaden_req_size=-1
[gsl_actionserver_node-3] [INFO] [1789221252.484693881] [GSL]: [DEBUG-WIND] Taking GMRF path
[gmrf_wind_mapping_node-2] --> MAP did not converge after 1 iterations.
[gmrf_wind_mapping_node-2] [GMRF] MAP Mean value estimated in 10.1348 milliseconds
[gsl_actionserver_node-3] [INFO] [1789221252.591802266] [GSL - Trace]: [32mEntering StopAndMeasure[0m
[gmrf_wind_mapping_node-2] --> MAP did not converge after 1 iterations.
[gmrf_wind_mapping_node-2] [GMRF] MAP Mean value estimated in 10.1334 milliseconds
[gmrf_wind_mapping_node-2] --> MAP did not converge after 1 iterations.
[gmrf_wind_mapping_node-2] [GMRF] MAP Mean value estimated in 10.1346 milliseconds
[gmrf_wind_mapping_node-2] --> MAP did not converge after 1 iterations.
[gmrf_wind_mapping_node-2] [GMRF] MAP Mean value estimated in 10.1332 milliseconds
[gmrf_wind_mapping_node-2] --> MAP did not converge after 1 iterations.
[gmrf_wind_mapping_node-2] [GMRF] MAP Mean value estimated in 10.1351 milliseconds
[gmrf_wind_mapping_node-2] --> MAP did not converge after 1 iterations.
[gmrf_wind_mapping_node-2] [GMRF] MAP Mean value estimated in 10.1337 milliseconds
[gmrf_wind_mapping_node-2] --> MAP did not converge after 1 iterations.
[gmrf_wind_mapping_node-2] [GMRF] MAP Mean value estimated in 10.1317 milliseconds
[gmrf_wind_mapping_node-2] --> MAP did not converge after 1 iterations.
[gmrf_wind_mapping_node-2] [GMRF] MAP Mean value estimated in 10.1297 milliseconds
[gmrf_wind_mapping_node-2] --> MAP did not converge after 1 iterations.
[gmrf_wind_mapping_node-2] [GMRF] MAP Mean value estimated in 10.1277 milliseconds
[gmrf_wind_mapping_node-2] --> MAP did not converge after 1 iterations.
[gmrf_wind_mapping_node-2] [GMRF] MAP Mean value estimated in 10.1257 milliseconds
[gmrf_wind_mapping_node-2] --> MAP did not converge after 1 iterations.
[gmrf_wind_mapping_node-2] [GMRF] MAP Mean value estimated in 10.1244 milliseconds
[gmrf_wind_mapping_node-2] --> MAP did not converge after 1 iterations.
[gmrf_wind_mapping_node-2] [GMRF] MAP Mean value estimated in 10.1217 milliseconds
[gmrf_wind_mapping_node-2] --> MAP did not converge after 1 iterations.
[gmrf_wind_mapping_node-2] [GMRF] MAP Mean value estimated in 10.1197 milliseconds
[gmrf_wind_mapping_node-2] --> MAP did not converge after 1 iterations.
[gmrf_wind_mapping_node-2] [GMRF] MAP Mean value estimated in 10.119 milliseconds
[gmrf_wind_mapping_node-2] --> MAP did not converge after 1 iterations.
[gmrf_wind_mapping_node-2] [GMRF] MAP Mean value estimated in 10.1177 milliseconds
[gmrf_wind_mapping_node-2] --> MAP did not converge after 1 iterations.
[gmrf_wind_mapping_node-2] [GMRF] MAP Mean value estimated in 10.1176 milliseconds
[gmrf_wind_mapping_node-2] --> MAP did not converge after 1 iterations.
[gmrf_wind_mapping_node-2] [GMRF] MAP Mean value estimated in 10.1188 milliseconds
[gmrf_wind_mapping_node-2] --> MAP did not converge after 1 iterations.
[gmrf_wind_mapping_node-2] [GMRF] MAP Mean value estimated in 10.1206 milliseconds
[gmrf_wind_mapping_node-2] --> MAP did not converge after 1 iterations.
[gmrf_wind_mapping_node-2] [GMRF] MAP Mean value estimated in 10.1193 milliseconds
[gsl_actionserver_node-3] [INFO] [1789221254.477700138] [GSL]: 10 gas measurements, 10 wind measurements over 1.89 seconds
[gsl_actionserver_node-3] [INFO] [1789221254.477761451] [GSL]: avg_gas=1.3;  avg_windSpeed=0.46;  avg_wind_dir=-1.8
[gsl_actionserver_node-3] [INFO] [1789221254.478667134] [GSL]: [33mGAS HIT[0m
[gsl_actionserver_node-3] [INFO] [1789221254.478687595] [GSL]: [DEBUG-WIND] useGroundTruth=false gmrf_req_size=631 gaden_req_size=-1
[gsl_actionserver_node-3] [INFO] [1789221254.478695427] [GSL]: [DEBUG-WIND] Taking GMRF path
[gsl_actionserver_node-3] [INFO] [1789221254.568807692] [GSL - Trace]: [32mEntering StopAndMeasure[0m
[gmrf_wind_mapping_node-2] --> MAP did not converge after 1 iterations.
[gmrf_wind_mapping_node-2] [GMRF] MAP Mean value estimated in 10.1173 milliseconds
[gmrf_wind_mapping_node-2] --> MAP did not converge after 1 iterations.
[gmrf_wind_mapping_node-2] [GMRF] MAP Mean value estimated in 10.1153 milliseconds
[gmrf_wind_mapping_node-2] --> MAP did not converge after 1 iterations.
[gmrf_wind_mapping_node-2] [GMRF] MAP Mean value estimated in 10.1134 milliseconds
[gmrf_wind_mapping_node-2] --> MAP did not converge after 1 iterations.
[gmrf_wind_mapping_node-2] [GMRF] MAP Mean value estimated in 10.1114 milliseconds
[gmrf_wind_mapping_node-2] --> MAP did not converge after 1 iterations.
[gmrf_wind_mapping_node-2] [GMRF] MAP Mean value estimated in 10.1113 milliseconds
[gmrf_wind_mapping_node-2] --> MAP did not converge after 1 iterations.
[gmrf_wind_mapping_node-2] [GMRF] MAP Mean value estimated in 10.11 milliseconds
[gmrf_wind_mapping_node-2] --> MAP did not converge after 1 iterations.
[gmrf_wind_mapping_node-2] [GMRF] MAP Mean value estimated in 10.1112 milliseconds
[gmrf_wind_mapping_node-2] --> MAP did not converge after 1 iterations.
[gmrf_wind_mapping_node-2] [GMRF] MAP Mean value estimated in 10.1124 milliseconds
[gmrf_wind_mapping_node-2] --> MAP did not converge after 1 iterations.
[gmrf_wind_mapping_node-2] [GMRF] MAP Mean value estimated in 10.1117 milliseconds
[gmrf_wind_mapping_node-2] --> MAP did not converge after 1 iterations.
[gmrf_wind_mapping_node-2] [GMRF] MAP Mean value estimated in 10.1091 milliseconds
[gmrf_wind_mapping_node-2] --> MAP did not converge after 1 iterations.
[gmrf_wind_mapping_node-2] [GMRF] MAP Mean value estimated in 10.1078 milliseconds
[gmrf_wind_mapping_node-2] --> MAP did not converge after 1 iterations.
[gmrf_wind_mapping_node-2] [GMRF] MAP Mean value estimated in 10.1058 milliseconds
[gmrf_wind_mapping_node-2] --> MAP did not converge after 1 iterations.
[gmrf_wind_mapping_node-2] [GMRF] MAP Mean value estimated in 10.1038 milliseconds
[gmrf_wind_mapping_node-2] --> MAP did not converge after 1 iterations.
[gmrf_wind_mapping_node-2] [GMRF] MAP Mean value estimated in 10.1019 milliseconds
[gmrf_wind_mapping_node-2] --> MAP did not converge after 1 iterations.
[gmrf_wind_mapping_node-2] [GMRF] MAP Mean value estimated in 10.1006 milliseconds
[gmrf_wind_mapping_node-2] --> MAP did not converge after 1 iterations.
[gmrf_wind_mapping_node-2] [GMRF] MAP Mean value estimated in 10.0986 milliseconds
[gmrf_wind_mapping_node-2] --> MAP did not converge after 1 iterations.
[gmrf_wind_mapping_node-2] [GMRF] MAP Mean value estimated in 10.0979 milliseconds
[gmrf_wind_mapping_node-2] --> MAP did not converge after 1 iterations.
[gmrf_wind_mapping_node-2] [GMRF] MAP Mean value estimated in 10.0972 milliseconds
[gmrf_wind_mapping_node-2] --> MAP did not converge after 1 iterations.
[gmrf_wind_mapping_node-2] [GMRF] MAP Mean value estimated in 10.0953 milliseconds
[gsl_actionserver_node-3] [INFO] [1789221256.496369198] [GSL]: 10 gas measurements, 10 wind measurements over 1.93 seconds
[gsl_actionserver_node-3] [INFO] [1789221256.496406421] [GSL]: avg_gas=1.3;  avg_windSpeed=0.41;  avg_wind_dir=-1.7
[gsl_actionserver_node-3] [INFO] [1789221256.496905469] [GSL]: [33mGAS HIT[0m
[gsl_actionserver_node-3] [INFO] [1789221256.496914803] [GSL]: [DEBUG-WIND] useGroundTruth=false gmrf_req_size=631 gaden_req_size=-1
[gsl_actionserver_node-3] [INFO] [1789221256.496921423] [GSL]: [DEBUG-WIND] Taking GMRF path
[gsl_actionserver_node-3] [INFO] [1789221256.588952140] [GSL - Trace]: [32mEntering StopAndMeasure[0m
[gmrf_wind_mapping_node-2] --> MAP did not converge after 1 iterations.
[gmrf_wind_mapping_node-2] [GMRF] MAP Mean value estimated in 10.0952 milliseconds
[gmrf_wind_mapping_node-2] --> MAP did not converge after 1 iterations.
[gmrf_wind_mapping_node-2] [GMRF] MAP Mean value estimated in 10.0933 milliseconds
[gmrf_wind_mapping_node-2] --> MAP did not converge after 1 iterations.
[gmrf_wind_mapping_node-2] [GMRF] MAP Mean value estimated in 10.0914 milliseconds
[gmrf_wind_mapping_node-2] --> MAP did not converge after 1 iterations.
[gmrf_wind_mapping_node-2] [GMRF] MAP Mean value estimated in 10.0894 milliseconds
[gmrf_wind_mapping_node-2] --> MAP did not converge after 1 iterations.
[gmrf_wind_mapping_node-2] [GMRF] MAP Mean value estimated in 10.0919 milliseconds
[gmrf_wind_mapping_node-2] --> MAP did not converge after 1 iterations.
[gmrf_wind_mapping_node-2] [GMRF] MAP Mean value estimated in 10.0906 milliseconds
[gmrf_wind_mapping_node-2] --> MAP did not converge after 1 iterations.
[gmrf_wind_mapping_node-2] [GMRF] MAP Mean value estimated in 10.0893 milliseconds
[gmrf_wind_mapping_node-2] --> MAP did not converge after 1 iterations.
[gmrf_wind_mapping_node-2] [GMRF] MAP Mean value estimated in 10.0898 milliseconds
[gmrf_wind_mapping_node-2] --> MAP did not converge after 1 iterations.
[gmrf_wind_mapping_node-2] [GMRF] MAP Mean value estimated in 10.091 milliseconds
[gmrf_wind_mapping_node-2] --> MAP did not converge after 1 iterations.
[gmrf_wind_mapping_node-2] [GMRF] MAP Mean value estimated in 10.0891 milliseconds
[gmrf_wind_mapping_node-2] --> MAP did not converge after 1 iterations.
[gmrf_wind_mapping_node-2] [GMRF] MAP Mean value estimated in 10.0878 milliseconds
[gmrf_wind_mapping_node-2] --> MAP did not converge after 1 iterations.
[gmrf_wind_mapping_node-2] [GMRF] MAP Mean value estimated in 10.0859 milliseconds
[gmrf_wind_mapping_node-2] --> MAP did not converge after 1 iterations.
[gmrf_wind_mapping_node-2] [GMRF] MAP Mean value estimated in 10.0889 milliseconds
[gmrf_wind_mapping_node-2] --> MAP did not converge after 1 iterations.
[gmrf_wind_mapping_node-2] [GMRF] MAP Mean value estimated in 10.0883 milliseconds
[gmrf_wind_mapping_node-2] --> MAP did not converge after 1 iterations.
[gmrf_wind_mapping_node-2] [GMRF] MAP Mean value estimated in 10.087 milliseconds
[gmrf_wind_mapping_node-2] --> MAP did not converge after 1 iterations.
[gmrf_wind_mapping_node-2] [GMRF] MAP Mean value estimated in 10.0857 milliseconds
[gmrf_wind_mapping_node-2] --> MAP did not converge after 1 iterations.
[gmrf_wind_mapping_node-2] [GMRF] MAP Mean value estimated in 10.085 milliseconds
[gmrf_wind_mapping_node-2] --> MAP did not converge after 1 iterations.
[gmrf_wind_mapping_node-2] [GMRF] MAP Mean value estimated in 10.0825 milliseconds
[gmrf_wind_mapping_node-2] --> MAP did not converge after 1 iterations.
[gmrf_wind_mapping_node-2] [GMRF] MAP Mean value estimated in 10.0843 milliseconds
[gsl_actionserver_node-3] [INFO] [1789221258.466674049] [GSL]: 10 gas measurements, 10 wind measurements over 1.88 seconds
[gsl_actionserver_node-3] [INFO] [1789221258.466737111] [GSL]: avg_gas=1.3;  avg_windSpeed=0.46;  avg_wind_dir=-1.8
[gsl_actionserver_node-3] [INFO] [1789221258.467756469] [GSL]: [33mGAS HIT[0m
[gsl_actionserver_node-3] [INFO] [1789221258.467797409] [GSL]: [DEBUG-WIND] useGroundTruth=false gmrf_req_size=631 gaden_req_size=-1
[gsl_actionserver_node-3] [INFO] [1789221258.467804818] [GSL]: [DEBUG-WIND] Taking GMRF path
[gsl_actionserver_node-3] [INFO] [1789221258.488887105] [GSL - Trace]: [32mEntering StopAndMeasure[0m
[gmrf_wind_mapping_node-2] --> MAP did not converge after 1 iterations.
[gmrf_wind_mapping_node-2] [GMRF] MAP Mean value estimated in 10.083 milliseconds
[gmrf_wind_mapping_node-2] --> MAP did not converge after 1 iterations.
[gmrf_wind_mapping_node-2] [GMRF] MAP Mean value estimated in 10.0817 milliseconds
[gmrf_wind_mapping_node-2] --> MAP did not converge after 1 iterations.
[gmrf_wind_mapping_node-2] [GMRF] MAP Mean value estimated in 10.0798 milliseconds
[gmrf_wind_mapping_node-2] --> MAP did not converge after 1 iterations.
[gmrf_wind_mapping_node-2] [GMRF] MAP Mean value estimated in 10.0822 milliseconds
[gmrf_wind_mapping_node-2] --> MAP did not converge after 1 iterations.
[gmrf_wind_mapping_node-2] [GMRF] MAP Mean value estimated in 10.0809 milliseconds
[gmrf_wind_mapping_node-2] --> MAP did not converge after 1 iterations.
[gmrf_wind_mapping_node-2] [GMRF] MAP Mean value estimated in 10.0827 milliseconds
[gmrf_wind_mapping_node-2] --> MAP did not converge after 1 iterations.
[gmrf_wind_mapping_node-2] [GMRF] MAP Mean value estimated in 10.0814 milliseconds
[gmrf_wind_mapping_node-2] --> MAP did not converge after 1 iterations.
[gmrf_wind_mapping_node-2] [GMRF] MAP Mean value estimated in 10.0808 milliseconds
[gmrf_wind_mapping_node-2] --> MAP did not converge after 1 iterations.
[gmrf_wind_mapping_node-2] [GMRF] MAP Mean value estimated in 10.0789 milliseconds
[gmrf_wind_mapping_node-2] --> MAP did not converge after 1 iterations.
[gmrf_wind_mapping_node-2] [GMRF] MAP Mean value estimated in 10.08 milliseconds
[gmrf_wind_mapping_node-2] --> MAP did not converge after 1 iterations.
[gmrf_wind_mapping_node-2] [GMRF] MAP Mean value estimated in 10.0782 milliseconds
[gmrf_wind_mapping_node-2] --> MAP did not converge after 1 iterations.
[gmrf_wind_mapping_node-2] [GMRF] MAP Mean value estimated in 10.0769 milliseconds
[gmrf_wind_mapping_node-2] --> MAP did not converge after 1 iterations.
[gmrf_wind_mapping_node-2] [GMRF] MAP Mean value estimated in 10.0781 milliseconds
[gmrf_wind_mapping_node-2] --> MAP did not converge after 1 iterations.
[gmrf_wind_mapping_node-2] [GMRF] MAP Mean value estimated in 10.0811 milliseconds
[gmrf_wind_mapping_node-2] --> MAP did not converge after 1 iterations.
[gmrf_wind_mapping_node-2] [GMRF] MAP Mean value estimated in 10.0804 milliseconds
[gmrf_wind_mapping_node-2] --> MAP did not converge after 1 iterations.
[gmrf_wind_mapping_node-2] [GMRF] MAP Mean value estimated in 10.0828 milliseconds
[gmrf_wind_mapping_node-2] --> MAP did not converge after 1 iterations.
[gmrf_wind_mapping_node-2] [GMRF] MAP Mean value estimated in 10.0815 milliseconds
[gmrf_wind_mapping_node-2] --> MAP did not converge after 1 iterations.
[gmrf_wind_mapping_node-2] [GMRF] MAP Mean value estimated in 10.0833 milliseconds
[gmrf_wind_mapping_node-2] --> MAP did not converge after 1 iterations.
[gmrf_wind_mapping_node-2] [GMRF] MAP Mean value estimated in 10.0821 milliseconds
[gmrf_wind_mapping_node-2] --> MAP did not converge after 1 iterations.
[gmrf_wind_mapping_node-2] [GMRF] MAP Mean value estimated in 10.0851 milliseconds
[gmrf_wind_mapping_node-2] --> MAP did not converge after 1 iterations.
[gmrf_wind_mapping_node-2] [GMRF] MAP Mean value estimated in 10.0832 milliseconds
[gsl_actionserver_node-3] [INFO] [1789221260.518442872] [GSL]: 10 gas measurements, 10 wind measurements over 2.03 seconds
[gsl_actionserver_node-3] [INFO] [1789221260.518509524] [GSL]: avg_gas=1.3;  avg_windSpeed=0.41;  avg_wind_dir=-1.7
[gsl_actionserver_node-3] [INFO] [1789221260.519145401] [GSL]: [33mGAS HIT[0m
[gsl_actionserver_node-3] [INFO] [1789221260.519157019] [GSL]: [DEBUG-WIND] useGroundTruth=false gmrf_req_size=631 gaden_req_size=-1
[gsl_actionserver_node-3] [INFO] [1789221260.519165467] [GSL]: [DEBUG-WIND] Taking GMRF path
[gsl_actionserver_node-3] [INFO] [1789221260.588841653] [GSL - Trace]: [32mEntering StopAndMeasure[0m
[gmrf_wind_mapping_node-2] --> MAP did not converge after 1 iterations.
[gmrf_wind_mapping_node-2] [GMRF] MAP Mean value estimated in 10.0813 milliseconds
[gmrf_wind_mapping_node-2] --> MAP did not converge after 1 iterations.
[gmrf_wind_mapping_node-2] [GMRF] MAP Mean value estimated in 10.08 milliseconds
[gmrf_wind_mapping_node-2] --> MAP did not converge after 1 iterations.
[gmrf_wind_mapping_node-2] [GMRF] MAP Mean value estimated in 10.0788 milliseconds
[gmrf_wind_mapping_node-2] --> MAP did not converge after 1 iterations.
[gmrf_wind_mapping_node-2] [GMRF] MAP Mean value estimated in 10.0775 milliseconds
[gmrf_wind_mapping_node-2] --> MAP did not converge after 1 iterations.
[gmrf_wind_mapping_node-2] [GMRF] MAP Mean value estimated in 10.078 milliseconds
[gmrf_wind_mapping_node-2] --> MAP did not converge after 1 iterations.
[gmrf_wind_mapping_node-2] [GMRF] MAP Mean value estimated in 10.0768 milliseconds
[gmrf_wind_mapping_node-2] --> MAP did not converge after 1 iterations.
[gmrf_wind_mapping_node-2] [GMRF] MAP Mean value estimated in 10.0804 milliseconds
[gmrf_wind_mapping_node-2] --> MAP did not converge after 1 iterations.
[gmrf_wind_mapping_node-2] [GMRF] MAP Mean value estimated in 10.0797 milliseconds
[gmrf_wind_mapping_node-2] --> MAP did not converge after 1 iterations.
[gmrf_wind_mapping_node-2] [GMRF] MAP Mean value estimated in 10.0815 milliseconds
[gmrf_wind_mapping_node-2] --> MAP did not converge after 1 iterations.
[gmrf_wind_mapping_node-2] [GMRF] MAP Mean value estimated in 10.0802 milliseconds
[gmrf_wind_mapping_node-2] --> MAP did not converge after 1 iterations.
[gmrf_wind_mapping_node-2] [GMRF] MAP Mean value estimated in 10.0784 milliseconds
[gmrf_wind_mapping_node-2] --> MAP did not converge after 1 iterations.
[gmrf_wind_mapping_node-2] [GMRF] MAP Mean value estimated in 10.0765 milliseconds
[gmrf_wind_mapping_node-2] --> MAP did not converge after 1 iterations.
[gmrf_wind_mapping_node-2] [GMRF] MAP Mean value estimated in 10.0783 milliseconds
[gmrf_wind_mapping_node-2] --> MAP did not converge after 1 iterations.
[gmrf_wind_mapping_node-2] [GMRF] MAP Mean value estimated in 10.0764 milliseconds
[gmrf_wind_mapping_node-2] --> MAP did not converge after 1 iterations.
[gmrf_wind_mapping_node-2] [GMRF] MAP Mean value estimated in 10.0764 milliseconds
[gmrf_wind_mapping_node-2] --> MAP did not converge after 1 iterations.
[gmrf_wind_mapping_node-2] [GMRF] MAP Mean value estimated in 10.0751 milliseconds
[gmrf_wind_mapping_node-2] --> MAP did not converge after 1 iterations.
[gmrf_wind_mapping_node-2] [GMRF] MAP Mean value estimated in 10.0775 milliseconds
[gmrf_wind_mapping_node-2] --> MAP did not converge after 1 iterations.
[gmrf_wind_mapping_node-2] [GMRF] MAP Mean value estimated in 10.0756 milliseconds
[gmrf_wind_mapping_node-2] --> MAP did not converge after 1 iterations.
[gmrf_wind_mapping_node-2] [GMRF] MAP Mean value estimated in 10.0792 milliseconds
[gmrf_wind_mapping_node-2] --> MAP did not converge after 1 iterations.
[gmrf_wind_mapping_node-2] [GMRF] MAP Mean value estimated in 10.0767 milliseconds
[gsl_actionserver_node-3] [INFO] [1789221262.498705467] [GSL]: 10 gas measurements, 10 wind measurements over 1.91 seconds
[gsl_actionserver_node-3] [INFO] [1789221262.498754587] [GSL]: avg_gas=1.3;  avg_windSpeed=0.46;  avg_wind_dir=-1.8
[gsl_actionserver_node-3] [INFO] [1789221262.499297071] [GSL]: [33mGAS HIT[0m
[gsl_actionserver_node-3] [INFO] [1789221262.499525255] [GSL]: [DEBUG-WIND] useGroundTruth=false gmrf_req_size=631 gaden_req_size=-1
[gsl_actionserver_node-3] [INFO] [1789221262.499537461] [GSL]: [DEBUG-WIND] Taking GMRF path
[gmrf_wind_mapping_node-2] --> MAP did not converge after 1 iterations.
[gmrf_wind_mapping_node-2] [GMRF] MAP Mean value estimated in 10.0755 milliseconds
[gsl_actionserver_node-3] [INFO] [1789221262.599285263] [GSL]: Max mutual info: 3.494
[gsl_actionserver_node-3] [INFO] [1789221262.599397605] [GSL]: MutualInformation - Ellapsed: 0.011s
[vgr_sim_node-1] [WARN] [1789221262.604724872] [vgr_uav_sim]: PLAN_CB: called with goal=(-1.94,-3.10)
[vgr_sim_node-1] [WARN] [1789221262.609354959] [vgr_uav_sim]: PLAN_CB: returning 4 poses
[vgr_sim_node-1] [WARN] [1789221262.620816923] [vgr_uav_sim]: PLAN_CB: called with goal=(-1.94,-3.10)
[vgr_sim_node-1] [WARN] [1789221262.622158893] [vgr_uav_sim]: PLAN_CB: returning 4 poses
[gsl_actionserver_node-3] [INFO] [1789221262.631589442] [GSL]: Sending goal (-1.94, -3.10)
[gsl_actionserver_node-3] [INFO] [1789221262.632080940] [GSL]: Variance: 0.40
[gsl_actionserver_node-3] [INFO] [1789221262.632105998] [GSL - Trace]: [32mEntering Moving[0m
[vgr_sim_node-1] [INFO] [1789221262.633447244] [vgr_uav_sim]: Prepared 4 collision-free navigation waypoints to (-1.94, -3.10)
[vgr_sim_node-1] [INFO] [1789221262.634699261] [vgr_uav_sim]: UAV navigating in audited 2-D mode to (-1.94, -3.10, 0.30)
[gmrf_wind_mapping_node-2] --> MAP did not converge after 1 iterations.
[gmrf_wind_mapping_node-2] [GMRF] MAP Mean value estimated in 10.0736 milliseconds
[gmrf_wind_mapping_node-2] --> MAP did not converge after 1 iterations.
[gmrf_wind_mapping_node-2] [GMRF] MAP Mean value estimated in 10.0766 milliseconds
[gmrf_wind_mapping_node-2] --> MAP did not converge after 1 iterations.
[gmrf_wind_mapping_node-2] [GMRF] MAP Mean value estimated in 10.0747 milliseconds
[gmrf_wind_mapping_node-2] --> MAP did not converge after 1 iterations.
[gmrf_wind_mapping_node-2] [GMRF] MAP Mean value estimated in 10.0777 milliseconds
[gmrf_wind_mapping_node-2] --> MAP did not converge after 1 iterations.
[gmrf_wind_mapping_node-2] [GMRF] MAP Mean value estimated in 10.0771 milliseconds
[gsl_actionserver_node-3] [INFO] [1789221263.142524346] [GSL - Trace]: [32mEntering StopAndMeasure[0m
[gmrf_wind_mapping_node-2] --> MAP did not converge after 1 iterations.
[gmrf_wind_mapping_node-2] [GMRF] MAP Mean value estimated in 10.0794 milliseconds
[gmrf_wind_mapping_node-2] --> MAP did not converge after 1 iterations.
[gmrf_wind_mapping_node-2] [GMRF] MAP Mean value estimated in 10.0776 milliseconds
[gmrf_wind_mapping_node-2] --> MAP did not converge after 1 iterations.
[gmrf_wind_mapping_node-2] [GMRF] MAP Mean value estimated in 10.0805 milliseconds
[gmrf_wind_mapping_node-2] --> MAP did not converge after 1 iterations.
[gmrf_wind_mapping_node-2] [GMRF] MAP Mean value estimated in 10.0787 milliseconds
[gmrf_wind_mapping_node-2] --> MAP did not converge after 1 iterations.
[gmrf_wind_mapping_node-2] [GMRF] MAP Mean value estimated in 10.0768 milliseconds
[gmrf_wind_mapping_node-2] --> MAP did not converge after 1 iterations.
[gmrf_wind_mapping_node-2] [GMRF] MAP Mean value estimated in 10.075 milliseconds
[gmrf_wind_mapping_node-2] --> MAP did not converge after 1 iterations.
[gmrf_wind_mapping_node-2] [GMRF] MAP Mean value estimated in 10.0785 milliseconds
[gmrf_wind_mapping_node-2] --> MAP did not converge after 1 iterations.
[gmrf_wind_mapping_node-2] [GMRF] MAP Mean value estimated in 10.0773 milliseconds
[gmrf_wind_mapping_node-2] --> MAP did not converge after 1 iterations.
[gmrf_wind_mapping_node-2] [GMRF] MAP Mean value estimated in 10.0754 milliseconds
[gmrf_wind_mapping_node-2] --> MAP did not converge after 1 iterations.
[gmrf_wind_mapping_node-2] [GMRF] MAP Mean value estimated in 10.0736 milliseconds
[gmrf_wind_mapping_node-2] --> MAP did not converge after 1 iterations.
[gmrf_wind_mapping_node-2] [GMRF] MAP Mean value estimated in 10.0766 milliseconds
[gmrf_wind_mapping_node-2] --> MAP did not converge after 1 iterations.
[gmrf_wind_mapping_node-2] [GMRF] MAP Mean value estimated in 10.0747 milliseconds
[gmrf_wind_mapping_node-2] --> MAP did not converge after 1 iterations.
[gmrf_wind_mapping_node-2] [GMRF] MAP Mean value estimated in 10.0777 milliseconds
[gmrf_wind_mapping_node-2] --> MAP did not converge after 1 iterations.
[gmrf_wind_mapping_node-2] [GMRF] MAP Mean value estimated in 10.0758 milliseconds
[gmrf_wind_mapping_node-2] --> MAP did not converge after 1 iterations.
[gmrf_wind_mapping_node-2] [GMRF] MAP Mean value estimated in 10.074 milliseconds
[gmrf_wind_mapping_node-2] --> MAP did not converge after 1 iterations.
[gmrf_wind_mapping_node-2] [GMRF] MAP Mean value estimated in 10.0722 milliseconds
[gmrf_wind_mapping_node-2] --> MAP did not converge after 1 iterations.
[gmrf_wind_mapping_node-2] [GMRF] MAP Mean value estimated in 10.0745 milliseconds
[gmrf_wind_mapping_node-2] --> MAP did not converge after 1 iterations.
[gmrf_wind_mapping_node-2] [GMRF] MAP Mean value estimated in 10.0744 milliseconds
[gmrf_wind_mapping_node-2] --> MAP did not converge after 1 iterations.
[gmrf_wind_mapping_node-2] [GMRF] MAP Mean value estimated in 10.0762 milliseconds
[gsl_actionserver_node-3] [INFO] [1789221265.083042524] [GSL]: 10 gas measurements, 10 wind measurements over 1.94 seconds
[gsl_actionserver_node-3] [INFO] [1789221265.083107609] [GSL]: avg_gas=1.2;  avg_windSpeed=0.079;  avg_wind_dir=-1.6
[gsl_actionserver_node-3] [INFO] [1789221265.083652586] [GSL]: [33mGAS HIT[0m
[gsl_actionserver_node-3] [INFO] [1789221265.083663156] [GSL]: [DEBUG-WIND] useGroundTruth=false gmrf_req_size=631 gaden_req_size=-1
[gsl_actionserver_node-3] [INFO] [1789221265.083669561] [GSL]: [DEBUG-WIND] Taking GMRF path
[gsl_actionserver_node-3] [INFO] [1789221265.088694087] [GSL - Trace]: [32mEntering StopAndMeasure[0m
[gmrf_wind_mapping_node-2] --> MAP did not converge after 1 iterations.
[gmrf_wind_mapping_node-2] [GMRF] MAP Mean value estimated in 10.0744 milliseconds
[gmrf_wind_mapping_node-2] --> MAP did not converge after 1 iterations.
[gmrf_wind_mapping_node-2] [GMRF] MAP Mean value estimated in 10.0731 milliseconds
[gmrf_wind_mapping_node-2] --> MAP did not converge after 1 iterations.
[gmrf_wind_mapping_node-2] [GMRF] MAP Mean value estimated in 10.0713 milliseconds
[gmrf_wind_mapping_node-2] --> MAP did not converge after 1 iterations.
[gmrf_wind_mapping_node-2] [GMRF] MAP Mean value estimated in 10.0707 milliseconds
[gmrf_wind_mapping_node-2] --> MAP did not converge after 1 iterations.
[gmrf_wind_mapping_node-2] [GMRF] MAP Mean value estimated in 10.0688 milliseconds
[gmrf_wind_mapping_node-2] --> MAP did not converge after 1 iterations.
[gmrf_wind_mapping_node-2] [GMRF] MAP Mean value estimated in 10.067 milliseconds
[gmrf_wind_mapping_node-2] --> MAP did not converge after 1 iterations.
[gmrf_wind_mapping_node-2] [GMRF] MAP Mean value estimated in 10.0652 milliseconds
[gmrf_wind_mapping_node-2] --> MAP did not converge after 1 iterations.
[gmrf_wind_mapping_node-2] [GMRF] MAP Mean value estimated in 10.0658 milliseconds
[gmrf_wind_mapping_node-2] --> MAP did not converge after 1 iterations.
[gmrf_wind_mapping_node-2] [GMRF] MAP Mean value estimated in 10.0645 milliseconds
[gmrf_wind_mapping_node-2] --> MAP did not converge after 1 iterations.
[gmrf_wind_mapping_node-2] [GMRF] MAP Mean value estimated in 10.0645 milliseconds
[gmrf_wind_mapping_node-2] --> MAP did not converge after 1 iterations.
[gmrf_wind_mapping_node-2] [GMRF] MAP Mean value estimated in 10.0627 milliseconds
[gmrf_wind_mapping_node-2] --> MAP did not converge after 1 iterations.
[gmrf_wind_mapping_node-2] [GMRF] MAP Mean value estimated in 10.0638 milliseconds
[gmrf_wind_mapping_node-2] --> MAP did not converge after 1 iterations.
[gmrf_wind_mapping_node-2] [GMRF] MAP Mean value estimated in 10.0626 milliseconds
[gmrf_wind_mapping_node-2] --> MAP did not converge after 1 iterations.
[gmrf_wind_mapping_node-2] [GMRF] MAP Mean value estimated in 10.0655 milliseconds
[gmrf_wind_mapping_node-2] --> MAP did not converge after 1 iterations.
[gmrf_wind_mapping_node-2] [GMRF] MAP Mean value estimated in 10.0637 milliseconds
[gmrf_wind_mapping_node-2] --> MAP did not converge after 1 iterations.
[gmrf_wind_mapping_node-2] [GMRF] MAP Mean value estimated in 10.0643 milliseconds
[gmrf_wind_mapping_node-2] --> MAP did not converge after 1 iterations.
[gmrf_wind_mapping_node-2] [GMRF] MAP Mean value estimated in 10.0625 milliseconds
[gmrf_wind_mapping_node-2] --> MAP did not converge after 1 iterations.
[gmrf_wind_mapping_node-2] [GMRF] MAP Mean value estimated in 10.0648 milliseconds
[gmrf_wind_mapping_node-2] --> MAP did not converge after 1 iterations.
[gmrf_wind_mapping_node-2] [GMRF] MAP Mean value estimated in 10.0642 milliseconds
[gmrf_wind_mapping_node-2] --> MAP did not converge after 1 iterations.
[gmrf_wind_mapping_node-2] [GMRF] MAP Mean value estimated in 10.0653 milliseconds
[gsl_actionserver_node-3] [INFO] [1789221267.083221808] [GSL]: 10 gas measurements, 10 wind measurements over 1.99 seconds
[gsl_actionserver_node-3] [INFO] [1789221267.083315427] [GSL]: avg_gas=1.1;  avg_windSpeed=0.052;  avg_wind_dir=-1.4
[gsl_actionserver_node-3] [INFO] [1789221267.083808824] [GSL]: [33mGAS HIT[0m
[gsl_actionserver_node-3] [INFO] [1789221267.083818238] [GSL]: [DEBUG-WIND] useGroundTruth=false gmrf_req_size=631 gaden_req_size=-1
[gsl_actionserver_node-3] [INFO] [1789221267.083824842] [GSL]: [DEBUG-WIND] Taking GMRF path
[gsl_actionserver_node-3] [INFO] [1789221267.088815814] [GSL - Trace]: [32mEntering StopAndMeasure[0m
[gmrf_wind_mapping_node-2] --> MAP did not converge after 1 iterations.
[gmrf_wind_mapping_node-2] [GMRF] MAP Mean value estimated in 10.0635 milliseconds
[gmrf_wind_mapping_node-2] --> MAP did not converge after 1 iterations.
[gmrf_wind_mapping_node-2] [GMRF] MAP Mean value estimated in 10.0658 milliseconds
[gmrf_wind_mapping_node-2] --> MAP did not converge after 1 iterations.
[gmrf_wind_mapping_node-2] [GMRF] MAP Mean value estimated in 10.064 milliseconds
[gmrf_wind_mapping_node-2] --> MAP did not converge after 1 iterations.
[gmrf_wind_mapping_node-2] [GMRF] MAP Mean value estimated in 10.0657 milliseconds
[gmrf_wind_mapping_node-2] --> MAP did not converge after 1 iterations.
[gmrf_wind_mapping_node-2] [GMRF] MAP Mean value estimated in 10.0639 milliseconds
[gmrf_wind_mapping_node-2] --> MAP did not converge after 1 iterations.
[gmrf_wind_mapping_node-2] [GMRF] MAP Mean value estimated in 10.0621 milliseconds
[gmrf_wind_mapping_node-2] --> MAP did not converge after 1 iterations.
[gmrf_wind_mapping_node-2] [GMRF] MAP Mean value estimated in 10.0609 milliseconds
[gmrf_wind_mapping_node-2] --> MAP did not converge after 1 iterations.
[gmrf_wind_mapping_node-2] [GMRF] MAP Mean value estimated in 10.0638 milliseconds
[gmrf_wind_mapping_node-2] --> MAP did not converge after 1 iterations.
[gmrf_wind_mapping_node-2] [GMRF] MAP Mean value estimated in 10.0626 milliseconds
[gmrf_wind_mapping_node-2] --> MAP did not converge after 1 iterations.
[gmrf_wind_mapping_node-2] [GMRF] MAP Mean value estimated in 10.0655 milliseconds
[gmrf_wind_mapping_node-2] --> MAP did not converge after 1 iterations.
[gmrf_wind_mapping_node-2] [GMRF] MAP Mean value estimated in 10.0643 milliseconds
[gmrf_wind_mapping_node-2] --> MAP did not converge after 1 iterations.
[gmrf_wind_mapping_node-2] [GMRF] MAP Mean value estimated in 10.066 milliseconds
[gmrf_wind_mapping_node-2] --> MAP did not converge after 1 iterations.
[gmrf_wind_mapping_node-2] [GMRF] MAP Mean value estimated in 10.0642 milliseconds
[gmrf_wind_mapping_node-2] --> MAP did not converge after 1 iterations.
[gmrf_wind_mapping_node-2] [GMRF] MAP Mean value estimated in 10.0665 milliseconds
[gmrf_wind_mapping_node-2] --> MAP did not converge after 1 iterations.
[gmrf_wind_mapping_node-2] [GMRF] MAP Mean value estimated in 10.0647 milliseconds
[gmrf_wind_mapping_node-2] --> MAP did not converge after 1 iterations.
[gmrf_wind_mapping_node-2] [GMRF] MAP Mean value estimated in 10.0641 milliseconds
[gmrf_wind_mapping_node-2] --> MAP did not converge after 1 iterations.
[gmrf_wind_mapping_node-2] [GMRF] MAP Mean value estimated in 10.0623 milliseconds
[gmrf_wind_mapping_node-2] --> MAP did not converge after 1 iterations.
[gmrf_wind_mapping_node-2] [GMRF] MAP Mean value estimated in 10.064 milliseconds
[gmrf_wind_mapping_node-2] --> MAP did not converge after 1 iterations.
[gmrf_wind_mapping_node-2] [GMRF] MAP Mean value estimated in 10.0622 milliseconds
[gmrf_wind_mapping_node-2] --> MAP did not converge after 1 iterations.
[gmrf_wind_mapping_node-2] [GMRF] MAP Mean value estimated in 10.064 milliseconds
[gmrf_wind_mapping_node-2] --> MAP did not converge after 1 iterations.
[gmrf_wind_mapping_node-2] [GMRF] MAP Mean value estimated in 10.0622 milliseconds
[gsl_actionserver_node-3] [INFO] [1789221269.133136651] [GSL]: 10 gas measurements, 10 wind measurements over 2.04 seconds
[gsl_actionserver_node-3] [INFO] [1789221269.133198724] [GSL]: avg_gas=1.1;  avg_windSpeed=0.079;  avg_wind_dir=-1.6
[gsl_actionserver_node-3] [INFO] [1789221269.133737365] [GSL]: [33mGAS HIT[0m
[gsl_actionserver_node-3] [INFO] [1789221269.133747043] [GSL]: [DEBUG-WIND] useGroundTruth=false gmrf_req_size=631 gaden_req_size=-1
[gsl_actionserver_node-3] [INFO] [1789221269.133753627] [GSL]: [DEBUG-WIND] Taking GMRF path
[gsl_actionserver_node-3] [INFO] [1789221269.189610162] [GSL - Trace]: [32mEntering StopAndMeasure[0m
[gmrf_wind_mapping_node-2] --> MAP did not converge after 1 iterations.
[gmrf_wind_mapping_node-2] [GMRF] MAP Mean value estimated in 10.0645 milliseconds
[gmrf_wind_mapping_node-2] --> MAP did not converge after 1 iterations.
[gmrf_wind_mapping_node-2] [GMRF] MAP Mean value estimated in 10.0627 milliseconds
[gmrf_wind_mapping_node-2] --> MAP did not converge after 1 iterations.
[gmrf_wind_mapping_node-2] [GMRF] MAP Mean value estimated in 10.065 milliseconds
[gmrf_wind_mapping_node-2] --> MAP did not converge after 1 iterations.
[gmrf_wind_mapping_node-2] [GMRF] MAP Mean value estimated in 10.0632 milliseconds
[gmrf_wind_mapping_node-2] --> MAP did not converge after 1 iterations.
[gmrf_wind_mapping_node-2] [GMRF] MAP Mean value estimated in 10.0614 milliseconds
[gmrf_wind_mapping_node-2] --> MAP did not converge after 1 iterations.
[gmrf_wind_mapping_node-2] [GMRF] MAP Mean value estimated in 10.0596 milliseconds
[gmrf_wind_mapping_node-2] --> MAP did not converge after 1 iterations.
[gmrf_wind_mapping_node-2] [GMRF] MAP Mean value estimated in 10.0619 milliseconds
[gmrf_wind_mapping_node-2] --> MAP did not converge after 1 iterations.
[gmrf_wind_mapping_node-2] [GMRF] MAP Mean value estimated in 10.0602 milliseconds
[gmrf_wind_mapping_node-2] --> MAP did not converge after 1 iterations.
[gmrf_wind_mapping_node-2] [GMRF] MAP Mean value estimated in 10.0595 milliseconds
[gmrf_wind_mapping_node-2] --> MAP did not converge after 1 iterations.
[gmrf_wind_mapping_node-2] [GMRF] MAP Mean value estimated in 10.0578 milliseconds
[gmrf_wind_mapping_node-2] --> MAP did not converge after 1 iterations.
[gmrf_wind_mapping_node-2] [GMRF] MAP Mean value estimated in 10.0589 milliseconds
[gmrf_wind_mapping_node-2] --> MAP did not converge after 1 iterations.
[gmrf_wind_mapping_node-2] [GMRF] MAP Mean value estimated in 10.0571 milliseconds
[gmrf_wind_mapping_node-2] --> MAP did not converge after 1 iterations.
[gmrf_wind_mapping_node-2] [GMRF] MAP Mean value estimated in 10.0606 milliseconds
[gmrf_wind_mapping_node-2] --> MAP did not converge after 1 iterations.
[gmrf_wind_mapping_node-2] [GMRF] MAP Mean value estimated in 10.0588 milliseconds
[gmrf_wind_mapping_node-2] --> MAP did not converge after 1 iterations.
[gmrf_wind_mapping_node-2] [GMRF] MAP Mean value estimated in 10.057 milliseconds
[gmrf_wind_mapping_node-2] --> MAP did not converge after 1 iterations.
[gmrf_wind_mapping_node-2] [GMRF] MAP Mean value estimated in 10.0558 milliseconds
[gmrf_wind_mapping_node-2] --> MAP did not converge after 1 iterations.
[gmrf_wind_mapping_node-2] [GMRF] MAP Mean value estimated in 10.0593 milliseconds
[gmrf_wind_mapping_node-2] --> MAP did not converge after 1 iterations.
[gmrf_wind_mapping_node-2] [GMRF] MAP Mean value estimated in 10.0581 milliseconds
[gmrf_wind_mapping_node-2] --> MAP did not converge after 1 iterations.
[gmrf_wind_mapping_node-2] [GMRF] MAP Mean value estimated in 10.0563 milliseconds
[gsl_actionserver_node-3] [INFO] [1789221271.083187881] [GSL]: 10 gas measurements, 10 wind measurements over 1.89 seconds
[gsl_actionserver_node-3] [INFO] [1789221271.083283092] [GSL]: avg_gas=1.2;  avg_windSpeed=0.052;  avg_wind_dir=-1.4
[gsl_actionserver_node-3] [INFO] [1789221271.083788827] [GSL]: [33mGAS HIT[0m
[gsl_actionserver_node-3] [INFO] [1789221271.083797968] [GSL]: [DEBUG-WIND] useGroundTruth=false gmrf_req_size=631 gaden_req_size=-1
[gsl_actionserver_node-3] [INFO] [1789221271.083804699] [GSL]: [DEBUG-WIND] Taking GMRF path
[gsl_actionserver_node-3] [INFO] [1789221271.089058444] [GSL - Trace]: [32mEntering StopAndMeasure[0m
[gmrf_wind_mapping_node-2] --> MAP did not converge after 1 iterations.
[gmrf_wind_mapping_node-2] [GMRF] MAP Mean value estimated in 10.0546 milliseconds
[gmrf_wind_mapping_node-2] --> MAP did not converge after 1 iterations.
[gmrf_wind_mapping_node-2] [GMRF] MAP Mean value estimated in 10.0528 milliseconds
[gmrf_wind_mapping_node-2] --> MAP did not converge after 1 iterations.
[gmrf_wind_mapping_node-2] [GMRF] MAP Mean value estimated in 10.0505 milliseconds
[gmrf_wind_mapping_node-2] --> MAP did not converge after 1 iterations.
[gmrf_wind_mapping_node-2] [GMRF] MAP Mean value estimated in 10.0493 milliseconds
[gmrf_wind_mapping_node-2] --> MAP did not converge after 1 iterations.
[gmrf_wind_mapping_node-2] [GMRF] MAP Mean value estimated in 10.0476 milliseconds
[gmrf_wind_mapping_node-2] --> MAP did not converge after 1 iterations.
[gmrf_wind_mapping_node-2] [GMRF] MAP Mean value estimated in 10.047 milliseconds
[gmrf_wind_mapping_node-2] --> MAP did not converge after 1 iterations.
[gmrf_wind_mapping_node-2] [GMRF] MAP Mean value estimated in 10.0452 milliseconds
[gmrf_wind_mapping_node-2] --> MAP did not converge after 1 iterations.
[gmrf_wind_mapping_node-2] [GMRF] MAP Mean value estimated in 10.0452 milliseconds
[gmrf_wind_mapping_node-2] --> MAP did not converge after 1 iterations.
[gmrf_wind_mapping_node-2] [GMRF] MAP Mean value estimated in 10.0435 milliseconds
[gmrf_wind_mapping_node-2] --> MAP did not converge after 1 iterations.
[gmrf_wind_mapping_node-2] [GMRF] MAP Mean value estimated in 10.0417 milliseconds
[gmrf_wind_mapping_node-2] --> MAP did not converge after 1 iterations.
[gmrf_wind_mapping_node-2] [GMRF] MAP Mean value estimated in 10.0405 milliseconds
[gmrf_wind_mapping_node-2] --> MAP did not converge after 1 iterations.
[gmrf_wind_mapping_node-2] [GMRF] MAP Mean value estimated in 10.0422 milliseconds
[gmrf_wind_mapping_node-2] --> MAP did not converge after 1 iterations.
[gmrf_wind_mapping_node-2] [GMRF] MAP Mean value estimated in 10.0399 milliseconds
[gmrf_wind_mapping_node-2] --> MAP did not converge after 1 iterations.
[gmrf_wind_mapping_node-2] [GMRF] MAP Mean value estimated in 10.0416 milliseconds
[gmrf_wind_mapping_node-2] --> MAP did not converge after 1 iterations.
[gmrf_wind_mapping_node-2] [GMRF] MAP Mean value estimated in 10.0405 milliseconds
[gmrf_wind_mapping_node-2] --> MAP did not converge after 1 iterations.
[gmrf_wind_mapping_node-2] [GMRF] MAP Mean value estimated in 10.0387 milliseconds
[gmrf_wind_mapping_node-2] --> MAP did not converge after 1 iterations.
[gmrf_wind_mapping_node-2] [GMRF] MAP Mean value estimated in 10.037 milliseconds
[gmrf_wind_mapping_node-2] --> MAP did not converge after 1 iterations.
[gmrf_wind_mapping_node-2] [GMRF] MAP Mean value estimated in 10.0398 milliseconds
[gmrf_wind_mapping_node-2] --> MAP did not converge after 1 iterations.
[gmrf_wind_mapping_node-2] [GMRF] MAP Mean value estimated in 10.0381 milliseconds
[gmrf_wind_mapping_node-2] --> MAP did not converge after 1 iterations.
[gmrf_wind_mapping_node-2] [GMRF] MAP Mean value estimated in 10.0409 milliseconds
[gsl_actionserver_node-3] [INFO] [1789221273.083102652] [GSL]: 10 gas measurements, 10 wind measurements over 1.99 seconds
[gsl_actionserver_node-3] [INFO] [1789221273.083168878] [GSL]: avg_gas=1.2;  avg_windSpeed=0.079;  avg_wind_dir=-1.6
[gsl_actionserver_node-3] [INFO] [1789221273.083768302] [GSL]: [33mGAS HIT[0m
[gsl_actionserver_node-3] [INFO] [1789221273.083791046] [GSL]: [DEBUG-WIND] useGroundTruth=false gmrf_req_size=631 gaden_req_size=-1
[gsl_actionserver_node-3] [INFO] [1789221273.083798109] [GSL]: [DEBUG-WIND] Taking GMRF path
[gsl_actionserver_node-3] [INFO] [1789221273.088984526] [GSL - Trace]: [32mEntering StopAndMeasure[0m
[gmrf_wind_mapping_node-2] --> MAP did not converge after 1 iterations.
[gmrf_wind_mapping_node-2] [GMRF] MAP Mean value estimated in 10.0392 milliseconds
[gmrf_wind_mapping_node-2] --> MAP did not converge after 1 iterations.
[gmrf_wind_mapping_node-2] [GMRF] MAP Mean value estimated in 10.0414 milliseconds
[gmrf_wind_mapping_node-2] --> MAP did not converge after 1 iterations.
[gmrf_wind_mapping_node-2] [GMRF] MAP Mean value estimated in 10.0397 milliseconds
[gmrf_wind_mapping_node-2] --> MAP did not converge after 1 iterations.
[gmrf_wind_mapping_node-2] [GMRF] MAP Mean value estimated in 10.042 milliseconds
[gmrf_wind_mapping_node-2] --> MAP did not converge after 1 iterations.
[gmrf_wind_mapping_node-2] [GMRF] MAP Mean value estimated in 10.0402 milliseconds
[gmrf_wind_mapping_node-2] --> MAP did not converge after 1 iterations.
[gmrf_wind_mapping_node-2] [GMRF] MAP Mean value estimated in 10.0385 milliseconds
[gmrf_wind_mapping_node-2] --> MAP did not converge after 1 iterations.
[gmrf_wind_mapping_node-2] [GMRF] MAP Mean value estimated in 10.0368 milliseconds
[gmrf_wind_mapping_node-2] --> MAP did not converge after 1 iterations.
[gmrf_wind_mapping_node-2] [GMRF] MAP Mean value estimated in 10.0373 milliseconds
[gmrf_wind_mapping_node-2] --> MAP did not converge after 1 iterations.
[gmrf_wind_mapping_node-2] [GMRF] MAP Mean value estimated in 10.0362 milliseconds
[gmrf_wind_mapping_node-2] --> MAP did not converge after 1 iterations.
[gmrf_wind_mapping_node-2] [GMRF] MAP Mean value estimated in 10.0367 milliseconds
[gmrf_wind_mapping_node-2] --> MAP did not converge after 1 iterations.
[gmrf_wind_mapping_node-2] [GMRF] MAP Mean value estimated in 10.035 milliseconds
[gmrf_wind_mapping_node-2] --> MAP did not converge after 1 iterations.
[gmrf_wind_mapping_node-2] [GMRF] MAP Mean value estimated in 10.0344 milliseconds
[gmrf_wind_mapping_node-2] --> MAP did not converge after 1 iterations.
[gmrf_wind_mapping_node-2] [GMRF] MAP Mean value estimated in 10.0327 milliseconds
[gmrf_wind_mapping_node-2] --> MAP did not converge after 1 iterations.
[gmrf_wind_mapping_node-2] [GMRF] MAP Mean value estimated in 10.0344 milliseconds
[gmrf_wind_mapping_node-2] --> MAP did not converge after 1 iterations.
[gmrf_wind_mapping_node-2] [GMRF] MAP Mean value estimated in 10.0338 milliseconds
[gmrf_wind_mapping_node-2] --> MAP did not converge after 1 iterations.
[gmrf_wind_mapping_node-2] [GMRF] MAP Mean value estimated in 10.0321 milliseconds
[gmrf_wind_mapping_node-2] --> MAP did not converge after 1 iterations.
[gmrf_wind_mapping_node-2] [GMRF] MAP Mean value estimated in 10.031 milliseconds
[gmrf_wind_mapping_node-2] --> MAP did not converge after 1 iterations.
[gmrf_wind_mapping_node-2] [GMRF] MAP Mean value estimated in 10.0315 milliseconds
[gmrf_wind_mapping_node-2] --> MAP did not converge after 1 iterations.
[gmrf_wind_mapping_node-2] [GMRF] MAP Mean value estimated in 10.0298 milliseconds
[gmrf_wind_mapping_node-2] --> MAP did not converge after 1 iterations.
[gmrf_wind_mapping_node-2] [GMRF] MAP Mean value estimated in 10.0354 milliseconds
[gsl_actionserver_node-3] [INFO] [1789221275.083089056] [GSL]: 10 gas measurements, 10 wind measurements over 1.99 seconds
[gsl_actionserver_node-3] [INFO] [1789221275.083152039] [GSL]: avg_gas=1.1;  avg_windSpeed=0.052;  avg_wind_dir=-1.4
[gsl_actionserver_node-3] [INFO] [1789221275.083666906] [GSL]: [33mGAS HIT[0m
[gsl_actionserver_node-3] [INFO] [1789221275.083676188] [GSL]: [DEBUG-WIND] useGroundTruth=false gmrf_req_size=631 gaden_req_size=-1
[gsl_actionserver_node-3] [INFO] [1789221275.083682825] [GSL]: [DEBUG-WIND] Taking GMRF path
[gsl_actionserver_node-3] [INFO] [1789221275.088803025] [GSL - Trace]: [32mEntering StopAndMeasure[0m
[gmrf_wind_mapping_node-2] --> MAP did not converge after 1 iterations.
[gmrf_wind_mapping_node-2] [GMRF] MAP Mean value estimated in 10.0337 milliseconds
[gmrf_wind_mapping_node-2] --> MAP did not converge after 1 iterations.
[gmrf_wind_mapping_node-2] [GMRF] MAP Mean value estimated in 10.032 milliseconds
[gmrf_wind_mapping_node-2] --> MAP did not converge after 1 iterations.
[gmrf_wind_mapping_node-2] [GMRF] MAP Mean value estimated in 10.0303 milliseconds
[gmrf_wind_mapping_node-2] --> MAP did not converge after 1 iterations.
[gmrf_wind_mapping_node-2] [GMRF] MAP Mean value estimated in 10.0286 milliseconds
[gmrf_wind_mapping_node-2] --> MAP did not converge after 1 iterations.
[gmrf_wind_mapping_node-2] [GMRF] MAP Mean value estimated in 10.028 milliseconds
[gmrf_wind_mapping_node-2] --> MAP did not converge after 1 iterations.
[gmrf_wind_mapping_node-2] [GMRF] MAP Mean value estimated in 10.0286 milliseconds
[gmrf_wind_mapping_node-2] --> MAP did not converge after 1 iterations.
[gmrf_wind_mapping_node-2] [GMRF] MAP Mean value estimated in 10.0269 milliseconds
[gmrf_wind_mapping_node-2] --> MAP did not converge after 1 iterations.
[gmrf_wind_mapping_node-2] [GMRF] MAP Mean value estimated in 10.0274 milliseconds
[gmrf_wind_mapping_node-2] --> MAP did not converge after 1 iterations.
[gmrf_wind_mapping_node-2] [GMRF] MAP Mean value estimated in 10.0252 milliseconds
[gmrf_wind_mapping_node-2] --> MAP did not converge after 1 iterations.
[gmrf_wind_mapping_node-2] [GMRF] MAP Mean value estimated in 10.0274 milliseconds
[gmrf_wind_mapping_node-2] --> MAP did not converge after 1 iterations.
[gmrf_wind_mapping_node-2] [GMRF] MAP Mean value estimated in 10.0257 milliseconds
[gmrf_wind_mapping_node-2] --> MAP did not converge after 1 iterations.
[gmrf_wind_mapping_node-2] [GMRF] MAP Mean value estimated in 10.0273 milliseconds
[gmrf_wind_mapping_node-2] --> MAP did not converge after 1 iterations.
[gmrf_wind_mapping_node-2] [GMRF] MAP Mean value estimated in 10.0262 milliseconds
[gmrf_wind_mapping_node-2] --> MAP did not converge after 1 iterations.
[gmrf_wind_mapping_node-2] [GMRF] MAP Mean value estimated in 10.0279 milliseconds
[gmrf_wind_mapping_node-2] --> MAP did not converge after 1 iterations.
[gmrf_wind_mapping_node-2] [GMRF] MAP Mean value estimated in 10.0262 milliseconds
[gmrf_wind_mapping_node-2] --> MAP did not converge after 1 iterations.
[gmrf_wind_mapping_node-2] [GMRF] MAP Mean value estimated in 10.0262 milliseconds
[gmrf_wind_mapping_node-2] --> MAP did not converge after 1 iterations.
[gmrf_wind_mapping_node-2] [GMRF] MAP Mean value estimated in 10.0239 milliseconds
[gmrf_wind_mapping_node-2] --> MAP did not converge after 1 iterations.
[gmrf_wind_mapping_node-2] [GMRF] MAP Mean value estimated in 10.0256 milliseconds
[gmrf_wind_mapping_node-2] --> MAP did not converge after 1 iterations.
[gmrf_wind_mapping_node-2] [GMRF] MAP Mean value estimated in 10.0233 milliseconds
[gmrf_wind_mapping_node-2] --> MAP did not converge after 1 iterations.
[gmrf_wind_mapping_node-2] [GMRF] MAP Mean value estimated in 10.0239 milliseconds
[gsl_actionserver_node-3] [INFO] [1789221277.083137571] [GSL]: 10 gas measurements, 10 wind measurements over 1.99 seconds
[gsl_actionserver_node-3] [INFO] [1789221277.083203376] [GSL]: avg_gas=1.1;  avg_windSpeed=0.079;  avg_wind_dir=-1.6
[gsl_actionserver_node-3] [INFO] [1789221277.084175753] [GSL]: [33mGAS HIT[0m
[gsl_actionserver_node-3] [INFO] [1789221277.084203817] [GSL]: [DEBUG-WIND] useGroundTruth=false gmrf_req_size=631 gaden_req_size=-1
[gsl_actionserver_node-3] [INFO] [1789221277.084211558] [GSL]: [DEBUG-WIND] Taking GMRF path
[gsl_actionserver_node-3] [INFO] [1789221277.088896102] [GSL - Trace]: [32mEntering StopAndMeasure[0m
[gmrf_wind_mapping_node-2] --> MAP did not converge after 1 iterations.
[gmrf_wind_mapping_node-2] [GMRF] MAP Mean value estimated in 10.0222 milliseconds
[gmrf_wind_mapping_node-2] --> MAP did not converge after 1 iterations.
[gmrf_wind_mapping_node-2] [GMRF] MAP Mean value estimated in 10.0233 milliseconds
[gmrf_wind_mapping_node-2] --> MAP did not converge after 1 iterations.
[gmrf_wind_mapping_node-2] [GMRF] MAP Mean value estimated in 10.0216 milliseconds
[gmrf_wind_mapping_node-2] --> MAP did not converge after 1 iterations.
[gmrf_wind_mapping_node-2] [GMRF] MAP Mean value estimated in 10.0244 milliseconds
[gmrf_wind_mapping_node-2] --> MAP did not converge after 1 iterations.
[gmrf_wind_mapping_node-2] [GMRF] MAP Mean value estimated in 10.026 milliseconds
[gmrf_wind_mapping_node-2] --> MAP did not converge after 1 iterations.
[gmrf_wind_mapping_node-2] [GMRF] MAP Mean value estimated in 10.0255 milliseconds
[gmrf_wind_mapping_node-2] --> MAP did not converge after 1 iterations.
[gmrf_wind_mapping_node-2] [GMRF] MAP Mean value estimated in 10.0238 milliseconds
[gmrf_wind_mapping_node-2] --> MAP did not converge after 1 iterations.
[gmrf_wind_mapping_node-2] [GMRF] MAP Mean value estimated in 10.0243 milliseconds
[gmrf_wind_mapping_node-2] --> MAP did not converge after 1 iterations.
[gmrf_wind_mapping_node-2] [GMRF] MAP Mean value estimated in 10.0238 milliseconds
[gmrf_wind_mapping_node-2] --> MAP did not converge after 1 iterations.
[gmrf_wind_mapping_node-2] [GMRF] MAP Mean value estimated in 10.0254 milliseconds
[gmrf_wind_mapping_node-2] --> MAP did not converge after 1 iterations.
[gmrf_wind_mapping_node-2] [GMRF] MAP Mean value estimated in 10.0243 milliseconds
[gmrf_wind_mapping_node-2] --> MAP did not converge after 1 iterations.
[gmrf_wind_mapping_node-2] [GMRF] MAP Mean value estimated in 10.0276 milliseconds
[gmrf_wind_mapping_node-2] --> MAP did not converge after 1 iterations.
[gmrf_wind_mapping_node-2] [GMRF] MAP Mean value estimated in 10.0265 milliseconds
[gmrf_wind_mapping_node-2] --> MAP did not converge after 1 iterations.
[gmrf_wind_mapping_node-2] [GMRF] MAP Mean value estimated in 10.0248 milliseconds
[gmrf_wind_mapping_node-2] --> MAP did not converge after 1 iterations.
[gmrf_wind_mapping_node-2] [GMRF] MAP Mean value estimated in 10.0242 milliseconds
[gmrf_wind_mapping_node-2] --> MAP did not converge after 1 iterations.
[gmrf_wind_mapping_node-2] [GMRF] MAP Mean value estimated in 10.0226 milliseconds
[gmrf_wind_mapping_node-2] --> MAP did not converge after 1 iterations.
[gmrf_wind_mapping_node-2] [GMRF] MAP Mean value estimated in 10.0209 milliseconds
[gmrf_wind_mapping_node-2] --> MAP did not converge after 1 iterations.
[gmrf_wind_mapping_node-2] [GMRF] MAP Mean value estimated in 10.022 milliseconds
[gmrf_wind_mapping_node-2] --> MAP did not converge after 1 iterations.
[gmrf_wind_mapping_node-2] [GMRF] MAP Mean value estimated in 10.0203 milliseconds
[gmrf_wind_mapping_node-2] --> MAP did not converge after 1 iterations.
[gmrf_wind_mapping_node-2] [GMRF] MAP Mean value estimated in 10.0225 milliseconds
[gsl_actionserver_node-3] [INFO] [1789221279.083148852] [GSL]: 10 gas measurements, 10 wind measurements over 1.99 seconds
[gsl_actionserver_node-3] [INFO] [1789221279.083569060] [GSL]: avg_gas=1.1;  avg_windSpeed=0.052;  avg_wind_dir=-1.4
[gsl_actionserver_node-3] [INFO] [1789221279.084116004] [GSL]: [33mGAS HIT[0m
[gsl_actionserver_node-3] [INFO] [1789221279.084125394] [GSL]: [DEBUG-WIND] useGroundTruth=false gmrf_req_size=631 gaden_req_size=-1
[gsl_actionserver_node-3] [INFO] [1789221279.084132350] [GSL]: [DEBUG-WIND] Taking GMRF path
[gsl_actionserver_node-3] [INFO] [1789221279.088729827] [GSL]: [33mStarted simulations. Might take a while![0m
[gmrf_wind_mapping_node-2] --> MAP did not converge after 1 iterations.
[gmrf_wind_mapping_node-2] [GMRF] MAP Mean value estimated in 10.0247 milliseconds
[gsl_actionserver_node-3] [INFO] [1789221279.189784354] [GSL]: CER contrastive context initialized: events=80, candidates=62, transport_members=1, fixed_ratio_weight=1, context_within_member=true, centered_log_odds=false, transport_pool=arithmetic_mixture
[gmrf_wind_mapping_node-2] --> MAP did not converge after 1 iterations.
[gmrf_wind_mapping_node-2] [GMRF] MAP Mean value estimated in 10.0269 milliseconds
[gmrf_wind_mapping_node-2] --> MAP did not converge after 1 iterations.
[gmrf_wind_mapping_node-2] [GMRF] MAP Mean value estimated in 10.0247 milliseconds
[gsl_actionserver_node-3] [INFO] [1789221279.345139447] [GSL - Trace]: [32mFirst simulation level done[0m
[gsl_actionserver_node-3] [INFO] [1789221279.345199382] [GSL]: [RC2-DIAG] scores_size=62 refineFraction=0.25 refine_product=15.5 valid_first_level=62 sum_sourceProbInternal_before_norm=2.6021991370421236 min_sourceProbInternal_before_norm=0 max_sourceProbInternal_before_norm=0.10870602222203579 finite_sourceProbInternal=1053 finite_varianceOfHitProb=1053
[gmrf_wind_mapping_node-2] --> MAP did not converge after 1 iterations.
[gmrf_wind_mapping_node-2] [GMRF] MAP Mean value estimated in 10.0274 milliseconds
[gsl_actionserver_node-3] [INFO] [1789221279.453674434] [GSL - Trace]: [32mSimulation level 2 done[0m
[gmrf_wind_mapping_node-2] --> MAP did not converge after 1 iterations.
[gmrf_wind_mapping_node-2] [GMRF] MAP Mean value estimated in 10.0312 milliseconds
[gsl_actionserver_node-3] [INFO] [1789221279.530827444] [GSL - Trace]: [32mSimulation level 3 done[0m
[gsl_actionserver_node-3] [INFO] [1789221279.552785982] [GSL - Trace]: [32mSimulation level 4 done[0m
[gsl_actionserver_node-3] [INFO] [1789221279.553219179] [GSL - Trace]: [32mSimulation level 5 done[0m
[gsl_actionserver_node-3] [INFO] [1789221279.553231619] [GSL]: Number of levels in the simulation: 5
[gsl_actionserver_node-3] [INFO] [1789221279.553252808] [GSL]: Total number of simulations: 164
[gsl_actionserver_node-3] [INFO] [1789221279.553409462] [GSL]: [RC2-DIAG] normalized_finite_count=1053 normalized_sum=1
[gsl_actionserver_node-3] [INFO] [1789221279.553418749] [GSL]: Time ellapsed in simulation = 0.464650879 s
[gsl_actionserver_node-3] [INFO] [1789221279.567704286] [GSL]: Max mutual info: 2.640
[gsl_actionserver_node-3] [INFO] [1789221279.567847539] [GSL]: MutualInformation - Ellapsed: 0.003s
[vgr_sim_node-1] [WARN] [1789221279.573317495] [vgr_uav_sim]: PLAN_CB: called with goal=(-4.04,-2.20)
[vgr_sim_node-1] [WARN] [1789221279.577462827] [vgr_uav_sim]: PLAN_CB: returning 9 poses
[vgr_sim_node-1] [WARN] [1789221279.584666017] [vgr_uav_sim]: PLAN_CB: called with goal=(-4.04,-2.20)
[vgr_sim_node-1] [WARN] [1789221279.586665177] [vgr_uav_sim]: PLAN_CB: returning 9 poses
[gsl_actionserver_node-3] [INFO] [1789221279.595734825] [GSL]: Sending goal (-4.04, -2.20)
[gsl_actionserver_node-3] [INFO] [1789221279.596268628] [GSL]: Variance: 0.27
[gsl_actionserver_node-3] [INFO] [1789221279.596294341] [GSL - Trace]: [32mEntering Moving[0m
[gmrf_wind_mapping_node-2] --> MAP did not converge after 1 iterations.
[gmrf_wind_mapping_node-2] [GMRF] MAP Mean value estimated in 10.0301 milliseconds
[vgr_sim_node-1] [INFO] [1789221279.598634732] [vgr_uav_sim]: Prepared 9 collision-free navigation waypoints to (-4.04, -2.20)
[vgr_sim_node-1] [INFO] [1789221279.599801612] [vgr_uav_sim]: UAV navigating in audited 2-D mode to (-4.04, -2.20, 0.30)
[gmrf_wind_mapping_node-2] --> MAP did not converge after 1 iterations.
[gmrf_wind_mapping_node-2] [GMRF] MAP Mean value estimated in 10.029 milliseconds
[gmrf_wind_mapping_node-2] --> MAP did not converge after 1 iterations.
[gmrf_wind_mapping_node-2] [GMRF] MAP Mean value estimated in 10.0323 milliseconds
[gmrf_wind_mapping_node-2] --> MAP did not converge after 1 iterations.
[gmrf_wind_mapping_node-2] [GMRF] MAP Mean value estimated in 10.0312 milliseconds
[gmrf_wind_mapping_node-2] --> MAP did not converge after 1 iterations.
[gmrf_wind_mapping_node-2] [GMRF] MAP Mean value estimated in 10.0328 milliseconds
[gmrf_wind_mapping_node-2] --> MAP did not converge after 1 iterations.
[gmrf_wind_mapping_node-2] [GMRF] MAP Mean value estimated in 10.0311 milliseconds
[gmrf_wind_mapping_node-2] --> MAP did not converge after 1 iterations.
[gmrf_wind_mapping_node-2] [GMRF] MAP Mean value estimated in 10.0328 milliseconds
[gmrf_wind_mapping_node-2] --> MAP did not converge after 1 iterations.
[gmrf_wind_mapping_node-2] [GMRF] MAP Mean value estimated in 10.0311 milliseconds
[gmrf_wind_mapping_node-2] --> MAP did not converge after 1 iterations.
[gmrf_wind_mapping_node-2] [GMRF] MAP Mean value estimated in 10.0338 milliseconds
[gmrf_wind_mapping_node-2] --> MAP did not converge after 1 iterations.
[gmrf_wind_mapping_node-2] [GMRF] MAP Mean value estimated in 10.0322 milliseconds
[gmrf_wind_mapping_node-2] --> MAP did not converge after 1 iterations.
[gmrf_wind_mapping_node-2] [GMRF] MAP Mean value estimated in 10.0305 milliseconds
[gmrf_wind_mapping_node-2] --> MAP did not converge after 1 iterations.
[gmrf_wind_mapping_node-2] [GMRF] MAP Mean value estimated in 10.0289 milliseconds
[gmrf_wind_mapping_node-2] --> MAP did not converge after 1 iterations.
[gmrf_wind_mapping_node-2] [GMRF] MAP Mean value estimated in 10.031 milliseconds
[gmrf_wind_mapping_node-2] --> MAP did not converge after 1 iterations.
[gmrf_wind_mapping_node-2] [GMRF] MAP Mean value estimated in 10.0294 milliseconds
[gmrf_wind_mapping_node-2] --> MAP did not converge after 1 iterations.
[gmrf_wind_mapping_node-2] [GMRF] MAP Mean value estimated in 10.0332 milliseconds
[gmrf_wind_mapping_node-2] --> MAP did not converge after 1 iterations.
[gmrf_wind_mapping_node-2] [GMRF] MAP Mean value estimated in 10.032 milliseconds
[gmrf_wind_mapping_node-2] --> MAP did not converge after 1 iterations.
[gmrf_wind_mapping_node-2] [GMRF] MAP Mean value estimated in 10.0309 milliseconds
[gmrf_wind_mapping_node-2] --> MAP did not converge after 1 iterations.
[gmrf_wind_mapping_node-2] [GMRF] MAP Mean value estimated in 10.0293 milliseconds
[gsl_actionserver_node-3] [INFO] [1789221281.329194974] [GSL - Trace]: [32mEntering StopAndMeasure[0m
[gmrf_wind_mapping_node-2] --> MAP did not converge after 1 iterations.
[gmrf_wind_mapping_node-2] [GMRF] MAP Mean value estimated in 10.032 milliseconds
[gmrf_wind_mapping_node-2] --> MAP did not converge after 1 iterations.
[gmrf_wind_mapping_node-2] [GMRF] MAP Mean value estimated in 10.0304 milliseconds
[gmrf_wind_mapping_node-2] --> MAP did not converge after 1 iterations.
[gmrf_wind_mapping_node-2] [GMRF] MAP Mean value estimated in 10.0287 milliseconds
[gmrf_wind_mapping_node-2] --> MAP did not converge after 1 iterations.
[gmrf_wind_mapping_node-2] [GMRF] MAP Mean value estimated in 10.0271 milliseconds
[gmrf_wind_mapping_node-2] --> MAP did not converge after 1 iterations.
[gmrf_wind_mapping_node-2] [GMRF] MAP Mean value estimated in 10.0271 milliseconds
[gmrf_wind_mapping_node-2] --> MAP did not converge after 1 iterations.
[gmrf_wind_mapping_node-2] [GMRF] MAP Mean value estimated in 10.0249 milliseconds
[gmrf_wind_mapping_node-2] --> MAP did not converge after 1 iterations.
[gmrf_wind_mapping_node-2] [GMRF] MAP Mean value estimated in 10.0281 milliseconds
[gmrf_wind_mapping_node-2] --> MAP did not converge after 1 iterations.
[gmrf_wind_mapping_node-2] [GMRF] MAP Mean value estimated in 10.0265 milliseconds
[gmrf_wind_mapping_node-2] --> MAP did not converge after 1 iterations.
[gmrf_wind_mapping_node-2] [GMRF] MAP Mean value estimated in 10.0292 milliseconds
[gmrf_wind_mapping_node-2] --> MAP did not converge after 1 iterations.
[gmrf_wind_mapping_node-2] [GMRF] MAP Mean value estimated in 10.0291 milliseconds
[gmrf_wind_mapping_node-2] --> MAP did not converge after 1 iterations.
[gmrf_wind_mapping_node-2] [GMRF] MAP Mean value estimated in 10.0286 milliseconds
[gmrf_wind_mapping_node-2] --> MAP did not converge after 1 iterations.
[gmrf_wind_mapping_node-2] [GMRF] MAP Mean value estimated in 10.0302 milliseconds
[gmrf_wind_mapping_node-2] --> MAP did not converge after 1 iterations.
[gmrf_wind_mapping_node-2] [GMRF] MAP Mean value estimated in 10.0291 milliseconds
[gmrf_wind_mapping_node-2] --> MAP did not converge after 1 iterations.
[gmrf_wind_mapping_node-2] [GMRF] MAP Mean value estimated in 10.0302 milliseconds
[gmrf_wind_mapping_node-2] --> MAP did not converge after 1 iterations.
[gmrf_wind_mapping_node-2] [GMRF] MAP Mean value estimated in 10.0291 milliseconds
[gmrf_wind_mapping_node-2] --> MAP did not converge after 1 iterations.
[gmrf_wind_mapping_node-2] [GMRF] MAP Mean value estimated in 10.028 milliseconds
[gmrf_wind_mapping_node-2] --> MAP did not converge after 1 iterations.
[gmrf_wind_mapping_node-2] [GMRF] MAP Mean value estimated in 10.0263 milliseconds
[gmrf_wind_mapping_node-2] --> MAP did not converge after 1 iterations.
[gmrf_wind_mapping_node-2] [GMRF] MAP Mean value estimated in 10.0279 milliseconds
[gsl_actionserver_node-3] [INFO] [1789221283.874517360] [GSL]: 10 gas measurements, 10 wind measurements over 2.55 seconds
[gsl_actionserver_node-3] [INFO] [1789221283.874600350] [GSL]: avg_gas=0.96;  avg_windSpeed=0.025;  avg_wind_dir=3
[gsl_actionserver_node-3] [INFO] [1789221283.875548820] [GSL]: [33mGAS HIT[0m
[gsl_actionserver_node-3] [INFO] [1789221283.875563436] [GSL]: [DEBUG-WIND] useGroundTruth=false gmrf_req_size=631 gaden_req_size=-1
[gsl_actionserver_node-3] [INFO] [1789221283.875574253] [GSL]: [DEBUG-WIND] Taking GMRF path
[gsl_actionserver_node-3] [INFO] [1789221283.920293746] [GSL - Trace]: [32mEntering StopAndMeasure[0m
[gmrf_wind_mapping_node-2] --> MAP did not converge after 1 iterations.
[gmrf_wind_mapping_node-2] [GMRF] MAP Mean value estimated in 10.0285 milliseconds
[gmrf_wind_mapping_node-2] --> MAP did not converge after 1 iterations.
[gmrf_wind_mapping_node-2] [GMRF] MAP Mean value estimated in 10.0301 milliseconds
[gmrf_wind_mapping_node-2] --> MAP did not converge after 1 iterations.
[gmrf_wind_mapping_node-2] [GMRF] MAP Mean value estimated in 10.0306 milliseconds
[gmrf_wind_mapping_node-2] --> MAP did not converge after 1 iterations.
[gmrf_wind_mapping_node-2] [GMRF] MAP Mean value estimated in 10.0338 milliseconds
[gmrf_wind_mapping_node-2] --> MAP did not converge after 1 iterations.
[gmrf_wind_mapping_node-2] [GMRF] MAP Mean value estimated in 10.0322 milliseconds
[gmrf_wind_mapping_node-2] --> MAP did not converge after 1 iterations.
[gmrf_wind_mapping_node-2] [GMRF] MAP Mean value estimated in 10.0327 milliseconds
[gmrf_wind_mapping_node-2] --> MAP did not converge after 1 iterations.
[gmrf_wind_mapping_node-2] [GMRF] MAP Mean value estimated in 10.031 milliseconds
[gmrf_wind_mapping_node-2] --> MAP did not converge after 1 iterations.
[gmrf_wind_mapping_node-2] [GMRF] MAP Mean value estimated in 10.0337 milliseconds
[gmrf_wind_mapping_node-2] --> MAP did not converge after 1 iterations.
[gmrf_wind_mapping_node-2] [GMRF] MAP Mean value estimated in 10.0337 milliseconds
[gmrf_wind_mapping_node-2] --> MAP did not converge after 1 iterations.
[gmrf_wind_mapping_node-2] [GMRF] MAP Mean value estimated in 10.0353 milliseconds
[gmrf_wind_mapping_node-2] --> MAP did not converge after 1 iterations.
[gmrf_wind_mapping_node-2] [GMRF] MAP Mean value estimated in 10.0369 milliseconds
[gmrf_wind_mapping_node-2] --> MAP did not converge after 1 iterations.
[gmrf_wind_mapping_node-2] [GMRF] MAP Mean value estimated in 10.0352 milliseconds
[gmrf_wind_mapping_node-2] --> MAP did not converge after 1 iterations.
[gmrf_wind_mapping_node-2] [GMRF] MAP Mean value estimated in 10.0368 milliseconds
[gmrf_wind_mapping_node-2] --> MAP did not converge after 1 iterations.
[gmrf_wind_mapping_node-2] [GMRF] MAP Mean value estimated in 10.0352 milliseconds
[gmrf_wind_mapping_node-2] --> MAP did not converge after 1 iterations.
[gmrf_wind_mapping_node-2] [GMRF] MAP Mean value estimated in 10.0341 milliseconds
[gmrf_wind_mapping_node-2] --> MAP did not converge after 1 iterations.
[gmrf_wind_mapping_node-2] [GMRF] MAP Mean value estimated in 10.0357 milliseconds
[gmrf_wind_mapping_node-2] --> MAP did not converge after 1 iterations.
[gmrf_wind_mapping_node-2] [GMRF] MAP Mean value estimated in 10.0351 milliseconds
[gmrf_wind_mapping_node-2] --> MAP did not converge after 1 iterations.
[gmrf_wind_mapping_node-2] [GMRF] MAP Mean value estimated in 10.0341 milliseconds
[gmrf_wind_mapping_node-2] --> MAP did not converge after 1 iterations.
[gmrf_wind_mapping_node-2] [GMRF] MAP Mean value estimated in 10.033 milliseconds
[gmrf_wind_mapping_node-2] --> MAP did not converge after 1 iterations.
[gmrf_wind_mapping_node-2] [GMRF] MAP Mean value estimated in 10.0351 milliseconds
[gsl_actionserver_node-3] [INFO] [1789221285.910119276] [GSL]: 10 gas measurements, 10 wind measurements over 1.99 seconds
[gsl_actionserver_node-3] [INFO] [1789221285.910272489] [GSL]: avg_gas=0.92;  avg_windSpeed=0.02;  avg_wind_dir=1.1
[gsl_actionserver_node-3] [INFO] [1789221285.911691989] [GSL]: [33mGAS HIT[0m
[gsl_actionserver_node-3] [INFO] [1789221285.911713468] [GSL]: [DEBUG-WIND] useGroundTruth=false gmrf_req_size=631 gaden_req_size=-1
[gsl_actionserver_node-3] [INFO] [1789221285.911727472] [GSL]: [DEBUG-WIND] Taking GMRF path
[gsl_actionserver_node-3] [INFO] [1789221285.922462475] [GSL - Trace]: [32mEntering StopAndMeasure[0m
[gmrf_wind_mapping_node-2] --> MAP did not converge after 1 iterations.
[gmrf_wind_mapping_node-2] [GMRF] MAP Mean value estimated in 10.0361 milliseconds
[gmrf_wind_mapping_node-2] --> MAP did not converge after 1 iterations.
[gmrf_wind_mapping_node-2] [GMRF] MAP Mean value estimated in 10.0388 milliseconds
[gmrf_wind_mapping_node-2] --> MAP did not converge after 1 iterations.
[gmrf_wind_mapping_node-2] [GMRF] MAP Mean value estimated in 10.0366 milliseconds
[gmrf_wind_mapping_node-2] --> MAP did not converge after 1 iterations.
[gmrf_wind_mapping_node-2] [GMRF] MAP Mean value estimated in 10.0382 milliseconds
[gmrf_wind_mapping_node-2] --> MAP did not converge after 1 iterations.
[gmrf_wind_mapping_node-2] [GMRF] MAP Mean value estimated in 10.0366 milliseconds
[gmrf_wind_mapping_node-2] --> MAP did not converge after 1 iterations.
[gmrf_wind_mapping_node-2] [GMRF] MAP Mean value estimated in 10.0376 milliseconds
[gmrf_wind_mapping_node-2] --> MAP did not converge after 1 iterations.
[gmrf_wind_mapping_node-2] [GMRF] MAP Mean value estimated in 10.0381 milliseconds
[gmrf_wind_mapping_node-2] --> MAP did not converge after 1 iterations.
[gmrf_wind_mapping_node-2] [GMRF] MAP Mean value estimated in 10.0371 milliseconds
[gmrf_wind_mapping_node-2] --> MAP did not converge after 1 iterations.
[gmrf_wind_mapping_node-2] [GMRF] MAP Mean value estimated in 10.037 milliseconds
[gmrf_wind_mapping_node-2] --> MAP did not converge after 1 iterations.
[gmrf_wind_mapping_node-2] [GMRF] MAP Mean value estimated in 10.0381 milliseconds
[gmrf_wind_mapping_node-2] --> MAP did not converge after 1 iterations.
[gmrf_wind_mapping_node-2] [GMRF] MAP Mean value estimated in 10.0386 milliseconds
[gmrf_wind_mapping_node-2] --> MAP did not converge after 1 iterations.
[gmrf_wind_mapping_node-2] [GMRF] MAP Mean value estimated in 10.037 milliseconds
[gmrf_wind_mapping_node-2] --> MAP did not converge after 1 iterations.
[gmrf_wind_mapping_node-2] [GMRF] MAP Mean value estimated in 10.037 milliseconds
[gmrf_wind_mapping_node-2] --> MAP did not converge after 1 iterations.
[gmrf_wind_mapping_node-2] [GMRF] MAP Mean value estimated in 10.0354 milliseconds
[gmrf_wind_mapping_node-2] --> MAP did not converge after 1 iterations.
[gmrf_wind_mapping_node-2] [GMRF] MAP Mean value estimated in 10.0338 milliseconds
[gmrf_wind_mapping_node-2] --> MAP did not converge after 1 iterations.
[gmrf_wind_mapping_node-2] [GMRF] MAP Mean value estimated in 10.0358 milliseconds
[gmrf_wind_mapping_node-2] --> MAP did not converge after 1 iterations.
[gmrf_wind_mapping_node-2] [GMRF] MAP Mean value estimated in 10.0342 milliseconds
[gmrf_wind_mapping_node-2] --> MAP did not converge after 1 iterations.
[gmrf_wind_mapping_node-2] [GMRF] MAP Mean value estimated in 10.0358 milliseconds
[gmrf_wind_mapping_node-2] --> MAP did not converge after 1 iterations.
[gmrf_wind_mapping_node-2] [GMRF] MAP Mean value estimated in 10.0368 milliseconds
[gmrf_wind_mapping_node-2] --> MAP did not converge after 1 iterations.
[gmrf_wind_mapping_node-2] [GMRF] MAP Mean value estimated in 10.0384 milliseconds
[gsl_actionserver_node-3] [INFO] [1789221287.909974116] [GSL]: 10 gas measurements, 10 wind measurements over 1.99 seconds
[gsl_actionserver_node-3] [INFO] [1789221287.910047521] [GSL]: avg_gas=0.91;  avg_windSpeed=0.025;  avg_wind_dir=3
[gsl_actionserver_node-3] [INFO] [1789221287.910650487] [GSL]: [33mGAS HIT[0m
[gsl_actionserver_node-3] [INFO] [1789221287.910659779] [GSL]: [DEBUG-WIND] useGroundTruth=false gmrf_req_size=631 gaden_req_size=-1
[gsl_actionserver_node-3] [INFO] [1789221287.910666507] [GSL]: [DEBUG-WIND] Taking GMRF path
[gsl_actionserver_node-3] [INFO] [1789221287.921968138] [GSL - Trace]: [32mEntering StopAndMeasure[0m
[gmrf_wind_mapping_node-2] --> MAP did not converge after 1 iterations.
[gmrf_wind_mapping_node-2] [GMRF] MAP Mean value estimated in 10.0379 milliseconds
[gmrf_wind_mapping_node-2] --> MAP did not converge after 1 iterations.
[gmrf_wind_mapping_node-2] [GMRF] MAP Mean value estimated in 10.0405 milliseconds
[gmrf_wind_mapping_node-2] --> MAP did not converge after 1 iterations.
[gmrf_wind_mapping_node-2] [GMRF] MAP Mean value estimated in 10.0394 milliseconds
[gmrf_wind_mapping_node-2] --> MAP did not converge after 1 iterations.
[gmrf_wind_mapping_node-2] [GMRF] MAP Mean value estimated in 10.0383 milliseconds
[gmrf_wind_mapping_node-2] --> MAP did not converge after 1 iterations.
[gmrf_wind_mapping_node-2] [GMRF] MAP Mean value estimated in 10.0367 milliseconds
[gmrf_wind_mapping_node-2] --> MAP did not converge after 1 iterations.
[gmrf_wind_mapping_node-2] [GMRF] MAP Mean value estimated in 10.0388 milliseconds
[gmrf_wind_mapping_node-2] --> MAP did not converge after 1 iterations.
[gmrf_wind_mapping_node-2] [GMRF] MAP Mean value estimated in 10.0377 milliseconds
[gmrf_wind_mapping_node-2] --> MAP did not converge after 1 iterations.
[gmrf_wind_mapping_node-2] [GMRF] MAP Mean value estimated in 10.0409 milliseconds
[gmrf_wind_mapping_node-2] --> MAP did not converge after 1 iterations.
[gmrf_wind_mapping_node-2] [GMRF] MAP Mean value estimated in 10.0398 milliseconds
[gmrf_wind_mapping_node-2] --> MAP did not converge after 1 iterations.
[gmrf_wind_mapping_node-2] [GMRF] MAP Mean value estimated in 10.0429 milliseconds
[gmrf_wind_mapping_node-2] --> MAP did not converge after 1 iterations.
[gmrf_wind_mapping_node-2] [GMRF] MAP Mean value estimated in 10.0413 milliseconds
[gmrf_wind_mapping_node-2] --> MAP did not converge after 1 iterations.
[gmrf_wind_mapping_node-2] [GMRF] MAP Mean value estimated in 10.0439 milliseconds
[gmrf_wind_mapping_node-2] --> MAP did not converge after 1 iterations.
[gmrf_wind_mapping_node-2] [GMRF] MAP Mean value estimated in 10.0449 milliseconds
[gmrf_wind_mapping_node-2] --> MAP did not converge after 1 iterations.
[gmrf_wind_mapping_node-2] [GMRF] MAP Mean value estimated in 10.0433 milliseconds
[gmrf_wind_mapping_node-2] --> MAP did not converge after 1 iterations.
[gmrf_wind_mapping_node-2] [GMRF] MAP Mean value estimated in 10.0418 milliseconds
[gmrf_wind_mapping_node-2] --> MAP did not converge after 1 iterations.
[gmrf_wind_mapping_node-2] [GMRF] MAP Mean value estimated in 10.0454 milliseconds
[gmrf_wind_mapping_node-2] --> MAP did not converge after 1 iterations.
[gmrf_wind_mapping_node-2] [GMRF] MAP Mean value estimated in 10.0459 milliseconds
[gmrf_wind_mapping_node-2] --> MAP did not converge after 1 iterations.
[gmrf_wind_mapping_node-2] [GMRF] MAP Mean value estimated in 10.049 milliseconds
[gmrf_wind_mapping_node-2] --> MAP did not converge after 1 iterations.
[gmrf_wind_mapping_node-2] [GMRF] MAP Mean value estimated in 10.049 milliseconds
[gmrf_wind_mapping_node-2] --> MAP did not converge after 1 iterations.
[gmrf_wind_mapping_node-2] [GMRF] MAP Mean value estimated in 10.051 milliseconds
[gsl_actionserver_node-3] [INFO] [1789221289.910143822] [GSL]: 10 gas measurements, 10 wind measurements over 1.99 seconds
[gsl_actionserver_node-3] [INFO] [1789221289.910248425] [GSL]: avg_gas=0.92;  avg_windSpeed=0.02;  avg_wind_dir=1.1
[gsl_actionserver_node-3] [INFO] [1789221289.911282571] [GSL]: [33mGAS HIT[0m
[gsl_actionserver_node-3] [INFO] [1789221289.911301423] [GSL]: [DEBUG-WIND] useGroundTruth=false gmrf_req_size=631 gaden_req_size=-1
[gsl_actionserver_node-3] [INFO] [1789221289.911324329] [GSL]: [DEBUG-WIND] Taking GMRF path
[gsl_actionserver_node-3] [INFO] [1789221289.922104273] [GSL - Trace]: [32mEntering StopAndMeasure[0m
[gmrf_wind_mapping_node-2] --> MAP did not converge after 1 iterations.
[gmrf_wind_mapping_node-2] [GMRF] MAP Mean value estimated in 10.0505 milliseconds
[gmrf_wind_mapping_node-2] --> MAP did not converge after 1 iterations.
[gmrf_wind_mapping_node-2] [GMRF] MAP Mean value estimated in 10.0515 milliseconds
[gmrf_wind_mapping_node-2] --> MAP did not converge after 1 iterations.
[gmrf_wind_mapping_node-2] [GMRF] MAP Mean value estimated in 10.0504 milliseconds
[gmrf_wind_mapping_node-2] --> MAP did not converge after 1 iterations.
[gmrf_wind_mapping_node-2] [GMRF] MAP Mean value estimated in 10.0514 milliseconds
[gmrf_wind_mapping_node-2] --> MAP did not converge after 1 iterations.
[gmrf_wind_mapping_node-2] [GMRF] MAP Mean value estimated in 10.0498 milliseconds
[gmrf_wind_mapping_node-2] --> MAP did not converge after 1 iterations.
[gmrf_wind_mapping_node-2] [GMRF] MAP Mean value estimated in 10.0514 milliseconds
[gmrf_wind_mapping_node-2] --> MAP did not converge after 1 iterations.
[gmrf_wind_mapping_node-2] [GMRF] MAP Mean value estimated in 10.0519 milliseconds
[gmrf_wind_mapping_node-2] --> MAP did not converge after 1 iterations.
[gmrf_wind_mapping_node-2] [GMRF] MAP Mean value estimated in 10.0518 milliseconds
[gmrf_wind_mapping_node-2] --> MAP did not converge after 1 iterations.
[gmrf_wind_mapping_node-2] [GMRF] MAP Mean value estimated in 10.0528 milliseconds
[gmrf_wind_mapping_node-2] --> MAP did not converge after 1 iterations.
[gmrf_wind_mapping_node-2] [GMRF] MAP Mean value estimated in 10.0518 milliseconds
[gmrf_wind_mapping_node-2] --> MAP did not converge after 1 iterations.
[gmrf_wind_mapping_node-2] [GMRF] MAP Mean value estimated in 10.0518 milliseconds
[gmrf_wind_mapping_node-2] --> MAP did not converge after 1 iterations.
[gmrf_wind_mapping_node-2] [GMRF] MAP Mean value estimated in 10.0523 milliseconds
[gmrf_wind_mapping_node-2] --> MAP did not converge after 1 iterations.
[gmrf_wind_mapping_node-2] [GMRF] MAP Mean value estimated in 10.0512 milliseconds
[gmrf_wind_mapping_node-2] --> MAP did not converge after 1 iterations.
[gmrf_wind_mapping_node-2] [GMRF] MAP Mean value estimated in 10.0512 milliseconds
[gmrf_wind_mapping_node-2] --> MAP did not converge after 1 iterations.
[gmrf_wind_mapping_node-2] [GMRF] MAP Mean value estimated in 10.0496 milliseconds
[gmrf_wind_mapping_node-2] --> MAP did not converge after 1 iterations.
[gmrf_wind_mapping_node-2] [GMRF] MAP Mean value estimated in 10.0527 milliseconds
[gmrf_wind_mapping_node-2] --> MAP did not converge after 1 iterations.
[gmrf_wind_mapping_node-2] [GMRF] MAP Mean value estimated in 10.0547 milliseconds
[gmrf_wind_mapping_node-2] --> MAP did not converge after 1 iterations.
[gmrf_wind_mapping_node-2] [GMRF] MAP Mean value estimated in 10.0547 milliseconds
[gmrf_wind_mapping_node-2] --> MAP did not converge after 1 iterations.
[gmrf_wind_mapping_node-2] [GMRF] MAP Mean value estimated in 10.0536 milliseconds
[gmrf_wind_mapping_node-2] --> MAP did not converge after 1 iterations.
[gmrf_wind_mapping_node-2] [GMRF] MAP Mean value estimated in 10.0515 milliseconds
[gsl_actionserver_node-3] [INFO] [1789221291.859798380] [GSL]: 10 gas measurements, 10 wind measurements over 1.94 seconds
[gsl_actionserver_node-3] [INFO] [1789221291.859853629] [GSL]: avg_gas=0.94;  avg_windSpeed=0.025;  avg_wind_dir=3
[gsl_actionserver_node-3] [INFO] [1789221291.860438684] [GSL]: [33mGAS HIT[0m
[gsl_actionserver_node-3] [INFO] [1789221291.860448887] [GSL]: [DEBUG-WIND] useGroundTruth=false gmrf_req_size=631 gaden_req_size=-1
[gsl_actionserver_node-3] [INFO] [1789221291.860455393] [GSL]: [DEBUG-WIND] Taking GMRF path
[gsl_actionserver_node-3] [INFO] [1789221291.922536674] [GSL - Trace]: [32mEntering StopAndMeasure[0m
[gmrf_wind_mapping_node-2] --> MAP did not converge after 1 iterations.
[gmrf_wind_mapping_node-2] [GMRF] MAP Mean value estimated in 10.052 milliseconds
[gmrf_wind_mapping_node-2] --> MAP did not converge after 1 iterations.
[gmrf_wind_mapping_node-2] [GMRF] MAP Mean value estimated in 10.054 milliseconds
[gmrf_wind_mapping_node-2] --> MAP did not converge after 1 iterations.
[gmrf_wind_mapping_node-2] [GMRF] MAP Mean value estimated in 10.054 milliseconds
[gmrf_wind_mapping_node-2] --> MAP did not converge after 1 iterations.
[gmrf_wind_mapping_node-2] [GMRF] MAP Mean value estimated in 10.055 milliseconds
[gmrf_wind_mapping_node-2] --> MAP did not converge after 1 iterations.
[gmrf_wind_mapping_node-2] [GMRF] MAP Mean value estimated in 10.055 milliseconds
[gmrf_wind_mapping_node-2] --> MAP did not converge after 1 iterations.
[gmrf_wind_mapping_node-2] [GMRF] MAP Mean value estimated in 10.0544 milliseconds
[gmrf_wind_mapping_node-2] --> MAP did not converge after 1 iterations.
[gmrf_wind_mapping_node-2] [GMRF] MAP Mean value estimated in 10.0554 milliseconds
[gmrf_wind_mapping_node-2] --> MAP did not converge after 1 iterations.
[gmrf_wind_mapping_node-2] [GMRF] MAP Mean value estimated in 10.057 milliseconds
[gmrf_wind_mapping_node-2] --> MAP did not converge after 1 iterations.
[gmrf_wind_mapping_node-2] [GMRF] MAP Mean value estimated in 10.0579 milliseconds
[gmrf_wind_mapping_node-2] --> MAP did not converge after 1 iterations.
[gmrf_wind_mapping_node-2] [GMRF] MAP Mean value estimated in 10.0579 milliseconds
[gmrf_wind_mapping_node-2] --> MAP did not converge after 1 iterations.
[gmrf_wind_mapping_node-2] [GMRF] MAP Mean value estimated in 10.0569 milliseconds
[gmrf_wind_mapping_node-2] --> MAP did not converge after 1 iterations.
[gmrf_wind_mapping_node-2] [GMRF] MAP Mean value estimated in 10.0563 milliseconds
[gmrf_wind_mapping_node-2] --> MAP did not converge after 1 iterations.
[gmrf_wind_mapping_node-2] [GMRF] MAP Mean value estimated in 10.0583 milliseconds
[gmrf_wind_mapping_node-2] --> MAP did not converge after 1 iterations.
[gmrf_wind_mapping_node-2] [GMRF] MAP Mean value estimated in 10.0583 milliseconds
[gmrf_wind_mapping_node-2] --> MAP did not converge after 1 iterations.
[gmrf_wind_mapping_node-2] [GMRF] MAP Mean value estimated in 10.0567 milliseconds
[gmrf_wind_mapping_node-2] --> MAP did not converge after 1 iterations.
[gmrf_wind_mapping_node-2] [GMRF] MAP Mean value estimated in 10.0588 milliseconds
[gmrf_wind_mapping_node-2] --> MAP did not converge after 1 iterations.
[gmrf_wind_mapping_node-2] [GMRF] MAP Mean value estimated in 10.0618 milliseconds
[gmrf_wind_mapping_node-2] --> MAP did not converge after 1 iterations.
[gmrf_wind_mapping_node-2] [GMRF] MAP Mean value estimated in 10.0638 milliseconds
[gmrf_wind_mapping_node-2] --> MAP did not converge after 1 iterations.
[gmrf_wind_mapping_node-2] [GMRF] MAP Mean value estimated in 10.0653 milliseconds
[gmrf_wind_mapping_node-2] --> MAP did not converge after 1 iterations.
[gmrf_wind_mapping_node-2] [GMRF] MAP Mean value estimated in 10.0648 milliseconds
[gsl_actionserver_node-3] [INFO] [1789221293.910148713] [GSL]: 10 gas measurements, 10 wind measurements over 1.99 seconds
[gsl_actionserver_node-3] [INFO] [1789221293.910259424] [GSL]: avg_gas=0.95;  avg_windSpeed=0.02;  avg_wind_dir=1.1
[gsl_actionserver_node-3] [INFO] [1789221293.911239782] [GSL]: [33mGAS HIT[0m
[gsl_actionserver_node-3] [INFO] [1789221293.911255485] [GSL]: [DEBUG-WIND] useGroundTruth=false gmrf_req_size=631 gaden_req_size=-1
[gsl_actionserver_node-3] [INFO] [1789221293.911266088] [GSL]: [DEBUG-WIND] Taking GMRF path
[gsl_actionserver_node-3] [INFO] [1789221293.923129125] [GSL - Trace]: [32mEntering StopAndMeasure[0m
[gmrf_wind_mapping_node-2] --> MAP did not converge after 1 iterations.
[gmrf_wind_mapping_node-2] [GMRF] MAP Mean value estimated in 10.0678 milliseconds
[gmrf_wind_mapping_node-2] --> MAP did not converge after 1 iterations.
[gmrf_wind_mapping_node-2] [GMRF] MAP Mean value estimated in 10.0698 milliseconds
[gmrf_wind_mapping_node-2] --> MAP did not converge after 1 iterations.
[gmrf_wind_mapping_node-2] [GMRF] MAP Mean value estimated in 10.0682 milliseconds
[gmrf_wind_mapping_node-2] --> MAP did not converge after 1 iterations.
[gmrf_wind_mapping_node-2] [GMRF] MAP Mean value estimated in 10.0697 milliseconds
[gmrf_wind_mapping_node-2] --> MAP did not converge after 1 iterations.
[gmrf_wind_mapping_node-2] [GMRF] MAP Mean value estimated in 10.0682 milliseconds
[gmrf_wind_mapping_node-2] --> MAP did not converge after 1 iterations.
[gmrf_wind_mapping_node-2] [GMRF] MAP Mean value estimated in 10.0717 milliseconds
[gmrf_wind_mapping_node-2] --> MAP did not converge after 1 iterations.
[gmrf_wind_mapping_node-2] [GMRF] MAP Mean value estimated in 10.0747 milliseconds
[gmrf_wind_mapping_node-2] --> MAP did not converge after 1 iterations.
[gmrf_wind_mapping_node-2] [GMRF] MAP Mean value estimated in 10.0741 milliseconds
[gmrf_wind_mapping_node-2] --> MAP did not converge after 1 iterations.
[gmrf_wind_mapping_node-2] [GMRF] MAP Mean value estimated in 10.0756 milliseconds
[gmrf_wind_mapping_node-2] --> MAP did not converge after 1 iterations.
[gmrf_wind_mapping_node-2] [GMRF] MAP Mean value estimated in 10.0761 milliseconds
[gmrf_wind_mapping_node-2] --> MAP did not converge after 1 iterations.
[gmrf_wind_mapping_node-2] [GMRF] MAP Mean value estimated in 10.0781 milliseconds
[gmrf_wind_mapping_node-2] --> MAP did not converge after 1 iterations.
[gmrf_wind_mapping_node-2] [GMRF] MAP Mean value estimated in 10.0796 milliseconds
[gmrf_wind_mapping_node-2] --> MAP did not converge after 1 iterations.
[gmrf_wind_mapping_node-2] [GMRF] MAP Mean value estimated in 10.0785 milliseconds
[gmrf_wind_mapping_node-2] --> MAP did not converge after 1 iterations.
[gmrf_wind_mapping_node-2] [GMRF] MAP Mean value estimated in 10.0815 milliseconds
[gmrf_wind_mapping_node-2] --> MAP did not converge after 1 iterations.
[gmrf_wind_mapping_node-2] [GMRF] MAP Mean value estimated in 10.08 milliseconds
[gmrf_wind_mapping_node-2] --> MAP did not converge after 1 iterations.
[gmrf_wind_mapping_node-2] [GMRF] MAP Mean value estimated in 10.083 milliseconds
[gmrf_wind_mapping_node-2] --> MAP did not converge after 1 iterations.
[gmrf_wind_mapping_node-2] [GMRF] MAP Mean value estimated in 10.0839 milliseconds
[gmrf_wind_mapping_node-2] --> MAP did not converge after 1 iterations.
[gmrf_wind_mapping_node-2] [GMRF] MAP Mean value estimated in 10.0849 milliseconds
[gmrf_wind_mapping_node-2] --> MAP did not converge after 1 iterations.
[gmrf_wind_mapping_node-2] [GMRF] MAP Mean value estimated in 10.0833 milliseconds
[gmrf_wind_mapping_node-2] --> MAP did not converge after 1 iterations.
[gmrf_wind_mapping_node-2] [GMRF] MAP Mean value estimated in 10.0828 milliseconds
[gsl_actionserver_node-3] [INFO] [1789221295.909854300] [GSL]: 10 gas measurements, 10 wind measurements over 1.99 seconds
[gsl_actionserver_node-3] [INFO] [1789221295.910231298] [GSL]: avg_gas=0.96;  avg_windSpeed=0.025;  avg_wind_dir=3
[gsl_actionserver_node-3] [INFO] [1789221295.910860260] [GSL]: [33mGAS HIT[0m
[gsl_actionserver_node-3] [INFO] [1789221295.910871538] [GSL]: [DEBUG-WIND] useGroundTruth=false gmrf_req_size=631 gaden_req_size=-1
[gsl_actionserver_node-3] [INFO] [1789221295.910878675] [GSL]: [DEBUG-WIND] Taking GMRF path
[gsl_actionserver_node-3] [INFO] [1789221295.921904458] [GSL - Trace]: [32mEntering StopAndMeasure[0m
[gmrf_wind_mapping_node-2] --> MAP did not converge after 1 iterations.
[gmrf_wind_mapping_node-2] [GMRF] MAP Mean value estimated in 10.0827 milliseconds
[gmrf_wind_mapping_node-2] --> MAP did not converge after 1 iterations.
[gmrf_wind_mapping_node-2] [GMRF] MAP Mean value estimated in 10.0847 milliseconds
[gmrf_wind_mapping_node-2] --> MAP did not converge after 1 iterations.
[gmrf_wind_mapping_node-2] [GMRF] MAP Mean value estimated in 10.0882 milliseconds
[gmrf_wind_mapping_node-2] --> MAP did not converge after 1 iterations.
[gmrf_wind_mapping_node-2] [GMRF] MAP Mean value estimated in 10.0902 milliseconds
[gmrf_wind_mapping_node-2] --> MAP did not converge after 1 iterations.
[gmrf_wind_mapping_node-2] [GMRF] MAP Mean value estimated in 10.0896 milliseconds
[gmrf_wind_mapping_node-2] --> MAP did not converge after 1 iterations.
[gmrf_wind_mapping_node-2] [GMRF] MAP Mean value estimated in 10.0916 milliseconds
[gmrf_wind_mapping_node-2] --> MAP did not converge after 1 iterations.
[gmrf_wind_mapping_node-2] [GMRF] MAP Mean value estimated in 10.0931 milliseconds
[gmrf_wind_mapping_node-2] --> MAP did not converge after 1 iterations.
[gmrf_wind_mapping_node-2] [GMRF] MAP Mean value estimated in 10.0915 milliseconds
[gmrf_wind_mapping_node-2] --> MAP did not converge after 1 iterations.
[gmrf_wind_mapping_node-2] [GMRF] MAP Mean value estimated in 10.094 milliseconds
[gmrf_wind_mapping_node-2] --> MAP did not converge after 1 iterations.
[gmrf_wind_mapping_node-2] [GMRF] MAP Mean value estimated in 10.0969 milliseconds
[gmrf_wind_mapping_node-2] --> MAP did not converge after 1 iterations.
[gmrf_wind_mapping_node-2] [GMRF] MAP Mean value estimated in 10.0959 milliseconds
[gmrf_wind_mapping_node-2] --> MAP did not converge after 1 iterations.
[gmrf_wind_mapping_node-2] [GMRF] MAP Mean value estimated in 10.0988 milliseconds
[gmrf_wind_mapping_node-2] --> MAP did not converge after 1 iterations.
[gmrf_wind_mapping_node-2] [GMRF] MAP Mean value estimated in 10.0983 milliseconds
[gmrf_wind_mapping_node-2] --> MAP did not converge after 1 iterations.
[gmrf_wind_mapping_node-2] [GMRF] MAP Mean value estimated in 10.1008 milliseconds
[gmrf_wind_mapping_node-2] --> MAP did not converge after 1 iterations.
[gmrf_wind_mapping_node-2] [GMRF] MAP Mean value estimated in 10.0992 milliseconds
[gmrf_wind_mapping_node-2] --> MAP did not converge after 1 iterations.
[gmrf_wind_mapping_node-2] [GMRF] MAP Mean value estimated in 10.1007 milliseconds
[gmrf_wind_mapping_node-2] --> MAP did not converge after 1 iterations.
[gmrf_wind_mapping_node-2] [GMRF] MAP Mean value estimated in 10.1041 milliseconds
[gmrf_wind_mapping_node-2] --> MAP did not converge after 1 iterations.
[gmrf_wind_mapping_node-2] [GMRF] MAP Mean value estimated in 10.1051 milliseconds
[gmrf_wind_mapping_node-2] --> MAP did not converge after 1 iterations.
[gmrf_wind_mapping_node-2] [GMRF] MAP Mean value estimated in 10.1065 milliseconds
[gmrf_wind_mapping_node-2] --> MAP did not converge after 1 iterations.
[gmrf_wind_mapping_node-2] [GMRF] MAP Mean value estimated in 10.1064 milliseconds
[gsl_actionserver_node-3] [INFO] [1789221297.909957310] [GSL]: 10 gas measurements, 10 wind measurements over 1.99 seconds
[gsl_actionserver_node-3] [INFO] [1789221297.910029290] [GSL]: avg_gas=0.59;  avg_windSpeed=0.016;  avg_wind_dir=0.73
[gsl_actionserver_node-3] [INFO] [1789221297.910633646] [GSL]: [33mGAS HIT[0m
[gsl_actionserver_node-3] [INFO] [1789221297.910644081] [GSL]: [DEBUG-WIND] useGroundTruth=false gmrf_req_size=631 gaden_req_size=-1
[gsl_actionserver_node-3] [INFO] [1789221297.910651045] [GSL]: [DEBUG-WIND] Taking GMRF path
[gsl_actionserver_node-3] [INFO] [1789221297.926040644] [GSL]: Max mutual info: 2.640
[gsl_actionserver_node-3] [INFO] [1789221297.926206664] [GSL]: MutualInformation - Ellapsed: 0.004s
[gmrf_wind_mapping_node-2] --> MAP did not converge after 1 iterations.
[gmrf_wind_mapping_node-2] [GMRF] MAP Mean value estimated in 10.1064 milliseconds
[vgr_sim_node-1] [WARN] [1789221297.935221234] [vgr_uav_sim]: PLAN_CB: called with goal=(-3.74,-1.60)
[vgr_sim_node-1] [WARN] [1789221297.937555494] [vgr_uav_sim]: PLAN_CB: returning 4 poses
[vgr_sim_node-1] [WARN] [1789221297.949691481] [vgr_uav_sim]: PLAN_CB: called with goal=(-3.74,-1.60)
[vgr_sim_node-1] [WARN] [1789221297.950660367] [vgr_uav_sim]: PLAN_CB: returning 4 poses
[gsl_actionserver_node-3] [INFO] [1789221297.960073810] [GSL]: Sending goal (-3.74, -1.60)
[gsl_actionserver_node-3] [INFO] [1789221297.960794031] [GSL]: Variance: 0.27
[gsl_actionserver_node-3] [INFO] [1789221297.960818302] [GSL - Trace]: [32mEntering Moving[0m
[vgr_sim_node-1] [INFO] [1789221297.961731070] [vgr_uav_sim]: Prepared 4 collision-free navigation waypoints to (-3.74, -1.60)
[vgr_sim_node-1] [INFO] [1789221297.962804579] [vgr_uav_sim]: UAV navigating in audited 2-D mode to (-3.74, -1.60, 0.30)
[gmrf_wind_mapping_node-2] --> MAP did not converge after 1 iterations.
[gmrf_wind_mapping_node-2] [GMRF] MAP Mean value estimated in 10.1048 milliseconds
[gmrf_wind_mapping_node-2] --> MAP did not converge after 1 iterations.
[gmrf_wind_mapping_node-2] [GMRF] MAP Mean value estimated in 10.1033 milliseconds
[gmrf_wind_mapping_node-2] --> MAP did not converge after 1 iterations.
[gmrf_wind_mapping_node-2] [GMRF] MAP Mean value estimated in 10.1022 milliseconds
[gmrf_wind_mapping_node-2] --> MAP did not converge after 1 iterations.
[gmrf_wind_mapping_node-2] [GMRF] MAP Mean value estimated in 10.1012 milliseconds
[gmrf_wind_mapping_node-2] --> MAP did not converge after 1 iterations.
[gmrf_wind_mapping_node-2] [GMRF] MAP Mean value estimated in 10.1001 milliseconds
[gsl_actionserver_node-3] [INFO] [1789221298.510224323] [GSL - Trace]: [32mEntering StopAndMeasure[0m
[gmrf_wind_mapping_node-2] --> MAP did not converge after 1 iterations.
[gmrf_wind_mapping_node-2] [GMRF] MAP Mean value estimated in 10.0986 milliseconds
[gmrf_wind_mapping_node-2] --> MAP did not converge after 1 iterations.
[gmrf_wind_mapping_node-2] [GMRF] MAP Mean value estimated in 10.0971 milliseconds
[gmrf_wind_mapping_node-2] --> MAP did not converge after 1 iterations.
[gmrf_wind_mapping_node-2] [GMRF] MAP Mean value estimated in 10.0975 milliseconds
[gmrf_wind_mapping_node-2] --> MAP did not converge after 1 iterations.
[gmrf_wind_mapping_node-2] [GMRF] MAP Mean value estimated in 10.097 milliseconds
[gmrf_wind_mapping_node-2] --> MAP did not converge after 1 iterations.
[gmrf_wind_mapping_node-2] [GMRF] MAP Mean value estimated in 10.0964 milliseconds
[gmrf_wind_mapping_node-2] --> MAP did not converge after 1 iterations.
[gmrf_wind_mapping_node-2] [GMRF] MAP Mean value estimated in 10.0964 milliseconds
[gmrf_wind_mapping_node-2] --> MAP did not converge after 1 iterations.
[gmrf_wind_mapping_node-2] [GMRF] MAP Mean value estimated in 10.0988 milliseconds
[gmrf_wind_mapping_node-2] --> MAP did not converge after 1 iterations.
[gmrf_wind_mapping_node-2] [GMRF] MAP Mean value estimated in 10.0973 milliseconds
[gmrf_wind_mapping_node-2] --> MAP did not converge after 1 iterations.
[gmrf_wind_mapping_node-2] [GMRF] MAP Mean value estimated in 10.0962 milliseconds
[gmrf_wind_mapping_node-2] --> MAP did not converge after 1 iterations.
[gmrf_wind_mapping_node-2] [GMRF] MAP Mean value estimated in 10.0982 milliseconds
[gmrf_wind_mapping_node-2] --> MAP did not converge after 1 iterations.
[gmrf_wind_mapping_node-2] [GMRF] MAP Mean value estimated in 10.0966 milliseconds
[gmrf_wind_mapping_node-2] --> MAP did not converge after 1 iterations.
[gmrf_wind_mapping_node-2] [GMRF] MAP Mean value estimated in 10.0961 milliseconds
[gmrf_wind_mapping_node-2] --> MAP did not converge after 1 iterations.
[gmrf_wind_mapping_node-2] [GMRF] MAP Mean value estimated in 10.096 milliseconds
[gmrf_wind_mapping_node-2] --> MAP did not converge after 1 iterations.
[gmrf_wind_mapping_node-2] [GMRF] MAP Mean value estimated in 10.097 milliseconds
[gmrf_wind_mapping_node-2] --> MAP did not converge after 1 iterations.
[gmrf_wind_mapping_node-2] [GMRF] MAP Mean value estimated in 10.0969 milliseconds
[gmrf_wind_mapping_node-2] --> MAP did not converge after 1 iterations.
[gmrf_wind_mapping_node-2] [GMRF] MAP Mean value estimated in 10.0974 milliseconds
[gmrf_wind_mapping_node-2] --> MAP did not converge after 1 iterations.
[gmrf_wind_mapping_node-2] [GMRF] MAP Mean value estimated in 10.0973 milliseconds
[gmrf_wind_mapping_node-2] --> MAP did not converge after 1 iterations.
[gmrf_wind_mapping_node-2] [GMRF] MAP Mean value estimated in 10.1002 milliseconds
[gmrf_wind_mapping_node-2] --> MAP did not converge after 1 iterations.
[gmrf_wind_mapping_node-2] [GMRF] MAP Mean value estimated in 10.0987 milliseconds
[gmrf_wind_mapping_node-2] --> MAP did not converge after 1 iterations.
[gmrf_wind_mapping_node-2] [GMRF] MAP Mean value estimated in 10.1011 milliseconds
[gsl_actionserver_node-3] [INFO] [1789221300.510042069] [GSL]: 10 gas measurements, 10 wind measurements over 2.00 seconds
[gsl_actionserver_node-3] [INFO] [1789221300.510120353] [GSL]: avg_gas=0.07;  avg_windSpeed=0.03;  avg_wind_dir=-0.66
[gsl_actionserver_node-3] [INFO] [1789221300.510743287] [GSL]: [33mNOTHING [0m
[gsl_actionserver_node-3] [INFO] [1789221300.510754107] [GSL]: [DEBUG-WIND] useGroundTruth=false gmrf_req_size=631 gaden_req_size=-1
[gsl_actionserver_node-3] [INFO] [1789221300.510761016] [GSL]: [DEBUG-WIND] Taking GMRF path
[gsl_actionserver_node-3] [INFO] [1789221300.522096714] [GSL - Trace]: [32mEntering StopAndMeasure[0m
[gmrf_wind_mapping_node-2] --> MAP did not converge after 1 iterations.
[gmrf_wind_mapping_node-2] [GMRF] MAP Mean value estimated in 10.1016 milliseconds
[gmrf_wind_mapping_node-2] --> MAP did not converge after 1 iterations.
[gmrf_wind_mapping_node-2] [GMRF] MAP Mean value estimated in 10.1025 milliseconds
[gmrf_wind_mapping_node-2] --> MAP did not converge after 1 iterations.
[gmrf_wind_mapping_node-2] [GMRF] MAP Mean value estimated in 10.1039 milliseconds
[gmrf_wind_mapping_node-2] --> MAP did not converge after 1 iterations.
[gmrf_wind_mapping_node-2] [GMRF] MAP Mean value estimated in 10.1064 milliseconds
[gmrf_wind_mapping_node-2] --> MAP did not converge after 1 iterations.
[gmrf_wind_mapping_node-2] [GMRF] MAP Mean value estimated in 10.1083 milliseconds
[gmrf_wind_mapping_node-2] --> MAP did not converge after 1 iterations.
[gmrf_wind_mapping_node-2] [GMRF] MAP Mean value estimated in 10.1087 milliseconds
[gmrf_wind_mapping_node-2] --> MAP did not converge after 1 iterations.
[gmrf_wind_mapping_node-2] [GMRF] MAP Mean value estimated in 10.1096 milliseconds
[gmrf_wind_mapping_node-2] --> MAP did not converge after 1 iterations.
[gmrf_wind_mapping_node-2] [GMRF] MAP Mean value estimated in 10.1096 milliseconds
[gmrf_wind_mapping_node-2] --> MAP did not converge after 1 iterations.
[gmrf_wind_mapping_node-2] [GMRF] MAP Mean value estimated in 10.1081 milliseconds
[gmrf_wind_mapping_node-2] --> MAP did not converge after 1 iterations.
[gmrf_wind_mapping_node-2] [GMRF] MAP Mean value estimated in 10.1095 milliseconds
[gmrf_wind_mapping_node-2] --> MAP did not converge after 1 iterations.
[gmrf_wind_mapping_node-2] [GMRF] MAP Mean value estimated in 10.1109 milliseconds
[gmrf_wind_mapping_node-2] --> MAP did not converge after 1 iterations.
[gmrf_wind_mapping_node-2] [GMRF] MAP Mean value estimated in 10.1128 milliseconds
[gmrf_wind_mapping_node-2] --> MAP did not converge after 1 iterations.
[gmrf_wind_mapping_node-2] [GMRF] MAP Mean value estimated in 10.1142 milliseconds
[gmrf_wind_mapping_node-2] --> MAP did not converge after 1 iterations.
[gmrf_wind_mapping_node-2] [GMRF] MAP Mean value estimated in 10.1176 milliseconds
[gmrf_wind_mapping_node-2] --> MAP did not converge after 1 iterations.
[gmrf_wind_mapping_node-2] [GMRF] MAP Mean value estimated in 10.12 milliseconds
[gmrf_wind_mapping_node-2] --> MAP did not converge after 1 iterations.
[gmrf_wind_mapping_node-2] [GMRF] MAP Mean value estimated in 10.1194 milliseconds
[gmrf_wind_mapping_node-2] --> MAP did not converge after 1 iterations.
[gmrf_wind_mapping_node-2] [GMRF] MAP Mean value estimated in 10.1223 milliseconds
[gmrf_wind_mapping_node-2] --> MAP did not converge after 1 iterations.
[gmrf_wind_mapping_node-2] [GMRF] MAP Mean value estimated in 10.1232 milliseconds
[gmrf_wind_mapping_node-2] --> MAP did not converge after 1 iterations.
[gmrf_wind_mapping_node-2] [GMRF] MAP Mean value estimated in 10.1217 milliseconds
[gmrf_wind_mapping_node-2] --> MAP did not converge after 1 iterations.
[gmrf_wind_mapping_node-2] [GMRF] MAP Mean value estimated in 10.1202 milliseconds
[gsl_actionserver_node-3] [INFO] [1789221302.459771073] [GSL]: 10 gas measurements, 10 wind measurements over 1.94 seconds
[gsl_actionserver_node-3] [INFO] [1789221302.459834792] [GSL]: avg_gas=0.013;  avg_windSpeed=0.033;  avg_wind_dir=-0.027
[gsl_actionserver_node-3] [INFO] [1789221302.460457673] [GSL]: [33mNOTHING [0m
[gsl_actionserver_node-3] [INFO] [1789221302.460468008] [GSL]: [DEBUG-WIND] useGroundTruth=false gmrf_req_size=631 gaden_req_size=-1
[gsl_actionserver_node-3] [INFO] [1789221302.460739358] [GSL]: [DEBUG-WIND] Taking GMRF path
[gsl_actionserver_node-3] [INFO] [1789221302.521952696] [GSL - Trace]: [32mEntering StopAndMeasure[0m
[gmrf_wind_mapping_node-2] --> MAP did not converge after 1 iterations.
[gmrf_wind_mapping_node-2] [GMRF] MAP Mean value estimated in 10.1187 milliseconds
[gmrf_wind_mapping_node-2] --> MAP did not converge after 1 iterations.
[gmrf_wind_mapping_node-2] [GMRF] MAP Mean value estimated in 10.1181 milliseconds
[gmrf_wind_mapping_node-2] --> MAP did not converge after 1 iterations.
[gmrf_wind_mapping_node-2] [GMRF] MAP Mean value estimated in 10.1166 milliseconds
[gmrf_wind_mapping_node-2] --> MAP did not converge after 1 iterations.
[gmrf_wind_mapping_node-2] [GMRF] MAP Mean value estimated in 10.117 milliseconds
[gmrf_wind_mapping_node-2] --> MAP did not converge after 1 iterations.
[gmrf_wind_mapping_node-2] [GMRF] MAP Mean value estimated in 10.1155 milliseconds
[gmrf_wind_mapping_node-2] --> MAP did not converge after 1 iterations.
[gmrf_wind_mapping_node-2] [GMRF] MAP Mean value estimated in 10.1154 milliseconds
[gmrf_wind_mapping_node-2] --> MAP did not converge after 1 iterations.
[gmrf_wind_mapping_node-2] [GMRF] MAP Mean value estimated in 10.1139 milliseconds
[gmrf_wind_mapping_node-2] --> MAP did not converge after 1 iterations.
[gmrf_wind_mapping_node-2] [GMRF] MAP Mean value estimated in 10.1129 milliseconds
[gmrf_wind_mapping_node-2] --> MAP did not converge after 1 iterations.
[gmrf_wind_mapping_node-2] [GMRF] MAP Mean value estimated in 10.1114 milliseconds
[gmrf_wind_mapping_node-2] --> MAP did not converge after 1 iterations.
[gmrf_wind_mapping_node-2] [GMRF] MAP Mean value estimated in 10.1133 milliseconds
[gmrf_wind_mapping_node-2] --> MAP did not converge after 1 iterations.
[gmrf_wind_mapping_node-2] [GMRF] MAP Mean value estimated in 10.1152 milliseconds
[gmrf_wind_mapping_node-2] --> MAP did not converge after 1 iterations.
[gmrf_wind_mapping_node-2] [GMRF] MAP Mean value estimated in 10.1175 milliseconds
[gmrf_wind_mapping_node-2] --> MAP did not converge after 1 iterations.
[gmrf_wind_mapping_node-2] [GMRF] MAP Mean value estimated in 10.1184 milliseconds
[gmrf_wind_mapping_node-2] --> MAP did not converge after 1 iterations.
[gmrf_wind_mapping_node-2] [GMRF] MAP Mean value estimated in 10.1169 milliseconds
[gmrf_wind_mapping_node-2] --> MAP did not converge after 1 iterations.
[gmrf_wind_mapping_node-2] [GMRF] MAP Mean value estimated in 10.1169 milliseconds
[gmrf_wind_mapping_node-2] --> MAP did not converge after 1 iterations.
[gmrf_wind_mapping_node-2] [GMRF] MAP Mean value estimated in 10.1192 milliseconds
[gmrf_wind_mapping_node-2] --> MAP did not converge after 1 iterations.
[gmrf_wind_mapping_node-2] [GMRF] MAP Mean value estimated in 10.1197 milliseconds
[gmrf_wind_mapping_node-2] --> MAP did not converge after 1 iterations.
[gmrf_wind_mapping_node-2] [GMRF] MAP Mean value estimated in 10.1211 milliseconds
[gmrf_wind_mapping_node-2] --> MAP did not converge after 1 iterations.
[gmrf_wind_mapping_node-2] [GMRF] MAP Mean value estimated in 10.1234 milliseconds
[gmrf_wind_mapping_node-2] --> MAP did not converge after 1 iterations.
[gmrf_wind_mapping_node-2] [GMRF] MAP Mean value estimated in 10.1248 milliseconds
[gsl_actionserver_node-3] [INFO] [1789221304.509871095] [GSL]: 10 gas measurements, 10 wind measurements over 1.99 seconds
[gsl_actionserver_node-3] [INFO] [1789221304.509985070] [GSL]: avg_gas=0.0025;  avg_windSpeed=0.03;  avg_wind_dir=-0.62
[gsl_actionserver_node-3] [INFO] [1789221304.511665036] [GSL]: [33mNOTHING [0m
[gsl_actionserver_node-3] [INFO] [1789221304.511723562] [GSL]: [DEBUG-WIND] useGroundTruth=false gmrf_req_size=631 gaden_req_size=-1
[gsl_actionserver_node-3] [INFO] [1789221304.511737976] [GSL]: [DEBUG-WIND] Taking GMRF path
[gsl_actionserver_node-3] [INFO] [1789221304.522062002] [GSL - Trace]: [32mEntering StopAndMeasure[0m
[gmrf_wind_mapping_node-2] --> MAP did not converge after 1 iterations.
[gmrf_wind_mapping_node-2] [GMRF] MAP Mean value estimated in 10.1257 milliseconds
[gmrf_wind_mapping_node-2] --> MAP did not converge after 1 iterations.
[gmrf_wind_mapping_node-2] [GMRF] MAP Mean value estimated in 10.1266 milliseconds
[gmrf_wind_mapping_node-2] --> MAP did not converge after 1 iterations.
[gmrf_wind_mapping_node-2] [GMRF] MAP Mean value estimated in 10.128 milliseconds
[gmrf_wind_mapping_node-2] --> MAP did not converge after 1 iterations.
[gmrf_wind_mapping_node-2] [GMRF] MAP Mean value estimated in 10.1294 milliseconds
[gmrf_wind_mapping_node-2] --> MAP did not converge after 1 iterations.
[gmrf_wind_mapping_node-2] [GMRF] MAP Mean value estimated in 10.1303 milliseconds
[gmrf_wind_mapping_node-2] --> MAP did not converge after 1 iterations.
[gmrf_wind_mapping_node-2] [GMRF] MAP Mean value estimated in 10.1331 milliseconds
[gmrf_wind_mapping_node-2] --> MAP did not converge after 1 iterations.
[gmrf_wind_mapping_node-2] [GMRF] MAP Mean value estimated in 10.1321 milliseconds
[gmrf_wind_mapping_node-2] --> MAP did not converge after 1 iterations.
[gmrf_wind_mapping_node-2] [GMRF] MAP Mean value estimated in 10.1325 milliseconds
[gmrf_wind_mapping_node-2] --> MAP did not converge after 1 iterations.
[gmrf_wind_mapping_node-2] [GMRF] MAP Mean value estimated in 10.131 milliseconds
[gmrf_wind_mapping_node-2] --> MAP did not converge after 1 iterations.
[gmrf_wind_mapping_node-2] [GMRF] MAP Mean value estimated in 10.1324 milliseconds
[gmrf_wind_mapping_node-2] --> MAP did not converge after 1 iterations.
[gmrf_wind_mapping_node-2] [GMRF] MAP Mean value estimated in 10.1347 milliseconds
[gmrf_wind_mapping_node-2] --> MAP did not converge after 1 iterations.
[gmrf_wind_mapping_node-2] [GMRF] MAP Mean value estimated in 10.1371 milliseconds
[gmrf_wind_mapping_node-2] --> MAP did not converge after 1 iterations.
[gmrf_wind_mapping_node-2] [GMRF] MAP Mean value estimated in 10.1389 milliseconds
[gmrf_wind_mapping_node-2] --> MAP did not converge after 1 iterations.
[gmrf_wind_mapping_node-2] [GMRF] MAP Mean value estimated in 10.1398 milliseconds
[gmrf_wind_mapping_node-2] --> MAP did not converge after 1 iterations.
[gmrf_wind_mapping_node-2] [GMRF] MAP Mean value estimated in 10.1398 milliseconds
[gmrf_wind_mapping_node-2] --> MAP did not converge after 1 iterations.
[gmrf_wind_mapping_node-2] [GMRF] MAP Mean value estimated in 10.1411 milliseconds
[gmrf_wind_mapping_node-2] --> MAP did not converge after 1 iterations.
[gmrf_wind_mapping_node-2] [GMRF] MAP Mean value estimated in 10.1396 milliseconds
[gmrf_wind_mapping_node-2] --> MAP did not converge after 1 iterations.
[gmrf_wind_mapping_node-2] [GMRF] MAP Mean value estimated in 10.1415 milliseconds
[gmrf_wind_mapping_node-2] --> MAP did not converge after 1 iterations.
[gmrf_wind_mapping_node-2] [GMRF] MAP Mean value estimated in 10.1395 milliseconds
[gmrf_wind_mapping_node-2] --> MAP did not converge after 1 iterations.
[gmrf_wind_mapping_node-2] [GMRF] MAP Mean value estimated in 10.1414 milliseconds
[gsl_actionserver_node-3] [INFO] [1789221306.509817313] [GSL]: 10 gas measurements, 10 wind measurements over 1.99 seconds
[gsl_actionserver_node-3] [INFO] [1789221306.509885682] [GSL]: avg_gas=0.00047;  avg_windSpeed=0.032;  avg_wind_dir=-0.043
[gsl_actionserver_node-3] [INFO] [1789221306.510553004] [GSL]: [33mNOTHING [0m
[gsl_actionserver_node-3] [INFO] [1789221306.510563643] [GSL]: [DEBUG-WIND] useGroundTruth=false gmrf_req_size=631 gaden_req_size=-1
[gsl_actionserver_node-3] [INFO] [1789221306.510930736] [GSL]: [DEBUG-WIND] Taking GMRF path
[gsl_actionserver_node-3] [INFO] [1789221306.521999423] [GSL - Trace]: [32mEntering StopAndMeasure[0m
[gmrf_wind_mapping_node-2] --> MAP did not converge after 1 iterations.
[gmrf_wind_mapping_node-2] [GMRF] MAP Mean value estimated in 10.1418 milliseconds
[gmrf_wind_mapping_node-2] --> MAP did not converge after 1 iterations.
[gmrf_wind_mapping_node-2] [GMRF] MAP Mean value estimated in 10.1417 milliseconds
[gmrf_wind_mapping_node-2] --> MAP did not converge after 1 iterations.
[gmrf_wind_mapping_node-2] [GMRF] MAP Mean value estimated in 10.1411 milliseconds
[gmrf_wind_mapping_node-2] --> MAP did not converge after 1 iterations.
[gmrf_wind_mapping_node-2] [GMRF] MAP Mean value estimated in 10.142 milliseconds
[gmrf_wind_mapping_node-2] --> MAP did not converge after 1 iterations.
[gmrf_wind_mapping_node-2] [GMRF] MAP Mean value estimated in 10.1434 milliseconds
[gmrf_wind_mapping_node-2] --> MAP did not converge after 1 iterations.
[gmrf_wind_mapping_node-2] [GMRF] MAP Mean value estimated in 10.1424 milliseconds
[gmrf_wind_mapping_node-2] --> MAP did not converge after 1 iterations.
[gmrf_wind_mapping_node-2] [GMRF] MAP Mean value estimated in 10.1428 milliseconds
[gmrf_wind_mapping_node-2] --> MAP did not converge after 1 iterations.
[gmrf_wind_mapping_node-2] [GMRF] MAP Mean value estimated in 10.1432 milliseconds
[gmrf_wind_mapping_node-2] --> MAP did not converge after 1 iterations.
[gmrf_wind_mapping_node-2] [GMRF] MAP Mean value estimated in 10.1417 milliseconds
[gmrf_wind_mapping_node-2] --> MAP did not converge after 1 iterations.
[gmrf_wind_mapping_node-2] [GMRF] MAP Mean value estimated in 10.1426 milliseconds
[gmrf_wind_mapping_node-2] --> MAP did not converge after 1 iterations.
[gmrf_wind_mapping_node-2] [GMRF] MAP Mean value estimated in 10.1416 milliseconds
[gmrf_wind_mapping_node-2] --> MAP did not converge after 1 iterations.
[gmrf_wind_mapping_node-2] [GMRF] MAP Mean value estimated in 10.1439 milliseconds
[gmrf_wind_mapping_node-2] --> MAP did not converge after 1 iterations.
[gmrf_wind_mapping_node-2] [GMRF] MAP Mean value estimated in 10.1433 milliseconds
[gmrf_wind_mapping_node-2] --> MAP did not converge after 1 iterations.
[gmrf_wind_mapping_node-2] [GMRF] MAP Mean value estimated in 10.1461 milliseconds
[gmrf_wind_mapping_node-2] --> MAP did not converge after 1 iterations.
[gmrf_wind_mapping_node-2] [GMRF] MAP Mean value estimated in 10.1456 milliseconds
[gmrf_wind_mapping_node-2] --> MAP did not converge after 1 iterations.
[gmrf_wind_mapping_node-2] [GMRF] MAP Mean value estimated in 10.1469 milliseconds
[gmrf_wind_mapping_node-2] --> MAP did not converge after 1 iterations.
[gmrf_wind_mapping_node-2] [GMRF] MAP Mean value estimated in 10.1483 milliseconds
[gmrf_wind_mapping_node-2] --> MAP did not converge after 1 iterations.
[gmrf_wind_mapping_node-2] [GMRF] MAP Mean value estimated in 10.1506 milliseconds
[gmrf_wind_mapping_node-2] --> MAP did not converge after 1 iterations.
[gmrf_wind_mapping_node-2] [GMRF] MAP Mean value estimated in 10.1496 milliseconds
[gmrf_wind_mapping_node-2] --> MAP did not converge after 1 iterations.
[gmrf_wind_mapping_node-2] [GMRF] MAP Mean value estimated in 10.1523 milliseconds
[gsl_actionserver_node-3] [INFO] [1789221308.509947517] [GSL]: 10 gas measurements, 10 wind measurements over 1.99 seconds
[gsl_actionserver_node-3] [INFO] [1789221308.510042745] [GSL]: avg_gas=8.8e-05;  avg_windSpeed=0.03;  avg_wind_dir=-0.62
[gsl_actionserver_node-3] [INFO] [1789221308.511151814] [GSL]: [33mNOTHING [0m
[gsl_actionserver_node-3] [INFO] [1789221308.511182554] [GSL]: [DEBUG-WIND] useGroundTruth=false gmrf_req_size=631 gaden_req_size=-1
[gsl_actionserver_node-3] [INFO] [1789221308.511195354] [GSL]: [DEBUG-WIND] Taking GMRF path
[gsl_actionserver_node-3] [INFO] [1789221308.522052265] [GSL - Trace]: [32mEntering StopAndMeasure[0m
[gmrf_wind_mapping_node-2] --> MAP did not converge after 1 iterations.
[gmrf_wind_mapping_node-2] [GMRF] MAP Mean value estimated in 10.1513 milliseconds
[gmrf_wind_mapping_node-2] --> MAP did not converge after 1 iterations.
[gmrf_wind_mapping_node-2] [GMRF] MAP Mean value estimated in 10.1532 milliseconds
[gmrf_wind_mapping_node-2] --> MAP did not converge after 1 iterations.
[gmrf_wind_mapping_node-2] [GMRF] MAP Mean value estimated in 10.155 milliseconds
[gmrf_wind_mapping_node-2] --> MAP did not converge after 1 iterations.
[gmrf_wind_mapping_node-2] [GMRF] MAP Mean value estimated in 10.1573 milliseconds
[gmrf_wind_mapping_node-2] --> MAP did not converge after 1 iterations.
[gmrf_wind_mapping_node-2] [GMRF] MAP Mean value estimated in 10.1577 milliseconds
[gmrf_wind_mapping_node-2] --> MAP did not converge after 1 iterations.
[gmrf_wind_mapping_node-2] [GMRF] MAP Mean value estimated in 10.1585 milliseconds
[gmrf_wind_mapping_node-2] --> MAP did not converge after 1 iterations.
[gmrf_wind_mapping_node-2] [GMRF] MAP Mean value estimated in 10.1608 milliseconds
[gmrf_wind_mapping_node-2] --> MAP did not converge after 1 iterations.
[gmrf_wind_mapping_node-2] [GMRF] MAP Mean value estimated in 10.1626 milliseconds
[gmrf_wind_mapping_node-2] --> MAP did not converge after 1 iterations.
[gmrf_wind_mapping_node-2] [GMRF] MAP Mean value estimated in 10.1612 milliseconds
[gmrf_wind_mapping_node-2] --> MAP did not converge after 1 iterations.
[gmrf_wind_mapping_node-2] [GMRF] MAP Mean value estimated in 10.1601 milliseconds
[gmrf_wind_mapping_node-2] --> MAP did not converge after 1 iterations.
[gmrf_wind_mapping_node-2] [GMRF] MAP Mean value estimated in 10.1615 milliseconds
[gmrf_wind_mapping_node-2] --> MAP did not converge after 1 iterations.
[gmrf_wind_mapping_node-2] [GMRF] MAP Mean value estimated in 10.1623 milliseconds
[gmrf_wind_mapping_node-2] --> MAP did not converge after 1 iterations.
[gmrf_wind_mapping_node-2] [GMRF] MAP Mean value estimated in 10.1623 milliseconds
[gmrf_wind_mapping_node-2] --> MAP did not converge after 1 iterations.
[gmrf_wind_mapping_node-2] [GMRF] MAP Mean value estimated in 10.1627 milliseconds
[gmrf_wind_mapping_node-2] --> MAP did not converge after 1 iterations.
[gmrf_wind_mapping_node-2] [GMRF] MAP Mean value estimated in 10.164 milliseconds
[gmrf_wind_mapping_node-2] --> MAP did not converge after 1 iterations.
[gmrf_wind_mapping_node-2] [GMRF] MAP Mean value estimated in 10.1663 milliseconds
[gmrf_wind_mapping_node-2] --> MAP did not converge after 1 iterations.
[gmrf_wind_mapping_node-2] [GMRF] MAP Mean value estimated in 10.1676 milliseconds
[gmrf_wind_mapping_node-2] --> MAP did not converge after 1 iterations.
[gmrf_wind_mapping_node-2] [GMRF] MAP Mean value estimated in 10.1671 milliseconds
[gmrf_wind_mapping_node-2] --> MAP did not converge after 1 iterations.
[gmrf_wind_mapping_node-2] [GMRF] MAP Mean value estimated in 10.1656 milliseconds
[gmrf_wind_mapping_node-2] --> MAP did not converge after 1 iterations.
[gmrf_wind_mapping_node-2] [GMRF] MAP Mean value estimated in 10.1674 milliseconds
[gsl_actionserver_node-3] [INFO] [1789221310.459790945] [GSL]: 10 gas measurements, 10 wind measurements over 1.94 seconds
[gsl_actionserver_node-3] [INFO] [1789221310.459853157] [GSL]: avg_gas=1.7e-05;  avg_windSpeed=0.032;  avg_wind_dir=-0.043
[gsl_actionserver_node-3] [INFO] [1789221310.460487573] [GSL]: [33mNOTHING [0m
[gsl_actionserver_node-3] [INFO] [1789221310.460498065] [GSL]: [DEBUG-WIND] useGroundTruth=false gmrf_req_size=631 gaden_req_size=-1
[gsl_actionserver_node-3] [INFO] [1789221310.460683020] [GSL]: [DEBUG-WIND] Taking GMRF path
[gsl_actionserver_node-3] [INFO] [1789221310.522981363] [GSL - Trace]: [32mEntering StopAndMeasure[0m
[gmrf_wind_mapping_node-2] --> MAP did not converge after 1 iterations.
[gmrf_wind_mapping_node-2] [GMRF] MAP Mean value estimated in 10.1673 milliseconds
[gmrf_wind_mapping_node-2] --> MAP did not converge after 1 iterations.
[gmrf_wind_mapping_node-2] [GMRF] MAP Mean value estimated in 10.1682 milliseconds
[gmrf_wind_mapping_node-2] --> MAP did not converge after 1 iterations.
[gmrf_wind_mapping_node-2] [GMRF] MAP Mean value estimated in 10.169 milliseconds
[gmrf_wind_mapping_node-2] --> MAP did not converge after 1 iterations.
[gmrf_wind_mapping_node-2] [GMRF] MAP Mean value estimated in 10.1694 milliseconds
[gmrf_wind_mapping_node-2] --> MAP did not converge after 1 iterations.
[gmrf_wind_mapping_node-2] [GMRF] MAP Mean value estimated in 10.1707 milliseconds
[gmrf_wind_mapping_node-2] --> MAP did not converge after 1 iterations.
[gmrf_wind_mapping_node-2] [GMRF] MAP Mean value estimated in 10.1707 milliseconds
[gmrf_wind_mapping_node-2] --> MAP did not converge after 1 iterations.
[gmrf_wind_mapping_node-2] [GMRF] MAP Mean value estimated in 10.1696 milliseconds
[gmrf_wind_mapping_node-2] --> MAP did not converge after 1 iterations.
[gmrf_wind_mapping_node-2] [GMRF] MAP Mean value estimated in 10.1681 milliseconds
[gmrf_wind_mapping_node-2] --> MAP did not converge after 1 iterations.
[gmrf_wind_mapping_node-2] [GMRF] MAP Mean value estimated in 10.1667 milliseconds
[gmrf_wind_mapping_node-2] --> MAP did not converge after 1 iterations.
[gmrf_wind_mapping_node-2] [GMRF] MAP Mean value estimated in 10.1685 milliseconds
[gmrf_wind_mapping_node-2] --> MAP did not converge after 1 iterations.
[gmrf_wind_mapping_node-2] [GMRF] MAP Mean value estimated in 10.1712 milliseconds
[gmrf_wind_mapping_node-2] --> MAP did not converge after 1 iterations.
[gmrf_wind_mapping_node-2] [GMRF] MAP Mean value estimated in 10.1739 milliseconds
[gmrf_wind_mapping_node-2] --> MAP did not converge after 1 iterations.
[gmrf_wind_mapping_node-2] [GMRF] MAP Mean value estimated in 10.1757 milliseconds
[gmrf_wind_mapping_node-2] --> MAP did not converge after 1 iterations.
[gmrf_wind_mapping_node-2] [GMRF] MAP Mean value estimated in 10.177 milliseconds
[gmrf_wind_mapping_node-2] --> MAP did not converge after 1 iterations.
[gmrf_wind_mapping_node-2] [GMRF] MAP Mean value estimated in 10.1774 milliseconds
[gmrf_wind_mapping_node-2] --> MAP did not converge after 1 iterations.
[gmrf_wind_mapping_node-2] [GMRF] MAP Mean value estimated in 10.1778 milliseconds
[gmrf_wind_mapping_node-2] --> MAP did not converge after 1 iterations.
[gmrf_wind_mapping_node-2] [GMRF] MAP Mean value estimated in 10.1763 milliseconds
[gmrf_wind_mapping_node-2] --> MAP did not converge after 1 iterations.
[gmrf_wind_mapping_node-2] [GMRF] MAP Mean value estimated in 10.1786 milliseconds
[gmrf_wind_mapping_node-2] --> MAP did not converge after 1 iterations.
[gmrf_wind_mapping_node-2] [GMRF] MAP Mean value estimated in 10.1771 milliseconds
[gmrf_wind_mapping_node-2] --> MAP did not converge after 1 iterations.
[gmrf_wind_mapping_node-2] [GMRF] MAP Mean value estimated in 10.1784 milliseconds
[gsl_actionserver_node-3] [INFO] [1789221312.509850336] [GSL]: 10 gas measurements, 10 wind measurements over 1.99 seconds
[gsl_actionserver_node-3] [INFO] [1789221312.509930465] [GSL]: avg_gas=3.2e-06;  avg_windSpeed=0.03;  avg_wind_dir=-0.62
[gsl_actionserver_node-3] [INFO] [1789221312.510751087] [GSL]: [33mNOTHING [0m
[gsl_actionserver_node-3] [INFO] [1789221312.510764247] [GSL]: [DEBUG-WIND] useGroundTruth=false gmrf_req_size=631 gaden_req_size=-1
[gsl_actionserver_node-3] [INFO] [1789221312.510773325] [GSL]: [DEBUG-WIND] Taking GMRF path
[gsl_actionserver_node-3] [INFO] [1789221312.522413069] [GSL - Trace]: [32mEntering StopAndMeasure[0m
[gmrf_wind_mapping_node-2] --> MAP did not converge after 1 iterations.
[gmrf_wind_mapping_node-2] [GMRF] MAP Mean value estimated in 10.1778 milliseconds
[gmrf_wind_mapping_node-2] --> MAP did not converge after 1 iterations.
[gmrf_wind_mapping_node-2] [GMRF] MAP Mean value estimated in 10.1796 milliseconds
[gmrf_wind_mapping_node-2] --> MAP did not converge after 1 iterations.
[gmrf_wind_mapping_node-2] [GMRF] MAP Mean value estimated in 10.1809 milliseconds
[gmrf_wind_mapping_node-2] --> MAP did not converge after 1 iterations.
[gmrf_wind_mapping_node-2] [GMRF] MAP Mean value estimated in 10.1827 milliseconds
[gmrf_wind_mapping_node-2] --> MAP did not converge after 1 iterations.
[gmrf_wind_mapping_node-2] [GMRF] MAP Mean value estimated in 10.1817 milliseconds
[gmrf_wind_mapping_node-2] --> MAP did not converge after 1 iterations.
[gmrf_wind_mapping_node-2] [GMRF] MAP Mean value estimated in 10.1835 milliseconds
[gmrf_wind_mapping_node-2] --> MAP did not converge after 1 iterations.
[gmrf_wind_mapping_node-2] [GMRF] MAP Mean value estimated in 10.1852 milliseconds
[gmrf_wind_mapping_node-2] --> MAP did not converge after 1 iterations.
[gmrf_wind_mapping_node-2] [GMRF] MAP Mean value estimated in 10.1852 milliseconds
[gmrf_wind_mapping_node-2] --> MAP did not converge after 1 iterations.
[gmrf_wind_mapping_node-2] [GMRF] MAP Mean value estimated in 10.1837 milliseconds
[gmrf_wind_mapping_node-2] --> MAP did not converge after 1 iterations.
[gmrf_wind_mapping_node-2] [GMRF] MAP Mean value estimated in 10.1854 milliseconds
[gmrf_wind_mapping_node-2] --> MAP did not converge after 1 iterations.
[gmrf_wind_mapping_node-2] [GMRF] MAP Mean value estimated in 10.1835 milliseconds
[gmrf_wind_mapping_node-2] --> MAP did not converge after 1 iterations.
[gmrf_wind_mapping_node-2] [GMRF] MAP Mean value estimated in 10.1839 milliseconds
[gmrf_wind_mapping_node-2] --> MAP did not converge after 1 iterations.
[gmrf_wind_mapping_node-2] [GMRF] MAP Mean value estimated in 10.1838 milliseconds
[gmrf_wind_mapping_node-2] --> MAP did not converge after 1 iterations.
[gmrf_wind_mapping_node-2] [GMRF] MAP Mean value estimated in 10.1846 milliseconds
[gmrf_wind_mapping_node-2] --> MAP did not converge after 1 iterations.
[gmrf_wind_mapping_node-2] [GMRF] MAP Mean value estimated in 10.1859 milliseconds
[gmrf_wind_mapping_node-2] --> MAP did not converge after 1 iterations.
[gmrf_wind_mapping_node-2] [GMRF] MAP Mean value estimated in 10.1872 milliseconds
[gmrf_wind_mapping_node-2] --> MAP did not converge after 1 iterations.
[gmrf_wind_mapping_node-2] [GMRF] MAP Mean value estimated in 10.1862 milliseconds
[gmrf_wind_mapping_node-2] --> MAP did not converge after 1 iterations.
[gmrf_wind_mapping_node-2] [GMRF] MAP Mean value estimated in 10.1871 milliseconds
[gmrf_wind_mapping_node-2] --> MAP did not converge after 1 iterations.
[gmrf_wind_mapping_node-2] [GMRF] MAP Mean value estimated in 10.1856 milliseconds
[gmrf_wind_mapping_node-2] --> MAP did not converge after 1 iterations.
[gmrf_wind_mapping_node-2] [GMRF] MAP Mean value estimated in 10.1869 milliseconds
[gmrf_wind_mapping_node-2] --> MAP did not converge after 1 iterations.
[gmrf_wind_mapping_node-2] [GMRF] MAP Mean value estimated in 10.1868 milliseconds
[gmrf_wind_mapping_node-2] --> MAP did not converge after 1 iterations.
[gmrf_wind_mapping_node-2] [GMRF] MAP Mean value estimated in 10.1849 milliseconds
[gsl_actionserver_node-3] [INFO] [1789221314.709885428] [GSL]: 10 gas measurements, 10 wind measurements over 2.19 seconds
[gsl_actionserver_node-3] [INFO] [1789221314.709948573] [GSL]: avg_gas=6e-07;  avg_windSpeed=0.032;  avg_wind_dir=-0.037
[gsl_actionserver_node-3] [INFO] [1789221314.710599238] [GSL]: [33mNOTHING [0m
[gsl_actionserver_node-3] [INFO] [1789221314.710609410] [GSL]: [DEBUG-WIND] useGroundTruth=false gmrf_req_size=631 gaden_req_size=-1
[gsl_actionserver_node-3] [INFO] [1789221314.710869517] [GSL]: [DEBUG-WIND] Taking GMRF path
[gmrf_wind_mapping_node-2] --> MAP did not converge after 1 iterations.
[gmrf_wind_mapping_node-2] [GMRF] MAP Mean value estimated in 10.1843 milliseconds
[gsl_actionserver_node-3] [INFO] [1789221314.734344066] [GSL]: Max mutual info: 2.640
[gsl_actionserver_node-3] [INFO] [1789221314.734479617] [GSL]: MutualInformation - Ellapsed: 0.013s
[vgr_sim_node-1] [WARN] [1789221314.740138414] [vgr_uav_sim]: PLAN_CB: called with goal=(-3.14,-3.10)
[vgr_sim_node-1] [WARN] [1789221314.742134260] [vgr_uav_sim]: PLAN_CB: returning 7 poses
[vgr_sim_node-1] [WARN] [1789221314.754889634] [vgr_uav_sim]: PLAN_CB: called with goal=(-3.14,-3.10)
[vgr_sim_node-1] [WARN] [1789221314.756565035] [vgr_uav_sim]: PLAN_CB: returning 7 poses
[gsl_actionserver_node-3] [INFO] [1789221314.765669989] [GSL]: Sending goal (-3.14, -3.10)
[gsl_actionserver_node-3] [INFO] [1789221314.766207385] [GSL]: Variance: 0.27
[gsl_actionserver_node-3] [INFO] [1789221314.766231073] [GSL - Trace]: [32mEntering Moving[0m
[vgr_sim_node-1] [INFO] [1789221314.767668038] [vgr_uav_sim]: Prepared 7 collision-free navigation waypoints to (-3.14, -3.10)
[vgr_sim_node-1] [INFO] [1789221314.768773626] [vgr_uav_sim]: UAV navigating in audited 2-D mode to (-3.14, -3.10, 0.30)
[gmrf_wind_mapping_node-2] --> MAP did not converge after 1 iterations.
[gmrf_wind_mapping_node-2] [GMRF] MAP Mean value estimated in 10.1852 milliseconds
[gmrf_wind_mapping_node-2] --> MAP did not converge after 1 iterations.
[gmrf_wind_mapping_node-2] [GMRF] MAP Mean value estimated in 10.1874 milliseconds
[gmrf_wind_mapping_node-2] --> MAP did not converge after 1 iterations.
[gmrf_wind_mapping_node-2] [GMRF] MAP Mean value estimated in 10.1878 milliseconds
[gmrf_wind_mapping_node-2] --> MAP did not converge after 1 iterations.
[gmrf_wind_mapping_node-2] [GMRF] MAP Mean value estimated in 10.1881 milliseconds
[gmrf_wind_mapping_node-2] --> MAP did not converge after 1 iterations.
[gmrf_wind_mapping_node-2] [GMRF] MAP Mean value estimated in 10.189 milliseconds
[gmrf_wind_mapping_node-2] --> MAP did not converge after 1 iterations.
[gmrf_wind_mapping_node-2] [GMRF] MAP Mean value estimated in 10.1875 milliseconds
[gmrf_wind_mapping_node-2] --> MAP did not converge after 1 iterations.
[gmrf_wind_mapping_node-2] [GMRF] MAP Mean value estimated in 10.1888 milliseconds
[gmrf_wind_mapping_node-2] --> MAP did not converge after 1 iterations.
[gmrf_wind_mapping_node-2] [GMRF] MAP Mean value estimated in 10.1905 milliseconds
[gmrf_wind_mapping_node-2] --> MAP did not converge after 1 iterations.
[gmrf_wind_mapping_node-2] [GMRF] MAP Mean value estimated in 10.1923 milliseconds
[gmrf_wind_mapping_node-2] --> MAP did not converge after 1 iterations.
[gmrf_wind_mapping_node-2] [GMRF] MAP Mean value estimated in 10.1913 milliseconds
[gmrf_wind_mapping_node-2] --> MAP did not converge after 1 iterations.
[gmrf_wind_mapping_node-2] [GMRF] MAP Mean value estimated in 10.1921 milliseconds
[gsl_actionserver_node-3] [INFO] [1789221315.910195090] [GSL - Trace]: [32mEntering StopAndMeasure[0m
[gmrf_wind_mapping_node-2] --> MAP did not converge after 1 iterations.
[gmrf_wind_mapping_node-2] [GMRF] MAP Mean value estimated in 10.1907 milliseconds
[gmrf_wind_mapping_node-2] --> MAP did not converge after 1 iterations.
[gmrf_wind_mapping_node-2] [GMRF] MAP Mean value estimated in 10.1892 milliseconds
[gmrf_wind_mapping_node-2] --> MAP did not converge after 1 iterations.
[gmrf_wind_mapping_node-2] [GMRF] MAP Mean value estimated in 10.1909 milliseconds
[gmrf_wind_mapping_node-2] --> MAP did not converge after 1 iterations.
[gmrf_wind_mapping_node-2] [GMRF] MAP Mean value estimated in 10.1936 milliseconds
[gmrf_wind_mapping_node-2] --> MAP did not converge after 1 iterations.
[gmrf_wind_mapping_node-2] [GMRF] MAP Mean value estimated in 10.1921 milliseconds
[gmrf_wind_mapping_node-2] --> MAP did not converge after 1 iterations.
[gmrf_wind_mapping_node-2] [GMRF] MAP Mean value estimated in 10.1916 milliseconds
[gmrf_wind_mapping_node-2] --> MAP did not converge after 1 iterations.
[gmrf_wind_mapping_node-2] [GMRF] MAP Mean value estimated in 10.1933 milliseconds
[gmrf_wind_mapping_node-2] --> MAP did not converge after 1 iterations.
[gmrf_wind_mapping_node-2] [GMRF] MAP Mean value estimated in 10.1932 milliseconds
[gmrf_wind_mapping_node-2] --> MAP did not converge after 1 iterations.
[gmrf_wind_mapping_node-2] [GMRF] MAP Mean value estimated in 10.1918 milliseconds
[gmrf_wind_mapping_node-2] --> MAP did not converge after 1 iterations.
[gmrf_wind_mapping_node-2] [GMRF] MAP Mean value estimated in 10.194 milliseconds
[gmrf_wind_mapping_node-2] --> MAP did not converge after 1 iterations.
[gmrf_wind_mapping_node-2] [GMRF] MAP Mean value estimated in 10.1953 milliseconds
[gmrf_wind_mapping_node-2] --> MAP did not converge after 1 iterations.
[gmrf_wind_mapping_node-2] [GMRF] MAP Mean value estimated in 10.1956 milliseconds
[gmrf_wind_mapping_node-2] --> MAP did not converge after 1 iterations.
[gmrf_wind_mapping_node-2] [GMRF] MAP Mean value estimated in 10.1974 milliseconds
[gmrf_wind_mapping_node-2] --> MAP did not converge after 1 iterations.
[gmrf_wind_mapping_node-2] [GMRF] MAP Mean value estimated in 10.1982 milliseconds
[gmrf_wind_mapping_node-2] --> MAP did not converge after 1 iterations.
[gmrf_wind_mapping_node-2] [GMRF] MAP Mean value estimated in 10.1972 milliseconds
[gmrf_wind_mapping_node-2] --> MAP did not converge after 1 iterations.
[gmrf_wind_mapping_node-2] [GMRF] MAP Mean value estimated in 10.1966 milliseconds
[gmrf_wind_mapping_node-2] --> MAP did not converge after 1 iterations.
[gmrf_wind_mapping_node-2] [GMRF] MAP Mean value estimated in 10.1956 milliseconds
[gmrf_wind_mapping_node-2] --> MAP did not converge after 1 iterations.
[gmrf_wind_mapping_node-2] [GMRF] MAP Mean value estimated in 10.1978 milliseconds
[gmrf_wind_mapping_node-2] --> MAP did not converge after 1 iterations.
[gmrf_wind_mapping_node-2] [GMRF] MAP Mean value estimated in 10.1991 milliseconds
[gmrf_wind_mapping_node-2] --> MAP did not converge after 1 iterations.
[gmrf_wind_mapping_node-2] [GMRF] MAP Mean value estimated in 10.2004 milliseconds
[gsl_actionserver_node-3] [INFO] [1789221317.859998151] [GSL]: 10 gas measurements, 10 wind measurements over 1.95 seconds
[gsl_actionserver_node-3] [INFO] [1789221317.860055626] [GSL]: avg_gas=3.5e-08;  avg_windSpeed=0.028;  avg_wind_dir=-3
[gsl_actionserver_node-3] [INFO] [1789221317.860751819] [GSL]: [33mNOTHING [0m
[gsl_actionserver_node-3] [INFO] [1789221317.860763526] [GSL]: [DEBUG-WIND] useGroundTruth=false gmrf_req_size=631 gaden_req_size=-1
[gsl_actionserver_node-3] [INFO] [1789221317.860771174] [GSL]: [DEBUG-WIND] Taking GMRF path
[gsl_actionserver_node-3] [INFO] [1789221317.922174784] [GSL - Trace]: [32mEntering StopAndMeasure[0m
[gmrf_wind_mapping_node-2] --> MAP did not converge after 1 iterations.
[gmrf_wind_mapping_node-2] [GMRF] MAP Mean value estimated in 10.2016 milliseconds
[gmrf_wind_mapping_node-2] --> MAP did not converge after 1 iterations.
[gmrf_wind_mapping_node-2] [GMRF] MAP Mean value estimated in 10.2038 milliseconds
[gmrf_wind_mapping_node-2] --> MAP did not converge after 1 iterations.
[gmrf_wind_mapping_node-2] [GMRF] MAP Mean value estimated in 10.2028 milliseconds
[gmrf_wind_mapping_node-2] --> MAP did not converge after 1 iterations.
[gmrf_wind_mapping_node-2] [GMRF] MAP Mean value estimated in 10.2032 milliseconds
[gmrf_wind_mapping_node-2] --> MAP did not converge after 1 iterations.
[gmrf_wind_mapping_node-2] [GMRF] MAP Mean value estimated in 10.2017 milliseconds
[gmrf_wind_mapping_node-2] --> MAP did not converge after 1 iterations.
[gmrf_wind_mapping_node-2] [GMRF] MAP Mean value estimated in 10.2012 milliseconds
[gmrf_wind_mapping_node-2] --> MAP did not converge after 1 iterations.
[gmrf_wind_mapping_node-2] [GMRF] MAP Mean value estimated in 10.2024 milliseconds
[gmrf_wind_mapping_node-2] --> MAP did not converge after 1 iterations.
[gmrf_wind_mapping_node-2] [GMRF] MAP Mean value estimated in 10.2042 milliseconds
[gmrf_wind_mapping_node-2] --> MAP did not converge after 1 iterations.
[gmrf_wind_mapping_node-2] [GMRF] MAP Mean value estimated in 10.2054 milliseconds
[gmrf_wind_mapping_node-2] --> MAP did not converge after 1 iterations.
[gmrf_wind_mapping_node-2] [GMRF] MAP Mean value estimated in 10.204 milliseconds
[gmrf_wind_mapping_node-2] --> MAP did not converge after 1 iterations.
[gmrf_wind_mapping_node-2] [GMRF] MAP Mean value estimated in 10.2052 milliseconds
[gmrf_wind_mapping_node-2] --> MAP did not converge after 1 iterations.
[gmrf_wind_mapping_node-2] [GMRF] MAP Mean value estimated in 10.2074 milliseconds
[gmrf_wind_mapping_node-2] --> MAP did not converge after 1 iterations.
[gmrf_wind_mapping_node-2] [GMRF] MAP Mean value estimated in 10.2091 milliseconds
[gmrf_wind_mapping_node-2] --> MAP did not converge after 1 iterations.
[gmrf_wind_mapping_node-2] [GMRF] MAP Mean value estimated in 10.2086 milliseconds
[gmrf_wind_mapping_node-2] --> MAP did not converge after 1 iterations.
[gmrf_wind_mapping_node-2] [GMRF] MAP Mean value estimated in 10.2071 milliseconds
[gmrf_wind_mapping_node-2] --> MAP did not converge after 1 iterations.
[gmrf_wind_mapping_node-2] [GMRF] MAP Mean value estimated in 10.2057 milliseconds
[gmrf_wind_mapping_node-2] --> MAP did not converge after 1 iterations.
[gmrf_wind_mapping_node-2] [GMRF] MAP Mean value estimated in 10.2042 milliseconds
[gmrf_wind_mapping_node-2] --> MAP did not converge after 1 iterations.
[gmrf_wind_mapping_node-2] [GMRF] MAP Mean value estimated in 10.2055 milliseconds
[gmrf_wind_mapping_node-2] --> MAP did not converge after 1 iterations.
[gmrf_wind_mapping_node-2] [GMRF] MAP Mean value estimated in 10.2063 milliseconds
[gmrf_wind_mapping_node-2] --> MAP did not converge after 1 iterations.
[gmrf_wind_mapping_node-2] [GMRF] MAP Mean value estimated in 10.208 milliseconds
[gsl_actionserver_node-3] [INFO] [1789221319.910002562] [GSL]: 10 gas measurements, 10 wind measurements over 1.99 seconds
[gsl_actionserver_node-3] [INFO] [1789221319.910621318] [GSL]: avg_gas=6.6e-09;  avg_windSpeed=0.042;  avg_wind_dir=-2.6
[gsl_actionserver_node-3] [INFO] [1789221319.911537846] [GSL]: [33mNOTHING [0m
[gsl_actionserver_node-3] [INFO] [1789221319.911552536] [GSL]: [DEBUG-WIND] useGroundTruth=false gmrf_req_size=631 gaden_req_size=-1
[gsl_actionserver_node-3] [INFO] [1789221319.911562408] [GSL]: [DEBUG-WIND] Taking GMRF path
[gsl_actionserver_node-3] [INFO] [1789221319.922044755] [GSL - Trace]: [32mEntering StopAndMeasure[0m
[gmrf_wind_mapping_node-2] --> MAP did not converge after 1 iterations.
[gmrf_wind_mapping_node-2] [GMRF] MAP Mean value estimated in 10.207 milliseconds
[gmrf_wind_mapping_node-2] --> MAP did not converge after 1 iterations.
[gmrf_wind_mapping_node-2] [GMRF] MAP Mean value estimated in 10.2087 milliseconds
[gmrf_wind_mapping_node-2] --> MAP did not converge after 1 iterations.
[gmrf_wind_mapping_node-2] [GMRF] MAP Mean value estimated in 10.2082 milliseconds
[gmrf_wind_mapping_node-2] --> MAP did not converge after 1 iterations.
[gmrf_wind_mapping_node-2] [GMRF] MAP Mean value estimated in 10.2072 milliseconds
[gmrf_wind_mapping_node-2] --> MAP did not converge after 1 iterations.
[gmrf_wind_mapping_node-2] [GMRF] MAP Mean value estimated in 10.2066 milliseconds
[gmrf_wind_mapping_node-2] --> MAP did not converge after 1 iterations.
[gmrf_wind_mapping_node-2] [GMRF] MAP Mean value estimated in 10.2093 milliseconds
[gmrf_wind_mapping_node-2] --> MAP did not converge after 1 iterations.
[gmrf_wind_mapping_node-2] [GMRF] MAP Mean value estimated in 10.2105 milliseconds
[gmrf_wind_mapping_node-2] --> MAP did not converge after 1 iterations.
[gmrf_wind_mapping_node-2] [GMRF] MAP Mean value estimated in 10.2095 milliseconds
[gmrf_wind_mapping_node-2] --> MAP did not converge after 1 iterations.
[gmrf_wind_mapping_node-2] [GMRF] MAP Mean value estimated in 10.2108 milliseconds
[gmrf_wind_mapping_node-2] --> MAP did not converge after 1 iterations.
[gmrf_wind_mapping_node-2] [GMRF] MAP Mean value estimated in 10.2107 milliseconds
[gmrf_wind_mapping_node-2] --> MAP did not converge after 1 iterations.
[gmrf_wind_mapping_node-2] [GMRF] MAP Mean value estimated in 10.211 milliseconds
[gmrf_wind_mapping_node-2] --> MAP did not converge after 1 iterations.
[gmrf_wind_mapping_node-2] [GMRF] MAP Mean value estimated in 10.2136 milliseconds
[gmrf_wind_mapping_node-2] --> MAP did not converge after 1 iterations.
[gmrf_wind_mapping_node-2] [GMRF] MAP Mean value estimated in 10.2126 milliseconds
[gmrf_wind_mapping_node-2] --> MAP did not converge after 1 iterations.
[gmrf_wind_mapping_node-2] [GMRF] MAP Mean value estimated in 10.2148 milliseconds
[gmrf_wind_mapping_node-2] --> MAP did not converge after 1 iterations.
[gmrf_wind_mapping_node-2] [GMRF] MAP Mean value estimated in 10.2138 milliseconds
[gmrf_wind_mapping_node-2] --> MAP did not converge after 1 iterations.
[gmrf_wind_mapping_node-2] [GMRF] MAP Mean value estimated in 10.2155 milliseconds
[gmrf_wind_mapping_node-2] --> MAP did not converge after 1 iterations.
[gmrf_wind_mapping_node-2] [GMRF] MAP Mean value estimated in 10.2145 milliseconds
[gmrf_wind_mapping_node-2] --> MAP did not converge after 1 iterations.
[gmrf_wind_mapping_node-2] [GMRF] MAP Mean value estimated in 10.2162 milliseconds
[gmrf_wind_mapping_node-2] --> MAP did not converge after 1 iterations.
[gmrf_wind_mapping_node-2] [GMRF] MAP Mean value estimated in 10.2179 milliseconds
[gmrf_wind_mapping_node-2] --> MAP did not converge after 1 iterations.
[gmrf_wind_mapping_node-2] [GMRF] MAP Mean value estimated in 10.2195 milliseconds
[gsl_actionserver_node-3] [INFO] [1789221321.859832290] [GSL]: 10 gas measurements, 10 wind measurements over 1.94 seconds
[gsl_actionserver_node-3] [INFO] [1789221321.859893186] [GSL]: avg_gas=1.3e-09;  avg_windSpeed=0.028;  avg_wind_dir=-3
[gsl_actionserver_node-3] [INFO] [1789221321.860477280] [GSL]: [33mNOTHING [0m
[gsl_actionserver_node-3] [INFO] [1789221321.860487042] [GSL]: [DEBUG-WIND] useGroundTruth=false gmrf_req_size=631 gaden_req_size=-1
[gsl_actionserver_node-3] [INFO] [1789221321.860493877] [GSL]: [DEBUG-WIND] Taking GMRF path
[gsl_actionserver_node-3] [INFO] [1789221321.922018165] [GSL - Trace]: [32mEntering StopAndMeasure[0m
[gmrf_wind_mapping_node-2] --> MAP did not converge after 1 iterations.
[gmrf_wind_mapping_node-2] [GMRF] MAP Mean value estimated in 10.2181 milliseconds
[gmrf_wind_mapping_node-2] --> MAP did not converge after 1 iterations.
[gmrf_wind_mapping_node-2] [GMRF] MAP Mean value estimated in 10.2193 milliseconds
[gmrf_wind_mapping_node-2] --> MAP did not converge after 1 iterations.
[gmrf_wind_mapping_node-2] [GMRF] MAP Mean value estimated in 10.2179 milliseconds
[gmrf_wind_mapping_node-2] --> MAP did not converge after 1 iterations.
[gmrf_wind_mapping_node-2] [GMRF] MAP Mean value estimated in 10.2187 milliseconds
[gmrf_wind_mapping_node-2] --> MAP did not converge after 1 iterations.
[gmrf_wind_mapping_node-2] [GMRF] MAP Mean value estimated in 10.2177 milliseconds
[gmrf_wind_mapping_node-2] --> MAP did not converge after 1 iterations.
[gmrf_wind_mapping_node-2] [GMRF] MAP Mean value estimated in 10.2163 milliseconds
[gmrf_wind_mapping_node-2] --> MAP did not converge after 1 iterations.
[gmrf_wind_mapping_node-2] [GMRF] MAP Mean value estimated in 10.2153 milliseconds
[gmrf_wind_mapping_node-2] --> MAP did not converge after 1 iterations.
[gmrf_wind_mapping_node-2] [GMRF] MAP Mean value estimated in 10.217 milliseconds
[gmrf_wind_mapping_node-2] --> MAP did not converge after 1 iterations.
[gmrf_wind_mapping_node-2] [GMRF] MAP Mean value estimated in 10.2169 milliseconds
[gmrf_wind_mapping_node-2] --> MAP did not converge after 1 iterations.
[gmrf_wind_mapping_node-2] [GMRF] MAP Mean value estimated in 10.2155 milliseconds
[gmrf_wind_mapping_node-2] --> MAP did not converge after 1 iterations.
[gmrf_wind_mapping_node-2] [GMRF] MAP Mean value estimated in 10.2171 milliseconds
[gmrf_wind_mapping_node-2] --> MAP did not converge after 1 iterations.
[gmrf_wind_mapping_node-2] [GMRF] MAP Mean value estimated in 10.2184 milliseconds
[gmrf_wind_mapping_node-2] --> MAP did not converge after 1 iterations.
[gmrf_wind_mapping_node-2] [GMRF] MAP Mean value estimated in 10.2192 milliseconds
[gmrf_wind_mapping_node-2] --> MAP did not converge after 1 iterations.
[gmrf_wind_mapping_node-2] [GMRF] MAP Mean value estimated in 10.2195 milliseconds
[gmrf_wind_mapping_node-2] --> MAP did not converge after 1 iterations.
[gmrf_wind_mapping_node-2] [GMRF] MAP Mean value estimated in 10.2181 milliseconds
[gmrf_wind_mapping_node-2] --> MAP did not converge after 1 iterations.
[gmrf_wind_mapping_node-2] [GMRF] MAP Mean value estimated in 10.2189 milliseconds
[gmrf_wind_mapping_node-2] --> MAP did not converge after 1 iterations.
[gmrf_wind_mapping_node-2] [GMRF] MAP Mean value estimated in 10.221 milliseconds
[gmrf_wind_mapping_node-2] --> MAP did not converge after 1 iterations.
[gmrf_wind_mapping_node-2] [GMRF] MAP Mean value estimated in 10.2196 milliseconds
[gmrf_wind_mapping_node-2] --> MAP did not converge after 1 iterations.
[gmrf_wind_mapping_node-2] [GMRF] MAP Mean value estimated in 10.2217 milliseconds
[gmrf_wind_mapping_node-2] --> MAP did not converge after 1 iterations.
[gmrf_wind_mapping_node-2] [GMRF] MAP Mean value estimated in 10.2225 milliseconds
[gsl_actionserver_node-3] [INFO] [1789221323.859770129] [GSL]: 10 gas measurements, 10 wind measurements over 1.94 seconds
[gsl_actionserver_node-3] [INFO] [1789221323.860105015] [GSL]: avg_gas=2.4e-10;  avg_windSpeed=0.042;  avg_wind_dir=-2.6
[gsl_actionserver_node-3] [INFO] [1789221323.860774232] [GSL]: [33mNOTHING [0m
[gsl_actionserver_node-3] [INFO] [1789221323.860785920] [GSL]: [DEBUG-WIND] useGroundTruth=false gmrf_req_size=631 gaden_req_size=-1
[gsl_actionserver_node-3] [INFO] [1789221323.860792952] [GSL]: [DEBUG-WIND] Taking GMRF path
[gsl_actionserver_node-3] [INFO] [1789221323.922300913] [GSL - Trace]: [32mEntering StopAndMeasure[0m
[gmrf_wind_mapping_node-2] --> MAP did not converge after 1 iterations.
[gmrf_wind_mapping_node-2] [GMRF] MAP Mean value estimated in 10.2237 milliseconds
[gmrf_wind_mapping_node-2] --> MAP did not converge after 1 iterations.
[gmrf_wind_mapping_node-2] [GMRF] MAP Mean value estimated in 10.2227 milliseconds
[gmrf_wind_mapping_node-2] --> MAP did not converge after 1 iterations.
[gmrf_wind_mapping_node-2] [GMRF] MAP Mean value estimated in 10.2213 milliseconds
[gmrf_wind_mapping_node-2] --> MAP did not converge after 1 iterations.
[gmrf_wind_mapping_node-2] [GMRF] MAP Mean value estimated in 10.2199 milliseconds
[gmrf_wind_mapping_node-2] --> MAP did not converge after 1 iterations.
[gmrf_wind_mapping_node-2] [GMRF] MAP Mean value estimated in 10.218 milliseconds
[gmrf_wind_mapping_node-2] --> MAP did not converge after 1 iterations.
[gmrf_wind_mapping_node-2] [GMRF] MAP Mean value estimated in 10.2184 milliseconds
[gmrf_wind_mapping_node-2] --> MAP did not converge after 1 iterations.
[gmrf_wind_mapping_node-2] [GMRF] MAP Mean value estimated in 10.2205 milliseconds
[gmrf_wind_mapping_node-2] --> MAP did not converge after 1 iterations.
[gmrf_wind_mapping_node-2] [GMRF] MAP Mean value estimated in 10.2199 milliseconds
[gmrf_wind_mapping_node-2] --> MAP did not converge after 1 iterations.
[gmrf_wind_mapping_node-2] [GMRF] MAP Mean value estimated in 10.222 milliseconds
[gmrf_wind_mapping_node-2] --> MAP did not converge after 1 iterations.
[gmrf_wind_mapping_node-2] [GMRF] MAP Mean value estimated in 10.2215 milliseconds
[gmrf_wind_mapping_node-2] --> MAP did not converge after 1 iterations.
[gmrf_wind_mapping_node-2] [GMRF] MAP Mean value estimated in 10.2214 milliseconds
[gmrf_wind_mapping_node-2] --> MAP did not converge after 1 iterations.
[gmrf_wind_mapping_node-2] [GMRF] MAP Mean value estimated in 10.2226 milliseconds
[gmrf_wind_mapping_node-2] --> MAP did not converge after 1 iterations.
[gmrf_wind_mapping_node-2] [GMRF] MAP Mean value estimated in 10.2238 milliseconds
[gmrf_wind_mapping_node-2] --> MAP did not converge after 1 iterations.
[gmrf_wind_mapping_node-2] [GMRF] MAP Mean value estimated in 10.2251 milliseconds
[gmrf_wind_mapping_node-2] --> MAP did not converge after 1 iterations.
[gmrf_wind_mapping_node-2] [GMRF] MAP Mean value estimated in 10.2245 milliseconds
[gmrf_wind_mapping_node-2] --> MAP did not converge after 1 iterations.
[gmrf_wind_mapping_node-2] [GMRF] MAP Mean value estimated in 10.2244 milliseconds
[gmrf_wind_mapping_node-2] --> MAP did not converge after 1 iterations.
[gmrf_wind_mapping_node-2] [GMRF] MAP Mean value estimated in 10.2256 milliseconds
[gmrf_wind_mapping_node-2] --> MAP did not converge after 1 iterations.
[gmrf_wind_mapping_node-2] [GMRF] MAP Mean value estimated in 10.226 milliseconds
[gmrf_wind_mapping_node-2] --> MAP did not converge after 1 iterations.
[gmrf_wind_mapping_node-2] [GMRF] MAP Mean value estimated in 10.2268 milliseconds
[gmrf_wind_mapping_node-2] --> MAP did not converge after 1 iterations.
[gmrf_wind_mapping_node-2] [GMRF] MAP Mean value estimated in 10.228 milliseconds
[gsl_actionserver_node-3] [INFO] [1789221325.909968502] [GSL]: 10 gas measurements, 10 wind measurements over 1.99 seconds
[gsl_actionserver_node-3] [INFO] [1789221325.910082602] [GSL]: avg_gas=4.5e-11;  avg_windSpeed=0.031;  avg_wind_dir=-2.7
[gsl_actionserver_node-3] [INFO] [1789221325.911086130] [GSL]: [33mNOTHING [0m
[gsl_actionserver_node-3] [INFO] [1789221325.911103227] [GSL]: [DEBUG-WIND] useGroundTruth=false gmrf_req_size=631 gaden_req_size=-1
[gsl_actionserver_node-3] [INFO] [1789221325.911114231] [GSL]: [DEBUG-WIND] Taking GMRF path
[gsl_actionserver_node-3] [INFO] [1789221325.922018439] [GSL - Trace]: [32mEntering StopAndMeasure[0m
[gmrf_wind_mapping_node-2] --> MAP did not converge after 1 iterations.
[gmrf_wind_mapping_node-2] [GMRF] MAP Mean value estimated in 10.2287 milliseconds
[gmrf_wind_mapping_node-2] --> MAP did not converge after 1 iterations.
[gmrf_wind_mapping_node-2] [GMRF] MAP Mean value estimated in 10.2304 milliseconds
[gmrf_wind_mapping_node-2] --> MAP did not converge after 1 iterations.
[gmrf_wind_mapping_node-2] [GMRF] MAP Mean value estimated in 10.232 milliseconds
[gmrf_wind_mapping_node-2] --> MAP did not converge after 1 iterations.
[gmrf_wind_mapping_node-2] [GMRF] MAP Mean value estimated in 10.2328 milliseconds
[gmrf_wind_mapping_node-2] --> MAP did not converge after 1 iterations.
[gmrf_wind_mapping_node-2] [GMRF] MAP Mean value estimated in 10.2318 milliseconds
[gmrf_wind_mapping_node-2] --> MAP did not converge after 1 iterations.
[gmrf_wind_mapping_node-2] [GMRF] MAP Mean value estimated in 10.2326 milliseconds
[gmrf_wind_mapping_node-2] --> MAP did not converge after 1 iterations.
[gmrf_wind_mapping_node-2] [GMRF] MAP Mean value estimated in 10.2338 milliseconds
[gmrf_wind_mapping_node-2] --> MAP did not converge after 1 iterations.
[gmrf_wind_mapping_node-2] [GMRF] MAP Mean value estimated in 10.2359 milliseconds
[gmrf_wind_mapping_node-2] --> MAP did not converge after 1 iterations.
[gmrf_wind_mapping_node-2] [GMRF] MAP Mean value estimated in 10.2354 milliseconds
[gmrf_wind_mapping_node-2] --> MAP did not converge after 1 iterations.
[gmrf_wind_mapping_node-2] [GMRF] MAP Mean value estimated in 10.234 milliseconds
[gmrf_wind_mapping_node-2] --> MAP did not converge after 1 iterations.
[gmrf_wind_mapping_node-2] [GMRF] MAP Mean value estimated in 10.233 milliseconds
[gmrf_wind_mapping_node-2] --> MAP did not converge after 1 iterations.
[gmrf_wind_mapping_node-2] [GMRF] MAP Mean value estimated in 10.232 milliseconds
[gmrf_wind_mapping_node-2] --> MAP did not converge after 1 iterations.
[gmrf_wind_mapping_node-2] [GMRF] MAP Mean value estimated in 10.2306 milliseconds
[gmrf_wind_mapping_node-2] --> MAP did not converge after 1 iterations.
[gmrf_wind_mapping_node-2] [GMRF] MAP Mean value estimated in 10.2292 milliseconds
[gmrf_wind_mapping_node-2] --> MAP did not converge after 1 iterations.
[gmrf_wind_mapping_node-2] [GMRF] MAP Mean value estimated in 10.2278 milliseconds
[gmrf_wind_mapping_node-2] --> MAP did not converge after 1 iterations.
[gmrf_wind_mapping_node-2] [GMRF] MAP Mean value estimated in 10.2264 milliseconds
[gmrf_wind_mapping_node-2] --> MAP did not converge after 1 iterations.
[gmrf_wind_mapping_node-2] [GMRF] MAP Mean value estimated in 10.2272 milliseconds
[gmrf_wind_mapping_node-2] --> MAP did not converge after 1 iterations.
[gmrf_wind_mapping_node-2] [GMRF] MAP Mean value estimated in 10.2288 milliseconds
[gmrf_wind_mapping_node-2] --> MAP did not converge after 1 iterations.
[gmrf_wind_mapping_node-2] [GMRF] MAP Mean value estimated in 10.2278 milliseconds
[gmrf_wind_mapping_node-2] --> MAP did not converge after 1 iterations.
[gmrf_wind_mapping_node-2] [GMRF] MAP Mean value estimated in 10.2273 milliseconds
[gsl_actionserver_node-3] [INFO] [1789221327.859809432] [GSL]: 10 gas measurements, 10 wind measurements over 1.94 seconds
[gsl_actionserver_node-3] [INFO] [1789221327.860163680] [GSL]: avg_gas=8.4e-12;  avg_windSpeed=0.035;  avg_wind_dir=-2.7
[gsl_actionserver_node-3] [INFO] [1789221327.860829045] [GSL]: [33mNOTHING [0m
[gsl_actionserver_node-3] [INFO] [1789221327.860844136] [GSL]: [DEBUG-WIND] useGroundTruth=false gmrf_req_size=631 gaden_req_size=-1
[gsl_actionserver_node-3] [INFO] [1789221327.860851193] [GSL]: [DEBUG-WIND] Taking GMRF path
[gsl_actionserver_node-3] [INFO] [1789221327.922111097] [GSL - Trace]: [32mEntering StopAndMeasure[0m
[gmrf_wind_mapping_node-2] --> MAP did not converge after 1 iterations.
[gmrf_wind_mapping_node-2] [GMRF] MAP Mean value estimated in 10.2259 milliseconds
[gmrf_wind_mapping_node-2] --> MAP did not converge after 1 iterations.
[gmrf_wind_mapping_node-2] [GMRF] MAP Mean value estimated in 10.2245 milliseconds
[gmrf_wind_mapping_node-2] --> MAP did not converge after 1 iterations.
[gmrf_wind_mapping_node-2] [GMRF] MAP Mean value estimated in 10.2253 milliseconds
[gmrf_wind_mapping_node-2] --> MAP did not converge after 1 iterations.
[gmrf_wind_mapping_node-2] [GMRF] MAP Mean value estimated in 10.2239 milliseconds
[gmrf_wind_mapping_node-2] --> MAP did not converge after 1 iterations.
[gmrf_wind_mapping_node-2] [GMRF] MAP Mean value estimated in 10.2233 milliseconds
[gmrf_wind_mapping_node-2] --> MAP did not converge after 1 iterations.
[gmrf_wind_mapping_node-2] [GMRF] MAP Mean value estimated in 10.2219 milliseconds
[gmrf_wind_mapping_node-2] --> MAP did not converge after 1 iterations.
[gmrf_wind_mapping_node-2] [GMRF] MAP Mean value estimated in 10.2201 milliseconds
[gmrf_wind_mapping_node-2] --> MAP did not converge after 1 iterations.
[gmrf_wind_mapping_node-2] [GMRF] MAP Mean value estimated in 10.2187 milliseconds
[gmrf_wind_mapping_node-2] --> MAP did not converge after 1 iterations.
[gmrf_wind_mapping_node-2] [GMRF] MAP Mean value estimated in 10.2173 milliseconds
[gmrf_wind_mapping_node-2] --> MAP did not converge after 1 iterations.
[gmrf_wind_mapping_node-2] [GMRF] MAP Mean value estimated in 10.2159 milliseconds
[gmrf_wind_mapping_node-2] --> MAP did not converge after 1 iterations.
[gmrf_wind_mapping_node-2] [GMRF] MAP Mean value estimated in 10.2145 milliseconds
[gmrf_wind_mapping_node-2] --> MAP did not converge after 1 iterations.
[gmrf_wind_mapping_node-2] [GMRF] MAP Mean value estimated in 10.2157 milliseconds
[gmrf_wind_mapping_node-2] --> MAP did not converge after 1 iterations.
[gmrf_wind_mapping_node-2] [GMRF] MAP Mean value estimated in 10.2169 milliseconds
[gmrf_wind_mapping_node-2] --> MAP did not converge after 1 iterations.
[gmrf_wind_mapping_node-2] [GMRF] MAP Mean value estimated in 10.2156 milliseconds
[gmrf_wind_mapping_node-2] --> MAP did not converge after 1 iterations.
[gmrf_wind_mapping_node-2] [GMRF] MAP Mean value estimated in 10.2146 milliseconds
[gmrf_wind_mapping_node-2] --> MAP did not converge after 1 iterations.
[gmrf_wind_mapping_node-2] [GMRF] MAP Mean value estimated in 10.2132 milliseconds
[gmrf_wind_mapping_node-2] --> MAP did not converge after 1 iterations.
[gmrf_wind_mapping_node-2] [GMRF] MAP Mean value estimated in 10.2127 milliseconds
[gmrf_wind_mapping_node-2] --> MAP did not converge after 1 iterations.
[gmrf_wind_mapping_node-2] [GMRF] MAP Mean value estimated in 10.2113 milliseconds
[gmrf_wind_mapping_node-2] --> MAP did not converge after 1 iterations.
[gmrf_wind_mapping_node-2] [GMRF] MAP Mean value estimated in 10.2103 milliseconds
[gmrf_wind_mapping_node-2] --> MAP did not converge after 1 iterations.
[gmrf_wind_mapping_node-2] [GMRF] MAP Mean value estimated in 10.2094 milliseconds
[gsl_actionserver_node-3] [INFO] [1789221329.859767501] [GSL]: 10 gas measurements, 10 wind measurements over 1.94 seconds
[gsl_actionserver_node-3] [INFO] [1789221329.859827332] [GSL]: avg_gas=1.6e-12;  avg_windSpeed=0.038;  avg_wind_dir=-2.5
[gsl_actionserver_node-3] [INFO] [1789221329.860448235] [GSL]: [33mNOTHING [0m
[gsl_actionserver_node-3] [INFO] [1789221329.860459339] [GSL]: [DEBUG-WIND] useGroundTruth=false gmrf_req_size=631 gaden_req_size=-1
[gsl_actionserver_node-3] [INFO] [1789221329.860466265] [GSL]: [DEBUG-WIND] Taking GMRF path
[gsl_actionserver_node-3] [INFO] [1789221329.921912606] [GSL - Trace]: [32mEntering StopAndMeasure[0m
[gmrf_wind_mapping_node-2] --> MAP did not converge after 1 iterations.
[gmrf_wind_mapping_node-2] [GMRF] MAP Mean value estimated in 10.208 milliseconds
[gmrf_wind_mapping_node-2] --> MAP did not converge after 1 iterations.
[gmrf_wind_mapping_node-2] [GMRF] MAP Mean value estimated in 10.2071 milliseconds
[gmrf_wind_mapping_node-2] --> MAP did not converge after 1 iterations.
[gmrf_wind_mapping_node-2] [GMRF] MAP Mean value estimated in 10.2057 milliseconds
[gmrf_wind_mapping_node-2] --> MAP did not converge after 1 iterations.
[gmrf_wind_mapping_node-2] [GMRF] MAP Mean value estimated in 10.2043 milliseconds
[gmrf_wind_mapping_node-2] --> MAP did not converge after 1 iterations.
[gmrf_wind_mapping_node-2] [GMRF] MAP Mean value estimated in 10.2034 milliseconds
[gmrf_wind_mapping_node-2] --> MAP did not converge after 1 iterations.
[gmrf_wind_mapping_node-2] [GMRF] MAP Mean value estimated in 10.2024 milliseconds
[gmrf_wind_mapping_node-2] --> MAP did not converge after 1 iterations.
[gmrf_wind_mapping_node-2] [GMRF] MAP Mean value estimated in 10.201 milliseconds
[gmrf_wind_mapping_node-2] --> MAP did not converge after 1 iterations.
[gmrf_wind_mapping_node-2] [GMRF] MAP Mean value estimated in 10.2001 milliseconds
[gmrf_wind_mapping_node-2] --> MAP did not converge after 1 iterations.
[gmrf_wind_mapping_node-2] [GMRF] MAP Mean value estimated in 10.1987 milliseconds
[gmrf_wind_mapping_node-2] --> MAP did not converge after 1 iterations.
[gmrf_wind_mapping_node-2] [GMRF] MAP Mean value estimated in 10.1986 milliseconds
[gmrf_wind_mapping_node-2] --> MAP did not converge after 1 iterations.
[gmrf_wind_mapping_node-2] [GMRF] MAP Mean value estimated in 10.1985 milliseconds
[gmrf_wind_mapping_node-2] --> MAP did not converge after 1 iterations.
[gmrf_wind_mapping_node-2] [GMRF] MAP Mean value estimated in 10.1976 milliseconds
[gmrf_wind_mapping_node-2] --> MAP did not converge after 1 iterations.
[gmrf_wind_mapping_node-2] [GMRF] MAP Mean value estimated in 10.1988 milliseconds
[gmrf_wind_mapping_node-2] --> MAP did not converge after 1 iterations.
[gmrf_wind_mapping_node-2] [GMRF] MAP Mean value estimated in 10.2009 milliseconds
[gmrf_wind_mapping_node-2] --> MAP did not converge after 1 iterations.
[gmrf_wind_mapping_node-2] [GMRF] MAP Mean value estimated in 10.1995 milliseconds
[gmrf_wind_mapping_node-2] --> MAP did not converge after 1 iterations.
[gmrf_wind_mapping_node-2] [GMRF] MAP Mean value estimated in 10.2011 milliseconds
[gmrf_wind_mapping_node-2] --> MAP did not converge after 1 iterations.
[gmrf_wind_mapping_node-2] [GMRF] MAP Mean value estimated in 10.2023 milliseconds
[gmrf_wind_mapping_node-2] --> MAP did not converge after 1 iterations.
[gmrf_wind_mapping_node-2] [GMRF] MAP Mean value estimated in 10.2035 milliseconds
[gmrf_wind_mapping_node-2] --> MAP did not converge after 1 iterations.
[gmrf_wind_mapping_node-2] [GMRF] MAP Mean value estimated in 10.2043 milliseconds
[gmrf_wind_mapping_node-2] --> MAP did not converge after 1 iterations.
[gmrf_wind_mapping_node-2] [GMRF] MAP Mean value estimated in 10.2029 milliseconds
[gsl_actionserver_node-3] [INFO] [1789221331.909832118] [GSL]: 10 gas measurements, 10 wind measurements over 1.99 seconds
[gsl_actionserver_node-3] [INFO] [1789221331.909897461] [GSL]: avg_gas=3e-13;  avg_windSpeed=0.027;  avg_wind_dir=-3.1
[gsl_actionserver_node-3] [INFO] [1789221331.910760488] [GSL]: [33mNOTHING [0m
[gsl_actionserver_node-3] [INFO] [1789221331.910776648] [GSL]: [DEBUG-WIND] useGroundTruth=false gmrf_req_size=631 gaden_req_size=-1
[gsl_actionserver_node-3] [INFO] [1789221331.910783319] [GSL]: [DEBUG-WIND] Taking GMRF path
[gsl_actionserver_node-3] [INFO] [1789221331.921855030] [GSL]: [33mStarted simulations. Might take a while![0m
[gmrf_wind_mapping_node-2] --> MAP did not converge after 1 iterations.
[gmrf_wind_mapping_node-2] [GMRF] MAP Mean value estimated in 10.2088 milliseconds
[gmrf_wind_mapping_node-2] --> MAP did not converge after 1 iterations.
[gmrf_wind_mapping_node-2] [GMRF] MAP Mean value estimated in 10.2108 milliseconds
[gsl_actionserver_node-3] [INFO] [1789221332.048284446] [GSL]: CER contrastive context initialized: events=104, candidates=62, transport_members=1, fixed_ratio_weight=1, context_within_member=true, centered_log_odds=false, transport_pool=arithmetic_mixture
[gmrf_wind_mapping_node-2] --> MAP did not converge after 1 iterations.
[gmrf_wind_mapping_node-2] [GMRF] MAP Mean value estimated in 10.2095 milliseconds
[gsl_actionserver_node-3] [INFO] [1789221332.223405902] [GSL - Trace]: [32mFirst simulation level done[0m
[gsl_actionserver_node-3] [INFO] [1789221332.223466663] [GSL]: [RC2-DIAG] scores_size=62 refineFraction=0.25 refine_product=15.5 valid_first_level=62 sum_sourceProbInternal_before_norm=4.5181263052211466e-13 min_sourceProbInternal_before_norm=0 max_sourceProbInternal_before_norm=2.5342949444076162e-14 finite_sourceProbInternal=1053 finite_varianceOfHitProb=1053
[gmrf_wind_mapping_node-2] --> MAP did not converge after 1 iterations.
[gmrf_wind_mapping_node-2] [GMRF] MAP Mean value estimated in 10.209 milliseconds
[gsl_actionserver_node-3] [INFO] [1789221332.318409715] [GSL - Trace]: [32mSimulation level 2 done[0m
[gmrf_wind_mapping_node-2] --> MAP did not converge after 1 iterations.
[gmrf_wind_mapping_node-2] [GMRF] MAP Mean value estimated in 10.2101 milliseconds
[gsl_actionserver_node-3] [INFO] [1789221332.380409680] [GSL - Trace]: [32mSimulation level 3 done[0m
[gsl_actionserver_node-3] [INFO] [1789221332.398874195] [GSL - Trace]: [32mSimulation level 4 done[0m
[gsl_actionserver_node-3] [INFO] [1789221332.399245297] [GSL - Trace]: [32mSimulation level 5 done[0m
[gsl_actionserver_node-3] [INFO] [1789221332.399255656] [GSL]: Number of levels in the simulation: 5
[gsl_actionserver_node-3] [INFO] [1789221332.399263419] [GSL]: Total number of simulations: 150
[gsl_actionserver_node-3] [INFO] [1789221332.399915209] [GSL]: [RC2-DIAG] normalized_finite_count=1053 normalized_sum=1
[gsl_actionserver_node-3] [INFO] [1789221332.399924526] [GSL]: Time ellapsed in simulation = 0.47802378700000003 s
[gsl_actionserver_node-3] [INFO] [1789221332.414983928] [GSL]: Max mutual info: 0.563
[gsl_actionserver_node-3] [INFO] [1789221332.415117590] [GSL]: MutualInformation - Ellapsed: 0.003s
[vgr_sim_node-1] [WARN] [1789221332.421849752] [vgr_uav_sim]: PLAN_CB: called with goal=(0.76,-3.40)
[vgr_sim_node-1] [WARN] [1789221332.428359107] [vgr_uav_sim]: PLAN_CB: returning 15 poses
[gmrf_wind_mapping_node-2] --> MAP did not converge after 1 iterations.
[gmrf_wind_mapping_node-2] [GMRF] MAP Mean value estimated in 10.2092 milliseconds
[vgr_sim_node-1] [WARN] [1789221332.457021315] [vgr_uav_sim]: PLAN_CB: called with goal=(0.76,-3.40)
[vgr_sim_node-1] [WARN] [1789221332.459827520] [vgr_uav_sim]: PLAN_CB: returning 15 poses
[gsl_actionserver_node-3] [INFO] [1789221332.467469677] [GSL]: Sending goal (0.76, -3.40)
[gsl_actionserver_node-3] [INFO] [1789221332.467936817] [GSL]: Variance: 0.49
[gsl_actionserver_node-3] [INFO] [1789221332.467962425] [GSL - Trace]: [32mEntering Moving[0m
[vgr_sim_node-1] [INFO] [1789221332.470516521] [vgr_uav_sim]: Prepared 15 collision-free navigation waypoints to (0.76, -3.40)
[vgr_sim_node-1] [INFO] [1789221332.471602561] [vgr_uav_sim]: UAV navigating in audited 2-D mode to (0.76, -3.40, 0.30)
[gmrf_wind_mapping_node-2] --> MAP did not converge after 1 iterations.
[gmrf_wind_mapping_node-2] [GMRF] MAP Mean value estimated in 10.2078 milliseconds
[gmrf_wind_mapping_node-2] --> MAP did not converge after 1 iterations.
[gmrf_wind_mapping_node-2] [GMRF] MAP Mean value estimated in 10.2073 milliseconds
[gmrf_wind_mapping_node-2] --> MAP did not converge after 1 iterations.
[gmrf_wind_mapping_node-2] [GMRF] MAP Mean value estimated in 10.206 milliseconds
[gmrf_wind_mapping_node-2] --> MAP did not converge after 1 iterations.
[gmrf_wind_mapping_node-2] [GMRF] MAP Mean value estimated in 10.2046 milliseconds
[gmrf_wind_mapping_node-2] --> MAP did not converge after 1 iterations.
[gmrf_wind_mapping_node-2] [GMRF] MAP Mean value estimated in 10.2032 milliseconds
[gmrf_wind_mapping_node-2] --> MAP did not converge after 1 iterations.
[gmrf_wind_mapping_node-2] [GMRF] MAP Mean value estimated in 10.2019 milliseconds
[gmrf_wind_mapping_node-2] --> MAP did not converge after 1 iterations.
[gmrf_wind_mapping_node-2] [GMRF] MAP Mean value estimated in 10.2005 milliseconds
[gmrf_wind_mapping_node-2] --> MAP did not converge after 1 iterations.
[gmrf_wind_mapping_node-2] [GMRF] MAP Mean value estimated in 10.2013 milliseconds
[gmrf_wind_mapping_node-2] --> MAP did not converge after 1 iterations.
[gmrf_wind_mapping_node-2] [GMRF] MAP Mean value estimated in 10.1999 milliseconds
[gmrf_wind_mapping_node-2] --> MAP did not converge after 1 iterations.
[gmrf_wind_mapping_node-2] [GMRF] MAP Mean value estimated in 10.1994 milliseconds
[gmrf_wind_mapping_node-2] --> MAP did not converge after 1 iterations.
[gmrf_wind_mapping_node-2] [GMRF] MAP Mean value estimated in 10.198 milliseconds
[gmrf_wind_mapping_node-2] --> MAP did not converge after 1 iterations.
[gmrf_wind_mapping_node-2] [GMRF] MAP Mean value estimated in 10.1984 milliseconds
[gmrf_wind_mapping_node-2] --> MAP did not converge after 1 iterations.
[gmrf_wind_mapping_node-2] [GMRF] MAP Mean value estimated in 10.1975 milliseconds
[gmrf_wind_mapping_node-2] --> MAP did not converge after 1 iterations.
[gmrf_wind_mapping_node-2] [GMRF] MAP Mean value estimated in 10.1974 milliseconds
[gmrf_wind_mapping_node-2] --> MAP did not converge after 1 iterations.
[gmrf_wind_mapping_node-2] [GMRF] MAP Mean value estimated in 10.196 milliseconds
[gmrf_wind_mapping_node-2] --> MAP did not converge after 1 iterations.
[gmrf_wind_mapping_node-2] [GMRF] MAP Mean value estimated in 10.1947 milliseconds
[gmrf_wind_mapping_node-2] --> MAP did not converge after 1 iterations.
[gmrf_wind_mapping_node-2] [GMRF] MAP Mean value estimated in 10.1937 milliseconds
[gmrf_wind_mapping_node-2] --> MAP did not converge after 1 iterations.
[gmrf_wind_mapping_node-2] [GMRF] MAP Mean value estimated in 10.1928 milliseconds
[gmrf_wind_mapping_node-2] --> MAP did not converge after 1 iterations.
[gmrf_wind_mapping_node-2] [GMRF] MAP Mean value estimated in 10.1919 milliseconds
[gmrf_wind_mapping_node-2] --> MAP did not converge after 1 iterations.
[gmrf_wind_mapping_node-2] [GMRF] MAP Mean value estimated in 10.1926 milliseconds
[gmrf_wind_mapping_node-2] --> MAP did not converge after 1 iterations.
[gmrf_wind_mapping_node-2] [GMRF] MAP Mean value estimated in 10.1913 milliseconds
[gmrf_wind_mapping_node-2] --> MAP did not converge after 1 iterations.
[gmrf_wind_mapping_node-2] [GMRF] MAP Mean value estimated in 10.19 milliseconds
[gmrf_wind_mapping_node-2] --> MAP did not converge after 1 iterations.
[gmrf_wind_mapping_node-2] [GMRF] MAP Mean value estimated in 10.1882 milliseconds
[gmrf_wind_mapping_node-2] --> MAP did not converge after 1 iterations.
[gmrf_wind_mapping_node-2] [GMRF] MAP Mean value estimated in 10.1868 milliseconds
[gmrf_wind_mapping_node-2] --> MAP did not converge after 1 iterations.
[gmrf_wind_mapping_node-2] [GMRF] MAP Mean value estimated in 10.1855 milliseconds
[gmrf_wind_mapping_node-2] --> MAP did not converge after 1 iterations.
[gmrf_wind_mapping_node-2] [GMRF] MAP Mean value estimated in 10.1867 milliseconds
[gmrf_wind_mapping_node-2] --> MAP did not converge after 1 iterations.
[gmrf_wind_mapping_node-2] [GMRF] MAP Mean value estimated in 10.1879 milliseconds
[gmrf_wind_mapping_node-2] --> MAP did not converge after 1 iterations.
[gmrf_wind_mapping_node-2] [GMRF] MAP Mean value estimated in 10.1891 milliseconds
[gsl_actionserver_node-3] [INFO] [1789221335.317505951] [GSL - Trace]: [32mEntering StopAndMeasure[0m
[gmrf_wind_mapping_node-2] --> MAP did not converge after 1 iterations.
[gmrf_wind_mapping_node-2] [GMRF] MAP Mean value estimated in 10.1881 milliseconds
[gmrf_wind_mapping_node-2] --> MAP did not converge after 1 iterations.
[gmrf_wind_mapping_node-2] [GMRF] MAP Mean value estimated in 10.1885 milliseconds
[gmrf_wind_mapping_node-2] --> MAP did not converge after 1 iterations.
[gmrf_wind_mapping_node-2] [GMRF] MAP Mean value estimated in 10.1892 milliseconds
[gmrf_wind_mapping_node-2] --> MAP did not converge after 1 iterations.
[gmrf_wind_mapping_node-2] [GMRF] MAP Mean value estimated in 10.1896 milliseconds
[gmrf_wind_mapping_node-2] --> MAP did not converge after 1 iterations.
[gmrf_wind_mapping_node-2] [GMRF] MAP Mean value estimated in 10.1908 milliseconds
[gmrf_wind_mapping_node-2] --> MAP did not converge after 1 iterations.
[gmrf_wind_mapping_node-2] [GMRF] MAP Mean value estimated in 10.1915 milliseconds
[gmrf_wind_mapping_node-2] --> MAP did not converge after 1 iterations.
[gmrf_wind_mapping_node-2] [GMRF] MAP Mean value estimated in 10.1927 milliseconds
[gmrf_wind_mapping_node-2] --> MAP did not converge after 1 iterations.
[gmrf_wind_mapping_node-2] [GMRF] MAP Mean value estimated in 10.1914 milliseconds
[gmrf_wind_mapping_node-2] --> MAP did not converge after 1 iterations.
[gmrf_wind_mapping_node-2] [GMRF] MAP Mean value estimated in 10.193 milliseconds
[gmrf_wind_mapping_node-2] --> MAP did not converge after 1 iterations.
[gmrf_wind_mapping_node-2] [GMRF] MAP Mean value estimated in 10.1941 milliseconds
[gmrf_wind_mapping_node-2] --> MAP did not converge after 1 iterations.
[gmrf_wind_mapping_node-2] [GMRF] MAP Mean value estimated in 10.1953 milliseconds
[gmrf_wind_mapping_node-2] --> MAP did not converge after 1 iterations.
[gmrf_wind_mapping_node-2] [GMRF] MAP Mean value estimated in 10.194 milliseconds
[gmrf_wind_mapping_node-2] --> MAP did not converge after 1 iterations.
[gmrf_wind_mapping_node-2] [GMRF] MAP Mean value estimated in 10.1926 milliseconds
[gmrf_wind_mapping_node-2] --> MAP did not converge after 1 iterations.
[gmrf_wind_mapping_node-2] [GMRF] MAP Mean value estimated in 10.1951 milliseconds
[gmrf_wind_mapping_node-2] --> MAP did not converge after 1 iterations.
[gmrf_wind_mapping_node-2] [GMRF] MAP Mean value estimated in 10.1941 milliseconds
[gmrf_wind_mapping_node-2] --> MAP did not converge after 1 iterations.
[gmrf_wind_mapping_node-2] [GMRF] MAP Mean value estimated in 10.1949 milliseconds
[gmrf_wind_mapping_node-2] --> MAP did not converge after 1 iterations.
[gmrf_wind_mapping_node-2] [GMRF] MAP Mean value estimated in 10.1965 milliseconds
[gmrf_wind_mapping_node-2] --> MAP did not converge after 1 iterations.
[gmrf_wind_mapping_node-2] [GMRF] MAP Mean value estimated in 10.1985 milliseconds
[gmrf_wind_mapping_node-2] --> MAP did not converge after 1 iterations.
[gmrf_wind_mapping_node-2] [GMRF] MAP Mean value estimated in 10.1992 milliseconds
[gmrf_wind_mapping_node-2] --> MAP did not converge after 1 iterations.
[gmrf_wind_mapping_node-2] [GMRF] MAP Mean value estimated in 10.2 milliseconds
[gsl_actionserver_node-3] [INFO] [1789221337.268883220] [GSL]: 10 gas measurements, 10 wind measurements over 1.95 seconds
[gsl_actionserver_node-3] [INFO] [1789221337.268954001] [GSL]: avg_gas=3.3e-15;  avg_windSpeed=0.015;  avg_wind_dir=1.9
[gsl_actionserver_node-3] [INFO] [1789221337.269528335] [GSL]: [33mNOTHING [0m
[gsl_actionserver_node-3] [INFO] [1789221337.269537241] [GSL]: [DEBUG-WIND] useGroundTruth=false gmrf_req_size=631 gaden_req_size=-1
[gsl_actionserver_node-3] [INFO] [1789221337.269543825] [GSL]: [DEBUG-WIND] Taking GMRF path
[gsl_actionserver_node-3] [INFO] [1789221337.321906879] [GSL - Trace]: [32mEntering StopAndMeasure[0m
[gmrf_wind_mapping_node-2] --> MAP did not converge after 1 iterations.
[gmrf_wind_mapping_node-2] [GMRF] MAP Mean value estimated in 10.1991 milliseconds
[gmrf_wind_mapping_node-2] --> MAP did not converge after 1 iterations.
[gmrf_wind_mapping_node-2] [GMRF] MAP Mean value estimated in 10.1998 milliseconds
[gmrf_wind_mapping_node-2] --> MAP did not converge after 1 iterations.
[gmrf_wind_mapping_node-2] [GMRF] MAP Mean value estimated in 10.1985 milliseconds
[gmrf_wind_mapping_node-2] --> MAP did not converge after 1 iterations.
[gmrf_wind_mapping_node-2] [GMRF] MAP Mean value estimated in 10.2001 milliseconds
[gmrf_wind_mapping_node-2] --> MAP did not converge after 1 iterations.
[gmrf_wind_mapping_node-2] [GMRF] MAP Mean value estimated in 10.2021 milliseconds
[gmrf_wind_mapping_node-2] --> MAP did not converge after 1 iterations.
[gmrf_wind_mapping_node-2] [GMRF] MAP Mean value estimated in 10.2028 milliseconds
[gmrf_wind_mapping_node-2] --> MAP did not converge after 1 iterations.
[gmrf_wind_mapping_node-2] [GMRF] MAP Mean value estimated in 10.2015 milliseconds
[gmrf_wind_mapping_node-2] --> MAP did not converge after 1 iterations.
[gmrf_wind_mapping_node-2] [GMRF] MAP Mean value estimated in 10.2002 milliseconds
[gmrf_wind_mapping_node-2] --> MAP did not converge after 1 iterations.
[gmrf_wind_mapping_node-2] [GMRF] MAP Mean value estimated in 10.2017 milliseconds
[gmrf_wind_mapping_node-2] --> MAP did not converge after 1 iterations.
[gmrf_wind_mapping_node-2] [GMRF] MAP Mean value estimated in 10.2004 milliseconds
[gmrf_wind_mapping_node-2] --> MAP did not converge after 1 iterations.
[gmrf_wind_mapping_node-2] [GMRF] MAP Mean value estimated in 10.2016 milliseconds
[gmrf_wind_mapping_node-2] --> MAP did not converge after 1 iterations.
[gmrf_wind_mapping_node-2] [GMRF] MAP Mean value estimated in 10.2023 milliseconds
[gmrf_wind_mapping_node-2] --> MAP did not converge after 1 iterations.
[gmrf_wind_mapping_node-2] [GMRF] MAP Mean value estimated in 10.2031 milliseconds
[gmrf_wind_mapping_node-2] --> MAP did not converge after 1 iterations.
[gmrf_wind_mapping_node-2] [GMRF] MAP Mean value estimated in 10.2034 milliseconds
[gmrf_wind_mapping_node-2] --> MAP did not converge after 1 iterations.
[gmrf_wind_mapping_node-2] [GMRF] MAP Mean value estimated in 10.2054 milliseconds
[gmrf_wind_mapping_node-2] --> MAP did not converge after 1 iterations.
[gmrf_wind_mapping_node-2] [GMRF] MAP Mean value estimated in 10.2041 milliseconds
[gmrf_wind_mapping_node-2] --> MAP did not converge after 1 iterations.
[gmrf_wind_mapping_node-2] [GMRF] MAP Mean value estimated in 10.2027 milliseconds
[gmrf_wind_mapping_node-2] --> MAP did not converge after 1 iterations.
[gmrf_wind_mapping_node-2] [GMRF] MAP Mean value estimated in 10.2014 milliseconds
[gmrf_wind_mapping_node-2] --> MAP did not converge after 1 iterations.
[gmrf_wind_mapping_node-2] [GMRF] MAP Mean value estimated in 10.2005 milliseconds
[gmrf_wind_mapping_node-2] --> MAP did not converge after 1 iterations.
[gmrf_wind_mapping_node-2] [GMRF] MAP Mean value estimated in 10.1996 milliseconds
[gsl_actionserver_node-3] [INFO] [1789221339.268880853] [GSL]: 10 gas measurements, 10 wind measurements over 1.95 seconds
[gsl_actionserver_node-3] [INFO] [1789221339.268938945] [GSL]: avg_gas=6.3e-16;  avg_windSpeed=0.019;  avg_wind_dir=2.3
[gsl_actionserver_node-3] [INFO] [1789221339.269562035] [GSL]: [33mNOTHING [0m
[gsl_actionserver_node-3] [INFO] [1789221339.269572493] [GSL]: [DEBUG-WIND] useGroundTruth=false gmrf_req_size=631 gaden_req_size=-1
[gsl_actionserver_node-3] [INFO] [1789221339.269579302] [GSL]: [DEBUG-WIND] Taking GMRF path
[gsl_actionserver_node-3] [INFO] [1789221339.321918097] [GSL - Trace]: [32mEntering StopAndMeasure[0m
[gmrf_wind_mapping_node-2] --> MAP did not converge after 1 iterations.
[gmrf_wind_mapping_node-2] [GMRF] MAP Mean value estimated in 10.1983 milliseconds
[gmrf_wind_mapping_node-2] --> MAP did not converge after 1 iterations.
[gmrf_wind_mapping_node-2] [GMRF] MAP Mean value estimated in 10.1965 milliseconds
[gmrf_wind_mapping_node-2] --> MAP did not converge after 1 iterations.
[gmrf_wind_mapping_node-2] [GMRF] MAP Mean value estimated in 10.1952 milliseconds
[gmrf_wind_mapping_node-2] --> MAP did not converge after 1 iterations.
[gmrf_wind_mapping_node-2] [GMRF] MAP Mean value estimated in 10.1947 milliseconds
[gmrf_wind_mapping_node-2] --> MAP did not converge after 1 iterations.
[gmrf_wind_mapping_node-2] [GMRF] MAP Mean value estimated in 10.1934 milliseconds
[gmrf_wind_mapping_node-2] --> MAP did not converge after 1 iterations.
[gmrf_wind_mapping_node-2] [GMRF] MAP Mean value estimated in 10.1921 milliseconds
[gmrf_wind_mapping_node-2] --> MAP did not converge after 1 iterations.
[gmrf_wind_mapping_node-2] [GMRF] MAP Mean value estimated in 10.1908 milliseconds
[gmrf_wind_mapping_node-2] --> MAP did not converge after 1 iterations.
[gmrf_wind_mapping_node-2] [GMRF] MAP Mean value estimated in 10.1898 milliseconds
[gmrf_wind_mapping_node-2] --> MAP did not converge after 1 iterations.
[gmrf_wind_mapping_node-2] [GMRF] MAP Mean value estimated in 10.1889 milliseconds
[gmrf_wind_mapping_node-2] --> MAP did not converge after 1 iterations.
[gmrf_wind_mapping_node-2] [GMRF] MAP Mean value estimated in 10.1913 milliseconds
[gmrf_wind_mapping_node-2] --> MAP did not converge after 1 iterations.
[gmrf_wind_mapping_node-2] [GMRF] MAP Mean value estimated in 10.1921 milliseconds
[gmrf_wind_mapping_node-2] --> MAP did not converge after 1 iterations.
[gmrf_wind_mapping_node-2] [GMRF] MAP Mean value estimated in 10.1932 milliseconds
[gmrf_wind_mapping_node-2] --> MAP did not converge after 1 iterations.
[gmrf_wind_mapping_node-2] [GMRF] MAP Mean value estimated in 10.1952 milliseconds
[gmrf_wind_mapping_node-2] --> MAP did not converge after 1 iterations.
[gmrf_wind_mapping_node-2] [GMRF] MAP Mean value estimated in 10.1964 milliseconds
[gmrf_wind_mapping_node-2] --> MAP did not converge after 1 iterations.
[gmrf_wind_mapping_node-2] [GMRF] MAP Mean value estimated in 10.1975 milliseconds
[gmrf_wind_mapping_node-2] --> MAP did not converge after 1 iterations.
[gmrf_wind_mapping_node-2] [GMRF] MAP Mean value estimated in 10.1983 milliseconds
[gmrf_wind_mapping_node-2] --> MAP did not converge after 1 iterations.
[gmrf_wind_mapping_node-2] [GMRF] MAP Mean value estimated in 10.1974 milliseconds
[gmrf_wind_mapping_node-2] --> MAP did not converge after 1 iterations.
[gmrf_wind_mapping_node-2] [GMRF] MAP Mean value estimated in 10.1998 milliseconds
[gmrf_wind_mapping_node-2] --> MAP did not converge after 1 iterations.
[gmrf_wind_mapping_node-2] [GMRF] MAP Mean value estimated in 10.2005 milliseconds
[gmrf_wind_mapping_node-2] --> MAP did not converge after 1 iterations.
[gmrf_wind_mapping_node-2] [GMRF] MAP Mean value estimated in 10.2029 milliseconds
[gsl_actionserver_node-3] [INFO] [1789221341.268873224] [GSL]: 10 gas measurements, 10 wind measurements over 1.95 seconds
[gsl_actionserver_node-3] [INFO] [1789221341.269169148] [GSL]: avg_gas=1.2e-16;  avg_windSpeed=0.013;  avg_wind_dir=1.9
[gsl_actionserver_node-3] [INFO] [1789221341.269760527] [GSL]: [33mNOTHING [0m
[gsl_actionserver_node-3] [INFO] [1789221341.269771299] [GSL]: [DEBUG-WIND] useGroundTruth=false gmrf_req_size=631 gaden_req_size=-1
[gsl_actionserver_node-3] [INFO] [1789221341.269778351] [GSL]: [DEBUG-WIND] Taking GMRF path
[gsl_actionserver_node-3] [INFO] [1789221341.322381788] [GSL - Trace]: [32mEntering StopAndMeasure[0m
[gmrf_wind_mapping_node-2] --> MAP did not converge after 1 iterations.
[gmrf_wind_mapping_node-2] [GMRF] MAP Mean value estimated in 10.202 milliseconds
[gmrf_wind_mapping_node-2] --> MAP did not converge after 1 iterations.
[gmrf_wind_mapping_node-2] [GMRF] MAP Mean value estimated in 10.2031 milliseconds
[gmrf_wind_mapping_node-2] --> MAP did not converge after 1 iterations.
[gmrf_wind_mapping_node-2] [GMRF] MAP Mean value estimated in 10.2034 milliseconds
[gmrf_wind_mapping_node-2] --> MAP did not converge after 1 iterations.
[gmrf_wind_mapping_node-2] [GMRF] MAP Mean value estimated in 10.2042 milliseconds
[gmrf_wind_mapping_node-2] --> MAP did not converge after 1 iterations.
[gmrf_wind_mapping_node-2] [GMRF] MAP Mean value estimated in 10.2049 milliseconds
[gmrf_wind_mapping_node-2] --> MAP did not converge after 1 iterations.
[gmrf_wind_mapping_node-2] [GMRF] MAP Mean value estimated in 10.2061 milliseconds
[gmrf_wind_mapping_node-2] --> MAP did not converge after 1 iterations.
[gmrf_wind_mapping_node-2] [GMRF] MAP Mean value estimated in 10.2056 milliseconds
[gmrf_wind_mapping_node-2] --> MAP did not converge after 1 iterations.
[gmrf_wind_mapping_node-2] [GMRF] MAP Mean value estimated in 10.2067 milliseconds
[gmrf_wind_mapping_node-2] --> MAP did not converge after 1 iterations.
[gmrf_wind_mapping_node-2] [GMRF] MAP Mean value estimated in 10.2079 milliseconds
[gmrf_wind_mapping_node-2] --> MAP did not converge after 1 iterations.
[gmrf_wind_mapping_node-2] [GMRF] MAP Mean value estimated in 10.2074 milliseconds
[gmrf_wind_mapping_node-2] --> MAP did not converge after 1 iterations.
[gmrf_wind_mapping_node-2] [GMRF] MAP Mean value estimated in 10.2073 milliseconds
[gmrf_wind_mapping_node-2] --> MAP did not converge after 1 iterations.
[gmrf_wind_mapping_node-2] [GMRF] MAP Mean value estimated in 10.206 milliseconds
[gmrf_wind_mapping_node-2] --> MAP did not converge after 1 iterations.
[gmrf_wind_mapping_node-2] [GMRF] MAP Mean value estimated in 10.2059 milliseconds
[gmrf_wind_mapping_node-2] --> MAP did not converge after 1 iterations.
[gmrf_wind_mapping_node-2] [GMRF] MAP Mean value estimated in 10.2046 milliseconds
[gmrf_wind_mapping_node-2] --> MAP did not converge after 1 iterations.
[gmrf_wind_mapping_node-2] [GMRF] MAP Mean value estimated in 10.2033 milliseconds
[gmrf_wind_mapping_node-2] --> MAP did not converge after 1 iterations.
[gmrf_wind_mapping_node-2] [GMRF] MAP Mean value estimated in 10.202 milliseconds
[gmrf_wind_mapping_node-2] --> MAP did not converge after 1 iterations.
[gmrf_wind_mapping_node-2] [GMRF] MAP Mean value estimated in 10.2007 milliseconds
[gmrf_wind_mapping_node-2] --> MAP did not converge after 1 iterations.
[gmrf_wind_mapping_node-2] [GMRF] MAP Mean value estimated in 10.2006 milliseconds
[gmrf_wind_mapping_node-2] --> MAP did not converge after 1 iterations.
[gmrf_wind_mapping_node-2] [GMRF] MAP Mean value estimated in 10.1997 milliseconds
[gmrf_wind_mapping_node-2] --> MAP did not converge after 1 iterations.
[gmrf_wind_mapping_node-2] [GMRF] MAP Mean value estimated in 10.1984 milliseconds
[gsl_actionserver_node-3] [INFO] [1789221343.268819228] [GSL]: 10 gas measurements, 10 wind measurements over 1.95 seconds
[gsl_actionserver_node-3] [INFO] [1789221343.268884861] [GSL]: avg_gas=2.3e-17;  avg_windSpeed=0.019;  avg_wind_dir=2.3
[gsl_actionserver_node-3] [INFO] [1789221343.269466478] [GSL]: [33mNOTHING [0m
[gsl_actionserver_node-3] [INFO] [1789221343.269476238] [GSL]: [DEBUG-WIND] useGroundTruth=false gmrf_req_size=631 gaden_req_size=-1
[gsl_actionserver_node-3] [INFO] [1789221343.269482813] [GSL]: [DEBUG-WIND] Taking GMRF path
[gsl_actionserver_node-3] [INFO] [1789221343.321916942] [GSL - Trace]: [32mEntering StopAndMeasure[0m
[gmrf_wind_mapping_node-2] --> MAP did not converge after 1 iterations.
[gmrf_wind_mapping_node-2] [GMRF] MAP Mean value estimated in 10.1971 milliseconds
[gmrf_wind_mapping_node-2] --> MAP did not converge after 1 iterations.
[gmrf_wind_mapping_node-2] [GMRF] MAP Mean value estimated in 10.1958 milliseconds
[gmrf_wind_mapping_node-2] --> MAP did not converge after 1 iterations.
[gmrf_wind_mapping_node-2] [GMRF] MAP Mean value estimated in 10.1945 milliseconds
[gmrf_wind_mapping_node-2] --> MAP did not converge after 1 iterations.
[gmrf_wind_mapping_node-2] [GMRF] MAP Mean value estimated in 10.1932 milliseconds
[gmrf_wind_mapping_node-2] --> MAP did not converge after 1 iterations.
[gmrf_wind_mapping_node-2] [GMRF] MAP Mean value estimated in 10.1919 milliseconds
[gmrf_wind_mapping_node-2] --> MAP did not converge after 1 iterations.
[gmrf_wind_mapping_node-2] [GMRF] MAP Mean value estimated in 10.1906 milliseconds
[gmrf_wind_mapping_node-2] --> MAP did not converge after 1 iterations.
[gmrf_wind_mapping_node-2] [GMRF] MAP Mean value estimated in 10.1893 milliseconds
[gmrf_wind_mapping_node-2] --> MAP did not converge after 1 iterations.
[gmrf_wind_mapping_node-2] [GMRF] MAP Mean value estimated in 10.188 milliseconds
[gmrf_wind_mapping_node-2] --> MAP did not converge after 1 iterations.
[gmrf_wind_mapping_node-2] [GMRF] MAP Mean value estimated in 10.1867 milliseconds
[gmrf_wind_mapping_node-2] --> MAP did not converge after 1 iterations.
[gmrf_wind_mapping_node-2] [GMRF] MAP Mean value estimated in 10.1854 milliseconds
[gmrf_wind_mapping_node-2] --> MAP did not converge after 1 iterations.
[gmrf_wind_mapping_node-2] [GMRF] MAP Mean value estimated in 10.1841 milliseconds
[gmrf_wind_mapping_node-2] --> MAP did not converge after 1 iterations.
[gmrf_wind_mapping_node-2] [GMRF] MAP Mean value estimated in 10.1844 milliseconds
[gmrf_wind_mapping_node-2] --> MAP did not converge after 1 iterations.
[gmrf_wind_mapping_node-2] [GMRF] MAP Mean value estimated in 10.1852 milliseconds
[gmrf_wind_mapping_node-2] --> MAP did not converge after 1 iterations.
[gmrf_wind_mapping_node-2] [GMRF] MAP Mean value estimated in 10.1859 milliseconds
[gmrf_wind_mapping_node-2] --> MAP did not converge after 1 iterations.
[gmrf_wind_mapping_node-2] [GMRF] MAP Mean value estimated in 10.187 milliseconds
[gmrf_wind_mapping_node-2] --> MAP did not converge after 1 iterations.
[gmrf_wind_mapping_node-2] [GMRF] MAP Mean value estimated in 10.1874 milliseconds
[gmrf_wind_mapping_node-2] --> MAP did not converge after 1 iterations.
[gmrf_wind_mapping_node-2] [GMRF] MAP Mean value estimated in 10.1897 milliseconds
[gmrf_wind_mapping_node-2] --> MAP did not converge after 1 iterations.
[gmrf_wind_mapping_node-2] [GMRF] MAP Mean value estimated in 10.1909 milliseconds
[gmrf_wind_mapping_node-2] --> MAP did not converge after 1 iterations.
[gmrf_wind_mapping_node-2] [GMRF] MAP Mean value estimated in 10.19 milliseconds
[gmrf_wind_mapping_node-2] --> MAP did not converge after 1 iterations.
[gmrf_wind_mapping_node-2] [GMRF] MAP Mean value estimated in 10.1923 milliseconds
[gsl_actionserver_node-3] [INFO] [1789221345.268844837] [GSL]: 10 gas measurements, 10 wind measurements over 1.95 seconds
[gsl_actionserver_node-3] [INFO] [1789221345.269132794] [GSL]: avg_gas=4.3e-18;  avg_windSpeed=0.015;  avg_wind_dir=2.1
[gsl_actionserver_node-3] [INFO] [1789221345.269729486] [GSL]: [33mNOTHING [0m
[gsl_actionserver_node-3] [INFO] [1789221345.269739639] [GSL]: [DEBUG-WIND] useGroundTruth=false gmrf_req_size=631 gaden_req_size=-1
[gsl_actionserver_node-3] [INFO] [1789221345.269746496] [GSL]: [DEBUG-WIND] Taking GMRF path
[gsl_actionserver_node-3] [INFO] [1789221345.321908738] [GSL - Trace]: [32mEntering StopAndMeasure[0m
[gmrf_wind_mapping_node-2] --> MAP did not converge after 1 iterations.
[gmrf_wind_mapping_node-2] [GMRF] MAP Mean value estimated in 10.191 milliseconds
[gmrf_wind_mapping_node-2] --> MAP did not converge after 1 iterations.
[gmrf_wind_mapping_node-2] [GMRF] MAP Mean value estimated in 10.1897 milliseconds
[gmrf_wind_mapping_node-2] --> MAP did not converge after 1 iterations.
[gmrf_wind_mapping_node-2] [GMRF] MAP Mean value estimated in 10.1905 milliseconds
[gmrf_wind_mapping_node-2] --> MAP did not converge after 1 iterations.
[gmrf_wind_mapping_node-2] [GMRF] MAP Mean value estimated in 10.19 milliseconds
[gmrf_wind_mapping_node-2] --> MAP did not converge after 1 iterations.
[gmrf_wind_mapping_node-2] [GMRF] MAP Mean value estimated in 10.1911 milliseconds
[gmrf_wind_mapping_node-2] --> MAP did not converge after 1 iterations.
[gmrf_wind_mapping_node-2] [GMRF] MAP Mean value estimated in 10.1923 milliseconds
[gmrf_wind_mapping_node-2] --> MAP did not converge after 1 iterations.
[gmrf_wind_mapping_node-2] [GMRF] MAP Mean value estimated in 10.193 milliseconds
[gmrf_wind_mapping_node-2] --> MAP did not converge after 1 iterations.
[gmrf_wind_mapping_node-2] [GMRF] MAP Mean value estimated in 10.1937 milliseconds
[gmrf_wind_mapping_node-2] --> MAP did not converge after 1 iterations.
[gmrf_wind_mapping_node-2] [GMRF] MAP Mean value estimated in 10.1928 milliseconds
[gmrf_wind_mapping_node-2] --> MAP did not converge after 1 iterations.
[gmrf_wind_mapping_node-2] [GMRF] MAP Mean value estimated in 10.1924 milliseconds
[gmrf_wind_mapping_node-2] --> MAP did not converge after 1 iterations.
[gmrf_wind_mapping_node-2] [GMRF] MAP Mean value estimated in 10.1911 milliseconds
[gmrf_wind_mapping_node-2] --> MAP did not converge after 1 iterations.
[gmrf_wind_mapping_node-2] [GMRF] MAP Mean value estimated in 10.1906 milliseconds
[gmrf_wind_mapping_node-2] --> MAP did not converge after 1 iterations.
[gmrf_wind_mapping_node-2] [GMRF] MAP Mean value estimated in 10.1913 milliseconds
[gmrf_wind_mapping_node-2] --> MAP did not converge after 1 iterations.
[gmrf_wind_mapping_node-2] [GMRF] MAP Mean value estimated in 10.192 milliseconds
[gmrf_wind_mapping_node-2] --> MAP did not converge after 1 iterations.
[gmrf_wind_mapping_node-2] [GMRF] MAP Mean value estimated in 10.1908 milliseconds
[gmrf_wind_mapping_node-2] --> MAP did not converge after 1 iterations.
[gmrf_wind_mapping_node-2] [GMRF] MAP Mean value estimated in 10.1907 milliseconds
[gmrf_wind_mapping_node-2] --> MAP did not converge after 1 iterations.
[gmrf_wind_mapping_node-2] [GMRF] MAP Mean value estimated in 10.191 milliseconds
[gmrf_wind_mapping_node-2] --> MAP did not converge after 1 iterations.
[gmrf_wind_mapping_node-2] [GMRF] MAP Mean value estimated in 10.1921 milliseconds
[gmrf_wind_mapping_node-2] --> MAP did not converge after 1 iterations.
[gmrf_wind_mapping_node-2] [GMRF] MAP Mean value estimated in 10.1913 milliseconds
[gmrf_wind_mapping_node-2] --> MAP did not converge after 1 iterations.
[gmrf_wind_mapping_node-2] [GMRF] MAP Mean value estimated in 10.192 milliseconds
[gsl_actionserver_node-3] [INFO] [1789221347.268861526] [GSL]: 10 gas measurements, 10 wind measurements over 1.95 seconds
[gsl_actionserver_node-3] [INFO] [1789221347.268938984] [GSL]: avg_gas=8e-19;  avg_windSpeed=0.017;  avg_wind_dir=2
[gsl_actionserver_node-3] [INFO] [1789221347.269781264] [GSL]: [33mNOTHING [0m
[gsl_actionserver_node-3] [INFO] [1789221347.269796786] [GSL]: [DEBUG-WIND] useGroundTruth=false gmrf_req_size=631 gaden_req_size=-1
[gsl_actionserver_node-3] [INFO] [1789221347.269806704] [GSL]: [DEBUG-WIND] Taking GMRF path
[gsl_actionserver_node-3] [INFO] [1789221347.321824342] [GSL - Trace]: [32mEntering StopAndMeasure[0m
[gmrf_wind_mapping_node-2] --> MAP did not converge after 1 iterations.
[gmrf_wind_mapping_node-2] [GMRF] MAP Mean value estimated in 10.1907 milliseconds
[gmrf_wind_mapping_node-2] --> MAP did not converge after 1 iterations.
[gmrf_wind_mapping_node-2] [GMRF] MAP Mean value estimated in 10.191 milliseconds
[gmrf_wind_mapping_node-2] --> MAP did not converge after 1 iterations.
[gmrf_wind_mapping_node-2] [GMRF] MAP Mean value estimated in 10.1926 milliseconds
[gmrf_wind_mapping_node-2] --> MAP did not converge after 1 iterations.
[gmrf_wind_mapping_node-2] [GMRF] MAP Mean value estimated in 10.1913 milliseconds
[gmrf_wind_mapping_node-2] --> MAP did not converge after 1 iterations.
[gmrf_wind_mapping_node-2] [GMRF] MAP Mean value estimated in 10.1924 milliseconds
[gmrf_wind_mapping_node-2] --> MAP did not converge after 1 iterations.
[gmrf_wind_mapping_node-2] [GMRF] MAP Mean value estimated in 10.1923 milliseconds
[gmrf_wind_mapping_node-2] --> MAP did not converge after 1 iterations.
[gmrf_wind_mapping_node-2] [GMRF] MAP Mean value estimated in 10.191 milliseconds
[gmrf_wind_mapping_node-2] --> MAP did not converge after 1 iterations.
[gmrf_wind_mapping_node-2] [GMRF] MAP Mean value estimated in 10.1922 milliseconds
[gmrf_wind_mapping_node-2] --> MAP did not converge after 1 iterations.
[gmrf_wind_mapping_node-2] [GMRF] MAP Mean value estimated in 10.1909 milliseconds
[gmrf_wind_mapping_node-2] --> MAP did not converge after 1 iterations.
[gmrf_wind_mapping_node-2] [GMRF] MAP Mean value estimated in 10.192 milliseconds
[gmrf_wind_mapping_node-2] --> MAP did not converge after 1 iterations.
[gmrf_wind_mapping_node-2] [GMRF] MAP Mean value estimated in 10.1935 milliseconds
[gmrf_wind_mapping_node-2] --> MAP did not converge after 1 iterations.
[gmrf_wind_mapping_node-2] [GMRF] MAP Mean value estimated in 10.1947 milliseconds
[gmrf_wind_mapping_node-2] --> MAP did not converge after 1 iterations.
[gmrf_wind_mapping_node-2] [GMRF] MAP Mean value estimated in 10.1966 milliseconds
[gmrf_wind_mapping_node-2] --> MAP did not converge after 1 iterations.
[gmrf_wind_mapping_node-2] [GMRF] MAP Mean value estimated in 10.1965 milliseconds
[gmrf_wind_mapping_node-2] --> MAP did not converge after 1 iterations.
[gmrf_wind_mapping_node-2] [GMRF] MAP Mean value estimated in 10.198 milliseconds
[gmrf_wind_mapping_node-2] --> MAP did not converge after 1 iterations.
[gmrf_wind_mapping_node-2] [GMRF] MAP Mean value estimated in 10.1995 milliseconds
[gmrf_wind_mapping_node-2] --> MAP did not converge after 1 iterations.
[gmrf_wind_mapping_node-2] [GMRF] MAP Mean value estimated in 10.1986 milliseconds
[gmrf_wind_mapping_node-2] --> MAP did not converge after 1 iterations.
[gmrf_wind_mapping_node-2] [GMRF] MAP Mean value estimated in 10.2002 milliseconds
[gmrf_wind_mapping_node-2] --> MAP did not converge after 1 iterations.
[gmrf_wind_mapping_node-2] [GMRF] MAP Mean value estimated in 10.1989 milliseconds
[gsl_actionserver_node-3] [INFO] [1789221349.218731407] [GSL]: Could not find the source. Sorry!
[gmrf_wind_mapping_node-2] --> MAP did not converge after 1 iterations.
[gmrf_wind_mapping_node-2] [GMRF] MAP Mean value estimated in 10.2004 milliseconds
[gmrf_wind_mapping_node-2] --> MAP did not converge after 1 iterations.
[gmrf_wind_mapping_node-2] [GMRF] MAP Mean value estimated in 10.1991 milliseconds
[gmrf_wind_mapping_node-2] --> MAP did not converge after 1 iterations.
[gmrf_wind_mapping_node-2] [GMRF] MAP Mean value estimated in 10.1979 milliseconds
[gmrf_wind_mapping_node-2] --> MAP did not converge after 1 iterations.
[gmrf_wind_mapping_node-2] [GMRF] MAP Mean value estimated in 10.1994 milliseconds
[gmrf_wind_mapping_node-2] --> MAP did not converge after 1 iterations.
[gmrf_wind_mapping_node-2] [GMRF] MAP Mean value estimated in 10.1981 milliseconds
[gmrf_wind_mapping_node-2] --> MAP did not converge after 1 iterations.
[gmrf_wind_mapping_node-2] [GMRF] MAP Mean value estimated in 10.1996 milliseconds
[gmrf_wind_mapping_node-2] --> MAP did not converge after 1 iterations.
[gmrf_wind_mapping_node-2] [GMRF] MAP Mean value estimated in 10.1995 milliseconds
[gmrf_wind_mapping_node-2] --> MAP did not converge after 1 iterations.
[gmrf_wind_mapping_node-2] [GMRF] MAP Mean value estimated in 10.2006 milliseconds
[gmrf_wind_mapping_node-2] --> MAP did not converge after 1 iterations.
[gmrf_wind_mapping_node-2] [GMRF] MAP Mean value estimated in 10.2025 milliseconds
[gmrf_wind_mapping_node-2] --> MAP did not converge after 1 iterations.
[gmrf_wind_mapping_node-2] [GMRF] MAP Mean value estimated in 10.2013 milliseconds
[gmrf_wind_mapping_node-2] --> MAP did not converge after 1 iterations.
[gmrf_wind_mapping_node-2] [GMRF] MAP Mean value estimated in 10.2032 milliseconds
[gsl_actionserver_node-3] [INFO] [1789221350.244241826] [GSL]: [34mDONE, CLOSING[0m
[gmrf_wind_mapping_node-2] --> MAP did not converge after 1 iterations.
[gmrf_wind_mapping_node-2] [GMRF] MAP Mean value estimated in 10.2039 milliseconds
[INFO] [gsl_actionserver_node-3]: process has finished cleanly [pid 31308]
[gmrf_wind_mapping_node-2] --> MAP did not converge after 1 iterations.
[gmrf_wind_mapping_node-2] [GMRF] MAP Mean value estimated in 10.2046 milliseconds
[gmrf_wind_mapping_node-2] --> MAP did not converge after 1 iterations.
[gmrf_wind_mapping_node-2] [GMRF] MAP Mean value estimated in 10.2057 milliseconds
[gmrf_wind_mapping_node-2] --> MAP did not converge after 1 iterations.
[gmrf_wind_mapping_node-2] [GMRF] MAP Mean value estimated in 10.2068 milliseconds
[gmrf_wind_mapping_node-2] --> MAP did not converge after 1 iterations.
[gmrf_wind_mapping_node-2] [GMRF] MAP Mean value estimated in 10.2091 milliseconds
[gmrf_wind_mapping_node-2] --> MAP did not converge after 1 iterations.
[gmrf_wind_mapping_node-2] [GMRF] MAP Mean value estimated in 10.2102 milliseconds
[gmrf_wind_mapping_node-2] --> MAP did not converge after 1 iterations.
[gmrf_wind_mapping_node-2] [GMRF] MAP Mean value estimated in 10.2089 milliseconds
[gmrf_wind_mapping_node-2] --> MAP did not converge after 1 iterations.
[gmrf_wind_mapping_node-2] [GMRF] MAP Mean value estimated in 10.2108 milliseconds
[gmrf_wind_mapping_node-2] --> MAP did not converge after 1 iterations.
[gmrf_wind_mapping_node-2] [GMRF] MAP Mean value estimated in 10.2099 milliseconds
[gmrf_wind_mapping_node-2] --> MAP did not converge after 1 iterations.
[gmrf_wind_mapping_node-2] [GMRF] MAP Mean value estimated in 10.2126 milliseconds
[gmrf_wind_mapping_node-2] --> MAP did not converge after 1 iterations.
[gmrf_wind_mapping_node-2] [GMRF] MAP Mean value estimated in 10.2141 milliseconds
[gmrf_wind_mapping_node-2] --> MAP did not converge after 1 iterations.
[gmrf_wind_mapping_node-2] [GMRF] MAP Mean value estimated in 10.2156 milliseconds
[gmrf_wind_mapping_node-2] --> MAP did not converge after 1 iterations.
[gmrf_wind_mapping_node-2] [GMRF] MAP Mean value estimated in 10.2179 milliseconds
[gmrf_wind_mapping_node-2] --> MAP did not converge after 1 iterations.
[gmrf_wind_mapping_node-2] [GMRF] MAP Mean value estimated in 10.219 milliseconds
[gmrf_wind_mapping_node-2] --> MAP did not converge after 1 iterations.
[gmrf_wind_mapping_node-2] [GMRF] MAP Mean value estimated in 10.2201 milliseconds
[gmrf_wind_mapping_node-2] --> MAP did not converge after 1 iterations.
[gmrf_wind_mapping_node-2] [GMRF] MAP Mean value estimated in 10.22 milliseconds
[gmrf_wind_mapping_node-2] --> MAP did not converge after 1 iterations.
[gmrf_wind_mapping_node-2] [GMRF] MAP Mean value estimated in 10.2187 milliseconds
[gmrf_wind_mapping_node-2] --> MAP did not converge after 1 iterations.
[gmrf_wind_mapping_node-2] [GMRF] MAP Mean value estimated in 10.2202 milliseconds
[gmrf_wind_mapping_node-2] --> MAP did not converge after 1 iterations.
[gmrf_wind_mapping_node-2] [GMRF] MAP Mean value estimated in 10.2193 milliseconds
[gmrf_wind_mapping_node-2] --> MAP did not converge after 1 iterations.
[gmrf_wind_mapping_node-2] [GMRF] MAP Mean value estimated in 10.2212 milliseconds
[gmrf_wind_mapping_node-2] --> MAP did not converge after 1 iterations.
[gmrf_wind_mapping_node-2] [GMRF] MAP Mean value estimated in 10.22 milliseconds
[gmrf_wind_mapping_node-2] --> MAP did not converge after 1 iterations.
[gmrf_wind_mapping_node-2] [GMRF] MAP Mean value estimated in 10.221 milliseconds
[gmrf_wind_mapping_node-2] --> MAP did not converge after 1 iterations.
[gmrf_wind_mapping_node-2] [GMRF] MAP Mean value estimated in 10.2225 milliseconds
[gmrf_wind_mapping_node-2] --> MAP did not converge after 1 iterations.
[gmrf_wind_mapping_node-2] [GMRF] MAP Mean value estimated in 10.224 milliseconds
[gmrf_wind_mapping_node-2] --> MAP did not converge after 1 iterations.
[gmrf_wind_mapping_node-2] [GMRF] MAP Mean value estimated in 10.2251 milliseconds
[gmrf_wind_mapping_node-2] --> MAP did not converge after 1 iterations.
[gmrf_wind_mapping_node-2] [GMRF] MAP Mean value estimated in 10.2262 milliseconds
[gmrf_wind_mapping_node-2] --> MAP did not converge after 1 iterations.
[gmrf_wind_mapping_node-2] [GMRF] MAP Mean value estimated in 10.2284 milliseconds
[gmrf_wind_mapping_node-2] --> MAP did not converge after 1 iterations.
[gmrf_wind_mapping_node-2] [GMRF] MAP Mean value estimated in 10.2299 milliseconds
[gmrf_wind_mapping_node-2] --> MAP did not converge after 1 iterations.
[gmrf_wind_mapping_node-2] [GMRF] MAP Mean value estimated in 10.2287 milliseconds
[gmrf_wind_mapping_node-2] --> MAP did not converge after 1 iterations.
[gmrf_wind_mapping_node-2] [GMRF] MAP Mean value estimated in 10.2297 milliseconds
[gmrf_wind_mapping_node-2] --> MAP did not converge after 1 iterations.
[gmrf_wind_mapping_node-2] [GMRF] MAP Mean value estimated in 10.2308 milliseconds
[gmrf_wind_mapping_node-2] --> MAP did not converge after 1 iterations.
[gmrf_wind_mapping_node-2] [GMRF] MAP Mean value estimated in 10.2323 milliseconds
[gmrf_wind_mapping_node-2] --> MAP did not converge after 1 iterations.
[gmrf_wind_mapping_node-2] [GMRF] MAP Mean value estimated in 10.2322 milliseconds
[gmrf_wind_mapping_node-2] --> MAP did not converge after 1 iterations.
[gmrf_wind_mapping_node-2] [GMRF] MAP Mean value estimated in 10.2313 milliseconds
[gmrf_wind_mapping_node-2] --> MAP did not converge after 1 iterations.
[gmrf_wind_mapping_node-2] [GMRF] MAP Mean value estimated in 10.2324 milliseconds
[gmrf_wind_mapping_node-2] --> MAP did not converge after 1 iterations.
[gmrf_wind_mapping_node-2] [GMRF] MAP Mean value estimated in 10.2335 milliseconds
[gmrf_wind_mapping_node-2] --> MAP did not converge after 1 iterations.
[gmrf_wind_mapping_node-2] [GMRF] MAP Mean value estimated in 10.235 milliseconds
[gmrf_wind_mapping_node-2] --> MAP did not converge after 1 iterations.
[gmrf_wind_mapping_node-2] [GMRF] MAP Mean value estimated in 10.2368 milliseconds
[gmrf_wind_mapping_node-2] --> MAP did not converge after 1 iterations.
[gmrf_wind_mapping_node-2] [GMRF] MAP Mean value estimated in 10.2356 milliseconds
[gmrf_wind_mapping_node-2] --> MAP did not converge after 1 iterations.
[gmrf_wind_mapping_node-2] [GMRF] MAP Mean value estimated in 10.2347 milliseconds
[gmrf_wind_mapping_node-2] --> MAP did not converge after 1 iterations.
[gmrf_wind_mapping_node-2] [GMRF] MAP Mean value estimated in 10.2358 milliseconds
[gmrf_wind_mapping_node-2] --> MAP did not converge after 1 iterations.
[gmrf_wind_mapping_node-2] [GMRF] MAP Mean value estimated in 10.2361 milliseconds
[gmrf_wind_mapping_node-2] --> MAP did not converge after 1 iterations.
[gmrf_wind_mapping_node-2] [GMRF] MAP Mean value estimated in 10.2375 milliseconds
[gmrf_wind_mapping_node-2] --> MAP did not converge after 1 iterations.
[gmrf_wind_mapping_node-2] [GMRF] MAP Mean value estimated in 10.2367 milliseconds
[gmrf_wind_mapping_node-2] --> MAP did not converge after 1 iterations.
[gmrf_wind_mapping_node-2] [GMRF] MAP Mean value estimated in 10.2354 milliseconds
[gmrf_wind_mapping_node-2] --> MAP did not converge after 1 iterations.
[gmrf_wind_mapping_node-2] [GMRF] MAP Mean value estimated in 10.2349 milliseconds
[gmrf_wind_mapping_node-2] --> MAP did not converge after 1 iterations.
[gmrf_wind_mapping_node-2] [GMRF] MAP Mean value estimated in 10.2364 milliseconds
[gmrf_wind_mapping_node-2] --> MAP did not converge after 1 iterations.
[gmrf_wind_mapping_node-2] [GMRF] MAP Mean value estimated in 10.2375 milliseconds
[gmrf_wind_mapping_node-2] --> MAP did not converge after 1 iterations.
[gmrf_wind_mapping_node-2] [GMRF] MAP Mean value estimated in 10.2362 milliseconds
[gmrf_wind_mapping_node-2] --> MAP did not converge after 1 iterations.
[gmrf_wind_mapping_node-2] [GMRF] MAP Mean value estimated in 10.2353 milliseconds
[gmrf_wind_mapping_node-2] --> MAP did not converge after 1 iterations.
[gmrf_wind_mapping_node-2] [GMRF] MAP Mean value estimated in 10.2345 milliseconds
[gmrf_wind_mapping_node-2] --> MAP did not converge after 1 iterations.
[gmrf_wind_mapping_node-2] [GMRF] MAP Mean value estimated in 10.234 milliseconds
[gmrf_wind_mapping_node-2] --> MAP did not converge after 1 iterations.
[gmrf_wind_mapping_node-2] [GMRF] MAP Mean value estimated in 10.2358 milliseconds
[gmrf_wind_mapping_node-2] --> MAP did not converge after 1 iterations.
[gmrf_wind_mapping_node-2] [GMRF] MAP Mean value estimated in 10.2369 milliseconds
[gmrf_wind_mapping_node-2] --> MAP did not converge after 1 iterations.
[gmrf_wind_mapping_node-2] [GMRF] MAP Mean value estimated in 10.2372 milliseconds
[gmrf_wind_mapping_node-2] --> MAP did not converge after 1 iterations.
[gmrf_wind_mapping_node-2] [GMRF] MAP Mean value estimated in 10.2387 milliseconds
[gmrf_wind_mapping_node-2] --> MAP did not converge after 1 iterations.
[gmrf_wind_mapping_node-2] [GMRF] MAP Mean value estimated in 10.2405 milliseconds
[gmrf_wind_mapping_node-2] --> MAP did not converge after 1 iterations.
[gmrf_wind_mapping_node-2] [GMRF] MAP Mean value estimated in 10.2412 milliseconds
[gmrf_wind_mapping_node-2] --> MAP did not converge after 1 iterations.
[gmrf_wind_mapping_node-2] [GMRF] MAP Mean value estimated in 10.2403 milliseconds
[gmrf_wind_mapping_node-2] --> MAP did not converge after 1 iterations.
[gmrf_wind_mapping_node-2] [GMRF] MAP Mean value estimated in 10.2422 milliseconds
[gmrf_wind_mapping_node-2] --> MAP did not converge after 1 iterations.
[gmrf_wind_mapping_node-2] [GMRF] MAP Mean value estimated in 10.2417 milliseconds
[gmrf_wind_mapping_node-2] --> MAP did not converge after 1 iterations.
[gmrf_wind_mapping_node-2] [GMRF] MAP Mean value estimated in 10.2435 milliseconds
[gmrf_wind_mapping_node-2] --> MAP did not converge after 1 iterations.
[gmrf_wind_mapping_node-2] [GMRF] MAP Mean value estimated in 10.245 milliseconds
[gmrf_wind_mapping_node-2] --> MAP did not converge after 1 iterations.
[gmrf_wind_mapping_node-2] [GMRF] MAP Mean value estimated in 10.2441 milliseconds
[gmrf_wind_mapping_node-2] --> MAP did not converge after 1 iterations.
[gmrf_wind_mapping_node-2] [GMRF] MAP Mean value estimated in 10.2429 milliseconds
[gmrf_wind_mapping_node-2] --> MAP did not converge after 1 iterations.
[gmrf_wind_mapping_node-2] [GMRF] MAP Mean value estimated in 10.2439 milliseconds
[gmrf_wind_mapping_node-2] --> MAP did not converge after 1 iterations.
[gmrf_wind_mapping_node-2] [GMRF] MAP Mean value estimated in 10.2454 milliseconds
[gmrf_wind_mapping_node-2] --> MAP did not converge after 1 iterations.
[gmrf_wind_mapping_node-2] [GMRF] MAP Mean value estimated in 10.2464 milliseconds
[gmrf_wind_mapping_node-2] --> MAP did not converge after 1 iterations.
[gmrf_wind_mapping_node-2] [GMRF] MAP Mean value estimated in 10.2452 milliseconds
[gmrf_wind_mapping_node-2] --> MAP did not converge after 1 iterations.
[gmrf_wind_mapping_node-2] [GMRF] MAP Mean value estimated in 10.247 milliseconds
[gmrf_wind_mapping_node-2] --> MAP did not converge after 1 iterations.
[gmrf_wind_mapping_node-2] [GMRF] MAP Mean value estimated in 10.2473 milliseconds
[gmrf_wind_mapping_node-2] --> MAP did not converge after 1 iterations.
[gmrf_wind_mapping_node-2] [GMRF] MAP Mean value estimated in 10.2491 milliseconds
[gmrf_wind_mapping_node-2] --> MAP did not converge after 1 iterations.
[gmrf_wind_mapping_node-2] [GMRF] MAP Mean value estimated in 10.2498 milliseconds
[gmrf_wind_mapping_node-2] --> MAP did not converge after 1 iterations.
[gmrf_wind_mapping_node-2] [GMRF] MAP Mean value estimated in 10.2509 milliseconds
[gmrf_wind_mapping_node-2] --> MAP did not converge after 1 iterations.
[gmrf_wind_mapping_node-2] [GMRF] MAP Mean value estimated in 10.2519 milliseconds
[gmrf_wind_mapping_node-2] --> MAP did not converge after 1 iterations.
[gmrf_wind_mapping_node-2] [GMRF] MAP Mean value estimated in 10.2526 milliseconds
[gmrf_wind_mapping_node-2] --> MAP did not converge after 1 iterations.
[gmrf_wind_mapping_node-2] [GMRF] MAP Mean value estimated in 10.2552 milliseconds
[gmrf_wind_mapping_node-2] --> MAP did not converge after 1 iterations.
[gmrf_wind_mapping_node-2] [GMRF] MAP Mean value estimated in 10.2562 milliseconds
[gmrf_wind_mapping_node-2] --> MAP did not converge after 1 iterations.
[gmrf_wind_mapping_node-2] [GMRF] MAP Mean value estimated in 10.255 milliseconds
[gmrf_wind_mapping_node-2] --> MAP did not converge after 1 iterations.
[gmrf_wind_mapping_node-2] [GMRF] MAP Mean value estimated in 10.2568 milliseconds
[gmrf_wind_mapping_node-2] --> MAP did not converge after 1 iterations.
[gmrf_wind_mapping_node-2] [GMRF] MAP Mean value estimated in 10.2556 milliseconds
[gmrf_wind_mapping_node-2] --> MAP did not converge after 1 iterations.
[gmrf_wind_mapping_node-2] [GMRF] MAP Mean value estimated in 10.2558 milliseconds
[gmrf_wind_mapping_node-2] --> MAP did not converge after 1 iterations.
[gmrf_wind_mapping_node-2] [GMRF] MAP Mean value estimated in 10.2573 milliseconds
[gmrf_wind_mapping_node-2] --> MAP did not converge after 1 iterations.
[gmrf_wind_mapping_node-2] [GMRF] MAP Mean value estimated in 10.258 milliseconds
[gmrf_wind_mapping_node-2] --> MAP did not converge after 1 iterations.
[gmrf_wind_mapping_node-2] [GMRF] MAP Mean value estimated in 10.2598 milliseconds
[gmrf_wind_mapping_node-2] --> MAP did not converge after 1 iterations.
[gmrf_wind_mapping_node-2] [GMRF] MAP Mean value estimated in 10.2601 milliseconds
[gmrf_wind_mapping_node-2] --> MAP did not converge after 1 iterations.
[gmrf_wind_mapping_node-2] [GMRF] MAP Mean value estimated in 10.2623 milliseconds
[gmrf_wind_mapping_node-2] --> MAP did not converge after 1 iterations.
[gmrf_wind_mapping_node-2] [GMRF] MAP Mean value estimated in 10.2633 milliseconds
[gmrf_wind_mapping_node-2] --> MAP did not converge after 1 iterations.
[gmrf_wind_mapping_node-2] [GMRF] MAP Mean value estimated in 10.2624 milliseconds
[gmrf_wind_mapping_node-2] --> MAP did not converge after 1 iterations.
[gmrf_wind_mapping_node-2] [GMRF] MAP Mean value estimated in 10.2642 milliseconds
[gmrf_wind_mapping_node-2] --> MAP did not converge after 1 iterations.
[gmrf_wind_mapping_node-2] [GMRF] MAP Mean value estimated in 10.2653 milliseconds
[gmrf_wind_mapping_node-2] --> MAP did not converge after 1 iterations.
[gmrf_wind_mapping_node-2] [GMRF] MAP Mean value estimated in 10.2644 milliseconds
[gmrf_wind_mapping_node-2] --> MAP did not converge after 1 iterations.
[gmrf_wind_mapping_node-2] [GMRF] MAP Mean value estimated in 10.2651 milliseconds
[gmrf_wind_mapping_node-2] --> MAP did not converge after 1 iterations.
[gmrf_wind_mapping_node-2] [GMRF] MAP Mean value estimated in 10.2646 milliseconds
[gmrf_wind_mapping_node-2] --> MAP did not converge after 1 iterations.
[gmrf_wind_mapping_node-2] [GMRF] MAP Mean value estimated in 10.2664 milliseconds
[gmrf_wind_mapping_node-2] --> MAP did not converge after 1 iterations.
[gmrf_wind_mapping_node-2] [GMRF] MAP Mean value estimated in 10.2686 milliseconds
[gmrf_wind_mapping_node-2] --> MAP did not converge after 1 iterations.
[gmrf_wind_mapping_node-2] [GMRF] MAP Mean value estimated in 10.2696 milliseconds
[gmrf_wind_mapping_node-2] --> MAP did not converge after 1 iterations.
[gmrf_wind_mapping_node-2] [GMRF] MAP Mean value estimated in 10.2711 milliseconds
[gmrf_wind_mapping_node-2] --> MAP did not converge after 1 iterations.
[gmrf_wind_mapping_node-2] [GMRF] MAP Mean value estimated in 10.2698 milliseconds
[gmrf_wind_mapping_node-2] --> MAP did not converge after 1 iterations.
[gmrf_wind_mapping_node-2] [GMRF] MAP Mean value estimated in 10.269 milliseconds
[gmrf_wind_mapping_node-2] --> MAP did not converge after 1 iterations.
[gmrf_wind_mapping_node-2] [GMRF] MAP Mean value estimated in 10.2677 milliseconds
[gmrf_wind_mapping_node-2] --> MAP did not converge after 1 iterations.
[gmrf_wind_mapping_node-2] [GMRF] MAP Mean value estimated in 10.2665 milliseconds
[gmrf_wind_mapping_node-2] --> MAP did not converge after 1 iterations.
[gmrf_wind_mapping_node-2] [GMRF] MAP Mean value estimated in 10.2671 milliseconds
[gmrf_wind_mapping_node-2] --> MAP did not converge after 1 iterations.
[gmrf_wind_mapping_node-2] [GMRF] MAP Mean value estimated in 10.267 milliseconds
[gmrf_wind_mapping_node-2] --> MAP did not converge after 1 iterations.
[gmrf_wind_mapping_node-2] [GMRF] MAP Mean value estimated in 10.2673 milliseconds
[gmrf_wind_mapping_node-2] --> MAP did not converge after 1 iterations.
[gmrf_wind_mapping_node-2] [GMRF] MAP Mean value estimated in 10.2676 milliseconds
[gmrf_wind_mapping_node-2] --> MAP did not converge after 1 iterations.
[gmrf_wind_mapping_node-2] [GMRF] MAP Mean value estimated in 10.2679 milliseconds
[gmrf_wind_mapping_node-2] --> MAP did not converge after 1 iterations.
[gmrf_wind_mapping_node-2] [GMRF] MAP Mean value estimated in 10.267 milliseconds
[gmrf_wind_mapping_node-2] --> MAP did not converge after 1 iterations.
[gmrf_wind_mapping_node-2] [GMRF] MAP Mean value estimated in 10.2658 milliseconds
[gmrf_wind_mapping_node-2] --> MAP did not converge after 1 iterations.
[gmrf_wind_mapping_node-2] [GMRF] MAP Mean value estimated in 10.2676 milliseconds
[gmrf_wind_mapping_node-2] --> MAP did not converge after 1 iterations.
[gmrf_wind_mapping_node-2] [GMRF] MAP Mean value estimated in 10.2671 milliseconds
[gmrf_wind_mapping_node-2] --> MAP did not converge after 1 iterations.
[gmrf_wind_mapping_node-2] [GMRF] MAP Mean value estimated in 10.2662 milliseconds
[gmrf_wind_mapping_node-2] --> MAP did not converge after 1 iterations.
[gmrf_wind_mapping_node-2] [GMRF] MAP Mean value estimated in 10.2676 milliseconds
[gmrf_wind_mapping_node-2] --> MAP did not converge after 1 iterations.
[gmrf_wind_mapping_node-2] [GMRF] MAP Mean value estimated in 10.2687 milliseconds
[gmrf_wind_mapping_node-2] --> MAP did not converge after 1 iterations.
[gmrf_wind_mapping_node-2] [GMRF] MAP Mean value estimated in 10.2674 milliseconds
[gmrf_wind_mapping_node-2] --> MAP did not converge after 1 iterations.
[gmrf_wind_mapping_node-2] [GMRF] MAP Mean value estimated in 10.2685 milliseconds
[gmrf_wind_mapping_node-2] --> MAP did not converge after 1 iterations.
[gmrf_wind_mapping_node-2] [GMRF] MAP Mean value estimated in 10.2676 milliseconds
[gmrf_wind_mapping_node-2] --> MAP did not converge after 1 iterations.
[gmrf_wind_mapping_node-2] [GMRF] MAP Mean value estimated in 10.2667 milliseconds
[gmrf_wind_mapping_node-2] --> MAP did not converge after 1 iterations.
[gmrf_wind_mapping_node-2] [GMRF] MAP Mean value estimated in 10.2659 milliseconds
[gmrf_wind_mapping_node-2] --> MAP did not converge after 1 iterations.
[gmrf_wind_mapping_node-2] [GMRF] MAP Mean value estimated in 10.2673 milliseconds
[gmrf_wind_mapping_node-2] --> MAP did not converge after 1 iterations.
[gmrf_wind_mapping_node-2] [GMRF] MAP Mean value estimated in 10.2683 milliseconds
[gmrf_wind_mapping_node-2] --> MAP did not converge after 1 iterations.
[gmrf_wind_mapping_node-2] [GMRF] MAP Mean value estimated in 10.2682 milliseconds
[gmrf_wind_mapping_node-2] --> MAP did not converge after 1 iterations.
[gmrf_wind_mapping_node-2] [GMRF] MAP Mean value estimated in 10.2708 milliseconds
[gmrf_wind_mapping_node-2] --> MAP did not converge after 1 iterations.
[gmrf_wind_mapping_node-2] [GMRF] MAP Mean value estimated in 10.2714 milliseconds
[gmrf_wind_mapping_node-2] --> MAP did not converge after 1 iterations.
[gmrf_wind_mapping_node-2] [GMRF] MAP Mean value estimated in 10.2721 milliseconds
[gmrf_wind_mapping_node-2] --> MAP did not converge after 1 iterations.
[gmrf_wind_mapping_node-2] [GMRF] MAP Mean value estimated in 10.2735 milliseconds
[gmrf_wind_mapping_node-2] --> MAP did not converge after 1 iterations.
[gmrf_wind_mapping_node-2] [GMRF] MAP Mean value estimated in 10.2741 milliseconds
[gmrf_wind_mapping_node-2] --> MAP did not converge after 1 iterations.
[gmrf_wind_mapping_node-2] [GMRF] MAP Mean value estimated in 10.2744 milliseconds
[gmrf_wind_mapping_node-2] --> MAP did not converge after 1 iterations.
[gmrf_wind_mapping_node-2] [GMRF] MAP Mean value estimated in 10.2732 milliseconds
[gmrf_wind_mapping_node-2] --> MAP did not converge after 1 iterations.
[gmrf_wind_mapping_node-2] [GMRF] MAP Mean value estimated in 10.2753 milliseconds
[gmrf_wind_mapping_node-2] --> MAP did not converge after 1 iterations.
[gmrf_wind_mapping_node-2] [GMRF] MAP Mean value estimated in 10.2775 milliseconds
[gmrf_wind_mapping_node-2] --> MAP did not converge after 1 iterations.
[gmrf_wind_mapping_node-2] [GMRF] MAP Mean value estimated in 10.2793 milliseconds
[gmrf_wind_mapping_node-2] --> MAP did not converge after 1 iterations.
[gmrf_wind_mapping_node-2] [GMRF] MAP Mean value estimated in 10.2784 milliseconds
[gmrf_wind_mapping_node-2] --> MAP did not converge after 1 iterations.
[gmrf_wind_mapping_node-2] [GMRF] MAP Mean value estimated in 10.2772 milliseconds
[gmrf_wind_mapping_node-2] --> MAP did not converge after 1 iterations.
[gmrf_wind_mapping_node-2] [GMRF] MAP Mean value estimated in 10.2759 milliseconds
[gmrf_wind_mapping_node-2] --> MAP did not converge after 1 iterations.
[gmrf_wind_mapping_node-2] [GMRF] MAP Mean value estimated in 10.2747 milliseconds
[gmrf_wind_mapping_node-2] --> MAP did not converge after 1 iterations.
[gmrf_wind_mapping_node-2] [GMRF] MAP Mean value estimated in 10.2735 milliseconds
[gmrf_wind_mapping_node-2] --> MAP did not converge after 1 iterations.
[gmrf_wind_mapping_node-2] [GMRF] MAP Mean value estimated in 10.2722 milliseconds
[gmrf_wind_mapping_node-2] --> MAP did not converge after 1 iterations.
[gmrf_wind_mapping_node-2] [GMRF] MAP Mean value estimated in 10.2714 milliseconds
[gmrf_wind_mapping_node-2] --> MAP did not converge after 1 iterations.
[gmrf_wind_mapping_node-2] [GMRF] MAP Mean value estimated in 10.2709 milliseconds
[gmrf_wind_mapping_node-2] --> MAP did not converge after 1 iterations.
[gmrf_wind_mapping_node-2] [GMRF] MAP Mean value estimated in 10.2697 milliseconds
[gmrf_wind_mapping_node-2] --> MAP did not converge after 1 iterations.
[gmrf_wind_mapping_node-2] [GMRF] MAP Mean value estimated in 10.2685 milliseconds
[gmrf_wind_mapping_node-2] --> MAP did not converge after 1 iterations.
[gmrf_wind_mapping_node-2] [GMRF] MAP Mean value estimated in 10.2672 milliseconds
[gmrf_wind_mapping_node-2] --> MAP did not converge after 1 iterations.
[gmrf_wind_mapping_node-2] [GMRF] MAP Mean value estimated in 10.266 milliseconds
[gmrf_wind_mapping_node-2] --> MAP did not converge after 1 iterations.
[gmrf_wind_mapping_node-2] [GMRF] MAP Mean value estimated in 10.2667 milliseconds
[gmrf_wind_mapping_node-2] --> MAP did not converge after 1 iterations.
[gmrf_wind_mapping_node-2] [GMRF] MAP Mean value estimated in 10.2692 milliseconds
[gmrf_wind_mapping_node-2] --> MAP did not converge after 1 iterations.
[gmrf_wind_mapping_node-2] [GMRF] MAP Mean value estimated in 10.2698 milliseconds
[gmrf_wind_mapping_node-2] --> MAP did not converge after 1 iterations.
[gmrf_wind_mapping_node-2] [GMRF] MAP Mean value estimated in 10.2709 milliseconds
[gmrf_wind_mapping_node-2] --> MAP did not converge after 1 iterations.
[gmrf_wind_mapping_node-2] [GMRF] MAP Mean value estimated in 10.2696 milliseconds
[gmrf_wind_mapping_node-2] --> MAP did not converge after 1 iterations.
[gmrf_wind_mapping_node-2] [GMRF] MAP Mean value estimated in 10.2718 milliseconds
[gmrf_wind_mapping_node-2] --> MAP did not converge after 1 iterations.
[gmrf_wind_mapping_node-2] [GMRF] MAP Mean value estimated in 10.2724 milliseconds
[gmrf_wind_mapping_node-2] --> MAP did not converge after 1 iterations.
[gmrf_wind_mapping_node-2] [GMRF] MAP Mean value estimated in 10.2723 milliseconds
[gmrf_wind_mapping_node-2] --> MAP did not converge after 1 iterations.
[gmrf_wind_mapping_node-2] [GMRF] MAP Mean value estimated in 10.2718 milliseconds
[gmrf_wind_mapping_node-2] --> MAP did not converge after 1 iterations.
[gmrf_wind_mapping_node-2] [GMRF] MAP Mean value estimated in 10.2732 milliseconds
[gmrf_wind_mapping_node-2] --> MAP did not converge after 1 iterations.
[gmrf_wind_mapping_node-2] [GMRF] MAP Mean value estimated in 10.2743 milliseconds
[gmrf_wind_mapping_node-2] --> MAP did not converge after 1 iterations.
[gmrf_wind_mapping_node-2] [GMRF] MAP Mean value estimated in 10.276 milliseconds
[gmrf_wind_mapping_node-2] --> MAP did not converge after 1 iterations.
[gmrf_wind_mapping_node-2] [GMRF] MAP Mean value estimated in 10.2759 milliseconds
[gmrf_wind_mapping_node-2] --> MAP did not converge after 1 iterations.
[gmrf_wind_mapping_node-2] [GMRF] MAP Mean value estimated in 10.2766 milliseconds
[gmrf_wind_mapping_node-2] --> MAP did not converge after 1 iterations.
[gmrf_wind_mapping_node-2] [GMRF] MAP Mean value estimated in 10.2768 milliseconds
[gmrf_wind_mapping_node-2] --> MAP did not converge after 1 iterations.
[gmrf_wind_mapping_node-2] [GMRF] MAP Mean value estimated in 10.2764 milliseconds
[gmrf_wind_mapping_node-2] --> MAP did not converge after 1 iterations.
[gmrf_wind_mapping_node-2] [GMRF] MAP Mean value estimated in 10.2751 milliseconds
[gmrf_wind_mapping_node-2] --> MAP did not converge after 1 iterations.
[gmrf_wind_mapping_node-2] [GMRF] MAP Mean value estimated in 10.2754 milliseconds
[gmrf_wind_mapping_node-2] --> MAP did not converge after 1 iterations.
[gmrf_wind_mapping_node-2] [GMRF] MAP Mean value estimated in 10.2772 milliseconds
[gmrf_wind_mapping_node-2] --> MAP did not converge after 1 iterations.
[gmrf_wind_mapping_node-2] [GMRF] MAP Mean value estimated in 10.2759 milliseconds
[gmrf_wind_mapping_node-2] --> MAP did not converge after 1 iterations.
[gmrf_wind_mapping_node-2] [GMRF] MAP Mean value estimated in 10.277 milliseconds
[gmrf_wind_mapping_node-2] --> MAP did not converge after 1 iterations.
[gmrf_wind_mapping_node-2] [GMRF] MAP Mean value estimated in 10.2787 milliseconds
[gmrf_wind_mapping_node-2] --> MAP did not converge after 1 iterations.
[gmrf_wind_mapping_node-2] [GMRF] MAP Mean value estimated in 10.2775 milliseconds
[gmrf_wind_mapping_node-2] --> MAP did not converge after 1 iterations.
[gmrf_wind_mapping_node-2] [GMRF] MAP Mean value estimated in 10.2763 milliseconds
[gmrf_wind_mapping_node-2] --> MAP did not converge after 1 iterations.
[gmrf_wind_mapping_node-2] [GMRF] MAP Mean value estimated in 10.2751 milliseconds
[gmrf_wind_mapping_node-2] --> MAP did not converge after 1 iterations.
[gmrf_wind_mapping_node-2] [GMRF] MAP Mean value estimated in 10.2764 milliseconds
[gmrf_wind_mapping_node-2] --> MAP did not converge after 1 iterations.
[gmrf_wind_mapping_node-2] [GMRF] MAP Mean value estimated in 10.2793 milliseconds
[gmrf_wind_mapping_node-2] --> MAP did not converge after 1 iterations.
[gmrf_wind_mapping_node-2] [GMRF] MAP Mean value estimated in 10.2792 milliseconds
[gmrf_wind_mapping_node-2] --> MAP did not converge after 1 iterations.
[gmrf_wind_mapping_node-2] [GMRF] MAP Mean value estimated in 10.2809 milliseconds
[gmrf_wind_mapping_node-2] --> MAP did not converge after 1 iterations.
[gmrf_wind_mapping_node-2] [GMRF] MAP Mean value estimated in 10.2797 milliseconds
[gmrf_wind_mapping_node-2] --> MAP did not converge after 1 iterations.
[gmrf_wind_mapping_node-2] [GMRF] MAP Mean value estimated in 10.2785 milliseconds
[gmrf_wind_mapping_node-2] --> MAP did not converge after 1 iterations.
[gmrf_wind_mapping_node-2] [GMRF] MAP Mean value estimated in 10.2803 milliseconds
[gmrf_wind_mapping_node-2] --> MAP did not converge after 1 iterations.
[gmrf_wind_mapping_node-2] [GMRF] MAP Mean value estimated in 10.2805 milliseconds
[gmrf_wind_mapping_node-2] --> MAP did not converge after 1 iterations.
[gmrf_wind_mapping_node-2] [GMRF] MAP Mean value estimated in 10.2812 milliseconds
[gmrf_wind_mapping_node-2] --> MAP did not converge after 1 iterations.
[gmrf_wind_mapping_node-2] [GMRF] MAP Mean value estimated in 10.2825 milliseconds
[gmrf_wind_mapping_node-2] --> MAP did not converge after 1 iterations.
[gmrf_wind_mapping_node-2] [GMRF] MAP Mean value estimated in 10.2839 milliseconds
[gmrf_wind_mapping_node-2] --> MAP did not converge after 1 iterations.
[gmrf_wind_mapping_node-2] [GMRF] MAP Mean value estimated in 10.2842 milliseconds
[gmrf_wind_mapping_node-2] --> MAP did not converge after 1 iterations.
[gmrf_wind_mapping_node-2] [GMRF] MAP Mean value estimated in 10.2848 milliseconds
[gmrf_wind_mapping_node-2] --> MAP did not converge after 1 iterations.
[gmrf_wind_mapping_node-2] [GMRF] MAP Mean value estimated in 10.284 milliseconds
[gmrf_wind_mapping_node-2] --> MAP did not converge after 1 iterations.
[gmrf_wind_mapping_node-2] [GMRF] MAP Mean value estimated in 10.285 milliseconds
[gmrf_wind_mapping_node-2] --> MAP did not converge after 1 iterations.
[gmrf_wind_mapping_node-2] [GMRF] MAP Mean value estimated in 10.2841 milliseconds
[gmrf_wind_mapping_node-2] --> MAP did not converge after 1 iterations.
[gmrf_wind_mapping_node-2] [GMRF] MAP Mean value estimated in 10.2848 milliseconds
[gmrf_wind_mapping_node-2] --> MAP did not converge after 1 iterations.
[gmrf_wind_mapping_node-2] [GMRF] MAP Mean value estimated in 10.2869 milliseconds
[gmrf_wind_mapping_node-2] --> MAP did not converge after 1 iterations.
[gmrf_wind_mapping_node-2] [GMRF] MAP Mean value estimated in 10.2875 milliseconds
[gmrf_wind_mapping_node-2] --> MAP did not converge after 1 iterations.
[gmrf_wind_mapping_node-2] [GMRF] MAP Mean value estimated in 10.2885 milliseconds
[gmrf_wind_mapping_node-2] --> MAP did not converge after 1 iterations.
[gmrf_wind_mapping_node-2] [GMRF] MAP Mean value estimated in 10.2877 milliseconds
[gmrf_wind_mapping_node-2] --> MAP did not converge after 1 iterations.
[gmrf_wind_mapping_node-2] [GMRF] MAP Mean value estimated in 10.2887 milliseconds
[gmrf_wind_mapping_node-2] --> MAP did not converge after 1 iterations.
[gmrf_wind_mapping_node-2] [GMRF] MAP Mean value estimated in 10.2908 milliseconds
[gmrf_wind_mapping_node-2] --> MAP did not converge after 1 iterations.
[gmrf_wind_mapping_node-2] [GMRF] MAP Mean value estimated in 10.2896 milliseconds
[gmrf_wind_mapping_node-2] --> MAP did not converge after 1 iterations.
[gmrf_wind_mapping_node-2] [GMRF] MAP Mean value estimated in 10.2883 milliseconds
[gmrf_wind_mapping_node-2] --> MAP did not converge after 1 iterations.
[gmrf_wind_mapping_node-2] [GMRF] MAP Mean value estimated in 10.2871 milliseconds
[gmrf_wind_mapping_node-2] --> MAP did not converge after 1 iterations.
[gmrf_wind_mapping_node-2] [GMRF] MAP Mean value estimated in 10.2863 milliseconds
[gmrf_wind_mapping_node-2] --> MAP did not converge after 1 iterations.
[gmrf_wind_mapping_node-2] [GMRF] MAP Mean value estimated in 10.2851 milliseconds
[gmrf_wind_mapping_node-2] --> MAP did not converge after 1 iterations.
[gmrf_wind_mapping_node-2] [GMRF] MAP Mean value estimated in 10.285 milliseconds
[gmrf_wind_mapping_node-2] --> MAP did not converge after 1 iterations.
[gmrf_wind_mapping_node-2] [GMRF] MAP Mean value estimated in 10.2838 milliseconds
[gmrf_wind_mapping_node-2] --> MAP did not converge after 1 iterations.
[gmrf_wind_mapping_node-2] [GMRF] MAP Mean value estimated in 10.2826 milliseconds
[gmrf_wind_mapping_node-2] --> MAP did not converge after 1 iterations.
[gmrf_wind_mapping_node-2] [GMRF] MAP Mean value estimated in 10.2839 milliseconds
[gmrf_wind_mapping_node-2] --> MAP did not converge after 1 iterations.
[gmrf_wind_mapping_node-2] [GMRF] MAP Mean value estimated in 10.2842 milliseconds
[gmrf_wind_mapping_node-2] --> MAP did not converge after 1 iterations.
[gmrf_wind_mapping_node-2] [GMRF] MAP Mean value estimated in 10.2845 milliseconds
[gmrf_wind_mapping_node-2] --> MAP did not converge after 1 iterations.
[gmrf_wind_mapping_node-2] [GMRF] MAP Mean value estimated in 10.284 milliseconds
[gmrf_wind_mapping_node-2] --> MAP did not converge after 1 iterations.
[gmrf_wind_mapping_node-2] [GMRF] MAP Mean value estimated in 10.2828 milliseconds
[gmrf_wind_mapping_node-2] --> MAP did not converge after 1 iterations.
[gmrf_wind_mapping_node-2] [GMRF] MAP Mean value estimated in 10.2819 milliseconds
[gmrf_wind_mapping_node-2] --> MAP did not converge after 1 iterations.
[gmrf_wind_mapping_node-2] [GMRF] MAP Mean value estimated in 10.2807 milliseconds
[gmrf_wind_mapping_node-2] --> MAP did not converge after 1 iterations.
[gmrf_wind_mapping_node-2] [GMRF] MAP Mean value estimated in 10.2817 milliseconds
[gmrf_wind_mapping_node-2] --> MAP did not converge after 1 iterations.
[gmrf_wind_mapping_node-2] [GMRF] MAP Mean value estimated in 10.2816 milliseconds
[gmrf_wind_mapping_node-2] --> MAP did not converge after 1 iterations.
[gmrf_wind_mapping_node-2] [GMRF] MAP Mean value estimated in 10.2845 milliseconds
[gmrf_wind_mapping_node-2] --> MAP did not converge after 1 iterations.
[gmrf_wind_mapping_node-2] [GMRF] MAP Mean value estimated in 10.2855 milliseconds
[gmrf_wind_mapping_node-2] --> MAP did not converge after 1 iterations.
[gmrf_wind_mapping_node-2] [GMRF] MAP Mean value estimated in 10.2864 milliseconds
[gmrf_wind_mapping_node-2] --> MAP did not converge after 1 iterations.
[gmrf_wind_mapping_node-2] [GMRF] MAP Mean value estimated in 10.2874 milliseconds
[gmrf_wind_mapping_node-2] --> MAP did not converge after 1 iterations.
[gmrf_wind_mapping_node-2] [GMRF] MAP Mean value estimated in 10.2866 milliseconds
[gmrf_wind_mapping_node-2] --> MAP did not converge after 1 iterations.
[gmrf_wind_mapping_node-2] [GMRF] MAP Mean value estimated in 10.288 milliseconds
[gmrf_wind_mapping_node-2] --> MAP did not converge after 1 iterations.
[gmrf_wind_mapping_node-2] [GMRF] MAP Mean value estimated in 10.2893 milliseconds
[gmrf_wind_mapping_node-2] --> MAP did not converge after 1 iterations.
[gmrf_wind_mapping_node-2] [GMRF] MAP Mean value estimated in 10.2918 milliseconds
[gmrf_wind_mapping_node-2] --> MAP did not converge after 1 iterations.
[gmrf_wind_mapping_node-2] [GMRF] MAP Mean value estimated in 10.2924 milliseconds
[gmrf_wind_mapping_node-2] --> MAP did not converge after 1 iterations.
[gmrf_wind_mapping_node-2] [GMRF] MAP Mean value estimated in 10.2934 milliseconds
[gmrf_wind_mapping_node-2] --> MAP did not converge after 1 iterations.
[gmrf_wind_mapping_node-2] [GMRF] MAP Mean value estimated in 10.2929 milliseconds
[gmrf_wind_mapping_node-2] --> MAP did not converge after 1 iterations.
[gmrf_wind_mapping_node-2] [GMRF] MAP Mean value estimated in 10.2942 milliseconds
[gmrf_wind_mapping_node-2] --> MAP did not converge after 1 iterations.
[gmrf_wind_mapping_node-2] [GMRF] MAP Mean value estimated in 10.296 milliseconds
[gmrf_wind_mapping_node-2] --> MAP did not converge after 1 iterations.
[gmrf_wind_mapping_node-2] [GMRF] MAP Mean value estimated in 10.2973 milliseconds
[gmrf_wind_mapping_node-2] --> MAP did not converge after 1 iterations.
[gmrf_wind_mapping_node-2] [GMRF] MAP Mean value estimated in 10.2979 milliseconds
[gmrf_wind_mapping_node-2] --> MAP did not converge after 1 iterations.
[gmrf_wind_mapping_node-2] [GMRF] MAP Mean value estimated in 10.2989 milliseconds
[gmrf_wind_mapping_node-2] --> MAP did not converge after 1 iterations.
[gmrf_wind_mapping_node-2] [GMRF] MAP Mean value estimated in 10.2981 milliseconds
[gmrf_wind_mapping_node-2] --> MAP did not converge after 1 iterations.
[gmrf_wind_mapping_node-2] [GMRF] MAP Mean value estimated in 10.2972 milliseconds
[gmrf_wind_mapping_node-2] --> MAP did not converge after 1 iterations.
[gmrf_wind_mapping_node-2] [GMRF] MAP Mean value estimated in 10.2979 milliseconds
[gmrf_wind_mapping_node-2] --> MAP did not converge after 1 iterations.
[gmrf_wind_mapping_node-2] [GMRF] MAP Mean value estimated in 10.2996 milliseconds
[gmrf_wind_mapping_node-2] --> MAP did not converge after 1 iterations.
[gmrf_wind_mapping_node-2] [GMRF] MAP Mean value estimated in 10.2984 milliseconds
[gmrf_wind_mapping_node-2] --> MAP did not converge after 1 iterations.
[gmrf_wind_mapping_node-2] [GMRF] MAP Mean value estimated in 10.2993 milliseconds
[gmrf_wind_mapping_node-2] --> MAP did not converge after 1 iterations.
[gmrf_wind_mapping_node-2] [GMRF] MAP Mean value estimated in 10.2985 milliseconds
[gmrf_wind_mapping_node-2] --> MAP did not converge after 1 iterations.
[gmrf_wind_mapping_node-2] [GMRF] MAP Mean value estimated in 10.2973 milliseconds
[gmrf_wind_mapping_node-2] --> MAP did not converge after 1 iterations.
[gmrf_wind_mapping_node-2] [GMRF] MAP Mean value estimated in 10.2965 milliseconds
[gmrf_wind_mapping_node-2] --> MAP did not converge after 1 iterations.
[gmrf_wind_mapping_node-2] [GMRF] MAP Mean value estimated in 10.2953 milliseconds
[gmrf_wind_mapping_node-2] --> MAP did not converge after 1 iterations.
[gmrf_wind_mapping_node-2] [GMRF] MAP Mean value estimated in 10.2941 milliseconds
[gmrf_wind_mapping_node-2] --> MAP did not converge after 1 iterations.
[gmrf_wind_mapping_node-2] [GMRF] MAP Mean value estimated in 10.2936 milliseconds
[gmrf_wind_mapping_node-2] --> MAP did not converge after 1 iterations.
[gmrf_wind_mapping_node-2] [GMRF] MAP Mean value estimated in 10.2935 milliseconds
[gmrf_wind_mapping_node-2] --> MAP did not converge after 1 iterations.
[gmrf_wind_mapping_node-2] [GMRF] MAP Mean value estimated in 10.2941 milliseconds
[gmrf_wind_mapping_node-2] --> MAP did not converge after 1 iterations.
[gmrf_wind_mapping_node-2] [GMRF] MAP Mean value estimated in 10.2929 milliseconds
[gmrf_wind_mapping_node-2] --> MAP did not converge after 1 iterations.
[gmrf_wind_mapping_node-2] [GMRF] MAP Mean value estimated in 10.2918 milliseconds
[gmrf_wind_mapping_node-2] --> MAP did not converge after 1 iterations.
[gmrf_wind_mapping_node-2] [GMRF] MAP Mean value estimated in 10.2909 milliseconds
[gmrf_wind_mapping_node-2] --> MAP did not converge after 1 iterations.
[gmrf_wind_mapping_node-2] [GMRF] MAP Mean value estimated in 10.2901 milliseconds
[gmrf_wind_mapping_node-2] --> MAP did not converge after 1 iterations.
[gmrf_wind_mapping_node-2] [GMRF] MAP Mean value estimated in 10.2889 milliseconds
[gmrf_wind_mapping_node-2] --> MAP did not converge after 1 iterations.
[gmrf_wind_mapping_node-2] [GMRF] MAP Mean value estimated in 10.2877 milliseconds
[gmrf_wind_mapping_node-2] --> MAP did not converge after 1 iterations.
[gmrf_wind_mapping_node-2] [GMRF] MAP Mean value estimated in 10.2865 milliseconds
[gmrf_wind_mapping_node-2] --> MAP did not converge after 1 iterations.
[gmrf_wind_mapping_node-2] [GMRF] MAP Mean value estimated in 10.2864 milliseconds
[gmrf_wind_mapping_node-2] --> MAP did not converge after 1 iterations.
[gmrf_wind_mapping_node-2] [GMRF] MAP Mean value estimated in 10.2871 milliseconds
[gmrf_wind_mapping_node-2] --> MAP did not converge after 1 iterations.
[gmrf_wind_mapping_node-2] [GMRF] MAP Mean value estimated in 10.2859 milliseconds
[gmrf_wind_mapping_node-2] --> MAP did not converge after 1 iterations.
[gmrf_wind_mapping_node-2] [GMRF] MAP Mean value estimated in 10.2847 milliseconds
[gmrf_wind_mapping_node-2] --> MAP did not converge after 1 iterations.
[gmrf_wind_mapping_node-2] [GMRF] MAP Mean value estimated in 10.2839 milliseconds
[gmrf_wind_mapping_node-2] --> MAP did not converge after 1 iterations.
[gmrf_wind_mapping_node-2] [GMRF] MAP Mean value estimated in 10.2848 milliseconds
[gmrf_wind_mapping_node-2] --> MAP did not converge after 1 iterations.
[gmrf_wind_mapping_node-2] [GMRF] MAP Mean value estimated in 10.2837 milliseconds
[gmrf_wind_mapping_node-2] --> MAP did not converge after 1 iterations.
[gmrf_wind_mapping_node-2] [GMRF] MAP Mean value estimated in 10.2854 milliseconds
[gmrf_wind_mapping_node-2] --> MAP did not converge after 1 iterations.
[gmrf_wind_mapping_node-2] [GMRF] MAP Mean value estimated in 10.2853 milliseconds
[gmrf_wind_mapping_node-2] --> MAP did not converge after 1 iterations.
[gmrf_wind_mapping_node-2] [GMRF] MAP Mean value estimated in 10.2869 milliseconds
[gmrf_wind_mapping_node-2] --> MAP did not converge after 1 iterations.
[gmrf_wind_mapping_node-2] [GMRF] MAP Mean value estimated in 10.2879 milliseconds
[gmrf_wind_mapping_node-2] --> MAP did not converge after 1 iterations.
[gmrf_wind_mapping_node-2] [GMRF] MAP Mean value estimated in 10.2878 milliseconds
[gmrf_wind_mapping_node-2] --> MAP did not converge after 1 iterations.
[gmrf_wind_mapping_node-2] [GMRF] MAP Mean value estimated in 10.2877 milliseconds
[gmrf_wind_mapping_node-2] --> MAP did not converge after 1 iterations.
[gmrf_wind_mapping_node-2] [GMRF] MAP Mean value estimated in 10.2869 milliseconds
[gmrf_wind_mapping_node-2] --> MAP did not converge after 1 iterations.
[gmrf_wind_mapping_node-2] [GMRF] MAP Mean value estimated in 10.2857 milliseconds
[gmrf_wind_mapping_node-2] --> MAP did not converge after 1 iterations.
[gmrf_wind_mapping_node-2] [GMRF] MAP Mean value estimated in 10.2849 milliseconds
[gmrf_wind_mapping_node-2] --> MAP did not converge after 1 iterations.
[gmrf_wind_mapping_node-2] [GMRF] MAP Mean value estimated in 10.2866 milliseconds
[gmrf_wind_mapping_node-2] --> MAP did not converge after 1 iterations.
[gmrf_wind_mapping_node-2] [GMRF] MAP Mean value estimated in 10.2883 milliseconds
[gmrf_wind_mapping_node-2] --> MAP did not converge after 1 iterations.
[gmrf_wind_mapping_node-2] [GMRF] MAP Mean value estimated in 10.2875 milliseconds
[gmrf_wind_mapping_node-2] --> MAP did not converge after 1 iterations.
[gmrf_wind_mapping_node-2] [GMRF] MAP Mean value estimated in 10.2899 milliseconds
[gmrf_wind_mapping_node-2] --> MAP did not converge after 1 iterations.
[gmrf_wind_mapping_node-2] [GMRF] MAP Mean value estimated in 10.2926 milliseconds
[gmrf_wind_mapping_node-2] --> MAP did not converge after 1 iterations.
[gmrf_wind_mapping_node-2] [GMRF] MAP Mean value estimated in 10.2939 milliseconds
[gmrf_wind_mapping_node-2] --> MAP did not converge after 1 iterations.
[gmrf_wind_mapping_node-2] [GMRF] MAP Mean value estimated in 10.2931 milliseconds
[gmrf_wind_mapping_node-2] --> MAP did not converge after 1 iterations.
[gmrf_wind_mapping_node-2] [GMRF] MAP Mean value estimated in 10.2919 milliseconds
[gmrf_wind_mapping_node-2] --> MAP did not converge after 1 iterations.
[gmrf_wind_mapping_node-2] [GMRF] MAP Mean value estimated in 10.2936 milliseconds
[gmrf_wind_mapping_node-2] --> MAP did not converge after 1 iterations.
[gmrf_wind_mapping_node-2] [GMRF] MAP Mean value estimated in 10.2953 milliseconds
[gmrf_wind_mapping_node-2] --> MAP did not converge after 1 iterations.
[gmrf_wind_mapping_node-2] [GMRF] MAP Mean value estimated in 10.2941 milliseconds
[gmrf_wind_mapping_node-2] --> MAP did not converge after 1 iterations.
[gmrf_wind_mapping_node-2] [GMRF] MAP Mean value estimated in 10.2937 milliseconds
[gmrf_wind_mapping_node-2] --> MAP did not converge after 1 iterations.
[gmrf_wind_mapping_node-2] [GMRF] MAP Mean value estimated in 10.2946 milliseconds
[gmrf_wind_mapping_node-2] --> MAP did not converge after 1 iterations.
[gmrf_wind_mapping_node-2] [GMRF] MAP Mean value estimated in 10.2945 milliseconds
[gmrf_wind_mapping_node-2] --> MAP did not converge after 1 iterations.
[gmrf_wind_mapping_node-2] [GMRF] MAP Mean value estimated in 10.2934 milliseconds
[gmrf_wind_mapping_node-2] --> MAP did not converge after 1 iterations.
[gmrf_wind_mapping_node-2] [GMRF] MAP Mean value estimated in 10.2943 milliseconds
[gsl_benchmark_runner-4] [INFO] [1789221378.101381680] [gsl_benchmark_runner]: wrote V4 run record: method=CTPI_G2_M1_M2 seed=12 termination=time_budget_timeout final_error=2.517 localized2=False timeout=True
[gmrf_wind_mapping_node-2] --> MAP did not converge after 1 iterations.
[gmrf_wind_mapping_node-2] [GMRF] MAP Mean value estimated in 10.2935 milliseconds
[gmrf_wind_mapping_node-2] --> MAP did not converge after 1 iterations.
[gmrf_wind_mapping_node-2] [GMRF] MAP Mean value estimated in 10.2923 milliseconds
[gmrf_wind_mapping_node-2] --> MAP did not converge after 1 iterations.
[gmrf_wind_mapping_node-2] [GMRF] MAP Mean value estimated in 10.2912 milliseconds
[gmrf_wind_mapping_node-2] --> MAP did not converge after 1 iterations.
[gmrf_wind_mapping_node-2] [GMRF] MAP Mean value estimated in 10.2914 milliseconds
[gmrf_wind_mapping_node-2] --> MAP did not converge after 1 iterations.
[gmrf_wind_mapping_node-2] [GMRF] MAP Mean value estimated in 10.2902 milliseconds
[gmrf_wind_mapping_node-2] --> MAP did not converge after 1 iterations.
[gmrf_wind_mapping_node-2] [GMRF] MAP Mean value estimated in 10.2919 milliseconds
[gmrf_wind_mapping_node-2] --> MAP did not converge after 1 iterations.
[gmrf_wind_mapping_node-2] [GMRF] MAP Mean value estimated in 10.2915 milliseconds
[gmrf_wind_mapping_node-2] --> MAP did not converge after 1 iterations.
[gmrf_wind_mapping_node-2] [GMRF] MAP Mean value estimated in 10.2935 milliseconds
[gmrf_wind_mapping_node-2] --> MAP did not converge after 1 iterations.
[gmrf_wind_mapping_node-2] [GMRF] MAP Mean value estimated in 10.2923 milliseconds
[gmrf_wind_mapping_node-2] --> MAP did not converge after 1 iterations.
[gmrf_wind_mapping_node-2] [GMRF] MAP Mean value estimated in 10.2929 milliseconds
[gmrf_wind_mapping_node-2] --> MAP did not converge after 1 iterations.
[gmrf_wind_mapping_node-2] [GMRF] MAP Mean value estimated in 10.2921 milliseconds
[gmrf_wind_mapping_node-2] --> MAP did not converge after 1 iterations.
[gmrf_wind_mapping_node-2] [GMRF] MAP Mean value estimated in 10.2909 milliseconds
[gmrf_wind_mapping_node-2] --> MAP did not converge after 1 iterations.
[gmrf_wind_mapping_node-2] [GMRF] MAP Mean value estimated in 10.2923 milliseconds
[gmrf_wind_mapping_node-2] --> MAP did not converge after 1 iterations.
[gmrf_wind_mapping_node-2] [GMRF] MAP Mean value estimated in 10.2911 milliseconds
[gmrf_wind_mapping_node-2] --> MAP did not converge after 1 iterations.
[gmrf_wind_mapping_node-2] [GMRF] MAP Mean value estimated in 10.2899 milliseconds
[gmrf_wind_mapping_node-2] --> MAP did not converge after 1 iterations.
[gmrf_wind_mapping_node-2] [GMRF] MAP Mean value estimated in 10.2888 milliseconds
[gmrf_wind_mapping_node-2] --> MAP did not converge after 1 iterations.
[gmrf_wind_mapping_node-2] [GMRF] MAP Mean value estimated in 10.2876 milliseconds
[gmrf_wind_mapping_node-2] --> MAP did not converge after 1 iterations.
[gmrf_wind_mapping_node-2] [GMRF] MAP Mean value estimated in 10.2875 milliseconds
[gmrf_wind_mapping_node-2] --> MAP did not converge after 1 iterations.
[gmrf_wind_mapping_node-2] [GMRF] MAP Mean value estimated in 10.2899 milliseconds
[gmrf_wind_mapping_node-2] --> MAP did not converge after 1 iterations.
[gmrf_wind_mapping_node-2] [GMRF] MAP Mean value estimated in 10.2901 milliseconds
[gmrf_wind_mapping_node-2] --> MAP did not converge after 1 iterations.
[gmrf_wind_mapping_node-2] [GMRF] MAP Mean value estimated in 10.289 milliseconds
[gmrf_wind_mapping_node-2] --> MAP did not converge after 1 iterations.
[gmrf_wind_mapping_node-2] [GMRF] MAP Mean value estimated in 10.2878 milliseconds
[gmrf_wind_mapping_node-2] --> MAP did not converge after 1 iterations.
[gmrf_wind_mapping_node-2] [GMRF] MAP Mean value estimated in 10.2902 milliseconds
[gmrf_wind_mapping_node-2] --> MAP did not converge after 1 iterations.
[gmrf_wind_mapping_node-2] [GMRF] MAP Mean value estimated in 10.2915 milliseconds
[gmrf_wind_mapping_node-2] --> MAP did not converge after 1 iterations.
[gmrf_wind_mapping_node-2] [GMRF] MAP Mean value estimated in 10.2907 milliseconds
[gmrf_wind_mapping_node-2] --> MAP did not converge after 1 iterations.
[gmrf_wind_mapping_node-2] [GMRF] MAP Mean value estimated in 10.293 milliseconds
[gmrf_wind_mapping_node-2] --> MAP did not converge after 1 iterations.
[gmrf_wind_mapping_node-2] [GMRF] MAP Mean value estimated in 10.2929 milliseconds
[gmrf_wind_mapping_node-2] --> MAP did not converge after 1 iterations.
[gmrf_wind_mapping_node-2] [GMRF] MAP Mean value estimated in 10.2939 milliseconds
[gmrf_wind_mapping_node-2] --> MAP did not converge after 1 iterations.
[gmrf_wind_mapping_node-2] [GMRF] MAP Mean value estimated in 10.2927 milliseconds
[gmrf_wind_mapping_node-2] --> MAP did not converge after 1 iterations.
[gmrf_wind_mapping_node-2] [GMRF] MAP Mean value estimated in 10.2916 milliseconds
[gmrf_wind_mapping_node-2] --> MAP did not converge after 1 iterations.
[gmrf_wind_mapping_node-2] [GMRF] MAP Mean value estimated in 10.2904 milliseconds
[gmrf_wind_mapping_node-2] --> MAP did not converge after 1 iterations.
[gmrf_wind_mapping_node-2] [GMRF] MAP Mean value estimated in 10.2892 milliseconds
[gmrf_wind_mapping_node-2] --> MAP did not converge after 1 iterations.
[gmrf_wind_mapping_node-2] [GMRF] MAP Mean value estimated in 10.2902 milliseconds
[gmrf_wind_mapping_node-2] --> MAP did not converge after 1 iterations.
[gmrf_wind_mapping_node-2] [GMRF] MAP Mean value estimated in 10.289 milliseconds
[gmrf_wind_mapping_node-2] --> MAP did not converge after 1 iterations.
[gmrf_wind_mapping_node-2] [GMRF] MAP Mean value estimated in 10.2879 milliseconds
[gmrf_wind_mapping_node-2] --> MAP did not converge after 1 iterations.
[gmrf_wind_mapping_node-2] [GMRF] MAP Mean value estimated in 10.2888 milliseconds
[gmrf_wind_mapping_node-2] --> MAP did not converge after 1 iterations.
[gmrf_wind_mapping_node-2] [GMRF] MAP Mean value estimated in 10.2877 milliseconds
[gmrf_wind_mapping_node-2] --> MAP did not converge after 1 iterations.
[gmrf_wind_mapping_node-2] [GMRF] MAP Mean value estimated in 10.2869 milliseconds
[gmrf_wind_mapping_node-2] --> MAP did not converge after 1 iterations.
[gmrf_wind_mapping_node-2] [GMRF] MAP Mean value estimated in 10.2857 milliseconds
[gmrf_wind_mapping_node-2] --> MAP did not converge after 1 iterations.
[gmrf_wind_mapping_node-2] [GMRF] MAP Mean value estimated in 10.2856 milliseconds
[gmrf_wind_mapping_node-2] --> MAP did not converge after 1 iterations.
[gmrf_wind_mapping_node-2] [GMRF] MAP Mean value estimated in 10.2848 milliseconds
[gmrf_wind_mapping_node-2] --> MAP did not converge after 1 iterations.
[gmrf_wind_mapping_node-2] [GMRF] MAP Mean value estimated in 10.2837 milliseconds
[gmrf_wind_mapping_node-2] --> MAP did not converge after 1 iterations.
[gmrf_wind_mapping_node-2] [GMRF] MAP Mean value estimated in 10.2832 milliseconds
[gmrf_wind_mapping_node-2] --> MAP did not converge after 1 iterations.
[gmrf_wind_mapping_node-2] [GMRF] MAP Mean value estimated in 10.2821 milliseconds
[gmrf_wind_mapping_node-2] --> MAP did not converge after 1 iterations.
[gmrf_wind_mapping_node-2] [GMRF] MAP Mean value estimated in 10.2809 milliseconds
[gmrf_wind_mapping_node-2] --> MAP did not converge after 1 iterations.
[gmrf_wind_mapping_node-2] [GMRF] MAP Mean value estimated in 10.2797 milliseconds
[gmrf_wind_mapping_node-2] [INFO] [1789221382.661717099] [rclcpp]: signal_handler(signum=2)
[vgr_sim_node-1] Traceback (most recent call last):
[vgr_sim_node-1]   File "/dev/shm/house1_vgr_install/lib/vgr_bridge/vgr_sim_node", line 33, in <module>
[vgr_sim_node-1]     sys.exit(load_entry_point('vgr-bridge==0.1.0', 'console_scripts', 'vgr_sim_node')())
[vgr_sim_node-1]   File "/home/zyc/CTPI_G2_M12_SEED12_20260905/vgr_bridge_overlay_c8454d5/vgr_bridge/vgr_sim_node.py", line 1188, in main
[vgr_sim_node-1]     rclpy.spin(node)
[vgr_sim_node-1]   File "/opt/ros/humble/local/lib/python3.10/dist-packages/rclpy/__init__.py", line 229, in spin
[vgr_sim_node-1]     executor.spin_once()
[vgr_sim_node-1]   File "/opt/ros/humble/local/lib/python3.10/dist-packages/rclpy/executors.py", line 751, in spin_once
[vgr_sim_node-1]     self._spin_once_impl(timeout_sec)
[vgr_sim_node-1]   File "/opt/ros/humble/local/lib/python3.10/dist-packages/rclpy/executors.py", line 748, in _spin_once_impl
[vgr_sim_node-1]     raise handler.exception()
[vgr_sim_node-1]   File "/opt/ros/humble/local/lib/python3.10/dist-packages/rclpy/task.py", line 254, in __call__
[vgr_sim_node-1]     self._handler.send(None)
[vgr_sim_node-1]   File "/opt/ros/humble/local/lib/python3.10/dist-packages/rclpy/executors.py", line 447, in handler
[vgr_sim_node-1]     await call_coroutine(entity, arg)
[vgr_sim_node-1]   File "/opt/ros/humble/local/lib/python3.10/dist-packages/rclpy/executors.py", line 361, in _execute_timer
[vgr_sim_node-1]     await await_or_execute(tmr.callback)
[vgr_sim_node-1]   File "/opt/ros/humble/local/lib/python3.10/dist-packages/rclpy/executors.py", line 107, in await_or_execute
[vgr_sim_node-1]     return callback(*args)
[vgr_sim_node-1]   File "/home/zyc/CTPI_G2_M12_SEED12_20260905/vgr_bridge_overlay_c8454d5/vgr_bridge/vgr_sim_node.py", line 345, in _simulation_tick
[vgr_sim_node-1]     self._publish_all(
[vgr_sim_node-1]   File "/home/zyc/CTPI_G2_M12_SEED12_20260905/vgr_bridge_overlay_c8454d5/vgr_bridge/vgr_sim_node.py", line 910, in _publish_all
[vgr_sim_node-1]     self.pose_pub.publish(pose_msg)
[vgr_sim_node-1]   File "/opt/ros/humble/local/lib/python3.10/dist-packages/rclpy/publisher.py", line 70, in publish
[vgr_sim_node-1]     self.__publisher.publish(msg)
[vgr_sim_node-1] rclpy._rclpy_pybind11.RCLError: Failed to publish: publisher's context is invalid, at ./src/rcl/publisher.c:389
[INFO] [gmrf_wind_mapping_node-2]: process has finished cleanly [pid 31274]
[ERROR] [vgr_sim_node-1]: process has died [pid 31272, exit code 1, cmd '/dev/shm/house1_vgr_install/lib/vgr_bridge/vgr_sim_node --ros-args -r __node:=vgr_uav_sim --params-file /mnt/hgfs/workspace/M1R_V41_INSTRUMENTED_DEV_REPLICATION_20260912/H02_seed12_M1R/tmp/launch_params__jxno3ca'].
