name	size_bytes	sha256
iteration_0	119	90b1881de927fc9f6609b0291d4a4ec91981a191a40d7282b150998c8d08a188
iteration_1	183	a8e18040d50b83a72fcce57766597a2fcf7463efad4a438bb5b68c10d91cc122
iteration_2	252	bd34fa53747908d1cb3e16a997686fd0b49e668ea93dff37ae6f3016e9b09227
iteration_3	302	16c20c78378d44de1415a07b3585f02eac66be7534fe514e57263cb0c25947d0
iteration_4	383	7cb6c173b38590f7336389e4b58f5f79faadce60a055c352809808ce01038a46
iteration_5	454	073a0cb982e4cd55339e2d60b9e007d9c9da20adf7842c9e6ce8d57019ccbcf1
iteration_6	522	99c33d117e061db56f91a44283828eaf7fd06429e2473809be4812a5d3a29a22
iteration_7	580	2ff8ec80bb7eff69f2396b3740435e2c2b97a301299fcf0e9f51700bdc3bfecf
iteration_8	636	8aca440e25fa7cc54227700196d3f521e2c7edc60772133546df936c740e959d
iteration_9	715	599b72b93df8196dd1b71007bdb7acd4c3497bec9e013c0cecf5f204e6a0c987
iteration_10	769	fbf94d3f2ec8f7d43895e583d8cf8059329cbaddb2530066e46494d536428e93
iteration_11	840	bd7174b9ae2422864c9a3a499f06781dd4414cfebc219603c5df652e8e83b68f
iteration_12	901	99a351b18d413bddf16b4f5b9e56972d4cf4b45adcb2ef6082bd3b4eff772802
iteration_13	960	a4e1ee88a250de7fb2d8265715ff1761868a12b3aa748ee9dca876ce3ffbb973
iteration_14	1033	120d0c6054ae49d5893b6c4a886561b4cc4f71991989f799c8d2c1978f0bd80a
iteration_15	1073	da223a465aa5b26327f709f9ff7a8090f13ee2e020905bed2502d5b049018f29
iteration_16	1127	f34b2818ceae9d43685d9946d74978be63ab3b4e80ff024ea75be413613b7a91
iteration_17	1182	7e30925b92705db241cdf554c42324b4cf4462042f6a31ef784aaefdc33c8307
iteration_18	1237	5de803e7b48e6a84f122d035c4ec83c707d4daaee1bafc9ebd46234f0ed87044
iteration_19	1277	f2a0bb36efa9c3f1d2ecb571b0b35d0373fa695150ea1d77af88872aba442fc4
iteration_20	1342	016e7ab40d52ce116725db4dd68fd781ac9e3c34d807a029d6b5dff11d67ec9a
iteration_21	1382	e73a329efa469bec46006d94eab768c5936d1ef2ceaf36b1e72e4f73af8d85e2
iteration_22	1447	dea8e8e591644fecbbccf4b1111d0a166c12862416d1d46215ecace2c873322a
iteration_23	1488	c344befe3627153aed9d9df5606cee8d0ef1eecb65c039e15cc011dba36047ed
iteration_24	1557	e8b14d6f0c3745361fd6c6d2cc3d2ab94987fa27074f5a1919b7d75f978ed7d9
iteration_25	1598	1eb545b277826aa467cfb4c64228c6831ca01998d8eff369a72dd515e8ba6a3e
iteration_26	1655	81fc4e7d3815e86c3006b249b1f877ceddfcb2101d5d4a24c1a8a0a3ec6d0eef
iteration_27	1709	c133d937d944f1c434ebc5ecbf1bc544d7e150f3bbb4f5b272b5b45e63ec3e5c
iteration_28	1771	21e03ed051f7e220c5be1804785e770d3f267345d5983577a88732dc1ab4a24d
iteration_29	1811	a8d58ee90ae65928c05ebbc4663cee34aa0a626d1b89ada3ee63139d935b32f2
iteration_30	1871	50b6b371993f478244926a63ee2c1f84bef010091b3f20f585d4d03695cbe5b9
iteration_31	1909	d4397917d26839133342f760387ed84093eafca2d6399af71291b0a97759a23b
iteration_32	1972	105be174f3dca8c12a97bd2e3865eb2addc0cef4e521dcc65674a9316c26a08c
iteration_33	2010	5aa24103d3322093cf9e99723aa612e418848449ba37bf35305a202021475c75
iteration_34	2079	29d49e992995a45ab6fa8d8e5dd0f67938da322889911df630252fc8473a770e
iteration_35	2113	538eb5fefb11d1eb9f07ae730499ce9071c31e56092b4ad5aabdbb57ddc313f9
iteration_36	2180	696ab17dd283e6315937ae6658f7285cfab55eccb3fa32f8646fa8b77dc69b6c
iteration_37	2227	a6ecc209253881bb643d3cd54fc541b7889f006fe1d87df7ef88c12708139f7b
iteration_38	2291	5ff69c798b1b3209bb3be6378a1b608df7e3201d85eb6b8dbfcf96ee2eb85800
iteration_39	2325	adc9f45097a3ee03cbc7878f1d7ea00019c5dd583c82f2a90d66a524a9db7ce2
iteration_40	2388	113b822f3a1159f7e0f76ceb12b49351d1c8272cc871e9f8ef888d5977ad1797
iteration_41	2437	b38cedc08401e28c5224b7883183cb3275aa9656c565db24413082102cffb13b
iteration_42	2491	d26dd423a68050a07c913890494d41af4fc10bbcac9119eceba0e3acabbb47b8
iteration_43	2542	1656913baac76f7186466fa1bcb3e5041e200481c0fa7347b064e275be6665be
iteration_44	2600	5e663462b6f4d593ba5cc1b0a95dd8d03626376290a7e24748b599a86ddc98b4
iteration_45	2644	0659b52552d16e967f9d24f2ae280e4e1ac958bc62af66c8749ea550abbe23ac
iteration_46	2697	3e87d88cfea2592194e5ef8b2f29750c91577908eab7faac501da52981072359
iteration_47	2755	4d306b1aed5ee3a4a15362a8a6b8cd6b2639c17cefbc8d63aa85af4f7ff89504
iteration_48	2810	bec9d8ec6ba55eec2ca96641710a29edd1ea2cec137227467c5530aa6302148d
iteration_49	2862	b78dc98a18538702e4b5f99d3d27332df3dcdb31d2e3eaafbb5792f3d6010b18
iteration_50	2921	74f7d5c48ed724340a91318b443fdebe0a2e9bbc437c6703aa3752371ccfbffd
iteration_51	2958	70ffd5f7f1c8543887e3092110e8d6a077c6e4bb2bfffe5e55dfe92c580752bc
iteration_52	3019	514e3264e919246354c8a9e98880370965c6045ee744770d11a18ada2904ddb8
iteration_53	3062	77a1be000d093d603112379d3c435c4e62c8aa7ff64b785a0d18b8eb2c8c5685
iteration_54	3129	0457a58411e5fbe278c2f7963aa7f0837cf4cd4ae99adf35ccf1aee9a49b59ba
iteration_55	3164	d5c2a1cd4e73450d417839ce943bfa9830434f19daf6253476b9c97d1c82a1cb
iteration_56	3225	9eb3bfd160e1a9aa2835bbaa7afcc3308d84e9f49f82c88b8ff8ce02a04656d4
iteration_57	3275	a9db554f41f1144811d56b93b37a5e1ad1cc10201d010799b8f927a39b2cd17e
iteration_58	3331	b8cf3545dc8be52cd74286bac2d9b08008d038ab4efe5375bbc7aa6790ca9a3c
iteration_59	3378	54ad47769f80e05d1ac3a561ef6a36771f87f6721cc0ded110215f8b0f46605b
iteration_60	3426	b4e8e2eccf9a0ef12102731a749e010eb2342a1155e9339d92360b2e4cb20924
iteration_61	3474	59e9f1e6a506450d8db430442e56a6a93743b45b12a4be38434828ace30fcf4e
iteration_62	3543	9d5a6f2ffd6ae8ed553dfb1a63b51ef2c8d8300c232dee51c32d1a0dfeb7b51d
iteration_63	3606	1ed51bb801d77a6975e63ae9a895ae270451c39e914ddc509eda55bb91e0c50b
iteration_64	3677	77a1690d63b5a4e9b2952ac3df82c7c664ca2a9e616d65930865cd620ef1d886
iteration_65	3737	b70cd54ff6cd88a3119462b68700885d080d0158d884e857fe8131d6e55750c0
iteration_66	3792	35a34bd9469593265027044ef69dc2275ea9421afeef1285ee02eecac94cfbfd
iteration_67	3847	ab88fc8762cdcf238fdaeb849e9d4a7f2669e6d5f1869883808d93d06f42dc60
iteration_68	3907	77afc214813e8fe4eb3b7c8df903dbc727274605ad4a64037e75cc7d91589aa2
iteration_69	3988	b04b70366e4910bc63f7ed064482cd304a28f24cf157b296b9720ad4534d9dc3
iteration_70	4061	18a01b23882de6b08567aeed5a11a8e2c3d9041246e6b43a09b4871a62fa98fe
iteration_71	4101	956ca05ee3ce2f79de16ee70fc1b150a7a2d002f5943b8c9fa0677313937c48a
iteration_72	4163	c95620ee098bc84802c908400f73b16b3a34d797fa291fc4acdd5a0b303729cc
iteration_73	4226	f566744252ee83bd074cc0329b692a3e2d59e71449db31fb3adf9ec07104f61a
iteration_74	4300	4302eee20a48487301e591cefd900b1d88131d691235531d2da483b92ab75188
iteration_75	4359	a0a4024fd4e44cc97e867dc43441e89e2e8806ec0b62b162dca41f1d3b53871e
iteration_76	4421	42d9686dbcef776a5f5184ff05e65d162bfc82222ed0482af62ade2554d40479
iteration_77	4480	f6c6b385bfc986ae8659eec37918236d1538d31d4d706657e85548c42d94f06d
iteration_78	4535	2743c3ef0f2e6fd5630d637f4f4271769f5380ac0d0df98f02228ec0b1e2862d
iteration_79	4616	0aa49c86727c4eea655d9abec34072d60da991ac732d15a9b799d999083fb5bd
iteration_80	4667	8ea1c67636482bc634991f1ff564b9efc2cc319f4183fe41f2894aae68b9839c
iteration_81	4738	595a118e44768f081d49a7b1a6a016d21cc4857633d7ca5d31c7570fe3580368
iteration_82	4803	38a006408ee16e5dece51dd31a8fea0cff9e391db11ceff9849d4f8b90d1e449
iteration_83	4854	d36f40fecaaba1a4c646acf119bd2256f169dd15a46aff444d82856dff4a1bca
iteration_84	4925	dea0222d4cb221ace5e9ac49dff9afa8d02f6a1fd68e302fe9e3c2778a1ce637
iteration_85	4987	5844b57e94db2541957254c3505261f00ac1898ca6dc8f62d483163d60af4531
iteration_86	5042	0f1b301ed4fbbac58211526b12031c27f15c77cbc379a1ab86acfba30066db0e
iteration_87	5106	f533b66c687211555852d6e86fe0f2d3cc921a88f7a6ee410ad2529a4456d156
iteration_88	5170	3107a0a4fde25642cc744344ccc83ad224d985c09a58fdbfea1d1fefce564686
iteration_89	5240	c77f92e5582c15c96724a7fccbe0c59f008f2538bf87b19f33f6b55edb2e71ec
iteration_90	5297	d68c9d304b70f0ad793c554eef481756dfa7547c5c37976f328f561e35e68066
iteration_91	5368	c59f0d97e86abb78cd847c7db80da58811aa53845a55f164ac7ea997f9dcc04d
iteration_92	5422	c95c29154a7d28eedbd3dafe2216404941991c09ce78bc1b5a68c38be3e5fef7
iteration_93	5481	10cdff3cb8f3f821e1a221e3f022c36d80926ab9a68885460a26f308a1ebe7b7
iteration_94	5555	c40e3a88afcb233c415831b12fd30b5e353fe744866e334fc4c67cd3bc2a9a51
iteration_95	5618	8dd2c22e92d7462e42958002a45fb6b0b68c17f050505cfbe3d3c4991d5c60f4
iteration_96	5680	6126610c50629347e32183cb0ee9154bece536d83d1ce78f2d6070ac219dc1f9
iteration_97	5730	5436d044da48970f59f81caa12a1c5a9217c66fa46f5ad626f3706c49fe15c47
iteration_98	5794	f3a03104d19b7b266976996ca723621f6c54c4e6759577b6580e7935130f50a7
iteration_99	5875	26234042eba797abcfa9d82dc8fba083247c77dadfe1f3f5a6da8d4732a84425
iteration_100	5926	b8b194f286f224ab045015ae95475d8e060220d48aef7847d6c23824ff099df8
iteration_101	5988	22547581262378533136512e4a889e760b84c16a0c3b7c490da601249375280b
iteration_102	6045	8f3caa21caf55cfad4d5f717c5802414a61dc26416f953ffb13f68b9b37869a6
iteration_103	6107	7c2cc3ad355af5d21211d96d32c2f84f2de515af0fc79b5fcb4ef7d085c19de6
iteration_104	6183	55431577dd643f5156f93887b8ec29e819dec0097a725426ac99d4701d234319
iteration_105	6245	4b76e80347958b2b02d122bc637750ae723c48385bf27c4d6c69a2ca255e3b5d
iteration_106	6297	c11a5f6790d63a9b4f397045598f37abb8fe96db8f2d6242e5b8c6d950e3b432
iteration_107	6357	d9c1e72f66c849100bfb87d385487f2a528b82e48b3101c68a5a98e1ed3b4ef6
iteration_108	6418	4d97b16e81a7ef473e300d2bde2bff8462a7f1ac4bfe1030a9e2ffa5160110ec
iteration_109	6497	d718dea5fcb4c03bbad43fa9270d7eda4a3943c1f955fbc8d7cb3e6d3bce4d55
iteration_110	6560	39b5cb6046ee64e1dd97f7e6d0a1e182e0637f183dd53abc86c3443130493c55
iteration_111	6618	ef5e4e5878b39149403ed6a1643f117c47f2857d00987f225921f3ef466b41d6
iteration_112	6667	00997f3d35154de398fb10cc0b25dd4e06041b23713a83488b28a507bf02165b
iteration_113	6728	d0a692813e4147973e9eb18d075e739bc1cb1ea60ac5b8d5a82ebab8a8e3103f
iteration_114	6815	71a65573509607d9faf3026cd16b6d135f518be56f05530998e4842da6eada61
iteration_115	6872	d33f0335de4ad2c3d366ed1027ac958aaaa323f969e6e4ac4fb84e8bb55e13b9
iteration_116	6932	4631d7d77d5fff19136370b34c41e64737fdd64b7d63b12bfab16571b0443285
iteration_117	6992	77f5bde36cd674121364dc826edc0277e80f324339fe596505fd5b13d60192df
iteration_118	7063	405264fe23e7bf34f75dd021f46c51536a1b0511fece898fb8a04b5ee0452871
iteration_119	7121	9dbf395b11b4a9cb989c3698bc6633f030998aaa0e7f0f5a22a40028770bf360
iteration_120	7191	b18fa77d3230013bab12e5df0e186e40adc74f95710c894391f681efe45f12a4
iteration_121	7247	c268fc988211fbd69b60f78584cfd707824d711a626d8cb7ceb2dd80527214fc
iteration_122	7317	4bebdaf963ae20b5ec6ca130783e5f5f023a43bcc9b5471bbaa535ad3b4fe103
iteration_123	7381	c5530b32e03592fdcb4360afcb4276444b9d33a0865d2d1f20260fcdd523b158
iteration_124	7441	05b9f542bdb6bf5a0d7dd837de397a4d60ac8b56d7420612baeaa4170bc84a2e
iteration_125	7521	ee931466ff27dff192c98b1fd685655faa068c2ea97b00337e5e9f10024ebbcf
iteration_126	7579	bd9a592039b104923ac3efeaee0ae1363c104d2428e0c74232b5d4bf581c1cd2
iteration_127	7638	54772eaade9cff3eb52c97c19bec20f266be1f3f6318659067a04b2f63e6d4f5
iteration_128	7694	1f664bd13a10f505dbaa9c9d5e158f17a7e9d5cfc5d2ffe7ae653b13941a94c8
iteration_129	7760	610fe74894fed0e9a01efac2f29ce220a24e90505608303fd08c877657a35bd2
iteration_130	7827	cbbe9e036ebd6614c5ce2ba10733b6077c77dacb63f5da445aad40253d6523e6
iteration_131	7896	3ee5a167585a6ea6519349979186e170f03ce7f05685591bb8090db9c52b03a4
iteration_132	7951	1c14ec99d58694dc012c5622522e57908d5c056c265e520d452f249c6df2189a
iteration_133	8010	eaefa497d1541b2c5e2d60c12148c3f866ff26007dd6f31deefa8652306e6909
iteration_134	8092	bac9d3b310c610b4d302f5992d330ef42b87c7e54dc72cee28d5425f49ce700c
iteration_135	8154	4e5457ba6f66edb74e6b62fa6db067b05fe5c897cb7986e37082390a15ee4a85
iteration_136	8220	254dba45f70e99bbb73accfbf10d67fdcf32afadbdfa9af4e13384c9dd832860
iteration_137	8272	33be20b324739e8f6a8241ec5c22f8885e652e6c9826aa5f969ffcd28cb29b99
iteration_138	8325	fbe5f05ba17072316e33f94dfdfbb02b5aec03c8abbe38d261f5c96467aeeb4e
iteration_139	8408	a22762926cdc79a7efc24abe2aa8070975680d24126194c48ee6ec45f7ba1da7
iteration_140	8455	04fe0639f380ded1b768364bb353c3288f0d973fe15b369aa912f0b75ed6e0c7
iteration_141	8518	d7a4bf3b2360eda109301f21a9a5910732640ae912de1e531ab6f4619438e74e
iteration_142	8573	028027ca59bffe65dd9cc2ec5c2b0dffc28ec6593b0c264848bbabee4747b1d8
iteration_143	8627	15b3d7fa5d32dd0fca7df75f58db0b112bd32d406d831ba5972a228cbdec71f2
iteration_144	8708	26f82106379ffd9ede91c2ac064191a8c110c9b8eab526cddc41b6505774ffbe
iteration_145	8780	5b233160217dfbeb2123428305e8a54cdbeb52fccb6e4bd658bbf0b0a39bee4f
iteration_146	8839	7b5522b18ea82a286272a2c7dedabe7a9a03bbe90b055b1d6d5f9451bd7d187a
iteration_147	8897	3ad50a0daeaaa620e76b8639250bbe80d9df60e9716cf7f13f7092f940b87898
iteration_148	8944	6bc713b2f0e9d5a44a376eaa77a6e458c97db7c39849d105b698a80ff1abd146
iteration_149	9013	811d4fb29f566ff0609579d0afd20392a867661338405384f4b47c92d8ffc0d2
iteration_150	9095	2788c0123ffb22aa650636c836eadd798da1e5f43029742a0c75ce3f8a24b0c0
iteration_151	9151	3ff2b0333fe3b7a05bbf102c4eb8395351aa4ace54263c4e0ebc9e97b3ce8aa9
iteration_152	9193	d50da3a77a26fe6ef957e467f0bca1fbd3203a993240cb8885cc5c11e83e73a9
iteration_153	9269	980bbd3f6aa1f7f7d250143289ae2b7ba89bff79b74cddead1db3db44e3adad8
iteration_154	9330	5c06e3b2c702ac1013255a935163050208d9712451f27c8b9cab9d95e88be971
iteration_155	9396	97873cb177d1678fc0034cb66ccf7da0f2da1db9f2ede37d035e520b81ed898f
iteration_156	9463	60ad57c022bef983249163b9fbffd4f4d5a6638ccd0a751e66bafd673de8b4d5
iteration_157	9515	f219d5b3d59c411e65be8b3f7bf68b35a52d0d0c0bb44a8299637c1db0652455
iteration_158	9577	5836297a22c9d50110bc73a38add8fa1cca2a7d33f53bd6b786bcfb0d4707ce8
iteration_159	9658	6e14360e5a6840d5148660bebf43c55bf1c6699c85e0cdd3bba93f384f03434a
iteration_160	9716	4df7538c43542397274695e36fe8416d424575de5c08b0bb21e37be69a19fc75
iteration_161	9774	e9ed0d9d1fcefa47069878f9cfa180e33962795d18fb4ff9c4f616db77d9d423
iteration_162	9836	e669f818239e666d9c86b26908810609f818eb396c62e6eb117d779b69c24076
iteration_163	9886	5a0917c2dc923db6a6cbd285d1feb1c6163de66f649f871985566abb2fd8145d
iteration_164	9951	4d7a803248dcbb406413f1bccfe0e236c2dc86b8637c552d0db4af6058dc051b
iteration_165	10034	68e4f53bd3afe870e8bea72dfd2feec9957d864fd069c70939f9914c9fe2f8e8
iteration_166	10081	22d501297ac674ff85d08adccaf36ad1c40bfbd9494d3ba53d9cf519c499c5c4
iteration_167	10128	f305ebc7bc69a6c147d58a2a987e2140138343e5e2ee9bef835dc8fc52c0fb34
iteration_168	10200	06a311c33ce0e640ddafa018a30c9cf8cf8b36d69ec71601bf33298f2753bec2
iteration_169	10278	68d191195028fa9b15e0f93e90ee86d7deae935d8f1708f62b5210bedb67bd5f
iteration_170	10330	3624d5b1e031a0c133a8feddf8a43825c6fcc24ce1f260b7b978d53661beff24
iteration_171	10381	afddca73f5fab28e37dc7d8241b013a99418bb33388ebd6056cbf5f6c1bb17ac
iteration_172	10456	e63d5ef929bec9d1d30d2deed00ef99ea8e81599e0d9348939dc8d5b904b93e7
iteration_173	10509	58702467b409ef862c91855ff50820255c221df0eb96842d40799e505c7062e1
iteration_174	10584	bc377791a583a4d2810b2cd403cbdb0db98944ba6aea6c7b9726d2d10f6fcccc
iteration_175	10634	f2dd735777ac00478bfabd655fbcf29e67be3c0e639d2e67bad8212c582048e4
iteration_176	10698	e1fddb9ebb7ae08341eaf4d33cdcab64e1a3ca384d713333e0cb8afb0919db5f
iteration_177	10760	a7dedbdb03a3f62a4a14dcd3c30ae84862048df3c224f0da2b04dcd85f9f3e37
iteration_178	10821	f9f09948171a569adb0fab6a521b365870fc0fac3fc68c872db1b5df022ff1d7
iteration_179	10895	0ea66b3c76ead171b597093cc703f2a7f79dc58dc549bf97f6f2ddb557a961cf
iteration_180	10947	290507cc8cffb33c42e2c1408d224ecce3f70392c1f2c2ebd8488767f3419aa8
iteration_181	11003	2cc67193f9bf22074db5c8b6e17cd1d1da66efa710d3b5e3cb523d5d2575651a
iteration_182	11073	0ddbb53f063304ec17bf5c2833352e79a85146feec6752b147eb4d5aa4412a1f
iteration_183	11124	58c62624853ef6874503c749a29d2c7a5c7fa81bf016e48f97e515f655ce5273
iteration_184	11200	08d83a8cdafc125c6c61ac1003eb7209e3ad5daa5f9ed8d7976f51c206e4037c
iteration_185	11260	c525b8752e0e8995677cd6a9ea2f79caa72b6a20e35e4594789d98152f923b81
iteration_186	11323	ba5fa28c0ea7203467fd9bbf90ac90dc4e4299d720ab9a100b890ac41e1f107a
iteration_187	11385	96182e5f7be9ba6cbdfade8d7aaae825be5b9aace7ee4de79bb87c8490235d7b
iteration_188	11424	79cc91d06975612da547550af4104e5adefaa424c3a6367704149e1517836e6e
iteration_189	11512	3091f38ce01bbabd93616e947ffd967a6ad6d3f822fb18a2404f5834c5245d93
iteration_190	11574	05460efeb099d8653da72c4c0b8aa49edd79e9779cbfe85ac902a470c004b560
iteration_191	11619	5f47edf24ff1e699310dfa0a73ec49d7185bde970bdffb11014eeb4c419db601
iteration_192	11687	508291b21a05670533dcaf9f9c3896ee3fe648123ac97b6fca088c7ec477eabf
iteration_193	11755	c2a3a1ffdf497aebd780e3155fe0cecfc4d3c6c68e66ecd42a092859aa224971
iteration_194	11822	732daa10e1b5463cb221e24a3214fd1dcade186fc99c8e4a3a2fc8a754914bcb
iteration_195	11891	8b6282263882cca5b024c7be04318a42d5f1ac5adb9398caa15440020faeddff
iteration_196	11950	84a42532ab4203845b6a674f89b839802b3a2bde99811a3ee5f0016d5dc7e2fe
iteration_197	12007	8a04ebde44b967a4e84e63f7163b76306ee75d3a4077b3c24c125a2d882b8ddc
iteration_198	12064	3b4404708b1f21ab89454a16c26943ddd11cac4d682045ce196d24f668808b25
iteration_199	12134	4a0f8f989cc2282dec22efda5fb0dc6faf432680ed1bdb8974de453ed8f40eb8
iteration_200	12200	8d1fc3fdcb0187ceed69a7f26ad7346262882092a2a16965a51a2bd2d0bedaef
iteration_201	12247	44bfaa65b03e67af7e40690cef8a5c5b512a4ad2041f61a0d545caa1eb5b813f
iteration_202	12305	3cc333e22a3060bb6b3645e47d7c5bddd534bb3c0ad2b2bed88a7d7610df67a5
iteration_203	12373	580020960a8436e54cb8a92ef8b4e1d6ee12813efa102cd62714db45187ac725
iteration_204	12436	edef0f7c206b5e7497246f08df7061e1480eb63896c6fe5abaa842516554c255
iteration_205	12484	0da99e8b5149284b6700d49809b3a9a55fa39e848adda5b8c5b910a857cfdf9b
iteration_206	12549	508d7f18b9a4e533d552302e73fc4c429f3df33b860da3ba81298feddb9d778d
iteration_207	12582	1e177202f1b08cbb15e7c32b8326d60a155e2d8a4bc8599983dc759f0f7b4108
iteration_208	12635	24ab94d26b3709e1bcb625dd0c6f31dd99b66daf5f09594c2b4b768ebb030529
iteration_209	12703	25583ed2f5785910ece982c2a51f2403576b2aca0b241434001b6085790b352e
iteration_210	12758	6425489b70cadbae0e626d00fdf70d0efb22bf1bb2157bd0f092209a0bd086b7
iteration_211	12823	cdb1ce31aa8b78f2e71e087b53c2c333f3f63b0d26c52014da4b399901e1f129
iteration_212	12884	176145831bc77548cb2ab6dc3934ba7de26c60033dc319b6c79c93176c8e4c1d
iteration_213	12935	e68096fa678adda3b424da4b87ab10bcb5edc3d64d1b3fd74593148794e3ba83
iteration_214	13016	da41ce67f5779567365d6a94f9cd2c78da684a294cc069e8a3e8a65fff2221d5
iteration_215	13074	7137c0f3a0f19fd7137c9b995d197eff67d38b8585ac7ce51d9aca80631c9aea
iteration_216	13157	73dad1d7e7912e41b2568a19c24f7bb22e5b0e84f6f20b9c7ad2cef28259b414
iteration_217	13194	24912e2fc050e2b3920f63fde2d3a7341288212469d2d7b427b425c43f24f93c
iteration_218	13249	59d5ce2113aff2ada4bb9eb7b70b7f52270ff8bd80283a3ab13f286ddd9ef018
iteration_219	13317	8ae081b92a10b17afdbf8ee87c21f2a16e8fbaf446ecc6d320d318d0a5aea786
iteration_220	13363	3b26a719a4b8d6e251b6172c5144c428f505ca9c1d23b89e5030474a7588445b
iteration_221	13420	1da19a93fd2db68c7a49be71493a17c943e3d64adbd530f3a37a4a7271903af6
iteration_222	13474	881545fc70abfdd8db19e0dd38eb0f853380ab95bdfa8c49b268d5a6b36d98d1
iteration_223	13527	57faf68d8f8da9f199b56a28553488b3a6483dc5c1575c96e1502ce08c67d3de
iteration_224	13581	a6cffb2154c8dc52fef2f1485f5060af5518142ce186b6b46a3461906fff7470
iteration_225	13632	7657ba581c6866c3b2c0ab48a07a5184fae168a7dc487ba5db589e7853cf26ea
iteration_226	13666	1a617bddb6342e9029fbc4581f9727df5653e1ba9fbefa61f8789fe09dca7f7e
iteration_227	13748	be93718436e2e7d49d62f5fd584960ad244ddeb6e4b988ef82fd1380430b85bf
iteration_228	13794	7eaf11bf72eef2c1397a34101b658ebddfc7a655cce2004f10a1546c2996aa56
iteration_229	13839	d7b2b50817f3d597c8a0c5a87332378299bf46edaba7e8f915a222c43cda91fe
iteration_230	13897	24a7b3697cf4485bd4c0c153323aa85f25fbbfaced00dbf8b0fc5897e34dc911
iteration_231	13950	f3aa2812bca6fd5e4ec8f9567d7f79645330d4ccea341684213e2a0680b9f2cf
iteration_232	13990	c9ce979236421ee2689ea2d645b2deae68395b7607f294113059ca76a8c5135e
iteration_233	14062	5e2d255ba09ee2f2a22fa658e5f9989a959ba8096ba7cb684b5aad4410d1dadd
iteration_234	14097	fe25dcc8854b8b6d6940ff8cc96d1cafd1acd57fabe60be57c1af64677f9c0c6
iteration_235	14154	5e2b3b1731a0c6a591ceba623648b07da660b5663a167713533ed02f052a1664
iteration_236	14203	222565e78662effb29a5849ac409d39779d4d2a8250e01bb3df099ebfeb8f288
iteration_237	14269	5bcd121cea162db41a7342e15812dea5c48d7c12918fb35228e9d1b108f6bbd1
iteration_238	14280	7cd1e7002519ff7bcd5e14a7f92c468bb70d902773cab3ec2b3e6be25210b113
iteration_239	14345	af47ac80b738d11fa271f815be5d80f45bf00a31565bdc1b0db354477ecd8cb5
iteration_240	14378	f3bd18768c6fff95aa3997bfbb851106cda193e1826807e4b069d8f936499f51
iteration_241	14413	529b279368b099845b5ff6be2b697df709f527a23e322b5b89cc8fa665d3ea16
iteration_242	14432	d2760d7cf59ab606fc8576209e760fd403ed44a6d563365d1c50f0e468a701f2
iteration_243	14495	ed80c76616755086f977fa4c5743d28b839a97bebcce02f3cf0196ee615d7304
iteration_244	14534	03f03cddcd44be6db53dae32be564318f3e7122bc805b6731491d8a8cf9b70b1
iteration_245	14565	413c77436428dd8956f5dc8933af7f05e83dd7daf5dfaf6c5933eb836851af79
iteration_246	14603	61ac3824be7d4fb608553865a285e31fe22517ece5f37d385eb604895177acd1
iteration_247	14679	1e4901b8eb87e53c6c05e1dbcdb9f4164197811f63968ef0ad133e5f5d9f706b
iteration_248	14701	b951ee068439797c28edf2a379426804cce63759f2e4f47a9f6288251ff78df9
iteration_249	14779	a089c67bd0fe357f98707e42cd7b6e3752cce50cfea253e5b2e34c2c1284829a
iteration_250	14820	093c75d836b959887bbdda34f283c31863bc8447e12a0e452000929b9b86603f
iteration_251	14884	e76c63b8571b05df2606fda6ee7b26214d697dcf2a921b76f07d1d3b7f1084d9
iteration_252	14910	a296822706fd64ebb73fed2f181832c480d00336da9476731248ac552e1595c5
iteration_253	14975	848f6a4a0e112759f8b657c5d1f7f25fcee378f7a84ce4e17ede6663f54e5cc5
iteration_254	15025	5df2f5a0be17b3922fec5335215da3c38188cb45a66db6c85ba9a474170037b4
iteration_255	15058	72752e917ad15fafd6852074076a48c9fe437568ef34d9c3ea6208b6c50ed7ec
iteration_256	15097	9581b7b8706f451c828f211def7bc84a949ef1decaf72e46cb6775bbbb5e334c
iteration_257	15085	a359d105501a58ed076e46ff12b73a9797d30a5505a5a495a02d514084163ebf
iteration_258	15147	ca26769d766cfe66a65bb80acc82a9c25a8f2288a0962b3b5ad3a2dc8c395699
iteration_259	15215	4f3ec08570025ef4740825cba726400b3931b9105a40a0a7e7a5d15653f54bad
iteration_260	15230	e2f33a644ce9aefad42382de67589727c30e0b0a0d7f4186d1a96865e73d86be
iteration_261	15292	5552449c3a4471bd7cdcdf07b37708c671beb96f991dfff51d0f296698fa7dca
iteration_262	15346	58196c3240f9090b9cb711919af64e68e65bf926e931d411b13957b8bebeb108
iteration_263	15371	616822d4f7c13ddd66671b625fcf9a2554184247b1772532c3130c4e8c6709b0
iteration_264	15428	1459041bda4c7f2c35724f605cf69508c3c42b296c0656cf82ce59def3082356
iteration_265	15490	36af79d264e9ca12c185a9476b195e657cb21a57cbf619aa35e631ea436d219e
iteration_266	15538	0b0d137d3080a8f5611b7eb1f30e2a3224b346f41b0ce284229de2826b4c830d
iteration_267	15577	818b64b07895b95c81701d553c04d74db49913ff01527e03f9faa485e3cec6b5
iteration_268	15622	463b5328b6c1b978d0666fba6a472187be9860f2513fea0d52e345b262298f06
iteration_269	15691	ecdbcc567e980adf1709a8f120af6c6c4bf1c34e0ff8d8f50227c5f315e129d0
iteration_270	15737	cd8c7c4c5843025e5adff8702cc4ad218baf497dc76190cf9a1c9a571575b524
iteration_271	15801	f83bf41c1d71cd54964e2ab06ba24fb42236850b50e37a192228eba4d844c88e
iteration_272	15828	a3b52a06d160eaa518afe9a92e210f2897ad0019b0ab8144562bb4ed83a76918
iteration_273	15926	f2eaa7f407348b7cbed9c3113d0c4a483cad06ec5430473eaa6f369bce60c1c1
iteration_274	15934	9cf61867d1fa3753356d97bd060f783e3a1ebadb03e1793c8af2ddba2aef02f6
iteration_275	16005	a53de69e93a3f7701dda421c2ea25709c1dbdce1bfc639893f1ccf80fc108047
iteration_276	16040	22e127735ffcf5fa3f55990737393dee4f0464309d9552d6dacd898fccfe00f0
iteration_277	16111	2ab6067314d5b36dad99b0dd60d4615d4e86f7d5cf11dec4ba4264d4afc88739
iteration_278	16151	59a2cdae6cfec40bd375b0e9d3286120dacfe693d5d96d6810c5df23ab7718c7
iteration_279	16194	ea79c918bbec1831f72221c9429a9222505530201da380fe03d509c39bd61bbf
iteration_280	16220	86d9c5fa4c5974aa9c39690a3455109c63162876702ddabc56a644487f54efa7
iteration_281	16289	06cb1638b43283f5ddb7f674c5eacc812dbe931bc9c3900f480242b7ee13e874
iteration_282	16282	451e058207d6ae48212b452385457cb109fdd1449d080b2580cdaa4ae7e79c67
iteration_283	16316	38f5185abaaf2cad79397ef52915abea94fe3510b734f3f165bb4232c8ddde9e
iteration_284	16379	a9419c7267b2a2b8e3360323bd68fad3452feb712ad135a3b0f1d7b50f3c33d0
iteration_285	16420	50db48c5e8bd70aec5e19ecb91cfb8f7cd57b5e162086d4bbaf454d9fa1c4773
iteration_286	16463	558b4d7e586c8c97f53fe1b014b26b5c01beb143d2627b97fbbea355ad69dabb
iteration_287	16522	18322b4622a7b127df262118836cbb4facbdc7f2d7ca5f9c827b6ccef593b587
iteration_288	16578	c1fd7769723a8d4a8a63e76d8823abaf903d89829473d8333a788d1cec41fab8
iteration_289	16600	55ddf2db31ee8976e61841bcb46ed47328f4f6f583e9ac6908d10b45d67942d9
iteration_290	16625	606ef0137f14fef0b176f00be65e3b36ef9bb58e3dcd53aa3e1fd93b26c59945
iteration_291	16664	a1cf2539805f0e46c7df7bbb49a83641c68a0cb8d8cf0ebab60aae06a33a1dd6
iteration_292	16702	c3b04af1cacdebc90b1db9c92df005a63becc870380a4be10b48ddd390c898f7
iteration_293	16782	7f73b7bca6da6dee8e6c91b80ba504aa155ca3a09c2f5eb74b3d5db834fb992b
iteration_294	16813	9740de8631237396d40ecb3bdd5f361fbf941a591edd30c8884fa269401223e6
iteration_295	16855	d1f401933c668e564dda6691d3fe03950a25cd27edc1cb3798f7585ba842d8be
iteration_296	16902	8d2b3ff81755f0abb260233b0777d28f73b99575ca46bcf82efe64f3062e4c54
iteration_297	16974	d4a64c9501dfb214f7564a98b3710834e679ba597c897739a3f3fbe8d63f1134
iteration_298	17006	f097fa9fd871660932c2628b8f923375e8c63d7a9be978fd6eeda114af4e25c0
iteration_299	17051	fdd89c13c297ebf686f0ad5d5567eb381990add8f1913476593ce44bbd7d782f
iteration_300	17088	fd5d68e34bf674da4f164213293d9108310852b835ff65def438fa0aea9edea6
iteration_301	17143	5f6eb29a37b10018b26238f1b9069c30d0ddcf1f5134a3504285f6958ca618f1
iteration_302	17177	cd04c766f38d5b7d59edd68c3aa44c47dfa224e4fe0f3651d8bd9ecb412641f7
iteration_303	17206	8df95cee9240ea781c15c6065803d766f27d22c6bffbaa6192ad66b2bcbe6bc1
iteration_304	17239	43e895ececf3c13b14d28f2689418503d36da0d27f33a2e030ac8fdda089851e
iteration_305	17311	8b3a049a6156d7fdb05da6526872da58fdb5dc5380aa508cf87fed192b51f9b9
iteration_306	17334	4786e1f2641c448be76177219b434e9de2dcacf1741e2cc3ac113a6bb28fcffd
iteration_307	17392	d6cc890d3823b4ea518f80cf21069a480bc3c8d7eadcbf7fa0e5debf7e42eaad
iteration_308	17432	2515073a4b0384f2f2df185f1c7c21d23d28ff32484cd441a41cbc90ee27dd0d
iteration_309	17506	73b4a84c257feaf7857d8a04c4df60b86f6f7b189e8f2c006c97f1e664ac2eca
iteration_310	17519	a170a1787ea11b74f1df6dfb2ba5257f9b24905976186cfba70a5350bade2060
iteration_311	17563	81bf2204c5f8581082274cf8ed41bf7803322d1c1095b48a04f7904b581ea64e
iteration_312	17620	7ca0040a7dd34a18b3edddf00d1f2b80f7395f13c61a91788bfee3a440fa1f96
iteration_313	17683	18ef8a7577d12afc0e4e590ee61bc3b5bacb3936d697ff9a940a311ab6f9fada
iteration_314	17706	7b0fa2da636ea1b4b48000cee60e48e894931966808d029912946bb2acbc28a0
iteration_315	17779	d1b2040e17898df849f82c8e2b411f4f575b7fb6d3d3053e1144d8f63f738f80
iteration_316	17814	066e1114f2b22a4a8556466e76ff9c61806727268f034ed500891ee093efc12b
iteration_317	17866	bf2312b772b5c834ef0860071fb65195794e6a749969dfdb688726ca17e8a044
iteration_318	17904	eeb1919987fe72d4f6ee4eb67061b4f83e18c11cc985ded8c229c10dd2436354
iteration_319	17943	0cdbf482d0d565dc44a42b77b424262f4e4c150338e884a7b7f8875fba25c53c
iteration_320	17991	83dce5932f44b0017480e3ac81414235adb57f2e0ae8361baa623077809bcabe
iteration_321	18038	cd4c0a10761be82ed1d56eca6520bef2a4cf84ac577bc7335e14556785abb1a2
iteration_322	18061	b9d456e53906826865480327f1eb7e61e386de06add3e0172f58771f90a47e7a
iteration_323	18096	1df717b6b243d2a736c8e4d8ea91525525ce5a60232eaf3900cc7685663c1b6d
iteration_324	18131	9200bbaa570e34d903bc364a530f2806923b0f7783a16df02c9beef5d9249be6
iteration_325	18160	6734a844054847073e6a4b11b6302b7ba9f70eeada9317ba5869e5e42682bc3e
iteration_326	18152	f1dbf126ab44d1160b085d34aebf40f8efbb26bfad08ee0b9b5d31a3d8db9bd6
iteration_327	18204	7c3cdff32ea464c193e11a1ca3fe28a565dd32109ec3ff3d9bc88196669bfa62
iteration_328	18235	a76a9204f7931aeac22326dc945af08f5df6ad9b2fcd4ffd36493af68de5a75f
iteration_329	18283	f1e11f4818162de2c48b20759f43c02bdd379140f0efb6a9ffbd4930eef6b644
iteration_330	18288	45de1346bf55940ea5443cd477d3d6b01d3f70993e0ad031af630e1eb5ed1464
iteration_331	18331	6b6819aa48acbddaaeb33f509eb3f5a3b46ee78e70cce42a78080f5c8f2011df
iteration_332	18338	d50e52f2a670b89ac8bd6826ae7cf03f8c198c834b3c7f7983e3d8da1d77e2d0
iteration_333	18354	feb1a19391f1ac2f6bce031a0df31184482d6c41914de46e844f311b04256fbd
iteration_334	18348	a9b695ea4855dd9e9baad1635e13ae881ab33057960a0cc25c018f899cbbd03d
iteration_335	18391	5e431c8701a9a9795cd0af797ab2844bfdf9c0287bd8365fc4d6d4c83193b458
iteration_336	18422	e7bf06ee52fda90274762ecf75f1a049cb644e163e64ffb455c7edefdc7b5041
iteration_337	18429	295f740a35544e4fa760c04f1968a3c2d18aba5e4c8c7273e72dcea323871d72
iteration_338	18480	f606eb0feba72aa16102fe64f2ac7edb2f6d27f4fd38ff17f0c6c8697ecf252a
iteration_339	18539	187104d3cda51850356a4e3cc459279c9a9e68d14d925bb589ea902e7c524640
iteration_340	18543	6238ce0d346440bf36d881d124e320f25f232e5c180bb4b99448a05fd6ae76bf
iteration_341	18598	b7515d23e4be4ac80ca57dcbcbac37d61162f4aeb3d37e83230f172ee0bb76f2
iteration_342	18623	b4aa56d9a77e45e8d20e55677b2ef0df868686747f416e9053fff4042ea02da3
iteration_343	18689	b4b2d3130b10c15d9cdb72962d9fc27b895444b46809cbc297b99624463c2ad5
iteration_344	18701	6e651ab275a799ff6e61a47920ef0f1f321d38a44e97bdf816c5b34603517636
iteration_345	18766	28c038e11c465b91f5e8ac5ff540a3338f0204848da074d94ab3faf995bb0927
iteration_346	18780	0aed3ec5f21c969587d6624bed6bcc95eeffd05d707008b39e98d6ffc0cd2be2
iteration_347	18840	508d02715982e9a5d92f81847a4dae5bd713ddd946cb8f037b92960c27f35bd8
iteration_348	18876	7f830321f49353b0c4d0660f25f760e3c43bf3a4e683e496b7a7b881ef4ecbd7
iteration_349	18904	9930d3b0c9c27b406e19c4989f4ba8cd7da86dec5a63aecd8f095c35e553f9b3
iteration_350	18944	d0f249d002829a11109267c56d4fd988036df6cab0214de795766a2f3f91df27
iteration_351	18955	a6355b2d2fdddf515a2d51adcb21c582dbe94f6bc6a17ff2cbf2ec704f01ae51
iteration_352	18972	1f040ff9e506796c8e41b0d79be609e5511e8c93970a07babd98b07a65bcd45a
iteration_353	19011	f975910a02c0a1d8f3ce527a6c9294849cd4da606c727a8f0080f2f88965316a
iteration_354	19061	04ec9c5f0405d8931a082542a725b78a1921d8cfa35e23b49f716e3c3c3ab387
iteration_355	19111	58e0002ed533d0a28fe5e8e2275c0083a4f8f8e4f3f184dc3c9272ec955d9ba6
iteration_356	19159	9eea989193034940fbde902a3372a0187f2a9effea4a66a215de68d51faff292
iteration_357	19196	c80375a650e6aebe38cd1f4df440ffd466fb883058368199ea25d02275ec2d28
iteration_358	19193	5ee03a83745e6f49811cc5da66dcbd2cc6f0c7c3894b879d566de64dc052aa9a
iteration_359	19241	e046c23a0af5593552686d7f37c1fce4017f73332781f613a9f95990282d4c04
iteration_360	19281	b6890fa77c0df641281cdce5ca7d5f3a8ec31de00841058191cff0d8e832b019
iteration_361	19321	11c42024c6512728373c97113cf4846c5217eb0e4aa1d964580efbf398dbe58a
iteration_362	19334	7265896d5e9c672832735b5684501aedc94efa260dd4223e15bfb751a72d25d9
iteration_363	19367	c65b7dc90885f84e02af903bcf99bfda94c5f53a91ca9158b638886274dc1db7
iteration_364	19372	482c19d677b0893183b5f61b884ca16d0b40ab7ad7bd7f3b5fda70ac6328efae
iteration_365	19395	5ba2af599c3990a70bf133f8cd43da63223e64dba68d4dc8c2d74028dd2389a1
iteration_366	19446	3fe59acf944361a74eae30a6a91ab02cf56339cc42585518b81b6d72fbf97d2a
iteration_367	19505	138a714865ed615420151362c09692afdcf27a2ffa64da128ecfba51ad89d905
iteration_368	19529	ce4a28410ae6e5388395fcefe9271c926a07f3d12e47b73278d7bffc4e42c8f3
iteration_369	19585	a92e71400b93f08433b5e7427851c6dd871dfccbd6b2386cf61ea7828ab274c2
iteration_370	19604	0082e86e2d9c6718f6406ce8a5e643425e32baa95b743b02311a2dc8f5f7980c
iteration_371	19652	23e60c99adae21f6baad8571fcb518d004cb092a927a3550d55108fa37f6731e
iteration_372	19693	b8c591a1478528f3977ef39ca6bd627bddfa5bc4b19b6ce1c026c03e1bcd22fd
iteration_373	19757	5f1cdebc5e6885e263f0da8bc2588a3ea775433b83da1abde64058e610f11d27
iteration_374	19752	cf6c25c1a4dcd257c5b99c7110c13345991f4678af0ecd48c82ecdd5f7a1687c
iteration_375	19781	9ecf5bdae88efd84b44e7b52d046f24680531325ce425e6e134b898dcccdb95a
iteration_376	19780	93ac6e8413b266ec30cc5dde3c31ce8a2699ca2dcc6e2d2d08d47431f2065a08
iteration_377	19791	575e963f9b6c0064b05e09ffc29f28700d66e226515f764de320add1ad2e7d16
iteration_378	19804	1ba8357c486f80723aa6e8884043c84f198193ceea840906a78a7b002f21e160
iteration_379	19855	fe484d3d10729d3f8e10c33f03c9f0ddaa95e22a2dd7fdd9c535d59892324d74
iteration_380	19868	44a473e161aaa6a5ed4bb93bf4731a9500669863cb2d493e74b7a0746fddf8fb
iteration_381	19924	9314e6f72329e3175c33af53ae67ccfbf9ba08b6226d4074d9ef4ac14575c5a7
iteration_382	19936	4ee7cbf41e7fba005a7315320474955750b15e728ad80bc9be150a5d5ec33f04
iteration_383	19953	95451e78f761a214d82356f916440c16e210590f02d236b7c6b5ecc70ddfdd39
iteration_384	20008	70635ff8b439f3b398848e3eddcc05844308c7c64b6eea5d0971f8dd7147d34c
iteration_385	20033	d8fbc8cae427dda44d24b80e72a89249935c6e89ff0ef43514ef3a7ce2a54461
iteration_386	20082	fb0307ebd7f376c77e30d74139892bd643f626150e614ff527a14c8f64ba9579
iteration_387	20100	9bddc6563bdfac74039bf5113e5f8e7bd107289c49ad845288e433550475e90e
iteration_388	20146	b645295e5fc56f876f5aa945d002fd76b049c494cdefe6d5f6e04c266f01ad52
iteration_389	20158	776946f3723a93c15318c5bb713e5b8159094eb15bcd982e237ae5e7b54cf6d6
iteration_390	20183	7271a97d6b997d97a00dc749e8cd125bc940d553e4796c6bbd801f762ef10d18
iteration_391	20242	85dca24c1ffde044089edefd72b79b66830b48eef803b9646e45a75487fc319e
iteration_392	20236	abd76a11c030036a36a6d9cc5b761af0834191d8457fef00e2957f8a0c8a56df
iteration_393	20287	624ecfaa02cf9322f8ba345f2dcc2f4e2af11d0e78f6ce8366e87d85181c16e7
iteration_394	20320	ce353370ba5c503e84a5eaeefa025846bfa35463c982c1839b74dae3299b6bf3
iteration_395	20381	16d969151ce7132476500e5dea192b6ada4ccc357e143129849ea3859a79f2b4
iteration_396	20362	4ac61aabfc2f0809bb0c3f366a7eb27afc19a655241403f2d8f59c5b9c078ffd
iteration_397	20357	f71073c3d44c4eb3ab6ec3a0ef8ed1c580e08ff1c78ef3707307df3b15b604fe
iteration_398	20366	2887432c2bc001d14aa0562c1d4ca79350c4a0a46cc566110b107ba40c8a1abb
iteration_399	20434	5476e44800af66f2230d5cf11450be64b775aa3a5d86301d8834a49781696dde
iteration_400	20442	08134cb0c78dd52279c1c99146d55ccfbb4459f624f32640dd6308543bc3c47b
iteration_401	20488	168deb8aa6a6c837637acc7f498e22810ba5b45808ba29f234c59a993e456079
iteration_402	20512	ec0bf76a4d25e2a78e1edf6e8d79af25cf4c0c7d739170c98e355504740f2197
iteration_403	20547	3960dde0498fd1edcb47734d4889a9b9041bee9780674bf88a48cd9800188d68
iteration_404	20598	cb7253fc7e3e4d1f55c07dd86a83eb002de7960fcacb93056d81dd1b2b35c171
iteration_405	20640	ce13958aa94b1251d04ce357fca53fb45b75aca4bbc3a3e6088515e20cf269b7
iteration_406	20673	73dd126c4492eab568970364d8770542a61ad7886da401323f79648d3e42a1e4
iteration_407	20751	78dee377a633f5e3714e7fd4ceabbf38c6804192f1663375d1cf339301d2449b
iteration_408	20758	33bcc82001dfe9cb1a9e2fbd0ad3780ebecb3fe2781cb998f1dd857b4004c42c
iteration_409	20796	04f10e5d16958146127d5942776f21390b680c98fda6c485ec68f0ae87d124a6
iteration_410	20833	c494c117a3779ead516b29ba98a9b7a721172df22c636baed5dd28a0d5c72c08
iteration_411	20892	0f7facbf13af402dc38f854df8163984c2d809c0c1dc1bceefbe6c43a06d9a9d
iteration_412	20874	b67ed10f1d2e46373722d291bb133835ef5f1b85aed84f4dd460372b23234cf2
iteration_413	20913	fe0fb8386b46a7c0e230498c9a91a69483cadf1a5310082887995aa999966f42
iteration_414	20930	f2cd8aaad85db20de896f64f32a830689ddf704f94d99c484d0adb112e204fae
iteration_415	21004	25ba80c17bf433b0bf5214107e33358eed2acf2b5e84d414fe8885f7332b88ea
iteration_416	20996	28be142d16a4ce14e35cfb6d4ea6460694128646f1af78403e351330c1ac0f8d
iteration_417	21040	3dfd33b01c0829860d25e37b6e380b263bdc4f7004bd5e9ab9b8db2ea9827437
iteration_418	21067	2bae1eb3ceee75ebf78ff1e9212ea71ed4800fc6ad820a9cf20f475b614a6f01
iteration_419	21081	12689a96d849164fc892ceb2f62a9ccf1e247251c3246befd2c35c9de58d8127
iteration_420	21094	e757fb513848d876911bdb5c38f93125c9c57923fe84ee2a701af2a784b67fec
iteration_421	21141	e6f10f47fc1ade22042bd3e0c1218859a79f384cf81fc29909f6af79f93ce7c8
iteration_422	21178	e8397eb8511ae09b8badbef70287d5ad623a36ba8bb95059ac43f4d9eb6a8933
iteration_423	21219	95a86049294828a224fcff1167cbd50b022da997547d4010305cbc6b7cbae169
iteration_424	21216	dee76de08071512ca0cd27fe4888bc47212480fcedc08a866c6c9e60e9bdbf3b
iteration_425	21282	3176a22b0901a427cad0c8e4f69ef0ef4d2b0f6d0ad0643b92fb194ab4d712f7
iteration_426	21300	1039a87a9b0440e756608624b44ec5081e66b154c725bf2c217701d213836bc3
iteration_427	21346	61dd3e7e71593a74d0329619f432cf141a72d480483aa61009da03b48c91ecf7
iteration_428	21404	77af58c175d86014abee0418f9e009ee63e0dfbe347209415edda6c5fd8e0761
iteration_429	21411	4d6b264b1b764a6d43f4c27be84b482202bf695106a4351f5eaaeecfa72835ee
iteration_430	21476	78f15e4185a7be0316a32621ce0ff2c9f2ae0c01b74dd4a9cf031d75ed3d57b1
iteration_431	21531	a77fa1511b8df90c36dc39dc5466716311d4a6a76cc97ddc3cc01904f787d30b
iteration_432	21534	ccc5f7ffe4934ce5b107af4f57404236b5f0477310589d6123b3ab1a2ff15ab3
iteration_433	21595	b0a131f397f4858e3d97c71af282666d2bdf3751d0f25690b15b2e5bf45f7fc7
iteration_434	21572	c7465bef4fddb3355bca935b6133192c9af6722e89ef074ec98746ddc69ee6cc
iteration_435	21566	8a9446cb80b43bf8ea37108f270b4d9be91d5579fba5793133905ca5e40029f5
iteration_436	21630	7d273ef45b5ac5d7f3f90ec53632d75e2430e5d9754993b9d51654a53635bc71
iteration_437	21643	7108cdd5a3c950dd04d2a22c8b0160bda5e6ba0528d75d5d773a3aa29764c892
iteration_438	21687	d1ab94556e9bb8d52c48b61ceb964e33e813b7a21d65c34284c8794711fc2b07
iteration_439	21696	063c24c091e7b5407587a35f9d16443fc87af8665a29aa1fa41ab90567bcd52a
iteration_440	21720	93f0feb5c21b3320d4c26b562cfdd5154aced8cb9b3171eb09778b676d751251
iteration_441	21737	4973b1a9626631a526084670f863d209399fdc8c76222ed5b5416f1d3eab3a5c
iteration_442	21751	d57cdfd1663dbf62e9eb8df3dfe4312c71393ff2888654db147ccc1ec7cb16a1
iteration_443	21776	f2cf9f3c96bdfd5cce63ac7373293b9c66c1aea46499953dad68e02b48b95744
iteration_444	21780	c260d4f1c32c558789556b68d8826c25cf2659e09bd25d8880a1b766249205b4
iteration_445	21789	40ea77ffdc20d14dc3eb2c3b536ca6b5588589d9df71af41df03a7c069b0beae
iteration_446	21812	fac8cb2cea2de75960b602cd8944a477791235fb53f90872e2c34563d2a3b04f
iteration_447	21856	2ca1abfdfe727ff2007f2cb593675c5e234ab2cc2c9f3e29eb365d85d4959715
iteration_448	21923	8fe4bdb2e53bec1446139a163d4b31abee6d120e93c9e04eba5c8618c7d30e84
iteration_449	21999	0982cc5493ad1dc7230640203288bb1a34bf1798cdeaed50a7ef6e8e66d9d8d9
iteration_450	21992	fd39e33c6a92995f666fff0a1726d8394dc62a161e3bf644648b6b690bcb3c9a
iteration_451	22057	391d7ff75c05bc0654a2ba75462e09c46fb895a3701eaeebfbe1b0dacdd74670
iteration_452	22043	e17d6cf00d7bd10c36a552bd30fb7da25e4447ede18f0122551a9a3a99876b7c
iteration_453	22090	012612a358c061d1b36b928aaa41d7cc44b2b7242a79ec438a1d3cb11f4372e0
iteration_454	22101	397f5abd3d3ed85cf1235661477f2402d3cd6c6093c859aa0d6250e6f8c01cf2
iteration_455	22121	dada187fd14e69049cca2a4a24b7de0d69e34e1ba1e3802c79af3b22f46b6bcd
iteration_456	22145	5a7edea4326cd70933118c6a0867b592648cc60927acd3fec6c484f290f807e3
iteration_457	22174	be4f87467775322ab6894aeb243371622fa87aa13da6914700fc7dfd9613677d
iteration_458	22190	cb4718c081d88f0435c4fd86c8fed28e66f7ca4abfff1367c94914624749d206
iteration_459	22200	efb66564a7eca13769b47e827bdff02610c7ee2af4083c19141de2e4fb39b04a
iteration_460	22206	a37992c6278cf43a334d8865abe8632194285d79cb2b89a11b57d32a62627538
iteration_461	22165	63ff8c8537b4ecc1ba4720bf48332f9128a60ee8ee40488c009d53d4b3cd9564
iteration_462	22157	bea99dcbf737b5d2852770840364a37a3f9743ea849911c7834d812099bfe053
iteration_463	22163	58db3871b1d2959967d5d046a99360876f8dcdcc701fc9b632eaccb0a892749d
iteration_464	22174	468657cd34ed8396b70ba48698dc2141f85457fd104de6c8e94418cdc8f72824
iteration_465	22216	abfba8af02db0d243b0f52c0b5ca003a54f8704c9cb2420ecfc3981653e543d4
iteration_466	22195	36f6adac11dcd88151a56e4ef669f74cb1703aadb9083206b8133c09e359dc44
iteration_467	22231	c6a7c27357ede72879004fd3c6ef1311f974a6f38ac4f4a456a030a7d2c1eac3
iteration_468	22201	583b6936386d8caa3b03f9706b797486860790ce40752854577597d6ed19a764
iteration_469	22265	276a0b0ab32aece3676ee165d7fc68ea066234c578c91323b3075da2ab1c9a93
iteration_470	22270	471e670e15aba28f3590b8c1ff197a780266f1102660908a3a9d829bda48ccb7
iteration_471	22291	cbab90e0c2ce10663bb9d586ddde37cc76c55e3f34e4cf664fa6044d3fea3b61
iteration_472	22317	f44fd005eae7f7482b11a267d7c0fed1b43c1b08f481bccdeb63614c20564d9a
iteration_473	22366	209b8d376c655ce8ae9b581442a78e523274f07213366f5a5030ded98d75d4c7
iteration_474	22363	59d9219414ef611cba4712eece4c7a31941a32952886e31bbdcfc379a47a3c94
iteration_475	22376	2b5f089af89ffd20cc42739bb85397dfd33c78918886b6e551ec4c64ad49c51f
iteration_476	22418	3d6d7aa870d8d23c8e4922d768675b4974af7cc3c2b49f2a9f581c9c8f3fef3e
iteration_477	22435	0f201f304e771620788b6ccc62965fc4f071d3ae9a759855ac830fc6911e04d4
iteration_478	22396	7a0b29fa60124df9e2805dcfcb2471fdd6e688cd8e2f129812b81f09f9faad2c
iteration_479	22424	3fec03271debf7c0c3e494639b80411ac2036abd710e04061c430d25bb3b2bc9
iteration_480	22399	d1375e61e36732cbf62e1642489f8fae3d6046e45cdb9bfcfd44b7697bbbe3b6
iteration_481	22434	c05343fa19ec6e0ff8dc6f9674fe2d1217a9e1f31c2dc1121309750e7e3eef99
iteration_482	22469	babbb49ce401d05b6e7bb1e1b8d246c37fc890c24860f9c1d61e63168c10bbae
iteration_483	22484	ecdcd14451d5330a7295bd431de82980ea4ee9d0da5f3b59818bfb8c9a3c5af6
iteration_484	22470	670b8300ed2bf7dbfc829a19dfc8eeb6a7f5247c46b07c47857b6627ffd96e20
iteration_485	22507	56dbf1483abca68ba2f353eb7a02b30c9b0c66f53aaf25edc591e2f8a13e50b7
iteration_486	22558	9e049905707e338d3c39361a85d0186b42e7ecccb0f1b6acf00b40604da23aff
iteration_487	22546	e49398bd3f8228fa42a36943e17bb855d646a990d9b43f2868cc6337b3bc61bc
iteration_488	22575	d22ed41da752abafda99a1c1247a7bd4747576d5362b118fc4d2bd3f3ddc917d
iteration_489	22581	13d73ccdfd70916d19ba090345188fdb551f20b0e82c6a8da522b7284bfb4df4
iteration_490	22639	839b490533919968506618ec4db19f5b25b2c1b10c172ed8d61e6ae294e7b605
iteration_491	22669	ce5f8404e71508b1553cf1fbb2ce8833cabf7f9baeedb1793ea25980190aaecb
iteration_492	22706	78b8aaaad6a9dde9d466b7b78524170b5c371141f5a956a56f6b95e924aee1c8
iteration_493	22716	b1d3196255dcc2ffb38cc300cbcaae1fea42d50180d0fb2918600114a835ddfc
iteration_494	22676	93a492f2e262b88998553cfb2f816da42e734bea88b850ab210fb448fd00670f
iteration_495	22716	6ca55590692b9b910e5054b8fd45c829ff1d914c4060ae195669d5560dcf2052
iteration_496	22737	86bd91bd71d1f1477850938969a6f85d90c03bc422a739d944aea88afb94d33a
iteration_497	22804	bed40139248c2c6c7041e776f9977b96f639f57c061fd9936c07e67dcccc79f3
iteration_498	22809	ca67e247045483372eed672f8f5324dcf537e55f6e008cbfcbe6d4bd627d25d8
iteration_499	22811	a44bdf53b2961d0581330e99998297839f7a3efcb070ac04a726c34856cdb4d8
iteration_500	22835	eb99f481ae93c3300f0b80533c12460dbc3d0f1446e412adb483e77348e0961b
iteration_501	22860	5793d0b1c8340b8db3c3b9374de6f9ec4c41fd5172f3e5ddd316d577742e52ab
iteration_502	22895	559b242f02875ff15f6f4dab31a8ef19d4f3b4c8eac35ffc167223f8cadeec06
iteration_503	22871	f851297774e97a89f1e70301f13d172100f43d4a1e3093decef3eafc17e0a393
iteration_504	22899	dc2e32c6928b387c82d43df1818139c66fef3c3260c67f4b0b9a8e4aab9c208a
iteration_505	22934	1339960c8ae0433bd5e140af9ef8db5f4def7175e1839e9b036f106f1e8bd1bb
iteration_506	22944	1981891c7e398f8e8d5d466a640dbed1465d619e8b7f0c64bfa66b390463b790
iteration_507	22975	f7df3469235a2d031076a9b2b0df0bed93e4c1ffbc6fc766cf4f8a51efd06e50
iteration_508	23022	a364071d967d92fed1d19c4d16180aae98bc11060dcddb0e62c6dedd36f053e0
iteration_509	23042	efbdfa279e6998a5e584ad5a38d080022f60ef0936ceb59f59589e6e4559b2ab
iteration_510	23103	4d8c10aff26ef3d71628f5496dc722bbeec1470fb8801dac82e0c199279f8565
iteration_511	23148	b4559da30306cd11b64857a36bdd9972d01027f74490b9d96f9e514b227bd8f5
iteration_512	23193	3c39d7e31cfd4e55094d003a3dfaf2f0588586bad1d5beb74b3de163ead7d3c0
iteration_513	23183	c720e69bbfd8f1830721924a6372c6ddf7432297f6e5a348c7bceaf99081023f
iteration_514	23236	de46e275fb7f2d8bf7964d442f414fae7bbf556a51ed70a80c27ca1c2c642ed4
iteration_515	23236	e791a756b73bf794198d503911e637b0331b1aa3fba5c1e286cfffb4c98d273e
iteration_516	23280	e0e47f1b20c1775889eb52f161a00f39dc629207696830bcf4cf9e339b018e6d
iteration_517	23291	853e31b116e8c15d2c88b171b95172d8baa0ab8a3de68dde61448e7a35c063ee
iteration_518	23290	141c5d5037d98f616f455c840126b8a2a586cbede015d9d9aec3c0f24073036c
iteration_519	23297	d6d95ea19969f04fb63a03ed75f732f4f6d167ebd6e7c5bc278f63f2981d4a81
iteration_520	23297	064bf843722805b0dbda38ae09fcd8a79f5241d7adec0688f1de56efdb5a9ef0
iteration_521	23385	939c8fa68d6a0de6c16f2cc484ddda3a3dbd2b25ae2d0a92f91d12eff7eacfd5
iteration_522	23399	44963ffa092002866684a26d820221375d35196489eecf6506ffa0f0da3ae397
iteration_523	23440	5f2949a337d5a5b558d6440af0e569b54921be71094f4170e3c481f9de67c39e
iteration_524	23414	686705360047bb4b642c9738384c0ebdd4102aa36d316aee5326b14a442d9b24
iteration_525	23442	9189343e477a2629397af55a489129531e4fb1f96b43fd0f99bfa387f06203d1
iteration_526	23468	5dccda47d1a0790bbe544785f77c09c9849674e36433de04b3ecc45b868f5a5e
iteration_527	23487	3fb26f000e4b871a83da43006f0f58be159c15f166f99d56775b8c808af8f5b6
iteration_528	23524	76b756c4d7e15d9b0e97dc5ca9ebccd58df8086d11d7e709bc7bf17729e699f9
iteration_529	23579	f6c718c388df2e3ad4d4a44673a099c182dc4898f345538b1c550b2b661ec8c2
iteration_530	23579	d05dac02407db3d7cf0ef4af8865c035f8aa25de91409ec65e572c8111dd0e2a
iteration_531	23612	9cbbc81a06eaadc5d9ef65f61e86bb95d8ad93b7b2cc6a2b715e1ee5a53f6c44
iteration_532	23625	621db430ed3a1184a6db83ac4455d5a9adfb92c336b1c3079a9b5a85efc74f1c
iteration_533	23614	b999de0c0ec45cc976ad72fb8e3c04a95d563cec35fe4f8fd49443a01a8ddddd
iteration_534	23637	bdfecd5b749b59fcc299c90b56ab6e4cc05dc012b79ff2eb99056775d689efb1
iteration_535	23665	46cbbafb6e1289aaad3101b8a827f625d4645b36d5493db5ce358cab174dc93e
iteration_536	23630	db5b31a206a75ae04869f876da4c363bdc08328bbbd3589d14e2bd51578bcc00
iteration_537	23633	453369f8f0ba68a629c7908ccbd2da7b42490f4d4caee4b2fd19d8de7ca5c3c9
iteration_538	23631	579c689739769021cdbc50e289e6e72f3ea6fd61cbae55a7bd069399654422a2
iteration_539	23627	20e5c40abb23c2b0194d9fb428c7f34ff69dd3c6aed297e02d735ac90b672e01
iteration_540	23603	b000f0380be79d1b2bf379b25d3fecdf54e50af04e67b1cce6bcff410ea59181
iteration_541	23574	a378981a7dbae242272a1596346e446ca1b3bdce51faae7cfed0322af12cacc0
iteration_542	23536	cedc8c9e0f29ffc283e0e847c77c41e7b0cb029fb4222f5fbc4b77d6af701dab
iteration_543	23539	7f5e25b1a74bc2afc346defb40a4e6c0cbffa39828ecf67879f74756ebb22ef2
iteration_544	23572	a47f3999844eebae3252f0a584c00b6871663743ce40bcc0738c498cc95860fc
iteration_545	23569	c4434da601b7fcf2ee5a8551e541188a81def500e5331c83b451f7dbb9576465
iteration_546	23555	f5112c512adafc3b9582285661462b7c76ca414ab692af1f3b5d914bda584c35
iteration_547	23583	9d48ed663313b9b9d977e2f43f9985484d939ba1e4f77be93125f2faad76579e
iteration_548	23590	cd061a13c7a73d50d0ae00ed1d415c5ccc1f04de618bdbba2bf74b2d87080030
iteration_549	23599	9082f0811c8f09dd5a81370f2e9a84695edda81227221ceea250fec04a4277aa
iteration_550	23575	ee0e6d25741b10dcf6c68aeab91a6be7998977fe3aa30856ee263c754f5d1d0a
iteration_551	23594	40653c2092781775d4359dc22c357636d23c98bb7f0e82296329e5802bf8f6d5
iteration_552	23590	7d73c0da3e040ad955469780ade69602cc4ef35fed8d9f791472501d87c04fb2
iteration_553	23609	8aadb2215c90fc08cd30e4fc694d0eeeaf3797f10d1f8276c93b3cae56ccd5af
iteration_554	23643	3f9c9c8c15e57351eacbaddc2b76ef48a3964a0b2c23f2161c00ddfdf5445fdd
iteration_555	23656	f035774db691711c372815af281b2cf428d5c47ceab357aead0e5dc17bba3d23
iteration_556	23690	fdd72e14002d61af3d709a2e7f6a24350f18ed89555fb4a7a60aa01fac0c303e
iteration_557	23702	9110d0ba70c59c9eccb47cff2e5116c5a8c1b79dc5dddc739385b6a62f821a5d
iteration_558	23720	5607c3ede6096b4954ed30b1a5fc179e1572470c91e2196d34912b4cdf85a81f
iteration_559	23743	814606354933c34583a444b9a9868ccdc055f4b195a3591c9d0eb361ff9b7b7f
iteration_560	23751	cb33f76d2777149fbd8134cc6a1dd837c0a425c2650e4e89dd35c9cfc135dc3d
iteration_561	23730	e70fb4c436e1857cfb4bbf47083bad63b38c0671d0782f93d23d4710e4567ee3
iteration_562	23732	2032800b4322dfd574424558307a66d6bb996335a921fbdb786ba69850a8e3a9
iteration_563	23749	d02837a7d33d1ad976e6eddf0989ebb4e38377e3afd77dbcab8bed45754ae75f
iteration_564	23789	d5a9b9530795f8b4b1c22d22d1c63cb4e4d8974d8b217c51517bfc1e7851caef
iteration_565	23808	800e8d97ff794953e3f987f50b34c22a84193ae8a1b4d34c2642f0cd0fcef922
iteration_566	23812	999f230ce08117c00ef8f84779f7c896183729f63b79fea3192ef66d6ffc08e8
iteration_567	23862	6dca05a34e830ad8546399e14960cdc9b0cc50ea83ee758fa09e117a387c9e45
iteration_568	23888	f470e4cded4bda9c980001ac265b75d3c663f88af6cb65beacde82a12db6a4e4
iteration_569	23917	9c1d2289a5d51d6a8c4de1cbeb60e593496e2623be03c5354ff6397c047b9d45
iteration_570	23951	2ee76571fd029c35a4b2b7a84fa2dd385ac0d15ce07dd57258bc3a2787432451
iteration_571	24013	d4ecfc0e19deb3295efe04c009b7f3b4ce788f223aaa0835e64408dd287b457f
iteration_572	24014	8edd61464062cf3a498d627cf84b77ea4c066d12778a373af27d9a1ecbb7e7c1
iteration_573	24028	7e5a122f1f102c86d18240bfbc07885bee8210c12c3090d9591480d533244ae9
iteration_574	24060	ff63582bdc4e5fe5776e4942523a9ef203533a707cd2d1fe987c774a5daa7c14
iteration_575	24077	00f500f9e0c41edfd73d42beeca9bb92c55ac98f838998dc26b0d237513a5e57
iteration_576	24083	b5962e4816dc447f702727e7905dfdf559cb609b3551b80dede255fc039c611b
iteration_577	24121	7cce92d39df27e12cbfda765328a77fc921b9de2830063be0d5dfb9306c71f7b
iteration_578	24090	22b5c45862264581ba1c4c71226e34a5cd47d43ea119231b2a21adf5a8b14cc4
iteration_579	24075	e7d3e7bf4d996064a100722fb2fea48a826f68e37ca494d04e95a97731563841
iteration_580	24097	857a7dd280752073d009857db7e354aa563e2a9228aeb8eb973cb6a9472d9b1d
iteration_581	24109	4e5872bed43aad19a188969ab292dbd2186ab9f1d845d99c32f1233b3a589433
iteration_582	24092	4761f10943086278721d7cecd22e6ae5f89aa898860910889738ad5064968ff2
iteration_583	24056	11419332f62054681242d17d2543c90d504cd76509b57f2df6fccc19c06a14a2
iteration_584	24017	e5bc50ad6613dd18d45dcae4f82295a4fa13b6d1a5ee621e7589ebcecca0a2ed
iteration_585	24048	7e62646506f6af0d4ba86e25be13b5f7949c015087589ec0a894b76f5b4d8d3a
iteration_586	24019	9e47be3a764482c6f7a5d0b9c6354866aaf6efd8f605e55850f64c4d1a2e425c
iteration_587	24016	ce3d308df0f416fe2f1ba9d8fff905b3b77c857dc9639e30ef102e382cb83889
iteration_588	24016	754ad15dc323112ad20b6ecae537ebef6edaaa219cdc1d9ddcb6d0f250eb3d72
iteration_589	24045	d12dea7957965c7076f3e74ef98c8e4fa6ef3052c8254276ed785db321971e69
iteration_590	24108	173b9d862c1d17fd658697902142470c4f85c5292063f9a098b098cf4ef2725a
iteration_591	24117	25f51b2376e9ecc5cffdfc65854bc098ad31b8ca9c1a363da06c82a0547f9d7f
iteration_592	24116	3327f054187bf4f92230734d21b73b6769de1f5676edfdc64d5ac94f2db7abba
iteration_593	24165	485783fe18fdd7feeff1b4a4140b372cd35e92b06ea23ca65e6257b1c65255d0
iteration_594	24209	f1dc2c59ff4c22e46c6407befb7de03240fee09110831288bb9d81185e32581e
iteration_595	24251	47b6a03111900a4a912f1067de2f875155679871063ae35fbef8ce82eb3cb078
iteration_596	24264	97216fd437f7e5d1c467e701320604f6de6bd84d7af4f68cab7133141a3a32ed
iteration_597	24261	accd4ad117048c00737f8113e8caf6a78cb05455c4889184862c9aa30488ebcf
iteration_598	24237	59653a8cbc3d5def1b52dcf198cec3ea97db7f1386f0cfbd6cdd56447e07ff96
iteration_599	24243	704d29ffe4ab634ca64c0bf3824cddf7318840b919b72cf233882f89dec5d38c
iteration_600	24281	ffec64fa7b267e6c26f54491ebf955f885a376acbb53b05a4e348f6f596e8848
iteration_601	24296	5eb360c7ce722fbc989857c63d1adead3ba8e33eaa83094b5ff2f7c1ef5cb29e
iteration_602	24284	45501253df2a6d7e940b395f60bd53e8a6d98f3136c069b1558cd8b92bcdba19
iteration_603	24296	7656f6c9a537b4bf8f620c2aea39d546bd1db42ce8cf9c908919787cf8490b41
iteration_604	24306	2640e8d209bf30b2fbda6986ab5c8a8cbd6c3ab75886fa8bfff31f6800d731a9
iteration_605	24352	bce2f08dd5ee4478a9916607fdb2435680a027b1a76b4cb807c66238755e576f
iteration_606	24353	d4a2a8215600d7d4c892e0f568c1f7355f490be3530773003f350edc67f6e5c2
iteration_607	24360	2e95ba6a7b072f70365b3087e5a33121e3df260ce65dc62240a102f645ac6840
iteration_608	24410	a3f703217651976f14268feb221034778f05f99be42eaff19139728b4ea949ca
iteration_609	24450	612ba0575b9022a1cce7e07476910dd791eaa3b04cc720451c2e093d42e6de99
iteration_610	24491	e0be93c9b36ce8d798c03e7aec0ed6f10b3e51efd6eb1300b4ff41a1b81539b4
iteration_611	24550	19054bca320002bd5aee1ea3cc2ce6b3bcb4556e130b8ceb7e155abb86a141f4
iteration_612	24568	a979acdbe6dd95f08fded6e86473371163da105229d92ec27767d057e40f76dd
iteration_613	24572	31b0b1820d684e369a0a2913043236783ef49d9ef180941e3299847e5d4ed9ba
iteration_614	24592	f701f1ecc64e50c2b74139e604a3799fa434d0319d582b5b8017b3f1fd42513d
iteration_615	24633	0315662b14f84f99cea101d8c49fb592bef6787e6ec966db0ce7d249135c500f
iteration_616	24601	7235025e7898d1f2f784c9a5e66eb8d78e39adfd31ebf5705a1ae7da204d0dc5
iteration_617	24608	043f25bddd6a8e1935711a599e7c8d1a45709c9329335f9571dc424d17180b44
iteration_618	24621	a2ca026b2d1846db4efff35243fbe96eb94b4e237358ba5be54bae901d3c0562
iteration_619	24664	0bc6ca05796d891653cca814ee34dc020dda70dfb3e1621e46f8aef6140058b0
iteration_620	24620	bb9528da608134e08f15885770fbf7712fd15ff0773717aca190ba7c3663e92b
iteration_621	24597	c32e02028dd9d3195a142b8ceff906a6ac5ec65eaf56f1df2cc579ecde52cda3
iteration_622	24581	8f6f3e9366a7e006c039aad26549e8f46020d72b2d2ff045571f4000f5ec6c52
iteration_623	24639	ce15b5805221530f61d616efe960c7abc044fc834edf62878a86de1bddfea736
iteration_624	24562	afd4edac46f989b7331d7883e686fb08fe97b62ccfff58a377955261b0404da6
iteration_625	24607	c5883a8b94f418073cecad20b8a45deb8b041ce112a18e2fce96a0164d89018b
iteration_626	24634	061cb5d3a45ac54abdd060b9f32ab25a84c4dd0747739c17ae2a03d25a67c630
iteration_627	24618	d3069dc8ab0fffbdd36ba79bdfd16f3d77acd99120d1c99aaf1db2bb8324c465
iteration_628	24610	d638696255669d9cc1d9f056efc773e8e1a343f43c46b29c76b16d238cac57af
iteration_629	24645	9fbf352c6f98becee934b8ea2019740e5cff5a83667266c8e2e74b1f0c104281
iteration_630	24645	157e263d45ecb35835e5ed1c7e2502c5963d1025323b99096bb78170e09d165f
iteration_631	24666	d1559c7caffcf28b9860fe90610be614d5ebe585d85a57aa728235c0bbfeeab0
iteration_632	24651	f63524b17a71c96f6911aa7b6b0ecec7dbeb7a3ad596290a60a09299f414f40a
iteration_633	24661	0d94e15694f2a1e639c1d6beb2c43a3006a88e9cb7313412eb50c7f515b62b43
iteration_634	24646	9ea4806fd181f5aebfc2428e48a5700088dde27d85f42a3d889a6bb9186ac6cd
iteration_635	24693	00bd4bd2ddd998eb841e0630542e199e37ed5b52db7a63660d65bc73a56a20b6
iteration_636	24676	cbe58b66c6a276eb3d791b90f5a66ded87b59ae4419e8dc0751df3f7e1491875
iteration_637	24707	4664a07698d19d10a1df245068b12e51483777f2f1c8061c767bd43931f25008
iteration_638	24589	b6e9eccfe4bc8dd174376c4cb3adedf8a7afa5af1185d74928f6df2794b3f140
iteration_639	24634	51106ada6b25bddb01056fd6d62624add34962b7e8b2d3c1639147d7faba6c8b
iteration_640	24580	e89e261fc880a4523854d35ebe4b1a79748f8cf3c91b863f56f32048d73d987e
iteration_641	24575	b2df733cbc66a575fde381c1b9415f7fff057a4ca5b8176ef9708c552d78a81b
iteration_642	24528	7a0c4e46d5965ced728077db9afad93c9706c8d5bff19fbcdcb0f31e846808ff
iteration_643	24557	79e3716db50c8592c988a77c4a3f12b4f56fdcbd848433fbfcc731205a62f81c
iteration_644	24540	370befffeabc68ff6be4ff9add44cebdbd76cb3c39d542e5011b003914f5515a
iteration_645	24555	392c21ae6b90580a58d98a19f251c234f6b8ec320a1e364f40d7229a4e8cb1e0
iteration_646	24590	f5efbbda6b81628908aa0b3123285cf0a77383406f35351e890ec393833f93fc
iteration_647	24647	db0b49dd28f43c029b677d5c40b8be5346464223151b98ef4699d1e3b9afdd39
iteration_648	24660	79da0353d09324f5f7aae17b505c3c9272fd0093a6cd1e38971a7164cd8f372d
iteration_649	24692	00f0276086a0d06cc37234129be6196fbb4f5df31ad777564fa70f4c7bec8e96
iteration_650	24662	703119c64ac4e23b99884327ad8bcc223b4d605da32b7d0b9801213c357b95a2
iteration_651	24694	5c237b39e40ad800f1c731668d8071d2d1c717c044dcd6990e61d8bb8b5ac533
iteration_652	24720	73cd620494f37e8bcefbcdbebc0e5d0153fdbfecb33499d9ac6e7e4b42b80c75
iteration_653	24720	585e93c37e2de0021131392c5386b1df46c8809dcaa080be6193838c6ac86383
iteration_654	24718	2f0d4185f0c1dbbf0501316098771d0fcc8288ce134b7526ed1eef6dcb61ab38
iteration_655	24698	8c0bf46bb2ea479d6d3af56c9790dd0d7d7bb54ac03e42c8ba61118f73b93766
iteration_656	24672	fcc4d73da0b4720b4ea2f6b5567c52c7a5a5602550b5235ee4316d7e4918698a
iteration_657	24722	51206c86e819cdabfabd21744129a5eaeed6a9adeb04d68a9ec63414833fda92
iteration_658	24698	e5ab585299380a1cadf8f96c6138d652ab23fc6a97fac42f0f4b3eb0b21ab108
iteration_659	24757	6eef7c6b02c9ff4f14633ed84924d4691e54aa9a16cc1de47a68ad471a8580db
iteration_660	24712	61f06666f09360bb7f0892ce7cbfcff567cdbf1595aadf3e9a16ba3ab033bdef
iteration_661	24722	973a5ba3473d4dcf21882c992d6a81ed5f0b803de621bc30ffc56c5e3253ff3c
iteration_662	24698	52c1aa64fece47a14936a53e29829d72a1c6421cc454bcaa19dc3432a4f7c459
iteration_663	24705	8e873a51e0011c559120cd8ba651a67569ec5425e15449190f7ff14a8d7e09d6
iteration_664	24693	896d22c44ab70da0f87c44792be24b7d4c3ea918f712e00ddd7a32ce503bd58a
iteration_665	24701	93a8c11a5f700dd97c423e7fb5d3333d0255bac3b8a9ada69adbdffa5b5bbea5
iteration_666	24736	f720f96973c0f8cf46bb1f1c1dd16e64e02550aae9d194cea50e71e6d89a1bcd
iteration_667	24738	433eb2db9b065665860bbaf2417568b54d402e3767272705e9bafc5e52c8e5ca
iteration_668	24763	2c242df65ba03363bdd251fa6798a26c6a556c695832475765a4c6f109600482
iteration_669	24800	6346fb1fae48017c547d931d735b4f955c56b970b7e032a904373685e25ab3df
iteration_670	24784	c929244efba2c250857f9b0f6ec67ae38ab41668bf0bdfdcd7e10e197057b86e
iteration_671	24891	9da05ad28491c810424cad6f7c1f1a92917720db3b414ecd6824d77ae40b8ed5
iteration_672	24839	b90d6b9e88c3e0e2515c34b8870ae0e490d3b043d67311d9aeadbb6ae115a07e
iteration_673	24892	b2dc2f286c47ae657d5f6b5499665024a7f95a611e1f127a07cdeee8e8c26e45
iteration_674	24927	e52df0162bd11e9aff8501efeefd522d6db8625bcf2c4bfd8d0603cf42af0b68
iteration_675	24946	7ac563563e7395c4c84b731bf9a50c9a19850fa0d2b9373baae30895c1d41a8a
iteration_676	24939	82902e5211ddcb22e7852f3c56cfd5d8aea2842832909a77e666a4d0a722300f
iteration_677	24884	03e17e301b792a522b055899b73c7e156efe12b1abc44a17d825dac3efee36f8
iteration_678	24874	e19e0efe222f5e5b38c9498c2774f018ae9907607ef4c2ea93a1909036be3c07
iteration_679	24880	7ad9371719df1c504d67dbd6bc9b79c0c5bc8a785ecdc623f142ac9de7a11b8d
iteration_680	24917	a4c2e72b9ebbc694eb7937dc7c3a93989431ef05a00015f8f92e72f2994105c9
iteration_681	24885	553e920cb616cb2396343180bf9ad1a0a3f57dfdf63cbff8e5d9fd0d75757b83
iteration_682	24915	eee32c80e0497e640d4b02f2d451f7b8f691bcf7276f3bb5178a981e750b1d5d
iteration_683	24959	480a2b8da3df71e254653c66b7ea3e79845926f9571ff3976f8c07afb0bd619d
iteration_684	25008	1b6926be9beb929a7db3c27819c20fd6deca06ca6c44cd7489d98c8e4ed5dacc
iteration_685	24997	7c85d2b2bb4491785a7019d8c1a175070dd4ac33a6ba574d092e36adf16eaf9a
iteration_686	24957	cbcacadd967217f1d59e0945b031f0c96c0855388f29fac4ae9302383dfb5851
iteration_687	24933	a759930a68bf37c9b803f9b4c1c37b50964f0a2cf4cb81fca695a9eb3690fd71
iteration_688	24947	780fdf9df6a350de18ae2c2c38bf70fca5703fd390cf14abeb951e21eaf32c56
iteration_689	24975	2dd603d111c8f748daded950bb61a201b3d91e8647d2895c9d672cf0ec220a3b
iteration_690	24961	b8e9fe90942a07072733faa856d71e544757efa0d6dd2b9a603435724d06fa65
iteration_691	25027	c528db778cf4cf1fc944e7f7a6692dbceb4a244bd2f39ba9d5d4ce8a16a8fab1
iteration_692	25010	233fa835ab0162ecd89b130c83d98238d5788c887000bf71f7cb1d00b23a1490
iteration_693	25068	a68d1c2b3cfbb5ca92817fe686f74d1004800147c6ddb3259d7605d5d2c9d431
iteration_694	25063	f4ec0aaa3ae4913909060faec354802c05a5aee94ac365f0c9f92345b895cbea
iteration_695	25044	259f793e7f8abfc0a1f1f7b3d24e82634934e6048cac49f5d925826f59ffeb5d
iteration_696	25005	f5f1aba59ec67dace3e3f20df93dae93437159669880a1ba8f86e1eaf2846990
iteration_697	25042	e3179cdcf35d277f19e82bb60a16054ed2c8a134cf060d451aff052f88e33460
iteration_698	25056	3c254a83a272c79ff3e9bc9f2d5cfccbd46a724ee4aca89aca3a2fd0e5b4105f
iteration_699	25042	2f66ca2c0725da6f0fddf8fce7211bac840b17671028127f91b8a8ed85223f57
iteration_700	25033	13886e1a71947be88cf56e8c77ad2f54485bf24c472338cb6a8c7eb4d9c9c694
iteration_701	25047	cc469233d54f3f25e9da9c4be60ab8bf2d96b5c16a8634b592578303e1caf3be
iteration_702	25016	7b6f6e48b1abc21557bfdd914e9545684a44791fb5c6b19b54c90f382b6c4a13
iteration_703	24978	2090b0b80749cd5e8a1c66184b37449f0173094953ec99316478349d1ddfb1ff
iteration_704	24999	445d0e3b647e8e4f53779380ae1a76e5f2f10b5fc094aa50b47df20b07277e13
iteration_705	25003	4fa984651fc8f76fa92b595ba1e0e353371176e18b88b443f827f39780d1722b
iteration_706	25052	54bb29c021f058a31bedc5896ee251efc18e5ff17bd419e2d7dea4f3987821e0
iteration_707	25030	08244091493f17940152144315017bd7f3dfe2daaa52a3be092054e34a8c18d0
iteration_708	25048	6f56c9d49bf6ad2a280e662267f9e112e42e5f1a15c1b70f963947c59f49c334
iteration_709	25091	45ee72d2ceb07bf32461a0f7621d9488403851063faf2eeb61a663f491840ebb
iteration_710	25103	12c6e628f8493a9687fa74f83c4d6e1df1cc73b7ab5c60d747b307edc62a5058
iteration_711	25100	fe81d0d737b0ee8771996253143a63964789548abbf544ac6f2b4e3312a0805e
iteration_712	25144	78704eac0b73841df84d81d1a104241c9b72d5b10bc82988a21a3e4151c68185
iteration_713	25182	ade18595eadcf9fa8e0205e8f3b0a783ce71e2bd0fc6a0c03eb85d4248a7d622
iteration_714	25189	ff1f24526f0007f636fc986c792c4e02b0f1c8f1d4f65f1ae5d1b7b5bdab0b2d
iteration_715	25175	3942ad2683b9f716643ace787417217bb23544107e395e46b99d3ebc121030be
iteration_716	25169	9e03e54e661efd5f7791aa9aec51f3d661059e90fb813b2c1b9d57e25d45dc72
iteration_717	25174	65cb97c99cb8a9bf26acb17dc8fe6a602354690b747f4c9b31ab88f70f7b6a26
iteration_718	25176	9f6d28196706749a258636277cbc6a67ff5717e3a19ce353014824c4c6bf2bf0
iteration_719	25164	ac364afbea70bdc29dea120b8e7acdf10bf6918e46bb0c1e0051f07aab4dbe4a
iteration_720	25224	5494d6b2e5b5e1a8e18bc07de3a980be565be7465195688bed9c081b736bb986
iteration_721	25246	5fd8ce25ec6a66eef76516c784b175e01361f8056320c5d3b6f4850d58936a75
iteration_722	25214	182cb73c0ed2831e795194e3215cf640ffd5bc9dd41407df6a17b1ec39936573
iteration_723	25235	927615612d728b05d78e3db66fe2bb6e03bba0e9c33182e8a72f7c293df992e0
iteration_724	25254	88ffbdf12852fdd52a781f7bebb6944aade3e1f6bfe4b9d10a65a17c8ef647de
iteration_725	25297	30da67ad49c4abcc31bbe85b63c8c6d53b958c7de3b155b74f686ab2c092438a
iteration_726	25308	c4cfb3ab5c03ee31a1325e476c405bbc035de4802fb952e860f5b5a05c5dc195
iteration_727	25330	75b790c41c3b45a72eb5f0c8a1a03ffb18d6e7b1fe47b2f6d0e969b3674f4718
iteration_728	25327	11a827716c3ee73e20646e9541fb674cc5bf3541da32e342706ec0c59f57158b
iteration_729	25358	3bae2404ce393c060c15fbfce1e678ad2014a4d2934ef22e4193398c567df4d7
iteration_730	25379	b6599ef0ac8fe8a5524cb067690506c925cdc4a329c448d914b62f9835f391b7
iteration_731	25390	31b50ee3ec22df676b8f2d449f7ba9344a28fc715badc60ba8915df053ee22e6
iteration_732	25427	578f85f4defb44a78bac9632e046c9195b02ffd167fe01b7cd52b58ead19eae1
iteration_733	25359	3b041d40d8821f10880497cdb21102ba7ee40b5aa0de1484abd30bea7602be94
iteration_734	25396	0deea0583e35021296ab68566954b0b66c9937dc262ba3204de3aad1716aeddf
iteration_735	25386	b7654b33882dbf9d808af8564aa99e768c72abf57f016ee76e9006383e930ae6
iteration_736	25429	4f8a190200b000a7fb642cf1f325e16b977cb307f4ace126494374253b9c5b2e
iteration_737	25430	22275dc1fed91f99770d1ac798ea0517acd0fa9c91eaa553375d345b114a0efc
iteration_738	25443	9b0377fa6117f1b99f51e23e8ffdf591e7c1033346c4f9bedebccc7f8b462268
iteration_739	25381	386465c0270af5475040cac8d1a3c63beceab388934f4bd91526dec5d6e2b0a9
iteration_740	25413	9cc1fb9afb7f44783caeba760373eb1d7e13897086b5ad2c4f94aafb458c5524
iteration_741	25411	49b64b5b0e61d125ddda4f0c4b17c539099c3b1146c9de0de72a6a5b3954b8c3
iteration_742	25418	ed5c5cbc5701b91b89fa9882acbdeca91ced175d0cdf0e97110b154e730f6ad1
iteration_743	25430	cea08e91a8cf1dd5af965ee7a844257d78676adbc3d31cb3552bbc3fad1f5f88
iteration_744	25399	111fdc55c0609905f0b6f4d84f094882bb633031cddd9bbbf464c6066d8a5f70
iteration_745	25408	d7abd205a0376bea868ebb8f80f72606bd80d32a6881fddea07db40e926e6ea0
iteration_746	25420	ea78d556740eed8dae7db2c5bb28559eb8d800584d8a43bbe0e7bb1d55f75e3d
iteration_747	25399	dc4252a95dc940e83a1b199cdaaa294886a27f10a9f5a8b0a802f8f1b31e1e88
iteration_748	25408	467f88d835314fface4ae85efd92bf74c2a62454c41bb5da89b8e18d48dbd7f6
iteration_749	25450	eceb83fef735d5b87c5d04511cb6221d7f81fa895680351d668b5a2ecbb34db5
iteration_750	25454	5052107db67515713ecb6725fe9b40c0d70e3b239c9510039198a2f1f89913ed
iteration_751	25489	44b749940b8a1961acc493fea27e6db77d7cae0439611335a320eb8596d6298e
iteration_752	25488	255451fd79e9c798e544fb65c6280c20f39382e8eb0d3a8546991487638f24b1
iteration_753	25487	fd6828ad2a55930b63d842e325478138646dfc77e820a1ea8325f1e568191533
iteration_754	25540	e39b9c3c8730898c761c10614cccdf0c48bc8cc6a2b4ac4eca77b80a00fd5cc3
iteration_755	25564	17110e893f7ce6bc4b44e87b1677a04810db4a8dd0ef33d5d8fa0bfa55e2c250
iteration_756	25579	354fe54bb5cb40eb8973810c6541b5cfacf9bf2b79d42e15a47dddf974682604
iteration_757	25628	173d737bf2810dec88516302ee64f9fe425e12e28246fa4fe44af7413842fb7b
iteration_758	25557	a27df49107c691fdd46ca3a3a78c23ef213f42485523d4c7cea794d19f57deff
iteration_759	25577	d426a013dd04942e51720e06faead7a1f482ed568215d00eeacb57dd47594aeb
iteration_760	25568	d766f937859aa1d0f76359fd405fa588b3c5565714c1a6d277061944987b2d18
iteration_761	25647	2d23d2b68214d301393fd2e7f3e27402afec02f7185321e63f55b05c04867339
iteration_762	25594	a0a6e2c898a79ede8a89c1aadcd273638d04c812e561fa978deaf7407228ec33
iteration_763	25592	a03981bdee4a3fda9dd3a6aab00d30005e92d1dd09235166ffaeac5ebab822f2
iteration_764	25604	655538271582f3a44918eb0b4884483540201a70f27bfa4b23f5ec4b20ee2ed4
iteration_765	25572	8b2d2d7e417b0649652fb8c0a49159ac1ff4f2b6d48d9ea5c4a2a5a3fb97097a
iteration_766	25609	cbb7294b0276cc55b8c7566549afbe41605cf18dffd57c2d897c3e924eed37f0
iteration_767	25638	d6c74e2edde39c5c89fde4e6d7c4d2580f4719aa887d054ce199f682dc84d7af
iteration_768	25652	84488e33a272e1a93f719cd204512fb4eb9d77ffec9a0876fe3867f840d737e7
iteration_769	25685	2684995eb8b53e5ccb0c37c62c3357163b1ae8bcd62ae0ba31ce410c27af4284
iteration_770	25673	8f9c32318b4386ea9617ed0ae0b7310814e593f701bbfda6fd5eeb28db935d35
iteration_771	25723	e5e967f2f65a19bc1c6494744c564e374ce5154265cdd7abb91b6168c54de057
iteration_772	25752	6b671d83de550574690d20296a4ef4236f4c280d444d5e1ab361d433bf170138
iteration_773	25773	684b612e85f2f905e18cb1783b581a7e373f1e0fe3dc4ea28c0b9cfe5249e1e2
iteration_774	25762	bd4aa8532a2b5159c5bc09fea48a0c29322c26cd577cb6fdfd9eef83333a16d9
iteration_775	25790	3b14aa7ce4b9eac1738a550eead089c73a7c8c11d6274e83c978cc428167722f
iteration_776	25786	efb0a51ffe3ca48835ca3da15c5627c6ee53f8c9f8631dae6d963acb33f1cc50
iteration_777	25824	021e64ad784509d7c821088fa487e158f85f4a0c640a1cc711285e1a1ebb592a
iteration_778	25803	2cce1e720139832d11bb640818b26e48e6fc40e9f656658c404ebe9ecffe2c8b
iteration_779	25788	4fbb9bb638c4147ce527f01c75a18737fdbc458db6344f2a736fb965986ff4ef
iteration_780	25731	98482c1c0fc0b9f2d26ed66eb6502361bca887eb61f59b6c466e03471ad1e97c
iteration_781	25745	4e807cf66f8ba9cdeabcfb7e0f73497ab506e8c515c523eae4faf2eca04d4eac
iteration_782	25734	727e1f186683475b9d87b6f4c4bf47ec2063de626b8b6889c6511397cc4979bd
iteration_783	25753	2bcbe82ec0d8712705a1b5d66105fd1580cc902a88499c29294ee2462510c623
iteration_784	25771	8ac4410e154d7db4060500b787a1645c4388feefb006744965382422dcf5150a
iteration_785	25805	001fceee19eb353058cf63774dfe71f273c319ebb0bb206b1efbdecf9a2e2bf1
iteration_786	25852	0fcfb3de21d4c8b23de05592bcb87adf749ed691ae4e38332d83fa1056da02bb
iteration_787	25894	5e92a9c732b9fcb73ccd651dc54a2be1b2b9c14ba5ee947078be4a9831f63bde
iteration_788	25930	7d8fa48c0aa558196305c2cb41469bb4343672af3eca470cf16ca62202f12be0
iteration_789	25925	a9eecc01aea85e6e83a8daca427f0ecf01dd14bf873d24741f58fa05f069ffc5
iteration_790	25886	19ecb97f2275ba57d188919c99a31df4847b8536c465b7c8e633db7fa1ceda4f
iteration_791	25954	ce45512088cacdd847a15f425ca03cc62d46f0d6fdb5d3c07589c3f333538045
iteration_792	25950	1202a70116c52fcdc235d8847da10dab0800fbf20439139bca2fe7ee222b10da
iteration_793	25960	d4e2099f5bb76376079bdaa824cb8c7ba23cfe638a8e7b350fd83e86224690ab
iteration_794	25944	39f841d6f8d3a870a8ccf1d5776f4b39717c3cbce5a9e8b307e08a294d199b91
iteration_795	25944	d1cb8d2531b7a02ea9f9ccf76b8627cc35ca9f58b87bbc8f121cc0a8240315d6
iteration_796	25960	c07e6db76f12fb8696f5b30c299322006f968bd4f425571528a0828825c43874
iteration_797	25983	4352bc845c812e7958fc2b568e3eaa08ae0a51a12998629df550251288026a87
iteration_798	25964	2a60f6a106e787011663e975c203b48a9df0af1b677c7045fac28cb4760a9405
iteration_799	25973	b67382c2a3453c50cb663a05ccfbe191fdcb76408ba47d940b3c72caab39f88a
iteration_800	25908	e695d8d419443c8e56e0d87730118d4f6277666ae89d599e2b0182172bf296e7
iteration_801	25879	36d7b08af4970d7da2cbda7ac503503e298c1d4771c2d8f3913b6db35f3b5b57
iteration_802	25886	55ca20dbf283b81ac90549cc4b89e1711dcdffb55e9e4eb6471f9224205400f7
iteration_803	25858	4362e87c5ab550a423c99f267305508f0db84dff1a5fee375f8f4e07373344d6
iteration_804	25858	1c4acdfe2dd795571a35e176967d7d008f553c7af3d322589663a3c77a45797b
iteration_805	25835	90912ccf6fce9c32f0a7ca1080b608ae4ade18748326a5971b19c8e48917d6d2
iteration_806	25820	380ec9c938bf175d53ce079bfe3946985ab6740d9571b17ba9d452b4793755e6
iteration_807	25860	ae8390f0645b4022b73c00ec03d9bb8a1609e81205574c4220a9233110e6d54b
iteration_808	25845	d18ff52d2ad5d567bb3b121bdfa09427d8e3871db6c9dbac63140ae9c499de4f
iteration_809	25913	a2c3258cf1024a0ae089dec3f1965d6f39264cc2fd2f2a6a76dae894f09243b5
iteration_810	25899	797a24a07d404d6b1820e7caa2fe891d68ba1d3b9ff2cfd766f6f88836d66055
iteration_811	25902	f4348d0917c951a43a9096f023dabc77c98cde95bfdb3d2b7841f0679dfb7067
iteration_812	25927	90c8f738e9f53e6eb2e62278044fa9548225134769c8534668b9fb83b7b65e17
iteration_813	25952	dc767833c3bc279e994f76529e45e8ebda3b23436983e0e5413115c94fd1103c
iteration_814	25914	36e1c6fb83b8253fa6a76f33c432dabc6159a06aec3a0fdf7e2a42ff4ef62387
iteration_815	25941	5c8d2680c8c911ceb787a20d0d332df9f32fa6cbfa755b2d40d141b59e70949d
iteration_816	25971	c3ab136bfe7a5702d41df8a1dabaefb819842e6b61ae967c35835ae67206d73d
iteration_817	25985	5fe46a4ebb0792c4ccc2eaf1756f3dde57d3d43fde10d4e31eceff508b9b30bc
iteration_818	25947	d468d51f8b640eb61bee04370fafd2207d5f94444489fdfb826d0b24caa0849d
iteration_819	25937	64b4d7bcbd1c5a2d4a7cb102b4eba55db3b669e123f616743a3334d482dea742
iteration_820	25877	39eb361964c1aa67650ecc61f4f7c2e021ffea79943b1af47b7c1fcf3f109290
iteration_821	25861	1f2cd2922eac33ef70f3bba1a91e7778d3e97d96a3bf8d2fd88fbcc28b2ff3c2
iteration_822	25858	cea327efb46002f4375e05f0c1b4e45b5a51161f24f6b4760fdbadb968abb2bb
iteration_823	25789	a5435b5ea04b8f0eea40e98a87d2ac1c8df331fba7e0dbceb057f8c778852b75
iteration_824	25804	7861bfc8619f0caa155259c7ffc57bac2cb72e356256b358393b50b3c8968878
iteration_825	25859	df9bb2def69694f712154677e0409dafa399c5da787829cc2d4c7797dc8abe46
iteration_826	25846	805866dac74db0017778ba92bbb0790c42c5c99b6fad5e101b2eec1c75b1aca8
iteration_827	25879	9e46659c5d2c3b6c26ed749fd42cfd17e83ee8d54880f2814d7e2e955db34900
iteration_828	25889	c38c2c9b3c2cee66cacfdcd0c3a7f52ddc9739a203748ca86c36a00704a3ab1e
iteration_829	25889	161813cac76d09a7d86983b5dca96fb300a3fc9c9e460a481fbe5f99b73a3101
iteration_830	25926	d8638f41376a70832995d88c68804e7ad8e96dc6583399405ecd377c02538cab
iteration_831	25941	34f92052e2c766c24ff5d210c2fa663454b47737fc25ea1a32a12effdfccbf24
iteration_832	25900	e32ac5c7c2006e5761a61c8aa962853ead8f86690e3c85d724d831734a873225
iteration_833	25913	7f67b3527dbfa7f83d9df09127796f697d29be596956dba6aec69df5948e4051
iteration_834	25931	da2c6637cafa46ffa07e54cb120a4344df88eaf639e732022fa33b90cba45d9b
iteration_835	25949	a3ea94ec8423c9b91de9af50bade95d4d20542994a6db4f42a1d146a730cade1
iteration_836	25944	14b7ab9e9190b69eab49468d678959f7d3ae2ccd3ea0dc9b3c7fbfa711a1620c
iteration_837	25936	e1df6a45be7254fabb2853c1a204f968ad2751d5b0748c8a7388f639a46ae39d
iteration_838	25940	dd4cba3ce53fe2c05e3963a6ed7e2863cd959521746fd6e5f9184f078e4367b9
iteration_839	25979	b06faf5457148061a985a1277b42f7a56a1f05a3cf7c224be70f0bde49af800e
iteration_840	25986	967d0eb3d3fd564e9b1c831eb6ec6bb09e8b61ded772bd9c947f13242c213ca3
iteration_841	26004	07d57325590cf15d95443bb4aea2a59107ef308da4b0f4ee77f189d08d01d675
iteration_842	25994	7a00643b66483334b096a2b202dfd312084a15947c9e0df5dacb8a9c13f52fa0
iteration_843	25981	d4006b21150830ff76d42010ebc17e27bfd99d555bbf0ba09867f7643495cff6
iteration_844	25962	4f8415722b96e4a41db99745cb575fdc8dd5388cbd72e99c05237a5ac769d98b
iteration_845	26002	f7bec32751869deef218e7852940d527bc409575fac23e39b34bbba299bdf5ae
iteration_846	26000	d899e7ccd7f9cc52e8e88bf1c838f8aba8c313f3920f838a004bfe0b20a633f6
iteration_847	26049	1731428f09b1e98eaa85624e2a93abe278b9362b05f1f78ba890ee18c932e16f
iteration_848	26041	1c01d38452fc57c84858c509f420c982bdfa00136f25109d976cd14afe82f0bf
iteration_849	26148	bdc7e2fd1752873a71b8425ab997aab705cbf1dfd22e37aaacaf61421a1c60ca
iteration_850	26125	4ac44fe4db53b6da1646be586299a47ffb72b2df275e98888b9fbaf952c38b4e
iteration_851	26167	c918bd0309021f99c444e048c587031cbd0e598b78be7b6fc1d309aeab2e09ae
iteration_852	26155	652411b89abe649d470f575aa27465c7437e8c8cbf1b6919668a14bdd1d8c8ab
iteration_853	26195	999cd9663dec9fd02f197d2af773e44d1654a84f4c283f62d3b7c4c6fbba0451
iteration_854	26180	8f8f101b81b67dea35e9fcad9f1f7d3f8e0c26543ff793660a9b3ba34351b431
iteration_855	26188	686099baf33393a128b9d73d5dd091df1531b7990b06c5b7bc8db58c60fb39ab
iteration_856	26194	df03d75e1fb45f78ed79c183c0df4f03eb7e6791820244cf1fb0c595b212ee53
iteration_857	26229	42c28d52b4893d2af49e119dccf186830fa9c0170bebfc0c95864c2282d2740c
iteration_858	26220	9a9bc574b162029188d94da61cb68ddbbb2233f6d6025c4b9afec7a7f235c62e
iteration_859	26193	be1488e26446737a159c2b6d2d1fbdbdae6fa6d802590ad63c7f349065704502
iteration_860	26206	c8a902d7e27ae39cf48b13bb46f5a82a3ad6b53340417520a38afc46152bdab9
iteration_861	26178	fe65673291a38f2531b12b43f22744e0c459f52a0964295f397a9cf9562cb809
iteration_862	26108	87f4a43c5b087cea8b2ee35f3ebf49737670ea6d1e6c2a6bb8c111638a35708d
iteration_863	26106	28f8c2846b6251688283065e5681e07fe2da12b2a8676fd5fd022ad363cd3044
iteration_864	26137	9445f17d068a83f78e83fc9ae933e3a34ee03227f7f79a13166107f30056b112
iteration_865	26180	5596e71de614c3d044d31ad3543cbae17bf8b2b373b1fbd9e62e7f537c64de9f
iteration_866	26123	4b803eca782476c544f23f6afec928a8b0dd69cfff6fb78ff4c84bf9a0eca2ac
iteration_867	26143	d1588c1af43d1d443ed828fab1e56e9f98c951b559fb60ebf59b1e790c5b0269
iteration_868	26136	750c3625e33f32d6d5ebd1eedd9bc14b86581b05f5b2134b0fda1fb7a9795065
iteration_869	26173	450304370d345cb345e119b7a4d11512f8583697694b96c2c3d98a605eef37ff
iteration_870	26224	e45066ffefa8b5b6125223828781d85da82516c214b3de20933157aecb3309dd
iteration_871	26238	e5c05bb4b8ead6cb65e7cea9b62c47a51e6082f0d496898d23e3f17bc63c682d
iteration_872	26245	780fe79aac1e944bf8975fbadc7ebdd7498e2efb3eb22ebf899836ea6921369d
iteration_873	26248	1a3afe52536bdfebf4eb5fb76f3aac0e9fcb7e414ff3bc51294d96f261977277
iteration_874	26267	5ccf4c400c500c753bdcf20103fd8e15eaa4d5510cd6b6e2e5d7b470e96b3a24
iteration_875	26308	6a947d7adfe58fce3efddeaed2a73f4107db86b32066d808da76528255d29676
iteration_876	26295	d01f3a443180c0e420cc1dcfe9b8b0a44b0993c212f93d148f2586e78535ea8f
iteration_877	26328	fbfdde38017f3126604f51f2ffec446da1f3918cffad807c5a9f7736d58652b2
iteration_878	26352	cd32979e51bcb6df80a9f734cd65976f3804c55318b1a73e8e7ab3aba7d5f62d
iteration_879	26360	2b5e8b55acbb3590c045085e1eb82e7806a65deab64dbe7979fcab52a3f85edd
iteration_880	26348	e4108d035e7dd6e9403a189d751957a0127622940e6f0ade125215339b7ae025
iteration_881	26361	432efcd77ba17ca3c9a4d513f57b2174c15c5b275511937a2a86fca741cbba12
iteration_882	26388	69c53ab4ac095ccb333532db838e6b9ee7e262d4890cc1b1e1bf0d3993b9d369
iteration_883	26359	f86982f072597f489f9a64c9884b1bba5e3348f217e56db3a239608b54d31b2a
iteration_884	26370	764a9bf5a086eea01f13a7d2f7c8708ba17a076d386659815c9a7421ce547583
iteration_885	26444	d70f4bf13c0b3267d0b13c9f83874e0af26b4db5e7002d188c6efd4c897c187f
iteration_886	26464	aaeba382bfcf53dbaaf10e3bf22b671ba3f41c497fcde11d70772b52e3eb73ec
iteration_887	26416	13fd7b71ca719fc42391eca086f5a7814929b6a77225cd130723948ec8c68952
iteration_888	26463	b9cbcf96c984201eaf369e9ab754c472b9d7c32a3325a0402e72baabf6794c29
iteration_889	26502	394077e594f4fd4f397803dba58d7f6ca83017290b2309d39c934f5abda756f7
iteration_890	26544	781c359bbb69dc1a16b657a4e9b50dddec22026a37f36697ef7e8231264faab4
iteration_891	26528	61f4f99bb975257b5d2348ec28edfeb8f74a20745e1d048f7e94dcae70827c49
iteration_892	26575	c0f186f69aa5229238b21ce36f4dbb756a7d600348d076d5de480f5b75bece5d
iteration_893	26594	45fb516a07848f025aa1b07546caf58ac978d0183e77f9d549f311f96daed1fc
iteration_894	26528	fea271fd296b0ad96022d588eb57652742ebdd96938c1da0533df0eaa869c879
iteration_895	26587	e5d9d5c8dc840c99f9fc657f95d29b16b5205fca6c7855d48f92fa6b0860ef30
iteration_896	26575	69778917ab7e7f7ca8e6b7a8b923db78e6af9584372d61f8a349fcabf8cf1cd2
iteration_897	26623	60b434bb9c79f0c1e33bc7604ea46687a9402755d29c12aabbba23c211deb3c0
iteration_898	26572	0c45628bef6f6793e44ad00530b95617055fbed4ccec6b72b0fa5b7e70182eb9
iteration_899	26575	acd1f1c95853596db8f42d5d10e1a6135c68da65e52c4acabdb0f1dafb103f5b
iteration_900	26577	2427c9dfed4d5ad869a94c023e8ebcfca6073aab80dec6abc3ecb9578e9d3c17
iteration_901	26578	26e67dccdf8f7ae4bba170bedc8f05c414907d5291d4d6567b0f859c62f4f92b
iteration_902	26605	bdb653c53d1919f096ca9aad1ee1effebc31aeeba250bd5a760ae44326081056
iteration_903	26648	bd7c4ab308255a290856c38b26b041ffa7935c543291efd77d9a850ee4b83c99
iteration_904	26614	55a5dcb4f323f5667ef2f208eb71bf1d196aa8577a6dd4ebc650495d7ab88096
iteration_905	26625	f513c9b65c771f01537c6cce86835a16f82f68f871c37bea3fc5f28c70c0b9f7
iteration_906	26650	27ce5b8530616cc4878241546693e13b123f4e79bedf4ffedea8cb5d02075673
iteration_907	26652	238b5df723ea77199f1254e7cfcca84f5cecb99ff6e2c4983a751027b045f76d
iteration_908	26695	440d462ab787c41d3560d7162d9ced8e8eb1bdfd31adf17c1c1f0aa939e0782e
iteration_909	26721	fc39b2838a3d6ee2b318510970e7773c1ee3e76a880d71b963653e19fa852491
iteration_910	26734	ce429189f74cf63b4e95a0f542ca89ff1f1406aaf85f3faf28a5b5938ae90ec9
iteration_911	26734	c7297842c72897f7a99ca97dfeec2a09bc5ebdaf36ba7a11fc9fceeb1bae3e98
iteration_912	26745	e96b1ad706642952f5a9fd46a91dace0933061d697ad319b03340e67c77a7eae
iteration_913	26756	5ed8843741752fdc2977ea0951cc8bb469c3abf51b841479cae1233cc94aba4e
iteration_914	26727	55c0d000aaac790cbf27ee469004196a98d6ebf8193b7a5d2c44c00e99e4a1e7
iteration_915	26687	f85fbbde0da71ec0956d9756cc8870afc97fb16ed2981977fa00a4f778f638c0
iteration_916	26705	7b111fe5f8e966210ec5ba6649258d1184eb6b09eb76bce2e71036f651e7a446
iteration_917	26751	4d7f162c7c1292b559fdd83267a15e3a6643a99d81ec494d084e7424f83cd9eb
iteration_918	26759	56257e5b8217fcba1f3fdaeeee806472f4b726a117987a180a54d0c4cb70f293
iteration_919	26781	20e59016a6dfc6b34586f7072b6a20710e77c10db60d91e69855234a84e5e6e8
iteration_920	26687	45194969825b1eec385673b3c2d8bc7e894863fe2c5aa448ce6c2c9afd7db779
iteration_921	26669	dbd62df1c187c9f48bc43241fe1a20d1e7b73a2f2c25bf057f6773d39568c6d8
iteration_922	26641	fe8b55c151000d68b16944e873f12d4b3b7e174ed4aaa8c777dc79aa706bf0bf
iteration_923	26652	b5bce9c35431d5bd05ade2e97fd8b05a80a891d31fcf65af71c83e73524db74b
iteration_924	26661	0d9205a571e9bbfdcf79457722d86ec197916b4714dfe34430f5f8a673e2d637
iteration_925	26575	33fccd083cd4c3daee3cac3f07440439bdb82c7920f66e9758b16cb40e8d26b0
iteration_926	26588	479fb33b6f8c82166f2508529be6df472c2ea2b0deb3175af65dbf11bc49a237
iteration_927	26627	ef848751c155d06db1ab89891acd6f525cd2499e6cfbe5a1333ad65698a3e676
iteration_928	26684	39e7973f7290086247c5a90bef602ac271aaacf92a1698f50b2cfaa0b1564489
iteration_929	26661	c6c1f9161337ebcd348fc2f39f67f641e9aafbd830e632172dd2a74ea759d1e9
iteration_930	26710	854681a6398358bcfbe419fd5463dfd7c03759418c3ccd35c3e0041ae8d1a7a4
iteration_931	26702	9758e022c7ed75d6ced60fe6293f1fc79e0a965b5a6e26f1c152dbe4b9e94af3
iteration_932	26694	0687600a75a0161073840903392eabb9d7c1d3c1d41e808b8e6288adb41df17b
iteration_933	26721	edc244962163cd9aa18f2b3a8422a5c9a19477940bc8639ffc080235c0a1593d
iteration_934	26732	dddbc447f0e2eee02d3f31bdd3e729194474e8c0bde00759ba111adc1c429baa
iteration_935	26740	4fb38eef7353e54c2ee00625cd43f587903ae9cfcd930276ea59f0a5accfbe54
iteration_936	26756	33f9a4e550817b15035ef64acc77eaddba71833d8adb63cb10965ff0824575ae
iteration_937	26755	f10bd120b27f227b5e06547f75728e64ca741dce3a1a8de6ca24d7c15f199aaa
iteration_938	26748	6a41b57a4fe545f2ce11e0043b607687e615450980de1951333f7f248db5ecb8
iteration_939	26790	51aabf37859c253f633e550bf943e977ec737cb2d81c8c91bef1734f438b3920
iteration_940	26747	60d710b668ea9014dfd4f6b184c4b271fa3a3081d0728f322c5339b04fcebb3e
iteration_941	26770	6d2f7e4c085a719551a0fa245e37feb57c3c4fd2e725e54bfa0c038ff4f0b860
iteration_942	26700	e0cccc35dd5f9ef8a0ed6a6092d8c80e10238b758d35164cc41f386b5197fd75
iteration_943	26688	4dc883d285af310bd78f64827c4abcebb20f8757ea67ae35ebc6ea6a40302ebd
iteration_944	26682	0b02f0157f4a8f2f4740c44b62d1e52f121bcc7c8a5db371d22cf066e0457a40
iteration_945	26718	46c061c39e1f881603bb72dca086b25f6fecafd6acc244aab663815f39f77f28
iteration_946	26737	13ec8e5b258edc0493a4365b7cb76bf2d99b6760472d8433baac74198d5d4124
iteration_947	26758	87df2fbc74795dc783359ee3a2200c0d3c3c2b25ddde7cbb74826871848e31af
iteration_948	26751	c6d37b83ccbd51f97b4001481a17d78d5059568cb7a7b8d0848b215f56ddee1e
iteration_949	26777	dcb8d4af6b58039ababededeec28f8894293a67651c89bc051884866dbec1c86
iteration_950	26782	4c122f4033655ccddfcce7c8b511c6539c814e648f09668f73c8eeb39023117c
iteration_951	26776	ce67921cd5f8a83e39c06a1ee602c78ba3cb0b5b93cb79371b77c7dd50f718cd
iteration_952	26793	0c0d6bd78e9b8a0f3852eb97a53036619805646dfbb187197836dbb9241a85c6
iteration_953	26787	fb74d378d974c90a8b3687d3a3cb3f6a9c7d0439493c194baf39d7f1f342bc9b
iteration_954	26815	ab8be97b865c5c6e1c5598db7b3963e4d71fd9c66af52bff16a7ba6995aabb7f
iteration_955	26840	3e442f0394b9b3aa594112ea2f986eaada8f6e933e86805b6db32c8dc7d55251
iteration_956	26818	dcaf7f85bc98e92f0e5f27e5167ebb3e8cf25d9f1e9f5fc90cdf0668ee99090d
iteration_957	26875	8954a02bdd17c41e4a98c9c2294c442ef84d65db7584ca1891dafda95085e4eb
iteration_958	26832	7d83f34a6ff1b8be2a74c2d06e3bdbb7bc88febf6d8ffb6bce799d3b69228d30
iteration_959	26860	9140a76e1dbd85dff30fcc119cee7e9a067ecae29b46fd413ec6d37a2ad77c6e
iteration_960	26845	09e040a3a4e8d271f1c307f15252504602d46313567bf0dfdf41bf478a9c4841
iteration_961	26793	6649dca7cda24a1f2de5c62c651f59b8e116bf0ea0d272fbe8244207c749767a
iteration_962	26824	60c41504c85d470daee9a224283fbf1da3b7e23293c804d9ee5da72f579ef64e
iteration_963	26837	523194dfe10b574d3f8bf0b2c7cf1180f5b11a616e488c2f141ca8e6d51c3b06
iteration_964	26794	e1a107ba4f1514a65ea6a1622302a1ed0f6dc71504e1a59a2206e7bdcd50c84f
iteration_965	26824	5a1bfced14e91d54fb5733fb51f32edde411bb0c3f49d13bf29b9846e0e550b3
iteration_966	26865	fc82bcc3c6429c840e6bde56a8e2ee327dc7cfc8d88e9fc9cf78379d9ed80966
iteration_967	26927	34f6a430329c36991ea83fa9653bceb8da79e44e4763c03f059762c6c3f28b58
iteration_968	26925	b2c92aa18fab5f7e8a29b6163c0bc729801fa48b14bde62cd896113235938f3f
iteration_969	26966	a165bd04b09d8d010cbb4f7781c4e72570c8a1a2cf6c6d8a67f84b355248c50a
iteration_970	26963	2ed8306ec2db89becd2339c7ca8440409245340dd7b45bd41570485a3b3b6eb8
iteration_971	27004	d176e9bdb4f1322f44dff4e3ec1ced64d692490c0c6b8813555ad037c3caa9ea
iteration_972	27027	beb374ac450da788945d9a86438925761de9ffb2fe7d7071c70a756680fb9d73
iteration_973	27016	52dacf56cbdd3c0f767d552320ecf7a8a7479a50a35450bc0c1601afa2fb42b7
iteration_974	27035	adb91da78b2fa3f900a332c325d493d8acee174c227b09dd0f17b4ee91447e06
iteration_975	27065	8d228f07d83db99fdacc910cdf81f8f6d10149636d85dd831f86fae01c28d7de
iteration_976	27056	d15a25f2794bcd23809363ac21ce15c89824085a1d53dd7edf80c7db0efbeb9f
iteration_977	27102	cd9b96897182810c9d418ba2c1d08f305212e909d9fd07576d142b90f680fa79
iteration_978	27035	9dd694de7bdb95f675917c6e5450b6a05e8f4004f95e04847a4fd08a0d152da5
iteration_979	27014	9077067ef448c126aa2d3a9d0372b50b6e20d28d86d8387838f0500855cae55f
iteration_980	27004	a6d8d7b54bcbcffdf21d39e1bef8883f64ddac054929260265f0c0b985e3ee11
iteration_981	27023	cd81ec212f8afbcb6ba33dfa0a5e12c9474ef3a5f5c88632414b84278e90424a
iteration_982	26935	19ceceda9da39349879e4a0d5ec1ce64d8b1a53b4a67027d696703f53ad7163b
iteration_983	26967	1ba94b49ad16be54a214b0a3fcd6c6e03c9ff1276954b38ef9855e069a6a3fa9
iteration_984	26942	2f1a06e966b1fa1523b73d6265acf9918f3ecf05141d484f9867a8ac094865fb
iteration_985	26948	f69c1b737a563b27de90bc01982a32d5aba22e071e0a0058cd1bfe0d7d53403e
iteration_986	26924	2ab71e985527def7b382447a7fcd1032538650cd966631ab59bb744c5858a290
iteration_987	26965	2bde421d41716c6c5eca34fa2f68b28f5816901fd36e4a5cd0c2571982d35e4c
iteration_988	26993	823b874028cc4e2d6b9940056ef14749999adacd4a3c506199f460c15d37dc91
iteration_989	27031	602826a1ac109b91de9dc8c97e58143fe42c1c957806e8d9c8e14d608043890d
iteration_990	27083	ba0f90f359b23d6cc4e7d89807eada5ca2e7382f06085482fb95497763540f3c
iteration_991	27093	4bfed88b75019dff1f82b235484d82d27b6e11d7d09fb83a7ebb39abe198e839
iteration_992	27094	06d818df25afc7a67948b794d15884625b3beb7583b9ce4d06cd793cedba7529
iteration_993	27119	5aaf8d16e079125eb56f363747054df3a1123c82bb309f01b37d927c538c833a
iteration_994	27155	dceb64db12c97927844563e6682866b3109cd05c5499de091660c44977f3157e
iteration_995	27179	1209512e1092c12a6f97f7b3c6b78849b8f2b2f0b1025f0be82e92302ec2ae1a
iteration_996	27212	0be5ad7dda99ead41573aa7f9bcbe3347d223d6f3230b08814619957a4ae2289
iteration_997	27190	1d1673ed552b70fd364906958e2c18c5ee1e4f5c53e2de81d3d29e714f887a2e
iteration_998	27202	9ea29d5dd9a4fbb2e474438e1512eb19e781be09113893e645c4347000a28ab8
iteration_999	27182	1523dc32c84990e71267db7bbcb37551dcbef6478b3d75ad8ac67b55e4161cca
iteration_1000	27203	a7836e390d12d00ccef1082a0f5e3da4fc3599f5f6eae02cddd07e0e908fe1cb
iteration_1001	27217	ba981225fe801771f368e1f3dd3e3552d1c744e499a85d50419313f4b003df08
iteration_1002	27229	f5995ca50d295510375b0e1a19f62a4bf4de7509b217fc24d21f70d0f393abea
iteration_1003	27198	6b6b575921fa10e1bf652c372ac123dec807ef6191887cd2d01f2a59268c4a6e
iteration_1004	27161	ecd8f8f006bb7aa757280de77d18950fc4eae06fcfe5d2666a8e5cdce25fdef0
iteration_1005	27093	23d5ab01a877b1730039340e47df1c8c3a3a1cd3c93686f83329adb8174264b8
iteration_1006	27095	4faf519dce148ea2e04d2ca62c3f31d7136b3069bf97ddafb3a0d2d44bfc849b
iteration_1007	27142	0fd34beb6586b89c3d4c189863632ba7df3a01bfa71f7e123e1925aed853d8dc
iteration_1008	27129	8e06a4d8bad51350204a8396fb6a3149c723c3a9afeb00a685520f3e3473506b
iteration_1009	27147	02020000e6d7100ef3f8f7fa43892774c7cea349cb055f1728c98f16dd50ea3b
iteration_1010	27205	7b4f133fbbb0eb66601148b1f80b07942b519e3d90b7d5d214286d3fbf543656
iteration_1011	27201	39308336fbd830de0ccfe7c83e90947a835a76e1e82f9357f69c9bd80ddf94ef
iteration_1012	27172	8ba878fb474bbb39e6f4f81d394b5f66f0567f6043c8ef805d5c4bc0d93d5de9
iteration_1013	27139	75aac1612f605ed30e17b18a8b5f01cae0a12382db2fe71492168e86298b6995
iteration_1014	27143	2cc3b3a43715ab9a38634fb8523bef0d697512d2bce13af81bbdabd49a9eccca
iteration_1015	27138	0ee50b2baf0de103b55a3cc87d067e428e3a9451ac27ef305c8f427c6fbdfe35
iteration_1016	27140	70fefdb9e31955ca259d70d8b25846e2507d514ed81c797293a97e70f94b869e
iteration_1017	27016	d4f6b2df612d834f049de0004e46bf392d98ca35a21b1b380c98ae7f00bc003f
iteration_1018	27008	08ded300755076db9183dc618b01ac913088a4ebdf8534fd8a356efb0a605a74
iteration_1019	27005	1f2a654ed0a4cfa9c1849817581ef8b6d66d645dddb2cbd8704ab31403aa9fa0
iteration_1020	27027	cb73fc3b8b9e14373288d2ce028466ceff1dd84680605c85b58c43cebef61c1b
iteration_1021	27051	88b450399d335b6eba2aa0c97f9948f8e1cd89115807bf9c9aaa6a16830ebd72
iteration_1022	27081	cddd48c15e9767fe2427a9a8c3891f170ead8635582c3579ce0676215ce1ae81
iteration_1023	27130	791c1333c90c4bc34000c2a849f7ac63eaf17105c5f421e11d7db9f66cfa86e6
iteration_1024	27095	1c7895cea9ba899e2912d4b1bc044f82fd5b79cf10122036fb978a8aea1e1f33
iteration_1025	27150	37de75b3f8a95171f03649f26a8d0851a13e11934144c6a4d1d63cbc91df3f8d
iteration_1026	27140	2dae39cf757c702dd613d1929d7355c69fde1385357f1208309e2b55f0e00706
iteration_1027	27210	f5b723de6f86d6b58e18a1b9bc7db6e0eb821c00a83161659569e8644f3fb38b
iteration_1028	27280	d228efb437db835aa1e5975b69e29d4f55f5220b1eca52418705bbf20e0acb87
iteration_1029	27293	88695f23df316c52d4be3834132f599d6124433be30283f1f1bee5025f1149d5
iteration_1030	27320	c2a54042dd1f72581bec8c67c2d054690783bf7931f86969695f880fc7a9c2d2
iteration_1031	27320	7dcc1d0a7dd43d056bd1dad5f09a00c6c2a96d494f95c296cdeafcf9c3265438
iteration_1032	27278	05f461998310d9f5712f8dfbdffdafdaf1303921b57067807c2d9fe07fe74e01
iteration_1033	27304	d7dc548407141e7feb18cc02e8ff1af8b929b89eaee96c8eca8e8fcc30fb80c3
iteration_1034	27268	a48271869c49d53bbafc1aecd4130bb69a37af7f369692db193c90beacf80356
iteration_1035	27292	82ebe5e5d16a2f6e8a46da6c53ff8a925efb3da7bde131aea05c05ae0d79cfeb
iteration_1036	27319	d92fa630620cbf8531fd6e60b248c3fb24ec0ec797c67e765bba2bd3843640a7
iteration_1037	27322	17479e7d830879d2edb81d466fb9d6e984c0f8197b48232481a71cf00417f788
iteration_1038	27353	890e868fc3a129db4b37a025c0e2047db94c75cf5dcd933eba4fbefb61e64e05
iteration_1039	27323	49f69c1ea85103d246129523ad195f2fcdba7562caa316934f212a803ed7d0b4
iteration_1040	27248	bcaba86dfa8c8b3578ea1f190034475fd5782866577e7b812349cf4eb15c0cbc
iteration_1041	27293	1dc6ea529544f7eca89a3280f2f1860075a5961d395b9fc767198a2e76c3242d
iteration_1042	27297	4b8a3fab53554306386d5d24b0b6ccda89f3b1050fb30be347fc41960202f9ed
iteration_1043	27345	75b2397cd23268148d0962b08022d2f8f0fe190eac6dcc40c3a05be1cc82a6f7
iteration_1044	27367	1cc680bb9b14882b823b0de68defb79c0713bf10276c9db3623e85595bc169ad
iteration_1045	27377	4f8c848c225df36d983e7c389512f2b52d74dd56ad4414ee1848c89895262f5e
iteration_1046	27396	4a96d37018b861fcb2eb4becf514c7ee58cb5b757a281f0a80a25112be45a6bc
iteration_1047	27425	75455c8b06b1f67f95f41ff4a4e4a914b530fdf52ba8ab9e7edb521baab0f3a8
iteration_1048	27471	df0f88f8becd03e70b1c5eaf7d32f110674ac25e4a8706ceeeb745bbd31479da
iteration_1049	27524	02b5938eab9083a01885deca89da6ea71dee65a2914d8c5cf4a0e8d64fd29d46
iteration_1050	27470	38ab39ac5f6c94ac16b9abee09057464d56d4bba62cfd60c54af7b960e12c09d
iteration_1051	27476	f30cb502a6f4dd68dbb362080da461f317e31bdf8de2e6fe9de831848d423c5c
iteration_1052	27452	0fa27626199963684acad119bdc324c4ce375ed8767b277f926100b972970af3
iteration_1053	27435	fa95eb458760c97dac473bb3864f3cbd269ae747099afc8f4024f7e9c87e2a44
iteration_1054	27448	6bafc4f712f29de64e9a1e2b6164efb5ada423966c18a8f492ca9296e65b24f7
iteration_1055	27306	3a2905e926fe2b1b8d9e21bd1159d1631d27982a5f21c8743087c10aa6219467
iteration_1056	27275	dc251e247fadc79290ae989df069ff1136417ef4d70046836765cd7e003ac80b
iteration_1057	27196	fd4996db733b0ec282828cf5c81cd455ce46bf7089522cc465e8aaee6767519d
iteration_1058	27205	f0f4e2b2f36f6636dc2215b1b8c2d5078524574dd7f794cf9b8c50c2dd5cbb06
iteration_1059	27150	c5555506775be4e11c195eab40458581aa6d22c29b033915122a031e1249178d
iteration_1060	27214	1fae5557eae5d6b0b02d8eae7d3e26ec795c6dbcfd5280d113c31cb10b2bf348
iteration_1061	27244	79e0112f3bf200ca02b503afb2f2609a78c17f41fe01ecc7cd1f3bd3834e17a1
iteration_1062	27323	31f53173fe5cdf3b1cd1b1db0ef071af6062896b2d7d3434f9d7006834b56816
iteration_1063	27364	395197b6fefe19edbea8a85177adfc792a16ba1f0210ffa900a92182a4545c4f
iteration_1064	27396	00718fc7163c060807fa2d225f449c76aa6dce16c61faf174d34de506ddf4f2e
iteration_1065	27398	23efa64d3bde8b09a76b678de5cf0072c6f706d53758c5e9d6680bdd4c68f312
iteration_1066	27424	3d1b59874fab32fda6691be84940ae81a5985d996d14da9ffa41d3e8ff301b71
iteration_1067	27392	9092df6dbf1aef9025b07098472966fa3dd611bcbacb58fe37763c15852e9858
iteration_1068	27338	b284ad59402a6e17b32dc380f70eee1cf510a17b09d5e9d8ad5ca6c648bfd8c5
iteration_1069	27381	0ed18fd1e4a3574fa2c61f6067427cdd16765344f37a5e5b5600f0b00cf97056
iteration_1070	27359	b2a334f44628da663bfe562a6ace375a969eb7550091c3e0d6a1635d6ab8edd4
iteration_1071	27307	5e37359a189eeca5965b286eab156804a5b56dae6d7eb1639077d2efe1a60181
iteration_1072	27305	60529a820b99e3fbfeadb543cedd2dfa4e7f0dacb37b612c9755bccd0cf07a78
iteration_1073	27317	0e33b7814d14cc5b00fe4f2b4900c838b1070946a5b5db4109fe25d3b4f8843c
iteration_1074	27251	ad8b643329dcdb81a4c7cf4e8fd8cf9cfff70616e21232c86272394ddd24bb60
iteration_1075	27260	39448fc87e8dddcf1c8a2f69f79ef549525b16225a7d6af7f5133b857103479f
iteration_1076	27287	e0372bd803e595cb2536a6f2bea41088d775ef43af3cec00fde9ec4e07e976d7
iteration_1077	27298	233910e8f21de54a4dcdec9694182144409b92d9fe5f40abaf1bbea5cf4e915e
iteration_1078	27321	869599dee80b211e5f2dec62aacafd1dc664aa27107a2d366d94c6baee951b0a
iteration_1079	27340	e782e8b48d6f85ec374231556d5c87e67ef4f3cd8709c098712a768d402ceab1
iteration_1080	27330	8657434f2ddf04e82f0e98d8c6c3c08273198d24b9669be1db7118fd7c9eb42e
iteration_1081	27320	f16565a51a943d4d2fb82172ca4327c13171ec38d1254b29e57ec37df9a30e83
iteration_1082	27348	768ba216ebe95d02eb9cd45d0a275963ad0a82c8ac0b31b5fc227fcc085a74f8
iteration_1083	27326	3820bb3cd23eaeb545f96d2907d9e1733345589821116b908de13067a900ca03
iteration_1084	27377	fbaf693fcae2d09f98c0ff88703aaf9e25707ca6a8d4b2e405365f517058d8ff
iteration_1085	27369	321e0e58ad75a5625896b0d818f02ab5cc0229dd6aea9001aa76a4accfdeb259
iteration_1086	27384	61c3cbc8ca096e569996eaaaa27fc167362e91e39c4840bb3d663cc9af3fe476
iteration_1087	27382	b5662b22edd1d40032da858ddb0ed7d5bfcd314d8e15bd4fa6c218642e0d42a7
iteration_1088	27414	58dd83e495aa28c53b0d1009112d9e66c0b2e9e20d90a01a51257bd48a418cbe
iteration_1089	27361	1d6f1ef29d4825a95ec2e15bdc8404c27da8b7f921434c8d7607e3689b9aba43
iteration_1090	27372	f71889a6fbd956df20bd92117b110116673fb839697f948c15cce8505fd82b04
iteration_1091	27383	f64aea6109827bc04a472decadba4b6282aa4769dfda0334a0b53198ddb51bf0
iteration_1092	27379	4478f7522000e587ddd5cea0b5c715c58fd4b86177e92d9399b6465a511caa25
iteration_1093	27320	6a3d294c8d0e8865bb29b44626e6f22db20e806b9ff15af3623a79b1c132e6cb
iteration_1094	27262	744c444c6b00f0a6aff472f3d9a791d6c4593157ae802d6569aba3c19982a4ce
iteration_1095	27273	ca9fa16c61955f0acc9de73c1e89b9826ec13bdfb623cf74251765f68d6af851
iteration_1096	27288	668ff53967da1746aad530f374884857033d3ddc5a0d54aa6770a5f4772950f0
iteration_1097	27345	d46c4e9ea71f48e2cb18777f1fe6572226c925047e6501c5402469967e025624
iteration_1098	27360	f1c73641b373ced69fce8c7dfa9d9bee85ea8f9caeed3f73c3c6f678ac0495f0
iteration_1099	27381	1fe93bff122d53bd46f7def9b651b9d5838f8c5797da5d9166390a8c25ce8726
iteration_1100	27386	9eb47d9c54a64cd9b0ff77ae4e1e4b3e74e341f1271df794a51bdfc9b1c24d91
iteration_1101	27455	0629d6033cf5d4a7693be3580b68aca39cac63ef10c9f2270d16f0d532260fba
iteration_1102	27450	88ad86633a36df2b5a059168d5d863f72556f39a44fb54a9a1d25d21c765da6a
iteration_1103	27480	0fac776564169e799ce945df68ebb7633ac615d2d5337f95aa4f0361fe5d23bc
iteration_1104	27504	943c7171d681f555d1337f3e293f1eb1a7d749af8d2754c630ff36252d4dad3b
iteration_1105	27512	cb6619a4fbc0fb1db0a7a2971553c1cb2979e79ab2258d2de45d89e2c917fd38
iteration_1106	27538	e2972fc45a9d9c03981331a807e032ebb975ade43f76452beb059379fea297db
iteration_1107	27504	08a3ea1af3a64466189b6503c017b353d0bb730f481b573fee7acf84d33e21d7
iteration_1108	27521	6a40979c320f0dd51480fe94cd743d0f542cd05a8f5046a733319454813b6e4e
iteration_1109	27514	6c34477e2b9531a414a3f07f7b215c6c144c9ce39c2f9121a857a1157916e40b
iteration_1110	27521	dfe73739c7a0a0266dd5f9d170714d6e1cce9e9f54a4c1fec499866e950b8f77
iteration_1111	27430	e00f22568ad922b3c36cb56b34bdea0e4d4f40419593801591392a56145b75f6
iteration_1112	27505	a57192900734b4ff98f9dbefcd8fc22653a67b2f9908b31d45c8a73a1f2fb257
iteration_1113	27447	c289c83ceda09d9549b56cf3619a6a2e9feea50d38dd1e886adc3c6cc9326a4f
iteration_1114	27485	9c1d9ff181d4a4ec1175080e994453f005415a0fdaaf53df8149bdca12f1cfb8
iteration_1115	27477	03a43b770f2496daec2ef8b16d47e41eb75c62278755a796cd2a756ee4641186
iteration_1116	27482	8b1c68af91841548b5a91c4eb2e76448d83366c03cd10c6fe0056861f90175ff
iteration_1117	27549	c21741fdbc94ced732eb6fe77c2b215aa5266836975149741ac7f08303358982
iteration_1118	27539	f25a48cdbedf2de6d1ea647f6356633ebaaffb4a7ed62d2d57b0952997704474
iteration_1119	27583	acb017e49c490e7ec5ee59f291a44e2a9665d63f465d2fb39758eeb55964fdf1
iteration_1120	27572	d141c8e85a8adc8f24e268c53d2b30a90e186271854f5038af506ad27f0c6428
iteration_1121	27622	622b2f0bc8317abe52af150982e1f5f5ec15760e06dced5d9ca7107b9896b91c
iteration_1122	27635	f59b1ebca278f4d7ec86cd25ede7760c2ae8e279fa263d3ec942acbd065b059f
iteration_1123	27591	5faec1c5580adfa558ffca051e746aaceb85236c4475ec26b12789748d53cfcd
iteration_1124	27549	38e00eab9b2cd00cb2e153758f40608b67fd6419abafb964cfe4ed3d34792e1b
iteration_1125	27548	ce63a0efcb0c99adaefa0cff6f7e0b83609552e4b9e337879de9d33ee6e1f6cc
iteration_1126	27575	b5884eade75d658dd6292212314a31279470b217969ecfeea6c0f78c2122f081
iteration_1127	27512	a2d6db550ac01ef247d9f985e38aff67be51aa2ce3cde0aa7b0014f3a3dde89f
iteration_1128	27525	e77b832b8a7b4cb05b70d4ed7482044e41840ece66a89d756ccce5177fd28291
iteration_1129	27509	c2df0c9c7c3756e5dc8a527beebd713b5c1b976374cacfae65a3d1c33857ccc1
iteration_1130	27523	e46194b133353e1b1069521d11855719ccc542041833b0bcda0c06474e3aaf7a
iteration_1131	27508	b7a9493897e3caa4a5dd3c326b0e525bf92383ae9693f2738e55e9508cdc3ae9
iteration_1132	27488	eef655197e5380136a356512336a3c48b435acac53eb6c34c9156978936b4f80
iteration_1133	27473	2251c872e1004d55f59e3f3a3c03de3911bf8beeb44601e22bee8faf7dc02bc6
iteration_1134	27499	95da9a0c1cb3109381343f5645631df35c117ec49834472a907c98426c0941e8
iteration_1135	27506	000063522901cdad4bd0924b6ef4e178a9b023241f344ccce2a0449b1c1d93b6
iteration_1136	27508	a657915bf87ddef7f9696ee9041ac209b5f74e427a5fa2e576d4c3eda7294da1
iteration_1137	27551	df3fc22d7daf269162601e386ed8e4d782b618d56ba81d1284d5e86695518e03
iteration_1138	27566	e296e22acc14bea7c0af792283fc3595176dea9151db13baf663f632e78e55bb
iteration_1139	27598	f041392ef2c8b3a4a126b9260b7abeacffa6973b5b5d93778e7229af5441878e
iteration_1140	27634	b35fbba37a28e4d786316e387209d4cce91d451ca36b49972ee3b913675a3b8b
iteration_1141	27612	3cf96b464035f15e71d251e769b2018b452897238d29e55846639a40d09a6ddf
iteration_1142	27569	97927025007e1795bdfe24b10c809131c9dd6ec8f335603b4210a34f905b723d
iteration_1143	27571	d2da56362645cb41d6ff030577e1f7187e2257cf0aade87b681efcb65bb7aa24
iteration_1144	27606	5302a7a65de5221a5389702f8811f337db74b50dc022f70a60fe82429ad8d77b
iteration_1145	27531	e71ff4ea440d4487ff96b5c0df4125d19f0f4d0a93a0fb0c2639d171fd67a00e
iteration_1146	27527	654b8362b29ed82b18e3129ab2ec3f52ae20cf405c3a9a4219bdf7dc7e208331
iteration_1147	27491	b43aca22b924f09dda35409e14440dce9a6421cf668b5e9bdd332525c1d4e0a8
iteration_1148	27512	b0bff09dc13312d09ba29a45f31d3835027fdffd075bcca912312cb85875bf91
iteration_1149	27487	0d271a9ad8e54f10d506fcd6fc567b692d97846981392dbf7f7ae6169f3e10c8
iteration_1150	27545	10d3e11391a42990d0118084be984f5c9205157bc3aa09a9c17e66908dffe4ff
iteration_1151	27501	ffeaf69c07a585fccf2510b660012526cb9934aec05364afb6928f11d26c2c97
iteration_1152	27471	9345f1d8b1c57dbd92a56f4c2ec224a2e838e2e7c6c6824a5c831f217bc780f1
iteration_1153	27562	da4dc77403f408a0796ebb718fe2c719e46dab39ac0476d6769c5c2284e7c783
iteration_1154	27598	12e7038c4af10efbf34cec41edd81f0e326aa67ee176bc59022bf3ad4b973e63
iteration_1155	27641	7d364798d18a2a3d6e8b6d71bad990867777efc37f83ac4b888131732ad9849e
iteration_1156	27664	47f6d0977d4f71b4b8dab2363d4c57726978051e0c04c79f90088f3900068b76
iteration_1157	27565	f1f5dc3461e68e371d90d6384cd41a7686d0d1354f6eb2fd715a7cf63377e8e6
iteration_1158	27636	26db15754185b798b186a9da35191d5550049e0492b999257ff41fe4abd498b7
iteration_1159	27673	f6dcde09589014876dcef374474e9ea460acdcb446f6b9dfcb63713418e6a39e
iteration_1160	27663	c40501ff313a264ce6b9b18e4777d477a6f8f4481c576abaf2ed07f8a3e19fbb
iteration_1161	27712	16b7bd619dfb5d0f9c9113c95fda69b011da0887e31362c18af8baeaf7e8709c
iteration_1162	27690	0f3e4b6d18f1be583d08ba81d4eb7d76131b11fa3a168ba1c3092df39a7035b9
iteration_1163	27666	25e71bcb90c8d0a2f8b697e2b4d5f20b783c94a356e6f81cecfcbe1a475965f7
iteration_1164	27685	d9683dff6f24e283332b3f31ab2a621d115291955ddf5d12916710310f66e7b3
iteration_1165	27670	eb67cef478b04b263934e1610689e5b8fbe3c548138ce791e3acafa73523b3f3
iteration_1166	27711	30bd16a6b1ad7cbab29ff871f66a4cc23a7145ebbda7027c881bbb5a46b51766
iteration_1167	27677	8579f829ecb220a1f88325a81d8aebd20f0437fc97811d75328b43eacdfded31
iteration_1168	27686	cb1229ec7f2702d366983504bd3411b20ba34149f17d3ba293f06d498449f3a7
iteration_1169	27730	b6247fdb4a78d682c75d5343ef8fffee9a41b0cdbd8b39ce78b342a486ce0061
iteration_1170	27683	91610f60088fef4e50857aaae8f942133bbc4abd0b78082a2c49f62528d812d8
iteration_1171	27698	b66125e88fc3e5b7b802d0cacdbcc1c965e298d4e7edf71711b932d973f46b39
iteration_1172	27720	5e1ca875796a708b37ed3362ff08d0022cec3cda8b4978670bd59dcc6e73367e
iteration_1173	27778	37e1040fe0caf180e24b2d1c93362f90801ab85f06b623854ea43b7133c81470
iteration_1174	27778	4823b8598e92e5ca488131cfb4efed1cdbf411e7d1249d75cb1c35322f51256a
iteration_1175	27803	a4a4e14f7ebe867093143d1dacc0f15c2e9d8717ce42d0bc0e62a3bf8b8c21b4
iteration_1176	27785	f1f8fbfa0fb9f6a3475615d3833be7cd8134b9d88560251a1949a820d554225d
iteration_1177	27821	c16d0ec3b85d5f6c6ca8e0da9f7da44a2aba2356095cbdfc4fecb8087b717c54
iteration_1178	27851	6c087e73b9bfd7bdda2cc71d2e1dcf0cf6a6e86c3c0e43652d435fde88c61aea
iteration_1179	27819	46aec662f3be8381e54d01397c9f9a89dc04b9ac668f5e2e2a99f41e4f13c729
iteration_1180	27803	6ca3eb8556339e442af9c56d3fd446c2a89171cc238bcbda67d59c6533289251
iteration_1181	27835	c1dc1951cf7d8aefa48c92dba26d138993d5012215efba806d8683407f0690cc
iteration_1182	27807	a019cb5864a8aa94fdf3bd5a9a151439ba30818ec454a417bca86413f00a9b6f
iteration_1183	27823	d40b1c8c356ed479093712fc1cc2c51384d78f5358f0daad4215a24e5d12bd9a
iteration_1184	27808	9358492fab34bd8995935e2d6a7c7ade5f205096bdd0bc29a2d0f6ce5d126b2a
iteration_1185	27782	0e6a80182ac9e37d70bb14c9c1a5819d435e075376bebc568011635f91bacac1
iteration_1186	27766	d7c3e3d26306b359e04187c99316b11b92191cdeeda36bed54b3b32c7672daad
iteration_1187	27754	a1ff28fbb78868a6d5e135dd717ba6588ac955408c8dc0c003f4abd84cbee5c1
iteration_1188	27786	0b5f68fdcc42785a20ceb5f2e6792ca238fd42f125f3d22fae656a508f581394
iteration_1189	27789	9d575d7b6b06a37318eba3e8249cd29808a200dc46d5b6526e338b68e05f7e5a
iteration_1190	27769	cfac4989e8217b05d451a5f8f43ff2c347cbddff8e3fab2012482db96f403a98
iteration_1191	27821	87ba851b89a3ce6c30a68cf9f0faa079f3a2d074018a905e9a64124e31e75bcc
iteration_1192	27880	2eca84bbd8c58ec0bba6b646e51a4cc0196b96634886e1d63398c2e292e246e4
iteration_1193	27929	5850a15123aa4ea8d7c5128987dc51695182e42b1594e0a69e3401c621d18cc9
iteration_1194	27916	4edb7364cb0124016e63f8981c1ddd7a9aac24097251bf7ca26476b5c26b2095
iteration_1195	27956	5dd76099a5790b4e08fd6240945233ff76cc2b08bb05015de085247b86eeb246
iteration_1196	27960	3b8678aeab346d25efa40e9ac1768d59b462b6bf68c5c612eb6498e3e12412eb
iteration_1197	27983	12fee8f835e1a99491499a704266482716cc4f0e59c15131a2b2b9128ae3e53c
iteration_1198	27947	9df9b8dbce5bb3cb6032832c077ad84d9a8282e1f8c4455b7753707ef7dbfd09
iteration_1199	27971	9bb45e116c9b597155b3fcd2d3f7f82525e9a21aedfd735de24cf69076ced9ab
iteration_1200	28018	fae3a554058d651e42acee26e64b3d6989d793f4e473156a860e4b6ebd8ac3fc
iteration_1201	28007	ccfe712b8979269f023a1be86e5bc37e5301e736c4a330df5853ef30b9da332e
iteration_1202	27955	16a4ee4e8527d439aa547c0cf68e54b7e4c7f86e0c40ca8db6bb1176ba1e2d27
iteration_1203	27958	e91b1edfed9a905623c85c25dcee79f0af6fd6ca70ef7b6d43c32ab40830f73f
iteration_1204	27931	f039982737d2f2204c633471147812ddfcab1522222b9076fb018c1bcdb6357e
iteration_1205	27914	dc3c4d0713dcdde93b469d1f0c0fb7b084056c01553c1492ec03df6f94148ccc
iteration_1206	27903	ac12425a600bf4d4f402fec724ee8cc1c07a4b0739456c852de58809ab6d1248
iteration_1207	27904	046b0e862db67634be8077133e80e5c71a4422c6461b108db7ecbf97c9230f82
iteration_1208	27962	0ffd36eeca5273d51a51cc0656758d380e6aa7417d1890949b79233d0e9e238a
iteration_1209	28009	442b81169d7c2bdfdd25bb4b0e8b43cb53180b77a299a0b84793002d841a5f5a
iteration_1210	27986	7f12bc4840f9875018294854cdd2f20ff2673eb996f91d51d736d433d838e5f3
iteration_1211	28008	36c8138eeb152925c61672f9fc9d8231a06438d95c9c2ba176160ce0835c1c44
iteration_1212	27982	e198fd431dca67b4566f7b624f3f403f2a305445a12f792de96be2e76c475577
iteration_1213	27977	e97b8b6d4adab6627582285b7312908823dca5106e171b1266a38b8ff2ec047a
iteration_1214	27960	04e8a3f2edc544afbb14325209dd7211c730862222ce1ef41dbc6687db587fbe
iteration_1215	28009	3ac1befd15059d8fe1d95d07a594ab2a8e6e9f562dc82c0b4598269bb2068e86
iteration_1216	27953	d4188957c3fe7760dfe770b9cc7ed072b7163485c3e4d5912d696d2ad2a4d6ab
iteration_1217	27906	a77d73c900e3eb8bd1fe9a1e3e86b561cd6130b8cea2add13c27e4e7cef24b72
iteration_1218	27943	5da98119a9c684c5ce3415b67877c8b3a2ecf6f2706ee7ca3d55607293d8b6a4
iteration_1219	27920	7c32cb5814e75ab4d6399f33b580caeec2e9bc5bbaa81f1aceb448a572440f79
iteration_1220	27935	fc82a320ea2514eaf9c1aa576a83700c06a6df21b9b8e0a1e143d03b180792af
iteration_1221	27921	35b143bc39e61ad7a0a8b819e6e54922a4bc9c1f447d30bba1fac12210a969f8
iteration_1222	27885	b8f0ffd967807a7d0e20a12b38a6ee146a665196f2cf20d8ac4c495ea6a2b3d1
iteration_1223	27924	7a4735874a06b7ee9d7d35adcf78c56e19768250e42620921e6fd610a516e150
iteration_1224	27919	3294b78fc759eca47d62908ec8b3871eb7a6ced6e0e63f206bec89ebac524c85
iteration_1225	27927	cb6361ae9a3cbb031046e7a47682daed0576dc7d137082b7f22d8d70c7418481
iteration_1226	27907	8302e106d30a29bcd96cc283c59d4581d3297438f6ae476c566d60d2641fca49
iteration_1227	27903	013873f55bd1c43b11345c579b2cecdf9502eff9255753bc4710df1bacedf61d
iteration_1228	27972	5fa094d754ac649308f346fac4a688c0e9490087d1cd53351c886bd6ee2f923c
iteration_1229	28015	db23eddb9e23626b2853ceb0e8e74cfc2566b97230f0730c0554f6cc63f2944a
iteration_1230	27985	1c98ccea1220bde9b4da71f5be5fb6f67607549ae77445a7bcc1668885e0213e
iteration_1231	27987	057f949f149f83e3ec5f2c38e4c54161c46de2b3450cba7490caac31a031d04a
iteration_1232	28030	4383b9dd90697b978e4d08273fff16e85420ef6a507f808ae2cc2e9399edd02f
iteration_1233	28092	de516640902ece6603db092f0cf8054b9d5c894866974cc2c0725adf368e2266
iteration_1234	28078	260effbf34b84cd3a0ab779bbc6e91eac6b2bebc59b6ee545ff962aa838bb1d1
iteration_1235	28108	cd7b0a817bfc2e0bd9f68c2b0512aa5e1e3f1fe8dfedb9c6122e8d2598e4d379
iteration_1236	28092	1e94c62e209edc27cadfe3cf3fb4f3a9ee16a28fe679142e4bdd7e5ac94a3259
iteration_1237	28089	e4c002b998116ba3d97b460dbec1158da4d99b2c29ec744a47220a4a79dd6e67
iteration_1238	28015	72e82824d4c12f997eebc1ad8b087e1a6653dd480b43bdc6258867c8ccb34a41
iteration_1239	27964	6646a6f2dc9ffd9f75ab082c66688ee872ddf6afd3d78d5e4b9f52f9dd4c2ab9
iteration_1240	27943	8926154deafa8a91730282d0a7545b798eb26daaa6e7616dd849f1f4da5b163b
iteration_1241	27998	8573fbef1702816442d2f4368d4d77201582b7567834d8b4b64310288ae1befe
iteration_1242	28004	e614ba3bdfd1f562139519f5bacbb7c32c1d573a2e0682efcf668296df468658
iteration_1243	28016	4975dead028ed947fc9c0754c8cd168561db213401e68419f5cd4ae804e15374
iteration_1244	28051	3ec4260eafa657c981ad7efe84199ca0d60828739fc73d0ec4b48da5157c7c65
iteration_1245	28069	445fd118bb69b485960ba0e938c273463bb43bb3e3d1916def37655e2b940bbe
iteration_1246	28131	ead47ebededf6c0719d1fbdaf5cc3b598d58b92e59cf6b337598d3733f780f7f
iteration_1247	28143	c0a79a7b54f06cda349f5159443136cd89f00b284cd42fdd1d226a76f00ff519
iteration_1248	28175	9f269801aa1fa7f87900c30dacd98225ac1c693b80fffdbceb1f983d0a57354e
iteration_1249	28203	464f33875aaa978cdee98812331500ddac930b16c3b7929891524baa666b3335
iteration_1250	28273	9b1439e37e919c412352e01332fd5d6404f10a1dbfd9dd72a17d8be7bf78c56d
iteration_1251	28252	145a21dd2232ee4d7f4921a71963fb090ec8f1b392cf8f356642122e57d2a445
iteration_1252	28269	fc07316d717e15b53a5ea747e057263e39bc3294c02cafa0bb01abb91231b403
iteration_1253	28291	ab953d8bbcbcd3f3ded6c9c1c77ccb36c5b5731841e1bd91ddb8361fc6eb50a5
iteration_1254	28232	4bab94b8802d6067ee79bfde4978ee180e4cd04fe06d89b4ad032131a5bf9782
iteration_1255	28259	f071b70d1806a8c6d32cd2fa7372e47d4bab3f28588b90dc858bc5e3ce6a1de0
iteration_1256	28285	53b301a29d09cd6da1d5224f354bd55ae8b6d9db9b75edd49c5cde68e6cc209e
iteration_1257	28249	e885c1bbf2c6d2c5786aec3a641a805d6e2009b7c0a0311b5cddc2d0a25f405c
iteration_1258	28275	5354c49653ee4b68b474085ed5b04705dad0b058974c473c4ecd5e9ea10d9669
iteration_1259	28295	0eac41d01a4a6b1a4efbc9ef40ccfe0009c964ca20fd884493221045445b4a04
iteration_1260	28334	de93c63bc5304c87f450a4ea24561fde23ba5c80284e78359a5594953a160765
iteration_1261	28399	8f62ce609fe2368299fe6853787a33ab534cabcf8adc8fb2038a663b680c3476
iteration_1262	28368	92650d1cfe439ee533ad098bcc860e99393c410873c284065cc94a90ec7fce97
iteration_1263	28399	9d370965b3b6075dbadc88e1282d1d30150001d6db4c5470a1ab760b96ea0d6e
iteration_1264	28435	d2ace846d94769d8d4c35c7ca7bbca55b2c55a863e29e312f46a2275ac4cab5e
iteration_1265	28468	b55f448ebffd19c4184b9bf976dbaf9edd1c5edd4da5a8000a43670685175862
iteration_1266	28479	dbafe0e650bc2176f00e3ef56df96f2ad1f135ae134edc2e2392852844d8db74
iteration_1267	28468	98244a2271975ab4ca5afe4e7ffd216cf7c83dd91456702ebca0923a213f2c95
iteration_1268	28497	d9560f468961f8d2600f7d66e4a57005f1ce133abcdfb16a73a43c6bb242a7f6
iteration_1269	28498	2aa04b42241356165510893cec9703e4e1bea4a5225ceb73b1cdc7d7423244f5
iteration_1270	28461	1b9e52c1a3d7ca71f0e9030a0fe324973ab0a5f190dd4312bb8b9e819c40db43
iteration_1271	28440	d0c00f64c107c2473064ef54e91b948bd1ef966ff036930d3f761c4453e32ed7
iteration_1272	28388	de1cb40f5864de5178d97c426ce2a5de5e30fd6dc63f289ed28a68afcbfae72b
iteration_1273	28340	020ceaeaeedf4018504a056f5bd50cab84e70b2854648587bb60ce4aef2b3035
iteration_1274	28385	3b654bef778d6ed5cbd6ba844a8ad94cbe192369d8fdde8a056dd311e8a4cf33
iteration_1275	28282	b9190829e40e092b7c9f9e4c42c135bcd59e65408e678de678b3d9eb2f1ec31f
iteration_1276	28271	0eda2e3d1655b015d5767735195c9618c766fd3985078c69dd0074af92cf749d
iteration_1277	28264	f17fe9e17a0b75028fdda79f91b57383c2de09b961ccc2d2d1a092f03d741fd2
iteration_1278	28297	881509d7f4063ea47127d9f62ae6866b9d52d84e77ddfb07cebf18edb0e21603
iteration_1279	28274	d171b2c06b4282a5e5106a86d550c96e735e5d85c1c11ed9a6d56a54b064bd25
iteration_1280	28238	1114c0a539658755f108bb68e473b8de3bee1136f054d332ea446feba18dff81
iteration_1281	28287	7311d09cb5f3239d726ecadeab9b2ebce5af005f9b1c7e807aa609dc9e8fd846
iteration_1282	28336	96aa1973957d55877f5d7b583765191f0d3af57bf36a8aff93e528495758bc52
iteration_1283	28367	581e0cc66007faa67e13582b1c714da778af85913442ba71689e3553065412dd
iteration_1284	28378	32ecaa2f2771964d10cb4de5a4c6c4f7bb48e6f5a654dd50ab526320f3b97d93
iteration_1285	28399	369904f10743623e6b66010dc28371c208aaaed2086a043250d692edf4663892
iteration_1286	28379	56d632f3bc3cc2a78d25d6352739aafd3d2f51d9bbe3c09ceebf0850f15f258a
iteration_1287	28443	5f0565efba8a23cf4668ff42601b578234cbaac1c5ff2a29c5df16fc8fd92618
iteration_1288	28387	be54e2615255242d8af50c6c97a9ccf4834150074eb3d8834a4f19ae4284aefd
iteration_1289	28387	383f43601e517d3de835a16cc3590a0db897a262643c31ba84f7e6ca01b45676
iteration_1290	28405	9f57c435c35bbc8ba473bdaa70a40328e1107b14a9888b9c545ae573a788e4d7
iteration_1291	28444	32c9a0486122a2c6fad75eb9f5bd0fd055705f612c2c359f2a6685ff887368d9
iteration_1292	28401	1a967a5d0a840fa976e5090214b6ec38f05541d3a37f59aac6371ec00006bd34
iteration_1293	28344	2d05989deed3326bb758cdac4b42b78fb6707a9c19741c1e50414dcbedeeeb85
iteration_1294	28281	3cc8b234e22a1c7940999b6c7f55b4303fb206b10d0ba7d8514cd7061d7c9b5c
iteration_1295	28326	e25b3111558bae2fbadaf316a4bdca5f3f48673f85da2b4cae7e67d1a3ea4cb3
iteration_1296	28341	5ed1dc9c388d368ab8051fca76158af20eae701cfbcbcb89c25a02db83b65ca4
iteration_1297	28356	e5131fe7ca809fcbd3455a229afea02cb648704c4d29861511f9f7eda6400e5b
iteration_1298	28318	524095bf77eb28c6ae3a5c4a5f550bd7aeaee440ab0d46c627842c4bc35b30fc
iteration_1299	28313	bdcdd83c45869432d8f33a3ce5027f7ede9f48e02fa0ab2202248be1f2818602
iteration_1300	28315	141e304dc58494198d13234ecd48d218f3bb1d42f2caa1f054d99b7f5aecb224
iteration_1301	28280	3bea5dcafefa952c77735a8e345454558a516c8118d8bdad264406cb2de37de1
iteration_1302	28324	cf477e9d79c70d834759e0bd7ddb04242af5319186e74454dac561d66f8482e9
iteration_1303	28334	ee3a81126bcd7267d9b15ca08ccbf6f1f2bd250fa848d8251835ae1787e0ad6f
iteration_1304	28386	720183429d9bd48ea9d36769d0badd29cce9aa12c25cdba65d0661bfaaed0477
iteration_1305	28426	b975f665347ae89aacb8164ac6068a4b7c0eb46bc0f98f843069d249b8dbac22
iteration_1306	28371	748dc9594bc09c2f69a43cb7dd3c7aecdef4e19fcb2b70b1c7fc9e85c5ff6ea0
iteration_1307	28376	b7d374d6da3684b74b5abf6c122df6a62abe1d72bcf9778d283cd3ef06fb8688
iteration_1308	28428	f073ff8e5f8c878b00bafb51cbbf5636023eaaddec7d9791c19e30840d1b1878
iteration_1309	28390	8a3697c797fc9c68dfa28975a7040d38ba531c043526ef9de3ad2d27a75bc451
iteration_1310	28422	04ef2524e33b3415dcee2fdd6ffbe358effe75d042b242ac5e6e2ea6d347512f
iteration_1311	28397	e40e55748d689bbfb7959ce7fd6c8deefa98bbb84c715fccb606dfe84c738d8c
iteration_1312	28383	f6a70c97500782a31702ed19b162924f0a4301d85c12e342a93dffef12bb7567
iteration_1313	28398	a297390944fc7c5223e1d1963e59fadb7fa64805b56918ab035173026c2d5dd2
iteration_1314	28440	d203a48927d7ddb379c206fcb56910ae375aaa4c32a2bfcf20590f35aa740550
iteration_1315	28442	0c1b0161e9d5e67b286054f8b7b4f1b7247c714b94914ca36078fded9d9662c8
iteration_1316	28453	4bac82c1be7c86e21ea2f1172992aedd26c697a81c85ffadd105f6783dea88f6
iteration_1317	28448	1c1363328b48e84052b2ecec0bf116a842c67e479de3ddd87db739058aa895cc
iteration_1318	28444	d5bf3d297362858ce330a230b6023d48cd3b9bb14f57669ed92bd206ab471913
iteration_1319	28488	60a4d374e52a68ea8c866103c6d79a78366bb7bcca04a057c31f66e68c500c76
iteration_1320	28504	2de4f530a339e4d92308149d91adf96c63c634c8a1a0a66f8de26280c9143155
iteration_1321	28534	a83627706866a7e10dd1830d18b4f7d216f81a64d744d4654522d4df72e457c7
iteration_1322	28589	d731a47916df7425f7a8025ed8f5079d131d58d95a96d0eba15fbac9b6a24e6d
iteration_1323	28573	a398d9c56ac989019b63041fa7797d6753b35de9f46596ae79640c369bcb0e1f
iteration_1324	28551	4bcd471d904fcbffd6cf704812b9429e08b4060a18c1db39bf50c5961ed2199a
iteration_1325	28558	1d6bb2dcb2ee03f9f4d71639a37c83e8235266863f604784aa949908bf84f037
iteration_1326	28462	44b2b2ab15eb07ba6d67459bb409ada672fa61186cbff298b9827b767b23f29d
iteration_1327	28471	cd09d900d448ee0f7350214741bc133a31400b4d8d75c162087ebd53e5ede767
iteration_1328	28513	526b5c13185aaf741e3ae9014d52bd19c097743d35109c0bc0bea1201918c319
iteration_1329	28499	7532b9653b8374e6791cb918263912240582e4c40cde646b0f0421f7f0207df7
iteration_1330	28549	126a69e6d28844a6cedd1141fe4363953dfe6f92546640710c3650cff463236b
iteration_1331	28511	120be457d65d5534be8dc89b67f817e6c9a8e9e3dbece69047209e2be1e7d6d6
iteration_1332	28482	d3e3b06dc4a504b2aea0e7dee95afd419b9b9aa4c0c5ad6abca42808d6c69ef2
iteration_1333	28534	8b4de589c8eb8b8add25a0544d9516470871390db29a46d263e7ea66b1a0e429
iteration_1334	28493	11d97c5076244e6011fdf2a37313e49b80e92d182907ba4eb9a254467ef10c99
iteration_1335	28465	665f12b251df1f74c8e9c4cf19ffa73420000bfc1d45ec02eb9a0e621cdae828
iteration_1336	28446	79ed289c297b36154074d2d11cfcab71f6404d417c964dbdcf7d0d247591e1fa
iteration_1337	28440	0700a85e4db5e3c45930578df8c2a9e61dccedbba1a8fa6da41dcf5235eb8923
iteration_1338	28476	7875bbcf8854db75ae15a6f3ea13d013799bfae0ad1cf7be9da361052f042b2f
iteration_1339	28507	a4894daaece283403659037561df79853d6827df505b2816d14c62d5e131c0ab
iteration_1340	28526	5243f9682c4fe53aaf893f306eb1084f3657dfb9bbdb44941e5915c9ca038d48
iteration_1341	28523	5698bda8a82d39d041639e6c6e7f0655dc2575aaa3197849a49afce30c12c6a4
iteration_1342	28506	460e47cebe99e4aa244ac340ebc78bcff06cc3b078bbe6e19ee7caa0d007ea31
iteration_1343	28453	43c9472f38a6e159503ea278c434d0c403bfc027fe518e97b76a28e429cabbce
iteration_1344	28413	cefb9da48b4944a4fd819bdfefc8531a89a960ef9c570fd2a217a21f7d5fb9e4
iteration_1345	28415	05fcbb1f11974b4619298de063503e1a2c913362d331a3078121a084537f8d6a
iteration_1346	28430	28dc97b2fd42141bc5638a88c23ee809294f7c85c5287fda92cc2b5e743c9d60
iteration_1347	28470	dbb30e897a38f4b5aa4b8d754601939c708158920f81d47be9866d4aadc74b0b
iteration_1348	28418	5ed0a209e05175fae8196db958d58ee6b91393a5b295a673b9cff2ca9eed511b
iteration_1349	28452	8129554a31db112432ec15964696bb90328f8c6aa8bd8f89885da4925afb98cc
iteration_1350	28449	8a8ae8665def202a448e2f3e94eb25928fc3f73a375c0ce2a434db43953816cc
iteration_1351	28479	1a9bd13a32ba5af71ce902dee9b56605a4944bde97f653842bb3e718e5e6e4f8
iteration_1352	28436	bd577949ac908764bc283187d7e6211ed9519f8bae444bd4643632de30095c94
iteration_1353	28450	c2052f5c024c9114e22dead190ee73390bb886b6e060c4f4f4f1fab07bf3caf4
iteration_1354	28492	27435cfdc60b4407d646c7ca38b107ce64f8ce1479cee8d8366b58f49e2982b3
iteration_1355	28505	9e2d9de8624d5f4603d4b352768c8a3959e7ba1c307885ff2875b8dd89b512ef
iteration_1356	28538	3dbf1a5e2feae6fe32c84beb538c40da2f1482a91ba8767d84270b447027f9ff
iteration_1357	28548	8f0f869b247c0174aa44f0776b39a3bcd3edd1854b255eeaa28661008b040d4c
iteration_1358	28605	19c6d1d6fbd58b5710438e267f816e1b007af7acffbc37e799bc953c5fc1a79a
iteration_1359	28619	2daa00063f58dac4204fd573a4c35a26175c436f24965c8f502f763bd8773f57
iteration_1360	28630	ea7eb049094ee9e9afc698a446f33f2fd783ed3f3e390eed3f7ef8cf490b6586
iteration_1361	28650	a6c12019417ef53359ee90800e272c10f1fdf0a556bed7ff79cc7e40d5797f6f
iteration_1362	28678	3ddc4cd81bafe61d99baaacdb8f15f0a5dcf2b90ae8915b886218af8623e7e56
iteration_1363	28620	78e9befa3bdd220c925416a7650f82dd904409e1a92a68ac0a64eafd2da9fc0d
iteration_1364	28642	183fe6d987fa03da17128cb2626e399812dbef4f420e03990e4268044dbd5f3b
iteration_1365	28677	7a93ab68c8f4b36945224426243e50446753809d07f090926e966efd86d1a179
iteration_1366	28637	6aa8d4b78e9be68bcce2a1e93a1be2d6b7853c8e4221fa8e8fce5f849426fc19
iteration_1367	28640	f0e5690dfe685d1afa80f67fcc2e4c0a1c3d5742ecfb084f903462dd53b3ba78
iteration_1368	28613	2d1578615d57965000ae2dfe6938c19bd9c00fa23fbcdebb76619c7da9629f6f
iteration_1369	28575	cd60a7efe740ca821eb5fe87a9d7aaccd97bbcdb0338a72c5e5296526db0c6df
iteration_1370	28587	54c28fd45a00a6377fb6bbaf381e1b6267a5938435b0d26b53541a78aaa2edc4
iteration_1371	28615	82c84a9e7172a90745f4c54b473b08132d7ea1000208ea878ae4bb9be7555513
iteration_1372	28640	f18d8ee986c7b37779352c9209db4e660f06ace809542205229d68fa96bb4212
iteration_1373	28691	279060438ef4f7c55146fb0ca9650ab8fdbd1a417d4ec1d7bb24d2478843ddf3
iteration_1374	28669	8427ac268e116c74eadb5e75782e7d1c8935ea7767a9d63e260653f38f0a526d
iteration_1375	28693	7e9dc4b748b711f02ca80a4e3a4684a5d7f52aa65948fd6d7a7fc2753e530d37
iteration_1376	28726	94bbddae970a10816c5c086ca02804adbc9d7a742ec48845073d3fdfb455828f
iteration_1377	28722	0f729a384e637140a1adec67824b870ccba13b841b35c94fa71d400c658c6e0f
iteration_1378	28646	81074a932914ce4312609d3e1e814b620544b468c024b0f61ed6504f019a99a0
iteration_1379	28675	4664727d8b8f1df202bc9faa68dcb3f839e48e95c889decff24dcaa77731d10b
iteration_1380	28678	596c055e69c4b50c4894d43fc4962b718a6e0a870d4173550e46f79acdbd01b8
iteration_1381	28716	4fa43899e52fbc58ff0646eaa9cd29c8ea265a8084e3fabfa31e8cff6701bfe6
iteration_1382	28676	9bb1d91613911ce9a4e3cbbafdd7632a9864a4580eb08686aecfcc7f59d492fa
iteration_1383	28713	08e5f05451cd92ea2c64489fa5aba4f78d792ea6565d9895df746da7d87a5c74
iteration_1384	28705	70737a09caba25a095f7772566a34afe5979d4b034b40b601d99a4e85f5cc3d6
iteration_1385	28714	7e75a9b06229b93eb430af5db6ec5212439c24feeaeb1a5c36cdb6362b75d29b
iteration_1386	28705	ae2f96ff05060945c993ba4e6ae22baf2c4f333d05899adaf8074bf3c319460d
iteration_1387	28693	0775bd68bbd83d80466b692a90febfc255030202ffd3bee85452e85e8c558421
iteration_1388	28702	35a4eedbc8ef7bb6d91e65c8e52b1327695fcaf6d901c6e8f0764ae9e430ec33
iteration_1389	28702	277ffa9cb7162c8dd7d4043ef8e4a98a56ea3d5cceb9f1faf16fdb8e8371f907
iteration_1390	28728	31d15e115251872ff5dc0e5c8364f017a68a859a6cc7bfd59c5fb68f1f001a81
iteration_1391	28758	6b20c46e17f6032407cca66ff204fa8f4aacbe35f67aa449bd90d74b3f75aeb6
iteration_1392	28831	4ff9b4b6bfcf5269e3c385f12fec6277cd4c867f1dd8c5c213918a2a97d08eed
iteration_1393	28866	3bbdacb7fb2f74dce4eeb2a67e1b8af04882debeeaeb00aca09a72a480209c77
iteration_1394	28886	df700a4c0f8b59d685b11136fd19e4a5cc5c9f67fe3644dfd5c9962efc225c0d
iteration_1395	28917	46325b2359cc7996736b74b9da96fe90f571259554d369bd0d79564f32a43843
iteration_1396	28945	339ca44b100bb7a40f0deffe205aa7182d46291bde2ea3646f2f28e5f26fb071
iteration_1397	28941	7a5b581b385e3cba85479e021d4a02c435991c9778593e4aef72941ac4362dd1
iteration_1398	28999	68d8a90edcd996b23d0789dfdd05e8565b122ac8f5b18f8b9bab05805064a67e
iteration_1399	28950	406934d323fa10f72604839545a1f8680922e60992afedf033070312116b9bcb
iteration_1400	28999	cd7e056cda347774693bd7f82a3f45e080ef9481240892859b153766ed87153e
iteration_1401	29020	a300fa5266e596100c59f96cea9100609a24130e49afd531fde95ac4651f2559
iteration_1402	29050	5df9290a5f40f33c444eb38107b8a5969a1834ec20d303ede88f57e8e80c8da7
iteration_1403	29051	6d735d121702da55a46559ccd3b55785698ce14d90b3dcc3991b5d428a7e4bab
iteration_1404	29037	6a182a1e9a96ffb817edcf28823b6b9e972e3c37e92bb27185f0e6cecafaeeab
iteration_1405	29015	d8e6521993667cb53a8d296df32b43d9906862f9a21b5d69f4a321c4bcfe802e
iteration_1406	28910	514c3ac120cf83cd2d264300bae52066945669a8f0110afadc6efff392ebcf5c
iteration_1407	28843	864a755a7dbfe2221b5b2665e465fbdb96214c43a71ff050c732940bec6dda9e
iteration_1408	28903	a40fe8885746d060c803510bce172fd28f99bcbf40f720b1687912cdcabf3b5a
iteration_1409	28903	7869fc117f5b7c852e9c85a18597d3036a166be704b0e1228a6482f663acb936
iteration_1410	28931	1a8004044932dcf7da708b51c1662a67dd1ef86213576f3260014537af60c443
iteration_1411	28984	e689db0d0682f0eed80cb187125d349da12f701029a1f5245258393ab721d87c
iteration_1412	28990	7e8f91c745083f9f605f8f348ea5928077d770ae3d48565bd08c934ebb284a89
iteration_1413	28968	e69cf6435eea8cc403a8c4a541ea6fd009dcbf083dc8dc6e29dbe95cd24acd74
iteration_1414	29013	f56ada901bae97a3b6cafc11fbd2756fe1f3fc819e2d33796d9298e777d0ec51
iteration_1415	29075	4a75fb7d74d5f1f3747b801f6bf81f6b2439b6e8e0121462d9cab50a5d975355
iteration_1416	29100	0781a8ccba59d6b3dec183d8a25af6117d8f520728be3e8cc4c259fd91126834
iteration_1417	29007	f104ab290794e1ee3623a2beba041cfcc667b4eb8ee689e1c7facb9a0ec8936b
iteration_1418	28974	e4dedc3387eb379bb7663bb365c4eadc39166ccd79092b0de7218f1c850023b7
iteration_1419	28967	91257d62c54cbea9de7fc035f17cf060476e3bc50a984f16c40e702f88fb5c97
iteration_1420	28946	a6369d681eb6172fbb206dca64bcbca6e8d524a23f114bc2f6a0d5e8f394185a
iteration_1421	28937	d3c16423930e7070c48b12f83b168ee75b86fe1b1c9465aad6cf7184b0fcbd07
iteration_1422	28896	bd4471bc8971d150cd3cb01cfe5f6b519a09375a668d0ed14233fa85c2160aa2
iteration_1423	28847	17e4e67be874329b7c60a9f16fbfc9cf06fb070f5324db9429d77dd8b751bfdb
iteration_1424	28866	fd4cae4a0cfdf47951b4f0ba671d75c2d2e65d664f93d522258a9c9de1f309da
iteration_1425	28936	50e2fbbd79ebeee3cf4e6bd93105d8e7f4c1689d5fc819ef94244565fd9b68e4
iteration_1426	28937	69c1171931c794754b2e12dab8ceefae484a0048d3c571f573b6d447095834b6
iteration_1427	28894	fe0ff1fa01790b1cd24913fc752ed0b32ee0688aff0a7abf5606223d3034c2b7
iteration_1428	28935	9518610bc7e61f68a0fea824df758350467c7e926d81cf401dcc30af1be10acf
iteration_1429	28972	8632624bcbfb9816507578bde45e7e4c270bfa1eeb24e8e9b62a4d2dabb741e0
iteration_1430	29021	b3916355fd1cab14882964294f8df700ded5b09cc690875c22cca5af22caaf33
iteration_1431	29009	9ec087bb473dc2d24241d6d1ae5b4f2db90d1bb873e5b4c55ed8f95d6f02616c
iteration_1432	29047	c84bcc02a95dc8ee3bcacbe49c31c223310d88e22c1f03b0caec24aed42d4a57
iteration_1433	29088	3b60d73cd05a62ebed0d3b20a3229fb6c35be9bf7bec8206d413d8b2617d7730
iteration_1434	29080	35fb7d7ec31b5c787c1875fc532ea82afd7d63de7b97629e84d68b590662bf81
iteration_1435	29035	312a74149c46c27c13173eaf08b2fba3133073fae96707d53675122ec09a28f7
iteration_1436	29004	5ba79e9cbad4cda4d75692143cc235ec77ef6825fbd698a96a4e4cfaa4bad016
iteration_1437	29042	ceb6c4a0269b362752a864f266cfa7f0c055eee44e286977e91a4b0cb31acdf0
iteration_1438	29036	e529d5f461332a1e6aefabd4f44aff80833bf6eacaefdde23df369f188b83ace
iteration_1439	29059	561312b1eb6b892f2214eadedf4baa86520d7125f42ca3e3486492e5fd06edb5
iteration_1440	29088	9db2d582945553870788e5a8df9da5782027d02250a902c03551c412334029ad
iteration_1441	29031	d5a5ace97ac2969a84d0d5c4f657b85142c52aaea4352b6e7ea333aa213358c6
iteration_1442	29018	5ebb5ff028d0ac90d5ac60264c9e8cac79577dc08e9bff2d5cac0d2b283fa4f2
iteration_1443	29044	d169cc0c86bf2879bfb2b6bfd37f30b8183dbe368bbb18733671bb9166707c75
iteration_1444	29039	e3cc847b116eccb02eedf8cffe06cc2d2904346e27838bce2966ad30bc159a27
iteration_1445	29021	06ff60fba0ddbe732ddb2a58b3433589373291d2185ad06038c15df4a72549f8
iteration_1446	29006	8a8c2977263672fc5adcce22738a192c0a6df019dea4cad121b21a7eb2a9356a
iteration_1447	29024	8c1aaaefa3ad540bc9eff98306160b078c2ba3483c185b4fcfa682d6b9d8ea53
iteration_1448	29059	0a655f4a692a2e270e73333aeb6b0893645641f4e21d300a961c0f3d0ec24f57
iteration_1449	29098	0fedaa033ee7c9df45c9cdf9ce4730e5b51f12aed24b422b77dc5c450b8ae0a6
iteration_1450	29079	6281d3400167aabbd6fabc6c6f09bf1e3f1586aebd76a0d4e39e9f9f59f82107
iteration_1451	29098	c873b64978d222b81793aece7d5ec6aea9ba28190527dab7ab3532f9ca990311
iteration_1452	29108	9db055d25331c5c0ba04f27eec30f3e076ff09cec793a5f923c398d09e1871b8
iteration_1453	29139	3b8c44fcb0150aced2532d309bdb436c7dc6229cae634e97a7448164db068a1f
iteration_1454	29130	57ec9b4cfab5dd6f39ea32d5f4a7a1e55feb5683bcc3e432b5eaba72f1d0c845
iteration_1455	29181	187dac8b78bc92034284805355d640d53ed0f5b81e5d21135b96d29d60027fd3
iteration_1456	29166	15d6ba1679c7a49a5bcafc3feb533ebf64ff6cafe8c9b4ba786876b61fd99b7f
iteration_1457	29124	ac79d61e312f59e0e953a96c07a7f0a2dd05bdd1d291f807c99f7481f068c7f5
iteration_1458	29164	3d1f5a70d99b16701a78fa9806fdc0e99fedce0c442d1f564b9b058be0197376
iteration_1459	29171	a8c69a5cafa86a82a37a7695a36eceba61e371d8210331001b6cc938a1144ce8
iteration_1460	29179	7c5fd7e121677c7dbb87e8eea367f89037272294ba91428da9560509b25b2729
iteration_1461	29181	d8c22ed06f2296ed5a1be32e2b71cc057f42bd2128f4abb70248ac00fdded173
iteration_1462	29164	ff2bd472c7a664a2180490c061df143042cbaff3794c35dc2b92560ebea78211
iteration_1463	29207	fe4382ed0e8ef3ee997a52d0f2d4e44440783c4d27586d2bbb6fcae1446e400c
iteration_1464	29250	988b349c4fb246cd19bd4830e8eebb54a9b7286e1c231f130ce2aefdfe70c998
iteration_1465	29257	101450d35dd9425ea06049af5485acad90afff453c85e7a735733f85f0895a0f
iteration_1466	29282	9727d662ef9356c67281a704207bfdf5b4ae391767225d6e8d11cef17e4631fd
iteration_1467	29272	a7835a57acf86de89a2a9dc6ae60d98f425c8d151dc1c41fbf6051f88405f37a
iteration_1468	29358	d70b72cb1b8930aa72f0a64736f47ae6beb3583f08ba3f2fa01587fb46666f86
iteration_1469	29405	1f864221b48fa68e6412304aa33d7dc488ac19cad00a143c3ba66b07e39a85eb
iteration_1470	29369	7105f41472803f9174baaf9f4d2af6adedd95b7e5476df59e511cf4bbc30c701
iteration_1471	29358	30f0700bc465adc3c151b24b2f0ee410a13f866a673bab24652f496070510045
iteration_1472	29363	1e04868a6b4764f700847d1abd25638a636fd4c7c0e466c62e0ae50f8e4d3011
iteration_1473	29360	1c1e8de8aa809b4ca64b9e342f9f7c30b04073ae48566756a02f891347568bc1
iteration_1474	29335	f93784acddea5183180e554209bfd21f595b0b942edb708a2f61ab53663b35f4
iteration_1475	29335	ea7ff8aa519fd7e10379f24500e359da3d3f7c6628618a681865dafd4a821e2d
iteration_1476	29302	a6554438b1cbce0d5808c202bac76d8e636f695649568dcd0ddc307c17e7881a
iteration_1477	29279	a7673170fe92247087a6964b5bfe8cdcb77710b5fe2167fde2b82d061de56511
iteration_1478	29280	fb1418720d3de9c4f9f31a2805b90601ea902a0a2e5d49a41eb8845e00551177
iteration_1479	29186	7c857300dc6ad367b9fc8fcaca32fd0002d146d36120aa30ecdea1f1b50c18ac
iteration_1480	29271	1322b9c70ea918987146646e4372d6c674064408687e892b6eede39ecdfc61cb
iteration_1481	29221	c3caed0e8944c2bf77a3896a7fe3ce7abf9f5b3d8b48175b5c2ebd0e29a51f3e
iteration_1482	29296	e93d1ffb7b75a4120f7c271b452fe043921c3542cc76c75588c45573c228d631
iteration_1483	29331	e569b2ca6a47cfc73b04b5097eca65e0317db47417813bb684c099d1bceb8d45
iteration_1484	29356	28041f8281690bd9b88b2260d404b85efb616c28b59896c40fe33998ce3b098a
iteration_1485	29344	f35a3f0db5b1356ae6e2400cf720fc9b9a68d60277059e0bc9b20a321d5a2f28
iteration_1486	29371	183cb79bc859c4721840d4609e51e796148a48c42e847b53e9165a6fc71066e2
iteration_1487	29385	5ab35975205c952013952b6f4d672084c84df624b983702c39aad77207efda7d
iteration_1488	29409	b67eab0f6c80e6b4bf22453eb019037b084291f0d61dfbbad535dcd1700e252f
iteration_1489	29426	0702590928f9da8b3c83d8a6a31d33e61c3516868caac304bb04f856ecca16b4
iteration_1490	29415	f59c3bb2cd69e00200b003b4388507edd45fd84d1ad28b94ede49733d8182edf
iteration_1491	29458	6810bdf49ceca46438aca9159e35d735945a9bddeaed847cee527430b2885229
iteration_1492	29442	3cc07dbc48aca652e3c6db094ddae4eb73d7b0e8ed025fe0b1769456744c0c3b
iteration_1493	29451	a4408bc3c9b912c37e13115c2a9f6a3619d09d756b56e2cf00b1fdd5b7849f8d
iteration_1494	29449	af77440bfc58ad9c3151046834fde28c8bc37900053d21716a35812fc7b21f6f
iteration_1495	29474	ddd850bcac11659a2ab1975734f28142c05d543696dfdd39be33dc469bce384c
iteration_1496	29461	60c5e5e465f49311d12f1cc85359e5a9e3b768b8b8ba596f8301a163a70b4800
iteration_1497	29377	1298b342ac803774521ddecf0cd258cb81e8d9514e9ec5eb49f81bf8556e8914
iteration_1498	29405	590ecee3ded417b8c72d466ad47bdb2ec82c9071107122c50b892b8ba92a96d3
iteration_1499	29433	53c9c58a1fa1471049a4f649f184a8962a9f35c17626410dc88c147e8f2ab4ad
iteration_1500	29428	682c6bf48d50ea659eba59ca27e468182f54602e9e9a31098cedfd0835d93e7c
iteration_1501	29465	9c27d4c6023b6d43debaf9b50f07a99d43474cd3b7cd93263681a5a8ff958473
iteration_1502	29511	3ee266800c2eff7f4adddddee1a686007b8d789c0d2ef210f52e3fbf8bca1195
iteration_1503	29523	b1216f9fc503110c5873d46ba2f5fd58d87e6fe3e1dffb4319b2919f7291507d
iteration_1504	29494	344e07940c61b87ff730251e9b984bc8aeed2939933690e228df0ca079947856
iteration_1505	29454	73354f99507b67c6b04522d386250c804f9b330d564832fd1527cfb9f5a38e72
iteration_1506	29473	6fee81f53aed1dacd134d0f9a6934e31b93f895fa57fd9494bdce8f6aed59c51
iteration_1507	29462	e1f96ec660ec1100196b65acb4c753a83a9fe178e9c238bc50a13e5313dc4405
iteration_1508	29524	74a2910650d5844168818531611a92606b4d6ea1ec30eb1c2f787f03883ef773
iteration_1509	29547	a0d00319f3c3a043a179f6a675f911a38b5c281f1416a869c1077e00b409f213
iteration_1510	29546	0ad14ff1d96ffdbfe056c7d9443bf67a2ae718e724a0240b1e2264b0cb07c0ea
iteration_1511	29474	70c5277097274733cbf1a1a11b72ed9c3791b4aa640b05b2a18306ea50860f44
iteration_1512	29430	ec827bb15e05bf57ac3645584ed46705043bb942f60eb07966488c5436e4fbca
iteration_1513	29471	b3683b9adaec59e3ffddedb9447c7d4c3dfc8b1802fd65f232593d2a22b6df05
iteration_1514	29468	936ad69b9690e08d9a7ac3b9eb4506842df65a6a8774f0c2d2db9726f41b681b
iteration_1515	29483	bc0f3bea890043d0220f26afe2739457a415e53666f46ef7232e8e2ea71e5297
iteration_1516	29521	02e90c7f18d49b0a25230d8c14894afbc70810f7f940f63aa21de774beb824cc
iteration_1517	29482	7a82cfb3ad333a6b74524fbdee6e913a0efcef655a723cee87c6e4c5e6317c30
iteration_1518	29490	53e356143b8f005c2b4781f16831ed5d883c36e15699350196eb134b0576079e
iteration_1519	29537	ab04f07f9b88dfe050c67f4c6667c040bea50c6401b593fa7b99072b7e3372dc
iteration_1520	29531	d645d8a657bff11ff925b79ec9b0cb520aa097ad35c9657540394968b13467b5
iteration_1521	29589	2ebef089c23d3e0336a2230850202b5bc17b10af3f6857116aaf9e55253da9e2
iteration_1522	29638	dee3b8ed069d84060f5ff4934134815047dac61d05dec5cd637c93c75bb50a58
iteration_1523	29613	a4cbd8923f2dabb50a74b4e3ace05da21ae3e3132eddbf5303c75f2064b74742
iteration_1524	29633	6044a1d788617f4dbf040d163c11757926b26be8a386899da237c2916bb87f3f
iteration_1525	29619	ee284fb08244c134a082d5baffcb7ddc4d150a109d737d0db4964dbbcb757e93
iteration_1526	29596	deaf7dd8e4be036732600f0576b612491fc46e2168c6fffbf89c46ee64f93f52
iteration_1527	29584	a2ea56918552a78a7d25ad4e79c73e3013d60084e3e93f6cdecf59fc23d1fac1
iteration_1528	29568	a7c02982a697ec3a8752c8ea2d97f4a1acfdfdad5a9c20336e1fba6e7a8d71f6
iteration_1529	29509	2d2e35491f821cf9eb6119e832dee6705cba9ffa4e7471a949667cdba7bbee72
iteration_1530	29517	7a513e3268ab5a19b1ccd65320a67932b5d293ffd7d0cb44a88fb46b5049a5af
iteration_1531	29461	5dfe132cd0403fd96316763baef19f71114805ef3308bf3220338d102ff29823
iteration_1532	29467	933deafc281b15da12746205da2c25c207e259e49b1ff581e94ad7039124fe43
iteration_1533	29449	ecdaef6fa81d6f159e0b0eb8600902a5da95e62f70e7f2d5b6c74ba312ecd424
iteration_1534	29414	11dffd7ccaeebcd440838a485e0f4d631907080adef091cae238bb8788d2560d
iteration_1535	29451	26c51f97789be1a7d5d2d3308746af738ed8a850b3a278bc85edf16a230e8b4d
iteration_1536	29430	3e390627b7d97d70d0fa712bf194b5526aff3fbe2ba3831b121945bd5df4323e
iteration_1537	29418	42f6057aa7db9c7e574aa0e30927b9b023cdd573adabe20995a95b432879d52d
iteration_1538	29459	6d9eb150fa2b04c9d3826a74e7da66cc764561b13562a396504880ee72d0ef66
iteration_1539	29436	9694007c1918a0a6b5eb9b2b16f688bb9494e5cef1978d60b4ec8429d3ae4cc1
iteration_1540	29456	ebda10b642ead5b7b0384f26ad165656de74e420e95a43391cb78c3d7c178d80
iteration_1541	29499	f30b54d7df8cc5f9eadc9473679bcc8845a92d9cb2fe9f6ec732f262fb1733f1
iteration_1542	29510	1d6d49d546fdcca2abbcf544e340b2d46f7788026787eb96d8268e716278c1a2
iteration_1543	29492	e6a486b403aa724294aa63f6d73c592a025f76b68094c8990bbcfd409543ef07
iteration_1544	29440	dd2080366855f02def21ff1128cc2c23d88aea17cc59ab4f44cb05a7b9a5950b
iteration_1545	29428	a78e339506c6ab2414dedaf2eab4c2284bb38752fff06051a814da0362119561
iteration_1546	29389	73c4ae2f98aaffecc20ec9fe4ce81f365403fbcd0e5326c2fe6179e7e07db0e1
iteration_1547	29446	a09cb7e2f6a6ee056e93f032a4ca8a737370a3cc33f2b212aadd2b4f3c6dbf1b
iteration_1548	29455	61712ed45ad0ef5475ccdb11ef5f2949b4d73f27ca57c6f1f242d4503f4a4ed5
iteration_1549	29381	d0035febdc3383676f1975a7f27e647e45a12608dd1412b51afc426483eafea8
iteration_1550	29333	11e8060c3f5a5eb8c0486e291e71dde87aa0b585f7aeb03240051b6ee28d6a36
iteration_1551	29287	e75c8af7e2c74d1cadd6c9a067168fe468d6641c5e8b65b7c35c3b11c1b8367f
iteration_1552	29318	17357a35424c50a09828e0b7808c15c3c79e66c5c0e60dcded28a77e20ed426e
iteration_1553	29340	31bec55b0851e666d235e97793502c2a2cd6b866bd0acf0aab92e390d600211d
iteration_1554	29388	e26d8c414fd670f3c50c6765c378c0d3aa8f81b570ac46fac4c87dbbb87af1fa
iteration_1555	29370	1da7ea17d5004d109aaa9209edc631507fad95887a43f2d4b6e3a18dab85fde2
iteration_1556	29343	b8c348b2c960585c322950461696c1aa6d762d3b0ead374625ccc1b8a82f97da
iteration_1557	29332	870940bb1dfa0fb5b0491439e52dc82bcac5b3df74461e5bbd0b3d04e8af3234
iteration_1558	29427	f3503b086ffc21b2479addd6864a224292673335df09c5ddd6e9a30fad48e616
iteration_1559	29396	03858a60640d83f7f014ee84b9194b220a381de4be6d82323e692da79150b776
iteration_1560	29414	76624b97ce5e704e7009551b61d0da43b744941d9b1b41db79146a83be44313e
iteration_1561	29430	21df23066a2daeb78999d88fc54c14ff4afd18b4ff7188b2d80f9c1ee887cb47
iteration_1562	29422	ccdbcf9c4663d89b4c054319f3f78012b3e55de23df8d7f8df034ad78f27a62e
iteration_1563	29481	2b7657df41d5eda114b24ee9346dfc2b80a81382703ab151565ff86efb5122ea
iteration_1564	29446	f9b83f8f16525c5dc16a130f5e62027cb30998b7ece1fd05f59b43ca3c9f1940
iteration_1565	29401	6a7e16e242c027e90ff6f3518546e2f95ff5ffde8487763a8b035d979593a0d4
iteration_1566	29384	f8340a8b2b48b1f3169a4413e9aa4bd3d2a28df616cc6ae2ab703378ee4a93af
iteration_1567	29349	cc8a6703da0dd5e67644894fac46b789efaba961efad6574ccbf6fc78b7b1a44
iteration_1568	29333	1f26cfe02a07845ee1504aac147aa2513025fa09406582e5982d5e0d1cc4fc47
iteration_1569	29302	e10e5460f97a555d4a9c0f59308055d9edc2ab683940c474b19fd1d051281150
iteration_1570	29296	4df2efb2ac3124cd326678589c193c6fffb79841e21719966b4934d8e99d2d9c
iteration_1571	29354	699ecd1e6512928f732d46f43c97587cc439781cebb873b3680ca4d5cfbe13b9
iteration_1572	29358	2130c0025c349ce1f2d62337332eec55412956bc2876a50c3d3f3c185b24dae8
iteration_1573	29318	6e39551d45b07ada47f4062c32b4b24feaf4dd3c403539666430a0481ea9cf96
iteration_1574	29367	c0c169cb31b86490d8e7affca0f125f33d0cf426734a1ff4a4a04aee43926671
iteration_1575	29373	33845a163a85a7b7a545e6a353b2f23bdc6c256dda3d337011b756fe839e9b4b
iteration_1576	29390	5ccbce5f5c9b9cd49c069c4dad7dd7f3c5dec0fa4bd295e1ffef7c6681517282
iteration_1577	29405	00dd68edcbba59deb59cc1eab4404fd09ad58958cd3add58c5f0ead2306522e5
iteration_1578	29473	e9f74c80794e3367d6911ac267f07bf9ccf604c72d509538ad625a12e49deca8
iteration_1579	29491	179e8d2889d5181c7cc504c1814226a7167e58bd6a00a13403a0fbe9d1c426d0
iteration_1580	29520	6dc952a374a843c3d8178ad7620b8bf916a89511ffbb925c0b95bcba0af52c3f
iteration_1581	29514	60b1526957e5d02e5f002f65fd858dc848a3e8af7423983af6344195eb822a69
iteration_1582	29471	f9be19db68335e63cccdd1819d894788b15a2fbc9c7eccfd3ab84e89c9081c06
iteration_1583	29515	1fe78f7bfa5347e6863ecbbcecda13a2ac6ad37633231cbcfae0ac5515b4b754
iteration_1584	29561	99b2efa883a2c72f71971a243dc48a3401218f4a8a8e4e60693feb6b9e7bd1fe
iteration_1585	29598	f675f8a2bf4d72d4e33d762b6b4fc6128395e2f294ebf2342a59732cf76f5c0c
iteration_1586	29535	19a1076a23bf0b4c86cbf9e730da34746bb09e21f2ec8de47566fb4672828826
iteration_1587	29555	f114a961b1355eadbedf35fe52b24d151770237ca68c3ceb4eac73878a272b2d
iteration_1588	29518	1b7c14fa11bfe194c454238ba0109619bb1dde83b6c5587a15f236adf6ad2ba9
iteration_1589	29578	d0c73ff64acda4f65e83b5d5df2250f342b497065eb16979edd8ecb4636fa111
iteration_1590	29593	54c29bb6e0c75f295bbab5d0e8e41a05db6698f2d0cd84a7425cc174d291e7f8
iteration_1591	29614	50b483d64ca7dafc278a1642584e26ec6c79bf392d81b3d7c35f546376ce1bb7
iteration_1592	29613	2da58f3dc73c23aa4fed68c1cecf080e45c07f6694dc18c49343e55b7c8eab3f
iteration_1593	29645	591f308062fe6e6d645df56ea6cb18a0389be4f9ae601c5bc6023eebd1c72479
iteration_1594	29663	b11d2760f9d554e7acb138a1d1285e4c316aee06aadc4541c64dcff99dafe380
iteration_1595	29662	735ee4b2b3d2e602dc1fe6e94e4b6d112f0b4024033a75b7b4e4e8bdec4390ce
iteration_1596	29685	4d24d88bf17047076e3990a8f538601ec98bf4952a2fa21ad1448197bae5218f
iteration_1597	29629	dfffeedcd0aef2ee21864455c5917365107d03462becce90d7b36a38b4383dad
iteration_1598	29660	a32a266483b1f6b598b21bd1a643eab78a4859a649175ca6bce42785242e241c
iteration_1599	29683	ff1c52e8325fd870202734efb462cc18d3f84f878d227a404ac55120380f0be5
iteration_1600	29613	a751aed0f466a10a5afd7f455b168370acbc080908d392f8a5c93083ad2a27a6
iteration_1601	29592	72deaefdd21e4253b9e91b4348c84a1275c872ea5f562ce85bb256ca25acb50a
iteration_1602	29614	2631c103470173d768d2c4cad5510b0202db31ca4655b8f228a6e4b50a38d287
iteration_1603	29592	8120074aca3c986435fa3255c8f803503eab5894711e504a228f34be0980a453
iteration_1604	29625	78eb46f57c4024daa9a691ffd7781dab713500ef991a6a801fbe6a18abdbe44b
iteration_1605	29555	6a952b2073f9e7b87fa16cb0fd53eb9571c15c624d3d03c3a898e0aa72f5a134
iteration_1606	29570	11256ff85a97951756ac6384cc505d7dc4d0bfdd1555c879869247845858201a
iteration_1607	29539	e6e5259535da1ebac00d1408ee83bf5ed4628779bc7a5e73475b83bbde5d4896
iteration_1608	29536	5d863fff09ac7ce7867d4fe8956112f82b190152637d70c2f2b5070c8964b1f7
iteration_1609	29599	1b547fae6afeef18f952ac4b047ea83f24ddbb3370219b043d45d898118d779b
iteration_1610	29565	02e1ecea2e67fcd0ba5762d69a696c81d068c6a8eba3b8c52eec207b5088bad7
iteration_1611	29607	7ddabb92b19186b2678f0b8bedeac497a17d68202d2d228737eba7b333c19146
iteration_1612	29620	a9bae5871e1b40f2a8dcb648d528dc037544cdbf67888f2b06e0e6a3d6101cd8
iteration_1613	29652	6463428416ad5463956404ae52d4238ead54732361c7486b4d250597fe432f2e
iteration_1614	29711	bbaed07bce7fb1c25900413da3bbf252d874a63189828c100d75c32e80aae5ce
iteration_1615	29739	4ccb91f7c8bb54eafe91d5b2f7e8d0d23023c4f251b2dfa9cc91c10c0391b48c
iteration_1616	29705	fbaa600c72267ba3a1fc3ad4cb5d5013b1b5a9b94fd6a90953ecac81aea4b099
iteration_1617	29744	f1b52731a8a3fce403b00f1c63c6bcc999c9e9d46a062ffa647c1c8b7f39f387
iteration_1618	29791	c9ea795cb4e907fc02da47565c762aafcbddc643db41a1bbf831fb52f63bb948
iteration_1619	29812	6a3ef9959a8c9c1d7d47efeb9cbcd873023a9b18b4be358e55466fa60d23294d
iteration_1620	29737	4efaf8855b0e2baed0853aee6f0d804efd9c16b982c2b08ed8a75c8c1dd5f43a
iteration_1621	29720	3624a8ec060723b1872eeaf4b0e478d407aa7ad7c9d725ee692c77e3188c0b51
iteration_1622	29657	89306c6e30eaa3c060a67ff14b8574f2c0e4becf2e708481c3e541c7a5c8f7e4
iteration_1623	29669	7b434cdd62804834b5ba6728818734d69c61b5d160a0463ff2d9a0a1c4a6a420
iteration_1624	29694	0017eb0dc7337e3480ffa1a0c2b77b3c6834dfff4d825e2b3810ce6578f0959b
iteration_1625	29628	9f00bd1a94fb5fdacfd65aecafae376f0f116a9a005286cefa31c63253ac1a7e
iteration_1626	29669	92cca1778845ce8198606bd109f34aa4c1f0f598d5b63810da5d6412caeb1383
iteration_1627	29647	d55bf68759f95e03cc1d01f237525241cbd8b7a8c1fe2977aa9f3e3b691335f1
iteration_1628	29661	8e3106f9c1e8978a96bda1afca17428a4fb358947815d1a79af6498f927a698f
iteration_1629	29674	3b7e81789bdf1bef59c85e79a864121cc6119a60f0a4af3395966b4bbe5b037a
iteration_1630	29639	651bbc89218f860cf92291846cd195a77a122aca8d8e1fb5866f9f4ffe8ea6fc
iteration_1631	29571	9b79c262a757f1aff46a9040cb33d3aa9c0ec7c64a2aded7ddfc3503754ee3af
iteration_1632	29620	04fa0d4297963a0351619759bafea0ea5ff5ae54ae00514ba877e59671945ee6
iteration_1633	29669	e037138c1c6b95142c087d4d2caf85f3a27f27e79e0a94f9b840fc633553e23d
iteration_1634	29736	6bded1c175b74e1985bb26a56531f57be3ce3c73a1722b891d145044a6ca56ba
iteration_1635	29704	834132cf756527d408582b3ca799be7177af9faca9d089c89ed1ca283a2cb8e5
iteration_1636	29667	11f31a63c015029916fea30e70fc3ea80b566d98e2efc6a3a1ab3f176f3cf1e5
iteration_1637	29656	79d5a01ed0baf8575fcd676e9126b7d7fec12521a25900f7a9e81d4dba872980
iteration_1638	29642	5637e979444ef70ca9a83e023daa97a636f6121694ea300c1d11650932f93517
iteration_1639	29684	1a836d9f35e4d693851fae9c9451c258a3b6a0460be279076560086a2d4da78a
iteration_1640	29645	3690e77361ae9284525436736a491f73e43b89a49c3a377eda298a78c807510b
iteration_1641	29695	ceaae1b32c2cedcc9b1b5148288bc96ee865fa876c73a462ea9eace85ea78ebc
iteration_1642	29715	71129eaaaf7d4340d416da9da92bcd730e36070221effc8202b0466c6614f6fa
iteration_1643	29774	763ee8fa6a1388e41c63dcd02b9190bc638c5f03f4d8f2d8cb61ea3b0b00ba6a
iteration_1644	29779	9d2be26ccaa09b3faf33ab140e325548fcac0bb636ad6b3bb175ec1a2c78683c
iteration_1645	29793	8e961832c898b6eaa45c92e4937d2c86bbecf8201c9b6468ae8e1192756b2c67
iteration_1646	29796	9c7ba2c23ce3edeb8cc7f24d204178c3f1262da27a72eea64493f6ccbec59568
iteration_1647	29779	a02bb27de6f134c0313adfc954a8dc8b20246a72b094878cae255ae47bae23da
iteration_1648	29789	3f1c9e36afd9a40cfd46a9ed110de49756c127e0360446d4050c441f2dcbbf48
iteration_1649	29830	15f625bcfbfedd4f3f60e5e941fc2263e42714e38d196eaf3e6ec960391bc65b
iteration_1650	29851	c6c57f18163ec75bb49bbe2bb54cf5295e62af202302e98404297cb441298591
iteration_1651	29792	ea9cfc46805ab06abc142e36165067900543b8493669a8662c26dd3681318d64
iteration_1652	29771	b82a562e5b45910eebbd7e2e0fe907bcb746eff644767f74cdc4c1bef2c942d6
iteration_1653	29810	17c649e1358204cfa1c3a6ed180c2a2b564b7dded4ea10e52100993f7ba23f71
iteration_1654	29759	2661e1aa3240771c6862a9bbbf2ef0438e21c6bd0ead9c308c5ee13b1d3a2098
iteration_1655	29766	1a894298ccff25c6d96f82d6313fa3df05c7a9b1fff791b3265b309e5d0cbd83
iteration_1656	29794	1c00bfdf43d97db344392e399092da133cbf773b8765282d3436b8baea08a097
iteration_1657	29759	9728c0ee51f2aa903521e87745b8ac1ac8e0f0e02a1e9713c6656000613f4f7f
iteration_1658	29762	c5b0b515b41fbb5333feead426cf4b6f6601bf12f62e85f41216099e157f96e2
iteration_1659	29677	1da68e53513955eb514e04db7108c004b40162ccb1c92e479d438710f272ef12
iteration_1660	29677	44fc3df96be7e0ed54155a3fc687a79d2115bdc5dd40700d186a3356f6142eaa
iteration_1661	29675	fccdb26192a1aa48f9fc22b30c3535d657e7f0868b17f9a02c4a9e3ad6f97396
iteration_1662	29688	cb93425897757b55a430c8959efb104b7c17664689213c121499470bc00d50c0
iteration_1663	29693	8a0ed36bdebd697f0ff8d375d23b0da12bd01c5f695205a29d983af7ddab6d40
iteration_1664	29740	0f0c66cc0e632c87d073b124b12016e001562c613e0753175c52a7062dff23e8
iteration_1665	29732	a1ab1c2933f4dd6e882790b298c453430c0742b10b5dea06174ca1b050135c4b
iteration_1666	29703	8c6b75ac9d422fef75da7bfab6ba6feb68b1584490657c368f3afa9e3fbc2d86
iteration_1667	29694	038d0a9b2ebf1a3bb8c1323e1b1269fb8aa0a3f56ba7ebcdacfa19c0ca90044b
iteration_1668	29730	f610aec4dd76d494321f078cac54a2ebeec35a6a83fbf48f139ef1fc793aeec8
iteration_1669	29758	8a477a8f0a872196c9f1a9deb409fdf31b6538c266187ef565aea7d3e32b9dae
iteration_1670	29771	745703e561e3016b90c0b97a7cd229009a509f9e523aba00cd7888fc4fb675d0
iteration_1671	29741	1080e8f567013d74cd8e32cc57d570a4610b68ab9da664abd47840661439ea05
iteration_1672	29775	aaa7985f931320a761341c3a21e0a78384902f7a004d3590c20e484fffe0a118
iteration_1673	29813	9358626069a0f7959837ef191d1f7f178e94182f462487dcde754aec2bca74b6
iteration_1674	29795	85693df8dd54758b0478036134d7186ea1873a8fe5e595d006784ad1a8dcc87f
iteration_1675	29782	fb483f66d0fcb1996a2a37a66b796f55d903e732d266f531f302a0ae4bce578c
iteration_1676	29811	cba73ae923738f11bbe09a9f49872fdef15e5e39ae9ba8edd7dec280cff078b7
iteration_1677	29793	4c1861c8865c3c6a67a109b607af2e0de7193dff454a2b12badc3c6325b1af72
iteration_1678	29765	b2b6676d8ff969da7bb268c4dc70ad500b8b6d4c5aabd2a8e98468b2655c0e23
iteration_1679	29758	ec30daa84263034b205dfe06e838344fd41dfc854410c7702ee2f61b93bdbf10
iteration_1680	29787	3cb8df13953e803e2f8709a74a51ddca1a3bf4f40aaf080804284d3e2f515a0f
iteration_1681	29788	c3ab63b243d56a6e56b97fa61d557c51c45a5213889c565d24d6bfc2a238f57f
iteration_1682	29834	56f44b255f2ed8916bb09d071d23a50f84719f17e924b6e93f5e3cd3116304fd
iteration_1683	29872	7c5a9799532a01ce4acadb0efcb7784e48580e11d9b131b041b1888072ed73d1
iteration_1684	29866	b1fb536da3649651202ea2f4fd0d74e12c1dd390f47241ed10a13821f65734c2
iteration_1685	29884	d40f185466c0320e73f3313d936cafe2c9c9a7a81e5d5e8ef5fd4c3cfed5fde3
iteration_1686	29907	ecffbe0b5d9d97aadde6acb0fafe06b75a8d187331518f9d6f03386e0d437e59
iteration_1687	29897	dd10018d9a95fa3fb5a9b28007a213e2ecb57ac1c2321a085f3576ddc5ec73a9
iteration_1688	29923	55f320fc19e29d8526a9153118fb43ec55c81d0d3771e3dc75e01c80af87f41e
iteration_1689	29915	e6fc141bf83f927be810f4113b536abcbc0dd606358c44b4a8cb28429f42699a
iteration_1690	29938	c37819342f75b3a860261a7e230822f0b0986b5377fc13cfec53fa9c0bb261b9
iteration_1691	29893	75c0b5d01b149e2d53483a82ac3a153de37a8c77a7c5237d740d76d3c2d020ad
iteration_1692	29887	73c13e4df0170f7080b264f1684729e52be3387edda3413fc53eb4f98bc4037e
iteration_1693	29857	09b430800ef09e5f5f77c66fab99ac18854fa7249064fa9782f904536327b8e0
iteration_1694	29874	1f6fe4bf8dd84130fcd8c96be7fcba08e049a3ad8b369e744237bc37f634c396
iteration_1695	29853	e5c79bdd88368be1f22056d7efb28546e4b065ff51b9754940d0360a3f37e0cf
iteration_1696	29830	daeababa6974e6a63f1d2bcdf7339a13f5aa3cd1f611ee35bbf0d69758a67aa2
iteration_1697	29783	ac0d740439135e77596309669319f29f2af602d1062cf6e6f5d3f485be7f1c5c
iteration_1698	29753	0bb76f20e13bd0d198d51547f50b33317c4370bb94f663620084680a9ce8aafd
iteration_1699	29733	e7388c2d7cf9c4a47a4c9261385a3f083bd7cc72c5cb723a58d13172ab636c4b
iteration_1700	29776	d62ff03590e0d7eafa029ce36e70011fbab4e749f8de7d9f32628bdcae529024
iteration_1701	29847	7e5f7377beb7dc8bd759111a71f9f2c4860ce538001e43b331298537a8060379
iteration_1702	29842	9ebd1e5aab255758a9f1ca7353eca30fb106725e3e6727d333363ab2d05a5f40
iteration_1703	29908	c57ed73564cde2fcde57709b130d4001d2e0b8499dc466c696b1c5954d67ef72
iteration_1704	29966	3e5e8cde519cdad46f68b73c3499267e1ca83ab602bc53601d36635a4402ca49
iteration_1705	29950	c4db0cbbd804df2fe37e0575d1f19a8ff5ee0934363800c72e8c9c6e895a0b37
iteration_1706	29987	960c0a44fa429d4533b372d1423e6acbdb206d27f407c7a6ef71a55f37f00b4c
iteration_1707	29927	183b647949b9a0193f268545d1be254bf48d67996c23c13c358a8183a60ff969
iteration_1708	29971	b0a1b8f33892dc53c3605cacf11eed7ab51fbf41f30f4e9d1318e2356a54bd43
iteration_1709	29978	23ce0bed9f89b71c98c564addd585320ba7e53922792a3a689df7c2d323fe4ef
iteration_1710	30010	d399d60a473150c8b8725863d28a88ed71ab5746b99e9062b5d1e4d2afc8997e
iteration_1711	30024	15652b75adf899bca2663cb5157637df043149403c27381c7c9f1c9adf5b42c4
iteration_1712	29995	28a1829f75007404213415ff77e1b532995a75f7a65bb6cca53d291bdb837253
iteration_1713	30050	e0455d7f573572f99cb76a78cb86f7143233eaa09d35a5f07e4606309a0222b1
iteration_1714	30082	9d8164d0dbedcd0327b039e7a6c2737fcc6b767500907909d65981a90a82eb01
iteration_1715	30078	a7c1b4a5cc018cd963dfe00c53069b84d0b3e69bf0633fae46e0a42d3196d42c
iteration_1716	30108	663dcea7b7dbe58d99dd616ed453b7a89939fa1c6a588036b4b745c69695f524
iteration_1717	30089	1e7fe659001cf194137bce7da9d3f2264db65362941982814dec9d727601605d
iteration_1718	30115	868b4c4cc3598667bcaffde2160140de34b54c71fd718819d905adc838b2ec2c
iteration_1719	30140	43ce7a0de55e75e9149399c52d936afa9b5b0b7bea68d548fb332341475840df
iteration_1720	30164	ead626e2610fd946ea5f225462b1b713a0b17d3c29cc4c0ea7bb8f4a0c93a0da
iteration_1721	30131	165302497ed11384e2f480fe36db6f33fd59f6d7bc3138897fcdfe42fe9af39c
iteration_1722	30153	624e3722d18ca3dda42d6219fa9bdb742caeb3a745889d10e7be9161a60d44ca
iteration_1723	30214	f8874fe741093e2c8f8db885cfac7e3d8b24caccd0f83b51e101345384390f55
iteration_1724	30227	336467d1996aac4e426f4011b0cb91c7f7bca9e5d2b1ff4438b36e5e26d82ea5
iteration_1725	30262	75482b937de41b6ddc68ce20cd2c5c859eff2083447bef917d7779479b111ae9
iteration_1726	30251	f06fef828664388bf78f1b7e37d48494b0d995fa697f1c5abebbfe2a7c7dc3fa
iteration_1727	30252	1a2116f539a9c67d865869b0f9c2da0d7738e7435e62077597317b95323de140
iteration_1728	30330	427da171bdad1e5be0685560d90549cf0ca53903e9c3280e923ac9b722687320
iteration_1729	30274	e7fa6f30ec48e37555267512b718866cbf04e21b2069630176d3f027394e31ed
iteration_1730	30294	a89c82d05363397e0437f0becc9e9994e8314765df17d0b3ca32af7808c2c1af
iteration_1731	30304	3cbb591cf3fc8c350c3eea9f0124da2cd7e49f91197a23146f3b304e25b9dc92
iteration_1732	30349	f775bdff07602312052ebb07487875c6e03a020f68e3c1eea2ab944226ab524c
iteration_1733	30390	3b9ff6706cf4069007f5b6e537f832fa88338e390c35c5777de1a9effe28ab3a
iteration_1734	30413	e08a1d95c20ef4a3efc3dc36404826d18ab2516a8a649b7d732e1ee642701fba
iteration_1735	30379	f7172c7c76ffd3d493ff2ce27360c1986329895e84d5b704437be43d04990756
iteration_1736	30378	4120adbb5c61cdf6ea495f2501fbc43040a1c1494c6966206bc4fae45f089a02
iteration_1737	30356	d8915a202e02bb6a26593ea59cc95f4c5e56758042d02be4547a228b2ff37b3b
iteration_1738	30432	f376a56e18bde67c0684f901d99e37dc1d3f38030632971fe93b70a9605415c2
iteration_1739	30421	0689575436a5fbc9da75d67ee6054e6e16dff3867f4b857d84c61b43a5e859d7
iteration_1740	30443	b805f3ee3fd6b90062e08be78accc3304fed5ebef99df751e1dd1caaa54666dd
iteration_1741	30425	decf43923b2f3a4439be2f394eb894290fab6349c70dfa40fdce95f29489cb2a
iteration_1742	30481	7e290a15087e4e0b27ea5ccddb4efa2b0e48b3a7e39cc87dd7aba90c26c6dd41
iteration_1743	30540	4582e1f74f63faab5614fdb000431a0ad2dbc53d3fd7a5560377fc367d2b6756
iteration_1744	30566	acb35d8a2d373aedfffa4f28ba70dde8827ae114f84ef33bd5ec88f02f166733
iteration_1745	30573	8c140dedcd73d9dac10a6747609e90dad6f8ed99844b2d536376e584b87c7dd1
iteration_1746	30615	1713661653128cf7b46b7eca66bf2b865ea87efdfa51f2303085f77545e8c161
iteration_1747	30568	0e50d7f86e86da18d58668f80e364708a5a75002ac5d7ebfed705c3b215bca58
iteration_1748	30601	36e42e364b22feaca324d36d2531a36617fb811f33c95016935a9591e5d1a3b6
iteration_1749	30661	c96beaa93cf1d69d909bf70d5cdc874565354c025688604ddf79701a031d5c1f
iteration_1750	30622	998699b7f33725c9eda0cf90ee5f20b2d2c914e60e90cc101b2c6760d52025cc
iteration_1751	30666	a393c9cdfb38952245623ca3075fb95b21d51742d2c08fd399a6e22a8b0be42d
iteration_1752	30613	91b33ac1cae344060c8dbf3f9a27beab8f2b34205a42732ad44616967c216803
iteration_1753	30626	16dd46b580f1e5e9e77bad45fa3007e86a48a9ba7340f87e45e9dabf5e042540
iteration_1754	30650	1cf4474e6932b9c0f95e51d1acef33fdc7d6fab95cfd7735024199aedba02c9f
iteration_1755	30644	9301837aec0a75d6c908edad7f14c2b6b862d0b04e7b14de3cded3f56dd2a309
iteration_1756	30641	ebf704388fdc1bbb1750fef73f4c131b57155c76c866c37454d281abefaa8b2c
iteration_1757	30585	8d20395d0b4dbc6a1ca70e832c180d1cb04709c2a8e1ee55fd1c59e60914dfdd
iteration_1758	30691	a027000c04a89d0987d4f73ff4ef240d9894c9037fead8c8bc2aaa517551083c
iteration_1759	30693	57e3f08f65aecc5c4e6551e2ce5b019d7aeb8102cce5c6f6bacf20b0e64aa4c3
iteration_1760	30695	12af72626adbda5e40cdaec682f6e8289c4d5ae4ab760480280e63e504c988c8
iteration_1761	30691	b83e905d5d8397fc796bc129aba2ced1af1a34d34c706afee24ba5ffb75bb156
iteration_1762	30712	399f96c45cc1074f2bc9e7a67cf3934eb095a06f30449a0ad3ab952702bd634c
iteration_1763	30746	a4f7061addd7122322c4d97f1c23e231acebce6afe5714a2d9b3bf979f0d615a
iteration_1764	30766	03cd13aaa664144b7f7a8967ac8e42feed3020bf0b0806bb379493a2c8bb7423
iteration_1765	30819	b2b0a38e0666c5a5d8627c11248fa731b476c953a566a9e0a92d27783fc86e70
iteration_1766	30762	ea9e2cfeacfa038aa58a20d2edaaf6cf97a9bdd05d9a32fe8e9379cbffb45f5a
iteration_1767	30799	4d19c1ce6b13ecc5066552dcab38a26065272bf5bf264f2f5525cddda6bddb64
iteration_1768	30813	867468df2b4068d6b4a5411d8697d546af3fab4854fe5ae286d1d641b3c3ab18
iteration_1769	30746	0f63193244f6c0148d5249cf8ae411f5263cfceaa0f49bbf6eec28d9ffa3c2fe
iteration_1770	30801	56532bdc1cf50bb8236f33662a4be375a80331414efa2740feb42b05d999a2c8
iteration_1771	30798	497a2d7ed992a32289cf4321e8c64f34b285a12e26f0b0bfd8832b7dd0137f62
iteration_1772	30764	d8babc3fe0d3f36fde6e460ff5f8ffd7a02c6a5a261b40738e66f308406e64a5
iteration_1773	30795	83294754e052bd0ff52bb9a9ff23641e279fd16380f9ff7be143614d36fdb6ce
iteration_1774	30746	15be68d71e6f2705428ae066336d366977c072adb29bfa32e28a5e3c6b0eeba2
iteration_1775	30738	7fe105a54a1a3d3e337b681e69463d20f0222eda62e74e065bf59e1c6daf2ad7
iteration_1776	30714	4ca378d037c0e46d3c93200e7a20cd53c282613d28a48b18cc51a96c6a4298a0
iteration_1777	30708	616c5d76a8c170e456d9a7c279b1dc8161f4eac0d15eb694eabf728943392340
iteration_1778	30749	f8b7191217bff322625c2abd4775dbc4a17d4aaee9d729dd538972799fe24d7f
iteration_1779	30780	625c0af148318771b19015c674d97f10b5dd6a881779e1af1be9c8f552e60583
iteration_1780	30821	52f45e3a9320bb69024bcb3cde63bd8eb1320df720bcfbe0a49d7830d964d033
iteration_1781	30819	836ddb1fa7e92d6582d58de0e58110969503cc973f1dfb05d10e97206e9802c7
iteration_1782	30760	efbf6e79c018463817a0c54090284ad353b9e9c1a1ef8703a239ca58221b5783
iteration_1783	30772	4c10c543d1c1eaf032e6fec01affc79ede9635271e8905b6fd685d4e7986a84e
iteration_1784	30802	c7d20ef1e2141f52d87b89321869eec560f9ce075821b5dcbc8ae37d861eaa77
iteration_1785	30870	32665c171cebd42df3cfee559ec2fdc23d876fc0d03d5707a7191d25c281431e
iteration_1786	30787	55d937c25f11ff081087c48bf85282c0da105ead30b6e5977a118124d6b76add
iteration_1787	30777	051f32e450b630e3119e0d69883d21efa8d96a2c09d4a7c32acd90e2f43f6303
iteration_1788	30759	5c75eb3eb157013d4c9f9ed009e62c71ceb4b80ec4b99953738d2f89d729d45e
iteration_1789	30734	78091ed8401af359eecbcdda441214ce9f37341e1718b0c534d5a241a77ec58d
iteration_1790	30769	a106569328d87b5cddfc8c0c1f0a029c731c3fafd1d989d0eb939011923122e7
iteration_1791	30692	5bb587eb12dce5981b090fd9c585df6157dda49d5763bbf783a01c3e59965e45
iteration_1792	30674	2edcd0c71f7e4ad1bcf29e5edb5ed8c2c89baefe3cfbfd8f24e2deef75f83fe7
iteration_1793	30678	7e4115465f45057f2f20a14c5cb6642bc65351df59d26916a58ce81369077a4f
iteration_1794	30674	6a11c7437e122957f2a640b44b9ec5bd6599450e3267dc05d4d9dc34fdde332a
iteration_1795	30671	252d76d34673e23a0d75b5894603704f3d75a1e99cc60d9ebf7ad6741e09f251
iteration_1796	30719	a2daa6fddbad893deb88d35ebeffeb36ce4f68cb4563ff0cfb6cb6d6ba44e85b
iteration_1797	30748	563496a3da365c846866024c60a836fe7b75fcc6bd98401dd3778bb17ec52189
iteration_1798	30768	f88e2ef22b9eb401b5ce231bd4e29990b5167fe19fa4f9638d5be4c5cb3481c2
iteration_1799	30795	eeac015e8e01ef0af4acfb5648d83435a8e2e8877a7df3d26004cf4580eddbc6
iteration_1800	30872	ac6eccb1ab3ae9714b34f666d52f1d758a8582e50727b1fbba8817f179a58103
iteration_1801	30855	e3a8d61a045a5131197a08dbb31163078cf67a68399d86469617fed0b9077fae
iteration_1802	30821	d454fc70434b4ed7505becb4aa3f72808bdcb307d3312e46c6153c6362f6c418
