[INFO] [launch]: All log files can be found below /mnt/hgfs/workspace/CSTAR_CORE_M1H_H01_SEED4_20260909_R4/H01_seed4_M1H/ros_log/2026-09-09-02-05-34-149655-zyc-virtual-machine-86005
[INFO] [launch]: Default logging verbosity is set to INFO
[INFO] [vgr_sim_node-1]: process started with pid [86020]
[INFO] [gmrf_wind_mapping_node-2]: process started with pid [86022]
[gmrf_wind_mapping_node-2] 
[gmrf_wind_mapping_node-2] =================================================================
[gmrf_wind_mapping_node-2] =	        GMRF Wind-Distribution Mapping ROS2 Node              =
[gmrf_wind_mapping_node-2] =================================================================
[gmrf_wind_mapping_node-2] [GMRF_MAP] Generating GMRF for 2D WIND estimation...
[gmrf_wind_mapping_node-2] [CGMRF] Initialization Complete: 11410 factors for a map size of 2N=2204 nodes
[gmrf_wind_mapping_node-2] [INFO] [1788890738.084190117] [gmrf]: [GMRF-node] GMRF Initialized
[gmrf_wind_mapping_node-2] [INFO] [1788890738.089609743] [gmrf]: [gmrf-wind] MAIN LOOP....
[gmrf_wind_mapping_node-2] --> MAP did not converge after 1 iterations.
[gmrf_wind_mapping_node-2] [GMRF] MAP Mean value estimated in 10 milliseconds
[gmrf_wind_mapping_node-2] --> MAP did not converge after 1 iterations.
[gmrf_wind_mapping_node-2] [GMRF] MAP Mean value estimated in 10.5 milliseconds
[gmrf_wind_mapping_node-2] --> MAP did not converge after 1 iterations.
[gmrf_wind_mapping_node-2] [GMRF] MAP Mean value estimated in 9.33333 milliseconds
[gmrf_wind_mapping_node-2] --> MAP did not converge after 1 iterations.
[gmrf_wind_mapping_node-2] [GMRF] MAP Mean value estimated in 8.5 milliseconds
[gmrf_wind_mapping_node-2] --> MAP did not converge after 1 iterations.
[gmrf_wind_mapping_node-2] [GMRF] MAP Mean value estimated in 8 milliseconds
[vgr_sim_node-1] [INFO] [1788890738.509513663] [vgr_uav_sim]: Loading VGR data from /mnt/hgfs/workspace/GADEN_files/scenarios/House01, config=2,4-1_fast
[vgr_sim_node-1] [INFO] [1788890738.569997760] [vgr_uav_sim]: Occupancy: 87x114 slice z_idx=13 (z=0.3m), free=6866, obstacle=3052, input_sha256=846003ffbbc8e99aa322cf189356399412763710e937bb5e5316186afccf17cb
[gmrf_wind_mapping_node-2] --> MAP did not converge after 1 iterations.
[gmrf_wind_mapping_node-2] [GMRF] MAP Mean value estimated in 7.66667 milliseconds
[gmrf_wind_mapping_node-2] --> MAP did not converge after 1 iterations.
[gmrf_wind_mapping_node-2] [GMRF] MAP Mean value estimated in 7.57143 milliseconds
[gmrf_wind_mapping_node-2] --> MAP did not converge after 1 iterations.
[gmrf_wind_mapping_node-2] [GMRF] MAP Mean value estimated in 7.375 milliseconds
[vgr_sim_node-1] [INFO] [1788890738.851432979] [vgr_uav_sim]: Gas backend=raw_house1_snapshot exec=/home/zyc/CSTAR_CONTROLLED_ASSETS_20260907/tools/cstar_numeric_wind_raw_query env_root=/mnt/hgfs/workspace/GADEN_files/scenarios/House01 gas_results=/mnt/hgfs/workspace/GADEN_files/scenarios/House01/gas_simulations/2,4-1_fast/FilamentSimulation_gasType_10_sourcePosition_-0.40_-2.90_-0.30 max_iteration=1999
[vgr_sim_node-1] [INFO] [1788890738.853732282] [vgr_uav_sim]: Navigation grid: coarse 29x38 cell=0.3000 free=626 obstacle=476 (reduce_scale=3)
[vgr_sim_node-1] [INFO] [1788890738.881925166] [vgr_uav_sim]: UAV Sim v3 ready. Start=(-3.17,-1.75), sim_dt=0.200s, realtime_factor=1.00, sensor=asymmetric, vertical_motion=False, open_loop_profile=hover
[gmrf_wind_mapping_node-2] --> MAP did not converge after 1 iterations.
[gmrf_wind_mapping_node-2] [GMRF] MAP Mean value estimated in 7.22222 milliseconds
[gmrf_wind_mapping_node-2] --> MAP did not converge after 1 iterations.
[gmrf_wind_mapping_node-2] [GMRF] MAP Mean value estimated in 7.2 milliseconds
[gmrf_wind_mapping_node-2] --> MAP did not converge after 1 iterations.
[gmrf_wind_mapping_node-2] [GMRF] MAP Mean value estimated in 7.09091 milliseconds
[gmrf_wind_mapping_node-2] --> MAP did not converge after 1 iterations.
[gmrf_wind_mapping_node-2] [GMRF] MAP Mean value estimated in 7.5 milliseconds
[gmrf_wind_mapping_node-2] --> MAP did not converge after 1 iterations.
[gmrf_wind_mapping_node-2] [GMRF] MAP Mean value estimated in 7.61538 milliseconds
[gmrf_wind_mapping_node-2] --> MAP did not converge after 1 iterations.
[gmrf_wind_mapping_node-2] [GMRF] MAP Mean value estimated in 8.07143 milliseconds
[gmrf_wind_mapping_node-2] --> MAP did not converge after 1 iterations.
[gmrf_wind_mapping_node-2] [GMRF] MAP Mean value estimated in 8.4 milliseconds
[gmrf_wind_mapping_node-2] --> MAP did not converge after 1 iterations.
[gmrf_wind_mapping_node-2] [GMRF] MAP Mean value estimated in 8.6875 milliseconds
[gmrf_wind_mapping_node-2] --> MAP did not converge after 1 iterations.
[gmrf_wind_mapping_node-2] [GMRF] MAP Mean value estimated in 9.05882 milliseconds
[gmrf_wind_mapping_node-2] --> MAP did not converge after 1 iterations.
[gmrf_wind_mapping_node-2] [GMRF] MAP Mean value estimated in 9.05556 milliseconds
[gmrf_wind_mapping_node-2] --> MAP did not converge after 1 iterations.
[gmrf_wind_mapping_node-2] [GMRF] MAP Mean value estimated in 9 milliseconds
[gmrf_wind_mapping_node-2] --> MAP did not converge after 1 iterations.
[gmrf_wind_mapping_node-2] [GMRF] MAP Mean value estimated in 8.9 milliseconds
[gmrf_wind_mapping_node-2] --> MAP did not converge after 1 iterations.
[gmrf_wind_mapping_node-2] [GMRF] MAP Mean value estimated in 9.04762 milliseconds
[gmrf_wind_mapping_node-2] --> MAP did not converge after 1 iterations.
[gmrf_wind_mapping_node-2] [GMRF] MAP Mean value estimated in 9.27273 milliseconds
[gmrf_wind_mapping_node-2] --> MAP did not converge after 1 iterations.
[gmrf_wind_mapping_node-2] [GMRF] MAP Mean value estimated in 9.30435 milliseconds
[gmrf_wind_mapping_node-2] --> MAP did not converge after 1 iterations.
[gmrf_wind_mapping_node-2] [GMRF] MAP Mean value estimated in 9.54167 milliseconds
[gmrf_wind_mapping_node-2] --> MAP did not converge after 1 iterations.
[gmrf_wind_mapping_node-2] [GMRF] MAP Mean value estimated in 9.48 milliseconds
[gmrf_wind_mapping_node-2] --> MAP did not converge after 1 iterations.
[gmrf_wind_mapping_node-2] [GMRF] MAP Mean value estimated in 9.42308 milliseconds
[gmrf_wind_mapping_node-2] --> MAP did not converge after 1 iterations.
[gmrf_wind_mapping_node-2] [GMRF] MAP Mean value estimated in 9.55556 milliseconds
[gmrf_wind_mapping_node-2] --> MAP did not converge after 1 iterations.
[gmrf_wind_mapping_node-2] [GMRF] MAP Mean value estimated in 9.46429 milliseconds
[gmrf_wind_mapping_node-2] --> MAP did not converge after 1 iterations.
[gmrf_wind_mapping_node-2] [GMRF] MAP Mean value estimated in 9.44828 milliseconds
[gmrf_wind_mapping_node-2] --> MAP did not converge after 1 iterations.
[gmrf_wind_mapping_node-2] [GMRF] MAP Mean value estimated in 9.53333 milliseconds
[gmrf_wind_mapping_node-2] --> MAP did not converge after 1 iterations.
[gmrf_wind_mapping_node-2] [GMRF] MAP Mean value estimated in 9.6129 milliseconds
[gmrf_wind_mapping_node-2] --> MAP did not converge after 1 iterations.
[gmrf_wind_mapping_node-2] [GMRF] MAP Mean value estimated in 9.71875 milliseconds
[gmrf_wind_mapping_node-2] --> MAP did not converge after 1 iterations.
[gmrf_wind_mapping_node-2] [GMRF] MAP Mean value estimated in 9.78788 milliseconds
[gmrf_wind_mapping_node-2] --> MAP did not converge after 1 iterations.
[gmrf_wind_mapping_node-2] [GMRF] MAP Mean value estimated in 9.91176 milliseconds
[gmrf_wind_mapping_node-2] --> MAP did not converge after 1 iterations.
[gmrf_wind_mapping_node-2] [GMRF] MAP Mean value estimated in 10 milliseconds
[gmrf_wind_mapping_node-2] --> MAP did not converge after 1 iterations.
[gmrf_wind_mapping_node-2] [GMRF] MAP Mean value estimated in 10.1111 milliseconds
[gmrf_wind_mapping_node-2] --> MAP did not converge after 1 iterations.
[gmrf_wind_mapping_node-2] [GMRF] MAP Mean value estimated in 10.1351 milliseconds
[gmrf_wind_mapping_node-2] --> MAP did not converge after 1 iterations.
[gmrf_wind_mapping_node-2] [GMRF] MAP Mean value estimated in 10.2368 milliseconds
[gmrf_wind_mapping_node-2] --> MAP did not converge after 1 iterations.
[gmrf_wind_mapping_node-2] [GMRF] MAP Mean value estimated in 10.1795 milliseconds
[gmrf_wind_mapping_node-2] --> MAP did not converge after 1 iterations.
[gmrf_wind_mapping_node-2] [GMRF] MAP Mean value estimated in 10.25 milliseconds
[gmrf_wind_mapping_node-2] --> MAP did not converge after 1 iterations.
[gmrf_wind_mapping_node-2] [GMRF] MAP Mean value estimated in 10.3659 milliseconds
[gmrf_wind_mapping_node-2] --> MAP did not converge after 1 iterations.
[gmrf_wind_mapping_node-2] [GMRF] MAP Mean value estimated in 10.4286 milliseconds
[gmrf_wind_mapping_node-2] --> MAP did not converge after 1 iterations.
[gmrf_wind_mapping_node-2] [GMRF] MAP Mean value estimated in 10.3953 milliseconds
[gmrf_wind_mapping_node-2] --> MAP did not converge after 1 iterations.
[gmrf_wind_mapping_node-2] [GMRF] MAP Mean value estimated in 10.4318 milliseconds
[gmrf_wind_mapping_node-2] --> MAP did not converge after 1 iterations.
[gmrf_wind_mapping_node-2] [GMRF] MAP Mean value estimated in 10.5111 milliseconds
[gmrf_wind_mapping_node-2] --> MAP did not converge after 1 iterations.
[gmrf_wind_mapping_node-2] [GMRF] MAP Mean value estimated in 10.5217 milliseconds
[gmrf_wind_mapping_node-2] --> MAP did not converge after 1 iterations.
[gmrf_wind_mapping_node-2] [GMRF] MAP Mean value estimated in 10.5532 milliseconds
[gmrf_wind_mapping_node-2] --> MAP did not converge after 1 iterations.
[gmrf_wind_mapping_node-2] [GMRF] MAP Mean value estimated in 10.625 milliseconds
[gmrf_wind_mapping_node-2] --> MAP did not converge after 1 iterations.
[gmrf_wind_mapping_node-2] [GMRF] MAP Mean value estimated in 10.6531 milliseconds
[gmrf_wind_mapping_node-2] --> MAP did not converge after 1 iterations.
[gmrf_wind_mapping_node-2] [GMRF] MAP Mean value estimated in 10.66 milliseconds
[INFO] [gsl_actionserver_node-3]: process started with pid [86057]
[INFO] [gsl_benchmark_runner-4]: process started with pid [86059]
[gmrf_wind_mapping_node-2] --> MAP did not converge after 1 iterations.
[gmrf_wind_mapping_node-2] [GMRF] MAP Mean value estimated in 10.5882 milliseconds
[gsl_actionserver_node-3] [INFO] [1788890743.112205187] [GSL]: Starting GSL server
[gmrf_wind_mapping_node-2] --> MAP did not converge after 1 iterations.
[gmrf_wind_mapping_node-2] [GMRF] MAP Mean value estimated in 10.5 milliseconds
[gmrf_wind_mapping_node-2] --> MAP did not converge after 1 iterations.
[gmrf_wind_mapping_node-2] [GMRF] MAP Mean value estimated in 10.4151 milliseconds
[gmrf_wind_mapping_node-2] --> MAP did not converge after 1 iterations.
[gmrf_wind_mapping_node-2] [GMRF] MAP Mean value estimated in 10.3519 milliseconds
[gmrf_wind_mapping_node-2] --> MAP did not converge after 1 iterations.
[gmrf_wind_mapping_node-2] [GMRF] MAP Mean value estimated in 10.3636 milliseconds
[gmrf_wind_mapping_node-2] --> MAP did not converge after 1 iterations.
[gmrf_wind_mapping_node-2] [GMRF] MAP Mean value estimated in 10.3929 milliseconds
[gmrf_wind_mapping_node-2] --> MAP did not converge after 1 iterations.
[gmrf_wind_mapping_node-2] [GMRF] MAP Mean value estimated in 10.3333 milliseconds
[gmrf_wind_mapping_node-2] --> MAP did not converge after 1 iterations.
[gmrf_wind_mapping_node-2] [GMRF] MAP Mean value estimated in 10.3276 milliseconds
[gmrf_wind_mapping_node-2] --> MAP did not converge after 1 iterations.
[gmrf_wind_mapping_node-2] [GMRF] MAP Mean value estimated in 10.322 milliseconds
[gmrf_wind_mapping_node-2] --> MAP did not converge after 1 iterations.
[gmrf_wind_mapping_node-2] [GMRF] MAP Mean value estimated in 10.35 milliseconds
[gmrf_wind_mapping_node-2] --> MAP did not converge after 1 iterations.
[gmrf_wind_mapping_node-2] [GMRF] MAP Mean value estimated in 10.2951 milliseconds
[gmrf_wind_mapping_node-2] --> MAP did not converge after 1 iterations.
[gmrf_wind_mapping_node-2] [GMRF] MAP Mean value estimated in 10.3548 milliseconds
[gmrf_wind_mapping_node-2] --> MAP did not converge after 1 iterations.
[gmrf_wind_mapping_node-2] [GMRF] MAP Mean value estimated in 10.3492 milliseconds
[gmrf_wind_mapping_node-2] --> MAP did not converge after 1 iterations.
[gmrf_wind_mapping_node-2] [GMRF] MAP Mean value estimated in 10.3594 milliseconds
[gmrf_wind_mapping_node-2] --> MAP did not converge after 1 iterations.
[gmrf_wind_mapping_node-2] [GMRF] MAP Mean value estimated in 10.2923 milliseconds
[gmrf_wind_mapping_node-2] --> MAP did not converge after 1 iterations.
[gmrf_wind_mapping_node-2] [GMRF] MAP Mean value estimated in 10.2424 milliseconds
[gmrf_wind_mapping_node-2] --> MAP did not converge after 1 iterations.
[gmrf_wind_mapping_node-2] [GMRF] MAP Mean value estimated in 10.194 milliseconds
[gmrf_wind_mapping_node-2] --> MAP did not converge after 1 iterations.
[gmrf_wind_mapping_node-2] [GMRF] MAP Mean value estimated in 10.1324 milliseconds
[gmrf_wind_mapping_node-2] --> MAP did not converge after 1 iterations.
[gmrf_wind_mapping_node-2] [GMRF] MAP Mean value estimated in 10.087 milliseconds
[gmrf_wind_mapping_node-2] --> MAP did not converge after 1 iterations.
[gmrf_wind_mapping_node-2] [GMRF] MAP Mean value estimated in 10.0286 milliseconds
[gmrf_wind_mapping_node-2] --> MAP did not converge after 1 iterations.
[gmrf_wind_mapping_node-2] [GMRF] MAP Mean value estimated in 9.98592 milliseconds
[gmrf_wind_mapping_node-2] --> MAP did not converge after 1 iterations.
[gmrf_wind_mapping_node-2] [GMRF] MAP Mean value estimated in 9.95833 milliseconds
[gmrf_wind_mapping_node-2] --> MAP did not converge after 1 iterations.
[gmrf_wind_mapping_node-2] [GMRF] MAP Mean value estimated in 9.94521 milliseconds
[gmrf_wind_mapping_node-2] --> MAP did not converge after 1 iterations.
[gmrf_wind_mapping_node-2] [GMRF] MAP Mean value estimated in 9.89189 milliseconds
[gmrf_wind_mapping_node-2] --> MAP did not converge after 1 iterations.
[gmrf_wind_mapping_node-2] [GMRF] MAP Mean value estimated in 9.85333 milliseconds
[gmrf_wind_mapping_node-2] --> MAP did not converge after 1 iterations.
[gmrf_wind_mapping_node-2] [GMRF] MAP Mean value estimated in 9.82895 milliseconds
[gmrf_wind_mapping_node-2] --> MAP did not converge after 1 iterations.
[gmrf_wind_mapping_node-2] [GMRF] MAP Mean value estimated in 9.79221 milliseconds
[gmrf_wind_mapping_node-2] --> MAP did not converge after 1 iterations.
[gmrf_wind_mapping_node-2] [GMRF] MAP Mean value estimated in 9.76923 milliseconds
[gmrf_wind_mapping_node-2] --> MAP did not converge after 1 iterations.
[gmrf_wind_mapping_node-2] [GMRF] MAP Mean value estimated in 9.74684 milliseconds
[INFO] [ros2-5]: process started with pid [86085]
[gmrf_wind_mapping_node-2] --> MAP did not converge after 1 iterations.
[gmrf_wind_mapping_node-2] [GMRF] MAP Mean value estimated in 9.7625 milliseconds
[gmrf_wind_mapping_node-2] --> MAP did not converge after 1 iterations.
[gmrf_wind_mapping_node-2] [GMRF] MAP Mean value estimated in 9.7284 milliseconds
[gmrf_wind_mapping_node-2] --> MAP did not converge after 1 iterations.
[gmrf_wind_mapping_node-2] [GMRF] MAP Mean value estimated in 9.69512 milliseconds
[gmrf_wind_mapping_node-2] --> MAP did not converge after 1 iterations.
[gmrf_wind_mapping_node-2] [GMRF] MAP Mean value estimated in 9.66265 milliseconds
[gmrf_wind_mapping_node-2] --> MAP did not converge after 1 iterations.
[gmrf_wind_mapping_node-2] [GMRF] MAP Mean value estimated in 9.61905 milliseconds
[ros2-5] waiting for service to become available...
[gmrf_wind_mapping_node-2] --> MAP did not converge after 1 iterations.
[gmrf_wind_mapping_node-2] [GMRF] MAP Mean value estimated in 9.57647 milliseconds
[gmrf_wind_mapping_node-2] --> MAP did not converge after 1 iterations.
[gmrf_wind_mapping_node-2] [GMRF] MAP Mean value estimated in 9.59302 milliseconds
[gmrf_wind_mapping_node-2] --> MAP did not converge after 1 iterations.
[gmrf_wind_mapping_node-2] [GMRF] MAP Mean value estimated in 9.63218 milliseconds
[gmrf_wind_mapping_node-2] --> MAP did not converge after 1 iterations.
[gmrf_wind_mapping_node-2] [GMRF] MAP Mean value estimated in 9.60227 milliseconds
[gmrf_wind_mapping_node-2] --> MAP did not converge after 1 iterations.
[gmrf_wind_mapping_node-2] [GMRF] MAP Mean value estimated in 9.62921 milliseconds
[gmrf_wind_mapping_node-2] --> MAP did not converge after 1 iterations.
[gmrf_wind_mapping_node-2] [GMRF] MAP Mean value estimated in 9.62222 milliseconds
[gmrf_wind_mapping_node-2] --> MAP did not converge after 1 iterations.
[gmrf_wind_mapping_node-2] [GMRF] MAP Mean value estimated in 9.68132 milliseconds
[gmrf_wind_mapping_node-2] --> MAP did not converge after 1 iterations.
[gmrf_wind_mapping_node-2] [GMRF] MAP Mean value estimated in 9.75 milliseconds
[gmrf_wind_mapping_node-2] --> MAP did not converge after 1 iterations.
[gmrf_wind_mapping_node-2] [GMRF] MAP Mean value estimated in 9.70968 milliseconds
[gmrf_wind_mapping_node-2] --> MAP did not converge after 1 iterations.
[gmrf_wind_mapping_node-2] [GMRF] MAP Mean value estimated in 9.75532 milliseconds
[gmrf_wind_mapping_node-2] --> MAP did not converge after 1 iterations.
[gmrf_wind_mapping_node-2] [GMRF] MAP Mean value estimated in 9.76842 milliseconds
[gmrf_wind_mapping_node-2] --> MAP did not converge after 1 iterations.
[gmrf_wind_mapping_node-2] [GMRF] MAP Mean value estimated in 9.80208 milliseconds
[gmrf_wind_mapping_node-2] --> MAP did not converge after 1 iterations.
[gmrf_wind_mapping_node-2] [GMRF] MAP Mean value estimated in 9.81443 milliseconds
[gmrf_wind_mapping_node-2] --> MAP did not converge after 1 iterations.
[gmrf_wind_mapping_node-2] [GMRF] MAP Mean value estimated in 9.83673 milliseconds
[gmrf_wind_mapping_node-2] --> MAP did not converge after 1 iterations.
[gmrf_wind_mapping_node-2] [GMRF] MAP Mean value estimated in 9.80808 milliseconds
[gmrf_wind_mapping_node-2] --> MAP did not converge after 1 iterations.
[gmrf_wind_mapping_node-2] [GMRF] MAP Mean value estimated in 9.77 milliseconds
[gmrf_wind_mapping_node-2] --> MAP did not converge after 1 iterations.
[gmrf_wind_mapping_node-2] [GMRF] MAP Mean value estimated in 9.78218 milliseconds
[gsl_actionserver_node-3] [INFO] [1788890748.147266119] [GSL]: GSL action server is ready for action!
[ros2-5] requester: making request: std_srvs.srv.Trigger_Request()
[ros2-5] 
[ros2-5] response:
[ros2-5] std_srvs.srv.Trigger_Response(success=True, message='started at step=0, t_sim=0.000000')
[ros2-5] 
[gmrf_wind_mapping_node-2] --> MAP did not converge after 1 iterations.
[gmrf_wind_mapping_node-2] [GMRF] MAP Mean value estimated in 9.86275 milliseconds
[gmrf_wind_mapping_node-2] --> MAP did not converge after 1 iterations.
[gmrf_wind_mapping_node-2] [GMRF] MAP Mean value estimated in 9.87379 milliseconds
[INFO] [ros2-5]: process has finished cleanly [pid 86085]
[gmrf_wind_mapping_node-2] --> MAP did not converge after 1 iterations.
[gmrf_wind_mapping_node-2] [GMRF] MAP Mean value estimated in 9.91346 milliseconds
[gmrf_wind_mapping_node-2] --> MAP did not converge after 1 iterations.
[gmrf_wind_mapping_node-2] [GMRF] MAP Mean value estimated in 9.93333 milliseconds
[gmrf_wind_mapping_node-2] --> MAP did not converge after 1 iterations.
[gmrf_wind_mapping_node-2] [GMRF] MAP Mean value estimated in 9.93396 milliseconds
[gmrf_wind_mapping_node-2] --> MAP did not converge after 1 iterations.
[gmrf_wind_mapping_node-2] [GMRF] MAP Mean value estimated in 9.95327 milliseconds
[gmrf_wind_mapping_node-2] --> MAP did not converge after 1 iterations.
[gmrf_wind_mapping_node-2] [GMRF] MAP Mean value estimated in 10.0093 milliseconds
[gmrf_wind_mapping_node-2] --> MAP did not converge after 1 iterations.
[gmrf_wind_mapping_node-2] [GMRF] MAP Mean value estimated in 10.0183 milliseconds
[gmrf_wind_mapping_node-2] --> MAP did not converge after 1 iterations.
[gmrf_wind_mapping_node-2] [GMRF] MAP Mean value estimated in 9.99091 milliseconds
[gmrf_wind_mapping_node-2] --> MAP did not converge after 1 iterations.
[gmrf_wind_mapping_node-2] [GMRF] MAP Mean value estimated in 10.036 milliseconds
[gsl_actionserver_node-3] [INFO] [1788890749.149278654] [GSL]: [33mRequest received: PMFS[0m
[gmrf_wind_mapping_node-2] --> MAP did not converge after 1 iterations.
[gmrf_wind_mapping_node-2] [GMRF] MAP Mean value estimated in 10.0714 milliseconds
[gmrf_wind_mapping_node-2] --> MAP did not converge after 1 iterations.
[gmrf_wind_mapping_node-2] [GMRF] MAP Mean value estimated in 10.0619 milliseconds
[gmrf_wind_mapping_node-2] --> MAP did not converge after 1 iterations.
[gmrf_wind_mapping_node-2] [GMRF] MAP Mean value estimated in 10.0877 milliseconds
[gmrf_wind_mapping_node-2] --> MAP did not converge after 1 iterations.
[gmrf_wind_mapping_node-2] [GMRF] MAP Mean value estimated in 10.0957 milliseconds
[gmrf_wind_mapping_node-2] --> MAP did not converge after 1 iterations.
[gmrf_wind_mapping_node-2] [GMRF] MAP Mean value estimated in 10.0862 milliseconds
[gmrf_wind_mapping_node-2] --> MAP did not converge after 1 iterations.
[gmrf_wind_mapping_node-2] [GMRF] MAP Mean value estimated in 10.0684 milliseconds
[gmrf_wind_mapping_node-2] --> MAP did not converge after 1 iterations.
[gmrf_wind_mapping_node-2] [GMRF] MAP Mean value estimated in 10.0593 milliseconds
[gmrf_wind_mapping_node-2] --> MAP did not converge after 1 iterations.
[gmrf_wind_mapping_node-2] [GMRF] MAP Mean value estimated in 10.0336 milliseconds
[gmrf_wind_mapping_node-2] --> MAP did not converge after 1 iterations.
[gmrf_wind_mapping_node-2] [GMRF] MAP Mean value estimated in 10.0083 milliseconds
[gmrf_wind_mapping_node-2] --> MAP did not converge after 1 iterations.
[gmrf_wind_mapping_node-2] [GMRF] MAP Mean value estimated in 9.98347 milliseconds
[gsl_actionserver_node-3] [INFO] [1788890750.163062611] [GSL]: Waiting to hear from localization topic: /amcl_pose
[gsl_actionserver_node-3] [INFO] [1788890750.165101970] [GSL]: Gas sensor topic: '/PID/Sensor_reading'
[gsl_actionserver_node-3] [INFO] [1788890750.165644401] [GSL]: Wind sensor topic: '/Anemometer/WindSensor_reading'
[gsl_actionserver_node-3] [INFO] [1788890750.165676539] [GSL]: [34mINITIALIZATON COMPLETED[0m
[gsl_actionserver_node-3] [INFO] [1788890750.182721487] [GSL - Trace]: [32mEntering WaitForMap[0m
[gsl_actionserver_node-3] [INFO] [1788890750.182758374] [GSL - Trace]: [32mNeed occupancy map and costmap[0m
[gmrf_wind_mapping_node-2] --> MAP did not converge after 1 iterations.
[gmrf_wind_mapping_node-2] [GMRF] MAP Mean value estimated in 9.95082 milliseconds
[gsl_actionserver_node-3] [INFO] [1788890750.234674773] [GSL - Trace]: [32mGot occupancy map[0m
[gsl_actionserver_node-3] [INFO] [1788890750.234753196] [GSL]: 
[gsl_actionserver_node-3] --------------GSL---------------
[gsl_actionserver_node-3] Occupancy Map dimensions:
[gsl_actionserver_node-3] x_min:-7.5 x_max:1.1   -   y_min:-7.9 y_max:3.5
[gsl_actionserver_node-3] --------------------------------
[gsl_actionserver_node-3] [INFO] [1788890750.234920544] [GSL]: [MAP-DEBUG] 87x114 res=0.1000 free=6866 obs=3052 unk=0 origin=(-7.55,-7.88)
[gsl_actionserver_node-3] [INFO] [1788890750.236065431] [GSL - Trace]: [32mCreated grid[0m
[gsl_actionserver_node-3] [INFO] [1788890750.236085090] [GSL]: [DEBUG] After reduceOccupancyMap: free=626 obstacle=476 total=1102
[gsl_actionserver_node-3] [INFO] [1788890750.236551969] [GSL - Trace]: [32mPruned unreachable cells[0m
[gsl_actionserver_node-3] [INFO] [1788890750.236560746] [GSL]: [DEBUG] After PruneUnreachable: free=626 obstacle=476 total=1102
[gsl_actionserver_node-3] [INFO] [1788890750.236568321] [GSL]: [DEBUG] Grid dims: 29x38 scale=3 cellSize=0.3
[gsl_actionserver_node-3] [INFO] [1788890750.236574844] [GSL]: [DEBUG] Start pos: (-3.17, -1.75)
[gsl_actionserver_node-3] [INFO] [1788890750.241587758] [GSL - Trace]: [32mCreated visibility map[0m
[gsl_actionserver_node-3] [INFO] [1788890750.244785863] [GSL]: Number of cells after fusing quadtree: 74
[gsl_actionserver_node-3] [INFO] [1788890750.245588719] [GSL]: [DEBUG-WIND] useGroundTruth=false gmrf_req_size=626 gaden_req_size=-1
[gsl_actionserver_node-3] [INFO] [1788890750.245604267] [GSL]: [DEBUG-WIND] Taking GMRF path
[gsl_actionserver_node-3] [INFO] [1788890750.290682333] [GSL - Trace]: [32mEntering StopAndMeasure[0m
[gmrf_wind_mapping_node-2] --> MAP did not converge after 1 iterations.
[gmrf_wind_mapping_node-2] [GMRF] MAP Mean value estimated in 9.92683 milliseconds
[gmrf_wind_mapping_node-2] --> MAP did not converge after 1 iterations.
[gmrf_wind_mapping_node-2] [GMRF] MAP Mean value estimated in 9.90323 milliseconds
[gmrf_wind_mapping_node-2] --> MAP did not converge after 1 iterations.
[gmrf_wind_mapping_node-2] [GMRF] MAP Mean value estimated in 9.88 milliseconds
[gmrf_wind_mapping_node-2] --> MAP did not converge after 1 iterations.
[gmrf_wind_mapping_node-2] [GMRF] MAP Mean value estimated in 9.85714 milliseconds
[gmrf_wind_mapping_node-2] --> MAP did not converge after 1 iterations.
[gmrf_wind_mapping_node-2] [GMRF] MAP Mean value estimated in 9.83465 milliseconds
[gmrf_wind_mapping_node-2] --> MAP did not converge after 1 iterations.
[gmrf_wind_mapping_node-2] [GMRF] MAP Mean value estimated in 9.8125 milliseconds
[gmrf_wind_mapping_node-2] --> MAP did not converge after 1 iterations.
[gmrf_wind_mapping_node-2] [GMRF] MAP Mean value estimated in 9.78295 milliseconds
[gsl_actionserver_node-3] [INFO] [1788890750.934592360] [GSL - Trace]: [32mGot cost map[0m
[gmrf_wind_mapping_node-2] --> MAP did not converge after 1 iterations.
[gmrf_wind_mapping_node-2] [GMRF] MAP Mean value estimated in 9.75385 milliseconds
[gmrf_wind_mapping_node-2] --> MAP did not converge after 1 iterations.
[gmrf_wind_mapping_node-2] [GMRF] MAP Mean value estimated in 9.73282 milliseconds
[gmrf_wind_mapping_node-2] --> MAP did not converge after 1 iterations.
[gmrf_wind_mapping_node-2] [GMRF] MAP Mean value estimated in 9.76515 milliseconds
[gmrf_wind_mapping_node-2] --> MAP did not converge after 1 iterations.
[gmrf_wind_mapping_node-2] [GMRF] MAP Mean value estimated in 9.78195 milliseconds
[gmrf_wind_mapping_node-2] --> MAP did not converge after 1 iterations.
[gmrf_wind_mapping_node-2] [GMRF] MAP Mean value estimated in 9.79851 milliseconds
[gmrf_wind_mapping_node-2] --> MAP did not converge after 1 iterations.
[gmrf_wind_mapping_node-2] [GMRF] MAP Mean value estimated in 9.82963 milliseconds
[gmrf_wind_mapping_node-2] --> MAP did not converge after 1 iterations.
[gmrf_wind_mapping_node-2] [GMRF] MAP Mean value estimated in 9.81618 milliseconds
[gmrf_wind_mapping_node-2] --> MAP did not converge after 1 iterations.
[gmrf_wind_mapping_node-2] [GMRF] MAP Mean value estimated in 9.83942 milliseconds
[gmrf_wind_mapping_node-2] --> MAP did not converge after 1 iterations.
[gmrf_wind_mapping_node-2] [GMRF] MAP Mean value estimated in 9.89855 milliseconds
[gmrf_wind_mapping_node-2] --> MAP did not converge after 1 iterations.
[gmrf_wind_mapping_node-2] [GMRF] MAP Mean value estimated in 9.8777 milliseconds
[gmrf_wind_mapping_node-2] --> MAP did not converge after 1 iterations.
[gmrf_wind_mapping_node-2] [GMRF] MAP Mean value estimated in 9.89286 milliseconds
[gmrf_wind_mapping_node-2] --> MAP did not converge after 1 iterations.
[gmrf_wind_mapping_node-2] [GMRF] MAP Mean value estimated in 9.87234 milliseconds
[gsl_actionserver_node-3] [INFO] [1788890752.135521226] [GSL]: 10 gas measurements, 10 wind measurements over 1.84 seconds
[gsl_actionserver_node-3] [INFO] [1788890752.136115223] [GSL]: avg_gas=0.031;  avg_windSpeed=0.063;  avg_wind_dir=-1.8
[gsl_actionserver_node-3] [INFO] [1788890752.136776074] [GSL]: [33mNOTHING [0m
[gsl_actionserver_node-3] [INFO] [1788890752.136787984] [GSL]: [DEBUG-WIND] useGroundTruth=false gmrf_req_size=626 gaden_req_size=-1
[gsl_actionserver_node-3] [INFO] [1788890752.136797224] [GSL]: [DEBUG-WIND] Taking GMRF path
[gsl_actionserver_node-3] [INFO] [1788890752.192693014] [GSL - Trace]: [32mEntering StopAndMeasure[0m
[gmrf_wind_mapping_node-2] --> MAP did not converge after 1 iterations.
[gmrf_wind_mapping_node-2] [GMRF] MAP Mean value estimated in 9.91549 milliseconds
[gmrf_wind_mapping_node-2] --> MAP did not converge after 1 iterations.
[gmrf_wind_mapping_node-2] [GMRF] MAP Mean value estimated in 9.92308 milliseconds
[gmrf_wind_mapping_node-2] --> MAP did not converge after 1 iterations.
[gmrf_wind_mapping_node-2] [GMRF] MAP Mean value estimated in 9.95139 milliseconds
[gmrf_wind_mapping_node-2] --> MAP did not converge after 1 iterations.
[gmrf_wind_mapping_node-2] [GMRF] MAP Mean value estimated in 9.97241 milliseconds
[gmrf_wind_mapping_node-2] --> MAP did not converge after 1 iterations.
[gmrf_wind_mapping_node-2] [GMRF] MAP Mean value estimated in 10 milliseconds
[gmrf_wind_mapping_node-2] --> MAP did not converge after 1 iterations.
[gmrf_wind_mapping_node-2] [GMRF] MAP Mean value estimated in 10 milliseconds
[gmrf_wind_mapping_node-2] --> MAP did not converge after 1 iterations.
[gmrf_wind_mapping_node-2] [GMRF] MAP Mean value estimated in 10 milliseconds
[gmrf_wind_mapping_node-2] --> MAP did not converge after 1 iterations.
[gmrf_wind_mapping_node-2] [GMRF] MAP Mean value estimated in 9.97987 milliseconds
[gmrf_wind_mapping_node-2] --> MAP did not converge after 1 iterations.
[gmrf_wind_mapping_node-2] [GMRF] MAP Mean value estimated in 10.0067 milliseconds
[gmrf_wind_mapping_node-2] --> MAP did not converge after 1 iterations.
[gmrf_wind_mapping_node-2] [GMRF] MAP Mean value estimated in 10.0331 milliseconds
[gmrf_wind_mapping_node-2] --> MAP did not converge after 1 iterations.
[gmrf_wind_mapping_node-2] [GMRF] MAP Mean value estimated in 10.0132 milliseconds
[gmrf_wind_mapping_node-2] --> MAP did not converge after 1 iterations.
[gmrf_wind_mapping_node-2] [GMRF] MAP Mean value estimated in 10.0131 milliseconds
[gmrf_wind_mapping_node-2] --> MAP did not converge after 1 iterations.
[gmrf_wind_mapping_node-2] [GMRF] MAP Mean value estimated in 10.0195 milliseconds
[gmrf_wind_mapping_node-2] --> MAP did not converge after 1 iterations.
[gmrf_wind_mapping_node-2] [GMRF] MAP Mean value estimated in 10.0258 milliseconds
[gmrf_wind_mapping_node-2] --> MAP did not converge after 1 iterations.
[gmrf_wind_mapping_node-2] [GMRF] MAP Mean value estimated in 10.0577 milliseconds
[gmrf_wind_mapping_node-2] --> MAP did not converge after 1 iterations.
[gmrf_wind_mapping_node-2] [GMRF] MAP Mean value estimated in 10.0637 milliseconds
[gmrf_wind_mapping_node-2] --> MAP did not converge after 1 iterations.
[gmrf_wind_mapping_node-2] [GMRF] MAP Mean value estimated in 10.057 milliseconds
[gmrf_wind_mapping_node-2] --> MAP did not converge after 1 iterations.
[gmrf_wind_mapping_node-2] [GMRF] MAP Mean value estimated in 10.0377 milliseconds
[gmrf_wind_mapping_node-2] --> MAP did not converge after 1 iterations.
[gmrf_wind_mapping_node-2] [GMRF] MAP Mean value estimated in 10.075 milliseconds
[gmrf_wind_mapping_node-2] --> MAP did not converge after 1 iterations.
[gmrf_wind_mapping_node-2] [GMRF] MAP Mean value estimated in 10.0994 milliseconds
[gsl_actionserver_node-3] [INFO] [1788890754.135173051] [GSL]: 10 gas measurements, 10 wind measurements over 1.94 seconds
[gsl_actionserver_node-3] [INFO] [1788890754.135237659] [GSL]: avg_gas=0.031;  avg_windSpeed=0.05;  avg_wind_dir=0.074
[gsl_actionserver_node-3] [INFO] [1788890754.135771872] [GSL]: [33mNOTHING [0m
[gsl_actionserver_node-3] [INFO] [1788890754.135781501] [GSL]: [DEBUG-WIND] useGroundTruth=false gmrf_req_size=626 gaden_req_size=-1
[gsl_actionserver_node-3] [INFO] [1788890754.135789070] [GSL]: [DEBUG-WIND] Taking GMRF path
[gsl_actionserver_node-3] [INFO] [1788890754.191400821] [GSL - Trace]: [32mEntering StopAndMeasure[0m
[gmrf_wind_mapping_node-2] --> MAP did not converge after 1 iterations.
[gmrf_wind_mapping_node-2] [GMRF] MAP Mean value estimated in 10.1296 milliseconds
[gmrf_wind_mapping_node-2] --> MAP did not converge after 1 iterations.
[gmrf_wind_mapping_node-2] [GMRF] MAP Mean value estimated in 10.1104 milliseconds
[gmrf_wind_mapping_node-2] --> MAP did not converge after 1 iterations.
[gmrf_wind_mapping_node-2] [GMRF] MAP Mean value estimated in 10.0976 milliseconds
[gmrf_wind_mapping_node-2] --> MAP did not converge after 1 iterations.
[gmrf_wind_mapping_node-2] [GMRF] MAP Mean value estimated in 10.0848 milliseconds
[gmrf_wind_mapping_node-2] --> MAP did not converge after 1 iterations.
[gmrf_wind_mapping_node-2] [GMRF] MAP Mean value estimated in 10.0663 milliseconds
[gmrf_wind_mapping_node-2] --> MAP did not converge after 1 iterations.
[gmrf_wind_mapping_node-2] [GMRF] MAP Mean value estimated in 10.0539 milliseconds
[gmrf_wind_mapping_node-2] --> MAP did not converge after 1 iterations.
[gmrf_wind_mapping_node-2] [GMRF] MAP Mean value estimated in 10.0357 milliseconds
[gmrf_wind_mapping_node-2] --> MAP did not converge after 1 iterations.
[gmrf_wind_mapping_node-2] [GMRF] MAP Mean value estimated in 10.0178 milliseconds
[gmrf_wind_mapping_node-2] --> MAP did not converge after 1 iterations.
[gmrf_wind_mapping_node-2] [GMRF] MAP Mean value estimated in 10.0059 milliseconds
[gmrf_wind_mapping_node-2] --> MAP did not converge after 1 iterations.
[gmrf_wind_mapping_node-2] [GMRF] MAP Mean value estimated in 10.0117 milliseconds
[gmrf_wind_mapping_node-2] --> MAP did not converge after 1 iterations.
[gmrf_wind_mapping_node-2] [GMRF] MAP Mean value estimated in 9.99419 milliseconds
[gmrf_wind_mapping_node-2] --> MAP did not converge after 1 iterations.
[gmrf_wind_mapping_node-2] [GMRF] MAP Mean value estimated in 9.97688 milliseconds
[gmrf_wind_mapping_node-2] --> MAP did not converge after 1 iterations.
[gmrf_wind_mapping_node-2] [GMRF] MAP Mean value estimated in 9.95402 milliseconds
[gmrf_wind_mapping_node-2] --> MAP did not converge after 1 iterations.
[gmrf_wind_mapping_node-2] [GMRF] MAP Mean value estimated in 9.96 milliseconds
[gmrf_wind_mapping_node-2] --> MAP did not converge after 1 iterations.
[gmrf_wind_mapping_node-2] [GMRF] MAP Mean value estimated in 9.94318 milliseconds
[gmrf_wind_mapping_node-2] --> MAP did not converge after 1 iterations.
[gmrf_wind_mapping_node-2] [GMRF] MAP Mean value estimated in 9.93785 milliseconds
[gmrf_wind_mapping_node-2] --> MAP did not converge after 1 iterations.
[gmrf_wind_mapping_node-2] [GMRF] MAP Mean value estimated in 9.93258 milliseconds
[gmrf_wind_mapping_node-2] --> MAP did not converge after 1 iterations.
[gmrf_wind_mapping_node-2] [GMRF] MAP Mean value estimated in 9.9162 milliseconds
[gmrf_wind_mapping_node-2] --> MAP did not converge after 1 iterations.
[gmrf_wind_mapping_node-2] [GMRF] MAP Mean value estimated in 9.90556 milliseconds
[gmrf_wind_mapping_node-2] --> MAP did not converge after 1 iterations.
[gmrf_wind_mapping_node-2] [GMRF] MAP Mean value estimated in 9.9116 milliseconds
[gsl_actionserver_node-3] [INFO] [1788890756.135272862] [GSL]: 10 gas measurements, 10 wind measurements over 1.94 seconds
[gsl_actionserver_node-3] [INFO] [1788890756.136060558] [GSL]: avg_gas=0.034;  avg_windSpeed=0.063;  avg_wind_dir=-1.8
[gsl_actionserver_node-3] [INFO] [1788890756.137260202] [GSL]: [33mNOTHING [0m
[gsl_actionserver_node-3] [INFO] [1788890756.137303148] [GSL]: [DEBUG-WIND] useGroundTruth=false gmrf_req_size=626 gaden_req_size=-1
[gsl_actionserver_node-3] [INFO] [1788890756.137316700] [GSL]: [DEBUG-WIND] Taking GMRF path
[gsl_actionserver_node-3] [INFO] [1788890756.191740135] [GSL - Trace]: [32mEntering StopAndMeasure[0m
[gmrf_wind_mapping_node-2] --> MAP did not converge after 1 iterations.
[gmrf_wind_mapping_node-2] [GMRF] MAP Mean value estimated in 9.91209 milliseconds
[gmrf_wind_mapping_node-2] --> MAP did not converge after 1 iterations.
[gmrf_wind_mapping_node-2] [GMRF] MAP Mean value estimated in 9.9235 milliseconds
[gmrf_wind_mapping_node-2] --> MAP did not converge after 1 iterations.
[gmrf_wind_mapping_node-2] [GMRF] MAP Mean value estimated in 9.95652 milliseconds
[gmrf_wind_mapping_node-2] --> MAP did not converge after 1 iterations.
[gmrf_wind_mapping_node-2] [GMRF] MAP Mean value estimated in 9.95135 milliseconds
[gmrf_wind_mapping_node-2] --> MAP did not converge after 1 iterations.
[gmrf_wind_mapping_node-2] [GMRF] MAP Mean value estimated in 9.96774 milliseconds
[gmrf_wind_mapping_node-2] --> MAP did not converge after 1 iterations.
[gmrf_wind_mapping_node-2] [GMRF] MAP Mean value estimated in 9.95722 milliseconds
[gmrf_wind_mapping_node-2] --> MAP did not converge after 1 iterations.
[gmrf_wind_mapping_node-2] [GMRF] MAP Mean value estimated in 9.94149 milliseconds
[gmrf_wind_mapping_node-2] --> MAP did not converge after 1 iterations.
[gmrf_wind_mapping_node-2] [GMRF] MAP Mean value estimated in 9.92593 milliseconds
[gmrf_wind_mapping_node-2] --> MAP did not converge after 1 iterations.
[gmrf_wind_mapping_node-2] [GMRF] MAP Mean value estimated in 9.94211 milliseconds
[gmrf_wind_mapping_node-2] --> MAP did not converge after 1 iterations.
[gmrf_wind_mapping_node-2] [GMRF] MAP Mean value estimated in 9.95288 milliseconds
[gmrf_wind_mapping_node-2] --> MAP did not converge after 1 iterations.
[gmrf_wind_mapping_node-2] [GMRF] MAP Mean value estimated in 9.9375 milliseconds
[gmrf_wind_mapping_node-2] --> MAP did not converge after 1 iterations.
[gmrf_wind_mapping_node-2] [GMRF] MAP Mean value estimated in 9.96891 milliseconds
[gmrf_wind_mapping_node-2] --> MAP did not converge after 1 iterations.
[gmrf_wind_mapping_node-2] [GMRF] MAP Mean value estimated in 9.95361 milliseconds
[gmrf_wind_mapping_node-2] --> MAP did not converge after 1 iterations.
[gmrf_wind_mapping_node-2] [GMRF] MAP Mean value estimated in 9.9641 milliseconds
[gmrf_wind_mapping_node-2] --> MAP did not converge after 1 iterations.
[gmrf_wind_mapping_node-2] [GMRF] MAP Mean value estimated in 9.94898 milliseconds
[gmrf_wind_mapping_node-2] --> MAP did not converge after 1 iterations.
[gmrf_wind_mapping_node-2] [GMRF] MAP Mean value estimated in 9.93401 milliseconds
[gmrf_wind_mapping_node-2] --> MAP did not converge after 1 iterations.
[gmrf_wind_mapping_node-2] [GMRF] MAP Mean value estimated in 9.95455 milliseconds
[gmrf_wind_mapping_node-2] --> MAP did not converge after 1 iterations.
[gmrf_wind_mapping_node-2] [GMRF] MAP Mean value estimated in 9.96482 milliseconds
[gmrf_wind_mapping_node-2] --> MAP did not converge after 1 iterations.
[gmrf_wind_mapping_node-2] [GMRF] MAP Mean value estimated in 9.98 milliseconds
[gmrf_wind_mapping_node-2] --> MAP did not converge after 1 iterations.
[gmrf_wind_mapping_node-2] [GMRF] MAP Mean value estimated in 9.99005 milliseconds
[gsl_actionserver_node-3] [INFO] [1788890758.135092179] [GSL]: 10 gas measurements, 10 wind measurements over 1.94 seconds
[gsl_actionserver_node-3] [INFO] [1788890758.135184795] [GSL]: avg_gas=0.047;  avg_windSpeed=0.05;  avg_wind_dir=0.074
[gsl_actionserver_node-3] [INFO] [1788890758.135991604] [GSL]: [33mNOTHING [0m
[gsl_actionserver_node-3] [INFO] [1788890758.136006913] [GSL]: [DEBUG-WIND] useGroundTruth=false gmrf_req_size=626 gaden_req_size=-1
[gsl_actionserver_node-3] [INFO] [1788890758.136017806] [GSL]: [DEBUG-WIND] Taking GMRF path
[gsl_actionserver_node-3] [INFO] [1788890758.191740590] [GSL - Trace]: [32mEntering StopAndMeasure[0m
[gmrf_wind_mapping_node-2] --> MAP did not converge after 1 iterations.
[gmrf_wind_mapping_node-2] [GMRF] MAP Mean value estimated in 10 milliseconds
[gmrf_wind_mapping_node-2] --> MAP did not converge after 1 iterations.
[gmrf_wind_mapping_node-2] [GMRF] MAP Mean value estimated in 10.0099 milliseconds
[gmrf_wind_mapping_node-2] --> MAP did not converge after 1 iterations.
[gmrf_wind_mapping_node-2] [GMRF] MAP Mean value estimated in 10.0196 milliseconds
[gmrf_wind_mapping_node-2] --> MAP did not converge after 1 iterations.
[gmrf_wind_mapping_node-2] [GMRF] MAP Mean value estimated in 10.0293 milliseconds
[gmrf_wind_mapping_node-2] --> MAP did not converge after 1 iterations.
[gmrf_wind_mapping_node-2] [GMRF] MAP Mean value estimated in 10.0583 milliseconds
[gmrf_wind_mapping_node-2] --> MAP did not converge after 1 iterations.
[gmrf_wind_mapping_node-2] [GMRF] MAP Mean value estimated in 10.0483 milliseconds
[gmrf_wind_mapping_node-2] --> MAP did not converge after 1 iterations.
[gmrf_wind_mapping_node-2] [GMRF] MAP Mean value estimated in 10.0721 milliseconds
[gmrf_wind_mapping_node-2] --> MAP did not converge after 1 iterations.
[gmrf_wind_mapping_node-2] [GMRF] MAP Mean value estimated in 10.0622 milliseconds
[gmrf_wind_mapping_node-2] --> MAP did not converge after 1 iterations.
[gmrf_wind_mapping_node-2] [GMRF] MAP Mean value estimated in 10.081 milliseconds
[gmrf_wind_mapping_node-2] --> MAP did not converge after 1 iterations.
[gmrf_wind_mapping_node-2] [GMRF] MAP Mean value estimated in 10.0711 milliseconds
[gmrf_wind_mapping_node-2] --> MAP did not converge after 1 iterations.
[gmrf_wind_mapping_node-2] [GMRF] MAP Mean value estimated in 10.0896 milliseconds
[gmrf_wind_mapping_node-2] --> MAP did not converge after 1 iterations.
[gmrf_wind_mapping_node-2] [GMRF] MAP Mean value estimated in 10.0939 milliseconds
[gmrf_wind_mapping_node-2] --> MAP did not converge after 1 iterations.
[gmrf_wind_mapping_node-2] [GMRF] MAP Mean value estimated in 10.1075 milliseconds
[gmrf_wind_mapping_node-2] --> MAP did not converge after 1 iterations.
[gmrf_wind_mapping_node-2] [GMRF] MAP Mean value estimated in 10.1163 milliseconds
[gmrf_wind_mapping_node-2] --> MAP did not converge after 1 iterations.
[gmrf_wind_mapping_node-2] [GMRF] MAP Mean value estimated in 10.1019 milliseconds
[gmrf_wind_mapping_node-2] --> MAP did not converge after 1 iterations.
[gmrf_wind_mapping_node-2] [GMRF] MAP Mean value estimated in 10.106 milliseconds
[gmrf_wind_mapping_node-2] --> MAP did not converge after 1 iterations.
[gmrf_wind_mapping_node-2] [GMRF] MAP Mean value estimated in 10.1193 milliseconds
[gmrf_wind_mapping_node-2] --> MAP did not converge after 1 iterations.
[gmrf_wind_mapping_node-2] [GMRF] MAP Mean value estimated in 10.1279 milliseconds
[gmrf_wind_mapping_node-2] --> MAP did not converge after 1 iterations.
[gmrf_wind_mapping_node-2] [GMRF] MAP Mean value estimated in 10.1409 milliseconds
[gmrf_wind_mapping_node-2] --> MAP did not converge after 1 iterations.
[gmrf_wind_mapping_node-2] [GMRF] MAP Mean value estimated in 10.1267 milliseconds
[gsl_actionserver_node-3] [INFO] [1788890760.134973374] [GSL]: 10 gas measurements, 10 wind measurements over 1.94 seconds
[gsl_actionserver_node-3] [INFO] [1788890760.135338095] [GSL]: avg_gas=0.053;  avg_windSpeed=0.063;  avg_wind_dir=-1.8
[gsl_actionserver_node-3] [INFO] [1788890760.135996552] [GSL]: [33mNOTHING [0m
[gsl_actionserver_node-3] [INFO] [1788890760.136041738] [GSL]: [DEBUG-WIND] useGroundTruth=false gmrf_req_size=626 gaden_req_size=-1
[gsl_actionserver_node-3] [INFO] [1788890760.136053234] [GSL]: [DEBUG-WIND] Taking GMRF path
[gsl_actionserver_node-3] [INFO] [1788890760.191221158] [GSL - Trace]: [32mEntering StopAndMeasure[0m
[gmrf_wind_mapping_node-2] --> MAP did not converge after 1 iterations.
[gmrf_wind_mapping_node-2] [GMRF] MAP Mean value estimated in 10.1126 milliseconds
[gmrf_wind_mapping_node-2] --> MAP did not converge after 1 iterations.
[gmrf_wind_mapping_node-2] [GMRF] MAP Mean value estimated in 10.1166 milliseconds
[gmrf_wind_mapping_node-2] --> MAP did not converge after 1 iterations.
[gmrf_wind_mapping_node-2] [GMRF] MAP Mean value estimated in 10.1339 milliseconds
[gmrf_wind_mapping_node-2] --> MAP did not converge after 1 iterations.
[gmrf_wind_mapping_node-2] [GMRF] MAP Mean value estimated in 10.1244 milliseconds
[gmrf_wind_mapping_node-2] --> MAP did not converge after 1 iterations.
[gmrf_wind_mapping_node-2] [GMRF] MAP Mean value estimated in 10.1283 milliseconds
[gmrf_wind_mapping_node-2] --> MAP did not converge after 1 iterations.
[gmrf_wind_mapping_node-2] [GMRF] MAP Mean value estimated in 10.1454 milliseconds
[gmrf_wind_mapping_node-2] --> MAP did not converge after 1 iterations.
[gmrf_wind_mapping_node-2] [GMRF] MAP Mean value estimated in 10.1623 milliseconds
[gmrf_wind_mapping_node-2] --> MAP did not converge after 1 iterations.
[gmrf_wind_mapping_node-2] [GMRF] MAP Mean value estimated in 10.1659 milliseconds
[gmrf_wind_mapping_node-2] --> MAP did not converge after 1 iterations.
[gmrf_wind_mapping_node-2] [GMRF] MAP Mean value estimated in 10.1522 milliseconds
[gmrf_wind_mapping_node-2] --> MAP did not converge after 1 iterations.
[gmrf_wind_mapping_node-2] [GMRF] MAP Mean value estimated in 10.1385 milliseconds
[gmrf_wind_mapping_node-2] --> MAP did not converge after 1 iterations.
[gmrf_wind_mapping_node-2] [GMRF] MAP Mean value estimated in 10.125 milliseconds
[gmrf_wind_mapping_node-2] --> MAP did not converge after 1 iterations.
[gmrf_wind_mapping_node-2] [GMRF] MAP Mean value estimated in 10.1159 milliseconds
[gmrf_wind_mapping_node-2] --> MAP did not converge after 1 iterations.
[gmrf_wind_mapping_node-2] [GMRF] MAP Mean value estimated in 10.1026 milliseconds
[gmrf_wind_mapping_node-2] --> MAP did not converge after 1 iterations.
[gmrf_wind_mapping_node-2] [GMRF] MAP Mean value estimated in 10.0894 milliseconds
[gmrf_wind_mapping_node-2] --> MAP did not converge after 1 iterations.
[gmrf_wind_mapping_node-2] [GMRF] MAP Mean value estimated in 10.072 milliseconds
[gmrf_wind_mapping_node-2] --> MAP did not converge after 1 iterations.
[gmrf_wind_mapping_node-2] [GMRF] MAP Mean value estimated in 10.0591 milliseconds
[gmrf_wind_mapping_node-2] --> MAP did not converge after 1 iterations.
[gmrf_wind_mapping_node-2] [GMRF] MAP Mean value estimated in 10.0462 milliseconds
[gmrf_wind_mapping_node-2] --> MAP did not converge after 1 iterations.
[gmrf_wind_mapping_node-2] [GMRF] MAP Mean value estimated in 10.0544 milliseconds
[gmrf_wind_mapping_node-2] --> MAP did not converge after 1 iterations.
[gmrf_wind_mapping_node-2] [GMRF] MAP Mean value estimated in 10.0625 milliseconds
[gmrf_wind_mapping_node-2] --> MAP did not converge after 1 iterations.
[gmrf_wind_mapping_node-2] [GMRF] MAP Mean value estimated in 10.0705 milliseconds
[gsl_actionserver_node-3] [INFO] [1788890762.134794956] [GSL]: 10 gas measurements, 10 wind measurements over 1.94 seconds
[gsl_actionserver_node-3] [INFO] [1788890762.134884224] [GSL]: avg_gas=0.076;  avg_windSpeed=0.05;  avg_wind_dir=0.074
[gsl_actionserver_node-3] [INFO] [1788890762.135393334] [GSL]: [33mNOTHING [0m
[gsl_actionserver_node-3] [INFO] [1788890762.135402302] [GSL]: [DEBUG-WIND] useGroundTruth=false gmrf_req_size=626 gaden_req_size=-1
[gsl_actionserver_node-3] [INFO] [1788890762.135408947] [GSL]: [DEBUG-WIND] Taking GMRF path
[gsl_actionserver_node-3] [INFO] [1788890762.190956768] [GSL - Trace]: [32mEntering StopAndMeasure[0m
[gmrf_wind_mapping_node-2] --> MAP did not converge after 1 iterations.
[gmrf_wind_mapping_node-2] [GMRF] MAP Mean value estimated in 10.0744 milliseconds
[gmrf_wind_mapping_node-2] --> MAP did not converge after 1 iterations.
[gmrf_wind_mapping_node-2] [GMRF] MAP Mean value estimated in 10.0823 milliseconds
[gmrf_wind_mapping_node-2] --> MAP did not converge after 1 iterations.
[gmrf_wind_mapping_node-2] [GMRF] MAP Mean value estimated in 10.1066 milliseconds
[gmrf_wind_mapping_node-2] --> MAP did not converge after 1 iterations.
[gmrf_wind_mapping_node-2] [GMRF] MAP Mean value estimated in 10.1143 milliseconds
[gmrf_wind_mapping_node-2] --> MAP did not converge after 1 iterations.
[gmrf_wind_mapping_node-2] [GMRF] MAP Mean value estimated in 10.1341 milliseconds
[gmrf_wind_mapping_node-2] --> MAP did not converge after 1 iterations.
[gmrf_wind_mapping_node-2] [GMRF] MAP Mean value estimated in 10.1457 milliseconds
[gmrf_wind_mapping_node-2] --> MAP did not converge after 1 iterations.
[gmrf_wind_mapping_node-2] [GMRF] MAP Mean value estimated in 10.1532 milliseconds
[gmrf_wind_mapping_node-2] --> MAP did not converge after 1 iterations.
[gmrf_wind_mapping_node-2] [GMRF] MAP Mean value estimated in 10.1566 milliseconds
[gmrf_wind_mapping_node-2] --> MAP did not converge after 1 iterations.
[gmrf_wind_mapping_node-2] [GMRF] MAP Mean value estimated in 10.176 milliseconds
[gmrf_wind_mapping_node-2] --> MAP did not converge after 1 iterations.
[gmrf_wind_mapping_node-2] [GMRF] MAP Mean value estimated in 10.1713 milliseconds
[gmrf_wind_mapping_node-2] --> MAP did not converge after 1 iterations.
[gmrf_wind_mapping_node-2] [GMRF] MAP Mean value estimated in 10.1587 milliseconds
[gmrf_wind_mapping_node-2] --> MAP did not converge after 1 iterations.
[gmrf_wind_mapping_node-2] [GMRF] MAP Mean value estimated in 10.1502 milliseconds
[gmrf_wind_mapping_node-2] --> MAP did not converge after 1 iterations.
[gmrf_wind_mapping_node-2] [GMRF] MAP Mean value estimated in 10.1614 milliseconds
[gmrf_wind_mapping_node-2] --> MAP did not converge after 1 iterations.
[gmrf_wind_mapping_node-2] [GMRF] MAP Mean value estimated in 10.1529 milliseconds
[gmrf_wind_mapping_node-2] --> MAP did not converge after 1 iterations.
[gmrf_wind_mapping_node-2] [GMRF] MAP Mean value estimated in 10.1602 milliseconds
[gmrf_wind_mapping_node-2] --> MAP did not converge after 1 iterations.
[gmrf_wind_mapping_node-2] [GMRF] MAP Mean value estimated in 10.1712 milliseconds
[gmrf_wind_mapping_node-2] --> MAP did not converge after 1 iterations.
[gmrf_wind_mapping_node-2] [GMRF] MAP Mean value estimated in 10.1783 milliseconds
[gmrf_wind_mapping_node-2] --> MAP did not converge after 1 iterations.
[gmrf_wind_mapping_node-2] [GMRF] MAP Mean value estimated in 10.1853 milliseconds
[gmrf_wind_mapping_node-2] --> MAP did not converge after 1 iterations.
[gmrf_wind_mapping_node-2] [GMRF] MAP Mean value estimated in 10.1885 milliseconds
[gmrf_wind_mapping_node-2] --> MAP did not converge after 1 iterations.
[gmrf_wind_mapping_node-2] [GMRF] MAP Mean value estimated in 10.1954 milliseconds
[gsl_actionserver_node-3] [INFO] [1788890764.134967143] [GSL]: 10 gas measurements, 10 wind measurements over 1.94 seconds
[gsl_actionserver_node-3] [INFO] [1788890764.135055920] [GSL]: avg_gas=0.074;  avg_windSpeed=0.063;  avg_wind_dir=-1.8
[gsl_actionserver_node-3] [INFO] [1788890764.136733024] [GSL]: [33mNOTHING [0m
[gsl_actionserver_node-3] [INFO] [1788890764.136774732] [GSL]: [DEBUG-WIND] useGroundTruth=false gmrf_req_size=626 gaden_req_size=-1
[gsl_actionserver_node-3] [INFO] [1788890764.136787472] [GSL]: [DEBUG-WIND] Taking GMRF path
[gsl_actionserver_node-3] [INFO] [1788890764.191157788] [GSL - Trace]: [32mEntering StopAndMeasure[0m
[gmrf_wind_mapping_node-2] --> MAP did not converge after 1 iterations.
[gmrf_wind_mapping_node-2] [GMRF] MAP Mean value estimated in 10.2061 milliseconds
[gmrf_wind_mapping_node-2] --> MAP did not converge after 1 iterations.
[gmrf_wind_mapping_node-2] [GMRF] MAP Mean value estimated in 10.2129 milliseconds
[gmrf_wind_mapping_node-2] --> MAP did not converge after 1 iterations.
[gmrf_wind_mapping_node-2] [GMRF] MAP Mean value estimated in 10.2311 milliseconds
[gmrf_wind_mapping_node-2] --> MAP did not converge after 1 iterations.
[gmrf_wind_mapping_node-2] [GMRF] MAP Mean value estimated in 10.2189 milliseconds
[gmrf_wind_mapping_node-2] --> MAP did not converge after 1 iterations.
[gmrf_wind_mapping_node-2] [GMRF] MAP Mean value estimated in 10.2218 milliseconds
[gmrf_wind_mapping_node-2] --> MAP did not converge after 1 iterations.
[gmrf_wind_mapping_node-2] [GMRF] MAP Mean value estimated in 10.2285 milliseconds
[gmrf_wind_mapping_node-2] --> MAP did not converge after 1 iterations.
[gmrf_wind_mapping_node-2] [GMRF] MAP Mean value estimated in 10.2463 milliseconds
[gmrf_wind_mapping_node-2] --> MAP did not converge after 1 iterations.
[gmrf_wind_mapping_node-2] [GMRF] MAP Mean value estimated in 10.2491 milliseconds
[gmrf_wind_mapping_node-2] --> MAP did not converge after 1 iterations.
[gmrf_wind_mapping_node-2] [GMRF] MAP Mean value estimated in 10.2741 milliseconds
[gmrf_wind_mapping_node-2] --> MAP did not converge after 1 iterations.
[gmrf_wind_mapping_node-2] [GMRF] MAP Mean value estimated in 10.2804 milliseconds
[gmrf_wind_mapping_node-2] --> MAP did not converge after 1 iterations.
[gmrf_wind_mapping_node-2] [GMRF] MAP Mean value estimated in 10.2904 milliseconds
[gmrf_wind_mapping_node-2] --> MAP did not converge after 1 iterations.
[gmrf_wind_mapping_node-2] [GMRF] MAP Mean value estimated in 10.293 milliseconds
[gmrf_wind_mapping_node-2] --> MAP did not converge after 1 iterations.
[gmrf_wind_mapping_node-2] [GMRF] MAP Mean value estimated in 10.292 milliseconds
[gmrf_wind_mapping_node-2] --> MAP did not converge after 1 iterations.
[gmrf_wind_mapping_node-2] [GMRF] MAP Mean value estimated in 10.28 milliseconds
[gmrf_wind_mapping_node-2] --> MAP did not converge after 1 iterations.
[gmrf_wind_mapping_node-2] [GMRF] MAP Mean value estimated in 10.2899 milliseconds
[gmrf_wind_mapping_node-2] --> MAP did not converge after 1 iterations.
[gmrf_wind_mapping_node-2] [GMRF] MAP Mean value estimated in 10.3032 milliseconds
[gmrf_wind_mapping_node-2] --> MAP did not converge after 1 iterations.
[gmrf_wind_mapping_node-2] [GMRF] MAP Mean value estimated in 10.3201 milliseconds
[gmrf_wind_mapping_node-2] --> MAP did not converge after 1 iterations.
[gmrf_wind_mapping_node-2] [GMRF] MAP Mean value estimated in 10.3154 milliseconds
[gmrf_wind_mapping_node-2] --> MAP did not converge after 1 iterations.
[gmrf_wind_mapping_node-2] [GMRF] MAP Mean value estimated in 10.3036 milliseconds
[gmrf_wind_mapping_node-2] --> MAP did not converge after 1 iterations.
[gmrf_wind_mapping_node-2] [GMRF] MAP Mean value estimated in 10.3025 milliseconds
[gsl_actionserver_node-3] [INFO] [1788890766.134951358] [GSL]: 10 gas measurements, 10 wind measurements over 1.94 seconds
[gsl_actionserver_node-3] [INFO] [1788890766.135011633] [GSL]: avg_gas=0.071;  avg_windSpeed=0.05;  avg_wind_dir=0.074
[gsl_actionserver_node-3] [INFO] [1788890766.135551629] [GSL]: [33mNOTHING [0m
[gsl_actionserver_node-3] [INFO] [1788890766.135561606] [GSL]: [DEBUG-WIND] useGroundTruth=false gmrf_req_size=626 gaden_req_size=-1
[gsl_actionserver_node-3] [INFO] [1788890766.135568600] [GSL]: [DEBUG-WIND] Taking GMRF path
[gsl_actionserver_node-3] [INFO] [1788890766.192926844] [GSL]: Max mutual info: 6.439
[gsl_actionserver_node-3] [WARN] [1788890766.193243203] [rcl.logging_rosout]: Publisher already registered for provided node name. If this is due to multiple nodes with the same name then all logs for that logger name will go out over the existing publisher. As soon as any node with that name is destructed it will unregister the publisher, preventing any further logs for that name from being published on the rosout topic.
[gsl_actionserver_node-3] [INFO] [1788890766.210202699] [GSL]: MutualInformation - Ellapsed: 0.019s
[gmrf_wind_mapping_node-2] --> MAP did not converge after 1 iterations.
[gmrf_wind_mapping_node-2] [GMRF] MAP Mean value estimated in 10.3404 milliseconds
[vgr_sim_node-1] [WARN] [1788890766.214376679] [vgr_uav_sim]: PLAN_CB: called with goal=(-4.10,-1.13)
[vgr_sim_node-1] [WARN] [1788890766.215619965] [vgr_uav_sim]: PLAN_CB: returning 5 poses
[vgr_sim_node-1] [WARN] [1788890766.226186949] [vgr_uav_sim]: PLAN_CB: called with goal=(-4.10,-1.13)
[vgr_sim_node-1] [WARN] [1788890766.227334877] [vgr_uav_sim]: PLAN_CB: returning 5 poses
[gsl_actionserver_node-3] [INFO] [1788890766.236750250] [GSL]: Sending goal (-4.10, -1.13)
[gsl_actionserver_node-3] [INFO] [1788890766.237407861] [GSL]: Variance: 16.02
[gsl_actionserver_node-3] [INFO] [1788890766.237437460] [GSL - Trace]: [32mEntering Moving[0m
[vgr_sim_node-1] [INFO] [1788890766.238704495] [vgr_uav_sim]: Prepared 5 collision-free navigation waypoints to (-4.10, -1.13)
[vgr_sim_node-1] [INFO] [1788890766.239721627] [vgr_uav_sim]: UAV navigating in audited 2-D mode to (-4.10, -1.13, 0.30)
[gmrf_wind_mapping_node-2] --> MAP did not converge after 1 iterations.
[gmrf_wind_mapping_node-2] [GMRF] MAP Mean value estimated in 10.3428 milliseconds
[gmrf_wind_mapping_node-2] --> MAP did not converge after 1 iterations.
[gmrf_wind_mapping_node-2] [GMRF] MAP Mean value estimated in 10.3486 milliseconds
[gmrf_wind_mapping_node-2] --> MAP did not converge after 1 iterations.
[gmrf_wind_mapping_node-2] [GMRF] MAP Mean value estimated in 10.3509 milliseconds
[gmrf_wind_mapping_node-2] --> MAP did not converge after 1 iterations.
[gmrf_wind_mapping_node-2] [GMRF] MAP Mean value estimated in 10.3531 milliseconds
[gmrf_wind_mapping_node-2] --> MAP did not converge after 1 iterations.
[gmrf_wind_mapping_node-2] [GMRF] MAP Mean value estimated in 10.3659 milliseconds
[gmrf_wind_mapping_node-2] --> MAP did not converge after 1 iterations.
[gmrf_wind_mapping_node-2] [GMRF] MAP Mean value estimated in 10.375 milliseconds
[gmrf_wind_mapping_node-2] --> MAP did not converge after 1 iterations.
[gmrf_wind_mapping_node-2] [GMRF] MAP Mean value estimated in 10.3633 milliseconds
[gmrf_wind_mapping_node-2] --> MAP did not converge after 1 iterations.
[gmrf_wind_mapping_node-2] [GMRF] MAP Mean value estimated in 10.3621 milliseconds
[gsl_actionserver_node-3] [INFO] [1788890767.006190167] [GSL - Trace]: [32mEntering StopAndMeasure[0m
[gmrf_wind_mapping_node-2] --> MAP did not converge after 1 iterations.
[gmrf_wind_mapping_node-2] [GMRF] MAP Mean value estimated in 10.354 milliseconds
[gmrf_wind_mapping_node-2] --> MAP did not converge after 1 iterations.
[gmrf_wind_mapping_node-2] [GMRF] MAP Mean value estimated in 10.3664 milliseconds
[gmrf_wind_mapping_node-2] --> MAP did not converge after 1 iterations.
[gmrf_wind_mapping_node-2] [GMRF] MAP Mean value estimated in 10.372 milliseconds
[gmrf_wind_mapping_node-2] --> MAP did not converge after 1 iterations.
[gmrf_wind_mapping_node-2] [GMRF] MAP Mean value estimated in 10.3776 milliseconds
[gmrf_wind_mapping_node-2] --> MAP did not converge after 1 iterations.
[gmrf_wind_mapping_node-2] [GMRF] MAP Mean value estimated in 10.3729 milliseconds
[gmrf_wind_mapping_node-2] --> MAP did not converge after 1 iterations.
[gmrf_wind_mapping_node-2] [GMRF] MAP Mean value estimated in 10.3615 milliseconds
[gmrf_wind_mapping_node-2] --> MAP did not converge after 1 iterations.
[gmrf_wind_mapping_node-2] [GMRF] MAP Mean value estimated in 10.3502 milliseconds
[gmrf_wind_mapping_node-2] --> MAP did not converge after 1 iterations.
[gmrf_wind_mapping_node-2] [GMRF] MAP Mean value estimated in 10.3557 milliseconds
[gmrf_wind_mapping_node-2] --> MAP did not converge after 1 iterations.
[gmrf_wind_mapping_node-2] [GMRF] MAP Mean value estimated in 10.3579 milliseconds
[gmrf_wind_mapping_node-2] --> MAP did not converge after 1 iterations.
[gmrf_wind_mapping_node-2] [GMRF] MAP Mean value estimated in 10.3467 milliseconds
[gmrf_wind_mapping_node-2] --> MAP did not converge after 1 iterations.
[gmrf_wind_mapping_node-2] [GMRF] MAP Mean value estimated in 10.3488 milliseconds
[gmrf_wind_mapping_node-2] --> MAP did not converge after 1 iterations.
[gmrf_wind_mapping_node-2] [GMRF] MAP Mean value estimated in 10.3344 milliseconds
[gmrf_wind_mapping_node-2] --> MAP did not converge after 1 iterations.
[gmrf_wind_mapping_node-2] [GMRF] MAP Mean value estimated in 10.3234 milliseconds
[gmrf_wind_mapping_node-2] --> MAP did not converge after 1 iterations.
[gmrf_wind_mapping_node-2] [GMRF] MAP Mean value estimated in 10.3322 milliseconds
[gmrf_wind_mapping_node-2] --> MAP did not converge after 1 iterations.
[gmrf_wind_mapping_node-2] [GMRF] MAP Mean value estimated in 10.3311 milliseconds
[gmrf_wind_mapping_node-2] --> MAP did not converge after 1 iterations.
[gmrf_wind_mapping_node-2] [GMRF] MAP Mean value estimated in 10.3431 milliseconds
[gmrf_wind_mapping_node-2] --> MAP did not converge after 1 iterations.
[gmrf_wind_mapping_node-2] [GMRF] MAP Mean value estimated in 10.3518 milliseconds
[gmrf_wind_mapping_node-2] --> MAP did not converge after 1 iterations.
[gmrf_wind_mapping_node-2] [GMRF] MAP Mean value estimated in 10.3571 milliseconds
[gmrf_wind_mapping_node-2] --> MAP did not converge after 1 iterations.
[gmrf_wind_mapping_node-2] [GMRF] MAP Mean value estimated in 10.356 milliseconds
[gsl_actionserver_node-3] [INFO] [1788890768.939741251] [GSL]: 10 gas measurements, 10 wind measurements over 1.93 seconds
[gsl_actionserver_node-3] [INFO] [1788890768.939862049] [GSL]: avg_gas=0.061;  avg_windSpeed=0.075;  avg_wind_dir=-1.9
[gsl_actionserver_node-3] [INFO] [1788890768.940525120] [GSL]: [33mNOTHING [0m
[gsl_actionserver_node-3] [INFO] [1788890768.940537985] [GSL]: [DEBUG-WIND] useGroundTruth=false gmrf_req_size=626 gaden_req_size=-1
[gsl_actionserver_node-3] [INFO] [1788890768.940547722] [GSL]: [DEBUG-WIND] Taking GMRF path
[gsl_actionserver_node-3] [INFO] [1788890768.991152538] [GSL - Trace]: [32mEntering StopAndMeasure[0m
[gmrf_wind_mapping_node-2] --> MAP did not converge after 1 iterations.
[gmrf_wind_mapping_node-2] [GMRF] MAP Mean value estimated in 10.3645 milliseconds
[gmrf_wind_mapping_node-2] --> MAP did not converge after 1 iterations.
[gmrf_wind_mapping_node-2] [GMRF] MAP Mean value estimated in 10.3762 milliseconds
[gmrf_wind_mapping_node-2] --> MAP did not converge after 1 iterations.
[gmrf_wind_mapping_node-2] [GMRF] MAP Mean value estimated in 10.3814 milliseconds
[gmrf_wind_mapping_node-2] --> MAP did not converge after 1 iterations.
[gmrf_wind_mapping_node-2] [GMRF] MAP Mean value estimated in 10.3866 milliseconds
[gmrf_wind_mapping_node-2] --> MAP did not converge after 1 iterations.
[gmrf_wind_mapping_node-2] [GMRF] MAP Mean value estimated in 10.379 milliseconds
[gmrf_wind_mapping_node-2] --> MAP did not converge after 1 iterations.
[gmrf_wind_mapping_node-2] [GMRF] MAP Mean value estimated in 10.3683 milliseconds
[gmrf_wind_mapping_node-2] --> MAP did not converge after 1 iterations.
[gmrf_wind_mapping_node-2] [GMRF] MAP Mean value estimated in 10.3576 milliseconds
[gmrf_wind_mapping_node-2] --> MAP did not converge after 1 iterations.
[gmrf_wind_mapping_node-2] [GMRF] MAP Mean value estimated in 10.3691 milliseconds
[gmrf_wind_mapping_node-2] --> MAP did not converge after 1 iterations.
[gmrf_wind_mapping_node-2] [GMRF] MAP Mean value estimated in 10.3679 milliseconds
[gmrf_wind_mapping_node-2] --> MAP did not converge after 1 iterations.
[gmrf_wind_mapping_node-2] [GMRF] MAP Mean value estimated in 10.3762 milliseconds
[gmrf_wind_mapping_node-2] --> MAP did not converge after 1 iterations.
[gmrf_wind_mapping_node-2] [GMRF] MAP Mean value estimated in 10.3844 milliseconds
[gmrf_wind_mapping_node-2] --> MAP did not converge after 1 iterations.
[gmrf_wind_mapping_node-2] [GMRF] MAP Mean value estimated in 10.3769 milliseconds
[gmrf_wind_mapping_node-2] --> MAP did not converge after 1 iterations.
[gmrf_wind_mapping_node-2] [GMRF] MAP Mean value estimated in 10.3789 milliseconds
[gmrf_wind_mapping_node-2] --> MAP did not converge after 1 iterations.
[gmrf_wind_mapping_node-2] [GMRF] MAP Mean value estimated in 10.3808 milliseconds
[gmrf_wind_mapping_node-2] --> MAP did not converge after 1 iterations.
[gmrf_wind_mapping_node-2] [GMRF] MAP Mean value estimated in 10.3735 milliseconds
[gmrf_wind_mapping_node-2] --> MAP did not converge after 1 iterations.
[gmrf_wind_mapping_node-2] [GMRF] MAP Mean value estimated in 10.3631 milliseconds
[gmrf_wind_mapping_node-2] --> MAP did not converge after 1 iterations.
[gmrf_wind_mapping_node-2] [GMRF] MAP Mean value estimated in 10.3742 milliseconds
[gmrf_wind_mapping_node-2] --> MAP did not converge after 1 iterations.
[gmrf_wind_mapping_node-2] [GMRF] MAP Mean value estimated in 10.3853 milliseconds
[gmrf_wind_mapping_node-2] --> MAP did not converge after 1 iterations.
[gmrf_wind_mapping_node-2] [GMRF] MAP Mean value estimated in 10.3902 milliseconds
[gmrf_wind_mapping_node-2] --> MAP did not converge after 1 iterations.
[gmrf_wind_mapping_node-2] [GMRF] MAP Mean value estimated in 10.3891 milliseconds
[gsl_actionserver_node-3] [INFO] [1788890770.938952924] [GSL]: 10 gas measurements, 10 wind measurements over 1.95 seconds
[gsl_actionserver_node-3] [INFO] [1788890770.939027981] [GSL]: avg_gas=0.069;  avg_windSpeed=0.11;  avg_wind_dir=0.95
[gsl_actionserver_node-3] [INFO] [1788890770.939765600] [GSL]: [33mNOTHING [0m
[gsl_actionserver_node-3] [INFO] [1788890770.939778556] [GSL]: [DEBUG-WIND] useGroundTruth=false gmrf_req_size=626 gaden_req_size=-1
[gsl_actionserver_node-3] [INFO] [1788890770.939787928] [GSL]: [DEBUG-WIND] Taking GMRF path
[gsl_actionserver_node-3] [INFO] [1788890770.991107379] [GSL - Trace]: [32mEntering StopAndMeasure[0m
[gmrf_wind_mapping_node-2] --> MAP did not converge after 1 iterations.
[gmrf_wind_mapping_node-2] [GMRF] MAP Mean value estimated in 10.403 milliseconds
[gmrf_wind_mapping_node-2] --> MAP did not converge after 1 iterations.
[gmrf_wind_mapping_node-2] [GMRF] MAP Mean value estimated in 10.4048 milliseconds
[gmrf_wind_mapping_node-2] --> MAP did not converge after 1 iterations.
[gmrf_wind_mapping_node-2] [GMRF] MAP Mean value estimated in 10.4127 milliseconds
[gmrf_wind_mapping_node-2] --> MAP did not converge after 1 iterations.
[gmrf_wind_mapping_node-2] [GMRF] MAP Mean value estimated in 10.4144 milliseconds
[gmrf_wind_mapping_node-2] --> MAP did not converge after 1 iterations.
[gmrf_wind_mapping_node-2] [GMRF] MAP Mean value estimated in 10.4222 milliseconds
[gmrf_wind_mapping_node-2] --> MAP did not converge after 1 iterations.
[gmrf_wind_mapping_node-2] [GMRF] MAP Mean value estimated in 10.4179 milliseconds
[gmrf_wind_mapping_node-2] --> MAP did not converge after 1 iterations.
[gmrf_wind_mapping_node-2] [GMRF] MAP Mean value estimated in 10.4286 milliseconds
[gmrf_wind_mapping_node-2] --> MAP did not converge after 1 iterations.
[gmrf_wind_mapping_node-2] [GMRF] MAP Mean value estimated in 10.4362 milliseconds
[gmrf_wind_mapping_node-2] --> MAP did not converge after 1 iterations.
[gmrf_wind_mapping_node-2] [GMRF] MAP Mean value estimated in 10.4438 milliseconds
[gmrf_wind_mapping_node-2] --> MAP did not converge after 1 iterations.
[gmrf_wind_mapping_node-2] [GMRF] MAP Mean value estimated in 10.4336 milliseconds
[gmrf_wind_mapping_node-2] --> MAP did not converge after 1 iterations.
[gmrf_wind_mapping_node-2] [GMRF] MAP Mean value estimated in 10.4412 milliseconds
[gmrf_wind_mapping_node-2] --> MAP did not converge after 1 iterations.
[gmrf_wind_mapping_node-2] [GMRF] MAP Mean value estimated in 10.4428 milliseconds
[gmrf_wind_mapping_node-2] --> MAP did not converge after 1 iterations.
[gmrf_wind_mapping_node-2] [GMRF] MAP Mean value estimated in 10.4327 milliseconds
[gmrf_wind_mapping_node-2] --> MAP did not converge after 1 iterations.
[gmrf_wind_mapping_node-2] [GMRF] MAP Mean value estimated in 10.4402 milliseconds
[gmrf_wind_mapping_node-2] --> MAP did not converge after 1 iterations.
[gmrf_wind_mapping_node-2] [GMRF] MAP Mean value estimated in 10.4477 milliseconds
[gmrf_wind_mapping_node-2] --> MAP did not converge after 1 iterations.
[gmrf_wind_mapping_node-2] [GMRF] MAP Mean value estimated in 10.4406 milliseconds
[gmrf_wind_mapping_node-2] --> MAP did not converge after 1 iterations.
[gmrf_wind_mapping_node-2] [GMRF] MAP Mean value estimated in 10.4277 milliseconds
[gmrf_wind_mapping_node-2] --> MAP did not converge after 1 iterations.
[gmrf_wind_mapping_node-2] [GMRF] MAP Mean value estimated in 10.4207 milliseconds
[gmrf_wind_mapping_node-2] --> MAP did not converge after 1 iterations.
[gmrf_wind_mapping_node-2] [GMRF] MAP Mean value estimated in 10.408 milliseconds
[gmrf_wind_mapping_node-2] --> MAP did not converge after 1 iterations.
[gmrf_wind_mapping_node-2] [GMRF] MAP Mean value estimated in 10.4155 milliseconds
[gsl_actionserver_node-3] [INFO] [1788890772.939062749] [GSL]: 10 gas measurements, 10 wind measurements over 1.95 seconds
[gsl_actionserver_node-3] [INFO] [1788890772.939148251] [GSL]: avg_gas=0.063;  avg_windSpeed=0.075;  avg_wind_dir=-1.9
[gsl_actionserver_node-3] [INFO] [1788890772.939954586] [GSL]: [33mNOTHING [0m
[gsl_actionserver_node-3] [INFO] [1788890772.939971916] [GSL]: [DEBUG-WIND] useGroundTruth=false gmrf_req_size=626 gaden_req_size=-1
[gsl_actionserver_node-3] [INFO] [1788890772.939983231] [GSL]: [DEBUG-WIND] Taking GMRF path
[gsl_actionserver_node-3] [INFO] [1788890772.991122853] [GSL - Trace]: [32mEntering StopAndMeasure[0m
[gmrf_wind_mapping_node-2] --> MAP did not converge after 1 iterations.
[gmrf_wind_mapping_node-2] [GMRF] MAP Mean value estimated in 10.4314 milliseconds
[gmrf_wind_mapping_node-2] --> MAP did not converge after 1 iterations.
[gmrf_wind_mapping_node-2] [GMRF] MAP Mean value estimated in 10.4359 milliseconds
[gmrf_wind_mapping_node-2] --> MAP did not converge after 1 iterations.
[gmrf_wind_mapping_node-2] [GMRF] MAP Mean value estimated in 10.429 milliseconds
[gmrf_wind_mapping_node-2] --> MAP did not converge after 1 iterations.
[gmrf_wind_mapping_node-2] [GMRF] MAP Mean value estimated in 10.4221 milliseconds
[gmrf_wind_mapping_node-2] --> MAP did not converge after 1 iterations.
[gmrf_wind_mapping_node-2] [GMRF] MAP Mean value estimated in 10.4181 milliseconds
[gmrf_wind_mapping_node-2] --> MAP did not converge after 1 iterations.
[gmrf_wind_mapping_node-2] [GMRF] MAP Mean value estimated in 10.4169 milliseconds
[gmrf_wind_mapping_node-2] --> MAP did not converge after 1 iterations.
[gmrf_wind_mapping_node-2] [GMRF] MAP Mean value estimated in 10.4073 milliseconds
[gmrf_wind_mapping_node-2] --> MAP did not converge after 1 iterations.
[gmrf_wind_mapping_node-2] [GMRF] MAP Mean value estimated in 10.3978 milliseconds
[gmrf_wind_mapping_node-2] --> MAP did not converge after 1 iterations.
[gmrf_wind_mapping_node-2] [GMRF] MAP Mean value estimated in 10.4106 milliseconds
[gmrf_wind_mapping_node-2] --> MAP did not converge after 1 iterations.
[gmrf_wind_mapping_node-2] [GMRF] MAP Mean value estimated in 10.4011 milliseconds
[gmrf_wind_mapping_node-2] --> MAP did not converge after 1 iterations.
[gmrf_wind_mapping_node-2] [GMRF] MAP Mean value estimated in 10.3917 milliseconds
[gmrf_wind_mapping_node-2] --> MAP did not converge after 1 iterations.
[gmrf_wind_mapping_node-2] [GMRF] MAP Mean value estimated in 10.3878 milliseconds
[gmrf_wind_mapping_node-2] --> MAP did not converge after 1 iterations.
[gmrf_wind_mapping_node-2] [GMRF] MAP Mean value estimated in 10.3785 milliseconds
[gmrf_wind_mapping_node-2] --> MAP did not converge after 1 iterations.
[gmrf_wind_mapping_node-2] [GMRF] MAP Mean value estimated in 10.3802 milliseconds
[gmrf_wind_mapping_node-2] --> MAP did not converge after 1 iterations.
[gmrf_wind_mapping_node-2] [GMRF] MAP Mean value estimated in 10.3736 milliseconds
[gmrf_wind_mapping_node-2] --> MAP did not converge after 1 iterations.
[gmrf_wind_mapping_node-2] [GMRF] MAP Mean value estimated in 10.3781 milliseconds
[gmrf_wind_mapping_node-2] --> MAP did not converge after 1 iterations.
[gmrf_wind_mapping_node-2] [GMRF] MAP Mean value estimated in 10.3661 milliseconds
[gmrf_wind_mapping_node-2] --> MAP did not converge after 1 iterations.
[gmrf_wind_mapping_node-2] [GMRF] MAP Mean value estimated in 10.3597 milliseconds
[gmrf_wind_mapping_node-2] --> MAP did not converge after 1 iterations.
[gmrf_wind_mapping_node-2] [GMRF] MAP Mean value estimated in 10.3478 milliseconds
[gmrf_wind_mapping_node-2] --> MAP did not converge after 1 iterations.
[gmrf_wind_mapping_node-2] [GMRF] MAP Mean value estimated in 10.336 milliseconds
[gsl_actionserver_node-3] [INFO] [1788890774.938821165] [GSL]: 10 gas measurements, 10 wind measurements over 1.95 seconds
[gsl_actionserver_node-3] [INFO] [1788890774.938995860] [GSL]: avg_gas=0.065;  avg_windSpeed=0.11;  avg_wind_dir=0.95
[gsl_actionserver_node-3] [INFO] [1788890774.939522988] [GSL]: [33mNOTHING [0m
[gsl_actionserver_node-3] [INFO] [1788890774.939531717] [GSL]: [DEBUG-WIND] useGroundTruth=false gmrf_req_size=626 gaden_req_size=-1
[gsl_actionserver_node-3] [INFO] [1788890774.939538320] [GSL]: [DEBUG-WIND] Taking GMRF path
[gsl_actionserver_node-3] [INFO] [1788890774.990417738] [GSL - Trace]: [32mEntering StopAndMeasure[0m
[gmrf_wind_mapping_node-2] --> MAP did not converge after 1 iterations.
[gmrf_wind_mapping_node-2] [GMRF] MAP Mean value estimated in 10.327 milliseconds
[gmrf_wind_mapping_node-2] --> MAP did not converge after 1 iterations.
[gmrf_wind_mapping_node-2] [GMRF] MAP Mean value estimated in 10.3208 milliseconds
[gmrf_wind_mapping_node-2] --> MAP did not converge after 1 iterations.
[gmrf_wind_mapping_node-2] [GMRF] MAP Mean value estimated in 10.3118 milliseconds
[gmrf_wind_mapping_node-2] --> MAP did not converge after 1 iterations.
[gmrf_wind_mapping_node-2] [GMRF] MAP Mean value estimated in 10.311 milliseconds
[gmrf_wind_mapping_node-2] --> MAP did not converge after 1 iterations.
[gmrf_wind_mapping_node-2] [GMRF] MAP Mean value estimated in 10.3021 milliseconds
[gmrf_wind_mapping_node-2] --> MAP did not converge after 1 iterations.
[gmrf_wind_mapping_node-2] [GMRF] MAP Mean value estimated in 10.2933 milliseconds
[gmrf_wind_mapping_node-2] --> MAP did not converge after 1 iterations.
[gmrf_wind_mapping_node-2] [GMRF] MAP Mean value estimated in 10.2899 milliseconds
[gmrf_wind_mapping_node-2] --> MAP did not converge after 1 iterations.
[gmrf_wind_mapping_node-2] [GMRF] MAP Mean value estimated in 10.2944 milliseconds
[gmrf_wind_mapping_node-2] --> MAP did not converge after 1 iterations.
[gmrf_wind_mapping_node-2] [GMRF] MAP Mean value estimated in 10.3069 milliseconds
[gmrf_wind_mapping_node-2] --> MAP did not converge after 1 iterations.
[gmrf_wind_mapping_node-2] [GMRF] MAP Mean value estimated in 10.3034 milliseconds
[gmrf_wind_mapping_node-2] --> MAP did not converge after 1 iterations.
[gmrf_wind_mapping_node-2] [GMRF] MAP Mean value estimated in 10.3079 milliseconds
[gmrf_wind_mapping_node-2] --> MAP did not converge after 1 iterations.
[gmrf_wind_mapping_node-2] [GMRF] MAP Mean value estimated in 10.3071 milliseconds
[gmrf_wind_mapping_node-2] --> MAP did not converge after 1 iterations.
[gmrf_wind_mapping_node-2] [GMRF] MAP Mean value estimated in 10.3141 milliseconds
[gmrf_wind_mapping_node-2] --> MAP did not converge after 1 iterations.
[gmrf_wind_mapping_node-2] [GMRF] MAP Mean value estimated in 10.3159 milliseconds
[gmrf_wind_mapping_node-2] --> MAP did not converge after 1 iterations.
[gmrf_wind_mapping_node-2] [GMRF] MAP Mean value estimated in 10.3203 milliseconds
[gmrf_wind_mapping_node-2] --> MAP did not converge after 1 iterations.
[gmrf_wind_mapping_node-2] [GMRF] MAP Mean value estimated in 10.3221 milliseconds
[gmrf_wind_mapping_node-2] --> MAP did not converge after 1 iterations.
[gmrf_wind_mapping_node-2] [GMRF] MAP Mean value estimated in 10.3264 milliseconds
[gmrf_wind_mapping_node-2] --> MAP did not converge after 1 iterations.
[gmrf_wind_mapping_node-2] [GMRF] MAP Mean value estimated in 10.3256 milliseconds
[gmrf_wind_mapping_node-2] --> MAP did not converge after 1 iterations.
[gmrf_wind_mapping_node-2] [GMRF] MAP Mean value estimated in 10.3299 milliseconds
[gmrf_wind_mapping_node-2] --> MAP did not converge after 1 iterations.
[gmrf_wind_mapping_node-2] [GMRF] MAP Mean value estimated in 10.3316 milliseconds
[gsl_actionserver_node-3] [INFO] [1788890776.939238319] [GSL]: 10 gas measurements, 10 wind measurements over 1.95 seconds
[gsl_actionserver_node-3] [INFO] [1788890776.939359519] [GSL]: avg_gas=0.069;  avg_windSpeed=0.075;  avg_wind_dir=-1.9
[gsl_actionserver_node-3] [INFO] [1788890776.940220166] [GSL]: [33mNOTHING [0m
[gsl_actionserver_node-3] [INFO] [1788890776.940256594] [GSL]: [DEBUG-WIND] useGroundTruth=false gmrf_req_size=626 gaden_req_size=-1
[gsl_actionserver_node-3] [INFO] [1788890776.940267373] [GSL]: [DEBUG-WIND] Taking GMRF path
[gsl_actionserver_node-3] [INFO] [1788890776.991115172] [GSL - Trace]: [32mEntering StopAndMeasure[0m
[gmrf_wind_mapping_node-2] --> MAP did not converge after 1 iterations.
[gmrf_wind_mapping_node-2] [GMRF] MAP Mean value estimated in 10.341 milliseconds
[gmrf_wind_mapping_node-2] --> MAP did not converge after 1 iterations.
[gmrf_wind_mapping_node-2] [GMRF] MAP Mean value estimated in 10.3376 milliseconds
[gmrf_wind_mapping_node-2] --> MAP did not converge after 1 iterations.
[gmrf_wind_mapping_node-2] [GMRF] MAP Mean value estimated in 10.3291 milliseconds
[gmrf_wind_mapping_node-2] --> MAP did not converge after 1 iterations.
[gmrf_wind_mapping_node-2] [GMRF] MAP Mean value estimated in 10.3206 milliseconds
[gmrf_wind_mapping_node-2] --> MAP did not converge after 1 iterations.
[gmrf_wind_mapping_node-2] [GMRF] MAP Mean value estimated in 10.3223 milliseconds
[gmrf_wind_mapping_node-2] --> MAP did not converge after 1 iterations.
[gmrf_wind_mapping_node-2] [GMRF] MAP Mean value estimated in 10.3165 milliseconds
[gmrf_wind_mapping_node-2] --> MAP did not converge after 1 iterations.
[gmrf_wind_mapping_node-2] [GMRF] MAP Mean value estimated in 10.3232 milliseconds
[gmrf_wind_mapping_node-2] --> MAP did not converge after 1 iterations.
[gmrf_wind_mapping_node-2] [GMRF] MAP Mean value estimated in 10.3275 milliseconds
[gmrf_wind_mapping_node-2] --> MAP did not converge after 1 iterations.
[gmrf_wind_mapping_node-2] [GMRF] MAP Mean value estimated in 10.3317 milliseconds
[gmrf_wind_mapping_node-2] --> MAP did not converge after 1 iterations.
[gmrf_wind_mapping_node-2] [GMRF] MAP Mean value estimated in 10.3258 milliseconds
[gmrf_wind_mapping_node-2] --> MAP did not converge after 1 iterations.
[gmrf_wind_mapping_node-2] [GMRF] MAP Mean value estimated in 10.3325 milliseconds
[gmrf_wind_mapping_node-2] --> MAP did not converge after 1 iterations.
[gmrf_wind_mapping_node-2] [GMRF] MAP Mean value estimated in 10.3367 milliseconds
[gmrf_wind_mapping_node-2] --> MAP did not converge after 1 iterations.
[gmrf_wind_mapping_node-2] [GMRF] MAP Mean value estimated in 10.3433 milliseconds
[gmrf_wind_mapping_node-2] --> MAP did not converge after 1 iterations.
[gmrf_wind_mapping_node-2] [GMRF] MAP Mean value estimated in 10.3499 milliseconds
[gmrf_wind_mapping_node-2] --> MAP did not converge after 1 iterations.
[gmrf_wind_mapping_node-2] [GMRF] MAP Mean value estimated in 10.3564 milliseconds
[gmrf_wind_mapping_node-2] --> MAP did not converge after 1 iterations.
[gmrf_wind_mapping_node-2] [GMRF] MAP Mean value estimated in 10.3654 milliseconds
[gmrf_wind_mapping_node-2] --> MAP did not converge after 1 iterations.
[gmrf_wind_mapping_node-2] [GMRF] MAP Mean value estimated in 10.3596 milliseconds
[gmrf_wind_mapping_node-2] --> MAP did not converge after 1 iterations.
[gmrf_wind_mapping_node-2] [GMRF] MAP Mean value estimated in 10.3661 milliseconds
[gmrf_wind_mapping_node-2] --> MAP did not converge after 1 iterations.
[gmrf_wind_mapping_node-2] [GMRF] MAP Mean value estimated in 10.375 milliseconds
[gmrf_wind_mapping_node-2] --> MAP did not converge after 1 iterations.
[gmrf_wind_mapping_node-2] [GMRF] MAP Mean value estimated in 10.3741 milliseconds
[gsl_actionserver_node-3] [INFO] [1788890778.938919785] [GSL]: 10 gas measurements, 10 wind measurements over 1.95 seconds
[gsl_actionserver_node-3] [INFO] [1788890778.939452931] [GSL]: avg_gas=0.092;  avg_windSpeed=0.11;  avg_wind_dir=0.95
[gsl_actionserver_node-3] [INFO] [1788890778.940305306] [GSL]: [33mNOTHING [0m
[gsl_actionserver_node-3] [INFO] [1788890778.940320838] [GSL]: [DEBUG-WIND] useGroundTruth=false gmrf_req_size=626 gaden_req_size=-1
[gsl_actionserver_node-3] [INFO] [1788890778.940331985] [GSL]: [DEBUG-WIND] Taking GMRF path
[gsl_actionserver_node-3] [INFO] [1788890778.991077200] [GSL - Trace]: [32mEntering StopAndMeasure[0m
[gmrf_wind_mapping_node-2] --> MAP did not converge after 1 iterations.
[gmrf_wind_mapping_node-2] [GMRF] MAP Mean value estimated in 10.3854 milliseconds
[gmrf_wind_mapping_node-2] --> MAP did not converge after 1 iterations.
[gmrf_wind_mapping_node-2] [GMRF] MAP Mean value estimated in 10.3844 milliseconds
[gmrf_wind_mapping_node-2] --> MAP did not converge after 1 iterations.
[gmrf_wind_mapping_node-2] [GMRF] MAP Mean value estimated in 10.3786 milliseconds
[gmrf_wind_mapping_node-2] --> MAP did not converge after 1 iterations.
[gmrf_wind_mapping_node-2] [GMRF] MAP Mean value estimated in 10.3826 milliseconds
[gmrf_wind_mapping_node-2] --> MAP did not converge after 1 iterations.
[gmrf_wind_mapping_node-2] [GMRF] MAP Mean value estimated in 10.3889 milliseconds
[gmrf_wind_mapping_node-2] --> MAP did not converge after 1 iterations.
[gmrf_wind_mapping_node-2] [GMRF] MAP Mean value estimated in 10.388 milliseconds
[gmrf_wind_mapping_node-2] --> MAP did not converge after 1 iterations.
[gmrf_wind_mapping_node-2] [GMRF] MAP Mean value estimated in 10.399 milliseconds
[gmrf_wind_mapping_node-2] --> MAP did not converge after 1 iterations.
[gmrf_wind_mapping_node-2] [GMRF] MAP Mean value estimated in 10.4077 milliseconds
[gmrf_wind_mapping_node-2] --> MAP did not converge after 1 iterations.
[gmrf_wind_mapping_node-2] [GMRF] MAP Mean value estimated in 10.4019 milliseconds
[gmrf_wind_mapping_node-2] --> MAP did not converge after 1 iterations.
[gmrf_wind_mapping_node-2] [GMRF] MAP Mean value estimated in 10.401 milliseconds
[gmrf_wind_mapping_node-2] --> MAP did not converge after 1 iterations.
[gmrf_wind_mapping_node-2] [GMRF] MAP Mean value estimated in 10.3976 milliseconds
[gmrf_wind_mapping_node-2] --> MAP did not converge after 1 iterations.
[gmrf_wind_mapping_node-2] [GMRF] MAP Mean value estimated in 10.4014 milliseconds
[gmrf_wind_mapping_node-2] --> MAP did not converge after 1 iterations.
[gmrf_wind_mapping_node-2] [GMRF] MAP Mean value estimated in 10.3934 milliseconds
[gmrf_wind_mapping_node-2] --> MAP did not converge after 1 iterations.
[gmrf_wind_mapping_node-2] [GMRF] MAP Mean value estimated in 10.3853 milliseconds
[gmrf_wind_mapping_node-2] --> MAP did not converge after 1 iterations.
[gmrf_wind_mapping_node-2] [GMRF] MAP Mean value estimated in 10.375 milliseconds
[gmrf_wind_mapping_node-2] --> MAP did not converge after 1 iterations.
[gmrf_wind_mapping_node-2] [GMRF] MAP Mean value estimated in 10.3671 milliseconds
[gmrf_wind_mapping_node-2] --> MAP did not converge after 1 iterations.
[gmrf_wind_mapping_node-2] [GMRF] MAP Mean value estimated in 10.3662 milliseconds
[gmrf_wind_mapping_node-2] --> MAP did not converge after 1 iterations.
[gmrf_wind_mapping_node-2] [GMRF] MAP Mean value estimated in 10.3677 milliseconds
[gmrf_wind_mapping_node-2] --> MAP did not converge after 1 iterations.
[gmrf_wind_mapping_node-2] [GMRF] MAP Mean value estimated in 10.3715 milliseconds
[gmrf_wind_mapping_node-2] --> MAP did not converge after 1 iterations.
[gmrf_wind_mapping_node-2] [GMRF] MAP Mean value estimated in 10.373 milliseconds
[gsl_actionserver_node-3] [INFO] [1788890780.938988859] [GSL]: 10 gas measurements, 10 wind measurements over 1.95 seconds
[gsl_actionserver_node-3] [INFO] [1788890780.939070658] [GSL]: avg_gas=0.097;  avg_windSpeed=0.075;  avg_wind_dir=-1.9
[gsl_actionserver_node-3] [INFO] [1788890780.939914144] [GSL]: [33mNOTHING [0m
[gsl_actionserver_node-3] [INFO] [1788890780.939930009] [GSL]: [DEBUG-WIND] useGroundTruth=false gmrf_req_size=626 gaden_req_size=-1
[gsl_actionserver_node-3] [INFO] [1788890780.939940882] [GSL]: [DEBUG-WIND] Taking GMRF path
[gsl_actionserver_node-3] [INFO] [1788890780.990957418] [GSL - Trace]: [32mEntering StopAndMeasure[0m
[gmrf_wind_mapping_node-2] --> MAP did not converge after 1 iterations.
[gmrf_wind_mapping_node-2] [GMRF] MAP Mean value estimated in 10.3767 milliseconds
[gmrf_wind_mapping_node-2] --> MAP did not converge after 1 iterations.
[gmrf_wind_mapping_node-2] [GMRF] MAP Mean value estimated in 10.3852 milliseconds
[gmrf_wind_mapping_node-2] --> MAP did not converge after 1 iterations.
[gmrf_wind_mapping_node-2] [GMRF] MAP Mean value estimated in 10.3958 milliseconds
[gmrf_wind_mapping_node-2] --> MAP did not converge after 1 iterations.
[gmrf_wind_mapping_node-2] [GMRF] MAP Mean value estimated in 10.3995 milliseconds
[gmrf_wind_mapping_node-2] --> MAP did not converge after 1 iterations.
[gmrf_wind_mapping_node-2] [GMRF] MAP Mean value estimated in 10.4055 milliseconds
[gmrf_wind_mapping_node-2] --> MAP did not converge after 1 iterations.
[gmrf_wind_mapping_node-2] [GMRF] MAP Mean value estimated in 10.4 milliseconds
[gmrf_wind_mapping_node-2] --> MAP did not converge after 1 iterations.
[gmrf_wind_mapping_node-2] [GMRF] MAP Mean value estimated in 10.4128 milliseconds
[gmrf_wind_mapping_node-2] --> MAP did not converge after 1 iterations.
[gmrf_wind_mapping_node-2] [GMRF] MAP Mean value estimated in 10.4165 milliseconds
[gmrf_wind_mapping_node-2] --> MAP did not converge after 1 iterations.
[gmrf_wind_mapping_node-2] [GMRF] MAP Mean value estimated in 10.4224 milliseconds
[gmrf_wind_mapping_node-2] --> MAP did not converge after 1 iterations.
[gmrf_wind_mapping_node-2] [GMRF] MAP Mean value estimated in 10.426 milliseconds
[gmrf_wind_mapping_node-2] --> MAP did not converge after 1 iterations.
[gmrf_wind_mapping_node-2] [GMRF] MAP Mean value estimated in 10.4182 milliseconds
[gmrf_wind_mapping_node-2] --> MAP did not converge after 1 iterations.
[gmrf_wind_mapping_node-2] [GMRF] MAP Mean value estimated in 10.4218 milliseconds
[gmrf_wind_mapping_node-2] --> MAP did not converge after 1 iterations.
[gmrf_wind_mapping_node-2] [GMRF] MAP Mean value estimated in 10.4276 milliseconds
[gmrf_wind_mapping_node-2] --> MAP did not converge after 1 iterations.
[gmrf_wind_mapping_node-2] [GMRF] MAP Mean value estimated in 10.4357 milliseconds
[gmrf_wind_mapping_node-2] --> MAP did not converge after 1 iterations.
[gmrf_wind_mapping_node-2] [GMRF] MAP Mean value estimated in 10.4437 milliseconds
[gmrf_wind_mapping_node-2] --> MAP did not converge after 1 iterations.
[gmrf_wind_mapping_node-2] [GMRF] MAP Mean value estimated in 10.4427 milliseconds
[gmrf_wind_mapping_node-2] --> MAP did not converge after 1 iterations.
[gmrf_wind_mapping_node-2] [GMRF] MAP Mean value estimated in 10.4507 milliseconds
[gmrf_wind_mapping_node-2] --> MAP did not converge after 1 iterations.
[gmrf_wind_mapping_node-2] [GMRF] MAP Mean value estimated in 10.4564 milliseconds
[gmrf_wind_mapping_node-2] --> MAP did not converge after 1 iterations.
[gmrf_wind_mapping_node-2] [GMRF] MAP Mean value estimated in 10.4509 milliseconds
[gmrf_wind_mapping_node-2] --> MAP did not converge after 1 iterations.
[gmrf_wind_mapping_node-2] [GMRF] MAP Mean value estimated in 10.4477 milliseconds
[gsl_actionserver_node-3] [INFO] [1788890782.938926563] [GSL]: 10 gas measurements, 10 wind measurements over 1.95 seconds
[gsl_actionserver_node-3] [INFO] [1788890782.939442969] [GSL]: avg_gas=0.088;  avg_windSpeed=0.11;  avg_wind_dir=0.95
[gsl_actionserver_node-3] [INFO] [1788890782.940257488] [GSL]: [33mNOTHING [0m
[gsl_actionserver_node-3] [INFO] [1788890782.940274230] [GSL]: [DEBUG-WIND] useGroundTruth=false gmrf_req_size=626 gaden_req_size=-1
[gsl_actionserver_node-3] [INFO] [1788890782.940284305] [GSL]: [DEBUG-WIND] Taking GMRF path
[gsl_actionserver_node-3] [INFO] [1788890782.996879770] [GSL]: Max mutual info: 6.439
[gsl_actionserver_node-3] [INFO] [1788890782.997019613] [GSL]: MutualInformation - Ellapsed: 0.006s
[gmrf_wind_mapping_node-2] --> MAP did not converge after 1 iterations.
[gmrf_wind_mapping_node-2] [GMRF] MAP Mean value estimated in 10.4422 milliseconds
[vgr_sim_node-1] [WARN] [1788890783.006940133] [vgr_uav_sim]: PLAN_CB: called with goal=(-5.00,-0.83)
[vgr_sim_node-1] [WARN] [1788890783.008008688] [vgr_uav_sim]: PLAN_CB: returning 5 poses
[vgr_sim_node-1] [WARN] [1788890783.019138898] [vgr_uav_sim]: PLAN_CB: called with goal=(-5.00,-0.83)
[vgr_sim_node-1] [WARN] [1788890783.020279171] [vgr_uav_sim]: PLAN_CB: returning 5 poses
[gsl_actionserver_node-3] [INFO] [1788890783.029312348] [GSL]: Sending goal (-5.00, -0.83)
[gsl_actionserver_node-3] [INFO] [1788890783.029823875] [GSL]: Variance: 16.02
[gsl_actionserver_node-3] [INFO] [1788890783.029877787] [GSL - Trace]: [32mEntering Moving[0m
[vgr_sim_node-1] [INFO] [1788890783.031049303] [vgr_uav_sim]: Prepared 5 collision-free navigation waypoints to (-5.00, -0.83)
[vgr_sim_node-1] [INFO] [1788890783.032076452] [vgr_uav_sim]: UAV navigating in audited 2-D mode to (-5.00, -0.83, 0.30)
[gmrf_wind_mapping_node-2] --> MAP did not converge after 1 iterations.
[gmrf_wind_mapping_node-2] [GMRF] MAP Mean value estimated in 10.4346 milliseconds
[gmrf_wind_mapping_node-2] --> MAP did not converge after 1 iterations.
[gmrf_wind_mapping_node-2] [GMRF] MAP Mean value estimated in 10.4403 milliseconds
[gmrf_wind_mapping_node-2] --> MAP did not converge after 1 iterations.
[gmrf_wind_mapping_node-2] [GMRF] MAP Mean value estimated in 10.4437 milliseconds
[gmrf_wind_mapping_node-2] --> MAP did not converge after 1 iterations.
[gmrf_wind_mapping_node-2] [GMRF] MAP Mean value estimated in 10.4449 milliseconds
[gmrf_wind_mapping_node-2] --> MAP did not converge after 1 iterations.
[gmrf_wind_mapping_node-2] [GMRF] MAP Mean value estimated in 10.444 milliseconds
[gmrf_wind_mapping_node-2] --> MAP did not converge after 1 iterations.
[gmrf_wind_mapping_node-2] [GMRF] MAP Mean value estimated in 10.4364 milliseconds
[gmrf_wind_mapping_node-2] --> MAP did not converge after 1 iterations.
[gmrf_wind_mapping_node-2] [GMRF] MAP Mean value estimated in 10.442 milliseconds
[gsl_actionserver_node-3] [INFO] [1788890783.789498653] [GSL - Trace]: [32mEntering StopAndMeasure[0m
[gmrf_wind_mapping_node-2] --> MAP did not converge after 1 iterations.
[gmrf_wind_mapping_node-2] [GMRF] MAP Mean value estimated in 10.4476 milliseconds
[gmrf_wind_mapping_node-2] --> MAP did not converge after 1 iterations.
[gmrf_wind_mapping_node-2] [GMRF] MAP Mean value estimated in 10.4423 milliseconds
[gmrf_wind_mapping_node-2] --> MAP did not converge after 1 iterations.
[gmrf_wind_mapping_node-2] [GMRF] MAP Mean value estimated in 10.4457 milliseconds
[gmrf_wind_mapping_node-2] --> MAP did not converge after 1 iterations.
[gmrf_wind_mapping_node-2] [GMRF] MAP Mean value estimated in 10.4512 milliseconds
[gmrf_wind_mapping_node-2] --> MAP did not converge after 1 iterations.
[gmrf_wind_mapping_node-2] [GMRF] MAP Mean value estimated in 10.4589 milliseconds
[gmrf_wind_mapping_node-2] --> MAP did not converge after 1 iterations.
[gmrf_wind_mapping_node-2] [GMRF] MAP Mean value estimated in 10.4644 milliseconds
[gmrf_wind_mapping_node-2] --> MAP did not converge after 1 iterations.
[gmrf_wind_mapping_node-2] [GMRF] MAP Mean value estimated in 10.472 milliseconds
[gmrf_wind_mapping_node-2] --> MAP did not converge after 1 iterations.
[gmrf_wind_mapping_node-2] [GMRF] MAP Mean value estimated in 10.4796 milliseconds
[gmrf_wind_mapping_node-2] --> MAP did not converge after 1 iterations.
[gmrf_wind_mapping_node-2] [GMRF] MAP Mean value estimated in 10.4893 milliseconds
[gmrf_wind_mapping_node-2] --> MAP did not converge after 1 iterations.
[gmrf_wind_mapping_node-2] [GMRF] MAP Mean value estimated in 10.4946 milliseconds
[gmrf_wind_mapping_node-2] --> MAP did not converge after 1 iterations.
[gmrf_wind_mapping_node-2] [GMRF] MAP Mean value estimated in 10.5 milliseconds
[gmrf_wind_mapping_node-2] --> MAP did not converge after 1 iterations.
[gmrf_wind_mapping_node-2] [GMRF] MAP Mean value estimated in 10.4947 milliseconds
[gmrf_wind_mapping_node-2] --> MAP did not converge after 1 iterations.
[gmrf_wind_mapping_node-2] [GMRF] MAP Mean value estimated in 10.4979 milliseconds
[gmrf_wind_mapping_node-2] --> MAP did not converge after 1 iterations.
[gmrf_wind_mapping_node-2] [GMRF] MAP Mean value estimated in 10.5053 milliseconds
[gmrf_wind_mapping_node-2] --> MAP did not converge after 1 iterations.
[gmrf_wind_mapping_node-2] [GMRF] MAP Mean value estimated in 10.4979 milliseconds
[gmrf_wind_mapping_node-2] --> MAP did not converge after 1 iterations.
[gmrf_wind_mapping_node-2] [GMRF] MAP Mean value estimated in 10.5011 milliseconds
[gmrf_wind_mapping_node-2] --> MAP did not converge after 1 iterations.
[gmrf_wind_mapping_node-2] [GMRF] MAP Mean value estimated in 10.5084 milliseconds
[gmrf_wind_mapping_node-2] --> MAP did not converge after 1 iterations.
[gmrf_wind_mapping_node-2] [GMRF] MAP Mean value estimated in 10.5011 milliseconds
[gmrf_wind_mapping_node-2] --> MAP did not converge after 1 iterations.
[gmrf_wind_mapping_node-2] [GMRF] MAP Mean value estimated in 10.5084 milliseconds
[gmrf_wind_mapping_node-2] --> MAP did not converge after 1 iterations.
[gmrf_wind_mapping_node-2] [GMRF] MAP Mean value estimated in 10.5157 milliseconds
[gsl_actionserver_node-3] [INFO] [1788890785.739082500] [GSL]: 10 gas measurements, 10 wind measurements over 1.95 seconds
[gsl_actionserver_node-3] [INFO] [1788890785.739154737] [GSL]: avg_gas=0.087;  avg_windSpeed=0.024;  avg_wind_dir=-2.2
[gsl_actionserver_node-3] [INFO] [1788890785.739664561] [GSL]: [33mNOTHING [0m
[gsl_actionserver_node-3] [INFO] [1788890785.740344885] [GSL]: [DEBUG-WIND] useGroundTruth=false gmrf_req_size=626 gaden_req_size=-1
[gsl_actionserver_node-3] [INFO] [1788890785.740364084] [GSL]: [DEBUG-WIND] Taking GMRF path
[gsl_actionserver_node-3] [INFO] [1788890785.790667843] [GSL - Trace]: [32mEntering StopAndMeasure[0m
[gmrf_wind_mapping_node-2] --> MAP did not converge after 1 iterations.
[gmrf_wind_mapping_node-2] [GMRF] MAP Mean value estimated in 10.5188 milliseconds
[gmrf_wind_mapping_node-2] --> MAP did not converge after 1 iterations.
[gmrf_wind_mapping_node-2] [GMRF] MAP Mean value estimated in 10.5136 milliseconds
[gmrf_wind_mapping_node-2] --> MAP did not converge after 1 iterations.
[gmrf_wind_mapping_node-2] [GMRF] MAP Mean value estimated in 10.5083 milliseconds
[gmrf_wind_mapping_node-2] --> MAP did not converge after 1 iterations.
[gmrf_wind_mapping_node-2] [GMRF] MAP Mean value estimated in 10.501 milliseconds
[gmrf_wind_mapping_node-2] --> MAP did not converge after 1 iterations.
[gmrf_wind_mapping_node-2] [GMRF] MAP Mean value estimated in 10.4979 milliseconds
[gmrf_wind_mapping_node-2] --> MAP did not converge after 1 iterations.
[gmrf_wind_mapping_node-2] [GMRF] MAP Mean value estimated in 10.5052 milliseconds
[gmrf_wind_mapping_node-2] --> MAP did not converge after 1 iterations.
[gmrf_wind_mapping_node-2] [GMRF] MAP Mean value estimated in 10.5103 milliseconds
[gmrf_wind_mapping_node-2] --> MAP did not converge after 1 iterations.
[gmrf_wind_mapping_node-2] [GMRF] MAP Mean value estimated in 10.5155 milliseconds
[gmrf_wind_mapping_node-2] --> MAP did not converge after 1 iterations.
[gmrf_wind_mapping_node-2] [GMRF] MAP Mean value estimated in 10.5103 milliseconds
[gmrf_wind_mapping_node-2] --> MAP did not converge after 1 iterations.
[gmrf_wind_mapping_node-2] [GMRF] MAP Mean value estimated in 10.5113 milliseconds
[gmrf_wind_mapping_node-2] --> MAP did not converge after 1 iterations.
[gmrf_wind_mapping_node-2] [GMRF] MAP Mean value estimated in 10.5184 milliseconds
[gmrf_wind_mapping_node-2] --> MAP did not converge after 1 iterations.
[gmrf_wind_mapping_node-2] [GMRF] MAP Mean value estimated in 10.5215 milliseconds
[gmrf_wind_mapping_node-2] --> MAP did not converge after 1 iterations.
[gmrf_wind_mapping_node-2] [GMRF] MAP Mean value estimated in 10.5184 milliseconds
[gmrf_wind_mapping_node-2] --> MAP did not converge after 1 iterations.
[gmrf_wind_mapping_node-2] [GMRF] MAP Mean value estimated in 10.5234 milliseconds
[gmrf_wind_mapping_node-2] --> MAP did not converge after 1 iterations.
[gmrf_wind_mapping_node-2] [GMRF] MAP Mean value estimated in 10.5163 milliseconds
[gmrf_wind_mapping_node-2] --> MAP did not converge after 1 iterations.
[gmrf_wind_mapping_node-2] [GMRF] MAP Mean value estimated in 10.5152 milliseconds
[gmrf_wind_mapping_node-2] --> MAP did not converge after 1 iterations.
[gmrf_wind_mapping_node-2] [GMRF] MAP Mean value estimated in 10.5162 milliseconds
[gmrf_wind_mapping_node-2] --> MAP did not converge after 1 iterations.
[gmrf_wind_mapping_node-2] [GMRF] MAP Mean value estimated in 10.5091 milliseconds
[gmrf_wind_mapping_node-2] --> MAP did not converge after 1 iterations.
[gmrf_wind_mapping_node-2] [GMRF] MAP Mean value estimated in 10.502 milliseconds
[gmrf_wind_mapping_node-2] --> MAP did not converge after 1 iterations.
[gmrf_wind_mapping_node-2] [GMRF] MAP Mean value estimated in 10.501 milliseconds
[gsl_actionserver_node-3] [INFO] [1788890787.738996124] [GSL]: 10 gas measurements, 10 wind measurements over 1.95 seconds
[gsl_actionserver_node-3] [INFO] [1788890787.739080623] [GSL]: avg_gas=0.086;  avg_windSpeed=0.11;  avg_wind_dir=1.2
[gsl_actionserver_node-3] [INFO] [1788890787.740551663] [GSL]: [33mNOTHING [0m
[gsl_actionserver_node-3] [INFO] [1788890787.740596892] [GSL]: [DEBUG-WIND] useGroundTruth=false gmrf_req_size=626 gaden_req_size=-1
[gsl_actionserver_node-3] [INFO] [1788890787.740608356] [GSL]: [DEBUG-WIND] Taking GMRF path
[gsl_actionserver_node-3] [INFO] [1788890787.790549007] [GSL - Trace]: [32mEntering StopAndMeasure[0m
[gmrf_wind_mapping_node-2] --> MAP did not converge after 1 iterations.
[gmrf_wind_mapping_node-2] [GMRF] MAP Mean value estimated in 10.494 milliseconds
[gmrf_wind_mapping_node-2] --> MAP did not converge after 1 iterations.
[gmrf_wind_mapping_node-2] [GMRF] MAP Mean value estimated in 10.487 milliseconds
[gmrf_wind_mapping_node-2] --> MAP did not converge after 1 iterations.
[gmrf_wind_mapping_node-2] [GMRF] MAP Mean value estimated in 10.49 milliseconds
[gmrf_wind_mapping_node-2] --> MAP did not converge after 1 iterations.
[gmrf_wind_mapping_node-2] [GMRF] MAP Mean value estimated in 10.491 milliseconds
[gmrf_wind_mapping_node-2] --> MAP did not converge after 1 iterations.
[gmrf_wind_mapping_node-2] [GMRF] MAP Mean value estimated in 10.4861 milliseconds
[gmrf_wind_mapping_node-2] --> MAP did not converge after 1 iterations.
[gmrf_wind_mapping_node-2] [GMRF] MAP Mean value estimated in 10.4891 milliseconds
[gmrf_wind_mapping_node-2] --> MAP did not converge after 1 iterations.
[gmrf_wind_mapping_node-2] [GMRF] MAP Mean value estimated in 10.496 milliseconds
[gmrf_wind_mapping_node-2] --> MAP did not converge after 1 iterations.
[gmrf_wind_mapping_node-2] [GMRF] MAP Mean value estimated in 10.4891 milliseconds
[gmrf_wind_mapping_node-2] --> MAP did not converge after 1 iterations.
[gmrf_wind_mapping_node-2] [GMRF] MAP Mean value estimated in 10.4822 milliseconds
[gmrf_wind_mapping_node-2] --> MAP did not converge after 1 iterations.
[gmrf_wind_mapping_node-2] [GMRF] MAP Mean value estimated in 10.4872 milliseconds
[gmrf_wind_mapping_node-2] --> MAP did not converge after 1 iterations.
[gmrf_wind_mapping_node-2] [GMRF] MAP Mean value estimated in 10.4902 milliseconds
[gmrf_wind_mapping_node-2] --> MAP did not converge after 1 iterations.
[gmrf_wind_mapping_node-2] [GMRF] MAP Mean value estimated in 10.4872 milliseconds
[gmrf_wind_mapping_node-2] --> MAP did not converge after 1 iterations.
[gmrf_wind_mapping_node-2] [GMRF] MAP Mean value estimated in 10.4882 milliseconds
[gmrf_wind_mapping_node-2] --> MAP did not converge after 1 iterations.
[gmrf_wind_mapping_node-2] [GMRF] MAP Mean value estimated in 10.4951 milliseconds
[gmrf_wind_mapping_node-2] --> MAP did not converge after 1 iterations.
[gmrf_wind_mapping_node-2] [GMRF] MAP Mean value estimated in 10.502 milliseconds
[gmrf_wind_mapping_node-2] --> MAP did not converge after 1 iterations.
[gmrf_wind_mapping_node-2] [GMRF] MAP Mean value estimated in 10.5049 milliseconds
[gmrf_wind_mapping_node-2] --> MAP did not converge after 1 iterations.
[gmrf_wind_mapping_node-2] [GMRF] MAP Mean value estimated in 10.5117 milliseconds
[gmrf_wind_mapping_node-2] --> MAP did not converge after 1 iterations.
[gmrf_wind_mapping_node-2] [GMRF] MAP Mean value estimated in 10.5107 milliseconds
[gmrf_wind_mapping_node-2] --> MAP did not converge after 1 iterations.
[gmrf_wind_mapping_node-2] [GMRF] MAP Mean value estimated in 10.5019 milliseconds
[gmrf_wind_mapping_node-2] --> MAP did not converge after 1 iterations.
[gmrf_wind_mapping_node-2] [GMRF] MAP Mean value estimated in 10.4952 milliseconds
[gsl_actionserver_node-3] [INFO] [1788890789.738956524] [GSL]: 10 gas measurements, 10 wind measurements over 1.95 seconds
[gsl_actionserver_node-3] [INFO] [1788890789.739041475] [GSL]: avg_gas=0.08;  avg_windSpeed=0.024;  avg_wind_dir=-2.2
[gsl_actionserver_node-3] [INFO] [1788890789.739749210] [GSL]: [33mNOTHING [0m
[gsl_actionserver_node-3] [INFO] [1788890789.739764030] [GSL]: [DEBUG-WIND] useGroundTruth=false gmrf_req_size=626 gaden_req_size=-1
[gsl_actionserver_node-3] [INFO] [1788890789.740350177] [GSL]: [DEBUG-WIND] Taking GMRF path
[gsl_actionserver_node-3] [INFO] [1788890789.790680187] [GSL - Trace]: [32mEntering StopAndMeasure[0m
[gmrf_wind_mapping_node-2] --> MAP did not converge after 1 iterations.
[gmrf_wind_mapping_node-2] [GMRF] MAP Mean value estimated in 10.4884 milliseconds
[gmrf_wind_mapping_node-2] --> MAP did not converge after 1 iterations.
[gmrf_wind_mapping_node-2] [GMRF] MAP Mean value estimated in 10.4817 milliseconds
[gmrf_wind_mapping_node-2] --> MAP did not converge after 1 iterations.
[gmrf_wind_mapping_node-2] [GMRF] MAP Mean value estimated in 10.475 milliseconds
[gmrf_wind_mapping_node-2] --> MAP did not converge after 1 iterations.
[gmrf_wind_mapping_node-2] [GMRF] MAP Mean value estimated in 10.4683 milliseconds
[gmrf_wind_mapping_node-2] --> MAP did not converge after 1 iterations.
[gmrf_wind_mapping_node-2] [GMRF] MAP Mean value estimated in 10.4598 milliseconds
[gmrf_wind_mapping_node-2] --> MAP did not converge after 1 iterations.
[gmrf_wind_mapping_node-2] [GMRF] MAP Mean value estimated in 10.4532 milliseconds
[gmrf_wind_mapping_node-2] --> MAP did not converge after 1 iterations.
[gmrf_wind_mapping_node-2] [GMRF] MAP Mean value estimated in 10.4466 milliseconds
[gmrf_wind_mapping_node-2] --> MAP did not converge after 1 iterations.
[gmrf_wind_mapping_node-2] [GMRF] MAP Mean value estimated in 10.4533 milliseconds
[gmrf_wind_mapping_node-2] --> MAP did not converge after 1 iterations.
[gmrf_wind_mapping_node-2] [GMRF] MAP Mean value estimated in 10.4525 milliseconds
[gmrf_wind_mapping_node-2] --> MAP did not converge after 1 iterations.
[gmrf_wind_mapping_node-2] [GMRF] MAP Mean value estimated in 10.4516 milliseconds
[gmrf_wind_mapping_node-2] --> MAP did not converge after 1 iterations.
[gmrf_wind_mapping_node-2] [GMRF] MAP Mean value estimated in 10.4432 milliseconds
[gmrf_wind_mapping_node-2] --> MAP did not converge after 1 iterations.
[gmrf_wind_mapping_node-2] [GMRF] MAP Mean value estimated in 10.448 milliseconds
[gmrf_wind_mapping_node-2] --> MAP did not converge after 1 iterations.
[gmrf_wind_mapping_node-2] [GMRF] MAP Mean value estimated in 10.4547 milliseconds
[gmrf_wind_mapping_node-2] --> MAP did not converge after 1 iterations.
[gmrf_wind_mapping_node-2] [GMRF] MAP Mean value estimated in 10.452 milliseconds
[gmrf_wind_mapping_node-2] --> MAP did not converge after 1 iterations.
[gmrf_wind_mapping_node-2] [GMRF] MAP Mean value estimated in 10.4455 milliseconds
[gmrf_wind_mapping_node-2] --> MAP did not converge after 1 iterations.
[gmrf_wind_mapping_node-2] [GMRF] MAP Mean value estimated in 10.439 milliseconds
[gmrf_wind_mapping_node-2] --> MAP did not converge after 1 iterations.
[gmrf_wind_mapping_node-2] [GMRF] MAP Mean value estimated in 10.4382 milliseconds
[gmrf_wind_mapping_node-2] --> MAP did not converge after 1 iterations.
[gmrf_wind_mapping_node-2] [GMRF] MAP Mean value estimated in 10.4374 milliseconds
[gmrf_wind_mapping_node-2] --> MAP did not converge after 1 iterations.
[gmrf_wind_mapping_node-2] [GMRF] MAP Mean value estimated in 10.4328 milliseconds
[gmrf_wind_mapping_node-2] --> MAP did not converge after 1 iterations.
[gmrf_wind_mapping_node-2] [GMRF] MAP Mean value estimated in 10.4302 milliseconds
[gsl_actionserver_node-3] [INFO] [1788890791.738921162] [GSL]: 10 gas measurements, 10 wind measurements over 1.95 seconds
[gsl_actionserver_node-3] [INFO] [1788890791.738984913] [GSL]: avg_gas=0.085;  avg_windSpeed=0.11;  avg_wind_dir=1.2
[gsl_actionserver_node-3] [INFO] [1788890791.739578215] [GSL]: [33mNOTHING [0m
[gsl_actionserver_node-3] [INFO] [1788890791.739589108] [GSL]: [DEBUG-WIND] useGroundTruth=false gmrf_req_size=626 gaden_req_size=-1
[gsl_actionserver_node-3] [INFO] [1788890791.739596260] [GSL]: [DEBUG-WIND] Taking GMRF path
[gsl_actionserver_node-3] [INFO] [1788890791.790436056] [GSL - Trace]: [32mEntering StopAndMeasure[0m
[gmrf_wind_mapping_node-2] --> MAP did not converge after 1 iterations.
[gmrf_wind_mapping_node-2] [GMRF] MAP Mean value estimated in 10.4257 milliseconds
[gmrf_wind_mapping_node-2] --> MAP did not converge after 1 iterations.
[gmrf_wind_mapping_node-2] [GMRF] MAP Mean value estimated in 10.4323 milliseconds
[gmrf_wind_mapping_node-2] --> MAP did not converge after 1 iterations.
[gmrf_wind_mapping_node-2] [GMRF] MAP Mean value estimated in 10.4259 milliseconds
[gmrf_wind_mapping_node-2] --> MAP did not converge after 1 iterations.
[gmrf_wind_mapping_node-2] [GMRF] MAP Mean value estimated in 10.4214 milliseconds
[gmrf_wind_mapping_node-2] --> MAP did not converge after 1 iterations.
[gmrf_wind_mapping_node-2] [GMRF] MAP Mean value estimated in 10.417 milliseconds
[gmrf_wind_mapping_node-2] --> MAP did not converge after 1 iterations.
[gmrf_wind_mapping_node-2] [GMRF] MAP Mean value estimated in 10.4088 milliseconds
[gmrf_wind_mapping_node-2] --> MAP did not converge after 1 iterations.
[gmrf_wind_mapping_node-2] [GMRF] MAP Mean value estimated in 10.4191 milliseconds
[gmrf_wind_mapping_node-2] --> MAP did not converge after 1 iterations.
[gmrf_wind_mapping_node-2] [GMRF] MAP Mean value estimated in 10.422 milliseconds
[gmrf_wind_mapping_node-2] --> MAP did not converge after 1 iterations.
[gmrf_wind_mapping_node-2] [GMRF] MAP Mean value estimated in 10.4158 milliseconds
[gmrf_wind_mapping_node-2] --> MAP did not converge after 1 iterations.
[gmrf_wind_mapping_node-2] [GMRF] MAP Mean value estimated in 10.415 milliseconds
[gmrf_wind_mapping_node-2] --> MAP did not converge after 1 iterations.
[gmrf_wind_mapping_node-2] [GMRF] MAP Mean value estimated in 10.4124 milliseconds
[gmrf_wind_mapping_node-2] --> MAP did not converge after 1 iterations.
[gmrf_wind_mapping_node-2] [GMRF] MAP Mean value estimated in 10.4062 milliseconds
[gmrf_wind_mapping_node-2] --> MAP did not converge after 1 iterations.
[gmrf_wind_mapping_node-2] [GMRF] MAP Mean value estimated in 10.4127 milliseconds
[gmrf_wind_mapping_node-2] --> MAP did not converge after 1 iterations.
[gmrf_wind_mapping_node-2] [GMRF] MAP Mean value estimated in 10.4083 milliseconds
[gmrf_wind_mapping_node-2] --> MAP did not converge after 1 iterations.
[gmrf_wind_mapping_node-2] [GMRF] MAP Mean value estimated in 10.4167 milliseconds
[gmrf_wind_mapping_node-2] --> MAP did not converge after 1 iterations.
[gmrf_wind_mapping_node-2] [GMRF] MAP Mean value estimated in 10.4105 milliseconds
[gmrf_wind_mapping_node-2] --> MAP did not converge after 1 iterations.
[gmrf_wind_mapping_node-2] [GMRF] MAP Mean value estimated in 10.4025 milliseconds
[gmrf_wind_mapping_node-2] --> MAP did not converge after 1 iterations.
[gmrf_wind_mapping_node-2] [GMRF] MAP Mean value estimated in 10.3964 milliseconds
[gmrf_wind_mapping_node-2] --> MAP did not converge after 1 iterations.
[gmrf_wind_mapping_node-2] [GMRF] MAP Mean value estimated in 10.3903 milliseconds
[gmrf_wind_mapping_node-2] --> MAP did not converge after 1 iterations.
[gmrf_wind_mapping_node-2] [GMRF] MAP Mean value estimated in 10.386 milliseconds
[gsl_actionserver_node-3] [INFO] [1788890793.738919003] [GSL]: 10 gas measurements, 10 wind measurements over 1.95 seconds
[gsl_actionserver_node-3] [INFO] [1788890793.738993801] [GSL]: avg_gas=0.091;  avg_windSpeed=0.024;  avg_wind_dir=-2.2
[gsl_actionserver_node-3] [INFO] [1788890793.739536797] [GSL]: [33mNOTHING [0m
[gsl_actionserver_node-3] [INFO] [1788890793.739547929] [GSL]: [DEBUG-WIND] useGroundTruth=false gmrf_req_size=626 gaden_req_size=-1
[gsl_actionserver_node-3] [INFO] [1788890793.740178925] [GSL]: [DEBUG-WIND] Taking GMRF path
[gsl_actionserver_node-3] [INFO] [1788890793.791077643] [GSL - Trace]: [32mEntering StopAndMeasure[0m
[gmrf_wind_mapping_node-2] --> MAP did not converge after 1 iterations.
[gmrf_wind_mapping_node-2] [GMRF] MAP Mean value estimated in 10.3907 milliseconds
[gmrf_wind_mapping_node-2] --> MAP did not converge after 1 iterations.
[gmrf_wind_mapping_node-2] [GMRF] MAP Mean value estimated in 10.3864 milliseconds
[gmrf_wind_mapping_node-2] --> MAP did not converge after 1 iterations.
[gmrf_wind_mapping_node-2] [GMRF] MAP Mean value estimated in 10.3911 milliseconds
[gmrf_wind_mapping_node-2] --> MAP did not converge after 1 iterations.
[gmrf_wind_mapping_node-2] [GMRF] MAP Mean value estimated in 10.3957 milliseconds
[gmrf_wind_mapping_node-2] --> MAP did not converge after 1 iterations.
[gmrf_wind_mapping_node-2] [GMRF] MAP Mean value estimated in 10.3986 milliseconds
[gmrf_wind_mapping_node-2] --> MAP did not converge after 1 iterations.
[gmrf_wind_mapping_node-2] [GMRF] MAP Mean value estimated in 10.3943 milliseconds
[gmrf_wind_mapping_node-2] --> MAP did not converge after 1 iterations.
[gmrf_wind_mapping_node-2] [GMRF] MAP Mean value estimated in 10.4096 milliseconds
[gmrf_wind_mapping_node-2] --> MAP did not converge after 1 iterations.
[gmrf_wind_mapping_node-2] [GMRF] MAP Mean value estimated in 10.4106 milliseconds
[gmrf_wind_mapping_node-2] --> MAP did not converge after 1 iterations.
[gmrf_wind_mapping_node-2] [GMRF] MAP Mean value estimated in 10.4046 milliseconds
[gmrf_wind_mapping_node-2] --> MAP did not converge after 1 iterations.
[gmrf_wind_mapping_node-2] [GMRF] MAP Mean value estimated in 10.4004 milliseconds
[gmrf_wind_mapping_node-2] --> MAP did not converge after 1 iterations.
[gmrf_wind_mapping_node-2] [GMRF] MAP Mean value estimated in 10.4102 milliseconds
[gmrf_wind_mapping_node-2] --> MAP did not converge after 1 iterations.
[gmrf_wind_mapping_node-2] [GMRF] MAP Mean value estimated in 10.4095 milliseconds
[gmrf_wind_mapping_node-2] --> MAP did not converge after 1 iterations.
[gmrf_wind_mapping_node-2] [GMRF] MAP Mean value estimated in 10.414 milliseconds
[gmrf_wind_mapping_node-2] --> MAP did not converge after 1 iterations.
[gmrf_wind_mapping_node-2] [GMRF] MAP Mean value estimated in 10.4116 milliseconds
[gmrf_wind_mapping_node-2] --> MAP did not converge after 1 iterations.
[gmrf_wind_mapping_node-2] [GMRF] MAP Mean value estimated in 10.4143 milliseconds
[gmrf_wind_mapping_node-2] --> MAP did not converge after 1 iterations.
[gmrf_wind_mapping_node-2] [GMRF] MAP Mean value estimated in 10.4171 milliseconds
[gmrf_wind_mapping_node-2] --> MAP did not converge after 1 iterations.
[gmrf_wind_mapping_node-2] [GMRF] MAP Mean value estimated in 10.4216 milliseconds
[gmrf_wind_mapping_node-2] --> MAP did not converge after 1 iterations.
[gmrf_wind_mapping_node-2] [GMRF] MAP Mean value estimated in 10.4157 milliseconds
[gmrf_wind_mapping_node-2] --> MAP did not converge after 1 iterations.
[gmrf_wind_mapping_node-2] [GMRF] MAP Mean value estimated in 10.4236 milliseconds
[gmrf_wind_mapping_node-2] --> MAP did not converge after 1 iterations.
[gmrf_wind_mapping_node-2] [GMRF] MAP Mean value estimated in 10.4246 milliseconds
[gsl_actionserver_node-3] [INFO] [1788890795.738816041] [GSL]: 10 gas measurements, 10 wind measurements over 1.95 seconds
[gsl_actionserver_node-3] [INFO] [1788890795.738918620] [GSL]: avg_gas=0.079;  avg_windSpeed=0.11;  avg_wind_dir=1.2
[gsl_actionserver_node-3] [INFO] [1788890795.739377832] [GSL]: [33mNOTHING [0m
[gsl_actionserver_node-3] [INFO] [1788890795.739386181] [GSL]: [DEBUG-WIND] useGroundTruth=false gmrf_req_size=626 gaden_req_size=-1
[gsl_actionserver_node-3] [INFO] [1788890795.739392696] [GSL]: [DEBUG-WIND] Taking GMRF path
[gsl_actionserver_node-3] [INFO] [1788890795.790587411] [GSL - Trace]: [32mEntering StopAndMeasure[0m
[gmrf_wind_mapping_node-2] --> MAP did not converge after 1 iterations.
[gmrf_wind_mapping_node-2] [GMRF] MAP Mean value estimated in 10.4187 milliseconds
[gmrf_wind_mapping_node-2] --> MAP did not converge after 1 iterations.
[gmrf_wind_mapping_node-2] [GMRF] MAP Mean value estimated in 10.4214 milliseconds
[gmrf_wind_mapping_node-2] --> MAP did not converge after 1 iterations.
[gmrf_wind_mapping_node-2] [GMRF] MAP Mean value estimated in 10.4241 milliseconds
[gmrf_wind_mapping_node-2] --> MAP did not converge after 1 iterations.
[gmrf_wind_mapping_node-2] [GMRF] MAP Mean value estimated in 10.4251 milliseconds
[gmrf_wind_mapping_node-2] --> MAP did not converge after 1 iterations.
[gmrf_wind_mapping_node-2] [GMRF] MAP Mean value estimated in 10.4261 milliseconds
[gmrf_wind_mapping_node-2] --> MAP did not converge after 1 iterations.
[gmrf_wind_mapping_node-2] [GMRF] MAP Mean value estimated in 10.422 milliseconds
[gmrf_wind_mapping_node-2] --> MAP did not converge after 1 iterations.
[gmrf_wind_mapping_node-2] [GMRF] MAP Mean value estimated in 10.4161 milliseconds
[gmrf_wind_mapping_node-2] --> MAP did not converge after 1 iterations.
[gmrf_wind_mapping_node-2] [GMRF] MAP Mean value estimated in 10.4205 milliseconds
[gmrf_wind_mapping_node-2] --> MAP did not converge after 1 iterations.
[gmrf_wind_mapping_node-2] [GMRF] MAP Mean value estimated in 10.4334 milliseconds
[gmrf_wind_mapping_node-2] --> MAP did not converge after 1 iterations.
[gmrf_wind_mapping_node-2] [GMRF] MAP Mean value estimated in 10.4361 milliseconds
[gmrf_wind_mapping_node-2] --> MAP did not converge after 1 iterations.
[gmrf_wind_mapping_node-2] [GMRF] MAP Mean value estimated in 10.432 milliseconds
[gmrf_wind_mapping_node-2] --> MAP did not converge after 1 iterations.
[gmrf_wind_mapping_node-2] [GMRF] MAP Mean value estimated in 10.4312 milliseconds
[gmrf_wind_mapping_node-2] --> MAP did not converge after 1 iterations.
[gmrf_wind_mapping_node-2] [GMRF] MAP Mean value estimated in 10.4356 milliseconds
[gmrf_wind_mapping_node-2] --> MAP did not converge after 1 iterations.
[gmrf_wind_mapping_node-2] [GMRF] MAP Mean value estimated in 10.4298 milliseconds
[gmrf_wind_mapping_node-2] --> MAP did not converge after 1 iterations.
[gmrf_wind_mapping_node-2] [GMRF] MAP Mean value estimated in 10.4409 milliseconds
[gmrf_wind_mapping_node-2] --> MAP did not converge after 1 iterations.
[gmrf_wind_mapping_node-2] [GMRF] MAP Mean value estimated in 10.4452 milliseconds
[gmrf_wind_mapping_node-2] --> MAP did not converge after 1 iterations.
[gmrf_wind_mapping_node-2] [GMRF] MAP Mean value estimated in 10.4478 milliseconds
[gmrf_wind_mapping_node-2] --> MAP did not converge after 1 iterations.
[gmrf_wind_mapping_node-2] [GMRF] MAP Mean value estimated in 10.4454 milliseconds
[gmrf_wind_mapping_node-2] --> MAP did not converge after 1 iterations.
[gmrf_wind_mapping_node-2] [GMRF] MAP Mean value estimated in 10.4446 milliseconds
[gmrf_wind_mapping_node-2] --> MAP did not converge after 1 iterations.
[gmrf_wind_mapping_node-2] [GMRF] MAP Mean value estimated in 10.4506 milliseconds
[gsl_actionserver_node-3] [INFO] [1788890797.739072006] [GSL]: 10 gas measurements, 10 wind measurements over 1.95 seconds
[gsl_actionserver_node-3] [INFO] [1788890797.739169701] [GSL]: avg_gas=0.077;  avg_windSpeed=0.024;  avg_wind_dir=-2.2
[gsl_actionserver_node-3] [INFO] [1788890797.740062459] [GSL]: [33mNOTHING [0m
[gsl_actionserver_node-3] [INFO] [1788890797.740082698] [GSL]: [DEBUG-WIND] useGroundTruth=false gmrf_req_size=626 gaden_req_size=-1
[gsl_actionserver_node-3] [INFO] [1788890797.741059777] [GSL]: [DEBUG-WIND] Taking GMRF path
[gsl_actionserver_node-3] [INFO] [1788890797.790670252] [GSL - Trace]: [32mEntering StopAndMeasure[0m
[gmrf_wind_mapping_node-2] --> MAP did not converge after 1 iterations.
[gmrf_wind_mapping_node-2] [GMRF] MAP Mean value estimated in 10.4599 milliseconds
[gmrf_wind_mapping_node-2] --> MAP did not converge after 1 iterations.
[gmrf_wind_mapping_node-2] [GMRF] MAP Mean value estimated in 10.4624 milliseconds
[gmrf_wind_mapping_node-2] --> MAP did not converge after 1 iterations.
[gmrf_wind_mapping_node-2] [GMRF] MAP Mean value estimated in 10.4683 milliseconds
[gmrf_wind_mapping_node-2] --> MAP did not converge after 1 iterations.
[gmrf_wind_mapping_node-2] [GMRF] MAP Mean value estimated in 10.4692 milliseconds
[gmrf_wind_mapping_node-2] --> MAP did not converge after 1 iterations.
[gmrf_wind_mapping_node-2] [GMRF] MAP Mean value estimated in 10.4618 milliseconds
[gmrf_wind_mapping_node-2] --> MAP did not converge after 1 iterations.
[gmrf_wind_mapping_node-2] [GMRF] MAP Mean value estimated in 10.4743 milliseconds
[gmrf_wind_mapping_node-2] --> MAP did not converge after 1 iterations.
[gmrf_wind_mapping_node-2] [GMRF] MAP Mean value estimated in 10.4785 milliseconds
[gmrf_wind_mapping_node-2] --> MAP did not converge after 1 iterations.
[gmrf_wind_mapping_node-2] [GMRF] MAP Mean value estimated in 10.4793 milliseconds
[gmrf_wind_mapping_node-2] --> MAP did not converge after 1 iterations.
[gmrf_wind_mapping_node-2] [GMRF] MAP Mean value estimated in 10.4835 milliseconds
[gmrf_wind_mapping_node-2] --> MAP did not converge after 1 iterations.
[gmrf_wind_mapping_node-2] [GMRF] MAP Mean value estimated in 10.4843 milliseconds
[gmrf_wind_mapping_node-2] --> MAP did not converge after 1 iterations.
[gmrf_wind_mapping_node-2] [GMRF] MAP Mean value estimated in 10.4852 milliseconds
[gmrf_wind_mapping_node-2] --> MAP did not converge after 1 iterations.
[gmrf_wind_mapping_node-2] [GMRF] MAP Mean value estimated in 10.4778 milliseconds
[gmrf_wind_mapping_node-2] --> MAP did not converge after 1 iterations.
[gmrf_wind_mapping_node-2] [GMRF] MAP Mean value estimated in 10.4787 milliseconds
[gmrf_wind_mapping_node-2] --> MAP did not converge after 1 iterations.
[gmrf_wind_mapping_node-2] [GMRF] MAP Mean value estimated in 10.4746 milliseconds
[gmrf_wind_mapping_node-2] --> MAP did not converge after 1 iterations.
[gmrf_wind_mapping_node-2] [GMRF] MAP Mean value estimated in 10.469 milliseconds
[gmrf_wind_mapping_node-2] --> MAP did not converge after 1 iterations.
[gmrf_wind_mapping_node-2] [GMRF] MAP Mean value estimated in 10.4633 milliseconds
[gmrf_wind_mapping_node-2] --> MAP did not converge after 1 iterations.
[gmrf_wind_mapping_node-2] [GMRF] MAP Mean value estimated in 10.4593 milliseconds
[gmrf_wind_mapping_node-2] --> MAP did not converge after 1 iterations.
[gmrf_wind_mapping_node-2] [GMRF] MAP Mean value estimated in 10.4569 milliseconds
[gmrf_wind_mapping_node-2] --> MAP did not converge after 1 iterations.
[gmrf_wind_mapping_node-2] [GMRF] MAP Mean value estimated in 10.4529 milliseconds
[gmrf_wind_mapping_node-2] --> MAP did not converge after 1 iterations.
[gmrf_wind_mapping_node-2] [GMRF] MAP Mean value estimated in 10.4473 milliseconds
[gsl_actionserver_node-3] [INFO] [1788890799.738781840] [GSL]: 10 gas measurements, 10 wind measurements over 1.95 seconds
[gsl_actionserver_node-3] [INFO] [1788890799.738890143] [GSL]: avg_gas=0.14;  avg_windSpeed=0.11;  avg_wind_dir=1.2
[gsl_actionserver_node-3] [INFO] [1788890799.739346417] [GSL]: [33mGAS HIT[0m
[gsl_actionserver_node-3] [INFO] [1788890799.739355569] [GSL]: [DEBUG-WIND] useGroundTruth=false gmrf_req_size=626 gaden_req_size=-1
[gsl_actionserver_node-3] [INFO] [1788890799.739362000] [GSL]: [DEBUG-WIND] Taking GMRF path
[gsl_actionserver_node-3] [INFO] [1788890799.790724578] [GSL]: [33mStarted simulations. Might take a while![0m
[gmrf_wind_mapping_node-2] --> MAP did not converge after 1 iterations.
[gmrf_wind_mapping_node-2] [GMRF] MAP Mean value estimated in 10.4515 milliseconds
[gmrf_wind_mapping_node-2] --> MAP did not converge after 1 iterations.
[gmrf_wind_mapping_node-2] [GMRF] MAP Mean value estimated in 10.4572 milliseconds
[gmrf_wind_mapping_node-2] --> MAP did not converge after 1 iterations.
[gmrf_wind_mapping_node-2] [GMRF] MAP Mean value estimated in 10.4613 milliseconds
[gmrf_wind_mapping_node-2] --> MAP did not converge after 1 iterations.
[gmrf_wind_mapping_node-2] [GMRF] MAP Mean value estimated in 10.4718 milliseconds
[gsl_actionserver_node-3] [INFO] [1788890800.178298251] [GSL]: CER contrastive context initialized: events=8, candidates=74, transport_members=3, fixed_ratio_weight=1, context_within_member=true, centered_log_odds=true, transport_pool=robust_log_variance
[gsl_actionserver_node-3] [INFO] [1788890800.180884698] [GSL - Trace]: [32mFirst simulation level done[0m
[gsl_actionserver_node-3] [INFO] [1788890800.181165997] [GSL]: [RC2-DIAG] scores_size=74 refineFraction=0.25 refine_product=18.5 valid_first_level=74 sum_sourceProbInternal_before_norm=17.695630058644053 min_sourceProbInternal_before_norm=0 max_sourceProbInternal_before_norm=0.04253757224884282 finite_sourceProbInternal=1102 finite_varianceOfHitProb=1102
[gmrf_wind_mapping_node-2] --> MAP did not converge after 1 iterations.
[gmrf_wind_mapping_node-2] [GMRF] MAP Mean value estimated in 10.4743 milliseconds
[gmrf_wind_mapping_node-2] --> MAP did not converge after 1 iterations.
[gmrf_wind_mapping_node-2] [GMRF] MAP Mean value estimated in 10.4848 milliseconds
[gmrf_wind_mapping_node-2] --> MAP did not converge after 1 iterations.
[gmrf_wind_mapping_node-2] [GMRF] MAP Mean value estimated in 10.4872 milliseconds
[gsl_actionserver_node-3] [INFO] [1788890800.464200552] [GSL - Trace]: [32mSimulation level 2 done[0m
[gmrf_wind_mapping_node-2] --> MAP did not converge after 1 iterations.
[gmrf_wind_mapping_node-2] [GMRF] MAP Mean value estimated in 10.4928 milliseconds
[gmrf_wind_mapping_node-2] --> MAP did not converge after 1 iterations.
[gmrf_wind_mapping_node-2] [GMRF] MAP Mean value estimated in 10.4872 milliseconds
[gsl_actionserver_node-3] [INFO] [1788890800.623293467] [GSL - Trace]: [32mSimulation level 3 done[0m
[gsl_actionserver_node-3] [INFO] [1788890800.675313032] [GSL - Trace]: [32mSimulation level 4 done[0m
[gsl_actionserver_node-3] [INFO] [1788890800.676109346] [GSL - Trace]: [32mSimulation level 5 done[0m
[gsl_actionserver_node-3] [INFO] [1788890800.676239545] [GSL]: Number of levels in the simulation: 5
[gsl_actionserver_node-3] [INFO] [1788890800.676247315] [GSL]: Total number of simulations: 160
[gsl_actionserver_node-3] [INFO] [1788890800.676614313] [GSL]: CORE sequential event-time commit: window_start=0, new_events=8, committed_total=8
[gsl_actionserver_node-3] [INFO] [1788890800.676630983] [GSL]: [RC2-DIAG] normalized_finite_count=1102 normalized_sum=1
[gsl_actionserver_node-3] [INFO] [1788890800.676638259] [GSL]: Time ellapsed in simulation = 0.8857047480000001 s
[gsl_actionserver_node-3] [INFO] [1788890800.681575573] [GSL]: Max mutual info: 2.227
[gsl_actionserver_node-3] [INFO] [1788890800.681691264] [GSL]: MutualInformation - Ellapsed: 0.003s
[vgr_sim_node-1] [WARN] [1788890800.697660505] [vgr_uav_sim]: PLAN_CB: called with goal=(-5.90,-0.83)
[vgr_sim_node-1] [WARN] [1788890800.698767734] [vgr_uav_sim]: PLAN_CB: returning 5 poses
[gmrf_wind_mapping_node-2] --> MAP did not converge after 1 iterations.
[gmrf_wind_mapping_node-2] [GMRF] MAP Mean value estimated in 10.4864 milliseconds
[vgr_sim_node-1] [WARN] [1788890800.709377588] [vgr_uav_sim]: PLAN_CB: called with goal=(-5.90,-0.83)
[vgr_sim_node-1] [WARN] [1788890800.710320078] [vgr_uav_sim]: PLAN_CB: returning 5 poses
[gsl_actionserver_node-3] [INFO] [1788890800.719745217] [GSL]: Sending goal (-5.90, -0.83)
[gsl_actionserver_node-3] [INFO] [1788890800.720433033] [GSL]: Variance: 18.06
[gsl_actionserver_node-3] [INFO] [1788890800.720456625] [GSL - Trace]: [32mEntering Moving[0m
[vgr_sim_node-1] [INFO] [1788890800.721586525] [vgr_uav_sim]: Prepared 5 collision-free navigation waypoints to (-5.90, -0.83)
[vgr_sim_node-1] [INFO] [1788890800.722656978] [vgr_uav_sim]: UAV navigating in audited 2-D mode to (-5.90, -0.83, 0.30)
[gmrf_wind_mapping_node-2] --> MAP did not converge after 1 iterations.
[gmrf_wind_mapping_node-2] [GMRF] MAP Mean value estimated in 10.4936 milliseconds
[gmrf_wind_mapping_node-2] --> MAP did not converge after 1 iterations.
[gmrf_wind_mapping_node-2] [GMRF] MAP Mean value estimated in 10.496 milliseconds
[gmrf_wind_mapping_node-2] --> MAP did not converge after 1 iterations.
[gmrf_wind_mapping_node-2] [GMRF] MAP Mean value estimated in 10.5016 milliseconds
[gmrf_wind_mapping_node-2] --> MAP did not converge after 1 iterations.
[gmrf_wind_mapping_node-2] [GMRF] MAP Mean value estimated in 10.5024 milliseconds
[gmrf_wind_mapping_node-2] --> MAP did not converge after 1 iterations.
[gmrf_wind_mapping_node-2] [GMRF] MAP Mean value estimated in 10.5063 milliseconds
[gmrf_wind_mapping_node-2] --> MAP did not converge after 1 iterations.
[gmrf_wind_mapping_node-2] [GMRF] MAP Mean value estimated in 10.5024 milliseconds
[gmrf_wind_mapping_node-2] --> MAP did not converge after 1 iterations.
[gmrf_wind_mapping_node-2] [GMRF] MAP Mean value estimated in 10.5032 milliseconds
[gmrf_wind_mapping_node-2] --> MAP did not converge after 1 iterations.
[gmrf_wind_mapping_node-2] [GMRF] MAP Mean value estimated in 10.5024 milliseconds
[gsl_actionserver_node-3] [INFO] [1788890801.586247286] [GSL - Trace]: [32mEntering StopAndMeasure[0m
[gmrf_wind_mapping_node-2] --> MAP did not converge after 1 iterations.
[gmrf_wind_mapping_node-2] [GMRF] MAP Mean value estimated in 10.5079 milliseconds
[gmrf_wind_mapping_node-2] --> MAP did not converge after 1 iterations.
[gmrf_wind_mapping_node-2] [GMRF] MAP Mean value estimated in 10.5133 milliseconds
[gmrf_wind_mapping_node-2] --> MAP did not converge after 1 iterations.
[gmrf_wind_mapping_node-2] [GMRF] MAP Mean value estimated in 10.5172 milliseconds
[gmrf_wind_mapping_node-2] --> MAP did not converge after 1 iterations.
[gmrf_wind_mapping_node-2] [GMRF] MAP Mean value estimated in 10.5117 milliseconds
[gmrf_wind_mapping_node-2] --> MAP did not converge after 1 iterations.
[gmrf_wind_mapping_node-2] [GMRF] MAP Mean value estimated in 10.5172 milliseconds
[gmrf_wind_mapping_node-2] --> MAP did not converge after 1 iterations.
[gmrf_wind_mapping_node-2] [GMRF] MAP Mean value estimated in 10.5179 milliseconds
[gmrf_wind_mapping_node-2] --> MAP did not converge after 1 iterations.
[gmrf_wind_mapping_node-2] [GMRF] MAP Mean value estimated in 10.5218 milliseconds
[gmrf_wind_mapping_node-2] --> MAP did not converge after 1 iterations.
[gmrf_wind_mapping_node-2] [GMRF] MAP Mean value estimated in 10.5241 milliseconds
[gmrf_wind_mapping_node-2] --> MAP did not converge after 1 iterations.
[gmrf_wind_mapping_node-2] [GMRF] MAP Mean value estimated in 10.5295 milliseconds
[gmrf_wind_mapping_node-2] --> MAP did not converge after 1 iterations.
[gmrf_wind_mapping_node-2] [GMRF] MAP Mean value estimated in 10.5364 milliseconds
[gmrf_wind_mapping_node-2] --> MAP did not converge after 1 iterations.
[gmrf_wind_mapping_node-2] [GMRF] MAP Mean value estimated in 10.5387 milliseconds
[gmrf_wind_mapping_node-2] --> MAP did not converge after 1 iterations.
[gmrf_wind_mapping_node-2] [GMRF] MAP Mean value estimated in 10.544 milliseconds
[gmrf_wind_mapping_node-2] --> MAP did not converge after 1 iterations.
[gmrf_wind_mapping_node-2] [GMRF] MAP Mean value estimated in 10.554 milliseconds
[gmrf_wind_mapping_node-2] --> MAP did not converge after 1 iterations.
[gmrf_wind_mapping_node-2] [GMRF] MAP Mean value estimated in 10.5532 milliseconds
[gmrf_wind_mapping_node-2] --> MAP did not converge after 1 iterations.
[gmrf_wind_mapping_node-2] [GMRF] MAP Mean value estimated in 10.56 milliseconds
[gmrf_wind_mapping_node-2] --> MAP did not converge after 1 iterations.
[gmrf_wind_mapping_node-2] [GMRF] MAP Mean value estimated in 10.5545 milliseconds
[gmrf_wind_mapping_node-2] --> MAP did not converge after 1 iterations.
[gmrf_wind_mapping_node-2] [GMRF] MAP Mean value estimated in 10.5598 milliseconds
[gmrf_wind_mapping_node-2] --> MAP did not converge after 1 iterations.
[gmrf_wind_mapping_node-2] [GMRF] MAP Mean value estimated in 10.5605 milliseconds
[gmrf_wind_mapping_node-2] --> MAP did not converge after 1 iterations.
[gmrf_wind_mapping_node-2] [GMRF] MAP Mean value estimated in 10.5657 milliseconds
[gmrf_wind_mapping_node-2] --> MAP did not converge after 1 iterations.
[gmrf_wind_mapping_node-2] [GMRF] MAP Mean value estimated in 10.5679 milliseconds
[gsl_actionserver_node-3] [INFO] [1788890803.518776742] [GSL]: 10 gas measurements, 10 wind measurements over 1.93 seconds
[gsl_actionserver_node-3] [INFO] [1788890803.518879360] [GSL]: avg_gas=0.094;  avg_windSpeed=0.1;  avg_wind_dir=-0.87
[gsl_actionserver_node-3] [INFO] [1788890803.519478285] [GSL]: [33mNOTHING [0m
[gsl_actionserver_node-3] [INFO] [1788890803.519491054] [GSL]: [DEBUG-WIND] useGroundTruth=false gmrf_req_size=626 gaden_req_size=-1
[gsl_actionserver_node-3] [INFO] [1788890803.519499474] [GSL]: [DEBUG-WIND] Taking GMRF path
[gsl_actionserver_node-3] [INFO] [1788890803.590648505] [GSL - Trace]: [32mEntering StopAndMeasure[0m
[gmrf_wind_mapping_node-2] --> MAP did not converge after 1 iterations.
[gmrf_wind_mapping_node-2] [GMRF] MAP Mean value estimated in 10.5716 milliseconds
[gmrf_wind_mapping_node-2] --> MAP did not converge after 1 iterations.
[gmrf_wind_mapping_node-2] [GMRF] MAP Mean value estimated in 10.5753 milliseconds
[gmrf_wind_mapping_node-2] --> MAP did not converge after 1 iterations.
[gmrf_wind_mapping_node-2] [GMRF] MAP Mean value estimated in 10.5836 milliseconds
[gmrf_wind_mapping_node-2] --> MAP did not converge after 1 iterations.
[gmrf_wind_mapping_node-2] [GMRF] MAP Mean value estimated in 10.5812 milliseconds
[gmrf_wind_mapping_node-2] --> MAP did not converge after 1 iterations.
[gmrf_wind_mapping_node-2] [GMRF] MAP Mean value estimated in 10.5818 milliseconds
[gmrf_wind_mapping_node-2] --> MAP did not converge after 1 iterations.
[gmrf_wind_mapping_node-2] [GMRF] MAP Mean value estimated in 10.5855 milliseconds
[gmrf_wind_mapping_node-2] --> MAP did not converge after 1 iterations.
[gmrf_wind_mapping_node-2] [GMRF] MAP Mean value estimated in 10.5801 milliseconds
[gmrf_wind_mapping_node-2] --> MAP did not converge after 1 iterations.
[gmrf_wind_mapping_node-2] [GMRF] MAP Mean value estimated in 10.5852 milliseconds
[gmrf_wind_mapping_node-2] --> MAP did not converge after 1 iterations.
[gmrf_wind_mapping_node-2] [GMRF] MAP Mean value estimated in 10.5889 milliseconds
[gmrf_wind_mapping_node-2] --> MAP did not converge after 1 iterations.
[gmrf_wind_mapping_node-2] [GMRF] MAP Mean value estimated in 10.5835 milliseconds
[gmrf_wind_mapping_node-2] --> MAP did not converge after 1 iterations.
[gmrf_wind_mapping_node-2] [GMRF] MAP Mean value estimated in 10.5811 milliseconds
[gmrf_wind_mapping_node-2] --> MAP did not converge after 1 iterations.
[gmrf_wind_mapping_node-2] [GMRF] MAP Mean value estimated in 10.5757 milliseconds
[gmrf_wind_mapping_node-2] --> MAP did not converge after 1 iterations.
[gmrf_wind_mapping_node-2] [GMRF] MAP Mean value estimated in 10.5823 milliseconds
[gmrf_wind_mapping_node-2] --> MAP did not converge after 1 iterations.
[gmrf_wind_mapping_node-2] [GMRF] MAP Mean value estimated in 10.5815 milliseconds
[gmrf_wind_mapping_node-2] --> MAP did not converge after 1 iterations.
[gmrf_wind_mapping_node-2] [GMRF] MAP Mean value estimated in 10.5821 milliseconds
[gmrf_wind_mapping_node-2] --> MAP did not converge after 1 iterations.
[gmrf_wind_mapping_node-2] [GMRF] MAP Mean value estimated in 10.5857 milliseconds
[gmrf_wind_mapping_node-2] --> MAP did not converge after 1 iterations.
[gmrf_wind_mapping_node-2] [GMRF] MAP Mean value estimated in 10.5908 milliseconds
[gmrf_wind_mapping_node-2] --> MAP did not converge after 1 iterations.
[gmrf_wind_mapping_node-2] [GMRF] MAP Mean value estimated in 10.5914 milliseconds
[gmrf_wind_mapping_node-2] --> MAP did not converge after 1 iterations.
[gmrf_wind_mapping_node-2] [GMRF] MAP Mean value estimated in 10.5979 milliseconds
[gmrf_wind_mapping_node-2] --> MAP did not converge after 1 iterations.
[gmrf_wind_mapping_node-2] [GMRF] MAP Mean value estimated in 10.597 milliseconds
[gsl_actionserver_node-3] [INFO] [1788890805.521616082] [GSL]: 10 gas measurements, 10 wind measurements over 1.93 seconds
[gsl_actionserver_node-3] [INFO] [1788890805.521699355] [GSL]: avg_gas=0.092;  avg_windSpeed=0.24;  avg_wind_dir=0.39
[gsl_actionserver_node-3] [INFO] [1788890805.522940823] [GSL]: [33mNOTHING [0m
[gsl_actionserver_node-3] [INFO] [1788890805.522979123] [GSL]: [DEBUG-WIND] useGroundTruth=false gmrf_req_size=626 gaden_req_size=-1
[gsl_actionserver_node-3] [INFO] [1788890805.522988513] [GSL]: [DEBUG-WIND] Taking GMRF path
[gsl_actionserver_node-3] [INFO] [1788890805.591416877] [GSL - Trace]: [32mEntering StopAndMeasure[0m
[gmrf_wind_mapping_node-2] --> MAP did not converge after 1 iterations.
[gmrf_wind_mapping_node-2] [GMRF] MAP Mean value estimated in 10.6006 milliseconds
[gmrf_wind_mapping_node-2] --> MAP did not converge after 1 iterations.
[gmrf_wind_mapping_node-2] [GMRF] MAP Mean value estimated in 10.5953 milliseconds
[gmrf_wind_mapping_node-2] --> MAP did not converge after 1 iterations.
[gmrf_wind_mapping_node-2] [GMRF] MAP Mean value estimated in 10.6032 milliseconds
[gmrf_wind_mapping_node-2] --> MAP did not converge after 1 iterations.
[gmrf_wind_mapping_node-2] [GMRF] MAP Mean value estimated in 10.6053 milliseconds
[gmrf_wind_mapping_node-2] --> MAP did not converge after 1 iterations.
[gmrf_wind_mapping_node-2] [GMRF] MAP Mean value estimated in 10.6074 milliseconds
[gmrf_wind_mapping_node-2] --> MAP did not converge after 1 iterations.
[gmrf_wind_mapping_node-2] [GMRF] MAP Mean value estimated in 10.6109 milliseconds
[gmrf_wind_mapping_node-2] --> MAP did not converge after 1 iterations.
[gmrf_wind_mapping_node-2] [GMRF] MAP Mean value estimated in 10.6056 milliseconds
[gmrf_wind_mapping_node-2] --> MAP did not converge after 1 iterations.
[gmrf_wind_mapping_node-2] [GMRF] MAP Mean value estimated in 10.6047 milliseconds
[gmrf_wind_mapping_node-2] --> MAP did not converge after 1 iterations.
[gmrf_wind_mapping_node-2] [GMRF] MAP Mean value estimated in 10.6096 milliseconds
[gmrf_wind_mapping_node-2] --> MAP did not converge after 1 iterations.
[gmrf_wind_mapping_node-2] [GMRF] MAP Mean value estimated in 10.6102 milliseconds
[gmrf_wind_mapping_node-2] --> MAP did not converge after 1 iterations.
[gmrf_wind_mapping_node-2] [GMRF] MAP Mean value estimated in 10.6093 milliseconds
[gmrf_wind_mapping_node-2] --> MAP did not converge after 1 iterations.
[gmrf_wind_mapping_node-2] [GMRF] MAP Mean value estimated in 10.6157 milliseconds
[gmrf_wind_mapping_node-2] --> MAP did not converge after 1 iterations.
[gmrf_wind_mapping_node-2] [GMRF] MAP Mean value estimated in 10.609 milliseconds
[gmrf_wind_mapping_node-2] --> MAP did not converge after 1 iterations.
[gmrf_wind_mapping_node-2] [GMRF] MAP Mean value estimated in 10.6038 milliseconds
[gmrf_wind_mapping_node-2] --> MAP did not converge after 1 iterations.
[gmrf_wind_mapping_node-2] [GMRF] MAP Mean value estimated in 10.6087 milliseconds
[gmrf_wind_mapping_node-2] --> MAP did not converge after 1 iterations.
[gmrf_wind_mapping_node-2] [GMRF] MAP Mean value estimated in 10.6122 milliseconds
[gmrf_wind_mapping_node-2] --> MAP did not converge after 1 iterations.
[gmrf_wind_mapping_node-2] [GMRF] MAP Mean value estimated in 10.6098 milliseconds
[gmrf_wind_mapping_node-2] --> MAP did not converge after 1 iterations.
[gmrf_wind_mapping_node-2] [GMRF] MAP Mean value estimated in 10.6133 milliseconds
[gmrf_wind_mapping_node-2] --> MAP did not converge after 1 iterations.
[gmrf_wind_mapping_node-2] [GMRF] MAP Mean value estimated in 10.6167 milliseconds
[gmrf_wind_mapping_node-2] --> MAP did not converge after 1 iterations.
[gmrf_wind_mapping_node-2] [GMRF] MAP Mean value estimated in 10.6173 milliseconds
[gsl_actionserver_node-3] [INFO] [1788890807.521706682] [GSL]: 10 gas measurements, 10 wind measurements over 1.93 seconds
[gsl_actionserver_node-3] [INFO] [1788890807.521815186] [GSL]: avg_gas=0.058;  avg_windSpeed=0.1;  avg_wind_dir=-0.87
[gsl_actionserver_node-3] [INFO] [1788890807.522628582] [GSL]: [33mNOTHING [0m
[gsl_actionserver_node-3] [INFO] [1788890807.522645779] [GSL]: [DEBUG-WIND] useGroundTruth=false gmrf_req_size=626 gaden_req_size=-1
[gsl_actionserver_node-3] [INFO] [1788890807.522660927] [GSL]: [DEBUG-WIND] Taking GMRF path
[gsl_actionserver_node-3] [INFO] [1788890807.590403975] [GSL - Trace]: [32mEntering StopAndMeasure[0m
[gmrf_wind_mapping_node-2] --> MAP did not converge after 1 iterations.
[gmrf_wind_mapping_node-2] [GMRF] MAP Mean value estimated in 10.6135 milliseconds
[gmrf_wind_mapping_node-2] --> MAP did not converge after 1 iterations.
[gmrf_wind_mapping_node-2] [GMRF] MAP Mean value estimated in 10.6083 milliseconds
[gmrf_wind_mapping_node-2] --> MAP did not converge after 1 iterations.
[gmrf_wind_mapping_node-2] [GMRF] MAP Mean value estimated in 10.6032 milliseconds
[gmrf_wind_mapping_node-2] --> MAP did not converge after 1 iterations.
[gmrf_wind_mapping_node-2] [GMRF] MAP Mean value estimated in 10.5994 milliseconds
[gmrf_wind_mapping_node-2] --> MAP did not converge after 1 iterations.
[gmrf_wind_mapping_node-2] [GMRF] MAP Mean value estimated in 10.5929 milliseconds
[gmrf_wind_mapping_node-2] --> MAP did not converge after 1 iterations.
[gmrf_wind_mapping_node-2] [GMRF] MAP Mean value estimated in 10.592 milliseconds
[gmrf_wind_mapping_node-2] --> MAP did not converge after 1 iterations.
[gmrf_wind_mapping_node-2] [GMRF] MAP Mean value estimated in 10.5997 milliseconds
[gmrf_wind_mapping_node-2] --> MAP did not converge after 1 iterations.
[gmrf_wind_mapping_node-2] [GMRF] MAP Mean value estimated in 10.6046 milliseconds
[gmrf_wind_mapping_node-2] --> MAP did not converge after 1 iterations.
[gmrf_wind_mapping_node-2] [GMRF] MAP Mean value estimated in 10.5994 milliseconds
[gmrf_wind_mapping_node-2] --> MAP did not converge after 1 iterations.
[gmrf_wind_mapping_node-2] [GMRF] MAP Mean value estimated in 10.6028 milliseconds
[gmrf_wind_mapping_node-2] --> MAP did not converge after 1 iterations.
[gmrf_wind_mapping_node-2] [GMRF] MAP Mean value estimated in 10.6006 milliseconds
[gmrf_wind_mapping_node-2] --> MAP did not converge after 1 iterations.
[gmrf_wind_mapping_node-2] [GMRF] MAP Mean value estimated in 10.6011 milliseconds
[gmrf_wind_mapping_node-2] --> MAP did not converge after 1 iterations.
[gmrf_wind_mapping_node-2] [GMRF] MAP Mean value estimated in 10.6031 milliseconds
[gmrf_wind_mapping_node-2] --> MAP did not converge after 1 iterations.
[gmrf_wind_mapping_node-2] [GMRF] MAP Mean value estimated in 10.6037 milliseconds
[gmrf_wind_mapping_node-2] --> MAP did not converge after 1 iterations.
[gmrf_wind_mapping_node-2] [GMRF] MAP Mean value estimated in 10.6056 milliseconds
[gmrf_wind_mapping_node-2] --> MAP did not converge after 1 iterations.
[gmrf_wind_mapping_node-2] [GMRF] MAP Mean value estimated in 10.6006 milliseconds
[gmrf_wind_mapping_node-2] --> MAP did not converge after 1 iterations.
[gmrf_wind_mapping_node-2] [GMRF] MAP Mean value estimated in 10.6067 milliseconds
[gmrf_wind_mapping_node-2] --> MAP did not converge after 1 iterations.
[gmrf_wind_mapping_node-2] [GMRF] MAP Mean value estimated in 10.6101 milliseconds
[gmrf_wind_mapping_node-2] --> MAP did not converge after 1 iterations.
[gmrf_wind_mapping_node-2] [GMRF] MAP Mean value estimated in 10.612 milliseconds
[gmrf_wind_mapping_node-2] --> MAP did not converge after 1 iterations.
[gmrf_wind_mapping_node-2] [GMRF] MAP Mean value estimated in 10.6112 milliseconds
[gsl_actionserver_node-3] [INFO] [1788890809.521723049] [GSL]: 10 gas measurements, 10 wind measurements over 1.93 seconds
[gsl_actionserver_node-3] [INFO] [1788890809.522099231] [GSL]: avg_gas=0.063;  avg_windSpeed=0.24;  avg_wind_dir=0.39
[gsl_actionserver_node-3] [INFO] [1788890809.523724346] [GSL]: [33mNOTHING [0m
[gsl_actionserver_node-3] [INFO] [1788890809.523758022] [GSL]: [DEBUG-WIND] useGroundTruth=false gmrf_req_size=626 gaden_req_size=-1
[gsl_actionserver_node-3] [INFO] [1788890809.523773069] [GSL]: [DEBUG-WIND] Taking GMRF path
[gsl_actionserver_node-3] [INFO] [1788890809.591057566] [GSL - Trace]: [32mEntering StopAndMeasure[0m
[gmrf_wind_mapping_node-2] --> MAP did not converge after 1 iterations.
[gmrf_wind_mapping_node-2] [GMRF] MAP Mean value estimated in 10.6131 milliseconds
[gmrf_wind_mapping_node-2] --> MAP did not converge after 1 iterations.
[gmrf_wind_mapping_node-2] [GMRF] MAP Mean value estimated in 10.6123 milliseconds
[gmrf_wind_mapping_node-2] --> MAP did not converge after 1 iterations.
[gmrf_wind_mapping_node-2] [GMRF] MAP Mean value estimated in 10.6212 milliseconds
[gmrf_wind_mapping_node-2] --> MAP did not converge after 1 iterations.
[gmrf_wind_mapping_node-2] [GMRF] MAP Mean value estimated in 10.6161 milliseconds
[gmrf_wind_mapping_node-2] --> MAP did not converge after 1 iterations.
[gmrf_wind_mapping_node-2] [GMRF] MAP Mean value estimated in 10.6181 milliseconds
[gmrf_wind_mapping_node-2] --> MAP did not converge after 1 iterations.
[gmrf_wind_mapping_node-2] [GMRF] MAP Mean value estimated in 10.6214 milliseconds
[gmrf_wind_mapping_node-2] --> MAP did not converge after 1 iterations.
[gmrf_wind_mapping_node-2] [GMRF] MAP Mean value estimated in 10.626 milliseconds
[gmrf_wind_mapping_node-2] --> MAP did not converge after 1 iterations.
[gmrf_wind_mapping_node-2] [GMRF] MAP Mean value estimated in 10.621 milliseconds
[gmrf_wind_mapping_node-2] --> MAP did not converge after 1 iterations.
[gmrf_wind_mapping_node-2] [GMRF] MAP Mean value estimated in 10.6285 milliseconds
[gmrf_wind_mapping_node-2] --> MAP did not converge after 1 iterations.
[gmrf_wind_mapping_node-2] [GMRF] MAP Mean value estimated in 10.6317 milliseconds
[gmrf_wind_mapping_node-2] --> MAP did not converge after 1 iterations.
[gmrf_wind_mapping_node-2] [GMRF] MAP Mean value estimated in 10.6364 milliseconds
[gmrf_wind_mapping_node-2] --> MAP did not converge after 1 iterations.
[gmrf_wind_mapping_node-2] [GMRF] MAP Mean value estimated in 10.6424 milliseconds
[gmrf_wind_mapping_node-2] --> MAP did not converge after 1 iterations.
[gmrf_wind_mapping_node-2] [GMRF] MAP Mean value estimated in 10.6497 milliseconds
[gmrf_wind_mapping_node-2] --> MAP did not converge after 1 iterations.
[gmrf_wind_mapping_node-2] [GMRF] MAP Mean value estimated in 10.6475 milliseconds
[gmrf_wind_mapping_node-2] --> MAP did not converge after 1 iterations.
[gmrf_wind_mapping_node-2] [GMRF] MAP Mean value estimated in 10.6479 milliseconds
[gmrf_wind_mapping_node-2] --> MAP did not converge after 1 iterations.
[gmrf_wind_mapping_node-2] [GMRF] MAP Mean value estimated in 10.6498 milliseconds
[gmrf_wind_mapping_node-2] --> MAP did not converge after 1 iterations.
[gmrf_wind_mapping_node-2] [GMRF] MAP Mean value estimated in 10.6448 milliseconds
[gmrf_wind_mapping_node-2] --> MAP did not converge after 1 iterations.
[gmrf_wind_mapping_node-2] [GMRF] MAP Mean value estimated in 10.6412 milliseconds
[gmrf_wind_mapping_node-2] --> MAP did not converge after 1 iterations.
[gmrf_wind_mapping_node-2] [GMRF] MAP Mean value estimated in 10.6471 milliseconds
[gmrf_wind_mapping_node-2] --> MAP did not converge after 1 iterations.
[gmrf_wind_mapping_node-2] [GMRF] MAP Mean value estimated in 10.6476 milliseconds
[gsl_actionserver_node-3] [INFO] [1788890811.521568867] [GSL]: 10 gas measurements, 10 wind measurements over 1.93 seconds
[gsl_actionserver_node-3] [INFO] [1788890811.521662515] [GSL]: avg_gas=0.087;  avg_windSpeed=0.1;  avg_wind_dir=-0.87
[gsl_actionserver_node-3] [INFO] [1788890811.522411361] [GSL]: [33mNOTHING [0m
[gsl_actionserver_node-3] [INFO] [1788890811.522426166] [GSL]: [DEBUG-WIND] useGroundTruth=false gmrf_req_size=626 gaden_req_size=-1
[gsl_actionserver_node-3] [INFO] [1788890811.522436605] [GSL]: [DEBUG-WIND] Taking GMRF path
[gsl_actionserver_node-3] [INFO] [1788890811.590330587] [GSL - Trace]: [32mEntering StopAndMeasure[0m
[gmrf_wind_mapping_node-2] --> MAP did not converge after 1 iterations.
[gmrf_wind_mapping_node-2] [GMRF] MAP Mean value estimated in 10.6427 milliseconds
[gmrf_wind_mapping_node-2] --> MAP did not converge after 1 iterations.
[gmrf_wind_mapping_node-2] [GMRF] MAP Mean value estimated in 10.6472 milliseconds
[gmrf_wind_mapping_node-2] --> MAP did not converge after 1 iterations.
[gmrf_wind_mapping_node-2] [GMRF] MAP Mean value estimated in 10.6504 milliseconds
[gmrf_wind_mapping_node-2] --> MAP did not converge after 1 iterations.
[gmrf_wind_mapping_node-2] [GMRF] MAP Mean value estimated in 10.6522 milliseconds
[gmrf_wind_mapping_node-2] --> MAP did not converge after 1 iterations.
[gmrf_wind_mapping_node-2] [GMRF] MAP Mean value estimated in 10.6595 milliseconds
[gmrf_wind_mapping_node-2] --> MAP did not converge after 1 iterations.
[gmrf_wind_mapping_node-2] [GMRF] MAP Mean value estimated in 10.6545 milliseconds
[gmrf_wind_mapping_node-2] --> MAP did not converge after 1 iterations.
[gmrf_wind_mapping_node-2] [GMRF] MAP Mean value estimated in 10.6496 milliseconds
[gmrf_wind_mapping_node-2] --> MAP did not converge after 1 iterations.
[gmrf_wind_mapping_node-2] [GMRF] MAP Mean value estimated in 10.6447 milliseconds
[gmrf_wind_mapping_node-2] --> MAP did not converge after 1 iterations.
[gmrf_wind_mapping_node-2] [GMRF] MAP Mean value estimated in 10.6384 milliseconds
[gmrf_wind_mapping_node-2] --> MAP did not converge after 1 iterations.
[gmrf_wind_mapping_node-2] [GMRF] MAP Mean value estimated in 10.6336 milliseconds
[gmrf_wind_mapping_node-2] --> MAP did not converge after 1 iterations.
[gmrf_wind_mapping_node-2] [GMRF] MAP Mean value estimated in 10.6287 milliseconds
[gmrf_wind_mapping_node-2] --> MAP did not converge after 1 iterations.
[gmrf_wind_mapping_node-2] [GMRF] MAP Mean value estimated in 10.6319 milliseconds
[gmrf_wind_mapping_node-2] --> MAP did not converge after 1 iterations.
[gmrf_wind_mapping_node-2] [GMRF] MAP Mean value estimated in 10.6337 milliseconds
[gmrf_wind_mapping_node-2] --> MAP did not converge after 1 iterations.
[gmrf_wind_mapping_node-2] [GMRF] MAP Mean value estimated in 10.6382 milliseconds
[gmrf_wind_mapping_node-2] --> MAP did not converge after 1 iterations.
[gmrf_wind_mapping_node-2] [GMRF] MAP Mean value estimated in 10.64 milliseconds
[gmrf_wind_mapping_node-2] --> MAP did not converge after 1 iterations.
[gmrf_wind_mapping_node-2] [GMRF] MAP Mean value estimated in 10.6418 milliseconds
[gmrf_wind_mapping_node-2] --> MAP did not converge after 1 iterations.
[gmrf_wind_mapping_node-2] [GMRF] MAP Mean value estimated in 10.6463 milliseconds
[gmrf_wind_mapping_node-2] --> MAP did not converge after 1 iterations.
[gmrf_wind_mapping_node-2] [GMRF] MAP Mean value estimated in 10.6401 milliseconds
[gmrf_wind_mapping_node-2] --> MAP did not converge after 1 iterations.
[gmrf_wind_mapping_node-2] [GMRF] MAP Mean value estimated in 10.6353 milliseconds
[gmrf_wind_mapping_node-2] --> MAP did not converge after 1 iterations.
[gmrf_wind_mapping_node-2] [GMRF] MAP Mean value estimated in 10.6331 milliseconds
[gsl_actionserver_node-3] [INFO] [1788890813.521524100] [GSL]: 10 gas measurements, 10 wind measurements over 1.93 seconds
[gsl_actionserver_node-3] [INFO] [1788890813.521598187] [GSL]: avg_gas=0.086;  avg_windSpeed=0.24;  avg_wind_dir=0.39
[gsl_actionserver_node-3] [INFO] [1788890813.522930413] [GSL]: [33mNOTHING [0m
[gsl_actionserver_node-3] [INFO] [1788890813.522984073] [GSL]: [DEBUG-WIND] useGroundTruth=false gmrf_req_size=626 gaden_req_size=-1
[gsl_actionserver_node-3] [INFO] [1788890813.522994315] [GSL]: [DEBUG-WIND] Taking GMRF path
[gsl_actionserver_node-3] [INFO] [1788890813.591152759] [GSL - Trace]: [32mEntering StopAndMeasure[0m
[gmrf_wind_mapping_node-2] --> MAP did not converge after 1 iterations.
[gmrf_wind_mapping_node-2] [GMRF] MAP Mean value estimated in 10.6402 milliseconds
[gmrf_wind_mapping_node-2] --> MAP did not converge after 1 iterations.
[gmrf_wind_mapping_node-2] [GMRF] MAP Mean value estimated in 10.642 milliseconds
[gmrf_wind_mapping_node-2] --> MAP did not converge after 1 iterations.
[gmrf_wind_mapping_node-2] [GMRF] MAP Mean value estimated in 10.6478 milliseconds
[gmrf_wind_mapping_node-2] --> MAP did not converge after 1 iterations.
[gmrf_wind_mapping_node-2] [GMRF] MAP Mean value estimated in 10.6522 milliseconds
[gmrf_wind_mapping_node-2] --> MAP did not converge after 1 iterations.
[gmrf_wind_mapping_node-2] [GMRF] MAP Mean value estimated in 10.65 milliseconds
[gmrf_wind_mapping_node-2] --> MAP did not converge after 1 iterations.
[gmrf_wind_mapping_node-2] [GMRF] MAP Mean value estimated in 10.6465 milliseconds
[gmrf_wind_mapping_node-2] --> MAP did not converge after 1 iterations.
[gmrf_wind_mapping_node-2] [GMRF] MAP Mean value estimated in 10.6417 milliseconds
[gmrf_wind_mapping_node-2] --> MAP did not converge after 1 iterations.
[gmrf_wind_mapping_node-2] [GMRF] MAP Mean value estimated in 10.6474 milliseconds
[gmrf_wind_mapping_node-2] --> MAP did not converge after 1 iterations.
[gmrf_wind_mapping_node-2] [GMRF] MAP Mean value estimated in 10.6545 milliseconds
[gmrf_wind_mapping_node-2] --> MAP did not converge after 1 iterations.
[gmrf_wind_mapping_node-2] [GMRF] MAP Mean value estimated in 10.6575 milliseconds
[gmrf_wind_mapping_node-2] --> MAP did not converge after 1 iterations.
[gmrf_wind_mapping_node-2] [GMRF] MAP Mean value estimated in 10.6619 milliseconds
[gmrf_wind_mapping_node-2] --> MAP did not converge after 1 iterations.
[gmrf_wind_mapping_node-2] [GMRF] MAP Mean value estimated in 10.6649 milliseconds
[gmrf_wind_mapping_node-2] --> MAP did not converge after 1 iterations.
[gmrf_wind_mapping_node-2] [GMRF] MAP Mean value estimated in 10.6706 milliseconds
[gmrf_wind_mapping_node-2] --> MAP did not converge after 1 iterations.
[gmrf_wind_mapping_node-2] [GMRF] MAP Mean value estimated in 10.6697 milliseconds
[gmrf_wind_mapping_node-2] --> MAP did not converge after 1 iterations.
[gmrf_wind_mapping_node-2] [GMRF] MAP Mean value estimated in 10.6662 milliseconds
[gmrf_wind_mapping_node-2] --> MAP did not converge after 1 iterations.
[gmrf_wind_mapping_node-2] [GMRF] MAP Mean value estimated in 10.6654 milliseconds
[gmrf_wind_mapping_node-2] --> MAP did not converge after 1 iterations.
[gmrf_wind_mapping_node-2] [GMRF] MAP Mean value estimated in 10.6697 milliseconds
[gmrf_wind_mapping_node-2] --> MAP did not converge after 1 iterations.
[gmrf_wind_mapping_node-2] [GMRF] MAP Mean value estimated in 10.674 milliseconds
[gmrf_wind_mapping_node-2] --> MAP did not converge after 1 iterations.
[gmrf_wind_mapping_node-2] [GMRF] MAP Mean value estimated in 10.6718 milliseconds
[gmrf_wind_mapping_node-2] --> MAP did not converge after 1 iterations.
[gmrf_wind_mapping_node-2] [GMRF] MAP Mean value estimated in 10.6723 milliseconds
[gsl_actionserver_node-3] [INFO] [1788890815.521741891] [GSL]: 10 gas measurements, 10 wind measurements over 1.93 seconds
[gsl_actionserver_node-3] [INFO] [1788890815.522307584] [GSL]: avg_gas=0.07;  avg_windSpeed=0.1;  avg_wind_dir=-0.87
[gsl_actionserver_node-3] [INFO] [1788890815.523373949] [GSL]: [33mNOTHING [0m
[gsl_actionserver_node-3] [INFO] [1788890815.523417934] [GSL]: [DEBUG-WIND] useGroundTruth=false gmrf_req_size=626 gaden_req_size=-1
[gsl_actionserver_node-3] [INFO] [1788890815.523431946] [GSL]: [DEBUG-WIND] Taking GMRF path
[gsl_actionserver_node-3] [INFO] [1788890815.590794123] [GSL - Trace]: [32mEntering StopAndMeasure[0m
[gmrf_wind_mapping_node-2] --> MAP did not converge after 1 iterations.
[gmrf_wind_mapping_node-2] [GMRF] MAP Mean value estimated in 10.6765 milliseconds
[gmrf_wind_mapping_node-2] --> MAP did not converge after 1 iterations.
[gmrf_wind_mapping_node-2] [GMRF] MAP Mean value estimated in 10.6795 milliseconds
[gmrf_wind_mapping_node-2] --> MAP did not converge after 1 iterations.
[gmrf_wind_mapping_node-2] [GMRF] MAP Mean value estimated in 10.6825 milliseconds
[gmrf_wind_mapping_node-2] --> MAP did not converge after 1 iterations.
[gmrf_wind_mapping_node-2] [GMRF] MAP Mean value estimated in 10.6778 milliseconds
[gmrf_wind_mapping_node-2] --> MAP did not converge after 1 iterations.
[gmrf_wind_mapping_node-2] [GMRF] MAP Mean value estimated in 10.6808 milliseconds
[gmrf_wind_mapping_node-2] --> MAP did not converge after 1 iterations.
[gmrf_wind_mapping_node-2] [GMRF] MAP Mean value estimated in 10.6799 milliseconds
[gmrf_wind_mapping_node-2] --> MAP did not converge after 1 iterations.
[gmrf_wind_mapping_node-2] [GMRF] MAP Mean value estimated in 10.6765 milliseconds
[gmrf_wind_mapping_node-2] --> MAP did not converge after 1 iterations.
[gmrf_wind_mapping_node-2] [GMRF] MAP Mean value estimated in 10.6807 milliseconds
[gmrf_wind_mapping_node-2] --> MAP did not converge after 1 iterations.
[gmrf_wind_mapping_node-2] [GMRF] MAP Mean value estimated in 10.6875 milliseconds
[gmrf_wind_mapping_node-2] --> MAP did not converge after 1 iterations.
[gmrf_wind_mapping_node-2] [GMRF] MAP Mean value estimated in 10.6892 milliseconds
[gmrf_wind_mapping_node-2] --> MAP did not converge after 1 iterations.
[gmrf_wind_mapping_node-2] [GMRF] MAP Mean value estimated in 10.6921 milliseconds
[gmrf_wind_mapping_node-2] --> MAP did not converge after 1 iterations.
[gmrf_wind_mapping_node-2] [GMRF] MAP Mean value estimated in 10.6938 milliseconds
[gmrf_wind_mapping_node-2] --> MAP did not converge after 1 iterations.
[gmrf_wind_mapping_node-2] [GMRF] MAP Mean value estimated in 10.6967 milliseconds
[gmrf_wind_mapping_node-2] --> MAP did not converge after 1 iterations.
[gmrf_wind_mapping_node-2] [GMRF] MAP Mean value estimated in 10.6984 milliseconds
[gmrf_wind_mapping_node-2] --> MAP did not converge after 1 iterations.
[gmrf_wind_mapping_node-2] [GMRF] MAP Mean value estimated in 10.7025 milliseconds
[gmrf_wind_mapping_node-2] --> MAP did not converge after 1 iterations.
[gmrf_wind_mapping_node-2] [GMRF] MAP Mean value estimated in 10.7029 milliseconds
[gmrf_wind_mapping_node-2] --> MAP did not converge after 1 iterations.
[gmrf_wind_mapping_node-2] [GMRF] MAP Mean value estimated in 10.6982 milliseconds
[gmrf_wind_mapping_node-2] --> MAP did not converge after 1 iterations.
[gmrf_wind_mapping_node-2] [GMRF] MAP Mean value estimated in 10.6974 milliseconds
[gmrf_wind_mapping_node-2] --> MAP did not converge after 1 iterations.
[gmrf_wind_mapping_node-2] [GMRF] MAP Mean value estimated in 10.7003 milliseconds
[gmrf_wind_mapping_node-2] --> MAP did not converge after 1 iterations.
[gmrf_wind_mapping_node-2] [GMRF] MAP Mean value estimated in 10.6956 milliseconds
[gsl_actionserver_node-3] [INFO] [1788890817.521676133] [GSL]: 10 gas measurements, 10 wind measurements over 1.93 seconds
[gsl_actionserver_node-3] [INFO] [1788890817.521793037] [GSL]: avg_gas=0.062;  avg_windSpeed=0.24;  avg_wind_dir=0.39
[gsl_actionserver_node-3] [INFO] [1788890817.523086942] [GSL]: [33mNOTHING [0m
[gsl_actionserver_node-3] [INFO] [1788890817.523810431] [GSL]: [DEBUG-WIND] useGroundTruth=false gmrf_req_size=626 gaden_req_size=-1
[gsl_actionserver_node-3] [INFO] [1788890817.523895860] [GSL]: [DEBUG-WIND] Taking GMRF path
[gsl_actionserver_node-3] [INFO] [1788890817.590752353] [GSL]: [33mStarted simulations. Might take a while![0m
[gmrf_wind_mapping_node-2] --> MAP did not converge after 1 iterations.
[gmrf_wind_mapping_node-2] [GMRF] MAP Mean value estimated in 10.6972 milliseconds
[gmrf_wind_mapping_node-2] --> MAP did not converge after 1 iterations.
[gmrf_wind_mapping_node-2] [GMRF] MAP Mean value estimated in 10.7001 milliseconds
[gmrf_wind_mapping_node-2] --> MAP did not converge after 1 iterations.
[gmrf_wind_mapping_node-2] [GMRF] MAP Mean value estimated in 10.7093 milliseconds
[gmrf_wind_mapping_node-2] --> MAP did not converge after 1 iterations.
[gmrf_wind_mapping_node-2] [GMRF] MAP Mean value estimated in 10.7121 milliseconds
[gsl_actionserver_node-3] [INFO] [1788890817.958075293] [GSL]: CER contrastive context initialized: events=16, candidates=74, transport_members=3, fixed_ratio_weight=1, context_within_member=true, centered_log_odds=true, transport_pool=robust_log_variance
[gsl_actionserver_node-3] [INFO] [1788890817.959915945] [GSL - Trace]: [32mFirst simulation level done[0m
[gsl_actionserver_node-3] [INFO] [1788890817.960142199] [GSL]: [RC2-DIAG] scores_size=74 refineFraction=0.25 refine_product=18.5 valid_first_level=74 sum_sourceProbInternal_before_norm=196.57675385148337 min_sourceProbInternal_before_norm=0 max_sourceProbInternal_before_norm=0.45609455649996145 finite_sourceProbInternal=1102 finite_varianceOfHitProb=1102
[gmrf_wind_mapping_node-2] --> MAP did not converge after 1 iterations.
[gmrf_wind_mapping_node-2] [GMRF] MAP Mean value estimated in 10.7225 milliseconds
[gmrf_wind_mapping_node-2] --> MAP did not converge after 1 iterations.
[gmrf_wind_mapping_node-2] [GMRF] MAP Mean value estimated in 10.7266 milliseconds
[gmrf_wind_mapping_node-2] --> MAP did not converge after 1 iterations.
[gmrf_wind_mapping_node-2] [GMRF] MAP Mean value estimated in 10.7382 milliseconds
[gmrf_wind_mapping_node-2] --> MAP did not converge after 1 iterations.
[gmrf_wind_mapping_node-2] [GMRF] MAP Mean value estimated in 10.736 milliseconds
[gsl_actionserver_node-3] [INFO] [1788890818.331320467] [GSL - Trace]: [32mSimulation level 2 done[0m
[gmrf_wind_mapping_node-2] --> MAP did not converge after 1 iterations.
[gmrf_wind_mapping_node-2] [GMRF] MAP Mean value estimated in 10.74 milliseconds
[gmrf_wind_mapping_node-2] --> MAP did not converge after 1 iterations.
[gmrf_wind_mapping_node-2] [GMRF] MAP Mean value estimated in 10.7429 milliseconds
[gmrf_wind_mapping_node-2] --> MAP did not converge after 1 iterations.
[gmrf_wind_mapping_node-2] [GMRF] MAP Mean value estimated in 10.7519 milliseconds
[gmrf_wind_mapping_node-2] --> MAP did not converge after 1 iterations.
[gmrf_wind_mapping_node-2] [GMRF] MAP Mean value estimated in 10.7472 milliseconds
[gsl_actionserver_node-3] [INFO] [1788890818.706359383] [GSL - Trace]: [32mSimulation level 3 done[0m
[gmrf_wind_mapping_node-2] --> MAP did not converge after 1 iterations.
[gmrf_wind_mapping_node-2] [GMRF] MAP Mean value estimated in 10.75 milliseconds
[gmrf_wind_mapping_node-2] --> MAP did not converge after 1 iterations.
[gmrf_wind_mapping_node-2] [GMRF] MAP Mean value estimated in 10.7454 milliseconds
[gsl_actionserver_node-3] [INFO] [1788890818.917243574] [GSL - Trace]: [32mSimulation level 4 done[0m
[gsl_actionserver_node-3] [INFO] [1788890818.917594868] [GSL - Trace]: [32mSimulation level 5 done[0m
[gsl_actionserver_node-3] [INFO] [1788890818.917604156] [GSL]: Number of levels in the simulation: 5
[gsl_actionserver_node-3] [INFO] [1788890818.917610495] [GSL]: Total number of simulations: 266
[gsl_actionserver_node-3] [INFO] [1788890818.917629705] [GSL]: CORE sequential event-time commit: window_start=8, new_events=8, committed_total=16
[gsl_actionserver_node-3] [INFO] [1788890818.917641985] [GSL]: [RC2-DIAG] normalized_finite_count=1102 normalized_sum=1
[gsl_actionserver_node-3] [INFO] [1788890818.917649121] [GSL]: Time ellapsed in simulation = 1.326814393 s
[gsl_actionserver_node-3] [INFO] [1788890818.920932628] [GSL]: Max mutual info: 2.603
[gsl_actionserver_node-3] [INFO] [1788890818.921055887] [GSL]: MutualInformation - Ellapsed: 0.003s
[vgr_sim_node-1] [WARN] [1788890818.924889587] [vgr_uav_sim]: PLAN_CB: called with goal=(-5.90,-5.03)
[vgr_sim_node-1] [WARN] [1788890818.949332125] [vgr_uav_sim]: PLAN_CB: returning 43 poses
[vgr_sim_node-1] [WARN] [1788890818.961145695] [vgr_uav_sim]: PLAN_CB: called with goal=(-5.90,-5.03)
[vgr_sim_node-1] [WARN] [1788890818.966602579] [vgr_uav_sim]: PLAN_CB: returning 43 poses
[gsl_actionserver_node-3] [INFO] [1788890818.976614813] [GSL]: Sending goal (-5.90, -5.03)
[gsl_actionserver_node-3] [INFO] [1788890818.977098962] [GSL]: Variance: 18.06
[gsl_actionserver_node-3] [INFO] [1788890818.977120377] [GSL - Trace]: [32mEntering Moving[0m
[vgr_sim_node-1] [INFO] [1788890818.982408530] [vgr_uav_sim]: Prepared 43 collision-free navigation waypoints to (-5.90, -5.03)
[vgr_sim_node-1] [INFO] [1788890818.983473696] [vgr_uav_sim]: UAV navigating in audited 2-D mode to (-5.90, -5.03, 0.30)
[gmrf_wind_mapping_node-2] --> MAP did not converge after 1 iterations.
[gmrf_wind_mapping_node-2] [GMRF] MAP Mean value estimated in 10.742 milliseconds
[gmrf_wind_mapping_node-2] --> MAP did not converge after 1 iterations.
[gmrf_wind_mapping_node-2] [GMRF] MAP Mean value estimated in 10.7386 milliseconds
[gmrf_wind_mapping_node-2] --> MAP did not converge after 1 iterations.
[gmrf_wind_mapping_node-2] [GMRF] MAP Mean value estimated in 10.7414 milliseconds
[gmrf_wind_mapping_node-2] --> MAP did not converge after 1 iterations.
[gmrf_wind_mapping_node-2] [GMRF] MAP Mean value estimated in 10.7442 milliseconds
[gmrf_wind_mapping_node-2] --> MAP did not converge after 1 iterations.
[gmrf_wind_mapping_node-2] [GMRF] MAP Mean value estimated in 10.7396 milliseconds
[gmrf_wind_mapping_node-2] --> MAP did not converge after 1 iterations.
[gmrf_wind_mapping_node-2] [GMRF] MAP Mean value estimated in 10.735 milliseconds
[gmrf_wind_mapping_node-2] --> MAP did not converge after 1 iterations.
[gmrf_wind_mapping_node-2] [GMRF] MAP Mean value estimated in 10.7304 milliseconds
[gmrf_wind_mapping_node-2] --> MAP did not converge after 1 iterations.
[gmrf_wind_mapping_node-2] [GMRF] MAP Mean value estimated in 10.7258 milliseconds
[gmrf_wind_mapping_node-2] --> MAP did not converge after 1 iterations.
[gmrf_wind_mapping_node-2] [GMRF] MAP Mean value estimated in 10.7213 milliseconds
[gmrf_wind_mapping_node-2] --> MAP did not converge after 1 iterations.
[gmrf_wind_mapping_node-2] [GMRF] MAP Mean value estimated in 10.7179 milliseconds
[gmrf_wind_mapping_node-2] --> MAP did not converge after 1 iterations.
[gmrf_wind_mapping_node-2] [GMRF] MAP Mean value estimated in 10.7134 milliseconds
[gmrf_wind_mapping_node-2] --> MAP did not converge after 1 iterations.
[gmrf_wind_mapping_node-2] [GMRF] MAP Mean value estimated in 10.7089 milliseconds
[gmrf_wind_mapping_node-2] --> MAP did not converge after 1 iterations.
[gmrf_wind_mapping_node-2] [GMRF] MAP Mean value estimated in 10.7044 milliseconds
[gmrf_wind_mapping_node-2] --> MAP did not converge after 1 iterations.
[gmrf_wind_mapping_node-2] [GMRF] MAP Mean value estimated in 10.6999 milliseconds
[gmrf_wind_mapping_node-2] --> MAP did not converge after 1 iterations.
[gmrf_wind_mapping_node-2] [GMRF] MAP Mean value estimated in 10.6954 milliseconds
[gmrf_wind_mapping_node-2] --> MAP did not converge after 1 iterations.
[gmrf_wind_mapping_node-2] [GMRF] MAP Mean value estimated in 10.6921 milliseconds
[gmrf_wind_mapping_node-2] --> MAP did not converge after 1 iterations.
[gmrf_wind_mapping_node-2] [GMRF] MAP Mean value estimated in 10.6985 milliseconds
[gmrf_wind_mapping_node-2] --> MAP did not converge after 1 iterations.
[gmrf_wind_mapping_node-2] [GMRF] MAP Mean value estimated in 10.7013 milliseconds
[gmrf_wind_mapping_node-2] --> MAP did not converge after 1 iterations.
[gmrf_wind_mapping_node-2] [GMRF] MAP Mean value estimated in 10.7065 milliseconds
[gmrf_wind_mapping_node-2] --> MAP did not converge after 1 iterations.
[gmrf_wind_mapping_node-2] [GMRF] MAP Mean value estimated in 10.7057 milliseconds
[gmrf_wind_mapping_node-2] --> MAP did not converge after 1 iterations.
[gmrf_wind_mapping_node-2] [GMRF] MAP Mean value estimated in 10.7012 milliseconds
[gmrf_wind_mapping_node-2] --> MAP did not converge after 1 iterations.
[gmrf_wind_mapping_node-2] [GMRF] MAP Mean value estimated in 10.6992 milliseconds
[gmrf_wind_mapping_node-2] --> MAP did not converge after 1 iterations.
[gmrf_wind_mapping_node-2] [GMRF] MAP Mean value estimated in 10.6947 milliseconds
[gmrf_wind_mapping_node-2] --> MAP did not converge after 1 iterations.
[gmrf_wind_mapping_node-2] [GMRF] MAP Mean value estimated in 10.6975 milliseconds
[gmrf_wind_mapping_node-2] --> MAP did not converge after 1 iterations.
[gmrf_wind_mapping_node-2] [GMRF] MAP Mean value estimated in 10.7002 milliseconds
[gmrf_wind_mapping_node-2] --> MAP did not converge after 1 iterations.
[gmrf_wind_mapping_node-2] [GMRF] MAP Mean value estimated in 10.6994 milliseconds
[gmrf_wind_mapping_node-2] --> MAP did not converge after 1 iterations.
[gmrf_wind_mapping_node-2] [GMRF] MAP Mean value estimated in 10.695 milliseconds
[gmrf_wind_mapping_node-2] --> MAP did not converge after 1 iterations.
[gmrf_wind_mapping_node-2] [GMRF] MAP Mean value estimated in 10.6941 milliseconds
[gmrf_wind_mapping_node-2] --> MAP did not converge after 1 iterations.
[gmrf_wind_mapping_node-2] [GMRF] MAP Mean value estimated in 10.6885 milliseconds
[gmrf_wind_mapping_node-2] --> MAP did not converge after 1 iterations.
[gmrf_wind_mapping_node-2] [GMRF] MAP Mean value estimated in 10.6877 milliseconds
[gmrf_wind_mapping_node-2] --> MAP did not converge after 1 iterations.
[gmrf_wind_mapping_node-2] [GMRF] MAP Mean value estimated in 10.6869 milliseconds
[gmrf_wind_mapping_node-2] --> MAP did not converge after 1 iterations.
[gmrf_wind_mapping_node-2] [GMRF] MAP Mean value estimated in 10.6861 milliseconds
[gmrf_wind_mapping_node-2] --> MAP did not converge after 1 iterations.
[gmrf_wind_mapping_node-2] [GMRF] MAP Mean value estimated in 10.6888 milliseconds
[gmrf_wind_mapping_node-2] --> MAP did not converge after 1 iterations.
[gmrf_wind_mapping_node-2] [GMRF] MAP Mean value estimated in 10.6845 milliseconds
[gmrf_wind_mapping_node-2] --> MAP did not converge after 1 iterations.
[gmrf_wind_mapping_node-2] [GMRF] MAP Mean value estimated in 10.6884 milliseconds
[gmrf_wind_mapping_node-2] --> MAP did not converge after 1 iterations.
[gmrf_wind_mapping_node-2] [GMRF] MAP Mean value estimated in 10.6852 milliseconds
[gmrf_wind_mapping_node-2] --> MAP did not converge after 1 iterations.
[gmrf_wind_mapping_node-2] [GMRF] MAP Mean value estimated in 10.6809 milliseconds
[gmrf_wind_mapping_node-2] --> MAP did not converge after 1 iterations.
[gmrf_wind_mapping_node-2] [GMRF] MAP Mean value estimated in 10.68 milliseconds
[gmrf_wind_mapping_node-2] --> MAP did not converge after 1 iterations.
[gmrf_wind_mapping_node-2] [GMRF] MAP Mean value estimated in 10.684 milliseconds
[gmrf_wind_mapping_node-2] --> MAP did not converge after 1 iterations.
[gmrf_wind_mapping_node-2] [GMRF] MAP Mean value estimated in 10.6867 milliseconds
[gmrf_wind_mapping_node-2] --> MAP did not converge after 1 iterations.
[gmrf_wind_mapping_node-2] [GMRF] MAP Mean value estimated in 10.6906 milliseconds
[gmrf_wind_mapping_node-2] --> MAP did not converge after 1 iterations.
[gmrf_wind_mapping_node-2] [GMRF] MAP Mean value estimated in 10.6874 milliseconds
[gmrf_wind_mapping_node-2] --> MAP did not converge after 1 iterations.
[gmrf_wind_mapping_node-2] [GMRF] MAP Mean value estimated in 10.689 milliseconds
[gmrf_wind_mapping_node-2] --> MAP did not converge after 1 iterations.
[gmrf_wind_mapping_node-2] [GMRF] MAP Mean value estimated in 10.6858 milliseconds
[gmrf_wind_mapping_node-2] --> MAP did not converge after 1 iterations.
[gmrf_wind_mapping_node-2] [GMRF] MAP Mean value estimated in 10.6862 milliseconds
[gmrf_wind_mapping_node-2] --> MAP did not converge after 1 iterations.
[gmrf_wind_mapping_node-2] [GMRF] MAP Mean value estimated in 10.6819 milliseconds
[gmrf_wind_mapping_node-2] --> MAP did not converge after 1 iterations.
[gmrf_wind_mapping_node-2] [GMRF] MAP Mean value estimated in 10.6776 milliseconds
[gmrf_wind_mapping_node-2] --> MAP did not converge after 1 iterations.
[gmrf_wind_mapping_node-2] [GMRF] MAP Mean value estimated in 10.6779 milliseconds
[gmrf_wind_mapping_node-2] --> MAP did not converge after 1 iterations.
[gmrf_wind_mapping_node-2] [GMRF] MAP Mean value estimated in 10.6737 milliseconds
[gmrf_wind_mapping_node-2] --> MAP did not converge after 1 iterations.
[gmrf_wind_mapping_node-2] [GMRF] MAP Mean value estimated in 10.6694 milliseconds
[gmrf_wind_mapping_node-2] --> MAP did not converge after 1 iterations.
[gmrf_wind_mapping_node-2] [GMRF] MAP Mean value estimated in 10.6709 milliseconds
[gmrf_wind_mapping_node-2] --> MAP did not converge after 1 iterations.
[gmrf_wind_mapping_node-2] [GMRF] MAP Mean value estimated in 10.6667 milliseconds
[gmrf_wind_mapping_node-2] --> MAP did not converge after 1 iterations.
[gmrf_wind_mapping_node-2] [GMRF] MAP Mean value estimated in 10.6659 milliseconds
[gmrf_wind_mapping_node-2] --> MAP did not converge after 1 iterations.
[gmrf_wind_mapping_node-2] [GMRF] MAP Mean value estimated in 10.6616 milliseconds
[gmrf_wind_mapping_node-2] --> MAP did not converge after 1 iterations.
[gmrf_wind_mapping_node-2] [GMRF] MAP Mean value estimated in 10.6655 milliseconds
[gmrf_wind_mapping_node-2] --> MAP did not converge after 1 iterations.
[gmrf_wind_mapping_node-2] [GMRF] MAP Mean value estimated in 10.6613 milliseconds
[gmrf_wind_mapping_node-2] --> MAP did not converge after 1 iterations.
[gmrf_wind_mapping_node-2] [GMRF] MAP Mean value estimated in 10.6559 milliseconds
[gmrf_wind_mapping_node-2] --> MAP did not converge after 1 iterations.
[gmrf_wind_mapping_node-2] [GMRF] MAP Mean value estimated in 10.654 milliseconds
[gmrf_wind_mapping_node-2] --> MAP did not converge after 1 iterations.
[gmrf_wind_mapping_node-2] [GMRF] MAP Mean value estimated in 10.6578 milliseconds
[gmrf_wind_mapping_node-2] --> MAP did not converge after 1 iterations.
[gmrf_wind_mapping_node-2] [GMRF] MAP Mean value estimated in 10.6617 milliseconds
[gmrf_wind_mapping_node-2] --> MAP did not converge after 1 iterations.
[gmrf_wind_mapping_node-2] [GMRF] MAP Mean value estimated in 10.6644 milliseconds
[gmrf_wind_mapping_node-2] --> MAP did not converge after 1 iterations.
[gmrf_wind_mapping_node-2] [GMRF] MAP Mean value estimated in 10.6613 milliseconds
[gmrf_wind_mapping_node-2] --> MAP did not converge after 1 iterations.
[gmrf_wind_mapping_node-2] [GMRF] MAP Mean value estimated in 10.6617 milliseconds
[gmrf_wind_mapping_node-2] --> MAP did not converge after 1 iterations.
[gmrf_wind_mapping_node-2] [GMRF] MAP Mean value estimated in 10.6632 milliseconds
[gmrf_wind_mapping_node-2] --> MAP did not converge after 1 iterations.
[gmrf_wind_mapping_node-2] [GMRF] MAP Mean value estimated in 10.667 milliseconds
[gmrf_wind_mapping_node-2] --> MAP did not converge after 1 iterations.
[gmrf_wind_mapping_node-2] [GMRF] MAP Mean value estimated in 10.6629 milliseconds
[gmrf_wind_mapping_node-2] --> MAP did not converge after 1 iterations.
[gmrf_wind_mapping_node-2] [GMRF] MAP Mean value estimated in 10.6644 milliseconds
[gmrf_wind_mapping_node-2] --> MAP did not converge after 1 iterations.
[gmrf_wind_mapping_node-2] [GMRF] MAP Mean value estimated in 10.6648 milliseconds
[gmrf_wind_mapping_node-2] --> MAP did not converge after 1 iterations.
[gmrf_wind_mapping_node-2] [GMRF] MAP Mean value estimated in 10.6674 milliseconds
[gmrf_wind_mapping_node-2] --> MAP did not converge after 1 iterations.
[gmrf_wind_mapping_node-2] [GMRF] MAP Mean value estimated in 10.6667 milliseconds
[gmrf_wind_mapping_node-2] --> MAP did not converge after 1 iterations.
[gmrf_wind_mapping_node-2] [GMRF] MAP Mean value estimated in 10.6705 milliseconds
[gmrf_wind_mapping_node-2] --> MAP did not converge after 1 iterations.
[gmrf_wind_mapping_node-2] [GMRF] MAP Mean value estimated in 10.6686 milliseconds
[gmrf_wind_mapping_node-2] --> MAP did not converge after 1 iterations.
[gmrf_wind_mapping_node-2] [GMRF] MAP Mean value estimated in 10.6712 milliseconds
[gmrf_wind_mapping_node-2] --> MAP did not converge after 1 iterations.
[gmrf_wind_mapping_node-2] [GMRF] MAP Mean value estimated in 10.6682 milliseconds
[gmrf_wind_mapping_node-2] --> MAP did not converge after 1 iterations.
[gmrf_wind_mapping_node-2] [GMRF] MAP Mean value estimated in 10.6686 milliseconds
[gmrf_wind_mapping_node-2] --> MAP did not converge after 1 iterations.
[gmrf_wind_mapping_node-2] [GMRF] MAP Mean value estimated in 10.6712 milliseconds
[gmrf_wind_mapping_node-2] --> MAP did not converge after 1 iterations.
[gmrf_wind_mapping_node-2] [GMRF] MAP Mean value estimated in 10.6704 milliseconds
[gmrf_wind_mapping_node-2] --> MAP did not converge after 1 iterations.
[gmrf_wind_mapping_node-2] [GMRF] MAP Mean value estimated in 10.6708 milliseconds
[gmrf_wind_mapping_node-2] --> MAP did not converge after 1 iterations.
[gmrf_wind_mapping_node-2] [GMRF] MAP Mean value estimated in 10.6667 milliseconds
[gmrf_wind_mapping_node-2] --> MAP did not converge after 1 iterations.
[gmrf_wind_mapping_node-2] [GMRF] MAP Mean value estimated in 10.6704 milliseconds
[gmrf_wind_mapping_node-2] --> MAP did not converge after 1 iterations.
[gmrf_wind_mapping_node-2] [GMRF] MAP Mean value estimated in 10.6719 milliseconds
[gmrf_wind_mapping_node-2] --> MAP did not converge after 1 iterations.
[gmrf_wind_mapping_node-2] [GMRF] MAP Mean value estimated in 10.6689 milliseconds
[gmrf_wind_mapping_node-2] --> MAP did not converge after 1 iterations.
[gmrf_wind_mapping_node-2] [GMRF] MAP Mean value estimated in 10.6648 milliseconds
[gmrf_wind_mapping_node-2] --> MAP did not converge after 1 iterations.
[gmrf_wind_mapping_node-2] [GMRF] MAP Mean value estimated in 10.6607 milliseconds
[gmrf_wind_mapping_node-2] --> MAP did not converge after 1 iterations.
[gmrf_wind_mapping_node-2] [GMRF] MAP Mean value estimated in 10.6566 milliseconds
[gmrf_wind_mapping_node-2] --> MAP did not converge after 1 iterations.
[gmrf_wind_mapping_node-2] [GMRF] MAP Mean value estimated in 10.6525 milliseconds
[gmrf_wind_mapping_node-2] --> MAP did not converge after 1 iterations.
[gmrf_wind_mapping_node-2] [GMRF] MAP Mean value estimated in 10.6496 milliseconds
[gmrf_wind_mapping_node-2] --> MAP did not converge after 1 iterations.
[gmrf_wind_mapping_node-2] [GMRF] MAP Mean value estimated in 10.6455 milliseconds
[gmrf_wind_mapping_node-2] --> MAP did not converge after 1 iterations.
[gmrf_wind_mapping_node-2] [GMRF] MAP Mean value estimated in 10.6414 milliseconds
[gmrf_wind_mapping_node-2] --> MAP did not converge after 1 iterations.
[gmrf_wind_mapping_node-2] [GMRF] MAP Mean value estimated in 10.6407 milliseconds
[gsl_actionserver_node-3] [INFO] [1788890827.978294844] [GSL - Trace]: [32mEntering StopAndMeasure[0m
[gmrf_wind_mapping_node-2] --> MAP did not converge after 1 iterations.
[gmrf_wind_mapping_node-2] [GMRF] MAP Mean value estimated in 10.6367 milliseconds
[gmrf_wind_mapping_node-2] --> MAP did not converge after 1 iterations.
[gmrf_wind_mapping_node-2] [GMRF] MAP Mean value estimated in 10.6337 milliseconds
[gmrf_wind_mapping_node-2] --> MAP did not converge after 1 iterations.
[gmrf_wind_mapping_node-2] [GMRF] MAP Mean value estimated in 10.6286 milliseconds
[gmrf_wind_mapping_node-2] --> MAP did not converge after 1 iterations.
[gmrf_wind_mapping_node-2] [GMRF] MAP Mean value estimated in 10.6246 milliseconds
[gmrf_wind_mapping_node-2] --> MAP did not converge after 1 iterations.
[gmrf_wind_mapping_node-2] [GMRF] MAP Mean value estimated in 10.6206 milliseconds
[gmrf_wind_mapping_node-2] --> MAP did not converge after 1 iterations.
[gmrf_wind_mapping_node-2] [GMRF] MAP Mean value estimated in 10.6166 milliseconds
[gmrf_wind_mapping_node-2] --> MAP did not converge after 1 iterations.
[gmrf_wind_mapping_node-2] [GMRF] MAP Mean value estimated in 10.617 milliseconds
[gmrf_wind_mapping_node-2] --> MAP did not converge after 1 iterations.
[gmrf_wind_mapping_node-2] [GMRF] MAP Mean value estimated in 10.6207 milliseconds
[gmrf_wind_mapping_node-2] --> MAP did not converge after 1 iterations.
[gmrf_wind_mapping_node-2] [GMRF] MAP Mean value estimated in 10.6256 milliseconds
[gmrf_wind_mapping_node-2] --> MAP did not converge after 1 iterations.
[gmrf_wind_mapping_node-2] [GMRF] MAP Mean value estimated in 10.6227 milliseconds
[gmrf_wind_mapping_node-2] --> MAP did not converge after 1 iterations.
[gmrf_wind_mapping_node-2] [GMRF] MAP Mean value estimated in 10.6264 milliseconds
[gmrf_wind_mapping_node-2] --> MAP did not converge after 1 iterations.
[gmrf_wind_mapping_node-2] [GMRF] MAP Mean value estimated in 10.6268 milliseconds
[gmrf_wind_mapping_node-2] --> MAP did not converge after 1 iterations.
[gmrf_wind_mapping_node-2] [GMRF] MAP Mean value estimated in 10.625 milliseconds
[gmrf_wind_mapping_node-2] --> MAP did not converge after 1 iterations.
[gmrf_wind_mapping_node-2] [GMRF] MAP Mean value estimated in 10.6265 milliseconds
[gmrf_wind_mapping_node-2] --> MAP did not converge after 1 iterations.
[gmrf_wind_mapping_node-2] [GMRF] MAP Mean value estimated in 10.628 milliseconds
[gmrf_wind_mapping_node-2] --> MAP did not converge after 1 iterations.
[gmrf_wind_mapping_node-2] [GMRF] MAP Mean value estimated in 10.6251 milliseconds
[gmrf_wind_mapping_node-2] --> MAP did not converge after 1 iterations.
[gmrf_wind_mapping_node-2] [GMRF] MAP Mean value estimated in 10.631 milliseconds
[gmrf_wind_mapping_node-2] --> MAP did not converge after 1 iterations.
[gmrf_wind_mapping_node-2] [GMRF] MAP Mean value estimated in 10.6292 milliseconds
[gmrf_wind_mapping_node-2] --> MAP did not converge after 1 iterations.
[gmrf_wind_mapping_node-2] [GMRF] MAP Mean value estimated in 10.6296 milliseconds
[gmrf_wind_mapping_node-2] --> MAP did not converge after 1 iterations.
[gmrf_wind_mapping_node-2] [GMRF] MAP Mean value estimated in 10.6289 milliseconds
[gsl_actionserver_node-3] [INFO] [1788890829.928084346] [GSL]: 10 gas measurements, 10 wind measurements over 1.95 seconds
[gsl_actionserver_node-3] [INFO] [1788890829.928142787] [GSL]: avg_gas=0.029;  avg_windSpeed=0.19;  avg_wind_dir=1.3
[gsl_actionserver_node-3] [INFO] [1788890829.928626749] [GSL]: [33mNOTHING [0m
[gsl_actionserver_node-3] [INFO] [1788890829.928635394] [GSL]: [DEBUG-WIND] useGroundTruth=false gmrf_req_size=626 gaden_req_size=-1
[gsl_actionserver_node-3] [INFO] [1788890829.928642144] [GSL]: [DEBUG-WIND] Taking GMRF path
[gsl_actionserver_node-3] [INFO] [1788890829.990359002] [GSL - Trace]: [32mEntering StopAndMeasure[0m
[gmrf_wind_mapping_node-2] --> MAP did not converge after 1 iterations.
[gmrf_wind_mapping_node-2] [GMRF] MAP Mean value estimated in 10.625 milliseconds
[gmrf_wind_mapping_node-2] --> MAP did not converge after 1 iterations.
[gmrf_wind_mapping_node-2] [GMRF] MAP Mean value estimated in 10.6221 milliseconds
[gmrf_wind_mapping_node-2] --> MAP did not converge after 1 iterations.
[gmrf_wind_mapping_node-2] [GMRF] MAP Mean value estimated in 10.6258 milliseconds
[gmrf_wind_mapping_node-2] --> MAP did not converge after 1 iterations.
[gmrf_wind_mapping_node-2] [GMRF] MAP Mean value estimated in 10.6262 milliseconds
[gmrf_wind_mapping_node-2] --> MAP did not converge after 1 iterations.
[gmrf_wind_mapping_node-2] [GMRF] MAP Mean value estimated in 10.6255 milliseconds
[gmrf_wind_mapping_node-2] --> MAP did not converge after 1 iterations.
[gmrf_wind_mapping_node-2] [GMRF] MAP Mean value estimated in 10.6259 milliseconds
[gmrf_wind_mapping_node-2] --> MAP did not converge after 1 iterations.
[gmrf_wind_mapping_node-2] [GMRF] MAP Mean value estimated in 10.6274 milliseconds
[gmrf_wind_mapping_node-2] --> MAP did not converge after 1 iterations.
[gmrf_wind_mapping_node-2] [GMRF] MAP Mean value estimated in 10.6268 milliseconds
[gmrf_wind_mapping_node-2] --> MAP did not converge after 1 iterations.
[gmrf_wind_mapping_node-2] [GMRF] MAP Mean value estimated in 10.6336 milliseconds
[gmrf_wind_mapping_node-2] --> MAP did not converge after 1 iterations.
[gmrf_wind_mapping_node-2] [GMRF] MAP Mean value estimated in 10.6319 milliseconds
[gmrf_wind_mapping_node-2] --> MAP did not converge after 1 iterations.
[gmrf_wind_mapping_node-2] [GMRF] MAP Mean value estimated in 10.6366 milliseconds
[gmrf_wind_mapping_node-2] --> MAP did not converge after 1 iterations.
[gmrf_wind_mapping_node-2] [GMRF] MAP Mean value estimated in 10.6327 milliseconds
[gmrf_wind_mapping_node-2] --> MAP did not converge after 1 iterations.
[gmrf_wind_mapping_node-2] [GMRF] MAP Mean value estimated in 10.6363 milliseconds
[gmrf_wind_mapping_node-2] --> MAP did not converge after 1 iterations.
[gmrf_wind_mapping_node-2] [GMRF] MAP Mean value estimated in 10.6345 milliseconds
[gmrf_wind_mapping_node-2] --> MAP did not converge after 1 iterations.
[gmrf_wind_mapping_node-2] [GMRF] MAP Mean value estimated in 10.6317 milliseconds
[gmrf_wind_mapping_node-2] --> MAP did not converge after 1 iterations.
[gmrf_wind_mapping_node-2] [GMRF] MAP Mean value estimated in 10.6332 milliseconds
[gmrf_wind_mapping_node-2] --> MAP did not converge after 1 iterations.
[gmrf_wind_mapping_node-2] [GMRF] MAP Mean value estimated in 10.6357 milliseconds
[gmrf_wind_mapping_node-2] --> MAP did not converge after 1 iterations.
[gmrf_wind_mapping_node-2] [GMRF] MAP Mean value estimated in 10.6361 milliseconds
[gmrf_wind_mapping_node-2] --> MAP did not converge after 1 iterations.
[gmrf_wind_mapping_node-2] [GMRF] MAP Mean value estimated in 10.6397 milliseconds
[gmrf_wind_mapping_node-2] --> MAP did not converge after 1 iterations.
[gmrf_wind_mapping_node-2] [GMRF] MAP Mean value estimated in 10.639 milliseconds
[gsl_actionserver_node-3] [INFO] [1788890831.928108198] [GSL]: 10 gas measurements, 10 wind measurements over 1.94 seconds
[gsl_actionserver_node-3] [INFO] [1788890831.928172827] [GSL]: avg_gas=0.0055;  avg_windSpeed=0.22;  avg_wind_dir=0.97
[gsl_actionserver_node-3] [INFO] [1788890831.928663138] [GSL]: [33mNOTHING [0m
[gsl_actionserver_node-3] [INFO] [1788890831.928671994] [GSL]: [DEBUG-WIND] useGroundTruth=false gmrf_req_size=626 gaden_req_size=-1
[gsl_actionserver_node-3] [INFO] [1788890831.928678707] [GSL]: [DEBUG-WIND] Taking GMRF path
[gsl_actionserver_node-3] [INFO] [1788890831.990390906] [GSL - Trace]: [32mEntering StopAndMeasure[0m
[gmrf_wind_mapping_node-2] --> MAP did not converge after 1 iterations.
[gmrf_wind_mapping_node-2] [GMRF] MAP Mean value estimated in 10.6351 milliseconds
[gmrf_wind_mapping_node-2] --> MAP did not converge after 1 iterations.
[gmrf_wind_mapping_node-2] [GMRF] MAP Mean value estimated in 10.6323 milliseconds
[gmrf_wind_mapping_node-2] --> MAP did not converge after 1 iterations.
[gmrf_wind_mapping_node-2] [GMRF] MAP Mean value estimated in 10.6274 milliseconds
[gmrf_wind_mapping_node-2] --> MAP did not converge after 1 iterations.
[gmrf_wind_mapping_node-2] [GMRF] MAP Mean value estimated in 10.6288 milliseconds
[gmrf_wind_mapping_node-2] --> MAP did not converge after 1 iterations.
[gmrf_wind_mapping_node-2] [GMRF] MAP Mean value estimated in 10.6271 milliseconds
[gmrf_wind_mapping_node-2] --> MAP did not converge after 1 iterations.
[gmrf_wind_mapping_node-2] [GMRF] MAP Mean value estimated in 10.6243 milliseconds
[gmrf_wind_mapping_node-2] --> MAP did not converge after 1 iterations.
[gmrf_wind_mapping_node-2] [GMRF] MAP Mean value estimated in 10.6279 milliseconds
[gmrf_wind_mapping_node-2] --> MAP did not converge after 1 iterations.
[gmrf_wind_mapping_node-2] [GMRF] MAP Mean value estimated in 10.6283 milliseconds
[gmrf_wind_mapping_node-2] --> MAP did not converge after 1 iterations.
[gmrf_wind_mapping_node-2] [GMRF] MAP Mean value estimated in 10.634 milliseconds
[gmrf_wind_mapping_node-2] --> MAP did not converge after 1 iterations.
[gmrf_wind_mapping_node-2] [GMRF] MAP Mean value estimated in 10.6333 milliseconds
[gmrf_wind_mapping_node-2] --> MAP did not converge after 1 iterations.
[gmrf_wind_mapping_node-2] [GMRF] MAP Mean value estimated in 10.6358 milliseconds
[gmrf_wind_mapping_node-2] --> MAP did not converge after 1 iterations.
[gmrf_wind_mapping_node-2] [GMRF] MAP Mean value estimated in 10.6372 milliseconds
[gmrf_wind_mapping_node-2] --> MAP did not converge after 1 iterations.
[gmrf_wind_mapping_node-2] [GMRF] MAP Mean value estimated in 10.6408 milliseconds
[gmrf_wind_mapping_node-2] --> MAP did not converge after 1 iterations.
[gmrf_wind_mapping_node-2] [GMRF] MAP Mean value estimated in 10.638 milliseconds
[gmrf_wind_mapping_node-2] --> MAP did not converge after 1 iterations.
[gmrf_wind_mapping_node-2] [GMRF] MAP Mean value estimated in 10.6415 milliseconds
[gmrf_wind_mapping_node-2] --> MAP did not converge after 1 iterations.
[gmrf_wind_mapping_node-2] [GMRF] MAP Mean value estimated in 10.6408 milliseconds
[gmrf_wind_mapping_node-2] --> MAP did not converge after 1 iterations.
[gmrf_wind_mapping_node-2] [GMRF] MAP Mean value estimated in 10.637 milliseconds
[gmrf_wind_mapping_node-2] --> MAP did not converge after 1 iterations.
[gmrf_wind_mapping_node-2] [GMRF] MAP Mean value estimated in 10.6332 milliseconds
[gmrf_wind_mapping_node-2] --> MAP did not converge after 1 iterations.
[gmrf_wind_mapping_node-2] [GMRF] MAP Mean value estimated in 10.6347 milliseconds
[gmrf_wind_mapping_node-2] --> MAP did not converge after 1 iterations.
[gmrf_wind_mapping_node-2] [GMRF] MAP Mean value estimated in 10.635 milliseconds
[gsl_actionserver_node-3] [INFO] [1788890833.928119611] [GSL]: 10 gas measurements, 10 wind measurements over 1.94 seconds
[gsl_actionserver_node-3] [INFO] [1788890833.928176509] [GSL]: avg_gas=0.001;  avg_windSpeed=0.19;  avg_wind_dir=1.3
[gsl_actionserver_node-3] [INFO] [1788890833.928938086] [GSL]: [33mNOTHING [0m
[gsl_actionserver_node-3] [INFO] [1788890833.928968819] [GSL]: [DEBUG-WIND] useGroundTruth=false gmrf_req_size=626 gaden_req_size=-1
[gsl_actionserver_node-3] [INFO] [1788890833.928976389] [GSL]: [DEBUG-WIND] Taking GMRF path
[gsl_actionserver_node-3] [INFO] [1788890833.991204960] [GSL - Trace]: [32mEntering StopAndMeasure[0m
[gmrf_wind_mapping_node-2] --> MAP did not converge after 1 iterations.
[gmrf_wind_mapping_node-2] [GMRF] MAP Mean value estimated in 10.6396 milliseconds
[gmrf_wind_mapping_node-2] --> MAP did not converge after 1 iterations.
[gmrf_wind_mapping_node-2] [GMRF] MAP Mean value estimated in 10.6389 milliseconds
[gmrf_wind_mapping_node-2] --> MAP did not converge after 1 iterations.
[gmrf_wind_mapping_node-2] [GMRF] MAP Mean value estimated in 10.6424 milliseconds
[gmrf_wind_mapping_node-2] --> MAP did not converge after 1 iterations.
[gmrf_wind_mapping_node-2] [GMRF] MAP Mean value estimated in 10.6417 milliseconds
[gmrf_wind_mapping_node-2] --> MAP did not converge after 1 iterations.
[gmrf_wind_mapping_node-2] [GMRF] MAP Mean value estimated in 10.6411 milliseconds
[gmrf_wind_mapping_node-2] --> MAP did not converge after 1 iterations.
[gmrf_wind_mapping_node-2] [GMRF] MAP Mean value estimated in 10.6415 milliseconds
[gmrf_wind_mapping_node-2] --> MAP did not converge after 1 iterations.
[gmrf_wind_mapping_node-2] [GMRF] MAP Mean value estimated in 10.6366 milliseconds
[gmrf_wind_mapping_node-2] --> MAP did not converge after 1 iterations.
[gmrf_wind_mapping_node-2] [GMRF] MAP Mean value estimated in 10.6329 milliseconds
[gmrf_wind_mapping_node-2] --> MAP did not converge after 1 iterations.
[gmrf_wind_mapping_node-2] [GMRF] MAP Mean value estimated in 10.6291 milliseconds
[gmrf_wind_mapping_node-2] --> MAP did not converge after 1 iterations.
[gmrf_wind_mapping_node-2] [GMRF] MAP Mean value estimated in 10.6254 milliseconds
[gmrf_wind_mapping_node-2] --> MAP did not converge after 1 iterations.
[gmrf_wind_mapping_node-2] [GMRF] MAP Mean value estimated in 10.6247 milliseconds
[gmrf_wind_mapping_node-2] --> MAP did not converge after 1 iterations.
[gmrf_wind_mapping_node-2] [GMRF] MAP Mean value estimated in 10.62 milliseconds
[gmrf_wind_mapping_node-2] --> MAP did not converge after 1 iterations.
[gmrf_wind_mapping_node-2] [GMRF] MAP Mean value estimated in 10.6173 milliseconds
[gmrf_wind_mapping_node-2] --> MAP did not converge after 1 iterations.
[gmrf_wind_mapping_node-2] [GMRF] MAP Mean value estimated in 10.6146 milliseconds
[gmrf_wind_mapping_node-2] --> MAP did not converge after 1 iterations.
[gmrf_wind_mapping_node-2] [GMRF] MAP Mean value estimated in 10.6109 milliseconds
[gmrf_wind_mapping_node-2] --> MAP did not converge after 1 iterations.
[gmrf_wind_mapping_node-2] [GMRF] MAP Mean value estimated in 10.6133 milliseconds
[gmrf_wind_mapping_node-2] --> MAP did not converge after 1 iterations.
[gmrf_wind_mapping_node-2] [GMRF] MAP Mean value estimated in 10.6168 milliseconds
[gmrf_wind_mapping_node-2] --> MAP did not converge after 1 iterations.
[gmrf_wind_mapping_node-2] [GMRF] MAP Mean value estimated in 10.6151 milliseconds
[gmrf_wind_mapping_node-2] --> MAP did not converge after 1 iterations.
[gmrf_wind_mapping_node-2] [GMRF] MAP Mean value estimated in 10.6125 milliseconds
[gmrf_wind_mapping_node-2] --> MAP did not converge after 1 iterations.
[gmrf_wind_mapping_node-2] [GMRF] MAP Mean value estimated in 10.6159 milliseconds
[gsl_actionserver_node-3] [INFO] [1788890835.928092994] [GSL]: 10 gas measurements, 10 wind measurements over 1.94 seconds
[gsl_actionserver_node-3] [INFO] [1788890835.928147543] [GSL]: avg_gas=0.0002;  avg_windSpeed=0.22;  avg_wind_dir=0.97
[gsl_actionserver_node-3] [INFO] [1788890835.928982852] [GSL]: [33mNOTHING [0m
[gsl_actionserver_node-3] [INFO] [1788890835.929010409] [GSL]: [DEBUG-WIND] useGroundTruth=false gmrf_req_size=626 gaden_req_size=-1
[gsl_actionserver_node-3] [INFO] [1788890835.929017726] [GSL]: [DEBUG-WIND] Taking GMRF path
[gsl_actionserver_node-3] [INFO] [1788890835.990944085] [GSL - Trace]: [32mEntering StopAndMeasure[0m
[gmrf_wind_mapping_node-2] --> MAP did not converge after 1 iterations.
[gmrf_wind_mapping_node-2] [GMRF] MAP Mean value estimated in 10.6163 milliseconds
[gmrf_wind_mapping_node-2] --> MAP did not converge after 1 iterations.
[gmrf_wind_mapping_node-2] [GMRF] MAP Mean value estimated in 10.6126 milliseconds
[gmrf_wind_mapping_node-2] --> MAP did not converge after 1 iterations.
[gmrf_wind_mapping_node-2] [GMRF] MAP Mean value estimated in 10.609 milliseconds
[gmrf_wind_mapping_node-2] --> MAP did not converge after 1 iterations.
[gmrf_wind_mapping_node-2] [GMRF] MAP Mean value estimated in 10.6053 milliseconds
[gmrf_wind_mapping_node-2] --> MAP did not converge after 1 iterations.
[gmrf_wind_mapping_node-2] [GMRF] MAP Mean value estimated in 10.6016 milliseconds
[gmrf_wind_mapping_node-2] --> MAP did not converge after 1 iterations.
[gmrf_wind_mapping_node-2] [GMRF] MAP Mean value estimated in 10.6 milliseconds
[gmrf_wind_mapping_node-2] --> MAP did not converge after 1 iterations.
[gmrf_wind_mapping_node-2] [GMRF] MAP Mean value estimated in 10.6024 milliseconds
[gmrf_wind_mapping_node-2] --> MAP did not converge after 1 iterations.
[gmrf_wind_mapping_node-2] [GMRF] MAP Mean value estimated in 10.5988 milliseconds
[gmrf_wind_mapping_node-2] --> MAP did not converge after 1 iterations.
[gmrf_wind_mapping_node-2] [GMRF] MAP Mean value estimated in 10.5951 milliseconds
[gmrf_wind_mapping_node-2] --> MAP did not converge after 1 iterations.
[gmrf_wind_mapping_node-2] [GMRF] MAP Mean value estimated in 10.5915 milliseconds
[gmrf_wind_mapping_node-2] --> MAP did not converge after 1 iterations.
[gmrf_wind_mapping_node-2] [GMRF] MAP Mean value estimated in 10.5909 milliseconds
[gmrf_wind_mapping_node-2] --> MAP did not converge after 1 iterations.
[gmrf_wind_mapping_node-2] [GMRF] MAP Mean value estimated in 10.5893 milliseconds
[gmrf_wind_mapping_node-2] --> MAP did not converge after 1 iterations.
[gmrf_wind_mapping_node-2] [GMRF] MAP Mean value estimated in 10.5897 milliseconds
[gmrf_wind_mapping_node-2] --> MAP did not converge after 1 iterations.
[gmrf_wind_mapping_node-2] [GMRF] MAP Mean value estimated in 10.5891 milliseconds
[gmrf_wind_mapping_node-2] --> MAP did not converge after 1 iterations.
[gmrf_wind_mapping_node-2] [GMRF] MAP Mean value estimated in 10.5915 milliseconds
[gmrf_wind_mapping_node-2] --> MAP did not converge after 1 iterations.
[gmrf_wind_mapping_node-2] [GMRF] MAP Mean value estimated in 10.591 milliseconds
[gmrf_wind_mapping_node-2] --> MAP did not converge after 1 iterations.
[gmrf_wind_mapping_node-2] [GMRF] MAP Mean value estimated in 10.5944 milliseconds
[gmrf_wind_mapping_node-2] --> MAP did not converge after 1 iterations.
[gmrf_wind_mapping_node-2] [GMRF] MAP Mean value estimated in 10.5918 milliseconds
[gmrf_wind_mapping_node-2] --> MAP did not converge after 1 iterations.
[gmrf_wind_mapping_node-2] [GMRF] MAP Mean value estimated in 10.5922 milliseconds
[gmrf_wind_mapping_node-2] --> MAP did not converge after 1 iterations.
[gmrf_wind_mapping_node-2] [GMRF] MAP Mean value estimated in 10.5896 milliseconds
[gsl_actionserver_node-3] [INFO] [1788890837.928152876] [GSL]: 10 gas measurements, 10 wind measurements over 1.94 seconds
[gsl_actionserver_node-3] [INFO] [1788890837.928511578] [GSL]: avg_gas=3.7e-05;  avg_windSpeed=0.19;  avg_wind_dir=1.3
[gsl_actionserver_node-3] [INFO] [1788890837.929159505] [GSL]: [33mNOTHING [0m
[gsl_actionserver_node-3] [INFO] [1788890837.929185218] [GSL]: [DEBUG-WIND] useGroundTruth=false gmrf_req_size=626 gaden_req_size=-1
[gsl_actionserver_node-3] [INFO] [1788890837.929192289] [GSL]: [DEBUG-WIND] Taking GMRF path
[gsl_actionserver_node-3] [INFO] [1788890837.991541204] [GSL - Trace]: [32mEntering StopAndMeasure[0m
[gmrf_wind_mapping_node-2] --> MAP did not converge after 1 iterations.
[gmrf_wind_mapping_node-2] [GMRF] MAP Mean value estimated in 10.59 milliseconds
[gmrf_wind_mapping_node-2] --> MAP did not converge after 1 iterations.
[gmrf_wind_mapping_node-2] [GMRF] MAP Mean value estimated in 10.5864 milliseconds
[gmrf_wind_mapping_node-2] --> MAP did not converge after 1 iterations.
[gmrf_wind_mapping_node-2] [GMRF] MAP Mean value estimated in 10.5888 milliseconds
[gmrf_wind_mapping_node-2] --> MAP did not converge after 1 iterations.
[gmrf_wind_mapping_node-2] [GMRF] MAP Mean value estimated in 10.5872 milliseconds
[gmrf_wind_mapping_node-2] --> MAP did not converge after 1 iterations.
[gmrf_wind_mapping_node-2] [GMRF] MAP Mean value estimated in 10.5876 milliseconds
[gmrf_wind_mapping_node-2] --> MAP did not converge after 1 iterations.
[gmrf_wind_mapping_node-2] [GMRF] MAP Mean value estimated in 10.5851 milliseconds
[gmrf_wind_mapping_node-2] --> MAP did not converge after 1 iterations.
[gmrf_wind_mapping_node-2] [GMRF] MAP Mean value estimated in 10.5885 milliseconds
[gmrf_wind_mapping_node-2] --> MAP did not converge after 1 iterations.
[gmrf_wind_mapping_node-2] [GMRF] MAP Mean value estimated in 10.5869 milliseconds
[gmrf_wind_mapping_node-2] --> MAP did not converge after 1 iterations.
[gmrf_wind_mapping_node-2] [GMRF] MAP Mean value estimated in 10.5883 milliseconds
[gmrf_wind_mapping_node-2] --> MAP did not converge after 1 iterations.
[gmrf_wind_mapping_node-2] [GMRF] MAP Mean value estimated in 10.5867 milliseconds
[gmrf_wind_mapping_node-2] --> MAP did not converge after 1 iterations.
[gmrf_wind_mapping_node-2] [GMRF] MAP Mean value estimated in 10.5881 milliseconds
[gmrf_wind_mapping_node-2] --> MAP did not converge after 1 iterations.
[gmrf_wind_mapping_node-2] [GMRF] MAP Mean value estimated in 10.5865 milliseconds
[gmrf_wind_mapping_node-2] --> MAP did not converge after 1 iterations.
[gmrf_wind_mapping_node-2] [GMRF] MAP Mean value estimated in 10.5889 milliseconds
[gmrf_wind_mapping_node-2] --> MAP did not converge after 1 iterations.
[gmrf_wind_mapping_node-2] [GMRF] MAP Mean value estimated in 10.5903 milliseconds
[gmrf_wind_mapping_node-2] --> MAP did not converge after 1 iterations.
[gmrf_wind_mapping_node-2] [GMRF] MAP Mean value estimated in 10.5917 milliseconds
[gmrf_wind_mapping_node-2] --> MAP did not converge after 1 iterations.
[gmrf_wind_mapping_node-2] [GMRF] MAP Mean value estimated in 10.5941 milliseconds
[gmrf_wind_mapping_node-2] --> MAP did not converge after 1 iterations.
[gmrf_wind_mapping_node-2] [GMRF] MAP Mean value estimated in 10.5915 milliseconds
[gmrf_wind_mapping_node-2] --> MAP did not converge after 1 iterations.
[gmrf_wind_mapping_node-2] [GMRF] MAP Mean value estimated in 10.591 milliseconds
[gmrf_wind_mapping_node-2] --> MAP did not converge after 1 iterations.
[gmrf_wind_mapping_node-2] [GMRF] MAP Mean value estimated in 10.5923 milliseconds
[gmrf_wind_mapping_node-2] --> MAP did not converge after 1 iterations.
[gmrf_wind_mapping_node-2] [GMRF] MAP Mean value estimated in 10.5918 milliseconds
[gsl_actionserver_node-3] [INFO] [1788890839.928070689] [GSL]: 10 gas measurements, 10 wind measurements over 1.94 seconds
[gsl_actionserver_node-3] [INFO] [1788890839.928127925] [GSL]: avg_gas=7e-06;  avg_windSpeed=0.22;  avg_wind_dir=0.97
[gsl_actionserver_node-3] [INFO] [1788890839.928625310] [GSL]: [33mNOTHING [0m
[gsl_actionserver_node-3] [INFO] [1788890839.928634659] [GSL]: [DEBUG-WIND] useGroundTruth=false gmrf_req_size=626 gaden_req_size=-1
[gsl_actionserver_node-3] [INFO] [1788890839.928696013] [GSL]: [DEBUG-WIND] Taking GMRF path
[gsl_actionserver_node-3] [INFO] [1788890839.990647859] [GSL - Trace]: [32mEntering StopAndMeasure[0m
[gmrf_wind_mapping_node-2] --> MAP did not converge after 1 iterations.
[gmrf_wind_mapping_node-2] [GMRF] MAP Mean value estimated in 10.5931 milliseconds
[gmrf_wind_mapping_node-2] --> MAP did not converge after 1 iterations.
[gmrf_wind_mapping_node-2] [GMRF] MAP Mean value estimated in 10.5896 milliseconds
[gmrf_wind_mapping_node-2] --> MAP did not converge after 1 iterations.
[gmrf_wind_mapping_node-2] [GMRF] MAP Mean value estimated in 10.592 milliseconds
[gmrf_wind_mapping_node-2] --> MAP did not converge after 1 iterations.
[gmrf_wind_mapping_node-2] [GMRF] MAP Mean value estimated in 10.5924 milliseconds
[gmrf_wind_mapping_node-2] --> MAP did not converge after 1 iterations.
[gmrf_wind_mapping_node-2] [GMRF] MAP Mean value estimated in 10.5918 milliseconds
[gmrf_wind_mapping_node-2] --> MAP did not converge after 1 iterations.
[gmrf_wind_mapping_node-2] [GMRF] MAP Mean value estimated in 10.5932 milliseconds
[gmrf_wind_mapping_node-2] --> MAP did not converge after 1 iterations.
[gmrf_wind_mapping_node-2] [GMRF] MAP Mean value estimated in 10.5955 milliseconds
[gmrf_wind_mapping_node-2] --> MAP did not converge after 1 iterations.
[gmrf_wind_mapping_node-2] [GMRF] MAP Mean value estimated in 10.593 milliseconds
[gmrf_wind_mapping_node-2] --> MAP did not converge after 1 iterations.
[gmrf_wind_mapping_node-2] [GMRF] MAP Mean value estimated in 10.5934 milliseconds
[gmrf_wind_mapping_node-2] --> MAP did not converge after 1 iterations.
[gmrf_wind_mapping_node-2] [GMRF] MAP Mean value estimated in 10.5948 milliseconds
[gmrf_wind_mapping_node-2] --> MAP did not converge after 1 iterations.
[gmrf_wind_mapping_node-2] [GMRF] MAP Mean value estimated in 10.5961 milliseconds
[gmrf_wind_mapping_node-2] --> MAP did not converge after 1 iterations.
[gmrf_wind_mapping_node-2] [GMRF] MAP Mean value estimated in 10.5936 milliseconds
[gmrf_wind_mapping_node-2] --> MAP did not converge after 1 iterations.
[gmrf_wind_mapping_node-2] [GMRF] MAP Mean value estimated in 10.5959 milliseconds
[gmrf_wind_mapping_node-2] --> MAP did not converge after 1 iterations.
[gmrf_wind_mapping_node-2] [GMRF] MAP Mean value estimated in 10.5973 milliseconds
[gmrf_wind_mapping_node-2] --> MAP did not converge after 1 iterations.
[gmrf_wind_mapping_node-2] [GMRF] MAP Mean value estimated in 10.5967 milliseconds
[gmrf_wind_mapping_node-2] --> MAP did not converge after 1 iterations.
[gmrf_wind_mapping_node-2] [GMRF] MAP Mean value estimated in 10.5961 milliseconds
[gmrf_wind_mapping_node-2] --> MAP did not converge after 1 iterations.
[gmrf_wind_mapping_node-2] [GMRF] MAP Mean value estimated in 10.6023 milliseconds
[gmrf_wind_mapping_node-2] --> MAP did not converge after 1 iterations.
[gmrf_wind_mapping_node-2] [GMRF] MAP Mean value estimated in 10.5998 milliseconds
[gmrf_wind_mapping_node-2] --> MAP did not converge after 1 iterations.
[gmrf_wind_mapping_node-2] [GMRF] MAP Mean value estimated in 10.5983 milliseconds
[gmrf_wind_mapping_node-2] --> MAP did not converge after 1 iterations.
[gmrf_wind_mapping_node-2] [GMRF] MAP Mean value estimated in 10.5967 milliseconds
[gsl_actionserver_node-3] [INFO] [1788890841.928138515] [GSL]: 10 gas measurements, 10 wind measurements over 1.94 seconds
[gsl_actionserver_node-3] [INFO] [1788890841.928894118] [GSL]: avg_gas=1.3e-06;  avg_windSpeed=0.19;  avg_wind_dir=1.3
[gsl_actionserver_node-3] [INFO] [1788890841.929573881] [GSL]: [33mNOTHING [0m
[gsl_actionserver_node-3] [INFO] [1788890841.929586057] [GSL]: [DEBUG-WIND] useGroundTruth=false gmrf_req_size=626 gaden_req_size=-1
[gsl_actionserver_node-3] [INFO] [1788890841.929595312] [GSL]: [DEBUG-WIND] Taking GMRF path
[gsl_actionserver_node-3] [INFO] [1788890841.991308731] [GSL - Trace]: [32mEntering StopAndMeasure[0m
[gmrf_wind_mapping_node-2] --> MAP did not converge after 1 iterations.
[gmrf_wind_mapping_node-2] [GMRF] MAP Mean value estimated in 10.599 milliseconds
[gmrf_wind_mapping_node-2] --> MAP did not converge after 1 iterations.
[gmrf_wind_mapping_node-2] [GMRF] MAP Mean value estimated in 10.5965 milliseconds
[gmrf_wind_mapping_node-2] --> MAP did not converge after 1 iterations.
[gmrf_wind_mapping_node-2] [GMRF] MAP Mean value estimated in 10.5921 milliseconds
[gmrf_wind_mapping_node-2] --> MAP did not converge after 1 iterations.
[gmrf_wind_mapping_node-2] [GMRF] MAP Mean value estimated in 10.5925 milliseconds
[gmrf_wind_mapping_node-2] --> MAP did not converge after 1 iterations.
[gmrf_wind_mapping_node-2] [GMRF] MAP Mean value estimated in 10.5958 milliseconds
[gmrf_wind_mapping_node-2] --> MAP did not converge after 1 iterations.
[gmrf_wind_mapping_node-2] [GMRF] MAP Mean value estimated in 10.5971 milliseconds
[gmrf_wind_mapping_node-2] --> MAP did not converge after 1 iterations.
[gmrf_wind_mapping_node-2] [GMRF] MAP Mean value estimated in 10.6023 milliseconds
[gmrf_wind_mapping_node-2] --> MAP did not converge after 1 iterations.
[gmrf_wind_mapping_node-2] [GMRF] MAP Mean value estimated in 10.5989 milliseconds
[gmrf_wind_mapping_node-2] --> MAP did not converge after 1 iterations.
[gmrf_wind_mapping_node-2] [GMRF] MAP Mean value estimated in 10.6002 milliseconds
[gmrf_wind_mapping_node-2] --> MAP did not converge after 1 iterations.
[gmrf_wind_mapping_node-2] [GMRF] MAP Mean value estimated in 10.6006 milliseconds
[gmrf_wind_mapping_node-2] --> MAP did not converge after 1 iterations.
[gmrf_wind_mapping_node-2] [GMRF] MAP Mean value estimated in 10.6048 milliseconds
[gmrf_wind_mapping_node-2] --> MAP did not converge after 1 iterations.
[gmrf_wind_mapping_node-2] [GMRF] MAP Mean value estimated in 10.6042 milliseconds
[gmrf_wind_mapping_node-2] --> MAP did not converge after 1 iterations.
[gmrf_wind_mapping_node-2] [GMRF] MAP Mean value estimated in 10.6074 milliseconds
[gmrf_wind_mapping_node-2] --> MAP did not converge after 1 iterations.
[gmrf_wind_mapping_node-2] [GMRF] MAP Mean value estimated in 10.6059 milliseconds
[gmrf_wind_mapping_node-2] --> MAP did not converge after 1 iterations.
[gmrf_wind_mapping_node-2] [GMRF] MAP Mean value estimated in 10.6034 milliseconds
[gmrf_wind_mapping_node-2] --> MAP did not converge after 1 iterations.
[gmrf_wind_mapping_node-2] [GMRF] MAP Mean value estimated in 10.6047 milliseconds
[gmrf_wind_mapping_node-2] --> MAP did not converge after 1 iterations.
[gmrf_wind_mapping_node-2] [GMRF] MAP Mean value estimated in 10.607 milliseconds
[gmrf_wind_mapping_node-2] --> MAP did not converge after 1 iterations.
[gmrf_wind_mapping_node-2] [GMRF] MAP Mean value estimated in 10.6036 milliseconds
[gmrf_wind_mapping_node-2] --> MAP did not converge after 1 iterations.
[gmrf_wind_mapping_node-2] [GMRF] MAP Mean value estimated in 10.6068 milliseconds
[gmrf_wind_mapping_node-2] --> MAP did not converge after 1 iterations.
[gmrf_wind_mapping_node-2] [GMRF] MAP Mean value estimated in 10.6043 milliseconds
[gsl_actionserver_node-3] [INFO] [1788890843.928081168] [GSL]: 10 gas measurements, 10 wind measurements over 1.94 seconds
[gsl_actionserver_node-3] [INFO] [1788890843.928147956] [GSL]: avg_gas=2.5e-07;  avg_windSpeed=0.22;  avg_wind_dir=0.97
[gsl_actionserver_node-3] [INFO] [1788890843.928661900] [GSL]: [33mNOTHING [0m
[gsl_actionserver_node-3] [INFO] [1788890843.928671652] [GSL]: [DEBUG-WIND] useGroundTruth=false gmrf_req_size=626 gaden_req_size=-1
[gsl_actionserver_node-3] [INFO] [1788890843.928678419] [GSL]: [DEBUG-WIND] Taking GMRF path
[gsl_actionserver_node-3] [INFO] [1788890843.991162833] [GSL]: [33mStarted simulations. Might take a while![0m
[gmrf_wind_mapping_node-2] --> MAP did not converge after 1 iterations.
[gmrf_wind_mapping_node-2] [GMRF] MAP Mean value estimated in 10.6198 milliseconds
[gmrf_wind_mapping_node-2] --> MAP did not converge after 1 iterations.
[gmrf_wind_mapping_node-2] [GMRF] MAP Mean value estimated in 10.6202 milliseconds
[gmrf_wind_mapping_node-2] --> MAP did not converge after 1 iterations.
[gmrf_wind_mapping_node-2] [GMRF] MAP Mean value estimated in 10.6224 milliseconds
[gmrf_wind_mapping_node-2] --> MAP did not converge after 1 iterations.
[gmrf_wind_mapping_node-2] [GMRF] MAP Mean value estimated in 10.6246 milliseconds
[gsl_actionserver_node-3] [INFO] [1788890844.359992844] [GSL]: CER contrastive context initialized: events=24, candidates=74, transport_members=3, fixed_ratio_weight=1, context_within_member=true, centered_log_odds=true, transport_pool=robust_log_variance
[gsl_actionserver_node-3] [INFO] [1788890844.362006949] [GSL - Trace]: [32mFirst simulation level done[0m
[gsl_actionserver_node-3] [INFO] [1788890844.362313136] [GSL]: [RC2-DIAG] scores_size=74 refineFraction=0.25 refine_product=18.5 valid_first_level=74 sum_sourceProbInternal_before_norm=80.83711504809285 min_sourceProbInternal_before_norm=0 max_sourceProbInternal_before_norm=0.1629780545324453 finite_sourceProbInternal=1102 finite_varianceOfHitProb=1102
[gmrf_wind_mapping_node-2] --> MAP did not converge after 1 iterations.
[gmrf_wind_mapping_node-2] [GMRF] MAP Mean value estimated in 10.6316 milliseconds
[gmrf_wind_mapping_node-2] --> MAP did not converge after 1 iterations.
[gmrf_wind_mapping_node-2] [GMRF] MAP Mean value estimated in 10.6329 milliseconds
[gmrf_wind_mapping_node-2] --> MAP did not converge after 1 iterations.
[gmrf_wind_mapping_node-2] [GMRF] MAP Mean value estimated in 10.636 milliseconds
[gmrf_wind_mapping_node-2] --> MAP did not converge after 1 iterations.
[gmrf_wind_mapping_node-2] [GMRF] MAP Mean value estimated in 10.6382 milliseconds
[gsl_actionserver_node-3] [INFO] [1788890844.734669754] [GSL - Trace]: [32mSimulation level 2 done[0m
[gmrf_wind_mapping_node-2] --> MAP did not converge after 1 iterations.
[gmrf_wind_mapping_node-2] [GMRF] MAP Mean value estimated in 10.6451 milliseconds
[gmrf_wind_mapping_node-2] --> MAP did not converge after 1 iterations.
[gmrf_wind_mapping_node-2] [GMRF] MAP Mean value estimated in 10.6473 milliseconds
[gmrf_wind_mapping_node-2] --> MAP did not converge after 1 iterations.
[gmrf_wind_mapping_node-2] [GMRF] MAP Mean value estimated in 10.6505 milliseconds
[gmrf_wind_mapping_node-2] --> MAP did not converge after 1 iterations.
[gmrf_wind_mapping_node-2] [GMRF] MAP Mean value estimated in 10.648 milliseconds
[gsl_actionserver_node-3] [INFO] [1788890845.114812902] [GSL - Trace]: [32mSimulation level 3 done[0m
[gmrf_wind_mapping_node-2] --> MAP did not converge after 1 iterations.
[gmrf_wind_mapping_node-2] [GMRF] MAP Mean value estimated in 10.6493 milliseconds
[gmrf_wind_mapping_node-2] --> MAP did not converge after 1 iterations.
[gmrf_wind_mapping_node-2] [GMRF] MAP Mean value estimated in 10.6477 milliseconds
[gsl_actionserver_node-3] [INFO] [1788890845.299138753] [GSL - Trace]: [32mSimulation level 4 done[0m
[gsl_actionserver_node-3] [INFO] [1788890845.304859283] [GSL - Trace]: [32mSimulation level 5 done[0m
[gsl_actionserver_node-3] [INFO] [1788890845.304893143] [GSL]: Number of levels in the simulation: 5
[gsl_actionserver_node-3] [INFO] [1788890845.304900119] [GSL]: Total number of simulations: 262
[gsl_actionserver_node-3] [INFO] [1788890845.311846011] [GSL]: CORE sequential event-time commit: window_start=16, new_events=8, committed_total=24
[gsl_actionserver_node-3] [INFO] [1788890845.312037554] [GSL]: [RC2-DIAG] normalized_finite_count=1102 normalized_sum=1
[gsl_actionserver_node-3] [INFO] [1788890845.312047320] [GSL]: Time ellapsed in simulation = 1.320169407 s
[gsl_actionserver_node-3] [INFO] [1788890845.317861016] [GSL]: Max mutual info: 2.407
[gsl_actionserver_node-3] [INFO] [1788890845.317970155] [GSL]: MutualInformation - Ellapsed: 0.006s
[vgr_sim_node-1] [WARN] [1788890845.324289521] [vgr_uav_sim]: PLAN_CB: called with goal=(-3.20,-5.93)
[vgr_sim_node-1] [WARN] [1788890845.330538620] [vgr_uav_sim]: PLAN_CB: returning 23 poses
[vgr_sim_node-1] [WARN] [1788890845.341325833] [vgr_uav_sim]: PLAN_CB: called with goal=(-3.20,-5.93)
[vgr_sim_node-1] [WARN] [1788890845.344236984] [vgr_uav_sim]: PLAN_CB: returning 23 poses
[gsl_actionserver_node-3] [INFO] [1788890845.351518440] [GSL]: Sending goal (-3.20, -5.93)
[gsl_actionserver_node-3] [INFO] [1788890845.352004835] [GSL]: Variance: 17.73
[gsl_actionserver_node-3] [INFO] [1788890845.352029391] [GSL - Trace]: [32mEntering Moving[0m
[vgr_sim_node-1] [INFO] [1788890845.354575804] [vgr_uav_sim]: Prepared 23 collision-free navigation waypoints to (-3.20, -5.93)
[vgr_sim_node-1] [INFO] [1788890845.355566448] [vgr_uav_sim]: UAV navigating in audited 2-D mode to (-3.20, -5.93, 0.30)
[gmrf_wind_mapping_node-2] --> MAP did not converge after 1 iterations.
[gmrf_wind_mapping_node-2] [GMRF] MAP Mean value estimated in 10.649 milliseconds
[gmrf_wind_mapping_node-2] --> MAP did not converge after 1 iterations.
[gmrf_wind_mapping_node-2] [GMRF] MAP Mean value estimated in 10.6456 milliseconds
[gmrf_wind_mapping_node-2] --> MAP did not converge after 1 iterations.
[gmrf_wind_mapping_node-2] [GMRF] MAP Mean value estimated in 10.6496 milliseconds
[gmrf_wind_mapping_node-2] --> MAP did not converge after 1 iterations.
[gmrf_wind_mapping_node-2] [GMRF] MAP Mean value estimated in 10.6481 milliseconds
[gmrf_wind_mapping_node-2] --> MAP did not converge after 1 iterations.
[gmrf_wind_mapping_node-2] [GMRF] MAP Mean value estimated in 10.6531 milliseconds
[gmrf_wind_mapping_node-2] --> MAP did not converge after 1 iterations.
[gmrf_wind_mapping_node-2] [GMRF] MAP Mean value estimated in 10.6552 milliseconds
[gmrf_wind_mapping_node-2] --> MAP did not converge after 1 iterations.
[gmrf_wind_mapping_node-2] [GMRF] MAP Mean value estimated in 10.6528 milliseconds
[gmrf_wind_mapping_node-2] --> MAP did not converge after 1 iterations.
[gmrf_wind_mapping_node-2] [GMRF] MAP Mean value estimated in 10.6512 milliseconds
[gmrf_wind_mapping_node-2] --> MAP did not converge after 1 iterations.
[gmrf_wind_mapping_node-2] [GMRF] MAP Mean value estimated in 10.6525 milliseconds
[gmrf_wind_mapping_node-2] --> MAP did not converge after 1 iterations.
[gmrf_wind_mapping_node-2] [GMRF] MAP Mean value estimated in 10.6537 milliseconds
[gmrf_wind_mapping_node-2] --> MAP did not converge after 1 iterations.
[gmrf_wind_mapping_node-2] [GMRF] MAP Mean value estimated in 10.6513 milliseconds
[gmrf_wind_mapping_node-2] --> MAP did not converge after 1 iterations.
[gmrf_wind_mapping_node-2] [GMRF] MAP Mean value estimated in 10.6507 milliseconds
[gmrf_wind_mapping_node-2] --> MAP did not converge after 1 iterations.
[gmrf_wind_mapping_node-2] [GMRF] MAP Mean value estimated in 10.6538 milliseconds
[gmrf_wind_mapping_node-2] --> MAP did not converge after 1 iterations.
[gmrf_wind_mapping_node-2] [GMRF] MAP Mean value estimated in 10.6513 milliseconds
[gmrf_wind_mapping_node-2] --> MAP did not converge after 1 iterations.
[gmrf_wind_mapping_node-2] [GMRF] MAP Mean value estimated in 10.6507 milliseconds
[gmrf_wind_mapping_node-2] --> MAP did not converge after 1 iterations.
[gmrf_wind_mapping_node-2] [GMRF] MAP Mean value estimated in 10.6483 milliseconds
[gmrf_wind_mapping_node-2] --> MAP did not converge after 1 iterations.
[gmrf_wind_mapping_node-2] [GMRF] MAP Mean value estimated in 10.645 milliseconds
[gmrf_wind_mapping_node-2] --> MAP did not converge after 1 iterations.
[gmrf_wind_mapping_node-2] [GMRF] MAP Mean value estimated in 10.6425 milliseconds
[gmrf_wind_mapping_node-2] --> MAP did not converge after 1 iterations.
[gmrf_wind_mapping_node-2] [GMRF] MAP Mean value estimated in 10.6438 milliseconds
[gmrf_wind_mapping_node-2] --> MAP did not converge after 1 iterations.
[gmrf_wind_mapping_node-2] [GMRF] MAP Mean value estimated in 10.6423 milliseconds
[gmrf_wind_mapping_node-2] --> MAP did not converge after 1 iterations.
[gmrf_wind_mapping_node-2] [GMRF] MAP Mean value estimated in 10.6444 milliseconds
[gmrf_wind_mapping_node-2] --> MAP did not converge after 1 iterations.
[gmrf_wind_mapping_node-2] [GMRF] MAP Mean value estimated in 10.6447 milliseconds
[gmrf_wind_mapping_node-2] --> MAP did not converge after 1 iterations.
[gmrf_wind_mapping_node-2] [GMRF] MAP Mean value estimated in 10.6423 milliseconds
[gmrf_wind_mapping_node-2] --> MAP did not converge after 1 iterations.
[gmrf_wind_mapping_node-2] [GMRF] MAP Mean value estimated in 10.6408 milliseconds
[gmrf_wind_mapping_node-2] --> MAP did not converge after 1 iterations.
[gmrf_wind_mapping_node-2] [GMRF] MAP Mean value estimated in 10.6412 milliseconds
[gmrf_wind_mapping_node-2] --> MAP did not converge after 1 iterations.
[gmrf_wind_mapping_node-2] [GMRF] MAP Mean value estimated in 10.6406 milliseconds
[gmrf_wind_mapping_node-2] --> MAP did not converge after 1 iterations.
[gmrf_wind_mapping_node-2] [GMRF] MAP Mean value estimated in 10.6391 milliseconds
[gmrf_wind_mapping_node-2] --> MAP did not converge after 1 iterations.
[gmrf_wind_mapping_node-2] [GMRF] MAP Mean value estimated in 10.6385 milliseconds
[gmrf_wind_mapping_node-2] --> MAP did not converge after 1 iterations.
[gmrf_wind_mapping_node-2] [GMRF] MAP Mean value estimated in 10.6352 milliseconds
[gmrf_wind_mapping_node-2] --> MAP did not converge after 1 iterations.
[gmrf_wind_mapping_node-2] [GMRF] MAP Mean value estimated in 10.6374 milliseconds
[gmrf_wind_mapping_node-2] --> MAP did not converge after 1 iterations.
[gmrf_wind_mapping_node-2] [GMRF] MAP Mean value estimated in 10.6386 milliseconds
[gmrf_wind_mapping_node-2] --> MAP did not converge after 1 iterations.
[gmrf_wind_mapping_node-2] [GMRF] MAP Mean value estimated in 10.6407 milliseconds
[gmrf_wind_mapping_node-2] --> MAP did not converge after 1 iterations.
[gmrf_wind_mapping_node-2] [GMRF] MAP Mean value estimated in 10.6374 milliseconds
[gmrf_wind_mapping_node-2] --> MAP did not converge after 1 iterations.
[gmrf_wind_mapping_node-2] [GMRF] MAP Mean value estimated in 10.635 milliseconds
[gmrf_wind_mapping_node-2] --> MAP did not converge after 1 iterations.
[gmrf_wind_mapping_node-2] [GMRF] MAP Mean value estimated in 10.6318 milliseconds
[gmrf_wind_mapping_node-2] --> MAP did not converge after 1 iterations.
[gmrf_wind_mapping_node-2] [GMRF] MAP Mean value estimated in 10.6294 milliseconds
[gmrf_wind_mapping_node-2] --> MAP did not converge after 1 iterations.
[gmrf_wind_mapping_node-2] [GMRF] MAP Mean value estimated in 10.6261 milliseconds
[gmrf_wind_mapping_node-2] --> MAP did not converge after 1 iterations.
[gmrf_wind_mapping_node-2] [GMRF] MAP Mean value estimated in 10.6238 milliseconds
[gmrf_wind_mapping_node-2] --> MAP did not converge after 1 iterations.
[gmrf_wind_mapping_node-2] [GMRF] MAP Mean value estimated in 10.6205 milliseconds
[gmrf_wind_mapping_node-2] --> MAP did not converge after 1 iterations.
[gmrf_wind_mapping_node-2] [GMRF] MAP Mean value estimated in 10.6181 milliseconds
[gmrf_wind_mapping_node-2] --> MAP did not converge after 1 iterations.
[gmrf_wind_mapping_node-2] [GMRF] MAP Mean value estimated in 10.614 milliseconds
[gmrf_wind_mapping_node-2] --> MAP did not converge after 1 iterations.
[gmrf_wind_mapping_node-2] [GMRF] MAP Mean value estimated in 10.6161 milliseconds
[gmrf_wind_mapping_node-2] --> MAP did not converge after 1 iterations.
[gmrf_wind_mapping_node-2] [GMRF] MAP Mean value estimated in 10.6156 milliseconds
[gmrf_wind_mapping_node-2] --> MAP did not converge after 1 iterations.
[gmrf_wind_mapping_node-2] [GMRF] MAP Mean value estimated in 10.615 milliseconds
[gmrf_wind_mapping_node-2] --> MAP did not converge after 1 iterations.
[gmrf_wind_mapping_node-2] [GMRF] MAP Mean value estimated in 10.6172 milliseconds
[gmrf_wind_mapping_node-2] --> MAP did not converge after 1 iterations.
[gmrf_wind_mapping_node-2] [GMRF] MAP Mean value estimated in 10.6166 milliseconds
[gmrf_wind_mapping_node-2] --> MAP did not converge after 1 iterations.
[gmrf_wind_mapping_node-2] [GMRF] MAP Mean value estimated in 10.6214 milliseconds
[gmrf_wind_mapping_node-2] --> MAP did not converge after 1 iterations.
[gmrf_wind_mapping_node-2] [GMRF] MAP Mean value estimated in 10.6209 milliseconds
[gsl_actionserver_node-3] [INFO] [1788890850.154405890] [GSL - Trace]: [32mEntering StopAndMeasure[0m
[gmrf_wind_mapping_node-2] --> MAP did not converge after 1 iterations.
[gmrf_wind_mapping_node-2] [GMRF] MAP Mean value estimated in 10.6194 milliseconds
[gmrf_wind_mapping_node-2] --> MAP did not converge after 1 iterations.
[gmrf_wind_mapping_node-2] [GMRF] MAP Mean value estimated in 10.6198 milliseconds
[gmrf_wind_mapping_node-2] --> MAP did not converge after 1 iterations.
[gmrf_wind_mapping_node-2] [GMRF] MAP Mean value estimated in 10.6246 milliseconds
[gmrf_wind_mapping_node-2] --> MAP did not converge after 1 iterations.
[gmrf_wind_mapping_node-2] [GMRF] MAP Mean value estimated in 10.6276 milliseconds
[gmrf_wind_mapping_node-2] --> MAP did not converge after 1 iterations.
[gmrf_wind_mapping_node-2] [GMRF] MAP Mean value estimated in 10.6306 milliseconds
[gmrf_wind_mapping_node-2] --> MAP did not converge after 1 iterations.
[gmrf_wind_mapping_node-2] [GMRF] MAP Mean value estimated in 10.6282 milliseconds
[gmrf_wind_mapping_node-2] --> MAP did not converge after 1 iterations.
[gmrf_wind_mapping_node-2] [GMRF] MAP Mean value estimated in 10.6321 milliseconds
[gmrf_wind_mapping_node-2] --> MAP did not converge after 1 iterations.
[gmrf_wind_mapping_node-2] [GMRF] MAP Mean value estimated in 10.6306 milliseconds
[gmrf_wind_mapping_node-2] --> MAP did not converge after 1 iterations.
[gmrf_wind_mapping_node-2] [GMRF] MAP Mean value estimated in 10.6301 milliseconds
[gmrf_wind_mapping_node-2] --> MAP did not converge after 1 iterations.
[gmrf_wind_mapping_node-2] [GMRF] MAP Mean value estimated in 10.626 milliseconds
[gmrf_wind_mapping_node-2] --> MAP did not converge after 1 iterations.
[gmrf_wind_mapping_node-2] [GMRF] MAP Mean value estimated in 10.629 milliseconds
[gmrf_wind_mapping_node-2] --> MAP did not converge after 1 iterations.
[gmrf_wind_mapping_node-2] [GMRF] MAP Mean value estimated in 10.6302 milliseconds
[gmrf_wind_mapping_node-2] --> MAP did not converge after 1 iterations.
[gmrf_wind_mapping_node-2] [GMRF] MAP Mean value estimated in 10.6323 milliseconds
[gmrf_wind_mapping_node-2] --> MAP did not converge after 1 iterations.
[gmrf_wind_mapping_node-2] [GMRF] MAP Mean value estimated in 10.6335 milliseconds
[gmrf_wind_mapping_node-2] --> MAP did not converge after 1 iterations.
[gmrf_wind_mapping_node-2] [GMRF] MAP Mean value estimated in 10.6364 milliseconds
[gmrf_wind_mapping_node-2] --> MAP did not converge after 1 iterations.
[gmrf_wind_mapping_node-2] [GMRF] MAP Mean value estimated in 10.635 milliseconds
[gmrf_wind_mapping_node-2] --> MAP did not converge after 1 iterations.
[gmrf_wind_mapping_node-2] [GMRF] MAP Mean value estimated in 10.6388 milliseconds
[gmrf_wind_mapping_node-2] --> MAP did not converge after 1 iterations.
[gmrf_wind_mapping_node-2] [GMRF] MAP Mean value estimated in 10.6374 milliseconds
[gmrf_wind_mapping_node-2] --> MAP did not converge after 1 iterations.
[gmrf_wind_mapping_node-2] [GMRF] MAP Mean value estimated in 10.643 milliseconds
[gmrf_wind_mapping_node-2] --> MAP did not converge after 1 iterations.
[gmrf_wind_mapping_node-2] [GMRF] MAP Mean value estimated in 10.6433 milliseconds
[gsl_actionserver_node-3] [INFO] [1788890852.102999710] [GSL]: 10 gas measurements, 10 wind measurements over 1.95 seconds
[gsl_actionserver_node-3] [INFO] [1788890852.103051803] [GSL]: avg_gas=0.0072;  avg_windSpeed=0.064;  avg_wind_dir=2.2
[gsl_actionserver_node-3] [INFO] [1788890852.103561083] [GSL]: [33mNOTHING [0m
[gsl_actionserver_node-3] [INFO] [1788890852.103569970] [GSL]: [DEBUG-WIND] useGroundTruth=false gmrf_req_size=626 gaden_req_size=-1
[gsl_actionserver_node-3] [INFO] [1788890852.103902255] [GSL]: [DEBUG-WIND] Taking GMRF path
[gsl_actionserver_node-3] [INFO] [1788890852.190413942] [GSL - Trace]: [32mEntering StopAndMeasure[0m
[gmrf_wind_mapping_node-2] --> MAP did not converge after 1 iterations.
[gmrf_wind_mapping_node-2] [GMRF] MAP Mean value estimated in 10.6401 milliseconds
[gmrf_wind_mapping_node-2] --> MAP did not converge after 1 iterations.
[gmrf_wind_mapping_node-2] [GMRF] MAP Mean value estimated in 10.6378 milliseconds
[gmrf_wind_mapping_node-2] --> MAP did not converge after 1 iterations.
[gmrf_wind_mapping_node-2] [GMRF] MAP Mean value estimated in 10.6355 milliseconds
[gmrf_wind_mapping_node-2] --> MAP did not converge after 1 iterations.
[gmrf_wind_mapping_node-2] [GMRF] MAP Mean value estimated in 10.6376 milliseconds
[gmrf_wind_mapping_node-2] --> MAP did not converge after 1 iterations.
[gmrf_wind_mapping_node-2] [GMRF] MAP Mean value estimated in 10.6387 milliseconds
[gmrf_wind_mapping_node-2] --> MAP did not converge after 1 iterations.
[gmrf_wind_mapping_node-2] [GMRF] MAP Mean value estimated in 10.6382 milliseconds
[gmrf_wind_mapping_node-2] --> MAP did not converge after 1 iterations.
[gmrf_wind_mapping_node-2] [GMRF] MAP Mean value estimated in 10.635 milliseconds
[gmrf_wind_mapping_node-2] --> MAP did not converge after 1 iterations.
[gmrf_wind_mapping_node-2] [GMRF] MAP Mean value estimated in 10.6327 milliseconds
[gmrf_wind_mapping_node-2] --> MAP did not converge after 1 iterations.
[gmrf_wind_mapping_node-2] [GMRF] MAP Mean value estimated in 10.6287 milliseconds
[gmrf_wind_mapping_node-2] --> MAP did not converge after 1 iterations.
[gmrf_wind_mapping_node-2] [GMRF] MAP Mean value estimated in 10.6255 milliseconds
[gmrf_wind_mapping_node-2] --> MAP did not converge after 1 iterations.
[gmrf_wind_mapping_node-2] [GMRF] MAP Mean value estimated in 10.6224 milliseconds
[gmrf_wind_mapping_node-2] --> MAP did not converge after 1 iterations.
[gmrf_wind_mapping_node-2] [GMRF] MAP Mean value estimated in 10.6201 milliseconds
[gmrf_wind_mapping_node-2] --> MAP did not converge after 1 iterations.
[gmrf_wind_mapping_node-2] [GMRF] MAP Mean value estimated in 10.617 milliseconds
[gmrf_wind_mapping_node-2] --> MAP did not converge after 1 iterations.
[gmrf_wind_mapping_node-2] [GMRF] MAP Mean value estimated in 10.6147 milliseconds
[gmrf_wind_mapping_node-2] --> MAP did not converge after 1 iterations.
[gmrf_wind_mapping_node-2] [GMRF] MAP Mean value estimated in 10.6116 milliseconds
[gmrf_wind_mapping_node-2] --> MAP did not converge after 1 iterations.
[gmrf_wind_mapping_node-2] [GMRF] MAP Mean value estimated in 10.6102 milliseconds
[gmrf_wind_mapping_node-2] --> MAP did not converge after 1 iterations.
[gmrf_wind_mapping_node-2] [GMRF] MAP Mean value estimated in 10.6131 milliseconds
[gmrf_wind_mapping_node-2] --> MAP did not converge after 1 iterations.
[gmrf_wind_mapping_node-2] [GMRF] MAP Mean value estimated in 10.6109 milliseconds
[gmrf_wind_mapping_node-2] --> MAP did not converge after 1 iterations.
[gmrf_wind_mapping_node-2] [GMRF] MAP Mean value estimated in 10.6121 milliseconds
[gmrf_wind_mapping_node-2] --> MAP did not converge after 1 iterations.
[gmrf_wind_mapping_node-2] [GMRF] MAP Mean value estimated in 10.6115 milliseconds
[gsl_actionserver_node-3] [INFO] [1788890854.102954830] [GSL]: 10 gas measurements, 10 wind measurements over 1.91 seconds
[gsl_actionserver_node-3] [INFO] [1788890854.103006500] [GSL]: avg_gas=0.0014;  avg_windSpeed=0.11;  avg_wind_dir=1.6
[gsl_actionserver_node-3] [INFO] [1788890854.103499640] [GSL]: [33mNOTHING [0m
[gsl_actionserver_node-3] [INFO] [1788890854.103508483] [GSL]: [DEBUG-WIND] useGroundTruth=false gmrf_req_size=626 gaden_req_size=-1
[gsl_actionserver_node-3] [INFO] [1788890854.103515243] [GSL]: [DEBUG-WIND] Taking GMRF path
[gsl_actionserver_node-3] [INFO] [1788890854.190753885] [GSL - Trace]: [32mEntering StopAndMeasure[0m
[gmrf_wind_mapping_node-2] --> MAP did not converge after 1 iterations.
[gmrf_wind_mapping_node-2] [GMRF] MAP Mean value estimated in 10.6119 milliseconds
[gmrf_wind_mapping_node-2] --> MAP did not converge after 1 iterations.
[gmrf_wind_mapping_node-2] [GMRF] MAP Mean value estimated in 10.6131 milliseconds
[gmrf_wind_mapping_node-2] --> MAP did not converge after 1 iterations.
[gmrf_wind_mapping_node-2] [GMRF] MAP Mean value estimated in 10.61 milliseconds
[gmrf_wind_mapping_node-2] --> MAP did not converge after 1 iterations.
[gmrf_wind_mapping_node-2] [GMRF] MAP Mean value estimated in 10.6129 milliseconds
[gmrf_wind_mapping_node-2] --> MAP did not converge after 1 iterations.
[gmrf_wind_mapping_node-2] [GMRF] MAP Mean value estimated in 10.6115 milliseconds
[gmrf_wind_mapping_node-2] --> MAP did not converge after 1 iterations.
[gmrf_wind_mapping_node-2] [GMRF] MAP Mean value estimated in 10.6118 milliseconds
[gmrf_wind_mapping_node-2] --> MAP did not converge after 1 iterations.
[gmrf_wind_mapping_node-2] [GMRF] MAP Mean value estimated in 10.6104 milliseconds
[gmrf_wind_mapping_node-2] --> MAP did not converge after 1 iterations.
[gmrf_wind_mapping_node-2] [GMRF] MAP Mean value estimated in 10.6108 milliseconds
[gmrf_wind_mapping_node-2] --> MAP did not converge after 1 iterations.
[gmrf_wind_mapping_node-2] [GMRF] MAP Mean value estimated in 10.612 milliseconds
[gmrf_wind_mapping_node-2] --> MAP did not converge after 1 iterations.
[gmrf_wind_mapping_node-2] [GMRF] MAP Mean value estimated in 10.6106 milliseconds
[gmrf_wind_mapping_node-2] --> MAP did not converge after 1 iterations.
[gmrf_wind_mapping_node-2] [GMRF] MAP Mean value estimated in 10.6135 milliseconds
[gmrf_wind_mapping_node-2] --> MAP did not converge after 1 iterations.
[gmrf_wind_mapping_node-2] [GMRF] MAP Mean value estimated in 10.6104 milliseconds
[gmrf_wind_mapping_node-2] --> MAP did not converge after 1 iterations.
[gmrf_wind_mapping_node-2] [GMRF] MAP Mean value estimated in 10.6073 milliseconds
[gmrf_wind_mapping_node-2] --> MAP did not converge after 1 iterations.
[gmrf_wind_mapping_node-2] [GMRF] MAP Mean value estimated in 10.6077 milliseconds
[gmrf_wind_mapping_node-2] --> MAP did not converge after 1 iterations.
[gmrf_wind_mapping_node-2] [GMRF] MAP Mean value estimated in 10.6114 milliseconds
[gmrf_wind_mapping_node-2] --> MAP did not converge after 1 iterations.
[gmrf_wind_mapping_node-2] [GMRF] MAP Mean value estimated in 10.6109 milliseconds
[gmrf_wind_mapping_node-2] --> MAP did not converge after 1 iterations.
[gmrf_wind_mapping_node-2] [GMRF] MAP Mean value estimated in 10.6129 milliseconds
[gmrf_wind_mapping_node-2] --> MAP did not converge after 1 iterations.
[gmrf_wind_mapping_node-2] [GMRF] MAP Mean value estimated in 10.6141 milliseconds
[gmrf_wind_mapping_node-2] --> MAP did not converge after 1 iterations.
[gmrf_wind_mapping_node-2] [GMRF] MAP Mean value estimated in 10.6144 milliseconds
[gmrf_wind_mapping_node-2] --> MAP did not converge after 1 iterations.
[gmrf_wind_mapping_node-2] [GMRF] MAP Mean value estimated in 10.6139 milliseconds
[gsl_actionserver_node-3] [INFO] [1788890856.103118463] [GSL]: 10 gas measurements, 10 wind measurements over 1.91 seconds
[gsl_actionserver_node-3] [INFO] [1788890856.103166673] [GSL]: avg_gas=0.00026;  avg_windSpeed=0.064;  avg_wind_dir=2.2
[gsl_actionserver_node-3] [INFO] [1788890856.103650002] [GSL]: [33mNOTHING [0m
[gsl_actionserver_node-3] [INFO] [1788890856.103658636] [GSL]: [DEBUG-WIND] useGroundTruth=false gmrf_req_size=626 gaden_req_size=-1
[gsl_actionserver_node-3] [INFO] [1788890856.103665324] [GSL]: [DEBUG-WIND] Taking GMRF path
[gsl_actionserver_node-3] [INFO] [1788890856.191115503] [GSL - Trace]: [32mEntering StopAndMeasure[0m
[gmrf_wind_mapping_node-2] --> MAP did not converge after 1 iterations.
[gmrf_wind_mapping_node-2] [GMRF] MAP Mean value estimated in 10.6151 milliseconds
[gmrf_wind_mapping_node-2] --> MAP did not converge after 1 iterations.
[gmrf_wind_mapping_node-2] [GMRF] MAP Mean value estimated in 10.6137 milliseconds
[gmrf_wind_mapping_node-2] --> MAP did not converge after 1 iterations.
[gmrf_wind_mapping_node-2] [GMRF] MAP Mean value estimated in 10.6115 milliseconds
[gmrf_wind_mapping_node-2] --> MAP did not converge after 1 iterations.
[gmrf_wind_mapping_node-2] [GMRF] MAP Mean value estimated in 10.6118 milliseconds
[gmrf_wind_mapping_node-2] --> MAP did not converge after 1 iterations.
[gmrf_wind_mapping_node-2] [GMRF] MAP Mean value estimated in 10.6147 milliseconds
[gmrf_wind_mapping_node-2] --> MAP did not converge after 1 iterations.
[gmrf_wind_mapping_node-2] [GMRF] MAP Mean value estimated in 10.6133 milliseconds
[gmrf_wind_mapping_node-2] --> MAP did not converge after 1 iterations.
[gmrf_wind_mapping_node-2] [GMRF] MAP Mean value estimated in 10.6103 milliseconds
[gmrf_wind_mapping_node-2] --> MAP did not converge after 1 iterations.
[gmrf_wind_mapping_node-2] [GMRF] MAP Mean value estimated in 10.6072 milliseconds
[gmrf_wind_mapping_node-2] --> MAP did not converge after 1 iterations.
[gmrf_wind_mapping_node-2] [GMRF] MAP Mean value estimated in 10.6042 milliseconds
[gmrf_wind_mapping_node-2] --> MAP did not converge after 1 iterations.
[gmrf_wind_mapping_node-2] [GMRF] MAP Mean value estimated in 10.6029 milliseconds
[gmrf_wind_mapping_node-2] --> MAP did not converge after 1 iterations.
[gmrf_wind_mapping_node-2] [GMRF] MAP Mean value estimated in 10.6065 milliseconds
[gmrf_wind_mapping_node-2] --> MAP did not converge after 1 iterations.
[gmrf_wind_mapping_node-2] [GMRF] MAP Mean value estimated in 10.6077 milliseconds
[gmrf_wind_mapping_node-2] --> MAP did not converge after 1 iterations.
[gmrf_wind_mapping_node-2] [GMRF] MAP Mean value estimated in 10.6039 milliseconds
[gmrf_wind_mapping_node-2] --> MAP did not converge after 1 iterations.
[gmrf_wind_mapping_node-2] [GMRF] MAP Mean value estimated in 10.6042 milliseconds
[gmrf_wind_mapping_node-2] --> MAP did not converge after 1 iterations.
[gmrf_wind_mapping_node-2] [GMRF] MAP Mean value estimated in 10.6037 milliseconds
[gmrf_wind_mapping_node-2] --> MAP did not converge after 1 iterations.
[gmrf_wind_mapping_node-2] [GMRF] MAP Mean value estimated in 10.604 milliseconds
[gmrf_wind_mapping_node-2] --> MAP did not converge after 1 iterations.
[gmrf_wind_mapping_node-2] [GMRF] MAP Mean value estimated in 10.6052 milliseconds
[gmrf_wind_mapping_node-2] --> MAP did not converge after 1 iterations.
[gmrf_wind_mapping_node-2] [GMRF] MAP Mean value estimated in 10.6088 milliseconds
[gmrf_wind_mapping_node-2] --> MAP did not converge after 1 iterations.
[gmrf_wind_mapping_node-2] [GMRF] MAP Mean value estimated in 10.6117 milliseconds
[gmrf_wind_mapping_node-2] --> MAP did not converge after 1 iterations.
[gmrf_wind_mapping_node-2] [GMRF] MAP Mean value estimated in 10.612 milliseconds
[gsl_actionserver_node-3] [INFO] [1788890858.103062522] [GSL]: 10 gas measurements, 10 wind measurements over 1.91 seconds
[gsl_actionserver_node-3] [INFO] [1788890858.103096619] [GSL]: avg_gas=4.8e-05;  avg_windSpeed=0.11;  avg_wind_dir=1.6
[gsl_actionserver_node-3] [INFO] [1788890858.103576812] [GSL]: [33mNOTHING [0m
[gsl_actionserver_node-3] [INFO] [1788890858.103584942] [GSL]: [DEBUG-WIND] useGroundTruth=false gmrf_req_size=626 gaden_req_size=-1
[gsl_actionserver_node-3] [INFO] [1788890858.103591264] [GSL]: [DEBUG-WIND] Taking GMRF path
[gsl_actionserver_node-3] [INFO] [1788890858.191021828] [GSL - Trace]: [32mEntering StopAndMeasure[0m
[gmrf_wind_mapping_node-2] --> MAP did not converge after 1 iterations.
[gmrf_wind_mapping_node-2] [GMRF] MAP Mean value estimated in 10.614 milliseconds
[gmrf_wind_mapping_node-2] --> MAP did not converge after 1 iterations.
[gmrf_wind_mapping_node-2] [GMRF] MAP Mean value estimated in 10.6151 milliseconds
[gmrf_wind_mapping_node-2] --> MAP did not converge after 1 iterations.
[gmrf_wind_mapping_node-2] [GMRF] MAP Mean value estimated in 10.6113 milliseconds
[gmrf_wind_mapping_node-2] --> MAP did not converge after 1 iterations.
[gmrf_wind_mapping_node-2] [GMRF] MAP Mean value estimated in 10.6091 milliseconds
[gmrf_wind_mapping_node-2] --> MAP did not converge after 1 iterations.
[gmrf_wind_mapping_node-2] [GMRF] MAP Mean value estimated in 10.6103 milliseconds
[gmrf_wind_mapping_node-2] --> MAP did not converge after 1 iterations.
[gmrf_wind_mapping_node-2] [GMRF] MAP Mean value estimated in 10.6089 milliseconds
[gmrf_wind_mapping_node-2] --> MAP did not converge after 1 iterations.
[gmrf_wind_mapping_node-2] [GMRF] MAP Mean value estimated in 10.6109 milliseconds
[gmrf_wind_mapping_node-2] --> MAP did not converge after 1 iterations.
[gmrf_wind_mapping_node-2] [GMRF] MAP Mean value estimated in 10.6129 milliseconds
[gmrf_wind_mapping_node-2] --> MAP did not converge after 1 iterations.
[gmrf_wind_mapping_node-2] [GMRF] MAP Mean value estimated in 10.6165 milliseconds
[gmrf_wind_mapping_node-2] --> MAP did not converge after 1 iterations.
[gmrf_wind_mapping_node-2] [GMRF] MAP Mean value estimated in 10.6152 milliseconds
[gmrf_wind_mapping_node-2] --> MAP did not converge after 1 iterations.
[gmrf_wind_mapping_node-2] [GMRF] MAP Mean value estimated in 10.6188 milliseconds
[gmrf_wind_mapping_node-2] --> MAP did not converge after 1 iterations.
[gmrf_wind_mapping_node-2] [GMRF] MAP Mean value estimated in 10.6158 milliseconds
[gmrf_wind_mapping_node-2] --> MAP did not converge after 1 iterations.
[gmrf_wind_mapping_node-2] [GMRF] MAP Mean value estimated in 10.6178 milliseconds
[gmrf_wind_mapping_node-2] --> MAP did not converge after 1 iterations.
[gmrf_wind_mapping_node-2] [GMRF] MAP Mean value estimated in 10.6156 milliseconds
[gmrf_wind_mapping_node-2] --> MAP did not converge after 1 iterations.
[gmrf_wind_mapping_node-2] [GMRF] MAP Mean value estimated in 10.6201 milliseconds
[gmrf_wind_mapping_node-2] --> MAP did not converge after 1 iterations.
[gmrf_wind_mapping_node-2] [GMRF] MAP Mean value estimated in 10.6204 milliseconds
[gmrf_wind_mapping_node-2] --> MAP did not converge after 1 iterations.
[gmrf_wind_mapping_node-2] [GMRF] MAP Mean value estimated in 10.624 milliseconds
[gmrf_wind_mapping_node-2] --> MAP did not converge after 1 iterations.
[gmrf_wind_mapping_node-2] [GMRF] MAP Mean value estimated in 10.621 milliseconds
[gmrf_wind_mapping_node-2] --> MAP did not converge after 1 iterations.
[gmrf_wind_mapping_node-2] [GMRF] MAP Mean value estimated in 10.6246 milliseconds
[gmrf_wind_mapping_node-2] --> MAP did not converge after 1 iterations.
[gmrf_wind_mapping_node-2] [GMRF] MAP Mean value estimated in 10.6241 milliseconds
[gsl_actionserver_node-3] [INFO] [1788890860.103074050] [GSL]: 10 gas measurements, 10 wind measurements over 1.91 seconds
[gsl_actionserver_node-3] [INFO] [1788890860.103134150] [GSL]: avg_gas=9.2e-06;  avg_windSpeed=0.064;  avg_wind_dir=2.2
[gsl_actionserver_node-3] [INFO] [1788890860.103685395] [GSL]: [33mNOTHING [0m
[gsl_actionserver_node-3] [INFO] [1788890860.103695969] [GSL]: [DEBUG-WIND] useGroundTruth=false gmrf_req_size=626 gaden_req_size=-1
[gsl_actionserver_node-3] [INFO] [1788890860.103703567] [GSL]: [DEBUG-WIND] Taking GMRF path
[gsl_actionserver_node-3] [INFO] [1788890860.191004026] [GSL - Trace]: [32mEntering StopAndMeasure[0m
[gmrf_wind_mapping_node-2] --> MAP did not converge after 1 iterations.
[gmrf_wind_mapping_node-2] [GMRF] MAP Mean value estimated in 10.626 milliseconds
[gmrf_wind_mapping_node-2] --> MAP did not converge after 1 iterations.
[gmrf_wind_mapping_node-2] [GMRF] MAP Mean value estimated in 10.6288 milliseconds
[gmrf_wind_mapping_node-2] --> MAP did not converge after 1 iterations.
[gmrf_wind_mapping_node-2] [GMRF] MAP Mean value estimated in 10.6299 milliseconds
[gmrf_wind_mapping_node-2] --> MAP did not converge after 1 iterations.
[gmrf_wind_mapping_node-2] [GMRF] MAP Mean value estimated in 10.6286 milliseconds
[gmrf_wind_mapping_node-2] --> MAP did not converge after 1 iterations.
[gmrf_wind_mapping_node-2] [GMRF] MAP Mean value estimated in 10.6305 milliseconds
[gmrf_wind_mapping_node-2] --> MAP did not converge after 1 iterations.
[gmrf_wind_mapping_node-2] [GMRF] MAP Mean value estimated in 10.6308 milliseconds
[gmrf_wind_mapping_node-2] --> MAP did not converge after 1 iterations.
[gmrf_wind_mapping_node-2] [GMRF] MAP Mean value estimated in 10.6279 milliseconds
[gmrf_wind_mapping_node-2] --> MAP did not converge after 1 iterations.
[gmrf_wind_mapping_node-2] [GMRF] MAP Mean value estimated in 10.6306 milliseconds
[gmrf_wind_mapping_node-2] --> MAP did not converge after 1 iterations.
[gmrf_wind_mapping_node-2] [GMRF] MAP Mean value estimated in 10.6325 milliseconds
[gmrf_wind_mapping_node-2] --> MAP did not converge after 1 iterations.
[gmrf_wind_mapping_node-2] [GMRF] MAP Mean value estimated in 10.6344 milliseconds
[gmrf_wind_mapping_node-2] --> MAP did not converge after 1 iterations.
[gmrf_wind_mapping_node-2] [GMRF] MAP Mean value estimated in 10.6315 milliseconds
[gmrf_wind_mapping_node-2] --> MAP did not converge after 1 iterations.
[gmrf_wind_mapping_node-2] [GMRF] MAP Mean value estimated in 10.6342 milliseconds
[gmrf_wind_mapping_node-2] --> MAP did not converge after 1 iterations.
[gmrf_wind_mapping_node-2] [GMRF] MAP Mean value estimated in 10.6313 milliseconds
[gmrf_wind_mapping_node-2] --> MAP did not converge after 1 iterations.
[gmrf_wind_mapping_node-2] [GMRF] MAP Mean value estimated in 10.6324 milliseconds
[gmrf_wind_mapping_node-2] --> MAP did not converge after 1 iterations.
[gmrf_wind_mapping_node-2] [GMRF] MAP Mean value estimated in 10.6351 milliseconds
[gmrf_wind_mapping_node-2] --> MAP did not converge after 1 iterations.
[gmrf_wind_mapping_node-2] [GMRF] MAP Mean value estimated in 10.6346 milliseconds
[gmrf_wind_mapping_node-2] --> MAP did not converge after 1 iterations.
[gmrf_wind_mapping_node-2] [GMRF] MAP Mean value estimated in 10.6397 milliseconds
[gmrf_wind_mapping_node-2] --> MAP did not converge after 1 iterations.
[gmrf_wind_mapping_node-2] [GMRF] MAP Mean value estimated in 10.6408 milliseconds
[gmrf_wind_mapping_node-2] --> MAP did not converge after 1 iterations.
[gmrf_wind_mapping_node-2] [GMRF] MAP Mean value estimated in 10.646 milliseconds
[gmrf_wind_mapping_node-2] --> MAP did not converge after 1 iterations.
[gmrf_wind_mapping_node-2] [GMRF] MAP Mean value estimated in 10.6454 milliseconds
[gsl_actionserver_node-3] [INFO] [1788890862.103030961] [GSL]: 10 gas measurements, 10 wind measurements over 1.91 seconds
[gsl_actionserver_node-3] [INFO] [1788890862.103081400] [GSL]: avg_gas=1.7e-06;  avg_windSpeed=0.11;  avg_wind_dir=1.6
[gsl_actionserver_node-3] [INFO] [1788890862.103566953] [GSL]: [33mNOTHING [0m
[gsl_actionserver_node-3] [INFO] [1788890862.103575944] [GSL]: [DEBUG-WIND] useGroundTruth=false gmrf_req_size=626 gaden_req_size=-1
[gsl_actionserver_node-3] [INFO] [1788890862.103582354] [GSL]: [DEBUG-WIND] Taking GMRF path
[gsl_actionserver_node-3] [INFO] [1788890862.190621977] [GSL - Trace]: [32mEntering StopAndMeasure[0m
[gmrf_wind_mapping_node-2] --> MAP did not converge after 1 iterations.
[gmrf_wind_mapping_node-2] [GMRF] MAP Mean value estimated in 10.6449 milliseconds
[gmrf_wind_mapping_node-2] --> MAP did not converge after 1 iterations.
[gmrf_wind_mapping_node-2] [GMRF] MAP Mean value estimated in 10.6468 milliseconds
[gmrf_wind_mapping_node-2] --> MAP did not converge after 1 iterations.
[gmrf_wind_mapping_node-2] [GMRF] MAP Mean value estimated in 10.6495 milliseconds
[gmrf_wind_mapping_node-2] --> MAP did not converge after 1 iterations.
[gmrf_wind_mapping_node-2] [GMRF] MAP Mean value estimated in 10.6506 milliseconds
[gmrf_wind_mapping_node-2] --> MAP did not converge after 1 iterations.
[gmrf_wind_mapping_node-2] [GMRF] MAP Mean value estimated in 10.6493 milliseconds
[gmrf_wind_mapping_node-2] --> MAP did not converge after 1 iterations.
[gmrf_wind_mapping_node-2] [GMRF] MAP Mean value estimated in 10.6512 milliseconds
[gmrf_wind_mapping_node-2] --> MAP did not converge after 1 iterations.
[gmrf_wind_mapping_node-2] [GMRF] MAP Mean value estimated in 10.6546 milliseconds
[gmrf_wind_mapping_node-2] --> MAP did not converge after 1 iterations.
[gmrf_wind_mapping_node-2] [GMRF] MAP Mean value estimated in 10.6517 milliseconds
[gmrf_wind_mapping_node-2] --> MAP did not converge after 1 iterations.
[gmrf_wind_mapping_node-2] [GMRF] MAP Mean value estimated in 10.6488 milliseconds
[gmrf_wind_mapping_node-2] --> MAP did not converge after 1 iterations.
[gmrf_wind_mapping_node-2] [GMRF] MAP Mean value estimated in 10.6475 milliseconds
[gmrf_wind_mapping_node-2] --> MAP did not converge after 1 iterations.
[gmrf_wind_mapping_node-2] [GMRF] MAP Mean value estimated in 10.6502 milliseconds
[gmrf_wind_mapping_node-2] --> MAP did not converge after 1 iterations.
[gmrf_wind_mapping_node-2] [GMRF] MAP Mean value estimated in 10.648 milliseconds
[gmrf_wind_mapping_node-2] --> MAP did not converge after 1 iterations.
[gmrf_wind_mapping_node-2] [GMRF] MAP Mean value estimated in 10.6499 milliseconds
[gmrf_wind_mapping_node-2] --> MAP did not converge after 1 iterations.
[gmrf_wind_mapping_node-2] [GMRF] MAP Mean value estimated in 10.6502 milliseconds
[gmrf_wind_mapping_node-2] --> MAP did not converge after 1 iterations.
[gmrf_wind_mapping_node-2] [GMRF] MAP Mean value estimated in 10.6465 milliseconds
[gmrf_wind_mapping_node-2] --> MAP did not converge after 1 iterations.
[gmrf_wind_mapping_node-2] [GMRF] MAP Mean value estimated in 10.6476 milliseconds
[gmrf_wind_mapping_node-2] --> MAP did not converge after 1 iterations.
[gmrf_wind_mapping_node-2] [GMRF] MAP Mean value estimated in 10.651 milliseconds
[gmrf_wind_mapping_node-2] --> MAP did not converge after 1 iterations.
[gmrf_wind_mapping_node-2] [GMRF] MAP Mean value estimated in 10.6489 milliseconds
[gmrf_wind_mapping_node-2] --> MAP did not converge after 1 iterations.
[gmrf_wind_mapping_node-2] [GMRF] MAP Mean value estimated in 10.6524 milliseconds
[gmrf_wind_mapping_node-2] --> MAP did not converge after 1 iterations.
[gmrf_wind_mapping_node-2] [GMRF] MAP Mean value estimated in 10.6527 milliseconds
[gsl_actionserver_node-3] [INFO] [1788890864.103069892] [GSL]: 10 gas measurements, 10 wind measurements over 1.91 seconds
[gsl_actionserver_node-3] [INFO] [1788890864.103129419] [GSL]: avg_gas=3.3e-07;  avg_windSpeed=0.064;  avg_wind_dir=2.2
[gsl_actionserver_node-3] [INFO] [1788890864.103771430] [GSL]: [33mNOTHING [0m
[gsl_actionserver_node-3] [INFO] [1788890864.103783572] [GSL]: [DEBUG-WIND] useGroundTruth=false gmrf_req_size=626 gaden_req_size=-1
[gsl_actionserver_node-3] [INFO] [1788890864.103791890] [GSL]: [DEBUG-WIND] Taking GMRF path
[gsl_actionserver_node-3] [INFO] [1788890864.190703137] [GSL - Trace]: [32mEntering StopAndMeasure[0m
[gmrf_wind_mapping_node-2] --> MAP did not converge after 1 iterations.
[gmrf_wind_mapping_node-2] [GMRF] MAP Mean value estimated in 10.6521 milliseconds
[gmrf_wind_mapping_node-2] --> MAP did not converge after 1 iterations.
[gmrf_wind_mapping_node-2] [GMRF] MAP Mean value estimated in 10.654 milliseconds
[gmrf_wind_mapping_node-2] --> MAP did not converge after 1 iterations.
[gmrf_wind_mapping_node-2] [GMRF] MAP Mean value estimated in 10.6551 milliseconds
[gmrf_wind_mapping_node-2] --> MAP did not converge after 1 iterations.
[gmrf_wind_mapping_node-2] [GMRF] MAP Mean value estimated in 10.6577 milliseconds
[gmrf_wind_mapping_node-2] --> MAP did not converge after 1 iterations.
[gmrf_wind_mapping_node-2] [GMRF] MAP Mean value estimated in 10.6548 milliseconds
[gmrf_wind_mapping_node-2] --> MAP did not converge after 1 iterations.
[gmrf_wind_mapping_node-2] [GMRF] MAP Mean value estimated in 10.6551 milliseconds
[gmrf_wind_mapping_node-2] --> MAP did not converge after 1 iterations.
[gmrf_wind_mapping_node-2] [GMRF] MAP Mean value estimated in 10.6562 milliseconds
[gmrf_wind_mapping_node-2] --> MAP did not converge after 1 iterations.
[gmrf_wind_mapping_node-2] [GMRF] MAP Mean value estimated in 10.6564 milliseconds
[gmrf_wind_mapping_node-2] --> MAP did not converge after 1 iterations.
[gmrf_wind_mapping_node-2] [GMRF] MAP Mean value estimated in 10.6598 milliseconds
[gmrf_wind_mapping_node-2] --> MAP did not converge after 1 iterations.
[gmrf_wind_mapping_node-2] [GMRF] MAP Mean value estimated in 10.6577 milliseconds
[gmrf_wind_mapping_node-2] --> MAP did not converge after 1 iterations.
[gmrf_wind_mapping_node-2] [GMRF] MAP Mean value estimated in 10.6549 milliseconds
[gmrf_wind_mapping_node-2] --> MAP did not converge after 1 iterations.
[gmrf_wind_mapping_node-2] [GMRF] MAP Mean value estimated in 10.652 milliseconds
[gmrf_wind_mapping_node-2] --> MAP did not converge after 1 iterations.
[gmrf_wind_mapping_node-2] [GMRF] MAP Mean value estimated in 10.6507 milliseconds
[gmrf_wind_mapping_node-2] --> MAP did not converge after 1 iterations.
[gmrf_wind_mapping_node-2] [GMRF] MAP Mean value estimated in 10.6486 milliseconds
[gmrf_wind_mapping_node-2] --> MAP did not converge after 1 iterations.
[gmrf_wind_mapping_node-2] [GMRF] MAP Mean value estimated in 10.6481 milliseconds
[gmrf_wind_mapping_node-2] --> MAP did not converge after 1 iterations.
[gmrf_wind_mapping_node-2] [GMRF] MAP Mean value estimated in 10.6515 milliseconds
[gmrf_wind_mapping_node-2] --> MAP did not converge after 1 iterations.
[gmrf_wind_mapping_node-2] [GMRF] MAP Mean value estimated in 10.6557 milliseconds
[gmrf_wind_mapping_node-2] --> MAP did not converge after 1 iterations.
[gmrf_wind_mapping_node-2] [GMRF] MAP Mean value estimated in 10.6575 milliseconds
[gmrf_wind_mapping_node-2] --> MAP did not converge after 1 iterations.
[gmrf_wind_mapping_node-2] [GMRF] MAP Mean value estimated in 10.6586 milliseconds
[gmrf_wind_mapping_node-2] --> MAP did not converge after 1 iterations.
[gmrf_wind_mapping_node-2] [GMRF] MAP Mean value estimated in 10.6573 milliseconds
[gsl_actionserver_node-3] [INFO] [1788890866.103040784] [GSL]: 10 gas measurements, 10 wind measurements over 1.91 seconds
[gsl_actionserver_node-3] [INFO] [1788890866.103092471] [GSL]: avg_gas=6.2e-08;  avg_windSpeed=0.11;  avg_wind_dir=1.6
[gsl_actionserver_node-3] [INFO] [1788890866.103582793] [GSL]: [33mNOTHING [0m
[gsl_actionserver_node-3] [INFO] [1788890866.103591317] [GSL]: [DEBUG-WIND] useGroundTruth=false gmrf_req_size=626 gaden_req_size=-1
[gsl_actionserver_node-3] [INFO] [1788890866.103597951] [GSL]: [DEBUG-WIND] Taking GMRF path
[gsl_actionserver_node-3] [INFO] [1788890866.191231715] [GSL]: [33mStarted simulations. Might take a while![0m
[gmrf_wind_mapping_node-2] --> MAP did not converge after 1 iterations.
[gmrf_wind_mapping_node-2] [GMRF] MAP Mean value estimated in 10.6599 milliseconds
[gmrf_wind_mapping_node-2] --> MAP did not converge after 1 iterations.
[gmrf_wind_mapping_node-2] [GMRF] MAP Mean value estimated in 10.6625 milliseconds
[gmrf_wind_mapping_node-2] --> MAP did not converge after 1 iterations.
[gmrf_wind_mapping_node-2] [GMRF] MAP Mean value estimated in 10.6643 milliseconds
[gmrf_wind_mapping_node-2] --> MAP did not converge after 1 iterations.
[gmrf_wind_mapping_node-2] [GMRF] MAP Mean value estimated in 10.6669 milliseconds
[gsl_actionserver_node-3] [INFO] [1788890866.582511318] [GSL]: CER contrastive context initialized: events=32, candidates=74, transport_members=3, fixed_ratio_weight=1, context_within_member=true, centered_log_odds=true, transport_pool=robust_log_variance
[gsl_actionserver_node-3] [INFO] [1788890866.584055871] [GSL - Trace]: [32mFirst simulation level done[0m
[gsl_actionserver_node-3] [INFO] [1788890866.584321772] [GSL]: [RC2-DIAG] scores_size=74 refineFraction=0.25 refine_product=18.5 valid_first_level=74 sum_sourceProbInternal_before_norm=143.77851595783733 min_sourceProbInternal_before_norm=0 max_sourceProbInternal_before_norm=0.26527401468235673 finite_sourceProbInternal=1102 finite_varianceOfHitProb=1102
[gmrf_wind_mapping_node-2] --> MAP did not converge after 1 iterations.
[gmrf_wind_mapping_node-2] [GMRF] MAP Mean value estimated in 10.6726 milliseconds
[gmrf_wind_mapping_node-2] --> MAP did not converge after 1 iterations.
[gmrf_wind_mapping_node-2] [GMRF] MAP Mean value estimated in 10.6783 milliseconds
[gmrf_wind_mapping_node-2] --> MAP did not converge after 1 iterations.
[gmrf_wind_mapping_node-2] [GMRF] MAP Mean value estimated in 10.6809 milliseconds
[gmrf_wind_mapping_node-2] --> MAP did not converge after 1 iterations.
[gmrf_wind_mapping_node-2] [GMRF] MAP Mean value estimated in 10.6843 milliseconds
[gsl_actionserver_node-3] [INFO] [1788890866.927206857] [GSL - Trace]: [32mSimulation level 2 done[0m
[gmrf_wind_mapping_node-2] --> MAP did not converge after 1 iterations.
[gmrf_wind_mapping_node-2] [GMRF] MAP Mean value estimated in 10.6907 milliseconds
[gmrf_wind_mapping_node-2] --> MAP did not converge after 1 iterations.
[gmrf_wind_mapping_node-2] [GMRF] MAP Mean value estimated in 10.6956 milliseconds
[gmrf_wind_mapping_node-2] --> MAP did not converge after 1 iterations.
[gmrf_wind_mapping_node-2] [GMRF] MAP Mean value estimated in 10.6997 milliseconds
[gsl_actionserver_node-3] [INFO] [1788890867.246473953] [GSL - Trace]: [32mSimulation level 3 done[0m
[gmrf_wind_mapping_node-2] --> MAP did not converge after 1 iterations.
[gmrf_wind_mapping_node-2] [GMRF] MAP Mean value estimated in 10.6976 milliseconds
[gmrf_wind_mapping_node-2] --> MAP did not converge after 1 iterations.
[gmrf_wind_mapping_node-2] [GMRF] MAP Mean value estimated in 10.6963 milliseconds
[gsl_actionserver_node-3] [INFO] [1788890867.408093411] [GSL - Trace]: [32mSimulation level 4 done[0m
[gsl_actionserver_node-3] [INFO] [1788890867.408185679] [GSL - Trace]: [32mSimulation level 5 done[0m
[gsl_actionserver_node-3] [INFO] [1788890867.408196796] [GSL]: Number of levels in the simulation: 5
[gsl_actionserver_node-3] [INFO] [1788890867.408203702] [GSL]: Total number of simulations: 240
[gsl_actionserver_node-3] [INFO] [1788890867.408224295] [GSL]: CORE sequential event-time commit: window_start=24, new_events=8, committed_total=32
[gsl_actionserver_node-3] [INFO] [1788890867.408238551] [GSL]: [RC2-DIAG] normalized_finite_count=1102 normalized_sum=1
[gsl_actionserver_node-3] [INFO] [1788890867.408245558] [GSL]: Time ellapsed in simulation = 1.2168864830000001 s
[gsl_actionserver_node-3] [INFO] [1788890867.411309263] [GSL]: Max mutual info: 2.357
[gsl_actionserver_node-3] [INFO] [1788890867.411893898] [GSL]: MutualInformation - Ellapsed: 0.004s
[vgr_sim_node-1] [WARN] [1788890867.416339908] [vgr_uav_sim]: PLAN_CB: called with goal=(-0.20,-6.53)
[vgr_sim_node-1] [WARN] [1788890867.425620708] [vgr_uav_sim]: PLAN_CB: returning 24 poses
[vgr_sim_node-1] [WARN] [1788890867.432982523] [vgr_uav_sim]: PLAN_CB: called with goal=(-0.20,-6.53)
[vgr_sim_node-1] [WARN] [1788890867.436260506] [vgr_uav_sim]: PLAN_CB: returning 24 poses
[gsl_actionserver_node-3] [INFO] [1788890867.443325053] [GSL]: Sending goal (-0.20, -6.53)
[gsl_actionserver_node-3] [INFO] [1788890867.444101409] [GSL]: Variance: 17.26
[gsl_actionserver_node-3] [INFO] [1788890867.444127649] [GSL - Trace]: [32mEntering Moving[0m
[vgr_sim_node-1] [INFO] [1788890867.446577953] [vgr_uav_sim]: Prepared 24 collision-free navigation waypoints to (-0.20, -6.53)
[vgr_sim_node-1] [INFO] [1788890867.447896324] [vgr_uav_sim]: UAV navigating in audited 2-D mode to (-0.20, -6.53, 0.30)
[gmrf_wind_mapping_node-2] --> MAP did not converge after 1 iterations.
[gmrf_wind_mapping_node-2] [GMRF] MAP Mean value estimated in 10.6965 milliseconds
[gmrf_wind_mapping_node-2] --> MAP did not converge after 1 iterations.
[gmrf_wind_mapping_node-2] [GMRF] MAP Mean value estimated in 10.6991 milliseconds
[gmrf_wind_mapping_node-2] --> MAP did not converge after 1 iterations.
[gmrf_wind_mapping_node-2] [GMRF] MAP Mean value estimated in 10.6985 milliseconds
[gmrf_wind_mapping_node-2] --> MAP did not converge after 1 iterations.
[gmrf_wind_mapping_node-2] [GMRF] MAP Mean value estimated in 10.7003 milliseconds
[gmrf_wind_mapping_node-2] --> MAP did not converge after 1 iterations.
[gmrf_wind_mapping_node-2] [GMRF] MAP Mean value estimated in 10.7013 milliseconds
[gmrf_wind_mapping_node-2] --> MAP did not converge after 1 iterations.
[gmrf_wind_mapping_node-2] [GMRF] MAP Mean value estimated in 10.7031 milliseconds
[gmrf_wind_mapping_node-2] --> MAP did not converge after 1 iterations.
[gmrf_wind_mapping_node-2] [GMRF] MAP Mean value estimated in 10.7041 milliseconds
[gmrf_wind_mapping_node-2] --> MAP did not converge after 1 iterations.
[gmrf_wind_mapping_node-2] [GMRF] MAP Mean value estimated in 10.7012 milliseconds
[gmrf_wind_mapping_node-2] --> MAP did not converge after 1 iterations.
[gmrf_wind_mapping_node-2] [GMRF] MAP Mean value estimated in 10.7007 milliseconds
[gmrf_wind_mapping_node-2] --> MAP did not converge after 1 iterations.
[gmrf_wind_mapping_node-2] [GMRF] MAP Mean value estimated in 10.6979 milliseconds
[gmrf_wind_mapping_node-2] --> MAP did not converge after 1 iterations.
[gmrf_wind_mapping_node-2] [GMRF] MAP Mean value estimated in 10.6958 milliseconds
[gmrf_wind_mapping_node-2] --> MAP did not converge after 1 iterations.
[gmrf_wind_mapping_node-2] [GMRF] MAP Mean value estimated in 10.693 milliseconds
[gmrf_wind_mapping_node-2] --> MAP did not converge after 1 iterations.
[gmrf_wind_mapping_node-2] [GMRF] MAP Mean value estimated in 10.6947 milliseconds
[gmrf_wind_mapping_node-2] --> MAP did not converge after 1 iterations.
[gmrf_wind_mapping_node-2] [GMRF] MAP Mean value estimated in 10.6965 milliseconds
[gmrf_wind_mapping_node-2] --> MAP did not converge after 1 iterations.
[gmrf_wind_mapping_node-2] [GMRF] MAP Mean value estimated in 10.6975 milliseconds
[gmrf_wind_mapping_node-2] --> MAP did not converge after 1 iterations.
[gmrf_wind_mapping_node-2] [GMRF] MAP Mean value estimated in 10.6954 milliseconds
[gmrf_wind_mapping_node-2] --> MAP did not converge after 1 iterations.
[gmrf_wind_mapping_node-2] [GMRF] MAP Mean value estimated in 10.6972 milliseconds
[gmrf_wind_mapping_node-2] --> MAP did not converge after 1 iterations.
[gmrf_wind_mapping_node-2] [GMRF] MAP Mean value estimated in 10.6997 milliseconds
[gmrf_wind_mapping_node-2] --> MAP did not converge after 1 iterations.
[gmrf_wind_mapping_node-2] [GMRF] MAP Mean value estimated in 10.7007 milliseconds
[gmrf_wind_mapping_node-2] --> MAP did not converge after 1 iterations.
[gmrf_wind_mapping_node-2] [GMRF] MAP Mean value estimated in 10.6979 milliseconds
[gmrf_wind_mapping_node-2] --> MAP did not converge after 1 iterations.
[gmrf_wind_mapping_node-2] [GMRF] MAP Mean value estimated in 10.6981 milliseconds
[gmrf_wind_mapping_node-2] --> MAP did not converge after 1 iterations.
[gmrf_wind_mapping_node-2] [GMRF] MAP Mean value estimated in 10.6983 milliseconds
[gmrf_wind_mapping_node-2] --> MAP did not converge after 1 iterations.
[gmrf_wind_mapping_node-2] [GMRF] MAP Mean value estimated in 10.6993 milliseconds
[gmrf_wind_mapping_node-2] --> MAP did not converge after 1 iterations.
[gmrf_wind_mapping_node-2] [GMRF] MAP Mean value estimated in 10.6965 milliseconds
[gmrf_wind_mapping_node-2] --> MAP did not converge after 1 iterations.
[gmrf_wind_mapping_node-2] [GMRF] MAP Mean value estimated in 10.6952 milliseconds
[gmrf_wind_mapping_node-2] --> MAP did not converge after 1 iterations.
[gmrf_wind_mapping_node-2] [GMRF] MAP Mean value estimated in 10.6977 milliseconds
[gmrf_wind_mapping_node-2] --> MAP did not converge after 1 iterations.
[gmrf_wind_mapping_node-2] [GMRF] MAP Mean value estimated in 10.7002 milliseconds
[gmrf_wind_mapping_node-2] --> MAP did not converge after 1 iterations.
[gmrf_wind_mapping_node-2] [GMRF] MAP Mean value estimated in 10.7035 milliseconds
[gmrf_wind_mapping_node-2] --> MAP did not converge after 1 iterations.
[gmrf_wind_mapping_node-2] [GMRF] MAP Mean value estimated in 10.7014 milliseconds
[gmrf_wind_mapping_node-2] --> MAP did not converge after 1 iterations.
[gmrf_wind_mapping_node-2] [GMRF] MAP Mean value estimated in 10.7009 milliseconds
[gmrf_wind_mapping_node-2] --> MAP did not converge after 1 iterations.
[gmrf_wind_mapping_node-2] [GMRF] MAP Mean value estimated in 10.6981 milliseconds
[gmrf_wind_mapping_node-2] --> MAP did not converge after 1 iterations.
[gmrf_wind_mapping_node-2] [GMRF] MAP Mean value estimated in 10.6968 milliseconds
[gmrf_wind_mapping_node-2] --> MAP did not converge after 1 iterations.
[gmrf_wind_mapping_node-2] [GMRF] MAP Mean value estimated in 10.6978 milliseconds
[gmrf_wind_mapping_node-2] --> MAP did not converge after 1 iterations.
[gmrf_wind_mapping_node-2] [GMRF] MAP Mean value estimated in 10.6958 milliseconds
[gmrf_wind_mapping_node-2] --> MAP did not converge after 1 iterations.
[gmrf_wind_mapping_node-2] [GMRF] MAP Mean value estimated in 10.6975 milliseconds
[gmrf_wind_mapping_node-2] --> MAP did not converge after 1 iterations.
[gmrf_wind_mapping_node-2] [GMRF] MAP Mean value estimated in 10.7 milliseconds
[gmrf_wind_mapping_node-2] --> MAP did not converge after 1 iterations.
[gmrf_wind_mapping_node-2] [GMRF] MAP Mean value estimated in 10.7002 milliseconds
[gmrf_wind_mapping_node-2] --> MAP did not converge after 1 iterations.
[gmrf_wind_mapping_node-2] [GMRF] MAP Mean value estimated in 10.7012 milliseconds
[gmrf_wind_mapping_node-2] --> MAP did not converge after 1 iterations.
[gmrf_wind_mapping_node-2] [GMRF] MAP Mean value estimated in 10.7029 milliseconds
[gmrf_wind_mapping_node-2] --> MAP did not converge after 1 iterations.
[gmrf_wind_mapping_node-2] [GMRF] MAP Mean value estimated in 10.7054 milliseconds
[gmrf_wind_mapping_node-2] --> MAP did not converge after 1 iterations.
[gmrf_wind_mapping_node-2] [GMRF] MAP Mean value estimated in 10.7064 milliseconds
[gmrf_wind_mapping_node-2] --> MAP did not converge after 1 iterations.
[gmrf_wind_mapping_node-2] [GMRF] MAP Mean value estimated in 10.7088 milliseconds
[gmrf_wind_mapping_node-2] --> MAP did not converge after 1 iterations.
[gmrf_wind_mapping_node-2] [GMRF] MAP Mean value estimated in 10.7083 milliseconds
[gmrf_wind_mapping_node-2] --> MAP did not converge after 1 iterations.
[gmrf_wind_mapping_node-2] [GMRF] MAP Mean value estimated in 10.7108 milliseconds
[gmrf_wind_mapping_node-2] --> MAP did not converge after 1 iterations.
[gmrf_wind_mapping_node-2] [GMRF] MAP Mean value estimated in 10.711 milliseconds
[gmrf_wind_mapping_node-2] --> MAP did not converge after 1 iterations.
[gmrf_wind_mapping_node-2] [GMRF] MAP Mean value estimated in 10.7127 milliseconds
[gmrf_wind_mapping_node-2] --> MAP did not converge after 1 iterations.
[gmrf_wind_mapping_node-2] [GMRF] MAP Mean value estimated in 10.7099 milliseconds
[gmrf_wind_mapping_node-2] --> MAP did not converge after 1 iterations.
[gmrf_wind_mapping_node-2] [GMRF] MAP Mean value estimated in 10.7109 milliseconds
[gmrf_wind_mapping_node-2] --> MAP did not converge after 1 iterations.
[gmrf_wind_mapping_node-2] [GMRF] MAP Mean value estimated in 10.7118 milliseconds
[gsl_actionserver_node-3] [INFO] [1788890872.396622249] [GSL - Trace]: [32mEntering StopAndMeasure[0m
[gmrf_wind_mapping_node-2] --> MAP did not converge after 1 iterations.
[gmrf_wind_mapping_node-2] [GMRF] MAP Mean value estimated in 10.7128 milliseconds
[gmrf_wind_mapping_node-2] --> MAP did not converge after 1 iterations.
[gmrf_wind_mapping_node-2] [GMRF] MAP Mean value estimated in 10.71 milliseconds
[gmrf_wind_mapping_node-2] --> MAP did not converge after 1 iterations.
[gmrf_wind_mapping_node-2] [GMRF] MAP Mean value estimated in 10.708 milliseconds
[gmrf_wind_mapping_node-2] --> MAP did not converge after 1 iterations.
[gmrf_wind_mapping_node-2] [GMRF] MAP Mean value estimated in 10.7053 milliseconds
[gmrf_wind_mapping_node-2] --> MAP did not converge after 1 iterations.
[gmrf_wind_mapping_node-2] [GMRF] MAP Mean value estimated in 10.7062 milliseconds
[gmrf_wind_mapping_node-2] --> MAP did not converge after 1 iterations.
[gmrf_wind_mapping_node-2] [GMRF] MAP Mean value estimated in 10.7027 milliseconds
[gmrf_wind_mapping_node-2] --> MAP did not converge after 1 iterations.
[gmrf_wind_mapping_node-2] [GMRF] MAP Mean value estimated in 10.703 milliseconds
[gmrf_wind_mapping_node-2] --> MAP did not converge after 1 iterations.
[gmrf_wind_mapping_node-2] [GMRF] MAP Mean value estimated in 10.7039 milliseconds
[gmrf_wind_mapping_node-2] --> MAP did not converge after 1 iterations.
[gmrf_wind_mapping_node-2] [GMRF] MAP Mean value estimated in 10.7049 milliseconds
[gmrf_wind_mapping_node-2] --> MAP did not converge after 1 iterations.
[gmrf_wind_mapping_node-2] [GMRF] MAP Mean value estimated in 10.7073 milliseconds
[gmrf_wind_mapping_node-2] --> MAP did not converge after 1 iterations.
[gmrf_wind_mapping_node-2] [GMRF] MAP Mean value estimated in 10.7053 milliseconds
[gmrf_wind_mapping_node-2] --> MAP did not converge after 1 iterations.
[gmrf_wind_mapping_node-2] [GMRF] MAP Mean value estimated in 10.7063 milliseconds
[gmrf_wind_mapping_node-2] --> MAP did not converge after 1 iterations.
[gmrf_wind_mapping_node-2] [GMRF] MAP Mean value estimated in 10.7102 milliseconds
[gmrf_wind_mapping_node-2] --> MAP did not converge after 1 iterations.
[gmrf_wind_mapping_node-2] [GMRF] MAP Mean value estimated in 10.7111 milliseconds
[gmrf_wind_mapping_node-2] --> MAP did not converge after 1 iterations.
[gmrf_wind_mapping_node-2] [GMRF] MAP Mean value estimated in 10.715 milliseconds
[gmrf_wind_mapping_node-2] --> MAP did not converge after 1 iterations.
[gmrf_wind_mapping_node-2] [GMRF] MAP Mean value estimated in 10.7145 milliseconds
[gmrf_wind_mapping_node-2] --> MAP did not converge after 1 iterations.
[gmrf_wind_mapping_node-2] [GMRF] MAP Mean value estimated in 10.7169 milliseconds
[gmrf_wind_mapping_node-2] --> MAP did not converge after 1 iterations.
[gmrf_wind_mapping_node-2] [GMRF] MAP Mean value estimated in 10.7149 milliseconds
[gmrf_wind_mapping_node-2] --> MAP did not converge after 1 iterations.
[gmrf_wind_mapping_node-2] [GMRF] MAP Mean value estimated in 10.7181 milliseconds
[gmrf_wind_mapping_node-2] --> MAP did not converge after 1 iterations.
[gmrf_wind_mapping_node-2] [GMRF] MAP Mean value estimated in 10.719 milliseconds
[gsl_actionserver_node-3] [INFO] [1788890874.345613629] [GSL]: 10 gas measurements, 10 wind measurements over 1.95 seconds
[gsl_actionserver_node-3] [INFO] [1788890874.345729916] [GSL]: avg_gas=3.7;  avg_windSpeed=0.00091;  avg_wind_dir=-0.61
[gsl_actionserver_node-3] [INFO] [1788890874.346745862] [GSL]: [33mGAS HIT[0m
[gsl_actionserver_node-3] [INFO] [1788890874.346763811] [GSL]: [DEBUG-WIND] useGroundTruth=false gmrf_req_size=626 gaden_req_size=-1
[gsl_actionserver_node-3] [INFO] [1788890874.346776397] [GSL]: [DEBUG-WIND] Taking GMRF path
[gsl_actionserver_node-3] [INFO] [1788890874.390974733] [GSL - Trace]: [32mEntering StopAndMeasure[0m
[gmrf_wind_mapping_node-2] --> MAP did not converge after 1 iterations.
[gmrf_wind_mapping_node-2] [GMRF] MAP Mean value estimated in 10.7185 milliseconds
[gmrf_wind_mapping_node-2] --> MAP did not converge after 1 iterations.
[gmrf_wind_mapping_node-2] [GMRF] MAP Mean value estimated in 10.7201 milliseconds
[gmrf_wind_mapping_node-2] --> MAP did not converge after 1 iterations.
[gmrf_wind_mapping_node-2] [GMRF] MAP Mean value estimated in 10.7218 milliseconds
[gmrf_wind_mapping_node-2] --> MAP did not converge after 1 iterations.
[gmrf_wind_mapping_node-2] [GMRF] MAP Mean value estimated in 10.7228 milliseconds
[gmrf_wind_mapping_node-2] --> MAP did not converge after 1 iterations.
[gmrf_wind_mapping_node-2] [GMRF] MAP Mean value estimated in 10.7259 milliseconds
[gmrf_wind_mapping_node-2] --> MAP did not converge after 1 iterations.
[gmrf_wind_mapping_node-2] [GMRF] MAP Mean value estimated in 10.7283 milliseconds
[gmrf_wind_mapping_node-2] --> MAP did not converge after 1 iterations.
[gmrf_wind_mapping_node-2] [GMRF] MAP Mean value estimated in 10.7255 milliseconds
[gmrf_wind_mapping_node-2] --> MAP did not converge after 1 iterations.
[gmrf_wind_mapping_node-2] [GMRF] MAP Mean value estimated in 10.7257 milliseconds
[gmrf_wind_mapping_node-2] --> MAP did not converge after 1 iterations.
[gmrf_wind_mapping_node-2] [GMRF] MAP Mean value estimated in 10.7289 milliseconds
[gmrf_wind_mapping_node-2] --> MAP did not converge after 1 iterations.
[gmrf_wind_mapping_node-2] [GMRF] MAP Mean value estimated in 10.7305 milliseconds
[gmrf_wind_mapping_node-2] --> MAP did not converge after 1 iterations.
[gmrf_wind_mapping_node-2] [GMRF] MAP Mean value estimated in 10.7329 milliseconds
[gmrf_wind_mapping_node-2] --> MAP did not converge after 1 iterations.
[gmrf_wind_mapping_node-2] [GMRF] MAP Mean value estimated in 10.7353 milliseconds
[gmrf_wind_mapping_node-2] --> MAP did not converge after 1 iterations.
[gmrf_wind_mapping_node-2] [GMRF] MAP Mean value estimated in 10.7376 milliseconds
[gmrf_wind_mapping_node-2] --> MAP did not converge after 1 iterations.
[gmrf_wind_mapping_node-2] [GMRF] MAP Mean value estimated in 10.7378 milliseconds
[gmrf_wind_mapping_node-2] --> MAP did not converge after 1 iterations.
[gmrf_wind_mapping_node-2] [GMRF] MAP Mean value estimated in 10.7402 milliseconds
[gmrf_wind_mapping_node-2] --> MAP did not converge after 1 iterations.
[gmrf_wind_mapping_node-2] [GMRF] MAP Mean value estimated in 10.7411 milliseconds
[gmrf_wind_mapping_node-2] --> MAP did not converge after 1 iterations.
[gmrf_wind_mapping_node-2] [GMRF] MAP Mean value estimated in 10.7377 milliseconds
[gmrf_wind_mapping_node-2] --> MAP did not converge after 1 iterations.
[gmrf_wind_mapping_node-2] [GMRF] MAP Mean value estimated in 10.7371 milliseconds
[gmrf_wind_mapping_node-2] --> MAP did not converge after 1 iterations.
[gmrf_wind_mapping_node-2] [GMRF] MAP Mean value estimated in 10.7388 milliseconds
[gmrf_wind_mapping_node-2] --> MAP did not converge after 1 iterations.
[gmrf_wind_mapping_node-2] [GMRF] MAP Mean value estimated in 10.7411 milliseconds
[gsl_actionserver_node-3] [INFO] [1788890876.345756440] [GSL]: 10 gas measurements, 10 wind measurements over 1.95 seconds
[gsl_actionserver_node-3] [INFO] [1788890876.345967395] [GSL]: avg_gas=3.8;  avg_windSpeed=0.00026;  avg_wind_dir=-0.23
[gsl_actionserver_node-3] [INFO] [1788890876.347732261] [GSL]: [33mGAS HIT[0m
[gsl_actionserver_node-3] [INFO] [1788890876.347805850] [GSL]: [DEBUG-WIND] useGroundTruth=false gmrf_req_size=626 gaden_req_size=-1
[gsl_actionserver_node-3] [INFO] [1788890876.347823809] [GSL]: [DEBUG-WIND] Taking GMRF path
[gsl_actionserver_node-3] [INFO] [1788890876.390767918] [GSL - Trace]: [32mEntering StopAndMeasure[0m
[gmrf_wind_mapping_node-2] --> MAP did not converge after 1 iterations.
[gmrf_wind_mapping_node-2] [GMRF] MAP Mean value estimated in 10.7421 milliseconds
[gmrf_wind_mapping_node-2] --> MAP did not converge after 1 iterations.
[gmrf_wind_mapping_node-2] [GMRF] MAP Mean value estimated in 10.7437 milliseconds
[gmrf_wind_mapping_node-2] --> MAP did not converge after 1 iterations.
[gmrf_wind_mapping_node-2] [GMRF] MAP Mean value estimated in 10.7424 milliseconds
[gmrf_wind_mapping_node-2] --> MAP did not converge after 1 iterations.
[gmrf_wind_mapping_node-2] [GMRF] MAP Mean value estimated in 10.7441 milliseconds
[gmrf_wind_mapping_node-2] --> MAP did not converge after 1 iterations.
[gmrf_wind_mapping_node-2] [GMRF] MAP Mean value estimated in 10.7464 milliseconds
[gmrf_wind_mapping_node-2] --> MAP did not converge after 1 iterations.
[gmrf_wind_mapping_node-2] [GMRF] MAP Mean value estimated in 10.748 milliseconds
[gmrf_wind_mapping_node-2] --> MAP did not converge after 1 iterations.
[gmrf_wind_mapping_node-2] [GMRF] MAP Mean value estimated in 10.7496 milliseconds
[gmrf_wind_mapping_node-2] --> MAP did not converge after 1 iterations.
[gmrf_wind_mapping_node-2] [GMRF] MAP Mean value estimated in 10.7513 milliseconds
[gmrf_wind_mapping_node-2] --> MAP did not converge after 1 iterations.
[gmrf_wind_mapping_node-2] [GMRF] MAP Mean value estimated in 10.7522 milliseconds
[gmrf_wind_mapping_node-2] --> MAP did not converge after 1 iterations.
[gmrf_wind_mapping_node-2] [GMRF] MAP Mean value estimated in 10.7545 milliseconds
[gmrf_wind_mapping_node-2] --> MAP did not converge after 1 iterations.
[gmrf_wind_mapping_node-2] [GMRF] MAP Mean value estimated in 10.7518 milliseconds
[gmrf_wind_mapping_node-2] --> MAP did not converge after 1 iterations.
[gmrf_wind_mapping_node-2] [GMRF] MAP Mean value estimated in 10.7498 milliseconds
[gmrf_wind_mapping_node-2] --> MAP did not converge after 1 iterations.
[gmrf_wind_mapping_node-2] [GMRF] MAP Mean value estimated in 10.7486 milliseconds
[gmrf_wind_mapping_node-2] --> MAP did not converge after 1 iterations.
[gmrf_wind_mapping_node-2] [GMRF] MAP Mean value estimated in 10.7495 milliseconds
[gmrf_wind_mapping_node-2] --> MAP did not converge after 1 iterations.
[gmrf_wind_mapping_node-2] [GMRF] MAP Mean value estimated in 10.7525 milliseconds
[gmrf_wind_mapping_node-2] --> MAP did not converge after 1 iterations.
[gmrf_wind_mapping_node-2] [GMRF] MAP Mean value estimated in 10.7541 milliseconds
[gmrf_wind_mapping_node-2] --> MAP did not converge after 1 iterations.
[gmrf_wind_mapping_node-2] [GMRF] MAP Mean value estimated in 10.7543 milliseconds
[gmrf_wind_mapping_node-2] --> MAP did not converge after 1 iterations.
[gmrf_wind_mapping_node-2] [GMRF] MAP Mean value estimated in 10.7516 milliseconds
[gmrf_wind_mapping_node-2] --> MAP did not converge after 1 iterations.
[gmrf_wind_mapping_node-2] [GMRF] MAP Mean value estimated in 10.7489 milliseconds
[gmrf_wind_mapping_node-2] --> MAP did not converge after 1 iterations.
[gmrf_wind_mapping_node-2] [GMRF] MAP Mean value estimated in 10.747 milliseconds
[gsl_actionserver_node-3] [INFO] [1788890878.345714521] [GSL]: 10 gas measurements, 10 wind measurements over 1.95 seconds
[gsl_actionserver_node-3] [INFO] [1788890878.345927808] [GSL]: avg_gas=3.9;  avg_windSpeed=0.00091;  avg_wind_dir=-0.61
[gsl_actionserver_node-3] [INFO] [1788890878.347187629] [GSL]: [33mGAS HIT[0m
[gsl_actionserver_node-3] [INFO] [1788890878.347285838] [GSL]: [DEBUG-WIND] useGroundTruth=false gmrf_req_size=626 gaden_req_size=-1
[gsl_actionserver_node-3] [INFO] [1788890878.347351119] [GSL]: [DEBUG-WIND] Taking GMRF path
[gsl_actionserver_node-3] [INFO] [1788890878.391015830] [GSL - Trace]: [32mEntering StopAndMeasure[0m
[gmrf_wind_mapping_node-2] --> MAP did not converge after 1 iterations.
[gmrf_wind_mapping_node-2] [GMRF] MAP Mean value estimated in 10.7493 milliseconds
[gmrf_wind_mapping_node-2] --> MAP did not converge after 1 iterations.
[gmrf_wind_mapping_node-2] [GMRF] MAP Mean value estimated in 10.748 milliseconds
[gmrf_wind_mapping_node-2] --> MAP did not converge after 1 iterations.
[gmrf_wind_mapping_node-2] [GMRF] MAP Mean value estimated in 10.7518 milliseconds
[gmrf_wind_mapping_node-2] --> MAP did not converge after 1 iterations.
[gmrf_wind_mapping_node-2] [GMRF] MAP Mean value estimated in 10.7541 milliseconds
[gmrf_wind_mapping_node-2] --> MAP did not converge after 1 iterations.
[gmrf_wind_mapping_node-2] [GMRF] MAP Mean value estimated in 10.7578 milliseconds
[gmrf_wind_mapping_node-2] --> MAP did not converge after 1 iterations.
[gmrf_wind_mapping_node-2] [GMRF] MAP Mean value estimated in 10.7587 milliseconds
[gmrf_wind_mapping_node-2] --> MAP did not converge after 1 iterations.
[gmrf_wind_mapping_node-2] [GMRF] MAP Mean value estimated in 10.7603 milliseconds
[gmrf_wind_mapping_node-2] --> MAP did not converge after 1 iterations.
[gmrf_wind_mapping_node-2] [GMRF] MAP Mean value estimated in 10.7576 milliseconds
[gmrf_wind_mapping_node-2] --> MAP did not converge after 1 iterations.
[gmrf_wind_mapping_node-2] [GMRF] MAP Mean value estimated in 10.762 milliseconds
[gmrf_wind_mapping_node-2] --> MAP did not converge after 1 iterations.
[gmrf_wind_mapping_node-2] [GMRF] MAP Mean value estimated in 10.7636 milliseconds
[gmrf_wind_mapping_node-2] --> MAP did not converge after 1 iterations.
[gmrf_wind_mapping_node-2] [GMRF] MAP Mean value estimated in 10.7617 milliseconds
[gmrf_wind_mapping_node-2] --> MAP did not converge after 1 iterations.
[gmrf_wind_mapping_node-2] [GMRF] MAP Mean value estimated in 10.759 milliseconds
[gmrf_wind_mapping_node-2] --> MAP did not converge after 1 iterations.
[gmrf_wind_mapping_node-2] [GMRF] MAP Mean value estimated in 10.7571 milliseconds
[gmrf_wind_mapping_node-2] --> MAP did not converge after 1 iterations.
[gmrf_wind_mapping_node-2] [GMRF] MAP Mean value estimated in 10.7551 milliseconds
[gmrf_wind_mapping_node-2] --> MAP did not converge after 1 iterations.
[gmrf_wind_mapping_node-2] [GMRF] MAP Mean value estimated in 10.7525 milliseconds
[gmrf_wind_mapping_node-2] --> MAP did not converge after 1 iterations.
[gmrf_wind_mapping_node-2] [GMRF] MAP Mean value estimated in 10.7498 milliseconds
[gmrf_wind_mapping_node-2] --> MAP did not converge after 1 iterations.
[gmrf_wind_mapping_node-2] [GMRF] MAP Mean value estimated in 10.7472 milliseconds
[gmrf_wind_mapping_node-2] --> MAP did not converge after 1 iterations.
[gmrf_wind_mapping_node-2] [GMRF] MAP Mean value estimated in 10.7467 milliseconds
[gmrf_wind_mapping_node-2] --> MAP did not converge after 1 iterations.
[gmrf_wind_mapping_node-2] [GMRF] MAP Mean value estimated in 10.7454 milliseconds
[gsl_actionserver_node-3] [INFO] [1788890880.295376577] [GSL]: 10 gas measurements, 10 wind measurements over 1.90 seconds
[gsl_actionserver_node-3] [INFO] [1788890880.295432434] [GSL]: avg_gas=3.9;  avg_windSpeed=0.00026;  avg_wind_dir=-0.23
[gsl_actionserver_node-3] [INFO] [1788890880.295935705] [GSL]: [33mGAS HIT[0m
[gsl_actionserver_node-3] [INFO] [1788890880.296181321] [GSL]: [DEBUG-WIND] useGroundTruth=false gmrf_req_size=626 gaden_req_size=-1
[gsl_actionserver_node-3] [INFO] [1788890880.296200278] [GSL]: [DEBUG-WIND] Taking GMRF path
[gmrf_wind_mapping_node-2] --> MAP did not converge after 1 iterations.
[gmrf_wind_mapping_node-2] [GMRF] MAP Mean value estimated in 10.7428 milliseconds
[gsl_actionserver_node-3] [INFO] [1788890880.390502702] [GSL - Trace]: [32mEntering StopAndMeasure[0m
[gmrf_wind_mapping_node-2] --> MAP did not converge after 1 iterations.
[gmrf_wind_mapping_node-2] [GMRF] MAP Mean value estimated in 10.7409 milliseconds
[gmrf_wind_mapping_node-2] --> MAP did not converge after 1 iterations.
[gmrf_wind_mapping_node-2] [GMRF] MAP Mean value estimated in 10.7382 milliseconds
[gmrf_wind_mapping_node-2] --> MAP did not converge after 1 iterations.
[gmrf_wind_mapping_node-2] [GMRF] MAP Mean value estimated in 10.7356 milliseconds
[gmrf_wind_mapping_node-2] --> MAP did not converge after 1 iterations.
[gmrf_wind_mapping_node-2] [GMRF] MAP Mean value estimated in 10.7358 milliseconds
[gmrf_wind_mapping_node-2] --> MAP did not converge after 1 iterations.
[gmrf_wind_mapping_node-2] [GMRF] MAP Mean value estimated in 10.7332 milliseconds
[gmrf_wind_mapping_node-2] --> MAP did not converge after 1 iterations.
[gmrf_wind_mapping_node-2] [GMRF] MAP Mean value estimated in 10.7341 milliseconds
[gmrf_wind_mapping_node-2] --> MAP did not converge after 1 iterations.
[gmrf_wind_mapping_node-2] [GMRF] MAP Mean value estimated in 10.7315 milliseconds
[gmrf_wind_mapping_node-2] --> MAP did not converge after 1 iterations.
[gmrf_wind_mapping_node-2] [GMRF] MAP Mean value estimated in 10.7331 milliseconds
[gmrf_wind_mapping_node-2] --> MAP did not converge after 1 iterations.
[gmrf_wind_mapping_node-2] [GMRF] MAP Mean value estimated in 10.7297 milliseconds
[gmrf_wind_mapping_node-2] --> MAP did not converge after 1 iterations.
[gmrf_wind_mapping_node-2] [GMRF] MAP Mean value estimated in 10.7285 milliseconds
[gmrf_wind_mapping_node-2] --> MAP did not converge after 1 iterations.
[gmrf_wind_mapping_node-2] [GMRF] MAP Mean value estimated in 10.7287 milliseconds
[gmrf_wind_mapping_node-2] --> MAP did not converge after 1 iterations.
[gmrf_wind_mapping_node-2] [GMRF] MAP Mean value estimated in 10.7268 milliseconds
[gmrf_wind_mapping_node-2] --> MAP did not converge after 1 iterations.
[gmrf_wind_mapping_node-2] [GMRF] MAP Mean value estimated in 10.7284 milliseconds
[gmrf_wind_mapping_node-2] --> MAP did not converge after 1 iterations.
[gmrf_wind_mapping_node-2] [GMRF] MAP Mean value estimated in 10.7279 milliseconds
[gmrf_wind_mapping_node-2] --> MAP did not converge after 1 iterations.
[gmrf_wind_mapping_node-2] [GMRF] MAP Mean value estimated in 10.7309 milliseconds
[gmrf_wind_mapping_node-2] --> MAP did not converge after 1 iterations.
[gmrf_wind_mapping_node-2] [GMRF] MAP Mean value estimated in 10.729 milliseconds
[gmrf_wind_mapping_node-2] --> MAP did not converge after 1 iterations.
[gmrf_wind_mapping_node-2] [GMRF] MAP Mean value estimated in 10.7264 milliseconds
[gmrf_wind_mapping_node-2] --> MAP did not converge after 1 iterations.
[gmrf_wind_mapping_node-2] [GMRF] MAP Mean value estimated in 10.7238 milliseconds
[gmrf_wind_mapping_node-2] --> MAP did not converge after 1 iterations.
[gmrf_wind_mapping_node-2] [GMRF] MAP Mean value estimated in 10.7219 milliseconds
[gsl_actionserver_node-3] [INFO] [1788890882.295376991] [GSL]: 10 gas measurements, 10 wind measurements over 1.90 seconds
[gsl_actionserver_node-3] [INFO] [1788890882.295437716] [GSL]: avg_gas=3.9;  avg_windSpeed=0.00091;  avg_wind_dir=-0.61
[gsl_actionserver_node-3] [INFO] [1788890882.295937803] [GSL]: [33mGAS HIT[0m
[gsl_actionserver_node-3] [INFO] [1788890882.295947838] [GSL]: [DEBUG-WIND] useGroundTruth=false gmrf_req_size=626 gaden_req_size=-1
[gsl_actionserver_node-3] [INFO] [1788890882.295954270] [GSL]: [DEBUG-WIND] Taking GMRF path
[gmrf_wind_mapping_node-2] --> MAP did not converge after 1 iterations.
[gmrf_wind_mapping_node-2] [GMRF] MAP Mean value estimated in 10.7193 milliseconds
[gsl_actionserver_node-3] [INFO] [1788890882.390332444] [GSL - Trace]: [32mEntering StopAndMeasure[0m
[gmrf_wind_mapping_node-2] --> MAP did not converge after 1 iterations.
[gmrf_wind_mapping_node-2] [GMRF] MAP Mean value estimated in 10.7168 milliseconds
[gmrf_wind_mapping_node-2] --> MAP did not converge after 1 iterations.
[gmrf_wind_mapping_node-2] [GMRF] MAP Mean value estimated in 10.7142 milliseconds
[gmrf_wind_mapping_node-2] --> MAP did not converge after 1 iterations.
[gmrf_wind_mapping_node-2] [GMRF] MAP Mean value estimated in 10.7109 milliseconds
[gmrf_wind_mapping_node-2] --> MAP did not converge after 1 iterations.
[gmrf_wind_mapping_node-2] [GMRF] MAP Mean value estimated in 10.7084 milliseconds
[gmrf_wind_mapping_node-2] --> MAP did not converge after 1 iterations.
[gmrf_wind_mapping_node-2] [GMRF] MAP Mean value estimated in 10.7079 milliseconds
[gmrf_wind_mapping_node-2] --> MAP did not converge after 1 iterations.
[gmrf_wind_mapping_node-2] [GMRF] MAP Mean value estimated in 10.7046 milliseconds
[gmrf_wind_mapping_node-2] --> MAP did not converge after 1 iterations.
[gmrf_wind_mapping_node-2] [GMRF] MAP Mean value estimated in 10.7021 milliseconds
[gmrf_wind_mapping_node-2] --> MAP did not converge after 1 iterations.
[gmrf_wind_mapping_node-2] [GMRF] MAP Mean value estimated in 10.7002 milliseconds
[gmrf_wind_mapping_node-2] --> MAP did not converge after 1 iterations.
[gmrf_wind_mapping_node-2] [GMRF] MAP Mean value estimated in 10.6977 milliseconds
[gmrf_wind_mapping_node-2] --> MAP did not converge after 1 iterations.
[gmrf_wind_mapping_node-2] [GMRF] MAP Mean value estimated in 10.6951 milliseconds
[gmrf_wind_mapping_node-2] --> MAP did not converge after 1 iterations.
[gmrf_wind_mapping_node-2] [GMRF] MAP Mean value estimated in 10.6926 milliseconds
[gmrf_wind_mapping_node-2] --> MAP did not converge after 1 iterations.
[gmrf_wind_mapping_node-2] [GMRF] MAP Mean value estimated in 10.69 milliseconds
[gmrf_wind_mapping_node-2] --> MAP did not converge after 1 iterations.
[gmrf_wind_mapping_node-2] [GMRF] MAP Mean value estimated in 10.6875 milliseconds
[gmrf_wind_mapping_node-2] --> MAP did not converge after 1 iterations.
[gmrf_wind_mapping_node-2] [GMRF] MAP Mean value estimated in 10.6857 milliseconds
[gmrf_wind_mapping_node-2] --> MAP did not converge after 1 iterations.
[gmrf_wind_mapping_node-2] [GMRF] MAP Mean value estimated in 10.6852 milliseconds
[gmrf_wind_mapping_node-2] --> MAP did not converge after 1 iterations.
[gmrf_wind_mapping_node-2] [GMRF] MAP Mean value estimated in 10.6854 milliseconds
[gmrf_wind_mapping_node-2] --> MAP did not converge after 1 iterations.
[gmrf_wind_mapping_node-2] [GMRF] MAP Mean value estimated in 10.6877 milliseconds
[gmrf_wind_mapping_node-2] --> MAP did not converge after 1 iterations.
[gmrf_wind_mapping_node-2] [GMRF] MAP Mean value estimated in 10.6886 milliseconds
[gmrf_wind_mapping_node-2] --> MAP did not converge after 1 iterations.
[gmrf_wind_mapping_node-2] [GMRF] MAP Mean value estimated in 10.6867 milliseconds
[gsl_actionserver_node-3] [INFO] [1788890884.295326824] [GSL]: 10 gas measurements, 10 wind measurements over 1.90 seconds
[gsl_actionserver_node-3] [INFO] [1788890884.295383226] [GSL]: avg_gas=3.9;  avg_windSpeed=0.00026;  avg_wind_dir=-0.23
[gsl_actionserver_node-3] [INFO] [1788890884.295992977] [GSL]: [33mGAS HIT[0m
[gsl_actionserver_node-3] [INFO] [1788890884.296270263] [GSL]: [DEBUG-WIND] useGroundTruth=false gmrf_req_size=626 gaden_req_size=-1
[gsl_actionserver_node-3] [INFO] [1788890884.296280460] [GSL]: [DEBUG-WIND] Taking GMRF path
[gmrf_wind_mapping_node-2] --> MAP did not converge after 1 iterations.
[gmrf_wind_mapping_node-2] [GMRF] MAP Mean value estimated in 10.6849 milliseconds
[gsl_actionserver_node-3] [INFO] [1788890884.390460320] [GSL - Trace]: [32mEntering StopAndMeasure[0m
[gmrf_wind_mapping_node-2] --> MAP did not converge after 1 iterations.
[gmrf_wind_mapping_node-2] [GMRF] MAP Mean value estimated in 10.6831 milliseconds
[gmrf_wind_mapping_node-2] --> MAP did not converge after 1 iterations.
[gmrf_wind_mapping_node-2] [GMRF] MAP Mean value estimated in 10.6805 milliseconds
[gmrf_wind_mapping_node-2] --> MAP did not converge after 1 iterations.
[gmrf_wind_mapping_node-2] [GMRF] MAP Mean value estimated in 10.678 milliseconds
[gmrf_wind_mapping_node-2] --> MAP did not converge after 1 iterations.
[gmrf_wind_mapping_node-2] [GMRF] MAP Mean value estimated in 10.6755 milliseconds
[gmrf_wind_mapping_node-2] --> MAP did not converge after 1 iterations.
[gmrf_wind_mapping_node-2] [GMRF] MAP Mean value estimated in 10.6812 milliseconds
[gmrf_wind_mapping_node-2] --> MAP did not converge after 1 iterations.
[gmrf_wind_mapping_node-2] [GMRF] MAP Mean value estimated in 10.6828 milliseconds
[gmrf_wind_mapping_node-2] --> MAP did not converge after 1 iterations.
[gmrf_wind_mapping_node-2] [GMRF] MAP Mean value estimated in 10.6844 milliseconds
[gmrf_wind_mapping_node-2] --> MAP did not converge after 1 iterations.
[gmrf_wind_mapping_node-2] [GMRF] MAP Mean value estimated in 10.6846 milliseconds
[gmrf_wind_mapping_node-2] --> MAP did not converge after 1 iterations.
[gmrf_wind_mapping_node-2] [GMRF] MAP Mean value estimated in 10.6861 milliseconds
[gmrf_wind_mapping_node-2] --> MAP did not converge after 1 iterations.
[gmrf_wind_mapping_node-2] [GMRF] MAP Mean value estimated in 10.6836 milliseconds
[gmrf_wind_mapping_node-2] --> MAP did not converge after 1 iterations.
[gmrf_wind_mapping_node-2] [GMRF] MAP Mean value estimated in 10.6825 milliseconds
[gmrf_wind_mapping_node-2] --> MAP did not converge after 1 iterations.
[gmrf_wind_mapping_node-2] [GMRF] MAP Mean value estimated in 10.68 milliseconds
[gmrf_wind_mapping_node-2] --> MAP did not converge after 1 iterations.
[gmrf_wind_mapping_node-2] [GMRF] MAP Mean value estimated in 10.6822 milliseconds
[gmrf_wind_mapping_node-2] --> MAP did not converge after 1 iterations.
[gmrf_wind_mapping_node-2] [GMRF] MAP Mean value estimated in 10.6818 milliseconds
[gmrf_wind_mapping_node-2] --> MAP did not converge after 1 iterations.
[gmrf_wind_mapping_node-2] [GMRF] MAP Mean value estimated in 10.68 milliseconds
[gmrf_wind_mapping_node-2] --> MAP did not converge after 1 iterations.
[gmrf_wind_mapping_node-2] [GMRF] MAP Mean value estimated in 10.6788 milliseconds
[gmrf_wind_mapping_node-2] --> MAP did not converge after 1 iterations.
[gmrf_wind_mapping_node-2] [GMRF] MAP Mean value estimated in 10.6811 milliseconds
[gmrf_wind_mapping_node-2] --> MAP did not converge after 1 iterations.
[gmrf_wind_mapping_node-2] [GMRF] MAP Mean value estimated in 10.6799 milliseconds
[gmrf_wind_mapping_node-2] --> MAP did not converge after 1 iterations.
[gmrf_wind_mapping_node-2] [GMRF] MAP Mean value estimated in 10.6822 milliseconds
[gmrf_wind_mapping_node-2] --> MAP did not converge after 1 iterations.
[gmrf_wind_mapping_node-2] [GMRF] MAP Mean value estimated in 10.6831 milliseconds
[gsl_actionserver_node-3] [INFO] [1788890886.345479042] [GSL]: 10 gas measurements, 10 wind measurements over 1.95 seconds
[gsl_actionserver_node-3] [INFO] [1788890886.345577704] [GSL]: avg_gas=3.9;  avg_windSpeed=0.00091;  avg_wind_dir=-0.61
[gsl_actionserver_node-3] [INFO] [1788890886.346403167] [GSL]: [33mGAS HIT[0m
[gsl_actionserver_node-3] [INFO] [1788890886.346418530] [GSL]: [DEBUG-WIND] useGroundTruth=false gmrf_req_size=626 gaden_req_size=-1
[gsl_actionserver_node-3] [INFO] [1788890886.346429174] [GSL]: [DEBUG-WIND] Taking GMRF path
[gsl_actionserver_node-3] [INFO] [1788890886.390684520] [GSL - Trace]: [32mEntering StopAndMeasure[0m
[gmrf_wind_mapping_node-2] --> MAP did not converge after 1 iterations.
[gmrf_wind_mapping_node-2] [GMRF] MAP Mean value estimated in 10.6846 milliseconds
[gmrf_wind_mapping_node-2] --> MAP did not converge after 1 iterations.
[gmrf_wind_mapping_node-2] [GMRF] MAP Mean value estimated in 10.6875 milliseconds
[gmrf_wind_mapping_node-2] --> MAP did not converge after 1 iterations.
[gmrf_wind_mapping_node-2] [GMRF] MAP Mean value estimated in 10.6904 milliseconds
[gmrf_wind_mapping_node-2] --> MAP did not converge after 1 iterations.
[gmrf_wind_mapping_node-2] [GMRF] MAP Mean value estimated in 10.69 milliseconds
[gmrf_wind_mapping_node-2] --> MAP did not converge after 1 iterations.
[gmrf_wind_mapping_node-2] [GMRF] MAP Mean value estimated in 10.6888 milliseconds
[gmrf_wind_mapping_node-2] --> MAP did not converge after 1 iterations.
[gmrf_wind_mapping_node-2] [GMRF] MAP Mean value estimated in 10.6897 milliseconds
[gmrf_wind_mapping_node-2] --> MAP did not converge after 1 iterations.
[gmrf_wind_mapping_node-2] [GMRF] MAP Mean value estimated in 10.6919 milliseconds
[gmrf_wind_mapping_node-2] --> MAP did not converge after 1 iterations.
[gmrf_wind_mapping_node-2] [GMRF] MAP Mean value estimated in 10.6908 milliseconds
[gmrf_wind_mapping_node-2] --> MAP did not converge after 1 iterations.
[gmrf_wind_mapping_node-2] [GMRF] MAP Mean value estimated in 10.691 milliseconds
[gmrf_wind_mapping_node-2] --> MAP did not converge after 1 iterations.
[gmrf_wind_mapping_node-2] [GMRF] MAP Mean value estimated in 10.6926 milliseconds
[gmrf_wind_mapping_node-2] --> MAP did not converge after 1 iterations.
[gmrf_wind_mapping_node-2] [GMRF] MAP Mean value estimated in 10.6948 milliseconds
[gmrf_wind_mapping_node-2] --> MAP did not converge after 1 iterations.
[gmrf_wind_mapping_node-2] [GMRF] MAP Mean value estimated in 10.6957 milliseconds
[gmrf_wind_mapping_node-2] --> MAP did not converge after 1 iterations.
[gmrf_wind_mapping_node-2] [GMRF] MAP Mean value estimated in 10.6979 milliseconds
[gmrf_wind_mapping_node-2] --> MAP did not converge after 1 iterations.
[gmrf_wind_mapping_node-2] [GMRF] MAP Mean value estimated in 10.6974 milliseconds
[gmrf_wind_mapping_node-2] --> MAP did not converge after 1 iterations.
[gmrf_wind_mapping_node-2] [GMRF] MAP Mean value estimated in 10.6996 milliseconds
[gmrf_wind_mapping_node-2] --> MAP did not converge after 1 iterations.
[gmrf_wind_mapping_node-2] [GMRF] MAP Mean value estimated in 10.7005 milliseconds
[gmrf_wind_mapping_node-2] --> MAP did not converge after 1 iterations.
[gmrf_wind_mapping_node-2] [GMRF] MAP Mean value estimated in 10.704 milliseconds
[gmrf_wind_mapping_node-2] --> MAP did not converge after 1 iterations.
[gmrf_wind_mapping_node-2] [GMRF] MAP Mean value estimated in 10.7035 milliseconds
[gmrf_wind_mapping_node-2] --> MAP did not converge after 1 iterations.
[gmrf_wind_mapping_node-2] [GMRF] MAP Mean value estimated in 10.7044 milliseconds
[gmrf_wind_mapping_node-2] --> MAP did not converge after 1 iterations.
[gmrf_wind_mapping_node-2] [GMRF] MAP Mean value estimated in 10.7046 milliseconds
[gsl_actionserver_node-3] [INFO] [1788890888.345672074] [GSL]: 10 gas measurements, 10 wind measurements over 1.95 seconds
[gsl_actionserver_node-3] [INFO] [1788890888.345800455] [GSL]: avg_gas=3.9;  avg_windSpeed=0.00026;  avg_wind_dir=-0.23
[gsl_actionserver_node-3] [INFO] [1788890888.347459626] [GSL]: [33mGAS HIT[0m
[gsl_actionserver_node-3] [INFO] [1788890888.347525066] [GSL]: [DEBUG-WIND] useGroundTruth=false gmrf_req_size=626 gaden_req_size=-1
[gsl_actionserver_node-3] [INFO] [1788890888.348213906] [GSL]: [DEBUG-WIND] Taking GMRF path
[gsl_actionserver_node-3] [INFO] [1788890888.390504756] [GSL]: [33mStarted simulations. Might take a while![0m
[gmrf_wind_mapping_node-2] --> MAP did not converge after 1 iterations.
[gmrf_wind_mapping_node-2] [GMRF] MAP Mean value estimated in 10.7061 milliseconds
[gmrf_wind_mapping_node-2] --> MAP did not converge after 1 iterations.
[gmrf_wind_mapping_node-2] [GMRF] MAP Mean value estimated in 10.7083 milliseconds
[gmrf_wind_mapping_node-2] --> MAP did not converge after 1 iterations.
[gmrf_wind_mapping_node-2] [GMRF] MAP Mean value estimated in 10.7092 milliseconds
[gmrf_wind_mapping_node-2] --> MAP did not converge after 1 iterations.
[gmrf_wind_mapping_node-2] [GMRF] MAP Mean value estimated in 10.7113 milliseconds
[gsl_actionserver_node-3] [INFO] [1788890888.768138877] [GSL]: CER contrastive context initialized: events=40, candidates=74, transport_members=3, fixed_ratio_weight=1, context_within_member=true, centered_log_odds=true, transport_pool=robust_log_variance
[gsl_actionserver_node-3] [INFO] [1788890888.769183038] [GSL - Trace]: [32mFirst simulation level done[0m
[gsl_actionserver_node-3] [INFO] [1788890888.769216272] [GSL]: [RC2-DIAG] scores_size=74 refineFraction=0.25 refine_product=18.5 valid_first_level=74 sum_sourceProbInternal_before_norm=84.1830884367526 min_sourceProbInternal_before_norm=0 max_sourceProbInternal_before_norm=0.999200279944007 finite_sourceProbInternal=1102 finite_varianceOfHitProb=1102
[gmrf_wind_mapping_node-2] --> MAP did not converge after 1 iterations.
[gmrf_wind_mapping_node-2] [GMRF] MAP Mean value estimated in 10.7122 milliseconds
[gmrf_wind_mapping_node-2] --> MAP did not converge after 1 iterations.
[gmrf_wind_mapping_node-2] [GMRF] MAP Mean value estimated in 10.7131 milliseconds
[gmrf_wind_mapping_node-2] --> MAP did not converge after 1 iterations.
[gmrf_wind_mapping_node-2] [GMRF] MAP Mean value estimated in 10.7172 milliseconds
[gsl_actionserver_node-3] [INFO] [1788890889.096329176] [GSL - Trace]: [32mSimulation level 2 done[0m
[gmrf_wind_mapping_node-2] --> MAP did not converge after 1 iterations.
[gmrf_wind_mapping_node-2] [GMRF] MAP Mean value estimated in 10.7161 milliseconds
[gmrf_wind_mapping_node-2] --> MAP did not converge after 1 iterations.
[gmrf_wind_mapping_node-2] [GMRF] MAP Mean value estimated in 10.7176 milliseconds
[gmrf_wind_mapping_node-2] --> MAP did not converge after 1 iterations.
[gmrf_wind_mapping_node-2] [GMRF] MAP Mean value estimated in 10.7191 milliseconds
[gsl_actionserver_node-3] [INFO] [1788890889.320345115] [GSL - Trace]: [32mSimulation level 3 done[0m
[gmrf_wind_mapping_node-2] --> MAP did not converge after 1 iterations.
[gmrf_wind_mapping_node-2] [GMRF] MAP Mean value estimated in 10.7173 milliseconds
[gsl_actionserver_node-3] [INFO] [1788890889.419538156] [GSL - Trace]: [32mSimulation level 4 done[0m
[gsl_actionserver_node-3] [INFO] [1788890889.419598286] [GSL - Trace]: [32mSimulation level 5 done[0m
[gsl_actionserver_node-3] [INFO] [1788890889.419607376] [GSL]: Number of levels in the simulation: 5
[gsl_actionserver_node-3] [INFO] [1788890889.419613750] [GSL]: Total number of simulations: 202
[gsl_actionserver_node-3] [INFO] [1788890889.419633945] [GSL]: CORE sequential event-time commit: window_start=32, new_events=8, committed_total=40
[gsl_actionserver_node-3] [INFO] [1788890889.419646473] [GSL]: [RC2-DIAG] normalized_finite_count=1102 normalized_sum=1
[gsl_actionserver_node-3] [INFO] [1788890889.419653562] [GSL]: Time ellapsed in simulation = 1.029069033 s
[gsl_actionserver_node-3] [INFO] [1788890889.422737631] [GSL]: Max mutual info: 2.478
[gsl_actionserver_node-3] [INFO] [1788890889.422830368] [GSL]: MutualInformation - Ellapsed: 0.003s
[vgr_sim_node-1] [WARN] [1788890889.429075537] [vgr_uav_sim]: PLAN_CB: called with goal=(0.10,-7.13)
[vgr_sim_node-1] [WARN] [1788890889.431472743] [vgr_uav_sim]: PLAN_CB: returning 4 poses
[vgr_sim_node-1] [WARN] [1788890889.441163802] [vgr_uav_sim]: PLAN_CB: called with goal=(0.10,-7.13)
[vgr_sim_node-1] [WARN] [1788890889.442059318] [vgr_uav_sim]: PLAN_CB: returning 4 poses
[gsl_actionserver_node-3] [INFO] [1788890889.451757152] [GSL]: Sending goal (0.10, -7.13)
[gsl_actionserver_node-3] [INFO] [1788890889.452229972] [GSL]: Variance: 6.15
[gsl_actionserver_node-3] [INFO] [1788890889.452252706] [GSL - Trace]: [32mEntering Moving[0m
[vgr_sim_node-1] [INFO] [1788890889.453313131] [vgr_uav_sim]: Prepared 4 collision-free navigation waypoints to (0.10, -7.13)
[vgr_sim_node-1] [INFO] [1788890889.454586008] [vgr_uav_sim]: UAV navigating in audited 2-D mode to (0.10, -7.13, 0.30)
[gmrf_wind_mapping_node-2] --> MAP did not converge after 1 iterations.
[gmrf_wind_mapping_node-2] [GMRF] MAP Mean value estimated in 10.7188 milliseconds
[gmrf_wind_mapping_node-2] --> MAP did not converge after 1 iterations.
[gmrf_wind_mapping_node-2] [GMRF] MAP Mean value estimated in 10.7216 milliseconds
[gmrf_wind_mapping_node-2] --> MAP did not converge after 1 iterations.
[gmrf_wind_mapping_node-2] [GMRF] MAP Mean value estimated in 10.7205 milliseconds
[gmrf_wind_mapping_node-2] --> MAP did not converge after 1 iterations.
[gmrf_wind_mapping_node-2] [GMRF] MAP Mean value estimated in 10.7213 milliseconds
[gmrf_wind_mapping_node-2] --> MAP did not converge after 1 iterations.
[gmrf_wind_mapping_node-2] [GMRF] MAP Mean value estimated in 10.7215 milliseconds
[gmrf_wind_mapping_node-2] --> MAP did not converge after 1 iterations.
[gmrf_wind_mapping_node-2] [GMRF] MAP Mean value estimated in 10.7243 milliseconds
[gsl_actionserver_node-3] [INFO] [1788890890.013590553] [GSL - Trace]: [32mEntering StopAndMeasure[0m
[gmrf_wind_mapping_node-2] --> MAP did not converge after 1 iterations.
[gmrf_wind_mapping_node-2] [GMRF] MAP Mean value estimated in 10.7219 milliseconds
[gmrf_wind_mapping_node-2] --> MAP did not converge after 1 iterations.
[gmrf_wind_mapping_node-2] [GMRF] MAP Mean value estimated in 10.724 milliseconds
[gmrf_wind_mapping_node-2] --> MAP did not converge after 1 iterations.
[gmrf_wind_mapping_node-2] [GMRF] MAP Mean value estimated in 10.7242 milliseconds
[gmrf_wind_mapping_node-2] --> MAP did not converge after 1 iterations.
[gmrf_wind_mapping_node-2] [GMRF] MAP Mean value estimated in 10.7218 milliseconds
[gmrf_wind_mapping_node-2] --> MAP did not converge after 1 iterations.
[gmrf_wind_mapping_node-2] [GMRF] MAP Mean value estimated in 10.722 milliseconds
[gmrf_wind_mapping_node-2] --> MAP did not converge after 1 iterations.
[gmrf_wind_mapping_node-2] [GMRF] MAP Mean value estimated in 10.7228 milliseconds
[gmrf_wind_mapping_node-2] --> MAP did not converge after 1 iterations.
[gmrf_wind_mapping_node-2] [GMRF] MAP Mean value estimated in 10.721 milliseconds
[gmrf_wind_mapping_node-2] --> MAP did not converge after 1 iterations.
[gmrf_wind_mapping_node-2] [GMRF] MAP Mean value estimated in 10.7238 milliseconds
[gmrf_wind_mapping_node-2] --> MAP did not converge after 1 iterations.
[gmrf_wind_mapping_node-2] [GMRF] MAP Mean value estimated in 10.7227 milliseconds
[gmrf_wind_mapping_node-2] --> MAP did not converge after 1 iterations.
[gmrf_wind_mapping_node-2] [GMRF] MAP Mean value estimated in 10.7222 milliseconds
[gmrf_wind_mapping_node-2] --> MAP did not converge after 1 iterations.
[gmrf_wind_mapping_node-2] [GMRF] MAP Mean value estimated in 10.7211 milliseconds
[gmrf_wind_mapping_node-2] --> MAP did not converge after 1 iterations.
[gmrf_wind_mapping_node-2] [GMRF] MAP Mean value estimated in 10.7226 milliseconds
[gmrf_wind_mapping_node-2] --> MAP did not converge after 1 iterations.
[gmrf_wind_mapping_node-2] [GMRF] MAP Mean value estimated in 10.7241 milliseconds
[gmrf_wind_mapping_node-2] --> MAP did not converge after 1 iterations.
[gmrf_wind_mapping_node-2] [GMRF] MAP Mean value estimated in 10.7262 milliseconds
[gmrf_wind_mapping_node-2] --> MAP did not converge after 1 iterations.
[gmrf_wind_mapping_node-2] [GMRF] MAP Mean value estimated in 10.7283 milliseconds
[gmrf_wind_mapping_node-2] --> MAP did not converge after 1 iterations.
[gmrf_wind_mapping_node-2] [GMRF] MAP Mean value estimated in 10.7298 milliseconds
[gmrf_wind_mapping_node-2] --> MAP did not converge after 1 iterations.
[gmrf_wind_mapping_node-2] [GMRF] MAP Mean value estimated in 10.7306 milliseconds
[gmrf_wind_mapping_node-2] --> MAP did not converge after 1 iterations.
[gmrf_wind_mapping_node-2] [GMRF] MAP Mean value estimated in 10.7315 milliseconds
[gmrf_wind_mapping_node-2] --> MAP did not converge after 1 iterations.
[gmrf_wind_mapping_node-2] [GMRF] MAP Mean value estimated in 10.7316 milliseconds
[gsl_actionserver_node-3] [INFO] [1788890891.947391091] [GSL]: 10 gas measurements, 10 wind measurements over 1.93 seconds
[gsl_actionserver_node-3] [INFO] [1788890891.948068381] [GSL]: avg_gas=3;  avg_windSpeed=0.00063;  avg_wind_dir=-0.41
[gsl_actionserver_node-3] [INFO] [1788890891.948957353] [GSL]: [33mGAS HIT[0m
[gsl_actionserver_node-3] [INFO] [1788890891.948974518] [GSL]: [DEBUG-WIND] useGroundTruth=false gmrf_req_size=626 gaden_req_size=-1
[gsl_actionserver_node-3] [INFO] [1788890891.948986583] [GSL]: [DEBUG-WIND] Taking GMRF path
[gsl_actionserver_node-3] [INFO] [1788890891.991037578] [GSL - Trace]: [32mEntering StopAndMeasure[0m
[gmrf_wind_mapping_node-2] --> MAP did not converge after 1 iterations.
[gmrf_wind_mapping_node-2] [GMRF] MAP Mean value estimated in 10.7338 milliseconds
[gmrf_wind_mapping_node-2] --> MAP did not converge after 1 iterations.
[gmrf_wind_mapping_node-2] [GMRF] MAP Mean value estimated in 10.7352 milliseconds
[gmrf_wind_mapping_node-2] --> MAP did not converge after 1 iterations.
[gmrf_wind_mapping_node-2] [GMRF] MAP Mean value estimated in 10.7328 milliseconds
[gmrf_wind_mapping_node-2] --> MAP did not converge after 1 iterations.
[gmrf_wind_mapping_node-2] [GMRF] MAP Mean value estimated in 10.733 milliseconds
[gmrf_wind_mapping_node-2] --> MAP did not converge after 1 iterations.
[gmrf_wind_mapping_node-2] [GMRF] MAP Mean value estimated in 10.7306 milliseconds
[gmrf_wind_mapping_node-2] --> MAP did not converge after 1 iterations.
[gmrf_wind_mapping_node-2] [GMRF] MAP Mean value estimated in 10.7288 milliseconds
[gmrf_wind_mapping_node-2] --> MAP did not converge after 1 iterations.
[gmrf_wind_mapping_node-2] [GMRF] MAP Mean value estimated in 10.7264 milliseconds
[gmrf_wind_mapping_node-2] --> MAP did not converge after 1 iterations.
[gmrf_wind_mapping_node-2] [GMRF] MAP Mean value estimated in 10.7253 milliseconds
[gmrf_wind_mapping_node-2] --> MAP did not converge after 1 iterations.
[gmrf_wind_mapping_node-2] [GMRF] MAP Mean value estimated in 10.7242 milliseconds
[gmrf_wind_mapping_node-2] --> MAP did not converge after 1 iterations.
[gmrf_wind_mapping_node-2] [GMRF] MAP Mean value estimated in 10.7243 milliseconds
[gmrf_wind_mapping_node-2] --> MAP did not converge after 1 iterations.
[gmrf_wind_mapping_node-2] [GMRF] MAP Mean value estimated in 10.7252 milliseconds
[gmrf_wind_mapping_node-2] --> MAP did not converge after 1 iterations.
[gmrf_wind_mapping_node-2] [GMRF] MAP Mean value estimated in 10.7247 milliseconds
[gmrf_wind_mapping_node-2] --> MAP did not converge after 1 iterations.
[gmrf_wind_mapping_node-2] [GMRF] MAP Mean value estimated in 10.7274 milliseconds
[gmrf_wind_mapping_node-2] --> MAP did not converge after 1 iterations.
[gmrf_wind_mapping_node-2] [GMRF] MAP Mean value estimated in 10.7289 milliseconds
[gmrf_wind_mapping_node-2] --> MAP did not converge after 1 iterations.
[gmrf_wind_mapping_node-2] [GMRF] MAP Mean value estimated in 10.7304 milliseconds
[gmrf_wind_mapping_node-2] --> MAP did not converge after 1 iterations.
[gmrf_wind_mapping_node-2] [GMRF] MAP Mean value estimated in 10.7305 milliseconds
[gmrf_wind_mapping_node-2] --> MAP did not converge after 1 iterations.
[gmrf_wind_mapping_node-2] [GMRF] MAP Mean value estimated in 10.732 milliseconds
[gmrf_wind_mapping_node-2] --> MAP did not converge after 1 iterations.
[gmrf_wind_mapping_node-2] [GMRF] MAP Mean value estimated in 10.7322 milliseconds
[gmrf_wind_mapping_node-2] --> MAP did not converge after 1 iterations.
[gmrf_wind_mapping_node-2] [GMRF] MAP Mean value estimated in 10.7336 milliseconds
[gmrf_wind_mapping_node-2] --> MAP did not converge after 1 iterations.
[gmrf_wind_mapping_node-2] [GMRF] MAP Mean value estimated in 10.7325 milliseconds
[gsl_actionserver_node-3] [INFO] [1788890893.953551334] [GSL]: 10 gas measurements, 10 wind measurements over 1.96 seconds
[gsl_actionserver_node-3] [INFO] [1788890893.953659156] [GSL]: avg_gas=2.4;  avg_windSpeed=0.00086;  avg_wind_dir=-0.62
[gsl_actionserver_node-3] [INFO] [1788890893.954909715] [GSL]: [33mGAS HIT[0m
[gsl_actionserver_node-3] [INFO] [1788890893.954963625] [GSL]: [DEBUG-WIND] useGroundTruth=false gmrf_req_size=626 gaden_req_size=-1
[gsl_actionserver_node-3] [INFO] [1788890893.954976701] [GSL]: [DEBUG-WIND] Taking GMRF path
[gsl_actionserver_node-3] [INFO] [1788890893.991160982] [GSL - Trace]: [32mEntering StopAndMeasure[0m
[gmrf_wind_mapping_node-2] --> MAP did not converge after 1 iterations.
[gmrf_wind_mapping_node-2] [GMRF] MAP Mean value estimated in 10.7353 milliseconds
[gmrf_wind_mapping_node-2] --> MAP did not converge after 1 iterations.
[gmrf_wind_mapping_node-2] [GMRF] MAP Mean value estimated in 10.7335 milliseconds
[gmrf_wind_mapping_node-2] --> MAP did not converge after 1 iterations.
[gmrf_wind_mapping_node-2] [GMRF] MAP Mean value estimated in 10.7343 milliseconds
[gmrf_wind_mapping_node-2] --> MAP did not converge after 1 iterations.
[gmrf_wind_mapping_node-2] [GMRF] MAP Mean value estimated in 10.7338 milliseconds
[gmrf_wind_mapping_node-2] --> MAP did not converge after 1 iterations.
[gmrf_wind_mapping_node-2] [GMRF] MAP Mean value estimated in 10.7347 milliseconds
[gmrf_wind_mapping_node-2] --> MAP did not converge after 1 iterations.
[gmrf_wind_mapping_node-2] [GMRF] MAP Mean value estimated in 10.7355 milliseconds
[gmrf_wind_mapping_node-2] --> MAP did not converge after 1 iterations.
[gmrf_wind_mapping_node-2] [GMRF] MAP Mean value estimated in 10.7344 milliseconds
[gmrf_wind_mapping_node-2] --> MAP did not converge after 1 iterations.
[gmrf_wind_mapping_node-2] [GMRF] MAP Mean value estimated in 10.7332 milliseconds
[gmrf_wind_mapping_node-2] --> MAP did not converge after 1 iterations.
[gmrf_wind_mapping_node-2] [GMRF] MAP Mean value estimated in 10.7347 milliseconds
[gmrf_wind_mapping_node-2] --> MAP did not converge after 1 iterations.
[gmrf_wind_mapping_node-2] [GMRF] MAP Mean value estimated in 10.7342 milliseconds
[gmrf_wind_mapping_node-2] --> MAP did not converge after 1 iterations.
[gmrf_wind_mapping_node-2] [GMRF] MAP Mean value estimated in 10.7338 milliseconds
[gmrf_wind_mapping_node-2] --> MAP did not converge after 1 iterations.
[gmrf_wind_mapping_node-2] [GMRF] MAP Mean value estimated in 10.7314 milliseconds
[gmrf_wind_mapping_node-2] --> MAP did not converge after 1 iterations.
[gmrf_wind_mapping_node-2] [GMRF] MAP Mean value estimated in 10.7341 milliseconds
[gmrf_wind_mapping_node-2] --> MAP did not converge after 1 iterations.
[gmrf_wind_mapping_node-2] [GMRF] MAP Mean value estimated in 10.7343 milliseconds
[gmrf_wind_mapping_node-2] --> MAP did not converge after 1 iterations.
[gmrf_wind_mapping_node-2] [GMRF] MAP Mean value estimated in 10.7351 milliseconds
[gmrf_wind_mapping_node-2] --> MAP did not converge after 1 iterations.
[gmrf_wind_mapping_node-2] [GMRF] MAP Mean value estimated in 10.7365 milliseconds
[gmrf_wind_mapping_node-2] --> MAP did not converge after 1 iterations.
[gmrf_wind_mapping_node-2] [GMRF] MAP Mean value estimated in 10.7348 milliseconds
[gmrf_wind_mapping_node-2] --> MAP did not converge after 1 iterations.
[gmrf_wind_mapping_node-2] [GMRF] MAP Mean value estimated in 10.7337 milliseconds
[gmrf_wind_mapping_node-2] --> MAP did not converge after 1 iterations.
[gmrf_wind_mapping_node-2] [GMRF] MAP Mean value estimated in 10.737 milliseconds
[gmrf_wind_mapping_node-2] --> MAP did not converge after 1 iterations.
[gmrf_wind_mapping_node-2] [GMRF] MAP Mean value estimated in 10.7378 milliseconds
[gsl_actionserver_node-3] [INFO] [1788890895.953543656] [GSL]: 10 gas measurements, 10 wind measurements over 1.96 seconds
[gsl_actionserver_node-3] [INFO] [1788890895.954277142] [GSL]: avg_gas=2.3;  avg_windSpeed=0.00063;  avg_wind_dir=-0.41
[gsl_actionserver_node-3] [INFO] [1788890895.955426851] [GSL]: [33mGAS HIT[0m
[gsl_actionserver_node-3] [INFO] [1788890895.955448992] [GSL]: [DEBUG-WIND] useGroundTruth=false gmrf_req_size=626 gaden_req_size=-1
[gsl_actionserver_node-3] [INFO] [1788890895.955463209] [GSL]: [DEBUG-WIND] Taking GMRF path
[gsl_actionserver_node-3] [INFO] [1788890895.991115260] [GSL - Trace]: [32mEntering StopAndMeasure[0m
[gmrf_wind_mapping_node-2] --> MAP did not converge after 1 iterations.
[gmrf_wind_mapping_node-2] [GMRF] MAP Mean value estimated in 10.7418 milliseconds
[gmrf_wind_mapping_node-2] --> MAP did not converge after 1 iterations.
[gmrf_wind_mapping_node-2] [GMRF] MAP Mean value estimated in 10.74 milliseconds
[gmrf_wind_mapping_node-2] --> MAP did not converge after 1 iterations.
[gmrf_wind_mapping_node-2] [GMRF] MAP Mean value estimated in 10.7421 milliseconds
[gmrf_wind_mapping_node-2] --> MAP did not converge after 1 iterations.
[gmrf_wind_mapping_node-2] [GMRF] MAP Mean value estimated in 10.7448 milliseconds
[gmrf_wind_mapping_node-2] --> MAP did not converge after 1 iterations.
[gmrf_wind_mapping_node-2] [GMRF] MAP Mean value estimated in 10.7462 milliseconds
[gmrf_wind_mapping_node-2] --> MAP did not converge after 1 iterations.
[gmrf_wind_mapping_node-2] [GMRF] MAP Mean value estimated in 10.7438 milliseconds
[gmrf_wind_mapping_node-2] --> MAP did not converge after 1 iterations.
[gmrf_wind_mapping_node-2] [GMRF] MAP Mean value estimated in 10.7459 milliseconds
[gmrf_wind_mapping_node-2] --> MAP did not converge after 1 iterations.
[gmrf_wind_mapping_node-2] [GMRF] MAP Mean value estimated in 10.7442 milliseconds
[gmrf_wind_mapping_node-2] --> MAP did not converge after 1 iterations.
[gmrf_wind_mapping_node-2] [GMRF] MAP Mean value estimated in 10.7418 milliseconds
[gmrf_wind_mapping_node-2] --> MAP did not converge after 1 iterations.
[gmrf_wind_mapping_node-2] [GMRF] MAP Mean value estimated in 10.742 milliseconds
[gmrf_wind_mapping_node-2] --> MAP did not converge after 1 iterations.
[gmrf_wind_mapping_node-2] [GMRF] MAP Mean value estimated in 10.7428 milliseconds
[gmrf_wind_mapping_node-2] --> MAP did not converge after 1 iterations.
[gmrf_wind_mapping_node-2] [GMRF] MAP Mean value estimated in 10.7423 milliseconds
[gmrf_wind_mapping_node-2] --> MAP did not converge after 1 iterations.
[gmrf_wind_mapping_node-2] [GMRF] MAP Mean value estimated in 10.7425 milliseconds
[gmrf_wind_mapping_node-2] --> MAP did not converge after 1 iterations.
[gmrf_wind_mapping_node-2] [GMRF] MAP Mean value estimated in 10.7433 milliseconds
[gmrf_wind_mapping_node-2] --> MAP did not converge after 1 iterations.
[gmrf_wind_mapping_node-2] [GMRF] MAP Mean value estimated in 10.7434 milliseconds
[gmrf_wind_mapping_node-2] --> MAP did not converge after 1 iterations.
[gmrf_wind_mapping_node-2] [GMRF] MAP Mean value estimated in 10.7423 milliseconds
[gmrf_wind_mapping_node-2] --> MAP did not converge after 1 iterations.
[gmrf_wind_mapping_node-2] [GMRF] MAP Mean value estimated in 10.74 milliseconds
[gmrf_wind_mapping_node-2] --> MAP did not converge after 1 iterations.
[gmrf_wind_mapping_node-2] [GMRF] MAP Mean value estimated in 10.7376 milliseconds
[gmrf_wind_mapping_node-2] --> MAP did not converge after 1 iterations.
[gmrf_wind_mapping_node-2] [GMRF] MAP Mean value estimated in 10.7347 milliseconds
[gmrf_wind_mapping_node-2] --> MAP did not converge after 1 iterations.
[gmrf_wind_mapping_node-2] [GMRF] MAP Mean value estimated in 10.7323 milliseconds
[gsl_actionserver_node-3] [INFO] [1788890897.953406818] [GSL]: 10 gas measurements, 10 wind measurements over 1.96 seconds
[gsl_actionserver_node-3] [INFO] [1788890897.953467081] [GSL]: avg_gas=2.3;  avg_windSpeed=0.00086;  avg_wind_dir=-0.62
[gsl_actionserver_node-3] [INFO] [1788890897.953972182] [GSL]: [33mGAS HIT[0m
[gsl_actionserver_node-3] [INFO] [1788890897.953982122] [GSL]: [DEBUG-WIND] useGroundTruth=false gmrf_req_size=626 gaden_req_size=-1
[gsl_actionserver_node-3] [INFO] [1788890897.953988484] [GSL]: [DEBUG-WIND] Taking GMRF path
[gsl_actionserver_node-3] [INFO] [1788890897.990425497] [GSL - Trace]: [32mEntering StopAndMeasure[0m
[gmrf_wind_mapping_node-2] --> MAP did not converge after 1 iterations.
[gmrf_wind_mapping_node-2] [GMRF] MAP Mean value estimated in 10.7306 milliseconds
[gmrf_wind_mapping_node-2] --> MAP did not converge after 1 iterations.
[gmrf_wind_mapping_node-2] [GMRF] MAP Mean value estimated in 10.7289 milliseconds
[gmrf_wind_mapping_node-2] --> MAP did not converge after 1 iterations.
[gmrf_wind_mapping_node-2] [GMRF] MAP Mean value estimated in 10.7278 milliseconds
[gmrf_wind_mapping_node-2] --> MAP did not converge after 1 iterations.
[gmrf_wind_mapping_node-2] [GMRF] MAP Mean value estimated in 10.728 milliseconds
[gmrf_wind_mapping_node-2] --> MAP did not converge after 1 iterations.
[gmrf_wind_mapping_node-2] [GMRF] MAP Mean value estimated in 10.7263 milliseconds
[gmrf_wind_mapping_node-2] --> MAP did not converge after 1 iterations.
[gmrf_wind_mapping_node-2] [GMRF] MAP Mean value estimated in 10.724 milliseconds
[gmrf_wind_mapping_node-2] --> MAP did not converge after 1 iterations.
[gmrf_wind_mapping_node-2] [GMRF] MAP Mean value estimated in 10.7254 milliseconds
[gmrf_wind_mapping_node-2] --> MAP did not converge after 1 iterations.
[gmrf_wind_mapping_node-2] [GMRF] MAP Mean value estimated in 10.7243 milliseconds
[gmrf_wind_mapping_node-2] --> MAP did not converge after 1 iterations.
[gmrf_wind_mapping_node-2] [GMRF] MAP Mean value estimated in 10.7264 milliseconds
[gmrf_wind_mapping_node-2] --> MAP did not converge after 1 iterations.
[gmrf_wind_mapping_node-2] [GMRF] MAP Mean value estimated in 10.7247 milliseconds
[gmrf_wind_mapping_node-2] --> MAP did not converge after 1 iterations.
[gmrf_wind_mapping_node-2] [GMRF] MAP Mean value estimated in 10.7267 milliseconds
[gmrf_wind_mapping_node-2] --> MAP did not converge after 1 iterations.
[gmrf_wind_mapping_node-2] [GMRF] MAP Mean value estimated in 10.7256 milliseconds
[gmrf_wind_mapping_node-2] --> MAP did not converge after 1 iterations.
[gmrf_wind_mapping_node-2] [GMRF] MAP Mean value estimated in 10.7283 milliseconds
[gmrf_wind_mapping_node-2] --> MAP did not converge after 1 iterations.
[gmrf_wind_mapping_node-2] [GMRF] MAP Mean value estimated in 10.7303 milliseconds
[gmrf_wind_mapping_node-2] --> MAP did not converge after 1 iterations.
[gmrf_wind_mapping_node-2] [GMRF] MAP Mean value estimated in 10.7286 milliseconds
[gmrf_wind_mapping_node-2] --> MAP did not converge after 1 iterations.
[gmrf_wind_mapping_node-2] [GMRF] MAP Mean value estimated in 10.7288 milliseconds
[gmrf_wind_mapping_node-2] --> MAP did not converge after 1 iterations.
[gmrf_wind_mapping_node-2] [GMRF] MAP Mean value estimated in 10.7283 milliseconds
[gmrf_wind_mapping_node-2] --> MAP did not converge after 1 iterations.
[gmrf_wind_mapping_node-2] [GMRF] MAP Mean value estimated in 10.7267 milliseconds
[gmrf_wind_mapping_node-2] --> MAP did not converge after 1 iterations.
[gmrf_wind_mapping_node-2] [GMRF] MAP Mean value estimated in 10.7281 milliseconds
[gmrf_wind_mapping_node-2] --> MAP did not converge after 1 iterations.
[gmrf_wind_mapping_node-2] [GMRF] MAP Mean value estimated in 10.7295 milliseconds
[gsl_actionserver_node-3] [INFO] [1788890899.953593215] [GSL]: 10 gas measurements, 10 wind measurements over 1.96 seconds
[gsl_actionserver_node-3] [INFO] [1788890899.954456339] [GSL]: avg_gas=2.3;  avg_windSpeed=0.00063;  avg_wind_dir=-0.41
[gsl_actionserver_node-3] [INFO] [1788890899.955675352] [GSL]: [33mGAS HIT[0m
[gsl_actionserver_node-3] [INFO] [1788890899.955708164] [GSL]: [DEBUG-WIND] useGroundTruth=false gmrf_req_size=626 gaden_req_size=-1
[gsl_actionserver_node-3] [INFO] [1788890899.955718222] [GSL]: [DEBUG-WIND] Taking GMRF path
[gsl_actionserver_node-3] [INFO] [1788890899.990612668] [GSL - Trace]: [32mEntering StopAndMeasure[0m
[gmrf_wind_mapping_node-2] --> MAP did not converge after 1 iterations.
[gmrf_wind_mapping_node-2] [GMRF] MAP Mean value estimated in 10.7315 milliseconds
[gmrf_wind_mapping_node-2] --> MAP did not converge after 1 iterations.
[gmrf_wind_mapping_node-2] [GMRF] MAP Mean value estimated in 10.7292 milliseconds
[gmrf_wind_mapping_node-2] --> MAP did not converge after 1 iterations.
[gmrf_wind_mapping_node-2] [GMRF] MAP Mean value estimated in 10.7318 milliseconds
[gmrf_wind_mapping_node-2] --> MAP did not converge after 1 iterations.
[gmrf_wind_mapping_node-2] [GMRF] MAP Mean value estimated in 10.7301 milliseconds
[gmrf_wind_mapping_node-2] --> MAP did not converge after 1 iterations.
[gmrf_wind_mapping_node-2] [GMRF] MAP Mean value estimated in 10.7315 milliseconds
[gmrf_wind_mapping_node-2] --> MAP did not converge after 1 iterations.
[gmrf_wind_mapping_node-2] [GMRF] MAP Mean value estimated in 10.7335 milliseconds
[gmrf_wind_mapping_node-2] --> MAP did not converge after 1 iterations.
[gmrf_wind_mapping_node-2] [GMRF] MAP Mean value estimated in 10.7312 milliseconds
[gmrf_wind_mapping_node-2] --> MAP did not converge after 1 iterations.
[gmrf_wind_mapping_node-2] [GMRF] MAP Mean value estimated in 10.7302 milliseconds
[gmrf_wind_mapping_node-2] --> MAP did not converge after 1 iterations.
[gmrf_wind_mapping_node-2] [GMRF] MAP Mean value estimated in 10.7316 milliseconds
[gmrf_wind_mapping_node-2] --> MAP did not converge after 1 iterations.
[gmrf_wind_mapping_node-2] [GMRF] MAP Mean value estimated in 10.7299 milliseconds
[gmrf_wind_mapping_node-2] --> MAP did not converge after 1 iterations.
[gmrf_wind_mapping_node-2] [GMRF] MAP Mean value estimated in 10.7331 milliseconds
[gmrf_wind_mapping_node-2] --> MAP did not converge after 1 iterations.
[gmrf_wind_mapping_node-2] [GMRF] MAP Mean value estimated in 10.7315 milliseconds
[gmrf_wind_mapping_node-2] --> MAP did not converge after 1 iterations.
[gmrf_wind_mapping_node-2] [GMRF] MAP Mean value estimated in 10.7341 milliseconds
[gmrf_wind_mapping_node-2] --> MAP did not converge after 1 iterations.
[gmrf_wind_mapping_node-2] [GMRF] MAP Mean value estimated in 10.7342 milliseconds
[gmrf_wind_mapping_node-2] --> MAP did not converge after 1 iterations.
[gmrf_wind_mapping_node-2] [GMRF] MAP Mean value estimated in 10.7319 milliseconds
[gmrf_wind_mapping_node-2] --> MAP did not converge after 1 iterations.
[gmrf_wind_mapping_node-2] [GMRF] MAP Mean value estimated in 10.7297 milliseconds
[gmrf_wind_mapping_node-2] --> MAP did not converge after 1 iterations.
[gmrf_wind_mapping_node-2] [GMRF] MAP Mean value estimated in 10.7268 milliseconds
[gmrf_wind_mapping_node-2] --> MAP did not converge after 1 iterations.
[gmrf_wind_mapping_node-2] [GMRF] MAP Mean value estimated in 10.7251 milliseconds
[gmrf_wind_mapping_node-2] --> MAP did not converge after 1 iterations.
[gmrf_wind_mapping_node-2] [GMRF] MAP Mean value estimated in 10.7234 milliseconds
[gmrf_wind_mapping_node-2] --> MAP did not converge after 1 iterations.
[gmrf_wind_mapping_node-2] [GMRF] MAP Mean value estimated in 10.7218 milliseconds
[gsl_actionserver_node-3] [INFO] [1788890901.953347160] [GSL]: 10 gas measurements, 10 wind measurements over 1.96 seconds
[gsl_actionserver_node-3] [INFO] [1788890901.953409162] [GSL]: avg_gas=2.3;  avg_windSpeed=0.00086;  avg_wind_dir=-0.62
[gsl_actionserver_node-3] [INFO] [1788890901.953914562] [GSL]: [33mGAS HIT[0m
[gsl_actionserver_node-3] [INFO] [1788890901.953925073] [GSL]: [DEBUG-WIND] useGroundTruth=false gmrf_req_size=626 gaden_req_size=-1
[gsl_actionserver_node-3] [INFO] [1788890901.953931583] [GSL]: [DEBUG-WIND] Taking GMRF path
[gsl_actionserver_node-3] [INFO] [1788890901.990469434] [GSL - Trace]: [32mEntering StopAndMeasure[0m
[gmrf_wind_mapping_node-2] --> MAP did not converge after 1 iterations.
[gmrf_wind_mapping_node-2] [GMRF] MAP Mean value estimated in 10.7189 milliseconds
[gmrf_wind_mapping_node-2] --> MAP did not converge after 1 iterations.
[gmrf_wind_mapping_node-2] [GMRF] MAP Mean value estimated in 10.716 milliseconds
[gmrf_wind_mapping_node-2] --> MAP did not converge after 1 iterations.
[gmrf_wind_mapping_node-2] [GMRF] MAP Mean value estimated in 10.7144 milliseconds
[gmrf_wind_mapping_node-2] --> MAP did not converge after 1 iterations.
[gmrf_wind_mapping_node-2] [GMRF] MAP Mean value estimated in 10.7133 milliseconds
[gmrf_wind_mapping_node-2] --> MAP did not converge after 1 iterations.
[gmrf_wind_mapping_node-2] [GMRF] MAP Mean value estimated in 10.7117 milliseconds
[gmrf_wind_mapping_node-2] --> MAP did not converge after 1 iterations.
[gmrf_wind_mapping_node-2] [GMRF] MAP Mean value estimated in 10.7094 milliseconds
[gmrf_wind_mapping_node-2] --> MAP did not converge after 1 iterations.
[gmrf_wind_mapping_node-2] [GMRF] MAP Mean value estimated in 10.7066 milliseconds
[gmrf_wind_mapping_node-2] --> MAP did not converge after 1 iterations.
[gmrf_wind_mapping_node-2] [GMRF] MAP Mean value estimated in 10.7049 milliseconds
[gmrf_wind_mapping_node-2] --> MAP did not converge after 1 iterations.
[gmrf_wind_mapping_node-2] [GMRF] MAP Mean value estimated in 10.7075 milliseconds
[gmrf_wind_mapping_node-2] --> MAP did not converge after 1 iterations.
[gmrf_wind_mapping_node-2] [GMRF] MAP Mean value estimated in 10.7065 milliseconds
[gmrf_wind_mapping_node-2] --> MAP did not converge after 1 iterations.
[gmrf_wind_mapping_node-2] [GMRF] MAP Mean value estimated in 10.7079 milliseconds
[gmrf_wind_mapping_node-2] --> MAP did not converge after 1 iterations.
[gmrf_wind_mapping_node-2] [GMRF] MAP Mean value estimated in 10.7062 milliseconds
[gmrf_wind_mapping_node-2] --> MAP did not converge after 1 iterations.
[gmrf_wind_mapping_node-2] [GMRF] MAP Mean value estimated in 10.7082 milliseconds
[gmrf_wind_mapping_node-2] --> MAP did not converge after 1 iterations.
[gmrf_wind_mapping_node-2] [GMRF] MAP Mean value estimated in 10.7072 milliseconds
[gmrf_wind_mapping_node-2] --> MAP did not converge after 1 iterations.
[gmrf_wind_mapping_node-2] [GMRF] MAP Mean value estimated in 10.7068 milliseconds
[gmrf_wind_mapping_node-2] --> MAP did not converge after 1 iterations.
[gmrf_wind_mapping_node-2] [GMRF] MAP Mean value estimated in 10.7088 milliseconds
[gmrf_wind_mapping_node-2] --> MAP did not converge after 1 iterations.
[gmrf_wind_mapping_node-2] [GMRF] MAP Mean value estimated in 10.7114 milliseconds
[gmrf_wind_mapping_node-2] --> MAP did not converge after 1 iterations.
[gmrf_wind_mapping_node-2] [GMRF] MAP Mean value estimated in 10.7097 milliseconds
[gmrf_wind_mapping_node-2] --> MAP did not converge after 1 iterations.
[gmrf_wind_mapping_node-2] [GMRF] MAP Mean value estimated in 10.7117 milliseconds
[gmrf_wind_mapping_node-2] --> MAP did not converge after 1 iterations.
[gmrf_wind_mapping_node-2] [GMRF] MAP Mean value estimated in 10.7125 milliseconds
[gsl_actionserver_node-3] [INFO] [1788890903.953558064] [GSL]: 10 gas measurements, 10 wind measurements over 1.96 seconds
[gsl_actionserver_node-3] [INFO] [1788890903.953683597] [GSL]: avg_gas=2.3;  avg_windSpeed=0.00063;  avg_wind_dir=-0.41
[gsl_actionserver_node-3] [INFO] [1788890903.955118455] [GSL]: [33mGAS HIT[0m
[gsl_actionserver_node-3] [INFO] [1788890903.955151700] [GSL]: [DEBUG-WIND] useGroundTruth=false gmrf_req_size=626 gaden_req_size=-1
[gsl_actionserver_node-3] [INFO] [1788890903.955162962] [GSL]: [DEBUG-WIND] Taking GMRF path
[gsl_actionserver_node-3] [INFO] [1788890903.990908936] [GSL - Trace]: [32mEntering StopAndMeasure[0m
[gmrf_wind_mapping_node-2] --> MAP did not converge after 1 iterations.
[gmrf_wind_mapping_node-2] [GMRF] MAP Mean value estimated in 10.7157 milliseconds
[gmrf_wind_mapping_node-2] --> MAP did not converge after 1 iterations.
[gmrf_wind_mapping_node-2] [GMRF] MAP Mean value estimated in 10.7164 milliseconds
[gmrf_wind_mapping_node-2] --> MAP did not converge after 1 iterations.
[gmrf_wind_mapping_node-2] [GMRF] MAP Mean value estimated in 10.7178 milliseconds
[gmrf_wind_mapping_node-2] --> MAP did not converge after 1 iterations.
[gmrf_wind_mapping_node-2] [GMRF] MAP Mean value estimated in 10.7174 milliseconds
[gmrf_wind_mapping_node-2] --> MAP did not converge after 1 iterations.
[gmrf_wind_mapping_node-2] [GMRF] MAP Mean value estimated in 10.7194 milliseconds
[gmrf_wind_mapping_node-2] --> MAP did not converge after 1 iterations.
[gmrf_wind_mapping_node-2] [GMRF] MAP Mean value estimated in 10.7195 milliseconds
[gmrf_wind_mapping_node-2] --> MAP did not converge after 1 iterations.
[gmrf_wind_mapping_node-2] [GMRF] MAP Mean value estimated in 10.7203 milliseconds
[gmrf_wind_mapping_node-2] --> MAP did not converge after 1 iterations.
[gmrf_wind_mapping_node-2] [GMRF] MAP Mean value estimated in 10.7187 milliseconds
[gmrf_wind_mapping_node-2] --> MAP did not converge after 1 iterations.
[gmrf_wind_mapping_node-2] [GMRF] MAP Mean value estimated in 10.72 milliseconds
[gmrf_wind_mapping_node-2] --> MAP did not converge after 1 iterations.
[gmrf_wind_mapping_node-2] [GMRF] MAP Mean value estimated in 10.7196 milliseconds
[gmrf_wind_mapping_node-2] --> MAP did not converge after 1 iterations.
[gmrf_wind_mapping_node-2] [GMRF] MAP Mean value estimated in 10.7216 milliseconds
[gmrf_wind_mapping_node-2] --> MAP did not converge after 1 iterations.
[gmrf_wind_mapping_node-2] [GMRF] MAP Mean value estimated in 10.7193 milliseconds
[gmrf_wind_mapping_node-2] --> MAP did not converge after 1 iterations.
[gmrf_wind_mapping_node-2] [GMRF] MAP Mean value estimated in 10.7183 milliseconds
[gmrf_wind_mapping_node-2] --> MAP did not converge after 1 iterations.
[gmrf_wind_mapping_node-2] [GMRF] MAP Mean value estimated in 10.7179 milliseconds
[gmrf_wind_mapping_node-2] --> MAP did not converge after 1 iterations.
[gmrf_wind_mapping_node-2] [GMRF] MAP Mean value estimated in 10.718 milliseconds
[gmrf_wind_mapping_node-2] --> MAP did not converge after 1 iterations.
[gmrf_wind_mapping_node-2] [GMRF] MAP Mean value estimated in 10.7164 milliseconds
[gmrf_wind_mapping_node-2] --> MAP did not converge after 1 iterations.
[gmrf_wind_mapping_node-2] [GMRF] MAP Mean value estimated in 10.7166 milliseconds
[gmrf_wind_mapping_node-2] --> MAP did not converge after 1 iterations.
[gmrf_wind_mapping_node-2] [GMRF] MAP Mean value estimated in 10.7144 milliseconds
[gmrf_wind_mapping_node-2] --> MAP did not converge after 1 iterations.
[gmrf_wind_mapping_node-2] [GMRF] MAP Mean value estimated in 10.7122 milliseconds
[gmrf_wind_mapping_node-2] --> MAP did not converge after 1 iterations.
[gmrf_wind_mapping_node-2] [GMRF] MAP Mean value estimated in 10.7099 milliseconds
[gsl_actionserver_node-3] [INFO] [1788890905.953386885] [GSL]: 10 gas measurements, 10 wind measurements over 1.96 seconds
[gsl_actionserver_node-3] [INFO] [1788890905.953455909] [GSL]: avg_gas=2.3;  avg_windSpeed=0.00086;  avg_wind_dir=-0.62
[gsl_actionserver_node-3] [INFO] [1788890905.953964422] [GSL]: [33mGAS HIT[0m
[gsl_actionserver_node-3] [INFO] [1788890905.953974486] [GSL]: [DEBUG-WIND] useGroundTruth=false gmrf_req_size=626 gaden_req_size=-1
[gsl_actionserver_node-3] [INFO] [1788890905.953981031] [GSL]: [DEBUG-WIND] Taking GMRF path
[gsl_actionserver_node-3] [INFO] [1788890905.990376403] [GSL]: [33mStarted simulations. Might take a while![0m
[gmrf_wind_mapping_node-2] --> MAP did not converge after 1 iterations.
[gmrf_wind_mapping_node-2] [GMRF] MAP Mean value estimated in 10.7077 milliseconds
[gmrf_wind_mapping_node-2] --> MAP did not converge after 1 iterations.
[gmrf_wind_mapping_node-2] [GMRF] MAP Mean value estimated in 10.7097 milliseconds
[gmrf_wind_mapping_node-2] --> MAP did not converge after 1 iterations.
[gmrf_wind_mapping_node-2] [GMRF] MAP Mean value estimated in 10.714 milliseconds
[gmrf_wind_mapping_node-2] --> MAP did not converge after 1 iterations.
[gmrf_wind_mapping_node-2] [GMRF] MAP Mean value estimated in 10.7166 milliseconds
[gsl_actionserver_node-3] [INFO] [1788890906.353021059] [GSL]: CER contrastive context initialized: events=48, candidates=74, transport_members=3, fixed_ratio_weight=1, context_within_member=true, centered_log_odds=true, transport_pool=robust_log_variance
[gsl_actionserver_node-3] [INFO] [1788890906.354187067] [GSL - Trace]: [32mFirst simulation level done[0m
[gsl_actionserver_node-3] [INFO] [1788890906.354219297] [GSL]: [RC2-DIAG] scores_size=74 refineFraction=0.25 refine_product=18.5 valid_first_level=74 sum_sourceProbInternal_before_norm=86.77138514250626 min_sourceProbInternal_before_norm=0 max_sourceProbInternal_before_norm=0.999200279944007 finite_sourceProbInternal=1102 finite_varianceOfHitProb=1102
[gmrf_wind_mapping_node-2] --> MAP did not converge after 1 iterations.
[gmrf_wind_mapping_node-2] [GMRF] MAP Mean value estimated in 10.7197 milliseconds
[gmrf_wind_mapping_node-2] --> MAP did not converge after 1 iterations.
[gmrf_wind_mapping_node-2] [GMRF] MAP Mean value estimated in 10.7211 milliseconds
[gmrf_wind_mapping_node-2] --> MAP did not converge after 1 iterations.
[gmrf_wind_mapping_node-2] [GMRF] MAP Mean value estimated in 10.7254 milliseconds
[gsl_actionserver_node-3] [INFO] [1788890906.677002763] [GSL - Trace]: [32mSimulation level 2 done[0m
[gmrf_wind_mapping_node-2] --> MAP did not converge after 1 iterations.
[gmrf_wind_mapping_node-2] [GMRF] MAP Mean value estimated in 10.7279 milliseconds
[gmrf_wind_mapping_node-2] --> MAP did not converge after 1 iterations.
[gmrf_wind_mapping_node-2] [GMRF] MAP Mean value estimated in 10.7299 milliseconds
[gmrf_wind_mapping_node-2] --> MAP did not converge after 1 iterations.
[gmrf_wind_mapping_node-2] [GMRF] MAP Mean value estimated in 10.7282 milliseconds
[gsl_actionserver_node-3] [INFO] [1788890906.909616059] [GSL - Trace]: [32mSimulation level 3 done[0m
[gmrf_wind_mapping_node-2] --> MAP did not converge after 1 iterations.
[gmrf_wind_mapping_node-2] [GMRF] MAP Mean value estimated in 10.7266 milliseconds
[gsl_actionserver_node-3] [INFO] [1788890907.004145196] [GSL - Trace]: [32mSimulation level 4 done[0m
[gsl_actionserver_node-3] [INFO] [1788890907.004202695] [GSL - Trace]: [32mSimulation level 5 done[0m
[gsl_actionserver_node-3] [INFO] [1788890907.004212177] [GSL]: Number of levels in the simulation: 5
[gsl_actionserver_node-3] [INFO] [1788890907.004218702] [GSL]: Total number of simulations: 202
[gsl_actionserver_node-3] [INFO] [1788890907.004239116] [GSL]: CORE sequential event-time commit: window_start=40, new_events=8, committed_total=48
[gsl_actionserver_node-3] [INFO] [1788890907.004470663] [GSL]: [RC2-DIAG] normalized_finite_count=1102 normalized_sum=1
[gsl_actionserver_node-3] [INFO] [1788890907.004481469] [GSL]: Time ellapsed in simulation = 1.014041094 s
[gsl_actionserver_node-3] [INFO] [1788890907.007501121] [GSL]: Max mutual info: 2.503
[gsl_actionserver_node-3] [INFO] [1788890907.007601898] [GSL]: MutualInformation - Ellapsed: 0.003s
[vgr_sim_node-1] [WARN] [1788890907.010548139] [vgr_uav_sim]: PLAN_CB: called with goal=(0.70,-7.13)
[vgr_sim_node-1] [WARN] [1788890907.011389353] [vgr_uav_sim]: PLAN_CB: returning 4 poses
[vgr_sim_node-1] [WARN] [1788890907.019456315] [vgr_uav_sim]: PLAN_CB: called with goal=(0.70,-7.13)
[vgr_sim_node-1] [WARN] [1788890907.020641683] [vgr_uav_sim]: PLAN_CB: returning 4 poses
[gsl_actionserver_node-3] [INFO] [1788890907.031330381] [GSL]: Sending goal (0.70, -7.13)
[gsl_actionserver_node-3] [INFO] [1788890907.032268964] [GSL]: Variance: 1.40
[gsl_actionserver_node-3] [INFO] [1788890907.032296086] [GSL - Trace]: [32mEntering Moving[0m
[vgr_sim_node-1] [INFO] [1788890907.033151848] [vgr_uav_sim]: Prepared 4 collision-free navigation waypoints to (0.70, -7.13)
[vgr_sim_node-1] [INFO] [1788890907.034425377] [vgr_uav_sim]: UAV navigating in audited 2-D mode to (0.70, -7.13, 0.30)
[gmrf_wind_mapping_node-2] --> MAP did not converge after 1 iterations.
[gmrf_wind_mapping_node-2] [GMRF] MAP Mean value estimated in 10.7268 milliseconds
[gmrf_wind_mapping_node-2] --> MAP did not converge after 1 iterations.
[gmrf_wind_mapping_node-2] [GMRF] MAP Mean value estimated in 10.7264 milliseconds
[gmrf_wind_mapping_node-2] --> MAP did not converge after 1 iterations.
[gmrf_wind_mapping_node-2] [GMRF] MAP Mean value estimated in 10.7247 milliseconds
[gmrf_wind_mapping_node-2] --> MAP did not converge after 1 iterations.
[gmrf_wind_mapping_node-2] [GMRF] MAP Mean value estimated in 10.7255 milliseconds
[gmrf_wind_mapping_node-2] --> MAP did not converge after 1 iterations.
[gmrf_wind_mapping_node-2] [GMRF] MAP Mean value estimated in 10.7268 milliseconds
[gsl_actionserver_node-3] [INFO] [1788890907.593609010] [GSL - Trace]: [32mEntering StopAndMeasure[0m
[gmrf_wind_mapping_node-2] --> MAP did not converge after 1 iterations.
[gmrf_wind_mapping_node-2] [GMRF] MAP Mean value estimated in 10.7282 milliseconds
[gmrf_wind_mapping_node-2] --> MAP did not converge after 1 iterations.
[gmrf_wind_mapping_node-2] [GMRF] MAP Mean value estimated in 10.7272 milliseconds
[gmrf_wind_mapping_node-2] --> MAP did not converge after 1 iterations.
[gmrf_wind_mapping_node-2] [GMRF] MAP Mean value estimated in 10.7256 milliseconds
[gmrf_wind_mapping_node-2] --> MAP did not converge after 1 iterations.
[gmrf_wind_mapping_node-2] [GMRF] MAP Mean value estimated in 10.7251 milliseconds
[gmrf_wind_mapping_node-2] --> MAP did not converge after 1 iterations.
[gmrf_wind_mapping_node-2] [GMRF] MAP Mean value estimated in 10.7276 milliseconds
[gmrf_wind_mapping_node-2] --> MAP did not converge after 1 iterations.
[gmrf_wind_mapping_node-2] [GMRF] MAP Mean value estimated in 10.726 milliseconds
[gmrf_wind_mapping_node-2] --> MAP did not converge after 1 iterations.
[gmrf_wind_mapping_node-2] [GMRF] MAP Mean value estimated in 10.728 milliseconds
[gmrf_wind_mapping_node-2] --> MAP did not converge after 1 iterations.
[gmrf_wind_mapping_node-2] [GMRF] MAP Mean value estimated in 10.7275 milliseconds
[gmrf_wind_mapping_node-2] --> MAP did not converge after 1 iterations.
[gmrf_wind_mapping_node-2] [GMRF] MAP Mean value estimated in 10.7289 milliseconds
[gmrf_wind_mapping_node-2] --> MAP did not converge after 1 iterations.
[gmrf_wind_mapping_node-2] [GMRF] MAP Mean value estimated in 10.7273 milliseconds
[gmrf_wind_mapping_node-2] --> MAP did not converge after 1 iterations.
[gmrf_wind_mapping_node-2] [GMRF] MAP Mean value estimated in 10.7251 milliseconds
[gmrf_wind_mapping_node-2] --> MAP did not converge after 1 iterations.
[gmrf_wind_mapping_node-2] [GMRF] MAP Mean value estimated in 10.7241 milliseconds
[gmrf_wind_mapping_node-2] --> MAP did not converge after 1 iterations.
[gmrf_wind_mapping_node-2] [GMRF] MAP Mean value estimated in 10.7242 milliseconds
[gmrf_wind_mapping_node-2] --> MAP did not converge after 1 iterations.
[gmrf_wind_mapping_node-2] [GMRF] MAP Mean value estimated in 10.725 milliseconds
[gmrf_wind_mapping_node-2] --> MAP did not converge after 1 iterations.
[gmrf_wind_mapping_node-2] [GMRF] MAP Mean value estimated in 10.7275 milliseconds
[gmrf_wind_mapping_node-2] --> MAP did not converge after 1 iterations.
[gmrf_wind_mapping_node-2] [GMRF] MAP Mean value estimated in 10.7253 milliseconds
[gmrf_wind_mapping_node-2] --> MAP did not converge after 1 iterations.
[gmrf_wind_mapping_node-2] [GMRF] MAP Mean value estimated in 10.7284 milliseconds
[gmrf_wind_mapping_node-2] --> MAP did not converge after 1 iterations.
[gmrf_wind_mapping_node-2] [GMRF] MAP Mean value estimated in 10.728 milliseconds
[gmrf_wind_mapping_node-2] --> MAP did not converge after 1 iterations.
[gmrf_wind_mapping_node-2] [GMRF] MAP Mean value estimated in 10.7293 milliseconds
[gmrf_wind_mapping_node-2] --> MAP did not converge after 1 iterations.
[gmrf_wind_mapping_node-2] [GMRF] MAP Mean value estimated in 10.7312 milliseconds
[gsl_actionserver_node-3] [INFO] [1788890909.521695489] [GSL]: 10 gas measurements, 10 wind measurements over 1.93 seconds
[gsl_actionserver_node-3] [INFO] [1788890909.521795375] [GSL]: avg_gas=1.8;  avg_windSpeed=0.00076;  avg_wind_dir=-1
[gsl_actionserver_node-3] [INFO] [1788890909.522887670] [GSL]: [33mGAS HIT[0m
[gsl_actionserver_node-3] [INFO] [1788890909.522930734] [GSL]: [DEBUG-WIND] useGroundTruth=false gmrf_req_size=626 gaden_req_size=-1
[gsl_actionserver_node-3] [INFO] [1788890909.522942176] [GSL]: [DEBUG-WIND] Taking GMRF path
[gsl_actionserver_node-3] [INFO] [1788890909.590612611] [GSL - Trace]: [32mEntering StopAndMeasure[0m
[gmrf_wind_mapping_node-2] --> MAP did not converge after 1 iterations.
[gmrf_wind_mapping_node-2] [GMRF] MAP Mean value estimated in 10.7296 milliseconds
[gmrf_wind_mapping_node-2] --> MAP did not converge after 1 iterations.
[gmrf_wind_mapping_node-2] [GMRF] MAP Mean value estimated in 10.728 milliseconds
[gmrf_wind_mapping_node-2] --> MAP did not converge after 1 iterations.
[gmrf_wind_mapping_node-2] [GMRF] MAP Mean value estimated in 10.7264 milliseconds
[gmrf_wind_mapping_node-2] --> MAP did not converge after 1 iterations.
[gmrf_wind_mapping_node-2] [GMRF] MAP Mean value estimated in 10.7243 milliseconds
[gmrf_wind_mapping_node-2] --> MAP did not converge after 1 iterations.
[gmrf_wind_mapping_node-2] [GMRF] MAP Mean value estimated in 10.7227 milliseconds
[gmrf_wind_mapping_node-2] --> MAP did not converge after 1 iterations.
[gmrf_wind_mapping_node-2] [GMRF] MAP Mean value estimated in 10.7205 milliseconds
[gmrf_wind_mapping_node-2] --> MAP did not converge after 1 iterations.
[gmrf_wind_mapping_node-2] [GMRF] MAP Mean value estimated in 10.7189 milliseconds
[gmrf_wind_mapping_node-2] --> MAP did not converge after 1 iterations.
[gmrf_wind_mapping_node-2] [GMRF] MAP Mean value estimated in 10.7174 milliseconds
[gmrf_wind_mapping_node-2] --> MAP did not converge after 1 iterations.
[gmrf_wind_mapping_node-2] [GMRF] MAP Mean value estimated in 10.7152 milliseconds
[gmrf_wind_mapping_node-2] --> MAP did not converge after 1 iterations.
[gmrf_wind_mapping_node-2] [GMRF] MAP Mean value estimated in 10.713 milliseconds
[gmrf_wind_mapping_node-2] --> MAP did not converge after 1 iterations.
[gmrf_wind_mapping_node-2] [GMRF] MAP Mean value estimated in 10.7121 milliseconds
[gmrf_wind_mapping_node-2] --> MAP did not converge after 1 iterations.
[gmrf_wind_mapping_node-2] [GMRF] MAP Mean value estimated in 10.7105 milliseconds
[gmrf_wind_mapping_node-2] --> MAP did not converge after 1 iterations.
[gmrf_wind_mapping_node-2] [GMRF] MAP Mean value estimated in 10.7124 milliseconds
[gmrf_wind_mapping_node-2] --> MAP did not converge after 1 iterations.
[gmrf_wind_mapping_node-2] [GMRF] MAP Mean value estimated in 10.7102 milliseconds
[gmrf_wind_mapping_node-2] --> MAP did not converge after 1 iterations.
[gmrf_wind_mapping_node-2] [GMRF] MAP Mean value estimated in 10.7127 milliseconds
[gmrf_wind_mapping_node-2] --> MAP did not converge after 1 iterations.
[gmrf_wind_mapping_node-2] [GMRF] MAP Mean value estimated in 10.7106 milliseconds
[gmrf_wind_mapping_node-2] --> MAP did not converge after 1 iterations.
[gmrf_wind_mapping_node-2] [GMRF] MAP Mean value estimated in 10.7125 milliseconds
[gmrf_wind_mapping_node-2] --> MAP did not converge after 1 iterations.
[gmrf_wind_mapping_node-2] [GMRF] MAP Mean value estimated in 10.7132 milliseconds
[gmrf_wind_mapping_node-2] --> MAP did not converge after 1 iterations.
[gmrf_wind_mapping_node-2] [GMRF] MAP Mean value estimated in 10.7151 milliseconds
[gmrf_wind_mapping_node-2] --> MAP did not converge after 1 iterations.
[gmrf_wind_mapping_node-2] [GMRF] MAP Mean value estimated in 10.7141 milliseconds
[gsl_actionserver_node-3] [INFO] [1788890911.533689592] [GSL]: 10 gas measurements, 10 wind measurements over 1.94 seconds
[gsl_actionserver_node-3] [INFO] [1788890911.533924627] [GSL]: avg_gas=1.5;  avg_windSpeed=0.00082;  avg_wind_dir=-0.72
[gsl_actionserver_node-3] [INFO] [1788890911.535036147] [GSL]: [33mGAS HIT[0m
[gsl_actionserver_node-3] [INFO] [1788890911.535055685] [GSL]: [DEBUG-WIND] useGroundTruth=false gmrf_req_size=626 gaden_req_size=-1
[gsl_actionserver_node-3] [INFO] [1788890911.535070251] [GSL]: [DEBUG-WIND] Taking GMRF path
[gsl_actionserver_node-3] [INFO] [1788890911.590974431] [GSL - Trace]: [32mEntering StopAndMeasure[0m
[gmrf_wind_mapping_node-2] --> MAP did not converge after 1 iterations.
[gmrf_wind_mapping_node-2] [GMRF] MAP Mean value estimated in 10.7172 milliseconds
[gmrf_wind_mapping_node-2] --> MAP did not converge after 1 iterations.
[gmrf_wind_mapping_node-2] [GMRF] MAP Mean value estimated in 10.715 milliseconds
[gmrf_wind_mapping_node-2] --> MAP did not converge after 1 iterations.
[gmrf_wind_mapping_node-2] [GMRF] MAP Mean value estimated in 10.7163 milliseconds
[gmrf_wind_mapping_node-2] --> MAP did not converge after 1 iterations.
[gmrf_wind_mapping_node-2] [GMRF] MAP Mean value estimated in 10.7165 milliseconds
[gmrf_wind_mapping_node-2] --> MAP did not converge after 1 iterations.
[gmrf_wind_mapping_node-2] [GMRF] MAP Mean value estimated in 10.7161 milliseconds
[gmrf_wind_mapping_node-2] --> MAP did not converge after 1 iterations.
[gmrf_wind_mapping_node-2] [GMRF] MAP Mean value estimated in 10.714 milliseconds
[gmrf_wind_mapping_node-2] --> MAP did not converge after 1 iterations.
[gmrf_wind_mapping_node-2] [GMRF] MAP Mean value estimated in 10.7118 milliseconds
[gmrf_wind_mapping_node-2] --> MAP did not converge after 1 iterations.
[gmrf_wind_mapping_node-2] [GMRF] MAP Mean value estimated in 10.7097 milliseconds
[gmrf_wind_mapping_node-2] --> MAP did not converge after 1 iterations.
[gmrf_wind_mapping_node-2] [GMRF] MAP Mean value estimated in 10.7116 milliseconds
[gmrf_wind_mapping_node-2] --> MAP did not converge after 1 iterations.
[gmrf_wind_mapping_node-2] [GMRF] MAP Mean value estimated in 10.7123 milliseconds
[gmrf_wind_mapping_node-2] --> MAP did not converge after 1 iterations.
[gmrf_wind_mapping_node-2] [GMRF] MAP Mean value estimated in 10.7113 milliseconds
[gmrf_wind_mapping_node-2] --> MAP did not converge after 1 iterations.
[gmrf_wind_mapping_node-2] [GMRF] MAP Mean value estimated in 10.7104 milliseconds
[gmrf_wind_mapping_node-2] --> MAP did not converge after 1 iterations.
[gmrf_wind_mapping_node-2] [GMRF] MAP Mean value estimated in 10.7105 milliseconds
[gmrf_wind_mapping_node-2] --> MAP did not converge after 1 iterations.
[gmrf_wind_mapping_node-2] [GMRF] MAP Mean value estimated in 10.7113 milliseconds
[gmrf_wind_mapping_node-2] --> MAP did not converge after 1 iterations.
[gmrf_wind_mapping_node-2] [GMRF] MAP Mean value estimated in 10.712 milliseconds
[gmrf_wind_mapping_node-2] --> MAP did not converge after 1 iterations.
[gmrf_wind_mapping_node-2] [GMRF] MAP Mean value estimated in 10.7105 milliseconds
[gmrf_wind_mapping_node-2] --> MAP did not converge after 1 iterations.
[gmrf_wind_mapping_node-2] [GMRF] MAP Mean value estimated in 10.7083 milliseconds
[gmrf_wind_mapping_node-2] --> MAP did not converge after 1 iterations.
[gmrf_wind_mapping_node-2] [GMRF] MAP Mean value estimated in 10.7085 milliseconds
[gmrf_wind_mapping_node-2] --> MAP did not converge after 1 iterations.
[gmrf_wind_mapping_node-2] [GMRF] MAP Mean value estimated in 10.7087 milliseconds
[gmrf_wind_mapping_node-2] --> MAP did not converge after 1 iterations.
[gmrf_wind_mapping_node-2] [GMRF] MAP Mean value estimated in 10.7083 milliseconds
[gsl_actionserver_node-3] [INFO] [1788890913.533736020] [GSL]: 10 gas measurements, 10 wind measurements over 1.94 seconds
[gsl_actionserver_node-3] [INFO] [1788890913.533805446] [GSL]: avg_gas=1.5;  avg_windSpeed=0.00076;  avg_wind_dir=-1
[gsl_actionserver_node-3] [INFO] [1788890913.534313056] [GSL]: [33mGAS HIT[0m
[gsl_actionserver_node-3] [INFO] [1788890913.534322820] [GSL]: [DEBUG-WIND] useGroundTruth=false gmrf_req_size=626 gaden_req_size=-1
[gsl_actionserver_node-3] [INFO] [1788890913.534329382] [GSL]: [DEBUG-WIND] Taking GMRF path
[gsl_actionserver_node-3] [INFO] [1788890913.591219356] [GSL - Trace]: [32mEntering StopAndMeasure[0m
[gmrf_wind_mapping_node-2] --> MAP did not converge after 1 iterations.
[gmrf_wind_mapping_node-2] [GMRF] MAP Mean value estimated in 10.7096 milliseconds
[gmrf_wind_mapping_node-2] --> MAP did not converge after 1 iterations.
[gmrf_wind_mapping_node-2] [GMRF] MAP Mean value estimated in 10.7086 milliseconds
[gmrf_wind_mapping_node-2] --> MAP did not converge after 1 iterations.
[gmrf_wind_mapping_node-2] [GMRF] MAP Mean value estimated in 10.711 milliseconds
[gmrf_wind_mapping_node-2] --> MAP did not converge after 1 iterations.
[gmrf_wind_mapping_node-2] [GMRF] MAP Mean value estimated in 10.7101 milliseconds
[gmrf_wind_mapping_node-2] --> MAP did not converge after 1 iterations.
[gmrf_wind_mapping_node-2] [GMRF] MAP Mean value estimated in 10.7119 milliseconds
[gmrf_wind_mapping_node-2] --> MAP did not converge after 1 iterations.
[gmrf_wind_mapping_node-2] [GMRF] MAP Mean value estimated in 10.7098 milliseconds
[gmrf_wind_mapping_node-2] --> MAP did not converge after 1 iterations.
[gmrf_wind_mapping_node-2] [GMRF] MAP Mean value estimated in 10.7111 milliseconds
[gmrf_wind_mapping_node-2] --> MAP did not converge after 1 iterations.
[gmrf_wind_mapping_node-2] [GMRF] MAP Mean value estimated in 10.7136 milliseconds
[gmrf_wind_mapping_node-2] --> MAP did not converge after 1 iterations.
[gmrf_wind_mapping_node-2] [GMRF] MAP Mean value estimated in 10.7143 milliseconds
[gmrf_wind_mapping_node-2] --> MAP did not converge after 1 iterations.
[gmrf_wind_mapping_node-2] [GMRF] MAP Mean value estimated in 10.7156 milliseconds
[gmrf_wind_mapping_node-2] --> MAP did not converge after 1 iterations.
[gmrf_wind_mapping_node-2] [GMRF] MAP Mean value estimated in 10.7135 milliseconds
[gmrf_wind_mapping_node-2] --> MAP did not converge after 1 iterations.
[gmrf_wind_mapping_node-2] [GMRF] MAP Mean value estimated in 10.7125 milliseconds
[gmrf_wind_mapping_node-2] --> MAP did not converge after 1 iterations.
[gmrf_wind_mapping_node-2] [GMRF] MAP Mean value estimated in 10.7104 milliseconds
[gmrf_wind_mapping_node-2] --> MAP did not converge after 1 iterations.
[gmrf_wind_mapping_node-2] [GMRF] MAP Mean value estimated in 10.7094 milliseconds
[gmrf_wind_mapping_node-2] --> MAP did not converge after 1 iterations.
[gmrf_wind_mapping_node-2] [GMRF] MAP Mean value estimated in 10.7136 milliseconds
[gmrf_wind_mapping_node-2] --> MAP did not converge after 1 iterations.
[gmrf_wind_mapping_node-2] [GMRF] MAP Mean value estimated in 10.7115 milliseconds
[gmrf_wind_mapping_node-2] --> MAP did not converge after 1 iterations.
[gmrf_wind_mapping_node-2] [GMRF] MAP Mean value estimated in 10.7111 milliseconds
[gmrf_wind_mapping_node-2] --> MAP did not converge after 1 iterations.
[gmrf_wind_mapping_node-2] [GMRF] MAP Mean value estimated in 10.7095 milliseconds
[gmrf_wind_mapping_node-2] --> MAP did not converge after 1 iterations.
[gmrf_wind_mapping_node-2] [GMRF] MAP Mean value estimated in 10.708 milliseconds
[gmrf_wind_mapping_node-2] --> MAP did not converge after 1 iterations.
[gmrf_wind_mapping_node-2] [GMRF] MAP Mean value estimated in 10.7059 milliseconds
[gsl_actionserver_node-3] [INFO] [1788890915.533543996] [GSL]: 10 gas measurements, 10 wind measurements over 1.94 seconds
[gsl_actionserver_node-3] [INFO] [1788890915.533612708] [GSL]: avg_gas=1.5;  avg_windSpeed=0.00082;  avg_wind_dir=-0.72
[gsl_actionserver_node-3] [INFO] [1788890915.534191146] [GSL]: [33mGAS HIT[0m
[gsl_actionserver_node-3] [INFO] [1788890915.534221375] [GSL]: [DEBUG-WIND] useGroundTruth=false gmrf_req_size=626 gaden_req_size=-1
[gsl_actionserver_node-3] [INFO] [1788890915.534228753] [GSL]: [DEBUG-WIND] Taking GMRF path
[gsl_actionserver_node-3] [INFO] [1788890915.590375607] [GSL - Trace]: [32mEntering StopAndMeasure[0m
[gmrf_wind_mapping_node-2] --> MAP did not converge after 1 iterations.
[gmrf_wind_mapping_node-2] [GMRF] MAP Mean value estimated in 10.7038 milliseconds
[gmrf_wind_mapping_node-2] --> MAP did not converge after 1 iterations.
[gmrf_wind_mapping_node-2] [GMRF] MAP Mean value estimated in 10.7034 milliseconds
[gmrf_wind_mapping_node-2] --> MAP did not converge after 1 iterations.
[gmrf_wind_mapping_node-2] [GMRF] MAP Mean value estimated in 10.7013 milliseconds
[gmrf_wind_mapping_node-2] --> MAP did not converge after 1 iterations.
[gmrf_wind_mapping_node-2] [GMRF] MAP Mean value estimated in 10.6993 milliseconds
[gmrf_wind_mapping_node-2] --> MAP did not converge after 1 iterations.
[gmrf_wind_mapping_node-2] [GMRF] MAP Mean value estimated in 10.6972 milliseconds
[gmrf_wind_mapping_node-2] --> MAP did not converge after 1 iterations.
[gmrf_wind_mapping_node-2] [GMRF] MAP Mean value estimated in 10.6951 milliseconds
[gmrf_wind_mapping_node-2] --> MAP did not converge after 1 iterations.
[gmrf_wind_mapping_node-2] [GMRF] MAP Mean value estimated in 10.693 milliseconds
[gmrf_wind_mapping_node-2] --> MAP did not converge after 1 iterations.
[gmrf_wind_mapping_node-2] [GMRF] MAP Mean value estimated in 10.6915 milliseconds
[gmrf_wind_mapping_node-2] --> MAP did not converge after 1 iterations.
[gmrf_wind_mapping_node-2] [GMRF] MAP Mean value estimated in 10.6889 milliseconds
[gmrf_wind_mapping_node-2] --> MAP did not converge after 1 iterations.
[gmrf_wind_mapping_node-2] [GMRF] MAP Mean value estimated in 10.6874 milliseconds
[gmrf_wind_mapping_node-2] --> MAP did not converge after 1 iterations.
[gmrf_wind_mapping_node-2] [GMRF] MAP Mean value estimated in 10.6848 milliseconds
[gmrf_wind_mapping_node-2] --> MAP did not converge after 1 iterations.
[gmrf_wind_mapping_node-2] [GMRF] MAP Mean value estimated in 10.6833 milliseconds
[gmrf_wind_mapping_node-2] --> MAP did not converge after 1 iterations.
[gmrf_wind_mapping_node-2] [GMRF] MAP Mean value estimated in 10.684 milliseconds
[gmrf_wind_mapping_node-2] --> MAP did not converge after 1 iterations.
[gmrf_wind_mapping_node-2] [GMRF] MAP Mean value estimated in 10.6831 milliseconds
[gmrf_wind_mapping_node-2] --> MAP did not converge after 1 iterations.
[gmrf_wind_mapping_node-2] [GMRF] MAP Mean value estimated in 10.6849 milliseconds
[gmrf_wind_mapping_node-2] --> MAP did not converge after 1 iterations.
[gmrf_wind_mapping_node-2] [GMRF] MAP Mean value estimated in 10.6829 milliseconds
[gmrf_wind_mapping_node-2] --> MAP did not converge after 1 iterations.
[gmrf_wind_mapping_node-2] [GMRF] MAP Mean value estimated in 10.6853 milliseconds
[gmrf_wind_mapping_node-2] --> MAP did not converge after 1 iterations.
[gmrf_wind_mapping_node-2] [GMRF] MAP Mean value estimated in 10.686 milliseconds
[gmrf_wind_mapping_node-2] --> MAP did not converge after 1 iterations.
[gmrf_wind_mapping_node-2] [GMRF] MAP Mean value estimated in 10.6884 milliseconds
[gmrf_wind_mapping_node-2] --> MAP did not converge after 1 iterations.
[gmrf_wind_mapping_node-2] [GMRF] MAP Mean value estimated in 10.6897 milliseconds
[gsl_actionserver_node-3] [INFO] [1788890917.534544084] [GSL]: 10 gas measurements, 10 wind measurements over 1.94 seconds
[gsl_actionserver_node-3] [INFO] [1788890917.534652431] [GSL]: avg_gas=1.5;  avg_windSpeed=0.00076;  avg_wind_dir=-1
[gsl_actionserver_node-3] [INFO] [1788890917.535819001] [GSL]: [33mGAS HIT[0m
[gsl_actionserver_node-3] [INFO] [1788890917.535910439] [GSL]: [DEBUG-WIND] useGroundTruth=false gmrf_req_size=626 gaden_req_size=-1
[gsl_actionserver_node-3] [INFO] [1788890917.535926524] [GSL]: [DEBUG-WIND] Taking GMRF path
[gsl_actionserver_node-3] [INFO] [1788890917.591266709] [GSL - Trace]: [32mEntering StopAndMeasure[0m
[gmrf_wind_mapping_node-2] --> MAP did not converge after 1 iterations.
[gmrf_wind_mapping_node-2] [GMRF] MAP Mean value estimated in 10.6915 milliseconds
[gmrf_wind_mapping_node-2] --> MAP did not converge after 1 iterations.
[gmrf_wind_mapping_node-2] [GMRF] MAP Mean value estimated in 10.6923 milliseconds
[gmrf_wind_mapping_node-2] --> MAP did not converge after 1 iterations.
[gmrf_wind_mapping_node-2] [GMRF] MAP Mean value estimated in 10.6941 milliseconds
[gmrf_wind_mapping_node-2] --> MAP did not converge after 1 iterations.
[gmrf_wind_mapping_node-2] [GMRF] MAP Mean value estimated in 10.6921 milliseconds
[gmrf_wind_mapping_node-2] --> MAP did not converge after 1 iterations.
[gmrf_wind_mapping_node-2] [GMRF] MAP Mean value estimated in 10.6933 milliseconds
[gmrf_wind_mapping_node-2] --> MAP did not converge after 1 iterations.
[gmrf_wind_mapping_node-2] [GMRF] MAP Mean value estimated in 10.6929 milliseconds
[gmrf_wind_mapping_node-2] --> MAP did not converge after 1 iterations.
[gmrf_wind_mapping_node-2] [GMRF] MAP Mean value estimated in 10.6909 milliseconds
[gmrf_wind_mapping_node-2] --> MAP did not converge after 1 iterations.
[gmrf_wind_mapping_node-2] [GMRF] MAP Mean value estimated in 10.6889 milliseconds
[gmrf_wind_mapping_node-2] --> MAP did not converge after 1 iterations.
[gmrf_wind_mapping_node-2] [GMRF] MAP Mean value estimated in 10.6868 milliseconds
[gmrf_wind_mapping_node-2] --> MAP did not converge after 1 iterations.
[gmrf_wind_mapping_node-2] [GMRF] MAP Mean value estimated in 10.6864 milliseconds
[gmrf_wind_mapping_node-2] --> MAP did not converge after 1 iterations.
[gmrf_wind_mapping_node-2] [GMRF] MAP Mean value estimated in 10.6877 milliseconds
[gmrf_wind_mapping_node-2] --> MAP did not converge after 1 iterations.
[gmrf_wind_mapping_node-2] [GMRF] MAP Mean value estimated in 10.6879 milliseconds
[gmrf_wind_mapping_node-2] --> MAP did not converge after 1 iterations.
[gmrf_wind_mapping_node-2] [GMRF] MAP Mean value estimated in 10.6903 milliseconds
[gmrf_wind_mapping_node-2] --> MAP did not converge after 1 iterations.
[gmrf_wind_mapping_node-2] [GMRF] MAP Mean value estimated in 10.691 milliseconds
[gmrf_wind_mapping_node-2] --> MAP did not converge after 1 iterations.
[gmrf_wind_mapping_node-2] [GMRF] MAP Mean value estimated in 10.6928 milliseconds
[gmrf_wind_mapping_node-2] --> MAP did not converge after 1 iterations.
[gmrf_wind_mapping_node-2] [GMRF] MAP Mean value estimated in 10.6913 milliseconds
[gmrf_wind_mapping_node-2] --> MAP did not converge after 1 iterations.
[gmrf_wind_mapping_node-2] [GMRF] MAP Mean value estimated in 10.6926 milliseconds
[gmrf_wind_mapping_node-2] --> MAP did not converge after 1 iterations.
[gmrf_wind_mapping_node-2] [GMRF] MAP Mean value estimated in 10.6906 milliseconds
[gmrf_wind_mapping_node-2] --> MAP did not converge after 1 iterations.
[gmrf_wind_mapping_node-2] [GMRF] MAP Mean value estimated in 10.6913 milliseconds
[gmrf_wind_mapping_node-2] --> MAP did not converge after 1 iterations.
[gmrf_wind_mapping_node-2] [GMRF] MAP Mean value estimated in 10.692 milliseconds
[gsl_actionserver_node-3] [INFO] [1788890919.533582643] [GSL]: 10 gas measurements, 10 wind measurements over 1.94 seconds
[gsl_actionserver_node-3] [INFO] [1788890919.533690563] [GSL]: avg_gas=1.5;  avg_windSpeed=0.00082;  avg_wind_dir=-0.72
[gsl_actionserver_node-3] [INFO] [1788890919.534881444] [GSL]: [33mGAS HIT[0m
[gsl_actionserver_node-3] [INFO] [1788890919.534932939] [GSL]: [DEBUG-WIND] useGroundTruth=false gmrf_req_size=626 gaden_req_size=-1
[gsl_actionserver_node-3] [INFO] [1788890919.534945684] [GSL]: [DEBUG-WIND] Taking GMRF path
[gsl_actionserver_node-3] [INFO] [1788890919.591108798] [GSL - Trace]: [32mEntering StopAndMeasure[0m
[gmrf_wind_mapping_node-2] --> MAP did not converge after 1 iterations.
[gmrf_wind_mapping_node-2] [GMRF] MAP Mean value estimated in 10.6933 milliseconds
[gmrf_wind_mapping_node-2] --> MAP did not converge after 1 iterations.
[gmrf_wind_mapping_node-2] [GMRF] MAP Mean value estimated in 10.6918 milliseconds
[gmrf_wind_mapping_node-2] --> MAP did not converge after 1 iterations.
[gmrf_wind_mapping_node-2] [GMRF] MAP Mean value estimated in 10.6936 milliseconds
[gmrf_wind_mapping_node-2] --> MAP did not converge after 1 iterations.
[gmrf_wind_mapping_node-2] [GMRF] MAP Mean value estimated in 10.6927 milliseconds
[gmrf_wind_mapping_node-2] --> MAP did not converge after 1 iterations.
[gmrf_wind_mapping_node-2] [GMRF] MAP Mean value estimated in 10.6945 milliseconds
[gmrf_wind_mapping_node-2] --> MAP did not converge after 1 iterations.
[gmrf_wind_mapping_node-2] [GMRF] MAP Mean value estimated in 10.6952 milliseconds
[gmrf_wind_mapping_node-2] --> MAP did not converge after 1 iterations.
[gmrf_wind_mapping_node-2] [GMRF] MAP Mean value estimated in 10.6932 milliseconds
[gmrf_wind_mapping_node-2] --> MAP did not converge after 1 iterations.
[gmrf_wind_mapping_node-2] [GMRF] MAP Mean value estimated in 10.6917 milliseconds
[gmrf_wind_mapping_node-2] --> MAP did not converge after 1 iterations.
[gmrf_wind_mapping_node-2] [GMRF] MAP Mean value estimated in 10.6897 milliseconds
[gmrf_wind_mapping_node-2] --> MAP did not converge after 1 iterations.
[gmrf_wind_mapping_node-2] [GMRF] MAP Mean value estimated in 10.6877 milliseconds
[gmrf_wind_mapping_node-2] --> MAP did not converge after 1 iterations.
[gmrf_wind_mapping_node-2] [GMRF] MAP Mean value estimated in 10.6857 milliseconds
[gmrf_wind_mapping_node-2] --> MAP did not converge after 1 iterations.
[gmrf_wind_mapping_node-2] [GMRF] MAP Mean value estimated in 10.6836 milliseconds
[gmrf_wind_mapping_node-2] --> MAP did not converge after 1 iterations.
[gmrf_wind_mapping_node-2] [GMRF] MAP Mean value estimated in 10.6816 milliseconds
[gmrf_wind_mapping_node-2] --> MAP did not converge after 1 iterations.
[gmrf_wind_mapping_node-2] [GMRF] MAP Mean value estimated in 10.6802 milliseconds
[gmrf_wind_mapping_node-2] --> MAP did not converge after 1 iterations.
[gmrf_wind_mapping_node-2] [GMRF] MAP Mean value estimated in 10.6781 milliseconds
[gmrf_wind_mapping_node-2] --> MAP did not converge after 1 iterations.
[gmrf_wind_mapping_node-2] [GMRF] MAP Mean value estimated in 10.6761 milliseconds
[gmrf_wind_mapping_node-2] --> MAP did not converge after 1 iterations.
[gmrf_wind_mapping_node-2] [GMRF] MAP Mean value estimated in 10.6741 milliseconds
[gmrf_wind_mapping_node-2] --> MAP did not converge after 1 iterations.
[gmrf_wind_mapping_node-2] [GMRF] MAP Mean value estimated in 10.6721 milliseconds
[gmrf_wind_mapping_node-2] --> MAP did not converge after 1 iterations.
[gmrf_wind_mapping_node-2] [GMRF] MAP Mean value estimated in 10.6707 milliseconds
[gmrf_wind_mapping_node-2] --> MAP did not converge after 1 iterations.
[gmrf_wind_mapping_node-2] [GMRF] MAP Mean value estimated in 10.6687 milliseconds
[gsl_actionserver_node-3] [INFO] [1788890921.533456234] [GSL]: 10 gas measurements, 10 wind measurements over 1.94 seconds
[gsl_actionserver_node-3] [INFO] [1788890921.533524562] [GSL]: avg_gas=1.5;  avg_windSpeed=0.00076;  avg_wind_dir=-1
[gsl_actionserver_node-3] [INFO] [1788890921.534005648] [GSL]: [33mGAS HIT[0m
[gsl_actionserver_node-3] [INFO] [1788890921.534016160] [GSL]: [DEBUG-WIND] useGroundTruth=false gmrf_req_size=626 gaden_req_size=-1
[gsl_actionserver_node-3] [INFO] [1788890921.534022700] [GSL]: [DEBUG-WIND] Taking GMRF path
[gsl_actionserver_node-3] [INFO] [1788890921.590560408] [GSL - Trace]: [32mEntering StopAndMeasure[0m
[gmrf_wind_mapping_node-2] --> MAP did not converge after 1 iterations.
[gmrf_wind_mapping_node-2] [GMRF] MAP Mean value estimated in 10.6672 milliseconds
[gmrf_wind_mapping_node-2] --> MAP did not converge after 1 iterations.
[gmrf_wind_mapping_node-2] [GMRF] MAP Mean value estimated in 10.6658 milliseconds
[gmrf_wind_mapping_node-2] --> MAP did not converge after 1 iterations.
[gmrf_wind_mapping_node-2] [GMRF] MAP Mean value estimated in 10.6638 milliseconds
[gmrf_wind_mapping_node-2] --> MAP did not converge after 1 iterations.
[gmrf_wind_mapping_node-2] [GMRF] MAP Mean value estimated in 10.6629 milliseconds
[gmrf_wind_mapping_node-2] --> MAP did not converge after 1 iterations.
[gmrf_wind_mapping_node-2] [GMRF] MAP Mean value estimated in 10.6609 milliseconds
[gmrf_wind_mapping_node-2] --> MAP did not converge after 1 iterations.
[gmrf_wind_mapping_node-2] [GMRF] MAP Mean value estimated in 10.6621 milliseconds
[gmrf_wind_mapping_node-2] --> MAP did not converge after 1 iterations.
[gmrf_wind_mapping_node-2] [GMRF] MAP Mean value estimated in 10.664 milliseconds
[gmrf_wind_mapping_node-2] --> MAP did not converge after 1 iterations.
[gmrf_wind_mapping_node-2] [GMRF] MAP Mean value estimated in 10.6658 milliseconds
[gmrf_wind_mapping_node-2] --> MAP did not converge after 1 iterations.
[gmrf_wind_mapping_node-2] [GMRF] MAP Mean value estimated in 10.6638 milliseconds
[gmrf_wind_mapping_node-2] --> MAP did not converge after 1 iterations.
[gmrf_wind_mapping_node-2] [GMRF] MAP Mean value estimated in 10.6645 milliseconds
[gmrf_wind_mapping_node-2] --> MAP did not converge after 1 iterations.
[gmrf_wind_mapping_node-2] [GMRF] MAP Mean value estimated in 10.6658 milliseconds
[gmrf_wind_mapping_node-2] --> MAP did not converge after 1 iterations.
[gmrf_wind_mapping_node-2] [GMRF] MAP Mean value estimated in 10.6638 milliseconds
[gmrf_wind_mapping_node-2] --> MAP did not converge after 1 iterations.
[gmrf_wind_mapping_node-2] [GMRF] MAP Mean value estimated in 10.6661 milliseconds
[gmrf_wind_mapping_node-2] --> MAP did not converge after 1 iterations.
[gmrf_wind_mapping_node-2] [GMRF] MAP Mean value estimated in 10.6658 milliseconds
[gmrf_wind_mapping_node-2] --> MAP did not converge after 1 iterations.
[gmrf_wind_mapping_node-2] [GMRF] MAP Mean value estimated in 10.6665 milliseconds
[gmrf_wind_mapping_node-2] --> MAP did not converge after 1 iterations.
[gmrf_wind_mapping_node-2] [GMRF] MAP Mean value estimated in 10.6677 milliseconds
[gmrf_wind_mapping_node-2] --> MAP did not converge after 1 iterations.
[gmrf_wind_mapping_node-2] [GMRF] MAP Mean value estimated in 10.6668 milliseconds
[gmrf_wind_mapping_node-2] --> MAP did not converge after 1 iterations.
[gmrf_wind_mapping_node-2] [GMRF] MAP Mean value estimated in 10.667 milliseconds
[gmrf_wind_mapping_node-2] --> MAP did not converge after 1 iterations.
[gmrf_wind_mapping_node-2] [GMRF] MAP Mean value estimated in 10.6672 milliseconds
[gmrf_wind_mapping_node-2] --> MAP did not converge after 1 iterations.
[gmrf_wind_mapping_node-2] [GMRF] MAP Mean value estimated in 10.6679 milliseconds
[gsl_actionserver_node-3] [INFO] [1788890923.533546001] [GSL]: 10 gas measurements, 10 wind measurements over 1.94 seconds
[gsl_actionserver_node-3] [INFO] [1788890923.533613565] [GSL]: avg_gas=1.5;  avg_windSpeed=0.00082;  avg_wind_dir=-0.72
[gsl_actionserver_node-3] [INFO] [1788890923.534162596] [GSL]: [33mGAS HIT[0m
[gsl_actionserver_node-3] [INFO] [1788890923.534172699] [GSL]: [DEBUG-WIND] useGroundTruth=false gmrf_req_size=626 gaden_req_size=-1
[gsl_actionserver_node-3] [INFO] [1788890923.534179670] [GSL]: [DEBUG-WIND] Taking GMRF path
[gsl_actionserver_node-3] [INFO] [1788890923.590615752] [GSL]: [33mStarted simulations. Might take a while![0m
[gmrf_wind_mapping_node-2] --> MAP did not converge after 1 iterations.
[gmrf_wind_mapping_node-2] [GMRF] MAP Mean value estimated in 10.6659 milliseconds
[gmrf_wind_mapping_node-2] --> MAP did not converge after 1 iterations.
[gmrf_wind_mapping_node-2] [GMRF] MAP Mean value estimated in 10.671 milliseconds
[gmrf_wind_mapping_node-2] --> MAP did not converge after 1 iterations.
[gmrf_wind_mapping_node-2] [GMRF] MAP Mean value estimated in 10.6717 milliseconds
[gmrf_wind_mapping_node-2] --> MAP did not converge after 1 iterations.
[gmrf_wind_mapping_node-2] [GMRF] MAP Mean value estimated in 10.6756 milliseconds
[gsl_actionserver_node-3] [INFO] [1788890923.974017267] [GSL]: CER contrastive context initialized: events=56, candidates=74, transport_members=3, fixed_ratio_weight=1, context_within_member=true, centered_log_odds=true, transport_pool=robust_log_variance
[gsl_actionserver_node-3] [INFO] [1788890923.977856518] [GSL - Trace]: [32mFirst simulation level done[0m
[gsl_actionserver_node-3] [INFO] [1788890923.978640469] [GSL]: [RC2-DIAG] scores_size=74 refineFraction=0.25 refine_product=18.5 valid_first_level=74 sum_sourceProbInternal_before_norm=69.06661537241868 min_sourceProbInternal_before_norm=0 max_sourceProbInternal_before_norm=0.999200279944007 finite_sourceProbInternal=1102 finite_varianceOfHitProb=1102
[gmrf_wind_mapping_node-2] --> MAP did not converge after 1 iterations.
[gmrf_wind_mapping_node-2] [GMRF] MAP Mean value estimated in 10.6774 milliseconds
[gmrf_wind_mapping_node-2] --> MAP did not converge after 1 iterations.
[gmrf_wind_mapping_node-2] [GMRF] MAP Mean value estimated in 10.6824 milliseconds
[gmrf_wind_mapping_node-2] --> MAP did not converge after 1 iterations.
[gmrf_wind_mapping_node-2] [GMRF] MAP Mean value estimated in 10.6847 milliseconds
[gmrf_wind_mapping_node-2] --> MAP did not converge after 1 iterations.
[gmrf_wind_mapping_node-2] [GMRF] MAP Mean value estimated in 10.6855 milliseconds
[gsl_actionserver_node-3] [INFO] [1788890924.343243056] [GSL - Trace]: [32mSimulation level 2 done[0m
[gmrf_wind_mapping_node-2] --> MAP did not converge after 1 iterations.
[gmrf_wind_mapping_node-2] [GMRF] MAP Mean value estimated in 10.6878 milliseconds
[gmrf_wind_mapping_node-2] --> MAP did not converge after 1 iterations.
[gmrf_wind_mapping_node-2] [GMRF] MAP Mean value estimated in 10.6895 milliseconds
[gsl_actionserver_node-3] [INFO] [1788890924.559622682] [GSL - Trace]: [32mSimulation level 3 done[0m
[gmrf_wind_mapping_node-2] --> MAP did not converge after 1 iterations.
[gmrf_wind_mapping_node-2] [GMRF] MAP Mean value estimated in 10.6929 milliseconds
[gsl_actionserver_node-3] [INFO] [1788890924.663585869] [GSL - Trace]: [32mSimulation level 4 done[0m
[gsl_actionserver_node-3] [INFO] [1788890924.664339637] [GSL - Trace]: [32mSimulation level 5 done[0m
[gsl_actionserver_node-3] [INFO] [1788890924.664830966] [GSL]: Number of levels in the simulation: 5
[gsl_actionserver_node-3] [INFO] [1788890924.664995343] [GSL]: Total number of simulations: 200
[gsl_actionserver_node-3] [INFO] [1788890924.665264023] [GSL]: CORE sequential event-time commit: window_start=48, new_events=8, committed_total=56
[gsl_actionserver_node-3] [INFO] [1788890924.665474845] [GSL]: [RC2-DIAG] normalized_finite_count=1102 normalized_sum=1
[gsl_actionserver_node-3] [INFO] [1788890924.665484148] [GSL]: Time ellapsed in simulation = 1.0748023100000001 s
[gsl_actionserver_node-3] [INFO] [1788890924.669350625] [GSL]: Max mutual info: 2.411
[gsl_actionserver_node-3] [INFO] [1788890924.670289575] [GSL]: MutualInformation - Ellapsed: 0.004s
[vgr_sim_node-1] [WARN] [1788890924.673557748] [vgr_uav_sim]: PLAN_CB: called with goal=(-0.80,-5.93)
[vgr_sim_node-1] [WARN] [1788890924.674718592] [vgr_uav_sim]: PLAN_CB: returning 7 poses
[vgr_sim_node-1] [WARN] [1788890924.697179087] [vgr_uav_sim]: PLAN_CB: called with goal=(-0.80,-5.93)
[vgr_sim_node-1] [WARN] [1788890924.698241463] [vgr_uav_sim]: PLAN_CB: returning 7 poses
[gmrf_wind_mapping_node-2] --> MAP did not converge after 1 iterations.
[gmrf_wind_mapping_node-2] [GMRF] MAP Mean value estimated in 10.6915 milliseconds
[gsl_actionserver_node-3] [INFO] [1788890924.706052087] [GSL]: Sending goal (-0.80, -5.93)
[gsl_actionserver_node-3] [INFO] [1788890924.706756751] [GSL]: Variance: 0.97
[gsl_actionserver_node-3] [INFO] [1788890924.706777432] [GSL - Trace]: [32mEntering Moving[0m
[vgr_sim_node-1] [INFO] [1788890924.708070081] [vgr_uav_sim]: Prepared 7 collision-free navigation waypoints to (-0.80, -5.93)
[vgr_sim_node-1] [INFO] [1788890924.709109557] [vgr_uav_sim]: UAV navigating in audited 2-D mode to (-0.80, -5.93, 0.30)
[gmrf_wind_mapping_node-2] --> MAP did not converge after 1 iterations.
[gmrf_wind_mapping_node-2] [GMRF] MAP Mean value estimated in 10.6938 milliseconds
[gmrf_wind_mapping_node-2] --> MAP did not converge after 1 iterations.
[gmrf_wind_mapping_node-2] [GMRF] MAP Mean value estimated in 10.6929 milliseconds
[gmrf_wind_mapping_node-2] --> MAP did not converge after 1 iterations.
[gmrf_wind_mapping_node-2] [GMRF] MAP Mean value estimated in 10.6909 milliseconds
[gmrf_wind_mapping_node-2] --> MAP did not converge after 1 iterations.
[gmrf_wind_mapping_node-2] [GMRF] MAP Mean value estimated in 10.6921 milliseconds
[gmrf_wind_mapping_node-2] --> MAP did not converge after 1 iterations.
[gmrf_wind_mapping_node-2] [GMRF] MAP Mean value estimated in 10.6939 milliseconds
[gmrf_wind_mapping_node-2] --> MAP did not converge after 1 iterations.
[gmrf_wind_mapping_node-2] [GMRF] MAP Mean value estimated in 10.6951 milliseconds
[gmrf_wind_mapping_node-2] --> MAP did not converge after 1 iterations.
[gmrf_wind_mapping_node-2] [GMRF] MAP Mean value estimated in 10.6958 milliseconds
[gmrf_wind_mapping_node-2] --> MAP did not converge after 1 iterations.
[gmrf_wind_mapping_node-2] [GMRF] MAP Mean value estimated in 10.6949 milliseconds
[gmrf_wind_mapping_node-2] --> MAP did not converge after 1 iterations.
[gmrf_wind_mapping_node-2] [GMRF] MAP Mean value estimated in 10.6946 milliseconds
[gmrf_wind_mapping_node-2] --> MAP did not converge after 1 iterations.
[gmrf_wind_mapping_node-2] [GMRF] MAP Mean value estimated in 10.6942 milliseconds
[gmrf_wind_mapping_node-2] --> MAP did not converge after 1 iterations.
[gmrf_wind_mapping_node-2] [GMRF] MAP Mean value estimated in 10.696 milliseconds
[gmrf_wind_mapping_node-2] --> MAP did not converge after 1 iterations.
[gmrf_wind_mapping_node-2] [GMRF] MAP Mean value estimated in 10.6966 milliseconds
[gmrf_wind_mapping_node-2] --> MAP did not converge after 1 iterations.
[gmrf_wind_mapping_node-2] [GMRF] MAP Mean value estimated in 10.6989 milliseconds
[gmrf_wind_mapping_node-2] --> MAP did not converge after 1 iterations.
[gmrf_wind_mapping_node-2] [GMRF] MAP Mean value estimated in 10.6975 milliseconds
[gsl_actionserver_node-3] [INFO] [1788890926.184540951] [GSL - Trace]: [32mEntering StopAndMeasure[0m
[gmrf_wind_mapping_node-2] --> MAP did not converge after 1 iterations.
[gmrf_wind_mapping_node-2] [GMRF] MAP Mean value estimated in 10.695 milliseconds
[gmrf_wind_mapping_node-2] --> MAP did not converge after 1 iterations.
[gmrf_wind_mapping_node-2] [GMRF] MAP Mean value estimated in 10.6962 milliseconds
[gmrf_wind_mapping_node-2] --> MAP did not converge after 1 iterations.
[gmrf_wind_mapping_node-2] [GMRF] MAP Mean value estimated in 10.6943 milliseconds
[gmrf_wind_mapping_node-2] --> MAP did not converge after 1 iterations.
[gmrf_wind_mapping_node-2] [GMRF] MAP Mean value estimated in 10.6944 milliseconds
[gmrf_wind_mapping_node-2] --> MAP did not converge after 1 iterations.
[gmrf_wind_mapping_node-2] [GMRF] MAP Mean value estimated in 10.6962 milliseconds
[gmrf_wind_mapping_node-2] --> MAP did not converge after 1 iterations.
[gmrf_wind_mapping_node-2] [GMRF] MAP Mean value estimated in 10.6958 milliseconds
[gmrf_wind_mapping_node-2] --> MAP did not converge after 1 iterations.
[gmrf_wind_mapping_node-2] [GMRF] MAP Mean value estimated in 10.696 milliseconds
[gmrf_wind_mapping_node-2] --> MAP did not converge after 1 iterations.
[gmrf_wind_mapping_node-2] [GMRF] MAP Mean value estimated in 10.694 milliseconds
[gmrf_wind_mapping_node-2] --> MAP did not converge after 1 iterations.
[gmrf_wind_mapping_node-2] [GMRF] MAP Mean value estimated in 10.6952 milliseconds
[gmrf_wind_mapping_node-2] --> MAP did not converge after 1 iterations.
[gmrf_wind_mapping_node-2] [GMRF] MAP Mean value estimated in 10.6938 milliseconds
[gmrf_wind_mapping_node-2] --> MAP did not converge after 1 iterations.
[gmrf_wind_mapping_node-2] [GMRF] MAP Mean value estimated in 10.6956 milliseconds
[gmrf_wind_mapping_node-2] --> MAP did not converge after 1 iterations.
[gmrf_wind_mapping_node-2] [GMRF] MAP Mean value estimated in 10.6957 milliseconds
[gmrf_wind_mapping_node-2] --> MAP did not converge after 1 iterations.
[gmrf_wind_mapping_node-2] [GMRF] MAP Mean value estimated in 10.6975 milliseconds
[gmrf_wind_mapping_node-2] --> MAP did not converge after 1 iterations.
[gmrf_wind_mapping_node-2] [GMRF] MAP Mean value estimated in 10.6987 milliseconds
[gmrf_wind_mapping_node-2] --> MAP did not converge after 1 iterations.
[gmrf_wind_mapping_node-2] [GMRF] MAP Mean value estimated in 10.6999 milliseconds
[gmrf_wind_mapping_node-2] --> MAP did not converge after 1 iterations.
[gmrf_wind_mapping_node-2] [GMRF] MAP Mean value estimated in 10.7001 milliseconds
[gmrf_wind_mapping_node-2] --> MAP did not converge after 1 iterations.
[gmrf_wind_mapping_node-2] [GMRF] MAP Mean value estimated in 10.7018 milliseconds
[gmrf_wind_mapping_node-2] --> MAP did not converge after 1 iterations.
[gmrf_wind_mapping_node-2] [GMRF] MAP Mean value estimated in 10.7014 milliseconds
[gmrf_wind_mapping_node-2] --> MAP did not converge after 1 iterations.
[gmrf_wind_mapping_node-2] [GMRF] MAP Mean value estimated in 10.7005 milliseconds
[gmrf_wind_mapping_node-2] --> MAP did not converge after 1 iterations.
[gmrf_wind_mapping_node-2] [GMRF] MAP Mean value estimated in 10.7023 milliseconds
[gsl_actionserver_node-3] [INFO] [1788890928.107677772] [GSL]: 10 gas measurements, 10 wind measurements over 1.92 seconds
[gsl_actionserver_node-3] [INFO] [1788890928.107744594] [GSL]: avg_gas=4.4;  avg_windSpeed=0.0019;  avg_wind_dir=0.36
[gsl_actionserver_node-3] [INFO] [1788890928.108409847] [GSL]: [33mGAS HIT[0m
[gsl_actionserver_node-3] [INFO] [1788890928.108422193] [GSL]: [DEBUG-WIND] useGroundTruth=false gmrf_req_size=626 gaden_req_size=-1
[gsl_actionserver_node-3] [INFO] [1788890928.108430737] [GSL]: [DEBUG-WIND] Taking GMRF path
[gsl_actionserver_node-3] [INFO] [1788890928.190701788] [GSL - Trace]: [32mEntering StopAndMeasure[0m
[gmrf_wind_mapping_node-2] --> MAP did not converge after 1 iterations.
[gmrf_wind_mapping_node-2] [GMRF] MAP Mean value estimated in 10.7014 milliseconds
[gmrf_wind_mapping_node-2] --> MAP did not converge after 1 iterations.
[gmrf_wind_mapping_node-2] [GMRF] MAP Mean value estimated in 10.7026 milliseconds
[gmrf_wind_mapping_node-2] --> MAP did not converge after 1 iterations.
[gmrf_wind_mapping_node-2] [GMRF] MAP Mean value estimated in 10.7027 milliseconds
[gmrf_wind_mapping_node-2] --> MAP did not converge after 1 iterations.
[gmrf_wind_mapping_node-2] [GMRF] MAP Mean value estimated in 10.7018 milliseconds
[gmrf_wind_mapping_node-2] --> MAP did not converge after 1 iterations.
[gmrf_wind_mapping_node-2] [GMRF] MAP Mean value estimated in 10.7046 milliseconds
[gmrf_wind_mapping_node-2] --> MAP did not converge after 1 iterations.
[gmrf_wind_mapping_node-2] [GMRF] MAP Mean value estimated in 10.7053 milliseconds
[gmrf_wind_mapping_node-2] --> MAP did not converge after 1 iterations.
[gmrf_wind_mapping_node-2] [GMRF] MAP Mean value estimated in 10.7034 milliseconds
[gmrf_wind_mapping_node-2] --> MAP did not converge after 1 iterations.
[gmrf_wind_mapping_node-2] [GMRF] MAP Mean value estimated in 10.7025 milliseconds
[gmrf_wind_mapping_node-2] --> MAP did not converge after 1 iterations.
[gmrf_wind_mapping_node-2] [GMRF] MAP Mean value estimated in 10.7052 milliseconds
[gmrf_wind_mapping_node-2] --> MAP did not converge after 1 iterations.
[gmrf_wind_mapping_node-2] [GMRF] MAP Mean value estimated in 10.7049 milliseconds
[gmrf_wind_mapping_node-2] --> MAP did not converge after 1 iterations.
[gmrf_wind_mapping_node-2] [GMRF] MAP Mean value estimated in 10.7071 milliseconds
[gmrf_wind_mapping_node-2] --> MAP did not converge after 1 iterations.
[gmrf_wind_mapping_node-2] [GMRF] MAP Mean value estimated in 10.7083 milliseconds
[gmrf_wind_mapping_node-2] --> MAP did not converge after 1 iterations.
[gmrf_wind_mapping_node-2] [GMRF] MAP Mean value estimated in 10.7074 milliseconds
[gmrf_wind_mapping_node-2] --> MAP did not converge after 1 iterations.
[gmrf_wind_mapping_node-2] [GMRF] MAP Mean value estimated in 10.7076 milliseconds
[gmrf_wind_mapping_node-2] --> MAP did not converge after 1 iterations.
[gmrf_wind_mapping_node-2] [GMRF] MAP Mean value estimated in 10.7109 milliseconds
[gmrf_wind_mapping_node-2] --> MAP did not converge after 1 iterations.
[gmrf_wind_mapping_node-2] [GMRF] MAP Mean value estimated in 10.7094 milliseconds
[gmrf_wind_mapping_node-2] --> MAP did not converge after 1 iterations.
[gmrf_wind_mapping_node-2] [GMRF] MAP Mean value estimated in 10.7075 milliseconds
[gmrf_wind_mapping_node-2] --> MAP did not converge after 1 iterations.
[gmrf_wind_mapping_node-2] [GMRF] MAP Mean value estimated in 10.7087 milliseconds
[gmrf_wind_mapping_node-2] --> MAP did not converge after 1 iterations.
[gmrf_wind_mapping_node-2] [GMRF] MAP Mean value estimated in 10.7078 milliseconds
[gmrf_wind_mapping_node-2] --> MAP did not converge after 1 iterations.
[gmrf_wind_mapping_node-2] [GMRF] MAP Mean value estimated in 10.7064 milliseconds
[gsl_actionserver_node-3] [INFO] [1788890930.107682072] [GSL]: 10 gas measurements, 10 wind measurements over 1.92 seconds
[gsl_actionserver_node-3] [INFO] [1788890930.107746446] [GSL]: avg_gas=5.3;  avg_windSpeed=0.0018;  avg_wind_dir=0.15
[gsl_actionserver_node-3] [INFO] [1788890930.108241728] [GSL]: [33mGAS HIT[0m
[gsl_actionserver_node-3] [INFO] [1788890930.108251296] [GSL]: [DEBUG-WIND] useGroundTruth=false gmrf_req_size=626 gaden_req_size=-1
[gsl_actionserver_node-3] [INFO] [1788890930.108635660] [GSL]: [DEBUG-WIND] Taking GMRF path
[gsl_actionserver_node-3] [INFO] [1788890930.190396850] [GSL - Trace]: [32mEntering StopAndMeasure[0m
[gmrf_wind_mapping_node-2] --> MAP did not converge after 1 iterations.
[gmrf_wind_mapping_node-2] [GMRF] MAP Mean value estimated in 10.7045 milliseconds
[gmrf_wind_mapping_node-2] --> MAP did not converge after 1 iterations.
[gmrf_wind_mapping_node-2] [GMRF] MAP Mean value estimated in 10.7031 milliseconds
[gmrf_wind_mapping_node-2] --> MAP did not converge after 1 iterations.
[gmrf_wind_mapping_node-2] [GMRF] MAP Mean value estimated in 10.7022 milliseconds
[gmrf_wind_mapping_node-2] --> MAP did not converge after 1 iterations.
[gmrf_wind_mapping_node-2] [GMRF] MAP Mean value estimated in 10.7013 milliseconds
[gmrf_wind_mapping_node-2] --> MAP did not converge after 1 iterations.
[gmrf_wind_mapping_node-2] [GMRF] MAP Mean value estimated in 10.7025 milliseconds
[gmrf_wind_mapping_node-2] --> MAP did not converge after 1 iterations.
[gmrf_wind_mapping_node-2] [GMRF] MAP Mean value estimated in 10.7026 milliseconds
[gmrf_wind_mapping_node-2] --> MAP did not converge after 1 iterations.
[gmrf_wind_mapping_node-2] [GMRF] MAP Mean value estimated in 10.7002 milliseconds
[gmrf_wind_mapping_node-2] --> MAP did not converge after 1 iterations.
[gmrf_wind_mapping_node-2] [GMRF] MAP Mean value estimated in 10.7014 milliseconds
[gmrf_wind_mapping_node-2] --> MAP did not converge after 1 iterations.
[gmrf_wind_mapping_node-2] [GMRF] MAP Mean value estimated in 10.7021 milliseconds
[gmrf_wind_mapping_node-2] --> MAP did not converge after 1 iterations.
[gmrf_wind_mapping_node-2] [GMRF] MAP Mean value estimated in 10.7027 milliseconds
[gmrf_wind_mapping_node-2] --> MAP did not converge after 1 iterations.
[gmrf_wind_mapping_node-2] [GMRF] MAP Mean value estimated in 10.7045 milliseconds
[gmrf_wind_mapping_node-2] --> MAP did not converge after 1 iterations.
[gmrf_wind_mapping_node-2] [GMRF] MAP Mean value estimated in 10.7062 milliseconds
[gmrf_wind_mapping_node-2] --> MAP did not converge after 1 iterations.
[gmrf_wind_mapping_node-2] [GMRF] MAP Mean value estimated in 10.7048 milliseconds
[gmrf_wind_mapping_node-2] --> MAP did not converge after 1 iterations.
[gmrf_wind_mapping_node-2] [GMRF] MAP Mean value estimated in 10.7049 milliseconds
[gmrf_wind_mapping_node-2] --> MAP did not converge after 1 iterations.
[gmrf_wind_mapping_node-2] [GMRF] MAP Mean value estimated in 10.7061 milliseconds
[gmrf_wind_mapping_node-2] --> MAP did not converge after 1 iterations.
[gmrf_wind_mapping_node-2] [GMRF] MAP Mean value estimated in 10.7057 milliseconds
[gmrf_wind_mapping_node-2] --> MAP did not converge after 1 iterations.
[gmrf_wind_mapping_node-2] [GMRF] MAP Mean value estimated in 10.7064 milliseconds
[gmrf_wind_mapping_node-2] --> MAP did not converge after 1 iterations.
[gmrf_wind_mapping_node-2] [GMRF] MAP Mean value estimated in 10.704 milliseconds
[gmrf_wind_mapping_node-2] --> MAP did not converge after 1 iterations.
[gmrf_wind_mapping_node-2] [GMRF] MAP Mean value estimated in 10.7046 milliseconds
[gmrf_wind_mapping_node-2] --> MAP did not converge after 1 iterations.
[gmrf_wind_mapping_node-2] [GMRF] MAP Mean value estimated in 10.7032 milliseconds
[gsl_actionserver_node-3] [INFO] [1788890932.107674289] [GSL]: 10 gas measurements, 10 wind measurements over 1.92 seconds
[gsl_actionserver_node-3] [INFO] [1788890932.107732085] [GSL]: avg_gas=5.6;  avg_windSpeed=0.0019;  avg_wind_dir=0.36
[gsl_actionserver_node-3] [INFO] [1788890932.108263067] [GSL]: [33mGAS HIT[0m
[gsl_actionserver_node-3] [INFO] [1788890932.108273110] [GSL]: [DEBUG-WIND] useGroundTruth=false gmrf_req_size=626 gaden_req_size=-1
[gsl_actionserver_node-3] [INFO] [1788890932.108279834] [GSL]: [DEBUG-WIND] Taking GMRF path
[gsl_actionserver_node-3] [INFO] [1788890932.190499821] [GSL - Trace]: [32mEntering StopAndMeasure[0m
[gmrf_wind_mapping_node-2] --> MAP did not converge after 1 iterations.
[gmrf_wind_mapping_node-2] [GMRF] MAP Mean value estimated in 10.7013 milliseconds
[gmrf_wind_mapping_node-2] --> MAP did not converge after 1 iterations.
[gmrf_wind_mapping_node-2] [GMRF] MAP Mean value estimated in 10.703 milliseconds
[gmrf_wind_mapping_node-2] --> MAP did not converge after 1 iterations.
[gmrf_wind_mapping_node-2] [GMRF] MAP Mean value estimated in 10.7037 milliseconds
[gmrf_wind_mapping_node-2] --> MAP did not converge after 1 iterations.
[gmrf_wind_mapping_node-2] [GMRF] MAP Mean value estimated in 10.7023 milliseconds
[gmrf_wind_mapping_node-2] --> MAP did not converge after 1 iterations.
[gmrf_wind_mapping_node-2] [GMRF] MAP Mean value estimated in 10.7009 milliseconds
[gmrf_wind_mapping_node-2] --> MAP did not converge after 1 iterations.
[gmrf_wind_mapping_node-2] [GMRF] MAP Mean value estimated in 10.7021 milliseconds
[gmrf_wind_mapping_node-2] --> MAP did not converge after 1 iterations.
[gmrf_wind_mapping_node-2] [GMRF] MAP Mean value estimated in 10.6997 milliseconds
[gmrf_wind_mapping_node-2] --> MAP did not converge after 1 iterations.
[gmrf_wind_mapping_node-2] [GMRF] MAP Mean value estimated in 10.6993 milliseconds
[gmrf_wind_mapping_node-2] --> MAP did not converge after 1 iterations.
[gmrf_wind_mapping_node-2] [GMRF] MAP Mean value estimated in 10.701 milliseconds
[gmrf_wind_mapping_node-2] --> MAP did not converge after 1 iterations.
[gmrf_wind_mapping_node-2] [GMRF] MAP Mean value estimated in 10.6996 milliseconds
[gmrf_wind_mapping_node-2] --> MAP did not converge after 1 iterations.
[gmrf_wind_mapping_node-2] [GMRF] MAP Mean value estimated in 10.6983 milliseconds
[gmrf_wind_mapping_node-2] --> MAP did not converge after 1 iterations.
[gmrf_wind_mapping_node-2] [GMRF] MAP Mean value estimated in 10.6989 milliseconds
[gmrf_wind_mapping_node-2] --> MAP did not converge after 1 iterations.
[gmrf_wind_mapping_node-2] [GMRF] MAP Mean value estimated in 10.6991 milliseconds
[gmrf_wind_mapping_node-2] --> MAP did not converge after 1 iterations.
[gmrf_wind_mapping_node-2] [GMRF] MAP Mean value estimated in 10.6997 milliseconds
[gmrf_wind_mapping_node-2] --> MAP did not converge after 1 iterations.
[gmrf_wind_mapping_node-2] [GMRF] MAP Mean value estimated in 10.6979 milliseconds
[gmrf_wind_mapping_node-2] --> MAP did not converge after 1 iterations.
[gmrf_wind_mapping_node-2] [GMRF] MAP Mean value estimated in 10.698 milliseconds
[gmrf_wind_mapping_node-2] --> MAP did not converge after 1 iterations.
[gmrf_wind_mapping_node-2] [GMRF] MAP Mean value estimated in 10.6992 milliseconds
[gmrf_wind_mapping_node-2] --> MAP did not converge after 1 iterations.
[gmrf_wind_mapping_node-2] [GMRF] MAP Mean value estimated in 10.6983 milliseconds
[gmrf_wind_mapping_node-2] --> MAP did not converge after 1 iterations.
[gmrf_wind_mapping_node-2] [GMRF] MAP Mean value estimated in 10.698 milliseconds
[gmrf_wind_mapping_node-2] --> MAP did not converge after 1 iterations.
[gmrf_wind_mapping_node-2] [GMRF] MAP Mean value estimated in 10.6986 milliseconds
[gsl_actionserver_node-3] [INFO] [1788890934.107829242] [GSL]: 10 gas measurements, 10 wind measurements over 1.92 seconds
[gsl_actionserver_node-3] [INFO] [1788890934.107915923] [GSL]: avg_gas=5.6;  avg_windSpeed=0.0018;  avg_wind_dir=0.15
[gsl_actionserver_node-3] [INFO] [1788890934.108410162] [GSL]: [33mGAS HIT[0m
[gsl_actionserver_node-3] [INFO] [1788890934.108418916] [GSL]: [DEBUG-WIND] useGroundTruth=false gmrf_req_size=626 gaden_req_size=-1
[gsl_actionserver_node-3] [INFO] [1788890934.108596757] [GSL]: [DEBUG-WIND] Taking GMRF path
[gsl_actionserver_node-3] [INFO] [1788890934.190945879] [GSL - Trace]: [32mEntering StopAndMeasure[0m
[gmrf_wind_mapping_node-2] --> MAP did not converge after 1 iterations.
[gmrf_wind_mapping_node-2] [GMRF] MAP Mean value estimated in 10.7003 milliseconds
[gmrf_wind_mapping_node-2] --> MAP did not converge after 1 iterations.
[gmrf_wind_mapping_node-2] [GMRF] MAP Mean value estimated in 10.7005 milliseconds
[gmrf_wind_mapping_node-2] --> MAP did not converge after 1 iterations.
[gmrf_wind_mapping_node-2] [GMRF] MAP Mean value estimated in 10.7016 milliseconds
[gmrf_wind_mapping_node-2] --> MAP did not converge after 1 iterations.
[gmrf_wind_mapping_node-2] [GMRF] MAP Mean value estimated in 10.7018 milliseconds
[gmrf_wind_mapping_node-2] --> MAP did not converge after 1 iterations.
[gmrf_wind_mapping_node-2] [GMRF] MAP Mean value estimated in 10.7035 milliseconds
[gmrf_wind_mapping_node-2] --> MAP did not converge after 1 iterations.
[gmrf_wind_mapping_node-2] [GMRF] MAP Mean value estimated in 10.7021 milliseconds
[gmrf_wind_mapping_node-2] --> MAP did not converge after 1 iterations.
[gmrf_wind_mapping_node-2] [GMRF] MAP Mean value estimated in 10.7038 milliseconds
[gmrf_wind_mapping_node-2] --> MAP did not converge after 1 iterations.
[gmrf_wind_mapping_node-2] [GMRF] MAP Mean value estimated in 10.7039 milliseconds
[gmrf_wind_mapping_node-2] --> MAP did not converge after 1 iterations.
[gmrf_wind_mapping_node-2] [GMRF] MAP Mean value estimated in 10.7036 milliseconds
[gmrf_wind_mapping_node-2] --> MAP did not converge after 1 iterations.
[gmrf_wind_mapping_node-2] [GMRF] MAP Mean value estimated in 10.7042 milliseconds
[gmrf_wind_mapping_node-2] --> MAP did not converge after 1 iterations.
[gmrf_wind_mapping_node-2] [GMRF] MAP Mean value estimated in 10.7054 milliseconds
[gmrf_wind_mapping_node-2] --> MAP did not converge after 1 iterations.
[gmrf_wind_mapping_node-2] [GMRF] MAP Mean value estimated in 10.706 milliseconds
[gmrf_wind_mapping_node-2] --> MAP did not converge after 1 iterations.
[gmrf_wind_mapping_node-2] [GMRF] MAP Mean value estimated in 10.7047 milliseconds
[gmrf_wind_mapping_node-2] --> MAP did not converge after 1 iterations.
[gmrf_wind_mapping_node-2] [GMRF] MAP Mean value estimated in 10.7028 milliseconds
[gmrf_wind_mapping_node-2] --> MAP did not converge after 1 iterations.
[gmrf_wind_mapping_node-2] [GMRF] MAP Mean value estimated in 10.7055 milliseconds
[gmrf_wind_mapping_node-2] --> MAP did not converge after 1 iterations.
[gmrf_wind_mapping_node-2] [GMRF] MAP Mean value estimated in 10.7066 milliseconds
[gmrf_wind_mapping_node-2] --> MAP did not converge after 1 iterations.
[gmrf_wind_mapping_node-2] [GMRF] MAP Mean value estimated in 10.7053 milliseconds
[gmrf_wind_mapping_node-2] --> MAP did not converge after 1 iterations.
[gmrf_wind_mapping_node-2] [GMRF] MAP Mean value estimated in 10.7054 milliseconds
[gmrf_wind_mapping_node-2] --> MAP did not converge after 1 iterations.
[gmrf_wind_mapping_node-2] [GMRF] MAP Mean value estimated in 10.7035 milliseconds
[gmrf_wind_mapping_node-2] --> MAP did not converge after 1 iterations.
[gmrf_wind_mapping_node-2] [GMRF] MAP Mean value estimated in 10.7022 milliseconds
[gsl_actionserver_node-3] [INFO] [1788890936.107941402] [GSL]: 10 gas measurements, 10 wind measurements over 1.92 seconds
[gsl_actionserver_node-3] [INFO] [1788890936.108012179] [GSL]: avg_gas=5.6;  avg_windSpeed=0.0019;  avg_wind_dir=0.36
[gsl_actionserver_node-3] [INFO] [1788890936.108672261] [GSL]: [33mGAS HIT[0m
[gsl_actionserver_node-3] [INFO] [1788890936.108685312] [GSL]: [DEBUG-WIND] useGroundTruth=false gmrf_req_size=626 gaden_req_size=-1
[gsl_actionserver_node-3] [INFO] [1788890936.108694483] [GSL]: [DEBUG-WIND] Taking GMRF path
[gsl_actionserver_node-3] [INFO] [1788890936.190695664] [GSL - Trace]: [32mEntering StopAndMeasure[0m
[gmrf_wind_mapping_node-2] --> MAP did not converge after 1 iterations.
[gmrf_wind_mapping_node-2] [GMRF] MAP Mean value estimated in 10.7033 milliseconds
[gmrf_wind_mapping_node-2] --> MAP did not converge after 1 iterations.
[gmrf_wind_mapping_node-2] [GMRF] MAP Mean value estimated in 10.7035 milliseconds
[gmrf_wind_mapping_node-2] --> MAP did not converge after 1 iterations.
[gmrf_wind_mapping_node-2] [GMRF] MAP Mean value estimated in 10.7026 milliseconds
[gmrf_wind_mapping_node-2] --> MAP did not converge after 1 iterations.
[gmrf_wind_mapping_node-2] [GMRF] MAP Mean value estimated in 10.7033 milliseconds
[gmrf_wind_mapping_node-2] --> MAP did not converge after 1 iterations.
[gmrf_wind_mapping_node-2] [GMRF] MAP Mean value estimated in 10.7044 milliseconds
[gmrf_wind_mapping_node-2] --> MAP did not converge after 1 iterations.
[gmrf_wind_mapping_node-2] [GMRF] MAP Mean value estimated in 10.7036 milliseconds
[gmrf_wind_mapping_node-2] --> MAP did not converge after 1 iterations.
[gmrf_wind_mapping_node-2] [GMRF] MAP Mean value estimated in 10.7017 milliseconds
[gmrf_wind_mapping_node-2] --> MAP did not converge after 1 iterations.
[gmrf_wind_mapping_node-2] [GMRF] MAP Mean value estimated in 10.7004 milliseconds
[gmrf_wind_mapping_node-2] --> MAP did not converge after 1 iterations.
[gmrf_wind_mapping_node-2] [GMRF] MAP Mean value estimated in 10.7015 milliseconds
[gmrf_wind_mapping_node-2] --> MAP did not converge after 1 iterations.
[gmrf_wind_mapping_node-2] [GMRF] MAP Mean value estimated in 10.7002 milliseconds
[gmrf_wind_mapping_node-2] --> MAP did not converge after 1 iterations.
[gmrf_wind_mapping_node-2] [GMRF] MAP Mean value estimated in 10.7023 milliseconds
[gmrf_wind_mapping_node-2] --> MAP did not converge after 1 iterations.
[gmrf_wind_mapping_node-2] [GMRF] MAP Mean value estimated in 10.704 milliseconds
[gmrf_wind_mapping_node-2] --> MAP did not converge after 1 iterations.
[gmrf_wind_mapping_node-2] [GMRF] MAP Mean value estimated in 10.7021 milliseconds
[gmrf_wind_mapping_node-2] --> MAP did not converge after 1 iterations.
[gmrf_wind_mapping_node-2] [GMRF] MAP Mean value estimated in 10.7028 milliseconds
[gmrf_wind_mapping_node-2] --> MAP did not converge after 1 iterations.
[gmrf_wind_mapping_node-2] [GMRF] MAP Mean value estimated in 10.7044 milliseconds
[gmrf_wind_mapping_node-2] --> MAP did not converge after 1 iterations.
[gmrf_wind_mapping_node-2] [GMRF] MAP Mean value estimated in 10.7051 milliseconds
[gmrf_wind_mapping_node-2] --> MAP did not converge after 1 iterations.
[gmrf_wind_mapping_node-2] [GMRF] MAP Mean value estimated in 10.7077 milliseconds
[gmrf_wind_mapping_node-2] --> MAP did not converge after 1 iterations.
[gmrf_wind_mapping_node-2] [GMRF] MAP Mean value estimated in 10.7074 milliseconds
[gmrf_wind_mapping_node-2] --> MAP did not converge after 1 iterations.
[gmrf_wind_mapping_node-2] [GMRF] MAP Mean value estimated in 10.709 milliseconds
[gmrf_wind_mapping_node-2] --> MAP did not converge after 1 iterations.
[gmrf_wind_mapping_node-2] [GMRF] MAP Mean value estimated in 10.7071 milliseconds
[gsl_actionserver_node-3] [INFO] [1788890938.107718691] [GSL]: 10 gas measurements, 10 wind measurements over 1.92 seconds
[gsl_actionserver_node-3] [INFO] [1788890938.107773772] [GSL]: avg_gas=5.6;  avg_windSpeed=0.00084;  avg_wind_dir=0.12
[gsl_actionserver_node-3] [INFO] [1788890938.108286291] [GSL]: [33mGAS HIT[0m
[gsl_actionserver_node-3] [INFO] [1788890938.108296445] [GSL]: [DEBUG-WIND] useGroundTruth=false gmrf_req_size=626 gaden_req_size=-1
[gsl_actionserver_node-3] [INFO] [1788890938.108499705] [GSL]: [DEBUG-WIND] Taking GMRF path
[gsl_actionserver_node-3] [INFO] [1788890938.190578688] [GSL - Trace]: [32mEntering StopAndMeasure[0m
[gmrf_wind_mapping_node-2] --> MAP did not converge after 1 iterations.
[gmrf_wind_mapping_node-2] [GMRF] MAP Mean value estimated in 10.7083 milliseconds
[gmrf_wind_mapping_node-2] --> MAP did not converge after 1 iterations.
[gmrf_wind_mapping_node-2] [GMRF] MAP Mean value estimated in 10.7094 milliseconds
[gmrf_wind_mapping_node-2] --> MAP did not converge after 1 iterations.
[gmrf_wind_mapping_node-2] [GMRF] MAP Mean value estimated in 10.7081 milliseconds
[gmrf_wind_mapping_node-2] --> MAP did not converge after 1 iterations.
[gmrf_wind_mapping_node-2] [GMRF] MAP Mean value estimated in 10.7087 milliseconds
[gmrf_wind_mapping_node-2] --> MAP did not converge after 1 iterations.
[gmrf_wind_mapping_node-2] [GMRF] MAP Mean value estimated in 10.7089 milliseconds
[gmrf_wind_mapping_node-2] --> MAP did not converge after 1 iterations.
[gmrf_wind_mapping_node-2] [GMRF] MAP Mean value estimated in 10.708 milliseconds
[gmrf_wind_mapping_node-2] --> MAP did not converge after 1 iterations.
[gmrf_wind_mapping_node-2] [GMRF] MAP Mean value estimated in 10.7107 milliseconds
[gmrf_wind_mapping_node-2] --> MAP did not converge after 1 iterations.
[gmrf_wind_mapping_node-2] [GMRF] MAP Mean value estimated in 10.7088 milliseconds
[gmrf_wind_mapping_node-2] --> MAP did not converge after 1 iterations.
[gmrf_wind_mapping_node-2] [GMRF] MAP Mean value estimated in 10.7095 milliseconds
[gmrf_wind_mapping_node-2] --> MAP did not converge after 1 iterations.
[gmrf_wind_mapping_node-2] [GMRF] MAP Mean value estimated in 10.7081 milliseconds
[gmrf_wind_mapping_node-2] --> MAP did not converge after 1 iterations.
[gmrf_wind_mapping_node-2] [GMRF] MAP Mean value estimated in 10.7087 milliseconds
[gmrf_wind_mapping_node-2] --> MAP did not converge after 1 iterations.
[gmrf_wind_mapping_node-2] [GMRF] MAP Mean value estimated in 10.7079 milliseconds
[gmrf_wind_mapping_node-2] --> MAP did not converge after 1 iterations.
[gmrf_wind_mapping_node-2] [GMRF] MAP Mean value estimated in 10.7075 milliseconds
[gmrf_wind_mapping_node-2] --> MAP did not converge after 1 iterations.
[gmrf_wind_mapping_node-2] [GMRF] MAP Mean value estimated in 10.7072 milliseconds
[gmrf_wind_mapping_node-2] --> MAP did not converge after 1 iterations.
[gmrf_wind_mapping_node-2] [GMRF] MAP Mean value estimated in 10.7098 milliseconds
[gmrf_wind_mapping_node-2] --> MAP did not converge after 1 iterations.
[gmrf_wind_mapping_node-2] [GMRF] MAP Mean value estimated in 10.7095 milliseconds
[gmrf_wind_mapping_node-2] --> MAP did not converge after 1 iterations.
[gmrf_wind_mapping_node-2] [GMRF] MAP Mean value estimated in 10.7121 milliseconds
[gmrf_wind_mapping_node-2] --> MAP did not converge after 1 iterations.
[gmrf_wind_mapping_node-2] [GMRF] MAP Mean value estimated in 10.7122 milliseconds
[gmrf_wind_mapping_node-2] --> MAP did not converge after 1 iterations.
[gmrf_wind_mapping_node-2] [GMRF] MAP Mean value estimated in 10.7124 milliseconds
[gmrf_wind_mapping_node-2] --> MAP did not converge after 1 iterations.
[gmrf_wind_mapping_node-2] [GMRF] MAP Mean value estimated in 10.7105 milliseconds
[gsl_actionserver_node-3] [INFO] [1788890940.107749690] [GSL]: 10 gas measurements, 10 wind measurements over 1.92 seconds
[gsl_actionserver_node-3] [INFO] [1788890940.107872605] [GSL]: avg_gas=2.5;  avg_windSpeed=0.00014;  avg_wind_dir=1.7
[gsl_actionserver_node-3] [INFO] [1788890940.108698930] [GSL]: [33mGAS HIT[0m
[gsl_actionserver_node-3] [INFO] [1788890940.108719891] [GSL]: [DEBUG-WIND] useGroundTruth=false gmrf_req_size=626 gaden_req_size=-1
[gsl_actionserver_node-3] [INFO] [1788890940.108729968] [GSL]: [DEBUG-WIND] Taking GMRF path
[gsl_actionserver_node-3] [INFO] [1788890940.190506743] [GSL - Trace]: [32mEntering StopAndMeasure[0m
[gmrf_wind_mapping_node-2] --> MAP did not converge after 1 iterations.
[gmrf_wind_mapping_node-2] [GMRF] MAP Mean value estimated in 10.7122 milliseconds
[gmrf_wind_mapping_node-2] --> MAP did not converge after 1 iterations.
[gmrf_wind_mapping_node-2] [GMRF] MAP Mean value estimated in 10.7108 milliseconds
[gmrf_wind_mapping_node-2] --> MAP did not converge after 1 iterations.
[gmrf_wind_mapping_node-2] [GMRF] MAP Mean value estimated in 10.709 milliseconds
[gmrf_wind_mapping_node-2] --> MAP did not converge after 1 iterations.
[gmrf_wind_mapping_node-2] [GMRF] MAP Mean value estimated in 10.7077 milliseconds
[gmrf_wind_mapping_node-2] --> MAP did not converge after 1 iterations.
[gmrf_wind_mapping_node-2] [GMRF] MAP Mean value estimated in 10.7058 milliseconds
[gmrf_wind_mapping_node-2] --> MAP did not converge after 1 iterations.
[gmrf_wind_mapping_node-2] [GMRF] MAP Mean value estimated in 10.705 milliseconds
[gmrf_wind_mapping_node-2] --> MAP did not converge after 1 iterations.
[gmrf_wind_mapping_node-2] [GMRF] MAP Mean value estimated in 10.7032 milliseconds
[gmrf_wind_mapping_node-2] --> MAP did not converge after 1 iterations.
[gmrf_wind_mapping_node-2] [GMRF] MAP Mean value estimated in 10.7013 milliseconds
[gmrf_wind_mapping_node-2] --> MAP did not converge after 1 iterations.
[gmrf_wind_mapping_node-2] [GMRF] MAP Mean value estimated in 10.703 milliseconds
[gmrf_wind_mapping_node-2] --> MAP did not converge after 1 iterations.
[gmrf_wind_mapping_node-2] [GMRF] MAP Mean value estimated in 10.7041 milliseconds
[gmrf_wind_mapping_node-2] --> MAP did not converge after 1 iterations.
[gmrf_wind_mapping_node-2] [GMRF] MAP Mean value estimated in 10.7042 milliseconds
[gmrf_wind_mapping_node-2] --> MAP did not converge after 1 iterations.
[gmrf_wind_mapping_node-2] [GMRF] MAP Mean value estimated in 10.7039 milliseconds
[gmrf_wind_mapping_node-2] --> MAP did not converge after 1 iterations.
[gmrf_wind_mapping_node-2] [GMRF] MAP Mean value estimated in 10.7055 milliseconds
[gmrf_wind_mapping_node-2] --> MAP did not converge after 1 iterations.
[gmrf_wind_mapping_node-2] [GMRF] MAP Mean value estimated in 10.7042 milliseconds
[gmrf_wind_mapping_node-2] --> MAP did not converge after 1 iterations.
[gmrf_wind_mapping_node-2] [GMRF] MAP Mean value estimated in 10.7024 milliseconds
[gmrf_wind_mapping_node-2] --> MAP did not converge after 1 iterations.
[gmrf_wind_mapping_node-2] [GMRF] MAP Mean value estimated in 10.704 milliseconds
[gmrf_wind_mapping_node-2] --> MAP did not converge after 1 iterations.
[gmrf_wind_mapping_node-2] [GMRF] MAP Mean value estimated in 10.7061 milliseconds
[gmrf_wind_mapping_node-2] --> MAP did not converge after 1 iterations.
[gmrf_wind_mapping_node-2] [GMRF] MAP Mean value estimated in 10.7092 milliseconds
[gmrf_wind_mapping_node-2] --> MAP did not converge after 1 iterations.
[gmrf_wind_mapping_node-2] [GMRF] MAP Mean value estimated in 10.7074 milliseconds
[gmrf_wind_mapping_node-2] --> MAP did not converge after 1 iterations.
[gmrf_wind_mapping_node-2] [GMRF] MAP Mean value estimated in 10.706 milliseconds
[gsl_actionserver_node-3] [INFO] [1788890942.107714553] [GSL]: 10 gas measurements, 10 wind measurements over 1.92 seconds
[gsl_actionserver_node-3] [INFO] [1788890942.107782638] [GSL]: avg_gas=0.47;  avg_windSpeed=0.00093;  avg_wind_dir=-0.075
[gsl_actionserver_node-3] [INFO] [1788890942.108343428] [GSL]: [33mGAS HIT[0m
[gsl_actionserver_node-3] [INFO] [1788890942.108365771] [GSL]: [DEBUG-WIND] useGroundTruth=false gmrf_req_size=626 gaden_req_size=-1
[gsl_actionserver_node-3] [INFO] [1788890942.108372853] [GSL]: [DEBUG-WIND] Taking GMRF path
[gsl_actionserver_node-3] [INFO] [1788890942.190464523] [GSL]: [33mStarted simulations. Might take a while![0m
[gmrf_wind_mapping_node-2] --> MAP did not converge after 1 iterations.
[gmrf_wind_mapping_node-2] [GMRF] MAP Mean value estimated in 10.7086 milliseconds
[gmrf_wind_mapping_node-2] --> MAP did not converge after 1 iterations.
[gmrf_wind_mapping_node-2] [GMRF] MAP Mean value estimated in 10.7107 milliseconds
[gmrf_wind_mapping_node-2] --> MAP did not converge after 1 iterations.
[gmrf_wind_mapping_node-2] [GMRF] MAP Mean value estimated in 10.7143 milliseconds
[gmrf_wind_mapping_node-2] --> MAP did not converge after 1 iterations.
[gmrf_wind_mapping_node-2] [GMRF] MAP Mean value estimated in 10.7178 milliseconds
[gsl_actionserver_node-3] [INFO] [1788890942.558671960] [GSL]: CER contrastive context initialized: events=64, candidates=74, transport_members=3, fixed_ratio_weight=1, context_within_member=true, centered_log_odds=true, transport_pool=robust_log_variance
[gsl_actionserver_node-3] [INFO] [1788890942.559706701] [GSL - Trace]: [32mFirst simulation level done[0m
[gsl_actionserver_node-3] [INFO] [1788890942.559738705] [GSL]: [RC2-DIAG] scores_size=74 refineFraction=0.25 refine_product=18.5 valid_first_level=74 sum_sourceProbInternal_before_norm=135.02278279581006 min_sourceProbInternal_before_norm=0 max_sourceProbInternal_before_norm=0.999200279944007 finite_sourceProbInternal=1102 finite_varianceOfHitProb=1102
[gmrf_wind_mapping_node-2] --> MAP did not converge after 1 iterations.
[gmrf_wind_mapping_node-2] [GMRF] MAP Mean value estimated in 10.7195 milliseconds
[gmrf_wind_mapping_node-2] --> MAP did not converge after 1 iterations.
[gmrf_wind_mapping_node-2] [GMRF] MAP Mean value estimated in 10.7211 milliseconds
[gmrf_wind_mapping_node-2] --> MAP did not converge after 1 iterations.
[gmrf_wind_mapping_node-2] [GMRF] MAP Mean value estimated in 10.7217 milliseconds
[gsl_actionserver_node-3] [INFO] [1788890942.891224526] [GSL - Trace]: [32mSimulation level 2 done[0m
[gmrf_wind_mapping_node-2] --> MAP did not converge after 1 iterations.
[gmrf_wind_mapping_node-2] [GMRF] MAP Mean value estimated in 10.7233 milliseconds
[gmrf_wind_mapping_node-2] --> MAP did not converge after 1 iterations.
[gmrf_wind_mapping_node-2] [GMRF] MAP Mean value estimated in 10.7249 milliseconds
[gmrf_wind_mapping_node-2] --> MAP did not converge after 1 iterations.
[gmrf_wind_mapping_node-2] [GMRF] MAP Mean value estimated in 10.7231 milliseconds
[gsl_actionserver_node-3] [INFO] [1788890943.120480923] [GSL - Trace]: [32mSimulation level 3 done[0m
[gmrf_wind_mapping_node-2] --> MAP did not converge after 1 iterations.
[gmrf_wind_mapping_node-2] [GMRF] MAP Mean value estimated in 10.7222 milliseconds
[gsl_actionserver_node-3] [INFO] [1788890943.225698146] [GSL - Trace]: [32mSimulation level 4 done[0m
[gsl_actionserver_node-3] [INFO] [1788890943.229841983] [GSL - Trace]: [32mSimulation level 5 done[0m
[gsl_actionserver_node-3] [INFO] [1788890943.230113573] [GSL]: Number of levels in the simulation: 5
[gsl_actionserver_node-3] [INFO] [1788890943.230135720] [GSL]: Total number of simulations: 200
[gsl_actionserver_node-3] [INFO] [1788890943.231059455] [GSL]: CORE sequential event-time commit: window_start=56, new_events=8, committed_total=64
[gsl_actionserver_node-3] [INFO] [1788890943.231078496] [GSL]: [RC2-DIAG] normalized_finite_count=1102 normalized_sum=1
[gsl_actionserver_node-3] [INFO] [1788890943.231085935] [GSL]: Time ellapsed in simulation = 1.04056433 s
[gsl_actionserver_node-3] [INFO] [1788890943.234350329] [GSL]: Max mutual info: 2.485
[gsl_actionserver_node-3] [INFO] [1788890943.234453967] [GSL]: MutualInformation - Ellapsed: 0.003s
[vgr_sim_node-1] [WARN] [1788890943.237404919] [vgr_uav_sim]: PLAN_CB: called with goal=(-1.10,-5.33)
[vgr_sim_node-1] [WARN] [1788890943.238360215] [vgr_uav_sim]: PLAN_CB: returning 4 poses
[vgr_sim_node-1] [WARN] [1788890943.246007868] [vgr_uav_sim]: PLAN_CB: called with goal=(-1.10,-5.33)
[vgr_sim_node-1] [WARN] [1788890943.247008007] [vgr_uav_sim]: PLAN_CB: returning 4 poses
[gsl_actionserver_node-3] [INFO] [1788890943.253708358] [GSL]: Sending goal (-1.10, -5.33)
[gsl_actionserver_node-3] [INFO] [1788890943.254377242] [GSL]: Variance: 0.96
[gsl_actionserver_node-3] [INFO] [1788890943.254580946] [GSL - Trace]: [32mEntering Moving[0m
[vgr_sim_node-1] [INFO] [1788890943.257325193] [vgr_uav_sim]: Prepared 4 collision-free navigation waypoints to (-1.10, -5.33)
[vgr_sim_node-1] [INFO] [1788890943.258784767] [vgr_uav_sim]: UAV navigating in audited 2-D mode to (-1.10, -5.33, 0.30)
[gmrf_wind_mapping_node-2] --> MAP did not converge after 1 iterations.
[gmrf_wind_mapping_node-2] [GMRF] MAP Mean value estimated in 10.7204 milliseconds
[gmrf_wind_mapping_node-2] --> MAP did not converge after 1 iterations.
[gmrf_wind_mapping_node-2] [GMRF] MAP Mean value estimated in 10.7201 milliseconds
[gmrf_wind_mapping_node-2] --> MAP did not converge after 1 iterations.
[gmrf_wind_mapping_node-2] [GMRF] MAP Mean value estimated in 10.7202 milliseconds
[gmrf_wind_mapping_node-2] --> MAP did not converge after 1 iterations.
[gmrf_wind_mapping_node-2] [GMRF] MAP Mean value estimated in 10.7213 milliseconds
[gmrf_wind_mapping_node-2] --> MAP did not converge after 1 iterations.
[gmrf_wind_mapping_node-2] [GMRF] MAP Mean value estimated in 10.7195 milliseconds
[gsl_actionserver_node-3] [INFO] [1788890943.762182786] [GSL - Trace]: [32mEntering StopAndMeasure[0m
[gmrf_wind_mapping_node-2] --> MAP did not converge after 1 iterations.
[gmrf_wind_mapping_node-2] [GMRF] MAP Mean value estimated in 10.7206 milliseconds
[gmrf_wind_mapping_node-2] --> MAP did not converge after 1 iterations.
[gmrf_wind_mapping_node-2] [GMRF] MAP Mean value estimated in 10.7198 milliseconds
[gmrf_wind_mapping_node-2] --> MAP did not converge after 1 iterations.
[gmrf_wind_mapping_node-2] [GMRF] MAP Mean value estimated in 10.718 milliseconds
[gmrf_wind_mapping_node-2] --> MAP did not converge after 1 iterations.
[gmrf_wind_mapping_node-2] [GMRF] MAP Mean value estimated in 10.7162 milliseconds
[gmrf_wind_mapping_node-2] --> MAP did not converge after 1 iterations.
[gmrf_wind_mapping_node-2] [GMRF] MAP Mean value estimated in 10.7168 milliseconds
[gmrf_wind_mapping_node-2] --> MAP did not converge after 1 iterations.
[gmrf_wind_mapping_node-2] [GMRF] MAP Mean value estimated in 10.7174 milliseconds
[gmrf_wind_mapping_node-2] --> MAP did not converge after 1 iterations.
[gmrf_wind_mapping_node-2] [GMRF] MAP Mean value estimated in 10.7156 milliseconds
[gmrf_wind_mapping_node-2] --> MAP did not converge after 1 iterations.
[gmrf_wind_mapping_node-2] [GMRF] MAP Mean value estimated in 10.7143 milliseconds
[gmrf_wind_mapping_node-2] --> MAP did not converge after 1 iterations.
[gmrf_wind_mapping_node-2] [GMRF] MAP Mean value estimated in 10.7125 milliseconds
[gmrf_wind_mapping_node-2] --> MAP did not converge after 1 iterations.
[gmrf_wind_mapping_node-2] [GMRF] MAP Mean value estimated in 10.7107 milliseconds
[gmrf_wind_mapping_node-2] --> MAP did not converge after 1 iterations.
[gmrf_wind_mapping_node-2] [GMRF] MAP Mean value estimated in 10.7089 milliseconds
[gmrf_wind_mapping_node-2] --> MAP did not converge after 1 iterations.
[gmrf_wind_mapping_node-2] [GMRF] MAP Mean value estimated in 10.7076 milliseconds
[gmrf_wind_mapping_node-2] --> MAP did not converge after 1 iterations.
[gmrf_wind_mapping_node-2] [GMRF] MAP Mean value estimated in 10.7058 milliseconds
[gmrf_wind_mapping_node-2] --> MAP did not converge after 1 iterations.
[gmrf_wind_mapping_node-2] [GMRF] MAP Mean value estimated in 10.7045 milliseconds
[gmrf_wind_mapping_node-2] --> MAP did not converge after 1 iterations.
[gmrf_wind_mapping_node-2] [GMRF] MAP Mean value estimated in 10.7027 milliseconds
[gmrf_wind_mapping_node-2] --> MAP did not converge after 1 iterations.
[gmrf_wind_mapping_node-2] [GMRF] MAP Mean value estimated in 10.7009 milliseconds
[gmrf_wind_mapping_node-2] --> MAP did not converge after 1 iterations.
[gmrf_wind_mapping_node-2] [GMRF] MAP Mean value estimated in 10.6996 milliseconds
[gmrf_wind_mapping_node-2] --> MAP did not converge after 1 iterations.
[gmrf_wind_mapping_node-2] [GMRF] MAP Mean value estimated in 10.6993 milliseconds
[gmrf_wind_mapping_node-2] --> MAP did not converge after 1 iterations.
[gmrf_wind_mapping_node-2] [GMRF] MAP Mean value estimated in 10.6999 milliseconds
[gmrf_wind_mapping_node-2] --> MAP did not converge after 1 iterations.
[gmrf_wind_mapping_node-2] [GMRF] MAP Mean value estimated in 10.7 milliseconds
[gsl_actionserver_node-3] [INFO] [1788890945.740918845] [GSL]: 10 gas measurements, 10 wind measurements over 1.98 seconds
[gsl_actionserver_node-3] [INFO] [1788890945.740977591] [GSL]: avg_gas=0.023;  avg_windSpeed=0.0042;  avg_wind_dir=0.71
[gsl_actionserver_node-3] [INFO] [1788890945.741802494] [GSL]: [33mNOTHING [0m
[gsl_actionserver_node-3] [INFO] [1788890945.741817680] [GSL]: [DEBUG-WIND] useGroundTruth=false gmrf_req_size=626 gaden_req_size=-1
[gsl_actionserver_node-3] [INFO] [1788890945.741824496] [GSL]: [DEBUG-WIND] Taking GMRF path
[gsl_actionserver_node-3] [INFO] [1788890945.791167516] [GSL - Trace]: [32mEntering StopAndMeasure[0m
[gmrf_wind_mapping_node-2] --> MAP did not converge after 1 iterations.
[gmrf_wind_mapping_node-2] [GMRF] MAP Mean value estimated in 10.7016 milliseconds
[gmrf_wind_mapping_node-2] --> MAP did not converge after 1 iterations.
[gmrf_wind_mapping_node-2] [GMRF] MAP Mean value estimated in 10.7027 milliseconds
[gmrf_wind_mapping_node-2] --> MAP did not converge after 1 iterations.
[gmrf_wind_mapping_node-2] [GMRF] MAP Mean value estimated in 10.7048 milliseconds
[gmrf_wind_mapping_node-2] --> MAP did not converge after 1 iterations.
[gmrf_wind_mapping_node-2] [GMRF] MAP Mean value estimated in 10.7054 milliseconds
[gmrf_wind_mapping_node-2] --> MAP did not converge after 1 iterations.
[gmrf_wind_mapping_node-2] [GMRF] MAP Mean value estimated in 10.7061 milliseconds
[gmrf_wind_mapping_node-2] --> MAP did not converge after 1 iterations.
[gmrf_wind_mapping_node-2] [GMRF] MAP Mean value estimated in 10.7067 milliseconds
[gmrf_wind_mapping_node-2] --> MAP did not converge after 1 iterations.
[gmrf_wind_mapping_node-2] [GMRF] MAP Mean value estimated in 10.7078 milliseconds
[gmrf_wind_mapping_node-2] --> MAP did not converge after 1 iterations.
[gmrf_wind_mapping_node-2] [GMRF] MAP Mean value estimated in 10.7089 milliseconds
[gmrf_wind_mapping_node-2] --> MAP did not converge after 1 iterations.
[gmrf_wind_mapping_node-2] [GMRF] MAP Mean value estimated in 10.7109 milliseconds
[gmrf_wind_mapping_node-2] --> MAP did not converge after 1 iterations.
[gmrf_wind_mapping_node-2] [GMRF] MAP Mean value estimated in 10.7106 milliseconds
[gmrf_wind_mapping_node-2] --> MAP did not converge after 1 iterations.
[gmrf_wind_mapping_node-2] [GMRF] MAP Mean value estimated in 10.7141 milliseconds
[gmrf_wind_mapping_node-2] --> MAP did not converge after 1 iterations.
[gmrf_wind_mapping_node-2] [GMRF] MAP Mean value estimated in 10.7157 milliseconds
[gmrf_wind_mapping_node-2] --> MAP did not converge after 1 iterations.
[gmrf_wind_mapping_node-2] [GMRF] MAP Mean value estimated in 10.7163 milliseconds
[gmrf_wind_mapping_node-2] --> MAP did not converge after 1 iterations.
[gmrf_wind_mapping_node-2] [GMRF] MAP Mean value estimated in 10.7145 milliseconds
[gmrf_wind_mapping_node-2] --> MAP did not converge after 1 iterations.
[gmrf_wind_mapping_node-2] [GMRF] MAP Mean value estimated in 10.7165 milliseconds
[gmrf_wind_mapping_node-2] --> MAP did not converge after 1 iterations.
[gmrf_wind_mapping_node-2] [GMRF] MAP Mean value estimated in 10.7152 milliseconds
[gmrf_wind_mapping_node-2] --> MAP did not converge after 1 iterations.
[gmrf_wind_mapping_node-2] [GMRF] MAP Mean value estimated in 10.7154 milliseconds
[gmrf_wind_mapping_node-2] --> MAP did not converge after 1 iterations.
[gmrf_wind_mapping_node-2] [GMRF] MAP Mean value estimated in 10.7165 milliseconds
[gmrf_wind_mapping_node-2] --> MAP did not converge after 1 iterations.
[gmrf_wind_mapping_node-2] [GMRF] MAP Mean value estimated in 10.7185 milliseconds
[gmrf_wind_mapping_node-2] --> MAP did not converge after 1 iterations.
[gmrf_wind_mapping_node-2] [GMRF] MAP Mean value estimated in 10.7182 milliseconds
[gsl_actionserver_node-3] [INFO] [1788890947.705720056] [GSL]: 10 gas measurements, 10 wind measurements over 1.91 seconds
[gsl_actionserver_node-3] [INFO] [1788890947.705782997] [GSL]: avg_gas=0.0044;  avg_windSpeed=0.027;  avg_wind_dir=1.1
[gsl_actionserver_node-3] [INFO] [1788890947.706335268] [GSL]: [33mNOTHING [0m
[gsl_actionserver_node-3] [INFO] [1788890947.706345251] [GSL]: [DEBUG-WIND] useGroundTruth=false gmrf_req_size=626 gaden_req_size=-1
[gsl_actionserver_node-3] [INFO] [1788890947.706352229] [GSL]: [DEBUG-WIND] Taking GMRF path
[gsl_actionserver_node-3] [INFO] [1788890947.791212473] [GSL - Trace]: [32mEntering StopAndMeasure[0m
[gmrf_wind_mapping_node-2] --> MAP did not converge after 1 iterations.
[gmrf_wind_mapping_node-2] [GMRF] MAP Mean value estimated in 10.7202 milliseconds
[gmrf_wind_mapping_node-2] --> MAP did not converge after 1 iterations.
[gmrf_wind_mapping_node-2] [GMRF] MAP Mean value estimated in 10.7199 milliseconds
[gmrf_wind_mapping_node-2] --> MAP did not converge after 1 iterations.
[gmrf_wind_mapping_node-2] [GMRF] MAP Mean value estimated in 10.7219 milliseconds
[gmrf_wind_mapping_node-2] --> MAP did not converge after 1 iterations.
[gmrf_wind_mapping_node-2] [GMRF] MAP Mean value estimated in 10.7225 milliseconds
[gmrf_wind_mapping_node-2] --> MAP did not converge after 1 iterations.
[gmrf_wind_mapping_node-2] [GMRF] MAP Mean value estimated in 10.7222 milliseconds
[gmrf_wind_mapping_node-2] --> MAP did not converge after 1 iterations.
[gmrf_wind_mapping_node-2] [GMRF] MAP Mean value estimated in 10.7209 milliseconds
[gmrf_wind_mapping_node-2] --> MAP did not converge after 1 iterations.
[gmrf_wind_mapping_node-2] [GMRF] MAP Mean value estimated in 10.7201 milliseconds
[gmrf_wind_mapping_node-2] --> MAP did not converge after 1 iterations.
[gmrf_wind_mapping_node-2] [GMRF] MAP Mean value estimated in 10.7188 milliseconds
[gmrf_wind_mapping_node-2] --> MAP did not converge after 1 iterations.
[gmrf_wind_mapping_node-2] [GMRF] MAP Mean value estimated in 10.7208 milliseconds
[gmrf_wind_mapping_node-2] --> MAP did not converge after 1 iterations.
[gmrf_wind_mapping_node-2] [GMRF] MAP Mean value estimated in 10.7214 milliseconds
[gmrf_wind_mapping_node-2] --> MAP did not converge after 1 iterations.
[gmrf_wind_mapping_node-2] [GMRF] MAP Mean value estimated in 10.7196 milliseconds
[gmrf_wind_mapping_node-2] --> MAP did not converge after 1 iterations.
[gmrf_wind_mapping_node-2] [GMRF] MAP Mean value estimated in 10.7179 milliseconds
[gmrf_wind_mapping_node-2] --> MAP did not converge after 1 iterations.
[gmrf_wind_mapping_node-2] [GMRF] MAP Mean value estimated in 10.7161 milliseconds
[gmrf_wind_mapping_node-2] --> MAP did not converge after 1 iterations.
[gmrf_wind_mapping_node-2] [GMRF] MAP Mean value estimated in 10.7144 milliseconds
[gmrf_wind_mapping_node-2] --> MAP did not converge after 1 iterations.
[gmrf_wind_mapping_node-2] [GMRF] MAP Mean value estimated in 10.7164 milliseconds
[gmrf_wind_mapping_node-2] --> MAP did not converge after 1 iterations.
[gmrf_wind_mapping_node-2] [GMRF] MAP Mean value estimated in 10.7175 milliseconds
[gmrf_wind_mapping_node-2] --> MAP did not converge after 1 iterations.
[gmrf_wind_mapping_node-2] [GMRF] MAP Mean value estimated in 10.7157 milliseconds
[gmrf_wind_mapping_node-2] --> MAP did not converge after 1 iterations.
[gmrf_wind_mapping_node-2] [GMRF] MAP Mean value estimated in 10.7149 milliseconds
[gmrf_wind_mapping_node-2] --> MAP did not converge after 1 iterations.
[gmrf_wind_mapping_node-2] [GMRF] MAP Mean value estimated in 10.7164 milliseconds
[gmrf_wind_mapping_node-2] --> MAP did not converge after 1 iterations.
[gmrf_wind_mapping_node-2] [GMRF] MAP Mean value estimated in 10.7166 milliseconds
[gsl_actionserver_node-3] [INFO] [1788890949.705598008] [GSL]: 10 gas measurements, 10 wind measurements over 1.91 seconds
[gsl_actionserver_node-3] [INFO] [1788890949.705663014] [GSL]: avg_gas=0.00084;  avg_windSpeed=0.0042;  avg_wind_dir=0.71
[gsl_actionserver_node-3] [INFO] [1788890949.706459535] [GSL]: [33mNOTHING [0m
[gsl_actionserver_node-3] [INFO] [1788890949.706471415] [GSL]: [DEBUG-WIND] useGroundTruth=false gmrf_req_size=626 gaden_req_size=-1
[gsl_actionserver_node-3] [INFO] [1788890949.706478257] [GSL]: [DEBUG-WIND] Taking GMRF path
[gsl_actionserver_node-3] [INFO] [1788890949.791070574] [GSL - Trace]: [32mEntering StopAndMeasure[0m
[gmrf_wind_mapping_node-2] --> MAP did not converge after 1 iterations.
[gmrf_wind_mapping_node-2] [GMRF] MAP Mean value estimated in 10.7177 milliseconds
[gmrf_wind_mapping_node-2] --> MAP did not converge after 1 iterations.
[gmrf_wind_mapping_node-2] [GMRF] MAP Mean value estimated in 10.7178 milliseconds
[gmrf_wind_mapping_node-2] --> MAP did not converge after 1 iterations.
[gmrf_wind_mapping_node-2] [GMRF] MAP Mean value estimated in 10.7198 milliseconds
[gmrf_wind_mapping_node-2] --> MAP did not converge after 1 iterations.
[gmrf_wind_mapping_node-2] [GMRF] MAP Mean value estimated in 10.7195 milliseconds
[gmrf_wind_mapping_node-2] --> MAP did not converge after 1 iterations.
[gmrf_wind_mapping_node-2] [GMRF] MAP Mean value estimated in 10.7215 milliseconds
[gmrf_wind_mapping_node-2] --> MAP did not converge after 1 iterations.
[gmrf_wind_mapping_node-2] [GMRF] MAP Mean value estimated in 10.7226 milliseconds
[gmrf_wind_mapping_node-2] --> MAP did not converge after 1 iterations.
[gmrf_wind_mapping_node-2] [GMRF] MAP Mean value estimated in 10.7222 milliseconds
[gmrf_wind_mapping_node-2] --> MAP did not converge after 1 iterations.
[gmrf_wind_mapping_node-2] [GMRF] MAP Mean value estimated in 10.7233 milliseconds
[gmrf_wind_mapping_node-2] --> MAP did not converge after 1 iterations.
[gmrf_wind_mapping_node-2] [GMRF] MAP Mean value estimated in 10.7248 milliseconds
[gmrf_wind_mapping_node-2] --> MAP did not converge after 1 iterations.
[gmrf_wind_mapping_node-2] [GMRF] MAP Mean value estimated in 10.7254 milliseconds
[gmrf_wind_mapping_node-2] --> MAP did not converge after 1 iterations.
[gmrf_wind_mapping_node-2] [GMRF] MAP Mean value estimated in 10.7284 milliseconds
[gmrf_wind_mapping_node-2] --> MAP did not converge after 1 iterations.
[gmrf_wind_mapping_node-2] [GMRF] MAP Mean value estimated in 10.729 milliseconds
[gmrf_wind_mapping_node-2] --> MAP did not converge after 1 iterations.
[gmrf_wind_mapping_node-2] [GMRF] MAP Mean value estimated in 10.7296 milliseconds
[gmrf_wind_mapping_node-2] --> MAP did not converge after 1 iterations.
[gmrf_wind_mapping_node-2] [GMRF] MAP Mean value estimated in 10.7302 milliseconds
[gmrf_wind_mapping_node-2] --> MAP did not converge after 1 iterations.
[gmrf_wind_mapping_node-2] [GMRF] MAP Mean value estimated in 10.7326 milliseconds
[gmrf_wind_mapping_node-2] --> MAP did not converge after 1 iterations.
[gmrf_wind_mapping_node-2] [GMRF] MAP Mean value estimated in 10.7337 milliseconds
[gmrf_wind_mapping_node-2] --> MAP did not converge after 1 iterations.
[gmrf_wind_mapping_node-2] [GMRF] MAP Mean value estimated in 10.7357 milliseconds
[gmrf_wind_mapping_node-2] --> MAP did not converge after 1 iterations.
[gmrf_wind_mapping_node-2] [GMRF] MAP Mean value estimated in 10.7349 milliseconds
[gmrf_wind_mapping_node-2] --> MAP did not converge after 1 iterations.
[gmrf_wind_mapping_node-2] [GMRF] MAP Mean value estimated in 10.7374 milliseconds
[gmrf_wind_mapping_node-2] --> MAP did not converge after 1 iterations.
[gmrf_wind_mapping_node-2] [GMRF] MAP Mean value estimated in 10.7365 milliseconds
[gsl_actionserver_node-3] [INFO] [1788890951.705643026] [GSL]: 10 gas measurements, 10 wind measurements over 1.91 seconds
[gsl_actionserver_node-3] [INFO] [1788890951.705696941] [GSL]: avg_gas=0.00016;  avg_windSpeed=0.027;  avg_wind_dir=1.1
[gsl_actionserver_node-3] [INFO] [1788890951.706252824] [GSL]: [33mNOTHING [0m
[gsl_actionserver_node-3] [INFO] [1788890951.706280698] [GSL]: [DEBUG-WIND] useGroundTruth=false gmrf_req_size=626 gaden_req_size=-1
[gsl_actionserver_node-3] [INFO] [1788890951.706287888] [GSL]: [DEBUG-WIND] Taking GMRF path
[gsl_actionserver_node-3] [INFO] [1788890951.791247489] [GSL - Trace]: [32mEntering StopAndMeasure[0m
[gmrf_wind_mapping_node-2] --> MAP did not converge after 1 iterations.
[gmrf_wind_mapping_node-2] [GMRF] MAP Mean value estimated in 10.739 milliseconds
[gmrf_wind_mapping_node-2] --> MAP did not converge after 1 iterations.
[gmrf_wind_mapping_node-2] [GMRF] MAP Mean value estimated in 10.7387 milliseconds
[gmrf_wind_mapping_node-2] --> MAP did not converge after 1 iterations.
[gmrf_wind_mapping_node-2] [GMRF] MAP Mean value estimated in 10.7411 milliseconds
[gmrf_wind_mapping_node-2] --> MAP did not converge after 1 iterations.
[gmrf_wind_mapping_node-2] [GMRF] MAP Mean value estimated in 10.7398 milliseconds
[gmrf_wind_mapping_node-2] --> MAP did not converge after 1 iterations.
[gmrf_wind_mapping_node-2] [GMRF] MAP Mean value estimated in 10.7381 milliseconds
[gmrf_wind_mapping_node-2] --> MAP did not converge after 1 iterations.
[gmrf_wind_mapping_node-2] [GMRF] MAP Mean value estimated in 10.7392 milliseconds
[gmrf_wind_mapping_node-2] --> MAP did not converge after 1 iterations.
[gmrf_wind_mapping_node-2] [GMRF] MAP Mean value estimated in 10.7374 milliseconds
[gmrf_wind_mapping_node-2] --> MAP did not converge after 1 iterations.
[gmrf_wind_mapping_node-2] [GMRF] MAP Mean value estimated in 10.7361 milliseconds
[gmrf_wind_mapping_node-2] --> MAP did not converge after 1 iterations.
[gmrf_wind_mapping_node-2] [GMRF] MAP Mean value estimated in 10.7344 milliseconds
[gmrf_wind_mapping_node-2] --> MAP did not converge after 1 iterations.
[gmrf_wind_mapping_node-2] [GMRF] MAP Mean value estimated in 10.734 milliseconds
[gmrf_wind_mapping_node-2] --> MAP did not converge after 1 iterations.
[gmrf_wind_mapping_node-2] [GMRF] MAP Mean value estimated in 10.7346 milliseconds
[gmrf_wind_mapping_node-2] --> MAP did not converge after 1 iterations.
[gmrf_wind_mapping_node-2] [GMRF] MAP Mean value estimated in 10.7352 milliseconds
[gmrf_wind_mapping_node-2] --> MAP did not converge after 1 iterations.
[gmrf_wind_mapping_node-2] [GMRF] MAP Mean value estimated in 10.7358 milliseconds
[gmrf_wind_mapping_node-2] --> MAP did not converge after 1 iterations.
[gmrf_wind_mapping_node-2] [GMRF] MAP Mean value estimated in 10.7341 milliseconds
[gmrf_wind_mapping_node-2] --> MAP did not converge after 1 iterations.
[gmrf_wind_mapping_node-2] [GMRF] MAP Mean value estimated in 10.7356 milliseconds
[gmrf_wind_mapping_node-2] --> MAP did not converge after 1 iterations.
[gmrf_wind_mapping_node-2] [GMRF] MAP Mean value estimated in 10.7362 milliseconds
[gmrf_wind_mapping_node-2] --> MAP did not converge after 1 iterations.
[gmrf_wind_mapping_node-2] [GMRF] MAP Mean value estimated in 10.7382 milliseconds
[gmrf_wind_mapping_node-2] --> MAP did not converge after 1 iterations.
[gmrf_wind_mapping_node-2] [GMRF] MAP Mean value estimated in 10.7383 milliseconds
[gmrf_wind_mapping_node-2] --> MAP did not converge after 1 iterations.
[gmrf_wind_mapping_node-2] [GMRF] MAP Mean value estimated in 10.7365 milliseconds
[gmrf_wind_mapping_node-2] --> MAP did not converge after 1 iterations.
[gmrf_wind_mapping_node-2] [GMRF] MAP Mean value estimated in 10.7362 milliseconds
[gsl_actionserver_node-3] [INFO] [1788890953.705603683] [GSL]: 10 gas measurements, 10 wind measurements over 1.91 seconds
[gsl_actionserver_node-3] [INFO] [1788890953.705670826] [GSL]: avg_gas=3e-05;  avg_windSpeed=0.0042;  avg_wind_dir=0.71
[gsl_actionserver_node-3] [INFO] [1788890953.706495826] [GSL]: [33mNOTHING [0m
[gsl_actionserver_node-3] [INFO] [1788890953.706515762] [GSL]: [DEBUG-WIND] useGroundTruth=false gmrf_req_size=626 gaden_req_size=-1
[gsl_actionserver_node-3] [INFO] [1788890953.706522736] [GSL]: [DEBUG-WIND] Taking GMRF path
[gsl_actionserver_node-3] [INFO] [1788890953.790720680] [GSL - Trace]: [32mEntering StopAndMeasure[0m
[gmrf_wind_mapping_node-2] --> MAP did not converge after 1 iterations.
[gmrf_wind_mapping_node-2] [GMRF] MAP Mean value estimated in 10.7368 milliseconds
[gmrf_wind_mapping_node-2] --> MAP did not converge after 1 iterations.
[gmrf_wind_mapping_node-2] [GMRF] MAP Mean value estimated in 10.736 milliseconds
[gmrf_wind_mapping_node-2] --> MAP did not converge after 1 iterations.
[gmrf_wind_mapping_node-2] [GMRF] MAP Mean value estimated in 10.7352 milliseconds
[gmrf_wind_mapping_node-2] --> MAP did not converge after 1 iterations.
[gmrf_wind_mapping_node-2] [GMRF] MAP Mean value estimated in 10.7335 milliseconds
[gmrf_wind_mapping_node-2] --> MAP did not converge after 1 iterations.
[gmrf_wind_mapping_node-2] [GMRF] MAP Mean value estimated in 10.734 milliseconds
[gmrf_wind_mapping_node-2] --> MAP did not converge after 1 iterations.
[gmrf_wind_mapping_node-2] [GMRF] MAP Mean value estimated in 10.7351 milliseconds
[gmrf_wind_mapping_node-2] --> MAP did not converge after 1 iterations.
[gmrf_wind_mapping_node-2] [GMRF] MAP Mean value estimated in 10.7334 milliseconds
[gmrf_wind_mapping_node-2] --> MAP did not converge after 1 iterations.
[gmrf_wind_mapping_node-2] [GMRF] MAP Mean value estimated in 10.733 milliseconds
[gmrf_wind_mapping_node-2] --> MAP did not converge after 1 iterations.
[gmrf_wind_mapping_node-2] [GMRF] MAP Mean value estimated in 10.7322 milliseconds
[gmrf_wind_mapping_node-2] --> MAP did not converge after 1 iterations.
[gmrf_wind_mapping_node-2] [GMRF] MAP Mean value estimated in 10.731 milliseconds
[gmrf_wind_mapping_node-2] --> MAP did not converge after 1 iterations.
[gmrf_wind_mapping_node-2] [GMRF] MAP Mean value estimated in 10.732 milliseconds
[gmrf_wind_mapping_node-2] --> MAP did not converge after 1 iterations.
[gmrf_wind_mapping_node-2] [GMRF] MAP Mean value estimated in 10.7312 milliseconds
[gmrf_wind_mapping_node-2] --> MAP did not converge after 1 iterations.
[gmrf_wind_mapping_node-2] [GMRF] MAP Mean value estimated in 10.7313 milliseconds
[gmrf_wind_mapping_node-2] --> MAP did not converge after 1 iterations.
[gmrf_wind_mapping_node-2] [GMRF] MAP Mean value estimated in 10.7296 milliseconds
[gmrf_wind_mapping_node-2] --> MAP did not converge after 1 iterations.
[gmrf_wind_mapping_node-2] [GMRF] MAP Mean value estimated in 10.7307 milliseconds
[gmrf_wind_mapping_node-2] --> MAP did not converge after 1 iterations.
[gmrf_wind_mapping_node-2] [GMRF] MAP Mean value estimated in 10.7299 milliseconds
[gmrf_wind_mapping_node-2] --> MAP did not converge after 1 iterations.
[gmrf_wind_mapping_node-2] [GMRF] MAP Mean value estimated in 10.73 milliseconds
[gmrf_wind_mapping_node-2] --> MAP did not converge after 1 iterations.
[gmrf_wind_mapping_node-2] [GMRF] MAP Mean value estimated in 10.7306 milliseconds
[gmrf_wind_mapping_node-2] --> MAP did not converge after 1 iterations.
[gmrf_wind_mapping_node-2] [GMRF] MAP Mean value estimated in 10.7289 milliseconds
[gmrf_wind_mapping_node-2] --> MAP did not converge after 1 iterations.
[gmrf_wind_mapping_node-2] [GMRF] MAP Mean value estimated in 10.7285 milliseconds
[gsl_actionserver_node-3] [INFO] [1788890955.705619548] [GSL]: 10 gas measurements, 10 wind measurements over 1.91 seconds
[gsl_actionserver_node-3] [INFO] [1788890955.705674972] [GSL]: avg_gas=5.6e-06;  avg_windSpeed=0.027;  avg_wind_dir=1.1
[gsl_actionserver_node-3] [INFO] [1788890955.706220385] [GSL]: [33mNOTHING [0m
[gsl_actionserver_node-3] [INFO] [1788890955.706230420] [GSL]: [DEBUG-WIND] useGroundTruth=false gmrf_req_size=626 gaden_req_size=-1
[gsl_actionserver_node-3] [INFO] [1788890955.706237253] [GSL]: [DEBUG-WIND] Taking GMRF path
[gsl_actionserver_node-3] [INFO] [1788890955.791039907] [GSL - Trace]: [32mEntering StopAndMeasure[0m
[gmrf_wind_mapping_node-2] --> MAP did not converge after 1 iterations.
[gmrf_wind_mapping_node-2] [GMRF] MAP Mean value estimated in 10.7309 milliseconds
[gmrf_wind_mapping_node-2] --> MAP did not converge after 1 iterations.
[gmrf_wind_mapping_node-2] [GMRF] MAP Mean value estimated in 10.7306 milliseconds
[gmrf_wind_mapping_node-2] --> MAP did not converge after 1 iterations.
[gmrf_wind_mapping_node-2] [GMRF] MAP Mean value estimated in 10.7326 milliseconds
[gmrf_wind_mapping_node-2] --> MAP did not converge after 1 iterations.
[gmrf_wind_mapping_node-2] [GMRF] MAP Mean value estimated in 10.7309 milliseconds
[gmrf_wind_mapping_node-2] --> MAP did not converge after 1 iterations.
[gmrf_wind_mapping_node-2] [GMRF] MAP Mean value estimated in 10.7324 milliseconds
[gmrf_wind_mapping_node-2] --> MAP did not converge after 1 iterations.
[gmrf_wind_mapping_node-2] [GMRF] MAP Mean value estimated in 10.7334 milliseconds
[gmrf_wind_mapping_node-2] --> MAP did not converge after 1 iterations.
[gmrf_wind_mapping_node-2] [GMRF] MAP Mean value estimated in 10.7353 milliseconds
[gmrf_wind_mapping_node-2] --> MAP did not converge after 1 iterations.
[gmrf_wind_mapping_node-2] [GMRF] MAP Mean value estimated in 10.7355 milliseconds
[gmrf_wind_mapping_node-2] --> MAP did not converge after 1 iterations.
[gmrf_wind_mapping_node-2] [GMRF] MAP Mean value estimated in 10.737 milliseconds
[gmrf_wind_mapping_node-2] --> MAP did not converge after 1 iterations.
[gmrf_wind_mapping_node-2] [GMRF] MAP Mean value estimated in 10.7371 milliseconds
[gmrf_wind_mapping_node-2] --> MAP did not converge after 1 iterations.
[gmrf_wind_mapping_node-2] [GMRF] MAP Mean value estimated in 10.7386 milliseconds
[gmrf_wind_mapping_node-2] --> MAP did not converge after 1 iterations.
[gmrf_wind_mapping_node-2] [GMRF] MAP Mean value estimated in 10.7373 milliseconds
[gmrf_wind_mapping_node-2] --> MAP did not converge after 1 iterations.
[gmrf_wind_mapping_node-2] [GMRF] MAP Mean value estimated in 10.7388 milliseconds
[gmrf_wind_mapping_node-2] --> MAP did not converge after 1 iterations.
[gmrf_wind_mapping_node-2] [GMRF] MAP Mean value estimated in 10.7376 milliseconds
[gmrf_wind_mapping_node-2] --> MAP did not converge after 1 iterations.
[gmrf_wind_mapping_node-2] [GMRF] MAP Mean value estimated in 10.7377 milliseconds
[gmrf_wind_mapping_node-2] --> MAP did not converge after 1 iterations.
[gmrf_wind_mapping_node-2] [GMRF] MAP Mean value estimated in 10.7383 milliseconds
[gmrf_wind_mapping_node-2] --> MAP did not converge after 1 iterations.
[gmrf_wind_mapping_node-2] [GMRF] MAP Mean value estimated in 10.7388 milliseconds
[gmrf_wind_mapping_node-2] --> MAP did not converge after 1 iterations.
[gmrf_wind_mapping_node-2] [GMRF] MAP Mean value estimated in 10.739 milliseconds
[gmrf_wind_mapping_node-2] --> MAP did not converge after 1 iterations.
[gmrf_wind_mapping_node-2] [GMRF] MAP Mean value estimated in 10.7395 milliseconds
[gmrf_wind_mapping_node-2] --> MAP did not converge after 1 iterations.
[gmrf_wind_mapping_node-2] [GMRF] MAP Mean value estimated in 10.7387 milliseconds
[gsl_actionserver_node-3] [INFO] [1788890957.705635133] [GSL]: 10 gas measurements, 10 wind measurements over 1.91 seconds
[gsl_actionserver_node-3] [INFO] [1788890957.705702492] [GSL]: avg_gas=1.1e-06;  avg_windSpeed=0.0042;  avg_wind_dir=0.71
[gsl_actionserver_node-3] [INFO] [1788890957.706217226] [GSL]: [33mNOTHING [0m
[gsl_actionserver_node-3] [INFO] [1788890957.706470246] [GSL]: [DEBUG-WIND] useGroundTruth=false gmrf_req_size=626 gaden_req_size=-1
[gsl_actionserver_node-3] [INFO] [1788890957.706483017] [GSL]: [DEBUG-WIND] Taking GMRF path
[gsl_actionserver_node-3] [INFO] [1788890957.790830221] [GSL - Trace]: [32mEntering StopAndMeasure[0m
[gmrf_wind_mapping_node-2] --> MAP did not converge after 1 iterations.
[gmrf_wind_mapping_node-2] [GMRF] MAP Mean value estimated in 10.7375 milliseconds
[gmrf_wind_mapping_node-2] --> MAP did not converge after 1 iterations.
[gmrf_wind_mapping_node-2] [GMRF] MAP Mean value estimated in 10.7376 milliseconds
[gmrf_wind_mapping_node-2] --> MAP did not converge after 1 iterations.
[gmrf_wind_mapping_node-2] [GMRF] MAP Mean value estimated in 10.7391 milliseconds
[gmrf_wind_mapping_node-2] --> MAP did not converge after 1 iterations.
[gmrf_wind_mapping_node-2] [GMRF] MAP Mean value estimated in 10.7401 milliseconds
[gmrf_wind_mapping_node-2] --> MAP did not converge after 1 iterations.
[gmrf_wind_mapping_node-2] [GMRF] MAP Mean value estimated in 10.7421 milliseconds
[gmrf_wind_mapping_node-2] --> MAP did not converge after 1 iterations.
[gmrf_wind_mapping_node-2] [GMRF] MAP Mean value estimated in 10.7431 milliseconds
[gmrf_wind_mapping_node-2] --> MAP did not converge after 1 iterations.
[gmrf_wind_mapping_node-2] [GMRF] MAP Mean value estimated in 10.7414 milliseconds
[gmrf_wind_mapping_node-2] --> MAP did not converge after 1 iterations.
[gmrf_wind_mapping_node-2] [GMRF] MAP Mean value estimated in 10.742 milliseconds
[gmrf_wind_mapping_node-2] --> MAP did not converge after 1 iterations.
[gmrf_wind_mapping_node-2] [GMRF] MAP Mean value estimated in 10.743 milliseconds
[gmrf_wind_mapping_node-2] --> MAP did not converge after 1 iterations.
[gmrf_wind_mapping_node-2] [GMRF] MAP Mean value estimated in 10.7417 milliseconds
[gmrf_wind_mapping_node-2] --> MAP did not converge after 1 iterations.
[gmrf_wind_mapping_node-2] [GMRF] MAP Mean value estimated in 10.7437 milliseconds
[gmrf_wind_mapping_node-2] --> MAP did not converge after 1 iterations.
[gmrf_wind_mapping_node-2] [GMRF] MAP Mean value estimated in 10.742 milliseconds
[gmrf_wind_mapping_node-2] --> MAP did not converge after 1 iterations.
[gmrf_wind_mapping_node-2] [GMRF] MAP Mean value estimated in 10.7403 milliseconds
[gmrf_wind_mapping_node-2] --> MAP did not converge after 1 iterations.
[gmrf_wind_mapping_node-2] [GMRF] MAP Mean value estimated in 10.7386 milliseconds
[gmrf_wind_mapping_node-2] --> MAP did not converge after 1 iterations.
[gmrf_wind_mapping_node-2] [GMRF] MAP Mean value estimated in 10.7369 milliseconds
[gmrf_wind_mapping_node-2] --> MAP did not converge after 1 iterations.
[gmrf_wind_mapping_node-2] [GMRF] MAP Mean value estimated in 10.7352 milliseconds
[gmrf_wind_mapping_node-2] --> MAP did not converge after 1 iterations.
[gmrf_wind_mapping_node-2] [GMRF] MAP Mean value estimated in 10.7335 milliseconds
[gmrf_wind_mapping_node-2] --> MAP did not converge after 1 iterations.
[gmrf_wind_mapping_node-2] [GMRF] MAP Mean value estimated in 10.7345 milliseconds
[gmrf_wind_mapping_node-2] --> MAP did not converge after 1 iterations.
[gmrf_wind_mapping_node-2] [GMRF] MAP Mean value estimated in 10.7329 milliseconds
[gmrf_wind_mapping_node-2] --> MAP did not converge after 1 iterations.
[gmrf_wind_mapping_node-2] [GMRF] MAP Mean value estimated in 10.7334 milliseconds
[gsl_actionserver_node-3] [INFO] [1788890959.705615816] [GSL]: 10 gas measurements, 10 wind measurements over 1.91 seconds
[gsl_actionserver_node-3] [INFO] [1788890959.705669966] [GSL]: avg_gas=2e-07;  avg_windSpeed=0.027;  avg_wind_dir=1.1
[gsl_actionserver_node-3] [INFO] [1788890959.706191740] [GSL]: [33mNOTHING [0m
[gsl_actionserver_node-3] [INFO] [1788890959.706201922] [GSL]: [DEBUG-WIND] useGroundTruth=false gmrf_req_size=626 gaden_req_size=-1
[gsl_actionserver_node-3] [INFO] [1788890959.706208816] [GSL]: [DEBUG-WIND] Taking GMRF path
[gsl_actionserver_node-3] [INFO] [1788890959.790426263] [GSL]: [33mStarted simulations. Might take a while![0m
[gmrf_wind_mapping_node-2] --> MAP did not converge after 1 iterations.
[gmrf_wind_mapping_node-2] [GMRF] MAP Mean value estimated in 10.7344 milliseconds
[gmrf_wind_mapping_node-2] --> MAP did not converge after 1 iterations.
[gmrf_wind_mapping_node-2] [GMRF] MAP Mean value estimated in 10.7355 milliseconds
[gmrf_wind_mapping_node-2] --> MAP did not converge after 1 iterations.
[gmrf_wind_mapping_node-2] [GMRF] MAP Mean value estimated in 10.7374 milliseconds
[gmrf_wind_mapping_node-2] --> MAP did not converge after 1 iterations.
[gmrf_wind_mapping_node-2] [GMRF] MAP Mean value estimated in 10.7389 milliseconds
[gsl_actionserver_node-3] [INFO] [1788890960.167057193] [GSL]: CER contrastive context initialized: events=72, candidates=74, transport_members=3, fixed_ratio_weight=1, context_within_member=true, centered_log_odds=true, transport_pool=robust_log_variance
[gsl_actionserver_node-3] [INFO] [1788890960.170046241] [GSL - Trace]: [32mFirst simulation level done[0m
[gsl_actionserver_node-3] [INFO] [1788890960.170319520] [GSL]: [RC2-DIAG] scores_size=74 refineFraction=0.25 refine_product=18.5 valid_first_level=74 sum_sourceProbInternal_before_norm=158.81580429911025 min_sourceProbInternal_before_norm=0 max_sourceProbInternal_before_norm=0.3089801640060487 finite_sourceProbInternal=1102 finite_varianceOfHitProb=1102
[gmrf_wind_mapping_node-2] --> MAP did not converge after 1 iterations.
[gmrf_wind_mapping_node-2] [GMRF] MAP Mean value estimated in 10.7394 milliseconds
[gmrf_wind_mapping_node-2] --> MAP did not converge after 1 iterations.
[gmrf_wind_mapping_node-2] [GMRF] MAP Mean value estimated in 10.744 milliseconds
[gmrf_wind_mapping_node-2] --> MAP did not converge after 1 iterations.
[gmrf_wind_mapping_node-2] [GMRF] MAP Mean value estimated in 10.7442 milliseconds
[gsl_actionserver_node-3] [INFO] [1788890960.428443165] [GSL - Trace]: [32mSimulation level 2 done[0m
[gmrf_wind_mapping_node-2] --> MAP did not converge after 1 iterations.
[gmrf_wind_mapping_node-2] [GMRF] MAP Mean value estimated in 10.7456 milliseconds
[gmrf_wind_mapping_node-2] --> MAP did not converge after 1 iterations.
[gmrf_wind_mapping_node-2] [GMRF] MAP Mean value estimated in 10.7475 milliseconds
[gsl_actionserver_node-3] [INFO] [1788890960.642118737] [GSL - Trace]: [32mSimulation level 3 done[0m
[gmrf_wind_mapping_node-2] --> MAP did not converge after 1 iterations.
[gmrf_wind_mapping_node-2] [GMRF] MAP Mean value estimated in 10.7485 milliseconds
[gsl_actionserver_node-3] [INFO] [1788890960.756774459] [GSL - Trace]: [32mSimulation level 4 done[0m
[gsl_actionserver_node-3] [INFO] [1788890960.757617097] [GSL - Trace]: [32mSimulation level 5 done[0m
[gsl_actionserver_node-3] [INFO] [1788890960.757740389] [GSL]: Number of levels in the simulation: 5
[gsl_actionserver_node-3] [INFO] [1788890960.757748014] [GSL]: Total number of simulations: 190
[gsl_actionserver_node-3] [INFO] [1788890960.758311830] [GSL]: CORE sequential event-time commit: window_start=64, new_events=8, committed_total=72
[gsl_actionserver_node-3] [INFO] [1788890960.758334565] [GSL]: [RC2-DIAG] normalized_finite_count=1102 normalized_sum=1
[gsl_actionserver_node-3] [INFO] [1788890960.759011927] [GSL]: Time ellapsed in simulation = 0.96853359 s
[gsl_actionserver_node-3] [INFO] [1788890960.762641002] [GSL]: Max mutual info: 2.345
[gsl_actionserver_node-3] [INFO] [1788890960.763328321] [GSL]: MutualInformation - Ellapsed: 0.004s
[vgr_sim_node-1] [WARN] [1788890960.769877867] [vgr_uav_sim]: PLAN_CB: called with goal=(-3.20,2.17)
[vgr_sim_node-1] [WARN] [1788890960.779243064] [vgr_uav_sim]: PLAN_CB: returning 31 poses
[vgr_sim_node-1] [WARN] [1788890960.791201227] [vgr_uav_sim]: PLAN_CB: called with goal=(-3.20,2.17)
[vgr_sim_node-1] [WARN] [1788890960.796375679] [vgr_uav_sim]: PLAN_CB: returning 31 poses
[gmrf_wind_mapping_node-2] --> MAP did not converge after 1 iterations.
[gmrf_wind_mapping_node-2] [GMRF] MAP Mean value estimated in 10.7473 milliseconds
[gsl_actionserver_node-3] [INFO] [1788890960.806445697] [GSL]: Sending goal (-3.20, 2.17)
[gsl_actionserver_node-3] [INFO] [1788890960.807043399] [GSL]: Variance: 5.63
[gsl_actionserver_node-3] [INFO] [1788890960.807082670] [GSL - Trace]: [32mEntering Moving[0m
[vgr_sim_node-1] [INFO] [1788890960.812124549] [vgr_uav_sim]: Prepared 31 collision-free navigation waypoints to (-3.20, 2.17)
[vgr_sim_node-1] [INFO] [1788890960.813121695] [vgr_uav_sim]: UAV navigating in audited 2-D mode to (-3.20, 2.17, 0.30)
[gmrf_wind_mapping_node-2] --> MAP did not converge after 1 iterations.
[gmrf_wind_mapping_node-2] [GMRF] MAP Mean value estimated in 10.7479 milliseconds
[gmrf_wind_mapping_node-2] --> MAP did not converge after 1 iterations.
[gmrf_wind_mapping_node-2] [GMRF] MAP Mean value estimated in 10.7498 milliseconds
[gmrf_wind_mapping_node-2] --> MAP did not converge after 1 iterations.
[gmrf_wind_mapping_node-2] [GMRF] MAP Mean value estimated in 10.7481 milliseconds
[gmrf_wind_mapping_node-2] --> MAP did not converge after 1 iterations.
[gmrf_wind_mapping_node-2] [GMRF] MAP Mean value estimated in 10.7469 milliseconds
[gmrf_wind_mapping_node-2] --> MAP did not converge after 1 iterations.
[gmrf_wind_mapping_node-2] [GMRF] MAP Mean value estimated in 10.7456 milliseconds
[gmrf_wind_mapping_node-2] --> MAP did not converge after 1 iterations.
[gmrf_wind_mapping_node-2] [GMRF] MAP Mean value estimated in 10.7435 milliseconds
[gmrf_wind_mapping_node-2] --> MAP did not converge after 1 iterations.
[gmrf_wind_mapping_node-2] [GMRF] MAP Mean value estimated in 10.7445 milliseconds
[gmrf_wind_mapping_node-2] --> MAP did not converge after 1 iterations.
[gmrf_wind_mapping_node-2] [GMRF] MAP Mean value estimated in 10.746 milliseconds
[gmrf_wind_mapping_node-2] --> MAP did not converge after 1 iterations.
[gmrf_wind_mapping_node-2] [GMRF] MAP Mean value estimated in 10.7452 milliseconds
[gmrf_wind_mapping_node-2] --> MAP did not converge after 1 iterations.
[gmrf_wind_mapping_node-2] [GMRF] MAP Mean value estimated in 10.7435 milliseconds
[gmrf_wind_mapping_node-2] --> MAP did not converge after 1 iterations.
[gmrf_wind_mapping_node-2] [GMRF] MAP Mean value estimated in 10.7427 milliseconds
[gmrf_wind_mapping_node-2] --> MAP did not converge after 1 iterations.
[gmrf_wind_mapping_node-2] [GMRF] MAP Mean value estimated in 10.7446 milliseconds
[gmrf_wind_mapping_node-2] --> MAP did not converge after 1 iterations.
[gmrf_wind_mapping_node-2] [GMRF] MAP Mean value estimated in 10.7439 milliseconds
[gmrf_wind_mapping_node-2] --> MAP did not converge after 1 iterations.
[gmrf_wind_mapping_node-2] [GMRF] MAP Mean value estimated in 10.7453 milliseconds
[gmrf_wind_mapping_node-2] --> MAP did not converge after 1 iterations.
[gmrf_wind_mapping_node-2] [GMRF] MAP Mean value estimated in 10.7463 milliseconds
[gmrf_wind_mapping_node-2] --> MAP did not converge after 1 iterations.
[gmrf_wind_mapping_node-2] [GMRF] MAP Mean value estimated in 10.7478 milliseconds
[gmrf_wind_mapping_node-2] --> MAP did not converge after 1 iterations.
[gmrf_wind_mapping_node-2] [GMRF] MAP Mean value estimated in 10.7479 milliseconds
[gmrf_wind_mapping_node-2] --> MAP did not converge after 1 iterations.
[gmrf_wind_mapping_node-2] [GMRF] MAP Mean value estimated in 10.7493 milliseconds
[gmrf_wind_mapping_node-2] --> MAP did not converge after 1 iterations.
[gmrf_wind_mapping_node-2] [GMRF] MAP Mean value estimated in 10.7486 milliseconds
[gmrf_wind_mapping_node-2] --> MAP did not converge after 1 iterations.
[gmrf_wind_mapping_node-2] [GMRF] MAP Mean value estimated in 10.7491 milliseconds
[gmrf_wind_mapping_node-2] --> MAP did not converge after 1 iterations.
[gmrf_wind_mapping_node-2] [GMRF] MAP Mean value estimated in 10.7488 milliseconds
[gmrf_wind_mapping_node-2] --> MAP did not converge after 1 iterations.
[gmrf_wind_mapping_node-2] [GMRF] MAP Mean value estimated in 10.7502 milliseconds
[gmrf_wind_mapping_node-2] --> MAP did not converge after 1 iterations.
[gmrf_wind_mapping_node-2] [GMRF] MAP Mean value estimated in 10.749 milliseconds
[gmrf_wind_mapping_node-2] --> MAP did not converge after 1 iterations.
[gmrf_wind_mapping_node-2] [GMRF] MAP Mean value estimated in 10.7504 milliseconds
[gmrf_wind_mapping_node-2] --> MAP did not converge after 1 iterations.
[gmrf_wind_mapping_node-2] [GMRF] MAP Mean value estimated in 10.751 milliseconds
[gmrf_wind_mapping_node-2] --> MAP did not converge after 1 iterations.
[gmrf_wind_mapping_node-2] [GMRF] MAP Mean value estimated in 10.752 milliseconds
[gmrf_wind_mapping_node-2] --> MAP did not converge after 1 iterations.
[gmrf_wind_mapping_node-2] [GMRF] MAP Mean value estimated in 10.753 milliseconds
[gmrf_wind_mapping_node-2] --> MAP did not converge after 1 iterations.
[gmrf_wind_mapping_node-2] [GMRF] MAP Mean value estimated in 10.7549 milliseconds
[gmrf_wind_mapping_node-2] --> MAP did not converge after 1 iterations.
[gmrf_wind_mapping_node-2] [GMRF] MAP Mean value estimated in 10.7541 milliseconds
[gmrf_wind_mapping_node-2] --> MAP did not converge after 1 iterations.
[gmrf_wind_mapping_node-2] [GMRF] MAP Mean value estimated in 10.7551 milliseconds
[gmrf_wind_mapping_node-2] --> MAP did not converge after 1 iterations.
[gmrf_wind_mapping_node-2] [GMRF] MAP Mean value estimated in 10.7534 milliseconds
[gmrf_wind_mapping_node-2] --> MAP did not converge after 1 iterations.
[gmrf_wind_mapping_node-2] [GMRF] MAP Mean value estimated in 10.7553 milliseconds
[gmrf_wind_mapping_node-2] --> MAP did not converge after 1 iterations.
[gmrf_wind_mapping_node-2] [GMRF] MAP Mean value estimated in 10.7536 milliseconds
[gmrf_wind_mapping_node-2] --> MAP did not converge after 1 iterations.
[gmrf_wind_mapping_node-2] [GMRF] MAP Mean value estimated in 10.7551 milliseconds
[gmrf_wind_mapping_node-2] --> MAP did not converge after 1 iterations.
[gmrf_wind_mapping_node-2] [GMRF] MAP Mean value estimated in 10.7556 milliseconds
[gmrf_wind_mapping_node-2] --> MAP did not converge after 1 iterations.
[gmrf_wind_mapping_node-2] [GMRF] MAP Mean value estimated in 10.7575 milliseconds
[gmrf_wind_mapping_node-2] --> MAP did not converge after 1 iterations.
[gmrf_wind_mapping_node-2] [GMRF] MAP Mean value estimated in 10.7572 milliseconds
[gmrf_wind_mapping_node-2] --> MAP did not converge after 1 iterations.
[gmrf_wind_mapping_node-2] [GMRF] MAP Mean value estimated in 10.759 milliseconds
[gmrf_wind_mapping_node-2] --> MAP did not converge after 1 iterations.
[gmrf_wind_mapping_node-2] [GMRF] MAP Mean value estimated in 10.7578 milliseconds
[gmrf_wind_mapping_node-2] --> MAP did not converge after 1 iterations.
[gmrf_wind_mapping_node-2] [GMRF] MAP Mean value estimated in 10.7597 milliseconds
[gmrf_wind_mapping_node-2] --> MAP did not converge after 1 iterations.
[gmrf_wind_mapping_node-2] [GMRF] MAP Mean value estimated in 10.7598 milliseconds
[gmrf_wind_mapping_node-2] --> MAP did not converge after 1 iterations.
[gmrf_wind_mapping_node-2] [GMRF] MAP Mean value estimated in 10.7621 milliseconds
[gmrf_wind_mapping_node-2] --> MAP did not converge after 1 iterations.
[gmrf_wind_mapping_node-2] [GMRF] MAP Mean value estimated in 10.7613 milliseconds
[gmrf_wind_mapping_node-2] --> MAP did not converge after 1 iterations.
[gmrf_wind_mapping_node-2] [GMRF] MAP Mean value estimated in 10.7619 milliseconds
[gmrf_wind_mapping_node-2] --> MAP did not converge after 1 iterations.
[gmrf_wind_mapping_node-2] [GMRF] MAP Mean value estimated in 10.7615 milliseconds
[gmrf_wind_mapping_node-2] --> MAP did not converge after 1 iterations.
[gmrf_wind_mapping_node-2] [GMRF] MAP Mean value estimated in 10.7634 milliseconds
[gmrf_wind_mapping_node-2] --> MAP did not converge after 1 iterations.
[gmrf_wind_mapping_node-2] [GMRF] MAP Mean value estimated in 10.7631 milliseconds
[gmrf_wind_mapping_node-2] --> MAP did not converge after 1 iterations.
[gmrf_wind_mapping_node-2] [GMRF] MAP Mean value estimated in 10.7614 milliseconds
[gmrf_wind_mapping_node-2] --> MAP did not converge after 1 iterations.
[gmrf_wind_mapping_node-2] [GMRF] MAP Mean value estimated in 10.7606 milliseconds
[gmrf_wind_mapping_node-2] --> MAP did not converge after 1 iterations.
[gmrf_wind_mapping_node-2] [GMRF] MAP Mean value estimated in 10.7612 milliseconds
[gmrf_wind_mapping_node-2] --> MAP did not converge after 1 iterations.
[gmrf_wind_mapping_node-2] [GMRF] MAP Mean value estimated in 10.7613 milliseconds
[gmrf_wind_mapping_node-2] --> MAP did not converge after 1 iterations.
[gmrf_wind_mapping_node-2] [GMRF] MAP Mean value estimated in 10.7632 milliseconds
[gmrf_wind_mapping_node-2] --> MAP did not converge after 1 iterations.
[gmrf_wind_mapping_node-2] [GMRF] MAP Mean value estimated in 10.7615 milliseconds
[gmrf_wind_mapping_node-2] --> MAP did not converge after 1 iterations.
[gmrf_wind_mapping_node-2] [GMRF] MAP Mean value estimated in 10.7634 milliseconds
[gmrf_wind_mapping_node-2] --> MAP did not converge after 1 iterations.
[gmrf_wind_mapping_node-2] [GMRF] MAP Mean value estimated in 10.7635 milliseconds
[gmrf_wind_mapping_node-2] --> MAP did not converge after 1 iterations.
[gmrf_wind_mapping_node-2] [GMRF] MAP Mean value estimated in 10.7644 milliseconds
[gmrf_wind_mapping_node-2] --> MAP did not converge after 1 iterations.
[gmrf_wind_mapping_node-2] [GMRF] MAP Mean value estimated in 10.7646 milliseconds
[gmrf_wind_mapping_node-2] --> MAP did not converge after 1 iterations.
[gmrf_wind_mapping_node-2] [GMRF] MAP Mean value estimated in 10.7673 milliseconds
[gmrf_wind_mapping_node-2] --> MAP did not converge after 1 iterations.
[gmrf_wind_mapping_node-2] [GMRF] MAP Mean value estimated in 10.7665 milliseconds
[gmrf_wind_mapping_node-2] --> MAP did not converge after 1 iterations.
[gmrf_wind_mapping_node-2] [GMRF] MAP Mean value estimated in 10.7649 milliseconds
[gmrf_wind_mapping_node-2] --> MAP did not converge after 1 iterations.
[gmrf_wind_mapping_node-2] [GMRF] MAP Mean value estimated in 10.7637 milliseconds
[gsl_actionserver_node-3] [INFO] [1788890966.958682392] [GSL - Trace]: [32mEntering StopAndMeasure[0m
[gmrf_wind_mapping_node-2] --> MAP did not converge after 1 iterations.
[gmrf_wind_mapping_node-2] [GMRF] MAP Mean value estimated in 10.7664 milliseconds
[gmrf_wind_mapping_node-2] --> MAP did not converge after 1 iterations.
[gmrf_wind_mapping_node-2] [GMRF] MAP Mean value estimated in 10.7652 milliseconds
[gmrf_wind_mapping_node-2] --> MAP did not converge after 1 iterations.
[gmrf_wind_mapping_node-2] [GMRF] MAP Mean value estimated in 10.764 milliseconds
[gmrf_wind_mapping_node-2] --> MAP did not converge after 1 iterations.
[gmrf_wind_mapping_node-2] [GMRF] MAP Mean value estimated in 10.7632 milliseconds
[gmrf_wind_mapping_node-2] --> MAP did not converge after 1 iterations.
[gmrf_wind_mapping_node-2] [GMRF] MAP Mean value estimated in 10.7633 milliseconds
[gmrf_wind_mapping_node-2] --> MAP did not converge after 1 iterations.
[gmrf_wind_mapping_node-2] [GMRF] MAP Mean value estimated in 10.7634 milliseconds
[gmrf_wind_mapping_node-2] --> MAP did not converge after 1 iterations.
[gmrf_wind_mapping_node-2] [GMRF] MAP Mean value estimated in 10.7657 milliseconds
[gmrf_wind_mapping_node-2] --> MAP did not converge after 1 iterations.
[gmrf_wind_mapping_node-2] [GMRF] MAP Mean value estimated in 10.7645 milliseconds
[gmrf_wind_mapping_node-2] --> MAP did not converge after 1 iterations.
[gmrf_wind_mapping_node-2] [GMRF] MAP Mean value estimated in 10.7659 milliseconds
[gmrf_wind_mapping_node-2] --> MAP did not converge after 1 iterations.
[gmrf_wind_mapping_node-2] [GMRF] MAP Mean value estimated in 10.7647 milliseconds
[gmrf_wind_mapping_node-2] --> MAP did not converge after 1 iterations.
[gmrf_wind_mapping_node-2] [GMRF] MAP Mean value estimated in 10.763 milliseconds
[gmrf_wind_mapping_node-2] --> MAP did not converge after 1 iterations.
[gmrf_wind_mapping_node-2] [GMRF] MAP Mean value estimated in 10.7614 milliseconds
[gmrf_wind_mapping_node-2] --> MAP did not converge after 1 iterations.
[gmrf_wind_mapping_node-2] [GMRF] MAP Mean value estimated in 10.7602 milliseconds
[gmrf_wind_mapping_node-2] --> MAP did not converge after 1 iterations.
[gmrf_wind_mapping_node-2] [GMRF] MAP Mean value estimated in 10.7612 milliseconds
[gmrf_wind_mapping_node-2] --> MAP did not converge after 1 iterations.
[gmrf_wind_mapping_node-2] [GMRF] MAP Mean value estimated in 10.76 milliseconds
[gmrf_wind_mapping_node-2] --> MAP did not converge after 1 iterations.
[gmrf_wind_mapping_node-2] [GMRF] MAP Mean value estimated in 10.7597 milliseconds
[gmrf_wind_mapping_node-2] --> MAP did not converge after 1 iterations.
[gmrf_wind_mapping_node-2] [GMRF] MAP Mean value estimated in 10.7589 milliseconds
[gmrf_wind_mapping_node-2] --> MAP did not converge after 1 iterations.
[gmrf_wind_mapping_node-2] [GMRF] MAP Mean value estimated in 10.7607 milliseconds
[gmrf_wind_mapping_node-2] --> MAP did not converge after 1 iterations.
[gmrf_wind_mapping_node-2] [GMRF] MAP Mean value estimated in 10.7595 milliseconds
[gmrf_wind_mapping_node-2] --> MAP did not converge after 1 iterations.
[gmrf_wind_mapping_node-2] [GMRF] MAP Mean value estimated in 10.7583 milliseconds
[gsl_actionserver_node-3] [INFO] [1788890968.958605599] [GSL]: 10 gas measurements, 10 wind measurements over 2.00 seconds
[gsl_actionserver_node-3] [INFO] [1788890968.958703679] [GSL]: avg_gas=9.4e-11;  avg_windSpeed=0.024;  avg_wind_dir=-0.39
[gsl_actionserver_node-3] [INFO] [1788890968.959595609] [GSL]: [33mNOTHING [0m
[gsl_actionserver_node-3] [INFO] [1788890968.959614132] [GSL]: [DEBUG-WIND] useGroundTruth=false gmrf_req_size=626 gaden_req_size=-1
[gsl_actionserver_node-3] [INFO] [1788890968.959629846] [GSL]: [DEBUG-WIND] Taking GMRF path
[gsl_actionserver_node-3] [INFO] [1788890968.991042750] [GSL - Trace]: [32mEntering StopAndMeasure[0m
[gmrf_wind_mapping_node-2] --> MAP did not converge after 1 iterations.
[gmrf_wind_mapping_node-2] [GMRF] MAP Mean value estimated in 10.758 milliseconds
[gmrf_wind_mapping_node-2] --> MAP did not converge after 1 iterations.
[gmrf_wind_mapping_node-2] [GMRF] MAP Mean value estimated in 10.7564 milliseconds
[gmrf_wind_mapping_node-2] --> MAP did not converge after 1 iterations.
[gmrf_wind_mapping_node-2] [GMRF] MAP Mean value estimated in 10.7552 milliseconds
[gmrf_wind_mapping_node-2] --> MAP did not converge after 1 iterations.
[gmrf_wind_mapping_node-2] [GMRF] MAP Mean value estimated in 10.7549 milliseconds
[gmrf_wind_mapping_node-2] --> MAP did not converge after 1 iterations.
[gmrf_wind_mapping_node-2] [GMRF] MAP Mean value estimated in 10.7554 milliseconds
[gmrf_wind_mapping_node-2] --> MAP did not converge after 1 iterations.
[gmrf_wind_mapping_node-2] [GMRF] MAP Mean value estimated in 10.7559 milliseconds
[gmrf_wind_mapping_node-2] --> MAP did not converge after 1 iterations.
[gmrf_wind_mapping_node-2] [GMRF] MAP Mean value estimated in 10.7578 milliseconds
[gmrf_wind_mapping_node-2] --> MAP did not converge after 1 iterations.
[gmrf_wind_mapping_node-2] [GMRF] MAP Mean value estimated in 10.757 milliseconds
[gmrf_wind_mapping_node-2] --> MAP did not converge after 1 iterations.
[gmrf_wind_mapping_node-2] [GMRF] MAP Mean value estimated in 10.7584 milliseconds
[gmrf_wind_mapping_node-2] --> MAP did not converge after 1 iterations.
[gmrf_wind_mapping_node-2] [GMRF] MAP Mean value estimated in 10.7568 milliseconds
[gmrf_wind_mapping_node-2] --> MAP did not converge after 1 iterations.
[gmrf_wind_mapping_node-2] [GMRF] MAP Mean value estimated in 10.7591 milliseconds
[gmrf_wind_mapping_node-2] --> MAP did not converge after 1 iterations.
[gmrf_wind_mapping_node-2] [GMRF] MAP Mean value estimated in 10.7574 milliseconds
[gmrf_wind_mapping_node-2] --> MAP did not converge after 1 iterations.
[gmrf_wind_mapping_node-2] [GMRF] MAP Mean value estimated in 10.7593 milliseconds
[gmrf_wind_mapping_node-2] --> MAP did not converge after 1 iterations.
[gmrf_wind_mapping_node-2] [GMRF] MAP Mean value estimated in 10.7585 milliseconds
[gmrf_wind_mapping_node-2] --> MAP did not converge after 1 iterations.
[gmrf_wind_mapping_node-2] [GMRF] MAP Mean value estimated in 10.7586 milliseconds
[gmrf_wind_mapping_node-2] --> MAP did not converge after 1 iterations.
[gmrf_wind_mapping_node-2] [GMRF] MAP Mean value estimated in 10.7583 milliseconds
[gmrf_wind_mapping_node-2] --> MAP did not converge after 1 iterations.
[gmrf_wind_mapping_node-2] [GMRF] MAP Mean value estimated in 10.7605 milliseconds
[gmrf_wind_mapping_node-2] --> MAP did not converge after 1 iterations.
[gmrf_wind_mapping_node-2] [GMRF] MAP Mean value estimated in 10.7598 milliseconds
[gmrf_wind_mapping_node-2] --> MAP did not converge after 1 iterations.
[gmrf_wind_mapping_node-2] [GMRF] MAP Mean value estimated in 10.7607 milliseconds
[gmrf_wind_mapping_node-2] --> MAP did not converge after 1 iterations.
[gmrf_wind_mapping_node-2] [GMRF] MAP Mean value estimated in 10.7596 milliseconds
[gsl_actionserver_node-3] [INFO] [1788890970.908269917] [GSL]: 10 gas measurements, 10 wind measurements over 1.92 seconds
[gsl_actionserver_node-3] [INFO] [1788890970.908325183] [GSL]: avg_gas=1.8e-11;  avg_windSpeed=0.014;  avg_wind_dir=-0.27
[gsl_actionserver_node-3] [INFO] [1788890970.908947476] [GSL]: [33mNOTHING [0m
[gsl_actionserver_node-3] [INFO] [1788890970.908973593] [GSL]: [DEBUG-WIND] useGroundTruth=false gmrf_req_size=626 gaden_req_size=-1
[gsl_actionserver_node-3] [INFO] [1788890970.908980756] [GSL]: [DEBUG-WIND] Taking GMRF path
[gsl_actionserver_node-3] [INFO] [1788890970.991095657] [GSL - Trace]: [32mEntering StopAndMeasure[0m
[gmrf_wind_mapping_node-2] --> MAP did not converge after 1 iterations.
[gmrf_wind_mapping_node-2] [GMRF] MAP Mean value estimated in 10.7605 milliseconds
[gmrf_wind_mapping_node-2] --> MAP did not converge after 1 iterations.
[gmrf_wind_mapping_node-2] [GMRF] MAP Mean value estimated in 10.7589 milliseconds
[gmrf_wind_mapping_node-2] --> MAP did not converge after 1 iterations.
[gmrf_wind_mapping_node-2] [GMRF] MAP Mean value estimated in 10.7611 milliseconds
[gmrf_wind_mapping_node-2] --> MAP did not converge after 1 iterations.
[gmrf_wind_mapping_node-2] [GMRF] MAP Mean value estimated in 10.7604 milliseconds
[gmrf_wind_mapping_node-2] --> MAP did not converge after 1 iterations.
[gmrf_wind_mapping_node-2] [GMRF] MAP Mean value estimated in 10.7618 milliseconds
[gmrf_wind_mapping_node-2] --> MAP did not converge after 1 iterations.
[gmrf_wind_mapping_node-2] [GMRF] MAP Mean value estimated in 10.7619 milliseconds
[gmrf_wind_mapping_node-2] --> MAP did not converge after 1 iterations.
[gmrf_wind_mapping_node-2] [GMRF] MAP Mean value estimated in 10.7646 milliseconds
[gmrf_wind_mapping_node-2] --> MAP did not converge after 1 iterations.
[gmrf_wind_mapping_node-2] [GMRF] MAP Mean value estimated in 10.7638 milliseconds
[gmrf_wind_mapping_node-2] --> MAP did not converge after 1 iterations.
[gmrf_wind_mapping_node-2] [GMRF] MAP Mean value estimated in 10.7652 milliseconds
[gmrf_wind_mapping_node-2] --> MAP did not converge after 1 iterations.
[gmrf_wind_mapping_node-2] [GMRF] MAP Mean value estimated in 10.7636 milliseconds
[gmrf_wind_mapping_node-2] --> MAP did not converge after 1 iterations.
[gmrf_wind_mapping_node-2] [GMRF] MAP Mean value estimated in 10.7645 milliseconds
[gmrf_wind_mapping_node-2] --> MAP did not converge after 1 iterations.
[gmrf_wind_mapping_node-2] [GMRF] MAP Mean value estimated in 10.7629 milliseconds
[gmrf_wind_mapping_node-2] --> MAP did not converge after 1 iterations.
[gmrf_wind_mapping_node-2] [GMRF] MAP Mean value estimated in 10.7639 milliseconds
[gmrf_wind_mapping_node-2] --> MAP did not converge after 1 iterations.
[gmrf_wind_mapping_node-2] [GMRF] MAP Mean value estimated in 10.7644 milliseconds
[gmrf_wind_mapping_node-2] --> MAP did not converge after 1 iterations.
[gmrf_wind_mapping_node-2] [GMRF] MAP Mean value estimated in 10.7645 milliseconds
[gmrf_wind_mapping_node-2] --> MAP did not converge after 1 iterations.
[gmrf_wind_mapping_node-2] [GMRF] MAP Mean value estimated in 10.765 milliseconds
[gmrf_wind_mapping_node-2] --> MAP did not converge after 1 iterations.
[gmrf_wind_mapping_node-2] [GMRF] MAP Mean value estimated in 10.766 milliseconds
[gmrf_wind_mapping_node-2] --> MAP did not converge after 1 iterations.
[gmrf_wind_mapping_node-2] [GMRF] MAP Mean value estimated in 10.7648 milliseconds
[gmrf_wind_mapping_node-2] --> MAP did not converge after 1 iterations.
[gmrf_wind_mapping_node-2] [GMRF] MAP Mean value estimated in 10.7632 milliseconds
[gmrf_wind_mapping_node-2] --> MAP did not converge after 1 iterations.
[gmrf_wind_mapping_node-2] [GMRF] MAP Mean value estimated in 10.7616 milliseconds
[gsl_actionserver_node-3] [INFO] [1788890972.908358683] [GSL]: 10 gas measurements, 10 wind measurements over 1.92 seconds
[gsl_actionserver_node-3] [INFO] [1788890972.908421222] [GSL]: avg_gas=3.4e-12;  avg_windSpeed=0.021;  avg_wind_dir=-0.52
[gsl_actionserver_node-3] [INFO] [1788890972.908948059] [GSL]: [33mNOTHING [0m
[gsl_actionserver_node-3] [INFO] [1788890972.908956998] [GSL]: [DEBUG-WIND] useGroundTruth=false gmrf_req_size=626 gaden_req_size=-1
[gsl_actionserver_node-3] [INFO] [1788890972.908963510] [GSL]: [DEBUG-WIND] Taking GMRF path
[gsl_actionserver_node-3] [INFO] [1788890972.991139020] [GSL - Trace]: [32mEntering StopAndMeasure[0m
[gmrf_wind_mapping_node-2] --> MAP did not converge after 1 iterations.
[gmrf_wind_mapping_node-2] [GMRF] MAP Mean value estimated in 10.7626 milliseconds
[gmrf_wind_mapping_node-2] --> MAP did not converge after 1 iterations.
[gmrf_wind_mapping_node-2] [GMRF] MAP Mean value estimated in 10.761 milliseconds
[gmrf_wind_mapping_node-2] --> MAP did not converge after 1 iterations.
[gmrf_wind_mapping_node-2] [GMRF] MAP Mean value estimated in 10.7619 milliseconds
[gmrf_wind_mapping_node-2] --> MAP did not converge after 1 iterations.
[gmrf_wind_mapping_node-2] [GMRF] MAP Mean value estimated in 10.7612 milliseconds
[gmrf_wind_mapping_node-2] --> MAP did not converge after 1 iterations.
[gmrf_wind_mapping_node-2] [GMRF] MAP Mean value estimated in 10.7625 milliseconds
[gmrf_wind_mapping_node-2] --> MAP did not converge after 1 iterations.
[gmrf_wind_mapping_node-2] [GMRF] MAP Mean value estimated in 10.7631 milliseconds
[gmrf_wind_mapping_node-2] --> MAP did not converge after 1 iterations.
[gmrf_wind_mapping_node-2] [GMRF] MAP Mean value estimated in 10.7636 milliseconds
[gmrf_wind_mapping_node-2] --> MAP did not converge after 1 iterations.
[gmrf_wind_mapping_node-2] [GMRF] MAP Mean value estimated in 10.7628 milliseconds
[gmrf_wind_mapping_node-2] --> MAP did not converge after 1 iterations.
[gmrf_wind_mapping_node-2] [GMRF] MAP Mean value estimated in 10.7621 milliseconds
[gmrf_wind_mapping_node-2] --> MAP did not converge after 1 iterations.
[gmrf_wind_mapping_node-2] [GMRF] MAP Mean value estimated in 10.7613 milliseconds
[gmrf_wind_mapping_node-2] --> MAP did not converge after 1 iterations.
[gmrf_wind_mapping_node-2] [GMRF] MAP Mean value estimated in 10.7619 milliseconds
[gmrf_wind_mapping_node-2] --> MAP did not converge after 1 iterations.
[gmrf_wind_mapping_node-2] [GMRF] MAP Mean value estimated in 10.7603 milliseconds
[gmrf_wind_mapping_node-2] --> MAP did not converge after 1 iterations.
[gmrf_wind_mapping_node-2] [GMRF] MAP Mean value estimated in 10.7625 milliseconds
[gmrf_wind_mapping_node-2] --> MAP did not converge after 1 iterations.
[gmrf_wind_mapping_node-2] [GMRF] MAP Mean value estimated in 10.7626 milliseconds
[gmrf_wind_mapping_node-2] --> MAP did not converge after 1 iterations.
[gmrf_wind_mapping_node-2] [GMRF] MAP Mean value estimated in 10.7644 milliseconds
[gmrf_wind_mapping_node-2] --> MAP did not converge after 1 iterations.
[gmrf_wind_mapping_node-2] [GMRF] MAP Mean value estimated in 10.7653 milliseconds
[gmrf_wind_mapping_node-2] --> MAP did not converge after 1 iterations.
[gmrf_wind_mapping_node-2] [GMRF] MAP Mean value estimated in 10.7658 milliseconds
[gmrf_wind_mapping_node-2] --> MAP did not converge after 1 iterations.
[gmrf_wind_mapping_node-2] [GMRF] MAP Mean value estimated in 10.7651 milliseconds
[gmrf_wind_mapping_node-2] --> MAP did not converge after 1 iterations.
[gmrf_wind_mapping_node-2] [GMRF] MAP Mean value estimated in 10.7669 milliseconds
[gmrf_wind_mapping_node-2] --> MAP did not converge after 1 iterations.
[gmrf_wind_mapping_node-2] [GMRF] MAP Mean value estimated in 10.7661 milliseconds
[gsl_actionserver_node-3] [INFO] [1788890974.908265554] [GSL]: 10 gas measurements, 10 wind measurements over 1.92 seconds
[gsl_actionserver_node-3] [INFO] [1788890974.908320362] [GSL]: avg_gas=6.3e-13;  avg_windSpeed=0.017;  avg_wind_dir=-0.2
[gsl_actionserver_node-3] [INFO] [1788890974.908825450] [GSL]: [33mNOTHING [0m
[gsl_actionserver_node-3] [INFO] [1788890974.908854092] [GSL]: [DEBUG-WIND] useGroundTruth=false gmrf_req_size=626 gaden_req_size=-1
[gsl_actionserver_node-3] [INFO] [1788890974.908862276] [GSL]: [DEBUG-WIND] Taking GMRF path
[gsl_actionserver_node-3] [INFO] [1788890974.990653194] [GSL - Trace]: [32mEntering StopAndMeasure[0m
[gmrf_wind_mapping_node-2] --> MAP did not converge after 1 iterations.
[gmrf_wind_mapping_node-2] [GMRF] MAP Mean value estimated in 10.7671 milliseconds
[gmrf_wind_mapping_node-2] --> MAP did not converge after 1 iterations.
[gmrf_wind_mapping_node-2] [GMRF] MAP Mean value estimated in 10.7655 milliseconds
[gmrf_wind_mapping_node-2] --> MAP did not converge after 1 iterations.
[gmrf_wind_mapping_node-2] [GMRF] MAP Mean value estimated in 10.7648 milliseconds
[gmrf_wind_mapping_node-2] --> MAP did not converge after 1 iterations.
[gmrf_wind_mapping_node-2] [GMRF] MAP Mean value estimated in 10.7657 milliseconds
[gmrf_wind_mapping_node-2] --> MAP did not converge after 1 iterations.
[gmrf_wind_mapping_node-2] [GMRF] MAP Mean value estimated in 10.7662 milliseconds
[gmrf_wind_mapping_node-2] --> MAP did not converge after 1 iterations.
[gmrf_wind_mapping_node-2] [GMRF] MAP Mean value estimated in 10.7663 milliseconds
[gmrf_wind_mapping_node-2] --> MAP did not converge after 1 iterations.
[gmrf_wind_mapping_node-2] [GMRF] MAP Mean value estimated in 10.7681 milliseconds
[gmrf_wind_mapping_node-2] --> MAP did not converge after 1 iterations.
[gmrf_wind_mapping_node-2] [GMRF] MAP Mean value estimated in 10.7674 milliseconds
[gmrf_wind_mapping_node-2] --> MAP did not converge after 1 iterations.
[gmrf_wind_mapping_node-2] [GMRF] MAP Mean value estimated in 10.7675 milliseconds
[gmrf_wind_mapping_node-2] --> MAP did not converge after 1 iterations.
[gmrf_wind_mapping_node-2] [GMRF] MAP Mean value estimated in 10.7663 milliseconds
[gmrf_wind_mapping_node-2] --> MAP did not converge after 1 iterations.
[gmrf_wind_mapping_node-2] [GMRF] MAP Mean value estimated in 10.7672 milliseconds
[gmrf_wind_mapping_node-2] --> MAP did not converge after 1 iterations.
[gmrf_wind_mapping_node-2] [GMRF] MAP Mean value estimated in 10.7656 milliseconds
[gmrf_wind_mapping_node-2] --> MAP did not converge after 1 iterations.
[gmrf_wind_mapping_node-2] [GMRF] MAP Mean value estimated in 10.7641 milliseconds
[gmrf_wind_mapping_node-2] --> MAP did not converge after 1 iterations.
[gmrf_wind_mapping_node-2] [GMRF] MAP Mean value estimated in 10.7625 milliseconds
[gmrf_wind_mapping_node-2] --> MAP did not converge after 1 iterations.
[gmrf_wind_mapping_node-2] [GMRF] MAP Mean value estimated in 10.7609 milliseconds
[gmrf_wind_mapping_node-2] --> MAP did not converge after 1 iterations.
[gmrf_wind_mapping_node-2] [GMRF] MAP Mean value estimated in 10.7593 milliseconds
[gmrf_wind_mapping_node-2] --> MAP did not converge after 1 iterations.
[gmrf_wind_mapping_node-2] [GMRF] MAP Mean value estimated in 10.7578 milliseconds
[gmrf_wind_mapping_node-2] --> MAP did not converge after 1 iterations.
[gmrf_wind_mapping_node-2] [GMRF] MAP Mean value estimated in 10.7566 milliseconds
[gmrf_wind_mapping_node-2] --> MAP did not converge after 1 iterations.
[gmrf_wind_mapping_node-2] [GMRF] MAP Mean value estimated in 10.755 milliseconds
[gmrf_wind_mapping_node-2] --> MAP did not converge after 1 iterations.
[gmrf_wind_mapping_node-2] [GMRF] MAP Mean value estimated in 10.7539 milliseconds
[gsl_actionserver_node-3] [INFO] [1788890976.958326732] [GSL]: 10 gas measurements, 10 wind measurements over 1.97 seconds
[gsl_actionserver_node-3] [INFO] [1788890976.958377018] [GSL]: avg_gas=1.2e-13;  avg_windSpeed=0.016;  avg_wind_dir=-0.59
[gsl_actionserver_node-3] [INFO] [1788890976.958882488] [GSL]: [33mNOTHING [0m
[gsl_actionserver_node-3] [INFO] [1788890976.958892031] [GSL]: [DEBUG-WIND] useGroundTruth=false gmrf_req_size=626 gaden_req_size=-1
[gsl_actionserver_node-3] [INFO] [1788890976.958898578] [GSL]: [DEBUG-WIND] Taking GMRF path
[gsl_actionserver_node-3] [INFO] [1788890976.990429132] [GSL - Trace]: [32mEntering StopAndMeasure[0m
[gmrf_wind_mapping_node-2] --> MAP did not converge after 1 iterations.
[gmrf_wind_mapping_node-2] [GMRF] MAP Mean value estimated in 10.7523 milliseconds
[gmrf_wind_mapping_node-2] --> MAP did not converge after 1 iterations.
[gmrf_wind_mapping_node-2] [GMRF] MAP Mean value estimated in 10.7507 milliseconds
[gmrf_wind_mapping_node-2] --> MAP did not converge after 1 iterations.
[gmrf_wind_mapping_node-2] [GMRF] MAP Mean value estimated in 10.7492 milliseconds
[gmrf_wind_mapping_node-2] --> MAP did not converge after 1 iterations.
[gmrf_wind_mapping_node-2] [GMRF] MAP Mean value estimated in 10.7476 milliseconds
[gmrf_wind_mapping_node-2] --> MAP did not converge after 1 iterations.
[gmrf_wind_mapping_node-2] [GMRF] MAP Mean value estimated in 10.7473 milliseconds
[gmrf_wind_mapping_node-2] --> MAP did not converge after 1 iterations.
[gmrf_wind_mapping_node-2] [GMRF] MAP Mean value estimated in 10.747 milliseconds
[gmrf_wind_mapping_node-2] --> MAP did not converge after 1 iterations.
[gmrf_wind_mapping_node-2] [GMRF] MAP Mean value estimated in 10.7487 milliseconds
[gmrf_wind_mapping_node-2] --> MAP did not converge after 1 iterations.
[gmrf_wind_mapping_node-2] [GMRF] MAP Mean value estimated in 10.748 milliseconds
[gmrf_wind_mapping_node-2] --> MAP did not converge after 1 iterations.
[gmrf_wind_mapping_node-2] [GMRF] MAP Mean value estimated in 10.749 milliseconds
[gmrf_wind_mapping_node-2] --> MAP did not converge after 1 iterations.
[gmrf_wind_mapping_node-2] [GMRF] MAP Mean value estimated in 10.7486 milliseconds
[gmrf_wind_mapping_node-2] --> MAP did not converge after 1 iterations.
[gmrf_wind_mapping_node-2] [GMRF] MAP Mean value estimated in 10.7508 milliseconds
[gmrf_wind_mapping_node-2] --> MAP did not converge after 1 iterations.
[gmrf_wind_mapping_node-2] [GMRF] MAP Mean value estimated in 10.7497 milliseconds
[gmrf_wind_mapping_node-2] --> MAP did not converge after 1 iterations.
[gmrf_wind_mapping_node-2] [GMRF] MAP Mean value estimated in 10.7485 milliseconds
[gmrf_wind_mapping_node-2] --> MAP did not converge after 1 iterations.
[gmrf_wind_mapping_node-2] [GMRF] MAP Mean value estimated in 10.7478 milliseconds
[gmrf_wind_mapping_node-2] --> MAP did not converge after 1 iterations.
[gmrf_wind_mapping_node-2] [GMRF] MAP Mean value estimated in 10.7492 milliseconds
[gmrf_wind_mapping_node-2] --> MAP did not converge after 1 iterations.
[gmrf_wind_mapping_node-2] [GMRF] MAP Mean value estimated in 10.7489 milliseconds
[gmrf_wind_mapping_node-2] --> MAP did not converge after 1 iterations.
[gmrf_wind_mapping_node-2] [GMRF] MAP Mean value estimated in 10.751 milliseconds
[gmrf_wind_mapping_node-2] --> MAP did not converge after 1 iterations.
[gmrf_wind_mapping_node-2] [GMRF] MAP Mean value estimated in 10.7507 milliseconds
[gmrf_wind_mapping_node-2] --> MAP did not converge after 1 iterations.
[gmrf_wind_mapping_node-2] [GMRF] MAP Mean value estimated in 10.7525 milliseconds
[gmrf_wind_mapping_node-2] --> MAP did not converge after 1 iterations.
[gmrf_wind_mapping_node-2] [GMRF] MAP Mean value estimated in 10.7513 milliseconds
[gsl_actionserver_node-3] [INFO] [1788890978.958376327] [GSL]: 10 gas measurements, 10 wind measurements over 1.97 seconds
[gsl_actionserver_node-3] [INFO] [1788890978.958937649] [GSL]: avg_gas=2.3e-14;  avg_windSpeed=0.021;  avg_wind_dir=-0.18
[gsl_actionserver_node-3] [INFO] [1788890978.959687063] [GSL]: [33mNOTHING [0m
[gsl_actionserver_node-3] [INFO] [1788890978.959700602] [GSL]: [DEBUG-WIND] useGroundTruth=false gmrf_req_size=626 gaden_req_size=-1
[gsl_actionserver_node-3] [INFO] [1788890978.959710071] [GSL]: [DEBUG-WIND] Taking GMRF path
[gsl_actionserver_node-3] [INFO] [1788890978.990558410] [GSL - Trace]: [32mEntering StopAndMeasure[0m
[gmrf_wind_mapping_node-2] --> MAP did not converge after 1 iterations.
[gmrf_wind_mapping_node-2] [GMRF] MAP Mean value estimated in 10.7498 milliseconds
[gmrf_wind_mapping_node-2] --> MAP did not converge after 1 iterations.
[gmrf_wind_mapping_node-2] [GMRF] MAP Mean value estimated in 10.7491 milliseconds
[gmrf_wind_mapping_node-2] --> MAP did not converge after 1 iterations.
[gmrf_wind_mapping_node-2] [GMRF] MAP Mean value estimated in 10.7504 milliseconds
[gmrf_wind_mapping_node-2] --> MAP did not converge after 1 iterations.
[gmrf_wind_mapping_node-2] [GMRF] MAP Mean value estimated in 10.7513 milliseconds
[gmrf_wind_mapping_node-2] --> MAP did not converge after 1 iterations.
[gmrf_wind_mapping_node-2] [GMRF] MAP Mean value estimated in 10.7531 milliseconds
[gmrf_wind_mapping_node-2] --> MAP did not converge after 1 iterations.
[gmrf_wind_mapping_node-2] [GMRF] MAP Mean value estimated in 10.7545 milliseconds
[gmrf_wind_mapping_node-2] --> MAP did not converge after 1 iterations.
[gmrf_wind_mapping_node-2] [GMRF] MAP Mean value estimated in 10.7546 milliseconds
[gmrf_wind_mapping_node-2] --> MAP did not converge after 1 iterations.
[gmrf_wind_mapping_node-2] [GMRF] MAP Mean value estimated in 10.7538 milliseconds
[gmrf_wind_mapping_node-2] --> MAP did not converge after 1 iterations.
[gmrf_wind_mapping_node-2] [GMRF] MAP Mean value estimated in 10.7548 milliseconds
[gmrf_wind_mapping_node-2] --> MAP did not converge after 1 iterations.
[gmrf_wind_mapping_node-2] [GMRF] MAP Mean value estimated in 10.7544 milliseconds
[gmrf_wind_mapping_node-2] --> MAP did not converge after 1 iterations.
[gmrf_wind_mapping_node-2] [GMRF] MAP Mean value estimated in 10.7533 milliseconds
[gmrf_wind_mapping_node-2] --> MAP did not converge after 1 iterations.
[gmrf_wind_mapping_node-2] [GMRF] MAP Mean value estimated in 10.753 milliseconds
[gmrf_wind_mapping_node-2] --> MAP did not converge after 1 iterations.
[gmrf_wind_mapping_node-2] [GMRF] MAP Mean value estimated in 10.7519 milliseconds
[gmrf_wind_mapping_node-2] --> MAP did not converge after 1 iterations.
[gmrf_wind_mapping_node-2] [GMRF] MAP Mean value estimated in 10.7507 milliseconds
[gmrf_wind_mapping_node-2] --> MAP did not converge after 1 iterations.
[gmrf_wind_mapping_node-2] [GMRF] MAP Mean value estimated in 10.7492 milliseconds
[gmrf_wind_mapping_node-2] --> MAP did not converge after 1 iterations.
[gmrf_wind_mapping_node-2] [GMRF] MAP Mean value estimated in 10.748 milliseconds
[gmrf_wind_mapping_node-2] --> MAP did not converge after 1 iterations.
[gmrf_wind_mapping_node-2] [GMRF] MAP Mean value estimated in 10.7461 milliseconds
[gmrf_wind_mapping_node-2] --> MAP did not converge after 1 iterations.
[gmrf_wind_mapping_node-2] [GMRF] MAP Mean value estimated in 10.7445 milliseconds
[gmrf_wind_mapping_node-2] --> MAP did not converge after 1 iterations.
[gmrf_wind_mapping_node-2] [GMRF] MAP Mean value estimated in 10.7434 milliseconds
[gmrf_wind_mapping_node-2] --> MAP did not converge after 1 iterations.
[gmrf_wind_mapping_node-2] [GMRF] MAP Mean value estimated in 10.7419 milliseconds
[gsl_actionserver_node-3] [INFO] [1788890980.908339854] [GSL]: 10 gas measurements, 10 wind measurements over 1.92 seconds
[gsl_actionserver_node-3] [INFO] [1788890980.908428523] [GSL]: avg_gas=4.3e-15;  avg_windSpeed=0.011;  avg_wind_dir=-0.61
[gsl_actionserver_node-3] [INFO] [1788890980.908983983] [GSL]: [33mNOTHING [0m
[gsl_actionserver_node-3] [INFO] [1788890980.908994812] [GSL]: [DEBUG-WIND] useGroundTruth=false gmrf_req_size=626 gaden_req_size=-1
[gsl_actionserver_node-3] [INFO] [1788890980.909001759] [GSL]: [DEBUG-WIND] Taking GMRF path
[gsl_actionserver_node-3] [INFO] [1788890980.990681568] [GSL - Trace]: [32mEntering StopAndMeasure[0m
[gmrf_wind_mapping_node-2] --> MAP did not converge after 1 iterations.
[gmrf_wind_mapping_node-2] [GMRF] MAP Mean value estimated in 10.7407 milliseconds
[gmrf_wind_mapping_node-2] --> MAP did not converge after 1 iterations.
[gmrf_wind_mapping_node-2] [GMRF] MAP Mean value estimated in 10.7396 milliseconds
[gmrf_wind_mapping_node-2] --> MAP did not converge after 1 iterations.
[gmrf_wind_mapping_node-2] [GMRF] MAP Mean value estimated in 10.7414 milliseconds
[gmrf_wind_mapping_node-2] --> MAP did not converge after 1 iterations.
[gmrf_wind_mapping_node-2] [GMRF] MAP Mean value estimated in 10.7423 milliseconds
[gmrf_wind_mapping_node-2] --> MAP did not converge after 1 iterations.
[gmrf_wind_mapping_node-2] [GMRF] MAP Mean value estimated in 10.7408 milliseconds
[gmrf_wind_mapping_node-2] --> MAP did not converge after 1 iterations.
[gmrf_wind_mapping_node-2] [GMRF] MAP Mean value estimated in 10.7409 milliseconds
[gmrf_wind_mapping_node-2] --> MAP did not converge after 1 iterations.
[gmrf_wind_mapping_node-2] [GMRF] MAP Mean value estimated in 10.7414 milliseconds
[gmrf_wind_mapping_node-2] --> MAP did not converge after 1 iterations.
[gmrf_wind_mapping_node-2] [GMRF] MAP Mean value estimated in 10.7419 milliseconds
[gmrf_wind_mapping_node-2] --> MAP did not converge after 1 iterations.
[gmrf_wind_mapping_node-2] [GMRF] MAP Mean value estimated in 10.7424 milliseconds
[gmrf_wind_mapping_node-2] --> MAP did not converge after 1 iterations.
[gmrf_wind_mapping_node-2] [GMRF] MAP Mean value estimated in 10.7421 milliseconds
[gmrf_wind_mapping_node-2] --> MAP did not converge after 1 iterations.
[gmrf_wind_mapping_node-2] [GMRF] MAP Mean value estimated in 10.741 milliseconds
[gmrf_wind_mapping_node-2] --> MAP did not converge after 1 iterations.
[gmrf_wind_mapping_node-2] [GMRF] MAP Mean value estimated in 10.7415 milliseconds
[gmrf_wind_mapping_node-2] --> MAP did not converge after 1 iterations.
[gmrf_wind_mapping_node-2] [GMRF] MAP Mean value estimated in 10.7428 milliseconds
[gmrf_wind_mapping_node-2] --> MAP did not converge after 1 iterations.
[gmrf_wind_mapping_node-2] [GMRF] MAP Mean value estimated in 10.7417 milliseconds
[gmrf_wind_mapping_node-2] --> MAP did not converge after 1 iterations.
[gmrf_wind_mapping_node-2] [GMRF] MAP Mean value estimated in 10.7418 milliseconds
[gmrf_wind_mapping_node-2] --> MAP did not converge after 1 iterations.
[gmrf_wind_mapping_node-2] [GMRF] MAP Mean value estimated in 10.7407 milliseconds
[gmrf_wind_mapping_node-2] --> MAP did not converge after 1 iterations.
[gmrf_wind_mapping_node-2] [GMRF] MAP Mean value estimated in 10.7428 milliseconds
[gmrf_wind_mapping_node-2] --> MAP did not converge after 1 iterations.
[gmrf_wind_mapping_node-2] [GMRF] MAP Mean value estimated in 10.7421 milliseconds
[gmrf_wind_mapping_node-2] --> MAP did not converge after 1 iterations.
[gmrf_wind_mapping_node-2] [GMRF] MAP Mean value estimated in 10.7435 milliseconds
[gmrf_wind_mapping_node-2] --> MAP did not converge after 1 iterations.
[gmrf_wind_mapping_node-2] [GMRF] MAP Mean value estimated in 10.7448 milliseconds
[gsl_actionserver_node-3] [INFO] [1788890982.958696713] [GSL]: 10 gas measurements, 10 wind measurements over 1.97 seconds
[gsl_actionserver_node-3] [INFO] [1788890982.959549710] [GSL]: avg_gas=8.1e-16;  avg_windSpeed=0.025;  avg_wind_dir=-0.17
[gsl_actionserver_node-3] [INFO] [1788890982.960391521] [GSL]: [33mNOTHING [0m
[gsl_actionserver_node-3] [INFO] [1788890982.960407246] [GSL]: [DEBUG-WIND] useGroundTruth=false gmrf_req_size=626 gaden_req_size=-1
[gsl_actionserver_node-3] [INFO] [1788890982.960418228] [GSL]: [DEBUG-WIND] Taking GMRF path
[gsl_actionserver_node-3] [INFO] [1788890982.991063467] [GSL]: [33mStarted simulations. Might take a while![0m
[gmrf_wind_mapping_node-2] --> MAP did not converge after 1 iterations.
[gmrf_wind_mapping_node-2] [GMRF] MAP Mean value estimated in 10.7502 milliseconds
[gmrf_wind_mapping_node-2] --> MAP did not converge after 1 iterations.
[gmrf_wind_mapping_node-2] [GMRF] MAP Mean value estimated in 10.7536 milliseconds
[gmrf_wind_mapping_node-2] --> MAP did not converge after 1 iterations.
[gmrf_wind_mapping_node-2] [GMRF] MAP Mean value estimated in 10.7573 milliseconds
[gmrf_wind_mapping_node-2] --> MAP did not converge after 1 iterations.
[gmrf_wind_mapping_node-2] [GMRF] MAP Mean value estimated in 10.7615 milliseconds
[gsl_actionserver_node-3] [INFO] [1788890983.372017007] [GSL]: CER contrastive context initialized: events=80, candidates=74, transport_members=3, fixed_ratio_weight=1, context_within_member=true, centered_log_odds=true, transport_pool=robust_log_variance
[gsl_actionserver_node-3] [INFO] [1788890983.373433015] [GSL - Trace]: [32mFirst simulation level done[0m
[gsl_actionserver_node-3] [INFO] [1788890983.373655634] [GSL]: [RC2-DIAG] scores_size=74 refineFraction=0.25 refine_product=18.5 valid_first_level=74 sum_sourceProbInternal_before_norm=176.23489541274665 min_sourceProbInternal_before_norm=0 max_sourceProbInternal_before_norm=0.34286944632830085 finite_sourceProbInternal=1102 finite_varianceOfHitProb=1102
[gmrf_wind_mapping_node-2] --> MAP did not converge after 1 iterations.
[gmrf_wind_mapping_node-2] [GMRF] MAP Mean value estimated in 10.7624 milliseconds
[gmrf_wind_mapping_node-2] --> MAP did not converge after 1 iterations.
[gmrf_wind_mapping_node-2] [GMRF] MAP Mean value estimated in 10.7633 milliseconds
[gmrf_wind_mapping_node-2] --> MAP did not converge after 1 iterations.
[gmrf_wind_mapping_node-2] [GMRF] MAP Mean value estimated in 10.7655 milliseconds
[gsl_actionserver_node-3] [INFO] [1788890983.631397365] [GSL - Trace]: [32mSimulation level 2 done[0m
[gmrf_wind_mapping_node-2] --> MAP did not converge after 1 iterations.
[gmrf_wind_mapping_node-2] [GMRF] MAP Mean value estimated in 10.7668 milliseconds
[gsl_actionserver_node-3] [INFO] [1788890983.733651929] [GSL - Trace]: [32mSimulation level 3 done[0m
[gsl_actionserver_node-3] [INFO] [1788890983.787894032] [GSL - Trace]: [32mSimulation level 4 done[0m
[gsl_actionserver_node-3] [INFO] [1788890983.790873009] [GSL - Trace]: [32mSimulation level 5 done[0m
[gsl_actionserver_node-3] [INFO] [1788890983.790907500] [GSL]: Number of levels in the simulation: 5
[gsl_actionserver_node-3] [INFO] [1788890983.790914654] [GSL]: Total number of simulations: 146
[gsl_actionserver_node-3] [INFO] [1788890983.799873774] [GSL]: CORE sequential event-time commit: window_start=72, new_events=8, committed_total=80
[gsl_actionserver_node-3] [INFO] [1788890983.800177725] [GSL]: [RC2-DIAG] normalized_finite_count=1102 normalized_sum=1
[gsl_actionserver_node-3] [INFO] [1788890983.800189672] [GSL]: Time ellapsed in simulation = 0.8090357380000001 s
[gsl_actionserver_node-3] [INFO] [1788890983.807669203] [GSL]: Max mutual info: 1.530
[gsl_actionserver_node-3] [INFO] [1788890983.808237475] [GSL]: MutualInformation - Ellapsed: 0.008s
[vgr_sim_node-1] [WARN] [1788890983.814274271] [vgr_uav_sim]: PLAN_CB: called with goal=(-0.20,0.37)
[gmrf_wind_mapping_node-2] --> MAP did not converge after 1 iterations.
[gmrf_wind_mapping_node-2] [GMRF] MAP Mean value estimated in 10.7714 milliseconds
[vgr_sim_node-1] [WARN] [1788890983.820101260] [vgr_uav_sim]: PLAN_CB: returning 15 poses
[vgr_sim_node-1] [WARN] [1788890983.830774712] [vgr_uav_sim]: PLAN_CB: called with goal=(-0.20,0.37)
[vgr_sim_node-1] [WARN] [1788890983.832982021] [vgr_uav_sim]: PLAN_CB: returning 15 poses
[gsl_actionserver_node-3] [INFO] [1788890983.841284558] [GSL]: Sending goal (-0.20, 0.37)
[gsl_actionserver_node-3] [INFO] [1788890983.842155214] [GSL]: Variance: 12.59
[gsl_actionserver_node-3] [INFO] [1788890983.842197656] [GSL - Trace]: [32mEntering Moving[0m
[vgr_sim_node-1] [INFO] [1788890983.844202188] [vgr_uav_sim]: Prepared 15 collision-free navigation waypoints to (-0.20, 0.37)
[vgr_sim_node-1] [INFO] [1788890983.845450932] [vgr_uav_sim]: UAV navigating in audited 2-D mode to (-0.20, 0.37, 0.30)
[gmrf_wind_mapping_node-2] --> MAP did not converge after 1 iterations.
[gmrf_wind_mapping_node-2] [GMRF] MAP Mean value estimated in 10.7694 milliseconds
[gmrf_wind_mapping_node-2] --> MAP did not converge after 1 iterations.
[gmrf_wind_mapping_node-2] [GMRF] MAP Mean value estimated in 10.7679 milliseconds
[gmrf_wind_mapping_node-2] --> MAP did not converge after 1 iterations.
[gmrf_wind_mapping_node-2] [GMRF] MAP Mean value estimated in 10.7664 milliseconds
[gmrf_wind_mapping_node-2] --> MAP did not converge after 1 iterations.
[gmrf_wind_mapping_node-2] [GMRF] MAP Mean value estimated in 10.7648 milliseconds
[gmrf_wind_mapping_node-2] --> MAP did not converge after 1 iterations.
[gmrf_wind_mapping_node-2] [GMRF] MAP Mean value estimated in 10.7633 milliseconds
[gmrf_wind_mapping_node-2] --> MAP did not converge after 1 iterations.
[gmrf_wind_mapping_node-2] [GMRF] MAP Mean value estimated in 10.7622 milliseconds
[gmrf_wind_mapping_node-2] --> MAP did not converge after 1 iterations.
[gmrf_wind_mapping_node-2] [GMRF] MAP Mean value estimated in 10.7606 milliseconds
[gmrf_wind_mapping_node-2] --> MAP did not converge after 1 iterations.
[gmrf_wind_mapping_node-2] [GMRF] MAP Mean value estimated in 10.7595 milliseconds
[gmrf_wind_mapping_node-2] --> MAP did not converge after 1 iterations.
[gmrf_wind_mapping_node-2] [GMRF] MAP Mean value estimated in 10.758 milliseconds
[gmrf_wind_mapping_node-2] --> MAP did not converge after 1 iterations.
[gmrf_wind_mapping_node-2] [GMRF] MAP Mean value estimated in 10.7565 milliseconds
[gmrf_wind_mapping_node-2] --> MAP did not converge after 1 iterations.
[gmrf_wind_mapping_node-2] [GMRF] MAP Mean value estimated in 10.755 milliseconds
[gmrf_wind_mapping_node-2] --> MAP did not converge after 1 iterations.
[gmrf_wind_mapping_node-2] [GMRF] MAP Mean value estimated in 10.7534 milliseconds
[gmrf_wind_mapping_node-2] --> MAP did not converge after 1 iterations.
[gmrf_wind_mapping_node-2] [GMRF] MAP Mean value estimated in 10.7523 milliseconds
[gmrf_wind_mapping_node-2] --> MAP did not converge after 1 iterations.
[gmrf_wind_mapping_node-2] [GMRF] MAP Mean value estimated in 10.7504 milliseconds
[gmrf_wind_mapping_node-2] --> MAP did not converge after 1 iterations.
[gmrf_wind_mapping_node-2] [GMRF] MAP Mean value estimated in 10.7485 milliseconds
[gmrf_wind_mapping_node-2] --> MAP did not converge after 1 iterations.
[gmrf_wind_mapping_node-2] [GMRF] MAP Mean value estimated in 10.747 milliseconds
[gmrf_wind_mapping_node-2] --> MAP did not converge after 1 iterations.
[gmrf_wind_mapping_node-2] [GMRF] MAP Mean value estimated in 10.7455 milliseconds
[gmrf_wind_mapping_node-2] --> MAP did not converge after 1 iterations.
[gmrf_wind_mapping_node-2] [GMRF] MAP Mean value estimated in 10.7468 milliseconds
[gmrf_wind_mapping_node-2] --> MAP did not converge after 1 iterations.
[gmrf_wind_mapping_node-2] [GMRF] MAP Mean value estimated in 10.7465 milliseconds
[gmrf_wind_mapping_node-2] --> MAP did not converge after 1 iterations.
[gmrf_wind_mapping_node-2] [GMRF] MAP Mean value estimated in 10.7482 milliseconds
[gmrf_wind_mapping_node-2] --> MAP did not converge after 1 iterations.
[gmrf_wind_mapping_node-2] [GMRF] MAP Mean value estimated in 10.7467 milliseconds
[gmrf_wind_mapping_node-2] --> MAP did not converge after 1 iterations.
[gmrf_wind_mapping_node-2] [GMRF] MAP Mean value estimated in 10.7476 milliseconds
[gmrf_wind_mapping_node-2] --> MAP did not converge after 1 iterations.
[gmrf_wind_mapping_node-2] [GMRF] MAP Mean value estimated in 10.7461 milliseconds
[gmrf_wind_mapping_node-2] --> MAP did not converge after 1 iterations.
[gmrf_wind_mapping_node-2] [GMRF] MAP Mean value estimated in 10.7446 milliseconds
[gmrf_wind_mapping_node-2] --> MAP did not converge after 1 iterations.
[gmrf_wind_mapping_node-2] [GMRF] MAP Mean value estimated in 10.7451 milliseconds
[gmrf_wind_mapping_node-2] --> MAP did not converge after 1 iterations.
[gmrf_wind_mapping_node-2] [GMRF] MAP Mean value estimated in 10.746 milliseconds
[gmrf_wind_mapping_node-2] --> MAP did not converge after 1 iterations.
[gmrf_wind_mapping_node-2] [GMRF] MAP Mean value estimated in 10.7453 milliseconds
[gmrf_wind_mapping_node-2] --> MAP did not converge after 1 iterations.
[gmrf_wind_mapping_node-2] [GMRF] MAP Mean value estimated in 10.7462 milliseconds
[gmrf_wind_mapping_node-2] --> MAP did not converge after 1 iterations.
[gmrf_wind_mapping_node-2] [GMRF] MAP Mean value estimated in 10.7455 milliseconds
[gsl_actionserver_node-3] [INFO] [1788890986.789104893] [GSL - Trace]: [32mEntering StopAndMeasure[0m
[gmrf_wind_mapping_node-2] --> MAP did not converge after 1 iterations.
[gmrf_wind_mapping_node-2] [GMRF] MAP Mean value estimated in 10.7468 milliseconds
[gmrf_wind_mapping_node-2] --> MAP did not converge after 1 iterations.
[gmrf_wind_mapping_node-2] [GMRF] MAP Mean value estimated in 10.7469 milliseconds
[gmrf_wind_mapping_node-2] --> MAP did not converge after 1 iterations.
[gmrf_wind_mapping_node-2] [GMRF] MAP Mean value estimated in 10.7478 milliseconds
[gmrf_wind_mapping_node-2] --> MAP did not converge after 1 iterations.
[gmrf_wind_mapping_node-2] [GMRF] MAP Mean value estimated in 10.7475 milliseconds
[gmrf_wind_mapping_node-2] --> MAP did not converge after 1 iterations.
[gmrf_wind_mapping_node-2] [GMRF] MAP Mean value estimated in 10.7476 milliseconds
[gmrf_wind_mapping_node-2] --> MAP did not converge after 1 iterations.
[gmrf_wind_mapping_node-2] [GMRF] MAP Mean value estimated in 10.7473 milliseconds
[gmrf_wind_mapping_node-2] --> MAP did not converge after 1 iterations.
[gmrf_wind_mapping_node-2] [GMRF] MAP Mean value estimated in 10.7478 milliseconds
[gmrf_wind_mapping_node-2] --> MAP did not converge after 1 iterations.
[gmrf_wind_mapping_node-2] [GMRF] MAP Mean value estimated in 10.7479 milliseconds
[gmrf_wind_mapping_node-2] --> MAP did not converge after 1 iterations.
[gmrf_wind_mapping_node-2] [GMRF] MAP Mean value estimated in 10.7464 milliseconds
[gmrf_wind_mapping_node-2] --> MAP did not converge after 1 iterations.
[gmrf_wind_mapping_node-2] [GMRF] MAP Mean value estimated in 10.7469 milliseconds
[gmrf_wind_mapping_node-2] --> MAP did not converge after 1 iterations.
[gmrf_wind_mapping_node-2] [GMRF] MAP Mean value estimated in 10.7486 milliseconds
[gmrf_wind_mapping_node-2] --> MAP did not converge after 1 iterations.
[gmrf_wind_mapping_node-2] [GMRF] MAP Mean value estimated in 10.7479 milliseconds
[gmrf_wind_mapping_node-2] --> MAP did not converge after 1 iterations.
[gmrf_wind_mapping_node-2] [GMRF] MAP Mean value estimated in 10.7496 milliseconds
[gmrf_wind_mapping_node-2] --> MAP did not converge after 1 iterations.
[gmrf_wind_mapping_node-2] [GMRF] MAP Mean value estimated in 10.7501 milliseconds
[gmrf_wind_mapping_node-2] --> MAP did not converge after 1 iterations.
[gmrf_wind_mapping_node-2] [GMRF] MAP Mean value estimated in 10.7486 milliseconds
[gmrf_wind_mapping_node-2] --> MAP did not converge after 1 iterations.
[gmrf_wind_mapping_node-2] [GMRF] MAP Mean value estimated in 10.7491 milliseconds
[gmrf_wind_mapping_node-2] --> MAP did not converge after 1 iterations.
[gmrf_wind_mapping_node-2] [GMRF] MAP Mean value estimated in 10.7496 milliseconds
[gmrf_wind_mapping_node-2] --> MAP did not converge after 1 iterations.
[gmrf_wind_mapping_node-2] [GMRF] MAP Mean value estimated in 10.7485 milliseconds
[gmrf_wind_mapping_node-2] --> MAP did not converge after 1 iterations.
[gmrf_wind_mapping_node-2] [GMRF] MAP Mean value estimated in 10.747 milliseconds
[gmrf_wind_mapping_node-2] --> MAP did not converge after 1 iterations.
[gmrf_wind_mapping_node-2] [GMRF] MAP Mean value estimated in 10.7463 milliseconds
[gsl_actionserver_node-3] [INFO] [1788890988.743614201] [GSL]: 10 gas measurements, 10 wind measurements over 1.95 seconds
[gsl_actionserver_node-3] [INFO] [1788890988.743959151] [GSL]: avg_gas=6.4e-18;  avg_windSpeed=0.14;  avg_wind_dir=1.2
[gsl_actionserver_node-3] [INFO] [1788890988.744949235] [GSL]: [33mNOTHING [0m
[gsl_actionserver_node-3] [INFO] [1788890988.744986910] [GSL]: [DEBUG-WIND] useGroundTruth=false gmrf_req_size=626 gaden_req_size=-1
[gsl_actionserver_node-3] [INFO] [1788890988.744998563] [GSL]: [DEBUG-WIND] Taking GMRF path
[gsl_actionserver_node-3] [INFO] [1788890988.791073805] [GSL - Trace]: [32mEntering StopAndMeasure[0m
[gmrf_wind_mapping_node-2] --> MAP did not converge after 1 iterations.
[gmrf_wind_mapping_node-2] [GMRF] MAP Mean value estimated in 10.7464 milliseconds
[gmrf_wind_mapping_node-2] --> MAP did not converge after 1 iterations.
[gmrf_wind_mapping_node-2] [GMRF] MAP Mean value estimated in 10.7473 milliseconds
[gmrf_wind_mapping_node-2] --> MAP did not converge after 1 iterations.
[gmrf_wind_mapping_node-2] [GMRF] MAP Mean value estimated in 10.7466 milliseconds
[gmrf_wind_mapping_node-2] --> MAP did not converge after 1 iterations.
[gmrf_wind_mapping_node-2] [GMRF] MAP Mean value estimated in 10.7467 milliseconds
[gmrf_wind_mapping_node-2] --> MAP did not converge after 1 iterations.
[gmrf_wind_mapping_node-2] [GMRF] MAP Mean value estimated in 10.7452 milliseconds
[gmrf_wind_mapping_node-2] --> MAP did not converge after 1 iterations.
[gmrf_wind_mapping_node-2] [GMRF] MAP Mean value estimated in 10.7441 milliseconds
[gmrf_wind_mapping_node-2] --> MAP did not converge after 1 iterations.
[gmrf_wind_mapping_node-2] [GMRF] MAP Mean value estimated in 10.7426 milliseconds
[gmrf_wind_mapping_node-2] --> MAP did not converge after 1 iterations.
[gmrf_wind_mapping_node-2] [GMRF] MAP Mean value estimated in 10.7412 milliseconds
[gmrf_wind_mapping_node-2] --> MAP did not converge after 1 iterations.
[gmrf_wind_mapping_node-2] [GMRF] MAP Mean value estimated in 10.7413 milliseconds
[gmrf_wind_mapping_node-2] --> MAP did not converge after 1 iterations.
[gmrf_wind_mapping_node-2] [GMRF] MAP Mean value estimated in 10.7398 milliseconds
[gmrf_wind_mapping_node-2] --> MAP did not converge after 1 iterations.
[gmrf_wind_mapping_node-2] [GMRF] MAP Mean value estimated in 10.7383 milliseconds
[gmrf_wind_mapping_node-2] --> MAP did not converge after 1 iterations.
[gmrf_wind_mapping_node-2] [GMRF] MAP Mean value estimated in 10.7368 milliseconds
[gmrf_wind_mapping_node-2] --> MAP did not converge after 1 iterations.
[gmrf_wind_mapping_node-2] [GMRF] MAP Mean value estimated in 10.7357 milliseconds
[gmrf_wind_mapping_node-2] --> MAP did not converge after 1 iterations.
[gmrf_wind_mapping_node-2] [GMRF] MAP Mean value estimated in 10.7342 milliseconds
[gsl_actionserver_node-3] [INFO] [1788890990.193270605] [GSL]: Could not find the source. Sorry!
[gmrf_wind_mapping_node-2] --> MAP did not converge after 1 iterations.
[gmrf_wind_mapping_node-2] [GMRF] MAP Mean value estimated in 10.7335 milliseconds
[gmrf_wind_mapping_node-2] --> MAP did not converge after 1 iterations.
[gmrf_wind_mapping_node-2] [GMRF] MAP Mean value estimated in 10.7325 milliseconds
[gmrf_wind_mapping_node-2] --> MAP did not converge after 1 iterations.
[gmrf_wind_mapping_node-2] [GMRF] MAP Mean value estimated in 10.731 milliseconds
[gmrf_wind_mapping_node-2] --> MAP did not converge after 1 iterations.
[gmrf_wind_mapping_node-2] [GMRF] MAP Mean value estimated in 10.7295 milliseconds
[gmrf_wind_mapping_node-2] --> MAP did not converge after 1 iterations.
[gmrf_wind_mapping_node-2] [GMRF] MAP Mean value estimated in 10.728 milliseconds
[gmrf_wind_mapping_node-2] --> MAP did not converge after 1 iterations.
[gmrf_wind_mapping_node-2] [GMRF] MAP Mean value estimated in 10.7273 milliseconds
[gmrf_wind_mapping_node-2] --> MAP did not converge after 1 iterations.
[gmrf_wind_mapping_node-2] [GMRF] MAP Mean value estimated in 10.7278 milliseconds
[gmrf_wind_mapping_node-2] --> MAP did not converge after 1 iterations.
[gmrf_wind_mapping_node-2] [GMRF] MAP Mean value estimated in 10.7264 milliseconds
[gmrf_wind_mapping_node-2] --> MAP did not converge after 1 iterations.
[gmrf_wind_mapping_node-2] [GMRF] MAP Mean value estimated in 10.7273 milliseconds
[gmrf_wind_mapping_node-2] --> MAP did not converge after 1 iterations.
[gmrf_wind_mapping_node-2] [GMRF] MAP Mean value estimated in 10.7278 milliseconds
[gmrf_wind_mapping_node-2] --> MAP did not converge after 1 iterations.
[gmrf_wind_mapping_node-2] [GMRF] MAP Mean value estimated in 10.7291 milliseconds
[gsl_actionserver_node-3] [INFO] [1788890991.206370895] [GSL]: [34mDONE, CLOSING[0m
[gmrf_wind_mapping_node-2] --> MAP did not converge after 1 iterations.
[gmrf_wind_mapping_node-2] [GMRF] MAP Mean value estimated in 10.7276 milliseconds
[INFO] [gsl_actionserver_node-3]: process has finished cleanly [pid 86057]
[gmrf_wind_mapping_node-2] --> MAP did not converge after 1 iterations.
[gmrf_wind_mapping_node-2] [GMRF] MAP Mean value estimated in 10.7301 milliseconds
[gmrf_wind_mapping_node-2] --> MAP did not converge after 1 iterations.
[gmrf_wind_mapping_node-2] [GMRF] MAP Mean value estimated in 10.7306 milliseconds
[gmrf_wind_mapping_node-2] --> MAP did not converge after 1 iterations.
[gmrf_wind_mapping_node-2] [GMRF] MAP Mean value estimated in 10.7311 milliseconds
[gmrf_wind_mapping_node-2] --> MAP did not converge after 1 iterations.
[gmrf_wind_mapping_node-2] [GMRF] MAP Mean value estimated in 10.7316 milliseconds
[gmrf_wind_mapping_node-2] --> MAP did not converge after 1 iterations.
[gmrf_wind_mapping_node-2] [GMRF] MAP Mean value estimated in 10.7321 milliseconds
[gmrf_wind_mapping_node-2] --> MAP did not converge after 1 iterations.
[gmrf_wind_mapping_node-2] [GMRF] MAP Mean value estimated in 10.733 milliseconds
[gmrf_wind_mapping_node-2] --> MAP did not converge after 1 iterations.
[gmrf_wind_mapping_node-2] [GMRF] MAP Mean value estimated in 10.7315 milliseconds
[gmrf_wind_mapping_node-2] --> MAP did not converge after 1 iterations.
[gmrf_wind_mapping_node-2] [GMRF] MAP Mean value estimated in 10.7316 milliseconds
[gmrf_wind_mapping_node-2] --> MAP did not converge after 1 iterations.
[gmrf_wind_mapping_node-2] [GMRF] MAP Mean value estimated in 10.7301 milliseconds
[gmrf_wind_mapping_node-2] --> MAP did not converge after 1 iterations.
[gmrf_wind_mapping_node-2] [GMRF] MAP Mean value estimated in 10.7291 milliseconds
[gmrf_wind_mapping_node-2] --> MAP did not converge after 1 iterations.
[gmrf_wind_mapping_node-2] [GMRF] MAP Mean value estimated in 10.7276 milliseconds
[gmrf_wind_mapping_node-2] --> MAP did not converge after 1 iterations.
[gmrf_wind_mapping_node-2] [GMRF] MAP Mean value estimated in 10.7261 milliseconds
[gmrf_wind_mapping_node-2] --> MAP did not converge after 1 iterations.
[gmrf_wind_mapping_node-2] [GMRF] MAP Mean value estimated in 10.7247 milliseconds
[gmrf_wind_mapping_node-2] --> MAP did not converge after 1 iterations.
[gmrf_wind_mapping_node-2] [GMRF] MAP Mean value estimated in 10.7236 milliseconds
[gmrf_wind_mapping_node-2] --> MAP did not converge after 1 iterations.
[gmrf_wind_mapping_node-2] [GMRF] MAP Mean value estimated in 10.7221 milliseconds
[gmrf_wind_mapping_node-2] --> MAP did not converge after 1 iterations.
[gmrf_wind_mapping_node-2] [GMRF] MAP Mean value estimated in 10.7207 milliseconds
[gmrf_wind_mapping_node-2] --> MAP did not converge after 1 iterations.
[gmrf_wind_mapping_node-2] [GMRF] MAP Mean value estimated in 10.7192 milliseconds
[gmrf_wind_mapping_node-2] --> MAP did not converge after 1 iterations.
[gmrf_wind_mapping_node-2] [GMRF] MAP Mean value estimated in 10.7181 milliseconds
[gmrf_wind_mapping_node-2] --> MAP did not converge after 1 iterations.
[gmrf_wind_mapping_node-2] [GMRF] MAP Mean value estimated in 10.7163 milliseconds
[gmrf_wind_mapping_node-2] --> MAP did not converge after 1 iterations.
[gmrf_wind_mapping_node-2] [GMRF] MAP Mean value estimated in 10.716 milliseconds
[gmrf_wind_mapping_node-2] --> MAP did not converge after 1 iterations.
[gmrf_wind_mapping_node-2] [GMRF] MAP Mean value estimated in 10.7169 milliseconds
[gmrf_wind_mapping_node-2] --> MAP did not converge after 1 iterations.
[gmrf_wind_mapping_node-2] [GMRF] MAP Mean value estimated in 10.7162 milliseconds
[gmrf_wind_mapping_node-2] --> MAP did not converge after 1 iterations.
[gmrf_wind_mapping_node-2] [GMRF] MAP Mean value estimated in 10.7175 milliseconds
[gmrf_wind_mapping_node-2] --> MAP did not converge after 1 iterations.
[gmrf_wind_mapping_node-2] [GMRF] MAP Mean value estimated in 10.7176 milliseconds
[gmrf_wind_mapping_node-2] --> MAP did not converge after 1 iterations.
[gmrf_wind_mapping_node-2] [GMRF] MAP Mean value estimated in 10.7193 milliseconds
[gmrf_wind_mapping_node-2] --> MAP did not converge after 1 iterations.
[gmrf_wind_mapping_node-2] [GMRF] MAP Mean value estimated in 10.7198 milliseconds
[gmrf_wind_mapping_node-2] --> MAP did not converge after 1 iterations.
[gmrf_wind_mapping_node-2] [GMRF] MAP Mean value estimated in 10.7207 milliseconds
[gmrf_wind_mapping_node-2] --> MAP did not converge after 1 iterations.
[gmrf_wind_mapping_node-2] [GMRF] MAP Mean value estimated in 10.7193 milliseconds
[gmrf_wind_mapping_node-2] --> MAP did not converge after 1 iterations.
[gmrf_wind_mapping_node-2] [GMRF] MAP Mean value estimated in 10.7194 milliseconds
[gmrf_wind_mapping_node-2] --> MAP did not converge after 1 iterations.
[gmrf_wind_mapping_node-2] [GMRF] MAP Mean value estimated in 10.7183 milliseconds
[gmrf_wind_mapping_node-2] --> MAP did not converge after 1 iterations.
[gmrf_wind_mapping_node-2] [GMRF] MAP Mean value estimated in 10.72 milliseconds
[gmrf_wind_mapping_node-2] --> MAP did not converge after 1 iterations.
[gmrf_wind_mapping_node-2] [GMRF] MAP Mean value estimated in 10.7205 milliseconds
[gmrf_wind_mapping_node-2] --> MAP did not converge after 1 iterations.
[gmrf_wind_mapping_node-2] [GMRF] MAP Mean value estimated in 10.719 milliseconds
[gmrf_wind_mapping_node-2] --> MAP did not converge after 1 iterations.
[gmrf_wind_mapping_node-2] [GMRF] MAP Mean value estimated in 10.7187 milliseconds
[gmrf_wind_mapping_node-2] --> MAP did not converge after 1 iterations.
[gmrf_wind_mapping_node-2] [GMRF] MAP Mean value estimated in 10.7204 milliseconds
[gmrf_wind_mapping_node-2] --> MAP did not converge after 1 iterations.
[gmrf_wind_mapping_node-2] [GMRF] MAP Mean value estimated in 10.7205 milliseconds
[gmrf_wind_mapping_node-2] --> MAP did not converge after 1 iterations.
[gmrf_wind_mapping_node-2] [GMRF] MAP Mean value estimated in 10.7206 milliseconds
[gmrf_wind_mapping_node-2] --> MAP did not converge after 1 iterations.
[gmrf_wind_mapping_node-2] [GMRF] MAP Mean value estimated in 10.7219 milliseconds
[gmrf_wind_mapping_node-2] --> MAP did not converge after 1 iterations.
[gmrf_wind_mapping_node-2] [GMRF] MAP Mean value estimated in 10.7212 milliseconds
[gmrf_wind_mapping_node-2] --> MAP did not converge after 1 iterations.
[gmrf_wind_mapping_node-2] [GMRF] MAP Mean value estimated in 10.7221 milliseconds
[gmrf_wind_mapping_node-2] --> MAP did not converge after 1 iterations.
[gmrf_wind_mapping_node-2] [GMRF] MAP Mean value estimated in 10.723 milliseconds
[gmrf_wind_mapping_node-2] --> MAP did not converge after 1 iterations.
[gmrf_wind_mapping_node-2] [GMRF] MAP Mean value estimated in 10.7231 milliseconds
[gmrf_wind_mapping_node-2] --> MAP did not converge after 1 iterations.
[gmrf_wind_mapping_node-2] [GMRF] MAP Mean value estimated in 10.7255 milliseconds
[gmrf_wind_mapping_node-2] --> MAP did not converge after 1 iterations.
[gmrf_wind_mapping_node-2] [GMRF] MAP Mean value estimated in 10.7264 milliseconds
[gmrf_wind_mapping_node-2] --> MAP did not converge after 1 iterations.
[gmrf_wind_mapping_node-2] [GMRF] MAP Mean value estimated in 10.7277 milliseconds
[gmrf_wind_mapping_node-2] --> MAP did not converge after 1 iterations.
[gmrf_wind_mapping_node-2] [GMRF] MAP Mean value estimated in 10.7282 milliseconds
[gmrf_wind_mapping_node-2] --> MAP did not converge after 1 iterations.
[gmrf_wind_mapping_node-2] [GMRF] MAP Mean value estimated in 10.7271 milliseconds
[gmrf_wind_mapping_node-2] --> MAP did not converge after 1 iterations.
[gmrf_wind_mapping_node-2] [GMRF] MAP Mean value estimated in 10.728 milliseconds
[gmrf_wind_mapping_node-2] --> MAP did not converge after 1 iterations.
[gmrf_wind_mapping_node-2] [GMRF] MAP Mean value estimated in 10.7273 milliseconds
[gmrf_wind_mapping_node-2] --> MAP did not converge after 1 iterations.
[gmrf_wind_mapping_node-2] [GMRF] MAP Mean value estimated in 10.7282 milliseconds
[gmrf_wind_mapping_node-2] --> MAP did not converge after 1 iterations.
[gmrf_wind_mapping_node-2] [GMRF] MAP Mean value estimated in 10.7299 milliseconds
[gmrf_wind_mapping_node-2] --> MAP did not converge after 1 iterations.
[gmrf_wind_mapping_node-2] [GMRF] MAP Mean value estimated in 10.7304 milliseconds
[gmrf_wind_mapping_node-2] --> MAP did not converge after 1 iterations.
[gmrf_wind_mapping_node-2] [GMRF] MAP Mean value estimated in 10.7312 milliseconds
[gmrf_wind_mapping_node-2] --> MAP did not converge after 1 iterations.
[gmrf_wind_mapping_node-2] [GMRF] MAP Mean value estimated in 10.7321 milliseconds
[gmrf_wind_mapping_node-2] --> MAP did not converge after 1 iterations.
[gmrf_wind_mapping_node-2] [GMRF] MAP Mean value estimated in 10.7342 milliseconds
[gmrf_wind_mapping_node-2] --> MAP did not converge after 1 iterations.
[gmrf_wind_mapping_node-2] [GMRF] MAP Mean value estimated in 10.7343 milliseconds
[gmrf_wind_mapping_node-2] --> MAP did not converge after 1 iterations.
[gmrf_wind_mapping_node-2] [GMRF] MAP Mean value estimated in 10.7347 milliseconds
[gmrf_wind_mapping_node-2] --> MAP did not converge after 1 iterations.
[gmrf_wind_mapping_node-2] [GMRF] MAP Mean value estimated in 10.7356 milliseconds
[gmrf_wind_mapping_node-2] --> MAP did not converge after 1 iterations.
[gmrf_wind_mapping_node-2] [GMRF] MAP Mean value estimated in 10.7369 milliseconds
[gmrf_wind_mapping_node-2] --> MAP did not converge after 1 iterations.
[gmrf_wind_mapping_node-2] [GMRF] MAP Mean value estimated in 10.7354 milliseconds
[gmrf_wind_mapping_node-2] --> MAP did not converge after 1 iterations.
[gmrf_wind_mapping_node-2] [GMRF] MAP Mean value estimated in 10.7344 milliseconds
[gmrf_wind_mapping_node-2] --> MAP did not converge after 1 iterations.
[gmrf_wind_mapping_node-2] [GMRF] MAP Mean value estimated in 10.7337 milliseconds
[gmrf_wind_mapping_node-2] --> MAP did not converge after 1 iterations.
[gmrf_wind_mapping_node-2] [GMRF] MAP Mean value estimated in 10.7361 milliseconds
[gmrf_wind_mapping_node-2] --> MAP did not converge after 1 iterations.
[gmrf_wind_mapping_node-2] [GMRF] MAP Mean value estimated in 10.7362 milliseconds
[gmrf_wind_mapping_node-2] --> MAP did not converge after 1 iterations.
[gmrf_wind_mapping_node-2] [GMRF] MAP Mean value estimated in 10.7386 milliseconds
[gmrf_wind_mapping_node-2] --> MAP did not converge after 1 iterations.
[gmrf_wind_mapping_node-2] [GMRF] MAP Mean value estimated in 10.7395 milliseconds
[gmrf_wind_mapping_node-2] --> MAP did not converge after 1 iterations.
[gmrf_wind_mapping_node-2] [GMRF] MAP Mean value estimated in 10.7392 milliseconds
[gmrf_wind_mapping_node-2] --> MAP did not converge after 1 iterations.
[gmrf_wind_mapping_node-2] [GMRF] MAP Mean value estimated in 10.7389 milliseconds
[gmrf_wind_mapping_node-2] --> MAP did not converge after 1 iterations.
[gmrf_wind_mapping_node-2] [GMRF] MAP Mean value estimated in 10.7402 milliseconds
[gmrf_wind_mapping_node-2] --> MAP did not converge after 1 iterations.
[gmrf_wind_mapping_node-2] [GMRF] MAP Mean value estimated in 10.7395 milliseconds
[gmrf_wind_mapping_node-2] --> MAP did not converge after 1 iterations.
[gmrf_wind_mapping_node-2] [GMRF] MAP Mean value estimated in 10.7408 milliseconds
[gmrf_wind_mapping_node-2] --> MAP did not converge after 1 iterations.
[gmrf_wind_mapping_node-2] [GMRF] MAP Mean value estimated in 10.7417 milliseconds
[gmrf_wind_mapping_node-2] --> MAP did not converge after 1 iterations.
[gmrf_wind_mapping_node-2] [GMRF] MAP Mean value estimated in 10.7406 milliseconds
[gmrf_wind_mapping_node-2] --> MAP did not converge after 1 iterations.
[gmrf_wind_mapping_node-2] [GMRF] MAP Mean value estimated in 10.7395 milliseconds
[gmrf_wind_mapping_node-2] --> MAP did not converge after 1 iterations.
[gmrf_wind_mapping_node-2] [GMRF] MAP Mean value estimated in 10.7416 milliseconds
[gmrf_wind_mapping_node-2] --> MAP did not converge after 1 iterations.
[gmrf_wind_mapping_node-2] [GMRF] MAP Mean value estimated in 10.7424 milliseconds
[gmrf_wind_mapping_node-2] --> MAP did not converge after 1 iterations.
[gmrf_wind_mapping_node-2] [GMRF] MAP Mean value estimated in 10.741 milliseconds
[gmrf_wind_mapping_node-2] --> MAP did not converge after 1 iterations.
[gmrf_wind_mapping_node-2] [GMRF] MAP Mean value estimated in 10.7415 milliseconds
[gmrf_wind_mapping_node-2] --> MAP did not converge after 1 iterations.
[gmrf_wind_mapping_node-2] [GMRF] MAP Mean value estimated in 10.7431 milliseconds
[gmrf_wind_mapping_node-2] --> MAP did not converge after 1 iterations.
[gmrf_wind_mapping_node-2] [GMRF] MAP Mean value estimated in 10.7436 milliseconds
[gmrf_wind_mapping_node-2] --> MAP did not converge after 1 iterations.
[gmrf_wind_mapping_node-2] [GMRF] MAP Mean value estimated in 10.7422 milliseconds
[gmrf_wind_mapping_node-2] --> MAP did not converge after 1 iterations.
[gmrf_wind_mapping_node-2] [GMRF] MAP Mean value estimated in 10.7419 milliseconds
[gmrf_wind_mapping_node-2] --> MAP did not converge after 1 iterations.
[gmrf_wind_mapping_node-2] [GMRF] MAP Mean value estimated in 10.7424 milliseconds
[gmrf_wind_mapping_node-2] --> MAP did not converge after 1 iterations.
[gmrf_wind_mapping_node-2] [GMRF] MAP Mean value estimated in 10.7432 milliseconds
[gmrf_wind_mapping_node-2] --> MAP did not converge after 1 iterations.
[gmrf_wind_mapping_node-2] [GMRF] MAP Mean value estimated in 10.7448 milliseconds
[gmrf_wind_mapping_node-2] --> MAP did not converge after 1 iterations.
[gmrf_wind_mapping_node-2] [GMRF] MAP Mean value estimated in 10.7457 milliseconds
[gmrf_wind_mapping_node-2] --> MAP did not converge after 1 iterations.
[gmrf_wind_mapping_node-2] [GMRF] MAP Mean value estimated in 10.7447 milliseconds
[gmrf_wind_mapping_node-2] --> MAP did not converge after 1 iterations.
[gmrf_wind_mapping_node-2] [GMRF] MAP Mean value estimated in 10.7451 milliseconds
[gmrf_wind_mapping_node-2] --> MAP did not converge after 1 iterations.
[gmrf_wind_mapping_node-2] [GMRF] MAP Mean value estimated in 10.7441 milliseconds
[gmrf_wind_mapping_node-2] --> MAP did not converge after 1 iterations.
[gmrf_wind_mapping_node-2] [GMRF] MAP Mean value estimated in 10.7449 milliseconds
[gmrf_wind_mapping_node-2] --> MAP did not converge after 1 iterations.
[gmrf_wind_mapping_node-2] [GMRF] MAP Mean value estimated in 10.7435 milliseconds
[gmrf_wind_mapping_node-2] --> MAP did not converge after 1 iterations.
[gmrf_wind_mapping_node-2] [GMRF] MAP Mean value estimated in 10.744 milliseconds
[gmrf_wind_mapping_node-2] --> MAP did not converge after 1 iterations.
[gmrf_wind_mapping_node-2] [GMRF] MAP Mean value estimated in 10.7464 milliseconds
[gmrf_wind_mapping_node-2] --> MAP did not converge after 1 iterations.
[gmrf_wind_mapping_node-2] [GMRF] MAP Mean value estimated in 10.7476 milliseconds
[gmrf_wind_mapping_node-2] --> MAP did not converge after 1 iterations.
[gmrf_wind_mapping_node-2] [GMRF] MAP Mean value estimated in 10.7489 milliseconds
[gmrf_wind_mapping_node-2] --> MAP did not converge after 1 iterations.
[gmrf_wind_mapping_node-2] [GMRF] MAP Mean value estimated in 10.7493 milliseconds
[gmrf_wind_mapping_node-2] --> MAP did not converge after 1 iterations.
[gmrf_wind_mapping_node-2] [GMRF] MAP Mean value estimated in 10.7506 milliseconds
[gmrf_wind_mapping_node-2] --> MAP did not converge after 1 iterations.
[gmrf_wind_mapping_node-2] [GMRF] MAP Mean value estimated in 10.7503 milliseconds
[gmrf_wind_mapping_node-2] --> MAP did not converge after 1 iterations.
[gmrf_wind_mapping_node-2] [GMRF] MAP Mean value estimated in 10.7523 milliseconds
[gmrf_wind_mapping_node-2] --> MAP did not converge after 1 iterations.
[gmrf_wind_mapping_node-2] [GMRF] MAP Mean value estimated in 10.7531 milliseconds
[gmrf_wind_mapping_node-2] --> MAP did not converge after 1 iterations.
[gmrf_wind_mapping_node-2] [GMRF] MAP Mean value estimated in 10.7551 milliseconds
[gmrf_wind_mapping_node-2] --> MAP did not converge after 1 iterations.
[gmrf_wind_mapping_node-2] [GMRF] MAP Mean value estimated in 10.7548 milliseconds
[gmrf_wind_mapping_node-2] --> MAP did not converge after 1 iterations.
[gmrf_wind_mapping_node-2] [GMRF] MAP Mean value estimated in 10.7564 milliseconds
[gmrf_wind_mapping_node-2] --> MAP did not converge after 1 iterations.
[gmrf_wind_mapping_node-2] [GMRF] MAP Mean value estimated in 10.755 milliseconds
[gmrf_wind_mapping_node-2] --> MAP did not converge after 1 iterations.
[gmrf_wind_mapping_node-2] [GMRF] MAP Mean value estimated in 10.757 milliseconds
[gmrf_wind_mapping_node-2] --> MAP did not converge after 1 iterations.
[gmrf_wind_mapping_node-2] [GMRF] MAP Mean value estimated in 10.7571 milliseconds
[gmrf_wind_mapping_node-2] --> MAP did not converge after 1 iterations.
[gmrf_wind_mapping_node-2] [GMRF] MAP Mean value estimated in 10.7572 milliseconds
[gmrf_wind_mapping_node-2] --> MAP did not converge after 1 iterations.
[gmrf_wind_mapping_node-2] [GMRF] MAP Mean value estimated in 10.7577 milliseconds
[gmrf_wind_mapping_node-2] --> MAP did not converge after 1 iterations.
[gmrf_wind_mapping_node-2] [GMRF] MAP Mean value estimated in 10.7604 milliseconds
[gmrf_wind_mapping_node-2] --> MAP did not converge after 1 iterations.
[gmrf_wind_mapping_node-2] [GMRF] MAP Mean value estimated in 10.7594 milliseconds
[gmrf_wind_mapping_node-2] --> MAP did not converge after 1 iterations.
[gmrf_wind_mapping_node-2] [GMRF] MAP Mean value estimated in 10.761 milliseconds
[gmrf_wind_mapping_node-2] --> MAP did not converge after 1 iterations.
[gmrf_wind_mapping_node-2] [GMRF] MAP Mean value estimated in 10.7614 milliseconds
[gmrf_wind_mapping_node-2] --> MAP did not converge after 1 iterations.
[gmrf_wind_mapping_node-2] [GMRF] MAP Mean value estimated in 10.76 milliseconds
[gmrf_wind_mapping_node-2] --> MAP did not converge after 1 iterations.
[gmrf_wind_mapping_node-2] [GMRF] MAP Mean value estimated in 10.7612 milliseconds
[gmrf_wind_mapping_node-2] --> MAP did not converge after 1 iterations.
[gmrf_wind_mapping_node-2] [GMRF] MAP Mean value estimated in 10.7621 milliseconds
[gmrf_wind_mapping_node-2] --> MAP did not converge after 1 iterations.
[gmrf_wind_mapping_node-2] [GMRF] MAP Mean value estimated in 10.7622 milliseconds
[gmrf_wind_mapping_node-2] --> MAP did not converge after 1 iterations.
[gmrf_wind_mapping_node-2] [GMRF] MAP Mean value estimated in 10.7626 milliseconds
[gmrf_wind_mapping_node-2] --> MAP did not converge after 1 iterations.
[gmrf_wind_mapping_node-2] [GMRF] MAP Mean value estimated in 10.7635 milliseconds
[gmrf_wind_mapping_node-2] --> MAP did not converge after 1 iterations.
[gmrf_wind_mapping_node-2] [GMRF] MAP Mean value estimated in 10.7621 milliseconds
[gmrf_wind_mapping_node-2] --> MAP did not converge after 1 iterations.
[gmrf_wind_mapping_node-2] [GMRF] MAP Mean value estimated in 10.7606 milliseconds
[gmrf_wind_mapping_node-2] --> MAP did not converge after 1 iterations.
[gmrf_wind_mapping_node-2] [GMRF] MAP Mean value estimated in 10.7592 milliseconds
[gmrf_wind_mapping_node-2] --> MAP did not converge after 1 iterations.
[gmrf_wind_mapping_node-2] [GMRF] MAP Mean value estimated in 10.7578 milliseconds
[gmrf_wind_mapping_node-2] --> MAP did not converge after 1 iterations.
[gmrf_wind_mapping_node-2] [GMRF] MAP Mean value estimated in 10.7568 milliseconds
[gmrf_wind_mapping_node-2] --> MAP did not converge after 1 iterations.
[gmrf_wind_mapping_node-2] [GMRF] MAP Mean value estimated in 10.7576 milliseconds
[gmrf_wind_mapping_node-2] --> MAP did not converge after 1 iterations.
[gmrf_wind_mapping_node-2] [GMRF] MAP Mean value estimated in 10.7588 milliseconds
[gmrf_wind_mapping_node-2] --> MAP did not converge after 1 iterations.
[gmrf_wind_mapping_node-2] [GMRF] MAP Mean value estimated in 10.7593 milliseconds
[gmrf_wind_mapping_node-2] --> MAP did not converge after 1 iterations.
[gmrf_wind_mapping_node-2] [GMRF] MAP Mean value estimated in 10.759 milliseconds
[gmrf_wind_mapping_node-2] --> MAP did not converge after 1 iterations.
[gmrf_wind_mapping_node-2] [GMRF] MAP Mean value estimated in 10.7576 milliseconds
[gmrf_wind_mapping_node-2] --> MAP did not converge after 1 iterations.
[gmrf_wind_mapping_node-2] [GMRF] MAP Mean value estimated in 10.7566 milliseconds
[gmrf_wind_mapping_node-2] --> MAP did not converge after 1 iterations.
[gmrf_wind_mapping_node-2] [GMRF] MAP Mean value estimated in 10.7585 milliseconds
[gmrf_wind_mapping_node-2] --> MAP did not converge after 1 iterations.
[gmrf_wind_mapping_node-2] [GMRF] MAP Mean value estimated in 10.7586 milliseconds
[gmrf_wind_mapping_node-2] --> MAP did not converge after 1 iterations.
[gmrf_wind_mapping_node-2] [GMRF] MAP Mean value estimated in 10.7576 milliseconds
[gmrf_wind_mapping_node-2] --> MAP did not converge after 1 iterations.
[gmrf_wind_mapping_node-2] [GMRF] MAP Mean value estimated in 10.7562 milliseconds
[gmrf_wind_mapping_node-2] --> MAP did not converge after 1 iterations.
[gmrf_wind_mapping_node-2] [GMRF] MAP Mean value estimated in 10.7548 milliseconds
[gmrf_wind_mapping_node-2] --> MAP did not converge after 1 iterations.
[gmrf_wind_mapping_node-2] [GMRF] MAP Mean value estimated in 10.7534 milliseconds
[gmrf_wind_mapping_node-2] --> MAP did not converge after 1 iterations.
[gmrf_wind_mapping_node-2] [GMRF] MAP Mean value estimated in 10.752 milliseconds
[gmrf_wind_mapping_node-2] --> MAP did not converge after 1 iterations.
[gmrf_wind_mapping_node-2] [GMRF] MAP Mean value estimated in 10.7509 milliseconds
[gmrf_wind_mapping_node-2] --> MAP did not converge after 1 iterations.
[gmrf_wind_mapping_node-2] [GMRF] MAP Mean value estimated in 10.7495 milliseconds
[gmrf_wind_mapping_node-2] --> MAP did not converge after 1 iterations.
[gmrf_wind_mapping_node-2] [GMRF] MAP Mean value estimated in 10.7485 milliseconds
[gmrf_wind_mapping_node-2] --> MAP did not converge after 1 iterations.
[gmrf_wind_mapping_node-2] [GMRF] MAP Mean value estimated in 10.7471 milliseconds
[gmrf_wind_mapping_node-2] --> MAP did not converge after 1 iterations.
[gmrf_wind_mapping_node-2] [GMRF] MAP Mean value estimated in 10.7472 milliseconds
[gmrf_wind_mapping_node-2] --> MAP did not converge after 1 iterations.
[gmrf_wind_mapping_node-2] [GMRF] MAP Mean value estimated in 10.7458 milliseconds
[gmrf_wind_mapping_node-2] --> MAP did not converge after 1 iterations.
[gmrf_wind_mapping_node-2] [GMRF] MAP Mean value estimated in 10.7481 milliseconds
[gmrf_wind_mapping_node-2] --> MAP did not converge after 1 iterations.
[gmrf_wind_mapping_node-2] [GMRF] MAP Mean value estimated in 10.749 milliseconds
[gmrf_wind_mapping_node-2] --> MAP did not converge after 1 iterations.
[gmrf_wind_mapping_node-2] [GMRF] MAP Mean value estimated in 10.7498 milliseconds
[gmrf_wind_mapping_node-2] --> MAP did not converge after 1 iterations.
[gmrf_wind_mapping_node-2] [GMRF] MAP Mean value estimated in 10.751 milliseconds
[gmrf_wind_mapping_node-2] --> MAP did not converge after 1 iterations.
[gmrf_wind_mapping_node-2] [GMRF] MAP Mean value estimated in 10.7519 milliseconds
[gmrf_wind_mapping_node-2] --> MAP did not converge after 1 iterations.
[gmrf_wind_mapping_node-2] [GMRF] MAP Mean value estimated in 10.7523 milliseconds
[gmrf_wind_mapping_node-2] --> MAP did not converge after 1 iterations.
[gmrf_wind_mapping_node-2] [GMRF] MAP Mean value estimated in 10.7532 milliseconds
[gmrf_wind_mapping_node-2] --> MAP did not converge after 1 iterations.
[gmrf_wind_mapping_node-2] [GMRF] MAP Mean value estimated in 10.7548 milliseconds
[gmrf_wind_mapping_node-2] --> MAP did not converge after 1 iterations.
[gmrf_wind_mapping_node-2] [GMRF] MAP Mean value estimated in 10.7556 milliseconds
[gmrf_wind_mapping_node-2] --> MAP did not converge after 1 iterations.
[gmrf_wind_mapping_node-2] [GMRF] MAP Mean value estimated in 10.7564 milliseconds
[gmrf_wind_mapping_node-2] --> MAP did not converge after 1 iterations.
[gmrf_wind_mapping_node-2] [GMRF] MAP Mean value estimated in 10.7569 milliseconds
[gmrf_wind_mapping_node-2] --> MAP did not converge after 1 iterations.
[gmrf_wind_mapping_node-2] [GMRF] MAP Mean value estimated in 10.7577 milliseconds
[gmrf_wind_mapping_node-2] --> MAP did not converge after 1 iterations.
[gmrf_wind_mapping_node-2] [GMRF] MAP Mean value estimated in 10.7593 milliseconds
[gmrf_wind_mapping_node-2] --> MAP did not converge after 1 iterations.
[gmrf_wind_mapping_node-2] [GMRF] MAP Mean value estimated in 10.759 milliseconds
[gmrf_wind_mapping_node-2] --> MAP did not converge after 1 iterations.
[gmrf_wind_mapping_node-2] [GMRF] MAP Mean value estimated in 10.758 milliseconds
[gmrf_wind_mapping_node-2] --> MAP did not converge after 1 iterations.
[gmrf_wind_mapping_node-2] [GMRF] MAP Mean value estimated in 10.7566 milliseconds
[gmrf_wind_mapping_node-2] --> MAP did not converge after 1 iterations.
[gmrf_wind_mapping_node-2] [GMRF] MAP Mean value estimated in 10.7556 milliseconds
[gmrf_wind_mapping_node-2] --> MAP did not converge after 1 iterations.
[gmrf_wind_mapping_node-2] [GMRF] MAP Mean value estimated in 10.7553 milliseconds
[gmrf_wind_mapping_node-2] --> MAP did not converge after 1 iterations.
[gmrf_wind_mapping_node-2] [GMRF] MAP Mean value estimated in 10.7569 milliseconds
[gmrf_wind_mapping_node-2] --> MAP did not converge after 1 iterations.
[gmrf_wind_mapping_node-2] [GMRF] MAP Mean value estimated in 10.7566 milliseconds
[gmrf_wind_mapping_node-2] --> MAP did not converge after 1 iterations.
[gmrf_wind_mapping_node-2] [GMRF] MAP Mean value estimated in 10.7552 milliseconds
[gmrf_wind_mapping_node-2] --> MAP did not converge after 1 iterations.
[gmrf_wind_mapping_node-2] [GMRF] MAP Mean value estimated in 10.7553 milliseconds
[gmrf_wind_mapping_node-2] --> MAP did not converge after 1 iterations.
[gmrf_wind_mapping_node-2] [GMRF] MAP Mean value estimated in 10.7569 milliseconds
[gmrf_wind_mapping_node-2] --> MAP did not converge after 1 iterations.
[gmrf_wind_mapping_node-2] [GMRF] MAP Mean value estimated in 10.7573 milliseconds
[gmrf_wind_mapping_node-2] --> MAP did not converge after 1 iterations.
[gmrf_wind_mapping_node-2] [GMRF] MAP Mean value estimated in 10.7574 milliseconds
[gmrf_wind_mapping_node-2] --> MAP did not converge after 1 iterations.
[gmrf_wind_mapping_node-2] [GMRF] MAP Mean value estimated in 10.7571 milliseconds
[gmrf_wind_mapping_node-2] --> MAP did not converge after 1 iterations.
[gmrf_wind_mapping_node-2] [GMRF] MAP Mean value estimated in 10.7557 milliseconds
[gmrf_wind_mapping_node-2] --> MAP did not converge after 1 iterations.
[gmrf_wind_mapping_node-2] [GMRF] MAP Mean value estimated in 10.7543 milliseconds
[gmrf_wind_mapping_node-2] --> MAP did not converge after 1 iterations.
[gmrf_wind_mapping_node-2] [GMRF] MAP Mean value estimated in 10.7533 milliseconds
[gmrf_wind_mapping_node-2] --> MAP did not converge after 1 iterations.
[gmrf_wind_mapping_node-2] [GMRF] MAP Mean value estimated in 10.7538 milliseconds
[gmrf_wind_mapping_node-2] --> MAP did not converge after 1 iterations.
[gmrf_wind_mapping_node-2] [GMRF] MAP Mean value estimated in 10.755 milliseconds
[gmrf_wind_mapping_node-2] --> MAP did not converge after 1 iterations.
[gmrf_wind_mapping_node-2] [GMRF] MAP Mean value estimated in 10.7558 milliseconds
[gmrf_wind_mapping_node-2] --> MAP did not converge after 1 iterations.
[gmrf_wind_mapping_node-2] [GMRF] MAP Mean value estimated in 10.757 milliseconds
[gmrf_wind_mapping_node-2] --> MAP did not converge after 1 iterations.
[gmrf_wind_mapping_node-2] [GMRF] MAP Mean value estimated in 10.7571 milliseconds
[gmrf_wind_mapping_node-2] --> MAP did not converge after 1 iterations.
[gmrf_wind_mapping_node-2] [GMRF] MAP Mean value estimated in 10.7568 milliseconds
[gmrf_wind_mapping_node-2] --> MAP did not converge after 1 iterations.
[gmrf_wind_mapping_node-2] [GMRF] MAP Mean value estimated in 10.7573 milliseconds
[gmrf_wind_mapping_node-2] --> MAP did not converge after 1 iterations.
[gmrf_wind_mapping_node-2] [GMRF] MAP Mean value estimated in 10.7592 milliseconds
[gmrf_wind_mapping_node-2] --> MAP did not converge after 1 iterations.
[gmrf_wind_mapping_node-2] [GMRF] MAP Mean value estimated in 10.7597 milliseconds
[gmrf_wind_mapping_node-2] --> MAP did not converge after 1 iterations.
[gmrf_wind_mapping_node-2] [GMRF] MAP Mean value estimated in 10.7609 milliseconds
[gmrf_wind_mapping_node-2] --> MAP did not converge after 1 iterations.
[gmrf_wind_mapping_node-2] [GMRF] MAP Mean value estimated in 10.7599 milliseconds
[gmrf_wind_mapping_node-2] --> MAP did not converge after 1 iterations.
[gmrf_wind_mapping_node-2] [GMRF] MAP Mean value estimated in 10.7585 milliseconds
[gmrf_wind_mapping_node-2] --> MAP did not converge after 1 iterations.
[gmrf_wind_mapping_node-2] [GMRF] MAP Mean value estimated in 10.7578 milliseconds
[gmrf_wind_mapping_node-2] --> MAP did not converge after 1 iterations.
[gmrf_wind_mapping_node-2] [GMRF] MAP Mean value estimated in 10.7583 milliseconds
[gmrf_wind_mapping_node-2] --> MAP did not converge after 1 iterations.
[gmrf_wind_mapping_node-2] [GMRF] MAP Mean value estimated in 10.7573 milliseconds
[gmrf_wind_mapping_node-2] --> MAP did not converge after 1 iterations.
[gmrf_wind_mapping_node-2] [GMRF] MAP Mean value estimated in 10.757 milliseconds
[gmrf_wind_mapping_node-2] --> MAP did not converge after 1 iterations.
[gmrf_wind_mapping_node-2] [GMRF] MAP Mean value estimated in 10.756 milliseconds
[gmrf_wind_mapping_node-2] --> MAP did not converge after 1 iterations.
[gmrf_wind_mapping_node-2] [GMRF] MAP Mean value estimated in 10.7579 milliseconds
[gmrf_wind_mapping_node-2] --> MAP did not converge after 1 iterations.
[gmrf_wind_mapping_node-2] [GMRF] MAP Mean value estimated in 10.758 milliseconds
[gmrf_wind_mapping_node-2] --> MAP did not converge after 1 iterations.
[gmrf_wind_mapping_node-2] [GMRF] MAP Mean value estimated in 10.7588 milliseconds
[gmrf_wind_mapping_node-2] --> MAP did not converge after 1 iterations.
[gmrf_wind_mapping_node-2] [GMRF] MAP Mean value estimated in 10.7589 milliseconds
[gmrf_wind_mapping_node-2] --> MAP did not converge after 1 iterations.
[gmrf_wind_mapping_node-2] [GMRF] MAP Mean value estimated in 10.7594 milliseconds
[gmrf_wind_mapping_node-2] --> MAP did not converge after 1 iterations.
[gmrf_wind_mapping_node-2] [GMRF] MAP Mean value estimated in 10.7602 milliseconds
[gmrf_wind_mapping_node-2] --> MAP did not converge after 1 iterations.
[gmrf_wind_mapping_node-2] [GMRF] MAP Mean value estimated in 10.761 milliseconds
[gmrf_wind_mapping_node-2] --> MAP did not converge after 1 iterations.
[gmrf_wind_mapping_node-2] [GMRF] MAP Mean value estimated in 10.7615 milliseconds
[gmrf_wind_mapping_node-2] --> MAP did not converge after 1 iterations.
[gmrf_wind_mapping_node-2] [GMRF] MAP Mean value estimated in 10.7619 milliseconds
[gmrf_wind_mapping_node-2] --> MAP did not converge after 1 iterations.
[gmrf_wind_mapping_node-2] [GMRF] MAP Mean value estimated in 10.762 milliseconds
[gmrf_wind_mapping_node-2] --> MAP did not converge after 1 iterations.
[gmrf_wind_mapping_node-2] [GMRF] MAP Mean value estimated in 10.7632 milliseconds
[gmrf_wind_mapping_node-2] --> MAP did not converge after 1 iterations.
[gmrf_wind_mapping_node-2] [GMRF] MAP Mean value estimated in 10.7636 milliseconds
[gmrf_wind_mapping_node-2] --> MAP did not converge after 1 iterations.
[gmrf_wind_mapping_node-2] [GMRF] MAP Mean value estimated in 10.7623 milliseconds
[gmrf_wind_mapping_node-2] --> MAP did not converge after 1 iterations.
[gmrf_wind_mapping_node-2] [GMRF] MAP Mean value estimated in 10.7623 milliseconds
[gmrf_wind_mapping_node-2] --> MAP did not converge after 1 iterations.
[gmrf_wind_mapping_node-2] [GMRF] MAP Mean value estimated in 10.7635 milliseconds
[gmrf_wind_mapping_node-2] --> MAP did not converge after 1 iterations.
[gmrf_wind_mapping_node-2] [GMRF] MAP Mean value estimated in 10.7636 milliseconds
[gmrf_wind_mapping_node-2] --> MAP did not converge after 1 iterations.
[gmrf_wind_mapping_node-2] [GMRF] MAP Mean value estimated in 10.7644 milliseconds
[gmrf_wind_mapping_node-2] --> MAP did not converge after 1 iterations.
[gmrf_wind_mapping_node-2] [GMRF] MAP Mean value estimated in 10.7641 milliseconds
[gmrf_wind_mapping_node-2] --> MAP did not converge after 1 iterations.
[gmrf_wind_mapping_node-2] [GMRF] MAP Mean value estimated in 10.7639 milliseconds
[gmrf_wind_mapping_node-2] --> MAP did not converge after 1 iterations.
[gmrf_wind_mapping_node-2] [GMRF] MAP Mean value estimated in 10.7647 milliseconds
[gmrf_wind_mapping_node-2] --> MAP did not converge after 1 iterations.
[gmrf_wind_mapping_node-2] [GMRF] MAP Mean value estimated in 10.7637 milliseconds
[gmrf_wind_mapping_node-2] --> MAP did not converge after 1 iterations.
[gmrf_wind_mapping_node-2] [GMRF] MAP Mean value estimated in 10.7638 milliseconds
[gmrf_wind_mapping_node-2] --> MAP did not converge after 1 iterations.
[gmrf_wind_mapping_node-2] [GMRF] MAP Mean value estimated in 10.7649 milliseconds
[gmrf_wind_mapping_node-2] --> MAP did not converge after 1 iterations.
[gmrf_wind_mapping_node-2] [GMRF] MAP Mean value estimated in 10.7636 milliseconds
[gmrf_wind_mapping_node-2] --> MAP did not converge after 1 iterations.
[gmrf_wind_mapping_node-2] [GMRF] MAP Mean value estimated in 10.7651 milliseconds
[gmrf_wind_mapping_node-2] --> MAP did not converge after 1 iterations.
[gmrf_wind_mapping_node-2] [GMRF] MAP Mean value estimated in 10.7659 milliseconds
[gmrf_wind_mapping_node-2] --> MAP did not converge after 1 iterations.
[gmrf_wind_mapping_node-2] [GMRF] MAP Mean value estimated in 10.7678 milliseconds
[gmrf_wind_mapping_node-2] --> MAP did not converge after 1 iterations.
[gmrf_wind_mapping_node-2] [GMRF] MAP Mean value estimated in 10.7686 milliseconds
[gmrf_wind_mapping_node-2] --> MAP did not converge after 1 iterations.
[gmrf_wind_mapping_node-2] [GMRF] MAP Mean value estimated in 10.7676 milliseconds
[gmrf_wind_mapping_node-2] --> MAP did not converge after 1 iterations.
[gmrf_wind_mapping_node-2] [GMRF] MAP Mean value estimated in 10.7677 milliseconds
[gmrf_wind_mapping_node-2] --> MAP did not converge after 1 iterations.
[gmrf_wind_mapping_node-2] [GMRF] MAP Mean value estimated in 10.7689 milliseconds
[gmrf_wind_mapping_node-2] --> MAP did not converge after 1 iterations.
[gmrf_wind_mapping_node-2] [GMRF] MAP Mean value estimated in 10.7693 milliseconds
[gmrf_wind_mapping_node-2] --> MAP did not converge after 1 iterations.
[gmrf_wind_mapping_node-2] [GMRF] MAP Mean value estimated in 10.7709 milliseconds
[gmrf_wind_mapping_node-2] --> MAP did not converge after 1 iterations.
[gmrf_wind_mapping_node-2] [GMRF] MAP Mean value estimated in 10.7702 milliseconds
[gmrf_wind_mapping_node-2] --> MAP did not converge after 1 iterations.
[gmrf_wind_mapping_node-2] [GMRF] MAP Mean value estimated in 10.7721 milliseconds
[gmrf_wind_mapping_node-2] --> MAP did not converge after 1 iterations.
[gmrf_wind_mapping_node-2] [GMRF] MAP Mean value estimated in 10.7726 milliseconds
[gmrf_wind_mapping_node-2] --> MAP did not converge after 1 iterations.
[gmrf_wind_mapping_node-2] [GMRF] MAP Mean value estimated in 10.7741 milliseconds
[gmrf_wind_mapping_node-2] --> MAP did not converge after 1 iterations.
[gmrf_wind_mapping_node-2] [GMRF] MAP Mean value estimated in 10.7742 milliseconds
[gmrf_wind_mapping_node-2] --> MAP did not converge after 1 iterations.
[gmrf_wind_mapping_node-2] [GMRF] MAP Mean value estimated in 10.7757 milliseconds
[gmrf_wind_mapping_node-2] --> MAP did not converge after 1 iterations.
[gmrf_wind_mapping_node-2] [GMRF] MAP Mean value estimated in 10.7744 milliseconds
[gmrf_wind_mapping_node-2] --> MAP did not converge after 1 iterations.
[gmrf_wind_mapping_node-2] [GMRF] MAP Mean value estimated in 10.7748 milliseconds
[gmrf_wind_mapping_node-2] --> MAP did not converge after 1 iterations.
[gmrf_wind_mapping_node-2] [GMRF] MAP Mean value estimated in 10.7763 milliseconds
[gmrf_wind_mapping_node-2] --> MAP did not converge after 1 iterations.
[gmrf_wind_mapping_node-2] [GMRF] MAP Mean value estimated in 10.7775 milliseconds
[gmrf_wind_mapping_node-2] --> MAP did not converge after 1 iterations.
[gmrf_wind_mapping_node-2] [GMRF] MAP Mean value estimated in 10.7772 milliseconds
[gmrf_wind_mapping_node-2] --> MAP did not converge after 1 iterations.
[gmrf_wind_mapping_node-2] [GMRF] MAP Mean value estimated in 10.7758 milliseconds
[gmrf_wind_mapping_node-2] --> MAP did not converge after 1 iterations.
[gmrf_wind_mapping_node-2] [GMRF] MAP Mean value estimated in 10.7763 milliseconds
[gmrf_wind_mapping_node-2] --> MAP did not converge after 1 iterations.
[gmrf_wind_mapping_node-2] [GMRF] MAP Mean value estimated in 10.7767 milliseconds
[gmrf_wind_mapping_node-2] --> MAP did not converge after 1 iterations.
[gmrf_wind_mapping_node-2] [GMRF] MAP Mean value estimated in 10.7783 milliseconds
[gmrf_wind_mapping_node-2] --> MAP did not converge after 1 iterations.
[gmrf_wind_mapping_node-2] [GMRF] MAP Mean value estimated in 10.7787 milliseconds
[gmrf_wind_mapping_node-2] --> MAP did not converge after 1 iterations.
[gmrf_wind_mapping_node-2] [GMRF] MAP Mean value estimated in 10.7781 milliseconds
[gmrf_wind_mapping_node-2] --> MAP did not converge after 1 iterations.
[gmrf_wind_mapping_node-2] [GMRF] MAP Mean value estimated in 10.7771 milliseconds
[gmrf_wind_mapping_node-2] --> MAP did not converge after 1 iterations.
[gmrf_wind_mapping_node-2] [GMRF] MAP Mean value estimated in 10.7779 milliseconds
[gmrf_wind_mapping_node-2] --> MAP did not converge after 1 iterations.
[gmrf_wind_mapping_node-2] [GMRF] MAP Mean value estimated in 10.7805 milliseconds
[gmrf_wind_mapping_node-2] --> MAP did not converge after 1 iterations.
[gmrf_wind_mapping_node-2] [GMRF] MAP Mean value estimated in 10.7795 milliseconds
[gmrf_wind_mapping_node-2] --> MAP did not converge after 1 iterations.
[gmrf_wind_mapping_node-2] [GMRF] MAP Mean value estimated in 10.7781 milliseconds
[gmrf_wind_mapping_node-2] --> MAP did not converge after 1 iterations.
[gmrf_wind_mapping_node-2] [GMRF] MAP Mean value estimated in 10.7771 milliseconds
[gmrf_wind_mapping_node-2] --> MAP did not converge after 1 iterations.
[gmrf_wind_mapping_node-2] [GMRF] MAP Mean value estimated in 10.7783 milliseconds
[gmrf_wind_mapping_node-2] --> MAP did not converge after 1 iterations.
[gmrf_wind_mapping_node-2] [GMRF] MAP Mean value estimated in 10.7787 milliseconds
[gmrf_wind_mapping_node-2] --> MAP did not converge after 1 iterations.
[gmrf_wind_mapping_node-2] [GMRF] MAP Mean value estimated in 10.7795 milliseconds
[gmrf_wind_mapping_node-2] --> MAP did not converge after 1 iterations.
[gmrf_wind_mapping_node-2] [GMRF] MAP Mean value estimated in 10.7807 milliseconds
[gmrf_wind_mapping_node-2] --> MAP did not converge after 1 iterations.
[gmrf_wind_mapping_node-2] [GMRF] MAP Mean value estimated in 10.7793 milliseconds
[gmrf_wind_mapping_node-2] --> MAP did not converge after 1 iterations.
[gmrf_wind_mapping_node-2] [GMRF] MAP Mean value estimated in 10.7801 milliseconds
[gmrf_wind_mapping_node-2] --> MAP did not converge after 1 iterations.
[gmrf_wind_mapping_node-2] [GMRF] MAP Mean value estimated in 10.782 milliseconds
[gmrf_wind_mapping_node-2] --> MAP did not converge after 1 iterations.
[gmrf_wind_mapping_node-2] [GMRF] MAP Mean value estimated in 10.7828 milliseconds
[gmrf_wind_mapping_node-2] --> MAP did not converge after 1 iterations.
[gmrf_wind_mapping_node-2] [GMRF] MAP Mean value estimated in 10.7839 milliseconds
[gmrf_wind_mapping_node-2] --> MAP did not converge after 1 iterations.
[gmrf_wind_mapping_node-2] [GMRF] MAP Mean value estimated in 10.7829 milliseconds
[gmrf_wind_mapping_node-2] --> MAP did not converge after 1 iterations.
[gmrf_wind_mapping_node-2] [GMRF] MAP Mean value estimated in 10.7844 milliseconds
[gmrf_wind_mapping_node-2] --> MAP did not converge after 1 iterations.
[gmrf_wind_mapping_node-2] [GMRF] MAP Mean value estimated in 10.7856 milliseconds
[gmrf_wind_mapping_node-2] --> MAP did not converge after 1 iterations.
[gmrf_wind_mapping_node-2] [GMRF] MAP Mean value estimated in 10.7871 milliseconds
[gmrf_wind_mapping_node-2] --> MAP did not converge after 1 iterations.
[gmrf_wind_mapping_node-2] [GMRF] MAP Mean value estimated in 10.7872 milliseconds
[gmrf_wind_mapping_node-2] --> MAP did not converge after 1 iterations.
[gmrf_wind_mapping_node-2] [GMRF] MAP Mean value estimated in 10.7887 milliseconds
[gmrf_wind_mapping_node-2] --> MAP did not converge after 1 iterations.
[gmrf_wind_mapping_node-2] [GMRF] MAP Mean value estimated in 10.7898 milliseconds
[gmrf_wind_mapping_node-2] --> MAP did not converge after 1 iterations.
[gmrf_wind_mapping_node-2] [GMRF] MAP Mean value estimated in 10.791 milliseconds
[gmrf_wind_mapping_node-2] --> MAP did not converge after 1 iterations.
[gmrf_wind_mapping_node-2] [GMRF] MAP Mean value estimated in 10.7918 milliseconds
[gmrf_wind_mapping_node-2] --> MAP did not converge after 1 iterations.
[gmrf_wind_mapping_node-2] [GMRF] MAP Mean value estimated in 10.7922 milliseconds
[gmrf_wind_mapping_node-2] --> MAP did not converge after 1 iterations.
[gmrf_wind_mapping_node-2] [GMRF] MAP Mean value estimated in 10.7934 milliseconds
[gmrf_wind_mapping_node-2] --> MAP did not converge after 1 iterations.
[gmrf_wind_mapping_node-2] [GMRF] MAP Mean value estimated in 10.7949 milliseconds
[gmrf_wind_mapping_node-2] --> MAP did not converge after 1 iterations.
[gmrf_wind_mapping_node-2] [GMRF] MAP Mean value estimated in 10.7953 milliseconds
[gmrf_wind_mapping_node-2] --> MAP did not converge after 1 iterations.
[gmrf_wind_mapping_node-2] [GMRF] MAP Mean value estimated in 10.7971 milliseconds
[gmrf_wind_mapping_node-2] --> MAP did not converge after 1 iterations.
[gmrf_wind_mapping_node-2] [GMRF] MAP Mean value estimated in 10.7983 milliseconds
[gmrf_wind_mapping_node-2] --> MAP did not converge after 1 iterations.
[gmrf_wind_mapping_node-2] [GMRF] MAP Mean value estimated in 10.8001 milliseconds
[gmrf_wind_mapping_node-2] --> MAP did not converge after 1 iterations.
[gmrf_wind_mapping_node-2] [GMRF] MAP Mean value estimated in 10.7999 milliseconds
[gmrf_wind_mapping_node-2] --> MAP did not converge after 1 iterations.
[gmrf_wind_mapping_node-2] [GMRF] MAP Mean value estimated in 10.801 milliseconds
[gmrf_wind_mapping_node-2] --> MAP did not converge after 1 iterations.
[gmrf_wind_mapping_node-2] [GMRF] MAP Mean value estimated in 10.8018 milliseconds
[gmrf_wind_mapping_node-2] --> MAP did not converge after 1 iterations.
[gmrf_wind_mapping_node-2] [GMRF] MAP Mean value estimated in 10.8043 milliseconds
[gmrf_wind_mapping_node-2] --> MAP did not converge after 1 iterations.
[gmrf_wind_mapping_node-2] [GMRF] MAP Mean value estimated in 10.8051 milliseconds
[gmrf_wind_mapping_node-2] --> MAP did not converge after 1 iterations.
[gmrf_wind_mapping_node-2] [GMRF] MAP Mean value estimated in 10.8063 milliseconds
[gmrf_wind_mapping_node-2] --> MAP did not converge after 1 iterations.
[gmrf_wind_mapping_node-2] [GMRF] MAP Mean value estimated in 10.807 milliseconds
[gmrf_wind_mapping_node-2] --> MAP did not converge after 1 iterations.
[gmrf_wind_mapping_node-2] [GMRF] MAP Mean value estimated in 10.806 milliseconds
[gsl_benchmark_runner-4] [INFO] [1788891019.027898531] [gsl_benchmark_runner]: wrote V4 run record: method=CTPI_G2_M1_M2 seed=4 termination=time_budget_timeout final_error=3.276 localized2=False timeout=True
[gmrf_wind_mapping_node-2] --> MAP did not converge after 1 iterations.
[gmrf_wind_mapping_node-2] [GMRF] MAP Mean value estimated in 10.8065 milliseconds
[gmrf_wind_mapping_node-2] --> MAP did not converge after 1 iterations.
[gmrf_wind_mapping_node-2] [GMRF] MAP Mean value estimated in 10.8076 milliseconds
[gmrf_wind_mapping_node-2] --> MAP did not converge after 1 iterations.
[gmrf_wind_mapping_node-2] [GMRF] MAP Mean value estimated in 10.8084 milliseconds
[gmrf_wind_mapping_node-2] --> MAP did not converge after 1 iterations.
[gmrf_wind_mapping_node-2] [GMRF] MAP Mean value estimated in 10.8092 milliseconds
[gmrf_wind_mapping_node-2] --> MAP did not converge after 1 iterations.
[gmrf_wind_mapping_node-2] [GMRF] MAP Mean value estimated in 10.8092 milliseconds
[gmrf_wind_mapping_node-2] --> MAP did not converge after 1 iterations.
[gmrf_wind_mapping_node-2] [GMRF] MAP Mean value estimated in 10.8079 milliseconds
[gmrf_wind_mapping_node-2] --> MAP did not converge after 1 iterations.
[gmrf_wind_mapping_node-2] [GMRF] MAP Mean value estimated in 10.808 milliseconds
[gmrf_wind_mapping_node-2] --> MAP did not converge after 1 iterations.
[gmrf_wind_mapping_node-2] [GMRF] MAP Mean value estimated in 10.8091 milliseconds
[gmrf_wind_mapping_node-2] --> MAP did not converge after 1 iterations.
[gmrf_wind_mapping_node-2] [GMRF] MAP Mean value estimated in 10.8099 milliseconds
[gmrf_wind_mapping_node-2] --> MAP did not converge after 1 iterations.
[gmrf_wind_mapping_node-2] [GMRF] MAP Mean value estimated in 10.8113 milliseconds
[gmrf_wind_mapping_node-2] --> MAP did not converge after 1 iterations.
[gmrf_wind_mapping_node-2] [GMRF] MAP Mean value estimated in 10.8114 milliseconds
[gmrf_wind_mapping_node-2] --> MAP did not converge after 1 iterations.
[gmrf_wind_mapping_node-2] [GMRF] MAP Mean value estimated in 10.8125 milliseconds
[gmrf_wind_mapping_node-2] --> MAP did not converge after 1 iterations.
[gmrf_wind_mapping_node-2] [GMRF] MAP Mean value estimated in 10.8112 milliseconds
[gmrf_wind_mapping_node-2] --> MAP did not converge after 1 iterations.
[gmrf_wind_mapping_node-2] [GMRF] MAP Mean value estimated in 10.8098 milliseconds
[gmrf_wind_mapping_node-2] --> MAP did not converge after 1 iterations.
[gmrf_wind_mapping_node-2] [GMRF] MAP Mean value estimated in 10.8085 milliseconds
[gmrf_wind_mapping_node-2] --> MAP did not converge after 1 iterations.
[gmrf_wind_mapping_node-2] [GMRF] MAP Mean value estimated in 10.8075 milliseconds
[gmrf_wind_mapping_node-2] --> MAP did not converge after 1 iterations.
[gmrf_wind_mapping_node-2] [GMRF] MAP Mean value estimated in 10.8065 milliseconds
[gmrf_wind_mapping_node-2] --> MAP did not converge after 1 iterations.
[gmrf_wind_mapping_node-2] [GMRF] MAP Mean value estimated in 10.8052 milliseconds
[gmrf_wind_mapping_node-2] --> MAP did not converge after 1 iterations.
[gmrf_wind_mapping_node-2] [GMRF] MAP Mean value estimated in 10.8038 milliseconds
[gmrf_wind_mapping_node-2] --> MAP did not converge after 1 iterations.
[gmrf_wind_mapping_node-2] [GMRF] MAP Mean value estimated in 10.8025 milliseconds
[gmrf_wind_mapping_node-2] --> MAP did not converge after 1 iterations.
[gmrf_wind_mapping_node-2] [GMRF] MAP Mean value estimated in 10.8025 milliseconds
[gmrf_wind_mapping_node-2] --> MAP did not converge after 1 iterations.
[gmrf_wind_mapping_node-2] [GMRF] MAP Mean value estimated in 10.8016 milliseconds
[gmrf_wind_mapping_node-2] --> MAP did not converge after 1 iterations.
[gmrf_wind_mapping_node-2] [GMRF] MAP Mean value estimated in 10.8023 milliseconds
[gmrf_wind_mapping_node-2] --> MAP did not converge after 1 iterations.
[gmrf_wind_mapping_node-2] [GMRF] MAP Mean value estimated in 10.8013 milliseconds
[gmrf_wind_mapping_node-2] --> MAP did not converge after 1 iterations.
[gmrf_wind_mapping_node-2] [GMRF] MAP Mean value estimated in 10.8028 milliseconds
[gmrf_wind_mapping_node-2] --> MAP did not converge after 1 iterations.
[gmrf_wind_mapping_node-2] [GMRF] MAP Mean value estimated in 10.8039 milliseconds
[gmrf_wind_mapping_node-2] --> MAP did not converge after 1 iterations.
[gmrf_wind_mapping_node-2] [GMRF] MAP Mean value estimated in 10.804 milliseconds
[gmrf_wind_mapping_node-2] --> MAP did not converge after 1 iterations.
[gmrf_wind_mapping_node-2] [GMRF] MAP Mean value estimated in 10.803 milliseconds
[gmrf_wind_mapping_node-2] --> MAP did not converge after 1 iterations.
[gmrf_wind_mapping_node-2] [GMRF] MAP Mean value estimated in 10.8031 milliseconds
[gmrf_wind_mapping_node-2] --> MAP did not converge after 1 iterations.
[gmrf_wind_mapping_node-2] [GMRF] MAP Mean value estimated in 10.8046 milliseconds
[gmrf_wind_mapping_node-2] --> MAP did not converge after 1 iterations.
[gmrf_wind_mapping_node-2] [GMRF] MAP Mean value estimated in 10.8043 milliseconds
[gmrf_wind_mapping_node-2] --> MAP did not converge after 1 iterations.
[gmrf_wind_mapping_node-2] [GMRF] MAP Mean value estimated in 10.8051 milliseconds
[gmrf_wind_mapping_node-2] --> MAP did not converge after 1 iterations.
[gmrf_wind_mapping_node-2] [GMRF] MAP Mean value estimated in 10.8055 milliseconds
[gmrf_wind_mapping_node-2] --> MAP did not converge after 1 iterations.
[gmrf_wind_mapping_node-2] [GMRF] MAP Mean value estimated in 10.8052 milliseconds
[gmrf_wind_mapping_node-2] --> MAP did not converge after 1 iterations.
[gmrf_wind_mapping_node-2] [GMRF] MAP Mean value estimated in 10.8056 milliseconds
[gmrf_wind_mapping_node-2] --> MAP did not converge after 1 iterations.
[gmrf_wind_mapping_node-2] [GMRF] MAP Mean value estimated in 10.8067 milliseconds
[gmrf_wind_mapping_node-2] --> MAP did not converge after 1 iterations.
[gmrf_wind_mapping_node-2] [GMRF] MAP Mean value estimated in 10.8061 milliseconds
[gmrf_wind_mapping_node-2] --> MAP did not converge after 1 iterations.
[gmrf_wind_mapping_node-2] [GMRF] MAP Mean value estimated in 10.8048 milliseconds
[gmrf_wind_mapping_node-2] --> MAP did not converge after 1 iterations.
[gmrf_wind_mapping_node-2] [GMRF] MAP Mean value estimated in 10.8055 milliseconds
[gmrf_wind_mapping_node-2] --> MAP did not converge after 1 iterations.
[gmrf_wind_mapping_node-2] [GMRF] MAP Mean value estimated in 10.8046 milliseconds
[gmrf_wind_mapping_node-2] --> MAP did not converge after 1 iterations.
[gmrf_wind_mapping_node-2] [GMRF] MAP Mean value estimated in 10.8036 milliseconds
[gmrf_wind_mapping_node-2] --> MAP did not converge after 1 iterations.
[gmrf_wind_mapping_node-2] [GMRF] MAP Mean value estimated in 10.8029 milliseconds
[gmrf_wind_mapping_node-2] --> MAP did not converge after 1 iterations.
[gmrf_wind_mapping_node-2] [GMRF] MAP Mean value estimated in 10.8016 milliseconds
[gmrf_wind_mapping_node-2] --> MAP did not converge after 1 iterations.
[gmrf_wind_mapping_node-2] [GMRF] MAP Mean value estimated in 10.8027 milliseconds
[gmrf_wind_mapping_node-2] --> MAP did not converge after 1 iterations.
[gmrf_wind_mapping_node-2] [GMRF] MAP Mean value estimated in 10.8035 milliseconds
[gmrf_wind_mapping_node-2] [INFO] [1788891023.600413745] [rclcpp]: signal_handler(signum=2)
[gmrf_wind_mapping_node-2] --> MAP did not converge after 1 iterations.
[gmrf_wind_mapping_node-2] [GMRF] MAP Mean value estimated in 10.8053 milliseconds
[INFO] [vgr_sim_node-1]: process has finished cleanly [pid 86020]
[INFO] [gmrf_wind_mapping_node-2]: process has finished cleanly [pid 86022]
