name	size_bytes	sha256
iteration_0	119	f45aa45a3c87ea2a1213eb9e0afa68eee7ea26e437dd450c26d86198d2ece931
iteration_1	171	d0959d8bb3593964402bb091cc70dc037e6e72fda383b14a7ebeedbd3a9d0bce
iteration_2	235	855e8b33905d2ad8ded91e7f9782fb5e332e48fb5bd6b19a407df5f0d696e241
iteration_3	274	02c12382bf1efcfb5c010cd16110c63e2fc01adece7a0411a4894513524f359a
iteration_4	359	1455889e576386742db5b8db6bf22f7bfbcfdd91e0661ff36a34a2282ea315cc
iteration_5	422	ca614bf856d13e5dd41cf380d470a17a45340671c65c4fb0244533a4bf7c2973
iteration_6	484	a1a9b42009a69380d64c9a7458d114da014dd7e8ad12fcde09bddde874932ff2
iteration_7	555	a60b1e26e86563a170f7f5d67fe0757555c6a0cbb72e49e9a727af96ff676883
iteration_8	614	d72a7868fc82a4fac93fa7916bb09bf08b4945575bf0d17f39b5cba53cf72414
iteration_9	685	4c228d88f5d222e0f845c6e29e4ce13a6fdd97d86eac44ac7276654c50855923
iteration_10	744	049fa8e54a0bb2164879bb2c5f96ab50b11b225c0f26feeb7919533d37591e5a
iteration_11	817	008a7ea09d869d2a3d04db00de62d33d7eb5484b684d81555398d40c6dff9e92
iteration_12	891	a9cba92829859600876035846f7ddc7e07e71c3634ed0ba634cc7f837f467887
iteration_13	947	ee6d891761f181c48ac13ba766155d3bd380df78785152ccc955c787da19a54a
iteration_14	1008	2cd9ac5962aa0b4b7bf0d4f577209cb212c5cb0f275217e6c2516923678ca6bb
iteration_15	1048	dce0e13df155fcc9e8bf58763d574e8bde7275c6a9d4da6dab0392c8aa2643c7
iteration_16	1120	e000cb3929570f0659244e303c7f5b5c6f4e8eff3df064b533e5a134986a6857
iteration_17	1155	b5510e39ff3d6532ca00d138f72db9fb731bd5f5a1d43fbb830f3c923aa14ce7
iteration_18	1213	0a26611cd94c0f7ad00495a435edf801a3516722019f87b0d54f7c14a8acc785
iteration_19	1255	d7bf376511beb23deb1a944d057ff9f93609c5e9c127bb60e25847807d9fb055
iteration_20	1304	fcfd3ad5a9abb1a650a72b97798d47a6ada39778cfb0669d35b17c8c73766027
iteration_21	1357	a007740daf7f2586a437a219862aa16e6f186c72d80d5ca3514e66719041f507
iteration_22	1410	1a2a728138191de297235906d265fb7165f3075c5a0fd1d11f6762484196af19
iteration_23	1452	f64c7172bad569807c6279d62adff4aecc8e138b026325a64e5e3061f172f833
iteration_24	1502	61f10eac076233938e70eef28b34fe1f8340d67c510562d7f7dd4255b47e4003
iteration_25	1552	8780c14ac49856e2f21ccfd3bd634ecfd343df7bce12ff2329a3b18020a9e4d5
iteration_26	1619	62392618ed52e2dc5a9d89cdc352017a679a317a571c47950fd4be30ed21d711
iteration_27	1670	de1cd75499148bd4fff7d6da725c341aab8aba69c88df1e39b57961cbde85aed
iteration_28	1714	011bcb11cef00f36be5a29fdffe678607f407f67b06e00910817cf5753f4b195
iteration_29	1757	81203bd233e94c8ab0feb620d2e1d56fb091e6240e8f6a17cae9e82ae91c81e6
iteration_30	1823	a183f3a7cb3c0ef59502fac09b9c537319268c621f527d59a4cec987094414e1
iteration_31	1873	ae86805b66968e422de5dc2956f24c0f26fd4a0f24f4b2a89187db61689618dd
iteration_32	1927	4e0f0516d6fe56394564408b2d0eaf52e9ebedb3d9c9e0b16734eceb966e33a3
iteration_33	1969	2bad3993c822cc5fa7db577003d08b6f071b4ba3faf125c4dfffdabf5f61f62c
iteration_34	2038	fc9f739cd21426566ac1560117f3fc0fc13092247d6aac1b8b6c064373f36f9b
iteration_35	2077	c98c946dd1cca52c8d496accc3d0fa66b88ac632f83d4451d1598b1e725a3fd0
iteration_36	2134	d375abb4a0e7d28acf57928c68650cfff579401353173a70d03a4292dc75e5b2
iteration_37	2194	2f8d393ea4da8e237d8d5efe5bb01dd8707553f214cfec4e4faa9da489d66c43
iteration_38	2238	6cedd66a8c0bdb2803e146613cf4d9a97591f549eb79c45a9d2cbc382ba23fa6
iteration_39	2289	b3ec10e5c2bcd549b6d448e8005da7ddad60a0f1fceecb113ae287833688ef6b
iteration_40	2338	bcb9eef4f9cc82de2b640dddd32f3d7484959a452a0ab52b84b2c713a1a6e8d6
iteration_41	2391	21c7710ae16877058591e1739859539162a89f6f010ec449a78650618b83d7ab
iteration_42	2441	7f8bb4dea32aace0b742c1984951db7720d7fa426857ed213f0d70d972540076
iteration_43	2476	69496b9e744e467b82ffc4f1cc2a54b941a19c3ed8437f9a6d414548918b1fcf
iteration_44	2534	794fbcd0228d2d4a15afdda214e46df8d58cec7040e4d13fa04f5f01ae98d2cf
iteration_45	2576	66cdb743d4d6d40761b15c354324fc90b680f8ccb53998deac6d8ec7764f36d4
iteration_46	2627	a1fcd1da04264294e74c9a045e60c9d749e5385ad134513e8960d2d919653bed
iteration_47	2671	ddfb355c92aba3043b64f68df6891285e823fe0cccb1b358af9813e6f8c857c7
iteration_48	2745	2db7062bec0ca75f0153c5ec721eeb1a7c53a0d4a0354da5aa74afb8f7d14bf8
iteration_49	2787	22b7d90bb0a5f2996747f69ec2490b1c1c5f50f33ab32754ecd1f8571505cdc3
iteration_50	2836	c7acea2996c55b47ec0738861750107e55093868040ec138a91c5719ef342f71
iteration_51	2886	ee15c533c4de1dd0a174e45a99f94f13979a3627ce9f12960245a9a42e132be7
iteration_52	2945	1b0111998af77d61b0c9bce89fe3d94d085f776e4a183bb1d20088f3c9a2c6d3
iteration_53	3009	f7d7a2f11b4c808ea7272d4c4a6b8b2ebdb4860bcf5f6413742d395809e3213e
iteration_54	3062	c493656ab995e932f76108bdc34af0c03fb0c0e0d5b02f2c96324e87fb9d7545
iteration_55	3117	98ceeaf4e22553f22313a62426f0b61f6b06db97cbd56c08885262cc482922ec
iteration_56	3164	ecaa3978ad6432d3eccc2a9bef1348d485e2d60b7270f1f252edc69e74fb79e9
iteration_57	3211	cd6946aa83ddc00d78495df74f532848b0ba7f719f4993322e5cc2a356bce7b3
iteration_58	3267	9c484460e72f48c9df8e20e0085cbc8f88e6d07acd58479e1cada1f023468900
iteration_59	3307	9c1eb8698af9b4da9c7abd05277d98d6f858e89fa592e426aac7e886b409b69a
iteration_60	3361	c4fa6f837e3f98ab5e3842621d350e47900dff6e3416c48af72136bc66aa4f2d
iteration_61	3401	cdcf128eb303fba7f6d922d60cfd4ab9b03397e7a9bbfa89ac532e8a0479324e
iteration_62	3449	132070532a8ea4031b6bddf2a2b525617d0b541887336a2dd99b55d86cece243
iteration_63	3516	ca39a100c98084144882f65da915f2991e2de5de91086de15f322fbbbbb29234
iteration_64	3596	ad4ceee73acf3386662ffa45e991b28f7a02abe28144e16e444e28f450165f80
iteration_65	3645	4e19c0fcb61602ec15cbc58fa6aa24ee60fd055bc9012a9c307cdf9f2a4b1b62
iteration_66	3715	8c409cd2b01f82b8c638a6356857a3d7cbab6ced77d29c802f254fd57dbf76b7
iteration_67	3779	5700471431f8748ec3abb796e1fe61a62693137b5f8f3bd5c6ff7a38669f4024
iteration_68	3827	a77a158a1b0e893e9b6fe53475c79d551f0ecd51fb20bc6335b1833ab5b5d42b
iteration_69	3893	08c6bb7862d286320079bbb17fa915b48533438b586887e1cf5d5ccf02bc5963
iteration_70	3948	b9b892c5e291255f25e5ced33ac39878a7e5672b13b76c34c8cd3852856ad6f2
iteration_71	4025	bb2e87ae5e993f5685a418cc0751ceea434ec7ad0f39eb5e51ad0eb4ff376201
iteration_72	4074	149ae5e35a0e60cbb569475100becd131a683043539176b57d1c56242634ba0c
iteration_73	4139	5458b9b80c5702e22d4e6651baf226fe1ea4efda6cd95bc45d94f86fcc64bbf7
iteration_74	4209	0ac6a85deb121bf13a6dfb070d4ef5e474c01d7139946eb9e256fde28092a478
iteration_75	4278	fa3da8ecd387ccc7b3d8843047cde4ad363e255cfede61b8f017a37bf2f15aee
iteration_76	4338	adba444b258139e77da3905fd962943643343179c8d0c3fb26763249c76f15d3
iteration_77	4392	823870aee515ffd490adbd36848588f21e4096e69880e11772dd38b699d57dd0
iteration_78	4451	b5db01a3f57d3fdae5be4d49d1a17f661be103806a58ee0fcf5e80be5abe8cd2
iteration_79	4512	52df43db0450083cf40eadfba8d9af3fbef6bcade139b7157ab024f113ffb0b8
iteration_80	4596	11486312a7d3d6564c5c886c83c9167d6c2c33ee17b20c8c44fc0f0684c250c0
iteration_81	4653	17577b72befe4e282f6a588c4d0f8df3e3ebdc18423de8aa9d28459c0e788742
iteration_82	4684	7e3d04f0ef2f0abcbe835e1a2db85ae214f30d7adea88ba3657b9c9a0c391d3f
iteration_83	4750	e395e59d7568af1a7b13f6bf37c7c13a96c9692958eb49575790f673413e59d6
iteration_84	4826	679be37cd71829c1d3e1d1f561deb6a9b577d49303d0ed37959050a598230c0e
iteration_85	4878	fd75a993c689f9d8c3243bc2fbd82d9f458e3d7a5d5fd531aae79e828b26c49c
iteration_86	4939	e81144ae36974df66ae31a098cc06018d92ec0b637445d9a7eddac73e034127d
iteration_87	5003	aa425a5504206a281eada66247e814e5c753acd45af2e5c3d47ae162e3ca42c6
iteration_88	5055	83257974b78b91be70bfa9d1fc1a6f6b9d2bbaf5a5f576eb9b7085a2a86b2bf6
iteration_89	5126	6b58c62b4faaad9d87204f56c4b6ab46075c2cb6b25836af30405925ae55030e
iteration_90	5202	043e6192e81245491356cced892ccbfcfc6deda26d0109a1905bfbaa36593ea4
iteration_91	5268	05b4ca12605ed1882560bf1ad65763e28e5ec826a09716d9c749c8bd887a5b4e
iteration_92	5328	eace5139e5b9219b2ad2a87755133d48d9cf9beccbc817933273b364d423ea9c
iteration_93	5390	0280ff48208078ced8866edc84dfc343f8d1ddc0dec461b5a4fa83d43d5668be
iteration_94	5462	2e52801cfe44090ef4ddd0c268655b33790d41680f244aad004ed63b69ac91d0
iteration_95	5518	37035be405d56f548913818baf8633781b81ebdf6675a44e8b98820816b942f7
iteration_96	5578	9853d3ab2c14e487080050c8cd41b9c975b64af7e73bc8e410df6f21981a3954
iteration_97	5639	4c94818ed8ea660429ebadf178b76e0333b1bd791d7845f312c836f8f3884163
iteration_98	5707	17e2a28278a3a1f859b6ffbd0948912bbbaa8dab697b9495332537917c9f25cf
iteration_99	5778	31e5c7289fa6c41717bb627f02325b9a1f9758e778cf7559ff34f6d1b8ffdb42
iteration_100	5829	4d0408c741bcce7bab2475e539dd7e97f9a36bf7652ccf9a26d3215761398b4b
iteration_101	5892	bb18da33cf8f446f1d6587e2b08f6d5b38fa289f52102a5054f0288c732d849c
iteration_102	5945	a39cfe66fb014966538b97bc4bf62bd20e49b3faa379d78c73b8285ee42b3e17
iteration_103	6007	ebc3b32800f675c2da23885c4aeda9a7c3bf6799162dc658a045bbfa11ca9ff4
iteration_104	6077	6c1910d5267c3cd6635192984413d7d9e140d21fe9c673bed561252675a28ac2
iteration_105	6141	8848e90d64a6f8a889f3a89af65d31ab34dc2ee15b0a2bc79a942d702dfe1536
iteration_106	6213	bdd535f74e7fe22f2fead277e602e2ea2d3acef9d5780f8752f97c876da61b5f
iteration_107	6280	2ea7483f817965ce3c257c8e51b7191454e4f0f3a05d0bcf5842e66dee39d34c
iteration_108	6332	a88458c4ebee354bea6bc148933c4a1a032082a861394562cdf0bfb2b2a71901
iteration_109	6417	1e4aa5311c921e8c0ab005f9987842020ceced74f230eab95d997c9b080ca475
iteration_110	6465	d70071c89592a1997c33c04d1c5ae53c03d6cf2a7f800b9fabb58bfa476202a7
iteration_111	6526	f1f5710ae045ba99aa0d7ccce5427e264149e933a081e9bbdf1646fc8d2f53d2
iteration_112	6595	614a00f130b3fda4d1f64a0695e0cfad750bc0a3d788b8e27b753cd18b9fa3b3
iteration_113	6648	7818aed6558c369583709c1b63859b7ae3a28dde40763f7d6e61ee5e207c9882
iteration_114	6723	19e04bc78cd544dfa3fbb44a9b57d60088a6fc1da8218a979055238ae081e191
iteration_115	6787	af8b5882e2d03c1de5bbc159f49a6d8912690d989bc58b829d08d1ab208a5a94
iteration_116	6849	5ca04f7ac16c9fd0c16bdf03b313306e00276685c2bae98a09505fa5e9540f14
iteration_117	6917	cecd429bc8b289d9a274709f00e673076031fda2e47c49caaaaf49367c393560
iteration_118	6978	c14a9173196682474cddf564c674aafb29c3ac65462efee8389a4997e3997b25
iteration_119	7058	3e079e3e9e044da238bc60003307e49f31b878ca9e6b61b66a7efc1db61d323a
iteration_120	7101	10815c1404308e98cbbce1042b8219c11eea2f9e355be53937e4929129a689ca
iteration_121	7159	d3e3c0ac50c84cbab1006771de63d0a6d0e7c9c9ac91d250f5a4f3bab03754e2
iteration_122	7220	5ccd0a384ad445944d3b632f3a0b3a32094bbf16eddd249efd6da6c639959dc4
iteration_123	7281	8e02f09b8c9599ceb66e14f73e56134cb7d1712bf13b4ef6e2e83ef44f5ee511
iteration_124	7369	764703960663c7a3365ec3b90aa64d81aa6bd77467145dfce3f521a1d65cdf45
iteration_125	7436	7f335a52d6f54f9da87ce6b7746cecc0c7420d15ba6c4f9ef192b6279e7bf357
iteration_126	7485	3656147250ff9b6e9a6313c20823066e498e813e81e53ad1a32c15e66ec0d9ca
iteration_127	7530	8a09e5fe18aa65163d9b168eb13423c12f287056649241e0d692d44927583ee8
iteration_128	7590	cf8edcd2754992db7ee992aac59056421a9aaf5c4acb80866138a717e1fb484e
iteration_129	7667	9c624e6be7833ec115787eec68d71793280c7ccfc40c853745aa6964045d8197
iteration_130	7735	6e0b8194e06726ab56bb624c94fc4aea3f1fad37eec421978cad2539374d1611
iteration_131	7803	416d6cf04d38a6a43514fb4f2a9935d16a9b39bf5de897b31fcda665b8d85f0c
iteration_132	7872	cd0e45d09fa3981ee2a5e2d49e05fad61795827a06441df1f4660bc783a56fe8
iteration_133	7926	110b11f7985bc713018242993ec711a0cf978beae2634eb27818ebefb981505a
iteration_134	8004	86f52a734600ebfcc71f1b8f8f09dbceff5f7f2d3a9b9e6b565d0f51564896d3
iteration_135	8059	977a2e8d19f2bdc04f68eb5a897f5bd5598a59746942161ecfd4f7fd059b4ddf
iteration_136	8115	c309ab15111ea83a49f2e6b99f1837e3bb0b202a471cbc6ff31f8c96d4ef5af4
iteration_137	8179	97d0a09ee999f4295473a1d3469adfa57a1d98130d3d9ee4e504453a222d04aa
iteration_138	8241	a9cc265b0477d778ba600997ad54657538ba505cd964a81f787979b19bb5940b
iteration_139	8316	355baaa861141ccd67373fe1f7b7c5c99807d1fa13a44f2f1c13cee069fd9849
iteration_140	8367	c3f2d22eedc32a5a9539c8c7d64943ccd565678b713263cfe80bcfed5836f7ff
iteration_141	8443	599952513b17ee1c1c3f7b0af91a37f5f2c25960af3c5e8a1ee7f7bf979e5e65
iteration_142	8516	3938b53b2c9833d1cebd2a70645fc5f1fb2d57e41d9548baf93aee93ad83da53
iteration_143	8564	b58f47d7b463360ce0d9717485bac11ab70fae93d73f3cdb56990ae779015557
iteration_144	8644	bba3780eb41ed82a37523a3ffdf54cdec09695ab0012e05302c6846dd5641a6f
iteration_145	8694	76922f29ef235813d97c0ec005c339b88d5b7773b6507da488867496a6e41e95
iteration_146	8778	356ac77b2eed56ce071d0f0317baf2ee3921555d407ebd6377fdb25829bdd60e
iteration_147	8828	cc478e8d189f17ef7b6083a69cb51306ef1a53adbab43bd7744a83e4720d1f06
iteration_148	8889	7c31f15e5ebbce8f9ea8912773e1bc8e755332aa5890d04eed63490196913f4d
iteration_149	8946	2133d4c3910247dcf160ea2e0fab9875d11fdefad25b01b5cfb9365971cd29c0
iteration_150	9006	18ee9770bfd6e095ad095abd6f83c345b80773f9947450683ac0fd77fb85b555
iteration_151	9071	323d66241312198d6c1fb163369dace618aae049bdd9e73f8525068c3a20a73e
iteration_152	9134	b8a78b71e9afbfd1b3355d6ba23d4aa48048533949729164175662811b1242bd
iteration_153	9193	2e8fcb181cf2bec3e1c5f9a7e33da0cbc0a378d93176ea0f5c3244335bc8f6fb
iteration_154	9273	c8ce8e7691bbf4a6bb02dd3254bf890209ac7514f0427d0a7905457bc5301ed3
iteration_155	9344	a677a186f48de006e4eeecdc82fbc629f886d5e61cd3a772d6a99b3e5e72c398
iteration_156	9417	0657d8ead43105591c242d8406b73e64cef882976f80ca4849381243c94d8cf0
iteration_157	9440	b8e98367f1998f1eb182df77202eecec94f5c067470f782f5e41d67e60aa893b
iteration_158	9481	c7084777ffe2f771124da5355ff93d0335af3b384fbb74878498791438f482de
iteration_159	9579	1e4ed455819cee42e2b07eb96d5a74ad4ccb912a3630c3c986ab67ce21924a9e
iteration_160	9638	195b045630ece8567a633196ed474a88754912f992c9f46246743e914dcc265e
iteration_161	9706	8ecebc5a8a3540a65b6ef684e218fb26f8adb62ac82fc7cb230e3faecd01513e
iteration_162	9745	11cce6fad650b4198a3548255036164afdc859b462f252e4c7f070af964cf32e
iteration_163	9818	8b694069db476c95f5bbb142dd8889a830129369120d86c99eb74c044a535295
iteration_164	9913	d561fee034ec9eb84e4abf978305cd73bf3cf7bc5d6f173a14eb40f585e051dc
iteration_165	9955	733a2f9af719a26f8797b8dc5f175e2e4150eb4ea5dc4de157943ecc5212f90b
iteration_166	10015	90884b98c5e9181b9549f9b556e2c32eeb860fc8f1981ef248cd2a4ad76079bb
iteration_167	10073	08628015caf5a152ead100b897a2734fb871d0aa7c150b616daa6a0c9d9f1cd6
iteration_168	10126	7c3f90883b8269fa04b0aaf7acfa55903aafa2f44d75ef9cfd6df7795e004b3a
iteration_169	10226	ad7131b56487411da51ee3589c689b08a7f26d3d2ddc321259adba753f91b9a0
iteration_170	10268	2b5723050c59ed4a7a49c6d8cdc2abf431787359dbed15eb1d0a7ac96a393031
iteration_171	10321	630b05fe1a2862a7fd5f1214a15a0c1546b179368a64fc981723efdae5378683
iteration_172	10402	277811094ac85718f932d56d6fc529bd7215e01e818e7cebf03257881dc61e38
iteration_173	10434	d3743a1315ded97eace68187cce63ab838ec3b3fe338e3c982aa6b1290208b69
iteration_174	10498	95d9eeb0b4d3e3df85f88c0dcc6d0b72e0e50b151fdebc318f8ad44fa7a853d4
iteration_175	10579	81fa5e7e28037743d1c7459f87ae9cc82bbf77d3b405c634060d78743b5d3682
iteration_176	10631	f49843cde0d6de763c80da1a38227b5ad7689899c51a2600262284f05b4a082b
iteration_177	10701	22338ff0d12b89e4f57ff3a514f5d26cd854d18fc1ccdd59f465dac2f86ae07d
iteration_178	10755	8bb62276e9606787e82e9910f9f69c89bbf916a965789b36df47f4cd5283df17
iteration_179	10842	4858e2c5b5804c96d2cdb1618247eed398ff70696de75727a68bf08b4853e89a
iteration_180	10912	06ae7d7071e65f6e2ac4e99a994284fea59fe08e231a87b2ad5cd05ad603ed38
iteration_181	10964	951e8c75255572c7eeaeb1b1fd06d05c001c558b95cd6f955c625a506e26b237
iteration_182	11022	6ba1f6611ffbc817a580cf775ba4eac133e7e9c21a2d5e3261caadedccd466d6
iteration_183	11075	5b744292db85dfc3ac51566009a1307f36bf556eea66a39d06eadaddf1d7d09c
iteration_184	11155	05c876b8f24020e7fc4478b04263212b148f3cd306be9cc79687e5c71517f046
iteration_185	11216	f0e5033b4afab0296c0de1fdc936161084e46f9418b608c4062004675b5f5faa
iteration_186	11282	39f99e9047f84660ded5713b4e76d54a0107cc2ae0ac32d7f006846e5f1daa4b
iteration_187	11343	d61a26f92992333dadece62ccc3682cb895036a7b991a497af854f3871621af0
iteration_188	11404	168c6c02302e1e66d3e336a0cf899a7e9a0546a19c6847b0b66559f1b6dcc6b2
iteration_189	11465	024e83c7dfa36f6abeab5d11903e32c5ffff4a8f50a34725ec22181edbc67c43
iteration_190	11528	1d7bce6440ce592c17a00bb9f8a7bf74deeb6da571cb58c998b94f3f6660d701
iteration_191	11583	504287a4f2205621ff16f07feb9df5262a10c79838f341e7c323d95d036e355c
iteration_192	11627	548d91ea00d36fe87288bb21e70e2d39d7d055b4e0688bdc4aa2348f1efeffdf
iteration_193	11694	a04cd05f04b79c7dcd5b4367115c11aa41bea10015f70717d7cbc5e02ba429c9
iteration_194	11766	edf1da719addbc36292295edf0175599c736d24cb4cadd4693b843ae064ccde1
iteration_195	11835	3d946208ffee418dca32458bac4d503b1b6e2e241f2a0896c815a80def30842a
iteration_196	11893	eba2de1c72515158fe7b6e63a211af226e70aa862d89c5ac6094146f6129f9e9
iteration_197	11957	c7ef0cc01f05db38eb2f75d4b9b4aca4cbf5c2346af20ee78ab8c826199c35a6
iteration_198	12012	1d9c3c89d9f5e6b8473886594bd333aa4fded946552de67990a79da0de83c2b2
iteration_199	12093	9dfae937e933f8aa89552480d39f0167576a17d609bef14fd34af83b8e95c571
iteration_200	12143	8dd64217420b3ecec2bd2c77f33cb35f3788ac844b3d162791b7d9d2d8ae6f19
iteration_201	12214	418c4dc4b68c367ba23987f9afb93beaefcf52d2e76ffb911a2fc79ea42eb96b
iteration_202	12259	fe1ed75a476400ba4270e7b0f3f0641bc7682f8e6810a757562916c524b19737
iteration_203	12323	10c35d0af72db3ee469cc41444562f7a4fbc96b956af6b458d5638c572fa241c
iteration_204	12402	bc139fdac9e58c9a6adc9da8e473040c354e7f6b85c80723f8d565c3f716247d
iteration_205	12460	494860f16cdfe2cef78e1c35f1d0d8599e96ec9ae95748048ce2791f18627ca6
iteration_206	12531	43f2d3d2de18ac8b1465c9ebd8322356e330d347394bf8496811381a8735054b
iteration_207	12577	81e9bb4b3af2033c3fb3f4d1c50da9b6d3cd006ea6fa2e9936c6a90233c689ea
iteration_208	12648	9a8dccc86ed91d3170047f623b1fbe1ef1c89ffe8d12feca65f396be5d9c8c2d
iteration_209	12710	e8b0d222dcdfd4308387a083cf1cc7f0c0e2972d495b887943b3cb883d0f10c1
iteration_210	12798	6921fe79f70bda710e685c6fb9ef51b4e7d1b00f14590dbdc02830629bd5b207
iteration_211	12832	c9773cf99ad1aad648de2f9d9a87d1adbfa24ad1b6ad257ecc6428bc129266e7
iteration_212	12909	d049c14bf4f6d08105c19a5c6d1b558e964e8a6c4a5e42fdeeac72c00476ccc3
iteration_213	12957	f9b403ac3058e8221ba466a38b6db25bca0f95ec358f6d1f0a4377115b35dabb
iteration_214	13049	74b5cad10ce16cdc6291f0b08b44a7db6705dd8c07615bcceed4e7de271dadb9
iteration_215	13115	17e7b0a947a0ded603dafba02273478ce9db021449ad37f893eb7a32a6ac223a
iteration_216	13148	d19843acc6ffffd91b020a08c3839a6df9a3eb0f153cdddd44e91f3336dd2370
iteration_217	13207	c30566b3bfaae7e6068f335059cdc010cee12fe29a800d7d7de620be64a07e11
iteration_218	13274	e4246f1711385c49dc0109ceea8310c570392e933b3009292044bd1bee6d27dc
iteration_219	13343	a6e7d68c1353ba90f7b69040e9820d79894334873a28618cad11a99573ec0862
iteration_220	13404	f70ca7f6f78bf09d93cbc47849c8e17435cdff444259f164bc0b546d36c4263c
iteration_221	13481	a66c4634168b99c708e64134e1f51845a0296e9613eea32c945463bf3d2589b2
iteration_222	13526	6bfcc17de9fe385f971daee0a8239b1e01df98cc4e3b13f08fe0fb773d8fb4db
iteration_223	13594	586511c735573efb951b90f0c8a105bf8ead254fb42308463384bf30f4de33d9
iteration_224	13630	37b595f5c5a3996b2ecd42761b293a63f4ddcb914766341f5f6b96646f5fcb8c
iteration_225	13691	1d88aa16979997513869f03eab10cd733fcdd637bdb187bf3b5f72e2e828a2af
iteration_226	13731	f9fd7f8bd17fafbb22cd3d4268822cab91e8025d4aa162c9c4ba18edf54855a4
iteration_227	13784	9a99bf024381b865534f03a465eb92868e10df4dde0f05d1857287879c076893
iteration_228	13828	be466ffe27ff5048550db9e0fc249d5ad43e2e4ed2b7f4fda0fc58abe8b2b4cc
iteration_229	13911	9dfb442cef21609edb642ae72e745a983a1dba552aa38201617421bbac13fe2c
iteration_230	13931	9f09f38b967c83f09309f5565cf74767c121c01d2e5c468c0ab34873340c4d77
iteration_231	13990	245b00c9f8647f1bd4523b3cc00f49f2280f82c1cea524b7d341dbcc449168b4
iteration_232	14043	e6b79d38854a49cf191c613cf1c5ee328c5aedd3ad6f970e91bc6b22662c1a65
iteration_233	14095	d80a0bfdc52d55637e609f3eca653da3dc39be300b712b8f3c046e7838e75e25
iteration_234	14146	18d956127e1da7cd94ea8893068c259890d93b00b7ec18f52ba9d60da594c09b
iteration_235	14212	c70fabd476a3f22f7079cc14eab5470ad48cad7c174ab01551657ec38f6c347a
iteration_236	14248	54aa6d1b65eff4c32a3a9aa6eee0dc4887e7a8b4d077d5537e9cdbcfdf749fb9
iteration_237	14312	413b80e84086b06c12bcce2b2181efbf26a2d1506a999908b378d95085841b52
iteration_238	14357	1e434ee38fcf3b1ec902ed46a0d5baaafd5e0e01729476e27ec1d456ec724f13
iteration_239	14429	c731c26d4bfefcdfa46b8b4faf32659219dbda7cf233fb57431e29d0a561412e
iteration_240	14467	2c087b817f807f1702799719540d04860dd1d62773ebc9b3283dd289099d6100
iteration_241	14535	1269d37d66268e52d119a75de5821b82381c0845f6231f9012aaf113180f85e5
iteration_242	14588	3f3fa16626a7e8b081407c6298dbe1a2468a2ca66b7a4fd19418db775cd795d0
iteration_243	14637	d4c2e349155020cac62fef26720a88b4f7f2699c45796441899e5f123a0d765b
iteration_244	14679	2142513cf0a39cd35ef5e4e8dc41901c970d0e391df98b18cc5b0efdec1175ac
iteration_245	14747	70c71b5b6f4641b003e79f6ca7db65e7458178a5015db55aa9ecec59856e8bf5
iteration_246	14791	b6bd1631635e857829ac0780bad75f88b03c89e6be628f6b0613b7350fbd72cf
iteration_247	14854	1d7703e5b35a11a148bec664d580fc5bca41f72233e3fc4d3f1354ac9a5c083d
iteration_248	14883	0eaede98d42ad855b6f781a012d57f59ddaa1939ea83fbbbc35fd750b8294720
iteration_249	14939	93b2e643dda5a18dc81129e2413f45f47d0fbbe911e4fc595d5c962661ed7263
iteration_250	14989	cf2093846a868b5374e402aaf6246414cb95b8cabbc0f72ffb72f5aa3d986b6e
iteration_251	15048	e4976602190fc33bc72d46325c3d0adf024584db33e21cf2c25cafc36cc2c3e7
iteration_252	15080	fd88de7f127b00a6225cd329028bb8733f8fcc3a282d040f133aeda4975670d8
iteration_253	15148	73015189cece851e49de0e7f44a521e1ff51a6ff10c4d370d8d9451c007fe04e
iteration_254	15210	fa242944252fbd73856557e1b0c78e144bfeefce5bb0a5a71eb172b5f1b8e2fb
iteration_255	15260	549b1a34a805a8e056706e331e16e6dd462b15c937616f3766f87c76e283d40d
iteration_256	15308	b1597a1834f12ab1740f5975800840f6582bb43f3d7df8ef614cd89adfea9ff7
iteration_257	15365	da8f3de402865d8b320b68920563e88fb54e9ba7d606f5bbb3f903e3c550e384
iteration_258	15382	0981acf8c0ccfcd2c9b9f1c5652bd2d3126a18b92828cf0e8ed9228d367645b4
iteration_259	15477	a78bff0c5ac1529227a44dd78b1dfda498f3cccfca2e301709bd753964802d11
iteration_260	15516	b844e3c32656804cb84b438d48ecc6748b9dbd9aea26d1930607768c789bb433
iteration_261	15572	42a0bd0bff8c6dd5c76c4b10e6bf2a3a99e236575da72f3461c08d55a8d31215
iteration_262	15611	477c101ef78518e4988d5e068f7476c0236d791cbd1ff70ecbab52fc284f4696
iteration_263	15680	064aed3c1b770bb124b25d59043bf4774aafac194e04238f1ef9d95cba524d10
iteration_264	15705	a8072478d86bd69bbf8a75e6ea52cd45c78705512a839c4e337c71d52668d236
iteration_265	15789	2439e12963d4e4baf1c601231a2bd16871c2b68d00f76b23975373ff97b6e63d
iteration_266	15826	e5e42e44e341907779354145bf2e389186e698db179686ae258a9390931d99f8
iteration_267	15876	07c23cea19c30efc42d3b687118737ef293d703753875934d8d1fa2d2bd1836a
iteration_268	15906	5477143f0534ce652ebb80ed4907682062b0dc77c96fd3dab55326549c8a52a3
iteration_269	15995	970b482a67dd443f04c0a560e9335afaf1087ca36a749bcfa9ef9af371bf648d
iteration_270	16046	1f83fd3f9c9ff2e79f63fa9063b8342dccb4bcd74a2f8150223e8d934aa1f6b9
iteration_271	16124	3db1200d1d76af207c026ce5941f4e85c35f00eab5cf561950dff31b6469447b
iteration_272	16165	7e036084322426ba76545bd88d8538e1eefafb304b4786cc504587e65d49d900
iteration_273	16236	737eb39700e30654e5e47be84d3ede27f9820d21f203e9ce9927291f855e6e1f
iteration_274	16263	257ae625d8cc4c8f18545ae5eb10c87d71158b02b95015cc0c01fbfa38136d74
iteration_275	16330	42006eaa5cb815be6735ce032dd49cde1a95dce3126fae4fdb2a77d1fa26af71
iteration_276	16379	20eae24ac2bbe0fa4a59a4084a138267a87c2a10e15c05ebeb293287a23fd4ca
iteration_277	16436	2fd81a2059ae2fb0606363f3cf1c3b5cb3ff80535b12be7097639ee094d8c643
iteration_278	16483	89dd36702fd4d37a1f96394101063237d43962f902e86c2ef57995a3259a7246
iteration_279	16552	fbbf09fcee4fb2a2f62c8796693b319a19ce014ffe89da31da71f2184025c80e
iteration_280	16572	c22f4af0212e2a48f1efe5be68676d3a41278f0e0339d4ce4756784865b97df2
iteration_281	16633	7045d5feb9fdb135ddf7d33b55dd47c78bd769fd9cecee5c648672eb35a5d5e2
iteration_282	16686	1fed44913597251ffed79f4797678dc9c1e5dcded711291423c348fa1feabc36
iteration_283	16755	58419a140cfc44524394f09fe3c14411e059b37dd20bfa5d7047e80dc63dfa72
iteration_284	16808	50230c00904ac04c1ac6ca71e0af039f779e791a3dda81a01c0b0f3ca9ab7cb9
iteration_285	16842	b3c6ee6ead11724e4db5f67fc12bc7864d19ebaf2a57fb06a69729c4d8ee3e52
iteration_286	16874	50244adfa691691eceb7196203cdd7d8558760005bb4557c0f1be30f6391b395
iteration_287	16944	de5939e1a8015788b05765986c1a0a965fa93f789eca95108dfaff410f8dcdb4
iteration_288	16995	b9e609361968a2ed63335ec1504baa45adcdf938a1e92e0896894559d8354ee7
iteration_289	17038	3af656847a18713b484e2b72e06474d5f749524b5d913718ca0ba428ca978d0e
iteration_290	17077	e865602c2e010595d665dd34768da022ee78866a930228a849e7c07ad7b4fd2d
iteration_291	17147	e615a4c87b3e1bb7a0040520ef95582abd4b5057da7a7bb97581cf296354eef4
iteration_292	17183	d61daf854fffa1ecc2ad049cff7c80b7787c5c91c0230ef14ff9284df90fd867
iteration_293	17272	692611441071c1f158478ed7bff6e35d650b890ff58aafba097517718bc0df32
iteration_294	17288	00c7063b4f1d58fe08a4de813a3197241afe9ce2496c77a5ea4239a35057e979
iteration_295	17358	6dbde1a366772c7185c73bc65eb6aa1fb20d0810e22fad2a0316de585d672f7d
iteration_296	17399	1dc647132122f6ecda393b8f95a9618d38b20b78578c5134f052b6feef34b19d
iteration_297	17446	4ada144041f4a1ec8acbd3189c40173d82b28502edd3e1e474e37a1de0b4ba13
iteration_298	17503	732c87fa53bfaa3e54d26897666ff4f5ef115bfefc5bdb4facaa26a1e9ba31ce
iteration_299	17541	d07d4a852374a8c72d3a47f16c428135893de46f3610dbf86a8b4523d5e6900c
iteration_300	17598	8bcdfc59e9c2c6737e4a089c85f628c8e4401df04467468e47f3fc3467964b46
iteration_301	17647	fd1a860b1c10048d8e25853f2992aa7cd0bbf6db97a591bfaa0836e140d46772
iteration_302	17682	4d36985a147eb930b7ed55488f6be40af70571cc01d5a8b21c653179e7b96609
iteration_303	17742	2afe0146057ab478958dbdb3af256e65cdd0adcee8626a920153c6644a894383
iteration_304	17796	4157c0b19aa9eda9bb282345d0395ec2deef2d0cfac1f83f03340cdcef5b501e
iteration_305	17870	6ebce6969f1916b24ef52183b29de8c82ef5eed12a0a3551fa3ceb1df3bc78da
iteration_306	17886	a3e980e6381d988f84f01a547f5eac01bfd54105dd47933a7fb7b1f71d8b4652
iteration_307	17948	2665cae821a48157a22d7e8fda19a195b6a362d83085a41f3ee903c412870b72
iteration_308	17996	f9b4bc18d7a23db963995297be95ca1c6bdb43d5c1611355ae02c2411caa9db2
iteration_309	18038	a9d4e1d37ebe6b3fe0e3d079832c532257ad66228f7c966010660db9fffcad97
iteration_310	18079	6aad2340b083aedd4ee4d42fb58f040d021d5ee2904078d767a351c9bb1299e1
iteration_311	18140	cfa5c1e7383449a061856cfd06fc27e102eff5577631f2438b477e9b8368ccf5
iteration_312	18180	e24fe008b55daa1bb59311dc540546593f43a935680a63a822b39ed24b184c31
iteration_313	18251	b8015ded17d00d22897e72361c436c5866f47efe8fa0871f8313aed7d1eb9744
iteration_314	18293	72e286addf62399b9f8350957bfbf0eb357b6bb9084e2978d30c80a6c73f3e8d
iteration_315	18335	bb304b9c8a7b58102f9c331ac9157f1e14059f91d5c588ed26e4677537b032f5
iteration_316	18411	7a1aaded1e9792c914d08ab6ddc4d4d05f5aa0e7f211912f3b4dfef5f60123ab
iteration_317	18450	223a5dcc51f0f1710ea0b420ca4bd9fec936591821dc770b56c6ee8a8b60f9bc
iteration_318	18502	b908ffa0decb2dc7bb3dceed89fe7ceba9e0535421db1ed05e615d8db633d890
iteration_319	18529	c6c729c98bacd85167a8a6e678b0ad5703b3403f9256016b29c73fa63f4a09b1
iteration_320	18595	12149116f68cd22fc230fe430ace8487eded909d54ed938f19a813890fcb1b61
iteration_321	18657	36884be69d4da8af0629aded8e2b495c800b159084b64ce0fc82a2161e953a00
iteration_322	18680	81a0beb316690f25677ca3a119da8e6a151bd5d272ce1aa37637c0ebe487440b
iteration_323	18744	5076140625f844f6d8697757e78d333507d90597af9001372f4a6aef509b4107
iteration_324	18774	0b1727de41162b2089025b6aced232e6a9eb35415f607c30f19d5ecd7481ba4f
iteration_325	18867	e367f9c729e41f1fa25f444a18f7530faebc70dfdb5e44c312a8aec1f87beb15
iteration_326	18902	601eafbe873228544a7f4c938556e502ad97c1076db54ac9618cea76964c5daf
iteration_327	18943	17ee556814549aa5b775200fcc2497b0210561024dc00e9d9faf4967a11c7e84
iteration_328	18981	6b1b99b013fcc596140a608423c1365a690601f3d5dd20d239130218e91ee56b
iteration_329	19057	37043507a87626cc89598694edddc488ad8c6973069b56403481f80cf02a0acc
iteration_330	19091	4b5195e6b24382954eb680875e2e8edeb71c71c02c7446d33fdd7724a1c9b8a2
iteration_331	19134	e6bc8d51a2eb9d1d2d41184d0a4a4cf0b740afc2c89cb7a5098775d24dab5c09
iteration_332	19187	d1fab606e2489b7ed1e0de7c63948526bb5af14414918132ae720cef0db32634
iteration_333	19228	cca8a94593743549dc36db284205b1deb45bb633f7f864938b517523df3a5631
iteration_334	19292	b3d8341d8fe177b32d262e3afef44fc5dd59d1e25c1c23f081da6a75dc793f06
iteration_335	19346	1e9aa08ea16e0b87ddb035ce33de0c1d6547c6216f9c56cf97f76d327ea9905d
iteration_336	19405	86cfa8b1801892c696b5f30f3411f4d27da4ce84e39e10a7c743d3c4e0876d4a
iteration_337	19463	6abf8797df4616af694d41d9521ab8cdf5b0a6100129c9356c897991afabe1f5
iteration_338	19501	03e3241e58d96c3b529601d2d1fd6af671bf5fc04bde5110ef617c4e4555fa96
iteration_339	19556	b3882bc1db9550e66358c89a2f70ebfd192a38c81be7bf84b364e1683edc903a
iteration_340	19592	210a47682b6669a8884b3251d12c62cf7dda6a9cd9596973047ef6145dd3b838
iteration_341	19673	c5953176e809fb9c7f975bf286010ab05d27b7e36a2639e1aa127d40af3f96ed
iteration_342	19678	c35f28dc4c31606d882e9c302c9edda10a82f5c3b4ecbb8dbe6bc00eeb5f110a
iteration_343	19762	73488688bd67f1d34ea7d0f897bb8b4c64de1849bdcecdb073b8ddd5ab0186a8
iteration_344	19781	c6cb621cec2589f22af7555fe86491bfc318f9a0206da1e7a62e58b0f16bc65b
iteration_345	19858	c6ec7213ec0e88cf1e171a686591b8ab77c061bbba519a63f874ab5cfe21abaf
iteration_346	19895	e5e6a1e9e3d351bd77d7b478988cd7d3e0dfbccc51d44d08a47d5007c2d65f5f
iteration_347	19959	b629df90b94ed0e0d81b00b69c24bfad2f329a1272a851ab6deb3eef960ac9a0
iteration_348	20002	eec19e29de78471e798b3ba77a50f9860f7081cfcda3871e15cb929f9b3ff6be
iteration_349	20070	1846bf3ed971bc3a03d2387c4b617e6fb8dedc34bbd6a7456a690501b9e92df2
iteration_350	20086	be25ca009de1aeed3fe4aa6ce6db79de172534d0cc22a405cbc47ad378fe2b03
iteration_351	20129	ef3700bd11d25fe917a0af96a56b81e33112ab795133f47c1fc9c32369c00faf
iteration_352	20179	a906a67dbb9fe93bbcd54cd78a7e8fdd0f2ed0e876e194bdab9557136eefd955
iteration_353	20241	113622026655f2214de5673be605973e009b8a07ffdae0cb51d6471f23235ab7
iteration_354	20291	1a7b2450a97216b102ed764fb9236571417f20edaca63a25cf64f7b5a229d20e
iteration_355	20372	dee73427921799bd90fc1d9987ce45bc4cdeb3457c0079135b12d58498dee3e3
iteration_356	20405	246bf1ea6c4e4702e08dded55f1ac6aad3c7757769b040c4d5a85cb14ecf6d82
iteration_357	20446	3cf15150ddd7b324ce92e4cb6d380dbcb585a9cc32f2d40f1fb56d971ca802ef
iteration_358	20503	d7284de29d67f9ae99409a0e2af3a158c86d2018577ff3c9f92a23179b8d2e33
iteration_359	20561	d45edcc8209e12271dedf927685305c4e8cbb93377f8484eee8e4c2935c1f184
iteration_360	20593	103f89eab461ca219021f2c663cd67e0dfd5452c2b4829bcf907bf2036523a32
iteration_361	20653	4550713f665947030dc8be9effe7d2a6aa0a61f313764f4808298a50d44ed7ba
iteration_362	20699	7aee89ed6bebc28f5d76d81fae5715e39aaaac3d4ae14cad1674e98a013febe6
iteration_363	20770	722136fb21550e730349245e52a6e5c178000452e63345f3cb0b34d4940c890f
iteration_364	20818	5c266db248249374e78242a8abe5c2908e569e62b2d786ef2a5732754ca61cd5
iteration_365	20880	c8f927ef64e0bee4b25bd62951a298645b59e0f725f0a04e5c367d8b5bb7dbef
iteration_366	20906	f4bc09f383c2b920f6f009dc70715e0dd4bb4479850f6d2d89d6fb653c3647bf
iteration_367	20971	c09b6f86740dea22c0988306fea62f2f5170709779a10bb78a570d8a8e5daaad
iteration_368	21020	f97c6a3e263fbcb2ec5aa85635ca12ff2cd4c184956c764f25710bdaf0df5023
iteration_369	21051	2f18190756cce5c4d6f1d25ab8cb8ed61945c4b2ca7455ffebac334636e96a19
iteration_370	21124	26eb62e97deb94b3543598bacd5890f9f39ebfcd2c493c0b38f9dd09a9a15bb8
iteration_371	21156	a3979521b521cdb9c3f51dac4139f391532166b87ffacc4396e54f25eb3e985c
iteration_372	21233	bdc14b12027325c5b5c3a4023323456290d89b2a129cafb2b23647e7712f3e8e
iteration_373	21261	5ca94b57401f3984739548cf5337f7b797a738080190bba9e2c97c85213f3618
iteration_374	21328	8e6c5e0b9f264db153e89790d39f043fa1a1b3b96561e782472b2ae899bd8639
iteration_375	21378	1176b9bbeba2a6346cac37102efb2a2cb33baf83e9c3ce9c9b855b07a1ba4f45
iteration_376	21419	04a5875ae4dec2709b1466e528aa9b31ccf43ebba505e513a0a42a9c73c3db4e
iteration_377	21487	0c62c10e79172a0866c192bc43fd2085800b90bbe5d16076b2965dc7c2090a9b
iteration_378	21528	0bc430a4abf9a25cce52c717ea57644b3b0b527349d5bbb969161e05e1015654
iteration_379	21598	fbb2b10715725d9515ab28d55894102680f3a3c449b580bf0d119484f4766fff
iteration_380	21634	956c0c1e771ad5c896b01c3662358fd2c772856dae83dff05839184cff404aaa
iteration_381	21687	c958c4cdcd54805547acf8c0771e93cdd46b076cfa3ea73d58cc32136568bfed
iteration_382	21732	08856d3512659fdffeea2bcffc657e8efdfc7e5d3e1655495a1e6bd08ba4305d
iteration_383	21774	702c7f373d1c2b8128c7cf6e8aea3dceb074ab673d38b7866397c0109005f9ec
iteration_384	21831	48e1786b2171306edfeda425bc43566f9bb56c2729adc9b4573e018364f862fc
iteration_385	21891	faf857f012dd8c50808956f921b432263906ad42180cd18aeb783d73af65efa5
iteration_386	21944	01c21a13086bca69010a75f9fdca0151b5442cc4e3e7923383ecac2d8b82d438
iteration_387	21992	cf6aed2e8b6bc84def6d93846a3caa08101385e951449c21b72f611e90437375
iteration_388	22052	32373fde7bda8a20c741f9748089a3935d307e6430499ecc6c7b32779c37612d
iteration_389	22105	9c78863b970b3e44e029b7f38ac94f060219cdaa95946abcdb241bcd484c2386
iteration_390	22148	8c353ff5fbbc9aa6fbb27b5a5fe178d002053989ce07a91f8e72c92a24cddce4
iteration_391	22197	2ba4986b1ffa40580dc9a4759bacd70e438ab7b94e4d3827d948862c860101a9
iteration_392	22253	dd2e90a0577d65f3289c499d4e8c05389073a1f049b42a01214fb1c6acbf6098
iteration_393	22339	f27f38ca001809cd9386aca7306485d45297c2a91c008614dbde1478a6c7ded4
iteration_394	22357	964422ec7105b24a28eabfa83fb1858457c83f2ac1e019edbe2c64001ee47cec
iteration_395	22408	ead48e73089a67f4e624acb4d5387019028d9ce322dd9ca336d7bf3550b46581
iteration_396	22486	11656a0d9e007170f8ea88060561ec93d64a5e54266da17e0a14733a66a6f96e
iteration_397	22526	0f06416b02a40623f0559309ccf088b505a892a38d692d8b2995f387682ff5cd
iteration_398	22578	389f4491848dfbe373ffabdbf80b1eb079508fe17040d6c4071e9a0f76a3412f
iteration_399	22613	87294f11c790900479277e4c0c65fdf90104aa360edcc8aa750b3a09b40dfed0
iteration_400	22715	ea9fc1576afe122c6bafc5c48a697665159ecec5d2f678395d441edb895a79f8
iteration_401	22762	ec4afbbd72ffd71b5e2f90d6df6c1c35114d7bded502ef301a6e8580d2a52a9d
iteration_402	22805	99c673fd2cc5dfd85b6bd8630d3949b118113ceb33e7a996192ec8c7aab7ff1e
iteration_403	22865	d7df83741effc410608e16975d02f5fcaf69536fb47a3cd6e31bb97d05a19b45
iteration_404	22916	6f76ad8827f61878765706da32a982a49c8a4ebae22984f27de70ca5407f77fd
iteration_405	22968	0b75dc1c57c917b538b518e3a955c62852a4e17a7cd3f8e9b82372ba1d2a28ca
iteration_406	22996	855b2814830a7baabce2c63496fbfba0d00e87bd0eff065f59ffec6e06adbd8e
iteration_407	23056	f9c974fccd857a799f1618829b30f3c39775e05e727393abf07299d6e1afb710
iteration_408	23121	8784bb0c7f905152b3476947b6c50330f5b38d3ccdb3e473653a5352f8cd8258
iteration_409	23156	157f59b0c081ea8096f9bcd0f7276fb1b183b811e264f40562f475eeb89cc73b
iteration_410	23204	60aa863cb6a9c410a1fd23b7de595c230c5920f38dc198b248e742a42e6b1513
iteration_411	23253	dacff2114b645a39b1270342dfe92e01a8be8bd3daf94cd302891781f093123e
iteration_412	23329	9251149ff48583eb060297b35a8b711952f582a5d84c5237f37eed702de3cc5c
iteration_413	23375	deed017ec467dc3f2dc0af9fe5388b92f9ec81477d1a7872076b86415b14c4bc
iteration_414	23422	75e75628daa5a484c5c42241730df0a76d6c18871dc4a74e33dbd2b2b2d89a43
iteration_415	23472	121db08645fcba0cac18df458b79127400861280c3cf9721e1acee839304e1bd
iteration_416	23535	5755c1cba295764f98ca0cc252f0aab0cf378f518ff286c37332ff583ecb8449
iteration_417	23582	686702c72a60f9b12421ac0e16f3b2295b2ddd91020b6c9e91e1be563ff799be
iteration_418	23627	f02d78440371274311acb5247aa7c862b74065933080b30f55bcf3a058244eb6
iteration_419	23705	5c751268a3b3280428002a23380a6549ba826ebb6c38c1b14f95120bff0335b1
iteration_420	23763	9dd3050e41cbba714918c161084edc3eb2653312bdfffe55b6a5df0647cdeb22
iteration_421	23799	676f72c4759d4507be2730b2dbfce075bb30805de2c6258be20b91c6c0bdb7d2
iteration_422	23865	46c0d7c0aa53fff59e9029fe23055d053babc1ed24332dce6c369a2d078fd8c4
iteration_423	23930	0c55dab591dcdacebfe04e86fd5848ce435d095a8e106e35af01bef30842fe38
iteration_424	23986	c247f59f6f107e912bcce51b930010b8289c68d95b0e4f5c780c13cdb57b2910
iteration_425	24007	bf54363266a4de588f91fe62e418f3fe1ec90448bc6e0a158b9540558d315a4b
iteration_426	24080	08be3ea2336f0b4778cfc7c29de6b6909782558c644aa79c68dc71bf0b2805c3
iteration_427	24133	11f67bd5d57e5de8962afc7c2218eea37072b129d0fc3da2bba93a2c8b6f526c
iteration_428	24177	1dc52efd58679d400eba30d5f983a4b9f60ea8e40e967b8be5deed43aef2d3e3
iteration_429	24249	7c303796f5593dcdad771336569c22dc4efdc367ffa3fbc5969fd2f24039bed1
iteration_430	24283	ea84bf436428ec963291729984d00e9cb1de72249214e219f1ecd05b98942267
iteration_431	24318	d0cb3aeedf955a889eb95dec63b0f771c20aa91be5aad044273930929a7efac0
iteration_432	24402	4e885639e29533935a88f3bcbe2ecdea5939273e2c496426f273496fb5694305
iteration_433	24449	4792de442c3a0927d65eb7c8a4702dba7f64a4a65ab5a85d289ee11f120df93d
iteration_434	24512	c2d7846ae51e848d755656ae329cb37cb7004feb698286822c23db359da7a198
iteration_435	24582	963f3c32d576d8df2fe8e06ee3bacbf46453030861b34b97f8bf784b5c1cd43e
iteration_436	24614	a61fa9a6e49febf82b5d7d8d00120d3c4e9ca981b8ffe6ea2bc9ac9d38a09040
iteration_437	24670	8366bbdc5843746afadb2104017771941df3b7ba08da9e11d84ea93956e8b949
iteration_438	24723	d8a9d48eb2bfabfa13a4edf1a500b1fb84d127f262ff9aa0e1239076797e977e
iteration_439	24784	a1fde456fc9e5a67279cf29086674aa3f42494d0c43d05d881eedfd117c569c7
iteration_440	24821	60bcd665a1746db1fe52e3dbf7c16b338572005ab5c591a0d2d1065cdcaafd6d
iteration_441	24894	1155bd9e160c1c2f1a63fb8a97d3abae85d8bb698172c5c43476b62bcb5f81f4
iteration_442	24924	320a39fdee31b6841a60e9f6c456fba620fb76416cab2cc11175a10fcbba6eef
iteration_443	25000	c9f5c98c0649b0609d7394a4c9e18fa923a29d5f76b8e8044cf06ffc9cab0b1e
iteration_444	25046	57c6615cba579fd8be0bc802458483724232814efe4324470bbdef1911ce263d
iteration_445	25106	2986270740788ead0156a690ac56fa88386a87e55e878a80921aaddcdfcb2ac5
iteration_446	25152	55b37b0a8efe7a1d6e4588f7d08aef08a8d31022bea1a8c33f037b01c33563c7
iteration_447	25209	75fcff1a1e6b57c654116652f8bf1192ba9b8a758641461dc30bfc87189a6e9e
iteration_448	25246	c164ec17c34482378c04a6d0b6e1fcfe1df3a540fa97a31ce0e8d5b1fd914094
iteration_449	25315	1567350ae757fbf5078ab520ac542343720fece48a878ae1772f094a6e0b18f8
iteration_450	25345	0b288d7e3162ec78f93214eea7675c33c67cd03256f80b9afe27a5f9bbd66976
iteration_451	25410	0cb750e8eb33900785c0c0be1d640c06916a3dc677f308891ed76d47fc8fd693
iteration_452	25443	151d8bdecf77f5b653205baca412a76b67ee84d5b1caf05575a09b3292f1c5e0
iteration_453	25533	fd8ee0744bef5bec344393f6205aa56cff186cfca44d04291c58bc7d22b88846
iteration_454	25566	b5e1d0f961a90480c7b45f0bcd0d69fc1d9abbb986ec7994c59e39b53ed9c9fd
iteration_455	25624	b527e693f928fe881f8279ae668c3ee1251a922bc1964dba1e0a79e739edb421
iteration_456	25654	93c461b6964a6e557b32cefac5eb8d3e4698881fc6128d150e55fe1ca757652e
iteration_457	25740	f1668da26a8e676d29bf2cd21143b7c666990e6a3bae211b1bc1cbb89e091027
iteration_458	25787	3923bcf70fbdcc89e48582c7c524ae3ddd87bf4b962298e522a852a89dbfe129
iteration_459	25837	ae77e33cd8216b6821a1c76e678d95144a2fad579c4e43f7efe0b75dc9ab76bf
iteration_460	25880	52360fed03414378a2e434cab92dacc8154374a38da590b5b81ebe47a682313b
iteration_461	25946	aab440d1b7e34e0579ce72b42123504c45247233f759107d04997290cd1a7ea7
iteration_462	25972	07e7987ab0e1f8205244c20c3b570bba85ce8a0248c21e68363fea8bd926f3e9
iteration_463	26058	9314d41fa4b6bec0ea1bde55ed12b9b1af5f5ccc54dce37dee7c941d7a73495a
iteration_464	26080	9a8eb07fc56cb5eeb76d48739c6cd76dc0bf4ad560ecad9b6bb4abb326caa039
iteration_465	26145	50387993ce3a439df1241e4bc93de3f75f67f1cc25fb04ee09996e48e82ab584
iteration_466	26202	804081ea03f5851e369f72d65ec3647069f730529234ce7be63dc99cb8bc8f78
iteration_467	26272	5b027d7c16b8b72421cfd386a0b9e884b72add54d2e94817b07d44e62a11afb8
iteration_468	26295	bce11fda08665223806da11340a678eeb696bffd0d1f5e8a22682926ec158dea
iteration_469	26352	d17f011f33f29b81596ba7439e8967fb3f640683a9b9c9703bc146a94257a7f6
iteration_470	26397	05a42c06e6fda778443cec2be216aba6fb3b0fb2f02f5bd0a99581f502542c4d
iteration_471	26442	f48417fe7ce0714d511fb69f9c7f0d23590d3e61958b4487cb186bd9853d4b28
iteration_472	26504	325e741b548e4486a8d75d56e80d10e4c7af309ab76547087ae4ba04b099af0f
iteration_473	26577	3f4052335730f628970801135581209ea084ba6f2416c3ff009e493543ba2771
iteration_474	26608	70a7194b359fb766aac2dfa5cd1ccfc5ddb3a4f317423bc89fe333118497c208
iteration_475	26693	4c374086e2598e15a2766681a563b89ed16c22fa21e1912dffbe8f07221a1fce
iteration_476	26713	3fe70514b14fc94b88c9dfb4cbe058921c5c8a9a709a0a0957c336c3352fa06e
iteration_477	26797	ec520b443c57dec7b0ec3d3303e622c18660e7b2124eed5901cc9b4d282481b7
iteration_478	26826	3586b35941a27f54638f526c060d3cd121568780edeb52816b6bb4bbbff2f717
iteration_479	26907	75cece22d9918f850250d8d3a188db9f8ce3b31758aa8728c0820604902ea94b
iteration_480	26940	869ee90f4f4ae437048edda69a29a769292a2093aec276ec25761e9106275256
iteration_481	26993	4519fccc85804bce0764b677983d2d520c41ce3402f61464cc46564bf43d463a
iteration_482	27052	3c917d710b52bd331f613503cabb7ca964c46d4b902b479b82c53fdf5166eaa4
iteration_483	27098	fe483a07a23269a04aedc55102702ac6adaa9d38b747f13ad510594f171519ee
iteration_484	27147	8b6cf5b95d9bdcbc5a81cb98898e2593bce122cba3417c5500eb8f3d9edfaf84
iteration_485	27209	52d9aa30e81dccd0cfb815b9b7325175f518ccf3183d66477d4558ce6be260f0
iteration_486	27260	81ec7ae661630a5063d8ff516d8108f22b0df04f2a5bbe2eac9d32c8fe82ca08
iteration_487	27329	dd58705e42bda974e467ce168c6b9458d2a6317471bd5186f497fffe6abd5afc
iteration_488	27384	4fe8f6f56ca83ab84c438f0b40405551d3601647d7258f15a4bfef2ef348ae07
iteration_489	27420	eeac90fd5179d93b543b33c86d3e3432cbc3c7f677a218303bf2e9160fa5e36e
iteration_490	27450	034b2a28ac3d03fe745cd829596d8902a9c7808e43224a397367f5136264a25f
iteration_491	27526	d9734f44db445dc1047aa9344cd364de30b37b4bbd8a6b74b1841305334ae36d
iteration_492	27570	1345cd59ef636f8b88dca17a71694f32eca5a15b15a0a97cfe87009ae5857b0e
iteration_493	27613	ee6ca58a099be4274e3835c9a1bf0323996418583b054628681af3c5acd84bc5
iteration_494	27676	e668eb23b910652bc6667a67d65395c3303dd2590a01aaacc23f4ff3c60d63a8
iteration_495	27733	208f46023ad7e3a327231346955685c15d5281c7b3372150c67c94ec4752a512
iteration_496	27793	edf8692381c0e69c0f482fd253a193be9fc9b048b484bff565d92bd188544b0e
iteration_497	27828	dd339024928178d55cf37c67af12a313022a057965c3f552515ef911c96bb809
iteration_498	27881	473adaffee0d609c7085b12e031e2eff9693e354b71e04069329e28d91116871
iteration_499	27950	167e75e12a8ae279a3c29ae711e16c01c704f966cc1a3c00ef6d47bc93ebf302
iteration_500	27971	520928a37c0f3527bba5f76df50bcc048460f9627b43da0f4f2aa9674aa54719
iteration_501	28037	2c0c52abd0079c927fd454931f90a010018b26854d69e0ec42c9b1b953811e88
iteration_502	28095	c7eb60bb57aacc9d8fef24c846977713c77fec23665221b571215b274dd4d52b
iteration_503	28163	4357fb824657fe75a93cfe4d5b8404c7ba5a94e76afda1984b0d079c6949a241
iteration_504	28180	bdc7a02ca4c58b78ce50ec68304b2da62405e65527571c84e29630d6abce462a
iteration_505	28266	d4ef2b5026075a9540eefc7834d5cb7522d989aef66b0e136addba0b863a84e8
iteration_506	28312	8100bb311ca5db4cfbf53a67975d7bb496564fee038d62cb315372693a64d717
iteration_507	28362	9ca0a724abc51993b77ac40939a0c2ff2fb65612dcba98c827a6656bdc36e23c
iteration_508	28412	ccb1dbd4a9c1e2f20d2b485e6132ce3b2c008ef953b552cd5629da10170a1b46
iteration_509	28468	55121589587277a7ca0f1645cd93ad3a109aabdf63d980f6aa9d685afe662170
iteration_510	28503	1795dae22f9e9aa86c9b8a569b7856f2c810fe4e52f16aadee2072b7e1bf6b60
iteration_511	28558	c3a137038f5a0052e7f55a7c8b8f7541f7b42ca1f2d71d894bda8f35ef6cd096
iteration_512	28611	a35819968d3e96c22341ea98854e8bcba2e6c9ff3625282ba19653e2d69428d3
iteration_513	28666	be42f1b27f0033c9244ef0027a4962b13f8e435560584f401324d447036d8434
iteration_514	28721	f139e131742d308dc7c14365e5b7ad12b51ffc501e3e3eae9eebf3c82ba2b749
iteration_515	28752	1d40bbdf5bb3939bff07481d3f318c24912417d4d24d86e2d52b144e81c71279
iteration_516	28821	e9040d47cf258e54a96ef95e69cf3eab0f82e29bc6bb927d92006db13cfe7091
iteration_517	28884	1ceae13d0bbc1caa4f462eda01b83ad56203b7c020273ccd5eb3cc100eddd898
iteration_518	28933	7b5f7753e69e538a13efd5961a55dace7de6cdb100f06aaead47848f2ae2e9b4
iteration_519	28994	e61a348faa8697c3c8c56bbcbe5c987615eef1c3c5c7f2ae394d32322ae29918
iteration_520	29042	8baab218c5dcaa640e0cd1fe2053bef4639ccf5335e08fd1557407d81cb66f11
iteration_521	29095	8d8ba73a61492ff96374e8e0c40ce9e63f756512835819912f0db7fce44f4254
iteration_522	29157	2e75ed28bc1e696ef86642ae017f84ac8e02ebb01b2289b97404e33ecee0d39f
iteration_523	29179	7406c0739ba53aac5b5fc297d14dacacd1770d37cb7a81f9817ff00fa31a45aa
iteration_524	29230	bee812b5fb350ccac4458839c6e124453e7ddae2ad5c5b654b04f570318a577d
iteration_525	29289	3201fcdbfcd59eb59548a8450cae11f953c38ac14b948634a4b71763a6edda9d
iteration_526	29355	34ca38a0454ad9c827d70033c44de3a0da37a64136e6079de16356f843ed34a9
iteration_527	29408	24b0c3d4a6495a30674ba50f3ebf1761e5390b27cc1f16ed3303b6c64efd38e4
iteration_528	29454	48f7fa4b3133a5f7ea97cf59e840d0d80ca85be2bcecf70ee6f4f04ce61d1e4b
iteration_529	29511	567738c46bdad6963b8f4e300007cc2d9d4ff6b872707d9590d72d669401e776
iteration_530	29513	8e648d4073dcd184589c6bfbc29f9302a3c177777fff12697977cebf51aa2974
iteration_531	29618	d6ce55ff8c75233ed24a69c4191d40852b9189b2394401a4c8ffa98073fa6561
iteration_532	29639	8a0ea46560875f142d45c57d764ecc63e030fe6cc1a468ca2f4888de67e0a7b3
iteration_533	29739	5c4ff05f2573a5d614917acc63ff8c9b491b269d182f7be6d56ab6b605810ce9
iteration_534	29752	f030cac94e011241be39922e32226e2b2aa3dc9f9b4510713018451da8ee9443
iteration_535	29832	3937ac0cf595a5a45b1addd832552f05941d7aec48ace0e0e9684ada3482b38c
iteration_536	29872	f8620a8e7a096209cf0568c3f3e9419f475a87ea4a96b20e3a49d0d63988a721
iteration_537	29920	07f4899f94f360f706217341c7983a71753c23da0961f7cf0ac601f9418ab9b9
iteration_538	29993	8c22ec3de7d8d05f88c82cbd0699f4b4daaa690e1f4861c5c7f06700f56fc7f7
iteration_539	30057	69b3be0ace80d58961b00060db3a8fdb521546622912c9c2eafcdc5d46428ee7
iteration_540	30073	c64ec2438d49c33cbbd69e26650948bf0607fa4acf87c8635144cc53b53cb49e
iteration_541	30143	6075d4a37121dcb8385ee736cb36893ab3bdfc859ef34236acc8a37091f73e21
iteration_542	30198	d99ee35b191e6b3a57515d63a56ddd078bc0f44415e471e150f0988723697ffd
iteration_543	30245	84db5ca3c463fa46049d82da65bba981697d78e538435d2aebca4cc880c5b257
iteration_544	30303	617e78405d7e98b080eb69a980ce625d0574247f35e3c79d7eb9a889410baa44
iteration_545	30348	c19bfbf426703a2b6c23bb40710cfad4cbac68a3ddc10305d2b9cdc8e46f8ad5
iteration_546	30427	c8e72636802365d5a6c656c8cde7e34bef6dedbf688c8317564e134157d0d8c9
iteration_547	30458	48e706c859fb78108a0627e98a81f2e3ab930de5e73bb57936af355e3e8587ba
iteration_548	30498	34d63fb792e48c5d6fc930d61bc899a2822c00ef1b8a716545e1f1f60f16a95e
iteration_549	30562	2f08d06aa6aeceb6e21ae6890707d584a43a91c3a66cf715cdea85a24e115496
iteration_550	30583	cb0a1f83d657114cc3e39b3e434501addeeb8ba6911d42a10d740e00992c4f8d
iteration_551	30665	96b2b88da710ef94b974f65ab6acc08c4d61b340bd0f4bd233a8ec26b7f09de9
iteration_552	30700	1d7fd39fe94f611149cc71d5c59b650efc1435dfc6934ed3e82eec406ad5a5da
iteration_553	30770	e7a0a46b66b9b67233c35fdf2ed44c7dfacfbd3edea4fb4340f7f2a11d98e122
iteration_554	30823	19c850ac569bbed74ec0f560f30c45a673f882551f4b80c2a3acb80cf0eaac42
iteration_555	30880	c07bc14c6e2ff0cbb313b4ef98accf46446ce64d3fd501c04d7afc37aa040b85
iteration_556	30920	39700ed883c2766f575fe6b360b98c83c004811c71b324e2a807dbf9acf4100d
iteration_557	30978	67b0b266b8f17358e6c04f0c02d09cf59b9cc8f8ce991a6ad985025732fe7d54
iteration_558	31024	b6fd57368ad3fdda9c95a8a8ec98e35b7b3b2c3eed1a8a62bc26e60da3c742b0
iteration_559	31088	6df712274415efc3b6d9f1a51a384dd1269287bf476e0af722a79b0f33e7de2f
iteration_560	31142	43ed64b6b223241500230f358b4004ae53ea04428addee35b0bb560a67619f1b
iteration_561	31184	1826de47580d05022e308d2208b7a8053bd14d59668a864d057d25ed009b6f42
iteration_562	31256	474fa1e21dda05146fea5fbad315abd025ff2f65008faeccaa69e268bd65ee55
iteration_563	31288	a611a3d5dbf998ddb8720a887a5359521b0d05e0679e25db3de5f700164242bc
iteration_564	31348	d5a4554ecc0bf59425975846a4a0ff7398f5715be7ab0abd84cd56755fa30159
iteration_565	31392	369e8763e0948fd94670d2cd2c3d3461cd63df3eed3f4407fee6607522a1c2e6
iteration_566	31461	f6cf476bdee477689f221941997baa017889c8c33cb1b9c24888d669a8bdb1cd
iteration_567	31515	fdcb3298af65e716c979a9c7dca182b6d2dfd724b71cb7cc2a1e1ca7609a5567
iteration_568	31580	131a1664557eecdf1c9bc34b44ac5a8310c047bc039432d9e5abb79f5bb3bdfd
iteration_569	31630	3dff7eef01f881b7876bc8c883a29902e2fb4c1bc28d83a6ec80c0589c2871d5
iteration_570	31683	d01e4ffb1099ffda8b1566d73050f2944eafc99ce4fe0be8f6c2ae9e4648acd6
iteration_571	31763	77365db32aa49396ec95a73b6303e360bea6fac3b186fa127817aef6e66258f2
iteration_572	31803	e43639142f9ab0c19a33561a1872037843891bf34572ef5308cf66c5f356516a
iteration_573	31862	b793748a1cd8223e32d86472951e5d9ce2fb64b3d49e8d2bed6d7077d10db59a
iteration_574	31882	195eac2fb92851b0ebeea3cc24db9578c9814f4d30f78da56a3bb405bf929589
iteration_575	31976	a8c7e8982f5db990ec5142cfa7245ffd8765b0c6f37f7088a8bb4e5ac97f2490
iteration_576	32028	88f29b36f749c110087d4df4e44401228227d8d464793f37470cca0ce277bf57
iteration_577	32063	2a1e0ca02962d52af7eb8a67f97b5e1b85073a05bd21001355e10c3614357f82
iteration_578	32090	c54bf8397dc31e3c1da98068bc116b3382e255c4f13a80c5497ea629eea56edc
iteration_579	32173	d6ea8384277506d247cbeafd8d7ed059f07f3c5994b55991c8555ea89d44d794
iteration_580	32222	ec666485108be3d154adbadb16d3f5ef0312e1be1394e8bb335e1a50ffa83bc0
iteration_581	32286	66727d9b72cd47aff60d65299b26790f73dbfe6101915e2c96558a0aa34e7b17
iteration_582	32339	58a23a2ff0e22be6a00f31c9e72127204cf13f86d619085ecb5709600bc78904
iteration_583	32392	b1c7dbbc2762d4e1e20fc3a87ef1d822c8988c21c3f59bb1470d63db5ff96ac1
iteration_584	32437	30ebe78cf790798fb2e072c2de6f972f052bda30653c2524d21e92196b72e363
iteration_585	32500	237062033fff449e6eed36f9ed5d3a961897bff657aeb74971b8e1ffc650d572
iteration_586	32568	6df49e3d20481be27ca7a16bd3029359a7c2dcee1561cd051d81e607833c3299
iteration_587	32602	45178d42c4412fdee06934b540bfafee5002e0c5f0bc516a14c8510b5e14364f
iteration_588	32636	cb0565a9e9d15c1b9df4f689ad70a4f5fb092ce73332acbc67b9d6ec7df214e1
iteration_589	32724	812c9336ee198e9014b3190474e0ad16d180dba708e3e7e55f654dbe4ce6e7e1
iteration_590	32746	396251b8250e1261e5dafd67f8ab93fdb4655a123b8e7f69716119516c76a3f1
iteration_591	32791	7b4ee31946ee56093275065a4653e9d0859c8ddf89e4e8f29c8f2f6e1fd80bb5
iteration_592	32846	e61480faa36a68f1f313514732b81f40fc3248b215395f34c225c7f2b7d59db1
iteration_593	32882	b831a65e3093b2119d039800b24211510defd49dabedb994740ccb579396c9a6
iteration_594	32959	2d181aa38173401a2e5e479333643e725b69d38385de08b85e8447f5aebe22d6
iteration_595	33007	ce405312b1c20693679d2a1068171541c7cf4f550fb295e77fc2c80f34e332dd
iteration_596	33052	6a4f09ec9e6136c10b1cdad4a2ebe50d0673c99c252a23dbc72e6431495b80ff
iteration_597	33107	fc6ccf7c70d67425bd42debcd47ae9e3b46c3a27905a2e494200d43bf72afdfa
iteration_598	33169	25f5dbda444bfea71ee744bd6dffc24bb5f591bcca7c14270835bdde64bccf97
iteration_599	33220	139b064a4491b8b47d062119b2bbe170130cb745f2315f98b3a0ccdac7bd4f4b
iteration_600	33253	5a3525bef50d362f4ed9f402830d28f6bb953d73734acb3e2ece1adc67126914
iteration_601	33308	fc5a9925e97164dc2891c6eb95f28fda603f4e049bfbcac9e46cbc57f7ef8046
iteration_602	33345	408983102a4e7001fd4f764cad3a98d4db60cbd7988ecc996b7ce973422e8f69
iteration_603	33402	f6d299e2027cf4c80af510664870ae25a76bdd61aece00fcfca6b50c4f7bbda6
iteration_604	33459	2b6c5be90bf7605f437b0fc61fb4d276c19fd59c9a0970ff8235cba362ea91e5
iteration_605	33504	79814eaa0c4b16cba57a4caa4079ab6d518a754be137c28ef83b99853f52fed1
iteration_606	33562	f1b0de76d5423f373af537c21512893491e0f3da3eef1e4559e907ed74bc74a6
iteration_607	33629	0eef560ac37be8fa98d42c3c0992953610985bf64c65844ba08649c0df7cf957
iteration_608	33640	3df325f85bebfbbecc1e669faf6b9bc4d58bdaf44e19a59c5e694c28b485ba47
iteration_609	33693	d450f317f5444ae9afd94f93d76342d15f3900ec5bce403b3e9a68c5bf79dcf3
iteration_610	33731	83f02346372a9f50ae597794b7cb00246e187161a98b20b90ef94da66a45d7cc
iteration_611	33799	b650b2995bfeaaf6feea0d6a1b94e531cb91794c866c16181b5f4708fc52e49d
iteration_612	33827	5674b96c501282c1ac49195bc52b670a84a774a2ccfdabca7c8b2b4a9e7749c7
iteration_613	33902	fd3fd2c092c7c458a6b3b8af93c0f9da77d0731729ff90ef3588139ed1bae5b1
iteration_614	33957	a31137c180aa776c79d1b3105c2c0f38f908e3c2e74bb714a3232b3e3a124f16
iteration_615	33996	eb3da5d9201152b4d2de3b13f473e2826a4793b073fe9ca34094fede3c7f0c61
iteration_616	34048	2e60cd3777e40c5da71255b1c68a6028e58db874af4f5fd66d4b31cfd0aab6d8
iteration_617	34097	8ca15bb912362cf6a1ef844790731f16286f59882365c623ba7f7b848b51092b
iteration_618	34155	fb3ac96299e051ed66595917af1676e34355ec9a1157f54735bad884bc6ef19a
iteration_619	34208	bd367fd547027e9f898e623f4701cd90fc0bb5a65eab783ffa160b960299c38d
iteration_620	34254	23a4eca1561a828808c032e6c45f0f19e0795418d96f315f033751403169beb0
iteration_621	34265	7ae2172016a7ee8f7408790fdc99b91e6766a3b44a8fc211f3fe1c473c4fad08
iteration_622	34376	be80f0be2b3779b37889850e875bac6d3fd01f1d38be63b013577b6c405f4fe1
iteration_623	34404	a0115b7c7ad708dacbd54fad858ce91b97109a3eb4c6a9212ad0d26fd918a754
iteration_624	34431	891ee064b1a0593acbdf8b03c9bd6b39be73c24562c510759f02cf12883d7fe3
iteration_625	34516	9c109aeee346e71c565432ede3dc5e2cf4da957687da068ac1733ad1a60f2c93
iteration_626	34558	e962fcf9c72320cbec114a659f38f28060a45777e5d5fa7baa533c2a83ff6eb2
iteration_627	34604	57cc3c54d173d3f2058f76930f8354a535da607aa0149c5a6a8e330fbee795b1
iteration_628	34646	b0b2318febbab776657cbfb49d23d5d0a51daf4d65c016fbc083a5a3d80bdabc
iteration_629	34720	a9ae37d5aa54a4d51e5878c71e2b3a60ea4a5280d69bb7a63e80244ab138b10a
iteration_630	34755	525a11ecd0958911ed360d6ef9490bc8df9a2affcbf21d470dbaa85a75b0b9fe
iteration_631	34809	760618099a2aa6f0786a870dd1ef9a6a22ab66f94707eee358369d6e147e06ca
iteration_632	34861	d748d571c162be2e35c02e0e5239529f6d9f7fed4eae9c6aa2cabb8d70a7964d
iteration_633	34905	942e759e73d55a7cf3e3d981e266c7c6f40892d852202e3ae89f5404f01b6b39
iteration_634	34957	b1eb925708706f4f15f37d165477f3857d803e28783fb516a6b4a081066eb417
iteration_635	34998	369afeb8da59a4af83437cd4e23847fd4af151d7eccc608d29d6fc9349458e45
iteration_636	35058	ab6b7b953c855e0a3276be2fb0f158c874eeb84ad6ce24986af01cb602906be8
iteration_637	35121	f34ddf9ee2a22fd81c5e085ed088a962d2b21ef63660cbf569d2487ff4d8e2ae
iteration_638	35157	d463b040d275091aaa0d43c7cf7bffb1062f7df76cb87377bfacf2c2084acc21
iteration_639	35203	4100813535ed7c660386b2389336c24a8b37d7310cbc966c47eecc1fa4c08207
iteration_640	35243	cfdd73748916f1767ac04c9e25ddeaeb7d194a4dc245827fc8c1a45e8aade10a
iteration_641	35330	1eafabd8cb9674dad2631cdfec53bc38065c6655a2265e733ccab9e57e8412f1
iteration_642	35353	66e83612363da66d3eb9627696953f72bcecd349ed0ef109105636ab3fe255cf
iteration_643	35417	b67f964df5245e349c526ff87c146511f633f3b3bc9a259131391e0508ca6b29
iteration_644	35440	9352d8e791a525183594a03ddd537b432967abc1160a65836cb2099da20472f8
iteration_645	35482	3b24589cd40c7aa3dee4f99462fd9e8038dfeb6fc6ecdaf9dd233bc75b7d70d4
iteration_646	35552	48534728d05ce2c31b48a3084c5116a5bf989da1305b839060bda1d802358637
iteration_647	35595	eb164334269d3cfe2dff521eca99b73b7ab439514af19e664ba40c32ea04d23a
iteration_648	35664	2f58624257af977c578460114e1e54c449af409c2148f93c21ee0ea3f8853ebb
iteration_649	35721	2cdbc75ac7a064a4ea8386479fe453ebc7ee788533aad662da32b83b18d5757f
iteration_650	35759	9a426cf1fe443d9e4d55e07f977aaedb09e1c58b35222a7c7954b3ffc32b1108
iteration_651	35821	bfefd42e29a644e6245ecbdb400d95e452e9ad991d1836fd5510a23c08aff1ff
iteration_652	35894	ebcefd3b9fac4abd087578393694d92127c15425e21144b90b46bf26b4f9d8da
iteration_653	35929	6e93533d2daf7dbcb62e2c5a2646173408b639d3387a6882c171adc0b74793a0
iteration_654	35996	94ec5b59683bddc72d978fc1229563cc0403dfa66e3c59ac3644b9b26bb10f37
iteration_655	36043	2c5b22bf202acada370af7a4c0dfedf16379e79e26087e3184547e92c2d12753
iteration_656	36059	7f5a71253ff05cd169a8099b983334cb67a5131ecd2d2883bed8e1f14ee87e2a
iteration_657	36129	51fc9ac72e1b985da2aa7239303ba8cd25b967951f29f24c2f142d8b314e7653
iteration_658	36154	4fcecfa2f82b0579e64f6d1185275cf3396cbc87ca1e876e70bfcb1b89befc10
iteration_659	36220	ec667c7fdef0d19d2f54d2c82af39fbd36d0c8996aa0a2c82408950a2bb6e8a4
iteration_660	36277	86d75c0fadf00925d319fe9ae503d3e82416bb21b15c1fa189564f680fcb00db
iteration_661	36311	4124e40f0a9ce2e13e3315438ef71425cd3ce3a14e07a511bf0a9940917377de
iteration_662	36374	c0a9e0b0a143275a4e1210e2dfdd0e0b03b5fb92205818628f969709c9a48295
iteration_663	36448	9f252150b965ffe707cbeac61f8b8ee3d1d771fc5a485d5312190ab57055ac6e
iteration_664	36502	24102012bd23bb0d98b509b244d31453b2c127a26ca403d29f9ef6939fe22ebb
iteration_665	36518	fe223da174bd69c9b18e73eacd2b9e3c35ce596aca2476e66d5990afc5333c24
iteration_666	36584	26906635c34f75b7c1bd9a51e862e0b7e60f3f69d504d68b72bc50e93b817971
iteration_667	36643	0dcb9ef170be7039aa50881e84a0171ae6b6221a980d346c9053e4ce9db94308
iteration_668	36673	e6027e33de3dd9c9bbff13cd2cad8feefce28df15faf8ab44b49a7c25cd340ba
iteration_669	36715	e3ad3ce1f0e93b9dd3d1ef45c93d5eaf9406e295b4dcd8182108fc6823bec35a
iteration_670	36767	afa3ef85a63da85b49fc33b6607362b16716b9ad7d4901b0db182cbe3bacda13
iteration_671	36839	35f5eb3c1f862421ffbdfa85a030c71c37c57e05b022b4f32ff41a279cd8112b
iteration_672	36893	877d931ecbda4f06d2eea2d0822636da721bd004b75f9ad371a232b35e31b1d5
iteration_673	36944	205d22b009d7ac92c0d0c04477a1e16b051451e2a8d13d4fb773e82919996297
iteration_674	36996	4a1283e77df05578977c595793086e70ab55f20b4f5c485ee1b17c06818257ab
iteration_675	37048	c1f3ef8639fa61c66c625c8701f7b1ffeae0dea2c0ab857bfd6d33ba14d37da3
iteration_676	37100	76f2cb5dbf93ddedbe2278c6dd6d133197a2f60925f7c1380d94add181b6cb6a
iteration_677	37156	61941c21a7d645af97ee65efa9fa79445446bc8aa74d58f3b064e937b2deb678
iteration_678	37189	4206b0f9544c3e01ab71486b1d55d1bc98cb2d5215c2ca7902de75acc93e634c
iteration_679	37259	ce0de2bf61977efa57f19fab4b8f836a43db0a839a9a1c0fd1a41cba8d84cd1b
iteration_680	37298	e9c437873af3a5227f75698e7f48136e31607fa27a6ee6c9a315f30b9bc2f018
iteration_681	37347	8857bc302001f2e69667e2539bc7218ed29dfb4cfb53c34ec68739dbfafd3a92
iteration_682	37392	f9515c5cdc4b4a8aaed965b4bd45f7175e620014d384941afbb8f6acfa7668d7
iteration_683	37450	aaed347fb47f6f59ec2a5252a6c955a9f309d03620ee22eb6b3f5cdaad128916
iteration_684	37502	9ee5a99400742ce99a8434dac6b8c043b1d4ddbb77f182539a20eed9af35508d
iteration_685	37526	3c755f75740a9207f3eb9e4474744df2a428123df27a21f7acb6ac91b69ac270
iteration_686	37576	ed3a2d847912e194db55e4115ea2ed68ab7c5dc580ca2581daf4d6657b9cbcb5
iteration_687	37612	795693a2f80bb8f06a2a8c8961e0b2307d2a689e645ba60fc431fbdc0811a716
iteration_688	37682	4d4534f210a061bc0fab2b384db5bb5fd35efeccee6807a40849325e3ab7e82c
iteration_689	37750	e5f6916781c368696b996845d106164cd5226bc3b317824ee55f7b8f05a0bd52
iteration_690	37780	a0e358f1de3ad8b86889a2cd34b4fbc7521562be16185b495e48f63bdeb906ff
iteration_691	37886	1f732d2121d99b1ece39236bb96f7a3f425d9307e8935cd3ea9a3ef476e9c4ad
iteration_692	37934	13d0e51ed6a9e0014b2f5e7500198287b3166517a60006e4388c4653ee9bd4b6
iteration_693	37989	c9d8937de8355143b25283ba82869b13e71f85cd25d88d31eca118ce7a88fdad
iteration_694	38030	cf315ffa0360d26010bc1b86149703c334f95f5c8269c3d31be22b7e1dafd153
iteration_695	38089	b75a6aa7e412aaa0f6cdf398670bbac2de8fdc5bff01513f863bd84b459deb56
iteration_696	38130	e4e9427d4ca55415c52a244b473c6f5c2e70a241bd356574607c3ae3ba7eb022
iteration_697	38176	a69bc30c5ba7b542050faf40a1974eb990d42836f68b021a3c455607d87034a4
iteration_698	38252	2b964137f9f543206c1d3db63a083cfb18a9cf81307a980faea015e094849f67
iteration_699	38294	8d9dd8bbee01b65f7be54104336e0e580eb6638cf99794dc37ae0b0e78c79d82
iteration_700	38335	988c1186e193903fc09e7e0922fa0b05e7cfb4838fc9342f3dbf20c6741792b4
iteration_701	38440	555730fc3e5db8161dfa8d42816369be8d3aa713e74f1dff4e4d7724d6eb8552
iteration_702	38460	bd8d7aabb9962bae25f67ceebb1f1cd0f2f8861d8198ff162880975785c74883
iteration_703	38523	d322aded11ebf5c47b4b8466881bdc9e6aa6611d72ebc0a8c6769d28d03929c7
iteration_704	38593	d681a3d4adc6cfc1c0b08acfc38d9d925f58bd8fc20d75e7ff81215c481caa78
iteration_705	38640	2fea031ddc9b7fa2d5444f86d7cae5439c151b1bde24dac65124ab92d2b3a655
iteration_706	38702	e296242b85cade84440aa714d00c934e5b84085f1f4cf3fe6a6cc2dd5f8f67c5
iteration_707	38768	967acc714bb310d69127e9233a0ab7d6f7264fe8bae43f9f4c863d8745c653f2
iteration_708	38787	0a720298d0db8c01ebcd571fac979d395ca503dca53a4c10c363fd08a8bb57b7
iteration_709	38837	a0cb4ac9e0fa8200d32fc689cd04b00dd7efedacc2368756f053677be1b34f30
iteration_710	38875	856b76f65fa39bc31feaa54ac6beb4dd140cffd2223799dfcd126c588f2f490f
iteration_711	38959	65f93c682043be8d08870085567be02727e6a8c09299373515b4bf116bdb57ba
iteration_712	38978	d2664e7f9d11ff35601c1cd97afe311d03504c7f5cf4c6bed4d817a610a11255
iteration_713	39066	d648994ab6ef6563ae13d4dacc2b3da31dff200e0b03f2d942f05d50a1de6230
iteration_714	39122	0da516db48d0b8711d5eefd1e28d3965d8cf91ff279fbd3df8cff69014c49d8c
iteration_715	39163	25d84864823f24872d3079cc2e7603feca6b7d66d0847d3723360262f8cd0cd5
iteration_716	39213	ca79296b87d9ca6c9c406468d9b42bcdf85c30101a32bfcb2a8dd727c90bf632
iteration_717	39308	93247493503365abcb35915a8922fd130b4c000942cf0d88cb8e18da00f312b3
iteration_718	39351	743b25170f609401fe8870faf334aa3c4a0ecde80b09e63bfaf1fccd3768dc99
iteration_719	39386	438578dc12ce54da1e84c911bf8a0476c1df76bed673c6f590bf4bef2188f156
iteration_720	39469	76415c7feb8f219108db1714252f5b7125042dfad1d5eb82bd961842214f54bf
iteration_721	39467	8f606f97851c99aa4e9974243a7ae0ca512331d5b0bf32152e2e37ec7caa5e46
iteration_722	39539	d58df8c83970c174e6e8d56e4575b20214cf80b0c687c918fe09c5a6f33ccf6b
iteration_723	39600	7fe9315d1fae749c5e98f3888d9efe6c60522b3f5fc8f80c81e20369dc74cd4f
iteration_724	39645	2bc45dbc3bf91ec43908d2aee37abd97274d79611577502769fc02f9ca9ece04
iteration_725	39711	cb14559f34ecd45c1846843408a3d155842f922b3ad0ef9ee4350c31d8248d39
iteration_726	39788	b1e097e74ccc836f73388ef123905983d35bc25d0d959f36d7eff98610cf7a97
iteration_727	39787	9f3c9e0ade38d2ba13cd86adef8a2f54dba5abf6d1cc5ef6b9efbab2e9d0f8b2
iteration_728	39848	968b8c937694a86ce662f0aaebe41ffce3d1ad8253e9d4b21166b0d0629b2c0d
iteration_729	39897	8bad6d95369232091c85f727fea848db4ee5c6e5d3d7e1ddfda642b35f947d3e
iteration_730	39957	6485d513be31afd0f3abec08b915334f8ad557e34af71afaec1674a341c6a88c
iteration_731	40033	59c2e96ee1c879898212ac939be793517affd715d992bd0cb3005aba6db3d1a0
iteration_732	40057	4888703c8d610e8404a7979efade6cf7965a4a8d78f7a3338af6b4580c132ed9
iteration_733	40136	f1f0ec72ea82ad2bb579537eebc054e0cb6a511c4cf8d238aaae48a546a8015f
iteration_734	40186	4ab0d7d5791cfcde49f7d7fa7cf72cf8322e51ebbbc553e3cc49ea0880948f05
iteration_735	40248	2b70de730edf7a1e567a193a32209fb04c5f793ab47e9a4e9a496af6e9b45ae5
iteration_736	40308	81e177f8e5e13ef67dd0722e5a85929e8ac3c209e3840db4002ada679cdb2508
iteration_737	40372	7612bd3d95355466c7209a9068153c85a82af11222b17b04211e0c585ec6ddcb
iteration_738	40391	6fd1940b18b69a491eda094aefd7b7d913257c3efd53d09ea45ed56631f9ed5f
iteration_739	40470	8b8b79158e0ab754fee43aa41cebc1bf62b6b87e16b1d9136d75f684a23dcf9b
iteration_740	40507	f6e8a4abeebc900ceb48ad2ef4aca9d7bd153e17de778bfb8e96348932633a94
iteration_741	40570	e511458338927b2458757272ee429ed51ddea7d12efb4533fcae54e79565b89f
iteration_742	40617	1dcf32e2e87d8ed165a41b097f6c00de3e56e1019145be1ce490c3ffc72829ce
iteration_743	40685	604dab8d280487432c889395627a1c7d15c86ea8ea5904e60dd66713e3fc5c4e
iteration_744	40710	9adf5b5271ea1d7b1d6cbcdfa302e9c41e655a4e2dcde8b6920654fef211475b
iteration_745	40793	2cac211b6539611a191ec2c7bdef96bdb5d6b4fd5aaa6db0db1ae88533632284
iteration_746	40828	a79bf771e9e55ad4a67ca0ef88c9b0fe77c3d22ce2999e6ec7221708f98c6090
iteration_747	40875	952b6118381fde4efa8732683297106afb5a400a77e42e20a9bdd28986b04f95
iteration_748	40905	d0475a40eda736c15fa0bc5bfb2f0bc70c7d411d371d2f598c55292f5a73e1d4
iteration_749	41003	7c33c6c46906d86c09b584891490344e8bd9b79a4f460e7ad710bbf19e7c502e
iteration_750	41018	f95ea3f58ec0a548695ba453405cdf44be611369f6db6ea377cec12e70b989ed
iteration_751	41087	4689319866bc32b980bb16190e33956d54df40af210d8145ff68f0b705c31d6b
iteration_752	41134	bda4be3145f8641a769d0343440253c85fcdc8289903ef23136e96737b90bded
iteration_753	41198	a2502674c7fdcf75205c69b51f215c0e36d2688c3711ed348d6e63e085ac699c
iteration_754	41259	d8446c83601a33f81c8019f3b8d8131d199393015fecdb1a83aa2aa22c497407
iteration_755	41301	1ab0eb8d3729bc8ffa5c39af2e35ff5eda45669c1f1740da67c81b68ba11730f
iteration_756	41360	058d427b9b38f96c537aabbfa59917904d26d191e10f9edd01300dd9b7762fdc
iteration_757	41406	9f43adb66286ce6ad4ae7688ab21bfec9d0e34e1f53ed804bcf1cc1ea68aa5c1
iteration_758	41443	8cb1cc17a49d05abcc433d106fc9f0ee2820e90e03567207fc8d0d754440786e
iteration_759	41536	9db37ae7685ca678b93e97dc9f9d2d2a2811de4f1b87a0ce70956a3f3bb9d940
iteration_760	41556	7b8da0c00206b25389118050cd2755d55ea8288bac324a871903163ef3580fdc
iteration_761	41622	498aa00e385f6b686d70407f6e45a9c0eeaac0c8131c75d1b6449bfe4c3ad27c
iteration_762	41682	118d62346c74758ae67407c550751478f060fa11942774c96771a4fbea029bd4
iteration_763	41710	368a9d67712791bca0dff3f2e305c87b35ad896eda97ddc22830cdd37a49250d
iteration_764	41761	7c84baa6e87633b05dbda7acb3ad40bb448887b035c9c8cb5519a8d8eaaae498
iteration_765	41828	4755dd9b3da8ad7ddd7e63a355b89ba9fe152725a24a0a7ae10b3f8033db622e
iteration_766	41866	d8e5e6dd06d5c4ebec3db43ccb7e2edce25ff142c2abbe1db84b93862eef9857
iteration_767	41940	e98e4b04db3a57d63e9f14af1e6d86d3fadb86c7219561197d7d4ad68c5bbe0b
iteration_768	41996	908ff5b087f0378bb6ade840f496d57b884f3fad3b52b8f381c7237175fda167
iteration_769	42027	0f9f2f354edb10a2acfd1023ac9162b4553661875171374d905e4da92499cf1f
iteration_770	42101	bb6840f440867ffa91961d270a46b146c952bf6290856db6a262230527ae035a
iteration_771	42149	a075915466e936948ff29315e82dfbb6319e6dcac8d01e93b32a22d6d6e8aedb
iteration_772	42185	6588867ac7381c0db0687818b8e3f6386fc91d5ed4c3ddc898d0f9dea72eeb30
iteration_773	42221	f575153d53254aa557e96e9d60c441696cd3dac0425610afe9f1754367a0b522
iteration_774	42285	57a31f7a32110804267fc86bf4e118c43d9536160100ffe0074ae63b5f5d4c84
iteration_775	42374	09d25fca2270365ba184a5a3a0d1bf12954fcd1aa8906b955f78dcae2cab3bb4
iteration_776	42402	90a7d46f55fc977683e51610568a62e740c069a39f9962a68ea2f48f4f74c7ad
iteration_777	42444	2e53c76c92f8afcdb710548aff462d41322727973ba6788d6f3af7086ff20e1e
iteration_778	42505	314a37699eeb807709afe4d3f0d0ec23dbe699d2dbe06a0110b3ade4bb1a5a0a
iteration_779	42550	1867138805635e9a02d5fe019a8ad628fb8673640bec29533605870b578e3700
iteration_780	42625	48bfba456c581e203f5a62891b40d1100faf3d629bf77506c616b0021fbc2fa9
iteration_781	42666	2219ed6a1636fc5b0295ed56328eb3310c2e7d72404e6280a921254630e6192a
iteration_782	42729	159a90f8e125afb815317e0c5ccae8c2804dc2dcda6dd1c2cd53ef3028a04b42
iteration_783	42791	ec586f63e78608dcd80371b4917448a740c54e429ac1f0bf96ad8fa8744cb82c
iteration_784	42830	1fa673e5836ce8d20199aa7a8c8b5e329f0fac8758c3949d8fe82831485d467f
iteration_785	42889	7e33f8da69febe9ed1237c69f3b8d46ab33c0480d9f99f71aad9b8ff8c219e01
iteration_786	42935	998c4b7dfa3a18686518fd37f39aabe865d7942a2a96f1cb4a55143cd24ae240
iteration_787	42999	1540fe4f576cc5e689652632a9fa9854bb35fe4719f399bc90cae81a99cc1e69
iteration_788	43017	5ce9cf99e5e2a3deaa41e14b8d3c8b744078dc97b649f26a9b3ce29e9813ed38
iteration_789	43098	759e30a7cc4b763ea32950fc918d30128cdc4f5b39cd83791d17da5d8a635ad3
iteration_790	43162	d2feb11d55868ff94a4039e835663b7f87f4ffaba43b98c950cdce75fb3e1aee
iteration_791	43209	90fe73d0f320d6ca1e9b73c8b9291d889074a311cdc81c516ec2d0699bb9edb3
iteration_792	43258	8d6ff56bb15458003208f471caf4d56415c07926e421265a0a56a869a4353752
iteration_793	43311	29e292abbc75e7524c9e8fdcaa11f86347696ce9d774dec4a6e9bc19adb4aff7
iteration_794	43355	4dd111505c930a24a775848e8efa66a675db63db6ebdcf2cdc0443872097546f
iteration_795	43427	4498702c4ef81d5880e0317b0f1f6b617b19287933901aa6437c9721e04f7ecc
iteration_796	43433	adfa25328ff87bb45d19a5efd7b745d3788c0ebbbe2ebbd5c6e32de2845e672d
iteration_797	43520	2678c35bde4332cff64480969c52a8c3af7394f96b5dc1ab578d74c55015e769
iteration_798	43568	fcb376afa738ccaff6342c031f28e679e52bb9f2037b6481e1278def50fb0e03
iteration_799	43620	a5b9f037190bd7d35e64eb008ea94ff919a4dbd756baecfd271cffff40829377
iteration_800	43680	522c5671130c04878a65c1452f7b3716e620c570c17beb653d927acc163c1acd
iteration_801	43718	174fdeedce77f051c83d7082051a072bf920735eee35e9d5412709485bc001b1
iteration_802	43772	e3545298991a7fa50d1f6904d0bcd2d0427a563f6b380d3909d0c2c8affd40b1
iteration_803	43831	c717f6c3fffc1531c30f39ec53538af7b81f1970d6affe2a060a82a3cf09946b
iteration_804	43902	2cc20f52589775f43e5486a7de3d927258e285bec1e292934a17c6e45a24cfb9
iteration_805	43953	4b3d6f29d24135a4bf50621b2ba117085c8927778cecb7d581b2695922773de6
iteration_806	44006	52971d207c93ff9d56e0341e6c71871b7c4e32d7e79cdea364b4ce504fdebf72
iteration_807	44037	710f5cd1b28a02a8fdef84de309af9b4d271c207d3cb2b8b7118606245e5fecd
iteration_808	44079	b4bfbddce9aea4b02d36e9195c959dfe1868bbc287732f0851d0be0da8f18cde
iteration_809	44156	8cf8c380509a8c8540243872cd5c6d6dae3ed5411f7cbb6e8bf86b427426d28b
iteration_810	44200	331247b4ef12f6d17d7b1b1e99f07b5a219eb0e766d0c1377db2a4d5835ca13e
iteration_811	44228	68abae8415effe1c71390a306d2b2e7f29462dffe7291291fb8b88ae571cd8ff
iteration_812	44294	d1897d4a87351e962a38bc6fc106540c1fcc85f7316abd0969ff5e79228b39d6
iteration_813	44331	f2d07f5cb1a4585f65c209c1a7f592b5a57380e2311efe0a0892cb920fdb579d
iteration_814	44396	bd344b738d6a8b93d99c4759e1f3e5afdd1c328afe7a99ef71899ce20321e66c
iteration_815	44426	c03cb24749a33290eba0921feee1857fc31b9e1b8f8dde65da23e4e008168c48
iteration_816	44512	2024bbe04a0c89ebfef4029c1bdd12a19a801bde3600b9eac9d68c44ffe54835
iteration_817	44572	15f225f11cfc0e9ab08fcd4b2339d37bd90558c55cccca4298dac33660c2090d
iteration_818	44603	3d0c6759a6fcccc7fb51f4a0cfa9ddef98afd447ceae6bcd8971aecb65349f04
iteration_819	44675	74885895a2df1074411df775219cdd8caf2b2278fb254ade5715ff5eced2f143
iteration_820	44717	224416a56425ec484ec7c11b46617595cad69e581ef2379f2a557b54d6778c80
iteration_821	44762	d7f79e07952ba84723578c69c549cb43291264edf15c835a8c8005d9c8211e4b
iteration_822	44785	5ccfc6ec512c64cde629259394e3eebe9e569e5551e5e2ec84894b0aed393630
iteration_823	44878	cf88261690bad944282c471ec3c7d1856c64ef739955926ae7d4cec08cb61107
iteration_824	44896	a9da00cefe60279ce4efe125b5bdf485ef51feb3a821646bc843c568e668334b
iteration_825	44972	960282b48a9be201747993aed2288a587060c17c31b02884b4ff9495e7560fb8
iteration_826	44992	63f9dff2f64ba4e956fec0b0af445959c843d53af318d464c38ad59cc1a3ebec
iteration_827	45079	2b1044a9da6f3f4d53bf07ddad36c11ed8e5b17b200944c01d9b4e6ee6b9ad60
iteration_828	45097	cfe7bd4d7880e38de513aca80b217e2e8829efa4655f6e5e257bcb842946757e
iteration_829	45161	9adc9ed88f7e801bc904a1f4175b52776aac88c8ac3cf66656e7b118db637564
iteration_830	45225	86f1ad5ee05509ad2f4f031944d4a21f78600d75c7658db5f3da8a5b41da4f54
iteration_831	45294	8a3ab99c16b6d6503d1e385c584603e9d5576fd363f2a6918b9d295f12a12a73
iteration_832	45313	39a8290b31afd1771c2158a701f57c4ab6729532564c658a79fb84fa91b68b2d
iteration_833	45393	ee03042f03dde8120ca8cf169ec6b241d21e58b8d32902c34a4f2c3daa4c45ad
iteration_834	45417	2cd06fd1d271d588dade9f0e52c39276e1abd06fbee216bc52fad966938df378
iteration_835	45487	64ce9af68f13cb41c3f4bd53ef1f7bb5f4dfc5df9cd7febb91971de0f65d0f2f
iteration_836	45535	f63405fc7e588e17677144b27962ee9d2f4457ffdd6bc61e2266f59c7f881cfe
iteration_837	45608	1a515934f585966b4e7970f3eff4cae056f6880db0931bf3ddf1f7861e756394
iteration_838	45645	797e5eb4361dc5611faaa72ede50fc399dc81a2aed65c51820ba36ab9700faa1
iteration_839	45698	3500524f263614be7aa238b0586714a0ff39cdf36e4e619baee909cf8909972f
iteration_840	45760	ee8a85dfe1b9836de68d8890d3aa74999d6a1bc546340b2d9628631800afce2b
iteration_841	45818	7f34aeb9ceb49fb0c1e195475c31652aaacbe74fbf74514be8414fe61c42425e
iteration_842	45858	f5f3fdecc777d9ef2e9cc0a0897136ddbaafcd1a970ac14e9c93414bceca9af3
iteration_843	45930	a2604838f2a5d923cb631cb1daca456d5f95e559dd2fef947d579fd9c9b49112
iteration_844	45935	f4d05e318074e4244d47e6768d98e710d7886a5b2f33663982bb2d9e2d4cf39a
iteration_845	46025	0e5fdd621807db9470e2e1553e0ce8fe42f66bb653ba8981397cdeaee8a767c4
iteration_846	46046	afcc1fdac7985bf7b02a1292b87189cde4503b4f52bc472fc507bf35682214bf
iteration_847	46137	5d223a20da11ebee4520a660d3ffba791b2a4b71f756c66f409f0d9740d4d3ac
iteration_848	46160	cf6ecd0d85de0f2a17f0fe33f7141d2a67e06cf38752a4586d66a7c678c4fb36
iteration_849	46244	b596af18340b1ec4d10f4ae3afd4567c6c9047ebdb8d8a0f254606f74a78d5ea
iteration_850	46288	9b7314b44fefe2d1e53da8c2a4b8b2f4f7261ba44ba0c84c843d4e78fbf8e1e0
iteration_851	46339	aca349ead8a0776d9cedb1da4cf07ae1238fe81132b4a2fcee3eb5b62245d170
iteration_852	46359	61ee3a4aae89fcbf30261b799e5d7b13c4b06c40d9d8cffcec9d4f463a18b03a
iteration_853	46435	3fede1db47a7ce5c4c635f466418935fde9b86b65b0fc031c1f14e4b88945582
iteration_854	46515	363c648cc0c12662d202e1650b3642bb96399f7089353c2f9ad5bd8b0eabcca5
iteration_855	46542	f13fe4309a6d286d4a2ae4c78ab9b415d78cf6722c8cbe6421f84c1c41e6b069
iteration_856	46566	4cc5b645860fceab31358d04f22ef9c15ab407d1494a0fec9eedea2cb6ec0556
iteration_857	46664	98a6c75ae87de58dbac7e40250938fe1256b8b1eaf7a68162bdc4524395b8440
iteration_858	46699	40442ff247bddef071ee6ec1e3230b04dc2dca872f23c53244358688f33b2d60
iteration_859	46760	8785bc658f677058b49e42e2395b76bec3468d82f3d6975da1aa307efa36d6a3
iteration_860	46781	f0985542393738af60a6d33078df92699b060d55d8eb33896d11c9c60baa44d8
iteration_861	46842	e16e9b983483d875f03b4029d023e2b6274c5b61b33928aab8ef9277cd4cd269
iteration_862	46894	153f925ab2deeee74f65d2ff93bb619a42df2a25b76bfdb60688e496ce763f4c
iteration_863	46938	8f00a900a9a458dc77bf491977a8c2a7837011c08fcd1ac919d15d80dbb5cc96
iteration_864	46999	66961b8e59bca859dd4514577c51282eaefdfb84be4330e3cc971f1e47784567
iteration_865	47043	a342d5bbd1158760d9514e67ef6dd98ac3bd2fa9d1cff7a16967b4785ad3345a
iteration_866	47117	35172cbd90d3f384371f93f0b3b85ec55507712b61229b9c385428c668cd4f5c
iteration_867	47181	c1960396cb7638e226cd674c0250e9188a67c8c6e9675ec4aec5f5ee64cdc7a4
iteration_868	47204	2dc6be6d89199b2b574948b2f35922213851008dee8f2474c4a64c71fc440782
iteration_869	47261	d512f830313c6d0e9416d9fadb4a3bdc615aaaaa75b5019bc722a841986b6315
iteration_870	47326	91e98d8cafc40c7180b7ca9f460ed91279a1e814e42d14bacc020494e1c16e92
iteration_871	47353	a906301fcb39dc8124404fa72ac25b03c563ec448b30f6d3044be9852c993f51
iteration_872	47400	10793a0ccfc593973c78b58c2b4e3b100dec5c3a1d7db979d4864128ed5aca76
iteration_873	47486	061fbdd33ec45997de8150c4004a7af078945a06cddb940bedc8be2e564613ed
iteration_874	47557	6e16483dacee9402833c33904df7705847023ed4d062d7343ec299ae58827f3a
iteration_875	47618	9ea153dae4ba44c60e134f834f19af7134d4b049a379b98933fccb987715fd8e
iteration_876	47643	2a43497b60534116ba9e5d437dd5427f7965e1cc5c3f47c49ff32a279ae47307
iteration_877	47740	ad16ab215daba80d131621bb413da4978ee09a8277b3cd4472be71381bad886b
iteration_878	47772	053f99db6790d71bbd08eff3841f78f32202cda3c1fec1a71fb1eea7944b7b14
iteration_879	47833	2584ee850e47f694ee3e537344087bf9ba8d5e1d9e0bd712dc64ab420c5f7b47
iteration_880	47923	e92426e0662d533f99646fd424c72c8073077e212f9f80865e93ea6e8a6453ab
iteration_881	47928	ec41fae9b2087fc87f628d52100796cb8364c06346b7c4558185fe6a58aa1adc
iteration_882	47988	ad634f1efcdb99c5777b6d2c19421b425f2726ce8901b0606f4dc87f9dcf473d
iteration_883	48038	77da3153ef17f19406da38849834090c5d54e68c970d9247f52a5e25ff0b32c6
iteration_884	48071	e3fc1ec418208ff7545628d2ace644142d8b2e03b43315586e2ece60979e039c
iteration_885	48162	4ac9a6ab418e13961bf58e4e904e3334c1fda72d4e6bb31983fef745f88c9925
iteration_886	48199	b6943c849fe620d87c29d3668bc0debb4f85edc8a594642947fb3a6eda56d7ac
iteration_887	48267	e0785dac22effb7f1fc078aa2714794f3236c1e2290c7283954637490ef0d034
iteration_888	48276	f97497e9e80836202a0683ffb7d9d5c6605adaf23beaa55b1ccd52b116361796
iteration_889	48372	746150c374f7c6c03c7d6a29ac2c43f540310140bbe08dbcaa3dfd004e3b4dc1
iteration_890	48402	164d48c9db603fe413121f023c7ff5a18a0c8c392eb49117b5a2de159917089a
iteration_891	48425	3d0a9378caabc62cd3640a64d48bbecea06e92bdd7393269ca5c333a6d8483f1
iteration_892	48497	0a76b48acde2dbf6c6ce2fb5f7b9135d3bd5b0d39ca8d92ef53c3914f58f23fe
iteration_893	48512	e1013ea9f839df1e49aec34ed8b623a8096f43300d4c811afdfeec992d5a3cee
iteration_894	48578	f23fbca625d837b1c2d36e16568668f38d4416b9252fb0b0359b656869ee12a3
iteration_895	48659	2658f634a521c45c00a061f1342d28ce81576ea87b2185640680bade93eab083
iteration_896	48657	dae014f5c3e99e2f73f5d696fdb44ba6563b1bf28f62e09982c4d5bffea5c641
iteration_897	48745	76f2df77f82c790b03e17a02aedab910738598bbacf036d451ab355101282d15
iteration_898	48758	d39e1bce93dafcee47919fed7c1c0d401e6baded0a8bbcb02faef4b66472bff5
iteration_899	48833	77076753158a93fec56b4e6cc39db4937e1bd9ff0b93e917a77c486c039c40ea
iteration_900	48916	a6797bd7dcbb46020cdd87172e0972fa182abd862cce7825c6ba1729d5a763fe
iteration_901	48943	45014fd371d5b518063a18b54f8064036d349e09ad0b6953fdf1eeadcdc55ccb
iteration_902	49010	202dc6a646e2e422b8358769a30cba0c353db959309a316b4f7a0aa23a454991
iteration_903	49052	23ef564e47506a776447c12f63d9b81b95a1f57b26a05be9a429460bc87c07b5
iteration_904	49078	5ec7074f30685201c483614c14c065587226313585efe71783dc16ce86ef85cf
iteration_905	49164	4f5b8aa7d239112710f7eae5f96cd0b5147b4ac62a4111771179dd356fb3aa76
iteration_906	49198	ac0edc2785226331642549439b368cb22b81c31a8b42d4624d93acbe52ec7bd0
iteration_907	49271	6cc3e6640a6b0a16187a47bdf5ae93b06ed024b20116a46eef1bb68ae2b53e49
iteration_908	49291	4d87d166551c4c07b3c861fe1bdd8a2bd2ee5791ad6ae49fd64f6f5c2c55d263
iteration_909	49377	419341e39004aa7663730d298cfc8a29bf8b2a72c5076071fe63181e10d893fd
iteration_910	49384	9adb792851f326bc6d12f1d90917e03c3d0eb941fdd085c672828cb283301aeb
iteration_911	49431	a4cbd73dd900df5508a3b7ec57188e0ed3cb882376a453cbd5c2dc78bc0785d1
iteration_912	49510	ff181402db4440ea3ca8674dd45306f6b1043c819cbf34a5b16c40975fe43dd5
iteration_913	49570	6d3b1685f8fa47d147351b85f51d15128eaa5994dd9423165b39ebe58e93265a
iteration_914	49583	99c52b3385022cf13abb534dc7c66fd1b1efa7de9502af5afef58b9dbb2de1b6
iteration_915	49667	08ba31d0acc581b7ed37f7ffb4149e98129c8e50bfdcf3e623ed029eab9978ce
iteration_916	49693	84f60badf987f1abda56441761224dbb5d0f1d67f3c80064046dcb719b41ae0d
iteration_917	49739	58ca79d61a8adc0d0bd39f50f966f2fb43a14617b9a37c5d947b3d0b7a4da8e9
iteration_918	49810	a1934998496bdb756a18f75e1f5b5446898df7186e9590d1f1d302297f1f8129
iteration_919	49852	185033f20cd57179daf25d4f3f14130cb10f5e6e11a3f05979e2a931004ddb6b
iteration_920	49925	1c8292effcf34f74d0c815a7aab1f9bb719f07eebee7af4dfd3b98976daaf125
iteration_921	49945	297009fc53a48effb4f6d64f92bdb417eca0644e0a5268af5b608f32e2804099
iteration_922	49989	778b254bd82314a2d45bfe86db5ceea31ec6d77a696cd8baffd61cc445ea93c6
iteration_923	50055	296bcba3500caee62a5d5ecd49b874938c2f95401283eec92784ac5f8aa1fe13
iteration_924	50095	a6754276742f8021bf6231af9e3e5f54c18d53f21773addc10efdb411a1f1a07
iteration_925	50126	967d34e88f4c654be7f145d8c837ff392f49b466d42ebdb107af0dd07d6a729e
iteration_926	50205	4d0aa6ed3b84d34fa9d644121b29608a9071083ebef92b95eb668c37486a05cc
iteration_927	50288	a131c202870c18675bedcdbc12f2ea654d0969b5e63b978e3dda562f57dc5b52
iteration_928	50304	9b0bcde36b6ef21a59f7119e256f83b758f9a7da7ada09c60eecb32314d986d6
iteration_929	50353	5540d5f964ec965ea66627f79e0af9f605cf76c2884acf02f4891ff3aa66b0ea
iteration_930	50375	3b9dfbeafad1e1825381ee7df0fd44519eb9c99444c43bb2c00acef230413461
iteration_931	50442	983ec178d2cab61668aa2672bc8f2b11eb2edb320a113b4741bebfb2651a440c
iteration_932	50484	0bd2b302e3b069bd8daf2a4f5e5f3a19fc890bee4fafbe3b0c770c8626099a05
iteration_933	50510	56211fa95936fc640398a587613621d029ffd06dc2814aa0b7447d9bf9a1debb
iteration_934	50580	796d1b586e94c00b2720a3ed747231ae7a6715c88078dffe0cfc7dc1c966a813
iteration_935	50661	aef9d489ac5bdb7ee32d228a6201333eaed539d02022f696a0c0c1a34696576b
iteration_936	50681	6ef57b997033f907f34d6b1169340536e25c9f6a5ce2fb3a88bc831aa3a9a29e
iteration_937	50742	2b6764a79e163dec4361db6c3d131b231bdaf542b3a2b769d5b625611a485368
iteration_938	50804	beb474c6166b0389164d27fa31ca6448d15d8fa70779d717f1cc120410bfb3c0
iteration_939	50833	d821fa184c6cfe87560a164e618866bdf19ce64e51bbe44ea1d783136bfa9ab3
iteration_940	50881	4783003002055e51fd89574ea6d7938e9d39f82584ca3d6b3fdcebb49e3f36a7
iteration_941	50948	e1c80c4074ae5ffab098e0bc4ab74603b24a971bd4552280bd50084815e46ea9
iteration_942	50992	441d758f7b32e26d0eb31b2aa7142084f5e15f4b0db8cc29150787cb52c32c7a
iteration_943	51056	6462d44e6245f7ec3022f4ad11160649ce1e5500b29be6fd73cc614bcc19c6db
iteration_944	51088	a00bdd3c9f0f8f5b6b9bb8482cf099057366f76454330438fde40664761859fa
iteration_945	51120	41cf35b27e2be53897bb338cf7ab5770cbdab8722b69128d76d3c36abfa0b79c
iteration_946	51176	c65c5204ef914ced39453feedeaaa5441146277c7dbe7a6586450cf65d7fd0c6
iteration_947	51271	82c93fb3025c187c1e8324d8187bab4bdd727c786ab3340c80f908f90c4986df
iteration_948	51275	e7f0f64d5ed48da90b497455ca6788c0664b4b3b8bf6b2ddf50f2138d64f5c93
iteration_949	51334	d5ae9c8c98c23311ec2536c9cc20c1a06830a03a646e6cf91f69d71ec2cb54a5
iteration_950	51379	3cb68d8d941b2cb15ef68ae9107d02b8094faf368ecf612442fc57d1e2a6dc51
iteration_951	51449	a45aa67a413d6de77ba02e081c3060154a0111f745c0b2ccf9dac5fa07fb2405
iteration_952	51492	a9de15927503d526c8941d31639c769ee1b9a2af69eccd834d3a5af4470aa998
iteration_953	51545	ed03cc60147cd4ecf11ad7ab2f8493eb65a783aa188000d770e67de05cb6bf3e
iteration_954	51602	2ff7892ad781f0fcd9f99db0ea6ddde60bf5d7675464b9c19ab71000d0eca044
iteration_955	51648	29e864feed99797b65bbb45613489ed08af201e80075aad8dd961cae6ea08acc
iteration_956	51687	614369bfdc41e49d99047608b7860071447e7ac5814b7c74f508ce16997623cb
iteration_957	51783	0cc83540d630ce181b94fb7b9e0da0c67e9ca696bda2490818780a951da7eacb
iteration_958	51808	01b4e274ca044c155c23d7d5f349bc95b28e5453dedad7f9f7693cb5977ce4bc
iteration_959	51877	3a263c90bc2bf0707a7c7067025d961337c996a899d22589d64d3426d63042ba
iteration_960	51880	4b26f90a593879aeeb79adeb2b29eb0ee4ef9b03d8cef518c12b5660e9da4e34
iteration_961	51988	875634780e3649a3925116d98f97b8c66b5a8f3214e19c652202298d4a78fcfd
iteration_962	51982	75067dc0d09ad9c26d37a1dabb2778ebcff2f71242e7411edb85ca81920c61e3
iteration_963	52104	bc1334308f46013b11ca6de0d8f3de5a4baaa02fec8abe04fa2a1d758badbfe0
iteration_964	52118	35bfb3caf550cffc6b2f1f23dafb461b5a54ea69e2645884075fa9fa8604ba37
iteration_965	52169	1b2bb1c65d89e86cd991e64efc397242c26e8a5087c4c1c03e8cc672b19b9fbb
iteration_966	52215	f4267313037b3e0d8cf8f5c940ad7479e172a81abc3db3f6394ac1ecff1089b1
iteration_967	52273	2dfa2dcac3973a31f23bccc005b236a61e327b38546df7c71672f2e1a69a7d0c
iteration_968	52299	d710ad963f79e25678f30eb38a8558fa439ee0d5b65d176e02db4c509ec1fa01
iteration_969	52397	4187157c1920bea86dab4fd5172ad1c8aa4ce8e13883374dec18e4903952984e
iteration_970	52423	c1ad2d836b505edf6acea92d8f0f30c1cfa0e19ba46bcf8ac24bc0726ef5b7a5
iteration_971	52488	b95099e9e86765771a5886d212f00204a80e3e25fda589a910c05429b0a4e251
iteration_972	52526	e790f9a51779c68b24ad98663c7ae9155ad53ba78958f118f41bd5f1a14a2c87
iteration_973	52550	cc6ea126b30c96478593f3a4a9751585d5a794ad2918555c0b013dfb43fef22a
iteration_974	52599	2c2f779e5250cb5f24237477ab16a25bb40eb5f17cdca298c60f71452353ae66
iteration_975	52664	471ae0b1edf769fabfd1c2244aabac18b4f3e49aaef1741dd8868c2e057f9925
iteration_976	52705	6d2e671c5f577d15a98fd1cd05b3bd4f98f7fa86fc45f4d822cca8bd0b477c15
iteration_977	52761	7dfe8bc15c008a5d3e442eafa1cf94242b47c451de075f67adc8af6297759833
iteration_978	52837	853b890458fa5e03ac381a315bfaa859650087ae2794488fbe742812ecc93359
iteration_979	52918	273410a0f6a7d150c42737b78e85228e0e966cec434c96c402dc902e5e91dbc1
iteration_980	52917	6f42e88452a0c0f3b2b7abc53068f4ee4b4cb6024be74c24cd4ccbde4f589c41
iteration_981	52986	e4209646d67544ddd79a8ff116b4d9052d0de2170877d1763f636664e1cdc830
iteration_982	53024	a6061b52640a8d3a374302fbfa4a6771da9f200abed1b9c85262ab0a9503a088
iteration_983	53060	4541bff5e87ca7071ba31bbc70b023c26a21f0d6d95c773b1f2c741b79f53857
iteration_984	53123	e10da9cf01f0c10250458bd538515235f3b78e1d7f89f110139b0e89ec51017c
iteration_985	53203	6e15df44412e4a0b41e20b29aecd79783484dd3a20555e459436da72089cb16e
iteration_986	53199	d51ec28afcd6890591f8738bbaa3c1bc86c66311627dbbe37794e3ba1f3453b0
iteration_987	53313	8641ac7d9a7f0f3f53adec0a4ab5512f4a32bf6ce8dff4667096dda57d1dccd5
iteration_988	53318	958f4272e8e94a227f2463ccfdc1eec2aa80a752390ee3a5b1f41c095b68bb55
iteration_989	53366	33418daf43dab36bc5dfaa8a838239bd87061a0be0efb7f3cda20dbaf5154651
iteration_990	53442	668ac5c87fe2aff41b68c418a353d86c68487874edaa5de9eee7cd2af30fc1af
iteration_991	53477	55762278ae46a94ec568d371ac522013cdd3c42bdf973306ad865ec0113d19a1
iteration_992	53566	d7cdc6e390eb3640a1e8f62e24eff17aaa1de2632130d31c9f7a7692baa9d912
iteration_993	53625	5adf125ed3479d253204dc1f176dc19b80b0061d4fdeabb68a0e52bbb802cdf1
iteration_994	53715	0cc0275cfdf76bb5570901e840c7126dd505dfec1ea59e2a6a096d0e55b27a1b
iteration_995	53775	8d2ae2ece0b0d8a58eab10cab76a542393526434870e43daa5ea13b56b3487dd
iteration_996	53822	0eb05577975db2d97066bfb53d16e88eac6f0e01c2b1fe7f58d3dbc675aac2ef
iteration_997	53891	aa27127d5bd15573c3b23d3cbbb766d993bac00dbdcc82184fd7516f6ffa1801
iteration_998	53970	872aab0a8883ae05bb4523daef6d7cde0cdbffdfab9d685d914cab247768ff18
iteration_999	54015	02587921227af0ed2518c35ee0c480864d0de5f8b3abca09653beb2904f41569
iteration_1000	54088	f25b92209fc503536d5d97f0c04465e2176894d29cc1087a0c67210e8ef29c35
iteration_1001	54118	ff269335a2ebb07ac16585928f5a9fa29c91f0911dd6ff3a5317beb2de8d4a03
iteration_1002	54198	15db1a6a917f16a6d261a857f873951c25e768a1631ef40cb370e55156b10859
iteration_1003	54267	b014229efa26f9b42c139cc47c4d1fdef21c4621e1d734d1f85d7a28d2e73883
iteration_1004	54353	959c81be9e49a8dfcf8e8926a170fdfe8613699f4731f2d6b7d988ae5709cf8b
iteration_1005	54406	f40ed5c20e0a7914db24db4a97925a5a981cb8c74a1ca3e9024e27c0eebd9306
iteration_1006	54466	2de409b4614bc7624e4cb7376cdde20bfb3ca66d5b5084c1e75928108270d0f1
iteration_1007	54564	2821922a871eb9adf7d01a510d77ea7aed786e9a5f75eb9d172669edecdff42b
iteration_1008	54602	fa05398734b18cb9b7a62498442e92be021aa978ee73cc1c60f2c4fa0c5e2473
iteration_1009	54687	c7bacf77465f002ace9e10159fed530ef77e73270ea45876faf175e1bc698fb1
iteration_1010	54697	078a3cc04360e6079ceaedde2bc1c146283a0ea1295cbb94ff89e141379a7713
iteration_1011	54801	436d57d0a314ec5335cd40cf3061ab7de4618b64c0c56d49d1c7fd5e254294cd
iteration_1012	54855	f1ee192ebea45a893f79df997f193ae82630af87acb51e26bb3c92fc179e14b7
iteration_1013	54925	a6f37168eba791a3fb7c2b5c5a355e1c4f9de70f2c4d4ad3ec0b0e51464f6ddd
iteration_1014	54996	68aa36b65a3b9f574b5c0bfecd2cdd3b6591c04e22bcc6362690706475e49c9c
iteration_1015	55017	161d70c434b422d7ced36aceda54b8a6522c674d09fad70dd6fde98bd7554d9f
iteration_1016	55121	59c1a6ab7b5087c3adb72b3f7f3826f18ec19672bbabf478c9a8019638f96f4a
iteration_1017	55152	bf586debf53e409cc147a05f0c9c3903554276d14526b52a64ceb74ac0c07d3f
iteration_1018	55235	937b4ac8e5d2477e7d64bd8b25730ffaa560e5070cefd937d0581dc00154c70c
iteration_1019	55317	6d255e91c3f536a0f71a3b5b2a91b4e6a414a1771be325e313e44564444935ff
iteration_1020	55308	c81049c80d417564af0ae62fc3847ea88bad5c6adb62b5947c5d1daf2eb76fb2
iteration_1021	55434	15f2c45a96021fd0e80c22bc1e0161a735136262e4f52e55b048454ddf1a0440
iteration_1022	55519	c9f051336f1da64acf96652ce3e54631b5cc4063bf1525e1fb27fda4e9f83222
iteration_1023	55577	9cb3884ada70611dee8b274f4d2faae8dc73656ec9918bd9685f92daf1bb657c
iteration_1024	55632	3838f3e478e6935ae942b6b4f6d97ab45f596962e6c5bc53f880de3d382d57ad
iteration_1025	55703	68b54187454201283b056aabc409c090026a9d4a427370cd716810ac3db8ccae
iteration_1026	55744	57045218cbc25bf77bcc38face34fd68cb73e14b73091ba82665f2ac1d73330d
iteration_1027	55818	f50955a3b92aa3f20e16337aa83d97117d4af60540f0e51ca7703dddc4807c82
iteration_1028	55874	80a1723552810cec31968dc83124b47a7095b616509ac0a04a3be1d17d7e59f1
iteration_1029	55926	38a6e967d5fbeb645fad1c8dd685863596b4597b4fc0220bd57c5e3e6f96c9e4
iteration_1030	55982	0e9258e97d3ceb8f5a69760e5663fbc5411e03c8475a9c695fb00a4d2b82b842
iteration_1031	56073	4aacf8b6a0c362eeb4eac4387cf0106ad682a2a0322e8efda70a5134a7abaf62
iteration_1032	56120	1f4ff3002266ae576ff6c3d227a42574b1fcb7912cf3298092abbc5a4628ce54
iteration_1033	56223	f8ef6f200137c3cc6385ac2049bba5701df70860eee04032727c87f12c199ca8
iteration_1034	56270	3e75a85f1b26fdb4889784babd487cdadd928e4885e2a5221d2f4c029f5a3b42
iteration_1035	56347	0cb04e3fadf7e62dad95b13864840657ebeea4900e8c3e6a6d308567bb3a9901
iteration_1036	56403	eae6cdb517780d5808970db4e723e0dfd8eb36b364f4d64a49dcf08eec881d35
iteration_1037	56450	425877a64c2bcd0daf4e8a34a75bb8c0044fe58d3ebb47765f449f26e1588e77
iteration_1038	56499	4802ef3423b427b3a796e7c257b5134f99c2a593f1d55f105e14f5423a5a4e7c
iteration_1039	56575	134a98e7001975e11d28c3c30cfc4b5dbe9c229a94f57a37e95640093e37f672
iteration_1040	56643	31c3b3d09bdc46f013a7aa50b7f82861e5758750ad2c021599b1e4b19bcdce21
iteration_1041	56698	c80f9152f4ec0be75b8837a4fc1895d73cba75824d7467fb5e70d487d8892926
iteration_1042	56824	b0775ce7909e0d7e68411e92bc00db821cfcbc6f1540d05dbcb483e38b70144d
iteration_1043	56831	49fc7890e4508d4fe0954ed87519d786cad2381b2b917f5e8fea6a1c78755b7a
iteration_1044	56897	944ee3e060195e3ab3ac6f5ccf47a1088c568814effe96424988bebfb194b5ec
iteration_1045	56943	f192a9b5d580e7313626f4a2e66550de118600d185031d187df3ba382278f431
iteration_1046	56999	a1fb56714e212fc329a3a8fcbd117aaff7f0dd6c809ca74feadef8c8bf275061
iteration_1047	57107	816884cd3c1572cdf66c77ba1a173ca07e3a81743152200c9cb969b62f902cac
iteration_1048	57169	1f23bb2713dd294d79033b1737dfac12a2b07409411ef2ded7c12e14284b34e5
iteration_1049	57229	4b98687f555ee286f09b22dde96189ca5d606e59448f7da59cc7c06306c1ef88
iteration_1050	57263	b13748adc31b9be571c7271161c52e1fb7d0895f8a0fd28edf167923b72b78ba
iteration_1051	57348	b0a5edcd16921b3ee810d52e204d72bed241aec78e4dcb72d29758ba6cc37de2
iteration_1052	57393	f61fbddd669a9b41d9a506d00065c9bd6b264fb5430b0480351710259c767863
iteration_1053	57489	ac609fd054549477ec9c4274ce904571235bf9b883dc1f6151b0182c1ca3d19d
iteration_1054	57552	71043a8aaa109a376a097797022ddcc06a152f32bdc8cc5f23a236309451c2a8
iteration_1055	57560	b8322f285149d12ed413396376cb42c53f3ee49c0c5fdeb8b255da17ca7ab961
iteration_1056	57648	a5c75232e5daf73d351cdf26e97f7e8fc44c03c74bff9680f30f69b6809d748a
iteration_1057	57677	7a4fa8958aab6642dfe8dd17ee675daae3857b39f8905373e2285e9c1ef46e52
iteration_1058	57808	168cff4e69ee56978ba6fc3aff98c3ce7fcb02da88196d957147277f06d15a4a
iteration_1059	57859	76c452257db30d1867438d5424d2a54223e96527e633f0ffb8ce83b631f215d4
iteration_1060	57898	b10b0c3f082a839f44528bb110ec0112691318fdbfd78afa81f7ddd235a30d4b
iteration_1061	57953	c457ee90968e37bb177cc0eeff6c29da1697a5a3bf0f35394ead3e0dcea071f8
iteration_1062	58007	8a09e8b3eef59e71c189b119c3618031bc236b38dfbbf8c9a9898e83b7b354f9
iteration_1063	58087	05cd3445c22fb57c415e5fa694d8b4bc29cce6d95871d77341b1e5d9726545d0
iteration_1064	58158	bbf7d265bb7028ea8b38858d09344f5aeeaa4541dd882e0f099a307cd61233c6
iteration_1065	58209	e6ee8534840b8b5a54de28f3e677049cc0df114e0d08dae6d2ce6de8301f2d75
iteration_1066	58282	7e4b1f341292daff44a1c6d7e54d16ec2fa552d9b4045bc8dd775c05e4b02618
iteration_1067	58324	ac0735676b507a120bd729cb8b700b1fa3af3e630dfffd07b486c9e57a983fe8
iteration_1068	58386	9dc4f82f4cbcb81231281ee2ae5316705d3947d7789b45cd5e7516220b6e7c27
iteration_1069	58470	2fea03ad1ad5f2269e89217ca738c369df624c21fc88773f4fedcb207ece464f
iteration_1070	58501	698749eb805ed8ba5e2ec06ef1fb0eb08ec69f0aa9785661d148bfc9bd3b843c
iteration_1071	58604	31aa2aa536aa3c213c6b3578134ffa01ba0cd718621aa382d0d7dd233e75e802
iteration_1072	58661	1ab2cb2aafb561fb8a03dfb2ce9322ba06ccf0671bd9b18f8ac1d3544d66edd5
iteration_1073	58715	d6d5d84b457af9b0f47dda0dfbae3cc081ce0e1e7be70bd51f7adb4c19d36247
iteration_1074	58755	795a9a4e3a122511736665d76dfac110b5003b980e4ba82bba78c135b881de7f
iteration_1075	58824	c233c6481a8af4ce724a4149ef33908f9aee639f9582a7b3e21ecdc976323b45
iteration_1076	58890	f38710f4ad74ded2dcf01706541d6b55e878bacb76a613ddd4a25a9995aa1387
iteration_1077	58969	1023d4dd57d2078f34581743d30699a9e97cde4923f461e4703aa0492bda9a0b
iteration_1078	59041	e9c9ffcf612c6ad0e82ee8e69adb4534bedfe41e1098410bdbd3d538a296bcbc
iteration_1079	59126	5901c53ccd7810ccf7b3f9238028a371da6480902aa2f44ff4b2bde3a17106e5
iteration_1080	59137	e293f6ef93b81f2036861dbfdca22e72ab2fe5c8765318481daf58b1d9a04523
iteration_1081	59174	c7b0cea2b30ee0505ae136b9736d2d63f6bffc3138f8b0f85905ef457ed694dc
iteration_1082	59229	665323d1408b67d65b4d29a29b88e0e4901875e259b6d0c293506a3f1f2f4852
iteration_1083	59305	7739a2da34d788bbe355faff77083b807f0702ad673b421b92207287770d2fb7
iteration_1084	59382	eed0657a692ff36dcf426e761c2a3f56ff1aab6e872c055ebb54dc22c2478e9b
iteration_1085	59454	75305aac4b20708655cf49210e0bf3b84dfd047ea6ca474eb653e248d77c555b
iteration_1086	59484	f36e1ec8576dd42bbb139a721ee178cc20845bf6e272a9f7df269d4c2b5c502d
iteration_1087	59540	0d286f36cb826e1df1f37abc50bd6f61e5e6943d5e6ea7e22b7b61c812f04823
iteration_1088	59636	f4e8a087573462c05d3272584745ce401f3b6d0b715cc1301ac561817a53abc6
iteration_1089	59695	5b585ef9189c682091175cb02b76b701620662181144f70617fad11bde581719
iteration_1090	59719	d6e4f60c8401c713f298ce4dd112515a22eb8bfbffa8946f6530959aaf44fa1a
iteration_1091	59837	0a8e17f44e3e5572ce068fe9ffa743efe673367ca1a5df38c75f22c0655a86c6
iteration_1092	59894	6903f7c2cd50023789f1b16883320ab8408b8b80872a8478f9879f823fb8a889
iteration_1093	59987	3432329d6ce12a065d71a852b157e054f1712bc5a102df84e571f2ab8c981f49
iteration_1094	60042	ef5a1daced897f3adf64c2cad9a9c5d34f4536626e4b8e80d4a04cd11a0a2cad
iteration_1095	60073	0bdbcbe8f26884b255a36a98ff28bcea8e7c0b0868dfaf77653bbd01a10ed6b9
iteration_1096	60140	d35cefd6b9a1aea12ea218aecca50b258b9bfa9f21f154bce3e92c42b1fe33b3
iteration_1097	60166	e861fa79351ad662f41671ded27beeaffcc44e4f0685eacbc5b82c38142fa19a
iteration_1098	60256	be35d22e0ab97cd89a4061e6e2842f4bfd28fbf4bff5ab1d98d676b6e99b8a92
iteration_1099	60336	931042561dd2e6f1cc723fc172a882bb3f78c8723fd99ebd319345ce621a5af6
iteration_1100	60367	c40b8eae2e5b94b64540853d16a826bca56429eedac541d4dbb2320a0c942b2d
iteration_1101	60454	c764d11b9c6c642622d3ade9f68aa6974077d0f99caaf6990200cc509f622c87
iteration_1102	60477	e681649017afe1a03b46881b6cf3760dc653c8df8880254aaa84d06244083412
iteration_1103	60570	9d3fe3b5aa44f4edf7f7f99d58d93e0951c451f1fae1f1fd7749d1a9f23674b1
iteration_1104	60624	b167b3430534f9de5180ab5085cd8e8d9861baa25c855147c1b05cdec27774c0
iteration_1105	60726	8930833c781886b189ca91db8fe9a4f6b5f0211609897b63029923b114d60e5a
iteration_1106	60771	271e91f8587b2419db2877ff753e557fd1427a50d14bcb7f9d9f2bab8d03ff1f
iteration_1107	60825	3ddad2060ee3b54096025beda4b4e705950da2a332b0a124f0fad7b6d42fba00
iteration_1108	60906	26923533641635dfc0739fcd5d11d3c9f58bb39996850249a7bce497a9054232
iteration_1109	60952	bf1f071bf2b2e30d38fc1440349bbb0bfed4490c5ae946eb04b84d0a589bc6ac
iteration_1110	60994	bbe2e3e855eb433b5cc308e878d91c1fc2c85f4c43911bce21f74fde3368abcf
iteration_1111	61070	64d15e9103ffc41258b24d9201d9d26150405054ac2bbf8951e27e6dfa3abab8
iteration_1112	61133	1d26c18aec41a1d0dffe37ffe451cf46d0b975d4355dcc06f4eecaf5c39b9569
iteration_1113	61226	b8e433244384a772b4b888a9c1661e8f4ee53a17ba0eb0139515cbe704364067
iteration_1114	61247	39f7c9eb73691d338cb08fe71fc6f1b9c260b408a79c5e09e712efef777cf843
iteration_1115	61326	70d5ed57a7fedda4d81d70cb60bed8bd3ec48f604ca1726bc875b73622adb993
iteration_1116	61399	617f47d99aaac8b749d97ef682ab62ffdc5af5ba8b31248135047b5b2e8f11b4
iteration_1117	61428	f295d9cc9c0e001c0f9c442a725ccd2c926f861e0889b237b05d8da8d6624678
iteration_1118	61470	513e9e9ba88a2cc2a90379bd8bb897682da4595e822402392c7a42692a75c8b4
iteration_1119	61533	6682430a1cf673dfb23a2635d21aef9abf6257b3f6fbc316c2ca22d70dd24fa3
iteration_1120	61621	9d45732be7bde73c44c71841963728b854ac4e9a9272a17e43125a9c3ee8ca4f
iteration_1121	61678	652fe2b8a5d5af366adc2cfa2bdbbee176e926930dbb03163595699c6865168b
iteration_1122	61739	1f6d049d64a0595e508d75871a7ebf93e6b95830ec7843c146805660160ef88e
iteration_1123	61823	cc5e0a2c23b40a4fe4fcdd8b3be5112f49704f0a31318fb184e1ad1d3743b1c2
iteration_1124	61901	94c02d95490aedf2f2ff2b3a5ddf9ddbb1c2057db5e399593365d7e92dbaf26a
iteration_1125	61918	44b475756243fa740eeb63923e371744ada3a8fb7c0d1add008c7b81f0e10332
iteration_1126	62012	43d32576c3bd88d4aea90b6f758e2f288a1105357c2aea01dfd5ba30530c9313
iteration_1127	62048	05e36f876d9e85d2a29dd47dc6e6bdfdcfc2c90550bb318356af6db8c4e6bdd9
iteration_1128	62141	a4bd4291657fa06d36c7154c83ce0bd6ac20c341a0ff13851371b25b41d79234
iteration_1129	62187	1f6b52d62e1b63504891f9660232638f0892abce23f2aa1e2b2d58edc6c259d5
iteration_1130	62221	805113f3b5a573d2e04539fbfd9164fe88dcc4d652d1736dd79863c0b0bd9d27
iteration_1131	62356	997d0c729041a2993d24a68c4cc44ca693f5b31d3696661f3e2c96f40e0ddc81
iteration_1132	62357	9abe6b12792f57a4073b1769a790636e0cd7bbf5711a886d8c566c8a836b1b53
iteration_1133	62447	d1fbd5cb8988fb2512351d3c444489e594f11b36259aa2640b9462e8b6c7a24f
iteration_1134	62473	bd861e2879f4116d2798b223e9292eed052482480696ce7d16ed887b345795aa
iteration_1135	62569	b4d80a6e6056a99f13b8fea8b48ff39abacd65e0660d1a50cc9f8b934a386c30
iteration_1136	62646	d93c7a0a0695c1d8477406fc78b3d927af8ad1897216d785b6611a9f971bd89a
iteration_1137	62647	ac08abfa1314701dcd4b51775536141c7aed7c2c91eef563771bda2d33974cde
iteration_1138	62719	f8b783874948fd97876f0e2ecb0b6b749134e07d75ee6e7b415066bd6e563eaa
iteration_1139	62809	092ead0bf71c49a9687e03c06f307f16ed8ab782674bc73dcd0c536a3486590d
iteration_1140	62821	ac7f00f8734ee6894b6797b713986ec4e11b6f2db960563a7d9996a575c8f33b
iteration_1141	62921	57b27b502c3057be7a7cc6f30c5da59357de84e6de81296eba86be7b031eb36e
iteration_1142	62964	4d6ba3afb5ebb4de6eced7d552f0c0777c85b088b92b18e6494079effedca2f4
iteration_1143	63025	a38ba42e3732c0f1a37aaf2cebf91a6c350869a760f6a84ce65dac3a0e9a3312
iteration_1144	63086	537d4cae0416ebfd5a8d7f08a66878df62f5b2d81d5dc6a94f2f561e7f278477
iteration_1145	63152	ea4c05bf6423e108150f31530a3fd8ec14797a2fbcf3ee96c7884cc870bb2f93
iteration_1146	63244	335c25a8b54bba80003255c14544618d91a2b2bb3ceb8b2e19cd13327cd30548
iteration_1147	63291	f18f77cd04308149fe6702b78536da8db99cf8905ecb8c0d08501786716001e2
iteration_1148	63377	e81c512d7c45c197040dacd96df227602329c7f3165d46f4e66071a7c77955e5
iteration_1149	63434	df493cf3d1437fbc11315d7570cee9661f8adb7c134caba6dc6659dc5ad51252
iteration_1150	63523	39cdb7871a87226c175ebc77fff6de04146658b36f5adc2d60e31a8b471af179
iteration_1151	63600	f93b6b69c790aed82d1a800dbfb2073c53b92032d49135d8d451bdbb8434dce5
iteration_1152	63625	d3c4e50403d2102e9b2f6d9556243858b6e956c8eb24952b10801f33b05444a1
iteration_1153	63683	4ff8b0603d6902e96d9f4e22ddc9c0a4e46aa2951a1ad2d5abf11b3ec7c37f97
iteration_1154	63777	0d08ebad3d324c5e5f8e7b0fb063fba90141098ea9924d5f5de33093328699ca
iteration_1155	63821	273997ff0ae9d59f1cc199a7168fd9238ec540020e6690732d42331d041b8f91
iteration_1156	63868	2c7e13b6e41159f63435fa7f17c3532f012beac4755b31e1659b1764da28ad4b
iteration_1157	63958	3fb9a6573c2af8cc5939047a3afb1f9001c79165c8c242abd65e663d0421884c
iteration_1158	63975	90ee6fb305c880261c940ac43870aa8e359ea82c84629a1e6ce641cf031b7678
iteration_1159	64037	20eb3b3bd922da4e6d90ef31c7ad33b9106f0c7f27eba4c3a5ef422c5cbdbf5b
iteration_1160	64083	da9a4c4f7853421c5ada7f6741915b052a24b7dea7838d950075591e6e5c696f
iteration_1161	64151	e73a0a0e090088b231f63019c03e56fa768e3ddf39824eab1bc2b2472f04458f
iteration_1162	64246	db5bf00e6dd88a7a1dad105d817ad13a5f156487a4766c85646a39e4fb4e66be
iteration_1163	64291	597fe2d26eb4250f9de4ee640978039a6222e0d8c072d7fee8795f0c96abc5a8
iteration_1164	64368	3592a602f651a0e33994aee7f07dd726e2222f4c78998302c46d7cbebfdeeb4d
iteration_1165	64422	6f632a307c84a43e034ad26b4b7ff1533480b8500d48de70e03ab4a36db6c4fa
iteration_1166	64486	08950b6268dd6136d0ddfd58691a441ed81b2c975db817535024ea2150f7deb7
iteration_1167	64558	71e2c26f1b0a409f7279652aed7acaf2180bd2f6efc6794c4646dc546fca8ab9
iteration_1168	64608	23cfc6f009185483dfda8a2fb7a355613e3c775d10f5bb7c078defb244515c35
iteration_1169	64713	16085624c9a3c8b92bfc4e9c6ec004906269af3e8b13aacfe53edd186e3c8915
iteration_1170	64724	f2fc25860c8dc0a5b9fa46d41425e2cd969d7dcc5c43a530bf4852b1c927f7df
iteration_1171	64800	c424556e7a2dd596f4e1cfead3d0e570c5e8a5e73a2c25852fcb9675b71effed
iteration_1172	64857	e8f1bf01d167bdbe54c35e7041189996b2a522e37ed75ded8739423bb935e612
iteration_1173	64882	9dadaa93daefe59b27944641b4c98f0df40785e40393357f5911ef82dd2ae66b
iteration_1174	64980	e44f0b84feed7539cd9fdba50317da170ba089a47aacab86a87eaa3976ecc2a9
iteration_1175	65006	f97c4bcbd101ad31a496a15a2b4574c365fcac1033da526a8433ec95441e4df1
iteration_1176	65022	556e35bb508609e2cdd260b2ca785971daa9259da1154236b92db01037a9c461
iteration_1177	65146	7adc443d42273f0a82e115d3c6bfe46b9e60d054847872de262a1a356eebf1f3
iteration_1178	65211	db1dccbb9cdc149e9c9453f6156866563ac5019a73275838b104643ea1b32488
iteration_1179	65256	9afc6411fbc81a460359164f07d19c9e5a4c32cf3b0520c80b1bd9fe2afa5f8c
iteration_1180	65330	14069b18fe087d5ee4aa1aae1b32069e0b8dc083229e7fc0115988dd781357f0
iteration_1181	65381	f9dad260db87c438a6c2a786e1aefb24c80f61dc49e9d8a59c9071fdd92ee957
iteration_1182	65430	39a1e5ec65dd3eb2a41c8db501b39e0770fdc24c89165274fe481d5aa1256662
iteration_1183	65497	342b68b6fe7921ca2adb314040df0eb015a5769c2eb5aada8414e24d949ca29a
iteration_1184	65563	f6aeb7e0a3eb26cee29baecd91e23659aebfdd1721f2e1a692e41e31bc3d7528
iteration_1185	65623	73d41b25f38c7bafe51fcb47f4b0223f4bd64e6fbff7e690b230cff8b225dc85
iteration_1186	65718	ad4fcde9d4151a20e796e9708ba026ffb3b0a59a1666bfbd165088f4770a2f4a
iteration_1187	65728	a31f202cfb53b2b81556a4913b1ed5b945ecec1031490b360bea0a3e74cae196
iteration_1188	65805	56e37c7063f199e0bbb32fee687fbcab72809a0670767a648b4ff82a14a8c35d
iteration_1189	65842	f77057307f60e2cef833acd076a30bd9691aa6ea9feeac5062c4682c30fc984d
iteration_1190	65940	3535b46ca6938b753b96182d1f01b9fefa8c5c4c814286f04ffc28f75ebe66ad
iteration_1191	65959	602417fe7087b189c9d4c52bcbc1f74beace4afeb65c1050c7276facc7158fab
iteration_1192	66017	134e38053d2a673cb0bf6e839462187b68403a424611fbda0729ceee9f6b0d03
iteration_1193	66165	5d1a0a6b1f73695cd701625d31130b722d01d864d1a2c1acd992330588668771
iteration_1194	66141	04776184b71b894d2ba24bcfc3a50906dbfa78323c3b293a0ec39e479d6dd3dc
iteration_1195	66185	393f8301313bd4d328f5a9f4ff8524fd95db3c0f6f3d5d5808cdde1915cff360
iteration_1196	66262	e736f732def7cce7c2dae55570272931989caa3d36e0996df0c9f0c346c9f212
iteration_1197	66314	e96afe5889c31ec932beaab7b09dc84d3f996aa5f64f1b6d650f76e20af27b25
iteration_1198	66420	033234a30d2bb2c56322951878756915c537bacda0f94731824355a02708e0c6
iteration_1199	66469	bd6aabef6465844d01b35e3faf96634a0b2e3dde534bded739383318ba0b5807
iteration_1200	66508	108bec1dbfcd6c8c48be62f744c719af634c8d3ee7f97ed73b67b216772507d9
iteration_1201	66561	642d31cc041192b75ac4154a5221668185f46ae64af50d7de98e3fd38a922f43
iteration_1202	66627	0a5662aee556b5ac6b3af51af6d7b7eb7108b77412cb60574458eff568fb5f65
iteration_1203	66702	ed3b214037745afd644a35b8e14be64ea347e35b0c87b3e46d148b4ae3e98b0e
iteration_1204	66754	036f75829d462d2d1896d3996752199a1ce8afc7f1d3e9de4e5a0418601dea21
iteration_1205	66791	37050b6545e29642a32fff4f19dc63b654d928e3bdaebd7541c9afd3ddff79f4
iteration_1206	66845	9b5eaf52e5765fbdeb78a2e8f3af7626fc2737ee141eca694111128ebc7135f1
iteration_1207	66942	4bcbe6540ce964b3ee21a79b5c42c7211c942a09eb04017f2de9aa2e974387e9
iteration_1208	67001	920a0d7cc73d252a4499dc2dc94b88bd48359cd7bd1701217b14ada902075cea
iteration_1209	67073	a1fa9943f2cce9a7362c9004d93c9bf4b404aa5274b0c8167fc62252c23c5dee
iteration_1210	67137	58d149d499a1b0f9184419aa4e85f2c147ee3fc46b3f17b57430968211a5afaa
iteration_1211	67176	9b45c21c6e3e6a225244fabd123ab46f4c0de9a5ea48cfc177a00982f7f79ed2
iteration_1212	67219	156232af6b321dabf16b1a122e18483b01b4086d15377e8dbc44b016b2902855
iteration_1213	67303	a279375fec29aa734154469e7f48ebf52e34199d27d7f17e934d5b2ee4d76c38
iteration_1214	67339	a7e57d8f7fa4400ad0657ae116f1d76a19d6e53ae32a2211f5de01eb4f11f1d2
iteration_1215	67418	13ba5a9f6f0a8266f4cc67f7c77cfc998f34aa377c0487ff22dea846edaeb2b6
iteration_1216	67482	fbe4796e7e4d6966601ebc4c51facf28e6f9821c56b35bb803f994529a0e5062
iteration_1217	67533	0b21a2f4c4a4f59b36edef9c1dcadb301265d869f93e79e5b9e4a74ee2464069
iteration_1218	67575	ae479b930600ff83326c4f7b737a9f8d73151e9eba346af1ee38005e119f4e30
iteration_1219	67670	7f9fa889d9f715106776fff596f7d55f11cc5f4a22fed2baf9eb1ae4f18a80e5
iteration_1220	67733	8c5f00446685a47ec30c80e917507859d8d5872158c1d02cb446e8341ec2338a
iteration_1221	67785	470ffb0bda24b2ee7f75540e0ecf1cb16c6fac991af28ceb39b4849ffde44820
iteration_1222	67852	1e089f56bdc8fb5929b4b65e0c3493e99794d5561526477eacf82cefc5e2c00f
iteration_1223	67917	1b06089d8a9dabe2729eb1d3f2ac4f7c4de43554e8e2be83040acd122a488532
iteration_1224	67998	9c7dfe0d7a8447c2f15d33cef3eaff76f72dd86024af163aea629c9475e9d2e1
iteration_1225	68013	c54007ba073d23443a3fd9f64197600daf6b49b62ca7bad7499abf44478ee100
iteration_1226	68080	96e47cf8aeb9ceafbac58cb63fbe13fc59a66ed209d71d81a628927867264ff1
iteration_1227	68119	49ec15d192f3ea7129236826a7e2006ae29e3eb296bb8e72070c817a625a9a9f
iteration_1228	68214	59b39d1beebeaa10ab12987f4af79dea0e6c0fac941c70a958ebc9f58c863ee5
iteration_1229	68297	cf085ed5464e097e89681f5942e103f61842fb413b963ed2dccdf004abeccc35
iteration_1230	68326	d3e84d3f36883a9cca086fd8088fd07a50cfca09c473ee386060bbc247fd13da
iteration_1231	68376	4edea6c929710d936789913c010454e9798dff46b5b8b5f8c98f98fbd58bdb1d
iteration_1232	68415	7a5fcd62d1f02021f801cebf59a3ef1a114976c46d03751d90093b248ecd1fd0
iteration_1233	68501	7cbf98d37b9fbebcc55e0df0bff30dd9f4cb5046d495c483b996826fb90249cf
iteration_1234	68554	d89f450ab92ee82ea2a6bbfa6a84753231baec7e4a38da8616837c3dd1cfb681
iteration_1235	68624	baa4f89df0a210413e2091d241219851bfe3e1b86965b444f63324920560826f
iteration_1236	68682	077bc10891a136cb2d87078dfaabe758da482a76353c95bbec42b77726727ad6
iteration_1237	68772	747ec0628ca755fdae2ba32ad9f59ec9e911f28b5eef98348b86f41067b6ee6c
iteration_1238	68818	64a32bf4ab0e9e52c6509f9b3c6d980d68799f2a0cc33db88e2a783676447c0e
iteration_1239	68901	1404f7ebf1a425f6c5b5e52e8935089d357dd9f9da3e7d730c82f4077a96ac1c
iteration_1240	68940	9da9da75448419fbcd825a527628d98545e05b8e0606b56df9861579d7d49030
iteration_1241	68958	ed53b97afcae3e98e8a14ce2d1e3d4436d2acd5e03f4694fbfeb2cc1d5e2cef3
iteration_1242	69046	004579ec00d6aeba8374555953fdd597063d0e43e70dd91c1800fe2bcc241fc8
iteration_1243	69139	b2071fa8ad3a3b2623a330b5a3d561bf927c755629976914cfab96bd848e86e3
iteration_1244	69186	9c12e5d5bcec08f739c913be58aeb28e936edae31e0cfbac319d0bb368dad554
iteration_1245	69217	26f3e7b4bab5730c543611040fb17087ad149edb924af1f507e3e54bb9fa1a26
iteration_1246	69267	84b37089c8378d1a787057bfaab7dfe908012b47aedf8b32bb85172f12bb1440
iteration_1247	69329	a2a674573f3337a812138fd227224f7049c0ada02ab6cecfaa959a68127476ce
iteration_1248	69423	1c35ed50792206e6740b97125d675b7a0bbfb4c8a48c7e4adefc468939f7fe97
iteration_1249	69501	cab3e4757a48b1cf3a71207e9bb7dc170f3a8b1e37b935deb11615f46b2a14f6
iteration_1250	69535	7d3421de5bff8b4386d91c5f8dfcbf16fdee801d195053d1771bf0290e87e856
iteration_1251	69623	da8fbe811b97efccae90cd80c3a6b69fbe74070c9e5ebd25b58e5eb11dc1c1e7
iteration_1252	69681	09d2b8e2293e31f5baf11360998cc351474021153ab84314aa7a9426d12f586c
iteration_1253	69744	d80e7b40742c09a3df241d3bc951f719292b66096ad3ce15d30bb643f161fb12
iteration_1254	69842	5ae9e2e6a62080ad9f1216ff407c77ea7c435c0eb4f8097b2cdb5e343a11c284
iteration_1255	69909	2ccb56c525af7c07875bbd028eb6f53db5398f702b5208e0711ad975a7a2ee61
iteration_1256	69964	9862ce70b5b1667148e1eba0d4dab8ab65a6399c9f2c0068e71dbdeaaef94d45
iteration_1257	69985	5d2bb609b0e8f3c6fb9e4886d3726998d9b46af3a117f69d1a00f9584adea40d
iteration_1258	70036	20a86f1721d6a199ee869c98e6aedadd8a2cf2b6fea1edda3ba7f6e2cbb8af3f
iteration_1259	70119	dbb70938f8150cf41ddfa181903820786ee513e4d9d8d9b1d35715827ffdb1a7
iteration_1260	70175	21d52863b7b468995b12f1a2eb3081e6c95293518a55052484acb1fe505aaca0
iteration_1261	70229	bd6dfb73f0ce9acaaa8b7382ece3fd3b28700037c8313164637c35174b57af52
iteration_1262	70279	a51d6c976bd8f53bdd1cb069dbcf0f58f899f16a355abb38aa4e20a0281f167c
iteration_1263	70398	b473afb775ebb3952314dd625b23bade011e96e417348c8c6132cbacd828a0bb
iteration_1264	70431	21288a3155387ad0d01077e389f9c5c92e001b1cada351a31873aa41ea892433
iteration_1265	70502	5d83080cc373695b25e07babc05dd161f37d64d01adcdf9dc6fd040c23d81f56
iteration_1266	70585	5fb1e4d94db6e85eddc94d8a78fae54df859e829dfe1f27892600f19398f9d09
iteration_1267	70639	509aee827d36df35750a3e050442b6a9d45c9c591a08dfbe69f5a08adc0f05da
iteration_1268	70685	91f31a86df9efdf5c71249b1265d219c65d989439c436cc79929b2ce3bf8b849
iteration_1269	70717	2745b724402c83c2fffd56b0b664140ff4e4bdbf5f020a9f956a233f22f03bff
iteration_1270	70792	94dfa62db9f021f9e256fb4f2d31f1b4e417c9486f2b5d498bf3c9f8b747e694
iteration_1271	70895	1a04583b3aafe78a657381c823b6dc70871fcb9a4607074e00c7f402304662de
iteration_1272	70924	fab8d06acf66a5479f1a7ed4c0d70cf1d9c084951539af60a1db1d08d2ef9b4e
iteration_1273	71025	857c97f86ff3cfe497675f54e921d38d43bc412b2f41cfd3a0636a726224a6dd
iteration_1274	71082	ad323ba1672392015f033dd425d3d1548ccd059df137b1f4a27696e5f84efab0
iteration_1275	71131	d074ce2a9f7ded89f787e717ebdfa7fbe64b2b10cc1fb7871a0b2258618e8580
iteration_1276	71205	4ec62b6b2b67acdc7cbbf306ca007de845a08a112877936efbb6cf43b67fcda2
iteration_1277	71235	dc09061e5f6e9eb909a4b6f821d4e22a70cc83aaac69b4416eba179ce636b75a
iteration_1278	71309	ad174657c46fb0922286732974c0177423768b90a8905ed0adf05c28eb22ec0b
iteration_1279	71401	d678e6417387529dfea35451a4415c57bfdee6b703bc8224b66bcc85b33d7f0e
iteration_1280	71487	d641dfc269770809538355e61a4f7d03b6189f3f76a1bd115c2bede7237806fe
iteration_1281	71507	af1c100bc4c6048835d65189ccfe1d270260922fd4a9b4e06c646bb3608a5dbe
iteration_1282	71574	64757f63963a21bb0579a3c24011aba84094cf0d724893d3cd9c7796a81afa04
iteration_1283	71669	c9145f4a7857eaa465cdcf09a27af2acd60132142de5ba0e853aa46d686abfba
iteration_1284	71676	b07b341dbe47ec01e65e8c6ae79a34d324917ac4e468096b088bf158ca3fd89c
iteration_1285	71788	fa1fc7ad64f8c74fa8051980f87afd970e7d082c8b5af32aa11f72c8b3c945df
iteration_1286	71814	f5f55ab612ced05e667dfebd71be21c4553a65be487a042fb31c6323ab312793
iteration_1287	71910	97efce632823a2d14b66c1d485dd3f3acc145b25d3619ed07106cbdef21632c1
iteration_1288	71954	ed89704f556664dc586b37720122724b5bc00d7f33ff178eeee894641ea2a146
iteration_1289	72008	81c3e1bb76298f194622d9fc5daa6858e55257bfe208605346e9f5cb933d9fe6
iteration_1290	72106	06346ed322f85704f6523f4cdcbb31c1b037cd9449f5eb1206dcc702e952a519
iteration_1291	72145	4f21113720c5f3471bf9aa40fd7a7bd5ebfdd0f2aabbb9c39760e973561c13db
iteration_1292	72170	71008f1bee0600946eed9d412080c07c5a7a70783fc7254b8acb673f15e15a95
iteration_1293	72268	ceba4810b53a171dc3237594bd578c8a618a3ccbd925d9df0e4a923d0e878c3c
iteration_1294	72371	20851fd07b42bb7c278d4242e1f7e227fddaacaa7e5c5c43df15afae36bafb3f
iteration_1295	72400	aefdcd62782da1f16c5e498bf804238bc5a20c5b6f1fbe8c81c73c7b9f69df2d
iteration_1296	72456	1ca8a193ce23e20701770054f18e9cd1edff2ab385e9c2954bf68c2764a8c568
iteration_1297	72535	443c7dd2711c4051cec43dd066a344419a5fa43ac7d2f779a13b455b5088512f
iteration_1298	72579	0b34940f602addde8bb80d2439d4d55994192d432be3fc9516a1f86c44a723b9
iteration_1299	72695	b8423ef4fdee2b316e3cc56af100eb91deb14656b09e460fe6c61496f4331a61
iteration_1300	72730	76a9fadf33001e91b1b07ca6cc2c5827f1ab2eb95f0301f7bdbfe4dc7a5d4edf
iteration_1301	72815	3e3cbc8af18bbc9d1c2b7eebc53143031b9962f6664074789067a0ba6b9c2011
iteration_1302	72807	9dea0aa18b7a6b3d23c340a4a235df813bd04634717feff5f63544c53850cb0c
iteration_1303	72901	08fe28597e193fceee54e2ef0534c4a5294dcfe538fdcdb79088a22cd713c3d5
iteration_1304	72933	d9f252cdc0a19f6847eac6d7090899fea7a0f7e6c518db019661ae1c73269c18
iteration_1305	73020	22a72c573be852d38c1d53641e44adc495ef0b9d9c9162cf7c4be05ead67e186
iteration_1306	73070	4aab69e26339a8559d6db342349acc3340c2ba858230fe2e840af9469177a162
iteration_1307	73135	297ce9ec066149f1bd191b80f9fa74b44cd6e9653f7463669e123b886ee3b986
iteration_1308	73201	20420b821af699799f6b13472defd9027a8011dff524bf664d732882b2aa9af2
iteration_1309	73300	0dcd9d61b24f39356587c71849618681f5324e0e4e234570bdcbd2091e2c9382
iteration_1310	73337	128ef3065c53f4854f5b63eb7c7a0cd46e1f544b15fa34d082c8ace554e360c4
iteration_1311	73399	d25e0b9f0bc41773fe6a27800f434f5f79f2e784fafe2a569cd63eea1b861c5b
iteration_1312	73437	5894ec097c3ba9c5846ba49f239812d94949738c7a93df2b826e424552164689
iteration_1313	73532	dbb3b808333075f2bec5cdeb10fa80c49392836cf434aafa4252f88b80f6f92e
iteration_1314	73614	747d3a20f9bab1224f573a37d262a779710065adf19fab826e4a01bc7d2d6d69
iteration_1315	73652	c422fedb5d2a7c7d58558bede44efe062e59c3566b047b1be199d4ca2272b855
iteration_1316	73718	4af0eee62b25b2dc04cc790c2b54a9a8407cf5f93fc774f32881435f4ebd67c3
iteration_1317	73746	1513270af127b70513d6581e820bb0ac012c673f7d2450a0b7e38088395fb0f1
iteration_1318	73809	cab6d2aa37243d25c86424047a79fd9f5ab8025c04ebeaa2fdc96374fb080729
iteration_1319	73884	d6c180db8fbb209669c78f0507426b134bb8e876ca42870cc025edd9a2d784cc
iteration_1320	73954	84fec7268221602f291385b09ba39b661e396ba4c33a2537fec0c69d83b15b64
iteration_1321	74039	744207d69e0964daca1bb71ffd1397245082922fb91f9bbf5d99bd076e4b05cb
iteration_1322	74091	6e3e7f019e56aacd115d57ec76ea67ebb5049db1adf852146d8327c18bd00705
iteration_1323	74160	33b772ce0777e4bf69bba13db9bba5e6b01d7e0679ab6d389737b897e7977277
iteration_1324	74244	4e807cbb8e354cb1de7982162714579fbde7c20c671ca32156d050cc50e5f015
iteration_1325	74296	b8edc5d9b7a8c868d022dfe7da2f4ebc79400b087246771f70fa94e1f6f20ee8
iteration_1326	74355	fba5c9500c256d0d21e700a2a0e9f6329905ee9f120d6e0167b09f859cef36d2
iteration_1327	74414	abd7b8f20405d22fd9330b536e823cce9b5d1c5cc1f577af90e7e295bc57e2d9
iteration_1328	74468	ed34bcfe58150ce218619b602977d04933706a31c05d9a8720787d1d173b831c
iteration_1329	74547	b3eb1d744f2662e8d907ceeb8d43a2d612aa990b3ff2531a9b351fced0c89b91
iteration_1330	74549	956e022533f3a82c8f44160caf6b5ba3f26371aacdce6a348c78637a6b9f816d
iteration_1331	74641	e95e79f9665675ec7a0ba985d6470fc62b910096d587e55a5743d18db4cc5761
iteration_1332	74671	11ac09b3e05cb0aaa586cd55bb902d5ba59ec06effa420c9f4f18fba46d3c654
iteration_1333	74779	279fb65fefd82131336dec675c4036b676208fae10e444eaefff9ba976390422
iteration_1334	74808	3811d5b0a5c6e180d2881122a5087179f243e256b0a874fe1832f03792922133
iteration_1335	74847	fe05442e685f4b20566061f19ae4567236025687f01a00101ed2c9aaeddc7f8a
iteration_1336	74977	2c97c548acfef86535682a15c636ff92a83a7b6d23ed5efca054e6a41d6b4d3b
iteration_1337	75004	7559b2448084804b745e043122ec589f850e320ee70b67856b118f444e91bcc6
iteration_1338	75067	3ef10635b87324d4db6d39f9166238a456a2519178f3e862ebbf83caa6cbfee6
iteration_1339	75147	43c6f05b2c7c3faad0b5f63cffe1610979323578f7eb96cb9082bf9e0db12795
iteration_1340	75199	2b4caec3bbaad4ce6f8ec97549b64fdda9040e6d3225c0a964c0d88a6b1377ab
iteration_1341	75249	6ff7748bf0a637be194f568cfd338f5061efdc1bbe4c3191f28dda99e5b24314
iteration_1342	75301	ca79525bb7a0a9082b90283586e72408cab63a8ff00b68eca93e340f4a958edd
iteration_1343	75396	9d2eb6d0f386b5c0dc7ef90a5f51e9c06e7d64b7f385c1e925e85606502f7826
iteration_1344	75428	e277ccd9168342266fb66ccb479b909c96020103091d7a7148bd83de3eb61a0a
iteration_1345	75520	70a01d224f757fd2ba31d5afb56e0c8d456d99837965b3e0f6e982d201902c26
iteration_1346	75563	c3e12ceb4488d62256f9542ff2659d62cce3568985bb842652db97e3748b78be
iteration_1347	75644	3ecfb24028a04b86467044c8116cc535adc922b81b918bb5463d1ee39a88896e
iteration_1348	75693	c1221a5b00852cbe3b773e1b9a254a54e583b93098e5e6c67c6b53876983b1c6
iteration_1349	75755	84a55ff30c1ef68943e6f4ba886d15406a7c4df4a26e9fb6476a2e426b11ead9
iteration_1350	75807	8c3f30c6b59d3a13881bfff699806abb080895c338a798a26c440de6c838155b
iteration_1351	75889	2eb55a3d4137b0615ed434ac9ce536cdb3f0d4fc4474c12d7c01d223f5e51502
iteration_1352	75957	8970a9a2aa54336b00a1bee546dc1c3594045d3665ee7be7209d8bf41c4623f6
iteration_1353	75992	4a1650c07da3260f65f7f237aa1ad83fb58c345563c1a9eb12645c86191dd252
iteration_1354	76072	90772745a1731df5b27583b98222edc5806bccd0ec16410582b004dfddc57ef3
iteration_1355	76163	a02dd59c75ea9602c553fcf381d427acbe1f1093112f11a23204cadb6925a345
iteration_1356	76195	3f568b1c297665eabda2457742e199f6cac48c5d9fb8104dd2275d14228ebfc2
iteration_1357	76279	6f9deba5c6fb72defe562ec816497d31e2db37b279743156076f27ac039522ec
iteration_1358	76336	0b65ee5050bb460f4dd8470446e8b3d6411ab2f6dae263f6b676f3eb142645c6
iteration_1359	76352	7080201dc363d792be964d488c89a9d91f5cb9305f933f3ba73bd3f99ff035ca
iteration_1360	76464	c046500db3252c6324420a7ff9c20e387acd21a1d15f7212c33db1d5cb8c6172
iteration_1361	76495	f8c615f634ea47a41273314e8d5ceb66280a0565d182b71f385e2e6fe549a813
iteration_1362	76551	13e478f0087ceebf5b33308996dd2793a5cbdab03f11cda469ce8f65204e837c
iteration_1363	76632	ae830375fd494f08f2b1118058a6d42956c925b643ae3ed13a824140125cf52c
iteration_1364	76666	b2bae55af31196f071768c18ad0bdb1c9a4f1281684f32e8d375d22578e5ffaf
iteration_1365	76747	f4a4953643027c053443b1c3fd8cc83cf483d91c91c04459b23ccf015b5a119c
iteration_1366	76782	1dde2430d2f330df4f88987f1ad151f2be1ce9c09c64ed7a08e4b433cf06fe14
iteration_1367	76869	988e86a0f71e2e2b49d80991cbd649c8f7899c79af9c0b090a4aecd4f26dc487
iteration_1368	76936	bf939488faf64ca1a7847f093f5ab0f2b6587172a46a9598955d4643ef76d693
iteration_1369	77027	92e9d0a30e110369e2f3cb6f4fcbcbb7edffa8b6ddd06782d0c05840bfb3a57f
iteration_1370	77060	4ed01da0035c558db31e0a10670ec8f19fe15e55cc35a72fa6b394d12b545bb5
iteration_1371	77109	12ede62b25ca6dee80f7400f2ff55dc0dafaec1521b213dade79f033d3d4ad15
iteration_1372	77129	bc200f19d048ad9711b2af36d6a3d14e0c34786b27aa98a50121d57c6334416b
iteration_1373	77248	6f5a4900aa4d2ab79aa2cc379cb9ca9e2b47af9aa19b8b5b57344a478344cd69
iteration_1374	77280	c5e7034b474fcb7a78f595596afb93cbc377106aee21eefc5c7447b03a11b9e4
iteration_1375	77377	70dea0ac4b58fed8abbdf001abb37fdd0534deba03b8b2f24f3a131887818285
iteration_1376	77410	1595d789aa185776e3180bafba954063fde3ee0bc3b1bacfff51688b5be3ab5d
iteration_1377	77493	fc5f2310c85b4d3881bb419e53e79560c212bda28241cf29629e09cc50bd04e7
iteration_1378	77543	7a5825407b0bbab941950102c57c69cdd70a2e3945d0d26543b4e5a93ceb2c58
iteration_1379	77629	a63ee5e10aef8c5e1aa302e16eb83b002684b8097a0b5d307bd0f3bae9b837a1
iteration_1380	77646	c64c2690266f2144edf6dcb393af0ee6e4878f77fd1e531ce0afe4162bdafdbf
iteration_1381	77741	f30d5fd809b9482098bb8942cf1e0a0e2a9b7c4dc59f588f4cb534faba0eaaa3
iteration_1382	77785	f5b8202d0ed9f58d50bf8a859d67f1413616f40c79ff808b6de8e8b2a517bba1
iteration_1383	77855	5b4dd55068463f8ddd5692004a8fda8ebd5ff245edbe715cb8eadf8237113919
iteration_1384	77912	61ed03cb0dad3c50603c545bf8cc3149fdc5d3582279b408cc525559620fad27
iteration_1385	77946	5f1ed96eaeadfb1a738130a9fc631fe46fb542205838edaa1aaf387c1954f2c1
iteration_1386	78063	1d362d62c90956702a2dbe848487bc5b8c83096287ef5c4396b905d73bd79add
iteration_1387	78088	c0fcecef9d898ada8d592f322e633d4e0a23fb78aee8a8e3f1b82cc2ded04857
iteration_1388	78148	d65d65a1458e7057eb7154d1fc749abb5b0147444066b584135906212cfc0b1e
iteration_1389	78234	edd9e4f88b60e9177f40b38be84d0348b504d7173b2d42e70a306d6f93d18f2d
iteration_1390	78302	1526b14dad9f359cd67f647463bf8da197d45b0a6286b4d48ab5b9cae2de0494
iteration_1391	78373	ee431442cfbed77243e6e58f339f2e26a1d979475ee34e19300c6b6a81d12f1b
iteration_1392	78452	4123f76048ac12a5e1151d8525e4f2cfa369066ce90f2323e918f1c043acf10f
iteration_1393	78493	2961d96030f4c8d9a377c1513a1ecd2976064346c3d9e20799cb0196a59bc66d
iteration_1394	78577	0068355ae949b60deaa63545bab92fa2a13d18b1d02612a40bdb260497ad38c1
iteration_1395	78647	a31cd03c0b89b031ea85bc1360404781fe3a7cb2a00171de5254461a015bff5a
iteration_1396	78687	38987c357f320862f563762479da61abeb2cfb33dae12e93d5a933e63bc1166a
iteration_1397	78718	0837fd918f3080b832b832b6acbbbd09852f2dc6f5e02ddb3a8ebf9dad3d2c9b
iteration_1398	78789	6c9cf336a8a675e835ae3cd49e9e86faad1027508e0d514e2911d8bd53ebebaf
iteration_1399	78890	92fa9a5e9a8ad09bc27c06b318e69741e14e7d6f903d5b7745685fb3e29f6f7d
iteration_1400	78943	98a70cf7468c8057893f8a34647cdab934afd36c79becbf0b073c598ae09b93a
iteration_1401	78959	de43e1ed73f767c4b79df40ab4cbed01515c1e9c05d327eb44f3d47d1d7e5f21
iteration_1402	79059	9e0a670b3ee4247b417c8ce1770283cd19392ff62f912a68454127ec13b4aca2
iteration_1403	79115	c04f0dba4e8492cc9321346d6c1b1c62933d6205aa49ea8da4cedc9d662a0f63
iteration_1404	79160	d5ecf74fa5b8df942f7b72db0b659d11f08ec0589d12570e655209f3934ee61c
iteration_1405	79197	f93f5c85ab1353c79c9953a1e3eefcab543d3c6c1f06e665f8675223c9ff1163
iteration_1406	79254	43745d5dcf2abc97f28e19a0e8342c765df4d052a8e04137af8313e0da05f09b
iteration_1407	79303	b013fce62e059f2dd179419d70cad079756163db9063953d8c841169b1f22c8e
iteration_1408	79385	3ebf2252f53f3e90843d049c458e522ae26bef9f66548af397c63031a2dbb9fb
iteration_1409	79501	2d50533c491d2a7269c1dfa9c80ef52e1fc1a4dafd15eceff7ff2a41a109546d
iteration_1410	79583	dcd4d1eca8f2eb4f0d2647a297156975587e43cd047a3262ce19f05a4e4e2b25
iteration_1411	79616	246c1d27f494089681b066ac36512dbd443cd8f0a5b912d71e52488a54337a3a
iteration_1412	79687	24f5e1ffc7e4221c8d19343ede9788832c0227f83cf72efdc349a8e6af82714c
iteration_1413	79789	ddb91a7e4908072a53027838444448f801249c38a2ae8c4ffd17aac8f2648363
iteration_1414	79833	ba461771e27053e932e4341ad16451f549b035b2cc478e3f6bcc301f0737423d
iteration_1415	79868	5aeca0a99cb98937d6fd88d7c2184814735a015efb0faf2bc47b790aef826974
iteration_1416	79935	daaaa8ef2ace83642b41dee20ae074286abceaa7244aa530f1451b788504def1
iteration_1417	80005	8eed5ef981f9eb56c7a32b3dc924b6d67d78a7bb773a1d42725a4baadd9b55ac
iteration_1418	80027	9514ff241223c4eababd706ef723c2795b3784cb6d0ae8d248ddffe34e840544
iteration_1419	80123	43b0c0e3ed428ff9435b82cc48ad9b3c6386b12ba57a27af84647f022c75163d
iteration_1420	80246	8369f8d4485a76358f317194409bd7a1ba19b379d5d90829875745716d5d0d6a
iteration_1421	80288	4deb7868540421d7c7d8f0659602e129e3bde700f5c1bd155a8f81edf1573b45
iteration_1422	80293	e110150a96b981a20edccabe717253adea44f81d2ef507e6495256bf327ff6c1
iteration_1423	80405	423bcb395a4e373c512ffaecea915f54995f4e9e7e78757ad44464fe8d052ed2
iteration_1424	80412	1a476533b54a1b4b45b1b0a11551f2da3e950d009ba192e49c82057fb74364ff
iteration_1425	80523	9817e6e28186376f0611d65c283774f52cac6c2fa78233464018b04a76ad5baf
iteration_1426	80558	e34e7f2d49f58f9409608d9aaf08edcd9644639db6fad9dd7fcffbe107dceb8a
iteration_1427	80595	faf6dfd78d4d5c50dab22d95cf7113af7913e7d1f56a0fe6f671ddaa50027e56
iteration_1428	80717	9a2340fc1031e11f9dbd89a96ee86271c2b2cb7f5f408179138dce2f7b78cb58
iteration_1429	80787	9b7b0336f660d50dbe9d1c8895226ac5e799d59442f980670797c8326a23fa52
iteration_1430	80799	6cfe313278bd50ed43383ec1452e1cb0b6cbc18589e23a6dbce47a4c759b0009
iteration_1431	80865	d3a094a1a5e1e7e983c95e884a43dc48dd92c24f5b071bdaf701889d975312c6
iteration_1432	80949	01fc9b3a2aa644391e5ebd5f7586081c494089969d254a21190cbc2815f199d7
iteration_1433	81021	9b9f0013c6b0697be16e14ec886237469aaa2b1e5a5e7d9bed4d4a0d230e8220
iteration_1434	81015	d48fc456f9d02016990a208933c0a28d61b1bf8b198ae14e4ed60741818dffc9
iteration_1435	81120	0f7e653d17d8427dbb3969bccb25a0718fe07fe48e4d9a7dac5564373e0fb76f
iteration_1436	81172	3c1dc94a338c840b208ba954cc5e64f9730405a2eddb901b8cda8ac58971431c
iteration_1437	81222	89914579acaba2ae2bbee061270ab471913039ba45f0d45558f3cd887e5ce924
iteration_1438	81286	35f3719bc62c1f9c8f8a18b8f456567d9722f3436ee6852b9f86e22f1b72bf8b
iteration_1439	81303	a60bac3b2bf76eb4093458471e84d3dc33d7ec2320d5b5a7453fc1a8553ddf59
iteration_1440	81401	cc3dbb1ec0cfa42bb8ca3d0b72109a42bc31a75d8e7439370a1a02681dfccf5c
iteration_1441	81471	2f75dbc38734b085649c73236a8f0653c3a38e8df9b11861c0af62bbfe7f6d0f
iteration_1442	81527	553868a3eb1af59b9c2ae6e16ade5ed6348718a1b39c2eec3a151a188bb85d20
iteration_1443	81613	99907e15f69023ebbb509af999d917e320377a01fb1d82a95b90972d5581e207
iteration_1444	81650	eba34e37d9dd3facf4d94c0817a51d2f9701dc56a7f6dd61b908f81d2a1158fb
iteration_1445	81667	6c97745585fe945c3127964baec276bb55779dd7f5045c9d57bdc74eae607e15
iteration_1446	81759	14261b1c57b30b76cc2ad45211d6a3630b47e950bcb3acb96b7deb10e8fcd868
iteration_1447	81795	6c912695ca9a69b680e97b00498fa6b6010124913f2a87e86153d27693943b6b
iteration_1448	81865	c7ed87c43060ef3bf100253cb7ac3523e6137ee5c946164c2ecdb44014c0a22c
iteration_1449	81953	915b0847576bb72e1007299d4dc0c0e565ca7443f1bad6b3b2ab9d4d4050684f
iteration_1450	81986	a66ecb72b14df58ae6f208c73f7a92a03f2c7a7e1390c1042485573ae9f1545d
iteration_1451	82034	431ae3a981309deb3f65f78391001c950adb494a1e83324252c5ceba6496df59
iteration_1452	82061	97f05cd667e4bd5f87030cbde624eb8eea39d7aaef121e9d644faf0c76d3b7f2
iteration_1453	82150	2baa5d6d2e139ea0af4da3a8359da28a6b80920c2addfd446afa7ae0377af853
iteration_1454	82209	07d31ee683df7949876a5a14a03c25f054e48b7a5ebb638cf4976e6f228bafb0
iteration_1455	82302	1e78592e4530c42b22a40f340f5252a11b824a0d7392e57e52875902041d7547
iteration_1456	82307	59ff9b04715bfc1fbe52b513c8de63da8ad592e7a74394049518cd1d70ba103f
iteration_1457	82399	5f479835fe30618e4ce518e33c3e5b42e2c4e3a14a6b8ec41022f46ea176c0b9
iteration_1458	82507	b397b4b18cffcd85f055aff9d7cfd00d84f1faeabe2d428b796746b6fb0825c6
iteration_1459	82528	dc417ced06ad15e67f0c98082e13531b45559effa5bae635ddc48617ab3c47f4
iteration_1460	82592	21bd6ba0711a2962583e3c0ab4ed1150168aa5aec659199dbb642aef8e38a7b4
iteration_1461	82641	0e150d7bc99c5fad7df049397ed61d23f1d3462ecf497e126da698f58a8029d0
iteration_1462	82693	76d33fadc80b7060734ae3eb742cd14910fa82785eac4160ee52efe6fb90b2f9
iteration_1463	82772	683f3a36e308476cc39c67520fbb3f9c20f588b8c0dad73d99c2083fdf710c29
iteration_1464	82834	1538ebdab9a9d67eb161abdbbccd10d43437fbe500adcb7dd3e50409deea7ef1
iteration_1465	82897	fe7abf2435128f95bc7202b084b1fefc16d6b1938cad60a962e2afffd26eb299
iteration_1466	82883	a73a77f4bc3f1dbc7d1afd0006299bda15da5dacd9d6f3428798c0b316c035bb
iteration_1467	83005	0816e029e1bc496148f7a34101e7a8e218c6fcb68bb92c2ffa47f18e6d815283
iteration_1468	83077	eb840f6d399cb866fe276594aa82ee5d9d7ed33836f9e6b911aa2cf7c8512440
iteration_1469	83107	d5bd29b02e533270bb073dcd137e07e8f0326b33c217fa6de7f432494db2d66f
iteration_1470	83162	4727af6adfb90620cc22f3df2a4c279f5f0e018961036546883fe53c8afd8d7d
iteration_1471	83208	21ba46aa380a75f3f8b56b997b74d172fd8db7099755d597d68a6f36137ca816
iteration_1472	83249	334799edcdab91e74e87a39c1db64e7e776f1a4b6111cb266b0bd12dc755c697
iteration_1473	83335	0f72acb87838bd00cd74bd26479663187219dc47b3653fe64de58274284e0277
iteration_1474	83400	2bf3ec99997fb2ecc942284dbfaf6f6191b75bab7f7ca9c7fc87ad3f9e845cd4
iteration_1475	83493	2aadf9580d5f0cf36de0eb0bd8933d1841f05b99a4544c98dcbc9f1b6f40da2c
iteration_1476	83527	f355840924f3972ab2231ebbccf50e9378df636e60eb9c4b7583818e9b14c2a0
iteration_1477	83576	5e2c24f7293355bb359b2272c4bcb21488171f1967e8c6268cab47374705da65
iteration_1478	83660	e13f1ee127574ba6d0d6ce3e63d365797c4df5f61ed792ba4efb0b433c22fdf6
iteration_1479	83677	b6ff6fa3ef26ff8f6593e3a9e9d7e2d085900498733735d33eece82f347177e1
iteration_1480	83741	30588637bb2af692aefa9905f20fba0a62ea1e33c772b89f4d9e598c9eee5ece
iteration_1481	83801	700551227b13723fa60113c8788550121c1cf69f071d21bb45594feeb893d374
iteration_1482	83890	96fb529bb06ae60fed3959a16e77e07951ce0f46a993108d63cfdf1ddd7140a1
iteration_1483	83962	1ae23e7e71be18d6ba103d8d035c3e9049ab009844f1d572c5a2ca1b72a44980
iteration_1484	83990	6330149dcf570e42e30828962ad2a7493d3c225986136788125daf2a5b3264d8
iteration_1485	84078	147c376a1d45c592e3799af06a3f0ca08293692f49fa6bc4ba7830a1f64a2ed4
iteration_1486	84139	20c5906ba0c52dde915eca1dc3906a982ad03bf28ef13c7d8ec566f6f9099a66
iteration_1487	84206	01e48a67ac66b01ef66aa620e58615658f58c0f4be0cc7460352d6df8338b64e
iteration_1488	84223	064749fa0a122d17d1536d2646975f8e6da9f066f1e7866f67a307bc9c8f2791
iteration_1489	84301	879624a7c2635c474c8d962ac5c035254d726ea1f45b58378314542eccf4b8b5
iteration_1490	84409	78cce6e5a97b2a7fa6a67783eb1c37306a39c3b81214d74977fcd14142ca0632
iteration_1491	84447	7cb0ff81c19dacd61d587084622b3d1854620e7f460dc33b961828be6c66b238
iteration_1492	84461	4fdcc06c93e0afb69cd022e5e0382204641b5a258c52240526a0817a827a768d
iteration_1493	84571	96e618c1e592d5c5bb58c008b60f5d99a10e200807b4e5cd227dc557ad5e549d
iteration_1494	84619	3caf60c775c7af67bdcf59391734b5f6bab65340d13dee282f10e3a271642f78
iteration_1495	84708	0aee5d05d1a5b2200a34d898602cd7a6c6d9b7eced112f2cbaaa57cc38550a14
iteration_1496	84751	d20f7381d1bc7bd5641b4701996649a7bd6d10c4706698d9bed23bff06be321f
iteration_1497	84784	6ea5f861165fedf34a8d0c2d20c0c99ef8fc7280c2800c2278fddff7113a899a
iteration_1498	84878	643cf1375e0a097010ec546d9050bd482671bb812d514727815c4f957b8b0d4e
iteration_1499	84928	dea659ce4c22ee92627fbe42e98f2b0294216f9af6cfca92166a6a1b8650c97a
iteration_1500	84945	d07887c9cd058fc43a80e4c73e14f9558996934adb5a60c893ae2baa1d20204f
iteration_1501	85041	560ac3eb754f1f7ea0e17229271d90481245052df89f03b9e9b888622cd09617
iteration_1502	85106	f3b4e320969a5d2aa51f02bb98480a96b45d2084e52a0ad36f59264549b1f77c
iteration_1503	85161	82947d684dc364fb15490f6effd3ffde143b421838e933778da41cd740f6dee0
iteration_1504	85217	27e007e4acbc7791b41e40d1f5ab7c941b06bfa361c2bee573802a8f149b9b3c
iteration_1505	85292	1d40a47b5bce090489facb73e9698e9b821db4198729030aa9d783ac1f2d0a54
iteration_1506	85306	e82373c86873a756dd3dd24c6b7d36ac064d9da8b088817caa51e6e3524d30b4
iteration_1507	85386	7ee7dd096997c5a62a2b9dfe5b645f2c9a741d728204c9a2344072251c9f0b88
iteration_1508	85474	36f3156a06a4c86c687255efc57ec318fb224288c369ceff2ceb346e04a5b153
iteration_1509	85502	49fdf5c2ee5ffa2d8ed1d9026b7da476b371eecafc8203a73aa198da6b3fb30c
iteration_1510	85576	15a6307c24130c0e232572488a71a3d6c8cf54985c9159e12e462acbb0be98aa
iteration_1511	85631	f8389e0f0f9ab86ac84215ebfd96dd54f7ab1f9aa8e55bf32042b1e42eccfd51
iteration_1512	85667	216072a7f72a3fcc982e5f658dddb1ad55514389391abad0f05dbeb2ce15fa25
iteration_1513	85747	4b227665b48d946c0beccee1f875163fe12f4b645c58fadda74e09397366ad5d
iteration_1514	85803	2f63fc7416e88dedacc5678913d085097a2e0a4a3f45f84df82633f7da03ad00
iteration_1515	85869	7fb566e84237913d88c2eb137caea43a7815c4b0fbc09aea311dc27cbb272fd0
iteration_1516	85901	7219b795676eb75756a40c678bd5a7d97511f487fd3b0f212a4a6f5998866367
iteration_1517	85989	c6258cfe02a3c8a5d40cc8884332f45c5f3e743491360a6da5b7984abd132a05
iteration_1518	86071	1edb66cdf2614289f9bad9d2010e25b4fec71b7bc2c045918466a958f81a2161
iteration_1519	86171	959b94d1bee51221c1e03a66a88347f99316c639edf2daf9101600022c89c82c
iteration_1520	86180	180e587c3dd8e7abccf9505cc3438641287c9a962793b39382161acf8252cb15
iteration_1521	86274	158a9f6a352ccfabda96739c25a149e4de5419f675d12def4ce4727033744107
iteration_1522	86319	125bd1b3eb43ea46a698de5faee4ab6c98c77a56e1855a4fa1ac587ae206c1e4
iteration_1523	86420	251df63563733e3005127b32630d28dde5a42638aace12ed2398f884411068dc
iteration_1524	86419	42415f68defb0a4718ed278742316d1c370640ef9cc4ea4ad0a9cca4ce70fca5
iteration_1525	86534	778886c45dc226bc9b08cc5629c94a48a81eb4a57fd2f7166dbc39343f32fa02
iteration_1526	86547	eb33f9c8a5350c5136c9aed1563edc56f16dc5748bbe496b91aa4f7a84988f19
iteration_1527	86652	bb9cd160b6316c1c57f2354880a2d5e10b9bb3e0df4b2bb2f795a00033709dd0
iteration_1528	86680	4657e02c2f8d40d2f87858703790af5cd11ae114276854b53a88e7a83cadde26
iteration_1529	86795	5aba97bc7e2cfb5c228bb68f54f0756fc32e84399b8742ddd571e2924cde55a4
iteration_1530	86821	805f458e68e3938ea718b23d32c6ec54837ff3a6b42cb7ab74ca1f20b821c798
iteration_1531	86928	d2786dc2628383e6d4d6b99787720b2412db2abd8e6ad63b3640e2c91ce5a53d
iteration_1532	86909	1ba853fc0f7d9524f22e0949bc527a74d838929b00dfbbad700147e9fe5c9512
iteration_1533	87035	8e6a625839b0fe9ac107096f664132813fd62c52ea90a66ac2ddddd727534366
iteration_1534	87088	b4207462ee513a2b28c889815ac1f5c4d0f4b14173cd47d3eec7ec4b7c42e1b3
iteration_1535	87173	97e2e9a5d2fbd872a7dca7963d0b8a7b89a88297c3010e9fa30e83e9c437995e
iteration_1536	87152	b7720f0819a725bcfe8efe8483bd14221cc3a696ec78edf26d51a0bd2e536758
iteration_1537	87275	140932da839ae12e672c2bae423bfb6bbb08a22e4f3f2c2ece73a37ef33db2d2
iteration_1538	87386	37e529470790ee18efb4f562b040c96eb9f6f5286851abfbef73c09dec67d5fe
iteration_1539	87349	2ecc648e9403b907b768a959a65bbb8ba7782f00f9a927d4e47bf2e7b1b181bd
iteration_1540	87455	9e4a51b72e5b791f81896d2452737bdcf7c1e1189a5c53ba6f9112f1fd8a1640
iteration_1541	87530	645545f1d9c4e2341e809325022f6a23b8746297d0db22f46967c3fd6eba2af2
iteration_1542	87599	938719bf02947f02b4d633f36cd780cf2c867bcd5d73a3e38b95b776a43ed0a4
iteration_1543	87653	d6a05767ba95eb037eebc44c88e295db12c3f262f451442f8cddc924d92c87b0
iteration_1544	87739	c34e675ac3000468f64e2be38c1625552d1e090fec278217bd30b57a881f9e47
iteration_1545	87755	8519af4759f9deffe17deb6f044ce0aebfd9c58af75bd1c7ff0f5232a21528cd
iteration_1546	87818	04bc06db61a3d52de273c2900be24aa62758200a4ac3887ff04254c9d729bf70
iteration_1547	87905	42c4ab4350dffc64823e62bdba7522dff4ed931c1453095fa56a405ce79e15c4
iteration_1548	87987	d3605d7fa6b80ef06fd2a0437be9612ecfada0b0201414b8513a8e69367a3e29
iteration_1549	88042	4f25b75e50c2fa36652629848138d41e5e9c0fa797134df0439220af87485dac
iteration_1550	88112	ea3822a173a2dd837a8b260e486c7e0df698be1c26de2126e1d6cc2bcb0db337
iteration_1551	88120	bf207c3eb1590a5a8cb2acd8e9ca34e2636ec9ed6151749ac2991dfae4ec9748
iteration_1552	88192	5544aa4d8ebdc843e83fa7f6c47a7ca14e0c4d888f1c6ce9abebeb77448f594c
iteration_1553	88285	5b8382e9fbb545c4a4bda9c6806dd8cbd498257cff22ade127057da5a845b7e1
iteration_1554	88367	7e6a33713ae8470c4e12b1eecf34435cd74d1247d1a3fee83c3b2ed2c3b435a1
iteration_1555	88395	8d53ffb6b406393e4f8bd57814238fe2c7d06bed9360760924b4b8a34dc46f89
iteration_1556	88509	245aa2b636c4b68df0e8f2ff43adb059ef39f99c8df4c2ae12508ddcfb85f1d5
iteration_1557	88571	796962daa777f9405e4dc05183b9adcb256a2b8bf3df2aedab8aa276ff86beea
iteration_1558	88620	f588384a34fdfdfa76ab43dd07b4b83c656f56d569909b427e4122e809cc6cf8
iteration_1559	88728	6b608778b9b1f259400aa1426f3a47d00e59b3c9d3eb5b3a0db35123b3397bb3
iteration_1560	88746	87bdf4f5a79c8f26a36c31e871a10e0eb24b6dcd90758888a0419246991674c5
iteration_1561	88791	11c106f691d941f12db50b7a197e5c49e30719758c85c0333f438805b2222457
iteration_1562	88873	72b7450005601225e224e9f05e0220428edc21aee44d8a167a3bf3b91548761b
iteration_1563	88922	7d25de2a2c29ffefd7b7fea7a27ac3cb0a470f926a7e15bd8f1a48f29e0d3e92
iteration_1564	88982	2d9dc56106fe1c1c877a7611b0c8db229e6a673e4adbd8ebf5e00e8bd8d9d562
iteration_1565	89041	19dd33974061d1c092723ed2ed529bf43b02b946b207622463cd1dfa3731778a
iteration_1566	89106	06ae59e2ca11f9bfbf717ad6fe171eefd19ff3a5858d555ef45182e5052bde22
iteration_1567	89173	49c6075a28c1354d5eb0edb6fbd518b80453c5e40278267beb13a98b55481a63
iteration_1568	89262	2e756726c793d3c2f4a3046d2680cfeff0eae387ab67b1ca2c9ef2c074f9f236
iteration_1569	89316	572ed02ac4d8fc20c285e3c9a759557a7844cb6d3c9d4caeefbc251aa0fb6359
iteration_1570	89310	d76b50aab089199d0d4b7d1bd05ef6cff0473f0fd1f40276ba3daec3f3789eac
iteration_1571	89394	1a3beaa94e0cbb6112f60f2989d80661fd011546eb7b922290968adbf4af03b8
iteration_1572	89476	75235bcf9619c0aa059fbb6d0206ae97e637c0d135df1bf6b2832f034ea04500
iteration_1573	89521	759f5f70af25ef405be5980db8f1b2293886ae6bcbdf75ed20dcd1b70908d884
iteration_1574	89629	a07056cd6bb71c88451fe52ce512064a46cdb70d1c0f55f6749b3e2ae073d37f
iteration_1575	89658	0887124fb440e24476636581beae8b60b1c9a89662c9bfd14df90fecf4f7f40d
iteration_1576	89755	17425e65d164ad1bbb3c7e338ee78f07edcc3da1d3f6d36885540668b2d01d0c
iteration_1577	89754	dd385cc19d6280254f897642afdd68f5d1d79b721016201d1f5a88c123f3d8f4
iteration_1578	89877	0b8f3d64f3f424bd7dd94428cab0c0291b892dab23be3e4e8d419dfcc4164f76
iteration_1579	89930	fa74da47b1b3ed64a723830d5eb9b5219e9f6dc79a2e4b88c431ebe83f8e2069
iteration_1580	89988	6de8243373618cc6bce3f1afd5a53765622ce0a110aef2af20c81e75be3b3d1b
iteration_1581	90021	4509923aa9c1ff2712852d26e68c424773468837b78871a29ebd4580103e21c1
iteration_1582	90072	64ee8209deede84f548546e4df606f7f1aa8b7845b42eb47cad3dd3102fe39a1
iteration_1583	90102	f1fce4809dd1a9c1e5d8fa03d88fc38cb2cf7c9bd3c316e54fecff3182762295
iteration_1584	90164	d26929db606c331513ae6ac23d679b96cb531221cba8e8f06c686a9098997e69
iteration_1585	90261	9473cd7ac7ddb200f7795eca8c50f631f523ca17d50d82baf18685900f1f8c19
iteration_1586	90305	92b2f16b68ee89f7a3552dd7c6d8c395bfc20de043977aa36371eeba7d3a619c
iteration_1587	90333	c30621a3600ac258e8928671eea94f42c62d9c74bfb70ddabf1a5129a44f1cc1
iteration_1588	90478	a3ae0364d8ac5f43b33309fdc46dbcce9d53ac6bc34b0e0f3c4e1e1c11fb4ef1
iteration_1589	90544	2bb03dbf9ab6d3d30df4772263f97f0aaec88e1b597c7471ca3205f33ec8ba7e
iteration_1590	90563	90b04204bfdf0629c77df20e1db4b527a537db0fe215b42d981135b22e625e17
iteration_1591	90625	762a7825bfc86755c443aca30d297ddd64a9da485d4582672132f7fddd76c625
iteration_1592	90711	dca3da3af7eaab27fa92a2b0abc781025b83e00c7bd965b7224ae0676776d63f
iteration_1593	90792	7cf386670d85c7c266aa6698aa8436cabdf4380489fdceff7318ea4c2fcc58f4
iteration_1594	90870	b7d807fcd2589d47cc08fb8f53fc9004dd7352c5a58e1325e684b18b8ba6987f
iteration_1595	90858	112cf6bc9c090af675b69ddd7ff18a16c6b98ce3c0b5421a4355470fd4efd6ac
iteration_1596	90986	19f2a07abd9253f8a6b7b17d418b0030f03333d0c1f1ded4d2e15735a1ff30e8
iteration_1597	91032	c55e049340c652cf242dccdfb1219aa37a54902f1eedeb6e0ba9dc9a480dab3e
iteration_1598	91089	15851c0aeeb641e022d6a08a197a34e8a392a42145a99ab0ec2ee652a3830741
iteration_1599	91159	9e35ccf7dbfda05e195402c75a355474abf648619c4f7a9317ece6239ae4206a
iteration_1600	91193	07f9efa1535c3ef3f44cd55ff8e7594b6d31c09b4fe7d09a2700d67ba81461c0
iteration_1601	91243	60348136b92addee7002d6c94a543866c23d668bcd79ea53901079f00b4aee0f
iteration_1602	91285	0ca13d1d25503e6dceb11a5f95c88127211d95cdaf11529be0db13860fe309e3
iteration_1603	91404	d84e2a50b6d5dfc97cd25612182bcfa41b5ff2d74dc72dd5537fdb1268daa1f3
iteration_1604	91474	0a3555cc6e669377a41c796a3bfe2f61ac626ff3fd7d528828f71ba206fed0fb
iteration_1605	91502	801ff0a5656d21eaf1862ea998758ddc19bd76c0949e6e4d77b171a860bbb3e9
iteration_1606	91612	42e4915c497ffcb94cff942a4a4d71f1b9ffadf00ef1317240cbac40b17cce26
iteration_1607	91600	3fb4e3617b743475373544a550a63e503792d69c3c77083e9b52ecbce2ad628d
iteration_1608	91734	e4a611800da32dfdfd003385648132a1016e83f875b336f1aa0b416d4d80c916
iteration_1609	91757	56ce2e93ad212a041e1633fa4f8608ddc7004a4ae3de31dfa7b0184947c11a4c
iteration_1610	91791	1890d158bd111af3641016de456ddfa78b6aa94ca824a1d5d52a3071291b68af
iteration_1611	91922	4c5ab871a0a51ed4baf0941c40c2a2baf514757c13daf4d812fa951d78e7a719
iteration_1612	91924	476e913ce6b232e6718ad28595b284cb274329ac0360ff0cb66701f668610877
iteration_1613	92014	29ee8ee8c7970ac5675f38878219e4024efa0691b03125bcf44aa2a009905618
iteration_1614	92110	33e36d08c792d8216a34e8ea49633b7c6e70db0284a7c6f3ac75ac2cd28ae2ac
iteration_1615	92199	c32ba9235f40c6b09223d685030ce83e2f529dde62721161a9747e55256fd7be
iteration_1616	92145	748f994797e11066729abf717cf21efaabf04eda48b5016422c00de3c002c0c1
iteration_1617	92207	f7f85c3c4e7d013b15102562943cdeca3b9d506d47dda3e9a506c14ce8625469
iteration_1618	92326	6d8606b4c0501c504407852fa3682fc3e0eb7f04f271592c0148433cc74e06c7
iteration_1619	92354	f10eaea5a3351587684776495281d15805ef4fa4baa0a078469680eba21ae289
iteration_1620	92421	0c21f65da7910734d26ce99594f71bcb73affe4ae879c83670ec5814fae21d25
iteration_1621	92498	3ff225f4dc287f43bab35474b3ec86eb2a5c8d6591b2a5150fd3ed023a49e3db
iteration_1622	92615	57338dff383116df5a2bdbe0a2328e91c0c0790f663400c98aa9cd4abe605f5e
iteration_1623	92649	60bce4393be34b6e26238517843f879deed432da2646dd78ee00403edcdaaab6
iteration_1624	92704	e030fa9124a5cee8b102a55e022078a3d9f67a6cda7a1951ea533ec337e86a89
iteration_1625	92738	3b6281d283fd128c4cd21200ad344c09ad85f33b6a8260a7b84b669c27315d5e
iteration_1626	92811	27ca47d5b3931c7fb2dc640e25f3a9e6149d7bb9b5e113fcce9a178aaf2dd3f3
iteration_1627	92846	54a3a5ae1dc023eab1282eddf9849b3158b34a19682cb17c49bb8e5e2cb42301
iteration_1628	92940	089d16bb118ff9790e9ddd6ddabb71887f2643a214ee29668bc74cf2b5fbc500
iteration_1629	93055	f538b3b05171b2f1c72e37a8ebf77274ef681fd5e2801f023c7fe1b206ab8fbc
iteration_1630	93102	fb8b07c498225ddf481ac941e89d8eb950e67f3b06643dee019e410b35277f02
iteration_1631	93098	4d4d13ecbfb8c99115e8aceac82fa49a4637fcf8d8b1fc1cadbb2e1b3fccca78
iteration_1632	93155	d9f55d3d32c0ea98cc15253af5b77a531154fb3868552637d10676bbbe6e7ea9
iteration_1633	93254	774afb6ef684faf583714559c504c62aa6a2a7b2ec6c308dd0120cb54158e391
iteration_1634	93285	fa2a25ca584686483a41ccbe1385b5e3c888419e506fb24ab2b8cc84709343dd
iteration_1635	93366	a5dd804754efc15fdb894c1e791b1f6f06534aed89a4d0abe0c1469fbfa5e4c7
iteration_1636	93345	bb13715addc69d035e9cd2855f836507d6fbf032e5fe750cf75d41427f9bd131
iteration_1637	93433	4742fc662d3c52c7a55fb421206ddc67e30691dd00ab7c79b4757a402ba5bc60
iteration_1638	93514	e172964599ba6862e2ea7b2594ccc968b0435d9cd525c6d9e5701b31216d954e
iteration_1639	93603	093e5704990ad1375ce6faa9ec7aa858fd79d3eb3948f7a5de659d0463029853
iteration_1640	93704	c74cd56880374f57d29f77b88055ae5b3b20eb9f7da3c691b0905f84f2ff575e
iteration_1641	93731	d89530618e2635e37c2d7f7ef6e56aec7b39c5816e778ed1bd99ada98c2519f5
iteration_1642	93762	31d57bdb60780a5350b1f093627a8308cb7fd86a374d1a9560e657df8ea7e33e
iteration_1643	93902	59e3abfc8ceabfdd1aebf0738fd5b0bd8a7cf63df39d2e835a772122f17edd97
iteration_1644	93916	863d8fc8fb77a0d81f5c435ff5317dc39cb3da2f4a5f0437168c184881006627
iteration_1645	93978	dd1cf8a2a797a3f0a4ea3391ca6b6765665e6f4fa5a1ca9ffa2e82d5585ebac2
iteration_1646	93970	fb2644a7295dc1a764b24ce394722bda39ed1954e7bd80641132d99386daea00
iteration_1647	94104	6d4ef13d1eac71bcf22cf916ff81c8e77bc813be7f50dffc7d9a43bff90dbd4d
iteration_1648	94180	275c6f65cb51df9128fed8872630dd0c3532811cd838334119a79b733821f1a3
iteration_1649	94215	c32caa30feec87fdfeb5673eb0870437d525277d2c548261c00083bd1afbda77
iteration_1650	94268	50504a76b94f6e4c3afe429fc383e4b44fa48b05a5719b77308988f76f39cd2b
iteration_1651	94360	ee78ff83dddceee30e33e30604586db89d8e3fac523cdb9495dcb1febf92319c
iteration_1652	94388	dd286a527ad4a932645323a1b2fc9ca1da6c2ce1ab8a8bc0e0560047294a5579
iteration_1653	94474	ab465b88a810f3eec04925be7493c1d68e796ac0ed6d06521c1ae196bb3c227a
iteration_1654	94531	5cf923b500b78207077d0e753a2d1e6c01e811abb3e4c1d72ca3ce76d1c951ee
iteration_1655	94567	60c844b21c159d8b93203fe7247d96e3e8404d96be7c8afa2cb1f3dd9a7e13a9
iteration_1656	94621	42b66f40588b9156661b86490b88fc46d9214c91731ff34592d4d57256678f04
iteration_1657	94690	0b4397bc7378ce6ac2d46f39856d2076eba8f410beaf67ca8d343d79491e7f82
iteration_1658	94781	55fa06f6b3bfbb043f8766676a6461d871e83a50e8e654bc5edf7e3ad2762981
iteration_1659	94852	3676b203fb888b0f5e0b6dae3d391ee18442cc4af725b5a11a1c98f96324ea1b
iteration_1660	94902	3fb021f799b0899af3ccc544ebef5aaf66252477e8336e37a4f1901a8fee95b8
iteration_1661	94907	19e6f507d65351a7e77e1717287abb8db9ffb47ac9dcfe7b09d8eefb87fb14bb
iteration_1662	95026	253698e1e50fb76e5fc93d948e037b9ed1d624286825da43b0c72f90c2a546ff
iteration_1663	95112	d2b7cfcd03f2960d4f43a4f8a57bae4aa502e5af67eb279fe3d539acc0f582a7
iteration_1664	95140	cad1191ada30305b5b39ecbf5a0db601d6a72707a78e3dbe6a0a20c24da80922
iteration_1665	95196	d002aacbc792abffbac98ac909bbeac46de4699d01532928b17a371e56f30f72
iteration_1666	95291	df7b4e2a4e65890841e96bafd0376ae11ed840ff531b00ea123e8ee5832bb28c
iteration_1667	95305	020013f1f424c4f5281469c4992a38996a69eaa08c24a766f7a5ef8be80e1343
iteration_1668	95386	6e00e03a849ecda24cef14644e00518065d97172a42d6e30189948da1098a892
iteration_1669	95435	64b796511d76c54939dfc209c8cc98482d3aab682755ebcf2a3845bbbff594ed
iteration_1670	95554	23d526df587f73ef90b90eb5d1ac18345eabaad2fdd68b3d18035ef7220401bf
iteration_1671	95524	d38c5ed9411e442b5de81101c2e70cd0eb02181af5fc0c96db5021bad176faf5
iteration_1672	95596	7069786bd86327e160744516b23a93cd157b25700caf38d59a6008b08f2c2d17
iteration_1673	95626	edb02f8af0d1cd2032764bdd6377e1065b1e1811680c21fb2c358f17af219c70
iteration_1674	95687	013baed4deb4d3bb363f00b367ea1537c1b9aeaa66f77ab57f40cda47e1a6bda
iteration_1675	95749	78e492f03858eeb4660fe558b68da5143502caa12b2a2fdd5c6060cc3cb9c01a
iteration_1676	95822	fc19111006e9bdf6dc98af3ef259f2f1c005938c4f0f2cfc7ca43d28b6a32a37
iteration_1677	95863	f6aabef091c288321a8c6f68afff77e8e021f4792c90893af9a589f747f68699
iteration_1678	95968	ba48644c88b041dc09d9f95c286f1a669d247bdd60b21ed118ad013660854cda
iteration_1679	96025	c9373710728cc3f9d62dda232125bfe1f9de3e93faa9bf3cefb8ffa8a56d1909
iteration_1680	96092	6850278cf01077be7b935e3df69f1a0514a1255ea89696c6e7ec101b94bd9c5c
iteration_1681	96131	7441e8d89fed71226cfd83a319a3fb1bf801b96c6473e0ac1f3998b328a1eada
iteration_1682	96196	2adf6e7495addec6427a054fb9716b32eb20718ae77e2eb7346a929c79ebcf04
iteration_1683	96287	eac3f49230da6a4a059fbd4ecf88043fee2f262d4d35b63d2687c341e7a7ba00
iteration_1684	96412	26bd96a9ced4664b6b78a28ac372acb97ac62c177006784362eac1f386aa5f37
iteration_1685	96492	10b9d1c59788e72d75f0d9840632114d629322f0e127473d0aed5fedec11bb7b
iteration_1686	96493	e9dc56c77c3639e3c9105f1a43f87780803c70b32912decaf649f9eecc53a564
iteration_1687	96595	895bf5eed28c86cdc964264db9be2d5efcdeec73ab50a6fb225023cc6b464937
iteration_1688	96685	df5e8454ab85f9fe30ebd27c024f0f89dc2200d2dd10751eb9776feb91cadead
iteration_1689	96702	7ac2264755a2958962135f2b1c8cd6737183ffac55a72d9e9cbcba4b6e6ca21c
iteration_1690	96766	dd08c9c46eac4dbb9b7d784b212523686ab15b93ac05bee266ffded37573f14b
iteration_1691	96816	39971983b68c9eb3e2dbf58f7756bf1decb326f0acc13a60100e33ef6901fb23
iteration_1692	96856	3149b9f40323a2827df9953429cde02b82e5fd583ef89a3dbe15cbf736c8db8a
iteration_1693	96959	1df5a496b5f9132aa0cab2839bfd18ca29386f9fb52f3c95f6065044e543bc86
iteration_1694	97011	28aafe3a09d9ae1ebe33774fd2a1507d896437bdf7b11b830afe353367dd48e1
iteration_1695	97074	a18c4d14d20d85978c03db87b6b9bb268aec67f07025bc0404f43772622c9160
iteration_1696	97172	dc9f9438b04977f36cf98b337aabea2a1be728308bd882c5b2620901ce168197
iteration_1697	97202	89b6e162c41a08ef8d8300906653b8c33b89f087b9b3a81e663be9ab2cc31b47
iteration_1698	97261	6ac5f6ac4a271e23b269ae43726871074c5b26ec3f55ba9a611a58626124233f
iteration_1699	97302	fbfb88c184e1a4e9783988482b30ecfd4e6c0eda5448c5ecc43a57e3d3348bf0
iteration_1700	97378	da8dc6ba61318640436e9772e5c5bbd9aed68a76073fa9621212e17f45112529
iteration_1701	97473	e937364c1b494c5e140af00513d8b37029d9caffa0ab76fa8ccb9b0dec1288b0
iteration_1702	97458	d3773835fd81872f50d17bbfaecf2fd77bfb4eee561f40737a64264500e3b0e5
iteration_1703	97658	b1e55309cdf333fdd92a3e46403fd6e113c04e557be953edafb6030bc044f9a3
iteration_1704	97636	484eddb2321202bce657040093da76a3f5b6fe42c051a0c75684869b3a9ede65
iteration_1705	97714	29f4c7c5f7a551c8a209eda7ea43f0c7ac433797c951f31bcc48627442e1f429
iteration_1706	97773	e8ddb25db82b23e905406a976da43b32209099da2e10b428f3bdfd50029f820c
iteration_1707	97824	0337f0bacbec7dd8cd8f718f7aebd2b6f316d61ac20a98d98d289ed82da80d6b
iteration_1708	97884	067d891447d39d303692d27b82227637c4c498a86966cca3f69b262071f104bf
iteration_1709	97909	3b6410d3547facdf1c398ffc8849133f1c219fe09299c136de7487621af3da35
iteration_1710	98013	0b1aad40da4c15c976b1c517ebcba552fa260dd7a159eda42d69f6a82338ece3
iteration_1711	98033	f0337560bf056e012ad063d0190406fe992c42ce04fdf088008561d4316b5b74
iteration_1712	98089	01c832791ba8e60d8f92df66178cdb0411a79d13018edb05b27559f94488798f
iteration_1713	98112	7cf0017877a8b8e8b29cbb14aa3ba2b016f659bd44926dbe7b20e6bd10bfcf32
iteration_1714	98213	235cc9dbfb4d3903c56becc0d2eb678135401fecb33f1d6af2e94a253f6b3c7d
iteration_1715	98237	feddb8499883ee6cbee6c89274947ca75146d42e74518e269a7db29d7d9a3e26
iteration_1716	98290	85a385c915f6510d82bfff3a53ad6f71b1d2153862f7eb04aeb42cc2c15af71c
iteration_1717	98372	f5ac378fe13e7ff60e5bea646c5fdf5f85385fd2fe399c5cf37f37c0d04dff2d
iteration_1718	98446	70dd74b39c5ae4fb091728d444eaa5727e3aa3d92dd6782d23c9b5f3130bbd0d
iteration_1719	98505	3d6383ba8a2d46e6812d723763f44c33896f24de79776cf075fe6db7e6fe1ad7
iteration_1720	98547	cd190342478844b0ac5982867c44fbc1569d1b03581ed5a1fcc15c4eb36642c1
iteration_1721	98641	635beb4b48463ddb469bdca03ca378d770f43499f19acbf0c1925d5e58a2f43e
iteration_1722	98691	f1acf15ec32856e244040c38e9cc3de9183e1d7733cc199c36c8e271d18e89d1
iteration_1723	98736	6213c3c551420c4bb1d3920902bfd0dd58ce578ca913dff304b885edec8b9708
iteration_1724	98847	bd5c0c7c8efc0719b5f2fde4bd92217d11647dd810d4e5aa041d989b8989cd35
iteration_1725	98918	5da5f751595d9d9e776779040a14ab8fbf8afc399a5a88016c8c9a2a1be78629
iteration_1726	98898	8e85a52164bb69e620a7c7e0b9fa0a09903b999b4fe8a6cfd25826911d874f60
iteration_1727	98971	76532a3715c47df4036e21ae47a90d34e9511725d69c631d2196b471f20d9ee2
iteration_1728	99012	9a0064827e608223877a1e235cf6c6932a0680c0a3a6b2a7384793c111471542
iteration_1729	99083	5d4ef93c96a838430cfe2409f20b61cb0650744623274f78f3b1c4e3cfc550d4
iteration_1730	99164	11b598e5b1c9dd7f8c81dd21d25086b3df313782f76af9ff10ebc93aa97b091a
iteration_1731	99188	cf3111969e4e33f9e79168fdb0941321986a00491b16d417195fd59fc273d6fb
iteration_1732	99222	bf4a76c868dd6507af0560106a3e4836fcfc25d2bd978f5723d78f02db1bf84d
iteration_1733	99341	590f75ab8ba2bdb4affc5029befb1da6bc2a8654e6738549482b7ae1853ef589
iteration_1734	99356	7f3332f4bbb49d140b8c0e48eb78cfb0cefa0e1db85c407c87bdb2cd8a96919b
iteration_1735	99424	89bafbf9f68d169297763429e1cb6af3298bac09736b01749e3ca7fcd741ab52
iteration_1736	99513	a24159eb485db41c7d6f079f48186d00cdcffcf166f7390a9f454f3002303aa5
iteration_1737	99544	8c047d85e16064fe1fc78963e0a22e0e86d7c3dcfbb7253554ae2d5cf04b3b1a
iteration_1738	99604	630d0daa08d6f9511f3c56b1ed248e21d732abc2c0946d1e58d3134952bf7a19
iteration_1739	99664	bdf97199d6aff89c155398bdacc876edfa586c9290b2488dfbaa12d5e68ea2d3
iteration_1740	99752	9edafbb25237e318f8218430be73621d05df017e6ad1021636098712641b25fe
iteration_1741	99858	3a2da51150440948dd742929457c9d31154ec334edb74e89aaf34561b9fbe6cd
iteration_1742	99895	3d1c92bc0289cc5409aac6c5d1889c43b3cf6a939455ffb82dc84620a16bbf23
iteration_1743	99912	d3750bd5e0c9da7f79ae8e8152b1d7f4f7917990c60a4a67712940a83191e713
iteration_1744	99941	5b20cc466f65de7fa80bd838fdc42e721d6dd926b13f55a70ab207fcff9a8957
iteration_1745	99980	daf3d0cbfe7650e60ba40c1d4f47d3c72579e4e8aaa6ee63f3c9cd009696f78f
iteration_1746	100097	b70609534c57e017540fcb0000fc182223a2b31899aa8de8ecdb7bf253ee83fe
iteration_1747	100117	fe3f6f3798d9ca023cec72e6c788a50e1e20d0e88266c086fedd9da95cb13630
iteration_1748	100198	f6a5aed0a1cb3b14043754319dce38ef6332453e953666e9e83b63953fb43f05
iteration_1749	100263	539727cbd0382a28392780d9de9e18a6bbb72cc4801c1e147b5a0ee6996dd738
iteration_1750	100367	6a2527db4cd900371304a99340706f557c475c4e7aae150114939e8dc9a48164
iteration_1751	100385	bc03a341e17e0912167455fbbfe92341a51e970e510f83f987f3da7085111117
iteration_1752	100445	7a326282b8a35af3f1b4402292e1b2a9fcbad4b827e44d41ce650d384a943899
iteration_1753	100435	c047f42c50fb7012c9d231f84db45aaf405f354eb227e3520ab762c0f01e81cd
iteration_1754	100551	08ced4144fa0baf888758a17452de6ab1574aa5b5234072c9d2b4c34a268faac
iteration_1755	100583	274e0e2fd0d238c0b543ddfde7cd6affa7aa7ca3a544d4fd862b4430b8f63fe9
iteration_1756	100650	21b766eeac59e3228d84caa8e99296d854482c0684f5ea0df94628b0427984b4
iteration_1757	100713	9dc748c8f4b3433ff122bd7f30f826069a1d0a391acd254dca10e325553baf86
iteration_1758	100808	6fe9aeaf50b6924bab4e0a5cf6cb6a5c8a7ed05f0c2f785bb1aae16229cd6043
iteration_1759	100819	4d538a194bdb159e5f23900e394300d9323aed4a6a16347a68238dcd63bb4956
iteration_1760	100909	415e7632e2e27ec4db0c31fd0e4471d30a4b69e8abd0690e5f58bde40a0670c3
iteration_1761	100996	1ff5480fb77873d5f6c35317738c0add1b92f002f0c4570a09a98e19920306ed
iteration_1762	101033	9001d4500cb8d9f4797170ce6bde50f91c9e16df2dd3122ff1be7dbbe77fa398
iteration_1763	101034	ffbad173a5a6e45bfe1462bf198dc5292d97736849b67c9299bbe76e9e6dfbd6
iteration_1764	101135	b300fe88e7a4c9a5d62599741b9b2e4beb973eeeed51786be5d096447965dcf1
iteration_1765	101197	c1a81e3e0576496df222bb25b2555c23096be78b09b0f4c4ffd09df63960cd38
iteration_1766	101252	4544ee70a8c03209f89743888a2fa84e748c9c4ea63f4020ef776e09bf1812f4
iteration_1767	101313	a49fd4856a72a9c9904d7206c1864e585093cda63f0ae935b1597ddab4fc1fa4
iteration_1768	101371	3a7dda1e412626e3da4b53fd4eea4df26c535ac2d4a62d6c75d95f11383462cb
iteration_1769	101454	34a26e234c046d8f19c153588c312185c2cfc776b8993972bf5504acb2cdbb0e
iteration_1770	101525	81990d344eab7a37506585caf3d482f110dc2ac6ed2095252a5489101dfd54be
iteration_1771	101562	26172ace8f99c276a62f1d621a58e409bf84638e61be6253677cf45fe35d954e
iteration_1772	101574	aa36be49fd5d48e7427886a7f249aaa4e44f489dab642a8c25d08d7668993f70
iteration_1773	101639	d808fbe8cb8360d64bd0a2e958324cf38ad334bd09ce879ab63c4c08dcdb095e
iteration_1774	101751	8b29f74599f45baebbc66db4159d78e76cc3cd98f477012cd61905eed766c256
iteration_1775	101826	4f9155a67dd17f9366c520f59e8e3ffb5332a1c247ba2f00fb258fb00ad67e96
iteration_1776	101946	f5d2ce057b8808235dd0d17cdce6b1f59422b004a56d081ac7bf0ab877ded98f
iteration_1777	101948	25174be76a26dafd897f5fafdea989f57781e52e8f96a33b1864dcb7c06cd886
iteration_1778	102047	f00eb7dd362ea9b8859960de5da22b6bb295de956c286a011f7f1d6e545fb5f2
iteration_1779	102135	f44cf77c7472beeb350b7c6abbda30ee9617fa4187cdb7d3c9b0223f0a0b3444
iteration_1780	102202	8586bf9d2aaec74ae0a8585584241f074888778efebd92ee51523b2af07fa183
iteration_1781	102194	939c615de6f6cd8dfebd120fc43a13be69af4dfd2220fa5cf72c838872342d01
iteration_1782	102241	ad0bf111b59f175cbccdeb27544377bccd6ec2d2549f82175444bda0e3fb3ee1
iteration_1783	102246	6b428012a89c25b6916730539d895a93ef774dcd0ed3870c29a0d98ca24aa27b
iteration_1784	102363	e11a6f073ebb3f413be85a65db30d8c58b470b00c1b02e66d2e69d949ba3331c
iteration_1785	102438	fd1e43e9f19389fc4f9d1f9191460c129713da0c370d764ffa47a54fdd5c1a5f
iteration_1786	102493	90048ea0dbd043895dca6abbec9177ab81f5a083a6fe89edf5961e332f43e5f5
iteration_1787	102540	09340e4db22f2faf16e7b0691295cdca7964ea49a0a9fc81a9ef522865b64e96
iteration_1788	102593	ca08d7953f000ae87afc56d92b8dfef9990fb73ee3c1ca82df430df12487be16
iteration_1789	102715	b650a909d0c2dcf62983c2e2fee9dc59d4c59ec991e0bf6b9f10ec0975c41af3
iteration_1790	102736	ed279c0a13def0e9640e5785703694d89045740fce5bd10733098cdc4214e6a2
iteration_1791	102769	d6b82eae946c0d2540094feb016f18cee26c377cdd66e550ac72e0237c5964bd
iteration_1792	102825	4d2be34e378c960e0b8c7f069b293317b36b339e438e5be2df44d4f3adbfbbe1
iteration_1793	102922	3bfc68d0dafbf6b74fb313d5e37d1534de51431188657bb659a1faade5917da3
iteration_1794	103078	6e00fb73ec7fe2f914cb68cec251f093493f56d0e4e77b5ccc6025a81504fc35
iteration_1795	103104	32cf241848f96e9bc5bd162b846672923115d78d02d9db4a3e9748125d1665a6
iteration_1796	103138	08edb5e446d1494a29bdb39adfc2359c36349f8dd7f69bd4141b57ebc53291d2
iteration_1797	103251	959a1e602e6efdf69feada5996ce2f0f40748a574476205610cd1f68eb64efd6
iteration_1798	103297	121dfd781ae77a0bdcd2a4e9ae690c6423fc3b9a6bc71fcd02d52e4a7f18fe38
iteration_1799	103285	5060ddd849b091061cddcbea13bf72ff827a956000af580aa2dd3e26aa93d0be
iteration_1800	103393	75fa3bc9676c28f939ab4f0cb65eea867c694b10de81ef7da387a5239c860e35
iteration_1801	103428	3c7374503bc107aadb621a5de7c58c3724b9e9c663e51a7993ae047ac9eb6b81
iteration_1802	103460	f93407fb8bbe304279cabce1997e7873d14ffc9b5243ef35900896bfb1c53515
