t_sim_s,step,iteration,x,y,z,wind_u,wind_v,wind_w,wind_speed,wind_direction_rad,seed
0.200000,1,1050,-0.5000,-2.5000,0.3000,-0.024602,-0.006047,-0.010548,0.025334,-2.900558,12
0.400000,2,1051,-0.5000,-2.5000,0.3000,-0.024602,-0.006047,-0.010548,0.025334,-2.900558,12
0.600000,3,1052,-0.5000,-2.5000,0.3000,-0.022726,-0.003818,-0.015855,0.023044,-2.975158,12
0.800000,4,1053,-0.5000,-2.5000,0.3000,-0.022726,-0.003818,-0.015855,0.023044,-2.975158,12
1.000000,5,1054,-0.5000,-2.5000,0.3000,-0.019853,-0.003457,-0.005584,0.020152,-2.969182,12
1.200000,6,1055,-0.5000,-2.5000,0.3000,-0.019853,-0.003457,-0.005584,0.020152,-2.969182,12
1.400000,7,1056,-0.5000,-2.5000,0.3000,-0.021207,-0.002485,-0.014383,0.021352,-3.024956,12
1.600000,8,1057,-0.5000,-2.5000,0.3000,-0.021207,-0.002485,-0.014383,0.021352,-3.024956,12
1.800000,9,1058,-0.5000,-2.5000,0.3000,-0.019953,-0.002917,-0.003410,0.020165,-2.996418,12
2.000000,10,1059,-0.5000,-2.5000,0.3000,-0.019953,-0.002917,-0.003410,0.020165,-2.996418,12
2.200000,11,1060,-0.5000,-2.5000,0.3000,-0.026518,-0.004942,0.004029,0.026975,-2.957346,12
2.400000,12,1061,-0.5000,-2.5000,0.3000,-0.026518,-0.004942,0.004029,0.026975,-2.957346,12
2.600000,13,1062,-0.5000,-2.5000,0.3000,-0.024636,-0.011362,-0.006768,0.027130,-2.709468,12
2.800000,14,1063,-0.5000,-2.5000,0.3000,-0.024636,-0.011362,-0.006768,0.027130,-2.709468,12
3.000000,15,1064,-0.5000,-2.5000,0.3000,-0.020509,-0.001661,-0.008303,0.020576,-3.060761,12
3.200000,16,1065,-0.5000,-2.5000,0.3000,-0.020509,-0.001661,-0.008303,0.020576,-3.060761,12
3.400000,17,1066,-0.5000,-2.5000,0.3000,-0.012778,0.004388,0.000316,0.013511,2.810779,12
3.600000,18,1067,-0.5000,-2.5000,0.3000,-0.012778,0.004388,0.000316,0.013511,2.810779,12
3.800000,19,1068,-0.5000,-2.5000,0.3000,-0.021484,-0.002286,-0.013509,0.021605,-3.035573,12
4.000000,20,1069,-0.5000,-2.5000,0.3000,-0.021484,-0.002286,-0.013509,0.021605,-3.035573,12
4.200000,21,1070,-0.5000,-2.5000,0.3000,-0.024602,-0.006047,-0.010548,0.025334,-2.900558,12
4.400000,22,1071,-0.5000,-2.5000,0.3000,-0.024602,-0.006047,-0.010548,0.025334,-2.900558,12
4.600000,23,1072,-0.5000,-2.5000,0.3000,-0.022726,-0.003818,-0.015855,0.023044,-2.975158,12
4.800000,24,1073,-0.5000,-2.5000,0.3000,-0.022726,-0.003818,-0.015855,0.023044,-2.975158,12
5.000000,25,1074,-0.5000,-2.5000,0.3000,-0.019853,-0.003457,-0.005584,0.020152,-2.969182,12
5.200000,26,1075,-0.5000,-2.5000,0.3000,-0.019853,-0.003457,-0.005584,0.020152,-2.969182,12
5.400000,27,1076,-0.5000,-2.5000,0.3000,-0.021207,-0.002485,-0.014383,0.021352,-3.024956,12
5.600000,28,1077,-0.5000,-2.5000,0.3000,-0.021207,-0.002485,-0.014383,0.021352,-3.024956,12
5.800000,29,1078,-0.5000,-2.5000,0.3000,-0.019953,-0.002917,-0.003410,0.020165,-2.996418,12
6.000000,30,1079,-0.5000,-2.5000,0.3000,-0.019953,-0.002917,-0.003410,0.020165,-2.996418,12
6.200000,31,1080,-0.5000,-2.5000,0.3000,-0.026518,-0.004942,0.004029,0.026975,-2.957346,12
6.400000,32,1081,-0.5000,-2.5000,0.3000,-0.026518,-0.004942,0.004029,0.026975,-2.957346,12
6.600000,33,1082,-0.5000,-2.5000,0.3000,-0.024636,-0.011362,-0.006768,0.027130,-2.709468,12
6.800000,34,1083,-0.5000,-2.5000,0.3000,-0.024636,-0.011362,-0.006768,0.027130,-2.709468,12
7.000000,35,1084,-0.5000,-2.5000,0.3000,-0.020509,-0.001661,-0.008303,0.020576,-3.060761,12
7.200000,36,1085,-0.5000,-2.5000,0.3000,-0.020509,-0.001661,-0.008303,0.020576,-3.060761,12
7.400000,37,1086,-0.5000,-2.5000,0.3000,-0.012778,0.004388,0.000316,0.013511,2.810779,12
7.600000,38,1087,-0.5000,-2.5000,0.3000,-0.012778,0.004388,0.000316,0.013511,2.810779,12
7.800000,39,1088,-0.5000,-2.5000,0.3000,-0.021484,-0.002286,-0.013509,0.021605,-3.035573,12
8.000000,40,1089,-0.5000,-2.5000,0.3000,-0.021484,-0.002286,-0.013509,0.021605,-3.035573,12
8.200000,41,1090,-0.5000,-2.5000,0.3000,-0.024602,-0.006047,-0.010548,0.025334,-2.900558,12
8.400000,42,1091,-0.5000,-2.5000,0.3000,-0.024602,-0.006047,-0.010548,0.025334,-2.900558,12
8.600000,43,1092,-0.5000,-2.5000,0.3000,-0.022726,-0.003818,-0.015855,0.023044,-2.975158,12
8.800000,44,1093,-0.5000,-2.5000,0.3000,-0.022726,-0.003818,-0.015855,0.023044,-2.975158,12
9.000000,45,1094,-0.5000,-2.5000,0.3000,-0.019853,-0.003457,-0.005584,0.020152,-2.969182,12
9.200000,46,1095,-0.5000,-2.5000,0.3000,-0.019853,-0.003457,-0.005584,0.020152,-2.969182,12
9.400000,47,1096,-0.5000,-2.5000,0.3000,-0.021207,-0.002485,-0.014383,0.021352,-3.024956,12
9.600000,48,1097,-0.5000,-2.5000,0.3000,-0.021207,-0.002485,-0.014383,0.021352,-3.024956,12
9.800000,49,1098,-0.5000,-2.5000,0.3000,-0.019953,-0.002917,-0.003410,0.020165,-2.996418,12
10.000000,50,1099,-0.5000,-2.5000,0.3000,-0.019953,-0.002917,-0.003410,0.020165,-2.996418,12
10.200000,51,1100,-0.5000,-2.5000,0.3000,-0.026518,-0.004942,0.004029,0.026975,-2.957346,12
10.400000,52,1101,-0.5000,-2.5000,0.3000,-0.026518,-0.004942,0.004029,0.026975,-2.957346,12
10.600000,53,1102,-0.5000,-2.5000,0.3000,-0.024636,-0.011362,-0.006768,0.027130,-2.709468,12
10.800000,54,1103,-0.5000,-2.5000,0.3000,-0.024636,-0.011362,-0.006768,0.027130,-2.709468,12
11.000000,55,1104,-0.5000,-2.5000,0.3000,-0.020509,-0.001661,-0.008303,0.020576,-3.060761,12
11.200000,56,1105,-0.5000,-2.5000,0.3000,-0.020509,-0.001661,-0.008303,0.020576,-3.060761,12
11.400000,57,1106,-0.5000,-2.5000,0.3000,-0.012778,0.004388,0.000316,0.013511,2.810779,12
11.600000,58,1107,-0.5000,-2.5000,0.3000,-0.012778,0.004388,0.000316,0.013511,2.810779,12
11.800000,59,1108,-0.5000,-2.5000,0.3000,-0.021484,-0.002286,-0.013509,0.021605,-3.035573,12
12.000000,60,1109,-0.5000,-2.5000,0.3000,-0.021484,-0.002286,-0.013509,0.021605,-3.035573,12
12.200000,61,1110,-0.5000,-2.5000,0.3000,-0.024602,-0.006047,-0.010548,0.025334,-2.900558,12
12.400000,62,1111,-0.5000,-2.5000,0.3000,-0.024602,-0.006047,-0.010548,0.025334,-2.900558,12
12.600000,63,1112,-0.5000,-2.5000,0.3000,-0.022726,-0.003818,-0.015855,0.023044,-2.975158,12
12.800000,64,1113,-0.5000,-2.5000,0.3000,-0.022726,-0.003818,-0.015855,0.023044,-2.975158,12
13.000000,65,1114,-0.5000,-2.5000,0.3000,-0.019853,-0.003457,-0.005584,0.020152,-2.969182,12
13.200000,66,1115,-0.5000,-2.5000,0.3000,-0.019853,-0.003457,-0.005584,0.020152,-2.969182,12
13.400000,67,1116,-0.5000,-2.5000,0.3000,-0.021207,-0.002485,-0.014383,0.021352,-3.024956,12
13.600000,68,1117,-0.5000,-2.5000,0.3000,-0.021207,-0.002485,-0.014383,0.021352,-3.024956,12
13.800000,69,1118,-0.5000,-2.5000,0.3000,-0.019953,-0.002917,-0.003410,0.020165,-2.996418,12
14.000000,70,1119,-0.5000,-2.5000,0.3000,-0.019953,-0.002917,-0.003410,0.020165,-2.996418,12
14.200000,71,1120,-0.5000,-2.5000,0.3000,-0.026518,-0.004942,0.004029,0.026975,-2.957346,12
14.400000,72,1121,-0.5000,-2.5000,0.3000,-0.026518,-0.004942,0.004029,0.026975,-2.957346,12
14.600000,73,1122,-0.5000,-2.5000,0.3000,-0.024636,-0.011362,-0.006768,0.027130,-2.709468,12
14.800000,74,1123,-0.5000,-2.5000,0.3000,-0.024636,-0.011362,-0.006768,0.027130,-2.709468,12
15.000000,75,1124,-0.5000,-2.5000,0.3000,-0.020509,-0.001661,-0.008303,0.020576,-3.060761,12
15.200000,76,1125,-0.5000,-2.5000,0.3000,-0.020509,-0.001661,-0.008303,0.020576,-3.060761,12
15.400000,77,1126,-0.5000,-2.5000,0.3000,-0.012778,0.004388,0.000316,0.013511,2.810779,12
15.600000,78,1127,-0.5000,-2.5000,0.3000,-0.012778,0.004388,0.000316,0.013511,2.810779,12
15.800000,79,1128,-0.5000,-2.5000,0.3000,-0.021484,-0.002286,-0.013509,0.021605,-3.035573,12
16.000000,80,1129,-0.5000,-2.5000,0.3000,-0.021484,-0.002286,-0.013509,0.021605,-3.035573,12
16.200000,81,1130,-0.5000,-2.5000,0.3000,-0.024602,-0.006047,-0.010548,0.025334,-2.900558,12
16.400000,82,1131,-0.5000,-2.5000,0.3000,-0.024602,-0.006047,-0.010548,0.025334,-2.900558,12
16.600000,83,1132,-0.5000,-2.5000,0.3000,-0.022726,-0.003818,-0.015855,0.023044,-2.975158,12
16.800000,84,1133,-0.5000,-2.5000,0.3000,-0.022726,-0.003818,-0.015855,0.023044,-2.975158,12
17.000000,85,1134,-0.5000,-2.5000,0.3000,-0.019853,-0.003457,-0.005584,0.020152,-2.969182,12
17.200000,86,1135,-0.5000,-2.5000,0.3000,-0.019853,-0.003457,-0.005584,0.020152,-2.969182,12
17.400000,87,1136,-0.5000,-2.5000,0.3000,-0.021207,-0.002485,-0.014383,0.021352,-3.024956,12
17.600000,88,1137,-0.5000,-2.5000,0.3000,-0.021207,-0.002485,-0.014383,0.021352,-3.024956,12
17.800000,89,1138,-0.5000,-2.5000,0.3000,-0.019953,-0.002917,-0.003410,0.020165,-2.996418,12
18.000000,90,1139,-0.5000,-2.5000,0.3000,-0.019953,-0.002917,-0.003410,0.020165,-2.996418,12
18.200000,91,1140,-0.5000,-2.5000,0.3000,-0.026518,-0.004942,0.004029,0.026975,-2.957346,12
18.400000,92,1141,-0.6855,-2.5009,0.3000,-0.025437,-0.015468,0.001277,0.029771,-2.595245,12
18.600000,93,1142,-0.9855,-2.5009,0.3000,-0.000811,-0.166320,-0.003192,0.166322,-1.575670,12
18.800000,94,1143,-1.2855,-2.5009,0.3000,0.019320,-0.482700,-0.006831,0.483086,-1.530793,12
19.000000,95,1144,-1.5855,-2.5009,0.3000,0.009844,-0.230010,-0.034063,0.230221,-1.528026,12
19.200000,96,1145,-1.6427,-2.5009,0.3000,0.015067,-0.147080,-0.030045,0.147850,-1.468712,12
19.400000,97,1146,-1.6427,-2.5009,0.3000,0.017066,-0.106880,-0.055731,0.108234,-1.412459,12
19.600000,98,1147,-1.6427,-2.5009,0.3000,0.017066,-0.106880,-0.055731,0.108234,-1.412459,12
19.800000,99,1148,-1.6427,-2.5009,0.3000,0.014589,-0.113870,-0.062484,0.114801,-1.443371,12
20.000000,100,1149,-1.6427,-2.5009,0.3000,0.014589,-0.113870,-0.062484,0.114801,-1.443371,12
20.200000,101,1150,-1.6427,-2.5009,0.3000,0.014251,-0.118540,-0.060955,0.119394,-1.451150,12
20.400000,102,1151,-1.6427,-2.5009,0.3000,0.014251,-0.118540,-0.060955,0.119394,-1.451150,12
20.600000,103,1152,-1.6427,-2.5009,0.3000,0.015704,-0.117630,-0.061612,0.118674,-1.438078,12
20.800000,104,1153,-1.6427,-2.5009,0.3000,0.015704,-0.117630,-0.061612,0.118674,-1.438078,12
21.000000,105,1154,-1.6427,-2.5009,0.3000,0.016155,-0.116170,-0.061670,0.117288,-1.432619,12
21.200000,106,1155,-1.6427,-2.5009,0.3000,0.016155,-0.116170,-0.061670,0.117288,-1.432619,12
21.400000,107,1156,-1.6427,-2.5009,0.3000,0.016748,-0.112810,-0.062226,0.114046,-1.423411,12
21.600000,108,1157,-1.6427,-2.5009,0.3000,0.016748,-0.112810,-0.062226,0.114046,-1.423411,12
21.800000,109,1158,-1.6427,-2.5009,0.3000,0.016486,-0.112460,-0.062608,0.113662,-1.425239,12
22.000000,110,1159,-1.6427,-2.5009,0.3000,0.016486,-0.112460,-0.062608,0.113662,-1.425239,12
22.200000,111,1160,-1.6427,-2.5009,0.3000,-0.032476,-0.241420,0.003546,0.243595,-1.704514,12
22.400000,112,1161,-1.6427,-2.5009,0.3000,-0.032476,-0.241420,0.003546,0.243595,-1.704514,12
22.600000,113,1162,-1.6427,-2.5009,0.3000,0.018738,-0.163110,0.001388,0.164183,-1.456418,12
22.800000,114,1163,-1.6427,-2.5009,0.3000,0.018738,-0.163110,0.001388,0.164183,-1.456418,12
23.000000,115,1164,-1.6427,-2.5009,0.3000,0.015067,-0.147080,-0.030045,0.147850,-1.468712,12
23.200000,116,1165,-1.6427,-2.5009,0.3000,0.015067,-0.147080,-0.030045,0.147850,-1.468712,12
23.400000,117,1166,-1.6427,-2.5009,0.3000,0.017066,-0.106880,-0.055731,0.108234,-1.412459,12
23.600000,118,1167,-1.6427,-2.5009,0.3000,0.017066,-0.106880,-0.055731,0.108234,-1.412459,12
23.800000,119,1168,-1.6427,-2.5009,0.3000,0.014589,-0.113870,-0.062484,0.114801,-1.443371,12
24.000000,120,1169,-1.6427,-2.5009,0.3000,0.014589,-0.113870,-0.062484,0.114801,-1.443371,12
24.200000,121,1170,-1.6427,-2.5009,0.3000,0.014251,-0.118540,-0.060955,0.119394,-1.451150,12
24.400000,122,1171,-1.6427,-2.5009,0.3000,0.014251,-0.118540,-0.060955,0.119394,-1.451150,12
24.600000,123,1172,-1.6427,-2.5009,0.3000,0.015704,-0.117630,-0.061612,0.118674,-1.438078,12
24.800000,124,1173,-1.6427,-2.5009,0.3000,0.015704,-0.117630,-0.061612,0.118674,-1.438078,12
25.000000,125,1174,-1.6427,-2.5009,0.3000,0.016155,-0.116170,-0.061670,0.117288,-1.432619,12
25.200000,126,1175,-1.6427,-2.5009,0.3000,0.016155,-0.116170,-0.061670,0.117288,-1.432619,12
25.400000,127,1176,-1.6427,-2.5009,0.3000,0.016748,-0.112810,-0.062226,0.114046,-1.423411,12
25.600000,128,1177,-1.6427,-2.5009,0.3000,0.016748,-0.112810,-0.062226,0.114046,-1.423411,12
25.800000,129,1178,-1.6427,-2.5009,0.3000,0.016486,-0.112460,-0.062608,0.113662,-1.425239,12
26.000000,130,1179,-1.6427,-2.5009,0.3000,0.016486,-0.112460,-0.062608,0.113662,-1.425239,12
26.200000,131,1180,-1.6427,-2.5009,0.3000,-0.032476,-0.241420,0.003546,0.243595,-1.704514,12
26.400000,132,1181,-1.6427,-2.5009,0.3000,-0.032476,-0.241420,0.003546,0.243595,-1.704514,12
26.600000,133,1182,-1.6427,-2.5009,0.3000,0.018738,-0.163110,0.001388,0.164183,-1.456418,12
26.800000,134,1183,-1.6427,-2.5009,0.3000,0.018738,-0.163110,0.001388,0.164183,-1.456418,12
27.000000,135,1184,-1.6427,-2.5009,0.3000,0.015067,-0.147080,-0.030045,0.147850,-1.468712,12
27.200000,136,1185,-1.6427,-2.5009,0.3000,0.015067,-0.147080,-0.030045,0.147850,-1.468712,12
27.400000,137,1186,-1.6427,-2.5009,0.3000,0.017066,-0.106880,-0.055731,0.108234,-1.412459,12
27.600000,138,1187,-1.6427,-2.5009,0.3000,0.017066,-0.106880,-0.055731,0.108234,-1.412459,12
27.800000,139,1188,-1.6427,-2.5009,0.3000,0.014589,-0.113870,-0.062484,0.114801,-1.443371,12
28.000000,140,1189,-1.6427,-2.5009,0.3000,0.014589,-0.113870,-0.062484,0.114801,-1.443371,12
28.200000,141,1190,-1.6427,-2.5009,0.3000,0.014251,-0.118540,-0.060955,0.119394,-1.451150,12
28.400000,142,1191,-1.6427,-2.5009,0.3000,0.014251,-0.118540,-0.060955,0.119394,-1.451150,12
28.600000,143,1192,-1.6427,-2.5009,0.3000,0.015704,-0.117630,-0.061612,0.118674,-1.438078,12
28.800000,144,1193,-1.6427,-2.5009,0.3000,0.015704,-0.117630,-0.061612,0.118674,-1.438078,12
29.000000,145,1194,-1.6427,-2.5009,0.3000,0.016155,-0.116170,-0.061670,0.117288,-1.432619,12
29.200000,146,1195,-1.6427,-2.5009,0.3000,0.016155,-0.116170,-0.061670,0.117288,-1.432619,12
29.400000,147,1196,-1.6427,-2.5009,0.3000,0.016748,-0.112810,-0.062226,0.114046,-1.423411,12
29.600000,148,1197,-1.6427,-2.5009,0.3000,0.016748,-0.112810,-0.062226,0.114046,-1.423411,12
29.800000,149,1198,-1.6427,-2.5009,0.3000,0.016486,-0.112460,-0.062608,0.113662,-1.425239,12
30.000000,150,1199,-1.6427,-2.5009,0.3000,0.016486,-0.112460,-0.062608,0.113662,-1.425239,12
30.200000,151,1200,-1.6427,-2.5009,0.3000,-0.032476,-0.241420,0.003546,0.243595,-1.704514,12
30.400000,152,1201,-1.6427,-2.5009,0.3000,-0.032476,-0.241420,0.003546,0.243595,-1.704514,12
30.600000,153,1202,-1.6427,-2.5009,0.3000,0.018738,-0.163110,0.001388,0.164183,-1.456418,12
30.800000,154,1203,-1.6427,-2.5009,0.3000,0.018738,-0.163110,0.001388,0.164183,-1.456418,12
31.000000,155,1204,-1.6427,-2.5009,0.3000,0.015067,-0.147080,-0.030045,0.147850,-1.468712,12
31.200000,156,1205,-1.6427,-2.5009,0.3000,0.015067,-0.147080,-0.030045,0.147850,-1.468712,12
31.400000,157,1206,-1.6427,-2.5009,0.3000,0.017066,-0.106880,-0.055731,0.108234,-1.412459,12
31.600000,158,1207,-1.6427,-2.5009,0.3000,0.017066,-0.106880,-0.055731,0.108234,-1.412459,12
31.800000,159,1208,-1.6427,-2.5009,0.3000,0.014589,-0.113870,-0.062484,0.114801,-1.443371,12
32.000000,160,1209,-1.6427,-2.5009,0.3000,0.014589,-0.113870,-0.062484,0.114801,-1.443371,12
32.200000,161,1210,-1.6427,-2.5009,0.3000,0.014251,-0.118540,-0.060955,0.119394,-1.451150,12
32.400000,162,1211,-1.6427,-2.5009,0.3000,0.014251,-0.118540,-0.060955,0.119394,-1.451150,12
32.600000,163,1212,-1.6427,-2.5009,0.3000,0.015704,-0.117630,-0.061612,0.118674,-1.438078,12
32.800000,164,1213,-1.6427,-2.5009,0.3000,0.015704,-0.117630,-0.061612,0.118674,-1.438078,12
33.000000,165,1214,-1.6427,-2.5009,0.3000,0.016155,-0.116170,-0.061670,0.117288,-1.432619,12
33.200000,166,1215,-1.6427,-2.5009,0.3000,0.016155,-0.116170,-0.061670,0.117288,-1.432619,12
33.400000,167,1216,-1.6427,-2.5009,0.3000,0.016748,-0.112810,-0.062226,0.114046,-1.423411,12
33.600000,168,1217,-1.6427,-2.5009,0.3000,0.016748,-0.112810,-0.062226,0.114046,-1.423411,12
33.800000,169,1218,-1.6427,-2.5009,0.3000,0.016486,-0.112460,-0.062608,0.113662,-1.425239,12
34.000000,170,1219,-1.6427,-2.5009,0.3000,0.016486,-0.112460,-0.062608,0.113662,-1.425239,12
34.200000,171,1220,-1.6427,-2.5009,0.3000,-0.032476,-0.241420,0.003546,0.243595,-1.704514,12
34.400000,172,1221,-1.6427,-2.5009,0.3000,-0.032476,-0.241420,0.003546,0.243595,-1.704514,12
34.600000,173,1222,-1.6427,-2.5009,0.3000,0.018738,-0.163110,0.001388,0.164183,-1.456418,12
34.800000,174,1223,-1.6427,-2.5009,0.3000,0.018738,-0.163110,0.001388,0.164183,-1.456418,12
35.000000,175,1224,-1.6427,-2.5009,0.3000,0.015067,-0.147080,-0.030045,0.147850,-1.468712,12
35.200000,176,1225,-1.6427,-2.5009,0.3000,0.015067,-0.147080,-0.030045,0.147850,-1.468712,12
35.400000,177,1226,-1.9427,-2.5009,0.3000,0.024642,-0.060172,-0.048235,0.065022,-1.182105,12
35.600000,178,1227,-2.2427,-2.5009,0.3000,0.026061,-0.049354,-0.036850,0.055812,-1.084967,12
35.800000,179,1228,-2.5427,-2.5009,0.3000,0.018978,-0.041651,-0.024121,0.045771,-1.143259,12
36.000000,180,1229,-2.5427,-2.5009,0.3000,0.018978,-0.041651,-0.024121,0.045771,-1.143259,12
36.200000,181,1230,-2.5427,-2.5009,0.3000,0.021962,-0.043241,-0.024691,0.048499,-1.100851,12
36.400000,182,1231,-2.5427,-2.5009,0.3000,0.021962,-0.043241,-0.024691,0.048499,-1.100851,12
36.600000,183,1232,-2.5427,-2.5009,0.3000,0.022580,-0.042281,-0.025436,0.047933,-1.080284,12
36.800000,184,1233,-2.5427,-2.5009,0.3000,0.022580,-0.042281,-0.025436,0.047933,-1.080284,12
37.000000,185,1234,-2.5427,-2.5009,0.3000,0.023001,-0.043281,-0.024857,0.049013,-1.082319,12
37.200000,186,1235,-2.5427,-2.5009,0.3000,0.023001,-0.043281,-0.024857,0.049013,-1.082319,12
37.400000,187,1236,-2.5427,-2.5009,0.3000,0.021066,-0.041361,-0.024535,0.046417,-1.099720,12
37.600000,188,1237,-2.5427,-2.5009,0.3000,0.021066,-0.041361,-0.024535,0.046417,-1.099720,12
37.800000,189,1238,-2.5427,-2.5009,0.3000,0.022363,-0.043052,-0.023941,0.048514,-1.091717,12
38.000000,190,1239,-2.5427,-2.5009,0.3000,0.022363,-0.043052,-0.023941,0.048514,-1.091717,12
38.200000,191,1240,-2.5427,-2.5009,0.3000,-0.012747,0.016465,0.002035,0.020823,2.229599,12
38.400000,192,1241,-2.5427,-2.5009,0.3000,-0.012747,0.016465,0.002035,0.020823,2.229599,12
38.600000,193,1242,-2.5427,-2.5009,0.3000,0.034091,-0.017047,0.015492,0.038116,-0.463683,12
38.800000,194,1243,-2.5427,-2.5009,0.3000,0.034091,-0.017047,0.015492,0.038116,-0.463683,12
39.000000,195,1244,-2.5427,-2.5009,0.3000,0.026765,-0.032234,-0.010826,0.041897,-0.877830,12
39.200000,196,1245,-2.5427,-2.5009,0.3000,0.026765,-0.032234,-0.010826,0.041897,-0.877830,12
39.400000,197,1246,-2.5427,-2.5009,0.3000,0.022694,-0.043787,-0.022819,0.049319,-1.092631,12
39.600000,198,1247,-2.5427,-2.5009,0.3000,0.022694,-0.043787,-0.022819,0.049319,-1.092631,12
39.800000,199,1248,-2.5427,-2.5009,0.3000,0.018978,-0.041651,-0.024121,0.045771,-1.143259,12
40.000000,200,1249,-2.5427,-2.5009,0.3000,0.018978,-0.041651,-0.024121,0.045771,-1.143259,12
40.200000,201,1250,-2.5427,-2.5009,0.3000,0.021962,-0.043241,-0.024691,0.048499,-1.100851,12
40.400000,202,1251,-2.5427,-2.5009,0.3000,0.021962,-0.043241,-0.024691,0.048499,-1.100851,12
40.600000,203,1252,-2.5427,-2.5009,0.3000,0.022580,-0.042281,-0.025436,0.047933,-1.080284,12
40.800000,204,1253,-2.5427,-2.5009,0.3000,0.022580,-0.042281,-0.025436,0.047933,-1.080284,12
41.000000,205,1254,-2.5427,-2.5009,0.3000,0.023001,-0.043281,-0.024857,0.049013,-1.082319,12
41.200000,206,1255,-2.5427,-2.5009,0.3000,0.023001,-0.043281,-0.024857,0.049013,-1.082319,12
41.400000,207,1256,-2.5427,-2.5009,0.3000,0.021066,-0.041361,-0.024535,0.046417,-1.099720,12
41.600000,208,1257,-2.5427,-2.5009,0.3000,0.021066,-0.041361,-0.024535,0.046417,-1.099720,12
41.800000,209,1258,-2.5427,-2.5009,0.3000,0.022363,-0.043052,-0.023941,0.048514,-1.091717,12
42.000000,210,1259,-2.5427,-2.5009,0.3000,0.022363,-0.043052,-0.023941,0.048514,-1.091717,12
42.200000,211,1260,-2.5427,-2.5009,0.3000,-0.012747,0.016465,0.002035,0.020823,2.229599,12
42.400000,212,1261,-2.5427,-2.5009,0.3000,-0.012747,0.016465,0.002035,0.020823,2.229599,12
42.600000,213,1262,-2.5427,-2.5009,0.3000,0.034091,-0.017047,0.015492,0.038116,-0.463683,12
42.800000,214,1263,-2.5427,-2.5009,0.3000,0.034091,-0.017047,0.015492,0.038116,-0.463683,12
43.000000,215,1264,-2.5427,-2.5009,0.3000,0.026765,-0.032234,-0.010826,0.041897,-0.877830,12
43.200000,216,1265,-2.5427,-2.5009,0.3000,0.026765,-0.032234,-0.010826,0.041897,-0.877830,12
43.400000,217,1266,-2.5427,-2.5009,0.3000,0.022694,-0.043787,-0.022819,0.049319,-1.092631,12
43.600000,218,1267,-2.5427,-2.5009,0.3000,0.022694,-0.043787,-0.022819,0.049319,-1.092631,12
43.800000,219,1268,-2.5427,-2.5009,0.3000,0.018978,-0.041651,-0.024121,0.045771,-1.143259,12
44.000000,220,1269,-2.5427,-2.5009,0.3000,0.018978,-0.041651,-0.024121,0.045771,-1.143259,12
44.200000,221,1270,-2.5427,-2.5009,0.3000,0.021962,-0.043241,-0.024691,0.048499,-1.100851,12
44.400000,222,1271,-2.5427,-2.5009,0.3000,0.021962,-0.043241,-0.024691,0.048499,-1.100851,12
44.600000,223,1272,-2.5427,-2.5009,0.3000,0.022580,-0.042281,-0.025436,0.047933,-1.080284,12
44.800000,224,1273,-2.5427,-2.5009,0.3000,0.022580,-0.042281,-0.025436,0.047933,-1.080284,12
45.000000,225,1274,-2.5427,-2.5009,0.3000,0.023001,-0.043281,-0.024857,0.049013,-1.082319,12
45.200000,226,1275,-2.5427,-2.5009,0.3000,0.023001,-0.043281,-0.024857,0.049013,-1.082319,12
45.400000,227,1276,-2.5427,-2.5009,0.3000,0.021066,-0.041361,-0.024535,0.046417,-1.099720,12
45.600000,228,1277,-2.5427,-2.5009,0.3000,0.021066,-0.041361,-0.024535,0.046417,-1.099720,12
45.800000,229,1278,-2.5427,-2.5009,0.3000,0.022363,-0.043052,-0.023941,0.048514,-1.091717,12
46.000000,230,1279,-2.5427,-2.5009,0.3000,0.022363,-0.043052,-0.023941,0.048514,-1.091717,12
46.200000,231,1280,-2.5427,-2.5009,0.3000,-0.012747,0.016465,0.002035,0.020823,2.229599,12
46.400000,232,1281,-2.5427,-2.5009,0.3000,-0.012747,0.016465,0.002035,0.020823,2.229599,12
46.600000,233,1282,-2.5427,-2.5009,0.3000,0.034091,-0.017047,0.015492,0.038116,-0.463683,12
46.800000,234,1283,-2.5427,-2.5009,0.3000,0.034091,-0.017047,0.015492,0.038116,-0.463683,12
47.000000,235,1284,-2.5427,-2.5009,0.3000,0.026765,-0.032234,-0.010826,0.041897,-0.877830,12
47.200000,236,1285,-2.5427,-2.5009,0.3000,0.026765,-0.032234,-0.010826,0.041897,-0.877830,12
47.400000,237,1286,-2.5427,-2.5009,0.3000,0.022694,-0.043787,-0.022819,0.049319,-1.092631,12
47.600000,238,1287,-2.5427,-2.5009,0.3000,0.022694,-0.043787,-0.022819,0.049319,-1.092631,12
47.800000,239,1288,-2.5427,-2.5009,0.3000,0.018978,-0.041651,-0.024121,0.045771,-1.143259,12
48.000000,240,1289,-2.5427,-2.5009,0.3000,0.018978,-0.041651,-0.024121,0.045771,-1.143259,12
48.200000,241,1290,-2.5427,-2.5009,0.3000,0.021962,-0.043241,-0.024691,0.048499,-1.100851,12
48.400000,242,1291,-2.5427,-2.5009,0.3000,0.021962,-0.043241,-0.024691,0.048499,-1.100851,12
48.600000,243,1292,-2.5427,-2.5009,0.3000,0.022580,-0.042281,-0.025436,0.047933,-1.080284,12
48.800000,244,1293,-2.5427,-2.5009,0.3000,0.022580,-0.042281,-0.025436,0.047933,-1.080284,12
49.000000,245,1294,-2.5427,-2.5009,0.3000,0.023001,-0.043281,-0.024857,0.049013,-1.082319,12
49.200000,246,1295,-2.5427,-2.5009,0.3000,0.023001,-0.043281,-0.024857,0.049013,-1.082319,12
49.400000,247,1296,-2.5427,-2.5009,0.3000,0.021066,-0.041361,-0.024535,0.046417,-1.099720,12
49.600000,248,1297,-2.5427,-2.5009,0.3000,0.021066,-0.041361,-0.024535,0.046417,-1.099720,12
49.800000,249,1298,-2.5427,-2.5009,0.3000,0.022363,-0.043052,-0.023941,0.048514,-1.091717,12
50.000000,250,1299,-2.5427,-2.5009,0.3000,0.022363,-0.043052,-0.023941,0.048514,-1.091717,12
50.200000,251,1300,-2.5427,-2.5009,0.3000,-0.012747,0.016465,0.002035,0.020823,2.229599,12
50.400000,252,1301,-2.5427,-2.5009,0.3000,-0.012747,0.016465,0.002035,0.020823,2.229599,12
50.600000,253,1302,-2.5427,-2.5009,0.3000,0.034091,-0.017047,0.015492,0.038116,-0.463683,12
50.800000,254,1303,-2.5427,-2.5009,0.3000,0.034091,-0.017047,0.015492,0.038116,-0.463683,12
51.000000,255,1304,-2.5427,-2.5009,0.3000,0.026765,-0.032234,-0.010826,0.041897,-0.877830,12
51.200000,256,1305,-2.5427,-2.5009,0.3000,0.026765,-0.032234,-0.010826,0.041897,-0.877830,12
51.400000,257,1306,-2.5427,-2.5009,0.3000,0.022694,-0.043787,-0.022819,0.049319,-1.092631,12
51.600000,258,1307,-2.5427,-2.5009,0.3000,0.022694,-0.043787,-0.022819,0.049319,-1.092631,12
51.800000,259,1308,-2.5427,-2.5009,0.3000,0.018978,-0.041651,-0.024121,0.045771,-1.143259,12
52.000000,260,1309,-2.5427,-2.5009,0.3000,0.018978,-0.041651,-0.024121,0.045771,-1.143259,12
52.200000,261,1310,-2.5427,-2.5009,0.3000,0.021962,-0.043241,-0.024691,0.048499,-1.100851,12
52.400000,262,1311,-2.5427,-2.5009,0.3000,0.021962,-0.043241,-0.024691,0.048499,-1.100851,12
52.600000,263,1312,-2.5427,-2.5009,0.3000,0.022580,-0.042281,-0.025436,0.047933,-1.080284,12
52.800000,264,1313,-2.5427,-2.5009,0.3000,0.022580,-0.042281,-0.025436,0.047933,-1.080284,12
53.000000,265,1314,-2.8427,-2.5009,0.3000,0.011682,-0.047012,-0.007191,0.048442,-1.327240,12
53.200000,266,1315,-3.1427,-2.5009,0.3000,-0.007097,-0.045597,0.004220,0.046146,-1.725204,12
53.400000,267,1316,-3.4427,-2.5009,0.3000,-0.020342,-0.033784,0.013827,0.039435,-2.112773,12
53.600000,268,1317,-3.4427,-2.5009,0.3000,-0.020342,-0.033784,0.013827,0.039435,-2.112773,12
53.800000,269,1318,-3.4427,-2.5009,0.3000,-0.019932,-0.035276,0.014199,0.040518,-2.085106,12
54.000000,270,1319,-3.4427,-2.5009,0.3000,-0.019932,-0.035276,0.014199,0.040518,-2.085106,12
54.200000,271,1320,-3.4427,-2.5009,0.3000,0.010689,0.011234,0.003681,0.015507,0.810253,12
54.400000,272,1321,-3.4427,-2.5009,0.3000,0.010689,0.011234,0.003681,0.015507,0.810253,12
54.600000,273,1322,-3.4427,-2.5009,0.3000,0.027040,0.011874,0.016548,0.029532,0.413775,12
54.800000,274,1323,-3.4427,-2.5009,0.3000,0.027040,0.011874,0.016548,0.029532,0.413775,12
55.000000,275,1324,-3.4427,-2.5009,0.3000,0.011294,-0.012375,0.002324,0.016754,-0.831038,12
55.200000,276,1325,-3.4427,-2.5009,0.3000,0.011294,-0.012375,0.002324,0.016754,-0.831038,12
55.400000,277,1326,-3.4427,-2.5009,0.3000,-0.015318,-0.029871,0.012138,0.033570,-2.044635,12
55.600000,278,1327,-3.4427,-2.5009,0.3000,-0.015318,-0.029871,0.012138,0.033570,-2.044635,12
55.800000,279,1328,-3.4427,-2.5009,0.3000,-0.022409,-0.034318,0.017590,0.040986,-2.149264,12
56.000000,280,1329,-3.4427,-2.5009,0.3000,-0.022409,-0.034318,0.017590,0.040986,-2.149264,12
56.200000,281,1330,-3.4427,-2.5009,0.3000,-0.019232,-0.033748,0.011026,0.038843,-2.088767,12
56.400000,282,1331,-3.4427,-2.5009,0.3000,-0.019232,-0.033748,0.011026,0.038843,-2.088767,12
56.600000,283,1332,-3.4427,-2.5009,0.3000,-0.018841,-0.034944,0.012371,0.039700,-2.065292,12
56.800000,284,1333,-3.4427,-2.5009,0.3000,-0.018841,-0.034944,0.012371,0.039700,-2.065292,12
57.000000,285,1334,-3.4427,-2.5009,0.3000,-0.019988,-0.034912,0.013332,0.040229,-2.090769,12
57.200000,286,1335,-3.4427,-2.5009,0.3000,-0.019988,-0.034912,0.013332,0.040229,-2.090769,12
57.400000,287,1336,-3.4427,-2.5009,0.3000,-0.020342,-0.033784,0.013827,0.039435,-2.112773,12
57.600000,288,1337,-3.4427,-2.5009,0.3000,-0.020342,-0.033784,0.013827,0.039435,-2.112773,12
57.800000,289,1338,-3.4427,-2.5009,0.3000,-0.019932,-0.035276,0.014199,0.040518,-2.085106,12
58.000000,290,1339,-3.4427,-2.5009,0.3000,-0.019932,-0.035276,0.014199,0.040518,-2.085106,12
58.200000,291,1340,-3.4427,-2.5009,0.3000,0.010689,0.011234,0.003681,0.015507,0.810253,12
58.400000,292,1341,-3.4427,-2.5009,0.3000,0.010689,0.011234,0.003681,0.015507,0.810253,12
58.600000,293,1342,-3.4427,-2.5009,0.3000,0.027040,0.011874,0.016548,0.029532,0.413775,12
58.800000,294,1343,-3.4427,-2.5009,0.3000,0.027040,0.011874,0.016548,0.029532,0.413775,12
59.000000,295,1344,-3.4427,-2.5009,0.3000,0.011294,-0.012375,0.002324,0.016754,-0.831038,12
59.200000,296,1345,-3.4427,-2.5009,0.3000,0.011294,-0.012375,0.002324,0.016754,-0.831038,12
59.400000,297,1346,-3.4427,-2.5009,0.3000,-0.015318,-0.029871,0.012138,0.033570,-2.044635,12
59.600000,298,1347,-3.4427,-2.5009,0.3000,-0.015318,-0.029871,0.012138,0.033570,-2.044635,12
59.800000,299,1348,-3.4427,-2.5009,0.3000,-0.022409,-0.034318,0.017590,0.040986,-2.149264,12
60.000000,300,1349,-3.4427,-2.5009,0.3000,-0.022409,-0.034318,0.017590,0.040986,-2.149264,12
60.200000,301,1350,-3.4427,-2.5009,0.3000,-0.019232,-0.033748,0.011026,0.038843,-2.088767,12
60.400000,302,1351,-3.4427,-2.5009,0.3000,-0.019232,-0.033748,0.011026,0.038843,-2.088767,12
60.600000,303,1352,-3.4427,-2.5009,0.3000,-0.018841,-0.034944,0.012371,0.039700,-2.065292,12
60.800000,304,1353,-3.4427,-2.5009,0.3000,-0.018841,-0.034944,0.012371,0.039700,-2.065292,12
61.000000,305,1354,-3.4427,-2.5009,0.3000,-0.019988,-0.034912,0.013332,0.040229,-2.090769,12
61.200000,306,1355,-3.4427,-2.5009,0.3000,-0.019988,-0.034912,0.013332,0.040229,-2.090769,12
61.400000,307,1356,-3.4427,-2.5009,0.3000,-0.020342,-0.033784,0.013827,0.039435,-2.112773,12
61.600000,308,1357,-3.4427,-2.5009,0.3000,-0.020342,-0.033784,0.013827,0.039435,-2.112773,12
61.800000,309,1358,-3.4427,-2.5009,0.3000,-0.019932,-0.035276,0.014199,0.040518,-2.085106,12
62.000000,310,1359,-3.4427,-2.5009,0.3000,-0.019932,-0.035276,0.014199,0.040518,-2.085106,12
62.200000,311,1360,-3.4427,-2.5009,0.3000,0.010689,0.011234,0.003681,0.015507,0.810253,12
62.400000,312,1361,-3.4427,-2.5009,0.3000,0.010689,0.011234,0.003681,0.015507,0.810253,12
62.600000,313,1362,-3.4427,-2.5009,0.3000,0.027040,0.011874,0.016548,0.029532,0.413775,12
62.800000,314,1363,-3.4427,-2.5009,0.3000,0.027040,0.011874,0.016548,0.029532,0.413775,12
63.000000,315,1364,-3.4427,-2.5009,0.3000,0.011294,-0.012375,0.002324,0.016754,-0.831038,12
63.200000,316,1365,-3.4427,-2.5009,0.3000,0.011294,-0.012375,0.002324,0.016754,-0.831038,12
63.400000,317,1366,-3.4427,-2.5009,0.3000,-0.015318,-0.029871,0.012138,0.033570,-2.044635,12
63.600000,318,1367,-3.4427,-2.5009,0.3000,-0.015318,-0.029871,0.012138,0.033570,-2.044635,12
63.800000,319,1368,-3.4427,-2.5009,0.3000,-0.022409,-0.034318,0.017590,0.040986,-2.149264,12
64.000000,320,1369,-3.4427,-2.5009,0.3000,-0.022409,-0.034318,0.017590,0.040986,-2.149264,12
64.200000,321,1370,-3.4427,-2.5009,0.3000,-0.019232,-0.033748,0.011026,0.038843,-2.088767,12
64.400000,322,1371,-3.4427,-2.5009,0.3000,-0.019232,-0.033748,0.011026,0.038843,-2.088767,12
64.600000,323,1372,-3.4427,-2.5009,0.3000,-0.018841,-0.034944,0.012371,0.039700,-2.065292,12
64.800000,324,1373,-3.4427,-2.5009,0.3000,-0.018841,-0.034944,0.012371,0.039700,-2.065292,12
65.000000,325,1374,-3.4427,-2.5009,0.3000,-0.019988,-0.034912,0.013332,0.040229,-2.090769,12
65.200000,326,1375,-3.4427,-2.5009,0.3000,-0.019988,-0.034912,0.013332,0.040229,-2.090769,12
65.400000,327,1376,-3.4427,-2.5009,0.3000,-0.020342,-0.033784,0.013827,0.039435,-2.112773,12
65.600000,328,1377,-3.4427,-2.5009,0.3000,-0.020342,-0.033784,0.013827,0.039435,-2.112773,12
65.800000,329,1378,-3.4427,-2.5009,0.3000,-0.019932,-0.035276,0.014199,0.040518,-2.085106,12
66.000000,330,1379,-3.4427,-2.5009,0.3000,-0.019932,-0.035276,0.014199,0.040518,-2.085106,12
66.200000,331,1380,-3.4427,-2.5009,0.3000,0.010689,0.011234,0.003681,0.015507,0.810253,12
66.400000,332,1381,-3.4427,-2.5009,0.3000,0.010689,0.011234,0.003681,0.015507,0.810253,12
66.600000,333,1382,-3.4427,-2.5009,0.3000,0.027040,0.011874,0.016548,0.029532,0.413775,12
66.800000,334,1383,-3.4427,-2.5009,0.3000,0.027040,0.011874,0.016548,0.029532,0.413775,12
67.000000,335,1384,-3.4427,-2.5009,0.3000,0.011294,-0.012375,0.002324,0.016754,-0.831038,12
67.200000,336,1385,-3.4427,-2.5009,0.3000,0.011294,-0.012375,0.002324,0.016754,-0.831038,12
67.400000,337,1386,-3.4427,-2.5009,0.3000,-0.015318,-0.029871,0.012138,0.033570,-2.044635,12
67.600000,338,1387,-3.4427,-2.5009,0.3000,-0.015318,-0.029871,0.012138,0.033570,-2.044635,12
67.800000,339,1388,-3.4427,-2.5009,0.3000,-0.022409,-0.034318,0.017590,0.040986,-2.149264,12
68.000000,340,1389,-3.4427,-2.5009,0.3000,-0.022409,-0.034318,0.017590,0.040986,-2.149264,12
68.200000,341,1390,-3.4427,-2.5009,0.3000,-0.019232,-0.033748,0.011026,0.038843,-2.088767,12
68.400000,342,1391,-3.4427,-2.5009,0.3000,-0.019232,-0.033748,0.011026,0.038843,-2.088767,12
68.600000,343,1392,-3.4427,-2.5009,0.3000,-0.018841,-0.034944,0.012371,0.039700,-2.065292,12
68.800000,344,1393,-3.4427,-2.5009,0.3000,-0.018841,-0.034944,0.012371,0.039700,-2.065292,12
69.000000,345,1394,-3.4427,-2.5009,0.3000,-0.019988,-0.034912,0.013332,0.040229,-2.090769,12
69.200000,346,1395,-3.4427,-2.5009,0.3000,-0.019988,-0.034912,0.013332,0.040229,-2.090769,12
69.400000,347,1396,-3.4427,-2.5009,0.3000,-0.020342,-0.033784,0.013827,0.039435,-2.112773,12
69.600000,348,1397,-3.4427,-2.5009,0.3000,-0.020342,-0.033784,0.013827,0.039435,-2.112773,12
69.800000,349,1398,-3.4427,-2.5009,0.3000,-0.019932,-0.035276,0.014199,0.040518,-2.085106,12
70.000000,350,1399,-3.4427,-2.5009,0.3000,-0.019932,-0.035276,0.014199,0.040518,-2.085106,12
70.200000,351,1400,-3.4427,-2.5009,0.3000,0.010689,0.011234,0.003681,0.015507,0.810253,12
70.400000,352,1401,-3.4427,-2.5009,0.3000,0.010689,0.011234,0.003681,0.015507,0.810253,12
70.600000,353,1402,-3.4427,-2.5009,0.3000,0.027040,0.011874,0.016548,0.029532,0.413775,12
70.800000,354,1403,-3.4427,-2.5009,0.3000,0.027040,0.011874,0.016548,0.029532,0.413775,12
71.000000,355,1404,-3.6549,-2.7130,0.3000,-0.001274,-0.008363,0.000459,0.008459,-1.721991,12
71.200000,356,1405,-3.8670,-2.9251,0.3000,-0.013469,-0.004295,-0.001803,0.014137,-2.832919,12
71.400000,357,1406,-4.0427,-3.1009,0.3000,-0.049274,-0.003110,0.012419,0.049372,-3.078562,12
71.600000,358,1407,-4.0427,-3.1009,0.3000,-0.049274,-0.003110,0.012419,0.049372,-3.078562,12
71.800000,359,1408,-4.0427,-3.1009,0.3000,-0.066327,0.011615,0.012495,0.067336,2.968233,12
72.000000,360,1409,-4.0427,-3.1009,0.3000,-0.066327,0.011615,0.012495,0.067336,2.968233,12
72.200000,361,1410,-4.0427,-3.1009,0.3000,-0.068593,0.010962,0.010791,0.069463,2.983120,12
72.400000,362,1411,-4.0427,-3.1009,0.3000,-0.068593,0.010962,0.010791,0.069463,2.983120,12
72.600000,363,1412,-4.0427,-3.1009,0.3000,-0.067686,0.010973,0.011937,0.068570,2.980875,12
72.800000,364,1413,-4.0427,-3.1009,0.3000,-0.067686,0.010973,0.011937,0.068570,2.980875,12
73.000000,365,1414,-4.0427,-3.1009,0.3000,-0.066792,0.010061,0.011098,0.067545,2.992085,12
73.200000,366,1415,-4.0427,-3.1009,0.3000,-0.066792,0.010061,0.011098,0.067545,2.992085,12
73.400000,367,1416,-4.0427,-3.1009,0.3000,-0.068826,0.011541,0.012368,0.069787,2.975455,12
73.600000,368,1417,-4.0427,-3.1009,0.3000,-0.068826,0.011541,0.012368,0.069787,2.975455,12
73.800000,369,1418,-4.0427,-3.1009,0.3000,-0.066861,0.011898,0.012083,0.067911,2.965485,12
74.000000,370,1419,-4.0427,-3.1009,0.3000,-0.066861,0.011898,0.012083,0.067911,2.965485,12
74.200000,371,1420,-4.0427,-3.1009,0.3000,0.010267,0.005855,0.000830,0.011819,0.518253,12
74.400000,372,1421,-4.0427,-3.1009,0.3000,0.010267,0.005855,0.000830,0.011819,0.518253,12
74.600000,373,1422,-4.0427,-3.1009,0.3000,-0.002076,0.021080,0.014062,0.021182,1.668943,12
74.800000,374,1423,-4.0427,-3.1009,0.3000,-0.002076,0.021080,0.014062,0.021182,1.668943,12
75.000000,375,1424,-4.0427,-3.1009,0.3000,-0.024407,-0.000000,-0.003101,0.024407,-3.141575,12
75.200000,376,1425,-4.0427,-3.1009,0.3000,-0.024407,-0.000000,-0.003101,0.024407,-3.141575,12
75.400000,377,1426,-4.0427,-3.1009,0.3000,-0.049274,-0.003110,0.012419,0.049372,-3.078562,12
75.600000,378,1427,-4.0427,-3.1009,0.3000,-0.049274,-0.003110,0.012419,0.049372,-3.078562,12
75.800000,379,1428,-4.0427,-3.1009,0.3000,-0.066327,0.011615,0.012495,0.067336,2.968233,12
76.000000,380,1429,-4.0427,-3.1009,0.3000,-0.066327,0.011615,0.012495,0.067336,2.968233,12
76.200000,381,1430,-4.0427,-3.1009,0.3000,-0.068593,0.010962,0.010791,0.069463,2.983120,12
76.400000,382,1431,-4.0427,-3.1009,0.3000,-0.068593,0.010962,0.010791,0.069463,2.983120,12
76.600000,383,1432,-4.0427,-3.1009,0.3000,-0.067686,0.010973,0.011937,0.068570,2.980875,12
76.800000,384,1433,-4.0427,-3.1009,0.3000,-0.067686,0.010973,0.011937,0.068570,2.980875,12
77.000000,385,1434,-4.0427,-3.1009,0.3000,-0.066792,0.010061,0.011098,0.067545,2.992085,12
77.200000,386,1435,-4.0427,-3.1009,0.3000,-0.066792,0.010061,0.011098,0.067545,2.992085,12
77.400000,387,1436,-4.0427,-3.1009,0.3000,-0.068826,0.011541,0.012368,0.069787,2.975455,12
77.600000,388,1437,-4.0427,-3.1009,0.3000,-0.068826,0.011541,0.012368,0.069787,2.975455,12
77.800000,389,1438,-4.0427,-3.1009,0.3000,-0.066861,0.011898,0.012083,0.067911,2.965485,12
78.000000,390,1439,-4.0427,-3.1009,0.3000,-0.066861,0.011898,0.012083,0.067911,2.965485,12
78.200000,391,1440,-4.0427,-3.1009,0.3000,0.010267,0.005855,0.000830,0.011819,0.518253,12
78.400000,392,1441,-4.0427,-3.1009,0.3000,0.010267,0.005855,0.000830,0.011819,0.518253,12
78.600000,393,1442,-4.0427,-3.1009,0.3000,-0.002076,0.021080,0.014062,0.021182,1.668943,12
78.800000,394,1443,-4.0427,-3.1009,0.3000,-0.002076,0.021080,0.014062,0.021182,1.668943,12
79.000000,395,1444,-4.0427,-3.1009,0.3000,-0.024407,-0.000000,-0.003101,0.024407,-3.141575,12
79.200000,396,1445,-4.0427,-3.1009,0.3000,-0.024407,-0.000000,-0.003101,0.024407,-3.141575,12
79.400000,397,1446,-4.0427,-3.1009,0.3000,-0.049274,-0.003110,0.012419,0.049372,-3.078562,12
79.600000,398,1447,-4.0427,-3.1009,0.3000,-0.049274,-0.003110,0.012419,0.049372,-3.078562,12
79.800000,399,1448,-4.0427,-3.1009,0.3000,-0.066327,0.011615,0.012495,0.067336,2.968233,12
80.000000,400,1449,-4.0427,-3.1009,0.3000,-0.066327,0.011615,0.012495,0.067336,2.968233,12
80.200000,401,1450,-4.0427,-3.1009,0.3000,-0.068593,0.010962,0.010791,0.069463,2.983120,12
80.400000,402,1451,-4.0427,-3.1009,0.3000,-0.068593,0.010962,0.010791,0.069463,2.983120,12
80.600000,403,1452,-4.0427,-3.1009,0.3000,-0.067686,0.010973,0.011937,0.068570,2.980875,12
80.800000,404,1453,-4.0427,-3.1009,0.3000,-0.067686,0.010973,0.011937,0.068570,2.980875,12
81.000000,405,1454,-4.0427,-3.1009,0.3000,-0.066792,0.010061,0.011098,0.067545,2.992085,12
81.200000,406,1455,-4.0427,-3.1009,0.3000,-0.066792,0.010061,0.011098,0.067545,2.992085,12
81.400000,407,1456,-4.0427,-3.1009,0.3000,-0.068826,0.011541,0.012368,0.069787,2.975455,12
81.600000,408,1457,-4.0427,-3.1009,0.3000,-0.068826,0.011541,0.012368,0.069787,2.975455,12
81.800000,409,1458,-4.0427,-3.1009,0.3000,-0.066861,0.011898,0.012083,0.067911,2.965485,12
82.000000,410,1459,-4.0427,-3.1009,0.3000,-0.066861,0.011898,0.012083,0.067911,2.965485,12
82.200000,411,1460,-4.0427,-3.1009,0.3000,0.010267,0.005855,0.000830,0.011819,0.518253,12
82.400000,412,1461,-4.0427,-3.1009,0.3000,0.010267,0.005855,0.000830,0.011819,0.518253,12
82.600000,413,1462,-4.0427,-3.1009,0.3000,-0.002076,0.021080,0.014062,0.021182,1.668943,12
82.800000,414,1463,-4.0427,-3.1009,0.3000,-0.002076,0.021080,0.014062,0.021182,1.668943,12
83.000000,415,1464,-4.0427,-3.1009,0.3000,-0.024407,-0.000000,-0.003101,0.024407,-3.141575,12
83.200000,416,1465,-4.0427,-3.1009,0.3000,-0.024407,-0.000000,-0.003101,0.024407,-3.141575,12
83.400000,417,1466,-4.0427,-3.1009,0.3000,-0.049274,-0.003110,0.012419,0.049372,-3.078562,12
83.600000,418,1467,-4.0427,-3.1009,0.3000,-0.049274,-0.003110,0.012419,0.049372,-3.078562,12
83.800000,419,1468,-4.0427,-3.1009,0.3000,-0.066327,0.011615,0.012495,0.067336,2.968233,12
84.000000,420,1469,-4.0427,-3.1009,0.3000,-0.066327,0.011615,0.012495,0.067336,2.968233,12
84.200000,421,1470,-4.0427,-3.1009,0.3000,-0.068593,0.010962,0.010791,0.069463,2.983120,12
84.400000,422,1471,-4.0427,-3.1009,0.3000,-0.068593,0.010962,0.010791,0.069463,2.983120,12
84.600000,423,1472,-4.0427,-3.1009,0.3000,-0.067686,0.010973,0.011937,0.068570,2.980875,12
84.800000,424,1473,-4.0427,-3.1009,0.3000,-0.067686,0.010973,0.011937,0.068570,2.980875,12
85.000000,425,1474,-4.0427,-3.1009,0.3000,-0.066792,0.010061,0.011098,0.067545,2.992085,12
85.200000,426,1475,-4.0427,-3.1009,0.3000,-0.066792,0.010061,0.011098,0.067545,2.992085,12
85.400000,427,1476,-4.0427,-3.1009,0.3000,-0.068826,0.011541,0.012368,0.069787,2.975455,12
85.600000,428,1477,-4.0427,-3.1009,0.3000,-0.068826,0.011541,0.012368,0.069787,2.975455,12
85.800000,429,1478,-4.0427,-3.1009,0.3000,-0.066861,0.011898,0.012083,0.067911,2.965485,12
86.000000,430,1479,-4.0427,-3.1009,0.3000,-0.066861,0.011898,0.012083,0.067911,2.965485,12
86.200000,431,1480,-4.0427,-3.1009,0.3000,0.010267,0.005855,0.000830,0.011819,0.518253,12
86.400000,432,1481,-4.0427,-3.1009,0.3000,0.010267,0.005855,0.000830,0.011819,0.518253,12
86.600000,433,1482,-4.0427,-3.1009,0.3000,-0.002076,0.021080,0.014062,0.021182,1.668943,12
86.800000,434,1483,-4.0427,-3.1009,0.3000,-0.002076,0.021080,0.014062,0.021182,1.668943,12
87.000000,435,1484,-4.0427,-3.1009,0.3000,-0.024407,-0.000000,-0.003101,0.024407,-3.141575,12
87.200000,436,1485,-4.0427,-3.1009,0.3000,-0.024407,-0.000000,-0.003101,0.024407,-3.141575,12
87.400000,437,1486,-4.0427,-3.1009,0.3000,-0.049274,-0.003110,0.012419,0.049372,-3.078562,12
87.600000,438,1487,-4.0427,-3.1009,0.3000,-0.049274,-0.003110,0.012419,0.049372,-3.078562,12
87.800000,439,1488,-4.0427,-3.1009,0.3000,-0.066327,0.011615,0.012495,0.067336,2.968233,12
88.000000,440,1489,-4.0427,-3.1009,0.3000,-0.066327,0.011615,0.012495,0.067336,2.968233,12
88.200000,441,1490,-4.0427,-3.1009,0.3000,-0.068593,0.010962,0.010791,0.069463,2.983120,12
88.400000,442,1491,-4.0427,-3.1009,0.3000,-0.068593,0.010962,0.010791,0.069463,2.983120,12
88.600000,443,1492,-4.0427,-3.1009,0.3000,-0.067686,0.010973,0.011937,0.068570,2.980875,12
88.800000,444,1493,-4.3427,-3.1009,0.3000,-0.041923,0.013706,0.024439,0.044107,2.825614,12
89.000000,445,1494,-4.6427,-3.1009,0.3000,-0.006748,0.016436,0.058067,0.017767,1.960354,12
89.200000,446,1495,-4.6427,-3.1009,0.3000,-0.006748,0.016436,0.058067,0.017767,1.960354,12
89.400000,447,1496,-4.6427,-3.1009,0.3000,-0.007946,0.016742,0.056818,0.018532,2.013945,12
89.600000,448,1497,-4.6427,-3.1009,0.3000,-0.007946,0.016742,0.056818,0.018532,2.013945,12
89.800000,449,1498,-4.6427,-3.1009,0.3000,-0.004049,0.017553,0.057110,0.018014,1.797487,12
90.000000,450,1499,-4.6427,-3.1009,0.3000,-0.004049,0.017553,0.057110,0.018014,1.797487,12
90.200000,451,1500,-4.6427,-3.1009,0.3000,0.007518,0.011266,-0.003226,0.013544,0.982343,12
90.400000,452,1501,-4.6427,-3.1009,0.3000,0.007518,0.011266,-0.003226,0.013544,0.982343,12
90.600000,453,1502,-4.6427,-3.1009,0.3000,-0.005792,0.040248,0.015038,0.040663,1.713730,12
90.800000,454,1503,-4.6427,-3.1009,0.3000,-0.005792,0.040248,0.015038,0.040663,1.713730,12
91.000000,455,1504,-4.6427,-3.1009,0.3000,-0.015721,0.031058,0.033005,0.034810,2.039377,12
91.200000,456,1505,-4.6427,-3.1009,0.3000,-0.015721,0.031058,0.033005,0.034810,2.039377,12
91.400000,457,1506,-4.6427,-3.1009,0.3000,-0.017941,0.029751,0.057693,0.034742,2.113447,12
91.600000,458,1507,-4.6427,-3.1009,0.3000,-0.017941,0.029751,0.057693,0.034742,2.113447,12
91.800000,459,1508,-4.6427,-3.1009,0.3000,-0.010689,0.020598,0.059575,0.023206,2.049476,12
92.000000,460,1509,-4.6427,-3.1009,0.3000,-0.010689,0.020598,0.059575,0.023206,2.049476,12
92.200000,461,1510,-4.6427,-3.1009,0.3000,-0.011084,0.018829,0.057918,0.021849,2.102841,12
92.400000,462,1511,-4.6427,-3.1009,0.3000,-0.011084,0.018829,0.057918,0.021849,2.102841,12
92.600000,463,1512,-4.6427,-3.1009,0.3000,-0.006505,0.018388,0.056804,0.019505,1.910810,12
92.800000,464,1513,-4.6427,-3.1009,0.3000,-0.006505,0.018388,0.056804,0.019505,1.910810,12
93.000000,465,1514,-4.6427,-3.1009,0.3000,-0.006748,0.016436,0.058067,0.017767,1.960354,12
93.200000,466,1515,-4.6427,-3.1009,0.3000,-0.006748,0.016436,0.058067,0.017767,1.960354,12
93.400000,467,1516,-4.6427,-3.1009,0.3000,-0.007946,0.016742,0.056818,0.018532,2.013945,12
93.600000,468,1517,-4.6427,-3.1009,0.3000,-0.007946,0.016742,0.056818,0.018532,2.013945,12
93.800000,469,1518,-4.6427,-3.1009,0.3000,-0.004049,0.017553,0.057110,0.018014,1.797487,12
94.000000,470,1519,-4.6427,-3.1009,0.3000,-0.004049,0.017553,0.057110,0.018014,1.797487,12
94.200000,471,1520,-4.6427,-3.1009,0.3000,0.007518,0.011266,-0.003226,0.013544,0.982343,12
94.400000,472,1521,-4.6427,-3.1009,0.3000,0.007518,0.011266,-0.003226,0.013544,0.982343,12
94.600000,473,1522,-4.6427,-3.1009,0.3000,-0.005792,0.040248,0.015038,0.040663,1.713730,12
94.800000,474,1523,-4.6427,-3.1009,0.3000,-0.005792,0.040248,0.015038,0.040663,1.713730,12
95.000000,475,1524,-4.6427,-3.1009,0.3000,-0.015721,0.031058,0.033005,0.034810,2.039377,12
95.200000,476,1525,-4.6427,-3.1009,0.3000,-0.015721,0.031058,0.033005,0.034810,2.039377,12
95.400000,477,1526,-4.6427,-3.1009,0.3000,-0.017941,0.029751,0.057693,0.034742,2.113447,12
95.600000,478,1527,-4.6427,-3.1009,0.3000,-0.017941,0.029751,0.057693,0.034742,2.113447,12
95.800000,479,1528,-4.6427,-3.1009,0.3000,-0.010689,0.020598,0.059575,0.023206,2.049476,12
96.000000,480,1529,-4.6427,-3.1009,0.3000,-0.010689,0.020598,0.059575,0.023206,2.049476,12
96.200000,481,1530,-4.6427,-3.1009,0.3000,-0.011084,0.018829,0.057918,0.021849,2.102841,12
96.400000,482,1531,-4.6427,-3.1009,0.3000,-0.011084,0.018829,0.057918,0.021849,2.102841,12
96.600000,483,1532,-4.6427,-3.1009,0.3000,-0.006505,0.018388,0.056804,0.019505,1.910810,12
96.800000,484,1533,-4.6427,-3.1009,0.3000,-0.006505,0.018388,0.056804,0.019505,1.910810,12
97.000000,485,1534,-4.6427,-3.1009,0.3000,-0.006748,0.016436,0.058067,0.017767,1.960354,12
97.200000,486,1535,-4.6427,-3.1009,0.3000,-0.006748,0.016436,0.058067,0.017767,1.960354,12
97.400000,487,1536,-4.6427,-3.1009,0.3000,-0.007946,0.016742,0.056818,0.018532,2.013945,12
97.600000,488,1537,-4.6427,-3.1009,0.3000,-0.007946,0.016742,0.056818,0.018532,2.013945,12
97.800000,489,1538,-4.6427,-3.1009,0.3000,-0.004049,0.017553,0.057110,0.018014,1.797487,12
98.000000,490,1539,-4.6427,-3.1009,0.3000,-0.004049,0.017553,0.057110,0.018014,1.797487,12
98.200000,491,1540,-4.6427,-3.1009,0.3000,0.007518,0.011266,-0.003226,0.013544,0.982343,12
98.400000,492,1541,-4.6427,-3.1009,0.3000,0.007518,0.011266,-0.003226,0.013544,0.982343,12
98.600000,493,1542,-4.6427,-3.1009,0.3000,-0.005792,0.040248,0.015038,0.040663,1.713730,12
98.800000,494,1543,-4.6427,-3.1009,0.3000,-0.005792,0.040248,0.015038,0.040663,1.713730,12
99.000000,495,1544,-4.6427,-3.1009,0.3000,-0.015721,0.031058,0.033005,0.034810,2.039377,12
99.200000,496,1545,-4.6427,-3.1009,0.3000,-0.015721,0.031058,0.033005,0.034810,2.039377,12
99.400000,497,1546,-4.6427,-3.1009,0.3000,-0.017941,0.029751,0.057693,0.034742,2.113447,12
99.600000,498,1547,-4.6427,-3.1009,0.3000,-0.017941,0.029751,0.057693,0.034742,2.113447,12
99.800000,499,1548,-4.6427,-3.1009,0.3000,-0.010689,0.020598,0.059575,0.023206,2.049476,12
100.000000,500,1549,-4.6427,-3.1009,0.3000,-0.010689,0.020598,0.059575,0.023206,2.049476,12
100.200000,501,1550,-4.6427,-3.1009,0.3000,-0.011084,0.018829,0.057918,0.021849,2.102841,12
100.400000,502,1551,-4.6427,-3.1009,0.3000,-0.011084,0.018829,0.057918,0.021849,2.102841,12
100.600000,503,1552,-4.6427,-3.1009,0.3000,-0.006505,0.018388,0.056804,0.019505,1.910810,12
100.800000,504,1553,-4.6427,-3.1009,0.3000,-0.006505,0.018388,0.056804,0.019505,1.910810,12
101.000000,505,1554,-4.6427,-3.1009,0.3000,-0.006748,0.016436,0.058067,0.017767,1.960354,12
101.200000,506,1555,-4.6427,-3.1009,0.3000,-0.006748,0.016436,0.058067,0.017767,1.960354,12
101.400000,507,1556,-4.6427,-3.1009,0.3000,-0.007946,0.016742,0.056818,0.018532,2.013945,12
101.600000,508,1557,-4.6427,-3.1009,0.3000,-0.007946,0.016742,0.056818,0.018532,2.013945,12
101.800000,509,1558,-4.6427,-3.1009,0.3000,-0.004049,0.017553,0.057110,0.018014,1.797487,12
102.000000,510,1559,-4.6427,-3.1009,0.3000,-0.004049,0.017553,0.057110,0.018014,1.797487,12
102.200000,511,1560,-4.6427,-3.1009,0.3000,0.007518,0.011266,-0.003226,0.013544,0.982343,12
102.400000,512,1561,-4.6427,-3.1009,0.3000,0.007518,0.011266,-0.003226,0.013544,0.982343,12
102.600000,513,1562,-4.6427,-3.1009,0.3000,-0.005792,0.040248,0.015038,0.040663,1.713730,12
102.800000,514,1563,-4.6427,-3.1009,0.3000,-0.005792,0.040248,0.015038,0.040663,1.713730,12
103.000000,515,1564,-4.6427,-3.1009,0.3000,-0.015721,0.031058,0.033005,0.034810,2.039377,12
103.200000,516,1565,-4.6427,-3.1009,0.3000,-0.015721,0.031058,0.033005,0.034810,2.039377,12
103.400000,517,1566,-4.6427,-3.1009,0.3000,-0.017941,0.029751,0.057693,0.034742,2.113447,12
103.600000,518,1567,-4.6427,-3.1009,0.3000,-0.017941,0.029751,0.057693,0.034742,2.113447,12
103.800000,519,1568,-4.6427,-3.1009,0.3000,-0.010689,0.020598,0.059575,0.023206,2.049476,12
104.000000,520,1569,-4.6427,-3.1009,0.3000,-0.010689,0.020598,0.059575,0.023206,2.049476,12
104.200000,521,1570,-4.6427,-3.1009,0.3000,-0.011084,0.018829,0.057918,0.021849,2.102841,12
104.400000,522,1571,-4.6427,-3.1009,0.3000,-0.011084,0.018829,0.057918,0.021849,2.102841,12
104.600000,523,1572,-4.6427,-3.1009,0.3000,-0.006505,0.018388,0.056804,0.019505,1.910810,12
104.800000,524,1573,-4.6427,-3.1009,0.3000,-0.006505,0.018388,0.056804,0.019505,1.910810,12
105.000000,525,1574,-4.6427,-3.1009,0.3000,-0.006748,0.016436,0.058067,0.017767,1.960354,12
105.200000,526,1575,-4.6427,-3.1009,0.3000,-0.006748,0.016436,0.058067,0.017767,1.960354,12
105.400000,527,1576,-4.6427,-3.1009,0.3000,-0.007946,0.016742,0.056818,0.018532,2.013945,12
105.600000,528,1577,-4.6427,-3.1009,0.3000,-0.007946,0.016742,0.056818,0.018532,2.013945,12
105.800000,529,1578,-4.6427,-3.1009,0.3000,-0.004049,0.017553,0.057110,0.018014,1.797487,12
106.000000,530,1579,-4.6427,-3.1009,0.3000,-0.004049,0.017553,0.057110,0.018014,1.797487,12
106.200000,531,1580,-4.6427,-3.1009,0.3000,0.007518,0.011266,-0.003226,0.013544,0.982343,12
106.400000,532,1581,-4.6427,-2.8009,0.3000,0.009384,0.008705,-0.005171,0.012800,0.747873,12
106.600000,533,1582,-4.4306,-2.5887,0.3000,0.014779,0.028319,0.012116,0.031943,1.089802,12
106.800000,534,1583,-4.2185,-2.3766,0.3000,0.021717,0.023251,0.011511,0.031816,0.819498,12
107.000000,535,1584,-4.0063,-2.1645,0.3000,0.014548,0.002135,0.020663,0.014704,0.145709,12
107.200000,536,1585,-3.7942,-1.9524,0.3000,0.023506,-0.002788,0.016735,0.023671,-0.118056,12
107.400000,537,1586,-3.5821,-1.7402,0.3000,0.024037,-0.028263,0.000476,0.037102,-0.866026,12
107.600000,538,1587,-3.3699,-1.5281,0.3000,0.037777,-0.029898,0.000196,0.048177,-0.669496,12
107.800000,539,1588,-3.1578,-1.3160,0.3000,0.047564,-0.017385,0.002587,0.050642,-0.350423,12
108.000000,540,1589,-3.1427,-1.3009,0.3000,0.047564,-0.017385,0.002587,0.050642,-0.350423,12
108.200000,541,1590,-3.1427,-1.3009,0.3000,0.044459,-0.018164,0.005381,0.048026,-0.387861,12
108.400000,542,1591,-3.1427,-1.3009,0.3000,0.044459,-0.018164,0.005381,0.048026,-0.387861,12
108.600000,543,1592,-3.1427,-1.3009,0.3000,0.042786,-0.017966,0.005346,0.046405,-0.397546,12
108.800000,544,1593,-3.1427,-1.3009,0.3000,0.042786,-0.017966,0.005346,0.046405,-0.397546,12
109.000000,545,1594,-3.1427,-1.3009,0.3000,0.043320,-0.018279,0.005152,0.047019,-0.399287,12
109.200000,546,1595,-3.1427,-1.3009,0.3000,0.043320,-0.018279,0.005152,0.047019,-0.399287,12
109.400000,547,1596,-3.1427,-1.3009,0.3000,0.042338,-0.017127,0.004961,0.045671,-0.384406,12
109.600000,548,1597,-3.1427,-1.3009,0.3000,0.042338,-0.017127,0.004961,0.045671,-0.384406,12
109.800000,549,1598,-3.1427,-1.3009,0.3000,0.041022,-0.017564,0.005780,0.044624,-0.404545,12
110.000000,550,1599,-3.1427,-1.3009,0.3000,0.041022,-0.017564,0.005780,0.044624,-0.404545,12
110.200000,551,1600,-3.1427,-1.3009,0.3000,0.026164,0.017394,0.008934,0.031418,0.586714,12
110.400000,552,1601,-3.1427,-1.3009,0.3000,0.026164,0.017394,0.008934,0.031418,0.586714,12
110.600000,553,1602,-3.1427,-1.3009,0.3000,0.051513,0.005865,0.007515,0.051846,0.113376,12
110.800000,554,1603,-3.1427,-1.3009,0.3000,0.051513,0.005865,0.007515,0.051846,0.113376,12
111.000000,555,1604,-3.1427,-1.3009,0.3000,0.056338,-0.005889,0.008726,0.056645,-0.104146,12
111.200000,556,1605,-3.1427,-1.3009,0.3000,0.056338,-0.005889,0.008726,0.056645,-0.104146,12
111.400000,557,1606,-3.1427,-1.3009,0.3000,0.053488,-0.012982,0.002310,0.055041,-0.238105,12
111.600000,558,1607,-3.1427,-1.3009,0.3000,0.053488,-0.012982,0.002310,0.055041,-0.238105,12
111.800000,559,1608,-3.1427,-1.3009,0.3000,0.047564,-0.017385,0.002587,0.050642,-0.350423,12
112.000000,560,1609,-3.1427,-1.3009,0.3000,0.047564,-0.017385,0.002587,0.050642,-0.350423,12
112.200000,561,1610,-3.1427,-1.3009,0.3000,0.044459,-0.018164,0.005381,0.048026,-0.387861,12
112.400000,562,1611,-3.1427,-1.3009,0.3000,0.044459,-0.018164,0.005381,0.048026,-0.387861,12
112.600000,563,1612,-3.1427,-1.3009,0.3000,0.042786,-0.017966,0.005346,0.046405,-0.397546,12
112.800000,564,1613,-3.1427,-1.3009,0.3000,0.042786,-0.017966,0.005346,0.046405,-0.397546,12
113.000000,565,1614,-3.1427,-1.3009,0.3000,0.043320,-0.018279,0.005152,0.047019,-0.399287,12
113.200000,566,1615,-3.1427,-1.3009,0.3000,0.043320,-0.018279,0.005152,0.047019,-0.399287,12
113.400000,567,1616,-3.1427,-1.3009,0.3000,0.042338,-0.017127,0.004961,0.045671,-0.384406,12
113.600000,568,1617,-3.1427,-1.3009,0.3000,0.042338,-0.017127,0.004961,0.045671,-0.384406,12
113.800000,569,1618,-3.1427,-1.3009,0.3000,0.041022,-0.017564,0.005780,0.044624,-0.404545,12
114.000000,570,1619,-3.1427,-1.3009,0.3000,0.041022,-0.017564,0.005780,0.044624,-0.404545,12
114.200000,571,1620,-3.1427,-1.3009,0.3000,0.026164,0.017394,0.008934,0.031418,0.586714,12
114.400000,572,1621,-3.1427,-1.3009,0.3000,0.026164,0.017394,0.008934,0.031418,0.586714,12
114.600000,573,1622,-3.1427,-1.3009,0.3000,0.051513,0.005865,0.007515,0.051846,0.113376,12
114.800000,574,1623,-3.1427,-1.3009,0.3000,0.051513,0.005865,0.007515,0.051846,0.113376,12
115.000000,575,1624,-3.1427,-1.3009,0.3000,0.056338,-0.005889,0.008726,0.056645,-0.104146,12
115.200000,576,1625,-3.1427,-1.3009,0.3000,0.056338,-0.005889,0.008726,0.056645,-0.104146,12
115.400000,577,1626,-3.1427,-1.3009,0.3000,0.053488,-0.012982,0.002310,0.055041,-0.238105,12
115.600000,578,1627,-3.1427,-1.3009,0.3000,0.053488,-0.012982,0.002310,0.055041,-0.238105,12
115.800000,579,1628,-3.1427,-1.3009,0.3000,0.047564,-0.017385,0.002587,0.050642,-0.350423,12
116.000000,580,1629,-3.1427,-1.3009,0.3000,0.047564,-0.017385,0.002587,0.050642,-0.350423,12
116.200000,581,1630,-3.1427,-1.3009,0.3000,0.044459,-0.018164,0.005381,0.048026,-0.387861,12
116.400000,582,1631,-3.1427,-1.3009,0.3000,0.044459,-0.018164,0.005381,0.048026,-0.387861,12
116.600000,583,1632,-3.1427,-1.3009,0.3000,0.042786,-0.017966,0.005346,0.046405,-0.397546,12
116.800000,584,1633,-3.1427,-1.3009,0.3000,0.042786,-0.017966,0.005346,0.046405,-0.397546,12
117.000000,585,1634,-3.1427,-1.3009,0.3000,0.043320,-0.018279,0.005152,0.047019,-0.399287,12
117.200000,586,1635,-3.1427,-1.3009,0.3000,0.043320,-0.018279,0.005152,0.047019,-0.399287,12
117.400000,587,1636,-3.1427,-1.3009,0.3000,0.042338,-0.017127,0.004961,0.045671,-0.384406,12
117.600000,588,1637,-3.1427,-1.3009,0.3000,0.042338,-0.017127,0.004961,0.045671,-0.384406,12
117.800000,589,1638,-3.1427,-1.3009,0.3000,0.041022,-0.017564,0.005780,0.044624,-0.404545,12
118.000000,590,1639,-3.1427,-1.3009,0.3000,0.041022,-0.017564,0.005780,0.044624,-0.404545,12
118.200000,591,1640,-3.1427,-1.3009,0.3000,0.026164,0.017394,0.008934,0.031418,0.586714,12
118.400000,592,1641,-3.1427,-1.3009,0.3000,0.026164,0.017394,0.008934,0.031418,0.586714,12
118.600000,593,1642,-3.1427,-1.3009,0.3000,0.051513,0.005865,0.007515,0.051846,0.113376,12
118.800000,594,1643,-3.1427,-1.3009,0.3000,0.051513,0.005865,0.007515,0.051846,0.113376,12
119.000000,595,1644,-3.1427,-1.3009,0.3000,0.056338,-0.005889,0.008726,0.056645,-0.104146,12
119.200000,596,1645,-3.1427,-1.3009,0.3000,0.056338,-0.005889,0.008726,0.056645,-0.104146,12
119.400000,597,1646,-3.1427,-1.3009,0.3000,0.053488,-0.012982,0.002310,0.055041,-0.238105,12
119.600000,598,1647,-3.1427,-1.3009,0.3000,0.053488,-0.012982,0.002310,0.055041,-0.238105,12
119.800000,599,1648,-3.1427,-1.3009,0.3000,0.047564,-0.017385,0.002587,0.050642,-0.350423,12
120.000000,600,1649,-3.1427,-1.3009,0.3000,0.047564,-0.017385,0.002587,0.050642,-0.350423,12
120.200000,601,1650,-3.1427,-1.3009,0.3000,0.044459,-0.018164,0.005381,0.048026,-0.387861,12
120.400000,602,1651,-3.1427,-1.3009,0.3000,0.044459,-0.018164,0.005381,0.048026,-0.387861,12
120.600000,603,1652,-3.1427,-1.3009,0.3000,0.042786,-0.017966,0.005346,0.046405,-0.397546,12
120.800000,604,1653,-3.1427,-1.3009,0.3000,0.042786,-0.017966,0.005346,0.046405,-0.397546,12
121.000000,605,1654,-3.1427,-1.3009,0.3000,0.043320,-0.018279,0.005152,0.047019,-0.399287,12
121.200000,606,1655,-3.1427,-1.3009,0.3000,0.043320,-0.018279,0.005152,0.047019,-0.399287,12
121.400000,607,1656,-3.1427,-1.3009,0.3000,0.042338,-0.017127,0.004961,0.045671,-0.384406,12
121.600000,608,1657,-3.1427,-1.3009,0.3000,0.042338,-0.017127,0.004961,0.045671,-0.384406,12
121.800000,609,1658,-3.1427,-1.3009,0.3000,0.041022,-0.017564,0.005780,0.044624,-0.404545,12
122.000000,610,1659,-3.1427,-1.3009,0.3000,0.041022,-0.017564,0.005780,0.044624,-0.404545,12
122.200000,611,1660,-3.1427,-1.3009,0.3000,0.026164,0.017394,0.008934,0.031418,0.586714,12
122.400000,612,1661,-3.1427,-1.3009,0.3000,0.026164,0.017394,0.008934,0.031418,0.586714,12
122.600000,613,1662,-3.1427,-1.3009,0.3000,0.051513,0.005865,0.007515,0.051846,0.113376,12
122.800000,614,1663,-3.1427,-1.3009,0.3000,0.051513,0.005865,0.007515,0.051846,0.113376,12
123.000000,615,1664,-3.1427,-1.3009,0.3000,0.056338,-0.005889,0.008726,0.056645,-0.104146,12
123.200000,616,1665,-3.1427,-1.3009,0.3000,0.056338,-0.005889,0.008726,0.056645,-0.104146,12
123.400000,617,1666,-3.1427,-1.3009,0.3000,0.053488,-0.012982,0.002310,0.055041,-0.238105,12
123.600000,618,1667,-3.1427,-1.3009,0.3000,0.053488,-0.012982,0.002310,0.055041,-0.238105,12
123.800000,619,1668,-3.1427,-1.3009,0.3000,0.047564,-0.017385,0.002587,0.050642,-0.350423,12
124.000000,620,1669,-3.1427,-1.3009,0.3000,0.047564,-0.017385,0.002587,0.050642,-0.350423,12
124.200000,621,1670,-3.1427,-1.3009,0.3000,0.044459,-0.018164,0.005381,0.048026,-0.387861,12
124.400000,622,1671,-3.1427,-1.3009,0.3000,0.044459,-0.018164,0.005381,0.048026,-0.387861,12
124.600000,623,1672,-3.1427,-1.3009,0.3000,0.042786,-0.017966,0.005346,0.046405,-0.397546,12
124.800000,624,1673,-3.1427,-1.3009,0.3000,0.042786,-0.017966,0.005346,0.046405,-0.397546,12
125.000000,625,1674,-3.1427,-1.3009,0.3000,0.043320,-0.018279,0.005152,0.047019,-0.399287,12
125.200000,626,1675,-2.8427,-1.3009,0.3000,0.051126,-0.015452,-0.001586,0.053410,-0.293505,12
125.400000,627,1676,-2.5427,-1.3009,0.3000,0.056300,-0.021419,-0.020057,0.060237,-0.363535,12
125.600000,628,1677,-2.2427,-1.3009,0.3000,0.054108,-0.028854,-0.038234,0.061321,-0.489906,12
125.800000,629,1678,-2.0306,-1.5130,0.3000,0.044156,-0.040216,-0.056284,0.059725,-0.738734,12
126.000000,630,1679,-1.9427,-1.6009,0.3000,0.037814,-0.046991,-0.063006,0.060316,-0.893192,12
126.200000,631,1680,-1.9427,-1.6009,0.3000,0.042788,-0.072418,0.028274,0.084114,-1.037134,12
126.400000,632,1681,-1.9427,-1.6009,0.3000,0.042788,-0.072418,0.028274,0.084114,-1.037134,12
126.600000,633,1682,-1.9427,-1.6009,0.3000,0.042579,-0.047540,0.005170,0.063820,-0.840392,12
126.800000,634,1683,-1.9427,-1.6009,0.3000,0.042579,-0.047540,0.005170,0.063820,-0.840392,12
127.000000,635,1684,-1.9427,-1.6009,0.3000,0.032711,-0.039439,-0.028719,0.051239,-0.878379,12
127.200000,636,1685,-1.9427,-1.6009,0.3000,0.032711,-0.039439,-0.028719,0.051239,-0.878379,12
127.400000,637,1686,-1.9427,-1.6009,0.3000,0.046912,-0.042231,-0.063052,0.063120,-0.732935,12
127.600000,638,1687,-1.9427,-1.6009,0.3000,0.046912,-0.042231,-0.063052,0.063120,-0.732935,12
127.800000,639,1688,-1.9427,-1.6009,0.3000,0.036365,-0.048078,-0.064849,0.060282,-0.923228,12
128.000000,640,1689,-1.9427,-1.6009,0.3000,0.036365,-0.048078,-0.064849,0.060282,-0.923228,12
128.200000,641,1690,-1.9427,-1.6009,0.3000,0.039140,-0.048888,-0.063483,0.062626,-0.895686,12
128.400000,642,1691,-1.9427,-1.6009,0.3000,0.039140,-0.048888,-0.063483,0.062626,-0.895686,12
128.600000,643,1692,-1.9427,-1.6009,0.3000,0.039824,-0.048073,-0.063654,0.062426,-0.878973,12
128.800000,644,1693,-1.9427,-1.6009,0.3000,0.039824,-0.048073,-0.063654,0.062426,-0.878973,12
129.000000,645,1694,-1.9427,-1.6009,0.3000,0.040353,-0.049340,-0.063725,0.063740,-0.885262,12
129.200000,646,1695,-1.9427,-1.6009,0.3000,0.040353,-0.049340,-0.063725,0.063740,-0.885262,12
129.400000,647,1696,-1.9427,-1.6009,0.3000,0.038041,-0.047411,-0.062355,0.060786,-0.894614,12
129.600000,648,1697,-1.9427,-1.6009,0.3000,0.038041,-0.047411,-0.062355,0.060786,-0.894614,12
129.800000,649,1698,-1.9427,-1.6009,0.3000,0.037814,-0.046991,-0.063006,0.060316,-0.893192,12
130.000000,650,1699,-1.9427,-1.6009,0.3000,0.037814,-0.046991,-0.063006,0.060316,-0.893192,12
130.200000,651,1700,-1.9427,-1.6009,0.3000,0.042788,-0.072418,0.028274,0.084114,-1.037134,12
130.400000,652,1701,-1.9427,-1.6009,0.3000,0.042788,-0.072418,0.028274,0.084114,-1.037134,12
130.600000,653,1702,-1.9427,-1.6009,0.3000,0.042579,-0.047540,0.005170,0.063820,-0.840392,12
130.800000,654,1703,-1.9427,-1.6009,0.3000,0.042579,-0.047540,0.005170,0.063820,-0.840392,12
131.000000,655,1704,-1.9427,-1.6009,0.3000,0.032711,-0.039439,-0.028719,0.051239,-0.878379,12
131.200000,656,1705,-1.9427,-1.6009,0.3000,0.032711,-0.039439,-0.028719,0.051239,-0.878379,12
131.400000,657,1706,-1.9427,-1.6009,0.3000,0.046912,-0.042231,-0.063052,0.063120,-0.732935,12
131.600000,658,1707,-1.9427,-1.6009,0.3000,0.046912,-0.042231,-0.063052,0.063120,-0.732935,12
131.800000,659,1708,-1.9427,-1.6009,0.3000,0.036365,-0.048078,-0.064849,0.060282,-0.923228,12
132.000000,660,1709,-1.9427,-1.6009,0.3000,0.036365,-0.048078,-0.064849,0.060282,-0.923228,12
132.200000,661,1710,-1.9427,-1.6009,0.3000,0.039140,-0.048888,-0.063483,0.062626,-0.895686,12
132.400000,662,1711,-1.9427,-1.6009,0.3000,0.039140,-0.048888,-0.063483,0.062626,-0.895686,12
132.600000,663,1712,-1.9427,-1.6009,0.3000,0.039824,-0.048073,-0.063654,0.062426,-0.878973,12
132.800000,664,1713,-1.9427,-1.6009,0.3000,0.039824,-0.048073,-0.063654,0.062426,-0.878973,12
133.000000,665,1714,-1.9427,-1.6009,0.3000,0.040353,-0.049340,-0.063725,0.063740,-0.885262,12
133.200000,666,1715,-1.9427,-1.6009,0.3000,0.040353,-0.049340,-0.063725,0.063740,-0.885262,12
133.400000,667,1716,-1.9427,-1.6009,0.3000,0.038041,-0.047411,-0.062355,0.060786,-0.894614,12
133.600000,668,1717,-1.9427,-1.6009,0.3000,0.038041,-0.047411,-0.062355,0.060786,-0.894614,12
133.800000,669,1718,-1.9427,-1.6009,0.3000,0.037814,-0.046991,-0.063006,0.060316,-0.893192,12
134.000000,670,1719,-1.9427,-1.6009,0.3000,0.037814,-0.046991,-0.063006,0.060316,-0.893192,12
134.200000,671,1720,-1.9427,-1.6009,0.3000,0.042788,-0.072418,0.028274,0.084114,-1.037134,12
134.400000,672,1721,-1.9427,-1.6009,0.3000,0.042788,-0.072418,0.028274,0.084114,-1.037134,12
134.600000,673,1722,-1.9427,-1.6009,0.3000,0.042579,-0.047540,0.005170,0.063820,-0.840392,12
134.800000,674,1723,-1.9427,-1.6009,0.3000,0.042579,-0.047540,0.005170,0.063820,-0.840392,12
135.000000,675,1724,-1.9427,-1.6009,0.3000,0.032711,-0.039439,-0.028719,0.051239,-0.878379,12
135.200000,676,1725,-1.9427,-1.6009,0.3000,0.032711,-0.039439,-0.028719,0.051239,-0.878379,12
135.400000,677,1726,-1.9427,-1.6009,0.3000,0.046912,-0.042231,-0.063052,0.063120,-0.732935,12
135.600000,678,1727,-1.9427,-1.6009,0.3000,0.046912,-0.042231,-0.063052,0.063120,-0.732935,12
135.800000,679,1728,-1.9427,-1.6009,0.3000,0.036365,-0.048078,-0.064849,0.060282,-0.923228,12
136.000000,680,1729,-1.9427,-1.6009,0.3000,0.036365,-0.048078,-0.064849,0.060282,-0.923228,12
136.200000,681,1730,-1.9427,-1.6009,0.3000,0.039140,-0.048888,-0.063483,0.062626,-0.895686,12
136.400000,682,1731,-1.9427,-1.6009,0.3000,0.039140,-0.048888,-0.063483,0.062626,-0.895686,12
136.600000,683,1732,-1.9427,-1.6009,0.3000,0.039824,-0.048073,-0.063654,0.062426,-0.878973,12
136.800000,684,1733,-1.9427,-1.6009,0.3000,0.039824,-0.048073,-0.063654,0.062426,-0.878973,12
137.000000,685,1734,-1.9427,-1.6009,0.3000,0.040353,-0.049340,-0.063725,0.063740,-0.885262,12
137.200000,686,1735,-1.9427,-1.6009,0.3000,0.040353,-0.049340,-0.063725,0.063740,-0.885262,12
137.400000,687,1736,-1.9427,-1.6009,0.3000,0.038041,-0.047411,-0.062355,0.060786,-0.894614,12
137.600000,688,1737,-1.9427,-1.6009,0.3000,0.038041,-0.047411,-0.062355,0.060786,-0.894614,12
137.800000,689,1738,-1.9427,-1.6009,0.3000,0.037814,-0.046991,-0.063006,0.060316,-0.893192,12
138.000000,690,1739,-1.9427,-1.6009,0.3000,0.037814,-0.046991,-0.063006,0.060316,-0.893192,12
138.200000,691,1740,-1.9427,-1.6009,0.3000,0.042788,-0.072418,0.028274,0.084114,-1.037134,12
138.400000,692,1741,-1.9427,-1.6009,0.3000,0.042788,-0.072418,0.028274,0.084114,-1.037134,12
138.600000,693,1742,-1.9427,-1.6009,0.3000,0.042579,-0.047540,0.005170,0.063820,-0.840392,12
138.800000,694,1743,-1.9427,-1.6009,0.3000,0.042579,-0.047540,0.005170,0.063820,-0.840392,12
139.000000,695,1744,-1.9427,-1.6009,0.3000,0.032711,-0.039439,-0.028719,0.051239,-0.878379,12
139.200000,696,1745,-1.9427,-1.6009,0.3000,0.032711,-0.039439,-0.028719,0.051239,-0.878379,12
139.400000,697,1746,-1.9427,-1.6009,0.3000,0.046912,-0.042231,-0.063052,0.063120,-0.732935,12
139.600000,698,1747,-1.9427,-1.6009,0.3000,0.046912,-0.042231,-0.063052,0.063120,-0.732935,12
139.800000,699,1748,-1.9427,-1.6009,0.3000,0.036365,-0.048078,-0.064849,0.060282,-0.923228,12
140.000000,700,1749,-1.9427,-1.6009,0.3000,0.036365,-0.048078,-0.064849,0.060282,-0.923228,12
140.200000,701,1750,-1.9427,-1.6009,0.3000,0.039140,-0.048888,-0.063483,0.062626,-0.895686,12
140.400000,702,1751,-1.9427,-1.6009,0.3000,0.039140,-0.048888,-0.063483,0.062626,-0.895686,12
140.600000,703,1752,-1.9427,-1.6009,0.3000,0.039824,-0.048073,-0.063654,0.062426,-0.878973,12
140.800000,704,1753,-1.9427,-1.6009,0.3000,0.039824,-0.048073,-0.063654,0.062426,-0.878973,12
141.000000,705,1754,-1.9427,-1.6009,0.3000,0.040353,-0.049340,-0.063725,0.063740,-0.885262,12
141.200000,706,1755,-1.9427,-1.6009,0.3000,0.040353,-0.049340,-0.063725,0.063740,-0.885262,12
141.400000,707,1756,-1.9427,-1.6009,0.3000,0.038041,-0.047411,-0.062355,0.060786,-0.894614,12
141.600000,708,1757,-1.9427,-1.6009,0.3000,0.038041,-0.047411,-0.062355,0.060786,-0.894614,12
141.800000,709,1758,-1.9427,-1.6009,0.3000,0.037814,-0.046991,-0.063006,0.060316,-0.893192,12
142.000000,710,1759,-1.9427,-1.6009,0.3000,0.037814,-0.046991,-0.063006,0.060316,-0.893192,12
142.200000,711,1760,-1.9427,-1.6009,0.3000,0.042788,-0.072418,0.028274,0.084114,-1.037134,12
142.400000,712,1761,-1.9427,-1.6009,0.3000,0.042788,-0.072418,0.028274,0.084114,-1.037134,12
142.600000,713,1762,-1.9427,-1.6009,0.3000,0.042579,-0.047540,0.005170,0.063820,-0.840392,12
142.800000,714,1763,-1.9427,-1.6009,0.3000,0.042579,-0.047540,0.005170,0.063820,-0.840392,12
143.000000,715,1764,-1.9427,-1.6009,0.3000,0.032711,-0.039439,-0.028719,0.051239,-0.878379,12
143.200000,716,1765,-1.9427,-1.9009,0.3000,0.033357,-0.049357,-0.024458,0.059572,-0.976476,12
143.400000,717,1766,-1.9427,-2.2009,0.3000,0.032162,-0.059873,-0.054176,0.067964,-1.077856,12
143.600000,718,1767,-1.9427,-2.5009,0.3000,0.024642,-0.060172,-0.048235,0.065022,-1.182105,12
143.800000,719,1768,-1.9427,-2.8009,0.3000,0.016764,-0.058195,-0.047934,0.060561,-1.290324,12
144.000000,720,1769,-1.9427,-3.1009,0.3000,0.007577,-0.050217,-0.037682,0.050785,-1.421051,12
144.200000,721,1770,-1.7306,-3.3130,0.3000,-0.008108,-0.105440,-0.045558,0.105751,-1.647545,12
144.400000,722,1771,-1.6427,-3.4009,0.3000,-0.030017,-0.184070,-0.043417,0.186501,-1.732447,12
144.600000,723,1772,-1.6427,-3.4009,0.3000,-0.028305,-0.183620,-0.043715,0.185789,-1.723742,12
144.800000,724,1773,-1.6427,-3.4009,0.3000,-0.028305,-0.183620,-0.043715,0.185789,-1.723742,12
145.000000,725,1774,-1.6427,-3.4009,0.3000,-0.028019,-0.182420,-0.043956,0.184559,-1.723201,12
145.200000,726,1775,-1.6427,-3.4009,0.3000,-0.028019,-0.182420,-0.043956,0.184559,-1.723201,12
145.400000,727,1776,-1.6427,-3.4009,0.3000,-0.027469,-0.178910,-0.044761,0.181006,-1.723142,12
145.600000,728,1777,-1.6427,-3.4009,0.3000,-0.027469,-0.178910,-0.044761,0.181006,-1.723142,12
145.800000,729,1778,-1.6427,-3.4009,0.3000,-0.027655,-0.179500,-0.044731,0.181618,-1.723661,12
146.000000,730,1779,-1.6427,-3.4009,0.3000,-0.027655,-0.179500,-0.044731,0.181618,-1.723661,12
146.200000,731,1780,-1.6427,-3.4009,0.3000,-0.079693,-0.277750,-0.003186,0.288957,-1.850214,12
146.400000,732,1781,-1.6427,-3.4009,0.3000,-0.079693,-0.277750,-0.003186,0.288957,-1.850214,12
146.600000,733,1782,-1.6427,-3.4009,0.3000,-0.036154,-0.217880,-0.002635,0.220859,-1.735233,12
146.800000,734,1783,-1.6427,-3.4009,0.3000,-0.036154,-0.217880,-0.002635,0.220859,-1.735233,12
147.000000,735,1784,-1.6427,-3.4009,0.3000,-0.033271,-0.208350,-0.024678,0.210990,-1.729147,12
147.200000,736,1785,-1.6427,-3.4009,0.3000,-0.033271,-0.208350,-0.024678,0.210990,-1.729147,12
147.400000,737,1786,-1.6427,-3.4009,0.3000,-0.023030,-0.169670,-0.041843,0.171226,-1.705706,12
147.600000,738,1787,-1.6427,-3.4009,0.3000,-0.023030,-0.169670,-0.041843,0.171226,-1.705706,12
147.800000,739,1788,-1.6427,-3.4009,0.3000,-0.028614,-0.176850,-0.044433,0.179150,-1.731204,12
148.000000,740,1789,-1.6427,-3.4009,0.3000,-0.028614,-0.176850,-0.044433,0.179150,-1.731204,12
148.200000,741,1790,-1.6427,-3.4009,0.3000,-0.030017,-0.184070,-0.043417,0.186501,-1.732447,12
148.400000,742,1791,-1.6427,-3.4009,0.3000,-0.030017,-0.184070,-0.043417,0.186501,-1.732447,12
148.600000,743,1792,-1.6427,-3.4009,0.3000,-0.028305,-0.183620,-0.043715,0.185789,-1.723742,12
148.800000,744,1793,-1.6427,-3.4009,0.3000,-0.028305,-0.183620,-0.043715,0.185789,-1.723742,12
149.000000,745,1794,-1.6427,-3.4009,0.3000,-0.028019,-0.182420,-0.043956,0.184559,-1.723201,12
149.200000,746,1795,-1.6427,-3.4009,0.3000,-0.028019,-0.182420,-0.043956,0.184559,-1.723201,12
149.400000,747,1796,-1.6427,-3.4009,0.3000,-0.027469,-0.178910,-0.044761,0.181006,-1.723142,12
149.600000,748,1797,-1.6427,-3.4009,0.3000,-0.027469,-0.178910,-0.044761,0.181006,-1.723142,12
149.800000,749,1798,-1.6427,-3.4009,0.3000,-0.027655,-0.179500,-0.044731,0.181618,-1.723661,12
150.000000,750,1799,-1.6427,-3.4009,0.3000,-0.027655,-0.179500,-0.044731,0.181618,-1.723661,12
150.200000,751,1800,-1.6427,-3.4009,0.3000,-0.079693,-0.277750,-0.003186,0.288957,-1.850214,12
150.400000,752,1801,-1.6427,-3.4009,0.3000,-0.079693,-0.277750,-0.003186,0.288957,-1.850214,12
150.600000,753,1802,-1.6427,-3.4009,0.3000,-0.036154,-0.217880,-0.002635,0.220859,-1.735233,12
150.800000,754,1803,-1.6427,-3.4009,0.3000,-0.036154,-0.217880,-0.002635,0.220859,-1.735233,12
151.000000,755,1804,-1.6427,-3.4009,0.3000,-0.033271,-0.208350,-0.024678,0.210990,-1.729147,12
151.200000,756,1805,-1.6427,-3.4009,0.3000,-0.033271,-0.208350,-0.024678,0.210990,-1.729147,12
151.400000,757,1806,-1.6427,-3.4009,0.3000,-0.023030,-0.169670,-0.041843,0.171226,-1.705706,12
151.600000,758,1807,-1.6427,-3.4009,0.3000,-0.023030,-0.169670,-0.041843,0.171226,-1.705706,12
151.800000,759,1808,-1.6427,-3.4009,0.3000,-0.028614,-0.176850,-0.044433,0.179150,-1.731204,12
152.000000,760,1809,-1.6427,-3.4009,0.3000,-0.028614,-0.176850,-0.044433,0.179150,-1.731204,12
152.200000,761,1810,-1.6427,-3.4009,0.3000,-0.030017,-0.184070,-0.043417,0.186501,-1.732447,12
152.400000,762,1811,-1.6427,-3.4009,0.3000,-0.030017,-0.184070,-0.043417,0.186501,-1.732447,12
152.600000,763,1812,-1.6427,-3.4009,0.3000,-0.028305,-0.183620,-0.043715,0.185789,-1.723742,12
152.800000,764,1813,-1.6427,-3.4009,0.3000,-0.028305,-0.183620,-0.043715,0.185789,-1.723742,12
153.000000,765,1814,-1.6427,-3.4009,0.3000,-0.028019,-0.182420,-0.043956,0.184559,-1.723201,12
153.200000,766,1815,-1.6427,-3.4009,0.3000,-0.028019,-0.182420,-0.043956,0.184559,-1.723201,12
153.400000,767,1816,-1.6427,-3.4009,0.3000,-0.027469,-0.178910,-0.044761,0.181006,-1.723142,12
153.600000,768,1817,-1.6427,-3.4009,0.3000,-0.027469,-0.178910,-0.044761,0.181006,-1.723142,12
153.800000,769,1818,-1.6427,-3.4009,0.3000,-0.027655,-0.179500,-0.044731,0.181618,-1.723661,12
154.000000,770,1819,-1.6427,-3.4009,0.3000,-0.027655,-0.179500,-0.044731,0.181618,-1.723661,12
154.200000,771,1820,-1.6427,-3.4009,0.3000,-0.079693,-0.277750,-0.003186,0.288957,-1.850214,12
154.400000,772,1821,-1.6427,-3.4009,0.3000,-0.079693,-0.277750,-0.003186,0.288957,-1.850214,12
154.600000,773,1822,-1.6427,-3.4009,0.3000,-0.036154,-0.217880,-0.002635,0.220859,-1.735233,12
154.800000,774,1823,-1.6427,-3.4009,0.3000,-0.036154,-0.217880,-0.002635,0.220859,-1.735233,12
155.000000,775,1824,-1.6427,-3.4009,0.3000,-0.033271,-0.208350,-0.024678,0.210990,-1.729147,12
155.200000,776,1825,-1.6427,-3.4009,0.3000,-0.033271,-0.208350,-0.024678,0.210990,-1.729147,12
155.400000,777,1826,-1.6427,-3.4009,0.3000,-0.023030,-0.169670,-0.041843,0.171226,-1.705706,12
155.600000,778,1827,-1.6427,-3.4009,0.3000,-0.023030,-0.169670,-0.041843,0.171226,-1.705706,12
155.800000,779,1828,-1.6427,-3.4009,0.3000,-0.028614,-0.176850,-0.044433,0.179150,-1.731204,12
156.000000,780,1829,-1.6427,-3.4009,0.3000,-0.028614,-0.176850,-0.044433,0.179150,-1.731204,12
156.200000,781,1830,-1.6427,-3.4009,0.3000,-0.030017,-0.184070,-0.043417,0.186501,-1.732447,12
156.400000,782,1831,-1.6427,-3.4009,0.3000,-0.030017,-0.184070,-0.043417,0.186501,-1.732447,12
156.600000,783,1832,-1.6427,-3.4009,0.3000,-0.028305,-0.183620,-0.043715,0.185789,-1.723742,12
156.800000,784,1833,-1.6427,-3.4009,0.3000,-0.028305,-0.183620,-0.043715,0.185789,-1.723742,12
157.000000,785,1834,-1.6427,-3.4009,0.3000,-0.028019,-0.182420,-0.043956,0.184559,-1.723201,12
157.200000,786,1835,-1.6427,-3.4009,0.3000,-0.028019,-0.182420,-0.043956,0.184559,-1.723201,12
157.400000,787,1836,-1.6427,-3.4009,0.3000,-0.027469,-0.178910,-0.044761,0.181006,-1.723142,12
157.600000,788,1837,-1.6427,-3.4009,0.3000,-0.027469,-0.178910,-0.044761,0.181006,-1.723142,12
157.800000,789,1838,-1.6427,-3.4009,0.3000,-0.027655,-0.179500,-0.044731,0.181618,-1.723661,12
158.000000,790,1839,-1.6427,-3.4009,0.3000,-0.027655,-0.179500,-0.044731,0.181618,-1.723661,12
158.200000,791,1840,-1.6427,-3.4009,0.3000,-0.079693,-0.277750,-0.003186,0.288957,-1.850214,12
158.400000,792,1841,-1.6427,-3.4009,0.3000,-0.079693,-0.277750,-0.003186,0.288957,-1.850214,12
158.600000,793,1842,-1.6427,-3.4009,0.3000,-0.036154,-0.217880,-0.002635,0.220859,-1.735233,12
158.800000,794,1843,-1.6427,-3.4009,0.3000,-0.036154,-0.217880,-0.002635,0.220859,-1.735233,12
159.000000,795,1844,-1.6427,-3.4009,0.3000,-0.033271,-0.208350,-0.024678,0.210990,-1.729147,12
159.200000,796,1845,-1.6427,-3.4009,0.3000,-0.033271,-0.208350,-0.024678,0.210990,-1.729147,12
159.400000,797,1846,-1.6427,-3.4009,0.3000,-0.023030,-0.169670,-0.041843,0.171226,-1.705706,12
159.600000,798,1847,-1.6427,-3.4009,0.3000,-0.023030,-0.169670,-0.041843,0.171226,-1.705706,12
159.800000,799,1848,-1.6427,-3.4009,0.3000,-0.028614,-0.176850,-0.044433,0.179150,-1.731204,12
160.000000,800,1849,-1.6427,-3.4009,0.3000,-0.028614,-0.176850,-0.044433,0.179150,-1.731204,12
160.200000,801,1850,-1.6427,-3.4009,0.3000,-0.030017,-0.184070,-0.043417,0.186501,-1.732447,12
160.400000,802,1851,-1.6427,-3.4009,0.3000,-0.030017,-0.184070,-0.043417,0.186501,-1.732447,12
160.600000,803,1852,-1.6427,-3.4009,0.3000,-0.028305,-0.183620,-0.043715,0.185789,-1.723742,12
160.800000,804,1853,-1.6427,-3.4009,0.3000,-0.028305,-0.183620,-0.043715,0.185789,-1.723742,12
161.000000,805,1854,-1.6427,-3.4009,0.3000,-0.028019,-0.182420,-0.043956,0.184559,-1.723201,12
161.200000,806,1855,-1.6427,-3.4009,0.3000,-0.028019,-0.182420,-0.043956,0.184559,-1.723201,12
161.400000,807,1856,-1.6427,-3.4009,0.3000,-0.027469,-0.178910,-0.044761,0.181006,-1.723142,12
161.600000,808,1857,-1.6427,-3.7009,0.3000,-0.058980,-0.225530,-0.038695,0.233115,-1.826585,12
161.800000,809,1858,-1.6427,-4.0009,0.3000,-0.089789,-0.281240,-0.033507,0.295225,-1.879829,12
162.000000,810,1859,-1.6427,-4.3009,0.3000,-0.096189,-0.346880,-0.031134,0.359970,-1.841297,12
162.200000,811,1860,-1.6427,-4.6009,0.3000,-0.047438,-0.529870,-0.190940,0.531989,-1.660086,12
162.400000,812,1861,-1.6427,-4.9009,0.3000,-0.161290,-0.625300,-0.228160,0.645767,-1.823234,12
162.600000,813,1862,-1.6427,-5.2009,0.3000,-0.148090,-0.415160,0.010134,0.440782,-1.913433,12
162.800000,814,1863,-1.8549,-5.4130,0.3000,-0.177080,-0.416230,0.012265,0.452333,-1.973038,12
163.000000,815,1864,-2.0670,-5.6251,0.3000,-0.179500,-0.401900,-0.029091,0.440163,-1.990843,12
163.200000,816,1865,-2.2427,-5.8009,0.3000,-0.181160,-0.347320,-0.022270,0.391727,-2.051569,12
163.400000,817,1866,-2.2427,-5.8009,0.3000,-0.099391,-0.273450,-0.055453,0.290953,-1.919421,12
163.600000,818,1867,-2.2427,-5.8009,0.3000,-0.099391,-0.273450,-0.055453,0.290953,-1.919421,12
163.800000,819,1868,-2.2427,-5.8009,0.3000,-0.162680,-0.341910,-0.115650,0.378639,-2.014895,12
164.000000,820,1869,-2.2427,-5.8009,0.3000,-0.162680,-0.341910,-0.115650,0.378639,-2.014895,12
164.200000,821,1870,-2.2427,-5.8009,0.3000,-0.170300,-0.335590,-0.111970,0.376328,-2.040398,12
164.400000,822,1871,-2.2427,-5.8009,0.3000,-0.170300,-0.335590,-0.111970,0.376328,-2.040398,12
164.600000,823,1872,-2.2427,-5.8009,0.3000,-0.162680,-0.328930,-0.106900,0.366960,-2.030093,12
164.800000,824,1873,-2.2427,-5.8009,0.3000,-0.162680,-0.328930,-0.106900,0.366960,-2.030093,12
165.000000,825,1874,-2.2427,-5.8009,0.3000,-0.162450,-0.327840,-0.106470,0.365881,-2.030850,12
165.200000,826,1875,-2.2427,-5.8009,0.3000,-0.162450,-0.327840,-0.106470,0.365881,-2.030850,12
165.400000,827,1876,-2.2427,-5.8009,0.3000,-0.172480,-0.332190,-0.112080,0.374299,-2.049702,12
165.600000,828,1877,-2.2427,-5.8009,0.3000,-0.172480,-0.332190,-0.112080,0.374299,-2.049702,12
165.800000,829,1878,-2.2427,-5.8009,0.3000,-0.161120,-0.314660,-0.101530,0.353512,-2.044033,12
166.000000,830,1879,-2.2427,-5.8009,0.3000,-0.161120,-0.314660,-0.101530,0.353512,-2.044033,12
166.200000,831,1880,-2.2427,-5.8009,0.3000,0.032827,-0.406720,0.319170,0.408043,-1.490259,12
166.400000,832,1881,-2.2427,-5.8009,0.3000,0.032827,-0.406720,0.319170,0.408043,-1.490259,12
166.600000,833,1882,-2.2427,-5.8009,0.3000,-0.190130,-0.333090,0.025761,0.383534,-2.089473,12
166.800000,834,1883,-2.2427,-5.8009,0.3000,-0.190130,-0.333090,0.025761,0.383534,-2.089473,12
167.000000,835,1884,-2.2427,-5.8009,0.3000,-0.181160,-0.347320,-0.022270,0.391727,-2.051569,12
167.200000,836,1885,-2.2427,-5.8009,0.3000,-0.181160,-0.347320,-0.022270,0.391727,-2.051569,12
167.400000,837,1886,-2.2427,-5.8009,0.3000,-0.099391,-0.273450,-0.055453,0.290953,-1.919421,12
167.600000,838,1887,-2.2427,-5.8009,0.3000,-0.099391,-0.273450,-0.055453,0.290953,-1.919421,12
167.800000,839,1888,-2.2427,-5.8009,0.3000,-0.162680,-0.341910,-0.115650,0.378639,-2.014895,12
168.000000,840,1889,-2.2427,-5.8009,0.3000,-0.162680,-0.341910,-0.115650,0.378639,-2.014895,12
168.200000,841,1890,-2.2427,-5.8009,0.3000,-0.170300,-0.335590,-0.111970,0.376328,-2.040398,12
168.400000,842,1891,-2.2427,-5.8009,0.3000,-0.170300,-0.335590,-0.111970,0.376328,-2.040398,12
168.600000,843,1892,-2.2427,-5.8009,0.3000,-0.162680,-0.328930,-0.106900,0.366960,-2.030093,12
168.800000,844,1893,-2.2427,-5.8009,0.3000,-0.162680,-0.328930,-0.106900,0.366960,-2.030093,12
169.000000,845,1894,-2.2427,-5.8009,0.3000,-0.162450,-0.327840,-0.106470,0.365881,-2.030850,12
169.200000,846,1895,-2.2427,-5.8009,0.3000,-0.162450,-0.327840,-0.106470,0.365881,-2.030850,12
169.400000,847,1896,-2.2427,-5.8009,0.3000,-0.172480,-0.332190,-0.112080,0.374299,-2.049702,12
169.600000,848,1897,-2.2427,-5.8009,0.3000,-0.172480,-0.332190,-0.112080,0.374299,-2.049702,12
169.800000,849,1898,-2.2427,-5.8009,0.3000,-0.161120,-0.314660,-0.101530,0.353512,-2.044033,12
170.000000,850,1899,-2.2427,-5.8009,0.3000,-0.161120,-0.314660,-0.101530,0.353512,-2.044033,12
170.200000,851,1900,-2.2427,-5.8009,0.3000,0.032827,-0.406720,0.319170,0.408043,-1.490259,12
170.400000,852,1901,-2.2427,-5.8009,0.3000,0.032827,-0.406720,0.319170,0.408043,-1.490259,12
170.600000,853,1902,-2.2427,-5.8009,0.3000,-0.190130,-0.333090,0.025761,0.383534,-2.089473,12
170.800000,854,1903,-2.2427,-5.8009,0.3000,-0.190130,-0.333090,0.025761,0.383534,-2.089473,12
171.000000,855,1904,-2.2427,-5.8009,0.3000,-0.181160,-0.347320,-0.022270,0.391727,-2.051569,12
171.200000,856,1905,-2.2427,-5.8009,0.3000,-0.181160,-0.347320,-0.022270,0.391727,-2.051569,12
171.400000,857,1906,-2.2427,-5.8009,0.3000,-0.099391,-0.273450,-0.055453,0.290953,-1.919421,12
171.600000,858,1907,-2.2427,-5.8009,0.3000,-0.099391,-0.273450,-0.055453,0.290953,-1.919421,12
171.800000,859,1908,-2.2427,-5.8009,0.3000,-0.162680,-0.341910,-0.115650,0.378639,-2.014895,12
172.000000,860,1909,-2.2427,-5.8009,0.3000,-0.162680,-0.341910,-0.115650,0.378639,-2.014895,12
172.200000,861,1910,-2.2427,-5.8009,0.3000,-0.170300,-0.335590,-0.111970,0.376328,-2.040398,12
172.400000,862,1911,-2.2427,-5.8009,0.3000,-0.170300,-0.335590,-0.111970,0.376328,-2.040398,12
172.600000,863,1912,-2.2427,-5.8009,0.3000,-0.162680,-0.328930,-0.106900,0.366960,-2.030093,12
172.800000,864,1913,-2.2427,-5.8009,0.3000,-0.162680,-0.328930,-0.106900,0.366960,-2.030093,12
173.000000,865,1914,-2.2427,-5.8009,0.3000,-0.162450,-0.327840,-0.106470,0.365881,-2.030850,12
173.200000,866,1915,-2.2427,-5.8009,0.3000,-0.162450,-0.327840,-0.106470,0.365881,-2.030850,12
173.400000,867,1916,-2.2427,-5.8009,0.3000,-0.172480,-0.332190,-0.112080,0.374299,-2.049702,12
173.600000,868,1917,-2.2427,-5.8009,0.3000,-0.172480,-0.332190,-0.112080,0.374299,-2.049702,12
173.800000,869,1918,-2.2427,-5.8009,0.3000,-0.161120,-0.314660,-0.101530,0.353512,-2.044033,12
174.000000,870,1919,-2.2427,-5.8009,0.3000,-0.161120,-0.314660,-0.101530,0.353512,-2.044033,12
174.200000,871,1920,-2.2427,-5.8009,0.3000,0.032827,-0.406720,0.319170,0.408043,-1.490259,12
174.400000,872,1921,-2.2427,-5.8009,0.3000,0.032827,-0.406720,0.319170,0.408043,-1.490259,12
174.600000,873,1922,-2.2427,-5.8009,0.3000,-0.190130,-0.333090,0.025761,0.383534,-2.089473,12
174.800000,874,1923,-2.2427,-5.8009,0.3000,-0.190130,-0.333090,0.025761,0.383534,-2.089473,12
175.000000,875,1924,-2.2427,-5.8009,0.3000,-0.181160,-0.347320,-0.022270,0.391727,-2.051569,12
175.200000,876,1925,-2.2427,-5.8009,0.3000,-0.181160,-0.347320,-0.022270,0.391727,-2.051569,12
175.400000,877,1926,-2.2427,-5.8009,0.3000,-0.099391,-0.273450,-0.055453,0.290953,-1.919421,12
175.600000,878,1927,-2.2427,-5.8009,0.3000,-0.099391,-0.273450,-0.055453,0.290953,-1.919421,12
175.800000,879,1928,-2.2427,-5.8009,0.3000,-0.162680,-0.341910,-0.115650,0.378639,-2.014895,12
176.000000,880,1929,-2.2427,-5.8009,0.3000,-0.162680,-0.341910,-0.115650,0.378639,-2.014895,12
176.200000,881,1930,-2.2427,-5.8009,0.3000,-0.170300,-0.335590,-0.111970,0.376328,-2.040398,12
176.400000,882,1931,-2.2427,-5.8009,0.3000,-0.170300,-0.335590,-0.111970,0.376328,-2.040398,12
176.600000,883,1932,-2.2427,-5.8009,0.3000,-0.162680,-0.328930,-0.106900,0.366960,-2.030093,12
176.800000,884,1933,-2.2427,-5.8009,0.3000,-0.162680,-0.328930,-0.106900,0.366960,-2.030093,12
177.000000,885,1934,-2.2427,-5.8009,0.3000,-0.162450,-0.327840,-0.106470,0.365881,-2.030850,12
177.200000,886,1935,-2.2427,-5.8009,0.3000,-0.162450,-0.327840,-0.106470,0.365881,-2.030850,12
177.400000,887,1936,-2.2427,-5.8009,0.3000,-0.172480,-0.332190,-0.112080,0.374299,-2.049702,12
177.600000,888,1937,-2.2427,-5.8009,0.3000,-0.172480,-0.332190,-0.112080,0.374299,-2.049702,12
177.800000,889,1938,-2.2427,-5.8009,0.3000,-0.161120,-0.314660,-0.101530,0.353512,-2.044033,12
178.000000,890,1939,-2.2427,-5.8009,0.3000,-0.161120,-0.314660,-0.101530,0.353512,-2.044033,12
178.200000,891,1940,-2.2427,-5.8009,0.3000,0.032827,-0.406720,0.319170,0.408043,-1.490259,12
178.400000,892,1941,-2.2427,-5.8009,0.3000,0.032827,-0.406720,0.319170,0.408043,-1.490259,12
178.600000,893,1942,-2.2427,-5.8009,0.3000,-0.190130,-0.333090,0.025761,0.383534,-2.089473,12
178.800000,894,1943,-2.2427,-5.8009,0.3000,-0.190130,-0.333090,0.025761,0.383534,-2.089473,12
179.000000,895,1944,-2.2427,-5.8009,0.3000,-0.181160,-0.347320,-0.022270,0.391727,-2.051569,12
179.200000,896,1945,-2.2427,-5.8009,0.3000,-0.181160,-0.347320,-0.022270,0.391727,-2.051569,12
179.400000,897,1946,-2.2427,-5.8009,0.3000,-0.099391,-0.273450,-0.055453,0.290953,-1.919421,12
179.600000,898,1947,-2.2427,-5.8009,0.3000,-0.099391,-0.273450,-0.055453,0.290953,-1.919421,12
179.800000,899,1948,-2.2427,-5.8009,0.3000,-0.162680,-0.341910,-0.115650,0.378639,-2.014895,12
180.000000,900,1949,-2.2427,-5.8009,0.3000,-0.162680,-0.341910,-0.115650,0.378639,-2.014895,12
180.200000,901,1950,-2.2427,-5.5009,0.3000,-0.090469,-0.186200,-0.054615,0.207015,-2.023076,12
180.400000,902,1951,-2.0306,-5.2887,0.3000,-0.122110,-0.300460,-0.078219,0.324326,-1.956816,12
180.600000,903,1952,-1.8185,-5.0766,0.3000,-0.112210,-0.414660,-0.050719,0.429574,-1.835074,12
180.800000,904,1953,-1.6427,-4.8494,0.3000,-0.090707,-0.446920,-0.028224,0.456032,-1.771037,12
181.000000,905,1954,-1.6427,-4.5494,0.3000,-0.085784,-0.399610,-0.031340,0.408714,-1.782256,12
181.200000,906,1955,-1.6427,-4.2494,0.3000,-0.098227,-0.323780,-0.031364,0.338352,-1.865347,12
181.400000,907,1956,-1.6942,-4.0009,0.3000,-0.069598,-0.197270,-0.036970,0.209187,-1.909969,12
181.600000,908,1957,-1.9942,-4.0009,0.3000,-0.066316,-0.012485,-0.045949,0.067481,-2.955506,12
181.800000,909,1958,-2.2942,-4.0009,0.3000,-0.123950,0.036693,-0.080415,0.129267,2.853781,12
182.000000,910,1959,-2.5942,-4.0009,0.3000,-0.135760,0.011080,-0.094942,0.136211,3.060159,12
182.200000,911,1960,-2.8942,-4.0009,0.3000,-0.017862,-0.000196,-0.038833,0.017863,-3.130607,12
182.400000,912,1961,-3.1942,-4.0009,0.3000,-0.026290,0.008104,-0.029119,0.027511,2.842574,12
182.600000,913,1962,-3.4942,-4.0009,0.3000,-0.146090,0.018734,-0.071517,0.147286,3.014053,12
182.800000,914,1963,-3.7791,-3.9645,0.3000,-0.140460,0.018628,-0.066213,0.141690,3.009741,12
183.000000,915,1964,-3.9913,-3.7524,0.3000,-0.074498,0.000591,-0.045196,0.074500,3.133663,12
183.200000,916,1965,-4.0427,-3.7009,0.3000,-0.063657,0.001439,-0.035041,0.063673,3.118997,12
183.400000,917,1966,-4.0427,-3.7009,0.3000,-0.037637,-0.007342,-0.017969,0.038346,-2.948930,12
183.600000,918,1967,-4.0427,-3.7009,0.3000,-0.037637,-0.007342,-0.017969,0.038346,-2.948930,12
183.800000,919,1968,-4.0427,-3.7009,0.3000,-0.022186,-0.006841,-0.012911,0.023217,-2.842483,12
184.000000,920,1969,-4.0427,-3.7009,0.3000,-0.022186,-0.006841,-0.012911,0.023217,-2.842483,12
184.200000,921,1970,-4.0427,-3.7009,0.3000,-0.024869,-0.005146,-0.017099,0.025396,-2.937537,12
184.400000,922,1971,-4.0427,-3.7009,0.3000,-0.024869,-0.005146,-0.017099,0.025396,-2.937537,12
184.600000,923,1972,-4.0427,-3.7009,0.3000,-0.023003,-0.007494,-0.015130,0.024193,-2.826640,12
184.800000,924,1973,-4.0427,-3.7009,0.3000,-0.023003,-0.007494,-0.015130,0.024193,-2.826640,12
185.000000,925,1974,-4.0427,-3.7009,0.3000,-0.022948,-0.007143,-0.016591,0.024034,-2.839826,12
185.200000,926,1975,-4.0427,-3.7009,0.3000,-0.022948,-0.007143,-0.016591,0.024034,-2.839826,12
185.400000,927,1976,-4.0427,-3.7009,0.3000,-0.020899,-0.007277,-0.015038,0.022130,-2.806519,12
185.600000,928,1977,-4.0427,-3.7009,0.3000,-0.020899,-0.007277,-0.015038,0.022130,-2.806519,12
185.800000,929,1978,-4.0427,-3.7009,0.3000,-0.020542,-0.008726,-0.014469,0.022319,-2.739897,12
186.000000,930,1979,-4.0427,-3.7009,0.3000,-0.020542,-0.008726,-0.014469,0.022319,-2.739897,12
186.200000,931,1980,-4.0427,-3.7009,0.3000,-0.004674,0.008139,-0.004875,0.009386,2.092054,12
186.400000,932,1981,-4.0427,-3.7009,0.3000,-0.004674,0.008139,-0.004875,0.009386,2.092054,12
186.600000,933,1982,-4.0427,-3.7009,0.3000,-0.068231,0.018884,-0.013941,0.070796,2.871586,12
186.800000,934,1983,-4.0427,-3.7009,0.3000,-0.068231,0.018884,-0.013941,0.070796,2.871586,12
187.000000,935,1984,-4.0427,-3.7009,0.3000,-0.063657,0.001439,-0.035041,0.063673,3.118997,12
187.200000,936,1985,-4.0427,-3.7009,0.3000,-0.063657,0.001439,-0.035041,0.063673,3.118997,12
187.400000,937,1986,-4.0427,-3.7009,0.3000,-0.037637,-0.007342,-0.017969,0.038346,-2.948930,12
187.600000,938,1987,-4.0427,-3.7009,0.3000,-0.037637,-0.007342,-0.017969,0.038346,-2.948930,12
187.800000,939,1988,-4.0427,-3.7009,0.3000,-0.022186,-0.006841,-0.012911,0.023217,-2.842483,12
188.000000,940,1989,-4.0427,-3.7009,0.3000,-0.022186,-0.006841,-0.012911,0.023217,-2.842483,12
188.200000,941,1990,-4.0427,-3.7009,0.3000,-0.024869,-0.005146,-0.017099,0.025396,-2.937537,12
188.400000,942,1991,-4.0427,-3.7009,0.3000,-0.024869,-0.005146,-0.017099,0.025396,-2.937537,12
188.600000,943,1992,-4.0427,-3.7009,0.3000,-0.023003,-0.007494,-0.015130,0.024193,-2.826640,12
188.800000,944,1993,-4.0427,-3.7009,0.3000,-0.023003,-0.007494,-0.015130,0.024193,-2.826640,12
189.000000,945,1994,-4.0427,-3.7009,0.3000,-0.022948,-0.007143,-0.016591,0.024034,-2.839826,12
189.200000,946,1995,-4.0427,-3.7009,0.3000,-0.022948,-0.007143,-0.016591,0.024034,-2.839826,12
189.400000,947,1996,-4.0427,-3.7009,0.3000,-0.020899,-0.007277,-0.015038,0.022130,-2.806519,12
189.600000,948,1997,-4.0427,-3.7009,0.3000,-0.020899,-0.007277,-0.015038,0.022130,-2.806519,12
189.800000,949,0,-4.0427,-3.7009,0.3000,-0.003194,0.001950,0.000072,0.003742,2.593516,12
190.000000,950,1,-4.0427,-3.7009,0.3000,-0.003194,0.001950,0.000072,0.003742,2.593516,12
190.200000,951,2,-4.0427,-3.7009,0.3000,-0.004674,0.008139,-0.004875,0.009386,2.092054,12
190.400000,952,3,-4.0427,-3.7009,0.3000,-0.004674,0.008139,-0.004875,0.009386,2.092054,12
190.600000,953,4,-4.0427,-3.7009,0.3000,-0.004674,0.008139,-0.004875,0.009386,2.092054,12
190.800000,954,5,-4.0427,-3.7009,0.3000,-0.068231,0.018884,-0.013941,0.070796,2.871586,12
191.000000,955,6,-4.0427,-3.7009,0.3000,-0.068231,0.018884,-0.013941,0.070796,2.871586,12
191.200000,956,7,-4.0427,-3.7009,0.3000,-0.063657,0.001439,-0.035041,0.063673,3.118997,12
191.400000,957,8,-4.0427,-3.7009,0.3000,-0.063657,0.001439,-0.035041,0.063673,3.118997,12
191.600000,958,9,-4.0427,-3.7009,0.3000,-0.037637,-0.007342,-0.017969,0.038346,-2.948930,12
191.800000,959,10,-4.0427,-3.7009,0.3000,-0.037637,-0.007342,-0.017969,0.038346,-2.948930,12
192.000000,960,11,-4.0427,-3.7009,0.3000,-0.022186,-0.006841,-0.012911,0.023217,-2.842483,12
192.200000,961,12,-4.0427,-3.7009,0.3000,-0.022186,-0.006841,-0.012911,0.023217,-2.842483,12
192.400000,962,13,-4.0427,-3.7009,0.3000,-0.024869,-0.005146,-0.017099,0.025396,-2.937537,12
192.600000,963,14,-4.0427,-3.7009,0.3000,-0.024869,-0.005146,-0.017099,0.025396,-2.937537,12
192.800000,964,15,-4.0427,-3.7009,0.3000,-0.023003,-0.007494,-0.015130,0.024193,-2.826640,12
193.000000,965,16,-4.0427,-3.7009,0.3000,-0.023003,-0.007494,-0.015130,0.024193,-2.826640,12
193.200000,966,17,-4.0427,-3.7009,0.3000,-0.022948,-0.007143,-0.016591,0.024034,-2.839826,12
193.400000,967,18,-4.0427,-3.7009,0.3000,-0.022948,-0.007143,-0.016591,0.024034,-2.839826,12
193.600000,968,19,-4.0427,-3.7009,0.3000,-0.020899,-0.007277,-0.015038,0.022130,-2.806519,12
193.800000,969,20,-4.0427,-3.7009,0.3000,-0.020899,-0.007277,-0.015038,0.022130,-2.806519,12
194.000000,970,21,-4.0427,-3.7009,0.3000,-0.020899,-0.007277,-0.015038,0.022130,-2.806519,12
194.200000,971,22,-4.0427,-3.7009,0.3000,-0.020542,-0.008726,-0.014469,0.022319,-2.739897,12
194.400000,972,23,-4.0427,-3.7009,0.3000,-0.020542,-0.008726,-0.014469,0.022319,-2.739897,12
194.600000,973,24,-4.0427,-3.7009,0.3000,-0.004674,0.008139,-0.004875,0.009386,2.092054,12
194.800000,974,25,-4.0427,-3.7009,0.3000,-0.004674,0.008139,-0.004875,0.009386,2.092054,12
195.000000,975,26,-4.0427,-3.7009,0.3000,-0.068231,0.018884,-0.013941,0.070796,2.871586,12
195.200000,976,27,-4.0427,-3.7009,0.3000,-0.068231,0.018884,-0.013941,0.070796,2.871586,12
195.400000,977,28,-4.0427,-3.7009,0.3000,-0.063657,0.001439,-0.035041,0.063673,3.118997,12
195.600000,978,29,-4.0427,-3.7009,0.3000,-0.063657,0.001439,-0.035041,0.063673,3.118997,12
195.800000,979,30,-4.0427,-3.7009,0.3000,-0.037637,-0.007342,-0.017969,0.038346,-2.948930,12
196.000000,980,31,-4.0427,-3.7009,0.3000,-0.037637,-0.007342,-0.017969,0.038346,-2.948930,12
196.200000,981,32,-4.0427,-3.7009,0.3000,-0.037637,-0.007342,-0.017969,0.038346,-2.948930,12
196.400000,982,33,-4.0427,-3.7009,0.3000,-0.022186,-0.006841,-0.012911,0.023217,-2.842483,12
196.600000,983,34,-4.0427,-3.7009,0.3000,-0.022186,-0.006841,-0.012911,0.023217,-2.842483,12
196.800000,984,35,-4.0427,-3.7009,0.3000,-0.024869,-0.005146,-0.017099,0.025396,-2.937537,12
197.000000,985,36,-4.0427,-3.7009,0.3000,-0.024869,-0.005146,-0.017099,0.025396,-2.937537,12
197.200000,986,37,-4.0427,-3.7009,0.3000,-0.023003,-0.007494,-0.015130,0.024193,-2.826640,12
197.400000,987,38,-4.0427,-3.7009,0.3000,-0.023003,-0.007494,-0.015130,0.024193,-2.826640,12
197.600000,988,39,-4.0427,-3.7009,0.3000,-0.022948,-0.007143,-0.016591,0.024034,-2.839826,12
197.800000,989,40,-4.0427,-3.7009,0.3000,-0.022948,-0.007143,-0.016591,0.024034,-2.839826,12
198.000000,990,41,-4.0427,-3.7009,0.3000,-0.020899,-0.007277,-0.015038,0.022130,-2.806519,12
198.200000,991,42,-4.0427,-3.7009,0.3000,-0.020899,-0.007277,-0.015038,0.022130,-2.806519,12
198.400000,992,43,-4.0427,-3.7009,0.3000,-0.020542,-0.008726,-0.014469,0.022319,-2.739897,12
198.600000,993,44,-4.0427,-3.7009,0.3000,-0.020542,-0.008726,-0.014469,0.022319,-2.739897,12
198.800000,994,45,-4.0427,-3.7009,0.3000,-0.004674,0.008139,-0.004875,0.009386,2.092054,12
199.000000,995,46,-4.0427,-3.7009,0.3000,-0.004674,0.008139,-0.004875,0.009386,2.092054,12
199.200000,996,47,-4.0427,-3.7009,0.3000,-0.068231,0.018884,-0.013941,0.070796,2.871586,12
199.400000,997,48,-4.0427,-3.7009,0.3000,-0.068231,0.018884,-0.013941,0.070796,2.871586,12
199.600000,998,49,-4.0427,-3.7009,0.3000,-0.063657,0.001439,-0.035041,0.063673,3.118997,12
199.800000,999,50,-4.0427,-3.7009,0.3000,-0.063657,0.001439,-0.035041,0.063673,3.118997,12
200.000000,1000,51,-4.0427,-3.7009,0.3000,-0.037637,-0.007342,-0.017969,0.038346,-2.948930,12
200.200000,1001,52,-3.7427,-3.7009,0.3000,-0.045439,-0.011322,-0.030199,0.046828,-2.897396,12
200.400000,1002,53,-3.4427,-3.7009,0.3000,-0.054633,-0.004911,-0.029915,0.054853,-3.051939,12
200.600000,1003,54,-3.1427,-3.7009,0.3000,-0.075125,-0.001039,-0.027951,0.075132,-3.127765,12
200.800000,1004,55,-2.8427,-3.7009,0.3000,-0.094213,0.006250,-0.022423,0.094420,3.075353,12
201.000000,1005,56,-2.5427,-3.7009,0.3000,-0.087582,0.021293,-0.021310,0.090133,2.903099,12
201.200000,1006,57,-2.2427,-3.7009,0.3000,-0.050947,0.014258,-0.025885,0.052905,2.868714,12
201.400000,1007,58,-1.9427,-3.7009,0.3000,-0.024572,-0.049092,-0.033726,0.054898,-2.034868,12
201.600000,1008,59,-1.7306,-3.9130,0.3000,-0.060662,-0.181900,-0.037285,0.191748,-1.892689,12
201.800000,1009,60,-1.6427,-4.1766,0.3000,-0.098227,-0.323780,-0.031364,0.338352,-1.865347,12
202.000000,1010,61,-1.6427,-4.4766,0.3000,-0.086234,-0.399320,-0.029991,0.408525,-1.783482,12
202.200000,1011,62,-1.6427,-4.7766,0.3000,-0.092492,-0.444450,-0.027952,0.453972,-1.775972,12
202.400000,1012,63,-1.4670,-4.9009,0.3000,-0.078050,-0.411120,-0.015521,0.418463,-1.758411,12
202.600000,1013,64,-1.2185,-5.0251,0.3000,-0.011261,-0.126120,-0.092211,0.126622,-1.659848,12
202.800000,1014,65,-1.0427,-5.2009,0.3000,-0.235570,-0.420660,-0.265650,0.482129,-2.081285,12
203.000000,1015,66,-1.0427,-5.2009,0.3000,-0.235570,-0.420660,-0.265650,0.482129,-2.081285,12
203.200000,1016,67,-1.0427,-5.2009,0.3000,-0.010035,-0.080820,-0.041747,0.081441,-1.694329,12
203.400000,1017,68,-1.0427,-5.2009,0.3000,-0.010035,-0.080820,-0.041747,0.081441,-1.694329,12
203.600000,1018,69,-1.0427,-5.2009,0.3000,-0.042438,-0.088459,-0.167530,0.098112,-2.018111,12
203.800000,1019,70,-1.0427,-5.2009,0.3000,-0.042438,-0.088459,-0.167530,0.098112,-2.018111,12
204.000000,1020,71,-1.0427,-5.2009,0.3000,-0.039801,-0.142370,-0.164440,0.147829,-1.843397,12
204.200000,1021,72,-1.0427,-5.2009,0.3000,-0.039801,-0.142370,-0.164440,0.147829,-1.843397,12
204.400000,1022,73,-1.0427,-5.2009,0.3000,-0.052791,-0.111570,-0.136070,0.123429,-2.012746,12
204.600000,1023,74,-1.0427,-5.2009,0.3000,-0.052791,-0.111570,-0.136070,0.123429,-2.012746,12
204.800000,1024,75,-1.0427,-5.2009,0.3000,-0.079879,-0.116750,-0.113630,0.141461,-2.170831,12
205.000000,1025,76,-1.0427,-5.2009,0.3000,-0.079879,-0.116750,-0.113630,0.141461,-2.170831,12
205.200000,1026,77,-1.0427,-5.2009,0.3000,-0.075748,-0.116800,-0.115240,0.139212,-2.146136,12
205.400000,1027,78,-1.0427,-5.2009,0.3000,-0.075748,-0.116800,-0.115240,0.139212,-2.146136,12
205.600000,1028,79,-1.0427,-5.2009,0.3000,-0.082243,-0.114820,-0.107990,0.141236,-2.192364,12
205.800000,1029,80,-1.0427,-5.2009,0.3000,-0.082243,-0.114820,-0.107990,0.141236,-2.192364,12
206.000000,1030,81,-1.0427,-5.2009,0.3000,-0.079206,-0.112480,-0.109080,0.137569,-2.184321,12
206.200000,1031,82,-1.0427,-5.2009,0.3000,-0.079206,-0.112480,-0.109080,0.137569,-2.184321,12
206.400000,1032,83,-1.0427,-5.2009,0.3000,-0.078406,-0.110240,-0.103000,0.135279,-2.189020,12
206.600000,1033,84,-1.0427,-5.2009,0.3000,-0.078406,-0.110240,-0.103000,0.135279,-2.189020,12
206.800000,1034,85,-1.0427,-5.2009,0.3000,-0.235570,-0.420660,-0.265650,0.482129,-2.081285,12
207.000000,1035,86,-1.0427,-5.2009,0.3000,-0.235570,-0.420660,-0.265650,0.482129,-2.081285,12
207.200000,1036,87,-1.0427,-5.2009,0.3000,-0.010035,-0.080820,-0.041747,0.081441,-1.694329,12
207.400000,1037,88,-1.0427,-5.2009,0.3000,-0.010035,-0.080820,-0.041747,0.081441,-1.694329,12
207.600000,1038,89,-1.0427,-5.2009,0.3000,-0.042438,-0.088459,-0.167530,0.098112,-2.018111,12
207.800000,1039,90,-1.0427,-5.2009,0.3000,-0.042438,-0.088459,-0.167530,0.098112,-2.018111,12
208.000000,1040,91,-1.0427,-5.2009,0.3000,-0.039801,-0.142370,-0.164440,0.147829,-1.843397,12
208.200000,1041,92,-1.0427,-5.2009,0.3000,-0.039801,-0.142370,-0.164440,0.147829,-1.843397,12
208.400000,1042,93,-1.0427,-5.2009,0.3000,-0.052791,-0.111570,-0.136070,0.123429,-2.012746,12
208.600000,1043,94,-1.0427,-5.2009,0.3000,-0.052791,-0.111570,-0.136070,0.123429,-2.012746,12
208.800000,1044,95,-1.0427,-5.2009,0.3000,-0.079879,-0.116750,-0.113630,0.141461,-2.170831,12
209.000000,1045,96,-1.0427,-5.2009,0.3000,-0.079879,-0.116750,-0.113630,0.141461,-2.170831,12
209.200000,1046,97,-1.0427,-5.2009,0.3000,-0.075748,-0.116800,-0.115240,0.139212,-2.146136,12
209.400000,1047,98,-1.0427,-5.2009,0.3000,-0.075748,-0.116800,-0.115240,0.139212,-2.146136,12
209.600000,1048,99,-1.0427,-5.2009,0.3000,-0.082243,-0.114820,-0.107990,0.141236,-2.192364,12
209.800000,1049,100,-1.0427,-5.2009,0.3000,-0.082243,-0.114820,-0.107990,0.141236,-2.192364,12
210.000000,1050,101,-1.0427,-5.2009,0.3000,-0.079206,-0.112480,-0.109080,0.137569,-2.184321,12
210.200000,1051,102,-1.0427,-5.2009,0.3000,-0.079206,-0.112480,-0.109080,0.137569,-2.184321,12
210.400000,1052,103,-1.0427,-5.2009,0.3000,-0.078406,-0.110240,-0.103000,0.135279,-2.189020,12
210.600000,1053,104,-1.0427,-5.2009,0.3000,-0.078406,-0.110240,-0.103000,0.135279,-2.189020,12
210.800000,1054,105,-1.0427,-5.2009,0.3000,-0.235570,-0.420660,-0.265650,0.482129,-2.081285,12
211.000000,1055,106,-1.0427,-5.2009,0.3000,-0.235570,-0.420660,-0.265650,0.482129,-2.081285,12
211.200000,1056,107,-1.0427,-5.2009,0.3000,-0.010035,-0.080820,-0.041747,0.081441,-1.694329,12
211.400000,1057,108,-1.0427,-5.2009,0.3000,-0.010035,-0.080820,-0.041747,0.081441,-1.694329,12
211.600000,1058,109,-1.0427,-5.2009,0.3000,-0.042438,-0.088459,-0.167530,0.098112,-2.018111,12
211.800000,1059,110,-1.0427,-5.2009,0.3000,-0.042438,-0.088459,-0.167530,0.098112,-2.018111,12
212.000000,1060,111,-1.0427,-5.2009,0.3000,-0.039801,-0.142370,-0.164440,0.147829,-1.843397,12
212.200000,1061,112,-1.0427,-5.2009,0.3000,-0.039801,-0.142370,-0.164440,0.147829,-1.843397,12
212.400000,1062,113,-1.0427,-5.2009,0.3000,-0.052791,-0.111570,-0.136070,0.123429,-2.012746,12
212.600000,1063,114,-1.0427,-5.2009,0.3000,-0.052791,-0.111570,-0.136070,0.123429,-2.012746,12
212.800000,1064,115,-1.0427,-5.2009,0.3000,-0.079879,-0.116750,-0.113630,0.141461,-2.170831,12
213.000000,1065,116,-1.0427,-5.2009,0.3000,-0.079879,-0.116750,-0.113630,0.141461,-2.170831,12
213.200000,1066,117,-1.0427,-5.2009,0.3000,-0.075748,-0.116800,-0.115240,0.139212,-2.146136,12
213.400000,1067,118,-1.0427,-5.2009,0.3000,-0.075748,-0.116800,-0.115240,0.139212,-2.146136,12
213.600000,1068,119,-1.0427,-5.2009,0.3000,-0.082243,-0.114820,-0.107990,0.141236,-2.192364,12
213.800000,1069,120,-1.0427,-5.2009,0.3000,-0.082243,-0.114820,-0.107990,0.141236,-2.192364,12
214.000000,1070,121,-1.0427,-5.2009,0.3000,-0.079206,-0.112480,-0.109080,0.137569,-2.184321,12
214.200000,1071,122,-1.0427,-5.2009,0.3000,-0.079206,-0.112480,-0.109080,0.137569,-2.184321,12
214.400000,1072,123,-1.0427,-5.2009,0.3000,-0.078406,-0.110240,-0.103000,0.135279,-2.189020,12
214.600000,1073,124,-1.0427,-5.2009,0.3000,-0.078406,-0.110240,-0.103000,0.135279,-2.189020,12
214.800000,1074,125,-1.0427,-5.2009,0.3000,-0.235570,-0.420660,-0.265650,0.482129,-2.081285,12
215.000000,1075,126,-1.0427,-5.2009,0.3000,-0.235570,-0.420660,-0.265650,0.482129,-2.081285,12
215.200000,1076,127,-1.0427,-5.2009,0.3000,-0.010035,-0.080820,-0.041747,0.081441,-1.694329,12
215.400000,1077,128,-1.0427,-5.2009,0.3000,-0.010035,-0.080820,-0.041747,0.081441,-1.694329,12
215.600000,1078,129,-1.0427,-5.2009,0.3000,-0.042438,-0.088459,-0.167530,0.098112,-2.018111,12
215.800000,1079,130,-1.0427,-5.2009,0.3000,-0.042438,-0.088459,-0.167530,0.098112,-2.018111,12
216.000000,1080,131,-1.0427,-5.2009,0.3000,-0.039801,-0.142370,-0.164440,0.147829,-1.843397,12
216.200000,1081,132,-1.0427,-5.2009,0.3000,-0.039801,-0.142370,-0.164440,0.147829,-1.843397,12
216.400000,1082,133,-1.0427,-5.2009,0.3000,-0.052791,-0.111570,-0.136070,0.123429,-2.012746,12
216.600000,1083,134,-1.0427,-5.2009,0.3000,-0.052791,-0.111570,-0.136070,0.123429,-2.012746,12
216.800000,1084,135,-1.0427,-5.2009,0.3000,-0.079879,-0.116750,-0.113630,0.141461,-2.170831,12
217.000000,1085,136,-1.0427,-5.2009,0.3000,-0.079879,-0.116750,-0.113630,0.141461,-2.170831,12
217.200000,1086,137,-1.0427,-5.2009,0.3000,-0.079879,-0.116750,-0.113630,0.141461,-2.170831,12
217.400000,1087,138,-1.0427,-5.2009,0.3000,-0.075748,-0.116800,-0.115240,0.139212,-2.146136,12
217.600000,1088,139,-1.0427,-5.2009,0.3000,-0.075748,-0.116800,-0.115240,0.139212,-2.146136,12
217.800000,1089,140,-1.0427,-5.2009,0.3000,-0.082243,-0.114820,-0.107990,0.141236,-2.192364,12
218.000000,1090,141,-1.0427,-5.2009,0.3000,-0.082243,-0.114820,-0.107990,0.141236,-2.192364,12
218.200000,1091,142,-1.0427,-5.2009,0.3000,-0.079206,-0.112480,-0.109080,0.137569,-2.184321,12
218.400000,1092,143,-1.0427,-5.2009,0.3000,-0.079206,-0.112480,-0.109080,0.137569,-2.184321,12
218.600000,1093,144,-1.0427,-5.2009,0.3000,-0.078406,-0.110240,-0.103000,0.135279,-2.189020,12
218.800000,1094,145,-1.0427,-5.2009,0.3000,-0.078406,-0.110240,-0.103000,0.135279,-2.189020,12
219.000000,1095,146,-1.0427,-5.2009,0.3000,-0.235570,-0.420660,-0.265650,0.482129,-2.081285,12
219.200000,1096,147,-1.0427,-5.2009,0.3000,-0.235570,-0.420660,-0.265650,0.482129,-2.081285,12
219.400000,1097,148,-1.0427,-5.2009,0.3000,-0.235570,-0.420660,-0.265650,0.482129,-2.081285,12
219.600000,1098,149,-1.0427,-5.2009,0.3000,-0.010035,-0.080820,-0.041747,0.081441,-1.694329,12
219.800000,1099,150,-1.3427,-5.2009,0.3000,-0.047930,-0.145790,0.010110,0.153467,-1.888426,12
220.000000,1100,151,-1.5549,-4.9887,0.3000,-0.113680,-0.439570,-0.015373,0.454032,-1.823868,12
220.200000,1101,152,-1.6427,-4.7251,0.3000,-0.099401,-0.438960,-0.021925,0.450074,-1.793487,12
220.400000,1102,153,-1.6427,-4.4251,0.3000,-0.089273,-0.377490,-0.030356,0.387903,-1.803021,12
220.600000,1103,154,-1.6427,-4.1251,0.3000,-0.094529,-0.302780,-0.031292,0.317193,-1.873411,12
220.800000,1104,155,-1.8185,-4.0009,0.3000,-0.057158,-0.120600,-0.040379,0.133459,-2.013385,12
221.000000,1105,156,-2.1185,-4.0009,0.3000,-0.085224,0.018545,-0.057756,0.087218,2.927330,12
221.200000,1106,157,-2.4185,-4.0009,0.3000,-0.140880,0.033656,-0.088397,0.144844,2.907090,12
221.400000,1107,158,-2.6670,-3.8766,0.3000,-0.125570,0.017929,-0.061059,0.126844,2.999770,12
221.600000,1108,159,-2.8791,-3.6645,0.3000,-0.092673,0.006828,-0.022728,0.092924,3.068044,12
221.800000,1109,160,-3.0913,-3.4524,0.3000,-0.076984,-0.002649,-0.004726,0.077030,-3.107195,12
222.000000,1110,161,-3.3034,-3.2402,0.3000,-0.065194,-0.011637,0.011729,0.066224,-2.964955,12
222.200000,1111,162,-3.5155,-3.0281,0.3000,-0.062191,-0.013164,0.023454,0.063569,-2.933001,12
222.400000,1112,163,-3.7277,-2.8160,0.3000,-0.060708,-0.007464,0.033593,0.061165,-3.019259,12
222.600000,1113,164,-3.9398,-2.6038,0.3000,-0.058380,0.006979,0.039744,0.058796,3.022620,12
222.800000,1114,165,-4.1519,-2.3917,0.3000,-0.050760,0.027503,0.040953,0.057732,2.645048,12
223.000000,1115,166,-4.3641,-2.1796,0.3000,-0.038410,0.054835,0.043669,0.066949,2.181834,12
223.200000,1116,167,-4.5762,-1.9674,0.3000,-0.024133,0.077103,0.048903,0.080792,1.874134,12
223.400000,1117,168,-4.6427,-1.9009,0.3000,0.007983,0.003542,-0.011614,0.008733,0.417600,12
223.600000,1118,169,-4.6427,-1.9009,0.3000,0.007983,0.003542,-0.011614,0.008733,0.417600,12
223.800000,1119,170,-4.6427,-1.9009,0.3000,0.026353,0.026651,0.007775,0.037480,0.791020,12
224.000000,1120,171,-4.6427,-1.9009,0.3000,0.026353,0.026651,0.007775,0.037480,0.791020,12
224.200000,1121,172,-4.6427,-1.9009,0.3000,0.026353,0.026651,0.007775,0.037480,0.791020,12
224.400000,1122,173,-4.6427,-1.9009,0.3000,0.015858,0.036432,0.053572,0.039734,1.160254,12
224.600000,1123,174,-4.6427,-1.9009,0.3000,0.015858,0.036432,0.053572,0.039734,1.160254,12
224.800000,1124,175,-4.6427,-1.9009,0.3000,-0.010283,0.050149,0.054251,0.051192,1.773042,12
225.000000,1125,176,-4.6427,-1.9009,0.3000,-0.010283,0.050149,0.054251,0.051192,1.773042,12
225.200000,1126,177,-4.6427,-1.9009,0.3000,-0.013965,0.077045,0.050928,0.078300,1.750107,12
225.400000,1127,178,-4.6427,-1.9009,0.3000,-0.013965,0.077045,0.050928,0.078300,1.750107,12
225.600000,1128,179,-4.6427,-1.9009,0.3000,-0.016125,0.081807,0.052537,0.083381,1.765412,12
225.800000,1129,180,-4.6427,-1.9009,0.3000,-0.016125,0.081807,0.052537,0.083381,1.765412,12
226.000000,1130,181,-4.6427,-1.9009,0.3000,-0.018917,0.082732,0.053654,0.084867,1.795586,12
226.200000,1131,182,-4.6427,-1.9009,0.3000,-0.018917,0.082732,0.053654,0.084867,1.795586,12
226.400000,1132,183,-4.6427,-1.9009,0.3000,-0.018917,0.082732,0.053654,0.084867,1.795586,12
226.600000,1133,184,-4.6427,-1.9009,0.3000,-0.015991,0.083005,0.053302,0.084531,1.761116,12
226.800000,1134,185,-4.6427,-1.9009,0.3000,-0.015991,0.083005,0.053302,0.084531,1.761116,12
227.000000,1135,186,-4.6427,-1.9009,0.3000,-0.017011,0.082967,0.052995,0.084693,1.773027,12
227.200000,1136,187,-4.6427,-1.9009,0.3000,-0.017011,0.082967,0.052995,0.084693,1.773027,12
227.400000,1137,188,-4.6427,-1.9009,0.3000,-0.016182,0.084971,0.052968,0.086498,1.758984,12
227.600000,1138,189,-4.6427,-1.9009,0.3000,-0.016182,0.084971,0.052968,0.086498,1.758984,12
227.800000,1139,190,-4.6427,-1.9009,0.3000,0.007983,0.003542,-0.011614,0.008733,0.417600,12
228.000000,1140,191,-4.6427,-1.9009,0.3000,0.007983,0.003542,-0.011614,0.008733,0.417600,12
228.200000,1141,192,-4.6427,-1.9009,0.3000,0.026353,0.026651,0.007775,0.037480,0.791020,12
228.400000,1142,193,-4.6427,-1.9009,0.3000,0.026353,0.026651,0.007775,0.037480,0.791020,12
228.600000,1143,194,-4.6427,-1.9009,0.3000,0.026353,0.026651,0.007775,0.037480,0.791020,12
228.800000,1144,195,-4.6427,-1.9009,0.3000,0.015858,0.036432,0.053572,0.039734,1.160254,12
229.000000,1145,196,-4.6427,-1.9009,0.3000,0.015858,0.036432,0.053572,0.039734,1.160254,12
229.200000,1146,197,-4.6427,-1.9009,0.3000,-0.010283,0.050149,0.054251,0.051192,1.773042,12
229.400000,1147,198,-4.6427,-1.9009,0.3000,-0.010283,0.050149,0.054251,0.051192,1.773042,12
229.600000,1148,199,-4.6427,-1.9009,0.3000,-0.013965,0.077045,0.050928,0.078300,1.750107,12
229.800000,1149,200,-4.6427,-1.9009,0.3000,-0.013965,0.077045,0.050928,0.078300,1.750107,12
230.000000,1150,201,-4.6427,-1.9009,0.3000,-0.016125,0.081807,0.052537,0.083381,1.765412,12
230.200000,1151,202,-4.6427,-1.9009,0.3000,-0.016125,0.081807,0.052537,0.083381,1.765412,12
230.400000,1152,203,-4.6427,-1.9009,0.3000,-0.018917,0.082732,0.053654,0.084867,1.795586,12
230.600000,1153,204,-4.6427,-1.9009,0.3000,-0.018917,0.082732,0.053654,0.084867,1.795586,12
230.800000,1154,205,-4.6427,-1.9009,0.3000,-0.018917,0.082732,0.053654,0.084867,1.795586,12
231.000000,1155,206,-4.6427,-1.9009,0.3000,-0.015991,0.083005,0.053302,0.084531,1.761116,12
231.200000,1156,207,-4.6427,-1.9009,0.3000,-0.015991,0.083005,0.053302,0.084531,1.761116,12
231.400000,1157,208,-4.6427,-1.9009,0.3000,-0.017011,0.082967,0.052995,0.084693,1.773027,12
231.600000,1158,209,-4.6427,-1.9009,0.3000,-0.017011,0.082967,0.052995,0.084693,1.773027,12
231.800000,1159,210,-4.6427,-1.9009,0.3000,-0.016182,0.084971,0.052968,0.086498,1.758984,12
232.000000,1160,211,-4.6427,-1.9009,0.3000,-0.016182,0.084971,0.052968,0.086498,1.758984,12
232.200000,1161,212,-4.6427,-1.9009,0.3000,0.007983,0.003542,-0.011614,0.008733,0.417600,12
232.400000,1162,213,-4.6427,-1.9009,0.3000,0.007983,0.003542,-0.011614,0.008733,0.417600,12
232.600000,1163,214,-4.6427,-1.9009,0.3000,0.026353,0.026651,0.007775,0.037480,0.791020,12
232.800000,1164,215,-4.6427,-1.9009,0.3000,0.026353,0.026651,0.007775,0.037480,0.791020,12
233.000000,1165,216,-4.6427,-1.9009,0.3000,0.026353,0.026651,0.007775,0.037480,0.791020,12
233.200000,1166,217,-4.6427,-1.9009,0.3000,0.015858,0.036432,0.053572,0.039734,1.160254,12
233.400000,1167,218,-4.6427,-1.9009,0.3000,0.015858,0.036432,0.053572,0.039734,1.160254,12
233.600000,1168,219,-4.6427,-1.9009,0.3000,-0.010283,0.050149,0.054251,0.051192,1.773042,12
233.800000,1169,220,-4.6427,-1.9009,0.3000,-0.010283,0.050149,0.054251,0.051192,1.773042,12
234.000000,1170,221,-4.6427,-1.9009,0.3000,-0.013965,0.077045,0.050928,0.078300,1.750107,12
234.200000,1171,222,-4.6427,-1.9009,0.3000,-0.013965,0.077045,0.050928,0.078300,1.750107,12
234.400000,1172,223,-4.6427,-1.9009,0.3000,-0.016125,0.081807,0.052537,0.083381,1.765412,12
234.600000,1173,224,-4.6427,-1.9009,0.3000,-0.016125,0.081807,0.052537,0.083381,1.765412,12
234.800000,1174,225,-4.6427,-1.9009,0.3000,-0.018917,0.082732,0.053654,0.084867,1.795586,12
235.000000,1175,226,-4.6427,-1.9009,0.3000,-0.018917,0.082732,0.053654,0.084867,1.795586,12
235.200000,1176,227,-4.6427,-1.9009,0.3000,-0.018917,0.082732,0.053654,0.084867,1.795586,12
235.400000,1177,228,-4.6427,-1.9009,0.3000,-0.015991,0.083005,0.053302,0.084531,1.761116,12
235.600000,1178,229,-4.6427,-1.9009,0.3000,-0.015991,0.083005,0.053302,0.084531,1.761116,12
235.800000,1179,230,-4.6427,-1.9009,0.3000,-0.017011,0.082967,0.052995,0.084693,1.773027,12
236.000000,1180,231,-4.6427,-1.9009,0.3000,-0.017011,0.082967,0.052995,0.084693,1.773027,12
236.200000,1181,232,-4.6427,-1.9009,0.3000,-0.016182,0.084971,0.052968,0.086498,1.758984,12
236.400000,1182,233,-4.6427,-1.9009,0.3000,-0.016182,0.084971,0.052968,0.086498,1.758984,12
236.600000,1183,234,-4.6427,-1.9009,0.3000,0.007983,0.003542,-0.011614,0.008733,0.417600,12
236.800000,1184,235,-4.6427,-1.9009,0.3000,0.007983,0.003542,-0.011614,0.008733,0.417600,12
237.000000,1185,236,-4.6427,-1.9009,0.3000,0.026353,0.026651,0.007775,0.037480,0.791020,12
237.200000,1186,237,-4.6427,-1.9009,0.3000,0.026353,0.026651,0.007775,0.037480,0.791020,12
237.400000,1187,238,-4.6427,-1.9009,0.3000,0.026353,0.026651,0.007775,0.037480,0.791020,12
237.600000,1188,239,-4.6427,-1.9009,0.3000,0.015858,0.036432,0.053572,0.039734,1.160254,12
237.800000,1189,240,-4.6427,-1.9009,0.3000,0.015858,0.036432,0.053572,0.039734,1.160254,12
238.000000,1190,241,-4.6427,-1.9009,0.3000,-0.010283,0.050149,0.054251,0.051192,1.773042,12
238.200000,1191,242,-4.6427,-1.9009,0.3000,-0.010283,0.050149,0.054251,0.051192,1.773042,12
238.400000,1192,243,-4.6427,-1.9009,0.3000,-0.013965,0.077045,0.050928,0.078300,1.750107,12
238.600000,1193,244,-4.6427,-1.9009,0.3000,-0.013965,0.077045,0.050928,0.078300,1.750107,12
238.800000,1194,245,-4.6427,-1.9009,0.3000,-0.016125,0.081807,0.052537,0.083381,1.765412,12
239.000000,1195,246,-4.6427,-1.9009,0.3000,-0.016125,0.081807,0.052537,0.083381,1.765412,12
239.200000,1196,247,-4.6427,-1.9009,0.3000,-0.018917,0.082732,0.053654,0.084867,1.795586,12
239.400000,1197,248,-4.6427,-1.9009,0.3000,-0.018917,0.082732,0.053654,0.084867,1.795586,12
239.600000,1198,249,-4.6427,-1.9009,0.3000,-0.018917,0.082732,0.053654,0.084867,1.795586,12
239.800000,1199,250,-4.6427,-1.9009,0.3000,-0.015991,0.083005,0.053302,0.084531,1.761116,12
240.000000,1200,251,-4.6427,-1.9009,0.3000,-0.015991,0.083005,0.053302,0.084531,1.761116,12
240.200000,1201,252,-4.6427,-1.9009,0.3000,-0.017011,0.082967,0.052995,0.084693,1.773027,12
240.400000,1202,253,-4.3427,-1.9009,0.3000,-0.010985,0.047034,0.040547,0.048300,1.800238,12
240.600000,1203,254,-4.1306,-1.6887,0.3000,0.013793,0.016877,0.031719,0.021796,0.885616,12
240.800000,1204,255,-3.9185,-1.4766,0.3000,0.034233,0.001659,0.024712,0.034273,0.048427,12
241.000000,1205,256,-3.7427,-1.3009,0.3000,0.013025,0.008826,0.000365,0.015734,0.595537,12
241.200000,1206,257,-3.7427,-1.3009,0.3000,0.013025,0.008826,0.000365,0.015734,0.595537,12
241.400000,1207,258,-3.7427,-1.3009,0.3000,0.045681,0.011144,0.003355,0.047021,0.239279,12
241.600000,1208,259,-3.7427,-1.3009,0.3000,0.045681,0.011144,0.003355,0.047021,0.239279,12
241.800000,1209,260,-3.7427,-1.3009,0.3000,0.045681,0.011144,0.003355,0.047021,0.239279,12
242.000000,1210,261,-3.7427,-1.3009,0.3000,0.065588,0.002775,0.015650,0.065647,0.042287,12
242.200000,1211,262,-3.7427,-1.3009,0.3000,0.065588,0.002775,0.015650,0.065647,0.042287,12
242.400000,1212,263,-3.7427,-1.3009,0.3000,0.070121,-0.007326,0.014938,0.070503,-0.104100,12
242.600000,1213,264,-3.7427,-1.3009,0.3000,0.070121,-0.007326,0.014938,0.070503,-0.104100,12
242.800000,1214,265,-3.7427,-1.3009,0.3000,0.059811,-0.000120,0.017497,0.059811,-0.002009,12
243.000000,1215,266,-3.7427,-1.3009,0.3000,0.059811,-0.000120,0.017497,0.059811,-0.002009,12
243.200000,1216,267,-3.7427,-1.3009,0.3000,0.058538,-0.002658,0.020302,0.058598,-0.045367,12
243.400000,1217,268,-3.7427,-1.3009,0.3000,0.058538,-0.002658,0.020302,0.058598,-0.045367,12
243.600000,1218,269,-3.7427,-1.3009,0.3000,0.058736,-0.004452,0.021540,0.058904,-0.075649,12
243.800000,1219,270,-3.7427,-1.3009,0.3000,0.058736,-0.004452,0.021540,0.058904,-0.075649,12
244.000000,1220,271,-3.7427,-1.3009,0.3000,0.058736,-0.004452,0.021540,0.058904,-0.075649,12
244.200000,1221,272,-3.7427,-1.3009,0.3000,0.058391,-0.002649,0.020982,0.058451,-0.045339,12
244.400000,1222,273,-3.7427,-1.3009,0.3000,0.058391,-0.002649,0.020982,0.058451,-0.045339,12
244.600000,1223,274,-3.7427,-1.3009,0.3000,0.057102,-0.003458,0.019664,0.057207,-0.060477,12
244.800000,1224,275,-3.7427,-1.3009,0.3000,0.057102,-0.003458,0.019664,0.057207,-0.060477,12
245.000000,1225,276,-3.7427,-1.3009,0.3000,0.057180,-0.003067,0.020568,0.057262,-0.053583,12
245.200000,1226,277,-3.7427,-1.3009,0.3000,0.057180,-0.003067,0.020568,0.057262,-0.053583,12
245.400000,1227,278,-3.7427,-1.3009,0.3000,0.013025,0.008826,0.000365,0.015734,0.595537,12
245.600000,1228,279,-3.7427,-1.3009,0.3000,0.013025,0.008826,0.000365,0.015734,0.595537,12
245.800000,1229,280,-3.7427,-1.3009,0.3000,0.045681,0.011144,0.003355,0.047021,0.239279,12
246.000000,1230,281,-3.7427,-1.3009,0.3000,0.045681,0.011144,0.003355,0.047021,0.239279,12
246.200000,1231,282,-3.7427,-1.3009,0.3000,0.045681,0.011144,0.003355,0.047021,0.239279,12
246.400000,1232,283,-3.7427,-1.3009,0.3000,0.065588,0.002775,0.015650,0.065647,0.042287,12
246.600000,1233,284,-3.7427,-1.3009,0.3000,0.065588,0.002775,0.015650,0.065647,0.042287,12
246.800000,1234,285,-3.7427,-1.3009,0.3000,0.070121,-0.007326,0.014938,0.070503,-0.104100,12
247.000000,1235,286,-3.7427,-1.3009,0.3000,0.070121,-0.007326,0.014938,0.070503,-0.104100,12
247.200000,1236,287,-3.7427,-1.3009,0.3000,0.059811,-0.000120,0.017497,0.059811,-0.002009,12
247.400000,1237,288,-3.7427,-1.3009,0.3000,0.059811,-0.000120,0.017497,0.059811,-0.002009,12
247.600000,1238,289,-3.7427,-1.3009,0.3000,0.058538,-0.002658,0.020302,0.058598,-0.045367,12
247.800000,1239,290,-3.7427,-1.3009,0.3000,0.058538,-0.002658,0.020302,0.058598,-0.045367,12
248.000000,1240,291,-3.7427,-1.3009,0.3000,0.058736,-0.004452,0.021540,0.058904,-0.075649,12
248.200000,1241,292,-3.7427,-1.3009,0.3000,0.058736,-0.004452,0.021540,0.058904,-0.075649,12
248.400000,1242,293,-3.7427,-1.3009,0.3000,0.058736,-0.004452,0.021540,0.058904,-0.075649,12
248.600000,1243,294,-3.7427,-1.3009,0.3000,0.058391,-0.002649,0.020982,0.058451,-0.045339,12
248.800000,1244,295,-3.7427,-1.3009,0.3000,0.058391,-0.002649,0.020982,0.058451,-0.045339,12
249.000000,1245,296,-3.7427,-1.3009,0.3000,0.057102,-0.003458,0.019664,0.057207,-0.060477,12
249.200000,1246,297,-3.7427,-1.3009,0.3000,0.057102,-0.003458,0.019664,0.057207,-0.060477,12
249.400000,1247,298,-3.7427,-1.3009,0.3000,0.057180,-0.003067,0.020568,0.057262,-0.053583,12
249.600000,1248,299,-3.7427,-1.3009,0.3000,0.057180,-0.003067,0.020568,0.057262,-0.053583,12
249.800000,1249,300,-3.7427,-1.3009,0.3000,0.013025,0.008826,0.000365,0.015734,0.595537,12
250.000000,1250,301,-3.7427,-1.3009,0.3000,0.013025,0.008826,0.000365,0.015734,0.595537,12
250.200000,1251,302,-3.7427,-1.3009,0.3000,0.045681,0.011144,0.003355,0.047021,0.239279,12
250.400000,1252,303,-3.7427,-1.3009,0.3000,0.045681,0.011144,0.003355,0.047021,0.239279,12
250.600000,1253,304,-3.7427,-1.3009,0.3000,0.045681,0.011144,0.003355,0.047021,0.239279,12
250.800000,1254,305,-3.7427,-1.3009,0.3000,0.065588,0.002775,0.015650,0.065647,0.042287,12
251.000000,1255,306,-3.7427,-1.3009,0.3000,0.065588,0.002775,0.015650,0.065647,0.042287,12
251.200000,1256,307,-3.7427,-1.3009,0.3000,0.070121,-0.007326,0.014938,0.070503,-0.104100,12
251.400000,1257,308,-3.7427,-1.3009,0.3000,0.070121,-0.007326,0.014938,0.070503,-0.104100,12
251.600000,1258,309,-3.7427,-1.3009,0.3000,0.059811,-0.000120,0.017497,0.059811,-0.002009,12
251.800000,1259,310,-3.7427,-1.3009,0.3000,0.059811,-0.000120,0.017497,0.059811,-0.002009,12
252.000000,1260,311,-3.7427,-1.3009,0.3000,0.058538,-0.002658,0.020302,0.058598,-0.045367,12
252.200000,1261,312,-3.7427,-1.3009,0.3000,0.058538,-0.002658,0.020302,0.058598,-0.045367,12
252.400000,1262,313,-3.7427,-1.3009,0.3000,0.058736,-0.004452,0.021540,0.058904,-0.075649,12
252.600000,1263,314,-3.7427,-1.3009,0.3000,0.058736,-0.004452,0.021540,0.058904,-0.075649,12
252.800000,1264,315,-3.7427,-1.3009,0.3000,0.058736,-0.004452,0.021540,0.058904,-0.075649,12
253.000000,1265,316,-3.7427,-1.3009,0.3000,0.058391,-0.002649,0.020982,0.058451,-0.045339,12
253.200000,1266,317,-3.7427,-1.3009,0.3000,0.058391,-0.002649,0.020982,0.058451,-0.045339,12
253.400000,1267,318,-3.7427,-1.3009,0.3000,0.057102,-0.003458,0.019664,0.057207,-0.060477,12
253.600000,1268,319,-3.7427,-1.3009,0.3000,0.057102,-0.003458,0.019664,0.057207,-0.060477,12
253.800000,1269,320,-3.7427,-1.3009,0.3000,0.057180,-0.003067,0.020568,0.057262,-0.053583,12
254.000000,1270,321,-3.7427,-1.3009,0.3000,0.057180,-0.003067,0.020568,0.057262,-0.053583,12
254.200000,1271,322,-3.7427,-1.3009,0.3000,0.013025,0.008826,0.000365,0.015734,0.595537,12
254.400000,1272,323,-3.7427,-1.3009,0.3000,0.013025,0.008826,0.000365,0.015734,0.595537,12
254.600000,1273,324,-3.7427,-1.3009,0.3000,0.045681,0.011144,0.003355,0.047021,0.239279,12
254.800000,1274,325,-3.7427,-1.3009,0.3000,0.045681,0.011144,0.003355,0.047021,0.239279,12
255.000000,1275,326,-3.7427,-1.3009,0.3000,0.045681,0.011144,0.003355,0.047021,0.239279,12
255.200000,1276,327,-3.7427,-1.3009,0.3000,0.065588,0.002775,0.015650,0.065647,0.042287,12
255.400000,1277,328,-3.7427,-1.3009,0.3000,0.065588,0.002775,0.015650,0.065647,0.042287,12
255.600000,1278,329,-3.7427,-1.3009,0.3000,0.070121,-0.007326,0.014938,0.070503,-0.104100,12
255.800000,1279,330,-3.7427,-1.3009,0.3000,0.070121,-0.007326,0.014938,0.070503,-0.104100,12
256.000000,1280,331,-3.7427,-1.3009,0.3000,0.059811,-0.000120,0.017497,0.059811,-0.002009,12
256.200000,1281,332,-3.7427,-1.3009,0.3000,0.059811,-0.000120,0.017497,0.059811,-0.002009,12
256.400000,1282,333,-3.7427,-1.3009,0.3000,0.058538,-0.002658,0.020302,0.058598,-0.045367,12
256.600000,1283,334,-3.7427,-1.3009,0.3000,0.058538,-0.002658,0.020302,0.058598,-0.045367,12
256.800000,1284,335,-3.7427,-1.3009,0.3000,0.058736,-0.004452,0.021540,0.058904,-0.075649,12
257.000000,1285,336,-3.7427,-1.3009,0.3000,0.058736,-0.004452,0.021540,0.058904,-0.075649,12
257.200000,1286,337,-3.7427,-1.3009,0.3000,0.058736,-0.004452,0.021540,0.058904,-0.075649,12
257.400000,1287,338,-3.7427,-1.3009,0.3000,0.058391,-0.002649,0.020982,0.058451,-0.045339,12
257.600000,1288,339,-3.7427,-1.3009,0.3000,0.058391,-0.002649,0.020982,0.058451,-0.045339,12
257.800000,1289,340,-3.7427,-1.3009,0.3000,0.057102,-0.003458,0.019664,0.057207,-0.060477,12
258.000000,1290,341,-3.7427,-1.3009,0.3000,0.057102,-0.003458,0.019664,0.057207,-0.060477,12
258.200000,1291,342,-3.7427,-1.3009,0.3000,0.057180,-0.003067,0.020568,0.057262,-0.053583,12
258.400000,1292,343,-3.7427,-1.3009,0.3000,0.057180,-0.003067,0.020568,0.057262,-0.053583,12
258.600000,1293,344,-3.7427,-1.3009,0.3000,0.013025,0.008826,0.000365,0.015734,0.595537,12
258.800000,1294,345,-3.7427,-1.3009,0.3000,0.013025,0.008826,0.000365,0.015734,0.595537,12
259.000000,1295,346,-3.7427,-1.3009,0.3000,0.045681,0.011144,0.003355,0.047021,0.239279,12
259.200000,1296,347,-3.7427,-1.3009,0.3000,0.045681,0.011144,0.003355,0.047021,0.239279,12
259.400000,1297,348,-3.7427,-1.3009,0.3000,0.045681,0.011144,0.003355,0.047021,0.239279,12
259.600000,1298,349,-3.7427,-1.3009,0.3000,0.065588,0.002775,0.015650,0.065647,0.042287,12
259.800000,1299,350,-3.7427,-1.3009,0.3000,0.065588,0.002775,0.015650,0.065647,0.042287,12
260.000000,1300,351,-3.7427,-1.3009,0.3000,0.070121,-0.007326,0.014938,0.070503,-0.104100,12
260.200000,1301,352,-3.7427,-1.3009,0.3000,0.070121,-0.007326,0.014938,0.070503,-0.104100,12
260.400000,1302,353,-3.7427,-1.3009,0.3000,0.059811,-0.000120,0.017497,0.059811,-0.002009,12
260.600000,1303,354,-3.7427,-1.3009,0.3000,0.059811,-0.000120,0.017497,0.059811,-0.002009,12
260.800000,1304,355,-3.7427,-1.3009,0.3000,0.058538,-0.002658,0.020302,0.058598,-0.045367,12
261.000000,1305,356,-3.7427,-1.3009,0.3000,0.058538,-0.002658,0.020302,0.058598,-0.045367,12
261.200000,1306,357,-3.7427,-1.3009,0.3000,0.058736,-0.004452,0.021540,0.058904,-0.075649,12
261.400000,1307,358,-3.7427,-1.3009,0.3000,0.058736,-0.004452,0.021540,0.058904,-0.075649,12
261.600000,1308,359,-3.7427,-1.3009,0.3000,0.058736,-0.004452,0.021540,0.058904,-0.075649,12
261.800000,1309,360,-3.7427,-1.3009,0.3000,0.058391,-0.002649,0.020982,0.058451,-0.045339,12
262.000000,1310,361,-3.7427,-1.3009,0.3000,0.058391,-0.002649,0.020982,0.058451,-0.045339,12
262.200000,1311,362,-3.7427,-1.3009,0.3000,0.057102,-0.003458,0.019664,0.057207,-0.060477,12
262.400000,1312,363,-3.7427,-1.3009,0.3000,0.057102,-0.003458,0.019664,0.057207,-0.060477,12
262.600000,1313,364,-3.7427,-1.3009,0.3000,0.057180,-0.003067,0.020568,0.057262,-0.053583,12
262.800000,1314,365,-3.7427,-1.3009,0.3000,0.057180,-0.003067,0.020568,0.057262,-0.053583,12
263.000000,1315,366,-3.7427,-1.3009,0.3000,0.013025,0.008826,0.000365,0.015734,0.595537,12
263.200000,1316,367,-3.7427,-1.3009,0.3000,0.013025,0.008826,0.000365,0.015734,0.595537,12
263.400000,1317,368,-3.7427,-1.3009,0.3000,0.045681,0.011144,0.003355,0.047021,0.239279,12
263.600000,1318,369,-3.7427,-1.3009,0.3000,0.045681,0.011144,0.003355,0.047021,0.239279,12
263.800000,1319,370,-3.7427,-1.3009,0.3000,0.045681,0.011144,0.003355,0.047021,0.239279,12
264.000000,1320,371,-3.7427,-1.3009,0.3000,0.065588,0.002775,0.015650,0.065647,0.042287,12
264.200000,1321,372,-3.7427,-1.3009,0.3000,0.065588,0.002775,0.015650,0.065647,0.042287,12
264.400000,1322,373,-3.7427,-1.3009,0.3000,0.070121,-0.007326,0.014938,0.070503,-0.104100,12
264.600000,1323,374,-3.7427,-1.3009,0.3000,0.070121,-0.007326,0.014938,0.070503,-0.104100,12
264.800000,1324,375,-3.7427,-1.3009,0.3000,0.059811,-0.000120,0.017497,0.059811,-0.002009,12
265.000000,1325,376,-3.7427,-1.3009,0.3000,0.059811,-0.000120,0.017497,0.059811,-0.002009,12
265.200000,1326,377,-3.7427,-1.3009,0.3000,0.058538,-0.002658,0.020302,0.058598,-0.045367,12
265.400000,1327,378,-3.7427,-1.3009,0.3000,0.058538,-0.002658,0.020302,0.058598,-0.045367,12
265.600000,1328,379,-3.7427,-1.3009,0.3000,0.058736,-0.004452,0.021540,0.058904,-0.075649,12
265.800000,1329,380,-3.7427,-1.3009,0.3000,0.058736,-0.004452,0.021540,0.058904,-0.075649,12
266.000000,1330,381,-3.7427,-1.3009,0.3000,0.058736,-0.004452,0.021540,0.058904,-0.075649,12
266.200000,1331,382,-3.7427,-1.3009,0.3000,0.058391,-0.002649,0.020982,0.058451,-0.045339,12
266.400000,1332,383,-3.7427,-1.3009,0.3000,0.058391,-0.002649,0.020982,0.058451,-0.045339,12
266.600000,1333,384,-3.7427,-1.3009,0.3000,0.057102,-0.003458,0.019664,0.057207,-0.060477,12
266.800000,1334,385,-3.7427,-1.3009,0.3000,0.057102,-0.003458,0.019664,0.057207,-0.060477,12
267.000000,1335,386,-3.7427,-1.3009,0.3000,0.057180,-0.003067,0.020568,0.057262,-0.053583,12
267.200000,1336,387,-3.7427,-1.3009,0.3000,0.057180,-0.003067,0.020568,0.057262,-0.053583,12
267.400000,1337,388,-3.7427,-1.3009,0.3000,0.013025,0.008826,0.000365,0.015734,0.595537,12
267.600000,1338,389,-3.7427,-1.3009,0.3000,0.013025,0.008826,0.000365,0.015734,0.595537,12
267.800000,1339,390,-3.7427,-1.3009,0.3000,0.045681,0.011144,0.003355,0.047021,0.239279,12
268.000000,1340,391,-3.7427,-1.3009,0.3000,0.045681,0.011144,0.003355,0.047021,0.239279,12
268.200000,1341,392,-3.7427,-1.3009,0.3000,0.045681,0.011144,0.003355,0.047021,0.239279,12
268.400000,1342,393,-3.7427,-1.3009,0.3000,0.065588,0.002775,0.015650,0.065647,0.042287,12
268.600000,1343,394,-3.7427,-1.3009,0.3000,0.065588,0.002775,0.015650,0.065647,0.042287,12
268.800000,1344,395,-3.7427,-1.3009,0.3000,0.070121,-0.007326,0.014938,0.070503,-0.104100,12
269.000000,1345,396,-3.7427,-1.3009,0.3000,0.070121,-0.007326,0.014938,0.070503,-0.104100,12
269.200000,1346,397,-3.7427,-1.3009,0.3000,0.059811,-0.000120,0.017497,0.059811,-0.002009,12
269.400000,1347,398,-3.7427,-1.3009,0.3000,0.059811,-0.000120,0.017497,0.059811,-0.002009,12
269.600000,1348,399,-3.7427,-1.3009,0.3000,0.058538,-0.002658,0.020302,0.058598,-0.045367,12
269.800000,1349,400,-3.7427,-1.3009,0.3000,0.058538,-0.002658,0.020302,0.058598,-0.045367,12
270.000000,1350,401,-3.7427,-1.3009,0.3000,0.058736,-0.004452,0.021540,0.058904,-0.075649,12
270.200000,1351,402,-3.7427,-1.3009,0.3000,0.058736,-0.004452,0.021540,0.058904,-0.075649,12
270.400000,1352,403,-3.7427,-1.3009,0.3000,0.058736,-0.004452,0.021540,0.058904,-0.075649,12
270.600000,1353,404,-3.7427,-1.3009,0.3000,0.058391,-0.002649,0.020982,0.058451,-0.045339,12
270.800000,1354,405,-3.7427,-1.3009,0.3000,0.058391,-0.002649,0.020982,0.058451,-0.045339,12
271.000000,1355,406,-3.7427,-1.3009,0.3000,0.057102,-0.003458,0.019664,0.057207,-0.060477,12
271.200000,1356,407,-3.7427,-1.3009,0.3000,0.057102,-0.003458,0.019664,0.057207,-0.060477,12
271.400000,1357,408,-3.7427,-1.3009,0.3000,0.057180,-0.003067,0.020568,0.057262,-0.053583,12
271.600000,1358,409,-3.7427,-1.3009,0.3000,0.057180,-0.003067,0.020568,0.057262,-0.053583,12
271.800000,1359,410,-3.7427,-1.3009,0.3000,0.013025,0.008826,0.000365,0.015734,0.595537,12
272.000000,1360,411,-3.7427,-1.3009,0.3000,0.013025,0.008826,0.000365,0.015734,0.595537,12
272.200000,1361,412,-3.7427,-1.3009,0.3000,0.045681,0.011144,0.003355,0.047021,0.239279,12
272.400000,1362,413,-3.7427,-1.3009,0.3000,0.045681,0.011144,0.003355,0.047021,0.239279,12
272.600000,1363,414,-3.7427,-1.3009,0.3000,0.045681,0.011144,0.003355,0.047021,0.239279,12
272.800000,1364,415,-3.7427,-1.3009,0.3000,0.065588,0.002775,0.015650,0.065647,0.042287,12
273.000000,1365,416,-3.7427,-1.3009,0.3000,0.065588,0.002775,0.015650,0.065647,0.042287,12
273.200000,1366,417,-3.7427,-1.3009,0.3000,0.070121,-0.007326,0.014938,0.070503,-0.104100,12
273.400000,1367,418,-3.7427,-1.3009,0.3000,0.070121,-0.007326,0.014938,0.070503,-0.104100,12
273.600000,1368,419,-3.7427,-1.3009,0.3000,0.059811,-0.000120,0.017497,0.059811,-0.002009,12
273.800000,1369,420,-3.7427,-1.3009,0.3000,0.059811,-0.000120,0.017497,0.059811,-0.002009,12
274.000000,1370,421,-3.7427,-1.3009,0.3000,0.058538,-0.002658,0.020302,0.058598,-0.045367,12
274.200000,1371,422,-3.7427,-1.3009,0.3000,0.058538,-0.002658,0.020302,0.058598,-0.045367,12
274.400000,1372,423,-3.7427,-1.3009,0.3000,0.058736,-0.004452,0.021540,0.058904,-0.075649,12
274.600000,1373,424,-3.7427,-1.3009,0.3000,0.058736,-0.004452,0.021540,0.058904,-0.075649,12
274.800000,1374,425,-3.7427,-1.3009,0.3000,0.058736,-0.004452,0.021540,0.058904,-0.075649,12
275.000000,1375,426,-3.7427,-1.3009,0.3000,0.058391,-0.002649,0.020982,0.058451,-0.045339,12
275.200000,1376,427,-3.7427,-1.3009,0.3000,0.058391,-0.002649,0.020982,0.058451,-0.045339,12
