t_sim_s,step,iteration,x,y,z,true_gas_ppm,measured_gas_ppm,sensor_mode,seed
0.200000,1,1050,-3.1700,-1.7500,0.3000,0.034033,0.000000,asymmetric,12
0.400000,2,1051,-3.1700,-1.7500,0.3000,0.033966,0.000000,asymmetric,12
0.600000,3,1052,-3.1700,-1.7500,0.3000,0.034181,0.005225,asymmetric,12
0.800000,4,1053,-3.1700,-1.7500,0.3000,0.034987,0.009637,asymmetric,12
1.000000,5,1054,-3.1700,-1.7500,0.3000,0.034478,0.013405,asymmetric,12
1.200000,6,1055,-3.1700,-1.7500,0.3000,0.035881,0.016718,asymmetric,12
1.400000,7,1056,-3.1700,-1.7500,0.3000,0.036823,0.019445,asymmetric,12
1.600000,8,1057,-3.1700,-1.7500,0.3000,0.037020,0.021968,asymmetric,12
1.800000,9,1058,-3.1700,-1.7500,0.3000,0.036789,0.024249,asymmetric,12
2.000000,10,1059,-3.1700,-1.7500,0.3000,0.037826,0.026209,asymmetric,12
2.200000,11,1060,-3.1700,-1.7500,0.3000,0.037173,0.027833,asymmetric,12
2.400000,12,1061,-3.1700,-1.7500,0.3000,0.034871,0.029367,asymmetric,12
2.600000,13,1062,-3.1700,-1.7500,0.3000,0.036370,0.030566,asymmetric,12
2.800000,14,1063,-3.1700,-1.7500,0.3000,0.035303,0.031227,asymmetric,12
3.000000,15,1064,-3.1700,-1.7500,0.3000,0.032343,0.032016,asymmetric,12
3.200000,16,1065,-3.1700,-1.7500,0.3000,0.029488,0.032521,asymmetric,12
3.400000,17,1066,-3.1700,-1.7500,0.3000,0.028381,0.032493,asymmetric,12
3.600000,18,1067,-3.1700,-1.7500,0.3000,0.027306,0.032032,asymmetric,12
3.800000,19,1068,-3.1700,-1.7500,0.3000,0.027378,0.031471,asymmetric,12
4.000000,20,1069,-3.1700,-1.7500,0.3000,0.028492,0.030832,asymmetric,12
4.200000,21,1070,-3.1700,-1.7500,0.3000,0.028802,0.030302,asymmetric,12
4.400000,22,1071,-3.1700,-1.7500,0.3000,0.029545,0.030024,asymmetric,12
4.600000,23,1072,-3.1700,-1.7500,0.3000,0.031439,0.029836,asymmetric,12
4.800000,24,1073,-3.1700,-1.7500,0.3000,0.034246,0.029792,asymmetric,12
5.000000,25,1074,-3.1700,-1.7500,0.3000,0.034132,0.030044,asymmetric,12
5.200000,26,1075,-3.1700,-1.7500,0.3000,0.032170,0.030689,asymmetric,12
5.400000,27,1076,-3.1700,-1.7500,0.3000,0.032369,0.031218,asymmetric,12
5.600000,28,1077,-3.1700,-1.7500,0.3000,0.032728,0.031364,asymmetric,12
5.800000,29,1078,-3.1700,-1.7500,0.3000,0.032376,0.031518,asymmetric,12
6.000000,30,1079,-3.1700,-1.7500,0.3000,0.034455,0.031704,asymmetric,12
6.200000,31,1080,-3.1700,-1.7500,0.3000,0.033488,0.031807,asymmetric,12
6.400000,32,1081,-3.1700,-1.7500,0.3000,0.033930,0.032214,asymmetric,12
6.600000,33,1082,-3.1700,-1.7500,0.3000,0.035225,0.032409,asymmetric,12
6.800000,34,1083,-3.1700,-1.7500,0.3000,0.038151,0.032643,asymmetric,12
7.000000,35,1084,-3.1700,-1.7500,0.3000,0.041099,0.033039,asymmetric,12
7.200000,36,1085,-3.1700,-1.7500,0.3000,0.039790,0.033824,asymmetric,12
7.400000,37,1086,-3.1700,-1.7500,0.3000,0.050439,0.034941,asymmetric,12
7.600000,38,1087,-3.1700,-1.7500,0.3000,0.049861,0.035685,asymmetric,12
7.800000,39,1088,-3.1700,-1.7500,0.3000,0.052524,0.037950,asymmetric,12
8.000000,40,1089,-3.1700,-1.7500,0.3000,0.054039,0.039779,asymmetric,12
8.200000,41,1090,-3.1700,-1.7500,0.3000,0.053915,0.041735,asymmetric,12
8.400000,42,1091,-3.1700,-1.7500,0.3000,0.052643,0.043624,asymmetric,12
8.600000,43,1092,-3.1700,-1.7500,0.3000,0.052380,0.045204,asymmetric,12
8.800000,44,1093,-3.1700,-1.7500,0.3000,0.058164,0.046346,asymmetric,12
9.000000,45,1094,-3.1700,-1.7500,0.3000,0.057117,0.047272,asymmetric,12
9.200000,46,1095,-3.1700,-1.7500,0.3000,0.053235,0.048945,asymmetric,12
9.400000,47,1096,-3.1700,-1.7500,0.3000,0.050186,0.050199,asymmetric,12
9.600000,48,1097,-3.1700,-1.7500,0.3000,0.047921,0.050665,asymmetric,12
9.800000,49,1098,-3.1700,-1.7500,0.3000,0.045600,0.050592,asymmetric,12
10.000000,50,1099,-3.1700,-1.7500,0.3000,0.045079,0.050182,asymmetric,12
10.200000,51,1100,-3.1700,-1.7500,0.3000,0.045981,0.049478,asymmetric,12
10.400000,52,1101,-3.1700,-1.7500,0.3000,0.047036,0.048803,asymmetric,12
10.600000,53,1102,-3.1700,-1.7500,0.3000,0.056238,0.048370,asymmetric,12
10.800000,54,1103,-3.1700,-1.7500,0.3000,0.059073,0.048165,asymmetric,12
11.000000,55,1104,-3.1700,-1.7500,0.3000,0.065722,0.049404,asymmetric,12
11.200000,56,1105,-3.1700,-1.7500,0.3000,0.072192,0.050889,asymmetric,12
11.400000,57,1106,-3.1700,-1.7500,0.3000,0.078125,0.053166,asymmetric,12
11.600000,58,1107,-3.1700,-1.7500,0.3000,0.082505,0.056087,asymmetric,12
11.800000,59,1108,-3.1700,-1.7500,0.3000,0.084666,0.059470,asymmetric,12
12.000000,60,1109,-3.1700,-1.7500,0.3000,0.087097,0.063006,asymmetric,12
12.200000,61,1110,-3.1700,-1.7500,0.3000,0.090515,0.066332,asymmetric,12
12.400000,62,1111,-3.1700,-1.7500,0.3000,0.091036,0.069519,asymmetric,12
12.600000,63,1112,-3.1700,-1.7500,0.3000,0.091747,0.072743,asymmetric,12
12.800000,64,1113,-3.1700,-1.7500,0.3000,0.089993,0.075551,asymmetric,12
13.000000,65,1114,-3.1700,-1.7500,0.3000,0.085204,0.078037,asymmetric,12
13.200000,66,1115,-3.1700,-1.7500,0.3000,0.082905,0.079873,asymmetric,12
13.400000,67,1116,-3.1700,-1.7500,0.3000,0.078879,0.080691,asymmetric,12
13.600000,68,1117,-3.1700,-1.7500,0.3000,0.075683,0.081031,asymmetric,12
13.800000,69,1118,-3.1700,-1.7500,0.3000,0.072760,0.080701,asymmetric,12
14.000000,70,1119,-3.1700,-1.7500,0.3000,0.067762,0.079930,asymmetric,12
14.200000,71,1120,-3.1700,-1.7500,0.3000,0.064416,0.078830,asymmetric,12
14.400000,72,1121,-3.1700,-1.7500,0.3000,0.061153,0.077131,asymmetric,12
14.600000,73,1122,-3.1700,-1.7500,0.3000,0.065553,0.075179,asymmetric,12
14.800000,74,1123,-3.1700,-1.7500,0.3000,0.071133,0.073025,asymmetric,12
15.000000,75,1124,-3.1700,-1.7500,0.3000,0.074029,0.071878,asymmetric,12
15.200000,76,1125,-3.1700,-1.7500,0.3000,0.075963,0.071764,asymmetric,12
15.400000,77,1126,-3.1700,-1.7500,0.3000,0.079077,0.072112,asymmetric,12
15.600000,78,1127,-3.1700,-1.7500,0.3000,0.078695,0.072703,asymmetric,12
15.800000,79,1128,-3.1700,-1.7500,0.3000,0.076590,0.073681,asymmetric,12
16.000000,80,1129,-3.1700,-1.7500,0.3000,0.075980,0.074451,asymmetric,12
16.200000,81,1130,-3.1700,-1.7500,0.3000,0.072893,0.074779,asymmetric,12
16.400000,82,1131,-3.1700,-1.7500,0.3000,0.070698,0.074964,asymmetric,12
16.600000,83,1132,-3.1700,-1.7500,0.3000,0.065992,0.074646,asymmetric,12
16.800000,84,1133,-3.1700,-1.7500,0.3000,0.063201,0.074040,asymmetric,12
17.000000,85,1134,-3.1700,-1.7500,0.3000,0.058857,0.072804,asymmetric,12
17.200000,86,1135,-3.1700,-1.7500,0.3000,0.055020,0.071330,asymmetric,12
17.400000,87,1136,-3.1700,-1.7500,0.3000,0.051273,0.069415,asymmetric,12
17.600000,88,1137,-3.1700,-1.7500,0.3000,0.049468,0.067205,asymmetric,12
17.800000,89,1138,-3.1700,-1.7500,0.3000,0.045770,0.064759,asymmetric,12
18.000000,90,1139,-3.1700,-1.7500,0.3000,0.041938,0.062412,asymmetric,12
18.200000,91,1140,-3.1700,-1.7500,0.3000,0.039969,0.059857,asymmetric,12
18.400000,92,1141,-3.1700,-1.7500,0.3000,0.036726,0.057106,asymmetric,12
18.600000,93,1142,-3.1700,-1.7500,0.3000,0.042788,0.054475,asymmetric,12
18.800000,94,1143,-3.1700,-1.7500,0.3000,0.047401,0.051750,asymmetric,12
19.000000,95,1144,-3.1700,-1.7500,0.3000,0.049515,0.050374,asymmetric,12
19.200000,96,1145,-3.1700,-1.7500,0.3000,0.051230,0.049918,asymmetric,12
19.400000,97,1146,-3.1700,-1.7500,0.3000,0.051489,0.049856,asymmetric,12
19.600000,98,1147,-3.1700,-1.7500,0.3000,0.050671,0.050067,asymmetric,12
19.800000,99,1148,-3.1700,-1.7500,0.3000,0.049012,0.050285,asymmetric,12
20.000000,100,1149,-3.4639,-1.7300,0.3000,0.042327,0.050345,asymmetric,12
20.200000,101,1150,-3.6866,-1.5434,0.3000,0.047465,0.050140,asymmetric,12
20.400000,102,1151,-3.8988,-1.3312,0.3000,0.060651,0.048941,asymmetric,12
20.600000,103,1152,-4.1000,-1.1300,0.3000,0.075174,0.048714,asymmetric,12
20.800000,104,1153,-4.1000,-1.1300,0.3000,0.071617,0.050547,asymmetric,12
21.000000,105,1154,-4.1000,-1.1300,0.3000,0.069013,0.054327,asymmetric,12
21.200000,106,1155,-4.1000,-1.1300,0.3000,0.070749,0.056982,asymmetric,12
21.400000,107,1156,-4.1000,-1.1300,0.3000,0.070802,0.058829,asymmetric,12
21.600000,108,1157,-4.1000,-1.1300,0.3000,0.067107,0.060659,asymmetric,12
21.800000,109,1158,-4.1000,-1.1300,0.3000,0.060018,0.062216,asymmetric,12
22.000000,110,1159,-4.1000,-1.1300,0.3000,0.055907,0.062967,asymmetric,12
22.200000,111,1160,-4.1000,-1.1300,0.3000,0.052015,0.062514,asymmetric,12
22.400000,112,1161,-4.1000,-1.1300,0.3000,0.050511,0.061500,asymmetric,12
22.600000,113,1162,-4.1000,-1.1300,0.3000,0.053251,0.060044,asymmetric,12
22.800000,114,1163,-4.1000,-1.1300,0.3000,0.056555,0.058580,asymmetric,12
23.000000,115,1164,-4.1000,-1.1300,0.3000,0.058929,0.057762,asymmetric,12
23.200000,116,1165,-4.1000,-1.1300,0.3000,0.061525,0.057577,asymmetric,12
23.400000,117,1166,-4.1000,-1.1300,0.3000,0.065175,0.057784,asymmetric,12
23.600000,118,1167,-4.1000,-1.1300,0.3000,0.071151,0.058359,asymmetric,12
23.800000,119,1168,-4.1000,-1.1300,0.3000,0.074934,0.059405,asymmetric,12
24.000000,120,1169,-4.1000,-1.1300,0.3000,0.077497,0.061208,asymmetric,12
24.200000,121,1170,-4.1000,-1.1300,0.3000,0.076346,0.063315,asymmetric,12
24.400000,122,1171,-4.1000,-1.1300,0.3000,0.074134,0.065493,asymmetric,12
24.600000,123,1172,-4.1000,-1.1300,0.3000,0.068237,0.067159,asymmetric,12
24.800000,124,1173,-4.1000,-1.1300,0.3000,0.062071,0.068230,asymmetric,12
25.000000,125,1174,-4.1000,-1.1300,0.3000,0.056142,0.068231,asymmetric,12
25.200000,126,1175,-4.1000,-1.1300,0.3000,0.055255,0.067285,asymmetric,12
25.400000,127,1176,-4.1000,-1.1300,0.3000,0.058884,0.065575,asymmetric,12
25.600000,128,1177,-4.1000,-1.1300,0.3000,0.065781,0.063990,asymmetric,12
25.800000,129,1178,-4.1000,-1.1300,0.3000,0.069219,0.063206,asymmetric,12
26.000000,130,1179,-4.1000,-1.1300,0.3000,0.066771,0.063602,asymmetric,12
26.200000,131,1180,-4.1000,-1.1300,0.3000,0.060924,0.064464,asymmetric,12
26.400000,132,1181,-4.1000,-1.1300,0.3000,0.056169,0.064818,asymmetric,12
26.600000,133,1182,-4.1000,-1.1300,0.3000,0.061259,0.064220,asymmetric,12
26.800000,134,1183,-4.1000,-1.1300,0.3000,0.064596,0.062984,asymmetric,12
27.000000,135,1184,-4.1000,-1.1300,0.3000,0.067614,0.062719,asymmetric,12
27.200000,136,1185,-4.1000,-1.1300,0.3000,0.074386,0.063007,asymmetric,12
27.400000,137,1186,-4.1000,-1.1300,0.3000,0.076092,0.063715,asymmetric,12
27.600000,138,1187,-4.1000,-1.1300,0.3000,0.082201,0.065353,asymmetric,12
27.800000,139,1188,-4.1000,-1.1300,0.3000,0.085554,0.067002,asymmetric,12
28.000000,140,1189,-4.1000,-1.1300,0.3000,0.080647,0.069335,asymmetric,12
28.200000,141,1190,-4.1000,-1.1300,0.3000,0.077739,0.071825,asymmetric,12
28.400000,142,1191,-4.1000,-1.1300,0.3000,0.080173,0.073179,asymmetric,12
28.600000,143,1192,-4.1000,-1.1300,0.3000,0.087436,0.073879,asymmetric,12
28.800000,144,1193,-4.1000,-1.1300,0.3000,0.100006,0.074845,asymmetric,12
29.000000,145,1194,-4.1000,-1.1300,0.3000,0.108919,0.076778,asymmetric,12
29.200000,146,1195,-4.1000,-1.1300,0.3000,0.112728,0.080344,asymmetric,12
29.400000,147,1196,-4.1000,-1.1300,0.3000,0.114791,0.084731,asymmetric,12
29.600000,148,1197,-4.1000,-1.1300,0.3000,0.110951,0.089029,asymmetric,12
29.800000,149,1198,-4.1000,-1.1300,0.3000,0.109673,0.092984,asymmetric,12
30.000000,150,1199,-4.1000,-1.1300,0.3000,0.104810,0.095742,asymmetric,12
30.200000,151,1200,-4.1000,-1.1300,0.3000,0.104828,0.097881,asymmetric,12
30.400000,152,1201,-4.1000,-1.1300,0.3000,0.105348,0.098945,asymmetric,12
30.600000,153,1202,-4.1000,-1.1300,0.3000,0.093259,0.099848,asymmetric,12
30.800000,154,1203,-4.1000,-1.1300,0.3000,0.087297,0.100692,asymmetric,12
31.000000,155,1204,-4.1000,-1.1300,0.3000,0.090750,0.099551,asymmetric,12
31.200000,156,1205,-4.1000,-1.1300,0.3000,0.094329,0.097670,asymmetric,12
31.400000,157,1206,-4.1000,-1.1300,0.3000,0.094928,0.096608,asymmetric,12
31.600000,158,1207,-4.1000,-1.1300,0.3000,0.095403,0.096258,asymmetric,12
31.800000,159,1208,-4.1000,-1.1300,0.3000,0.097521,0.096054,asymmetric,12
32.000000,160,1209,-4.1000,-1.1300,0.3000,0.096951,0.095954,asymmetric,12
32.200000,161,1210,-4.1000,-1.1300,0.3000,0.093355,0.096194,asymmetric,12
32.400000,162,1211,-4.1000,-1.1300,0.3000,0.087855,0.096311,asymmetric,12
32.600000,163,1212,-4.1000,-1.1300,0.3000,0.082471,0.095857,asymmetric,12
32.800000,164,1213,-4.1000,-1.1300,0.3000,0.081498,0.094628,asymmetric,12
33.000000,165,1214,-4.1000,-1.1300,0.3000,0.080925,0.092762,asymmetric,12
33.200000,166,1215,-4.1000,-1.1300,0.3000,0.078644,0.091033,asymmetric,12
33.400000,167,1216,-4.1000,-1.1300,0.3000,0.077829,0.089481,asymmetric,12
33.600000,168,1217,-4.1000,-1.1300,0.3000,0.078384,0.087817,asymmetric,12
33.800000,169,1218,-4.1000,-1.1300,0.3000,0.083519,0.086284,asymmetric,12
34.000000,170,1219,-4.1000,-1.1300,0.3000,0.093411,0.085071,asymmetric,12
34.200000,171,1220,-4.1000,-1.1300,0.3000,0.101182,0.084833,asymmetric,12
34.400000,172,1221,-4.1000,-1.1300,0.3000,0.108355,0.086150,asymmetric,12
34.600000,173,1222,-4.1000,-1.1300,0.3000,0.119489,0.088457,asymmetric,12
34.800000,174,1223,-4.1000,-1.1300,0.3000,0.110158,0.091512,asymmetric,12
35.000000,175,1224,-4.1000,-1.1300,0.3000,0.100128,0.095807,asymmetric,12
35.200000,176,1225,-4.1000,-1.1300,0.3000,0.092207,0.098010,asymmetric,12
35.400000,177,1226,-4.1000,-1.1300,0.3000,0.091176,0.098335,asymmetric,12
35.600000,178,1227,-4.1000,-1.1300,0.3000,0.088418,0.097395,asymmetric,12
35.800000,179,1228,-4.1000,-1.1300,0.3000,0.083309,0.096440,asymmetric,12
36.000000,180,1229,-4.1000,-1.1300,0.3000,0.076803,0.095208,asymmetric,12
36.200000,181,1230,-4.1000,-1.1300,0.3000,0.070302,0.093382,asymmetric,12
36.400000,182,1231,-4.1000,-1.1300,0.3000,0.066981,0.090837,asymmetric,12
36.600000,183,1232,-4.1000,-1.1300,0.3000,0.066440,0.087684,asymmetric,12
36.800000,184,1233,-4.4000,-1.1300,0.3000,0.056255,0.084506,asymmetric,12
37.000000,185,1234,-4.7000,-1.1300,0.3000,0.053466,0.081732,asymmetric,12
37.200000,186,1235,-4.9121,-0.9179,0.3000,0.068021,0.077821,asymmetric,12
37.400000,187,1236,-5.0000,-0.8300,0.3000,0.080541,0.074082,asymmetric,12
37.600000,188,1237,-5.0000,-0.8300,0.3000,0.086942,0.073152,asymmetric,12
37.800000,189,1238,-5.0000,-0.8300,0.3000,0.086960,0.074286,asymmetric,12
38.000000,190,1239,-5.0000,-0.8300,0.3000,0.083949,0.076229,asymmetric,12
38.200000,191,1240,-5.0000,-0.8300,0.3000,0.085473,0.077876,asymmetric,12
38.400000,192,1241,-5.0000,-0.8300,0.3000,0.090212,0.078809,asymmetric,12
38.600000,193,1242,-5.0000,-0.8300,0.3000,0.077010,0.079832,asymmetric,12
38.800000,194,1243,-5.0000,-0.8300,0.3000,0.131276,0.081425,asymmetric,12
39.000000,195,1244,-5.0000,-0.8300,0.3000,0.101259,0.080747,asymmetric,12
39.200000,196,1245,-5.0000,-0.8300,0.3000,0.075036,0.088505,asymmetric,12
39.400000,197,1246,-5.0000,-0.8300,0.3000,0.069718,0.090463,asymmetric,12
39.600000,198,1247,-5.0000,-0.8300,0.3000,0.071068,0.088094,asymmetric,12
39.800000,199,1248,-5.0000,-0.8300,0.3000,0.072916,0.085273,asymmetric,12
40.000000,200,1249,-5.0000,-0.8300,0.3000,0.079414,0.083093,asymmetric,12
40.200000,201,1250,-5.0000,-0.8300,0.3000,0.076235,0.081530,asymmetric,12
40.400000,202,1251,-5.0000,-0.8300,0.3000,0.073817,0.081205,asymmetric,12
40.600000,203,1252,-5.0000,-0.8300,0.3000,0.069094,0.080442,asymmetric,12
40.800000,204,1253,-5.0000,-0.8300,0.3000,0.063329,0.079425,asymmetric,12
41.000000,205,1254,-5.0000,-0.8300,0.3000,0.063441,0.077839,asymmetric,12
41.200000,206,1255,-5.0000,-0.8300,0.3000,0.067704,0.075612,asymmetric,12
41.400000,207,1256,-5.0000,-0.8300,0.3000,0.077394,0.073743,asymmetric,12
41.600000,208,1257,-5.0000,-0.8300,0.3000,0.085754,0.072816,asymmetric,12
41.800000,209,1258,-5.0000,-0.8300,0.3000,0.083830,0.073519,asymmetric,12
42.000000,210,1259,-5.0000,-0.8300,0.3000,0.094928,0.075397,asymmetric,12
42.200000,211,1260,-5.0000,-0.8300,0.3000,0.095707,0.076692,asymmetric,12
42.400000,212,1261,-5.0000,-0.8300,0.3000,0.095481,0.079491,asymmetric,12
42.600000,213,1262,-5.0000,-0.8300,0.3000,0.105936,0.081981,asymmetric,12
42.800000,214,1263,-5.0000,-0.8300,0.3000,0.128127,0.084053,asymmetric,12
43.000000,215,1264,-5.0000,-0.8300,0.3000,0.126679,0.087413,asymmetric,12
43.200000,216,1265,-5.0000,-0.8300,0.3000,0.111236,0.093663,asymmetric,12
43.400000,217,1266,-5.0000,-0.8300,0.3000,0.106174,0.098732,asymmetric,12
43.600000,218,1267,-5.0000,-0.8300,0.3000,0.098172,0.100651,asymmetric,12
43.800000,219,1268,-5.0000,-0.8300,0.3000,0.092490,0.101499,asymmetric,12
44.000000,220,1269,-5.0000,-0.8300,0.3000,0.082651,0.100988,asymmetric,12
44.200000,221,1270,-5.0000,-0.8300,0.3000,0.076866,0.099684,asymmetric,12
44.400000,222,1271,-5.0000,-0.8300,0.3000,0.072875,0.097069,asymmetric,12
44.600000,223,1272,-5.0000,-0.8300,0.3000,0.068733,0.093967,asymmetric,12
44.800000,224,1273,-5.0000,-0.8300,0.3000,0.062779,0.090729,asymmetric,12
45.000000,225,1274,-5.0000,-0.8300,0.3000,0.061832,0.087353,asymmetric,12
45.200000,226,1275,-5.0000,-0.8300,0.3000,0.060589,0.083580,asymmetric,12
45.400000,227,1276,-5.0000,-0.8300,0.3000,0.065840,0.080241,asymmetric,12
45.600000,228,1277,-5.0000,-0.8300,0.3000,0.074167,0.077224,asymmetric,12
45.800000,229,1278,-5.0000,-0.8300,0.3000,0.083223,0.075477,asymmetric,12
46.000000,230,1279,-5.0000,-0.8300,0.3000,0.092172,0.075275,asymmetric,12
46.200000,231,1280,-5.0000,-0.8300,0.3000,0.094303,0.076496,asymmetric,12
46.400000,232,1281,-5.0000,-0.8300,0.3000,0.089223,0.078902,asymmetric,12
46.600000,233,1282,-5.0000,-0.8300,0.3000,0.086039,0.081267,asymmetric,12
46.800000,234,1283,-5.0000,-0.8300,0.3000,0.078328,0.082488,asymmetric,12
47.000000,235,1284,-5.0000,-0.8300,0.3000,0.068911,0.083033,asymmetric,12
47.200000,236,1285,-5.0000,-0.8300,0.3000,0.058700,0.082311,asymmetric,12
47.400000,237,1286,-5.0000,-0.8300,0.3000,0.057725,0.080254,asymmetric,12
47.600000,238,1287,-5.0000,-0.8300,0.3000,0.057452,0.076945,asymmetric,12
47.800000,239,1288,-5.0000,-0.8300,0.3000,0.061470,0.073994,asymmetric,12
48.000000,240,1289,-5.0000,-0.8300,0.3000,0.065776,0.071455,asymmetric,12
48.200000,241,1290,-5.0000,-0.8300,0.3000,0.076107,0.069922,asymmetric,12
48.400000,242,1291,-5.0000,-0.8300,0.3000,0.085586,0.069285,asymmetric,12
48.600000,243,1292,-5.0000,-0.8300,0.3000,0.098421,0.070333,asymmetric,12
48.800000,244,1293,-5.0000,-0.8300,0.3000,0.111862,0.072674,asymmetric,12
49.000000,245,1294,-5.0000,-0.8300,0.3000,0.124670,0.076627,asymmetric,12
49.200000,246,1295,-5.0000,-0.8300,0.3000,0.142327,0.082036,asymmetric,12
49.400000,247,1296,-5.0000,-0.8300,0.3000,0.162343,0.088581,asymmetric,12
49.600000,248,1297,-5.0000,-0.8300,0.3000,0.183753,0.096832,asymmetric,12
49.800000,249,1298,-5.0000,-0.8300,0.3000,0.197156,0.106889,asymmetric,12
50.000000,250,1299,-5.0000,-0.8300,0.3000,0.188020,0.118689,asymmetric,12
50.200000,251,1300,-5.0000,-0.8300,0.3000,0.182072,0.130735,asymmetric,12
50.400000,252,1301,-5.0000,-0.8300,0.3000,0.159944,0.139530,asymmetric,12
50.600000,253,1302,-5.0000,-0.8300,0.3000,0.153539,0.146061,asymmetric,12
50.800000,254,1303,-5.0000,-0.8300,0.3000,0.177864,0.148192,asymmetric,12
51.000000,255,1304,-5.0000,-0.8300,0.3000,0.168294,0.149013,asymmetric,12
51.200000,256,1305,-5.0000,-0.8300,0.3000,0.153412,0.153442,asymmetric,12
51.400000,257,1306,-5.0000,-0.8300,0.3000,0.148667,0.155722,asymmetric,12
51.600000,258,1307,-5.0000,-0.8300,0.3000,0.146140,0.155367,asymmetric,12
51.800000,259,1308,-5.0000,-0.8300,0.3000,0.142229,0.154339,asymmetric,12
52.000000,260,1309,-5.0000,-0.8300,0.3000,0.142762,0.153080,asymmetric,12
52.200000,261,1310,-5.0000,-0.8300,0.3000,0.146660,0.151414,asymmetric,12
52.400000,262,1311,-5.0000,-0.8300,0.3000,0.151488,0.150086,asymmetric,12
52.600000,263,1312,-5.0000,-0.8300,0.3000,0.134222,0.149560,asymmetric,12
52.800000,264,1313,-5.0000,-0.8300,0.3000,0.129900,0.149856,asymmetric,12
53.000000,265,1314,-5.0000,-0.8300,0.3000,0.107143,0.147456,asymmetric,12
53.200000,266,1315,-5.0000,-0.8300,0.3000,0.103579,0.144761,asymmetric,12
53.400000,267,1316,-5.0000,-0.8300,0.3000,0.116017,0.138986,asymmetric,12
53.600000,268,1317,-5.3000,-0.8300,0.3000,0.092154,0.133550,asymmetric,12
53.800000,269,1318,-5.6000,-0.8300,0.3000,0.075504,0.130858,asymmetric,12
54.000000,270,1319,-5.9000,-0.8300,0.3000,0.065475,0.124916,asymmetric,12
54.200000,271,1320,-5.9000,-0.8300,0.3000,0.073559,0.117331,asymmetric,12
54.400000,272,1321,-5.9000,-0.8300,0.3000,0.082359,0.109370,asymmetric,12
54.600000,273,1322,-5.9000,-0.8300,0.3000,0.088202,0.103872,asymmetric,12
54.800000,274,1323,-5.9000,-0.8300,0.3000,0.095863,0.100570,asymmetric,12
55.000000,275,1324,-5.9000,-0.8300,0.3000,0.096604,0.098671,asymmetric,12
55.200000,276,1325,-5.9000,-0.8300,0.3000,0.091421,0.098240,asymmetric,12
55.400000,277,1326,-5.9000,-0.8300,0.3000,0.098995,0.097989,asymmetric,12
55.600000,278,1327,-5.9000,-0.8300,0.3000,0.108435,0.096980,asymmetric,12
55.800000,279,1328,-5.9000,-0.8300,0.3000,0.108159,0.097290,asymmetric,12
56.000000,280,1329,-5.9000,-0.8300,0.3000,0.102301,0.099001,asymmetric,12
56.200000,281,1330,-5.9000,-0.8300,0.3000,0.092485,0.100407,asymmetric,12
56.400000,282,1331,-5.9000,-0.8300,0.3000,0.084071,0.100697,asymmetric,12
56.600000,283,1332,-5.9000,-0.8300,0.3000,0.076091,0.099437,asymmetric,12
56.800000,284,1333,-5.9000,-0.8300,0.3000,0.063900,0.097078,asymmetric,12
57.000000,285,1334,-5.9000,-0.8300,0.3000,0.052751,0.093856,asymmetric,12
57.200000,286,1335,-5.9000,-0.8300,0.3000,0.043183,0.089257,asymmetric,12
57.400000,287,1336,-5.9000,-0.8300,0.3000,0.039606,0.083653,asymmetric,12
57.600000,288,1337,-5.9000,-0.8300,0.3000,0.036825,0.077440,asymmetric,12
57.800000,289,1338,-5.9000,-0.8300,0.3000,0.034917,0.071632,asymmetric,12
58.000000,290,1339,-5.9000,-0.8300,0.3000,0.036798,0.066288,asymmetric,12
58.200000,291,1340,-5.9000,-0.8300,0.3000,0.038883,0.061472,asymmetric,12
58.400000,292,1341,-5.9000,-0.8300,0.3000,0.039913,0.057684,asymmetric,12
58.600000,293,1342,-5.9000,-0.8300,0.3000,0.039485,0.054798,asymmetric,12
58.800000,294,1343,-5.9000,-0.8300,0.3000,0.043009,0.052513,asymmetric,12
59.000000,295,1344,-5.9000,-0.8300,0.3000,0.042904,0.050513,asymmetric,12
59.200000,296,1345,-5.9000,-0.8300,0.3000,0.048454,0.049361,asymmetric,12
59.400000,297,1346,-5.9000,-0.8300,0.3000,0.048512,0.048370,asymmetric,12
59.600000,298,1347,-5.9000,-0.8300,0.3000,0.063256,0.048383,asymmetric,12
59.800000,299,1348,-5.9000,-0.8300,0.3000,0.079246,0.048402,asymmetric,12
60.000000,300,1349,-5.9000,-0.8300,0.3000,0.085062,0.050683,asymmetric,12
60.200000,301,1350,-5.9000,-0.8300,0.3000,0.099787,0.055068,asymmetric,12
60.400000,302,1351,-5.9000,-0.8300,0.3000,0.102201,0.059672,asymmetric,12
60.600000,303,1352,-5.9000,-0.8300,0.3000,0.099145,0.065831,asymmetric,12
60.800000,304,1353,-5.9000,-0.8300,0.3000,0.093670,0.071414,asymmetric,12
61.000000,305,1354,-5.9000,-0.8300,0.3000,0.090208,0.075671,asymmetric,12
61.200000,306,1355,-5.9000,-0.8300,0.3000,0.090708,0.078434,asymmetric,12
61.400000,307,1356,-5.9000,-0.8300,0.3000,0.094513,0.080242,asymmetric,12
61.600000,308,1357,-5.9000,-0.8300,0.3000,0.093649,0.081849,asymmetric,12
61.800000,309,1358,-5.9000,-0.8300,0.3000,0.091568,0.083793,asymmetric,12
62.000000,310,1359,-5.9000,-0.8300,0.3000,0.094212,0.085306,asymmetric,12
62.200000,311,1360,-5.9000,-0.8300,0.3000,0.089120,0.086267,asymmetric,12
62.400000,312,1361,-5.9000,-0.8300,0.3000,0.089752,0.087487,asymmetric,12
62.600000,313,1362,-5.9000,-0.8300,0.3000,0.092362,0.087738,asymmetric,12
62.800000,314,1363,-5.9000,-0.8300,0.3000,0.091164,0.088047,asymmetric,12
63.000000,315,1364,-5.9000,-0.8300,0.3000,0.088303,0.088709,asymmetric,12
63.200000,316,1365,-5.9000,-0.8300,0.3000,0.088764,0.089086,asymmetric,12
63.400000,317,1366,-5.9000,-0.8300,0.3000,0.086682,0.088966,asymmetric,12
63.600000,318,1367,-5.9000,-0.8300,0.3000,0.075577,0.088935,asymmetric,12
63.800000,319,1368,-5.9000,-0.8300,0.3000,0.080307,0.088589,asymmetric,12
64.000000,320,1369,-5.9000,-0.8300,0.3000,0.089581,0.086592,asymmetric,12
64.200000,321,1370,-5.9000,-0.8300,0.3000,0.090812,0.085627,asymmetric,12
64.400000,322,1371,-5.9000,-0.8300,0.3000,0.090695,0.086234,asymmetric,12
64.600000,323,1372,-5.9000,-0.8300,0.3000,0.082520,0.086937,asymmetric,12
64.800000,324,1373,-5.9000,-0.8300,0.3000,0.070858,0.087514,asymmetric,12
65.000000,325,1374,-5.9000,-0.8300,0.3000,0.067983,0.086747,asymmetric,12
65.200000,326,1375,-5.9000,-0.8300,0.3000,0.064805,0.084308,asymmetric,12
65.400000,327,1376,-5.9000,-0.8300,0.3000,0.051246,0.081802,asymmetric,12
65.600000,328,1377,-5.9000,-0.8300,0.3000,0.050403,0.079192,asymmetric,12
65.800000,329,1378,-5.9000,-0.8300,0.3000,0.063210,0.074902,asymmetric,12
66.000000,330,1379,-5.9000,-0.8300,0.3000,0.062268,0.071141,asymmetric,12
66.200000,331,1380,-5.9000,-0.8300,0.3000,0.063267,0.069923,asymmetric,12
66.400000,332,1381,-5.9000,-0.8300,0.3000,0.065198,0.068748,asymmetric,12
66.600000,333,1382,-5.9000,-0.8300,0.3000,0.066606,0.067907,asymmetric,12
66.800000,334,1383,-5.9000,-0.8300,0.3000,0.066866,0.067491,asymmetric,12
67.000000,335,1384,-5.9000,-0.8300,0.3000,0.061695,0.067355,asymmetric,12
67.200000,336,1385,-5.9000,-0.8300,0.3000,0.059590,0.067280,asymmetric,12
67.400000,337,1386,-5.9000,-0.8300,0.3000,0.056093,0.066422,asymmetric,12
67.600000,338,1387,-5.9000,-0.8300,0.3000,0.053647,0.065374,asymmetric,12
67.800000,339,1388,-5.9000,-0.8300,0.3000,0.065172,0.063949,asymmetric,12
68.000000,340,1389,-5.9000,-0.8300,0.3000,0.061784,0.062367,asymmetric,12
68.200000,341,1390,-5.9000,-0.8300,0.3000,0.060311,0.062798,asymmetric,12
68.400000,342,1391,-5.9000,-0.8300,0.3000,0.056674,0.062642,asymmetric,12
68.600000,343,1392,-5.9000,-0.8300,0.3000,0.054761,0.062284,asymmetric,12
68.800000,344,1393,-5.9000,-0.8300,0.3000,0.056734,0.061423,asymmetric,12
69.000000,345,1394,-5.9000,-0.8300,0.3000,0.060742,0.060400,asymmetric,12
69.200000,346,1395,-5.9000,-0.8300,0.3000,0.062647,0.059837,asymmetric,12
69.400000,347,1396,-5.9000,-0.8300,0.3000,0.062083,0.059976,asymmetric,12
69.600000,348,1397,-5.9000,-0.8300,0.3000,0.059677,0.060386,asymmetric,12
69.800000,349,1398,-5.9000,-0.8300,0.3000,0.060750,0.060647,asymmetric,12
70.000000,350,1399,-5.9000,-0.8300,0.3000,0.063372,0.060498,asymmetric,12
70.200000,351,1400,-5.9000,-0.8300,0.3000,0.068501,0.060537,asymmetric,12
70.400000,352,1401,-5.9000,-0.8300,0.3000,0.069417,0.060972,asymmetric,12
70.600000,353,1402,-5.9000,-0.8300,0.3000,0.071698,0.062128,asymmetric,12
70.800000,354,1403,-5.9000,-0.5300,0.3000,0.096221,0.063247,asymmetric,12
71.000000,355,1404,-5.9000,-0.2300,0.3000,0.108862,0.064544,asymmetric,12
71.200000,356,1405,-5.9000,0.0700,0.3000,0.121057,0.069407,asymmetric,12
71.400000,357,1406,-5.9000,0.3700,0.3000,0.125224,0.075464,asymmetric,12
71.600000,358,1407,-5.9000,0.6700,0.3000,0.111832,0.082464,asymmetric,12
71.800000,359,1408,-5.9000,0.9700,0.3000,0.088151,0.089028,asymmetric,12
72.000000,360,1409,-5.9000,1.2700,0.3000,0.079614,0.092529,asymmetric,12
72.200000,361,1410,-5.9000,1.5700,0.3000,0.086248,0.091857,asymmetric,12
72.400000,362,1411,-5.9000,1.8700,0.3000,0.100052,0.089977,asymmetric,12
72.600000,363,1412,-6.1121,2.0821,0.3000,0.108762,0.089405,asymmetric,12
72.800000,364,1413,-6.2000,2.1700,0.3000,0.107322,0.091039,asymmetric,12
73.000000,365,1414,-6.2000,2.1700,0.3000,0.110250,0.093760,asymmetric,12
73.200000,366,1415,-6.2000,2.1700,0.3000,0.128395,0.095842,asymmetric,12
73.400000,367,1416,-6.2000,2.1700,0.3000,0.136966,0.098054,asymmetric,12
73.600000,368,1417,-6.2000,2.1700,0.3000,0.135526,0.102712,asymmetric,12
73.800000,369,1418,-6.2000,2.1700,0.3000,0.161734,0.107971,asymmetric,12
74.000000,370,1419,-6.2000,2.1700,0.3000,0.212367,0.112201,asymmetric,12
74.200000,371,1420,-6.2000,2.1700,0.3000,0.219829,0.119805,asymmetric,12
74.400000,372,1421,-6.2000,2.1700,0.3000,0.190579,0.134015,asymmetric,12
74.600000,373,1422,-6.2000,2.1700,0.3000,0.223591,0.147189,asymmetric,12
74.800000,374,1423,-6.2000,2.1700,0.3000,0.243989,0.153850,asymmetric,12
75.000000,375,1424,-6.2000,2.1700,0.3000,0.226797,0.164557,asymmetric,12
75.200000,376,1425,-6.2000,2.1700,0.3000,0.206287,0.176751,asymmetric,12
75.400000,377,1426,-6.2000,2.1700,0.3000,0.182565,0.184434,asymmetric,12
75.600000,378,1427,-6.2000,2.1700,0.3000,0.175009,0.187789,asymmetric,12
75.800000,379,1428,-6.2000,2.1700,0.3000,0.159572,0.186987,asymmetric,12
76.000000,380,1429,-6.2000,2.1700,0.3000,0.156097,0.185148,asymmetric,12
76.200000,381,1430,-6.2000,2.1700,0.3000,0.143374,0.181222,asymmetric,12
76.400000,382,1431,-6.2000,2.1700,0.3000,0.144982,0.177365,asymmetric,12
76.600000,383,1432,-6.2000,2.1700,0.3000,0.135636,0.172146,asymmetric,12
76.800000,384,1433,-6.2000,2.1700,0.3000,0.139208,0.167976,asymmetric,12
77.000000,385,1434,-6.2000,2.1700,0.3000,0.150643,0.163011,asymmetric,12
77.200000,386,1435,-6.2000,2.1700,0.3000,0.177293,0.159357,asymmetric,12
77.400000,387,1436,-6.2000,2.1700,0.3000,0.203261,0.158019,asymmetric,12
77.600000,388,1437,-6.2000,2.1700,0.3000,0.228406,0.160978,asymmetric,12
77.800000,389,1438,-6.2000,2.1700,0.3000,0.199184,0.167469,asymmetric,12
78.000000,390,1439,-6.2000,2.1700,0.3000,0.160088,0.176824,asymmetric,12
78.200000,391,1440,-6.2000,2.1700,0.3000,0.151886,0.180257,asymmetric,12
78.400000,392,1441,-6.2000,2.1700,0.3000,0.144258,0.177160,asymmetric,12
78.600000,393,1442,-6.2000,2.1700,0.3000,0.149819,0.173280,asymmetric,12
78.800000,394,1443,-6.2000,2.1700,0.3000,0.146609,0.168825,asymmetric,12
79.000000,395,1444,-6.2000,2.1700,0.3000,0.129390,0.165907,asymmetric,12
79.200000,396,1445,-6.2000,2.1700,0.3000,0.150938,0.162945,asymmetric,12
79.400000,397,1446,-6.2000,2.1700,0.3000,0.161359,0.157793,asymmetric,12
79.600000,398,1447,-6.2000,2.1700,0.3000,0.153619,0.156741,asymmetric,12
79.800000,399,1448,-6.2000,2.1700,0.3000,0.144999,0.157450,asymmetric,12
80.000000,400,1449,-6.2000,2.1700,0.3000,0.126937,0.156862,asymmetric,12
80.200000,401,1450,-6.2000,2.1700,0.3000,0.117863,0.155041,asymmetric,12
80.400000,402,1451,-6.2000,2.1700,0.3000,0.107038,0.150726,asymmetric,12
80.600000,403,1452,-6.2000,2.1700,0.3000,0.085201,0.145681,asymmetric,12
80.800000,404,1453,-6.2000,2.1700,0.3000,0.076702,0.139749,asymmetric,12
81.000000,405,1454,-6.2000,2.1700,0.3000,0.076721,0.131375,asymmetric,12
81.200000,406,1455,-6.2000,2.1700,0.3000,0.114013,0.122981,asymmetric,12
81.400000,407,1456,-6.2000,2.1700,0.3000,0.192425,0.115880,asymmetric,12
81.600000,408,1457,-6.2000,2.1700,0.3000,0.220524,0.115593,asymmetric,12
81.800000,409,1458,-6.2000,2.1700,0.3000,0.219241,0.127388,asymmetric,12
82.000000,410,1459,-6.2000,2.1700,0.3000,0.216591,0.141686,asymmetric,12
82.200000,411,1460,-6.2000,2.1700,0.3000,0.198092,0.153592,asymmetric,12
82.400000,412,1461,-6.2000,2.1700,0.3000,0.199167,0.163264,asymmetric,12
82.600000,413,1462,-6.2000,2.1700,0.3000,0.228900,0.168611,asymmetric,12
82.800000,414,1463,-6.2000,2.1700,0.3000,0.248097,0.173302,asymmetric,12
83.000000,415,1464,-6.2000,2.1700,0.3000,0.246345,0.181837,asymmetric,12
83.200000,416,1465,-6.2000,2.1700,0.3000,0.222972,0.192009,asymmetric,12
83.400000,417,1466,-6.2000,2.1700,0.3000,0.198127,0.200351,asymmetric,12
83.600000,418,1467,-6.2000,2.1700,0.3000,0.187551,0.203823,asymmetric,12
83.800000,419,1468,-6.2000,2.1700,0.3000,0.177500,0.202949,asymmetric,12
84.000000,420,1469,-6.2000,2.1700,0.3000,0.163664,0.200585,asymmetric,12
84.200000,421,1470,-6.2000,2.1700,0.3000,0.149414,0.197041,asymmetric,12
84.400000,422,1471,-6.2000,2.1700,0.3000,0.139228,0.191917,asymmetric,12
84.600000,423,1472,-6.2000,2.1700,0.3000,0.118743,0.185392,asymmetric,12
84.800000,424,1473,-6.2000,2.1700,0.3000,0.115411,0.178305,asymmetric,12
85.000000,425,1474,-6.2000,2.1700,0.3000,0.122880,0.169161,asymmetric,12
85.200000,426,1475,-6.2000,2.1700,0.3000,0.142101,0.160910,asymmetric,12
85.400000,427,1476,-6.2000,2.1700,0.3000,0.154867,0.155071,asymmetric,12
85.600000,428,1477,-6.2000,2.1700,0.3000,0.162233,0.153080,asymmetric,12
85.800000,429,1478,-6.2000,2.1700,0.3000,0.151624,0.153354,asymmetric,12
86.000000,430,1479,-6.2000,2.1700,0.3000,0.150973,0.154718,asymmetric,12
86.200000,431,1480,-6.2000,2.1700,0.3000,0.163420,0.154243,asymmetric,12
86.400000,432,1481,-6.2000,2.1700,0.3000,0.178836,0.153741,asymmetric,12
86.600000,433,1482,-6.2000,2.1700,0.3000,0.202642,0.155227,asymmetric,12
86.800000,434,1483,-6.2000,2.1700,0.3000,0.234460,0.158851,asymmetric,12
87.000000,435,1484,-6.2000,2.1700,0.3000,0.238222,0.165574,asymmetric,12
87.200000,436,1485,-6.2000,2.1700,0.3000,0.209600,0.176149,asymmetric,12
87.400000,437,1486,-6.2000,2.1700,0.3000,0.186723,0.185678,asymmetric,12
87.600000,438,1487,-6.2000,2.1700,0.3000,0.174888,0.189351,asymmetric,12
87.800000,439,1488,-6.2000,2.1700,0.3000,0.170076,0.188947,asymmetric,12
88.000000,440,1489,-6.2000,2.1700,0.3000,0.162739,0.186789,asymmetric,12
88.200000,441,1490,-6.2000,2.1700,0.3000,0.151422,0.184223,asymmetric,12
88.400000,442,1491,-6.2000,2.1700,0.3000,0.146370,0.180925,asymmetric,12
88.600000,443,1492,-6.2000,2.1700,0.3000,0.140123,0.176396,asymmetric,12
88.800000,444,1493,-6.2000,2.1700,0.3000,0.138294,0.171786,asymmetric,12
89.000000,445,1494,-6.2000,1.8700,0.3000,0.135377,0.166925,asymmetric,12
89.200000,446,1495,-6.2000,1.5700,0.3000,0.133114,0.162530,asymmetric,12
89.400000,447,1496,-6.2000,1.5700,0.3000,0.135348,0.158361,asymmetric,12
89.600000,448,1497,-6.2000,1.5700,0.3000,0.152954,0.154485,asymmetric,12
89.800000,449,1498,-6.2000,1.5700,0.3000,0.148168,0.151547,asymmetric,12
90.000000,450,1499,-6.2000,1.5700,0.3000,0.127350,0.151763,asymmetric,12
90.200000,451,1500,-6.2000,1.5700,0.3000,0.104516,0.151211,asymmetric,12
90.400000,452,1501,-6.2000,1.5700,0.3000,0.091718,0.147548,asymmetric,12
90.600000,453,1502,-6.2000,1.5700,0.3000,0.108177,0.140942,asymmetric,12
90.800000,454,1503,-6.2000,1.5700,0.3000,0.099227,0.133385,asymmetric,12
91.000000,455,1504,-6.2000,1.5700,0.3000,0.084553,0.129515,asymmetric,12
91.200000,456,1505,-6.2000,1.5700,0.3000,0.075252,0.124866,asymmetric,12
91.400000,457,1506,-6.2000,1.5700,0.3000,0.063006,0.118677,asymmetric,12
91.600000,458,1507,-6.2000,1.5700,0.3000,0.052316,0.112010,asymmetric,12
91.800000,459,1508,-6.2000,1.5700,0.3000,0.040394,0.104487,asymmetric,12
92.000000,460,1509,-6.2000,1.5700,0.3000,0.035856,0.096478,asymmetric,12
92.200000,461,1510,-6.2000,1.5700,0.3000,0.033691,0.087868,asymmetric,12
92.400000,462,1511,-6.2000,1.5700,0.3000,0.032330,0.079883,asymmetric,12
92.600000,463,1512,-6.2000,1.5700,0.3000,0.055639,0.072792,asymmetric,12
92.800000,464,1513,-6.2000,1.5700,0.3000,0.086290,0.066580,asymmetric,12
93.000000,465,1514,-6.2000,1.5700,0.3000,0.110214,0.064901,asymmetric,12
93.200000,466,1515,-6.2000,1.5700,0.3000,0.110531,0.068184,asymmetric,12
93.400000,467,1516,-6.2000,1.5700,0.3000,0.085216,0.074637,asymmetric,12
93.600000,468,1517,-6.2000,1.5700,0.3000,0.059691,0.080147,asymmetric,12
93.800000,469,1518,-6.2000,1.5700,0.3000,0.065515,0.080925,asymmetric,12
94.000000,470,1519,-6.2000,1.5700,0.3000,0.087115,0.077665,asymmetric,12
94.200000,471,1520,-6.2000,1.5700,0.3000,0.099518,0.075800,asymmetric,12
94.400000,472,1521,-6.2000,1.5700,0.3000,0.087995,0.077537,asymmetric,12
94.600000,473,1522,-6.2000,1.5700,0.3000,0.132477,0.080912,asymmetric,12
94.800000,474,1523,-6.2000,1.5700,0.3000,0.137001,0.081999,asymmetric,12
95.000000,475,1524,-6.2000,1.5700,0.3000,0.130705,0.089748,asymmetric,12
95.200000,476,1525,-6.2000,1.5700,0.3000,0.120501,0.097002,asymmetric,12
95.400000,477,1526,-6.2000,1.5700,0.3000,0.112304,0.102176,asymmetric,12
95.600000,478,1527,-6.2000,1.5700,0.3000,0.100559,0.104989,asymmetric,12
95.800000,479,1528,-6.2000,1.5700,0.3000,0.101361,0.106112,asymmetric,12
96.000000,480,1529,-6.2000,1.5700,0.3000,0.101934,0.105260,asymmetric,12
96.200000,481,1530,-6.2000,1.5700,0.3000,0.104432,0.104661,asymmetric,12
96.400000,482,1531,-6.2000,1.5700,0.3000,0.107198,0.104243,asymmetric,12
96.600000,483,1532,-6.2000,1.5700,0.3000,0.126487,0.104272,asymmetric,12
96.800000,484,1533,-6.2000,1.5700,0.3000,0.146127,0.104721,asymmetric,12
97.000000,485,1534,-6.2000,1.5700,0.3000,0.143136,0.108062,asymmetric,12
97.200000,486,1535,-6.2000,1.5700,0.3000,0.134475,0.113906,asymmetric,12
97.400000,487,1536,-6.2000,1.5700,0.3000,0.129858,0.118393,asymmetric,12
97.600000,488,1537,-6.2000,1.5700,0.3000,0.119787,0.120862,asymmetric,12
97.800000,489,1538,-6.2000,1.5700,0.3000,0.120547,0.122243,asymmetric,12
98.000000,490,1539,-6.2000,1.5700,0.3000,0.115491,0.121866,asymmetric,12
98.200000,491,1540,-6.2000,1.5700,0.3000,0.108835,0.121664,asymmetric,12
98.400000,492,1541,-6.2000,1.5700,0.3000,0.102115,0.120716,asymmetric,12
98.600000,493,1542,-6.2000,1.5700,0.3000,0.133149,0.118892,asymmetric,12
98.800000,494,1543,-6.2000,1.5700,0.3000,0.161062,0.116316,asymmetric,12
99.000000,495,1544,-6.2000,1.5700,0.3000,0.114285,0.118900,asymmetric,12
99.200000,496,1545,-6.2000,1.5700,0.3000,0.090750,0.125373,asymmetric,12
99.400000,497,1546,-6.2000,1.5700,0.3000,0.080718,0.123671,asymmetric,12
99.600000,498,1547,-6.2000,1.5700,0.3000,0.087945,0.118617,asymmetric,12
99.800000,499,1548,-6.2000,1.5700,0.3000,0.093296,0.112799,asymmetric,12
100.000000,500,1549,-6.2000,1.5700,0.3000,0.087053,0.108983,asymmetric,12
100.200000,501,1550,-6.2000,1.5700,0.3000,0.080347,0.106575,asymmetric,12
100.400000,502,1551,-6.2000,1.5700,0.3000,0.079227,0.103578,asymmetric,12
100.600000,503,1552,-6.2000,1.5700,0.3000,0.084840,0.100012,asymmetric,12
100.800000,504,1553,-6.2000,1.5700,0.3000,0.091751,0.096821,asymmetric,12
101.000000,505,1554,-6.2000,1.5700,0.3000,0.086820,0.094982,asymmetric,12
101.200000,506,1555,-6.2000,1.5700,0.3000,0.078125,0.094486,asymmetric,12
101.400000,507,1556,-6.2000,1.5700,0.3000,0.065478,0.093309,asymmetric,12
101.600000,508,1557,-6.2000,1.5700,0.3000,0.060496,0.090978,asymmetric,12
101.800000,509,1558,-6.2000,1.5700,0.3000,0.054367,0.087063,asymmetric,12
102.000000,510,1559,-6.2000,1.5700,0.3000,0.065082,0.082985,asymmetric,12
102.200000,511,1560,-6.2000,1.5700,0.3000,0.087053,0.078591,asymmetric,12
102.400000,512,1561,-6.2000,1.5700,0.3000,0.107891,0.076517,asymmetric,12
102.600000,513,1562,-6.2000,1.5700,0.3000,0.170073,0.078135,asymmetric,12
102.800000,514,1563,-6.2000,1.5700,0.3000,0.222100,0.082703,asymmetric,12
103.000000,515,1564,-6.2000,1.5700,0.3000,0.201329,0.096116,asymmetric,12
103.200000,516,1565,-6.2000,1.5700,0.3000,0.183201,0.115457,asymmetric,12
103.400000,517,1566,-6.2000,1.5700,0.3000,0.165745,0.128640,asymmetric,12
103.600000,518,1567,-6.2000,1.5700,0.3000,0.178210,0.137016,asymmetric,12
103.800000,519,1568,-6.2000,1.5700,0.3000,0.196620,0.141426,asymmetric,12
104.000000,520,1569,-6.2000,1.5700,0.3000,0.211460,0.147073,asymmetric,12
104.200000,521,1570,-6.2000,1.5700,0.3000,0.205049,0.154679,asymmetric,12
104.400000,522,1571,-6.2000,1.5700,0.3000,0.187061,0.163396,asymmetric,12
104.600000,523,1572,-6.2000,1.5700,0.3000,0.175652,0.169791,asymmetric,12
104.800000,524,1573,-6.2000,1.5700,0.3000,0.194328,0.172442,asymmetric,12
105.000000,525,1574,-6.2000,1.5700,0.3000,0.223397,0.172935,asymmetric,12
105.200000,526,1575,-6.2000,1.5700,0.3000,0.200036,0.176219,asymmetric,12
105.400000,527,1576,-6.2000,1.5700,0.3000,0.139228,0.183462,asymmetric,12
105.600000,528,1577,-5.9000,1.5700,0.3000,0.083803,0.186006,asymmetric,12
105.800000,529,1578,-5.9000,1.2700,0.3000,0.074702,0.178825,asymmetric,12
106.000000,530,1579,-5.9000,0.9700,0.3000,0.089729,0.164237,asymmetric,12
106.200000,531,1580,-5.9000,0.6700,0.3000,0.179789,0.150492,asymmetric,12
106.400000,532,1581,-5.9000,0.3700,0.3000,0.174582,0.141164,asymmetric,12
106.600000,533,1582,-5.9000,0.3700,0.3000,0.185479,0.147093,asymmetric,12
106.800000,534,1583,-5.9000,0.3700,0.3000,0.186034,0.151313,asymmetric,12
107.000000,535,1584,-5.9000,0.3700,0.3000,0.142742,0.156559,asymmetric,12
107.200000,536,1585,-5.9000,0.3700,0.3000,0.105338,0.161083,asymmetric,12
107.400000,537,1586,-5.9000,0.3700,0.3000,0.101516,0.158268,asymmetric,12
107.600000,538,1587,-5.9000,0.3700,0.3000,0.105062,0.150142,asymmetric,12
107.800000,539,1588,-5.9000,0.3700,0.3000,0.113635,0.142677,asymmetric,12
108.000000,540,1589,-5.9000,0.3700,0.3000,0.127894,0.136902,asymmetric,12
108.200000,541,1590,-5.9000,0.3700,0.3000,0.142103,0.133330,asymmetric,12
108.400000,542,1591,-5.9000,0.3700,0.3000,0.165581,0.132496,asymmetric,12
108.600000,543,1592,-5.9000,0.3700,0.3000,0.187621,0.133971,asymmetric,12
108.800000,544,1593,-5.9000,0.3700,0.3000,0.200272,0.138823,asymmetric,12
109.000000,545,1594,-5.9000,0.3700,0.3000,0.216697,0.146315,asymmetric,12
109.200000,546,1595,-5.9000,0.3700,0.3000,0.218234,0.154598,asymmetric,12
109.400000,547,1596,-5.9000,0.3700,0.3000,0.207195,0.164131,asymmetric,12
109.600000,548,1597,-5.9000,0.3700,0.3000,0.187197,0.172437,asymmetric,12
109.800000,549,1598,-5.9000,0.3700,0.3000,0.196982,0.177773,asymmetric,12
110.000000,550,1599,-5.9000,0.3700,0.3000,0.232986,0.179220,asymmetric,12
110.200000,551,1600,-5.9000,0.3700,0.3000,0.240830,0.181947,asymmetric,12
110.400000,552,1601,-5.9000,0.3700,0.3000,0.205274,0.189782,asymmetric,12
110.600000,553,1602,-5.9000,0.3700,0.3000,0.193577,0.197619,asymmetric,12
110.800000,554,1603,-5.9000,0.3700,0.3000,0.186714,0.198794,asymmetric,12
111.000000,555,1604,-5.9000,0.3700,0.3000,0.176586,0.197993,asymmetric,12
111.200000,556,1605,-5.9000,0.3700,0.3000,0.182401,0.196262,asymmetric,12
111.400000,557,1606,-5.9000,0.3700,0.3000,0.187933,0.193241,asymmetric,12
111.600000,558,1607,-5.9000,0.3700,0.3000,0.202544,0.191577,asymmetric,12
111.800000,559,1608,-5.9000,0.3700,0.3000,0.200371,0.191018,asymmetric,12
112.000000,560,1609,-5.9000,0.3700,0.3000,0.202402,0.192787,asymmetric,12
112.200000,561,1610,-5.9000,0.3700,0.3000,0.184572,0.193951,asymmetric,12
112.400000,562,1611,-5.9000,0.3700,0.3000,0.176623,0.195249,asymmetric,12
112.600000,563,1612,-5.9000,0.3700,0.3000,0.172448,0.193610,asymmetric,12
112.800000,564,1613,-5.9000,0.3700,0.3000,0.171880,0.191002,asymmetric,12
113.000000,565,1614,-5.9000,0.3700,0.3000,0.183576,0.188153,asymmetric,12
113.200000,566,1615,-5.9000,0.3700,0.3000,0.186815,0.185655,asymmetric,12
113.400000,567,1616,-5.9000,0.3700,0.3000,0.156098,0.185336,asymmetric,12
113.600000,568,1617,-5.9000,0.3700,0.3000,0.146054,0.185563,asymmetric,12
113.800000,569,1618,-5.9000,0.3700,0.3000,0.150871,0.181040,asymmetric,12
114.000000,570,1619,-5.9000,0.3700,0.3000,0.161488,0.175669,asymmetric,12
114.200000,571,1620,-5.9000,0.3700,0.3000,0.184308,0.171862,asymmetric,12
114.400000,572,1621,-5.9000,0.3700,0.3000,0.253418,0.170269,asymmetric,12
114.600000,573,1622,-5.9000,0.3700,0.3000,0.287460,0.172424,asymmetric,12
114.800000,574,1623,-5.9000,0.3700,0.3000,0.257158,0.184858,asymmetric,12
115.000000,575,1624,-5.9000,0.3700,0.3000,0.233276,0.200610,asymmetric,12
115.200000,576,1625,-5.9000,0.3700,0.3000,0.212180,0.209291,asymmetric,12
115.400000,577,1626,-5.9000,0.3700,0.3000,0.207016,0.212973,asymmetric,12
115.600000,578,1627,-5.9000,0.3700,0.3000,0.192894,0.212851,asymmetric,12
115.800000,579,1628,-5.9000,0.3700,0.3000,0.187070,0.211955,asymmetric,12
116.000000,580,1629,-5.9000,0.3700,0.3000,0.187970,0.209029,asymmetric,12
116.200000,581,1630,-5.9000,0.3700,0.3000,0.200088,0.205658,asymmetric,12
116.400000,582,1631,-5.9000,0.3700,0.3000,0.217486,0.202943,asymmetric,12
116.600000,583,1632,-5.9000,0.3700,0.3000,0.234841,0.202504,asymmetric,12
116.800000,584,1633,-5.9000,0.3700,0.3000,0.283605,0.204804,asymmetric,12
117.000000,585,1634,-5.9000,0.3700,0.3000,0.324694,0.209415,asymmetric,12
117.200000,586,1635,-5.9000,0.3700,0.3000,0.339505,0.220805,asymmetric,12
117.400000,587,1636,-5.9000,0.3700,0.3000,0.300678,0.236754,asymmetric,12
117.600000,588,1637,-5.9000,0.3700,0.3000,0.241363,0.252528,asymmetric,12
117.800000,589,1638,-5.9000,0.3700,0.3000,0.226034,0.259920,asymmetric,12
118.000000,590,1639,-5.9000,0.3700,0.3000,0.243370,0.257071,asymmetric,12
118.200000,591,1640,-5.9000,0.3700,0.3000,0.230546,0.252306,asymmetric,12
118.400000,592,1641,-5.9000,0.3700,0.3000,0.210731,0.250934,asymmetric,12
118.600000,593,1642,-5.9000,0.3700,0.3000,0.220307,0.247804,asymmetric,12
118.800000,594,1643,-5.9000,0.3700,0.3000,0.252171,0.242113,asymmetric,12
119.000000,595,1644,-5.9000,0.3700,0.3000,0.271339,0.238765,asymmetric,12
119.200000,596,1645,-5.9000,0.3700,0.3000,0.275659,0.240823,asymmetric,12
119.400000,597,1646,-5.9000,0.3700,0.3000,0.291131,0.245508,asymmetric,12
119.600000,598,1647,-5.9000,0.3700,0.3000,0.278233,0.250137,asymmetric,12
119.800000,599,1648,-5.9000,0.3700,0.3000,0.260932,0.256430,asymmetric,12
120.000000,600,1649,-5.9000,0.3700,0.3000,0.256567,0.259777,asymmetric,12
120.200000,601,1650,-5.9000,0.3700,0.3000,0.272495,0.259954,asymmetric,12
120.400000,602,1651,-5.9000,0.3700,0.3000,0.310721,0.259434,asymmetric,12
120.600000,603,1652,-5.9000,0.3700,0.3000,0.360965,0.261440,asymmetric,12
120.800000,604,1653,-5.9000,0.3700,0.3000,0.374357,0.269005,asymmetric,12
121.000000,605,1654,-5.9000,0.3700,0.3000,0.290702,0.283123,asymmetric,12
121.200000,606,1655,-5.9000,0.3700,0.3000,0.269200,0.297129,asymmetric,12
121.400000,607,1656,-5.9000,0.3700,0.3000,0.250005,0.296142,asymmetric,12
121.600000,608,1657,-5.9000,0.3700,0.3000,0.201888,0.292006,asymmetric,12
121.800000,609,1658,-5.9000,0.3700,0.3000,0.208458,0.285558,asymmetric,12
122.000000,610,1659,-5.9000,0.3700,0.3000,0.229784,0.272713,asymmetric,12
122.200000,611,1660,-5.9000,0.3700,0.3000,0.248737,0.262849,asymmetric,12
122.400000,612,1661,-5.9000,0.3700,0.3000,0.260529,0.257773,asymmetric,12
122.600000,613,1662,-5.9000,0.3700,0.3000,0.278890,0.256386,asymmetric,12
122.800000,614,1663,-5.9000,0.3700,0.3000,0.265888,0.257022,asymmetric,12
123.000000,615,1664,-5.9000,0.3700,0.3000,0.239059,0.260379,asymmetric,12
123.200000,616,1665,-5.9000,0.0700,0.3000,0.225338,0.261225,asymmetric,12
123.400000,617,1666,-5.6879,-0.1421,0.3000,0.218035,0.257822,asymmetric,12
123.600000,618,1667,-5.6000,-0.2300,0.3000,0.208590,0.252835,asymmetric,12
123.800000,619,1668,-5.6000,-0.2300,0.3000,0.217835,0.247493,asymmetric,12
124.000000,620,1669,-5.6000,-0.2300,0.3000,0.219981,0.241520,asymmetric,12
124.200000,621,1670,-5.6000,-0.2300,0.3000,0.222234,0.237884,asymmetric,12
124.400000,622,1671,-5.6000,-0.2300,0.3000,0.216917,0.235136,asymmetric,12
124.600000,623,1672,-5.6000,-0.2300,0.3000,0.224818,0.233155,asymmetric,12
124.800000,624,1673,-5.6000,-0.2300,0.3000,0.236103,0.230662,asymmetric,12
125.000000,625,1674,-5.6000,-0.2300,0.3000,0.236445,0.229765,asymmetric,12
125.200000,626,1675,-5.6000,-0.2300,0.3000,0.215620,0.230738,asymmetric,12
125.400000,627,1676,-5.6000,-0.2300,0.3000,0.222424,0.231614,asymmetric,12
125.600000,628,1677,-5.6000,-0.2300,0.3000,0.234036,0.229159,asymmetric,12
125.800000,629,1678,-5.6000,-0.2300,0.3000,0.232819,0.228125,asymmetric,12
126.000000,630,1679,-5.6000,-0.2300,0.3000,0.232044,0.229032,asymmetric,12
126.200000,631,1680,-5.6000,-0.2300,0.3000,0.230746,0.229614,asymmetric,12
126.400000,632,1681,-5.6000,-0.2300,0.3000,0.245152,0.229987,asymmetric,12
126.600000,633,1682,-5.6000,-0.2300,0.3000,0.261601,0.230103,asymmetric,12
126.800000,634,1683,-5.6000,-0.2300,0.3000,0.272381,0.232414,asymmetric,12
127.000000,635,1684,-5.6000,-0.2300,0.3000,0.272761,0.236894,asymmetric,12
127.200000,636,1685,-5.6000,-0.2300,0.3000,0.255961,0.242342,asymmetric,12
127.400000,637,1686,-5.6000,-0.2300,0.3000,0.241839,0.247012,asymmetric,12
127.600000,638,1687,-5.6000,-0.2300,0.3000,0.237096,0.248386,asymmetric,12
127.800000,639,1688,-5.6000,-0.2300,0.3000,0.232635,0.247381,asymmetric,12
128.000000,640,1689,-5.6000,-0.2300,0.3000,0.237059,0.245802,asymmetric,12
128.200000,641,1690,-5.6000,-0.2300,0.3000,0.239410,0.243781,asymmetric,12
128.400000,642,1691,-5.6000,-0.2300,0.3000,0.235385,0.242749,asymmetric,12
128.600000,643,1692,-5.6000,-0.2300,0.3000,0.219476,0.242236,asymmetric,12
128.800000,644,1693,-5.6000,-0.2300,0.3000,0.189180,0.241184,asymmetric,12
129.000000,645,1694,-5.6000,-0.2300,0.3000,0.163533,0.237852,asymmetric,12
129.200000,646,1695,-5.6000,-0.2300,0.3000,0.148571,0.230380,asymmetric,12
129.400000,647,1696,-5.6000,-0.2300,0.3000,0.143650,0.220118,asymmetric,12
129.600000,648,1697,-5.6000,-0.2300,0.3000,0.139418,0.209134,asymmetric,12
129.800000,649,1698,-5.6000,-0.2300,0.3000,0.146005,0.199081,asymmetric,12
130.000000,650,1699,-5.6000,-0.2300,0.3000,0.156783,0.189922,asymmetric,12
130.200000,651,1700,-5.6000,-0.2300,0.3000,0.164316,0.183180,asymmetric,12
130.400000,652,1701,-5.6000,-0.2300,0.3000,0.165241,0.179127,asymmetric,12
130.600000,653,1702,-5.6000,-0.2300,0.3000,0.174261,0.176853,asymmetric,12
130.800000,654,1703,-5.6000,-0.2300,0.3000,0.165184,0.175071,asymmetric,12
131.000000,655,1704,-5.6000,-0.2300,0.3000,0.130613,0.174946,asymmetric,12
131.200000,656,1705,-5.6000,-0.2300,0.3000,0.123470,0.173448,asymmetric,12
131.400000,657,1706,-5.6000,-0.2300,0.3000,0.125855,0.166872,asymmetric,12
131.600000,658,1707,-5.6000,-0.2300,0.3000,0.130731,0.160209,asymmetric,12
131.800000,659,1708,-5.6000,-0.2300,0.3000,0.136573,0.154935,asymmetric,12
132.000000,660,1709,-5.6000,-0.2300,0.3000,0.146243,0.151219,asymmetric,12
132.200000,661,1710,-5.6000,-0.2300,0.3000,0.155471,0.148971,asymmetric,12
132.400000,662,1711,-5.6000,-0.2300,0.3000,0.164076,0.148552,asymmetric,12
132.600000,663,1712,-5.6000,-0.2300,0.3000,0.153854,0.149614,asymmetric,12
132.800000,664,1713,-5.6000,-0.2300,0.3000,0.148697,0.151834,asymmetric,12
133.000000,665,1714,-5.6000,-0.2300,0.3000,0.152176,0.152144,asymmetric,12
133.200000,666,1715,-5.6000,-0.2300,0.3000,0.165237,0.151615,asymmetric,12
133.400000,667,1716,-5.6000,-0.2300,0.3000,0.178062,0.151701,asymmetric,12
133.600000,668,1717,-5.6000,-0.2300,0.3000,0.199771,0.153779,asymmetric,12
133.800000,669,1718,-5.6000,-0.2300,0.3000,0.200664,0.157507,asymmetric,12
134.000000,670,1719,-5.6000,-0.2300,0.3000,0.202371,0.163996,asymmetric,12
134.200000,671,1720,-5.6000,-0.2300,0.3000,0.202196,0.169625,asymmetric,12
134.400000,672,1721,-5.6000,-0.2300,0.3000,0.186466,0.174652,asymmetric,12
134.600000,673,1722,-5.6000,-0.2300,0.3000,0.196241,0.178881,asymmetric,12
134.800000,674,1723,-5.6000,-0.2300,0.3000,0.191978,0.180045,asymmetric,12
135.000000,675,1724,-5.6000,-0.2300,0.3000,0.191507,0.182531,asymmetric,12
135.200000,676,1725,-5.6000,-0.2300,0.3000,0.183695,0.183982,asymmetric,12
135.400000,677,1726,-5.6000,-0.2300,0.3000,0.178810,0.185137,asymmetric,12
135.600000,678,1727,-5.6000,-0.2300,0.3000,0.174515,0.184915,asymmetric,12
135.800000,679,1728,-5.6000,-0.2300,0.3000,0.164981,0.183978,asymmetric,12
136.000000,680,1729,-5.6000,-0.2300,0.3000,0.167114,0.182525,asymmetric,12
136.200000,681,1730,-5.6000,-0.2300,0.3000,0.171958,0.179832,asymmetric,12
136.400000,682,1731,-5.6000,-0.2300,0.3000,0.180408,0.177880,asymmetric,12
136.600000,683,1732,-5.6000,-0.2300,0.3000,0.186676,0.176971,asymmetric,12
136.800000,684,1733,-5.6000,-0.2300,0.3000,0.192487,0.177498,asymmetric,12
137.000000,685,1734,-5.6000,-0.2300,0.3000,0.183651,0.178907,asymmetric,12
137.200000,686,1735,-5.6000,-0.2300,0.3000,0.170639,0.180992,asymmetric,12
137.400000,687,1736,-5.6000,-0.2300,0.3000,0.147904,0.181400,asymmetric,12
137.600000,688,1737,-5.6000,-0.2300,0.3000,0.142451,0.179748,asymmetric,12
137.800000,689,1738,-5.6000,-0.2300,0.3000,0.137421,0.174859,asymmetric,12
138.000000,690,1739,-5.6000,-0.2300,0.3000,0.136629,0.169884,asymmetric,12
138.200000,691,1740,-5.6000,-0.2300,0.3000,0.135455,0.164900,asymmetric,12
138.400000,692,1741,-5.6000,-0.2300,0.3000,0.137181,0.160560,asymmetric,12
138.600000,693,1742,-5.6000,-0.2300,0.3000,0.145132,0.156706,asymmetric,12
138.800000,694,1743,-5.6000,-0.2300,0.3000,0.146571,0.153709,asymmetric,12
139.000000,695,1744,-5.6000,-0.2300,0.3000,0.138677,0.152392,asymmetric,12
139.200000,696,1745,-5.6000,-0.2300,0.3000,0.137038,0.151498,asymmetric,12
139.400000,697,1746,-5.6000,-0.2300,0.3000,0.133858,0.149530,asymmetric,12
139.600000,698,1747,-5.6000,-0.2300,0.3000,0.137802,0.147612,asymmetric,12
139.800000,699,1748,-5.3000,-0.2300,0.3000,0.152500,0.145501,asymmetric,12
140.000000,700,1749,-5.0000,-0.2300,0.3000,0.161173,0.144319,asymmetric,12
140.200000,701,1750,-5.0000,-0.2300,0.3000,0.161895,0.145575,asymmetric,12
140.400000,702,1751,-5.0000,-0.2300,0.3000,0.163488,0.147969,asymmetric,12
140.600000,703,1752,-5.0000,-0.2300,0.3000,0.153245,0.150107,asymmetric,12
140.800000,704,1753,-5.0000,-0.2300,0.3000,0.157206,0.152161,asymmetric,12
141.000000,705,1754,-5.0000,-0.2300,0.3000,0.164259,0.152328,asymmetric,12
141.200000,706,1755,-5.0000,-0.2300,0.3000,0.158025,0.153077,asymmetric,12
141.400000,707,1756,-5.0000,-0.2300,0.3000,0.148548,0.154793,asymmetric,12
141.600000,708,1757,-5.0000,-0.2300,0.3000,0.142735,0.155290,asymmetric,12
141.800000,709,1758,-5.0000,-0.2300,0.3000,0.134953,0.154255,asymmetric,12
142.000000,710,1759,-5.0000,-0.2300,0.3000,0.129063,0.152486,asymmetric,12
142.200000,711,1760,-5.0000,-0.2300,0.3000,0.142521,0.149795,asymmetric,12
142.400000,712,1761,-5.0000,-0.2300,0.3000,0.147153,0.146612,asymmetric,12
142.600000,713,1762,-5.0000,-0.2300,0.3000,0.154261,0.145984,asymmetric,12
142.800000,714,1763,-5.0000,-0.2300,0.3000,0.172055,0.146163,asymmetric,12
143.000000,715,1764,-5.0000,-0.2300,0.3000,0.185515,0.147406,asymmetric,12
143.200000,716,1765,-5.0000,-0.2300,0.3000,0.197853,0.151190,asymmetric,12
143.400000,717,1766,-5.0000,-0.2300,0.3000,0.201669,0.156460,asymmetric,12
143.600000,718,1767,-5.0000,-0.2300,0.3000,0.199925,0.162814,asymmetric,12
143.800000,719,1768,-5.0000,-0.2300,0.3000,0.211511,0.168779,asymmetric,12
144.000000,720,1769,-5.0000,-0.2300,0.3000,0.223361,0.173561,asymmetric,12
144.200000,721,1770,-5.0000,-0.2300,0.3000,0.226344,0.179387,asymmetric,12
144.400000,722,1771,-5.0000,-0.2300,0.3000,0.241666,0.186138,asymmetric,12
144.600000,723,1772,-5.0000,-0.2300,0.3000,0.268333,0.192310,asymmetric,12
144.800000,724,1773,-5.0000,-0.2300,0.3000,0.270468,0.199887,asymmetric,12
145.000000,725,1774,-5.0000,-0.2300,0.3000,0.225270,0.210395,asymmetric,12
145.200000,726,1775,-5.0000,-0.2300,0.3000,0.194751,0.219617,asymmetric,12
145.400000,727,1776,-5.0000,-0.2300,0.3000,0.186494,0.220485,asymmetric,12
145.600000,728,1777,-5.0000,-0.2300,0.3000,0.186338,0.216534,asymmetric,12
145.800000,729,1778,-5.0000,-0.2300,0.3000,0.191230,0.211923,asymmetric,12
146.000000,730,1779,-5.0000,-0.2300,0.3000,0.191258,0.207995,asymmetric,12
146.200000,731,1780,-5.0000,-0.2300,0.3000,0.200042,0.205421,asymmetric,12
146.400000,732,1781,-5.0000,-0.2300,0.3000,0.216348,0.203247,asymmetric,12
146.600000,733,1782,-5.0000,-0.2300,0.3000,0.246040,0.202755,asymmetric,12
146.800000,734,1783,-5.0000,-0.2300,0.3000,0.240392,0.204842,asymmetric,12
147.000000,735,1784,-5.0000,-0.2300,0.3000,0.224500,0.211166,asymmetric,12
147.200000,736,1785,-5.0000,-0.2300,0.3000,0.242318,0.215653,asymmetric,12
147.400000,737,1786,-5.0000,-0.2300,0.3000,0.236467,0.217011,asymmetric,12
147.600000,738,1787,-5.0000,-0.2300,0.3000,0.223636,0.220896,asymmetric,12
147.800000,739,1788,-5.0000,-0.2300,0.3000,0.229776,0.223287,asymmetric,12
148.000000,740,1789,-5.0000,-0.2300,0.3000,0.259464,0.223340,asymmetric,12
148.200000,741,1790,-5.0000,-0.2300,0.3000,0.302318,0.224328,asymmetric,12
148.400000,742,1791,-5.0000,-0.2300,0.3000,0.320948,0.229722,asymmetric,12
148.600000,743,1792,-5.0000,-0.2300,0.3000,0.298777,0.240867,asymmetric,12
148.800000,744,1793,-5.0000,-0.2300,0.3000,0.277294,0.253161,asymmetric,12
149.000000,745,1794,-5.0000,-0.2300,0.3000,0.243730,0.260164,asymmetric,12
149.200000,746,1795,-5.0000,-0.2300,0.3000,0.212902,0.262794,asymmetric,12
149.400000,747,1796,-5.0000,-0.2300,0.3000,0.194069,0.259867,asymmetric,12
149.600000,748,1797,-5.0000,-0.2300,0.3000,0.170127,0.252657,asymmetric,12
149.800000,749,1798,-5.0000,-0.2300,0.3000,0.147119,0.243663,asymmetric,12
150.000000,750,1799,-5.0000,-0.2300,0.3000,0.140858,0.232374,asymmetric,12
150.200000,751,1800,-5.0000,-0.2300,0.3000,0.135607,0.219285,asymmetric,12
150.400000,752,1801,-5.0000,-0.2300,0.3000,0.136155,0.207245,asymmetric,12
150.600000,753,1802,-5.0000,-0.2300,0.3000,0.135767,0.196248,asymmetric,12
150.800000,754,1803,-5.0000,-0.2300,0.3000,0.134180,0.187022,asymmetric,12
151.000000,755,1804,-5.0000,-0.2300,0.3000,0.122727,0.179154,asymmetric,12
151.200000,756,1805,-5.0000,-0.2300,0.3000,0.122407,0.172249,asymmetric,12
151.400000,757,1806,-5.0000,-0.2300,0.3000,0.115499,0.164647,asymmetric,12
151.600000,758,1807,-5.0000,-0.2300,0.3000,0.125464,0.158162,asymmetric,12
151.800000,759,1808,-5.0000,-0.2300,0.3000,0.152697,0.151613,asymmetric,12
152.000000,760,1809,-5.0000,-0.2300,0.3000,0.194736,0.147598,asymmetric,12
152.200000,761,1810,-5.0000,-0.2300,0.3000,0.240923,0.148381,asymmetric,12
152.400000,762,1811,-5.0000,-0.2300,0.3000,0.269308,0.155497,asymmetric,12
152.600000,763,1812,-5.0000,-0.2300,0.3000,0.280137,0.168612,asymmetric,12
152.800000,764,1813,-5.0000,-0.2300,0.3000,0.248473,0.184070,asymmetric,12
153.000000,765,1814,-5.0000,-0.2300,0.3000,0.208302,0.198818,asymmetric,12
153.200000,766,1815,-5.0000,-0.2300,0.3000,0.187065,0.206441,asymmetric,12
153.400000,767,1816,-5.0000,-0.2300,0.3000,0.179778,0.206727,asymmetric,12
153.600000,768,1817,-5.0000,-0.2300,0.3000,0.173282,0.203709,asymmetric,12
153.800000,769,1818,-5.0000,-0.2300,0.3000,0.157250,0.200035,asymmetric,12
154.000000,770,1819,-5.0000,-0.2300,0.3000,0.132233,0.195928,asymmetric,12
154.200000,771,1820,-5.0000,-0.2300,0.3000,0.115342,0.189990,asymmetric,12
154.400000,772,1821,-5.0000,-0.2300,0.3000,0.114004,0.181123,asymmetric,12
154.600000,773,1822,-5.0000,-0.2300,0.3000,0.123751,0.171025,asymmetric,12
154.800000,774,1823,-5.0000,-0.2300,0.3000,0.156903,0.162271,asymmetric,12
155.000000,775,1824,-5.0000,-0.2300,0.3000,0.154046,0.156357,asymmetric,12
155.200000,776,1825,-5.0000,-0.2300,0.3000,0.151773,0.156441,asymmetric,12
155.400000,777,1826,-5.0000,-0.2300,0.3000,0.143791,0.156073,asymmetric,12
155.600000,778,1827,-5.0000,-0.2300,0.3000,0.132594,0.155413,asymmetric,12
155.800000,779,1828,-5.0000,-0.2300,0.3000,0.134544,0.153629,asymmetric,12
156.000000,780,1829,-5.0000,-0.2300,0.3000,0.145083,0.150400,asymmetric,12
156.200000,781,1830,-5.0000,-0.2300,0.3000,0.154500,0.147965,asymmetric,12
156.400000,782,1831,-5.2121,-0.0179,0.3000,0.169173,0.147523,asymmetric,12
156.600000,783,1832,-5.4243,0.1943,0.3000,0.196017,0.148594,asymmetric,12
156.800000,784,1833,-5.6364,0.4064,0.3000,0.238329,0.151754,asymmetric,12
157.000000,785,1834,-5.8485,0.6185,0.3000,0.255629,0.158549,asymmetric,12
157.200000,786,1835,-5.9000,0.8972,0.3000,0.225370,0.170797,asymmetric,12
157.400000,787,1836,-5.9000,1.1972,0.3000,0.149294,0.183820,asymmetric,12
157.600000,788,1837,-5.9000,1.4972,0.3000,0.154821,0.190199,asymmetric,12
157.800000,789,1838,-5.9000,1.7972,0.3000,0.144292,0.183919,asymmetric,12
158.000000,790,1839,-5.9000,2.0972,0.3000,0.146310,0.179452,asymmetric,12
158.200000,791,1840,-5.9000,2.3972,0.3000,0.169046,0.174054,asymmetric,12
158.400000,792,1841,-5.9000,2.6972,0.3000,0.189437,0.169795,asymmetric,12
158.600000,793,1842,-5.9000,2.7700,0.3000,0.184481,0.169680,asymmetric,12
158.800000,794,1843,-5.9000,2.7700,0.3000,0.156358,0.172713,asymmetric,12
159.000000,795,1844,-5.9000,2.7700,0.3000,0.132097,0.174519,asymmetric,12
159.200000,796,1845,-5.9000,2.7700,0.3000,0.142301,0.171731,asymmetric,12
159.400000,797,1846,-5.9000,2.7700,0.3000,0.120288,0.165647,asymmetric,12
159.600000,798,1847,-5.9000,2.7700,0.3000,0.099416,0.162063,asymmetric,12
159.800000,799,1848,-5.9000,2.7700,0.3000,0.101634,0.155649,asymmetric,12
160.000000,800,1849,-5.9000,2.7700,0.3000,0.098959,0.147017,asymmetric,12
160.200000,801,1850,-5.9000,2.7700,0.3000,0.098040,0.140050,asymmetric,12
160.400000,802,1851,-5.9000,2.7700,0.3000,0.103899,0.133741,asymmetric,12
160.600000,803,1852,-5.9000,2.7700,0.3000,0.114256,0.128261,asymmetric,12
160.800000,804,1853,-5.9000,2.7700,0.3000,0.129605,0.124521,asymmetric,12
161.000000,805,1854,-5.9000,2.7700,0.3000,0.154742,0.122945,asymmetric,12
161.200000,806,1855,-5.9000,2.7700,0.3000,0.182828,0.123967,asymmetric,12
161.400000,807,1856,-5.9000,2.7700,0.3000,0.198143,0.128692,asymmetric,12
161.600000,808,1857,-5.9000,2.7700,0.3000,0.224754,0.137003,asymmetric,12
161.800000,809,1858,-5.9000,2.7700,0.3000,0.287513,0.146389,asymmetric,12
162.000000,810,1859,-5.9000,2.7700,0.3000,0.363756,0.158419,asymmetric,12
162.200000,811,1860,-5.9000,2.7700,0.3000,0.375143,0.178238,asymmetric,12
162.400000,812,1861,-5.9000,2.7700,0.3000,0.356825,0.206718,asymmetric,12
162.600000,813,1862,-5.9000,2.7700,0.3000,0.399390,0.232574,asymmetric,12
162.800000,814,1863,-5.9000,2.7700,0.3000,0.414909,0.251649,asymmetric,12
163.000000,815,1864,-5.9000,2.7700,0.3000,0.398807,0.274330,asymmetric,12
163.200000,816,1865,-5.9000,2.7700,0.3000,0.374220,0.295911,asymmetric,12
163.400000,817,1866,-5.9000,2.7700,0.3000,0.351354,0.311708,asymmetric,12
163.600000,818,1867,-5.9000,2.7700,0.3000,0.332708,0.321304,asymmetric,12
163.800000,819,1868,-5.9000,2.7700,0.3000,0.294128,0.325918,asymmetric,12
164.000000,820,1869,-5.9000,2.7700,0.3000,0.297777,0.326960,asymmetric,12
164.200000,821,1870,-5.9000,2.7700,0.3000,0.300249,0.321920,asymmetric,12
164.400000,822,1871,-5.9000,2.7700,0.3000,0.273373,0.318213,asymmetric,12
164.600000,823,1872,-5.9000,2.7700,0.3000,0.247722,0.315456,asymmetric,12
164.800000,824,1873,-5.9000,2.7700,0.3000,0.234744,0.308995,asymmetric,12
165.000000,825,1874,-5.9000,2.7700,0.3000,0.244474,0.299589,asymmetric,12
165.200000,826,1875,-5.9000,2.7700,0.3000,0.259098,0.289634,asymmetric,12
165.400000,827,1876,-5.9000,2.7700,0.3000,0.301730,0.282701,asymmetric,12
165.600000,828,1877,-5.9000,2.7700,0.3000,0.320014,0.279077,asymmetric,12
165.800000,829,1878,-5.9000,2.7700,0.3000,0.299580,0.282555,asymmetric,12
166.000000,830,1879,-5.9000,2.7700,0.3000,0.292822,0.288306,asymmetric,12
166.200000,831,1880,-5.9000,2.7700,0.3000,0.293658,0.290037,asymmetric,12
166.400000,832,1881,-5.9000,2.7700,0.3000,0.289025,0.290464,asymmetric,12
166.600000,833,1882,-5.9000,2.7700,0.3000,0.283733,0.290954,asymmetric,12
166.800000,834,1883,-5.9000,2.7700,0.3000,0.292568,0.290658,asymmetric,12
167.000000,835,1884,-5.9000,2.7700,0.3000,0.310496,0.289595,asymmetric,12
167.200000,836,1885,-5.9000,2.7700,0.3000,0.319609,0.290052,asymmetric,12
167.400000,837,1886,-5.9000,2.7700,0.3000,0.315957,0.293190,asymmetric,12
167.600000,838,1887,-5.9000,2.7700,0.3000,0.329716,0.297246,asymmetric,12
167.800000,839,1888,-5.9000,2.7700,0.3000,0.322010,0.300118,asymmetric,12
168.000000,840,1889,-5.9000,2.7700,0.3000,0.310224,0.304662,asymmetric,12
168.200000,841,1890,-5.9000,2.7700,0.3000,0.287736,0.307325,asymmetric,12
168.400000,842,1891,-5.9000,2.7700,0.3000,0.268192,0.307770,asymmetric,12
168.600000,843,1892,-5.9000,2.7700,0.3000,0.223412,0.304695,asymmetric,12
168.800000,844,1893,-5.9000,2.7700,0.3000,0.222133,0.299091,asymmetric,12
169.000000,845,1894,-5.9000,2.7700,0.3000,0.208427,0.287473,asymmetric,12
169.200000,846,1895,-5.9000,2.7700,0.3000,0.188376,0.277442,asymmetric,12
169.400000,847,1896,-5.9000,2.7700,0.3000,0.184659,0.266847,asymmetric,12
169.600000,848,1897,-5.9000,2.7700,0.3000,0.194636,0.254800,asymmetric,12
169.800000,849,1898,-5.9000,2.7700,0.3000,0.226871,0.244032,asymmetric,12
170.000000,850,1899,-5.9000,2.7700,0.3000,0.249543,0.236449,asymmetric,12
170.200000,851,1900,-5.9000,2.7700,0.3000,0.292723,0.234979,asymmetric,12
170.400000,852,1901,-5.9000,2.7700,0.3000,0.336948,0.237214,asymmetric,12
170.600000,853,1902,-5.9000,2.7700,0.3000,0.331143,0.245736,asymmetric,12
170.800000,854,1903,-5.9000,2.7700,0.3000,0.334976,0.259739,asymmetric,12
171.000000,855,1904,-5.9000,2.7700,0.3000,0.332341,0.270701,asymmetric,12
171.200000,856,1905,-5.9000,2.7700,0.3000,0.308504,0.280568,asymmetric,12
171.400000,857,1906,-5.9000,2.7700,0.3000,0.246266,0.288516,asymmetric,12
171.600000,858,1907,-5.9000,2.7700,0.3000,0.194938,0.291585,asymmetric,12
171.800000,859,1908,-5.9000,2.7700,0.3000,0.171346,0.284627,asymmetric,12
172.000000,860,1909,-5.9000,2.7700,0.3000,0.159196,0.270859,asymmetric,12
172.200000,861,1910,-5.9000,2.7700,0.3000,0.161548,0.255582,asymmetric,12
172.400000,862,1911,-5.9000,2.7700,0.3000,0.164906,0.240785,asymmetric,12
172.600000,863,1912,-5.9000,2.7700,0.3000,0.166781,0.228620,asymmetric,12
172.800000,864,1913,-5.9000,2.7700,0.3000,0.162056,0.218839,asymmetric,12
173.000000,865,1914,-5.9000,2.7700,0.3000,0.169860,0.210847,asymmetric,12
173.200000,866,1915,-5.9000,2.7700,0.3000,0.166676,0.203357,asymmetric,12
173.400000,867,1916,-5.9000,2.7700,0.3000,0.154224,0.198214,asymmetric,12
173.600000,868,1917,-5.9000,2.7700,0.3000,0.138186,0.193373,asymmetric,12
173.800000,869,1918,-5.9000,2.7700,0.3000,0.142156,0.187363,asymmetric,12
174.000000,870,1919,-5.9000,2.7700,0.3000,0.138499,0.179813,asymmetric,12
174.200000,871,1920,-5.9000,2.7700,0.3000,0.150544,0.174032,asymmetric,12
174.400000,872,1921,-5.9000,2.7700,0.3000,0.155017,0.168577,asymmetric,12
174.600000,873,1922,-5.9000,2.7700,0.3000,0.135716,0.165809,asymmetric,12
174.800000,874,1923,-5.9000,2.7700,0.3000,0.162912,0.164152,asymmetric,12
175.000000,875,1924,-5.9000,2.7700,0.3000,0.172282,0.159786,asymmetric,12
175.200000,876,1925,-6.2000,2.7700,0.3000,0.158127,0.160266,asymmetric,12
175.400000,877,1926,-6.5000,2.7700,0.3000,0.126570,0.162111,asymmetric,12
175.600000,878,1927,-6.5000,2.7700,0.3000,0.128548,0.161499,asymmetric,12
175.800000,879,1928,-6.5000,2.7700,0.3000,0.112593,0.156137,asymmetric,12
176.000000,880,1929,-6.5000,2.7700,0.3000,0.087687,0.151901,asymmetric,12
176.200000,881,1930,-6.5000,2.7700,0.3000,0.077414,0.145867,asymmetric,12
176.400000,882,1931,-6.5000,2.7700,0.3000,0.079344,0.136935,asymmetric,12
176.600000,883,1932,-6.5000,2.7700,0.3000,0.060838,0.127798,asymmetric,12
176.800000,884,1933,-6.5000,2.7700,0.3000,0.065894,0.120359,asymmetric,12
177.000000,885,1934,-6.5000,2.7700,0.3000,0.077278,0.111221,asymmetric,12
177.200000,886,1935,-6.5000,2.7700,0.3000,0.097747,0.104263,asymmetric,12
177.400000,887,1936,-6.5000,2.7700,0.3000,0.161751,0.100120,asymmetric,12
177.600000,888,1937,-6.5000,2.7700,0.3000,0.230405,0.099756,asymmetric,12
177.800000,889,1938,-6.5000,2.7700,0.3000,0.249432,0.109273,asymmetric,12
178.000000,890,1939,-6.5000,2.7700,0.3000,0.227430,0.127869,asymmetric,12
178.200000,891,1940,-6.5000,2.7700,0.3000,0.205290,0.146531,asymmetric,12
178.400000,892,1941,-6.5000,2.7700,0.3000,0.190371,0.158951,asymmetric,12
178.600000,893,1942,-6.5000,2.7700,0.3000,0.185032,0.166065,asymmetric,12
178.800000,894,1943,-6.5000,2.7700,0.3000,0.178480,0.169796,asymmetric,12
179.000000,895,1944,-6.5000,2.7700,0.3000,0.168838,0.172135,asymmetric,12
179.200000,896,1945,-6.5000,2.7700,0.3000,0.177631,0.173109,asymmetric,12
179.400000,897,1946,-6.5000,2.7700,0.3000,0.182059,0.172454,asymmetric,12
179.600000,898,1947,-6.5000,2.7700,0.3000,0.184180,0.173248,asymmetric,12
179.800000,899,1948,-6.5000,2.7700,0.3000,0.181764,0.174601,asymmetric,12
180.000000,900,1949,-6.5000,2.7700,0.3000,0.184775,0.176072,asymmetric,12
180.200000,901,1950,-6.5000,2.7700,0.3000,0.174504,0.176946,asymmetric,12
180.400000,902,1951,-6.5000,2.7700,0.3000,0.161453,0.178148,asymmetric,12
180.600000,903,1952,-6.5000,2.7700,0.3000,0.155059,0.177588,asymmetric,12
180.800000,904,1953,-6.5000,2.7700,0.3000,0.157308,0.175111,asymmetric,12
181.000000,905,1954,-6.5000,2.7700,0.3000,0.158675,0.172033,asymmetric,12
181.200000,906,1955,-6.5000,2.7700,0.3000,0.156236,0.169772,asymmetric,12
181.400000,907,1956,-6.5000,2.7700,0.3000,0.154882,0.168069,asymmetric,12
181.600000,908,1957,-6.5000,2.7700,0.3000,0.157298,0.166252,asymmetric,12
181.800000,909,1958,-6.5000,2.7700,0.3000,0.153528,0.164507,asymmetric,12
182.000000,910,1959,-6.5000,2.7700,0.3000,0.163141,0.163400,asymmetric,12
182.200000,911,1960,-6.5000,2.7700,0.3000,0.189780,0.161884,asymmetric,12
182.400000,912,1961,-6.5000,2.7700,0.3000,0.192941,0.162077,asymmetric,12
182.600000,913,1962,-6.5000,2.7700,0.3000,0.200840,0.166330,asymmetric,12
182.800000,914,1963,-6.5000,2.7700,0.3000,0.208976,0.170415,asymmetric,12
183.000000,915,1964,-6.5000,2.7700,0.3000,0.210030,0.175086,asymmetric,12
183.200000,916,1965,-6.5000,2.7700,0.3000,0.217962,0.180289,asymmetric,12
183.400000,917,1966,-6.5000,2.7700,0.3000,0.225887,0.184855,asymmetric,12
183.600000,918,1967,-6.5000,2.7700,0.3000,0.234767,0.189937,asymmetric,12
183.800000,919,1968,-6.5000,2.7700,0.3000,0.242949,0.195456,asymmetric,12
184.000000,920,1969,-6.5000,2.7700,0.3000,0.242034,0.201491,asymmetric,12
184.200000,921,1970,-6.5000,2.7700,0.3000,0.230107,0.207856,asymmetric,12
184.400000,922,1971,-6.5000,2.7700,0.3000,0.214662,0.213103,asymmetric,12
184.600000,923,1972,-6.5000,2.7700,0.3000,0.195732,0.215713,asymmetric,12
184.800000,924,1973,-6.5000,2.7700,0.3000,0.202875,0.215552,asymmetric,12
185.000000,925,1974,-6.5000,2.7700,0.3000,0.211968,0.212509,asymmetric,12
185.200000,926,1975,-6.5000,2.7700,0.3000,0.229982,0.211030,asymmetric,12
185.400000,927,1976,-6.5000,2.7700,0.3000,0.251166,0.211174,asymmetric,12
185.600000,928,1977,-6.5000,2.7700,0.3000,0.263652,0.214061,asymmetric,12
185.800000,929,1978,-6.5000,2.7700,0.3000,0.246985,0.219758,asymmetric,12
186.000000,930,1979,-6.5000,2.7700,0.3000,0.224282,0.226496,asymmetric,12
186.200000,931,1980,-6.5000,2.7700,0.3000,0.234839,0.229642,asymmetric,12
186.400000,932,1981,-6.5000,2.7700,0.3000,0.227337,0.228819,asymmetric,12
186.600000,933,1982,-6.5000,2.7700,0.3000,0.214516,0.229743,asymmetric,12
186.800000,934,1983,-6.5000,2.7700,0.3000,0.222984,0.229374,asymmetric,12
187.000000,935,1984,-6.5000,2.7700,0.3000,0.215923,0.227093,asymmetric,12
187.200000,936,1985,-6.5000,2.7700,0.3000,0.195086,0.226462,asymmetric,12
187.400000,937,1986,-6.5000,2.7700,0.3000,0.181109,0.224844,asymmetric,12
187.600000,938,1987,-6.5000,2.7700,0.3000,0.169517,0.220276,asymmetric,12
187.800000,939,1988,-6.5000,2.7700,0.3000,0.160500,0.214263,asymmetric,12
188.000000,940,1989,-6.5000,2.7700,0.3000,0.161155,0.207394,asymmetric,12
188.200000,941,1990,-6.5000,2.7700,0.3000,0.162491,0.200195,asymmetric,12
188.400000,942,1991,-6.5000,2.7700,0.3000,0.166303,0.194201,asymmetric,12
188.600000,943,1992,-6.5000,2.7700,0.3000,0.156174,0.189333,asymmetric,12
188.800000,944,1993,-6.5000,2.7700,0.3000,0.137428,0.185798,asymmetric,12
189.000000,945,1994,-6.5000,2.7700,0.3000,0.132676,0.181250,asymmetric,12
189.200000,946,1995,-6.5000,2.7700,0.3000,0.123347,0.174522,asymmetric,12
189.400000,947,1996,-6.5000,2.7700,0.3000,0.123756,0.168098,asymmetric,12
189.600000,948,1997,-6.5000,2.7700,0.3000,0.134793,0.161228,asymmetric,12
189.800000,949,0,-6.5000,2.7700,0.3000,0.000000,0.155475,asymmetric,12
190.000000,950,1,-6.5000,2.7700,0.3000,0.000000,0.152300,asymmetric,12
190.200000,951,2,-6.5000,2.7700,0.3000,0.000000,0.128919,asymmetric,12
190.400000,952,3,-6.5000,2.7700,0.3000,0.000000,0.109128,asymmetric,12
190.600000,953,4,-6.5000,2.7700,0.3000,0.000000,0.092375,asymmetric,12
190.800000,954,5,-6.5000,2.7700,0.3000,0.000000,0.078194,asymmetric,12
191.000000,955,6,-6.5000,2.7700,0.3000,0.000000,0.066189,asymmetric,12
191.200000,956,7,-6.5000,2.7700,0.3000,0.000000,0.056028,asymmetric,12
191.400000,957,8,-6.5000,2.7700,0.3000,0.000000,0.047427,asymmetric,12
191.600000,958,9,-6.5000,2.7700,0.3000,0.000000,0.040146,asymmetric,12
191.800000,959,10,-6.5000,2.4700,0.3000,0.000000,0.033983,asymmetric,12
192.000000,960,11,-6.5000,2.1700,0.3000,0.000000,0.028766,asymmetric,12
192.200000,961,12,-6.2879,1.9579,0.3000,0.000000,0.024350,asymmetric,12
192.400000,962,13,-6.0757,1.7457,0.3000,0.000000,0.020612,asymmetric,12
192.600000,963,14,-5.9000,1.5185,0.3000,0.000000,0.017447,asymmetric,12
192.800000,964,15,-5.9000,1.2185,0.3000,0.000000,0.014769,asymmetric,12
193.000000,965,16,-5.9000,0.9185,0.3000,0.000000,0.012502,asymmetric,12
193.200000,966,17,-5.8636,0.6336,0.3000,0.000000,0.010582,asymmetric,12
193.400000,967,18,-5.6515,0.4215,0.3000,0.000000,0.008958,asymmetric,12
193.600000,968,19,-5.3728,0.3700,0.3000,0.000000,0.007583,asymmetric,12
193.800000,969,20,-5.1393,0.2093,0.3000,0.000000,0.006419,asymmetric,12
194.000000,970,21,-4.9272,-0.0028,0.3000,0.000000,0.005433,asymmetric,12
194.200000,971,22,-4.7151,-0.2149,0.3000,0.000000,0.004599,asymmetric,12
194.400000,972,23,-4.5029,-0.4271,0.3000,0.000000,0.003893,asymmetric,12
194.600000,973,24,-4.4000,-0.5300,0.3000,0.000000,0.003295,asymmetric,12
194.800000,974,25,-4.4000,-0.5300,0.3000,0.000000,0.002789,asymmetric,12
195.000000,975,26,-4.4000,-0.5300,0.3000,0.000000,0.002361,asymmetric,12
195.200000,976,27,-4.4000,-0.5300,0.3000,0.000000,0.001999,asymmetric,12
195.400000,977,28,-4.4000,-0.5300,0.3000,0.000000,0.001692,asymmetric,12
195.600000,978,29,-4.4000,-0.5300,0.3000,0.000000,0.001432,asymmetric,12
195.800000,979,30,-4.4000,-0.5300,0.3000,0.000000,0.001212,asymmetric,12
196.000000,980,31,-4.4000,-0.5300,0.3000,0.000000,0.001026,asymmetric,12
196.200000,981,32,-4.4000,-0.5300,0.3000,0.000000,0.000869,asymmetric,12
196.400000,982,33,-4.4000,-0.5300,0.3000,0.000000,0.000735,asymmetric,12
196.600000,983,34,-4.4000,-0.5300,0.3000,0.000000,0.000622,asymmetric,12
196.800000,984,35,-4.4000,-0.5300,0.3000,0.000000,0.000527,asymmetric,12
197.000000,985,36,-4.4000,-0.5300,0.3000,0.000000,0.000446,asymmetric,12
197.200000,986,37,-4.4000,-0.5300,0.3000,0.000000,0.000378,asymmetric,12
197.400000,987,38,-4.4000,-0.5300,0.3000,0.000000,0.000320,asymmetric,12
197.600000,988,39,-4.4000,-0.5300,0.3000,0.000000,0.000271,asymmetric,12
197.800000,989,40,-4.4000,-0.5300,0.3000,0.000000,0.000229,asymmetric,12
198.000000,990,41,-4.4000,-0.5300,0.3000,0.000000,0.000194,asymmetric,12
198.200000,991,42,-4.4000,-0.5300,0.3000,0.000000,0.000164,asymmetric,12
198.400000,992,43,-4.4000,-0.5300,0.3000,0.000000,0.000139,asymmetric,12
198.600000,993,44,-4.4000,-0.5300,0.3000,0.000000,0.000118,asymmetric,12
198.800000,994,45,-4.4000,-0.5300,0.3000,0.000000,0.000100,asymmetric,12
199.000000,995,46,-4.4000,-0.5300,0.3000,0.000000,0.000084,asymmetric,12
199.200000,996,47,-4.4000,-0.5300,0.3000,0.000000,0.000071,asymmetric,12
199.400000,997,48,-4.4000,-0.5300,0.3000,0.000000,0.000060,asymmetric,12
199.600000,998,49,-4.4000,-0.5300,0.3000,0.000000,0.000051,asymmetric,12
199.800000,999,50,-4.4000,-0.5300,0.3000,0.000000,0.000043,asymmetric,12
200.000000,1000,51,-4.4000,-0.5300,0.3000,0.000000,0.000037,asymmetric,12
200.200000,1001,52,-4.4000,-0.5300,0.3000,0.000000,0.000031,asymmetric,12
200.400000,1002,53,-4.4000,-0.5300,0.3000,0.000000,0.000026,asymmetric,12
200.600000,1003,54,-4.4000,-0.5300,0.3000,0.000000,0.000022,asymmetric,12
200.800000,1004,55,-4.4000,-0.5300,0.3000,0.000000,0.000019,asymmetric,12
201.000000,1005,56,-4.4000,-0.5300,0.3000,0.000000,0.000016,asymmetric,12
201.200000,1006,57,-4.4000,-0.5300,0.3000,0.000000,0.000013,asymmetric,12
201.400000,1007,58,-4.4000,-0.5300,0.3000,0.000000,0.000011,asymmetric,12
201.600000,1008,59,-4.4000,-0.5300,0.3000,0.000000,0.000010,asymmetric,12
201.800000,1009,60,-4.4000,-0.5300,0.3000,0.000000,0.000008,asymmetric,12
202.000000,1010,61,-4.4000,-0.5300,0.3000,0.000000,0.000007,asymmetric,12
202.200000,1011,62,-4.4000,-0.5300,0.3000,0.000000,0.000006,asymmetric,12
202.400000,1012,63,-4.4000,-0.5300,0.3000,0.000000,0.000005,asymmetric,12
202.600000,1013,64,-4.4000,-0.5300,0.3000,0.000000,0.000004,asymmetric,12
202.800000,1014,65,-4.4000,-0.5300,0.3000,0.000000,0.000004,asymmetric,12
203.000000,1015,66,-4.4000,-0.5300,0.3000,0.000000,0.000003,asymmetric,12
203.200000,1016,67,-4.4000,-0.5300,0.3000,0.000000,0.000003,asymmetric,12
203.400000,1017,68,-4.4000,-0.5300,0.3000,0.000000,0.000002,asymmetric,12
203.600000,1018,69,-4.4000,-0.5300,0.3000,0.000000,0.000002,asymmetric,12
203.800000,1019,70,-4.4000,-0.5300,0.3000,0.000000,0.000002,asymmetric,12
204.000000,1020,71,-4.4000,-0.5300,0.3000,0.000000,0.000001,asymmetric,12
204.200000,1021,72,-4.4000,-0.5300,0.3000,0.000000,0.000001,asymmetric,12
204.400000,1022,73,-4.4000,-0.5300,0.3000,0.000000,0.000001,asymmetric,12
204.600000,1023,74,-4.4000,-0.5300,0.3000,0.000000,0.000001,asymmetric,12
204.800000,1024,75,-4.4000,-0.5300,0.3000,0.000000,0.000001,asymmetric,12
205.000000,1025,76,-4.4000,-0.5300,0.3000,0.000000,0.000001,asymmetric,12
205.200000,1026,77,-4.4000,-0.5300,0.3000,0.000000,0.000000,asymmetric,12
205.400000,1027,78,-4.4000,-0.5300,0.3000,0.000000,0.000000,asymmetric,12
205.600000,1028,79,-4.4000,-0.5300,0.3000,0.000000,0.000000,asymmetric,12
205.800000,1029,80,-4.4000,-0.5300,0.3000,0.000000,0.000000,asymmetric,12
206.000000,1030,81,-4.4000,-0.5300,0.3000,0.000000,0.000000,asymmetric,12
206.200000,1031,82,-4.4000,-0.5300,0.3000,0.000000,0.000000,asymmetric,12
206.400000,1032,83,-4.4000,-0.5300,0.3000,0.000000,0.000000,asymmetric,12
206.600000,1033,84,-4.4000,-0.5300,0.3000,0.000000,0.000000,asymmetric,12
206.800000,1034,85,-4.4000,-0.5300,0.3000,0.000000,0.000000,asymmetric,12
207.000000,1035,86,-4.4000,-0.5300,0.3000,0.000000,0.000000,asymmetric,12
207.200000,1036,87,-4.4000,-0.5300,0.3000,0.000000,0.000000,asymmetric,12
207.400000,1037,88,-4.4000,-0.5300,0.3000,0.000000,0.000000,asymmetric,12
207.600000,1038,89,-4.4000,-0.5300,0.3000,0.000000,0.000000,asymmetric,12
207.800000,1039,90,-4.4000,-0.5300,0.3000,0.000000,0.000000,asymmetric,12
208.000000,1040,91,-4.4000,-0.5300,0.3000,0.000000,0.000000,asymmetric,12
208.200000,1041,92,-4.4000,-0.5300,0.3000,0.000000,0.000000,asymmetric,12
208.400000,1042,93,-4.4000,-0.5300,0.3000,0.000000,0.000000,asymmetric,12
208.600000,1043,94,-4.4000,-0.5300,0.3000,0.000000,0.000000,asymmetric,12
208.800000,1044,95,-4.4000,-0.5300,0.3000,0.000000,0.000000,asymmetric,12
209.000000,1045,96,-4.4000,-0.5300,0.3000,0.000000,0.000000,asymmetric,12
209.200000,1046,97,-4.4000,-0.5300,0.3000,0.000000,0.000000,asymmetric,12
209.400000,1047,98,-4.4000,-0.5300,0.3000,0.000000,0.000000,asymmetric,12
209.600000,1048,99,-4.4000,-0.5300,0.3000,0.000000,0.000000,asymmetric,12
209.800000,1049,100,-4.4000,-0.5300,0.3000,0.000000,0.000000,asymmetric,12
210.000000,1050,101,-4.4000,-0.5300,0.3000,0.000000,0.000000,asymmetric,12
210.200000,1051,102,-4.4000,-0.5300,0.3000,0.000000,0.000000,asymmetric,12
210.400000,1052,103,-4.4000,-0.5300,0.3000,0.000000,0.000000,asymmetric,12
210.600000,1053,104,-4.4000,-0.5300,0.3000,0.000000,0.000000,asymmetric,12
210.800000,1054,105,-4.4000,-0.2300,0.3000,0.000000,0.000000,asymmetric,12
211.000000,1055,106,-4.4000,0.0700,0.3000,0.000000,0.000000,asymmetric,12
211.200000,1056,107,-4.4000,0.0700,0.3000,0.000000,0.000000,asymmetric,12
211.400000,1057,108,-4.4000,0.0700,0.3000,0.000000,0.000000,asymmetric,12
211.600000,1058,109,-4.4000,0.0700,0.3000,0.000000,0.000000,asymmetric,12
211.800000,1059,110,-4.4000,0.0700,0.3000,0.000000,0.000000,asymmetric,12
212.000000,1060,111,-4.4000,0.0700,0.3000,0.000000,0.000000,asymmetric,12
212.200000,1061,112,-4.4000,0.0700,0.3000,0.000000,0.000000,asymmetric,12
212.400000,1062,113,-4.4000,0.0700,0.3000,0.000000,0.000000,asymmetric,12
212.600000,1063,114,-4.4000,0.0700,0.3000,0.000000,0.000000,asymmetric,12
212.800000,1064,115,-4.4000,0.0700,0.3000,0.000000,0.000000,asymmetric,12
213.000000,1065,116,-4.4000,0.0700,0.3000,0.000000,0.000000,asymmetric,12
213.200000,1066,117,-4.4000,0.0700,0.3000,0.000000,0.000000,asymmetric,12
213.400000,1067,118,-4.4000,0.0700,0.3000,0.000000,0.000000,asymmetric,12
213.600000,1068,119,-4.4000,0.0700,0.3000,0.000000,0.000000,asymmetric,12
213.800000,1069,120,-4.4000,0.0700,0.3000,0.000000,0.000000,asymmetric,12
214.000000,1070,121,-4.4000,0.0700,0.3000,0.000000,0.000000,asymmetric,12
214.200000,1071,122,-4.4000,0.0700,0.3000,0.000000,0.000000,asymmetric,12
214.400000,1072,123,-4.4000,0.0700,0.3000,0.000000,0.000000,asymmetric,12
214.600000,1073,124,-4.4000,0.0700,0.3000,0.000000,0.000000,asymmetric,12
214.800000,1074,125,-4.4000,0.0700,0.3000,0.000000,0.000000,asymmetric,12
215.000000,1075,126,-4.4000,0.0700,0.3000,0.000000,0.000000,asymmetric,12
215.200000,1076,127,-4.4000,0.0700,0.3000,0.000000,0.000000,asymmetric,12
215.400000,1077,128,-4.4000,0.0700,0.3000,0.000000,0.000000,asymmetric,12
215.600000,1078,129,-4.4000,0.0700,0.3000,0.000000,0.000000,asymmetric,12
215.800000,1079,130,-4.4000,0.0700,0.3000,0.000000,0.000000,asymmetric,12
216.000000,1080,131,-4.4000,0.0700,0.3000,0.000000,0.000000,asymmetric,12
216.200000,1081,132,-4.4000,0.0700,0.3000,0.000000,0.000000,asymmetric,12
216.400000,1082,133,-4.4000,0.0700,0.3000,0.000000,0.000000,asymmetric,12
216.600000,1083,134,-4.4000,0.0700,0.3000,0.000000,0.000000,asymmetric,12
216.800000,1084,135,-4.4000,0.0700,0.3000,0.000000,0.000000,asymmetric,12
217.000000,1085,136,-4.4000,0.0700,0.3000,0.000000,0.000000,asymmetric,12
217.200000,1086,137,-4.4000,0.0700,0.3000,0.000000,0.000000,asymmetric,12
217.400000,1087,138,-4.4000,0.0700,0.3000,0.000000,0.000000,asymmetric,12
217.600000,1088,139,-4.4000,0.0700,0.3000,0.000000,0.000000,asymmetric,12
217.800000,1089,140,-4.4000,0.0700,0.3000,0.000000,0.000000,asymmetric,12
218.000000,1090,141,-4.4000,0.0700,0.3000,0.000000,0.000000,asymmetric,12
218.200000,1091,142,-4.4000,0.0700,0.3000,0.000000,0.000000,asymmetric,12
218.400000,1092,143,-4.4000,0.0700,0.3000,0.000000,0.000000,asymmetric,12
218.600000,1093,144,-4.4000,0.0700,0.3000,0.000000,0.000000,asymmetric,12
218.800000,1094,145,-4.4000,0.0700,0.3000,0.000000,0.000000,asymmetric,12
219.000000,1095,146,-4.4000,0.0700,0.3000,0.000000,0.000000,asymmetric,12
219.200000,1096,147,-4.4000,0.0700,0.3000,0.000000,0.000000,asymmetric,12
219.400000,1097,148,-4.4000,0.0700,0.3000,0.000000,0.000000,asymmetric,12
219.600000,1098,149,-4.4000,0.0700,0.3000,0.000000,0.000000,asymmetric,12
219.800000,1099,150,-4.4000,0.0700,0.3000,0.000000,0.000000,asymmetric,12
220.000000,1100,151,-4.4000,0.0700,0.3000,0.000000,0.000000,asymmetric,12
220.200000,1101,152,-4.4000,0.0700,0.3000,0.000000,0.000000,asymmetric,12
220.400000,1102,153,-4.4000,0.0700,0.3000,0.000000,0.000000,asymmetric,12
220.600000,1103,154,-4.4000,0.0700,0.3000,0.000000,0.000000,asymmetric,12
220.800000,1104,155,-4.4000,0.0700,0.3000,0.000000,0.000000,asymmetric,12
221.000000,1105,156,-4.4000,0.0700,0.3000,0.000000,0.000000,asymmetric,12
221.200000,1106,157,-4.4000,0.0700,0.3000,0.000000,0.000000,asymmetric,12
221.400000,1107,158,-4.4000,0.0700,0.3000,0.000000,0.000000,asymmetric,12
221.600000,1108,159,-4.4000,0.0700,0.3000,0.000000,0.000000,asymmetric,12
221.800000,1109,160,-4.4000,0.0700,0.3000,0.000000,0.000000,asymmetric,12
222.000000,1110,161,-4.4000,0.0700,0.3000,0.000000,0.000000,asymmetric,12
222.200000,1111,162,-4.4000,0.0700,0.3000,0.000000,0.000000,asymmetric,12
222.400000,1112,163,-4.4000,0.0700,0.3000,0.000000,0.000000,asymmetric,12
222.600000,1113,164,-4.4000,0.0700,0.3000,0.000000,0.000000,asymmetric,12
222.800000,1114,165,-4.4000,0.0700,0.3000,0.000000,0.000000,asymmetric,12
223.000000,1115,166,-4.4000,0.0700,0.3000,0.000000,0.000000,asymmetric,12
223.200000,1116,167,-4.4000,0.0700,0.3000,0.000000,0.000000,asymmetric,12
223.400000,1117,168,-4.4000,0.0700,0.3000,0.000000,0.000000,asymmetric,12
223.600000,1118,169,-4.4000,0.0700,0.3000,0.000000,0.000000,asymmetric,12
223.800000,1119,170,-4.4000,0.0700,0.3000,0.000000,0.000000,asymmetric,12
224.000000,1120,171,-4.4000,0.0700,0.3000,0.000000,0.000000,asymmetric,12
224.200000,1121,172,-4.4000,0.0700,0.3000,0.000000,0.000000,asymmetric,12
224.400000,1122,173,-4.4000,0.0700,0.3000,0.000000,0.000000,asymmetric,12
224.600000,1123,174,-4.4000,0.0700,0.3000,0.000000,0.000000,asymmetric,12
224.800000,1124,175,-4.4000,0.0700,0.3000,0.000000,0.000000,asymmetric,12
225.000000,1125,176,-4.4000,0.0700,0.3000,0.000000,0.000000,asymmetric,12
225.200000,1126,177,-4.4000,0.0700,0.3000,0.000000,0.000000,asymmetric,12
225.400000,1127,178,-4.4000,0.0700,0.3000,0.000000,0.000000,asymmetric,12
225.600000,1128,179,-4.4000,0.0700,0.3000,0.000000,0.000000,asymmetric,12
225.800000,1129,180,-4.4000,0.0700,0.3000,0.000000,0.000000,asymmetric,12
226.000000,1130,181,-4.4000,0.0700,0.3000,0.000000,0.000000,asymmetric,12
226.200000,1131,182,-4.4000,0.0700,0.3000,0.000000,0.000000,asymmetric,12
226.400000,1132,183,-4.4000,0.0700,0.3000,0.000000,0.000000,asymmetric,12
226.600000,1133,184,-4.4000,0.0700,0.3000,0.000000,0.000000,asymmetric,12
226.800000,1134,185,-4.4000,0.0700,0.3000,0.000000,0.000000,asymmetric,12
227.000000,1135,186,-4.4000,0.0700,0.3000,0.000000,0.000000,asymmetric,12
227.200000,1136,187,-4.4000,0.0700,0.3000,0.000000,0.000000,asymmetric,12
227.400000,1137,188,-4.4000,0.0700,0.3000,0.000000,0.000000,asymmetric,12
227.600000,1138,189,-4.4000,0.0700,0.3000,0.000000,0.000000,asymmetric,12
227.800000,1139,190,-4.1000,0.0700,0.3000,0.000000,0.000000,asymmetric,12
228.000000,1140,191,-3.8879,0.2821,0.3000,0.000000,0.000000,asymmetric,12
228.200000,1141,192,-3.8000,0.3700,0.3000,0.000000,0.000000,asymmetric,12
228.400000,1142,193,-3.8000,0.3700,0.3000,0.000000,0.000000,asymmetric,12
228.600000,1143,194,-3.8000,0.3700,0.3000,0.000000,0.000000,asymmetric,12
228.800000,1144,195,-3.8000,0.3700,0.3000,0.000000,0.000000,asymmetric,12
229.000000,1145,196,-3.8000,0.3700,0.3000,0.000000,0.000000,asymmetric,12
229.200000,1146,197,-3.8000,0.3700,0.3000,0.000000,0.000000,asymmetric,12
229.400000,1147,198,-3.8000,0.3700,0.3000,0.000000,0.000000,asymmetric,12
229.600000,1148,199,-3.8000,0.3700,0.3000,0.013891,0.000000,asymmetric,12
229.800000,1149,200,-3.8000,0.3700,0.3000,0.062227,0.000000,asymmetric,12
230.000000,1150,201,-3.8000,0.3700,0.3000,0.071218,0.002133,asymmetric,12
230.200000,1151,202,-3.8000,0.3700,0.3000,0.071084,0.011358,asymmetric,12
230.400000,1152,203,-3.8000,0.3700,0.3000,0.070726,0.020548,asymmetric,12
230.600000,1153,204,-3.8000,0.3700,0.3000,0.071765,0.028306,asymmetric,12
230.800000,1154,205,-3.8000,0.3700,0.3000,0.078861,0.034818,asymmetric,12
231.000000,1155,206,-3.8000,0.3700,0.3000,0.076604,0.040490,asymmetric,12
231.200000,1156,207,-3.8000,0.3700,0.3000,0.086808,0.046381,asymmetric,12
231.400000,1157,208,-3.8000,0.3700,0.3000,0.066718,0.051021,asymmetric,12
231.600000,1158,209,-3.8000,0.3700,0.3000,0.043668,0.056515,asymmetric,12
231.800000,1159,210,-3.8000,0.3700,0.3000,0.005980,0.058081,asymmetric,12
232.000000,1160,211,-3.8000,0.3700,0.3000,0.000000,0.055869,asymmetric,12
232.200000,1161,212,-3.8000,0.3700,0.3000,0.000000,0.048210,asymmetric,12
232.400000,1162,213,-3.8000,0.3700,0.3000,0.000000,0.040809,asymmetric,12
232.600000,1163,214,-3.8000,0.3700,0.3000,0.000000,0.034544,asymmetric,12
232.800000,1164,215,-3.8000,0.3700,0.3000,0.000000,0.029241,asymmetric,12
233.000000,1165,216,-3.8000,0.3700,0.3000,0.000000,0.024752,asymmetric,12
233.200000,1166,217,-3.8000,0.3700,0.3000,0.000000,0.020952,asymmetric,12
233.400000,1167,218,-3.8000,0.3700,0.3000,0.000000,0.017735,asymmetric,12
233.600000,1168,219,-3.8000,0.3700,0.3000,0.000000,0.015013,asymmetric,12
233.800000,1169,220,-3.8000,0.3700,0.3000,0.000000,0.012708,asymmetric,12
234.000000,1170,221,-3.8000,0.3700,0.3000,0.000000,0.010757,asymmetric,12
234.200000,1171,222,-3.8000,0.3700,0.3000,0.000000,0.009106,asymmetric,12
234.400000,1172,223,-3.8000,0.3700,0.3000,0.000000,0.007708,asymmetric,12
234.600000,1173,224,-3.8000,0.3700,0.3000,0.000000,0.006524,asymmetric,12
234.800000,1174,225,-3.8000,0.3700,0.3000,0.000000,0.005523,asymmetric,12
235.000000,1175,226,-3.8000,0.3700,0.3000,0.000000,0.004675,asymmetric,12
235.200000,1176,227,-3.8000,0.3700,0.3000,0.000000,0.003957,asymmetric,12
235.400000,1177,228,-3.8000,0.3700,0.3000,0.000000,0.003350,asymmetric,12
235.600000,1178,229,-3.8000,0.3700,0.3000,0.000000,0.002836,asymmetric,12
235.800000,1179,230,-3.8000,0.3700,0.3000,0.000000,0.002400,asymmetric,12
236.000000,1180,231,-3.8000,0.3700,0.3000,0.000000,0.002032,asymmetric,12
236.200000,1181,232,-3.8000,0.3700,0.3000,0.000000,0.001720,asymmetric,12
236.400000,1182,233,-3.8000,0.3700,0.3000,0.000000,0.001456,asymmetric,12
236.600000,1183,234,-3.8000,0.3700,0.3000,0.000000,0.001232,asymmetric,12
236.800000,1184,235,-3.8000,0.3700,0.3000,0.000000,0.001043,asymmetric,12
237.000000,1185,236,-3.8000,0.3700,0.3000,0.000000,0.000883,asymmetric,12
237.200000,1186,237,-3.8000,0.3700,0.3000,0.000000,0.000747,asymmetric,12
237.400000,1187,238,-3.8000,0.3700,0.3000,0.000000,0.000633,asymmetric,12
237.600000,1188,239,-3.8000,0.3700,0.3000,0.000000,0.000536,asymmetric,12
237.800000,1189,240,-3.8000,0.3700,0.3000,0.000000,0.000453,asymmetric,12
238.000000,1190,241,-3.8000,0.3700,0.3000,0.000000,0.000384,asymmetric,12
238.200000,1191,242,-3.8000,0.3700,0.3000,0.000000,0.000325,asymmetric,12
238.400000,1192,243,-3.8000,0.3700,0.3000,0.000000,0.000275,asymmetric,12
238.600000,1193,244,-3.8000,0.3700,0.3000,0.000000,0.000233,asymmetric,12
238.800000,1194,245,-3.8000,0.3700,0.3000,0.000000,0.000197,asymmetric,12
239.000000,1195,246,-3.8000,0.3700,0.3000,0.000000,0.000167,asymmetric,12
239.200000,1196,247,-3.8000,0.3700,0.3000,0.000000,0.000141,asymmetric,12
239.400000,1197,248,-3.8000,0.3700,0.3000,0.000000,0.000119,asymmetric,12
239.600000,1198,249,-3.8000,0.3700,0.3000,0.000000,0.000101,asymmetric,12
239.800000,1199,250,-3.8000,0.3700,0.3000,0.000000,0.000086,asymmetric,12
240.000000,1200,251,-3.8000,0.3700,0.3000,0.000000,0.000072,asymmetric,12
240.200000,1201,252,-3.8000,0.3700,0.3000,0.000000,0.000061,asymmetric,12
240.400000,1202,253,-3.8000,0.3700,0.3000,0.000000,0.000052,asymmetric,12
240.600000,1203,254,-3.8000,0.3700,0.3000,0.000000,0.000044,asymmetric,12
240.800000,1204,255,-3.8000,0.3700,0.3000,0.000000,0.000037,asymmetric,12
241.000000,1205,256,-3.8000,0.3700,0.3000,0.000000,0.000031,asymmetric,12
241.200000,1206,257,-3.8000,0.3700,0.3000,0.000000,0.000027,asymmetric,12
241.400000,1207,258,-3.8000,0.3700,0.3000,0.000000,0.000023,asymmetric,12
241.600000,1208,259,-3.8000,0.3700,0.3000,0.000000,0.000019,asymmetric,12
241.800000,1209,260,-3.8000,0.3700,0.3000,0.000000,0.000016,asymmetric,12
242.000000,1210,261,-3.8000,0.3700,0.3000,0.000000,0.000014,asymmetric,12
242.200000,1211,262,-3.8000,0.3700,0.3000,0.000000,0.000012,asymmetric,12
242.400000,1212,263,-3.8000,0.3700,0.3000,0.000000,0.000010,asymmetric,12
242.600000,1213,264,-3.8000,0.3700,0.3000,0.000000,0.000008,asymmetric,12
242.800000,1214,265,-3.8000,0.3700,0.3000,0.000000,0.000007,asymmetric,12
243.000000,1215,266,-3.8000,0.3700,0.3000,0.000000,0.000006,asymmetric,12
243.200000,1216,267,-3.8000,0.3700,0.3000,0.000000,0.000005,asymmetric,12
243.400000,1217,268,-3.8000,0.3700,0.3000,0.000000,0.000004,asymmetric,12
243.600000,1218,269,-3.8000,0.3700,0.3000,0.000000,0.000004,asymmetric,12
243.800000,1219,270,-3.8000,0.3700,0.3000,0.000000,0.000003,asymmetric,12
244.000000,1220,271,-3.8000,0.3700,0.3000,0.000000,0.000003,asymmetric,12
244.200000,1221,272,-3.8000,0.3700,0.3000,0.000000,0.000002,asymmetric,12
244.400000,1222,273,-3.8000,0.3700,0.3000,0.000000,0.000002,asymmetric,12
244.600000,1223,274,-3.8000,0.3700,0.3000,0.000000,0.000002,asymmetric,12
244.800000,1224,275,-3.8000,0.3700,0.3000,0.000000,0.000001,asymmetric,12
245.000000,1225,276,-3.8000,0.3700,0.3000,0.000000,0.000001,asymmetric,12
245.200000,1226,277,-3.8000,0.3700,0.3000,0.000000,0.000001,asymmetric,12
245.400000,1227,278,-3.8000,0.3700,0.3000,0.000000,0.000001,asymmetric,12
245.600000,1228,279,-3.8000,0.3700,0.3000,0.000000,0.000001,asymmetric,12
245.800000,1229,280,-3.8000,0.3700,0.3000,0.000000,0.000001,asymmetric,12
246.000000,1230,281,-3.8000,0.3700,0.3000,0.000000,0.000000,asymmetric,12
246.200000,1231,282,-3.8000,0.3700,0.3000,0.000000,0.000000,asymmetric,12
246.400000,1232,283,-3.8000,0.3700,0.3000,0.000000,0.000000,asymmetric,12
246.600000,1233,284,-3.8000,0.3700,0.3000,0.000000,0.000000,asymmetric,12
246.800000,1234,285,-3.8000,0.3700,0.3000,0.000000,0.000000,asymmetric,12
247.000000,1235,286,-3.8000,0.3700,0.3000,0.000000,0.000000,asymmetric,12
247.200000,1236,287,-3.8000,0.3700,0.3000,0.000000,0.000000,asymmetric,12
247.400000,1237,288,-3.8000,0.3700,0.3000,0.000000,0.000000,asymmetric,12
247.600000,1238,289,-3.8000,0.3700,0.3000,0.000000,0.000000,asymmetric,12
247.800000,1239,290,-3.8000,0.3700,0.3000,0.000000,0.000000,asymmetric,12
248.000000,1240,291,-3.8000,0.3700,0.3000,0.000000,0.000000,asymmetric,12
248.200000,1241,292,-3.8000,0.3700,0.3000,0.000000,0.000000,asymmetric,12
248.400000,1242,293,-3.8000,0.3700,0.3000,0.000000,0.000000,asymmetric,12
248.600000,1243,294,-3.8000,0.3700,0.3000,0.000000,0.000000,asymmetric,12
248.800000,1244,295,-3.8000,0.3700,0.3000,0.000000,0.000000,asymmetric,12
249.000000,1245,296,-3.8000,0.3700,0.3000,0.000000,0.000000,asymmetric,12
249.200000,1246,297,-3.8000,0.3700,0.3000,0.000000,0.000000,asymmetric,12
249.400000,1247,298,-3.8000,0.3700,0.3000,0.000000,0.000000,asymmetric,12
249.600000,1248,299,-3.8000,0.3700,0.3000,0.000000,0.000000,asymmetric,12
249.800000,1249,300,-3.8000,0.3700,0.3000,0.000000,0.000000,asymmetric,12
250.000000,1250,301,-3.8000,0.3700,0.3000,0.000000,0.000000,asymmetric,12
250.200000,1251,302,-3.8000,0.3700,0.3000,0.000000,0.000000,asymmetric,12
250.400000,1252,303,-3.8000,0.3700,0.3000,0.000000,0.000000,asymmetric,12
250.600000,1253,304,-3.8000,0.3700,0.3000,0.000000,0.000000,asymmetric,12
250.800000,1254,305,-3.8000,0.3700,0.3000,0.000000,0.000000,asymmetric,12
251.000000,1255,306,-3.8000,0.3700,0.3000,0.000000,0.000000,asymmetric,12
251.200000,1256,307,-3.8000,0.3700,0.3000,0.000000,0.000000,asymmetric,12
251.400000,1257,308,-3.8000,0.3700,0.3000,0.000000,0.000000,asymmetric,12
251.600000,1258,309,-3.8000,0.3700,0.3000,0.000000,0.000000,asymmetric,12
251.800000,1259,310,-3.8000,0.3700,0.3000,0.000000,0.000000,asymmetric,12
252.000000,1260,311,-3.8000,0.3700,0.3000,0.000000,0.000000,asymmetric,12
252.200000,1261,312,-3.8000,0.3700,0.3000,0.000000,0.000000,asymmetric,12
252.400000,1262,313,-3.8000,0.3700,0.3000,0.000000,0.000000,asymmetric,12
252.600000,1263,314,-3.8000,0.3700,0.3000,0.000000,0.000000,asymmetric,12
252.800000,1264,315,-3.8000,0.3700,0.3000,0.000000,0.000000,asymmetric,12
253.000000,1265,316,-3.8000,0.3700,0.3000,0.000000,0.000000,asymmetric,12
253.200000,1266,317,-3.8000,0.3700,0.3000,0.000000,0.000000,asymmetric,12
253.400000,1267,318,-3.8000,0.3700,0.3000,0.000000,0.000000,asymmetric,12
253.600000,1268,319,-3.8000,0.3700,0.3000,0.000000,0.000000,asymmetric,12
253.800000,1269,320,-3.8000,0.3700,0.3000,0.000000,0.000000,asymmetric,12
254.000000,1270,321,-3.8000,0.3700,0.3000,0.000000,0.000000,asymmetric,12
254.200000,1271,322,-3.8000,0.3700,0.3000,0.000000,0.000000,asymmetric,12
254.400000,1272,323,-3.8000,0.3700,0.3000,0.000000,0.000000,asymmetric,12
254.600000,1273,324,-3.8000,0.3700,0.3000,0.000000,0.000000,asymmetric,12
254.800000,1274,325,-3.8000,0.3700,0.3000,0.007259,0.000000,asymmetric,12
255.000000,1275,326,-3.8000,0.3700,0.3000,0.025994,0.000000,asymmetric,12
255.200000,1276,327,-3.8000,0.3700,0.3000,0.045194,0.001114,asymmetric,12
255.400000,1277,328,-3.8000,0.3700,0.3000,0.056754,0.004934,asymmetric,12
255.600000,1278,329,-3.8000,0.3700,0.3000,0.086984,0.011114,asymmetric,12
255.800000,1279,330,-3.8000,0.3700,0.3000,0.123213,0.018121,asymmetric,12
256.000000,1280,331,-3.8000,0.3700,0.3000,0.133526,0.028693,asymmetric,12
256.200000,1281,332,-3.8000,0.3700,0.3000,0.138931,0.043203,asymmetric,12
256.400000,1282,333,-3.8000,0.3700,0.3000,0.142438,0.057069,asymmetric,12
256.600000,1283,334,-3.8000,0.3700,0.3000,0.110464,0.069637,asymmetric,12
256.800000,1284,335,-3.8000,0.3700,0.3000,0.069335,0.080813,asymmetric,12
257.000000,1285,336,-3.8000,0.3700,0.3000,0.052057,0.085365,asymmetric,12
257.200000,1286,337,-3.8000,0.3700,0.3000,0.013427,0.082904,asymmetric,12
257.400000,1287,338,-3.8000,0.3700,0.3000,0.000000,0.078169,asymmetric,12
257.600000,1288,339,-3.8000,0.3700,0.3000,0.000000,0.068230,asymmetric,12
257.800000,1289,340,-3.8000,0.3700,0.3000,0.000000,0.057755,asymmetric,12
258.000000,1290,341,-3.8000,0.3700,0.3000,0.000000,0.048889,asymmetric,12
258.200000,1291,342,-3.8000,0.3700,0.3000,0.000000,0.041383,asymmetric,12
258.400000,1292,343,-3.8000,0.3700,0.3000,0.000000,0.035030,asymmetric,12
258.600000,1293,344,-3.8000,0.3700,0.3000,0.000000,0.029652,asymmetric,12
258.800000,1294,345,-3.8000,0.3700,0.3000,0.000000,0.025100,asymmetric,12
259.000000,1295,346,-3.8000,0.3700,0.3000,0.000000,0.021247,asymmetric,12
259.200000,1296,347,-3.8000,0.3700,0.3000,0.000000,0.017985,asymmetric,12
259.400000,1297,348,-3.8000,0.3700,0.3000,0.000000,0.015224,asymmetric,12
259.600000,1298,349,-3.8000,0.3700,0.3000,0.000000,0.012887,asymmetric,12
259.800000,1299,350,-3.8000,0.3700,0.3000,0.007671,0.010909,asymmetric,12
260.000000,1300,351,-3.8000,0.3700,0.3000,0.030796,0.009234,asymmetric,12
260.200000,1301,352,-3.8000,0.3700,0.3000,0.036211,0.008994,asymmetric,12
260.400000,1302,353,-3.8000,0.3700,0.3000,0.038267,0.012341,asymmetric,12
260.600000,1303,354,-3.8000,0.3700,0.3000,0.041984,0.016005,asymmetric,12
260.800000,1304,355,-3.8000,0.3700,0.3000,0.042045,0.019423,asymmetric,12
261.000000,1305,356,-3.8000,0.3700,0.3000,0.033861,0.022886,asymmetric,12
261.200000,1306,357,-3.8000,0.3700,0.3000,0.036477,0.025828,asymmetric,12
261.400000,1307,358,-3.8000,0.3700,0.3000,0.029433,0.027061,asymmetric,12
261.600000,1308,359,-3.8000,0.3700,0.3000,0.012882,0.028506,asymmetric,12
261.800000,1309,360,-3.8000,0.3700,0.3000,0.000000,0.028649,asymmetric,12
262.000000,1310,361,-3.8000,0.3700,0.3000,0.000000,0.026228,asymmetric,12
262.200000,1311,362,-3.8000,0.3700,0.3000,0.000000,0.022202,asymmetric,12
262.400000,1312,363,-3.8000,0.3700,0.3000,0.000000,0.018793,asymmetric,12
262.600000,1313,364,-3.8000,0.3700,0.3000,0.000000,0.015908,asymmetric,12
262.800000,1314,365,-3.8000,0.3700,0.3000,0.000000,0.013466,asymmetric,12
263.000000,1315,366,-3.8000,0.3700,0.3000,0.000000,0.011399,asymmetric,12
263.200000,1316,367,-3.8000,0.3700,0.3000,0.000000,0.009649,asymmetric,12
263.400000,1317,368,-3.8000,0.3700,0.3000,0.002124,0.008168,asymmetric,12
263.600000,1318,369,-3.8000,0.3700,0.3000,0.004003,0.006914,asymmetric,12
263.800000,1319,370,-3.8000,0.3700,0.3000,0.012120,0.006178,asymmetric,12
264.000000,1320,371,-3.8000,0.3700,0.3000,0.016019,0.005844,asymmetric,12
264.200000,1321,372,-3.8000,0.3700,0.3000,0.013798,0.006808,asymmetric,12
264.400000,1322,373,-3.8000,0.3700,0.3000,0.008742,0.008222,asymmetric,12
264.600000,1323,374,-3.8000,0.3700,0.3000,0.005056,0.009078,asymmetric,12
264.800000,1324,375,-3.8000,0.3700,0.3000,0.002091,0.009026,asymmetric,12
265.000000,1325,376,-3.8000,0.3700,0.3000,0.000000,0.008417,asymmetric,12
265.200000,1326,377,-3.8000,0.3700,0.3000,0.000000,0.007446,asymmetric,12
265.400000,1327,378,-3.8000,0.3700,0.3000,0.000000,0.006303,asymmetric,12
265.600000,1328,379,-3.8000,0.3700,0.3000,0.000000,0.005335,asymmetric,12
265.800000,1329,380,-3.8000,0.3700,0.3000,0.004131,0.004516,asymmetric,12
266.000000,1330,381,-3.8000,0.3700,0.3000,0.019740,0.003823,asymmetric,12
266.200000,1331,382,-3.8000,0.3700,0.3000,0.026539,0.003870,asymmetric,12
266.400000,1332,383,-3.8000,0.3700,0.3000,0.015313,0.006306,asymmetric,12
266.600000,1333,384,-3.8000,0.3700,0.3000,0.002722,0.009412,asymmetric,12
266.800000,1334,385,-3.8000,0.3700,0.3000,0.000000,0.010318,asymmetric,12
267.000000,1335,386,-3.8000,0.3700,0.3000,0.000000,0.009152,asymmetric,12
267.200000,1336,387,-3.8000,0.3700,0.3000,0.000000,0.007747,asymmetric,12
267.400000,1337,388,-3.8000,0.3700,0.3000,0.000000,0.006558,asymmetric,12
267.600000,1338,389,-3.8000,0.3700,0.3000,0.000000,0.005551,asymmetric,12
267.800000,1339,390,-3.8000,0.3700,0.3000,0.000000,0.004699,asymmetric,12
268.000000,1340,391,-3.8000,0.3700,0.3000,0.000000,0.003977,asymmetric,12
268.200000,1341,392,-3.8000,0.3700,0.3000,0.000000,0.003367,asymmetric,12
268.400000,1342,393,-3.8000,0.3700,0.3000,0.000000,0.002850,asymmetric,12
268.600000,1343,394,-3.8000,0.3700,0.3000,0.003763,0.002412,asymmetric,12
268.800000,1344,395,-3.8000,0.3700,0.3000,0.020671,0.002042,asymmetric,12
269.000000,1345,396,-3.8000,0.3700,0.3000,0.042116,0.002306,asymmetric,12
269.200000,1346,397,-3.8000,0.3700,0.3000,0.048155,0.005126,asymmetric,12
269.400000,1347,398,-3.8000,0.3700,0.3000,0.036205,0.010804,asymmetric,12
269.600000,1348,399,-3.8000,0.3700,0.3000,0.022835,0.016538,asymmetric,12
269.800000,1349,400,-3.8000,0.3700,0.3000,0.013962,0.019558,asymmetric,12
270.000000,1350,401,-3.8000,0.3700,0.3000,0.010709,0.020061,asymmetric,12
270.200000,1351,402,-3.8000,0.3700,0.3000,0.010486,0.019125,asymmetric,12
270.400000,1352,403,-3.8000,0.3700,0.3000,0.010711,0.017833,asymmetric,12
270.600000,1353,404,-3.8000,0.3700,0.3000,0.009857,0.016705,asymmetric,12
270.800000,1354,405,-3.8000,0.3700,0.3000,0.009528,0.015784,asymmetric,12
271.000000,1355,406,-3.8000,0.3700,0.3000,0.011315,0.014874,asymmetric,12
271.200000,1356,407,-3.8000,0.3700,0.3000,0.009746,0.014054,asymmetric,12
271.400000,1357,408,-3.8000,0.3700,0.3000,0.011480,0.013633,asymmetric,12
271.600000,1358,409,-3.8000,0.3700,0.3000,0.033069,0.013036,asymmetric,12
271.800000,1359,410,-3.8000,0.3700,0.3000,0.057167,0.012797,asymmetric,12
272.000000,1360,411,-3.8000,0.3700,0.3000,0.087991,0.015910,asymmetric,12
272.200000,1361,412,-3.8000,0.3700,0.3000,0.090964,0.022243,asymmetric,12
272.400000,1362,413,-3.8000,0.3700,0.3000,0.091254,0.032337,asymmetric,12
272.600000,1363,414,-3.8000,0.3700,0.3000,0.096269,0.041337,asymmetric,12
272.800000,1364,415,-3.8000,0.3700,0.3000,0.120538,0.049000,asymmetric,12
273.000000,1365,416,-3.8000,0.3700,0.3000,0.139045,0.056257,asymmetric,12
273.200000,1366,417,-3.8000,0.3700,0.3000,0.144881,0.066125,asymmetric,12
273.400000,1367,418,-3.8000,0.3700,0.3000,0.139662,0.077320,asymmetric,12
273.600000,1368,419,-3.8000,0.3700,0.3000,0.134737,0.087692,asymmetric,12
273.800000,1369,420,-3.8000,0.3700,0.3000,0.131920,0.095670,asymmetric,12
274.000000,1370,421,-3.8000,0.3700,0.3000,0.122203,0.101668,asymmetric,12
274.200000,1371,422,-3.8000,0.3700,0.3000,0.102756,0.106312,asymmetric,12
274.400000,1372,423,-3.8000,0.3700,0.3000,0.103806,0.108751,asymmetric,12
274.600000,1373,424,-3.8000,0.3700,0.3000,0.112969,0.107831,asymmetric,12
274.800000,1374,425,-3.8000,0.3700,0.3000,0.097381,0.107213,asymmetric,12
275.000000,1375,426,-3.8000,0.3700,0.3000,0.073881,0.108097,asymmetric,12
275.200000,1376,427,-3.8000,0.3700,0.3000,0.060279,0.106452,asymmetric,12
275.400000,1377,428,-3.8000,0.3700,0.3000,0.055471,0.101452,asymmetric,12
275.600000,1378,429,-3.8000,0.3700,0.3000,0.051142,0.095131,asymmetric,12
275.800000,1379,430,-3.8000,0.3700,0.3000,0.065508,0.089042,asymmetric,12
