t_sim_s,step,iteration,x,y,z,true_gas_ppm,measured_gas_ppm,sensor_mode,seed
0.200000,1,1050,-0.5000,-2.5000,0.3000,0.399211,0.000000,asymmetric,12
0.400000,2,1051,-0.5000,-2.5000,0.3000,0.400230,0.000000,asymmetric,12
0.600000,3,1052,-0.5000,-2.5000,0.3000,0.392899,0.061286,asymmetric,12
0.800000,4,1053,-0.5000,-2.5000,0.3000,0.379534,0.113320,asymmetric,12
1.000000,5,1054,-0.5000,-2.5000,0.3000,0.375350,0.156241,asymmetric,12
1.200000,6,1055,-0.5000,-2.5000,0.3000,0.364541,0.190520,asymmetric,12
1.400000,7,1056,-0.5000,-2.5000,0.3000,0.353965,0.218895,asymmetric,12
1.600000,8,1057,-0.5000,-2.5000,0.3000,0.340283,0.241254,asymmetric,12
1.800000,9,1058,-0.5000,-2.5000,0.3000,0.345906,0.258557,asymmetric,12
2.000000,10,1059,-0.5000,-2.5000,0.3000,0.343762,0.271104,asymmetric,12
2.200000,11,1060,-0.5000,-2.5000,0.3000,0.341563,0.282587,asymmetric,12
2.400000,12,1061,-0.5000,-2.5000,0.3000,0.347391,0.291979,asymmetric,12
2.600000,13,1062,-0.5000,-2.5000,0.3000,0.347470,0.299591,asymmetric,12
2.800000,14,1063,-0.5000,-2.5000,0.3000,0.349931,0.306929,asymmetric,12
3.000000,15,1064,-0.5000,-2.5000,0.3000,0.351046,0.313153,asymmetric,12
3.200000,16,1065,-0.5000,-2.5000,0.3000,0.360951,0.318799,asymmetric,12
3.400000,17,1066,-0.5000,-2.5000,0.3000,0.370052,0.323750,asymmetric,12
3.600000,18,1067,-0.5000,-2.5000,0.3000,0.375435,0.329461,asymmetric,12
3.800000,19,1068,-0.5000,-2.5000,0.3000,0.375050,0.335692,asymmetric,12
4.000000,20,1069,-0.5000,-2.5000,0.3000,0.393007,0.341793,asymmetric,12
4.200000,21,1070,-0.5000,-2.5000,0.3000,0.403774,0.346899,asymmetric,12
4.400000,22,1071,-0.5000,-2.5000,0.3000,0.409025,0.353977,asymmetric,12
4.600000,23,1072,-0.5000,-2.5000,0.3000,0.412362,0.361622,asymmetric,12
4.800000,24,1073,-0.5000,-2.5000,0.3000,0.428250,0.368899,asymmetric,12
5.000000,25,1074,-0.5000,-2.5000,0.3000,0.439711,0.375572,asymmetric,12
5.200000,26,1075,-0.5000,-2.5000,0.3000,0.442708,0.383659,asymmetric,12
5.400000,27,1076,-0.5000,-2.5000,0.3000,0.454489,0.392264,asymmetric,12
5.600000,28,1077,-0.5000,-2.5000,0.3000,0.472682,0.400008,asymmetric,12
5.800000,29,1078,-0.5000,-2.5000,0.3000,0.480380,0.408372,asymmetric,12
6.000000,30,1079,-0.5000,-2.5000,0.3000,0.477598,0.418244,asymmetric,12
6.200000,31,1080,-0.5000,-2.5000,0.3000,0.468494,0.427783,asymmetric,12
6.400000,32,1081,-0.5000,-2.5000,0.3000,0.451478,0.435431,asymmetric,12
6.600000,33,1082,-0.5000,-2.5000,0.3000,0.435729,0.440507,asymmetric,12
6.800000,34,1083,-0.5000,-2.5000,0.3000,0.436030,0.442191,asymmetric,12
7.000000,35,1084,-0.5000,-2.5000,0.3000,0.433702,0.441199,asymmetric,12
7.200000,36,1085,-0.5000,-2.5000,0.3000,0.443935,0.440406,asymmetric,12
7.400000,37,1086,-0.5000,-2.5000,0.3000,0.452809,0.439376,asymmetric,12
7.600000,38,1087,-0.5000,-2.5000,0.3000,0.458108,0.440076,asymmetric,12
7.800000,39,1088,-0.5000,-2.5000,0.3000,0.444390,0.442031,asymmetric,12
8.000000,40,1089,-0.5000,-2.5000,0.3000,0.447091,0.444499,asymmetric,12
8.200000,41,1090,-0.5000,-2.5000,0.3000,0.447837,0.444482,asymmetric,12
8.400000,42,1091,-0.5000,-2.5000,0.3000,0.436875,0.444883,asymmetric,12
8.600000,43,1092,-0.5000,-2.5000,0.3000,0.431516,0.445336,asymmetric,12
8.800000,44,1093,-0.5000,-2.5000,0.3000,0.421864,0.444037,asymmetric,12
9.000000,45,1094,-0.5000,-2.5000,0.3000,0.413324,0.442115,asymmetric,12
9.200000,46,1095,-0.5000,-2.5000,0.3000,0.409564,0.439006,asymmetric,12
9.400000,47,1096,-0.5000,-2.5000,0.3000,0.403960,0.435063,asymmetric,12
9.600000,48,1097,-0.5000,-2.5000,0.3000,0.421689,0.431149,asymmetric,12
9.800000,49,1098,-0.5000,-2.5000,0.3000,0.429005,0.426975,asymmetric,12
10.000000,50,1099,-0.5000,-2.5000,0.3000,0.429645,0.426163,asymmetric,12
10.200000,51,1100,-0.5000,-2.5000,0.3000,0.426956,0.426599,asymmetric,12
10.400000,52,1101,-0.5000,-2.5000,0.3000,0.427396,0.427067,asymmetric,12
10.600000,53,1102,-0.5000,-2.5000,0.3000,0.427750,0.427050,asymmetric,12
10.800000,54,1103,-0.5000,-2.5000,0.3000,0.425240,0.427103,asymmetric,12
11.000000,55,1104,-0.5000,-2.5000,0.3000,0.429396,0.427202,asymmetric,12
11.200000,56,1105,-0.5000,-2.5000,0.3000,0.430305,0.426901,asymmetric,12
11.400000,57,1106,-0.5000,-2.5000,0.3000,0.424124,0.427284,asymmetric,12
11.600000,58,1107,-0.5000,-2.5000,0.3000,0.414054,0.427748,asymmetric,12
11.800000,59,1108,-0.5000,-2.5000,0.3000,0.414206,0.427192,asymmetric,12
12.000000,60,1109,-0.5000,-2.5000,0.3000,0.408164,0.425175,asymmetric,12
12.200000,61,1110,-0.5000,-2.5000,0.3000,0.405157,0.423491,asymmetric,12
12.400000,62,1111,-0.5000,-2.5000,0.3000,0.400657,0.421138,asymmetric,12
12.600000,63,1112,-0.5000,-2.5000,0.3000,0.406894,0.418684,asymmetric,12
12.800000,64,1113,-0.5000,-2.5000,0.3000,0.403589,0.415917,asymmetric,12
13.000000,65,1114,-0.5000,-2.5000,0.3000,0.412404,0.414532,asymmetric,12
13.200000,66,1115,-0.5000,-2.5000,0.3000,0.407296,0.412852,asymmetric,12
13.400000,67,1116,-0.5000,-2.5000,0.3000,0.410026,0.412783,asymmetric,12
13.600000,68,1117,-0.5000,-2.5000,0.3000,0.424203,0.411941,asymmetric,12
13.800000,69,1118,-0.5000,-2.5000,0.3000,0.443099,0.411647,asymmetric,12
14.000000,70,1119,-0.5000,-2.5000,0.3000,0.465776,0.413574,asymmetric,12
14.200000,71,1120,-0.5000,-2.5000,0.3000,0.474366,0.418107,asymmetric,12
14.400000,72,1121,-0.5000,-2.5000,0.3000,0.491334,0.425425,asymmetric,12
14.600000,73,1122,-0.5000,-2.5000,0.3000,0.501425,0.432938,asymmetric,12
14.800000,74,1123,-0.5000,-2.5000,0.3000,0.509246,0.441903,asymmetric,12
15.000000,75,1124,-0.5000,-2.5000,0.3000,0.518453,0.451041,asymmetric,12
15.200000,76,1125,-0.5000,-2.5000,0.3000,0.520186,0.459976,asymmetric,12
15.400000,77,1126,-0.5000,-2.5000,0.3000,0.524903,0.468954,asymmetric,12
15.600000,78,1127,-0.5000,-2.5000,0.3000,0.521802,0.476819,asymmetric,12
15.800000,79,1128,-0.5000,-2.5000,0.3000,0.505211,0.484201,asymmetric,12
16.000000,80,1129,-0.5000,-2.5000,0.3000,0.492011,0.489973,asymmetric,12
16.200000,81,1130,-0.5000,-2.5000,0.3000,0.483148,0.492312,asymmetric,12
16.400000,82,1131,-0.5000,-2.5000,0.3000,0.472931,0.492266,asymmetric,12
16.600000,83,1132,-0.5000,-2.5000,0.3000,0.468858,0.490866,asymmetric,12
16.800000,84,1133,-0.5000,-2.5000,0.3000,0.453676,0.488113,asymmetric,12
17.000000,85,1134,-0.5000,-2.5000,0.3000,0.448884,0.485157,asymmetric,12
17.200000,86,1135,-0.5000,-2.5000,0.3000,0.445066,0.480324,asymmetric,12
17.400000,87,1136,-0.5000,-2.5000,0.3000,0.444588,0.475497,asymmetric,12
17.600000,88,1137,-0.5000,-2.5000,0.3000,0.455931,0.470826,asymmetric,12
17.800000,89,1138,-0.5000,-2.5000,0.3000,0.458314,0.466798,asymmetric,12
18.000000,90,1139,-0.5000,-2.5000,0.3000,0.463618,0.465130,asymmetric,12
18.200000,91,1140,-0.5000,-2.5000,0.3000,0.460266,0.464083,asymmetric,12
18.400000,92,1141,-0.5000,-2.5000,0.3000,0.462604,0.464012,asymmetric,12
18.600000,93,1142,-0.5000,-2.5000,0.3000,0.477582,0.463437,asymmetric,12
18.800000,94,1143,-0.5000,-2.5000,0.3000,0.481183,0.463309,asymmetric,12
19.000000,95,1144,-0.5000,-2.5000,0.3000,0.497801,0.465500,asymmetric,12
19.200000,96,1145,-0.5000,-2.5000,0.3000,0.507703,0.467908,asymmetric,12
19.400000,97,1146,-0.5000,-2.5000,0.3000,0.511963,0.472497,asymmetric,12
19.600000,98,1147,-0.5000,-2.5000,0.3000,0.519796,0.477902,asymmetric,12
19.800000,99,1148,-0.5000,-2.5000,0.3000,0.535444,0.483131,asymmetric,12
20.000000,100,1149,-0.5000,-2.5000,0.3000,0.536072,0.488759,asymmetric,12
20.200000,101,1150,-0.6855,-2.5009,0.3000,0.595762,0.495926,asymmetric,12
20.400000,102,1151,-0.9855,-2.5009,0.3000,0.699972,0.502090,asymmetric,12
20.600000,103,1152,-1.2855,-2.5009,0.3000,0.797873,0.516470,asymmetric,12
20.800000,104,1153,-1.5855,-2.5009,0.3000,0.795620,0.544641,asymmetric,12
21.000000,105,1154,-1.6427,-2.5009,0.3000,0.771872,0.583517,asymmetric,12
21.200000,106,1155,-1.6427,-2.5009,0.3000,0.766697,0.616078,asymmetric,12
21.400000,107,1156,-1.6427,-2.5009,0.3000,0.759751,0.639996,asymmetric,12
21.600000,108,1157,-1.6427,-2.5009,0.3000,0.758292,0.659447,asymmetric,12
21.800000,109,1158,-1.6427,-2.5009,0.3000,0.754559,0.674845,asymmetric,12
22.000000,110,1159,-1.6427,-2.5009,0.3000,0.759777,0.687656,asymmetric,12
22.200000,111,1160,-1.6427,-2.5009,0.3000,0.758147,0.697927,asymmetric,12
22.400000,112,1161,-1.6427,-2.5009,0.3000,0.754622,0.707422,asymmetric,12
22.600000,113,1162,-1.6427,-2.5009,0.3000,0.741938,0.715209,asymmetric,12
22.800000,114,1163,-1.6427,-2.5009,0.3000,0.736584,0.721260,asymmetric,12
23.000000,115,1164,-1.6427,-2.5009,0.3000,0.729901,0.724434,asymmetric,12
23.200000,116,1165,-1.6427,-2.5009,0.3000,0.720692,0.726299,asymmetric,12
23.400000,117,1166,-1.6427,-2.5009,0.3000,0.713885,0.726852,asymmetric,12
23.600000,118,1167,-1.6427,-2.5009,0.3000,0.707768,0.725906,asymmetric,12
23.800000,119,1168,-1.6427,-2.5009,0.3000,0.714479,0.724061,asymmetric,12
24.000000,120,1169,-1.6427,-2.5009,0.3000,0.722111,0.721560,asymmetric,12
24.200000,121,1170,-1.6427,-2.5009,0.3000,0.730589,0.720473,asymmetric,12
24.400000,122,1171,-1.6427,-2.5009,0.3000,0.733742,0.720724,asymmetric,12
24.600000,123,1172,-1.6427,-2.5009,0.3000,0.733509,0.722238,asymmetric,12
24.800000,124,1173,-1.6427,-2.5009,0.3000,0.739372,0.724005,asymmetric,12
25.000000,125,1174,-1.6427,-2.5009,0.3000,0.747946,0.725464,asymmetric,12
25.200000,126,1175,-1.6427,-2.5009,0.3000,0.751347,0.727599,asymmetric,12
25.400000,127,1176,-1.6427,-2.5009,0.3000,0.758891,0.730722,asymmetric,12
25.600000,128,1177,-1.6427,-2.5009,0.3000,0.766265,0.733889,asymmetric,12
25.800000,129,1178,-1.6427,-2.5009,0.3000,0.765651,0.737727,asymmetric,12
26.000000,130,1179,-1.6427,-2.5009,0.3000,0.773532,0.742108,asymmetric,12
26.200000,131,1180,-1.6427,-2.5009,0.3000,0.777905,0.745722,asymmetric,12
26.400000,132,1181,-1.6427,-2.5009,0.3000,0.767576,0.749992,asymmetric,12
26.600000,133,1182,-1.6427,-2.5009,0.3000,0.757904,0.754277,asymmetric,12
26.800000,134,1183,-1.6427,-2.5009,0.3000,0.749251,0.756318,asymmetric,12
27.000000,135,1184,-1.6427,-2.5009,0.3000,0.754021,0.756562,asymmetric,12
27.200000,136,1185,-1.6427,-2.5009,0.3000,0.751670,0.755439,asymmetric,12
27.400000,137,1186,-1.6427,-2.5009,0.3000,0.755823,0.755222,asymmetric,12
27.600000,138,1187,-1.6427,-2.5009,0.3000,0.756185,0.754677,asymmetric,12
27.800000,139,1188,-1.6427,-2.5009,0.3000,0.766610,0.754853,asymmetric,12
28.000000,140,1189,-1.6427,-2.5009,0.3000,0.765505,0.755057,asymmetric,12
28.200000,141,1190,-1.6427,-2.5009,0.3000,0.771948,0.756831,asymmetric,12
28.400000,142,1191,-1.6427,-2.5009,0.3000,0.781857,0.758163,asymmetric,12
28.600000,143,1192,-1.6427,-2.5009,0.3000,0.796119,0.760279,asymmetric,12
28.800000,144,1193,-1.6427,-2.5009,0.3000,0.810682,0.763592,asymmetric,12
29.000000,145,1194,-1.6427,-2.5009,0.3000,0.826084,0.768585,asymmetric,12
29.200000,146,1195,-1.6427,-2.5009,0.3000,0.838338,0.775048,asymmetric,12
29.400000,147,1196,-1.6427,-2.5009,0.3000,0.847277,0.782883,asymmetric,12
29.600000,148,1197,-1.6427,-2.5009,0.3000,0.849653,0.791396,asymmetric,12
29.800000,149,1198,-1.6427,-2.5009,0.3000,0.854699,0.799975,asymmetric,12
30.000000,150,1199,-1.6427,-2.5009,0.3000,0.869479,0.807602,asymmetric,12
30.200000,151,1200,-1.6427,-2.5009,0.3000,0.901717,0.814832,asymmetric,12
30.400000,152,1201,-1.6427,-2.5009,0.3000,0.918545,0.823221,asymmetric,12
30.600000,153,1202,-1.6427,-2.5009,0.3000,0.923008,0.835272,asymmetric,12
30.800000,154,1203,-1.6427,-2.5009,0.3000,0.918866,0.848056,asymmetric,12
31.000000,155,1204,-1.6427,-2.5009,0.3000,0.928122,0.859562,asymmetric,12
31.200000,156,1205,-1.6427,-2.5009,0.3000,0.930544,0.868667,asymmetric,12
31.400000,157,1206,-1.6427,-2.5009,0.3000,0.934205,0.877794,asymmetric,12
31.600000,158,1207,-1.6427,-2.5009,0.3000,0.930305,0.885892,asymmetric,12
31.800000,159,1208,-1.6427,-2.5009,0.3000,0.924744,0.893309,asymmetric,12
32.000000,160,1209,-1.6427,-2.5009,0.3000,0.915746,0.898989,asymmetric,12
32.200000,161,1210,-1.6427,-2.5009,0.3000,0.894999,0.902943,asymmetric,12
32.400000,162,1211,-1.6427,-2.5009,0.3000,0.865687,0.904908,asymmetric,12
32.600000,163,1212,-1.6427,-2.5009,0.3000,0.858785,0.903387,asymmetric,12
32.800000,164,1213,-1.6427,-2.5009,0.3000,0.844149,0.897599,asymmetric,12
33.000000,165,1214,-1.6427,-2.5009,0.3000,0.840504,0.891641,asymmetric,12
33.200000,166,1215,-1.6427,-2.5009,0.3000,0.841960,0.884350,asymmetric,12
33.400000,167,1216,-1.6427,-2.5009,0.3000,0.847705,0.877619,asymmetric,12
33.600000,168,1217,-1.6427,-2.5009,0.3000,0.864945,0.872144,asymmetric,12
33.800000,169,1218,-1.6427,-2.5009,0.3000,0.879566,0.868392,asymmetric,12
34.000000,170,1219,-1.6427,-2.5009,0.3000,0.891404,0.867863,asymmetric,12
34.200000,171,1220,-1.6427,-2.5009,0.3000,0.890647,0.869660,asymmetric,12
34.400000,172,1221,-1.6427,-2.5009,0.3000,0.882976,0.872998,asymmetric,12
34.600000,173,1222,-1.6427,-2.5009,0.3000,0.869353,0.875707,asymmetric,12
34.800000,174,1223,-1.6427,-2.5009,0.3000,0.854203,0.876823,asymmetric,12
35.000000,175,1224,-1.6427,-2.5009,0.3000,0.846027,0.875677,asymmetric,12
35.200000,176,1225,-1.6427,-2.5009,0.3000,0.837837,0.872380,asymmetric,12
35.400000,177,1226,-1.6427,-2.5009,0.3000,0.824602,0.868334,asymmetric,12
35.600000,178,1227,-1.6427,-2.5009,0.3000,0.827192,0.863652,asymmetric,12
35.800000,179,1228,-1.6427,-2.5009,0.3000,0.827775,0.857657,asymmetric,12
36.000000,180,1229,-1.6427,-2.5009,0.3000,0.838273,0.852980,asymmetric,12
36.200000,181,1230,-1.6427,-2.5009,0.3000,0.851484,0.849111,asymmetric,12
36.400000,182,1231,-1.6427,-2.5009,0.3000,0.859991,0.847447,asymmetric,12
36.600000,183,1232,-1.6427,-2.5009,0.3000,0.862022,0.848067,asymmetric,12
36.800000,184,1233,-1.6427,-2.5009,0.3000,0.869741,0.849897,asymmetric,12
37.000000,185,1234,-1.6427,-2.5009,0.3000,0.871045,0.851759,asymmetric,12
37.200000,186,1235,-1.9427,-2.5009,0.3000,0.816396,0.854519,asymmetric,12
37.400000,187,1236,-2.2427,-2.5009,0.3000,0.720804,0.857056,asymmetric,12
37.600000,188,1237,-2.5427,-2.5009,0.3000,0.619857,0.850814,asymmetric,12
37.800000,189,1238,-2.5427,-2.5009,0.3000,0.624352,0.830855,asymmetric,12
38.000000,190,1239,-2.5427,-2.5009,0.3000,0.615414,0.798463,asymmetric,12
38.200000,191,1240,-2.5427,-2.5009,0.3000,0.617604,0.771734,asymmetric,12
38.400000,192,1241,-2.5427,-2.5009,0.3000,0.620028,0.747736,asymmetric,12
38.600000,193,1242,-2.5427,-2.5009,0.3000,0.619623,0.727758,asymmetric,12
38.800000,194,1243,-2.5427,-2.5009,0.3000,0.621413,0.711220,asymmetric,12
39.000000,195,1244,-2.5427,-2.5009,0.3000,0.619542,0.697158,asymmetric,12
39.200000,196,1245,-2.5427,-2.5009,0.3000,0.615168,0.685530,asymmetric,12
39.400000,197,1246,-2.5427,-2.5009,0.3000,0.603502,0.675399,asymmetric,12
39.600000,198,1247,-2.5427,-2.5009,0.3000,0.600144,0.666153,asymmetric,12
39.800000,199,1248,-2.5427,-2.5009,0.3000,0.596189,0.656535,asymmetric,12
40.000000,200,1249,-2.5427,-2.5009,0.3000,0.593242,0.647878,asymmetric,12
40.200000,201,1250,-2.5427,-2.5009,0.3000,0.590012,0.639943,asymmetric,12
40.400000,202,1251,-2.5427,-2.5009,0.3000,0.597438,0.632773,asymmetric,12
40.600000,203,1252,-2.5427,-2.5009,0.3000,0.593872,0.626209,asymmetric,12
40.800000,204,1253,-2.5427,-2.5009,0.3000,0.592891,0.621792,asymmetric,12
41.000000,205,1254,-2.5427,-2.5009,0.3000,0.585551,0.617506,asymmetric,12
41.200000,206,1255,-2.5427,-2.5009,0.3000,0.578440,0.613727,asymmetric,12
41.400000,207,1256,-2.5427,-2.5009,0.3000,0.578098,0.609401,asymmetric,12
41.600000,208,1257,-2.5427,-2.5009,0.3000,0.574380,0.604648,asymmetric,12
41.800000,209,1258,-2.5427,-2.5009,0.3000,0.574647,0.600572,asymmetric,12
42.000000,210,1259,-2.5427,-2.5009,0.3000,0.568084,0.596551,asymmetric,12
42.200000,211,1260,-2.5427,-2.5009,0.3000,0.564087,0.593189,asymmetric,12
42.400000,212,1261,-2.5427,-2.5009,0.3000,0.561950,0.589335,asymmetric,12
42.600000,213,1262,-2.5427,-2.5009,0.3000,0.558720,0.585459,asymmetric,12
42.800000,214,1263,-2.5427,-2.5009,0.3000,0.558036,0.581850,asymmetric,12
43.000000,215,1264,-2.5427,-2.5009,0.3000,0.554950,0.578299,asymmetric,12
43.200000,216,1265,-2.5427,-2.5009,0.3000,0.556228,0.575188,asymmetric,12
43.400000,217,1266,-2.5427,-2.5009,0.3000,0.554238,0.572081,asymmetric,12
43.600000,218,1267,-2.5427,-2.5009,0.3000,0.553547,0.569647,asymmetric,12
43.800000,219,1268,-2.5427,-2.5009,0.3000,0.553335,0.567282,asymmetric,12
44.000000,220,1269,-2.5427,-2.5009,0.3000,0.555174,0.565173,asymmetric,12
44.200000,221,1270,-2.5427,-2.5009,0.3000,0.557050,0.563356,asymmetric,12
44.400000,222,1271,-2.5427,-2.5009,0.3000,0.560953,0.562100,asymmetric,12
44.600000,223,1272,-2.5427,-2.5009,0.3000,0.565662,0.561324,asymmetric,12
44.800000,224,1273,-2.5427,-2.5009,0.3000,0.574224,0.561267,asymmetric,12
45.000000,225,1274,-2.5427,-2.5009,0.3000,0.579973,0.561942,asymmetric,12
45.200000,226,1275,-2.5427,-2.5009,0.3000,0.584072,0.563828,asymmetric,12
45.400000,227,1276,-2.5427,-2.5009,0.3000,0.590775,0.566306,asymmetric,12
45.600000,228,1277,-2.5427,-2.5009,0.3000,0.591854,0.569034,asymmetric,12
45.800000,229,1278,-2.5427,-2.5009,0.3000,0.596881,0.572371,asymmetric,12
46.000000,230,1279,-2.5427,-2.5009,0.3000,0.605910,0.575362,asymmetric,12
46.200000,231,1280,-2.5427,-2.5009,0.3000,0.610725,0.578666,asymmetric,12
46.400000,232,1281,-2.5427,-2.5009,0.3000,0.616727,0.582848,asymmetric,12
46.600000,233,1282,-2.5427,-2.5009,0.3000,0.617862,0.587128,asymmetric,12
46.800000,234,1283,-2.5427,-2.5009,0.3000,0.619708,0.591672,asymmetric,12
47.000000,235,1284,-2.5427,-2.5009,0.3000,0.621092,0.595693,asymmetric,12
47.200000,236,1285,-2.5427,-2.5009,0.3000,0.622068,0.599379,asymmetric,12
47.400000,237,1286,-2.5427,-2.5009,0.3000,0.615196,0.602713,asymmetric,12
47.600000,238,1287,-2.5427,-2.5009,0.3000,0.614495,0.605684,asymmetric,12
47.800000,239,1288,-2.5427,-2.5009,0.3000,0.603988,0.607144,asymmetric,12
48.000000,240,1289,-2.5427,-2.5009,0.3000,0.619025,0.608273,asymmetric,12
48.200000,241,1290,-2.5427,-2.5009,0.3000,0.610012,0.607615,asymmetric,12
48.400000,242,1291,-2.5427,-2.5009,0.3000,0.627076,0.609367,asymmetric,12
48.600000,243,1292,-2.5427,-2.5009,0.3000,0.630589,0.609466,asymmetric,12
48.800000,244,1293,-2.5427,-2.5009,0.3000,0.626860,0.612169,asymmetric,12
49.000000,245,1294,-2.5427,-2.5009,0.3000,0.626363,0.614997,asymmetric,12
49.200000,246,1295,-2.5427,-2.5009,0.3000,0.624615,0.616818,asymmetric,12
49.400000,247,1296,-2.5427,-2.5009,0.3000,0.612540,0.618284,asymmetric,12
49.600000,248,1297,-2.5427,-2.5009,0.3000,0.608213,0.619256,asymmetric,12
49.800000,249,1298,-2.5427,-2.5009,0.3000,0.617400,0.618225,asymmetric,12
50.000000,250,1299,-2.5427,-2.5009,0.3000,0.616496,0.616688,asymmetric,12
50.200000,251,1300,-2.5427,-2.5009,0.3000,0.615023,0.616797,asymmetric,12
50.400000,252,1301,-2.5427,-2.5009,0.3000,0.614333,0.616751,asymmetric,12
50.600000,253,1302,-2.5427,-2.5009,0.3000,0.609376,0.616486,asymmetric,12
50.800000,254,1303,-2.5427,-2.5009,0.3000,0.604199,0.616155,asymmetric,12
51.000000,255,1304,-2.5427,-2.5009,0.3000,0.611936,0.615114,asymmetric,12
51.200000,256,1305,-2.5427,-2.5009,0.3000,0.613180,0.613439,asymmetric,12
51.400000,257,1306,-2.5427,-2.5009,0.3000,0.613396,0.613208,asymmetric,12
51.600000,258,1307,-2.5427,-2.5009,0.3000,0.608687,0.613204,asymmetric,12
51.800000,259,1308,-2.5427,-2.5009,0.3000,0.606721,0.613233,asymmetric,12
52.000000,260,1309,-2.5427,-2.5009,0.3000,0.607083,0.612535,asymmetric,12
52.200000,261,1310,-2.5427,-2.5009,0.3000,0.608957,0.611643,asymmetric,12
52.400000,262,1311,-2.5427,-2.5009,0.3000,0.608024,0.610943,asymmetric,12
52.600000,263,1312,-2.5427,-2.5009,0.3000,0.610573,0.610638,asymmetric,12
52.800000,264,1313,-2.5427,-2.5009,0.3000,0.611378,0.610237,asymmetric,12
53.000000,265,1314,-2.5427,-2.5009,0.3000,0.612321,0.610288,asymmetric,12
53.200000,266,1315,-2.5427,-2.5009,0.3000,0.618275,0.610456,asymmetric,12
53.400000,267,1316,-2.5427,-2.5009,0.3000,0.622166,0.610742,asymmetric,12
53.600000,268,1317,-2.5427,-2.5009,0.3000,0.626229,0.611898,asymmetric,12
53.800000,269,1318,-2.5427,-2.5009,0.3000,0.629460,0.613475,asymmetric,12
54.000000,270,1319,-2.8427,-2.5009,0.3000,0.598121,0.615433,asymmetric,12
54.200000,271,1320,-3.1427,-2.5009,0.3000,0.584096,0.617586,asymmetric,12
54.400000,272,1321,-3.4427,-2.5009,0.3000,0.601835,0.614598,asymmetric,12
54.600000,273,1322,-3.4427,-2.5009,0.3000,0.610037,0.609915,asymmetric,12
54.800000,274,1323,-3.4427,-2.5009,0.3000,0.613718,0.608675,asymmetric,12
55.000000,275,1324,-3.4427,-2.5009,0.3000,0.619329,0.608884,asymmetric,12
55.200000,276,1325,-3.4427,-2.5009,0.3000,0.629480,0.609626,asymmetric,12
55.400000,277,1326,-3.4427,-2.5009,0.3000,0.625928,0.611116,asymmetric,12
55.600000,278,1327,-3.4427,-2.5009,0.3000,0.631387,0.613935,asymmetric,12
55.800000,279,1328,-3.4427,-2.5009,0.3000,0.632340,0.615776,asymmetric,12
56.000000,280,1329,-3.4427,-2.5009,0.3000,0.635028,0.618173,asymmetric,12
56.200000,281,1330,-3.4427,-2.5009,0.3000,0.633963,0.620348,asymmetric,12
56.400000,282,1331,-3.4427,-2.5009,0.3000,0.637344,0.622601,asymmetric,12
56.600000,283,1332,-3.4427,-2.5009,0.3000,0.633257,0.624346,asymmetric,12
56.800000,284,1333,-3.4427,-2.5009,0.3000,0.631839,0.626341,asymmetric,12
57.000000,285,1334,-3.4427,-2.5009,0.3000,0.633214,0.627403,asymmetric,12
57.200000,286,1335,-3.4427,-2.5009,0.3000,0.629034,0.628084,asymmetric,12
57.400000,287,1336,-3.4427,-2.5009,0.3000,0.625869,0.628871,asymmetric,12
57.600000,288,1337,-3.4427,-2.5009,0.3000,0.623491,0.628896,asymmetric,12
57.800000,289,1338,-3.4427,-2.5009,0.3000,0.618649,0.628432,asymmetric,12
58.000000,290,1339,-3.4427,-2.5009,0.3000,0.616344,0.627673,asymmetric,12
58.200000,291,1340,-3.4427,-2.5009,0.3000,0.619593,0.626288,asymmetric,12
58.400000,292,1341,-3.4427,-2.5009,0.3000,0.622240,0.624761,asymmetric,12
58.600000,293,1342,-3.4427,-2.5009,0.3000,0.625282,0.623968,asymmetric,12
58.800000,294,1343,-3.4427,-2.5009,0.3000,0.628570,0.623702,asymmetric,12
59.000000,295,1344,-3.4427,-2.5009,0.3000,0.631327,0.623945,asymmetric,12
59.200000,296,1345,-3.4427,-2.5009,0.3000,0.632525,0.624655,asymmetric,12
59.400000,297,1346,-3.4427,-2.5009,0.3000,0.633199,0.625679,asymmetric,12
59.600000,298,1347,-3.4427,-2.5009,0.3000,0.637417,0.626730,asymmetric,12
59.800000,299,1348,-3.4427,-2.5009,0.3000,0.636042,0.627723,asymmetric,12
60.000000,300,1349,-3.4427,-2.5009,0.3000,0.635157,0.629212,asymmetric,12
60.200000,301,1350,-3.4427,-2.5009,0.3000,0.639075,0.630260,asymmetric,12
60.400000,302,1351,-3.4427,-2.5009,0.3000,0.639519,0.631012,asymmetric,12
60.600000,303,1352,-3.4427,-2.5009,0.3000,0.638925,0.632250,asymmetric,12
60.800000,304,1353,-3.4427,-2.5009,0.3000,0.638470,0.633366,asymmetric,12
61.000000,305,1354,-3.4427,-2.5009,0.3000,0.640241,0.634219,asymmetric,12
61.200000,306,1355,-3.4427,-2.5009,0.3000,0.640483,0.634872,asymmetric,12
61.400000,307,1356,-3.4427,-2.5009,0.3000,0.644522,0.635696,asymmetric,12
61.600000,308,1357,-3.4427,-2.5009,0.3000,0.647155,0.636431,asymmetric,12
61.800000,309,1358,-3.4427,-2.5009,0.3000,0.644153,0.637673,asymmetric,12
62.000000,310,1359,-3.4427,-2.5009,0.3000,0.641288,0.639129,asymmetric,12
62.200000,311,1360,-3.4427,-2.5009,0.3000,0.638300,0.639900,asymmetric,12
62.400000,312,1361,-3.4427,-2.5009,0.3000,0.639877,0.640113,asymmetric,12
62.600000,313,1362,-3.4427,-2.5009,0.3000,0.640306,0.639835,asymmetric,12
62.800000,314,1363,-3.4427,-2.5009,0.3000,0.644417,0.639841,asymmetric,12
63.000000,315,1364,-3.4427,-2.5009,0.3000,0.641253,0.639913,asymmetric,12
63.200000,316,1365,-3.4427,-2.5009,0.3000,0.640029,0.640604,asymmetric,12
63.400000,317,1366,-3.4427,-2.5009,0.3000,0.637230,0.640704,asymmetric,12
63.600000,318,1367,-3.4427,-2.5009,0.3000,0.638895,0.640600,asymmetric,12
63.800000,319,1368,-3.4427,-2.5009,0.3000,0.635408,0.640083,asymmetric,12
64.000000,320,1369,-3.4427,-2.5009,0.3000,0.627543,0.639900,asymmetric,12
64.200000,321,1370,-3.4427,-2.5009,0.3000,0.631318,0.639211,asymmetric,12
64.400000,322,1371,-3.4427,-2.5009,0.3000,0.630605,0.637420,asymmetric,12
64.600000,323,1372,-3.4427,-2.5009,0.3000,0.627283,0.636483,asymmetric,12
64.800000,324,1373,-3.4427,-2.5009,0.3000,0.626422,0.635580,asymmetric,12
65.000000,325,1374,-3.4427,-2.5009,0.3000,0.626512,0.634307,asymmetric,12
65.200000,326,1375,-3.4427,-2.5009,0.3000,0.625862,0.633096,asymmetric,12
65.400000,327,1376,-3.4427,-2.5009,0.3000,0.624199,0.632085,asymmetric,12
65.600000,328,1377,-3.4427,-2.5009,0.3000,0.624800,0.631130,asymmetric,12
65.800000,329,1378,-3.4427,-2.5009,0.3000,0.624679,0.630066,asymmetric,12
66.000000,330,1379,-3.4427,-2.5009,0.3000,0.622599,0.629257,asymmetric,12
66.200000,331,1380,-3.4427,-2.5009,0.3000,0.617637,0.628555,asymmetric,12
66.400000,332,1381,-3.4427,-2.5009,0.3000,0.619415,0.627640,asymmetric,12
66.600000,333,1382,-3.4427,-2.5009,0.3000,0.626229,0.626105,asymmetric,12
66.800000,334,1383,-3.4427,-2.5009,0.3000,0.631268,0.625078,asymmetric,12
67.000000,335,1384,-3.4427,-2.5009,0.3000,0.640572,0.625254,asymmetric,12
67.200000,336,1385,-3.4427,-2.5009,0.3000,0.641021,0.626178,asymmetric,12
67.400000,337,1386,-3.4427,-2.5009,0.3000,0.642040,0.628387,asymmetric,12
67.600000,338,1387,-3.4427,-2.5009,0.3000,0.644212,0.630327,asymmetric,12
67.800000,339,1388,-3.4427,-2.5009,0.3000,0.650519,0.632125,asymmetric,12
68.000000,340,1389,-3.4427,-2.5009,0.3000,0.663525,0.633981,asymmetric,12
68.200000,341,1390,-3.4427,-2.5009,0.3000,0.670622,0.636520,asymmetric,12
68.400000,342,1391,-3.4427,-2.5009,0.3000,0.671453,0.640665,asymmetric,12
68.600000,343,1392,-3.4427,-2.5009,0.3000,0.675510,0.645264,asymmetric,12
68.800000,344,1393,-3.4427,-2.5009,0.3000,0.673530,0.649285,asymmetric,12
69.000000,345,1394,-3.4427,-2.5009,0.3000,0.680636,0.653311,asymmetric,12
69.200000,346,1395,-3.4427,-2.5009,0.3000,0.679521,0.656415,asymmetric,12
69.400000,347,1396,-3.4427,-2.5009,0.3000,0.684193,0.660133,asymmetric,12
69.600000,348,1397,-3.4427,-2.5009,0.3000,0.688600,0.663110,asymmetric,12
69.800000,349,1398,-3.4427,-2.5009,0.3000,0.694434,0.666346,asymmetric,12
70.000000,350,1399,-3.4427,-2.5009,0.3000,0.699644,0.669763,asymmetric,12
70.200000,351,1400,-3.4427,-2.5009,0.3000,0.692857,0.673550,asymmetric,12
70.400000,352,1401,-3.4427,-2.5009,0.3000,0.696573,0.677556,asymmetric,12
70.600000,353,1402,-3.4427,-2.5009,0.3000,0.697440,0.679905,asymmetric,12
70.800000,354,1403,-3.4427,-2.5009,0.3000,0.713686,0.682464,asymmetric,12
71.000000,355,1404,-3.4427,-2.5009,0.3000,0.709789,0.684763,asymmetric,12
71.200000,356,1405,-3.4427,-2.2009,0.3000,0.722865,0.689203,asymmetric,12
71.400000,357,1406,-3.6549,-1.9887,0.3000,0.769288,0.692363,asymmetric,12
71.600000,358,1407,-3.7427,-1.9009,0.3000,0.790074,0.697046,asymmetric,12
71.800000,359,1408,-3.7427,-1.9009,0.3000,0.800917,0.708136,asymmetric,12
72.000000,360,1409,-3.7427,-1.9009,0.3000,0.805403,0.720715,asymmetric,12
72.200000,361,1410,-3.7427,-1.9009,0.3000,0.808528,0.733028,asymmetric,12
72.400000,362,1411,-3.7427,-1.9009,0.3000,0.812662,0.744139,asymmetric,12
72.600000,363,1412,-3.7427,-1.9009,0.3000,0.815296,0.754023,asymmetric,12
72.800000,364,1413,-3.7427,-1.9009,0.3000,0.815043,0.763026,asymmetric,12
73.000000,365,1414,-3.7427,-1.9009,0.3000,0.814768,0.771050,asymmetric,12
73.200000,366,1415,-3.7427,-1.9009,0.3000,0.812867,0.777804,asymmetric,12
73.400000,367,1416,-3.7427,-1.9009,0.3000,0.810001,0.783479,asymmetric,12
73.600000,368,1417,-3.7427,-1.9009,0.3000,0.805018,0.787990,asymmetric,12
73.800000,369,1418,-3.7427,-1.9009,0.3000,0.801986,0.791369,asymmetric,12
74.000000,370,1419,-3.7427,-1.9009,0.3000,0.799151,0.793465,asymmetric,12
74.200000,371,1420,-3.7427,-1.9009,0.3000,0.792893,0.794773,asymmetric,12
74.400000,372,1421,-3.7427,-1.9009,0.3000,0.799096,0.795445,asymmetric,12
74.600000,373,1422,-3.7427,-1.9009,0.3000,0.797694,0.795053,asymmetric,12
74.800000,374,1423,-3.7427,-1.9009,0.3000,0.793316,0.795674,asymmetric,12
75.000000,375,1424,-3.7427,-1.9009,0.3000,0.793236,0.795984,asymmetric,12
75.200000,376,1425,-3.7427,-1.9009,0.3000,0.785868,0.795574,asymmetric,12
75.400000,377,1426,-3.7427,-1.9009,0.3000,0.790398,0.795215,asymmetric,12
75.600000,378,1427,-3.7427,-1.9009,0.3000,0.789322,0.793780,asymmetric,12
75.800000,379,1428,-3.7427,-1.9009,0.3000,0.794191,0.793261,asymmetric,12
76.000000,380,1429,-3.7427,-1.9009,0.3000,0.786259,0.792656,asymmetric,12
76.200000,381,1430,-3.7427,-1.9009,0.3000,0.788879,0.792892,asymmetric,12
76.400000,382,1431,-3.7427,-1.9009,0.3000,0.790500,0.791874,asymmetric,12
76.600000,383,1432,-3.7427,-1.9009,0.3000,0.774423,0.791414,asymmetric,12
76.800000,384,1433,-3.7427,-1.9009,0.3000,0.777417,0.791274,asymmetric,12
77.000000,385,1434,-3.7427,-1.9009,0.3000,0.776050,0.788687,asymmetric,12
77.200000,386,1435,-3.7427,-1.9009,0.3000,0.774427,0.786957,asymmetric,12
77.400000,387,1436,-3.7427,-1.9009,0.3000,0.766212,0.785282,asymmetric,12
77.600000,388,1437,-3.7427,-1.9009,0.3000,0.758110,0.783616,asymmetric,12
77.800000,389,1438,-3.7427,-1.9009,0.3000,0.761133,0.780944,asymmetric,12
78.000000,390,1439,-3.7427,-1.9009,0.3000,0.766005,0.777439,asymmetric,12
78.200000,391,1440,-3.7427,-1.9009,0.3000,0.764593,0.774935,asymmetric,12
78.400000,392,1441,-3.7427,-1.9009,0.3000,0.759935,0.773564,asymmetric,12
78.600000,393,1442,-3.7427,-1.9009,0.3000,0.754498,0.772187,asymmetric,12
78.800000,394,1443,-3.7427,-1.9009,0.3000,0.750486,0.770306,asymmetric,12
79.000000,395,1444,-3.7427,-1.9009,0.3000,0.756133,0.767879,asymmetric,12
79.200000,396,1445,-3.7427,-1.9009,0.3000,0.760418,0.765209,asymmetric,12
79.400000,397,1446,-3.7427,-1.9009,0.3000,0.762087,0.763816,asymmetric,12
79.600000,398,1447,-3.7427,-1.9009,0.3000,0.760413,0.763294,asymmetric,12
79.800000,399,1448,-3.7427,-1.9009,0.3000,0.752392,0.763109,asymmetric,12
80.000000,400,1449,-3.7427,-1.9009,0.3000,0.756550,0.762695,asymmetric,12
80.200000,401,1450,-3.7427,-1.9009,0.3000,0.748751,0.761113,asymmetric,12
80.400000,402,1451,-3.7427,-1.9009,0.3000,0.745088,0.760413,asymmetric,12
80.600000,403,1452,-3.7427,-1.9009,0.3000,0.751502,0.758622,asymmetric,12
80.800000,404,1453,-3.7427,-1.9009,0.3000,0.746348,0.756545,asymmetric,12
81.000000,405,1454,-3.7427,-1.9009,0.3000,0.755542,0.755770,asymmetric,12
81.200000,406,1455,-3.7427,-1.9009,0.3000,0.751662,0.754324,asymmetric,12
81.400000,407,1456,-3.7427,-1.9009,0.3000,0.751447,0.754511,asymmetric,12
81.600000,408,1457,-3.7427,-1.9009,0.3000,0.756603,0.754074,asymmetric,12
81.800000,409,1458,-3.7427,-1.9009,0.3000,0.738017,0.753670,asymmetric,12
82.000000,410,1459,-3.7427,-1.9009,0.3000,0.736109,0.754120,asymmetric,12
82.200000,411,1460,-3.7427,-1.9009,0.3000,0.739074,0.751648,asymmetric,12
82.400000,412,1461,-3.7427,-1.9009,0.3000,0.730206,0.749263,asymmetric,12
82.600000,413,1462,-3.7427,-1.9009,0.3000,0.724960,0.747699,asymmetric,12
82.800000,414,1463,-3.7427,-1.9009,0.3000,0.726091,0.745013,asymmetric,12
83.000000,415,1464,-3.7427,-1.9009,0.3000,0.726591,0.741935,asymmetric,12
83.200000,416,1465,-3.7427,-1.9009,0.3000,0.719407,0.739502,asymmetric,12
83.400000,417,1466,-3.7427,-1.9009,0.3000,0.730596,0.737520,asymmetric,12
83.600000,418,1467,-3.7427,-1.9009,0.3000,0.725766,0.734739,asymmetric,12
83.800000,419,1468,-3.7427,-1.9009,0.3000,0.729724,0.734103,asymmetric,12
84.000000,420,1469,-3.7427,-1.9009,0.3000,0.716862,0.732823,asymmetric,12
84.200000,421,1470,-3.7427,-1.9009,0.3000,0.727566,0.732348,asymmetric,12
84.400000,422,1471,-3.7427,-1.9009,0.3000,0.730427,0.729970,asymmetric,12
84.600000,423,1472,-3.7427,-1.9009,0.3000,0.736523,0.729601,asymmetric,12
84.800000,424,1473,-3.7427,-1.9009,0.3000,0.740914,0.729728,asymmetric,12
85.000000,425,1474,-3.7427,-1.9009,0.3000,0.752010,0.730771,asymmetric,12
85.200000,426,1475,-3.7427,-1.9009,0.3000,0.749452,0.732328,asymmetric,12
85.400000,427,1476,-3.7427,-1.9009,0.3000,0.752754,0.735350,asymmetric,12
85.600000,428,1477,-3.7427,-1.9009,0.3000,0.751335,0.737515,asymmetric,12
85.800000,429,1478,-3.7427,-1.9009,0.3000,0.757474,0.739854,asymmetric,12
86.000000,430,1479,-3.7427,-1.9009,0.3000,0.760937,0.741617,asymmetric,12
86.200000,431,1480,-3.7427,-1.9009,0.3000,0.755741,0.744051,asymmetric,12
86.400000,432,1481,-3.7427,-1.9009,0.3000,0.750735,0.746643,asymmetric,12
86.600000,433,1482,-3.7427,-1.9009,0.3000,0.751450,0.748040,asymmetric,12
86.800000,434,1483,-3.7427,-1.9009,0.3000,0.758683,0.748454,asymmetric,12
87.000000,435,1484,-3.7427,-1.9009,0.3000,0.763634,0.748914,asymmetric,12
87.200000,436,1485,-3.7427,-1.9009,0.3000,0.766917,0.750414,asymmetric,12
87.400000,437,1486,-3.7427,-1.9009,0.3000,0.767406,0.752443,asymmetric,12
87.600000,438,1487,-3.7427,-1.9009,0.3000,0.773555,0.754665,asymmetric,12
87.800000,439,1488,-3.4427,-1.9009,0.3000,0.747993,0.756621,asymmetric,12
88.000000,440,1489,-3.1427,-1.9009,0.3000,0.736717,0.759221,asymmetric,12
88.200000,441,1490,-2.8427,-1.9009,0.3000,0.752325,0.757497,asymmetric,12
88.400000,442,1491,-2.5427,-1.9009,0.3000,0.793156,0.754307,asymmetric,12
88.600000,443,1492,-2.2427,-1.9009,0.3000,0.858443,0.754003,asymmetric,12
88.800000,444,1493,-1.9427,-1.9009,0.3000,0.946008,0.760013,asymmetric,12
89.000000,445,1494,-1.7306,-2.1130,0.3000,0.996878,0.775124,asymmetric,12
89.200000,446,1495,-1.5185,-2.3251,0.3000,1.024363,0.801358,asymmetric,12
89.400000,447,1496,-1.3063,-2.5373,0.3000,1.021560,0.831374,asymmetric,12
89.600000,448,1497,-1.0942,-2.7494,0.3000,0.990542,0.861001,asymmetric,12
89.800000,449,1498,-0.8821,-2.9615,0.3000,0.938964,0.885650,asymmetric,12
90.000000,450,1499,-0.7427,-3.1009,0.3000,0.906840,0.901753,asymmetric,12
90.200000,451,1500,-0.7427,-3.1009,0.3000,0.910260,0.907465,asymmetric,12
90.400000,452,1501,-0.7427,-3.1009,0.3000,0.910073,0.907369,asymmetric,12
90.600000,453,1502,-0.7427,-3.1009,0.3000,0.909338,0.907813,asymmetric,12
90.800000,454,1503,-0.7427,-3.1009,0.3000,0.900841,0.908160,asymmetric,12
91.000000,455,1504,-0.7427,-3.1009,0.3000,0.913388,0.908341,asymmetric,12
91.200000,456,1505,-0.7427,-3.1009,0.3000,0.923048,0.907189,asymmetric,12
91.400000,457,1506,-0.7427,-3.1009,0.3000,0.929439,0.908141,asymmetric,12
91.600000,458,1507,-0.7427,-3.1009,0.3000,0.931530,0.910430,asymmetric,12
91.800000,459,1508,-0.7427,-3.1009,0.3000,0.929394,0.913348,asymmetric,12
92.000000,460,1509,-0.7427,-3.1009,0.3000,0.918313,0.916139,asymmetric,12
92.200000,461,1510,-0.7427,-3.1009,0.3000,0.898718,0.918174,asymmetric,12
92.400000,462,1511,-0.7427,-3.1009,0.3000,0.886617,0.918195,asymmetric,12
92.600000,463,1512,-0.7427,-3.1009,0.3000,0.877708,0.915205,asymmetric,12
92.800000,464,1513,-0.7427,-3.1009,0.3000,0.866852,0.910816,asymmetric,12
93.000000,465,1514,-0.7427,-3.1009,0.3000,0.863140,0.905734,asymmetric,12
93.200000,466,1515,-0.7427,-3.1009,0.3000,0.872712,0.899765,asymmetric,12
93.400000,467,1516,-0.7427,-3.1009,0.3000,0.873618,0.894142,asymmetric,12
93.600000,468,1517,-0.7427,-3.1009,0.3000,0.874893,0.890852,asymmetric,12
93.800000,469,1518,-0.7427,-3.1009,0.3000,0.890393,0.888207,asymmetric,12
94.000000,470,1519,-0.7427,-3.1009,0.3000,0.894302,0.886163,asymmetric,12
94.200000,471,1520,-0.7427,-3.1009,0.3000,0.898096,0.886812,asymmetric,12
94.400000,472,1521,-0.7427,-3.1009,0.3000,0.908116,0.887962,asymmetric,12
94.600000,473,1522,-0.7427,-3.1009,0.3000,0.910915,0.889518,asymmetric,12
94.800000,474,1523,-0.7427,-3.1009,0.3000,0.921273,0.892373,asymmetric,12
95.000000,475,1524,-0.7427,-3.1009,0.3000,0.920490,0.895219,asymmetric,12
95.200000,476,1525,-0.7427,-3.1009,0.3000,0.919917,0.899219,asymmetric,12
95.400000,477,1526,-0.7427,-3.1009,0.3000,0.937552,0.902485,asymmetric,12
95.600000,478,1527,-0.7427,-3.1009,0.3000,0.913139,0.905161,asymmetric,12
95.800000,479,1528,-0.7427,-3.1009,0.3000,0.909339,0.910133,asymmetric,12
96.000000,480,1529,-0.7427,-3.1009,0.3000,0.907230,0.910595,asymmetric,12
96.200000,481,1530,-0.7427,-3.1009,0.3000,0.906837,0.910402,asymmetric,12
96.400000,482,1531,-0.7427,-3.1009,0.3000,0.897176,0.909915,asymmetric,12
96.600000,483,1532,-0.7427,-3.1009,0.3000,0.899990,0.909443,asymmetric,12
96.800000,484,1533,-0.7427,-3.1009,0.3000,0.896645,0.907560,asymmetric,12
97.000000,485,1534,-0.7427,-3.1009,0.3000,0.901694,0.906397,asymmetric,12
97.200000,486,1535,-0.7427,-3.1009,0.3000,0.902904,0.904900,asymmetric,12
97.400000,487,1536,-0.7427,-3.1009,0.3000,0.901722,0.904408,asymmetric,12
97.600000,488,1537,-0.7427,-3.1009,0.3000,0.902466,0.904177,asymmetric,12
97.800000,489,1538,-0.7427,-3.1009,0.3000,0.904283,0.903800,asymmetric,12
98.000000,490,1539,-0.7427,-3.1009,0.3000,0.904641,0.903595,asymmetric,12
98.200000,491,1540,-0.7427,-3.1009,0.3000,0.910575,0.903701,asymmetric,12
98.400000,492,1541,-0.7427,-3.1009,0.3000,0.915908,0.903845,asymmetric,12
98.600000,493,1542,-0.7427,-3.1009,0.3000,0.911469,0.904878,asymmetric,12
98.800000,494,1543,-0.7427,-3.1009,0.3000,0.910215,0.906572,asymmetric,12
99.000000,495,1544,-0.7427,-3.1009,0.3000,0.899290,0.907323,asymmetric,12
99.200000,496,1545,-0.7427,-3.1009,0.3000,0.915919,0.907767,asymmetric,12
99.400000,497,1546,-0.7427,-3.1009,0.3000,0.942172,0.906466,asymmetric,12
99.600000,498,1547,-0.7427,-3.1009,0.3000,0.956184,0.907917,asymmetric,12
99.800000,499,1548,-0.7427,-3.1009,0.3000,0.981890,0.913176,asymmetric,12
100.000000,500,1549,-0.7427,-3.1009,0.3000,1.009982,0.919778,asymmetric,12
100.200000,501,1550,-0.7427,-3.1009,0.3000,1.005172,0.929313,asymmetric,12
100.400000,502,1551,-0.7427,-3.1009,0.3000,0.998148,0.941698,asymmetric,12
100.600000,503,1552,-0.7427,-3.1009,0.3000,0.985086,0.951442,asymmetric,12
100.800000,504,1553,-0.7427,-3.1009,0.3000,0.986193,0.958612,asymmetric,12
101.000000,505,1554,-0.7427,-3.1009,0.3000,0.981265,0.962676,asymmetric,12
101.200000,506,1555,-0.7427,-3.1009,0.3000,0.982369,0.966287,asymmetric,12
101.400000,507,1556,-0.7427,-3.1009,0.3000,0.990109,0.968586,asymmetric,12
101.600000,508,1557,-0.7427,-3.1009,0.3000,1.002792,0.970702,asymmetric,12
101.800000,509,1558,-0.7427,-3.1009,0.3000,1.020974,0.973681,asymmetric,12
102.000000,510,1559,-0.7427,-3.1009,0.3000,1.020011,0.978150,asymmetric,12
102.200000,511,1560,-0.7427,-3.1009,0.3000,1.018147,0.984725,asymmetric,12
102.400000,512,1561,-0.7427,-3.1009,0.3000,1.011167,0.990142,asymmetric,12
102.600000,513,1562,-0.7427,-3.1009,0.3000,1.006806,0.994441,asymmetric,12
102.800000,514,1563,-0.7427,-3.1009,0.3000,0.993089,0.997009,asymmetric,12
103.000000,515,1564,-0.7427,-3.1009,0.3000,0.976663,0.998513,asymmetric,12
103.200000,516,1565,-0.7427,-3.1009,0.3000,0.963792,0.997680,asymmetric,12
103.400000,517,1566,-0.7427,-3.1009,0.3000,0.960735,0.994454,asymmetric,12
103.600000,518,1567,-0.7427,-3.1009,0.3000,0.964954,0.989746,asymmetric,12
103.800000,519,1568,-0.7427,-3.1009,0.3000,0.966762,0.985293,asymmetric,12
104.000000,520,1569,-0.7427,-3.1009,0.3000,0.967806,0.982170,asymmetric,12
104.200000,521,1570,-0.7427,-3.1009,0.3000,0.971802,0.979805,asymmetric,12
104.400000,522,1571,-0.7427,-3.1009,0.3000,0.965527,0.977963,asymmetric,12
104.600000,523,1572,-0.7427,-3.1009,0.3000,0.975259,0.977017,asymmetric,12
104.800000,524,1573,-0.7427,-3.1009,0.3000,0.979356,0.975253,asymmetric,12
105.000000,525,1574,-0.7427,-3.1009,0.3000,0.977234,0.975254,asymmetric,12
105.200000,526,1575,-0.7427,-3.1009,0.3000,0.964412,0.975884,asymmetric,12
105.400000,527,1576,-0.7427,-3.1009,0.3000,0.948117,0.976091,asymmetric,12
105.600000,528,1577,-0.7427,-3.1009,0.3000,0.933430,0.974298,asymmetric,12
105.800000,529,1578,-0.7427,-3.1009,0.3000,0.937160,0.970279,asymmetric,12
106.000000,530,1579,-0.7427,-3.1009,0.3000,0.948863,0.964622,asymmetric,12
106.200000,531,1580,-0.7427,-2.8009,0.3000,0.919125,0.960406,asymmetric,12
106.400000,532,1581,-0.9549,-2.5887,0.3000,0.966631,0.958634,asymmetric,12
106.600000,533,1582,-1.0427,-2.5009,0.3000,1.006965,0.952569,asymmetric,12
106.800000,534,1583,-1.0427,-2.5009,0.3000,1.013827,0.954727,asymmetric,12
107.000000,535,1584,-1.0427,-2.5009,0.3000,1.029612,0.962747,asymmetric,12
107.200000,536,1585,-1.0427,-2.5009,0.3000,1.039488,0.970589,asymmetric,12
107.400000,537,1586,-1.0427,-2.5009,0.3000,1.041105,0.979650,asymmetric,12
107.600000,538,1587,-1.0427,-2.5009,0.3000,1.044650,0.988836,asymmetric,12
107.800000,539,1588,-1.0427,-2.5009,0.3000,1.039127,0.996860,asymmetric,12
108.000000,540,1589,-1.0427,-2.5009,0.3000,1.037446,1.004197,asymmetric,12
108.200000,541,1590,-1.0427,-2.5009,0.3000,1.008262,1.009559,asymmetric,12
108.400000,542,1591,-1.0427,-2.5009,0.3000,0.986415,1.013840,asymmetric,12
108.600000,543,1592,-1.0427,-2.5009,0.3000,0.964226,1.012984,asymmetric,12
108.800000,544,1593,-1.0427,-2.5009,0.3000,0.970270,1.008905,asymmetric,12
109.000000,545,1594,-1.0427,-2.5009,0.3000,0.964083,1.002046,asymmetric,12
109.200000,546,1595,-1.0427,-2.5009,0.3000,0.951341,0.997168,asymmetric,12
109.400000,547,1596,-1.0427,-2.5009,0.3000,0.945976,0.992089,asymmetric,12
109.600000,548,1597,-1.0427,-2.5009,0.3000,0.921984,0.985833,asymmetric,12
109.800000,549,1598,-1.0427,-2.5009,0.3000,0.906803,0.979714,asymmetric,12
110.000000,550,1599,-1.0427,-2.5009,0.3000,0.896908,0.970852,asymmetric,12
110.200000,551,1600,-1.0427,-2.5009,0.3000,0.888695,0.961019,asymmetric,12
110.400000,552,1601,-1.0427,-2.5009,0.3000,0.878041,0.951177,asymmetric,12
110.600000,553,1602,-1.0427,-2.5009,0.3000,0.861578,0.941585,asymmetric,12
110.800000,554,1603,-1.0427,-2.5009,0.3000,0.842998,0.931830,asymmetric,12
111.000000,555,1604,-1.0427,-2.5009,0.3000,0.836914,0.921045,asymmetric,12
111.200000,556,1605,-1.0427,-2.5009,0.3000,0.832536,0.909063,asymmetric,12
111.400000,557,1606,-1.0427,-2.5009,0.3000,0.835745,0.897987,asymmetric,12
111.600000,558,1607,-1.0427,-2.5009,0.3000,0.858087,0.887939,asymmetric,12
111.800000,559,1608,-1.0427,-2.5009,0.3000,0.864908,0.879926,asymmetric,12
112.000000,560,1609,-1.0427,-2.5009,0.3000,0.869382,0.876574,asymmetric,12
112.200000,561,1610,-1.0427,-2.5009,0.3000,0.892742,0.874783,asymmetric,12
112.400000,562,1611,-1.0427,-2.5009,0.3000,0.899908,0.873954,asymmetric,12
112.600000,563,1612,-1.0427,-2.5009,0.3000,0.898256,0.876838,asymmetric,12
112.800000,564,1613,-1.0427,-2.5009,0.3000,0.905657,0.880380,asymmetric,12
113.000000,565,1614,-1.0427,-2.5009,0.3000,0.906811,0.883124,asymmetric,12
113.200000,566,1615,-1.0427,-2.5009,0.3000,0.908776,0.886583,asymmetric,12
113.400000,567,1616,-1.0427,-2.5009,0.3000,0.927800,0.889689,asymmetric,12
113.600000,568,1617,-1.0427,-2.5009,0.3000,0.946936,0.892619,asymmetric,12
113.800000,569,1618,-1.0427,-2.5009,0.3000,0.960487,0.898020,asymmetric,12
114.000000,570,1619,-1.0427,-2.5009,0.3000,0.967024,0.905529,asymmetric,12
114.200000,571,1620,-1.0427,-2.5009,0.3000,0.958347,0.913966,asymmetric,12
114.400000,572,1621,-1.0427,-2.5009,0.3000,0.955985,0.922112,asymmetric,12
114.600000,573,1622,-1.0427,-2.5009,0.3000,0.955722,0.927674,asymmetric,12
114.800000,574,1623,-1.0427,-2.5009,0.3000,0.960261,0.932021,asymmetric,12
115.000000,575,1624,-1.0427,-2.5009,0.3000,0.953787,0.935659,asymmetric,12
115.200000,576,1625,-1.0427,-2.5009,0.3000,0.933927,0.939436,asymmetric,12
115.400000,577,1626,-1.0427,-2.5009,0.3000,0.922336,0.941639,asymmetric,12
115.600000,578,1627,-1.0427,-2.5009,0.3000,0.901580,0.940455,asymmetric,12
115.800000,579,1628,-1.0427,-2.5009,0.3000,0.886951,0.937674,asymmetric,12
116.000000,580,1629,-1.0427,-2.5009,0.3000,0.883651,0.932133,asymmetric,12
116.200000,581,1630,-1.0427,-2.5009,0.3000,0.874651,0.925197,asymmetric,12
116.400000,582,1631,-1.0427,-2.5009,0.3000,0.875459,0.918818,asymmetric,12
116.600000,583,1632,-1.0427,-2.5009,0.3000,0.870036,0.912038,asymmetric,12
116.800000,584,1633,-1.0427,-2.5009,0.3000,0.877047,0.906422,asymmetric,12
117.000000,585,1634,-1.0427,-2.5009,0.3000,0.885396,0.900836,asymmetric,12
117.200000,586,1635,-1.0427,-2.5009,0.3000,0.894233,0.897184,asymmetric,12
117.400000,587,1636,-1.0427,-2.5009,0.3000,0.893116,0.895374,asymmetric,12
117.600000,588,1637,-1.0427,-2.5009,0.3000,0.895329,0.895199,asymmetric,12
117.800000,589,1638,-1.0427,-2.5009,0.3000,0.890758,0.894879,asymmetric,12
118.000000,590,1639,-1.0427,-2.5009,0.3000,0.880893,0.894948,asymmetric,12
118.200000,591,1640,-1.0427,-2.5009,0.3000,0.902590,0.894305,asymmetric,12
118.400000,592,1641,-1.0427,-2.5009,0.3000,0.894871,0.892246,asymmetric,12
118.600000,593,1642,-1.0427,-2.5009,0.3000,0.898741,0.893834,asymmetric,12
118.800000,594,1643,-1.0427,-2.5009,0.3000,0.911150,0.893993,asymmetric,12
119.000000,595,1644,-1.0427,-2.5009,0.3000,0.919104,0.894722,asymmetric,12
119.200000,596,1645,-1.0427,-2.5009,0.3000,0.912794,0.897244,asymmetric,12
119.400000,597,1646,-1.0427,-2.5009,0.3000,0.904818,0.900600,asymmetric,12
119.600000,598,1647,-1.0427,-2.5009,0.3000,0.901656,0.902472,asymmetric,12
119.800000,599,1648,-1.0427,-2.5009,0.3000,0.885550,0.902832,asymmetric,12
120.000000,600,1649,-1.0427,-2.5009,0.3000,0.872599,0.902652,asymmetric,12
120.200000,601,1650,-1.0427,-2.5009,0.3000,0.866879,0.900026,asymmetric,12
120.400000,602,1651,-1.0427,-2.5009,0.3000,0.876333,0.895816,asymmetric,12
120.600000,603,1652,-1.0427,-2.5009,0.3000,0.875642,0.891373,asymmetric,12
120.800000,604,1653,-1.0427,-2.5009,0.3000,0.872549,0.889064,asymmetric,12
121.000000,605,1654,-1.0427,-2.5009,0.3000,0.882455,0.887004,asymmetric,12
121.200000,606,1655,-1.0427,-2.5009,0.3000,0.880261,0.884785,asymmetric,12
121.400000,607,1656,-1.0427,-2.5009,0.3000,0.882145,0.884427,asymmetric,12
121.600000,608,1657,-1.0427,-2.5009,0.3000,0.875043,0.883788,asymmetric,12
121.800000,609,1658,-1.0427,-2.5009,0.3000,0.870329,0.883535,asymmetric,12
122.000000,610,1659,-1.0427,-2.5009,0.3000,0.856283,0.882232,asymmetric,12
122.200000,611,1660,-1.0427,-2.5009,0.3000,0.857958,0.880404,asymmetric,12
122.400000,612,1661,-1.0427,-2.5009,0.3000,0.863784,0.876701,asymmetric,12
122.600000,613,1662,-1.0427,-2.5009,0.3000,0.870235,0.873824,asymmetric,12
122.800000,614,1663,-1.0427,-2.5009,0.3000,0.867765,0.872282,asymmetric,12
123.000000,615,1664,-1.0427,-2.5009,0.3000,0.867633,0.871968,asymmetric,12
123.200000,616,1665,-1.3427,-2.5009,0.3000,0.999209,0.871323,asymmetric,12
123.400000,617,1666,-1.6427,-2.5009,0.3000,1.064197,0.870757,asymmetric,12
123.600000,618,1667,-1.9427,-2.5009,0.3000,1.060183,0.890476,asymmetric,12
123.800000,619,1668,-2.2427,-2.5009,0.3000,1.027662,0.917146,asymmetric,12
124.000000,620,1669,-2.5427,-2.5009,0.3000,0.972904,0.939104,asymmetric,12
124.200000,621,1670,-2.8427,-2.5009,0.3000,0.913665,0.952700,asymmetric,12
124.400000,622,1671,-3.1427,-2.5009,0.3000,0.872815,0.955801,asymmetric,12
124.600000,623,1672,-3.4427,-2.5009,0.3000,0.842676,0.949333,asymmetric,12
124.800000,624,1673,-3.7427,-2.5009,0.3000,0.832439,0.937586,asymmetric,12
125.000000,625,1674,-3.9549,-2.7130,0.3000,0.833438,0.923015,asymmetric,12
125.200000,626,1675,-4.0427,-2.8009,0.3000,0.834169,0.909110,asymmetric,12
125.400000,627,1676,-4.0427,-2.8009,0.3000,0.831321,0.897493,asymmetric,12
125.600000,628,1677,-4.0427,-2.8009,0.3000,0.836455,0.887772,asymmetric,12
125.800000,629,1678,-4.0427,-2.8009,0.3000,0.843171,0.879106,asymmetric,12
126.000000,630,1679,-4.0427,-2.8009,0.3000,0.849405,0.872558,asymmetric,12
126.200000,631,1680,-4.0427,-2.8009,0.3000,0.850129,0.868047,asymmetric,12
126.400000,632,1681,-4.0427,-2.8009,0.3000,0.848461,0.865185,asymmetric,12
126.600000,633,1682,-4.0427,-2.8009,0.3000,0.851798,0.862873,asymmetric,12
126.800000,634,1683,-4.0427,-2.8009,0.3000,0.863195,0.860661,asymmetric,12
127.000000,635,1684,-4.0427,-2.8009,0.3000,0.855461,0.859300,asymmetric,12
127.200000,636,1685,-4.0427,-2.8009,0.3000,0.853896,0.859898,asymmetric,12
127.400000,637,1686,-4.0427,-2.8009,0.3000,0.862229,0.859217,asymmetric,12
127.600000,638,1687,-4.0427,-2.8009,0.3000,0.875798,0.858400,asymmetric,12
127.800000,639,1688,-4.0427,-2.8009,0.3000,0.876465,0.858988,asymmetric,12
128.000000,640,1689,-4.0427,-2.8009,0.3000,0.880911,0.861569,asymmetric,12
128.200000,641,1690,-4.0427,-2.8009,0.3000,0.880150,0.863855,asymmetric,12
128.400000,642,1691,-4.0427,-2.8009,0.3000,0.886662,0.866474,asymmetric,12
128.600000,643,1692,-4.0427,-2.8009,0.3000,0.892446,0.868573,asymmetric,12
128.800000,644,1693,-4.0427,-2.8009,0.3000,0.896329,0.871350,asymmetric,12
129.000000,645,1694,-4.0427,-2.8009,0.3000,0.895358,0.874589,asymmetric,12
129.200000,646,1695,-4.0427,-2.8009,0.3000,0.894656,0.877927,asymmetric,12
129.400000,647,1696,-4.0427,-2.8009,0.3000,0.901050,0.880603,asymmetric,12
129.600000,648,1697,-4.0427,-2.8009,0.3000,0.899780,0.882760,asymmetric,12
129.800000,649,1698,-4.0427,-2.8009,0.3000,0.904233,0.885568,asymmetric,12
130.000000,650,1699,-4.0427,-2.8009,0.3000,0.900887,0.887750,asymmetric,12
130.200000,651,1700,-4.0427,-2.8009,0.3000,0.902816,0.890280,asymmetric,12
130.400000,652,1701,-4.0427,-2.8009,0.3000,0.903479,0.891908,asymmetric,12
130.600000,653,1702,-4.0427,-2.8009,0.3000,0.903651,0.893583,asymmetric,12
130.800000,654,1703,-4.0427,-2.8009,0.3000,0.908902,0.895102,asymmetric,12
131.000000,655,1704,-4.0427,-2.8009,0.3000,0.902607,0.896415,asymmetric,12
131.200000,656,1705,-4.0427,-2.8009,0.3000,0.899951,0.898332,asymmetric,12
131.400000,657,1706,-4.0427,-2.8009,0.3000,0.896784,0.898988,asymmetric,12
131.600000,658,1707,-4.0427,-2.8009,0.3000,0.892822,0.899136,asymmetric,12
131.800000,659,1708,-4.0427,-2.8009,0.3000,0.891291,0.898775,asymmetric,12
132.000000,660,1709,-4.0427,-2.8009,0.3000,0.888943,0.897861,asymmetric,12
132.200000,661,1710,-4.0427,-2.8009,0.3000,0.882849,0.896852,asymmetric,12
132.400000,662,1711,-4.0427,-2.8009,0.3000,0.883038,0.895638,asymmetric,12
132.600000,663,1712,-4.0427,-2.8009,0.3000,0.878724,0.893675,asymmetric,12
132.800000,664,1713,-4.0427,-2.8009,0.3000,0.882736,0.892042,asymmetric,12
133.000000,665,1714,-4.0427,-2.8009,0.3000,0.882114,0.889997,asymmetric,12
133.200000,666,1715,-4.0427,-2.8009,0.3000,0.881717,0.888883,asymmetric,12
133.400000,667,1716,-4.0427,-2.8009,0.3000,0.883012,0.887844,asymmetric,12
133.600000,668,1717,-4.0427,-2.8009,0.3000,0.883082,0.886903,asymmetric,12
133.800000,669,1718,-4.0427,-2.8009,0.3000,0.888764,0.886306,asymmetric,12
134.000000,670,1719,-4.0427,-2.8009,0.3000,0.893750,0.885811,asymmetric,12
134.200000,671,1720,-4.0427,-2.8009,0.3000,0.895080,0.886264,asymmetric,12
134.400000,672,1721,-4.0427,-2.8009,0.3000,0.900025,0.887413,asymmetric,12
134.600000,673,1722,-4.0427,-2.8009,0.3000,0.905323,0.888590,asymmetric,12
134.800000,674,1723,-4.0427,-2.8009,0.3000,0.905444,0.890346,asymmetric,12
135.000000,675,1724,-4.0427,-2.8009,0.3000,0.910439,0.892645,asymmetric,12
135.200000,676,1725,-4.0427,-2.8009,0.3000,0.904899,0.894610,asymmetric,12
135.400000,677,1726,-4.0427,-2.8009,0.3000,0.907354,0.897040,asymmetric,12
135.600000,678,1727,-4.0427,-2.8009,0.3000,0.909909,0.898247,asymmetric,12
135.800000,679,1728,-4.0427,-2.8009,0.3000,0.911934,0.899645,asymmetric,12
136.000000,680,1729,-4.0427,-2.8009,0.3000,0.913415,0.901220,asymmetric,12
136.200000,681,1730,-4.0427,-2.8009,0.3000,0.920073,0.902865,asymmetric,12
136.400000,682,1731,-4.0427,-2.8009,0.3000,0.918756,0.904485,asymmetric,12
136.600000,683,1732,-4.0427,-2.8009,0.3000,0.918967,0.906878,asymmetric,12
136.800000,684,1733,-4.0427,-2.8009,0.3000,0.919647,0.908701,asymmetric,12
137.000000,685,1734,-4.0427,-2.8009,0.3000,0.916970,0.910277,asymmetric,12
137.200000,686,1735,-4.0427,-2.8009,0.3000,0.910637,0.911716,asymmetric,12
137.400000,687,1736,-4.0427,-2.8009,0.3000,0.907428,0.912522,asymmetric,12
137.600000,688,1737,-4.0427,-2.8009,0.3000,0.905184,0.912233,asymmetric,12
137.800000,689,1738,-4.0427,-2.8009,0.3000,0.906391,0.911495,asymmetric,12
138.000000,690,1739,-4.0427,-2.8009,0.3000,0.901820,0.910526,asymmetric,12
138.200000,691,1740,-4.0427,-2.8009,0.3000,0.908485,0.909892,asymmetric,12
138.400000,692,1741,-4.0427,-2.8009,0.3000,0.906526,0.908653,asymmetric,12
138.600000,693,1742,-4.0427,-2.8009,0.3000,0.904137,0.908627,asymmetric,12
138.800000,694,1743,-4.0427,-2.8009,0.3000,0.910479,0.908304,asymmetric,12
139.000000,695,1744,-4.0427,-2.8009,0.3000,0.915098,0.907665,asymmetric,12
139.200000,696,1745,-4.0427,-2.8009,0.3000,0.912845,0.908097,asymmetric,12
139.400000,697,1746,-4.0427,-2.8009,0.3000,0.909823,0.909171,asymmetric,12
139.600000,698,1747,-4.0427,-2.8009,0.3000,0.915218,0.909735,asymmetric,12
139.800000,699,1748,-4.0427,-2.8009,0.3000,0.915560,0.909749,asymmetric,12
140.000000,700,1749,-4.0427,-2.8009,0.3000,0.917018,0.910589,asymmetric,12
140.200000,701,1750,-4.0427,-2.8009,0.3000,0.913215,0.911352,asymmetric,12
140.400000,702,1751,-4.0427,-2.8009,0.3000,0.913724,0.912222,asymmetric,12
140.600000,703,1752,-4.0427,-2.8009,0.3000,0.914742,0.912374,asymmetric,12
140.800000,704,1753,-4.0427,-2.8009,0.3000,0.912552,0.912581,asymmetric,12
141.000000,705,1754,-4.0427,-2.8009,0.3000,0.920155,0.912913,asymmetric,12
141.200000,706,1755,-4.0427,-2.8009,0.3000,0.917546,0.912857,asymmetric,12
141.400000,707,1756,-3.8306,-3.0130,0.3000,0.904735,0.913978,asymmetric,12
141.600000,708,1757,-3.6185,-3.2251,0.3000,0.890303,0.914526,asymmetric,12
141.800000,709,1758,-3.4427,-3.4009,0.3000,0.881831,0.913023,asymmetric,12
142.000000,710,1759,-3.4427,-3.4009,0.3000,0.879705,0.909535,asymmetric,12
142.200000,711,1760,-3.4427,-3.4009,0.3000,0.881800,0.905282,asymmetric,12
142.400000,712,1761,-3.4427,-3.4009,0.3000,0.888628,0.901355,asymmetric,12
142.600000,713,1762,-3.4427,-3.4009,0.3000,0.893287,0.898353,asymmetric,12
142.800000,714,1763,-3.4427,-3.4009,0.3000,0.902585,0.896860,asymmetric,12
143.000000,715,1764,-3.4427,-3.4009,0.3000,0.905893,0.896312,asymmetric,12
143.200000,716,1765,-3.4427,-3.4009,0.3000,0.904728,0.897275,asymmetric,12
143.400000,717,1766,-3.4427,-3.4009,0.3000,0.907348,0.898598,asymmetric,12
143.600000,718,1767,-3.4427,-3.4009,0.3000,0.913404,0.899539,asymmetric,12
143.800000,719,1768,-3.4427,-3.4009,0.3000,0.915368,0.900738,asymmetric,12
144.000000,720,1769,-3.4427,-3.4009,0.3000,0.920180,0.902682,asymmetric,12
144.200000,721,1770,-3.4427,-3.4009,0.3000,0.923972,0.904630,asymmetric,12
144.400000,722,1771,-3.4427,-3.4009,0.3000,0.929351,0.907017,asymmetric,12
144.600000,723,1772,-3.4427,-3.4009,0.3000,0.937843,0.909620,asymmetric,12
144.800000,724,1773,-3.4427,-3.4009,0.3000,0.939170,0.912649,asymmetric,12
145.000000,725,1774,-3.4427,-3.4009,0.3000,0.948836,0.916517,asymmetric,12
145.200000,726,1775,-3.4427,-3.4009,0.3000,0.958736,0.919994,asymmetric,12
145.400000,727,1776,-3.4427,-3.4009,0.3000,0.962031,0.924422,asymmetric,12
145.600000,728,1777,-3.4427,-3.4009,0.3000,0.971050,0.929690,asymmetric,12
145.800000,729,1778,-3.4427,-3.4009,0.3000,0.975899,0.934655,asymmetric,12
146.000000,730,1779,-3.4427,-3.4009,0.3000,0.980912,0.940242,asymmetric,12
146.200000,731,1780,-3.4427,-3.4009,0.3000,0.988317,0.945716,asymmetric,12
146.400000,732,1781,-3.4427,-3.4009,0.3000,0.990051,0.951119,asymmetric,12
146.600000,733,1782,-3.4427,-3.4009,0.3000,1.005635,0.956830,asymmetric,12
146.800000,734,1783,-3.4427,-3.4009,0.3000,0.998587,0.961930,asymmetric,12
147.000000,735,1784,-3.4427,-3.4009,0.3000,1.002841,0.968640,asymmetric,12
147.200000,736,1785,-3.4427,-3.4009,0.3000,1.000121,0.973237,asymmetric,12
147.400000,737,1786,-3.4427,-3.4009,0.3000,1.011643,0.977782,asymmetric,12
147.600000,738,1787,-3.4427,-3.4009,0.3000,1.006855,0.981211,asymmetric,12
147.800000,739,1788,-3.4427,-3.4009,0.3000,1.025716,0.985883,asymmetric,12
148.000000,740,1789,-3.4427,-3.4009,0.3000,1.027438,0.989103,asymmetric,12
148.200000,741,1790,-3.4427,-3.4009,0.3000,1.023499,0.994724,asymmetric,12
148.400000,742,1791,-3.4427,-3.4009,0.3000,1.025613,0.999746,asymmetric,12
148.600000,743,1792,-3.4427,-3.4009,0.3000,1.019626,1.003392,asymmetric,12
148.800000,744,1793,-3.4427,-3.4009,0.3000,1.021998,1.006804,asymmetric,12
149.000000,745,1794,-3.4427,-3.4009,0.3000,1.017724,1.008772,asymmetric,12
149.200000,746,1795,-3.4427,-3.4009,0.3000,1.017329,1.010803,asymmetric,12
149.400000,747,1796,-3.4427,-3.4009,0.3000,1.001499,1.011865,asymmetric,12
149.600000,748,1797,-3.4427,-3.4009,0.3000,0.995964,1.012704,asymmetric,12
149.800000,749,1798,-3.4427,-3.4009,0.3000,0.987421,1.010984,asymmetric,12
150.000000,750,1799,-3.4427,-3.4009,0.3000,0.972116,1.008678,asymmetric,12
150.200000,751,1800,-3.4427,-3.4009,0.3000,0.964076,1.005415,asymmetric,12
150.400000,752,1801,-3.4427,-3.4009,0.3000,0.975717,1.000303,asymmetric,12
150.600000,753,1802,-3.4427,-3.4009,0.3000,0.975295,0.994741,asymmetric,12
150.800000,754,1803,-3.4427,-3.4009,0.3000,0.979416,0.991821,asymmetric,12
151.000000,755,1804,-3.4427,-3.4009,0.3000,0.974361,0.989284,asymmetric,12
151.200000,756,1805,-3.4427,-3.4009,0.3000,0.975304,0.987769,asymmetric,12
151.400000,757,1806,-3.4427,-3.4009,0.3000,0.970861,0.985710,asymmetric,12
151.600000,758,1807,-3.4427,-3.4009,0.3000,0.966820,0.984113,asymmetric,12
151.800000,759,1808,-3.4427,-3.4009,0.3000,0.959332,0.982078,asymmetric,12
152.000000,760,1809,-3.4427,-3.4009,0.3000,0.959847,0.979736,asymmetric,12
152.200000,761,1810,-3.4427,-3.4009,0.3000,0.964048,0.976604,asymmetric,12
152.400000,762,1811,-3.4427,-3.4009,0.3000,0.953730,0.974031,asymmetric,12
152.600000,763,1812,-3.4427,-3.4009,0.3000,0.951321,0.972499,asymmetric,12
152.800000,764,1813,-3.4427,-3.4009,0.3000,0.952024,0.969617,asymmetric,12
153.000000,765,1814,-3.4427,-3.4009,0.3000,0.955932,0.966808,asymmetric,12
153.200000,766,1815,-3.4427,-3.4009,0.3000,0.957700,0.964539,asymmetric,12
153.400000,767,1816,-3.4427,-3.4009,0.3000,0.954721,0.963218,asymmetric,12
153.600000,768,1817,-3.4427,-3.4009,0.3000,0.953586,0.962371,asymmetric,12
153.800000,769,1818,-3.4427,-3.4009,0.3000,0.954048,0.961196,asymmetric,12
154.000000,770,1819,-3.4427,-3.4009,0.3000,0.961979,0.960028,asymmetric,12
154.200000,771,1820,-3.4427,-3.4009,0.3000,0.964272,0.959110,asymmetric,12
154.400000,772,1821,-3.4427,-3.4009,0.3000,0.972645,0.959550,asymmetric,12
154.600000,773,1822,-3.4427,-3.4009,0.3000,0.976995,0.960275,asymmetric,12
154.800000,774,1823,-3.4427,-3.4009,0.3000,0.987725,0.962174,asymmetric,12
155.000000,775,1824,-3.4427,-3.4009,0.3000,0.997308,0.964449,asymmetric,12
155.200000,776,1825,-3.4427,-3.4009,0.3000,1.008020,0.968023,asymmetric,12
155.400000,777,1826,-3.4427,-3.4009,0.3000,1.012790,0.972519,asymmetric,12
155.600000,778,1827,-3.4427,-3.4009,0.3000,1.020853,0.977969,asymmetric,12
155.800000,779,1828,-3.4427,-3.4009,0.3000,1.033923,0.983314,asymmetric,12
156.000000,780,1829,-3.4427,-3.4009,0.3000,1.037406,0.989077,asymmetric,12
156.200000,781,1830,-3.4427,-3.4009,0.3000,1.042482,0.995962,asymmetric,12
156.400000,782,1831,-3.4427,-3.4009,0.3000,1.044776,1.002324,asymmetric,12
156.600000,783,1832,-3.4427,-3.4009,0.3000,1.038232,1.008489,asymmetric,12
156.800000,784,1833,-3.4427,-3.4009,0.3000,1.044714,1.014060,asymmetric,12
157.000000,785,1834,-3.4427,-3.4009,0.3000,1.048869,1.017771,asymmetric,12
157.200000,786,1835,-3.4427,-3.4009,0.3000,1.048626,1.021907,asymmetric,12
157.400000,787,1836,-3.4427,-3.4009,0.3000,1.034743,1.026046,asymmetric,12
157.600000,788,1837,-3.4427,-3.4009,0.3000,1.013487,1.029513,asymmetric,12
157.800000,789,1838,-3.4427,-3.4009,0.3000,1.011099,1.030316,asymmetric,12
158.000000,790,1839,-3.7427,-3.4009,0.3000,1.015651,1.027732,asymmetric,12
158.200000,791,1840,-4.0427,-3.4009,0.3000,1.006613,1.025179,asymmetric,12
158.400000,792,1841,-4.0427,-3.4009,0.3000,1.016863,1.023716,asymmetric,12
158.600000,793,1842,-4.0427,-3.4009,0.3000,1.022106,1.021090,asymmetric,12
158.800000,794,1843,-4.0427,-3.4009,0.3000,1.033232,1.020441,asymmetric,12
159.000000,795,1844,-4.0427,-3.4009,0.3000,1.023404,1.020697,asymmetric,12
159.200000,796,1845,-4.0427,-3.4009,0.3000,1.021403,1.022621,asymmetric,12
159.400000,797,1846,-4.0427,-3.4009,0.3000,1.017047,1.022742,asymmetric,12
159.600000,798,1847,-4.0427,-3.4009,0.3000,1.011061,1.022536,asymmetric,12
159.800000,799,1848,-4.0427,-3.4009,0.3000,0.999277,1.021693,asymmetric,12
160.000000,800,1849,-4.0427,-3.4009,0.3000,0.992925,1.020061,asymmetric,12
160.200000,801,1850,-4.0427,-3.4009,0.3000,0.978799,1.016871,asymmetric,12
160.400000,802,1851,-4.0427,-3.4009,0.3000,0.970912,1.013194,asymmetric,12
160.600000,803,1852,-4.0427,-3.4009,0.3000,0.955401,1.007914,asymmetric,12
160.800000,804,1853,-4.0427,-3.4009,0.3000,0.948173,1.002234,asymmetric,12
161.000000,805,1854,-4.0427,-3.4009,0.3000,0.933072,0.995044,asymmetric,12
161.200000,806,1855,-4.0427,-3.4009,0.3000,0.923983,0.987848,asymmetric,12
161.400000,807,1856,-4.0427,-3.4009,0.3000,0.913378,0.979439,asymmetric,12
161.600000,808,1857,-4.0427,-3.4009,0.3000,0.905670,0.970926,asymmetric,12
161.800000,809,1858,-4.0427,-3.4009,0.3000,0.902047,0.962091,asymmetric,12
162.000000,810,1859,-4.0427,-3.4009,0.3000,0.895846,0.953429,asymmetric,12
162.200000,811,1860,-4.0427,-3.4009,0.3000,0.899595,0.945541,asymmetric,12
162.400000,812,1861,-4.0427,-3.4009,0.3000,0.904824,0.937912,asymmetric,12
162.600000,813,1862,-4.0427,-3.4009,0.3000,0.904437,0.932030,asymmetric,12
162.800000,814,1863,-4.0427,-3.4009,0.3000,0.906019,0.927853,asymmetric,12
163.000000,815,1864,-4.0427,-3.4009,0.3000,0.894095,0.924258,asymmetric,12
163.200000,816,1865,-4.0427,-3.4009,0.3000,0.893319,0.921458,asymmetric,12
163.400000,817,1866,-4.0427,-3.4009,0.3000,0.890152,0.917258,asymmetric,12
163.600000,818,1867,-4.0427,-3.4009,0.3000,0.886547,0.913582,asymmetric,12
163.800000,819,1868,-4.0427,-3.4009,0.3000,0.876482,0.909985,asymmetric,12
164.000000,820,1869,-4.0427,-3.4009,0.3000,0.873347,0.906387,asymmetric,12
164.200000,821,1870,-4.0427,-3.4009,0.3000,0.869011,0.901796,asymmetric,12
164.400000,822,1871,-4.0427,-3.4009,0.3000,0.863563,0.897429,asymmetric,12
164.600000,823,1872,-4.0427,-3.4009,0.3000,0.863695,0.893066,asymmetric,12
164.800000,824,1873,-4.0427,-3.4009,0.3000,0.857729,0.888537,asymmetric,12
165.000000,825,1874,-4.0427,-3.4009,0.3000,0.843943,0.884723,asymmetric,12
165.200000,826,1875,-4.0427,-3.4009,0.3000,0.833191,0.880579,asymmetric,12
165.400000,827,1876,-4.0427,-3.4009,0.3000,0.833369,0.874955,asymmetric,12
165.600000,828,1877,-4.0427,-3.4009,0.3000,0.829305,0.868543,asymmetric,12
165.800000,829,1878,-4.0427,-3.4009,0.3000,0.825739,0.863143,asymmetric,12
166.000000,830,1879,-4.0427,-3.4009,0.3000,0.815498,0.857949,asymmetric,12
166.200000,831,1880,-4.0427,-3.4009,0.3000,0.816393,0.853004,asymmetric,12
166.400000,832,1881,-4.0427,-3.4009,0.3000,0.813153,0.847246,asymmetric,12
166.600000,833,1882,-4.0427,-3.4009,0.3000,0.814529,0.842510,asymmetric,12
166.800000,834,1883,-4.0427,-3.4009,0.3000,0.810507,0.838003,asymmetric,12
167.000000,835,1884,-4.0427,-3.4009,0.3000,0.811394,0.834399,asymmetric,12
167.200000,836,1885,-4.0427,-3.4009,0.3000,0.812283,0.830731,asymmetric,12
167.400000,837,1886,-4.0427,-3.4009,0.3000,0.806967,0.827763,asymmetric,12
167.600000,838,1887,-4.0427,-3.4009,0.3000,0.801093,0.825386,asymmetric,12
167.800000,839,1888,-4.0427,-3.4009,0.3000,0.797564,0.822559,asymmetric,12
168.000000,840,1889,-4.0427,-3.4009,0.3000,0.798194,0.819263,asymmetric,12
168.200000,841,1890,-4.0427,-3.4009,0.3000,0.795357,0.815932,asymmetric,12
168.400000,842,1891,-4.0427,-3.4009,0.3000,0.798539,0.813209,asymmetric,12
168.600000,843,1892,-4.0427,-3.4009,0.3000,0.799100,0.810468,asymmetric,12
168.800000,844,1893,-4.0427,-3.4009,0.3000,0.797446,0.808637,asymmetric,12
169.000000,845,1894,-4.0427,-3.4009,0.3000,0.797920,0.807173,asymmetric,12
169.200000,846,1895,-4.0427,-3.4009,0.3000,0.802878,0.805679,asymmetric,12
169.400000,847,1896,-4.0427,-3.4009,0.3000,0.801858,0.804488,asymmetric,12
169.600000,848,1897,-4.0427,-3.4009,0.3000,0.800639,0.804241,asymmetric,12
169.800000,849,1898,-4.0427,-3.4009,0.3000,0.810579,0.803875,asymmetric,12
170.000000,850,1899,-4.0427,-3.4009,0.3000,0.810171,0.803378,asymmetric,12
170.200000,851,1900,-4.0427,-3.4009,0.3000,0.808446,0.804484,asymmetric,12
170.400000,852,1901,-4.0427,-3.4009,0.3000,0.814333,0.805357,asymmetric,12
170.600000,853,1902,-4.0427,-3.4009,0.3000,0.820459,0.805831,asymmetric,12
170.800000,854,1903,-4.0427,-3.4009,0.3000,0.826930,0.807136,asymmetric,12
171.000000,855,1904,-4.0427,-3.4009,0.3000,0.819579,0.809182,asymmetric,12
171.200000,856,1905,-4.0427,-3.4009,0.3000,0.813672,0.811906,asymmetric,12
171.400000,857,1906,-4.0427,-3.4009,0.3000,0.821117,0.813084,asymmetric,12
171.600000,858,1907,-4.0427,-3.4009,0.3000,0.823396,0.813174,asymmetric,12
171.800000,859,1908,-4.0427,-3.4009,0.3000,0.823213,0.814394,asymmetric,12
172.000000,860,1909,-4.0427,-3.4009,0.3000,0.822769,0.815776,asymmetric,12
172.200000,861,1910,-4.0427,-3.4009,0.3000,0.826847,0.816917,asymmetric,12
172.400000,862,1911,-4.0427,-3.4009,0.3000,0.820519,0.817816,asymmetric,12
172.600000,863,1912,-4.0427,-3.4009,0.3000,0.811236,0.819202,asymmetric,12
172.800000,864,1913,-4.0427,-3.4009,0.3000,0.804753,0.819404,asymmetric,12
173.000000,865,1914,-4.0427,-3.4009,0.3000,0.805372,0.818150,asymmetric,12
173.200000,866,1915,-4.0427,-3.4009,0.3000,0.801743,0.816094,asymmetric,12
173.400000,867,1916,-4.0427,-3.4009,0.3000,0.810615,0.814448,asymmetric,12
173.600000,868,1917,-4.0427,-3.4009,0.3000,0.807556,0.812497,asymmetric,12
173.800000,869,1918,-4.0427,-3.4009,0.3000,0.813840,0.812208,asymmetric,12
174.000000,870,1919,-4.0427,-3.4009,0.3000,0.810673,0.811494,asymmetric,12
174.200000,871,1920,-4.0427,-3.4009,0.3000,0.812580,0.811854,asymmetric,12
174.400000,872,1921,-4.0427,-3.4009,0.3000,0.819530,0.811673,asymmetric,12
174.600000,873,1922,-4.0427,-3.4009,0.3000,0.828175,0.811812,asymmetric,12
174.800000,874,1923,-4.0427,-3.4009,0.3000,0.837585,0.812997,asymmetric,12
175.000000,875,1924,-4.0427,-3.1009,0.3000,0.862775,0.815327,asymmetric,12
175.200000,876,1925,-4.0427,-2.8009,0.3000,0.884099,0.818744,asymmetric,12
175.400000,877,1926,-4.0427,-2.5009,0.3000,0.904268,0.825504,asymmetric,12
175.600000,878,1927,-4.0427,-2.2009,0.3000,0.916435,0.834499,asymmetric,12
175.800000,879,1928,-4.0427,-1.9009,0.3000,0.938805,0.845210,asymmetric,12
176.000000,880,1929,-3.8306,-1.6887,0.3000,0.952259,0.856144,asymmetric,12
176.200000,881,1930,-3.6185,-1.4766,0.3000,0.955022,0.868834,asymmetric,12
176.400000,882,1931,-3.4063,-1.2645,0.3000,0.926353,0.881642,asymmetric,12
176.600000,883,1932,-3.1942,-1.0524,0.3000,0.880229,0.892907,asymmetric,12
176.800000,884,1933,-3.1427,-1.0009,0.3000,0.869875,0.898041,asymmetric,12
177.000000,885,1934,-3.1427,-1.0009,0.3000,0.865517,0.895307,asymmetric,12
177.200000,886,1935,-3.1427,-1.0009,0.3000,0.867072,0.891403,asymmetric,12
177.400000,887,1936,-3.1427,-1.0009,0.3000,0.862229,0.887429,asymmetric,12
177.600000,888,1937,-3.1427,-1.0009,0.3000,0.864307,0.884304,asymmetric,12
177.800000,889,1938,-3.1427,-1.0009,0.3000,0.868135,0.880915,asymmetric,12
178.000000,890,1939,-3.1427,-1.0009,0.3000,0.869112,0.878365,asymmetric,12
178.200000,891,1940,-3.1427,-1.0009,0.3000,0.862583,0.876795,asymmetric,12
178.400000,892,1941,-3.1427,-1.0009,0.3000,0.855051,0.875615,asymmetric,12
178.600000,893,1942,-3.1427,-1.0009,0.3000,0.853453,0.873615,asymmetric,12
178.800000,894,1943,-3.1427,-1.0009,0.3000,0.856348,0.870765,asymmetric,12
179.000000,895,1944,-3.1427,-1.0009,0.3000,0.859124,0.868107,asymmetric,12
179.200000,896,1945,-3.1427,-1.0009,0.3000,0.863060,0.866302,asymmetric,12
179.400000,897,1946,-3.1427,-1.0009,0.3000,0.864924,0.865200,asymmetric,12
179.600000,898,1947,-3.1427,-1.0009,0.3000,0.866703,0.864871,asymmetric,12
179.800000,899,1948,-3.1427,-1.0009,0.3000,0.860419,0.864879,asymmetric,12
180.000000,900,1949,-3.1427,-1.0009,0.3000,0.863682,0.865159,asymmetric,12
180.200000,901,1950,-3.1427,-1.0009,0.3000,0.861600,0.864432,asymmetric,12
180.400000,902,1951,-3.1427,-1.0009,0.3000,0.863413,0.864317,asymmetric,12
180.600000,903,1952,-3.1427,-1.0009,0.3000,0.862721,0.863900,asymmetric,12
180.800000,904,1953,-3.1427,-1.0009,0.3000,0.862903,0.863825,asymmetric,12
181.000000,905,1954,-3.1427,-1.0009,0.3000,0.864729,0.863655,asymmetric,12
181.200000,906,1955,-3.1427,-1.0009,0.3000,0.867583,0.863540,asymmetric,12
181.400000,907,1956,-3.1427,-1.0009,0.3000,0.874790,0.863722,asymmetric,12
181.600000,908,1957,-3.1427,-1.0009,0.3000,0.883535,0.864315,asymmetric,12
181.800000,909,1958,-3.1427,-1.0009,0.3000,0.887269,0.865923,asymmetric,12
182.000000,910,1959,-3.1427,-1.0009,0.3000,0.888272,0.868627,asymmetric,12
182.200000,911,1960,-3.1427,-1.0009,0.3000,0.884288,0.871489,asymmetric,12
182.400000,912,1961,-3.1427,-1.0009,0.3000,0.875666,0.874065,asymmetric,12
182.600000,913,1962,-3.1427,-1.0009,0.3000,0.868292,0.875635,asymmetric,12
182.800000,914,1963,-3.1427,-1.0009,0.3000,0.871872,0.875639,asymmetric,12
183.000000,915,1964,-3.1427,-1.0009,0.3000,0.873088,0.874511,asymmetric,12
183.200000,916,1965,-3.1427,-1.0009,0.3000,0.877294,0.874106,asymmetric,12
183.400000,917,1966,-3.1427,-1.0009,0.3000,0.876959,0.873950,asymmetric,12
183.600000,918,1967,-3.1427,-1.0009,0.3000,0.865445,0.874463,asymmetric,12
183.800000,919,1968,-3.1427,-1.0009,0.3000,0.869838,0.874847,asymmetric,12
184.000000,920,1969,-3.1427,-1.0009,0.3000,0.873672,0.873403,asymmetric,12
184.200000,921,1970,-3.1427,-1.0009,0.3000,0.871274,0.872856,asymmetric,12
184.400000,922,1971,-3.1427,-1.0009,0.3000,0.872167,0.872981,asymmetric,12
184.600000,923,1972,-3.1427,-1.0009,0.3000,0.866855,0.872719,asymmetric,12
184.800000,924,1973,-3.1427,-1.0009,0.3000,0.865615,0.872634,asymmetric,12
185.000000,925,1974,-3.1427,-1.0009,0.3000,0.865843,0.871747,asymmetric,12
185.200000,926,1975,-3.1427,-1.0009,0.3000,0.861622,0.870806,asymmetric,12
185.400000,927,1976,-3.1427,-1.0009,0.3000,0.864164,0.870044,asymmetric,12
185.600000,928,1977,-3.1427,-1.0009,0.3000,0.858379,0.868751,asymmetric,12
185.800000,929,1978,-3.1427,-1.0009,0.3000,0.857817,0.868047,asymmetric,12
186.000000,930,1979,-3.1427,-1.0009,0.3000,0.844784,0.866563,asymmetric,12
186.200000,931,1980,-3.1427,-1.0009,0.3000,0.836463,0.865220,asymmetric,12
186.400000,932,1981,-3.1427,-1.0009,0.3000,0.839274,0.862083,asymmetric,12
186.600000,933,1982,-3.1427,-1.0009,0.3000,0.828476,0.858150,asymmetric,12
186.800000,934,1983,-3.1427,-1.0009,0.3000,0.824908,0.855252,asymmetric,12
187.000000,935,1984,-3.1427,-1.0009,0.3000,0.818855,0.851141,asymmetric,12
187.200000,936,1985,-3.1427,-1.0009,0.3000,0.815782,0.847114,asymmetric,12
187.400000,937,1986,-3.1427,-1.0009,0.3000,0.810832,0.842776,asymmetric,12
187.600000,938,1987,-3.1427,-1.0009,0.3000,0.804678,0.838632,asymmetric,12
187.800000,939,1988,-3.1427,-1.0009,0.3000,0.799450,0.834364,asymmetric,12
188.000000,940,1989,-3.1427,-1.0009,0.3000,0.797327,0.829807,asymmetric,12
188.200000,941,1990,-3.1427,-1.0009,0.3000,0.792062,0.825146,asymmetric,12
188.400000,942,1991,-3.1427,-1.0009,0.3000,0.794743,0.820875,asymmetric,12
188.600000,943,1992,-3.1427,-1.0009,0.3000,0.793369,0.816452,asymmetric,12
188.800000,944,1993,-3.1427,-1.0009,0.3000,0.789379,0.813119,asymmetric,12
189.000000,945,1994,-3.1427,-1.0009,0.3000,0.790549,0.810087,asymmetric,12
189.200000,946,1995,-3.1427,-1.0009,0.3000,0.781150,0.806908,asymmetric,12
189.400000,947,1996,-3.1427,-1.0009,0.3000,0.779666,0.804397,asymmetric,12
189.600000,948,1997,-3.1427,-1.0009,0.3000,0.769442,0.800828,asymmetric,12
189.800000,949,0,-3.1427,-1.0009,0.3000,0.000000,0.797579,asymmetric,12
190.000000,950,1,-3.1427,-1.0009,0.3000,0.000000,0.793260,asymmetric,12
190.200000,951,2,-3.1427,-1.0009,0.3000,0.000000,0.671480,asymmetric,12
190.400000,952,3,-3.1427,-1.0009,0.3000,0.000000,0.568395,asymmetric,12
190.600000,953,4,-3.1427,-1.0009,0.3000,0.000000,0.481136,asymmetric,12
190.800000,954,5,-3.1427,-1.0009,0.3000,0.000000,0.407273,asymmetric,12
191.000000,955,6,-3.1427,-1.0009,0.3000,0.000000,0.344749,asymmetric,12
191.200000,956,7,-3.1427,-1.0009,0.3000,0.000000,0.291824,asymmetric,12
191.400000,957,8,-3.1427,-1.0009,0.3000,0.000000,0.247024,asymmetric,12
191.600000,958,9,-3.1427,-1.0009,0.3000,0.000000,0.209101,asymmetric,12
191.800000,959,10,-3.1427,-1.0009,0.3000,0.000000,0.177000,asymmetric,12
192.000000,960,11,-3.1427,-1.0009,0.3000,0.000000,0.149827,asymmetric,12
192.200000,961,12,-3.1427,-1.0009,0.3000,0.000000,0.126826,asymmetric,12
192.400000,962,13,-3.1427,-1.0009,0.3000,0.000000,0.107356,asymmetric,12
192.600000,963,14,-3.1427,-1.0009,0.3000,0.000000,0.090875,asymmetric,12
192.800000,964,15,-3.1427,-1.0009,0.3000,0.000000,0.076924,asymmetric,12
193.000000,965,16,-3.1427,-1.3009,0.3000,0.000000,0.065115,asymmetric,12
193.200000,966,17,-3.1427,-1.6009,0.3000,0.000000,0.055118,asymmetric,12
193.400000,967,18,-3.1427,-1.6009,0.3000,0.000000,0.046657,asymmetric,12
193.600000,968,19,-3.1427,-1.6009,0.3000,0.000000,0.039494,asymmetric,12
193.800000,969,20,-3.1427,-1.6009,0.3000,0.000000,0.033431,asymmetric,12
194.000000,970,21,-3.1427,-1.6009,0.3000,0.000000,0.028299,asymmetric,12
194.200000,971,22,-3.1427,-1.6009,0.3000,0.000000,0.023954,asymmetric,12
194.400000,972,23,-3.1427,-1.6009,0.3000,0.000000,0.020277,asymmetric,12
194.600000,973,24,-3.1427,-1.6009,0.3000,0.000000,0.017164,asymmetric,12
194.800000,974,25,-3.1427,-1.6009,0.3000,0.000000,0.014529,asymmetric,12
195.000000,975,26,-3.1427,-1.6009,0.3000,0.000000,0.012299,asymmetric,12
195.200000,976,27,-3.1427,-1.6009,0.3000,0.000000,0.010411,asymmetric,12
195.400000,977,28,-3.1427,-1.6009,0.3000,0.000000,0.008812,asymmetric,12
195.600000,978,29,-3.1427,-1.6009,0.3000,0.000000,0.007459,asymmetric,12
195.800000,979,30,-3.1427,-1.6009,0.3000,0.000000,0.006314,asymmetric,12
196.000000,980,31,-3.1427,-1.6009,0.3000,0.000000,0.005345,asymmetric,12
196.200000,981,32,-3.1427,-1.6009,0.3000,0.000000,0.004524,asymmetric,12
196.400000,982,33,-3.1427,-1.6009,0.3000,0.000000,0.003830,asymmetric,12
196.600000,983,34,-3.1427,-1.6009,0.3000,0.000000,0.003242,asymmetric,12
196.800000,984,35,-3.1427,-1.6009,0.3000,0.000000,0.002744,asymmetric,12
197.000000,985,36,-3.1427,-1.6009,0.3000,0.000000,0.002323,asymmetric,12
197.200000,986,37,-3.1427,-1.6009,0.3000,0.000000,0.001966,asymmetric,12
197.400000,987,38,-3.1427,-1.6009,0.3000,0.000000,0.001664,asymmetric,12
197.600000,988,39,-3.1427,-1.6009,0.3000,0.000000,0.001409,asymmetric,12
197.800000,989,40,-3.1427,-1.6009,0.3000,0.000000,0.001193,asymmetric,12
198.000000,990,41,-3.1427,-1.6009,0.3000,0.000000,0.001010,asymmetric,12
198.200000,991,42,-3.1427,-1.6009,0.3000,0.000000,0.000855,asymmetric,12
198.400000,992,43,-3.1427,-1.6009,0.3000,0.000000,0.000723,asymmetric,12
198.600000,993,44,-3.1427,-1.6009,0.3000,0.000000,0.000612,asymmetric,12
198.800000,994,45,-3.1427,-1.6009,0.3000,0.000000,0.000518,asymmetric,12
199.000000,995,46,-3.1427,-1.6009,0.3000,0.000000,0.000439,asymmetric,12
199.200000,996,47,-3.1427,-1.6009,0.3000,0.000000,0.000371,asymmetric,12
199.400000,997,48,-3.1427,-1.6009,0.3000,0.000000,0.000314,asymmetric,12
199.600000,998,49,-3.1427,-1.6009,0.3000,0.000000,0.000266,asymmetric,12
199.800000,999,50,-3.1427,-1.6009,0.3000,0.000000,0.000225,asymmetric,12
200.000000,1000,51,-3.1427,-1.6009,0.3000,0.000000,0.000191,asymmetric,12
200.200000,1001,52,-3.1427,-1.6009,0.3000,0.000000,0.000161,asymmetric,12
200.400000,1002,53,-3.1427,-1.6009,0.3000,0.000000,0.000137,asymmetric,12
200.600000,1003,54,-3.1427,-1.6009,0.3000,0.000000,0.000116,asymmetric,12
200.800000,1004,55,-3.1427,-1.6009,0.3000,0.000000,0.000098,asymmetric,12
201.000000,1005,56,-3.1427,-1.6009,0.3000,0.000000,0.000083,asymmetric,12
201.200000,1006,57,-3.1427,-1.6009,0.3000,0.000000,0.000070,asymmetric,12
201.400000,1007,58,-3.1427,-1.6009,0.3000,0.000000,0.000059,asymmetric,12
201.600000,1008,59,-3.1427,-1.6009,0.3000,0.000000,0.000050,asymmetric,12
201.800000,1009,60,-3.1427,-1.6009,0.3000,0.000000,0.000043,asymmetric,12
202.000000,1010,61,-3.1427,-1.6009,0.3000,0.000000,0.000036,asymmetric,12
202.200000,1011,62,-3.1427,-1.6009,0.3000,0.000000,0.000030,asymmetric,12
202.400000,1012,63,-3.1427,-1.6009,0.3000,0.000000,0.000026,asymmetric,12
202.600000,1013,64,-3.1427,-1.6009,0.3000,0.000000,0.000022,asymmetric,12
202.800000,1014,65,-3.1427,-1.6009,0.3000,0.000000,0.000018,asymmetric,12
203.000000,1015,66,-3.1427,-1.6009,0.3000,0.000000,0.000016,asymmetric,12
203.200000,1016,67,-3.1427,-1.6009,0.3000,0.000000,0.000013,asymmetric,12
203.400000,1017,68,-3.1427,-1.6009,0.3000,0.000000,0.000011,asymmetric,12
203.600000,1018,69,-3.1427,-1.6009,0.3000,0.000000,0.000009,asymmetric,12
203.800000,1019,70,-3.1427,-1.6009,0.3000,0.000000,0.000008,asymmetric,12
204.000000,1020,71,-3.1427,-1.6009,0.3000,0.000000,0.000007,asymmetric,12
204.200000,1021,72,-3.1427,-1.6009,0.3000,0.000000,0.000006,asymmetric,12
204.400000,1022,73,-3.1427,-1.6009,0.3000,0.000000,0.000005,asymmetric,12
204.600000,1023,74,-3.1427,-1.6009,0.3000,0.000000,0.000004,asymmetric,12
204.800000,1024,75,-3.1427,-1.6009,0.3000,0.000000,0.000003,asymmetric,12
205.000000,1025,76,-3.1427,-1.6009,0.3000,0.000000,0.000003,asymmetric,12
205.200000,1026,77,-3.1427,-1.6009,0.3000,0.000000,0.000003,asymmetric,12
205.400000,1027,78,-3.1427,-1.6009,0.3000,0.000000,0.000002,asymmetric,12
205.600000,1028,79,-3.1427,-1.6009,0.3000,0.000000,0.000002,asymmetric,12
205.800000,1029,80,-3.1427,-1.6009,0.3000,0.000000,0.000002,asymmetric,12
206.000000,1030,81,-3.1427,-1.6009,0.3000,0.000000,0.000001,asymmetric,12
206.200000,1031,82,-3.1427,-1.6009,0.3000,0.000000,0.000001,asymmetric,12
206.400000,1032,83,-3.1427,-1.6009,0.3000,0.000000,0.000001,asymmetric,12
206.600000,1033,84,-3.1427,-1.6009,0.3000,0.000000,0.000001,asymmetric,12
206.800000,1034,85,-3.1427,-1.6009,0.3000,0.000000,0.000001,asymmetric,12
207.000000,1035,86,-3.1427,-1.6009,0.3000,0.000000,0.000001,asymmetric,12
207.200000,1036,87,-3.1427,-1.6009,0.3000,0.000000,0.000000,asymmetric,12
207.400000,1037,88,-3.1427,-1.6009,0.3000,0.000000,0.000000,asymmetric,12
207.600000,1038,89,-3.1427,-1.6009,0.3000,0.000000,0.000000,asymmetric,12
207.800000,1039,90,-3.1427,-1.6009,0.3000,0.000000,0.000000,asymmetric,12
208.000000,1040,91,-3.1427,-1.6009,0.3000,0.000000,0.000000,asymmetric,12
208.200000,1041,92,-3.1427,-1.6009,0.3000,0.000000,0.000000,asymmetric,12
208.400000,1042,93,-3.1427,-1.6009,0.3000,0.000000,0.000000,asymmetric,12
208.600000,1043,94,-3.1427,-1.6009,0.3000,0.000000,0.000000,asymmetric,12
208.800000,1044,95,-3.1427,-1.6009,0.3000,0.000000,0.000000,asymmetric,12
209.000000,1045,96,-3.1427,-1.6009,0.3000,0.000000,0.000000,asymmetric,12
209.200000,1046,97,-3.1427,-1.6009,0.3000,0.000000,0.000000,asymmetric,12
209.400000,1047,98,-3.1427,-1.6009,0.3000,0.000000,0.000000,asymmetric,12
209.600000,1048,99,-2.8427,-1.6009,0.3000,0.000000,0.000000,asymmetric,12
209.800000,1049,100,-2.6306,-1.3887,0.3000,0.000000,0.000000,asymmetric,12
210.000000,1050,101,-2.4185,-1.1766,0.3000,0.000000,0.000000,asymmetric,12
210.200000,1051,102,-2.2427,-1.0009,0.3000,0.000000,0.000000,asymmetric,12
210.400000,1052,103,-2.2427,-1.0009,0.3000,0.000000,0.000000,asymmetric,12
210.600000,1053,104,-2.2427,-1.0009,0.3000,0.000000,0.000000,asymmetric,12
210.800000,1054,105,-2.2427,-1.0009,0.3000,0.000000,0.000000,asymmetric,12
211.000000,1055,106,-2.2427,-1.0009,0.3000,0.000000,0.000000,asymmetric,12
211.200000,1056,107,-2.2427,-1.0009,0.3000,0.000000,0.000000,asymmetric,12
211.400000,1057,108,-2.2427,-1.0009,0.3000,0.000000,0.000000,asymmetric,12
211.600000,1058,109,-2.2427,-1.0009,0.3000,0.000000,0.000000,asymmetric,12
211.800000,1059,110,-2.2427,-1.0009,0.3000,0.000000,0.000000,asymmetric,12
212.000000,1060,111,-2.2427,-1.0009,0.3000,0.000000,0.000000,asymmetric,12
212.200000,1061,112,-2.2427,-1.0009,0.3000,0.000000,0.000000,asymmetric,12
212.400000,1062,113,-2.2427,-1.0009,0.3000,0.000000,0.000000,asymmetric,12
212.600000,1063,114,-2.2427,-1.0009,0.3000,0.000000,0.000000,asymmetric,12
212.800000,1064,115,-2.2427,-1.0009,0.3000,0.000000,0.000000,asymmetric,12
213.000000,1065,116,-2.2427,-1.0009,0.3000,0.000000,0.000000,asymmetric,12
213.200000,1066,117,-2.2427,-1.0009,0.3000,0.000000,0.000000,asymmetric,12
213.400000,1067,118,-2.2427,-1.0009,0.3000,0.000000,0.000000,asymmetric,12
213.600000,1068,119,-2.2427,-1.0009,0.3000,0.000000,0.000000,asymmetric,12
213.800000,1069,120,-2.2427,-1.0009,0.3000,0.000000,0.000000,asymmetric,12
214.000000,1070,121,-2.2427,-1.0009,0.3000,0.000000,0.000000,asymmetric,12
214.200000,1071,122,-2.2427,-1.0009,0.3000,0.000000,0.000000,asymmetric,12
214.400000,1072,123,-2.2427,-1.0009,0.3000,0.000000,0.000000,asymmetric,12
214.600000,1073,124,-2.2427,-1.0009,0.3000,0.000000,0.000000,asymmetric,12
214.800000,1074,125,-2.2427,-1.0009,0.3000,0.000000,0.000000,asymmetric,12
215.000000,1075,126,-2.2427,-1.0009,0.3000,0.000000,0.000000,asymmetric,12
215.200000,1076,127,-2.2427,-1.0009,0.3000,0.000000,0.000000,asymmetric,12
215.400000,1077,128,-2.2427,-1.0009,0.3000,0.000000,0.000000,asymmetric,12
215.600000,1078,129,-2.2427,-1.0009,0.3000,0.000000,0.000000,asymmetric,12
215.800000,1079,130,-2.2427,-1.0009,0.3000,0.000000,0.000000,asymmetric,12
216.000000,1080,131,-2.2427,-1.0009,0.3000,0.000000,0.000000,asymmetric,12
216.200000,1081,132,-2.2427,-1.0009,0.3000,0.000000,0.000000,asymmetric,12
216.400000,1082,133,-2.2427,-1.0009,0.3000,0.000000,0.000000,asymmetric,12
216.600000,1083,134,-2.2427,-1.0009,0.3000,0.000000,0.000000,asymmetric,12
216.800000,1084,135,-2.2427,-1.0009,0.3000,0.000000,0.000000,asymmetric,12
217.000000,1085,136,-2.2427,-1.0009,0.3000,0.000000,0.000000,asymmetric,12
217.200000,1086,137,-2.2427,-1.0009,0.3000,0.000000,0.000000,asymmetric,12
217.400000,1087,138,-2.2427,-1.0009,0.3000,0.000000,0.000000,asymmetric,12
217.600000,1088,139,-2.2427,-1.0009,0.3000,0.000000,0.000000,asymmetric,12
217.800000,1089,140,-2.2427,-1.0009,0.3000,0.000000,0.000000,asymmetric,12
218.000000,1090,141,-2.2427,-1.0009,0.3000,0.000000,0.000000,asymmetric,12
218.200000,1091,142,-2.2427,-1.0009,0.3000,0.000000,0.000000,asymmetric,12
218.400000,1092,143,-2.2427,-1.0009,0.3000,0.000000,0.000000,asymmetric,12
218.600000,1093,144,-2.2427,-1.0009,0.3000,0.000000,0.000000,asymmetric,12
218.800000,1094,145,-2.2427,-1.0009,0.3000,0.000000,0.000000,asymmetric,12
219.000000,1095,146,-2.2427,-1.0009,0.3000,0.000000,0.000000,asymmetric,12
219.200000,1096,147,-2.2427,-1.0009,0.3000,0.000000,0.000000,asymmetric,12
219.400000,1097,148,-2.2427,-1.0009,0.3000,0.000000,0.000000,asymmetric,12
219.600000,1098,149,-2.2427,-1.0009,0.3000,0.000000,0.000000,asymmetric,12
219.800000,1099,150,-2.2427,-1.0009,0.3000,0.000000,0.000000,asymmetric,12
220.000000,1100,151,-2.2427,-1.0009,0.3000,0.000000,0.000000,asymmetric,12
220.200000,1101,152,-2.2427,-1.0009,0.3000,0.000000,0.000000,asymmetric,12
220.400000,1102,153,-2.2427,-1.0009,0.3000,0.000000,0.000000,asymmetric,12
220.600000,1103,154,-2.2427,-1.0009,0.3000,0.000000,0.000000,asymmetric,12
220.800000,1104,155,-2.2427,-1.0009,0.3000,0.000000,0.000000,asymmetric,12
221.000000,1105,156,-2.2427,-1.0009,0.3000,0.000000,0.000000,asymmetric,12
221.200000,1106,157,-2.2427,-1.0009,0.3000,0.000000,0.000000,asymmetric,12
221.400000,1107,158,-2.2427,-1.0009,0.3000,0.000000,0.000000,asymmetric,12
221.600000,1108,159,-2.2427,-1.0009,0.3000,0.000000,0.000000,asymmetric,12
221.800000,1109,160,-2.2427,-1.0009,0.3000,0.000000,0.000000,asymmetric,12
222.000000,1110,161,-2.2427,-1.0009,0.3000,0.000000,0.000000,asymmetric,12
222.200000,1111,162,-2.2427,-1.0009,0.3000,0.000000,0.000000,asymmetric,12
222.400000,1112,163,-2.2427,-1.0009,0.3000,0.000000,0.000000,asymmetric,12
222.600000,1113,164,-2.2427,-1.0009,0.3000,0.000000,0.000000,asymmetric,12
222.800000,1114,165,-2.2427,-1.0009,0.3000,0.000000,0.000000,asymmetric,12
223.000000,1115,166,-2.2427,-1.0009,0.3000,0.000000,0.000000,asymmetric,12
223.200000,1116,167,-2.2427,-1.0009,0.3000,0.000000,0.000000,asymmetric,12
223.400000,1117,168,-2.2427,-1.0009,0.3000,0.000000,0.000000,asymmetric,12
223.600000,1118,169,-2.2427,-1.0009,0.3000,0.000000,0.000000,asymmetric,12
223.800000,1119,170,-2.2427,-1.0009,0.3000,0.000000,0.000000,asymmetric,12
224.000000,1120,171,-2.2427,-1.0009,0.3000,0.000000,0.000000,asymmetric,12
224.200000,1121,172,-2.2427,-1.0009,0.3000,0.000000,0.000000,asymmetric,12
224.400000,1122,173,-2.2427,-1.0009,0.3000,0.000000,0.000000,asymmetric,12
224.600000,1123,174,-2.2427,-1.0009,0.3000,0.000000,0.000000,asymmetric,12
224.800000,1124,175,-2.2427,-1.0009,0.3000,0.000000,0.000000,asymmetric,12
225.000000,1125,176,-2.2427,-1.0009,0.3000,0.000000,0.000000,asymmetric,12
225.200000,1126,177,-2.2427,-1.0009,0.3000,0.000000,0.000000,asymmetric,12
225.400000,1127,178,-2.2427,-1.0009,0.3000,0.000000,0.000000,asymmetric,12
225.600000,1128,179,-2.2427,-1.0009,0.3000,0.000000,0.000000,asymmetric,12
225.800000,1129,180,-2.2427,-1.0009,0.3000,0.000000,0.000000,asymmetric,12
226.000000,1130,181,-2.2427,-1.0009,0.3000,0.000000,0.000000,asymmetric,12
226.200000,1131,182,-2.2427,-1.0009,0.3000,0.000000,0.000000,asymmetric,12
226.400000,1132,183,-2.2427,-1.0009,0.3000,0.000000,0.000000,asymmetric,12
226.600000,1133,184,-2.2427,-1.3009,0.3000,0.000000,0.000000,asymmetric,12
226.800000,1134,185,-2.0306,-1.5130,0.3000,0.000000,0.000000,asymmetric,12
227.000000,1135,186,-1.9427,-1.6009,0.3000,0.000000,0.000000,asymmetric,12
227.200000,1136,187,-1.9427,-1.6009,0.3000,0.000000,0.000000,asymmetric,12
227.400000,1137,188,-1.9427,-1.6009,0.3000,0.000000,0.000000,asymmetric,12
227.600000,1138,189,-1.9427,-1.6009,0.3000,0.000000,0.000000,asymmetric,12
227.800000,1139,190,-1.9427,-1.6009,0.3000,0.000000,0.000000,asymmetric,12
228.000000,1140,191,-1.9427,-1.6009,0.3000,0.000000,0.000000,asymmetric,12
228.200000,1141,192,-1.9427,-1.6009,0.3000,0.000000,0.000000,asymmetric,12
228.400000,1142,193,-1.9427,-1.6009,0.3000,0.000000,0.000000,asymmetric,12
228.600000,1143,194,-1.9427,-1.6009,0.3000,0.000000,0.000000,asymmetric,12
228.800000,1144,195,-1.9427,-1.6009,0.3000,0.000000,0.000000,asymmetric,12
229.000000,1145,196,-1.9427,-1.6009,0.3000,0.000000,0.000000,asymmetric,12
229.200000,1146,197,-1.9427,-1.6009,0.3000,0.000000,0.000000,asymmetric,12
229.400000,1147,198,-1.9427,-1.6009,0.3000,0.000000,0.000000,asymmetric,12
229.600000,1148,199,-1.9427,-1.6009,0.3000,0.000000,0.000000,asymmetric,12
229.800000,1149,200,-1.9427,-1.6009,0.3000,0.000000,0.000000,asymmetric,12
230.000000,1150,201,-1.9427,-1.6009,0.3000,0.000000,0.000000,asymmetric,12
230.200000,1151,202,-1.9427,-1.6009,0.3000,0.000000,0.000000,asymmetric,12
230.400000,1152,203,-1.9427,-1.6009,0.3000,0.000000,0.000000,asymmetric,12
230.600000,1153,204,-1.9427,-1.6009,0.3000,0.000000,0.000000,asymmetric,12
230.800000,1154,205,-1.9427,-1.6009,0.3000,0.000000,0.000000,asymmetric,12
231.000000,1155,206,-1.9427,-1.6009,0.3000,0.000000,0.000000,asymmetric,12
231.200000,1156,207,-1.9427,-1.6009,0.3000,0.000000,0.000000,asymmetric,12
231.400000,1157,208,-1.9427,-1.6009,0.3000,0.000000,0.000000,asymmetric,12
231.600000,1158,209,-1.9427,-1.6009,0.3000,0.000000,0.000000,asymmetric,12
231.800000,1159,210,-1.9427,-1.6009,0.3000,0.000000,0.000000,asymmetric,12
232.000000,1160,211,-1.9427,-1.6009,0.3000,0.000000,0.000000,asymmetric,12
232.200000,1161,212,-1.9427,-1.6009,0.3000,0.000000,0.000000,asymmetric,12
232.400000,1162,213,-1.9427,-1.6009,0.3000,0.000000,0.000000,asymmetric,12
232.600000,1163,214,-1.9427,-1.6009,0.3000,0.000000,0.000000,asymmetric,12
232.800000,1164,215,-1.9427,-1.6009,0.3000,0.000000,0.000000,asymmetric,12
233.000000,1165,216,-1.9427,-1.6009,0.3000,0.000000,0.000000,asymmetric,12
233.200000,1166,217,-1.9427,-1.6009,0.3000,0.000000,0.000000,asymmetric,12
233.400000,1167,218,-1.9427,-1.6009,0.3000,0.000000,0.000000,asymmetric,12
233.600000,1168,219,-1.9427,-1.6009,0.3000,0.000000,0.000000,asymmetric,12
233.800000,1169,220,-1.9427,-1.6009,0.3000,0.000000,0.000000,asymmetric,12
234.000000,1170,221,-1.9427,-1.6009,0.3000,0.000000,0.000000,asymmetric,12
234.200000,1171,222,-1.9427,-1.6009,0.3000,0.000000,0.000000,asymmetric,12
234.400000,1172,223,-1.9427,-1.6009,0.3000,0.000000,0.000000,asymmetric,12
234.600000,1173,224,-1.9427,-1.6009,0.3000,0.000000,0.000000,asymmetric,12
234.800000,1174,225,-1.9427,-1.6009,0.3000,0.000000,0.000000,asymmetric,12
235.000000,1175,226,-1.9427,-1.6009,0.3000,0.000000,0.000000,asymmetric,12
235.200000,1176,227,-1.9427,-1.6009,0.3000,0.000000,0.000000,asymmetric,12
235.400000,1177,228,-1.9427,-1.6009,0.3000,0.000000,0.000000,asymmetric,12
235.600000,1178,229,-1.9427,-1.6009,0.3000,0.000000,0.000000,asymmetric,12
235.800000,1179,230,-1.9427,-1.6009,0.3000,0.000000,0.000000,asymmetric,12
236.000000,1180,231,-1.9427,-1.6009,0.3000,0.000000,0.000000,asymmetric,12
236.200000,1181,232,-1.9427,-1.6009,0.3000,0.000000,0.000000,asymmetric,12
236.400000,1182,233,-1.9427,-1.6009,0.3000,0.000000,0.000000,asymmetric,12
236.600000,1183,234,-1.9427,-1.6009,0.3000,0.000000,0.000000,asymmetric,12
236.800000,1184,235,-1.9427,-1.6009,0.3000,0.000000,0.000000,asymmetric,12
237.000000,1185,236,-1.9427,-1.6009,0.3000,0.000000,0.000000,asymmetric,12
237.200000,1186,237,-1.9427,-1.6009,0.3000,0.000000,0.000000,asymmetric,12
237.400000,1187,238,-1.9427,-1.6009,0.3000,0.000000,0.000000,asymmetric,12
237.600000,1188,239,-1.9427,-1.6009,0.3000,0.000000,0.000000,asymmetric,12
237.800000,1189,240,-1.9427,-1.6009,0.3000,0.000000,0.000000,asymmetric,12
238.000000,1190,241,-1.9427,-1.6009,0.3000,0.000000,0.000000,asymmetric,12
238.200000,1191,242,-1.9427,-1.6009,0.3000,0.000000,0.000000,asymmetric,12
238.400000,1192,243,-1.9427,-1.6009,0.3000,0.000000,0.000000,asymmetric,12
238.600000,1193,244,-1.9427,-1.6009,0.3000,0.000000,0.000000,asymmetric,12
238.800000,1194,245,-1.9427,-1.6009,0.3000,0.000000,0.000000,asymmetric,12
239.000000,1195,246,-1.9427,-1.6009,0.3000,0.000000,0.000000,asymmetric,12
239.200000,1196,247,-1.9427,-1.6009,0.3000,0.000000,0.000000,asymmetric,12
239.400000,1197,248,-1.9427,-1.6009,0.3000,0.000000,0.000000,asymmetric,12
239.600000,1198,249,-1.9427,-1.6009,0.3000,0.000000,0.000000,asymmetric,12
239.800000,1199,250,-1.9427,-1.6009,0.3000,0.000000,0.000000,asymmetric,12
240.000000,1200,251,-1.9427,-1.6009,0.3000,0.000000,0.000000,asymmetric,12
240.200000,1201,252,-1.9427,-1.6009,0.3000,0.000000,0.000000,asymmetric,12
240.400000,1202,253,-1.9427,-1.6009,0.3000,0.000000,0.000000,asymmetric,12
240.600000,1203,254,-1.9427,-1.6009,0.3000,0.000000,0.000000,asymmetric,12
240.800000,1204,255,-1.9427,-1.6009,0.3000,0.000000,0.000000,asymmetric,12
241.000000,1205,256,-1.9427,-1.6009,0.3000,0.000000,0.000000,asymmetric,12
241.200000,1206,257,-1.9427,-1.6009,0.3000,0.000000,0.000000,asymmetric,12
241.400000,1207,258,-1.9427,-1.6009,0.3000,0.000000,0.000000,asymmetric,12
241.600000,1208,259,-1.9427,-1.6009,0.3000,0.000000,0.000000,asymmetric,12
241.800000,1209,260,-1.9427,-1.6009,0.3000,0.000000,0.000000,asymmetric,12
242.000000,1210,261,-1.9427,-1.6009,0.3000,0.000000,0.000000,asymmetric,12
242.200000,1211,262,-1.9427,-1.6009,0.3000,0.000000,0.000000,asymmetric,12
242.400000,1212,263,-1.9427,-1.6009,0.3000,0.000000,0.000000,asymmetric,12
242.600000,1213,264,-1.9427,-1.6009,0.3000,0.000000,0.000000,asymmetric,12
242.800000,1214,265,-1.9427,-1.6009,0.3000,0.000000,0.000000,asymmetric,12
243.000000,1215,266,-1.9427,-1.6009,0.3000,0.000000,0.000000,asymmetric,12
243.200000,1216,267,-2.2427,-1.6009,0.3000,0.000000,0.000000,asymmetric,12
243.400000,1217,268,-2.5427,-1.6009,0.3000,0.000000,0.000000,asymmetric,12
243.600000,1218,269,-2.5427,-1.6009,0.3000,0.000000,0.000000,asymmetric,12
243.800000,1219,270,-2.5427,-1.6009,0.3000,0.000000,0.000000,asymmetric,12
244.000000,1220,271,-2.5427,-1.6009,0.3000,0.000000,0.000000,asymmetric,12
244.200000,1221,272,-2.5427,-1.6009,0.3000,0.000000,0.000000,asymmetric,12
244.400000,1222,273,-2.5427,-1.6009,0.3000,0.000000,0.000000,asymmetric,12
244.600000,1223,274,-2.5427,-1.6009,0.3000,0.000000,0.000000,asymmetric,12
244.800000,1224,275,-2.5427,-1.6009,0.3000,0.000000,0.000000,asymmetric,12
245.000000,1225,276,-2.5427,-1.6009,0.3000,0.000000,0.000000,asymmetric,12
245.200000,1226,277,-2.5427,-1.6009,0.3000,0.000000,0.000000,asymmetric,12
245.400000,1227,278,-2.5427,-1.6009,0.3000,0.000000,0.000000,asymmetric,12
245.600000,1228,279,-2.5427,-1.6009,0.3000,0.000000,0.000000,asymmetric,12
245.800000,1229,280,-2.5427,-1.6009,0.3000,0.000000,0.000000,asymmetric,12
246.000000,1230,281,-2.5427,-1.6009,0.3000,0.000000,0.000000,asymmetric,12
246.200000,1231,282,-2.5427,-1.6009,0.3000,0.000000,0.000000,asymmetric,12
246.400000,1232,283,-2.5427,-1.6009,0.3000,0.000000,0.000000,asymmetric,12
246.600000,1233,284,-2.5427,-1.6009,0.3000,0.000000,0.000000,asymmetric,12
246.800000,1234,285,-2.5427,-1.6009,0.3000,0.000000,0.000000,asymmetric,12
247.000000,1235,286,-2.5427,-1.6009,0.3000,0.000000,0.000000,asymmetric,12
247.200000,1236,287,-2.5427,-1.6009,0.3000,0.000000,0.000000,asymmetric,12
247.400000,1237,288,-2.5427,-1.6009,0.3000,0.000000,0.000000,asymmetric,12
247.600000,1238,289,-2.5427,-1.6009,0.3000,0.000000,0.000000,asymmetric,12
247.800000,1239,290,-2.5427,-1.6009,0.3000,0.000000,0.000000,asymmetric,12
248.000000,1240,291,-2.5427,-1.6009,0.3000,0.000000,0.000000,asymmetric,12
248.200000,1241,292,-2.5427,-1.6009,0.3000,0.000000,0.000000,asymmetric,12
248.400000,1242,293,-2.5427,-1.6009,0.3000,0.000000,0.000000,asymmetric,12
248.600000,1243,294,-2.5427,-1.6009,0.3000,0.000000,0.000000,asymmetric,12
248.800000,1244,295,-2.5427,-1.6009,0.3000,0.000000,0.000000,asymmetric,12
249.000000,1245,296,-2.5427,-1.6009,0.3000,0.000000,0.000000,asymmetric,12
249.200000,1246,297,-2.5427,-1.6009,0.3000,0.000000,0.000000,asymmetric,12
249.400000,1247,298,-2.5427,-1.6009,0.3000,0.000000,0.000000,asymmetric,12
249.600000,1248,299,-2.5427,-1.6009,0.3000,0.000000,0.000000,asymmetric,12
249.800000,1249,300,-2.5427,-1.6009,0.3000,0.000000,0.000000,asymmetric,12
250.000000,1250,301,-2.5427,-1.6009,0.3000,0.000000,0.000000,asymmetric,12
250.200000,1251,302,-2.5427,-1.6009,0.3000,0.000000,0.000000,asymmetric,12
250.400000,1252,303,-2.5427,-1.6009,0.3000,0.000000,0.000000,asymmetric,12
250.600000,1253,304,-2.5427,-1.6009,0.3000,0.000000,0.000000,asymmetric,12
250.800000,1254,305,-2.5427,-1.6009,0.3000,0.000000,0.000000,asymmetric,12
251.000000,1255,306,-2.5427,-1.6009,0.3000,0.000000,0.000000,asymmetric,12
251.200000,1256,307,-2.5427,-1.6009,0.3000,0.000000,0.000000,asymmetric,12
251.400000,1257,308,-2.5427,-1.6009,0.3000,0.000000,0.000000,asymmetric,12
251.600000,1258,309,-2.5427,-1.6009,0.3000,0.000000,0.000000,asymmetric,12
251.800000,1259,310,-2.5427,-1.6009,0.3000,0.000000,0.000000,asymmetric,12
252.000000,1260,311,-2.5427,-1.6009,0.3000,0.000000,0.000000,asymmetric,12
252.200000,1261,312,-2.5427,-1.6009,0.3000,0.000000,0.000000,asymmetric,12
252.400000,1262,313,-2.5427,-1.6009,0.3000,0.000000,0.000000,asymmetric,12
252.600000,1263,314,-2.5427,-1.6009,0.3000,0.000000,0.000000,asymmetric,12
252.800000,1264,315,-2.5427,-1.6009,0.3000,0.000000,0.000000,asymmetric,12
253.000000,1265,316,-2.5427,-1.6009,0.3000,0.000000,0.000000,asymmetric,12
253.200000,1266,317,-2.5427,-1.6009,0.3000,0.000000,0.000000,asymmetric,12
253.400000,1267,318,-2.5427,-1.6009,0.3000,0.000000,0.000000,asymmetric,12
253.600000,1268,319,-2.5427,-1.6009,0.3000,0.000000,0.000000,asymmetric,12
253.800000,1269,320,-2.5427,-1.6009,0.3000,0.000000,0.000000,asymmetric,12
254.000000,1270,321,-2.5427,-1.6009,0.3000,0.000000,0.000000,asymmetric,12
254.200000,1271,322,-2.5427,-1.6009,0.3000,0.000000,0.000000,asymmetric,12
254.400000,1272,323,-2.5427,-1.6009,0.3000,0.000000,0.000000,asymmetric,12
254.600000,1273,324,-2.5427,-1.6009,0.3000,0.000000,0.000000,asymmetric,12
254.800000,1274,325,-2.5427,-1.6009,0.3000,0.000000,0.000000,asymmetric,12
255.000000,1275,326,-2.5427,-1.6009,0.3000,0.000000,0.000000,asymmetric,12
255.200000,1276,327,-2.5427,-1.6009,0.3000,0.000000,0.000000,asymmetric,12
255.400000,1277,328,-2.5427,-1.6009,0.3000,0.000000,0.000000,asymmetric,12
255.600000,1278,329,-2.5427,-1.6009,0.3000,0.000000,0.000000,asymmetric,12
255.800000,1279,330,-2.5427,-1.6009,0.3000,0.000000,0.000000,asymmetric,12
256.000000,1280,331,-2.5427,-1.6009,0.3000,0.000000,0.000000,asymmetric,12
256.200000,1281,332,-2.5427,-1.6009,0.3000,0.000000,0.000000,asymmetric,12
256.400000,1282,333,-2.5427,-1.6009,0.3000,0.000000,0.000000,asymmetric,12
256.600000,1283,334,-2.5427,-1.6009,0.3000,0.000000,0.000000,asymmetric,12
256.800000,1284,335,-2.5427,-1.6009,0.3000,0.000000,0.000000,asymmetric,12
257.000000,1285,336,-2.5427,-1.6009,0.3000,0.000000,0.000000,asymmetric,12
257.200000,1286,337,-2.5427,-1.6009,0.3000,0.000000,0.000000,asymmetric,12
257.400000,1287,338,-2.5427,-1.6009,0.3000,0.000000,0.000000,asymmetric,12
257.600000,1288,339,-2.5427,-1.6009,0.3000,0.000000,0.000000,asymmetric,12
257.800000,1289,340,-2.5427,-1.6009,0.3000,0.000000,0.000000,asymmetric,12
258.000000,1290,341,-2.5427,-1.6009,0.3000,0.000000,0.000000,asymmetric,12
258.200000,1291,342,-2.5427,-1.6009,0.3000,0.000000,0.000000,asymmetric,12
258.400000,1292,343,-2.5427,-1.6009,0.3000,0.000000,0.000000,asymmetric,12
258.600000,1293,344,-2.5427,-1.6009,0.3000,0.000000,0.000000,asymmetric,12
258.800000,1294,345,-2.5427,-1.6009,0.3000,0.000000,0.000000,asymmetric,12
259.000000,1295,346,-2.5427,-1.6009,0.3000,0.000000,0.000000,asymmetric,12
259.200000,1296,347,-2.5427,-1.6009,0.3000,0.000000,0.000000,asymmetric,12
259.400000,1297,348,-2.5427,-1.6009,0.3000,0.000000,0.000000,asymmetric,12
259.600000,1298,349,-2.5427,-1.6009,0.3000,0.000000,0.000000,asymmetric,12
259.800000,1299,350,-2.5427,-1.6009,0.3000,0.000000,0.000000,asymmetric,12
260.000000,1300,351,-2.5427,-1.6009,0.3000,0.000000,0.000000,asymmetric,12
260.200000,1301,352,-2.5427,-1.6009,0.3000,0.000000,0.000000,asymmetric,12
260.400000,1302,353,-2.5427,-1.6009,0.3000,0.000000,0.000000,asymmetric,12
260.600000,1303,354,-2.5427,-1.6009,0.3000,0.000000,0.000000,asymmetric,12
260.800000,1304,355,-2.5427,-1.6009,0.3000,0.000000,0.000000,asymmetric,12
261.000000,1305,356,-2.5427,-1.6009,0.3000,0.000000,0.000000,asymmetric,12
261.200000,1306,357,-2.5427,-1.6009,0.3000,0.000000,0.000000,asymmetric,12
261.400000,1307,358,-2.5427,-1.6009,0.3000,0.000000,0.000000,asymmetric,12
261.600000,1308,359,-2.5427,-1.6009,0.3000,0.000000,0.000000,asymmetric,12
261.800000,1309,360,-2.5427,-1.6009,0.3000,0.000000,0.000000,asymmetric,12
262.000000,1310,361,-2.5427,-1.6009,0.3000,0.000000,0.000000,asymmetric,12
262.200000,1311,362,-2.5427,-1.6009,0.3000,0.000000,0.000000,asymmetric,12
262.400000,1312,363,-2.5427,-1.6009,0.3000,0.000000,0.000000,asymmetric,12
262.600000,1313,364,-2.5427,-1.6009,0.3000,0.000000,0.000000,asymmetric,12
262.800000,1314,365,-2.5427,-1.6009,0.3000,0.000000,0.000000,asymmetric,12
263.000000,1315,366,-2.5427,-1.6009,0.3000,0.000000,0.000000,asymmetric,12
263.200000,1316,367,-2.5427,-1.6009,0.3000,0.000000,0.000000,asymmetric,12
263.400000,1317,368,-2.5427,-1.6009,0.3000,0.000000,0.000000,asymmetric,12
263.600000,1318,369,-2.5427,-1.6009,0.3000,0.000798,0.000000,asymmetric,12
263.800000,1319,370,-2.5427,-1.6009,0.3000,0.000000,0.000000,asymmetric,12
264.000000,1320,371,-2.5427,-1.6009,0.3000,0.000000,0.000123,asymmetric,12
264.200000,1321,372,-2.5427,-1.6009,0.3000,0.000000,0.000104,asymmetric,12
264.400000,1322,373,-2.5427,-1.6009,0.3000,0.000000,0.000088,asymmetric,12
264.600000,1323,374,-2.5427,-1.6009,0.3000,0.000000,0.000074,asymmetric,12
264.800000,1324,375,-2.5427,-1.6009,0.3000,0.000000,0.000063,asymmetric,12
265.000000,1325,376,-2.5427,-1.6009,0.3000,0.000000,0.000053,asymmetric,12
265.200000,1326,377,-2.5427,-1.6009,0.3000,0.000000,0.000045,asymmetric,12
265.400000,1327,378,-2.5427,-1.6009,0.3000,0.000000,0.000038,asymmetric,12
265.600000,1328,379,-2.5427,-1.6009,0.3000,0.000000,0.000032,asymmetric,12
265.800000,1329,380,-2.5427,-1.6009,0.3000,0.000000,0.000027,asymmetric,12
266.000000,1330,381,-2.5427,-1.6009,0.3000,0.000000,0.000023,asymmetric,12
266.200000,1331,382,-2.5427,-1.6009,0.3000,0.000981,0.000020,asymmetric,12
266.400000,1332,383,-2.5427,-1.6009,0.3000,0.001065,0.000017,asymmetric,12
266.600000,1333,384,-2.5427,-1.6009,0.3000,0.000850,0.000165,asymmetric,12
266.800000,1334,385,-2.5427,-1.6009,0.3000,0.000000,0.000303,asymmetric,12
267.000000,1335,386,-2.5427,-1.6009,0.3000,0.000000,0.000387,asymmetric,12
267.200000,1336,387,-2.5427,-1.6009,0.3000,0.000000,0.000327,asymmetric,12
267.400000,1337,388,-2.5427,-1.6009,0.3000,0.000000,0.000277,asymmetric,12
267.600000,1338,389,-2.5427,-1.6009,0.3000,0.000000,0.000235,asymmetric,12
267.800000,1339,390,-2.5427,-1.6009,0.3000,0.000000,0.000199,asymmetric,12
268.000000,1340,391,-2.5427,-1.6009,0.3000,0.000000,0.000168,asymmetric,12
268.200000,1341,392,-2.5427,-1.6009,0.3000,0.000000,0.000142,asymmetric,12
268.400000,1342,393,-2.5427,-1.6009,0.3000,0.000000,0.000120,asymmetric,12
268.600000,1343,394,-2.5427,-1.6009,0.3000,0.000000,0.000102,asymmetric,12
268.800000,1344,395,-2.5427,-1.6009,0.3000,0.000000,0.000086,asymmetric,12
269.000000,1345,396,-2.5427,-1.6009,0.3000,0.000749,0.000073,asymmetric,12
269.200000,1346,397,-2.5427,-1.6009,0.3000,0.001014,0.000062,asymmetric,12
269.400000,1347,398,-2.5427,-1.6009,0.3000,0.001121,0.000167,asymmetric,12
269.600000,1348,399,-2.5427,-1.6009,0.3000,0.001125,0.000297,asymmetric,12
269.800000,1349,400,-2.5427,-1.6009,0.3000,0.000000,0.000424,asymmetric,12
270.000000,1350,401,-2.5427,-1.6009,0.3000,0.000000,0.000531,asymmetric,12
270.200000,1351,402,-2.5427,-1.6009,0.3000,0.000000,0.000450,asymmetric,12
270.400000,1352,403,-2.5427,-1.6009,0.3000,0.000829,0.000381,asymmetric,12
270.600000,1353,404,-2.5427,-1.6009,0.3000,0.001534,0.000322,asymmetric,12
270.800000,1354,405,-2.5427,-1.6009,0.3000,0.001657,0.000400,asymmetric,12
271.000000,1355,406,-2.5427,-1.6009,0.3000,0.000000,0.000574,asymmetric,12
271.200000,1356,407,-2.5427,-1.6009,0.3000,0.000000,0.000741,asymmetric,12
271.400000,1357,408,-2.5427,-1.6009,0.3000,0.000000,0.000627,asymmetric,12
271.600000,1358,409,-2.5427,-1.6009,0.3000,0.000000,0.000531,asymmetric,12
271.800000,1359,410,-2.5427,-1.6009,0.3000,0.000000,0.000449,asymmetric,12
272.000000,1360,411,-2.5427,-1.6009,0.3000,0.000000,0.000380,asymmetric,12
272.200000,1361,412,-2.5427,-1.6009,0.3000,0.000000,0.000322,asymmetric,12
272.400000,1362,413,-2.5427,-1.6009,0.3000,0.000000,0.000272,asymmetric,12
272.600000,1363,414,-2.5427,-1.6009,0.3000,0.000000,0.000231,asymmetric,12
272.800000,1364,415,-2.5427,-1.6009,0.3000,0.000000,0.000195,asymmetric,12
273.000000,1365,416,-2.5427,-1.6009,0.3000,0.000000,0.000165,asymmetric,12
273.200000,1366,417,-2.5427,-1.6009,0.3000,0.000000,0.000140,asymmetric,12
273.400000,1367,418,-2.5427,-1.6009,0.3000,0.000000,0.000118,asymmetric,12
273.600000,1368,419,-2.5427,-1.6009,0.3000,0.000000,0.000100,asymmetric,12
273.800000,1369,420,-2.5427,-1.6009,0.3000,0.000000,0.000085,asymmetric,12
274.000000,1370,421,-2.5427,-1.6009,0.3000,0.000000,0.000072,asymmetric,12
274.200000,1371,422,-2.5427,-1.6009,0.3000,0.000000,0.000061,asymmetric,12
274.400000,1372,423,-2.5427,-1.6009,0.3000,0.000000,0.000051,asymmetric,12
274.600000,1373,424,-2.5427,-1.6009,0.3000,0.000000,0.000044,asymmetric,12
274.800000,1374,425,-2.5427,-1.6009,0.3000,0.000000,0.000037,asymmetric,12
275.000000,1375,426,-2.5427,-1.6009,0.3000,0.000000,0.000031,asymmetric,12
